stamp_sec,stamp_nsec,robot,x,y
1776743724,619999207,robot_4,-1.750,1.250
1776743724,620057367,robot_1,-0.250,3.500
1776743724,620084655,robot_3,1.250,-0.250
1776743724,620107949,robot_0,3.500,-3.250
1776743724,620131920,robot_2,-3.250,-1.750
1776743725,763435644,robot_4,-1.750,1.250
1776743725,763477187,robot_1,-0.250,3.500
1776743725,763498101,robot_3,1.250,-0.250
1776743725,763515575,robot_0,3.500,-3.250
1776743725,763532141,robot_2,-3.250,-1.750
1776743725,980544172,robot_4,-1.711,1.250
1776743725,980562760,robot_1,-0.223,3.500
1776743725,980569676,robot_3,1.288,-0.250
1776743725,980575123,robot_0,3.533,-3.250
1776743725,980580077,robot_2,-3.208,-1.750
1776743726,181354218,robot_4,-1.656,1.250
1776743726,181378213,robot_1,-0.178,3.500
1776743726,181389266,robot_3,1.342,-0.252
1776743726,181397805,robot_0,3.580,-3.250
1776743726,181406105,robot_2,-3.151,-1.750
1776743726,381968058,robot_4,-1.616,1.249
1776743726,381986746,robot_1,-0.138,3.500
1776743726,381994545,robot_3,1.381,-0.254
1776743726,382000812,robot_0,3.620,-3.250
1776743726,382006526,robot_2,-3.112,-1.750
1776743726,600519514,robot_4,-1.551,1.248
1776743726,600536961,robot_1,-0.099,3.500
1776743726,600543351,robot_3,1.409,-0.256
1776743726,600548859,robot_0,3.678,-3.250
1776743726,600554195,robot_2,-3.079,-1.750
1776743726,801899854,robot_4,-1.503,1.248
1776743726,801927936,robot_1,-0.066,3.500
1776743726,801939602,robot_3,1.442,-0.258
1776743726,801948497,robot_0,3.724,-3.250
1776743726,801956966,robot_2,-3.042,-1.750
1776743727,21776532,robot_4,-1.455,1.247
1776743727,21801453,robot_1,-0.022,3.500
1776743727,21809268,robot_3,1.490,-0.261
1776743727,21815788,robot_0,3.771,-3.250
1776743727,21821313,robot_2,-3.001,-1.750
1776743727,242663527,robot_4,-1.387,1.246
1776743727,242693577,robot_1,0.025,3.500
1776743727,242719422,robot_3,1.555,-0.266
1776743727,242729731,robot_0,3.852,-3.250
1776743727,242738972,robot_2,-2.966,-1.749
1776743727,460184814,robot_4,-1.338,1.246
1776743727,460203278,robot_1,0.073,3.499
1776743727,460211566,robot_3,1.603,-0.269
1776743727,460216997,robot_0,3.909,-3.250
1776743727,460222295,robot_2,-2.924,-1.748
1776743727,661312685,robot_4,-1.300,1.245
1776743727,661338802,robot_1,0.113,3.497
1776743727,661350433,robot_3,1.650,-0.272
1776743727,661359635,robot_0,3.958,-3.250
1776743727,661368262,robot_2,-2.887,-1.747
1776743727,861455604,robot_4,-1.264,1.245
1776743727,861474758,robot_1,0.149,3.496
1776743727,861481852,robot_3,1.708,-0.276
1776743727,861487560,robot_0,4.033,-3.250
1776743727,861500431,robot_2,-2.854,-1.745
1776743728,80344186,robot_4,-1.220,1.244
1776743728,80362387,robot_1,0.190,3.497
1776743728,80369181,robot_3,1.754,-0.279
1776743728,80374482,robot_0,4.087,-3.250
1776743728,80379817,robot_2,-2.810,-1.744
1776743728,281083634,robot_4,-1.189,1.243
1776743728,281104892,robot_1,0.230,3.498
1776743728,281112262,robot_3,1.804,-0.282
1776743728,281118044,robot_0,4.132,-3.250
1776743728,281123541,robot_2,-2.759,-1.742
1776743728,481403733,robot_4,-1.166,1.242
1776743728,481427678,robot_1,0.255,3.499
1776743728,481437472,robot_3,1.864,-0.286
1776743728,481445157,robot_0,4.182,-3.250
1776743728,481453145,robot_2,-2.700,-1.740
1776743728,682143463,robot_4,-1.127,1.240
1776743728,682167667,robot_1,0.287,3.501
1776743728,682178432,robot_3,1.905,-0.289
1776743728,682187014,robot_0,4.223,-3.250
1776743728,682195338,robot_2,-2.659,-1.738
1776743728,900766181,robot_4,-1.068,1.236
1776743728,900784357,robot_1,0.330,3.502
1776743728,900791446,robot_3,1.965,-0.293
1776743728,900797880,robot_0,4.278,-3.250
1776743728,900803220,robot_2,-2.615,-1.737
1776743729,101875507,robot_4,-1.000,1.233
1776743729,101917333,robot_1,0.368,3.504
1776743729,101927580,robot_3,2.035,-0.297
1776743729,101945676,robot_0,4.341,-3.250
1776743729,101955061,robot_2,-2.575,-1.735
1776743729,322924469,robot_4,-0.955,1.230
1776743729,322959904,robot_1,0.411,3.505
1776743729,322975928,robot_3,2.080,-0.300
1776743729,322988283,robot_0,4.385,-3.250
1776743729,322999929,robot_2,-2.531,-1.734
1776743729,543481555,robot_4,-0.920,1.228
1776743729,543501719,robot_1,0.454,3.507
1776743729,543510786,robot_3,2.112,-0.302
1776743729,543517677,robot_0,4.430,-3.250
1776743729,543524379,robot_2,-2.471,-1.732
1776743729,743843467,robot_4,-0.887,1.225
1776743729,743884259,robot_1,0.491,3.509
1776743729,743902057,robot_3,2.141,-0.303
1776743729,743915970,robot_0,4.470,-3.250
1776743729,743930231,robot_2,-2.419,-1.730
1776743729,960083847,robot_4,-0.844,1.220
1776743729,960101729,robot_1,0.535,3.510
1776743729,960108658,robot_3,2.185,-0.302
1776743729,960114865,robot_0,4.514,-3.250
1776743729,960120851,robot_2,-2.375,-1.728
1776743730,161742617,robot_4,-0.793,1.213
1776743730,161770779,robot_1,0.570,3.512
1776743730,161783987,robot_3,2.248,-0.300
1776743730,161794053,robot_0,4.554,-3.250
1776743730,161803548,robot_2,-2.309,-1.726
1776743730,380533140,robot_4,-0.741,1.207
1776743730,380551246,robot_1,0.597,3.512
1776743730,380559987,robot_3,2.311,-0.299
1776743730,380565891,robot_0,4.586,-3.248
1776743730,380571359,robot_2,-2.247,-1.724
1776743730,581033339,robot_4,-0.701,1.203
1776743730,581051650,robot_1,0.636,3.511
1776743730,581058473,robot_3,2.351,-0.298
1776743730,581063518,robot_0,4.586,-3.249
1776743730,581068966,robot_2,-2.206,-1.722
1776743730,781137001,robot_4,-0.642,1.196
1776743730,781158589,robot_1,0.680,3.511
1776743730,781166548,robot_3,2.419,-0.297
1776743730,781172099,robot_0,4.586,-3.248
1776743730,781177838,robot_2,-2.153,-1.720
1776743731,598856,robot_4,-0.588,1.190
1776743731,618148,robot_1,0.731,3.511
1776743731,626116,robot_3,2.480,-0.295
1776743731,632191,robot_0,4.586,-3.248
1776743731,638540,robot_2,-2.103,-1.718
1776743731,200645685,robot_4,-0.547,1.186
1776743731,200663119,robot_1,0.771,3.513
1776743731,200669853,robot_3,2.520,-0.294
1776743731,200675525,robot_0,4.586,-3.248
1776743731,200680582,robot_2,-2.065,-1.717
1776743731,401201451,robot_4,-0.491,1.180
1776743731,401221947,robot_1,0.812,3.515
1776743731,401229150,robot_3,2.563,-0.293
1776743731,401234319,robot_0,4.586,-3.247
1776743731,401239235,robot_2,-2.033,-1.716
1776743731,601758070,robot_4,-0.445,1.178
1776743731,601785325,robot_1,0.854,3.517
1776743731,601795487,robot_3,2.603,-0.293
1776743731,601803246,robot_0,4.587,-3.247
1776743731,601810682,robot_2,-1.995,-1.717
1776743731,820476881,robot_4,-0.398,1.177
1776743731,820497659,robot_1,0.898,3.519
1776743731,820504926,robot_3,2.651,-0.292
1776743731,820510466,robot_0,4.587,-3.247
1776743731,820515648,robot_2,-1.946,-1.719
1776743732,20738970,robot_4,-0.343,1.176
1776743732,20756439,robot_1,0.928,3.521
1776743732,20763362,robot_3,2.720,-0.291
1776743732,20769050,robot_0,4.587,-3.247
1776743732,20774333,robot_2,-1.879,-1.721
1776743732,221049055,robot_4,-0.299,1.174
1776743732,221066976,robot_1,0.954,3.522
1776743732,221074299,robot_3,2.773,-0.292
1776743732,221079527,robot_0,4.588,-3.247
1776743732,221084855,robot_2,-1.830,-1.722
1776743732,422256163,robot_4,-0.258,1.174
1776743732,422293566,robot_1,0.994,3.524
1776743732,422311512,robot_3,2.810,-0.293
1776743732,422326497,robot_0,4.588,-3.247
1776743732,422340691,robot_2,-1.792,-1.724
1776743732,623040262,robot_4,-0.215,1.173
1776743732,623075606,robot_1,1.050,3.527
1776743732,623110603,robot_3,2.834,-0.293
1776743732,623124777,robot_0,4.588,-3.247
1776743732,623138256,robot_2,-1.757,-1.725
1776743732,841350478,robot_4,-0.171,1.174
1776743732,841374171,robot_1,1.120,3.533
1776743732,841384197,robot_3,2.873,-0.292
1776743732,841392243,robot_0,4.588,-3.247
1776743732,841399428,robot_2,-1.714,-1.726
1776743733,61193789,robot_4,-0.117,1.175
1776743733,61210939,robot_1,1.164,3.537
1776743733,61217547,robot_3,2.919,-0.290
1776743733,61223132,robot_0,4.588,-3.247
1776743733,61227867,robot_2,-1.683,-1.727
1776743733,281833695,robot_4,-0.043,1.176
1776743733,281855334,robot_1,1.236,3.544
1776743733,281863306,robot_3,2.967,-0.289
1776743733,281869048,robot_0,4.588,-3.247
1776743733,281874604,robot_2,-1.683,-1.727
1776743733,501675293,robot_4,0.003,1.177
1776743733,501702301,robot_1,1.300,3.551
1776743733,501708272,robot_3,3.011,-0.287
1776743733,501719526,robot_0,4.587,-3.247
1776743733,501724790,robot_2,-1.683,-1.727
1776743733,701733659,robot_4,0.032,1.178
1776743733,701760617,robot_1,1.340,3.555
1776743733,701773738,robot_3,3.040,-0.286
1776743733,701783974,robot_0,4.587,-3.247
1776743733,701793743,robot_2,-1.683,-1.726
1776743733,901860173,robot_4,0.055,1.178
1776743733,901885703,robot_1,1.410,3.562
1776743733,901897776,robot_3,3.063,-0.285
1776743733,901907609,robot_0,4.587,-3.248
1776743733,901916372,robot_2,-1.682,-1.726
1776743734,121316047,robot_4,0.099,1.179
1776743734,121338773,robot_1,1.474,3.569
1776743734,121347852,robot_3,3.107,-0.283
1776743734,121354609,robot_0,4.587,-3.248
1776743734,121360907,robot_2,-1.682,-1.726
1776743734,321766665,robot_4,0.143,1.180
1776743734,321797492,robot_1,1.516,3.575
1776743734,321811335,robot_3,3.155,-0.281
1776743734,321822013,robot_0,4.587,-3.248
1776743734,321833119,robot_2,-1.682,-1.725
1776743734,522016968,robot_4,0.187,1.181
1776743734,522039751,robot_1,1.584,3.583
1776743734,522049065,robot_3,3.203,-0.279
1776743734,522056954,robot_0,4.587,-3.248
1776743734,522064679,robot_2,-1.681,-1.725
1776743734,741737746,robot_4,0.231,1.182
1776743734,741762360,robot_1,1.639,3.590
1776743734,741773174,robot_3,3.247,-0.278
1776743734,741782081,robot_0,4.587,-3.249
1776743734,741799172,robot_2,-1.681,-1.725
1776743734,942047147,robot_4,0.291,1.183
1776743734,942068321,robot_1,1.676,3.595
1776743734,942077675,robot_3,3.299,-0.276
1776743734,942085609,robot_0,4.587,-3.249
1776743734,942092648,robot_2,-1.680,-1.725
1776743735,160681790,robot_4,0.356,1.183
1776743735,160702926,robot_1,1.708,3.599
1776743735,160712351,robot_3,3.354,-0.273
1776743735,160720322,robot_0,4.587,-3.249
1776743735,160727128,robot_2,-1.680,-1.725
1776743735,361323909,robot_4,0.396,1.182
1776743735,361347648,robot_1,1.746,3.604
1776743735,361358682,robot_3,3.394,-0.272
1776743735,361367802,robot_0,4.587,-3.250
1776743735,361376481,robot_2,-1.680,-1.725
1776743735,581593612,robot_4,0.466,1.181
1776743735,581615920,robot_1,1.782,3.608
1776743735,581626495,robot_3,3.466,-0.269
1776743735,581634692,robot_0,4.588,-3.250
1776743735,581643201,robot_2,-1.680,-1.725
1776743735,781637425,robot_4,0.523,1.178
1776743735,781664013,robot_1,1.803,3.611
1776743735,781675007,robot_3,3.524,-0.267
1776743735,781684118,robot_0,4.588,-3.250
1776743735,781693108,robot_2,-1.681,-1.725
1776743736,2152392,robot_4,0.567,1.176
1776743736,2179354,robot_1,1.845,3.618
1776743736,2192369,robot_3,3.570,-0.265
1776743736,2203641,robot_0,4.588,-3.250
1776743736,2214353,robot_2,-1.681,-1.725
1776743736,221137277,robot_4,0.607,1.173
1776743736,221155143,robot_1,1.896,3.627
1776743736,221162420,robot_3,3.634,-0.263
1776743736,221168686,robot_0,4.589,-3.250
1776743736,221174024,robot_2,-1.681,-1.726
1776743736,421888861,robot_4,0.646,1.171
1776743736,421911626,robot_1,1.946,3.635
1776743736,421922974,robot_3,3.680,-0.261
1776743736,421932298,robot_0,4.589,-3.250
1776743736,421941535,robot_2,-1.682,-1.726
1776743736,640410698,robot_4,0.695,1.168
1776743736,640427364,robot_1,1.989,3.642
1776743736,640433718,robot_3,3.730,-0.259
1776743736,640439399,robot_0,4.589,-3.250
1776743736,640444993,robot_2,-1.682,-1.726
1776743736,841148507,robot_4,0.756,1.164
1776743736,841167242,robot_1,2.020,3.648
1776743736,841182903,robot_3,3.792,-0.255
1776743736,841188284,robot_0,4.589,-3.250
1776743736,841193108,robot_2,-1.682,-1.727
1776743737,42880715,robot_4,0.801,1.161
1776743737,42905474,robot_1,2.052,3.653
1776743737,42916682,robot_3,3.837,-0.251
1776743737,42925915,robot_0,4.588,-3.250
1776743737,42934332,robot_2,-1.682,-1.727
1776743737,244394959,robot_4,0.848,1.158
1776743737,244422681,robot_1,2.091,3.660
1776743737,244433071,robot_3,3.881,-0.247
1776743737,244441214,robot_0,4.588,-3.250
1776743737,244449012,robot_2,-1.682,-1.727
1776743737,460593773,robot_4,0.928,1.153
1776743737,460611182,robot_1,2.161,3.671
1776743737,460617754,robot_3,3.943,-0.242
1776743737,460623018,robot_0,4.588,-3.249
1776743737,460628086,robot_2,-1.682,-1.728
1776743737,680838051,robot_4,0.980,1.149
1776743737,680859505,robot_1,2.231,3.683
1776743737,680871616,robot_3,3.989,-0.240
1776743737,680881379,robot_0,4.587,-3.249
1776743737,680889759,robot_2,-1.682,-1.728
1776743737,901893854,robot_4,1.034,1.145
1776743737,901928190,robot_1,2.274,3.690
1776743737,901937419,robot_3,4.024,-0.240
1776743737,901953880,robot_0,4.587,-3.249
1776743737,901961202,robot_2,-1.682,-1.728
1776743738,121415578,robot_4,1.094,1.141
1776743738,121458200,robot_1,2.278,3.691
1776743738,121480459,robot_3,4.055,-0.239
1776743738,121493961,robot_0,4.587,-3.248
1776743738,121506466,robot_2,-1.681,-1.729
1776743738,322088677,robot_4,1.134,1.140
1776743738,322109985,robot_1,2.278,3.691
1776743738,322118473,robot_3,4.095,-0.238
1776743738,322125335,robot_0,4.587,-3.248
1776743738,322131698,robot_2,-1.681,-1.729
1776743738,522840522,robot_4,1.192,1.139
1776743738,522861298,robot_1,2.278,3.691
1776743738,522870366,robot_3,4.137,-0.237
1776743738,522879324,robot_0,4.587,-3.248
1776743738,522886808,robot_2,-1.681,-1.729
1776743738,740982687,robot_4,1.261,1.137
1776743738,741008300,robot_1,2.278,3.690
1776743738,741018523,robot_3,4.183,-0.236
1776743738,741026590,robot_0,4.587,-3.248
1776743738,741033964,robot_2,-1.680,-1.729
1776743738,942092609,robot_4,1.301,1.136
1776743738,942113968,robot_1,2.278,3.690
1776743738,942123336,robot_3,4.223,-0.235
1776743738,942131235,robot_0,4.587,-3.248
1776743738,942138228,robot_2,-1.680,-1.729
1776743739,142353329,robot_4,1.352,1.135
1776743739,142377197,robot_1,2.279,3.690
1776743739,142387292,robot_3,4.277,-0.234
1776743739,142395847,robot_0,4.587,-3.248
1776743739,142403309,robot_2,-1.680,-1.729
1776743739,360540040,robot_4,1.407,1.134
1776743739,360563546,robot_1,2.279,3.690
1776743739,360570356,robot_3,4.334,-0.232
1776743739,360575959,robot_0,4.587,-3.248
1776743739,360580898,robot_2,-1.680,-1.729
1776743739,560907141,robot_4,1.447,1.133
1776743739,560941098,robot_1,2.279,3.690
1776743739,560957174,robot_3,4.374,-0.232
1776743739,560970108,robot_0,4.587,-3.249
1776743739,560981716,robot_2,-1.679,-1.729
1776743739,762214445,robot_4,1.492,1.131
1776743739,762235546,robot_1,2.280,3.690
1776743739,762242425,robot_3,4.441,-0.230
1776743739,762248270,robot_0,4.588,-3.249
1776743739,762253621,robot_2,-1.679,-1.729
1776743739,962515397,robot_4,1.536,1.129
1776743739,962544739,robot_1,2.280,3.690
1776743739,962559371,robot_3,4.505,-0.229
1776743739,962570531,robot_0,4.588,-3.249
1776743739,962581729,robot_2,-1.679,-1.729
1776743740,180948786,robot_4,1.580,1.126
1776743740,180965399,robot_1,2.280,3.690
1776743740,180972474,robot_3,4.549,-0.228
1776743740,180978519,robot_0,4.588,-3.249
1776743740,180983685,robot_2,-1.678,-1.728
1776743740,400283555,robot_4,1.638,1.123
1776743740,400306369,robot_1,2.280,3.690
1776743740,400313733,robot_3,4.592,-0.227
1776743740,400319549,robot_0,4.589,-3.249
1776743740,400324929,robot_2,-1.678,-1.728
1776743740,601391091,robot_4,1.683,1.121
1776743740,601415256,robot_1,2.280,3.690
1776743740,601426148,robot_3,4.612,-0.227
1776743740,601435122,robot_0,4.589,-3.249
1776743740,601443694,robot_2,-1.678,-1.728
1776743740,801404954,robot_4,1.724,1.120
1776743740,801424707,robot_1,2.280,3.690
1776743740,801431751,robot_3,4.612,-0.227
1776743740,801437937,robot_0,4.589,-3.249
1776743740,801442983,robot_2,-1.678,-1.727
1776743741,20548714,robot_4,1.804,1.118
1776743741,20565207,robot_1,2.281,3.691
1776743741,20572475,robot_3,4.612,-0.226
1776743741,20578318,robot_0,4.590,-3.249
1776743741,20583389,robot_2,-1.678,-1.727
1776743741,221780427,robot_4,1.857,1.117
1776743741,221797977,robot_1,2.281,3.691
1776743741,221807278,robot_3,4.612,-0.226
1776743741,221814174,robot_0,4.590,-3.249
1776743741,221821784,robot_2,-1.678,-1.727
1776743741,440398505,robot_4,1.898,1.116
1776743741,440415627,robot_1,2.281,3.691
1776743741,440422457,robot_3,4.613,-0.226
1776743741,440428368,robot_0,4.590,-3.249
1776743741,440433869,robot_2,-1.678,-1.727
1776743741,642026965,robot_4,1.928,1.115
1776743741,642053716,robot_1,2.281,3.691
1776743741,642062369,robot_3,4.613,-0.225
1776743741,642069875,robot_0,4.590,-3.249
1776743741,642076865,robot_2,-1.678,-1.727
1776743741,861615786,robot_4,1.970,1.114
1776743741,861642929,robot_1,2.281,3.692
1776743741,861655122,robot_3,4.613,-0.225
1776743741,861666093,robot_0,4.590,-3.248
1776743741,861676052,robot_2,-1.678,-1.726
1776743742,80507446,robot_4,2.010,1.113
1776743742,80531470,robot_1,2.281,3.692
1776743742,80537549,robot_3,4.614,-0.225
1776743742,80543682,robot_0,4.591,-3.248
1776743742,80548872,robot_2,-1.678,-1.726
1776743742,283236694,robot_4,2.043,1.113
1776743742,283257844,robot_1,2.281,3.692
1776743742,283265088,robot_3,4.614,-0.225
1776743742,283270847,robot_0,4.591,-3.248
1776743742,283275894,robot_2,-1.679,-1.726
1776743742,500242652,robot_4,2.087,1.111
1776743742,500263114,robot_1,2.281,3.693
1776743742,500269856,robot_3,4.615,-0.225
1776743742,500276258,robot_0,4.591,-3.248
1776743742,500287177,robot_2,-1.679,-1.725
1776743742,700810504,robot_4,2.111,1.133
1776743742,700828089,robot_1,2.280,3.693
1776743742,700835300,robot_3,4.615,-0.225
1776743742,700841395,robot_0,4.591,-3.248
1776743742,700846799,robot_2,-1.679,-1.725
1776743742,901653547,robot_4,2.136,1.155
1776743742,901685159,robot_1,2.280,3.693
1776743742,901702069,robot_3,4.615,-0.225
1776743742,901714327,robot_0,4.591,-3.248
1776743742,901725930,robot_2,-1.680,-1.725
1776743743,101631206,robot_4,2.138,1.163
1776743743,101648710,robot_1,2.280,3.693
1776743743,101655642,robot_3,4.615,-0.225
1776743743,101661658,robot_0,4.590,-3.248
1776743743,101667189,robot_2,-1.680,-1.725
1776743743,321816606,robot_4,2.136,1.164
1776743743,321849324,robot_1,2.280,3.693
1776743743,321864921,robot_3,4.614,-0.225
1776743743,321877684,robot_0,4.590,-3.248
1776743743,321889968,robot_2,-1.680,-1.725
1776743743,541357548,robot_4,2.134,1.166
1776743743,541376404,robot_1,2.279,3.693
1776743743,541384337,robot_3,4.614,-0.225
1776743743,541391030,robot_0,4.590,-3.249
1776743743,541397097,robot_2,-1.681,-1.725
1776743743,741924553,robot_4,2.133,1.167
1776743743,741947183,robot_1,2.279,3.693
1776743743,741954157,robot_3,4.613,-0.225
1776743743,741960580,robot_0,4.589,-3.249
1776743743,741966589,robot_2,-1.681,-1.726
1776743743,961349818,robot_4,2.127,1.172
1776743743,961371657,robot_1,2.282,3.672
1776743743,961381085,robot_3,4.613,-0.226
1776743743,961389398,robot_0,4.589,-3.249
1776743743,961396825,robot_2,-1.681,-1.726
1776743744,180507826,robot_4,2.111,1.164
1776743744,180523831,robot_1,2.287,3.638
1776743744,180530850,robot_3,4.613,-0.226
1776743744,180537025,robot_0,4.589,-3.249
1776743744,180542790,robot_2,-1.682,-1.726
1776743744,401303593,robot_4,2.110,1.159
1776743744,401333192,robot_1,2.293,3.595
1776743744,401347363,robot_3,4.613,-0.226
1776743744,401359949,robot_0,4.588,-3.249
1776743744,401371330,robot_2,-1.682,-1.726
1776743744,621828035,robot_4,2.111,1.155
1776743744,621858330,robot_1,2.299,3.556
1776743744,621874292,robot_3,4.613,-0.227
1776743744,621887734,robot_0,4.588,-3.249
1776743744,621899822,robot_2,-1.682,-1.727
1776743744,841693677,robot_4,2.111,1.151
1776743744,841714870,robot_1,2.305,3.514
1776743744,841722930,robot_3,4.613,-0.227
1776743744,841729812,robot_0,4.588,-3.249
1776743744,841736360,robot_2,-1.682,-1.727
1776743745,61819343,robot_4,2.111,1.151
1776743745,61844840,robot_1,2.311,3.476
1776743745,61857011,robot_3,4.613,-0.228
1776743745,61867057,robot_0,4.588,-3.249
1776743745,61877072,robot_2,-1.682,-1.727
1776743745,281357413,robot_4,2.112,1.152
1776743745,281376111,robot_1,2.315,3.452
1776743745,281382444,robot_3,4.613,-0.228
1776743745,281388038,robot_0,4.588,-3.249
1776743745,281393644,robot_2,-1.682,-1.727
1776743745,501512399,robot_4,2.112,1.155
1776743745,501534335,robot_1,2.321,3.410
1776743745,501544853,robot_3,4.613,-0.228
1776743745,501552879,robot_0,4.589,-3.249
1776743745,501560505,robot_2,-1.682,-1.726
1776743745,701516815,robot_4,2.112,1.158
1776743745,701537756,robot_1,2.329,3.359
1776743745,701547299,robot_3,4.614,-0.229
1776743745,701554876,robot_0,4.589,-3.249
1776743745,701561680,robot_2,-1.681,-1.726
1776743745,921599047,robot_4,2.108,1.161
1776743745,921626155,robot_1,2.339,3.294
1776743745,921643312,robot_3,4.614,-0.229
1776743745,921656589,robot_0,4.589,-3.248
1776743745,921667470,robot_2,-1.681,-1.726
1776743746,141406468,robot_4,2.106,1.164
1776743746,141426929,robot_1,2.345,3.250
1776743746,141435149,robot_3,4.614,-0.229
1776743746,141441863,robot_0,4.590,-3.248
1776743746,141447547,robot_2,-1.681,-1.726
1776743746,361469980,robot_4,2.104,1.166
1776743746,361496814,robot_1,2.355,3.187
1776743746,361508805,robot_3,4.615,-0.229
1776743746,361518107,robot_0,4.590,-3.248
1776743746,361526424,robot_2,-1.680,-1.726
1776743746,582021982,robot_4,2.102,1.167
1776743746,582043710,robot_1,2.366,3.125
1776743746,582053581,robot_3,4.615,-0.229
1776743746,582061937,robot_0,4.590,-3.248
1776743746,582070531,robot_2,-1.680,-1.726
1776743746,782163206,robot_4,2.100,1.168
1776743746,782183685,robot_1,2.374,3.086
1776743746,782190559,robot_3,4.615,-0.229
1776743746,782196329,robot_0,4.590,-3.247
1776743746,782201826,robot_2,-1.679,-1.726
1776743747,1576615,robot_4,2.098,1.168
1776743747,1600436,robot_1,2.387,3.017
1776743747,1612440,robot_3,4.614,-0.229
1776743747,1622850,robot_0,4.590,-3.247
1776743747,1631986,robot_2,-1.679,-1.726
1776743747,222338272,robot_4,2.097,1.168
1776743747,222371303,robot_1,2.399,2.961
1776743747,222416995,robot_3,4.614,-0.229
1776743747,222430797,robot_0,4.590,-3.247
1776743747,222443418,robot_2,-1.679,-1.726
1776743747,422907994,robot_4,2.097,1.167
1776743747,422942615,robot_1,2.407,2.919
1776743747,422959668,robot_3,4.613,-0.228
1776743747,422974433,robot_0,4.590,-3.246
1776743747,422988078,robot_2,-1.679,-1.726
1776743747,640659642,robot_4,2.097,1.167
1776743747,640683758,robot_1,2.419,2.856
1776743747,640692306,robot_3,4.613,-0.228
1776743747,640699947,robot_0,4.589,-3.246
1776743747,640705683,robot_2,-1.679,-1.726
1776743747,842298415,robot_4,2.097,1.167
1776743747,842325311,robot_1,2.428,2.812
1776743747,842337253,robot_3,4.613,-0.227
1776743747,842347219,robot_0,4.589,-3.246
1776743747,842356851,robot_2,-1.679,-1.726
1776743748,42648320,robot_4,2.098,1.166
1776743748,42675775,robot_1,2.437,2.767
1776743748,42690560,robot_3,4.613,-0.227
1776743748,42704182,robot_0,4.589,-3.246
1776743748,42716795,robot_2,-1.678,-1.726
1776743748,244266559,robot_4,2.098,1.166
1776743748,244304546,robot_1,2.451,2.699
1776743748,244317945,robot_3,4.613,-0.227
1776743748,244329880,robot_0,4.589,-3.245
1776743748,244340020,robot_2,-1.678,-1.726
1776743748,460582270,robot_4,2.098,1.166
1776743748,460601240,robot_1,2.461,2.648
1776743748,460607608,robot_3,4.613,-0.226
1776743748,460612944,robot_0,4.588,-3.245
1776743748,460617758,robot_2,-1.678,-1.727
1776743748,660640426,robot_4,2.099,1.166
1776743748,660658161,robot_1,2.470,2.602
1776743748,660665949,robot_3,4.613,-0.226
1776743748,660671771,robot_0,4.577,-3.283
1776743748,660677321,robot_2,-1.678,-1.727
1776743748,860742314,robot_4,2.099,1.165
1776743748,860761553,robot_1,2.482,2.543
1776743748,860768054,robot_3,4.613,-0.226
1776743748,860773755,robot_0,4.561,-3.337
1776743748,860778846,robot_2,-1.678,-1.728
1776743749,61925852,robot_4,2.099,1.165
1776743749,61943795,robot_1,2.490,2.500
1776743749,61950931,robot_3,4.613,-0.226
1776743749,61956660,robot_0,4.549,-3.376
1776743749,61961833,robot_2,-1.678,-1.728
1776743749,262870131,robot_4,2.098,1.166
1776743749,262892226,robot_1,2.500,2.452
1776743749,262900962,robot_3,4.613,-0.227
1776743749,262906997,robot_0,4.531,-3.438
1776743749,262912684,robot_2,-1.678,-1.728
1776743749,480359255,robot_4,2.098,1.166
1776743749,480376655,robot_1,2.515,2.374
1776743749,480383666,robot_3,4.613,-0.227
1776743749,480389417,robot_0,4.512,-3.504
1776743749,480394846,robot_2,-1.678,-1.728
1776743749,680961896,robot_4,2.098,1.166
1776743749,680979416,robot_1,2.524,2.331
1776743749,680987104,robot_3,4.613,-0.227
1776743749,680993008,robot_0,4.502,-3.543
1776743749,680998814,robot_2,-1.703,-1.720
1776743749,881180771,robot_4,2.098,1.167
1776743749,881199396,robot_1,2.533,2.286
1776743749,881207505,robot_3,4.614,-0.228
1776743749,881213708,robot_0,4.494,-3.573
1776743749,881220220,robot_2,-1.735,-1.708
1776743750,102109987,robot_4,2.097,1.167
1776743750,102134260,robot_1,2.544,2.229
1776743750,102145457,robot_3,4.614,-0.228
1776743750,102155163,robot_0,4.484,-3.610
1776743750,102164446,robot_2,-1.778,-1.691
1776743750,320599075,robot_4,2.097,1.168
1776743750,320618387,robot_1,2.553,2.186
1776743750,320625284,robot_3,4.614,-0.228
1776743750,320630929,robot_0,4.472,-3.654
1776743750,320635821,robot_2,-1.833,-1.670
1776743750,522544623,robot_4,2.097,1.168
1776743750,522561010,robot_1,2.556,2.167
1776743750,522568082,robot_3,4.615,-0.228
1776743750,522574008,robot_0,4.460,-3.697
1776743750,522579267,robot_2,-1.873,-1.655
1776743750,742161211,robot_4,2.097,1.169
1776743750,742185872,robot_1,2.556,2.167
1776743750,742195719,robot_3,4.615,-0.228
1776743750,742203799,robot_0,4.449,-3.741
1776743750,742210613,robot_2,-1.911,-1.640
1776743750,960581194,robot_4,2.098,1.169
1776743750,960600163,robot_1,2.557,2.167
1776743750,960607728,robot_3,4.615,-0.228
1776743750,960614842,robot_0,4.436,-3.791
1776743750,960621722,robot_2,-1.945,-1.628
1776743751,161935204,robot_4,2.098,1.169
1776743751,161959592,robot_1,2.557,2.167
1776743751,161970776,robot_3,4.616,-0.228
1776743751,161981269,robot_0,4.421,-3.853
1776743751,161990618,robot_2,-1.982,-1.613
1776743751,381730294,robot_4,2.097,1.169
1776743751,381760765,robot_1,2.558,2.166
1776743751,381775653,robot_3,4.616,-0.228
1776743751,381786439,robot_0,4.409,-3.900
1776743751,381797373,robot_2,-2.015,-1.601
1776743751,582552236,robot_4,2.097,1.169
1776743751,582573720,robot_1,2.558,2.166
1776743751,582584218,robot_3,4.616,-0.228
1776743751,582592279,robot_0,4.397,-3.944
1776743751,582599430,robot_2,-2.038,-1.592
1776743751,800413696,robot_4,2.097,1.168
1776743751,800434310,robot_1,2.558,2.166
1776743751,800441671,robot_3,4.617,-0.228
1776743751,800447320,robot_0,4.385,-3.999
1776743751,800452826,robot_2,-2.079,-1.576
1776743752,1369496,robot_4,2.098,1.168
1776743752,1392482,robot_1,2.558,2.166
1776743752,1403178,robot_3,4.617,-0.227
1776743752,1412203,robot_0,4.377,-4.038
1776743752,1431874,robot_2,-2.113,-1.563
1776743752,221008396,robot_4,2.098,1.167
1776743752,221028249,robot_1,2.558,2.165
1776743752,221036893,robot_3,4.617,-0.227
1776743752,221043726,robot_0,4.366,-4.098
1776743752,221050195,robot_2,-2.148,-1.548
1776743752,421603944,robot_4,2.098,1.167
1776743752,421625738,robot_1,2.559,2.165
1776743752,421635390,robot_3,4.617,-0.227
1776743752,421643617,robot_0,4.354,-4.162
1776743752,421651049,robot_2,-2.184,-1.530
1776743752,640882857,robot_4,2.098,1.167
1776743752,640901779,robot_1,2.559,2.165
1776743752,640909335,robot_3,4.617,-0.227
1776743752,640915911,robot_0,4.346,-4.206
1776743752,640922198,robot_2,-2.245,-1.501
1776743752,841408740,robot_4,2.099,1.166
1776743752,841438948,robot_1,2.559,2.165
1776743752,841446977,robot_3,4.617,-0.227
1776743752,841453546,robot_0,4.334,-4.266
1776743752,841460063,robot_2,-2.302,-1.473
1776743753,61403246,robot_4,2.099,1.166
1776743753,61419527,robot_1,2.558,2.165
1776743753,61426094,robot_3,4.617,-0.228
1776743753,61432043,robot_0,4.321,-4.336
1776743753,61437802,robot_2,-2.342,-1.454
1776743753,261662933,robot_4,2.100,1.166
1776743753,261686968,robot_1,2.558,2.165
1776743753,261696046,robot_3,4.616,-0.228
1776743753,261704126,robot_0,4.320,-4.341
1776743753,261712086,robot_2,-2.367,-1.441
1776743753,461869873,robot_4,2.100,1.166
1776743753,461901808,robot_1,2.558,2.166
1776743753,461917326,robot_3,4.616,-0.228
1776743753,461929142,robot_0,4.320,-4.341
1776743753,461941093,robot_2,-2.397,-1.428
1776743753,661992704,robot_4,2.100,1.166
1776743753,662014349,robot_1,2.558,2.166
1776743753,662023771,robot_3,4.615,-0.228
1776743753,662031797,robot_0,4.321,-4.341
1776743753,662038831,robot_2,-2.434,-1.412
1776743753,880174792,robot_4,2.101,1.166
1776743753,880191205,robot_1,2.557,2.166
1776743753,880198237,robot_3,4.615,-0.228
1776743753,880204206,robot_0,4.321,-4.341
1776743753,880209600,robot_2,-2.463,-1.400
1776743754,80204688,robot_4,2.101,1.167
1776743754,80219531,robot_1,2.557,2.166
1776743754,80226517,robot_3,4.615,-0.228
1776743754,80232068,robot_0,4.321,-4.342
1776743754,80237638,robot_2,-2.496,-1.387
1776743754,280925915,robot_4,2.101,1.167
1776743754,280946306,robot_1,2.557,2.166
1776743754,280953174,robot_3,4.614,-0.228
1776743754,280958687,robot_0,4.321,-4.342
1776743754,280963798,robot_2,-2.533,-1.373
1776743754,501328642,robot_4,2.102,1.167
1776743754,501362874,robot_1,2.556,2.166
1776743754,501375672,robot_3,4.614,-0.228
1776743754,501385382,robot_0,4.322,-4.342
1776743754,501395081,robot_2,-2.568,-1.360
1776743754,701564282,robot_4,2.102,1.167
1776743754,701594414,robot_1,2.556,2.166
1776743754,701609298,robot_3,4.620,-0.217
1776743754,701622239,robot_0,4.322,-4.343
1776743754,701634667,robot_2,-2.604,-1.346
1776743754,901986743,robot_4,2.102,1.168
1776743754,902011040,robot_1,2.556,2.166
1776743754,902022079,robot_3,4.631,-0.199
1776743754,902031563,robot_0,4.322,-4.343
1776743754,902041059,robot_2,-2.643,-1.331
1776743755,121769209,robot_4,2.102,1.168
1776743755,121799799,robot_1,2.556,2.165
1776743755,121816071,robot_3,4.653,-0.160
1776743755,121828226,robot_0,4.321,-4.343
1776743755,121839698,robot_2,-2.703,-1.309
1776743755,342270382,robot_4,2.102,1.168
1776743755,342300171,robot_1,2.555,2.165
1776743755,342311596,robot_3,4.680,-0.103
1776743755,342322033,robot_0,4.321,-4.343
1776743755,342330986,robot_2,-2.748,-1.292
1776743755,561443062,robot_4,2.102,1.169
1776743755,561467338,robot_1,2.555,2.165
1776743755,561478163,robot_3,4.677,-0.020
1776743755,561486981,robot_0,4.321,-4.343
1776743755,561495454,robot_2,-2.790,-1.277
1776743755,780973889,robot_4,2.102,1.169
1776743755,780994434,robot_1,2.555,2.165
1776743755,781001451,robot_3,4.668,-0.008
1776743755,781007292,robot_0,4.321,-4.343
1776743755,781012761,robot_2,-2.833,-1.261
1776743755,981137185,robot_4,2.102,1.169
1776743755,981154715,robot_1,2.555,2.164
1776743755,981162083,robot_3,4.664,-0.004
1776743755,981167659,robot_0,4.321,-4.343
1776743755,981173614,robot_2,-2.871,-1.247
1776743756,181242191,robot_4,2.102,1.170
1776743756,181262614,robot_1,2.555,2.164
1776743756,181272257,robot_3,4.663,-0.003
1776743756,181282803,robot_0,4.321,-4.342
1776743756,181290740,robot_2,-2.916,-1.231
1776743756,401492085,robot_4,2.101,1.170
1776743756,401516615,robot_1,2.555,2.164
1776743756,401527983,robot_3,4.663,-0.003
1776743756,401537155,robot_0,4.321,-4.342
1776743756,401546548,robot_2,-2.973,-1.210
1776743756,623072251,robot_4,2.101,1.170
1776743756,623102577,robot_1,2.555,2.164
1776743756,623118231,robot_3,4.663,-0.002
1776743756,623131564,robot_0,4.321,-4.342
1776743756,623144138,robot_2,-3.014,-1.195
1776743756,842431173,robot_4,2.101,1.171
1776743756,842454648,robot_1,2.555,2.164
1776743756,842464276,robot_3,4.663,-0.002
1776743756,842472301,robot_0,4.320,-4.342
1776743756,842479717,robot_2,-3.072,-1.174
1776743757,62027157,robot_4,2.101,1.171
1776743757,62053702,robot_1,2.555,2.165
1776743757,62065723,robot_3,4.663,-0.001
1776743757,62076311,robot_0,4.320,-4.341
1776743757,62086238,robot_2,-3.128,-1.156
1776743757,262398578,robot_4,2.100,1.171
1776743757,262419660,robot_1,2.555,2.165
1776743757,262428069,robot_3,4.663,-0.001
1776743757,262435377,robot_0,4.320,-4.341
1776743757,262442335,robot_2,-3.166,-1.145
1776743757,480755983,robot_4,2.100,1.171
1776743757,480780754,robot_1,2.556,2.165
1776743757,480790041,robot_3,4.663,-0.001
1776743757,480797976,robot_0,4.319,-4.341
1776743757,480805509,robot_2,-3.223,-1.128
1776743757,701292899,robot_4,2.099,1.171
1776743757,701323552,robot_1,2.556,2.166
1776743757,701339382,robot_3,4.663,-0.000
1776743757,701349732,robot_0,4.319,-4.342
1776743757,701359807,robot_2,-3.271,-1.113
1776743757,901919984,robot_4,2.099,1.171
1776743757,901948003,robot_1,2.556,2.166
1776743757,901961394,robot_3,4.663,-0.000
1776743757,901973194,robot_0,4.319,-4.342
1776743757,901983027,robot_2,-3.311,-1.101
1776743758,102259672,robot_4,2.099,1.171
1776743758,102285816,robot_1,2.557,2.166
1776743758,102297203,robot_3,4.663,-0.001
1776743758,102306556,robot_0,4.319,-4.342
1776743758,102315575,robot_2,-3.362,-1.086
1776743758,320956133,robot_4,2.098,1.170
1776743758,320976212,robot_1,2.557,2.166
1776743758,320983247,robot_3,4.663,-0.001
1776743758,320989874,robot_0,4.318,-4.342
1776743758,320995938,robot_2,-3.409,-1.072
1776743758,522150956,robot_4,2.098,1.170
1776743758,522173831,robot_1,2.557,2.166
1776743758,522183206,robot_3,4.663,-0.001
1776743758,522191202,robot_0,4.318,-4.342
1776743758,522198693,robot_2,-3.447,-1.060
1776743758,742701310,robot_4,2.098,1.170
1776743758,742740827,robot_1,2.557,2.166
1776743758,742756104,robot_3,4.663,-0.002
1776743758,742769541,robot_0,4.318,-4.343
1776743758,742782725,robot_2,-3.486,-1.049
1776743758,960293789,robot_4,2.098,1.169
1776743758,960311315,robot_1,2.557,2.166
1776743758,960318746,robot_3,4.663,-0.002
1776743758,960324837,robot_0,4.318,-4.343
1776743758,960330373,robot_2,-3.528,-1.036
1776743759,161535384,robot_4,2.097,1.169
1776743759,161558819,robot_1,2.557,2.166
1776743759,161570147,robot_3,4.664,-0.003
1776743759,161578616,robot_0,4.318,-4.343
1776743759,161586701,robot_2,-3.561,-1.026
1776743759,363136363,robot_4,2.097,1.168
1776743759,363163626,robot_1,2.556,2.165
1776743759,363177635,robot_3,4.664,-0.003
1776743759,363189889,robot_0,4.318,-4.343
1776743759,363201278,robot_2,-3.586,-1.018
1776743759,581779260,robot_4,2.098,1.168
1776743759,581801533,robot_1,2.556,2.165
1776743759,581811216,robot_3,4.664,-0.003
1776743759,581819915,robot_0,4.318,-4.342
1776743759,581827896,robot_2,-3.628,-1.006
1776743759,801734352,robot_4,2.098,1.167
1776743759,801769942,robot_1,2.556,2.165
1776743759,801786280,robot_3,4.664,-0.003
1776743759,801796756,robot_0,4.319,-4.342
1776743759,801806549,robot_2,-3.674,-0.992
1776743760,22647513,robot_4,2.098,1.167
1776743760,22679984,robot_1,2.556,2.164
1776743760,22696093,robot_3,4.665,-0.004
1776743760,22708232,robot_0,4.319,-4.342
1776743760,22720205,robot_2,-3.721,-0.978
1776743760,240687421,robot_4,2.098,1.167
1776743760,240706773,robot_1,2.556,2.164
1776743760,240713518,robot_3,4.665,-0.004
1776743760,240719231,robot_0,4.319,-4.342
1776743760,240724582,robot_2,-3.764,-0.966
1776743760,441561888,robot_4,2.099,1.166
1776743760,441588156,robot_1,2.556,2.164
1776743760,441600821,robot_3,4.666,-0.004
1776743760,441611172,robot_0,4.320,-4.342
1776743760,441621131,robot_2,-3.796,-0.956
1776743760,661644090,robot_4,2.099,1.166
1776743760,661669369,robot_1,2.556,2.163
1776743760,661680919,robot_3,4.666,-0.003
1776743760,661690357,robot_0,4.320,-4.342
1776743760,661698974,robot_2,-3.834,-0.945
1776743760,880686324,robot_4,2.099,1.166
1776743760,880702248,robot_1,2.556,2.163
1776743760,880708741,robot_3,4.667,-0.003
1776743760,880714610,robot_0,4.321,-4.342
1776743760,880719461,robot_2,-3.877,-0.933
1776743761,81097907,robot_4,2.099,1.167
1776743761,81114782,robot_1,2.556,2.163
1776743761,81121262,robot_3,4.665,-0.005
1776743761,81126842,robot_0,4.321,-4.342
1776743761,81132085,robot_2,-3.934,-0.916
1776743761,300711325,robot_4,2.098,1.167
1776743761,300732786,robot_1,2.557,2.163
1776743761,300739891,robot_3,4.663,-0.007
1776743761,300745908,robot_0,4.321,-4.342
1776743761,300751638,robot_2,-3.985,-0.901
1776743761,501888632,robot_4,2.098,1.167
1776743761,501918566,robot_1,2.557,2.162
1776743761,501934088,robot_3,4.664,-0.007
1776743761,501946489,robot_0,4.321,-4.342
1776743761,501958902,robot_2,-4.025,-0.889
1776743761,722700620,robot_4,2.098,1.168
1776743761,722724152,robot_1,2.557,2.162
1776743761,722733804,robot_3,4.665,-0.008
1776743761,722741740,robot_0,4.320,-4.342
1776743761,722749739,robot_2,-4.076,-0.874
1776743761,942270879,robot_4,2.098,1.168
1776743761,942305447,robot_1,2.557,2.162
1776743761,942317442,robot_3,4.666,-0.008
1776743761,942327317,robot_0,4.320,-4.342
1776743761,942336809,robot_2,-4.120,-0.862
1776743762,161502898,robot_4,2.098,1.169
1776743762,161526619,robot_1,2.558,2.162
1776743762,161536044,robot_3,4.668,-0.008
1776743762,161544318,robot_0,4.320,-4.342
1776743762,161552400,robot_2,-4.160,-0.850
1776743762,362213147,robot_4,2.098,1.169
1776743762,362246734,robot_1,2.558,2.162
1776743762,362260438,robot_3,4.669,-0.007
1776743762,362273720,robot_0,4.319,-4.342
1776743762,362283366,robot_2,-4.193,-0.841
1776743762,581970058,robot_4,2.098,1.170
1776743762,582002139,robot_1,2.558,2.162
1776743762,582017682,robot_3,4.670,-0.007
1776743762,582030561,robot_0,4.319,-4.343
1776743762,582042496,robot_2,-4.235,-0.829
1776743762,801724575,robot_4,2.098,1.170
1776743762,801745625,robot_1,2.557,2.162
1776743762,801754288,robot_3,4.671,-0.006
1776743762,801762522,robot_0,4.319,-4.343
1776743762,801769435,robot_2,-4.283,-0.815
1776743763,1919562,robot_4,2.098,1.170
1776743763,1946077,robot_1,2.557,2.163
1776743763,1958200,robot_3,4.664,-0.002
1776743763,1968660,robot_0,4.319,-4.343
1776743763,1978901,robot_2,-4.327,-0.803
1776743763,220597337,robot_4,2.098,1.170
1776743763,220614981,robot_1,2.557,2.163
1776743763,220622011,robot_3,4.664,0.002
1776743763,220635641,robot_0,4.319,-4.343
1776743763,220641210,robot_2,-4.330,-0.802
1776743763,422367620,robot_4,2.098,1.169
1776743763,422396691,robot_1,2.556,2.163
1776743763,422410295,robot_3,4.664,0.003
1776743763,422421285,robot_0,4.319,-4.344
1776743763,422432053,robot_2,-4.330,-0.802
1776743763,642684494,robot_4,2.098,1.169
1776743763,642714813,robot_1,2.556,2.164
1776743763,642726771,robot_3,4.664,0.003
1776743763,642736142,robot_0,4.319,-4.344
1776743763,642744970,robot_2,-4.330,-0.803
1776743763,861170501,robot_4,2.098,1.169
1776743763,861188263,robot_1,2.556,2.164
1776743763,861195393,robot_3,4.665,0.004
1776743763,861200314,robot_0,4.319,-4.344
1776743763,861205481,robot_2,-4.331,-0.803
1776743764,62437454,robot_4,2.098,1.168
1776743764,62464050,robot_1,2.556,2.164
1776743764,62475936,robot_3,4.665,0.005
1776743764,62486402,robot_0,4.319,-4.345
1776743764,62496246,robot_2,-4.331,-0.803
1776743764,280877807,robot_4,2.099,1.168
1776743764,280897592,robot_1,2.556,2.165
1776743764,280904920,robot_3,4.664,0.005
1776743764,280911280,robot_0,4.319,-4.345
1776743764,280917174,robot_2,-4.332,-0.803
1776743764,501694843,robot_4,2.099,1.167
1776743764,501719654,robot_1,2.577,2.162
1776743764,501731821,robot_3,4.664,0.005
1776743764,501743771,robot_0,4.319,-4.345
1776743764,501750408,robot_2,-4.332,-0.803
1776743764,701881808,robot_4,2.099,1.167
1776743764,701899974,robot_1,2.608,2.158
1776743764,701907713,robot_3,4.663,0.005
1776743764,701914914,robot_0,4.320,-4.345
1776743764,701921918,robot_2,-4.332,-0.803
1776743764,901993991,robot_4,2.100,1.167
1776743764,902019220,robot_1,2.648,2.152
1776743764,902030117,robot_3,4.663,0.005
1776743764,902039602,robot_0,4.320,-4.345
1776743764,902048594,robot_2,-4.333,-0.803
1776743765,120893996,robot_4,2.100,1.167
1776743765,120911637,robot_1,2.719,2.142
1776743765,120918181,robot_3,4.663,0.004
1776743765,120923576,robot_0,4.320,-4.345
1776743765,120929152,robot_2,-4.333,-0.803
1776743765,321903962,robot_4,2.100,1.167
1776743765,321923172,robot_1,2.759,2.161
1776743765,321930065,robot_3,4.662,0.004
1776743765,321935438,robot_0,4.319,-4.345
1776743765,321940674,robot_2,-4.333,-0.803
1776743765,523484942,robot_4,2.101,1.167
1776743765,523523396,robot_1,2.790,2.184
1776743765,523546769,robot_3,4.662,0.004
1776743765,523565735,robot_0,4.319,-4.345
1776743765,523583796,robot_2,-4.333,-0.803
1776743765,740729404,robot_4,2.101,1.167
1776743765,740751451,robot_1,2.794,2.191
1776743765,740758968,robot_3,4.662,0.003
1776743765,740764623,robot_0,4.319,-4.344
1776743765,740770113,robot_2,-4.333,-0.803
1776743765,960162069,robot_4,2.102,1.167
1776743765,960177795,robot_1,2.796,2.191
1776743765,960184273,robot_3,4.662,0.003
1776743765,960189859,robot_0,4.319,-4.344
1776743765,960194941,robot_2,-4.332,-0.803
1776743766,161983424,robot_4,2.102,1.167
1776743766,162012227,robot_1,2.798,2.190
1776743766,162025073,robot_3,4.662,0.002
1776743766,162036424,robot_0,4.319,-4.344
1776743766,162046683,robot_2,-4.332,-0.803
1776743766,382252301,robot_4,2.102,1.168
1776743766,382273922,robot_1,2.790,2.205
1776743766,382285918,robot_3,4.662,0.002
1776743766,382293710,robot_0,4.319,-4.343
1776743766,382300140,robot_2,-4.332,-0.803
1776743766,602325267,robot_4,2.101,1.169
1776743766,602349214,robot_1,2.776,2.214
1776743766,602360293,robot_3,4.662,0.001
1776743766,602369973,robot_0,4.319,-4.343
1776743766,602379282,robot_2,-4.331,-0.803
1776743766,820723851,robot_4,2.081,1.185
1776743766,820745578,robot_1,2.761,2.210
1776743766,820753685,robot_3,4.662,0.001
1776743766,820760641,robot_0,4.319,-4.343
1776743766,820766818,robot_2,-4.331,-0.802
1776743767,22696800,robot_4,2.054,1.207
1776743767,22737728,robot_1,2.759,2.208
1776743767,22759738,robot_3,4.663,0.001
1776743767,22779160,robot_0,4.319,-4.342
1776743767,22797596,robot_2,-4.331,-0.802
1776743767,241103251,robot_4,2.020,1.235
1776743767,241129182,robot_1,2.760,2.206
1776743767,241137185,robot_3,4.663,0.000
1776743767,241143324,robot_0,4.319,-4.342
1776743767,241148906,robot_2,-4.331,-0.802
1776743767,460129680,robot_4,1.989,1.260
1776743767,460144576,robot_1,2.760,2.204
1776743767,460150840,robot_3,4.663,0.000
1776743767,460156686,robot_0,4.319,-4.343
1776743767,460161705,robot_2,-4.331,-0.801
1776743767,661534713,robot_4,1.958,1.286
1776743767,661560414,robot_1,2.760,2.204
1776743767,661573517,robot_3,4.663,0.000
1776743767,661584286,robot_0,4.319,-4.343
1776743767,661594259,robot_2,-4.331,-0.801
1776743767,880547524,robot_4,1.916,1.320
1776743767,880563506,robot_1,2.761,2.205
1776743767,880570954,robot_3,4.663,0.001
1776743767,880576433,robot_0,4.319,-4.343
1776743767,880581882,robot_2,-4.331,-0.800
1776743768,81575108,robot_4,1.868,1.358
1776743768,81593223,robot_1,2.761,2.206
1776743768,81600477,robot_3,4.662,0.001
1776743768,81606790,robot_0,4.319,-4.344
1776743768,81613443,robot_2,-4.331,-0.800
1776743768,301542775,robot_4,1.833,1.385
1776743768,301565121,robot_1,2.760,2.208
1776743768,301575016,robot_3,4.662,0.002
1776743768,301583230,robot_0,4.319,-4.344
1776743768,301591482,robot_2,-4.331,-0.800
1776743768,521676858,robot_4,1.806,1.406
1776743768,521709221,robot_1,2.757,2.208
1776743768,521725384,robot_3,4.662,0.002
1776743768,521739086,robot_0,4.320,-4.344
1776743768,521751405,robot_2,-4.332,-0.800
1776743768,722219731,robot_4,1.783,1.423
1776743768,722252518,robot_1,2.756,2.209
1776743768,722269690,robot_3,4.662,0.003
1776743768,722310720,robot_0,4.320,-4.344
1776743768,722360922,robot_2,-4.332,-0.799
1776743768,942073273,robot_4,1.748,1.450
1776743768,942093454,robot_1,2.755,2.209
1776743768,942101875,robot_3,4.662,0.003
1776743768,942108975,robot_0,4.320,-4.345
1776743768,942115347,robot_2,-4.332,-0.799
1776743769,161464975,robot_4,1.711,1.478
1776743769,161487490,robot_1,2.754,2.209
1776743769,161496772,robot_3,4.662,0.004
1776743769,161504762,robot_0,4.320,-4.345
1776743769,161512270,robot_2,-4.332,-0.799
1776743769,361724264,robot_4,1.679,1.502
1776743769,361748601,robot_1,2.754,2.209
1776743769,361758380,robot_3,4.663,0.004
1776743769,361766164,robot_0,4.321,-4.345
1776743769,361773966,robot_2,-4.332,-0.799
1776743769,561917190,robot_4,1.647,1.527
1776743769,561935345,robot_1,2.754,2.209
1776743769,561943017,robot_3,4.663,0.004
1776743769,561949196,robot_0,4.321,-4.345
1776743769,561955846,robot_2,-4.332,-0.800
1776743769,762608460,robot_4,1.609,1.555
1776743769,762636856,robot_1,2.754,2.208
1776743769,762648485,robot_3,4.663,0.004
1776743769,762658825,robot_0,4.321,-4.345
1776743769,762668305,robot_2,-4.331,-0.800
1776743769,981523287,robot_4,1.571,1.585
1776743769,981539276,robot_1,2.754,2.208
1776743769,981545580,robot_3,4.663,0.004
1776743769,981550888,robot_0,4.322,-4.345
1776743769,981556772,robot_2,-4.331,-0.800
1776743770,200676729,robot_4,1.535,1.612
1776743770,200692890,robot_1,2.754,2.208
1776743770,200699938,robot_3,4.663,0.004
1776743770,200705785,robot_0,4.322,-4.345
1776743770,200711407,robot_2,-4.331,-0.801
1776743770,401822795,robot_4,1.498,1.640
1776743770,401851959,robot_1,2.754,2.207
1776743770,401866537,robot_3,4.662,0.003
1776743770,401879024,robot_0,4.322,-4.344
1776743770,401890433,robot_2,-4.331,-0.801
1776743770,621583327,robot_4,1.459,1.666
1776743770,621605215,robot_1,2.754,2.207
1776743770,621615608,robot_3,4.662,0.003
1776743770,621624595,robot_0,4.322,-4.344
1776743770,621633299,robot_2,-4.331,-0.802
1776743770,822508476,robot_4,1.428,1.686
1776743770,822547792,robot_1,2.755,2.207
1776743770,822569076,robot_3,4.663,0.002
1776743770,822587939,robot_0,4.323,-4.344
1776743770,822605769,robot_2,-4.331,-0.802
1776743771,41374109,robot_4,1.406,1.701
1776743771,41396080,robot_1,2.755,2.206
1776743771,41404712,robot_3,4.663,0.002
1776743771,41413426,robot_0,4.323,-4.344
1776743771,41421085,robot_2,-4.331,-0.803
1776743771,242271971,robot_4,1.376,1.721
1776743771,242295156,robot_1,2.755,2.206
1776743771,242302518,robot_3,4.663,0.001
1776743771,242307978,robot_0,4.322,-4.344
1776743771,242312887,robot_2,-4.331,-0.803
1776743771,460634719,robot_4,1.332,1.749
1776743771,460649439,robot_1,2.756,2.206
1776743771,460655725,robot_3,4.663,0.001
1776743771,460661449,robot_0,4.322,-4.344
1776743771,460667030,robot_2,-4.331,-0.803
1776743771,681349036,robot_4,1.275,1.787
1776743771,681363645,robot_1,2.756,2.206
1776743771,681370328,robot_3,4.664,0.001
1776743771,681375803,robot_0,4.322,-4.345
1776743771,681380771,robot_2,-4.331,-0.802
1776743771,881379021,robot_4,1.240,1.809
1776743771,881394666,robot_1,2.756,2.206
1776743771,881401332,robot_3,4.664,0.001
1776743771,881407016,robot_0,4.321,-4.345
1776743771,881412339,robot_2,-4.331,-0.802
1776743772,101350981,robot_4,1.204,1.833
1776743772,101375877,robot_1,2.757,2.206
1776743772,101387695,robot_3,4.665,0.001
1776743772,101397905,robot_0,4.321,-4.345
1776743772,101406539,robot_2,-4.331,-0.802
1776743772,302838224,robot_4,1.172,1.854
1776743772,302861215,robot_1,2.756,2.206
1776743772,302870133,robot_3,4.665,0.001
1776743772,302877596,robot_0,4.321,-4.345
1776743772,302884327,robot_2,-4.331,-0.801
1776743772,522332250,robot_4,1.135,1.878
1776743772,522361254,robot_1,2.756,2.206
1776743772,522374727,robot_3,4.665,0.001
1776743772,522386235,robot_0,4.320,-4.344
1776743772,522396608,robot_2,-4.332,-0.801
1776743772,743104512,robot_4,1.081,1.913
1776743772,743133537,robot_1,2.757,2.206
1776743772,743143991,robot_3,4.666,0.001
1776743772,743153372,robot_0,4.320,-4.344
1776743772,743165705,robot_2,-4.332,-0.800
1776743772,961312564,robot_4,1.027,1.949
1776743772,961327647,robot_1,2.757,2.207
1776743772,961334052,robot_3,4.666,0.001
1776743772,961339917,robot_0,4.320,-4.344
1776743772,961345373,robot_2,-4.332,-0.800
1776743773,162193395,robot_4,0.993,1.971
1776743773,162213216,robot_1,2.757,2.207
1776743773,162222835,robot_3,4.664,-0.001
1776743773,162231084,robot_0,4.320,-4.344
1776743773,162238389,robot_2,-4.332,-0.800
1776743773,380956620,robot_4,0.932,2.011
1776743773,380990659,robot_1,2.757,2.207
1776743773,380999027,robot_3,4.653,0.009
1776743773,381006180,robot_0,4.320,-4.344
1776743773,381013563,robot_2,-4.333,-0.800
1776743773,581004828,robot_4,0.883,2.043
1776743773,581020554,robot_1,2.757,2.208
1776743773,581027588,robot_3,4.625,0.035
1776743773,581033338,robot_0,4.319,-4.344
1776743773,581038799,robot_2,-4.333,-0.800
1776743773,781085777,robot_4,0.850,2.064
1776743773,781105059,robot_1,2.757,2.208
1776743773,781111540,robot_3,4.596,0.063
1776743773,781117109,robot_0,4.319,-4.344
1776743773,781122355,robot_2,-4.334,-0.800
1776743773,981614274,robot_4,0.828,2.079
1776743773,981629797,robot_1,2.757,2.208
1776743773,981636632,robot_3,4.559,0.098
1776743773,981642271,robot_0,4.319,-4.343
1776743773,981647651,robot_2,-4.334,-0.800
1776743774,200173120,robot_4,0.797,2.099
1776743774,200188740,robot_1,2.757,2.208
1776743774,200195149,robot_3,4.509,0.145
1776743774,200200472,robot_0,4.319,-4.343
1776743774,200206272,robot_2,-4.334,-0.800
1776743774,401630816,robot_4,0.762,2.122
1776743774,401651236,robot_1,2.757,2.209
1776743774,401660774,robot_3,4.480,0.173
1776743774,401669322,robot_0,4.319,-4.342
1776743774,401677402,robot_2,-4.335,-0.800
1776743774,620598150,robot_4,0.705,2.160
1776743774,620614929,robot_1,2.757,2.209
1776743774,620621624,robot_3,4.447,0.205
1776743774,620627234,robot_0,4.319,-4.342
1776743774,620632384,robot_2,-4.335,-0.801
1776743774,822325340,robot_4,0.667,2.188
1776743774,822349878,robot_1,2.757,2.209
1776743774,822361117,robot_3,4.416,0.234
1776743774,822369471,robot_0,4.319,-4.342
1776743774,822378534,robot_2,-4.335,-0.801
1776743775,40323560,robot_4,0.631,2.215
1776743775,40339481,robot_1,2.756,2.210
1776743775,40346614,robot_3,4.384,0.264
1776743775,40352442,robot_0,4.319,-4.341
1776743775,40357222,robot_2,-4.335,-0.801
1776743775,240582005,robot_4,0.599,2.240
1776743775,240601782,robot_1,2.756,2.210
1776743775,240608127,robot_3,4.364,0.283
1776743775,240613190,robot_0,4.320,-4.341
1776743775,240618225,robot_2,-4.335,-0.801
1776743775,442491086,robot_4,0.567,2.264
1776743775,442513360,robot_1,2.756,2.210
1776743775,442524005,robot_3,4.342,0.304
1776743775,442532916,robot_0,4.320,-4.341
1776743775,442541270,robot_2,-4.335,-0.801
1776743775,662011980,robot_4,0.524,2.297
1776743775,662034168,robot_1,2.755,2.210
1776743775,662044829,robot_3,4.310,0.334
1776743775,662053078,robot_0,4.320,-4.341
1776743775,662060957,robot_2,-4.334,-0.800
1776743775,862042082,robot_4,0.471,2.339
1776743775,862064594,robot_1,2.755,2.210
1776743775,862073539,robot_3,4.288,0.355
1776743775,862081386,robot_0,4.320,-4.341
1776743775,862089379,robot_2,-4.334,-0.800
1776743776,82239623,robot_4,0.434,2.370
1776743776,82260792,robot_1,2.754,2.210
1776743776,82270833,robot_3,4.260,0.383
1776743776,82286032,robot_0,4.319,-4.342
1776743776,82294396,robot_2,-4.334,-0.800
1776743776,282500375,robot_4,0.393,2.404
1776743776,282519469,robot_1,2.754,2.210
1776743776,282526598,robot_3,4.232,0.411
1776743776,282532550,robot_0,4.319,-4.342
1776743776,282537600,robot_2,-4.333,-0.800
1776743776,501494857,robot_4,0.335,2.454
1776743776,501525189,robot_1,2.754,2.210
1776743776,501537536,robot_3,4.177,0.466
1776743776,501547707,robot_0,4.319,-4.342
1776743776,501558718,robot_2,-4.333,-0.800
1776743776,701657211,robot_4,0.304,2.480
1776743776,701673785,robot_1,2.753,2.209
1776743776,701681701,robot_3,4.136,0.507
1776743776,701688064,robot_0,4.320,-4.343
1776743776,701694140,robot_2,-4.332,-0.800
1776743776,921317190,robot_4,0.254,2.522
1776743776,921380338,robot_1,2.753,2.209
1776743776,921396545,robot_3,4.102,0.539
1776743776,921402972,robot_0,4.320,-4.343
1776743776,921408922,robot_2,-4.332,-0.801
1776743777,122542719,robot_4,0.199,2.568
1776743777,122570785,robot_1,2.753,2.209
1776743777,122584892,robot_3,4.065,0.574
1776743777,122597265,robot_0,4.320,-4.343
1776743777,122608924,robot_2,-4.335,-0.805
1776743777,340316484,robot_4,0.165,2.597
1776743777,340335247,robot_1,2.753,2.208
1776743777,340341661,robot_3,4.030,0.606
1776743777,340347291,robot_0,4.320,-4.343
1776743777,340352876,robot_2,-4.377,-0.857
1776743777,542164667,robot_4,0.131,2.625
1776743777,542185917,robot_1,2.753,2.208
1776743777,542195630,robot_3,3.996,0.634
1776743777,542209923,robot_0,4.320,-4.344
1776743777,542215549,robot_2,-4.408,-0.893
1776743777,762747251,robot_4,0.096,2.655
1776743777,762769591,robot_1,2.753,2.209
1776743777,762777163,robot_3,3.950,0.673
1776743777,762785149,robot_0,4.321,-4.344
1776743777,762792052,robot_2,-4.441,-0.930
1776743777,981069130,robot_4,0.062,2.683
1776743777,981084647,robot_1,2.753,2.209
1776743777,981091609,robot_3,3.937,0.684
1776743777,981096679,robot_0,4.321,-4.344
1776743777,981101912,robot_2,-4.477,-0.972
1776743778,181750592,robot_4,0.038,2.704
1776743778,181766362,robot_1,2.754,2.209
1776743778,181773129,robot_3,3.937,0.684
1776743778,181779011,robot_0,4.321,-4.344
1776743778,181784461,robot_2,-4.482,-0.978
1776743778,382590921,robot_4,0.010,2.727
1776743778,382612497,robot_1,2.754,2.210
1776743778,382623286,robot_3,3.936,0.684
1776743778,382633352,robot_0,4.322,-4.344
1776743778,382642496,robot_2,-4.482,-0.978
1776743778,600439627,robot_4,-0.025,2.757
1776743778,600569172,robot_1,2.755,2.210
1776743778,600587407,robot_3,3.936,0.684
1776743778,600600674,robot_0,4.322,-4.344
1776743778,600612436,robot_2,-4.482,-0.978
1776743778,801674911,robot_4,-0.074,2.798
1776743778,801700163,robot_1,2.755,2.210
1776743778,801711611,robot_3,3.936,0.684
1776743778,801722731,robot_0,4.322,-4.343
1776743778,801729584,robot_2,-4.482,-0.979
1776743779,2041778,robot_4,-0.112,2.830
1776743779,2063792,robot_1,2.755,2.210
1776743779,2073390,robot_3,3.935,0.684
1776743779,2080780,robot_0,4.323,-4.343
1776743779,2088466,robot_2,-4.482,-0.979
1776743779,222146852,robot_4,-0.144,2.857
1776743779,222184322,robot_1,2.756,2.210
1776743779,222204382,robot_3,3.935,0.684
1776743779,222221263,robot_0,4.323,-4.343
1776743779,222237233,robot_2,-4.482,-0.980
1776743779,441915588,robot_4,-0.170,2.878
1776743779,441936671,robot_1,2.756,2.210
1776743779,441944722,robot_3,3.934,0.684
1776743779,441951129,robot_0,4.323,-4.343
1776743779,441958095,robot_2,-4.482,-0.980
1776743779,661668818,robot_4,-0.204,2.903
1776743779,661690971,robot_1,2.756,2.209
1776743779,661702146,robot_3,3.934,0.684
1776743779,661711322,robot_0,4.323,-4.343
1776743779,661719748,robot_2,-4.482,-0.980
1776743779,880704871,robot_4,-0.235,2.926
1776743779,880723833,robot_1,2.756,2.210
1776743779,880735039,robot_3,3.933,0.684
1776743779,880742668,robot_0,4.323,-4.342
1776743779,880750183,robot_2,-4.482,-0.981
1776743780,100310994,robot_4,-0.263,2.946
1776743780,100327341,robot_1,2.756,2.210
1776743780,100334384,robot_3,3.933,0.684
1776743780,100340013,robot_0,4.323,-4.342
1776743780,100345647,robot_2,-4.482,-0.981
1776743780,301103180,robot_4,-0.295,2.970
1776743780,301121933,robot_1,2.756,2.210
1776743780,301128843,robot_3,3.933,0.684
1776743780,301134742,robot_0,4.323,-4.342
1776743780,301140357,robot_2,-4.482,-0.981
1776743780,521678336,robot_4,-0.344,3.005
1776743780,521714585,robot_1,2.755,2.210
1776743780,521735038,robot_3,3.934,0.684
1776743780,521751748,robot_0,4.323,-4.341
1776743780,521768214,robot_2,-4.482,-0.981
1776743780,740773291,robot_4,-0.397,3.046
1776743780,740794246,robot_1,2.755,2.209
1776743780,740801351,robot_3,3.934,0.684
1776743780,740807720,robot_0,4.323,-4.341
1776743780,740813150,robot_2,-4.482,-0.981
1776743780,941832454,robot_4,-0.428,3.071
1776743780,941850009,robot_1,2.754,2.209
1776743780,941857091,robot_3,3.935,0.684
1776743780,941862719,robot_0,4.323,-4.341
1776743780,941867768,robot_2,-4.482,-0.981
1776743781,142174386,robot_4,-0.470,3.105
1776743781,142193894,robot_1,2.754,2.209
1776743781,142202764,robot_3,3.935,0.684
1776743781,142210488,robot_0,4.322,-4.341
1776743781,142216989,robot_2,-4.482,-0.980
1776743781,361380801,robot_4,-0.514,3.141
1776743781,361403986,robot_1,2.754,2.209
1776743781,361414482,robot_3,3.936,0.684
1776743781,361423331,robot_0,4.322,-4.341
1776743781,361432006,robot_2,-4.482,-0.980
1776743781,561684302,robot_4,-0.545,3.166
1776743781,561711495,robot_1,2.754,2.208
1776743781,561725561,robot_3,3.936,0.684
1776743781,561737101,robot_0,4.322,-4.341
1776743781,561749182,robot_2,-4.482,-0.980
1776743781,780717883,robot_4,-0.573,3.189
1776743781,780734694,robot_1,2.754,2.208
1776743781,780741462,robot_3,3.936,0.684
1776743781,780746518,robot_0,4.322,-4.341
1776743781,780751028,robot_2,-4.482,-0.979
1776743781,981469243,robot_4,-0.601,3.213
1776743781,981487399,robot_1,2.754,2.207
1776743781,981495724,robot_3,3.937,0.685
1776743781,981502759,robot_0,4.322,-4.340
1776743781,981509433,robot_2,-4.483,-0.979
1776743782,200157524,robot_4,-0.635,3.242
1776743782,200172244,robot_1,2.754,2.207
1776743782,200179249,robot_3,3.937,0.685
1776743782,200184066,robot_0,4.322,-4.340
1776743782,200189739,robot_2,-4.483,-0.979
1776743782,401806282,robot_4,-0.668,3.271
1776743782,401825438,robot_1,2.754,2.207
1776743782,401834998,robot_3,3.937,0.686
1776743782,401842779,robot_0,4.321,-4.340
1776743782,401850916,robot_2,-4.483,-0.978
1776743782,602117091,robot_4,-0.700,3.298
1776743782,602144433,robot_1,2.754,2.206
1776743782,602154566,robot_3,3.937,0.686
1776743782,602163093,robot_0,4.321,-4.340
1776743782,602170603,robot_2,-4.484,-0.978
1776743782,821349851,robot_4,-0.730,3.325
1776743782,821369558,robot_1,2.754,2.206
1776743782,821377494,robot_3,3.937,0.686
1776743782,821383293,robot_0,4.321,-4.340
1776743782,821389212,robot_2,-4.484,-0.978
1776743783,21491090,robot_4,-0.731,3.325
1776743783,21517448,robot_1,2.755,2.206
1776743783,21528564,robot_3,3.937,0.687
1776743783,21537453,robot_0,4.320,-4.340
1776743783,21546094,robot_2,-4.484,-0.978
1776743783,221813200,robot_4,-0.731,3.325
1776743783,221844346,robot_1,2.755,2.205
1776743783,221859390,robot_3,3.937,0.687
1776743783,221871838,robot_0,4.320,-4.341
1776743783,221883671,robot_2,-4.485,-0.978
1776743783,421858256,robot_4,-0.732,3.325
1776743783,421874709,robot_1,2.755,2.205
1776743783,421881644,robot_3,3.937,0.688
1776743783,421887488,robot_0,4.320,-4.341
1776743783,421892722,robot_2,-4.485,-0.978
1776743783,640675257,robot_4,-0.732,3.324
1776743783,640697125,robot_1,2.755,2.205
1776743783,640709886,robot_3,3.936,0.688
1776743783,640717762,robot_0,4.320,-4.341
1776743783,640725002,robot_2,-4.485,-0.979
1776743783,842065992,robot_4,-0.733,3.324
1776743783,842093119,robot_1,2.755,2.206
1776743783,842105352,robot_3,3.936,0.688
1776743783,842115413,robot_0,4.320,-4.341
1776743783,842124521,robot_2,-4.486,-0.979
1776743784,42391773,robot_4,-0.733,3.324
1776743784,42419653,robot_1,2.754,2.206
1776743784,42430586,robot_3,3.936,0.688
1776743784,42439260,robot_0,4.320,-4.342
1776743784,42447350,robot_2,-4.486,-0.979
1776743784,242803098,robot_4,-0.734,3.325
1776743784,242824171,robot_1,2.754,2.206
1776743784,242831149,robot_3,3.937,0.687
1776743784,242836399,robot_0,4.319,-4.342
1776743784,242841308,robot_2,-4.486,-0.979
1776743784,460803063,robot_4,-0.734,3.325
1776743784,460821554,robot_1,2.754,2.207
1776743784,460828731,robot_3,3.937,0.687
1776743784,460834568,robot_0,4.320,-4.342
1776743784,460840600,robot_2,-4.486,-0.979
1776743784,681632022,robot_4,-0.735,3.325
1776743784,681655463,robot_1,2.754,2.207
1776743784,681665054,robot_3,3.937,0.686
1776743784,681671828,robot_0,4.320,-4.343
1776743784,681679666,robot_2,-4.486,-0.980
1776743784,900323768,robot_4,-0.735,3.325
1776743784,900342980,robot_1,2.754,2.208
1776743784,900349763,robot_3,3.937,0.686
1776743784,900355042,robot_0,4.320,-4.343
1776743784,900360309,robot_2,-4.486,-0.980
1776743785,102405512,robot_4,-0.735,3.325
1776743785,102425290,robot_1,2.754,2.208
1776743785,102434478,robot_3,3.937,0.686
1776743785,102440933,robot_0,4.320,-4.343
1776743785,102448017,robot_2,-4.486,-0.981
1776743785,320313503,robot_4,-0.735,3.325
1776743785,320331454,robot_1,2.754,2.209
1776743785,320338044,robot_3,3.936,0.685
1776743785,320343319,robot_0,4.320,-4.343
1776743785,320348707,robot_2,-4.486,-0.981
1776743785,520764181,robot_4,-0.734,3.325
1776743785,520780977,robot_1,2.754,2.209
1776743785,520788227,robot_3,3.936,0.685
1776743785,520794252,robot_0,4.320,-4.343
1776743785,520800151,robot_2,-4.486,-0.981
1776743785,740599258,robot_4,-0.734,3.325
1776743785,740619184,robot_1,2.754,2.209
1776743785,740625991,robot_3,3.936,0.684
1776743785,740631509,robot_0,4.320,-4.343
1776743785,740636740,robot_2,-4.486,-0.982
1776743785,941087506,robot_4,-0.734,3.325
1776743785,941104101,robot_1,2.754,2.209
1776743785,941111150,robot_3,3.936,0.684
1776743785,941116799,robot_0,4.320,-4.342
1776743785,941122031,robot_2,-4.485,-0.982
1776743786,142096959,robot_4,-0.733,3.325
1776743786,142126328,robot_1,2.754,2.209
1776743786,142137344,robot_3,3.935,0.684
1776743786,142145642,robot_0,4.320,-4.342
1776743786,142154150,robot_2,-4.485,-0.982
1776743786,361597697,robot_4,-0.733,3.325
1776743786,361617840,robot_1,2.755,2.209
1776743786,361626491,robot_3,3.936,0.684
1776743786,361634087,robot_0,4.320,-4.342
1776743786,361641096,robot_2,-4.485,-0.982
1776743786,581123218,robot_4,-0.732,3.325
1776743786,581144275,robot_1,2.755,2.210
1776743786,581154016,robot_3,3.936,0.685
1776743786,581162076,robot_0,4.320,-4.341
1776743786,581170167,robot_2,-4.485,-0.982
1776743786,781237540,robot_4,-0.732,3.325
1776743786,781266009,robot_1,2.755,2.210
1776743786,781281491,robot_3,3.936,0.685
1776743786,781328169,robot_0,4.320,-4.341
1776743786,781379458,robot_2,-4.484,-0.982
1776743787,1292439,robot_4,-0.732,3.326
1776743787,1308405,robot_1,2.756,2.210
1776743787,1316218,robot_3,3.936,0.686
1776743787,1322243,robot_0,4.320,-4.341
1776743787,1328058,robot_2,-4.484,-0.982
1776743787,222150485,robot_4,-0.731,3.326
1776743787,222180866,robot_1,2.756,2.210
1776743787,222197671,robot_3,3.936,0.686
1776743787,222212542,robot_0,4.321,-4.340
1776743787,222226001,robot_2,-4.484,-0.982
1776743787,442124198,robot_4,-0.731,3.327
1776743787,442144692,robot_1,2.757,2.210
1776743787,442154509,robot_3,3.936,0.686
1776743787,442162034,robot_0,4.321,-4.340
1776743787,442169283,robot_2,-4.483,-0.982
1776743787,660749152,robot_4,-0.731,3.327
1776743787,660763866,robot_1,2.757,2.210
1776743787,660770571,robot_3,3.936,0.687
1776743787,660776152,robot_0,4.321,-4.341
1776743787,660781134,robot_2,-4.483,-0.982
1776743787,862560733,robot_4,-0.731,3.327
1776743787,862595089,robot_1,2.758,2.209
1776743787,862609260,robot_3,3.936,0.687
1776743787,862622185,robot_0,4.320,-4.341
1776743787,862633600,robot_2,-4.483,-0.982
1776743788,80541512,robot_4,-0.731,3.328
1776743788,80555914,robot_1,2.758,2.209
1776743788,80562307,robot_3,3.936,0.688
1776743788,80567367,robot_0,4.320,-4.341
1776743788,80572647,robot_2,-4.482,-0.981
1776743788,284429450,robot_4,-0.731,3.328
1776743788,284452219,robot_1,2.758,2.209
1776743788,284460640,robot_3,3.935,0.688
1776743788,284467596,robot_0,4.320,-4.341
1776743788,284474479,robot_2,-4.482,-0.981
1776743788,501714471,robot_4,-0.732,3.329
1776743788,501732370,robot_1,2.758,2.209
1776743788,501740803,robot_3,3.935,0.688
1776743788,501747796,robot_0,4.320,-4.342
1776743788,501754012,robot_2,-4.482,-0.981
1776743788,721859949,robot_4,-0.732,3.329
1776743788,721883148,robot_1,2.757,2.210
1776743788,721894578,robot_3,3.934,0.688
1776743788,721904119,robot_0,4.320,-4.342
1776743788,721913460,robot_2,-4.482,-0.980
1776743788,922011510,robot_4,-0.732,3.329
1776743788,922028690,robot_1,2.757,2.210
1776743788,922035980,robot_3,3.934,0.688
1776743788,922041728,robot_0,4.320,-4.342
1776743788,922047471,robot_2,-4.482,-0.980
1776743789,140698829,robot_4,-0.732,3.329
1776743789,140717177,robot_1,2.756,2.209
1776743789,140727340,robot_3,3.934,0.688
1776743789,140736299,robot_0,4.321,-4.343
1776743789,140745189,robot_2,-4.482,-0.979
1776743789,342346234,robot_4,-0.732,3.328
1776743789,342370144,robot_1,2.756,2.209
1776743789,342380290,robot_3,3.933,0.688
1776743789,342388260,robot_0,4.321,-4.343
1776743789,342396085,robot_2,-4.482,-0.979
1776743789,560400786,robot_4,-0.731,3.328
1776743789,560416791,robot_1,2.756,2.209
1776743789,560423397,robot_3,3.933,0.688
1776743789,560428624,robot_0,4.321,-4.343
1776743789,560433985,robot_2,-4.483,-0.979
1776743789,762811837,robot_4,-0.731,3.327
1776743789,762832422,robot_1,2.755,2.209
1776743789,762839460,robot_3,3.933,0.688
1776743789,762844782,robot_0,4.321,-4.343
1776743789,762850160,robot_2,-4.483,-0.979
1776743789,980330157,robot_4,-0.731,3.327
1776743789,980344906,robot_1,2.755,2.208
1776743789,980351311,robot_3,3.933,0.688
1776743789,980356645,robot_0,4.322,-4.343
1776743789,980362003,robot_2,-4.483,-0.979
1776743790,201311120,robot_4,-0.732,3.326
1776743790,201329564,robot_1,2.755,2.208
1776743790,201337472,robot_3,3.933,0.688
1776743790,201344301,robot_0,4.322,-4.343
1776743790,201350439,robot_2,-4.483,-0.979
1776743790,401560651,robot_4,-0.732,3.326
1776743790,401583446,robot_1,2.755,2.208
1776743790,401593626,robot_3,3.933,0.688
1776743790,401601596,robot_0,4.322,-4.343
1776743790,401609863,robot_2,-4.483,-0.979
1776743790,620595982,robot_4,-0.732,3.326
1776743790,620611002,robot_1,2.755,2.207
1776743790,620617343,robot_3,3.934,0.688
1776743790,620622178,robot_0,4.323,-4.343
1776743790,620626891,robot_2,-4.482,-0.980
1776743790,820819469,robot_4,-0.732,3.325
1776743790,820837108,robot_1,2.755,2.207
1776743790,820843971,robot_3,3.934,0.688
1776743790,820849324,robot_0,4.323,-4.343
1776743790,820854332,robot_2,-4.482,-0.980
1776743791,22546943,robot_4,-0.733,3.325
1776743791,22566773,robot_1,2.755,2.207
1776743791,22576183,robot_3,3.935,0.688
1776743791,22584202,robot_0,4.309,-4.321
1776743791,22591211,robot_2,-4.482,-0.981
1776743791,242976895,robot_4,-0.732,3.325
1776743791,242998742,robot_1,2.755,2.206
1776743791,243005470,robot_3,3.935,0.688
1776743791,243011160,robot_0,4.273,-4.261
1776743791,243017175,robot_2,-4.483,-0.981
1776743791,460996756,robot_4,-0.732,3.326
1776743791,461012631,robot_1,2.755,2.206
1776743791,461019309,robot_3,3.936,0.687
1776743791,461024840,robot_0,4.250,-4.224
1776743791,461029776,robot_2,-4.483,-0.981
1776743791,661448552,robot_4,-0.732,3.326
1776743791,661471302,robot_1,2.756,2.206
1776743791,661482073,robot_3,3.936,0.687
1776743791,661490576,robot_0,4.233,-4.196
1776743791,661499373,robot_2,-4.483,-0.982
1776743791,862563589,robot_4,-0.732,3.326
1776743791,862591178,robot_1,2.756,2.206
1776743791,862600372,robot_3,3.936,0.686
1776743791,862607300,robot_0,4.215,-4.167
1776743791,862614238,robot_2,-4.483,-0.982
1776743792,82526938,robot_4,-0.732,3.327
1776743792,82542365,robot_1,2.756,2.206
1776743792,82549083,robot_3,3.895,0.665
1776743792,82554880,robot_0,4.192,-4.130
1776743792,82561181,robot_2,-4.483,-0.982
1776743792,283026128,robot_4,-0.732,3.327
1776743792,283058011,robot_1,2.755,2.206
1776743792,283072578,robot_3,3.848,0.643
1776743792,283085372,robot_0,4.166,-4.086
1776743792,283097633,robot_2,-4.483,-0.982
1776743792,500853391,robot_4,-0.732,3.328
1776743792,500875277,robot_1,2.755,2.206
1776743792,500883130,robot_3,3.808,0.626
1776743792,500888575,robot_0,4.142,-4.042
1776743792,500893839,robot_2,-4.483,-0.982
1776743792,701438208,robot_4,-0.732,3.328
1776743792,701459679,robot_1,2.755,2.207
1776743792,701470329,robot_3,3.771,0.610
1776743792,701478815,robot_0,4.124,-4.007
1776743792,701487585,robot_2,-4.483,-0.981
1776743792,921945054,robot_4,-0.733,3.328
1776743792,921975744,robot_1,2.755,2.207
1776743792,921992943,robot_3,3.752,0.599
1776743792,922007311,robot_0,4.109,-3.978
1776743792,922021166,robot_2,-4.483,-0.981
1776743793,141517048,robot_4,-0.733,3.329
1776743793,141543080,robot_1,2.755,2.208
1776743793,141555716,robot_3,3.754,0.591
1776743793,141566248,robot_0,4.089,-3.943
1776743793,141575558,robot_2,-4.483,-0.980
1776743793,341533615,robot_4,-0.733,3.329
1776743793,341559101,robot_1,2.755,2.208
1776743793,341569358,robot_3,3.755,0.590
1776743793,341577598,robot_0,4.070,-3.911
1776743793,341585328,robot_2,-4.483,-0.980
1776743793,541870185,robot_4,-0.734,3.329
1776743793,541901508,robot_1,2.755,2.209
1776743793,541914898,robot_3,3.755,0.589
1776743793,541924985,robot_0,4.056,-3.885
1776743793,541935279,robot_2,-4.483,-0.980
1776743793,742288021,robot_4,-0.734,3.329
1776743793,742308959,robot_1,2.756,2.209
1776743793,742316342,robot_3,3.755,0.589
1776743793,742322030,robot_0,4.037,-3.853
1776743793,742327236,robot_2,-4.483,-0.979
1776743793,962512240,robot_4,-0.735,3.329
1776743793,962533936,robot_1,2.756,2.209
1776743793,962545287,robot_3,3.754,0.589
1776743793,962555479,robot_0,4.013,-3.811
1776743793,962564914,robot_2,-4.483,-0.979
1776743794,180740597,robot_4,-0.735,3.329
1776743794,180757613,robot_1,2.756,2.209
1776743794,180765019,robot_3,3.754,0.588
1776743794,180770779,robot_0,3.984,-3.761
1776743794,180776302,robot_2,-4.484,-0.979
1776743794,381076168,robot_4,-0.735,3.329
1776743794,381096661,robot_1,2.756,2.209
1776743794,381106412,robot_3,3.754,0.588
1776743794,381113638,robot_0,3.963,-3.726
1776743794,381120818,robot_2,-4.484,-0.979
1776743794,582035425,robot_4,-0.736,3.329
1776743794,582055773,robot_1,2.756,2.209
1776743794,582064968,robot_3,3.753,0.588
1776743794,582072632,robot_0,3.943,-3.692
1776743794,582079976,robot_2,-4.484,-0.979
1776743794,800930522,robot_4,-0.736,3.329
1776743794,800952132,robot_1,2.756,2.208
1776743794,800959675,robot_3,3.753,0.587
1776743794,800965784,robot_0,3.921,-3.655
1776743794,800971536,robot_2,-4.485,-0.979
1776743795,21811922,robot_4,-0.736,3.329
1776743795,21837069,robot_1,2.755,2.208
1776743795,21843478,robot_3,3.753,0.587
1776743795,21849237,robot_0,3.899,-3.617
1776743795,21854532,robot_2,-4.485,-0.979
1776743795,243272481,robot_4,-0.735,3.329
1776743795,243300022,robot_1,2.755,2.207
1776743795,243310330,robot_3,3.753,0.587
1776743795,243318442,robot_0,3.869,-3.565
1776743795,243325949,robot_2,-4.486,-0.979
1776743795,461847997,robot_4,-0.735,3.329
1776743795,461864584,robot_1,2.756,2.207
1776743795,461871369,robot_3,3.753,0.588
1776743795,461876841,robot_0,3.838,-3.511
1776743795,461881529,robot_2,-4.486,-0.979
1776743795,681379826,robot_4,-0.734,3.329
1776743795,681400510,robot_1,2.756,2.207
1776743795,681411178,robot_3,3.754,0.588
1776743795,681419370,robot_0,3.816,-3.473
1776743795,681427074,robot_2,-4.486,-0.979
1776743795,900293383,robot_4,-0.734,3.329
1776743795,900308987,robot_1,2.756,2.206
1776743795,900315481,robot_3,3.754,0.588
1776743795,900320711,robot_0,3.777,-3.408
1776743795,900325543,robot_2,-4.475,-0.994
1776743796,101096698,robot_4,-0.733,3.329
1776743796,101111274,robot_1,2.756,2.206
1776743796,101117974,robot_3,3.754,0.589
1776743796,101123440,robot_0,3.746,-3.356
1776743796,101128320,robot_2,-4.453,-1.022
1776743796,301382655,robot_4,-0.733,3.328
1776743796,301402719,robot_1,2.757,2.206
1776743796,301409030,robot_3,3.754,0.589
1776743796,301414843,robot_0,3.725,-3.321
1776743796,301419637,robot_2,-4.428,-1.053
1776743796,520539248,robot_4,-0.732,3.328
1776743796,520560718,robot_1,2.757,2.206
1776743796,520567193,robot_3,3.754,0.590
1776743796,520572092,robot_0,3.687,-3.260
1776743796,520576660,robot_2,-4.409,-1.078
1776743796,722961752,robot_4,-0.732,3.328
1776743796,723004960,robot_1,2.757,2.206
1776743796,723030260,robot_3,3.754,0.590
1776743796,723052901,robot_0,3.661,-3.216
1776743796,723073289,robot_2,-4.392,-1.099
1776743796,940964484,robot_4,-0.738,3.324
1776743796,940980288,robot_1,2.758,2.206
1776743796,940986607,robot_3,3.754,0.590
1776743796,940992476,robot_0,3.636,-3.175
1776743796,940997491,robot_2,-4.364,-1.133
1776743797,141034133,robot_4,-0.770,3.307
1776743797,141052566,robot_1,2.756,2.205
1776743797,141060252,robot_3,3.754,0.591
1776743797,141066421,robot_0,3.604,-3.123
1776743797,141071908,robot_2,-4.330,-1.176
1776743797,341417446,robot_4,-0.805,3.288
1776743797,341435282,robot_1,2.755,2.205
1776743797,341441486,robot_3,3.753,0.591
1776743797,341446317,robot_0,3.581,-3.084
1776743797,341451558,robot_2,-4.297,-1.216
1776743797,541616501,robot_4,-0.845,3.268
1776743797,541641139,robot_1,2.756,2.205
1776743797,541648577,robot_3,3.753,0.591
1776743797,541654477,robot_0,3.562,-3.053
1776743797,541660520,robot_2,-4.272,-1.247
1776743797,761053024,robot_4,-0.900,3.239
1776743797,761072657,robot_1,2.756,2.205
1776743797,761080172,robot_3,3.753,0.592
1776743797,761086128,robot_0,3.549,-3.030
1776743797,761091253,robot_2,-4.245,-1.281
1776743797,981837296,robot_4,-0.916,3.231
1776743797,981854100,robot_1,2.756,2.206
1776743797,981861641,robot_3,3.752,0.592
1776743797,981867919,robot_0,3.528,-2.994
1776743797,981882853,robot_2,-4.216,-1.314
1776743798,201400929,robot_4,-0.916,3.231
1776743798,201419426,robot_1,2.756,2.206
1776743798,201428262,robot_3,3.752,0.592
1776743798,201436011,robot_0,3.503,-2.948
1776743798,201442832,robot_2,-4.186,-1.346
1776743798,401528011,robot_4,-0.916,3.230
1776743798,401545134,robot_1,2.757,2.206
1776743798,401552476,robot_3,3.754,0.592
1776743798,401558563,robot_0,3.475,-2.899
1776743798,401564363,robot_2,-4.160,-1.375
1776743798,621982103,robot_4,-0.916,3.230
1776743798,621998679,robot_1,2.757,2.207
1776743798,622005118,robot_3,3.756,0.593
1776743798,622010231,robot_0,3.454,-2.861
1776743798,622015542,robot_2,-4.131,-1.407
1776743798,822221894,robot_4,-0.916,3.229
1776743798,822256859,robot_1,2.757,2.207
1776743798,822273830,robot_3,3.761,0.573
1776743798,822292481,robot_0,3.425,-2.809
1776743798,822306787,robot_2,-4.101,-1.440
1776743799,22304275,robot_4,-0.916,3.229
1776743799,22326019,robot_1,2.757,2.207
1776743799,22334913,robot_3,3.770,0.538
1776743799,22342870,robot_0,3.389,-2.746
1776743799,22350361,robot_2,-4.059,-1.487
1776743799,241980799,robot_4,-0.917,3.229
1776743799,242001553,robot_1,2.757,2.208
1776743799,242011481,robot_3,3.781,0.495
1776743799,242018521,robot_0,3.367,-2.706
1776743799,242025439,robot_2,-4.027,-1.527
1776743799,442225279,robot_4,-0.917,3.228
1776743799,442248319,robot_1,2.756,2.208
1776743799,442259092,robot_3,3.797,0.434
1776743799,442267304,robot_0,3.339,-2.656
1776743799,442275501,robot_2,-3.998,-1.566
1776743799,661032902,robot_4,-0.918,3.228
1776743799,661057832,robot_1,2.756,2.208
1776743799,661070807,robot_3,3.814,0.366
1776743799,661080138,robot_0,3.307,-2.599
1776743799,661091187,robot_2,-3.948,-1.631
1776743799,861536397,robot_4,-0.918,3.228
1776743799,861568751,robot_1,2.756,2.209
1776743799,861582885,robot_3,3.824,0.327
1776743799,861594674,robot_0,3.287,-2.564
1776743799,861605662,robot_2,-3.920,-1.668
1776743800,81406335,robot_4,-0.918,3.228
1776743800,81423534,robot_1,2.756,2.209
1776743800,81430284,robot_3,3.842,0.255
1776743800,81435485,robot_0,3.272,-2.539
1776743800,81440627,robot_2,-3.894,-1.702
1776743800,282169625,robot_4,-0.918,3.228
1776743800,282188190,robot_1,2.756,2.209
1776743800,282195389,robot_3,3.856,0.197
1776743800,282201084,robot_0,3.256,-2.511
1776743800,282206222,robot_2,-3.872,-1.732
1776743800,500848063,robot_4,-0.917,3.228
1776743800,500868187,robot_1,2.756,2.209
1776743800,500875934,robot_3,3.866,0.156
1776743800,500881046,robot_0,3.234,-2.472
1776743800,500885803,robot_2,-3.845,-1.767
1776743800,701563324,robot_4,-0.917,3.228
1776743800,701585318,robot_1,2.755,2.209
1776743800,701596888,robot_3,3.871,0.134
1776743800,701606671,robot_0,3.198,-2.409
1776743800,701615160,robot_2,-3.826,-1.791
1776743800,922051436,robot_4,-0.917,3.229
1776743800,922075987,robot_1,2.755,2.209
1776743800,922087680,robot_3,3.879,0.099
1776743800,922096408,robot_0,3.166,-2.354
1776743800,922104892,robot_2,-3.807,-1.817
1776743801,140558491,robot_4,-0.917,3.229
1776743801,140575248,robot_1,2.754,2.209
1776743801,140581866,robot_3,3.887,0.059
1776743801,140587642,robot_0,3.146,-2.318
1776743801,140593337,robot_2,-3.780,-1.852
1776743801,342062222,robot_4,-0.917,3.230
1776743801,342089707,robot_1,2.754,2.209
1776743801,342101008,robot_3,3.894,0.030
1776743801,342110546,robot_0,3.131,-2.292
1776743801,342119806,robot_2,-3.751,-1.891
1776743801,542164454,robot_4,-0.917,3.230
1776743801,542192449,robot_1,2.754,2.209
1776743801,542204816,robot_3,3.902,-0.007
1776743801,542215314,robot_0,3.112,-2.259
1776743801,542224709,robot_2,-3.723,-1.927
1776743801,763107814,robot_4,-0.917,3.231
1776743801,763127798,robot_1,2.753,2.209
1776743801,763134617,robot_3,3.911,-0.050
1776743801,763140466,robot_0,3.088,-2.217
1776743801,763145605,robot_2,-3.696,-1.963
1776743801,982131005,robot_4,-0.917,3.231
1776743801,982149506,robot_1,2.753,2.208
1776743801,982157893,robot_3,3.921,-0.093
1776743801,982164474,robot_0,3.059,-2.168
1776743801,982171560,robot_2,-3.670,-1.997
1776743802,200252662,robot_4,-0.917,3.231
1776743802,200268481,robot_1,2.753,2.208
1776743802,200275838,robot_3,3.930,-0.136
1776743802,200286763,robot_0,3.037,-2.129
1776743802,200292596,robot_2,-3.644,-2.031
1776743802,401531150,robot_4,-0.918,3.232
1776743802,401555355,robot_1,2.752,2.208
1776743802,401564728,robot_3,3.939,-0.178
1776743802,401571432,robot_0,3.022,-2.103
1776743802,401577732,robot_2,-3.620,-2.063
1776743802,602116593,robot_4,-0.918,3.232
1776743802,602154757,robot_1,2.752,2.207
1776743802,602170014,robot_3,3.949,-0.221
1776743802,602181795,robot_0,3.012,-2.085
1776743802,602194058,robot_2,-3.598,-2.092
1776743802,821140660,robot_4,-0.919,3.232
1776743802,821158319,robot_1,2.752,2.207
1776743802,821165113,robot_3,3.958,-0.264
1776743802,821170360,robot_0,2.990,-2.047
1776743802,821184810,robot_2,-3.575,-2.128
1776743803,23789027,robot_4,-0.919,3.232
1776743803,23809871,robot_1,2.752,2.206
1776743803,23820567,robot_3,3.971,-0.323
1776743803,23828574,robot_0,2.967,-2.007
1776743803,23836616,robot_2,-3.552,-2.162
1776743803,242806823,robot_4,-0.919,3.232
1776743803,242837138,robot_1,2.753,2.206
1776743803,242849516,robot_3,3.987,-0.395
1776743803,242859752,robot_0,2.941,-1.962
1776743803,242884042,robot_2,-3.526,-2.201
1776743803,461622609,robot_4,-0.920,3.232
1776743803,461646985,robot_1,2.753,2.206
1776743803,461654982,robot_3,3.996,-0.438
1776743803,461661363,robot_0,2.919,-1.923
1776743803,461666854,robot_2,-3.501,-2.238
1776743803,681646625,robot_4,-0.920,3.232
1776743803,681665010,robot_1,2.753,2.205
1776743803,681672647,robot_3,4.003,-0.469
1776743803,681679087,robot_0,2.890,-1.872
1776743803,681685343,robot_2,-3.477,-2.271
1776743803,900861703,robot_4,-0.920,3.232
1776743803,900886870,robot_1,2.753,2.205
1776743803,900894869,robot_3,4.010,-0.507
1776743803,900902268,robot_0,2.866,-1.824
1776743803,900908540,robot_2,-3.455,-2.303
1776743804,120504891,robot_4,-0.920,3.232
1776743804,120522378,robot_1,2.753,2.205
1776743804,120528646,robot_3,4.019,-0.554
1776743804,120534584,robot_0,2.846,-1.783
1776743804,120539638,robot_2,-3.429,-2.339
1776743804,321493067,robot_4,-0.919,3.232
1776743804,321524781,robot_1,2.753,2.206
1776743804,321539715,robot_3,4.033,-0.628
1776743804,321553199,robot_0,2.825,-1.737
1776743804,321564011,robot_2,-3.408,-2.369
1776743804,522104612,robot_4,-0.919,3.232
1776743804,522129132,robot_1,2.753,2.206
1776743804,522140254,robot_3,4.043,-0.682
1776743804,522149445,robot_0,2.806,-1.698
1776743804,522158795,robot_2,-3.385,-2.399
1776743804,740848537,robot_4,-0.918,3.232
1776743804,740874886,robot_1,2.753,2.207
1776743804,740882732,robot_3,4.052,-0.732
1776743804,740888828,robot_0,2.785,-1.654
1776743804,740894581,robot_2,-3.358,-2.433
1776743804,941770148,robot_4,-0.918,3.231
1776743804,941786323,robot_1,2.753,2.207
1776743804,941792685,robot_3,4.049,-0.764
1776743804,941797613,robot_0,2.756,-1.593
1776743804,941802207,robot_2,-3.333,-2.463
1776743805,161722789,robot_4,-0.918,3.231
1776743805,161741711,robot_1,2.753,2.208
1776743805,161749487,robot_3,4.045,-0.765
1776743805,161755873,robot_0,2.735,-1.545
1776743805,161761732,robot_2,-3.306,-2.497
1776743805,361738790,robot_4,-0.917,3.231
1776743805,361763341,robot_1,2.753,2.208
1776743805,361775291,robot_3,4.045,-0.765
1776743805,361785893,robot_0,2.719,-1.510
1776743805,361795048,robot_2,-3.281,-2.528
1776743805,561924819,robot_4,-0.917,3.230
1776743805,561946608,robot_1,2.753,2.208
1776743805,561955553,robot_3,4.045,-0.759
1776743805,561962972,robot_0,2.705,-1.479
1776743805,561969856,robot_2,-3.277,-2.534
1776743805,781301909,robot_4,-0.917,3.230
1776743805,781321836,robot_1,2.754,2.209
1776743805,781328422,robot_3,4.046,-0.742
1776743805,781333709,robot_0,2.690,-1.438
1776743805,781339141,robot_2,-3.277,-2.534
1776743806,1104455,robot_4,-0.917,3.230
1776743806,1126382,robot_1,2.754,2.209
1776743806,1136427,robot_3,4.045,-0.721
1776743806,1144607,robot_0,2.676,-1.396
1776743806,1152577,robot_2,-3.277,-2.534
1776743806,222071540,robot_4,-0.917,3.230
1776743806,222089969,robot_1,2.754,2.209
1776743806,222098237,robot_3,4.040,-0.703
1776743806,222104541,robot_0,2.661,-1.355
1776743806,222110886,robot_2,-3.277,-2.535
1776743806,440183984,robot_4,-0.917,3.230
1776743806,440201040,robot_1,2.753,2.209
1776743806,440208111,robot_3,4.028,-0.687
1776743806,440213374,robot_0,2.647,-1.314
1776743806,440217779,robot_2,-3.277,-2.535
1776743806,641763885,robot_4,-0.917,3.229
1776743806,641789454,robot_1,2.753,2.208
1776743806,641798619,robot_3,4.016,-0.682
1776743806,641806823,robot_0,2.636,-1.283
1776743806,641814318,robot_2,-3.277,-2.536
1776743806,841789197,robot_4,-0.917,3.229
1776743806,841808365,robot_1,2.753,2.208
1776743806,841815179,robot_3,4.016,-0.682
1776743806,841820998,robot_0,2.625,-1.251
1776743806,841826064,robot_2,-3.277,-2.536
1776743807,61965786,robot_4,-0.917,3.228
1776743807,61983177,robot_1,2.753,2.207
1776743807,61990826,robot_3,4.016,-0.682
1776743807,61997150,robot_0,2.610,-1.210
1776743807,62002945,robot_2,-3.277,-2.536
1776743807,281369072,robot_4,-0.917,3.228
1776743807,281392739,robot_1,2.753,2.207
1776743807,281402554,robot_3,4.016,-0.683
1776743807,281411771,robot_0,2.597,-1.173
1776743807,281420067,robot_2,-3.277,-2.537
1776743807,482245970,robot_4,-0.918,3.227
1776743807,482263060,robot_1,2.753,2.207
1776743807,482271169,robot_3,4.016,-0.683
1776743807,482279033,robot_0,2.585,-1.138
1776743807,482285462,robot_2,-3.276,-2.537
1776743807,701472154,robot_4,-0.918,3.227
1776743807,701491545,robot_1,2.753,2.206
1776743807,701500665,robot_3,4.016,-0.683
1776743807,701508006,robot_0,2.570,-1.096
1776743807,701516119,robot_2,-3.276,-2.537
1776743807,902319783,robot_4,-0.919,3.227
1776743807,902350117,robot_1,2.754,2.206
1776743807,902362805,robot_3,4.016,-0.682
1776743807,902372662,robot_0,2.549,-1.038
1776743807,902382496,robot_2,-3.276,-2.537
1776743808,121738690,robot_4,-0.919,3.227
1776743808,121762900,robot_1,2.754,2.206
1776743808,121774295,robot_3,4.016,-0.682
1776743808,121783765,robot_0,2.531,-0.987
1776743808,121792833,robot_2,-3.276,-2.537
1776743808,322834190,robot_4,-0.919,3.227
1776743808,322871096,robot_1,2.754,2.205
1776743808,322890321,robot_3,4.015,-0.682
1776743808,322906267,robot_0,2.518,-0.951
1776743808,322921805,robot_2,-3.276,-2.537
1776743808,540731177,robot_4,-0.919,3.227
1776743808,540746986,robot_1,2.755,2.205
1776743808,540753481,robot_3,4.015,-0.682
1776743808,540759242,robot_0,2.510,-0.926
1776743808,540764634,robot_2,-3.275,-2.537
1776743808,743482698,robot_4,-0.919,3.227
1776743808,743504086,robot_1,2.755,2.205
1776743808,743511006,robot_3,4.014,-0.682
1776743808,743516840,robot_0,2.498,-0.892
1776743808,743522742,robot_2,-3.275,-2.537
1776743808,960577399,robot_4,-0.919,3.227
1776743808,960592039,robot_1,2.756,2.205
1776743808,960598750,robot_3,4.014,-0.682
1776743808,960604406,robot_0,2.484,-0.854
1776743808,960609240,robot_2,-3.275,-2.537
1776743809,161862075,robot_4,-0.918,3.227
1776743809,161881073,robot_1,2.755,2.205
1776743809,161890209,robot_3,4.013,-0.682
1776743809,161898061,robot_0,2.474,-0.824
1776743809,161905653,robot_2,-3.274,-2.537
1776743809,380621061,robot_4,-0.918,3.228
1776743809,380637746,robot_1,2.756,2.205
1776743809,380645178,robot_3,4.013,-0.682
1776743809,380651442,robot_0,2.462,-0.783
1776743809,380657166,robot_2,-3.274,-2.537
1776743809,601091939,robot_4,-0.918,3.228
1776743809,601112858,robot_1,2.756,2.205
1776743809,601120957,robot_3,4.013,-0.682
1776743809,601127130,robot_0,2.451,-0.747
1776743809,601132651,robot_2,-3.274,-2.537
1776743809,821116776,robot_4,-0.918,3.228
1776743809,821139070,robot_1,2.756,2.205
1776743809,821146984,robot_3,4.012,-0.683
1776743809,821154780,robot_0,2.443,-0.715
1776743809,821162829,robot_2,-3.273,-2.536
1776743810,41702130,robot_4,-0.918,3.229
1776743810,41720518,robot_1,2.756,2.205
1776743810,41728880,robot_3,4.012,-0.683
1776743810,41736374,robot_0,2.432,-0.673
1776743810,41743784,robot_2,-3.273,-2.536
1776743810,245032259,robot_4,-0.918,3.229
1776743810,245069091,robot_1,2.755,2.205
1776743810,245086442,robot_3,4.012,-0.684
1776743810,245102581,robot_0,2.422,-0.636
1776743810,245117293,robot_2,-3.273,-2.536
1776743810,460682817,robot_4,-0.918,3.230
1776743810,460698723,robot_1,2.755,2.205
1776743810,460706120,robot_3,4.012,-0.684
1776743810,460711722,robot_0,2.412,-0.595
1776743810,460716782,robot_2,-3.273,-2.535
1776743810,662080944,robot_4,-0.918,3.230
1776743810,662101245,robot_1,2.754,2.205
1776743810,662110730,robot_3,4.012,-0.685
1776743810,662118182,robot_0,2.402,-0.556
1776743810,662125741,robot_2,-3.273,-2.535
1776743810,862594513,robot_4,-0.918,3.230
1776743810,862622921,robot_1,2.754,2.205
1776743810,862636648,robot_3,4.012,-0.685
1776743810,862647751,robot_0,2.387,-0.500
1776743810,862658159,robot_2,-3.273,-2.535
1776743811,81423441,robot_4,-0.919,3.231
1776743811,81442871,robot_1,2.754,2.205
1776743811,81451691,robot_3,4.012,-0.685
1776743811,81459162,robot_0,2.370,-0.444
1776743811,81466044,robot_2,-3.273,-2.534
1776743811,300527076,robot_4,-0.919,3.231
1776743811,300544953,robot_1,2.753,2.206
1776743811,300551831,robot_3,4.012,-0.685
1776743811,300557629,robot_0,2.357,-0.402
1776743811,300563212,robot_2,-3.274,-2.534
1776743811,521647005,robot_4,-0.919,3.231
1776743811,521662865,robot_1,2.753,2.206
1776743811,521669780,robot_3,4.012,-0.685
1776743811,521675435,robot_0,2.345,-0.365
1776743811,521680673,robot_2,-3.274,-2.534
1776743811,741104287,robot_4,-0.920,3.231
1776743811,741126570,robot_1,2.753,2.207
1776743811,741134229,robot_3,4.013,-0.686
1776743811,741140532,robot_0,2.332,-0.324
1776743811,741146924,robot_2,-3.274,-2.534
1776743811,962039701,robot_4,-0.920,3.231
1776743811,962056821,robot_1,2.752,2.207
1776743811,962064096,robot_3,4.011,-0.685
1776743811,962069987,robot_0,2.319,-0.282
1776743811,962076074,robot_2,-3.273,-2.535
1776743812,182353468,robot_4,-0.920,3.231
1776743812,182373559,robot_1,2.752,2.207
1776743812,182383082,robot_3,4.008,-0.684
1776743812,182390171,robot_0,2.305,-0.238
1776743812,182397596,robot_2,-3.273,-2.535
1776743812,401686701,robot_4,-0.920,3.231
1776743812,401709703,robot_1,2.753,2.206
1776743812,401719063,robot_3,4.008,-0.684
1776743812,401727706,robot_0,2.291,-0.196
1776743812,401735049,robot_2,-3.273,-2.536
1776743812,601732414,robot_4,-0.920,3.231
1776743812,601756300,robot_1,2.753,2.206
1776743812,601765443,robot_3,4.009,-0.685
1776743812,601773118,robot_0,2.277,-0.150
1776743812,601779904,robot_2,-3.274,-2.536
1776743812,822700487,robot_4,-0.920,3.231
1776743812,822719141,robot_1,2.753,2.206
1776743812,822725237,robot_3,4.009,-0.685
1776743812,822731000,robot_0,2.261,-0.095
1776743812,822736083,robot_2,-3.274,-2.536
1776743813,41390398,robot_4,-0.919,3.231
1776743813,41418167,robot_1,2.754,2.206
1776743813,41430271,robot_3,4.010,-0.685
1776743813,41440047,robot_0,2.260,-0.090
1776743813,41450234,robot_2,-3.274,-2.537
1776743813,241656972,robot_4,-0.919,3.231
1776743813,241680182,robot_1,2.754,2.206
1776743813,241692225,robot_3,4.010,-0.684
1776743813,241699588,robot_0,2.260,-0.090
1776743813,241705235,robot_2,-3.274,-2.537
1776743813,461021245,robot_4,-0.918,3.230
1776743813,461041889,robot_1,2.755,2.206
1776743813,461049872,robot_3,4.010,-0.684
1776743813,461055453,robot_0,2.260,-0.090
1776743813,461060339,robot_2,-3.275,-2.537
1776743813,661922328,robot_4,-0.918,3.230
1776743813,661946905,robot_1,2.755,2.206
1776743813,661954906,robot_3,4.010,-0.684
1776743813,661961429,robot_0,2.260,-0.090
1776743813,661967902,robot_2,-3.275,-2.537
1776743813,862062958,robot_4,-0.918,3.229
1776743813,862097106,robot_1,2.755,2.206
1776743813,862109083,robot_3,4.010,-0.684
1776743813,862119023,robot_0,2.261,-0.089
1776743813,862127915,robot_2,-3.275,-2.537
1776743814,62330494,robot_4,-0.918,3.229
1776743814,62355389,robot_1,2.756,2.206
1776743814,62368201,robot_3,4.011,-0.682
1776743814,62378612,robot_0,2.261,-0.089
1776743814,62387690,robot_2,-3.274,-2.537
1776743814,281962894,robot_4,-0.918,3.229
1776743814,281982438,robot_1,2.756,2.206
1776743814,281989587,robot_3,4.011,-0.682
1776743814,281995150,robot_0,2.261,-0.089
1776743814,282000056,robot_2,-3.274,-2.537
1776743814,500637505,robot_4,-0.942,3.227
1776743814,500659568,robot_1,2.756,2.207
1776743814,500669202,robot_3,4.012,-0.681
1776743814,500677224,robot_0,2.261,-0.088
1776743814,500684120,robot_2,-3.274,-2.536
1776743814,701967616,robot_4,-0.974,3.227
1776743814,701988845,robot_1,2.756,2.207
1776743814,701999301,robot_3,4.012,-0.681
1776743814,702008383,robot_0,2.261,-0.088
1776743814,702016662,robot_2,-3.274,-2.536
1776743814,921092632,robot_4,-1.016,3.227
1776743814,921122172,robot_1,2.756,2.208
1776743814,921130767,robot_3,4.011,-0.680
1776743814,921138684,robot_0,2.261,-0.088
1776743814,921146676,robot_2,-3.274,-2.535
1776743815,121652865,robot_4,-1.043,3.228
1776743815,121669312,robot_1,2.756,2.208
1776743815,121676615,robot_3,4.011,-0.680
1776743815,121682970,robot_0,2.261,-0.088
1776743815,121688900,robot_2,-3.274,-2.535
1776743815,340782970,robot_4,-1.083,3.229
1776743815,340801772,robot_1,2.756,2.208
1776743815,340809393,robot_3,4.011,-0.680
1776743815,340816813,robot_0,2.261,-0.087
1776743815,340822914,robot_2,-3.274,-2.535
1776743815,542171823,robot_4,-1.100,3.233
1776743815,542193742,robot_1,2.756,2.209
1776743815,542202848,robot_3,4.011,-0.679
1776743815,542210393,robot_0,2.261,-0.087
1776743815,542217762,robot_2,-3.274,-2.534
1776743815,762006159,robot_4,-1.089,3.234
1776743815,762025243,robot_1,2.756,2.209
1776743815,762032318,robot_3,4.010,-0.679
1776743815,762038447,robot_0,2.260,-0.087
1776743815,762043766,robot_2,-3.275,-2.534
1776743815,962111719,robot_4,-1.078,3.236
1776743815,962134288,robot_1,2.721,2.193
1776743815,962143962,robot_3,4.010,-0.679
1776743815,962151552,robot_0,2.260,-0.087
1776743815,962159072,robot_2,-3.275,-2.534
1776743816,180287785,robot_4,-1.078,3.236
1776743816,180303142,robot_1,2.664,2.167
1776743816,180309481,robot_3,4.010,-0.679
1776743816,180314867,robot_0,2.260,-0.087
1776743816,180320082,robot_2,-3.275,-2.534
1776743816,400191813,robot_4,-1.079,3.236
1776743816,400207427,robot_1,2.624,2.148
1776743816,400214232,robot_3,4.009,-0.679
1776743816,400220079,robot_0,2.259,-0.087
1776743816,400225126,robot_2,-3.276,-2.534
1776743816,601553819,robot_4,-1.079,3.235
1776743816,601570979,robot_1,2.585,2.131
1776743816,601578483,robot_3,4.009,-0.679
1776743816,601585023,robot_0,2.259,-0.087
1776743816,601591170,robot_2,-3.276,-2.534
1776743816,801766724,robot_4,-1.079,3.235
1776743816,801788085,robot_1,2.547,2.113
1776743816,801796843,robot_3,4.008,-0.679
1776743816,801803703,robot_0,2.259,-0.087
1776743816,801810677,robot_2,-3.276,-2.534
1776743817,21450427,robot_4,-1.080,3.235
1776743817,21472178,robot_1,2.506,2.094
1776743817,21482351,robot_3,4.008,-0.679
1776743817,21491131,robot_0,2.259,-0.087
1776743817,21499021,robot_2,-3.277,-2.534
1776743817,222107543,robot_4,-1.080,3.234
1776743817,222131471,robot_1,2.461,2.075
1776743817,222143396,robot_3,4.008,-0.679
1776743817,222152923,robot_0,2.258,-0.087
1776743817,222162257,robot_2,-3.277,-2.534
1776743817,442629554,robot_4,-1.081,3.234
1776743817,442651019,robot_1,2.418,2.057
1776743817,442660692,robot_3,4.008,-0.679
1776743817,442668145,robot_0,2.258,-0.087
1776743817,442674860,robot_2,-3.277,-2.534
1776743817,661655951,robot_4,-1.081,3.234
1776743817,661675258,robot_1,2.375,2.041
1776743817,661683724,robot_3,4.009,-0.679
1776743817,661690979,robot_0,2.258,-0.087
1776743817,661697205,robot_2,-3.277,-2.534
1776743817,880404244,robot_4,-1.081,3.234
1776743817,880418907,robot_1,2.327,2.022
1776743817,880425608,robot_3,4.009,-0.679
1776743817,880430774,robot_0,2.258,-0.088
1776743817,880435553,robot_2,-3.276,-2.534
1776743818,81801814,robot_4,-1.081,3.234
1776743818,81826030,robot_1,2.291,2.006
1776743818,81837583,robot_3,4.010,-0.679
1776743818,81847603,robot_0,2.258,-0.088
1776743818,81857319,robot_2,-3.276,-2.534
1776743818,301704942,robot_4,-1.080,3.235
1776743818,301729321,robot_1,2.259,1.992
1776743818,301738743,robot_3,4.010,-0.679
1776743818,301746078,robot_0,2.257,-0.088
1776743818,301753534,robot_2,-3.275,-2.534
1776743818,501945486,robot_4,-1.080,3.235
1776743818,501972764,robot_1,2.238,1.984
1776743818,501982833,robot_3,4.011,-0.680
1776743818,501991194,robot_0,2.258,-0.089
1776743818,501999539,robot_2,-3.275,-2.534
1776743818,720512386,robot_4,-1.079,3.235
1776743818,720528914,robot_1,2.197,1.969
1776743818,720535282,robot_3,4.011,-0.680
1776743818,720541106,robot_0,2.260,-0.088
1776743818,720546191,robot_2,-3.275,-2.534
1776743818,921020692,robot_4,-1.079,3.236
1776743818,921037342,robot_1,2.155,1.955
1776743818,921044273,robot_3,4.011,-0.680
1776743818,921049557,robot_0,2.300,-0.084
1776743818,921055041,robot_2,-3.274,-2.535
1776743819,140603724,robot_4,-1.079,3.236
1776743819,140620521,robot_1,2.109,1.937
1776743819,140627096,robot_3,4.011,-0.681
1776743819,140632510,robot_0,2.344,-0.081
1776743819,140637969,robot_2,-3.274,-2.535
1776743819,341048823,robot_4,-1.079,3.238
1776743819,341067420,robot_1,2.072,1.921
1776743819,341074574,robot_3,4.011,-0.681
1776743819,341080271,robot_0,2.389,-0.080
1776743819,341085993,robot_2,-3.274,-2.536
1776743819,541538171,robot_4,-1.079,3.239
1776743819,541555393,robot_1,2.020,1.899
1776743819,541562159,robot_3,4.011,-0.681
1776743819,541568040,robot_0,2.454,-0.077
1776743819,541573922,robot_2,-3.274,-2.536
1776743819,763077887,robot_4,-1.079,3.239
1776743819,763104516,robot_1,1.962,1.876
1776743819,763113384,robot_3,4.011,-0.681
1776743819,763120260,robot_0,2.505,-0.076
1776743819,763126775,robot_2,-3.274,-2.535
1776743819,981555305,robot_4,-1.079,3.240
1776743819,981570412,robot_1,1.920,1.862
1776743819,981577157,robot_3,4.011,-0.681
1776743819,981582854,robot_0,2.556,-0.075
1776743819,981587826,robot_2,-3.274,-2.535
1776743820,201575217,robot_4,-1.079,3.240
1776743820,201597072,robot_1,1.868,1.844
1776743820,201608561,robot_3,4.011,-0.682
1776743820,201618277,robot_0,2.604,-0.074
1776743820,201626639,robot_2,-3.275,-2.535
1776743820,402192116,robot_4,-1.079,3.240
1776743820,402213409,robot_1,1.826,1.829
1776743820,402222334,robot_3,4.011,-0.682
1776743820,402229911,robot_0,2.643,-0.074
1776743820,402237328,robot_2,-3.275,-2.535
1776743820,620539627,robot_4,-1.080,3.241
1776743820,620556704,robot_1,1.783,1.815
1776743820,620563899,robot_3,4.011,-0.683
1776743820,620570035,robot_0,2.647,-0.073
1776743820,620575489,robot_2,-3.275,-2.535
1776743820,820556882,robot_4,-1.080,3.241
1776743820,820574822,robot_1,1.733,1.798
1776743820,820580688,robot_3,4.011,-0.683
1776743820,820586310,robot_0,2.647,-0.073
1776743820,820591745,robot_2,-3.276,-2.534
1776743821,22078702,robot_4,-1.081,3.241
1776743821,22101831,robot_1,1.691,1.787
1776743821,22112518,robot_3,4.011,-0.683
1776743821,22121053,robot_0,2.647,-0.073
1776743821,22128960,robot_2,-3.276,-2.534
1776743821,241282242,robot_4,-1.081,3.241
1776743821,241352078,robot_1,1.648,1.776
1776743821,241383701,robot_3,4.010,-0.684
1776743821,241396191,robot_0,2.647,-0.073
1776743821,241407156,robot_2,-3.276,-2.535
1776743821,441529691,robot_4,-1.081,3.241
1776743821,441550831,robot_1,1.607,1.766
1776743821,441560320,robot_3,4.010,-0.684
1776743821,441567823,robot_0,2.648,-0.072
1776743821,441574355,robot_2,-3.277,-2.535
1776743821,662270452,robot_4,-1.081,3.241
1776743821,662295227,robot_1,1.564,1.756
1776743821,662304512,robot_3,4.010,-0.684
1776743821,662313016,robot_0,2.648,-0.072
1776743821,662320197,robot_2,-3.277,-2.535
1776743821,881039547,robot_4,-1.081,3.241
1776743821,881061021,robot_1,1.525,1.746
1776743821,881071325,robot_3,3.992,-0.638
1776743821,881079995,robot_0,2.648,-0.072
1776743821,881088527,robot_2,-3.277,-2.535
1776743822,100293631,robot_4,-1.080,3.241
1776743822,100309577,robot_1,1.490,1.737
1776743822,100315934,robot_3,3.972,-0.584
1776743822,100321777,robot_0,2.649,-0.072
1776743822,100327192,robot_2,-3.278,-2.535
1776743822,300797548,robot_4,-1.080,3.241
1776743822,300818901,robot_1,1.451,1.728
1776743822,300826876,robot_3,3.958,-0.545
1776743822,300833464,robot_0,2.649,-0.072
1776743822,300839510,robot_2,-3.278,-2.536
1776743822,501161879,robot_4,-1.079,3.240
1776743822,501180823,robot_1,1.408,1.717
1776743822,501187930,robot_3,3.938,-0.492
1776743822,501193626,robot_0,2.649,-0.072
1776743822,501200720,robot_2,-3.278,-2.536
1776743822,721177646,robot_4,-1.079,3.240
1776743822,721194322,robot_1,1.358,1.705
1776743822,721201126,robot_3,3.920,-0.445
1776743822,721207072,robot_0,2.649,-0.072
1776743822,721212110,robot_2,-3.278,-2.536
1776743822,921653719,robot_4,-1.079,3.239
1776743822,921681622,robot_1,1.319,1.696
1776743822,921695284,robot_3,3.907,-0.410
1776743822,921706600,robot_0,2.649,-0.072
1776743822,921716792,robot_2,-3.278,-2.537
1776743823,122109710,robot_4,-1.079,3.239
1776743823,122140494,robot_1,1.266,1.683
1776743823,122159266,robot_3,3.898,-0.387
1776743823,122173557,robot_0,2.649,-0.072
1776743823,122185213,robot_2,-3.278,-2.537
1776743823,322640163,robot_4,-1.079,3.238
1776743823,322659003,robot_1,1.204,1.668
1776743823,322665475,robot_3,3.886,-0.354
1776743823,322671358,robot_0,2.649,-0.072
1776743823,322676537,robot_2,-3.249,-2.531
1776743823,541591601,robot_4,-1.079,3.238
1776743823,541615911,robot_1,1.162,1.657
1776743823,541623964,robot_3,3.867,-0.307
1776743823,541632121,robot_0,2.648,-0.072
1776743823,541638749,robot_2,-3.197,-2.521
1776743823,762938882,robot_4,-1.079,3.238
1776743823,762958532,robot_1,1.119,1.647
1776743823,762965025,robot_3,3.837,-0.230
1776743823,762970783,robot_0,2.648,-0.072
1776743823,762975837,robot_2,-3.154,-2.512
1776743823,981924861,robot_4,-1.079,3.238
1776743823,981943102,robot_1,1.076,1.636
1776743823,981950291,robot_3,3.819,-0.182
1776743823,981956376,robot_0,2.648,-0.073
1776743823,981962176,robot_2,-3.129,-2.507
1776743824,201440832,robot_4,-1.079,3.238
1776743824,201457375,robot_1,1.032,1.625
1776743824,201463612,robot_3,3.807,-0.152
1776743824,201468798,robot_0,2.648,-0.073
1776743824,201473733,robot_2,-3.094,-2.499
1776743824,401780257,robot_4,-1.079,3.239
1776743824,401799437,robot_1,0.983,1.613
1776743824,401808404,robot_3,3.798,-0.131
1776743824,401815303,robot_0,2.648,-0.073
1776743824,401822399,robot_2,-3.056,-2.492
1776743824,622855216,robot_4,-1.079,3.239
1776743824,622881909,robot_1,0.936,1.602
1776743824,622895706,robot_3,3.780,-0.091
1776743824,622906094,robot_0,2.648,-0.074
1776743824,622916306,robot_2,-3.019,-2.484
1776743824,841466905,robot_4,-1.079,3.240
1776743824,841492431,robot_1,0.888,1.590
1776743824,841503449,robot_3,3.752,-0.029
1776743824,841512950,robot_0,2.648,-0.074
1776743824,841521257,robot_2,-2.977,-2.475
1776743825,41874579,robot_4,-1.080,3.240
1776743825,41901560,robot_1,0.820,1.573
1776743825,41913731,robot_3,3.723,0.034
1776743825,41923717,robot_0,2.648,-0.074
1776743825,41933813,robot_2,-2.944,-2.468
1776743825,260857395,robot_4,-1.080,3.240
1776743825,260876890,robot_1,0.767,1.558
1776743825,260883422,robot_3,3.705,0.074
1776743825,260889457,robot_0,2.648,-0.075
1776743825,260894467,robot_2,-2.922,-2.464
1776743825,461546451,robot_4,-1.080,3.240
1776743825,461566510,robot_1,0.732,1.548
1776743825,461575927,robot_3,3.683,0.123
1776743825,461583879,robot_0,2.649,-0.075
1776743825,461591026,robot_2,-2.884,-2.456
1776743825,681128541,robot_4,-1.080,3.240
1776743825,681143414,robot_1,0.701,1.538
1776743825,681150282,robot_3,3.664,0.163
1776743825,681155628,robot_0,2.649,-0.075
1776743825,681161032,robot_2,-2.827,-2.445
1776743825,882609437,robot_4,-1.081,3.240
1776743825,882628624,robot_1,0.664,1.524
1776743825,882643739,robot_3,3.664,0.163
1776743825,882656076,robot_0,2.649,-0.075
1776743825,882667633,robot_2,-2.758,-2.432
1776743826,100691629,robot_4,-1.081,3.240
1776743826,100707239,robot_1,0.628,1.511
1776743826,100714198,robot_3,3.663,0.163
1776743826,100719904,robot_0,2.650,-0.075
1776743826,100725520,robot_2,-2.713,-2.424
1776743826,301093780,robot_4,-1.082,3.240
1776743826,301115697,robot_1,0.595,1.498
1776743826,301122999,robot_3,3.663,0.163
1776743826,301128982,robot_0,2.650,-0.075
1776743826,301134973,robot_2,-2.654,-2.414
1776743826,520778378,robot_4,-1.082,3.239
1776743826,520796687,robot_1,0.552,1.481
1776743826,520802899,robot_3,3.662,0.163
1776743826,520810379,robot_0,2.650,-0.075
1776743826,520817061,robot_2,-2.578,-2.401
1776743826,744263709,robot_4,-1.082,3.239
1776743826,744306319,robot_1,0.496,1.459
1776743826,744325919,robot_3,3.662,0.163
1776743826,744341055,robot_0,2.649,-0.075
1776743826,744355444,robot_2,-2.534,-2.394
1776743826,961474824,robot_4,-1.083,3.239
1776743826,961493382,robot_1,0.451,1.442
1776743826,961501271,robot_3,3.661,0.163
1776743826,961507555,robot_0,2.649,-0.075
1776743826,961513301,robot_2,-2.465,-2.382
1776743827,181502870,robot_4,-1.082,3.242
1776743827,181527312,robot_1,0.402,1.422
1776743827,181539026,robot_3,3.661,0.164
1776743827,181548380,robot_0,2.649,-0.075
1776743827,181557162,robot_2,-2.403,-2.371
1776743827,401725151,robot_4,-1.082,3.244
1776743827,401759765,robot_1,0.340,1.398
1776743827,401772597,robot_3,3.661,0.164
1776743827,401780128,robot_0,2.648,-0.074
1776743827,401787346,robot_2,-2.357,-2.364
1776743827,601712320,robot_4,-1.083,3.244
1776743827,601735707,robot_1,0.302,1.383
1776743827,601745235,robot_3,3.660,0.164
1776743827,601752940,robot_0,2.648,-0.074
1776743827,601759895,robot_2,-2.302,-2.354
1776743827,822679129,robot_4,-1.083,3.244
1776743827,822697939,robot_1,0.271,1.371
1776743827,822704997,robot_3,3.660,0.165
1776743827,822711091,robot_0,2.648,-0.074
1776743827,822716837,robot_2,-2.254,-2.343
1776743828,42233302,robot_4,-1.083,3.243
1776743828,42256743,robot_1,0.243,1.361
1776743828,42266569,robot_3,3.695,0.177
1776743828,42273583,robot_0,2.648,-0.073
1776743828,42282957,robot_2,-2.213,-2.334
1776743828,243676486,robot_4,-1.083,3.243
1776743828,243702914,robot_1,0.205,1.347
1776743828,243714851,robot_3,3.752,0.197
1776743828,243723695,robot_0,2.648,-0.073
1776743828,243732092,robot_2,-2.181,-2.327
1776743828,461314440,robot_4,-1.082,3.242
1776743828,461339596,robot_1,0.157,1.331
1776743828,461351664,robot_3,3.793,0.211
1776743828,461361339,robot_0,2.648,-0.073
1776743828,461370007,robot_2,-2.139,-2.317
1776743828,662194606,robot_4,-1.082,3.242
1776743828,662215461,robot_1,0.114,1.318
1776743828,662225505,robot_3,3.852,0.232
1776743828,662233662,robot_0,2.648,-0.073
1776743828,662241394,robot_2,-2.088,-2.306
1776743828,881297408,robot_4,-1.082,3.242
1776743828,881316045,robot_1,0.071,1.307
1776743828,881324435,robot_3,3.910,0.252
1776743828,881331027,robot_0,2.648,-0.073
1776743828,881337925,robot_2,-2.008,-2.288
1776743829,100468333,robot_4,-1.081,3.242
1776743829,100484785,robot_1,0.044,1.299
1776743829,100490951,robot_3,3.952,0.268
1776743829,100497035,robot_0,2.648,-0.073
1776743829,100502077,robot_2,-1.961,-2.278
1776743829,301277303,robot_4,-1.080,3.241
1776743829,301302835,robot_1,0.011,1.291
1776743829,301310120,robot_3,3.999,0.285
1776743829,301316348,robot_0,2.648,-0.074
1776743829,301321951,robot_2,-1.908,-2.266
1776743829,501681692,robot_4,-1.080,3.241
1776743829,501713864,robot_1,-0.027,1.281
1776743829,501728012,robot_3,4.040,0.300
1776743829,501741477,robot_0,2.649,-0.074
1776743829,501752545,robot_2,-1.849,-2.255
1776743829,722088000,robot_4,-1.080,3.241
1776743829,722114238,robot_1,-0.055,1.274
1776743829,722128864,robot_3,4.083,0.316
1776743829,722140828,robot_0,2.649,-0.074
1776743829,722151999,robot_2,-1.805,-2.247
1776743829,941856432,robot_4,-1.080,3.241
1776743829,941879286,robot_1,-0.092,1.263
1776743829,941889388,robot_3,4.129,0.333
1776743829,941897425,robot_0,2.649,-0.074
1776743829,941904848,robot_2,-1.761,-2.237
1776743830,161258687,robot_4,-1.079,3.241
1776743830,161274658,robot_1,-0.130,1.251
1776743830,161283979,robot_3,4.171,0.349
1776743830,161289294,robot_0,2.650,-0.074
1776743830,161294575,robot_2,-1.735,-2.231
1776743830,362263976,robot_4,-1.079,3.241
1776743830,362293147,robot_1,-0.155,1.243
1776743830,362305386,robot_3,4.198,0.360
1776743830,362314757,robot_0,2.650,-0.074
1776743830,362323956,robot_2,-1.730,-2.228
1776743830,580803472,robot_4,-1.079,3.242
1776743830,580818885,robot_1,-0.195,1.229
1776743830,580825589,robot_3,4.198,0.360
1776743830,580831327,robot_0,2.650,-0.074
1776743830,580836071,robot_2,-1.733,-2.226
1776743830,781082385,robot_4,-1.078,3.242
1776743830,781103908,robot_1,-0.232,1.216
1776743830,781112485,robot_3,4.198,0.360
1776743830,781119194,robot_0,2.651,-0.074
1776743830,781125540,robot_2,-1.744,-2.221
1776743830,981725539,robot_4,-1.078,3.242
1776743830,981740588,robot_1,-0.269,1.203
1776743830,981746868,robot_3,4.199,0.359
1776743830,981752445,robot_0,2.651,-0.074
1776743830,981757482,robot_2,-1.760,-2.213
1776743831,182175377,robot_4,-1.078,3.243
1776743831,182194739,robot_1,-0.307,1.191
1776743831,182203703,robot_3,4.199,0.359
1776743831,182211076,robot_0,2.651,-0.074
1776743831,182218237,robot_2,-1.777,-2.205
1776743831,402096919,robot_4,-1.078,3.243
1776743831,402120084,robot_1,-0.364,1.172
1776743831,402128422,robot_3,4.200,0.359
1776743831,402135711,robot_0,2.651,-0.074
1776743831,402142853,robot_2,-1.796,-2.203
1776743831,621516188,robot_4,-1.077,3.243
1776743831,621537771,robot_1,-0.441,1.147
1776743831,621547677,robot_3,4.200,0.359
1776743831,621555781,robot_0,2.652,-0.074
1776743831,621563063,robot_2,-1.814,-2.208
1776743831,821625745,robot_4,-1.077,3.244
1776743831,821651736,robot_1,-0.480,1.135
1776743831,821663654,robot_3,4.200,0.359
1776743831,821673019,robot_0,2.652,-0.073
1776743831,821681592,robot_2,-1.817,-2.211
1776743832,41944348,robot_4,-1.078,3.244
1776743832,41974845,robot_1,-0.520,1.122
1776743832,41986467,robot_3,4.201,0.359
1776743832,41996470,robot_0,2.652,-0.073
1776743832,42005214,robot_2,-1.817,-2.210
1776743832,242557151,robot_4,-1.078,3.245
1776743832,242577985,robot_1,-0.556,1.110
1776743832,242585865,robot_3,4.201,0.359
1776743832,242592290,robot_0,2.652,-0.073
1776743832,242597532,robot_2,-1.816,-2.210
1776743832,460971431,robot_4,-1.078,3.245
1776743832,460988200,robot_1,-0.598,1.096
1776743832,460996316,robot_3,4.201,0.359
1776743832,461003367,robot_0,2.652,-0.073
1776743832,461009554,robot_2,-1.816,-2.210
1776743832,661016025,robot_4,-1.078,3.245
1776743832,661035858,robot_1,-0.638,1.083
1776743832,661044689,robot_3,4.202,0.359
1776743832,661051907,robot_0,2.652,-0.073
1776743832,661059354,robot_2,-1.816,-2.210
1776743832,861874624,robot_4,-1.079,3.246
1776743832,861902446,robot_1,-0.677,1.071
1776743832,861915873,robot_3,4.202,0.359
1776743832,861926921,robot_0,2.651,-0.073
1776743832,861936482,robot_2,-1.816,-2.210
1776743833,81070187,robot_4,-1.079,3.246
1776743833,81096751,robot_1,-0.719,1.057
1776743833,81110075,robot_3,4.202,0.360
1776743833,81121303,robot_0,2.651,-0.074
1776743833,81126182,robot_2,-1.816,-2.210
1776743833,282403165,robot_4,-1.079,3.246
1776743833,282423111,robot_1,-0.776,1.039
1776743833,282429916,robot_3,4.202,0.360
1776743833,282435693,robot_0,2.651,-0.074
1776743833,282441011,robot_2,-1.817,-2.211
1776743833,503459889,robot_4,-1.080,3.246
1776743833,503480677,robot_1,-0.830,1.021
1776743833,503489391,robot_3,4.202,0.360
1776743833,503496607,robot_0,2.650,-0.074
1776743833,503504107,robot_2,-1.818,-2.212
1776743833,721571890,robot_4,-1.080,3.246
1776743833,721589414,robot_1,-0.874,1.007
1776743833,721595769,robot_3,4.203,0.361
1776743833,721601231,robot_0,2.650,-0.074
1776743833,721607214,robot_2,-1.818,-2.212
1776743833,940380418,robot_4,-1.079,3.246
1776743833,940398053,robot_1,-0.944,0.984
1776743833,940413442,robot_3,4.203,0.361
1776743833,940419237,robot_0,2.650,-0.074
1776743833,940424987,robot_2,-1.818,-2.212
1776743834,141118904,robot_4,-1.079,3.245
1776743834,141137601,robot_1,-0.989,0.969
1776743834,141144257,robot_3,4.202,0.362
1776743834,141150612,robot_0,2.649,-0.074
1776743834,141156474,robot_2,-1.819,-2.213
1776743834,360606176,robot_4,-1.078,3.245
1776743834,360621728,robot_1,-1.031,0.956
1776743834,360637513,robot_3,4.202,0.362
1776743834,360643072,robot_0,2.649,-0.074
1776743834,360647810,robot_2,-1.819,-2.213
1776743834,560960460,robot_4,-1.078,3.245
1776743834,560979566,robot_1,-1.068,0.943
1776743834,560989549,robot_3,4.202,0.362
1776743834,560997038,robot_0,2.649,-0.074
1776743834,561003968,robot_2,-1.818,-2.213
1776743834,762383514,robot_4,-1.078,3.244
1776743834,762403046,robot_1,-1.106,0.929
1776743834,762410827,robot_3,4.202,0.363
1776743834,762417207,robot_0,2.649,-0.074
1776743834,762422916,robot_2,-1.818,-2.214
1776743834,981778927,robot_4,-1.078,3.244
1776743834,981802911,robot_1,-1.142,0.915
1776743834,981814276,robot_3,4.201,0.363
1776743834,981823587,robot_0,2.649,-0.074
1776743834,981832739,robot_2,-1.818,-2.214
1776743835,201525218,robot_4,-1.078,3.243
1776743835,201542859,robot_1,-1.171,0.903
1776743835,201551499,robot_3,4.201,0.363
1776743835,201559274,robot_0,2.650,-0.074
1776743835,201566107,robot_2,-1.818,-2.214
1776743835,421793229,robot_4,-1.078,3.243
1776743835,421815972,robot_1,-1.212,0.887
1776743835,421827342,robot_3,4.201,0.363
1776743835,421836029,robot_0,2.650,-0.074
1776743835,421844527,robot_2,-1.818,-2.215
1776743835,642354982,robot_4,-1.078,3.242
1776743835,642383255,robot_1,-1.256,0.870
1776743835,642395461,robot_3,4.200,0.363
1776743835,642402229,robot_0,2.650,-0.074
1776743835,642408626,robot_2,-1.817,-2.215
1776743835,861496342,robot_4,-1.078,3.242
1776743835,861519094,robot_1,-1.299,0.853
1776743835,861530739,robot_3,4.200,0.363
1776743835,861540200,robot_0,2.651,-0.073
1776743835,861549268,robot_2,-1.817,-2.215
1776743836,81140462,robot_4,-1.078,3.243
1776743836,81162198,robot_1,-1.340,0.837
1776743836,81172044,robot_3,4.199,0.363
1776743836,81180765,robot_0,2.651,-0.073
1776743836,81188790,robot_2,-1.816,-2.215
1776743836,301537437,robot_4,-1.078,3.243
1776743836,301559841,robot_1,-1.406,0.810
1776743836,301568703,robot_3,4.206,0.345
1776743836,301576611,robot_0,2.651,-0.073
1776743836,301583399,robot_2,-1.816,-2.215
1776743836,521766220,robot_4,-1.078,3.244
1776743836,521796261,robot_1,-1.461,0.787
1776743836,521811778,robot_3,4.222,0.302
1776743836,521824528,robot_0,2.651,-0.073
1776743836,521836459,robot_2,-1.816,-2.215
1776743836,741159105,robot_4,-1.078,3.244
1776743836,741181148,robot_1,-1.504,0.767
1776743836,741188911,robot_3,4.238,0.261
1776743836,741194992,robot_0,2.651,-0.072
1776743836,741200534,robot_2,-1.816,-2.215
1776743836,942176181,robot_4,-1.079,3.244
1776743836,942199259,robot_1,-1.552,0.745
1776743836,942211290,robot_3,4.259,0.204
1776743836,942219848,robot_0,2.651,-0.072
1776743836,942228179,robot_2,-1.817,-2.216
1776743837,161692412,robot_4,-1.079,3.245
1776743837,161723299,robot_1,-1.595,0.725
1776743837,161731724,robot_3,4.282,0.143
1776743837,161738537,robot_0,2.651,-0.072
1776743837,161746028,robot_2,-1.819,-2.219
1776743837,362335196,robot_4,-1.079,3.245
1776743837,362362727,robot_1,-1.640,0.705
1776743837,362375042,robot_3,4.297,0.105
1776743837,362384593,robot_0,2.651,-0.071
1776743837,362394452,robot_2,-1.818,-2.219
1776743837,581477915,robot_4,-1.080,3.245
1776743837,581496418,robot_1,-1.715,0.670
1776743837,581505114,robot_3,4.323,0.035
1776743837,581511367,robot_0,2.651,-0.071
1776743837,581517693,robot_2,-1.817,-2.219
1776743837,800963318,robot_4,-1.080,3.245
1776743837,800980386,robot_1,-1.761,0.649
1776743837,800987509,robot_3,4.347,-0.028
1776743837,800993083,robot_0,2.650,-0.071
1776743837,800998534,robot_2,-1.816,-2.219
1776743838,1413554,robot_4,-1.081,3.245
1776743838,1436301,robot_1,-1.809,0.627
1776743838,1447239,robot_3,4.360,-0.064
1776743838,1455822,robot_0,2.650,-0.071
1776743838,1463965,robot_2,-1.816,-2.219
1776743838,201949162,robot_4,-1.081,3.245
1776743838,201972290,robot_1,-1.870,0.601
1776743838,201983670,robot_3,4.361,-0.066
1776743838,201993323,robot_0,2.649,-0.071
1776743838,202001757,robot_2,-1.816,-2.218
1776743838,402126389,robot_4,-1.081,3.245
1776743838,402149646,robot_1,-1.909,0.586
1776743838,402160548,robot_3,4.362,-0.066
1776743838,402169210,robot_0,2.631,-0.118
1776743838,402177056,robot_2,-1.816,-2.218
1776743838,620745154,robot_4,-1.082,3.245
1776743838,620766461,robot_1,-1.944,0.573
1776743838,620774031,robot_3,4.362,-0.066
1776743838,620780128,robot_0,2.610,-0.171
1776743838,620785490,robot_2,-1.816,-2.218
1776743838,821500190,robot_4,-1.082,3.244
1776743838,821528663,robot_1,-1.974,0.562
1776743838,821537735,robot_3,4.363,-0.066
1776743838,821545234,robot_0,2.596,-0.207
1776743838,821552071,robot_2,-1.817,-2.218
1776743839,22530312,robot_4,-1.082,3.244
1776743839,22566083,robot_1,-2.012,0.548
1776743839,22600516,robot_3,4.363,-0.066
1776743839,22612646,robot_0,2.583,-0.240
1776743839,22624016,robot_2,-1.820,-2.216
1776743839,242628486,robot_4,-1.082,3.244
1776743839,242651108,robot_1,-2.050,0.534
1776743839,242660064,robot_3,4.364,-0.067
1776743839,242666973,robot_0,2.567,-0.280
1776743839,242673648,robot_2,-1.822,-2.217
1776743839,461775489,robot_4,-1.062,3.235
1776743839,461798449,robot_1,-2.088,0.519
1776743839,461810128,robot_3,4.364,-0.067
1776743839,461820573,robot_0,2.551,-0.322
1776743839,461830003,robot_2,-1.824,-2.218
1776743839,681352133,robot_4,-1.029,3.221
1776743839,681367105,robot_1,-2.129,0.504
1776743839,681373894,robot_3,4.364,-0.067
1776743839,681379525,robot_0,2.535,-0.363
1776743839,681384668,robot_2,-1.825,-2.220
1776743839,881540300,robot_4,-0.992,3.205
1776743839,881556869,robot_1,-2.193,0.480
1776743839,881563485,robot_3,4.364,-0.068
1776743839,881569091,robot_0,2.522,-0.401
1776743839,881574549,robot_2,-1.825,-2.221
1776743840,100441365,robot_4,-0.933,3.180
1776743840,100461399,robot_1,-2.254,0.457
1776743840,100468775,robot_3,4.365,-0.068
1776743840,100474472,robot_0,2.504,-0.451
1776743840,100479824,robot_2,-1.826,-2.222
1776743840,301076583,robot_4,-0.889,3.162
1776743840,301094578,robot_1,-2.291,0.443
1776743840,301101381,robot_3,4.365,-0.068
1776743840,301107143,robot_0,2.483,-0.504
1776743840,301112420,robot_2,-1.826,-2.223
1776743840,501793119,robot_4,-0.850,3.145
1776743840,501813434,robot_1,-2.326,0.431
1776743840,501823559,robot_3,4.364,-0.068
1776743840,501831483,robot_0,2.466,-0.541
1776743840,501838984,robot_2,-1.826,-2.224
1776743840,701817851,robot_4,-0.786,3.119
1776743840,701840299,robot_1,-2.362,0.417
1776743840,701850319,robot_3,4.364,-0.068
1776743840,701858268,robot_0,2.446,-0.585
1776743840,701865662,robot_2,-1.827,-2.224
1776743840,902257485,robot_4,-0.735,3.099
1776743840,902289455,robot_1,-2.400,0.403
1776743840,902302084,robot_3,4.364,-0.068
1776743840,902311885,robot_0,2.423,-0.636
1776743840,902321006,robot_2,-1.827,-2.225
1776743841,122630023,robot_4,-0.691,3.081
1776743841,122671709,robot_1,-2.462,0.380
1776743841,122695426,robot_3,4.364,-0.067
1776743841,122716673,robot_0,2.404,-0.676
1776743841,122736202,robot_2,-1.827,-2.225
1776743841,341558285,robot_4,-0.628,3.056
1776743841,341591201,robot_1,-2.510,0.362
1776743841,341607281,robot_3,4.363,-0.067
1776743841,341618569,robot_0,2.385,-0.718
1776743841,341630154,robot_2,-1.827,-2.226
1776743841,561621604,robot_4,-0.583,3.037
1776743841,561643381,robot_1,-2.550,0.347
1776743841,561653735,robot_3,4.363,-0.067
1776743841,561662103,robot_0,2.365,-0.761
1776743841,561669199,robot_2,-1.827,-2.226
1776743841,780963881,robot_4,-0.530,3.015
1776743841,780982393,robot_1,-2.586,0.334
1776743841,780990078,robot_3,4.362,-0.067
1776743841,780995585,robot_0,2.347,-0.801
1776743841,781000602,robot_2,-1.827,-2.226
1776743841,981419165,robot_4,-0.465,2.987
1776743841,981449952,robot_1,-2.623,0.320
1776743841,981463582,robot_3,4.362,-0.067
1776743841,981473575,robot_0,2.330,-0.838
1776743841,981483417,robot_2,-1.827,-2.227
1776743842,200354453,robot_4,-0.422,2.967
1776743842,200369641,robot_1,-2.656,0.307
1776743842,200376125,robot_3,4.362,-0.067
1776743842,200381200,robot_0,2.312,-0.879
1776743842,200386167,robot_2,-1.827,-2.227
1776743842,402221571,robot_4,-0.384,2.950
1776743842,402238411,robot_1,-2.680,0.298
1776743842,402245940,robot_3,4.361,-0.067
1776743842,402252213,robot_0,2.297,-0.917
1776743842,402258092,robot_2,-1.827,-2.227
1776743842,622463578,robot_4,-0.341,2.931
1776743842,622493559,robot_1,-2.721,0.281
1776743842,622510670,robot_3,4.361,-0.068
1776743842,622524530,robot_0,2.268,-0.987
1776743842,622538027,robot_2,-1.827,-2.226
1776743842,841724181,robot_4,-0.301,2.913
1776743842,841765241,robot_1,-2.769,0.261
1776743842,841774573,robot_3,4.361,-0.068
1776743842,841783041,robot_0,2.246,-1.040
1776743842,841790721,robot_2,-1.827,-2.226
1776743843,60171990,robot_4,-0.248,2.890
1776743843,60187254,robot_1,-2.814,0.244
1776743843,60193566,robot_3,4.360,-0.068
1776743843,60199384,robot_0,2.230,-1.080
1776743843,60204577,robot_2,-1.827,-2.225
1776743843,261610342,robot_4,-0.203,2.871
1776743843,261629410,robot_1,-2.814,0.244
1776743843,261636372,robot_3,4.360,-0.069
1776743843,261641763,robot_0,2.214,-1.115
1776743843,261646605,robot_2,-1.827,-2.225
1776743843,481440963,robot_4,-0.163,2.854
1776743843,481457971,robot_1,-2.814,0.244
1776743843,481465576,robot_3,4.360,-0.069
1776743843,481471977,robot_0,2.195,-1.154
1776743843,481477564,robot_2,-1.826,-2.225
1776743843,682120352,robot_4,-0.136,2.842
1776743843,682146354,robot_1,-2.814,0.244
1776743843,682156638,robot_3,4.360,-0.070
1776743843,682165500,robot_0,2.179,-1.186
1776743843,682173031,robot_2,-1.826,-2.224
1776743843,902017373,robot_4,-0.101,2.826
1776743843,902037525,robot_1,-2.815,0.244
1776743843,902045920,robot_3,4.360,-0.070
1776743843,902052351,robot_0,2.162,-1.217
1776743843,902058220,robot_2,-1.825,-2.224
1776743844,122062026,robot_4,-0.058,2.805
1776743844,122082627,robot_1,-2.815,0.245
1776743844,122091403,robot_3,4.360,-0.070
1776743844,122099346,robot_0,2.142,-1.256
1776743844,122105864,robot_2,-1.825,-2.224
1776743844,341998339,robot_4,0.009,2.774
1776743844,342019860,robot_1,-2.815,0.245
1776743844,342028743,robot_3,4.360,-0.070
1776743844,342035925,robot_0,2.113,-1.313
1776743844,342042741,robot_2,-1.825,-2.224
1776743844,561492424,robot_4,0.056,2.752
1776743844,561511919,robot_1,-2.816,0.245
1776743844,561520344,robot_3,4.360,-0.069
1776743844,561527440,robot_0,2.082,-1.373
1776743844,561533909,robot_2,-1.825,-2.224
1776743844,762338736,robot_4,0.098,2.732
1776743844,762358198,robot_1,-2.816,0.245
1776743844,762365342,robot_3,4.360,-0.069
1776743844,762371113,robot_0,2.064,-1.409
1776743844,762376154,robot_2,-1.825,-2.224
1776743844,981064608,robot_4,0.153,2.705
1776743844,981082429,robot_1,-2.817,0.245
1776743844,981089463,robot_3,4.361,-0.068
1776743844,981094944,robot_0,2.041,-1.453
1776743844,981100113,robot_2,-1.824,-2.224
1776743845,201645420,robot_4,0.193,2.684
1776743845,201677186,robot_1,-2.817,0.245
1776743845,201688203,robot_3,4.361,-0.068
1776743845,201697180,robot_0,2.020,-1.494
1776743845,201705713,robot_2,-1.824,-2.224
1776743845,422317402,robot_4,0.230,2.664
1776743845,422335460,robot_1,-2.817,0.245
1776743845,422343051,robot_3,4.361,-0.068
1776743845,422349173,robot_0,2.000,-1.532
1776743845,422354995,robot_2,-1.823,-2.225
1776743845,640629295,robot_4,0.267,2.645
1776743845,640646504,robot_1,-2.817,0.244
1776743845,640653062,robot_3,4.362,-0.067
1776743845,640658535,robot_0,1.987,-1.558
1776743845,640671231,robot_2,-1.823,-2.225
1776743845,841253434,robot_4,0.302,2.626
1776743845,841284309,robot_1,-2.818,0.244
1776743845,841296349,robot_3,4.362,-0.067
1776743845,841305351,robot_0,1.970,-1.591
1776743845,841313735,robot_2,-1.823,-2.225
1776743846,41482045,robot_4,0.326,2.613
1776743846,41514150,robot_1,-2.818,0.244
1776743846,41527686,robot_3,4.363,-0.067
1776743846,41538295,robot_0,1.949,-1.631
1776743846,41549526,robot_2,-1.822,-2.226
1776743846,242126757,robot_4,0.352,2.599
1776743846,242146742,robot_1,-2.818,0.243
1776743846,242153741,robot_3,4.363,-0.067
1776743846,242158958,robot_0,1.918,-1.691
1776743846,242163926,robot_2,-1.822,-2.226
1776743846,461577727,robot_4,0.391,2.578
1776743846,461596732,robot_1,-2.818,0.243
1776743846,461605143,robot_3,4.363,-0.067
1776743846,461611754,robot_0,1.894,-1.737
1776743846,461618089,robot_2,-1.822,-2.227
1776743846,661635249,robot_4,0.428,2.558
1776743846,661656263,robot_1,-2.818,0.243
1776743846,661665866,robot_3,4.362,-0.067
1776743846,661673795,robot_0,1.876,-1.773
1776743846,661680883,robot_2,-1.822,-2.227
1776743846,881402362,robot_4,0.468,2.537
1776743846,881422780,robot_1,-2.818,0.242
1776743846,881431947,robot_3,4.362,-0.067
1776743846,881439549,robot_0,1.856,-1.811
1776743846,881446420,robot_2,-1.872,-2.227
1776743847,101534374,robot_4,0.508,2.516
1776743847,101560228,robot_1,-2.818,0.242
1776743847,101573841,robot_3,4.362,-0.068
1776743847,101585172,robot_0,1.836,-1.850
1776743847,101596489,robot_2,-1.927,-2.229
1776743847,301940301,robot_4,0.550,2.493
1776743847,301969562,robot_1,-2.818,0.241
1776743847,301982026,robot_3,4.361,-0.068
1776743847,301992019,robot_0,1.821,-1.879
1776743847,302000952,robot_2,-1.970,-2.231
1776743847,501961030,robot_4,0.588,2.473
1776743847,501989898,robot_1,-2.818,0.241
1776743847,502005422,robot_3,4.361,-0.068
1776743847,502016745,robot_0,1.809,-1.902
1776743847,502027550,robot_2,-2.034,-2.233
1776743847,721544461,robot_4,0.626,2.453
1776743847,721573366,robot_1,-2.817,0.241
1776743847,721588309,robot_3,4.361,-0.069
1776743847,721601815,robot_0,1.789,-1.942
1776743847,721608483,robot_2,-2.088,-2.234
1776743847,941345542,robot_4,0.660,2.435
1776743847,941361821,robot_1,-2.817,0.241
1776743847,941368191,robot_3,4.361,-0.069
1776743847,941373342,robot_0,1.771,-1.975
1776743847,941378019,robot_2,-2.133,-2.234
1776743848,160078993,robot_4,0.698,2.414
1776743848,160094309,robot_1,-2.816,0.241
1776743848,160101458,robot_3,4.361,-0.070
1776743848,160107666,robot_0,1.754,-2.010
1776743848,160120967,robot_2,-2.178,-2.236
1776743848,361499587,robot_4,0.732,2.396
1776743848,361520838,robot_1,-2.816,0.240
1776743848,361530297,robot_3,4.361,-0.070
1776743848,361537493,robot_0,1.735,-2.045
1776743848,361544103,robot_2,-2.218,-2.239
1776743848,581498303,robot_4,0.768,2.376
1776743848,581514198,robot_1,-2.816,0.241
1776743848,581521271,robot_3,4.361,-0.071
1776743848,581526723,robot_0,1.714,-2.085
1776743848,581531449,robot_2,-2.267,-2.244
1776743848,800928765,robot_4,0.806,2.353
1776743848,800948472,robot_1,-2.815,0.241
1776743848,800956694,robot_3,4.362,-0.071
1776743848,800963637,robot_0,1.693,-2.125
1776743848,800969645,robot_2,-2.320,-2.250
1776743849,1957987,robot_4,0.840,2.332
1776743849,1977718,robot_1,-2.819,0.260
1776743849,1987247,robot_3,4.362,-0.071
1776743849,1994699,robot_0,1.673,-2.160
1776743849,2003073,robot_2,-2.360,-2.254
1776743849,222349290,robot_4,0.877,2.310
1776743849,222377869,robot_1,-2.837,0.338
1776743849,222391758,robot_3,4.362,-0.071
1776743849,222403936,robot_0,1.635,-2.227
1776743849,222415402,robot_2,-2.411,-2.259
1776743849,422864540,robot_4,0.911,2.289
1776743849,422889530,robot_1,-2.846,0.378
1776743849,422901975,robot_3,4.363,-0.071
1776743849,422911850,robot_0,1.608,-2.273
1776743849,422920486,robot_2,-2.458,-2.264
1776743849,641404398,robot_4,0.950,2.265
1776743849,641428497,robot_1,-2.855,0.419
1776743849,641439965,robot_3,4.363,-0.071
1776743849,641448795,robot_0,1.585,-2.314
1776743849,641457483,robot_2,-2.502,-2.268
1776743849,841817977,robot_4,0.985,2.243
1776743849,841845747,robot_1,-2.862,0.457
1776743849,841860695,robot_3,4.364,-0.071
1776743849,841866902,robot_0,1.559,-2.359
1776743849,841873375,robot_2,-2.562,-2.275
1776743850,61478174,robot_4,1.022,2.220
1776743850,61510825,robot_1,-2.868,0.501
1776743850,61519298,robot_3,4.364,-0.071
1776743850,61527109,robot_0,1.536,-2.400
1776743850,61534288,robot_2,-2.623,-2.281
1776743850,261820093,robot_4,1.080,2.184
1776743850,261838146,robot_1,-2.872,0.525
1776743850,261844960,robot_3,4.364,-0.071
1776743850,261850513,robot_0,1.513,-2.440
1776743850,261856031,robot_2,-2.663,-2.285
1776743850,481541703,robot_4,1.140,2.148
1776743850,481558334,robot_1,-2.874,0.540
1776743850,481565363,robot_3,4.363,-0.071
1776743850,481570681,robot_0,1.481,-2.497
1776743850,481575597,robot_2,-2.701,-2.289
1776743850,700088574,robot_4,1.179,2.124
1776743850,700104861,robot_1,-2.874,0.540
1776743850,700111585,robot_3,4.363,-0.071
1776743850,700117282,robot_0,1.458,-2.536
1776743850,700122056,robot_2,-2.743,-2.293
1776743850,901805355,robot_4,1.238,2.089
1776743850,901831533,robot_1,-2.874,0.540
1776743850,901840439,robot_3,4.362,-0.071
1776743850,901848072,robot_0,1.435,-2.577
1776743850,901853961,robot_2,-2.785,-2.298
1776743851,121586273,robot_4,1.289,2.059
1776743851,121601818,robot_1,-2.875,0.541
1776743851,121608411,robot_3,4.362,-0.071
1776743851,121614467,robot_0,1.407,-2.624
1776743851,121619601,robot_2,-2.867,-2.306
1776743851,321713222,robot_4,1.325,2.039
1776743851,321743211,robot_1,-2.875,0.541
1776743851,321756509,robot_3,4.362,-0.070
1776743851,321768100,robot_0,1.385,-2.657
1776743851,321778271,robot_2,-2.920,-2.312
1776743851,541578700,robot_4,1.366,2.016
1776743851,541598489,robot_1,-2.876,0.541
1776743851,541606686,robot_3,4.361,-0.070
1776743851,541613573,robot_0,1.356,-2.701
1776743851,541619740,robot_2,-2.968,-2.316
1776743851,741663223,robot_4,1.401,1.996
1776743851,741689627,robot_1,-2.876,0.541
1776743851,741700491,robot_3,4.361,-0.069
1776743851,741709635,robot_0,1.329,-2.742
1776743851,741719577,robot_2,-3.018,-2.322
1776743851,941660447,robot_4,1.442,1.974
1776743851,941686056,robot_1,-2.876,0.542
1776743851,941694534,robot_3,4.361,-0.069
1776743851,941700744,robot_0,1.307,-2.775
1776743851,941706429,robot_2,-3.059,-2.326
1776743852,161383478,robot_4,1.514,1.933
1776743852,161402761,robot_1,-2.876,0.542
1776743852,161411145,robot_3,4.361,-0.069
1776743852,161418224,robot_0,1.271,-2.830
1776743852,161425596,robot_2,-3.096,-2.330
1776743852,361952923,robot_4,1.556,1.910
1776743852,361971777,robot_1,-2.876,0.543
1776743852,361979994,robot_3,4.361,-0.069
1776743852,361986213,robot_0,1.238,-2.879
1776743852,361991992,robot_2,-3.120,-2.332
1776743852,580844422,robot_4,1.598,1.886
1776743852,580861125,robot_1,-2.876,0.543
1776743852,580868924,robot_3,4.361,-0.069
1776743852,580875558,robot_0,1.214,-2.916
1776743852,580882190,robot_2,-3.163,-2.336
1776743852,801650242,robot_4,1.643,1.861
1776743852,801672336,robot_1,-2.876,0.543
1776743852,801682597,robot_3,4.361,-0.069
1776743852,801690155,robot_0,1.187,-2.957
1776743852,801698440,robot_2,-3.203,-2.341
1776743853,1994305,robot_4,1.678,1.842
1776743853,2017787,robot_1,-2.876,0.543
1776743853,2027203,robot_3,4.362,-0.069
1776743853,2034557,robot_0,1.164,-2.992
1776743853,2042384,robot_2,-3.239,-2.343
1776743853,221544454,robot_4,1.707,1.825
1776743853,221560258,robot_1,-2.876,0.542
1776743853,221567153,robot_3,4.362,-0.070
1776743853,221574359,robot_0,1.138,-3.031
1776743853,221589666,robot_2,-3.283,-2.346
1776743853,422442964,robot_4,1.731,1.812
1776743853,422461877,robot_1,-2.876,0.542
1776743853,422471182,robot_3,4.362,-0.070
1776743853,422478380,robot_0,1.105,-3.080
1776743853,422485067,robot_2,-3.346,-2.350
1776743853,642266252,robot_4,1.769,1.791
1776743853,642288989,robot_1,-2.875,0.542
1776743853,642298478,robot_3,4.362,-0.070
1776743853,642305986,robot_0,1.075,-3.123
1776743853,642313022,robot_2,-3.420,-2.354
1776743853,860430170,robot_4,1.828,1.758
1776743853,860446838,robot_1,-2.875,0.541
1776743853,860453577,robot_3,4.363,-0.071
1776743853,860459311,robot_0,1.046,-3.165
1776743853,860464516,robot_2,-3.464,-2.357
1776743854,60585311,robot_4,1.879,1.729
1776743854,60600456,robot_1,-2.875,0.541
1776743854,60606694,robot_3,4.363,-0.071
1776743854,60611874,robot_0,1.007,-3.218
1776743854,60616511,robot_2,-3.500,-2.359
1776743854,262952047,robot_4,1.914,1.709
1776743854,262978660,robot_1,-2.874,0.541
1776743854,262988369,robot_3,4.364,-0.071
1776743854,262996038,robot_0,0.978,-3.255
1776743854,263014850,robot_2,-3.539,-2.360
1776743854,480673602,robot_4,1.972,1.677
1776743854,480690710,robot_1,-2.874,0.541
1776743854,480698944,robot_3,4.364,-0.071
1776743854,480705565,robot_0,0.947,-3.292
1776743854,480713443,robot_2,-3.582,-2.361
1776743854,681206667,robot_4,2.018,1.651
1776743854,681223396,robot_1,-2.874,0.541
1776743854,681231958,robot_3,4.364,-0.070
1776743854,681238847,robot_0,0.917,-3.329
1776743854,681246037,robot_2,-3.604,-2.362
1776743854,881331669,robot_4,2.053,1.632
1776743854,881346334,robot_1,-2.873,0.542
1776743854,881353195,robot_3,4.365,-0.070
1776743854,881358782,robot_0,0.891,-3.360
1776743854,881364022,robot_2,-3.635,-2.362
1776743855,102212422,robot_4,2.121,1.593
1776743855,102240640,robot_1,-2.873,0.542
1776743855,102253185,robot_3,4.365,-0.070
1776743855,102263277,robot_0,0.864,-3.393
1776743855,102273483,robot_2,-3.682,-2.363
1776743855,322556354,robot_4,2.175,1.563
1776743855,322573922,robot_1,-2.872,0.542
1776743855,322581272,robot_3,4.365,-0.070
1776743855,322587235,robot_0,0.835,-3.426
1776743855,322592796,robot_2,-3.753,-2.365
1776743855,542147700,robot_4,2.208,1.545
1776743855,542181364,robot_1,-2.872,0.542
1776743855,542198031,robot_3,4.366,-0.069
1776743855,542210732,robot_0,0.805,-3.458
1776743855,542222320,robot_2,-3.804,-2.366
1776743855,763657687,robot_4,2.208,1.545
1776743855,763683866,robot_1,-2.872,0.543
1776743855,763696033,robot_3,4.366,-0.069
1776743855,763706325,robot_0,0.767,-3.498
1776743855,763715513,robot_2,-3.845,-2.367
1776743855,981031105,robot_4,2.208,1.545
1776743855,981048842,robot_1,-2.872,0.543
1776743855,981056310,robot_3,4.366,-0.068
1776743855,981062072,robot_0,0.730,-3.537
1776743855,981067860,robot_2,-3.881,-2.369
1776743856,201168559,robot_4,2.209,1.546
1776743856,201190776,robot_1,-2.872,0.544
1776743856,201202362,robot_3,4.306,-0.063
1776743856,201213463,robot_0,0.701,-3.568
1776743856,201221877,robot_2,-3.925,-2.372
1776743856,401479065,robot_4,2.209,1.546
1776743856,401501040,robot_1,-2.872,0.544
1776743856,401510807,robot_3,4.248,-0.057
1776743856,401518729,robot_0,0.682,-3.587
1776743856,401526270,robot_2,-3.976,-2.376
1776743856,622753534,robot_4,2.210,1.546
1776743856,622784382,robot_1,-2.872,0.543
1776743856,622798731,robot_3,4.205,-0.053
1776743856,622809869,robot_0,0.654,-3.613
1776743856,622820676,robot_2,-4.036,-2.380
1776743856,841447617,robot_4,2.210,1.546
1776743856,841469355,robot_1,-2.872,0.543
1776743856,841478776,robot_3,4.164,-0.049
1776743856,841485978,robot_0,0.624,-3.641
1776743856,841492910,robot_2,-4.080,-2.383
1776743857,60963952,robot_4,2.211,1.546
1776743857,60982211,robot_1,-2.872,0.543
1776743857,60988800,robot_3,4.120,-0.044
1776743857,60994988,robot_0,0.599,-3.663
1776743857,61000317,robot_2,-4.112,-2.385
1776743857,281142475,robot_4,2.211,1.546
1776743857,281162101,robot_1,-2.873,0.542
1776743857,281169394,robot_3,4.080,-0.040
1776743857,281174630,robot_0,0.566,-3.691
1776743857,281179721,robot_2,-4.148,-2.386
1776743857,482558315,robot_4,2.212,1.546
1776743857,482585420,robot_1,-2.873,0.542
1776743857,482599197,robot_3,4.047,-0.036
1776743857,482606749,robot_0,0.538,-3.714
1776743857,482614885,robot_2,-4.188,-2.387
1776743857,700468752,robot_4,2.212,1.546
1776743857,700483462,robot_1,-2.873,0.542
1776743857,700490032,robot_3,4.003,-0.031
1776743857,700495153,robot_0,0.510,-3.738
1776743857,700500326,robot_2,-4.218,-2.387
1776743857,901696955,robot_4,2.212,1.546
1776743857,901721314,robot_1,-2.874,0.542
1776743857,901733284,robot_3,3.975,-0.027
1776743857,901742769,robot_0,0.479,-3.764
1776743857,901752611,robot_2,-4.254,-2.387
1776743858,121057058,robot_4,2.211,1.546
1776743858,121074115,robot_1,-2.874,0.541
1776743858,121081636,robot_3,3.949,-0.024
1776743858,121087560,robot_0,0.440,-3.796
1776743858,121093465,robot_2,-4.303,-2.388
1776743858,321635733,robot_4,2.211,1.546
1776743858,321655131,robot_1,-2.875,0.542
1776743858,321662388,robot_3,3.909,-0.020
1776743858,321667826,robot_0,0.403,-3.827
1776743858,321673861,robot_2,-4.373,-2.388
1776743858,522243797,robot_4,2.211,1.546
1776743858,522268179,robot_1,-2.875,0.542
1776743858,522288842,robot_3,3.881,-0.017
1776743858,522299137,robot_0,0.372,-3.853
1776743858,522308504,robot_2,-4.423,-2.387
1776743858,741750947,robot_4,2.210,1.546
1776743858,741769772,robot_1,-2.875,0.542
1776743858,741776915,robot_3,3.850,-0.014
1776743858,741782798,robot_0,0.343,-3.878
1776743858,741788163,robot_2,-4.474,-2.387
1776743858,961506904,robot_4,2.210,1.546
1776743858,961524983,robot_1,-2.874,0.542
1776743858,961533545,robot_3,3.807,-0.010
1776743858,961540570,robot_0,0.313,-3.903
1776743858,961547039,robot_2,-4.543,-2.385
1776743859,162122976,robot_4,2.209,1.545
1776743859,162144667,robot_1,-2.874,0.542
1776743859,162152360,robot_3,3.774,-0.008
1776743859,162158542,robot_0,0.282,-3.929
1776743859,162164241,robot_2,-4.585,-2.385
1776743859,381273856,robot_4,2.209,1.545
1776743859,381293323,robot_1,-2.874,0.542
1776743859,381301172,robot_3,3.734,-0.006
1776743859,381307110,robot_0,0.231,-3.971
1776743859,381312443,robot_2,-4.624,-2.384
1776743859,600218044,robot_4,2.209,1.545
1776743859,600233260,robot_1,-2.873,0.542
1776743859,600240150,robot_3,3.691,-0.005
1776743859,600245457,robot_0,0.186,-4.009
1776743859,600258737,robot_2,-4.662,-2.384
1776743859,801368676,robot_4,2.208,1.544
1776743859,801391124,robot_1,-2.873,0.543
1776743859,801401384,robot_3,3.661,-0.005
1776743859,801409307,robot_0,0.155,-4.035
1776743859,801416814,robot_2,-4.702,-2.384
1776743860,21946648,robot_4,2.208,1.544
1776743860,21976110,robot_1,-2.873,0.543
1776743860,21990794,robot_3,3.621,-0.004
1776743860,22002694,robot_0,0.109,-4.074
1776743860,22015289,robot_2,-4.748,-2.384
1776743860,222399603,robot_4,2.208,1.544
1776743860,222430580,robot_1,-2.873,0.543
1776743860,222445296,robot_3,3.584,-0.003
1776743860,222457435,robot_0,0.074,-4.103
1776743860,222469111,robot_2,-4.751,-2.383
1776743860,441746491,robot_4,2.208,1.543
1776743860,441763657,robot_1,-2.873,0.544
1776743860,441772422,robot_3,3.554,-0.002
1776743860,441779684,robot_0,0.036,-4.135
1776743860,441786061,robot_2,-4.751,-2.383
1776743860,661351235,robot_4,2.209,1.543
1776743860,661377680,robot_1,-2.873,0.544
1776743860,661391012,robot_3,3.547,-0.002
1776743860,661402259,robot_0,-0.024,-4.186
1776743860,661427270,robot_2,-4.746,-2.383
1776743860,880315912,robot_4,2.209,1.542
1776743860,880332365,robot_1,-2.873,0.545
1776743860,880339015,robot_3,3.547,-0.002
1776743860,880344447,robot_0,-0.064,-4.222
1776743860,880349747,robot_2,-4.728,-2.383
1776743861,81437244,robot_4,2.209,1.542
1776743861,81453833,robot_1,-2.873,0.545
1776743861,81460892,robot_3,3.547,-0.001
1776743861,81467356,robot_0,-0.103,-4.257
1776743861,81473525,robot_2,-4.710,-2.380
1776743861,281577616,robot_4,2.209,1.542
1776743861,281597251,robot_1,-2.873,0.545
1776743861,281604676,robot_3,3.546,-0.001
1776743861,281610096,robot_0,-0.158,-4.306
1776743861,281615837,robot_2,-4.693,-2.376
1776743861,481807647,robot_4,2.209,1.542
1776743861,481835421,robot_1,-2.874,0.545
1776743861,481844180,robot_3,3.546,-0.000
1776743861,481850753,robot_0,-0.191,-4.336
1776743861,481857138,robot_2,-4.677,-2.369
1776743861,701874032,robot_4,2.209,1.542
1776743861,701900494,robot_1,-2.874,0.546
1776743861,701915650,robot_3,3.546,-0.000
1776743861,701926945,robot_0,-0.235,-4.376
1776743861,701938376,robot_2,-4.664,-2.355
1776743861,922248617,robot_4,2.209,1.542
1776743861,922271185,robot_1,-2.875,0.546
1776743861,922287633,robot_3,3.545,0.000
1776743861,922299207,robot_0,-0.293,-4.426
1776743861,922309398,robot_2,-4.662,-2.357
1776743862,141456240,robot_4,2.209,1.542
1776743862,141484923,robot_1,-2.875,0.546
1776743862,141494530,robot_3,3.545,0.000
1776743862,141503050,robot_0,-0.327,-4.455
1776743862,141510741,robot_2,-4.660,-2.360
1776743862,361623812,robot_4,2.209,1.543
1776743862,361647887,robot_1,-2.875,0.546
1776743862,361658687,robot_3,3.544,0.000
1776743862,361667407,robot_0,-0.376,-4.495
1776743862,361675512,robot_2,-4.659,-2.363
1776743862,581493009,robot_4,2.209,1.543
1776743862,581511014,robot_1,-2.874,0.546
1776743862,581518707,robot_3,3.544,0.000
1776743862,581524027,robot_0,-0.424,-4.531
1776743862,581529512,robot_2,-4.659,-2.364
1776743862,800770679,robot_4,2.209,1.544
1776743862,800790171,robot_1,-2.874,0.546
1776743862,800797986,robot_3,3.544,0.000
1776743862,800804521,robot_0,-0.460,-4.556
1776743862,800810783,robot_2,-4.660,-2.363
1776743863,1575584,robot_4,2.209,1.544
1776743863,1604210,robot_1,-2.874,0.545
1776743863,1616985,robot_3,3.544,0.000
1776743863,1626904,robot_0,-0.463,-4.558
1776743863,1636109,robot_2,-4.660,-2.361
1776743863,202077839,robot_4,2.209,1.545
1776743863,202096556,robot_1,-2.873,0.545
1776743863,202104963,robot_3,3.544,0.000
1776743863,202112382,robot_0,-0.463,-4.559
1776743863,202119944,robot_2,-4.661,-2.359
1776743863,402376297,robot_4,2.209,1.545
1776743863,402398404,robot_1,-2.873,0.544
1776743863,402405948,robot_3,3.543,-0.000
1776743863,402411492,robot_0,-0.463,-4.559
1776743863,402417332,robot_2,-4.662,-2.356
1776743863,621493332,robot_4,2.209,1.545
1776743863,621510547,robot_1,-2.873,0.544
1776743863,621517189,robot_3,3.543,-0.000
1776743863,621522617,robot_0,-0.463,-4.559
1776743863,621528019,robot_2,-4.664,-2.354
1776743863,821590588,robot_4,2.210,1.545
1776743863,821612700,robot_1,-2.873,0.544
1776743863,821622390,robot_3,3.543,-0.001
1776743863,821629985,robot_0,-0.463,-4.560
1776743863,821636923,robot_2,-4.666,-2.352
1776743864,40717785,robot_4,2.209,1.545
1776743864,40738134,robot_1,-2.873,0.543
1776743864,40744816,robot_3,3.542,-0.001
1776743864,40750959,robot_0,-0.463,-4.560
1776743864,40757110,robot_2,-4.669,-2.350
1776743864,260686692,robot_4,2.209,1.545
1776743864,260707439,robot_1,-2.873,0.543
1776743864,260714687,robot_3,3.542,-0.002
1776743864,260720103,robot_0,-0.463,-4.560
1776743864,260725880,robot_2,-4.671,-2.350
1776743864,481224238,robot_4,2.209,1.544
1776743864,481238753,robot_1,-2.886,0.546
1776743864,481245877,robot_3,3.542,-0.002
1776743864,481250507,robot_0,-0.463,-4.561
1776743864,481255217,robot_2,-4.674,-2.349
1776743864,700225959,robot_4,2.209,1.544
1776743864,700240348,robot_1,-2.940,0.562
1776743864,700247146,robot_3,3.542,-0.002
1776743864,700252574,robot_0,-0.463,-4.561
1776743864,700258241,robot_2,-4.677,-2.350
1776743864,901446901,robot_4,2.209,1.544
1776743864,901468964,robot_1,-2.979,0.571
1776743864,901477253,robot_3,3.542,-0.003
1776743864,901484013,robot_0,-0.464,-4.561
1776743864,901490803,robot_2,-4.668,-2.343
1776743865,101788380,robot_4,2.209,1.543
1776743865,101804339,robot_1,-3.008,0.578
1776743865,101822016,robot_3,3.542,-0.003
1776743865,101828322,robot_0,-0.464,-4.561
1776743865,101834306,robot_2,-4.664,-2.352
1776743865,321581173,robot_4,2.209,1.543
1776743865,321600275,robot_1,-3.029,0.582
1776743865,321608362,robot_3,3.543,-0.004
1776743865,321615009,robot_0,-0.464,-4.561
1776743865,321621172,robot_2,-4.667,-2.355
1776743865,540994939,robot_4,2.210,1.542
1776743865,541011038,robot_1,-3.029,0.582
1776743865,541018806,robot_3,3.543,-0.004
1776743865,541024694,robot_0,-0.463,-4.561
1776743865,541030057,robot_2,-4.669,-2.358
1776743865,741583745,robot_4,2.210,1.542
1776743865,741603181,robot_1,-3.029,0.582
1776743865,741610757,robot_3,3.543,-0.004
1776743865,741616522,robot_0,-0.463,-4.561
1776743865,741622547,robot_2,-4.670,-2.361
1776743865,960095251,robot_4,2.210,1.542
1776743865,960110080,robot_1,-3.029,0.581
1776743865,960116781,robot_3,3.544,-0.004
1776743865,960122653,robot_0,-0.463,-4.560
1776743865,960128029,robot_2,-4.671,-2.363
1776743866,161867536,robot_4,2.211,1.542
1776743866,161886859,robot_1,-3.029,0.581
1776743866,161895701,robot_3,3.544,-0.004
1776743866,161902773,robot_0,-0.463,-4.560
1776743866,161909970,robot_2,-4.671,-2.365
1776743866,382141475,robot_4,2.211,1.542
1776743866,382162705,robot_1,-3.030,0.581
1776743866,382173149,robot_3,3.545,-0.004
1776743866,382181684,robot_0,-0.463,-4.560
1776743866,382190378,robot_2,-4.672,-2.366
1776743866,600289859,robot_4,2.212,1.542
1776743866,600304698,robot_1,-3.030,0.581
1776743866,600311596,robot_3,3.545,0.016
1776743866,600316933,robot_0,-0.463,-4.559
1776743866,600321859,robot_2,-4.672,-2.366
1776743866,802083935,robot_4,2.212,1.542
1776743866,802111157,robot_1,-3.030,0.580
1776743866,802123752,robot_3,3.546,0.063
1776743866,802134344,robot_0,-0.463,-4.559
1776743866,802145240,robot_2,-4.672,-2.366
1776743867,21055044,robot_4,2.213,1.542
1776743867,21070800,robot_1,-3.031,0.580
1776743867,21078031,robot_3,3.547,0.107
1776743867,21084242,robot_0,-0.464,-4.559
1776743867,21089743,robot_2,-4.671,-2.366
1776743867,221794196,robot_4,2.213,1.542
1776743867,221818903,robot_1,-3.031,0.580
1776743867,221826832,robot_3,3.549,0.158
1776743867,221833735,robot_0,-0.464,-4.558
1776743867,221840630,robot_2,-4.671,-2.366
1776743867,423091828,robot_4,2.213,1.542
1776743867,423109705,robot_1,-3.032,0.580
1776743867,423117371,robot_3,3.550,0.212
1776743867,423123764,robot_0,-0.464,-4.558
1776743867,423129692,robot_2,-4.670,-2.366
1776743867,641902233,robot_4,2.213,1.542
1776743867,641920193,robot_1,-3.032,0.581
1776743867,641927691,robot_3,3.551,0.256
1776743867,641933760,robot_0,-0.464,-4.558
1776743867,641939282,robot_2,-4.670,-2.366
1776743867,842811345,robot_4,2.213,1.542
1776743867,842828108,robot_1,-3.032,0.580
1776743867,842835267,robot_3,3.566,0.309
1776743867,842840806,robot_0,-0.465,-4.558
1776743867,842846338,robot_2,-4.664,-2.371
1776743868,61287899,robot_4,2.212,1.542
1776743868,61304276,robot_1,-3.032,0.580
1776743868,61310872,robot_3,3.607,0.371
1776743868,61316607,robot_0,-0.465,-4.558
1776743868,61321798,robot_2,-4.663,-2.372
1776743868,280467535,robot_4,2.212,1.542
1776743868,280482958,robot_1,-3.031,0.581
1776743868,280490105,robot_3,3.610,0.374
1776743868,280495762,robot_0,-0.465,-4.558
1776743868,280501243,robot_2,-4.663,-2.373
1776743868,481205639,robot_4,2.211,1.542
1776743868,481223653,robot_1,-3.031,0.581
1776743868,481232066,robot_3,3.610,0.377
1776743868,481239106,robot_0,-0.466,-4.558
1776743868,481245623,robot_2,-4.663,-2.373
1776743868,701360661,robot_4,2.211,1.542
1776743868,701380326,robot_1,-3.030,0.581
1776743868,701389749,robot_3,3.610,0.380
1776743868,701397344,robot_0,-0.466,-4.558
1776743868,701404767,robot_2,-4.663,-2.373
1776743868,920532100,robot_4,2.210,1.542
1776743868,920549710,robot_1,-3.030,0.581
1776743868,920556089,robot_3,3.610,0.382
1776743868,920561473,robot_0,-0.466,-4.558
1776743868,920566639,robot_2,-4.663,-2.373
1776743869,121848483,robot_4,2.210,1.543
1776743869,121868289,robot_1,-3.030,0.581
1776743869,121877569,robot_3,3.611,0.383
1776743869,121885838,robot_0,-0.466,-4.558
1776743869,121893246,robot_2,-4.663,-2.373
1776743869,321965235,robot_4,2.210,1.543
1776743869,321986170,robot_1,-3.030,0.582
1776743869,321994950,robot_3,3.611,0.384
1776743869,322001770,robot_0,-0.465,-4.558
1776743869,322009325,robot_2,-4.663,-2.373
1776743869,541083176,robot_4,2.209,1.543
1776743869,541101011,robot_1,-3.029,0.582
1776743869,541107642,robot_3,3.612,0.371
1776743869,541113441,robot_0,-0.465,-4.558
1776743869,541118388,robot_2,-4.663,-2.372
1776743869,742815685,robot_4,2.215,1.547
1776743869,742850312,robot_1,-3.029,0.583
1776743869,742865013,robot_3,3.614,0.364
1776743869,742891167,robot_0,-0.465,-4.558
1776743869,742917466,robot_2,-4.664,-2.372
1776743869,960674400,robot_4,2.257,1.577
1776743869,960692081,robot_1,-3.029,0.583
1776743869,960699691,robot_3,3.614,0.364
1776743869,960706727,robot_0,-0.464,-4.559
1776743869,960713273,robot_2,-4.664,-2.372
1776743870,160837784,robot_4,2.292,1.598
1776743870,160853218,robot_1,-3.029,0.583
1776743870,160859814,robot_3,3.614,0.365
1776743870,160865286,robot_0,-0.464,-4.559
1776743870,160871035,robot_2,-4.665,-2.372
1776743870,362244199,robot_4,2.317,1.613
1776743870,362269126,robot_1,-3.030,0.584
1776743870,362287790,robot_3,3.614,0.365
1776743870,362297661,robot_0,-0.464,-4.559
1776743870,362306764,robot_2,-4.665,-2.372
1776743870,580937416,robot_4,2.317,1.613
1776743870,580952672,robot_1,-3.030,0.584
1776743870,580959527,robot_3,3.614,0.365
1776743870,580965164,robot_0,-0.463,-4.559
1776743870,580970519,robot_2,-4.665,-2.372
1776743870,800629454,robot_4,2.317,1.614
1776743870,800647121,robot_1,-3.030,0.584
1776743870,800653610,robot_3,3.614,0.364
1776743870,800658957,robot_0,-0.463,-4.560
1776743870,800664287,robot_2,-4.666,-2.372
1776743871,679146,robot_4,2.317,1.614
1776743871,699940,robot_1,-3.031,0.585
1776743871,706853,robot_3,3.615,0.364
1776743871,712446,robot_0,-0.463,-4.560
1776743871,717648,robot_2,-4.666,-2.372
1776743871,222528808,robot_4,2.317,1.615
1776743871,222561633,robot_1,-3.031,0.585
1776743871,222581441,robot_3,3.615,0.363
1776743871,222599710,robot_0,-0.463,-4.560
1776743871,222616014,robot_2,-4.663,-2.369
1776743871,442315714,robot_4,2.317,1.615
1776743871,442331342,robot_1,-3.031,0.585
1776743871,442338059,robot_3,3.615,0.363
1776743871,442343425,robot_0,-0.464,-4.559
1776743871,442348312,robot_2,-4.664,-2.368
1776743871,661677841,robot_4,2.317,1.616
1776743871,661706730,robot_1,-3.031,0.585
1776743871,661721672,robot_3,3.616,0.363
1776743871,661732992,robot_0,-0.464,-4.559
1776743871,661743837,robot_2,-4.665,-2.368
1776743871,881560604,robot_4,2.317,1.616
1776743871,881579517,robot_1,-3.031,0.584
1776743871,881588633,robot_3,3.616,0.362
1776743871,881595247,robot_0,-0.464,-4.559
1776743871,881602051,robot_2,-4.665,-2.368
1776743872,102316767,robot_4,2.318,1.617
1776743872,102343862,robot_1,-3.030,0.584
1776743872,102355786,robot_3,3.617,0.362
1776743872,102368538,robot_0,-0.464,-4.559
1776743872,102375165,robot_2,-4.665,-2.369
1776743872,322118788,robot_4,2.318,1.617
1776743872,322136763,robot_1,-3.030,0.584
1776743872,322143696,robot_3,3.617,0.362
1776743872,322148810,robot_0,-0.465,-4.559
1776743872,322154551,robot_2,-4.665,-2.369
1776743872,541389337,robot_4,2.318,1.617
1776743872,541411573,robot_1,-3.030,0.583
1776743872,541421635,robot_3,3.618,0.362
1776743872,541429540,robot_0,-0.465,-4.559
1776743872,541437352,robot_2,-4.665,-2.369
1776743872,741468048,robot_4,2.318,1.617
1776743872,741489480,robot_1,-3.030,0.583
1776743872,741497372,robot_3,3.618,0.363
1776743872,741503500,robot_0,-0.465,-4.559
1776743872,741509912,robot_2,-4.665,-2.369
1776743872,961221420,robot_4,2.318,1.616
1776743872,961240779,robot_1,-3.030,0.582
1776743872,961250050,robot_3,3.618,0.363
1776743872,961257610,robot_0,-0.466,-4.559
1776743872,961264638,robot_2,-4.665,-2.369
1776743873,180203836,robot_4,2.318,1.616
1776743873,180217694,robot_1,-3.030,0.582
1776743873,180224077,robot_3,3.619,0.363
1776743873,180229712,robot_0,-0.466,-4.559
1776743873,180235052,robot_2,-4.665,-2.368
1776743873,382478098,robot_4,2.317,1.616
1776743873,382495604,robot_1,-3.030,0.582
1776743873,382503431,robot_3,3.619,0.364
1776743873,382510243,robot_0,-0.466,-4.560
1776743873,382516497,robot_2,-4.665,-2.368
1776743873,601499433,robot_4,2.317,1.615
1776743873,601517190,robot_1,-3.030,0.581
1776743873,601526258,robot_3,3.619,0.364
1776743873,601533449,robot_0,-0.466,-4.560
1776743873,601540687,robot_2,-4.663,-2.368
1776743873,801776560,robot_4,2.317,1.615
1776743873,801801719,robot_1,-3.030,0.582
1776743873,801813002,robot_3,3.619,0.364
1776743873,801822423,robot_0,-0.466,-4.560
1776743873,801831783,robot_2,-4.660,-2.369
1776743874,21899380,robot_4,2.317,1.614
1776743874,21935393,robot_1,-3.030,0.582
1776743874,21957126,robot_3,3.619,0.365
1776743874,21975561,robot_0,-0.467,-4.561
1776743874,21992890,robot_2,-4.658,-2.372
1776743874,222522898,robot_4,2.317,1.614
1776743874,222552309,robot_1,-3.030,0.582
1776743874,222567052,robot_3,3.619,0.365
1776743874,222579004,robot_0,-0.467,-4.561
1776743874,222591120,robot_2,-4.656,-2.374
1776743874,441816230,robot_4,2.318,1.614
1776743874,441842756,robot_1,-3.030,0.583
1776743874,441856651,robot_3,3.619,0.364
1776743874,441867738,robot_0,-0.466,-4.561
1776743874,441878500,robot_2,-4.656,-2.376
1776743874,660975973,robot_4,2.318,1.613
1776743874,660993747,robot_1,-3.030,0.583
1776743874,661001970,robot_3,3.619,0.364
1776743874,661008153,robot_0,-0.466,-4.561
1776743874,661014746,robot_2,-4.655,-2.376
1776743874,861161134,robot_4,2.318,1.613
1776743874,861180825,robot_1,-3.030,0.583
1776743874,861188691,robot_3,3.619,0.363
1776743874,861195163,robot_0,-0.466,-4.561
1776743874,861201178,robot_2,-4.655,-2.418
1776743875,80825008,robot_4,2.319,1.613
1776743875,80840910,robot_1,-3.031,0.584
1776743875,80847804,robot_3,3.618,0.363
1776743875,80853185,robot_0,-0.466,-4.561
1776743875,80858837,robot_2,-4.654,-2.472
1776743875,281561791,robot_4,2.319,1.613
1776743875,281587243,robot_1,-3.031,0.584
1776743875,281594795,robot_3,3.618,0.363
1776743875,281600243,robot_0,-0.466,-4.561
1776743875,281606024,robot_2,-4.653,-2.513
1776743875,502286161,robot_4,2.320,1.613
1776743875,502309363,robot_1,-3.031,0.584
1776743875,502321275,robot_3,3.617,0.363
1776743875,502330759,robot_0,-0.466,-4.560
1776743875,502340399,robot_2,-4.652,-2.591
1776743875,722582914,robot_4,2.320,1.613
1776743875,722622912,robot_1,-3.032,0.584
1776743875,722644914,robot_3,3.617,0.363
1776743875,722663644,robot_0,-0.466,-4.560
1776743875,722681247,robot_2,-4.651,-2.638
1776743875,941662917,robot_4,2.321,1.613
1776743875,941680980,robot_1,-3.032,0.584
1776743875,941689071,robot_3,3.616,0.363
1776743875,941695695,robot_0,-0.466,-4.560
1776743875,941702287,robot_2,-4.651,-2.638
1776743876,160308202,robot_4,2.317,1.623
1776743876,160325781,robot_1,-3.033,0.584
1776743876,160332169,robot_3,3.616,0.363
1776743876,160337834,robot_0,-0.465,-4.559
1776743876,160343595,robot_2,-4.651,-2.638
1776743876,381491954,robot_4,2.303,1.659
1776743876,381507291,robot_1,-3.033,0.584
1776743876,381514429,robot_3,3.616,0.363
1776743876,381520046,robot_0,-0.465,-4.559
1776743876,381525856,robot_2,-4.650,-2.639
1776743876,601330307,robot_4,2.289,1.701
1776743876,601376964,robot_1,-3.033,0.584
1776743876,601404491,robot_3,3.616,0.363
1776743876,601428768,robot_0,-0.465,-4.559
1776743876,601452138,robot_2,-4.650,-2.639
1776743876,801951385,robot_4,2.271,1.754
1776743876,801984756,robot_1,-3.034,0.583
1776743876,802002274,robot_3,3.617,0.363
1776743876,802016558,robot_0,-0.465,-4.559
1776743876,802029943,robot_2,-4.649,-2.639
1776743877,21708119,robot_4,2.247,1.828
1776743877,21736828,robot_1,-3.034,0.583
1776743877,21751640,robot_3,3.617,0.363
1776743877,21763705,robot_0,-0.465,-4.559
1776743877,21774807,robot_2,-4.649,-2.640
1776743877,222175967,robot_4,2.235,1.866
1776743877,222202740,robot_1,-3.034,0.583
1776743877,222217118,robot_3,3.617,0.363
1776743877,222229358,robot_0,-0.465,-4.559
1776743877,222244190,robot_2,-4.649,-2.640
1776743877,440993536,robot_4,2.225,1.900
1776743877,441009396,robot_1,-3.006,0.569
1776743877,441016165,robot_3,3.618,0.363
1776743877,441021423,robot_0,-0.465,-4.559
1776743877,441026893,robot_2,-4.649,-2.641
1776743877,660615801,robot_4,2.214,1.936
1776743877,660632597,robot_1,-2.952,0.544
1776743877,660639669,robot_3,3.618,0.364
1776743877,660645350,robot_0,-0.465,-4.559
1776743877,660650617,robot_2,-4.649,-2.641
1776743877,861185491,robot_4,2.202,1.974
1776743877,861204428,robot_1,-2.916,0.527
1776743877,861212668,robot_3,3.618,0.364
1776743877,861219403,robot_0,-0.465,-4.560
1776743877,861225650,robot_2,-4.649,-2.641
1776743878,80959206,robot_4,2.191,2.010
1776743878,80973988,robot_1,-2.882,0.510
1776743878,80980633,robot_3,3.619,0.365
1776743878,80988103,robot_0,-0.466,-4.560
1776743878,80993254,robot_2,-4.649,-2.641
1776743878,281438614,robot_4,2.181,2.046
1776743878,281456590,robot_1,-2.848,0.494
1776743878,281462980,robot_3,3.619,0.365
1776743878,281468104,robot_0,-0.466,-4.560
1776743878,281473008,robot_2,-4.649,-2.641
1776743878,502685332,robot_4,2.170,2.087
1776743878,502704966,robot_1,-2.809,0.476
1776743878,502714094,robot_3,3.619,0.366
1776743878,502721830,robot_0,-0.466,-4.561
1776743878,502728624,robot_2,-4.649,-2.640
1776743878,722696452,robot_4,2.164,2.109
1776743878,722737874,robot_1,-2.772,0.458
1776743878,722762336,robot_3,3.619,0.366
1776743878,722783721,robot_0,-0.466,-4.561
1776743878,722804750,robot_2,-4.649,-2.640
1776743878,941476275,robot_4,2.154,2.146
1776743878,941498520,robot_1,-2.733,0.440
1776743878,941508448,robot_3,3.618,0.367
1776743878,941516537,robot_0,-0.466,-4.561
1776743878,941524461,robot_2,-4.650,-2.640
1776743879,161431261,robot_4,2.141,2.196
1776743879,161451856,robot_1,-2.670,0.410
1776743879,161462717,robot_3,3.618,0.367
1776743879,161470769,robot_0,-0.465,-4.562
1776743879,161480193,robot_2,-4.650,-2.639
1776743879,361520785,robot_4,2.125,2.257
1776743879,361540672,robot_1,-2.611,0.381
1776743879,361551323,robot_3,3.618,0.367
1776743879,361559091,robot_0,-0.465,-4.562
1776743879,361566744,robot_2,-4.651,-2.639
1776743879,582425377,robot_4,2.113,2.302
1776743879,582446067,robot_1,-2.571,0.363
1776743879,582456764,robot_3,3.617,0.368
1776743879,582464930,robot_0,-0.465,-4.562
1776743879,582473283,robot_2,-4.651,-2.639
1776743879,800456991,robot_4,2.098,2.357
1776743879,800476056,robot_1,-2.514,0.335
1776743879,800482925,robot_3,3.617,0.368
1776743879,800488671,robot_0,-0.465,-4.562
1776743879,800493904,robot_2,-4.651,-2.639
1776743880,1394796,robot_4,2.082,2.417
1776743880,1416880,robot_1,-2.470,0.312
1776743880,1428099,robot_3,3.617,0.368
1776743880,1436491,robot_0,-0.464,-4.562
1776743880,1444701,robot_2,-4.652,-2.639
1776743880,221093407,robot_4,2.071,2.460
1776743880,221110632,robot_1,-2.429,0.291
1776743880,221117313,robot_3,3.617,0.368
1776743880,221122999,robot_0,-0.464,-4.562
1776743880,221128189,robot_2,-4.652,-2.639
1776743880,422112339,robot_4,2.058,2.509
1776743880,422139698,robot_1,-2.379,0.264
1776743880,422152986,robot_3,3.617,0.367
1776743880,422163954,robot_0,-0.464,-4.562
1776743880,422171887,robot_2,-4.653,-2.639
1776743880,640499778,robot_4,2.044,2.564
1776743880,640521416,robot_1,-2.334,0.241
1776743880,640527984,robot_3,3.618,0.367
1776743880,640532888,robot_0,-0.464,-4.557
1776743880,640537920,robot_2,-4.653,-2.640
1776743880,842625882,robot_4,2.033,2.603
1776743880,842650260,robot_1,-2.300,0.223
1776743880,842661146,robot_3,3.618,0.367
1776743880,842669917,robot_0,-0.469,-4.526
1776743880,842679118,robot_2,-4.653,-2.640
1776743881,60506795,robot_4,2.023,2.645
1776743881,60520946,robot_1,-2.265,0.205
1776743881,60527770,robot_3,3.618,0.366
1776743881,60532987,robot_0,-0.478,-4.485
1776743881,60538259,robot_2,-4.653,-2.641
1776743881,261972607,robot_4,2.014,2.684
1776743881,261993383,robot_1,-2.230,0.187
1776743881,262001878,robot_3,3.618,0.366
1776743881,262009541,robot_0,-0.487,-4.441
1776743881,262017284,robot_2,-4.654,-2.641
1776743881,482415025,robot_4,2.007,2.728
1776743881,482437775,robot_1,-2.197,0.171
1776743881,482449397,robot_3,3.618,0.365
1776743881,482458346,robot_0,-0.499,-4.383
1776743881,482467552,robot_2,-4.654,-2.641
1776743881,702274205,robot_4,1.996,2.797
1776743881,702305270,robot_1,-2.174,0.159
1776743881,702318386,robot_3,3.618,0.365
1776743881,702328528,robot_0,-0.508,-4.340
1776743881,702337805,robot_2,-4.654,-2.641
1776743881,922897394,robot_4,1.988,2.852
1776743881,922923519,robot_1,-2.135,0.140
1776743881,922935751,robot_3,3.618,0.364
1776743881,922946408,robot_0,-0.516,-4.299
1776743881,922956830,robot_2,-4.654,-2.641
1776743882,140389101,robot_4,1.983,2.890
1776743882,140406062,robot_1,-2.090,0.117
1776743882,140412760,robot_3,3.618,0.364
1776743882,140418368,robot_0,-0.525,-4.260
1776743882,140424472,robot_2,-4.653,-2.641
1776743882,341142176,robot_4,1.980,2.911
1776743882,341168072,robot_1,-2.048,0.098
1776743882,341182386,robot_3,3.585,0.379
1776743882,341193899,robot_0,-0.533,-4.220
1776743882,341205212,robot_2,-4.653,-2.640
1776743882,561260216,robot_4,1.977,2.951
1776743882,561295751,robot_1,-2.008,0.079
1776743882,561309758,robot_3,3.535,0.391
1776743882,561321559,robot_0,-0.547,-4.152
1776743882,561332715,robot_2,-4.653,-2.640
1776743882,763012006,robot_4,1.974,2.993
1776743882,763043128,robot_1,-1.967,0.060
1776743882,763058598,robot_3,3.529,0.392
1776743882,763071845,robot_0,-0.561,-4.085
1776743882,763084634,robot_2,-4.652,-2.640
1776743882,981650685,robot_4,1.969,3.044
1776743882,981667282,robot_1,-1.923,0.040
1776743882,981674084,robot_3,3.535,0.389
1776743882,981679040,robot_0,-0.570,-4.042
1776743882,981684729,robot_2,-4.652,-2.639
1776743883,181872312,robot_4,1.966,3.084
1776743883,181891654,robot_1,-1.887,0.024
1776743883,181899131,robot_3,3.550,0.380
1776743883,181906075,robot_0,-0.579,-4.001
1776743883,181911663,robot_2,-4.651,-2.639
1776743883,381958159,robot_4,1.962,3.136
1776743883,381986228,robot_1,-1.830,-0.003
1776743883,382016261,robot_3,3.567,0.372
1776743883,382027571,robot_0,-0.588,-3.961
1776743883,382049515,robot_2,-4.651,-2.639
1776743883,582685580,robot_4,1.958,3.202
1776743883,582703039,robot_1,-1.781,-0.027
1776743883,582710855,robot_3,3.584,0.367
1776743883,582716672,robot_0,-0.597,-3.922
1776743883,582722898,robot_2,-4.651,-2.639
1776743883,801073897,robot_4,1.957,3.249
1776743883,801100983,robot_1,-1.742,-0.048
1776743883,801112495,robot_3,3.609,0.372
1776743883,801121818,robot_0,-0.612,-3.865
1776743883,801130176,robot_2,-4.650,-2.639
1776743884,1649454,robot_4,1.957,3.298
1776743884,1677297,robot_1,-1.715,-0.062
1776743884,1689197,robot_3,3.622,0.377
1776743884,1699324,robot_0,-0.625,-3.821
1776743884,1707806,robot_2,-4.650,-2.639
1776743884,201731404,robot_4,1.956,3.350
1776743884,201761426,robot_1,-1.683,-0.079
1776743884,201776152,robot_3,3.623,0.377
1776743884,201787657,robot_0,-0.637,-3.782
1776743884,201798350,robot_2,-4.651,-2.639
1776743884,402639182,robot_4,1.956,3.390
1776743884,402680744,robot_1,-1.648,-0.099
1776743884,402698767,robot_3,3.622,0.376
1776743884,402714249,robot_0,-0.659,-3.713
1776743884,402728571,robot_2,-4.651,-2.639
1776743884,622249831,robot_4,1.955,3.447
1776743884,622268656,robot_1,-1.605,-0.122
1776743884,622277346,robot_3,3.622,0.375
1776743884,622286987,robot_0,-0.678,-3.653
1776743884,622293571,robot_2,-4.652,-2.640
1776743884,822757388,robot_4,1.954,3.502
1776743884,822791797,robot_1,-1.570,-0.140
1776743884,822806848,robot_3,3.621,0.374
1776743884,822820454,robot_0,-0.689,-3.617
1776743884,822832298,robot_2,-4.652,-2.640
1776743885,41411280,robot_4,1.954,3.546
1776743885,41433068,robot_1,-1.522,-0.165
1776743885,41443587,robot_3,3.621,0.375
1776743885,41451926,robot_0,-0.697,-3.594
1776743885,41459969,robot_2,-4.652,-2.640
1776743885,261203951,robot_4,1.953,3.577
1776743885,261220954,robot_1,-1.473,-0.190
1776743885,261227709,robot_3,3.621,0.375
1776743885,261233308,robot_0,-0.711,-3.558
1776743885,261238379,robot_2,-4.653,-2.641
1776743885,480575147,robot_4,1.953,3.613
1776743885,480590064,robot_1,-1.434,-0.210
1776743885,480597226,robot_3,3.622,0.376
1776743885,480602899,robot_0,-0.723,-3.529
1776743885,480607938,robot_2,-4.653,-2.641
1776743885,681544193,robot_4,1.953,3.653
1776743885,681561648,robot_1,-1.373,-0.241
1776743885,681569620,robot_3,3.622,0.377
1776743885,681576676,robot_0,-0.723,-3.529
1776743885,681583543,robot_2,-4.653,-2.641
1776743885,881927639,robot_4,1.952,3.683
1776743885,881945173,robot_1,-1.318,-0.269
1776743885,881953470,robot_3,3.623,0.378
1776743885,881959620,robot_0,-0.723,-3.529
1776743885,881965100,robot_2,-4.653,-2.642
1776743886,100435101,robot_4,1.952,3.723
1776743886,100450289,robot_1,-1.278,-0.290
1776743886,100456461,robot_3,3.623,0.379
1776743886,100462267,robot_0,-0.723,-3.529
1776743886,100467416,robot_2,-4.653,-2.642
1776743886,301474366,robot_4,1.951,3.764
1776743886,301493377,robot_1,-1.214,-0.323
1776743886,301499956,robot_3,3.623,0.380
1776743886,301505153,robot_0,-0.724,-3.529
1776743886,301510669,robot_2,-4.653,-2.643
1776743886,502242439,robot_4,1.951,3.817
1776743886,502267177,robot_1,-1.160,-0.351
1776743886,502276341,robot_3,3.623,0.380
1776743886,502290226,robot_0,-0.724,-3.529
1776743886,502298027,robot_2,-4.652,-2.643
1776743886,722161719,robot_4,1.950,3.866
1776743886,722177527,robot_1,-1.119,-0.372
1776743886,722184489,robot_3,3.622,0.381
1776743886,722190222,robot_0,-0.724,-3.529
1776743886,722196384,robot_2,-4.652,-2.643
1776743886,940988307,robot_4,1.950,3.909
1776743886,941008289,robot_1,-1.068,-0.398
1776743886,941015990,robot_3,3.622,0.381
1776743886,941022375,robot_0,-0.725,-3.528
1776743886,941027849,robot_2,-4.652,-2.644
1776743887,160331271,robot_4,1.949,3.950
1776743887,160347291,robot_1,-1.027,-0.420
1776743887,160354014,robot_3,3.622,0.382
1776743887,160359806,robot_0,-0.725,-3.528
1776743887,160364394,robot_2,-4.651,-2.644
1776743887,362615016,robot_4,1.949,3.990
1776743887,362641404,robot_1,-0.986,-0.441
1776743887,362667582,robot_3,3.624,0.380
1776743887,362677864,robot_0,-0.725,-3.528
1776743887,362687221,robot_2,-4.651,-2.644
1776743887,581632669,robot_4,1.948,4.047
1776743887,581678777,robot_1,-0.931,-0.469
1776743887,581690524,robot_3,3.626,0.380
1776743887,581700512,robot_0,-0.725,-3.528
1776743887,581706174,robot_2,-4.651,-2.644
1776743887,800563123,robot_4,1.947,4.125
1776743887,800581383,robot_1,-0.891,-0.490
1776743887,800589090,robot_3,3.627,0.381
1776743887,800594843,robot_0,-0.725,-3.528
1776743887,800600033,robot_2,-4.651,-2.644
1776743888,1368016,robot_4,1.947,4.166
1776743888,1389325,robot_1,-0.843,-0.515
1776743888,1400706,robot_3,3.628,0.382
1776743888,1410716,robot_0,-0.725,-3.528
1776743888,1419927,robot_2,-4.651,-2.644
1776743888,220912558,robot_4,1.946,4.225
1776743888,220933067,robot_1,-0.776,-0.551
1776743888,220940239,robot_3,3.628,0.383
1776743888,220945742,robot_0,-0.725,-3.528
1776743888,220950884,robot_2,-4.652,-2.643
1776743888,422200910,robot_4,1.946,4.283
1776743888,422224020,robot_1,-0.741,-0.570
1776743888,422234842,robot_3,3.627,0.384
1776743888,422243244,robot_0,-0.724,-3.528
1776743888,422251643,robot_2,-4.652,-2.643
1776743888,622444229,robot_4,1.945,4.323
1776743888,622481526,robot_1,-0.714,-0.585
1776743888,622503972,robot_3,3.627,0.384
1776743888,622522483,robot_0,-0.724,-3.528
1776743888,622540592,robot_2,-4.652,-2.643
1776743888,841349377,robot_4,1.945,4.388
1776743888,841373425,robot_1,-0.687,-0.600
1776743888,841384445,robot_3,3.627,0.384
1776743888,841393402,robot_0,-0.724,-3.528
1776743888,841401362,robot_2,-4.653,-2.642
1776743889,60125337,robot_4,1.944,4.455
1776743889,60141120,robot_1,-0.649,-0.622
1776743889,60147715,robot_3,3.627,0.384
1776743889,60153523,robot_0,-0.724,-3.528
1776743889,60158517,robot_2,-4.653,-2.642
1776743889,262355384,robot_4,1.943,4.495
1776743889,262383049,robot_1,-0.618,-0.639
1776743889,262395275,robot_3,3.626,0.384
1776743889,262404990,robot_0,-0.723,-3.528
1776743889,262413942,robot_2,-4.653,-2.641
1776743889,481588841,robot_4,1.943,4.563
1776743889,481604929,robot_1,-0.583,-0.661
1776743889,481612100,robot_3,3.626,0.384
1776743889,481617694,robot_0,-0.723,-3.528
1776743889,481623253,robot_2,-4.652,-2.641
1776743889,701387978,robot_4,1.942,4.621
1776743889,701409120,robot_1,-0.546,-0.685
1776743889,701419555,robot_3,3.627,0.384
1776743889,701429818,robot_0,-0.723,-3.528
1776743889,701435445,robot_2,-4.650,-2.641
1776743889,920461486,robot_4,1.941,4.662
1776743889,920478546,robot_1,-0.492,-0.721
1776743889,920485812,robot_3,3.626,0.384
1776743889,920491500,robot_0,-0.722,-3.528
1776743889,920496770,robot_2,-4.604,-2.657
1776743890,121394231,robot_4,1.941,4.682
1776743890,121424206,robot_1,-0.453,-0.747
1776743890,121439376,robot_3,3.626,0.384
1776743890,121450746,robot_0,-0.722,-3.528
1776743890,121462193,robot_2,-4.564,-2.671
1776743890,321875505,robot_4,1.941,4.716
1776743890,321896534,robot_1,-0.417,-0.771
1776743890,321904839,robot_3,3.626,0.383
1776743890,321911306,robot_0,-0.722,-3.527
1776743890,321916917,robot_2,-4.522,-2.685
1776743890,540963599,robot_4,1.942,4.751
1776743890,540982972,robot_1,-0.349,-0.816
1776743890,540991556,robot_3,3.626,0.383
1776743890,540998120,robot_0,-0.722,-3.527
1776743890,541004774,robot_2,-4.450,-2.710
1776743890,742282911,robot_4,1.942,4.741
1776743890,742303051,robot_1,-0.306,-0.845
1776743890,742309974,robot_3,3.625,0.383
1776743890,742315346,robot_0,-0.722,-3.527
1776743890,742320452,robot_2,-4.421,-2.720
1776743890,961668534,robot_4,1.944,4.721
1776743890,961686505,robot_1,-0.262,-0.875
1776743890,961692976,robot_3,3.625,0.383
1776743890,961699149,robot_0,-0.722,-3.526
1776743890,961704033,robot_2,-4.421,-2.720
1776743891,181531583,robot_4,1.948,4.702
1776743891,181553436,robot_1,-0.193,-0.921
1776743891,181562953,robot_3,3.625,0.382
1776743891,181571060,robot_0,-0.722,-3.526
1776743891,181578876,robot_2,-4.421,-2.720
1776743891,381595542,robot_4,1.956,4.686
1776743891,381612909,robot_1,-0.155,-0.947
1776743891,381620025,robot_3,3.625,0.382
1776743891,381626208,robot_0,-0.722,-3.526
1776743891,381632066,robot_2,-4.421,-2.721
1776743891,601296281,robot_4,1.971,4.671
1776743891,601317717,robot_1,-0.110,-0.977
1776743891,601328174,robot_3,3.625,0.381
1776743891,601336745,robot_0,-0.722,-3.526
1776743891,601344898,robot_2,-4.426,-2.715
1776743891,801763490,robot_4,1.978,4.664
1776743891,801788549,robot_1,-0.062,-1.009
1776743891,801810767,robot_3,3.625,0.381
1776743891,801819204,robot_0,-0.722,-3.526
1776743891,801826945,robot_2,-4.440,-2.692
1776743892,1911681,robot_4,1.981,4.665
1776743892,1932188,robot_1,-0.029,-1.031
1776743892,1941168,robot_3,3.626,0.380
1776743892,1949130,robot_0,-0.722,-3.525
1776743892,1955929,robot_2,-4.463,-2.665
1776743892,222049671,robot_4,1.983,4.667
1776743892,222075656,robot_1,0.012,-1.059
1776743892,222101247,robot_3,3.626,0.380
1776743892,222111511,robot_0,-0.723,-3.525
1776743892,222120797,robot_2,-4.496,-2.639
1776743892,441834268,robot_4,1.985,4.669
1776743892,441853141,robot_1,0.054,-1.088
1776743892,441861185,robot_3,3.626,0.380
1776743892,441867860,robot_0,-0.723,-3.525
1776743892,441873801,robot_2,-4.499,-2.638
1776743892,660719985,robot_4,1.985,4.669
1776743892,660742238,robot_1,0.089,-1.115
1776743892,660750036,robot_3,3.627,0.380
1776743892,660756189,robot_0,-0.723,-3.525
1776743892,660762455,robot_2,-4.499,-2.638
1776743892,880901569,robot_4,1.985,4.669
1776743892,880917015,robot_1,0.147,-1.159
1776743892,880923538,robot_3,3.627,0.379
1776743892,880928844,robot_0,-0.724,-3.525
1776743892,880934435,robot_2,-4.499,-2.638
1776743893,81532943,robot_4,1.983,4.668
1776743893,81555673,robot_1,0.199,-1.198
1776743893,81568111,robot_3,3.628,0.379
1776743893,81577859,robot_0,-0.724,-3.525
1776743893,81587408,robot_2,-4.499,-2.638
1776743893,300788488,robot_4,1.982,4.667
1776743893,300819677,robot_1,0.234,-1.225
1776743893,300834189,robot_3,3.628,0.379
1776743893,300845848,robot_0,-0.724,-3.525
1776743893,300857970,robot_2,-4.499,-2.638
1776743893,501388162,robot_4,1.983,4.663
1776743893,501407359,robot_1,0.284,-1.262
1776743893,501417333,robot_3,3.629,0.380
1776743893,501425149,robot_0,-0.724,-3.525
1776743893,501433039,robot_2,-4.498,-2.638
1776743893,701896419,robot_4,1.983,4.662
1776743893,701919919,robot_1,0.325,-1.292
1776743893,701931479,robot_3,3.629,0.380
1776743893,701941121,robot_0,-0.724,-3.525
1776743893,701950310,robot_2,-4.498,-2.638
1776743893,921849040,robot_4,1.983,4.661
1776743893,921871024,robot_1,0.361,-1.319
1776743893,921881339,robot_3,3.630,0.380
1776743893,921889709,robot_0,-0.725,-3.525
1776743893,921897832,robot_2,-4.497,-2.637
1776743894,141650032,robot_4,1.984,4.661
1776743894,141668093,robot_1,0.402,-1.349
1776743894,141675392,robot_3,3.630,0.380
1776743894,141681696,robot_0,-0.725,-3.526
1776743894,141688534,robot_2,-4.497,-2.637
1776743894,341921350,robot_4,1.984,4.661
1776743894,341950639,robot_1,0.436,-1.372
1776743894,341973561,robot_3,3.630,0.381
1776743894,341994393,robot_0,-0.725,-3.526
1776743894,342013934,robot_2,-4.497,-2.637
1776743894,542146521,robot_4,1.984,4.661
1776743894,542173768,robot_1,0.475,-1.396
1776743894,542186830,robot_3,3.630,0.381
1776743894,542197514,robot_0,-0.725,-3.526
1776743894,542207974,robot_2,-4.496,-2.636
1776743894,761142914,robot_4,1.985,4.661
1776743894,761160109,robot_1,0.539,-1.437
1776743894,761167357,robot_3,3.630,0.381
1776743894,761172845,robot_0,-0.725,-3.527
1776743894,761178245,robot_2,-4.496,-2.636
1776743894,981392767,robot_4,1.985,4.662
1776743894,981409998,robot_1,0.581,-1.464
1776743894,981417970,robot_3,3.630,0.381
1776743894,981423900,robot_0,-0.725,-3.527
1776743894,981430355,robot_2,-4.496,-2.635
1776743895,182594118,robot_4,1.986,4.662
1776743895,182611829,robot_1,0.622,-1.490
1776743895,182620325,robot_3,3.630,0.380
1776743895,182627163,robot_0,-0.725,-3.527
1776743895,182633578,robot_2,-4.496,-2.635
1776743895,401485766,robot_4,1.986,4.662
1776743895,401499960,robot_1,0.677,-1.524
1776743895,401507048,robot_3,3.629,0.380
1776743895,401512796,robot_0,-0.725,-3.528
1776743895,401518188,robot_2,-4.496,-2.635
1776743895,620757152,robot_4,1.986,4.663
1776743895,620779303,robot_1,0.715,-1.547
1776743895,620786486,robot_3,3.629,0.380
1776743895,620791910,robot_0,-0.725,-3.528
1776743895,620798090,robot_2,-4.497,-2.634
1776743895,821000062,robot_4,1.986,4.663
1776743895,821018306,robot_1,0.761,-1.574
1776743895,821025282,robot_3,3.628,0.380
1776743895,821031640,robot_0,-0.725,-3.528
1776743895,821036992,robot_2,-4.497,-2.634
1776743896,22085086,robot_4,1.986,4.663
1776743896,22101751,robot_1,0.811,-1.605
1776743896,22109100,robot_3,3.628,0.380
1776743896,22115413,robot_0,-0.724,-3.528
1776743896,22120955,robot_2,-4.497,-2.634
1776743896,222339570,robot_4,1.986,4.664
1776743896,222369302,robot_1,0.845,-1.625
1776743896,222383828,robot_3,3.627,0.380
1776743896,222395609,robot_0,-0.724,-3.528
1776743896,222406776,robot_2,-4.498,-2.633
1776743896,440733358,robot_4,1.986,4.664
1776743896,440749429,robot_1,0.901,-1.659
1776743896,440756189,robot_3,3.627,0.380
1776743896,440761872,robot_0,-0.724,-3.528
1776743896,440767147,robot_2,-4.498,-2.633
1776743896,641077266,robot_4,1.986,4.664
1776743896,641098540,robot_1,0.942,-1.684
1776743896,641106113,robot_3,3.626,0.380
1776743896,641111686,robot_0,-0.723,-3.528
1776743896,641117067,robot_2,-4.498,-2.633
1776743896,841954227,robot_4,1.986,4.664
1776743896,841992896,robot_1,0.975,-1.704
1776743896,842015325,robot_3,3.626,0.380
1776743896,842034288,robot_0,-0.723,-3.528
1776743896,842052182,robot_2,-4.498,-2.633
1776743897,60711451,robot_4,1.986,4.663
1776743897,60735974,robot_1,1.008,-1.723
1776743897,60746513,robot_3,3.626,0.380
1776743897,60756207,robot_0,-0.728,-3.499
1776743897,60765972,robot_2,-4.498,-2.633
1776743897,260809294,robot_4,1.986,4.663
1776743897,260828465,robot_1,1.041,-1.744
1776743897,260834845,robot_3,3.627,0.380
1776743897,260841069,robot_0,-0.734,-3.458
1776743897,260846827,robot_2,-4.497,-2.634
1776743897,461107979,robot_4,1.986,4.662
1776743897,461127214,robot_1,1.073,-1.763
1776743897,461135487,robot_3,3.627,0.380
1776743897,461142205,robot_0,-0.740,-3.418
1776743897,461148462,robot_2,-4.497,-2.634
1776743897,680399299,robot_4,1.985,4.662
1776743897,680416610,robot_1,1.104,-1.781
1776743897,680424734,robot_3,3.628,0.380
1776743897,680432018,robot_0,-0.750,-3.356
1776743897,680439063,robot_2,-4.497,-2.635
1776743897,900197957,robot_4,1.985,4.662
1776743897,900218410,robot_1,1.141,-1.804
1776743897,900224932,robot_3,3.628,0.380
1776743897,900230535,robot_0,-0.757,-3.308
1776743897,900235926,robot_2,-4.497,-2.635
1776743898,100790487,robot_4,1.985,4.662
1776743898,100814582,robot_1,1.185,-1.831
1776743898,100821136,robot_3,3.629,0.380
1776743898,100827942,robot_0,-0.757,-3.308
1776743898,100833031,robot_2,-4.497,-2.636
1776743898,301492486,robot_4,1.984,4.661
1776743898,301529444,robot_1,1.239,-1.863
1776743898,301542731,robot_3,3.629,0.381
1776743898,301552607,robot_0,-0.757,-3.308
1776743898,301562030,robot_2,-4.497,-2.636
1776743898,522641388,robot_4,1.984,4.661
1776743898,522669036,robot_1,1.277,-1.886
1776743898,522681583,robot_3,3.629,0.381
1776743898,522693057,robot_0,-0.758,-3.308
1776743898,522704208,robot_2,-4.497,-2.637
1776743898,742372100,robot_4,1.984,4.661
1776743898,742393675,robot_1,1.322,-1.913
1776743898,742401019,robot_3,3.630,0.381
1776743898,742406522,robot_0,-0.758,-3.308
1776743898,742412108,robot_2,-4.497,-2.637
1776743898,960909248,robot_4,1.984,4.661
1776743898,960931079,robot_1,1.367,-1.940
1776743898,960941099,robot_3,3.630,0.382
1776743898,960949040,robot_0,-0.758,-3.308
1776743898,960956964,robot_2,-4.497,-2.637
1776743899,180338777,robot_4,1.984,4.661
1776743899,180353807,robot_1,1.405,-1.962
1776743899,180360037,robot_3,3.630,0.382
1776743899,180366187,robot_0,-0.759,-3.307
1776743899,180371090,robot_2,-4.497,-2.637
1776743899,380961244,robot_4,1.984,4.662
1776743899,380982705,robot_1,1.447,-1.987
1776743899,380993423,robot_3,3.630,0.383
1776743899,381001912,robot_0,-0.759,-3.307
1776743899,381010630,robot_2,-4.497,-2.636
1776743899,600320765,robot_4,1.985,4.662
1776743899,600338075,robot_1,1.489,-2.012
1776743899,600344978,robot_3,3.630,0.383
1776743899,600352475,robot_0,-0.759,-3.307
1776743899,600357291,robot_2,-4.497,-2.636
1776743899,800532864,robot_4,1.985,4.662
1776743899,800552086,robot_1,1.524,-2.033
1776743899,800558904,robot_3,3.629,0.384
1776743899,800564430,robot_0,-0.759,-3.306
1776743899,800569736,robot_2,-4.497,-2.635
1776743900,1244848,robot_4,1.985,4.663
1776743900,1260654,robot_1,1.582,-2.067
1776743900,1266711,robot_3,3.629,0.384
1776743900,1272343,robot_0,-0.759,-3.306
1776743900,1281806,robot_2,-4.497,-2.635
1776743900,201661283,robot_4,1.985,4.663
1776743900,201687313,robot_1,1.629,-2.094
1776743900,201701298,robot_3,3.629,0.385
1776743900,201713309,robot_0,-0.759,-3.306
1776743900,201724638,robot_2,-4.497,-2.635
1776743900,401801464,robot_4,1.985,4.663
1776743900,401835591,robot_1,1.662,-2.114
1776743900,401849926,robot_3,3.628,0.384
1776743900,401863560,robot_0,-0.759,-3.306
1776743900,401875341,robot_2,-4.498,-2.634
1776743900,621946680,robot_4,1.985,4.664
1776743900,621973404,robot_1,1.691,-2.131
1776743900,621985261,robot_3,3.599,0.343
1776743900,621994790,robot_0,-0.759,-3.307
1776743900,622003466,robot_2,-4.498,-2.634
1776743900,841771612,robot_4,1.985,4.664
1776743900,841796832,robot_1,1.726,-2.152
1776743900,841807591,robot_3,3.573,0.303
1776743900,841816087,robot_0,-0.759,-3.307
1776743900,841824636,robot_2,-4.499,-2.634
1776743901,42047672,robot_4,1.985,4.665
1776743901,42071991,robot_1,1.760,-2.172
1776743901,42080666,robot_3,3.554,0.272
1776743901,42088510,robot_0,-0.758,-3.307
1776743901,42095362,robot_2,-4.499,-2.634
1776743901,244432630,robot_4,1.985,4.665
1776743901,244453817,robot_1,1.795,-2.193
1776743901,244461237,robot_3,3.540,0.250
1776743901,244467369,robot_0,-0.758,-3.307
1776743901,244472938,robot_2,-4.499,-2.634
1776743901,460943754,robot_4,1.987,4.663
1776743901,460960445,robot_1,1.833,-2.215
1776743901,460968305,robot_3,3.520,0.213
1776743901,460976858,robot_0,-0.758,-3.307
1776743901,460982643,robot_2,-4.500,-2.634
1776743901,661738981,robot_4,1.986,4.663
1776743901,661761577,robot_1,1.873,-2.238
1776743901,661773236,robot_3,3.498,0.171
1776743901,661782143,robot_0,-0.757,-3.307
1776743901,661791058,robot_2,-4.500,-2.634
1776743901,881752372,robot_4,1.986,4.664
1776743901,881780353,robot_1,1.927,-2.270
1776743901,881794426,robot_3,3.467,0.112
1776743901,881805452,robot_0,-0.757,-3.307
1776743901,881816026,robot_2,-4.501,-2.634
1776743902,101699775,robot_4,1.986,4.664
1776743902,101728574,robot_1,1.966,-2.293
1776743902,101739809,robot_3,3.445,0.072
1776743902,101749179,robot_0,-0.757,-3.307
1776743902,101758364,robot_2,-4.501,-2.635
1776743902,321235692,robot_4,1.985,4.664
1776743902,321256201,robot_1,1.997,-2.311
1776743902,321263432,robot_3,3.416,0.017
1776743902,321269948,robot_0,-0.756,-3.307
1776743902,321275598,robot_2,-4.501,-2.635
1776743902,540451901,robot_4,1.985,4.664
1776743902,540468192,robot_1,2.025,-2.329
1776743902,540474446,robot_3,3.384,-0.047
1776743902,540480085,robot_0,-0.756,-3.307
1776743902,540484769,robot_2,-4.501,-2.635
1776743902,742133405,robot_4,1.985,4.664
1776743902,742153682,robot_1,2.058,-2.352
1776743902,742162129,robot_3,3.366,-0.083
1776743902,742169037,robot_0,-0.756,-3.307
1776743902,742175960,robot_2,-4.501,-2.635
1776743902,961495681,robot_4,1.986,4.664
1776743902,961526549,robot_1,2.070,-2.361
1776743902,961540139,robot_3,3.338,-0.143
1776743902,961551946,robot_0,-0.756,-3.306
1776743902,961563916,robot_2,-4.501,-2.635
1776743903,181803231,robot_4,1.986,4.663
1776743903,181821419,robot_1,2.070,-2.361
1776743903,181830280,robot_3,3.314,-0.199
1776743903,181838772,robot_0,-0.756,-3.306
1776743903,181846254,robot_2,-4.501,-2.635
1776743903,400594368,robot_4,1.986,4.663
1776743903,400618375,robot_1,2.070,-2.361
1776743903,400624820,robot_3,3.297,-0.241
1776743903,400631131,robot_0,-0.756,-3.306
1776743903,400636718,robot_2,-4.500,-2.634
1776743903,601356547,robot_4,1.987,4.663
1776743903,601373227,robot_1,2.070,-2.362
1776743903,601380636,robot_3,3.275,-0.297
1776743903,601387182,robot_0,-0.756,-3.305
1776743903,601393698,robot_2,-4.500,-2.634
1776743903,821127969,robot_4,1.987,4.662
1776743903,821147204,robot_1,2.070,-2.362
1776743903,821153460,robot_3,3.257,-0.348
1776743903,821159268,robot_0,-0.756,-3.305
1776743903,821164343,robot_2,-4.499,-2.634
1776743904,41606415,robot_4,1.987,4.662
1776743904,41625647,robot_1,2.070,-2.363
1776743904,41636546,robot_3,3.242,-0.395
1776743904,41645601,robot_0,-0.756,-3.306
1776743904,41654776,robot_2,-4.499,-2.634
1776743904,241749460,robot_4,1.987,4.661
1776743904,241775159,robot_1,2.070,-2.363
1776743904,241784767,robot_3,3.223,-0.453
1776743904,241793244,robot_0,-0.756,-3.306
1776743904,241800083,robot_2,-4.498,-2.634
1776743904,461867675,robot_4,1.987,4.661
1776743904,461892298,robot_1,2.071,-2.363
1776743904,461898688,robot_3,3.208,-0.499
1776743904,461903996,robot_0,-0.756,-3.306
1776743904,461909115,robot_2,-4.498,-2.634
1776743904,681946120,robot_4,1.987,4.661
1776743904,681965651,robot_1,2.071,-2.364
1776743904,681973853,robot_3,3.195,-0.540
1776743904,681981859,robot_0,-0.756,-3.307
1776743904,681988806,robot_2,-4.498,-2.635
1776743904,901620889,robot_4,1.961,4.663
1776743904,901644901,robot_1,2.071,-2.364
1776743904,901655015,robot_3,3.182,-0.579
1776743904,901663510,robot_0,-0.757,-3.307
1776743904,901671812,robot_2,-4.497,-2.635
1776743905,101623612,robot_4,1.927,4.666
1776743905,101640893,robot_1,2.071,-2.364
1776743905,101648612,robot_3,3.169,-0.617
1776743905,101655833,robot_0,-0.757,-3.307
1776743905,101661434,robot_2,-4.498,-2.635
1776743905,321869294,robot_4,1.887,4.668
1776743905,321890219,robot_1,2.072,-2.364
1776743905,321900943,robot_3,3.151,-0.672
1776743905,321910443,robot_0,-0.757,-3.307
1776743905,321919725,robot_2,-4.498,-2.634
1776743905,541064697,robot_4,1.886,4.668
1776743905,541081386,robot_1,2.072,-2.364
1776743905,541088169,robot_3,3.132,-0.730
1776743905,541093703,robot_0,-0.758,-3.307
1776743905,541099479,robot_2,-4.498,-2.634
1776743905,741101548,robot_4,1.886,4.669
1776743905,741121545,robot_1,2.072,-2.364
1776743905,741128707,robot_3,3.120,-0.768
1776743905,741134429,robot_0,-0.758,-3.307
1776743905,741139585,robot_2,-4.499,-2.634
1776743905,941627811,robot_4,1.885,4.669
1776743905,941651437,robot_1,2.073,-2.364
1776743905,941659158,robot_3,3.105,-0.815
1776743905,941666530,robot_0,-0.758,-3.307
1776743905,941672875,robot_2,-4.499,-2.634
1776743906,141692466,robot_4,1.885,4.669
1776743906,141709840,robot_1,2.073,-2.364
1776743906,141716057,robot_3,3.091,-0.860
1776743906,141721628,robot_0,-0.758,-3.307
1776743906,141727850,robot_2,-4.500,-2.635
1776743906,360502710,robot_4,1.894,4.664
1776743906,360517933,robot_1,2.074,-2.364
1776743906,360524205,robot_3,3.078,-0.903
1776743906,360529762,robot_0,-0.758,-3.307
1776743906,360534821,robot_2,-4.500,-2.635
1776743906,561424990,robot_4,1.898,4.664
1776743906,561446998,robot_1,2.074,-2.363
1776743906,561457592,robot_3,3.058,-0.968
1776743906,561467738,robot_0,-0.757,-3.307
1776743906,561476861,robot_2,-4.500,-2.635
1776743906,762537345,robot_4,1.900,4.668
1776743906,762555607,robot_1,2.074,-2.363
1776743906,762562364,robot_3,3.039,-1.029
1776743906,762576842,robot_0,-0.757,-3.307
1776743906,762582115,robot_2,-4.501,-2.636
1776743906,980804789,robot_4,1.900,4.671
1776743906,980821849,robot_1,2.074,-2.363
1776743906,980830147,robot_3,3.026,-1.072
1776743906,980836522,robot_0,-0.757,-3.306
1776743906,980842992,robot_2,-4.501,-2.636
1776743907,181257352,robot_4,1.900,4.674
1776743907,181272352,robot_1,2.074,-2.362
1776743907,181283105,robot_3,3.011,-1.121
1776743907,181288898,robot_0,-0.757,-3.306
1776743907,181294110,robot_2,-4.501,-2.636
1776743907,401355435,robot_4,1.900,4.675
1776743907,401375917,robot_1,2.074,-2.362
1776743907,401383009,robot_3,2.997,-1.168
1776743907,401390111,robot_0,-0.757,-3.306
1776743907,401396931,robot_2,-4.501,-2.637
1776743907,601638806,robot_4,1.900,4.677
1776743907,601665478,robot_1,2.074,-2.362
1776743907,601676644,robot_3,2.984,-1.208
1776743907,601685937,robot_0,-0.756,-3.306
1776743907,601694689,robot_2,-4.501,-2.637
1776743907,822596093,robot_4,1.899,4.680
1776743907,822625442,robot_1,2.074,-2.361
1776743907,822638618,robot_3,2.964,-1.278
1776743907,822650151,robot_0,-0.756,-3.305
1776743907,822660491,robot_2,-4.501,-2.638
1776743908,40071797,robot_4,1.895,4.670
1776743908,40087344,robot_1,2.074,-2.361
1776743908,40093963,robot_3,2.950,-1.332
1776743908,40099002,robot_0,-0.756,-3.305
1776743908,40103837,robot_2,-4.501,-2.638
1776743908,242882232,robot_4,1.890,4.662
1776743908,242909896,robot_1,2.074,-2.360
1776743908,242920326,robot_3,2.939,-1.377
1776743908,242929592,robot_0,-0.757,-3.305
1776743908,242941211,robot_2,-4.500,-2.638
1776743908,461614762,robot_4,1.892,4.659
1776743908,461635863,robot_1,2.073,-2.360
1776743908,461644993,robot_3,2.923,-1.451
1776743908,461653888,robot_0,-0.757,-3.304
1776743908,461659443,robot_2,-4.500,-2.639
1776743908,680875892,robot_4,1.894,4.658
1776743908,680893783,robot_1,2.073,-2.360
1776743908,680902916,robot_3,2.913,-1.500
1776743908,680909781,robot_0,-0.757,-3.304
1776743908,680916554,robot_2,-4.473,-2.606
1776743908,881722539,robot_4,1.896,4.657
1776743908,881741739,robot_1,2.050,-2.394
1776743908,881751047,robot_3,2.906,-1.539
1776743908,881758250,robot_0,-0.757,-3.304
1776743908,881765444,robot_2,-4.446,-2.573
1776743909,101610792,robot_4,1.899,4.656
1776743909,101633560,robot_1,2.021,-2.437
1776743909,101643485,robot_3,2.898,-1.580
1776743909,101651621,robot_0,-0.758,-3.304
1776743909,101659890,robot_2,-4.416,-2.538
1776743909,301768656,robot_4,1.901,4.656
1776743909,301794114,robot_1,1.999,-2.470
1776743909,301804844,robot_3,2.891,-1.620
1776743909,301814366,robot_0,-0.758,-3.304
1776743909,301824014,robot_2,-4.382,-2.497
1776743909,521370767,robot_4,1.903,4.656
1776743909,521392273,robot_1,1.986,-2.490
1776743909,521402319,robot_3,2.880,-1.679
1776743909,521410754,robot_0,-0.758,-3.304
1776743909,521419147,robot_2,-4.350,-2.460
1776743909,721908675,robot_4,1.906,4.657
1776743909,721926621,robot_1,1.967,-2.518
1776743909,721934660,robot_3,2.869,-1.739
1776743909,721941195,robot_0,-0.760,-3.319
1776743909,721948323,robot_2,-4.320,-2.426
1776743909,941605330,robot_4,1.908,4.658
1776743909,941633409,robot_1,1.946,-2.552
1776743909,941651971,robot_3,2.861,-1.782
1776743909,941667625,robot_0,-0.764,-3.352
1776743909,941683590,robot_2,-4.271,-2.370
1776743910,160192828,robot_4,1.910,4.659
1776743910,160215509,robot_1,1.934,-2.571
1776743910,160222366,robot_3,2.847,-1.852
1776743910,160228292,robot_0,-0.769,-3.396
1776743910,160234151,robot_2,-4.238,-2.330
1776743910,361598543,robot_4,1.911,4.661
1776743910,361616151,robot_1,1.914,-2.602
1776743910,361623949,robot_3,2.836,-1.915
1776743910,361630305,robot_0,-0.773,-3.434
1776743910,361636550,robot_2,-4.207,-2.289
1776743910,561607989,robot_4,1.913,4.663
1776743910,561626455,robot_1,1.897,-2.628
1776743910,561634672,robot_3,2.828,-1.954
1776743910,561641013,robot_0,-0.777,-3.472
1776743910,561647251,robot_2,-4.165,-2.236
1776743910,780882194,robot_4,1.913,4.665
1776743910,780900526,robot_1,1.897,-2.628
1776743910,780907581,robot_3,2.814,-2.028
1776743910,780913083,robot_0,-0.782,-3.516
1776743910,780918600,robot_2,-4.136,-2.198
1776743910,981551728,robot_4,1.914,4.667
1776743910,981572641,robot_1,1.897,-2.629
1776743910,981582191,robot_3,2.803,-2.090
1776743910,981589136,robot_0,-0.785,-3.546
1776743910,981596337,robot_2,-4.111,-2.166
1776743911,181668211,robot_4,1.914,4.667
1776743911,181687091,robot_1,1.898,-2.629
1776743911,181694966,robot_3,2.795,-2.129
1776743911,181701827,robot_0,-0.787,-3.581
1776743911,181708619,robot_2,-4.084,-2.135
1776743911,382154097,robot_4,1.914,4.666
1776743911,382176509,robot_1,1.898,-2.629
1776743911,382187317,robot_3,2.786,-2.179
1776743911,382195800,robot_0,-0.788,-3.621
1776743911,382204390,robot_2,-4.057,-2.105
1776743911,582162863,robot_4,1.914,4.665
1776743911,582181161,robot_1,1.898,-2.630
1776743911,582189083,robot_3,2.776,-2.223
1776743911,582195113,robot_0,-0.789,-3.664
1776743911,582200927,robot_2,-4.020,-2.065
1776743911,801903057,robot_4,1.913,4.663
1776743911,801929593,robot_1,1.898,-2.630
1776743911,801939638,robot_3,2.767,-2.266
1776743911,801948846,robot_0,-0.790,-3.710
1776743911,801957564,robot_2,-3.969,-2.009
1776743912,20543808,robot_4,1.912,4.662
1776743912,20560406,robot_1,1.898,-2.631
1776743912,20567381,robot_3,2.757,-2.307
1776743912,20572539,robot_0,-0.791,-3.756
1776743912,20577678,robot_2,-3.940,-1.974
1776743912,240907670,robot_4,1.911,4.661
1776743912,240927916,robot_1,1.898,-2.631
1776743912,240934447,robot_3,2.748,-2.350
1776743912,240940052,robot_0,-0.792,-3.820
1776743912,240945473,robot_2,-3.908,-1.937
1776743912,441593568,robot_4,1.911,4.661
1776743912,441620962,robot_1,1.897,-2.632
1776743912,441630176,robot_3,2.738,-2.395
1776743912,441637584,robot_0,-0.792,-3.865
1776743912,441645008,robot_2,-3.881,-1.904
1776743912,641839067,robot_4,1.910,4.662
1776743912,641870143,robot_1,1.897,-2.632
1776743912,641884122,robot_3,2.722,-2.463
1776743912,641896688,robot_0,-0.792,-3.908
1776743912,641908747,robot_2,-3.855,-1.874
1776743912,860213131,robot_4,1.910,4.662
1776743912,860230686,robot_1,1.897,-2.632
1776743912,860236858,robot_3,2.711,-2.514
1776743912,860241757,robot_0,-0.793,-3.964
1776743912,860246876,robot_2,-3.836,-1.850
1776743913,60403836,robot_4,1.910,4.663
1776743913,60420307,robot_1,1.897,-2.632
1776743913,60427391,robot_3,2.705,-2.542
1776743913,60433032,robot_0,-0.796,-4.006
1776743913,60438451,robot_2,-3.815,-1.826
1776743913,261513123,robot_4,1.910,4.663
1776743913,261530856,robot_1,1.898,-2.631
1776743913,261537309,robot_3,2.705,-2.542
1776743913,261542348,robot_0,-0.800,-4.054
1776743913,261547997,robot_2,-3.790,-1.795
1776743913,480760905,robot_4,1.910,4.663
1776743913,480775834,robot_1,1.898,-2.631
1776743913,480783124,robot_3,2.705,-2.542
1776743913,480788673,robot_0,-0.807,-4.134
1776743913,480794169,robot_2,-3.740,-1.735
1776743913,682397445,robot_4,1.910,4.663
1776743913,682425906,robot_1,1.898,-2.630
1776743913,682440558,robot_3,2.706,-2.543
1776743913,682452030,robot_0,-0.810,-4.180
1776743913,682463993,robot_2,-3.702,-1.689
1776743913,902137092,robot_4,1.910,4.662
1776743913,902155885,robot_1,1.897,-2.630
1776743913,902164714,robot_3,2.706,-2.543
1776743913,902171642,robot_0,-0.813,-4.219
1776743913,902178754,robot_2,-3.675,-1.656
1776743914,102417454,robot_4,1.910,4.662
1776743914,102439871,robot_1,1.897,-2.630
1776743914,102451763,robot_3,2.706,-2.543
1776743914,102457928,robot_0,-0.816,-4.251
1776743914,102463793,robot_2,-3.652,-1.628
1776743914,320641555,robot_4,1.911,4.662
1776743914,320660423,robot_1,1.897,-2.629
1776743914,320666889,robot_3,2.707,-2.544
1776743914,320672055,robot_0,-0.823,-4.295
1776743914,320677118,robot_2,-3.625,-1.596
1776743914,521045596,robot_4,1.911,4.662
1776743914,521062116,robot_1,1.897,-2.629
1776743914,521068787,robot_3,2.707,-2.544
1776743914,521074230,robot_0,-0.830,-4.337
1776743914,521079477,robot_2,-3.597,-1.562
1776743914,721743330,robot_4,1.911,4.661
1776743914,721776690,robot_1,1.896,-2.629
1776743914,721792693,robot_3,2.707,-2.545
1776743914,721806138,robot_0,-0.837,-4.380
1776743914,721819471,robot_2,-3.562,-1.521
1776743914,921969544,robot_4,1.912,4.661
1776743914,921988204,robot_1,1.896,-2.629
1776743914,921996240,robot_3,2.707,-2.545
1776743914,922002214,robot_0,-0.843,-4.419
1776743914,922008908,robot_2,-3.534,-1.487
1776743915,141482734,robot_4,1.912,4.661
1776743915,141504997,robot_1,1.896,-2.629
1776743915,141514768,robot_3,2.706,-2.546
1776743915,141523276,robot_0,-0.852,-4.473
1776743915,141531621,robot_2,-3.501,-1.450
1776743915,360773998,robot_4,1.913,4.661
1776743915,360797724,robot_1,1.895,-2.629
1776743915,360807920,robot_3,2.706,-2.546
1776743915,360815283,robot_0,-0.860,-4.522
1776743915,360825391,robot_2,-3.459,-1.403
1776743915,560861660,robot_4,1.913,4.661
1776743915,560879111,robot_1,1.895,-2.629
1776743915,560886320,robot_3,2.707,-2.545
1776743915,560892635,robot_0,-0.860,-4.523
1776743915,560899108,robot_2,-3.430,-1.374
1776743915,760922926,robot_4,1.913,4.662
1776743915,760943494,robot_1,1.894,-2.629
1776743915,760951548,robot_3,2.706,-2.545
1776743915,760957939,robot_0,-0.859,-4.523
1776743915,760964157,robot_2,-3.399,-1.344
1776743915,961314627,robot_4,1.914,4.662
1776743915,961335553,robot_1,1.894,-2.629
1776743915,961345482,robot_3,2.706,-2.545
1776743915,961352625,robot_0,-0.859,-4.523
1776743915,961360371,robot_2,-3.367,-1.311
1776743916,181512967,robot_4,1.914,4.662
1776743916,181531540,robot_1,1.894,-2.629
1776743916,181540329,robot_3,2.706,-2.544
1776743916,181547927,robot_0,-0.859,-4.524
1776743916,181554568,robot_2,-3.337,-1.278
1776743916,400103782,robot_4,1.914,4.663
1776743916,400118381,robot_1,1.894,-2.630
1776743916,400124954,robot_3,2.706,-2.544
1776743916,400130296,robot_0,-0.859,-4.524
1776743916,400135270,robot_2,-3.295,-1.231
1776743916,600354691,robot_4,1.914,4.663
1776743916,600374563,robot_1,1.894,-2.630
1776743916,600381490,robot_3,2.706,-2.543
1776743916,600387057,robot_0,-0.858,-4.524
1776743916,600392462,robot_2,-3.247,-1.176
1776743916,800723014,robot_4,1.915,4.664
1776743916,800741411,robot_1,1.894,-2.629
1776743916,800747665,robot_3,2.705,-2.543
1776743916,800753067,robot_0,-0.858,-4.525
1776743916,800758716,robot_2,-3.219,-1.145
1776743917,1141667,robot_4,1.915,4.664
1776743917,1161070,robot_1,1.894,-2.629
1776743917,1168432,robot_3,2.705,-2.543
1776743917,1173803,robot_0,-0.858,-4.525
1776743917,1179804,robot_2,-3.196,-1.118
1776743917,202158859,robot_4,1.915,4.664
1776743917,202178749,robot_1,1.894,-2.629
1776743917,202187854,robot_3,2.704,-2.543
1776743917,202196073,robot_0,-0.858,-4.526
1776743917,202204209,robot_2,-3.173,-1.093
1776743917,421919075,robot_4,1.915,4.664
1776743917,421944362,robot_1,1.895,-2.629
1776743917,421955920,robot_3,2.704,-2.543
1776743917,421965122,robot_0,-0.858,-4.526
1776743917,421974288,robot_2,-3.144,-1.060
1776743917,641782815,robot_4,1.914,4.663
1776743917,641800873,robot_1,1.895,-2.629
1776743917,641810894,robot_3,2.703,-2.543
1776743917,641817856,robot_0,-0.858,-4.526
1776743917,641824339,robot_2,-3.124,-1.037
1776743917,860145348,robot_4,1.914,4.663
1776743917,860161950,robot_1,1.896,-2.629
1776743917,860168577,robot_3,2.703,-2.543
1776743917,860173890,robot_0,-0.858,-4.526
1776743917,860180036,robot_2,-3.102,-1.012
1776743918,61297343,robot_4,1.914,4.662
1776743918,61313958,robot_1,1.896,-2.629
1776743918,61321599,robot_3,2.702,-2.543
1776743918,61327960,robot_0,-0.858,-4.525
1776743918,61335168,robot_2,-3.075,-0.982
1776743918,261614605,robot_4,1.913,4.662
1776743918,261636557,robot_1,1.897,-2.629
1776743918,261643646,robot_3,2.702,-2.544
1776743918,261649135,robot_0,-0.859,-4.525
1776743918,261655649,robot_2,-3.047,-0.950
1776743918,481168618,robot_4,1.913,4.662
1776743918,481187891,robot_1,1.897,-2.630
1776743918,481196415,robot_3,2.702,-2.544
1776743918,481203583,robot_0,-0.859,-4.525
1776743918,481211156,robot_2,-3.015,-0.918
1776743918,681248483,robot_4,1.913,4.662
1776743918,681271537,robot_1,1.897,-2.630
1776743918,681285288,robot_3,2.702,-2.544
1776743918,681293967,robot_0,-0.859,-4.524
1776743918,681303572,robot_2,-2.985,-0.890
1776743918,900377748,robot_4,1.912,4.661
1776743918,900396715,robot_1,1.897,-2.630
1776743918,900403213,robot_3,2.701,-2.545
1776743918,900408769,robot_0,-0.859,-4.524
1776743918,900414476,robot_2,-2.948,-0.855
1776743919,101629796,robot_4,1.912,4.661
1776743919,101649802,robot_1,1.897,-2.630
1776743919,101659063,robot_3,2.701,-2.545
1776743919,101667504,robot_0,-0.859,-4.524
1776743919,101676140,robot_2,-2.917,-0.826
1776743919,322115511,robot_4,1.911,4.661
1776743919,322145492,robot_1,1.896,-2.629
1776743919,322159329,robot_3,2.702,-2.544
1776743919,322170380,robot_0,-0.860,-4.524
1776743919,322183686,robot_2,-2.882,-0.793
1776743919,541393319,robot_4,1.912,4.661
1776743919,541408684,robot_1,1.896,-2.629
1776743919,541415163,robot_3,2.702,-2.544
1776743919,541420727,robot_0,-0.860,-4.524
1776743919,541425987,robot_2,-2.835,-0.747
1776743919,761146855,robot_4,1.912,4.662
1776743919,761166853,robot_1,1.896,-2.629
1776743919,761174227,robot_3,2.702,-2.544
1776743919,761179183,robot_0,-0.860,-4.524
1776743919,761184764,robot_2,-2.802,-0.714
1776743919,961319184,robot_4,1.912,4.662
1776743919,961350263,robot_1,1.895,-2.629
1776743919,961363290,robot_3,2.703,-2.543
1776743919,961373619,robot_0,-0.861,-4.524
1776743919,961383466,robot_2,-2.766,-0.676
1776743920,161996032,robot_4,1.913,4.662
1776743920,162021937,robot_1,1.895,-2.630
1776743920,162037233,robot_3,2.703,-2.543
1776743920,162044000,robot_0,-0.861,-4.524
1776743920,162050744,robot_2,-2.715,-0.624
1776743920,380762285,robot_4,1.913,4.662
1776743920,380779741,robot_1,1.894,-2.630
1776743920,380788182,robot_3,2.704,-2.543
1776743920,380794307,robot_0,-0.861,-4.524
1776743920,380800581,robot_2,-2.680,-0.589
1776743920,581608465,robot_4,1.913,4.663
1776743920,581628150,robot_1,1.894,-2.630
1776743920,581637877,robot_3,2.704,-2.543
1776743920,581645260,robot_0,-0.862,-4.525
1776743920,581652642,robot_2,-2.659,-0.568
1776743920,800725666,robot_4,1.914,4.663
1776743920,800747310,robot_1,1.894,-2.630
1776743920,800755356,robot_3,2.705,-2.543
1776743920,800761937,robot_0,-0.862,-4.525
1776743920,800768802,robot_2,-2.641,-0.550
1776743921,1696144,robot_4,1.914,4.663
1776743921,1713240,robot_1,1.894,-2.631
1776743921,1720885,robot_3,2.705,-2.543
1776743921,1727630,robot_0,-0.862,-4.525
1776743921,1734302,robot_2,-2.614,-0.521
1776743921,202377026,robot_4,1.914,4.664
1776743921,202400261,robot_1,1.894,-2.631
1776743921,202410786,robot_3,2.706,-2.543
1776743921,202420381,robot_0,-0.862,-4.525
1776743921,202428849,robot_2,-2.593,-0.500
1776743921,422501967,robot_4,1.914,4.664
1776743921,422524132,robot_1,1.894,-2.632
1776743921,422535143,robot_3,2.705,-2.543
1776743921,422543593,robot_0,-0.862,-4.525
1776743921,422551786,robot_2,-2.573,-0.479
1776743921,640507240,robot_4,1.914,4.665
1776743921,640524447,robot_1,1.894,-2.632
1776743921,640531627,robot_3,2.705,-2.543
1776743921,640538888,robot_0,-0.862,-4.525
1776743921,640544325,robot_2,-2.543,-0.448
1776743921,841593133,robot_4,1.913,4.665
1776743921,841611559,robot_1,1.894,-2.632
1776743921,841617506,robot_3,2.705,-2.543
1776743921,841622468,robot_0,-0.861,-4.525
1776743921,841628053,robot_2,-2.511,-0.415
1776743922,42118000,robot_4,1.913,4.665
1776743922,42164042,robot_1,1.894,-2.633
1776743922,42187093,robot_3,2.704,-2.543
1776743922,42208508,robot_0,-0.861,-4.525
1776743922,42228549,robot_2,-2.481,-0.384
1776743922,261365533,robot_4,1.915,4.663
1776743922,261388281,robot_1,1.894,-2.633
1776743922,261397226,robot_3,2.704,-2.543
1776743922,261405226,robot_0,-0.861,-4.524
1776743922,261413694,robot_2,-2.450,-0.352
