[INFO] [launch]: All log files can be found below /home/ecem/.ros/log/2026-04-22-09-50-07-877571-ecem-pc-101679
[INFO] [launch]: Default logging verbosity is set to INFO
[INFO] [ign gazebo-1]: process started with pid [101727]
[INFO] [coverage_counter-2]: process started with pid [101730]
[INFO] [bump_counter-3]: process started with pid [101732]
[INFO] [parameter_bridge-4]: process started with pid [101734]
[INFO] [robot_state_publisher-5]: process started with pid [101736]
[INFO] [create-6]: process started with pid [101738]
[INFO] [robot_supervisor-7]: process started with pid [101740]
[INFO] [robot_state_publisher-8]: process started with pid [101743]
[INFO] [create-9]: process started with pid [101745]
[INFO] [robot_supervisor-10]: process started with pid [101748]
[INFO] [robot_state_publisher-11]: process started with pid [101750]
[INFO] [create-12]: process started with pid [101752]
[INFO] [robot_supervisor-13]: process started with pid [101754]
[INFO] [robot_state_publisher-14]: process started with pid [101756]
[INFO] [create-15]: process started with pid [101758]
[INFO] [robot_supervisor-16]: process started with pid [101760]
[INFO] [robot_state_publisher-17]: process started with pid [101762]
[INFO] [create-18]: process started with pid [101769]
[INFO] [robot_supervisor-19]: process started with pid [101772]
[INFO] [parameter_bridge-20]: process started with pid [101774]
[parameter_bridge-4] [ros_ign_bridge] is deprecated! Redirecting to use [ros_gz_bridge] instead!
[parameter_bridge-4] 
[create-12] [INFO] [1776844208.472048643] [robot_2.ros_gz_sim]: Requesting list of world names.
[create-15] [INFO] [1776844208.473759684] [robot_3.ros_gz_sim]: Requesting list of world names.
[create-6] [INFO] [1776844208.474279929] [robot_0.ros_gz_sim]: Requesting list of world names.
[robot_state_publisher-5] [INFO] [1776844208.478061010] [robot_0.robot_state_publisher]: got segment robot_0/antenna_link
[robot_state_publisher-5] [INFO] [1776844208.478205758] [robot_0.robot_state_publisher]: got segment robot_0/base_footprint
[robot_state_publisher-5] [INFO] [1776844208.478223414] [robot_0.robot_state_publisher]: got segment robot_0/base_link
[robot_state_publisher-5] [INFO] [1776844208.478235695] [robot_0.robot_state_publisher]: got segment robot_0/realsense_link
[robot_state_publisher-5] [INFO] [1776844208.478246358] [robot_0.robot_state_publisher]: got segment robot_0/rocker_L_link
[robot_state_publisher-5] [INFO] [1776844208.478256352] [robot_0.robot_state_publisher]: got segment robot_0/rocker_R_link
[robot_state_publisher-5] [INFO] [1776844208.478265794] [robot_0.robot_state_publisher]: got segment robot_0/wheel_FL_link
[robot_state_publisher-5] [INFO] [1776844208.478275747] [robot_0.robot_state_publisher]: got segment robot_0/wheel_FR_link
[robot_state_publisher-5] [INFO] [1776844208.478285122] [robot_0.robot_state_publisher]: got segment robot_0/wheel_RL_link
[robot_state_publisher-5] [INFO] [1776844208.478294386] [robot_0.robot_state_publisher]: got segment robot_0/wheel_RR_link
[create-18] [INFO] [1776844208.481316328] [robot_4.ros_gz_sim]: Requesting list of world names.
[create-9] [INFO] [1776844208.483461947] [robot_1.ros_gz_sim]: Requesting list of world names.
[parameter_bridge-4] [INFO] [1776844208.488012191] [all_robots_bridge]: Creating ROS->GZ Bridge: [/robot_0/cmd_vel (geometry_msgs/msg/Twist) -> /robot_0/cmd_vel (ignition.msgs.Twist)] (Lazy 0)
[parameter_bridge-20] [INFO] [1776844208.488010386] [clock_bridge]: Creating GZ->ROS Bridge: [/clock (ignition.msgs.Clock) -> /clock (rosgraph_msgs/msg/Clock)] (Lazy 0)
[parameter_bridge-4] [INFO] [1776844208.490940276] [all_robots_bridge]: Creating GZ->ROS Bridge: [/robot_0/odom (ignition.msgs.Odometry) -> /robot_0/odom (nav_msgs/msg/Odometry)] (Lazy 0)
[parameter_bridge-4] [INFO] [1776844208.492251257] [all_robots_bridge]: Creating GZ->ROS Bridge: [/robot_0/depth_camera/depth_image (ignition.msgs.Image) -> /robot_0/depth_camera/depth_image (sensor_msgs/msg/Image)] (Lazy 0)
[robot_state_publisher-8] [INFO] [1776844208.494553051] [robot_1.robot_state_publisher]: got segment robot_1/antenna_link
[parameter_bridge-4] [INFO] [1776844208.494676862] [all_robots_bridge]: Creating GZ->ROS Bridge: [/world/random_world/model/robot_0/link/robot_0/base_footprint/sensor/contact_sensor/contact (ignition.msgs.Contacts) -> /world/random_world/model/robot_0/link/robot_0/base_footprint/sensor/contact_sensor/contact (ros_gz_interfaces/msg/Contacts)] (Lazy 0)
[robot_state_publisher-8] [INFO] [1776844208.494747491] [robot_1.robot_state_publisher]: got segment robot_1/base_footprint
[robot_state_publisher-8] [INFO] [1776844208.494769426] [robot_1.robot_state_publisher]: got segment robot_1/base_link
[robot_state_publisher-8] [INFO] [1776844208.494781224] [robot_1.robot_state_publisher]: got segment robot_1/realsense_link
[robot_state_publisher-8] [INFO] [1776844208.494791498] [robot_1.robot_state_publisher]: got segment robot_1/rocker_L_link
[robot_state_publisher-8] [INFO] [1776844208.494801437] [robot_1.robot_state_publisher]: got segment robot_1/rocker_R_link
[robot_state_publisher-8] [INFO] [1776844208.494810870] [robot_1.robot_state_publisher]: got segment robot_1/wheel_FL_link
[robot_state_publisher-8] [INFO] [1776844208.494820490] [robot_1.robot_state_publisher]: got segment robot_1/wheel_FR_link
[robot_state_publisher-8] [INFO] [1776844208.494829769] [robot_1.robot_state_publisher]: got segment robot_1/wheel_RL_link
[robot_state_publisher-8] [INFO] [1776844208.494839330] [robot_1.robot_state_publisher]: got segment robot_1/wheel_RR_link
[robot_state_publisher-14] [INFO] [1776844208.495622736] [robot_3.robot_state_publisher]: got segment robot_3/antenna_link
[robot_state_publisher-14] [INFO] [1776844208.495696871] [robot_3.robot_state_publisher]: got segment robot_3/base_footprint
[robot_state_publisher-14] [INFO] [1776844208.495704779] [robot_3.robot_state_publisher]: got segment robot_3/base_link
[robot_state_publisher-14] [INFO] [1776844208.495709687] [robot_3.robot_state_publisher]: got segment robot_3/realsense_link
[robot_state_publisher-14] [INFO] [1776844208.495713947] [robot_3.robot_state_publisher]: got segment robot_3/rocker_L_link
[robot_state_publisher-14] [INFO] [1776844208.495718014] [robot_3.robot_state_publisher]: got segment robot_3/rocker_R_link
[robot_state_publisher-14] [INFO] [1776844208.495721927] [robot_3.robot_state_publisher]: got segment robot_3/wheel_FL_link
[robot_state_publisher-14] [INFO] [1776844208.495725949] [robot_3.robot_state_publisher]: got segment robot_3/wheel_FR_link
[robot_state_publisher-14] [INFO] [1776844208.495729810] [robot_3.robot_state_publisher]: got segment robot_3/wheel_RL_link
[robot_state_publisher-14] [INFO] [1776844208.495733655] [robot_3.robot_state_publisher]: got segment robot_3/wheel_RR_link
[parameter_bridge-4] [INFO] [1776844208.496497715] [all_robots_bridge]: Creating ROS->GZ Bridge: [/robot_1/cmd_vel (geometry_msgs/msg/Twist) -> /robot_1/cmd_vel (ignition.msgs.Twist)] (Lazy 0)
[parameter_bridge-4] [INFO] [1776844208.497880527] [all_robots_bridge]: Creating GZ->ROS Bridge: [/robot_1/odom (ignition.msgs.Odometry) -> /robot_1/odom (nav_msgs/msg/Odometry)] (Lazy 0)
[parameter_bridge-4] [INFO] [1776844208.498863495] [all_robots_bridge]: Creating GZ->ROS Bridge: [/robot_1/depth_camera/depth_image (ignition.msgs.Image) -> /robot_1/depth_camera/depth_image (sensor_msgs/msg/Image)] (Lazy 0)
[parameter_bridge-4] [INFO] [1776844208.499515021] [all_robots_bridge]: Creating GZ->ROS Bridge: [/world/random_world/model/robot_1/link/robot_1/base_footprint/sensor/contact_sensor/contact (ignition.msgs.Contacts) -> /world/random_world/model/robot_1/link/robot_1/base_footprint/sensor/contact_sensor/contact (ros_gz_interfaces/msg/Contacts)] (Lazy 0)
[parameter_bridge-4] [INFO] [1776844208.500469708] [all_robots_bridge]: Creating ROS->GZ Bridge: [/robot_2/cmd_vel (geometry_msgs/msg/Twist) -> /robot_2/cmd_vel (ignition.msgs.Twist)] (Lazy 0)
[parameter_bridge-4] [INFO] [1776844208.501073442] [all_robots_bridge]: Creating GZ->ROS Bridge: [/robot_2/odom (ignition.msgs.Odometry) -> /robot_2/odom (nav_msgs/msg/Odometry)] (Lazy 0)
[parameter_bridge-4] [INFO] [1776844208.501773674] [all_robots_bridge]: Creating GZ->ROS Bridge: [/robot_2/depth_camera/depth_image (ignition.msgs.Image) -> /robot_2/depth_camera/depth_image (sensor_msgs/msg/Image)] (Lazy 0)
[parameter_bridge-4] [INFO] [1776844208.502424205] [all_robots_bridge]: Creating GZ->ROS Bridge: [/world/random_world/model/robot_2/link/robot_2/base_footprint/sensor/contact_sensor/contact (ignition.msgs.Contacts) -> /world/random_world/model/robot_2/link/robot_2/base_footprint/sensor/contact_sensor/contact (ros_gz_interfaces/msg/Contacts)] (Lazy 0)
[parameter_bridge-4] [INFO] [1776844208.503858483] [all_robots_bridge]: Creating ROS->GZ Bridge: [/robot_3/cmd_vel (geometry_msgs/msg/Twist) -> /robot_3/cmd_vel (ignition.msgs.Twist)] (Lazy 0)
[parameter_bridge-4] [INFO] [1776844208.505099355] [all_robots_bridge]: Creating GZ->ROS Bridge: [/robot_3/odom (ignition.msgs.Odometry) -> /robot_3/odom (nav_msgs/msg/Odometry)] (Lazy 0)
[parameter_bridge-4] [INFO] [1776844208.506448497] [all_robots_bridge]: Creating GZ->ROS Bridge: [/robot_3/depth_camera/depth_image (ignition.msgs.Image) -> /robot_3/depth_camera/depth_image (sensor_msgs/msg/Image)] (Lazy 0)
[parameter_bridge-4] [INFO] [1776844208.507408187] [all_robots_bridge]: Creating GZ->ROS Bridge: [/world/random_world/model/robot_3/link/robot_3/base_footprint/sensor/contact_sensor/contact (ignition.msgs.Contacts) -> /world/random_world/model/robot_3/link/robot_3/base_footprint/sensor/contact_sensor/contact (ros_gz_interfaces/msg/Contacts)] (Lazy 0)
[parameter_bridge-4] [INFO] [1776844208.508362412] [all_robots_bridge]: Creating ROS->GZ Bridge: [/robot_4/cmd_vel (geometry_msgs/msg/Twist) -> /robot_4/cmd_vel (ignition.msgs.Twist)] (Lazy 0)
[robot_state_publisher-11] [INFO] [1776844208.508375510] [robot_2.robot_state_publisher]: got segment robot_2/antenna_link
[robot_state_publisher-11] [INFO] [1776844208.508452640] [robot_2.robot_state_publisher]: got segment robot_2/base_footprint
[robot_state_publisher-11] [INFO] [1776844208.508460387] [robot_2.robot_state_publisher]: got segment robot_2/base_link
[robot_state_publisher-11] [INFO] [1776844208.508465480] [robot_2.robot_state_publisher]: got segment robot_2/realsense_link
[robot_state_publisher-11] [INFO] [1776844208.508470025] [robot_2.robot_state_publisher]: got segment robot_2/rocker_L_link
[robot_state_publisher-11] [INFO] [1776844208.508474173] [robot_2.robot_state_publisher]: got segment robot_2/rocker_R_link
[robot_state_publisher-11] [INFO] [1776844208.508478424] [robot_2.robot_state_publisher]: got segment robot_2/wheel_FL_link
[robot_state_publisher-11] [INFO] [1776844208.508482542] [robot_2.robot_state_publisher]: got segment robot_2/wheel_FR_link
[robot_state_publisher-11] [INFO] [1776844208.508486621] [robot_2.robot_state_publisher]: got segment robot_2/wheel_RL_link
[robot_state_publisher-11] [INFO] [1776844208.508490601] [robot_2.robot_state_publisher]: got segment robot_2/wheel_RR_link
[parameter_bridge-4] [INFO] [1776844208.509325963] [all_robots_bridge]: Creating GZ->ROS Bridge: [/robot_4/odom (ignition.msgs.Odometry) -> /robot_4/odom (nav_msgs/msg/Odometry)] (Lazy 0)
[robot_state_publisher-17] [INFO] [1776844208.510008879] [robot_4.robot_state_publisher]: got segment robot_4/antenna_link
[robot_state_publisher-17] [INFO] [1776844208.510105619] [robot_4.robot_state_publisher]: got segment robot_4/base_footprint
[robot_state_publisher-17] [INFO] [1776844208.510128334] [robot_4.robot_state_publisher]: got segment robot_4/base_link
[robot_state_publisher-17] [INFO] [1776844208.510139280] [robot_4.robot_state_publisher]: got segment robot_4/realsense_link
[robot_state_publisher-17] [INFO] [1776844208.510147437] [robot_4.robot_state_publisher]: got segment robot_4/rocker_L_link
[robot_state_publisher-17] [INFO] [1776844208.510152748] [robot_4.robot_state_publisher]: got segment robot_4/rocker_R_link
[robot_state_publisher-17] [INFO] [1776844208.510159192] [robot_4.robot_state_publisher]: got segment robot_4/wheel_FL_link
[robot_state_publisher-17] [INFO] [1776844208.510167485] [robot_4.robot_state_publisher]: got segment robot_4/wheel_FR_link
[robot_state_publisher-17] [INFO] [1776844208.510173782] [robot_4.robot_state_publisher]: got segment robot_4/wheel_RL_link
[robot_state_publisher-17] [INFO] [1776844208.510179140] [robot_4.robot_state_publisher]: got segment robot_4/wheel_RR_link
[parameter_bridge-4] [INFO] [1776844208.510557041] [all_robots_bridge]: Creating GZ->ROS Bridge: [/robot_4/depth_camera/depth_image (ignition.msgs.Image) -> /robot_4/depth_camera/depth_image (sensor_msgs/msg/Image)] (Lazy 0)
[parameter_bridge-4] [INFO] [1776844208.512181274] [all_robots_bridge]: Creating GZ->ROS Bridge: [/world/random_world/model/robot_4/link/robot_4/base_footprint/sensor/contact_sensor/contact (ignition.msgs.Contacts) -> /world/random_world/model/robot_4/link/robot_4/base_footprint/sensor/contact_sensor/contact (ros_gz_interfaces/msg/Contacts)] (Lazy 0)
[parameter_bridge-4] [INFO] [1776844208.513717771] [all_robots_bridge]: Creating GZ->ROS Bridge: [/world/random_world/dynamic_pose/info (ignition.msgs.Pose_V) -> /world/random_world/dynamic_pose/info (tf2_msgs/msg/TFMessage)] (Lazy 0)
[bump_counter-3] [INFO] [1776844208.837072985] [bump_counter]: [global] global_mode=True cooldown(robot)=0.80s cooldown(obs)=0.50s Logging to /home/ecem/ros2_ws/src/Leo_sct/results_exp/explore/vague/prompt_3/run_9/spread/trial_1/run_20260422_095008/bumps_global_095008.csv
[robot_supervisor-7] [INFO] [1776844208.869381876] [robot_0.robot_supervisor]: Loaded initial mission 'explore' from explicit YAML explore_sup_gpt_vague_3_run_9_185.yaml
[robot_supervisor-13] [INFO] [1776844208.924765634] [robot_2.robot_supervisor]: Loaded initial mission 'explore' from explicit YAML explore_sup_gpt_vague_3_run_9_185.yaml
[robot_supervisor-10] [INFO] [1776844208.924764184] [robot_1.robot_supervisor]: Loaded initial mission 'explore' from explicit YAML explore_sup_gpt_vague_3_run_9_185.yaml
[robot_supervisor-19] [INFO] [1776844208.930935990] [robot_4.robot_supervisor]: Loaded initial mission 'explore' from explicit YAML explore_sup_gpt_vague_3_run_9_185.yaml
[robot_supervisor-16] [INFO] [1776844208.971248196] [robot_3.robot_supervisor]: Loaded initial mission 'explore' from explicit YAML explore_sup_gpt_vague_3_run_9_185.yaml
[robot_supervisor-7] [INFO] [1776844208.980656248] [robot_0.robot_supervisor]: Selected controllable event: EV_random_walk
[parameter_bridge-4] [INFO] [1776844208.980992964] [all_robots_bridge]: Passing message from ROS geometry_msgs/msg/Twist to Gazebo gz.msgs.Twist (showing msg only once per type)
[create-15] [INFO] [1776844209.031697777] [robot_3.ros_gz_sim]: Waiting messages on topic [/robot_3/robot_description].
[robot_supervisor-10] [INFO] [1776844209.033210971] [robot_1.robot_supervisor]: Selected controllable event: EV_random_walk
[robot_supervisor-13] [INFO] [1776844209.033718855] [robot_2.robot_supervisor]: Selected controllable event: EV_random_walk
[robot_supervisor-19] [INFO] [1776844209.040875362] [robot_4.robot_supervisor]: Selected controllable event: EV_random_walk
[robot_supervisor-16] [INFO] [1776844209.078345775] [robot_3.robot_supervisor]: Selected controllable event: EV_random_walk
[create-12] [INFO] [1776844209.132544474] [robot_2.ros_gz_sim]: Waiting messages on topic [/robot_2/robot_description].
[create-6] [INFO] [1776844209.232325289] [robot_0.ros_gz_sim]: Waiting messages on topic [/robot_0/robot_description].
[robot_supervisor-7] [INFO] [1776844209.280443763] [robot_0.robot_supervisor]: Selected controllable event: EV_move_forward
[create-18] [INFO] [1776844209.332312214] [robot_4.ros_gz_sim]: Waiting messages on topic [/robot_4/robot_description].
[robot_supervisor-10] [INFO] [1776844209.333094025] [robot_1.robot_supervisor]: Selected controllable event: EV_move_forward
[robot_supervisor-13] [INFO] [1776844209.333268300] [robot_2.robot_supervisor]: Selected controllable event: EV_move_forward
[robot_supervisor-19] [INFO] [1776844209.340570751] [robot_4.robot_supervisor]: Selected controllable event: EV_move_forward
[robot_supervisor-16] [INFO] [1776844209.378246491] [robot_3.robot_supervisor]: Selected controllable event: EV_move_forward
[create-15] [INFO] [1776844209.431777726] [robot_3.ros_gz_sim]: Requested creation of entity.
[create-15] [INFO] [1776844209.431880622] [robot_3.ros_gz_sim]: OK creation of entity.
[create-6] [INFO] [1776844209.431845571] [robot_0.ros_gz_sim]: Requested creation of entity.
[create-6] [INFO] [1776844209.431920430] [robot_0.ros_gz_sim]: OK creation of entity.
[create-12] [INFO] [1776844209.431935294] [robot_2.ros_gz_sim]: Requested creation of entity.
[create-12] [INFO] [1776844209.432004174] [robot_2.ros_gz_sim]: OK creation of entity.
[create-18] [INFO] [1776844209.431935847] [robot_4.ros_gz_sim]: Requested creation of entity.
[create-18] [INFO] [1776844209.432009189] [robot_4.ros_gz_sim]: OK creation of entity.
[create-9] [INFO] [1776844209.433203932] [robot_1.ros_gz_sim]: Waiting messages on topic [/robot_1/robot_description].
[create-9] [INFO] [1776844209.437133696] [robot_1.ros_gz_sim]: Requested creation of entity.
[create-9] [INFO] [1776844209.437177546] [robot_1.ros_gz_sim]: OK creation of entity.
[robot_supervisor-7] [INFO] [1776844209.580140538] [robot_0.robot_supervisor]: Selected controllable event: EV_random_walk
[robot_supervisor-13] [INFO] [1776844209.633018943] [robot_2.robot_supervisor]: Selected controllable event: EV_random_walk
[robot_supervisor-10] [INFO] [1776844209.633196099] [robot_1.robot_supervisor]: Selected controllable event: EV_random_walk
[robot_supervisor-19] [INFO] [1776844209.640624728] [robot_4.robot_supervisor]: Selected controllable event: EV_random_walk
[INFO] [create-15]: process has finished cleanly [pid 101758]
[INFO] [create-18]: process has finished cleanly [pid 101769]
[INFO] [create-6]: process has finished cleanly [pid 101738]
[INFO] [create-9]: process has finished cleanly [pid 101745]
[INFO] [create-12]: process has finished cleanly [pid 101752]
[robot_supervisor-16] [INFO] [1776844209.678371055] [robot_3.robot_supervisor]: Selected controllable event: EV_random_walk
[robot_supervisor-13] [INFO] [1776844209.834023376] [robot_2.robot_supervisor]: Selected controllable event: EV_move_forward
[robot_supervisor-7] [INFO] [1776844209.880382419] [robot_0.robot_supervisor]: Selected controllable event: EV_move_forward
[robot_supervisor-10] [INFO] [1776844209.933137470] [robot_1.robot_supervisor]: Selected controllable event: EV_move_forward
[bump_counter-3] [INFO] [1776844209.935281806] [bump_counter]: [global] subscribed: /world/random_world/model/robot_0/link/robot_0/base_footprint/sensor/contact_sensor/contact
[bump_counter-3] [INFO] [1776844209.936344503] [bump_counter]: [global] subscribed: /world/random_world/model/robot_1/link/robot_1/base_footprint/sensor/contact_sensor/contact
[bump_counter-3] [INFO] [1776844209.937289811] [bump_counter]: [global] subscribed: /world/random_world/model/robot_2/link/robot_2/base_footprint/sensor/contact_sensor/contact
[bump_counter-3] [INFO] [1776844209.938236017] [bump_counter]: [global] subscribed: /world/random_world/model/robot_3/link/robot_3/base_footprint/sensor/contact_sensor/contact
[bump_counter-3] [INFO] [1776844209.939418281] [bump_counter]: [global] subscribed: /world/random_world/model/robot_4/link/robot_4/base_footprint/sensor/contact_sensor/contact
[robot_supervisor-19] [INFO] [1776844209.940345903] [robot_4.robot_supervisor]: Selected controllable event: EV_move_forward
[robot_supervisor-16] [INFO] [1776844209.978381528] [robot_3.robot_supervisor]: Selected controllable event: EV_move_forward
[robot_supervisor-13] [INFO] [1776844210.133256728] [robot_2.robot_supervisor]: Selected controllable event: EV_random_walk
[robot_supervisor-7] [INFO] [1776844210.180460018] [robot_0.robot_supervisor]: Selected controllable event: EV_random_walk
[robot_supervisor-10] [INFO] [1776844210.233237600] [robot_1.robot_supervisor]: Selected controllable event: EV_random_walk
[robot_supervisor-19] [INFO] [1776844210.240218104] [robot_4.robot_supervisor]: Selected controllable event: EV_random_walk
[robot_supervisor-16] [INFO] [1776844210.278271757] [robot_3.robot_supervisor]: Selected controllable event: EV_random_walk
[INFO] [image_processor-21]: process started with pid [102170]
[INFO] [image_processor-22]: process started with pid [102172]
[INFO] [image_processor-23]: process started with pid [102174]
[INFO] [image_processor-24]: process started with pid [102177]
[INFO] [image_processor-25]: process started with pid [102179]
[robot_supervisor-13] [INFO] [1776844210.433293359] [robot_2.robot_supervisor]: Selected controllable event: EV_move_forward
[robot_supervisor-7] [INFO] [1776844210.480473516] [robot_0.robot_supervisor]: Selected controllable event: EV_move_forward
[image_processor-21] [INFO] [1776844210.507363797] [robot_0.image_processor]: image_processor: depth='/robot_0/depth_camera/depth_image' aruco_runtime=disabled
[image_processor-23] [INFO] [1776844210.528784253] [robot_2.image_processor]: image_processor: depth='/robot_2/depth_camera/depth_image' aruco_runtime=disabled
[robot_supervisor-10] [INFO] [1776844210.533489024] [robot_1.robot_supervisor]: Selected controllable event: EV_move_forward
[robot_supervisor-19] [INFO] [1776844210.540897325] [robot_4.robot_supervisor]: Selected controllable event: EV_move_forward
[image_processor-22] [INFO] [1776844210.541854561] [robot_1.image_processor]: image_processor: depth='/robot_1/depth_camera/depth_image' aruco_runtime=disabled
[image_processor-25] [INFO] [1776844210.542990678] [robot_4.image_processor]: image_processor: depth='/robot_4/depth_camera/depth_image' aruco_runtime=disabled
[image_processor-24] [INFO] [1776844210.545829596] [robot_3.image_processor]: image_processor: depth='/robot_3/depth_camera/depth_image' aruco_runtime=disabled
[robot_supervisor-16] [INFO] [1776844210.578326784] [robot_3.robot_supervisor]: Selected controllable event: EV_move_forward
[robot_supervisor-13] [INFO] [1776844210.733306236] [robot_2.robot_supervisor]: Selected controllable event: EV_random_walk
[robot_supervisor-7] [INFO] [1776844210.780285914] [robot_0.robot_supervisor]: Selected controllable event: EV_random_walk
[robot_supervisor-10] [INFO] [1776844210.833154169] [robot_1.robot_supervisor]: Selected controllable event: EV_random_walk
[robot_supervisor-19] [INFO] [1776844210.840374443] [robot_4.robot_supervisor]: Selected controllable event: EV_random_walk
[robot_supervisor-16] [INFO] [1776844210.878483579] [robot_3.robot_supervisor]: Selected controllable event: EV_random_walk
[robot_supervisor-13] [INFO] [1776844211.032969255] [robot_2.robot_supervisor]: Selected controllable event: EV_move_forward
[robot_supervisor-7] [INFO] [1776844211.080195782] [robot_0.robot_supervisor]: Selected controllable event: EV_move_forward
[robot_supervisor-10] [INFO] [1776844211.133376757] [robot_1.robot_supervisor]: Selected controllable event: EV_move_forward
[robot_supervisor-19] [INFO] [1776844211.140361831] [robot_4.robot_supervisor]: Selected controllable event: EV_move_forward
[robot_supervisor-16] [INFO] [1776844211.178353143] [robot_3.robot_supervisor]: Selected controllable event: EV_move_forward
[robot_supervisor-13] [INFO] [1776844211.332935480] [robot_2.robot_supervisor]: Selected controllable event: EV_random_walk
[robot_supervisor-7] [INFO] [1776844211.380205338] [robot_0.robot_supervisor]: Selected controllable event: EV_random_walk
[robot_supervisor-10] [INFO] [1776844211.433199754] [robot_1.robot_supervisor]: Selected controllable event: EV_random_walk
[robot_supervisor-19] [INFO] [1776844211.440784114] [robot_4.robot_supervisor]: Selected controllable event: EV_random_walk
[robot_supervisor-16] [INFO] [1776844211.478442431] [robot_3.robot_supervisor]: Selected controllable event: EV_random_walk
[robot_supervisor-13] [INFO] [1776844211.632979286] [robot_2.robot_supervisor]: Selected controllable event: EV_move_forward
[robot_supervisor-7] [INFO] [1776844211.680290500] [robot_0.robot_supervisor]: Selected controllable event: EV_move_forward
[robot_supervisor-10] [INFO] [1776844211.733144502] [robot_1.robot_supervisor]: Selected controllable event: EV_move_forward
[robot_supervisor-19] [INFO] [1776844211.740801806] [robot_4.robot_supervisor]: Selected controllable event: EV_move_forward
[robot_supervisor-16] [INFO] [1776844211.778806733] [robot_3.robot_supervisor]: Selected controllable event: EV_move_forward
[robot_supervisor-13] [INFO] [1776844211.933107063] [robot_2.robot_supervisor]: Selected controllable event: EV_random_walk
[robot_supervisor-7] [INFO] [1776844211.980814865] [robot_0.robot_supervisor]: Selected controllable event: EV_random_walk
[robot_supervisor-10] [INFO] [1776844212.033205700] [robot_1.robot_supervisor]: Selected controllable event: EV_random_walk
[robot_supervisor-19] [INFO] [1776844212.040865190] [robot_4.robot_supervisor]: Selected controllable event: EV_random_walk
[robot_supervisor-16] [INFO] [1776844212.078864124] [robot_3.robot_supervisor]: Selected controllable event: EV_random_walk
[robot_supervisor-13] [INFO] [1776844212.233183772] [robot_2.robot_supervisor]: Selected controllable event: EV_move_forward
[robot_supervisor-7] [INFO] [1776844212.280850810] [robot_0.robot_supervisor]: Selected controllable event: EV_move_forward
[robot_supervisor-10] [INFO] [1776844212.333081901] [robot_1.robot_supervisor]: Selected controllable event: EV_move_forward
[robot_supervisor-19] [INFO] [1776844212.340904987] [robot_4.robot_supervisor]: Selected controllable event: EV_move_forward
[robot_supervisor-16] [INFO] [1776844212.378966335] [robot_3.robot_supervisor]: Selected controllable event: EV_move_forward
[robot_supervisor-13] [INFO] [1776844212.533034615] [robot_2.robot_supervisor]: Selected controllable event: EV_random_walk
[robot_supervisor-7] [INFO] [1776844212.580946849] [robot_0.robot_supervisor]: Selected controllable event: EV_random_walk
[robot_supervisor-10] [INFO] [1776844212.633033975] [robot_1.robot_supervisor]: Selected controllable event: EV_random_walk
[robot_supervisor-19] [INFO] [1776844212.640942382] [robot_4.robot_supervisor]: Selected controllable event: EV_random_walk
[robot_supervisor-16] [INFO] [1776844212.678609957] [robot_3.robot_supervisor]: Selected controllable event: EV_random_walk
[robot_supervisor-13] [INFO] [1776844212.832967137] [robot_2.robot_supervisor]: Selected controllable event: EV_move_forward
[robot_supervisor-7] [INFO] [1776844212.880819633] [robot_0.robot_supervisor]: Selected controllable event: EV_move_forward
[robot_supervisor-10] [INFO] [1776844212.933680733] [robot_1.robot_supervisor]: Selected controllable event: EV_move_forward
[robot_supervisor-19] [INFO] [1776844212.940873703] [robot_4.robot_supervisor]: Selected controllable event: EV_move_forward
[robot_supervisor-16] [INFO] [1776844212.978366815] [robot_3.robot_supervisor]: Selected controllable event: EV_move_forward
[robot_supervisor-13] [INFO] [1776844213.132944858] [robot_2.robot_supervisor]: Selected controllable event: EV_random_walk
[robot_supervisor-7] [INFO] [1776844213.181087561] [robot_0.robot_supervisor]: Selected controllable event: EV_random_walk
[robot_supervisor-10] [INFO] [1776844213.233274272] [robot_1.robot_supervisor]: Selected controllable event: EV_random_walk
[robot_supervisor-19] [INFO] [1776844213.240418954] [robot_4.robot_supervisor]: Selected controllable event: EV_random_walk
[robot_supervisor-16] [INFO] [1776844213.278621877] [robot_3.robot_supervisor]: Selected controllable event: EV_random_walk
[robot_supervisor-13] [INFO] [1776844213.433339729] [robot_2.robot_supervisor]: Selected controllable event: EV_move_forward
[robot_supervisor-7] [INFO] [1776844213.480563712] [robot_0.robot_supervisor]: Selected controllable event: EV_move_forward
[robot_supervisor-10] [INFO] [1776844213.533466550] [robot_1.robot_supervisor]: Selected controllable event: EV_move_forward
[robot_supervisor-19] [INFO] [1776844213.540574595] [robot_4.robot_supervisor]: Selected controllable event: EV_move_forward
[robot_supervisor-16] [INFO] [1776844213.578494089] [robot_3.robot_supervisor]: Selected controllable event: EV_move_forward
[robot_supervisor-13] [INFO] [1776844213.733043260] [robot_2.robot_supervisor]: Selected controllable event: EV_random_walk
[robot_supervisor-7] [INFO] [1776844213.781235281] [robot_0.robot_supervisor]: Selected controllable event: EV_random_walk
[robot_supervisor-10] [INFO] [1776844213.834096653] [robot_1.robot_supervisor]: Selected controllable event: EV_random_walk
[robot_supervisor-19] [INFO] [1776844213.841322652] [robot_4.robot_supervisor]: Selected controllable event: EV_random_walk
[robot_supervisor-16] [INFO] [1776844213.879310595] [robot_3.robot_supervisor]: Selected controllable event: EV_random_walk
[robot_supervisor-13] [INFO] [1776844214.033009594] [robot_2.robot_supervisor]: Selected controllable event: EV_move_forward
[robot_supervisor-7] [INFO] [1776844214.081107990] [robot_0.robot_supervisor]: Selected controllable event: EV_move_forward
[robot_supervisor-10] [INFO] [1776844214.134047625] [robot_1.robot_supervisor]: Selected controllable event: EV_move_forward
[robot_supervisor-19] [INFO] [1776844214.141248420] [robot_4.robot_supervisor]: Selected controllable event: EV_move_forward
[robot_supervisor-16] [INFO] [1776844214.179202395] [robot_3.robot_supervisor]: Selected controllable event: EV_move_forward
[robot_supervisor-13] [INFO] [1776844214.333764956] [robot_2.robot_supervisor]: Selected controllable event: EV_random_walk
[robot_supervisor-7] [INFO] [1776844214.380552626] [robot_0.robot_supervisor]: Selected controllable event: EV_random_walk
[robot_supervisor-10] [INFO] [1776844214.434061719] [robot_1.robot_supervisor]: Selected controllable event: EV_random_walk
[robot_supervisor-19] [INFO] [1776844214.440466539] [robot_4.robot_supervisor]: Selected controllable event: EV_random_walk
[robot_supervisor-16] [INFO] [1776844214.479332575] [robot_3.robot_supervisor]: Selected controllable event: EV_random_walk
[robot_supervisor-13] [INFO] [1776844214.633942972] [robot_2.robot_supervisor]: Selected controllable event: EV_move_forward
[robot_supervisor-7] [INFO] [1776844214.681202788] [robot_0.robot_supervisor]: Selected controllable event: EV_move_forward
[robot_supervisor-10] [INFO] [1776844214.734236153] [robot_1.robot_supervisor]: Selected controllable event: EV_move_forward
[robot_supervisor-19] [INFO] [1776844214.740453681] [robot_4.robot_supervisor]: Selected controllable event: EV_move_forward
[robot_supervisor-16] [INFO] [1776844214.779370945] [robot_3.robot_supervisor]: Selected controllable event: EV_move_forward
[robot_supervisor-13] [INFO] [1776844214.933213087] [robot_2.robot_supervisor]: Selected controllable event: EV_random_walk
[robot_supervisor-7] [INFO] [1776844214.980517157] [robot_0.robot_supervisor]: Selected controllable event: EV_random_walk
[robot_supervisor-10] [INFO] [1776844215.033801263] [robot_1.robot_supervisor]: Selected controllable event: EV_random_walk
[robot_supervisor-19] [INFO] [1776844215.040602718] [robot_4.robot_supervisor]: Selected controllable event: EV_random_walk
[robot_supervisor-16] [INFO] [1776844215.078433236] [robot_3.robot_supervisor]: Selected controllable event: EV_random_walk
[robot_supervisor-13] [INFO] [1776844215.234038159] [robot_2.robot_supervisor]: Selected controllable event: EV_move_forward
[robot_supervisor-7] [INFO] [1776844215.281183986] [robot_0.robot_supervisor]: Selected controllable event: EV_move_forward
[robot_supervisor-10] [INFO] [1776844215.333280228] [robot_1.robot_supervisor]: Selected controllable event: EV_move_forward
[robot_supervisor-19] [INFO] [1776844215.341448855] [robot_4.robot_supervisor]: Selected controllable event: EV_move_forward
[robot_supervisor-16] [INFO] [1776844215.379307296] [robot_3.robot_supervisor]: Selected controllable event: EV_move_forward
[robot_supervisor-13] [INFO] [1776844215.534008543] [robot_2.robot_supervisor]: Selected controllable event: EV_random_walk
[robot_supervisor-7] [INFO] [1776844215.580418336] [robot_0.robot_supervisor]: Selected controllable event: EV_random_walk
[robot_supervisor-10] [INFO] [1776844215.634131252] [robot_1.robot_supervisor]: Selected controllable event: EV_random_walk
[robot_supervisor-19] [INFO] [1776844215.641308158] [robot_4.robot_supervisor]: Selected controllable event: EV_random_walk
[image_processor-24] [INFO] [1776844215.679255196] [robot_3.image_processor]: Zone=CLEAR  left[p=0.908 near=0 v=7650]  front[p=2.180 near=0 v=13500]  right[p=1.707 near=0 v=7740]
[robot_supervisor-16] [INFO] [1776844215.679346326] [robot_3.robot_supervisor]: Selected controllable event: EV_random_walk
[image_processor-23] [INFO] [1776844215.701587497] [robot_2.image_processor]: Zone=CLEAR  left[p=3.217 near=0 v=5007]  front[p=1.274 near=0 v=8730]  right[p=1.236 near=0 v=6906]
[image_processor-21] [INFO] [1776844215.718535832] [robot_0.image_processor]: Zone=CLEAR  left[p=0.895 near=0 v=7650]  front[p=0.895 near=0 v=13500]  right[p=0.895 near=0 v=7740]
[image_processor-25] [INFO] [1776844215.740160863] [robot_4.image_processor]: Zone=CLEAR  left[p=3.755 near=0 v=6616]  front[p=3.151 near=0 v=10020]  right[p=2.915 near=0 v=5493]
[image_processor-22] [INFO] [1776844215.753560377] [robot_1.image_processor]: Zone=CLEAR  left[p=1.526 near=0 v=7650]  front[p=2.801 near=0 v=12530]  right[p=2.404 near=0 v=7544]
[robot_supervisor-13] [INFO] [1776844215.833943723] [robot_2.robot_supervisor]: Selected controllable event: EV_move_forward
[robot_supervisor-7] [INFO] [1776844215.880339116] [robot_0.robot_supervisor]: Selected controllable event: EV_move_forward
[robot_supervisor-10] [INFO] [1776844215.933968120] [robot_1.robot_supervisor]: Selected controllable event: EV_move_forward
[robot_supervisor-19] [INFO] [1776844215.940792103] [robot_4.robot_supervisor]: Selected controllable event: EV_move_forward
[robot_supervisor-16] [INFO] [1776844215.979456682] [robot_3.robot_supervisor]: Selected controllable event: EV_move_forward
[robot_supervisor-13] [INFO] [1776844216.133066923] [robot_2.robot_supervisor]: Selected controllable event: EV_random_walk
[robot_supervisor-7] [INFO] [1776844216.180356992] [robot_0.robot_supervisor]: Selected controllable event: EV_random_walk
[robot_supervisor-10] [INFO] [1776844216.233243801] [robot_1.robot_supervisor]: Selected controllable event: EV_random_walk
[robot_supervisor-19] [INFO] [1776844216.241317084] [robot_4.robot_supervisor]: Selected controllable event: EV_random_walk
[robot_supervisor-16] [INFO] [1776844216.279247520] [robot_3.robot_supervisor]: Selected controllable event: EV_random_walk
[robot_supervisor-13] [INFO] [1776844216.433929055] [robot_2.robot_supervisor]: Selected controllable event: EV_move_forward
[robot_supervisor-7] [INFO] [1776844216.481192933] [robot_0.robot_supervisor]: Selected controllable event: EV_move_forward
[robot_supervisor-10] [INFO] [1776844216.533772151] [robot_1.robot_supervisor]: Selected controllable event: EV_move_forward
[robot_supervisor-19] [INFO] [1776844216.541333594] [robot_4.robot_supervisor]: Selected controllable event: EV_move_forward
[robot_supervisor-16] [INFO] [1776844216.579354042] [robot_3.robot_supervisor]: Selected controllable event: EV_move_forward
[robot_supervisor-13] [INFO] [1776844216.733049347] [robot_2.robot_supervisor]: Selected controllable event: EV_random_walk
[robot_supervisor-7] [INFO] [1776844216.780248610] [robot_0.robot_supervisor]: Selected controllable event: EV_random_walk
[robot_supervisor-10] [INFO] [1776844216.833160306] [robot_1.robot_supervisor]: Selected controllable event: EV_random_walk
[robot_supervisor-19] [INFO] [1776844216.841287355] [robot_4.robot_supervisor]: Selected controllable event: EV_random_walk
[robot_supervisor-16] [INFO] [1776844216.879279980] [robot_3.robot_supervisor]: Selected controllable event: EV_random_walk
[robot_supervisor-13] [INFO] [1776844217.033908461] [robot_2.robot_supervisor]: Selected controllable event: EV_move_forward
[robot_supervisor-7] [INFO] [1776844217.080403493] [robot_0.robot_supervisor]: Selected controllable event: EV_move_forward
[robot_supervisor-10] [INFO] [1776844217.133572511] [robot_1.robot_supervisor]: Selected controllable event: EV_move_forward
[robot_supervisor-19] [INFO] [1776844217.141106157] [robot_4.robot_supervisor]: Selected controllable event: EV_move_forward
[robot_supervisor-16] [INFO] [1776844217.178391218] [robot_3.robot_supervisor]: Selected controllable event: EV_move_forward
[robot_supervisor-13] [INFO] [1776844217.333821929] [robot_2.robot_supervisor]: Selected controllable event: EV_random_walk
[robot_supervisor-7] [INFO] [1776844217.381192108] [robot_0.robot_supervisor]: Selected controllable event: EV_random_walk
[robot_supervisor-10] [INFO] [1776844217.433694192] [robot_1.robot_supervisor]: Selected controllable event: EV_random_walk
[robot_supervisor-19] [INFO] [1776844217.440439703] [robot_4.robot_supervisor]: Selected controllable event: EV_random_walk
[robot_supervisor-16] [INFO] [1776844217.478421003] [robot_3.robot_supervisor]: Selected controllable event: EV_random_walk
[robot_supervisor-13] [INFO] [1776844217.633738361] [robot_2.robot_supervisor]: Selected controllable event: EV_move_forward
[robot_supervisor-7] [INFO] [1776844217.680230093] [robot_0.robot_supervisor]: Selected controllable event: EV_move_forward
[robot_supervisor-10] [INFO] [1776844217.733956514] [robot_1.robot_supervisor]: Selected controllable event: EV_move_forward
[robot_supervisor-19] [INFO] [1776844217.740739651] [robot_4.robot_supervisor]: Selected controllable event: EV_move_forward
[robot_supervisor-16] [INFO] [1776844217.778325423] [robot_3.robot_supervisor]: Selected controllable event: EV_move_forward
[robot_supervisor-13] [INFO] [1776844217.933776742] [robot_2.robot_supervisor]: Selected controllable event: EV_random_walk
[robot_supervisor-7] [INFO] [1776844217.981249965] [robot_0.robot_supervisor]: Selected controllable event: EV_random_walk
[robot_supervisor-10] [INFO] [1776844218.034030156] [robot_1.robot_supervisor]: Selected controllable event: EV_random_walk
[robot_supervisor-19] [INFO] [1776844218.041164436] [robot_4.robot_supervisor]: Selected controllable event: EV_random_walk
[robot_supervisor-16] [INFO] [1776844218.078406646] [robot_3.robot_supervisor]: Selected controllable event: EV_random_walk
[image_processor-24] [INFO] [1776844218.183093152] [robot_3.image_processor]: Zone=CLEAR
[image_processor-23] [INFO] [1776844218.201390014] [robot_2.image_processor]: Zone=CLEAR
[image_processor-21] [INFO] [1776844218.219029718] [robot_0.image_processor]: Zone=CORNER  left[p=0.371 near=7650 v=7650]  front[p=0.336 near=13500 v=13500]  right[p=0.313 near=7740 v=7740]
[robot_supervisor-7] [INFO] [1776844218.219908189] [robot_0.robot_supervisor]: Detected zone changed to CORNER
[robot_supervisor-13] [INFO] [1776844218.233089824] [robot_2.robot_supervisor]: Selected controllable event: EV_move_forward
[image_processor-25] [INFO] [1776844218.240181572] [robot_4.image_processor]: Zone=CLEAR
[image_processor-22] [INFO] [1776844218.254127579] [robot_1.image_processor]: Zone=CLEAR
[robot_supervisor-7] [INFO] [1776844218.280366884] [robot_0.robot_supervisor]: Selected controllable event: EV_rotate_clockwise
[robot_supervisor-10] [INFO] [1776844218.333940704] [robot_1.robot_supervisor]: Selected controllable event: EV_move_forward
[robot_supervisor-19] [INFO] [1776844218.340440986] [robot_4.robot_supervisor]: Selected controllable event: EV_move_forward
[robot_supervisor-16] [INFO] [1776844218.378415240] [robot_3.robot_supervisor]: Selected controllable event: EV_move_forward
[robot_supervisor-13] [INFO] [1776844218.533232958] [robot_2.robot_supervisor]: Selected controllable event: EV_random_walk
[robot_supervisor-10] [INFO] [1776844218.633362061] [robot_1.robot_supervisor]: Selected controllable event: EV_random_walk
[robot_supervisor-19] [INFO] [1776844218.641001358] [robot_4.robot_supervisor]: Selected controllable event: EV_random_walk
[robot_supervisor-16] [INFO] [1776844218.678437153] [robot_3.robot_supervisor]: Selected controllable event: EV_random_walk
[robot_supervisor-13] [INFO] [1776844218.833653560] [robot_2.robot_supervisor]: Selected controllable event: EV_move_forward
[robot_supervisor-10] [INFO] [1776844218.933864627] [robot_1.robot_supervisor]: Selected controllable event: EV_move_forward
[robot_supervisor-19] [INFO] [1776844218.941090682] [robot_4.robot_supervisor]: Selected controllable event: EV_move_forward
[robot_supervisor-16] [INFO] [1776844218.978563988] [robot_3.robot_supervisor]: Selected controllable event: EV_move_forward
[robot_supervisor-13] [INFO] [1776844219.133828051] [robot_2.robot_supervisor]: Selected controllable event: EV_random_walk
[robot_supervisor-10] [INFO] [1776844219.233908081] [robot_1.robot_supervisor]: Selected controllable event: EV_random_walk
[robot_supervisor-19] [INFO] [1776844219.240365546] [robot_4.robot_supervisor]: Selected controllable event: EV_random_walk
[robot_supervisor-16] [INFO] [1776844219.279240263] [robot_3.robot_supervisor]: Selected controllable event: EV_random_walk
[robot_supervisor-13] [INFO] [1776844219.433207776] [robot_2.robot_supervisor]: Selected controllable event: EV_move_forward
[robot_supervisor-10] [INFO] [1776844219.533059995] [robot_1.robot_supervisor]: Selected controllable event: EV_move_forward
[robot_supervisor-19] [INFO] [1776844219.540375661] [robot_4.robot_supervisor]: Selected controllable event: EV_move_forward
[robot_supervisor-16] [INFO] [1776844219.578550821] [robot_3.robot_supervisor]: Selected controllable event: EV_move_forward
[robot_supervisor-13] [INFO] [1776844219.734214161] [robot_2.robot_supervisor]: Selected controllable event: EV_random_walk
[robot_supervisor-10] [INFO] [1776844219.834091955] [robot_1.robot_supervisor]: Selected controllable event: EV_random_walk
[robot_supervisor-19] [INFO] [1776844219.840941398] [robot_4.robot_supervisor]: Selected controllable event: EV_random_walk
[robot_supervisor-16] [INFO] [1776844219.879420394] [robot_3.robot_supervisor]: Selected controllable event: EV_random_walk
[robot_supervisor-13] [INFO] [1776844220.033423107] [robot_2.robot_supervisor]: Selected controllable event: EV_move_forward
[robot_supervisor-10] [INFO] [1776844220.134074741] [robot_1.robot_supervisor]: Selected controllable event: EV_move_forward
[robot_supervisor-19] [INFO] [1776844220.140460143] [robot_4.robot_supervisor]: Selected controllable event: EV_move_forward
[robot_supervisor-16] [INFO] [1776844220.179514486] [robot_3.robot_supervisor]: Selected controllable event: EV_move_forward
[robot_supervisor-13] [INFO] [1776844220.333119385] [robot_2.robot_supervisor]: Selected controllable event: EV_random_walk
[robot_supervisor-7] [INFO] [1776844220.381223612] [robot_0.robot_supervisor]: Selected controllable event: EV_full_rotate
[robot_supervisor-7] [INFO] [1776844220.382399454] [robot_0.robot_supervisor]: Starting FULL ROTATE (omega=1.000, have_odom=True, target_rad=3.142, timeout_s=3.500)
[robot_supervisor-10] [INFO] [1776844220.433311000] [robot_1.robot_supervisor]: Selected controllable event: EV_random_walk
[robot_supervisor-19] [INFO] [1776844220.441441771] [robot_4.robot_supervisor]: Selected controllable event: EV_random_walk
[robot_supervisor-16] [INFO] [1776844220.479308771] [robot_3.robot_supervisor]: Selected controllable event: EV_random_walk
[robot_supervisor-7] [INFO] [1776844220.481138302] [robot_0.robot_supervisor]: FULL ROTATE active (accum_rad=0.000, timed_fallback=False, stall_count=0)
[robot_supervisor-7] [INFO] [1776844220.581358422] [robot_0.robot_supervisor]: FULL ROTATE active (accum_rad=0.002, timed_fallback=False, stall_count=0)
[robot_supervisor-13] [INFO] [1776844220.633976932] [robot_2.robot_supervisor]: Selected controllable event: EV_move_forward
[image_processor-24] [INFO] [1776844220.680377008] [robot_3.image_processor]: Zone=CLEAR
[robot_supervisor-7] [INFO] [1776844220.681088166] [robot_0.robot_supervisor]: FULL ROTATE active (accum_rad=0.030, timed_fallback=False, stall_count=0)
[image_processor-23] [INFO] [1776844220.719407330] [robot_2.image_processor]: Zone=CORNER  left[p=3.307 near=0 v=5698]  front[p=0.341 near=8819 v=12110]  right[p=0.268 near=7740 v=7740]
[robot_supervisor-13] [INFO] [1776844220.720393056] [robot_2.robot_supervisor]: Detected zone changed to CORNER
[robot_supervisor-10] [INFO] [1776844220.733446128] [robot_1.robot_supervisor]: Selected controllable event: EV_move_forward
[robot_supervisor-19] [INFO] [1776844220.740480413] [robot_4.robot_supervisor]: Selected controllable event: EV_move_forward
[image_processor-21] [INFO] [1776844220.754401585] [robot_0.image_processor]: Zone=LEFT  left[p=0.389 near=7650 v=7650]  front[p=0.801 near=1343 v=13500]  right[p=1.496 near=0 v=7740]
[robot_supervisor-7] [INFO] [1776844220.756254026] [robot_0.robot_supervisor]: Detected zone changed to LEFT
[robot_supervisor-16] [INFO] [1776844220.779581035] [robot_3.robot_supervisor]: Selected controllable event: EV_move_forward
[robot_supervisor-7] [INFO] [1776844220.783069854] [robot_0.robot_supervisor]: FULL ROTATE active (accum_rad=0.087, timed_fallback=False, stall_count=0)
[image_processor-25] [INFO] [1776844220.787148833] [robot_4.image_processor]: Zone=CLEAR
[image_processor-22] [INFO] [1776844220.818184584] [robot_1.image_processor]: Zone=CLEAR
[robot_supervisor-7] [INFO] [1776844220.880344553] [robot_0.robot_supervisor]: FULL ROTATE active (accum_rad=0.175, timed_fallback=False, stall_count=0)
[robot_supervisor-13] [INFO] [1776844220.933865110] [robot_2.robot_supervisor]: Selected controllable event: EV_rotate_clockwise
[robot_supervisor-7] [INFO] [1776844220.980645157] [robot_0.robot_supervisor]: FULL ROTATE active (accum_rad=0.275, timed_fallback=False, stall_count=0)
[robot_supervisor-10] [INFO] [1776844221.033355886] [robot_1.robot_supervisor]: Selected controllable event: EV_random_walk
[robot_supervisor-19] [INFO] [1776844221.041446128] [robot_4.robot_supervisor]: Selected controllable event: EV_random_walk
[robot_supervisor-16] [INFO] [1776844221.078443071] [robot_3.robot_supervisor]: Selected controllable event: EV_random_walk
[robot_supervisor-7] [INFO] [1776844221.080604267] [robot_0.robot_supervisor]: FULL ROTATE active (accum_rad=0.375, timed_fallback=False, stall_count=0)
[robot_supervisor-7] [INFO] [1776844221.181150928] [robot_0.robot_supervisor]: FULL ROTATE active (accum_rad=0.475, timed_fallback=False, stall_count=0)
[robot_supervisor-7] [INFO] [1776844221.281171161] [robot_0.robot_supervisor]: FULL ROTATE active (accum_rad=0.575, timed_fallback=False, stall_count=0)
[robot_supervisor-10] [INFO] [1776844221.333278647] [robot_1.robot_supervisor]: Selected controllable event: EV_move_forward
[robot_supervisor-19] [INFO] [1776844221.340492186] [robot_4.robot_supervisor]: Selected controllable event: EV_move_forward
[robot_supervisor-16] [INFO] [1776844221.378487928] [robot_3.robot_supervisor]: Selected controllable event: EV_move_forward
[robot_supervisor-7] [INFO] [1776844221.380459928] [robot_0.robot_supervisor]: FULL ROTATE active (accum_rad=0.675, timed_fallback=False, stall_count=0)
[robot_supervisor-7] [INFO] [1776844221.480269062] [robot_0.robot_supervisor]: FULL ROTATE active (accum_rad=0.775, timed_fallback=False, stall_count=0)
[robot_supervisor-7] [INFO] [1776844221.580954998] [robot_0.robot_supervisor]: FULL ROTATE active (accum_rad=0.875, timed_fallback=False, stall_count=0)
[robot_supervisor-10] [INFO] [1776844221.633207976] [robot_1.robot_supervisor]: Selected controllable event: EV_random_walk
[robot_supervisor-19] [INFO] [1776844221.641294300] [robot_4.robot_supervisor]: Selected controllable event: EV_random_walk
[robot_supervisor-16] [INFO] [1776844221.678448136] [robot_3.robot_supervisor]: Selected controllable event: EV_random_walk
[robot_supervisor-7] [INFO] [1776844221.680962547] [robot_0.robot_supervisor]: FULL ROTATE active (accum_rad=0.975, timed_fallback=False, stall_count=0)
[robot_supervisor-7] [INFO] [1776844221.781157812] [robot_0.robot_supervisor]: FULL ROTATE active (accum_rad=1.075, timed_fallback=False, stall_count=0)
[robot_supervisor-7] [INFO] [1776844221.880712968] [robot_0.robot_supervisor]: FULL ROTATE active (accum_rad=1.175, timed_fallback=False, stall_count=0)
[robot_supervisor-10] [INFO] [1776844221.934090257] [robot_1.robot_supervisor]: Selected controllable event: EV_move_forward
[robot_supervisor-19] [INFO] [1776844221.940742349] [robot_4.robot_supervisor]: Selected controllable event: EV_move_forward
[robot_supervisor-16] [INFO] [1776844221.978394953] [robot_3.robot_supervisor]: Selected controllable event: EV_move_forward
[robot_supervisor-7] [INFO] [1776844221.980240442] [robot_0.robot_supervisor]: FULL ROTATE active (accum_rad=1.275, timed_fallback=False, stall_count=0)
[robot_supervisor-7] [INFO] [1776844222.080215427] [robot_0.robot_supervisor]: FULL ROTATE active (accum_rad=1.375, timed_fallback=False, stall_count=0)
[robot_supervisor-7] [INFO] [1776844222.180223529] [robot_0.robot_supervisor]: FULL ROTATE active (accum_rad=1.475, timed_fallback=False, stall_count=0)
[robot_supervisor-10] [INFO] [1776844222.233387960] [robot_1.robot_supervisor]: Selected controllable event: EV_random_walk
[robot_supervisor-19] [INFO] [1776844222.241207495] [robot_4.robot_supervisor]: Selected controllable event: EV_random_walk
[robot_supervisor-16] [INFO] [1776844222.279038149] [robot_3.robot_supervisor]: Selected controllable event: EV_random_walk
[robot_supervisor-7] [INFO] [1776844222.280907802] [robot_0.robot_supervisor]: FULL ROTATE active (accum_rad=1.575, timed_fallback=False, stall_count=0)
[robot_supervisor-7] [INFO] [1776844222.380441224] [robot_0.robot_supervisor]: FULL ROTATE active (accum_rad=1.675, timed_fallback=False, stall_count=0)
[robot_supervisor-7] [INFO] [1776844222.480685770] [robot_0.robot_supervisor]: FULL ROTATE active (accum_rad=1.775, timed_fallback=False, stall_count=0)
[robot_supervisor-10] [INFO] [1776844222.533391357] [robot_1.robot_supervisor]: Selected controllable event: EV_move_forward
[robot_supervisor-19] [INFO] [1776844222.541095930] [robot_4.robot_supervisor]: Selected controllable event: EV_move_forward
[robot_supervisor-16] [INFO] [1776844222.578835023] [robot_3.robot_supervisor]: Selected controllable event: EV_move_forward
[robot_supervisor-7] [INFO] [1776844222.580836186] [robot_0.robot_supervisor]: FULL ROTATE active (accum_rad=1.875, timed_fallback=False, stall_count=0)
[robot_supervisor-7] [INFO] [1776844222.681039098] [robot_0.robot_supervisor]: FULL ROTATE active (accum_rad=1.975, timed_fallback=False, stall_count=0)
[robot_supervisor-7] [INFO] [1776844222.780155344] [robot_0.robot_supervisor]: FULL ROTATE active (accum_rad=2.075, timed_fallback=False, stall_count=0)
[robot_supervisor-10] [INFO] [1776844222.834023006] [robot_1.robot_supervisor]: Selected controllable event: EV_random_walk
[robot_supervisor-19] [INFO] [1776844222.840378851] [robot_4.robot_supervisor]: Selected controllable event: EV_random_walk
[robot_supervisor-16] [INFO] [1776844222.878383792] [robot_3.robot_supervisor]: Selected controllable event: EV_random_walk
[robot_supervisor-7] [INFO] [1776844222.880371647] [robot_0.robot_supervisor]: FULL ROTATE active (accum_rad=2.175, timed_fallback=False, stall_count=0)
[robot_supervisor-7] [INFO] [1776844222.980268368] [robot_0.robot_supervisor]: FULL ROTATE active (accum_rad=2.275, timed_fallback=False, stall_count=0)
[robot_supervisor-7] [INFO] [1776844223.080237719] [robot_0.robot_supervisor]: FULL ROTATE active (accum_rad=2.375, timed_fallback=False, stall_count=0)
[robot_supervisor-13] [INFO] [1776844223.132968671] [robot_2.robot_supervisor]: Selected controllable event: EV_full_rotate
[robot_supervisor-10] [INFO] [1776844223.133011870] [robot_1.robot_supervisor]: Selected controllable event: EV_move_forward
[robot_supervisor-13] [INFO] [1776844223.133495997] [robot_2.robot_supervisor]: Starting FULL ROTATE (omega=1.000, have_odom=True, target_rad=3.142, timeout_s=3.500)
[robot_supervisor-19] [INFO] [1776844223.140998408] [robot_4.robot_supervisor]: Selected controllable event: EV_move_forward
[image_processor-24] [INFO] [1776844223.172084238] [robot_3.image_processor]: Zone=CLEAR
[robot_supervisor-16] [INFO] [1776844223.178736165] [robot_3.robot_supervisor]: Selected controllable event: EV_move_forward
[robot_supervisor-7] [INFO] [1776844223.180153494] [robot_0.robot_supervisor]: FULL ROTATE active (accum_rad=2.475, timed_fallback=False, stall_count=0)
[image_processor-23] [INFO] [1776844223.188072512] [robot_2.image_processor]: Zone=LEFT  left[p=0.303 near=6209 v=7650]  front[p=2.628 near=0 v=13500]  right[p=1.641 near=0 v=7740]
[robot_supervisor-13] [INFO] [1776844223.189544091] [robot_2.robot_supervisor]: Detected zone changed to LEFT
[image_processor-21] [INFO] [1776844223.201400117] [robot_0.image_processor]: Zone=CORNER  left[p=0.556 near=5599 v=7650]  front[p=0.381 near=11446 v=13500]  right[p=0.267 near=7740 v=7740]
[robot_supervisor-7] [INFO] [1776844223.202934257] [robot_0.robot_supervisor]: Detected zone changed to CORNER
[robot_supervisor-13] [INFO] [1776844223.233676405] [robot_2.robot_supervisor]: FULL ROTATE active (accum_rad=0.000, timed_fallback=False, stall_count=0)
[image_processor-25] [INFO] [1776844223.235141204] [robot_4.image_processor]: Zone=CLEAR
[image_processor-22] [INFO] [1776844223.250699177] [robot_1.image_processor]: Zone=CLEAR
[robot_supervisor-7] [INFO] [1776844223.280812499] [robot_0.robot_supervisor]: FULL ROTATE active (accum_rad=2.575, timed_fallback=False, stall_count=0)
[robot_supervisor-13] [INFO] [1776844223.333544582] [robot_2.robot_supervisor]: FULL ROTATE active (accum_rad=0.006, timed_fallback=False, stall_count=0)
[robot_supervisor-7] [INFO] [1776844223.381067198] [robot_0.robot_supervisor]: FULL ROTATE active (accum_rad=2.675, timed_fallback=False, stall_count=0)
[robot_supervisor-13] [INFO] [1776844223.433537280] [robot_2.robot_supervisor]: FULL ROTATE active (accum_rad=0.041, timed_fallback=False, stall_count=0)
[robot_supervisor-10] [INFO] [1776844223.433765764] [robot_1.robot_supervisor]: Selected controllable event: EV_random_walk
[robot_supervisor-19] [INFO] [1776844223.440460836] [robot_4.robot_supervisor]: Selected controllable event: EV_random_walk
[robot_supervisor-16] [INFO] [1776844223.478597644] [robot_3.robot_supervisor]: Selected controllable event: EV_random_walk
[robot_supervisor-7] [INFO] [1776844223.480708065] [robot_0.robot_supervisor]: FULL ROTATE active (accum_rad=2.775, timed_fallback=False, stall_count=0)
[robot_supervisor-13] [INFO] [1776844223.532916476] [robot_2.robot_supervisor]: FULL ROTATE active (accum_rad=0.105, timed_fallback=False, stall_count=0)
[robot_supervisor-7] [INFO] [1776844223.580792078] [robot_0.robot_supervisor]: FULL ROTATE active (accum_rad=2.875, timed_fallback=False, stall_count=0)
[robot_supervisor-13] [INFO] [1776844223.633516966] [robot_2.robot_supervisor]: FULL ROTATE active (accum_rad=0.198, timed_fallback=False, stall_count=0)
[robot_supervisor-7] [INFO] [1776844223.680906195] [robot_0.robot_supervisor]: FULL ROTATE active (accum_rad=2.975, timed_fallback=False, stall_count=0)
[robot_supervisor-13] [INFO] [1776844223.733253602] [robot_2.robot_supervisor]: FULL ROTATE active (accum_rad=0.298, timed_fallback=False, stall_count=0)
[robot_supervisor-10] [INFO] [1776844223.733852082] [robot_1.robot_supervisor]: Selected controllable event: EV_move_forward
[robot_supervisor-19] [INFO] [1776844223.740860080] [robot_4.robot_supervisor]: Selected controllable event: EV_move_forward
[robot_supervisor-16] [INFO] [1776844223.778972565] [robot_3.robot_supervisor]: Selected controllable event: EV_move_forward
[robot_supervisor-7] [INFO] [1776844223.780733285] [robot_0.robot_supervisor]: FULL ROTATE active (accum_rad=3.075, timed_fallback=False, stall_count=0)
[robot_supervisor-7] [INFO] [1776844223.781866253] [robot_0.robot_supervisor]: FULL ROTATE completed by odom (accum_rad=3.175)
[robot_supervisor-7] [INFO] [1776844223.782949208] [robot_0.robot_supervisor]: FULL ROTATE stopped; supervisor will select next event next tick
[robot_supervisor-13] [INFO] [1776844223.833656923] [robot_2.robot_supervisor]: FULL ROTATE active (accum_rad=0.398, timed_fallback=False, stall_count=0)
[robot_supervisor-13] [INFO] [1776844223.933528548] [robot_2.robot_supervisor]: FULL ROTATE active (accum_rad=0.498, timed_fallback=False, stall_count=0)
[robot_supervisor-13] [INFO] [1776844224.033575372] [robot_2.robot_supervisor]: FULL ROTATE active (accum_rad=0.598, timed_fallback=False, stall_count=0)
[robot_supervisor-10] [INFO] [1776844224.033628769] [robot_1.robot_supervisor]: Selected controllable event: EV_random_walk
[robot_supervisor-19] [INFO] [1776844224.040925846] [robot_4.robot_supervisor]: Selected controllable event: EV_random_walk
[robot_supervisor-16] [INFO] [1776844224.078352896] [robot_3.robot_supervisor]: Selected controllable event: EV_random_walk
[robot_supervisor-13] [INFO] [1776844224.133530426] [robot_2.robot_supervisor]: FULL ROTATE active (accum_rad=0.698, timed_fallback=False, stall_count=0)
[robot_supervisor-7] [INFO] [1776844224.180794571] [robot_0.robot_supervisor]: Selected controllable event: EV_rotate_clockwise
[robot_supervisor-13] [INFO] [1776844224.233460269] [robot_2.robot_supervisor]: FULL ROTATE active (accum_rad=0.798, timed_fallback=False, stall_count=0)
[robot_supervisor-13] [INFO] [1776844224.332879816] [robot_2.robot_supervisor]: FULL ROTATE active (accum_rad=0.898, timed_fallback=False, stall_count=0)
[robot_supervisor-10] [INFO] [1776844224.333572909] [robot_1.robot_supervisor]: Selected controllable event: EV_move_forward
[robot_supervisor-19] [INFO] [1776844224.340786110] [robot_4.robot_supervisor]: Selected controllable event: EV_move_forward
[robot_supervisor-16] [INFO] [1776844224.378449272] [robot_3.robot_supervisor]: Selected controllable event: EV_move_forward
[robot_supervisor-13] [INFO] [1776844224.433356270] [robot_2.robot_supervisor]: FULL ROTATE active (accum_rad=0.998, timed_fallback=False, stall_count=0)
[robot_supervisor-13] [INFO] [1776844224.533011040] [robot_2.robot_supervisor]: FULL ROTATE active (accum_rad=1.098, timed_fallback=False, stall_count=0)
[robot_supervisor-10] [INFO] [1776844224.633149623] [robot_1.robot_supervisor]: Selected controllable event: EV_random_walk
[robot_supervisor-13] [INFO] [1776844224.633359847] [robot_2.robot_supervisor]: FULL ROTATE active (accum_rad=1.198, timed_fallback=False, stall_count=0)
[robot_supervisor-19] [INFO] [1776844224.640746328] [robot_4.robot_supervisor]: Selected controllable event: EV_random_walk
[robot_supervisor-16] [INFO] [1776844224.678528834] [robot_3.robot_supervisor]: Selected controllable event: EV_random_walk
[robot_supervisor-13] [INFO] [1776844224.733382684] [robot_2.robot_supervisor]: FULL ROTATE active (accum_rad=1.298, timed_fallback=False, stall_count=0)
[robot_supervisor-13] [INFO] [1776844224.833459641] [robot_2.robot_supervisor]: FULL ROTATE active (accum_rad=1.398, timed_fallback=False, stall_count=0)
[robot_supervisor-10] [INFO] [1776844224.933087663] [robot_1.robot_supervisor]: Selected controllable event: EV_move_forward
[robot_supervisor-13] [INFO] [1776844224.933152972] [robot_2.robot_supervisor]: FULL ROTATE active (accum_rad=1.498, timed_fallback=False, stall_count=0)
[robot_supervisor-19] [INFO] [1776844224.940292511] [robot_4.robot_supervisor]: Selected controllable event: EV_move_forward
[robot_supervisor-16] [INFO] [1776844224.978709425] [robot_3.robot_supervisor]: Selected controllable event: EV_move_forward
[robot_supervisor-13] [INFO] [1776844225.032850255] [robot_2.robot_supervisor]: FULL ROTATE active (accum_rad=1.598, timed_fallback=False, stall_count=0)
[robot_supervisor-13] [INFO] [1776844225.132895820] [robot_2.robot_supervisor]: FULL ROTATE active (accum_rad=1.698, timed_fallback=False, stall_count=0)
[robot_supervisor-10] [INFO] [1776844225.233018207] [robot_1.robot_supervisor]: Selected controllable event: EV_random_walk
[robot_supervisor-13] [INFO] [1776844225.233171909] [robot_2.robot_supervisor]: FULL ROTATE active (accum_rad=1.798, timed_fallback=False, stall_count=0)
[robot_supervisor-19] [INFO] [1776844225.240663128] [robot_4.robot_supervisor]: Selected controllable event: EV_random_walk
[robot_supervisor-16] [INFO] [1776844225.278673775] [robot_3.robot_supervisor]: Selected controllable event: EV_random_walk
[robot_supervisor-13] [INFO] [1776844225.333171712] [robot_2.robot_supervisor]: FULL ROTATE active (accum_rad=1.898, timed_fallback=False, stall_count=0)
[robot_supervisor-13] [INFO] [1776844225.433200576] [robot_2.robot_supervisor]: FULL ROTATE active (accum_rad=1.998, timed_fallback=False, stall_count=0)
[robot_supervisor-13] [INFO] [1776844225.533088394] [robot_2.robot_supervisor]: FULL ROTATE active (accum_rad=2.098, timed_fallback=False, stall_count=0)
[robot_supervisor-10] [INFO] [1776844225.533309922] [robot_1.robot_supervisor]: Selected controllable event: EV_move_forward
[robot_supervisor-19] [INFO] [1776844225.540321044] [robot_4.robot_supervisor]: Selected controllable event: EV_move_forward
[robot_supervisor-16] [INFO] [1776844225.578586827] [robot_3.robot_supervisor]: Selected controllable event: EV_move_forward
[robot_supervisor-13] [INFO] [1776844225.632901793] [robot_2.robot_supervisor]: FULL ROTATE active (accum_rad=2.198, timed_fallback=False, stall_count=0)
[image_processor-24] [INFO] [1776844225.671433389] [robot_3.image_processor]: Zone=CLEAR
[image_processor-23] [INFO] [1776844225.704556749] [robot_2.image_processor]: Zone=RIGHT  left[p=3.216 near=0 v=5495]  front[p=2.830 near=187 v=9286]  right[p=0.276 near=7698 v=7740]
[robot_supervisor-13] [INFO] [1776844225.705568665] [robot_2.robot_supervisor]: Detected zone changed to RIGHT
[image_processor-21] [INFO] [1776844225.717534535] [robot_0.image_processor]: Zone=CORNER
[robot_supervisor-13] [INFO] [1776844225.733086933] [robot_2.robot_supervisor]: FULL ROTATE active (accum_rad=2.298, timed_fallback=False, stall_count=0)
[image_processor-25] [INFO] [1776844225.733888687] [robot_4.image_processor]: Zone=CLEAR
[image_processor-22] [INFO] [1776844225.745873958] [robot_1.image_processor]: Zone=CLEAR
[robot_supervisor-10] [INFO] [1776844225.833001956] [robot_1.robot_supervisor]: Selected controllable event: EV_random_walk
[robot_supervisor-13] [INFO] [1776844225.833041464] [robot_2.robot_supervisor]: FULL ROTATE active (accum_rad=2.398, timed_fallback=False, stall_count=0)
[robot_supervisor-19] [INFO] [1776844225.840307746] [robot_4.robot_supervisor]: Selected controllable event: EV_random_walk
[robot_supervisor-16] [INFO] [1776844225.878559687] [robot_3.robot_supervisor]: Selected controllable event: EV_random_walk
[robot_supervisor-13] [INFO] [1776844225.933140984] [robot_2.robot_supervisor]: FULL ROTATE active (accum_rad=2.498, timed_fallback=False, stall_count=0)
[robot_supervisor-13] [INFO] [1776844226.032808398] [robot_2.robot_supervisor]: FULL ROTATE active (accum_rad=2.598, timed_fallback=False, stall_count=0)
[robot_supervisor-13] [INFO] [1776844226.132769143] [robot_2.robot_supervisor]: FULL ROTATE active (accum_rad=2.698, timed_fallback=False, stall_count=0)
[robot_supervisor-10] [INFO] [1776844226.133338318] [robot_1.robot_supervisor]: Selected controllable event: EV_move_forward
[robot_supervisor-19] [INFO] [1776844226.140804689] [robot_4.robot_supervisor]: Selected controllable event: EV_move_forward
[robot_supervisor-16] [INFO] [1776844226.178589261] [robot_3.robot_supervisor]: Selected controllable event: EV_move_forward
[robot_supervisor-13] [INFO] [1776844226.232836396] [robot_2.robot_supervisor]: FULL ROTATE active (accum_rad=2.798, timed_fallback=False, stall_count=0)
[robot_supervisor-7] [INFO] [1776844226.280421729] [robot_0.robot_supervisor]: Selected controllable event: EV_full_rotate
[robot_supervisor-7] [INFO] [1776844226.281051084] [robot_0.robot_supervisor]: Starting FULL ROTATE (omega=1.000, have_odom=True, target_rad=3.142, timeout_s=3.500)
[robot_supervisor-13] [INFO] [1776844226.332847144] [robot_2.robot_supervisor]: FULL ROTATE active (accum_rad=2.898, timed_fallback=False, stall_count=0)
[robot_supervisor-7] [INFO] [1776844226.380357071] [robot_0.robot_supervisor]: FULL ROTATE active (accum_rad=0.000, timed_fallback=False, stall_count=0)
[robot_supervisor-13] [INFO] [1776844226.432801670] [robot_2.robot_supervisor]: FULL ROTATE active (accum_rad=2.998, timed_fallback=False, stall_count=0)
[robot_supervisor-10] [INFO] [1776844226.433270162] [robot_1.robot_supervisor]: Selected controllable event: EV_random_walk
[robot_supervisor-19] [INFO] [1776844226.440520961] [robot_4.robot_supervisor]: Selected controllable event: EV_random_walk
[robot_supervisor-16] [INFO] [1776844226.478495424] [robot_3.robot_supervisor]: Selected controllable event: EV_random_walk
[robot_supervisor-7] [INFO] [1776844226.480051988] [robot_0.robot_supervisor]: FULL ROTATE active (accum_rad=0.002, timed_fallback=False, stall_count=0)
[robot_supervisor-13] [INFO] [1776844226.532837079] [robot_2.robot_supervisor]: FULL ROTATE active (accum_rad=3.098, timed_fallback=False, stall_count=0)
[robot_supervisor-13] [INFO] [1776844226.533353676] [robot_2.robot_supervisor]: FULL ROTATE completed by odom (accum_rad=3.198)
[robot_supervisor-13] [INFO] [1776844226.533781541] [robot_2.robot_supervisor]: FULL ROTATE stopped; supervisor will select next event next tick
[robot_supervisor-7] [INFO] [1776844226.580262127] [robot_0.robot_supervisor]: FULL ROTATE active (accum_rad=0.030, timed_fallback=False, stall_count=0)
[robot_supervisor-7] [INFO] [1776844226.680400450] [robot_0.robot_supervisor]: FULL ROTATE active (accum_rad=0.087, timed_fallback=False, stall_count=0)
[robot_supervisor-10] [INFO] [1776844226.733089978] [robot_1.robot_supervisor]: Selected controllable event: EV_move_forward
[robot_supervisor-19] [INFO] [1776844226.740173234] [robot_4.robot_supervisor]: Selected controllable event: EV_move_forward
[robot_supervisor-16] [INFO] [1776844226.778282231] [robot_3.robot_supervisor]: Selected controllable event: EV_move_forward
[robot_supervisor-7] [INFO] [1776844226.780051105] [robot_0.robot_supervisor]: FULL ROTATE active (accum_rad=0.175, timed_fallback=False, stall_count=0)
[robot_supervisor-13] [INFO] [1776844226.833161372] [robot_2.robot_supervisor]: Selected controllable event: EV_rotate_counterclockwise
[robot_supervisor-7] [INFO] [1776844226.880123048] [robot_0.robot_supervisor]: FULL ROTATE active (accum_rad=0.275, timed_fallback=False, stall_count=0)
[robot_supervisor-7] [INFO] [1776844226.980272412] [robot_0.robot_supervisor]: FULL ROTATE active (accum_rad=0.375, timed_fallback=False, stall_count=0)
[robot_supervisor-10] [INFO] [1776844227.033093369] [robot_1.robot_supervisor]: Selected controllable event: EV_random_walk
[robot_supervisor-19] [INFO] [1776844227.040355965] [robot_4.robot_supervisor]: Selected controllable event: EV_random_walk
[robot_supervisor-16] [INFO] [1776844227.078655909] [robot_3.robot_supervisor]: Selected controllable event: EV_random_walk
[robot_supervisor-7] [INFO] [1776844227.080323425] [robot_0.robot_supervisor]: FULL ROTATE active (accum_rad=0.475, timed_fallback=False, stall_count=0)
[robot_supervisor-7] [INFO] [1776844227.180299556] [robot_0.robot_supervisor]: FULL ROTATE active (accum_rad=0.575, timed_fallback=False, stall_count=0)
[robot_supervisor-7] [INFO] [1776844227.279996369] [robot_0.robot_supervisor]: FULL ROTATE active (accum_rad=0.675, timed_fallback=False, stall_count=0)
[robot_supervisor-10] [INFO] [1776844227.332991971] [robot_1.robot_supervisor]: Selected controllable event: EV_move_forward
[robot_supervisor-19] [INFO] [1776844227.340204293] [robot_4.robot_supervisor]: Selected controllable event: EV_move_forward
[robot_supervisor-16] [INFO] [1776844227.378161045] [robot_3.robot_supervisor]: Selected controllable event: EV_move_forward
[robot_supervisor-7] [INFO] [1776844227.380053949] [robot_0.robot_supervisor]: FULL ROTATE active (accum_rad=0.775, timed_fallback=False, stall_count=0)
[robot_supervisor-7] [INFO] [1776844227.480215803] [robot_0.robot_supervisor]: FULL ROTATE active (accum_rad=0.875, timed_fallback=False, stall_count=0)
[robot_supervisor-7] [INFO] [1776844227.580394612] [robot_0.robot_supervisor]: FULL ROTATE active (accum_rad=0.975, timed_fallback=False, stall_count=0)
[robot_supervisor-10] [INFO] [1776844227.633042575] [robot_1.robot_supervisor]: Selected controllable event: EV_random_walk
[robot_supervisor-19] [INFO] [1776844227.640328182] [robot_4.robot_supervisor]: Selected controllable event: EV_random_walk
[robot_supervisor-16] [INFO] [1776844227.678475024] [robot_3.robot_supervisor]: Selected controllable event: EV_random_walk
[robot_supervisor-7] [INFO] [1776844227.680895023] [robot_0.robot_supervisor]: FULL ROTATE active (accum_rad=1.075, timed_fallback=False, stall_count=0)
[robot_supervisor-7] [INFO] [1776844227.781020324] [robot_0.robot_supervisor]: FULL ROTATE active (accum_rad=1.175, timed_fallback=False, stall_count=0)
[robot_supervisor-7] [INFO] [1776844227.880898308] [robot_0.robot_supervisor]: FULL ROTATE active (accum_rad=1.275, timed_fallback=False, stall_count=0)
[robot_supervisor-10] [INFO] [1776844227.933313234] [robot_1.robot_supervisor]: Selected controllable event: EV_move_forward
[robot_supervisor-19] [INFO] [1776844227.940515837] [robot_4.robot_supervisor]: Selected controllable event: EV_move_forward
[robot_supervisor-16] [INFO] [1776844227.978566482] [robot_3.robot_supervisor]: Selected controllable event: EV_move_forward
[robot_supervisor-7] [INFO] [1776844227.980042030] [robot_0.robot_supervisor]: FULL ROTATE active (accum_rad=1.375, timed_fallback=False, stall_count=0)
[robot_supervisor-7] [INFO] [1776844228.080036671] [robot_0.robot_supervisor]: FULL ROTATE active (accum_rad=1.475, timed_fallback=False, stall_count=0)
[image_processor-24] [INFO] [1776844228.166533623] [robot_3.image_processor]: Zone=CORNER  left[p=0.370 near=7650 v=7650]  front[p=0.356 near=13500 v=13500]  right[p=0.344 near=7740 v=7740]
[robot_supervisor-16] [INFO] [1776844228.167381795] [robot_3.robot_supervisor]: Detected zone changed to CORNER
[image_processor-23] [INFO] [1776844228.177272500] [robot_2.image_processor]: Zone=RIGHT
[robot_supervisor-7] [INFO] [1776844228.180177517] [robot_0.robot_supervisor]: FULL ROTATE active (accum_rad=1.575, timed_fallback=False, stall_count=0)
[image_processor-21] [INFO] [1776844228.195239535] [robot_0.image_processor]: Zone=CORNER
[image_processor-25] [INFO] [1776844228.207524137] [robot_4.image_processor]: Zone=CLEAR
[image_processor-22] [INFO] [1776844228.217710801] [robot_1.image_processor]: Zone=CLEAR
[robot_supervisor-10] [INFO] [1776844228.233088869] [robot_1.robot_supervisor]: Selected controllable event: EV_random_walk
[robot_supervisor-19] [INFO] [1776844228.240225580] [robot_4.robot_supervisor]: Selected controllable event: EV_random_walk
[robot_supervisor-16] [INFO] [1776844228.278184604] [robot_3.robot_supervisor]: Selected controllable event: EV_rotate_clockwise
[robot_supervisor-7] [INFO] [1776844228.280046934] [robot_0.robot_supervisor]: FULL ROTATE active (accum_rad=1.675, timed_fallback=False, stall_count=0)
[robot_supervisor-7] [INFO] [1776844228.380343618] [robot_0.robot_supervisor]: FULL ROTATE active (accum_rad=1.775, timed_fallback=False, stall_count=0)
[robot_supervisor-7] [INFO] [1776844228.480441614] [robot_0.robot_supervisor]: FULL ROTATE active (accum_rad=1.875, timed_fallback=False, stall_count=0)
[robot_supervisor-10] [INFO] [1776844228.533132622] [robot_1.robot_supervisor]: Selected controllable event: EV_move_forward
[robot_supervisor-19] [INFO] [1776844228.540132160] [robot_4.robot_supervisor]: Selected controllable event: EV_move_forward
[robot_supervisor-7] [INFO] [1776844228.580104342] [robot_0.robot_supervisor]: FULL ROTATE active (accum_rad=1.975, timed_fallback=False, stall_count=0)
[robot_supervisor-7] [INFO] [1776844228.680226737] [robot_0.robot_supervisor]: FULL ROTATE active (accum_rad=2.075, timed_fallback=False, stall_count=0)
[robot_supervisor-7] [INFO] [1776844228.780047814] [robot_0.robot_supervisor]: FULL ROTATE active (accum_rad=2.175, timed_fallback=False, stall_count=0)
[robot_supervisor-10] [INFO] [1776844228.833101392] [robot_1.robot_supervisor]: Selected controllable event: EV_random_walk
[robot_supervisor-19] [INFO] [1776844228.840119868] [robot_4.robot_supervisor]: Selected controllable event: EV_random_walk
[robot_supervisor-7] [INFO] [1776844228.880188397] [robot_0.robot_supervisor]: FULL ROTATE active (accum_rad=2.275, timed_fallback=False, stall_count=0)
[robot_supervisor-7] [INFO] [1776844228.980132347] [robot_0.robot_supervisor]: FULL ROTATE active (accum_rad=2.375, timed_fallback=False, stall_count=0)
[robot_supervisor-13] [INFO] [1776844229.033033091] [robot_2.robot_supervisor]: Selected controllable event: EV_rotate_counterclockwise
[robot_supervisor-13] [INFO] [1776844229.033463128] [robot_2.robot_supervisor]: rotate_90 blocked by recent completion; stopping this tick
[robot_supervisor-7] [INFO] [1776844229.080202574] [robot_0.robot_supervisor]: FULL ROTATE active (accum_rad=2.475, timed_fallback=False, stall_count=0)
[robot_supervisor-13] [INFO] [1776844229.133042335] [robot_2.robot_supervisor]: Selected controllable event: EV_rotate_counterclockwise
[robot_supervisor-10] [INFO] [1776844229.133176631] [robot_1.robot_supervisor]: Selected controllable event: EV_move_forward
[robot_supervisor-13] [INFO] [1776844229.133536346] [robot_2.robot_supervisor]: rotate_90 blocked by recent completion; stopping this tick
[robot_supervisor-19] [INFO] [1776844229.140314088] [robot_4.robot_supervisor]: Selected controllable event: EV_move_forward
[robot_supervisor-7] [INFO] [1776844229.180067487] [robot_0.robot_supervisor]: FULL ROTATE active (accum_rad=2.575, timed_fallback=False, stall_count=0)
[robot_supervisor-13] [INFO] [1776844229.232798073] [robot_2.robot_supervisor]: Selected controllable event: EV_rotate_counterclockwise
[robot_supervisor-7] [INFO] [1776844229.280048329] [robot_0.robot_supervisor]: FULL ROTATE active (accum_rad=2.675, timed_fallback=False, stall_count=0)
[robot_supervisor-7] [INFO] [1776844229.380297785] [robot_0.robot_supervisor]: FULL ROTATE active (accum_rad=2.775, timed_fallback=False, stall_count=0)
[robot_supervisor-10] [INFO] [1776844229.433219515] [robot_1.robot_supervisor]: Selected controllable event: EV_random_walk
[robot_supervisor-19] [INFO] [1776844229.440492048] [robot_4.robot_supervisor]: Selected controllable event: EV_random_walk
[robot_supervisor-7] [INFO] [1776844229.480328297] [robot_0.robot_supervisor]: FULL ROTATE active (accum_rad=2.875, timed_fallback=False, stall_count=0)
[robot_supervisor-7] [INFO] [1776844229.580279216] [robot_0.robot_supervisor]: FULL ROTATE active (accum_rad=2.975, timed_fallback=False, stall_count=0)
[robot_supervisor-7] [INFO] [1776844229.680052739] [robot_0.robot_supervisor]: FULL ROTATE active (accum_rad=3.075, timed_fallback=False, stall_count=0)
[robot_supervisor-7] [INFO] [1776844229.680553985] [robot_0.robot_supervisor]: FULL ROTATE completed by odom (accum_rad=3.175)
[robot_supervisor-7] [INFO] [1776844229.680919093] [robot_0.robot_supervisor]: FULL ROTATE stopped; supervisor will select next event next tick
[robot_supervisor-10] [INFO] [1776844229.732956016] [robot_1.robot_supervisor]: Selected controllable event: EV_move_forward
[robot_supervisor-19] [INFO] [1776844229.740249352] [robot_4.robot_supervisor]: Selected controllable event: EV_move_forward
[robot_supervisor-7] [INFO] [1776844229.980147569] [robot_0.robot_supervisor]: Selected controllable event: EV_rotate_clockwise
[robot_supervisor-10] [INFO] [1776844230.033290982] [robot_1.robot_supervisor]: Selected controllable event: EV_random_walk
[robot_supervisor-19] [INFO] [1776844230.040721994] [robot_4.robot_supervisor]: Selected controllable event: EV_random_walk
[robot_supervisor-10] [INFO] [1776844230.333199247] [robot_1.robot_supervisor]: Selected controllable event: EV_move_forward
[robot_supervisor-19] [INFO] [1776844230.340621811] [robot_4.robot_supervisor]: Selected controllable event: EV_move_forward
[robot_supervisor-16] [INFO] [1776844230.378614839] [robot_3.robot_supervisor]: Selected controllable event: EV_full_rotate
[robot_supervisor-16] [INFO] [1776844230.379237140] [robot_3.robot_supervisor]: Starting FULL ROTATE (omega=1.000, have_odom=True, target_rad=3.142, timeout_s=3.500)
[robot_supervisor-16] [INFO] [1776844230.478440000] [robot_3.robot_supervisor]: FULL ROTATE active (accum_rad=0.000, timed_fallback=False, stall_count=0)
[robot_supervisor-16] [INFO] [1776844230.578472006] [robot_3.robot_supervisor]: FULL ROTATE active (accum_rad=0.002, timed_fallback=False, stall_count=0)
[robot_supervisor-10] [INFO] [1776844230.632984417] [robot_1.robot_supervisor]: Selected controllable event: EV_random_walk
[robot_supervisor-19] [INFO] [1776844230.640225093] [robot_4.robot_supervisor]: Selected controllable event: EV_random_walk
[image_processor-24] [INFO] [1776844230.672139594] [robot_3.image_processor]: Zone=LEFT  left[p=0.432 near=7609 v=7650]  front[p=0.874 near=0 v=12598]  right[p=0.870 near=0 v=6930]
[robot_supervisor-16] [INFO] [1776844230.673069599] [robot_3.robot_supervisor]: Detected zone changed to LEFT
[robot_supervisor-16] [INFO] [1776844230.678258341] [robot_3.robot_supervisor]: FULL ROTATE active (accum_rad=0.030, timed_fallback=False, stall_count=0)
[image_processor-23] [INFO] [1776844230.685602296] [robot_2.image_processor]: Zone=CLEAR  left[p=2.332 near=0 v=7650]  front[p=2.008 near=0 v=13500]  right[p=2.287 near=0 v=7740]
[robot_supervisor-13] [INFO] [1776844230.686610927] [robot_2.robot_supervisor]: Detected zone changed to CLEAR
[image_processor-21] [INFO] [1776844230.703273045] [robot_0.image_processor]: Zone=CORNER
[image_processor-25] [INFO] [1776844230.717366691] [robot_4.image_processor]: Zone=CORNER  left[p=0.552 near=6141 v=7650]  front[p=0.319 near=13500 v=13500]  right[p=0.250 near=7740 v=7740]
[robot_supervisor-19] [INFO] [1776844230.717983811] [robot_4.robot_supervisor]: Detected zone changed to CORNER
[image_processor-22] [INFO] [1776844230.727070719] [robot_1.image_processor]: Zone=CLEAR
[robot_supervisor-16] [INFO] [1776844230.778417709] [robot_3.robot_supervisor]: FULL ROTATE active (accum_rad=0.087, timed_fallback=False, stall_count=0)
[robot_supervisor-16] [INFO] [1776844230.878600229] [robot_3.robot_supervisor]: FULL ROTATE active (accum_rad=0.175, timed_fallback=False, stall_count=0)
[robot_supervisor-10] [INFO] [1776844230.933236971] [robot_1.robot_supervisor]: Selected controllable event: EV_move_forward
[robot_supervisor-19] [INFO] [1776844230.940531825] [robot_4.robot_supervisor]: Selected controllable event: EV_rotate_clockwise
[robot_supervisor-16] [INFO] [1776844230.978278199] [robot_3.robot_supervisor]: FULL ROTATE active (accum_rad=0.275, timed_fallback=False, stall_count=0)
[bump_counter-3] [INFO] [1776844230.993677059] [bump_counter]: [global] bump #1 (obstacle) with: box3::link::collision
[robot_supervisor-16] [INFO] [1776844231.078455844] [robot_3.robot_supervisor]: FULL ROTATE active (accum_rad=0.375, timed_fallback=False, stall_count=0)
[robot_supervisor-16] [INFO] [1776844231.178255830] [robot_3.robot_supervisor]: FULL ROTATE active (accum_rad=0.475, timed_fallback=False, stall_count=0)
[robot_supervisor-10] [INFO] [1776844231.233335587] [robot_1.robot_supervisor]: Selected controllable event: EV_random_walk
[robot_supervisor-16] [INFO] [1776844231.278250347] [robot_3.robot_supervisor]: FULL ROTATE active (accum_rad=0.575, timed_fallback=False, stall_count=0)
[robot_supervisor-13] [INFO] [1776844231.332995794] [robot_2.robot_supervisor]: Selected controllable event: EV_random_walk
[robot_supervisor-16] [INFO] [1776844231.378190201] [robot_3.robot_supervisor]: FULL ROTATE active (accum_rad=0.675, timed_fallback=False, stall_count=0)
[robot_supervisor-16] [INFO] [1776844231.478512784] [robot_3.robot_supervisor]: FULL ROTATE active (accum_rad=0.775, timed_fallback=False, stall_count=0)
[robot_supervisor-10] [INFO] [1776844231.532993028] [robot_1.robot_supervisor]: Selected controllable event: EV_move_forward
[robot_supervisor-16] [INFO] [1776844231.578646742] [robot_3.robot_supervisor]: FULL ROTATE active (accum_rad=0.875, timed_fallback=False, stall_count=0)
[robot_supervisor-13] [INFO] [1776844231.632978624] [robot_2.robot_supervisor]: Selected controllable event: EV_move_forward
[robot_supervisor-16] [INFO] [1776844231.678457019] [robot_3.robot_supervisor]: FULL ROTATE active (accum_rad=0.975, timed_fallback=False, stall_count=0)
[robot_supervisor-16] [INFO] [1776844231.778469636] [robot_3.robot_supervisor]: FULL ROTATE active (accum_rad=1.075, timed_fallback=False, stall_count=0)
[robot_supervisor-10] [INFO] [1776844231.833092700] [robot_1.robot_supervisor]: Selected controllable event: EV_random_walk
[robot_supervisor-16] [INFO] [1776844231.878591303] [robot_3.robot_supervisor]: FULL ROTATE active (accum_rad=1.175, timed_fallback=False, stall_count=0)
[robot_supervisor-13] [INFO] [1776844231.933083008] [robot_2.robot_supervisor]: Selected controllable event: EV_random_walk
[robot_supervisor-16] [INFO] [1776844231.978449400] [robot_3.robot_supervisor]: FULL ROTATE active (accum_rad=1.275, timed_fallback=False, stall_count=0)
[robot_supervisor-16] [INFO] [1776844232.078422485] [robot_3.robot_supervisor]: FULL ROTATE active (accum_rad=1.375, timed_fallback=False, stall_count=0)
[robot_supervisor-7] [INFO] [1776844232.080480679] [robot_0.robot_supervisor]: Selected controllable event: EV_full_rotate
[robot_supervisor-7] [INFO] [1776844232.081182032] [robot_0.robot_supervisor]: Starting FULL ROTATE (omega=1.000, have_odom=True, target_rad=3.142, timeout_s=3.500)
[robot_supervisor-10] [INFO] [1776844232.133097220] [robot_1.robot_supervisor]: Selected controllable event: EV_move_forward
[robot_supervisor-16] [INFO] [1776844232.178496325] [robot_3.robot_supervisor]: FULL ROTATE active (accum_rad=1.475, timed_fallback=False, stall_count=0)
[robot_supervisor-7] [INFO] [1776844232.180295743] [robot_0.robot_supervisor]: FULL ROTATE active (accum_rad=0.000, timed_fallback=False, stall_count=0)
[robot_supervisor-13] [INFO] [1776844232.232810346] [robot_2.robot_supervisor]: Selected controllable event: EV_move_forward
[bump_counter-3] [INFO] [1776844232.242232214] [bump_counter]: [global] bump #2 (obstacle) with: box3::link::collision
[robot_supervisor-16] [INFO] [1776844232.278217020] [robot_3.robot_supervisor]: FULL ROTATE active (accum_rad=1.575, timed_fallback=False, stall_count=0)
[robot_supervisor-7] [INFO] [1776844232.280259365] [robot_0.robot_supervisor]: FULL ROTATE active (accum_rad=0.002, timed_fallback=False, stall_count=0)
[robot_supervisor-16] [INFO] [1776844232.378445073] [robot_3.robot_supervisor]: FULL ROTATE active (accum_rad=1.675, timed_fallback=False, stall_count=0)
[robot_supervisor-7] [INFO] [1776844232.380302232] [robot_0.robot_supervisor]: FULL ROTATE active (accum_rad=0.030, timed_fallback=False, stall_count=0)
[robot_supervisor-10] [INFO] [1776844232.433024014] [robot_1.robot_supervisor]: Selected controllable event: EV_random_walk
[robot_supervisor-16] [INFO] [1776844232.478233594] [robot_3.robot_supervisor]: FULL ROTATE active (accum_rad=1.775, timed_fallback=False, stall_count=0)
[robot_supervisor-7] [INFO] [1776844232.480247207] [robot_0.robot_supervisor]: FULL ROTATE active (accum_rad=0.087, timed_fallback=False, stall_count=0)
[robot_supervisor-13] [INFO] [1776844232.533028098] [robot_2.robot_supervisor]: Selected controllable event: EV_random_walk
[robot_supervisor-16] [INFO] [1776844232.578421449] [robot_3.robot_supervisor]: FULL ROTATE active (accum_rad=1.875, timed_fallback=False, stall_count=0)
[robot_supervisor-7] [INFO] [1776844232.580278675] [robot_0.robot_supervisor]: FULL ROTATE active (accum_rad=0.175, timed_fallback=False, stall_count=0)
[robot_supervisor-16] [INFO] [1776844232.678243954] [robot_3.robot_supervisor]: FULL ROTATE active (accum_rad=1.975, timed_fallback=False, stall_count=0)
[robot_supervisor-7] [INFO] [1776844232.680221453] [robot_0.robot_supervisor]: FULL ROTATE active (accum_rad=0.275, timed_fallback=False, stall_count=0)
[robot_supervisor-10] [INFO] [1776844232.733298212] [robot_1.robot_supervisor]: Selected controllable event: EV_move_forward
[robot_supervisor-16] [INFO] [1776844232.778155237] [robot_3.robot_supervisor]: FULL ROTATE active (accum_rad=2.075, timed_fallback=False, stall_count=0)
[robot_supervisor-7] [INFO] [1776844232.780205846] [robot_0.robot_supervisor]: FULL ROTATE active (accum_rad=0.375, timed_fallback=False, stall_count=0)
[robot_supervisor-13] [INFO] [1776844232.832959046] [robot_2.robot_supervisor]: Selected controllable event: EV_move_forward
[robot_supervisor-16] [INFO] [1776844232.878208992] [robot_3.robot_supervisor]: FULL ROTATE active (accum_rad=2.175, timed_fallback=False, stall_count=0)
[robot_supervisor-7] [INFO] [1776844232.880226901] [robot_0.robot_supervisor]: FULL ROTATE active (accum_rad=0.475, timed_fallback=False, stall_count=0)
[robot_supervisor-16] [INFO] [1776844232.978391766] [robot_3.robot_supervisor]: FULL ROTATE active (accum_rad=2.275, timed_fallback=False, stall_count=0)
[robot_supervisor-7] [INFO] [1776844232.980251238] [robot_0.robot_supervisor]: FULL ROTATE active (accum_rad=0.575, timed_fallback=False, stall_count=0)
[robot_supervisor-10] [INFO] [1776844233.032976580] [robot_1.robot_supervisor]: Selected controllable event: EV_random_walk
[robot_supervisor-16] [INFO] [1776844233.078348447] [robot_3.robot_supervisor]: FULL ROTATE active (accum_rad=2.375, timed_fallback=False, stall_count=0)
[robot_supervisor-7] [INFO] [1776844233.080211818] [robot_0.robot_supervisor]: FULL ROTATE active (accum_rad=0.675, timed_fallback=False, stall_count=0)
[robot_supervisor-13] [INFO] [1776844233.132845176] [robot_2.robot_supervisor]: Selected controllable event: EV_random_walk
[image_processor-24] [INFO] [1776844233.165641915] [robot_3.image_processor]: Zone=CORNER  left[p=0.932 near=14 v=7650]  front[p=0.373 near=12824 v=13500]  right[p=0.269 near=7740 v=7740]
[robot_supervisor-16] [INFO] [1776844233.166625707] [robot_3.robot_supervisor]: Detected zone changed to CORNER
[image_processor-23] [INFO] [1776844233.175850396] [robot_2.image_processor]: Zone=CLEAR
[robot_supervisor-16] [INFO] [1776844233.178347432] [robot_3.robot_supervisor]: FULL ROTATE active (accum_rad=2.475, timed_fallback=False, stall_count=0)
[robot_supervisor-7] [INFO] [1776844233.180362345] [robot_0.robot_supervisor]: FULL ROTATE active (accum_rad=0.775, timed_fallback=False, stall_count=0)
[image_processor-21] [INFO] [1776844233.200650785] [robot_0.image_processor]: Zone=CORNER
[image_processor-25] [INFO] [1776844233.216838165] [robot_4.image_processor]: Zone=CLEAR  left[p=2.148 near=0 v=6817]  front[p=3.014 near=0 v=10139]  right[p=3.018 near=0 v=5795]
[robot_supervisor-19] [INFO] [1776844233.218140323] [robot_4.robot_supervisor]: Detected zone changed to CLEAR
[robot_supervisor-19] [INFO] [1776844233.240186070] [robot_4.robot_supervisor]: Selected controllable event: EV_random_walk
[robot_supervisor-16] [INFO] [1776844233.278192072] [robot_3.robot_supervisor]: FULL ROTATE active (accum_rad=2.575, timed_fallback=False, stall_count=0)
[robot_supervisor-7] [INFO] [1776844233.280332873] [robot_0.robot_supervisor]: FULL ROTATE active (accum_rad=0.875, timed_fallback=False, stall_count=0)
[image_processor-22] [INFO] [1776844233.327314831] [robot_1.image_processor]: Zone=CLEAR
[robot_supervisor-10] [INFO] [1776844233.332975089] [robot_1.robot_supervisor]: Selected controllable event: EV_move_forward
[robot_supervisor-16] [INFO] [1776844233.378060316] [robot_3.robot_supervisor]: FULL ROTATE active (accum_rad=2.675, timed_fallback=False, stall_count=0)
[robot_supervisor-7] [INFO] [1776844233.380281719] [robot_0.robot_supervisor]: FULL ROTATE active (accum_rad=0.975, timed_fallback=False, stall_count=0)
[robot_supervisor-13] [INFO] [1776844233.432669824] [robot_2.robot_supervisor]: Selected controllable event: EV_move_forward
[robot_supervisor-16] [INFO] [1776844233.478012631] [robot_3.robot_supervisor]: FULL ROTATE active (accum_rad=2.775, timed_fallback=False, stall_count=0)
[robot_supervisor-7] [INFO] [1776844233.480050921] [robot_0.robot_supervisor]: FULL ROTATE active (accum_rad=1.075, timed_fallback=False, stall_count=0)
[robot_supervisor-19] [INFO] [1776844233.540257357] [robot_4.robot_supervisor]: Selected controllable event: EV_move_forward
[robot_supervisor-16] [INFO] [1776844233.578315619] [robot_3.robot_supervisor]: FULL ROTATE active (accum_rad=2.875, timed_fallback=False, stall_count=0)
[robot_supervisor-7] [INFO] [1776844233.579888338] [robot_0.robot_supervisor]: FULL ROTATE active (accum_rad=1.175, timed_fallback=False, stall_count=0)
[robot_supervisor-10] [INFO] [1776844233.632915001] [robot_1.robot_supervisor]: Selected controllable event: EV_random_walk
[robot_supervisor-16] [INFO] [1776844233.678234765] [robot_3.robot_supervisor]: FULL ROTATE active (accum_rad=2.975, timed_fallback=False, stall_count=0)
[robot_supervisor-7] [INFO] [1776844233.679900341] [robot_0.robot_supervisor]: FULL ROTATE active (accum_rad=1.275, timed_fallback=False, stall_count=0)
[robot_supervisor-13] [INFO] [1776844233.732887163] [robot_2.robot_supervisor]: Selected controllable event: EV_random_walk
[robot_supervisor-16] [INFO] [1776844233.778235098] [robot_3.robot_supervisor]: FULL ROTATE active (accum_rad=3.075, timed_fallback=False, stall_count=0)
[robot_supervisor-16] [INFO] [1776844233.778770801] [robot_3.robot_supervisor]: FULL ROTATE completed by odom (accum_rad=3.175)
[robot_supervisor-16] [INFO] [1776844233.779172080] [robot_3.robot_supervisor]: FULL ROTATE stopped; supervisor will select next event next tick
[robot_supervisor-7] [INFO] [1776844233.780181013] [robot_0.robot_supervisor]: FULL ROTATE active (accum_rad=1.375, timed_fallback=False, stall_count=0)
[robot_supervisor-19] [INFO] [1776844233.840457792] [robot_4.robot_supervisor]: Selected controllable event: EV_random_walk
[robot_supervisor-7] [INFO] [1776844233.879946885] [robot_0.robot_supervisor]: FULL ROTATE active (accum_rad=1.475, timed_fallback=False, stall_count=0)
[robot_supervisor-10] [INFO] [1776844233.932996319] [robot_1.robot_supervisor]: Selected controllable event: EV_move_forward
[robot_supervisor-7] [INFO] [1776844233.980052799] [robot_0.robot_supervisor]: FULL ROTATE active (accum_rad=1.575, timed_fallback=False, stall_count=0)
[robot_supervisor-13] [INFO] [1776844234.032697475] [robot_2.robot_supervisor]: Selected controllable event: EV_move_forward
[robot_supervisor-7] [INFO] [1776844234.080357414] [robot_0.robot_supervisor]: FULL ROTATE active (accum_rad=1.675, timed_fallback=False, stall_count=0)
[robot_supervisor-19] [INFO] [1776844234.140307076] [robot_4.robot_supervisor]: Selected controllable event: EV_move_forward
[robot_supervisor-16] [INFO] [1776844234.178238167] [robot_3.robot_supervisor]: Selected controllable event: EV_rotate_clockwise
[robot_supervisor-7] [INFO] [1776844234.180368273] [robot_0.robot_supervisor]: FULL ROTATE active (accum_rad=1.775, timed_fallback=False, stall_count=0)
[robot_supervisor-10] [INFO] [1776844234.233045224] [robot_1.robot_supervisor]: Selected controllable event: EV_random_walk
[robot_supervisor-7] [INFO] [1776844234.280152111] [robot_0.robot_supervisor]: FULL ROTATE active (accum_rad=1.875, timed_fallback=False, stall_count=0)
[robot_supervisor-13] [INFO] [1776844234.332739673] [robot_2.robot_supervisor]: Selected controllable event: EV_random_walk
[robot_supervisor-7] [INFO] [1776844234.380006100] [robot_0.robot_supervisor]: FULL ROTATE active (accum_rad=1.975, timed_fallback=False, stall_count=0)
[robot_supervisor-19] [INFO] [1776844234.440308466] [robot_4.robot_supervisor]: Selected controllable event: EV_random_walk
[robot_supervisor-7] [INFO] [1776844234.480236653] [robot_0.robot_supervisor]: FULL ROTATE active (accum_rad=2.075, timed_fallback=False, stall_count=0)
[robot_supervisor-10] [INFO] [1776844234.533054980] [robot_1.robot_supervisor]: Selected controllable event: EV_move_forward
[robot_supervisor-7] [INFO] [1776844234.580023259] [robot_0.robot_supervisor]: FULL ROTATE active (accum_rad=2.175, timed_fallback=False, stall_count=0)
[robot_supervisor-13] [INFO] [1776844234.632815908] [robot_2.robot_supervisor]: Selected controllable event: EV_move_forward
[robot_supervisor-7] [INFO] [1776844234.680072995] [robot_0.robot_supervisor]: FULL ROTATE active (accum_rad=2.275, timed_fallback=False, stall_count=0)
[robot_supervisor-19] [INFO] [1776844234.740260007] [robot_4.robot_supervisor]: Selected controllable event: EV_move_forward
[robot_supervisor-7] [INFO] [1776844234.780444031] [robot_0.robot_supervisor]: FULL ROTATE active (accum_rad=2.375, timed_fallback=False, stall_count=0)
[robot_supervisor-10] [INFO] [1776844234.833047929] [robot_1.robot_supervisor]: Selected controllable event: EV_random_walk
[robot_supervisor-7] [INFO] [1776844234.880240079] [robot_0.robot_supervisor]: FULL ROTATE active (accum_rad=2.475, timed_fallback=False, stall_count=0)
[robot_supervisor-13] [INFO] [1776844234.932939609] [robot_2.robot_supervisor]: Selected controllable event: EV_random_walk
[robot_supervisor-7] [INFO] [1776844234.980235804] [robot_0.robot_supervisor]: FULL ROTATE active (accum_rad=2.575, timed_fallback=False, stall_count=0)
[robot_supervisor-19] [INFO] [1776844235.040304849] [robot_4.robot_supervisor]: Selected controllable event: EV_random_walk
[robot_supervisor-7] [INFO] [1776844235.080080819] [robot_0.robot_supervisor]: FULL ROTATE active (accum_rad=2.675, timed_fallback=False, stall_count=0)
[robot_supervisor-10] [INFO] [1776844235.132788179] [robot_1.robot_supervisor]: Selected controllable event: EV_move_forward
[robot_supervisor-7] [INFO] [1776844235.180088185] [robot_0.robot_supervisor]: FULL ROTATE active (accum_rad=2.775, timed_fallback=False, stall_count=0)
[robot_supervisor-13] [INFO] [1776844235.232680549] [robot_2.robot_supervisor]: Selected controllable event: EV_move_forward
[robot_supervisor-7] [INFO] [1776844235.280219329] [robot_0.robot_supervisor]: FULL ROTATE active (accum_rad=2.875, timed_fallback=False, stall_count=0)
[robot_supervisor-19] [INFO] [1776844235.340440424] [robot_4.robot_supervisor]: Selected controllable event: EV_move_forward
[robot_supervisor-7] [INFO] [1776844235.380003702] [robot_0.robot_supervisor]: FULL ROTATE active (accum_rad=2.975, timed_fallback=False, stall_count=0)
[robot_supervisor-10] [INFO] [1776844235.433176229] [robot_1.robot_supervisor]: Selected controllable event: EV_random_walk
[robot_supervisor-7] [INFO] [1776844235.479833793] [robot_0.robot_supervisor]: FULL ROTATE active (accum_rad=3.075, timed_fallback=False, stall_count=0)
[robot_supervisor-7] [INFO] [1776844235.480162180] [robot_0.robot_supervisor]: FULL ROTATE completed by odom (accum_rad=3.175)
[robot_supervisor-7] [INFO] [1776844235.480435652] [robot_0.robot_supervisor]: FULL ROTATE stopped; supervisor will select next event next tick
[robot_supervisor-13] [INFO] [1776844235.532662341] [robot_2.robot_supervisor]: Selected controllable event: EV_random_walk
[robot_supervisor-19] [INFO] [1776844235.640506482] [robot_4.robot_supervisor]: Selected controllable event: EV_random_walk
[image_processor-24] [INFO] [1776844235.668484803] [robot_3.image_processor]: Zone=CORNER
[image_processor-23] [INFO] [1776844235.680158724] [robot_2.image_processor]: Zone=CLEAR
[image_processor-21] [INFO] [1776844235.691146677] [robot_0.image_processor]: Zone=CLEAR  left[p=0.915 near=0 v=7650]  front[p=1.621 near=0 v=13500]  right[p=1.020 near=0 v=7740]
[robot_supervisor-7] [INFO] [1776844235.691698621] [robot_0.robot_supervisor]: Detected zone changed to CLEAR
[image_processor-25] [INFO] [1776844235.703738659] [robot_4.image_processor]: Zone=CLEAR
[image_processor-22] [INFO] [1776844235.714416221] [robot_1.image_processor]: Zone=CORNER  left[p=0.486 near=7650 v=7650]  front[p=0.414 near=13500 v=13500]  right[p=0.374 near=7740 v=7740]
[robot_supervisor-10] [INFO] [1776844235.715257706] [robot_1.robot_supervisor]: Detected zone changed to CORNER
[robot_supervisor-10] [INFO] [1776844235.732709798] [robot_1.robot_supervisor]: Selected controllable event: EV_rotate_clockwise
[robot_supervisor-7] [INFO] [1776844235.780030569] [robot_0.robot_supervisor]: Selected controllable event: EV_random_walk
[robot_supervisor-13] [INFO] [1776844235.832937154] [robot_2.robot_supervisor]: Selected controllable event: EV_move_forward
[robot_supervisor-19] [INFO] [1776844235.940335566] [robot_4.robot_supervisor]: Selected controllable event: EV_move_forward
[robot_supervisor-7] [INFO] [1776844236.080066176] [robot_0.robot_supervisor]: Selected controllable event: EV_move_forward
[robot_supervisor-13] [INFO] [1776844236.132808963] [robot_2.robot_supervisor]: Selected controllable event: EV_random_walk
[robot_supervisor-19] [INFO] [1776844236.240429979] [robot_4.robot_supervisor]: Selected controllable event: EV_random_walk
[robot_supervisor-16] [INFO] [1776844236.278365833] [robot_3.robot_supervisor]: Selected controllable event: EV_full_rotate
[robot_supervisor-16] [INFO] [1776844236.278801614] [robot_3.robot_supervisor]: Starting FULL ROTATE (omega=1.000, have_odom=True, target_rad=3.142, timeout_s=3.500)
[robot_supervisor-16] [INFO] [1776844236.378144286] [robot_3.robot_supervisor]: FULL ROTATE active (accum_rad=0.000, timed_fallback=False, stall_count=0)
[robot_supervisor-7] [INFO] [1776844236.380126564] [robot_0.robot_supervisor]: Selected controllable event: EV_random_walk
[robot_supervisor-13] [INFO] [1776844236.432884240] [robot_2.robot_supervisor]: Selected controllable event: EV_move_forward
[robot_supervisor-16] [INFO] [1776844236.478253189] [robot_3.robot_supervisor]: FULL ROTATE active (accum_rad=0.002, timed_fallback=False, stall_count=0)
[robot_supervisor-19] [INFO] [1776844236.540256503] [robot_4.robot_supervisor]: Selected controllable event: EV_move_forward
[robot_supervisor-16] [INFO] [1776844236.578029404] [robot_3.robot_supervisor]: FULL ROTATE active (accum_rad=0.030, timed_fallback=False, stall_count=0)
[robot_supervisor-16] [INFO] [1776844236.678076977] [robot_3.robot_supervisor]: FULL ROTATE active (accum_rad=0.087, timed_fallback=False, stall_count=0)
[robot_supervisor-7] [INFO] [1776844236.680215675] [robot_0.robot_supervisor]: Selected controllable event: EV_move_forward
[robot_supervisor-13] [INFO] [1776844236.732946579] [robot_2.robot_supervisor]: Selected controllable event: EV_random_walk
[robot_supervisor-16] [INFO] [1776844236.778253779] [robot_3.robot_supervisor]: FULL ROTATE active (accum_rad=0.175, timed_fallback=False, stall_count=0)
[robot_supervisor-19] [INFO] [1776844236.840031478] [robot_4.robot_supervisor]: Selected controllable event: EV_random_walk
[robot_supervisor-16] [INFO] [1776844236.878395273] [robot_3.robot_supervisor]: FULL ROTATE active (accum_rad=0.275, timed_fallback=False, stall_count=0)
[robot_supervisor-16] [INFO] [1776844236.978000383] [robot_3.robot_supervisor]: FULL ROTATE active (accum_rad=0.375, timed_fallback=False, stall_count=0)
[robot_supervisor-7] [INFO] [1776844236.980094741] [robot_0.robot_supervisor]: Selected controllable event: EV_random_walk
[robot_supervisor-13] [INFO] [1776844237.032644008] [robot_2.robot_supervisor]: Selected controllable event: EV_move_forward
[robot_supervisor-16] [INFO] [1776844237.078218576] [robot_3.robot_supervisor]: FULL ROTATE active (accum_rad=0.475, timed_fallback=False, stall_count=0)
[robot_supervisor-19] [INFO] [1776844237.140593706] [robot_4.robot_supervisor]: Selected controllable event: EV_move_forward
[robot_supervisor-16] [INFO] [1776844237.178313874] [robot_3.robot_supervisor]: FULL ROTATE active (accum_rad=0.575, timed_fallback=False, stall_count=0)
[robot_supervisor-16] [INFO] [1776844237.278045847] [robot_3.robot_supervisor]: FULL ROTATE active (accum_rad=0.675, timed_fallback=False, stall_count=0)
[robot_supervisor-7] [INFO] [1776844237.279922507] [robot_0.robot_supervisor]: Selected controllable event: EV_move_forward
[robot_supervisor-13] [INFO] [1776844237.332867513] [robot_2.robot_supervisor]: Selected controllable event: EV_random_walk
[robot_supervisor-16] [INFO] [1776844237.378146265] [robot_3.robot_supervisor]: FULL ROTATE active (accum_rad=0.775, timed_fallback=False, stall_count=0)
[robot_supervisor-19] [INFO] [1776844237.440064620] [robot_4.robot_supervisor]: Selected controllable event: EV_random_walk
[robot_supervisor-16] [INFO] [1776844237.478436775] [robot_3.robot_supervisor]: FULL ROTATE active (accum_rad=0.875, timed_fallback=False, stall_count=0)
[robot_supervisor-16] [INFO] [1776844237.578245129] [robot_3.robot_supervisor]: FULL ROTATE active (accum_rad=0.975, timed_fallback=False, stall_count=0)
[robot_supervisor-7] [INFO] [1776844237.580171908] [robot_0.robot_supervisor]: Selected controllable event: EV_random_walk
[robot_supervisor-13] [INFO] [1776844237.632801746] [robot_2.robot_supervisor]: Selected controllable event: EV_move_forward
[robot_supervisor-16] [INFO] [1776844237.678072198] [robot_3.robot_supervisor]: FULL ROTATE active (accum_rad=1.075, timed_fallback=False, stall_count=0)
[robot_supervisor-10] [INFO] [1776844237.733065226] [robot_1.robot_supervisor]: Selected controllable event: EV_full_rotate
[robot_supervisor-10] [INFO] [1776844237.733528684] [robot_1.robot_supervisor]: Starting FULL ROTATE (omega=1.000, have_odom=True, target_rad=3.142, timeout_s=3.500)
[robot_supervisor-19] [INFO] [1776844237.740446668] [robot_4.robot_supervisor]: Selected controllable event: EV_move_forward
[robot_supervisor-16] [INFO] [1776844237.778228685] [robot_3.robot_supervisor]: FULL ROTATE active (accum_rad=1.175, timed_fallback=False, stall_count=0)
[robot_supervisor-10] [INFO] [1776844237.832955683] [robot_1.robot_supervisor]: FULL ROTATE active (accum_rad=0.000, timed_fallback=False, stall_count=0)
[robot_supervisor-16] [INFO] [1776844237.878241151] [robot_3.robot_supervisor]: FULL ROTATE active (accum_rad=1.275, timed_fallback=False, stall_count=0)
[robot_supervisor-7] [INFO] [1776844237.880264933] [robot_0.robot_supervisor]: Selected controllable event: EV_move_forward
[robot_supervisor-10] [INFO] [1776844237.932989273] [robot_1.robot_supervisor]: FULL ROTATE active (accum_rad=0.005, timed_fallback=False, stall_count=0)
[robot_supervisor-13] [INFO] [1776844237.933192117] [robot_2.robot_supervisor]: Selected controllable event: EV_random_walk
[robot_supervisor-16] [INFO] [1776844237.978270432] [robot_3.robot_supervisor]: FULL ROTATE active (accum_rad=1.375, timed_fallback=False, stall_count=0)
[robot_supervisor-10] [INFO] [1776844238.032899972] [robot_1.robot_supervisor]: FULL ROTATE active (accum_rad=0.030, timed_fallback=False, stall_count=0)
[robot_supervisor-19] [INFO] [1776844238.040507204] [robot_4.robot_supervisor]: Selected controllable event: EV_random_walk
[robot_supervisor-16] [INFO] [1776844238.078146672] [robot_3.robot_supervisor]: FULL ROTATE active (accum_rad=1.475, timed_fallback=False, stall_count=0)
[robot_supervisor-10] [INFO] [1776844238.132979895] [robot_1.robot_supervisor]: FULL ROTATE active (accum_rad=0.084, timed_fallback=False, stall_count=0)
[image_processor-24] [INFO] [1776844238.167415836] [robot_3.image_processor]: Zone=CORNER
[image_processor-23] [INFO] [1776844238.176833910] [robot_2.image_processor]: Zone=CLEAR
[robot_supervisor-16] [INFO] [1776844238.178052848] [robot_3.robot_supervisor]: FULL ROTATE active (accum_rad=1.575, timed_fallback=False, stall_count=0)
[robot_supervisor-7] [INFO] [1776844238.179973687] [robot_0.robot_supervisor]: Selected controllable event: EV_random_walk
[image_processor-21] [INFO] [1776844238.185955018] [robot_0.image_processor]: Zone=CLEAR
[image_processor-25] [INFO] [1776844238.199057325] [robot_4.image_processor]: Zone=CLEAR
[image_processor-22] [INFO] [1776844238.219103039] [robot_1.image_processor]: Zone=CORNER
[robot_supervisor-13] [INFO] [1776844238.232964170] [robot_2.robot_supervisor]: Selected controllable event: EV_move_forward
[robot_supervisor-10] [INFO] [1776844238.233060212] [robot_1.robot_supervisor]: FULL ROTATE active (accum_rad=0.169, timed_fallback=False, stall_count=0)
[robot_supervisor-16] [INFO] [1776844238.278282004] [robot_3.robot_supervisor]: FULL ROTATE active (accum_rad=1.675, timed_fallback=False, stall_count=0)
[robot_supervisor-10] [INFO] [1776844238.333064397] [robot_1.robot_supervisor]: FULL ROTATE active (accum_rad=0.269, timed_fallback=False, stall_count=0)
[robot_supervisor-19] [INFO] [1776844238.340207886] [robot_4.robot_supervisor]: Selected controllable event: EV_move_forward
[robot_supervisor-16] [INFO] [1776844238.378383940] [robot_3.robot_supervisor]: FULL ROTATE active (accum_rad=1.775, timed_fallback=False, stall_count=0)
[robot_supervisor-10] [INFO] [1776844238.433007887] [robot_1.robot_supervisor]: FULL ROTATE active (accum_rad=0.369, timed_fallback=False, stall_count=0)
[robot_supervisor-16] [INFO] [1776844238.478358454] [robot_3.robot_supervisor]: FULL ROTATE active (accum_rad=1.875, timed_fallback=False, stall_count=0)
[robot_supervisor-7] [INFO] [1776844238.480331107] [robot_0.robot_supervisor]: Selected controllable event: EV_move_forward
[robot_supervisor-13] [INFO] [1776844238.532695010] [robot_2.robot_supervisor]: Selected controllable event: EV_random_walk
[robot_supervisor-10] [INFO] [1776844238.532994932] [robot_1.robot_supervisor]: FULL ROTATE active (accum_rad=0.469, timed_fallback=False, stall_count=0)
[robot_supervisor-16] [INFO] [1776844238.578325280] [robot_3.robot_supervisor]: FULL ROTATE active (accum_rad=1.975, timed_fallback=False, stall_count=0)
[robot_supervisor-10] [INFO] [1776844238.632998409] [robot_1.robot_supervisor]: FULL ROTATE active (accum_rad=0.569, timed_fallback=False, stall_count=0)
[robot_supervisor-19] [INFO] [1776844238.640243913] [robot_4.robot_supervisor]: Selected controllable event: EV_random_walk
[robot_supervisor-16] [INFO] [1776844238.678278912] [robot_3.robot_supervisor]: FULL ROTATE active (accum_rad=2.075, timed_fallback=False, stall_count=0)
[robot_supervisor-10] [INFO] [1776844238.732997945] [robot_1.robot_supervisor]: FULL ROTATE active (accum_rad=0.669, timed_fallback=False, stall_count=0)
[robot_supervisor-16] [INFO] [1776844238.778207652] [robot_3.robot_supervisor]: FULL ROTATE active (accum_rad=2.175, timed_fallback=False, stall_count=0)
[robot_supervisor-7] [INFO] [1776844238.780262808] [robot_0.robot_supervisor]: Selected controllable event: EV_random_walk
[robot_supervisor-13] [INFO] [1776844238.832910049] [robot_2.robot_supervisor]: Selected controllable event: EV_move_forward
[robot_supervisor-10] [INFO] [1776844238.833041254] [robot_1.robot_supervisor]: FULL ROTATE active (accum_rad=0.769, timed_fallback=False, stall_count=0)
[robot_supervisor-16] [INFO] [1776844238.878149581] [robot_3.robot_supervisor]: FULL ROTATE active (accum_rad=2.275, timed_fallback=False, stall_count=0)
[robot_supervisor-10] [INFO] [1776844238.932995481] [robot_1.robot_supervisor]: FULL ROTATE active (accum_rad=0.869, timed_fallback=False, stall_count=0)
[robot_supervisor-19] [INFO] [1776844238.940413642] [robot_4.robot_supervisor]: Selected controllable event: EV_move_forward
[robot_supervisor-16] [INFO] [1776844238.978157062] [robot_3.robot_supervisor]: FULL ROTATE active (accum_rad=2.375, timed_fallback=False, stall_count=0)
[robot_supervisor-10] [INFO] [1776844239.033208834] [robot_1.robot_supervisor]: FULL ROTATE active (accum_rad=0.969, timed_fallback=False, stall_count=0)
[robot_supervisor-16] [INFO] [1776844239.078190725] [robot_3.robot_supervisor]: FULL ROTATE active (accum_rad=2.475, timed_fallback=False, stall_count=0)
[robot_supervisor-7] [INFO] [1776844239.080553928] [robot_0.robot_supervisor]: Selected controllable event: EV_move_forward
[robot_supervisor-13] [INFO] [1776844239.132900824] [robot_2.robot_supervisor]: Selected controllable event: EV_random_walk
[robot_supervisor-10] [INFO] [1776844239.132939192] [robot_1.robot_supervisor]: FULL ROTATE active (accum_rad=1.069, timed_fallback=False, stall_count=0)
[robot_supervisor-16] [INFO] [1776844239.178090430] [robot_3.robot_supervisor]: FULL ROTATE active (accum_rad=2.575, timed_fallback=False, stall_count=0)
[robot_supervisor-10] [INFO] [1776844239.232997337] [robot_1.robot_supervisor]: FULL ROTATE active (accum_rad=1.169, timed_fallback=False, stall_count=0)
[robot_supervisor-19] [INFO] [1776844239.240428609] [robot_4.robot_supervisor]: Selected controllable event: EV_random_walk
[robot_supervisor-16] [INFO] [1776844239.278282850] [robot_3.robot_supervisor]: FULL ROTATE active (accum_rad=2.675, timed_fallback=False, stall_count=0)
[robot_supervisor-10] [INFO] [1776844239.332942961] [robot_1.robot_supervisor]: FULL ROTATE active (accum_rad=1.269, timed_fallback=False, stall_count=0)
[robot_supervisor-16] [INFO] [1776844239.378068414] [robot_3.robot_supervisor]: FULL ROTATE active (accum_rad=2.775, timed_fallback=False, stall_count=0)
[robot_supervisor-7] [INFO] [1776844239.380041673] [robot_0.robot_supervisor]: Selected controllable event: EV_random_walk
[robot_supervisor-13] [INFO] [1776844239.432909179] [robot_2.robot_supervisor]: Selected controllable event: EV_move_forward
[robot_supervisor-10] [INFO] [1776844239.433261504] [robot_1.robot_supervisor]: FULL ROTATE active (accum_rad=1.369, timed_fallback=False, stall_count=0)
[robot_supervisor-16] [INFO] [1776844239.478431460] [robot_3.robot_supervisor]: FULL ROTATE active (accum_rad=2.875, timed_fallback=False, stall_count=0)
[robot_supervisor-10] [INFO] [1776844239.532894212] [robot_1.robot_supervisor]: FULL ROTATE active (accum_rad=1.469, timed_fallback=False, stall_count=0)
[robot_supervisor-19] [INFO] [1776844239.540339864] [robot_4.robot_supervisor]: Selected controllable event: EV_move_forward
[robot_supervisor-16] [INFO] [1776844239.578440626] [robot_3.robot_supervisor]: FULL ROTATE active (accum_rad=2.975, timed_fallback=False, stall_count=0)
[robot_supervisor-10] [INFO] [1776844239.633307446] [robot_1.robot_supervisor]: FULL ROTATE active (accum_rad=1.569, timed_fallback=False, stall_count=0)
[robot_supervisor-16] [INFO] [1776844239.678104892] [robot_3.robot_supervisor]: FULL ROTATE active (accum_rad=3.075, timed_fallback=False, stall_count=0)
[robot_supervisor-16] [INFO] [1776844239.678459490] [robot_3.robot_supervisor]: FULL ROTATE completed by odom (accum_rad=3.175)
[robot_supervisor-16] [INFO] [1776844239.678713866] [robot_3.robot_supervisor]: FULL ROTATE stopped; supervisor will select next event next tick
[robot_supervisor-7] [INFO] [1776844239.679966809] [robot_0.robot_supervisor]: Selected controllable event: EV_move_forward
[robot_supervisor-13] [INFO] [1776844239.732928587] [robot_2.robot_supervisor]: Selected controllable event: EV_random_walk
[robot_supervisor-10] [INFO] [1776844239.733085195] [robot_1.robot_supervisor]: FULL ROTATE active (accum_rad=1.669, timed_fallback=False, stall_count=0)
[robot_supervisor-10] [INFO] [1776844239.832996430] [robot_1.robot_supervisor]: FULL ROTATE active (accum_rad=1.769, timed_fallback=False, stall_count=0)
[robot_supervisor-19] [INFO] [1776844239.840309626] [robot_4.robot_supervisor]: Selected controllable event: EV_random_walk
[robot_supervisor-10] [INFO] [1776844239.933176346] [robot_1.robot_supervisor]: FULL ROTATE active (accum_rad=1.869, timed_fallback=False, stall_count=0)
[robot_supervisor-16] [INFO] [1776844239.978501031] [robot_3.robot_supervisor]: Selected controllable event: EV_rotate_clockwise
[robot_supervisor-7] [INFO] [1776844239.980253300] [robot_0.robot_supervisor]: Selected controllable event: EV_random_walk
[robot_supervisor-13] [INFO] [1776844240.032964306] [robot_2.robot_supervisor]: Selected controllable event: EV_move_forward
[robot_supervisor-10] [INFO] [1776844240.033141506] [robot_1.robot_supervisor]: FULL ROTATE active (accum_rad=1.969, timed_fallback=False, stall_count=0)
[robot_supervisor-10] [INFO] [1776844240.132908384] [robot_1.robot_supervisor]: FULL ROTATE active (accum_rad=2.069, timed_fallback=False, stall_count=0)
[robot_supervisor-19] [INFO] [1776844240.140457668] [robot_4.robot_supervisor]: Selected controllable event: EV_move_forward
[robot_supervisor-10] [INFO] [1776844240.233142290] [robot_1.robot_supervisor]: FULL ROTATE active (accum_rad=2.169, timed_fallback=False, stall_count=0)
[robot_supervisor-7] [INFO] [1776844240.279872882] [robot_0.robot_supervisor]: Selected controllable event: EV_move_forward
[robot_supervisor-13] [INFO] [1776844240.332677994] [robot_2.robot_supervisor]: Selected controllable event: EV_random_walk
[robot_supervisor-10] [INFO] [1776844240.333048076] [robot_1.robot_supervisor]: FULL ROTATE active (accum_rad=2.269, timed_fallback=False, stall_count=0)
[robot_supervisor-10] [INFO] [1776844240.432939097] [robot_1.robot_supervisor]: FULL ROTATE active (accum_rad=2.369, timed_fallback=False, stall_count=0)
[robot_supervisor-19] [INFO] [1776844240.440228566] [robot_4.robot_supervisor]: Selected controllable event: EV_random_walk
[robot_supervisor-10] [INFO] [1776844240.532942313] [robot_1.robot_supervisor]: FULL ROTATE active (accum_rad=2.469, timed_fallback=False, stall_count=0)
[robot_supervisor-7] [INFO] [1776844240.579884376] [robot_0.robot_supervisor]: Selected controllable event: EV_random_walk
[robot_supervisor-10] [INFO] [1776844240.632766735] [robot_1.robot_supervisor]: FULL ROTATE active (accum_rad=2.569, timed_fallback=False, stall_count=0)
[robot_supervisor-13] [INFO] [1776844240.632789968] [robot_2.robot_supervisor]: Selected controllable event: EV_move_forward
[image_processor-24] [INFO] [1776844240.666414467] [robot_3.image_processor]: Zone=CLEAR  left[p=1.131 near=0 v=5699]  front[p=1.177 near=0 v=13500]  right[p=1.324 near=0 v=7735]
[robot_supervisor-16] [INFO] [1776844240.667047615] [robot_3.robot_supervisor]: Detected zone changed to CLEAR
[image_processor-23] [INFO] [1776844240.674850154] [robot_2.image_processor]: Zone=CLEAR
[image_processor-21] [INFO] [1776844240.685334509] [robot_0.image_processor]: Zone=CORNER  left[p=0.478 near=7650 v=7650]  front[p=0.558 near=13500 v=13500]  right[p=0.739 near=3209 v=7740]
[robot_supervisor-7] [INFO] [1776844240.685837016] [robot_0.robot_supervisor]: Detected zone changed to CORNER
[image_processor-25] [INFO] [1776844240.700792134] [robot_4.image_processor]: Zone=CLEAR
[image_processor-22] [INFO] [1776844240.711109386] [robot_1.image_processor]: Zone=CORNER
[robot_supervisor-10] [INFO] [1776844240.732803939] [robot_1.robot_supervisor]: FULL ROTATE active (accum_rad=2.669, timed_fallback=False, stall_count=0)
[robot_supervisor-19] [INFO] [1776844240.740081466] [robot_4.robot_supervisor]: Selected controllable event: EV_move_forward
[robot_supervisor-10] [INFO] [1776844240.832769005] [robot_1.robot_supervisor]: FULL ROTATE active (accum_rad=2.769, timed_fallback=False, stall_count=0)
[robot_supervisor-7] [INFO] [1776844240.879882073] [robot_0.robot_supervisor]: Selected controllable event: EV_rotate_clockwise
[robot_supervisor-13] [INFO] [1776844240.932676043] [robot_2.robot_supervisor]: Selected controllable event: EV_random_walk
[robot_supervisor-10] [INFO] [1776844240.932811194] [robot_1.robot_supervisor]: FULL ROTATE active (accum_rad=2.869, timed_fallback=False, stall_count=0)
[robot_supervisor-10] [INFO] [1776844241.032736166] [robot_1.robot_supervisor]: FULL ROTATE active (accum_rad=2.969, timed_fallback=False, stall_count=0)
[robot_supervisor-19] [INFO] [1776844241.040110442] [robot_4.robot_supervisor]: Selected controllable event: EV_random_walk
[robot_supervisor-10] [INFO] [1776844241.132793131] [robot_1.robot_supervisor]: FULL ROTATE active (accum_rad=3.069, timed_fallback=False, stall_count=0)
[robot_supervisor-10] [INFO] [1776844241.133151342] [robot_1.robot_supervisor]: FULL ROTATE completed by odom (accum_rad=3.169)
[robot_supervisor-10] [INFO] [1776844241.133428603] [robot_1.robot_supervisor]: FULL ROTATE stopped; supervisor will select next event next tick
[robot_supervisor-13] [INFO] [1776844241.232721765] [robot_2.robot_supervisor]: Selected controllable event: EV_move_forward
[robot_supervisor-19] [INFO] [1776844241.340379175] [robot_4.robot_supervisor]: Selected controllable event: EV_move_forward
[robot_supervisor-10] [INFO] [1776844241.532790775] [robot_1.robot_supervisor]: Selected controllable event: EV_rotate_clockwise
[robot_supervisor-13] [INFO] [1776844241.533063775] [robot_2.robot_supervisor]: Selected controllable event: EV_random_walk
[robot_supervisor-19] [INFO] [1776844241.640201590] [robot_4.robot_supervisor]: Selected controllable event: EV_random_walk
[robot_supervisor-13] [INFO] [1776844241.832945783] [robot_2.robot_supervisor]: Selected controllable event: EV_move_forward
[robot_supervisor-19] [INFO] [1776844241.940600315] [robot_4.robot_supervisor]: Selected controllable event: EV_move_forward
[robot_supervisor-13] [INFO] [1776844242.132812750] [robot_2.robot_supervisor]: Selected controllable event: EV_random_walk
[robot_supervisor-16] [INFO] [1776844242.178235010] [robot_3.robot_supervisor]: Selected controllable event: EV_random_walk
[robot_supervisor-19] [INFO] [1776844242.240058790] [robot_4.robot_supervisor]: Selected controllable event: EV_random_walk
[robot_supervisor-13] [INFO] [1776844242.432793691] [robot_2.robot_supervisor]: Selected controllable event: EV_move_forward
[robot_supervisor-16] [INFO] [1776844242.478249802] [robot_3.robot_supervisor]: Selected controllable event: EV_move_forward
[robot_supervisor-19] [INFO] [1776844242.540229680] [robot_4.robot_supervisor]: Selected controllable event: EV_move_forward
[robot_supervisor-13] [INFO] [1776844242.732933239] [robot_2.robot_supervisor]: Selected controllable event: EV_random_walk
[robot_supervisor-16] [INFO] [1776844242.778138917] [robot_3.robot_supervisor]: Selected controllable event: EV_random_walk
[robot_supervisor-19] [INFO] [1776844242.840255701] [robot_4.robot_supervisor]: Selected controllable event: EV_random_walk
[robot_supervisor-13] [INFO] [1776844243.032632563] [robot_2.robot_supervisor]: Selected controllable event: EV_move_forward
[robot_supervisor-16] [INFO] [1776844243.078248283] [robot_3.robot_supervisor]: Selected controllable event: EV_move_forward
[robot_supervisor-7] [INFO] [1776844243.080216389] [robot_0.robot_supervisor]: Selected controllable event: EV_full_rotate
[robot_supervisor-7] [INFO] [1776844243.080676506] [robot_0.robot_supervisor]: Starting FULL ROTATE (omega=1.000, have_odom=True, target_rad=3.142, timeout_s=3.500)
[robot_supervisor-19] [INFO] [1776844243.140335464] [robot_4.robot_supervisor]: Selected controllable event: EV_move_forward
[image_processor-24] [INFO] [1776844243.169395263] [robot_3.image_processor]: Zone=CORNER  left[p=2.201 near=0 v=7569]  front[p=0.547 near=4451 v=13242]  right[p=0.298 near=7740 v=7740]
[robot_supervisor-16] [INFO] [1776844243.170105329] [robot_3.robot_supervisor]: Detected zone changed to CORNER
[image_processor-23] [INFO] [1776844243.177646600] [robot_2.image_processor]: Zone=LEFT  left[p=0.600 near=7650 v=7650]  front[p=0.609 near=13500 v=13500]  right[p=0.618 near=7740 v=7740]
[robot_supervisor-13] [INFO] [1776844243.178507361] [robot_2.robot_supervisor]: Detected zone changed to LEFT
[robot_supervisor-7] [INFO] [1776844243.180160219] [robot_0.robot_supervisor]: FULL ROTATE active (accum_rad=0.000, timed_fallback=False, stall_count=0)
[image_processor-21] [INFO] [1776844243.192782426] [robot_0.image_processor]: Zone=CLEAR  left[p=1.073 near=0 v=7639]  front[p=0.807 near=936 v=11727]  right[p=2.763 near=0 v=3730]
[robot_supervisor-7] [INFO] [1776844243.193586134] [robot_0.robot_supervisor]: Detected zone changed to CLEAR
[image_processor-25] [INFO] [1776844243.206759981] [robot_4.image_processor]: Zone=CLEAR
[image_processor-22] [INFO] [1776844243.216530062] [robot_1.image_processor]: Zone=CORNER
[robot_supervisor-7] [INFO] [1776844243.279876671] [robot_0.robot_supervisor]: FULL ROTATE active (accum_rad=0.002, timed_fallback=False, stall_count=0)
[robot_supervisor-13] [INFO] [1776844243.333030436] [robot_2.robot_supervisor]: Selected controllable event: EV_rotate_clockwise
[robot_supervisor-16] [INFO] [1776844243.378472514] [robot_3.robot_supervisor]: Selected controllable event: EV_rotate_clockwise
[robot_supervisor-7] [INFO] [1776844243.379982606] [robot_0.robot_supervisor]: FULL ROTATE active (accum_rad=0.030, timed_fallback=False, stall_count=0)
[robot_supervisor-19] [INFO] [1776844243.440479960] [robot_4.robot_supervisor]: Selected controllable event: EV_random_walk
[robot_supervisor-7] [INFO] [1776844243.480027633] [robot_0.robot_supervisor]: FULL ROTATE active (accum_rad=0.087, timed_fallback=False, stall_count=0)
[robot_supervisor-7] [INFO] [1776844243.580932641] [robot_0.robot_supervisor]: FULL ROTATE active (accum_rad=0.175, timed_fallback=False, stall_count=0)
[robot_supervisor-7] [INFO] [1776844243.680959646] [robot_0.robot_supervisor]: FULL ROTATE active (accum_rad=0.275, timed_fallback=False, stall_count=0)
[robot_supervisor-10] [INFO] [1776844243.733044205] [robot_1.robot_supervisor]: Selected controllable event: EV_full_rotate
[robot_supervisor-10] [INFO] [1776844243.733495563] [robot_1.robot_supervisor]: Starting FULL ROTATE (omega=1.000, have_odom=True, target_rad=3.142, timeout_s=3.500)
[robot_supervisor-19] [INFO] [1776844243.740355944] [robot_4.robot_supervisor]: Selected controllable event: EV_move_forward
[robot_supervisor-7] [INFO] [1776844243.780817231] [robot_0.robot_supervisor]: FULL ROTATE active (accum_rad=0.375, timed_fallback=False, stall_count=0)
[robot_supervisor-10] [INFO] [1776844243.833133646] [robot_1.robot_supervisor]: FULL ROTATE active (accum_rad=0.000, timed_fallback=False, stall_count=0)
[robot_supervisor-7] [INFO] [1776844243.879888017] [robot_0.robot_supervisor]: FULL ROTATE active (accum_rad=0.475, timed_fallback=False, stall_count=0)
[robot_supervisor-10] [INFO] [1776844243.932949821] [robot_1.robot_supervisor]: FULL ROTATE active (accum_rad=0.006, timed_fallback=False, stall_count=0)
[robot_supervisor-7] [INFO] [1776844243.979930492] [robot_0.robot_supervisor]: FULL ROTATE active (accum_rad=0.575, timed_fallback=False, stall_count=0)
[robot_supervisor-10] [INFO] [1776844244.032893679] [robot_1.robot_supervisor]: FULL ROTATE active (accum_rad=0.041, timed_fallback=False, stall_count=0)
[robot_supervisor-19] [INFO] [1776844244.040443695] [robot_4.robot_supervisor]: Selected controllable event: EV_random_walk
[robot_supervisor-7] [INFO] [1776844244.079980976] [robot_0.robot_supervisor]: FULL ROTATE active (accum_rad=0.675, timed_fallback=False, stall_count=0)
[robot_supervisor-10] [INFO] [1776844244.132913484] [robot_1.robot_supervisor]: FULL ROTATE active (accum_rad=0.105, timed_fallback=False, stall_count=0)
[robot_supervisor-7] [INFO] [1776844244.179951228] [robot_0.robot_supervisor]: FULL ROTATE active (accum_rad=0.775, timed_fallback=False, stall_count=0)
[robot_supervisor-10] [INFO] [1776844244.233089105] [robot_1.robot_supervisor]: FULL ROTATE active (accum_rad=0.198, timed_fallback=False, stall_count=0)
[robot_supervisor-7] [INFO] [1776844244.280139176] [robot_0.robot_supervisor]: FULL ROTATE active (accum_rad=0.875, timed_fallback=False, stall_count=0)
[robot_supervisor-10] [INFO] [1776844244.332749766] [robot_1.robot_supervisor]: FULL ROTATE active (accum_rad=0.298, timed_fallback=False, stall_count=0)
[robot_supervisor-19] [INFO] [1776844244.340311254] [robot_4.robot_supervisor]: Selected controllable event: EV_move_forward
[robot_supervisor-7] [INFO] [1776844244.380088790] [robot_0.robot_supervisor]: FULL ROTATE active (accum_rad=0.975, timed_fallback=False, stall_count=0)
[robot_supervisor-10] [INFO] [1776844244.432944643] [robot_1.robot_supervisor]: FULL ROTATE active (accum_rad=0.398, timed_fallback=False, stall_count=0)
[robot_supervisor-7] [INFO] [1776844244.479848327] [robot_0.robot_supervisor]: FULL ROTATE active (accum_rad=1.075, timed_fallback=False, stall_count=0)
[robot_supervisor-10] [INFO] [1776844244.532769521] [robot_1.robot_supervisor]: FULL ROTATE active (accum_rad=0.498, timed_fallback=False, stall_count=0)
[robot_supervisor-7] [INFO] [1776844244.580082583] [robot_0.robot_supervisor]: FULL ROTATE active (accum_rad=1.175, timed_fallback=False, stall_count=0)
[robot_supervisor-10] [INFO] [1776844244.632851424] [robot_1.robot_supervisor]: FULL ROTATE active (accum_rad=0.598, timed_fallback=False, stall_count=0)
[robot_supervisor-19] [INFO] [1776844244.640281363] [robot_4.robot_supervisor]: Selected controllable event: EV_random_walk
[robot_supervisor-7] [INFO] [1776844244.680449277] [robot_0.robot_supervisor]: FULL ROTATE active (accum_rad=1.275, timed_fallback=False, stall_count=0)
[robot_supervisor-10] [INFO] [1776844244.732782855] [robot_1.robot_supervisor]: FULL ROTATE active (accum_rad=0.698, timed_fallback=False, stall_count=0)
[robot_supervisor-7] [INFO] [1776844244.780291174] [robot_0.robot_supervisor]: FULL ROTATE active (accum_rad=1.375, timed_fallback=False, stall_count=0)
[robot_supervisor-10] [INFO] [1776844244.832860739] [robot_1.robot_supervisor]: FULL ROTATE active (accum_rad=0.798, timed_fallback=False, stall_count=0)
[robot_supervisor-7] [INFO] [1776844244.880275151] [robot_0.robot_supervisor]: FULL ROTATE active (accum_rad=1.475, timed_fallback=False, stall_count=0)
[robot_supervisor-10] [INFO] [1776844244.932688118] [robot_1.robot_supervisor]: FULL ROTATE active (accum_rad=0.898, timed_fallback=False, stall_count=0)
[robot_supervisor-19] [INFO] [1776844244.940257131] [robot_4.robot_supervisor]: Selected controllable event: EV_move_forward
[robot_supervisor-7] [INFO] [1776844244.980099653] [robot_0.robot_supervisor]: FULL ROTATE active (accum_rad=1.575, timed_fallback=False, stall_count=0)
[robot_supervisor-10] [INFO] [1776844245.032766148] [robot_1.robot_supervisor]: FULL ROTATE active (accum_rad=0.998, timed_fallback=False, stall_count=0)
[robot_supervisor-7] [INFO] [1776844245.080350356] [robot_0.robot_supervisor]: FULL ROTATE active (accum_rad=1.675, timed_fallback=False, stall_count=0)
[robot_supervisor-10] [INFO] [1776844245.132942953] [robot_1.robot_supervisor]: FULL ROTATE active (accum_rad=1.098, timed_fallback=False, stall_count=0)
[robot_supervisor-7] [INFO] [1776844245.180368428] [robot_0.robot_supervisor]: FULL ROTATE active (accum_rad=1.775, timed_fallback=False, stall_count=0)
[robot_supervisor-10] [INFO] [1776844245.232929243] [robot_1.robot_supervisor]: FULL ROTATE active (accum_rad=1.198, timed_fallback=False, stall_count=0)
[robot_supervisor-19] [INFO] [1776844245.240137695] [robot_4.robot_supervisor]: Selected controllable event: EV_random_walk
[robot_supervisor-7] [INFO] [1776844245.280060392] [robot_0.robot_supervisor]: FULL ROTATE active (accum_rad=1.875, timed_fallback=False, stall_count=0)
[robot_supervisor-10] [INFO] [1776844245.333381468] [robot_1.robot_supervisor]: FULL ROTATE active (accum_rad=1.298, timed_fallback=False, stall_count=0)
[robot_supervisor-7] [INFO] [1776844245.380079775] [robot_0.robot_supervisor]: FULL ROTATE active (accum_rad=1.975, timed_fallback=False, stall_count=0)
[robot_supervisor-10] [INFO] [1776844245.433164651] [robot_1.robot_supervisor]: FULL ROTATE active (accum_rad=1.398, timed_fallback=False, stall_count=0)
[robot_supervisor-13] [INFO] [1776844245.433165410] [robot_2.robot_supervisor]: Selected controllable event: EV_rotate_clockwise
[robot_supervisor-13] [INFO] [1776844245.433821010] [robot_2.robot_supervisor]: rotate_90 blocked by recent completion; stopping this tick
[robot_supervisor-7] [INFO] [1776844245.479964582] [robot_0.robot_supervisor]: FULL ROTATE active (accum_rad=2.075, timed_fallback=False, stall_count=0)
[robot_supervisor-10] [INFO] [1776844245.533106943] [robot_1.robot_supervisor]: FULL ROTATE active (accum_rad=1.498, timed_fallback=False, stall_count=0)
[robot_supervisor-13] [INFO] [1776844245.533127435] [robot_2.robot_supervisor]: Selected controllable event: EV_rotate_clockwise
[robot_supervisor-13] [INFO] [1776844245.533392043] [robot_2.robot_supervisor]: rotate_90 blocked by recent completion; stopping this tick
[robot_supervisor-19] [INFO] [1776844245.540478431] [robot_4.robot_supervisor]: Selected controllable event: EV_move_forward
[robot_supervisor-16] [INFO] [1776844245.578305710] [robot_3.robot_supervisor]: Selected controllable event: EV_full_rotate
[robot_supervisor-16] [INFO] [1776844245.578740663] [robot_3.robot_supervisor]: Starting FULL ROTATE (omega=1.000, have_odom=True, target_rad=3.142, timeout_s=3.500)
[robot_supervisor-7] [INFO] [1776844245.579898229] [robot_0.robot_supervisor]: FULL ROTATE active (accum_rad=2.175, timed_fallback=False, stall_count=0)
[robot_supervisor-13] [INFO] [1776844245.632952013] [robot_2.robot_supervisor]: Selected controllable event: EV_rotate_clockwise
[robot_supervisor-10] [INFO] [1776844245.633073755] [robot_1.robot_supervisor]: FULL ROTATE active (accum_rad=1.598, timed_fallback=False, stall_count=0)
[robot_supervisor-13] [INFO] [1776844245.633362608] [robot_2.robot_supervisor]: rotate_90 blocked by recent completion; stopping this tick
[image_processor-24] [INFO] [1776844245.665015417] [robot_3.image_processor]: Zone=CORNER
[image_processor-23] [INFO] [1776844245.673176783] [robot_2.image_processor]: Zone=LEFT
[robot_supervisor-16] [INFO] [1776844245.678211052] [robot_3.robot_supervisor]: FULL ROTATE active (accum_rad=0.000, timed_fallback=False, stall_count=0)
[robot_supervisor-7] [INFO] [1776844245.679957526] [robot_0.robot_supervisor]: FULL ROTATE active (accum_rad=2.275, timed_fallback=False, stall_count=0)
[image_processor-21] [INFO] [1776844245.683778700] [robot_0.image_processor]: Zone=CORNER  left[p=0.630 near=7650 v=7650]  front[p=0.522 near=13500 v=13500]  right[p=0.463 near=7740 v=7740]
[robot_supervisor-7] [INFO] [1776844245.684542592] [robot_0.robot_supervisor]: Detected zone changed to CORNER
[image_processor-25] [INFO] [1776844245.695614988] [robot_4.image_processor]: Zone=CLEAR
[image_processor-22] [INFO] [1776844245.704782749] [robot_1.image_processor]: Zone=CORNER
[robot_supervisor-13] [INFO] [1776844245.732836217] [robot_2.robot_supervisor]: Selected controllable event: EV_rotate_clockwise
[robot_supervisor-10] [INFO] [1776844245.732867500] [robot_1.robot_supervisor]: FULL ROTATE active (accum_rad=1.698, timed_fallback=False, stall_count=0)
[robot_supervisor-16] [INFO] [1776844245.778266803] [robot_3.robot_supervisor]: FULL ROTATE active (accum_rad=0.008, timed_fallback=False, stall_count=0)
[robot_supervisor-7] [INFO] [1776844245.780095672] [robot_0.robot_supervisor]: FULL ROTATE active (accum_rad=2.375, timed_fallback=False, stall_count=0)
[robot_supervisor-10] [INFO] [1776844245.832855178] [robot_1.robot_supervisor]: FULL ROTATE active (accum_rad=1.798, timed_fallback=False, stall_count=0)
[robot_supervisor-19] [INFO] [1776844245.840455086] [robot_4.robot_supervisor]: Selected controllable event: EV_random_walk
[robot_supervisor-16] [INFO] [1776844245.878410686] [robot_3.robot_supervisor]: FULL ROTATE active (accum_rad=0.046, timed_fallback=False, stall_count=0)
[robot_supervisor-7] [INFO] [1776844245.880095037] [robot_0.robot_supervisor]: FULL ROTATE active (accum_rad=2.475, timed_fallback=False, stall_count=0)
[robot_supervisor-10] [INFO] [1776844245.932909120] [robot_1.robot_supervisor]: FULL ROTATE active (accum_rad=1.898, timed_fallback=False, stall_count=0)
[robot_supervisor-16] [INFO] [1776844245.978228693] [robot_3.robot_supervisor]: FULL ROTATE active (accum_rad=0.113, timed_fallback=False, stall_count=0)
[robot_supervisor-7] [INFO] [1776844245.980205999] [robot_0.robot_supervisor]: FULL ROTATE active (accum_rad=2.575, timed_fallback=False, stall_count=0)
[robot_supervisor-10] [INFO] [1776844246.033204479] [robot_1.robot_supervisor]: FULL ROTATE active (accum_rad=1.998, timed_fallback=False, stall_count=0)
[robot_supervisor-16] [INFO] [1776844246.078091359] [robot_3.robot_supervisor]: FULL ROTATE active (accum_rad=0.208, timed_fallback=False, stall_count=0)
[robot_supervisor-7] [INFO] [1776844246.080007887] [robot_0.robot_supervisor]: FULL ROTATE active (accum_rad=2.675, timed_fallback=False, stall_count=0)
[robot_supervisor-10] [INFO] [1776844246.132833407] [robot_1.robot_supervisor]: FULL ROTATE active (accum_rad=2.098, timed_fallback=False, stall_count=0)
[robot_supervisor-19] [INFO] [1776844246.140335179] [robot_4.robot_supervisor]: Selected controllable event: EV_move_forward
[robot_supervisor-16] [INFO] [1776844246.178125264] [robot_3.robot_supervisor]: FULL ROTATE active (accum_rad=0.308, timed_fallback=False, stall_count=0)
[robot_supervisor-7] [INFO] [1776844246.180278027] [robot_0.robot_supervisor]: FULL ROTATE active (accum_rad=2.775, timed_fallback=False, stall_count=0)
[robot_supervisor-10] [INFO] [1776844246.232787919] [robot_1.robot_supervisor]: FULL ROTATE active (accum_rad=2.198, timed_fallback=False, stall_count=0)
[robot_supervisor-16] [INFO] [1776844246.278085441] [robot_3.robot_supervisor]: FULL ROTATE active (accum_rad=0.408, timed_fallback=False, stall_count=0)
[robot_supervisor-7] [INFO] [1776844246.280097013] [robot_0.robot_supervisor]: FULL ROTATE active (accum_rad=2.875, timed_fallback=False, stall_count=0)
[robot_supervisor-10] [INFO] [1776844246.332909359] [robot_1.robot_supervisor]: FULL ROTATE active (accum_rad=2.298, timed_fallback=False, stall_count=0)
[robot_supervisor-16] [INFO] [1776844246.378391662] [robot_3.robot_supervisor]: FULL ROTATE active (accum_rad=0.508, timed_fallback=False, stall_count=0)
[robot_supervisor-7] [INFO] [1776844246.380041091] [robot_0.robot_supervisor]: FULL ROTATE active (accum_rad=2.975, timed_fallback=False, stall_count=0)
[robot_supervisor-10] [INFO] [1776844246.432944791] [robot_1.robot_supervisor]: FULL ROTATE active (accum_rad=2.398, timed_fallback=False, stall_count=0)
[robot_supervisor-19] [INFO] [1776844246.440267910] [robot_4.robot_supervisor]: Selected controllable event: EV_random_walk
[robot_supervisor-16] [INFO] [1776844246.478155912] [robot_3.robot_supervisor]: FULL ROTATE active (accum_rad=0.608, timed_fallback=False, stall_count=0)
[robot_supervisor-7] [INFO] [1776844246.480037759] [robot_0.robot_supervisor]: FULL ROTATE active (accum_rad=3.075, timed_fallback=False, stall_count=0)
[robot_supervisor-7] [INFO] [1776844246.480527714] [robot_0.robot_supervisor]: FULL ROTATE completed by odom (accum_rad=3.175)
[robot_supervisor-7] [INFO] [1776844246.480959900] [robot_0.robot_supervisor]: FULL ROTATE stopped; supervisor will select next event next tick
[robot_supervisor-10] [INFO] [1776844246.532801639] [robot_1.robot_supervisor]: FULL ROTATE active (accum_rad=2.498, timed_fallback=False, stall_count=0)
[robot_supervisor-16] [INFO] [1776844246.578050867] [robot_3.robot_supervisor]: FULL ROTATE active (accum_rad=0.708, timed_fallback=False, stall_count=0)
[robot_supervisor-10] [INFO] [1776844246.632915795] [robot_1.robot_supervisor]: FULL ROTATE active (accum_rad=2.598, timed_fallback=False, stall_count=0)
[robot_supervisor-16] [INFO] [1776844246.678143386] [robot_3.robot_supervisor]: FULL ROTATE active (accum_rad=0.808, timed_fallback=False, stall_count=0)
[robot_supervisor-10] [INFO] [1776844246.732872417] [robot_1.robot_supervisor]: FULL ROTATE active (accum_rad=2.698, timed_fallback=False, stall_count=0)
[robot_supervisor-19] [INFO] [1776844246.740705488] [robot_4.robot_supervisor]: Selected controllable event: EV_move_forward
[robot_supervisor-16] [INFO] [1776844246.778360538] [robot_3.robot_supervisor]: FULL ROTATE active (accum_rad=0.908, timed_fallback=False, stall_count=0)
[robot_supervisor-10] [INFO] [1776844246.833213823] [robot_1.robot_supervisor]: FULL ROTATE active (accum_rad=2.798, timed_fallback=False, stall_count=0)
[robot_supervisor-16] [INFO] [1776844246.878387950] [robot_3.robot_supervisor]: FULL ROTATE active (accum_rad=1.008, timed_fallback=False, stall_count=0)
[robot_supervisor-7] [INFO] [1776844246.880040004] [robot_0.robot_supervisor]: Selected controllable event: EV_rotate_clockwise
[robot_supervisor-10] [INFO] [1776844246.933214151] [robot_1.robot_supervisor]: FULL ROTATE active (accum_rad=2.898, timed_fallback=False, stall_count=0)
[robot_supervisor-16] [INFO] [1776844246.978056355] [robot_3.robot_supervisor]: FULL ROTATE active (accum_rad=1.108, timed_fallback=False, stall_count=0)
[robot_supervisor-10] [INFO] [1776844247.032939218] [robot_1.robot_supervisor]: FULL ROTATE active (accum_rad=2.998, timed_fallback=False, stall_count=0)
[robot_supervisor-19] [INFO] [1776844247.040195844] [robot_4.robot_supervisor]: Selected controllable event: EV_random_walk
[robot_supervisor-16] [INFO] [1776844247.078318718] [robot_3.robot_supervisor]: FULL ROTATE active (accum_rad=1.208, timed_fallback=False, stall_count=0)
[robot_supervisor-10] [INFO] [1776844247.132863254] [robot_1.robot_supervisor]: FULL ROTATE active (accum_rad=3.098, timed_fallback=False, stall_count=0)
[robot_supervisor-10] [INFO] [1776844247.133343184] [robot_1.robot_supervisor]: FULL ROTATE completed by odom (accum_rad=3.198)
[robot_supervisor-10] [INFO] [1776844247.133731921] [robot_1.robot_supervisor]: FULL ROTATE stopped; supervisor will select next event next tick
[robot_supervisor-16] [INFO] [1776844247.178423536] [robot_3.robot_supervisor]: FULL ROTATE active (accum_rad=1.308, timed_fallback=False, stall_count=0)
[robot_supervisor-16] [INFO] [1776844247.278398321] [robot_3.robot_supervisor]: FULL ROTATE active (accum_rad=1.408, timed_fallback=False, stall_count=0)
[robot_supervisor-19] [INFO] [1776844247.340452120] [robot_4.robot_supervisor]: Selected controllable event: EV_move_forward
[robot_supervisor-16] [INFO] [1776844247.378446554] [robot_3.robot_supervisor]: FULL ROTATE active (accum_rad=1.508, timed_fallback=False, stall_count=0)
[robot_supervisor-16] [INFO] [1776844247.478373882] [robot_3.robot_supervisor]: FULL ROTATE active (accum_rad=1.608, timed_fallback=False, stall_count=0)
[robot_supervisor-10] [INFO] [1776844247.532918956] [robot_1.robot_supervisor]: Selected controllable event: EV_rotate_clockwise
[robot_supervisor-16] [INFO] [1776844247.578365448] [robot_3.robot_supervisor]: FULL ROTATE active (accum_rad=1.708, timed_fallback=False, stall_count=0)
[robot_supervisor-19] [INFO] [1776844247.640509898] [robot_4.robot_supervisor]: Selected controllable event: EV_random_walk
[robot_supervisor-16] [INFO] [1776844247.678394996] [robot_3.robot_supervisor]: FULL ROTATE active (accum_rad=1.808, timed_fallback=False, stall_count=0)
[robot_supervisor-16] [INFO] [1776844247.778459112] [robot_3.robot_supervisor]: FULL ROTATE active (accum_rad=1.908, timed_fallback=False, stall_count=0)
[robot_supervisor-13] [INFO] [1776844247.832709485] [robot_2.robot_supervisor]: Selected controllable event: EV_rotate_clockwise
[robot_supervisor-13] [INFO] [1776844247.832994960] [robot_2.robot_supervisor]: rotate_90 blocked by recent completion; stopping this tick
[robot_supervisor-16] [INFO] [1776844247.878518821] [robot_3.robot_supervisor]: FULL ROTATE active (accum_rad=2.008, timed_fallback=False, stall_count=0)
[robot_supervisor-13] [INFO] [1776844247.933056394] [robot_2.robot_supervisor]: Selected controllable event: EV_rotate_clockwise
[robot_supervisor-13] [INFO] [1776844247.933555268] [robot_2.robot_supervisor]: rotate_90 blocked by recent completion; stopping this tick
[robot_supervisor-19] [INFO] [1776844247.940084901] [robot_4.robot_supervisor]: Selected controllable event: EV_move_forward
[robot_supervisor-16] [INFO] [1776844247.978242740] [robot_3.robot_supervisor]: FULL ROTATE active (accum_rad=2.108, timed_fallback=False, stall_count=0)
[robot_supervisor-13] [INFO] [1776844248.032891631] [robot_2.robot_supervisor]: Selected controllable event: EV_rotate_clockwise
[robot_supervisor-13] [INFO] [1776844248.033304393] [robot_2.robot_supervisor]: rotate_90 blocked by recent completion; stopping this tick
[robot_supervisor-16] [INFO] [1776844248.078540910] [robot_3.robot_supervisor]: FULL ROTATE active (accum_rad=2.208, timed_fallback=False, stall_count=0)
[robot_supervisor-13] [INFO] [1776844248.132665488] [robot_2.robot_supervisor]: Selected controllable event: EV_rotate_clockwise
[image_processor-24] [INFO] [1776844248.168268031] [robot_3.image_processor]: Zone=RIGHT  left[p=0.884 near=0 v=7650]  front[p=1.223 near=0 v=12950]  right[p=0.611 near=3064 v=7740]
[robot_supervisor-16] [INFO] [1776844248.169066917] [robot_3.robot_supervisor]: Detected zone changed to RIGHT
[robot_supervisor-16] [INFO] [1776844248.177956927] [robot_3.robot_supervisor]: FULL ROTATE active (accum_rad=2.308, timed_fallback=False, stall_count=0)
[image_processor-23] [INFO] [1776844248.181290373] [robot_2.image_processor]: Zone=CLEAR  left[p=3.607 near=0 v=6277]  front[p=1.402 near=0 v=8083]  right[p=1.336 near=0 v=5194]
[robot_supervisor-13] [INFO] [1776844248.181844944] [robot_2.robot_supervisor]: Detected zone changed to CLEAR
[image_processor-21] [INFO] [1776844248.192554664] [robot_0.image_processor]: Zone=CORNER
[image_processor-25] [INFO] [1776844248.202915820] [robot_4.image_processor]: Zone=CLEAR
[image_processor-22] [INFO] [1776844248.212104611] [robot_1.image_processor]: Zone=CORNER
[robot_supervisor-19] [INFO] [1776844248.240267498] [robot_4.robot_supervisor]: Selected controllable event: EV_random_walk
[robot_supervisor-16] [INFO] [1776844248.278137082] [robot_3.robot_supervisor]: FULL ROTATE active (accum_rad=2.408, timed_fallback=False, stall_count=0)
[robot_supervisor-16] [INFO] [1776844248.378479367] [robot_3.robot_supervisor]: FULL ROTATE active (accum_rad=2.508, timed_fallback=False, stall_count=0)
[robot_supervisor-16] [INFO] [1776844248.478292453] [robot_3.robot_supervisor]: FULL ROTATE active (accum_rad=2.608, timed_fallback=False, stall_count=0)
[robot_supervisor-19] [INFO] [1776844248.540572091] [robot_4.robot_supervisor]: Selected controllable event: EV_move_forward
[robot_supervisor-16] [INFO] [1776844248.578223684] [robot_3.robot_supervisor]: FULL ROTATE active (accum_rad=2.708, timed_fallback=False, stall_count=0)
[robot_supervisor-16] [INFO] [1776844248.678620621] [robot_3.robot_supervisor]: FULL ROTATE active (accum_rad=2.808, timed_fallback=False, stall_count=0)
[robot_supervisor-16] [INFO] [1776844248.778211091] [robot_3.robot_supervisor]: FULL ROTATE active (accum_rad=2.908, timed_fallback=False, stall_count=0)
[robot_supervisor-19] [INFO] [1776844248.840274756] [robot_4.robot_supervisor]: Selected controllable event: EV_random_walk
[robot_supervisor-16] [INFO] [1776844248.878295999] [robot_3.robot_supervisor]: FULL ROTATE active (accum_rad=3.008, timed_fallback=False, stall_count=0)
[robot_supervisor-16] [INFO] [1776844248.978429954] [robot_3.robot_supervisor]: FULL ROTATE active (accum_rad=3.108, timed_fallback=False, stall_count=0)
[robot_supervisor-16] [INFO] [1776844248.978951317] [robot_3.robot_supervisor]: FULL ROTATE completed by odom (accum_rad=3.208)
[robot_supervisor-16] [INFO] [1776844248.979340681] [robot_3.robot_supervisor]: FULL ROTATE stopped; supervisor will select next event next tick
[robot_supervisor-7] [INFO] [1776844249.080179134] [robot_0.robot_supervisor]: Selected controllable event: EV_full_rotate
[robot_supervisor-7] [INFO] [1776844249.080641635] [robot_0.robot_supervisor]: Starting FULL ROTATE (omega=1.000, have_odom=True, target_rad=3.142, timeout_s=3.500)
[robot_supervisor-19] [INFO] [1776844249.140305939] [robot_4.robot_supervisor]: Selected controllable event: EV_move_forward
[robot_supervisor-7] [INFO] [1776844249.180128203] [robot_0.robot_supervisor]: FULL ROTATE active (accum_rad=0.000, timed_fallback=False, stall_count=0)
[robot_supervisor-7] [INFO] [1776844249.280122089] [robot_0.robot_supervisor]: FULL ROTATE active (accum_rad=0.006, timed_fallback=False, stall_count=0)
[robot_supervisor-16] [INFO] [1776844249.378269354] [robot_3.robot_supervisor]: Selected controllable event: EV_rotate_counterclockwise
[robot_supervisor-7] [INFO] [1776844249.380086579] [robot_0.robot_supervisor]: FULL ROTATE active (accum_rad=0.041, timed_fallback=False, stall_count=0)
[robot_supervisor-19] [INFO] [1776844249.440279446] [robot_4.robot_supervisor]: Selected controllable event: EV_random_walk
[robot_supervisor-7] [INFO] [1776844249.480223945] [robot_0.robot_supervisor]: FULL ROTATE active (accum_rad=0.105, timed_fallback=False, stall_count=0)
[robot_supervisor-7] [INFO] [1776844249.579905562] [robot_0.robot_supervisor]: FULL ROTATE active (accum_rad=0.198, timed_fallback=False, stall_count=0)
[robot_supervisor-7] [INFO] [1776844249.680299150] [robot_0.robot_supervisor]: FULL ROTATE active (accum_rad=0.298, timed_fallback=False, stall_count=0)
[robot_supervisor-10] [INFO] [1776844249.732989781] [robot_1.robot_supervisor]: Selected controllable event: EV_full_rotate
[robot_supervisor-10] [INFO] [1776844249.733430212] [robot_1.robot_supervisor]: Starting FULL ROTATE (omega=1.000, have_odom=True, target_rad=3.142, timeout_s=3.500)
[robot_supervisor-19] [INFO] [1776844249.740167350] [robot_4.robot_supervisor]: Selected controllable event: EV_move_forward
[robot_supervisor-7] [INFO] [1776844249.780390044] [robot_0.robot_supervisor]: FULL ROTATE active (accum_rad=0.398, timed_fallback=False, stall_count=0)
[robot_supervisor-10] [INFO] [1776844249.832816662] [robot_1.robot_supervisor]: FULL ROTATE active (accum_rad=0.000, timed_fallback=False, stall_count=0)
[robot_supervisor-7] [INFO] [1776844249.880106253] [robot_0.robot_supervisor]: FULL ROTATE active (accum_rad=0.498, timed_fallback=False, stall_count=0)
[robot_supervisor-10] [INFO] [1776844249.933110740] [robot_1.robot_supervisor]: FULL ROTATE active (accum_rad=0.006, timed_fallback=False, stall_count=0)
[robot_supervisor-7] [INFO] [1776844249.980052755] [robot_0.robot_supervisor]: FULL ROTATE active (accum_rad=0.598, timed_fallback=False, stall_count=0)
[robot_supervisor-10] [INFO] [1776844250.032935049] [robot_1.robot_supervisor]: FULL ROTATE active (accum_rad=0.041, timed_fallback=False, stall_count=0)
[robot_supervisor-19] [INFO] [1776844250.040368996] [robot_4.robot_supervisor]: Selected controllable event: EV_random_walk
[robot_supervisor-7] [INFO] [1776844250.080158239] [robot_0.robot_supervisor]: FULL ROTATE active (accum_rad=0.698, timed_fallback=False, stall_count=0)
[robot_supervisor-10] [INFO] [1776844250.132761191] [robot_1.robot_supervisor]: FULL ROTATE active (accum_rad=0.105, timed_fallback=False, stall_count=0)
[robot_supervisor-7] [INFO] [1776844250.179909803] [robot_0.robot_supervisor]: FULL ROTATE active (accum_rad=0.798, timed_fallback=False, stall_count=0)
[robot_supervisor-13] [INFO] [1776844250.232851535] [robot_2.robot_supervisor]: Selected controllable event: EV_random_walk
[robot_supervisor-10] [INFO] [1776844250.232867234] [robot_1.robot_supervisor]: FULL ROTATE active (accum_rad=0.198, timed_fallback=False, stall_count=0)
[robot_supervisor-7] [INFO] [1776844250.280044472] [robot_0.robot_supervisor]: FULL ROTATE active (accum_rad=0.898, timed_fallback=False, stall_count=0)
[robot_supervisor-10] [INFO] [1776844250.333198361] [robot_1.robot_supervisor]: FULL ROTATE active (accum_rad=0.298, timed_fallback=False, stall_count=0)
[robot_supervisor-19] [INFO] [1776844250.340346396] [robot_4.robot_supervisor]: Selected controllable event: EV_move_forward
[robot_supervisor-7] [INFO] [1776844250.380052690] [robot_0.robot_supervisor]: FULL ROTATE active (accum_rad=0.998, timed_fallback=False, stall_count=0)
[robot_supervisor-10] [INFO] [1776844250.432900258] [robot_1.robot_supervisor]: FULL ROTATE active (accum_rad=0.398, timed_fallback=False, stall_count=0)
[robot_supervisor-7] [INFO] [1776844250.480153573] [robot_0.robot_supervisor]: FULL ROTATE active (accum_rad=1.098, timed_fallback=False, stall_count=0)
[robot_supervisor-13] [INFO] [1776844250.532907369] [robot_2.robot_supervisor]: Selected controllable event: EV_move_forward
[robot_supervisor-10] [INFO] [1776844250.532921443] [robot_1.robot_supervisor]: FULL ROTATE active (accum_rad=0.498, timed_fallback=False, stall_count=0)
[robot_supervisor-7] [INFO] [1776844250.580324165] [robot_0.robot_supervisor]: FULL ROTATE active (accum_rad=1.198, timed_fallback=False, stall_count=0)
[robot_supervisor-10] [INFO] [1776844250.632969579] [robot_1.robot_supervisor]: FULL ROTATE active (accum_rad=0.598, timed_fallback=False, stall_count=0)
[robot_supervisor-19] [INFO] [1776844250.640089233] [robot_4.robot_supervisor]: Selected controllable event: EV_random_walk
[image_processor-24] [INFO] [1776844250.670795997] [robot_3.image_processor]: Zone=RIGHT
[robot_supervisor-7] [INFO] [1776844250.680136789] [robot_0.robot_supervisor]: FULL ROTATE active (accum_rad=1.298, timed_fallback=False, stall_count=0)
[image_processor-23] [INFO] [1776844250.687004740] [robot_2.image_processor]: Zone=RIGHT  left[p=3.049 near=0 v=5850]  front[p=1.060 near=0 v=12089]  right[p=0.568 near=5852 v=7740]
[robot_supervisor-13] [INFO] [1776844250.688735839] [robot_2.robot_supervisor]: Detected zone changed to RIGHT
[image_processor-21] [INFO] [1776844250.697133495] [robot_0.image_processor]: Zone=CORNER
[image_processor-25] [INFO] [1776844250.713729399] [robot_4.image_processor]: Zone=CLEAR
[image_processor-22] [INFO] [1776844250.726357243] [robot_1.image_processor]: Zone=CORNER
[robot_supervisor-10] [INFO] [1776844250.732772674] [robot_1.robot_supervisor]: FULL ROTATE active (accum_rad=0.698, timed_fallback=False, stall_count=0)
[robot_supervisor-7] [INFO] [1776844250.780097597] [robot_0.robot_supervisor]: FULL ROTATE active (accum_rad=1.398, timed_fallback=False, stall_count=0)
[robot_supervisor-10] [INFO] [1776844250.832843733] [robot_1.robot_supervisor]: FULL ROTATE active (accum_rad=0.798, timed_fallback=False, stall_count=0)
[robot_supervisor-13] [INFO] [1776844250.833348987] [robot_2.robot_supervisor]: Selected controllable event: EV_rotate_counterclockwise
[robot_supervisor-7] [INFO] [1776844250.879920692] [robot_0.robot_supervisor]: FULL ROTATE active (accum_rad=1.498, timed_fallback=False, stall_count=0)
[robot_supervisor-10] [INFO] [1776844250.932891459] [robot_1.robot_supervisor]: FULL ROTATE active (accum_rad=0.898, timed_fallback=False, stall_count=0)
[robot_supervisor-19] [INFO] [1776844250.940146057] [robot_4.robot_supervisor]: Selected controllable event: EV_move_forward
[robot_supervisor-7] [INFO] [1776844250.980189231] [robot_0.robot_supervisor]: FULL ROTATE active (accum_rad=1.598, timed_fallback=False, stall_count=0)
[robot_supervisor-10] [INFO] [1776844251.033034252] [robot_1.robot_supervisor]: FULL ROTATE active (accum_rad=0.998, timed_fallback=False, stall_count=0)
[robot_supervisor-7] [INFO] [1776844251.079960203] [robot_0.robot_supervisor]: FULL ROTATE active (accum_rad=1.698, timed_fallback=False, stall_count=0)
[robot_supervisor-10] [INFO] [1776844251.132924351] [robot_1.robot_supervisor]: FULL ROTATE active (accum_rad=1.098, timed_fallback=False, stall_count=0)
[robot_supervisor-7] [INFO] [1776844251.179966238] [robot_0.robot_supervisor]: FULL ROTATE active (accum_rad=1.798, timed_fallback=False, stall_count=0)
[robot_supervisor-10] [INFO] [1776844251.233015644] [robot_1.robot_supervisor]: FULL ROTATE active (accum_rad=1.198, timed_fallback=False, stall_count=0)
[robot_supervisor-19] [INFO] [1776844251.240316604] [robot_4.robot_supervisor]: Selected controllable event: EV_random_walk
[robot_supervisor-7] [INFO] [1776844251.280134186] [robot_0.robot_supervisor]: FULL ROTATE active (accum_rad=1.898, timed_fallback=False, stall_count=0)
[robot_supervisor-10] [INFO] [1776844251.332923643] [robot_1.robot_supervisor]: FULL ROTATE active (accum_rad=1.298, timed_fallback=False, stall_count=0)
[robot_supervisor-7] [INFO] [1776844251.379868923] [robot_0.robot_supervisor]: FULL ROTATE active (accum_rad=1.998, timed_fallback=False, stall_count=0)
[robot_supervisor-10] [INFO] [1776844251.432864237] [robot_1.robot_supervisor]: FULL ROTATE active (accum_rad=1.398, timed_fallback=False, stall_count=0)
[robot_supervisor-16] [INFO] [1776844251.478419205] [robot_3.robot_supervisor]: Selected controllable event: EV_rotate_counterclockwise
[robot_supervisor-16] [INFO] [1776844251.478827649] [robot_3.robot_supervisor]: rotate_90 blocked by recent completion; stopping this tick
[robot_supervisor-7] [INFO] [1776844251.479925928] [robot_0.robot_supervisor]: FULL ROTATE active (accum_rad=2.098, timed_fallback=False, stall_count=0)
[robot_supervisor-10] [INFO] [1776844251.532952983] [robot_1.robot_supervisor]: FULL ROTATE active (accum_rad=1.498, timed_fallback=False, stall_count=0)
[robot_supervisor-19] [INFO] [1776844251.540294976] [robot_4.robot_supervisor]: Selected controllable event: EV_move_forward
[robot_supervisor-16] [INFO] [1776844251.578314499] [robot_3.robot_supervisor]: Selected controllable event: EV_rotate_counterclockwise
[robot_supervisor-16] [INFO] [1776844251.578692388] [robot_3.robot_supervisor]: rotate_90 blocked by recent completion; stopping this tick
[robot_supervisor-7] [INFO] [1776844251.580051121] [robot_0.robot_supervisor]: FULL ROTATE active (accum_rad=2.198, timed_fallback=False, stall_count=0)
[robot_supervisor-10] [INFO] [1776844251.632945812] [robot_1.robot_supervisor]: FULL ROTATE active (accum_rad=1.598, timed_fallback=False, stall_count=0)
[robot_supervisor-16] [INFO] [1776844251.678543852] [robot_3.robot_supervisor]: Selected controllable event: EV_rotate_counterclockwise
[robot_supervisor-16] [INFO] [1776844251.678997380] [robot_3.robot_supervisor]: rotate_90 blocked by recent completion; stopping this tick
[robot_supervisor-7] [INFO] [1776844251.680280189] [robot_0.robot_supervisor]: FULL ROTATE active (accum_rad=2.298, timed_fallback=False, stall_count=0)
[robot_supervisor-10] [INFO] [1776844251.733302034] [robot_1.robot_supervisor]: FULL ROTATE active (accum_rad=1.698, timed_fallback=False, stall_count=0)
[robot_supervisor-16] [INFO] [1776844251.778631286] [robot_3.robot_supervisor]: Selected controllable event: EV_rotate_counterclockwise
[robot_supervisor-7] [INFO] [1776844251.780326086] [robot_0.robot_supervisor]: FULL ROTATE active (accum_rad=2.398, timed_fallback=False, stall_count=0)
[robot_supervisor-10] [INFO] [1776844251.833153429] [robot_1.robot_supervisor]: FULL ROTATE active (accum_rad=1.798, timed_fallback=False, stall_count=0)
[robot_supervisor-19] [INFO] [1776844251.840233084] [robot_4.robot_supervisor]: Selected controllable event: EV_random_walk
[robot_supervisor-7] [INFO] [1776844251.880536672] [robot_0.robot_supervisor]: FULL ROTATE active (accum_rad=2.498, timed_fallback=False, stall_count=0)
[robot_supervisor-10] [INFO] [1776844251.932815325] [robot_1.robot_supervisor]: FULL ROTATE active (accum_rad=1.898, timed_fallback=False, stall_count=0)
[robot_supervisor-7] [INFO] [1776844251.980103996] [robot_0.robot_supervisor]: FULL ROTATE active (accum_rad=2.598, timed_fallback=False, stall_count=0)
[robot_supervisor-10] [INFO] [1776844252.032932350] [robot_1.robot_supervisor]: FULL ROTATE active (accum_rad=1.998, timed_fallback=False, stall_count=0)
[robot_supervisor-7] [INFO] [1776844252.080933667] [robot_0.robot_supervisor]: FULL ROTATE active (accum_rad=2.698, timed_fallback=False, stall_count=0)
[robot_supervisor-10] [INFO] [1776844252.132914478] [robot_1.robot_supervisor]: FULL ROTATE active (accum_rad=2.098, timed_fallback=False, stall_count=0)
[robot_supervisor-19] [INFO] [1776844252.140258230] [robot_4.robot_supervisor]: Selected controllable event: EV_move_forward
[robot_supervisor-7] [INFO] [1776844252.180925846] [robot_0.robot_supervisor]: FULL ROTATE active (accum_rad=2.798, timed_fallback=False, stall_count=0)
[robot_supervisor-10] [INFO] [1776844252.232915487] [robot_1.robot_supervisor]: FULL ROTATE active (accum_rad=2.198, timed_fallback=False, stall_count=0)
[robot_supervisor-7] [INFO] [1776844252.280707522] [robot_0.robot_supervisor]: FULL ROTATE active (accum_rad=2.898, timed_fallback=False, stall_count=0)
[robot_supervisor-10] [INFO] [1776844252.332950780] [robot_1.robot_supervisor]: FULL ROTATE active (accum_rad=2.298, timed_fallback=False, stall_count=0)
[robot_supervisor-7] [INFO] [1776844252.380142529] [robot_0.robot_supervisor]: FULL ROTATE active (accum_rad=2.998, timed_fallback=False, stall_count=0)
[robot_supervisor-10] [INFO] [1776844252.433082847] [robot_1.robot_supervisor]: FULL ROTATE active (accum_rad=2.398, timed_fallback=False, stall_count=0)
[robot_supervisor-19] [INFO] [1776844252.440310188] [robot_4.robot_supervisor]: Selected controllable event: EV_random_walk
[robot_supervisor-7] [INFO] [1776844252.480234575] [robot_0.robot_supervisor]: FULL ROTATE active (accum_rad=3.098, timed_fallback=False, stall_count=0)
[robot_supervisor-7] [INFO] [1776844252.480868962] [robot_0.robot_supervisor]: FULL ROTATE completed by odom (accum_rad=3.198)
[robot_supervisor-7] [INFO] [1776844252.481419661] [robot_0.robot_supervisor]: FULL ROTATE stopped; supervisor will select next event next tick
[robot_supervisor-10] [INFO] [1776844252.533411186] [robot_1.robot_supervisor]: FULL ROTATE active (accum_rad=2.498, timed_fallback=False, stall_count=0)
[robot_supervisor-10] [INFO] [1776844252.633089662] [robot_1.robot_supervisor]: FULL ROTATE active (accum_rad=2.598, timed_fallback=False, stall_count=0)
[robot_supervisor-10] [INFO] [1776844252.732908339] [robot_1.robot_supervisor]: FULL ROTATE active (accum_rad=2.698, timed_fallback=False, stall_count=0)
[robot_supervisor-19] [INFO] [1776844252.740230132] [robot_4.robot_supervisor]: Selected controllable event: EV_move_forward
[robot_supervisor-10] [INFO] [1776844252.832881232] [robot_1.robot_supervisor]: FULL ROTATE active (accum_rad=2.798, timed_fallback=False, stall_count=0)
[robot_supervisor-7] [INFO] [1776844252.880616030] [robot_0.robot_supervisor]: Selected controllable event: EV_rotate_clockwise
[robot_supervisor-10] [INFO] [1776844252.932927220] [robot_1.robot_supervisor]: FULL ROTATE active (accum_rad=2.898, timed_fallback=False, stall_count=0)
[robot_supervisor-13] [INFO] [1776844253.032894240] [robot_2.robot_supervisor]: Selected controllable event: EV_rotate_counterclockwise
[robot_supervisor-10] [INFO] [1776844253.032952589] [robot_1.robot_supervisor]: FULL ROTATE active (accum_rad=2.998, timed_fallback=False, stall_count=0)
[robot_supervisor-13] [INFO] [1776844253.033450391] [robot_2.robot_supervisor]: rotate_90 blocked by recent completion; stopping this tick
[robot_supervisor-19] [INFO] [1776844253.040276663] [robot_4.robot_supervisor]: Selected controllable event: EV_random_walk
[robot_supervisor-13] [INFO] [1776844253.132811893] [robot_2.robot_supervisor]: Selected controllable event: EV_rotate_counterclockwise
[robot_supervisor-10] [INFO] [1776844253.132984087] [robot_1.robot_supervisor]: FULL ROTATE active (accum_rad=3.098, timed_fallback=False, stall_count=0)
[robot_supervisor-13] [INFO] [1776844253.133202879] [robot_2.robot_supervisor]: rotate_90 blocked by recent completion; stopping this tick
[robot_supervisor-10] [INFO] [1776844253.133752701] [robot_1.robot_supervisor]: FULL ROTATE completed by odom (accum_rad=3.198)
[robot_supervisor-10] [INFO] [1776844253.134329235] [robot_1.robot_supervisor]: FULL ROTATE stopped; supervisor will select next event next tick
[image_processor-24] [INFO] [1776844253.167671959] [robot_3.image_processor]: Zone=CORNER  left[p=0.218 near=7650 v=7650]  front[p=0.315 near=12538 v=13500]  right[p=0.960 near=0 v=7729]
[robot_supervisor-16] [INFO] [1776844253.168649168] [robot_3.robot_supervisor]: Detected zone changed to CORNER
[image_processor-23] [INFO] [1776844253.197521303] [robot_2.image_processor]: Zone=RIGHT
[image_processor-21] [INFO] [1776844253.227704608] [robot_0.image_processor]: Zone=CORNER
[robot_supervisor-13] [INFO] [1776844253.232849487] [robot_2.robot_supervisor]: Selected controllable event: EV_rotate_counterclockwise
[image_processor-25] [INFO] [1776844253.239320237] [robot_4.image_processor]: Zone=CLEAR
[image_processor-22] [INFO] [1776844253.262859193] [robot_1.image_processor]: Zone=CLEAR  left[p=1.111 near=0 v=7427]  front[p=1.147 near=0 v=10955]  right[p=0.968 near=0 v=7062]
[robot_supervisor-10] [INFO] [1776844253.263777840] [robot_1.robot_supervisor]: Detected zone changed to CLEAR
[robot_supervisor-19] [INFO] [1776844253.340340207] [robot_4.robot_supervisor]: Selected controllable event: EV_move_forward
[robot_supervisor-10] [INFO] [1776844253.532830649] [robot_1.robot_supervisor]: Selected controllable event: EV_random_walk
[robot_supervisor-19] [INFO] [1776844253.640285939] [robot_4.robot_supervisor]: Selected controllable event: EV_random_walk
[robot_supervisor-10] [INFO] [1776844253.833071282] [robot_1.robot_supervisor]: Selected controllable event: EV_move_forward
[robot_supervisor-19] [INFO] [1776844253.940273057] [robot_4.robot_supervisor]: Selected controllable event: EV_move_forward
[robot_supervisor-16] [INFO] [1776844253.978272340] [robot_3.robot_supervisor]: Selected controllable event: EV_full_rotate
[robot_supervisor-16] [INFO] [1776844253.978644421] [robot_3.robot_supervisor]: full_rotate blocked by cooldown; stopping this tick
[robot_supervisor-16] [INFO] [1776844254.078188260] [robot_3.robot_supervisor]: Selected controllable event: EV_rotate_clockwise
[robot_supervisor-16] [INFO] [1776844254.078477858] [robot_3.robot_supervisor]: rotate_90 blocked by recent completion; stopping this tick
[robot_supervisor-10] [INFO] [1776844254.133232161] [robot_1.robot_supervisor]: Selected controllable event: EV_random_walk
[robot_supervisor-16] [INFO] [1776844254.178743447] [robot_3.robot_supervisor]: Selected controllable event: EV_full_rotate
[robot_supervisor-16] [INFO] [1776844254.179210834] [robot_3.robot_supervisor]: full_rotate blocked by cooldown; stopping this tick
[robot_supervisor-19] [INFO] [1776844254.240269527] [robot_4.robot_supervisor]: Selected controllable event: EV_random_walk
[robot_supervisor-16] [INFO] [1776844254.278642648] [robot_3.robot_supervisor]: Selected controllable event: EV_rotate_clockwise
[robot_supervisor-10] [INFO] [1776844254.433046242] [robot_1.robot_supervisor]: Selected controllable event: EV_move_forward
[robot_supervisor-19] [INFO] [1776844254.540203571] [robot_4.robot_supervisor]: Selected controllable event: EV_move_forward
[robot_supervisor-10] [INFO] [1776844254.733016415] [robot_1.robot_supervisor]: Selected controllable event: EV_random_walk
[robot_supervisor-19] [INFO] [1776844254.840544014] [robot_4.robot_supervisor]: Selected controllable event: EV_random_walk
[robot_supervisor-7] [INFO] [1776844254.980201222] [robot_0.robot_supervisor]: Selected controllable event: EV_full_rotate
[robot_supervisor-7] [INFO] [1776844254.980650899] [robot_0.robot_supervisor]: Starting FULL ROTATE (omega=1.000, have_odom=True, target_rad=3.142, timeout_s=3.500)
[robot_supervisor-10] [INFO] [1776844255.032955942] [robot_1.robot_supervisor]: Selected controllable event: EV_move_forward
[robot_supervisor-7] [INFO] [1776844255.080376275] [robot_0.robot_supervisor]: FULL ROTATE active (accum_rad=0.000, timed_fallback=False, stall_count=0)
[robot_supervisor-19] [INFO] [1776844255.140551854] [robot_4.robot_supervisor]: Selected controllable event: EV_move_forward
[robot_supervisor-7] [INFO] [1776844255.180092837] [robot_0.robot_supervisor]: FULL ROTATE active (accum_rad=0.002, timed_fallback=False, stall_count=0)
[robot_supervisor-7] [INFO] [1776844255.280450500] [robot_0.robot_supervisor]: FULL ROTATE active (accum_rad=0.030, timed_fallback=False, stall_count=0)
[robot_supervisor-10] [INFO] [1776844255.333071429] [robot_1.robot_supervisor]: Selected controllable event: EV_random_walk
[robot_supervisor-7] [INFO] [1776844255.380517162] [robot_0.robot_supervisor]: FULL ROTATE active (accum_rad=0.087, timed_fallback=False, stall_count=0)
[robot_supervisor-13] [INFO] [1776844255.432864303] [robot_2.robot_supervisor]: Selected controllable event: EV_rotate_counterclockwise
[robot_supervisor-13] [INFO] [1776844255.433345518] [robot_2.robot_supervisor]: rotate_90 blocked by recent completion; stopping this tick
[robot_supervisor-19] [INFO] [1776844255.440292399] [robot_4.robot_supervisor]: Selected controllable event: EV_random_walk
[robot_supervisor-7] [INFO] [1776844255.480045219] [robot_0.robot_supervisor]: FULL ROTATE active (accum_rad=0.175, timed_fallback=False, stall_count=0)
[robot_supervisor-13] [INFO] [1776844255.533058225] [robot_2.robot_supervisor]: Selected controllable event: EV_rotate_counterclockwise
[robot_supervisor-13] [INFO] [1776844255.533601375] [robot_2.robot_supervisor]: rotate_90 blocked by recent completion; stopping this tick
[robot_supervisor-7] [INFO] [1776844255.580098823] [robot_0.robot_supervisor]: FULL ROTATE active (accum_rad=0.275, timed_fallback=False, stall_count=0)
[robot_supervisor-13] [INFO] [1776844255.633032563] [robot_2.robot_supervisor]: Selected controllable event: EV_rotate_counterclockwise
[robot_supervisor-10] [INFO] [1776844255.633422671] [robot_1.robot_supervisor]: Selected controllable event: EV_move_forward
[image_processor-24] [INFO] [1776844255.669314594] [robot_3.image_processor]: Zone=CORNER
[image_processor-23] [INFO] [1776844255.678547195] [robot_2.image_processor]: Zone=CLEAR  left[p=0.897 near=0 v=7650]  front[p=1.150 near=0 v=13500]  right[p=1.110 near=0 v=7740]
[robot_supervisor-13] [INFO] [1776844255.679482299] [robot_2.robot_supervisor]: Detected zone changed to CLEAR
[robot_supervisor-7] [INFO] [1776844255.680135738] [robot_0.robot_supervisor]: FULL ROTATE active (accum_rad=0.375, timed_fallback=False, stall_count=0)
[image_processor-21] [INFO] [1776844255.690002181] [robot_0.image_processor]: Zone=CORNER
[image_processor-25] [INFO] [1776844255.701074769] [robot_4.image_processor]: Zone=CLEAR
[image_processor-22] [INFO] [1776844255.723564825] [robot_1.image_processor]: Zone=CLEAR
[robot_supervisor-19] [INFO] [1776844255.740369251] [robot_4.robot_supervisor]: Selected controllable event: EV_move_forward
[robot_supervisor-7] [INFO] [1776844255.780322088] [robot_0.robot_supervisor]: FULL ROTATE active (accum_rad=0.475, timed_fallback=False, stall_count=0)
[robot_supervisor-7] [INFO] [1776844255.880245857] [robot_0.robot_supervisor]: FULL ROTATE active (accum_rad=0.575, timed_fallback=False, stall_count=0)
[robot_supervisor-10] [INFO] [1776844255.933098778] [robot_1.robot_supervisor]: Selected controllable event: EV_random_walk
[robot_supervisor-7] [INFO] [1776844255.980242233] [robot_0.robot_supervisor]: FULL ROTATE active (accum_rad=0.675, timed_fallback=False, stall_count=0)
[robot_supervisor-19] [INFO] [1776844256.040263760] [robot_4.robot_supervisor]: Selected controllable event: EV_random_walk
[robot_supervisor-7] [INFO] [1776844256.080380779] [robot_0.robot_supervisor]: FULL ROTATE active (accum_rad=0.775, timed_fallback=False, stall_count=0)
[robot_supervisor-7] [INFO] [1776844256.180157681] [robot_0.robot_supervisor]: FULL ROTATE active (accum_rad=0.875, timed_fallback=False, stall_count=0)
[robot_supervisor-10] [INFO] [1776844256.233336981] [robot_1.robot_supervisor]: Selected controllable event: EV_move_forward
[robot_supervisor-7] [INFO] [1776844256.280005558] [robot_0.robot_supervisor]: FULL ROTATE active (accum_rad=0.975, timed_fallback=False, stall_count=0)
[robot_supervisor-19] [INFO] [1776844256.340118878] [robot_4.robot_supervisor]: Selected controllable event: EV_move_forward
[robot_supervisor-7] [INFO] [1776844256.380026090] [robot_0.robot_supervisor]: FULL ROTATE active (accum_rad=1.075, timed_fallback=False, stall_count=0)
[robot_supervisor-16] [INFO] [1776844256.478264083] [robot_3.robot_supervisor]: Selected controllable event: EV_full_rotate
[robot_supervisor-16] [INFO] [1776844256.478682652] [robot_3.robot_supervisor]: Starting FULL ROTATE (omega=1.000, have_odom=True, target_rad=3.142, timeout_s=3.500)
[robot_supervisor-7] [INFO] [1776844256.480085648] [robot_0.robot_supervisor]: FULL ROTATE active (accum_rad=1.175, timed_fallback=False, stall_count=0)
[robot_supervisor-10] [INFO] [1776844256.532931362] [robot_1.robot_supervisor]: Selected controllable event: EV_random_walk
[robot_supervisor-16] [INFO] [1776844256.578211224] [robot_3.robot_supervisor]: FULL ROTATE active (accum_rad=0.000, timed_fallback=False, stall_count=0)
[robot_supervisor-7] [INFO] [1776844256.580089939] [robot_0.robot_supervisor]: FULL ROTATE active (accum_rad=1.275, timed_fallback=False, stall_count=0)
[robot_supervisor-19] [INFO] [1776844256.640263132] [robot_4.robot_supervisor]: Selected controllable event: EV_random_walk
[robot_supervisor-16] [INFO] [1776844256.678126870] [robot_3.robot_supervisor]: FULL ROTATE active (accum_rad=0.008, timed_fallback=False, stall_count=0)
[robot_supervisor-7] [INFO] [1776844256.680138792] [robot_0.robot_supervisor]: FULL ROTATE active (accum_rad=1.375, timed_fallback=False, stall_count=0)
[robot_supervisor-16] [INFO] [1776844256.778230584] [robot_3.robot_supervisor]: FULL ROTATE active (accum_rad=0.046, timed_fallback=False, stall_count=0)
[robot_supervisor-7] [INFO] [1776844256.780046109] [robot_0.robot_supervisor]: FULL ROTATE active (accum_rad=1.475, timed_fallback=False, stall_count=0)
[robot_supervisor-10] [INFO] [1776844256.832913626] [robot_1.robot_supervisor]: Selected controllable event: EV_move_forward
[robot_supervisor-16] [INFO] [1776844256.878304246] [robot_3.robot_supervisor]: FULL ROTATE active (accum_rad=0.113, timed_fallback=False, stall_count=0)
[robot_supervisor-7] [INFO] [1776844256.880347312] [robot_0.robot_supervisor]: FULL ROTATE active (accum_rad=1.575, timed_fallback=False, stall_count=0)
[robot_supervisor-19] [INFO] [1776844256.940249681] [robot_4.robot_supervisor]: Selected controllable event: EV_move_forward
[robot_supervisor-16] [INFO] [1776844256.978076302] [robot_3.robot_supervisor]: FULL ROTATE active (accum_rad=0.208, timed_fallback=False, stall_count=0)
[robot_supervisor-7] [INFO] [1776844256.979893448] [robot_0.robot_supervisor]: FULL ROTATE active (accum_rad=1.675, timed_fallback=False, stall_count=0)
[robot_supervisor-16] [INFO] [1776844257.078070403] [robot_3.robot_supervisor]: FULL ROTATE active (accum_rad=0.308, timed_fallback=False, stall_count=0)
[robot_supervisor-7] [INFO] [1776844257.079903828] [robot_0.robot_supervisor]: FULL ROTATE active (accum_rad=1.775, timed_fallback=False, stall_count=0)
[robot_supervisor-10] [INFO] [1776844257.132964969] [robot_1.robot_supervisor]: Selected controllable event: EV_random_walk
[robot_supervisor-16] [INFO] [1776844257.178144020] [robot_3.robot_supervisor]: FULL ROTATE active (accum_rad=0.408, timed_fallback=False, stall_count=0)
[robot_supervisor-7] [INFO] [1776844257.180218726] [robot_0.robot_supervisor]: FULL ROTATE active (accum_rad=1.875, timed_fallback=False, stall_count=0)
[robot_supervisor-19] [INFO] [1776844257.240272546] [robot_4.robot_supervisor]: Selected controllable event: EV_random_walk
[robot_supervisor-16] [INFO] [1776844257.278061600] [robot_3.robot_supervisor]: FULL ROTATE active (accum_rad=0.508, timed_fallback=False, stall_count=0)
[robot_supervisor-7] [INFO] [1776844257.279974578] [robot_0.robot_supervisor]: FULL ROTATE active (accum_rad=1.975, timed_fallback=False, stall_count=0)
[robot_supervisor-16] [INFO] [1776844257.378209668] [robot_3.robot_supervisor]: FULL ROTATE active (accum_rad=0.608, timed_fallback=False, stall_count=0)
[robot_supervisor-7] [INFO] [1776844257.379962575] [robot_0.robot_supervisor]: FULL ROTATE active (accum_rad=2.075, timed_fallback=False, stall_count=0)
[robot_supervisor-10] [INFO] [1776844257.433150213] [robot_1.robot_supervisor]: Selected controllable event: EV_move_forward
[robot_supervisor-16] [INFO] [1776844257.478214614] [robot_3.robot_supervisor]: FULL ROTATE active (accum_rad=0.708, timed_fallback=False, stall_count=0)
[robot_supervisor-7] [INFO] [1776844257.480028317] [robot_0.robot_supervisor]: FULL ROTATE active (accum_rad=2.175, timed_fallback=False, stall_count=0)
[robot_supervisor-19] [INFO] [1776844257.540310965] [robot_4.robot_supervisor]: Selected controllable event: EV_move_forward
[robot_supervisor-16] [INFO] [1776844257.578289926] [robot_3.robot_supervisor]: FULL ROTATE active (accum_rad=0.808, timed_fallback=False, stall_count=0)
[robot_supervisor-7] [INFO] [1776844257.580244180] [robot_0.robot_supervisor]: FULL ROTATE active (accum_rad=2.275, timed_fallback=False, stall_count=0)
[robot_supervisor-16] [INFO] [1776844257.678443811] [robot_3.robot_supervisor]: FULL ROTATE active (accum_rad=0.908, timed_fallback=False, stall_count=0)
[robot_supervisor-7] [INFO] [1776844257.679942568] [robot_0.robot_supervisor]: FULL ROTATE active (accum_rad=2.375, timed_fallback=False, stall_count=0)
[robot_supervisor-13] [INFO] [1776844257.732897054] [robot_2.robot_supervisor]: Selected controllable event: EV_random_walk
[robot_supervisor-10] [INFO] [1776844257.733062251] [robot_1.robot_supervisor]: Selected controllable event: EV_random_walk
[robot_supervisor-16] [INFO] [1776844257.778097568] [robot_3.robot_supervisor]: FULL ROTATE active (accum_rad=1.008, timed_fallback=False, stall_count=0)
[robot_supervisor-7] [INFO] [1776844257.780090330] [robot_0.robot_supervisor]: FULL ROTATE active (accum_rad=2.475, timed_fallback=False, stall_count=0)
[robot_supervisor-19] [INFO] [1776844257.840498200] [robot_4.robot_supervisor]: Selected controllable event: EV_random_walk
[robot_supervisor-16] [INFO] [1776844257.878098625] [robot_3.robot_supervisor]: FULL ROTATE active (accum_rad=1.108, timed_fallback=False, stall_count=0)
[robot_supervisor-7] [INFO] [1776844257.880094001] [robot_0.robot_supervisor]: FULL ROTATE active (accum_rad=2.575, timed_fallback=False, stall_count=0)
[robot_supervisor-16] [INFO] [1776844257.978587418] [robot_3.robot_supervisor]: FULL ROTATE active (accum_rad=1.208, timed_fallback=False, stall_count=0)
[robot_supervisor-7] [INFO] [1776844257.980053405] [robot_0.robot_supervisor]: FULL ROTATE active (accum_rad=2.675, timed_fallback=False, stall_count=0)
[robot_supervisor-13] [INFO] [1776844258.032826907] [robot_2.robot_supervisor]: Selected controllable event: EV_move_forward
[robot_supervisor-10] [INFO] [1776844258.032837298] [robot_1.robot_supervisor]: Selected controllable event: EV_move_forward
[robot_supervisor-16] [INFO] [1776844258.078322303] [robot_3.robot_supervisor]: FULL ROTATE active (accum_rad=1.308, timed_fallback=False, stall_count=0)
[robot_supervisor-7] [INFO] [1776844258.080072575] [robot_0.robot_supervisor]: FULL ROTATE active (accum_rad=2.775, timed_fallback=False, stall_count=0)
[robot_supervisor-19] [INFO] [1776844258.140276727] [robot_4.robot_supervisor]: Selected controllable event: EV_move_forward
[image_processor-24] [INFO] [1776844258.167644184] [robot_3.image_processor]: Zone=CORNER
[robot_supervisor-16] [INFO] [1776844258.178452276] [robot_3.robot_supervisor]: FULL ROTATE active (accum_rad=1.408, timed_fallback=False, stall_count=0)
[robot_supervisor-7] [INFO] [1776844258.180092277] [robot_0.robot_supervisor]: FULL ROTATE active (accum_rad=2.875, timed_fallback=False, stall_count=0)
[image_processor-23] [INFO] [1776844258.181262782] [robot_2.image_processor]: Zone=CORNER  left[p=0.442 near=7650 v=7650]  front[p=0.449 near=13500 v=13500]  right[p=0.456 near=7740 v=7740]
[robot_supervisor-13] [INFO] [1776844258.181836100] [robot_2.robot_supervisor]: Detected zone changed to CORNER
[image_processor-21] [INFO] [1776844258.202402850] [robot_0.image_processor]: Zone=LEFT  left[p=0.636 near=2360 v=6882]  front[p=1.773 near=0 v=5504]  right[p=1.426 near=0 v=6367]
[robot_supervisor-7] [INFO] [1776844258.202804170] [robot_0.robot_supervisor]: Detected zone changed to LEFT
[image_processor-25] [INFO] [1776844258.216509317] [robot_4.image_processor]: Zone=LEFT  left[p=0.596 near=7650 v=7650]  front[p=0.723 near=5114 v=13500]  right[p=1.066 near=0 v=7740]
[robot_supervisor-19] [INFO] [1776844258.217273870] [robot_4.robot_supervisor]: Detected zone changed to LEFT
[image_processor-22] [INFO] [1776844258.239774095] [robot_1.image_processor]: Zone=CLEAR
[robot_supervisor-16] [INFO] [1776844258.278318064] [robot_3.robot_supervisor]: FULL ROTATE active (accum_rad=1.508, timed_fallback=False, stall_count=0)
[robot_supervisor-7] [INFO] [1776844258.280024891] [robot_0.robot_supervisor]: FULL ROTATE active (accum_rad=2.975, timed_fallback=False, stall_count=0)
[robot_supervisor-13] [INFO] [1776844258.332709442] [robot_2.robot_supervisor]: Selected controllable event: EV_rotate_clockwise
[robot_supervisor-10] [INFO] [1776844258.333644031] [robot_1.robot_supervisor]: Selected controllable event: EV_random_walk
[robot_supervisor-16] [INFO] [1776844258.378061505] [robot_3.robot_supervisor]: FULL ROTATE active (accum_rad=1.608, timed_fallback=False, stall_count=0)
[robot_supervisor-7] [INFO] [1776844258.380544842] [robot_0.robot_supervisor]: FULL ROTATE active (accum_rad=3.075, timed_fallback=False, stall_count=0)
[robot_supervisor-7] [INFO] [1776844258.381101599] [robot_0.robot_supervisor]: FULL ROTATE completed by odom (accum_rad=3.175)
[robot_supervisor-7] [INFO] [1776844258.381700802] [robot_0.robot_supervisor]: FULL ROTATE stopped; supervisor will select next event next tick
[robot_supervisor-19] [INFO] [1776844258.440257821] [robot_4.robot_supervisor]: Selected controllable event: EV_rotate_clockwise
[robot_supervisor-16] [INFO] [1776844258.478054090] [robot_3.robot_supervisor]: FULL ROTATE active (accum_rad=1.708, timed_fallback=False, stall_count=0)
[robot_supervisor-16] [INFO] [1776844258.578221889] [robot_3.robot_supervisor]: FULL ROTATE active (accum_rad=1.808, timed_fallback=False, stall_count=0)
[robot_supervisor-10] [INFO] [1776844258.633375955] [robot_1.robot_supervisor]: Selected controllable event: EV_move_forward
[robot_supervisor-16] [INFO] [1776844258.678347754] [robot_3.robot_supervisor]: FULL ROTATE active (accum_rad=1.908, timed_fallback=False, stall_count=0)
[robot_supervisor-16] [INFO] [1776844258.778206148] [robot_3.robot_supervisor]: FULL ROTATE active (accum_rad=2.008, timed_fallback=False, stall_count=0)
[robot_supervisor-7] [INFO] [1776844258.780265260] [robot_0.robot_supervisor]: Selected controllable event: EV_rotate_clockwise
[robot_supervisor-16] [INFO] [1776844258.878308662] [robot_3.robot_supervisor]: FULL ROTATE active (accum_rad=2.108, timed_fallback=False, stall_count=0)
[robot_supervisor-10] [INFO] [1776844258.932990648] [robot_1.robot_supervisor]: Selected controllable event: EV_random_walk
[robot_supervisor-16] [INFO] [1776844258.978228046] [robot_3.robot_supervisor]: FULL ROTATE active (accum_rad=2.208, timed_fallback=False, stall_count=0)
[robot_supervisor-16] [INFO] [1776844259.078189910] [robot_3.robot_supervisor]: FULL ROTATE active (accum_rad=2.308, timed_fallback=False, stall_count=0)
[robot_supervisor-16] [INFO] [1776844259.178188869] [robot_3.robot_supervisor]: FULL ROTATE active (accum_rad=2.408, timed_fallback=False, stall_count=0)
[robot_supervisor-10] [INFO] [1776844259.233032789] [robot_1.robot_supervisor]: Selected controllable event: EV_move_forward
[robot_supervisor-16] [INFO] [1776844259.278157664] [robot_3.robot_supervisor]: FULL ROTATE active (accum_rad=2.508, timed_fallback=False, stall_count=0)
[robot_supervisor-16] [INFO] [1776844259.378321503] [robot_3.robot_supervisor]: FULL ROTATE active (accum_rad=2.608, timed_fallback=False, stall_count=0)
[robot_supervisor-16] [INFO] [1776844259.478284498] [robot_3.robot_supervisor]: FULL ROTATE active (accum_rad=2.708, timed_fallback=False, stall_count=0)
[robot_supervisor-10] [INFO] [1776844259.533420236] [robot_1.robot_supervisor]: Selected controllable event: EV_random_walk
[robot_supervisor-16] [INFO] [1776844259.578372617] [robot_3.robot_supervisor]: FULL ROTATE active (accum_rad=2.808, timed_fallback=False, stall_count=0)
[robot_supervisor-16] [INFO] [1776844259.678217364] [robot_3.robot_supervisor]: FULL ROTATE active (accum_rad=2.908, timed_fallback=False, stall_count=0)
[robot_supervisor-16] [INFO] [1776844259.778207168] [robot_3.robot_supervisor]: FULL ROTATE active (accum_rad=3.008, timed_fallback=False, stall_count=0)
[robot_supervisor-10] [INFO] [1776844259.833031818] [robot_1.robot_supervisor]: Selected controllable event: EV_move_forward
[robot_supervisor-16] [INFO] [1776844259.878218587] [robot_3.robot_supervisor]: FULL ROTATE active (accum_rad=3.108, timed_fallback=False, stall_count=0)
[robot_supervisor-16] [INFO] [1776844259.878698290] [robot_3.robot_supervisor]: FULL ROTATE completed by odom (accum_rad=3.208)
[robot_supervisor-16] [INFO] [1776844259.879080756] [robot_3.robot_supervisor]: FULL ROTATE stopped; supervisor will select next event next tick
[robot_supervisor-10] [INFO] [1776844260.132992885] [robot_1.robot_supervisor]: Selected controllable event: EV_random_walk
[robot_supervisor-16] [INFO] [1776844260.178302423] [robot_3.robot_supervisor]: Selected controllable event: EV_rotate_clockwise
[robot_supervisor-13] [INFO] [1776844260.433041105] [robot_2.robot_supervisor]: Selected controllable event: EV_full_rotate
[robot_supervisor-10] [INFO] [1776844260.433049286] [robot_1.robot_supervisor]: Selected controllable event: EV_move_forward
[robot_supervisor-13] [INFO] [1776844260.433620219] [robot_2.robot_supervisor]: Starting FULL ROTATE (omega=1.000, have_odom=True, target_rad=3.142, timeout_s=3.500)
[robot_supervisor-13] [INFO] [1776844260.533156583] [robot_2.robot_supervisor]: FULL ROTATE active (accum_rad=0.000, timed_fallback=False, stall_count=0)
[robot_supervisor-19] [INFO] [1776844260.540543194] [robot_4.robot_supervisor]: Selected controllable event: EV_rotate_clockwise
[robot_supervisor-19] [INFO] [1776844260.540935285] [robot_4.robot_supervisor]: rotate_90 blocked by recent completion; stopping this tick
[robot_supervisor-13] [INFO] [1776844260.632948562] [robot_2.robot_supervisor]: FULL ROTATE active (accum_rad=0.005, timed_fallback=False, stall_count=0)
[robot_supervisor-19] [INFO] [1776844260.640345427] [robot_4.robot_supervisor]: Selected controllable event: EV_rotate_clockwise
[robot_supervisor-19] [INFO] [1776844260.640722314] [robot_4.robot_supervisor]: rotate_90 blocked by recent completion; stopping this tick
[image_processor-24] [INFO] [1776844260.666892941] [robot_3.image_processor]: Zone=CORNER
[image_processor-23] [INFO] [1776844260.678018160] [robot_2.image_processor]: Zone=LEFT  left[p=0.593 near=4189 v=7650]  front[p=1.177 near=0 v=13500]  right[p=1.022 near=0 v=7740]
[robot_supervisor-13] [INFO] [1776844260.678690695] [robot_2.robot_supervisor]: Detected zone changed to LEFT
[image_processor-21] [INFO] [1776844260.692614514] [robot_0.image_processor]: Zone=CORNER  left[p=1.352 near=0 v=5885]  front[p=0.765 near=2096 v=13500]  right[p=0.515 near=7740 v=7740]
[robot_supervisor-7] [INFO] [1776844260.693697974] [robot_0.robot_supervisor]: Detected zone changed to CORNER
[image_processor-25] [INFO] [1776844260.704734420] [robot_4.image_processor]: Zone=LEFT
[image_processor-22] [INFO] [1776844260.727812996] [robot_1.image_processor]: Zone=CLEAR
[robot_supervisor-13] [INFO] [1776844260.732622552] [robot_2.robot_supervisor]: FULL ROTATE active (accum_rad=0.030, timed_fallback=False, stall_count=0)
[robot_supervisor-10] [INFO] [1776844260.733134229] [robot_1.robot_supervisor]: Selected controllable event: EV_random_walk
[robot_supervisor-19] [INFO] [1776844260.740613779] [robot_4.robot_supervisor]: Selected controllable event: EV_rotate_clockwise
[robot_supervisor-19] [INFO] [1776844260.741190050] [robot_4.robot_supervisor]: rotate_90 blocked by recent completion; stopping this tick
[robot_supervisor-13] [INFO] [1776844260.832844525] [robot_2.robot_supervisor]: FULL ROTATE active (accum_rad=0.084, timed_fallback=False, stall_count=0)
[robot_supervisor-19] [INFO] [1776844260.840079826] [robot_4.robot_supervisor]: Selected controllable event: EV_rotate_clockwise
[robot_supervisor-13] [INFO] [1776844260.932772754] [robot_2.robot_supervisor]: FULL ROTATE active (accum_rad=0.169, timed_fallback=False, stall_count=0)
[robot_supervisor-7] [INFO] [1776844260.980177359] [robot_0.robot_supervisor]: Selected controllable event: EV_full_rotate
[robot_supervisor-7] [INFO] [1776844260.980569304] [robot_0.robot_supervisor]: full_rotate blocked by cooldown; stopping this tick
[robot_supervisor-13] [INFO] [1776844261.032627660] [robot_2.robot_supervisor]: FULL ROTATE active (accum_rad=0.269, timed_fallback=False, stall_count=0)
[robot_supervisor-10] [INFO] [1776844261.032975346] [robot_1.robot_supervisor]: Selected controllable event: EV_move_forward
[robot_supervisor-7] [INFO] [1776844261.080166042] [robot_0.robot_supervisor]: Selected controllable event: EV_rotate_clockwise
[robot_supervisor-7] [INFO] [1776844261.080537388] [robot_0.robot_supervisor]: rotate_90 blocked by recent completion; stopping this tick
[robot_supervisor-13] [INFO] [1776844261.132996334] [robot_2.robot_supervisor]: FULL ROTATE active (accum_rad=0.369, timed_fallback=False, stall_count=0)
[robot_supervisor-7] [INFO] [1776844261.180403191] [robot_0.robot_supervisor]: Selected controllable event: EV_full_rotate
[robot_supervisor-7] [INFO] [1776844261.180864913] [robot_0.robot_supervisor]: full_rotate blocked by cooldown; stopping this tick
[robot_supervisor-13] [INFO] [1776844261.232809115] [robot_2.robot_supervisor]: FULL ROTATE active (accum_rad=0.469, timed_fallback=False, stall_count=0)
[robot_supervisor-7] [INFO] [1776844261.280487056] [robot_0.robot_supervisor]: Selected controllable event: EV_rotate_clockwise
[robot_supervisor-13] [INFO] [1776844261.332993558] [robot_2.robot_supervisor]: FULL ROTATE active (accum_rad=0.569, timed_fallback=False, stall_count=0)
[robot_supervisor-10] [INFO] [1776844261.333038743] [robot_1.robot_supervisor]: Selected controllable event: EV_random_walk
[robot_supervisor-13] [INFO] [1776844261.432997831] [robot_2.robot_supervisor]: FULL ROTATE active (accum_rad=0.669, timed_fallback=False, stall_count=0)
[robot_supervisor-13] [INFO] [1776844261.532772059] [robot_2.robot_supervisor]: FULL ROTATE active (accum_rad=0.769, timed_fallback=False, stall_count=0)
[robot_supervisor-13] [INFO] [1776844261.632637809] [robot_2.robot_supervisor]: FULL ROTATE active (accum_rad=0.869, timed_fallback=False, stall_count=0)
[robot_supervisor-10] [INFO] [1776844261.633062926] [robot_1.robot_supervisor]: Selected controllable event: EV_move_forward
[robot_supervisor-13] [INFO] [1776844261.732978700] [robot_2.robot_supervisor]: FULL ROTATE active (accum_rad=0.969, timed_fallback=False, stall_count=0)
[robot_supervisor-13] [INFO] [1776844261.832965158] [robot_2.robot_supervisor]: FULL ROTATE active (accum_rad=1.069, timed_fallback=False, stall_count=0)
[robot_supervisor-13] [INFO] [1776844261.933055450] [robot_2.robot_supervisor]: FULL ROTATE active (accum_rad=1.169, timed_fallback=False, stall_count=0)
[robot_supervisor-10] [INFO] [1776844261.933275489] [robot_1.robot_supervisor]: Selected controllable event: EV_random_walk
[robot_supervisor-13] [INFO] [1776844262.032745011] [robot_2.robot_supervisor]: FULL ROTATE active (accum_rad=1.269, timed_fallback=False, stall_count=0)
[robot_supervisor-13] [INFO] [1776844262.132880123] [robot_2.robot_supervisor]: FULL ROTATE active (accum_rad=1.369, timed_fallback=False, stall_count=0)
[robot_supervisor-13] [INFO] [1776844262.232913802] [robot_2.robot_supervisor]: FULL ROTATE active (accum_rad=1.469, timed_fallback=False, stall_count=0)
[robot_supervisor-10] [INFO] [1776844262.232975433] [robot_1.robot_supervisor]: Selected controllable event: EV_move_forward
[robot_supervisor-13] [INFO] [1776844262.332728239] [robot_2.robot_supervisor]: FULL ROTATE active (accum_rad=1.569, timed_fallback=False, stall_count=0)
[robot_supervisor-16] [INFO] [1776844262.378342618] [robot_3.robot_supervisor]: Selected controllable event: EV_full_rotate
[robot_supervisor-16] [INFO] [1776844262.378788693] [robot_3.robot_supervisor]: Starting FULL ROTATE (omega=1.000, have_odom=True, target_rad=3.142, timeout_s=3.500)
[robot_supervisor-13] [INFO] [1776844262.432790817] [robot_2.robot_supervisor]: FULL ROTATE active (accum_rad=1.669, timed_fallback=False, stall_count=0)
[robot_supervisor-16] [INFO] [1776844262.478590385] [robot_3.robot_supervisor]: FULL ROTATE active (accum_rad=0.000, timed_fallback=False, stall_count=0)
[robot_supervisor-13] [INFO] [1776844262.532697038] [robot_2.robot_supervisor]: FULL ROTATE active (accum_rad=1.769, timed_fallback=False, stall_count=0)
[robot_supervisor-10] [INFO] [1776844262.532969081] [robot_1.robot_supervisor]: Selected controllable event: EV_random_walk
[robot_supervisor-16] [INFO] [1776844262.578181761] [robot_3.robot_supervisor]: FULL ROTATE active (accum_rad=0.008, timed_fallback=False, stall_count=0)
[robot_supervisor-13] [INFO] [1776844262.632788541] [robot_2.robot_supervisor]: FULL ROTATE active (accum_rad=1.869, timed_fallback=False, stall_count=0)
[robot_supervisor-16] [INFO] [1776844262.678228766] [robot_3.robot_supervisor]: FULL ROTATE active (accum_rad=0.046, timed_fallback=False, stall_count=0)
[robot_supervisor-13] [INFO] [1776844262.732942344] [robot_2.robot_supervisor]: FULL ROTATE active (accum_rad=1.969, timed_fallback=False, stall_count=0)
[robot_supervisor-16] [INFO] [1776844262.778217542] [robot_3.robot_supervisor]: FULL ROTATE active (accum_rad=0.113, timed_fallback=False, stall_count=0)
[robot_supervisor-13] [INFO] [1776844262.832863004] [robot_2.robot_supervisor]: FULL ROTATE active (accum_rad=2.069, timed_fallback=False, stall_count=0)
[robot_supervisor-10] [INFO] [1776844262.833024613] [robot_1.robot_supervisor]: Selected controllable event: EV_move_forward
[robot_supervisor-16] [INFO] [1776844262.878596226] [robot_3.robot_supervisor]: FULL ROTATE active (accum_rad=0.208, timed_fallback=False, stall_count=0)
[robot_supervisor-13] [INFO] [1776844262.932639608] [robot_2.robot_supervisor]: FULL ROTATE active (accum_rad=2.169, timed_fallback=False, stall_count=0)
[robot_supervisor-19] [INFO] [1776844262.940681777] [robot_4.robot_supervisor]: Selected controllable event: EV_rotate_clockwise
[robot_supervisor-19] [INFO] [1776844262.941466548] [robot_4.robot_supervisor]: rotate_90 blocked by recent completion; stopping this tick
[robot_supervisor-16] [INFO] [1776844262.978507130] [robot_3.robot_supervisor]: FULL ROTATE active (accum_rad=0.308, timed_fallback=False, stall_count=0)
[robot_supervisor-13] [INFO] [1776844263.032828894] [robot_2.robot_supervisor]: FULL ROTATE active (accum_rad=2.269, timed_fallback=False, stall_count=0)
[robot_supervisor-19] [INFO] [1776844263.040590552] [robot_4.robot_supervisor]: Selected controllable event: EV_rotate_clockwise
[robot_supervisor-19] [INFO] [1776844263.040998118] [robot_4.robot_supervisor]: rotate_90 blocked by recent completion; stopping this tick
[robot_supervisor-16] [INFO] [1776844263.078409127] [robot_3.robot_supervisor]: FULL ROTATE active (accum_rad=0.408, timed_fallback=False, stall_count=0)
[robot_supervisor-13] [INFO] [1776844263.132657950] [robot_2.robot_supervisor]: FULL ROTATE active (accum_rad=2.369, timed_fallback=False, stall_count=0)
[robot_supervisor-10] [INFO] [1776844263.132988359] [robot_1.robot_supervisor]: Selected controllable event: EV_random_walk
[robot_supervisor-19] [INFO] [1776844263.140301981] [robot_4.robot_supervisor]: Selected controllable event: EV_rotate_clockwise
[robot_supervisor-19] [INFO] [1776844263.140664841] [robot_4.robot_supervisor]: rotate_90 blocked by recent completion; stopping this tick
[image_processor-24] [INFO] [1776844263.166417145] [robot_3.image_processor]: Zone=CORNER
[image_processor-23] [INFO] [1776844263.177313995] [robot_2.image_processor]: Zone=CORNER  left[p=0.841 near=309 v=7650]  front[p=0.431 near=13228 v=13500]  right[p=0.328 near=7740 v=7740]
[robot_supervisor-16] [INFO] [1776844263.178011116] [robot_3.robot_supervisor]: FULL ROTATE active (accum_rad=0.508, timed_fallback=False, stall_count=0)
[robot_supervisor-13] [INFO] [1776844263.178057135] [robot_2.robot_supervisor]: Detected zone changed to CORNER
[image_processor-21] [INFO] [1776844263.187158158] [robot_0.image_processor]: Zone=CORNER
[image_processor-25] [INFO] [1776844263.203707459] [robot_4.image_processor]: Zone=CLEAR  left[p=2.823 near=0 v=5027]  front[p=1.447 near=0 v=9570]  right[p=0.931 near=0 v=7740]
[robot_supervisor-19] [INFO] [1776844263.204407520] [robot_4.robot_supervisor]: Detected zone changed to CLEAR
[image_processor-22] [INFO] [1776844263.227323751] [robot_1.image_processor]: Zone=CORNER  left[p=1.824 near=48 v=7246]  front[p=0.554 near=13350 v=13392]  right[p=0.492 near=7740 v=7740]
[robot_supervisor-10] [INFO] [1776844263.228383307] [robot_1.robot_supervisor]: Detected zone changed to CORNER
[robot_supervisor-13] [INFO] [1776844263.232681058] [robot_2.robot_supervisor]: FULL ROTATE active (accum_rad=2.469, timed_fallback=False, stall_count=0)
[robot_supervisor-19] [INFO] [1776844263.240275601] [robot_4.robot_supervisor]: Selected controllable event: EV_random_walk
[robot_supervisor-16] [INFO] [1776844263.278499754] [robot_3.robot_supervisor]: FULL ROTATE active (accum_rad=0.608, timed_fallback=False, stall_count=0)
[robot_supervisor-13] [INFO] [1776844263.332753454] [robot_2.robot_supervisor]: FULL ROTATE active (accum_rad=2.569, timed_fallback=False, stall_count=0)
[robot_supervisor-16] [INFO] [1776844263.378036249] [robot_3.robot_supervisor]: FULL ROTATE active (accum_rad=0.708, timed_fallback=False, stall_count=0)
[robot_supervisor-13] [INFO] [1776844263.433064806] [robot_2.robot_supervisor]: FULL ROTATE active (accum_rad=2.669, timed_fallback=False, stall_count=0)
[robot_supervisor-10] [INFO] [1776844263.433242007] [robot_1.robot_supervisor]: Selected controllable event: EV_rotate_clockwise
[robot_supervisor-16] [INFO] [1776844263.478059047] [robot_3.robot_supervisor]: FULL ROTATE active (accum_rad=0.808, timed_fallback=False, stall_count=0)
[robot_supervisor-7] [INFO] [1776844263.480159945] [robot_0.robot_supervisor]: Selected controllable event: EV_full_rotate
[robot_supervisor-7] [INFO] [1776844263.480593012] [robot_0.robot_supervisor]: Starting FULL ROTATE (omega=1.000, have_odom=True, target_rad=3.142, timeout_s=3.500)
[robot_supervisor-13] [INFO] [1776844263.532875026] [robot_2.robot_supervisor]: FULL ROTATE active (accum_rad=2.769, timed_fallback=False, stall_count=0)
[robot_supervisor-19] [INFO] [1776844263.540265612] [robot_4.robot_supervisor]: Selected controllable event: EV_move_forward
[robot_supervisor-16] [INFO] [1776844263.578318964] [robot_3.robot_supervisor]: FULL ROTATE active (accum_rad=0.908, timed_fallback=False, stall_count=0)
[robot_supervisor-7] [INFO] [1776844263.580086840] [robot_0.robot_supervisor]: FULL ROTATE active (accum_rad=0.000, timed_fallback=False, stall_count=0)
[robot_supervisor-13] [INFO] [1776844263.633145177] [robot_2.robot_supervisor]: FULL ROTATE active (accum_rad=2.869, timed_fallback=False, stall_count=0)
[robot_supervisor-16] [INFO] [1776844263.678261227] [robot_3.robot_supervisor]: FULL ROTATE active (accum_rad=1.008, timed_fallback=False, stall_count=0)
[robot_supervisor-7] [INFO] [1776844263.680101862] [robot_0.robot_supervisor]: FULL ROTATE active (accum_rad=0.006, timed_fallback=False, stall_count=0)
[robot_supervisor-13] [INFO] [1776844263.732633415] [robot_2.robot_supervisor]: FULL ROTATE active (accum_rad=2.969, timed_fallback=False, stall_count=0)
[robot_supervisor-16] [INFO] [1776844263.778170821] [robot_3.robot_supervisor]: FULL ROTATE active (accum_rad=1.108, timed_fallback=False, stall_count=0)
[robot_supervisor-7] [INFO] [1776844263.780312170] [robot_0.robot_supervisor]: FULL ROTATE active (accum_rad=0.041, timed_fallback=False, stall_count=0)
[robot_supervisor-13] [INFO] [1776844263.832755601] [robot_2.robot_supervisor]: FULL ROTATE active (accum_rad=3.069, timed_fallback=False, stall_count=0)
[robot_supervisor-13] [INFO] [1776844263.833258220] [robot_2.robot_supervisor]: FULL ROTATE completed by odom (accum_rad=3.169)
[robot_supervisor-13] [INFO] [1776844263.833650163] [robot_2.robot_supervisor]: FULL ROTATE stopped; supervisor will select next event next tick
[robot_supervisor-19] [INFO] [1776844263.840298426] [robot_4.robot_supervisor]: Selected controllable event: EV_random_walk
[robot_supervisor-16] [INFO] [1776844263.878192948] [robot_3.robot_supervisor]: FULL ROTATE active (accum_rad=1.208, timed_fallback=False, stall_count=0)
[robot_supervisor-7] [INFO] [1776844263.880106930] [robot_0.robot_supervisor]: FULL ROTATE active (accum_rad=0.105, timed_fallback=False, stall_count=0)
[robot_supervisor-16] [INFO] [1776844263.978201041] [robot_3.robot_supervisor]: FULL ROTATE active (accum_rad=1.308, timed_fallback=False, stall_count=0)
[robot_supervisor-7] [INFO] [1776844263.980351181] [robot_0.robot_supervisor]: FULL ROTATE active (accum_rad=0.198, timed_fallback=False, stall_count=0)
[robot_supervisor-16] [INFO] [1776844264.078214286] [robot_3.robot_supervisor]: FULL ROTATE active (accum_rad=1.408, timed_fallback=False, stall_count=0)
[robot_supervisor-7] [INFO] [1776844264.079892878] [robot_0.robot_supervisor]: FULL ROTATE active (accum_rad=0.298, timed_fallback=False, stall_count=0)
[robot_supervisor-13] [INFO] [1776844264.132778368] [robot_2.robot_supervisor]: Selected controllable event: EV_rotate_clockwise
[robot_supervisor-19] [INFO] [1776844264.140048713] [robot_4.robot_supervisor]: Selected controllable event: EV_move_forward
[robot_supervisor-16] [INFO] [1776844264.178078130] [robot_3.robot_supervisor]: FULL ROTATE active (accum_rad=1.508, timed_fallback=False, stall_count=0)
[robot_supervisor-7] [INFO] [1776844264.180586557] [robot_0.robot_supervisor]: FULL ROTATE active (accum_rad=0.398, timed_fallback=False, stall_count=0)
[robot_supervisor-16] [INFO] [1776844264.278195244] [robot_3.robot_supervisor]: FULL ROTATE active (accum_rad=1.608, timed_fallback=False, stall_count=0)
[robot_supervisor-7] [INFO] [1776844264.280123054] [robot_0.robot_supervisor]: FULL ROTATE active (accum_rad=0.498, timed_fallback=False, stall_count=0)
[robot_supervisor-16] [INFO] [1776844264.378251020] [robot_3.robot_supervisor]: FULL ROTATE active (accum_rad=1.708, timed_fallback=False, stall_count=0)
[robot_supervisor-7] [INFO] [1776844264.380048529] [robot_0.robot_supervisor]: FULL ROTATE active (accum_rad=0.598, timed_fallback=False, stall_count=0)
[robot_supervisor-19] [INFO] [1776844264.440336728] [robot_4.robot_supervisor]: Selected controllable event: EV_random_walk
[robot_supervisor-16] [INFO] [1776844264.478088014] [robot_3.robot_supervisor]: FULL ROTATE active (accum_rad=1.808, timed_fallback=False, stall_count=0)
[robot_supervisor-7] [INFO] [1776844264.479996468] [robot_0.robot_supervisor]: FULL ROTATE active (accum_rad=0.698, timed_fallback=False, stall_count=0)
[robot_supervisor-16] [INFO] [1776844264.578213259] [robot_3.robot_supervisor]: FULL ROTATE active (accum_rad=1.908, timed_fallback=False, stall_count=0)
[robot_supervisor-7] [INFO] [1776844264.580036738] [robot_0.robot_supervisor]: FULL ROTATE active (accum_rad=0.798, timed_fallback=False, stall_count=0)
[robot_supervisor-16] [INFO] [1776844264.678094848] [robot_3.robot_supervisor]: FULL ROTATE active (accum_rad=2.008, timed_fallback=False, stall_count=0)
[robot_supervisor-7] [INFO] [1776844264.680138274] [robot_0.robot_supervisor]: FULL ROTATE active (accum_rad=0.898, timed_fallback=False, stall_count=0)
[robot_supervisor-19] [INFO] [1776844264.740282343] [robot_4.robot_supervisor]: Selected controllable event: EV_move_forward
[robot_supervisor-16] [INFO] [1776844264.778190484] [robot_3.robot_supervisor]: FULL ROTATE active (accum_rad=2.108, timed_fallback=False, stall_count=0)
[robot_supervisor-7] [INFO] [1776844264.780088853] [robot_0.robot_supervisor]: FULL ROTATE active (accum_rad=0.998, timed_fallback=False, stall_count=0)
[robot_supervisor-16] [INFO] [1776844264.878214595] [robot_3.robot_supervisor]: FULL ROTATE active (accum_rad=2.208, timed_fallback=False, stall_count=0)
[robot_supervisor-7] [INFO] [1776844264.880023304] [robot_0.robot_supervisor]: FULL ROTATE active (accum_rad=1.098, timed_fallback=False, stall_count=0)
[robot_supervisor-16] [INFO] [1776844264.978385786] [robot_3.robot_supervisor]: FULL ROTATE active (accum_rad=2.308, timed_fallback=False, stall_count=0)
[robot_supervisor-7] [INFO] [1776844264.980060238] [robot_0.robot_supervisor]: FULL ROTATE active (accum_rad=1.198, timed_fallback=False, stall_count=0)
[robot_supervisor-19] [INFO] [1776844265.040703674] [robot_4.robot_supervisor]: Selected controllable event: EV_random_walk
[robot_supervisor-16] [INFO] [1776844265.078340180] [robot_3.robot_supervisor]: FULL ROTATE active (accum_rad=2.408, timed_fallback=False, stall_count=0)
[robot_supervisor-7] [INFO] [1776844265.080383283] [robot_0.robot_supervisor]: FULL ROTATE active (accum_rad=1.298, timed_fallback=False, stall_count=0)
[robot_supervisor-16] [INFO] [1776844265.178329704] [robot_3.robot_supervisor]: FULL ROTATE active (accum_rad=2.508, timed_fallback=False, stall_count=0)
[robot_supervisor-7] [INFO] [1776844265.180445500] [robot_0.robot_supervisor]: FULL ROTATE active (accum_rad=1.398, timed_fallback=False, stall_count=0)
[robot_supervisor-16] [INFO] [1776844265.278296562] [robot_3.robot_supervisor]: FULL ROTATE active (accum_rad=2.608, timed_fallback=False, stall_count=0)
[robot_supervisor-7] [INFO] [1776844265.280404009] [robot_0.robot_supervisor]: FULL ROTATE active (accum_rad=1.498, timed_fallback=False, stall_count=0)
[robot_supervisor-19] [INFO] [1776844265.340289651] [robot_4.robot_supervisor]: Selected controllable event: EV_move_forward
[robot_supervisor-16] [INFO] [1776844265.378325079] [robot_3.robot_supervisor]: FULL ROTATE active (accum_rad=2.708, timed_fallback=False, stall_count=0)
[robot_supervisor-7] [INFO] [1776844265.380049128] [robot_0.robot_supervisor]: FULL ROTATE active (accum_rad=1.598, timed_fallback=False, stall_count=0)
[robot_supervisor-16] [INFO] [1776844265.478207731] [robot_3.robot_supervisor]: FULL ROTATE active (accum_rad=2.808, timed_fallback=False, stall_count=0)
[robot_supervisor-7] [INFO] [1776844265.480006089] [robot_0.robot_supervisor]: FULL ROTATE active (accum_rad=1.698, timed_fallback=False, stall_count=0)
[robot_supervisor-16] [INFO] [1776844265.578165448] [robot_3.robot_supervisor]: FULL ROTATE active (accum_rad=2.908, timed_fallback=False, stall_count=0)
[robot_supervisor-7] [INFO] [1776844265.580038042] [robot_0.robot_supervisor]: FULL ROTATE active (accum_rad=1.798, timed_fallback=False, stall_count=0)
[robot_supervisor-10] [INFO] [1776844265.632983816] [robot_1.robot_supervisor]: Selected controllable event: EV_full_rotate
[robot_supervisor-10] [INFO] [1776844265.633410610] [robot_1.robot_supervisor]: Starting FULL ROTATE (omega=1.000, have_odom=True, target_rad=3.142, timeout_s=3.500)
[robot_supervisor-19] [INFO] [1776844265.640268995] [robot_4.robot_supervisor]: Selected controllable event: EV_random_walk
[image_processor-24] [INFO] [1776844265.668444375] [robot_3.image_processor]: Zone=CLEAR  left[p=0.964 near=0 v=7650]  front[p=1.100 near=0 v=13500]  right[p=2.666 near=0 v=7685]
[robot_supervisor-16] [INFO] [1776844265.669265616] [robot_3.robot_supervisor]: Detected zone changed to CLEAR
[robot_supervisor-16] [INFO] [1776844265.678347055] [robot_3.robot_supervisor]: FULL ROTATE active (accum_rad=3.008, timed_fallback=False, stall_count=0)
[image_processor-23] [INFO] [1776844265.678857389] [robot_2.image_processor]: Zone=CORNER
[robot_supervisor-7] [INFO] [1776844265.679933843] [robot_0.robot_supervisor]: FULL ROTATE active (accum_rad=1.898, timed_fallback=False, stall_count=0)
[image_processor-21] [INFO] [1776844265.695806123] [robot_0.image_processor]: Zone=RIGHT  left[p=1.395 near=0 v=5430]  front[p=0.828 near=822 v=13446]  right[p=0.532 near=7740 v=7740]
[robot_supervisor-7] [INFO] [1776844265.696404831] [robot_0.robot_supervisor]: Detected zone changed to RIGHT
[image_processor-25] [INFO] [1776844265.711677115] [robot_4.image_processor]: Zone=RIGHT  left[p=3.042 near=0 v=5193]  front[p=2.633 near=0 v=10251]  right[p=0.555 near=6172 v=7740]
[robot_supervisor-19] [INFO] [1776844265.712474549] [robot_4.robot_supervisor]: Detected zone changed to RIGHT
[image_processor-22] [INFO] [1776844265.721683694] [robot_1.image_processor]: Zone=RIGHT  left[p=0.567 near=1334 v=5569]  front[p=2.429 near=90 v=10048]  right[p=0.530 near=7740 v=7740]
[robot_supervisor-10] [INFO] [1776844265.722468382] [robot_1.robot_supervisor]: Detected zone changed to RIGHT
[robot_supervisor-10] [INFO] [1776844265.732800189] [robot_1.robot_supervisor]: FULL ROTATE active (accum_rad=0.000, timed_fallback=False, stall_count=0)
[robot_supervisor-16] [INFO] [1776844265.778611850] [robot_3.robot_supervisor]: FULL ROTATE active (accum_rad=3.108, timed_fallback=False, stall_count=0)
[robot_supervisor-16] [INFO] [1776844265.779332347] [robot_3.robot_supervisor]: FULL ROTATE completed by odom (accum_rad=3.208)
[robot_supervisor-16] [INFO] [1776844265.779953894] [robot_3.robot_supervisor]: FULL ROTATE stopped; supervisor will select next event next tick
[robot_supervisor-7] [INFO] [1776844265.780015368] [robot_0.robot_supervisor]: FULL ROTATE active (accum_rad=1.998, timed_fallback=False, stall_count=0)
[robot_supervisor-10] [INFO] [1776844265.832996011] [robot_1.robot_supervisor]: FULL ROTATE active (accum_rad=0.005, timed_fallback=False, stall_count=0)
[robot_supervisor-7] [INFO] [1776844265.880055569] [robot_0.robot_supervisor]: FULL ROTATE active (accum_rad=2.098, timed_fallback=False, stall_count=0)
[robot_supervisor-10] [INFO] [1776844265.932979241] [robot_1.robot_supervisor]: FULL ROTATE active (accum_rad=0.030, timed_fallback=False, stall_count=0)
[robot_supervisor-19] [INFO] [1776844265.940442829] [robot_4.robot_supervisor]: Selected controllable event: EV_rotate_counterclockwise
[robot_supervisor-7] [INFO] [1776844265.980160758] [robot_0.robot_supervisor]: FULL ROTATE active (accum_rad=2.198, timed_fallback=False, stall_count=0)
[robot_supervisor-10] [INFO] [1776844266.032919970] [robot_1.robot_supervisor]: FULL ROTATE active (accum_rad=0.084, timed_fallback=False, stall_count=0)
[robot_supervisor-16] [INFO] [1776844266.078634548] [robot_3.robot_supervisor]: Selected controllable event: EV_random_walk
[robot_supervisor-7] [INFO] [1776844266.080197717] [robot_0.robot_supervisor]: FULL ROTATE active (accum_rad=2.298, timed_fallback=False, stall_count=0)
[robot_supervisor-10] [INFO] [1776844266.132995423] [robot_1.robot_supervisor]: FULL ROTATE active (accum_rad=0.169, timed_fallback=False, stall_count=0)
[robot_supervisor-7] [INFO] [1776844266.180195203] [robot_0.robot_supervisor]: FULL ROTATE active (accum_rad=2.398, timed_fallback=False, stall_count=0)
[robot_supervisor-10] [INFO] [1776844266.232820457] [robot_1.robot_supervisor]: FULL ROTATE active (accum_rad=0.269, timed_fallback=False, stall_count=0)
[robot_supervisor-7] [INFO] [1776844266.280210684] [robot_0.robot_supervisor]: FULL ROTATE active (accum_rad=2.498, timed_fallback=False, stall_count=0)
[robot_supervisor-10] [INFO] [1776844266.332873414] [robot_1.robot_supervisor]: FULL ROTATE active (accum_rad=0.369, timed_fallback=False, stall_count=0)
[robot_supervisor-16] [INFO] [1776844266.378126262] [robot_3.robot_supervisor]: Selected controllable event: EV_move_forward
[robot_supervisor-7] [INFO] [1776844266.380147090] [robot_0.robot_supervisor]: FULL ROTATE active (accum_rad=2.598, timed_fallback=False, stall_count=0)
[robot_supervisor-13] [INFO] [1776844266.432840630] [robot_2.robot_supervisor]: Selected controllable event: EV_full_rotate
[robot_supervisor-10] [INFO] [1776844266.433216197] [robot_1.robot_supervisor]: FULL ROTATE active (accum_rad=0.469, timed_fallback=False, stall_count=0)
[robot_supervisor-13] [INFO] [1776844266.433268868] [robot_2.robot_supervisor]: Starting FULL ROTATE (omega=1.000, have_odom=True, target_rad=3.142, timeout_s=3.500)
[robot_supervisor-7] [INFO] [1776844266.480262472] [robot_0.robot_supervisor]: FULL ROTATE active (accum_rad=2.698, timed_fallback=False, stall_count=0)
[robot_supervisor-13] [INFO] [1776844266.532892155] [robot_2.robot_supervisor]: FULL ROTATE active (accum_rad=0.000, timed_fallback=False, stall_count=0)
[robot_supervisor-10] [INFO] [1776844266.532986821] [robot_1.robot_supervisor]: FULL ROTATE active (accum_rad=0.569, timed_fallback=False, stall_count=0)
[robot_supervisor-7] [INFO] [1776844266.579942832] [robot_0.robot_supervisor]: FULL ROTATE active (accum_rad=2.798, timed_fallback=False, stall_count=0)
[robot_supervisor-13] [INFO] [1776844266.632650790] [robot_2.robot_supervisor]: FULL ROTATE active (accum_rad=0.006, timed_fallback=False, stall_count=0)
[robot_supervisor-10] [INFO] [1776844266.633006151] [robot_1.robot_supervisor]: FULL ROTATE active (accum_rad=0.669, timed_fallback=False, stall_count=0)
[robot_supervisor-16] [INFO] [1776844266.678477863] [robot_3.robot_supervisor]: Selected controllable event: EV_random_walk
[robot_supervisor-7] [INFO] [1776844266.680148690] [robot_0.robot_supervisor]: FULL ROTATE active (accum_rad=2.898, timed_fallback=False, stall_count=0)
[robot_supervisor-13] [INFO] [1776844266.732765301] [robot_2.robot_supervisor]: FULL ROTATE active (accum_rad=0.041, timed_fallback=False, stall_count=0)
[robot_supervisor-10] [INFO] [1776844266.733032771] [robot_1.robot_supervisor]: FULL ROTATE active (accum_rad=0.769, timed_fallback=False, stall_count=0)
[robot_supervisor-7] [INFO] [1776844266.780294899] [robot_0.robot_supervisor]: FULL ROTATE active (accum_rad=2.998, timed_fallback=False, stall_count=0)
[robot_supervisor-13] [INFO] [1776844266.832770994] [robot_2.robot_supervisor]: FULL ROTATE active (accum_rad=0.105, timed_fallback=False, stall_count=0)
[robot_supervisor-10] [INFO] [1776844266.833032470] [robot_1.robot_supervisor]: FULL ROTATE active (accum_rad=0.869, timed_fallback=False, stall_count=0)
[robot_supervisor-7] [INFO] [1776844266.880377262] [robot_0.robot_supervisor]: FULL ROTATE active (accum_rad=3.098, timed_fallback=False, stall_count=0)
[robot_supervisor-7] [INFO] [1776844266.880976576] [robot_0.robot_supervisor]: FULL ROTATE completed by odom (accum_rad=3.198)
[robot_supervisor-7] [INFO] [1776844266.881397776] [robot_0.robot_supervisor]: FULL ROTATE stopped; supervisor will select next event next tick
[robot_supervisor-13] [INFO] [1776844266.932723771] [robot_2.robot_supervisor]: FULL ROTATE active (accum_rad=0.198, timed_fallback=False, stall_count=0)
[robot_supervisor-10] [INFO] [1776844266.932965452] [robot_1.robot_supervisor]: FULL ROTATE active (accum_rad=0.969, timed_fallback=False, stall_count=0)
[robot_supervisor-16] [INFO] [1776844266.978335971] [robot_3.robot_supervisor]: Selected controllable event: EV_move_forward
[robot_supervisor-10] [INFO] [1776844267.032965743] [robot_1.robot_supervisor]: FULL ROTATE active (accum_rad=1.069, timed_fallback=False, stall_count=0)
[robot_supervisor-13] [INFO] [1776844267.032978023] [robot_2.robot_supervisor]: FULL ROTATE active (accum_rad=0.298, timed_fallback=False, stall_count=0)
[robot_supervisor-10] [INFO] [1776844267.132762535] [robot_1.robot_supervisor]: FULL ROTATE active (accum_rad=1.169, timed_fallback=False, stall_count=0)
[robot_supervisor-13] [INFO] [1776844267.132790920] [robot_2.robot_supervisor]: FULL ROTATE active (accum_rad=0.398, timed_fallback=False, stall_count=0)
[robot_supervisor-7] [INFO] [1776844267.181023662] [robot_0.robot_supervisor]: Selected controllable event: EV_rotate_counterclockwise
[robot_supervisor-13] [INFO] [1776844267.232684961] [robot_2.robot_supervisor]: FULL ROTATE active (accum_rad=0.498, timed_fallback=False, stall_count=0)
[robot_supervisor-10] [INFO] [1776844267.233059088] [robot_1.robot_supervisor]: FULL ROTATE active (accum_rad=1.269, timed_fallback=False, stall_count=0)
[robot_supervisor-16] [INFO] [1776844267.278247838] [robot_3.robot_supervisor]: Selected controllable event: EV_random_walk
[robot_supervisor-13] [INFO] [1776844267.332671586] [robot_2.robot_supervisor]: FULL ROTATE active (accum_rad=0.598, timed_fallback=False, stall_count=0)
[robot_supervisor-10] [INFO] [1776844267.332909474] [robot_1.robot_supervisor]: FULL ROTATE active (accum_rad=1.369, timed_fallback=False, stall_count=0)
[robot_supervisor-13] [INFO] [1776844267.432724342] [robot_2.robot_supervisor]: FULL ROTATE active (accum_rad=0.698, timed_fallback=False, stall_count=0)
[robot_supervisor-10] [INFO] [1776844267.433062150] [robot_1.robot_supervisor]: FULL ROTATE active (accum_rad=1.469, timed_fallback=False, stall_count=0)
[robot_supervisor-13] [INFO] [1776844267.532686439] [robot_2.robot_supervisor]: FULL ROTATE active (accum_rad=0.798, timed_fallback=False, stall_count=0)
[robot_supervisor-10] [INFO] [1776844267.532947329] [robot_1.robot_supervisor]: FULL ROTATE active (accum_rad=1.569, timed_fallback=False, stall_count=0)
[robot_supervisor-16] [INFO] [1776844267.578166885] [robot_3.robot_supervisor]: Selected controllable event: EV_move_forward
[robot_supervisor-10] [INFO] [1776844267.632737846] [robot_1.robot_supervisor]: FULL ROTATE active (accum_rad=1.669, timed_fallback=False, stall_count=0)
[robot_supervisor-13] [INFO] [1776844267.633033635] [robot_2.robot_supervisor]: FULL ROTATE active (accum_rad=0.898, timed_fallback=False, stall_count=0)
[robot_supervisor-13] [INFO] [1776844267.732812323] [robot_2.robot_supervisor]: FULL ROTATE active (accum_rad=0.998, timed_fallback=False, stall_count=0)
[robot_supervisor-10] [INFO] [1776844267.732833950] [robot_1.robot_supervisor]: FULL ROTATE active (accum_rad=1.769, timed_fallback=False, stall_count=0)
[robot_supervisor-13] [INFO] [1776844267.832721378] [robot_2.robot_supervisor]: FULL ROTATE active (accum_rad=1.098, timed_fallback=False, stall_count=0)
[robot_supervisor-10] [INFO] [1776844267.832831583] [robot_1.robot_supervisor]: FULL ROTATE active (accum_rad=1.869, timed_fallback=False, stall_count=0)
[robot_supervisor-16] [INFO] [1776844267.878214328] [robot_3.robot_supervisor]: Selected controllable event: EV_random_walk
[robot_supervisor-10] [INFO] [1776844267.932829580] [robot_1.robot_supervisor]: FULL ROTATE active (accum_rad=1.969, timed_fallback=False, stall_count=0)
[robot_supervisor-13] [INFO] [1776844267.932925426] [robot_2.robot_supervisor]: FULL ROTATE active (accum_rad=1.198, timed_fallback=False, stall_count=0)
[robot_supervisor-13] [INFO] [1776844268.032904359] [robot_2.robot_supervisor]: FULL ROTATE active (accum_rad=1.298, timed_fallback=False, stall_count=0)
[robot_supervisor-10] [INFO] [1776844268.032916117] [robot_1.robot_supervisor]: FULL ROTATE active (accum_rad=2.069, timed_fallback=False, stall_count=0)
[robot_supervisor-19] [INFO] [1776844268.040245890] [robot_4.robot_supervisor]: Selected controllable event: EV_rotate_counterclockwise
[robot_supervisor-19] [INFO] [1776844268.040584873] [robot_4.robot_supervisor]: rotate_90 blocked by recent completion; stopping this tick
[robot_supervisor-10] [INFO] [1776844268.132817184] [robot_1.robot_supervisor]: FULL ROTATE active (accum_rad=2.169, timed_fallback=False, stall_count=0)
[robot_supervisor-13] [INFO] [1776844268.132928810] [robot_2.robot_supervisor]: FULL ROTATE active (accum_rad=1.398, timed_fallback=False, stall_count=0)
[robot_supervisor-19] [INFO] [1776844268.140681929] [robot_4.robot_supervisor]: Selected controllable event: EV_rotate_counterclockwise
[robot_supervisor-19] [INFO] [1776844268.141173036] [robot_4.robot_supervisor]: rotate_90 blocked by recent completion; stopping this tick
[image_processor-24] [INFO] [1776844268.165699383] [robot_3.image_processor]: Zone=CLEAR
[robot_supervisor-16] [INFO] [1776844268.178218315] [robot_3.robot_supervisor]: Selected controllable event: EV_move_forward
[image_processor-23] [INFO] [1776844268.180368696] [robot_2.image_processor]: Zone=CORNER
[image_processor-21] [INFO] [1776844268.196879512] [robot_0.image_processor]: Zone=CORNER  left[p=0.855 near=6 v=7650]  front[p=0.794 near=1549 v=13448]  right[p=1.420 near=0 v=3723]
[robot_supervisor-7] [INFO] [1776844268.197820237] [robot_0.robot_supervisor]: Detected zone changed to CORNER
[image_processor-25] [INFO] [1776844268.207448866] [robot_4.image_processor]: Zone=RIGHT
[image_processor-22] [INFO] [1776844268.229254376] [robot_1.image_processor]: Zone=CORNER  left[p=1.011 near=0 v=7650]  front[p=0.572 near=5194 v=12751]  right[p=0.421 near=7740 v=7740]
[robot_supervisor-10] [INFO] [1776844268.230129222] [robot_1.robot_supervisor]: Detected zone changed to CORNER
[robot_supervisor-10] [INFO] [1776844268.232786695] [robot_1.robot_supervisor]: FULL ROTATE active (accum_rad=2.269, timed_fallback=False, stall_count=0)
[robot_supervisor-13] [INFO] [1776844268.232913430] [robot_2.robot_supervisor]: FULL ROTATE active (accum_rad=1.498, timed_fallback=False, stall_count=0)
[robot_supervisor-19] [INFO] [1776844268.240279417] [robot_4.robot_supervisor]: Selected controllable event: EV_rotate_counterclockwise
[robot_supervisor-19] [INFO] [1776844268.240657151] [robot_4.robot_supervisor]: rotate_90 blocked by recent completion; stopping this tick
[robot_supervisor-13] [INFO] [1776844268.332931524] [robot_2.robot_supervisor]: FULL ROTATE active (accum_rad=1.598, timed_fallback=False, stall_count=0)
[robot_supervisor-10] [INFO] [1776844268.332956986] [robot_1.robot_supervisor]: FULL ROTATE active (accum_rad=2.369, timed_fallback=False, stall_count=0)
[robot_supervisor-19] [INFO] [1776844268.340276474] [robot_4.robot_supervisor]: Selected controllable event: EV_rotate_counterclockwise
[robot_supervisor-10] [INFO] [1776844268.432890300] [robot_1.robot_supervisor]: FULL ROTATE active (accum_rad=2.469, timed_fallback=False, stall_count=0)
[robot_supervisor-13] [INFO] [1776844268.433056833] [robot_2.robot_supervisor]: FULL ROTATE active (accum_rad=1.698, timed_fallback=False, stall_count=0)
[robot_supervisor-16] [INFO] [1776844268.478531634] [robot_3.robot_supervisor]: Selected controllable event: EV_random_walk
[robot_supervisor-10] [INFO] [1776844268.532925654] [robot_1.robot_supervisor]: FULL ROTATE active (accum_rad=2.569, timed_fallback=False, stall_count=0)
[robot_supervisor-13] [INFO] [1776844268.533060651] [robot_2.robot_supervisor]: FULL ROTATE active (accum_rad=1.798, timed_fallback=False, stall_count=0)
[robot_supervisor-13] [INFO] [1776844268.632902440] [robot_2.robot_supervisor]: FULL ROTATE active (accum_rad=1.898, timed_fallback=False, stall_count=0)
[robot_supervisor-10] [INFO] [1776844268.632979195] [robot_1.robot_supervisor]: FULL ROTATE active (accum_rad=2.669, timed_fallback=False, stall_count=0)
[robot_supervisor-13] [INFO] [1776844268.732834038] [robot_2.robot_supervisor]: FULL ROTATE active (accum_rad=1.998, timed_fallback=False, stall_count=0)
[robot_supervisor-10] [INFO] [1776844268.733258718] [robot_1.robot_supervisor]: FULL ROTATE active (accum_rad=2.769, timed_fallback=False, stall_count=0)
[robot_supervisor-16] [INFO] [1776844268.778331662] [robot_3.robot_supervisor]: Selected controllable event: EV_move_forward
[robot_supervisor-13] [INFO] [1776844268.832775983] [robot_2.robot_supervisor]: FULL ROTATE active (accum_rad=2.098, timed_fallback=False, stall_count=0)
[robot_supervisor-10] [INFO] [1776844268.833253928] [robot_1.robot_supervisor]: FULL ROTATE active (accum_rad=2.869, timed_fallback=False, stall_count=0)
[robot_supervisor-13] [INFO] [1776844268.932793606] [robot_2.robot_supervisor]: FULL ROTATE active (accum_rad=2.198, timed_fallback=False, stall_count=0)
[robot_supervisor-10] [INFO] [1776844268.933170722] [robot_1.robot_supervisor]: FULL ROTATE active (accum_rad=2.969, timed_fallback=False, stall_count=0)
[robot_supervisor-13] [INFO] [1776844269.032836678] [robot_2.robot_supervisor]: FULL ROTATE active (accum_rad=2.298, timed_fallback=False, stall_count=0)
[robot_supervisor-10] [INFO] [1776844269.033146298] [robot_1.robot_supervisor]: FULL ROTATE active (accum_rad=3.069, timed_fallback=False, stall_count=0)
[robot_supervisor-10] [INFO] [1776844269.033838451] [robot_1.robot_supervisor]: FULL ROTATE completed by odom (accum_rad=3.169)
[robot_supervisor-10] [INFO] [1776844269.034409753] [robot_1.robot_supervisor]: FULL ROTATE stopped; supervisor will select next event next tick
[robot_supervisor-16] [INFO] [1776844269.078246026] [robot_3.robot_supervisor]: Selected controllable event: EV_random_walk
[robot_supervisor-13] [INFO] [1776844269.133159160] [robot_2.robot_supervisor]: FULL ROTATE active (accum_rad=2.398, timed_fallback=False, stall_count=0)
[robot_supervisor-13] [INFO] [1776844269.233032990] [robot_2.robot_supervisor]: FULL ROTATE active (accum_rad=2.498, timed_fallback=False, stall_count=0)
[robot_supervisor-13] [INFO] [1776844269.332970924] [robot_2.robot_supervisor]: FULL ROTATE active (accum_rad=2.598, timed_fallback=False, stall_count=0)
[robot_supervisor-16] [INFO] [1776844269.378329156] [robot_3.robot_supervisor]: Selected controllable event: EV_move_forward
[robot_supervisor-7] [INFO] [1776844269.380425178] [robot_0.robot_supervisor]: Selected controllable event: EV_full_rotate
[robot_supervisor-7] [INFO] [1776844269.381149233] [robot_0.robot_supervisor]: full_rotate blocked by cooldown; stopping this tick
[robot_supervisor-13] [INFO] [1776844269.432836078] [robot_2.robot_supervisor]: FULL ROTATE active (accum_rad=2.698, timed_fallback=False, stall_count=0)
[robot_supervisor-10] [INFO] [1776844269.432994561] [robot_1.robot_supervisor]: Selected controllable event: EV_rotate_clockwise
[robot_supervisor-7] [INFO] [1776844269.480190941] [robot_0.robot_supervisor]: Selected controllable event: EV_rotate_clockwise
[robot_supervisor-7] [INFO] [1776844269.480651640] [robot_0.robot_supervisor]: rotate_90 blocked by recent completion; stopping this tick
[robot_supervisor-13] [INFO] [1776844269.532662806] [robot_2.robot_supervisor]: FULL ROTATE active (accum_rad=2.798, timed_fallback=False, stall_count=0)
[robot_supervisor-7] [INFO] [1776844269.580126960] [robot_0.robot_supervisor]: Selected controllable event: EV_full_rotate
[robot_supervisor-7] [INFO] [1776844269.580512133] [robot_0.robot_supervisor]: full_rotate blocked by cooldown; stopping this tick
[robot_supervisor-13] [INFO] [1776844269.632944503] [robot_2.robot_supervisor]: FULL ROTATE active (accum_rad=2.898, timed_fallback=False, stall_count=0)
[robot_supervisor-16] [INFO] [1776844269.678452728] [robot_3.robot_supervisor]: Selected controllable event: EV_random_walk
[robot_supervisor-7] [INFO] [1776844269.679981627] [robot_0.robot_supervisor]: Selected controllable event: EV_rotate_clockwise
[robot_supervisor-13] [INFO] [1776844269.732683185] [robot_2.robot_supervisor]: FULL ROTATE active (accum_rad=2.998, timed_fallback=False, stall_count=0)
[robot_supervisor-13] [INFO] [1776844269.832863325] [robot_2.robot_supervisor]: FULL ROTATE active (accum_rad=3.098, timed_fallback=False, stall_count=0)
[robot_supervisor-13] [INFO] [1776844269.833513482] [robot_2.robot_supervisor]: FULL ROTATE completed by odom (accum_rad=3.198)
[robot_supervisor-13] [INFO] [1776844269.834023530] [robot_2.robot_supervisor]: FULL ROTATE stopped; supervisor will select next event next tick
[robot_supervisor-16] [INFO] [1776844269.978606487] [robot_3.robot_supervisor]: Selected controllable event: EV_move_forward
[robot_supervisor-13] [INFO] [1776844270.232847336] [robot_2.robot_supervisor]: Selected controllable event: EV_rotate_clockwise
[robot_supervisor-16] [INFO] [1776844270.278274332] [robot_3.robot_supervisor]: Selected controllable event: EV_random_walk
[robot_supervisor-19] [INFO] [1776844270.440625093] [robot_4.robot_supervisor]: Selected controllable event: EV_rotate_counterclockwise
[robot_supervisor-19] [INFO] [1776844270.441173774] [robot_4.robot_supervisor]: rotate_90 blocked by recent completion; stopping this tick
[robot_supervisor-19] [INFO] [1776844270.540334277] [robot_4.robot_supervisor]: Selected controllable event: EV_rotate_counterclockwise
[robot_supervisor-19] [INFO] [1776844270.540748274] [robot_4.robot_supervisor]: rotate_90 blocked by recent completion; stopping this tick
[robot_supervisor-16] [INFO] [1776844270.578562068] [robot_3.robot_supervisor]: Selected controllable event: EV_move_forward
[robot_supervisor-19] [INFO] [1776844270.640609602] [robot_4.robot_supervisor]: Selected controllable event: EV_rotate_counterclockwise
[robot_supervisor-19] [INFO] [1776844270.641192322] [robot_4.robot_supervisor]: rotate_90 blocked by recent completion; stopping this tick
[image_processor-24] [INFO] [1776844270.669610816] [robot_3.image_processor]: Zone=CORNER  left[p=0.152 near=7650 v=7650]  front[p=0.155 near=13500 v=13500]  right[p=0.158 near=7740 v=7740]
[robot_supervisor-16] [INFO] [1776844270.670648833] [robot_3.robot_supervisor]: Detected zone changed to CORNER
[bump_counter-3] [INFO] [1776844270.682721625] [bump_counter]: [global] bump #3 (obstacle) with: box3::link::collision
[image_processor-23] [INFO] [1776844270.689845943] [robot_2.image_processor]: Zone=CLEAR  left[p=1.589 near=0 v=4890]  front[p=1.508 near=0 v=8121]  right[p=2.639 near=0 v=5966]
[robot_supervisor-13] [INFO] [1776844270.691604376] [robot_2.robot_supervisor]: Detected zone changed to CLEAR
[image_processor-21] [INFO] [1776844270.705766620] [robot_0.image_processor]: Zone=CORNER
[image_processor-25] [INFO] [1776844270.716550962] [robot_4.image_processor]: Zone=CLEAR  left[p=0.941 near=0 v=7650]  front[p=1.159 near=0 v=13500]  right[p=1.790 near=0 v=7740]
[robot_supervisor-19] [INFO] [1776844270.717223751] [robot_4.robot_supervisor]: Detected zone changed to CLEAR
[image_processor-22] [INFO] [1776844270.738477393] [robot_1.image_processor]: Zone=CORNER
[robot_supervisor-19] [INFO] [1776844270.740162237] [robot_4.robot_supervisor]: Selected controllable event: EV_random_walk
[robot_supervisor-16] [INFO] [1776844270.878267950] [robot_3.robot_supervisor]: Selected controllable event: EV_rotate_clockwise
[robot_supervisor-19] [INFO] [1776844271.040377383] [robot_4.robot_supervisor]: Selected controllable event: EV_move_forward
[robot_supervisor-19] [INFO] [1776844271.340314460] [robot_4.robot_supervisor]: Selected controllable event: EV_random_walk
[robot_supervisor-10] [INFO] [1776844271.533146234] [robot_1.robot_supervisor]: Selected controllable event: EV_full_rotate
[robot_supervisor-10] [INFO] [1776844271.533628857] [robot_1.robot_supervisor]: Starting FULL ROTATE (omega=1.000, have_odom=True, target_rad=3.142, timeout_s=3.500)
[robot_supervisor-10] [INFO] [1776844271.633020286] [robot_1.robot_supervisor]: FULL ROTATE active (accum_rad=0.000, timed_fallback=False, stall_count=0)
[robot_supervisor-19] [INFO] [1776844271.640512871] [robot_4.robot_supervisor]: Selected controllable event: EV_move_forward
[robot_supervisor-10] [INFO] [1776844271.733153353] [robot_1.robot_supervisor]: FULL ROTATE active (accum_rad=0.005, timed_fallback=False, stall_count=0)
[robot_supervisor-7] [INFO] [1776844271.780432440] [robot_0.robot_supervisor]: Selected controllable event: EV_full_rotate
[robot_supervisor-7] [INFO] [1776844271.780946319] [robot_0.robot_supervisor]: Starting FULL ROTATE (omega=1.000, have_odom=True, target_rad=3.142, timeout_s=3.500)
[robot_supervisor-10] [INFO] [1776844271.832833055] [robot_1.robot_supervisor]: FULL ROTATE active (accum_rad=0.030, timed_fallback=False, stall_count=0)
[robot_supervisor-7] [INFO] [1776844271.880258133] [robot_0.robot_supervisor]: FULL ROTATE active (accum_rad=0.000, timed_fallback=False, stall_count=0)
[robot_supervisor-10] [INFO] [1776844271.932976105] [robot_1.robot_supervisor]: FULL ROTATE active (accum_rad=0.084, timed_fallback=False, stall_count=0)
[robot_supervisor-19] [INFO] [1776844271.940250939] [robot_4.robot_supervisor]: Selected controllable event: EV_random_walk
[robot_supervisor-7] [INFO] [1776844271.980389347] [robot_0.robot_supervisor]: FULL ROTATE active (accum_rad=0.002, timed_fallback=False, stall_count=0)
[robot_supervisor-10] [INFO] [1776844272.032905856] [robot_1.robot_supervisor]: FULL ROTATE active (accum_rad=0.169, timed_fallback=False, stall_count=0)
[robot_supervisor-7] [INFO] [1776844272.080262444] [robot_0.robot_supervisor]: FULL ROTATE active (accum_rad=0.030, timed_fallback=False, stall_count=0)
[robot_supervisor-10] [INFO] [1776844272.132830279] [robot_1.robot_supervisor]: FULL ROTATE active (accum_rad=0.269, timed_fallback=False, stall_count=0)
[robot_supervisor-7] [INFO] [1776844272.180261192] [robot_0.robot_supervisor]: FULL ROTATE active (accum_rad=0.087, timed_fallback=False, stall_count=0)
[robot_supervisor-10] [INFO] [1776844272.233082262] [robot_1.robot_supervisor]: FULL ROTATE active (accum_rad=0.369, timed_fallback=False, stall_count=0)
[robot_supervisor-19] [INFO] [1776844272.240373720] [robot_4.robot_supervisor]: Selected controllable event: EV_move_forward
[robot_supervisor-7] [INFO] [1776844272.280030975] [robot_0.robot_supervisor]: FULL ROTATE active (accum_rad=0.175, timed_fallback=False, stall_count=0)
[robot_supervisor-10] [INFO] [1776844272.333025138] [robot_1.robot_supervisor]: FULL ROTATE active (accum_rad=0.469, timed_fallback=False, stall_count=0)
[robot_supervisor-7] [INFO] [1776844272.380372072] [robot_0.robot_supervisor]: FULL ROTATE active (accum_rad=0.275, timed_fallback=False, stall_count=0)
[robot_supervisor-13] [INFO] [1776844272.432948231] [robot_2.robot_supervisor]: Selected controllable event: EV_random_walk
[robot_supervisor-10] [INFO] [1776844272.432955443] [robot_1.robot_supervisor]: FULL ROTATE active (accum_rad=0.569, timed_fallback=False, stall_count=0)
[robot_supervisor-7] [INFO] [1776844272.480148093] [robot_0.robot_supervisor]: FULL ROTATE active (accum_rad=0.375, timed_fallback=False, stall_count=0)
[robot_supervisor-10] [INFO] [1776844272.533148589] [robot_1.robot_supervisor]: FULL ROTATE active (accum_rad=0.669, timed_fallback=False, stall_count=0)
[robot_supervisor-19] [INFO] [1776844272.540379299] [robot_4.robot_supervisor]: Selected controllable event: EV_random_walk
[robot_supervisor-7] [INFO] [1776844272.580085983] [robot_0.robot_supervisor]: FULL ROTATE active (accum_rad=0.475, timed_fallback=False, stall_count=0)
[robot_supervisor-10] [INFO] [1776844272.633128982] [robot_1.robot_supervisor]: FULL ROTATE active (accum_rad=0.769, timed_fallback=False, stall_count=0)
[robot_supervisor-7] [INFO] [1776844272.680172079] [robot_0.robot_supervisor]: FULL ROTATE active (accum_rad=0.575, timed_fallback=False, stall_count=0)
[robot_supervisor-13] [INFO] [1776844272.732993498] [robot_2.robot_supervisor]: Selected controllable event: EV_move_forward
[robot_supervisor-10] [INFO] [1776844272.733031536] [robot_1.robot_supervisor]: FULL ROTATE active (accum_rad=0.869, timed_fallback=False, stall_count=0)
[robot_supervisor-7] [INFO] [1776844272.780065766] [robot_0.robot_supervisor]: FULL ROTATE active (accum_rad=0.675, timed_fallback=False, stall_count=0)
[robot_supervisor-10] [INFO] [1776844272.832986116] [robot_1.robot_supervisor]: FULL ROTATE active (accum_rad=0.969, timed_fallback=False, stall_count=0)
[robot_supervisor-19] [INFO] [1776844272.840292027] [robot_4.robot_supervisor]: Selected controllable event: EV_move_forward
[robot_supervisor-7] [INFO] [1776844272.880068735] [robot_0.robot_supervisor]: FULL ROTATE active (accum_rad=0.775, timed_fallback=False, stall_count=0)
[robot_supervisor-10] [INFO] [1776844272.932989203] [robot_1.robot_supervisor]: FULL ROTATE active (accum_rad=1.069, timed_fallback=False, stall_count=0)
[robot_supervisor-7] [INFO] [1776844272.980051201] [robot_0.robot_supervisor]: FULL ROTATE active (accum_rad=0.875, timed_fallback=False, stall_count=0)
[robot_supervisor-10] [INFO] [1776844273.032912637] [robot_1.robot_supervisor]: FULL ROTATE active (accum_rad=1.169, timed_fallback=False, stall_count=0)
[robot_supervisor-13] [INFO] [1776844273.033004410] [robot_2.robot_supervisor]: Selected controllable event: EV_random_walk
[robot_supervisor-16] [INFO] [1776844273.078320203] [robot_3.robot_supervisor]: Selected controllable event: EV_full_rotate
[robot_supervisor-16] [INFO] [1776844273.078754643] [robot_3.robot_supervisor]: Starting FULL ROTATE (omega=1.000, have_odom=True, target_rad=3.142, timeout_s=3.500)
[robot_supervisor-7] [INFO] [1776844273.079907225] [robot_0.robot_supervisor]: FULL ROTATE active (accum_rad=0.975, timed_fallback=False, stall_count=0)
[robot_supervisor-10] [INFO] [1776844273.132995641] [robot_1.robot_supervisor]: FULL ROTATE active (accum_rad=1.269, timed_fallback=False, stall_count=0)
[robot_supervisor-19] [INFO] [1776844273.140495769] [robot_4.robot_supervisor]: Selected controllable event: EV_random_walk
[image_processor-24] [INFO] [1776844273.170818506] [robot_3.image_processor]: Zone=CORNER
[robot_supervisor-16] [INFO] [1776844273.178066775] [robot_3.robot_supervisor]: FULL ROTATE active (accum_rad=0.000, timed_fallback=False, stall_count=0)
[robot_supervisor-7] [INFO] [1776844273.180181668] [robot_0.robot_supervisor]: FULL ROTATE active (accum_rad=1.075, timed_fallback=False, stall_count=0)
[image_processor-23] [INFO] [1776844273.188036046] [robot_2.image_processor]: Zone=RIGHT  left[p=2.325 near=0 v=6115]  front[p=0.622 near=3823 v=12862]  right[p=0.361 near=7740 v=7740]
[robot_supervisor-13] [INFO] [1776844273.188973323] [robot_2.robot_supervisor]: Detected zone changed to RIGHT
[image_processor-21] [INFO] [1776844273.204442240] [robot_0.image_processor]: Zone=LEFT  left[p=0.578 near=5424 v=7650]  front[p=0.875 near=58 v=13360]  right[p=0.654 near=6106 v=7740]
[robot_supervisor-7] [INFO] [1776844273.205251342] [robot_0.robot_supervisor]: Detected zone changed to LEFT
[image_processor-25] [INFO] [1776844273.217625172] [robot_4.image_processor]: Zone=LEFT  left[p=0.535 near=7650 v=7650]  front[p=0.648 near=8952 v=13500]  right[p=0.947 near=0 v=7740]
[robot_supervisor-19] [INFO] [1776844273.218462517] [robot_4.robot_supervisor]: Detected zone changed to LEFT
[robot_supervisor-10] [INFO] [1776844273.232990620] [robot_1.robot_supervisor]: FULL ROTATE active (accum_rad=1.369, timed_fallback=False, stall_count=0)
[image_processor-22] [INFO] [1776844273.233157526] [robot_1.image_processor]: Zone=LEFT  left[p=0.751 near=2466 v=7650]  front[p=1.067 near=0 v=13500]  right[p=2.447 near=70 v=6717]
[robot_supervisor-10] [INFO] [1776844273.234071969] [robot_1.robot_supervisor]: Detected zone changed to LEFT
[robot_supervisor-16] [INFO] [1776844273.278188096] [robot_3.robot_supervisor]: FULL ROTATE active (accum_rad=0.008, timed_fallback=False, stall_count=0)
[robot_supervisor-7] [INFO] [1776844273.279984646] [robot_0.robot_supervisor]: FULL ROTATE active (accum_rad=1.175, timed_fallback=False, stall_count=0)
[robot_supervisor-13] [INFO] [1776844273.332732069] [robot_2.robot_supervisor]: Selected controllable event: EV_rotate_counterclockwise
[robot_supervisor-10] [INFO] [1776844273.332988182] [robot_1.robot_supervisor]: FULL ROTATE active (accum_rad=1.469, timed_fallback=False, stall_count=0)
[robot_supervisor-16] [INFO] [1776844273.378217611] [robot_3.robot_supervisor]: FULL ROTATE active (accum_rad=0.046, timed_fallback=False, stall_count=0)
[robot_supervisor-7] [INFO] [1776844273.380076832] [robot_0.robot_supervisor]: FULL ROTATE active (accum_rad=1.275, timed_fallback=False, stall_count=0)
[robot_supervisor-10] [INFO] [1776844273.432981255] [robot_1.robot_supervisor]: FULL ROTATE active (accum_rad=1.569, timed_fallback=False, stall_count=0)
[robot_supervisor-19] [INFO] [1776844273.440451664] [robot_4.robot_supervisor]: Selected controllable event: EV_rotate_clockwise
[robot_supervisor-16] [INFO] [1776844273.478340238] [robot_3.robot_supervisor]: FULL ROTATE active (accum_rad=0.113, timed_fallback=False, stall_count=0)
[robot_supervisor-7] [INFO] [1776844273.480150638] [robot_0.robot_supervisor]: FULL ROTATE active (accum_rad=1.375, timed_fallback=False, stall_count=0)
[robot_supervisor-10] [INFO] [1776844273.532966387] [robot_1.robot_supervisor]: FULL ROTATE active (accum_rad=1.669, timed_fallback=False, stall_count=0)
[robot_supervisor-16] [INFO] [1776844273.578328467] [robot_3.robot_supervisor]: FULL ROTATE active (accum_rad=0.208, timed_fallback=False, stall_count=0)
[robot_supervisor-7] [INFO] [1776844273.579905644] [robot_0.robot_supervisor]: FULL ROTATE active (accum_rad=1.475, timed_fallback=False, stall_count=0)
[robot_supervisor-10] [INFO] [1776844273.632903171] [robot_1.robot_supervisor]: FULL ROTATE active (accum_rad=1.769, timed_fallback=False, stall_count=0)
[robot_supervisor-16] [INFO] [1776844273.678640200] [robot_3.robot_supervisor]: FULL ROTATE active (accum_rad=0.308, timed_fallback=False, stall_count=0)
[robot_supervisor-7] [INFO] [1776844273.680122511] [robot_0.robot_supervisor]: FULL ROTATE active (accum_rad=1.575, timed_fallback=False, stall_count=0)
[robot_supervisor-10] [INFO] [1776844273.733110878] [robot_1.robot_supervisor]: FULL ROTATE active (accum_rad=1.869, timed_fallback=False, stall_count=0)
[robot_supervisor-16] [INFO] [1776844273.778155343] [robot_3.robot_supervisor]: FULL ROTATE active (accum_rad=0.408, timed_fallback=False, stall_count=0)
[robot_supervisor-7] [INFO] [1776844273.780076126] [robot_0.robot_supervisor]: FULL ROTATE active (accum_rad=1.675, timed_fallback=False, stall_count=0)
[robot_supervisor-10] [INFO] [1776844273.833183458] [robot_1.robot_supervisor]: FULL ROTATE active (accum_rad=1.969, timed_fallback=False, stall_count=0)
[robot_supervisor-16] [INFO] [1776844273.878196831] [robot_3.robot_supervisor]: FULL ROTATE active (accum_rad=0.508, timed_fallback=False, stall_count=0)
[robot_supervisor-7] [INFO] [1776844273.880093717] [robot_0.robot_supervisor]: FULL ROTATE active (accum_rad=1.775, timed_fallback=False, stall_count=0)
[robot_supervisor-10] [INFO] [1776844273.932993930] [robot_1.robot_supervisor]: FULL ROTATE active (accum_rad=2.069, timed_fallback=False, stall_count=0)
[bump_counter-3] [INFO] [1776844273.961780346] [bump_counter]: [global] bump #4 (obstacle) with: box3::link::collision
[robot_supervisor-16] [INFO] [1776844273.978150884] [robot_3.robot_supervisor]: FULL ROTATE active (accum_rad=0.608, timed_fallback=False, stall_count=0)
[robot_supervisor-7] [INFO] [1776844273.980088379] [robot_0.robot_supervisor]: FULL ROTATE active (accum_rad=1.875, timed_fallback=False, stall_count=0)
[robot_supervisor-10] [INFO] [1776844274.033208728] [robot_1.robot_supervisor]: FULL ROTATE active (accum_rad=2.169, timed_fallback=False, stall_count=0)
[robot_supervisor-16] [INFO] [1776844274.078246652] [robot_3.robot_supervisor]: FULL ROTATE active (accum_rad=0.708, timed_fallback=False, stall_count=0)
[robot_supervisor-7] [INFO] [1776844274.080075676] [robot_0.robot_supervisor]: FULL ROTATE active (accum_rad=1.975, timed_fallback=False, stall_count=0)
[robot_supervisor-10] [INFO] [1776844274.132992792] [robot_1.robot_supervisor]: FULL ROTATE active (accum_rad=2.269, timed_fallback=False, stall_count=0)
[robot_supervisor-16] [INFO] [1776844274.178153749] [robot_3.robot_supervisor]: FULL ROTATE active (accum_rad=0.808, timed_fallback=False, stall_count=0)
[robot_supervisor-7] [INFO] [1776844274.179916338] [robot_0.robot_supervisor]: FULL ROTATE active (accum_rad=2.075, timed_fallback=False, stall_count=0)
[robot_supervisor-10] [INFO] [1776844274.233041470] [robot_1.robot_supervisor]: FULL ROTATE active (accum_rad=2.369, timed_fallback=False, stall_count=0)
[robot_supervisor-16] [INFO] [1776844274.278260574] [robot_3.robot_supervisor]: FULL ROTATE active (accum_rad=0.908, timed_fallback=False, stall_count=0)
[robot_supervisor-7] [INFO] [1776844274.280334267] [robot_0.robot_supervisor]: FULL ROTATE active (accum_rad=2.175, timed_fallback=False, stall_count=0)
[robot_supervisor-10] [INFO] [1776844274.333083770] [robot_1.robot_supervisor]: FULL ROTATE active (accum_rad=2.469, timed_fallback=False, stall_count=0)
[robot_supervisor-16] [INFO] [1776844274.378147878] [robot_3.robot_supervisor]: FULL ROTATE active (accum_rad=1.008, timed_fallback=False, stall_count=0)
[robot_supervisor-7] [INFO] [1776844274.380456871] [robot_0.robot_supervisor]: FULL ROTATE active (accum_rad=2.275, timed_fallback=False, stall_count=0)
[robot_supervisor-10] [INFO] [1776844274.432968537] [robot_1.robot_supervisor]: FULL ROTATE active (accum_rad=2.569, timed_fallback=False, stall_count=0)
[robot_supervisor-16] [INFO] [1776844274.478077309] [robot_3.robot_supervisor]: FULL ROTATE active (accum_rad=1.108, timed_fallback=False, stall_count=0)
[robot_supervisor-7] [INFO] [1776844274.480318194] [robot_0.robot_supervisor]: FULL ROTATE active (accum_rad=2.375, timed_fallback=False, stall_count=0)
[robot_supervisor-10] [INFO] [1776844274.532877196] [robot_1.robot_supervisor]: FULL ROTATE active (accum_rad=2.669, timed_fallback=False, stall_count=0)
[robot_supervisor-16] [INFO] [1776844274.578248976] [robot_3.robot_supervisor]: FULL ROTATE active (accum_rad=1.208, timed_fallback=False, stall_count=0)
[robot_supervisor-7] [INFO] [1776844274.580132841] [robot_0.robot_supervisor]: FULL ROTATE active (accum_rad=2.475, timed_fallback=False, stall_count=0)
[robot_supervisor-10] [INFO] [1776844274.632751298] [robot_1.robot_supervisor]: FULL ROTATE active (accum_rad=2.769, timed_fallback=False, stall_count=0)
[robot_supervisor-16] [INFO] [1776844274.678345007] [robot_3.robot_supervisor]: FULL ROTATE active (accum_rad=1.308, timed_fallback=False, stall_count=0)
[robot_supervisor-7] [INFO] [1776844274.680440649] [robot_0.robot_supervisor]: FULL ROTATE active (accum_rad=2.575, timed_fallback=False, stall_count=0)
[robot_supervisor-10] [INFO] [1776844274.732866395] [robot_1.robot_supervisor]: FULL ROTATE active (accum_rad=2.869, timed_fallback=False, stall_count=0)
[robot_supervisor-16] [INFO] [1776844274.778288950] [robot_3.robot_supervisor]: FULL ROTATE active (accum_rad=1.408, timed_fallback=False, stall_count=0)
[robot_supervisor-7] [INFO] [1776844274.780101239] [robot_0.robot_supervisor]: FULL ROTATE active (accum_rad=2.675, timed_fallback=False, stall_count=0)
[robot_supervisor-10] [INFO] [1776844274.833289032] [robot_1.robot_supervisor]: FULL ROTATE active (accum_rad=2.969, timed_fallback=False, stall_count=0)
[robot_supervisor-16] [INFO] [1776844274.878256026] [robot_3.robot_supervisor]: FULL ROTATE active (accum_rad=1.508, timed_fallback=False, stall_count=0)
[robot_supervisor-7] [INFO] [1776844274.880192635] [robot_0.robot_supervisor]: FULL ROTATE active (accum_rad=2.775, timed_fallback=False, stall_count=0)
[robot_supervisor-10] [INFO] [1776844274.933229120] [robot_1.robot_supervisor]: FULL ROTATE active (accum_rad=3.069, timed_fallback=False, stall_count=0)
[robot_supervisor-10] [INFO] [1776844274.933979662] [robot_1.robot_supervisor]: FULL ROTATE completed by odom (accum_rad=3.169)
[robot_supervisor-10] [INFO] [1776844274.934628718] [robot_1.robot_supervisor]: FULL ROTATE stopped; supervisor will select next event next tick
[robot_supervisor-16] [INFO] [1776844274.978231958] [robot_3.robot_supervisor]: FULL ROTATE active (accum_rad=1.608, timed_fallback=False, stall_count=0)
[robot_supervisor-7] [INFO] [1776844274.980186510] [robot_0.robot_supervisor]: FULL ROTATE active (accum_rad=2.875, timed_fallback=False, stall_count=0)
[robot_supervisor-16] [INFO] [1776844275.078219488] [robot_3.robot_supervisor]: FULL ROTATE active (accum_rad=1.708, timed_fallback=False, stall_count=0)
[robot_supervisor-7] [INFO] [1776844275.080092580] [robot_0.robot_supervisor]: FULL ROTATE active (accum_rad=2.975, timed_fallback=False, stall_count=0)
[bump_counter-3] [INFO] [1776844275.132177252] [bump_counter]: [global] bump #5 (obstacle) with: box3::link::collision
[robot_supervisor-16] [INFO] [1776844275.178255777] [robot_3.robot_supervisor]: FULL ROTATE active (accum_rad=1.808, timed_fallback=False, stall_count=0)
[robot_supervisor-7] [INFO] [1776844275.180154583] [robot_0.robot_supervisor]: FULL ROTATE active (accum_rad=3.075, timed_fallback=False, stall_count=0)
[robot_supervisor-7] [INFO] [1776844275.180716527] [robot_0.robot_supervisor]: FULL ROTATE completed by odom (accum_rad=3.175)
[robot_supervisor-7] [INFO] [1776844275.181181009] [robot_0.robot_supervisor]: FULL ROTATE stopped; supervisor will select next event next tick
[robot_supervisor-16] [INFO] [1776844275.278331946] [robot_3.robot_supervisor]: FULL ROTATE active (accum_rad=1.908, timed_fallback=False, stall_count=0)
[robot_supervisor-10] [INFO] [1776844275.333100690] [robot_1.robot_supervisor]: Selected controllable event: EV_rotate_clockwise
[robot_supervisor-16] [INFO] [1776844275.378218041] [robot_3.robot_supervisor]: FULL ROTATE active (accum_rad=2.008, timed_fallback=False, stall_count=0)
[robot_supervisor-13] [INFO] [1776844275.433073722] [robot_2.robot_supervisor]: Selected controllable event: EV_rotate_counterclockwise
[robot_supervisor-13] [INFO] [1776844275.433516392] [robot_2.robot_supervisor]: rotate_90 blocked by recent completion; stopping this tick
[robot_supervisor-16] [INFO] [1776844275.478245586] [robot_3.robot_supervisor]: FULL ROTATE active (accum_rad=2.108, timed_fallback=False, stall_count=0)
[robot_supervisor-7] [INFO] [1776844275.480504468] [robot_0.robot_supervisor]: Selected controllable event: EV_rotate_clockwise
[robot_supervisor-13] [INFO] [1776844275.532962022] [robot_2.robot_supervisor]: Selected controllable event: EV_rotate_counterclockwise
[robot_supervisor-13] [INFO] [1776844275.533369577] [robot_2.robot_supervisor]: rotate_90 blocked by recent completion; stopping this tick
[robot_supervisor-19] [INFO] [1776844275.540388244] [robot_4.robot_supervisor]: Selected controllable event: EV_rotate_clockwise
[robot_supervisor-19] [INFO] [1776844275.540800247] [robot_4.robot_supervisor]: rotate_90 blocked by recent completion; stopping this tick
[robot_supervisor-16] [INFO] [1776844275.578145953] [robot_3.robot_supervisor]: FULL ROTATE active (accum_rad=2.208, timed_fallback=False, stall_count=0)
[robot_supervisor-13] [INFO] [1776844275.632933432] [robot_2.robot_supervisor]: Selected controllable event: EV_rotate_counterclockwise
[robot_supervisor-13] [INFO] [1776844275.633328281] [robot_2.robot_supervisor]: rotate_90 blocked by recent completion; stopping this tick
[robot_supervisor-19] [INFO] [1776844275.640345729] [robot_4.robot_supervisor]: Selected controllable event: EV_rotate_clockwise
[robot_supervisor-19] [INFO] [1776844275.640745470] [robot_4.robot_supervisor]: rotate_90 blocked by recent completion; stopping this tick
[image_processor-24] [INFO] [1776844275.670754326] [robot_3.image_processor]: Zone=CORNER
[robot_supervisor-16] [INFO] [1776844275.678104359] [robot_3.robot_supervisor]: FULL ROTATE active (accum_rad=2.308, timed_fallback=False, stall_count=0)
[image_processor-23] [INFO] [1776844275.686999544] [robot_2.image_processor]: Zone=RIGHT
[image_processor-21] [INFO] [1776844275.697070322] [robot_0.image_processor]: Zone=CORNER  left[p=0.529 near=7650 v=7650]  front[p=0.550 near=11274 v=13500]  right[p=0.425 near=7740 v=7740]
[robot_supervisor-7] [INFO] [1776844275.697728994] [robot_0.robot_supervisor]: Detected zone changed to CORNER
[image_processor-25] [INFO] [1776844275.710024200] [robot_4.image_processor]: Zone=LEFT
[image_processor-22] [INFO] [1776844275.720897689] [robot_1.image_processor]: Zone=RIGHT  left[p=1.908 near=0 v=7650]  front[p=1.064 near=0 v=13500]  right[p=0.750 near=2527 v=7740]
[robot_supervisor-10] [INFO] [1776844275.721694909] [robot_1.robot_supervisor]: Detected zone changed to RIGHT
[robot_supervisor-13] [INFO] [1776844275.732936104] [robot_2.robot_supervisor]: Selected controllable event: EV_rotate_counterclockwise
[robot_supervisor-19] [INFO] [1776844275.740550616] [robot_4.robot_supervisor]: Selected controllable event: EV_rotate_clockwise
[robot_supervisor-19] [INFO] [1776844275.740959291] [robot_4.robot_supervisor]: rotate_90 blocked by recent completion; stopping this tick
[robot_supervisor-16] [INFO] [1776844275.778323626] [robot_3.robot_supervisor]: FULL ROTATE active (accum_rad=2.408, timed_fallback=False, stall_count=0)
[robot_supervisor-19] [INFO] [1776844275.840626885] [robot_4.robot_supervisor]: Selected controllable event: EV_rotate_clockwise
[robot_supervisor-16] [INFO] [1776844275.878199984] [robot_3.robot_supervisor]: FULL ROTATE active (accum_rad=2.508, timed_fallback=False, stall_count=0)
[robot_supervisor-16] [INFO] [1776844275.978225917] [robot_3.robot_supervisor]: FULL ROTATE active (accum_rad=2.608, timed_fallback=False, stall_count=0)
[robot_supervisor-16] [INFO] [1776844276.078293071] [robot_3.robot_supervisor]: FULL ROTATE active (accum_rad=2.708, timed_fallback=False, stall_count=0)
[robot_supervisor-16] [INFO] [1776844276.178344123] [robot_3.robot_supervisor]: FULL ROTATE active (accum_rad=2.808, timed_fallback=False, stall_count=0)
[robot_supervisor-16] [INFO] [1776844276.278323557] [robot_3.robot_supervisor]: FULL ROTATE active (accum_rad=2.908, timed_fallback=False, stall_count=0)
[robot_supervisor-16] [INFO] [1776844276.378483915] [robot_3.robot_supervisor]: FULL ROTATE active (accum_rad=3.008, timed_fallback=False, stall_count=0)
[robot_supervisor-16] [INFO] [1776844276.478358072] [robot_3.robot_supervisor]: FULL ROTATE active (accum_rad=3.108, timed_fallback=False, stall_count=0)
[robot_supervisor-16] [INFO] [1776844276.478854172] [robot_3.robot_supervisor]: FULL ROTATE completed by odom (accum_rad=3.208)
[robot_supervisor-16] [INFO] [1776844276.479284647] [robot_3.robot_supervisor]: FULL ROTATE stopped; supervisor will select next event next tick
[robot_supervisor-16] [INFO] [1776844276.878342366] [robot_3.robot_supervisor]: Selected controllable event: EV_rotate_clockwise
[robot_supervisor-10] [INFO] [1776844277.433007518] [robot_1.robot_supervisor]: Selected controllable event: EV_rotate_clockwise
[robot_supervisor-10] [INFO] [1776844277.433313443] [robot_1.robot_supervisor]: rotate_90 blocked by recent completion; stopping this tick
[robot_supervisor-10] [INFO] [1776844277.533035811] [robot_1.robot_supervisor]: Selected controllable event: EV_rotate_counterclockwise
[robot_supervisor-10] [INFO] [1776844277.533434486] [robot_1.robot_supervisor]: rotate_90 blocked by recent completion; stopping this tick
[robot_supervisor-7] [INFO] [1776844277.580212648] [robot_0.robot_supervisor]: Selected controllable event: EV_full_rotate
[robot_supervisor-7] [INFO] [1776844277.580619771] [robot_0.robot_supervisor]: full_rotate blocked by cooldown; stopping this tick
[robot_supervisor-10] [INFO] [1776844277.633048730] [robot_1.robot_supervisor]: Selected controllable event: EV_rotate_counterclockwise
[robot_supervisor-10] [INFO] [1776844277.633463832] [robot_1.robot_supervisor]: rotate_90 blocked by recent completion; stopping this tick
[robot_supervisor-7] [INFO] [1776844277.680002627] [robot_0.robot_supervisor]: Selected controllable event: EV_rotate_clockwise
[robot_supervisor-7] [INFO] [1776844277.680301190] [robot_0.robot_supervisor]: rotate_90 blocked by recent completion; stopping this tick
[robot_supervisor-10] [INFO] [1776844277.733199383] [robot_1.robot_supervisor]: Selected controllable event: EV_rotate_counterclockwise
[robot_supervisor-7] [INFO] [1776844277.780608524] [robot_0.robot_supervisor]: Selected controllable event: EV_full_rotate
[robot_supervisor-7] [INFO] [1776844277.781050875] [robot_0.robot_supervisor]: full_rotate blocked by cooldown; stopping this tick
[robot_supervisor-7] [INFO] [1776844277.880395498] [robot_0.robot_supervisor]: Selected controllable event: EV_rotate_clockwise
[robot_supervisor-13] [INFO] [1776844277.932900453] [robot_2.robot_supervisor]: Selected controllable event: EV_rotate_counterclockwise
[robot_supervisor-13] [INFO] [1776844277.933303587] [robot_2.robot_supervisor]: rotate_90 blocked by recent completion; stopping this tick
[robot_supervisor-13] [INFO] [1776844278.032959801] [robot_2.robot_supervisor]: Selected controllable event: EV_rotate_counterclockwise
[robot_supervisor-13] [INFO] [1776844278.033358014] [robot_2.robot_supervisor]: rotate_90 blocked by recent completion; stopping this tick
[robot_supervisor-19] [INFO] [1776844278.040330046] [robot_4.robot_supervisor]: Selected controllable event: EV_rotate_clockwise
[robot_supervisor-19] [INFO] [1776844278.040775356] [robot_4.robot_supervisor]: rotate_90 blocked by recent completion; stopping this tick
[bump_counter-3] [INFO] [1776844278.071235580] [bump_counter]: [global] bump #6 (obstacle) with: box3::link::collision
[robot_supervisor-13] [INFO] [1776844278.132923776] [robot_2.robot_supervisor]: Selected controllable event: EV_rotate_counterclockwise
[robot_supervisor-19] [INFO] [1776844278.140149551] [robot_4.robot_supervisor]: Selected controllable event: EV_rotate_clockwise
[robot_supervisor-19] [INFO] [1776844278.140406921] [robot_4.robot_supervisor]: rotate_90 blocked by recent completion; stopping this tick
[image_processor-24] [INFO] [1776844278.171632985] [robot_3.image_processor]: Zone=CORNER
[image_processor-23] [INFO] [1776844278.182535822] [robot_2.image_processor]: Zone=CLEAR  left[p=0.822 near=513 v=7650]  front[p=1.337 near=0 v=13500]  right[p=2.473 near=0 v=7256]
[robot_supervisor-13] [INFO] [1776844278.183492242] [robot_2.robot_supervisor]: Detected zone changed to CLEAR
[image_processor-21] [INFO] [1776844278.202468466] [robot_0.image_processor]: Zone=CORNER
[image_processor-25] [INFO] [1776844278.219381990] [robot_4.image_processor]: Zone=CLEAR  left[p=2.823 near=0 v=5002]  front[p=1.080 near=0 v=9631]  right[p=0.921 near=0 v=7740]
[robot_supervisor-19] [INFO] [1776844278.220161135] [robot_4.robot_supervisor]: Detected zone changed to CLEAR
[image_processor-22] [INFO] [1776844278.230751135] [robot_1.image_processor]: Zone=LEFT  left[p=0.760 near=2813 v=7650]  front[p=0.937 near=0 v=13500]  right[p=1.448 near=0 v=7740]
[robot_supervisor-10] [INFO] [1776844278.231473404] [robot_1.robot_supervisor]: Detected zone changed to LEFT
[robot_supervisor-19] [INFO] [1776844278.240147968] [robot_4.robot_supervisor]: Selected controllable event: EV_random_walk
[robot_supervisor-19] [INFO] [1776844278.540315027] [robot_4.robot_supervisor]: Selected controllable event: EV_move_forward
[robot_supervisor-19] [INFO] [1776844278.840253553] [robot_4.robot_supervisor]: Selected controllable event: EV_random_walk
[robot_supervisor-16] [INFO] [1776844279.078266688] [robot_3.robot_supervisor]: Selected controllable event: EV_full_rotate
[robot_supervisor-16] [INFO] [1776844279.078897652] [robot_3.robot_supervisor]: Starting FULL ROTATE (omega=1.000, have_odom=True, target_rad=3.142, timeout_s=3.500)
[robot_supervisor-19] [INFO] [1776844279.140340972] [robot_4.robot_supervisor]: Selected controllable event: EV_move_forward
[robot_supervisor-16] [INFO] [1776844279.178182866] [robot_3.robot_supervisor]: FULL ROTATE active (accum_rad=0.000, timed_fallback=False, stall_count=0)
[robot_supervisor-16] [INFO] [1776844279.278104058] [robot_3.robot_supervisor]: FULL ROTATE active (accum_rad=0.008, timed_fallback=False, stall_count=0)
[robot_supervisor-16] [INFO] [1776844279.378164680] [robot_3.robot_supervisor]: FULL ROTATE active (accum_rad=0.046, timed_fallback=False, stall_count=0)
[robot_supervisor-19] [INFO] [1776844279.440208072] [robot_4.robot_supervisor]: Selected controllable event: EV_random_walk
[robot_supervisor-16] [INFO] [1776844279.478177715] [robot_3.robot_supervisor]: FULL ROTATE active (accum_rad=0.113, timed_fallback=False, stall_count=0)
[robot_supervisor-16] [INFO] [1776844279.578449250] [robot_3.robot_supervisor]: FULL ROTATE active (accum_rad=0.208, timed_fallback=False, stall_count=0)
[robot_supervisor-16] [INFO] [1776844279.678572772] [robot_3.robot_supervisor]: FULL ROTATE active (accum_rad=0.308, timed_fallback=False, stall_count=0)
[robot_supervisor-19] [INFO] [1776844279.740597494] [robot_4.robot_supervisor]: Selected controllable event: EV_move_forward
[robot_supervisor-16] [INFO] [1776844279.778253301] [robot_3.robot_supervisor]: FULL ROTATE active (accum_rad=0.408, timed_fallback=False, stall_count=0)
[robot_supervisor-16] [INFO] [1776844279.878493751] [robot_3.robot_supervisor]: FULL ROTATE active (accum_rad=0.508, timed_fallback=False, stall_count=0)
[robot_supervisor-10] [INFO] [1776844279.933283741] [robot_1.robot_supervisor]: Selected controllable event: EV_rotate_counterclockwise
[robot_supervisor-10] [INFO] [1776844279.933894586] [robot_1.robot_supervisor]: rotate_90 blocked by recent completion; stopping this tick
[robot_supervisor-16] [INFO] [1776844279.978530545] [robot_3.robot_supervisor]: FULL ROTATE active (accum_rad=0.608, timed_fallback=False, stall_count=0)
[robot_supervisor-10] [INFO] [1776844280.032990022] [robot_1.robot_supervisor]: Selected controllable event: EV_rotate_clockwise
[robot_supervisor-10] [INFO] [1776844280.033371609] [robot_1.robot_supervisor]: rotate_90 blocked by recent completion; stopping this tick
[robot_supervisor-19] [INFO] [1776844280.040293747] [robot_4.robot_supervisor]: Selected controllable event: EV_random_walk
[robot_supervisor-16] [INFO] [1776844280.078512187] [robot_3.robot_supervisor]: FULL ROTATE active (accum_rad=0.708, timed_fallback=False, stall_count=0)
[robot_supervisor-7] [INFO] [1776844280.080148012] [robot_0.robot_supervisor]: Selected controllable event: EV_full_rotate
[robot_supervisor-7] [INFO] [1776844280.080608446] [robot_0.robot_supervisor]: Starting FULL ROTATE (omega=1.000, have_odom=True, target_rad=3.142, timeout_s=3.500)
[robot_supervisor-10] [INFO] [1776844280.132960278] [robot_1.robot_supervisor]: Selected controllable event: EV_rotate_clockwise
[robot_supervisor-16] [INFO] [1776844280.178516631] [robot_3.robot_supervisor]: FULL ROTATE active (accum_rad=0.808, timed_fallback=False, stall_count=0)
[robot_supervisor-7] [INFO] [1776844280.180087566] [robot_0.robot_supervisor]: FULL ROTATE active (accum_rad=0.000, timed_fallback=False, stall_count=0)
[robot_supervisor-16] [INFO] [1776844280.278457803] [robot_3.robot_supervisor]: FULL ROTATE active (accum_rad=0.908, timed_fallback=False, stall_count=0)
[robot_supervisor-7] [INFO] [1776844280.280051185] [robot_0.robot_supervisor]: FULL ROTATE active (accum_rad=0.008, timed_fallback=False, stall_count=0)
[robot_supervisor-13] [INFO] [1776844280.332890705] [robot_2.robot_supervisor]: Selected controllable event: EV_random_walk
[robot_supervisor-19] [INFO] [1776844280.340237495] [robot_4.robot_supervisor]: Selected controllable event: EV_move_forward
[robot_supervisor-16] [INFO] [1776844280.378670941] [robot_3.robot_supervisor]: FULL ROTATE active (accum_rad=1.008, timed_fallback=False, stall_count=0)
[robot_supervisor-7] [INFO] [1776844280.380063016] [robot_0.robot_supervisor]: FULL ROTATE active (accum_rad=0.046, timed_fallback=False, stall_count=0)
[robot_supervisor-16] [INFO] [1776844280.478310416] [robot_3.robot_supervisor]: FULL ROTATE active (accum_rad=1.108, timed_fallback=False, stall_count=0)
[robot_supervisor-7] [INFO] [1776844280.480041801] [robot_0.robot_supervisor]: FULL ROTATE active (accum_rad=0.113, timed_fallback=False, stall_count=0)
[robot_supervisor-16] [INFO] [1776844280.578246236] [robot_3.robot_supervisor]: FULL ROTATE active (accum_rad=1.208, timed_fallback=False, stall_count=0)
[robot_supervisor-7] [INFO] [1776844280.580310654] [robot_0.robot_supervisor]: FULL ROTATE active (accum_rad=0.208, timed_fallback=False, stall_count=0)
[robot_supervisor-13] [INFO] [1776844280.633216347] [robot_2.robot_supervisor]: Selected controllable event: EV_move_forward
[robot_supervisor-19] [INFO] [1776844280.640555482] [robot_4.robot_supervisor]: Selected controllable event: EV_random_walk
[image_processor-24] [INFO] [1776844280.675366247] [robot_3.image_processor]: Zone=CORNER
[robot_supervisor-16] [INFO] [1776844280.678404398] [robot_3.robot_supervisor]: FULL ROTATE active (accum_rad=1.308, timed_fallback=False, stall_count=0)
[robot_supervisor-7] [INFO] [1776844280.680382937] [robot_0.robot_supervisor]: FULL ROTATE active (accum_rad=0.308, timed_fallback=False, stall_count=0)
[image_processor-23] [INFO] [1776844280.686891228] [robot_2.image_processor]: Zone=CORNER  left[p=0.248 near=7650 v=7650]  front[p=0.279 near=13500 v=13500]  right[p=0.342 near=7740 v=7740]
[robot_supervisor-13] [INFO] [1776844280.687699531] [robot_2.robot_supervisor]: Detected zone changed to CORNER
[image_processor-21] [INFO] [1776844280.705228846] [robot_0.image_processor]: Zone=CORNER
[image_processor-25] [INFO] [1776844280.727139205] [robot_4.image_processor]: Zone=RIGHT  left[p=3.042 near=0 v=5227]  front[p=2.468 near=0 v=10475]  right[p=0.440 near=6913 v=7740]
[robot_supervisor-19] [INFO] [1776844280.728177636] [robot_4.robot_supervisor]: Detected zone changed to RIGHT
[image_processor-22] [INFO] [1776844280.737807985] [robot_1.image_processor]: Zone=RIGHT  left[p=1.901 near=0 v=7650]  front[p=0.979 near=0 v=13500]  right[p=0.743 near=3192 v=7740]
[robot_supervisor-10] [INFO] [1776844280.738500449] [robot_1.robot_supervisor]: Detected zone changed to RIGHT
[robot_supervisor-16] [INFO] [1776844280.778241772] [robot_3.robot_supervisor]: FULL ROTATE active (accum_rad=1.408, timed_fallback=False, stall_count=0)
[robot_supervisor-7] [INFO] [1776844280.780266905] [robot_0.robot_supervisor]: FULL ROTATE active (accum_rad=0.408, timed_fallback=False, stall_count=0)
[robot_supervisor-16] [INFO] [1776844280.878482486] [robot_3.robot_supervisor]: FULL ROTATE active (accum_rad=1.508, timed_fallback=False, stall_count=0)
[robot_supervisor-7] [INFO] [1776844280.880292380] [robot_0.robot_supervisor]: FULL ROTATE active (accum_rad=0.508, timed_fallback=False, stall_count=0)
[robot_supervisor-13] [INFO] [1776844280.932923437] [robot_2.robot_supervisor]: Selected controllable event: EV_rotate_clockwise
[robot_supervisor-19] [INFO] [1776844280.940227600] [robot_4.robot_supervisor]: Selected controllable event: EV_rotate_counterclockwise
[robot_supervisor-16] [INFO] [1776844280.978160265] [robot_3.robot_supervisor]: FULL ROTATE active (accum_rad=1.608, timed_fallback=False, stall_count=0)
[robot_supervisor-7] [INFO] [1776844280.980383353] [robot_0.robot_supervisor]: FULL ROTATE active (accum_rad=0.608, timed_fallback=False, stall_count=0)
[robot_supervisor-16] [INFO] [1776844281.078556745] [robot_3.robot_supervisor]: FULL ROTATE active (accum_rad=1.708, timed_fallback=False, stall_count=0)
[robot_supervisor-7] [INFO] [1776844281.080235504] [robot_0.robot_supervisor]: FULL ROTATE active (accum_rad=0.708, timed_fallback=False, stall_count=0)
[robot_supervisor-16] [INFO] [1776844281.178427687] [robot_3.robot_supervisor]: FULL ROTATE active (accum_rad=1.808, timed_fallback=False, stall_count=0)
[robot_supervisor-7] [INFO] [1776844281.179998042] [robot_0.robot_supervisor]: FULL ROTATE active (accum_rad=0.808, timed_fallback=False, stall_count=0)
[robot_supervisor-16] [INFO] [1776844281.278419128] [robot_3.robot_supervisor]: FULL ROTATE active (accum_rad=1.908, timed_fallback=False, stall_count=0)
[robot_supervisor-7] [INFO] [1776844281.280356759] [robot_0.robot_supervisor]: FULL ROTATE active (accum_rad=0.908, timed_fallback=False, stall_count=0)
[robot_supervisor-16] [INFO] [1776844281.378562788] [robot_3.robot_supervisor]: FULL ROTATE active (accum_rad=2.008, timed_fallback=False, stall_count=0)
[robot_supervisor-7] [INFO] [1776844281.380057056] [robot_0.robot_supervisor]: FULL ROTATE active (accum_rad=1.008, timed_fallback=False, stall_count=0)
[bump_counter-3] [INFO] [1776844281.392407616] [bump_counter]: [global] bump #7 (obstacle) with: south_wall::link::collision
[robot_supervisor-16] [INFO] [1776844281.478637111] [robot_3.robot_supervisor]: FULL ROTATE active (accum_rad=2.108, timed_fallback=False, stall_count=0)
[robot_supervisor-7] [INFO] [1776844281.480045143] [robot_0.robot_supervisor]: FULL ROTATE active (accum_rad=1.108, timed_fallback=False, stall_count=0)
[robot_supervisor-16] [INFO] [1776844281.578425571] [robot_3.robot_supervisor]: FULL ROTATE active (accum_rad=2.208, timed_fallback=False, stall_count=0)
[robot_supervisor-7] [INFO] [1776844281.580027042] [robot_0.robot_supervisor]: FULL ROTATE active (accum_rad=1.208, timed_fallback=False, stall_count=0)
[bump_counter-3] [INFO] [1776844281.582670164] [bump_counter]: [global] bump #8 (obstacle) with: box3::link::collision
[robot_supervisor-16] [INFO] [1776844281.678233659] [robot_3.robot_supervisor]: FULL ROTATE active (accum_rad=2.308, timed_fallback=False, stall_count=0)
[robot_supervisor-7] [INFO] [1776844281.680011211] [robot_0.robot_supervisor]: FULL ROTATE active (accum_rad=1.308, timed_fallback=False, stall_count=0)
[robot_supervisor-16] [INFO] [1776844281.778327115] [robot_3.robot_supervisor]: FULL ROTATE active (accum_rad=2.408, timed_fallback=False, stall_count=0)
[robot_supervisor-7] [INFO] [1776844281.780320099] [robot_0.robot_supervisor]: FULL ROTATE active (accum_rad=1.408, timed_fallback=False, stall_count=0)
[robot_supervisor-16] [INFO] [1776844281.878486408] [robot_3.robot_supervisor]: FULL ROTATE active (accum_rad=2.508, timed_fallback=False, stall_count=0)
[robot_supervisor-7] [INFO] [1776844281.880198317] [robot_0.robot_supervisor]: FULL ROTATE active (accum_rad=1.508, timed_fallback=False, stall_count=0)
[robot_supervisor-16] [INFO] [1776844281.978074138] [robot_3.robot_supervisor]: FULL ROTATE active (accum_rad=2.608, timed_fallback=False, stall_count=0)
[robot_supervisor-7] [INFO] [1776844281.980029302] [robot_0.robot_supervisor]: FULL ROTATE active (accum_rad=1.608, timed_fallback=False, stall_count=0)
[robot_supervisor-16] [INFO] [1776844282.078476175] [robot_3.robot_supervisor]: FULL ROTATE active (accum_rad=2.708, timed_fallback=False, stall_count=0)
[robot_supervisor-7] [INFO] [1776844282.079900167] [robot_0.robot_supervisor]: FULL ROTATE active (accum_rad=1.708, timed_fallback=False, stall_count=0)
[robot_supervisor-16] [INFO] [1776844282.178411309] [robot_3.robot_supervisor]: FULL ROTATE active (accum_rad=2.808, timed_fallback=False, stall_count=0)
[robot_supervisor-7] [INFO] [1776844282.180432580] [robot_0.robot_supervisor]: FULL ROTATE active (accum_rad=1.808, timed_fallback=False, stall_count=0)
[robot_supervisor-16] [INFO] [1776844282.278133175] [robot_3.robot_supervisor]: FULL ROTATE active (accum_rad=2.908, timed_fallback=False, stall_count=0)
[robot_supervisor-7] [INFO] [1776844282.280124090] [robot_0.robot_supervisor]: FULL ROTATE active (accum_rad=1.908, timed_fallback=False, stall_count=0)
[robot_supervisor-10] [INFO] [1776844282.332973895] [robot_1.robot_supervisor]: Selected controllable event: EV_rotate_counterclockwise
[robot_supervisor-10] [INFO] [1776844282.333349098] [robot_1.robot_supervisor]: rotate_90 blocked by recent completion; stopping this tick
[robot_supervisor-16] [INFO] [1776844282.378452478] [robot_3.robot_supervisor]: FULL ROTATE active (accum_rad=3.008, timed_fallback=False, stall_count=0)
[robot_supervisor-7] [INFO] [1776844282.379983694] [robot_0.robot_supervisor]: FULL ROTATE active (accum_rad=2.008, timed_fallback=False, stall_count=0)
[robot_supervisor-10] [INFO] [1776844282.433198741] [robot_1.robot_supervisor]: Selected controllable event: EV_rotate_counterclockwise
[robot_supervisor-10] [INFO] [1776844282.433495871] [robot_1.robot_supervisor]: rotate_90 blocked by recent completion; stopping this tick
[robot_supervisor-16] [INFO] [1776844282.478320644] [robot_3.robot_supervisor]: FULL ROTATE active (accum_rad=3.108, timed_fallback=False, stall_count=0)
[robot_supervisor-16] [INFO] [1776844282.478886383] [robot_3.robot_supervisor]: FULL ROTATE completed by odom (accum_rad=3.208)
[robot_supervisor-16] [INFO] [1776844282.479347352] [robot_3.robot_supervisor]: FULL ROTATE stopped; supervisor will select next event next tick
[robot_supervisor-7] [INFO] [1776844282.480107121] [robot_0.robot_supervisor]: FULL ROTATE active (accum_rad=2.108, timed_fallback=False, stall_count=0)
[robot_supervisor-10] [INFO] [1776844282.532937145] [robot_1.robot_supervisor]: Selected controllable event: EV_rotate_counterclockwise
[robot_supervisor-7] [INFO] [1776844282.579880638] [robot_0.robot_supervisor]: FULL ROTATE active (accum_rad=2.208, timed_fallback=False, stall_count=0)
[robot_supervisor-7] [INFO] [1776844282.680359569] [robot_0.robot_supervisor]: FULL ROTATE active (accum_rad=2.308, timed_fallback=False, stall_count=0)
[robot_supervisor-7] [INFO] [1776844282.780347376] [robot_0.robot_supervisor]: FULL ROTATE active (accum_rad=2.408, timed_fallback=False, stall_count=0)
[robot_supervisor-16] [INFO] [1776844282.878300534] [robot_3.robot_supervisor]: Selected controllable event: EV_rotate_clockwise
[robot_supervisor-7] [INFO] [1776844282.880109648] [robot_0.robot_supervisor]: FULL ROTATE active (accum_rad=2.508, timed_fallback=False, stall_count=0)
[robot_supervisor-7] [INFO] [1776844282.980603814] [robot_0.robot_supervisor]: FULL ROTATE active (accum_rad=2.608, timed_fallback=False, stall_count=0)
[robot_supervisor-13] [INFO] [1776844283.032944273] [robot_2.robot_supervisor]: Selected controllable event: EV_full_rotate
[robot_supervisor-13] [INFO] [1776844283.033412069] [robot_2.robot_supervisor]: Starting FULL ROTATE (omega=1.000, have_odom=True, target_rad=3.142, timeout_s=3.500)
[robot_supervisor-7] [INFO] [1776844283.080094015] [robot_0.robot_supervisor]: FULL ROTATE active (accum_rad=2.708, timed_fallback=False, stall_count=0)
[robot_supervisor-13] [INFO] [1776844283.132836497] [robot_2.robot_supervisor]: FULL ROTATE active (accum_rad=0.000, timed_fallback=False, stall_count=0)
[image_processor-24] [INFO] [1776844283.164991277] [robot_3.image_processor]: Zone=LEFT  left[p=0.791 near=1149 v=7650]  front[p=1.004 near=0 v=13500]  right[p=1.404 near=0 v=7740]
[robot_supervisor-16] [INFO] [1776844283.166197277] [robot_3.robot_supervisor]: Detected zone changed to LEFT
[image_processor-23] [INFO] [1776844283.174599586] [robot_2.image_processor]: Zone=LEFT  left[p=0.793 near=832 v=7650]  front[p=1.316 near=0 v=13489]  right[p=2.955 near=0 v=6711]
[robot_supervisor-13] [INFO] [1776844283.175212243] [robot_2.robot_supervisor]: Detected zone changed to LEFT
[robot_supervisor-7] [INFO] [1776844283.180062017] [robot_0.robot_supervisor]: FULL ROTATE active (accum_rad=2.808, timed_fallback=False, stall_count=0)
[image_processor-21] [INFO] [1776844283.184481979] [robot_0.image_processor]: Zone=CORNER
[image_processor-25] [INFO] [1776844283.195321058] [robot_4.image_processor]: Zone=RIGHT
[image_processor-22] [INFO] [1776844283.204617080] [robot_1.image_processor]: Zone=RIGHT
[robot_supervisor-13] [INFO] [1776844283.232683350] [robot_2.robot_supervisor]: FULL ROTATE active (accum_rad=0.005, timed_fallback=False, stall_count=0)
[robot_supervisor-19] [INFO] [1776844283.240359858] [robot_4.robot_supervisor]: Selected controllable event: EV_rotate_counterclockwise
[robot_supervisor-19] [INFO] [1776844283.240814455] [robot_4.robot_supervisor]: rotate_90 blocked by recent completion; stopping this tick
[robot_supervisor-7] [INFO] [1776844283.280054791] [robot_0.robot_supervisor]: FULL ROTATE active (accum_rad=2.908, timed_fallback=False, stall_count=0)
[robot_supervisor-13] [INFO] [1776844283.332714028] [robot_2.robot_supervisor]: FULL ROTATE active (accum_rad=0.030, timed_fallback=False, stall_count=0)
[robot_supervisor-19] [INFO] [1776844283.340110678] [robot_4.robot_supervisor]: Selected controllable event: EV_rotate_counterclockwise
[robot_supervisor-19] [INFO] [1776844283.340390598] [robot_4.robot_supervisor]: rotate_90 blocked by recent completion; stopping this tick
[robot_supervisor-7] [INFO] [1776844283.380706565] [robot_0.robot_supervisor]: FULL ROTATE active (accum_rad=3.008, timed_fallback=False, stall_count=0)
[robot_supervisor-13] [INFO] [1776844283.432599287] [robot_2.robot_supervisor]: FULL ROTATE active (accum_rad=0.084, timed_fallback=False, stall_count=0)
[robot_supervisor-19] [INFO] [1776844283.440086373] [robot_4.robot_supervisor]: Selected controllable event: EV_rotate_counterclockwise
[robot_supervisor-7] [INFO] [1776844283.480408209] [robot_0.robot_supervisor]: FULL ROTATE active (accum_rad=3.108, timed_fallback=False, stall_count=0)
[robot_supervisor-7] [INFO] [1776844283.480950692] [robot_0.robot_supervisor]: FULL ROTATE completed by odom (accum_rad=3.208)
[robot_supervisor-7] [INFO] [1776844283.481389475] [robot_0.robot_supervisor]: FULL ROTATE stopped; supervisor will select next event next tick
[robot_supervisor-13] [INFO] [1776844283.532790300] [robot_2.robot_supervisor]: FULL ROTATE active (accum_rad=0.169, timed_fallback=False, stall_count=0)
[robot_supervisor-13] [INFO] [1776844283.632819932] [robot_2.robot_supervisor]: FULL ROTATE active (accum_rad=0.269, timed_fallback=False, stall_count=0)
[robot_supervisor-13] [INFO] [1776844283.732828180] [robot_2.robot_supervisor]: FULL ROTATE active (accum_rad=0.369, timed_fallback=False, stall_count=0)
[robot_supervisor-13] [INFO] [1776844283.833172290] [robot_2.robot_supervisor]: FULL ROTATE active (accum_rad=0.469, timed_fallback=False, stall_count=0)
[robot_supervisor-7] [INFO] [1776844283.880125521] [robot_0.robot_supervisor]: Selected controllable event: EV_rotate_clockwise
[bump_counter-3] [INFO] [1776844283.902647789] [bump_counter]: [global] bump #9 (obstacle) with: box3::link::collision
[robot_supervisor-13] [INFO] [1776844283.932630095] [robot_2.robot_supervisor]: FULL ROTATE active (accum_rad=0.569, timed_fallback=False, stall_count=0)
[robot_supervisor-13] [INFO] [1776844284.032992359] [robot_2.robot_supervisor]: FULL ROTATE active (accum_rad=0.669, timed_fallback=False, stall_count=0)
[robot_supervisor-13] [INFO] [1776844284.132810031] [robot_2.robot_supervisor]: FULL ROTATE active (accum_rad=0.769, timed_fallback=False, stall_count=0)
[robot_supervisor-13] [INFO] [1776844284.232893524] [robot_2.robot_supervisor]: FULL ROTATE active (accum_rad=0.869, timed_fallback=False, stall_count=0)
[robot_supervisor-13] [INFO] [1776844284.333181955] [robot_2.robot_supervisor]: FULL ROTATE active (accum_rad=0.969, timed_fallback=False, stall_count=0)
[bump_counter-3] [INFO] [1776844284.342696482] [bump_counter]: [global] bump #10 (obstacle) with: south_wall::link::collision
[robot_supervisor-13] [INFO] [1776844284.432957765] [robot_2.robot_supervisor]: FULL ROTATE active (accum_rad=1.069, timed_fallback=False, stall_count=0)
[robot_supervisor-13] [INFO] [1776844284.532834491] [robot_2.robot_supervisor]: FULL ROTATE active (accum_rad=1.169, timed_fallback=False, stall_count=0)
[robot_supervisor-13] [INFO] [1776844284.632826745] [robot_2.robot_supervisor]: FULL ROTATE active (accum_rad=1.269, timed_fallback=False, stall_count=0)
[robot_supervisor-13] [INFO] [1776844284.732887068] [robot_2.robot_supervisor]: FULL ROTATE active (accum_rad=1.369, timed_fallback=False, stall_count=0)
[robot_supervisor-10] [INFO] [1776844284.733071759] [robot_1.robot_supervisor]: Selected controllable event: EV_rotate_counterclockwise
[robot_supervisor-10] [INFO] [1776844284.733605317] [robot_1.robot_supervisor]: rotate_90 blocked by recent completion; stopping this tick
[robot_supervisor-13] [INFO] [1776844284.832901688] [robot_2.robot_supervisor]: FULL ROTATE active (accum_rad=1.469, timed_fallback=False, stall_count=0)
[robot_supervisor-10] [INFO] [1776844284.833352244] [robot_1.robot_supervisor]: Selected controllable event: EV_rotate_counterclockwise
[robot_supervisor-10] [INFO] [1776844284.833907766] [robot_1.robot_supervisor]: rotate_90 blocked by recent completion; stopping this tick
[robot_supervisor-13] [INFO] [1776844284.932791075] [robot_2.robot_supervisor]: FULL ROTATE active (accum_rad=1.569, timed_fallback=False, stall_count=0)
[robot_supervisor-10] [INFO] [1776844284.932805660] [robot_1.robot_supervisor]: Selected controllable event: EV_rotate_counterclockwise
[robot_supervisor-13] [INFO] [1776844285.032637216] [robot_2.robot_supervisor]: FULL ROTATE active (accum_rad=1.669, timed_fallback=False, stall_count=0)
[robot_supervisor-16] [INFO] [1776844285.078270599] [robot_3.robot_supervisor]: Selected controllable event: EV_rotate_clockwise
[robot_supervisor-16] [INFO] [1776844285.078635919] [robot_3.robot_supervisor]: rotate_90 blocked by recent completion; stopping this tick
[robot_supervisor-13] [INFO] [1776844285.132735808] [robot_2.robot_supervisor]: FULL ROTATE active (accum_rad=1.769, timed_fallback=False, stall_count=0)
[robot_supervisor-16] [INFO] [1776844285.178644683] [robot_3.robot_supervisor]: Selected controllable event: EV_rotate_clockwise
[robot_supervisor-16] [INFO] [1776844285.178911372] [robot_3.robot_supervisor]: rotate_90 blocked by recent completion; stopping this tick
[robot_supervisor-13] [INFO] [1776844285.232696929] [robot_2.robot_supervisor]: FULL ROTATE active (accum_rad=1.869, timed_fallback=False, stall_count=0)
[robot_supervisor-16] [INFO] [1776844285.278271424] [robot_3.robot_supervisor]: Selected controllable event: EV_rotate_clockwise
[robot_supervisor-13] [INFO] [1776844285.332804479] [robot_2.robot_supervisor]: FULL ROTATE active (accum_rad=1.969, timed_fallback=False, stall_count=0)
[robot_supervisor-13] [INFO] [1776844285.432754216] [robot_2.robot_supervisor]: FULL ROTATE active (accum_rad=2.069, timed_fallback=False, stall_count=0)
[robot_supervisor-13] [INFO] [1776844285.532701358] [robot_2.robot_supervisor]: FULL ROTATE active (accum_rad=2.169, timed_fallback=False, stall_count=0)
[robot_supervisor-13] [INFO] [1776844285.633439789] [robot_2.robot_supervisor]: FULL ROTATE active (accum_rad=2.269, timed_fallback=False, stall_count=0)
[robot_supervisor-19] [INFO] [1776844285.640266009] [robot_4.robot_supervisor]: Selected controllable event: EV_rotate_counterclockwise
[robot_supervisor-19] [INFO] [1776844285.640737692] [robot_4.robot_supervisor]: rotate_90 blocked by recent completion; stopping this tick
[image_processor-24] [INFO] [1776844285.673691944] [robot_3.image_processor]: Zone=CORNER  left[p=1.359 near=0 v=6994]  front[p=0.667 near=1742 v=9946]  right[p=0.325 near=7740 v=7740]
[robot_supervisor-16] [INFO] [1776844285.674439541] [robot_3.robot_supervisor]: Detected zone changed to CORNER
[image_processor-23] [INFO] [1776844285.684225272] [robot_2.image_processor]: Zone=CORNER  left[p=0.297 near=7650 v=7650]  front[p=0.229 near=13500 v=13500]  right[p=0.198 near=7740 v=7740]
[robot_supervisor-13] [INFO] [1776844285.685072223] [robot_2.robot_supervisor]: Detected zone changed to CORNER
[image_processor-21] [INFO] [1776844285.697514019] [robot_0.image_processor]: Zone=CORNER
[image_processor-25] [INFO] [1776844285.709658389] [robot_4.image_processor]: Zone=CLEAR  left[p=0.937 near=0 v=7650]  front[p=1.189 near=0 v=13500]  right[p=2.023 near=0 v=7740]
[robot_supervisor-19] [INFO] [1776844285.710472896] [robot_4.robot_supervisor]: Detected zone changed to CLEAR
[image_processor-22] [INFO] [1776844285.719896875] [robot_1.image_processor]: Zone=LEFT  left[p=0.533 near=7062 v=7650]  front[p=2.157 near=0 v=13500]  right[p=1.026 near=0 v=7740]
[robot_supervisor-10] [INFO] [1776844285.720672203] [robot_1.robot_supervisor]: Detected zone changed to LEFT
[robot_supervisor-13] [INFO] [1776844285.733032899] [robot_2.robot_supervisor]: FULL ROTATE active (accum_rad=2.369, timed_fallback=False, stall_count=0)
[robot_supervisor-19] [INFO] [1776844285.740313969] [robot_4.robot_supervisor]: Selected controllable event: EV_random_walk
[robot_supervisor-13] [INFO] [1776844285.832625569] [robot_2.robot_supervisor]: FULL ROTATE active (accum_rad=2.469, timed_fallback=False, stall_count=0)
[robot_supervisor-13] [INFO] [1776844285.932780348] [robot_2.robot_supervisor]: FULL ROTATE active (accum_rad=2.569, timed_fallback=False, stall_count=0)
[robot_supervisor-7] [INFO] [1776844285.980629109] [robot_0.robot_supervisor]: Selected controllable event: EV_full_rotate
[robot_supervisor-7] [INFO] [1776844285.981278247] [robot_0.robot_supervisor]: Starting FULL ROTATE (omega=1.000, have_odom=True, target_rad=3.142, timeout_s=3.500)
[robot_supervisor-13] [INFO] [1776844286.032812720] [robot_2.robot_supervisor]: FULL ROTATE active (accum_rad=2.669, timed_fallback=False, stall_count=0)
[robot_supervisor-19] [INFO] [1776844286.040091249] [robot_4.robot_supervisor]: Selected controllable event: EV_move_forward
[robot_supervisor-7] [INFO] [1776844286.080350017] [robot_0.robot_supervisor]: FULL ROTATE active (accum_rad=0.000, timed_fallback=False, stall_count=0)
[robot_supervisor-13] [INFO] [1776844286.132843609] [robot_2.robot_supervisor]: FULL ROTATE active (accum_rad=2.769, timed_fallback=False, stall_count=0)
[robot_supervisor-7] [INFO] [1776844286.180395977] [robot_0.robot_supervisor]: FULL ROTATE active (accum_rad=0.002, timed_fallback=False, stall_count=0)
[robot_supervisor-13] [INFO] [1776844286.232894657] [robot_2.robot_supervisor]: FULL ROTATE active (accum_rad=2.869, timed_fallback=False, stall_count=0)
[robot_supervisor-7] [INFO] [1776844286.280269635] [robot_0.robot_supervisor]: FULL ROTATE active (accum_rad=0.030, timed_fallback=False, stall_count=0)
[robot_supervisor-13] [INFO] [1776844286.333198223] [robot_2.robot_supervisor]: FULL ROTATE active (accum_rad=2.969, timed_fallback=False, stall_count=0)
[robot_supervisor-19] [INFO] [1776844286.340268056] [robot_4.robot_supervisor]: Selected controllable event: EV_random_walk
[robot_supervisor-7] [INFO] [1776844286.380456521] [robot_0.robot_supervisor]: FULL ROTATE active (accum_rad=0.087, timed_fallback=False, stall_count=0)
[robot_supervisor-13] [INFO] [1776844286.432841477] [robot_2.robot_supervisor]: FULL ROTATE active (accum_rad=3.069, timed_fallback=False, stall_count=0)
[robot_supervisor-13] [INFO] [1776844286.433429531] [robot_2.robot_supervisor]: FULL ROTATE completed by odom (accum_rad=3.169)
[robot_supervisor-13] [INFO] [1776844286.433880404] [robot_2.robot_supervisor]: FULL ROTATE stopped; supervisor will select next event next tick
[robot_supervisor-7] [INFO] [1776844286.480311507] [robot_0.robot_supervisor]: FULL ROTATE active (accum_rad=0.175, timed_fallback=False, stall_count=0)
[robot_supervisor-7] [INFO] [1776844286.580454831] [robot_0.robot_supervisor]: FULL ROTATE active (accum_rad=0.275, timed_fallback=False, stall_count=0)
[robot_supervisor-19] [INFO] [1776844286.640133512] [robot_4.robot_supervisor]: Selected controllable event: EV_move_forward
[robot_supervisor-7] [INFO] [1776844286.680323129] [robot_0.robot_supervisor]: FULL ROTATE active (accum_rad=0.375, timed_fallback=False, stall_count=0)
[robot_supervisor-13] [INFO] [1776844286.732942979] [robot_2.robot_supervisor]: Selected controllable event: EV_rotate_clockwise
[robot_supervisor-7] [INFO] [1776844286.780024824] [robot_0.robot_supervisor]: FULL ROTATE active (accum_rad=0.475, timed_fallback=False, stall_count=0)
[robot_supervisor-7] [INFO] [1776844286.880329647] [robot_0.robot_supervisor]: FULL ROTATE active (accum_rad=0.575, timed_fallback=False, stall_count=0)
[robot_supervisor-19] [INFO] [1776844286.940341963] [robot_4.robot_supervisor]: Selected controllable event: EV_random_walk
[robot_supervisor-7] [INFO] [1776844286.980140818] [robot_0.robot_supervisor]: FULL ROTATE active (accum_rad=0.675, timed_fallback=False, stall_count=0)
[robot_supervisor-10] [INFO] [1776844287.032956306] [robot_1.robot_supervisor]: Selected controllable event: EV_rotate_clockwise
[robot_supervisor-10] [INFO] [1776844287.033299759] [robot_1.robot_supervisor]: rotate_90 blocked by recent completion; stopping this tick
[robot_supervisor-7] [INFO] [1776844287.080243310] [robot_0.robot_supervisor]: FULL ROTATE active (accum_rad=0.775, timed_fallback=False, stall_count=0)
[robot_supervisor-10] [INFO] [1776844287.133001230] [robot_1.robot_supervisor]: Selected controllable event: EV_rotate_clockwise
[robot_supervisor-10] [INFO] [1776844287.133389871] [robot_1.robot_supervisor]: rotate_90 blocked by recent completion; stopping this tick
[robot_supervisor-7] [INFO] [1776844287.180054108] [robot_0.robot_supervisor]: FULL ROTATE active (accum_rad=0.875, timed_fallback=False, stall_count=0)
[robot_supervisor-10] [INFO] [1776844287.232947080] [robot_1.robot_supervisor]: Selected controllable event: EV_rotate_clockwise
[robot_supervisor-10] [INFO] [1776844287.233506848] [robot_1.robot_supervisor]: rotate_90 blocked by recent completion; stopping this tick
[robot_supervisor-19] [INFO] [1776844287.240333303] [robot_4.robot_supervisor]: Selected controllable event: EV_move_forward
[robot_supervisor-7] [INFO] [1776844287.279914692] [robot_0.robot_supervisor]: FULL ROTATE active (accum_rad=0.975, timed_fallback=False, stall_count=0)
[robot_supervisor-10] [INFO] [1776844287.332932909] [robot_1.robot_supervisor]: Selected controllable event: EV_rotate_clockwise
[robot_supervisor-7] [INFO] [1776844287.380139537] [robot_0.robot_supervisor]: FULL ROTATE active (accum_rad=1.075, timed_fallback=False, stall_count=0)
[bump_counter-3] [INFO] [1776844287.392914889] [bump_counter]: [global] bump #11 (obstacle) with: south_wall::link::collision
[robot_supervisor-16] [INFO] [1776844287.478123530] [robot_3.robot_supervisor]: Selected controllable event: EV_rotate_clockwise
[robot_supervisor-16] [INFO] [1776844287.478378504] [robot_3.robot_supervisor]: rotate_90 blocked by recent completion; stopping this tick
[robot_supervisor-7] [INFO] [1776844287.480049357] [robot_0.robot_supervisor]: FULL ROTATE active (accum_rad=1.175, timed_fallback=False, stall_count=0)
[robot_supervisor-19] [INFO] [1776844287.540324760] [robot_4.robot_supervisor]: Selected controllable event: EV_random_walk
[robot_supervisor-16] [INFO] [1776844287.578123063] [robot_3.robot_supervisor]: Selected controllable event: EV_full_rotate
[robot_supervisor-16] [INFO] [1776844287.578382511] [robot_3.robot_supervisor]: full_rotate blocked by cooldown; stopping this tick
[robot_supervisor-7] [INFO] [1776844287.580051354] [robot_0.robot_supervisor]: FULL ROTATE active (accum_rad=1.275, timed_fallback=False, stall_count=0)
[robot_supervisor-16] [INFO] [1776844287.678210912] [robot_3.robot_supervisor]: Selected controllable event: EV_rotate_clockwise
[robot_supervisor-7] [INFO] [1776844287.680197045] [robot_0.robot_supervisor]: FULL ROTATE active (accum_rad=1.375, timed_fallback=False, stall_count=0)
[robot_supervisor-7] [INFO] [1776844287.780078390] [robot_0.robot_supervisor]: FULL ROTATE active (accum_rad=1.475, timed_fallback=False, stall_count=0)
[robot_supervisor-19] [INFO] [1776844287.840299092] [robot_4.robot_supervisor]: Selected controllable event: EV_move_forward
[robot_supervisor-7] [INFO] [1776844287.880152677] [robot_0.robot_supervisor]: FULL ROTATE active (accum_rad=1.575, timed_fallback=False, stall_count=0)
[robot_supervisor-7] [INFO] [1776844287.980197910] [robot_0.robot_supervisor]: FULL ROTATE active (accum_rad=1.675, timed_fallback=False, stall_count=0)
[robot_supervisor-7] [INFO] [1776844288.080424377] [robot_0.robot_supervisor]: FULL ROTATE active (accum_rad=1.775, timed_fallback=False, stall_count=0)
[robot_supervisor-19] [INFO] [1776844288.140242406] [robot_4.robot_supervisor]: Selected controllable event: EV_random_walk
[robot_supervisor-7] [INFO] [1776844288.180331139] [robot_0.robot_supervisor]: FULL ROTATE active (accum_rad=1.875, timed_fallback=False, stall_count=0)
[image_processor-24] [INFO] [1776844288.184313739] [robot_3.image_processor]: Zone=CORNER
[image_processor-23] [INFO] [1776844288.196149799] [robot_2.image_processor]: Zone=CORNER
[image_processor-21] [INFO] [1776844288.206552299] [robot_0.image_processor]: Zone=CORNER
[image_processor-25] [INFO] [1776844288.219975809] [robot_4.image_processor]: Zone=CLEAR
[image_processor-22] [INFO] [1776844288.230676390] [robot_1.image_processor]: Zone=CORNER  left[p=0.748 near=1256 v=7386]  front[p=0.669 near=8286 v=13500]  right[p=1.991 near=0 v=7740]
[robot_supervisor-10] [INFO] [1776844288.231681075] [robot_1.robot_supervisor]: Detected zone changed to CORNER
[robot_supervisor-7] [INFO] [1776844288.280508551] [robot_0.robot_supervisor]: FULL ROTATE active (accum_rad=1.975, timed_fallback=False, stall_count=0)
[robot_supervisor-7] [INFO] [1776844288.380324909] [robot_0.robot_supervisor]: FULL ROTATE active (accum_rad=2.075, timed_fallback=False, stall_count=0)
[robot_supervisor-19] [INFO] [1776844288.440212763] [robot_4.robot_supervisor]: Selected controllable event: EV_move_forward
[robot_supervisor-7] [INFO] [1776844288.480242499] [robot_0.robot_supervisor]: FULL ROTATE active (accum_rad=2.175, timed_fallback=False, stall_count=0)
[robot_supervisor-7] [INFO] [1776844288.580248109] [robot_0.robot_supervisor]: FULL ROTATE active (accum_rad=2.275, timed_fallback=False, stall_count=0)
[robot_supervisor-7] [INFO] [1776844288.680303568] [robot_0.robot_supervisor]: FULL ROTATE active (accum_rad=2.375, timed_fallback=False, stall_count=0)
[robot_supervisor-19] [INFO] [1776844288.740332090] [robot_4.robot_supervisor]: Selected controllable event: EV_random_walk
[robot_supervisor-7] [INFO] [1776844288.780205093] [robot_0.robot_supervisor]: FULL ROTATE active (accum_rad=2.475, timed_fallback=False, stall_count=0)
[robot_supervisor-7] [INFO] [1776844288.880352044] [robot_0.robot_supervisor]: FULL ROTATE active (accum_rad=2.575, timed_fallback=False, stall_count=0)
[robot_supervisor-7] [INFO] [1776844288.980379952] [robot_0.robot_supervisor]: FULL ROTATE active (accum_rad=2.675, timed_fallback=False, stall_count=0)
[robot_supervisor-13] [INFO] [1776844289.032860149] [robot_2.robot_supervisor]: Selected controllable event: EV_full_rotate
[robot_supervisor-13] [INFO] [1776844289.033358629] [robot_2.robot_supervisor]: Starting FULL ROTATE (omega=1.000, have_odom=True, target_rad=3.142, timeout_s=3.500)
[robot_supervisor-19] [INFO] [1776844289.040165678] [robot_4.robot_supervisor]: Selected controllable event: EV_move_forward
[robot_supervisor-7] [INFO] [1776844289.080055576] [robot_0.robot_supervisor]: FULL ROTATE active (accum_rad=2.775, timed_fallback=False, stall_count=0)
[robot_supervisor-13] [INFO] [1776844289.132717273] [robot_2.robot_supervisor]: FULL ROTATE active (accum_rad=0.000, timed_fallback=False, stall_count=0)
[robot_supervisor-7] [INFO] [1776844289.179949352] [robot_0.robot_supervisor]: FULL ROTATE active (accum_rad=2.875, timed_fallback=False, stall_count=0)
[robot_supervisor-13] [INFO] [1776844289.233286397] [robot_2.robot_supervisor]: FULL ROTATE active (accum_rad=0.006, timed_fallback=False, stall_count=0)
[robot_supervisor-7] [INFO] [1776844289.280367341] [robot_0.robot_supervisor]: FULL ROTATE active (accum_rad=2.975, timed_fallback=False, stall_count=0)
[robot_supervisor-13] [INFO] [1776844289.333048860] [robot_2.robot_supervisor]: FULL ROTATE active (accum_rad=0.041, timed_fallback=False, stall_count=0)
[robot_supervisor-19] [INFO] [1776844289.340309792] [robot_4.robot_supervisor]: Selected controllable event: EV_random_walk
[robot_supervisor-7] [INFO] [1776844289.380341447] [robot_0.robot_supervisor]: FULL ROTATE active (accum_rad=3.075, timed_fallback=False, stall_count=0)
[robot_supervisor-7] [INFO] [1776844289.380964419] [robot_0.robot_supervisor]: FULL ROTATE completed by odom (accum_rad=3.175)
[robot_supervisor-7] [INFO] [1776844289.381367849] [robot_0.robot_supervisor]: FULL ROTATE stopped; supervisor will select next event next tick
[robot_supervisor-13] [INFO] [1776844289.432744158] [robot_2.robot_supervisor]: FULL ROTATE active (accum_rad=0.105, timed_fallback=False, stall_count=0)
[robot_supervisor-10] [INFO] [1776844289.433191900] [robot_1.robot_supervisor]: Selected controllable event: EV_rotate_clockwise
[robot_supervisor-10] [INFO] [1776844289.433668295] [robot_1.robot_supervisor]: rotate_90 blocked by recent completion; stopping this tick
[robot_supervisor-13] [INFO] [1776844289.532971852] [robot_2.robot_supervisor]: FULL ROTATE active (accum_rad=0.198, timed_fallback=False, stall_count=0)
[robot_supervisor-10] [INFO] [1776844289.533242147] [robot_1.robot_supervisor]: Selected controllable event: EV_full_rotate
[robot_supervisor-10] [INFO] [1776844289.533732910] [robot_1.robot_supervisor]: full_rotate blocked by cooldown; stopping this tick
[robot_supervisor-13] [INFO] [1776844289.633100070] [robot_2.robot_supervisor]: FULL ROTATE active (accum_rad=0.298, timed_fallback=False, stall_count=0)
[robot_supervisor-10] [INFO] [1776844289.633225045] [robot_1.robot_supervisor]: Selected controllable event: EV_rotate_clockwise
[robot_supervisor-10] [INFO] [1776844289.633746900] [robot_1.robot_supervisor]: rotate_90 blocked by recent completion; stopping this tick
[robot_supervisor-19] [INFO] [1776844289.640700445] [robot_4.robot_supervisor]: Selected controllable event: EV_move_forward
[robot_supervisor-13] [INFO] [1776844289.733308812] [robot_2.robot_supervisor]: FULL ROTATE active (accum_rad=0.398, timed_fallback=False, stall_count=0)
[robot_supervisor-10] [INFO] [1776844289.733406285] [robot_1.robot_supervisor]: Selected controllable event: EV_full_rotate
[robot_supervisor-10] [INFO] [1776844289.734006743] [robot_1.robot_supervisor]: full_rotate blocked by cooldown; stopping this tick
[robot_supervisor-16] [INFO] [1776844289.778739996] [robot_3.robot_supervisor]: Selected controllable event: EV_full_rotate
[robot_supervisor-16] [INFO] [1776844289.779453948] [robot_3.robot_supervisor]: Starting FULL ROTATE (omega=1.000, have_odom=True, target_rad=3.142, timeout_s=3.500)
[robot_supervisor-7] [INFO] [1776844289.780276781] [robot_0.robot_supervisor]: Selected controllable event: EV_rotate_clockwise
[robot_supervisor-13] [INFO] [1776844289.833153473] [robot_2.robot_supervisor]: FULL ROTATE active (accum_rad=0.498, timed_fallback=False, stall_count=0)
[robot_supervisor-10] [INFO] [1776844289.833342421] [robot_1.robot_supervisor]: Selected controllable event: EV_rotate_clockwise
[robot_supervisor-16] [INFO] [1776844289.878491317] [robot_3.robot_supervisor]: FULL ROTATE active (accum_rad=0.000, timed_fallback=False, stall_count=0)
[robot_supervisor-13] [INFO] [1776844289.933357836] [robot_2.robot_supervisor]: FULL ROTATE active (accum_rad=0.598, timed_fallback=False, stall_count=0)
[robot_supervisor-19] [INFO] [1776844289.940596868] [robot_4.robot_supervisor]: Selected controllable event: EV_random_walk
[robot_supervisor-16] [INFO] [1776844289.978186104] [robot_3.robot_supervisor]: FULL ROTATE active (accum_rad=0.002, timed_fallback=False, stall_count=0)
[robot_supervisor-13] [INFO] [1776844290.033037413] [robot_2.robot_supervisor]: FULL ROTATE active (accum_rad=0.698, timed_fallback=False, stall_count=0)
[robot_supervisor-16] [INFO] [1776844290.078444653] [robot_3.robot_supervisor]: FULL ROTATE active (accum_rad=0.030, timed_fallback=False, stall_count=0)
[robot_supervisor-13] [INFO] [1776844290.133055607] [robot_2.robot_supervisor]: FULL ROTATE active (accum_rad=0.798, timed_fallback=False, stall_count=0)
[robot_supervisor-16] [INFO] [1776844290.178616767] [robot_3.robot_supervisor]: FULL ROTATE active (accum_rad=0.087, timed_fallback=False, stall_count=0)
[robot_supervisor-13] [INFO] [1776844290.233096971] [robot_2.robot_supervisor]: FULL ROTATE active (accum_rad=0.898, timed_fallback=False, stall_count=0)
[robot_supervisor-19] [INFO] [1776844290.240557244] [robot_4.robot_supervisor]: Selected controllable event: EV_move_forward
[robot_supervisor-16] [INFO] [1776844290.278165173] [robot_3.robot_supervisor]: FULL ROTATE active (accum_rad=0.175, timed_fallback=False, stall_count=0)
[robot_supervisor-13] [INFO] [1776844290.332806692] [robot_2.robot_supervisor]: FULL ROTATE active (accum_rad=0.998, timed_fallback=False, stall_count=0)
[robot_supervisor-16] [INFO] [1776844290.378505309] [robot_3.robot_supervisor]: FULL ROTATE active (accum_rad=0.275, timed_fallback=False, stall_count=0)
[robot_supervisor-13] [INFO] [1776844290.432702852] [robot_2.robot_supervisor]: FULL ROTATE active (accum_rad=1.098, timed_fallback=False, stall_count=0)
[robot_supervisor-16] [INFO] [1776844290.478527743] [robot_3.robot_supervisor]: FULL ROTATE active (accum_rad=0.375, timed_fallback=False, stall_count=0)
[robot_supervisor-13] [INFO] [1776844290.533019601] [robot_2.robot_supervisor]: FULL ROTATE active (accum_rad=1.198, timed_fallback=False, stall_count=0)
[robot_supervisor-19] [INFO] [1776844290.540475092] [robot_4.robot_supervisor]: Selected controllable event: EV_random_walk
[robot_supervisor-16] [INFO] [1776844290.578469663] [robot_3.robot_supervisor]: FULL ROTATE active (accum_rad=0.475, timed_fallback=False, stall_count=0)
[robot_supervisor-13] [INFO] [1776844290.632998029] [robot_2.robot_supervisor]: FULL ROTATE active (accum_rad=1.298, timed_fallback=False, stall_count=0)
[image_processor-24] [INFO] [1776844290.674651954] [robot_3.image_processor]: Zone=CORNER
[robot_supervisor-16] [INFO] [1776844290.678315081] [robot_3.robot_supervisor]: FULL ROTATE active (accum_rad=0.575, timed_fallback=False, stall_count=0)
[image_processor-23] [INFO] [1776844290.689048763] [robot_2.image_processor]: Zone=CORNER
[image_processor-21] [INFO] [1776844290.700437600] [robot_0.image_processor]: Zone=CORNER
[image_processor-25] [INFO] [1776844290.713717639] [robot_4.image_processor]: Zone=CORNER  left[p=0.272 near=7650 v=7650]  front[p=0.368 near=13418 v=13500]  right[p=0.825 near=514 v=7740]
[robot_supervisor-19] [INFO] [1776844290.714550470] [robot_4.robot_supervisor]: Detected zone changed to CORNER
[image_processor-22] [INFO] [1776844290.725573585] [robot_1.image_processor]: Zone=RIGHT  left[p=1.280 near=0 v=7650]  front[p=0.926 near=0 v=13500]  right[p=0.781 near=1736 v=7740]
[robot_supervisor-10] [INFO] [1776844290.726408302] [robot_1.robot_supervisor]: Detected zone changed to RIGHT
[robot_supervisor-13] [INFO] [1776844290.732987820] [robot_2.robot_supervisor]: FULL ROTATE active (accum_rad=1.398, timed_fallback=False, stall_count=0)
[robot_supervisor-16] [INFO] [1776844290.778129857] [robot_3.robot_supervisor]: FULL ROTATE active (accum_rad=0.675, timed_fallback=False, stall_count=0)
[robot_supervisor-13] [INFO] [1776844290.833098122] [robot_2.robot_supervisor]: FULL ROTATE active (accum_rad=1.498, timed_fallback=False, stall_count=0)
[robot_supervisor-19] [INFO] [1776844290.840286139] [robot_4.robot_supervisor]: Selected controllable event: EV_rotate_clockwise
[robot_supervisor-16] [INFO] [1776844290.878225335] [robot_3.robot_supervisor]: FULL ROTATE active (accum_rad=0.775, timed_fallback=False, stall_count=0)
[robot_supervisor-13] [INFO] [1776844290.932990745] [robot_2.robot_supervisor]: FULL ROTATE active (accum_rad=1.598, timed_fallback=False, stall_count=0)
[robot_supervisor-16] [INFO] [1776844290.978191223] [robot_3.robot_supervisor]: FULL ROTATE active (accum_rad=0.875, timed_fallback=False, stall_count=0)
[robot_supervisor-13] [INFO] [1776844291.032745619] [robot_2.robot_supervisor]: FULL ROTATE active (accum_rad=1.698, timed_fallback=False, stall_count=0)
[robot_supervisor-16] [INFO] [1776844291.078329641] [robot_3.robot_supervisor]: FULL ROTATE active (accum_rad=0.975, timed_fallback=False, stall_count=0)
[robot_supervisor-13] [INFO] [1776844291.132765365] [robot_2.robot_supervisor]: FULL ROTATE active (accum_rad=1.798, timed_fallback=False, stall_count=0)
[robot_supervisor-16] [INFO] [1776844291.178532094] [robot_3.robot_supervisor]: FULL ROTATE active (accum_rad=1.075, timed_fallback=False, stall_count=0)
[robot_supervisor-13] [INFO] [1776844291.233086881] [robot_2.robot_supervisor]: FULL ROTATE active (accum_rad=1.898, timed_fallback=False, stall_count=0)
[robot_supervisor-16] [INFO] [1776844291.278282227] [robot_3.robot_supervisor]: FULL ROTATE active (accum_rad=1.175, timed_fallback=False, stall_count=0)
[robot_supervisor-13] [INFO] [1776844291.333096191] [robot_2.robot_supervisor]: FULL ROTATE active (accum_rad=1.998, timed_fallback=False, stall_count=0)
[robot_supervisor-16] [INFO] [1776844291.378247168] [robot_3.robot_supervisor]: FULL ROTATE active (accum_rad=1.275, timed_fallback=False, stall_count=0)
[robot_supervisor-13] [INFO] [1776844291.432746253] [robot_2.robot_supervisor]: FULL ROTATE active (accum_rad=2.098, timed_fallback=False, stall_count=0)
[robot_supervisor-16] [INFO] [1776844291.478267382] [robot_3.robot_supervisor]: FULL ROTATE active (accum_rad=1.375, timed_fallback=False, stall_count=0)
[robot_supervisor-13] [INFO] [1776844291.532868038] [robot_2.robot_supervisor]: FULL ROTATE active (accum_rad=2.198, timed_fallback=False, stall_count=0)
[robot_supervisor-16] [INFO] [1776844291.578280513] [robot_3.robot_supervisor]: FULL ROTATE active (accum_rad=1.475, timed_fallback=False, stall_count=0)
[robot_supervisor-13] [INFO] [1776844291.632904399] [robot_2.robot_supervisor]: FULL ROTATE active (accum_rad=2.298, timed_fallback=False, stall_count=0)
[robot_supervisor-16] [INFO] [1776844291.678581892] [robot_3.robot_supervisor]: FULL ROTATE active (accum_rad=1.575, timed_fallback=False, stall_count=0)
[robot_supervisor-13] [INFO] [1776844291.732892449] [robot_2.robot_supervisor]: FULL ROTATE active (accum_rad=2.398, timed_fallback=False, stall_count=0)
[robot_supervisor-16] [INFO] [1776844291.778335440] [robot_3.robot_supervisor]: FULL ROTATE active (accum_rad=1.675, timed_fallback=False, stall_count=0)
[robot_supervisor-13] [INFO] [1776844291.832780510] [robot_2.robot_supervisor]: FULL ROTATE active (accum_rad=2.498, timed_fallback=False, stall_count=0)
[robot_supervisor-16] [INFO] [1776844291.878522562] [robot_3.robot_supervisor]: FULL ROTATE active (accum_rad=1.775, timed_fallback=False, stall_count=0)
[robot_supervisor-13] [INFO] [1776844291.932844238] [robot_2.robot_supervisor]: FULL ROTATE active (accum_rad=2.598, timed_fallback=False, stall_count=0)
[robot_supervisor-16] [INFO] [1776844291.978539108] [robot_3.robot_supervisor]: FULL ROTATE active (accum_rad=1.875, timed_fallback=False, stall_count=0)
[robot_supervisor-7] [INFO] [1776844291.980189479] [robot_0.robot_supervisor]: Selected controllable event: EV_full_rotate
[robot_supervisor-7] [INFO] [1776844291.980667356] [robot_0.robot_supervisor]: Starting FULL ROTATE (omega=1.000, have_odom=True, target_rad=3.142, timeout_s=3.500)
[robot_supervisor-13] [INFO] [1776844292.032794210] [robot_2.robot_supervisor]: FULL ROTATE active (accum_rad=2.698, timed_fallback=False, stall_count=0)
[robot_supervisor-10] [INFO] [1776844292.033449259] [robot_1.robot_supervisor]: Selected controllable event: EV_rotate_clockwise
[robot_supervisor-10] [INFO] [1776844292.034036584] [robot_1.robot_supervisor]: rotate_90 blocked by recent completion; stopping this tick
[robot_supervisor-16] [INFO] [1776844292.078254128] [robot_3.robot_supervisor]: FULL ROTATE active (accum_rad=1.975, timed_fallback=False, stall_count=0)
[robot_supervisor-7] [INFO] [1776844292.080347815] [robot_0.robot_supervisor]: FULL ROTATE active (accum_rad=0.000, timed_fallback=False, stall_count=0)
[robot_supervisor-13] [INFO] [1776844292.132747888] [robot_2.robot_supervisor]: FULL ROTATE active (accum_rad=2.798, timed_fallback=False, stall_count=0)
[robot_supervisor-10] [INFO] [1776844292.133281638] [robot_1.robot_supervisor]: Selected controllable event: EV_rotate_counterclockwise
[robot_supervisor-10] [INFO] [1776844292.133647185] [robot_1.robot_supervisor]: rotate_90 blocked by recent completion; stopping this tick
[robot_supervisor-16] [INFO] [1776844292.178249536] [robot_3.robot_supervisor]: FULL ROTATE active (accum_rad=2.075, timed_fallback=False, stall_count=0)
[robot_supervisor-7] [INFO] [1776844292.180054932] [robot_0.robot_supervisor]: FULL ROTATE active (accum_rad=0.006, timed_fallback=False, stall_count=0)
[robot_supervisor-13] [INFO] [1776844292.232778409] [robot_2.robot_supervisor]: FULL ROTATE active (accum_rad=2.898, timed_fallback=False, stall_count=0)
[robot_supervisor-10] [INFO] [1776844292.233243692] [robot_1.robot_supervisor]: Selected controllable event: EV_rotate_counterclockwise
[robot_supervisor-16] [INFO] [1776844292.278190900] [robot_3.robot_supervisor]: FULL ROTATE active (accum_rad=2.175, timed_fallback=False, stall_count=0)
[robot_supervisor-7] [INFO] [1776844292.280292618] [robot_0.robot_supervisor]: FULL ROTATE active (accum_rad=0.041, timed_fallback=False, stall_count=0)
[bump_counter-3] [INFO] [1776844292.323267160] [bump_counter]: [global] bump #12 (obstacle) with: south_wall::link::collision
[robot_supervisor-13] [INFO] [1776844292.332761981] [robot_2.robot_supervisor]: FULL ROTATE active (accum_rad=2.998, timed_fallback=False, stall_count=0)
[robot_supervisor-16] [INFO] [1776844292.378249217] [robot_3.robot_supervisor]: FULL ROTATE active (accum_rad=2.275, timed_fallback=False, stall_count=0)
[robot_supervisor-7] [INFO] [1776844292.380040667] [robot_0.robot_supervisor]: FULL ROTATE active (accum_rad=0.105, timed_fallback=False, stall_count=0)
[robot_supervisor-13] [INFO] [1776844292.432804275] [robot_2.robot_supervisor]: FULL ROTATE active (accum_rad=3.098, timed_fallback=False, stall_count=0)
[robot_supervisor-13] [INFO] [1776844292.433299249] [robot_2.robot_supervisor]: FULL ROTATE completed by odom (accum_rad=3.198)
[robot_supervisor-13] [INFO] [1776844292.433688221] [robot_2.robot_supervisor]: FULL ROTATE stopped; supervisor will select next event next tick
[robot_supervisor-16] [INFO] [1776844292.478539688] [robot_3.robot_supervisor]: FULL ROTATE active (accum_rad=2.375, timed_fallback=False, stall_count=0)
[robot_supervisor-7] [INFO] [1776844292.480036352] [robot_0.robot_supervisor]: FULL ROTATE active (accum_rad=0.198, timed_fallback=False, stall_count=0)
[robot_supervisor-16] [INFO] [1776844292.578392962] [robot_3.robot_supervisor]: FULL ROTATE active (accum_rad=2.475, timed_fallback=False, stall_count=0)
[robot_supervisor-7] [INFO] [1776844292.580388199] [robot_0.robot_supervisor]: FULL ROTATE active (accum_rad=0.298, timed_fallback=False, stall_count=0)
[robot_supervisor-16] [INFO] [1776844292.678549419] [robot_3.robot_supervisor]: FULL ROTATE active (accum_rad=2.575, timed_fallback=False, stall_count=0)
[robot_supervisor-7] [INFO] [1776844292.680407089] [robot_0.robot_supervisor]: FULL ROTATE active (accum_rad=0.398, timed_fallback=False, stall_count=0)
[robot_supervisor-16] [INFO] [1776844292.778332420] [robot_3.robot_supervisor]: FULL ROTATE active (accum_rad=2.675, timed_fallback=False, stall_count=0)
[robot_supervisor-7] [INFO] [1776844292.780175527] [robot_0.robot_supervisor]: FULL ROTATE active (accum_rad=0.498, timed_fallback=False, stall_count=0)
[robot_supervisor-13] [INFO] [1776844292.832817559] [robot_2.robot_supervisor]: Selected controllable event: EV_rotate_clockwise
[robot_supervisor-16] [INFO] [1776844292.878269573] [robot_3.robot_supervisor]: FULL ROTATE active (accum_rad=2.775, timed_fallback=False, stall_count=0)
[robot_supervisor-7] [INFO] [1776844292.880034081] [robot_0.robot_supervisor]: FULL ROTATE active (accum_rad=0.598, timed_fallback=False, stall_count=0)
[robot_supervisor-16] [INFO] [1776844292.978459343] [robot_3.robot_supervisor]: FULL ROTATE active (accum_rad=2.875, timed_fallback=False, stall_count=0)
[robot_supervisor-7] [INFO] [1776844292.980319062] [robot_0.robot_supervisor]: FULL ROTATE active (accum_rad=0.698, timed_fallback=False, stall_count=0)
[robot_supervisor-19] [INFO] [1776844293.040333201] [robot_4.robot_supervisor]: Selected controllable event: EV_full_rotate
[robot_supervisor-19] [INFO] [1776844293.040914163] [robot_4.robot_supervisor]: Starting FULL ROTATE (omega=1.000, have_odom=True, target_rad=3.142, timeout_s=3.500)
[robot_supervisor-16] [INFO] [1776844293.078488894] [robot_3.robot_supervisor]: FULL ROTATE active (accum_rad=2.975, timed_fallback=False, stall_count=0)
[robot_supervisor-7] [INFO] [1776844293.080057225] [robot_0.robot_supervisor]: FULL ROTATE active (accum_rad=0.798, timed_fallback=False, stall_count=0)
[robot_supervisor-19] [INFO] [1776844293.140217083] [robot_4.robot_supervisor]: FULL ROTATE active (accum_rad=0.000, timed_fallback=False, stall_count=0)
[robot_supervisor-16] [INFO] [1776844293.178510755] [robot_3.robot_supervisor]: FULL ROTATE active (accum_rad=3.075, timed_fallback=False, stall_count=0)
[robot_supervisor-16] [INFO] [1776844293.179293859] [robot_3.robot_supervisor]: FULL ROTATE completed by odom (accum_rad=3.175)
[robot_supervisor-16] [INFO] [1776844293.179913372] [robot_3.robot_supervisor]: FULL ROTATE stopped; supervisor will select next event next tick
[image_processor-24] [INFO] [1776844293.180101409] [robot_3.image_processor]: Zone=CORNER
[robot_supervisor-7] [INFO] [1776844293.180176454] [robot_0.robot_supervisor]: FULL ROTATE active (accum_rad=0.898, timed_fallback=False, stall_count=0)
[image_processor-23] [INFO] [1776844293.201743421] [robot_2.image_processor]: Zone=CLEAR  left[p=1.478 near=0 v=5001]  front[p=1.649 near=0 v=8092]  right[p=3.078 near=0 v=6280]
[robot_supervisor-13] [INFO] [1776844293.203016384] [robot_2.robot_supervisor]: Detected zone changed to CLEAR
[image_processor-21] [INFO] [1776844293.221338293] [robot_0.image_processor]: Zone=CORNER
[image_processor-25] [INFO] [1776844293.239684275] [robot_4.image_processor]: Zone=CLEAR  left[p=2.726 near=0 v=7462]  front[p=2.019 near=0 v=8637]  right[p=2.823 near=0 v=4919]
[robot_supervisor-19] [INFO] [1776844293.240292755] [robot_4.robot_supervisor]: FULL ROTATE active (accum_rad=0.004, timed_fallback=False, stall_count=0)
[robot_supervisor-19] [INFO] [1776844293.241313142] [robot_4.robot_supervisor]: Detected zone changed to CLEAR
[image_processor-22] [INFO] [1776844293.254168472] [robot_1.image_processor]: Zone=RIGHT
[robot_supervisor-7] [INFO] [1776844293.279946304] [robot_0.robot_supervisor]: FULL ROTATE active (accum_rad=0.998, timed_fallback=False, stall_count=0)
[robot_supervisor-19] [INFO] [1776844293.340235745] [robot_4.robot_supervisor]: FULL ROTATE active (accum_rad=0.036, timed_fallback=False, stall_count=0)
[robot_supervisor-7] [INFO] [1776844293.380068576] [robot_0.robot_supervisor]: FULL ROTATE active (accum_rad=1.098, timed_fallback=False, stall_count=0)
[robot_supervisor-19] [INFO] [1776844293.440225068] [robot_4.robot_supervisor]: FULL ROTATE active (accum_rad=0.097, timed_fallback=False, stall_count=0)
[robot_supervisor-7] [INFO] [1776844293.480044838] [robot_0.robot_supervisor]: FULL ROTATE active (accum_rad=1.198, timed_fallback=False, stall_count=0)
[robot_supervisor-19] [INFO] [1776844293.540242291] [robot_4.robot_supervisor]: FULL ROTATE active (accum_rad=0.188, timed_fallback=False, stall_count=0)
[robot_supervisor-16] [INFO] [1776844293.578252871] [robot_3.robot_supervisor]: Selected controllable event: EV_rotate_clockwise
[robot_supervisor-7] [INFO] [1776844293.580322069] [robot_0.robot_supervisor]: FULL ROTATE active (accum_rad=1.298, timed_fallback=False, stall_count=0)
[robot_supervisor-19] [INFO] [1776844293.640240315] [robot_4.robot_supervisor]: FULL ROTATE active (accum_rad=0.288, timed_fallback=False, stall_count=0)
[robot_supervisor-7] [INFO] [1776844293.680279888] [robot_0.robot_supervisor]: FULL ROTATE active (accum_rad=1.398, timed_fallback=False, stall_count=0)
[robot_supervisor-19] [INFO] [1776844293.740253258] [robot_4.robot_supervisor]: FULL ROTATE active (accum_rad=0.388, timed_fallback=False, stall_count=0)
[robot_supervisor-7] [INFO] [1776844293.780061059] [robot_0.robot_supervisor]: FULL ROTATE active (accum_rad=1.498, timed_fallback=False, stall_count=0)
[robot_supervisor-19] [INFO] [1776844293.840265243] [robot_4.robot_supervisor]: FULL ROTATE active (accum_rad=0.488, timed_fallback=False, stall_count=0)
[robot_supervisor-7] [INFO] [1776844293.880066465] [robot_0.robot_supervisor]: FULL ROTATE active (accum_rad=1.598, timed_fallback=False, stall_count=0)
[robot_supervisor-19] [INFO] [1776844293.940352881] [robot_4.robot_supervisor]: FULL ROTATE active (accum_rad=0.588, timed_fallback=False, stall_count=0)
[robot_supervisor-7] [INFO] [1776844293.980249095] [robot_0.robot_supervisor]: FULL ROTATE active (accum_rad=1.698, timed_fallback=False, stall_count=0)
[robot_supervisor-19] [INFO] [1776844294.040239920] [robot_4.robot_supervisor]: FULL ROTATE active (accum_rad=0.688, timed_fallback=False, stall_count=0)
[robot_supervisor-7] [INFO] [1776844294.080258672] [robot_0.robot_supervisor]: FULL ROTATE active (accum_rad=1.798, timed_fallback=False, stall_count=0)
[robot_supervisor-19] [INFO] [1776844294.140376601] [robot_4.robot_supervisor]: FULL ROTATE active (accum_rad=0.788, timed_fallback=False, stall_count=0)
[robot_supervisor-7] [INFO] [1776844294.180165381] [robot_0.robot_supervisor]: FULL ROTATE active (accum_rad=1.898, timed_fallback=False, stall_count=0)
[robot_supervisor-19] [INFO] [1776844294.240228838] [robot_4.robot_supervisor]: FULL ROTATE active (accum_rad=0.888, timed_fallback=False, stall_count=0)
[robot_supervisor-7] [INFO] [1776844294.280240494] [robot_0.robot_supervisor]: FULL ROTATE active (accum_rad=1.998, timed_fallback=False, stall_count=0)
[robot_supervisor-10] [INFO] [1776844294.333300899] [robot_1.robot_supervisor]: Selected controllable event: EV_rotate_counterclockwise
[robot_supervisor-10] [INFO] [1776844294.333869647] [robot_1.robot_supervisor]: rotate_90 blocked by recent completion; stopping this tick
[robot_supervisor-19] [INFO] [1776844294.340387496] [robot_4.robot_supervisor]: FULL ROTATE active (accum_rad=0.988, timed_fallback=False, stall_count=0)
[robot_supervisor-7] [INFO] [1776844294.380332716] [robot_0.robot_supervisor]: FULL ROTATE active (accum_rad=2.098, timed_fallback=False, stall_count=0)
[robot_supervisor-10] [INFO] [1776844294.432873876] [robot_1.robot_supervisor]: Selected controllable event: EV_rotate_counterclockwise
[robot_supervisor-10] [INFO] [1776844294.433182631] [robot_1.robot_supervisor]: rotate_90 blocked by recent completion; stopping this tick
[robot_supervisor-19] [INFO] [1776844294.440272629] [robot_4.robot_supervisor]: FULL ROTATE active (accum_rad=1.088, timed_fallback=False, stall_count=0)
[robot_supervisor-7] [INFO] [1776844294.479984588] [robot_0.robot_supervisor]: FULL ROTATE active (accum_rad=2.198, timed_fallback=False, stall_count=0)
[robot_supervisor-10] [INFO] [1776844294.533199196] [robot_1.robot_supervisor]: Selected controllable event: EV_rotate_counterclockwise
[robot_supervisor-10] [INFO] [1776844294.533668623] [robot_1.robot_supervisor]: rotate_90 blocked by recent completion; stopping this tick
[robot_supervisor-19] [INFO] [1776844294.540230153] [robot_4.robot_supervisor]: FULL ROTATE active (accum_rad=1.188, timed_fallback=False, stall_count=0)
[robot_supervisor-7] [INFO] [1776844294.580378680] [robot_0.robot_supervisor]: FULL ROTATE active (accum_rad=2.298, timed_fallback=False, stall_count=0)
[robot_supervisor-10] [INFO] [1776844294.633233432] [robot_1.robot_supervisor]: Selected controllable event: EV_rotate_counterclockwise
[robot_supervisor-19] [INFO] [1776844294.640248163] [robot_4.robot_supervisor]: FULL ROTATE active (accum_rad=1.288, timed_fallback=False, stall_count=0)
[robot_supervisor-7] [INFO] [1776844294.680300036] [robot_0.robot_supervisor]: FULL ROTATE active (accum_rad=2.398, timed_fallback=False, stall_count=0)
[robot_supervisor-19] [INFO] [1776844294.740309870] [robot_4.robot_supervisor]: FULL ROTATE active (accum_rad=1.388, timed_fallback=False, stall_count=0)
[robot_supervisor-7] [INFO] [1776844294.780347993] [robot_0.robot_supervisor]: FULL ROTATE active (accum_rad=2.498, timed_fallback=False, stall_count=0)
[robot_supervisor-19] [INFO] [1776844294.840333339] [robot_4.robot_supervisor]: FULL ROTATE active (accum_rad=1.488, timed_fallback=False, stall_count=0)
[robot_supervisor-7] [INFO] [1776844294.880386461] [robot_0.robot_supervisor]: FULL ROTATE active (accum_rad=2.598, timed_fallback=False, stall_count=0)
[robot_supervisor-19] [INFO] [1776844294.940250502] [robot_4.robot_supervisor]: FULL ROTATE active (accum_rad=1.588, timed_fallback=False, stall_count=0)
[robot_supervisor-7] [INFO] [1776844294.980016169] [robot_0.robot_supervisor]: FULL ROTATE active (accum_rad=2.698, timed_fallback=False, stall_count=0)
[robot_supervisor-13] [INFO] [1776844295.032737871] [robot_2.robot_supervisor]: Selected controllable event: EV_random_walk
[robot_supervisor-19] [INFO] [1776844295.040157891] [robot_4.robot_supervisor]: FULL ROTATE active (accum_rad=1.688, timed_fallback=False, stall_count=0)
[robot_supervisor-7] [INFO] [1776844295.080335062] [robot_0.robot_supervisor]: FULL ROTATE active (accum_rad=2.798, timed_fallback=False, stall_count=0)
[robot_supervisor-19] [INFO] [1776844295.140366930] [robot_4.robot_supervisor]: FULL ROTATE active (accum_rad=1.788, timed_fallback=False, stall_count=0)
[robot_supervisor-7] [INFO] [1776844295.180404041] [robot_0.robot_supervisor]: FULL ROTATE active (accum_rad=2.898, timed_fallback=False, stall_count=0)
[bump_counter-3] [INFO] [1776844295.182481806] [bump_counter]: [global] bump #13 (obstacle) with: south_wall::link::collision
[robot_supervisor-19] [INFO] [1776844295.240383515] [robot_4.robot_supervisor]: FULL ROTATE active (accum_rad=1.888, timed_fallback=False, stall_count=0)
[robot_supervisor-7] [INFO] [1776844295.280374325] [robot_0.robot_supervisor]: FULL ROTATE active (accum_rad=2.998, timed_fallback=False, stall_count=0)
[robot_supervisor-13] [INFO] [1776844295.332826665] [robot_2.robot_supervisor]: Selected controllable event: EV_move_forward
[robot_supervisor-19] [INFO] [1776844295.340430580] [robot_4.robot_supervisor]: FULL ROTATE active (accum_rad=1.988, timed_fallback=False, stall_count=0)
[robot_supervisor-7] [INFO] [1776844295.380394270] [robot_0.robot_supervisor]: FULL ROTATE active (accum_rad=3.098, timed_fallback=False, stall_count=0)
[robot_supervisor-7] [INFO] [1776844295.381027252] [robot_0.robot_supervisor]: FULL ROTATE completed by odom (accum_rad=3.198)
[robot_supervisor-7] [INFO] [1776844295.381579663] [robot_0.robot_supervisor]: FULL ROTATE stopped; supervisor will select next event next tick
[robot_supervisor-19] [INFO] [1776844295.440266658] [robot_4.robot_supervisor]: FULL ROTATE active (accum_rad=2.088, timed_fallback=False, stall_count=0)
[robot_supervisor-19] [INFO] [1776844295.540221910] [robot_4.robot_supervisor]: FULL ROTATE active (accum_rad=2.188, timed_fallback=False, stall_count=0)
[robot_supervisor-13] [INFO] [1776844295.632756671] [robot_2.robot_supervisor]: Selected controllable event: EV_random_walk
[robot_supervisor-19] [INFO] [1776844295.640141031] [robot_4.robot_supervisor]: FULL ROTATE active (accum_rad=2.288, timed_fallback=False, stall_count=0)
[image_processor-24] [INFO] [1776844295.672014469] [robot_3.image_processor]: Zone=CORNER
[robot_supervisor-16] [INFO] [1776844295.678477922] [robot_3.robot_supervisor]: Selected controllable event: EV_full_rotate
[robot_supervisor-16] [INFO] [1776844295.678917784] [robot_3.robot_supervisor]: Starting FULL ROTATE (omega=1.000, have_odom=True, target_rad=3.142, timeout_s=3.500)
[image_processor-23] [INFO] [1776844295.687703349] [robot_2.image_processor]: Zone=CORNER  left[p=1.561 near=0 v=6806]  front[p=0.319 near=10663 v=13500]  right[p=0.208 near=7740 v=7740]
[robot_supervisor-13] [INFO] [1776844295.688451778] [robot_2.robot_supervisor]: Detected zone changed to CORNER
[image_processor-21] [INFO] [1776844295.704535852] [robot_0.image_processor]: Zone=CLEAR  left[p=2.581 near=0 v=3162]  front[p=1.716 near=0 v=8441]  right[p=1.055 near=0 v=7740]
[robot_supervisor-7] [INFO] [1776844295.705322440] [robot_0.robot_supervisor]: Detected zone changed to CLEAR
[image_processor-25] [INFO] [1776844295.721258478] [robot_4.image_processor]: Zone=CORNER  left[p=0.241 near=7650 v=7650]  front[p=0.266 near=13500 v=13500]  right[p=0.312 near=7740 v=7740]
[robot_supervisor-19] [INFO] [1776844295.722013467] [robot_4.robot_supervisor]: Detected zone changed to CORNER
[image_processor-22] [INFO] [1776844295.734057456] [robot_1.image_processor]: Zone=CORNER  left[p=0.574 near=7650 v=7650]  front[p=0.678 near=3791 v=13500]  right[p=1.419 near=0 v=7740]
[robot_supervisor-10] [INFO] [1776844295.734868655] [robot_1.robot_supervisor]: Detected zone changed to CORNER
[robot_supervisor-19] [INFO] [1776844295.740147135] [robot_4.robot_supervisor]: FULL ROTATE active (accum_rad=2.388, timed_fallback=False, stall_count=0)
[robot_supervisor-16] [INFO] [1776844295.778142139] [robot_3.robot_supervisor]: FULL ROTATE active (accum_rad=0.000, timed_fallback=False, stall_count=0)
[robot_supervisor-7] [INFO] [1776844295.780433570] [robot_0.robot_supervisor]: Selected controllable event: EV_random_walk
[robot_supervisor-19] [INFO] [1776844295.840251360] [robot_4.robot_supervisor]: FULL ROTATE active (accum_rad=2.488, timed_fallback=False, stall_count=0)
[robot_supervisor-16] [INFO] [1776844295.878428671] [robot_3.robot_supervisor]: FULL ROTATE active (accum_rad=0.002, timed_fallback=False, stall_count=0)
[robot_supervisor-13] [INFO] [1776844295.932806526] [robot_2.robot_supervisor]: Selected controllable event: EV_rotate_clockwise
[robot_supervisor-19] [INFO] [1776844295.940244645] [robot_4.robot_supervisor]: FULL ROTATE active (accum_rad=2.588, timed_fallback=False, stall_count=0)
[robot_supervisor-16] [INFO] [1776844295.978341689] [robot_3.robot_supervisor]: FULL ROTATE active (accum_rad=0.030, timed_fallback=False, stall_count=0)
[robot_supervisor-19] [INFO] [1776844296.040523846] [robot_4.robot_supervisor]: FULL ROTATE active (accum_rad=2.688, timed_fallback=False, stall_count=0)
[robot_supervisor-16] [INFO] [1776844296.078446639] [robot_3.robot_supervisor]: FULL ROTATE active (accum_rad=0.087, timed_fallback=False, stall_count=0)
[robot_supervisor-7] [INFO] [1776844296.080417473] [robot_0.robot_supervisor]: Selected controllable event: EV_move_forward
[robot_supervisor-19] [INFO] [1776844296.140211199] [robot_4.robot_supervisor]: FULL ROTATE active (accum_rad=2.788, timed_fallback=False, stall_count=0)
[robot_supervisor-16] [INFO] [1776844296.178431260] [robot_3.robot_supervisor]: FULL ROTATE active (accum_rad=0.175, timed_fallback=False, stall_count=0)
[robot_supervisor-19] [INFO] [1776844296.240236116] [robot_4.robot_supervisor]: FULL ROTATE active (accum_rad=2.888, timed_fallback=False, stall_count=0)
[robot_supervisor-16] [INFO] [1776844296.278494281] [robot_3.robot_supervisor]: FULL ROTATE active (accum_rad=0.275, timed_fallback=False, stall_count=0)
[robot_supervisor-19] [INFO] [1776844296.340208452] [robot_4.robot_supervisor]: FULL ROTATE active (accum_rad=2.988, timed_fallback=False, stall_count=0)
[robot_supervisor-16] [INFO] [1776844296.378637295] [robot_3.robot_supervisor]: FULL ROTATE active (accum_rad=0.375, timed_fallback=False, stall_count=0)
[robot_supervisor-7] [INFO] [1776844296.380353278] [robot_0.robot_supervisor]: Selected controllable event: EV_random_walk
[robot_supervisor-19] [INFO] [1776844296.440264952] [robot_4.robot_supervisor]: FULL ROTATE active (accum_rad=3.088, timed_fallback=False, stall_count=0)
[robot_supervisor-19] [INFO] [1776844296.441059634] [robot_4.robot_supervisor]: FULL ROTATE completed by odom (accum_rad=3.188)
[robot_supervisor-19] [INFO] [1776844296.441746915] [robot_4.robot_supervisor]: FULL ROTATE stopped; supervisor will select next event next tick
[robot_supervisor-16] [INFO] [1776844296.478394286] [robot_3.robot_supervisor]: FULL ROTATE active (accum_rad=0.475, timed_fallback=False, stall_count=0)
[robot_supervisor-16] [INFO] [1776844296.578132245] [robot_3.robot_supervisor]: FULL ROTATE active (accum_rad=0.575, timed_fallback=False, stall_count=0)
[robot_supervisor-16] [INFO] [1776844296.678244887] [robot_3.robot_supervisor]: FULL ROTATE active (accum_rad=0.675, timed_fallback=False, stall_count=0)
[robot_supervisor-7] [INFO] [1776844296.680149801] [robot_0.robot_supervisor]: Selected controllable event: EV_move_forward
[robot_supervisor-10] [INFO] [1776844296.733291129] [robot_1.robot_supervisor]: Selected controllable event: EV_rotate_clockwise
[robot_supervisor-10] [INFO] [1776844296.733775136] [robot_1.robot_supervisor]: rotate_90 blocked by recent completion; stopping this tick
[robot_supervisor-16] [INFO] [1776844296.778240498] [robot_3.robot_supervisor]: FULL ROTATE active (accum_rad=0.775, timed_fallback=False, stall_count=0)
[robot_supervisor-10] [INFO] [1776844296.833341607] [robot_1.robot_supervisor]: Selected controllable event: EV_full_rotate
[robot_supervisor-10] [INFO] [1776844296.833834459] [robot_1.robot_supervisor]: full_rotate blocked by cooldown; stopping this tick
[robot_supervisor-19] [INFO] [1776844296.840237552] [robot_4.robot_supervisor]: Selected controllable event: EV_rotate_clockwise
[robot_supervisor-16] [INFO] [1776844296.878427477] [robot_3.robot_supervisor]: FULL ROTATE active (accum_rad=0.875, timed_fallback=False, stall_count=0)
[robot_supervisor-10] [INFO] [1776844296.933364565] [robot_1.robot_supervisor]: Selected controllable event: EV_rotate_clockwise
[robot_supervisor-10] [INFO] [1776844296.933878276] [robot_1.robot_supervisor]: rotate_90 blocked by recent completion; stopping this tick
[robot_supervisor-16] [INFO] [1776844296.978396838] [robot_3.robot_supervisor]: FULL ROTATE active (accum_rad=0.975, timed_fallback=False, stall_count=0)
[robot_supervisor-7] [INFO] [1776844296.980101089] [robot_0.robot_supervisor]: Selected controllable event: EV_random_walk
[robot_supervisor-10] [INFO] [1776844297.033310664] [robot_1.robot_supervisor]: Selected controllable event: EV_full_rotate
[robot_supervisor-10] [INFO] [1776844297.033794947] [robot_1.robot_supervisor]: full_rotate blocked by cooldown; stopping this tick
[robot_supervisor-16] [INFO] [1776844297.078395713] [robot_3.robot_supervisor]: FULL ROTATE active (accum_rad=1.075, timed_fallback=False, stall_count=0)
[robot_supervisor-10] [INFO] [1776844297.133441478] [robot_1.robot_supervisor]: Selected controllable event: EV_rotate_clockwise
[robot_supervisor-16] [INFO] [1776844297.178463888] [robot_3.robot_supervisor]: FULL ROTATE active (accum_rad=1.175, timed_fallback=False, stall_count=0)
[robot_supervisor-16] [INFO] [1776844297.278443487] [robot_3.robot_supervisor]: FULL ROTATE active (accum_rad=1.275, timed_fallback=False, stall_count=0)
[robot_supervisor-7] [INFO] [1776844297.280385547] [robot_0.robot_supervisor]: Selected controllable event: EV_move_forward
[robot_supervisor-16] [INFO] [1776844297.378407371] [robot_3.robot_supervisor]: FULL ROTATE active (accum_rad=1.375, timed_fallback=False, stall_count=0)
[robot_supervisor-16] [INFO] [1776844297.478374205] [robot_3.robot_supervisor]: FULL ROTATE active (accum_rad=1.475, timed_fallback=False, stall_count=0)
[robot_supervisor-16] [INFO] [1776844297.578267220] [robot_3.robot_supervisor]: FULL ROTATE active (accum_rad=1.575, timed_fallback=False, stall_count=0)
[robot_supervisor-7] [INFO] [1776844297.580121612] [robot_0.robot_supervisor]: Selected controllable event: EV_random_walk
[robot_supervisor-16] [INFO] [1776844297.678303839] [robot_3.robot_supervisor]: FULL ROTATE active (accum_rad=1.675, timed_fallback=False, stall_count=0)
[robot_supervisor-16] [INFO] [1776844297.778237058] [robot_3.robot_supervisor]: FULL ROTATE active (accum_rad=1.775, timed_fallback=False, stall_count=0)
[robot_supervisor-16] [INFO] [1776844297.878287286] [robot_3.robot_supervisor]: FULL ROTATE active (accum_rad=1.875, timed_fallback=False, stall_count=0)
[robot_supervisor-7] [INFO] [1776844297.880138790] [robot_0.robot_supervisor]: Selected controllable event: EV_move_forward
[robot_supervisor-16] [INFO] [1776844297.978281205] [robot_3.robot_supervisor]: FULL ROTATE active (accum_rad=1.975, timed_fallback=False, stall_count=0)
[robot_supervisor-16] [INFO] [1776844298.078160637] [robot_3.robot_supervisor]: FULL ROTATE active (accum_rad=2.075, timed_fallback=False, stall_count=0)
[robot_supervisor-13] [INFO] [1776844298.133225933] [robot_2.robot_supervisor]: Selected controllable event: EV_full_rotate
[robot_supervisor-13] [INFO] [1776844298.133771387] [robot_2.robot_supervisor]: Starting FULL ROTATE (omega=1.000, have_odom=True, target_rad=3.142, timeout_s=3.500)
[image_processor-24] [INFO] [1776844298.178214059] [robot_3.image_processor]: Zone=CLEAR  left[p=1.442 near=0 v=7502]  front[p=1.676 near=0 v=10385]  right[p=2.607 near=152 v=5481]
[robot_supervisor-16] [INFO] [1776844298.178403556] [robot_3.robot_supervisor]: FULL ROTATE active (accum_rad=2.175, timed_fallback=False, stall_count=0)
[robot_supervisor-16] [INFO] [1776844298.179575071] [robot_3.robot_supervisor]: Detected zone changed to CLEAR
[robot_supervisor-7] [INFO] [1776844298.180168337] [robot_0.robot_supervisor]: Selected controllable event: EV_random_walk
[image_processor-23] [INFO] [1776844298.188890077] [robot_2.image_processor]: Zone=CORNER
[image_processor-21] [INFO] [1776844298.205883061] [robot_0.image_processor]: Zone=CLEAR
[image_processor-25] [INFO] [1776844298.216522681] [robot_4.image_processor]: Zone=CORNER
[image_processor-22] [INFO] [1776844298.227099126] [robot_1.image_processor]: Zone=CORNER
[robot_supervisor-13] [INFO] [1776844298.233002740] [robot_2.robot_supervisor]: FULL ROTATE active (accum_rad=0.000, timed_fallback=False, stall_count=0)
[robot_supervisor-16] [INFO] [1776844298.278125843] [robot_3.robot_supervisor]: FULL ROTATE active (accum_rad=2.275, timed_fallback=False, stall_count=0)
[robot_supervisor-13] [INFO] [1776844298.332969211] [robot_2.robot_supervisor]: FULL ROTATE active (accum_rad=0.006, timed_fallback=False, stall_count=0)
[robot_supervisor-16] [INFO] [1776844298.378225494] [robot_3.robot_supervisor]: FULL ROTATE active (accum_rad=2.375, timed_fallback=False, stall_count=0)
[robot_supervisor-13] [INFO] [1776844298.433045691] [robot_2.robot_supervisor]: FULL ROTATE active (accum_rad=0.041, timed_fallback=False, stall_count=0)
[robot_supervisor-16] [INFO] [1776844298.478257684] [robot_3.robot_supervisor]: FULL ROTATE active (accum_rad=2.475, timed_fallback=False, stall_count=0)
[robot_supervisor-7] [INFO] [1776844298.480103566] [robot_0.robot_supervisor]: Selected controllable event: EV_move_forward
[robot_supervisor-13] [INFO] [1776844298.533002662] [robot_2.robot_supervisor]: FULL ROTATE active (accum_rad=0.105, timed_fallback=False, stall_count=0)
[robot_supervisor-16] [INFO] [1776844298.578012878] [robot_3.robot_supervisor]: FULL ROTATE active (accum_rad=2.575, timed_fallback=False, stall_count=0)
[robot_supervisor-13] [INFO] [1776844298.632892767] [robot_2.robot_supervisor]: FULL ROTATE active (accum_rad=0.198, timed_fallback=False, stall_count=0)
[robot_supervisor-16] [INFO] [1776844298.678248800] [robot_3.robot_supervisor]: FULL ROTATE active (accum_rad=2.675, timed_fallback=False, stall_count=0)
[robot_supervisor-13] [INFO] [1776844298.732700061] [robot_2.robot_supervisor]: FULL ROTATE active (accum_rad=0.298, timed_fallback=False, stall_count=0)
[robot_supervisor-16] [INFO] [1776844298.778151295] [robot_3.robot_supervisor]: FULL ROTATE active (accum_rad=2.775, timed_fallback=False, stall_count=0)
[robot_supervisor-7] [INFO] [1776844298.780199988] [robot_0.robot_supervisor]: Selected controllable event: EV_random_walk
[robot_supervisor-13] [INFO] [1776844298.832934979] [robot_2.robot_supervisor]: FULL ROTATE active (accum_rad=0.398, timed_fallback=False, stall_count=0)
[robot_supervisor-16] [INFO] [1776844298.878272809] [robot_3.robot_supervisor]: FULL ROTATE active (accum_rad=2.875, timed_fallback=False, stall_count=0)
[robot_supervisor-13] [INFO] [1776844298.933220680] [robot_2.robot_supervisor]: FULL ROTATE active (accum_rad=0.498, timed_fallback=False, stall_count=0)
[robot_supervisor-19] [INFO] [1776844298.940228857] [robot_4.robot_supervisor]: Selected controllable event: EV_full_rotate
[robot_supervisor-19] [INFO] [1776844298.940569625] [robot_4.robot_supervisor]: Starting FULL ROTATE (omega=1.000, have_odom=True, target_rad=3.142, timeout_s=3.500)
[robot_supervisor-16] [INFO] [1776844298.978324435] [robot_3.robot_supervisor]: FULL ROTATE active (accum_rad=2.975, timed_fallback=False, stall_count=0)
[robot_supervisor-13] [INFO] [1776844299.032816105] [robot_2.robot_supervisor]: FULL ROTATE active (accum_rad=0.598, timed_fallback=False, stall_count=0)
[robot_supervisor-19] [INFO] [1776844299.040292542] [robot_4.robot_supervisor]: FULL ROTATE active (accum_rad=0.000, timed_fallback=False, stall_count=0)
[robot_supervisor-16] [INFO] [1776844299.078253755] [robot_3.robot_supervisor]: FULL ROTATE active (accum_rad=3.075, timed_fallback=False, stall_count=0)
[robot_supervisor-16] [INFO] [1776844299.078758900] [robot_3.robot_supervisor]: FULL ROTATE completed by odom (accum_rad=3.175)
[robot_supervisor-16] [INFO] [1776844299.079235733] [robot_3.robot_supervisor]: FULL ROTATE stopped; supervisor will select next event next tick
[robot_supervisor-7] [INFO] [1776844299.080220143] [robot_0.robot_supervisor]: Selected controllable event: EV_move_forward
[robot_supervisor-13] [INFO] [1776844299.132891462] [robot_2.robot_supervisor]: FULL ROTATE active (accum_rad=0.698, timed_fallback=False, stall_count=0)
[robot_supervisor-19] [INFO] [1776844299.140069350] [robot_4.robot_supervisor]: FULL ROTATE active (accum_rad=0.005, timed_fallback=False, stall_count=0)
[robot_supervisor-13] [INFO] [1776844299.232662122] [robot_2.robot_supervisor]: FULL ROTATE active (accum_rad=0.798, timed_fallback=False, stall_count=0)
[robot_supervisor-10] [INFO] [1776844299.233104247] [robot_1.robot_supervisor]: Selected controllable event: EV_full_rotate
[robot_supervisor-10] [INFO] [1776844299.233580291] [robot_1.robot_supervisor]: Starting FULL ROTATE (omega=1.000, have_odom=True, target_rad=3.142, timeout_s=3.500)
[robot_supervisor-19] [INFO] [1776844299.240187543] [robot_4.robot_supervisor]: FULL ROTATE active (accum_rad=0.030, timed_fallback=False, stall_count=0)
[robot_supervisor-13] [INFO] [1776844299.332739704] [robot_2.robot_supervisor]: FULL ROTATE active (accum_rad=0.898, timed_fallback=False, stall_count=0)
[robot_supervisor-10] [INFO] [1776844299.333020386] [robot_1.robot_supervisor]: FULL ROTATE active (accum_rad=0.000, timed_fallback=False, stall_count=0)
[robot_supervisor-19] [INFO] [1776844299.340217322] [robot_4.robot_supervisor]: FULL ROTATE active (accum_rad=0.084, timed_fallback=False, stall_count=0)
[robot_supervisor-16] [INFO] [1776844299.378323980] [robot_3.robot_supervisor]: Selected controllable event: EV_random_walk
[robot_supervisor-7] [INFO] [1776844299.380263259] [robot_0.robot_supervisor]: Selected controllable event: EV_random_walk
[robot_supervisor-13] [INFO] [1776844299.432828227] [robot_2.robot_supervisor]: FULL ROTATE active (accum_rad=0.998, timed_fallback=False, stall_count=0)
[robot_supervisor-10] [INFO] [1776844299.433061468] [robot_1.robot_supervisor]: FULL ROTATE active (accum_rad=0.005, timed_fallback=False, stall_count=0)
[robot_supervisor-19] [INFO] [1776844299.440132697] [robot_4.robot_supervisor]: FULL ROTATE active (accum_rad=0.169, timed_fallback=False, stall_count=0)
[robot_supervisor-13] [INFO] [1776844299.532879460] [robot_2.robot_supervisor]: FULL ROTATE active (accum_rad=1.098, timed_fallback=False, stall_count=0)
[robot_supervisor-10] [INFO] [1776844299.533040245] [robot_1.robot_supervisor]: FULL ROTATE active (accum_rad=0.030, timed_fallback=False, stall_count=0)
[robot_supervisor-19] [INFO] [1776844299.540307779] [robot_4.robot_supervisor]: FULL ROTATE active (accum_rad=0.269, timed_fallback=False, stall_count=0)
[robot_supervisor-13] [INFO] [1776844299.632742498] [robot_2.robot_supervisor]: FULL ROTATE active (accum_rad=1.198, timed_fallback=False, stall_count=0)
[robot_supervisor-10] [INFO] [1776844299.632988134] [robot_1.robot_supervisor]: FULL ROTATE active (accum_rad=0.084, timed_fallback=False, stall_count=0)
[robot_supervisor-19] [INFO] [1776844299.640189426] [robot_4.robot_supervisor]: FULL ROTATE active (accum_rad=0.369, timed_fallback=False, stall_count=0)
[robot_supervisor-16] [INFO] [1776844299.678434498] [robot_3.robot_supervisor]: Selected controllable event: EV_move_forward
[robot_supervisor-7] [INFO] [1776844299.680312408] [robot_0.robot_supervisor]: Selected controllable event: EV_move_forward
[robot_supervisor-13] [INFO] [1776844299.732832279] [robot_2.robot_supervisor]: FULL ROTATE active (accum_rad=1.298, timed_fallback=False, stall_count=0)
[robot_supervisor-10] [INFO] [1776844299.733029492] [robot_1.robot_supervisor]: FULL ROTATE active (accum_rad=0.169, timed_fallback=False, stall_count=0)
[robot_supervisor-19] [INFO] [1776844299.740204451] [robot_4.robot_supervisor]: FULL ROTATE active (accum_rad=0.469, timed_fallback=False, stall_count=0)
[robot_supervisor-13] [INFO] [1776844299.832850503] [robot_2.robot_supervisor]: FULL ROTATE active (accum_rad=1.398, timed_fallback=False, stall_count=0)
[robot_supervisor-10] [INFO] [1776844299.833141881] [robot_1.robot_supervisor]: FULL ROTATE active (accum_rad=0.269, timed_fallback=False, stall_count=0)
[robot_supervisor-19] [INFO] [1776844299.840198411] [robot_4.robot_supervisor]: FULL ROTATE active (accum_rad=0.569, timed_fallback=False, stall_count=0)
[robot_supervisor-13] [INFO] [1776844299.932780947] [robot_2.robot_supervisor]: FULL ROTATE active (accum_rad=1.498, timed_fallback=False, stall_count=0)
[robot_supervisor-10] [INFO] [1776844299.932993301] [robot_1.robot_supervisor]: FULL ROTATE active (accum_rad=0.369, timed_fallback=False, stall_count=0)
[robot_supervisor-19] [INFO] [1776844299.940287692] [robot_4.robot_supervisor]: FULL ROTATE active (accum_rad=0.669, timed_fallback=False, stall_count=0)
[robot_supervisor-16] [INFO] [1776844299.978403806] [robot_3.robot_supervisor]: Selected controllable event: EV_random_walk
[robot_supervisor-7] [INFO] [1776844299.980415032] [robot_0.robot_supervisor]: Selected controllable event: EV_random_walk
[robot_supervisor-13] [INFO] [1776844300.032797256] [robot_2.robot_supervisor]: FULL ROTATE active (accum_rad=1.598, timed_fallback=False, stall_count=0)
[robot_supervisor-10] [INFO] [1776844300.033179051] [robot_1.robot_supervisor]: FULL ROTATE active (accum_rad=0.469, timed_fallback=False, stall_count=0)
[robot_supervisor-19] [INFO] [1776844300.040353218] [robot_4.robot_supervisor]: FULL ROTATE active (accum_rad=0.769, timed_fallback=False, stall_count=0)
[robot_supervisor-13] [INFO] [1776844300.132763158] [robot_2.robot_supervisor]: FULL ROTATE active (accum_rad=1.698, timed_fallback=False, stall_count=0)
[robot_supervisor-10] [INFO] [1776844300.132905166] [robot_1.robot_supervisor]: FULL ROTATE active (accum_rad=0.569, timed_fallback=False, stall_count=0)
[robot_supervisor-19] [INFO] [1776844300.140190242] [robot_4.robot_supervisor]: FULL ROTATE active (accum_rad=0.869, timed_fallback=False, stall_count=0)
[robot_supervisor-13] [INFO] [1776844300.232807021] [robot_2.robot_supervisor]: FULL ROTATE active (accum_rad=1.798, timed_fallback=False, stall_count=0)
[robot_supervisor-10] [INFO] [1776844300.233026901] [robot_1.robot_supervisor]: FULL ROTATE active (accum_rad=0.669, timed_fallback=False, stall_count=0)
[robot_supervisor-19] [INFO] [1776844300.240201250] [robot_4.robot_supervisor]: FULL ROTATE active (accum_rad=0.969, timed_fallback=False, stall_count=0)
[robot_supervisor-16] [INFO] [1776844300.278323547] [robot_3.robot_supervisor]: Selected controllable event: EV_move_forward
[robot_supervisor-7] [INFO] [1776844300.280223910] [robot_0.robot_supervisor]: Selected controllable event: EV_move_forward
[robot_supervisor-13] [INFO] [1776844300.332816919] [robot_2.robot_supervisor]: FULL ROTATE active (accum_rad=1.898, timed_fallback=False, stall_count=0)
[robot_supervisor-10] [INFO] [1776844300.333008165] [robot_1.robot_supervisor]: FULL ROTATE active (accum_rad=0.769, timed_fallback=False, stall_count=0)
[robot_supervisor-19] [INFO] [1776844300.340180040] [robot_4.robot_supervisor]: FULL ROTATE active (accum_rad=1.069, timed_fallback=False, stall_count=0)
[robot_supervisor-13] [INFO] [1776844300.433016069] [robot_2.robot_supervisor]: FULL ROTATE active (accum_rad=1.998, timed_fallback=False, stall_count=0)
[robot_supervisor-10] [INFO] [1776844300.433033498] [robot_1.robot_supervisor]: FULL ROTATE active (accum_rad=0.869, timed_fallback=False, stall_count=0)
[robot_supervisor-19] [INFO] [1776844300.440162703] [robot_4.robot_supervisor]: FULL ROTATE active (accum_rad=1.169, timed_fallback=False, stall_count=0)
[robot_supervisor-10] [INFO] [1776844300.533007647] [robot_1.robot_supervisor]: FULL ROTATE active (accum_rad=0.969, timed_fallback=False, stall_count=0)
[robot_supervisor-13] [INFO] [1776844300.533094564] [robot_2.robot_supervisor]: FULL ROTATE active (accum_rad=2.098, timed_fallback=False, stall_count=0)
[robot_supervisor-19] [INFO] [1776844300.540195384] [robot_4.robot_supervisor]: FULL ROTATE active (accum_rad=1.269, timed_fallback=False, stall_count=0)
[robot_supervisor-16] [INFO] [1776844300.578252952] [robot_3.robot_supervisor]: Selected controllable event: EV_random_walk
[robot_supervisor-7] [INFO] [1776844300.580389610] [robot_0.robot_supervisor]: Selected controllable event: EV_random_walk
[robot_supervisor-13] [INFO] [1776844300.632827843] [robot_2.robot_supervisor]: FULL ROTATE active (accum_rad=2.198, timed_fallback=False, stall_count=0)
[robot_supervisor-10] [INFO] [1776844300.632977793] [robot_1.robot_supervisor]: FULL ROTATE active (accum_rad=1.069, timed_fallback=False, stall_count=0)
[robot_supervisor-19] [INFO] [1776844300.640160795] [robot_4.robot_supervisor]: FULL ROTATE active (accum_rad=1.369, timed_fallback=False, stall_count=0)
[image_processor-24] [INFO] [1776844300.667692552] [robot_3.image_processor]: Zone=CLEAR
[image_processor-23] [INFO] [1776844300.684648640] [robot_2.image_processor]: Zone=CORNER
[image_processor-21] [INFO] [1776844300.700519532] [robot_0.image_processor]: Zone=CLEAR
[image_processor-25] [INFO] [1776844300.710304143] [robot_4.image_processor]: Zone=CORNER
[image_processor-22] [INFO] [1776844300.720240250] [robot_1.image_processor]: Zone=CORNER
[robot_supervisor-13] [INFO] [1776844300.732816577] [robot_2.robot_supervisor]: FULL ROTATE active (accum_rad=2.298, timed_fallback=False, stall_count=0)
[robot_supervisor-10] [INFO] [1776844300.732926237] [robot_1.robot_supervisor]: FULL ROTATE active (accum_rad=1.169, timed_fallback=False, stall_count=0)
[robot_supervisor-19] [INFO] [1776844300.740387414] [robot_4.robot_supervisor]: FULL ROTATE active (accum_rad=1.469, timed_fallback=False, stall_count=0)
[robot_supervisor-13] [INFO] [1776844300.832695906] [robot_2.robot_supervisor]: FULL ROTATE active (accum_rad=2.398, timed_fallback=False, stall_count=0)
[robot_supervisor-10] [INFO] [1776844300.832958853] [robot_1.robot_supervisor]: FULL ROTATE active (accum_rad=1.269, timed_fallback=False, stall_count=0)
[robot_supervisor-19] [INFO] [1776844300.840243198] [robot_4.robot_supervisor]: FULL ROTATE active (accum_rad=1.569, timed_fallback=False, stall_count=0)
[robot_supervisor-16] [INFO] [1776844300.878404132] [robot_3.robot_supervisor]: Selected controllable event: EV_move_forward
[robot_supervisor-7] [INFO] [1776844300.880199857] [robot_0.robot_supervisor]: Selected controllable event: EV_move_forward
[robot_supervisor-13] [INFO] [1776844300.932765716] [robot_2.robot_supervisor]: FULL ROTATE active (accum_rad=2.498, timed_fallback=False, stall_count=0)
[robot_supervisor-10] [INFO] [1776844300.933134797] [robot_1.robot_supervisor]: FULL ROTATE active (accum_rad=1.369, timed_fallback=False, stall_count=0)
[robot_supervisor-19] [INFO] [1776844300.940047377] [robot_4.robot_supervisor]: FULL ROTATE active (accum_rad=1.669, timed_fallback=False, stall_count=0)
[robot_supervisor-13] [INFO] [1776844301.032769667] [robot_2.robot_supervisor]: FULL ROTATE active (accum_rad=2.598, timed_fallback=False, stall_count=0)
[robot_supervisor-10] [INFO] [1776844301.033005711] [robot_1.robot_supervisor]: FULL ROTATE active (accum_rad=1.469, timed_fallback=False, stall_count=0)
[robot_supervisor-19] [INFO] [1776844301.040041082] [robot_4.robot_supervisor]: FULL ROTATE active (accum_rad=1.769, timed_fallback=False, stall_count=0)
[robot_supervisor-13] [INFO] [1776844301.132730911] [robot_2.robot_supervisor]: FULL ROTATE active (accum_rad=2.698, timed_fallback=False, stall_count=0)
[robot_supervisor-10] [INFO] [1776844301.133204730] [robot_1.robot_supervisor]: FULL ROTATE active (accum_rad=1.569, timed_fallback=False, stall_count=0)
[robot_supervisor-19] [INFO] [1776844301.140191177] [robot_4.robot_supervisor]: FULL ROTATE active (accum_rad=1.869, timed_fallback=False, stall_count=0)
[robot_supervisor-16] [INFO] [1776844301.178460805] [robot_3.robot_supervisor]: Selected controllable event: EV_random_walk
[robot_supervisor-7] [INFO] [1776844301.180454415] [robot_0.robot_supervisor]: Selected controllable event: EV_random_walk
[robot_supervisor-13] [INFO] [1776844301.232865642] [robot_2.robot_supervisor]: FULL ROTATE active (accum_rad=2.798, timed_fallback=False, stall_count=0)
[robot_supervisor-10] [INFO] [1776844301.232986925] [robot_1.robot_supervisor]: FULL ROTATE active (accum_rad=1.669, timed_fallback=False, stall_count=0)
[robot_supervisor-19] [INFO] [1776844301.240174627] [robot_4.robot_supervisor]: FULL ROTATE active (accum_rad=1.969, timed_fallback=False, stall_count=0)
[robot_supervisor-13] [INFO] [1776844301.332758999] [robot_2.robot_supervisor]: FULL ROTATE active (accum_rad=2.898, timed_fallback=False, stall_count=0)
[robot_supervisor-10] [INFO] [1776844301.332917429] [robot_1.robot_supervisor]: FULL ROTATE active (accum_rad=1.769, timed_fallback=False, stall_count=0)
[robot_supervisor-19] [INFO] [1776844301.340195728] [robot_4.robot_supervisor]: FULL ROTATE active (accum_rad=2.069, timed_fallback=False, stall_count=0)
[robot_supervisor-13] [INFO] [1776844301.432745678] [robot_2.robot_supervisor]: FULL ROTATE active (accum_rad=2.998, timed_fallback=False, stall_count=0)
[robot_supervisor-10] [INFO] [1776844301.433240356] [robot_1.robot_supervisor]: FULL ROTATE active (accum_rad=1.869, timed_fallback=False, stall_count=0)
[robot_supervisor-19] [INFO] [1776844301.440238094] [robot_4.robot_supervisor]: FULL ROTATE active (accum_rad=2.169, timed_fallback=False, stall_count=0)
[robot_supervisor-16] [INFO] [1776844301.478441628] [robot_3.robot_supervisor]: Selected controllable event: EV_move_forward
[robot_supervisor-7] [INFO] [1776844301.480105913] [robot_0.robot_supervisor]: Selected controllable event: EV_move_forward
[robot_supervisor-10] [INFO] [1776844301.532784720] [robot_1.robot_supervisor]: FULL ROTATE active (accum_rad=1.969, timed_fallback=False, stall_count=0)
[robot_supervisor-13] [INFO] [1776844301.532889330] [robot_2.robot_supervisor]: FULL ROTATE active (accum_rad=3.098, timed_fallback=False, stall_count=0)
[robot_supervisor-13] [INFO] [1776844301.533432048] [robot_2.robot_supervisor]: FULL ROTATE completed by odom (accum_rad=3.198)
[robot_supervisor-13] [INFO] [1776844301.533893781] [robot_2.robot_supervisor]: FULL ROTATE stopped; supervisor will select next event next tick
[robot_supervisor-19] [INFO] [1776844301.540132841] [robot_4.robot_supervisor]: FULL ROTATE active (accum_rad=2.269, timed_fallback=False, stall_count=0)
[bump_counter-3] [INFO] [1776844301.552790128] [bump_counter]: [global] bump #14 (obstacle) with: south_wall::link::collision
[robot_supervisor-10] [INFO] [1776844301.633027470] [robot_1.robot_supervisor]: FULL ROTATE active (accum_rad=2.069, timed_fallback=False, stall_count=0)
[robot_supervisor-19] [INFO] [1776844301.640049904] [robot_4.robot_supervisor]: FULL ROTATE active (accum_rad=2.369, timed_fallback=False, stall_count=0)
[robot_supervisor-10] [INFO] [1776844301.732813870] [robot_1.robot_supervisor]: FULL ROTATE active (accum_rad=2.169, timed_fallback=False, stall_count=0)
[robot_supervisor-19] [INFO] [1776844301.740363282] [robot_4.robot_supervisor]: FULL ROTATE active (accum_rad=2.469, timed_fallback=False, stall_count=0)
[robot_supervisor-16] [INFO] [1776844301.778089564] [robot_3.robot_supervisor]: Selected controllable event: EV_random_walk
[robot_supervisor-7] [INFO] [1776844301.779954036] [robot_0.robot_supervisor]: Selected controllable event: EV_random_walk
[robot_supervisor-10] [INFO] [1776844301.832823401] [robot_1.robot_supervisor]: FULL ROTATE active (accum_rad=2.269, timed_fallback=False, stall_count=0)
[robot_supervisor-19] [INFO] [1776844301.840170732] [robot_4.robot_supervisor]: FULL ROTATE active (accum_rad=2.569, timed_fallback=False, stall_count=0)
[robot_supervisor-10] [INFO] [1776844301.932915180] [robot_1.robot_supervisor]: FULL ROTATE active (accum_rad=2.369, timed_fallback=False, stall_count=0)
[robot_supervisor-13] [INFO] [1776844301.932949880] [robot_2.robot_supervisor]: Selected controllable event: EV_rotate_clockwise
[robot_supervisor-19] [INFO] [1776844301.940398213] [robot_4.robot_supervisor]: FULL ROTATE active (accum_rad=2.669, timed_fallback=False, stall_count=0)
[robot_supervisor-10] [INFO] [1776844302.032807319] [robot_1.robot_supervisor]: FULL ROTATE active (accum_rad=2.469, timed_fallback=False, stall_count=0)
[robot_supervisor-19] [INFO] [1776844302.040106876] [robot_4.robot_supervisor]: FULL ROTATE active (accum_rad=2.769, timed_fallback=False, stall_count=0)
[robot_supervisor-16] [INFO] [1776844302.078270818] [robot_3.robot_supervisor]: Selected controllable event: EV_move_forward
[robot_supervisor-7] [INFO] [1776844302.080281821] [robot_0.robot_supervisor]: Selected controllable event: EV_move_forward
[robot_supervisor-10] [INFO] [1776844302.132847373] [robot_1.robot_supervisor]: FULL ROTATE active (accum_rad=2.569, timed_fallback=False, stall_count=0)
[robot_supervisor-19] [INFO] [1776844302.140284534] [robot_4.robot_supervisor]: FULL ROTATE active (accum_rad=2.869, timed_fallback=False, stall_count=0)
[robot_supervisor-10] [INFO] [1776844302.232861828] [robot_1.robot_supervisor]: FULL ROTATE active (accum_rad=2.669, timed_fallback=False, stall_count=0)
[robot_supervisor-19] [INFO] [1776844302.240296639] [robot_4.robot_supervisor]: FULL ROTATE active (accum_rad=2.969, timed_fallback=False, stall_count=0)
[robot_supervisor-10] [INFO] [1776844302.332889414] [robot_1.robot_supervisor]: FULL ROTATE active (accum_rad=2.769, timed_fallback=False, stall_count=0)
[robot_supervisor-19] [INFO] [1776844302.340200047] [robot_4.robot_supervisor]: FULL ROTATE active (accum_rad=3.069, timed_fallback=False, stall_count=0)
[robot_supervisor-19] [INFO] [1776844302.340701952] [robot_4.robot_supervisor]: FULL ROTATE completed by odom (accum_rad=3.169)
[robot_supervisor-19] [INFO] [1776844302.341086497] [robot_4.robot_supervisor]: FULL ROTATE stopped; supervisor will select next event next tick
[robot_supervisor-16] [INFO] [1776844302.378313008] [robot_3.robot_supervisor]: Selected controllable event: EV_random_walk
[robot_supervisor-7] [INFO] [1776844302.380297711] [robot_0.robot_supervisor]: Selected controllable event: EV_random_walk
[robot_supervisor-10] [INFO] [1776844302.432861298] [robot_1.robot_supervisor]: FULL ROTATE active (accum_rad=2.869, timed_fallback=False, stall_count=0)
[robot_supervisor-10] [INFO] [1776844302.533411196] [robot_1.robot_supervisor]: FULL ROTATE active (accum_rad=2.969, timed_fallback=False, stall_count=0)
[robot_supervisor-10] [INFO] [1776844302.633315085] [robot_1.robot_supervisor]: FULL ROTATE active (accum_rad=3.069, timed_fallback=False, stall_count=0)
[robot_supervisor-10] [INFO] [1776844302.633707878] [robot_1.robot_supervisor]: FULL ROTATE completed by odom (accum_rad=3.169)
[robot_supervisor-10] [INFO] [1776844302.633981323] [robot_1.robot_supervisor]: FULL ROTATE stopped; supervisor will select next event next tick
[robot_supervisor-19] [INFO] [1776844302.640320893] [robot_4.robot_supervisor]: Selected controllable event: EV_rotate_clockwise
[robot_supervisor-16] [INFO] [1776844302.678247583] [robot_3.robot_supervisor]: Selected controllable event: EV_move_forward
[robot_supervisor-7] [INFO] [1776844302.680318437] [robot_0.robot_supervisor]: Selected controllable event: EV_move_forward
[bump_counter-3] [INFO] [1776844302.893274500] [bump_counter]: [global] bump #15 (obstacle) with: cylinder2::link::collision
[robot_supervisor-16] [INFO] [1776844302.978340533] [robot_3.robot_supervisor]: Selected controllable event: EV_random_walk
[robot_supervisor-7] [INFO] [1776844302.980109536] [robot_0.robot_supervisor]: Selected controllable event: EV_random_walk
[robot_supervisor-10] [INFO] [1776844303.033333585] [robot_1.robot_supervisor]: Selected controllable event: EV_rotate_clockwise
[image_processor-24] [INFO] [1776844303.177242325] [robot_3.image_processor]: Zone=LEFT  left[p=0.412 near=7650 v=7650]  front[p=0.606 near=5622 v=13500]  right[p=0.812 near=419 v=7703]
[robot_supervisor-16] [INFO] [1776844303.177978053] [robot_3.robot_supervisor]: Detected zone changed to LEFT
[image_processor-23] [INFO] [1776844303.214766843] [robot_2.image_processor]: Zone=CORNER
[image_processor-21] [INFO] [1776844303.244540825] [robot_0.image_processor]: Zone=CORNER  left[p=0.362 near=1939 v=5578]  front[p=0.199 near=13500 v=13500]  right[p=0.168 near=7740 v=7740]
[robot_supervisor-7] [INFO] [1776844303.245247159] [robot_0.robot_supervisor]: Detected zone changed to CORNER
[robot_supervisor-16] [INFO] [1776844303.278553872] [robot_3.robot_supervisor]: Selected controllable event: EV_rotate_clockwise
[image_processor-25] [INFO] [1776844303.280064649] [robot_4.image_processor]: Zone=RIGHT  left[p=1.371 near=0 v=6756]  front[p=1.569 near=0 v=12972]  right[p=0.606 near=3237 v=7740]
[robot_supervisor-7] [INFO] [1776844303.280247248] [robot_0.robot_supervisor]: Selected controllable event: EV_rotate_clockwise
[robot_supervisor-19] [INFO] [1776844303.281047411] [robot_4.robot_supervisor]: Detected zone changed to RIGHT
[image_processor-22] [INFO] [1776844303.314993600] [robot_1.image_processor]: Zone=CORNER
[robot_supervisor-13] [INFO] [1776844304.132815233] [robot_2.robot_supervisor]: Selected controllable event: EV_full_rotate
[robot_supervisor-13] [INFO] [1776844304.133235834] [robot_2.robot_supervisor]: Starting FULL ROTATE (omega=1.000, have_odom=True, target_rad=3.142, timeout_s=3.500)
[robot_supervisor-13] [INFO] [1776844304.233407804] [robot_2.robot_supervisor]: FULL ROTATE active (accum_rad=0.000, timed_fallback=False, stall_count=0)
[robot_supervisor-13] [INFO] [1776844304.333128425] [robot_2.robot_supervisor]: FULL ROTATE active (accum_rad=0.006, timed_fallback=False, stall_count=0)
[robot_supervisor-13] [INFO] [1776844304.432695241] [robot_2.robot_supervisor]: FULL ROTATE active (accum_rad=0.041, timed_fallback=False, stall_count=0)
[robot_supervisor-13] [INFO] [1776844304.532776426] [robot_2.robot_supervisor]: FULL ROTATE active (accum_rad=0.105, timed_fallback=False, stall_count=0)
[robot_supervisor-13] [INFO] [1776844304.632987824] [robot_2.robot_supervisor]: FULL ROTATE active (accum_rad=0.198, timed_fallback=False, stall_count=0)
[robot_supervisor-13] [INFO] [1776844304.732958042] [robot_2.robot_supervisor]: FULL ROTATE active (accum_rad=0.298, timed_fallback=False, stall_count=0)
[robot_supervisor-13] [INFO] [1776844304.832829064] [robot_2.robot_supervisor]: FULL ROTATE active (accum_rad=0.398, timed_fallback=False, stall_count=0)
[robot_supervisor-19] [INFO] [1776844304.840517466] [robot_4.robot_supervisor]: Selected controllable event: EV_rotate_clockwise
[robot_supervisor-19] [INFO] [1776844304.840998234] [robot_4.robot_supervisor]: rotate_90 blocked by recent completion; stopping this tick
[robot_supervisor-13] [INFO] [1776844304.932778910] [robot_2.robot_supervisor]: FULL ROTATE active (accum_rad=0.498, timed_fallback=False, stall_count=0)
[robot_supervisor-19] [INFO] [1776844304.940685445] [robot_4.robot_supervisor]: Selected controllable event: EV_rotate_counterclockwise
[robot_supervisor-19] [INFO] [1776844304.941269962] [robot_4.robot_supervisor]: rotate_90 blocked by recent completion; stopping this tick
[robot_supervisor-13] [INFO] [1776844305.032787667] [robot_2.robot_supervisor]: FULL ROTATE active (accum_rad=0.598, timed_fallback=False, stall_count=0)
[robot_supervisor-19] [INFO] [1776844305.040629435] [robot_4.robot_supervisor]: Selected controllable event: EV_rotate_counterclockwise
[robot_supervisor-19] [INFO] [1776844305.041257798] [robot_4.robot_supervisor]: rotate_90 blocked by recent completion; stopping this tick
[robot_supervisor-13] [INFO] [1776844305.132754591] [robot_2.robot_supervisor]: FULL ROTATE active (accum_rad=0.698, timed_fallback=False, stall_count=0)
[robot_supervisor-19] [INFO] [1776844305.140601040] [robot_4.robot_supervisor]: Selected controllable event: EV_rotate_counterclockwise
[robot_supervisor-13] [INFO] [1776844305.232882559] [robot_2.robot_supervisor]: FULL ROTATE active (accum_rad=0.798, timed_fallback=False, stall_count=0)
[robot_supervisor-10] [INFO] [1776844305.232956774] [robot_1.robot_supervisor]: Selected controllable event: EV_full_rotate
[robot_supervisor-10] [INFO] [1776844305.233329557] [robot_1.robot_supervisor]: Starting FULL ROTATE (omega=1.000, have_odom=True, target_rad=3.142, timeout_s=3.500)
[robot_supervisor-13] [INFO] [1776844305.333130225] [robot_2.robot_supervisor]: FULL ROTATE active (accum_rad=0.898, timed_fallback=False, stall_count=0)
[robot_supervisor-10] [INFO] [1776844305.333328816] [robot_1.robot_supervisor]: FULL ROTATE active (accum_rad=0.000, timed_fallback=False, stall_count=0)
[robot_supervisor-16] [INFO] [1776844305.378688039] [robot_3.robot_supervisor]: Selected controllable event: EV_rotate_clockwise
[robot_supervisor-16] [INFO] [1776844305.379161189] [robot_3.robot_supervisor]: rotate_90 blocked by recent completion; stopping this tick
[robot_supervisor-7] [INFO] [1776844305.380416932] [robot_0.robot_supervisor]: Selected controllable event: EV_full_rotate
[robot_supervisor-7] [INFO] [1776844305.380981437] [robot_0.robot_supervisor]: Starting FULL ROTATE (omega=1.000, have_odom=True, target_rad=3.142, timeout_s=3.500)
[robot_supervisor-10] [INFO] [1776844305.433053560] [robot_1.robot_supervisor]: FULL ROTATE active (accum_rad=0.006, timed_fallback=False, stall_count=0)
[robot_supervisor-13] [INFO] [1776844305.433076363] [robot_2.robot_supervisor]: FULL ROTATE active (accum_rad=0.998, timed_fallback=False, stall_count=0)
[robot_supervisor-16] [INFO] [1776844305.478483467] [robot_3.robot_supervisor]: Selected controllable event: EV_rotate_clockwise
[robot_supervisor-16] [INFO] [1776844305.478934389] [robot_3.robot_supervisor]: rotate_90 blocked by recent completion; stopping this tick
[robot_supervisor-7] [INFO] [1776844305.480294619] [robot_0.robot_supervisor]: FULL ROTATE active (accum_rad=0.000, timed_fallback=False, stall_count=0)
[robot_supervisor-13] [INFO] [1776844305.532914188] [robot_2.robot_supervisor]: FULL ROTATE active (accum_rad=1.098, timed_fallback=False, stall_count=0)
[robot_supervisor-10] [INFO] [1776844305.532975497] [robot_1.robot_supervisor]: FULL ROTATE active (accum_rad=0.041, timed_fallback=False, stall_count=0)
[robot_supervisor-16] [INFO] [1776844305.578649599] [robot_3.robot_supervisor]: Selected controllable event: EV_rotate_clockwise
[robot_supervisor-16] [INFO] [1776844305.579191264] [robot_3.robot_supervisor]: rotate_90 blocked by recent completion; stopping this tick
[robot_supervisor-7] [INFO] [1776844305.579988002] [robot_0.robot_supervisor]: FULL ROTATE active (accum_rad=0.002, timed_fallback=False, stall_count=0)
[robot_supervisor-13] [INFO] [1776844305.632976316] [robot_2.robot_supervisor]: FULL ROTATE active (accum_rad=1.198, timed_fallback=False, stall_count=0)
[robot_supervisor-10] [INFO] [1776844305.632989699] [robot_1.robot_supervisor]: FULL ROTATE active (accum_rad=0.105, timed_fallback=False, stall_count=0)
[robot_supervisor-16] [INFO] [1776844305.678550090] [robot_3.robot_supervisor]: Selected controllable event: EV_rotate_clockwise
[image_processor-24] [INFO] [1776844305.679671269] [robot_3.image_processor]: Zone=LEFT
[robot_supervisor-7] [INFO] [1776844305.680034051] [robot_0.robot_supervisor]: FULL ROTATE active (accum_rad=0.030, timed_fallback=False, stall_count=0)
[image_processor-21] [INFO] [1776844305.719523255] [robot_0.image_processor]: Zone=LEFT  left[p=0.248 near=7650 v=7650]  front[p=0.955 near=1204 v=13500]  right[p=0.929 near=0 v=7740]
[robot_supervisor-7] [INFO] [1776844305.720454327] [robot_0.robot_supervisor]: Detected zone changed to LEFT
[image_processor-25] [INFO] [1776844305.732084998] [robot_4.image_processor]: Zone=CORNER  left[p=0.697 near=2056 v=7650]  front[p=0.305 near=13500 v=13500]  right[p=0.225 near=7740 v=7740]
[robot_supervisor-13] [INFO] [1776844305.732859632] [robot_2.robot_supervisor]: FULL ROTATE active (accum_rad=1.298, timed_fallback=False, stall_count=0)
[robot_supervisor-10] [INFO] [1776844305.732937149] [robot_1.robot_supervisor]: FULL ROTATE active (accum_rad=0.198, timed_fallback=False, stall_count=0)
[robot_supervisor-19] [INFO] [1776844305.733023147] [robot_4.robot_supervisor]: Detected zone changed to CORNER
[image_processor-22] [INFO] [1776844305.743046905] [robot_1.image_processor]: Zone=CORNER
[robot_supervisor-7] [INFO] [1776844305.780392387] [robot_0.robot_supervisor]: FULL ROTATE active (accum_rad=0.087, timed_fallback=False, stall_count=0)
[image_processor-23] [INFO] [1776844305.807357930] [robot_2.image_processor]: Zone=RIGHT  left[p=2.191 near=0 v=4774]  front[p=2.468 near=0 v=9386]  right[p=0.779 near=975 v=7710]
[robot_supervisor-13] [INFO] [1776844305.808006705] [robot_2.robot_supervisor]: Detected zone changed to RIGHT
[robot_supervisor-13] [INFO] [1776844305.832835443] [robot_2.robot_supervisor]: FULL ROTATE active (accum_rad=1.398, timed_fallback=False, stall_count=0)
[robot_supervisor-10] [INFO] [1776844305.833067581] [robot_1.robot_supervisor]: FULL ROTATE active (accum_rad=0.298, timed_fallback=False, stall_count=0)
[robot_supervisor-7] [INFO] [1776844305.880337668] [robot_0.robot_supervisor]: FULL ROTATE active (accum_rad=0.175, timed_fallback=False, stall_count=0)
[robot_supervisor-13] [INFO] [1776844305.932959281] [robot_2.robot_supervisor]: FULL ROTATE active (accum_rad=1.498, timed_fallback=False, stall_count=0)
[robot_supervisor-10] [INFO] [1776844305.932994728] [robot_1.robot_supervisor]: FULL ROTATE active (accum_rad=0.398, timed_fallback=False, stall_count=0)
[bump_counter-3] [INFO] [1776844305.972784042] [bump_counter]: [global] bump #16 (obstacle) with: cylinder2::link::collision
[robot_supervisor-7] [INFO] [1776844305.980237194] [robot_0.robot_supervisor]: FULL ROTATE active (accum_rad=0.275, timed_fallback=False, stall_count=0)
[robot_supervisor-13] [INFO] [1776844306.032774580] [robot_2.robot_supervisor]: FULL ROTATE active (accum_rad=1.598, timed_fallback=False, stall_count=0)
[robot_supervisor-10] [INFO] [1776844306.032920203] [robot_1.robot_supervisor]: FULL ROTATE active (accum_rad=0.498, timed_fallback=False, stall_count=0)
[robot_supervisor-7] [INFO] [1776844306.080510120] [robot_0.robot_supervisor]: FULL ROTATE active (accum_rad=0.375, timed_fallback=False, stall_count=0)
[robot_supervisor-13] [INFO] [1776844306.132780283] [robot_2.robot_supervisor]: FULL ROTATE active (accum_rad=1.698, timed_fallback=False, stall_count=0)
[robot_supervisor-10] [INFO] [1776844306.132996894] [robot_1.robot_supervisor]: FULL ROTATE active (accum_rad=0.598, timed_fallback=False, stall_count=0)
[bump_counter-3] [INFO] [1776844306.141949696] [bump_counter]: [global] bump #17 (obstacle) with: south_wall::link::collision
[robot_supervisor-7] [INFO] [1776844306.180287226] [robot_0.robot_supervisor]: FULL ROTATE active (accum_rad=0.475, timed_fallback=False, stall_count=0)
[robot_supervisor-13] [INFO] [1776844306.232742908] [robot_2.robot_supervisor]: FULL ROTATE active (accum_rad=1.798, timed_fallback=False, stall_count=0)
[robot_supervisor-10] [INFO] [1776844306.232851887] [robot_1.robot_supervisor]: FULL ROTATE active (accum_rad=0.698, timed_fallback=False, stall_count=0)
[robot_supervisor-7] [INFO] [1776844306.280369102] [robot_0.robot_supervisor]: FULL ROTATE active (accum_rad=0.575, timed_fallback=False, stall_count=0)
[robot_supervisor-13] [INFO] [1776844306.332802898] [robot_2.robot_supervisor]: FULL ROTATE active (accum_rad=1.898, timed_fallback=False, stall_count=0)
[robot_supervisor-10] [INFO] [1776844306.333377311] [robot_1.robot_supervisor]: FULL ROTATE active (accum_rad=0.798, timed_fallback=False, stall_count=0)
[robot_supervisor-7] [INFO] [1776844306.380232689] [robot_0.robot_supervisor]: FULL ROTATE active (accum_rad=0.675, timed_fallback=False, stall_count=0)
[robot_supervisor-13] [INFO] [1776844306.433021199] [robot_2.robot_supervisor]: FULL ROTATE active (accum_rad=1.998, timed_fallback=False, stall_count=0)
[robot_supervisor-10] [INFO] [1776844306.433172546] [robot_1.robot_supervisor]: FULL ROTATE active (accum_rad=0.898, timed_fallback=False, stall_count=0)
[robot_supervisor-7] [INFO] [1776844306.480228827] [robot_0.robot_supervisor]: FULL ROTATE active (accum_rad=0.775, timed_fallback=False, stall_count=0)
[robot_supervisor-10] [INFO] [1776844306.532966366] [robot_1.robot_supervisor]: FULL ROTATE active (accum_rad=0.998, timed_fallback=False, stall_count=0)
[robot_supervisor-13] [INFO] [1776844306.532972393] [robot_2.robot_supervisor]: FULL ROTATE active (accum_rad=2.098, timed_fallback=False, stall_count=0)
[robot_supervisor-7] [INFO] [1776844306.580199343] [robot_0.robot_supervisor]: FULL ROTATE active (accum_rad=0.875, timed_fallback=False, stall_count=0)
[robot_supervisor-13] [INFO] [1776844306.632799970] [robot_2.robot_supervisor]: FULL ROTATE active (accum_rad=2.198, timed_fallback=False, stall_count=0)
[robot_supervisor-10] [INFO] [1776844306.632840882] [robot_1.robot_supervisor]: FULL ROTATE active (accum_rad=1.098, timed_fallback=False, stall_count=0)
[robot_supervisor-7] [INFO] [1776844306.680276193] [robot_0.robot_supervisor]: FULL ROTATE active (accum_rad=0.975, timed_fallback=False, stall_count=0)
[robot_supervisor-10] [INFO] [1776844306.732997447] [robot_1.robot_supervisor]: FULL ROTATE active (accum_rad=1.198, timed_fallback=False, stall_count=0)
[robot_supervisor-13] [INFO] [1776844306.733075885] [robot_2.robot_supervisor]: FULL ROTATE active (accum_rad=2.298, timed_fallback=False, stall_count=0)
[robot_supervisor-7] [INFO] [1776844306.780192778] [robot_0.robot_supervisor]: FULL ROTATE active (accum_rad=1.075, timed_fallback=False, stall_count=0)
[robot_supervisor-13] [INFO] [1776844306.832766468] [robot_2.robot_supervisor]: FULL ROTATE active (accum_rad=2.398, timed_fallback=False, stall_count=0)
[robot_supervisor-10] [INFO] [1776844306.832845309] [robot_1.robot_supervisor]: FULL ROTATE active (accum_rad=1.298, timed_fallback=False, stall_count=0)
[robot_supervisor-7] [INFO] [1776844306.880211863] [robot_0.robot_supervisor]: FULL ROTATE active (accum_rad=1.175, timed_fallback=False, stall_count=0)
[robot_supervisor-10] [INFO] [1776844306.932872597] [robot_1.robot_supervisor]: FULL ROTATE active (accum_rad=1.398, timed_fallback=False, stall_count=0)
[robot_supervisor-13] [INFO] [1776844306.933047064] [robot_2.robot_supervisor]: FULL ROTATE active (accum_rad=2.498, timed_fallback=False, stall_count=0)
[robot_supervisor-7] [INFO] [1776844306.980205859] [robot_0.robot_supervisor]: FULL ROTATE active (accum_rad=1.275, timed_fallback=False, stall_count=0)
[robot_supervisor-13] [INFO] [1776844307.033066675] [robot_2.robot_supervisor]: FULL ROTATE active (accum_rad=2.598, timed_fallback=False, stall_count=0)
[robot_supervisor-10] [INFO] [1776844307.033201888] [robot_1.robot_supervisor]: FULL ROTATE active (accum_rad=1.498, timed_fallback=False, stall_count=0)
[robot_supervisor-7] [INFO] [1776844307.080461011] [robot_0.robot_supervisor]: FULL ROTATE active (accum_rad=1.375, timed_fallback=False, stall_count=0)
[robot_supervisor-13] [INFO] [1776844307.133085676] [robot_2.robot_supervisor]: FULL ROTATE active (accum_rad=2.698, timed_fallback=False, stall_count=0)
[robot_supervisor-10] [INFO] [1776844307.133193118] [robot_1.robot_supervisor]: FULL ROTATE active (accum_rad=1.598, timed_fallback=False, stall_count=0)
[robot_supervisor-7] [INFO] [1776844307.180429846] [robot_0.robot_supervisor]: FULL ROTATE active (accum_rad=1.475, timed_fallback=False, stall_count=0)
[robot_supervisor-10] [INFO] [1776844307.233200923] [robot_1.robot_supervisor]: FULL ROTATE active (accum_rad=1.698, timed_fallback=False, stall_count=0)
[robot_supervisor-13] [INFO] [1776844307.233300113] [robot_2.robot_supervisor]: FULL ROTATE active (accum_rad=2.798, timed_fallback=False, stall_count=0)
[robot_supervisor-7] [INFO] [1776844307.280356737] [robot_0.robot_supervisor]: FULL ROTATE active (accum_rad=1.575, timed_fallback=False, stall_count=0)
[robot_supervisor-13] [INFO] [1776844307.332696474] [robot_2.robot_supervisor]: FULL ROTATE active (accum_rad=2.898, timed_fallback=False, stall_count=0)
[robot_supervisor-10] [INFO] [1776844307.333183544] [robot_1.robot_supervisor]: FULL ROTATE active (accum_rad=1.798, timed_fallback=False, stall_count=0)
[robot_supervisor-19] [INFO] [1776844307.340424061] [robot_4.robot_supervisor]: Selected controllable event: EV_full_rotate
[robot_supervisor-19] [INFO] [1776844307.340871037] [robot_4.robot_supervisor]: full_rotate blocked by cooldown; stopping this tick
[robot_supervisor-7] [INFO] [1776844307.380105806] [robot_0.robot_supervisor]: FULL ROTATE active (accum_rad=1.675, timed_fallback=False, stall_count=0)
[robot_supervisor-13] [INFO] [1776844307.432700376] [robot_2.robot_supervisor]: FULL ROTATE active (accum_rad=2.998, timed_fallback=False, stall_count=0)
[robot_supervisor-10] [INFO] [1776844307.433008503] [robot_1.robot_supervisor]: FULL ROTATE active (accum_rad=1.898, timed_fallback=False, stall_count=0)
[robot_supervisor-19] [INFO] [1776844307.440370497] [robot_4.robot_supervisor]: Selected controllable event: EV_rotate_clockwise
[robot_supervisor-19] [INFO] [1776844307.440850450] [robot_4.robot_supervisor]: rotate_90 blocked by recent completion; stopping this tick
[robot_supervisor-7] [INFO] [1776844307.480240406] [robot_0.robot_supervisor]: FULL ROTATE active (accum_rad=1.775, timed_fallback=False, stall_count=0)
[robot_supervisor-13] [INFO] [1776844307.532859497] [robot_2.robot_supervisor]: FULL ROTATE active (accum_rad=3.098, timed_fallback=False, stall_count=0)
[robot_supervisor-10] [INFO] [1776844307.532978640] [robot_1.robot_supervisor]: FULL ROTATE active (accum_rad=1.998, timed_fallback=False, stall_count=0)
[robot_supervisor-13] [INFO] [1776844307.533419567] [robot_2.robot_supervisor]: FULL ROTATE completed by odom (accum_rad=3.198)
[robot_supervisor-13] [INFO] [1776844307.533857127] [robot_2.robot_supervisor]: FULL ROTATE stopped; supervisor will select next event next tick
[robot_supervisor-19] [INFO] [1776844307.540594567] [robot_4.robot_supervisor]: Selected controllable event: EV_full_rotate
[robot_supervisor-19] [INFO] [1776844307.541104221] [robot_4.robot_supervisor]: full_rotate blocked by cooldown; stopping this tick
[robot_supervisor-7] [INFO] [1776844307.579971959] [robot_0.robot_supervisor]: FULL ROTATE active (accum_rad=1.875, timed_fallback=False, stall_count=0)
[robot_supervisor-10] [INFO] [1776844307.632912721] [robot_1.robot_supervisor]: FULL ROTATE active (accum_rad=2.098, timed_fallback=False, stall_count=0)
[robot_supervisor-19] [INFO] [1776844307.640344853] [robot_4.robot_supervisor]: Selected controllable event: EV_rotate_clockwise
[robot_supervisor-7] [INFO] [1776844307.680177033] [robot_0.robot_supervisor]: FULL ROTATE active (accum_rad=1.975, timed_fallback=False, stall_count=0)
[robot_supervisor-10] [INFO] [1776844307.733232713] [robot_1.robot_supervisor]: FULL ROTATE active (accum_rad=2.198, timed_fallback=False, stall_count=0)
[robot_supervisor-7] [INFO] [1776844307.779922924] [robot_0.robot_supervisor]: FULL ROTATE active (accum_rad=2.075, timed_fallback=False, stall_count=0)
[robot_supervisor-13] [INFO] [1776844307.832992569] [robot_2.robot_supervisor]: Selected controllable event: EV_rotate_counterclockwise
[robot_supervisor-10] [INFO] [1776844307.833207238] [robot_1.robot_supervisor]: FULL ROTATE active (accum_rad=2.298, timed_fallback=False, stall_count=0)
[robot_supervisor-16] [INFO] [1776844307.878317402] [robot_3.robot_supervisor]: Selected controllable event: EV_rotate_clockwise
[robot_supervisor-16] [INFO] [1776844307.878773014] [robot_3.robot_supervisor]: rotate_90 blocked by recent completion; stopping this tick
[robot_supervisor-7] [INFO] [1776844307.880577207] [robot_0.robot_supervisor]: FULL ROTATE active (accum_rad=2.175, timed_fallback=False, stall_count=0)
[robot_supervisor-10] [INFO] [1776844307.933044037] [robot_1.robot_supervisor]: FULL ROTATE active (accum_rad=2.398, timed_fallback=False, stall_count=0)
[robot_supervisor-16] [INFO] [1776844307.978474825] [robot_3.robot_supervisor]: Selected controllable event: EV_rotate_clockwise
[robot_supervisor-16] [INFO] [1776844307.978936061] [robot_3.robot_supervisor]: rotate_90 blocked by recent completion; stopping this tick
[robot_supervisor-7] [INFO] [1776844307.980484045] [robot_0.robot_supervisor]: FULL ROTATE active (accum_rad=2.275, timed_fallback=False, stall_count=0)
[robot_supervisor-10] [INFO] [1776844308.033406156] [robot_1.robot_supervisor]: FULL ROTATE active (accum_rad=2.498, timed_fallback=False, stall_count=0)
[robot_supervisor-16] [INFO] [1776844308.078308587] [robot_3.robot_supervisor]: Selected controllable event: EV_rotate_clockwise
[robot_supervisor-7] [INFO] [1776844308.080350282] [robot_0.robot_supervisor]: FULL ROTATE active (accum_rad=2.375, timed_fallback=False, stall_count=0)
[robot_supervisor-10] [INFO] [1776844308.133292416] [robot_1.robot_supervisor]: FULL ROTATE active (accum_rad=2.598, timed_fallback=False, stall_count=0)
[image_processor-24] [INFO] [1776844308.170872179] [robot_3.image_processor]: Zone=CLEAR  left[p=0.815 near=301 v=7650]  front[p=0.999 near=0 v=13405]  right[p=2.588 near=0 v=7684]
[robot_supervisor-16] [INFO] [1776844308.171988094] [robot_3.robot_supervisor]: Detected zone changed to CLEAR
[image_processor-23] [INFO] [1776844308.180102537] [robot_2.image_processor]: Zone=RIGHT
[robot_supervisor-7] [INFO] [1776844308.180272612] [robot_0.robot_supervisor]: FULL ROTATE active (accum_rad=2.475, timed_fallback=False, stall_count=0)
[image_processor-21] [INFO] [1776844308.189431492] [robot_0.image_processor]: Zone=RIGHT  left[p=3.041 near=0 v=5432]  front[p=2.631 near=0 v=6676]  right[p=0.454 near=1950 v=6756]
[robot_supervisor-7] [INFO] [1776844308.190325296] [robot_0.robot_supervisor]: Detected zone changed to RIGHT
[image_processor-25] [INFO] [1776844308.204097738] [robot_4.image_processor]: Zone=RIGHT  left[p=1.281 near=0 v=7318]  front[p=1.551 near=0 v=13062]  right[p=0.505 near=5089 v=7740]
[robot_supervisor-19] [INFO] [1776844308.204621042] [robot_4.robot_supervisor]: Detected zone changed to RIGHT
[image_processor-22] [INFO] [1776844308.226364380] [robot_1.image_processor]: Zone=CORNER
[robot_supervisor-10] [INFO] [1776844308.233097289] [robot_1.robot_supervisor]: FULL ROTATE active (accum_rad=2.698, timed_fallback=False, stall_count=0)
[robot_supervisor-7] [INFO] [1776844308.280250138] [robot_0.robot_supervisor]: FULL ROTATE active (accum_rad=2.575, timed_fallback=False, stall_count=0)
[robot_supervisor-10] [INFO] [1776844308.332842196] [robot_1.robot_supervisor]: FULL ROTATE active (accum_rad=2.798, timed_fallback=False, stall_count=0)
[robot_supervisor-7] [INFO] [1776844308.380173524] [robot_0.robot_supervisor]: FULL ROTATE active (accum_rad=2.675, timed_fallback=False, stall_count=0)
[robot_supervisor-10] [INFO] [1776844308.432922059] [robot_1.robot_supervisor]: FULL ROTATE active (accum_rad=2.898, timed_fallback=False, stall_count=0)
[robot_supervisor-7] [INFO] [1776844308.480209328] [robot_0.robot_supervisor]: FULL ROTATE active (accum_rad=2.775, timed_fallback=False, stall_count=0)
[robot_supervisor-10] [INFO] [1776844308.532836174] [robot_1.robot_supervisor]: FULL ROTATE active (accum_rad=2.998, timed_fallback=False, stall_count=0)
[robot_supervisor-7] [INFO] [1776844308.579969938] [robot_0.robot_supervisor]: FULL ROTATE active (accum_rad=2.875, timed_fallback=False, stall_count=0)
[robot_supervisor-10] [INFO] [1776844308.632902268] [robot_1.robot_supervisor]: FULL ROTATE active (accum_rad=3.098, timed_fallback=False, stall_count=0)
[robot_supervisor-10] [INFO] [1776844308.633400773] [robot_1.robot_supervisor]: FULL ROTATE completed by odom (accum_rad=3.198)
[robot_supervisor-10] [INFO] [1776844308.633796664] [robot_1.robot_supervisor]: FULL ROTATE stopped; supervisor will select next event next tick
[robot_supervisor-7] [INFO] [1776844308.680045944] [robot_0.robot_supervisor]: FULL ROTATE active (accum_rad=2.975, timed_fallback=False, stall_count=0)
[robot_supervisor-7] [INFO] [1776844308.780251012] [robot_0.robot_supervisor]: FULL ROTATE active (accum_rad=3.075, timed_fallback=False, stall_count=0)
[robot_supervisor-7] [INFO] [1776844308.780876518] [robot_0.robot_supervisor]: FULL ROTATE completed by odom (accum_rad=3.175)
[robot_supervisor-7] [INFO] [1776844308.781430732] [robot_0.robot_supervisor]: FULL ROTATE stopped; supervisor will select next event next tick
[robot_supervisor-10] [INFO] [1776844308.932936321] [robot_1.robot_supervisor]: Selected controllable event: EV_rotate_clockwise
[robot_supervisor-7] [INFO] [1776844309.180448090] [robot_0.robot_supervisor]: Selected controllable event: EV_rotate_counterclockwise
[robot_supervisor-19] [INFO] [1776844309.740364901] [robot_4.robot_supervisor]: Selected controllable event: EV_rotate_clockwise
[robot_supervisor-19] [INFO] [1776844309.740687553] [robot_4.robot_supervisor]: rotate_90 blocked by recent completion; stopping this tick
[robot_supervisor-19] [INFO] [1776844309.840561373] [robot_4.robot_supervisor]: Selected controllable event: EV_rotate_counterclockwise
[robot_supervisor-19] [INFO] [1776844309.841025188] [robot_4.robot_supervisor]: rotate_90 blocked by recent completion; stopping this tick
[robot_supervisor-19] [INFO] [1776844309.940450979] [robot_4.robot_supervisor]: Selected controllable event: EV_rotate_counterclockwise
[robot_supervisor-19] [INFO] [1776844309.940949365] [robot_4.robot_supervisor]: rotate_90 blocked by recent completion; stopping this tick
[robot_supervisor-13] [INFO] [1776844310.032798086] [robot_2.robot_supervisor]: Selected controllable event: EV_rotate_counterclockwise
[robot_supervisor-13] [INFO] [1776844310.033143995] [robot_2.robot_supervisor]: rotate_90 blocked by recent completion; stopping this tick
[robot_supervisor-19] [INFO] [1776844310.040472557] [robot_4.robot_supervisor]: Selected controllable event: EV_rotate_counterclockwise
[robot_supervisor-13] [INFO] [1776844310.132852267] [robot_2.robot_supervisor]: Selected controllable event: EV_rotate_counterclockwise
[robot_supervisor-13] [INFO] [1776844310.133184849] [robot_2.robot_supervisor]: rotate_90 blocked by recent completion; stopping this tick
[robot_supervisor-13] [INFO] [1776844310.233125015] [robot_2.robot_supervisor]: Selected controllable event: EV_rotate_counterclockwise
[robot_supervisor-16] [INFO] [1776844310.278313664] [robot_3.robot_supervisor]: Selected controllable event: EV_random_walk
[robot_supervisor-16] [INFO] [1776844310.578476204] [robot_3.robot_supervisor]: Selected controllable event: EV_move_forward
[image_processor-24] [INFO] [1776844310.666239740] [robot_3.image_processor]: Zone=CORNER  left[p=0.679 near=3401 v=7650]  front[p=0.397 near=13500 v=13500]  right[p=0.312 near=7740 v=7740]
[robot_supervisor-16] [INFO] [1776844310.667175023] [robot_3.robot_supervisor]: Detected zone changed to CORNER
[image_processor-23] [INFO] [1776844310.675972173] [robot_2.image_processor]: Zone=CORNER  left[p=0.195 near=7650 v=7650]  front[p=0.255 near=13500 v=13500]  right[p=0.491 near=6106 v=7740]
[robot_supervisor-13] [INFO] [1776844310.676698058] [robot_2.robot_supervisor]: Detected zone changed to CORNER
[image_processor-21] [INFO] [1776844310.688886153] [robot_0.image_processor]: Zone=RIGHT
[image_processor-25] [INFO] [1776844310.699448397] [robot_4.image_processor]: Zone=CORNER  left[p=0.883 near=203 v=7650]  front[p=0.322 near=13302 v=13500]  right[p=0.229 near=7740 v=7740]
[robot_supervisor-19] [INFO] [1776844310.700045298] [robot_4.robot_supervisor]: Detected zone changed to CORNER
[image_processor-22] [INFO] [1776844310.719805113] [robot_1.image_processor]: Zone=CORNER
[robot_supervisor-16] [INFO] [1776844310.878561514] [robot_3.robot_supervisor]: Selected controllable event: EV_rotate_clockwise
[robot_supervisor-10] [INFO] [1776844311.233190313] [robot_1.robot_supervisor]: Selected controllable event: EV_full_rotate
[robot_supervisor-10] [INFO] [1776844311.233704119] [robot_1.robot_supervisor]: Starting FULL ROTATE (omega=1.000, have_odom=True, target_rad=3.142, timeout_s=3.500)
[robot_supervisor-7] [INFO] [1776844311.280365709] [robot_0.robot_supervisor]: Selected controllable event: EV_rotate_counterclockwise
[robot_supervisor-7] [INFO] [1776844311.280832019] [robot_0.robot_supervisor]: rotate_90 blocked by recent completion; stopping this tick
[robot_supervisor-10] [INFO] [1776844311.333094738] [robot_1.robot_supervisor]: FULL ROTATE active (accum_rad=0.000, timed_fallback=False, stall_count=0)
[robot_supervisor-7] [INFO] [1776844311.380507597] [robot_0.robot_supervisor]: Selected controllable event: EV_rotate_counterclockwise
[robot_supervisor-7] [INFO] [1776844311.380992794] [robot_0.robot_supervisor]: rotate_90 blocked by recent completion; stopping this tick
[robot_supervisor-10] [INFO] [1776844311.432859643] [robot_1.robot_supervisor]: FULL ROTATE active (accum_rad=0.006, timed_fallback=False, stall_count=0)
[robot_supervisor-7] [INFO] [1776844311.480304696] [robot_0.robot_supervisor]: Selected controllable event: EV_rotate_counterclockwise
[robot_supervisor-7] [INFO] [1776844311.480759027] [robot_0.robot_supervisor]: rotate_90 blocked by recent completion; stopping this tick
[robot_supervisor-10] [INFO] [1776844311.533179399] [robot_1.robot_supervisor]: FULL ROTATE active (accum_rad=0.041, timed_fallback=False, stall_count=0)
[robot_supervisor-7] [INFO] [1776844311.580305328] [robot_0.robot_supervisor]: Selected controllable event: EV_rotate_counterclockwise
[robot_supervisor-10] [INFO] [1776844311.633073137] [robot_1.robot_supervisor]: FULL ROTATE active (accum_rad=0.105, timed_fallback=False, stall_count=0)
[robot_supervisor-10] [INFO] [1776844311.733099587] [robot_1.robot_supervisor]: FULL ROTATE active (accum_rad=0.198, timed_fallback=False, stall_count=0)
[robot_supervisor-10] [INFO] [1776844311.833099816] [robot_1.robot_supervisor]: FULL ROTATE active (accum_rad=0.298, timed_fallback=False, stall_count=0)
[robot_supervisor-10] [INFO] [1776844311.933080244] [robot_1.robot_supervisor]: FULL ROTATE active (accum_rad=0.398, timed_fallback=False, stall_count=0)
[robot_supervisor-10] [INFO] [1776844312.032854282] [robot_1.robot_supervisor]: FULL ROTATE active (accum_rad=0.498, timed_fallback=False, stall_count=0)
[robot_supervisor-10] [INFO] [1776844312.133130640] [robot_1.robot_supervisor]: FULL ROTATE active (accum_rad=0.598, timed_fallback=False, stall_count=0)
[robot_supervisor-19] [INFO] [1776844312.140516562] [robot_4.robot_supervisor]: Selected controllable event: EV_full_rotate
[robot_supervisor-19] [INFO] [1776844312.141006056] [robot_4.robot_supervisor]: full_rotate blocked by cooldown; stopping this tick
[robot_supervisor-10] [INFO] [1776844312.233156332] [robot_1.robot_supervisor]: FULL ROTATE active (accum_rad=0.698, timed_fallback=False, stall_count=0)
[robot_supervisor-19] [INFO] [1776844312.240642838] [robot_4.robot_supervisor]: Selected controllable event: EV_rotate_clockwise
[robot_supervisor-19] [INFO] [1776844312.241151387] [robot_4.robot_supervisor]: rotate_90 blocked by recent completion; stopping this tick
[robot_supervisor-10] [INFO] [1776844312.333127784] [robot_1.robot_supervisor]: FULL ROTATE active (accum_rad=0.798, timed_fallback=False, stall_count=0)
[robot_supervisor-19] [INFO] [1776844312.340263509] [robot_4.robot_supervisor]: Selected controllable event: EV_full_rotate
[robot_supervisor-19] [INFO] [1776844312.340656194] [robot_4.robot_supervisor]: full_rotate blocked by cooldown; stopping this tick
[robot_supervisor-13] [INFO] [1776844312.432820947] [robot_2.robot_supervisor]: Selected controllable event: EV_rotate_clockwise
[robot_supervisor-10] [INFO] [1776844312.433099226] [robot_1.robot_supervisor]: FULL ROTATE active (accum_rad=0.898, timed_fallback=False, stall_count=0)
[robot_supervisor-13] [INFO] [1776844312.433173020] [robot_2.robot_supervisor]: rotate_90 blocked by recent completion; stopping this tick
[robot_supervisor-19] [INFO] [1776844312.440250586] [robot_4.robot_supervisor]: Selected controllable event: EV_rotate_clockwise
[robot_supervisor-13] [INFO] [1776844312.533074182] [robot_2.robot_supervisor]: Selected controllable event: EV_full_rotate
[robot_supervisor-10] [INFO] [1776844312.533074986] [robot_1.robot_supervisor]: FULL ROTATE active (accum_rad=0.998, timed_fallback=False, stall_count=0)
[robot_supervisor-13] [INFO] [1776844312.533661806] [robot_2.robot_supervisor]: full_rotate blocked by cooldown; stopping this tick
[robot_supervisor-13] [INFO] [1776844312.633082452] [robot_2.robot_supervisor]: Selected controllable event: EV_rotate_clockwise
[robot_supervisor-10] [INFO] [1776844312.633142735] [robot_1.robot_supervisor]: FULL ROTATE active (accum_rad=1.098, timed_fallback=False, stall_count=0)
[robot_supervisor-10] [INFO] [1776844312.733110955] [robot_1.robot_supervisor]: FULL ROTATE active (accum_rad=1.198, timed_fallback=False, stall_count=0)
[robot_supervisor-10] [INFO] [1776844312.832960134] [robot_1.robot_supervisor]: FULL ROTATE active (accum_rad=1.298, timed_fallback=False, stall_count=0)
[robot_supervisor-10] [INFO] [1776844312.933202461] [robot_1.robot_supervisor]: FULL ROTATE active (accum_rad=1.398, timed_fallback=False, stall_count=0)
[robot_supervisor-16] [INFO] [1776844312.978445559] [robot_3.robot_supervisor]: Selected controllable event: EV_full_rotate
[robot_supervisor-16] [INFO] [1776844312.978836875] [robot_3.robot_supervisor]: Starting FULL ROTATE (omega=1.000, have_odom=True, target_rad=3.142, timeout_s=3.500)
[robot_supervisor-10] [INFO] [1776844313.033195612] [robot_1.robot_supervisor]: FULL ROTATE active (accum_rad=1.498, timed_fallback=False, stall_count=0)
[robot_supervisor-16] [INFO] [1776844313.078244484] [robot_3.robot_supervisor]: FULL ROTATE active (accum_rad=0.000, timed_fallback=False, stall_count=0)
[robot_supervisor-10] [INFO] [1776844313.133012026] [robot_1.robot_supervisor]: FULL ROTATE active (accum_rad=1.598, timed_fallback=False, stall_count=0)
[image_processor-24] [INFO] [1776844313.176940125] [robot_3.image_processor]: Zone=CORNER
[robot_supervisor-16] [INFO] [1776844313.178172043] [robot_3.robot_supervisor]: FULL ROTATE active (accum_rad=0.002, timed_fallback=False, stall_count=0)
[image_processor-23] [INFO] [1776844313.194035195] [robot_2.image_processor]: Zone=CORNER
[image_processor-21] [INFO] [1776844313.210074414] [robot_0.image_processor]: Zone=LEFT  left[p=0.386 near=3525 v=7650]  front[p=0.978 near=0 v=13500]  right[p=1.065 near=0 v=7740]
[robot_supervisor-7] [INFO] [1776844313.211074018] [robot_0.robot_supervisor]: Detected zone changed to LEFT
[image_processor-25] [INFO] [1776844313.224707915] [robot_4.image_processor]: Zone=RIGHT  left[p=1.221 near=0 v=7631]  front[p=0.889 near=641 v=13346]  right[p=0.385 near=7740 v=7740]
[robot_supervisor-19] [INFO] [1776844313.225494159] [robot_4.robot_supervisor]: Detected zone changed to RIGHT
[robot_supervisor-10] [INFO] [1776844313.232885508] [robot_1.robot_supervisor]: FULL ROTATE active (accum_rad=1.698, timed_fallback=False, stall_count=0)
[image_processor-22] [INFO] [1776844313.244311345] [robot_1.image_processor]: Zone=RIGHT  left[p=0.781 near=1338 v=7650]  front[p=1.195 near=0 v=13316]  right[p=0.485 near=4267 v=6901]
[robot_supervisor-10] [INFO] [1776844313.244925063] [robot_1.robot_supervisor]: Detected zone changed to RIGHT
[robot_supervisor-16] [INFO] [1776844313.278106215] [robot_3.robot_supervisor]: FULL ROTATE active (accum_rad=0.030, timed_fallback=False, stall_count=0)
[robot_supervisor-10] [INFO] [1776844313.333147442] [robot_1.robot_supervisor]: FULL ROTATE active (accum_rad=1.798, timed_fallback=False, stall_count=0)
[robot_supervisor-16] [INFO] [1776844313.378105561] [robot_3.robot_supervisor]: FULL ROTATE active (accum_rad=0.087, timed_fallback=False, stall_count=0)
[robot_supervisor-10] [INFO] [1776844313.433295801] [robot_1.robot_supervisor]: FULL ROTATE active (accum_rad=1.898, timed_fallback=False, stall_count=0)
[robot_supervisor-16] [INFO] [1776844313.478168597] [robot_3.robot_supervisor]: FULL ROTATE active (accum_rad=0.175, timed_fallback=False, stall_count=0)
[robot_supervisor-10] [INFO] [1776844313.532933020] [robot_1.robot_supervisor]: FULL ROTATE active (accum_rad=1.998, timed_fallback=False, stall_count=0)
[robot_supervisor-16] [INFO] [1776844313.578499067] [robot_3.robot_supervisor]: FULL ROTATE active (accum_rad=0.275, timed_fallback=False, stall_count=0)
[robot_supervisor-10] [INFO] [1776844313.633182036] [robot_1.robot_supervisor]: FULL ROTATE active (accum_rad=2.098, timed_fallback=False, stall_count=0)
[robot_supervisor-16] [INFO] [1776844313.678451298] [robot_3.robot_supervisor]: FULL ROTATE active (accum_rad=0.375, timed_fallback=False, stall_count=0)
[robot_supervisor-7] [INFO] [1776844313.680192383] [robot_0.robot_supervisor]: Selected controllable event: EV_rotate_counterclockwise
[robot_supervisor-7] [INFO] [1776844313.680521001] [robot_0.robot_supervisor]: rotate_90 blocked by recent completion; stopping this tick
[robot_supervisor-10] [INFO] [1776844313.733244397] [robot_1.robot_supervisor]: FULL ROTATE active (accum_rad=2.198, timed_fallback=False, stall_count=0)
[robot_supervisor-16] [INFO] [1776844313.778451155] [robot_3.robot_supervisor]: FULL ROTATE active (accum_rad=0.475, timed_fallback=False, stall_count=0)
[robot_supervisor-7] [INFO] [1776844313.780338284] [robot_0.robot_supervisor]: Selected controllable event: EV_rotate_clockwise
[robot_supervisor-7] [INFO] [1776844313.780816139] [robot_0.robot_supervisor]: rotate_90 blocked by recent completion; stopping this tick
[robot_supervisor-10] [INFO] [1776844313.833319164] [robot_1.robot_supervisor]: FULL ROTATE active (accum_rad=2.298, timed_fallback=False, stall_count=0)
[robot_supervisor-16] [INFO] [1776844313.878477191] [robot_3.robot_supervisor]: FULL ROTATE active (accum_rad=0.575, timed_fallback=False, stall_count=0)
[robot_supervisor-7] [INFO] [1776844313.880093227] [robot_0.robot_supervisor]: Selected controllable event: EV_rotate_clockwise
[robot_supervisor-7] [INFO] [1776844313.880475798] [robot_0.robot_supervisor]: rotate_90 blocked by recent completion; stopping this tick
[robot_supervisor-10] [INFO] [1776844313.932968891] [robot_1.robot_supervisor]: FULL ROTATE active (accum_rad=2.398, timed_fallback=False, stall_count=0)
[robot_supervisor-16] [INFO] [1776844313.978446893] [robot_3.robot_supervisor]: FULL ROTATE active (accum_rad=0.675, timed_fallback=False, stall_count=0)
[robot_supervisor-7] [INFO] [1776844313.980328230] [robot_0.robot_supervisor]: Selected controllable event: EV_rotate_clockwise
[robot_supervisor-10] [INFO] [1776844314.032851666] [robot_1.robot_supervisor]: FULL ROTATE active (accum_rad=2.498, timed_fallback=False, stall_count=0)
[robot_supervisor-16] [INFO] [1776844314.078528503] [robot_3.robot_supervisor]: FULL ROTATE active (accum_rad=0.775, timed_fallback=False, stall_count=0)
[robot_supervisor-10] [INFO] [1776844314.132933593] [robot_1.robot_supervisor]: FULL ROTATE active (accum_rad=2.598, timed_fallback=False, stall_count=0)
[robot_supervisor-16] [INFO] [1776844314.178473612] [robot_3.robot_supervisor]: FULL ROTATE active (accum_rad=0.875, timed_fallback=False, stall_count=0)
[robot_supervisor-10] [INFO] [1776844314.232898120] [robot_1.robot_supervisor]: FULL ROTATE active (accum_rad=2.698, timed_fallback=False, stall_count=0)
[robot_supervisor-16] [INFO] [1776844314.278555771] [robot_3.robot_supervisor]: FULL ROTATE active (accum_rad=0.975, timed_fallback=False, stall_count=0)
[robot_supervisor-10] [INFO] [1776844314.333202516] [robot_1.robot_supervisor]: FULL ROTATE active (accum_rad=2.798, timed_fallback=False, stall_count=0)
[robot_supervisor-16] [INFO] [1776844314.378310918] [robot_3.robot_supervisor]: FULL ROTATE active (accum_rad=1.075, timed_fallback=False, stall_count=0)
[robot_supervisor-10] [INFO] [1776844314.433178522] [robot_1.robot_supervisor]: FULL ROTATE active (accum_rad=2.898, timed_fallback=False, stall_count=0)
[robot_supervisor-16] [INFO] [1776844314.478282584] [robot_3.robot_supervisor]: FULL ROTATE active (accum_rad=1.175, timed_fallback=False, stall_count=0)
[robot_supervisor-10] [INFO] [1776844314.532901702] [robot_1.robot_supervisor]: FULL ROTATE active (accum_rad=2.998, timed_fallback=False, stall_count=0)
[robot_supervisor-16] [INFO] [1776844314.578555730] [robot_3.robot_supervisor]: FULL ROTATE active (accum_rad=1.275, timed_fallback=False, stall_count=0)
[robot_supervisor-10] [INFO] [1776844314.632978027] [robot_1.robot_supervisor]: FULL ROTATE active (accum_rad=3.098, timed_fallback=False, stall_count=0)
[robot_supervisor-10] [INFO] [1776844314.633483506] [robot_1.robot_supervisor]: FULL ROTATE completed by odom (accum_rad=3.198)
[robot_supervisor-10] [INFO] [1776844314.633880565] [robot_1.robot_supervisor]: FULL ROTATE stopped; supervisor will select next event next tick
[robot_supervisor-19] [INFO] [1776844314.640348862] [robot_4.robot_supervisor]: Selected controllable event: EV_rotate_clockwise
[robot_supervisor-19] [INFO] [1776844314.640721097] [robot_4.robot_supervisor]: rotate_90 blocked by recent completion; stopping this tick
[robot_supervisor-16] [INFO] [1776844314.678596813] [robot_3.robot_supervisor]: FULL ROTATE active (accum_rad=1.375, timed_fallback=False, stall_count=0)
[robot_supervisor-13] [INFO] [1776844314.733306393] [robot_2.robot_supervisor]: Selected controllable event: EV_full_rotate
[robot_supervisor-13] [INFO] [1776844314.733924494] [robot_2.robot_supervisor]: Starting FULL ROTATE (omega=1.000, have_odom=True, target_rad=3.142, timeout_s=3.500)
[robot_supervisor-19] [INFO] [1776844314.740642012] [robot_4.robot_supervisor]: Selected controllable event: EV_rotate_counterclockwise
[robot_supervisor-19] [INFO] [1776844314.741296546] [robot_4.robot_supervisor]: rotate_90 blocked by recent completion; stopping this tick
[robot_supervisor-16] [INFO] [1776844314.778489601] [robot_3.robot_supervisor]: FULL ROTATE active (accum_rad=1.475, timed_fallback=False, stall_count=0)
[robot_supervisor-13] [INFO] [1776844314.833049857] [robot_2.robot_supervisor]: FULL ROTATE active (accum_rad=0.000, timed_fallback=False, stall_count=0)
[robot_supervisor-19] [INFO] [1776844314.840309073] [robot_4.robot_supervisor]: Selected controllable event: EV_rotate_counterclockwise
[robot_supervisor-16] [INFO] [1776844314.878578498] [robot_3.robot_supervisor]: FULL ROTATE active (accum_rad=1.575, timed_fallback=False, stall_count=0)
[robot_supervisor-13] [INFO] [1776844314.933184619] [robot_2.robot_supervisor]: FULL ROTATE active (accum_rad=0.005, timed_fallback=False, stall_count=0)
[robot_supervisor-16] [INFO] [1776844314.978216061] [robot_3.robot_supervisor]: FULL ROTATE active (accum_rad=1.675, timed_fallback=False, stall_count=0)
[robot_supervisor-10] [INFO] [1776844315.032989983] [robot_1.robot_supervisor]: Selected controllable event: EV_rotate_counterclockwise
[robot_supervisor-13] [INFO] [1776844315.033016569] [robot_2.robot_supervisor]: FULL ROTATE active (accum_rad=0.030, timed_fallback=False, stall_count=0)
[robot_supervisor-16] [INFO] [1776844315.078257557] [robot_3.robot_supervisor]: FULL ROTATE active (accum_rad=1.775, timed_fallback=False, stall_count=0)
[robot_supervisor-13] [INFO] [1776844315.133098031] [robot_2.robot_supervisor]: FULL ROTATE active (accum_rad=0.084, timed_fallback=False, stall_count=0)
[robot_supervisor-16] [INFO] [1776844315.178248149] [robot_3.robot_supervisor]: FULL ROTATE active (accum_rad=1.875, timed_fallback=False, stall_count=0)
[robot_supervisor-13] [INFO] [1776844315.233085175] [robot_2.robot_supervisor]: FULL ROTATE active (accum_rad=0.169, timed_fallback=False, stall_count=0)
[robot_supervisor-16] [INFO] [1776844315.278480342] [robot_3.robot_supervisor]: FULL ROTATE active (accum_rad=1.975, timed_fallback=False, stall_count=0)
[robot_supervisor-13] [INFO] [1776844315.333018822] [robot_2.robot_supervisor]: FULL ROTATE active (accum_rad=0.269, timed_fallback=False, stall_count=0)
[robot_supervisor-16] [INFO] [1776844315.378478602] [robot_3.robot_supervisor]: FULL ROTATE active (accum_rad=2.075, timed_fallback=False, stall_count=0)
[robot_supervisor-13] [INFO] [1776844315.432851041] [robot_2.robot_supervisor]: FULL ROTATE active (accum_rad=0.369, timed_fallback=False, stall_count=0)
[robot_supervisor-16] [INFO] [1776844315.478491167] [robot_3.robot_supervisor]: FULL ROTATE active (accum_rad=2.175, timed_fallback=False, stall_count=0)
[robot_supervisor-13] [INFO] [1776844315.533105844] [robot_2.robot_supervisor]: FULL ROTATE active (accum_rad=0.469, timed_fallback=False, stall_count=0)
[robot_supervisor-16] [INFO] [1776844315.578442139] [robot_3.robot_supervisor]: FULL ROTATE active (accum_rad=2.275, timed_fallback=False, stall_count=0)
[robot_supervisor-13] [INFO] [1776844315.633035009] [robot_2.robot_supervisor]: FULL ROTATE active (accum_rad=0.569, timed_fallback=False, stall_count=0)
[image_processor-24] [INFO] [1776844315.675723321] [robot_3.image_processor]: Zone=CORNER
[robot_supervisor-16] [INFO] [1776844315.678330044] [robot_3.robot_supervisor]: FULL ROTATE active (accum_rad=2.375, timed_fallback=False, stall_count=0)
[image_processor-23] [INFO] [1776844315.687275875] [robot_2.image_processor]: Zone=CORNER
[image_processor-21] [INFO] [1776844315.698097652] [robot_0.image_processor]: Zone=LEFT
[image_processor-25] [INFO] [1776844315.710844951] [robot_4.image_processor]: Zone=CORNER  left[p=1.635 near=0 v=7650]  front[p=0.374 near=9723 v=13500]  right[p=0.245 near=7740 v=7740]
[robot_supervisor-19] [INFO] [1776844315.711883229] [robot_4.robot_supervisor]: Detected zone changed to CORNER
[image_processor-22] [INFO] [1776844315.719681408] [robot_1.image_processor]: Zone=RIGHT
[robot_supervisor-13] [INFO] [1776844315.733038487] [robot_2.robot_supervisor]: FULL ROTATE active (accum_rad=0.669, timed_fallback=False, stall_count=0)
[robot_supervisor-16] [INFO] [1776844315.778443460] [robot_3.robot_supervisor]: FULL ROTATE active (accum_rad=2.475, timed_fallback=False, stall_count=0)
[robot_supervisor-13] [INFO] [1776844315.833002742] [robot_2.robot_supervisor]: FULL ROTATE active (accum_rad=0.769, timed_fallback=False, stall_count=0)
[robot_supervisor-16] [INFO] [1776844315.878418333] [robot_3.robot_supervisor]: FULL ROTATE active (accum_rad=2.575, timed_fallback=False, stall_count=0)
[robot_supervisor-13] [INFO] [1776844315.932977411] [robot_2.robot_supervisor]: FULL ROTATE active (accum_rad=0.869, timed_fallback=False, stall_count=0)
[robot_supervisor-16] [INFO] [1776844315.978432300] [robot_3.robot_supervisor]: FULL ROTATE active (accum_rad=2.675, timed_fallback=False, stall_count=0)
[robot_supervisor-13] [INFO] [1776844316.032996375] [robot_2.robot_supervisor]: FULL ROTATE active (accum_rad=0.969, timed_fallback=False, stall_count=0)
[robot_supervisor-16] [INFO] [1776844316.078181922] [robot_3.robot_supervisor]: FULL ROTATE active (accum_rad=2.775, timed_fallback=False, stall_count=0)
[robot_supervisor-13] [INFO] [1776844316.132790146] [robot_2.robot_supervisor]: FULL ROTATE active (accum_rad=1.069, timed_fallback=False, stall_count=0)
[robot_supervisor-16] [INFO] [1776844316.178136545] [robot_3.robot_supervisor]: FULL ROTATE active (accum_rad=2.875, timed_fallback=False, stall_count=0)
[robot_supervisor-7] [INFO] [1776844316.180069702] [robot_0.robot_supervisor]: Selected controllable event: EV_rotate_clockwise
[robot_supervisor-7] [INFO] [1776844316.180377420] [robot_0.robot_supervisor]: rotate_90 blocked by recent completion; stopping this tick
[robot_supervisor-13] [INFO] [1776844316.233009914] [robot_2.robot_supervisor]: FULL ROTATE active (accum_rad=1.169, timed_fallback=False, stall_count=0)
[robot_supervisor-16] [INFO] [1776844316.278381677] [robot_3.robot_supervisor]: FULL ROTATE active (accum_rad=2.975, timed_fallback=False, stall_count=0)
[robot_supervisor-7] [INFO] [1776844316.280095340] [robot_0.robot_supervisor]: Selected controllable event: EV_rotate_clockwise
[robot_supervisor-7] [INFO] [1776844316.280464362] [robot_0.robot_supervisor]: rotate_90 blocked by recent completion; stopping this tick
[robot_supervisor-13] [INFO] [1776844316.332989723] [robot_2.robot_supervisor]: FULL ROTATE active (accum_rad=1.269, timed_fallback=False, stall_count=0)
[robot_supervisor-16] [INFO] [1776844316.378500788] [robot_3.robot_supervisor]: FULL ROTATE active (accum_rad=3.075, timed_fallback=False, stall_count=0)
[robot_supervisor-16] [INFO] [1776844316.379081571] [robot_3.robot_supervisor]: FULL ROTATE completed by odom (accum_rad=3.175)
[robot_supervisor-16] [INFO] [1776844316.379874814] [robot_3.robot_supervisor]: FULL ROTATE stopped; supervisor will select next event next tick
[robot_supervisor-7] [INFO] [1776844316.379956665] [robot_0.robot_supervisor]: Selected controllable event: EV_rotate_clockwise
[robot_supervisor-13] [INFO] [1776844316.432973491] [robot_2.robot_supervisor]: FULL ROTATE active (accum_rad=1.369, timed_fallback=False, stall_count=0)
[robot_supervisor-13] [INFO] [1776844316.532781445] [robot_2.robot_supervisor]: FULL ROTATE active (accum_rad=1.469, timed_fallback=False, stall_count=0)
[robot_supervisor-13] [INFO] [1776844316.632704405] [robot_2.robot_supervisor]: FULL ROTATE active (accum_rad=1.569, timed_fallback=False, stall_count=0)
[robot_supervisor-16] [INFO] [1776844316.678679109] [robot_3.robot_supervisor]: Selected controllable event: EV_rotate_clockwise
[robot_supervisor-13] [INFO] [1776844316.732757052] [robot_2.robot_supervisor]: FULL ROTATE active (accum_rad=1.669, timed_fallback=False, stall_count=0)
[robot_supervisor-13] [INFO] [1776844316.832976146] [robot_2.robot_supervisor]: FULL ROTATE active (accum_rad=1.769, timed_fallback=False, stall_count=0)
[robot_supervisor-13] [INFO] [1776844316.932913212] [robot_2.robot_supervisor]: FULL ROTATE active (accum_rad=1.869, timed_fallback=False, stall_count=0)
[robot_supervisor-13] [INFO] [1776844317.032755952] [robot_2.robot_supervisor]: FULL ROTATE active (accum_rad=1.969, timed_fallback=False, stall_count=0)
[robot_supervisor-19] [INFO] [1776844317.040221019] [robot_4.robot_supervisor]: Selected controllable event: EV_rotate_clockwise
[robot_supervisor-19] [INFO] [1776844317.040551242] [robot_4.robot_supervisor]: rotate_90 blocked by recent completion; stopping this tick
[robot_supervisor-13] [INFO] [1776844317.132926260] [robot_2.robot_supervisor]: FULL ROTATE active (accum_rad=2.069, timed_fallback=False, stall_count=0)
[robot_supervisor-10] [INFO] [1776844317.133138319] [robot_1.robot_supervisor]: Selected controllable event: EV_rotate_counterclockwise
[robot_supervisor-10] [INFO] [1776844317.133605140] [robot_1.robot_supervisor]: rotate_90 blocked by recent completion; stopping this tick
[robot_supervisor-19] [INFO] [1776844317.140256622] [robot_4.robot_supervisor]: Selected controllable event: EV_full_rotate
[robot_supervisor-19] [INFO] [1776844317.140599638] [robot_4.robot_supervisor]: full_rotate blocked by cooldown; stopping this tick
[robot_supervisor-10] [INFO] [1776844317.232923259] [robot_1.robot_supervisor]: Selected controllable event: EV_rotate_counterclockwise
[robot_supervisor-13] [INFO] [1776844317.232952581] [robot_2.robot_supervisor]: FULL ROTATE active (accum_rad=2.169, timed_fallback=False, stall_count=0)
[robot_supervisor-10] [INFO] [1776844317.233308128] [robot_1.robot_supervisor]: rotate_90 blocked by recent completion; stopping this tick
[robot_supervisor-19] [INFO] [1776844317.240259728] [robot_4.robot_supervisor]: Selected controllable event: EV_rotate_clockwise
[robot_supervisor-10] [INFO] [1776844317.332925412] [robot_1.robot_supervisor]: Selected controllable event: EV_rotate_counterclockwise
[robot_supervisor-13] [INFO] [1776844317.333153074] [robot_2.robot_supervisor]: FULL ROTATE active (accum_rad=2.269, timed_fallback=False, stall_count=0)
[robot_supervisor-10] [INFO] [1776844317.333251612] [robot_1.robot_supervisor]: rotate_90 blocked by recent completion; stopping this tick
[robot_supervisor-13] [INFO] [1776844317.433021941] [robot_2.robot_supervisor]: FULL ROTATE active (accum_rad=2.369, timed_fallback=False, stall_count=0)
[robot_supervisor-10] [INFO] [1776844317.433209755] [robot_1.robot_supervisor]: Selected controllable event: EV_rotate_counterclockwise
[robot_supervisor-13] [INFO] [1776844317.532994437] [robot_2.robot_supervisor]: FULL ROTATE active (accum_rad=2.469, timed_fallback=False, stall_count=0)
[robot_supervisor-13] [INFO] [1776844317.632934269] [robot_2.robot_supervisor]: FULL ROTATE active (accum_rad=2.569, timed_fallback=False, stall_count=0)
[robot_supervisor-13] [INFO] [1776844317.733018663] [robot_2.robot_supervisor]: FULL ROTATE active (accum_rad=2.669, timed_fallback=False, stall_count=0)
[robot_supervisor-13] [INFO] [1776844317.833016764] [robot_2.robot_supervisor]: FULL ROTATE active (accum_rad=2.769, timed_fallback=False, stall_count=0)
[robot_supervisor-13] [INFO] [1776844317.933028774] [robot_2.robot_supervisor]: FULL ROTATE active (accum_rad=2.869, timed_fallback=False, stall_count=0)
[robot_supervisor-13] [INFO] [1776844318.033034950] [robot_2.robot_supervisor]: FULL ROTATE active (accum_rad=2.969, timed_fallback=False, stall_count=0)
[robot_supervisor-13] [INFO] [1776844318.133030480] [robot_2.robot_supervisor]: FULL ROTATE active (accum_rad=3.069, timed_fallback=False, stall_count=0)
[robot_supervisor-13] [INFO] [1776844318.133713084] [robot_2.robot_supervisor]: FULL ROTATE completed by odom (accum_rad=3.169)
[robot_supervisor-13] [INFO] [1776844318.134262193] [robot_2.robot_supervisor]: FULL ROTATE stopped; supervisor will select next event next tick
[image_processor-24] [INFO] [1776844318.168694925] [robot_3.image_processor]: Zone=CORNER
[image_processor-23] [INFO] [1776844318.193696575] [robot_2.image_processor]: Zone=CLEAR  left[p=1.320 near=0 v=4821]  front[p=2.824 near=0 v=9078]  right[p=1.134 near=0 v=7284]
[robot_supervisor-13] [INFO] [1776844318.194780278] [robot_2.robot_supervisor]: Detected zone changed to CLEAR
[image_processor-21] [INFO] [1776844318.211499019] [robot_0.image_processor]: Zone=CLEAR  left[p=0.885 near=0 v=7650]  front[p=1.118 near=0 v=11952]  right[p=2.824 near=0 v=5074]
[robot_supervisor-7] [INFO] [1776844318.212210160] [robot_0.robot_supervisor]: Detected zone changed to CLEAR
[image_processor-25] [INFO] [1776844318.225486452] [robot_4.image_processor]: Zone=CORNER
[image_processor-22] [INFO] [1776844318.236044448] [robot_1.image_processor]: Zone=CORNER  left[p=2.980 near=0 v=5095]  front[p=0.696 near=2824 v=11042]  right[p=0.553 near=7740 v=7740]
[robot_supervisor-10] [INFO] [1776844318.236862849] [robot_1.robot_supervisor]: Detected zone changed to CORNER
[robot_supervisor-13] [INFO] [1776844318.532933633] [robot_2.robot_supervisor]: Selected controllable event: EV_random_walk
[robot_supervisor-7] [INFO] [1776844318.579978296] [robot_0.robot_supervisor]: Selected controllable event: EV_random_walk
[robot_supervisor-13] [INFO] [1776844318.833007113] [robot_2.robot_supervisor]: Selected controllable event: EV_move_forward
[robot_supervisor-16] [INFO] [1776844318.878522873] [robot_3.robot_supervisor]: Selected controllable event: EV_full_rotate
[robot_supervisor-16] [INFO] [1776844318.879083679] [robot_3.robot_supervisor]: Starting FULL ROTATE (omega=1.000, have_odom=True, target_rad=3.142, timeout_s=3.500)
[robot_supervisor-7] [INFO] [1776844318.880515864] [robot_0.robot_supervisor]: Selected controllable event: EV_move_forward
[robot_supervisor-16] [INFO] [1776844318.978491590] [robot_3.robot_supervisor]: FULL ROTATE active (accum_rad=0.000, timed_fallback=False, stall_count=0)
[robot_supervisor-16] [INFO] [1776844319.078209621] [robot_3.robot_supervisor]: FULL ROTATE active (accum_rad=0.008, timed_fallback=False, stall_count=0)
[robot_supervisor-13] [INFO] [1776844319.132788959] [robot_2.robot_supervisor]: Selected controllable event: EV_random_walk
[robot_supervisor-16] [INFO] [1776844319.178197610] [robot_3.robot_supervisor]: FULL ROTATE active (accum_rad=0.046, timed_fallback=False, stall_count=0)
[robot_supervisor-7] [INFO] [1776844319.180378101] [robot_0.robot_supervisor]: Selected controllable event: EV_random_walk
[robot_supervisor-16] [INFO] [1776844319.278276609] [robot_3.robot_supervisor]: FULL ROTATE active (accum_rad=0.113, timed_fallback=False, stall_count=0)
[robot_supervisor-19] [INFO] [1776844319.340591749] [robot_4.robot_supervisor]: Selected controllable event: EV_full_rotate
[robot_supervisor-19] [INFO] [1776844319.341155086] [robot_4.robot_supervisor]: Starting FULL ROTATE (omega=1.000, have_odom=True, target_rad=3.142, timeout_s=3.500)
[robot_supervisor-16] [INFO] [1776844319.378228763] [robot_3.robot_supervisor]: FULL ROTATE active (accum_rad=0.208, timed_fallback=False, stall_count=0)
[robot_supervisor-13] [INFO] [1776844319.433069746] [robot_2.robot_supervisor]: Selected controllable event: EV_move_forward
[robot_supervisor-19] [INFO] [1776844319.440405171] [robot_4.robot_supervisor]: FULL ROTATE active (accum_rad=0.000, timed_fallback=False, stall_count=0)
[robot_supervisor-16] [INFO] [1776844319.478422695] [robot_3.robot_supervisor]: FULL ROTATE active (accum_rad=0.308, timed_fallback=False, stall_count=0)
[robot_supervisor-7] [INFO] [1776844319.480304055] [robot_0.robot_supervisor]: Selected controllable event: EV_move_forward
[robot_supervisor-19] [INFO] [1776844319.540392083] [robot_4.robot_supervisor]: FULL ROTATE active (accum_rad=0.005, timed_fallback=False, stall_count=0)
[robot_supervisor-16] [INFO] [1776844319.578531114] [robot_3.robot_supervisor]: FULL ROTATE active (accum_rad=0.408, timed_fallback=False, stall_count=0)
[robot_supervisor-10] [INFO] [1776844319.633062384] [robot_1.robot_supervisor]: Selected controllable event: EV_full_rotate
[robot_supervisor-10] [INFO] [1776844319.633510971] [robot_1.robot_supervisor]: full_rotate blocked by cooldown; stopping this tick
[robot_supervisor-19] [INFO] [1776844319.640071140] [robot_4.robot_supervisor]: FULL ROTATE active (accum_rad=0.030, timed_fallback=False, stall_count=0)
[robot_supervisor-16] [INFO] [1776844319.678462571] [robot_3.robot_supervisor]: FULL ROTATE active (accum_rad=0.508, timed_fallback=False, stall_count=0)
[robot_supervisor-13] [INFO] [1776844319.732846649] [robot_2.robot_supervisor]: Selected controllable event: EV_random_walk
[robot_supervisor-10] [INFO] [1776844319.733097641] [robot_1.robot_supervisor]: Selected controllable event: EV_rotate_clockwise
[robot_supervisor-10] [INFO] [1776844319.733487575] [robot_1.robot_supervisor]: rotate_90 blocked by recent completion; stopping this tick
[robot_supervisor-19] [INFO] [1776844319.740189256] [robot_4.robot_supervisor]: FULL ROTATE active (accum_rad=0.084, timed_fallback=False, stall_count=0)
[robot_supervisor-16] [INFO] [1776844319.778439863] [robot_3.robot_supervisor]: FULL ROTATE active (accum_rad=0.608, timed_fallback=False, stall_count=0)
[robot_supervisor-7] [INFO] [1776844319.780362786] [robot_0.robot_supervisor]: Selected controllable event: EV_random_walk
[robot_supervisor-10] [INFO] [1776844319.832953905] [robot_1.robot_supervisor]: Selected controllable event: EV_full_rotate
[robot_supervisor-10] [INFO] [1776844319.833297571] [robot_1.robot_supervisor]: full_rotate blocked by cooldown; stopping this tick
[robot_supervisor-19] [INFO] [1776844319.840203111] [robot_4.robot_supervisor]: FULL ROTATE active (accum_rad=0.169, timed_fallback=False, stall_count=0)
[robot_supervisor-16] [INFO] [1776844319.878421719] [robot_3.robot_supervisor]: FULL ROTATE active (accum_rad=0.708, timed_fallback=False, stall_count=0)
[robot_supervisor-10] [INFO] [1776844319.932940727] [robot_1.robot_supervisor]: Selected controllable event: EV_rotate_clockwise
[robot_supervisor-19] [INFO] [1776844319.940395730] [robot_4.robot_supervisor]: FULL ROTATE active (accum_rad=0.269, timed_fallback=False, stall_count=0)
[robot_supervisor-16] [INFO] [1776844319.978447428] [robot_3.robot_supervisor]: FULL ROTATE active (accum_rad=0.808, timed_fallback=False, stall_count=0)
[robot_supervisor-13] [INFO] [1776844320.032837672] [robot_2.robot_supervisor]: Selected controllable event: EV_move_forward
[robot_supervisor-19] [INFO] [1776844320.040429127] [robot_4.robot_supervisor]: FULL ROTATE active (accum_rad=0.369, timed_fallback=False, stall_count=0)
[robot_supervisor-16] [INFO] [1776844320.078453793] [robot_3.robot_supervisor]: FULL ROTATE active (accum_rad=0.908, timed_fallback=False, stall_count=0)
[robot_supervisor-7] [INFO] [1776844320.080380079] [robot_0.robot_supervisor]: Selected controllable event: EV_move_forward
[robot_supervisor-19] [INFO] [1776844320.140384694] [robot_4.robot_supervisor]: FULL ROTATE active (accum_rad=0.469, timed_fallback=False, stall_count=0)
[robot_supervisor-16] [INFO] [1776844320.178440221] [robot_3.robot_supervisor]: FULL ROTATE active (accum_rad=1.008, timed_fallback=False, stall_count=0)
[robot_supervisor-19] [INFO] [1776844320.240537098] [robot_4.robot_supervisor]: FULL ROTATE active (accum_rad=0.569, timed_fallback=False, stall_count=0)
[robot_supervisor-16] [INFO] [1776844320.278438277] [robot_3.robot_supervisor]: FULL ROTATE active (accum_rad=1.108, timed_fallback=False, stall_count=0)
[robot_supervisor-13] [INFO] [1776844320.333083900] [robot_2.robot_supervisor]: Selected controllable event: EV_random_walk
[robot_supervisor-19] [INFO] [1776844320.340408346] [robot_4.robot_supervisor]: FULL ROTATE active (accum_rad=0.669, timed_fallback=False, stall_count=0)
[robot_supervisor-16] [INFO] [1776844320.378447663] [robot_3.robot_supervisor]: FULL ROTATE active (accum_rad=1.208, timed_fallback=False, stall_count=0)
[robot_supervisor-7] [INFO] [1776844320.380498202] [robot_0.robot_supervisor]: Selected controllable event: EV_random_walk
[robot_supervisor-19] [INFO] [1776844320.440128133] [robot_4.robot_supervisor]: FULL ROTATE active (accum_rad=0.769, timed_fallback=False, stall_count=0)
[robot_supervisor-16] [INFO] [1776844320.478434437] [robot_3.robot_supervisor]: FULL ROTATE active (accum_rad=1.308, timed_fallback=False, stall_count=0)
[robot_supervisor-19] [INFO] [1776844320.540185920] [robot_4.robot_supervisor]: FULL ROTATE active (accum_rad=0.869, timed_fallback=False, stall_count=0)
[robot_supervisor-16] [INFO] [1776844320.578431012] [robot_3.robot_supervisor]: FULL ROTATE active (accum_rad=1.408, timed_fallback=False, stall_count=0)
[robot_supervisor-13] [INFO] [1776844320.633098878] [robot_2.robot_supervisor]: Selected controllable event: EV_move_forward
[robot_supervisor-19] [INFO] [1776844320.640480771] [robot_4.robot_supervisor]: FULL ROTATE active (accum_rad=0.969, timed_fallback=False, stall_count=0)
[image_processor-24] [INFO] [1776844320.672053290] [robot_3.image_processor]: Zone=RIGHT  left[p=0.852 near=0 v=7650]  front[p=1.194 near=0 v=12984]  right[p=0.720 near=1793 v=7740]
[robot_supervisor-16] [INFO] [1776844320.672744112] [robot_3.robot_supervisor]: Detected zone changed to RIGHT
[robot_supervisor-16] [INFO] [1776844320.678005686] [robot_3.robot_supervisor]: FULL ROTATE active (accum_rad=1.508, timed_fallback=False, stall_count=0)
[robot_supervisor-7] [INFO] [1776844320.680378132] [robot_0.robot_supervisor]: Selected controllable event: EV_move_forward
[image_processor-23] [INFO] [1776844320.701142244] [robot_2.image_processor]: Zone=CLEAR
[image_processor-21] [INFO] [1776844320.722575290] [robot_0.image_processor]: Zone=CLEAR
[robot_supervisor-19] [INFO] [1776844320.740448045] [robot_4.robot_supervisor]: FULL ROTATE active (accum_rad=1.069, timed_fallback=False, stall_count=0)
[image_processor-25] [INFO] [1776844320.741607274] [robot_4.image_processor]: Zone=CORNER
[image_processor-22] [INFO] [1776844320.760155280] [robot_1.image_processor]: Zone=CORNER
[robot_supervisor-16] [INFO] [1776844320.778210921] [robot_3.robot_supervisor]: FULL ROTATE active (accum_rad=1.608, timed_fallback=False, stall_count=0)
[robot_supervisor-19] [INFO] [1776844320.840381725] [robot_4.robot_supervisor]: FULL ROTATE active (accum_rad=1.169, timed_fallback=False, stall_count=0)
[robot_supervisor-16] [INFO] [1776844320.878239034] [robot_3.robot_supervisor]: FULL ROTATE active (accum_rad=1.708, timed_fallback=False, stall_count=0)
[robot_supervisor-13] [INFO] [1776844320.933157194] [robot_2.robot_supervisor]: Selected controllable event: EV_random_walk
[robot_supervisor-19] [INFO] [1776844320.940426798] [robot_4.robot_supervisor]: FULL ROTATE active (accum_rad=1.269, timed_fallback=False, stall_count=0)
[robot_supervisor-16] [INFO] [1776844320.978181647] [robot_3.robot_supervisor]: FULL ROTATE active (accum_rad=1.808, timed_fallback=False, stall_count=0)
[robot_supervisor-7] [INFO] [1776844320.980418187] [robot_0.robot_supervisor]: Selected controllable event: EV_random_walk
[robot_supervisor-19] [INFO] [1776844321.040286865] [robot_4.robot_supervisor]: FULL ROTATE active (accum_rad=1.369, timed_fallback=False, stall_count=0)
[robot_supervisor-16] [INFO] [1776844321.078173407] [robot_3.robot_supervisor]: FULL ROTATE active (accum_rad=1.908, timed_fallback=False, stall_count=0)
[robot_supervisor-19] [INFO] [1776844321.140245406] [robot_4.robot_supervisor]: FULL ROTATE active (accum_rad=1.469, timed_fallback=False, stall_count=0)
[robot_supervisor-16] [INFO] [1776844321.178200950] [robot_3.robot_supervisor]: FULL ROTATE active (accum_rad=2.008, timed_fallback=False, stall_count=0)
[robot_supervisor-13] [INFO] [1776844321.233082949] [robot_2.robot_supervisor]: Selected controllable event: EV_move_forward
[robot_supervisor-19] [INFO] [1776844321.240463069] [robot_4.robot_supervisor]: FULL ROTATE active (accum_rad=1.569, timed_fallback=False, stall_count=0)
[robot_supervisor-16] [INFO] [1776844321.278188409] [robot_3.robot_supervisor]: FULL ROTATE active (accum_rad=2.108, timed_fallback=False, stall_count=0)
[robot_supervisor-7] [INFO] [1776844321.280341478] [robot_0.robot_supervisor]: Selected controllable event: EV_move_forward
[robot_supervisor-19] [INFO] [1776844321.340596665] [robot_4.robot_supervisor]: FULL ROTATE active (accum_rad=1.669, timed_fallback=False, stall_count=0)
[robot_supervisor-16] [INFO] [1776844321.378140586] [robot_3.robot_supervisor]: FULL ROTATE active (accum_rad=2.208, timed_fallback=False, stall_count=0)
[robot_supervisor-19] [INFO] [1776844321.440480179] [robot_4.robot_supervisor]: FULL ROTATE active (accum_rad=1.769, timed_fallback=False, stall_count=0)
[robot_supervisor-16] [INFO] [1776844321.478170911] [robot_3.robot_supervisor]: FULL ROTATE active (accum_rad=2.308, timed_fallback=False, stall_count=0)
[robot_supervisor-13] [INFO] [1776844321.533028717] [robot_2.robot_supervisor]: Selected controllable event: EV_random_walk
[robot_supervisor-19] [INFO] [1776844321.540525915] [robot_4.robot_supervisor]: FULL ROTATE active (accum_rad=1.869, timed_fallback=False, stall_count=0)
[robot_supervisor-16] [INFO] [1776844321.578252601] [robot_3.robot_supervisor]: FULL ROTATE active (accum_rad=2.408, timed_fallback=False, stall_count=0)
[robot_supervisor-7] [INFO] [1776844321.580311846] [robot_0.robot_supervisor]: Selected controllable event: EV_random_walk
[robot_supervisor-19] [INFO] [1776844321.640398188] [robot_4.robot_supervisor]: FULL ROTATE active (accum_rad=1.969, timed_fallback=False, stall_count=0)
[robot_supervisor-16] [INFO] [1776844321.678227584] [robot_3.robot_supervisor]: FULL ROTATE active (accum_rad=2.508, timed_fallback=False, stall_count=0)
[robot_supervisor-19] [INFO] [1776844321.740557823] [robot_4.robot_supervisor]: FULL ROTATE active (accum_rad=2.069, timed_fallback=False, stall_count=0)
[robot_supervisor-16] [INFO] [1776844321.778232705] [robot_3.robot_supervisor]: FULL ROTATE active (accum_rad=2.608, timed_fallback=False, stall_count=0)
[robot_supervisor-13] [INFO] [1776844321.833081815] [robot_2.robot_supervisor]: Selected controllable event: EV_move_forward
[robot_supervisor-19] [INFO] [1776844321.840483313] [robot_4.robot_supervisor]: FULL ROTATE active (accum_rad=2.169, timed_fallback=False, stall_count=0)
[robot_supervisor-16] [INFO] [1776844321.878280632] [robot_3.robot_supervisor]: FULL ROTATE active (accum_rad=2.708, timed_fallback=False, stall_count=0)
[robot_supervisor-7] [INFO] [1776844321.880307298] [robot_0.robot_supervisor]: Selected controllable event: EV_move_forward
[robot_supervisor-19] [INFO] [1776844321.940397235] [robot_4.robot_supervisor]: FULL ROTATE active (accum_rad=2.269, timed_fallback=False, stall_count=0)
[robot_supervisor-16] [INFO] [1776844321.978565474] [robot_3.robot_supervisor]: FULL ROTATE active (accum_rad=2.808, timed_fallback=False, stall_count=0)
[robot_supervisor-10] [INFO] [1776844322.033330618] [robot_1.robot_supervisor]: Selected controllable event: EV_full_rotate
[robot_supervisor-10] [INFO] [1776844322.033966732] [robot_1.robot_supervisor]: Starting FULL ROTATE (omega=1.000, have_odom=True, target_rad=3.142, timeout_s=3.500)
[robot_supervisor-19] [INFO] [1776844322.040353311] [robot_4.robot_supervisor]: FULL ROTATE active (accum_rad=2.369, timed_fallback=False, stall_count=0)
[robot_supervisor-16] [INFO] [1776844322.078390387] [robot_3.robot_supervisor]: FULL ROTATE active (accum_rad=2.908, timed_fallback=False, stall_count=0)
[robot_supervisor-10] [INFO] [1776844322.132948452] [robot_1.robot_supervisor]: FULL ROTATE active (accum_rad=0.000, timed_fallback=False, stall_count=0)
[robot_supervisor-13] [INFO] [1776844322.133241311] [robot_2.robot_supervisor]: Selected controllable event: EV_random_walk
[robot_supervisor-19] [INFO] [1776844322.140479038] [robot_4.robot_supervisor]: FULL ROTATE active (accum_rad=2.469, timed_fallback=False, stall_count=0)
[robot_supervisor-16] [INFO] [1776844322.178686633] [robot_3.robot_supervisor]: FULL ROTATE active (accum_rad=3.008, timed_fallback=False, stall_count=0)
[robot_supervisor-7] [INFO] [1776844322.180574408] [robot_0.robot_supervisor]: Selected controllable event: EV_random_walk
[robot_supervisor-10] [INFO] [1776844322.232931190] [robot_1.robot_supervisor]: FULL ROTATE active (accum_rad=0.005, timed_fallback=False, stall_count=0)
[robot_supervisor-19] [INFO] [1776844322.240431305] [robot_4.robot_supervisor]: FULL ROTATE active (accum_rad=2.569, timed_fallback=False, stall_count=0)
[robot_supervisor-16] [INFO] [1776844322.278380815] [robot_3.robot_supervisor]: FULL ROTATE active (accum_rad=3.108, timed_fallback=False, stall_count=0)
[robot_supervisor-16] [INFO] [1776844322.279032891] [robot_3.robot_supervisor]: FULL ROTATE completed by odom (accum_rad=3.208)
[robot_supervisor-16] [INFO] [1776844322.279608879] [robot_3.robot_supervisor]: FULL ROTATE stopped; supervisor will select next event next tick
[robot_supervisor-10] [INFO] [1776844322.333047580] [robot_1.robot_supervisor]: FULL ROTATE active (accum_rad=0.030, timed_fallback=False, stall_count=0)
[robot_supervisor-19] [INFO] [1776844322.340460839] [robot_4.robot_supervisor]: FULL ROTATE active (accum_rad=2.669, timed_fallback=False, stall_count=0)
[robot_supervisor-10] [INFO] [1776844322.433020161] [robot_1.robot_supervisor]: FULL ROTATE active (accum_rad=0.084, timed_fallback=False, stall_count=0)
[robot_supervisor-13] [INFO] [1776844322.433092911] [robot_2.robot_supervisor]: Selected controllable event: EV_move_forward
[robot_supervisor-19] [INFO] [1776844322.440431376] [robot_4.robot_supervisor]: FULL ROTATE active (accum_rad=2.769, timed_fallback=False, stall_count=0)
[robot_supervisor-7] [INFO] [1776844322.480287567] [robot_0.robot_supervisor]: Selected controllable event: EV_move_forward
[robot_supervisor-10] [INFO] [1776844322.532887854] [robot_1.robot_supervisor]: FULL ROTATE active (accum_rad=0.169, timed_fallback=False, stall_count=0)
[robot_supervisor-19] [INFO] [1776844322.540356178] [robot_4.robot_supervisor]: FULL ROTATE active (accum_rad=2.869, timed_fallback=False, stall_count=0)
[robot_supervisor-16] [INFO] [1776844322.578472444] [robot_3.robot_supervisor]: Selected controllable event: EV_rotate_counterclockwise
[robot_supervisor-10] [INFO] [1776844322.632953534] [robot_1.robot_supervisor]: FULL ROTATE active (accum_rad=0.269, timed_fallback=False, stall_count=0)
[robot_supervisor-19] [INFO] [1776844322.640422305] [robot_4.robot_supervisor]: FULL ROTATE active (accum_rad=2.969, timed_fallback=False, stall_count=0)
[robot_supervisor-13] [INFO] [1776844322.732914911] [robot_2.robot_supervisor]: Selected controllable event: EV_random_walk
[robot_supervisor-10] [INFO] [1776844322.733011979] [robot_1.robot_supervisor]: FULL ROTATE active (accum_rad=0.369, timed_fallback=False, stall_count=0)
[robot_supervisor-19] [INFO] [1776844322.740425108] [robot_4.robot_supervisor]: FULL ROTATE active (accum_rad=3.069, timed_fallback=False, stall_count=0)
[robot_supervisor-19] [INFO] [1776844322.741120128] [robot_4.robot_supervisor]: FULL ROTATE completed by odom (accum_rad=3.169)
[robot_supervisor-19] [INFO] [1776844322.741670485] [robot_4.robot_supervisor]: FULL ROTATE stopped; supervisor will select next event next tick
[robot_supervisor-7] [INFO] [1776844322.780335118] [robot_0.robot_supervisor]: Selected controllable event: EV_random_walk
[robot_supervisor-10] [INFO] [1776844322.833306595] [robot_1.robot_supervisor]: FULL ROTATE active (accum_rad=0.469, timed_fallback=False, stall_count=0)
[robot_supervisor-10] [INFO] [1776844322.933278285] [robot_1.robot_supervisor]: FULL ROTATE active (accum_rad=0.569, timed_fallback=False, stall_count=0)
[robot_supervisor-13] [INFO] [1776844323.032701685] [robot_2.robot_supervisor]: Selected controllable event: EV_move_forward
[robot_supervisor-10] [INFO] [1776844323.033012590] [robot_1.robot_supervisor]: FULL ROTATE active (accum_rad=0.669, timed_fallback=False, stall_count=0)
[robot_supervisor-19] [INFO] [1776844323.040678339] [robot_4.robot_supervisor]: Selected controllable event: EV_rotate_clockwise
[robot_supervisor-7] [INFO] [1776844323.080313025] [robot_0.robot_supervisor]: Selected controllable event: EV_move_forward
[robot_supervisor-10] [INFO] [1776844323.132988204] [robot_1.robot_supervisor]: FULL ROTATE active (accum_rad=0.769, timed_fallback=False, stall_count=0)
[image_processor-24] [INFO] [1776844323.187274134] [robot_3.image_processor]: Zone=RIGHT
[image_processor-23] [INFO] [1776844323.212622451] [robot_2.image_processor]: Zone=CLEAR
[image_processor-21] [INFO] [1776844323.230028941] [robot_0.image_processor]: Zone=CORNER  left[p=0.358 near=7650 v=7650]  front[p=0.515 near=2030 v=9707]  right[p=2.824 near=0 v=4860]
[robot_supervisor-7] [INFO] [1776844323.231086096] [robot_0.robot_supervisor]: Detected zone changed to CORNER
[robot_supervisor-10] [INFO] [1776844323.232969115] [robot_1.robot_supervisor]: FULL ROTATE active (accum_rad=0.869, timed_fallback=False, stall_count=0)
[image_processor-25] [INFO] [1776844323.244639909] [robot_4.image_processor]: Zone=CLEAR  left[p=1.876 near=0 v=5879]  front[p=1.944 near=0 v=7463]  right[p=3.042 near=0 v=5260]
[robot_supervisor-19] [INFO] [1776844323.245222409] [robot_4.robot_supervisor]: Detected zone changed to CLEAR
[image_processor-22] [INFO] [1776844323.255188657] [robot_1.image_processor]: Zone=LEFT  left[p=0.505 near=5455 v=6917]  front[p=3.225 near=0 v=9091]  right[p=0.558 near=4777 v=7740]
[robot_supervisor-10] [INFO] [1776844323.255801481] [robot_1.robot_supervisor]: Detected zone changed to LEFT
[robot_supervisor-13] [INFO] [1776844323.332861914] [robot_2.robot_supervisor]: Selected controllable event: EV_random_walk
[robot_supervisor-10] [INFO] [1776844323.332976222] [robot_1.robot_supervisor]: FULL ROTATE active (accum_rad=0.969, timed_fallback=False, stall_count=0)
[robot_supervisor-7] [INFO] [1776844323.380108296] [robot_0.robot_supervisor]: Selected controllable event: EV_rotate_clockwise
[robot_supervisor-10] [INFO] [1776844323.432990021] [robot_1.robot_supervisor]: FULL ROTATE active (accum_rad=1.069, timed_fallback=False, stall_count=0)
[robot_supervisor-10] [INFO] [1776844323.533060783] [robot_1.robot_supervisor]: FULL ROTATE active (accum_rad=1.169, timed_fallback=False, stall_count=0)
[robot_supervisor-13] [INFO] [1776844323.633006225] [robot_2.robot_supervisor]: Selected controllable event: EV_move_forward
[robot_supervisor-10] [INFO] [1776844323.633031316] [robot_1.robot_supervisor]: FULL ROTATE active (accum_rad=1.269, timed_fallback=False, stall_count=0)
[robot_supervisor-10] [INFO] [1776844323.732897952] [robot_1.robot_supervisor]: FULL ROTATE active (accum_rad=1.369, timed_fallback=False, stall_count=0)
[robot_supervisor-10] [INFO] [1776844323.833057538] [robot_1.robot_supervisor]: FULL ROTATE active (accum_rad=1.469, timed_fallback=False, stall_count=0)
[robot_supervisor-10] [INFO] [1776844323.932933325] [robot_1.robot_supervisor]: FULL ROTATE active (accum_rad=1.569, timed_fallback=False, stall_count=0)
[robot_supervisor-13] [INFO] [1776844323.933254376] [robot_2.robot_supervisor]: Selected controllable event: EV_random_walk
[robot_supervisor-10] [INFO] [1776844324.032938231] [robot_1.robot_supervisor]: FULL ROTATE active (accum_rad=1.669, timed_fallback=False, stall_count=0)
[robot_supervisor-10] [INFO] [1776844324.133006312] [robot_1.robot_supervisor]: FULL ROTATE active (accum_rad=1.769, timed_fallback=False, stall_count=0)
[robot_supervisor-13] [INFO] [1776844324.233274120] [robot_2.robot_supervisor]: Selected controllable event: EV_move_forward
[robot_supervisor-10] [INFO] [1776844324.233317395] [robot_1.robot_supervisor]: FULL ROTATE active (accum_rad=1.869, timed_fallback=False, stall_count=0)
[robot_supervisor-10] [INFO] [1776844324.333483503] [robot_1.robot_supervisor]: FULL ROTATE active (accum_rad=1.969, timed_fallback=False, stall_count=0)
[robot_supervisor-10] [INFO] [1776844324.433107820] [robot_1.robot_supervisor]: FULL ROTATE active (accum_rad=2.069, timed_fallback=False, stall_count=0)
[robot_supervisor-10] [INFO] [1776844324.532897966] [robot_1.robot_supervisor]: FULL ROTATE active (accum_rad=2.169, timed_fallback=False, stall_count=0)
[robot_supervisor-13] [INFO] [1776844324.533106595] [robot_2.robot_supervisor]: Selected controllable event: EV_random_walk
[robot_supervisor-10] [INFO] [1776844324.633078644] [robot_1.robot_supervisor]: FULL ROTATE active (accum_rad=2.269, timed_fallback=False, stall_count=0)
[robot_supervisor-16] [INFO] [1776844324.678678693] [robot_3.robot_supervisor]: Selected controllable event: EV_rotate_counterclockwise
[robot_supervisor-16] [INFO] [1776844324.679231145] [robot_3.robot_supervisor]: rotate_90 blocked by recent completion; stopping this tick
[robot_supervisor-10] [INFO] [1776844324.733244330] [robot_1.robot_supervisor]: FULL ROTATE active (accum_rad=2.369, timed_fallback=False, stall_count=0)
[robot_supervisor-16] [INFO] [1776844324.778329660] [robot_3.robot_supervisor]: Selected controllable event: EV_rotate_counterclockwise
[robot_supervisor-16] [INFO] [1776844324.778655466] [robot_3.robot_supervisor]: rotate_90 blocked by recent completion; stopping this tick
[robot_supervisor-10] [INFO] [1776844324.832876620] [robot_1.robot_supervisor]: FULL ROTATE active (accum_rad=2.469, timed_fallback=False, stall_count=0)
[robot_supervisor-13] [INFO] [1776844324.833192581] [robot_2.robot_supervisor]: Selected controllable event: EV_move_forward
[robot_supervisor-16] [INFO] [1776844324.878267125] [robot_3.robot_supervisor]: Selected controllable event: EV_rotate_counterclockwise
[robot_supervisor-16] [INFO] [1776844324.878594222] [robot_3.robot_supervisor]: rotate_90 blocked by recent completion; stopping this tick
[robot_supervisor-10] [INFO] [1776844324.933321083] [robot_1.robot_supervisor]: FULL ROTATE active (accum_rad=2.569, timed_fallback=False, stall_count=0)
[robot_supervisor-16] [INFO] [1776844324.978244168] [robot_3.robot_supervisor]: Selected controllable event: EV_rotate_counterclockwise
[robot_supervisor-10] [INFO] [1776844325.032936170] [robot_1.robot_supervisor]: FULL ROTATE active (accum_rad=2.669, timed_fallback=False, stall_count=0)
[robot_supervisor-10] [INFO] [1776844325.132912133] [robot_1.robot_supervisor]: FULL ROTATE active (accum_rad=2.769, timed_fallback=False, stall_count=0)
[robot_supervisor-13] [INFO] [1776844325.132943831] [robot_2.robot_supervisor]: Selected controllable event: EV_random_walk
[robot_supervisor-10] [INFO] [1776844325.233067466] [robot_1.robot_supervisor]: FULL ROTATE active (accum_rad=2.869, timed_fallback=False, stall_count=0)
[robot_supervisor-19] [INFO] [1776844325.240494448] [robot_4.robot_supervisor]: Selected controllable event: EV_random_walk
[robot_supervisor-10] [INFO] [1776844325.333126772] [robot_1.robot_supervisor]: FULL ROTATE active (accum_rad=2.969, timed_fallback=False, stall_count=0)
[robot_supervisor-10] [INFO] [1776844325.433160166] [robot_1.robot_supervisor]: FULL ROTATE active (accum_rad=3.069, timed_fallback=False, stall_count=0)
[robot_supervisor-13] [INFO] [1776844325.433284602] [robot_2.robot_supervisor]: Selected controllable event: EV_move_forward
[robot_supervisor-10] [INFO] [1776844325.433768284] [robot_1.robot_supervisor]: FULL ROTATE completed by odom (accum_rad=3.169)
[robot_supervisor-10] [INFO] [1776844325.434276994] [robot_1.robot_supervisor]: FULL ROTATE stopped; supervisor will select next event next tick
[robot_supervisor-7] [INFO] [1776844325.480398723] [robot_0.robot_supervisor]: Selected controllable event: EV_full_rotate
[robot_supervisor-7] [INFO] [1776844325.480986121] [robot_0.robot_supervisor]: Starting FULL ROTATE (omega=1.000, have_odom=True, target_rad=3.142, timeout_s=3.500)
[robot_supervisor-19] [INFO] [1776844325.540248836] [robot_4.robot_supervisor]: Selected controllable event: EV_move_forward
[robot_supervisor-7] [INFO] [1776844325.580285586] [robot_0.robot_supervisor]: FULL ROTATE active (accum_rad=0.000, timed_fallback=False, stall_count=0)
[image_processor-24] [INFO] [1776844325.668549255] [robot_3.image_processor]: Zone=CORNER  left[p=0.282 near=7650 v=7650]  front[p=0.393 near=12019 v=13500]  right[p=0.934 near=0 v=7740]
[robot_supervisor-16] [INFO] [1776844325.669524222] [robot_3.robot_supervisor]: Detected zone changed to CORNER
[robot_supervisor-7] [INFO] [1776844325.680366619] [robot_0.robot_supervisor]: FULL ROTATE active (accum_rad=0.002, timed_fallback=False, stall_count=0)
[image_processor-23] [INFO] [1776844325.692689129] [robot_2.image_processor]: Zone=CLEAR
[image_processor-21] [INFO] [1776844325.709231603] [robot_0.image_processor]: Zone=RIGHT  left[p=2.824 near=0 v=5033]  front[p=3.030 near=0 v=10563]  right[p=0.783 near=1161 v=7740]
[robot_supervisor-7] [INFO] [1776844325.709908686] [robot_0.robot_supervisor]: Detected zone changed to RIGHT
[image_processor-25] [INFO] [1776844325.725364274] [robot_4.image_processor]: Zone=RIGHT  left[p=1.210 near=0 v=7462]  front[p=1.513 near=0 v=13176]  right[p=0.502 near=5233 v=7740]
[robot_supervisor-19] [INFO] [1776844325.726471465] [robot_4.robot_supervisor]: Detected zone changed to RIGHT
[robot_supervisor-13] [INFO] [1776844325.733215189] [robot_2.robot_supervisor]: Selected controllable event: EV_random_walk
[image_processor-22] [INFO] [1776844325.757296697] [robot_1.image_processor]: Zone=RIGHT  left[p=0.839 near=13 v=7650]  front[p=1.364 near=289 v=12583]  right[p=0.449 near=7731 v=7740]
[robot_supervisor-10] [INFO] [1776844325.758218578] [robot_1.robot_supervisor]: Detected zone changed to RIGHT
[robot_supervisor-7] [INFO] [1776844325.780332074] [robot_0.robot_supervisor]: FULL ROTATE active (accum_rad=0.030, timed_fallback=False, stall_count=0)
[robot_supervisor-10] [INFO] [1776844325.833066966] [robot_1.robot_supervisor]: Selected controllable event: EV_rotate_counterclockwise
[robot_supervisor-19] [INFO] [1776844325.840306833] [robot_4.robot_supervisor]: Selected controllable event: EV_rotate_counterclockwise
[robot_supervisor-7] [INFO] [1776844325.880695348] [robot_0.robot_supervisor]: FULL ROTATE active (accum_rad=0.087, timed_fallback=False, stall_count=0)
[robot_supervisor-7] [INFO] [1776844325.980315579] [robot_0.robot_supervisor]: FULL ROTATE active (accum_rad=0.175, timed_fallback=False, stall_count=0)
[robot_supervisor-13] [INFO] [1776844326.033187831] [robot_2.robot_supervisor]: Selected controllable event: EV_move_forward
[robot_supervisor-7] [INFO] [1776844326.080059494] [robot_0.robot_supervisor]: FULL ROTATE active (accum_rad=0.275, timed_fallback=False, stall_count=0)
[robot_supervisor-7] [INFO] [1776844326.180295051] [robot_0.robot_supervisor]: FULL ROTATE active (accum_rad=0.375, timed_fallback=False, stall_count=0)
[robot_supervisor-7] [INFO] [1776844326.280305023] [robot_0.robot_supervisor]: FULL ROTATE active (accum_rad=0.475, timed_fallback=False, stall_count=0)
[robot_supervisor-13] [INFO] [1776844326.333135908] [robot_2.robot_supervisor]: Selected controllable event: EV_random_walk
[robot_supervisor-7] [INFO] [1776844326.380056533] [robot_0.robot_supervisor]: FULL ROTATE active (accum_rad=0.575, timed_fallback=False, stall_count=0)
[robot_supervisor-7] [INFO] [1776844326.480299850] [robot_0.robot_supervisor]: FULL ROTATE active (accum_rad=0.675, timed_fallback=False, stall_count=0)
[robot_supervisor-7] [INFO] [1776844326.580021356] [robot_0.robot_supervisor]: FULL ROTATE active (accum_rad=0.775, timed_fallback=False, stall_count=0)
[robot_supervisor-13] [INFO] [1776844326.632892658] [robot_2.robot_supervisor]: Selected controllable event: EV_move_forward
[robot_supervisor-7] [INFO] [1776844326.680036213] [robot_0.robot_supervisor]: FULL ROTATE active (accum_rad=0.875, timed_fallback=False, stall_count=0)
[robot_supervisor-7] [INFO] [1776844326.780355533] [robot_0.robot_supervisor]: FULL ROTATE active (accum_rad=0.975, timed_fallback=False, stall_count=0)
[robot_supervisor-7] [INFO] [1776844326.880063978] [robot_0.robot_supervisor]: FULL ROTATE active (accum_rad=1.075, timed_fallback=False, stall_count=0)
[robot_supervisor-13] [INFO] [1776844326.933122182] [robot_2.robot_supervisor]: Selected controllable event: EV_random_walk
[robot_supervisor-7] [INFO] [1776844326.980064686] [robot_0.robot_supervisor]: FULL ROTATE active (accum_rad=1.175, timed_fallback=False, stall_count=0)
[robot_supervisor-7] [INFO] [1776844327.080262895] [robot_0.robot_supervisor]: FULL ROTATE active (accum_rad=1.275, timed_fallback=False, stall_count=0)
[robot_supervisor-16] [INFO] [1776844327.178297217] [robot_3.robot_supervisor]: Selected controllable event: EV_full_rotate
[robot_supervisor-16] [INFO] [1776844327.178861005] [robot_3.robot_supervisor]: full_rotate blocked by cooldown; stopping this tick
[robot_supervisor-7] [INFO] [1776844327.180022391] [robot_0.robot_supervisor]: FULL ROTATE active (accum_rad=1.375, timed_fallback=False, stall_count=0)
[robot_supervisor-13] [INFO] [1776844327.232866608] [robot_2.robot_supervisor]: Selected controllable event: EV_move_forward
[robot_supervisor-16] [INFO] [1776844327.278666950] [robot_3.robot_supervisor]: Selected controllable event: EV_rotate_clockwise
[robot_supervisor-16] [INFO] [1776844327.279039997] [robot_3.robot_supervisor]: rotate_90 blocked by recent completion; stopping this tick
[robot_supervisor-7] [INFO] [1776844327.280217290] [robot_0.robot_supervisor]: FULL ROTATE active (accum_rad=1.475, timed_fallback=False, stall_count=0)
[robot_supervisor-16] [INFO] [1776844327.378296607] [robot_3.robot_supervisor]: Selected controllable event: EV_full_rotate
[robot_supervisor-16] [INFO] [1776844327.378662246] [robot_3.robot_supervisor]: full_rotate blocked by cooldown; stopping this tick
[robot_supervisor-7] [INFO] [1776844327.380196112] [robot_0.robot_supervisor]: FULL ROTATE active (accum_rad=1.575, timed_fallback=False, stall_count=0)
[robot_supervisor-16] [INFO] [1776844327.478249226] [robot_3.robot_supervisor]: Selected controllable event: EV_rotate_clockwise
[robot_supervisor-7] [INFO] [1776844327.480052078] [robot_0.robot_supervisor]: FULL ROTATE active (accum_rad=1.675, timed_fallback=False, stall_count=0)
[robot_supervisor-13] [INFO] [1776844327.533258780] [robot_2.robot_supervisor]: Selected controllable event: EV_random_walk
[robot_supervisor-7] [INFO] [1776844327.580007572] [robot_0.robot_supervisor]: FULL ROTATE active (accum_rad=1.775, timed_fallback=False, stall_count=0)
[robot_supervisor-7] [INFO] [1776844327.680125192] [robot_0.robot_supervisor]: FULL ROTATE active (accum_rad=1.875, timed_fallback=False, stall_count=0)
[robot_supervisor-7] [INFO] [1776844327.780259545] [robot_0.robot_supervisor]: FULL ROTATE active (accum_rad=1.975, timed_fallback=False, stall_count=0)
[robot_supervisor-13] [INFO] [1776844327.833325597] [robot_2.robot_supervisor]: Selected controllable event: EV_move_forward
[robot_supervisor-7] [INFO] [1776844327.880327051] [robot_0.robot_supervisor]: FULL ROTATE active (accum_rad=2.075, timed_fallback=False, stall_count=0)
[robot_supervisor-19] [INFO] [1776844327.940545429] [robot_4.robot_supervisor]: Selected controllable event: EV_rotate_counterclockwise
[robot_supervisor-19] [INFO] [1776844327.941051393] [robot_4.robot_supervisor]: rotate_90 blocked by recent completion; stopping this tick
[robot_supervisor-7] [INFO] [1776844327.980398559] [robot_0.robot_supervisor]: FULL ROTATE active (accum_rad=2.175, timed_fallback=False, stall_count=0)
[robot_supervisor-10] [INFO] [1776844328.033032671] [robot_1.robot_supervisor]: Selected controllable event: EV_rotate_counterclockwise
[robot_supervisor-10] [INFO] [1776844328.033429940] [robot_1.robot_supervisor]: rotate_90 blocked by recent completion; stopping this tick
[robot_supervisor-19] [INFO] [1776844328.040471403] [robot_4.robot_supervisor]: Selected controllable event: EV_rotate_counterclockwise
[robot_supervisor-19] [INFO] [1776844328.041001334] [robot_4.robot_supervisor]: rotate_90 blocked by recent completion; stopping this tick
[robot_supervisor-7] [INFO] [1776844328.080137803] [robot_0.robot_supervisor]: FULL ROTATE active (accum_rad=2.275, timed_fallback=False, stall_count=0)
[robot_supervisor-13] [INFO] [1776844328.133070707] [robot_2.robot_supervisor]: Selected controllable event: EV_random_walk
[robot_supervisor-10] [INFO] [1776844328.133423359] [robot_1.robot_supervisor]: Selected controllable event: EV_rotate_counterclockwise
[robot_supervisor-10] [INFO] [1776844328.133803198] [robot_1.robot_supervisor]: rotate_90 blocked by recent completion; stopping this tick
[robot_supervisor-19] [INFO] [1776844328.140574835] [robot_4.robot_supervisor]: Selected controllable event: EV_rotate_counterclockwise
[robot_supervisor-19] [INFO] [1776844328.141094798] [robot_4.robot_supervisor]: rotate_90 blocked by recent completion; stopping this tick
[image_processor-24] [INFO] [1776844328.170303636] [robot_3.image_processor]: Zone=CORNER
[robot_supervisor-7] [INFO] [1776844328.180331051] [robot_0.robot_supervisor]: FULL ROTATE active (accum_rad=2.375, timed_fallback=False, stall_count=0)
[image_processor-23] [INFO] [1776844328.195364861] [robot_2.image_processor]: Zone=CLEAR
[image_processor-21] [INFO] [1776844328.212995782] [robot_0.image_processor]: Zone=CORNER  left[p=0.336 near=7650 v=7650]  front[p=0.386 near=12770 v=13288]  right[p=2.322 near=0 v=5865]
[robot_supervisor-7] [INFO] [1776844328.214053326] [robot_0.robot_supervisor]: Detected zone changed to CORNER
[robot_supervisor-10] [INFO] [1776844328.233294885] [robot_1.robot_supervisor]: Selected controllable event: EV_rotate_counterclockwise
[image_processor-25] [INFO] [1776844328.240344486] [robot_4.image_processor]: Zone=RIGHT
[robot_supervisor-19] [INFO] [1776844328.240612693] [robot_4.robot_supervisor]: Selected controllable event: EV_rotate_counterclockwise
[image_processor-22] [INFO] [1776844328.255702773] [robot_1.image_processor]: Zone=RIGHT
[robot_supervisor-7] [INFO] [1776844328.280263967] [robot_0.robot_supervisor]: FULL ROTATE active (accum_rad=2.475, timed_fallback=False, stall_count=0)
[robot_supervisor-7] [INFO] [1776844328.380084782] [robot_0.robot_supervisor]: FULL ROTATE active (accum_rad=2.575, timed_fallback=False, stall_count=0)
[robot_supervisor-13] [INFO] [1776844328.433046365] [robot_2.robot_supervisor]: Selected controllable event: EV_move_forward
[robot_supervisor-7] [INFO] [1776844328.480067481] [robot_0.robot_supervisor]: FULL ROTATE active (accum_rad=2.675, timed_fallback=False, stall_count=0)
[robot_supervisor-7] [INFO] [1776844328.580033343] [robot_0.robot_supervisor]: FULL ROTATE active (accum_rad=2.775, timed_fallback=False, stall_count=0)
[robot_supervisor-7] [INFO] [1776844328.680082846] [robot_0.robot_supervisor]: FULL ROTATE active (accum_rad=2.875, timed_fallback=False, stall_count=0)
[robot_supervisor-13] [INFO] [1776844328.732856916] [robot_2.robot_supervisor]: Selected controllable event: EV_random_walk
[robot_supervisor-7] [INFO] [1776844328.780001016] [robot_0.robot_supervisor]: FULL ROTATE active (accum_rad=2.975, timed_fallback=False, stall_count=0)
[robot_supervisor-7] [INFO] [1776844328.880015347] [robot_0.robot_supervisor]: FULL ROTATE active (accum_rad=3.075, timed_fallback=False, stall_count=0)
[robot_supervisor-7] [INFO] [1776844328.880476247] [robot_0.robot_supervisor]: FULL ROTATE completed by odom (accum_rad=3.175)
[robot_supervisor-7] [INFO] [1776844328.880822589] [robot_0.robot_supervisor]: FULL ROTATE stopped; supervisor will select next event next tick
[robot_supervisor-13] [INFO] [1776844329.032944151] [robot_2.robot_supervisor]: Selected controllable event: EV_move_forward
[robot_supervisor-7] [INFO] [1776844329.180394317] [robot_0.robot_supervisor]: Selected controllable event: EV_rotate_clockwise
[robot_supervisor-13] [INFO] [1776844329.332888782] [robot_2.robot_supervisor]: Selected controllable event: EV_random_walk
[robot_supervisor-16] [INFO] [1776844329.578554613] [robot_3.robot_supervisor]: Selected controllable event: EV_full_rotate
[robot_supervisor-16] [INFO] [1776844329.579125068] [robot_3.robot_supervisor]: Starting FULL ROTATE (omega=1.000, have_odom=True, target_rad=3.142, timeout_s=3.500)
[robot_supervisor-13] [INFO] [1776844329.632883898] [robot_2.robot_supervisor]: Selected controllable event: EV_move_forward
[robot_supervisor-16] [INFO] [1776844329.678513764] [robot_3.robot_supervisor]: FULL ROTATE active (accum_rad=0.000, timed_fallback=False, stall_count=0)
[robot_supervisor-16] [INFO] [1776844329.778447980] [robot_3.robot_supervisor]: FULL ROTATE active (accum_rad=0.002, timed_fallback=False, stall_count=0)
[robot_supervisor-16] [INFO] [1776844329.878279588] [robot_3.robot_supervisor]: FULL ROTATE active (accum_rad=0.030, timed_fallback=False, stall_count=0)
[robot_supervisor-13] [INFO] [1776844329.932996293] [robot_2.robot_supervisor]: Selected controllable event: EV_random_walk
[robot_supervisor-16] [INFO] [1776844329.978243741] [robot_3.robot_supervisor]: FULL ROTATE active (accum_rad=0.087, timed_fallback=False, stall_count=0)
[robot_supervisor-16] [INFO] [1776844330.078494829] [robot_3.robot_supervisor]: FULL ROTATE active (accum_rad=0.175, timed_fallback=False, stall_count=0)
[robot_supervisor-16] [INFO] [1776844330.178478010] [robot_3.robot_supervisor]: FULL ROTATE active (accum_rad=0.275, timed_fallback=False, stall_count=0)
[robot_supervisor-13] [INFO] [1776844330.232989258] [robot_2.robot_supervisor]: Selected controllable event: EV_move_forward
[robot_supervisor-16] [INFO] [1776844330.278226151] [robot_3.robot_supervisor]: FULL ROTATE active (accum_rad=0.375, timed_fallback=False, stall_count=0)
[robot_supervisor-19] [INFO] [1776844330.340657589] [robot_4.robot_supervisor]: Selected controllable event: EV_rotate_counterclockwise
[robot_supervisor-19] [INFO] [1776844330.341172967] [robot_4.robot_supervisor]: rotate_90 blocked by recent completion; stopping this tick
[robot_supervisor-16] [INFO] [1776844330.378225903] [robot_3.robot_supervisor]: FULL ROTATE active (accum_rad=0.475, timed_fallback=False, stall_count=0)
[robot_supervisor-10] [INFO] [1776844330.433431335] [robot_1.robot_supervisor]: Selected controllable event: EV_rotate_counterclockwise
[robot_supervisor-10] [INFO] [1776844330.434141358] [robot_1.robot_supervisor]: rotate_90 blocked by recent completion; stopping this tick
[robot_supervisor-19] [INFO] [1776844330.440512390] [robot_4.robot_supervisor]: Selected controllable event: EV_rotate_counterclockwise
[robot_supervisor-19] [INFO] [1776844330.441057930] [robot_4.robot_supervisor]: rotate_90 blocked by recent completion; stopping this tick
[robot_supervisor-16] [INFO] [1776844330.478458741] [robot_3.robot_supervisor]: FULL ROTATE active (accum_rad=0.575, timed_fallback=False, stall_count=0)
[robot_supervisor-13] [INFO] [1776844330.533097890] [robot_2.robot_supervisor]: Selected controllable event: EV_random_walk
[robot_supervisor-10] [INFO] [1776844330.533219169] [robot_1.robot_supervisor]: Selected controllable event: EV_rotate_counterclockwise
[robot_supervisor-10] [INFO] [1776844330.533698115] [robot_1.robot_supervisor]: rotate_90 blocked by recent completion; stopping this tick
[robot_supervisor-19] [INFO] [1776844330.540503410] [robot_4.robot_supervisor]: Selected controllable event: EV_rotate_counterclockwise
[robot_supervisor-19] [INFO] [1776844330.540995120] [robot_4.robot_supervisor]: rotate_90 blocked by recent completion; stopping this tick
[robot_supervisor-16] [INFO] [1776844330.578485970] [robot_3.robot_supervisor]: FULL ROTATE active (accum_rad=0.675, timed_fallback=False, stall_count=0)
[robot_supervisor-10] [INFO] [1776844330.633304979] [robot_1.robot_supervisor]: Selected controllable event: EV_rotate_counterclockwise
[robot_supervisor-19] [INFO] [1776844330.640281234] [robot_4.robot_supervisor]: Selected controllable event: EV_rotate_counterclockwise
[image_processor-24] [INFO] [1776844330.670684809] [robot_3.image_processor]: Zone=CORNER
[robot_supervisor-16] [INFO] [1776844330.678404056] [robot_3.robot_supervisor]: FULL ROTATE active (accum_rad=0.775, timed_fallback=False, stall_count=0)
[image_processor-23] [INFO] [1776844330.694272585] [robot_2.image_processor]: Zone=CLEAR
[image_processor-25] [INFO] [1776844330.721223137] [robot_4.image_processor]: Zone=CORNER  left[p=0.338 near=7650 v=7650]  front[p=0.660 near=2862 v=13468]  right[p=3.158 near=0 v=6895]
[robot_supervisor-19] [INFO] [1776844330.721946538] [robot_4.robot_supervisor]: Detected zone changed to CORNER
[image_processor-22] [INFO] [1776844330.731111064] [robot_1.image_processor]: Zone=CORNER  left[p=3.513 near=0 v=6316]  front[p=0.681 near=9124 v=13493]  right[p=1.930 near=0 v=7740]
[robot_supervisor-10] [INFO] [1776844330.732058858] [robot_1.robot_supervisor]: Detected zone changed to CORNER
[robot_supervisor-16] [INFO] [1776844330.778222562] [robot_3.robot_supervisor]: FULL ROTATE active (accum_rad=0.875, timed_fallback=False, stall_count=0)
[image_processor-21] [INFO] [1776844330.811211887] [robot_0.image_processor]: Zone=CORNER
[robot_supervisor-13] [INFO] [1776844330.833019171] [robot_2.robot_supervisor]: Selected controllable event: EV_move_forward
[robot_supervisor-16] [INFO] [1776844330.878351022] [robot_3.robot_supervisor]: FULL ROTATE active (accum_rad=0.975, timed_fallback=False, stall_count=0)
[robot_supervisor-16] [INFO] [1776844330.978446087] [robot_3.robot_supervisor]: FULL ROTATE active (accum_rad=1.075, timed_fallback=False, stall_count=0)
[robot_supervisor-16] [INFO] [1776844331.078438611] [robot_3.robot_supervisor]: FULL ROTATE active (accum_rad=1.175, timed_fallback=False, stall_count=0)
[robot_supervisor-13] [INFO] [1776844331.133032654] [robot_2.robot_supervisor]: Selected controllable event: EV_random_walk
[robot_supervisor-16] [INFO] [1776844331.178638622] [robot_3.robot_supervisor]: FULL ROTATE active (accum_rad=1.275, timed_fallback=False, stall_count=0)
[robot_supervisor-16] [INFO] [1776844331.278418618] [robot_3.robot_supervisor]: FULL ROTATE active (accum_rad=1.375, timed_fallback=False, stall_count=0)
[robot_supervisor-16] [INFO] [1776844331.378393155] [robot_3.robot_supervisor]: FULL ROTATE active (accum_rad=1.475, timed_fallback=False, stall_count=0)
[robot_supervisor-7] [INFO] [1776844331.380321389] [robot_0.robot_supervisor]: Selected controllable event: EV_full_rotate
[robot_supervisor-7] [INFO] [1776844331.380880781] [robot_0.robot_supervisor]: Starting FULL ROTATE (omega=1.000, have_odom=True, target_rad=3.142, timeout_s=3.500)
[robot_supervisor-13] [INFO] [1776844331.432955205] [robot_2.robot_supervisor]: Selected controllable event: EV_move_forward
[robot_supervisor-16] [INFO] [1776844331.478448230] [robot_3.robot_supervisor]: FULL ROTATE active (accum_rad=1.575, timed_fallback=False, stall_count=0)
[robot_supervisor-7] [INFO] [1776844331.480430420] [robot_0.robot_supervisor]: FULL ROTATE active (accum_rad=0.000, timed_fallback=False, stall_count=0)
[robot_supervisor-16] [INFO] [1776844331.578472964] [robot_3.robot_supervisor]: FULL ROTATE active (accum_rad=1.675, timed_fallback=False, stall_count=0)
[robot_supervisor-7] [INFO] [1776844331.580242082] [robot_0.robot_supervisor]: FULL ROTATE active (accum_rad=0.006, timed_fallback=False, stall_count=0)
[robot_supervisor-16] [INFO] [1776844331.678261259] [robot_3.robot_supervisor]: FULL ROTATE active (accum_rad=1.775, timed_fallback=False, stall_count=0)
[robot_supervisor-7] [INFO] [1776844331.680253061] [robot_0.robot_supervisor]: FULL ROTATE active (accum_rad=0.041, timed_fallback=False, stall_count=0)
[robot_supervisor-13] [INFO] [1776844331.732740369] [robot_2.robot_supervisor]: Selected controllable event: EV_random_walk
[robot_supervisor-16] [INFO] [1776844331.778190723] [robot_3.robot_supervisor]: FULL ROTATE active (accum_rad=1.875, timed_fallback=False, stall_count=0)
[robot_supervisor-7] [INFO] [1776844331.780259009] [robot_0.robot_supervisor]: FULL ROTATE active (accum_rad=0.105, timed_fallback=False, stall_count=0)
[robot_supervisor-16] [INFO] [1776844331.878284218] [robot_3.robot_supervisor]: FULL ROTATE active (accum_rad=1.975, timed_fallback=False, stall_count=0)
[robot_supervisor-7] [INFO] [1776844331.880263776] [robot_0.robot_supervisor]: FULL ROTATE active (accum_rad=0.198, timed_fallback=False, stall_count=0)
[robot_supervisor-16] [INFO] [1776844331.978187967] [robot_3.robot_supervisor]: FULL ROTATE active (accum_rad=2.075, timed_fallback=False, stall_count=0)
[robot_supervisor-7] [INFO] [1776844331.979996035] [robot_0.robot_supervisor]: FULL ROTATE active (accum_rad=0.298, timed_fallback=False, stall_count=0)
[robot_supervisor-13] [INFO] [1776844332.032828527] [robot_2.robot_supervisor]: Selected controllable event: EV_move_forward
[robot_supervisor-16] [INFO] [1776844332.078240434] [robot_3.robot_supervisor]: FULL ROTATE active (accum_rad=2.175, timed_fallback=False, stall_count=0)
[robot_supervisor-7] [INFO] [1776844332.080225552] [robot_0.robot_supervisor]: FULL ROTATE active (accum_rad=0.398, timed_fallback=False, stall_count=0)
[robot_supervisor-16] [INFO] [1776844332.178466633] [robot_3.robot_supervisor]: FULL ROTATE active (accum_rad=2.275, timed_fallback=False, stall_count=0)
[robot_supervisor-7] [INFO] [1776844332.180316673] [robot_0.robot_supervisor]: FULL ROTATE active (accum_rad=0.498, timed_fallback=False, stall_count=0)
[robot_supervisor-16] [INFO] [1776844332.278170107] [robot_3.robot_supervisor]: FULL ROTATE active (accum_rad=2.375, timed_fallback=False, stall_count=0)
[robot_supervisor-7] [INFO] [1776844332.280221631] [robot_0.robot_supervisor]: FULL ROTATE active (accum_rad=0.598, timed_fallback=False, stall_count=0)
[robot_supervisor-13] [INFO] [1776844332.333004095] [robot_2.robot_supervisor]: Selected controllable event: EV_random_walk
[robot_supervisor-16] [INFO] [1776844332.378226630] [robot_3.robot_supervisor]: FULL ROTATE active (accum_rad=2.475, timed_fallback=False, stall_count=0)
[robot_supervisor-7] [INFO] [1776844332.380260393] [robot_0.robot_supervisor]: FULL ROTATE active (accum_rad=0.698, timed_fallback=False, stall_count=0)
[robot_supervisor-16] [INFO] [1776844332.478203242] [robot_3.robot_supervisor]: FULL ROTATE active (accum_rad=2.575, timed_fallback=False, stall_count=0)
[robot_supervisor-7] [INFO] [1776844332.480199107] [robot_0.robot_supervisor]: FULL ROTATE active (accum_rad=0.798, timed_fallback=False, stall_count=0)
[robot_supervisor-16] [INFO] [1776844332.578202239] [robot_3.robot_supervisor]: FULL ROTATE active (accum_rad=2.675, timed_fallback=False, stall_count=0)
[robot_supervisor-7] [INFO] [1776844332.580195500] [robot_0.robot_supervisor]: FULL ROTATE active (accum_rad=0.898, timed_fallback=False, stall_count=0)
[robot_supervisor-13] [INFO] [1776844332.633155560] [robot_2.robot_supervisor]: Selected controllable event: EV_move_forward
[robot_supervisor-16] [INFO] [1776844332.678230619] [robot_3.robot_supervisor]: FULL ROTATE active (accum_rad=2.775, timed_fallback=False, stall_count=0)
[robot_supervisor-7] [INFO] [1776844332.680437386] [robot_0.robot_supervisor]: FULL ROTATE active (accum_rad=0.998, timed_fallback=False, stall_count=0)
[robot_supervisor-19] [INFO] [1776844332.740365161] [robot_4.robot_supervisor]: Selected controllable event: EV_full_rotate
[robot_supervisor-19] [INFO] [1776844332.740773055] [robot_4.robot_supervisor]: full_rotate blocked by cooldown; stopping this tick
[robot_supervisor-16] [INFO] [1776844332.778210876] [robot_3.robot_supervisor]: FULL ROTATE active (accum_rad=2.875, timed_fallback=False, stall_count=0)
[robot_supervisor-7] [INFO] [1776844332.780220623] [robot_0.robot_supervisor]: FULL ROTATE active (accum_rad=1.098, timed_fallback=False, stall_count=0)
[robot_supervisor-10] [INFO] [1776844332.833098298] [robot_1.robot_supervisor]: Selected controllable event: EV_full_rotate
[robot_supervisor-10] [INFO] [1776844332.833518128] [robot_1.robot_supervisor]: full_rotate blocked by cooldown; stopping this tick
[robot_supervisor-19] [INFO] [1776844332.840186698] [robot_4.robot_supervisor]: Selected controllable event: EV_rotate_clockwise
[robot_supervisor-19] [INFO] [1776844332.840438919] [robot_4.robot_supervisor]: rotate_90 blocked by recent completion; stopping this tick
[robot_supervisor-16] [INFO] [1776844332.879021214] [robot_3.robot_supervisor]: FULL ROTATE active (accum_rad=2.975, timed_fallback=False, stall_count=0)
[robot_supervisor-7] [INFO] [1776844332.880346923] [robot_0.robot_supervisor]: FULL ROTATE active (accum_rad=1.198, timed_fallback=False, stall_count=0)
[robot_supervisor-10] [INFO] [1776844332.932886629] [robot_1.robot_supervisor]: Selected controllable event: EV_rotate_clockwise
[robot_supervisor-13] [INFO] [1776844332.933006654] [robot_2.robot_supervisor]: Selected controllable event: EV_random_walk
[robot_supervisor-10] [INFO] [1776844332.933233375] [robot_1.robot_supervisor]: rotate_90 blocked by recent completion; stopping this tick
[robot_supervisor-19] [INFO] [1776844332.940581013] [robot_4.robot_supervisor]: Selected controllable event: EV_full_rotate
[robot_supervisor-19] [INFO] [1776844332.941048152] [robot_4.robot_supervisor]: full_rotate blocked by cooldown; stopping this tick
[robot_supervisor-16] [INFO] [1776844332.979032610] [robot_3.robot_supervisor]: FULL ROTATE active (accum_rad=3.075, timed_fallback=False, stall_count=0)
[robot_supervisor-16] [INFO] [1776844332.980031569] [robot_3.robot_supervisor]: FULL ROTATE completed by odom (accum_rad=3.175)
[robot_supervisor-7] [INFO] [1776844332.980171233] [robot_0.robot_supervisor]: FULL ROTATE active (accum_rad=1.298, timed_fallback=False, stall_count=0)
[robot_supervisor-16] [INFO] [1776844332.980659857] [robot_3.robot_supervisor]: FULL ROTATE stopped; supervisor will select next event next tick
[robot_supervisor-10] [INFO] [1776844333.033096628] [robot_1.robot_supervisor]: Selected controllable event: EV_full_rotate
[robot_supervisor-10] [INFO] [1776844333.033487057] [robot_1.robot_supervisor]: full_rotate blocked by cooldown; stopping this tick
[robot_supervisor-19] [INFO] [1776844333.040553355] [robot_4.robot_supervisor]: Selected controllable event: EV_rotate_clockwise
[robot_supervisor-7] [INFO] [1776844333.080046449] [robot_0.robot_supervisor]: FULL ROTATE active (accum_rad=1.398, timed_fallback=False, stall_count=0)
[robot_supervisor-10] [INFO] [1776844333.133079491] [robot_1.robot_supervisor]: Selected controllable event: EV_rotate_clockwise
[image_processor-24] [INFO] [1776844333.171163725] [robot_3.image_processor]: Zone=RIGHT  left[p=0.856 near=0 v=7650]  front[p=1.214 near=0 v=12971]  right[p=0.679 near=2388 v=7740]
[robot_supervisor-16] [INFO] [1776844333.172048005] [robot_3.robot_supervisor]: Detected zone changed to RIGHT
[robot_supervisor-7] [INFO] [1776844333.180087176] [robot_0.robot_supervisor]: FULL ROTATE active (accum_rad=1.498, timed_fallback=False, stall_count=0)
[image_processor-23] [INFO] [1776844333.197479202] [robot_2.image_processor]: Zone=RIGHT  left[p=2.763 near=0 v=6769]  front[p=2.349 near=0 v=13007]  right[p=0.540 near=6796 v=7740]
[robot_supervisor-13] [INFO] [1776844333.198420625] [robot_2.robot_supervisor]: Detected zone changed to RIGHT
[image_processor-21] [INFO] [1776844333.212392607] [robot_0.image_processor]: Zone=CORNER
[image_processor-25] [INFO] [1776844333.223913752] [robot_4.image_processor]: Zone=CORNER
[robot_supervisor-13] [INFO] [1776844333.232857258] [robot_2.robot_supervisor]: Selected controllable event: EV_rotate_counterclockwise
[image_processor-22] [INFO] [1776844333.241176213] [robot_1.image_processor]: Zone=CORNER
[robot_supervisor-7] [INFO] [1776844333.280043941] [robot_0.robot_supervisor]: FULL ROTATE active (accum_rad=1.598, timed_fallback=False, stall_count=0)
[robot_supervisor-16] [INFO] [1776844333.378330498] [robot_3.robot_supervisor]: Selected controllable event: EV_rotate_counterclockwise
[robot_supervisor-7] [INFO] [1776844333.380000173] [robot_0.robot_supervisor]: FULL ROTATE active (accum_rad=1.698, timed_fallback=False, stall_count=0)
[robot_supervisor-7] [INFO] [1776844333.480070691] [robot_0.robot_supervisor]: FULL ROTATE active (accum_rad=1.798, timed_fallback=False, stall_count=0)
[robot_supervisor-7] [INFO] [1776844333.580035001] [robot_0.robot_supervisor]: FULL ROTATE active (accum_rad=1.898, timed_fallback=False, stall_count=0)
[robot_supervisor-7] [INFO] [1776844333.680158787] [robot_0.robot_supervisor]: FULL ROTATE active (accum_rad=1.998, timed_fallback=False, stall_count=0)
[robot_supervisor-7] [INFO] [1776844333.780306971] [robot_0.robot_supervisor]: FULL ROTATE active (accum_rad=2.098, timed_fallback=False, stall_count=0)
[robot_supervisor-7] [INFO] [1776844333.880247994] [robot_0.robot_supervisor]: FULL ROTATE active (accum_rad=2.198, timed_fallback=False, stall_count=0)
[robot_supervisor-7] [INFO] [1776844333.980340451] [robot_0.robot_supervisor]: FULL ROTATE active (accum_rad=2.298, timed_fallback=False, stall_count=0)
[robot_supervisor-7] [INFO] [1776844334.080217199] [robot_0.robot_supervisor]: FULL ROTATE active (accum_rad=2.398, timed_fallback=False, stall_count=0)
[robot_supervisor-7] [INFO] [1776844334.179907198] [robot_0.robot_supervisor]: FULL ROTATE active (accum_rad=2.498, timed_fallback=False, stall_count=0)
[robot_supervisor-7] [INFO] [1776844334.280209772] [robot_0.robot_supervisor]: FULL ROTATE active (accum_rad=2.598, timed_fallback=False, stall_count=0)
[robot_supervisor-7] [INFO] [1776844334.380303693] [robot_0.robot_supervisor]: FULL ROTATE active (accum_rad=2.698, timed_fallback=False, stall_count=0)
[robot_supervisor-7] [INFO] [1776844334.480325294] [robot_0.robot_supervisor]: FULL ROTATE active (accum_rad=2.798, timed_fallback=False, stall_count=0)
[robot_supervisor-7] [INFO] [1776844334.580410670] [robot_0.robot_supervisor]: FULL ROTATE active (accum_rad=2.898, timed_fallback=False, stall_count=0)
[robot_supervisor-7] [INFO] [1776844334.680242690] [robot_0.robot_supervisor]: FULL ROTATE active (accum_rad=2.998, timed_fallback=False, stall_count=0)
[robot_supervisor-7] [INFO] [1776844334.779961418] [robot_0.robot_supervisor]: FULL ROTATE active (accum_rad=3.098, timed_fallback=False, stall_count=0)
[robot_supervisor-7] [INFO] [1776844334.780358863] [robot_0.robot_supervisor]: FULL ROTATE completed by odom (accum_rad=3.198)
[robot_supervisor-7] [INFO] [1776844334.780666359] [robot_0.robot_supervisor]: FULL ROTATE stopped; supervisor will select next event next tick
[robot_supervisor-7] [INFO] [1776844335.080329932] [robot_0.robot_supervisor]: Selected controllable event: EV_rotate_clockwise
[robot_supervisor-19] [INFO] [1776844335.240317256] [robot_4.robot_supervisor]: Selected controllable event: EV_full_rotate
[robot_supervisor-19] [INFO] [1776844335.240760815] [robot_4.robot_supervisor]: Starting FULL ROTATE (omega=1.000, have_odom=True, target_rad=3.142, timeout_s=3.500)
[robot_supervisor-10] [INFO] [1776844335.333245316] [robot_1.robot_supervisor]: Selected controllable event: EV_full_rotate
[robot_supervisor-10] [INFO] [1776844335.333813855] [robot_1.robot_supervisor]: Starting FULL ROTATE (omega=1.000, have_odom=True, target_rad=3.142, timeout_s=3.500)
[robot_supervisor-19] [INFO] [1776844335.340168538] [robot_4.robot_supervisor]: FULL ROTATE active (accum_rad=0.000, timed_fallback=False, stall_count=0)
[robot_supervisor-10] [INFO] [1776844335.433172374] [robot_1.robot_supervisor]: FULL ROTATE active (accum_rad=0.000, timed_fallback=False, stall_count=0)
[robot_supervisor-19] [INFO] [1776844335.440179368] [robot_4.robot_supervisor]: FULL ROTATE active (accum_rad=0.004, timed_fallback=False, stall_count=0)
[robot_supervisor-13] [INFO] [1776844335.532836583] [robot_2.robot_supervisor]: Selected controllable event: EV_rotate_counterclockwise
[robot_supervisor-10] [INFO] [1776844335.532905093] [robot_1.robot_supervisor]: FULL ROTATE active (accum_rad=0.006, timed_fallback=False, stall_count=0)
[robot_supervisor-13] [INFO] [1776844335.533237175] [robot_2.robot_supervisor]: rotate_90 blocked by recent completion; stopping this tick
[robot_supervisor-19] [INFO] [1776844335.540223019] [robot_4.robot_supervisor]: FULL ROTATE active (accum_rad=0.036, timed_fallback=False, stall_count=0)
[robot_supervisor-16] [INFO] [1776844335.578351223] [robot_3.robot_supervisor]: Selected controllable event: EV_rotate_counterclockwise
[robot_supervisor-16] [INFO] [1776844335.578729369] [robot_3.robot_supervisor]: rotate_90 blocked by recent completion; stopping this tick
[robot_supervisor-13] [INFO] [1776844335.632811354] [robot_2.robot_supervisor]: Selected controllable event: EV_rotate_counterclockwise
[robot_supervisor-10] [INFO] [1776844335.632913398] [robot_1.robot_supervisor]: FULL ROTATE active (accum_rad=0.041, timed_fallback=False, stall_count=0)
[robot_supervisor-13] [INFO] [1776844335.633188995] [robot_2.robot_supervisor]: rotate_90 blocked by recent completion; stopping this tick
[robot_supervisor-19] [INFO] [1776844335.640231261] [robot_4.robot_supervisor]: FULL ROTATE active (accum_rad=0.097, timed_fallback=False, stall_count=0)
[robot_supervisor-16] [INFO] [1776844335.678258105] [robot_3.robot_supervisor]: Selected controllable event: EV_rotate_counterclockwise
[robot_supervisor-16] [INFO] [1776844335.678845507] [robot_3.robot_supervisor]: rotate_90 blocked by recent completion; stopping this tick
[image_processor-24] [INFO] [1776844335.679925914] [robot_3.image_processor]: Zone=RIGHT
[image_processor-23] [INFO] [1776844335.691109406] [robot_2.image_processor]: Zone=RIGHT
[image_processor-21] [INFO] [1776844335.701144220] [robot_0.image_processor]: Zone=RIGHT  left[p=1.540 near=0 v=7650]  front[p=2.042 near=0 v=13500]  right[p=0.612 near=3732 v=7740]
[robot_supervisor-7] [INFO] [1776844335.701911490] [robot_0.robot_supervisor]: Detected zone changed to RIGHT
[image_processor-25] [INFO] [1776844335.714324534] [robot_4.image_processor]: Zone=CORNER
[image_processor-22] [INFO] [1776844335.723756059] [robot_1.image_processor]: Zone=CORNER
[robot_supervisor-13] [INFO] [1776844335.732753142] [robot_2.robot_supervisor]: Selected controllable event: EV_rotate_counterclockwise
[robot_supervisor-10] [INFO] [1776844335.732833456] [robot_1.robot_supervisor]: FULL ROTATE active (accum_rad=0.105, timed_fallback=False, stall_count=0)
[robot_supervisor-19] [INFO] [1776844335.740143101] [robot_4.robot_supervisor]: FULL ROTATE active (accum_rad=0.188, timed_fallback=False, stall_count=0)
[robot_supervisor-16] [INFO] [1776844335.778227709] [robot_3.robot_supervisor]: Selected controllable event: EV_rotate_counterclockwise
[robot_supervisor-10] [INFO] [1776844335.832920832] [robot_1.robot_supervisor]: FULL ROTATE active (accum_rad=0.198, timed_fallback=False, stall_count=0)
[robot_supervisor-19] [INFO] [1776844335.840358144] [robot_4.robot_supervisor]: FULL ROTATE active (accum_rad=0.288, timed_fallback=False, stall_count=0)
[robot_supervisor-10] [INFO] [1776844335.933198899] [robot_1.robot_supervisor]: FULL ROTATE active (accum_rad=0.298, timed_fallback=False, stall_count=0)
[robot_supervisor-19] [INFO] [1776844335.940283054] [robot_4.robot_supervisor]: FULL ROTATE active (accum_rad=0.388, timed_fallback=False, stall_count=0)
[robot_supervisor-10] [INFO] [1776844336.033262597] [robot_1.robot_supervisor]: FULL ROTATE active (accum_rad=0.398, timed_fallback=False, stall_count=0)
[robot_supervisor-19] [INFO] [1776844336.040181844] [robot_4.robot_supervisor]: FULL ROTATE active (accum_rad=0.488, timed_fallback=False, stall_count=0)
[robot_supervisor-10] [INFO] [1776844336.133167683] [robot_1.robot_supervisor]: FULL ROTATE active (accum_rad=0.498, timed_fallback=False, stall_count=0)
[robot_supervisor-19] [INFO] [1776844336.140252331] [robot_4.robot_supervisor]: FULL ROTATE active (accum_rad=0.588, timed_fallback=False, stall_count=0)
[robot_supervisor-10] [INFO] [1776844336.233095861] [robot_1.robot_supervisor]: FULL ROTATE active (accum_rad=0.598, timed_fallback=False, stall_count=0)
[robot_supervisor-19] [INFO] [1776844336.240270625] [robot_4.robot_supervisor]: FULL ROTATE active (accum_rad=0.688, timed_fallback=False, stall_count=0)
[robot_supervisor-10] [INFO] [1776844336.333132314] [robot_1.robot_supervisor]: FULL ROTATE active (accum_rad=0.698, timed_fallback=False, stall_count=0)
[robot_supervisor-19] [INFO] [1776844336.340258797] [robot_4.robot_supervisor]: FULL ROTATE active (accum_rad=0.788, timed_fallback=False, stall_count=0)
[robot_supervisor-10] [INFO] [1776844336.432927388] [robot_1.robot_supervisor]: FULL ROTATE active (accum_rad=0.798, timed_fallback=False, stall_count=0)
[robot_supervisor-19] [INFO] [1776844336.440260425] [robot_4.robot_supervisor]: FULL ROTATE active (accum_rad=0.888, timed_fallback=False, stall_count=0)
[robot_supervisor-10] [INFO] [1776844336.533215365] [robot_1.robot_supervisor]: FULL ROTATE active (accum_rad=0.898, timed_fallback=False, stall_count=0)
[robot_supervisor-19] [INFO] [1776844336.540398991] [robot_4.robot_supervisor]: FULL ROTATE active (accum_rad=0.988, timed_fallback=False, stall_count=0)
[robot_supervisor-10] [INFO] [1776844336.633121610] [robot_1.robot_supervisor]: FULL ROTATE active (accum_rad=0.998, timed_fallback=False, stall_count=0)
[robot_supervisor-19] [INFO] [1776844336.640443996] [robot_4.robot_supervisor]: FULL ROTATE active (accum_rad=1.088, timed_fallback=False, stall_count=0)
[robot_supervisor-10] [INFO] [1776844336.733105879] [robot_1.robot_supervisor]: FULL ROTATE active (accum_rad=1.098, timed_fallback=False, stall_count=0)
[robot_supervisor-19] [INFO] [1776844336.740468618] [robot_4.robot_supervisor]: FULL ROTATE active (accum_rad=1.188, timed_fallback=False, stall_count=0)
[robot_supervisor-10] [INFO] [1776844336.833024556] [robot_1.robot_supervisor]: FULL ROTATE active (accum_rad=1.198, timed_fallback=False, stall_count=0)
[robot_supervisor-19] [INFO] [1776844336.840480005] [robot_4.robot_supervisor]: FULL ROTATE active (accum_rad=1.288, timed_fallback=False, stall_count=0)
[robot_supervisor-10] [INFO] [1776844336.933198094] [robot_1.robot_supervisor]: FULL ROTATE active (accum_rad=1.298, timed_fallback=False, stall_count=0)
[robot_supervisor-19] [INFO] [1776844336.940523580] [robot_4.robot_supervisor]: FULL ROTATE active (accum_rad=1.388, timed_fallback=False, stall_count=0)
[robot_supervisor-10] [INFO] [1776844337.033131014] [robot_1.robot_supervisor]: FULL ROTATE active (accum_rad=1.398, timed_fallback=False, stall_count=0)
[robot_supervisor-19] [INFO] [1776844337.040547834] [robot_4.robot_supervisor]: FULL ROTATE active (accum_rad=1.488, timed_fallback=False, stall_count=0)
[robot_supervisor-10] [INFO] [1776844337.133045444] [robot_1.robot_supervisor]: FULL ROTATE active (accum_rad=1.498, timed_fallback=False, stall_count=0)
[robot_supervisor-19] [INFO] [1776844337.140456726] [robot_4.robot_supervisor]: FULL ROTATE active (accum_rad=1.588, timed_fallback=False, stall_count=0)
[robot_supervisor-7] [INFO] [1776844337.180233792] [robot_0.robot_supervisor]: Selected controllable event: EV_rotate_clockwise
[robot_supervisor-7] [INFO] [1776844337.180585269] [robot_0.robot_supervisor]: rotate_90 blocked by recent completion; stopping this tick
[robot_supervisor-10] [INFO] [1776844337.233150291] [robot_1.robot_supervisor]: FULL ROTATE active (accum_rad=1.598, timed_fallback=False, stall_count=0)
[robot_supervisor-19] [INFO] [1776844337.240497930] [robot_4.robot_supervisor]: FULL ROTATE active (accum_rad=1.688, timed_fallback=False, stall_count=0)
[robot_supervisor-7] [INFO] [1776844337.280094049] [robot_0.robot_supervisor]: Selected controllable event: EV_rotate_counterclockwise
[robot_supervisor-7] [INFO] [1776844337.280447583] [robot_0.robot_supervisor]: rotate_90 blocked by recent completion; stopping this tick
[robot_supervisor-10] [INFO] [1776844337.333182131] [robot_1.robot_supervisor]: FULL ROTATE active (accum_rad=1.698, timed_fallback=False, stall_count=0)
[robot_supervisor-19] [INFO] [1776844337.340409888] [robot_4.robot_supervisor]: FULL ROTATE active (accum_rad=1.788, timed_fallback=False, stall_count=0)
[robot_supervisor-7] [INFO] [1776844337.380204884] [robot_0.robot_supervisor]: Selected controllable event: EV_rotate_counterclockwise
[robot_supervisor-7] [INFO] [1776844337.380762192] [robot_0.robot_supervisor]: rotate_90 blocked by recent completion; stopping this tick
[robot_supervisor-10] [INFO] [1776844337.433124753] [robot_1.robot_supervisor]: FULL ROTATE active (accum_rad=1.798, timed_fallback=False, stall_count=0)
[robot_supervisor-19] [INFO] [1776844337.440203512] [robot_4.robot_supervisor]: FULL ROTATE active (accum_rad=1.888, timed_fallback=False, stall_count=0)
[robot_supervisor-7] [INFO] [1776844337.480172598] [robot_0.robot_supervisor]: Selected controllable event: EV_rotate_counterclockwise
[robot_supervisor-10] [INFO] [1776844337.533253453] [robot_1.robot_supervisor]: FULL ROTATE active (accum_rad=1.898, timed_fallback=False, stall_count=0)
[robot_supervisor-19] [INFO] [1776844337.540224279] [robot_4.robot_supervisor]: FULL ROTATE active (accum_rad=1.988, timed_fallback=False, stall_count=0)
[robot_supervisor-10] [INFO] [1776844337.632896433] [robot_1.robot_supervisor]: FULL ROTATE active (accum_rad=1.998, timed_fallback=False, stall_count=0)
[robot_supervisor-19] [INFO] [1776844337.640211241] [robot_4.robot_supervisor]: FULL ROTATE active (accum_rad=2.088, timed_fallback=False, stall_count=0)
[robot_supervisor-10] [INFO] [1776844337.732955858] [robot_1.robot_supervisor]: FULL ROTATE active (accum_rad=2.098, timed_fallback=False, stall_count=0)
[robot_supervisor-19] [INFO] [1776844337.740440963] [robot_4.robot_supervisor]: FULL ROTATE active (accum_rad=2.188, timed_fallback=False, stall_count=0)
[robot_supervisor-13] [INFO] [1776844337.833102544] [robot_2.robot_supervisor]: Selected controllable event: EV_rotate_counterclockwise
[robot_supervisor-10] [INFO] [1776844337.833232464] [robot_1.robot_supervisor]: FULL ROTATE active (accum_rad=2.198, timed_fallback=False, stall_count=0)
[robot_supervisor-13] [INFO] [1776844337.833615132] [robot_2.robot_supervisor]: rotate_90 blocked by recent completion; stopping this tick
[robot_supervisor-19] [INFO] [1776844337.840401919] [robot_4.robot_supervisor]: FULL ROTATE active (accum_rad=2.288, timed_fallback=False, stall_count=0)
[robot_supervisor-16] [INFO] [1776844337.878252154] [robot_3.robot_supervisor]: Selected controllable event: EV_rotate_counterclockwise
[robot_supervisor-16] [INFO] [1776844337.878595543] [robot_3.robot_supervisor]: rotate_90 blocked by recent completion; stopping this tick
[robot_supervisor-13] [INFO] [1776844337.933087030] [robot_2.robot_supervisor]: Selected controllable event: EV_rotate_counterclockwise
[robot_supervisor-10] [INFO] [1776844337.933246875] [robot_1.robot_supervisor]: FULL ROTATE active (accum_rad=2.298, timed_fallback=False, stall_count=0)
[robot_supervisor-13] [INFO] [1776844337.933578930] [robot_2.robot_supervisor]: rotate_90 blocked by recent completion; stopping this tick
[robot_supervisor-19] [INFO] [1776844337.940420364] [robot_4.robot_supervisor]: FULL ROTATE active (accum_rad=2.388, timed_fallback=False, stall_count=0)
[robot_supervisor-16] [INFO] [1776844337.978296475] [robot_3.robot_supervisor]: Selected controllable event: EV_rotate_counterclockwise
[robot_supervisor-16] [INFO] [1776844337.978689648] [robot_3.robot_supervisor]: rotate_90 blocked by recent completion; stopping this tick
[robot_supervisor-10] [INFO] [1776844338.033066060] [robot_1.robot_supervisor]: FULL ROTATE active (accum_rad=2.398, timed_fallback=False, stall_count=0)
[robot_supervisor-13] [INFO] [1776844338.033089358] [robot_2.robot_supervisor]: Selected controllable event: EV_rotate_counterclockwise
[robot_supervisor-13] [INFO] [1776844338.033592319] [robot_2.robot_supervisor]: rotate_90 blocked by recent completion; stopping this tick
[robot_supervisor-19] [INFO] [1776844338.040415090] [robot_4.robot_supervisor]: FULL ROTATE active (accum_rad=2.488, timed_fallback=False, stall_count=0)
[robot_supervisor-16] [INFO] [1776844338.078285772] [robot_3.robot_supervisor]: Selected controllable event: EV_rotate_counterclockwise
[robot_supervisor-16] [INFO] [1776844338.078632760] [robot_3.robot_supervisor]: rotate_90 blocked by recent completion; stopping this tick
[robot_supervisor-10] [INFO] [1776844338.133053570] [robot_1.robot_supervisor]: FULL ROTATE active (accum_rad=2.498, timed_fallback=False, stall_count=0)
[robot_supervisor-13] [INFO] [1776844338.133080385] [robot_2.robot_supervisor]: Selected controllable event: EV_rotate_counterclockwise
[robot_supervisor-19] [INFO] [1776844338.140459207] [robot_4.robot_supervisor]: FULL ROTATE active (accum_rad=2.588, timed_fallback=False, stall_count=0)
[image_processor-24] [INFO] [1776844338.169773463] [robot_3.image_processor]: Zone=CORNER  left[p=0.354 near=7650 v=7650]  front[p=0.628 near=3590 v=13120]  right[p=0.913 near=0 v=7384]
[robot_supervisor-16] [INFO] [1776844338.171147954] [robot_3.robot_supervisor]: Detected zone changed to CORNER
[robot_supervisor-16] [INFO] [1776844338.178374130] [robot_3.robot_supervisor]: Selected controllable event: EV_full_rotate
[robot_supervisor-16] [INFO] [1776844338.178828326] [robot_3.robot_supervisor]: full_rotate blocked by cooldown; stopping this tick
[image_processor-23] [INFO] [1776844338.186603601] [robot_2.image_processor]: Zone=CLEAR  left[p=1.280 near=0 v=7650]  front[p=2.226 near=0 v=13058]  right[p=1.385 near=0 v=7053]
[robot_supervisor-13] [INFO] [1776844338.187577495] [robot_2.robot_supervisor]: Detected zone changed to CLEAR
[image_processor-21] [INFO] [1776844338.203342735] [robot_0.image_processor]: Zone=CORNER  left[p=2.075 near=0 v=7650]  front[p=0.473 near=8989 v=13500]  right[p=0.328 near=7740 v=7740]
[robot_supervisor-7] [INFO] [1776844338.203998965] [robot_0.robot_supervisor]: Detected zone changed to CORNER
[image_processor-25] [INFO] [1776844338.218864826] [robot_4.image_processor]: Zone=CORNER
[robot_supervisor-10] [INFO] [1776844338.233159880] [robot_1.robot_supervisor]: FULL ROTATE active (accum_rad=2.598, timed_fallback=False, stall_count=0)
[robot_supervisor-19] [INFO] [1776844338.240503104] [robot_4.robot_supervisor]: FULL ROTATE active (accum_rad=2.688, timed_fallback=False, stall_count=0)
[image_processor-22] [INFO] [1776844338.248202860] [robot_1.image_processor]: Zone=CORNER
[robot_supervisor-16] [INFO] [1776844338.278659397] [robot_3.robot_supervisor]: Selected controllable event: EV_rotate_clockwise
[robot_supervisor-10] [INFO] [1776844338.333172902] [robot_1.robot_supervisor]: FULL ROTATE active (accum_rad=2.698, timed_fallback=False, stall_count=0)
[robot_supervisor-19] [INFO] [1776844338.340417554] [robot_4.robot_supervisor]: FULL ROTATE active (accum_rad=2.788, timed_fallback=False, stall_count=0)
[robot_supervisor-10] [INFO] [1776844338.433170909] [robot_1.robot_supervisor]: FULL ROTATE active (accum_rad=2.798, timed_fallback=False, stall_count=0)
[robot_supervisor-19] [INFO] [1776844338.440432837] [robot_4.robot_supervisor]: FULL ROTATE active (accum_rad=2.888, timed_fallback=False, stall_count=0)
[robot_supervisor-10] [INFO] [1776844338.533266975] [robot_1.robot_supervisor]: FULL ROTATE active (accum_rad=2.898, timed_fallback=False, stall_count=0)
[robot_supervisor-19] [INFO] [1776844338.540175496] [robot_4.robot_supervisor]: FULL ROTATE active (accum_rad=2.988, timed_fallback=False, stall_count=0)
[robot_supervisor-10] [INFO] [1776844338.633216792] [robot_1.robot_supervisor]: FULL ROTATE active (accum_rad=2.998, timed_fallback=False, stall_count=0)
[robot_supervisor-19] [INFO] [1776844338.640455133] [robot_4.robot_supervisor]: FULL ROTATE active (accum_rad=3.088, timed_fallback=False, stall_count=0)
[robot_supervisor-19] [INFO] [1776844338.641208423] [robot_4.robot_supervisor]: FULL ROTATE completed by odom (accum_rad=3.188)
[robot_supervisor-19] [INFO] [1776844338.641853992] [robot_4.robot_supervisor]: FULL ROTATE stopped; supervisor will select next event next tick
[robot_supervisor-10] [INFO] [1776844338.733220712] [robot_1.robot_supervisor]: FULL ROTATE active (accum_rad=3.098, timed_fallback=False, stall_count=0)
[robot_supervisor-10] [INFO] [1776844338.733959969] [robot_1.robot_supervisor]: FULL ROTATE completed by odom (accum_rad=3.198)
[robot_supervisor-10] [INFO] [1776844338.734586164] [robot_1.robot_supervisor]: FULL ROTATE stopped; supervisor will select next event next tick
[robot_supervisor-19] [INFO] [1776844338.940586684] [robot_4.robot_supervisor]: Selected controllable event: EV_rotate_clockwise
[robot_supervisor-10] [INFO] [1776844339.133326227] [robot_1.robot_supervisor]: Selected controllable event: EV_rotate_clockwise
[robot_supervisor-7] [INFO] [1776844339.580124997] [robot_0.robot_supervisor]: Selected controllable event: EV_full_rotate
[robot_supervisor-7] [INFO] [1776844339.580500015] [robot_0.robot_supervisor]: full_rotate blocked by cooldown; stopping this tick
[robot_supervisor-7] [INFO] [1776844339.680419063] [robot_0.robot_supervisor]: Selected controllable event: EV_rotate_clockwise
[robot_supervisor-7] [INFO] [1776844339.680920122] [robot_0.robot_supervisor]: rotate_90 blocked by recent completion; stopping this tick
[robot_supervisor-7] [INFO] [1776844339.780371966] [robot_0.robot_supervisor]: Selected controllable event: EV_full_rotate
[robot_supervisor-7] [INFO] [1776844339.780907116] [robot_0.robot_supervisor]: full_rotate blocked by cooldown; stopping this tick
[robot_supervisor-7] [INFO] [1776844339.880367850] [robot_0.robot_supervisor]: Selected controllable event: EV_rotate_clockwise
[robot_supervisor-13] [INFO] [1776844340.232925804] [robot_2.robot_supervisor]: Selected controllable event: EV_random_walk
[robot_supervisor-16] [INFO] [1776844340.378336234] [robot_3.robot_supervisor]: Selected controllable event: EV_full_rotate
[robot_supervisor-16] [INFO] [1776844340.378797580] [robot_3.robot_supervisor]: Starting FULL ROTATE (omega=1.000, have_odom=True, target_rad=3.142, timeout_s=3.500)
[robot_supervisor-16] [INFO] [1776844340.478343449] [robot_3.robot_supervisor]: FULL ROTATE active (accum_rad=0.000, timed_fallback=False, stall_count=0)
[robot_supervisor-13] [INFO] [1776844340.533133467] [robot_2.robot_supervisor]: Selected controllable event: EV_move_forward
[robot_supervisor-16] [INFO] [1776844340.578475244] [robot_3.robot_supervisor]: FULL ROTATE active (accum_rad=0.002, timed_fallback=False, stall_count=0)
[image_processor-24] [INFO] [1776844340.677077214] [robot_3.image_processor]: Zone=CLEAR  left[p=2.173 near=0 v=6597]  front[p=2.793 near=0 v=7930]  right[p=0.873 near=0 v=7689]
[robot_supervisor-16] [INFO] [1776844340.678039241] [robot_3.robot_supervisor]: Detected zone changed to CLEAR
[robot_supervisor-16] [INFO] [1776844340.678935442] [robot_3.robot_supervisor]: FULL ROTATE active (accum_rad=0.030, timed_fallback=False, stall_count=0)
[image_processor-23] [INFO] [1776844340.690545791] [robot_2.image_processor]: Zone=CORNER  left[p=0.456 near=7650 v=7650]  front[p=0.486 near=4647 v=13500]  right[p=1.385 near=0 v=7740]
[robot_supervisor-13] [INFO] [1776844340.691284832] [robot_2.robot_supervisor]: Detected zone changed to CORNER
[image_processor-21] [INFO] [1776844340.699334415] [robot_0.image_processor]: Zone=RIGHT  left[p=1.549 near=0 v=7650]  front[p=1.062 near=0 v=13500]  right[p=0.488 near=6740 v=7740]
[robot_supervisor-7] [INFO] [1776844340.700311950] [robot_0.robot_supervisor]: Detected zone changed to RIGHT
[image_processor-25] [INFO] [1776844340.710346488] [robot_4.image_processor]: Zone=CORNER
[image_processor-22] [INFO] [1776844340.730406511] [robot_1.image_processor]: Zone=CORNER
[robot_supervisor-16] [INFO] [1776844340.778484382] [robot_3.robot_supervisor]: FULL ROTATE active (accum_rad=0.087, timed_fallback=False, stall_count=0)
[robot_supervisor-13] [INFO] [1776844340.832844597] [robot_2.robot_supervisor]: Selected controllable event: EV_rotate_clockwise
[robot_supervisor-16] [INFO] [1776844340.878282989] [robot_3.robot_supervisor]: FULL ROTATE active (accum_rad=0.175, timed_fallback=False, stall_count=0)
[robot_supervisor-16] [INFO] [1776844340.978289753] [robot_3.robot_supervisor]: FULL ROTATE active (accum_rad=0.275, timed_fallback=False, stall_count=0)
[robot_supervisor-16] [INFO] [1776844341.078225396] [robot_3.robot_supervisor]: FULL ROTATE active (accum_rad=0.375, timed_fallback=False, stall_count=0)
[robot_supervisor-16] [INFO] [1776844341.178256745] [robot_3.robot_supervisor]: FULL ROTATE active (accum_rad=0.475, timed_fallback=False, stall_count=0)
[robot_supervisor-10] [INFO] [1776844341.233271544] [robot_1.robot_supervisor]: Selected controllable event: EV_full_rotate
[robot_supervisor-10] [INFO] [1776844341.233847589] [robot_1.robot_supervisor]: Starting FULL ROTATE (omega=1.000, have_odom=True, target_rad=3.142, timeout_s=3.500)
[robot_supervisor-19] [INFO] [1776844341.240259213] [robot_4.robot_supervisor]: Selected controllable event: EV_full_rotate
[robot_supervisor-19] [INFO] [1776844341.240664808] [robot_4.robot_supervisor]: Starting FULL ROTATE (omega=1.000, have_odom=True, target_rad=3.142, timeout_s=3.500)
[robot_supervisor-16] [INFO] [1776844341.278479340] [robot_3.robot_supervisor]: FULL ROTATE active (accum_rad=0.575, timed_fallback=False, stall_count=0)
[robot_supervisor-10] [INFO] [1776844341.332949492] [robot_1.robot_supervisor]: FULL ROTATE active (accum_rad=0.000, timed_fallback=False, stall_count=0)
[robot_supervisor-19] [INFO] [1776844341.340215456] [robot_4.robot_supervisor]: FULL ROTATE active (accum_rad=0.000, timed_fallback=False, stall_count=0)
[robot_supervisor-16] [INFO] [1776844341.378568212] [robot_3.robot_supervisor]: FULL ROTATE active (accum_rad=0.675, timed_fallback=False, stall_count=0)
[robot_supervisor-10] [INFO] [1776844341.433309452] [robot_1.robot_supervisor]: FULL ROTATE active (accum_rad=0.005, timed_fallback=False, stall_count=0)
[robot_supervisor-19] [INFO] [1776844341.440296364] [robot_4.robot_supervisor]: FULL ROTATE active (accum_rad=0.006, timed_fallback=False, stall_count=0)
[robot_supervisor-16] [INFO] [1776844341.478617535] [robot_3.robot_supervisor]: FULL ROTATE active (accum_rad=0.775, timed_fallback=False, stall_count=0)
[robot_supervisor-10] [INFO] [1776844341.533173784] [robot_1.robot_supervisor]: FULL ROTATE active (accum_rad=0.030, timed_fallback=False, stall_count=0)
[robot_supervisor-19] [INFO] [1776844341.540421258] [robot_4.robot_supervisor]: FULL ROTATE active (accum_rad=0.041, timed_fallback=False, stall_count=0)
[robot_supervisor-16] [INFO] [1776844341.578261468] [robot_3.robot_supervisor]: FULL ROTATE active (accum_rad=0.875, timed_fallback=False, stall_count=0)
[robot_supervisor-10] [INFO] [1776844341.632906609] [robot_1.robot_supervisor]: FULL ROTATE active (accum_rad=0.084, timed_fallback=False, stall_count=0)
[robot_supervisor-19] [INFO] [1776844341.640168564] [robot_4.robot_supervisor]: FULL ROTATE active (accum_rad=0.105, timed_fallback=False, stall_count=0)
[robot_supervisor-16] [INFO] [1776844341.678262756] [robot_3.robot_supervisor]: FULL ROTATE active (accum_rad=0.975, timed_fallback=False, stall_count=0)
[robot_supervisor-10] [INFO] [1776844341.733295205] [robot_1.robot_supervisor]: FULL ROTATE active (accum_rad=0.169, timed_fallback=False, stall_count=0)
[robot_supervisor-19] [INFO] [1776844341.740246644] [robot_4.robot_supervisor]: FULL ROTATE active (accum_rad=0.198, timed_fallback=False, stall_count=0)
[robot_supervisor-16] [INFO] [1776844341.778387802] [robot_3.robot_supervisor]: FULL ROTATE active (accum_rad=1.075, timed_fallback=False, stall_count=0)
[robot_supervisor-10] [INFO] [1776844341.833083966] [robot_1.robot_supervisor]: FULL ROTATE active (accum_rad=0.269, timed_fallback=False, stall_count=0)
[robot_supervisor-19] [INFO] [1776844341.840290405] [robot_4.robot_supervisor]: FULL ROTATE active (accum_rad=0.298, timed_fallback=False, stall_count=0)
[robot_supervisor-16] [INFO] [1776844341.878195916] [robot_3.robot_supervisor]: FULL ROTATE active (accum_rad=1.175, timed_fallback=False, stall_count=0)
[robot_supervisor-10] [INFO] [1776844341.932893899] [robot_1.robot_supervisor]: FULL ROTATE active (accum_rad=0.369, timed_fallback=False, stall_count=0)
[robot_supervisor-19] [INFO] [1776844341.940163643] [robot_4.robot_supervisor]: FULL ROTATE active (accum_rad=0.398, timed_fallback=False, stall_count=0)
[robot_supervisor-16] [INFO] [1776844341.978268267] [robot_3.robot_supervisor]: FULL ROTATE active (accum_rad=1.275, timed_fallback=False, stall_count=0)
[robot_supervisor-10] [INFO] [1776844342.032959963] [robot_1.robot_supervisor]: FULL ROTATE active (accum_rad=0.469, timed_fallback=False, stall_count=0)
[robot_supervisor-19] [INFO] [1776844342.040223661] [robot_4.robot_supervisor]: FULL ROTATE active (accum_rad=0.498, timed_fallback=False, stall_count=0)
[robot_supervisor-16] [INFO] [1776844342.078239124] [robot_3.robot_supervisor]: FULL ROTATE active (accum_rad=1.375, timed_fallback=False, stall_count=0)
[robot_supervisor-7] [INFO] [1776844342.080091721] [robot_0.robot_supervisor]: Selected controllable event: EV_rotate_clockwise
[robot_supervisor-7] [INFO] [1776844342.080455645] [robot_0.robot_supervisor]: rotate_90 blocked by recent completion; stopping this tick
[robot_supervisor-10] [INFO] [1776844342.133298317] [robot_1.robot_supervisor]: FULL ROTATE active (accum_rad=0.569, timed_fallback=False, stall_count=0)
[robot_supervisor-19] [INFO] [1776844342.140206408] [robot_4.robot_supervisor]: FULL ROTATE active (accum_rad=0.598, timed_fallback=False, stall_count=0)
[robot_supervisor-16] [INFO] [1776844342.178515943] [robot_3.robot_supervisor]: FULL ROTATE active (accum_rad=1.475, timed_fallback=False, stall_count=0)
[robot_supervisor-7] [INFO] [1776844342.180397517] [robot_0.robot_supervisor]: Selected controllable event: EV_rotate_counterclockwise
[robot_supervisor-7] [INFO] [1776844342.180929038] [robot_0.robot_supervisor]: rotate_90 blocked by recent completion; stopping this tick
[robot_supervisor-10] [INFO] [1776844342.232939221] [robot_1.robot_supervisor]: FULL ROTATE active (accum_rad=0.669, timed_fallback=False, stall_count=0)
[robot_supervisor-19] [INFO] [1776844342.240430797] [robot_4.robot_supervisor]: FULL ROTATE active (accum_rad=0.698, timed_fallback=False, stall_count=0)
[robot_supervisor-16] [INFO] [1776844342.278272800] [robot_3.robot_supervisor]: FULL ROTATE active (accum_rad=1.575, timed_fallback=False, stall_count=0)
[robot_supervisor-7] [INFO] [1776844342.280186790] [robot_0.robot_supervisor]: Selected controllable event: EV_rotate_counterclockwise
[robot_supervisor-10] [INFO] [1776844342.333019059] [robot_1.robot_supervisor]: FULL ROTATE active (accum_rad=0.769, timed_fallback=False, stall_count=0)
[robot_supervisor-19] [INFO] [1776844342.340433297] [robot_4.robot_supervisor]: FULL ROTATE active (accum_rad=0.798, timed_fallback=False, stall_count=0)
[robot_supervisor-16] [INFO] [1776844342.378505291] [robot_3.robot_supervisor]: FULL ROTATE active (accum_rad=1.675, timed_fallback=False, stall_count=0)
[robot_supervisor-10] [INFO] [1776844342.433006008] [robot_1.robot_supervisor]: FULL ROTATE active (accum_rad=0.869, timed_fallback=False, stall_count=0)
[robot_supervisor-19] [INFO] [1776844342.440148255] [robot_4.robot_supervisor]: FULL ROTATE active (accum_rad=0.898, timed_fallback=False, stall_count=0)
[robot_supervisor-16] [INFO] [1776844342.478199833] [robot_3.robot_supervisor]: FULL ROTATE active (accum_rad=1.775, timed_fallback=False, stall_count=0)
[robot_supervisor-10] [INFO] [1776844342.532986060] [robot_1.robot_supervisor]: FULL ROTATE active (accum_rad=0.969, timed_fallback=False, stall_count=0)
[robot_supervisor-19] [INFO] [1776844342.540210294] [robot_4.robot_supervisor]: FULL ROTATE active (accum_rad=0.998, timed_fallback=False, stall_count=0)
[robot_supervisor-16] [INFO] [1776844342.578236605] [robot_3.robot_supervisor]: FULL ROTATE active (accum_rad=1.875, timed_fallback=False, stall_count=0)
[robot_supervisor-10] [INFO] [1776844342.632785131] [robot_1.robot_supervisor]: FULL ROTATE active (accum_rad=1.069, timed_fallback=False, stall_count=0)
[robot_supervisor-19] [INFO] [1776844342.640190848] [robot_4.robot_supervisor]: FULL ROTATE active (accum_rad=1.098, timed_fallback=False, stall_count=0)
[robot_supervisor-16] [INFO] [1776844342.678516415] [robot_3.robot_supervisor]: FULL ROTATE active (accum_rad=1.975, timed_fallback=False, stall_count=0)
[robot_supervisor-10] [INFO] [1776844342.733138038] [robot_1.robot_supervisor]: FULL ROTATE active (accum_rad=1.169, timed_fallback=False, stall_count=0)
[robot_supervisor-19] [INFO] [1776844342.740169830] [robot_4.robot_supervisor]: FULL ROTATE active (accum_rad=1.198, timed_fallback=False, stall_count=0)
[robot_supervisor-16] [INFO] [1776844342.778487940] [robot_3.robot_supervisor]: FULL ROTATE active (accum_rad=2.075, timed_fallback=False, stall_count=0)
[robot_supervisor-10] [INFO] [1776844342.833099804] [robot_1.robot_supervisor]: FULL ROTATE active (accum_rad=1.269, timed_fallback=False, stall_count=0)
[robot_supervisor-19] [INFO] [1776844342.840175207] [robot_4.robot_supervisor]: FULL ROTATE active (accum_rad=1.298, timed_fallback=False, stall_count=0)
[robot_supervisor-16] [INFO] [1776844342.878190491] [robot_3.robot_supervisor]: FULL ROTATE active (accum_rad=2.175, timed_fallback=False, stall_count=0)
[robot_supervisor-10] [INFO] [1776844342.933174288] [robot_1.robot_supervisor]: FULL ROTATE active (accum_rad=1.369, timed_fallback=False, stall_count=0)
[robot_supervisor-19] [INFO] [1776844342.940408481] [robot_4.robot_supervisor]: FULL ROTATE active (accum_rad=1.398, timed_fallback=False, stall_count=0)
[robot_supervisor-16] [INFO] [1776844342.978422819] [robot_3.robot_supervisor]: FULL ROTATE active (accum_rad=2.275, timed_fallback=False, stall_count=0)
[robot_supervisor-13] [INFO] [1776844343.032786681] [robot_2.robot_supervisor]: Selected controllable event: EV_full_rotate
[robot_supervisor-10] [INFO] [1776844343.033059176] [robot_1.robot_supervisor]: FULL ROTATE active (accum_rad=1.469, timed_fallback=False, stall_count=0)
[robot_supervisor-13] [INFO] [1776844343.033166664] [robot_2.robot_supervisor]: Starting FULL ROTATE (omega=1.000, have_odom=True, target_rad=3.142, timeout_s=3.500)
[robot_supervisor-19] [INFO] [1776844343.040153186] [robot_4.robot_supervisor]: FULL ROTATE active (accum_rad=1.498, timed_fallback=False, stall_count=0)
[robot_supervisor-16] [INFO] [1776844343.078436680] [robot_3.robot_supervisor]: FULL ROTATE active (accum_rad=2.375, timed_fallback=False, stall_count=0)
[robot_supervisor-13] [INFO] [1776844343.132727714] [robot_2.robot_supervisor]: FULL ROTATE active (accum_rad=0.000, timed_fallback=False, stall_count=0)
[robot_supervisor-10] [INFO] [1776844343.133346636] [robot_1.robot_supervisor]: FULL ROTATE active (accum_rad=1.569, timed_fallback=False, stall_count=0)
[robot_supervisor-19] [INFO] [1776844343.140237611] [robot_4.robot_supervisor]: FULL ROTATE active (accum_rad=1.598, timed_fallback=False, stall_count=0)
[image_processor-24] [INFO] [1776844343.165606910] [robot_3.image_processor]: Zone=CORNER  left[p=0.276 near=7650 v=7650]  front[p=0.352 near=13500 v=13500]  right[p=0.609 near=4860 v=7740]
[robot_supervisor-16] [INFO] [1776844343.166288197] [robot_3.robot_supervisor]: Detected zone changed to CORNER
[image_processor-23] [INFO] [1776844343.177970105] [robot_2.image_processor]: Zone=CLEAR  left[p=1.340 near=0 v=7650]  front[p=1.986 near=0 v=13246]  right[p=3.353 near=0 v=7484]
[robot_supervisor-16] [INFO] [1776844343.178172471] [robot_3.robot_supervisor]: FULL ROTATE active (accum_rad=2.475, timed_fallback=False, stall_count=0)
[robot_supervisor-13] [INFO] [1776844343.178896752] [robot_2.robot_supervisor]: Detected zone changed to CLEAR
[image_processor-21] [INFO] [1776844343.188846827] [robot_0.image_processor]: Zone=CORNER  left[p=1.812 near=0 v=7650]  front[p=0.551 near=5850 v=13500]  right[p=0.351 near=7740 v=7740]
[robot_supervisor-7] [INFO] [1776844343.189924249] [robot_0.robot_supervisor]: Detected zone changed to CORNER
[image_processor-25] [INFO] [1776844343.207604394] [robot_4.image_processor]: Zone=RIGHT  left[p=1.150 near=0 v=7637]  front[p=1.124 near=0 v=13398]  right[p=0.437 near=6899 v=7740]
[robot_supervisor-19] [INFO] [1776844343.208301205] [robot_4.robot_supervisor]: Detected zone changed to RIGHT
[image_processor-22] [INFO] [1776844343.230210837] [robot_1.image_processor]: Zone=RIGHT  left[p=0.859 near=0 v=7650]  front[p=1.330 near=1144 v=12613]  right[p=0.441 near=7740 v=7740]
[robot_supervisor-10] [INFO] [1776844343.230949160] [robot_1.robot_supervisor]: Detected zone changed to RIGHT
[robot_supervisor-10] [INFO] [1776844343.232867107] [robot_1.robot_supervisor]: FULL ROTATE active (accum_rad=1.669, timed_fallback=False, stall_count=0)
[robot_supervisor-13] [INFO] [1776844343.233110505] [robot_2.robot_supervisor]: FULL ROTATE active (accum_rad=0.006, timed_fallback=False, stall_count=0)
[robot_supervisor-19] [INFO] [1776844343.240135904] [robot_4.robot_supervisor]: FULL ROTATE active (accum_rad=1.698, timed_fallback=False, stall_count=0)
[robot_supervisor-16] [INFO] [1776844343.278476527] [robot_3.robot_supervisor]: FULL ROTATE active (accum_rad=2.575, timed_fallback=False, stall_count=0)
[robot_supervisor-10] [INFO] [1776844343.332914233] [robot_1.robot_supervisor]: FULL ROTATE active (accum_rad=1.769, timed_fallback=False, stall_count=0)
[robot_supervisor-13] [INFO] [1776844343.333068406] [robot_2.robot_supervisor]: FULL ROTATE active (accum_rad=0.041, timed_fallback=False, stall_count=0)
[robot_supervisor-19] [INFO] [1776844343.340421780] [robot_4.robot_supervisor]: FULL ROTATE active (accum_rad=1.798, timed_fallback=False, stall_count=0)
[robot_supervisor-16] [INFO] [1776844343.378559050] [robot_3.robot_supervisor]: FULL ROTATE active (accum_rad=2.675, timed_fallback=False, stall_count=0)
[robot_supervisor-10] [INFO] [1776844343.432900338] [robot_1.robot_supervisor]: FULL ROTATE active (accum_rad=1.869, timed_fallback=False, stall_count=0)
[robot_supervisor-13] [INFO] [1776844343.432924020] [robot_2.robot_supervisor]: FULL ROTATE active (accum_rad=0.105, timed_fallback=False, stall_count=0)
[robot_supervisor-19] [INFO] [1776844343.440238759] [robot_4.robot_supervisor]: FULL ROTATE active (accum_rad=1.898, timed_fallback=False, stall_count=0)
[robot_supervisor-16] [INFO] [1776844343.478172758] [robot_3.robot_supervisor]: FULL ROTATE active (accum_rad=2.775, timed_fallback=False, stall_count=0)
[robot_supervisor-10] [INFO] [1776844343.532788840] [robot_1.robot_supervisor]: FULL ROTATE active (accum_rad=1.969, timed_fallback=False, stall_count=0)
[robot_supervisor-13] [INFO] [1776844343.532806326] [robot_2.robot_supervisor]: FULL ROTATE active (accum_rad=0.198, timed_fallback=False, stall_count=0)
[robot_supervisor-19] [INFO] [1776844343.540065331] [robot_4.robot_supervisor]: FULL ROTATE active (accum_rad=1.998, timed_fallback=False, stall_count=0)
[robot_supervisor-16] [INFO] [1776844343.578260142] [robot_3.robot_supervisor]: FULL ROTATE active (accum_rad=2.875, timed_fallback=False, stall_count=0)
[robot_supervisor-10] [INFO] [1776844343.632799212] [robot_1.robot_supervisor]: FULL ROTATE active (accum_rad=2.069, timed_fallback=False, stall_count=0)
[robot_supervisor-13] [INFO] [1776844343.632991080] [robot_2.robot_supervisor]: FULL ROTATE active (accum_rad=0.298, timed_fallback=False, stall_count=0)
[robot_supervisor-19] [INFO] [1776844343.640186542] [robot_4.robot_supervisor]: FULL ROTATE active (accum_rad=2.098, timed_fallback=False, stall_count=0)
[robot_supervisor-16] [INFO] [1776844343.678385726] [robot_3.robot_supervisor]: FULL ROTATE active (accum_rad=2.975, timed_fallback=False, stall_count=0)
[robot_supervisor-10] [INFO] [1776844343.732866534] [robot_1.robot_supervisor]: FULL ROTATE active (accum_rad=2.169, timed_fallback=False, stall_count=0)
[robot_supervisor-13] [INFO] [1776844343.732968812] [robot_2.robot_supervisor]: FULL ROTATE active (accum_rad=0.398, timed_fallback=False, stall_count=0)
[robot_supervisor-19] [INFO] [1776844343.740199056] [robot_4.robot_supervisor]: FULL ROTATE active (accum_rad=2.198, timed_fallback=False, stall_count=0)
[robot_supervisor-16] [INFO] [1776844343.778158830] [robot_3.robot_supervisor]: FULL ROTATE active (accum_rad=3.075, timed_fallback=False, stall_count=0)
[robot_supervisor-16] [INFO] [1776844343.778575002] [robot_3.robot_supervisor]: FULL ROTATE completed by odom (accum_rad=3.175)
[robot_supervisor-16] [INFO] [1776844343.778898272] [robot_3.robot_supervisor]: FULL ROTATE stopped; supervisor will select next event next tick
[robot_supervisor-13] [INFO] [1776844343.832964260] [robot_2.robot_supervisor]: FULL ROTATE active (accum_rad=0.498, timed_fallback=False, stall_count=0)
[robot_supervisor-10] [INFO] [1776844343.833031410] [robot_1.robot_supervisor]: FULL ROTATE active (accum_rad=2.269, timed_fallback=False, stall_count=0)
[robot_supervisor-19] [INFO] [1776844343.840386212] [robot_4.robot_supervisor]: FULL ROTATE active (accum_rad=2.298, timed_fallback=False, stall_count=0)
[robot_supervisor-13] [INFO] [1776844343.932665798] [robot_2.robot_supervisor]: FULL ROTATE active (accum_rad=0.598, timed_fallback=False, stall_count=0)
[robot_supervisor-10] [INFO] [1776844343.932942644] [robot_1.robot_supervisor]: FULL ROTATE active (accum_rad=2.369, timed_fallback=False, stall_count=0)
[robot_supervisor-19] [INFO] [1776844343.940320810] [robot_4.robot_supervisor]: FULL ROTATE active (accum_rad=2.398, timed_fallback=False, stall_count=0)
[robot_supervisor-10] [INFO] [1776844344.032918833] [robot_1.robot_supervisor]: FULL ROTATE active (accum_rad=2.469, timed_fallback=False, stall_count=0)
[robot_supervisor-13] [INFO] [1776844344.032971785] [robot_2.robot_supervisor]: FULL ROTATE active (accum_rad=0.698, timed_fallback=False, stall_count=0)
[robot_supervisor-19] [INFO] [1776844344.040385611] [robot_4.robot_supervisor]: FULL ROTATE active (accum_rad=2.498, timed_fallback=False, stall_count=0)
[robot_supervisor-16] [INFO] [1776844344.078305385] [robot_3.robot_supervisor]: Selected controllable event: EV_rotate_clockwise
[robot_supervisor-13] [INFO] [1776844344.132879757] [robot_2.robot_supervisor]: FULL ROTATE active (accum_rad=0.798, timed_fallback=False, stall_count=0)
[robot_supervisor-10] [INFO] [1776844344.132887204] [robot_1.robot_supervisor]: FULL ROTATE active (accum_rad=2.569, timed_fallback=False, stall_count=0)
[robot_supervisor-19] [INFO] [1776844344.140494855] [robot_4.robot_supervisor]: FULL ROTATE active (accum_rad=2.598, timed_fallback=False, stall_count=0)
[robot_supervisor-13] [INFO] [1776844344.232813632] [robot_2.robot_supervisor]: FULL ROTATE active (accum_rad=0.898, timed_fallback=False, stall_count=0)
[robot_supervisor-10] [INFO] [1776844344.232945459] [robot_1.robot_supervisor]: FULL ROTATE active (accum_rad=2.669, timed_fallback=False, stall_count=0)
[robot_supervisor-19] [INFO] [1776844344.240359810] [robot_4.robot_supervisor]: FULL ROTATE active (accum_rad=2.698, timed_fallback=False, stall_count=0)
[robot_supervisor-13] [INFO] [1776844344.332871378] [robot_2.robot_supervisor]: FULL ROTATE active (accum_rad=0.998, timed_fallback=False, stall_count=0)
[robot_supervisor-10] [INFO] [1776844344.333038504] [robot_1.robot_supervisor]: FULL ROTATE active (accum_rad=2.769, timed_fallback=False, stall_count=0)
[robot_supervisor-19] [INFO] [1776844344.340393341] [robot_4.robot_supervisor]: FULL ROTATE active (accum_rad=2.798, timed_fallback=False, stall_count=0)
[robot_supervisor-10] [INFO] [1776844344.432950776] [robot_1.robot_supervisor]: FULL ROTATE active (accum_rad=2.869, timed_fallback=False, stall_count=0)
[robot_supervisor-13] [INFO] [1776844344.433266394] [robot_2.robot_supervisor]: FULL ROTATE active (accum_rad=1.098, timed_fallback=False, stall_count=0)
[robot_supervisor-19] [INFO] [1776844344.440590864] [robot_4.robot_supervisor]: FULL ROTATE active (accum_rad=2.898, timed_fallback=False, stall_count=0)
[robot_supervisor-7] [INFO] [1776844344.480198321] [robot_0.robot_supervisor]: Selected controllable event: EV_rotate_clockwise
[robot_supervisor-7] [INFO] [1776844344.480593602] [robot_0.robot_supervisor]: rotate_90 blocked by recent completion; stopping this tick
[robot_supervisor-13] [INFO] [1776844344.532801614] [robot_2.robot_supervisor]: FULL ROTATE active (accum_rad=1.198, timed_fallback=False, stall_count=0)
[robot_supervisor-10] [INFO] [1776844344.533054532] [robot_1.robot_supervisor]: FULL ROTATE active (accum_rad=2.969, timed_fallback=False, stall_count=0)
[robot_supervisor-19] [INFO] [1776844344.540654219] [robot_4.robot_supervisor]: FULL ROTATE active (accum_rad=2.998, timed_fallback=False, stall_count=0)
[robot_supervisor-7] [INFO] [1776844344.580447462] [robot_0.robot_supervisor]: Selected controllable event: EV_full_rotate
[robot_supervisor-7] [INFO] [1776844344.580988782] [robot_0.robot_supervisor]: full_rotate blocked by cooldown; stopping this tick
[robot_supervisor-13] [INFO] [1776844344.632816310] [robot_2.robot_supervisor]: FULL ROTATE active (accum_rad=1.298, timed_fallback=False, stall_count=0)
[robot_supervisor-10] [INFO] [1776844344.632916925] [robot_1.robot_supervisor]: FULL ROTATE active (accum_rad=3.069, timed_fallback=False, stall_count=0)
[robot_supervisor-10] [INFO] [1776844344.633395224] [robot_1.robot_supervisor]: FULL ROTATE completed by odom (accum_rad=3.169)
[robot_supervisor-10] [INFO] [1776844344.633793685] [robot_1.robot_supervisor]: FULL ROTATE stopped; supervisor will select next event next tick
[robot_supervisor-19] [INFO] [1776844344.640190333] [robot_4.robot_supervisor]: FULL ROTATE active (accum_rad=3.098, timed_fallback=False, stall_count=0)
[robot_supervisor-19] [INFO] [1776844344.640701462] [robot_4.robot_supervisor]: FULL ROTATE completed by odom (accum_rad=3.198)
[robot_supervisor-19] [INFO] [1776844344.641191151] [robot_4.robot_supervisor]: FULL ROTATE stopped; supervisor will select next event next tick
[robot_supervisor-7] [INFO] [1776844344.680284564] [robot_0.robot_supervisor]: Selected controllable event: EV_rotate_clockwise
[robot_supervisor-13] [INFO] [1776844344.732758991] [robot_2.robot_supervisor]: FULL ROTATE active (accum_rad=1.398, timed_fallback=False, stall_count=0)
[robot_supervisor-13] [INFO] [1776844344.832818049] [robot_2.robot_supervisor]: FULL ROTATE active (accum_rad=1.498, timed_fallback=False, stall_count=0)
[robot_supervisor-13] [INFO] [1776844344.932926897] [robot_2.robot_supervisor]: FULL ROTATE active (accum_rad=1.598, timed_fallback=False, stall_count=0)
[robot_supervisor-10] [INFO] [1776844344.933044829] [robot_1.robot_supervisor]: Selected controllable event: EV_rotate_counterclockwise
[robot_supervisor-19] [INFO] [1776844344.940247128] [robot_4.robot_supervisor]: Selected controllable event: EV_rotate_counterclockwise
[robot_supervisor-13] [INFO] [1776844345.032885036] [robot_2.robot_supervisor]: FULL ROTATE active (accum_rad=1.698, timed_fallback=False, stall_count=0)
[robot_supervisor-13] [INFO] [1776844345.132927608] [robot_2.robot_supervisor]: FULL ROTATE active (accum_rad=1.798, timed_fallback=False, stall_count=0)
[robot_supervisor-13] [INFO] [1776844345.232849101] [robot_2.robot_supervisor]: FULL ROTATE active (accum_rad=1.898, timed_fallback=False, stall_count=0)
[robot_supervisor-13] [INFO] [1776844345.332724667] [robot_2.robot_supervisor]: FULL ROTATE active (accum_rad=1.998, timed_fallback=False, stall_count=0)
[robot_supervisor-13] [INFO] [1776844345.432738921] [robot_2.robot_supervisor]: FULL ROTATE active (accum_rad=2.098, timed_fallback=False, stall_count=0)
[robot_supervisor-13] [INFO] [1776844345.533022381] [robot_2.robot_supervisor]: FULL ROTATE active (accum_rad=2.198, timed_fallback=False, stall_count=0)
[robot_supervisor-13] [INFO] [1776844345.632998516] [robot_2.robot_supervisor]: FULL ROTATE active (accum_rad=2.298, timed_fallback=False, stall_count=0)
[image_processor-24] [INFO] [1776844345.670470167] [robot_3.image_processor]: Zone=CORNER
[image_processor-23] [INFO] [1776844345.684573179] [robot_2.image_processor]: Zone=CORNER  left[p=1.696 near=12 v=7650]  front[p=0.449 near=13271 v=13500]  right[p=0.415 near=2049 v=7740]
[robot_supervisor-13] [INFO] [1776844345.685491360] [robot_2.robot_supervisor]: Detected zone changed to CORNER
[image_processor-21] [INFO] [1776844345.696599339] [robot_0.image_processor]: Zone=CORNER
[image_processor-25] [INFO] [1776844345.710005428] [robot_4.image_processor]: Zone=RIGHT
[image_processor-22] [INFO] [1776844345.720732295] [robot_1.image_processor]: Zone=RIGHT
[robot_supervisor-13] [INFO] [1776844345.733096537] [robot_2.robot_supervisor]: FULL ROTATE active (accum_rad=2.398, timed_fallback=False, stall_count=0)
[robot_supervisor-13] [INFO] [1776844345.832995586] [robot_2.robot_supervisor]: FULL ROTATE active (accum_rad=2.498, timed_fallback=False, stall_count=0)
[robot_supervisor-13] [INFO] [1776844345.932974875] [robot_2.robot_supervisor]: FULL ROTATE active (accum_rad=2.598, timed_fallback=False, stall_count=0)
[robot_supervisor-13] [INFO] [1776844346.032785021] [robot_2.robot_supervisor]: FULL ROTATE active (accum_rad=2.698, timed_fallback=False, stall_count=0)
[robot_supervisor-13] [INFO] [1776844346.132654505] [robot_2.robot_supervisor]: FULL ROTATE active (accum_rad=2.798, timed_fallback=False, stall_count=0)
[robot_supervisor-13] [INFO] [1776844346.233088116] [robot_2.robot_supervisor]: FULL ROTATE active (accum_rad=2.898, timed_fallback=False, stall_count=0)
[robot_supervisor-16] [INFO] [1776844346.278649167] [robot_3.robot_supervisor]: Selected controllable event: EV_full_rotate
[robot_supervisor-16] [INFO] [1776844346.279221930] [robot_3.robot_supervisor]: Starting FULL ROTATE (omega=1.000, have_odom=True, target_rad=3.142, timeout_s=3.500)
[robot_supervisor-13] [INFO] [1776844346.332730535] [robot_2.robot_supervisor]: FULL ROTATE active (accum_rad=2.998, timed_fallback=False, stall_count=0)
[robot_supervisor-16] [INFO] [1776844346.378428466] [robot_3.robot_supervisor]: FULL ROTATE active (accum_rad=0.000, timed_fallback=False, stall_count=0)
[robot_supervisor-13] [INFO] [1776844346.432782017] [robot_2.robot_supervisor]: FULL ROTATE active (accum_rad=3.098, timed_fallback=False, stall_count=0)
[robot_supervisor-13] [INFO] [1776844346.433293942] [robot_2.robot_supervisor]: FULL ROTATE completed by odom (accum_rad=3.198)
[robot_supervisor-13] [INFO] [1776844346.433682739] [robot_2.robot_supervisor]: FULL ROTATE stopped; supervisor will select next event next tick
[robot_supervisor-16] [INFO] [1776844346.478508900] [robot_3.robot_supervisor]: FULL ROTATE active (accum_rad=0.008, timed_fallback=False, stall_count=0)
[robot_supervisor-16] [INFO] [1776844346.578625563] [robot_3.robot_supervisor]: FULL ROTATE active (accum_rad=0.046, timed_fallback=False, stall_count=0)
[robot_supervisor-16] [INFO] [1776844346.678493426] [robot_3.robot_supervisor]: FULL ROTATE active (accum_rad=0.113, timed_fallback=False, stall_count=0)
[robot_supervisor-13] [INFO] [1776844346.733051338] [robot_2.robot_supervisor]: Selected controllable event: EV_rotate_clockwise
[robot_supervisor-16] [INFO] [1776844346.778449705] [robot_3.robot_supervisor]: FULL ROTATE active (accum_rad=0.208, timed_fallback=False, stall_count=0)
[robot_supervisor-16] [INFO] [1776844346.878348211] [robot_3.robot_supervisor]: FULL ROTATE active (accum_rad=0.308, timed_fallback=False, stall_count=0)
[robot_supervisor-7] [INFO] [1776844346.880087012] [robot_0.robot_supervisor]: Selected controllable event: EV_full_rotate
[robot_supervisor-7] [INFO] [1776844346.880518930] [robot_0.robot_supervisor]: Starting FULL ROTATE (omega=1.000, have_odom=True, target_rad=3.142, timeout_s=3.500)
[robot_supervisor-16] [INFO] [1776844346.978395857] [robot_3.robot_supervisor]: FULL ROTATE active (accum_rad=0.408, timed_fallback=False, stall_count=0)
[robot_supervisor-7] [INFO] [1776844346.980264203] [robot_0.robot_supervisor]: FULL ROTATE active (accum_rad=0.000, timed_fallback=False, stall_count=0)
[robot_supervisor-10] [INFO] [1776844347.033221943] [robot_1.robot_supervisor]: Selected controllable event: EV_rotate_counterclockwise
[robot_supervisor-10] [INFO] [1776844347.033668831] [robot_1.robot_supervisor]: rotate_90 blocked by recent completion; stopping this tick
[robot_supervisor-19] [INFO] [1776844347.040381765] [robot_4.robot_supervisor]: Selected controllable event: EV_rotate_counterclockwise
[robot_supervisor-19] [INFO] [1776844347.040962546] [robot_4.robot_supervisor]: rotate_90 blocked by recent completion; stopping this tick
[robot_supervisor-16] [INFO] [1776844347.078471808] [robot_3.robot_supervisor]: FULL ROTATE active (accum_rad=0.508, timed_fallback=False, stall_count=0)
[robot_supervisor-7] [INFO] [1776844347.080227444] [robot_0.robot_supervisor]: FULL ROTATE active (accum_rad=0.008, timed_fallback=False, stall_count=0)
[robot_supervisor-10] [INFO] [1776844347.132995579] [robot_1.robot_supervisor]: Selected controllable event: EV_rotate_counterclockwise
[robot_supervisor-10] [INFO] [1776844347.133376324] [robot_1.robot_supervisor]: rotate_90 blocked by recent completion; stopping this tick
[robot_supervisor-19] [INFO] [1776844347.140366810] [robot_4.robot_supervisor]: Selected controllable event: EV_rotate_counterclockwise
[robot_supervisor-19] [INFO] [1776844347.140715087] [robot_4.robot_supervisor]: rotate_90 blocked by recent completion; stopping this tick
[robot_supervisor-16] [INFO] [1776844347.178393133] [robot_3.robot_supervisor]: FULL ROTATE active (accum_rad=0.608, timed_fallback=False, stall_count=0)
[robot_supervisor-7] [INFO] [1776844347.180512564] [robot_0.robot_supervisor]: FULL ROTATE active (accum_rad=0.046, timed_fallback=False, stall_count=0)
[robot_supervisor-10] [INFO] [1776844347.232915345] [robot_1.robot_supervisor]: Selected controllable event: EV_rotate_counterclockwise
[robot_supervisor-10] [INFO] [1776844347.233234420] [robot_1.robot_supervisor]: rotate_90 blocked by recent completion; stopping this tick
[robot_supervisor-19] [INFO] [1776844347.240165151] [robot_4.robot_supervisor]: Selected controllable event: EV_rotate_counterclockwise
[robot_supervisor-19] [INFO] [1776844347.240463190] [robot_4.robot_supervisor]: rotate_90 blocked by recent completion; stopping this tick
[robot_supervisor-16] [INFO] [1776844347.278633689] [robot_3.robot_supervisor]: FULL ROTATE active (accum_rad=0.708, timed_fallback=False, stall_count=0)
[robot_supervisor-7] [INFO] [1776844347.280285701] [robot_0.robot_supervisor]: FULL ROTATE active (accum_rad=0.113, timed_fallback=False, stall_count=0)
[robot_supervisor-10] [INFO] [1776844347.333020749] [robot_1.robot_supervisor]: Selected controllable event: EV_rotate_counterclockwise
[robot_supervisor-19] [INFO] [1776844347.340180566] [robot_4.robot_supervisor]: Selected controllable event: EV_rotate_counterclockwise
[robot_supervisor-16] [INFO] [1776844347.378547334] [robot_3.robot_supervisor]: FULL ROTATE active (accum_rad=0.808, timed_fallback=False, stall_count=0)
[robot_supervisor-7] [INFO] [1776844347.380322529] [robot_0.robot_supervisor]: FULL ROTATE active (accum_rad=0.208, timed_fallback=False, stall_count=0)
[robot_supervisor-16] [INFO] [1776844347.478406616] [robot_3.robot_supervisor]: FULL ROTATE active (accum_rad=0.908, timed_fallback=False, stall_count=0)
[robot_supervisor-7] [INFO] [1776844347.480236873] [robot_0.robot_supervisor]: FULL ROTATE active (accum_rad=0.308, timed_fallback=False, stall_count=0)
[robot_supervisor-16] [INFO] [1776844347.578526489] [robot_3.robot_supervisor]: FULL ROTATE active (accum_rad=1.008, timed_fallback=False, stall_count=0)
[robot_supervisor-7] [INFO] [1776844347.580206034] [robot_0.robot_supervisor]: FULL ROTATE active (accum_rad=0.408, timed_fallback=False, stall_count=0)
[robot_supervisor-16] [INFO] [1776844347.678428950] [robot_3.robot_supervisor]: FULL ROTATE active (accum_rad=1.108, timed_fallback=False, stall_count=0)
[robot_supervisor-7] [INFO] [1776844347.680286262] [robot_0.robot_supervisor]: FULL ROTATE active (accum_rad=0.508, timed_fallback=False, stall_count=0)
[robot_supervisor-16] [INFO] [1776844347.778185595] [robot_3.robot_supervisor]: FULL ROTATE active (accum_rad=1.208, timed_fallback=False, stall_count=0)
[robot_supervisor-7] [INFO] [1776844347.780322153] [robot_0.robot_supervisor]: FULL ROTATE active (accum_rad=0.608, timed_fallback=False, stall_count=0)
[robot_supervisor-16] [INFO] [1776844347.878458772] [robot_3.robot_supervisor]: FULL ROTATE active (accum_rad=1.308, timed_fallback=False, stall_count=0)
[robot_supervisor-7] [INFO] [1776844347.880253157] [robot_0.robot_supervisor]: FULL ROTATE active (accum_rad=0.708, timed_fallback=False, stall_count=0)
[robot_supervisor-16] [INFO] [1776844347.978274506] [robot_3.robot_supervisor]: FULL ROTATE active (accum_rad=1.408, timed_fallback=False, stall_count=0)
[robot_supervisor-7] [INFO] [1776844347.980230446] [robot_0.robot_supervisor]: FULL ROTATE active (accum_rad=0.808, timed_fallback=False, stall_count=0)
[robot_supervisor-16] [INFO] [1776844348.078408418] [robot_3.robot_supervisor]: FULL ROTATE active (accum_rad=1.508, timed_fallback=False, stall_count=0)
[robot_supervisor-7] [INFO] [1776844348.080228785] [robot_0.robot_supervisor]: FULL ROTATE active (accum_rad=0.908, timed_fallback=False, stall_count=0)
[image_processor-24] [INFO] [1776844348.170237790] [robot_3.image_processor]: Zone=CORNER
[robot_supervisor-16] [INFO] [1776844348.178420365] [robot_3.robot_supervisor]: FULL ROTATE active (accum_rad=1.608, timed_fallback=False, stall_count=0)
[robot_supervisor-7] [INFO] [1776844348.180232337] [robot_0.robot_supervisor]: FULL ROTATE active (accum_rad=1.008, timed_fallback=False, stall_count=0)
[image_processor-23] [INFO] [1776844348.188229676] [robot_2.image_processor]: Zone=CORNER
[image_processor-21] [INFO] [1776844348.202374888] [robot_0.image_processor]: Zone=RIGHT  left[p=1.567 near=0 v=7650]  front[p=0.910 near=222 v=13500]  right[p=0.453 near=7740 v=7740]
[robot_supervisor-7] [INFO] [1776844348.203143064] [robot_0.robot_supervisor]: Detected zone changed to RIGHT
[image_processor-25] [INFO] [1776844348.217341243] [robot_4.image_processor]: Zone=CORNER  left[p=0.256 near=7650 v=7650]  front[p=0.393 near=9186 v=13500]  right[p=2.267 near=0 v=7740]
[robot_supervisor-19] [INFO] [1776844348.217950525] [robot_4.robot_supervisor]: Detected zone changed to CORNER
[image_processor-22] [INFO] [1776844348.227396520] [robot_1.image_processor]: Zone=CORNER  left[p=3.224 near=0 v=5164]  front[p=0.666 near=4257 v=11585]  right[p=0.589 near=7475 v=7740]
[robot_supervisor-10] [INFO] [1776844348.228096709] [robot_1.robot_supervisor]: Detected zone changed to CORNER
[robot_supervisor-16] [INFO] [1776844348.278415644] [robot_3.robot_supervisor]: FULL ROTATE active (accum_rad=1.708, timed_fallback=False, stall_count=0)
[robot_supervisor-7] [INFO] [1776844348.280190046] [robot_0.robot_supervisor]: FULL ROTATE active (accum_rad=1.108, timed_fallback=False, stall_count=0)
[robot_supervisor-16] [INFO] [1776844348.378234898] [robot_3.robot_supervisor]: FULL ROTATE active (accum_rad=1.808, timed_fallback=False, stall_count=0)
[robot_supervisor-7] [INFO] [1776844348.380258075] [robot_0.robot_supervisor]: FULL ROTATE active (accum_rad=1.208, timed_fallback=False, stall_count=0)
[robot_supervisor-16] [INFO] [1776844348.478473428] [robot_3.robot_supervisor]: FULL ROTATE active (accum_rad=1.908, timed_fallback=False, stall_count=0)
[robot_supervisor-7] [INFO] [1776844348.480123118] [robot_0.robot_supervisor]: FULL ROTATE active (accum_rad=1.308, timed_fallback=False, stall_count=0)
[robot_supervisor-16] [INFO] [1776844348.578392021] [robot_3.robot_supervisor]: FULL ROTATE active (accum_rad=2.008, timed_fallback=False, stall_count=0)
[robot_supervisor-7] [INFO] [1776844348.580424530] [robot_0.robot_supervisor]: FULL ROTATE active (accum_rad=1.408, timed_fallback=False, stall_count=0)
[robot_supervisor-16] [INFO] [1776844348.678495269] [robot_3.robot_supervisor]: FULL ROTATE active (accum_rad=2.108, timed_fallback=False, stall_count=0)
[robot_supervisor-7] [INFO] [1776844348.680398950] [robot_0.robot_supervisor]: FULL ROTATE active (accum_rad=1.508, timed_fallback=False, stall_count=0)
[robot_supervisor-16] [INFO] [1776844348.778412924] [robot_3.robot_supervisor]: FULL ROTATE active (accum_rad=2.208, timed_fallback=False, stall_count=0)
[robot_supervisor-7] [INFO] [1776844348.780257203] [robot_0.robot_supervisor]: FULL ROTATE active (accum_rad=1.608, timed_fallback=False, stall_count=0)
[robot_supervisor-16] [INFO] [1776844348.878403819] [robot_3.robot_supervisor]: FULL ROTATE active (accum_rad=2.308, timed_fallback=False, stall_count=0)
[robot_supervisor-7] [INFO] [1776844348.880189915] [robot_0.robot_supervisor]: FULL ROTATE active (accum_rad=1.708, timed_fallback=False, stall_count=0)
[robot_supervisor-16] [INFO] [1776844348.978517675] [robot_3.robot_supervisor]: FULL ROTATE active (accum_rad=2.408, timed_fallback=False, stall_count=0)
[robot_supervisor-7] [INFO] [1776844348.980030326] [robot_0.robot_supervisor]: FULL ROTATE active (accum_rad=1.808, timed_fallback=False, stall_count=0)
[robot_supervisor-13] [INFO] [1776844349.033059744] [robot_2.robot_supervisor]: Selected controllable event: EV_full_rotate
[robot_supervisor-13] [INFO] [1776844349.033623135] [robot_2.robot_supervisor]: Starting FULL ROTATE (omega=1.000, have_odom=True, target_rad=3.142, timeout_s=3.500)
[robot_supervisor-16] [INFO] [1776844349.078383175] [robot_3.robot_supervisor]: FULL ROTATE active (accum_rad=2.508, timed_fallback=False, stall_count=0)
[robot_supervisor-7] [INFO] [1776844349.080515009] [robot_0.robot_supervisor]: FULL ROTATE active (accum_rad=1.908, timed_fallback=False, stall_count=0)
[robot_supervisor-13] [INFO] [1776844349.133109635] [robot_2.robot_supervisor]: FULL ROTATE active (accum_rad=0.000, timed_fallback=False, stall_count=0)
[robot_supervisor-16] [INFO] [1776844349.178392885] [robot_3.robot_supervisor]: FULL ROTATE active (accum_rad=2.608, timed_fallback=False, stall_count=0)
[robot_supervisor-7] [INFO] [1776844349.180016716] [robot_0.robot_supervisor]: FULL ROTATE active (accum_rad=2.008, timed_fallback=False, stall_count=0)
[robot_supervisor-13] [INFO] [1776844349.233085970] [robot_2.robot_supervisor]: FULL ROTATE active (accum_rad=0.006, timed_fallback=False, stall_count=0)
[robot_supervisor-16] [INFO] [1776844349.278249530] [robot_3.robot_supervisor]: FULL ROTATE active (accum_rad=2.708, timed_fallback=False, stall_count=0)
[robot_supervisor-7] [INFO] [1776844349.280091305] [robot_0.robot_supervisor]: FULL ROTATE active (accum_rad=2.108, timed_fallback=False, stall_count=0)
[robot_supervisor-13] [INFO] [1776844349.332769795] [robot_2.robot_supervisor]: FULL ROTATE active (accum_rad=0.041, timed_fallback=False, stall_count=0)
[robot_supervisor-16] [INFO] [1776844349.378891912] [robot_3.robot_supervisor]: FULL ROTATE active (accum_rad=2.808, timed_fallback=False, stall_count=0)
[robot_supervisor-7] [INFO] [1776844349.380059530] [robot_0.robot_supervisor]: FULL ROTATE active (accum_rad=2.208, timed_fallback=False, stall_count=0)
[robot_supervisor-13] [INFO] [1776844349.432696347] [robot_2.robot_supervisor]: FULL ROTATE active (accum_rad=0.105, timed_fallback=False, stall_count=0)
[robot_supervisor-19] [INFO] [1776844349.440671940] [robot_4.robot_supervisor]: Selected controllable event: EV_full_rotate
[robot_supervisor-19] [INFO] [1776844349.441063483] [robot_4.robot_supervisor]: full_rotate blocked by cooldown; stopping this tick
[robot_supervisor-16] [INFO] [1776844349.478609994] [robot_3.robot_supervisor]: FULL ROTATE active (accum_rad=2.908, timed_fallback=False, stall_count=0)
[robot_supervisor-7] [INFO] [1776844349.480448569] [robot_0.robot_supervisor]: FULL ROTATE active (accum_rad=2.308, timed_fallback=False, stall_count=0)
[robot_supervisor-13] [INFO] [1776844349.532773542] [robot_2.robot_supervisor]: FULL ROTATE active (accum_rad=0.198, timed_fallback=False, stall_count=0)
[robot_supervisor-10] [INFO] [1776844349.532854574] [robot_1.robot_supervisor]: Selected controllable event: EV_full_rotate
[robot_supervisor-10] [INFO] [1776844349.533168431] [robot_1.robot_supervisor]: full_rotate blocked by cooldown; stopping this tick
[robot_supervisor-19] [INFO] [1776844349.540641612] [robot_4.robot_supervisor]: Selected controllable event: EV_rotate_clockwise
[robot_supervisor-19] [INFO] [1776844349.541228270] [robot_4.robot_supervisor]: rotate_90 blocked by recent completion; stopping this tick
[robot_supervisor-16] [INFO] [1776844349.578105591] [robot_3.robot_supervisor]: FULL ROTATE active (accum_rad=3.008, timed_fallback=False, stall_count=0)
[robot_supervisor-7] [INFO] [1776844349.580376833] [robot_0.robot_supervisor]: FULL ROTATE active (accum_rad=2.408, timed_fallback=False, stall_count=0)
[robot_supervisor-13] [INFO] [1776844349.632833515] [robot_2.robot_supervisor]: FULL ROTATE active (accum_rad=0.298, timed_fallback=False, stall_count=0)
[robot_supervisor-10] [INFO] [1776844349.633015405] [robot_1.robot_supervisor]: Selected controllable event: EV_rotate_clockwise
[robot_supervisor-10] [INFO] [1776844349.633421387] [robot_1.robot_supervisor]: rotate_90 blocked by recent completion; stopping this tick
[robot_supervisor-19] [INFO] [1776844349.640450750] [robot_4.robot_supervisor]: Selected controllable event: EV_full_rotate
[robot_supervisor-19] [INFO] [1776844349.640865169] [robot_4.robot_supervisor]: full_rotate blocked by cooldown; stopping this tick
[robot_supervisor-16] [INFO] [1776844349.678240283] [robot_3.robot_supervisor]: FULL ROTATE active (accum_rad=3.108, timed_fallback=False, stall_count=0)
[robot_supervisor-16] [INFO] [1776844349.678652770] [robot_3.robot_supervisor]: FULL ROTATE completed by odom (accum_rad=3.208)
[robot_supervisor-16] [INFO] [1776844349.678982628] [robot_3.robot_supervisor]: FULL ROTATE stopped; supervisor will select next event next tick
[robot_supervisor-7] [INFO] [1776844349.679973750] [robot_0.robot_supervisor]: FULL ROTATE active (accum_rad=2.508, timed_fallback=False, stall_count=0)
[robot_supervisor-10] [INFO] [1776844349.732990406] [robot_1.robot_supervisor]: Selected controllable event: EV_full_rotate
[robot_supervisor-13] [INFO] [1776844349.733056383] [robot_2.robot_supervisor]: FULL ROTATE active (accum_rad=0.398, timed_fallback=False, stall_count=0)
[robot_supervisor-10] [INFO] [1776844349.733451771] [robot_1.robot_supervisor]: full_rotate blocked by cooldown; stopping this tick
[robot_supervisor-19] [INFO] [1776844349.740141649] [robot_4.robot_supervisor]: Selected controllable event: EV_rotate_clockwise
[robot_supervisor-7] [INFO] [1776844349.780126688] [robot_0.robot_supervisor]: FULL ROTATE active (accum_rad=2.608, timed_fallback=False, stall_count=0)
[robot_supervisor-13] [INFO] [1776844349.832690033] [robot_2.robot_supervisor]: FULL ROTATE active (accum_rad=0.498, timed_fallback=False, stall_count=0)
[robot_supervisor-10] [INFO] [1776844349.833053211] [robot_1.robot_supervisor]: Selected controllable event: EV_rotate_clockwise
[robot_supervisor-7] [INFO] [1776844349.880060411] [robot_0.robot_supervisor]: FULL ROTATE active (accum_rad=2.708, timed_fallback=False, stall_count=0)
[robot_supervisor-13] [INFO] [1776844349.932726147] [robot_2.robot_supervisor]: FULL ROTATE active (accum_rad=0.598, timed_fallback=False, stall_count=0)
[robot_supervisor-7] [INFO] [1776844349.979981195] [robot_0.robot_supervisor]: FULL ROTATE active (accum_rad=2.808, timed_fallback=False, stall_count=0)
[robot_supervisor-13] [INFO] [1776844350.032716093] [robot_2.robot_supervisor]: FULL ROTATE active (accum_rad=0.698, timed_fallback=False, stall_count=0)
[robot_supervisor-16] [INFO] [1776844350.078552567] [robot_3.robot_supervisor]: Selected controllable event: EV_rotate_clockwise
[robot_supervisor-7] [INFO] [1776844350.080069421] [robot_0.robot_supervisor]: FULL ROTATE active (accum_rad=2.908, timed_fallback=False, stall_count=0)
[robot_supervisor-13] [INFO] [1776844350.132995604] [robot_2.robot_supervisor]: FULL ROTATE active (accum_rad=0.798, timed_fallback=False, stall_count=0)
[robot_supervisor-7] [INFO] [1776844350.180302919] [robot_0.robot_supervisor]: FULL ROTATE active (accum_rad=3.008, timed_fallback=False, stall_count=0)
[robot_supervisor-13] [INFO] [1776844350.232980958] [robot_2.robot_supervisor]: FULL ROTATE active (accum_rad=0.898, timed_fallback=False, stall_count=0)
[robot_supervisor-7] [INFO] [1776844350.280280866] [robot_0.robot_supervisor]: FULL ROTATE active (accum_rad=3.108, timed_fallback=False, stall_count=0)
[robot_supervisor-7] [INFO] [1776844350.280953466] [robot_0.robot_supervisor]: FULL ROTATE completed by odom (accum_rad=3.208)
[robot_supervisor-7] [INFO] [1776844350.281589049] [robot_0.robot_supervisor]: FULL ROTATE stopped; supervisor will select next event next tick
[robot_supervisor-13] [INFO] [1776844350.333017727] [robot_2.robot_supervisor]: FULL ROTATE active (accum_rad=0.998, timed_fallback=False, stall_count=0)
[robot_supervisor-13] [INFO] [1776844350.432814819] [robot_2.robot_supervisor]: FULL ROTATE active (accum_rad=1.098, timed_fallback=False, stall_count=0)
[robot_supervisor-13] [INFO] [1776844350.532691812] [robot_2.robot_supervisor]: FULL ROTATE active (accum_rad=1.198, timed_fallback=False, stall_count=0)
[robot_supervisor-13] [INFO] [1776844350.632811774] [robot_2.robot_supervisor]: FULL ROTATE active (accum_rad=1.298, timed_fallback=False, stall_count=0)
[image_processor-24] [INFO] [1776844350.669202317] [robot_3.image_processor]: Zone=CORNER
[robot_supervisor-7] [INFO] [1776844350.681074122] [robot_0.robot_supervisor]: Selected controllable event: EV_rotate_counterclockwise
[image_processor-23] [INFO] [1776844350.685631546] [robot_2.image_processor]: Zone=CORNER
[image_processor-21] [INFO] [1776844350.703167156] [robot_0.image_processor]: Zone=RIGHT
[image_processor-25] [INFO] [1776844350.721322987] [robot_4.image_processor]: Zone=CORNER
[robot_supervisor-13] [INFO] [1776844350.732770204] [robot_2.robot_supervisor]: FULL ROTATE active (accum_rad=1.398, timed_fallback=False, stall_count=0)
[image_processor-22] [INFO] [1776844350.739785120] [robot_1.image_processor]: Zone=LEFT  left[p=0.495 near=6120 v=7164]  front[p=2.980 near=0 v=8910]  right[p=0.571 near=4112 v=7736]
[robot_supervisor-10] [INFO] [1776844350.740812019] [robot_1.robot_supervisor]: Detected zone changed to LEFT
[robot_supervisor-13] [INFO] [1776844350.832765025] [robot_2.robot_supervisor]: FULL ROTATE active (accum_rad=1.498, timed_fallback=False, stall_count=0)
[robot_supervisor-13] [INFO] [1776844350.932725794] [robot_2.robot_supervisor]: FULL ROTATE active (accum_rad=1.598, timed_fallback=False, stall_count=0)
[robot_supervisor-13] [INFO] [1776844351.032814075] [robot_2.robot_supervisor]: FULL ROTATE active (accum_rad=1.698, timed_fallback=False, stall_count=0)
[robot_supervisor-13] [INFO] [1776844351.132677318] [robot_2.robot_supervisor]: FULL ROTATE active (accum_rad=1.798, timed_fallback=False, stall_count=0)
[robot_supervisor-13] [INFO] [1776844351.232724015] [robot_2.robot_supervisor]: FULL ROTATE active (accum_rad=1.898, timed_fallback=False, stall_count=0)
[robot_supervisor-13] [INFO] [1776844351.332866917] [robot_2.robot_supervisor]: FULL ROTATE active (accum_rad=1.998, timed_fallback=False, stall_count=0)
[robot_supervisor-13] [INFO] [1776844351.432769803] [robot_2.robot_supervisor]: FULL ROTATE active (accum_rad=2.098, timed_fallback=False, stall_count=0)
[robot_supervisor-13] [INFO] [1776844351.532828802] [robot_2.robot_supervisor]: FULL ROTATE active (accum_rad=2.198, timed_fallback=False, stall_count=0)
[robot_supervisor-13] [INFO] [1776844351.632782081] [robot_2.robot_supervisor]: FULL ROTATE active (accum_rad=2.298, timed_fallback=False, stall_count=0)
[robot_supervisor-13] [INFO] [1776844351.732899459] [robot_2.robot_supervisor]: FULL ROTATE active (accum_rad=2.398, timed_fallback=False, stall_count=0)
[robot_supervisor-13] [INFO] [1776844351.832816680] [robot_2.robot_supervisor]: FULL ROTATE active (accum_rad=2.498, timed_fallback=False, stall_count=0)
[robot_supervisor-19] [INFO] [1776844351.840531596] [robot_4.robot_supervisor]: Selected controllable event: EV_full_rotate
[robot_supervisor-19] [INFO] [1776844351.841095765] [robot_4.robot_supervisor]: Starting FULL ROTATE (omega=1.000, have_odom=True, target_rad=3.142, timeout_s=3.500)
[robot_supervisor-13] [INFO] [1776844351.932767619] [robot_2.robot_supervisor]: FULL ROTATE active (accum_rad=2.598, timed_fallback=False, stall_count=0)
[robot_supervisor-19] [INFO] [1776844351.940441894] [robot_4.robot_supervisor]: FULL ROTATE active (accum_rad=0.000, timed_fallback=False, stall_count=0)
[robot_supervisor-13] [INFO] [1776844352.032898368] [robot_2.robot_supervisor]: FULL ROTATE active (accum_rad=2.698, timed_fallback=False, stall_count=0)
[robot_supervisor-10] [INFO] [1776844352.033222830] [robot_1.robot_supervisor]: Selected controllable event: EV_rotate_clockwise
[robot_supervisor-10] [INFO] [1776844352.033701641] [robot_1.robot_supervisor]: rotate_90 blocked by recent completion; stopping this tick
[robot_supervisor-19] [INFO] [1776844352.040491952] [robot_4.robot_supervisor]: FULL ROTATE active (accum_rad=0.005, timed_fallback=False, stall_count=0)
[robot_supervisor-13] [INFO] [1776844352.132691552] [robot_2.robot_supervisor]: FULL ROTATE active (accum_rad=2.798, timed_fallback=False, stall_count=0)
[robot_supervisor-10] [INFO] [1776844352.133224321] [robot_1.robot_supervisor]: Selected controllable event: EV_rotate_clockwise
[robot_supervisor-10] [INFO] [1776844352.133693230] [robot_1.robot_supervisor]: rotate_90 blocked by recent completion; stopping this tick
[robot_supervisor-19] [INFO] [1776844352.140438694] [robot_4.robot_supervisor]: FULL ROTATE active (accum_rad=0.030, timed_fallback=False, stall_count=0)
[robot_supervisor-16] [INFO] [1776844352.178556513] [robot_3.robot_supervisor]: Selected controllable event: EV_full_rotate
[robot_supervisor-16] [INFO] [1776844352.179062621] [robot_3.robot_supervisor]: Starting FULL ROTATE (omega=1.000, have_odom=True, target_rad=3.142, timeout_s=3.500)
[robot_supervisor-13] [INFO] [1776844352.232730123] [robot_2.robot_supervisor]: FULL ROTATE active (accum_rad=2.898, timed_fallback=False, stall_count=0)
[robot_supervisor-10] [INFO] [1776844352.232975865] [robot_1.robot_supervisor]: Selected controllable event: EV_rotate_clockwise
[robot_supervisor-19] [INFO] [1776844352.240450397] [robot_4.robot_supervisor]: FULL ROTATE active (accum_rad=0.084, timed_fallback=False, stall_count=0)
[robot_supervisor-16] [INFO] [1776844352.278247635] [robot_3.robot_supervisor]: FULL ROTATE active (accum_rad=0.000, timed_fallback=False, stall_count=0)
[robot_supervisor-13] [INFO] [1776844352.332704527] [robot_2.robot_supervisor]: FULL ROTATE active (accum_rad=2.998, timed_fallback=False, stall_count=0)
[robot_supervisor-19] [INFO] [1776844352.340188531] [robot_4.robot_supervisor]: FULL ROTATE active (accum_rad=0.169, timed_fallback=False, stall_count=0)
[robot_supervisor-16] [INFO] [1776844352.378472166] [robot_3.robot_supervisor]: FULL ROTATE active (accum_rad=0.002, timed_fallback=False, stall_count=0)
[robot_supervisor-13] [INFO] [1776844352.432913689] [robot_2.robot_supervisor]: FULL ROTATE active (accum_rad=3.098, timed_fallback=False, stall_count=0)
[robot_supervisor-13] [INFO] [1776844352.433336067] [robot_2.robot_supervisor]: FULL ROTATE completed by odom (accum_rad=3.198)
[robot_supervisor-13] [INFO] [1776844352.433647458] [robot_2.robot_supervisor]: FULL ROTATE stopped; supervisor will select next event next tick
[robot_supervisor-19] [INFO] [1776844352.440319964] [robot_4.robot_supervisor]: FULL ROTATE active (accum_rad=0.269, timed_fallback=False, stall_count=0)
[robot_supervisor-16] [INFO] [1776844352.478524573] [robot_3.robot_supervisor]: FULL ROTATE active (accum_rad=0.030, timed_fallback=False, stall_count=0)
[robot_supervisor-19] [INFO] [1776844352.540518580] [robot_4.robot_supervisor]: FULL ROTATE active (accum_rad=0.369, timed_fallback=False, stall_count=0)
[robot_supervisor-16] [INFO] [1776844352.578497224] [robot_3.robot_supervisor]: FULL ROTATE active (accum_rad=0.087, timed_fallback=False, stall_count=0)
[robot_supervisor-19] [INFO] [1776844352.640486553] [robot_4.robot_supervisor]: FULL ROTATE active (accum_rad=0.469, timed_fallback=False, stall_count=0)
[robot_supervisor-16] [INFO] [1776844352.678535461] [robot_3.robot_supervisor]: FULL ROTATE active (accum_rad=0.175, timed_fallback=False, stall_count=0)
[robot_supervisor-19] [INFO] [1776844352.740170566] [robot_4.robot_supervisor]: FULL ROTATE active (accum_rad=0.569, timed_fallback=False, stall_count=0)
[robot_supervisor-16] [INFO] [1776844352.778503587] [robot_3.robot_supervisor]: FULL ROTATE active (accum_rad=0.275, timed_fallback=False, stall_count=0)
[robot_supervisor-7] [INFO] [1776844352.780510421] [robot_0.robot_supervisor]: Selected controllable event: EV_rotate_counterclockwise
[robot_supervisor-7] [INFO] [1776844352.781009843] [robot_0.robot_supervisor]: rotate_90 blocked by recent completion; stopping this tick
[robot_supervisor-13] [INFO] [1776844352.832907404] [robot_2.robot_supervisor]: Selected controllable event: EV_rotate_clockwise
[robot_supervisor-19] [INFO] [1776844352.840510362] [robot_4.robot_supervisor]: FULL ROTATE active (accum_rad=0.669, timed_fallback=False, stall_count=0)
[robot_supervisor-16] [INFO] [1776844352.878240334] [robot_3.robot_supervisor]: FULL ROTATE active (accum_rad=0.375, timed_fallback=False, stall_count=0)
[robot_supervisor-7] [INFO] [1776844352.880075260] [robot_0.robot_supervisor]: Selected controllable event: EV_rotate_counterclockwise
[robot_supervisor-7] [INFO] [1776844352.880599209] [robot_0.robot_supervisor]: rotate_90 blocked by recent completion; stopping this tick
[robot_supervisor-19] [INFO] [1776844352.940544455] [robot_4.robot_supervisor]: FULL ROTATE active (accum_rad=0.769, timed_fallback=False, stall_count=0)
[robot_supervisor-16] [INFO] [1776844352.978102935] [robot_3.robot_supervisor]: FULL ROTATE active (accum_rad=0.475, timed_fallback=False, stall_count=0)
[robot_supervisor-7] [INFO] [1776844352.980362074] [robot_0.robot_supervisor]: Selected controllable event: EV_rotate_counterclockwise
[robot_supervisor-7] [INFO] [1776844352.980700483] [robot_0.robot_supervisor]: rotate_90 blocked by recent completion; stopping this tick
[robot_supervisor-19] [INFO] [1776844353.040440650] [robot_4.robot_supervisor]: FULL ROTATE active (accum_rad=0.869, timed_fallback=False, stall_count=0)
[robot_supervisor-16] [INFO] [1776844353.078507666] [robot_3.robot_supervisor]: FULL ROTATE active (accum_rad=0.575, timed_fallback=False, stall_count=0)
[robot_supervisor-7] [INFO] [1776844353.080334469] [robot_0.robot_supervisor]: Selected controllable event: EV_rotate_counterclockwise
[robot_supervisor-19] [INFO] [1776844353.140487667] [robot_4.robot_supervisor]: FULL ROTATE active (accum_rad=0.969, timed_fallback=False, stall_count=0)
[image_processor-24] [INFO] [1776844353.167592978] [robot_3.image_processor]: Zone=CORNER
[robot_supervisor-16] [INFO] [1776844353.178419194] [robot_3.robot_supervisor]: FULL ROTATE active (accum_rad=0.675, timed_fallback=False, stall_count=0)
[image_processor-23] [INFO] [1776844353.183944356] [robot_2.image_processor]: Zone=CLEAR  left[p=3.043 near=0 v=5452]  front[p=2.824 near=0 v=8268]  right[p=2.744 near=0 v=6768]
[robot_supervisor-13] [INFO] [1776844353.184570935] [robot_2.robot_supervisor]: Detected zone changed to CLEAR
[image_processor-21] [INFO] [1776844353.202300051] [robot_0.image_processor]: Zone=LEFT  left[p=0.392 near=1420 v=6630]  front[p=2.824 near=0 v=8262]  right[p=2.824 near=0 v=4954]
[robot_supervisor-7] [INFO] [1776844353.202723537] [robot_0.robot_supervisor]: Detected zone changed to LEFT
[image_processor-25] [INFO] [1776844353.216783373] [robot_4.image_processor]: Zone=CORNER
[image_processor-22] [INFO] [1776844353.230568984] [robot_1.image_processor]: Zone=LEFT
[robot_supervisor-19] [INFO] [1776844353.240441991] [robot_4.robot_supervisor]: FULL ROTATE active (accum_rad=1.069, timed_fallback=False, stall_count=0)
[robot_supervisor-16] [INFO] [1776844353.278435632] [robot_3.robot_supervisor]: FULL ROTATE active (accum_rad=0.775, timed_fallback=False, stall_count=0)
[robot_supervisor-19] [INFO] [1776844353.340254546] [robot_4.robot_supervisor]: FULL ROTATE active (accum_rad=1.169, timed_fallback=False, stall_count=0)
[robot_supervisor-16] [INFO] [1776844353.378392866] [robot_3.robot_supervisor]: FULL ROTATE active (accum_rad=0.875, timed_fallback=False, stall_count=0)
[robot_supervisor-19] [INFO] [1776844353.440290555] [robot_4.robot_supervisor]: FULL ROTATE active (accum_rad=1.269, timed_fallback=False, stall_count=0)
[robot_supervisor-16] [INFO] [1776844353.478343722] [robot_3.robot_supervisor]: FULL ROTATE active (accum_rad=0.975, timed_fallback=False, stall_count=0)
[robot_supervisor-19] [INFO] [1776844353.540461500] [robot_4.robot_supervisor]: FULL ROTATE active (accum_rad=1.369, timed_fallback=False, stall_count=0)
[robot_supervisor-16] [INFO] [1776844353.578144868] [robot_3.robot_supervisor]: FULL ROTATE active (accum_rad=1.075, timed_fallback=False, stall_count=0)
[robot_supervisor-19] [INFO] [1776844353.640748347] [robot_4.robot_supervisor]: FULL ROTATE active (accum_rad=1.469, timed_fallback=False, stall_count=0)
[robot_supervisor-16] [INFO] [1776844353.678296346] [robot_3.robot_supervisor]: FULL ROTATE active (accum_rad=1.175, timed_fallback=False, stall_count=0)
[robot_supervisor-19] [INFO] [1776844353.740420420] [robot_4.robot_supervisor]: FULL ROTATE active (accum_rad=1.569, timed_fallback=False, stall_count=0)
[robot_supervisor-16] [INFO] [1776844353.778221936] [robot_3.robot_supervisor]: FULL ROTATE active (accum_rad=1.275, timed_fallback=False, stall_count=0)
[robot_supervisor-19] [INFO] [1776844353.840343394] [robot_4.robot_supervisor]: FULL ROTATE active (accum_rad=1.669, timed_fallback=False, stall_count=0)
[robot_supervisor-16] [INFO] [1776844353.878310839] [robot_3.robot_supervisor]: FULL ROTATE active (accum_rad=1.375, timed_fallback=False, stall_count=0)
[robot_supervisor-19] [INFO] [1776844353.940425824] [robot_4.robot_supervisor]: FULL ROTATE active (accum_rad=1.769, timed_fallback=False, stall_count=0)
[robot_supervisor-16] [INFO] [1776844353.978519599] [robot_3.robot_supervisor]: FULL ROTATE active (accum_rad=1.475, timed_fallback=False, stall_count=0)
[robot_supervisor-19] [INFO] [1776844354.040152602] [robot_4.robot_supervisor]: FULL ROTATE active (accum_rad=1.869, timed_fallback=False, stall_count=0)
[robot_supervisor-16] [INFO] [1776844354.078125064] [robot_3.robot_supervisor]: FULL ROTATE active (accum_rad=1.575, timed_fallback=False, stall_count=0)
[robot_supervisor-19] [INFO] [1776844354.140055935] [robot_4.robot_supervisor]: FULL ROTATE active (accum_rad=1.969, timed_fallback=False, stall_count=0)
[robot_supervisor-16] [INFO] [1776844354.178466245] [robot_3.robot_supervisor]: FULL ROTATE active (accum_rad=1.675, timed_fallback=False, stall_count=0)
[robot_supervisor-19] [INFO] [1776844354.240230702] [robot_4.robot_supervisor]: FULL ROTATE active (accum_rad=2.069, timed_fallback=False, stall_count=0)
[robot_supervisor-16] [INFO] [1776844354.278219667] [robot_3.robot_supervisor]: FULL ROTATE active (accum_rad=1.775, timed_fallback=False, stall_count=0)
[robot_supervisor-19] [INFO] [1776844354.340457017] [robot_4.robot_supervisor]: FULL ROTATE active (accum_rad=2.169, timed_fallback=False, stall_count=0)
[robot_supervisor-16] [INFO] [1776844354.378364637] [robot_3.robot_supervisor]: FULL ROTATE active (accum_rad=1.875, timed_fallback=False, stall_count=0)
[robot_supervisor-10] [INFO] [1776844354.432963542] [robot_1.robot_supervisor]: Selected controllable event: EV_rotate_clockwise
[robot_supervisor-10] [INFO] [1776844354.433344420] [robot_1.robot_supervisor]: rotate_90 blocked by recent completion; stopping this tick
[robot_supervisor-19] [INFO] [1776844354.440474423] [robot_4.robot_supervisor]: FULL ROTATE active (accum_rad=2.269, timed_fallback=False, stall_count=0)
[robot_supervisor-16] [INFO] [1776844354.478366271] [robot_3.robot_supervisor]: FULL ROTATE active (accum_rad=1.975, timed_fallback=False, stall_count=0)
[robot_supervisor-10] [INFO] [1776844354.533108100] [robot_1.robot_supervisor]: Selected controllable event: EV_rotate_clockwise
[robot_supervisor-10] [INFO] [1776844354.533550176] [robot_1.robot_supervisor]: rotate_90 blocked by recent completion; stopping this tick
[robot_supervisor-19] [INFO] [1776844354.540290678] [robot_4.robot_supervisor]: FULL ROTATE active (accum_rad=2.369, timed_fallback=False, stall_count=0)
[robot_supervisor-16] [INFO] [1776844354.578172032] [robot_3.robot_supervisor]: FULL ROTATE active (accum_rad=2.075, timed_fallback=False, stall_count=0)
[robot_supervisor-10] [INFO] [1776844354.633122138] [robot_1.robot_supervisor]: Selected controllable event: EV_rotate_clockwise
[robot_supervisor-19] [INFO] [1776844354.640013256] [robot_4.robot_supervisor]: FULL ROTATE active (accum_rad=2.469, timed_fallback=False, stall_count=0)
[robot_supervisor-16] [INFO] [1776844354.678248618] [robot_3.robot_supervisor]: FULL ROTATE active (accum_rad=2.175, timed_fallback=False, stall_count=0)
[robot_supervisor-19] [INFO] [1776844354.740241347] [robot_4.robot_supervisor]: FULL ROTATE active (accum_rad=2.569, timed_fallback=False, stall_count=0)
[robot_supervisor-16] [INFO] [1776844354.778124775] [robot_3.robot_supervisor]: FULL ROTATE active (accum_rad=2.275, timed_fallback=False, stall_count=0)
[robot_supervisor-19] [INFO] [1776844354.840565088] [robot_4.robot_supervisor]: FULL ROTATE active (accum_rad=2.669, timed_fallback=False, stall_count=0)
[robot_supervisor-16] [INFO] [1776844354.878572310] [robot_3.robot_supervisor]: FULL ROTATE active (accum_rad=2.375, timed_fallback=False, stall_count=0)
[robot_supervisor-13] [INFO] [1776844354.933001471] [robot_2.robot_supervisor]: Selected controllable event: EV_random_walk
[robot_supervisor-19] [INFO] [1776844354.940358813] [robot_4.robot_supervisor]: FULL ROTATE active (accum_rad=2.769, timed_fallback=False, stall_count=0)
[robot_supervisor-16] [INFO] [1776844354.978384960] [robot_3.robot_supervisor]: FULL ROTATE active (accum_rad=2.475, timed_fallback=False, stall_count=0)
[robot_supervisor-19] [INFO] [1776844355.040449603] [robot_4.robot_supervisor]: FULL ROTATE active (accum_rad=2.869, timed_fallback=False, stall_count=0)
[robot_supervisor-16] [INFO] [1776844355.078385085] [robot_3.robot_supervisor]: FULL ROTATE active (accum_rad=2.575, timed_fallback=False, stall_count=0)
[robot_supervisor-19] [INFO] [1776844355.140398477] [robot_4.robot_supervisor]: FULL ROTATE active (accum_rad=2.969, timed_fallback=False, stall_count=0)
[robot_supervisor-16] [INFO] [1776844355.178108599] [robot_3.robot_supervisor]: FULL ROTATE active (accum_rad=2.675, timed_fallback=False, stall_count=0)
[robot_supervisor-13] [INFO] [1776844355.233050979] [robot_2.robot_supervisor]: Selected controllable event: EV_move_forward
[robot_supervisor-19] [INFO] [1776844355.240138734] [robot_4.robot_supervisor]: FULL ROTATE active (accum_rad=3.069, timed_fallback=False, stall_count=0)
[robot_supervisor-19] [INFO] [1776844355.240563170] [robot_4.robot_supervisor]: FULL ROTATE completed by odom (accum_rad=3.169)
[robot_supervisor-19] [INFO] [1776844355.240891661] [robot_4.robot_supervisor]: FULL ROTATE stopped; supervisor will select next event next tick
[robot_supervisor-16] [INFO] [1776844355.278293814] [robot_3.robot_supervisor]: FULL ROTATE active (accum_rad=2.775, timed_fallback=False, stall_count=0)
[robot_supervisor-7] [INFO] [1776844355.280073554] [robot_0.robot_supervisor]: Selected controllable event: EV_rotate_counterclockwise
[robot_supervisor-7] [INFO] [1776844355.280373091] [robot_0.robot_supervisor]: rotate_90 blocked by recent completion; stopping this tick
[robot_supervisor-16] [INFO] [1776844355.378241283] [robot_3.robot_supervisor]: FULL ROTATE active (accum_rad=2.875, timed_fallback=False, stall_count=0)
[robot_supervisor-7] [INFO] [1776844355.379998107] [robot_0.robot_supervisor]: Selected controllable event: EV_rotate_clockwise
[robot_supervisor-7] [INFO] [1776844355.380255237] [robot_0.robot_supervisor]: rotate_90 blocked by recent completion; stopping this tick
[robot_supervisor-16] [INFO] [1776844355.478239608] [robot_3.robot_supervisor]: FULL ROTATE active (accum_rad=2.975, timed_fallback=False, stall_count=0)
[robot_supervisor-7] [INFO] [1776844355.480103329] [robot_0.robot_supervisor]: Selected controllable event: EV_rotate_clockwise
[robot_supervisor-13] [INFO] [1776844355.533024988] [robot_2.robot_supervisor]: Selected controllable event: EV_random_walk
[robot_supervisor-19] [INFO] [1776844355.540316563] [robot_4.robot_supervisor]: Selected controllable event: EV_rotate_clockwise
[robot_supervisor-16] [INFO] [1776844355.578069707] [robot_3.robot_supervisor]: FULL ROTATE active (accum_rad=3.075, timed_fallback=False, stall_count=0)
[robot_supervisor-16] [INFO] [1776844355.578463478] [robot_3.robot_supervisor]: FULL ROTATE completed by odom (accum_rad=3.175)
[robot_supervisor-16] [INFO] [1776844355.578762323] [robot_3.robot_supervisor]: FULL ROTATE stopped; supervisor will select next event next tick
[image_processor-24] [INFO] [1776844355.673892120] [robot_3.image_processor]: Zone=CLEAR  left[p=2.793 near=0 v=4949]  front[p=1.056 near=0 v=11572]  right[p=0.891 near=0 v=7740]
[robot_supervisor-16] [INFO] [1776844355.674617850] [robot_3.robot_supervisor]: Detected zone changed to CLEAR
[image_processor-23] [INFO] [1776844355.695264568] [robot_2.image_processor]: Zone=RIGHT  left[p=2.940 near=0 v=6779]  front[p=1.003 near=1107 v=13439]  right[p=0.351 near=7740 v=7740]
[robot_supervisor-13] [INFO] [1776844355.696222115] [robot_2.robot_supervisor]: Detected zone changed to RIGHT
[image_processor-21] [INFO] [1776844355.709339068] [robot_0.image_processor]: Zone=CORNER  left[p=0.534 near=7650 v=7650]  front[p=0.388 near=13500 v=13500]  right[p=0.328 near=7740 v=7740]
[robot_supervisor-7] [INFO] [1776844355.710094616] [robot_0.robot_supervisor]: Detected zone changed to CORNER
[image_processor-25] [INFO] [1776844355.722244607] [robot_4.image_processor]: Zone=CORNER
[image_processor-22] [INFO] [1776844355.734303045] [robot_1.image_processor]: Zone=LEFT
[robot_supervisor-13] [INFO] [1776844355.832849159] [robot_2.robot_supervisor]: Selected controllable event: EV_rotate_counterclockwise
[robot_supervisor-16] [INFO] [1776844355.878445021] [robot_3.robot_supervisor]: Selected controllable event: EV_random_walk
[robot_supervisor-16] [INFO] [1776844356.178302367] [robot_3.robot_supervisor]: Selected controllable event: EV_move_forward
[robot_supervisor-16] [INFO] [1776844356.478443311] [robot_3.robot_supervisor]: Selected controllable event: EV_random_walk
[robot_supervisor-16] [INFO] [1776844356.778573567] [robot_3.robot_supervisor]: Selected controllable event: EV_move_forward
[robot_supervisor-10] [INFO] [1776844356.833200129] [robot_1.robot_supervisor]: Selected controllable event: EV_rotate_clockwise
[robot_supervisor-10] [INFO] [1776844356.833616582] [robot_1.robot_supervisor]: rotate_90 blocked by recent completion; stopping this tick
[robot_supervisor-10] [INFO] [1776844356.933253806] [robot_1.robot_supervisor]: Selected controllable event: EV_rotate_clockwise
[robot_supervisor-10] [INFO] [1776844356.933694591] [robot_1.robot_supervisor]: rotate_90 blocked by recent completion; stopping this tick
[robot_supervisor-10] [INFO] [1776844357.033151323] [robot_1.robot_supervisor]: Selected controllable event: EV_rotate_clockwise
[robot_supervisor-16] [INFO] [1776844357.078229905] [robot_3.robot_supervisor]: Selected controllable event: EV_random_walk
[robot_supervisor-16] [INFO] [1776844357.378532111] [robot_3.robot_supervisor]: Selected controllable event: EV_move_forward
[robot_supervisor-7] [INFO] [1776844357.580251755] [robot_0.robot_supervisor]: Selected controllable event: EV_rotate_clockwise
[robot_supervisor-7] [INFO] [1776844357.580563999] [robot_0.robot_supervisor]: rotate_90 blocked by recent completion; stopping this tick
[robot_supervisor-16] [INFO] [1776844357.678499822] [robot_3.robot_supervisor]: Selected controllable event: EV_random_walk
[robot_supervisor-7] [INFO] [1776844357.680128952] [robot_0.robot_supervisor]: Selected controllable event: EV_full_rotate
[robot_supervisor-7] [INFO] [1776844357.680502362] [robot_0.robot_supervisor]: full_rotate blocked by cooldown; stopping this tick
[robot_supervisor-19] [INFO] [1776844357.740139692] [robot_4.robot_supervisor]: Selected controllable event: EV_full_rotate
[robot_supervisor-19] [INFO] [1776844357.740441330] [robot_4.robot_supervisor]: Starting FULL ROTATE (omega=1.000, have_odom=True, target_rad=3.142, timeout_s=3.500)
[robot_supervisor-7] [INFO] [1776844357.780124537] [robot_0.robot_supervisor]: Selected controllable event: EV_rotate_clockwise
[robot_supervisor-7] [INFO] [1776844357.780492789] [robot_0.robot_supervisor]: rotate_90 blocked by recent completion; stopping this tick
[robot_supervisor-19] [INFO] [1776844357.840290753] [robot_4.robot_supervisor]: FULL ROTATE active (accum_rad=0.000, timed_fallback=False, stall_count=0)
[robot_supervisor-7] [INFO] [1776844357.880106117] [robot_0.robot_supervisor]: Selected controllable event: EV_full_rotate
[robot_supervisor-7] [INFO] [1776844357.880517917] [robot_0.robot_supervisor]: full_rotate blocked by cooldown; stopping this tick
[robot_supervisor-13] [INFO] [1776844357.932859852] [robot_2.robot_supervisor]: Selected controllable event: EV_rotate_counterclockwise
[robot_supervisor-13] [INFO] [1776844357.933247468] [robot_2.robot_supervisor]: rotate_90 blocked by recent completion; stopping this tick
[robot_supervisor-19] [INFO] [1776844357.940008910] [robot_4.robot_supervisor]: FULL ROTATE active (accum_rad=0.005, timed_fallback=False, stall_count=0)
[robot_supervisor-16] [INFO] [1776844357.978554947] [robot_3.robot_supervisor]: Selected controllable event: EV_move_forward
[robot_supervisor-7] [INFO] [1776844357.980402856] [robot_0.robot_supervisor]: Selected controllable event: EV_rotate_clockwise
[robot_supervisor-13] [INFO] [1776844358.032820716] [robot_2.robot_supervisor]: Selected controllable event: EV_rotate_counterclockwise
[robot_supervisor-13] [INFO] [1776844358.033189439] [robot_2.robot_supervisor]: rotate_90 blocked by recent completion; stopping this tick
[robot_supervisor-19] [INFO] [1776844358.040179374] [robot_4.robot_supervisor]: FULL ROTATE active (accum_rad=0.030, timed_fallback=False, stall_count=0)
[robot_supervisor-13] [INFO] [1776844358.133654117] [robot_2.robot_supervisor]: Selected controllable event: EV_rotate_counterclockwise
[robot_supervisor-13] [INFO] [1776844358.134144290] [robot_2.robot_supervisor]: rotate_90 blocked by recent completion; stopping this tick
[robot_supervisor-19] [INFO] [1776844358.140222462] [robot_4.robot_supervisor]: FULL ROTATE active (accum_rad=0.084, timed_fallback=False, stall_count=0)
[image_processor-24] [INFO] [1776844358.163953370] [robot_3.image_processor]: Zone=CORNER  left[p=3.007 near=0 v=5141]  front[p=0.571 near=8961 v=11665]  right[p=0.470 near=7740 v=7740]
[robot_supervisor-16] [INFO] [1776844358.164621371] [robot_3.robot_supervisor]: Detected zone changed to CORNER
[image_processor-23] [INFO] [1776844358.174931282] [robot_2.image_processor]: Zone=RIGHT
[image_processor-21] [INFO] [1776844358.190749656] [robot_0.image_processor]: Zone=LEFT  left[p=0.800 near=644 v=6410]  front[p=2.824 near=0 v=7864]  right[p=2.824 near=0 v=5110]
[robot_supervisor-7] [INFO] [1776844358.191447316] [robot_0.robot_supervisor]: Detected zone changed to LEFT
[image_processor-25] [INFO] [1776844358.200567897] [robot_4.image_processor]: Zone=CORNER
[image_processor-22] [INFO] [1776844358.223406703] [robot_1.image_processor]: Zone=CORNER  left[p=0.514 near=6668 v=7506]  front[p=0.523 near=13500 v=13500]  right[p=0.532 near=7722 v=7722]
[robot_supervisor-10] [INFO] [1776844358.224448398] [robot_1.robot_supervisor]: Detected zone changed to CORNER
[robot_supervisor-13] [INFO] [1776844358.232992966] [robot_2.robot_supervisor]: Selected controllable event: EV_rotate_counterclockwise
[robot_supervisor-19] [INFO] [1776844358.240022545] [robot_4.robot_supervisor]: FULL ROTATE active (accum_rad=0.169, timed_fallback=False, stall_count=0)
[robot_supervisor-16] [INFO] [1776844358.278250676] [robot_3.robot_supervisor]: Selected controllable event: EV_rotate_clockwise
[robot_supervisor-19] [INFO] [1776844358.340174298] [robot_4.robot_supervisor]: FULL ROTATE active (accum_rad=0.269, timed_fallback=False, stall_count=0)
[robot_supervisor-19] [INFO] [1776844358.440166428] [robot_4.robot_supervisor]: FULL ROTATE active (accum_rad=0.369, timed_fallback=False, stall_count=0)
[robot_supervisor-19] [INFO] [1776844358.540317701] [robot_4.robot_supervisor]: FULL ROTATE active (accum_rad=0.469, timed_fallback=False, stall_count=0)
[robot_supervisor-19] [INFO] [1776844358.640268387] [robot_4.robot_supervisor]: FULL ROTATE active (accum_rad=0.569, timed_fallback=False, stall_count=0)
[robot_supervisor-19] [INFO] [1776844358.740166825] [robot_4.robot_supervisor]: FULL ROTATE active (accum_rad=0.669, timed_fallback=False, stall_count=0)
[robot_supervisor-19] [INFO] [1776844358.840070216] [robot_4.robot_supervisor]: FULL ROTATE active (accum_rad=0.769, timed_fallback=False, stall_count=0)
[robot_supervisor-19] [INFO] [1776844358.940557432] [robot_4.robot_supervisor]: FULL ROTATE active (accum_rad=0.869, timed_fallback=False, stall_count=0)
[robot_supervisor-19] [INFO] [1776844359.040568778] [robot_4.robot_supervisor]: FULL ROTATE active (accum_rad=0.969, timed_fallback=False, stall_count=0)
[robot_supervisor-19] [INFO] [1776844359.140231921] [robot_4.robot_supervisor]: FULL ROTATE active (accum_rad=1.069, timed_fallback=False, stall_count=0)
[robot_supervisor-10] [INFO] [1776844359.233482812] [robot_1.robot_supervisor]: Selected controllable event: EV_rotate_clockwise
[robot_supervisor-10] [INFO] [1776844359.233953874] [robot_1.robot_supervisor]: rotate_90 blocked by recent completion; stopping this tick
[robot_supervisor-19] [INFO] [1776844359.240134069] [robot_4.robot_supervisor]: FULL ROTATE active (accum_rad=1.169, timed_fallback=False, stall_count=0)
[robot_supervisor-10] [INFO] [1776844359.332879791] [robot_1.robot_supervisor]: Selected controllable event: EV_full_rotate
[robot_supervisor-10] [INFO] [1776844359.333174408] [robot_1.robot_supervisor]: full_rotate blocked by cooldown; stopping this tick
[robot_supervisor-19] [INFO] [1776844359.340417520] [robot_4.robot_supervisor]: FULL ROTATE active (accum_rad=1.269, timed_fallback=False, stall_count=0)
[robot_supervisor-10] [INFO] [1776844359.432883826] [robot_1.robot_supervisor]: Selected controllable event: EV_rotate_clockwise
[robot_supervisor-19] [INFO] [1776844359.440145296] [robot_4.robot_supervisor]: FULL ROTATE active (accum_rad=1.369, timed_fallback=False, stall_count=0)
[robot_supervisor-19] [INFO] [1776844359.540265612] [robot_4.robot_supervisor]: FULL ROTATE active (accum_rad=1.469, timed_fallback=False, stall_count=0)
[robot_supervisor-19] [INFO] [1776844359.640187573] [robot_4.robot_supervisor]: FULL ROTATE active (accum_rad=1.569, timed_fallback=False, stall_count=0)
[robot_supervisor-19] [INFO] [1776844359.740485246] [robot_4.robot_supervisor]: FULL ROTATE active (accum_rad=1.669, timed_fallback=False, stall_count=0)
[robot_supervisor-19] [INFO] [1776844359.840076030] [robot_4.robot_supervisor]: FULL ROTATE active (accum_rad=1.769, timed_fallback=False, stall_count=0)
[robot_supervisor-19] [INFO] [1776844359.940363380] [robot_4.robot_supervisor]: FULL ROTATE active (accum_rad=1.869, timed_fallback=False, stall_count=0)
[robot_supervisor-19] [INFO] [1776844360.040220976] [robot_4.robot_supervisor]: FULL ROTATE active (accum_rad=1.969, timed_fallback=False, stall_count=0)
[robot_supervisor-7] [INFO] [1776844360.080163275] [robot_0.robot_supervisor]: Selected controllable event: EV_rotate_clockwise
[robot_supervisor-7] [INFO] [1776844360.080528134] [robot_0.robot_supervisor]: rotate_90 blocked by recent completion; stopping this tick
[robot_supervisor-19] [INFO] [1776844360.140159566] [robot_4.robot_supervisor]: FULL ROTATE active (accum_rad=2.069, timed_fallback=False, stall_count=0)
[robot_supervisor-7] [INFO] [1776844360.180104855] [robot_0.robot_supervisor]: Selected controllable event: EV_rotate_clockwise
[robot_supervisor-7] [INFO] [1776844360.180490719] [robot_0.robot_supervisor]: rotate_90 blocked by recent completion; stopping this tick
[robot_supervisor-19] [INFO] [1776844360.240387352] [robot_4.robot_supervisor]: FULL ROTATE active (accum_rad=2.169, timed_fallback=False, stall_count=0)
[robot_supervisor-7] [INFO] [1776844360.280060870] [robot_0.robot_supervisor]: Selected controllable event: EV_rotate_clockwise
[robot_supervisor-7] [INFO] [1776844360.280396621] [robot_0.robot_supervisor]: rotate_90 blocked by recent completion; stopping this tick
[robot_supervisor-19] [INFO] [1776844360.340432568] [robot_4.robot_supervisor]: FULL ROTATE active (accum_rad=2.269, timed_fallback=False, stall_count=0)
[robot_supervisor-16] [INFO] [1776844360.378518742] [robot_3.robot_supervisor]: Selected controllable event: EV_full_rotate
[robot_supervisor-16] [INFO] [1776844360.379109934] [robot_3.robot_supervisor]: Starting FULL ROTATE (omega=1.000, have_odom=True, target_rad=3.142, timeout_s=3.500)
[robot_supervisor-7] [INFO] [1776844360.380152160] [robot_0.robot_supervisor]: Selected controllable event: EV_rotate_clockwise
[robot_supervisor-13] [INFO] [1776844360.433013136] [robot_2.robot_supervisor]: Selected controllable event: EV_rotate_counterclockwise
[robot_supervisor-13] [INFO] [1776844360.433457105] [robot_2.robot_supervisor]: rotate_90 blocked by recent completion; stopping this tick
[robot_supervisor-19] [INFO] [1776844360.440231434] [robot_4.robot_supervisor]: FULL ROTATE active (accum_rad=2.369, timed_fallback=False, stall_count=0)
[robot_supervisor-16] [INFO] [1776844360.478211095] [robot_3.robot_supervisor]: FULL ROTATE active (accum_rad=0.000, timed_fallback=False, stall_count=0)
[robot_supervisor-13] [INFO] [1776844360.532971337] [robot_2.robot_supervisor]: Selected controllable event: EV_rotate_counterclockwise
[robot_supervisor-13] [INFO] [1776844360.533473316] [robot_2.robot_supervisor]: rotate_90 blocked by recent completion; stopping this tick
[robot_supervisor-19] [INFO] [1776844360.540102669] [robot_4.robot_supervisor]: FULL ROTATE active (accum_rad=2.469, timed_fallback=False, stall_count=0)
[robot_supervisor-16] [INFO] [1776844360.578058063] [robot_3.robot_supervisor]: FULL ROTATE active (accum_rad=0.002, timed_fallback=False, stall_count=0)
[robot_supervisor-13] [INFO] [1776844360.633426866] [robot_2.robot_supervisor]: Selected controllable event: EV_rotate_counterclockwise
[robot_supervisor-19] [INFO] [1776844360.640088208] [robot_4.robot_supervisor]: FULL ROTATE active (accum_rad=2.569, timed_fallback=False, stall_count=0)
[image_processor-24] [INFO] [1776844360.667952764] [robot_3.image_processor]: Zone=LEFT  left[p=0.495 near=7650 v=7650]  front[p=0.810 near=1156 v=13210]  right[p=1.048 near=0 v=7740]
[robot_supervisor-16] [INFO] [1776844360.668740700] [robot_3.robot_supervisor]: Detected zone changed to LEFT
[robot_supervisor-16] [INFO] [1776844360.678365497] [robot_3.robot_supervisor]: FULL ROTATE active (accum_rad=0.030, timed_fallback=False, stall_count=0)
[image_processor-23] [INFO] [1776844360.679539809] [robot_2.image_processor]: Zone=CLEAR  left[p=1.450 near=0 v=7650]  front[p=2.415 near=0 v=12682]  right[p=1.481 near=0 v=6387]
[robot_supervisor-13] [INFO] [1776844360.680433672] [robot_2.robot_supervisor]: Detected zone changed to CLEAR
[image_processor-21] [INFO] [1776844360.697485275] [robot_0.image_processor]: Zone=LEFT
[image_processor-25] [INFO] [1776844360.726668865] [robot_4.image_processor]: Zone=CLEAR  left[p=1.614 near=0 v=5155]  front[p=1.496 near=0 v=11831]  right[p=1.688 near=0 v=7740]
[robot_supervisor-19] [INFO] [1776844360.727682262] [robot_4.robot_supervisor]: Detected zone changed to CLEAR
[image_processor-22] [INFO] [1776844360.736817191] [robot_1.image_processor]: Zone=CORNER
[robot_supervisor-19] [INFO] [1776844360.740364044] [robot_4.robot_supervisor]: FULL ROTATE active (accum_rad=2.669, timed_fallback=False, stall_count=0)
[robot_supervisor-16] [INFO] [1776844360.778232335] [robot_3.robot_supervisor]: FULL ROTATE active (accum_rad=0.087, timed_fallback=False, stall_count=0)
[robot_supervisor-19] [INFO] [1776844360.840517570] [robot_4.robot_supervisor]: FULL ROTATE active (accum_rad=2.769, timed_fallback=False, stall_count=0)
[robot_supervisor-16] [INFO] [1776844360.878178552] [robot_3.robot_supervisor]: FULL ROTATE active (accum_rad=0.175, timed_fallback=False, stall_count=0)
[robot_supervisor-19] [INFO] [1776844360.940415014] [robot_4.robot_supervisor]: FULL ROTATE active (accum_rad=2.869, timed_fallback=False, stall_count=0)
[robot_supervisor-16] [INFO] [1776844360.978204564] [robot_3.robot_supervisor]: FULL ROTATE active (accum_rad=0.275, timed_fallback=False, stall_count=0)
[robot_supervisor-19] [INFO] [1776844361.040458384] [robot_4.robot_supervisor]: FULL ROTATE active (accum_rad=2.969, timed_fallback=False, stall_count=0)
[robot_supervisor-16] [INFO] [1776844361.078302372] [robot_3.robot_supervisor]: FULL ROTATE active (accum_rad=0.375, timed_fallback=False, stall_count=0)
[robot_supervisor-19] [INFO] [1776844361.140257896] [robot_4.robot_supervisor]: FULL ROTATE active (accum_rad=3.069, timed_fallback=False, stall_count=0)
[robot_supervisor-19] [INFO] [1776844361.140780107] [robot_4.robot_supervisor]: FULL ROTATE completed by odom (accum_rad=3.169)
[robot_supervisor-19] [INFO] [1776844361.141246322] [robot_4.robot_supervisor]: FULL ROTATE stopped; supervisor will select next event next tick
[robot_supervisor-16] [INFO] [1776844361.178287654] [robot_3.robot_supervisor]: FULL ROTATE active (accum_rad=0.475, timed_fallback=False, stall_count=0)
[robot_supervisor-16] [INFO] [1776844361.278237816] [robot_3.robot_supervisor]: FULL ROTATE active (accum_rad=0.575, timed_fallback=False, stall_count=0)
[robot_supervisor-16] [INFO] [1776844361.378563896] [robot_3.robot_supervisor]: FULL ROTATE active (accum_rad=0.675, timed_fallback=False, stall_count=0)
[robot_supervisor-16] [INFO] [1776844361.478567418] [robot_3.robot_supervisor]: FULL ROTATE active (accum_rad=0.775, timed_fallback=False, stall_count=0)
[robot_supervisor-19] [INFO] [1776844361.540413345] [robot_4.robot_supervisor]: Selected controllable event: EV_random_walk
[robot_supervisor-16] [INFO] [1776844361.578170380] [robot_3.robot_supervisor]: FULL ROTATE active (accum_rad=0.875, timed_fallback=False, stall_count=0)
[robot_supervisor-10] [INFO] [1776844361.633271194] [robot_1.robot_supervisor]: Selected controllable event: EV_full_rotate
[robot_supervisor-10] [INFO] [1776844361.633872544] [robot_1.robot_supervisor]: Starting FULL ROTATE (omega=1.000, have_odom=True, target_rad=3.142, timeout_s=3.500)
[robot_supervisor-16] [INFO] [1776844361.678167486] [robot_3.robot_supervisor]: FULL ROTATE active (accum_rad=0.975, timed_fallback=False, stall_count=0)
[robot_supervisor-10] [INFO] [1776844361.733187363] [robot_1.robot_supervisor]: FULL ROTATE active (accum_rad=0.000, timed_fallback=False, stall_count=0)
[robot_supervisor-16] [INFO] [1776844361.778163646] [robot_3.robot_supervisor]: FULL ROTATE active (accum_rad=1.075, timed_fallback=False, stall_count=0)
[robot_supervisor-10] [INFO] [1776844361.832926135] [robot_1.robot_supervisor]: FULL ROTATE active (accum_rad=0.006, timed_fallback=False, stall_count=0)
[robot_supervisor-19] [INFO] [1776844361.840246477] [robot_4.robot_supervisor]: Selected controllable event: EV_move_forward
[robot_supervisor-16] [INFO] [1776844361.878209354] [robot_3.robot_supervisor]: FULL ROTATE active (accum_rad=1.175, timed_fallback=False, stall_count=0)
[robot_supervisor-10] [INFO] [1776844361.932901488] [robot_1.robot_supervisor]: FULL ROTATE active (accum_rad=0.041, timed_fallback=False, stall_count=0)
[robot_supervisor-16] [INFO] [1776844361.978477688] [robot_3.robot_supervisor]: FULL ROTATE active (accum_rad=1.275, timed_fallback=False, stall_count=0)
[robot_supervisor-10] [INFO] [1776844362.032820434] [robot_1.robot_supervisor]: FULL ROTATE active (accum_rad=0.105, timed_fallback=False, stall_count=0)
[robot_supervisor-16] [INFO] [1776844362.078436580] [robot_3.robot_supervisor]: FULL ROTATE active (accum_rad=1.375, timed_fallback=False, stall_count=0)
[robot_supervisor-10] [INFO] [1776844362.132999850] [robot_1.robot_supervisor]: FULL ROTATE active (accum_rad=0.198, timed_fallback=False, stall_count=0)
[robot_supervisor-19] [INFO] [1776844362.140102319] [robot_4.robot_supervisor]: Selected controllable event: EV_random_walk
[robot_supervisor-16] [INFO] [1776844362.178615154] [robot_3.robot_supervisor]: FULL ROTATE active (accum_rad=1.475, timed_fallback=False, stall_count=0)
[robot_supervisor-10] [INFO] [1776844362.233216354] [robot_1.robot_supervisor]: FULL ROTATE active (accum_rad=0.298, timed_fallback=False, stall_count=0)
[robot_supervisor-16] [INFO] [1776844362.278386991] [robot_3.robot_supervisor]: FULL ROTATE active (accum_rad=1.575, timed_fallback=False, stall_count=0)
[robot_supervisor-10] [INFO] [1776844362.332946251] [robot_1.robot_supervisor]: FULL ROTATE active (accum_rad=0.398, timed_fallback=False, stall_count=0)
[robot_supervisor-16] [INFO] [1776844362.378514977] [robot_3.robot_supervisor]: FULL ROTATE active (accum_rad=1.675, timed_fallback=False, stall_count=0)
[robot_supervisor-10] [INFO] [1776844362.433258596] [robot_1.robot_supervisor]: FULL ROTATE active (accum_rad=0.498, timed_fallback=False, stall_count=0)
[robot_supervisor-19] [INFO] [1776844362.440198641] [robot_4.robot_supervisor]: Selected controllable event: EV_move_forward
[robot_supervisor-16] [INFO] [1776844362.478339465] [robot_3.robot_supervisor]: FULL ROTATE active (accum_rad=1.775, timed_fallback=False, stall_count=0)
[robot_supervisor-10] [INFO] [1776844362.532896406] [robot_1.robot_supervisor]: FULL ROTATE active (accum_rad=0.598, timed_fallback=False, stall_count=0)
[robot_supervisor-16] [INFO] [1776844362.578430556] [robot_3.robot_supervisor]: FULL ROTATE active (accum_rad=1.875, timed_fallback=False, stall_count=0)
[robot_supervisor-7] [INFO] [1776844362.580136316] [robot_0.robot_supervisor]: Selected controllable event: EV_rotate_clockwise
[robot_supervisor-7] [INFO] [1776844362.580503860] [robot_0.robot_supervisor]: rotate_90 blocked by recent completion; stopping this tick
[robot_supervisor-10] [INFO] [1776844362.633094711] [robot_1.robot_supervisor]: FULL ROTATE active (accum_rad=0.698, timed_fallback=False, stall_count=0)
[robot_supervisor-16] [INFO] [1776844362.678199168] [robot_3.robot_supervisor]: FULL ROTATE active (accum_rad=1.975, timed_fallback=False, stall_count=0)
[robot_supervisor-7] [INFO] [1776844362.680153808] [robot_0.robot_supervisor]: Selected controllable event: EV_rotate_clockwise
[robot_supervisor-7] [INFO] [1776844362.680526235] [robot_0.robot_supervisor]: rotate_90 blocked by recent completion; stopping this tick
[robot_supervisor-13] [INFO] [1776844362.732934504] [robot_2.robot_supervisor]: Selected controllable event: EV_random_walk
[robot_supervisor-10] [INFO] [1776844362.733101229] [robot_1.robot_supervisor]: FULL ROTATE active (accum_rad=0.798, timed_fallback=False, stall_count=0)
[robot_supervisor-19] [INFO] [1776844362.740181102] [robot_4.robot_supervisor]: Selected controllable event: EV_random_walk
[robot_supervisor-16] [INFO] [1776844362.778228971] [robot_3.robot_supervisor]: FULL ROTATE active (accum_rad=2.075, timed_fallback=False, stall_count=0)
[robot_supervisor-7] [INFO] [1776844362.780164340] [robot_0.robot_supervisor]: Selected controllable event: EV_rotate_clockwise
[robot_supervisor-10] [INFO] [1776844362.833227618] [robot_1.robot_supervisor]: FULL ROTATE active (accum_rad=0.898, timed_fallback=False, stall_count=0)
[robot_supervisor-16] [INFO] [1776844362.878225272] [robot_3.robot_supervisor]: FULL ROTATE active (accum_rad=2.175, timed_fallback=False, stall_count=0)
[robot_supervisor-10] [INFO] [1776844362.932841607] [robot_1.robot_supervisor]: FULL ROTATE active (accum_rad=0.998, timed_fallback=False, stall_count=0)
[robot_supervisor-16] [INFO] [1776844362.978601594] [robot_3.robot_supervisor]: FULL ROTATE active (accum_rad=2.275, timed_fallback=False, stall_count=0)
[robot_supervisor-10] [INFO] [1776844363.032925396] [robot_1.robot_supervisor]: FULL ROTATE active (accum_rad=1.098, timed_fallback=False, stall_count=0)
[robot_supervisor-13] [INFO] [1776844363.033005246] [robot_2.robot_supervisor]: Selected controllable event: EV_move_forward
[robot_supervisor-19] [INFO] [1776844363.040344994] [robot_4.robot_supervisor]: Selected controllable event: EV_move_forward
[robot_supervisor-16] [INFO] [1776844363.078409738] [robot_3.robot_supervisor]: FULL ROTATE active (accum_rad=2.375, timed_fallback=False, stall_count=0)
[robot_supervisor-10] [INFO] [1776844363.132982909] [robot_1.robot_supervisor]: FULL ROTATE active (accum_rad=1.198, timed_fallback=False, stall_count=0)
[image_processor-24] [INFO] [1776844363.175582794] [robot_3.image_processor]: Zone=RIGHT  left[p=2.543 near=0 v=7039]  front[p=2.793 near=0 v=8622]  right[p=0.496 near=3357 v=6339]
[robot_supervisor-16] [INFO] [1776844363.176484233] [robot_3.robot_supervisor]: Detected zone changed to RIGHT
[robot_supervisor-16] [INFO] [1776844363.177966175] [robot_3.robot_supervisor]: FULL ROTATE active (accum_rad=2.475, timed_fallback=False, stall_count=0)
[image_processor-23] [INFO] [1776844363.186386475] [robot_2.image_processor]: Zone=CORNER  left[p=0.217 near=7650 v=7650]  front[p=0.255 near=7200 v=13500]  right[p=1.370 near=0 v=7740]
[robot_supervisor-13] [INFO] [1776844363.187342782] [robot_2.robot_supervisor]: Detected zone changed to CORNER
[image_processor-21] [INFO] [1776844363.195207706] [robot_0.image_processor]: Zone=RIGHT  left[p=1.538 near=0 v=7650]  front[p=2.047 near=0 v=13500]  right[p=0.605 near=3888 v=7740]
[robot_supervisor-7] [INFO] [1776844363.196225210] [robot_0.robot_supervisor]: Detected zone changed to RIGHT
[image_processor-25] [INFO] [1776844363.213840117] [robot_4.image_processor]: Zone=CLEAR
[image_processor-22] [INFO] [1776844363.222604499] [robot_1.image_processor]: Zone=LEFT  left[p=0.500 near=5729 v=7016]  front[p=3.224 near=0 v=9015]  right[p=0.563 near=4488 v=7740]
[robot_supervisor-10] [INFO] [1776844363.223286310] [robot_1.robot_supervisor]: Detected zone changed to LEFT
[robot_supervisor-10] [INFO] [1776844363.232785890] [robot_1.robot_supervisor]: FULL ROTATE active (accum_rad=1.298, timed_fallback=False, stall_count=0)
[robot_supervisor-16] [INFO] [1776844363.278391851] [robot_3.robot_supervisor]: FULL ROTATE active (accum_rad=2.575, timed_fallback=False, stall_count=0)
[robot_supervisor-13] [INFO] [1776844363.332889641] [robot_2.robot_supervisor]: Selected controllable event: EV_rotate_clockwise
[robot_supervisor-10] [INFO] [1776844363.332899896] [robot_1.robot_supervisor]: FULL ROTATE active (accum_rad=1.398, timed_fallback=False, stall_count=0)
[robot_supervisor-19] [INFO] [1776844363.340395399] [robot_4.robot_supervisor]: Selected controllable event: EV_random_walk
[robot_supervisor-16] [INFO] [1776844363.378164376] [robot_3.robot_supervisor]: FULL ROTATE active (accum_rad=2.675, timed_fallback=False, stall_count=0)
[robot_supervisor-10] [INFO] [1776844363.433109367] [robot_1.robot_supervisor]: FULL ROTATE active (accum_rad=1.498, timed_fallback=False, stall_count=0)
[robot_supervisor-16] [INFO] [1776844363.478204075] [robot_3.robot_supervisor]: FULL ROTATE active (accum_rad=2.775, timed_fallback=False, stall_count=0)
[robot_supervisor-10] [INFO] [1776844363.533187159] [robot_1.robot_supervisor]: FULL ROTATE active (accum_rad=1.598, timed_fallback=False, stall_count=0)
[robot_supervisor-16] [INFO] [1776844363.578484896] [robot_3.robot_supervisor]: FULL ROTATE active (accum_rad=2.875, timed_fallback=False, stall_count=0)
[bump_counter-3] [INFO] [1776844363.612178585] [bump_counter]: [global] bump #18 (obstacle) with: box0::link::collision
[robot_supervisor-10] [INFO] [1776844363.633083888] [robot_1.robot_supervisor]: FULL ROTATE active (accum_rad=1.698, timed_fallback=False, stall_count=0)
[robot_supervisor-19] [INFO] [1776844363.640339362] [robot_4.robot_supervisor]: Selected controllable event: EV_move_forward
[robot_supervisor-16] [INFO] [1776844363.678349492] [robot_3.robot_supervisor]: FULL ROTATE active (accum_rad=2.975, timed_fallback=False, stall_count=0)
[robot_supervisor-10] [INFO] [1776844363.733079576] [robot_1.robot_supervisor]: FULL ROTATE active (accum_rad=1.798, timed_fallback=False, stall_count=0)
[robot_supervisor-16] [INFO] [1776844363.778232009] [robot_3.robot_supervisor]: FULL ROTATE active (accum_rad=3.075, timed_fallback=False, stall_count=0)
[robot_supervisor-16] [INFO] [1776844363.778780621] [robot_3.robot_supervisor]: FULL ROTATE completed by odom (accum_rad=3.175)
[robot_supervisor-16] [INFO] [1776844363.779266708] [robot_3.robot_supervisor]: FULL ROTATE stopped; supervisor will select next event next tick
[robot_supervisor-10] [INFO] [1776844363.833286884] [robot_1.robot_supervisor]: FULL ROTATE active (accum_rad=1.898, timed_fallback=False, stall_count=0)
[robot_supervisor-10] [INFO] [1776844363.933290351] [robot_1.robot_supervisor]: FULL ROTATE active (accum_rad=1.998, timed_fallback=False, stall_count=0)
[robot_supervisor-19] [INFO] [1776844363.940775359] [robot_4.robot_supervisor]: Selected controllable event: EV_random_walk
[robot_supervisor-10] [INFO] [1776844364.033225902] [robot_1.robot_supervisor]: FULL ROTATE active (accum_rad=2.098, timed_fallback=False, stall_count=0)
[robot_supervisor-10] [INFO] [1776844364.133060697] [robot_1.robot_supervisor]: FULL ROTATE active (accum_rad=2.198, timed_fallback=False, stall_count=0)
[robot_supervisor-16] [INFO] [1776844364.178412268] [robot_3.robot_supervisor]: Selected controllable event: EV_rotate_counterclockwise
[robot_supervisor-10] [INFO] [1776844364.233228822] [robot_1.robot_supervisor]: FULL ROTATE active (accum_rad=2.298, timed_fallback=False, stall_count=0)
[robot_supervisor-19] [INFO] [1776844364.240226806] [robot_4.robot_supervisor]: Selected controllable event: EV_move_forward
[robot_supervisor-10] [INFO] [1776844364.333225218] [robot_1.robot_supervisor]: FULL ROTATE active (accum_rad=2.398, timed_fallback=False, stall_count=0)
[robot_supervisor-10] [INFO] [1776844364.433081178] [robot_1.robot_supervisor]: FULL ROTATE active (accum_rad=2.498, timed_fallback=False, stall_count=0)
[robot_supervisor-10] [INFO] [1776844364.532960268] [robot_1.robot_supervisor]: FULL ROTATE active (accum_rad=2.598, timed_fallback=False, stall_count=0)
[robot_supervisor-19] [INFO] [1776844364.540336440] [robot_4.robot_supervisor]: Selected controllable event: EV_random_walk
[robot_supervisor-10] [INFO] [1776844364.633270494] [robot_1.robot_supervisor]: FULL ROTATE active (accum_rad=2.698, timed_fallback=False, stall_count=0)
[robot_supervisor-10] [INFO] [1776844364.733128637] [robot_1.robot_supervisor]: FULL ROTATE active (accum_rad=2.798, timed_fallback=False, stall_count=0)
[robot_supervisor-10] [INFO] [1776844364.832903599] [robot_1.robot_supervisor]: FULL ROTATE active (accum_rad=2.898, timed_fallback=False, stall_count=0)
[robot_supervisor-19] [INFO] [1776844364.840566066] [robot_4.robot_supervisor]: Selected controllable event: EV_move_forward
[robot_supervisor-10] [INFO] [1776844364.933313124] [robot_1.robot_supervisor]: FULL ROTATE active (accum_rad=2.998, timed_fallback=False, stall_count=0)
[robot_supervisor-7] [INFO] [1776844364.980128019] [robot_0.robot_supervisor]: Selected controllable event: EV_rotate_counterclockwise
[robot_supervisor-7] [INFO] [1776844364.980477815] [robot_0.robot_supervisor]: rotate_90 blocked by recent completion; stopping this tick
[robot_supervisor-10] [INFO] [1776844365.033246156] [robot_1.robot_supervisor]: FULL ROTATE active (accum_rad=3.098, timed_fallback=False, stall_count=0)
[robot_supervisor-10] [INFO] [1776844365.033972792] [robot_1.robot_supervisor]: FULL ROTATE completed by odom (accum_rad=3.198)
[robot_supervisor-10] [INFO] [1776844365.034593854] [robot_1.robot_supervisor]: FULL ROTATE stopped; supervisor will select next event next tick
[robot_supervisor-7] [INFO] [1776844365.080144241] [robot_0.robot_supervisor]: Selected controllable event: EV_rotate_counterclockwise
[robot_supervisor-7] [INFO] [1776844365.080634503] [robot_0.robot_supervisor]: rotate_90 blocked by recent completion; stopping this tick
[robot_supervisor-19] [INFO] [1776844365.140697415] [robot_4.robot_supervisor]: Selected controllable event: EV_random_walk
[robot_supervisor-7] [INFO] [1776844365.180305430] [robot_0.robot_supervisor]: Selected controllable event: EV_rotate_counterclockwise
[robot_supervisor-13] [INFO] [1776844365.432750299] [robot_2.robot_supervisor]: Selected controllable event: EV_full_rotate
[robot_supervisor-10] [INFO] [1776844365.433024829] [robot_1.robot_supervisor]: Selected controllable event: EV_rotate_clockwise
[robot_supervisor-13] [INFO] [1776844365.433083010] [robot_2.robot_supervisor]: Starting FULL ROTATE (omega=1.000, have_odom=True, target_rad=3.142, timeout_s=3.500)
[robot_supervisor-19] [INFO] [1776844365.440399780] [robot_4.robot_supervisor]: Selected controllable event: EV_move_forward
[robot_supervisor-13] [INFO] [1776844365.532760482] [robot_2.robot_supervisor]: FULL ROTATE active (accum_rad=0.000, timed_fallback=False, stall_count=0)
[robot_supervisor-13] [INFO] [1776844365.632864901] [robot_2.robot_supervisor]: FULL ROTATE active (accum_rad=0.005, timed_fallback=False, stall_count=0)
[image_processor-24] [INFO] [1776844365.675822024] [robot_3.image_processor]: Zone=LEFT  left[p=0.726 near=3730 v=7650]  front[p=0.976 near=0 v=13500]  right[p=0.927 near=0 v=7740]
[robot_supervisor-16] [INFO] [1776844365.676537097] [robot_3.robot_supervisor]: Detected zone changed to LEFT
[image_processor-23] [INFO] [1776844365.694462446] [robot_2.image_processor]: Zone=CLEAR  left[p=1.419 near=606 v=7650]  front[p=2.291 near=674 v=12629]  right[p=1.548 near=0 v=6295]
[robot_supervisor-13] [INFO] [1776844365.695464222] [robot_2.robot_supervisor]: Detected zone changed to CLEAR
[image_processor-21] [INFO] [1776844365.708777133] [robot_0.image_processor]: Zone=CORNER  left[p=0.623 near=5554 v=7650]  front[p=0.396 near=13500 v=13500]  right[p=0.320 near=7740 v=7740]
[robot_supervisor-7] [INFO] [1776844365.709478059] [robot_0.robot_supervisor]: Detected zone changed to CORNER
[robot_supervisor-13] [INFO] [1776844365.732990191] [robot_2.robot_supervisor]: FULL ROTATE active (accum_rad=0.030, timed_fallback=False, stall_count=0)
[robot_supervisor-19] [INFO] [1776844365.740644958] [robot_4.robot_supervisor]: Selected controllable event: EV_random_walk
[image_processor-25] [INFO] [1776844365.743062119] [robot_4.image_processor]: Zone=CLEAR
[image_processor-22] [INFO] [1776844365.775385495] [robot_1.image_processor]: Zone=CORNER  left[p=1.148 near=0 v=7650]  front[p=0.542 near=7380 v=12855]  right[p=0.419 near=7740 v=7740]
[robot_supervisor-10] [INFO] [1776844365.776344303] [robot_1.robot_supervisor]: Detected zone changed to CORNER
[robot_supervisor-13] [INFO] [1776844365.832814902] [robot_2.robot_supervisor]: FULL ROTATE active (accum_rad=0.084, timed_fallback=False, stall_count=0)
[robot_supervisor-13] [INFO] [1776844365.932795122] [robot_2.robot_supervisor]: FULL ROTATE active (accum_rad=0.169, timed_fallback=False, stall_count=0)
[robot_supervisor-13] [INFO] [1776844366.032827763] [robot_2.robot_supervisor]: FULL ROTATE active (accum_rad=0.269, timed_fallback=False, stall_count=0)
[robot_supervisor-19] [INFO] [1776844366.040444412] [robot_4.robot_supervisor]: Selected controllable event: EV_move_forward
[robot_supervisor-13] [INFO] [1776844366.132843520] [robot_2.robot_supervisor]: FULL ROTATE active (accum_rad=0.369, timed_fallback=False, stall_count=0)
[robot_supervisor-13] [INFO] [1776844366.233036270] [robot_2.robot_supervisor]: FULL ROTATE active (accum_rad=0.469, timed_fallback=False, stall_count=0)
[robot_supervisor-16] [INFO] [1776844366.278238098] [robot_3.robot_supervisor]: Selected controllable event: EV_rotate_counterclockwise
[robot_supervisor-16] [INFO] [1776844366.278554043] [robot_3.robot_supervisor]: rotate_90 blocked by recent completion; stopping this tick
[robot_supervisor-13] [INFO] [1776844366.332972482] [robot_2.robot_supervisor]: FULL ROTATE active (accum_rad=0.569, timed_fallback=False, stall_count=0)
[robot_supervisor-19] [INFO] [1776844366.340602560] [robot_4.robot_supervisor]: Selected controllable event: EV_random_walk
[robot_supervisor-16] [INFO] [1776844366.378295230] [robot_3.robot_supervisor]: Selected controllable event: EV_rotate_clockwise
[robot_supervisor-16] [INFO] [1776844366.378660531] [robot_3.robot_supervisor]: rotate_90 blocked by recent completion; stopping this tick
[robot_supervisor-13] [INFO] [1776844366.432949240] [robot_2.robot_supervisor]: FULL ROTATE active (accum_rad=0.669, timed_fallback=False, stall_count=0)
[robot_supervisor-16] [INFO] [1776844366.478315982] [robot_3.robot_supervisor]: Selected controllable event: EV_rotate_clockwise
[robot_supervisor-16] [INFO] [1776844366.478626991] [robot_3.robot_supervisor]: rotate_90 blocked by recent completion; stopping this tick
[robot_supervisor-13] [INFO] [1776844366.532880243] [robot_2.robot_supervisor]: FULL ROTATE active (accum_rad=0.769, timed_fallback=False, stall_count=0)
[robot_supervisor-16] [INFO] [1776844366.578216997] [robot_3.robot_supervisor]: Selected controllable event: EV_rotate_clockwise
[robot_supervisor-13] [INFO] [1776844366.632627824] [robot_2.robot_supervisor]: FULL ROTATE active (accum_rad=0.869, timed_fallback=False, stall_count=0)
[robot_supervisor-19] [INFO] [1776844366.640227734] [robot_4.robot_supervisor]: Selected controllable event: EV_move_forward
[robot_supervisor-13] [INFO] [1776844366.732679238] [robot_2.robot_supervisor]: FULL ROTATE active (accum_rad=0.969, timed_fallback=False, stall_count=0)
[bump_counter-3] [INFO] [1776844366.763278696] [bump_counter]: [global] bump #19 (robot) with: robot_2<->robot_4
[robot_supervisor-13] [INFO] [1776844366.832771149] [robot_2.robot_supervisor]: FULL ROTATE active (accum_rad=1.069, timed_fallback=False, stall_count=0)
[robot_supervisor-13] [INFO] [1776844366.932749928] [robot_2.robot_supervisor]: FULL ROTATE active (accum_rad=1.169, timed_fallback=False, stall_count=0)
[robot_supervisor-19] [INFO] [1776844366.940221517] [robot_4.robot_supervisor]: Selected controllable event: EV_random_walk
[robot_supervisor-13] [INFO] [1776844367.032698063] [robot_2.robot_supervisor]: FULL ROTATE active (accum_rad=1.269, timed_fallback=False, stall_count=0)
[robot_supervisor-13] [INFO] [1776844367.132654924] [robot_2.robot_supervisor]: FULL ROTATE active (accum_rad=1.369, timed_fallback=False, stall_count=0)
[robot_supervisor-13] [INFO] [1776844367.232827555] [robot_2.robot_supervisor]: FULL ROTATE active (accum_rad=1.469, timed_fallback=False, stall_count=0)
[robot_supervisor-19] [INFO] [1776844367.240149253] [robot_4.robot_supervisor]: Selected controllable event: EV_move_forward
[robot_supervisor-13] [INFO] [1776844367.332697472] [robot_2.robot_supervisor]: FULL ROTATE active (accum_rad=1.569, timed_fallback=False, stall_count=0)
[robot_supervisor-7] [INFO] [1776844367.380212536] [robot_0.robot_supervisor]: Selected controllable event: EV_full_rotate
[robot_supervisor-7] [INFO] [1776844367.380625057] [robot_0.robot_supervisor]: full_rotate blocked by cooldown; stopping this tick
[robot_supervisor-13] [INFO] [1776844367.432904121] [robot_2.robot_supervisor]: FULL ROTATE active (accum_rad=1.669, timed_fallback=False, stall_count=0)
[robot_supervisor-7] [INFO] [1776844367.480225855] [robot_0.robot_supervisor]: Selected controllable event: EV_rotate_clockwise
[robot_supervisor-7] [INFO] [1776844367.480669176] [robot_0.robot_supervisor]: rotate_90 blocked by recent completion; stopping this tick
[robot_supervisor-13] [INFO] [1776844367.532657981] [robot_2.robot_supervisor]: FULL ROTATE active (accum_rad=1.769, timed_fallback=False, stall_count=0)
[robot_supervisor-19] [INFO] [1776844367.540189225] [robot_4.robot_supervisor]: Selected controllable event: EV_random_walk
[robot_supervisor-7] [INFO] [1776844367.580032359] [robot_0.robot_supervisor]: Selected controllable event: EV_full_rotate
[robot_supervisor-7] [INFO] [1776844367.580327221] [robot_0.robot_supervisor]: full_rotate blocked by cooldown; stopping this tick
[robot_supervisor-13] [INFO] [1776844367.633157751] [robot_2.robot_supervisor]: FULL ROTATE active (accum_rad=1.869, timed_fallback=False, stall_count=0)
[robot_supervisor-10] [INFO] [1776844367.633343832] [robot_1.robot_supervisor]: Selected controllable event: EV_full_rotate
[robot_supervisor-10] [INFO] [1776844367.633716087] [robot_1.robot_supervisor]: full_rotate blocked by cooldown; stopping this tick
[robot_supervisor-7] [INFO] [1776844367.680056485] [robot_0.robot_supervisor]: Selected controllable event: EV_rotate_clockwise
[robot_supervisor-13] [INFO] [1776844367.733226307] [robot_2.robot_supervisor]: FULL ROTATE active (accum_rad=1.969, timed_fallback=False, stall_count=0)
[robot_supervisor-10] [INFO] [1776844367.733254973] [robot_1.robot_supervisor]: Selected controllable event: EV_rotate_clockwise
[robot_supervisor-10] [INFO] [1776844367.733770261] [robot_1.robot_supervisor]: rotate_90 blocked by recent completion; stopping this tick
[robot_supervisor-13] [INFO] [1776844367.832715091] [robot_2.robot_supervisor]: FULL ROTATE active (accum_rad=2.069, timed_fallback=False, stall_count=0)
[robot_supervisor-10] [INFO] [1776844367.833214899] [robot_1.robot_supervisor]: Selected controllable event: EV_full_rotate
[robot_supervisor-10] [INFO] [1776844367.833710168] [robot_1.robot_supervisor]: full_rotate blocked by cooldown; stopping this tick
[robot_supervisor-19] [INFO] [1776844367.840325568] [robot_4.robot_supervisor]: Selected controllable event: EV_move_forward
[robot_supervisor-13] [INFO] [1776844367.932756287] [robot_2.robot_supervisor]: FULL ROTATE active (accum_rad=2.169, timed_fallback=False, stall_count=0)
[robot_supervisor-10] [INFO] [1776844367.932916149] [robot_1.robot_supervisor]: Selected controllable event: EV_rotate_clockwise
[robot_supervisor-13] [INFO] [1776844368.032778509] [robot_2.robot_supervisor]: FULL ROTATE active (accum_rad=2.269, timed_fallback=False, stall_count=0)
[robot_supervisor-13] [INFO] [1776844368.132779269] [robot_2.robot_supervisor]: FULL ROTATE active (accum_rad=2.369, timed_fallback=False, stall_count=0)
[robot_supervisor-19] [INFO] [1776844368.140615708] [robot_4.robot_supervisor]: Selected controllable event: EV_random_walk
[image_processor-24] [INFO] [1776844368.173387909] [robot_3.image_processor]: Zone=LEFT
[image_processor-23] [INFO] [1776844368.184928105] [robot_2.image_processor]: Zone=LEFT  left[p=0.279 near=7648 v=7650]  front[p=1.889 near=293 v=13500]  right[p=2.400 near=530 v=7740]
[robot_supervisor-13] [INFO] [1776844368.185546778] [robot_2.robot_supervisor]: Detected zone changed to LEFT
[image_processor-21] [INFO] [1776844368.194986819] [robot_0.image_processor]: Zone=RIGHT  left[p=1.538 near=0 v=7650]  front[p=2.064 near=0 v=13500]  right[p=0.530 near=5580 v=7740]
[robot_supervisor-7] [INFO] [1776844368.195894458] [robot_0.robot_supervisor]: Detected zone changed to RIGHT
[image_processor-25] [INFO] [1776844368.216301613] [robot_4.image_processor]: Zone=RIGHT  left[p=3.021 near=0 v=5420]  front[p=2.805 near=198 v=10401]  right[p=0.370 near=1235 v=7740]
[robot_supervisor-19] [INFO] [1776844368.217072565] [robot_4.robot_supervisor]: Detected zone changed to RIGHT
[image_processor-22] [INFO] [1776844368.225605589] [robot_1.image_processor]: Zone=CORNER
[robot_supervisor-13] [INFO] [1776844368.232951149] [robot_2.robot_supervisor]: FULL ROTATE active (accum_rad=2.469, timed_fallback=False, stall_count=0)
[robot_supervisor-13] [INFO] [1776844368.332860545] [robot_2.robot_supervisor]: FULL ROTATE active (accum_rad=2.569, timed_fallback=False, stall_count=0)
[robot_supervisor-13] [INFO] [1776844368.432867972] [robot_2.robot_supervisor]: FULL ROTATE active (accum_rad=2.669, timed_fallback=False, stall_count=0)
[robot_supervisor-19] [INFO] [1776844368.440108582] [robot_4.robot_supervisor]: Selected controllable event: EV_rotate_counterclockwise
[robot_supervisor-13] [INFO] [1776844368.533249446] [robot_2.robot_supervisor]: FULL ROTATE active (accum_rad=2.769, timed_fallback=False, stall_count=0)
[robot_supervisor-13] [INFO] [1776844368.633167997] [robot_2.robot_supervisor]: FULL ROTATE active (accum_rad=2.869, timed_fallback=False, stall_count=0)
[robot_supervisor-16] [INFO] [1776844368.678457770] [robot_3.robot_supervisor]: Selected controllable event: EV_rotate_clockwise
[robot_supervisor-16] [INFO] [1776844368.678871466] [robot_3.robot_supervisor]: rotate_90 blocked by recent completion; stopping this tick
[robot_supervisor-13] [INFO] [1776844368.732780135] [robot_2.robot_supervisor]: FULL ROTATE active (accum_rad=2.969, timed_fallback=False, stall_count=0)
[robot_supervisor-16] [INFO] [1776844368.778103481] [robot_3.robot_supervisor]: Selected controllable event: EV_rotate_clockwise
[robot_supervisor-16] [INFO] [1776844368.778355608] [robot_3.robot_supervisor]: rotate_90 blocked by recent completion; stopping this tick
[robot_supervisor-13] [INFO] [1776844368.832845771] [robot_2.robot_supervisor]: FULL ROTATE active (accum_rad=3.069, timed_fallback=False, stall_count=0)
[robot_supervisor-13] [INFO] [1776844368.833601639] [robot_2.robot_supervisor]: FULL ROTATE completed by odom (accum_rad=3.169)
[robot_supervisor-13] [INFO] [1776844368.834094055] [robot_2.robot_supervisor]: FULL ROTATE stopped; supervisor will select next event next tick
[robot_supervisor-16] [INFO] [1776844368.878089856] [robot_3.robot_supervisor]: Selected controllable event: EV_rotate_clockwise
[robot_supervisor-16] [INFO] [1776844368.878340635] [robot_3.robot_supervisor]: rotate_90 blocked by recent completion; stopping this tick
[robot_supervisor-16] [INFO] [1776844368.978264354] [robot_3.robot_supervisor]: Selected controllable event: EV_rotate_clockwise
[robot_supervisor-13] [INFO] [1776844369.133038310] [robot_2.robot_supervisor]: Selected controllable event: EV_rotate_clockwise
[robot_supervisor-7] [INFO] [1776844369.880103848] [robot_0.robot_supervisor]: Selected controllable event: EV_rotate_clockwise
[robot_supervisor-7] [INFO] [1776844369.880455279] [robot_0.robot_supervisor]: rotate_90 blocked by recent completion; stopping this tick
[robot_supervisor-7] [INFO] [1776844369.980019897] [robot_0.robot_supervisor]: Selected controllable event: EV_rotate_counterclockwise
[robot_supervisor-7] [INFO] [1776844369.980359860] [robot_0.robot_supervisor]: rotate_90 blocked by recent completion; stopping this tick
[robot_supervisor-7] [INFO] [1776844370.080045127] [robot_0.robot_supervisor]: Selected controllable event: EV_rotate_counterclockwise
[robot_supervisor-10] [INFO] [1776844370.133069952] [robot_1.robot_supervisor]: Selected controllable event: EV_full_rotate
[robot_supervisor-10] [INFO] [1776844370.133492712] [robot_1.robot_supervisor]: Starting FULL ROTATE (omega=1.000, have_odom=True, target_rad=3.142, timeout_s=3.500)
[robot_supervisor-10] [INFO] [1776844370.232982855] [robot_1.robot_supervisor]: FULL ROTATE active (accum_rad=0.000, timed_fallback=False, stall_count=0)
[robot_supervisor-10] [INFO] [1776844370.332784986] [robot_1.robot_supervisor]: FULL ROTATE active (accum_rad=0.006, timed_fallback=False, stall_count=0)
[robot_supervisor-10] [INFO] [1776844370.433194631] [robot_1.robot_supervisor]: FULL ROTATE active (accum_rad=0.041, timed_fallback=False, stall_count=0)
[robot_supervisor-10] [INFO] [1776844370.533050449] [robot_1.robot_supervisor]: FULL ROTATE active (accum_rad=0.105, timed_fallback=False, stall_count=0)
[robot_supervisor-19] [INFO] [1776844370.540181363] [robot_4.robot_supervisor]: Selected controllable event: EV_rotate_counterclockwise
[robot_supervisor-19] [INFO] [1776844370.540488476] [robot_4.robot_supervisor]: rotate_90 blocked by recent completion; stopping this tick
[robot_supervisor-10] [INFO] [1776844370.632803572] [robot_1.robot_supervisor]: FULL ROTATE active (accum_rad=0.198, timed_fallback=False, stall_count=0)
[robot_supervisor-19] [INFO] [1776844370.640040304] [robot_4.robot_supervisor]: Selected controllable event: EV_rotate_counterclockwise
[robot_supervisor-19] [INFO] [1776844370.640268907] [robot_4.robot_supervisor]: rotate_90 blocked by recent completion; stopping this tick
[image_processor-24] [INFO] [1776844370.663646021] [robot_3.image_processor]: Zone=CORNER  left[p=3.007 near=0 v=5202]  front[p=0.547 near=8158 v=11336]  right[p=0.442 near=7740 v=7740]
[robot_supervisor-16] [INFO] [1776844370.664464651] [robot_3.robot_supervisor]: Detected zone changed to CORNER
[image_processor-23] [INFO] [1776844370.674706844] [robot_2.image_processor]: Zone=LEFT
[image_processor-21] [INFO] [1776844370.683549683] [robot_0.image_processor]: Zone=CORNER  left[p=0.722 near=2326 v=7650]  front[p=0.407 near=13500 v=13500]  right[p=0.317 near=7740 v=7740]
[robot_supervisor-7] [INFO] [1776844370.684008742] [robot_0.robot_supervisor]: Detected zone changed to CORNER
[image_processor-25] [INFO] [1776844370.692682386] [robot_4.image_processor]: Zone=RIGHT
[image_processor-22] [INFO] [1776844370.703087242] [robot_1.image_processor]: Zone=CORNER
[robot_supervisor-10] [INFO] [1776844370.732928956] [robot_1.robot_supervisor]: FULL ROTATE active (accum_rad=0.298, timed_fallback=False, stall_count=0)
[robot_supervisor-19] [INFO] [1776844370.740523964] [robot_4.robot_supervisor]: Selected controllable event: EV_rotate_counterclockwise
[robot_supervisor-19] [INFO] [1776844370.741052156] [robot_4.robot_supervisor]: rotate_90 blocked by recent completion; stopping this tick
[robot_supervisor-10] [INFO] [1776844370.832795487] [robot_1.robot_supervisor]: FULL ROTATE active (accum_rad=0.398, timed_fallback=False, stall_count=0)
[robot_supervisor-19] [INFO] [1776844370.840564460] [robot_4.robot_supervisor]: Selected controllable event: EV_rotate_counterclockwise
[robot_supervisor-10] [INFO] [1776844370.932784667] [robot_1.robot_supervisor]: FULL ROTATE active (accum_rad=0.498, timed_fallback=False, stall_count=0)
[robot_supervisor-10] [INFO] [1776844371.032932627] [robot_1.robot_supervisor]: FULL ROTATE active (accum_rad=0.598, timed_fallback=False, stall_count=0)
[robot_supervisor-10] [INFO] [1776844371.132903876] [robot_1.robot_supervisor]: FULL ROTATE active (accum_rad=0.698, timed_fallback=False, stall_count=0)
[robot_supervisor-16] [INFO] [1776844371.178159431] [robot_3.robot_supervisor]: Selected controllable event: EV_full_rotate
[robot_supervisor-16] [INFO] [1776844371.178415453] [robot_3.robot_supervisor]: full_rotate blocked by cooldown; stopping this tick
[robot_supervisor-10] [INFO] [1776844371.233210050] [robot_1.robot_supervisor]: FULL ROTATE active (accum_rad=0.798, timed_fallback=False, stall_count=0)
[robot_supervisor-16] [INFO] [1776844371.278307853] [robot_3.robot_supervisor]: Selected controllable event: EV_rotate_clockwise
[robot_supervisor-16] [INFO] [1776844371.278703262] [robot_3.robot_supervisor]: rotate_90 blocked by recent completion; stopping this tick
[robot_supervisor-10] [INFO] [1776844371.332941425] [robot_1.robot_supervisor]: FULL ROTATE active (accum_rad=0.898, timed_fallback=False, stall_count=0)
[robot_supervisor-13] [INFO] [1776844371.332973715] [robot_2.robot_supervisor]: Selected controllable event: EV_rotate_clockwise
[robot_supervisor-13] [INFO] [1776844371.333440672] [robot_2.robot_supervisor]: rotate_90 blocked by recent completion; stopping this tick
[robot_supervisor-16] [INFO] [1776844371.378179215] [robot_3.robot_supervisor]: Selected controllable event: EV_full_rotate
[robot_supervisor-16] [INFO] [1776844371.378476354] [robot_3.robot_supervisor]: full_rotate blocked by cooldown; stopping this tick
[robot_supervisor-13] [INFO] [1776844371.433183979] [robot_2.robot_supervisor]: Selected controllable event: EV_rotate_clockwise
[robot_supervisor-10] [INFO] [1776844371.433371830] [robot_1.robot_supervisor]: FULL ROTATE active (accum_rad=0.998, timed_fallback=False, stall_count=0)
[robot_supervisor-13] [INFO] [1776844371.433614578] [robot_2.robot_supervisor]: rotate_90 blocked by recent completion; stopping this tick
[robot_supervisor-16] [INFO] [1776844371.478360861] [robot_3.robot_supervisor]: Selected controllable event: EV_rotate_clockwise
[robot_supervisor-13] [INFO] [1776844371.532809494] [robot_2.robot_supervisor]: Selected controllable event: EV_rotate_clockwise
[robot_supervisor-10] [INFO] [1776844371.532935558] [robot_1.robot_supervisor]: FULL ROTATE active (accum_rad=1.098, timed_fallback=False, stall_count=0)
[robot_supervisor-13] [INFO] [1776844371.533079635] [robot_2.robot_supervisor]: rotate_90 blocked by recent completion; stopping this tick
[robot_supervisor-13] [INFO] [1776844371.632667305] [robot_2.robot_supervisor]: Selected controllable event: EV_rotate_clockwise
[robot_supervisor-10] [INFO] [1776844371.632896303] [robot_1.robot_supervisor]: FULL ROTATE active (accum_rad=1.198, timed_fallback=False, stall_count=0)
[robot_supervisor-10] [INFO] [1776844371.732898594] [robot_1.robot_supervisor]: FULL ROTATE active (accum_rad=1.298, timed_fallback=False, stall_count=0)
[robot_supervisor-10] [INFO] [1776844371.832946046] [robot_1.robot_supervisor]: FULL ROTATE active (accum_rad=1.398, timed_fallback=False, stall_count=0)
[robot_supervisor-10] [INFO] [1776844371.933759716] [robot_1.robot_supervisor]: FULL ROTATE active (accum_rad=1.498, timed_fallback=False, stall_count=0)
[robot_supervisor-10] [INFO] [1776844372.032808531] [robot_1.robot_supervisor]: FULL ROTATE active (accum_rad=1.598, timed_fallback=False, stall_count=0)
[robot_supervisor-10] [INFO] [1776844372.132829620] [robot_1.robot_supervisor]: FULL ROTATE active (accum_rad=1.698, timed_fallback=False, stall_count=0)
[robot_supervisor-7] [INFO] [1776844372.180107006] [robot_0.robot_supervisor]: Selected controllable event: EV_rotate_clockwise
[robot_supervisor-7] [INFO] [1776844372.180363634] [robot_0.robot_supervisor]: rotate_90 blocked by recent completion; stopping this tick
[robot_supervisor-10] [INFO] [1776844372.233045788] [robot_1.robot_supervisor]: FULL ROTATE active (accum_rad=1.798, timed_fallback=False, stall_count=0)
[robot_supervisor-7] [INFO] [1776844372.280199516] [robot_0.robot_supervisor]: Selected controllable event: EV_full_rotate
[robot_supervisor-7] [INFO] [1776844372.280607186] [robot_0.robot_supervisor]: full_rotate blocked by cooldown; stopping this tick
[robot_supervisor-10] [INFO] [1776844372.332939178] [robot_1.robot_supervisor]: FULL ROTATE active (accum_rad=1.898, timed_fallback=False, stall_count=0)
[robot_supervisor-7] [INFO] [1776844372.380128950] [robot_0.robot_supervisor]: Selected controllable event: EV_rotate_clockwise
[robot_supervisor-7] [INFO] [1776844372.380562395] [robot_0.robot_supervisor]: rotate_90 blocked by recent completion; stopping this tick
[robot_supervisor-10] [INFO] [1776844372.433053825] [robot_1.robot_supervisor]: FULL ROTATE active (accum_rad=1.998, timed_fallback=False, stall_count=0)
[robot_supervisor-7] [INFO] [1776844372.480084089] [robot_0.robot_supervisor]: Selected controllable event: EV_full_rotate
[robot_supervisor-7] [INFO] [1776844372.480519266] [robot_0.robot_supervisor]: full_rotate blocked by cooldown; stopping this tick
[robot_supervisor-10] [INFO] [1776844372.533368102] [robot_1.robot_supervisor]: FULL ROTATE active (accum_rad=2.098, timed_fallback=False, stall_count=0)
[robot_supervisor-7] [INFO] [1776844372.580204328] [robot_0.robot_supervisor]: Selected controllable event: EV_rotate_clockwise
[robot_supervisor-10] [INFO] [1776844372.632943324] [robot_1.robot_supervisor]: FULL ROTATE active (accum_rad=2.198, timed_fallback=False, stall_count=0)
[robot_supervisor-10] [INFO] [1776844372.732770689] [robot_1.robot_supervisor]: FULL ROTATE active (accum_rad=2.298, timed_fallback=False, stall_count=0)
[robot_supervisor-10] [INFO] [1776844372.832891683] [robot_1.robot_supervisor]: FULL ROTATE active (accum_rad=2.398, timed_fallback=False, stall_count=0)
[robot_supervisor-10] [INFO] [1776844372.932961140] [robot_1.robot_supervisor]: FULL ROTATE active (accum_rad=2.498, timed_fallback=False, stall_count=0)
[robot_supervisor-19] [INFO] [1776844372.940171616] [robot_4.robot_supervisor]: Selected controllable event: EV_rotate_counterclockwise
[robot_supervisor-19] [INFO] [1776844372.940510903] [robot_4.robot_supervisor]: rotate_90 blocked by recent completion; stopping this tick
[robot_supervisor-10] [INFO] [1776844373.032760872] [robot_1.robot_supervisor]: FULL ROTATE active (accum_rad=2.598, timed_fallback=False, stall_count=0)
[robot_supervisor-19] [INFO] [1776844373.040215534] [robot_4.robot_supervisor]: Selected controllable event: EV_rotate_counterclockwise
[robot_supervisor-19] [INFO] [1776844373.040584236] [robot_4.robot_supervisor]: rotate_90 blocked by recent completion; stopping this tick
[robot_supervisor-10] [INFO] [1776844373.132986430] [robot_1.robot_supervisor]: FULL ROTATE active (accum_rad=2.698, timed_fallback=False, stall_count=0)
[robot_supervisor-19] [INFO] [1776844373.140070131] [robot_4.robot_supervisor]: Selected controllable event: EV_rotate_counterclockwise
[robot_supervisor-19] [INFO] [1776844373.140307169] [robot_4.robot_supervisor]: rotate_90 blocked by recent completion; stopping this tick
[image_processor-24] [INFO] [1776844373.170869562] [robot_3.image_processor]: Zone=LEFT  left[p=0.503 near=7650 v=7650]  front[p=0.835 near=776 v=13202]  right[p=1.021 near=0 v=7740]
[robot_supervisor-16] [INFO] [1776844373.171530845] [robot_3.robot_supervisor]: Detected zone changed to LEFT
[image_processor-23] [INFO] [1776844373.185993868] [robot_2.image_processor]: Zone=LEFT
[image_processor-21] [INFO] [1776844373.195600174] [robot_0.image_processor]: Zone=RIGHT  left[p=1.549 near=0 v=7650]  front[p=1.041 near=0 v=13500]  right[p=0.483 near=6885 v=7740]
[robot_supervisor-7] [INFO] [1776844373.196177307] [robot_0.robot_supervisor]: Detected zone changed to RIGHT
[image_processor-25] [INFO] [1776844373.204950305] [robot_4.image_processor]: Zone=CLEAR  left[p=1.312 near=0 v=7650]  front[p=1.723 near=0 v=13500]  right[p=3.162 near=0 v=7709]
[robot_supervisor-19] [INFO] [1776844373.205731963] [robot_4.robot_supervisor]: Detected zone changed to CLEAR
[image_processor-22] [INFO] [1776844373.227694879] [robot_1.image_processor]: Zone=CORNER
[robot_supervisor-10] [INFO] [1776844373.232743256] [robot_1.robot_supervisor]: FULL ROTATE active (accum_rad=2.798, timed_fallback=False, stall_count=0)
[robot_supervisor-19] [INFO] [1776844373.240426084] [robot_4.robot_supervisor]: Selected controllable event: EV_random_walk
[robot_supervisor-10] [INFO] [1776844373.333019829] [robot_1.robot_supervisor]: FULL ROTATE active (accum_rad=2.898, timed_fallback=False, stall_count=0)
[robot_supervisor-10] [INFO] [1776844373.433033707] [robot_1.robot_supervisor]: FULL ROTATE active (accum_rad=2.998, timed_fallback=False, stall_count=0)
[robot_supervisor-10] [INFO] [1776844373.532902231] [robot_1.robot_supervisor]: FULL ROTATE active (accum_rad=3.098, timed_fallback=False, stall_count=0)
[robot_supervisor-10] [INFO] [1776844373.533343023] [robot_1.robot_supervisor]: FULL ROTATE completed by odom (accum_rad=3.198)
[robot_supervisor-10] [INFO] [1776844373.533619295] [robot_1.robot_supervisor]: FULL ROTATE stopped; supervisor will select next event next tick
[robot_supervisor-19] [INFO] [1776844373.540266281] [robot_4.robot_supervisor]: Selected controllable event: EV_move_forward
[robot_supervisor-16] [INFO] [1776844373.578525601] [robot_3.robot_supervisor]: Selected controllable event: EV_rotate_clockwise
[robot_supervisor-16] [INFO] [1776844373.579245599] [robot_3.robot_supervisor]: rotate_90 blocked by recent completion; stopping this tick
[robot_supervisor-16] [INFO] [1776844373.678231682] [robot_3.robot_supervisor]: Selected controllable event: EV_rotate_clockwise
[robot_supervisor-16] [INFO] [1776844373.678606797] [robot_3.robot_supervisor]: rotate_90 blocked by recent completion; stopping this tick
[robot_supervisor-13] [INFO] [1776844373.733509632] [robot_2.robot_supervisor]: Selected controllable event: EV_rotate_clockwise
[robot_supervisor-13] [INFO] [1776844373.734301559] [robot_2.robot_supervisor]: rotate_90 blocked by recent completion; stopping this tick
[robot_supervisor-16] [INFO] [1776844373.778140748] [robot_3.robot_supervisor]: Selected controllable event: EV_rotate_clockwise
[robot_supervisor-16] [INFO] [1776844373.778396282] [robot_3.robot_supervisor]: rotate_90 blocked by recent completion; stopping this tick
[robot_supervisor-10] [INFO] [1776844373.832830443] [robot_1.robot_supervisor]: Selected controllable event: EV_rotate_clockwise
[robot_supervisor-13] [INFO] [1776844373.833197765] [robot_2.robot_supervisor]: Selected controllable event: EV_rotate_clockwise
[robot_supervisor-13] [INFO] [1776844373.833643039] [robot_2.robot_supervisor]: rotate_90 blocked by recent completion; stopping this tick
[robot_supervisor-19] [INFO] [1776844373.840255824] [robot_4.robot_supervisor]: Selected controllable event: EV_random_walk
[robot_supervisor-16] [INFO] [1776844373.878167588] [robot_3.robot_supervisor]: Selected controllable event: EV_rotate_clockwise
[robot_supervisor-13] [INFO] [1776844373.932889131] [robot_2.robot_supervisor]: Selected controllable event: EV_rotate_clockwise
[robot_supervisor-13] [INFO] [1776844373.933267669] [robot_2.robot_supervisor]: rotate_90 blocked by recent completion; stopping this tick
[robot_supervisor-13] [INFO] [1776844374.032772652] [robot_2.robot_supervisor]: Selected controllable event: EV_rotate_clockwise
[robot_supervisor-19] [INFO] [1776844374.140077338] [robot_4.robot_supervisor]: Selected controllable event: EV_move_forward
[robot_supervisor-19] [INFO] [1776844374.440638006] [robot_4.robot_supervisor]: Selected controllable event: EV_random_walk
[robot_supervisor-7] [INFO] [1776844374.680449301] [robot_0.robot_supervisor]: Selected controllable event: EV_rotate_clockwise
[robot_supervisor-7] [INFO] [1776844374.681056455] [robot_0.robot_supervisor]: rotate_90 blocked by recent completion; stopping this tick
[robot_supervisor-19] [INFO] [1776844374.740261708] [robot_4.robot_supervisor]: Selected controllable event: EV_move_forward
[robot_supervisor-7] [INFO] [1776844374.780195787] [robot_0.robot_supervisor]: Selected controllable event: EV_rotate_counterclockwise
[robot_supervisor-7] [INFO] [1776844374.780643982] [robot_0.robot_supervisor]: rotate_90 blocked by recent completion; stopping this tick
[robot_supervisor-7] [INFO] [1776844374.880103208] [robot_0.robot_supervisor]: Selected controllable event: EV_rotate_counterclockwise
[robot_supervisor-7] [INFO] [1776844374.880518618] [robot_0.robot_supervisor]: rotate_90 blocked by recent completion; stopping this tick
[robot_supervisor-7] [INFO] [1776844374.980060075] [robot_0.robot_supervisor]: Selected controllable event: EV_rotate_counterclockwise
[robot_supervisor-19] [INFO] [1776844375.040417580] [robot_4.robot_supervisor]: Selected controllable event: EV_random_walk
[robot_supervisor-19] [INFO] [1776844375.340291696] [robot_4.robot_supervisor]: Selected controllable event: EV_move_forward
[robot_supervisor-19] [INFO] [1776844375.640049354] [robot_4.robot_supervisor]: Selected controllable event: EV_random_walk
[image_processor-24] [INFO] [1776844375.666849984] [robot_3.image_processor]: Zone=LEFT
[image_processor-23] [INFO] [1776844375.679389393] [robot_2.image_processor]: Zone=RIGHT  left[p=1.372 near=0 v=7650]  front[p=1.732 near=925 v=13500]  right[p=0.250 near=4449 v=7740]
[robot_supervisor-13] [INFO] [1776844375.680164870] [robot_2.robot_supervisor]: Detected zone changed to RIGHT
[image_processor-21] [INFO] [1776844375.690983174] [robot_0.image_processor]: Zone=CORNER  left[p=0.862 near=169 v=7650]  front[p=0.421 near=13115 v=13500]  right[p=0.317 near=7740 v=7740]
[robot_supervisor-7] [INFO] [1776844375.691627815] [robot_0.robot_supervisor]: Detected zone changed to CORNER
[image_processor-25] [INFO] [1776844375.699486324] [robot_4.image_processor]: Zone=CLEAR
[image_processor-22] [INFO] [1776844375.707786377] [robot_1.image_processor]: Zone=CORNER
[robot_supervisor-19] [INFO] [1776844375.940312030] [robot_4.robot_supervisor]: Selected controllable event: EV_move_forward
[robot_supervisor-16] [INFO] [1776844376.078333092] [robot_3.robot_supervisor]: Selected controllable event: EV_rotate_clockwise
[robot_supervisor-16] [INFO] [1776844376.078709349] [robot_3.robot_supervisor]: rotate_90 blocked by recent completion; stopping this tick
[robot_supervisor-13] [INFO] [1776844376.132864233] [robot_2.robot_supervisor]: Selected controllable event: EV_rotate_clockwise
[robot_supervisor-10] [INFO] [1776844376.132936310] [robot_1.robot_supervisor]: Selected controllable event: EV_full_rotate
[robot_supervisor-13] [INFO] [1776844376.133276807] [robot_2.robot_supervisor]: rotate_90 blocked by recent completion; stopping this tick
[robot_supervisor-10] [INFO] [1776844376.133657668] [robot_1.robot_supervisor]: Starting FULL ROTATE (omega=1.000, have_odom=True, target_rad=3.142, timeout_s=3.500)
[robot_supervisor-16] [INFO] [1776844376.178386706] [robot_3.robot_supervisor]: Selected controllable event: EV_rotate_clockwise
[robot_supervisor-16] [INFO] [1776844376.178766499] [robot_3.robot_supervisor]: rotate_90 blocked by recent completion; stopping this tick
[robot_supervisor-13] [INFO] [1776844376.232728572] [robot_2.robot_supervisor]: Selected controllable event: EV_rotate_counterclockwise
[robot_supervisor-13] [INFO] [1776844376.233109792] [robot_2.robot_supervisor]: rotate_90 blocked by recent completion; stopping this tick
[robot_supervisor-10] [INFO] [1776844376.233127522] [robot_1.robot_supervisor]: FULL ROTATE active (accum_rad=0.000, timed_fallback=False, stall_count=0)
[robot_supervisor-19] [INFO] [1776844376.240051456] [robot_4.robot_supervisor]: Selected controllable event: EV_random_walk
[robot_supervisor-16] [INFO] [1776844376.278349490] [robot_3.robot_supervisor]: Selected controllable event: EV_rotate_clockwise
[robot_supervisor-13] [INFO] [1776844376.332945385] [robot_2.robot_supervisor]: Selected controllable event: EV_rotate_counterclockwise
[robot_supervisor-10] [INFO] [1776844376.332982594] [robot_1.robot_supervisor]: FULL ROTATE active (accum_rad=0.006, timed_fallback=False, stall_count=0)
[robot_supervisor-13] [INFO] [1776844376.333533147] [robot_2.robot_supervisor]: rotate_90 blocked by recent completion; stopping this tick
[robot_supervisor-10] [INFO] [1776844376.432761570] [robot_1.robot_supervisor]: FULL ROTATE active (accum_rad=0.041, timed_fallback=False, stall_count=0)
[robot_supervisor-13] [INFO] [1776844376.432832098] [robot_2.robot_supervisor]: Selected controllable event: EV_rotate_counterclockwise
[robot_supervisor-10] [INFO] [1776844376.533052480] [robot_1.robot_supervisor]: FULL ROTATE active (accum_rad=0.105, timed_fallback=False, stall_count=0)
[robot_supervisor-19] [INFO] [1776844376.540078422] [robot_4.robot_supervisor]: Selected controllable event: EV_move_forward
[robot_supervisor-10] [INFO] [1776844376.633050538] [robot_1.robot_supervisor]: FULL ROTATE active (accum_rad=0.198, timed_fallback=False, stall_count=0)
[robot_supervisor-10] [INFO] [1776844376.732968362] [robot_1.robot_supervisor]: FULL ROTATE active (accum_rad=0.298, timed_fallback=False, stall_count=0)
[robot_supervisor-10] [INFO] [1776844376.833521719] [robot_1.robot_supervisor]: FULL ROTATE active (accum_rad=0.398, timed_fallback=False, stall_count=0)
[robot_supervisor-19] [INFO] [1776844376.840278773] [robot_4.robot_supervisor]: Selected controllable event: EV_random_walk
[robot_supervisor-10] [INFO] [1776844376.933017892] [robot_1.robot_supervisor]: FULL ROTATE active (accum_rad=0.498, timed_fallback=False, stall_count=0)
[robot_supervisor-10] [INFO] [1776844377.032918859] [robot_1.robot_supervisor]: FULL ROTATE active (accum_rad=0.598, timed_fallback=False, stall_count=0)
[robot_supervisor-10] [INFO] [1776844377.132927104] [robot_1.robot_supervisor]: FULL ROTATE active (accum_rad=0.698, timed_fallback=False, stall_count=0)
[robot_supervisor-19] [INFO] [1776844377.140614592] [robot_4.robot_supervisor]: Selected controllable event: EV_move_forward
[robot_supervisor-7] [INFO] [1776844377.180264447] [robot_0.robot_supervisor]: Selected controllable event: EV_full_rotate
[robot_supervisor-7] [INFO] [1776844377.180713608] [robot_0.robot_supervisor]: full_rotate blocked by cooldown; stopping this tick
[robot_supervisor-10] [INFO] [1776844377.232794165] [robot_1.robot_supervisor]: FULL ROTATE active (accum_rad=0.798, timed_fallback=False, stall_count=0)
[robot_supervisor-7] [INFO] [1776844377.280208584] [robot_0.robot_supervisor]: Selected controllable event: EV_rotate_clockwise
[robot_supervisor-7] [INFO] [1776844377.280684052] [robot_0.robot_supervisor]: rotate_90 blocked by recent completion; stopping this tick
[robot_supervisor-10] [INFO] [1776844377.332905992] [robot_1.robot_supervisor]: FULL ROTATE active (accum_rad=0.898, timed_fallback=False, stall_count=0)
[robot_supervisor-7] [INFO] [1776844377.380095316] [robot_0.robot_supervisor]: Selected controllable event: EV_full_rotate
[robot_supervisor-7] [INFO] [1776844377.380494062] [robot_0.robot_supervisor]: full_rotate blocked by cooldown; stopping this tick
[robot_supervisor-10] [INFO] [1776844377.433272541] [robot_1.robot_supervisor]: FULL ROTATE active (accum_rad=0.998, timed_fallback=False, stall_count=0)
[robot_supervisor-19] [INFO] [1776844377.440307792] [robot_4.robot_supervisor]: Selected controllable event: EV_random_walk
[robot_supervisor-7] [INFO] [1776844377.480201077] [robot_0.robot_supervisor]: Selected controllable event: EV_rotate_clockwise
[robot_supervisor-10] [INFO] [1776844377.532916401] [robot_1.robot_supervisor]: FULL ROTATE active (accum_rad=1.098, timed_fallback=False, stall_count=0)
[robot_supervisor-10] [INFO] [1776844377.632761812] [robot_1.robot_supervisor]: FULL ROTATE active (accum_rad=1.198, timed_fallback=False, stall_count=0)
[robot_supervisor-10] [INFO] [1776844377.732797195] [robot_1.robot_supervisor]: FULL ROTATE active (accum_rad=1.298, timed_fallback=False, stall_count=0)
[robot_supervisor-19] [INFO] [1776844377.740273404] [robot_4.robot_supervisor]: Selected controllable event: EV_move_forward
[robot_supervisor-10] [INFO] [1776844377.832754343] [robot_1.robot_supervisor]: FULL ROTATE active (accum_rad=1.398, timed_fallback=False, stall_count=0)
[robot_supervisor-10] [INFO] [1776844377.932770248] [robot_1.robot_supervisor]: FULL ROTATE active (accum_rad=1.498, timed_fallback=False, stall_count=0)
[robot_supervisor-10] [INFO] [1776844378.032781328] [robot_1.robot_supervisor]: FULL ROTATE active (accum_rad=1.598, timed_fallback=False, stall_count=0)
[robot_supervisor-19] [INFO] [1776844378.040306267] [robot_4.robot_supervisor]: Selected controllable event: EV_random_walk
[robot_supervisor-10] [INFO] [1776844378.132752975] [robot_1.robot_supervisor]: FULL ROTATE active (accum_rad=1.698, timed_fallback=False, stall_count=0)
[image_processor-24] [INFO] [1776844378.175988513] [robot_3.image_processor]: Zone=LEFT
[image_processor-23] [INFO] [1776844378.192420108] [robot_2.image_processor]: Zone=RIGHT
[image_processor-21] [INFO] [1776844378.204073595] [robot_0.image_processor]: Zone=RIGHT  left[p=1.574 near=0 v=7650]  front[p=0.869 near=606 v=13500]  right[p=0.442 near=7740 v=7740]
[robot_supervisor-7] [INFO] [1776844378.204644792] [robot_0.robot_supervisor]: Detected zone changed to RIGHT
[image_processor-25] [INFO] [1776844378.213020051] [robot_4.image_processor]: Zone=CLEAR
[robot_supervisor-10] [INFO] [1776844378.233123772] [robot_1.robot_supervisor]: FULL ROTATE active (accum_rad=1.798, timed_fallback=False, stall_count=0)
[image_processor-22] [INFO] [1776844378.237377609] [robot_1.image_processor]: Zone=CORNER
[robot_supervisor-10] [INFO] [1776844378.332860989] [robot_1.robot_supervisor]: FULL ROTATE active (accum_rad=1.898, timed_fallback=False, stall_count=0)
[robot_supervisor-19] [INFO] [1776844378.340243250] [robot_4.robot_supervisor]: Selected controllable event: EV_move_forward
[robot_supervisor-10] [INFO] [1776844378.432999190] [robot_1.robot_supervisor]: FULL ROTATE active (accum_rad=1.998, timed_fallback=False, stall_count=0)
[robot_supervisor-16] [INFO] [1776844378.478344367] [robot_3.robot_supervisor]: Selected controllable event: EV_rotate_clockwise
[robot_supervisor-16] [INFO] [1776844378.478723795] [robot_3.robot_supervisor]: rotate_90 blocked by recent completion; stopping this tick
[robot_supervisor-10] [INFO] [1776844378.532865779] [robot_1.robot_supervisor]: FULL ROTATE active (accum_rad=2.098, timed_fallback=False, stall_count=0)
[robot_supervisor-16] [INFO] [1776844378.578102481] [robot_3.robot_supervisor]: Selected controllable event: EV_rotate_clockwise
[robot_supervisor-16] [INFO] [1776844378.578354276] [robot_3.robot_supervisor]: rotate_90 blocked by recent completion; stopping this tick
[robot_supervisor-10] [INFO] [1776844378.633012480] [robot_1.robot_supervisor]: FULL ROTATE active (accum_rad=2.198, timed_fallback=False, stall_count=0)
[robot_supervisor-13] [INFO] [1776844378.633305158] [robot_2.robot_supervisor]: Selected controllable event: EV_rotate_counterclockwise
[robot_supervisor-13] [INFO] [1776844378.633738603] [robot_2.robot_supervisor]: rotate_90 blocked by recent completion; stopping this tick
[robot_supervisor-19] [INFO] [1776844378.640664346] [robot_4.robot_supervisor]: Selected controllable event: EV_random_walk
[robot_supervisor-16] [INFO] [1776844378.678185326] [robot_3.robot_supervisor]: Selected controllable event: EV_rotate_clockwise
[robot_supervisor-10] [INFO] [1776844378.732759976] [robot_1.robot_supervisor]: FULL ROTATE active (accum_rad=2.298, timed_fallback=False, stall_count=0)
[robot_supervisor-13] [INFO] [1776844378.733263628] [robot_2.robot_supervisor]: Selected controllable event: EV_rotate_counterclockwise
[robot_supervisor-13] [INFO] [1776844378.733939098] [robot_2.robot_supervisor]: rotate_90 blocked by recent completion; stopping this tick
[robot_supervisor-10] [INFO] [1776844378.832931765] [robot_1.robot_supervisor]: FULL ROTATE active (accum_rad=2.398, timed_fallback=False, stall_count=0)
[robot_supervisor-13] [INFO] [1776844378.833032373] [robot_2.robot_supervisor]: Selected controllable event: EV_rotate_counterclockwise
[robot_supervisor-10] [INFO] [1776844378.932996558] [robot_1.robot_supervisor]: FULL ROTATE active (accum_rad=2.498, timed_fallback=False, stall_count=0)
[robot_supervisor-19] [INFO] [1776844378.940260162] [robot_4.robot_supervisor]: Selected controllable event: EV_move_forward
[robot_supervisor-10] [INFO] [1776844379.032957465] [robot_1.robot_supervisor]: FULL ROTATE active (accum_rad=2.598, timed_fallback=False, stall_count=0)
[robot_supervisor-10] [INFO] [1776844379.133181322] [robot_1.robot_supervisor]: FULL ROTATE active (accum_rad=2.698, timed_fallback=False, stall_count=0)
[robot_supervisor-10] [INFO] [1776844379.233229306] [robot_1.robot_supervisor]: FULL ROTATE active (accum_rad=2.798, timed_fallback=False, stall_count=0)
[robot_supervisor-19] [INFO] [1776844379.240357166] [robot_4.robot_supervisor]: Selected controllable event: EV_random_walk
[robot_supervisor-10] [INFO] [1776844379.332796152] [robot_1.robot_supervisor]: FULL ROTATE active (accum_rad=2.898, timed_fallback=False, stall_count=0)
[robot_supervisor-10] [INFO] [1776844379.432945824] [robot_1.robot_supervisor]: FULL ROTATE active (accum_rad=2.998, timed_fallback=False, stall_count=0)
[robot_supervisor-10] [INFO] [1776844379.532938292] [robot_1.robot_supervisor]: FULL ROTATE active (accum_rad=3.098, timed_fallback=False, stall_count=0)
[robot_supervisor-10] [INFO] [1776844379.533477168] [robot_1.robot_supervisor]: FULL ROTATE completed by odom (accum_rad=3.198)
[robot_supervisor-10] [INFO] [1776844379.533951152] [robot_1.robot_supervisor]: FULL ROTATE stopped; supervisor will select next event next tick
[robot_supervisor-19] [INFO] [1776844379.540241636] [robot_4.robot_supervisor]: Selected controllable event: EV_move_forward
[robot_supervisor-7] [INFO] [1776844379.580409659] [robot_0.robot_supervisor]: Selected controllable event: EV_rotate_clockwise
[robot_supervisor-7] [INFO] [1776844379.580955450] [robot_0.robot_supervisor]: rotate_90 blocked by recent completion; stopping this tick
[robot_supervisor-7] [INFO] [1776844379.680225726] [robot_0.robot_supervisor]: Selected controllable event: EV_rotate_counterclockwise
[robot_supervisor-7] [INFO] [1776844379.680636869] [robot_0.robot_supervisor]: rotate_90 blocked by recent completion; stopping this tick
[robot_supervisor-7] [INFO] [1776844379.780443783] [robot_0.robot_supervisor]: Selected controllable event: EV_rotate_counterclockwise
[robot_supervisor-7] [INFO] [1776844379.781009245] [robot_0.robot_supervisor]: rotate_90 blocked by recent completion; stopping this tick
[robot_supervisor-19] [INFO] [1776844379.840096175] [robot_4.robot_supervisor]: Selected controllable event: EV_random_walk
[robot_supervisor-7] [INFO] [1776844379.880396773] [robot_0.robot_supervisor]: Selected controllable event: EV_rotate_counterclockwise
[robot_supervisor-10] [INFO] [1776844379.932999810] [robot_1.robot_supervisor]: Selected controllable event: EV_rotate_clockwise
[robot_supervisor-19] [INFO] [1776844380.140274917] [robot_4.robot_supervisor]: Selected controllable event: EV_move_forward
[robot_supervisor-19] [INFO] [1776844380.440335902] [robot_4.robot_supervisor]: Selected controllable event: EV_random_walk
[image_processor-24] [INFO] [1776844380.666959485] [robot_3.image_processor]: Zone=CORNER  left[p=0.569 near=2947 v=6065]  front[p=0.544 near=13500 v=13500]  right[p=0.525 near=7740 v=7740]
[robot_supervisor-16] [INFO] [1776844380.667641728] [robot_3.robot_supervisor]: Detected zone changed to CORNER
[image_processor-23] [INFO] [1776844380.676131640] [robot_2.image_processor]: Zone=CLEAR  left[p=2.000 near=0 v=6954]  front[p=2.059 near=0 v=8712]  right[p=3.008 near=0 v=5306]
[robot_supervisor-13] [INFO] [1776844380.676962123] [robot_2.robot_supervisor]: Detected zone changed to CLEAR
[image_processor-21] [INFO] [1776844380.687960533] [robot_0.image_processor]: Zone=CORNER  left[p=1.092 near=0 v=7650]  front[p=0.441 near=11170 v=13500]  right[p=0.320 near=7740 v=7740]
[robot_supervisor-7] [INFO] [1776844380.688608031] [robot_0.robot_supervisor]: Detected zone changed to CORNER
[image_processor-25] [INFO] [1776844380.696888801] [robot_4.image_processor]: Zone=CORNER  left[p=0.366 near=7650 v=7650]  front[p=0.492 near=10607 v=13500]  right[p=1.058 near=0 v=7740]
[robot_supervisor-19] [INFO] [1776844380.697674153] [robot_4.robot_supervisor]: Detected zone changed to CORNER
[image_processor-22] [INFO] [1776844380.707885301] [robot_1.image_processor]: Zone=LEFT  left[p=0.749 near=2604 v=7650]  front[p=1.045 near=0 v=13500]  right[p=2.434 near=0 v=6917]
[robot_supervisor-10] [INFO] [1776844380.708450972] [robot_1.robot_supervisor]: Detected zone changed to LEFT
[robot_supervisor-19] [INFO] [1776844380.740097234] [robot_4.robot_supervisor]: Selected controllable event: EV_rotate_clockwise
[robot_supervisor-16] [INFO] [1776844380.778341301] [robot_3.robot_supervisor]: Selected controllable event: EV_full_rotate
[robot_supervisor-16] [INFO] [1776844380.778727164] [robot_3.robot_supervisor]: full_rotate blocked by cooldown; stopping this tick
[robot_supervisor-16] [INFO] [1776844380.878253755] [robot_3.robot_supervisor]: Selected controllable event: EV_rotate_clockwise
[robot_supervisor-16] [INFO] [1776844380.878618380] [robot_3.robot_supervisor]: rotate_90 blocked by recent completion; stopping this tick
[robot_supervisor-16] [INFO] [1776844380.978239865] [robot_3.robot_supervisor]: Selected controllable event: EV_full_rotate
[robot_supervisor-16] [INFO] [1776844380.978664376] [robot_3.robot_supervisor]: full_rotate blocked by cooldown; stopping this tick
[robot_supervisor-13] [INFO] [1776844381.032981124] [robot_2.robot_supervisor]: Selected controllable event: EV_random_walk
[robot_supervisor-16] [INFO] [1776844381.078159248] [robot_3.robot_supervisor]: Selected controllable event: EV_rotate_clockwise
[robot_supervisor-13] [INFO] [1776844381.332890420] [robot_2.robot_supervisor]: Selected controllable event: EV_move_forward
[robot_supervisor-13] [INFO] [1776844381.632876360] [robot_2.robot_supervisor]: Selected controllable event: EV_random_walk
[robot_supervisor-13] [INFO] [1776844381.933103439] [robot_2.robot_supervisor]: Selected controllable event: EV_move_forward
[robot_supervisor-7] [INFO] [1776844382.080359087] [robot_0.robot_supervisor]: Selected controllable event: EV_full_rotate
[robot_supervisor-7] [INFO] [1776844382.080745272] [robot_0.robot_supervisor]: full_rotate blocked by cooldown; stopping this tick
[robot_supervisor-10] [INFO] [1776844382.133072882] [robot_1.robot_supervisor]: Selected controllable event: EV_rotate_clockwise
[robot_supervisor-10] [INFO] [1776844382.133621721] [robot_1.robot_supervisor]: rotate_90 blocked by recent completion; stopping this tick
[robot_supervisor-7] [INFO] [1776844382.179961250] [robot_0.robot_supervisor]: Selected controllable event: EV_rotate_clockwise
[robot_supervisor-7] [INFO] [1776844382.180225978] [robot_0.robot_supervisor]: rotate_90 blocked by recent completion; stopping this tick
[robot_supervisor-10] [INFO] [1776844382.232901171] [robot_1.robot_supervisor]: Selected controllable event: EV_rotate_clockwise
[robot_supervisor-13] [INFO] [1776844382.232912347] [robot_2.robot_supervisor]: Selected controllable event: EV_random_walk
[robot_supervisor-10] [INFO] [1776844382.233244701] [robot_1.robot_supervisor]: rotate_90 blocked by recent completion; stopping this tick
[robot_supervisor-7] [INFO] [1776844382.280186334] [robot_0.robot_supervisor]: Selected controllable event: EV_full_rotate
[robot_supervisor-7] [INFO] [1776844382.280560713] [robot_0.robot_supervisor]: full_rotate blocked by cooldown; stopping this tick
[robot_supervisor-10] [INFO] [1776844382.333045654] [robot_1.robot_supervisor]: Selected controllable event: EV_rotate_clockwise
[robot_supervisor-7] [INFO] [1776844382.380158552] [robot_0.robot_supervisor]: Selected controllable event: EV_rotate_clockwise
[robot_supervisor-13] [INFO] [1776844382.532804180] [robot_2.robot_supervisor]: Selected controllable event: EV_move_forward
[robot_supervisor-13] [INFO] [1776844382.832941840] [robot_2.robot_supervisor]: Selected controllable event: EV_random_walk
[robot_supervisor-19] [INFO] [1776844382.840283489] [robot_4.robot_supervisor]: Selected controllable event: EV_full_rotate
[robot_supervisor-19] [INFO] [1776844382.840708714] [robot_4.robot_supervisor]: Starting FULL ROTATE (omega=1.000, have_odom=True, target_rad=3.142, timeout_s=3.500)
[robot_supervisor-19] [INFO] [1776844382.940219553] [robot_4.robot_supervisor]: FULL ROTATE active (accum_rad=0.000, timed_fallback=False, stall_count=0)
[robot_supervisor-19] [INFO] [1776844383.040213643] [robot_4.robot_supervisor]: FULL ROTATE active (accum_rad=0.005, timed_fallback=False, stall_count=0)
[robot_supervisor-13] [INFO] [1776844383.133247254] [robot_2.robot_supervisor]: Selected controllable event: EV_move_forward
[robot_supervisor-19] [INFO] [1776844383.140237878] [robot_4.robot_supervisor]: FULL ROTATE active (accum_rad=0.030, timed_fallback=False, stall_count=0)
[image_processor-24] [INFO] [1776844383.169782258] [robot_3.image_processor]: Zone=LEFT  left[p=0.752 near=1559 v=7637]  front[p=1.189 near=0 v=13432]  right[p=0.768 near=1701 v=7740]
[robot_supervisor-16] [INFO] [1776844383.170712576] [robot_3.robot_supervisor]: Detected zone changed to LEFT
[image_processor-23] [INFO] [1776844383.179082683] [robot_2.image_processor]: Zone=CLEAR
[image_processor-21] [INFO] [1776844383.188132305] [robot_0.image_processor]: Zone=CORNER
[image_processor-25] [INFO] [1776844383.199136119] [robot_4.image_processor]: Zone=CLEAR  left[p=2.648 near=0 v=7650]  front[p=1.707 near=0 v=10049]  right[p=1.552 near=0 v=4982]
[robot_supervisor-19] [INFO] [1776844383.199914635] [robot_4.robot_supervisor]: Detected zone changed to CLEAR
[image_processor-22] [INFO] [1776844383.222294374] [robot_1.image_processor]: Zone=CORNER  left[p=0.434 near=7650 v=7650]  front[p=0.515 near=13427 v=13427]  right[p=2.770 near=140 v=5175]
[robot_supervisor-10] [INFO] [1776844383.222959474] [robot_1.robot_supervisor]: Detected zone changed to CORNER
[robot_supervisor-19] [INFO] [1776844383.240162129] [robot_4.robot_supervisor]: FULL ROTATE active (accum_rad=0.084, timed_fallback=False, stall_count=0)
[robot_supervisor-16] [INFO] [1776844383.278451291] [robot_3.robot_supervisor]: Selected controllable event: EV_rotate_clockwise
[robot_supervisor-16] [INFO] [1776844383.278983865] [robot_3.robot_supervisor]: rotate_90 blocked by recent completion; stopping this tick
[robot_supervisor-19] [INFO] [1776844383.340186523] [robot_4.robot_supervisor]: FULL ROTATE active (accum_rad=0.169, timed_fallback=False, stall_count=0)
[robot_supervisor-16] [INFO] [1776844383.378254145] [robot_3.robot_supervisor]: Selected controllable event: EV_rotate_clockwise
[robot_supervisor-16] [INFO] [1776844383.378646919] [robot_3.robot_supervisor]: rotate_90 blocked by recent completion; stopping this tick
[robot_supervisor-13] [INFO] [1776844383.432859280] [robot_2.robot_supervisor]: Selected controllable event: EV_random_walk
[robot_supervisor-19] [INFO] [1776844383.440214628] [robot_4.robot_supervisor]: FULL ROTATE active (accum_rad=0.269, timed_fallback=False, stall_count=0)
[robot_supervisor-16] [INFO] [1776844383.478292557] [robot_3.robot_supervisor]: Selected controllable event: EV_rotate_clockwise
[robot_supervisor-19] [INFO] [1776844383.540183421] [robot_4.robot_supervisor]: FULL ROTATE active (accum_rad=0.369, timed_fallback=False, stall_count=0)
[robot_supervisor-19] [INFO] [1776844383.640177385] [robot_4.robot_supervisor]: FULL ROTATE active (accum_rad=0.469, timed_fallback=False, stall_count=0)
[robot_supervisor-13] [INFO] [1776844383.732835802] [robot_2.robot_supervisor]: Selected controllable event: EV_move_forward
[robot_supervisor-19] [INFO] [1776844383.740089554] [robot_4.robot_supervisor]: FULL ROTATE active (accum_rad=0.569, timed_fallback=False, stall_count=0)
[robot_supervisor-19] [INFO] [1776844383.840193856] [robot_4.robot_supervisor]: FULL ROTATE active (accum_rad=0.669, timed_fallback=False, stall_count=0)
[robot_supervisor-19] [INFO] [1776844383.940226499] [robot_4.robot_supervisor]: FULL ROTATE active (accum_rad=0.769, timed_fallback=False, stall_count=0)
[robot_supervisor-13] [INFO] [1776844384.032920889] [robot_2.robot_supervisor]: Selected controllable event: EV_random_walk
[robot_supervisor-19] [INFO] [1776844384.040188651] [robot_4.robot_supervisor]: FULL ROTATE active (accum_rad=0.869, timed_fallback=False, stall_count=0)
[robot_supervisor-19] [INFO] [1776844384.140182441] [robot_4.robot_supervisor]: FULL ROTATE active (accum_rad=0.969, timed_fallback=False, stall_count=0)
[robot_supervisor-19] [INFO] [1776844384.240223275] [robot_4.robot_supervisor]: FULL ROTATE active (accum_rad=1.069, timed_fallback=False, stall_count=0)
[robot_supervisor-13] [INFO] [1776844384.332906722] [robot_2.robot_supervisor]: Selected controllable event: EV_move_forward
[robot_supervisor-19] [INFO] [1776844384.340184871] [robot_4.robot_supervisor]: FULL ROTATE active (accum_rad=1.169, timed_fallback=False, stall_count=0)
[robot_supervisor-10] [INFO] [1776844384.433095545] [robot_1.robot_supervisor]: Selected controllable event: EV_rotate_clockwise
[robot_supervisor-10] [INFO] [1776844384.433490083] [robot_1.robot_supervisor]: rotate_90 blocked by recent completion; stopping this tick
[robot_supervisor-19] [INFO] [1776844384.440258186] [robot_4.robot_supervisor]: FULL ROTATE active (accum_rad=1.269, timed_fallback=False, stall_count=0)
[robot_supervisor-10] [INFO] [1776844384.533020331] [robot_1.robot_supervisor]: Selected controllable event: EV_full_rotate
[robot_supervisor-10] [INFO] [1776844384.533409182] [robot_1.robot_supervisor]: full_rotate blocked by cooldown; stopping this tick
[robot_supervisor-19] [INFO] [1776844384.540278354] [robot_4.robot_supervisor]: FULL ROTATE active (accum_rad=1.369, timed_fallback=False, stall_count=0)
[robot_supervisor-7] [INFO] [1776844384.580472496] [robot_0.robot_supervisor]: Selected controllable event: EV_full_rotate
[robot_supervisor-7] [INFO] [1776844384.581088422] [robot_0.robot_supervisor]: Starting FULL ROTATE (omega=1.000, have_odom=True, target_rad=3.142, timeout_s=3.500)
[robot_supervisor-13] [INFO] [1776844384.632874988] [robot_2.robot_supervisor]: Selected controllable event: EV_random_walk
[robot_supervisor-10] [INFO] [1776844384.632966779] [robot_1.robot_supervisor]: Selected controllable event: EV_rotate_clockwise
[robot_supervisor-10] [INFO] [1776844384.633360807] [robot_1.robot_supervisor]: rotate_90 blocked by recent completion; stopping this tick
[robot_supervisor-19] [INFO] [1776844384.640196121] [robot_4.robot_supervisor]: FULL ROTATE active (accum_rad=1.469, timed_fallback=False, stall_count=0)
[robot_supervisor-7] [INFO] [1776844384.680138215] [robot_0.robot_supervisor]: FULL ROTATE active (accum_rad=0.000, timed_fallback=False, stall_count=0)
[robot_supervisor-10] [INFO] [1776844384.733092596] [robot_1.robot_supervisor]: Selected controllable event: EV_full_rotate
[robot_supervisor-10] [INFO] [1776844384.733576004] [robot_1.robot_supervisor]: full_rotate blocked by cooldown; stopping this tick
[robot_supervisor-19] [INFO] [1776844384.740258940] [robot_4.robot_supervisor]: FULL ROTATE active (accum_rad=1.569, timed_fallback=False, stall_count=0)
[robot_supervisor-7] [INFO] [1776844384.780099945] [robot_0.robot_supervisor]: FULL ROTATE active (accum_rad=0.006, timed_fallback=False, stall_count=0)
[robot_supervisor-10] [INFO] [1776844384.832975418] [robot_1.robot_supervisor]: Selected controllable event: EV_rotate_clockwise
[robot_supervisor-19] [INFO] [1776844384.840243772] [robot_4.robot_supervisor]: FULL ROTATE active (accum_rad=1.669, timed_fallback=False, stall_count=0)
[robot_supervisor-7] [INFO] [1776844384.880076837] [robot_0.robot_supervisor]: FULL ROTATE active (accum_rad=0.041, timed_fallback=False, stall_count=0)
[robot_supervisor-13] [INFO] [1776844384.932875576] [robot_2.robot_supervisor]: Selected controllable event: EV_move_forward
[robot_supervisor-19] [INFO] [1776844384.940233636] [robot_4.robot_supervisor]: FULL ROTATE active (accum_rad=1.769, timed_fallback=False, stall_count=0)
[robot_supervisor-7] [INFO] [1776844384.980104320] [robot_0.robot_supervisor]: FULL ROTATE active (accum_rad=0.105, timed_fallback=False, stall_count=0)
[robot_supervisor-19] [INFO] [1776844385.040195680] [robot_4.robot_supervisor]: FULL ROTATE active (accum_rad=1.869, timed_fallback=False, stall_count=0)
[robot_supervisor-7] [INFO] [1776844385.080132581] [robot_0.robot_supervisor]: FULL ROTATE active (accum_rad=0.198, timed_fallback=False, stall_count=0)
[robot_supervisor-19] [INFO] [1776844385.140217271] [robot_4.robot_supervisor]: FULL ROTATE active (accum_rad=1.969, timed_fallback=False, stall_count=0)
[robot_supervisor-7] [INFO] [1776844385.180213776] [robot_0.robot_supervisor]: FULL ROTATE active (accum_rad=0.298, timed_fallback=False, stall_count=0)
[robot_supervisor-13] [INFO] [1776844385.232745506] [robot_2.robot_supervisor]: Selected controllable event: EV_random_walk
[robot_supervisor-19] [INFO] [1776844385.240179229] [robot_4.robot_supervisor]: FULL ROTATE active (accum_rad=2.069, timed_fallback=False, stall_count=0)
[robot_supervisor-7] [INFO] [1776844385.280016736] [robot_0.robot_supervisor]: FULL ROTATE active (accum_rad=0.398, timed_fallback=False, stall_count=0)
[robot_supervisor-19] [INFO] [1776844385.340221469] [robot_4.robot_supervisor]: FULL ROTATE active (accum_rad=2.169, timed_fallback=False, stall_count=0)
[robot_supervisor-7] [INFO] [1776844385.379901689] [robot_0.robot_supervisor]: FULL ROTATE active (accum_rad=0.498, timed_fallback=False, stall_count=0)
[robot_supervisor-19] [INFO] [1776844385.440209825] [robot_4.robot_supervisor]: FULL ROTATE active (accum_rad=2.269, timed_fallback=False, stall_count=0)
[robot_supervisor-7] [INFO] [1776844385.480128431] [robot_0.robot_supervisor]: FULL ROTATE active (accum_rad=0.598, timed_fallback=False, stall_count=0)
[robot_supervisor-13] [INFO] [1776844385.532939200] [robot_2.robot_supervisor]: Selected controllable event: EV_move_forward
[robot_supervisor-19] [INFO] [1776844385.540250535] [robot_4.robot_supervisor]: FULL ROTATE active (accum_rad=2.369, timed_fallback=False, stall_count=0)
[robot_supervisor-16] [INFO] [1776844385.578453116] [robot_3.robot_supervisor]: Selected controllable event: EV_rotate_clockwise
[robot_supervisor-16] [INFO] [1776844385.578876226] [robot_3.robot_supervisor]: rotate_90 blocked by recent completion; stopping this tick
[robot_supervisor-7] [INFO] [1776844385.580041055] [robot_0.robot_supervisor]: FULL ROTATE active (accum_rad=0.698, timed_fallback=False, stall_count=0)
[robot_supervisor-19] [INFO] [1776844385.640207992] [robot_4.robot_supervisor]: FULL ROTATE active (accum_rad=2.469, timed_fallback=False, stall_count=0)
[image_processor-24] [INFO] [1776844385.669779942] [robot_3.image_processor]: Zone=LEFT
[robot_supervisor-16] [INFO] [1776844385.678353608] [robot_3.robot_supervisor]: Selected controllable event: EV_rotate_clockwise
[robot_supervisor-16] [INFO] [1776844385.678794368] [robot_3.robot_supervisor]: rotate_90 blocked by recent completion; stopping this tick
[robot_supervisor-7] [INFO] [1776844385.680204275] [robot_0.robot_supervisor]: FULL ROTATE active (accum_rad=0.798, timed_fallback=False, stall_count=0)
[image_processor-23] [INFO] [1776844385.683889966] [robot_2.image_processor]: Zone=CLEAR
[image_processor-21] [INFO] [1776844385.697657225] [robot_0.image_processor]: Zone=CORNER
[image_processor-25] [INFO] [1776844385.707575139] [robot_4.image_processor]: Zone=CORNER  left[p=0.454 near=7650 v=7650]  front[p=0.433 near=13500 v=13500]  right[p=0.417 near=7740 v=7740]
[robot_supervisor-19] [INFO] [1776844385.708366395] [robot_4.robot_supervisor]: Detected zone changed to CORNER
[image_processor-22] [INFO] [1776844385.717655939] [robot_1.image_processor]: Zone=CORNER
[robot_supervisor-19] [INFO] [1776844385.740198870] [robot_4.robot_supervisor]: FULL ROTATE active (accum_rad=2.569, timed_fallback=False, stall_count=0)
[robot_supervisor-16] [INFO] [1776844385.778424879] [robot_3.robot_supervisor]: Selected controllable event: EV_rotate_clockwise
[robot_supervisor-16] [INFO] [1776844385.778832953] [robot_3.robot_supervisor]: rotate_90 blocked by recent completion; stopping this tick
[robot_supervisor-7] [INFO] [1776844385.780290739] [robot_0.robot_supervisor]: FULL ROTATE active (accum_rad=0.898, timed_fallback=False, stall_count=0)
[robot_supervisor-13] [INFO] [1776844385.832858540] [robot_2.robot_supervisor]: Selected controllable event: EV_random_walk
[robot_supervisor-19] [INFO] [1776844385.840194145] [robot_4.robot_supervisor]: FULL ROTATE active (accum_rad=2.669, timed_fallback=False, stall_count=0)
[robot_supervisor-16] [INFO] [1776844385.878696059] [robot_3.robot_supervisor]: Selected controllable event: EV_rotate_clockwise
[robot_supervisor-7] [INFO] [1776844385.880491076] [robot_0.robot_supervisor]: FULL ROTATE active (accum_rad=0.998, timed_fallback=False, stall_count=0)
[robot_supervisor-19] [INFO] [1776844385.940571676] [robot_4.robot_supervisor]: FULL ROTATE active (accum_rad=2.769, timed_fallback=False, stall_count=0)
[robot_supervisor-7] [INFO] [1776844385.980160895] [robot_0.robot_supervisor]: FULL ROTATE active (accum_rad=1.098, timed_fallback=False, stall_count=0)
[robot_supervisor-19] [INFO] [1776844386.040225568] [robot_4.robot_supervisor]: FULL ROTATE active (accum_rad=2.869, timed_fallback=False, stall_count=0)
[robot_supervisor-7] [INFO] [1776844386.080365808] [robot_0.robot_supervisor]: FULL ROTATE active (accum_rad=1.198, timed_fallback=False, stall_count=0)
[robot_supervisor-13] [INFO] [1776844386.132836145] [robot_2.robot_supervisor]: Selected controllable event: EV_move_forward
[robot_supervisor-19] [INFO] [1776844386.140195423] [robot_4.robot_supervisor]: FULL ROTATE active (accum_rad=2.969, timed_fallback=False, stall_count=0)
[robot_supervisor-7] [INFO] [1776844386.180194334] [robot_0.robot_supervisor]: FULL ROTATE active (accum_rad=1.298, timed_fallback=False, stall_count=0)
[robot_supervisor-19] [INFO] [1776844386.240189462] [robot_4.robot_supervisor]: FULL ROTATE active (accum_rad=3.069, timed_fallback=False, stall_count=0)
[robot_supervisor-19] [INFO] [1776844386.240677493] [robot_4.robot_supervisor]: FULL ROTATE completed by odom (accum_rad=3.169)
[robot_supervisor-19] [INFO] [1776844386.241156633] [robot_4.robot_supervisor]: FULL ROTATE stopped; supervisor will select next event next tick
[robot_supervisor-7] [INFO] [1776844386.280135280] [robot_0.robot_supervisor]: FULL ROTATE active (accum_rad=1.398, timed_fallback=False, stall_count=0)
[robot_supervisor-7] [INFO] [1776844386.380452066] [robot_0.robot_supervisor]: FULL ROTATE active (accum_rad=1.498, timed_fallback=False, stall_count=0)
[robot_supervisor-13] [INFO] [1776844386.432909948] [robot_2.robot_supervisor]: Selected controllable event: EV_random_walk
[robot_supervisor-7] [INFO] [1776844386.480142772] [robot_0.robot_supervisor]: FULL ROTATE active (accum_rad=1.598, timed_fallback=False, stall_count=0)
[robot_supervisor-19] [INFO] [1776844386.540133919] [robot_4.robot_supervisor]: Selected controllable event: EV_rotate_clockwise
[robot_supervisor-7] [INFO] [1776844386.580049703] [robot_0.robot_supervisor]: FULL ROTATE active (accum_rad=1.698, timed_fallback=False, stall_count=0)
[robot_supervisor-7] [INFO] [1776844386.679948840] [robot_0.robot_supervisor]: FULL ROTATE active (accum_rad=1.798, timed_fallback=False, stall_count=0)
[robot_supervisor-13] [INFO] [1776844386.733150281] [robot_2.robot_supervisor]: Selected controllable event: EV_move_forward
[robot_supervisor-7] [INFO] [1776844386.780062352] [robot_0.robot_supervisor]: FULL ROTATE active (accum_rad=1.898, timed_fallback=False, stall_count=0)
[robot_supervisor-7] [INFO] [1776844386.880100230] [robot_0.robot_supervisor]: FULL ROTATE active (accum_rad=1.998, timed_fallback=False, stall_count=0)
[robot_supervisor-7] [INFO] [1776844386.980107324] [robot_0.robot_supervisor]: FULL ROTATE active (accum_rad=2.098, timed_fallback=False, stall_count=0)
[robot_supervisor-13] [INFO] [1776844387.032890347] [robot_2.robot_supervisor]: Selected controllable event: EV_random_walk
[robot_supervisor-10] [INFO] [1776844387.032970965] [robot_1.robot_supervisor]: Selected controllable event: EV_full_rotate
[robot_supervisor-10] [INFO] [1776844387.033414104] [robot_1.robot_supervisor]: Starting FULL ROTATE (omega=1.000, have_odom=True, target_rad=3.142, timeout_s=3.500)
[robot_supervisor-7] [INFO] [1776844387.080000195] [robot_0.robot_supervisor]: FULL ROTATE active (accum_rad=2.198, timed_fallback=False, stall_count=0)
[robot_supervisor-10] [INFO] [1776844387.132927734] [robot_1.robot_supervisor]: FULL ROTATE active (accum_rad=0.000, timed_fallback=False, stall_count=0)
[robot_supervisor-7] [INFO] [1776844387.179965929] [robot_0.robot_supervisor]: FULL ROTATE active (accum_rad=2.298, timed_fallback=False, stall_count=0)
[robot_supervisor-10] [INFO] [1776844387.232986203] [robot_1.robot_supervisor]: FULL ROTATE active (accum_rad=0.006, timed_fallback=False, stall_count=0)
[robot_supervisor-7] [INFO] [1776844387.280062215] [robot_0.robot_supervisor]: FULL ROTATE active (accum_rad=2.398, timed_fallback=False, stall_count=0)
[robot_supervisor-13] [INFO] [1776844387.333172185] [robot_2.robot_supervisor]: Selected controllable event: EV_move_forward
[robot_supervisor-10] [INFO] [1776844387.333189422] [robot_1.robot_supervisor]: FULL ROTATE active (accum_rad=0.041, timed_fallback=False, stall_count=0)
[robot_supervisor-7] [INFO] [1776844387.380060805] [robot_0.robot_supervisor]: FULL ROTATE active (accum_rad=2.498, timed_fallback=False, stall_count=0)
[robot_supervisor-10] [INFO] [1776844387.433221691] [robot_1.robot_supervisor]: FULL ROTATE active (accum_rad=0.105, timed_fallback=False, stall_count=0)
[robot_supervisor-7] [INFO] [1776844387.480103453] [robot_0.robot_supervisor]: FULL ROTATE active (accum_rad=2.598, timed_fallback=False, stall_count=0)
[robot_supervisor-10] [INFO] [1776844387.532845778] [robot_1.robot_supervisor]: FULL ROTATE active (accum_rad=0.198, timed_fallback=False, stall_count=0)
[robot_supervisor-7] [INFO] [1776844387.580088570] [robot_0.robot_supervisor]: FULL ROTATE active (accum_rad=2.698, timed_fallback=False, stall_count=0)
[robot_supervisor-10] [INFO] [1776844387.632826286] [robot_1.robot_supervisor]: FULL ROTATE active (accum_rad=0.298, timed_fallback=False, stall_count=0)
[robot_supervisor-13] [INFO] [1776844387.632892632] [robot_2.robot_supervisor]: Selected controllable event: EV_random_walk
[robot_supervisor-7] [INFO] [1776844387.680207528] [robot_0.robot_supervisor]: FULL ROTATE active (accum_rad=2.798, timed_fallback=False, stall_count=0)
[robot_supervisor-10] [INFO] [1776844387.732992156] [robot_1.robot_supervisor]: FULL ROTATE active (accum_rad=0.398, timed_fallback=False, stall_count=0)
[robot_supervisor-7] [INFO] [1776844387.780093523] [robot_0.robot_supervisor]: FULL ROTATE active (accum_rad=2.898, timed_fallback=False, stall_count=0)
[robot_supervisor-10] [INFO] [1776844387.832954626] [robot_1.robot_supervisor]: FULL ROTATE active (accum_rad=0.498, timed_fallback=False, stall_count=0)
[robot_supervisor-7] [INFO] [1776844387.880149541] [robot_0.robot_supervisor]: FULL ROTATE active (accum_rad=2.998, timed_fallback=False, stall_count=0)
[robot_supervisor-10] [INFO] [1776844387.932975970] [robot_1.robot_supervisor]: FULL ROTATE active (accum_rad=0.598, timed_fallback=False, stall_count=0)
[robot_supervisor-13] [INFO] [1776844387.933263633] [robot_2.robot_supervisor]: Selected controllable event: EV_move_forward
[robot_supervisor-7] [INFO] [1776844387.980048770] [robot_0.robot_supervisor]: FULL ROTATE active (accum_rad=3.098, timed_fallback=False, stall_count=0)
[robot_supervisor-7] [INFO] [1776844387.980589526] [robot_0.robot_supervisor]: FULL ROTATE completed by odom (accum_rad=3.198)
[robot_supervisor-7] [INFO] [1776844387.981041594] [robot_0.robot_supervisor]: FULL ROTATE stopped; supervisor will select next event next tick
[robot_supervisor-10] [INFO] [1776844388.032984650] [robot_1.robot_supervisor]: FULL ROTATE active (accum_rad=0.698, timed_fallback=False, stall_count=0)
[robot_supervisor-16] [INFO] [1776844388.078902463] [robot_3.robot_supervisor]: Selected controllable event: EV_rotate_clockwise
[robot_supervisor-16] [INFO] [1776844388.079673371] [robot_3.robot_supervisor]: rotate_90 blocked by recent completion; stopping this tick
[robot_supervisor-10] [INFO] [1776844388.133313610] [robot_1.robot_supervisor]: FULL ROTATE active (accum_rad=0.798, timed_fallback=False, stall_count=0)
[image_processor-24] [INFO] [1776844388.174767240] [robot_3.image_processor]: Zone=LEFT
[robot_supervisor-16] [INFO] [1776844388.178298498] [robot_3.robot_supervisor]: Selected controllable event: EV_rotate_clockwise
[robot_supervisor-16] [INFO] [1776844388.178653226] [robot_3.robot_supervisor]: rotate_90 blocked by recent completion; stopping this tick
[image_processor-23] [INFO] [1776844388.183668853] [robot_2.image_processor]: Zone=CLEAR
[image_processor-21] [INFO] [1776844388.200146450] [robot_0.image_processor]: Zone=CLEAR  left[p=2.487 near=0 v=7407]  front[p=0.939 near=0 v=12548]  right[p=0.915 near=0 v=7740]
[robot_supervisor-7] [INFO] [1776844388.201002375] [robot_0.robot_supervisor]: Detected zone changed to CLEAR
[image_processor-25] [INFO] [1776844388.208974658] [robot_4.image_processor]: Zone=CORNER
[image_processor-22] [INFO] [1776844388.219062632] [robot_1.image_processor]: Zone=CORNER
[robot_supervisor-10] [INFO] [1776844388.232791524] [robot_1.robot_supervisor]: FULL ROTATE active (accum_rad=0.898, timed_fallback=False, stall_count=0)
[robot_supervisor-13] [INFO] [1776844388.233029182] [robot_2.robot_supervisor]: Selected controllable event: EV_random_walk
[robot_supervisor-16] [INFO] [1776844388.278678743] [robot_3.robot_supervisor]: Selected controllable event: EV_rotate_clockwise
[robot_supervisor-7] [INFO] [1776844388.280194495] [robot_0.robot_supervisor]: Selected controllable event: EV_random_walk
[robot_supervisor-10] [INFO] [1776844388.332955815] [robot_1.robot_supervisor]: FULL ROTATE active (accum_rad=0.998, timed_fallback=False, stall_count=0)
[robot_supervisor-10] [INFO] [1776844388.432984599] [robot_1.robot_supervisor]: FULL ROTATE active (accum_rad=1.098, timed_fallback=False, stall_count=0)
[robot_supervisor-13] [INFO] [1776844388.532904415] [robot_2.robot_supervisor]: Selected controllable event: EV_move_forward
[robot_supervisor-10] [INFO] [1776844388.533223964] [robot_1.robot_supervisor]: FULL ROTATE active (accum_rad=1.198, timed_fallback=False, stall_count=0)
[robot_supervisor-7] [INFO] [1776844388.580139805] [robot_0.robot_supervisor]: Selected controllable event: EV_move_forward
[robot_supervisor-10] [INFO] [1776844388.633014863] [robot_1.robot_supervisor]: FULL ROTATE active (accum_rad=1.298, timed_fallback=False, stall_count=0)
[robot_supervisor-10] [INFO] [1776844388.733002864] [robot_1.robot_supervisor]: FULL ROTATE active (accum_rad=1.398, timed_fallback=False, stall_count=0)
[robot_supervisor-13] [INFO] [1776844388.832822999] [robot_2.robot_supervisor]: Selected controllable event: EV_random_walk
[robot_supervisor-10] [INFO] [1776844388.832917459] [robot_1.robot_supervisor]: FULL ROTATE active (accum_rad=1.498, timed_fallback=False, stall_count=0)
[robot_supervisor-19] [INFO] [1776844388.840231718] [robot_4.robot_supervisor]: Selected controllable event: EV_full_rotate
[robot_supervisor-19] [INFO] [1776844388.840639557] [robot_4.robot_supervisor]: Starting FULL ROTATE (omega=1.000, have_odom=True, target_rad=3.142, timeout_s=3.500)
[robot_supervisor-7] [INFO] [1776844388.880461546] [robot_0.robot_supervisor]: Selected controllable event: EV_random_walk
[robot_supervisor-10] [INFO] [1776844388.932716791] [robot_1.robot_supervisor]: FULL ROTATE active (accum_rad=1.598, timed_fallback=False, stall_count=0)
[robot_supervisor-19] [INFO] [1776844388.940195545] [robot_4.robot_supervisor]: FULL ROTATE active (accum_rad=0.000, timed_fallback=False, stall_count=0)
[robot_supervisor-10] [INFO] [1776844389.032922424] [robot_1.robot_supervisor]: FULL ROTATE active (accum_rad=1.698, timed_fallback=False, stall_count=0)
[robot_supervisor-19] [INFO] [1776844389.040264090] [robot_4.robot_supervisor]: FULL ROTATE active (accum_rad=0.004, timed_fallback=False, stall_count=0)
[robot_supervisor-13] [INFO] [1776844389.132886808] [robot_2.robot_supervisor]: Selected controllable event: EV_move_forward
[robot_supervisor-10] [INFO] [1776844389.133051396] [robot_1.robot_supervisor]: FULL ROTATE active (accum_rad=1.798, timed_fallback=False, stall_count=0)
[robot_supervisor-19] [INFO] [1776844389.140201614] [robot_4.robot_supervisor]: FULL ROTATE active (accum_rad=0.036, timed_fallback=False, stall_count=0)
[robot_supervisor-7] [INFO] [1776844389.180411829] [robot_0.robot_supervisor]: Selected controllable event: EV_move_forward
[robot_supervisor-10] [INFO] [1776844389.233194735] [robot_1.robot_supervisor]: FULL ROTATE active (accum_rad=1.898, timed_fallback=False, stall_count=0)
[robot_supervisor-19] [INFO] [1776844389.240213268] [robot_4.robot_supervisor]: FULL ROTATE active (accum_rad=0.097, timed_fallback=False, stall_count=0)
[robot_supervisor-10] [INFO] [1776844389.332933316] [robot_1.robot_supervisor]: FULL ROTATE active (accum_rad=1.998, timed_fallback=False, stall_count=0)
[robot_supervisor-19] [INFO] [1776844389.340188540] [robot_4.robot_supervisor]: FULL ROTATE active (accum_rad=0.188, timed_fallback=False, stall_count=0)
[robot_supervisor-13] [INFO] [1776844389.432938542] [robot_2.robot_supervisor]: Selected controllable event: EV_random_walk
[robot_supervisor-10] [INFO] [1776844389.433018106] [robot_1.robot_supervisor]: FULL ROTATE active (accum_rad=2.098, timed_fallback=False, stall_count=0)
[robot_supervisor-19] [INFO] [1776844389.440192795] [robot_4.robot_supervisor]: FULL ROTATE active (accum_rad=0.288, timed_fallback=False, stall_count=0)
[robot_supervisor-7] [INFO] [1776844389.480140257] [robot_0.robot_supervisor]: Selected controllable event: EV_random_walk
[robot_supervisor-10] [INFO] [1776844389.532922846] [robot_1.robot_supervisor]: FULL ROTATE active (accum_rad=2.198, timed_fallback=False, stall_count=0)
[robot_supervisor-19] [INFO] [1776844389.540450325] [robot_4.robot_supervisor]: FULL ROTATE active (accum_rad=0.388, timed_fallback=False, stall_count=0)
[robot_supervisor-10] [INFO] [1776844389.632908275] [robot_1.robot_supervisor]: FULL ROTATE active (accum_rad=2.298, timed_fallback=False, stall_count=0)
[robot_supervisor-19] [INFO] [1776844389.640073606] [robot_4.robot_supervisor]: FULL ROTATE active (accum_rad=0.488, timed_fallback=False, stall_count=0)
[robot_supervisor-13] [INFO] [1776844389.732685878] [robot_2.robot_supervisor]: Selected controllable event: EV_move_forward
[robot_supervisor-10] [INFO] [1776844389.733019249] [robot_1.robot_supervisor]: FULL ROTATE active (accum_rad=2.398, timed_fallback=False, stall_count=0)
[robot_supervisor-19] [INFO] [1776844389.740069353] [robot_4.robot_supervisor]: FULL ROTATE active (accum_rad=0.588, timed_fallback=False, stall_count=0)
[robot_supervisor-7] [INFO] [1776844389.780236327] [robot_0.robot_supervisor]: Selected controllable event: EV_move_forward
[robot_supervisor-10] [INFO] [1776844389.833007058] [robot_1.robot_supervisor]: FULL ROTATE active (accum_rad=2.498, timed_fallback=False, stall_count=0)
[robot_supervisor-19] [INFO] [1776844389.840188346] [robot_4.robot_supervisor]: FULL ROTATE active (accum_rad=0.688, timed_fallback=False, stall_count=0)
[robot_supervisor-10] [INFO] [1776844389.933006414] [robot_1.robot_supervisor]: FULL ROTATE active (accum_rad=2.598, timed_fallback=False, stall_count=0)
[robot_supervisor-19] [INFO] [1776844389.940202612] [robot_4.robot_supervisor]: FULL ROTATE active (accum_rad=0.788, timed_fallback=False, stall_count=0)
[robot_supervisor-13] [INFO] [1776844390.032750251] [robot_2.robot_supervisor]: Selected controllable event: EV_random_walk
[robot_supervisor-10] [INFO] [1776844390.033044861] [robot_1.robot_supervisor]: FULL ROTATE active (accum_rad=2.698, timed_fallback=False, stall_count=0)
[robot_supervisor-19] [INFO] [1776844390.040325987] [robot_4.robot_supervisor]: FULL ROTATE active (accum_rad=0.888, timed_fallback=False, stall_count=0)
[robot_supervisor-7] [INFO] [1776844390.080203051] [robot_0.robot_supervisor]: Selected controllable event: EV_random_walk
[robot_supervisor-10] [INFO] [1776844390.133028048] [robot_1.robot_supervisor]: FULL ROTATE active (accum_rad=2.798, timed_fallback=False, stall_count=0)
[robot_supervisor-19] [INFO] [1776844390.140077806] [robot_4.robot_supervisor]: FULL ROTATE active (accum_rad=0.988, timed_fallback=False, stall_count=0)
[robot_supervisor-10] [INFO] [1776844390.232894191] [robot_1.robot_supervisor]: FULL ROTATE active (accum_rad=2.898, timed_fallback=False, stall_count=0)
[robot_supervisor-19] [INFO] [1776844390.240243710] [robot_4.robot_supervisor]: FULL ROTATE active (accum_rad=1.088, timed_fallback=False, stall_count=0)
[robot_supervisor-10] [INFO] [1776844390.332792264] [robot_1.robot_supervisor]: FULL ROTATE active (accum_rad=2.998, timed_fallback=False, stall_count=0)
[robot_supervisor-13] [INFO] [1776844390.332927981] [robot_2.robot_supervisor]: Selected controllable event: EV_move_forward
[robot_supervisor-19] [INFO] [1776844390.340155639] [robot_4.robot_supervisor]: FULL ROTATE active (accum_rad=1.188, timed_fallback=False, stall_count=0)
[robot_supervisor-7] [INFO] [1776844390.380091953] [robot_0.robot_supervisor]: Selected controllable event: EV_move_forward
[robot_supervisor-10] [INFO] [1776844390.432930321] [robot_1.robot_supervisor]: FULL ROTATE active (accum_rad=3.098, timed_fallback=False, stall_count=0)
[robot_supervisor-10] [INFO] [1776844390.433450280] [robot_1.robot_supervisor]: FULL ROTATE completed by odom (accum_rad=3.198)
[robot_supervisor-10] [INFO] [1776844390.433895654] [robot_1.robot_supervisor]: FULL ROTATE stopped; supervisor will select next event next tick
[robot_supervisor-19] [INFO] [1776844390.440086849] [robot_4.robot_supervisor]: FULL ROTATE active (accum_rad=1.288, timed_fallback=False, stall_count=0)
[robot_supervisor-16] [INFO] [1776844390.478417733] [robot_3.robot_supervisor]: Selected controllable event: EV_rotate_clockwise
[robot_supervisor-16] [INFO] [1776844390.478836927] [robot_3.robot_supervisor]: rotate_90 blocked by recent completion; stopping this tick
[robot_supervisor-19] [INFO] [1776844390.540274449] [robot_4.robot_supervisor]: FULL ROTATE active (accum_rad=1.388, timed_fallback=False, stall_count=0)
[robot_supervisor-16] [INFO] [1776844390.578476231] [robot_3.robot_supervisor]: Selected controllable event: EV_rotate_clockwise
[robot_supervisor-16] [INFO] [1776844390.578737278] [robot_3.robot_supervisor]: rotate_90 blocked by recent completion; stopping this tick
[robot_supervisor-13] [INFO] [1776844390.632927131] [robot_2.robot_supervisor]: Selected controllable event: EV_random_walk
[robot_supervisor-19] [INFO] [1776844390.640239647] [robot_4.robot_supervisor]: FULL ROTATE active (accum_rad=1.488, timed_fallback=False, stall_count=0)
[image_processor-24] [INFO] [1776844390.671746734] [robot_3.image_processor]: Zone=CORNER  left[p=0.492 near=7650 v=7650]  front[p=0.539 near=13500 v=13500]  right[p=0.619 near=7740 v=7740]
[robot_supervisor-16] [INFO] [1776844390.672551300] [robot_3.robot_supervisor]: Detected zone changed to CORNER
[robot_supervisor-16] [INFO] [1776844390.678069612] [robot_3.robot_supervisor]: Selected controllable event: EV_full_rotate
[robot_supervisor-16] [INFO] [1776844390.678409092] [robot_3.robot_supervisor]: full_rotate blocked by cooldown; stopping this tick
[robot_supervisor-7] [INFO] [1776844390.680147538] [robot_0.robot_supervisor]: Selected controllable event: EV_random_walk
[image_processor-23] [INFO] [1776844390.686678922] [robot_2.image_processor]: Zone=CORNER  left[p=0.304 near=7650 v=7650]  front[p=0.543 near=2281 v=11092]  right[p=3.008 near=0 v=5692]
[robot_supervisor-13] [INFO] [1776844390.687900782] [robot_2.robot_supervisor]: Detected zone changed to CORNER
[image_processor-21] [INFO] [1776844390.708757023] [robot_0.image_processor]: Zone=CORNER  left[p=2.122 near=0 v=7496]  front[p=0.516 near=8959 v=12663]  right[p=0.441 near=7740 v=7740]
[robot_supervisor-7] [INFO] [1776844390.709432176] [robot_0.robot_supervisor]: Detected zone changed to CORNER
[image_processor-25] [INFO] [1776844390.721725132] [robot_4.image_processor]: Zone=CORNER
[robot_supervisor-10] [INFO] [1776844390.733094559] [robot_1.robot_supervisor]: Selected controllable event: EV_rotate_clockwise
[robot_supervisor-19] [INFO] [1776844390.740128604] [robot_4.robot_supervisor]: FULL ROTATE active (accum_rad=1.588, timed_fallback=False, stall_count=0)
[image_processor-22] [INFO] [1776844390.743621967] [robot_1.image_processor]: Zone=CORNER
[robot_supervisor-16] [INFO] [1776844390.778309746] [robot_3.robot_supervisor]: Selected controllable event: EV_rotate_clockwise
[robot_supervisor-19] [INFO] [1776844390.840174413] [robot_4.robot_supervisor]: FULL ROTATE active (accum_rad=1.688, timed_fallback=False, stall_count=0)
[robot_supervisor-13] [INFO] [1776844390.932851443] [robot_2.robot_supervisor]: Selected controllable event: EV_rotate_clockwise
[robot_supervisor-19] [INFO] [1776844390.940219358] [robot_4.robot_supervisor]: FULL ROTATE active (accum_rad=1.788, timed_fallback=False, stall_count=0)
[robot_supervisor-7] [INFO] [1776844390.980219841] [robot_0.robot_supervisor]: Selected controllable event: EV_rotate_clockwise
[robot_supervisor-19] [INFO] [1776844391.040218420] [robot_4.robot_supervisor]: FULL ROTATE active (accum_rad=1.888, timed_fallback=False, stall_count=0)
[robot_supervisor-19] [INFO] [1776844391.140227244] [robot_4.robot_supervisor]: FULL ROTATE active (accum_rad=1.988, timed_fallback=False, stall_count=0)
[robot_supervisor-19] [INFO] [1776844391.240238782] [robot_4.robot_supervisor]: FULL ROTATE active (accum_rad=2.088, timed_fallback=False, stall_count=0)
[robot_supervisor-19] [INFO] [1776844391.340269217] [robot_4.robot_supervisor]: FULL ROTATE active (accum_rad=2.188, timed_fallback=False, stall_count=0)
[robot_supervisor-19] [INFO] [1776844391.440547414] [robot_4.robot_supervisor]: FULL ROTATE active (accum_rad=2.288, timed_fallback=False, stall_count=0)
[robot_supervisor-19] [INFO] [1776844391.540620887] [robot_4.robot_supervisor]: FULL ROTATE active (accum_rad=2.388, timed_fallback=False, stall_count=0)
[robot_supervisor-19] [INFO] [1776844391.640207070] [robot_4.robot_supervisor]: FULL ROTATE active (accum_rad=2.488, timed_fallback=False, stall_count=0)
[robot_supervisor-19] [INFO] [1776844391.740183457] [robot_4.robot_supervisor]: FULL ROTATE active (accum_rad=2.588, timed_fallback=False, stall_count=0)
[robot_supervisor-19] [INFO] [1776844391.840478518] [robot_4.robot_supervisor]: FULL ROTATE active (accum_rad=2.688, timed_fallback=False, stall_count=0)
[robot_supervisor-19] [INFO] [1776844391.940194446] [robot_4.robot_supervisor]: FULL ROTATE active (accum_rad=2.788, timed_fallback=False, stall_count=0)
[robot_supervisor-19] [INFO] [1776844392.040242535] [robot_4.robot_supervisor]: FULL ROTATE active (accum_rad=2.888, timed_fallback=False, stall_count=0)
[robot_supervisor-19] [INFO] [1776844392.140179652] [robot_4.robot_supervisor]: FULL ROTATE active (accum_rad=2.988, timed_fallback=False, stall_count=0)
[robot_supervisor-19] [INFO] [1776844392.240204090] [robot_4.robot_supervisor]: FULL ROTATE active (accum_rad=3.088, timed_fallback=False, stall_count=0)
[robot_supervisor-19] [INFO] [1776844392.240764702] [robot_4.robot_supervisor]: FULL ROTATE completed by odom (accum_rad=3.188)
[robot_supervisor-19] [INFO] [1776844392.241209116] [robot_4.robot_supervisor]: FULL ROTATE stopped; supervisor will select next event next tick
[robot_supervisor-19] [INFO] [1776844392.540352490] [robot_4.robot_supervisor]: Selected controllable event: EV_rotate_clockwise
[robot_supervisor-16] [INFO] [1776844392.878362086] [robot_3.robot_supervisor]: Selected controllable event: EV_full_rotate
[robot_supervisor-16] [INFO] [1776844392.878823601] [robot_3.robot_supervisor]: Starting FULL ROTATE (omega=1.000, have_odom=True, target_rad=3.142, timeout_s=3.500)
[robot_supervisor-10] [INFO] [1776844392.933286847] [robot_1.robot_supervisor]: Selected controllable event: EV_full_rotate
[robot_supervisor-10] [INFO] [1776844392.933918918] [robot_1.robot_supervisor]: Starting FULL ROTATE (omega=1.000, have_odom=True, target_rad=3.142, timeout_s=3.500)
[robot_supervisor-16] [INFO] [1776844392.978189980] [robot_3.robot_supervisor]: FULL ROTATE active (accum_rad=0.000, timed_fallback=False, stall_count=0)
[robot_supervisor-10] [INFO] [1776844393.032943992] [robot_1.robot_supervisor]: FULL ROTATE active (accum_rad=0.000, timed_fallback=False, stall_count=0)
[robot_supervisor-16] [INFO] [1776844393.078177074] [robot_3.robot_supervisor]: FULL ROTATE active (accum_rad=0.002, timed_fallback=False, stall_count=0)
[robot_supervisor-7] [INFO] [1776844393.080136245] [robot_0.robot_supervisor]: Selected controllable event: EV_full_rotate
[robot_supervisor-7] [INFO] [1776844393.080646898] [robot_0.robot_supervisor]: Starting FULL ROTATE (omega=1.000, have_odom=True, target_rad=3.142, timeout_s=3.500)
[robot_supervisor-10] [INFO] [1776844393.132973687] [robot_1.robot_supervisor]: FULL ROTATE active (accum_rad=0.005, timed_fallback=False, stall_count=0)
[robot_supervisor-13] [INFO] [1776844393.133093973] [robot_2.robot_supervisor]: Selected controllable event: EV_full_rotate
[robot_supervisor-13] [INFO] [1776844393.133664889] [robot_2.robot_supervisor]: Starting FULL ROTATE (omega=1.000, have_odom=True, target_rad=3.142, timeout_s=3.500)
[image_processor-24] [INFO] [1776844393.167424171] [robot_3.image_processor]: Zone=RIGHT  left[p=0.895 near=0 v=7640]  front[p=1.086 near=0 v=13500]  right[p=0.743 near=2644 v=7740]
[robot_supervisor-16] [INFO] [1776844393.168388051] [robot_3.robot_supervisor]: Detected zone changed to RIGHT
[robot_supervisor-16] [INFO] [1776844393.178292840] [robot_3.robot_supervisor]: FULL ROTATE active (accum_rad=0.030, timed_fallback=False, stall_count=0)
[robot_supervisor-7] [INFO] [1776844393.180006810] [robot_0.robot_supervisor]: FULL ROTATE active (accum_rad=0.000, timed_fallback=False, stall_count=0)
[image_processor-23] [INFO] [1776844393.180994898] [robot_2.image_processor]: Zone=CLEAR  left[p=3.259 near=0 v=6113]  front[p=3.009 near=0 v=9980]  right[p=3.298 near=0 v=7218]
[robot_supervisor-13] [INFO] [1776844393.181791234] [robot_2.robot_supervisor]: Detected zone changed to CLEAR
[image_processor-21] [INFO] [1776844393.195269157] [robot_0.image_processor]: Zone=LEFT  left[p=0.614 near=2021 v=7650]  front[p=1.746 near=0 v=13500]  right[p=1.898 near=0 v=7740]
[robot_supervisor-7] [INFO] [1776844393.195942377] [robot_0.robot_supervisor]: Detected zone changed to LEFT
[image_processor-25] [INFO] [1776844393.217502018] [robot_4.image_processor]: Zone=CLEAR  left[p=1.889 near=0 v=6260]  front[p=1.643 near=0 v=12549]  right[p=0.825 near=449 v=7740]
[robot_supervisor-19] [INFO] [1776844393.218202501] [robot_4.robot_supervisor]: Detected zone changed to CLEAR
[image_processor-22] [INFO] [1776844393.226994620] [robot_1.image_processor]: Zone=CORNER
[robot_supervisor-10] [INFO] [1776844393.232706294] [robot_1.robot_supervisor]: FULL ROTATE active (accum_rad=0.030, timed_fallback=False, stall_count=0)
[robot_supervisor-13] [INFO] [1776844393.232828320] [robot_2.robot_supervisor]: FULL ROTATE active (accum_rad=0.000, timed_fallback=False, stall_count=0)
[robot_supervisor-16] [INFO] [1776844393.278178081] [robot_3.robot_supervisor]: FULL ROTATE active (accum_rad=0.087, timed_fallback=False, stall_count=0)
[robot_supervisor-7] [INFO] [1776844393.280098042] [robot_0.robot_supervisor]: FULL ROTATE active (accum_rad=0.002, timed_fallback=False, stall_count=0)
[robot_supervisor-13] [INFO] [1776844393.332829302] [robot_2.robot_supervisor]: FULL ROTATE active (accum_rad=0.006, timed_fallback=False, stall_count=0)
[robot_supervisor-10] [INFO] [1776844393.332926860] [robot_1.robot_supervisor]: FULL ROTATE active (accum_rad=0.084, timed_fallback=False, stall_count=0)
[robot_supervisor-16] [INFO] [1776844393.378236446] [robot_3.robot_supervisor]: FULL ROTATE active (accum_rad=0.175, timed_fallback=False, stall_count=0)
[robot_supervisor-7] [INFO] [1776844393.380035635] [robot_0.robot_supervisor]: FULL ROTATE active (accum_rad=0.030, timed_fallback=False, stall_count=0)
[robot_supervisor-10] [INFO] [1776844393.432914835] [robot_1.robot_supervisor]: FULL ROTATE active (accum_rad=0.169, timed_fallback=False, stall_count=0)
[robot_supervisor-13] [INFO] [1776844393.433088726] [robot_2.robot_supervisor]: FULL ROTATE active (accum_rad=0.041, timed_fallback=False, stall_count=0)
[robot_supervisor-16] [INFO] [1776844393.478208109] [robot_3.robot_supervisor]: FULL ROTATE active (accum_rad=0.275, timed_fallback=False, stall_count=0)
[robot_supervisor-7] [INFO] [1776844393.479998741] [robot_0.robot_supervisor]: FULL ROTATE active (accum_rad=0.087, timed_fallback=False, stall_count=0)
[robot_supervisor-10] [INFO] [1776844393.532880748] [robot_1.robot_supervisor]: FULL ROTATE active (accum_rad=0.269, timed_fallback=False, stall_count=0)
[robot_supervisor-13] [INFO] [1776844393.532947458] [robot_2.robot_supervisor]: FULL ROTATE active (accum_rad=0.105, timed_fallback=False, stall_count=0)
[robot_supervisor-16] [INFO] [1776844393.578212535] [robot_3.robot_supervisor]: FULL ROTATE active (accum_rad=0.375, timed_fallback=False, stall_count=0)
[robot_supervisor-7] [INFO] [1776844393.579959049] [robot_0.robot_supervisor]: FULL ROTATE active (accum_rad=0.175, timed_fallback=False, stall_count=0)
[robot_supervisor-13] [INFO] [1776844393.632719699] [robot_2.robot_supervisor]: FULL ROTATE active (accum_rad=0.198, timed_fallback=False, stall_count=0)
[robot_supervisor-10] [INFO] [1776844393.633486808] [robot_1.robot_supervisor]: FULL ROTATE active (accum_rad=0.369, timed_fallback=False, stall_count=0)
[robot_supervisor-16] [INFO] [1776844393.678251924] [robot_3.robot_supervisor]: FULL ROTATE active (accum_rad=0.475, timed_fallback=False, stall_count=0)
[robot_supervisor-7] [INFO] [1776844393.679857839] [robot_0.robot_supervisor]: FULL ROTATE active (accum_rad=0.275, timed_fallback=False, stall_count=0)
[robot_supervisor-13] [INFO] [1776844393.732629278] [robot_2.robot_supervisor]: FULL ROTATE active (accum_rad=0.298, timed_fallback=False, stall_count=0)
[robot_supervisor-10] [INFO] [1776844393.733190616] [robot_1.robot_supervisor]: FULL ROTATE active (accum_rad=0.469, timed_fallback=False, stall_count=0)
[robot_supervisor-16] [INFO] [1776844393.778266045] [robot_3.robot_supervisor]: FULL ROTATE active (accum_rad=0.575, timed_fallback=False, stall_count=0)
[robot_supervisor-7] [INFO] [1776844393.780037055] [robot_0.robot_supervisor]: FULL ROTATE active (accum_rad=0.375, timed_fallback=False, stall_count=0)
[robot_supervisor-13] [INFO] [1776844393.832769377] [robot_2.robot_supervisor]: FULL ROTATE active (accum_rad=0.398, timed_fallback=False, stall_count=0)
[robot_supervisor-10] [INFO] [1776844393.832947754] [robot_1.robot_supervisor]: FULL ROTATE active (accum_rad=0.569, timed_fallback=False, stall_count=0)
[robot_supervisor-16] [INFO] [1776844393.878174252] [robot_3.robot_supervisor]: FULL ROTATE active (accum_rad=0.675, timed_fallback=False, stall_count=0)
[robot_supervisor-7] [INFO] [1776844393.880048113] [robot_0.robot_supervisor]: FULL ROTATE active (accum_rad=0.475, timed_fallback=False, stall_count=0)
[robot_supervisor-13] [INFO] [1776844393.932778741] [robot_2.robot_supervisor]: FULL ROTATE active (accum_rad=0.498, timed_fallback=False, stall_count=0)
[robot_supervisor-10] [INFO] [1776844393.933226998] [robot_1.robot_supervisor]: FULL ROTATE active (accum_rad=0.669, timed_fallback=False, stall_count=0)
[robot_supervisor-16] [INFO] [1776844393.978177385] [robot_3.robot_supervisor]: FULL ROTATE active (accum_rad=0.775, timed_fallback=False, stall_count=0)
[robot_supervisor-7] [INFO] [1776844393.980257881] [robot_0.robot_supervisor]: FULL ROTATE active (accum_rad=0.575, timed_fallback=False, stall_count=0)
[robot_supervisor-13] [INFO] [1776844394.032753449] [robot_2.robot_supervisor]: FULL ROTATE active (accum_rad=0.598, timed_fallback=False, stall_count=0)
[robot_supervisor-10] [INFO] [1776844394.032905578] [robot_1.robot_supervisor]: FULL ROTATE active (accum_rad=0.769, timed_fallback=False, stall_count=0)
[robot_supervisor-16] [INFO] [1776844394.078583633] [robot_3.robot_supervisor]: FULL ROTATE active (accum_rad=0.875, timed_fallback=False, stall_count=0)
[robot_supervisor-7] [INFO] [1776844394.080410015] [robot_0.robot_supervisor]: FULL ROTATE active (accum_rad=0.675, timed_fallback=False, stall_count=0)
[robot_supervisor-13] [INFO] [1776844394.132872767] [robot_2.robot_supervisor]: FULL ROTATE active (accum_rad=0.698, timed_fallback=False, stall_count=0)
[robot_supervisor-10] [INFO] [1776844394.133031188] [robot_1.robot_supervisor]: FULL ROTATE active (accum_rad=0.869, timed_fallback=False, stall_count=0)
[robot_supervisor-16] [INFO] [1776844394.178401919] [robot_3.robot_supervisor]: FULL ROTATE active (accum_rad=0.975, timed_fallback=False, stall_count=0)
[robot_supervisor-7] [INFO] [1776844394.180133843] [robot_0.robot_supervisor]: FULL ROTATE active (accum_rad=0.775, timed_fallback=False, stall_count=0)
[robot_supervisor-13] [INFO] [1776844394.232988790] [robot_2.robot_supervisor]: FULL ROTATE active (accum_rad=0.798, timed_fallback=False, stall_count=0)
[robot_supervisor-10] [INFO] [1776844394.233064175] [robot_1.robot_supervisor]: FULL ROTATE active (accum_rad=0.969, timed_fallback=False, stall_count=0)
[robot_supervisor-16] [INFO] [1776844394.278319078] [robot_3.robot_supervisor]: FULL ROTATE active (accum_rad=1.075, timed_fallback=False, stall_count=0)
[robot_supervisor-7] [INFO] [1776844394.280330459] [robot_0.robot_supervisor]: FULL ROTATE active (accum_rad=0.875, timed_fallback=False, stall_count=0)
[robot_supervisor-13] [INFO] [1776844394.332737272] [robot_2.robot_supervisor]: FULL ROTATE active (accum_rad=0.898, timed_fallback=False, stall_count=0)
[robot_supervisor-10] [INFO] [1776844394.332941420] [robot_1.robot_supervisor]: FULL ROTATE active (accum_rad=1.069, timed_fallback=False, stall_count=0)
[robot_supervisor-16] [INFO] [1776844394.378064432] [robot_3.robot_supervisor]: FULL ROTATE active (accum_rad=1.175, timed_fallback=False, stall_count=0)
[robot_supervisor-7] [INFO] [1776844394.379849741] [robot_0.robot_supervisor]: FULL ROTATE active (accum_rad=0.975, timed_fallback=False, stall_count=0)
[robot_supervisor-10] [INFO] [1776844394.432774768] [robot_1.robot_supervisor]: FULL ROTATE active (accum_rad=1.169, timed_fallback=False, stall_count=0)
[robot_supervisor-13] [INFO] [1776844394.432791613] [robot_2.robot_supervisor]: FULL ROTATE active (accum_rad=0.998, timed_fallback=False, stall_count=0)
[robot_supervisor-16] [INFO] [1776844394.478529400] [robot_3.robot_supervisor]: FULL ROTATE active (accum_rad=1.275, timed_fallback=False, stall_count=0)
[robot_supervisor-7] [INFO] [1776844394.480072598] [robot_0.robot_supervisor]: FULL ROTATE active (accum_rad=1.075, timed_fallback=False, stall_count=0)
[robot_supervisor-13] [INFO] [1776844394.532794478] [robot_2.robot_supervisor]: FULL ROTATE active (accum_rad=1.098, timed_fallback=False, stall_count=0)
[robot_supervisor-10] [INFO] [1776844394.533022615] [robot_1.robot_supervisor]: FULL ROTATE active (accum_rad=1.269, timed_fallback=False, stall_count=0)
[robot_supervisor-16] [INFO] [1776844394.578227482] [robot_3.robot_supervisor]: FULL ROTATE active (accum_rad=1.375, timed_fallback=False, stall_count=0)
[robot_supervisor-7] [INFO] [1776844394.580034955] [robot_0.robot_supervisor]: FULL ROTATE active (accum_rad=1.175, timed_fallback=False, stall_count=0)
[robot_supervisor-13] [INFO] [1776844394.632843863] [robot_2.robot_supervisor]: FULL ROTATE active (accum_rad=1.198, timed_fallback=False, stall_count=0)
[robot_supervisor-10] [INFO] [1776844394.632936605] [robot_1.robot_supervisor]: FULL ROTATE active (accum_rad=1.369, timed_fallback=False, stall_count=0)
[robot_supervisor-16] [INFO] [1776844394.678128156] [robot_3.robot_supervisor]: FULL ROTATE active (accum_rad=1.475, timed_fallback=False, stall_count=0)
[robot_supervisor-7] [INFO] [1776844394.680061692] [robot_0.robot_supervisor]: FULL ROTATE active (accum_rad=1.275, timed_fallback=False, stall_count=0)
[robot_supervisor-13] [INFO] [1776844394.732861402] [robot_2.robot_supervisor]: FULL ROTATE active (accum_rad=1.298, timed_fallback=False, stall_count=0)
[robot_supervisor-10] [INFO] [1776844394.732968788] [robot_1.robot_supervisor]: FULL ROTATE active (accum_rad=1.469, timed_fallback=False, stall_count=0)
[robot_supervisor-19] [INFO] [1776844394.740272124] [robot_4.robot_supervisor]: Selected controllable event: EV_random_walk
[robot_supervisor-16] [INFO] [1776844394.778572661] [robot_3.robot_supervisor]: FULL ROTATE active (accum_rad=1.575, timed_fallback=False, stall_count=0)
[robot_supervisor-7] [INFO] [1776844394.779995648] [robot_0.robot_supervisor]: FULL ROTATE active (accum_rad=1.375, timed_fallback=False, stall_count=0)
[robot_supervisor-13] [INFO] [1776844394.832670367] [robot_2.robot_supervisor]: FULL ROTATE active (accum_rad=1.398, timed_fallback=False, stall_count=0)
[robot_supervisor-10] [INFO] [1776844394.832927202] [robot_1.robot_supervisor]: FULL ROTATE active (accum_rad=1.569, timed_fallback=False, stall_count=0)
[robot_supervisor-16] [INFO] [1776844394.878260342] [robot_3.robot_supervisor]: FULL ROTATE active (accum_rad=1.675, timed_fallback=False, stall_count=0)
[robot_supervisor-7] [INFO] [1776844394.879884368] [robot_0.robot_supervisor]: FULL ROTATE active (accum_rad=1.475, timed_fallback=False, stall_count=0)
[robot_supervisor-13] [INFO] [1776844394.932624844] [robot_2.robot_supervisor]: FULL ROTATE active (accum_rad=1.498, timed_fallback=False, stall_count=0)
[robot_supervisor-10] [INFO] [1776844394.932950652] [robot_1.robot_supervisor]: FULL ROTATE active (accum_rad=1.669, timed_fallback=False, stall_count=0)
[robot_supervisor-16] [INFO] [1776844394.978271413] [robot_3.robot_supervisor]: FULL ROTATE active (accum_rad=1.775, timed_fallback=False, stall_count=0)
[robot_supervisor-7] [INFO] [1776844394.979854064] [robot_0.robot_supervisor]: FULL ROTATE active (accum_rad=1.575, timed_fallback=False, stall_count=0)
[robot_supervisor-13] [INFO] [1776844395.032769084] [robot_2.robot_supervisor]: FULL ROTATE active (accum_rad=1.598, timed_fallback=False, stall_count=0)
[robot_supervisor-10] [INFO] [1776844395.033142826] [robot_1.robot_supervisor]: FULL ROTATE active (accum_rad=1.769, timed_fallback=False, stall_count=0)
[robot_supervisor-19] [INFO] [1776844395.040194788] [robot_4.robot_supervisor]: Selected controllable event: EV_move_forward
[robot_supervisor-16] [INFO] [1776844395.078264453] [robot_3.robot_supervisor]: FULL ROTATE active (accum_rad=1.875, timed_fallback=False, stall_count=0)
[robot_supervisor-7] [INFO] [1776844395.080036841] [robot_0.robot_supervisor]: FULL ROTATE active (accum_rad=1.675, timed_fallback=False, stall_count=0)
[robot_supervisor-13] [INFO] [1776844395.132794739] [robot_2.robot_supervisor]: FULL ROTATE active (accum_rad=1.698, timed_fallback=False, stall_count=0)
[robot_supervisor-10] [INFO] [1776844395.133125429] [robot_1.robot_supervisor]: FULL ROTATE active (accum_rad=1.869, timed_fallback=False, stall_count=0)
[robot_supervisor-16] [INFO] [1776844395.178329653] [robot_3.robot_supervisor]: FULL ROTATE active (accum_rad=1.975, timed_fallback=False, stall_count=0)
[robot_supervisor-7] [INFO] [1776844395.179981100] [robot_0.robot_supervisor]: FULL ROTATE active (accum_rad=1.775, timed_fallback=False, stall_count=0)
[robot_supervisor-13] [INFO] [1776844395.232645736] [robot_2.robot_supervisor]: FULL ROTATE active (accum_rad=1.798, timed_fallback=False, stall_count=0)
[robot_supervisor-10] [INFO] [1776844395.232931151] [robot_1.robot_supervisor]: FULL ROTATE active (accum_rad=1.969, timed_fallback=False, stall_count=0)
[robot_supervisor-16] [INFO] [1776844395.278283063] [robot_3.robot_supervisor]: FULL ROTATE active (accum_rad=2.075, timed_fallback=False, stall_count=0)
[robot_supervisor-7] [INFO] [1776844395.279936535] [robot_0.robot_supervisor]: FULL ROTATE active (accum_rad=1.875, timed_fallback=False, stall_count=0)
[robot_supervisor-10] [INFO] [1776844395.332701513] [robot_1.robot_supervisor]: FULL ROTATE active (accum_rad=2.069, timed_fallback=False, stall_count=0)
[robot_supervisor-13] [INFO] [1776844395.332764074] [robot_2.robot_supervisor]: FULL ROTATE active (accum_rad=1.898, timed_fallback=False, stall_count=0)
[robot_supervisor-19] [INFO] [1776844395.340507543] [robot_4.robot_supervisor]: Selected controllable event: EV_random_walk
[robot_supervisor-16] [INFO] [1776844395.378253955] [robot_3.robot_supervisor]: FULL ROTATE active (accum_rad=2.175, timed_fallback=False, stall_count=0)
[robot_supervisor-7] [INFO] [1776844395.380010635] [robot_0.robot_supervisor]: FULL ROTATE active (accum_rad=1.975, timed_fallback=False, stall_count=0)
[robot_supervisor-13] [INFO] [1776844395.432785297] [robot_2.robot_supervisor]: FULL ROTATE active (accum_rad=1.998, timed_fallback=False, stall_count=0)
[robot_supervisor-10] [INFO] [1776844395.433205090] [robot_1.robot_supervisor]: FULL ROTATE active (accum_rad=2.169, timed_fallback=False, stall_count=0)
[robot_supervisor-16] [INFO] [1776844395.478280881] [robot_3.robot_supervisor]: FULL ROTATE active (accum_rad=2.275, timed_fallback=False, stall_count=0)
[robot_supervisor-7] [INFO] [1776844395.480037045] [robot_0.robot_supervisor]: FULL ROTATE active (accum_rad=2.075, timed_fallback=False, stall_count=0)
[robot_supervisor-13] [INFO] [1776844395.532769954] [robot_2.robot_supervisor]: FULL ROTATE active (accum_rad=2.098, timed_fallback=False, stall_count=0)
[robot_supervisor-10] [INFO] [1776844395.532890571] [robot_1.robot_supervisor]: FULL ROTATE active (accum_rad=2.269, timed_fallback=False, stall_count=0)
[robot_supervisor-16] [INFO] [1776844395.578149173] [robot_3.robot_supervisor]: FULL ROTATE active (accum_rad=2.375, timed_fallback=False, stall_count=0)
[robot_supervisor-7] [INFO] [1776844395.580385975] [robot_0.robot_supervisor]: FULL ROTATE active (accum_rad=2.175, timed_fallback=False, stall_count=0)
[robot_supervisor-10] [INFO] [1776844395.632704978] [robot_1.robot_supervisor]: FULL ROTATE active (accum_rad=2.369, timed_fallback=False, stall_count=0)
[robot_supervisor-13] [INFO] [1776844395.632759548] [robot_2.robot_supervisor]: FULL ROTATE active (accum_rad=2.198, timed_fallback=False, stall_count=0)
[robot_supervisor-19] [INFO] [1776844395.640306466] [robot_4.robot_supervisor]: Selected controllable event: EV_move_forward
[robot_supervisor-16] [INFO] [1776844395.678297962] [robot_3.robot_supervisor]: FULL ROTATE active (accum_rad=2.475, timed_fallback=False, stall_count=0)
[image_processor-23] [INFO] [1776844395.679578782] [robot_2.image_processor]: Zone=CORNER  left[p=0.254 near=7650 v=7650]  front[p=0.309 near=10423 v=13118]  right[p=3.196 near=0 v=6897]
[robot_supervisor-7] [INFO] [1776844395.680399282] [robot_0.robot_supervisor]: FULL ROTATE active (accum_rad=2.275, timed_fallback=False, stall_count=0)
[robot_supervisor-13] [INFO] [1776844395.680421000] [robot_2.robot_supervisor]: Detected zone changed to CORNER
[image_processor-21] [INFO] [1776844395.694955750] [robot_0.image_processor]: Zone=RIGHT  left[p=3.043 near=0 v=5295]  front[p=2.076 near=739 v=11923]  right[p=0.418 near=7735 v=7740]
[robot_supervisor-7] [INFO] [1776844395.695778999] [robot_0.robot_supervisor]: Detected zone changed to RIGHT
[image_processor-25] [INFO] [1776844395.705401516] [robot_4.image_processor]: Zone=CORNER  left[p=0.384 near=7650 v=7650]  front[p=0.242 near=13500 v=13500]  right[p=0.194 near=7740 v=7740]
[robot_supervisor-19] [INFO] [1776844395.706503861] [robot_4.robot_supervisor]: Detected zone changed to CORNER
[bump_counter-3] [INFO] [1776844395.722269505] [bump_counter]: [global] bump #20 (obstacle) with: south_wall::link::collision
[image_processor-22] [INFO] [1776844395.724934522] [robot_1.image_processor]: Zone=CORNER
[robot_supervisor-13] [INFO] [1776844395.732829340] [robot_2.robot_supervisor]: FULL ROTATE active (accum_rad=2.298, timed_fallback=False, stall_count=0)
[robot_supervisor-10] [INFO] [1776844395.732921869] [robot_1.robot_supervisor]: FULL ROTATE active (accum_rad=2.469, timed_fallback=False, stall_count=0)
[image_processor-24] [INFO] [1776844395.770566479] [robot_3.image_processor]: Zone=CORNER  left[p=3.007 near=0 v=5294]  front[p=0.552 near=7380 v=11019]  right[p=0.439 near=7740 v=7740]
[robot_supervisor-16] [INFO] [1776844395.771248895] [robot_3.robot_supervisor]: Detected zone changed to CORNER
[robot_supervisor-16] [INFO] [1776844395.777982992] [robot_3.robot_supervisor]: FULL ROTATE active (accum_rad=2.575, timed_fallback=False, stall_count=0)
[robot_supervisor-7] [INFO] [1776844395.780334866] [robot_0.robot_supervisor]: FULL ROTATE active (accum_rad=2.375, timed_fallback=False, stall_count=0)
[robot_supervisor-10] [INFO] [1776844395.832826170] [robot_1.robot_supervisor]: FULL ROTATE active (accum_rad=2.569, timed_fallback=False, stall_count=0)
[robot_supervisor-13] [INFO] [1776844395.832997590] [robot_2.robot_supervisor]: FULL ROTATE active (accum_rad=2.398, timed_fallback=False, stall_count=0)
[robot_supervisor-16] [INFO] [1776844395.878139335] [robot_3.robot_supervisor]: FULL ROTATE active (accum_rad=2.675, timed_fallback=False, stall_count=0)
[robot_supervisor-7] [INFO] [1776844395.880445604] [robot_0.robot_supervisor]: FULL ROTATE active (accum_rad=2.475, timed_fallback=False, stall_count=0)
[robot_supervisor-13] [INFO] [1776844395.932795893] [robot_2.robot_supervisor]: FULL ROTATE active (accum_rad=2.498, timed_fallback=False, stall_count=0)
[robot_supervisor-10] [INFO] [1776844395.932903859] [robot_1.robot_supervisor]: FULL ROTATE active (accum_rad=2.669, timed_fallback=False, stall_count=0)
[robot_supervisor-19] [INFO] [1776844395.940371470] [robot_4.robot_supervisor]: Selected controllable event: EV_rotate_clockwise
[robot_supervisor-16] [INFO] [1776844395.978515859] [robot_3.robot_supervisor]: FULL ROTATE active (accum_rad=2.775, timed_fallback=False, stall_count=0)
[robot_supervisor-7] [INFO] [1776844395.980291601] [robot_0.robot_supervisor]: FULL ROTATE active (accum_rad=2.575, timed_fallback=False, stall_count=0)
[robot_supervisor-10] [INFO] [1776844396.032725293] [robot_1.robot_supervisor]: FULL ROTATE active (accum_rad=2.769, timed_fallback=False, stall_count=0)
[robot_supervisor-13] [INFO] [1776844396.032999101] [robot_2.robot_supervisor]: FULL ROTATE active (accum_rad=2.598, timed_fallback=False, stall_count=0)
[robot_supervisor-16] [INFO] [1776844396.078456851] [robot_3.robot_supervisor]: FULL ROTATE active (accum_rad=2.875, timed_fallback=False, stall_count=0)
[robot_supervisor-7] [INFO] [1776844396.080368385] [robot_0.robot_supervisor]: FULL ROTATE active (accum_rad=2.675, timed_fallback=False, stall_count=0)
[robot_supervisor-10] [INFO] [1776844396.132732629] [robot_1.robot_supervisor]: FULL ROTATE active (accum_rad=2.869, timed_fallback=False, stall_count=0)
[robot_supervisor-13] [INFO] [1776844396.132825455] [robot_2.robot_supervisor]: FULL ROTATE active (accum_rad=2.698, timed_fallback=False, stall_count=0)
[robot_supervisor-16] [INFO] [1776844396.178500965] [robot_3.robot_supervisor]: FULL ROTATE active (accum_rad=2.975, timed_fallback=False, stall_count=0)
[robot_supervisor-7] [INFO] [1776844396.180556453] [robot_0.robot_supervisor]: FULL ROTATE active (accum_rad=2.775, timed_fallback=False, stall_count=0)
[robot_supervisor-13] [INFO] [1776844396.233008650] [robot_2.robot_supervisor]: FULL ROTATE active (accum_rad=2.798, timed_fallback=False, stall_count=0)
[robot_supervisor-10] [INFO] [1776844396.233130666] [robot_1.robot_supervisor]: FULL ROTATE active (accum_rad=2.969, timed_fallback=False, stall_count=0)
[robot_supervisor-16] [INFO] [1776844396.278321708] [robot_3.robot_supervisor]: FULL ROTATE active (accum_rad=3.075, timed_fallback=False, stall_count=0)
[robot_supervisor-16] [INFO] [1776844396.278856842] [robot_3.robot_supervisor]: FULL ROTATE completed by odom (accum_rad=3.175)
[robot_supervisor-16] [INFO] [1776844396.279320056] [robot_3.robot_supervisor]: FULL ROTATE stopped; supervisor will select next event next tick
[robot_supervisor-7] [INFO] [1776844396.280212519] [robot_0.robot_supervisor]: FULL ROTATE active (accum_rad=2.875, timed_fallback=False, stall_count=0)
[robot_supervisor-10] [INFO] [1776844396.332992979] [robot_1.robot_supervisor]: FULL ROTATE active (accum_rad=3.069, timed_fallback=False, stall_count=0)
[robot_supervisor-13] [INFO] [1776844396.333378124] [robot_2.robot_supervisor]: FULL ROTATE active (accum_rad=2.898, timed_fallback=False, stall_count=0)
[robot_supervisor-10] [INFO] [1776844396.333672008] [robot_1.robot_supervisor]: FULL ROTATE completed by odom (accum_rad=3.169)
[robot_supervisor-10] [INFO] [1776844396.334266471] [robot_1.robot_supervisor]: FULL ROTATE stopped; supervisor will select next event next tick
[robot_supervisor-7] [INFO] [1776844396.380026694] [robot_0.robot_supervisor]: FULL ROTATE active (accum_rad=2.975, timed_fallback=False, stall_count=0)
[robot_supervisor-13] [INFO] [1776844396.432882406] [robot_2.robot_supervisor]: FULL ROTATE active (accum_rad=2.998, timed_fallback=False, stall_count=0)
[robot_supervisor-7] [INFO] [1776844396.480172471] [robot_0.robot_supervisor]: FULL ROTATE active (accum_rad=3.075, timed_fallback=False, stall_count=0)
[robot_supervisor-7] [INFO] [1776844396.480722269] [robot_0.robot_supervisor]: FULL ROTATE completed by odom (accum_rad=3.175)
[robot_supervisor-7] [INFO] [1776844396.481161897] [robot_0.robot_supervisor]: FULL ROTATE stopped; supervisor will select next event next tick
[robot_supervisor-13] [INFO] [1776844396.533060518] [robot_2.robot_supervisor]: FULL ROTATE active (accum_rad=3.098, timed_fallback=False, stall_count=0)
[robot_supervisor-13] [INFO] [1776844396.533660776] [robot_2.robot_supervisor]: FULL ROTATE completed by odom (accum_rad=3.198)
[robot_supervisor-13] [INFO] [1776844396.534087208] [robot_2.robot_supervisor]: FULL ROTATE stopped; supervisor will select next event next tick
[robot_supervisor-16] [INFO] [1776844396.578527680] [robot_3.robot_supervisor]: Selected controllable event: EV_rotate_clockwise
[robot_supervisor-10] [INFO] [1776844396.633060233] [robot_1.robot_supervisor]: Selected controllable event: EV_rotate_clockwise
[robot_supervisor-7] [INFO] [1776844396.780437694] [robot_0.robot_supervisor]: Selected controllable event: EV_rotate_counterclockwise
[robot_supervisor-13] [INFO] [1776844396.933170644] [robot_2.robot_supervisor]: Selected controllable event: EV_rotate_clockwise
[bump_counter-3] [INFO] [1776844397.051945757] [bump_counter]: [global] bump #21 (obstacle) with: south_wall::link::collision
[robot_supervisor-19] [INFO] [1776844398.140239042] [robot_4.robot_supervisor]: Selected controllable event: EV_full_rotate
[robot_supervisor-19] [INFO] [1776844398.140671976] [robot_4.robot_supervisor]: Starting FULL ROTATE (omega=1.000, have_odom=True, target_rad=3.142, timeout_s=3.500)
[image_processor-24] [INFO] [1776844398.169139956] [robot_3.image_processor]: Zone=CORNER
[image_processor-23] [INFO] [1776844398.181075678] [robot_2.image_processor]: Zone=CORNER
[image_processor-21] [INFO] [1776844398.199247554] [robot_0.image_processor]: Zone=LEFT  left[p=0.714 near=4978 v=7650]  front[p=0.892 near=0 v=10573]  right[p=2.537 near=0 v=5382]
[robot_supervisor-7] [INFO] [1776844398.199989377] [robot_0.robot_supervisor]: Detected zone changed to LEFT
[image_processor-25] [INFO] [1776844398.208717201] [robot_4.image_processor]: Zone=CORNER
[image_processor-22] [INFO] [1776844398.230395956] [robot_1.image_processor]: Zone=CORNER
[robot_supervisor-19] [INFO] [1776844398.240272256] [robot_4.robot_supervisor]: FULL ROTATE active (accum_rad=0.000, timed_fallback=False, stall_count=0)
[robot_supervisor-19] [INFO] [1776844398.340254607] [robot_4.robot_supervisor]: FULL ROTATE active (accum_rad=0.004, timed_fallback=False, stall_count=0)
[robot_supervisor-19] [INFO] [1776844398.440486237] [robot_4.robot_supervisor]: FULL ROTATE active (accum_rad=0.036, timed_fallback=False, stall_count=0)
[robot_supervisor-19] [INFO] [1776844398.540255884] [robot_4.robot_supervisor]: FULL ROTATE active (accum_rad=0.097, timed_fallback=False, stall_count=0)
[robot_supervisor-19] [INFO] [1776844398.640481383] [robot_4.robot_supervisor]: FULL ROTATE active (accum_rad=0.188, timed_fallback=False, stall_count=0)
[robot_supervisor-16] [INFO] [1776844398.678402179] [robot_3.robot_supervisor]: Selected controllable event: EV_full_rotate
[robot_supervisor-16] [INFO] [1776844398.678850735] [robot_3.robot_supervisor]: Starting FULL ROTATE (omega=1.000, have_odom=True, target_rad=3.142, timeout_s=3.500)
[robot_supervisor-19] [INFO] [1776844398.740214362] [robot_4.robot_supervisor]: FULL ROTATE active (accum_rad=0.288, timed_fallback=False, stall_count=0)
[robot_supervisor-16] [INFO] [1776844398.778258264] [robot_3.robot_supervisor]: FULL ROTATE active (accum_rad=0.000, timed_fallback=False, stall_count=0)
[robot_supervisor-10] [INFO] [1776844398.833326530] [robot_1.robot_supervisor]: Selected controllable event: EV_full_rotate
[robot_supervisor-10] [INFO] [1776844398.833954147] [robot_1.robot_supervisor]: Starting FULL ROTATE (omega=1.000, have_odom=True, target_rad=3.142, timeout_s=3.500)
[robot_supervisor-19] [INFO] [1776844398.840213260] [robot_4.robot_supervisor]: FULL ROTATE active (accum_rad=0.388, timed_fallback=False, stall_count=0)
[robot_supervisor-16] [INFO] [1776844398.878234184] [robot_3.robot_supervisor]: FULL ROTATE active (accum_rad=0.002, timed_fallback=False, stall_count=0)
[robot_supervisor-10] [INFO] [1776844398.932947069] [robot_1.robot_supervisor]: FULL ROTATE active (accum_rad=0.000, timed_fallback=False, stall_count=0)
[robot_supervisor-19] [INFO] [1776844398.940782826] [robot_4.robot_supervisor]: FULL ROTATE active (accum_rad=0.488, timed_fallback=False, stall_count=0)
[robot_supervisor-16] [INFO] [1776844398.978260164] [robot_3.robot_supervisor]: FULL ROTATE active (accum_rad=0.030, timed_fallback=False, stall_count=0)
[robot_supervisor-7] [INFO] [1776844398.980015885] [robot_0.robot_supervisor]: Selected controllable event: EV_rotate_counterclockwise
[robot_supervisor-7] [INFO] [1776844398.980324367] [robot_0.robot_supervisor]: rotate_90 blocked by recent completion; stopping this tick
[robot_supervisor-10] [INFO] [1776844399.033328014] [robot_1.robot_supervisor]: FULL ROTATE active (accum_rad=0.005, timed_fallback=False, stall_count=0)
[robot_supervisor-19] [INFO] [1776844399.040554726] [robot_4.robot_supervisor]: FULL ROTATE active (accum_rad=0.588, timed_fallback=False, stall_count=0)
[robot_supervisor-16] [INFO] [1776844399.078679474] [robot_3.robot_supervisor]: FULL ROTATE active (accum_rad=0.087, timed_fallback=False, stall_count=0)
[robot_supervisor-7] [INFO] [1776844399.080136450] [robot_0.robot_supervisor]: Selected controllable event: EV_rotate_clockwise
[robot_supervisor-7] [INFO] [1776844399.080511627] [robot_0.robot_supervisor]: rotate_90 blocked by recent completion; stopping this tick
[robot_supervisor-13] [INFO] [1776844399.132819991] [robot_2.robot_supervisor]: Selected controllable event: EV_full_rotate
[robot_supervisor-10] [INFO] [1776844399.133076340] [robot_1.robot_supervisor]: FULL ROTATE active (accum_rad=0.030, timed_fallback=False, stall_count=0)
[robot_supervisor-13] [INFO] [1776844399.133244483] [robot_2.robot_supervisor]: Starting FULL ROTATE (omega=1.000, have_odom=True, target_rad=3.142, timeout_s=3.500)
[robot_supervisor-19] [INFO] [1776844399.140352274] [robot_4.robot_supervisor]: FULL ROTATE active (accum_rad=0.688, timed_fallback=False, stall_count=0)
[robot_supervisor-16] [INFO] [1776844399.178268904] [robot_3.robot_supervisor]: FULL ROTATE active (accum_rad=0.175, timed_fallback=False, stall_count=0)
[robot_supervisor-7] [INFO] [1776844399.179978960] [robot_0.robot_supervisor]: Selected controllable event: EV_rotate_clockwise
[robot_supervisor-13] [INFO] [1776844399.232853821] [robot_2.robot_supervisor]: FULL ROTATE active (accum_rad=0.000, timed_fallback=False, stall_count=0)
[robot_supervisor-10] [INFO] [1776844399.232946332] [robot_1.robot_supervisor]: FULL ROTATE active (accum_rad=0.084, timed_fallback=False, stall_count=0)
[robot_supervisor-19] [INFO] [1776844399.240393196] [robot_4.robot_supervisor]: FULL ROTATE active (accum_rad=0.788, timed_fallback=False, stall_count=0)
[robot_supervisor-16] [INFO] [1776844399.278459727] [robot_3.robot_supervisor]: FULL ROTATE active (accum_rad=0.275, timed_fallback=False, stall_count=0)
[robot_supervisor-13] [INFO] [1776844399.333157470] [robot_2.robot_supervisor]: FULL ROTATE active (accum_rad=0.006, timed_fallback=False, stall_count=0)
[robot_supervisor-10] [INFO] [1776844399.333274999] [robot_1.robot_supervisor]: FULL ROTATE active (accum_rad=0.169, timed_fallback=False, stall_count=0)
[robot_supervisor-19] [INFO] [1776844399.340657989] [robot_4.robot_supervisor]: FULL ROTATE active (accum_rad=0.888, timed_fallback=False, stall_count=0)
[robot_supervisor-16] [INFO] [1776844399.378270943] [robot_3.robot_supervisor]: FULL ROTATE active (accum_rad=0.375, timed_fallback=False, stall_count=0)
[robot_supervisor-13] [INFO] [1776844399.433007676] [robot_2.robot_supervisor]: FULL ROTATE active (accum_rad=0.041, timed_fallback=False, stall_count=0)
[robot_supervisor-10] [INFO] [1776844399.433058417] [robot_1.robot_supervisor]: FULL ROTATE active (accum_rad=0.269, timed_fallback=False, stall_count=0)
[robot_supervisor-19] [INFO] [1776844399.440551043] [robot_4.robot_supervisor]: FULL ROTATE active (accum_rad=0.988, timed_fallback=False, stall_count=0)
[robot_supervisor-16] [INFO] [1776844399.478200418] [robot_3.robot_supervisor]: FULL ROTATE active (accum_rad=0.475, timed_fallback=False, stall_count=0)
[robot_supervisor-13] [INFO] [1776844399.533140300] [robot_2.robot_supervisor]: FULL ROTATE active (accum_rad=0.105, timed_fallback=False, stall_count=0)
[robot_supervisor-10] [INFO] [1776844399.533230891] [robot_1.robot_supervisor]: FULL ROTATE active (accum_rad=0.369, timed_fallback=False, stall_count=0)
[robot_supervisor-19] [INFO] [1776844399.540183672] [robot_4.robot_supervisor]: FULL ROTATE active (accum_rad=1.088, timed_fallback=False, stall_count=0)
[robot_supervisor-16] [INFO] [1776844399.578242605] [robot_3.robot_supervisor]: FULL ROTATE active (accum_rad=0.575, timed_fallback=False, stall_count=0)
[robot_supervisor-13] [INFO] [1776844399.632802841] [robot_2.robot_supervisor]: FULL ROTATE active (accum_rad=0.198, timed_fallback=False, stall_count=0)
[robot_supervisor-10] [INFO] [1776844399.632909042] [robot_1.robot_supervisor]: FULL ROTATE active (accum_rad=0.469, timed_fallback=False, stall_count=0)
[robot_supervisor-19] [INFO] [1776844399.640034262] [robot_4.robot_supervisor]: FULL ROTATE active (accum_rad=1.188, timed_fallback=False, stall_count=0)
[robot_supervisor-16] [INFO] [1776844399.678335686] [robot_3.robot_supervisor]: FULL ROTATE active (accum_rad=0.675, timed_fallback=False, stall_count=0)
[robot_supervisor-13] [INFO] [1776844399.733044373] [robot_2.robot_supervisor]: FULL ROTATE active (accum_rad=0.298, timed_fallback=False, stall_count=0)
[robot_supervisor-10] [INFO] [1776844399.733072698] [robot_1.robot_supervisor]: FULL ROTATE active (accum_rad=0.569, timed_fallback=False, stall_count=0)
[robot_supervisor-19] [INFO] [1776844399.740234382] [robot_4.robot_supervisor]: FULL ROTATE active (accum_rad=1.288, timed_fallback=False, stall_count=0)
[robot_supervisor-16] [INFO] [1776844399.778167286] [robot_3.robot_supervisor]: FULL ROTATE active (accum_rad=0.775, timed_fallback=False, stall_count=0)
[robot_supervisor-13] [INFO] [1776844399.833059349] [robot_2.robot_supervisor]: FULL ROTATE active (accum_rad=0.398, timed_fallback=False, stall_count=0)
[robot_supervisor-10] [INFO] [1776844399.833200870] [robot_1.robot_supervisor]: FULL ROTATE active (accum_rad=0.669, timed_fallback=False, stall_count=0)
[robot_supervisor-19] [INFO] [1776844399.840073185] [robot_4.robot_supervisor]: FULL ROTATE active (accum_rad=1.388, timed_fallback=False, stall_count=0)
[robot_supervisor-16] [INFO] [1776844399.878219312] [robot_3.robot_supervisor]: FULL ROTATE active (accum_rad=0.875, timed_fallback=False, stall_count=0)
[robot_supervisor-13] [INFO] [1776844399.933060773] [robot_2.robot_supervisor]: FULL ROTATE active (accum_rad=0.498, timed_fallback=False, stall_count=0)
[robot_supervisor-10] [INFO] [1776844399.933174207] [robot_1.robot_supervisor]: FULL ROTATE active (accum_rad=0.769, timed_fallback=False, stall_count=0)
[robot_supervisor-19] [INFO] [1776844399.940192805] [robot_4.robot_supervisor]: FULL ROTATE active (accum_rad=1.488, timed_fallback=False, stall_count=0)
[robot_supervisor-16] [INFO] [1776844399.978099529] [robot_3.robot_supervisor]: FULL ROTATE active (accum_rad=0.975, timed_fallback=False, stall_count=0)
[robot_supervisor-13] [INFO] [1776844400.032967237] [robot_2.robot_supervisor]: FULL ROTATE active (accum_rad=0.598, timed_fallback=False, stall_count=0)
[robot_supervisor-10] [INFO] [1776844400.033078037] [robot_1.robot_supervisor]: FULL ROTATE active (accum_rad=0.869, timed_fallback=False, stall_count=0)
[robot_supervisor-19] [INFO] [1776844400.040209201] [robot_4.robot_supervisor]: FULL ROTATE active (accum_rad=1.588, timed_fallback=False, stall_count=0)
[robot_supervisor-16] [INFO] [1776844400.078181171] [robot_3.robot_supervisor]: FULL ROTATE active (accum_rad=1.075, timed_fallback=False, stall_count=0)
[robot_supervisor-13] [INFO] [1776844400.132756804] [robot_2.robot_supervisor]: FULL ROTATE active (accum_rad=0.698, timed_fallback=False, stall_count=0)
[robot_supervisor-10] [INFO] [1776844400.133175929] [robot_1.robot_supervisor]: FULL ROTATE active (accum_rad=0.969, timed_fallback=False, stall_count=0)
[robot_supervisor-19] [INFO] [1776844400.140172294] [robot_4.robot_supervisor]: FULL ROTATE active (accum_rad=1.688, timed_fallback=False, stall_count=0)
[robot_supervisor-16] [INFO] [1776844400.178302727] [robot_3.robot_supervisor]: FULL ROTATE active (accum_rad=1.175, timed_fallback=False, stall_count=0)
[robot_supervisor-13] [INFO] [1776844400.232915680] [robot_2.robot_supervisor]: FULL ROTATE active (accum_rad=0.798, timed_fallback=False, stall_count=0)
[robot_supervisor-10] [INFO] [1776844400.232980949] [robot_1.robot_supervisor]: FULL ROTATE active (accum_rad=1.069, timed_fallback=False, stall_count=0)
[robot_supervisor-19] [INFO] [1776844400.240203680] [robot_4.robot_supervisor]: FULL ROTATE active (accum_rad=1.788, timed_fallback=False, stall_count=0)
[robot_supervisor-16] [INFO] [1776844400.278171371] [robot_3.robot_supervisor]: FULL ROTATE active (accum_rad=1.275, timed_fallback=False, stall_count=0)
[robot_supervisor-10] [INFO] [1776844400.332773989] [robot_1.robot_supervisor]: FULL ROTATE active (accum_rad=1.169, timed_fallback=False, stall_count=0)
[robot_supervisor-13] [INFO] [1776844400.332894884] [robot_2.robot_supervisor]: FULL ROTATE active (accum_rad=0.898, timed_fallback=False, stall_count=0)
[robot_supervisor-19] [INFO] [1776844400.340183615] [robot_4.robot_supervisor]: FULL ROTATE active (accum_rad=1.888, timed_fallback=False, stall_count=0)
[robot_supervisor-16] [INFO] [1776844400.378153255] [robot_3.robot_supervisor]: FULL ROTATE active (accum_rad=1.375, timed_fallback=False, stall_count=0)
[robot_supervisor-13] [INFO] [1776844400.432845823] [robot_2.robot_supervisor]: FULL ROTATE active (accum_rad=0.998, timed_fallback=False, stall_count=0)
[robot_supervisor-10] [INFO] [1776844400.432924294] [robot_1.robot_supervisor]: FULL ROTATE active (accum_rad=1.269, timed_fallback=False, stall_count=0)
[robot_supervisor-19] [INFO] [1776844400.440239619] [robot_4.robot_supervisor]: FULL ROTATE active (accum_rad=1.988, timed_fallback=False, stall_count=0)
[robot_supervisor-16] [INFO] [1776844400.478227924] [robot_3.robot_supervisor]: FULL ROTATE active (accum_rad=1.475, timed_fallback=False, stall_count=0)
[robot_supervisor-10] [INFO] [1776844400.532778548] [robot_1.robot_supervisor]: FULL ROTATE active (accum_rad=1.369, timed_fallback=False, stall_count=0)
[robot_supervisor-13] [INFO] [1776844400.533047710] [robot_2.robot_supervisor]: FULL ROTATE active (accum_rad=1.098, timed_fallback=False, stall_count=0)
[robot_supervisor-19] [INFO] [1776844400.540245815] [robot_4.robot_supervisor]: FULL ROTATE active (accum_rad=2.088, timed_fallback=False, stall_count=0)
[robot_supervisor-16] [INFO] [1776844400.578232554] [robot_3.robot_supervisor]: FULL ROTATE active (accum_rad=1.575, timed_fallback=False, stall_count=0)
[robot_supervisor-13] [INFO] [1776844400.632833429] [robot_2.robot_supervisor]: FULL ROTATE active (accum_rad=1.198, timed_fallback=False, stall_count=0)
[robot_supervisor-10] [INFO] [1776844400.632851442] [robot_1.robot_supervisor]: FULL ROTATE active (accum_rad=1.469, timed_fallback=False, stall_count=0)
[robot_supervisor-19] [INFO] [1776844400.640182292] [robot_4.robot_supervisor]: FULL ROTATE active (accum_rad=2.188, timed_fallback=False, stall_count=0)
[image_processor-24] [INFO] [1776844400.674365239] [robot_3.image_processor]: Zone=CLEAR  left[p=1.310 near=0 v=7210]  front[p=2.793 near=0 v=8971]  right[p=2.607 near=138 v=5323]
[robot_supervisor-16] [INFO] [1776844400.675228593] [robot_3.robot_supervisor]: Detected zone changed to CLEAR
[robot_supervisor-16] [INFO] [1776844400.677971727] [robot_3.robot_supervisor]: FULL ROTATE active (accum_rad=1.675, timed_fallback=False, stall_count=0)
[image_processor-23] [INFO] [1776844400.683234203] [robot_2.image_processor]: Zone=CORNER
[image_processor-21] [INFO] [1776844400.694977129] [robot_0.image_processor]: Zone=LEFT
[image_processor-25] [INFO] [1776844400.706047062] [robot_4.image_processor]: Zone=CORNER
[image_processor-22] [INFO] [1776844400.718926636] [robot_1.image_processor]: Zone=RIGHT  left[p=0.778 near=1441 v=7650]  front[p=1.176 near=0 v=13411]  right[p=0.487 near=3758 v=6829]
[robot_supervisor-10] [INFO] [1776844400.719560178] [robot_1.robot_supervisor]: Detected zone changed to RIGHT
[robot_supervisor-10] [INFO] [1776844400.732731232] [robot_1.robot_supervisor]: FULL ROTATE active (accum_rad=1.569, timed_fallback=False, stall_count=0)
[robot_supervisor-13] [INFO] [1776844400.732834908] [robot_2.robot_supervisor]: FULL ROTATE active (accum_rad=1.298, timed_fallback=False, stall_count=0)
[robot_supervisor-19] [INFO] [1776844400.740146502] [robot_4.robot_supervisor]: FULL ROTATE active (accum_rad=2.288, timed_fallback=False, stall_count=0)
[robot_supervisor-16] [INFO] [1776844400.778212953] [robot_3.robot_supervisor]: FULL ROTATE active (accum_rad=1.775, timed_fallback=False, stall_count=0)
[robot_supervisor-10] [INFO] [1776844400.832920587] [robot_1.robot_supervisor]: FULL ROTATE active (accum_rad=1.669, timed_fallback=False, stall_count=0)
[robot_supervisor-13] [INFO] [1776844400.833173471] [robot_2.robot_supervisor]: FULL ROTATE active (accum_rad=1.398, timed_fallback=False, stall_count=0)
[robot_supervisor-19] [INFO] [1776844400.840234496] [robot_4.robot_supervisor]: FULL ROTATE active (accum_rad=2.388, timed_fallback=False, stall_count=0)
[robot_supervisor-16] [INFO] [1776844400.878218440] [robot_3.robot_supervisor]: FULL ROTATE active (accum_rad=1.875, timed_fallback=False, stall_count=0)
[robot_supervisor-13] [INFO] [1776844400.933145711] [robot_2.robot_supervisor]: FULL ROTATE active (accum_rad=1.498, timed_fallback=False, stall_count=0)
[robot_supervisor-10] [INFO] [1776844400.933252030] [robot_1.robot_supervisor]: FULL ROTATE active (accum_rad=1.769, timed_fallback=False, stall_count=0)
[robot_supervisor-19] [INFO] [1776844400.940257710] [robot_4.robot_supervisor]: FULL ROTATE active (accum_rad=2.488, timed_fallback=False, stall_count=0)
[robot_supervisor-16] [INFO] [1776844400.978256302] [robot_3.robot_supervisor]: FULL ROTATE active (accum_rad=1.975, timed_fallback=False, stall_count=0)
[robot_supervisor-13] [INFO] [1776844401.032999740] [robot_2.robot_supervisor]: FULL ROTATE active (accum_rad=1.598, timed_fallback=False, stall_count=0)
[robot_supervisor-10] [INFO] [1776844401.033229424] [robot_1.robot_supervisor]: FULL ROTATE active (accum_rad=1.869, timed_fallback=False, stall_count=0)
[robot_supervisor-19] [INFO] [1776844401.040194332] [robot_4.robot_supervisor]: FULL ROTATE active (accum_rad=2.588, timed_fallback=False, stall_count=0)
[robot_supervisor-16] [INFO] [1776844401.078233603] [robot_3.robot_supervisor]: FULL ROTATE active (accum_rad=2.075, timed_fallback=False, stall_count=0)
[robot_supervisor-10] [INFO] [1776844401.132996158] [robot_1.robot_supervisor]: FULL ROTATE active (accum_rad=1.969, timed_fallback=False, stall_count=0)
[robot_supervisor-13] [INFO] [1776844401.133225941] [robot_2.robot_supervisor]: FULL ROTATE active (accum_rad=1.698, timed_fallback=False, stall_count=0)
[robot_supervisor-19] [INFO] [1776844401.140149500] [robot_4.robot_supervisor]: FULL ROTATE active (accum_rad=2.688, timed_fallback=False, stall_count=0)
[robot_supervisor-16] [INFO] [1776844401.178596924] [robot_3.robot_supervisor]: FULL ROTATE active (accum_rad=2.175, timed_fallback=False, stall_count=0)
[robot_supervisor-10] [INFO] [1776844401.232779198] [robot_1.robot_supervisor]: FULL ROTATE active (accum_rad=2.069, timed_fallback=False, stall_count=0)
[robot_supervisor-13] [INFO] [1776844401.232939303] [robot_2.robot_supervisor]: FULL ROTATE active (accum_rad=1.798, timed_fallback=False, stall_count=0)
[robot_supervisor-19] [INFO] [1776844401.240181211] [robot_4.robot_supervisor]: FULL ROTATE active (accum_rad=2.788, timed_fallback=False, stall_count=0)
[robot_supervisor-16] [INFO] [1776844401.278533197] [robot_3.robot_supervisor]: FULL ROTATE active (accum_rad=2.275, timed_fallback=False, stall_count=0)
[robot_supervisor-13] [INFO] [1776844401.333101666] [robot_2.robot_supervisor]: FULL ROTATE active (accum_rad=1.898, timed_fallback=False, stall_count=0)
[robot_supervisor-10] [INFO] [1776844401.333243929] [robot_1.robot_supervisor]: FULL ROTATE active (accum_rad=2.169, timed_fallback=False, stall_count=0)
[robot_supervisor-19] [INFO] [1776844401.340175465] [robot_4.robot_supervisor]: FULL ROTATE active (accum_rad=2.888, timed_fallback=False, stall_count=0)
[robot_supervisor-16] [INFO] [1776844401.378184342] [robot_3.robot_supervisor]: FULL ROTATE active (accum_rad=2.375, timed_fallback=False, stall_count=0)
[robot_supervisor-7] [INFO] [1776844401.380010055] [robot_0.robot_supervisor]: Selected controllable event: EV_rotate_clockwise
[robot_supervisor-7] [INFO] [1776844401.380327514] [robot_0.robot_supervisor]: rotate_90 blocked by recent completion; stopping this tick
[robot_supervisor-13] [INFO] [1776844401.432743240] [robot_2.robot_supervisor]: FULL ROTATE active (accum_rad=1.998, timed_fallback=False, stall_count=0)
[robot_supervisor-10] [INFO] [1776844401.433210419] [robot_1.robot_supervisor]: FULL ROTATE active (accum_rad=2.269, timed_fallback=False, stall_count=0)
[robot_supervisor-19] [INFO] [1776844401.440411092] [robot_4.robot_supervisor]: FULL ROTATE active (accum_rad=2.988, timed_fallback=False, stall_count=0)
[robot_supervisor-16] [INFO] [1776844401.478070060] [robot_3.robot_supervisor]: FULL ROTATE active (accum_rad=2.475, timed_fallback=False, stall_count=0)
[robot_supervisor-7] [INFO] [1776844401.480068076] [robot_0.robot_supervisor]: Selected controllable event: EV_rotate_clockwise
[robot_supervisor-7] [INFO] [1776844401.480377778] [robot_0.robot_supervisor]: rotate_90 blocked by recent completion; stopping this tick
[robot_supervisor-13] [INFO] [1776844401.532855600] [robot_2.robot_supervisor]: FULL ROTATE active (accum_rad=2.098, timed_fallback=False, stall_count=0)
[robot_supervisor-10] [INFO] [1776844401.533041117] [robot_1.robot_supervisor]: FULL ROTATE active (accum_rad=2.369, timed_fallback=False, stall_count=0)
[robot_supervisor-19] [INFO] [1776844401.540024405] [robot_4.robot_supervisor]: FULL ROTATE active (accum_rad=3.088, timed_fallback=False, stall_count=0)
[robot_supervisor-19] [INFO] [1776844401.540409802] [robot_4.robot_supervisor]: FULL ROTATE completed by odom (accum_rad=3.188)
[robot_supervisor-19] [INFO] [1776844401.540693515] [robot_4.robot_supervisor]: FULL ROTATE stopped; supervisor will select next event next tick
[robot_supervisor-16] [INFO] [1776844401.578268469] [robot_3.robot_supervisor]: FULL ROTATE active (accum_rad=2.575, timed_fallback=False, stall_count=0)
[robot_supervisor-7] [INFO] [1776844401.579890753] [robot_0.robot_supervisor]: Selected controllable event: EV_rotate_clockwise
[robot_supervisor-13] [INFO] [1776844401.632767118] [robot_2.robot_supervisor]: FULL ROTATE active (accum_rad=2.198, timed_fallback=False, stall_count=0)
[robot_supervisor-10] [INFO] [1776844401.632896645] [robot_1.robot_supervisor]: FULL ROTATE active (accum_rad=2.469, timed_fallback=False, stall_count=0)
[robot_supervisor-16] [INFO] [1776844401.678251772] [robot_3.robot_supervisor]: FULL ROTATE active (accum_rad=2.675, timed_fallback=False, stall_count=0)
[robot_supervisor-10] [INFO] [1776844401.732815520] [robot_1.robot_supervisor]: FULL ROTATE active (accum_rad=2.569, timed_fallback=False, stall_count=0)
[robot_supervisor-13] [INFO] [1776844401.732839237] [robot_2.robot_supervisor]: FULL ROTATE active (accum_rad=2.298, timed_fallback=False, stall_count=0)
[robot_supervisor-16] [INFO] [1776844401.778062465] [robot_3.robot_supervisor]: FULL ROTATE active (accum_rad=2.775, timed_fallback=False, stall_count=0)
[robot_supervisor-10] [INFO] [1776844401.832728179] [robot_1.robot_supervisor]: FULL ROTATE active (accum_rad=2.669, timed_fallback=False, stall_count=0)
[robot_supervisor-13] [INFO] [1776844401.832737248] [robot_2.robot_supervisor]: FULL ROTATE active (accum_rad=2.398, timed_fallback=False, stall_count=0)
[robot_supervisor-19] [INFO] [1776844401.840263140] [robot_4.robot_supervisor]: Selected controllable event: EV_rotate_clockwise
[robot_supervisor-16] [INFO] [1776844401.878291241] [robot_3.robot_supervisor]: FULL ROTATE active (accum_rad=2.875, timed_fallback=False, stall_count=0)
[robot_supervisor-13] [INFO] [1776844401.932684406] [robot_2.robot_supervisor]: FULL ROTATE active (accum_rad=2.498, timed_fallback=False, stall_count=0)
[robot_supervisor-10] [INFO] [1776844401.932917413] [robot_1.robot_supervisor]: FULL ROTATE active (accum_rad=2.769, timed_fallback=False, stall_count=0)
[robot_supervisor-16] [INFO] [1776844401.978095521] [robot_3.robot_supervisor]: FULL ROTATE active (accum_rad=2.975, timed_fallback=False, stall_count=0)
[robot_supervisor-13] [INFO] [1776844402.032986400] [robot_2.robot_supervisor]: FULL ROTATE active (accum_rad=2.598, timed_fallback=False, stall_count=0)
[robot_supervisor-10] [INFO] [1776844402.033000090] [robot_1.robot_supervisor]: FULL ROTATE active (accum_rad=2.869, timed_fallback=False, stall_count=0)
[robot_supervisor-16] [INFO] [1776844402.078197059] [robot_3.robot_supervisor]: FULL ROTATE active (accum_rad=3.075, timed_fallback=False, stall_count=0)
[robot_supervisor-16] [INFO] [1776844402.078689866] [robot_3.robot_supervisor]: FULL ROTATE completed by odom (accum_rad=3.175)
[robot_supervisor-16] [INFO] [1776844402.079071774] [robot_3.robot_supervisor]: FULL ROTATE stopped; supervisor will select next event next tick
[robot_supervisor-10] [INFO] [1776844402.132737949] [robot_1.robot_supervisor]: FULL ROTATE active (accum_rad=2.969, timed_fallback=False, stall_count=0)
[robot_supervisor-13] [INFO] [1776844402.132766919] [robot_2.robot_supervisor]: FULL ROTATE active (accum_rad=2.698, timed_fallback=False, stall_count=0)
[robot_supervisor-13] [INFO] [1776844402.232844201] [robot_2.robot_supervisor]: FULL ROTATE active (accum_rad=2.798, timed_fallback=False, stall_count=0)
[robot_supervisor-10] [INFO] [1776844402.232926728] [robot_1.robot_supervisor]: FULL ROTATE active (accum_rad=3.069, timed_fallback=False, stall_count=0)
[robot_supervisor-10] [INFO] [1776844402.233265481] [robot_1.robot_supervisor]: FULL ROTATE completed by odom (accum_rad=3.169)
[robot_supervisor-10] [INFO] [1776844402.233520818] [robot_1.robot_supervisor]: FULL ROTATE stopped; supervisor will select next event next tick
[robot_supervisor-13] [INFO] [1776844402.332737357] [robot_2.robot_supervisor]: FULL ROTATE active (accum_rad=2.898, timed_fallback=False, stall_count=0)
[robot_supervisor-16] [INFO] [1776844402.378280419] [robot_3.robot_supervisor]: Selected controllable event: EV_random_walk
[robot_supervisor-13] [INFO] [1776844402.432611914] [robot_2.robot_supervisor]: FULL ROTATE active (accum_rad=2.998, timed_fallback=False, stall_count=0)
[robot_supervisor-13] [INFO] [1776844402.532894374] [robot_2.robot_supervisor]: FULL ROTATE active (accum_rad=3.098, timed_fallback=False, stall_count=0)
[robot_supervisor-13] [INFO] [1776844402.533403927] [robot_2.robot_supervisor]: FULL ROTATE completed by odom (accum_rad=3.198)
[robot_supervisor-13] [INFO] [1776844402.533799265] [robot_2.robot_supervisor]: FULL ROTATE stopped; supervisor will select next event next tick
[robot_supervisor-10] [INFO] [1776844402.633253948] [robot_1.robot_supervisor]: Selected controllable event: EV_rotate_counterclockwise
[robot_supervisor-16] [INFO] [1776844402.678512583] [robot_3.robot_supervisor]: Selected controllable event: EV_move_forward
[robot_supervisor-13] [INFO] [1776844402.932714749] [robot_2.robot_supervisor]: Selected controllable event: EV_rotate_clockwise
[robot_supervisor-16] [INFO] [1776844402.978569048] [robot_3.robot_supervisor]: Selected controllable event: EV_random_walk
[image_processor-24] [INFO] [1776844403.172091371] [robot_3.image_processor]: Zone=CLEAR
[image_processor-23] [INFO] [1776844403.195688222] [robot_2.image_processor]: Zone=CLEAR  left[p=2.540 near=0 v=7462]  front[p=2.268 near=0 v=12567]  right[p=2.181 near=0 v=7740]
[robot_supervisor-13] [INFO] [1776844403.196426244] [robot_2.robot_supervisor]: Detected zone changed to CLEAR
[image_processor-21] [INFO] [1776844403.213916544] [robot_0.image_processor]: Zone=CORNER  left[p=2.334 near=0 v=7305]  front[p=0.511 near=6534 v=12460]  right[p=0.384 near=7740 v=7740]
[robot_supervisor-7] [INFO] [1776844403.215146010] [robot_0.robot_supervisor]: Detected zone changed to CORNER
[image_processor-25] [INFO] [1776844403.224629063] [robot_4.image_processor]: Zone=CORNER
[image_processor-22] [INFO] [1776844403.234152503] [robot_1.image_processor]: Zone=RIGHT
[robot_supervisor-16] [INFO] [1776844403.278180277] [robot_3.robot_supervisor]: Selected controllable event: EV_move_forward
[robot_supervisor-16] [INFO] [1776844403.578685871] [robot_3.robot_supervisor]: Selected controllable event: EV_random_walk
[robot_supervisor-7] [INFO] [1776844403.680281240] [robot_0.robot_supervisor]: Selected controllable event: EV_full_rotate
[robot_supervisor-7] [INFO] [1776844403.680775857] [robot_0.robot_supervisor]: full_rotate blocked by cooldown; stopping this tick
[robot_supervisor-7] [INFO] [1776844403.780080766] [robot_0.robot_supervisor]: Selected controllable event: EV_rotate_clockwise
[robot_supervisor-7] [INFO] [1776844403.780661329] [robot_0.robot_supervisor]: rotate_90 blocked by recent completion; stopping this tick
[robot_supervisor-16] [INFO] [1776844403.878613114] [robot_3.robot_supervisor]: Selected controllable event: EV_move_forward
[robot_supervisor-7] [INFO] [1776844403.880444121] [robot_0.robot_supervisor]: Selected controllable event: EV_full_rotate
[robot_supervisor-7] [INFO] [1776844403.880974128] [robot_0.robot_supervisor]: full_rotate blocked by cooldown; stopping this tick
[robot_supervisor-7] [INFO] [1776844403.980545906] [robot_0.robot_supervisor]: Selected controllable event: EV_rotate_clockwise
[robot_supervisor-19] [INFO] [1776844404.040392420] [robot_4.robot_supervisor]: Selected controllable event: EV_full_rotate
[robot_supervisor-19] [INFO] [1776844404.040902691] [robot_4.robot_supervisor]: Starting FULL ROTATE (omega=1.000, have_odom=True, target_rad=3.142, timeout_s=3.500)
[robot_supervisor-19] [INFO] [1776844404.140221394] [robot_4.robot_supervisor]: FULL ROTATE active (accum_rad=0.000, timed_fallback=False, stall_count=0)
[robot_supervisor-16] [INFO] [1776844404.178181762] [robot_3.robot_supervisor]: Selected controllable event: EV_random_walk
[robot_supervisor-19] [INFO] [1776844404.240507370] [robot_4.robot_supervisor]: FULL ROTATE active (accum_rad=0.005, timed_fallback=False, stall_count=0)
[robot_supervisor-19] [INFO] [1776844404.340082221] [robot_4.robot_supervisor]: FULL ROTATE active (accum_rad=0.030, timed_fallback=False, stall_count=0)
[robot_supervisor-19] [INFO] [1776844404.440569407] [robot_4.robot_supervisor]: FULL ROTATE active (accum_rad=0.084, timed_fallback=False, stall_count=0)
[robot_supervisor-16] [INFO] [1776844404.478582993] [robot_3.robot_supervisor]: Selected controllable event: EV_move_forward
[robot_supervisor-19] [INFO] [1776844404.540518765] [robot_4.robot_supervisor]: FULL ROTATE active (accum_rad=0.169, timed_fallback=False, stall_count=0)
[robot_supervisor-19] [INFO] [1776844404.640485278] [robot_4.robot_supervisor]: FULL ROTATE active (accum_rad=0.269, timed_fallback=False, stall_count=0)
[robot_supervisor-19] [INFO] [1776844404.740215900] [robot_4.robot_supervisor]: FULL ROTATE active (accum_rad=0.369, timed_fallback=False, stall_count=0)
[robot_supervisor-16] [INFO] [1776844404.778221508] [robot_3.robot_supervisor]: Selected controllable event: EV_random_walk
[robot_supervisor-10] [INFO] [1776844404.833136480] [robot_1.robot_supervisor]: Selected controllable event: EV_rotate_counterclockwise
[robot_supervisor-10] [INFO] [1776844404.833719651] [robot_1.robot_supervisor]: rotate_90 blocked by recent completion; stopping this tick
[robot_supervisor-19] [INFO] [1776844404.840098983] [robot_4.robot_supervisor]: FULL ROTATE active (accum_rad=0.469, timed_fallback=False, stall_count=0)
[robot_supervisor-10] [INFO] [1776844404.933002788] [robot_1.robot_supervisor]: Selected controllable event: EV_rotate_counterclockwise
[robot_supervisor-10] [INFO] [1776844404.933406088] [robot_1.robot_supervisor]: rotate_90 blocked by recent completion; stopping this tick
[robot_supervisor-19] [INFO] [1776844404.940178038] [robot_4.robot_supervisor]: FULL ROTATE active (accum_rad=0.569, timed_fallback=False, stall_count=0)
[robot_supervisor-10] [INFO] [1776844405.033086026] [robot_1.robot_supervisor]: Selected controllable event: EV_rotate_counterclockwise
[robot_supervisor-19] [INFO] [1776844405.040143588] [robot_4.robot_supervisor]: FULL ROTATE active (accum_rad=0.669, timed_fallback=False, stall_count=0)
[robot_supervisor-16] [INFO] [1776844405.078144558] [robot_3.robot_supervisor]: Selected controllable event: EV_move_forward
[robot_supervisor-13] [INFO] [1776844405.132715792] [robot_2.robot_supervisor]: Selected controllable event: EV_random_walk
[robot_supervisor-19] [INFO] [1776844405.140168827] [robot_4.robot_supervisor]: FULL ROTATE active (accum_rad=0.769, timed_fallback=False, stall_count=0)
[robot_supervisor-19] [INFO] [1776844405.240296774] [robot_4.robot_supervisor]: FULL ROTATE active (accum_rad=0.869, timed_fallback=False, stall_count=0)
[robot_supervisor-19] [INFO] [1776844405.340272532] [robot_4.robot_supervisor]: FULL ROTATE active (accum_rad=0.969, timed_fallback=False, stall_count=0)
[robot_supervisor-16] [INFO] [1776844405.378570549] [robot_3.robot_supervisor]: Selected controllable event: EV_random_walk
[robot_supervisor-13] [INFO] [1776844405.432837363] [robot_2.robot_supervisor]: Selected controllable event: EV_move_forward
[robot_supervisor-19] [INFO] [1776844405.440277759] [robot_4.robot_supervisor]: FULL ROTATE active (accum_rad=1.069, timed_fallback=False, stall_count=0)
[robot_supervisor-19] [INFO] [1776844405.540319694] [robot_4.robot_supervisor]: FULL ROTATE active (accum_rad=1.169, timed_fallback=False, stall_count=0)
[robot_supervisor-19] [INFO] [1776844405.640213698] [robot_4.robot_supervisor]: FULL ROTATE active (accum_rad=1.269, timed_fallback=False, stall_count=0)
[bump_counter-3] [INFO] [1776844405.652172746] [bump_counter]: [global] bump #22 (obstacle) with: cylinder1::link::collision
[image_processor-24] [INFO] [1776844405.669823183] [robot_3.image_processor]: Zone=LEFT  left[p=0.441 near=7650 v=7650]  front[p=0.631 near=7556 v=13500]  right[p=0.443 near=7740 v=7740]
[robot_supervisor-16] [INFO] [1776844405.670465580] [robot_3.robot_supervisor]: Detected zone changed to LEFT
[robot_supervisor-16] [INFO] [1776844405.678054238] [robot_3.robot_supervisor]: Selected controllable event: EV_rotate_clockwise
[image_processor-23] [INFO] [1776844405.682823509] [robot_2.image_processor]: Zone=CORNER  left[p=2.172 near=0 v=7650]  front[p=0.205 near=12900 v=13500]  right[p=0.169 near=7740 v=7740]
[robot_supervisor-13] [INFO] [1776844405.683652318] [robot_2.robot_supervisor]: Detected zone changed to CORNER
[image_processor-21] [INFO] [1776844405.696267205] [robot_0.image_processor]: Zone=LEFT  left[p=0.519 near=4088 v=7650]  front[p=1.701 near=0 v=13500]  right[p=1.940 near=0 v=7740]
[robot_supervisor-7] [INFO] [1776844405.696804481] [robot_0.robot_supervisor]: Detected zone changed to LEFT
[image_processor-25] [INFO] [1776844405.710415931] [robot_4.image_processor]: Zone=CORNER
[image_processor-22] [INFO] [1776844405.719261393] [robot_1.image_processor]: Zone=CORNER  left[p=2.979 near=0 v=5075]  front[p=0.716 near=2296 v=10884]  right[p=0.545 near=7740 v=7740]
[robot_supervisor-10] [INFO] [1776844405.720086383] [robot_1.robot_supervisor]: Detected zone changed to CORNER
[robot_supervisor-13] [INFO] [1776844405.732777721] [robot_2.robot_supervisor]: Selected controllable event: EV_rotate_clockwise
[robot_supervisor-19] [INFO] [1776844405.740056940] [robot_4.robot_supervisor]: FULL ROTATE active (accum_rad=1.369, timed_fallback=False, stall_count=0)
[robot_supervisor-19] [INFO] [1776844405.840464060] [robot_4.robot_supervisor]: FULL ROTATE active (accum_rad=1.469, timed_fallback=False, stall_count=0)
[robot_supervisor-19] [INFO] [1776844405.940685251] [robot_4.robot_supervisor]: FULL ROTATE active (accum_rad=1.569, timed_fallback=False, stall_count=0)
[robot_supervisor-19] [INFO] [1776844406.040515195] [robot_4.robot_supervisor]: FULL ROTATE active (accum_rad=1.669, timed_fallback=False, stall_count=0)
[robot_supervisor-7] [INFO] [1776844406.080515791] [robot_0.robot_supervisor]: Selected controllable event: EV_rotate_clockwise
[robot_supervisor-7] [INFO] [1776844406.081035623] [robot_0.robot_supervisor]: rotate_90 blocked by recent completion; stopping this tick
[robot_supervisor-19] [INFO] [1776844406.140200778] [robot_4.robot_supervisor]: FULL ROTATE active (accum_rad=1.769, timed_fallback=False, stall_count=0)
[robot_supervisor-7] [INFO] [1776844406.180272818] [robot_0.robot_supervisor]: Selected controllable event: EV_rotate_clockwise
[robot_supervisor-7] [INFO] [1776844406.180659202] [robot_0.robot_supervisor]: rotate_90 blocked by recent completion; stopping this tick
[robot_supervisor-19] [INFO] [1776844406.240209982] [robot_4.robot_supervisor]: FULL ROTATE active (accum_rad=1.869, timed_fallback=False, stall_count=0)
[robot_supervisor-7] [INFO] [1776844406.280109001] [robot_0.robot_supervisor]: Selected controllable event: EV_rotate_clockwise
[robot_supervisor-7] [INFO] [1776844406.280531575] [robot_0.robot_supervisor]: rotate_90 blocked by recent completion; stopping this tick
[robot_supervisor-19] [INFO] [1776844406.340210756] [robot_4.robot_supervisor]: FULL ROTATE active (accum_rad=1.969, timed_fallback=False, stall_count=0)
[robot_supervisor-7] [INFO] [1776844406.380123168] [robot_0.robot_supervisor]: Selected controllable event: EV_rotate_clockwise
[robot_supervisor-19] [INFO] [1776844406.440222007] [robot_4.robot_supervisor]: FULL ROTATE active (accum_rad=2.069, timed_fallback=False, stall_count=0)
[robot_supervisor-19] [INFO] [1776844406.540271450] [robot_4.robot_supervisor]: FULL ROTATE active (accum_rad=2.169, timed_fallback=False, stall_count=0)
[robot_supervisor-19] [INFO] [1776844406.640699045] [robot_4.robot_supervisor]: FULL ROTATE active (accum_rad=2.269, timed_fallback=False, stall_count=0)
[bump_counter-3] [INFO] [1776844406.671730149] [bump_counter]: [global] bump #23 (obstacle) with: cylinder1::link::collision
[robot_supervisor-19] [INFO] [1776844406.740252509] [robot_4.robot_supervisor]: FULL ROTATE active (accum_rad=2.369, timed_fallback=False, stall_count=0)
[robot_supervisor-19] [INFO] [1776844406.840215462] [robot_4.robot_supervisor]: FULL ROTATE active (accum_rad=2.469, timed_fallback=False, stall_count=0)
[robot_supervisor-19] [INFO] [1776844406.940486244] [robot_4.robot_supervisor]: FULL ROTATE active (accum_rad=2.569, timed_fallback=False, stall_count=0)
[robot_supervisor-19] [INFO] [1776844407.040300052] [robot_4.robot_supervisor]: FULL ROTATE active (accum_rad=2.669, timed_fallback=False, stall_count=0)
[robot_supervisor-19] [INFO] [1776844407.140848090] [robot_4.robot_supervisor]: FULL ROTATE active (accum_rad=2.769, timed_fallback=False, stall_count=0)
[robot_supervisor-10] [INFO] [1776844407.233052696] [robot_1.robot_supervisor]: Selected controllable event: EV_rotate_clockwise
[robot_supervisor-10] [INFO] [1776844407.233491710] [robot_1.robot_supervisor]: rotate_90 blocked by recent completion; stopping this tick
[robot_supervisor-19] [INFO] [1776844407.240040469] [robot_4.robot_supervisor]: FULL ROTATE active (accum_rad=2.869, timed_fallback=False, stall_count=0)
[robot_supervisor-10] [INFO] [1776844407.332992926] [robot_1.robot_supervisor]: Selected controllable event: EV_full_rotate
[robot_supervisor-10] [INFO] [1776844407.333379207] [robot_1.robot_supervisor]: full_rotate blocked by cooldown; stopping this tick
[robot_supervisor-19] [INFO] [1776844407.340196194] [robot_4.robot_supervisor]: FULL ROTATE active (accum_rad=2.969, timed_fallback=False, stall_count=0)
[robot_supervisor-10] [INFO] [1776844407.433090303] [robot_1.robot_supervisor]: Selected controllable event: EV_rotate_clockwise
[robot_supervisor-19] [INFO] [1776844407.440187010] [robot_4.robot_supervisor]: FULL ROTATE active (accum_rad=3.069, timed_fallback=False, stall_count=0)
[robot_supervisor-19] [INFO] [1776844407.440688833] [robot_4.robot_supervisor]: FULL ROTATE completed by odom (accum_rad=3.169)
[robot_supervisor-19] [INFO] [1776844407.441099468] [robot_4.robot_supervisor]: FULL ROTATE stopped; supervisor will select next event next tick
[robot_supervisor-19] [INFO] [1776844407.740286686] [robot_4.robot_supervisor]: Selected controllable event: EV_rotate_clockwise
[robot_supervisor-16] [INFO] [1776844407.878529570] [robot_3.robot_supervisor]: Selected controllable event: EV_rotate_clockwise
[robot_supervisor-16] [INFO] [1776844407.878935114] [robot_3.robot_supervisor]: rotate_90 blocked by recent completion; stopping this tick
[robot_supervisor-13] [INFO] [1776844407.932857177] [robot_2.robot_supervisor]: Selected controllable event: EV_full_rotate
[robot_supervisor-13] [INFO] [1776844407.933283090] [robot_2.robot_supervisor]: Starting FULL ROTATE (omega=1.000, have_odom=True, target_rad=3.142, timeout_s=3.500)
[robot_supervisor-16] [INFO] [1776844407.978218902] [robot_3.robot_supervisor]: Selected controllable event: EV_rotate_clockwise
[robot_supervisor-16] [INFO] [1776844407.978591998] [robot_3.robot_supervisor]: rotate_90 blocked by recent completion; stopping this tick
[robot_supervisor-13] [INFO] [1776844408.032736087] [robot_2.robot_supervisor]: FULL ROTATE active (accum_rad=0.000, timed_fallback=False, stall_count=0)
[robot_supervisor-16] [INFO] [1776844408.078372907] [robot_3.robot_supervisor]: Selected controllable event: EV_rotate_clockwise
[robot_supervisor-13] [INFO] [1776844408.132731859] [robot_2.robot_supervisor]: FULL ROTATE active (accum_rad=0.006, timed_fallback=False, stall_count=0)
[image_processor-24] [INFO] [1776844408.175474329] [robot_3.image_processor]: Zone=LEFT
[image_processor-23] [INFO] [1776844408.183927099] [robot_2.image_processor]: Zone=LEFT  left[p=0.268 near=6475 v=7597]  front[p=3.014 near=0 v=10078]  right[p=3.263 near=0 v=6026]
[robot_supervisor-13] [INFO] [1776844408.184746401] [robot_2.robot_supervisor]: Detected zone changed to LEFT
[image_processor-21] [INFO] [1776844408.199617243] [robot_0.image_processor]: Zone=LEFT
[image_processor-25] [INFO] [1776844408.221095117] [robot_4.image_processor]: Zone=CLEAR  left[p=1.657 near=0 v=4728]  front[p=2.823 near=0 v=8139]  right[p=1.308 near=0 v=7315]
[robot_supervisor-19] [INFO] [1776844408.221920781] [robot_4.robot_supervisor]: Detected zone changed to CLEAR
[robot_supervisor-13] [INFO] [1776844408.232899098] [robot_2.robot_supervisor]: FULL ROTATE active (accum_rad=0.041, timed_fallback=False, stall_count=0)
[image_processor-22] [INFO] [1776844408.234070335] [robot_1.image_processor]: Zone=CORNER
[robot_supervisor-13] [INFO] [1776844408.333008480] [robot_2.robot_supervisor]: FULL ROTATE active (accum_rad=0.105, timed_fallback=False, stall_count=0)
[INFO] [image_processor-25]: sending signal 'SIGINT' to process[image_processor-25]
[ERROR] [ign gazebo-1]: process has died [pid 101727, exit code -15, cmd 'ruby /usr/bin/ign gazebo /home/ecem/ros2_ws/install/swarm_basics/share/swarm_basics/worlds/random_world.sdf -s -r --force-version 6'].
[ERROR] [parameter_bridge-4]: process has died [pid 101734, exit code -15, cmd '/opt/ros/humble/lib/ros_ign_bridge/parameter_bridge /robot_0/cmd_vel@geometry_msgs/msg/Twist]ignition.msgs.Twist /robot_0/odom@nav_msgs/msg/Odometry[ignition.msgs.Odometry /robot_0/depth_camera/depth_image@sensor_msgs/msg/Image[ignition.msgs.Image /world/random_world/model/robot_0/link/robot_0/base_footprint/sensor/contact_sensor/contact@ros_gz_interfaces/msg/Contacts[ignition.msgs.Contacts /robot_1/cmd_vel@geometry_msgs/msg/Twist]ignition.msgs.Twist /robot_1/odom@nav_msgs/msg/Odometry[ignition.msgs.Odometry /robot_1/depth_camera/depth_image@sensor_msgs/msg/Image[ignition.msgs.Image /world/random_world/model/robot_1/link/robot_1/base_footprint/sensor/contact_sensor/contact@ros_gz_interfaces/msg/Contacts[ignition.msgs.Contacts /robot_2/cmd_vel@geometry_msgs/msg/Twist]ignition.msgs.Twist /robot_2/odom@nav_msgs/msg/Odometry[ignition.msgs.Odometry /robot_2/depth_camera/depth_image@sensor_msgs/msg/Image[ignition.msgs.Image /world/random_world/model/robot_2/link/robot_2/base_footprint/sensor/contact_sensor/contact@ros_gz_interfaces/msg/Contacts[ignition.msgs.Contacts /robot_3/cmd_vel@geometry_msgs/msg/Twist]ignition.msgs.Twist /robot_3/odom@nav_msgs/msg/Odometry[ignition.msgs.Odometry /robot_3/depth_camera/depth_image@sensor_msgs/msg/Image[ignition.msgs.Image /world/random_world/model/robot_3/link/robot_3/base_footprint/sensor/contact_sensor/contact@ros_gz_interfaces/msg/Contacts[ignition.msgs.Contacts /robot_4/cmd_vel@geometry_msgs/msg/Twist]ignition.msgs.Twist /robot_4/odom@nav_msgs/msg/Odometry[ignition.msgs.Odometry /robot_4/depth_camera/depth_image@sensor_msgs/msg/Image[ignition.msgs.Image /world/random_world/model/robot_4/link/robot_4/base_footprint/sensor/contact_sensor/contact@ros_gz_interfaces/msg/Contacts[ignition.msgs.Contacts /world/random_world/dynamic_pose/info@tf2_msgs/msg/TFMessage[ignition.msgs.Pose_V --ros-args -r __node:=all_robots_bridge --params-file /tmp/launch_params_0mezwxr5'].
[INFO] [parameter_bridge-20]: process has finished cleanly [pid 101774]
[INFO] [image_processor-24]: sending signal 'SIGINT' to process[image_processor-24]
[INFO] [bash-26]: process started with pid [103693]
[INFO] [image_processor-23]: sending signal 'SIGINT' to process[image_processor-23]
[INFO] [image_processor-22]: sending signal 'SIGINT' to process[image_processor-22]
[INFO] [image_processor-21]: sending signal 'SIGINT' to process[image_processor-21]
[INFO] [robot_supervisor-19]: sending signal 'SIGINT' to process[robot_supervisor-19]
[INFO] [robot_state_publisher-17]: sending signal 'SIGINT' to process[robot_state_publisher-17]
[INFO] [robot_supervisor-16]: sending signal 'SIGINT' to process[robot_supervisor-16]
[INFO] [robot_state_publisher-14]: sending signal 'SIGINT' to process[robot_state_publisher-14]
[INFO] [robot_supervisor-13]: sending signal 'SIGINT' to process[robot_supervisor-13]
[ERROR] [bash-26]: process has died [pid 103693, exit code -15, cmd 'bash -lc pkill -f parameter_bridge || true'].
[INFO] [robot_state_publisher-11]: sending signal 'SIGINT' to process[robot_state_publisher-11]
[INFO] [robot_supervisor-10]: sending signal 'SIGINT' to process[robot_supervisor-10]
[INFO] [robot_state_publisher-8]: sending signal 'SIGINT' to process[robot_state_publisher-8]
[INFO] [robot_supervisor-7]: sending signal 'SIGINT' to process[robot_supervisor-7]
[INFO] [robot_state_publisher-5]: sending signal 'SIGINT' to process[robot_state_publisher-5]
[INFO] [bump_counter-3]: sending signal 'SIGINT' to process[bump_counter-3]
[INFO] [coverage_counter-2]: sending signal 'SIGINT' to process[coverage_counter-2]
[robot_supervisor-13] [INFO] [1776844408.433017121] [robot_2.robot_supervisor]: FULL ROTATE active (accum_rad=0.198, timed_fallback=False, stall_count=0)
[robot_supervisor-13] [INFO] [1776844408.532917819] [robot_2.robot_supervisor]: FULL ROTATE active (accum_rad=0.298, timed_fallback=False, stall_count=0)
[robot_supervisor-13] [INFO] [1776844408.632909965] [robot_2.robot_supervisor]: FULL ROTATE active (accum_rad=0.298, timed_fallback=False, stall_count=1)
[robot_supervisor-13] [INFO] [1776844408.732818123] [robot_2.robot_supervisor]: FULL ROTATE active (accum_rad=0.298, timed_fallback=False, stall_count=2)
[robot_supervisor-13] [INFO] [1776844408.832879002] [robot_2.robot_supervisor]: FULL ROTATE active (accum_rad=0.298, timed_fallback=False, stall_count=3)
[robot_supervisor-13] [INFO] [1776844408.932749452] [robot_2.robot_supervisor]: FULL ROTATE active (accum_rad=0.298, timed_fallback=False, stall_count=4)
[robot_supervisor-13] [INFO] [1776844408.933161637] [robot_2.robot_supervisor]: FULL ROTATE switching to timed fallback (accum_rad=0.298, remaining_rad=2.843, stall_count=5, fallback_s=2.843)
[robot_supervisor-13] [INFO] [1776844409.032760080] [robot_2.robot_supervisor]: FULL ROTATE active (accum_rad=0.298, timed_fallback=True, stall_count=5)
[robot_supervisor-13] [INFO] [1776844409.132804949] [robot_2.robot_supervisor]: FULL ROTATE active (accum_rad=0.298, timed_fallback=True, stall_count=5)
[parameter_bridge-4] [INFO] [1776844408.504754898] [rclcpp]: signal_handler(SIGINT/SIGTERM)
[parameter_bridge-20] [INFO] [1776844408.504842605] [rclcpp]: signal_handler(SIGINT/SIGTERM)
[robot_supervisor-7] [INFO] [1776844408.580177870] [robot_0.robot_supervisor]: Selected controllable event: EV_rotate_clockwise
[robot_supervisor-7] [INFO] [1776844408.580580743] [robot_0.robot_supervisor]: rotate_90 blocked by recent completion; stopping this tick
[robot_supervisor-7] [INFO] [1776844408.680224942] [robot_0.robot_supervisor]: Selected controllable event: EV_rotate_clockwise
[robot_supervisor-7] [INFO] [1776844408.680631922] [robot_0.robot_supervisor]: rotate_90 blocked by recent completion; stopping this tick
[robot_supervisor-7] [INFO] [1776844408.780165203] [robot_0.robot_supervisor]: Selected controllable event: EV_rotate_clockwise
[INFO] [launch]: process[ign gazebo-1] was required: shutting down launched system
[image_processor-25] [INFO] [1776844409.206934992] [rclcpp]: signal_handler(SIGINT/SIGTERM)
[image_processor-24] [INFO] [1776844409.210497220] [rclcpp]: signal_handler(SIGINT/SIGTERM)
[image_processor-23] [INFO] [1776844409.213754131] [rclcpp]: signal_handler(SIGINT/SIGTERM)
[image_processor-22] [INFO] [1776844409.217648782] [rclcpp]: signal_handler(SIGINT/SIGTERM)
[image_processor-21] [INFO] [1776844409.221380300] [rclcpp]: signal_handler(SIGINT/SIGTERM)
[robot_supervisor-19] Traceback (most recent call last):
[robot_supervisor-19]   File "/home/ecem/ros2_ws/install/swarm_basics/lib/swarm_basics/robot_supervisor", line 33, in <module>
[robot_supervisor-19]     sys.exit(load_entry_point('swarm-basics==0.0.0', 'console_scripts', 'robot_supervisor')())
[robot_supervisor-19]   File "/home/ecem/ros2_ws/install/swarm_basics/lib/python3.10/site-packages/swarm_basics/robot_supervisor.py", line 867, in main
[robot_supervisor-19]     rclpy.spin(node)
[robot_supervisor-19]   File "/opt/ros/humble/local/lib/python3.10/dist-packages/rclpy/__init__.py", line 229, in spin
[robot_supervisor-19]     executor.spin_once()
[robot_supervisor-19]   File "/opt/ros/humble/local/lib/python3.10/dist-packages/rclpy/executors.py", line 773, in spin_once
[robot_supervisor-19]     self._spin_once_impl(timeout_sec)
[robot_supervisor-19]   File "/opt/ros/humble/local/lib/python3.10/dist-packages/rclpy/executors.py", line 762, in _spin_once_impl
[robot_supervisor-19]     handler, entity, node = self.wait_for_ready_callbacks(timeout_sec=timeout_sec)
[robot_supervisor-19]   File "/opt/ros/humble/local/lib/python3.10/dist-packages/rclpy/executors.py", line 745, in wait_for_ready_callbacks
[robot_supervisor-19]     return next(self._cb_iter)
[robot_supervisor-19]   File "/opt/ros/humble/local/lib/python3.10/dist-packages/rclpy/executors.py", line 642, in _wait_for_ready_callbacks
[robot_supervisor-19]     wait_set.wait(timeout_nsec)
[robot_supervisor-19] KeyboardInterrupt
[robot_supervisor-13] [INFO] [1776844409.232822155] [robot_2.robot_supervisor]: FULL ROTATE active (accum_rad=0.298, timed_fallback=True, stall_count=5)
[robot_state_publisher-17] [INFO] [1776844409.233033375] [rclcpp]: signal_handler(SIGINT/SIGTERM)
[robot_supervisor-16] Traceback (most recent call last):
[robot_supervisor-16]   File "/home/ecem/ros2_ws/install/swarm_basics/lib/swarm_basics/robot_supervisor", line 33, in <module>
[robot_supervisor-16]     sys.exit(load_entry_point('swarm-basics==0.0.0', 'console_scripts', 'robot_supervisor')())
[robot_supervisor-16]   File "/home/ecem/ros2_ws/install/swarm_basics/lib/python3.10/site-packages/swarm_basics/robot_supervisor.py", line 867, in main
[robot_supervisor-16]     rclpy.spin(node)
[robot_supervisor-16]   File "/opt/ros/humble/local/lib/python3.10/dist-packages/rclpy/__init__.py", line 229, in spin
[robot_supervisor-16]     executor.spin_once()
[robot_supervisor-16]   File "/opt/ros/humble/local/lib/python3.10/dist-packages/rclpy/executors.py", line 773, in spin_once
[robot_supervisor-16]     self._spin_once_impl(timeout_sec)
[robot_supervisor-16]   File "/opt/ros/humble/local/lib/python3.10/dist-packages/rclpy/executors.py", line 762, in _spin_once_impl
[robot_supervisor-16]     handler, entity, node = self.wait_for_ready_callbacks(timeout_sec=timeout_sec)
[robot_supervisor-16]   File "/opt/ros/humble/local/lib/python3.10/dist-packages/rclpy/executors.py", line 745, in wait_for_ready_callbacks
[robot_supervisor-16]     return next(self._cb_iter)
[robot_supervisor-16]   File "/opt/ros/humble/local/lib/python3.10/dist-packages/rclpy/executors.py", line 642, in _wait_for_ready_callbacks
[robot_supervisor-16]     wait_set.wait(timeout_nsec)
[robot_supervisor-16] KeyboardInterrupt
[robot_state_publisher-14] [INFO] [1776844409.241616485] [rclcpp]: signal_handler(SIGINT/SIGTERM)
[robot_supervisor-13] Traceback (most recent call last):
[robot_supervisor-13]   File "/home/ecem/ros2_ws/install/swarm_basics/lib/swarm_basics/robot_supervisor", line 33, in <module>
[robot_supervisor-13]     sys.exit(load_entry_point('swarm-basics==0.0.0', 'console_scripts', 'robot_supervisor')())
[robot_supervisor-13]   File "/home/ecem/ros2_ws/install/swarm_basics/lib/python3.10/site-packages/swarm_basics/robot_supervisor.py", line 867, in main
[robot_supervisor-13]     rclpy.spin(node)
[robot_supervisor-13]   File "/opt/ros/humble/local/lib/python3.10/dist-packages/rclpy/__init__.py", line 229, in spin
[robot_supervisor-13]     executor.spin_once()
[robot_supervisor-13]   File "/opt/ros/humble/local/lib/python3.10/dist-packages/rclpy/executors.py", line 773, in spin_once
[robot_supervisor-13]     self._spin_once_impl(timeout_sec)
[robot_supervisor-13]   File "/opt/ros/humble/local/lib/python3.10/dist-packages/rclpy/executors.py", line 762, in _spin_once_impl
[robot_supervisor-13]     handler, entity, node = self.wait_for_ready_callbacks(timeout_sec=timeout_sec)
[robot_supervisor-13]   File "/opt/ros/humble/local/lib/python3.10/dist-packages/rclpy/executors.py", line 745, in wait_for_ready_callbacks
[robot_supervisor-13]     return next(self._cb_iter)
[robot_supervisor-13]   File "/opt/ros/humble/local/lib/python3.10/dist-packages/rclpy/executors.py", line 642, in _wait_for_ready_callbacks
[robot_supervisor-13]     wait_set.wait(timeout_nsec)
[robot_supervisor-13] KeyboardInterrupt
[robot_state_publisher-11] [INFO] [1776844409.250333830] [rclcpp]: signal_handler(SIGINT/SIGTERM)
[robot_supervisor-10] Traceback (most recent call last):
[robot_supervisor-10]   File "/home/ecem/ros2_ws/install/swarm_basics/lib/swarm_basics/robot_supervisor", line 33, in <module>
[robot_supervisor-10]     sys.exit(load_entry_point('swarm-basics==0.0.0', 'console_scripts', 'robot_supervisor')())
[robot_supervisor-10]   File "/home/ecem/ros2_ws/install/swarm_basics/lib/python3.10/site-packages/swarm_basics/robot_supervisor.py", line 867, in main
[robot_supervisor-10]     rclpy.spin(node)
[robot_supervisor-10]   File "/opt/ros/humble/local/lib/python3.10/dist-packages/rclpy/__init__.py", line 229, in spin
[robot_supervisor-10]     executor.spin_once()
[robot_supervisor-10]   File "/opt/ros/humble/local/lib/python3.10/dist-packages/rclpy/executors.py", line 773, in spin_once
[robot_supervisor-10]     self._spin_once_impl(timeout_sec)
[robot_supervisor-10]   File "/opt/ros/humble/local/lib/python3.10/dist-packages/rclpy/executors.py", line 762, in _spin_once_impl
[robot_supervisor-10]     handler, entity, node = self.wait_for_ready_callbacks(timeout_sec=timeout_sec)
[robot_supervisor-10]   File "/opt/ros/humble/local/lib/python3.10/dist-packages/rclpy/executors.py", line 745, in wait_for_ready_callbacks
[robot_supervisor-10]     return next(self._cb_iter)
[robot_supervisor-10]   File "/opt/ros/humble/local/lib/python3.10/dist-packages/rclpy/executors.py", line 642, in _wait_for_ready_callbacks
[robot_supervisor-10]     wait_set.wait(timeout_nsec)
[robot_supervisor-10] KeyboardInterrupt
[robot_state_publisher-8] [INFO] [1776844409.257837683] [rclcpp]: signal_handler(SIGINT/SIGTERM)
[robot_supervisor-7] Traceback (most recent call last):
[robot_supervisor-7]   File "/home/ecem/ros2_ws/install/swarm_basics/lib/swarm_basics/robot_supervisor", line 33, in <module>
[robot_supervisor-7]     sys.exit(load_entry_point('swarm-basics==0.0.0', 'console_scripts', 'robot_supervisor')())
[robot_supervisor-7]   File "/home/ecem/ros2_ws/install/swarm_basics/lib/python3.10/site-packages/swarm_basics/robot_supervisor.py", line 867, in main
[robot_supervisor-7]     rclpy.spin(node)
[robot_supervisor-7]   File "/opt/ros/humble/local/lib/python3.10/dist-packages/rclpy/__init__.py", line 229, in spin
[robot_supervisor-7]     executor.spin_once()
[robot_supervisor-7]   File "/opt/ros/humble/local/lib/python3.10/dist-packages/rclpy/executors.py", line 773, in spin_once
[robot_supervisor-7]     self._spin_once_impl(timeout_sec)
[robot_supervisor-7]   File "/opt/ros/humble/local/lib/python3.10/dist-packages/rclpy/executors.py", line 762, in _spin_once_impl
[robot_supervisor-7]     handler, entity, node = self.wait_for_ready_callbacks(timeout_sec=timeout_sec)
[robot_supervisor-7]   File "/opt/ros/humble/local/lib/python3.10/dist-packages/rclpy/executors.py", line 745, in wait_for_ready_callbacks
[robot_supervisor-7]     return next(self._cb_iter)
[robot_supervisor-7]   File "/opt/ros/humble/local/lib/python3.10/dist-packages/rclpy/executors.py", line 642, in _wait_for_ready_callbacks
[robot_supervisor-7]     wait_set.wait(timeout_nsec)
[robot_supervisor-7] KeyboardInterrupt
[robot_state_publisher-5] [INFO] [1776844409.266905454] [rclcpp]: signal_handler(SIGINT/SIGTERM)
[ERROR] [launch]: Caught exception in launch (see debug for traceback): ExecuteLocal action 'bash-27': executed more than once: <launch.actions.execute_process.ExecuteProcess object at 0x7d55ca8c4850>
[INFO] [image_processor-25]: process has finished cleanly [pid 102179]
[INFO] [image_processor-24]: process has finished cleanly [pid 102177]
[INFO] [image_processor-23]: process has finished cleanly [pid 102174]
[INFO] [image_processor-22]: process has finished cleanly [pid 102172]
[INFO] [image_processor-21]: process has finished cleanly [pid 102170]
[INFO] [robot_state_publisher-17]: process has finished cleanly [pid 101762]
[INFO] [robot_state_publisher-14]: process has finished cleanly [pid 101756]
[INFO] [robot_state_publisher-11]: process has finished cleanly [pid 101750]
[INFO] [robot_state_publisher-8]: process has finished cleanly [pid 101743]
[INFO] [robot_state_publisher-5]: process has finished cleanly [pid 101736]
[coverage_counter-2] Traceback (most recent call last):
[coverage_counter-2]   File "/home/ecem/ros2_ws/install/swarm_basics/lib/python3.10/site-packages/swarm_basics/coverage_counter.py", line 418, in main
[coverage_counter-2]     rclpy.spin(node)
[coverage_counter-2]   File "/opt/ros/humble/local/lib/python3.10/dist-packages/rclpy/__init__.py", line 229, in spin
[coverage_counter-2]     executor.spin_once()
[coverage_counter-2]   File "/opt/ros/humble/local/lib/python3.10/dist-packages/rclpy/executors.py", line 773, in spin_once
[coverage_counter-2]     self._spin_once_impl(timeout_sec)
[coverage_counter-2]   File "/opt/ros/humble/local/lib/python3.10/dist-packages/rclpy/executors.py", line 768, in _spin_once_impl
[coverage_counter-2]     handler()
[coverage_counter-2]   File "/opt/ros/humble/local/lib/python3.10/dist-packages/rclpy/task.py", line 254, in __call__
[coverage_counter-2]     self._handler.send(None)
[coverage_counter-2]   File "/opt/ros/humble/local/lib/python3.10/dist-packages/rclpy/executors.py", line 463, in handler
[coverage_counter-2]     await call_coroutine(entity, arg)
[coverage_counter-2]   File "/opt/ros/humble/local/lib/python3.10/dist-packages/rclpy/executors.py", line 371, in _execute_timer
[coverage_counter-2]     await await_or_execute(tmr.callback)
[coverage_counter-2]   File "/opt/ros/humble/local/lib/python3.10/dist-packages/rclpy/executors.py", line 107, in await_or_execute
[coverage_counter-2]     return callback(*args)
[coverage_counter-2]   File "/home/ecem/ros2_ws/install/swarm_basics/lib/python3.10/site-packages/swarm_basics/coverage_counter.py", line 152, in _on_timeout_timer
[coverage_counter-2]     self.shutdown_and_save()
[coverage_counter-2]   File "/home/ecem/ros2_ws/install/swarm_basics/lib/python3.10/site-packages/swarm_basics/coverage_counter.py", line 174, in shutdown_and_save
[coverage_counter-2]     rclpy.shutdown()
[coverage_counter-2]   File "/opt/ros/humble/local/lib/python3.10/dist-packages/rclpy/__init__.py", line 130, in shutdown
[coverage_counter-2]     _shutdown(context=context)
[coverage_counter-2]   File "/opt/ros/humble/local/lib/python3.10/dist-packages/rclpy/utilities.py", line 58, in shutdown
[coverage_counter-2]     return context.shutdown()
[coverage_counter-2]   File "/opt/ros/humble/local/lib/python3.10/dist-packages/rclpy/context.py", line 103, in shutdown
[coverage_counter-2]     self._call_on_shutdown_callbacks()
[coverage_counter-2]   File "/opt/ros/humble/local/lib/python3.10/dist-packages/rclpy/context.py", line 92, in _call_on_shutdown_callbacks
[coverage_counter-2]     callback = weak_method()
[coverage_counter-2]   File "/opt/ros/humble/local/lib/python3.10/dist-packages/rclpy/__init__.py", line 111, in reset_executor
[coverage_counter-2]     __executor.shutdown()
[coverage_counter-2]   File "/opt/ros/humble/local/lib/python3.10/dist-packages/rclpy/executors.py", line 227, in shutdown
[coverage_counter-2]     if not self._work_tracker.wait(timeout_sec):
[coverage_counter-2]   File "/opt/ros/humble/local/lib/python3.10/dist-packages/rclpy/executors.py", line 94, in wait
[coverage_counter-2]     if not self._work_condition.wait_for(
[coverage_counter-2]   File "/usr/lib/python3.10/threading.py", line 355, in wait_for
[coverage_counter-2]     self.wait(waittime)
[coverage_counter-2]   File "/usr/lib/python3.10/threading.py", line 320, in wait
[coverage_counter-2]     waiter.acquire()
[coverage_counter-2] KeyboardInterrupt
[coverage_counter-2] 
[coverage_counter-2] During handling of the above exception, another exception occurred:
[coverage_counter-2] 
[coverage_counter-2] Traceback (most recent call last):
[coverage_counter-2]   File "/home/ecem/ros2_ws/install/swarm_basics/lib/swarm_basics/coverage_counter", line 33, in <module>
[coverage_counter-2]     sys.exit(load_entry_point('swarm-basics==0.0.0', 'console_scripts', 'coverage_counter')())
[coverage_counter-2]   File "/home/ecem/ros2_ws/install/swarm_basics/lib/python3.10/site-packages/swarm_basics/coverage_counter.py", line 421, in main
[coverage_counter-2]     node.shutdown_and_save()
[coverage_counter-2]   File "/home/ecem/ros2_ws/install/swarm_basics/lib/python3.10/site-packages/swarm_basics/coverage_counter.py", line 174, in shutdown_and_save
[coverage_counter-2]     rclpy.shutdown()
[coverage_counter-2]   File "/opt/ros/humble/local/lib/python3.10/dist-packages/rclpy/__init__.py", line 130, in shutdown
[coverage_counter-2]     _shutdown(context=context)
[coverage_counter-2]   File "/opt/ros/humble/local/lib/python3.10/dist-packages/rclpy/utilities.py", line 58, in shutdown
[coverage_counter-2]     return context.shutdown()
[coverage_counter-2]   File "/opt/ros/humble/local/lib/python3.10/dist-packages/rclpy/context.py", line 100, in shutdown
[coverage_counter-2]     raise RuntimeError('Context must be initialized before it can be shutdown')
[coverage_counter-2] RuntimeError: Context must be initialized before it can be shutdown
[bump_counter-3] Traceback (most recent call last):
[bump_counter-3]   File "/home/ecem/ros2_ws/install/swarm_basics/lib/swarm_basics/bump_counter", line 33, in <module>
[bump_counter-3]     sys.exit(load_entry_point('swarm-basics==0.0.0', 'console_scripts', 'bump_counter')())
[bump_counter-3]   File "/home/ecem/ros2_ws/install/swarm_basics/lib/python3.10/site-packages/swarm_basics/bump_counter.py", line 384, in main
[bump_counter-3]     rclpy.shutdown()
[bump_counter-3]   File "/opt/ros/humble/local/lib/python3.10/dist-packages/rclpy/__init__.py", line 130, in shutdown
[bump_counter-3]     _shutdown(context=context)
[bump_counter-3]   File "/opt/ros/humble/local/lib/python3.10/dist-packages/rclpy/utilities.py", line 58, in shutdown
[bump_counter-3]     return context.shutdown()
[bump_counter-3]   File "/opt/ros/humble/local/lib/python3.10/dist-packages/rclpy/context.py", line 102, in shutdown
[bump_counter-3]     self.__context.shutdown()
[bump_counter-3] rclpy._rclpy_pybind11.RCLError: failed to shutdown: rcl_shutdown already called on the given context, at ./src/rcl/init.c:241
[ERROR] [coverage_counter-2]: process has died [pid 101730, exit code 1, cmd '/home/ecem/ros2_ws/install/swarm_basics/lib/swarm_basics/coverage_counter --ros-args -r __node:=coverage_counter --params-file /tmp/launch_params_n36tkdq8 --params-file /tmp/launch_params_35nj53eq --params-file /tmp/launch_params_6i3rh0lw --params-file /tmp/launch_params_ehvmz6qq --params-file /tmp/launch_params_mjpmudsc --params-file /tmp/launch_params_0e3153e6'].
[ERROR] [bump_counter-3]: process has died [pid 101732, exit code 1, cmd '/home/ecem/ros2_ws/install/swarm_basics/lib/swarm_basics/bump_counter --ros-args -r __node:=bump_counter --params-file /tmp/launch_params_0584cbut --params-file /tmp/launch_params_auvotwdx --params-file /tmp/launch_params_291bel4j'].
[ERROR] [robot_supervisor-19]: process has died [pid 101772, exit code -2, cmd '/home/ecem/ros2_ws/install/swarm_basics/lib/swarm_basics/robot_supervisor --ros-args -r __node:=robot_supervisor -r __ns:=/robot_4 --params-file /tmp/launch_params_ojk23dlv --params-file /tmp/launch_params_01uiwof2 --params-file /tmp/launch_params_zqod2768 --params-file /tmp/launch_params_2xq2pdxv'].
[ERROR] [robot_supervisor-16]: process has died [pid 101760, exit code -2, cmd '/home/ecem/ros2_ws/install/swarm_basics/lib/swarm_basics/robot_supervisor --ros-args -r __node:=robot_supervisor -r __ns:=/robot_3 --params-file /tmp/launch_params_w1va8eok --params-file /tmp/launch_params__f4c8z3l --params-file /tmp/launch_params_2fw5bskd --params-file /tmp/launch_params_0umnmo8d'].
[ERROR] [robot_supervisor-7]: process has died [pid 101740, exit code -2, cmd '/home/ecem/ros2_ws/install/swarm_basics/lib/swarm_basics/robot_supervisor --ros-args -r __node:=robot_supervisor -r __ns:=/robot_0 --params-file /tmp/launch_params__je32k0s --params-file /tmp/launch_params_ecoi42pk --params-file /tmp/launch_params__gnwrnmr --params-file /tmp/launch_params_jfx3ras6'].
[ERROR] [robot_supervisor-13]: process has died [pid 101754, exit code -2, cmd '/home/ecem/ros2_ws/install/swarm_basics/lib/swarm_basics/robot_supervisor --ros-args -r __node:=robot_supervisor -r __ns:=/robot_2 --params-file /tmp/launch_params_75v57t6k --params-file /tmp/launch_params_o_7ryfgh --params-file /tmp/launch_params_zvsfgqnu --params-file /tmp/launch_params_n_4wd0xy'].
[ERROR] [robot_supervisor-10]: process has died [pid 101748, exit code -2, cmd '/home/ecem/ros2_ws/install/swarm_basics/lib/swarm_basics/robot_supervisor --ros-args -r __node:=robot_supervisor -r __ns:=/robot_1 --params-file /tmp/launch_params_4yvu83nk --params-file /tmp/launch_params_jwkhhi3e --params-file /tmp/launch_params_wfqkq1dr --params-file /tmp/launch_params__ljz3h0j'].
