stamp_sec,stamp_nsec,robot,x,y
1776462932,241077892,robot_3,-0.971,-0.705
1776462932,241112388,robot_0,1.200,-0.000
1776462932,241127374,robot_1,0.371,1.141
1776462932,241140237,robot_2,-0.971,0.705
1776462932,241151972,robot_4,0.371,-1.141
1776462933,505830277,robot_3,-0.971,-0.705
1776462933,505851965,robot_0,1.200,0.000
1776462933,505860157,robot_1,0.371,1.141
1776462933,505866777,robot_2,-0.971,0.705
1776462933,505872796,robot_4,0.371,-1.141
1776462933,706539491,robot_3,-0.991,-0.720
1776462933,706563352,robot_0,1.223,0.000
1776462933,706574327,robot_1,0.378,1.162
1776462933,706591194,robot_2,-0.994,0.722
1776462933,706600423,robot_4,0.380,-1.168
1776462933,925249910,robot_3,-1.027,-0.745
1776462933,925274800,robot_0,1.267,0.000
1776462933,925281625,robot_1,0.391,1.204
1776462933,925287772,robot_2,-1.030,0.748
1776462933,925299025,robot_4,0.393,-1.210
1776462934,126001910,robot_3,-1.047,-0.760
1776462934,126020528,robot_0,1.320,0.000
1776462934,126028398,robot_1,0.402,1.236
1776462934,126034088,robot_2,-1.055,0.767
1776462934,126039417,robot_4,0.410,-1.263
1776462934,326142773,robot_3,-1.073,-0.778
1776462934,326159435,robot_0,1.367,0.000
1776462934,326166843,robot_1,0.412,1.269
1776462934,326172934,robot_2,-1.082,0.786
1776462934,326178116,robot_4,0.427,-1.314
1776462934,547250333,robot_3,-1.110,-0.804
1776462934,547291482,robot_0,1.411,0.000
1776462934,547315511,robot_1,0.426,1.311
1776462934,547335156,robot_2,-1.118,0.812
1776462934,547353012,robot_4,0.440,-1.356
1776462934,766753871,robot_3,-1.163,-0.841
1776462934,766781947,robot_0,1.491,-0.000
1776462934,766804041,robot_1,0.441,1.357
1776462934,766812550,robot_2,-1.146,0.832
1776462934,766819615,robot_4,0.460,-1.418
1776462934,966861155,robot_3,-1.202,-0.869
1776462934,966892932,robot_0,1.548,-0.000
1776462934,966900418,robot_1,0.455,1.397
1776462934,966906597,robot_2,-1.176,0.852
1776462934,966911982,robot_4,0.476,-1.467
1776462935,167513829,robot_3,-1.236,-0.893
1776462935,167537182,robot_0,1.591,-0.000
1776462935,167549109,robot_1,0.469,1.434
1776462935,167557604,robot_2,-1.209,0.874
1776462935,167566258,robot_4,0.488,-1.505
1776462935,387312865,robot_3,-1.289,-0.930
1776462935,387331493,robot_0,1.672,-0.000
1776462935,387340401,robot_1,0.482,1.472
1776462935,387347641,robot_2,-1.239,0.895
1776462935,387354057,robot_4,0.500,-1.543
1776462935,605503510,robot_3,-1.329,-0.958
1776462935,605521504,robot_0,1.730,-0.000
1776462935,605528381,robot_1,0.494,1.512
1776462935,605534052,robot_2,-1.274,0.918
1776462935,605539055,robot_4,0.514,-1.583
1776462935,806924716,robot_3,-1.367,-0.985
1776462935,806956187,robot_0,1.774,-0.000
1776462935,806972628,robot_1,0.505,1.548
1776462935,806985316,robot_2,-1.311,0.943
1776462935,806997204,robot_4,0.525,-1.618
1776462936,25776742,robot_3,-1.421,-1.023
1776462936,25804268,robot_0,1.829,-0.000
1776462936,25811520,robot_1,0.512,1.574
1776462936,25817456,robot_2,-1.366,0.980
1776462936,25822902,robot_4,0.531,-1.642
1776462936,225866138,robot_3,-1.455,-1.047
1776462936,225885001,robot_0,1.869,-0.000
1776462936,225893842,robot_1,0.522,1.609
1776462936,225900849,robot_2,-1.402,1.005
1776462936,225915514,robot_4,0.541,-1.677
1776462936,426326005,robot_3,-1.497,-1.077
1776462936,426348576,robot_0,1.919,-0.000
1776462936,426356559,robot_1,0.533,1.647
1776462936,426362873,robot_2,-1.435,1.027
1776462936,426368639,robot_4,0.553,-1.722
1776462936,626871755,robot_3,-1.556,-1.118
1776462936,626895655,robot_0,1.982,-0.000
1776462936,626906086,robot_1,0.543,1.682
1776462936,626915121,robot_2,-1.468,1.050
1776462936,626923502,robot_4,0.572,-1.788
1776462936,845625551,robot_3,-1.595,-1.146
1776462936,845643123,robot_0,2.028,-0.000
1776462936,845658871,robot_1,0.555,1.724
1776462936,845664234,robot_2,-1.505,1.074
1776462936,845669493,robot_4,0.585,-1.838
1776462937,45934142,robot_3,-1.621,-1.164
1776462937,45954391,robot_0,2.068,-0.000
1776462937,45962741,robot_1,0.566,1.762
1776462937,45969521,robot_2,-1.545,1.101
1776462937,45975782,robot_4,0.595,-1.873
1776462937,246089064,robot_3,-1.642,-1.179
1776462937,246103681,robot_0,2.109,-0.000
1776462937,246115604,robot_1,0.576,1.798
1776462937,246121355,robot_2,-1.594,1.135
1776462937,246126495,robot_4,0.602,-1.902
1776462937,465555305,robot_3,-1.675,-1.207
1776462937,465572141,robot_0,2.153,-0.000
1776462937,465580225,robot_1,0.588,1.840
1776462937,465586352,robot_2,-1.632,1.160
1776462937,465591976,robot_4,0.611,-1.944
1776462937,667535254,robot_3,-1.719,-1.244
1776462937,667554927,robot_0,2.193,0.000
1776462937,667570218,robot_1,0.597,1.871
1776462937,667576129,robot_2,-1.676,1.190
1776462937,667581796,robot_4,0.620,-1.989
1776462937,885800940,robot_3,-1.772,-1.289
1776462937,885817970,robot_0,2.237,0.002
1776462937,885824974,robot_1,0.606,1.899
1776462937,885830167,robot_2,-1.737,1.232
1776462937,885835519,robot_4,0.632,-2.044
1776462938,86104153,robot_3,-1.802,-1.315
1776462938,86124115,robot_0,2.277,0.005
1776462938,86131540,robot_1,0.619,1.937
1776462938,86137373,robot_2,-1.771,1.254
1776462938,86142894,robot_4,0.640,-2.084
1776462938,286592364,robot_3,-1.848,-1.353
1776462938,286618358,robot_0,2.292,0.007
1776462938,286630367,robot_1,0.633,1.979
1776462938,286640124,robot_2,-1.811,1.281
1776462938,286649129,robot_4,0.651,-2.134
1776462938,487829564,robot_3,-1.898,-1.395
1776462938,487877918,robot_0,2.292,0.007
1776462938,487903012,robot_1,0.647,2.023
1776462938,487947289,robot_2,-1.853,1.310
1776462938,487966941,robot_4,0.664,-2.192
1776462938,705560788,robot_3,-1.932,-1.424
1776462938,705579803,robot_0,2.292,0.007
1776462938,705586977,robot_1,0.659,2.065
1776462938,705592649,robot_2,-1.889,1.334
1776462938,705598236,robot_4,0.673,-2.235
1776462938,926879690,robot_3,-1.967,-1.454
1776462938,926908900,robot_0,2.292,0.007
1776462938,926920157,robot_1,0.671,2.109
1776462938,926928604,robot_2,-1.920,1.355
1776462938,926936328,robot_4,0.686,-2.290
1776462939,145343370,robot_3,-2.002,-1.483
1776462939,145369816,robot_0,2.293,0.008
1776462939,145376275,robot_1,0.683,2.153
1776462939,145382052,robot_2,-1.952,1.378
1776462939,145387390,robot_4,0.700,-2.343
1776462939,366191878,robot_3,-2.037,-1.513
1776462939,366219238,robot_0,2.293,0.008
1776462939,366230310,robot_1,0.694,2.195
1776462939,366239801,robot_2,-1.987,1.406
1776462939,366248738,robot_4,0.713,-2.385
1776462939,566947097,robot_3,-2.090,-1.557
1776462939,566965794,robot_0,2.293,0.008
1776462939,566972585,robot_1,0.701,2.219
1776462939,566977888,robot_2,-2.039,1.447
1776462939,566990484,robot_4,0.729,-2.437
1776462939,785778083,robot_3,-2.136,-1.592
1776462939,785796332,robot_0,2.293,0.008
1776462939,785806314,robot_1,0.710,2.254
1776462939,785813839,robot_2,-2.085,1.482
1776462939,785820283,robot_4,0.744,-2.486
1776462939,987366332,robot_3,-2.165,-1.614
1776462939,987405321,robot_0,2.294,0.008
1776462939,987423778,robot_1,0.721,2.294
1776462939,987439891,robot_2,-2.115,1.506
1776462939,987455045,robot_4,0.756,-2.525
1776462940,187793029,robot_3,-2.184,-1.629
1776462940,187815419,robot_0,2.294,0.008
1776462940,187825316,robot_1,0.738,2.359
1776462940,187833158,robot_2,-2.143,1.528
1776462940,187840759,robot_4,0.769,-2.565
1776462940,405439082,robot_3,-2.214,-1.655
1776462940,405461281,robot_0,2.294,0.008
1776462940,405468477,robot_1,0.751,2.415
1776462940,405473883,robot_2,-2.177,1.554
1776462940,405479432,robot_4,0.784,-2.608
1776462940,608327122,robot_3,-2.246,-1.682
1776462940,608358644,robot_0,2.294,0.008
1776462940,608374432,robot_1,0.760,2.458
1776462940,608387479,robot_2,-2.206,1.577
1776462940,608399840,robot_4,0.799,-2.649
1776462940,825545249,robot_3,-2.282,-1.714
1776462940,825566456,robot_0,2.294,0.008
1776462940,825573539,robot_1,0.778,2.535
1776462940,825578881,robot_2,-2.229,1.596
1776462940,825584349,robot_4,0.824,-2.720
1776462941,25622352,robot_3,-2.312,-1.741
1776462941,25642209,robot_0,2.294,0.008
1776462941,25649487,robot_1,0.788,2.583
1776462941,25655141,robot_2,-2.258,1.620
1776462941,25660973,robot_4,0.840,-2.764
1776462941,225999118,robot_3,-2.337,-1.762
1776462941,226017695,robot_0,2.295,0.008
1776462941,226026282,robot_1,0.798,2.629
1776462941,226032707,robot_2,-2.293,1.649
1776462941,226039339,robot_4,0.852,-2.797
1776462941,446493604,robot_3,-2.355,-1.778
1776462941,446513501,robot_0,2.295,0.008
1776462941,446521876,robot_1,0.815,2.707
1776462941,446528713,robot_2,-2.337,1.686
1776462941,446535375,robot_4,0.860,-2.819
1776462941,665710262,robot_3,-2.388,-1.807
1776462941,665736356,robot_0,2.295,0.008
1776462941,665744465,robot_1,0.825,2.759
1776462941,665750376,robot_2,-2.371,1.715
1776462941,665756129,robot_4,0.874,-2.858
1776462941,866078646,robot_3,-2.423,-1.837
1776462941,866095665,robot_0,2.295,0.008
1776462941,866102744,robot_1,0.835,2.810
1776462941,866108116,robot_2,-2.399,1.738
1776462941,866113806,robot_4,0.888,-2.899
1776462942,67860717,robot_3,-2.460,-1.869
1776462942,67892494,robot_0,2.296,0.007
1776462942,67908254,robot_1,0.848,2.877
1776462942,67920403,robot_2,-2.424,1.759
1776462942,67932473,robot_4,0.904,-2.941
1776462942,287074508,robot_3,-2.493,-1.898
1776462942,287098285,robot_0,2.296,0.007
1776462942,287109949,robot_1,0.857,2.922
1776462942,287119074,robot_2,-2.458,1.787
1776462942,287127122,robot_4,0.919,-2.982
1776462942,506794874,robot_3,-2.536,-1.936
1776462942,506815220,robot_0,2.296,0.007
1776462942,506822849,robot_1,0.864,2.958
1776462942,506828673,robot_2,-2.482,1.808
1776462942,506833950,robot_4,0.939,-3.040
1776462942,727157389,robot_3,-2.577,-1.972
1776462942,727174850,robot_0,2.296,0.006
1776462942,727182989,robot_1,0.870,2.993
1776462942,727189311,robot_2,-2.507,1.829
1776462942,727195108,robot_4,0.961,-3.104
1776462942,947050608,robot_3,-2.611,-2.001
1776462942,947083555,robot_0,2.296,0.006
1776462942,947090839,robot_1,0.879,3.036
1776462942,947106385,robot_2,-2.541,1.857
1776462942,947112526,robot_4,0.974,-3.146
1776462943,165336691,robot_3,-2.668,-2.051
1776462943,165354789,robot_0,2.296,0.006
1776462943,165361771,robot_1,0.883,3.061
1776462943,165367271,robot_2,-2.569,1.881
1776462943,165372383,robot_4,0.996,-3.213
1776462943,367081922,robot_3,-2.708,-2.086
1776462943,367101942,robot_0,2.296,0.006
1776462943,367110812,robot_1,0.888,3.091
1776462943,367117628,robot_2,-2.583,1.893
1776462943,367124756,robot_4,1.011,-3.268
1776462943,585502551,robot_3,-2.744,-2.118
1776462943,585520039,robot_0,2.296,0.006
1776462943,585526917,robot_1,0.895,3.136
1776462943,585532861,robot_2,-2.583,1.893
1776462943,585537875,robot_4,1.023,-3.310
1776462943,805184547,robot_3,-2.793,-2.160
1776462943,805200253,robot_0,2.295,0.006
1776462943,805212348,robot_1,0.904,3.193
1776462943,805218509,robot_2,-2.583,1.893
1776462943,805224202,robot_4,1.033,-3.349
1776462944,6120247,robot_3,-2.826,-2.189
1776462944,6144754,robot_0,2.295,0.005
1776462944,6156063,robot_1,0.910,3.236
1776462944,6166386,robot_2,-2.584,1.893
1776462944,6177460,robot_4,1.043,-3.386
1776462944,225425746,robot_3,-2.866,-2.224
1776462944,225448229,robot_0,2.295,0.005
1776462944,225455546,robot_1,0.916,3.276
1776462944,225461055,robot_2,-2.584,1.893
1776462944,225466224,robot_4,1.056,-3.434
1776462944,426259968,robot_3,-2.911,-2.266
1776462944,426277026,robot_0,2.295,0.005
1776462944,426284719,robot_1,0.920,3.305
1776462944,426290775,robot_2,-2.585,1.893
1776462944,426296979,robot_4,1.072,-3.493
1776462944,645200547,robot_3,-2.944,-2.298
1776462944,645239205,robot_0,2.294,0.005
1776462944,645254261,robot_1,0.927,3.346
1776462944,645266732,robot_2,-2.585,1.893
1776462944,645278102,robot_4,1.085,-3.541
1776462944,845351005,robot_3,-2.979,-2.332
1776462944,845367102,robot_0,2.294,0.005
1776462944,845374779,robot_1,0.934,3.396
1776462944,845380447,robot_2,-2.585,1.893
1776462944,845386154,robot_4,1.098,-3.589
1776462945,45531773,robot_3,-3.020,-2.370
1776462945,45566697,robot_0,2.294,0.006
1776462945,45573683,robot_1,0.945,3.470
1776462945,45579699,robot_2,-2.586,1.894
1776462945,45585565,robot_4,1.117,-3.660
1776462945,246937762,robot_3,-3.050,-2.396
1776462945,246968207,robot_0,2.297,0.057
1776462945,246983929,robot_1,0.952,3.518
1776462945,246996823,robot_2,-2.586,1.894
1776462945,247008513,robot_4,1.128,-3.706
1776462945,446955743,robot_3,-3.075,-2.417
1776462945,446975208,robot_0,2.299,0.109
1776462945,446984877,robot_1,0.957,3.552
1776462945,446993138,robot_2,-2.586,1.894
1776462945,447000494,robot_4,1.140,-3.752
1776462945,666977739,robot_3,-3.098,-2.436
1776462945,666998350,robot_0,2.302,0.150
1776462945,667005334,robot_1,0.962,3.580
1776462945,667011432,robot_2,-2.586,1.894
1776462945,667016832,robot_4,1.156,-3.812
1776462945,885258237,robot_3,-3.131,-2.465
1776462945,885276255,robot_0,2.302,0.152
1776462945,885283510,robot_1,0.967,3.623
1776462945,885289719,robot_2,-2.586,1.894
1776462945,885295340,robot_4,1.169,-3.855
1776462946,86113095,robot_3,-3.163,-2.492
1776462946,86144347,robot_0,2.302,0.152
1776462946,86156815,robot_1,0.972,3.660
1776462946,86167199,robot_2,-2.586,1.894
1776462946,86176826,robot_4,1.186,-3.908
1776462946,286819166,robot_3,-3.195,-2.519
1776462946,286840062,robot_0,2.301,0.152
1776462946,286849181,robot_1,0.977,3.695
1776462946,286857180,robot_2,-2.587,1.895
1776462946,286864663,robot_4,1.205,-3.972
1776462946,487234556,robot_3,-3.226,-2.544
1776462946,487255753,robot_0,2.301,0.152
1776462946,487263480,robot_1,0.982,3.735
1776462946,487270216,robot_2,-2.587,1.895
1776462946,487275488,robot_4,1.217,-4.010
1776462946,705617209,robot_3,-3.271,-2.582
1776462946,705641276,robot_0,2.301,0.153
1776462946,705648627,robot_1,0.987,3.767
1776462946,705654745,robot_2,-2.587,1.896
1776462946,705660504,robot_4,1.234,-4.062
1776462946,906842707,robot_3,-3.310,-2.616
1776462946,906876082,robot_0,2.301,0.153
1776462946,906892200,robot_1,0.990,3.792
1776462946,906904714,robot_2,-2.586,1.896
1776462946,906915961,robot_4,1.249,-4.112
1776462947,107002792,robot_3,-3.341,-2.642
1776462947,107039780,robot_0,2.301,0.153
1776462947,107055424,robot_1,0.995,3.832
1776462947,107068133,robot_2,-2.586,1.896
1776462947,107080721,robot_4,1.261,-4.150
1776462947,325678122,robot_3,-3.397,-2.689
1776462947,325698944,robot_0,2.301,0.153
1776462947,325708771,robot_1,1.004,3.892
1776462947,325726886,robot_2,-2.586,1.897
1776462947,325733982,robot_4,1.275,-4.197
1776462947,525703300,robot_3,-3.445,-2.730
1776462947,525723620,robot_0,2.301,0.154
1776462947,525731154,robot_1,1.011,3.948
1776462947,525737406,robot_2,-2.586,1.897
1776462947,525743158,robot_4,1.287,-4.239
1776462947,726949330,robot_3,-3.475,-2.755
1776462947,726971566,robot_0,2.301,0.154
1776462947,726979606,robot_1,1.016,3.988
1776462947,726985218,robot_2,-2.586,1.897
1776462947,726990668,robot_4,1.297,-4.278
1776462947,947622130,robot_3,-3.508,-2.782
1776462947,947648050,robot_0,2.301,0.154
1776462947,947660142,robot_1,1.025,4.053
1776462947,947681455,robot_2,-2.586,1.897
1776462947,947690924,robot_4,1.312,-4.332
1776462948,147694171,robot_3,-3.525,-2.796
1776462948,147719275,robot_0,2.301,0.154
1776462948,147730808,robot_1,1.031,4.110
1776462948,147740685,robot_2,-2.586,1.897
1776462948,147750396,robot_4,1.324,-4.372
1776462948,348299583,robot_3,-3.525,-2.796
1776462948,348325785,robot_0,2.301,0.154
1776462948,348338660,robot_1,1.034,4.149
1776462948,348349140,robot_2,-2.585,1.897
1776462948,348359227,robot_4,1.324,-4.372
1776462948,566846501,robot_3,-3.525,-2.797
1776462948,566876181,robot_0,2.301,0.154
1776462948,566889486,robot_1,1.040,4.218
1776462948,566900148,robot_2,-2.585,1.898
1776462948,566909565,robot_4,1.324,-4.372
1776462948,767068635,robot_3,-3.525,-2.797
1776462948,767106798,robot_0,2.301,0.155
1776462948,767115351,robot_1,1.045,4.273
1776462948,767122812,robot_2,-2.584,1.898
1776462948,767129544,robot_4,1.324,-4.372
1776462948,967873794,robot_3,-3.525,-2.798
1776462948,967904001,robot_0,2.301,0.155
1776462948,967921578,robot_1,1.048,4.313
1776462948,967934906,robot_2,-2.584,1.898
1776462948,967948323,robot_4,1.325,-4.372
1776462949,187174963,robot_3,-3.525,-2.798
1776462949,187215258,robot_0,2.301,0.155
1776462949,187232213,robot_1,1.054,4.377
1776462949,187243880,robot_2,-2.584,1.898
1776462949,187255405,robot_4,1.325,-4.372
1776462949,405943516,robot_3,-3.525,-2.798
1776462949,405967044,robot_0,2.302,0.155
1776462949,405974289,robot_1,1.059,4.428
1776462949,405980369,robot_2,-2.583,1.897
1776462949,405985629,robot_4,1.325,-4.372
1776462949,607278332,robot_3,-3.525,-2.799
1776462949,607312876,robot_0,2.302,0.155
1776462949,607329112,robot_1,1.062,4.472
1776462949,607342058,robot_2,-2.583,1.897
1776462949,607354011,robot_4,1.326,-4.373
1776462949,826173835,robot_3,-3.526,-2.799
1776462949,826192587,robot_0,2.302,0.155
1776462949,826199941,robot_1,1.069,4.548
1776462949,826205340,robot_2,-2.582,1.897
1776462949,826216351,robot_4,1.326,-4.373
1776462950,45349726,robot_3,-3.526,-2.799
1776462950,45368152,robot_0,2.303,0.155
1776462950,45375472,robot_1,1.074,4.600
1776462950,45381005,robot_2,-2.582,1.897
1776462950,45385924,robot_4,1.326,-4.373
1776462950,246997191,robot_3,-3.526,-2.799
1776462950,247025067,robot_0,2.303,0.155
1776462950,247034874,robot_1,1.078,4.647
1776462950,247042220,robot_2,-2.620,1.867
1776462950,247048841,robot_4,1.326,-4.374
1776462950,467105635,robot_3,-3.526,-2.799
1776462950,467131384,robot_0,2.303,0.155
1776462950,467144706,robot_1,1.084,4.714
1776462950,467155744,robot_2,-2.670,1.828
1776462950,467166248,robot_4,1.326,-4.374
1776462950,686235415,robot_3,-3.526,-2.799
1776462950,686257327,robot_0,2.303,0.155
1776462950,686264782,robot_1,1.096,4.745
1776462950,686270366,robot_2,-2.703,1.803
1776462950,686275858,robot_4,1.326,-4.374
1776462950,886518379,robot_3,-3.526,-2.800
1776462950,886543298,robot_0,2.303,0.155
1776462950,886553470,robot_1,1.097,4.748
1776462950,886561777,robot_2,-2.704,1.802
1776462950,886569362,robot_4,1.326,-4.374
1776462951,105345539,robot_3,-3.527,-2.800
1776462951,105364583,robot_0,2.303,0.155
1776462951,105371826,robot_1,1.095,4.733
1776462951,105377329,robot_2,-2.705,1.802
1776462951,105382545,robot_4,1.326,-4.374
1776462951,305997539,robot_3,-3.527,-2.800
1776462951,306015036,robot_0,2.304,0.155
1776462951,306022359,robot_1,1.095,4.714
1776462951,306027781,robot_2,-2.705,1.802
1776462951,306033244,robot_4,1.326,-4.375
1776462951,507076969,robot_3,-3.527,-2.800
1776462951,507107057,robot_0,2.304,0.155
1776462951,507120644,robot_1,1.098,4.697
1776462951,507131187,robot_2,-2.705,1.802
1776462951,507140744,robot_4,1.326,-4.375
1776462951,707888524,robot_3,-3.528,-2.799
1776462951,707927681,robot_0,2.304,0.154
1776462951,707947407,robot_1,1.107,4.681
1776462951,707963603,robot_2,-2.706,1.802
1776462951,707977916,robot_4,1.326,-4.375
1776462951,908247535,robot_3,-3.528,-2.799
1776462951,908288288,robot_0,2.304,0.154
1776462951,908307582,robot_1,1.120,4.668
1776462951,908323991,robot_2,-2.706,1.802
1776462951,908338639,robot_4,1.325,-4.376
1776462952,126397390,robot_3,-3.528,-2.799
1776462952,126426211,robot_0,2.304,0.154
1776462952,126439192,robot_1,1.120,4.664
1776462952,126449648,robot_2,-2.706,1.802
1776462952,126459494,robot_4,1.325,-4.376
1776462952,346204975,robot_3,-3.529,-2.799
1776462952,346239046,robot_0,2.304,0.153
1776462952,346251394,robot_1,1.116,4.662
1776462952,346260660,robot_2,-2.707,1.802
1776462952,346269773,robot_4,1.325,-4.376
1776462952,547962242,robot_3,-3.528,-2.798
1776462952,547997578,robot_0,2.304,0.153
1776462952,548014882,robot_1,1.113,4.661
1776462952,548026950,robot_2,-2.707,1.802
1776462952,548039392,robot_4,1.324,-4.376
1776462952,766408155,robot_3,-3.510,-2.785
1776462952,766430910,robot_0,2.279,0.158
1776462952,766438734,robot_1,1.111,4.660
1776462952,766443939,robot_2,-2.707,1.801
1776462952,766448937,robot_4,1.324,-4.376
1776462952,966833761,robot_3,-3.483,-2.767
1776462952,966856286,robot_0,2.209,0.171
1776462952,966866291,robot_1,1.110,4.661
1776462952,966874278,robot_2,-2.707,1.801
1776462952,966881748,robot_4,1.324,-4.376
1776462953,185568814,robot_3,-3.443,-2.739
1776462953,185587321,robot_0,2.165,0.178
1776462953,185594073,robot_1,1.110,4.661
1776462953,185599401,robot_2,-2.707,1.801
1776462953,185604732,robot_4,1.324,-4.376
1776462953,386651636,robot_3,-3.382,-2.696
1776462953,386675949,robot_0,2.133,0.184
1776462953,386683726,robot_1,1.109,4.660
1776462953,386689854,robot_2,-2.708,1.801
1776462953,386695462,robot_4,1.324,-4.376
1776462953,607613335,robot_3,-3.335,-2.663
1776462953,607652995,robot_0,2.096,0.190
1776462953,607669824,robot_1,1.105,4.661
1776462953,607681648,robot_2,-2.708,1.801
1776462953,607694481,robot_4,1.323,-4.376
1776462953,826975537,robot_3,-3.299,-2.638
1776462953,827002755,robot_0,2.052,0.197
1776462953,827012718,robot_1,1.102,4.662
1776462953,827020767,robot_2,-2.708,1.801
1776462953,827028654,robot_4,1.323,-4.376
1776462954,45928135,robot_3,-3.265,-2.614
1776462954,45948250,robot_0,2.004,0.205
1776462954,45955798,robot_1,1.098,4.664
1776462954,45961448,robot_2,-2.708,1.800
1776462954,45966657,robot_4,1.323,-4.376
1776462954,265312643,robot_3,-3.229,-2.589
1776462954,265329522,robot_0,1.958,0.212
1776462954,265336789,robot_1,1.094,4.664
1776462954,265342155,robot_2,-2.708,1.800
1776462954,265347415,robot_4,1.322,-4.376
1776462954,465528619,robot_3,-3.184,-2.558
1776462954,465545655,robot_0,1.916,0.219
1776462954,465552930,robot_1,1.088,4.665
1776462954,465558270,robot_2,-2.708,1.799
1776462954,465564144,robot_4,1.322,-4.375
1776462954,667437877,robot_3,-3.134,-2.523
1776462954,667464645,robot_0,1.853,0.229
1776462954,667473592,robot_1,1.087,4.668
1776462954,667479904,robot_2,-2.708,1.799
1776462954,667486327,robot_4,1.322,-4.375
1776462954,887041750,robot_3,-3.098,-2.498
1776462954,887065540,robot_0,1.800,0.237
1776462954,887077297,robot_1,1.086,4.672
1776462954,887086775,robot_2,-2.708,1.799
1776462954,887095317,robot_4,1.322,-4.374
1776462955,106634806,robot_3,-3.059,-2.471
1776462955,106655173,robot_0,1.752,0.244
1776462955,106663422,robot_1,1.086,4.675
1776462955,106670200,robot_2,-2.707,1.798
1776462955,106676993,robot_4,1.322,-4.374
1776462955,325183962,robot_3,-3.022,-2.445
1776462955,325200263,robot_0,1.696,0.251
1776462955,325212093,robot_1,1.086,4.675
1776462955,325217469,robot_2,-2.707,1.798
1776462955,325222726,robot_4,1.322,-4.374
1776462955,525805705,robot_3,-2.989,-2.422
1776462955,525824845,robot_0,1.656,0.255
1776462955,525832263,robot_1,1.086,4.675
1776462955,525837482,robot_2,-2.707,1.798
1776462955,525842662,robot_4,1.322,-4.374
1776462955,746235247,robot_3,-2.966,-2.405
1776462955,746267929,robot_0,1.598,0.261
1776462955,746283753,robot_1,1.085,4.631
1776462955,746295883,robot_2,-2.707,1.798
1776462955,746307271,robot_4,1.322,-4.374
1776462955,967464368,robot_3,-2.935,-2.384
1776462955,967506150,robot_0,1.526,0.267
1776462955,967530788,robot_1,1.083,4.565
1776462955,967551003,robot_2,-2.707,1.798
1776462955,967569347,robot_4,1.322,-4.373
1776462956,185444311,robot_3,-2.901,-2.360
1776462956,185460462,robot_0,1.482,0.271
1776462956,185467452,robot_1,1.081,4.520
1776462956,185473084,robot_2,-2.707,1.798
1776462956,185478518,robot_4,1.322,-4.373
1776462956,406381526,robot_3,-2.873,-2.342
1776462956,406410462,robot_0,1.413,0.277
1776462956,406425002,robot_1,1.080,4.461
1776462956,406437405,robot_2,-2.706,1.798
1776462956,406449435,robot_4,1.322,-4.373
1776462956,607056499,robot_3,-2.841,-2.320
1776462956,607085485,robot_0,1.350,0.283
1776462956,607099914,robot_1,1.078,4.417
1776462956,607109949,robot_2,-2.706,1.798
1776462956,607120331,robot_4,1.323,-4.372
1776462956,807352833,robot_3,-2.800,-2.294
1776462956,807382690,robot_0,1.310,0.286
1776462956,807397700,robot_1,1.077,4.381
1776462956,807409724,robot_2,-2.705,1.798
1776462956,807421515,robot_4,1.323,-4.372
1776462957,26111028,robot_3,-2.733,-2.249
1776462957,26135691,robot_0,1.241,0.293
1776462957,26147608,robot_1,1.076,4.358
1776462957,26156904,robot_2,-2.705,1.798
1776462957,26165498,robot_4,1.323,-4.372
1776462957,226845944,robot_3,-2.694,-2.223
1776462957,226864467,robot_0,1.184,0.298
1776462957,226871030,robot_1,1.075,4.322
1776462957,226876780,robot_2,-2.705,1.798
1776462957,226882343,robot_4,1.324,-4.372
1776462957,427070542,robot_3,-2.657,-2.198
1776462957,427085424,robot_0,1.144,0.301
1776462957,427091822,robot_1,1.074,4.276
1776462957,427096953,robot_2,-2.704,1.799
1776462957,427102595,robot_4,1.324,-4.372
1776462957,627601996,robot_3,-2.615,-2.168
1776462957,627618872,robot_0,1.113,0.304
1776462957,627625392,robot_1,1.072,4.209
1776462957,627631539,robot_2,-2.710,1.804
1776462957,627637037,robot_4,1.324,-4.372
1776462957,846251255,robot_3,-2.580,-2.141
1776462957,846273380,robot_0,1.074,0.308
1776462957,846283945,robot_1,1.070,4.159
1776462957,846291625,robot_2,-2.732,1.825
1776462957,846300117,robot_4,1.324,-4.372
1776462958,65974429,robot_3,-2.537,-2.108
1776462958,65995178,robot_0,1.028,0.312
1776462958,66003689,robot_1,1.068,4.103
1776462958,66010077,robot_2,-2.765,1.853
1776462958,66016102,robot_4,1.324,-4.372
1776462958,267003571,robot_3,-2.496,-2.076
1776462958,267038946,robot_0,0.978,0.317
1776462958,267061073,robot_1,1.066,4.038
1776462958,267069251,robot_2,-2.783,1.868
1776462958,267077171,robot_4,1.325,-4.372
1776462958,486616685,robot_3,-2.461,-2.049
1776462958,486643425,robot_0,0.930,0.325
1776462958,486653443,robot_1,1.065,3.992
1776462958,486662300,robot_2,-2.783,1.868
1776462958,486669803,robot_4,1.325,-4.372
1776462958,705603674,robot_3,-2.413,-2.011
1776462958,705623582,robot_0,0.891,0.332
1776462958,705631838,robot_1,1.063,3.946
1776462958,705638384,robot_2,-2.783,1.867
1776462958,705644543,robot_4,1.325,-4.372
1776462958,906999584,robot_3,-2.368,-1.979
1776462958,907029465,robot_0,0.861,0.336
1776462958,907044238,robot_1,1.062,3.904
1776462958,907055957,robot_2,-2.784,1.867
1776462958,907066136,robot_4,1.326,-4.373
1776462959,127554406,robot_3,-2.332,-1.955
1776462959,127575104,robot_0,0.819,0.341
1776462959,127583985,robot_1,1.061,3.860
1776462959,127590566,robot_2,-2.784,1.867
1776462959,127597220,robot_4,1.326,-4.373
1776462959,345552140,robot_3,-2.295,-1.930
1776462959,345568997,robot_0,0.781,0.346
1776462959,345576483,robot_1,1.059,3.808
1776462959,345582042,robot_2,-2.785,1.867
1776462959,345586738,robot_4,1.326,-4.373
1776462959,545829527,robot_3,-2.261,-1.908
1776462959,545856235,robot_0,0.752,0.349
1776462959,545864485,robot_1,1.055,3.763
1776462959,545869938,robot_2,-2.785,1.867
1776462959,545875116,robot_4,1.326,-4.374
1776462959,766309862,robot_3,-2.226,-1.885
1776462959,766347334,robot_0,0.708,0.354
1776462959,766369586,robot_1,1.051,3.719
1776462959,766387163,robot_2,-2.785,1.867
1776462959,766404253,robot_4,1.326,-4.374
1776462959,967090143,robot_3,-2.196,-1.865
1776462959,967123798,robot_0,0.660,0.360
1776462959,967142441,robot_1,1.047,3.673
1776462959,967158121,robot_2,-2.786,1.868
1776462959,967172633,robot_4,1.326,-4.374
1776462960,168500202,robot_3,-2.164,-1.844
1776462960,168536814,robot_0,0.610,0.365
1776462960,168554622,robot_1,1.044,3.630
1776462960,168570372,robot_2,-2.786,1.868
1776462960,168584129,robot_4,1.326,-4.374
1776462960,386929178,robot_3,-2.123,-1.817
1776462960,386947065,robot_0,0.567,0.370
1776462960,386954676,robot_1,1.042,3.588
1776462960,386961341,robot_2,-2.786,1.868
1776462960,386967330,robot_4,1.326,-4.374
1776462960,607274855,robot_3,-2.057,-1.772
1776462960,607295729,robot_0,0.523,0.375
1776462960,607308643,robot_1,1.041,3.564
1776462960,607318616,robot_2,-2.783,1.872
1776462960,607327645,robot_4,1.326,-4.375
1776462960,826031952,robot_3,-2.013,-1.744
1776462960,826055524,robot_0,0.480,0.380
1776462960,826062630,robot_1,1.037,3.526
1776462960,826068214,robot_2,-2.762,1.895
1776462960,826073599,robot_4,1.326,-4.375
1776462961,27060589,robot_3,-1.970,-1.715
1776462961,27081365,robot_0,0.440,0.385
1776462961,27089298,robot_1,1.031,3.484
1776462961,27096192,robot_2,-2.736,1.924
1776462961,27103157,robot_4,1.326,-4.375
1776462961,227133401,robot_3,-1.909,-1.675
1776462961,227153346,robot_0,0.380,0.392
1776462961,227162430,robot_1,1.026,3.438
1776462961,227169349,robot_2,-2.711,1.952
1776462961,227176060,robot_4,1.326,-4.376
1776462961,446821357,robot_3,-1.868,-1.649
1776462961,446850155,robot_0,0.323,0.398
1776462961,446863824,robot_1,1.023,3.393
1776462961,446875782,robot_2,-2.687,1.980
1776462961,446886583,robot_4,1.325,-4.376
1776462961,648047573,robot_3,-1.842,-1.633
1776462961,648068745,robot_0,0.282,0.403
1776462961,648077999,robot_1,1.020,3.345
1776462961,648085671,robot_2,-2.660,2.010
1776462961,648101815,robot_4,1.325,-4.376
1776462961,866368739,robot_3,-1.819,-1.618
1776462961,866385803,robot_0,0.204,0.411
1776462961,866392636,robot_1,1.015,3.275
1776462961,866398266,robot_2,-2.625,2.050
1776462961,866403969,robot_4,1.324,-4.376
1776462962,66649627,robot_3,-1.785,-1.597
1776462962,66673499,robot_0,0.148,0.417
1776462962,66683728,robot_1,1.010,3.234
1776462962,66691602,robot_2,-2.588,2.094
1776462962,66698622,robot_4,1.324,-4.376
1776462962,267942793,robot_3,-1.757,-1.580
1776462962,267974185,robot_0,0.105,0.421
1776462962,267990188,robot_1,1.004,3.189
1776462962,268002887,robot_2,-2.562,2.124
1776462962,268014556,robot_4,1.324,-4.376
1776462962,486277152,robot_3,-1.727,-1.561
1776462962,486302322,robot_0,0.033,0.428
1776462962,486312934,robot_1,0.997,3.135
1776462962,486321436,robot_2,-2.533,2.158
1776462962,486329271,robot_4,1.326,-4.317
1776462962,686367414,robot_3,-1.693,-1.541
1776462962,686386126,robot_0,-0.015,0.433
1776462962,686394224,robot_1,0.992,3.096
1776462962,686400819,robot_2,-2.506,2.190
1776462962,686407212,robot_4,1.328,-4.261
1776462962,886493988,robot_3,-1.659,-1.520
1776462962,886509361,robot_0,-0.059,0.437
1776462962,886516339,robot_1,0.986,3.049
1776462962,886521320,robot_2,-2.480,2.220
1776462962,886526480,robot_4,1.329,-4.222
1776462963,106802580,robot_3,-1.622,-1.497
1776462963,106832532,robot_0,-0.126,0.443
1776462963,106840678,robot_1,0.977,2.995
1776462963,106847440,robot_2,-2.444,2.263
1776462963,106853282,robot_4,1.331,-4.189
1776462963,325557621,robot_3,-1.584,-1.474
1776462963,325574865,robot_0,-0.173,0.448
1776462963,325581601,robot_1,0.967,2.952
1776462963,325587157,robot_2,-2.409,2.304
1776462963,325592662,robot_4,1.332,-4.148
1776462963,525793740,robot_3,-1.546,-1.450
1776462963,525815423,robot_0,-0.206,0.451
1776462963,525822355,robot_1,0.958,2.911
1776462963,525828033,robot_2,-2.409,2.305
1776462963,525834049,robot_4,1.334,-4.110
1776462963,726520021,robot_3,-1.510,-1.428
1776462963,726537391,robot_0,-0.230,0.454
1776462963,726544347,robot_1,0.949,2.871
1776462963,726549887,robot_2,-2.409,2.305
1776462963,726554972,robot_4,1.335,-4.078
1776462963,926579959,robot_3,-1.476,-1.407
1776462963,926599654,robot_0,-0.268,0.459
1776462963,926608633,robot_1,0.940,2.832
1776462963,926615655,robot_2,-2.409,2.305
1776462963,926622160,robot_4,1.336,-4.039
1776462964,146633207,robot_3,-1.412,-1.367
1776462964,146651883,robot_0,-0.321,0.466
1776462964,146659431,robot_1,0.932,2.796
1776462964,146665502,robot_2,-2.409,2.306
1776462964,146670860,robot_4,1.338,-3.995
1776462964,365496802,robot_3,-1.359,-1.335
1776462964,365513080,robot_0,-0.380,0.474
1776462964,365520036,robot_1,0.924,2.757
1776462964,365525535,robot_2,-2.409,2.306
1776462964,365530859,robot_4,1.339,-3.951
1776462964,566731073,robot_3,-1.326,-1.315
1776462964,566749294,robot_0,-0.420,0.479
1776462964,566756662,robot_1,0.915,2.718
1776462964,566762374,robot_2,-2.409,2.307
1776462964,566767338,robot_4,1.341,-3.911
1776462964,787055869,robot_3,-1.299,-1.298
1776462964,787075362,robot_0,-0.486,0.488
1776462964,787083513,robot_1,0.903,2.667
1776462964,787089480,robot_2,-2.409,2.307
1776462964,787095384,robot_4,1.342,-3.877
1776462965,6763453,robot_3,-1.263,-1.278
1776462965,6787549,robot_0,-0.560,0.497
1776462965,6798314,robot_1,0.893,2.621
1776462965,6806451,robot_2,-2.409,2.307
1776462965,6813581,robot_4,1.343,-3.847
1776462965,207458048,robot_3,-1.221,-1.254
1776462965,207495805,robot_0,-0.600,0.503
1776462965,207510875,robot_1,0.883,2.579
1776462965,207518885,robot_2,-2.409,2.308
1776462965,207526061,robot_4,1.345,-3.807
1776462965,425150891,robot_3,-1.149,-1.213
1776462965,425168746,robot_0,-0.666,0.511
1776462965,425175646,robot_1,0.868,2.508
1776462965,425181145,robot_2,-2.409,2.308
1776462965,425186542,robot_4,1.346,-3.766
1776462965,627780631,robot_3,-1.109,-1.190
1776462965,627804218,robot_0,-0.722,0.518
1776462965,627813608,robot_1,0.857,2.463
1776462965,627820957,robot_2,-2.402,2.302
1776462965,627828788,robot_4,1.348,-3.728
1776462965,846851801,robot_3,-1.058,-1.161
1776462965,846876673,robot_0,-0.765,0.523
1776462965,846888940,robot_1,0.848,2.420
1776462965,846898677,robot_2,-2.353,2.258
1776462965,846908640,robot_4,1.349,-3.684
1776462966,65979200,robot_3,-0.993,-1.124
1776462966,66016958,robot_0,-0.792,0.527
1776462966,66025642,robot_1,0.838,2.376
1776462966,66033156,robot_2,-2.318,2.229
1776462966,66040699,robot_4,1.351,-3.619
1776462966,266813442,robot_3,-0.958,-1.104
1776462966,266834860,robot_0,-0.826,0.531
1776462966,266843950,robot_1,0.829,2.337
1776462966,266851473,robot_2,-2.281,2.198
1776462966,266858795,robot_4,1.352,-3.568
1776462966,467057618,robot_3,-0.910,-1.076
1776462966,467084031,robot_0,-0.868,0.536
1776462966,467096497,robot_1,0.819,2.293
1776462966,467106202,robot_2,-2.240,2.163
1776462966,467116596,robot_4,1.352,-3.528
1776462966,668966458,robot_3,-0.855,-1.045
1776462966,668988320,robot_0,-0.942,0.545
1776462966,668997031,robot_1,0.808,2.244
1776462966,669003711,robot_2,-2.209,2.138
1776462966,669010299,robot_4,1.352,-3.502
1776462966,886796321,robot_3,-0.816,-1.023
1776462966,886818516,robot_0,-1.002,0.552
1776462966,886828865,robot_1,0.799,2.201
1776462966,886836784,robot_2,-2.169,2.104
1776462966,886845178,robot_4,1.353,-3.465
1776462967,106225520,robot_3,-0.766,-0.995
1776462967,106261982,robot_0,-1.042,0.557
1776462967,106274241,robot_1,0.785,2.140
1776462967,106284984,robot_2,-2.126,2.069
1776462967,106294026,robot_4,1.353,-3.420
1776462967,306607380,robot_3,-0.722,-0.970
1776462967,306627591,robot_0,-1.072,0.561
1776462967,306637264,robot_1,0.771,2.073
1776462967,306645689,robot_2,-2.096,2.043
1776462967,306653420,robot_4,1.353,-3.379
1776462967,526162636,robot_3,-0.684,-0.948
1776462967,526183535,robot_0,-1.114,0.566
1776462967,526191393,robot_1,0.763,2.030
1776462967,526198128,robot_2,-2.064,2.016
1776462967,526204321,robot_4,1.353,-3.334
1776462967,727554673,robot_3,-0.662,-0.935
1776462967,727579796,robot_0,-1.160,0.571
1776462967,727589091,robot_1,0.758,1.999
1776462967,727596476,robot_2,-2.034,1.992
1776462967,727603140,robot_4,1.353,-3.292
1776462967,945467385,robot_3,-0.632,-0.917
1776462967,945484641,robot_0,-1.216,0.578
1776462967,945492073,robot_1,0.753,1.963
1776462967,945497304,robot_2,-2.000,1.963
1776462967,945502712,robot_4,1.353,-3.239
1776462968,166617998,robot_3,-0.591,-0.894
1776462968,166637865,robot_0,-1.260,0.584
1776462968,166645081,robot_1,0.749,1.919
1776462968,166650278,robot_2,-1.977,1.944
1776462968,166655416,robot_4,1.354,-3.195
1776462968,367283705,robot_3,-0.527,-0.856
1776462968,367312536,robot_0,-1.287,0.587
1776462968,367326666,robot_1,0.746,1.889
1776462968,367338154,robot_2,-1.951,1.922
1776462968,367348740,robot_4,1.354,-3.151
1776462968,586938333,robot_3,-0.476,-0.826
1776462968,586967089,robot_0,-1.314,0.590
1776462968,586981241,robot_1,0.743,1.850
1776462968,586992234,robot_2,-1.916,1.893
1776462968,587001755,robot_4,1.352,-3.100
1776462968,787159084,robot_3,-0.445,-0.808
1776462968,787183346,robot_0,-1.353,0.595
1776462968,787194449,robot_1,0.739,1.809
1776462968,787203211,robot_2,-1.880,1.864
1776462968,787216110,robot_4,1.350,-3.061
1776462969,6862882,robot_3,-0.426,-0.796
1776462969,6890878,robot_0,-1.405,0.601
1776462969,6901123,robot_1,0.734,1.749
1776462969,6909785,robot_2,-1.845,1.835
1776462969,6918618,robot_4,1.348,-3.028
1776462969,207114755,robot_3,-0.395,-0.776
1776462969,207154124,robot_0,-1.451,0.607
1776462969,207174163,robot_1,0.730,1.704
1776462969,207189469,robot_2,-1.816,1.810
1776462969,207203597,robot_4,1.346,-3.001
1776462969,427132846,robot_3,-0.348,-0.745
1776462969,427152171,robot_0,-1.495,0.612
1776462969,427160147,robot_1,0.726,1.655
1776462969,427166920,robot_2,-1.788,1.788
1776462969,427173355,robot_4,1.343,-2.957
1776462969,646940215,robot_3,-0.280,-0.699
1776462969,646964410,robot_0,-1.555,0.620
1776462969,646975619,robot_1,0.720,1.588
1776462969,646984077,robot_2,-1.754,1.760
1776462969,646992054,robot_4,1.338,-2.894
1776462969,865604652,robot_3,-0.240,-0.673
1776462969,865621799,robot_0,-1.606,0.629
1776462969,865628941,robot_1,0.716,1.541
1776462969,865634637,robot_2,-1.712,1.726
1776462969,865639641,robot_4,1.334,-2.835
1776462970,66680218,robot_3,-0.199,-0.646
1776462970,66709799,robot_0,-1.647,0.637
1776462970,66723422,robot_1,0.713,1.509
1776462970,66735091,robot_2,-1.667,1.688
1776462970,66745601,robot_4,1.332,-2.796
1776462970,267103809,robot_3,-0.155,-0.616
1776462970,267126084,robot_0,-1.697,0.647
1776462970,267136498,robot_1,0.711,1.485
1776462970,267145227,robot_2,-1.636,1.662
1776462970,267153054,robot_4,1.329,-2.758
1776462970,467150310,robot_3,-0.123,-0.593
1776462970,467171947,robot_0,-1.739,0.656
1776462970,467182216,robot_1,0.706,1.446
1776462970,467189837,robot_2,-1.601,1.634
1776462970,467196539,robot_4,1.326,-2.718
1776462970,687036328,robot_3,-0.071,-0.557
1776462970,687056009,robot_0,-1.787,0.665
1776462970,687065477,robot_1,0.700,1.397
1776462970,687072597,robot_2,-1.561,1.601
1776462970,687080404,robot_4,1.323,-2.673
1776462970,907108156,robot_3,-0.017,-0.519
1776462970,907131977,robot_0,-1.860,0.680
1776462970,907141530,robot_1,0.692,1.347
1776462970,907148343,robot_2,-1.527,1.574
1776462970,907154475,robot_4,1.318,-2.599
1776462971,126504828,robot_3,0.019,-0.494
1776462971,126531381,robot_0,-1.909,0.691
1776462971,126537423,robot_1,0.683,1.304
1776462971,126542576,robot_2,-1.497,1.549
1776462971,126547818,robot_4,1.314,-2.545
1776462971,346606556,robot_3,0.076,-0.454
1776462971,346627272,robot_0,-1.948,0.700
1776462971,346636408,robot_1,0.677,1.274
1776462971,346643250,robot_2,-1.465,1.524
1776462971,346649491,robot_4,1.311,-2.491
1776462971,566185062,robot_3,0.123,-0.420
1776462971,566213789,robot_0,-1.986,0.709
1776462971,566263366,robot_1,0.670,1.239
1776462971,566292756,robot_2,-1.430,1.495
1776462971,566299707,robot_4,1.305,-2.413
1776462971,766947364,robot_3,0.157,-0.396
1776462971,766971893,robot_0,-2.025,0.721
1776462971,766997954,robot_1,0.662,1.200
1776462971,767008576,robot_2,-1.393,1.465
1776462971,767018143,robot_4,1.302,-2.370
1776462971,987046989,robot_3,0.201,-0.364
1776462971,987074728,robot_0,-2.066,0.734
1776462971,987087252,robot_1,0.656,1.172
1776462971,987097287,robot_2,-1.356,1.435
1776462971,987107369,robot_4,1.300,-2.334
1776462972,207082024,robot_3,0.239,-0.336
1776462972,207108248,robot_0,-2.108,0.747
1776462972,207122514,robot_1,0.649,1.134
1776462972,207135154,robot_2,-1.318,1.404
1776462972,207144263,robot_4,1.298,-2.303
1776462972,426035330,robot_3,0.277,-0.309
1776462972,426052053,robot_0,-2.150,0.761
1776462972,426058995,robot_1,0.643,1.094
1776462972,426064405,robot_2,-1.261,1.356
1776462972,426069858,robot_4,1.295,-2.259
1776462972,626503647,robot_3,0.313,-0.282
1776462972,626526132,robot_0,-2.180,0.770
1776462972,626536192,robot_1,0.639,1.068
1776462972,626544165,robot_2,-1.226,1.325
1776462972,626551815,robot_4,1.291,-2.202
1776462972,826506262,robot_3,0.345,-0.258
1776462972,826532426,robot_0,-2.213,0.780
1776462972,826544207,robot_1,0.635,1.031
1776462972,826555314,robot_2,-1.193,1.295
1776462972,826567820,robot_4,1.289,-2.145
1776462973,26876384,robot_3,0.378,-0.234
1776462973,26896051,robot_0,-2.251,0.792
1776462973,26903620,robot_1,0.630,0.992
1776462973,26910509,robot_2,-1.155,1.261
1776462973,26917313,robot_4,1.289,-2.105
1776462973,246629315,robot_3,0.414,-0.207
1776462973,246655297,robot_0,-2.288,0.803
1776462973,246668296,robot_1,0.624,0.949
1776462973,246678589,robot_2,-1.119,1.232
1776462973,246688993,robot_4,1.289,-2.060
1776462973,466579434,robot_3,0.450,-0.180
1776462973,466608560,robot_0,-2.328,0.816
1776462973,466625963,robot_1,0.618,0.905
1776462973,466640548,robot_2,-1.088,1.207
1776462973,466653368,robot_4,1.289,-2.016
1776462973,687545020,robot_3,0.500,-0.142
1776462973,687568899,robot_0,-2.375,0.830
1776462973,687577011,robot_1,0.609,0.845
1776462973,687583140,robot_2,-1.057,1.183
1776462973,687589408,robot_4,1.290,-1.970
1776462973,907147222,robot_3,0.554,-0.102
1776462973,907178939,robot_0,-2.439,0.850
1776462973,907191314,robot_1,0.598,0.766
1776462973,907200584,robot_2,-1.021,1.158
1776462973,907218851,robot_4,1.291,-1.896
1776462974,126924767,robot_3,0.589,-0.076
1776462974,126948100,robot_0,-2.485,0.865
1776462974,126958957,robot_1,0.591,0.721
1776462974,126967029,robot_2,-0.997,1.140
1776462974,126986688,robot_4,1.293,-1.842
1776462974,345283266,robot_3,0.651,-0.030
1776462974,345308370,robot_0,-2.519,0.875
1776462974,345315648,robot_1,0.585,0.680
1776462974,345321332,robot_2,-0.970,1.121
1776462974,345326699,robot_4,1.296,-1.788
1776462974,545309422,robot_3,0.700,0.007
1776462974,545328116,robot_0,-2.543,0.882
1776462974,545334996,robot_1,0.580,0.642
1776462974,545341061,robot_2,-0.938,1.098
1776462974,545346288,robot_4,1.300,-1.718
1776462974,745806406,robot_3,0.736,0.027
1776462974,745824774,robot_0,-2.581,0.894
1776462974,745832518,robot_1,0.572,0.604
1776462974,745838195,robot_2,-0.892,1.065
1776462974,745843744,robot_4,1.303,-1.672
1776462974,946511156,robot_3,0.806,0.054
1776462974,946544627,robot_0,-2.614,0.905
1776462974,946560070,robot_1,0.552,0.564
1776462974,946571943,robot_2,-0.851,1.035
1776462974,946583156,robot_4,1.305,-1.622
1776462975,166077190,robot_3,0.870,0.075
1776462975,166093206,robot_0,-2.649,0.916
1776462975,166100206,robot_1,0.531,0.521
1776462975,166105109,robot_2,-0.816,1.009
1776462975,166110196,robot_4,1.310,-1.539
1776462975,366657725,robot_3,0.913,0.083
1776462975,366684970,robot_0,-2.686,0.930
1776462975,366697032,robot_1,0.512,0.483
1776462975,366707192,robot_2,-0.784,0.986
1776462975,366716897,robot_4,1.312,-1.494
1776462975,566805249,robot_3,0.962,0.081
1776462975,566834422,robot_0,-2.716,0.942
1776462975,566847823,robot_1,0.482,0.426
1776462975,566857702,robot_2,-0.751,0.964
1776462975,566868520,robot_4,1.314,-1.452
1776462975,786741602,robot_3,1.010,0.088
1776462975,786769553,robot_0,-2.740,0.951
1776462975,786785288,robot_1,0.459,0.373
1776462975,786796636,robot_2,-0.714,0.941
1776462975,786807571,robot_4,1.317,-1.404
1776462976,5812699,robot_3,1.044,0.111
1776462976,5832299,robot_0,-2.740,0.951
1776462976,5840301,robot_1,0.451,0.326
1776462976,5846000,robot_2,-0.678,0.918
1776462976,5851544,robot_4,1.319,-1.360
1776462976,206283902,robot_3,1.071,0.131
1776462976,206301290,robot_0,-2.741,0.951
1776462976,206307972,robot_1,0.442,0.260
1776462976,206314152,robot_2,-0.644,0.897
1776462976,206320004,robot_4,1.321,-1.326
1776462976,406661172,robot_3,1.103,0.153
1776462976,406680467,robot_0,-2.741,0.951
1776462976,406688712,robot_1,0.435,0.211
1776462976,406695685,robot_2,-0.606,0.873
1776462976,406702392,robot_4,1.322,-1.292
1776462976,626394651,robot_3,1.132,0.174
1776462976,626415799,robot_0,-2.741,0.950
1776462976,626424973,robot_1,0.429,0.168
1776462976,626433446,robot_2,-0.549,0.835
1776462976,626440791,robot_4,1.325,-1.248
1776462976,847378941,robot_3,1.151,0.188
1776462976,847411071,robot_0,-2.741,0.950
1776462976,847425803,robot_1,0.423,0.125
1776462976,847437433,robot_2,-0.509,0.806
1776462976,847448467,robot_4,1.328,-1.184
1776462977,67326618,robot_3,1.187,0.213
1776462977,67358621,robot_0,-2.742,0.950
1776462977,67373456,robot_1,0.420,0.081
1776462977,67385840,robot_2,-0.462,0.770
1776462977,67397405,robot_4,1.331,-1.125
1776462977,286306388,robot_3,1.213,0.231
1776462977,286328340,robot_0,-2.742,0.950
1776462977,286339062,robot_1,0.416,0.044
1776462977,286347745,robot_2,-0.398,0.721
1776462977,286356326,robot_4,1.333,-1.082
1776462977,488384512,robot_3,1.235,0.248
1776462977,488417395,robot_0,-2.742,0.950
1776462977,488434563,robot_1,0.414,0.015
1776462977,488449049,robot_2,-0.365,0.695
1776462977,488462231,robot_4,1.334,-1.052
1776462977,706401687,robot_3,1.269,0.275
1776462977,706424975,robot_0,-2.743,0.950
1776462977,706435424,robot_1,0.410,-0.029
1776462977,706443623,robot_2,-0.332,0.670
1776462977,706451458,robot_4,1.334,-1.012
1776462977,926057900,robot_3,1.298,0.297
1776462977,926074294,robot_0,-2.743,0.951
1776462977,926080648,robot_1,0.407,-0.076
1776462977,926086219,robot_2,-0.299,0.645
1776462977,926091679,robot_4,1.334,-0.971
1776462978,127120786,robot_3,1.326,0.320
1776462978,127144064,robot_0,-2.743,0.951
1776462978,127155618,robot_1,0.403,-0.118
1776462978,127164940,robot_2,-0.268,0.620
1776462978,127173103,robot_4,1.333,-0.941
1776462978,346778809,robot_3,1.359,0.348
1776462978,346812376,robot_0,-2.743,0.951
1776462978,346826622,robot_1,0.399,-0.162
1776462978,346838743,robot_2,-0.243,0.602
1776462978,346849950,robot_4,1.332,-0.899
1776462978,567555426,robot_3,1.384,0.370
1776462978,567576042,robot_0,-2.743,0.951
1776462978,567584383,robot_1,0.394,-0.232
1776462978,567591050,robot_2,-0.215,0.580
1776462978,567597351,robot_4,1.331,-0.843
1776462978,785332702,robot_3,1.415,0.396
1776462978,785347702,robot_0,-2.743,0.951
1776462978,785354458,robot_1,0.391,-0.292
1776462978,785359652,robot_2,-0.178,0.552
1776462978,785365373,robot_4,1.331,-0.772
1776462978,987415756,robot_3,1.442,0.420
1776462978,987443894,robot_0,-2.744,0.951
1776462978,987457161,robot_1,0.390,-0.334
1776462978,987467369,robot_2,-0.139,0.521
1776462978,987477107,robot_4,1.333,-0.732
1776462979,206524182,robot_3,1.465,0.440
1776462979,206550725,robot_0,-2.744,0.951
1776462979,206562546,robot_1,0.389,-0.392
1776462979,206572615,robot_2,-0.101,0.492
1776462979,206582254,robot_4,1.334,-0.676
1776462979,406747811,robot_3,1.494,0.465
1776462979,406772018,robot_0,-2.744,0.952
1776462979,406781367,robot_1,0.388,-0.436
1776462979,406788937,robot_2,-0.070,0.468
1776462979,406796596,robot_4,1.336,-0.621
1776462979,607471162,robot_3,1.526,0.494
1776462979,607491375,robot_0,-2.744,0.952
1776462979,607499855,robot_1,0.387,-0.480
1776462979,607506886,robot_2,-0.039,0.444
1776462979,607512900,robot_4,1.338,-0.581
1776462979,825232185,robot_3,1.565,0.528
1776462979,825247578,robot_0,-2.744,0.952
1776462979,825254581,robot_1,0.384,-0.562
1776462979,825259567,robot_2,-0.004,0.418
1776462979,825264821,robot_4,1.339,-0.543
1776462980,25899427,robot_3,1.595,0.555
1776462980,25919425,robot_0,-2.744,0.953
1776462980,25926790,robot_1,0.383,-0.614
1776462980,25931953,robot_2,0.027,0.394
1776462980,25937147,robot_4,1.341,-0.508
1776462980,245125888,robot_3,1.634,0.590
1776462980,245142203,robot_0,-2.743,0.953
1776462980,245148497,robot_1,0.382,-0.668
1776462980,245153521,robot_2,0.058,0.369
1776462980,245158674,robot_4,1.344,-0.464
1776462980,447602854,robot_3,1.676,0.627
1776462980,447620724,robot_0,-2.743,0.953
1776462980,447628695,robot_1,0.379,-0.734
1776462980,447635493,robot_2,0.088,0.342
1776462980,447641756,robot_4,1.347,-0.420
1776462980,666631542,robot_3,1.709,0.657
1776462980,666656914,robot_0,-2.726,0.943
1776462980,666668639,robot_1,0.374,-0.783
1776462980,666677484,robot_2,0.122,0.312
1776462980,666685588,robot_4,1.350,-0.374
1776462980,867708756,robot_3,1.723,0.669
1776462980,867734587,robot_0,-2.693,0.924
1776462980,867748095,robot_1,0.371,-0.818
1776462980,867758008,robot_2,0.154,0.284
1776462980,867767344,robot_4,1.352,-0.334
1776462981,86959225,robot_3,1.724,0.669
1776462981,86986995,robot_0,-2.655,0.902
1776462981,87000632,robot_1,0.368,-0.852
1776462981,87007441,robot_2,0.188,0.256
1776462981,87013566,robot_4,1.355,-0.295
1776462981,307355524,robot_3,1.724,0.669
1776462981,307375316,robot_0,-2.601,0.872
1776462981,307384256,robot_1,0.363,-0.895
1776462981,307391247,robot_2,0.219,0.231
1776462981,307398539,robot_4,1.359,-0.252
1776462981,525977895,robot_3,1.724,0.669
1776462981,525998477,robot_0,-2.549,0.845
1776462981,526005613,robot_1,0.360,-0.934
1776462981,526011455,robot_2,0.250,0.205
1776462981,526017027,robot_4,1.365,-0.204
1776462981,726444947,robot_3,1.724,0.669
1776462981,726469745,robot_0,-2.513,0.827
1776462981,726480611,robot_1,0.356,-0.973
1776462981,726490119,robot_2,0.280,0.180
1776462981,726498883,robot_4,1.371,-0.147
1776462981,947379213,robot_3,1.725,0.669
1776462981,947404277,robot_0,-2.478,0.809
1776462981,947414157,robot_1,0.350,-1.027
1776462981,947421549,robot_2,0.312,0.154
1776462981,947428892,robot_4,1.376,-0.100
1776462982,167517684,robot_3,1.725,0.669
1776462982,167534473,robot_0,-2.440,0.790
1776462982,167541847,robot_1,0.343,-1.107
1776462982,167547624,robot_2,0.345,0.129
1776462982,167553050,robot_4,1.379,-0.064
1776462982,386324209,robot_3,1.726,0.669
1776462982,386345694,robot_0,-2.401,0.770
1776462982,386357279,robot_1,0.338,-1.154
1776462982,386367283,robot_2,0.381,0.103
1776462982,386376031,robot_4,1.383,-0.038
1776462982,587212428,robot_3,1.726,0.669
1776462982,587243072,robot_0,-2.363,0.752
1776462982,587256298,robot_1,0.334,-1.191
1776462982,587266612,robot_2,0.412,0.080
1776462982,587275836,robot_4,1.391,0.001
1776462982,807247671,robot_3,1.726,0.669
1776462982,807266500,robot_0,-2.323,0.732
1776462982,807274685,robot_1,0.330,-1.233
1776462982,807281128,robot_2,0.448,0.055
1776462982,807287556,robot_4,1.398,0.035
1776462983,25688647,robot_3,1.726,0.670
1776462983,25708118,robot_0,-2.278,0.709
1776462983,25715221,robot_1,0.326,-1.276
1776462983,25720661,robot_2,0.487,0.026
1776462983,25725670,robot_4,1.404,0.068
1776462983,246312830,robot_3,1.726,0.670
1776462983,246328865,robot_0,-2.226,0.681
1776462983,246335367,robot_1,0.320,-1.338
1776462983,246340583,robot_2,0.533,-0.007
1776462983,246345547,robot_4,1.413,0.111
1776462983,446832048,robot_3,1.726,0.670
1776462983,446861323,robot_0,-2.192,0.661
1776462983,446876388,robot_1,0.315,-1.390
1776462983,446887750,robot_2,0.566,-0.031
1776462983,446901694,robot_4,1.418,0.138
1776462983,666090181,robot_3,1.726,0.670
1776462983,666107445,robot_0,-2.153,0.637
1776462983,666114158,robot_1,0.310,-1.433
1776462983,666119949,robot_2,0.594,-0.051
1776462983,666124671,robot_4,1.425,0.173
1776462983,867411495,robot_3,1.727,0.670
1776462983,867438836,robot_0,-2.118,0.614
1776462983,867451654,robot_1,0.307,-1.468
1776462983,867462645,robot_2,0.612,-0.064
1776462983,867472756,robot_4,1.433,0.213
1776462984,85624700,robot_3,1.737,0.700
1776462984,85642748,robot_0,-2.082,0.588
1776462984,85649613,robot_1,0.303,-1.510
1776462984,85655244,robot_2,0.648,-0.090
1776462984,85660199,robot_4,1.448,0.271
1776462984,285640371,robot_3,1.763,0.757
1776462984,285662242,robot_0,-2.036,0.554
1776462984,285668175,robot_1,0.299,-1.548
1776462984,285674421,robot_2,0.677,-0.111
1776462984,285679659,robot_4,1.460,0.318
1776462984,487615837,robot_3,1.789,0.812
1776462984,487651622,robot_0,-1.988,0.518
1776462984,487670403,robot_1,0.297,-1.573
1776462984,487685555,robot_2,0.706,-0.132
1776462984,487699740,robot_4,1.469,0.358
1776462984,706026262,robot_3,1.812,0.907
1776462984,706047452,robot_0,-1.953,0.492
1776462984,706056809,robot_1,0.294,-1.610
1776462984,706065397,robot_2,0.742,-0.158
1776462984,706073236,robot_4,1.485,0.432
1776462984,906615486,robot_3,1.804,0.994
1776462984,906638617,robot_0,-1.917,0.464
1776462984,906649378,robot_1,0.292,-1.653
1776462984,906657506,robot_2,0.763,-0.173
1776462984,906665848,robot_4,1.496,0.483
1776462985,106712580,robot_3,1.792,1.052
1776462985,106740291,robot_0,-1.881,0.437
1776462985,106747397,robot_1,0.288,-1.704
1776462985,106753184,robot_2,0.783,-0.188
1776462985,106758757,robot_4,1.504,0.523
1776462985,306815075,robot_3,1.769,1.106
1776462985,306834709,robot_0,-1.850,0.412
1776462985,306843180,robot_1,0.283,-1.747
1776462985,306849335,robot_2,0.815,-0.211
1776462985,306856034,robot_4,1.514,0.573
1776462985,526260260,robot_3,1.745,1.162
1776462985,526279103,robot_0,-1.797,0.372
1776462985,526286358,robot_1,0.277,-1.797
1776462985,526292307,robot_2,0.869,-0.251
1776462985,526297858,robot_4,1.526,0.619
1776462985,726653177,robot_3,1.687,1.210
1776462985,726674685,robot_0,-1.754,0.339
1776462985,726681687,robot_1,0.267,-1.872
1776462985,726686868,robot_2,0.920,-0.289
1776462985,726692029,robot_4,1.534,0.649
1776462985,927540207,robot_3,1.619,1.231
1776462985,927558894,robot_0,-1.722,0.315
1776462985,927568179,robot_1,0.261,-1.913
1776462985,927574458,robot_2,0.951,-0.314
1776462985,927579873,robot_4,1.531,0.642
1776462986,146429444,robot_3,1.564,1.244
1776462986,146450451,robot_0,-1.691,0.291
1776462986,146460193,robot_1,0.261,-1.913
1776462986,146468731,robot_2,1.009,-0.359
1776462986,146476570,robot_4,1.522,0.621
1776462986,346483328,robot_3,1.499,1.226
1776462986,346508696,robot_0,-1.660,0.268
1776462986,346520753,robot_1,0.261,-1.913
1776462986,346530256,robot_2,1.060,-0.398
1776462986,346539348,robot_4,1.520,0.618
1776462986,566493671,robot_3,1.445,1.203
1776462986,566519737,robot_0,-1.625,0.241
1776462986,566532224,robot_1,0.260,-1.913
1776462986,566543590,robot_2,1.095,-0.426
1776462986,566553381,robot_4,1.520,0.618
1776462986,786613244,robot_3,1.402,1.184
1776462986,786631705,robot_0,-1.589,0.214
1776462986,786638674,robot_1,0.260,-1.913
1776462986,786643927,robot_2,1.154,-0.472
1776462986,786648818,robot_4,1.519,0.618
1776462986,986782811,robot_3,1.356,1.164
1776462986,986804366,robot_0,-1.557,0.191
1776462986,986811489,robot_1,0.260,-1.913
1776462986,986821177,robot_2,1.196,-0.504
1776462986,986828051,robot_4,1.519,0.619
1776462987,187055371,robot_3,1.318,1.145
1776462987,187078840,robot_0,-1.521,0.165
1776462987,187089167,robot_1,0.259,-1.914
1776462987,187098018,robot_2,1.229,-0.530
1776462987,187107030,robot_4,1.519,0.619
1776462987,387093171,robot_3,1.286,1.128
1776462987,387111676,robot_0,-1.475,0.131
1776462987,387121294,robot_1,0.259,-1.914
1776462987,387129395,robot_2,1.274,-0.564
1776462987,387137564,robot_4,1.519,0.620
1776462987,605313433,robot_3,1.261,1.114
1776462987,605338138,robot_0,-1.437,0.100
1776462987,605346521,robot_1,0.259,-1.914
1776462987,605352105,robot_2,1.315,-0.593
1776462987,605357344,robot_4,1.519,0.620
1776462987,825237106,robot_3,1.224,1.094
1776462987,825252506,robot_0,-1.398,0.067
1776462987,825258949,robot_1,0.259,-1.915
1776462987,825264386,robot_2,1.349,-0.617
1776462987,825269666,robot_4,1.519,0.619
1776462988,25690791,robot_3,1.183,1.068
1776462988,25708814,robot_0,-1.355,0.030
1776462988,25715773,robot_1,0.259,-1.915
1776462988,25721320,robot_2,1.376,-0.636
1776462988,25726276,robot_4,1.519,0.619
1776462988,245861646,robot_3,1.126,1.034
1776462988,245884928,robot_0,-1.321,0.001
1776462988,245892376,robot_1,0.259,-1.915
1776462988,245898248,robot_2,1.411,-0.660
1776462988,245903850,robot_4,1.518,0.618
1776462988,446748844,robot_3,1.091,1.013
1776462988,446778068,robot_0,-1.289,-0.027
1776462988,446791172,robot_1,0.259,-1.915
1776462988,446798363,robot_2,1.454,-0.690
1776462988,446804290,robot_4,1.518,0.618
1776462988,666629375,robot_3,1.039,0.980
1776462988,666652515,robot_0,-1.253,-0.058
1776462988,666659915,robot_1,0.259,-1.915
1776462988,666666125,robot_2,1.521,-0.737
1776462988,666671709,robot_4,1.519,0.618
1776462988,885504337,robot_3,0.978,0.940
1776462988,885518691,robot_0,-1.220,-0.086
1776462988,885525763,robot_1,0.259,-1.916
1776462988,885531326,robot_2,1.561,-0.764
1776462988,885536506,robot_4,1.519,0.619
1776462989,87470180,robot_3,0.945,0.918
1776462989,87493843,robot_0,-1.189,-0.113
1776462989,87504196,robot_1,0.259,-1.916
1776462989,87513031,robot_2,1.605,-0.796
1776462989,87521063,robot_4,1.519,0.619
1776462989,306365182,robot_3,0.892,0.881
1776462989,306391315,robot_0,-1.154,-0.141
1776462989,306402401,robot_1,0.260,-1.917
1776462989,306411138,robot_2,1.657,-0.834
1776462989,306419320,robot_4,1.520,0.619
1776462989,506807684,robot_3,0.845,0.847
1776462989,506831096,robot_0,-1.123,-0.166
1776462989,506840456,robot_1,0.260,-1.917
1776462989,506848444,robot_2,1.688,-0.859
1776462989,506856989,robot_4,1.520,0.619
1776462989,707421562,robot_3,0.813,0.822
1776462989,707444728,robot_0,-1.073,-0.205
1776462989,707455056,robot_1,0.260,-1.917
1776462989,707463489,robot_2,1.725,-0.888
1776462989,707471473,robot_4,1.521,0.619
1776462989,926378450,robot_3,0.764,0.783
1776462989,926405250,robot_0,-1.020,-0.246
1776462989,926417690,robot_1,0.261,-1.917
1776462989,926427825,robot_2,1.762,-0.920
1776462989,926437256,robot_4,1.521,0.619
1776462990,127307843,robot_3,0.724,0.749
1776462990,127328315,robot_0,-0.989,-0.271
1776462990,127337919,robot_1,0.261,-1.917
1776462990,127345516,robot_2,1.792,-0.947
1776462990,127352330,robot_4,1.522,0.619
1776462990,345522170,robot_3,0.691,0.719
1776462990,345537933,robot_0,-0.956,-0.297
1776462990,345544437,robot_1,0.261,-1.917
1776462990,345549959,robot_2,1.839,-0.991
1776462990,345554811,robot_4,1.522,0.619
1776462990,565801976,robot_3,0.641,0.674
1776462990,565820446,robot_0,-0.924,-0.326
1776462990,565827194,robot_1,0.262,-1.917
1776462990,565832531,robot_2,1.882,-1.029
1776462990,565837379,robot_4,1.522,0.619
1776462990,768436612,robot_3,0.605,0.642
1776462990,768473676,robot_0,-0.896,-0.352
1776462990,768493081,robot_1,0.263,-1.884
1776462990,768507758,robot_2,1.912,-1.055
1776462990,768520805,robot_4,1.522,0.619
1776462990,986785556,robot_3,0.573,0.613
1776462990,986808324,robot_0,-0.871,-0.376
1776462990,986817308,robot_1,0.267,-1.841
1776462990,986824574,robot_2,1.966,-1.101
1776462990,986831581,robot_4,1.522,0.619
1776462991,205329166,robot_3,0.543,0.586
1776462991,205352212,robot_0,-0.840,-0.405
1776462991,205359099,robot_1,0.271,-1.801
1776462991,205365216,robot_2,2.006,-1.137
1776462991,205379372,robot_4,1.523,0.619
1776462991,406637732,robot_3,0.513,0.560
1776462991,406663337,robot_0,-0.805,-0.437
1776462991,406672189,robot_1,0.273,-1.779
1776462991,406679183,robot_2,2.036,-1.165
1776462991,406685993,robot_4,1.523,0.618
1776462991,606775792,robot_3,0.479,0.529
1776462991,606797486,robot_0,-0.755,-0.485
1776462991,606807042,robot_1,0.277,-1.745
1776462991,606815047,robot_2,2.066,-1.192
1776462991,606822482,robot_4,1.523,0.618
1776462991,826750510,robot_3,0.429,0.484
1776462991,826776055,robot_0,-0.718,-0.519
1776462991,826788443,robot_1,0.282,-1.697
1776462991,826799707,robot_2,2.101,-1.219
1776462991,826809277,robot_4,1.523,0.617
1776462992,26930456,robot_3,0.398,0.456
1776462992,26949870,robot_0,-0.687,-0.548
1776462992,26956992,robot_1,0.287,-1.646
1776462992,26962817,robot_2,2.136,-1.246
1776462992,26968043,robot_4,1.524,0.617
1776462992,245606636,robot_3,0.361,0.422
1776462992,245622415,robot_0,-0.651,-0.582
1776462992,245628760,robot_1,0.290,-1.600
1776462992,245634663,robot_2,2.180,-1.279
1776462992,245639502,robot_4,1.524,0.616
1776462992,447263602,robot_3,0.323,0.388
1776462992,447285840,robot_0,-0.621,-0.610
1776462992,447293692,robot_1,0.291,-1.567
1776462992,447301130,robot_2,2.212,-1.303
1776462992,447307748,robot_4,1.523,0.616
1776462992,647617012,robot_3,0.294,0.361
1776462992,647646293,robot_0,-0.598,-0.632
1776462992,647673237,robot_1,0.291,-1.546
1776462992,647684404,robot_2,2.248,-1.330
1776462992,647694616,robot_4,1.513,0.619
1776462992,867905789,robot_3,0.248,0.318
1776462992,867926699,robot_0,-0.575,-0.654
1776462992,867936479,robot_1,0.291,-1.504
1776462992,867944851,robot_2,2.291,-1.362
1776462992,867952251,robot_4,1.441,0.640
1776462993,86878689,robot_3,0.191,0.265
1776462993,86910318,robot_0,-0.543,-0.684
1776462993,86923980,robot_1,0.291,-1.449
1776462993,86935619,robot_2,2.326,-1.389
1776462993,86945916,robot_4,1.396,0.654
1776462993,287338350,robot_3,0.162,0.238
1776462993,287362307,robot_0,-0.500,-0.724
1776462993,287374138,robot_1,0.290,-1.391
1776462993,287384040,robot_2,2.370,-1.422
1776462993,287392990,robot_4,1.356,0.667
1776462993,505981058,robot_3,0.123,0.201
1776462993,506000701,robot_0,-0.451,-0.769
1776462993,506007573,robot_1,0.289,-1.347
1776462993,506013231,robot_2,2.423,-1.462
1776462993,506018416,robot_4,1.311,0.680
1776462993,706244079,robot_3,0.088,0.169
1776462993,706265278,robot_0,-0.422,-0.797
1776462993,706274658,robot_1,0.289,-1.311
1776462993,706283283,robot_2,2.455,-1.486
1776462993,706290525,robot_4,1.272,0.692
1776462993,906392615,robot_3,0.059,0.142
1776462993,906416053,robot_0,-0.393,-0.823
1776462993,906426416,robot_1,0.289,-1.276
1776462993,906435269,robot_2,2.484,-1.508
1776462993,906443437,robot_4,1.224,0.706
1776462994,106709514,robot_3,0.014,0.099
1776462994,106738749,robot_0,-0.365,-0.851
1776462994,106753969,robot_1,0.288,-1.236
1776462994,106765187,robot_2,2.513,-1.530
1776462994,106776875,robot_4,1.174,0.720
1776462994,325722362,robot_3,-0.032,0.054
1776462994,325737459,robot_0,-0.333,-0.881
1776462994,325743876,robot_1,0.288,-1.195
1776462994,325749155,robot_2,2.548,-1.557
1776462994,325753982,robot_4,1.132,0.733
1776462994,525797285,robot_3,-0.059,0.025
1776462994,525817148,robot_0,-0.313,-0.899
1776462994,525823734,robot_1,0.287,-1.158
1776462994,525829927,robot_2,2.601,-1.597
1776462994,525834938,robot_4,1.102,0.742
1776462994,746918949,robot_3,-0.108,-0.029
1776462994,746948911,robot_0,-0.287,-0.924
1776462994,746962927,robot_1,0.287,-1.114
1776462994,746974579,robot_2,2.658,-1.640
1776462994,746985869,robot_4,1.067,0.753
1776462994,947313340,robot_3,-0.146,-0.071
1776462994,947334789,robot_0,-0.264,-0.954
1776462994,947344636,robot_1,0.298,-1.046
1776462994,947353161,robot_2,2.690,-1.664
1776462994,947361371,robot_4,1.029,0.765
1776462995,166853246,robot_3,-0.174,-0.104
1776462995,166876904,robot_0,-0.246,-0.987
1776462995,166887873,robot_1,0.315,-0.978
1776462995,166896708,robot_2,2.734,-1.697
1776462995,166905993,robot_4,0.963,0.787
1776462995,385527319,robot_3,-0.201,-0.136
1776462995,385550746,robot_0,-0.225,-1.026
1776462995,385558122,robot_1,0.335,-0.932
1776462995,385564269,robot_2,2.772,-1.726
1776462995,385569511,robot_4,0.906,0.805
1776462995,586688954,robot_3,-0.227,-0.166
1776462995,586706137,robot_0,-0.206,-1.065
1776462995,586713044,robot_1,0.358,-0.873
1776462995,586718609,robot_2,2.802,-1.749
1776462995,586723903,robot_4,0.867,0.818
1776462995,805219444,robot_3,-0.261,-0.205
1776462995,805236360,robot_0,-0.181,-1.104
1776462995,805243485,robot_1,0.376,-0.822
1776462995,805249079,robot_2,2.804,-1.750
1776462995,805254539,robot_4,0.808,0.838
1776462996,7002599,robot_3,-0.303,-0.254
1776462996,7022416,robot_0,-0.153,-1.133
1776462996,7029058,robot_1,0.378,-0.778
1776462996,7035158,robot_2,2.804,-1.750
1776462996,7040144,robot_4,0.765,0.853
1776462996,226941804,robot_3,-0.335,-0.291
1776462996,226957672,robot_0,-0.114,-1.173
1776462996,226965544,robot_1,0.380,-0.716
1776462996,226970711,robot_2,2.804,-1.749
1776462996,226975660,robot_4,0.725,0.869
1776462996,447183821,robot_3,-0.373,-0.336
1776462996,447213632,robot_0,-0.059,-1.228
1776462996,447222026,robot_1,0.381,-0.669
1776462996,447229176,robot_2,2.805,-1.749
1776462996,447236417,robot_4,0.687,0.883
1776462996,647306361,robot_3,-0.421,-0.392
1776462996,647330800,robot_0,-0.030,-1.258
1776462996,647339432,robot_1,0.382,-0.631
1776462996,647346387,robot_2,2.805,-1.749
1776462996,647352929,robot_4,0.650,0.898
1776462996,866377957,robot_3,-0.451,-0.427
1776462996,866404769,robot_0,0.006,-1.295
1776462996,866416485,robot_1,0.383,-0.591
1776462996,866425206,robot_2,2.806,-1.749
1776462996,866433239,robot_4,0.616,0.911
1776462997,66870554,robot_3,-0.490,-0.472
1776462997,66899168,robot_0,0.041,-1.330
1776462997,66913895,robot_1,0.384,-0.551
1776462997,66925417,robot_2,2.806,-1.749
1776462997,66937178,robot_4,0.592,0.920
1776462997,266855484,robot_3,-0.538,-0.528
1776462997,266876597,robot_0,0.069,-1.358
1776462997,266886891,robot_1,0.384,-0.519
1776462997,266895357,robot_2,2.807,-1.749
1776462997,266904850,robot_4,0.555,0.934
1776462997,466961239,robot_3,-0.565,-0.559
1776462997,466986880,robot_0,0.106,-1.396
1776462997,466998763,robot_1,0.384,-0.497
1776462997,467008903,robot_2,2.807,-1.750
1776462997,467018021,robot_4,0.517,0.949
1776462997,685772102,robot_3,-0.599,-0.599
1776462997,685802908,robot_0,0.149,-1.439
1776462997,685818838,robot_1,0.384,-0.453
1776462997,685832234,robot_2,2.807,-1.750
1776462997,685844989,robot_4,0.474,0.965
1776462997,886233214,robot_3,-0.631,-0.635
1776462997,886249036,robot_0,0.177,-1.467
1776462997,886256120,robot_1,0.385,-0.408
1776462997,886261298,robot_2,2.807,-1.750
1776462997,886266858,robot_4,0.437,0.980
1776462998,87212672,robot_3,-0.658,-0.664
1776462998,87234313,robot_0,0.211,-1.502
1776462998,87243797,robot_1,0.384,-0.360
1776462998,87251840,robot_2,2.807,-1.750
1776462998,87259882,robot_4,0.395,0.996
1776462998,306654952,robot_3,-0.686,-0.695
1776462998,306675933,robot_0,0.247,-1.541
1776462998,306684114,robot_1,0.383,-0.316
1776462998,306689375,robot_2,2.807,-1.750
1776462998,306694725,robot_4,0.347,1.014
1776462998,526658442,robot_3,-0.716,-0.727
1776462998,526676684,robot_0,0.275,-1.574
1776462998,526683909,robot_1,0.382,-0.267
1776462998,526689661,robot_2,2.808,-1.750
1776462998,526695448,robot_4,0.306,1.030
1776462998,746508904,robot_3,-0.746,-0.760
1776462998,746541954,robot_0,0.312,-1.617
1776462998,746556547,robot_1,0.381,-0.219
1776462998,746567845,robot_2,2.808,-1.751
1776462998,746579741,robot_4,0.269,1.044
1776462998,967144035,robot_3,-0.797,-0.815
1776462998,967175019,robot_0,0.345,-1.654
1776462998,967189820,robot_1,0.380,-0.175
1776462998,967201665,robot_2,2.808,-1.751
1776462998,967221789,robot_4,0.231,1.059
1776462999,185971720,robot_3,-0.835,-0.856
1776462999,185987502,robot_0,0.377,-1.692
1776462999,185994265,robot_1,0.378,-0.105
1776462999,185999697,robot_2,2.808,-1.752
1776462999,186005031,robot_4,0.190,1.074
1776462999,386952895,robot_3,-0.863,-0.888
1776462999,386982862,robot_0,0.420,-1.742
1776462999,386998540,robot_1,0.379,-0.053
1776462999,387011163,robot_2,2.808,-1.752
1776462999,387023246,robot_4,0.155,1.088
1776462999,587050329,robot_3,-0.896,-0.923
1776462999,587074426,robot_0,0.452,-1.779
1776462999,587085027,robot_1,0.380,-0.014
1776462999,587093462,robot_2,2.808,-1.753
1776462999,587101118,robot_4,0.119,1.104
1776462999,805661197,robot_3,-0.927,-0.957
1776462999,805676321,robot_0,0.482,-1.814
1776462999,805683194,robot_1,0.382,0.020
1776462999,805688563,robot_2,2.807,-1.753
1776462999,805693521,robot_4,0.080,1.122
1776463000,6230656,robot_3,-0.957,-0.989
1776463000,6251097,robot_0,0.511,-1.848
1776463000,6257411,robot_1,0.383,0.057
1776463000,6263280,robot_2,2.807,-1.753
1776463000,6268767,robot_4,0.044,1.138
1776463000,206874915,robot_3,-0.992,-1.025
1776463000,206890726,robot_0,0.538,-1.878
1776463000,206896812,robot_1,0.385,0.098
1776463000,206902318,robot_2,2.807,-1.753
1776463000,206907598,robot_4,0.007,1.155
1776463000,427041452,robot_3,-1.025,-1.057
1776463000,427059142,robot_0,0.572,-1.918
1776463000,427067032,robot_1,0.387,0.147
1776463000,427073617,robot_2,2.807,-1.753
1776463000,427079561,robot_4,-0.033,1.173
1776463000,646578607,robot_3,-1.044,-1.075
1776463000,646598848,robot_0,0.614,-1.968
1776463000,646607113,robot_1,0.388,0.192
1776463000,646613744,robot_2,2.807,-1.753
1776463000,646619927,robot_4,-0.075,1.192
1776463000,847321902,robot_3,-1.044,-1.076
1776463000,847350598,robot_0,0.639,-1.999
1776463000,847364507,robot_1,0.388,0.238
1776463000,847375333,robot_2,2.807,-1.754
1776463000,847385902,robot_4,-0.112,1.209
1776463001,66824265,robot_3,-1.044,-1.076
1776463001,66855135,robot_0,0.677,-2.045
1776463001,66869275,robot_1,0.388,0.296
1776463001,66881417,robot_2,2.806,-1.754
1776463001,66891893,robot_4,-0.165,1.233
1776463001,285107908,robot_3,-1.044,-1.077
1776463001,285125013,robot_0,0.718,-2.100
1776463001,285131981,robot_1,0.388,0.340
1776463001,285137308,robot_2,2.806,-1.754
1776463001,285142162,robot_4,-0.239,1.267
1776463001,486039219,robot_3,-1.044,-1.077
1776463001,486058418,robot_0,0.741,-2.132
1776463001,486065011,robot_1,0.388,0.398
1776463001,486070416,robot_2,2.805,-1.754
1776463001,486075510,robot_4,-0.277,1.284
1776463001,686249837,robot_3,-1.044,-1.078
1776463001,686266629,robot_0,0.768,-2.170
1776463001,686273657,robot_1,0.389,0.470
1776463001,686279235,robot_2,2.805,-1.754
1776463001,686284424,robot_4,-0.328,1.307
1776463001,886265799,robot_3,-1.044,-1.078
1776463001,886284694,robot_0,0.794,-2.208
1776463001,886292338,robot_1,0.389,0.511
1776463001,886298002,robot_2,2.805,-1.754
1776463001,886303832,robot_4,-0.391,1.334
1776463002,105937722,robot_3,-1.044,-1.079
1776463002,105956515,robot_0,0.819,-2.244
1776463002,105963818,robot_1,0.389,0.576
1776463002,105969576,robot_2,2.804,-1.754
1776463002,105974929,robot_4,-0.433,1.352
1776463002,325689825,robot_3,-1.044,-1.079
1776463002,325707173,robot_0,0.843,-2.280
1776463002,325714349,robot_1,0.390,0.653
1776463002,325720051,robot_2,2.804,-1.753
1776463002,325726279,robot_4,-0.476,1.369
1776463002,545997229,robot_3,-1.045,-1.079
1776463002,546015293,robot_0,0.867,-2.316
1776463002,546022595,robot_1,0.390,0.697
1776463002,546028743,robot_2,2.804,-1.753
1776463002,546034386,robot_4,-0.519,1.386
1776463002,765282746,robot_3,-1.045,-1.080
1776463002,765299713,robot_0,0.890,-2.356
1776463002,765306438,robot_1,0.391,0.753
1776463002,765311808,robot_2,2.821,-1.736
1776463002,765317535,robot_4,-0.560,1.403
1776463002,965486876,robot_3,-1.045,-1.080
1776463002,965506132,robot_0,0.918,-2.402
1776463002,965513330,robot_1,0.391,0.798
1776463002,965518559,robot_2,2.845,-1.713
1776463002,965523903,robot_4,-0.626,1.430
1776463003,166021110,robot_3,-1.045,-1.080
1776463003,166056876,robot_0,0.941,-2.441
1776463003,166071728,robot_1,0.391,0.839
1776463003,166084688,robot_2,2.873,-1.685
1776463003,166096692,robot_4,-0.683,1.453
1776463003,367344582,robot_3,-1.045,-1.080
1776463003,367376659,robot_0,0.960,-2.473
1776463003,367391069,robot_1,0.392,0.895
1776463003,367402612,robot_2,2.875,-1.683
1776463003,367413774,robot_4,-0.720,1.468
1776463003,568251620,robot_3,-1.046,-1.080
1776463003,568286181,robot_0,0.973,-2.496
1776463003,568295244,robot_1,0.392,0.943
1776463003,568302599,robot_2,2.876,-1.683
1776463003,568309106,robot_4,-0.765,1.486
1776463003,787045041,robot_3,-1.046,-1.080
1776463003,787061870,robot_0,0.991,-2.531
1776463003,787069419,robot_1,0.393,0.989
1776463003,787075906,robot_2,2.876,-1.683
1776463003,787082132,robot_4,-0.809,1.504
1776463004,7895575,robot_3,-1.047,-1.080
1776463004,7918787,robot_0,1.009,-2.568
1776463004,7927343,robot_1,0.394,1.066
1776463004,7934354,robot_2,2.876,-1.683
1776463004,7940806,robot_4,-0.847,1.520
1776463004,225680617,robot_3,-1.047,-1.080
1776463004,225700911,robot_0,1.024,-2.598
1776463004,225709522,robot_1,0.396,1.122
1776463004,225716855,robot_2,2.877,-1.683
1776463004,225724014,robot_4,-0.871,1.530
1776463004,426267836,robot_3,-1.048,-1.080
1776463004,426283528,robot_0,1.040,-2.634
1776463004,426289854,robot_1,0.397,1.157
1776463004,426294943,robot_2,2.877,-1.683
1776463004,426299845,robot_4,-0.905,1.544
1776463004,626882031,robot_3,-1.048,-1.079
1776463004,626899259,robot_0,1.055,-2.667
1776463004,626905997,robot_1,0.398,1.182
1776463004,626911528,robot_2,2.878,-1.683
1776463004,626916499,robot_4,-0.949,1.561
1776463004,846520383,robot_3,-1.049,-1.079
1776463004,846553109,robot_0,1.070,-2.701
1776463004,846568584,robot_1,0.400,1.223
1776463004,846581221,robot_2,2.878,-1.683
1776463004,846592722,robot_4,-1.018,1.590
1776463005,47537262,robot_3,-1.049,-1.079
1776463005,47559892,robot_0,1.087,-2.737
1776463005,47568664,robot_1,0.401,1.261
1776463005,47576612,robot_2,2.878,-1.682
1776463005,47584023,robot_4,-1.060,1.606
1776463005,267286173,robot_3,-1.049,-1.079
1776463005,267325763,robot_0,1.108,-2.784
1776463005,267341680,robot_1,0.404,1.299
1776463005,267355284,robot_2,2.878,-1.682
1776463005,267366559,robot_4,-1.110,1.627
1776463005,485894186,robot_3,-1.049,-1.079
1776463005,485913609,robot_0,1.129,-2.831
1776463005,485920860,robot_1,0.409,1.343
1776463005,485926948,robot_2,2.879,-1.682
1776463005,485932968,robot_4,-1.173,1.653
1776463005,686620050,robot_3,-1.049,-1.079
1776463005,686641658,robot_0,1.145,-2.868
1776463005,686651229,robot_1,0.415,1.394
1776463005,686659419,robot_2,2.879,-1.682
1776463005,686667808,robot_4,-1.210,1.668
1776463005,905426955,robot_3,-1.049,-1.078
1776463005,905443169,robot_0,1.161,-2.902
1776463005,905449753,robot_1,0.422,1.455
1776463005,905455137,robot_2,2.879,-1.682
1776463005,905460398,robot_4,-1.270,1.692
1776463006,105527913,robot_3,-1.049,-1.078
1776463006,105545990,robot_0,1.176,-2.935
1776463006,105552932,robot_1,0.426,1.494
1776463006,105558823,robot_2,2.879,-1.682
1776463006,105564215,robot_4,-1.337,1.719
1776463006,306901259,robot_3,-1.049,-1.077
1776463006,306920497,robot_0,1.192,-2.972
1776463006,306928916,robot_1,0.434,1.555
1776463006,306935731,robot_2,2.879,-1.681
1776463006,306942479,robot_4,-1.374,1.734
1776463006,506927748,robot_3,-1.049,-1.077
1776463006,506949051,robot_0,1.217,-3.026
1776463006,506956998,robot_1,0.442,1.626
1776463006,506963710,robot_2,2.879,-1.681
1776463006,506969349,robot_4,-1.416,1.752
1776463006,706933338,robot_3,-1.049,-1.076
1776463006,706965618,robot_0,1.240,-3.078
1776463006,706974008,robot_1,0.447,1.666
1776463006,706980877,robot_2,2.879,-1.681
1776463006,706987424,robot_4,-1.458,1.771
1776463006,925228202,robot_3,-1.049,-1.076
1776463006,925245613,robot_0,1.258,-3.118
1776463006,925252368,robot_1,0.455,1.734
1776463006,925257536,robot_2,2.879,-1.680
1776463006,925263024,robot_4,-1.497,1.790
1776463007,125232994,robot_3,-1.049,-1.075
1776463007,125254501,robot_0,1.281,-3.168
1776463007,125261096,robot_1,0.464,1.803
1776463007,125266348,robot_2,2.879,-1.680
1776463007,125271543,robot_4,-1.529,1.807
1776463007,325410862,robot_3,-1.048,-1.075
1776463007,325428292,robot_0,1.300,-3.212
1776463007,325435286,robot_1,0.469,1.842
1776463007,325440675,robot_2,2.878,-1.679
1776463007,325445867,robot_4,-1.562,1.825
1776463007,525682156,robot_3,-1.043,-1.082
1776463007,525702074,robot_0,1.317,-3.249
1776463007,525709663,robot_1,0.475,1.896
1776463007,525715395,robot_2,2.878,-1.679
1776463007,525720805,robot_4,-1.596,1.845
1776463007,726451850,robot_3,-1.031,-1.099
1776463007,726467940,robot_0,1.345,-3.310
1776463007,726474684,robot_1,0.482,1.949
1776463007,726479862,robot_2,2.878,-1.679
1776463007,726485221,robot_4,-1.650,1.877
1776463007,945640176,robot_3,-1.006,-1.134
1776463007,945654937,robot_0,1.374,-3.370
1776463007,945661510,robot_1,0.487,1.993
1776463007,945666965,robot_2,2.878,-1.679
1776463007,945672246,robot_4,-1.711,1.914
1776463008,147094260,robot_3,-0.993,-1.153
1776463008,147112389,robot_0,1.391,-3.407
1776463008,147119802,robot_1,0.493,2.040
1776463008,147126200,robot_2,2.878,-1.679
1776463008,147132146,robot_4,-1.745,1.935
1776463008,365795935,robot_3,-0.993,-1.153
1776463008,365812908,robot_0,1.426,-3.478
1776463008,365820363,robot_1,0.501,2.088
1776463008,365825995,robot_2,2.878,-1.679
1776463008,365831379,robot_4,-1.753,1.940
1776463008,566561049,robot_3,-0.993,-1.153
1776463008,566588904,robot_0,1.451,-3.527
1776463008,566602100,robot_1,0.508,2.128
1776463008,566613000,robot_2,2.877,-1.679
1776463008,566622430,robot_4,-1.752,1.941
1776463008,767624976,robot_3,-0.992,-1.153
1776463008,767648721,robot_0,1.470,-3.565
1776463008,767660381,robot_1,0.521,2.198
1776463008,767670191,robot_2,2.877,-1.679
1776463008,767679605,robot_4,-1.752,1.941
1776463008,987712386,robot_3,-0.991,-1.153
1776463008,987738432,robot_0,1.503,-3.636
1776463008,987749095,robot_1,0.532,2.263
1776463008,987757317,robot_2,2.877,-1.679
1776463008,987764925,robot_4,-1.752,1.941
1776463009,205296522,robot_3,-0.991,-1.153
1776463009,205313103,robot_0,1.527,-3.686
1776463009,205319342,robot_1,0.540,2.310
1776463009,205324945,robot_2,2.876,-1.679
1776463009,205329966,robot_4,-1.752,1.942
1776463009,407139159,robot_3,-0.990,-1.153
1776463009,407171666,robot_0,1.546,-3.729
1776463009,407184675,robot_1,0.551,2.371
1776463009,407196752,robot_2,2.876,-1.679
1776463009,407210954,robot_4,-1.753,1.942
1776463009,625116802,robot_3,-0.990,-1.153
1776463009,625134033,robot_0,1.573,-3.794
1776463009,625140983,robot_1,0.560,2.422
1776463009,625147145,robot_2,2.875,-1.679
1776463009,625152629,robot_4,-1.753,1.943
1776463009,826197361,robot_3,-0.990,-1.154
1776463009,826226861,robot_0,1.587,-3.834
1776463009,826236947,robot_1,0.567,2.464
1776463009,826246045,robot_2,2.875,-1.679
1776463009,826253170,robot_4,-1.753,1.943
1776463010,26315857,robot_3,-0.989,-1.154
1776463010,26342357,robot_0,1.599,-3.868
1776463010,26353195,robot_1,0.574,2.509
1776463010,26361731,robot_2,2.875,-1.680
1776463010,26370078,robot_4,-1.753,1.943
1776463010,245108428,robot_3,-0.989,-1.154
1776463010,245124699,robot_0,1.611,-3.901
1776463010,245131071,robot_1,0.579,2.554
1776463010,245136739,robot_2,2.899,-1.698
1776463010,245141648,robot_4,-1.754,1.944
1776463010,445248194,robot_3,-0.989,-1.154
1776463010,445263937,robot_0,1.626,-3.938
1776463010,445270007,robot_1,0.584,2.603
1776463010,445275210,robot_2,2.928,-1.721
1776463010,445280015,robot_4,-1.754,1.944
1776463010,646277749,robot_3,-0.989,-1.154
1776463010,646306096,robot_0,1.644,-3.982
1776463010,646317494,robot_1,0.591,2.673
1776463010,646326794,robot_2,2.959,-1.747
1776463010,646335647,robot_4,-1.754,1.944
1776463010,846399067,robot_3,-0.989,-1.155
1776463010,846423140,robot_0,1.663,-4.032
1776463010,846435046,robot_1,0.595,2.717
1776463010,846444802,robot_2,2.965,-1.751
1776463010,846453508,robot_4,-1.754,1.944
1776463011,46809502,robot_3,-0.989,-1.155
1776463011,46834177,robot_0,1.678,-4.069
1776463011,46843980,robot_1,0.600,2.765
1776463011,46852554,robot_2,2.965,-1.751
1776463011,46860302,robot_4,-1.754,1.944
1776463011,247288228,robot_3,-0.989,-1.156
1776463011,247316992,robot_0,1.692,-4.104
1776463011,247331155,robot_1,0.605,2.825
1776463011,247343135,robot_2,2.965,-1.751
1776463011,247354089,robot_4,-1.755,1.944
1776463011,466523288,robot_3,-0.989,-1.156
1776463011,466546458,robot_0,1.707,-4.141
1776463011,466554065,robot_1,0.609,2.871
1776463011,466560297,robot_2,2.966,-1.751
1776463011,466566743,robot_4,-1.755,1.944
1776463011,666806823,robot_3,-0.989,-1.157
1776463011,666847407,robot_0,1.722,-4.178
1776463011,666870299,robot_1,0.612,2.921
1776463011,666890043,robot_2,2.966,-1.751
1776463011,666907928,robot_4,-1.756,1.944
1776463011,867164917,robot_3,-0.989,-1.157
1776463011,867193998,robot_0,1.744,-4.233
1776463011,867215952,robot_1,0.617,2.982
1776463011,867228703,robot_2,2.966,-1.751
1776463011,867240803,robot_4,-1.756,1.943
1776463012,86039449,robot_3,-0.990,-1.158
1776463012,86056787,robot_0,1.773,-4.306
1776463012,86063387,robot_1,0.620,3.027
1776463012,86068942,robot_2,2.967,-1.751
1776463012,86073769,robot_4,-1.756,1.943
1776463012,287381560,robot_3,-0.990,-1.158
1776463012,287403430,robot_0,1.788,-4.343
1776463012,287413317,robot_1,0.624,3.081
1776463012,287421192,robot_2,2.967,-1.751
1776463012,287428635,robot_4,-1.757,1.943
1776463012,506505208,robot_3,-0.990,-1.158
1776463012,506527861,robot_0,1.806,-4.386
1776463012,506534925,robot_1,0.629,3.153
1776463012,506541433,robot_2,2.968,-1.751
1776463012,506546247,robot_4,-1.757,1.942
1776463012,706964987,robot_3,-0.991,-1.158
1776463012,706983770,robot_0,1.822,-4.424
1776463012,706991280,robot_1,0.632,3.192
1776463012,706997755,robot_2,2.968,-1.751
1776463012,707003484,robot_4,-1.757,1.942
1776463012,926574582,robot_3,-0.991,-1.158
1776463012,926590907,robot_0,1.840,-4.464
1776463012,926597441,robot_1,0.635,3.232
1776463012,926602765,robot_2,2.968,-1.751
1776463012,926607652,robot_4,-1.757,1.942
1776463013,146700091,robot_3,-0.991,-1.158
1776463013,146725909,robot_0,1.863,-4.517
1776463013,146733007,robot_1,0.638,3.272
1776463013,146738731,robot_2,2.968,-1.751
1776463013,146743818,robot_4,-1.757,1.942
1776463013,365759986,robot_3,-0.991,-1.159
1776463013,365781526,robot_0,1.879,-4.549
1776463013,365787911,robot_1,0.641,3.315
1776463013,365793541,robot_2,2.968,-1.751
1776463013,365798332,robot_4,-1.757,1.942
1776463013,567622961,robot_3,-0.992,-1.159
1776463013,567654810,robot_0,1.879,-4.549
1776463013,567669400,robot_1,0.644,3.348
1776463013,567681641,robot_2,2.968,-1.752
1776463013,567692590,robot_4,-1.757,1.942
1776463013,767746628,robot_3,-0.992,-1.159
1776463013,767777569,robot_0,1.879,-4.549
1776463013,767791990,robot_1,0.646,3.384
1776463013,767804288,robot_2,2.969,-1.752
1776463013,767815767,robot_4,-1.757,1.941
1776463013,987541692,robot_3,-0.993,-1.158
1776463013,987568214,robot_0,1.880,-4.549
1776463013,987578609,robot_1,0.650,3.429
1776463013,987587371,robot_2,2.969,-1.753
1776463013,987596727,robot_4,-1.757,1.941
1776463014,207067692,robot_3,-0.993,-1.158
1776463014,207092441,robot_0,1.880,-4.549
1776463014,207099528,robot_1,0.655,3.498
1776463014,207104443,robot_2,2.969,-1.753
1776463014,207109229,robot_4,-1.757,1.940
1776463014,426829011,robot_3,-0.994,-1.158
1776463014,426857435,robot_0,1.881,-4.549
1776463014,426867410,robot_1,0.659,3.550
1776463014,426875847,robot_2,2.969,-1.754
1776463014,426884158,robot_4,-1.757,1.940
1776463014,627582300,robot_3,-0.994,-1.157
1776463014,627603130,robot_0,1.881,-4.549
1776463014,627611525,robot_1,0.662,3.593
1776463014,627617980,robot_2,2.968,-1.754
1776463014,627624970,robot_4,-1.756,1.940
1776463014,847602982,robot_3,-0.994,-1.157
1776463014,847630335,robot_0,1.881,-4.549
1776463014,847642506,robot_1,0.666,3.650
1776463014,847652921,robot_2,2.968,-1.754
1776463014,847661684,robot_4,-1.756,1.939
1776463015,67343913,robot_3,-0.994,-1.157
1776463015,67375278,robot_0,1.882,-4.550
1776463015,67390871,robot_1,0.669,3.695
1776463015,67404143,robot_2,2.968,-1.755
1776463015,67416519,robot_4,-1.755,1.939
1776463015,286369579,robot_3,-0.994,-1.157
1776463015,286388319,robot_0,1.882,-4.550
1776463015,286396597,robot_1,0.672,3.744
1776463015,286402747,robot_2,2.968,-1.755
1776463015,286409278,robot_4,-1.749,1.954
1776463015,487536042,robot_3,-0.994,-1.157
1776463015,487565213,robot_0,1.882,-4.550
1776463015,487577376,robot_1,0.675,3.793
1776463015,487587745,robot_2,2.968,-1.755
1776463015,487596477,robot_4,-1.737,1.982
1776463015,705438452,robot_3,-0.995,-1.156
1776463015,705454611,robot_0,1.882,-4.550
1776463015,705461284,robot_1,0.678,3.837
1776463015,705466653,robot_2,2.968,-1.755
1776463015,705471661,robot_4,-1.719,2.023
1776463015,906858970,robot_3,-0.995,-1.156
1776463015,906882461,robot_0,1.882,-4.550
1776463015,906892396,robot_1,0.681,3.894
1776463015,906900624,robot_2,2.968,-1.755
1776463015,906908525,robot_4,-1.712,2.039
1776463016,107335850,robot_3,-0.995,-1.155
1776463016,107360438,robot_0,1.882,-4.551
1776463016,107370187,robot_1,0.685,3.958
1776463016,107378287,robot_2,2.967,-1.755
1776463016,107385881,robot_4,-1.713,2.039
1776463016,325482878,robot_3,-0.994,-1.155
1776463016,325500115,robot_0,1.882,-4.551
1776463016,325506627,robot_1,0.688,4.002
1776463016,325519208,robot_2,2.967,-1.755
1776463016,325524093,robot_4,-1.713,2.039
1776463016,526694757,robot_3,-0.994,-1.154
1776463016,526733676,robot_0,1.882,-4.552
1776463016,526751174,robot_1,0.690,4.034
1776463016,526766332,robot_2,2.966,-1.755
1776463016,526780182,robot_4,-1.713,2.039
1776463016,745009551,robot_3,-0.994,-1.154
1776463016,745025688,robot_0,1.882,-4.552
1776463016,745032021,robot_1,0.693,4.071
1776463016,745037763,robot_2,2.966,-1.755
1776463016,745042564,robot_4,-1.714,2.040
1776463016,946505735,robot_3,-0.993,-1.153
1776463016,946532579,robot_0,1.882,-4.553
1776463016,946545573,robot_1,0.695,4.111
1776463016,946556910,robot_2,2.965,-1.755
1776463016,946567483,robot_4,-1.714,2.040
1776463017,146557905,robot_3,-0.993,-1.153
1776463017,146586345,robot_0,1.882,-4.553
1776463017,146599136,robot_1,0.698,4.151
1776463017,146609492,robot_2,2.965,-1.755
1776463017,146623237,robot_4,-1.714,2.041
1776463017,365899029,robot_3,-0.993,-1.153
1776463017,365915796,robot_0,1.881,-4.553
1776463017,365922809,robot_1,0.701,4.195
1776463017,365928267,robot_2,2.965,-1.755
1776463017,365933869,robot_4,-1.714,2.041
1776463017,566989125,robot_3,-0.983,-1.175
1776463017,567013356,robot_0,1.881,-4.554
1776463017,567022712,robot_1,0.703,4.235
1776463017,567030681,robot_2,2.965,-1.754
1776463017,567038408,robot_4,-1.714,2.042
1776463017,786344497,robot_3,-0.962,-1.223
1776463017,786364620,robot_0,1.880,-4.554
1776463017,786373934,robot_1,0.707,4.298
1776463017,786381966,robot_2,3.011,-1.712
1776463017,786398797,robot_4,-1.713,2.042
1776463017,986672074,robot_3,-0.946,-1.259
1776463017,986693493,robot_0,1.880,-4.554
1776463017,986702739,robot_1,0.710,4.345
1776463017,986710225,robot_2,3.053,-1.673
1776463017,986717000,robot_4,-1.713,2.042
1776463018,205019325,robot_3,-0.940,-1.273
1776463018,205035634,robot_0,1.880,-4.554
1776463018,205041915,robot_1,0.712,4.385
1776463018,205047313,robot_2,3.082,-1.647
1776463018,205052219,robot_4,-1.713,2.042
1776463018,406631602,robot_3,-0.940,-1.273
1776463018,406657020,robot_0,1.880,-4.554
1776463018,406666497,robot_1,0.712,4.386
1776463018,406674301,robot_2,3.082,-1.647
1776463018,406681342,robot_4,-1.713,2.042
1776463018,626059786,robot_3,-0.939,-1.273
1776463018,626085546,robot_0,1.881,-4.554
1776463018,626096162,robot_1,0.712,4.386
1776463018,626105838,robot_2,3.082,-1.647
1776463018,626114091,robot_4,-1.713,2.043
1776463018,846313509,robot_3,-0.938,-1.273
1776463018,846330627,robot_0,1.881,-4.553
1776463018,846338019,robot_1,0.711,4.387
1776463018,846344291,robot_2,3.082,-1.646
1776463018,846350110,robot_4,-1.713,2.043
1776463019,66558483,robot_3,-0.938,-1.273
1776463019,66586044,robot_0,1.881,-4.553
1776463019,66597291,robot_1,0.711,4.387
1776463019,66607551,robot_2,3.082,-1.646
1776463019,66616258,robot_4,-1.712,2.043
1776463019,267810091,robot_3,-0.937,-1.273
1776463019,267843138,robot_0,1.882,-4.552
1776463019,267861820,robot_1,0.711,4.387
1776463019,267877763,robot_2,3.082,-1.645
1776463019,267892949,robot_4,-1.712,2.043
1776463019,486055918,robot_3,-0.937,-1.274
1776463019,486075724,robot_0,1.882,-4.552
1776463019,486082394,robot_1,0.710,4.388
1776463019,486088226,robot_2,3.082,-1.645
1776463019,486093631,robot_4,-1.711,2.043
1776463019,686897146,robot_3,-0.937,-1.274
1776463019,686914993,robot_0,1.882,-4.552
1776463019,686922110,robot_1,0.710,4.388
1776463019,686927737,robot_2,3.082,-1.644
1776463019,686933425,robot_4,-1.711,2.043
1776463019,906186786,robot_3,-0.936,-1.275
1776463019,906205269,robot_0,1.882,-4.551
1776463019,906217136,robot_1,0.710,4.389
1776463019,906224558,robot_2,3.082,-1.644
1776463019,906231354,robot_4,-1.710,2.043
1776463020,106759849,robot_3,-0.936,-1.275
1776463020,106787236,robot_0,1.881,-4.551
1776463020,106794591,robot_1,0.710,4.389
1776463020,106801163,robot_2,3.082,-1.644
1776463020,106807458,robot_4,-1.710,2.043
1776463020,325179604,robot_3,-0.936,-1.275
1776463020,325195038,robot_0,1.881,-4.551
1776463020,325201698,robot_1,0.710,4.389
1776463020,325211045,robot_2,3.083,-1.644
1776463020,325216799,robot_4,-1.710,2.043
1776463020,526140486,robot_3,-0.936,-1.275
1776463020,526159706,robot_0,1.881,-4.550
1776463020,526167207,robot_1,0.710,4.389
1776463020,526173124,robot_2,3.083,-1.643
1776463020,526179115,robot_4,-1.710,2.043
1776463020,726267883,robot_3,-0.936,-1.275
1776463020,726283940,robot_0,1.881,-4.550
1776463020,726290932,robot_1,0.710,4.389
1776463020,726297036,robot_2,3.083,-1.644
1776463020,726302058,robot_4,-1.721,2.022
1776463020,945610680,robot_3,-0.936,-1.276
1776463020,945626853,robot_0,1.881,-4.550
1776463020,945633711,robot_1,0.710,4.390
1776463020,945639375,robot_2,3.083,-1.643
1776463020,945645006,robot_4,-1.742,1.988
1776463021,146172862,robot_3,-0.936,-1.276
1776463021,146204540,robot_0,1.881,-4.550
1776463021,146221080,robot_1,0.710,4.390
1776463021,146230234,robot_2,3.083,-1.643
1776463021,146239056,robot_4,-1.763,1.954
1776463021,346726757,robot_3,-0.936,-1.277
1776463021,346754551,robot_0,1.881,-4.550
1776463021,346766860,robot_1,0.711,4.390
1776463021,346776205,robot_2,3.084,-1.643
1776463021,346785834,robot_4,-1.775,1.934
1776463021,565637424,robot_3,-0.936,-1.277
1776463021,565654926,robot_0,1.880,-4.549
1776463021,565661424,robot_1,0.711,4.391
1776463021,565667105,robot_2,3.084,-1.643
1776463021,565672296,robot_4,-1.792,1.907
1776463021,767173441,robot_3,-0.937,-1.278
1776463021,767199155,robot_0,1.880,-4.549
1776463021,767214663,robot_1,0.711,4.391
1776463021,767224264,robot_2,3.085,-1.643
1776463021,767232558,robot_4,-1.813,1.873
1776463021,986441660,robot_3,-0.937,-1.278
1776463021,986462504,robot_0,1.879,-4.549
1776463021,986469412,robot_1,0.712,4.391
1776463021,986475095,robot_2,3.085,-1.643
1776463021,986480661,robot_4,-1.848,1.815
1776463022,186481962,robot_3,-0.938,-1.278
1776463022,186503199,robot_0,1.879,-4.549
1776463022,186511889,robot_1,0.712,4.391
1776463022,186519218,robot_2,3.085,-1.644
1776463022,186526172,robot_4,-1.874,1.772
1776463022,386667577,robot_3,-0.938,-1.279
1776463022,386685138,robot_0,1.878,-4.549
1776463022,386693364,robot_1,0.713,4.391
1776463022,386699985,robot_2,3.086,-1.644
1776463022,386706505,robot_4,-1.896,1.737
1776463022,607311172,robot_3,-0.941,-1.271
1776463022,607340212,robot_0,1.878,-4.550
1776463022,607353273,robot_1,0.713,4.391
1776463022,607363838,robot_2,3.086,-1.644
1776463022,607374051,robot_4,-1.932,1.678
1776463022,825357660,robot_3,-0.950,-1.244
1776463022,825374526,robot_0,1.878,-4.550
1776463022,825381272,robot_1,0.713,4.391
1776463022,825386781,robot_2,3.086,-1.644
1776463022,825391900,robot_4,-1.960,1.633
1776463023,25520310,robot_3,-0.962,-1.206
1776463023,25540283,robot_0,1.878,-4.550
1776463023,25547316,robot_1,0.713,4.391
1776463023,25553116,robot_2,3.086,-1.644
1776463023,25557932,robot_4,-1.983,1.595
1776463023,246603654,robot_3,-0.973,-1.174
1776463023,246628069,robot_0,1.878,-4.550
1776463023,246638924,robot_1,0.713,4.391
1776463023,246648046,robot_2,3.086,-1.644
1776463023,246656896,robot_4,-2.015,1.543
1776463023,467885316,robot_3,-0.981,-1.149
1776463023,467911411,robot_0,1.879,-4.550
1776463023,467923285,robot_1,0.714,4.391
1776463023,467933090,robot_2,3.086,-1.645
1776463023,467942480,robot_4,-2.039,1.505
1776463023,687186792,robot_3,-0.997,-1.108
1776463023,687221824,robot_0,1.879,-4.549
1776463023,687236069,robot_1,0.714,4.391
1776463023,687247345,robot_2,3.086,-1.645
1776463023,687258451,robot_4,-2.062,1.467
1776463023,906590071,robot_3,-1.022,-1.042
1776463023,906614308,robot_0,1.880,-4.550
1776463023,906625914,robot_1,0.715,4.390
1776463023,906636065,robot_2,3.086,-1.646
1776463023,906644723,robot_4,-2.087,1.431
1776463024,125309588,robot_3,-1.048,-0.976
1776463024,125326651,robot_0,1.880,-4.550
1776463024,125333848,robot_1,0.715,4.390
1776463024,125339195,robot_2,3.086,-1.646
1776463024,125344273,robot_4,-2.113,1.395
1776463024,326334800,robot_3,-1.062,-0.939
1776463024,326353902,robot_0,1.881,-4.550
1776463024,326362660,robot_1,0.715,4.390
1776463024,326369819,robot_2,3.086,-1.647
1776463024,326376711,robot_4,-2.148,1.348
1776463024,545405334,robot_3,-1.085,-0.877
1776463024,545422924,robot_0,1.881,-4.550
1776463024,545430622,robot_1,0.715,4.389
1776463024,545436389,robot_2,3.086,-1.647
1776463024,545441727,robot_4,-2.187,1.299
1776463024,766393037,robot_3,-1.102,-0.826
1776463024,766418256,robot_0,1.881,-4.551
1776463024,766430514,robot_1,0.715,4.389
1776463024,766441436,robot_2,3.086,-1.647
1776463024,766452574,robot_4,-2.214,1.265
1776463024,968417192,robot_3,-1.113,-0.785
1776463024,968449441,robot_0,1.881,-4.551
1776463024,968466576,robot_1,0.715,4.388
1776463024,968481207,robot_2,3.085,-1.648
1776463024,968495656,robot_4,-2.228,1.248
1776463025,185385390,robot_3,-1.132,-0.722
1776463025,185401120,robot_0,1.881,-4.551
1776463025,185407702,robot_1,0.715,4.388
1776463025,185412593,robot_2,3.074,-1.631
1776463025,185417485,robot_4,-2.250,1.222
1776463025,388371744,robot_3,-1.144,-0.679
1776463025,388409894,robot_0,1.881,-4.551
1776463025,388427531,robot_1,0.715,4.388
1776463025,388442508,robot_2,3.054,-1.600
1776463025,388456494,robot_4,-2.278,1.192
1776463025,607248564,robot_3,-1.158,-0.633
1776463025,607276058,robot_0,1.882,-4.551
1776463025,607285273,robot_1,0.715,4.388
1776463025,607292131,robot_2,3.031,-1.563
1776463025,607298774,robot_4,-2.312,1.154
1776463025,826395948,robot_3,-1.172,-0.581
1776463025,826415016,robot_0,1.882,-4.552
1776463025,826423385,robot_1,0.715,4.388
1776463025,826430279,robot_2,3.016,-1.538
1776463025,826436681,robot_4,-2.342,1.120
1776463026,46204388,robot_3,-1.185,-0.539
1776463026,46239831,robot_0,1.882,-4.552
1776463026,46252831,robot_1,0.715,4.387
1776463026,46263597,robot_2,2.999,-1.511
1776463026,46273403,robot_4,-2.378,1.080
1776463026,246226074,robot_3,-1.200,-0.487
1776463026,246242997,robot_0,1.882,-4.553
1776463026,246250146,robot_1,0.714,4.387
1776463026,246256724,robot_2,2.978,-1.477
1776463026,246262836,robot_4,-2.423,1.031
1776463026,446512201,robot_3,-1.219,-0.420
1776463026,446528880,robot_0,1.881,-4.553
1776463026,446536338,robot_1,0.714,4.387
1776463026,446542082,robot_2,2.945,-1.424
1776463026,446547877,robot_4,-2.455,0.999
1776463026,647473634,robot_3,-1.230,-0.380
1776463026,647501845,robot_0,1.881,-4.554
1776463026,647514326,robot_1,0.714,4.386
1776463026,647524660,robot_2,2.916,-1.378
1776463026,647535076,robot_4,-2.488,0.967
1776463026,867183742,robot_3,-1.240,-0.343
1776463026,867202829,robot_0,1.881,-4.554
1776463026,867214474,robot_1,0.713,4.386
1776463026,867222153,robot_2,2.893,-1.341
1776463026,867229265,robot_4,-2.530,0.926
1776463027,87667900,robot_3,-1.249,-0.308
1776463027,87698139,robot_0,1.880,-4.554
1776463027,87712215,robot_1,0.713,4.386
1776463027,87723709,robot_2,2.874,-1.311
1776463027,87734323,robot_4,-2.562,0.895
1776463027,306501411,robot_3,-1.258,-0.265
1776463027,306524055,robot_0,1.880,-4.555
1776463027,306534171,robot_1,0.712,4.386
1776463027,306541984,robot_2,2.851,-1.277
1776463027,306549644,robot_4,-2.603,0.855
1776463027,525745305,robot_3,-1.267,-0.222
1776463027,525763829,robot_0,1.880,-4.555
1776463027,525770747,robot_1,0.712,4.386
1776463027,525776321,robot_2,2.822,-1.235
1776463027,525781648,robot_4,-2.645,0.814
1776463027,726538156,robot_3,-1.276,-0.183
1776463027,726556036,robot_0,1.880,-4.555
1776463027,726563916,robot_1,0.712,4.386
1776463027,726570743,robot_2,2.789,-1.187
1776463027,726578134,robot_4,-2.673,0.786
1776463027,945610420,robot_3,-1.285,-0.139
1776463027,945633179,robot_0,1.880,-4.555
1776463027,945639985,robot_1,0.712,4.386
1776463027,945645205,robot_2,2.763,-1.149
1776463027,945650642,robot_4,-2.696,0.764
1776463028,146638633,robot_3,-1.300,-0.068
1776463028,146669664,robot_0,1.879,-4.555
1776463028,146684176,robot_1,0.712,4.386
1776463028,146695639,robot_2,2.743,-1.120
1776463028,146706852,robot_4,-2.709,0.752
1776463028,347019147,robot_3,-1.312,-0.010
1776463028,347037860,robot_0,1.879,-4.555
1776463028,347046923,robot_1,0.712,4.386
1776463028,347054603,robot_2,2.728,-1.098
1776463028,347061300,robot_4,-2.709,0.752
1776463028,565581629,robot_3,-1.321,0.034
1776463028,565599761,robot_0,1.878,-4.555
1776463028,565606350,robot_1,0.713,4.386
1776463028,565611828,robot_2,2.706,-1.061
1776463028,565616677,robot_4,-2.709,0.753
1776463028,767119953,robot_3,-1.330,0.077
1776463028,767144550,robot_0,1.878,-4.555
1776463028,767155831,robot_1,0.713,4.387
1776463028,767165368,robot_2,2.689,-1.032
1776463028,767174669,robot_4,-2.709,0.753
1776463028,987342652,robot_3,-1.340,0.121
1776463028,987368868,robot_0,1.877,-4.554
1776463028,987379209,robot_1,0.714,4.387
1776463028,987387641,robot_2,2.672,-1.005
1776463028,987395195,robot_4,-2.710,0.753
1776463029,206541595,robot_3,-1.350,0.171
1776463029,206559911,robot_0,1.877,-4.554
1776463029,206566632,robot_1,0.714,4.387
1776463029,206572028,robot_2,2.649,-0.967
1776463029,206577535,robot_4,-2.710,0.753
1776463029,425418561,robot_3,-1.365,0.241
1776463029,425433183,robot_0,1.877,-4.554
1776463029,425439578,robot_1,0.714,4.388
1776463029,425445234,robot_2,2.615,-0.909
1776463029,425450832,robot_4,-2.711,0.753
1776463029,626982193,robot_3,-1.374,0.283
1776463029,627002153,robot_0,1.876,-4.553
1776463029,627011128,robot_1,0.714,4.388
1776463029,627018404,robot_2,2.584,-0.856
1776463029,627025655,robot_4,-2.711,0.753
1776463029,846083205,robot_3,-1.386,0.340
1776463029,846099327,robot_0,1.876,-4.553
1776463029,846105778,robot_1,0.714,4.388
1776463029,846112032,robot_2,2.562,-0.817
1776463029,846117207,robot_4,-2.711,0.752
1776463030,66045797,robot_3,-1.400,0.414
1776463030,66063463,robot_0,1.876,-4.553
1776463030,66070060,robot_1,0.714,4.388
1776463030,66075406,robot_2,2.529,-0.759
1776463030,66080792,robot_4,-2.712,0.752
1776463030,266379397,robot_3,-1.407,0.454
1776463030,266395416,robot_0,1.876,-4.553
1776463030,266401891,robot_1,0.714,4.388
1776463030,266407451,robot_2,2.504,-0.715
1776463030,266412374,robot_4,-2.712,0.752
1776463030,467185143,robot_3,-1.415,0.502
1776463030,467215032,robot_0,1.876,-4.553
1776463030,467226756,robot_1,0.714,4.388
1776463030,467236238,robot_2,2.484,-0.681
1776463030,467244507,robot_4,-2.712,0.752
1776463030,667358347,robot_3,-1.424,0.553
1776463030,667381147,robot_0,1.877,-4.553
1776463030,667391944,robot_1,0.714,4.388
1776463030,667400303,robot_2,2.468,-0.653
1776463030,667407833,robot_4,-2.712,0.752
1776463030,885185034,robot_3,-1.432,0.597
1776463030,885200921,robot_0,1.877,-4.554
1776463030,885212420,robot_1,0.714,4.387
1776463030,885218597,robot_2,2.447,-0.617
1776463030,885224094,robot_4,-2.712,0.752
1776463031,86515897,robot_3,-1.437,0.626
1776463031,86541052,robot_0,1.877,-4.554
1776463031,86552831,robot_1,0.714,4.387
1776463031,86561954,robot_2,2.427,-0.582
1776463031,86570050,robot_4,-2.712,0.751
1776463031,305994967,robot_3,-1.443,0.660
1776463031,306017445,robot_0,1.878,-4.554
1776463031,306023852,robot_1,0.713,4.387
1776463031,306029772,robot_2,2.403,-0.541
1776463031,306037291,robot_4,-2.712,0.751
1776463031,507319372,robot_3,-1.450,0.699
1776463031,507357503,robot_0,1.878,-4.554
1776463031,507373833,robot_1,0.713,4.387
1776463031,507387724,robot_2,2.382,-0.506
1776463031,507400431,robot_4,-2.712,0.750
1776463031,725703954,robot_3,-1.458,0.745
1776463031,725720241,robot_0,1.879,-4.554
1776463031,725727109,robot_1,0.712,4.387
1776463031,725733289,robot_2,2.357,-0.463
1776463031,725738430,robot_4,-2.712,0.750
1776463031,926390687,robot_3,-1.467,0.785
1776463031,926411863,robot_0,1.879,-4.554
1776463031,926421354,robot_1,0.712,4.387
1776463031,926428688,robot_2,2.329,-0.414
1776463031,926435665,robot_4,-2.712,0.750
1776463032,146712228,robot_3,-1.478,0.828
1776463032,146739474,robot_0,1.879,-4.554
1776463032,146752231,robot_1,0.711,4.387
1776463032,146762699,robot_2,2.305,-0.374
1776463032,146772653,robot_4,-2.712,0.749
1776463032,366821708,robot_3,-1.497,0.900
1776463032,366841061,robot_0,1.880,-4.554
1776463032,366849509,robot_1,0.711,4.387
1776463032,366856732,robot_2,2.275,-0.323
1776463032,366863438,robot_4,-2.712,0.749
1776463032,585182995,robot_3,-1.512,0.954
1776463032,585200356,robot_0,1.880,-4.554
1776463032,585212441,robot_1,0.711,4.387
1776463032,585217863,robot_2,2.236,-0.256
1776463032,585223135,robot_4,-2.711,0.749
1776463032,787389765,robot_3,-1.522,0.993
1776463032,787410478,robot_0,1.880,-4.554
1776463032,787421262,robot_1,0.711,4.387
1776463032,787429708,robot_2,2.215,-0.221
1776463032,787440440,robot_4,-2.711,0.749
1776463033,5975287,robot_3,-1.532,1.036
1776463033,5993583,robot_0,1.879,-4.554
1776463033,6000055,robot_1,0.711,4.387
1776463033,6005911,robot_2,2.190,-0.178
1776463033,6011070,robot_4,-2.711,0.749
1776463033,207090274,robot_3,-1.540,1.075
1776463033,207110172,robot_0,1.879,-4.554
1776463033,207118967,robot_1,0.712,4.387
1776463033,207126798,robot_2,2.167,-0.139
1776463033,207134565,robot_4,-2.711,0.749
1776463033,425692656,robot_3,-1.548,1.121
1776463033,425706420,robot_0,1.878,-4.554
1776463033,425712771,robot_1,0.712,4.387
1776463033,425718718,robot_2,2.145,-0.101
1776463033,425723933,robot_4,-2.711,0.748
1776463033,626550229,robot_3,-1.556,1.166
1776463033,626573588,robot_0,1.878,-4.554
1776463033,626583529,robot_1,0.713,4.387
1776463033,626592121,robot_2,2.113,-0.047
1776463033,626600136,robot_4,-2.710,0.748
1776463033,847012952,robot_3,-1.564,1.209
1776463033,847039951,robot_0,1.877,-4.553
1776463033,847051484,robot_1,0.713,4.387
1776463033,847060729,robot_2,2.080,0.009
1776463033,847070821,robot_4,-2.710,0.748
1776463034,65586352,robot_3,-1.572,1.254
1776463034,65602573,robot_0,1.877,-4.553
1776463034,65608717,robot_1,0.713,4.388
1776463034,65614018,robot_2,2.058,0.048
1776463034,65618590,robot_4,-2.710,0.748
1776463034,286756756,robot_3,-1.580,1.298
1776463034,286777620,robot_0,1.877,-4.553
1776463034,286787022,robot_1,0.713,4.388
1776463034,286795414,robot_2,2.032,0.093
1776463034,286803028,robot_4,-2.709,0.748
1776463034,488186258,robot_3,-1.587,1.338
1776463034,488227228,robot_0,1.876,-4.552
1776463034,488241694,robot_1,0.714,4.388
1776463034,488253837,robot_2,2.010,0.129
1776463034,488262533,robot_4,-2.709,0.749
1776463034,706998100,robot_3,-1.599,1.407
1776463034,707025348,robot_0,1.876,-4.552
1776463034,707034975,robot_1,0.714,4.389
1776463034,707043151,robot_2,1.986,0.170
1776463034,707050845,robot_4,-2.708,0.749
1776463034,907267861,robot_3,-1.611,1.474
1776463034,907297232,robot_0,1.876,-4.552
1776463034,907308934,robot_1,0.714,4.389
1776463034,907318598,robot_2,1.960,0.217
1776463034,907327582,robot_4,-2.708,0.749
1776463035,125501468,robot_3,-1.619,1.517
1776463035,125519185,robot_0,1.876,-4.552
1776463035,125525531,robot_1,0.714,4.389
1776463035,125531606,robot_2,1.937,0.258
1776463035,125536454,robot_4,-2.725,0.763
1776463035,346486364,robot_3,-1.627,1.562
1776463035,346517800,robot_0,1.876,-4.552
1776463035,346532530,robot_1,0.714,4.389
1776463035,346544528,robot_2,1.911,0.307
1776463035,346556140,robot_4,-2.755,0.785
1776463035,546747410,robot_3,-1.634,1.602
1776463035,546780582,robot_0,1.877,-4.553
1776463035,546797177,robot_1,0.713,4.388
1776463035,546811931,robot_2,1.877,0.366
1776463035,546828166,robot_4,-2.787,0.810
1776463035,765713471,robot_3,-1.642,1.644
1776463035,765728901,robot_0,1.877,-4.553
1776463035,765735503,robot_1,0.713,4.388
1776463035,765740882,robot_2,1.852,0.407
1776463035,765745924,robot_4,-2.794,0.815
1776463035,966521428,robot_3,-1.648,1.680
1776463035,966546489,robot_0,1.877,-4.553
1776463035,966558406,robot_1,0.713,4.387
1776463035,966568485,robot_2,1.824,0.453
1776463035,966578369,robot_4,-2.795,0.815
1776463036,185863532,robot_3,-1.655,1.722
1776463036,185880420,robot_0,1.878,-4.553
1776463036,185886686,robot_1,0.712,4.387
1776463036,185892538,robot_2,1.785,0.515
1776463036,185897572,robot_4,-2.795,0.815
1776463036,385897300,robot_3,-1.662,1.763
1776463036,385917296,robot_0,1.878,-4.553
1776463036,385925791,robot_1,0.712,4.387
1776463036,385932722,robot_2,1.764,0.549
1776463036,385939552,robot_4,-2.796,0.815
1776463036,605254306,robot_3,-1.671,1.810
1776463036,605272774,robot_0,1.879,-4.553
1776463036,605280240,robot_1,0.711,4.387
1776463036,605287048,robot_2,1.740,0.587
1776463036,605292512,robot_4,-2.796,0.815
1776463036,807002853,robot_3,-1.679,1.850
1776463036,807022264,robot_0,1.879,-4.553
1776463036,807030909,robot_1,0.711,4.387
1776463036,807037589,robot_2,1.720,0.623
1776463036,807044271,robot_4,-2.797,0.815
1776463037,27309967,robot_3,-1.687,1.886
1776463037,27330076,robot_0,1.880,-4.553
1776463037,27338094,robot_1,0.710,4.387
1776463037,27344470,robot_2,1.700,0.662
1776463037,27351133,robot_4,-2.797,0.815
1776463037,245521774,robot_3,-1.692,1.912
1776463037,245538035,robot_0,1.880,-4.553
1776463037,245545022,robot_1,0.710,4.387
1776463037,245550126,robot_2,1.668,0.724
1776463037,245555075,robot_4,-2.798,0.815
1776463037,465706870,robot_3,-1.701,1.955
1776463037,465722536,robot_0,1.880,-4.553
1776463037,465729283,robot_1,0.710,4.387
1776463037,465735504,robot_2,1.637,0.782
1776463037,465740639,robot_4,-2.798,0.815
1776463037,667023017,robot_3,-1.710,1.996
1776463037,667055895,robot_0,1.879,-4.553
1776463037,667067505,robot_1,0.710,4.387
1776463037,667078889,robot_2,1.617,0.817
1776463037,667089384,robot_4,-2.798,0.815
1776463037,867567897,robot_3,-1.721,2.038
1776463037,867589042,robot_0,1.879,-4.553
1776463037,867598642,robot_1,0.710,4.387
1776463037,867607654,robot_2,1.594,0.856
1776463037,867616253,robot_4,-2.798,0.815
1776463038,86927501,robot_3,-1.733,2.080
1776463038,86950147,robot_0,1.878,-4.553
1776463038,86959348,robot_1,0.709,4.388
1776463038,86967271,robot_2,1.571,0.896
1776463038,86974162,robot_4,-2.798,0.815
1776463038,305298174,robot_3,-1.738,2.094
1776463038,305314618,robot_0,1.878,-4.553
1776463038,305321967,robot_1,0.709,4.388
1776463038,305329317,robot_2,1.551,0.931
1776463038,305334335,robot_4,-2.798,0.815
1776463038,507372730,robot_3,-1.738,2.094
1776463038,507411392,robot_0,1.878,-4.553
1776463038,507425003,robot_1,0.709,4.388
1776463038,507436330,robot_2,1.538,0.953
1776463038,507446503,robot_4,-2.799,0.816
1776463038,725219873,robot_3,-1.738,2.094
1776463038,725237450,robot_0,1.877,-4.552
1776463038,725244170,robot_1,0.709,4.389
1776463038,725250653,robot_2,1.517,0.988
1776463038,725256626,robot_4,-2.799,0.816
1776463038,926742074,robot_3,-1.739,2.094
1776463038,926761199,robot_0,1.877,-4.552
1776463038,926770742,robot_1,0.709,4.389
1776463038,926778718,robot_2,1.493,1.030
1776463038,926785782,robot_4,-2.799,0.817
1776463039,146027304,robot_3,-1.739,2.095
1776463039,146051338,robot_0,1.876,-4.552
1776463039,146062285,robot_1,0.709,4.390
1776463039,146071780,robot_2,1.451,1.101
1776463039,146080409,robot_4,-2.799,0.817
1776463039,346681066,robot_3,-1.740,2.095
1776463039,346703783,robot_0,1.876,-4.551
1776463039,346712060,robot_1,0.709,4.390
1776463039,346718544,robot_2,1.428,1.141
1776463039,346724231,robot_4,-2.799,0.818
1776463039,547300646,robot_3,-1.740,2.095
1776463039,547317944,robot_0,1.876,-4.551
1776463039,547324460,robot_1,0.709,4.391
1776463039,547330386,robot_2,1.409,1.173
1776463039,547335309,robot_4,-2.799,0.818
1776463039,766703697,robot_3,-1.741,2.096
1776463039,766721643,robot_0,1.876,-4.551
1776463039,766729143,robot_1,0.709,4.391
1776463039,766735655,robot_2,1.389,1.208
1776463039,766741289,robot_4,-2.799,0.819
1776463039,986517560,robot_3,-1.741,2.096
1776463039,986536264,robot_0,1.876,-4.551
1776463039,986543020,robot_1,0.709,4.391
1776463039,986549184,robot_2,1.366,1.245
1776463039,986554410,robot_4,-2.798,0.819
1776463040,206741465,robot_3,-1.741,2.097
1776463040,206765415,robot_0,1.876,-4.551
1776463040,206775929,robot_1,0.709,4.391
1776463040,206785166,robot_2,1.339,1.293
1776463040,206793654,robot_4,-2.798,0.819
1776463040,417525371,robot_3,-1.741,2.097
1776463040,417560974,robot_0,1.876,-4.550
1776463040,417582027,robot_1,0.709,4.391
1776463040,417599921,robot_2,1.313,1.338
1776463040,417616618,robot_4,-2.798,0.819
1776463040,635247512,robot_3,-1.726,2.100
1776463040,635265368,robot_0,1.876,-4.550
1776463040,635271818,robot_1,0.710,4.392
1776463040,635277272,robot_2,1.291,1.377
1776463040,635281875,robot_4,-2.798,0.819
1776463040,835666692,robot_3,-1.686,2.110
1776463040,835682151,robot_0,1.877,-4.549
1776463040,835688252,robot_1,0.710,4.392
1776463040,835693504,robot_2,1.265,1.425
1776463040,835698634,robot_4,-2.798,0.819
1776463041,36419150,robot_3,-1.648,2.120
1776463041,36441548,robot_0,1.877,-4.549
1776463041,36450419,robot_1,0.710,4.392
1776463041,36457951,robot_2,1.242,1.471
1776463041,36465610,robot_4,-2.797,0.820
1776463041,256360661,robot_3,-1.613,2.129
1776463041,256378595,robot_0,1.877,-4.548
1776463041,256386492,robot_1,0.711,4.392
1776463041,256393073,robot_2,1.224,1.511
1776463041,256398756,robot_4,-2.797,0.820
1776463041,456536318,robot_3,-1.587,2.135
1776463041,456555077,robot_0,1.878,-4.548
1776463041,456561326,robot_1,0.711,4.392
1776463041,456566855,robot_2,1.205,1.553
1776463041,456572168,robot_4,-2.796,0.820
1776463041,675572232,robot_3,-1.544,2.146
1776463041,675589433,robot_0,1.878,-4.548
1776463041,675595740,robot_1,0.712,4.392
1776463041,675600982,robot_2,1.183,1.595
1776463041,675606261,robot_4,-2.796,0.820
1776463041,876289524,robot_3,-1.517,2.153
1776463041,876314150,robot_0,1.878,-4.548
1776463041,876321200,robot_1,0.712,4.392
1776463041,876327084,robot_2,1.163,1.631
1776463041,876332400,robot_4,-2.795,0.820
1776463042,96963946,robot_3,-1.488,2.162
1776463042,96986660,robot_0,1.878,-4.548
1776463042,96996239,robot_1,0.707,4.377
1776463042,97004455,robot_2,1.125,1.703
1776463042,97012540,robot_4,-2.795,0.819
1776463042,297236427,robot_3,-1.450,2.174
1776463042,297258847,robot_0,1.878,-4.548
1776463042,297268599,robot_1,0.696,4.350
1776463042,297277000,robot_2,1.098,1.751
1776463042,297284448,robot_4,-2.795,0.819
1776463042,516438154,robot_3,-1.414,2.186
1776463042,516458779,robot_0,1.879,-4.548
1776463042,516465385,robot_1,0.677,4.310
1776463042,516472359,robot_2,1.078,1.788
1776463042,516477348,robot_4,-2.798,0.815
1776463042,716846537,robot_3,-1.380,2.199
1776463042,716865826,robot_0,1.879,-4.548
1776463042,716874012,robot_1,0.655,4.264
1776463042,716880284,robot_2,1.063,1.817
1776463042,716886362,robot_4,-2.835,0.780
1776463042,917697820,robot_3,-1.343,2.214
1776463042,917728688,robot_0,1.880,-4.548
1776463042,917743750,robot_1,0.634,4.217
1776463042,917755453,robot_2,1.044,1.851
1776463042,917766692,robot_4,-2.866,0.750
1776463043,135326675,robot_3,-1.314,2.226
1776463043,135343583,robot_0,1.880,-4.548
1776463043,135349988,robot_1,0.616,4.177
1776463043,135355181,robot_2,1.026,1.884
1776463043,135360692,robot_4,-2.891,0.725
1776463043,335346938,robot_3,-1.282,2.240
1776463043,335362995,robot_0,1.880,-4.548
1776463043,335369984,robot_1,0.606,4.154
1776463043,335375407,robot_2,1.015,1.905
1776463043,335380182,robot_4,-2.891,0.725
1776463043,535817800,robot_3,-1.245,2.255
1776463043,535838359,robot_0,1.881,-4.549
1776463043,535845863,robot_1,0.594,4.128
1776463043,535852075,robot_2,0.996,1.939
1776463043,535858440,robot_4,-2.891,0.725
1776463043,755158570,robot_3,-1.209,2.270
1776463043,755173316,robot_0,1.881,-4.549
1776463043,755179744,robot_1,0.577,4.088
1776463043,755185012,robot_2,0.975,1.979
1776463043,755190065,robot_4,-2.892,0.725
1776463043,955428329,robot_3,-1.173,2.285
1776463043,955444302,robot_0,1.881,-4.550
1776463043,955450837,robot_1,0.568,4.068
1776463043,955456183,robot_2,0.956,2.016
1776463043,955461653,robot_4,-2.892,0.726
1776463044,156662353,robot_3,-1.138,2.299
1776463044,156679362,robot_0,1.881,-4.550
1776463044,156686206,robot_1,0.557,4.041
1776463044,156691805,robot_2,0.939,2.053
1776463044,156696811,robot_4,-2.892,0.726
1776463044,377227565,robot_3,-1.114,2.309
1776463044,377291101,robot_0,1.882,-4.550
1776463044,377314957,robot_1,0.540,4.001
1776463044,377330102,robot_2,0.920,2.098
1776463044,377337452,robot_4,-2.893,0.726
1776463044,577408809,robot_3,-1.082,2.323
1776463044,577430838,robot_0,1.882,-4.550
1776463044,577440371,robot_1,0.530,3.977
1776463044,577449332,robot_2,0.902,2.140
1776463044,577457668,robot_4,-2.893,0.725
1776463044,795473424,robot_3,-1.045,2.338
1776463044,795489458,robot_0,1.882,-4.550
1776463044,795496044,robot_1,0.515,3.943
1776463044,795501851,robot_2,0.885,2.181
1776463044,795507290,robot_4,-2.894,0.725
1776463044,995867167,robot_3,-1.024,2.347
1776463044,995888414,robot_0,1.882,-4.551
1776463044,995894950,robot_1,0.499,3.905
1776463044,995900883,robot_2,0.864,2.229
1776463044,995906648,robot_4,-2.894,0.725
1776463045,215800018,robot_3,-0.986,2.362
1776463045,215826279,robot_0,1.881,-4.551
1776463045,215832097,robot_1,0.479,3.859
1776463045,215837401,robot_2,0.839,2.283
1776463045,215842507,robot_4,-2.894,0.725
1776463045,416298861,robot_3,-0.947,2.379
1776463045,416314824,robot_0,1.881,-4.552
1776463045,416321163,robot_1,0.462,3.821
1776463045,416326759,robot_2,0.821,2.319
1776463045,416331657,robot_4,-2.894,0.725
1776463045,618961637,robot_3,-0.904,2.396
1776463045,618988590,robot_0,1.881,-4.552
1776463045,619001209,robot_1,0.445,3.780
1776463045,619013619,robot_2,0.793,2.376
1776463045,619023812,robot_4,-2.894,0.725
1776463045,835082728,robot_3,-0.862,2.412
1776463045,835098889,robot_0,1.881,-4.552
1776463045,835105364,robot_1,0.419,3.719
1776463045,835110467,robot_2,0.763,2.440
1776463045,835115703,robot_4,-2.894,0.725
1776463046,36024216,robot_3,-0.829,2.425
1776463046,36044864,robot_0,1.880,-4.553
1776463046,36052198,robot_1,0.402,3.679
1776463046,36057653,robot_2,0.746,2.476
1776463046,36062776,robot_4,-2.895,0.724
1776463046,236645164,robot_3,-0.800,2.437
1776463046,236664726,robot_0,1.880,-4.553
1776463046,236673073,robot_1,0.388,3.647
1776463046,236679978,robot_2,0.736,2.497
1776463046,236686887,robot_4,-2.895,0.724
1776463046,455270326,robot_3,-0.758,2.452
1776463046,455287467,robot_0,1.879,-4.553
1776463046,455294125,robot_1,0.377,3.621
1776463046,455299753,robot_2,0.722,2.526
1776463046,455305001,robot_4,-2.895,0.723
1776463046,656038856,robot_3,-0.727,2.464
1776463046,656061953,robot_0,1.879,-4.552
1776463046,656072819,robot_1,0.362,3.585
1776463046,656081103,robot_2,0.705,2.562
1776463046,656089468,robot_4,-2.895,0.723
1776463046,856597064,robot_3,-0.698,2.474
1776463046,856616016,robot_0,1.869,-4.494
1776463046,856625024,robot_1,0.342,3.539
1776463046,856632370,robot_2,0.695,2.583
1776463046,856639012,robot_4,-2.895,0.722
1776463047,76998004,robot_3,-0.656,2.490
1776463047,77015734,robot_0,1.858,-4.434
1776463047,77022322,robot_1,0.312,3.475
1776463047,77027628,robot_2,0.679,2.614
1776463047,77032484,robot_4,-2.894,0.722
1776463047,295327102,robot_3,-0.623,2.502
1776463047,295342958,robot_0,1.851,-4.395
1776463047,295349020,robot_1,0.291,3.435
1776463047,295354396,robot_2,0.660,2.655
1776463047,295359762,robot_4,-2.894,0.722
1776463047,495932071,robot_3,-0.591,2.514
1776463047,495950915,robot_0,1.847,-4.374
1776463047,495957579,robot_1,0.264,3.383
1776463047,495962947,robot_2,0.640,2.696
1776463047,495968061,robot_4,-2.894,0.721
1776463047,696362806,robot_3,-0.553,2.528
1776463047,696393992,robot_0,1.838,-4.339
1776463047,696410583,robot_1,0.230,3.320
1776463047,696424378,robot_2,0.621,2.734
1776463047,696436957,robot_4,-2.894,0.721
1776463047,896819585,robot_3,-0.515,2.542
1776463047,896841631,robot_0,1.828,-4.300
1776463047,896852777,robot_1,0.211,3.284
1776463047,896862762,robot_2,0.605,2.767
1776463047,896873678,robot_4,-2.894,0.721
1776463048,96910472,robot_3,-0.476,2.554
1776463048,96933849,robot_0,1.817,-4.259
1776463048,96944486,robot_1,0.186,3.238
1776463048,96952968,robot_2,0.596,2.786
1776463048,96961560,robot_4,-2.894,0.721
1776463048,318053712,robot_3,-0.434,2.566
1776463048,318075804,robot_0,1.813,-4.245
1776463048,318085757,robot_1,0.146,3.188
1776463048,318093507,robot_2,0.585,2.822
1776463048,318101269,robot_4,-2.893,0.721
1776463048,536861116,robot_3,-0.400,2.576
1776463048,536888933,robot_0,1.814,-4.245
1776463048,536900813,robot_1,0.105,3.160
1776463048,536911579,robot_2,0.581,2.863
1776463048,536920214,robot_4,-2.893,0.721
1776463048,756352792,robot_3,-0.363,2.588
1776463048,756374721,robot_0,1.814,-4.245
1776463048,756385022,robot_1,0.065,3.127
1776463048,756395052,robot_2,0.578,2.898
1776463048,756402745,robot_4,-2.892,0.721
1776463048,957250534,robot_3,-0.326,2.600
1776463048,957266200,robot_0,1.814,-4.245
1776463048,957273076,robot_1,0.023,3.102
1776463048,957278889,robot_2,0.574,2.940
1776463048,957284189,robot_4,-2.892,0.721
1776463049,176476699,robot_3,-0.296,2.584
1776463049,176497083,robot_0,1.815,-4.244
1776463049,176507232,robot_1,-0.012,3.095
1776463049,176524672,robot_2,0.569,2.985
1776463049,176532434,robot_4,-2.892,0.721
1776463049,377556617,robot_3,-0.245,2.550
1776463049,377580106,robot_0,1.815,-4.244
1776463049,377588407,robot_1,-0.031,3.098
1776463049,377596077,robot_2,0.560,3.021
1776463049,377603069,robot_4,-2.891,0.721
1776463049,595570047,robot_3,-0.176,2.511
1776463049,595586779,robot_0,1.815,-4.243
1776463049,595593284,robot_1,-0.041,3.081
1776463049,595598784,robot_2,0.545,3.063
1776463049,595603384,robot_4,-2.891,0.721
1776463049,796352767,robot_3,-0.089,2.493
1776463049,796372613,robot_0,1.815,-4.243
1776463049,796380875,robot_1,-0.040,3.065
1776463049,796387503,robot_2,0.525,3.120
1776463049,796393750,robot_4,-2.891,0.722
1776463049,996632301,robot_3,-0.032,2.486
1776463049,996653942,robot_0,1.815,-4.243
1776463049,996662110,robot_1,-0.023,3.045
1776463049,996668741,robot_2,0.501,3.188
1776463049,996675078,robot_4,-2.890,0.722
1776463050,216819550,robot_3,0.036,2.461
1776463050,216847114,robot_0,1.815,-4.242
1776463050,216860439,robot_1,-0.023,3.011
1776463050,216871640,robot_2,0.486,3.230
1776463050,216882682,robot_4,-2.909,0.736
1776463050,417842565,robot_3,0.117,2.450
1776463050,417877193,robot_0,1.815,-4.242
1776463050,417897855,robot_1,-0.030,2.969
1776463050,417915557,robot_2,0.476,3.258
1776463050,417930508,robot_4,-2.940,0.760
1776463050,617881896,robot_3,0.176,2.425
1776463050,617901424,robot_0,1.815,-4.242
1776463050,617909183,robot_1,-0.042,2.907
1776463050,617916231,robot_2,0.465,3.288
1776463050,617922752,robot_4,-2.971,0.784
1776463050,837847555,robot_3,0.224,2.405
1776463050,837881452,robot_0,1.815,-4.242
1776463050,837902449,robot_1,-0.051,2.872
1776463050,837920717,robot_2,0.450,3.329
1776463050,837937640,robot_4,-2.983,0.793
1776463051,57189613,robot_3,0.257,2.405
1776463051,57220098,robot_0,1.815,-4.243
1776463051,57229711,robot_1,-0.055,2.874
1776463051,57236976,robot_2,0.432,3.382
1776463051,57244793,robot_4,-2.984,0.793
1776463051,275662247,robot_3,0.298,2.422
1776463051,275677769,robot_0,1.815,-4.243
1776463051,275684215,robot_1,-0.055,2.877
1776463051,275689363,robot_2,0.418,3.429
1776463051,275694354,robot_4,-2.984,0.793
1776463051,477075220,robot_3,0.331,2.437
1776463051,477095438,robot_0,1.815,-4.244
1776463051,477102257,robot_1,-0.054,2.878
1776463051,477108540,robot_2,0.408,3.469
1776463051,477113577,robot_4,-2.985,0.792
1776463051,677169379,robot_3,0.364,2.453
1776463051,677192046,robot_0,1.814,-4.244
1776463051,677202678,robot_1,-0.052,2.880
1776463051,677214739,robot_2,0.397,3.513
1776463051,677222481,robot_4,-2.985,0.792
1776463051,895386103,robot_3,0.403,2.471
1776463051,895403578,robot_0,1.814,-4.244
1776463051,895410088,robot_1,-0.050,2.881
1776463051,895415613,robot_2,0.385,3.558
1776463051,895420438,robot_4,-2.986,0.792
1776463052,97150310,robot_3,0.461,2.499
1776463052,97181685,robot_0,1.814,-4.245
1776463052,97197481,robot_1,-0.048,2.882
1776463052,97214496,robot_2,0.375,3.599
1776463052,97227904,robot_4,-2.986,0.792
1776463052,317074031,robot_3,0.525,2.530
1776463052,317093709,robot_0,1.813,-4.245
1776463052,317102840,robot_1,-0.046,2.882
1776463052,317111168,robot_2,0.362,3.653
1776463052,317118600,robot_4,-2.986,0.793
1776463052,536228306,robot_3,0.565,2.550
1776463052,536287275,robot_0,1.813,-4.245
1776463052,536305519,robot_1,-0.044,2.882
1776463052,536312570,robot_2,0.352,3.698
1776463052,536318648,robot_4,-2.987,0.793
1776463052,756505593,robot_3,0.619,2.576
1776463052,756523679,robot_0,1.813,-4.245
1776463052,756531342,robot_1,-0.044,2.881
1776463052,756538262,robot_2,0.342,3.754
1776463052,756544485,robot_4,-2.987,0.793
1776463052,977292482,robot_3,0.665,2.599
1776463052,977316831,robot_0,1.813,-4.245
1776463052,977325862,robot_1,-0.044,2.881
1776463052,977333427,robot_2,0.328,3.829
1776463052,977340050,robot_4,-2.987,0.793
1776463053,196842568,robot_3,0.706,2.619
1776463053,196860712,robot_0,1.812,-4.245
1776463053,196867586,robot_1,-0.044,2.881
1776463053,196873560,robot_2,0.320,3.874
1776463053,196879275,robot_4,-2.970,0.813
1776463053,416833195,robot_3,0.754,2.643
1776463053,416858687,robot_0,1.812,-4.245
1776463053,416872119,robot_1,-0.043,2.881
1776463053,416883272,robot_2,0.314,3.908
1776463053,416894288,robot_4,-2.923,0.870
1776463053,636127980,robot_3,0.794,2.663
1776463053,636154269,robot_0,1.812,-4.245
1776463053,636165916,robot_1,-0.042,2.880
1776463053,636175851,robot_2,0.310,3.944
1776463053,636185669,robot_4,-2.894,0.903
1776463053,837084279,robot_3,0.825,2.678
1776463053,837104014,robot_0,1.811,-4.245
1776463053,837112997,robot_1,-0.042,2.880
1776463053,837121058,robot_2,0.307,3.984
1776463053,837127770,robot_4,-2.857,0.947
1776463054,56664238,robot_3,0.853,2.693
1776463054,56692454,robot_0,1.811,-4.245
1776463054,56704196,robot_1,-0.043,2.879
1776463054,56715235,robot_2,0.305,4.015
1776463054,56725394,robot_4,-2.819,0.992
1776463054,277190203,robot_3,0.891,2.715
1776463054,277217871,robot_0,1.810,-4.244
1776463054,277230051,robot_1,-0.043,2.879
1776463054,277240617,robot_2,0.302,4.052
1776463054,277249327,robot_4,-2.790,1.026
1776463054,477492643,robot_3,0.941,2.743
1776463054,477519649,robot_0,1.810,-4.244
1776463054,477528343,robot_1,-0.044,2.879
1776463054,477536238,robot_2,0.299,4.092
1776463054,477543638,robot_4,-2.746,1.078
1776463054,695359527,robot_3,0.999,2.777
1776463054,695375287,robot_0,1.810,-4.244
1776463054,695382205,robot_1,-0.044,2.879
1776463054,695387246,robot_2,0.296,4.135
1776463054,695392198,robot_4,-2.708,1.123
1776463054,896741019,robot_3,1.034,2.797
1776463054,896769086,robot_0,1.810,-4.243
1776463054,896776246,robot_1,-0.044,2.879
1776463054,896782540,robot_2,0.296,4.175
1776463054,896788587,robot_4,-2.680,1.156
1776463055,117501815,robot_3,1.058,2.811
1776463055,117527091,robot_0,1.809,-4.243
1776463055,117538834,robot_1,-0.045,2.879
1776463055,117548526,robot_2,0.297,4.225
1776463055,117558526,robot_4,-2.634,1.211
1776463055,337430823,robot_3,1.086,2.828
1776463055,337464517,robot_0,1.809,-4.243
1776463055,337476499,robot_1,-0.045,2.879
1776463055,337486401,robot_2,0.298,4.293
1776463055,337495268,robot_4,-2.600,1.250
1776463055,555465639,robot_3,1.125,2.851
1776463055,555481733,robot_0,1.809,-4.243
1776463055,555488857,robot_1,-0.045,2.879
1776463055,555494488,robot_2,0.299,4.340
1776463055,555499528,robot_4,-2.577,1.278
1776463055,756330320,robot_3,1.189,2.887
1776463055,756344284,robot_0,1.810,-4.243
1776463055,756350309,robot_1,-0.045,2.879
1776463055,756355464,robot_2,0.299,4.365
1776463055,756361014,robot_4,-2.564,1.293
1776463055,958024608,robot_3,1.240,2.917
1776463055,958049165,robot_0,1.810,-4.244
1776463055,958061027,robot_1,-0.046,2.879
1776463055,958070493,robot_2,0.299,4.365
1776463055,958079266,robot_4,-2.539,1.322
1776463056,176740078,robot_3,1.281,2.941
1776463056,176761391,robot_0,1.810,-4.244
1776463056,176770167,robot_1,-0.046,2.879
1776463056,176777349,robot_2,0.299,4.365
1776463056,176785101,robot_4,-2.515,1.350
1776463056,396990062,robot_3,1.350,2.982
1776463056,397008496,robot_0,1.810,-4.244
1776463056,397016272,robot_1,-0.046,2.880
1776463056,397023078,robot_2,0.298,4.366
1776463056,397029575,robot_4,-2.496,1.373
1776463056,597079185,robot_3,1.394,3.008
1776463056,597103497,robot_0,1.811,-4.244
1776463056,597113297,robot_1,-0.047,2.880
1776463056,597121975,robot_2,0.298,4.366
1776463056,597129743,robot_4,-2.471,1.404
1776463056,797140387,robot_3,1.424,3.026
1776463056,797157648,robot_0,1.811,-4.245
1776463056,797165580,robot_1,-0.047,2.880
1776463056,797172852,robot_2,0.297,4.366
1776463056,797179447,robot_4,-2.451,1.428
1776463057,16368580,robot_3,1.445,3.040
1776463057,16390153,robot_0,1.812,-4.245
1776463057,16397570,robot_1,-0.047,2.881
1776463057,16403479,robot_2,0.297,4.367
1776463057,16409349,robot_4,-2.431,1.454
1776463057,217065740,robot_3,1.478,3.059
1776463057,217104408,robot_0,1.812,-4.245
1776463057,217125541,robot_1,-0.047,2.881
1776463057,217144769,robot_2,0.297,4.367
1776463057,217162589,robot_4,-2.406,1.485
1776463057,417642225,robot_3,1.506,3.077
1776463057,417660384,robot_0,1.813,-4.244
1776463057,417669010,robot_1,-0.047,2.882
1776463057,417676432,robot_2,0.297,4.367
1776463057,417683391,robot_4,-2.373,1.526
1776463057,636181266,robot_3,1.526,3.089
1776463057,636201128,robot_0,1.813,-4.244
1776463057,636213339,robot_1,-0.038,2.881
1776463057,636221122,robot_2,0.297,4.368
1776463057,636227845,robot_4,-2.335,1.570
1776463057,855902913,robot_3,1.561,3.115
1776463057,855920489,robot_0,1.813,-4.244
1776463057,855927980,robot_1,0.038,2.869
1776463057,855934689,robot_2,0.297,4.368
1776463057,855941552,robot_4,-2.305,1.601
1776463058,75815384,robot_3,1.607,3.148
1776463058,75834581,robot_0,1.812,-4.244
1776463058,75842309,robot_1,0.088,2.861
1776463058,75848322,robot_2,0.297,4.368
1776463058,75854172,robot_4,-2.256,1.653
1776463058,276647985,robot_3,1.651,3.180
1776463058,276674161,robot_0,1.812,-4.244
1776463058,276686533,robot_1,0.132,2.855
1776463058,276696806,robot_2,0.297,4.368
1776463058,276706497,robot_4,-2.219,1.694
1776463058,477188627,robot_3,1.684,3.204
1776463058,477232275,robot_0,1.811,-4.244
1776463058,477247973,robot_1,0.179,2.847
1776463058,477261132,robot_2,0.297,4.368
1776463058,477273258,robot_4,-2.193,1.725
1776463058,696388262,robot_3,1.739,3.245
1776463058,696406371,robot_0,1.811,-4.244
1776463058,696413575,robot_1,0.222,2.841
1776463058,696419315,robot_2,0.297,4.369
1776463058,696424548,robot_4,-2.141,1.785
1776463058,896664411,robot_3,1.795,3.285
1776463058,896690631,robot_0,1.811,-4.244
1776463058,896702120,robot_1,0.279,2.832
1776463058,896711838,robot_2,0.297,4.369
1776463058,896721239,robot_4,-2.106,1.827
1776463059,117816810,robot_3,1.830,3.311
1776463059,117845693,robot_0,1.810,-4.244
1776463059,117860172,robot_1,0.351,2.821
1776463059,117872601,robot_2,0.298,4.370
1776463059,117883702,robot_4,-2.078,1.859
1776463059,335283706,robot_3,1.882,3.350
1776463059,335301766,robot_0,1.810,-4.243
1776463059,335310144,robot_1,0.394,2.814
1776463059,335317447,robot_2,0.298,4.370
1776463059,335323795,robot_4,-2.055,1.885
1776463059,535576195,robot_3,1.923,3.383
1776463059,535596594,robot_0,1.810,-4.243
1776463059,535603833,robot_1,0.440,2.807
1776463059,535610214,robot_2,0.299,4.370
1776463059,535615662,robot_4,-2.028,1.913
1776463059,757213509,robot_3,1.957,3.413
1776463059,757231923,robot_0,1.810,-4.242
1776463059,757240335,robot_1,0.488,2.800
1776463059,757247660,robot_2,0.299,4.370
1776463059,757254550,robot_4,-1.989,1.952
1776463059,977438478,robot_3,2.013,3.461
1776463059,977497024,robot_0,1.810,-4.242
1776463059,977512866,robot_1,0.532,2.793
1776463059,977526000,robot_2,0.300,4.370
1776463059,977538633,robot_4,-1.934,2.007
1776463060,196804349,robot_3,2.054,3.495
1776463060,196826459,robot_0,1.810,-4.242
1776463060,196836990,robot_1,0.606,2.782
1776463060,196845251,robot_2,0.300,4.370
1776463060,196853540,robot_4,-1.902,2.039
1776463060,397431016,robot_3,2.090,3.524
1776463060,397463214,robot_0,1.810,-4.242
1776463060,397478088,robot_1,0.657,2.774
1776463060,397490514,robot_2,0.300,4.370
1776463060,397501747,robot_4,-1.880,2.062
1776463060,615964798,robot_3,2.149,3.573
1776463060,615981073,robot_0,1.810,-4.242
1776463060,615988098,robot_1,0.705,2.767
1776463060,615994026,robot_2,0.300,4.370
1776463060,615999228,robot_4,-1.863,2.079
1776463060,816745337,robot_3,2.184,3.603
1776463060,816766111,robot_0,1.810,-4.241
1776463060,816775465,robot_1,0.759,2.759
1776463060,816782671,robot_2,0.300,4.370
1776463060,816789848,robot_4,-1.863,2.079
1776463061,35702339,robot_3,2.227,3.641
1776463061,35723101,robot_0,1.810,-4.241
1776463061,35730995,robot_1,0.807,2.751
1776463061,35736901,robot_2,0.301,4.370
1776463061,35742469,robot_4,-1.863,2.079
1776463061,236430620,robot_3,2.283,3.691
1776463061,236452361,robot_0,1.810,-4.240
1776463061,236462513,robot_1,0.849,2.745
1776463061,236471621,robot_2,0.301,4.370
1776463061,236479723,robot_4,-1.863,2.080
1776463061,436881745,robot_3,2.317,3.721
1776463061,436904700,robot_0,1.810,-4.240
1776463061,436916324,robot_1,0.897,2.738
1776463061,436931471,robot_2,0.301,4.369
1776463061,436939696,robot_4,-1.863,2.080
1776463061,656152659,robot_3,2.358,3.757
1776463061,656171081,robot_0,1.811,-4.240
1776463061,656178101,robot_1,0.942,2.734
1776463061,656184201,robot_2,0.302,4.369
1776463061,656189893,robot_4,-1.863,2.081
1776463061,856576677,robot_3,2.402,3.794
1776463061,856595435,robot_0,1.811,-4.239
1776463061,856603201,robot_1,0.984,2.730
1776463061,856610083,robot_2,0.302,4.369
1776463061,856616781,robot_4,-1.863,2.081
1776463062,76581975,robot_3,2.437,3.821
1776463062,76601465,robot_0,1.812,-4.239
1776463062,76609865,robot_1,1.032,2.727
1776463062,76616361,robot_2,0.302,4.368
1776463062,76622036,robot_4,-1.863,2.082
1776463062,276680366,robot_3,2.476,3.850
1776463062,276708665,robot_0,1.812,-4.239
1776463062,276722219,robot_1,1.072,2.726
1776463062,276732315,robot_2,0.302,4.368
1776463062,276742586,robot_4,-1.863,2.082
1776463062,497005928,robot_3,2.518,3.883
1776463062,497046455,robot_0,1.812,-4.239
1776463062,497066721,robot_1,1.128,2.725
1776463062,497083714,robot_2,0.302,4.367
1776463062,497100827,robot_4,-1.863,2.082
1776463062,716934249,robot_3,2.553,3.909
1776463062,716963612,robot_0,1.812,-4.239
1776463062,716975567,robot_1,1.190,2.722
1776463062,716985072,robot_2,0.302,4.367
1776463062,716995680,robot_4,-1.862,2.083
1776463062,917751959,robot_3,2.594,3.940
1776463062,917772438,robot_0,1.812,-4.239
1776463062,917780509,robot_1,1.230,2.719
1776463062,917786672,robot_2,0.302,4.367
1776463062,917792901,robot_4,-1.862,2.083
1776463063,118022683,robot_3,2.631,3.968
1776463063,118050830,robot_0,1.813,-4.239
1776463063,118064250,robot_1,1.292,2.715
1776463063,118074910,robot_2,0.302,4.367
1776463063,118085768,robot_4,-1.862,2.083
1776463063,336408140,robot_3,2.666,3.995
1776463063,336423075,robot_0,1.813,-4.239
1776463063,336429509,robot_1,1.363,2.712
1776463063,336434875,robot_2,0.302,4.367
1776463063,336439941,robot_4,-1.862,2.083
1776463063,536906502,robot_3,2.706,4.025
1776463063,536934650,robot_0,1.814,-4.240
1776463063,536940798,robot_1,1.403,2.710
1776463063,536946591,robot_2,0.301,4.366
1776463063,536952439,robot_4,-1.862,2.083
1776463063,755354168,robot_3,2.745,4.055
1776463063,755367680,robot_0,1.814,-4.240
1776463063,755374164,robot_1,1.476,2.706
1776463063,755379737,robot_2,0.301,4.366
1776463063,755384748,robot_4,-1.861,2.083
1776463063,956403144,robot_3,2.778,4.080
1776463063,956420029,robot_0,1.814,-4.240
1776463063,956428679,robot_1,1.538,2.704
1776463063,956435288,robot_2,0.301,4.366
1776463063,956442205,robot_4,-1.861,2.083
1776463064,156550704,robot_3,2.819,4.111
1776463064,156567410,robot_0,1.815,-4.241
1776463064,156574139,robot_1,1.578,2.702
1776463064,156579073,robot_2,0.300,4.365
1776463064,156584433,robot_4,-1.861,2.083
1776463064,376458303,robot_3,2.859,4.138
1776463064,376480267,robot_0,1.815,-4.241
1776463064,376489861,robot_1,1.606,2.700
1776463064,376497702,robot_2,0.300,4.365
1776463064,376505630,robot_4,-1.860,2.083
1776463064,595380644,robot_3,2.892,4.160
1776463064,595397047,robot_0,1.815,-4.242
1776463064,595403406,robot_1,1.643,2.699
1776463064,595408729,robot_2,0.299,4.365
1776463064,595413641,robot_4,-1.860,2.083
1776463064,815981793,robot_3,2.912,4.173
1776463064,815998168,robot_0,1.815,-4.242
1776463064,816004623,robot_1,1.684,2.697
1776463064,816010192,robot_2,0.299,4.365
1776463064,816015331,robot_4,-1.859,2.083
1776463065,16004238,robot_3,2.945,4.192
1776463065,16023971,robot_0,1.815,-4.242
1776463065,16030991,robot_1,1.713,2.696
1776463065,16035776,robot_2,0.299,4.365
1776463065,16041050,robot_4,-1.859,2.082
1776463065,216287317,robot_3,2.974,4.210
1776463065,216301968,robot_0,1.815,-4.242
1776463065,216308342,robot_1,1.751,2.694
1776463065,216313688,robot_2,0.299,4.365
1776463065,216319088,robot_4,-1.859,2.082
1776463065,417268559,robot_3,2.995,4.222
1776463065,417298401,robot_0,1.815,-4.242
1776463065,417311051,robot_1,1.795,2.692
1776463065,417321734,robot_2,0.299,4.365
1776463065,417333046,robot_4,-1.859,2.082
1776463065,636397612,robot_3,3.031,4.244
1776463065,636448580,robot_0,1.815,-4.243
1776463065,636461166,robot_1,1.859,2.688
1776463065,636471526,robot_2,0.299,4.365
1776463065,636482009,robot_4,-1.859,2.082
1776463065,837117648,robot_3,3.053,4.257
1776463065,837133868,robot_0,1.814,-4.243
1776463065,837141260,robot_1,1.902,2.686
1776463065,837146658,robot_2,0.299,4.365
1776463065,837152522,robot_4,-1.858,2.082
1776463066,37178827,robot_3,3.053,4.257
1776463066,37199799,robot_0,1.814,-4.244
1776463066,37212934,robot_1,1.949,2.683
1776463066,37220045,robot_2,0.300,4.365
1776463066,37227247,robot_4,-1.858,2.081
1776463066,255705057,robot_3,3.053,4.257
1776463066,255721652,robot_0,1.814,-4.244
1776463066,255728209,robot_1,2.016,2.679
1776463066,255740485,robot_2,0.300,4.366
1776463066,255745796,robot_4,-1.858,2.081
1776463066,457198619,robot_3,3.053,4.258
1776463066,457221019,robot_0,1.813,-4.244
1776463066,457229200,robot_1,2.057,2.676
1776463066,457236224,robot_2,0.300,4.366
1776463066,457242849,robot_4,-1.858,2.080
1776463066,676803552,robot_3,3.053,4.258
1776463066,676830334,robot_0,1.813,-4.244
1776463066,676845126,robot_1,2.113,2.672
1776463066,676857681,robot_2,0.301,4.366
1776463066,676869538,robot_4,-1.858,2.080
1776463066,895282205,robot_3,3.053,4.259
1776463066,895298085,robot_0,1.812,-4.244
1776463066,895304820,robot_1,2.179,2.668
1776463066,895310354,robot_2,0.301,4.367
1776463066,895315385,robot_4,-1.859,2.079
1776463067,115666402,robot_3,3.053,4.259
1776463067,115683158,robot_0,1.811,-4.233
1776463067,115689426,robot_1,2.223,2.666
1776463067,115694468,robot_2,0.301,4.367
1776463067,115699378,robot_4,-1.859,2.079
1776463067,317366063,robot_3,3.053,4.260
1776463067,317386170,robot_0,1.808,-4.173
1776463067,317394756,robot_1,2.286,2.662
1776463067,317401568,robot_2,0.301,4.367
1776463067,317408337,robot_4,-1.859,2.079
1776463067,537262250,robot_3,3.054,4.260
1776463067,537282081,robot_0,1.805,-4.127
1776463067,537289321,robot_1,2.361,2.657
1776463067,537295086,robot_2,0.301,4.367
1776463067,537300828,robot_4,-1.859,2.078
1776463067,756761489,robot_3,3.054,4.260
1776463067,756790991,robot_0,1.802,-4.091
1776463067,756805139,robot_1,2.405,2.654
1776463067,756816574,robot_2,0.301,4.367
1776463067,756828610,robot_4,-1.877,2.103
1776463067,976417010,robot_3,3.054,4.260
1776463067,976433898,robot_0,1.800,-4.059
1776463067,976440633,robot_1,2.467,2.650
1776463067,976445942,robot_2,0.301,4.367
1776463067,976451423,robot_4,-1.901,2.137
1776463068,176733285,robot_3,3.054,4.260
1776463068,176749684,robot_0,1.798,-4.019
1776463068,176756481,robot_1,2.506,2.646
1776463068,176761629,robot_2,0.301,4.367
1776463068,176766512,robot_4,-1.923,2.170
1776463068,396934264,robot_3,3.054,4.260
1776463068,396953499,robot_0,1.797,-4.002
1776463068,396961016,robot_1,2.506,2.646
1776463068,396967059,robot_2,0.301,4.367
1776463068,396973625,robot_4,-1.925,2.173
1776463068,617790008,robot_3,3.055,4.260
1776463068,617813387,robot_0,1.797,-4.002
1776463068,617823790,robot_1,2.506,2.647
1776463068,617832338,robot_2,0.300,4.366
1776463068,617840320,robot_4,-1.926,2.173
1776463068,836172243,robot_3,3.055,4.261
1776463068,836190441,robot_0,1.796,-4.001
1776463068,836198026,robot_1,2.506,2.647
1776463068,836203991,robot_2,0.300,4.366
1776463068,836214414,robot_4,-1.926,2.173
1776463069,55365417,robot_3,3.056,4.260
1776463069,55384912,robot_0,1.796,-4.001
1776463069,55392940,robot_1,2.507,2.648
1776463069,55399395,robot_2,0.299,4.366
1776463069,55405680,robot_4,-1.927,2.173
1776463069,256796389,robot_3,3.056,4.260
1776463069,256819411,robot_0,1.795,-4.001
1776463069,256830002,robot_1,2.507,2.648
1776463069,256838407,robot_2,0.299,4.366
1776463069,256846884,robot_4,-1.927,2.173
1776463069,476333538,robot_3,3.057,4.260
1776463069,476354544,robot_0,1.795,-4.001
1776463069,476363843,robot_1,2.508,2.648
1776463069,476371483,robot_2,0.298,4.366
1776463069,476379501,robot_4,-1.928,2.173
1776463069,696839364,robot_3,3.057,4.260
1776463069,696862576,robot_0,1.795,-4.000
1776463069,696872506,robot_1,2.508,2.648
1776463069,696881140,robot_2,0.298,4.366
1776463069,696888499,robot_4,-1.928,2.173
1776463069,916833463,robot_3,3.058,4.259
1776463069,916857909,robot_0,1.794,-4.000
1776463069,916864294,robot_1,2.509,2.648
1776463069,916869436,robot_2,0.298,4.366
1776463069,916879456,robot_4,-1.929,2.173
1776463070,116866778,robot_3,3.058,4.259
1776463070,116897847,robot_0,1.794,-3.999
1776463070,116911700,robot_1,2.509,2.648
1776463070,116923957,robot_2,0.298,4.366
1776463070,116935271,robot_4,-1.929,2.174
1776463070,336593969,robot_3,3.058,4.259
1776463070,336622836,robot_0,1.794,-3.999
1776463070,336637429,robot_1,2.509,2.648
1776463070,336648822,robot_2,0.298,4.366
1776463070,336659749,robot_4,-1.929,2.174
1776463070,555700475,robot_3,3.056,4.258
1776463070,555718766,robot_0,1.794,-3.999
1776463070,555725995,robot_1,2.509,2.648
1776463070,555731868,robot_2,0.298,4.366
1776463070,555737565,robot_4,-1.929,2.174
1776463070,756184357,robot_3,3.026,4.244
1776463070,756217423,robot_0,1.794,-3.999
1776463070,756230779,robot_1,2.509,2.648
1776463070,756241180,robot_2,0.299,4.366
1776463070,756252380,robot_4,-1.929,2.174
1776463070,975822327,robot_3,2.988,4.226
1776463070,975839042,robot_0,1.794,-3.998
1776463070,975845476,robot_1,2.510,2.648
1776463070,975850521,robot_2,0.299,4.366
1776463070,975855861,robot_4,-1.929,2.174
1776463071,176560644,robot_3,2.948,4.208
1776463071,176584178,robot_0,1.794,-3.998
1776463071,176595092,robot_1,2.510,2.648
1776463071,176603448,robot_2,0.299,4.366
1776463071,176615154,robot_4,-1.929,2.175
1776463071,396091959,robot_3,2.886,4.179
1776463071,396108407,robot_0,1.795,-3.998
1776463071,396114581,robot_1,2.510,2.647
1776463071,396119889,robot_2,0.300,4.366
1776463071,396125486,robot_4,-1.929,2.175
1776463071,596347237,robot_3,2.845,4.159
1776463071,596368020,robot_0,1.795,-3.997
1776463071,596377272,robot_1,2.511,2.647
1776463071,596384921,robot_2,0.300,4.367
1776463071,596392209,robot_4,-1.929,2.176
1776463071,817148189,robot_3,2.803,4.140
1776463071,817164027,robot_0,1.795,-3.997
1776463071,817170872,robot_1,2.511,2.646
1776463071,817176637,robot_2,0.300,4.367
1776463071,817182086,robot_4,-1.929,2.176
1776463072,36283108,robot_3,2.757,4.120
1776463072,36302139,robot_0,1.796,-3.997
1776463072,36308651,robot_1,2.511,2.646
1776463072,36313998,robot_2,0.300,4.368
1776463072,36319371,robot_4,-1.929,2.177
1776463072,255186953,robot_3,2.717,4.103
1776463072,255202595,robot_0,1.796,-3.996
1776463072,255215415,robot_1,2.511,2.645
1776463072,255221149,robot_2,0.300,4.368
1776463072,255226331,robot_4,-1.929,2.177
1776463072,458677454,robot_3,2.681,4.089
1776463072,458702366,robot_0,1.797,-3.996
1776463072,458712257,robot_1,2.511,2.645
1776463072,458720115,robot_2,0.300,4.368
1776463072,458728371,robot_4,-1.928,2.177
1776463072,676049149,robot_3,2.642,4.075
1776463072,676070146,robot_0,1.797,-3.996
1776463072,676079318,robot_1,2.511,2.645
1776463072,676087128,robot_2,0.300,4.368
1776463072,676094700,robot_4,-1.928,2.178
1776463072,895783359,robot_3,2.600,4.061
1776463072,895798786,robot_0,1.797,-3.996
1776463072,895804793,robot_1,2.511,2.645
1776463072,895810275,robot_2,0.300,4.367
1776463072,895815420,robot_4,-1.928,2.178
1776463073,115723881,robot_3,2.558,4.048
1776463073,115741202,robot_0,1.797,-4.007
1776463073,115747618,robot_1,2.511,2.645
1776463073,115753481,robot_2,0.300,4.367
1776463073,115758693,robot_4,-1.928,2.178
1776463073,317726926,robot_3,2.520,4.037
1776463073,317768197,robot_0,1.796,-4.045
1776463073,317791575,robot_1,2.511,2.644
1776463073,317811839,robot_2,0.300,4.367
1776463073,317830461,robot_4,-1.928,2.178
1776463073,536759127,robot_3,2.478,4.024
1776463073,536793729,robot_0,1.794,-4.089
1776463073,536808166,robot_1,2.510,2.644
1776463073,536820111,robot_2,0.299,4.366
1776463073,536832047,robot_4,-1.927,2.178
1776463073,756803799,robot_3,2.433,4.010
1776463073,756831513,robot_0,1.793,-4.127
1776463073,756842666,robot_1,2.510,2.644
1776463073,756851684,robot_2,0.299,4.366
1776463073,756861166,robot_4,-1.927,2.178
1776463073,956980326,robot_3,2.394,3.998
1776463073,957006719,robot_0,1.793,-4.158
1776463073,957018926,robot_1,2.510,2.643
1776463073,957029222,robot_2,0.298,4.366
1776463073,957038976,robot_4,-1.926,2.178
1776463074,176179538,robot_3,2.351,3.985
1776463074,176198539,robot_0,1.795,-4.202
1776463074,176208901,robot_1,2.509,2.643
1776463074,176215574,robot_2,0.298,4.366
1776463074,176222770,robot_4,-1.926,2.178
1776463074,376188401,robot_3,2.311,3.972
1776463074,376227112,robot_0,1.797,-4.245
1776463074,376238742,robot_1,2.509,2.643
1776463074,376248115,robot_2,0.297,4.366
1776463074,376257377,robot_4,-1.925,2.177
1776463074,577457930,robot_3,2.272,3.960
1776463074,577482699,robot_0,1.799,-4.287
1776463074,577494253,robot_1,2.508,2.643
1776463074,577503914,robot_2,0.297,4.366
1776463074,577513596,robot_4,-1.925,2.177
1776463074,797095807,robot_3,2.232,3.948
1776463074,797116425,robot_0,1.802,-4.331
1776463074,797125630,robot_1,2.508,2.643
1776463074,797132844,robot_2,0.297,4.366
1776463074,797140463,robot_4,-1.925,2.177
1776463075,17507968,robot_3,2.195,3.936
1776463075,17530462,robot_0,1.805,-4.391
1776463075,17536808,robot_1,2.507,2.643
1776463075,17542889,robot_2,0.297,4.366
1776463075,17548259,robot_4,-1.924,2.176
1776463075,236458623,robot_3,2.154,3.922
1776463075,236484227,robot_0,1.809,-4.446
1776463075,236496077,robot_1,2.507,2.643
1776463075,236505612,robot_2,0.297,4.366
1776463075,236515184,robot_4,-1.924,2.176
1776463075,437040523,robot_3,2.124,3.911
1776463075,437056718,robot_0,1.812,-4.486
1776463075,437063192,robot_1,2.507,2.643
1776463075,437068997,robot_2,0.297,4.366
1776463075,437073970,robot_4,-1.924,2.176
1776463075,656420536,robot_3,2.097,3.903
1776463075,656441310,robot_0,1.816,-4.542
1776463075,656450486,robot_1,2.507,2.643
1776463075,656458639,robot_2,0.296,4.367
1776463075,656465715,robot_4,-1.924,2.176
1776463075,876580861,robot_3,2.055,3.891
1776463075,876603091,robot_0,1.817,-4.572
1776463075,876611019,robot_1,2.507,2.644
1776463075,876617222,robot_2,0.296,4.367
1776463075,876623216,robot_4,-1.924,2.176
1776463076,76698507,robot_3,2.003,3.877
1776463076,76721988,robot_0,1.817,-4.572
1776463076,76732157,robot_1,2.506,2.644
1776463076,76739944,robot_2,0.296,4.367
1776463076,76747473,robot_4,-1.924,2.175
1776463076,296915003,robot_3,1.945,3.860
1776463076,296944513,robot_0,1.818,-4.573
1776463076,296957107,robot_1,2.506,2.644
1776463076,296966543,robot_2,0.296,4.368
1776463076,296976234,robot_4,-1.924,2.175
1776463076,516563756,robot_3,1.902,3.849
1776463076,516582498,robot_0,1.818,-4.573
1776463076,516589531,robot_1,2.506,2.645
1776463076,516594887,robot_2,0.295,4.368
1776463076,516600593,robot_4,-1.924,2.174
1776463076,735317724,robot_3,1.841,3.832
1776463076,735338755,robot_0,1.819,-4.573
1776463076,735345486,robot_1,2.506,2.645
1776463076,735351389,robot_2,0.296,4.369
1776463076,735356513,robot_4,-1.925,2.174
1776463076,936920317,robot_3,1.792,3.819
1776463076,936952348,robot_0,1.819,-4.574
1776463076,936966053,robot_1,2.506,2.646
1776463076,936975835,robot_2,0.296,4.369
1776463076,936986842,robot_4,-1.925,2.173
1776463077,156130706,robot_3,1.748,3.806
1776463077,156156084,robot_0,1.819,-4.574
1776463077,156165646,robot_1,2.506,2.646
1776463077,156173202,robot_2,0.296,4.369
1776463077,156180926,robot_4,-1.925,2.173
1776463077,356585926,robot_3,1.691,3.791
1776463077,356612122,robot_0,1.819,-4.575
1776463077,356622136,robot_1,2.506,2.647
1776463077,356630519,robot_2,0.296,4.369
1776463077,356638893,robot_4,-1.926,2.173
1776463077,576257158,robot_3,1.641,3.777
1776463077,576277583,robot_0,1.819,-4.575
1776463077,576286637,robot_1,2.506,2.647
1776463077,576294121,robot_2,0.296,4.369
1776463077,576301054,robot_4,-1.933,2.190
1776463077,795608440,robot_3,1.592,3.763
1776463077,795625315,robot_0,1.819,-4.575
1776463077,795632554,robot_1,2.506,2.647
1776463077,795638926,robot_2,0.296,4.370
1776463077,795645381,robot_4,-1.955,2.239
1776463077,996084067,robot_3,1.521,3.744
1776463077,996101764,robot_0,1.819,-4.575
1776463077,996108523,robot_1,2.506,2.647
1776463077,996113962,robot_2,0.296,4.370
1776463077,996119223,robot_4,-1.971,2.276
1776463078,197135570,robot_3,1.474,3.731
1776463078,197156410,robot_0,1.819,-4.575
1776463078,197165665,robot_1,2.506,2.647
1776463078,197173636,robot_2,0.296,4.370
1776463078,197182161,robot_4,-1.979,2.292
1776463078,397602138,robot_3,1.428,3.718
1776463078,397631569,robot_0,1.819,-4.576
1776463078,397642497,robot_1,2.507,2.647
1776463078,397651730,robot_2,0.297,4.371
1776463078,397660554,robot_4,-1.979,2.288
1776463078,618313044,robot_3,1.349,3.697
1776463078,618350543,robot_0,1.819,-4.576
1776463078,618370424,robot_1,2.507,2.648
1776463078,618388245,robot_2,0.297,4.371
1776463078,618404632,robot_4,-1.979,2.276
1776463078,835479349,robot_3,1.299,3.683
1776463078,835500151,robot_0,1.819,-4.577
1776463078,835507870,robot_1,2.507,2.648
1776463078,835514750,robot_2,0.298,4.371
1776463078,835520918,robot_4,-1.980,2.260
1776463079,36021348,robot_3,1.250,3.669
1776463079,36040114,robot_0,1.818,-4.577
1776463079,36047232,robot_1,2.508,2.648
1776463079,36052377,robot_2,0.298,4.371
1776463079,36057544,robot_4,-1.982,2.245
1776463079,238028576,robot_3,1.187,3.652
1776463079,238063574,robot_0,1.818,-4.577
1776463079,238078665,robot_1,2.508,2.648
1776463079,238090333,robot_2,0.299,4.371
1776463079,238102152,robot_4,-1.986,2.229
1776463079,456385924,robot_3,1.143,3.640
1776463079,456410083,robot_0,1.818,-4.578
1776463079,456421593,robot_1,2.509,2.648
1776463079,456431915,robot_2,0.294,4.356
1776463079,456440302,robot_4,-1.993,2.211
1776463079,656486532,robot_3,1.088,3.625
1776463079,656503123,robot_0,1.817,-4.578
1776463079,656509751,robot_1,2.509,2.648
1776463079,656514862,robot_2,0.281,4.313
1776463079,656520017,robot_4,-2.000,2.194
1776463079,877289989,robot_3,1.013,3.604
1776463079,877314004,robot_0,1.817,-4.578
1776463079,877324627,robot_1,2.510,2.648
1776463079,877333355,robot_2,0.269,4.271
1776463079,877341498,robot_4,-2.001,2.192
1776463080,97056209,robot_3,0.971,3.591
1776463080,97085051,robot_0,1.816,-4.578
1776463080,97098608,robot_1,2.510,2.648
1776463080,97109140,robot_2,0.256,4.224
1776463080,97120611,robot_4,-2.002,2.192
1776463080,315561487,robot_3,0.914,3.575
1776463080,315577334,robot_0,1.816,-4.578
1776463080,315583500,robot_1,2.510,2.648
1776463080,315589086,robot_2,0.243,4.177
1776463080,315594829,robot_4,-2.002,2.193
1776463080,516394890,robot_3,0.865,3.561
1776463080,516416431,robot_0,1.816,-4.578
1776463080,516425526,robot_1,2.510,2.648
1776463080,516432802,robot_2,0.232,4.138
1776463080,516440400,robot_4,-2.002,2.193
1776463080,716800604,robot_3,0.827,3.550
1776463080,716818225,robot_0,1.816,-4.578
1776463080,716825983,robot_1,2.510,2.648
1776463080,716831471,robot_2,0.220,4.096
1776463080,716836482,robot_4,-2.002,2.193
1776463080,917195577,robot_3,0.805,3.544
1776463080,917221495,robot_0,1.816,-4.578
1776463080,917231215,robot_1,2.510,2.647
1776463080,917239868,robot_2,0.208,4.055
1776463080,917247398,robot_4,-2.002,2.193
1776463081,117953788,robot_3,0.778,3.536
1776463081,117982732,robot_0,1.815,-4.577
1776463081,117996524,robot_1,2.511,2.647
1776463081,118007825,robot_2,0.198,4.017
1776463081,118018557,robot_4,-2.002,2.193
1776463081,336981354,robot_3,0.736,3.524
1776463081,336995872,robot_0,1.815,-4.577
1776463081,337002758,robot_1,2.511,2.646
1776463081,337008538,robot_2,0.185,3.974
1776463081,337014292,robot_4,-2.002,2.194
1776463081,555650541,robot_3,0.702,3.514
1776463081,555669941,robot_0,1.814,-4.577
1776463081,555676846,robot_1,2.511,2.646
1776463081,555683163,robot_2,0.171,3.932
1776463081,555688898,robot_4,-2.002,2.194
1776463081,756198504,robot_3,0.666,3.504
1776463081,756231799,robot_0,1.814,-4.576
1776463081,756240968,robot_1,2.511,2.645
1776463081,756247471,robot_2,0.157,3.895
1776463081,756252914,robot_4,-2.002,2.195
1776463081,957432916,robot_3,0.627,3.493
1776463081,957456243,robot_0,1.814,-4.576
1776463081,957466790,robot_1,2.511,2.645
1776463081,957475400,robot_2,0.147,3.867
1776463081,957484000,robot_4,-2.002,2.195
1776463082,176971495,robot_3,0.583,3.472
1776463082,176991734,robot_0,1.814,-4.575
1776463082,177001001,robot_1,2.511,2.644
1776463082,177007835,robot_2,0.122,3.835
1776463082,177014473,robot_4,-2.008,2.192
1776463082,396312075,robot_3,0.545,3.444
1776463082,396336139,robot_0,1.814,-4.575
1776463082,396347218,robot_1,2.498,2.650
1776463082,396356327,robot_2,0.083,3.805
1776463082,396365436,robot_4,-2.015,2.184
1776463082,596762261,robot_3,0.511,3.423
1776463082,596782004,robot_0,1.814,-4.574
1776463082,596789696,robot_1,2.475,2.661
1776463082,596795897,robot_2,0.055,3.786
1776463082,596801916,robot_4,-2.015,2.184
1776463082,816723493,robot_3,0.476,3.399
1776463082,816753604,robot_0,1.814,-4.574
1776463082,816768688,robot_1,2.435,2.680
1776463082,816780493,robot_2,0.021,3.757
1776463082,816791218,robot_4,-2.015,2.184
1776463083,37279758,robot_3,0.439,3.372
1776463083,37298858,robot_0,1.814,-4.574
1776463083,37306023,robot_1,2.392,2.700
1776463083,37311456,robot_2,-0.021,3.721
1776463083,37316686,robot_4,-2.015,2.184
1776463083,238353940,robot_3,0.406,3.349
1776463083,238378158,robot_0,1.814,-4.574
1776463083,238388000,robot_1,2.354,2.717
1776463083,238396375,robot_2,-0.062,3.679
1776463083,238404520,robot_4,-2.015,2.184
1776463083,455460254,robot_3,0.372,3.325
1776463083,455476279,robot_0,1.814,-4.574
1776463083,455482656,robot_1,2.314,2.735
1776463083,455487903,robot_2,-0.100,3.646
1776463083,455493841,robot_4,-2.015,2.184
1776463083,656565526,robot_3,0.337,3.300
1776463083,656586310,robot_0,1.815,-4.573
1776463083,656596484,robot_1,2.255,2.762
1776463083,656604757,robot_2,-0.136,3.618
1776463083,656612143,robot_4,-2.014,2.184
1776463083,856605099,robot_3,0.287,3.265
1776463083,856625024,robot_0,1.815,-4.573
1776463083,856634120,robot_1,2.202,2.785
1776463083,856642043,robot_2,-0.180,3.596
1776463083,856650261,robot_4,-2.014,2.184
1776463084,75599283,robot_3,0.219,3.217
1776463084,75616363,robot_0,1.815,-4.573
1776463084,75623001,robot_1,2.162,2.803
1776463084,75628301,robot_2,-0.237,3.573
1776463084,75633497,robot_4,-2.013,2.184
1776463084,276715292,robot_3,0.184,3.191
1776463084,276738029,robot_0,1.816,-4.573
1776463084,276748529,robot_1,2.128,2.819
1776463084,276758441,robot_2,-0.273,3.550
1776463084,276766506,robot_4,-2.013,2.184
1776463084,477850345,robot_3,0.134,3.152
1776463084,477883687,robot_0,1.816,-4.572
1776463084,477899366,robot_1,2.092,2.835
1776463084,477911335,robot_2,-0.321,3.534
1776463084,477923262,robot_4,-2.012,2.184
1776463084,696372733,robot_3,0.071,3.107
1776463084,696394247,robot_0,1.817,-4.572
1776463084,696405064,robot_1,2.050,2.853
1776463084,696414405,robot_2,-0.377,3.507
1776463084,696422924,robot_4,-2.012,2.184
1776463084,896668563,robot_3,0.037,3.083
1776463084,896686640,robot_0,1.817,-4.572
1776463084,896694691,robot_1,1.982,2.884
1776463084,896701171,robot_2,-0.411,3.486
1776463084,896706938,robot_4,-2.012,2.183
1776463085,96926491,robot_3,-0.018,3.043
1776463085,96945197,robot_0,1.817,-4.572
1776463085,96953550,robot_1,1.929,2.907
1776463085,96959882,robot_2,-0.457,3.471
1776463085,96966451,robot_4,-2.013,2.182
1776463085,297473128,robot_3,-0.075,3.001
1776463085,297493651,robot_0,1.817,-4.572
1776463085,297503065,robot_1,1.895,2.923
1776463085,297510731,robot_2,-0.508,3.447
1776463085,297518379,robot_4,-2.057,2.144
1776463085,516055771,robot_3,-0.112,2.972
1776463085,516075386,robot_0,1.817,-4.573
1776463085,516081826,robot_1,1.871,2.933
1776463085,516087048,robot_2,-0.551,3.412
1776463085,516092492,robot_4,-2.100,2.107
1776463085,716928824,robot_3,-0.158,2.936
1776463085,716951342,robot_0,1.818,-4.573
1776463085,716957937,robot_1,1.838,2.947
1776463085,716962729,robot_2,-0.598,3.383
1776463085,716967582,robot_4,-2.130,2.082
1776463085,936736551,robot_3,-0.203,2.899
1776463085,936754384,robot_0,1.818,-4.573
1776463085,936761862,robot_1,1.798,2.965
1776463085,936767869,robot_2,-0.639,3.351
1776463085,936773695,robot_4,-2.161,2.054
1776463086,136763735,robot_3,-0.231,2.857
1776463086,136787581,robot_0,1.819,-4.573
1776463086,136795201,robot_1,1.762,2.981
1776463086,136800777,robot_2,-0.674,3.297
1776463086,136805629,robot_4,-2.191,2.028
1776463086,337751768,robot_3,-0.262,2.832
1776463086,337787422,robot_0,1.819,-4.574
1776463086,337802637,robot_1,1.725,2.996
1776463086,337814649,robot_2,-0.712,3.250
1776463086,337827552,robot_4,-2.224,2.000
1776463086,555951950,robot_3,-0.299,2.805
1776463086,555970314,robot_0,1.819,-4.574
1776463086,555977768,robot_1,1.679,3.016
1776463086,555983390,robot_2,-0.751,3.216
1776463086,555988584,robot_4,-2.265,1.965
1776463086,775526289,robot_3,-0.338,2.774
1776463086,775541545,robot_0,1.819,-4.575
1776463086,775547869,robot_1,1.624,3.040
1776463086,775554087,robot_2,-0.804,3.153
1776463086,775559633,robot_4,-2.299,1.936
1776463086,975908301,robot_3,-0.384,2.739
1776463086,975930781,robot_0,1.819,-4.575
1776463086,975937946,robot_1,1.588,3.056
1776463086,975943452,robot_2,-0.855,3.108
1776463086,975948782,robot_4,-2.341,1.900
1776463087,197074872,robot_3,-0.425,2.708
1776463087,197097569,robot_0,1.819,-4.576
1776463087,197107759,robot_1,1.553,3.071
1776463087,197115473,robot_2,-0.898,3.071
1776463087,197122977,robot_4,-2.400,1.848
1776463087,417259582,robot_3,-0.466,2.674
1776463087,417289526,robot_0,1.819,-4.576
1776463087,417303713,robot_1,1.521,3.085
1776463087,417315564,robot_2,-0.954,3.014
1776463087,417327353,robot_4,-2.434,1.818
1776463087,617911622,robot_3,-0.511,2.639
1776463087,617934355,robot_0,1.819,-4.576
1776463087,617942590,robot_1,1.484,3.101
1776463087,617950971,robot_2,-1.003,2.978
1776463087,617957938,robot_4,-2.476,1.781
1776463087,836963160,robot_3,-0.550,2.611
1776463087,836983151,robot_0,1.819,-4.576
1776463087,836991139,robot_1,1.430,3.125
1776463087,836999411,robot_2,-1.043,2.944
1776463087,837005976,robot_4,-2.523,1.740
1776463088,37535757,robot_3,-0.594,2.580
1776463088,37562442,robot_0,1.819,-4.576
1776463088,37572991,robot_1,1.382,3.147
1776463088,37581518,robot_2,-1.085,2.917
1776463088,37590009,robot_4,-2.552,1.713
1776463088,255928040,robot_3,-0.652,2.534
1776463088,255946821,robot_0,1.819,-4.577
1776463088,255956043,robot_1,1.343,3.168
1776463088,255963471,robot_2,-1.139,2.885
1776463088,255970961,robot_4,-2.561,1.706
1776463088,456603625,robot_3,-0.680,2.488
1776463088,456619298,robot_0,1.818,-4.577
1776463088,456626298,robot_1,1.319,3.180
1776463088,456631790,robot_2,-1.151,2.858
1776463088,456637603,robot_4,-2.561,1.706
1776463088,675427991,robot_3,-0.716,2.428
1776463088,675445514,robot_0,1.818,-4.577
1776463088,675452242,robot_1,1.287,3.195
1776463088,675458153,robot_2,-1.168,2.821
1776463088,675463325,robot_4,-2.562,1.706
1776463088,875677459,robot_3,-0.769,2.374
1776463088,875697084,robot_0,1.817,-4.578
1776463088,875704004,robot_1,1.249,3.211
1776463088,875709448,robot_2,-1.192,2.797
1776463088,875714933,robot_4,-2.562,1.707
1776463089,77823141,robot_3,-0.800,2.333
1776463089,77855493,robot_0,1.817,-4.578
1776463089,77870626,robot_1,1.187,3.238
1776463089,77881724,robot_2,-1.218,2.752
1776463089,77892863,robot_4,-2.562,1.707
1776463089,297424262,robot_3,-0.821,2.298
1776463089,297462511,robot_0,1.816,-4.578
1776463089,297483282,robot_1,1.133,3.262
1776463089,297501654,robot_2,-1.254,2.685
1776463089,297518206,robot_4,-2.563,1.707
1776463089,517864830,robot_3,-0.847,2.278
1776463089,517893460,robot_0,1.816,-4.578
1776463089,517905356,robot_1,1.088,3.281
1776463089,517915372,robot_2,-1.287,2.652
1776463089,517925279,robot_4,-2.563,1.706
1776463089,736006850,robot_3,-0.886,2.251
1776463089,736023048,robot_0,1.816,-4.578
1776463089,736029630,robot_1,1.027,3.308
1776463089,736034697,robot_2,-1.329,2.619
1776463089,736039387,robot_4,-2.564,1.706
1776463089,936639849,robot_3,-0.937,2.216
1776463089,936661930,robot_0,1.820,-4.562
1776463089,936671059,robot_1,0.987,3.327
1776463089,936679108,robot_2,-1.375,2.595
1776463089,936686129,robot_4,-2.564,1.706
1776463090,156017974,robot_3,-0.985,2.183
1776463090,156073798,robot_0,1.841,-4.487
1776463090,156107491,robot_1,0.945,3.347
1776463090,156126532,robot_2,-1.419,2.568
1776463090,156145526,robot_4,-2.564,1.706
1776463090,356844252,robot_3,-1.019,2.161
1776463090,356860974,robot_0,1.852,-4.446
1776463090,356868000,robot_1,0.903,3.366
1776463090,356873795,robot_2,-1.467,2.515
1776463090,356879220,robot_4,-2.564,1.706
1776463090,576374541,robot_3,-1.041,2.146
1776463090,576398934,robot_0,1.862,-4.409
1776463090,576409631,robot_1,0.863,3.385
1776463090,576419334,robot_2,-1.507,2.464
1776463090,576428100,robot_4,-2.564,1.706
1776463090,795345329,robot_3,-1.075,2.123
1776463090,795361648,robot_0,1.870,-4.382
1776463090,795368446,robot_1,0.807,3.411
1776463090,795374020,robot_2,-1.546,2.431
1776463090,795380651,robot_4,-2.565,1.706
1776463090,996857044,robot_3,-1.115,2.095
1776463090,996877837,robot_0,1.870,-4.382
1776463090,996884666,robot_1,0.745,3.440
1776463090,996890637,robot_2,-1.595,2.386
1776463090,996895607,robot_4,-2.565,1.705
1776463091,196981537,robot_3,-1.172,2.055
1776463091,197004004,robot_0,1.870,-4.382
1776463091,197013608,robot_1,0.708,3.457
1776463091,197022626,robot_2,-1.646,2.359
1776463091,197030627,robot_4,-2.565,1.705
1776463091,418135386,robot_3,-1.217,2.025
1776463091,418154062,robot_0,1.870,-4.382
1776463091,418162121,robot_1,0.673,3.474
1776463091,418168886,robot_2,-1.692,2.326
1776463091,418175644,robot_4,-2.565,1.704
1776463091,636725502,robot_3,-1.264,1.993
1776463091,636754487,robot_0,1.871,-4.382
1776463091,636769260,robot_1,0.638,3.491
1776463091,636781153,robot_2,-1.753,2.269
1776463091,636792281,robot_4,-2.565,1.704
1776463091,857714859,robot_3,-1.322,1.954
1776463091,857738677,robot_0,1.871,-4.382
1776463091,857749500,robot_1,0.599,3.511
1776463091,857758798,robot_2,-1.805,2.240
1776463091,857768075,robot_4,-2.565,1.703
1776463092,76324332,robot_3,-1.361,1.928
1776463092,76344005,robot_0,1.872,-4.381
1776463092,76352028,robot_1,0.531,3.547
1776463092,76358296,robot_2,-1.850,2.203
1776463092,76364396,robot_4,-2.565,1.703
1776463092,277117044,robot_3,-1.407,1.898
1776463092,277133001,robot_0,1.872,-4.381
1776463092,277139156,robot_1,0.477,3.575
1776463092,277145165,robot_2,-1.898,2.168
1776463092,277150446,robot_4,-2.564,1.703
1776463092,477975745,robot_3,-1.454,1.865
1776463092,478000672,robot_0,1.872,-4.381
1776463092,478010563,robot_1,0.443,3.593
1776463092,478019107,robot_2,-1.937,2.145
1776463092,478027115,robot_4,-2.564,1.702
1776463092,696989717,robot_3,-1.491,1.837
1776463092,697008888,robot_0,1.873,-4.380
1776463092,697016838,robot_1,0.421,3.604
1776463092,697024232,robot_2,-1.973,2.120
1776463092,697031037,robot_4,-2.564,1.702
1776463092,917261659,robot_3,-1.532,1.805
1776463092,917281881,robot_0,1.873,-4.380
1776463092,917291826,robot_1,0.388,3.621
1776463092,917300240,robot_2,-2.012,2.096
1776463092,917307034,robot_4,-2.564,1.702
1776463093,117903651,robot_3,-1.568,1.778
1776463093,117923622,robot_0,1.873,-4.380
1776463093,117932039,robot_1,0.357,3.638
1776463093,117939169,robot_2,-2.047,2.069
1776463093,117945640,robot_4,-2.564,1.702
1776463093,335962474,robot_3,-1.604,1.747
1776463093,335981960,robot_0,1.873,-4.380
1776463093,335990249,robot_1,0.337,3.648
1776463093,335997224,robot_2,-2.074,2.068
1776463093,336003701,robot_4,-2.564,1.702
1776463093,539759458,robot_3,-1.649,1.700
1776463093,539786118,robot_0,1.873,-4.380
1776463093,539797997,robot_1,0.304,3.663
1776463093,539808329,robot_2,-2.119,2.086
1776463093,539817277,robot_4,-2.565,1.700
1776463093,755784936,robot_3,-1.695,1.667
1776463093,755809763,robot_0,1.873,-4.379
1776463093,755818757,robot_1,0.257,3.685
1776463093,755825852,robot_2,-2.136,2.112
1776463093,755832425,robot_4,-2.569,1.684
1776463093,956569882,robot_3,-1.730,1.650
1776463093,956585856,robot_0,1.873,-4.379
1776463093,956593041,robot_1,0.204,3.709
1776463093,956598808,robot_2,-2.134,2.129
1776463093,956604143,robot_4,-2.571,1.667
1776463094,156708712,robot_3,-1.752,1.640
1776463094,156729551,robot_0,1.873,-4.378
1776463094,156738570,robot_1,0.166,3.726
1776463094,156746140,robot_2,-2.133,2.147
1776463094,156753797,robot_4,-2.573,1.649
1776463094,357052053,robot_3,-1.782,1.626
1776463094,357093409,robot_0,1.872,-4.378
1776463094,357118520,robot_1,0.136,3.739
1776463094,357136651,robot_2,-2.133,2.153
1776463094,357153113,robot_4,-2.572,1.643
1776463094,576174575,robot_3,-1.823,1.606
1776463094,576195994,robot_0,1.872,-4.378
1776463094,576204973,robot_1,0.110,3.751
1776463094,576221515,robot_2,-2.134,2.153
1776463094,576229776,robot_4,-2.572,1.644
1776463094,776277652,robot_3,-1.864,1.587
1776463094,776300183,robot_0,1.872,-4.377
1776463094,776309313,robot_1,0.073,3.768
1776463094,776316890,robot_2,-2.134,2.153
1776463094,776323571,robot_4,-2.572,1.644
1776463094,976729956,robot_3,-1.901,1.569
1776463094,976748050,robot_0,1.871,-4.377
1776463094,976754537,robot_1,0.024,3.790
1776463094,976759791,robot_2,-2.135,2.152
1776463094,976764518,robot_4,-2.571,1.644
1776463095,196420064,robot_3,-1.945,1.549
1776463095,196437030,robot_0,1.871,-4.377
1776463095,196444251,robot_1,-0.042,3.820
1776463095,196450074,robot_2,-2.135,2.152
1776463095,196455305,robot_4,-2.571,1.644
1776463095,396568136,robot_3,-1.986,1.527
1776463095,396596069,robot_0,1.871,-4.377
1776463095,396606699,robot_1,-0.079,3.837
1776463095,396615915,robot_2,-2.135,2.152
1776463095,396624456,robot_4,-2.598,1.627
1776463095,596956542,robot_3,-2.026,1.512
1776463095,596983071,robot_0,1.871,-4.377
1776463095,596995514,robot_1,-0.130,3.861
1776463095,597006758,robot_2,-2.135,2.152
1776463095,597017102,robot_4,-2.656,1.580
1776463095,797665910,robot_3,-2.056,1.501
1776463095,797683333,robot_0,1.871,-4.377
1776463095,797691703,robot_1,-0.189,3.889
1776463095,797699083,robot_2,-2.135,2.152
1776463095,797705158,robot_4,-2.700,1.532
1776463096,15831335,robot_3,-2.052,1.503
1776463096,15851155,robot_0,1.871,-4.377
1776463096,15858159,robot_1,-0.229,3.908
1776463096,15863553,robot_2,-2.135,2.152
1776463096,15868622,robot_4,-2.715,1.509
1776463096,217697082,robot_3,-2.049,1.506
1776463096,217735072,robot_0,1.871,-4.377
1776463096,217756900,robot_1,-0.253,3.919
1776463096,217774485,robot_2,-2.135,2.151
1776463096,217790939,robot_4,-2.715,1.508
1776463096,437419946,robot_3,-2.047,1.509
1776463096,437449260,robot_0,1.872,-4.378
1776463096,437463534,robot_1,-0.280,3.932
1776463096,437476642,robot_2,-2.135,2.151
1776463096,437489055,robot_4,-2.715,1.508
1776463096,655943587,robot_3,-2.046,1.512
1776463096,655960358,robot_0,1.872,-4.378
1776463096,655967289,robot_1,-0.320,3.950
1776463096,655972667,robot_2,-2.135,2.150
1776463096,655978009,robot_4,-2.715,1.509
1776463096,876696287,robot_3,-2.045,1.515
1776463096,876712225,robot_0,1.872,-4.379
1776463096,876718689,robot_1,-0.373,3.975
1776463096,876724069,robot_2,-2.135,2.150
1776463096,876729060,robot_4,-2.715,1.509
1776463097,97583394,robot_3,-2.046,1.517
1776463097,97615742,robot_0,1.872,-4.379
1776463097,97629902,robot_1,-0.418,3.996
1776463097,97640803,robot_2,-2.135,2.149
1776463097,97652385,robot_4,-2.715,1.510
1776463097,317359347,robot_3,-2.046,1.519
1776463097,317381052,robot_0,1.872,-4.380
1776463097,317390650,robot_1,-0.463,4.017
1776463097,317409146,robot_2,-2.135,2.149
1776463097,317416044,robot_4,-2.716,1.510
1776463097,537108907,robot_3,-2.047,1.520
1776463097,537135955,robot_0,1.872,-4.380
1776463097,537148880,robot_1,-0.528,4.049
1776463097,537159347,robot_2,-2.135,2.149
1776463097,537168272,robot_4,-2.716,1.510
1776463097,756674996,robot_3,-2.048,1.521
1776463097,756703445,robot_0,1.872,-4.380
1776463097,756717091,robot_1,-0.572,4.073
1776463097,756738692,robot_2,-2.134,2.148
1776463097,756750042,robot_4,-2.716,1.510
1776463097,956807318,robot_3,-2.048,1.521
1776463097,956835657,robot_0,1.872,-4.381
1776463097,956847444,robot_1,-0.608,4.094
1776463097,956854096,robot_2,-2.134,2.148
1776463097,956860074,robot_4,-2.716,1.510
1776463098,175894999,robot_3,-2.048,1.521
1776463098,175911816,robot_0,1.849,-4.373
1776463098,175919452,robot_1,-0.650,4.117
1776463098,175925688,robot_2,-2.134,2.148
1776463098,175930916,robot_4,-2.715,1.510
1776463098,377151598,robot_3,-2.043,1.520
1776463098,377173083,robot_0,1.808,-4.360
1776463098,377182290,robot_1,-0.686,4.136
1776463098,377190925,robot_2,-2.146,2.153
1776463098,377198283,robot_4,-2.715,1.509
1776463098,596396798,robot_3,-2.037,1.515
1776463098,596418079,robot_0,1.766,-4.347
1776463098,596425419,robot_1,-0.741,4.165
1776463098,596432409,robot_2,-2.176,2.164
1776463098,596438665,robot_4,-2.715,1.509
1776463098,816761486,robot_3,-2.038,1.516
1776463098,816786791,robot_0,1.713,-4.329
1776463098,816799668,robot_1,-0.806,4.200
1776463098,816810717,robot_2,-2.177,2.163
1776463098,816819814,robot_4,-2.715,1.508
1776463099,36071803,robot_3,-2.039,1.516
1776463099,36091869,robot_0,1.663,-4.313
1776463099,36098926,robot_1,-0.845,4.221
1776463099,36104662,robot_2,-2.177,2.162
1776463099,36109594,robot_4,-2.716,1.507
1776463099,236200560,robot_3,-2.039,1.515
1776463099,236225386,robot_0,1.625,-4.301
1776463099,236235512,robot_1,-0.891,4.245
1776463099,236243779,robot_2,-2.176,2.162
1776463099,236251167,robot_4,-2.716,1.507
1776463099,455146698,robot_3,-2.040,1.515
1776463099,455163384,robot_0,1.598,-4.292
1776463099,455170193,robot_1,-0.938,4.270
1776463099,455175448,robot_2,-2.176,2.162
1776463099,455180516,robot_4,-2.716,1.507
1776463099,656041303,robot_3,-2.041,1.514
1776463099,656057282,robot_0,1.566,-4.281
1776463099,656064154,robot_1,-0.973,4.289
1776463099,656070369,robot_2,-2.176,2.162
1776463099,656075700,robot_4,-2.717,1.506
1776463099,856392685,robot_3,-2.041,1.514
1776463099,856411600,robot_0,1.527,-4.266
1776463099,856419185,robot_1,-1.035,4.322
1776463099,856434437,robot_2,-2.175,2.163
1776463099,856441148,robot_4,-2.717,1.506
1776463100,57015186,robot_3,-2.041,1.513
1776463100,57040320,robot_0,1.477,-4.247
1776463100,57047576,robot_1,-1.090,4.352
1776463100,57053499,robot_2,-2.175,2.163
1776463100,57059431,robot_4,-2.717,1.506
1776463100,276333017,robot_3,-2.041,1.513
1776463100,276355234,robot_0,1.431,-4.230
1776463100,276365654,robot_1,-1.129,4.372
1776463100,276373870,robot_2,-2.175,2.163
1776463100,276381346,robot_4,-2.717,1.506
1776463100,477021168,robot_3,-2.041,1.513
1776463100,477038368,robot_0,1.391,-4.215
1776463100,477045199,robot_1,-1.157,4.387
1776463100,477051361,robot_2,-2.175,2.163
1776463100,477056313,robot_4,-2.717,1.506
1776463100,677746207,robot_3,-2.021,1.528
1776463100,677769921,robot_0,1.340,-4.197
1776463100,677780898,robot_1,-1.172,4.395
1776463100,677792487,robot_2,-2.175,2.163
1776463100,677798463,robot_4,-2.718,1.506
1776463100,897201781,robot_3,-1.981,1.555
1776463100,897229279,robot_0,1.294,-4.182
1776463100,897240566,robot_1,-1.172,4.395
1776463100,897249259,robot_2,-2.176,2.162
1776463100,897257463,robot_4,-2.718,1.506
1776463101,117380814,robot_3,-1.944,1.579
1776463101,117402222,robot_0,1.252,-4.169
1776463101,117411046,robot_1,-1.172,4.396
1776463101,117418078,robot_2,-2.176,2.162
1776463101,117424126,robot_4,-2.719,1.506
1776463101,317580821,robot_3,-1.896,1.610
1776463101,317602954,robot_0,1.215,-4.157
1776463101,317612986,robot_1,-1.172,4.396
1776463101,317621083,robot_2,-2.177,2.162
1776463101,317628880,robot_4,-2.719,1.506
1776463101,535690730,robot_3,-1.850,1.641
1776463101,535709433,robot_0,1.173,-4.144
1776463101,535716120,robot_1,-1.172,4.397
1776463101,535721530,robot_2,-2.177,2.162
1776463101,535726665,robot_4,-2.720,1.506
1776463101,755169456,robot_3,-1.814,1.664
1776463101,755183909,robot_0,1.121,-4.128
1776463101,755190307,robot_1,-1.172,4.397
1776463101,755195525,robot_2,-2.178,2.162
1776463101,755200531,robot_4,-2.720,1.507
1776463101,956347513,robot_3,-1.794,1.677
1776463101,956380549,robot_0,1.069,-4.111
1776463101,956395867,robot_1,-1.172,4.397
1776463101,956406890,robot_2,-2.178,2.162
1776463101,956418333,robot_4,-2.720,1.507
1776463102,175428559,robot_3,-1.764,1.700
1776463102,175446026,robot_0,1.027,-4.098
1776463102,175452740,robot_1,-1.172,4.398
1776463102,175458451,robot_2,-2.179,2.162
1776463102,175463642,robot_4,-2.720,1.507
1776463102,377103811,robot_3,-1.733,1.723
1776463102,377123406,robot_0,0.991,-4.087
1776463102,377143423,robot_1,-1.173,4.398
1776463102,377150937,robot_2,-2.179,2.163
1776463102,377158598,robot_4,-2.720,1.508
1776463102,577283491,robot_3,-1.707,1.744
1776463102,577306894,robot_0,0.955,-4.075
1776463102,577317894,robot_1,-1.173,4.398
1776463102,577327157,robot_2,-2.179,2.163
1776463102,577334981,robot_4,-2.720,1.508
1776463102,796319541,robot_3,-1.673,1.770
1776463102,796342158,robot_0,0.913,-4.062
1776463102,796353684,robot_1,-1.173,4.398
1776463102,796362530,robot_2,-2.179,2.163
1776463102,796370636,robot_4,-2.721,1.508
1776463102,996381717,robot_3,-1.637,1.798
1776463102,996401354,robot_0,0.871,-4.049
1776463102,996409006,robot_1,-1.173,4.398
1776463102,996415250,robot_2,-2.179,2.163
1776463102,996420212,robot_4,-2.721,1.508
1776463103,196609704,robot_3,-1.589,1.835
1776463103,196626991,robot_0,0.831,-4.036
1776463103,196633887,robot_1,-1.173,4.398
1776463103,196639154,robot_2,-2.179,2.163
1776463103,196644621,robot_4,-2.721,1.509
1776463103,417505012,robot_3,-1.551,1.865
1776463103,417533784,robot_0,0.789,-4.022
1776463103,417548281,robot_1,-1.174,4.398
1776463103,417559634,robot_2,-2.178,2.162
1776463103,417571578,robot_4,-2.721,1.509
1776463103,635162980,robot_3,-1.508,1.897
1776463103,635180969,robot_0,0.730,-4.003
1776463103,635187489,robot_1,-1.174,4.398
1776463103,635192722,robot_2,-2.178,2.162
1776463103,635197674,robot_4,-2.721,1.510
1776463103,836540018,robot_3,-1.460,1.935
1776463103,836563098,robot_0,0.682,-3.989
1776463103,836579907,robot_1,-1.174,4.398
1776463103,836595213,robot_2,-2.177,2.162
1776463103,836614232,robot_4,-2.720,1.510
1776463104,56435182,robot_3,-1.424,1.962
1776463104,56460434,robot_0,0.638,-3.977
1776463104,56470516,robot_1,-1.175,4.398
1776463104,56478438,robot_2,-2.177,2.163
1776463104,56485591,robot_4,-2.720,1.511
1776463104,275428415,robot_3,-1.375,2.000
1776463104,275443014,robot_0,0.581,-3.962
1776463104,275449532,robot_1,-1.175,4.398
1776463104,275455070,robot_2,-2.176,2.163
1776463104,275459837,robot_4,-2.720,1.511
1776463104,476341051,robot_3,-1.323,2.040
1776463104,476359713,robot_0,0.538,-3.950
1776463104,476367480,robot_1,-1.176,4.398
1776463104,476373462,robot_2,-2.176,2.163
1776463104,476379483,robot_4,-2.719,1.511
1776463104,695765969,robot_3,-1.290,2.066
1776463104,695787340,robot_0,0.492,-3.938
1776463104,695794154,robot_1,-1.176,4.397
1776463104,695799517,robot_2,-2.176,2.163
1776463104,695805112,robot_4,-2.718,1.509
1776463104,897403297,robot_3,-1.262,2.087
1776463104,897424671,robot_0,0.441,-3.925
1776463104,897434660,robot_1,-1.176,4.397
1776463104,897443291,robot_2,-2.176,2.164
1776463104,897452175,robot_4,-2.691,1.457
1776463105,116960814,robot_3,-1.228,2.113
1776463105,116981060,robot_0,0.395,-3.917
1776463105,116990299,robot_1,-1.176,4.397
1776463105,116997635,robot_2,-2.176,2.164
1776463105,117004355,robot_4,-2.665,1.407
1776463105,336914782,robot_3,-1.198,2.137
1776463105,336944321,robot_0,0.342,-3.907
1776463105,336958163,robot_1,-1.176,4.397
1776463105,336969594,robot_2,-2.176,2.164
1776463105,336981329,robot_4,-2.641,1.360
1776463105,556473995,robot_3,-1.172,2.156
1776463105,556494464,robot_0,0.277,-3.894
1776463105,556503147,robot_1,-1.176,4.397
1776463105,556510843,robot_2,-2.176,2.163
1776463105,556517392,robot_4,-2.605,1.294
1776463105,757269574,robot_3,-1.139,2.179
1776463105,757293274,robot_0,0.237,-3.885
1776463105,757305449,robot_1,-1.176,4.397
1776463105,757316574,robot_2,-2.176,2.163
1776463105,757326484,robot_4,-2.583,1.256
1776463105,976747717,robot_3,-1.097,2.209
1776463105,976769190,robot_0,0.191,-3.874
1776463105,976776793,robot_1,-1.176,4.397
1776463105,976783027,robot_2,-2.177,2.163
1776463105,976788388,robot_4,-2.557,1.212
1776463106,196905966,robot_3,-1.055,2.241
1776463106,196922568,robot_0,0.144,-3.863
1776463106,196929411,robot_1,-1.175,4.398
1776463106,196935001,robot_2,-2.177,2.163
1776463106,196940207,robot_4,-2.528,1.163
1776463106,417315975,robot_3,-1.021,2.269
1776463106,417342845,robot_0,0.101,-3.855
1776463106,417354724,robot_1,-1.175,4.398
1776463106,417364563,robot_2,-2.178,2.163
1776463106,417373116,robot_4,-2.505,1.125
1776463106,636544110,robot_3,-0.967,2.312
1776463106,636562136,robot_0,0.030,-3.841
1776463106,636568954,robot_1,-1.174,4.398
1776463106,636573993,robot_2,-2.178,2.163
1776463106,636579037,robot_4,-2.475,1.074
1776463106,857178845,robot_3,-0.919,2.347
1776463106,857213138,robot_0,-0.030,-3.829
1776463106,857246710,robot_1,-1.174,4.398
1776463106,857257213,robot_2,-2.179,2.163
1776463106,857266769,robot_4,-2.446,1.026
1776463107,76512388,robot_3,-0.883,2.372
1776463107,76532587,robot_0,-0.073,-3.821
1776463107,76540918,robot_1,-1.173,4.398
1776463107,76548580,robot_2,-2.179,2.163
1776463107,76555308,robot_4,-2.424,0.988
1776463107,295370800,robot_3,-0.849,2.397
1776463107,295388283,robot_0,-0.114,-3.813
1776463107,295395549,robot_1,-1.173,4.398
1776463107,295401428,robot_2,-2.180,2.163
1776463107,295407254,robot_4,-2.410,0.964
1776463107,495958696,robot_3,-0.818,2.422
1776463107,495977529,robot_0,-0.154,-3.805
1776463107,495984155,robot_1,-1.173,4.398
1776463107,495989345,robot_2,-2.180,2.163
1776463107,495994860,robot_4,-2.394,0.932
1776463107,696654689,robot_3,-0.782,2.452
1776463107,696671673,robot_0,-0.194,-3.797
1776463107,696678707,robot_1,-1.182,4.377
1776463107,696684446,robot_2,-2.180,2.163
1776463107,696689750,robot_4,-2.376,0.894
1776463107,915499117,robot_3,-0.726,2.497
1776463107,915514806,robot_0,-0.241,-3.788
1776463107,915521185,robot_1,-1.203,4.330
1776463107,915526861,robot_2,-2.179,2.163
1776463107,915531874,robot_4,-2.352,0.841
1776463108,116588472,robot_3,-0.691,2.523
1776463108,116617675,robot_0,-0.280,-3.780
1776463108,116630865,robot_1,-1.218,4.293
1776463108,116641436,robot_2,-2.179,2.163
1776463108,116652039,robot_4,-2.333,0.802
1776463108,338802745,robot_3,-0.644,2.557
1776463108,338820975,robot_0,-0.325,-3.772
1776463108,338828547,robot_1,-1.224,4.279
1776463108,338835486,robot_2,-2.179,2.163
1776463108,338842272,robot_4,-2.315,0.764
1776463108,556127687,robot_3,-0.578,2.605
1776463108,556150392,robot_0,-0.372,-3.763
1776463108,556156712,robot_1,-1.224,4.279
1776463108,556162262,robot_2,-2.178,2.163
1776463108,556167109,robot_4,-2.297,0.728
1776463108,775478714,robot_3,-0.541,2.633
1776463108,775495604,robot_0,-0.416,-3.757
1776463108,775502458,robot_1,-1.225,4.279
1776463108,775507533,robot_2,-2.178,2.163
1776463108,775512846,robot_4,-2.275,0.689
1776463108,976388959,robot_3,-0.496,2.666
1776463108,976414150,robot_0,-0.451,-3.752
1776463108,976424031,robot_1,-1.225,4.279
1776463108,976433396,robot_2,-2.177,2.163
1776463108,976441015,robot_4,-2.248,0.641
1776463109,196182280,robot_3,-0.445,2.707
1776463109,196199970,robot_0,-0.490,-3.747
1776463109,196211103,robot_1,-1.226,4.279
1776463109,196216871,robot_2,-2.177,2.164
1776463109,196222792,robot_4,-2.210,0.574
1776463109,396889405,robot_3,-0.414,2.733
1776463109,396907418,robot_0,-0.529,-3.743
1776463109,396913941,robot_1,-1.226,4.278
1776463109,396919568,robot_2,-2.176,2.164
1776463109,396925034,robot_4,-2.190,0.539
1776463109,597163182,robot_3,-0.379,2.763
1776463109,597186807,robot_0,-0.560,-3.740
1776463109,597196240,robot_1,-1.226,4.278
1776463109,597203047,robot_2,-2.176,2.164
1776463109,597215296,robot_4,-2.166,0.498
1776463109,816817089,robot_3,-0.341,2.796
1776463109,816836476,robot_0,-0.597,-3.736
1776463109,816843442,robot_1,-1.227,4.278
1776463109,816849507,robot_2,-2.176,2.164
1776463109,816855273,robot_4,-2.140,0.453
1776463110,36827297,robot_3,-0.308,2.825
1776463110,36850600,robot_0,-0.641,-3.732
1776463110,36861104,robot_1,-1.227,4.277
1776463110,36869556,robot_2,-2.176,2.164
1776463110,36877991,robot_4,-2.119,0.414
1776463110,257090350,robot_3,-0.270,2.858
1776463110,257119221,robot_0,-0.673,-3.729
1776463110,257129366,robot_1,-1.227,4.277
1776463110,257137627,robot_2,-2.176,2.164
1776463110,257145571,robot_4,-2.103,0.387
1776463110,476131158,robot_3,-0.235,2.888
1776463110,476172897,robot_0,-0.713,-3.727
1776463110,476194576,robot_1,-1.227,4.277
1776463110,476220609,robot_2,-2.177,2.164
1776463110,476238436,robot_4,-2.084,0.354
1776463110,696572459,robot_3,-0.204,2.915
1776463110,696588077,robot_0,-0.758,-3.726
1776463110,696594599,robot_1,-1.227,4.277
1776463110,696600016,robot_2,-2.177,2.164
1776463110,696604962,robot_4,-2.062,0.316
1776463110,897489293,robot_3,-0.179,2.937
1776463110,897510211,robot_0,-0.801,-3.725
1776463110,897517068,robot_1,-1.227,4.277
1776463110,897523285,robot_2,-2.177,2.163
1776463110,897528819,robot_4,-2.043,0.281
1776463111,117061548,robot_3,-0.146,2.965
1776463111,117079929,robot_0,-0.846,-3.724
1776463111,117088067,robot_1,-1.227,4.276
1776463111,117094236,robot_2,-2.178,2.163
1776463111,117101153,robot_4,-2.021,0.243
1776463111,335375426,robot_3,-0.110,2.997
1776463111,335397083,robot_0,-0.898,-3.723
1776463111,335404495,robot_1,-1.227,4.276
1776463111,335410189,robot_2,-2.179,2.163
1776463111,335415905,robot_4,-1.996,0.200
1776463111,535953341,robot_3,-0.073,3.028
1776463111,535970828,robot_0,-0.956,-3.722
1776463111,535977592,robot_1,-1.227,4.276
1776463111,535983626,robot_2,-2.179,2.164
1776463111,535988844,robot_4,-1.969,0.152
1776463111,737704270,robot_3,-0.042,3.053
1776463111,737737804,robot_0,-0.996,-3.721
1776463111,737756339,robot_1,-1.227,4.275
1776463111,737771530,robot_2,-2.180,2.164
1776463111,737786084,robot_4,-1.948,0.115
1776463111,955311483,robot_3,-0.009,3.079
1776463111,955327737,robot_0,-1.030,-3.721
1776463111,955342011,robot_1,-1.226,4.275
1776463111,955346918,robot_2,-2.180,2.164
1776463111,955352251,robot_4,-1.920,0.066
1776463112,155615252,robot_3,0.020,3.103
1776463112,155631957,robot_0,-1.054,-3.720
1776463112,155638608,robot_1,-1.226,4.275
1776463112,155644136,robot_2,-2.180,2.164
1776463112,155649273,robot_4,-1.883,0.001
1776463112,376276265,robot_3,0.055,3.131
1776463112,376291598,robot_0,-1.098,-3.719
1776463112,376297785,robot_1,-1.226,4.274
1776463112,376303389,robot_2,-2.180,2.164
1776463112,376308181,robot_4,-1.857,-0.043
1776463112,596363393,robot_3,0.082,3.153
1776463112,596384634,robot_0,-1.154,-3.718
1776463112,596392822,robot_1,-1.225,4.274
1776463112,596399150,robot_2,-2.180,2.164
1776463112,596405257,robot_4,-1.829,-0.094
1776463112,796992967,robot_3,0.107,3.173
1776463112,797014923,robot_0,-1.206,-3.717
1776463112,797024290,robot_1,-1.225,4.274
1776463112,797032875,robot_2,-2.180,2.164
1776463112,797040306,robot_4,-1.799,-0.147
1776463113,16507085,robot_3,0.141,3.200
1776463113,16524788,robot_0,-1.250,-3.716
1776463113,16531790,robot_1,-1.225,4.274
1776463113,16537277,robot_2,-2.179,2.164
1776463113,16542092,robot_4,-1.778,-0.186
1776463113,217018483,robot_3,0.186,3.236
1776463113,217041898,robot_0,-1.290,-3.715
1776463113,217051416,robot_1,-1.225,4.274
1776463113,217059737,robot_2,-2.179,2.164
1776463113,217068372,robot_4,-1.759,-0.220
1776463113,437198018,robot_3,0.230,3.272
1776463113,437226282,robot_0,-1.335,-3.714
1776463113,437239431,robot_1,-1.225,4.274
1776463113,437250583,robot_2,-2.178,2.164
1776463113,437261560,robot_4,-1.738,-0.257
1776463113,656449132,robot_3,0.263,3.299
1776463113,656470630,robot_0,-1.378,-3.713
1776463113,656480236,robot_1,-1.224,4.274
1776463113,656488378,robot_2,-2.178,2.164
1776463113,656496108,robot_4,-1.717,-0.295
1776463113,875567276,robot_3,0.289,3.319
1776463113,875585319,robot_0,-1.409,-3.712
1776463113,875592669,robot_1,-1.224,4.274
1776463113,875599194,robot_2,-2.177,2.164
1776463113,875604837,robot_4,-1.701,-0.325
1776463114,95411334,robot_3,0.323,3.343
1776463114,95429906,robot_0,-1.449,-3.711
1776463114,95437902,robot_1,-1.223,4.275
1776463114,95444454,robot_2,-2.177,2.164
1776463114,95449908,robot_4,-1.681,-0.361
1776463114,295449126,robot_3,0.359,3.367
1776463114,295465468,robot_0,-1.495,-3.709
1776463114,295471858,robot_1,-1.223,4.275
1776463114,295476956,robot_2,-2.177,2.165
1776463114,295481731,robot_4,-1.661,-0.398
1776463114,497016499,robot_3,0.401,3.395
1776463114,497040619,robot_0,-1.556,-3.706
1776463114,497050143,robot_1,-1.223,4.275
1776463114,497058756,robot_2,-2.177,2.165
1776463114,497066670,robot_4,-1.628,-0.458
1776463114,718520751,robot_3,0.439,3.421
1776463114,718550934,robot_0,-1.605,-3.704
1776463114,718565765,robot_1,-1.223,4.275
1776463114,718578011,robot_2,-2.177,2.165
1776463114,718589844,robot_4,-1.601,-0.507
1776463114,936613288,robot_3,0.474,3.444
1776463114,936636595,robot_0,-1.662,-3.701
1776463114,936644958,robot_1,-1.222,4.276
1776463114,936651567,robot_2,-2.177,2.165
1776463114,936658113,robot_4,-1.576,-0.553
1776463115,137067764,robot_3,0.503,3.463
1776463115,137105513,robot_0,-1.731,-3.697
1776463115,137121882,robot_1,-1.222,4.276
1776463115,137135446,robot_2,-2.177,2.165
1776463115,137148332,robot_4,-1.543,-0.617
1776463115,356666110,robot_3,0.541,3.486
1776463115,356686605,robot_0,-1.779,-3.693
1776463115,356696244,robot_1,-1.222,4.276
1776463115,356703919,robot_2,-2.177,2.164
1776463115,356711460,robot_4,-1.519,-0.665
1776463115,575993980,robot_3,0.592,3.518
1776463115,576016480,robot_0,-1.828,-3.688
1776463115,576026539,robot_1,-1.222,4.276
1776463115,576034690,robot_2,-2.178,2.164
1776463115,576042552,robot_4,-1.494,-0.715
1776463115,795177011,robot_3,0.648,3.551
1776463115,795192742,robot_0,-1.877,-3.684
1776463115,795199091,robot_1,-1.222,4.276
1776463115,795204237,robot_2,-2.178,2.164
1776463115,795214421,robot_4,-1.465,-0.774
1776463115,996489085,robot_3,0.682,3.572
1776463115,996513421,robot_0,-1.917,-3.680
1776463115,996522856,robot_1,-1.223,4.275
1776463115,996530717,robot_2,-2.179,2.164
1776463115,996538289,robot_4,-1.448,-0.810
1776463116,215723330,robot_3,0.741,3.608
1776463116,215740087,robot_0,-1.982,-3.674
1776463116,215746839,robot_1,-1.223,4.275
1776463116,215752077,robot_2,-2.179,2.164
1776463116,215756957,robot_4,-1.422,-0.862
1776463116,417517141,robot_3,0.793,3.640
1776463116,417548976,robot_0,-2.038,-3.669
1776463116,417580850,robot_1,-1.223,4.275
1776463116,417593816,robot_2,-2.180,2.164
1776463116,417607030,robot_4,-1.400,-0.911
1776463116,636219687,robot_3,0.830,3.663
1776463116,636247206,robot_0,-2.082,-3.665
1776463116,636259898,robot_1,-1.224,4.275
1776463116,636271207,robot_2,-2.180,2.165
1776463116,636281206,robot_4,-1.383,-0.952
1776463116,837772746,robot_3,0.891,3.699
1776463116,837800997,robot_0,-2.153,-3.659
1776463116,837810637,robot_1,-1.224,4.274
1776463116,837819512,robot_2,-2.181,2.165
1776463116,837827924,robot_4,-1.364,-0.998
1776463117,56102315,robot_3,0.948,3.733
1776463117,56120387,robot_0,-2.219,-3.653
1776463117,56127078,robot_1,-1.225,4.274
1776463117,56132621,robot_2,-2.181,2.165
1776463117,56138252,robot_4,-1.345,-1.045
1776463117,275260677,robot_3,0.987,3.756
1776463117,275281606,robot_0,-2.265,-3.648
1776463117,275288759,robot_1,-1.225,4.275
1776463117,275294185,robot_2,-2.181,2.165
1776463117,275298731,robot_4,-1.328,-1.086
1776463117,477001230,robot_3,1.024,3.779
1776463117,477020945,robot_0,-2.316,-3.644
1776463117,477027106,robot_1,-1.226,4.275
1776463117,477032885,robot_2,-2.181,2.165
1776463117,477037800,robot_4,-1.303,-1.146
1776463117,677076273,robot_3,1.059,3.802
1776463117,677093211,robot_0,-2.358,-3.640
1776463117,677100323,robot_1,-1.226,4.275
1776463117,677106093,robot_2,-2.181,2.165
1776463117,677112046,robot_4,-1.283,-1.195
1776463117,897086966,robot_3,1.093,3.825
1776463117,897112110,robot_0,-2.409,-3.635
1776463117,897119254,robot_1,-1.226,4.275
1776463117,897124610,robot_2,-2.181,2.166
1776463117,897130463,robot_4,-1.267,-1.235
1776463118,117130071,robot_3,1.121,3.843
1776463118,117153086,robot_0,-2.485,-3.628
1776463118,117162460,robot_1,-1.226,4.275
1776463118,117170233,robot_2,-2.181,2.166
1776463118,117177617,robot_4,-1.250,-1.276
1776463118,317848484,robot_3,1.153,3.865
1776463118,317878279,robot_0,-2.512,-3.626
1776463118,317892468,robot_1,-1.226,4.275
1776463118,317904179,robot_2,-2.181,2.167
1776463118,317915435,robot_4,-1.245,-1.290
1776463118,536394970,robot_3,1.188,3.888
1776463118,536415600,robot_0,-2.512,-3.626
1776463118,536422594,robot_1,-1.227,4.275
1776463118,536428196,robot_2,-2.181,2.167
1776463118,536433734,robot_4,-1.244,-1.290
1776463118,755261658,robot_3,1.221,3.910
1776463118,755277111,robot_0,-2.512,-3.627
1776463118,755283868,robot_1,-1.227,4.276
1776463118,755289168,robot_2,-2.181,2.168
1776463118,755294100,robot_4,-1.244,-1.289
1776463118,956984949,robot_3,1.254,3.932
1776463118,957000993,robot_0,-2.512,-3.627
1776463118,957008555,robot_1,-1.227,4.276
1776463118,957014390,robot_2,-2.181,2.168
1776463118,957020701,robot_4,-1.243,-1.290
1776463119,175880858,robot_3,1.302,3.963
1776463119,175899269,robot_0,-2.511,-3.630
1776463119,175907778,robot_1,-1.227,4.277
1776463119,175914837,robot_2,-2.181,2.169
1776463119,175921377,robot_4,-1.243,-1.290
1776463119,376381019,robot_3,1.348,3.993
1776463119,376403250,robot_0,-2.507,-3.633
1776463119,376412968,robot_1,-1.227,4.277
1776463119,376420937,robot_2,-2.181,2.169
1776463119,376429364,robot_4,-1.243,-1.290
1776463119,576921049,robot_3,1.382,4.015
1776463119,576947799,robot_0,-2.507,-3.633
1776463119,576960139,robot_1,-1.227,4.278
1776463119,576970786,robot_2,-2.181,2.169
1776463119,576980862,robot_4,-1.242,-1.290
1776463119,796678287,robot_3,1.422,4.042
1776463119,796696600,robot_0,-2.507,-3.633
1776463119,796705882,robot_1,-1.227,4.278
1776463119,796713701,robot_2,-2.180,2.169
1776463119,796720526,robot_4,-1.242,-1.291
1776463120,17165929,robot_3,1.462,4.068
1776463120,17194050,robot_0,-2.508,-3.633
1776463120,17210679,robot_1,-1.227,4.278
1776463120,17227715,robot_2,-2.180,2.169
1776463120,17234562,robot_4,-1.242,-1.291
1776463120,235535390,robot_3,1.498,4.094
1776463120,235565167,robot_0,-2.508,-3.633
1776463120,235579856,robot_1,-1.227,4.278
1776463120,235593426,robot_2,-2.180,2.169
1776463120,235605673,robot_4,-1.241,-1.292
1776463120,436883950,robot_3,1.551,4.130
1776463120,436913740,robot_0,-2.508,-3.633
1776463120,436930155,robot_1,-1.227,4.278
1776463120,436944186,robot_2,-2.179,2.170
1776463120,436957630,robot_4,-1.241,-1.292
1776463120,655478300,robot_3,1.600,4.162
1776463120,655495822,robot_0,-2.505,-3.610
1776463120,655502954,robot_1,-1.227,4.279
1776463120,655509648,robot_2,-2.179,2.170
1776463120,655515756,robot_4,-1.255,-1.296
1776463120,856422103,robot_3,1.635,4.184
1776463120,856442901,robot_0,-2.496,-3.540
1776463120,856453140,robot_1,-1.227,4.279
1776463120,856461004,robot_2,-2.178,2.170
1776463120,856468878,robot_4,-1.324,-1.316
1776463121,75558978,robot_3,1.700,4.223
1776463121,75576793,robot_0,-2.490,-3.495
1776463121,75583364,robot_1,-1.226,4.279
1776463121,75588482,robot_2,-2.178,2.169
1776463121,75593200,robot_4,-1.372,-1.330
1776463121,276979266,robot_3,1.744,4.250
1776463121,277012281,robot_0,-2.487,-3.465
1776463121,277026865,robot_1,-1.226,4.279
1776463121,277038393,robot_2,-2.177,2.169
1776463121,277049195,robot_4,-1.424,-1.345
1776463121,495240783,robot_3,1.786,4.275
1776463121,495259454,robot_0,-2.482,-3.433
1776463121,495265604,robot_1,-1.225,4.280
1776463121,495271113,robot_2,-2.177,2.169
1776463121,495276033,robot_4,-1.497,-1.367
1776463121,696472224,robot_3,1.836,4.305
1776463121,696490926,robot_0,-2.477,-3.393
1776463121,696498432,robot_1,-1.225,4.280
1776463121,696504685,robot_2,-2.177,2.169
1776463121,696510316,robot_4,-1.536,-1.378
1776463121,896639822,robot_3,1.875,4.326
1776463121,896658083,robot_0,-2.474,-3.367
1776463121,896665372,robot_1,-1.224,4.280
1776463121,896671735,robot_2,-2.177,2.169
1776463121,896677085,robot_4,-1.579,-1.391
1776463122,96691287,robot_3,1.915,4.348
1776463122,96713914,robot_0,-2.471,-3.339
1776463122,96723193,robot_1,-1.224,4.279
1776463122,96731059,robot_2,-2.177,2.169
1776463122,96737942,robot_4,-1.624,-1.404
1776463122,317027084,robot_3,1.972,4.379
1776463122,317059613,robot_0,-2.467,-3.295
1776463122,317077808,robot_1,-1.226,4.275
1776463122,317093500,robot_2,-2.176,2.168
1776463122,317108010,robot_4,-1.666,-1.417
1776463122,536587834,robot_3,2.012,4.402
1776463122,536606749,robot_0,-2.460,-3.228
1776463122,536613468,robot_1,-1.247,4.222
1776463122,536619315,robot_2,-2.176,2.168
1776463122,536624549,robot_4,-1.733,-1.436
1776463122,756130220,robot_3,2.053,4.426
1776463122,756153025,robot_0,-2.452,-3.170
1776463122,756163677,robot_1,-1.265,4.179
1776463122,756172428,robot_2,-2.176,2.167
1776463122,756181264,robot_4,-1.801,-1.457
1776463122,956405225,robot_3,2.091,4.448
1776463122,956421134,robot_0,-2.446,-3.132
1776463122,956427567,robot_1,-1.281,4.138
1776463122,956432618,robot_2,-2.176,2.167
1776463122,956438037,robot_4,-1.840,-1.468
1776463123,176302778,robot_3,2.129,4.470
1776463123,176319448,robot_0,-2.441,-3.106
1776463123,176325716,robot_1,-1.303,4.089
1776463123,176331379,robot_2,-2.176,2.166
1776463123,176336488,robot_4,-1.872,-1.477
1776463123,395367164,robot_3,2.144,4.478
1776463123,395382897,robot_0,-2.432,-3.069
1776463123,395389283,robot_1,-1.306,4.082
1776463123,395394383,robot_2,-2.176,2.166
1776463123,395399061,robot_4,-1.910,-1.489
1776463123,597301488,robot_3,2.144,4.479
1776463123,597325418,robot_0,-2.422,-3.030
1776463123,597336440,robot_1,-1.305,4.082
1776463123,597345432,robot_2,-2.176,2.165
1776463123,597353172,robot_4,-1.947,-1.499
1776463123,816689495,robot_3,2.144,4.479
1776463123,816718441,robot_0,-2.411,-2.987
1776463123,816733297,robot_1,-1.305,4.081
1776463123,816745722,robot_2,-2.177,2.165
1776463123,816757640,robot_4,-1.972,-1.507
1776463124,37366695,robot_3,2.144,4.480
1776463124,37384640,robot_0,-2.399,-2.945
1776463124,37390980,robot_1,-1.305,4.081
1776463124,37396394,robot_2,-2.177,2.165
1776463124,37401502,robot_4,-2.011,-1.518
1776463124,257600859,robot_3,2.144,4.480
1776463124,257623532,robot_0,-2.385,-2.891
1776463124,257633085,robot_1,-1.305,4.080
1776463124,257641789,robot_2,-2.195,2.184
1776463124,257650251,robot_4,-2.063,-1.533
1776463124,477332483,robot_3,2.144,4.481
1776463124,477367532,robot_0,-2.372,-2.831
1776463124,477384096,robot_1,-1.305,4.080
1776463124,477398369,robot_2,-2.219,2.214
1776463124,477409917,robot_4,-2.134,-1.553
1776463124,696723672,robot_3,2.145,4.481
1776463124,696747716,robot_0,-2.364,-2.788
1776463124,696755538,robot_1,-1.305,4.079
1776463124,696761602,robot_2,-2.248,2.252
1776463124,696766981,robot_4,-2.178,-1.563
1776463124,897217924,robot_3,2.145,4.481
1776463124,897239479,robot_0,-2.353,-2.724
1776463124,897247867,robot_1,-1.305,4.079
1776463124,897255311,robot_2,-2.293,2.309
1776463124,897261733,robot_4,-2.235,-1.577
1776463125,115622775,robot_3,2.145,4.482
1776463125,115639841,robot_0,-2.340,-2.652
1776463125,115646695,robot_1,-1.305,4.079
1776463125,115652138,robot_2,-2.329,2.353
1776463125,115657463,robot_4,-2.311,-1.595
1776463125,317580286,robot_3,2.146,4.482
1776463125,317601938,robot_0,-2.333,-2.613
1776463125,317611783,robot_1,-1.305,4.078
1776463125,317619485,robot_2,-2.352,2.382
1776463125,317627069,robot_4,-2.350,-1.604
1776463125,535812777,robot_3,2.146,4.482
1776463125,535830587,robot_0,-2.326,-2.570
1776463125,535839174,robot_1,-1.305,4.078
1776463125,535846462,robot_2,-2.374,2.410
1776463125,535854431,robot_4,-2.404,-1.616
1776463125,736741846,robot_3,2.146,4.482
1776463125,736763834,robot_0,-2.319,-2.532
1776463125,736772068,robot_1,-1.305,4.078
1776463125,736778720,robot_2,-2.378,2.414
1776463125,736784038,robot_4,-2.452,-1.627
1776463125,936969604,robot_3,2.146,4.482
1776463125,936989283,robot_0,-2.312,-2.492
1776463125,936999124,robot_1,-1.305,4.078
1776463125,937007156,robot_2,-2.378,2.415
1776463125,937014204,robot_4,-2.491,-1.637
1776463126,137159752,robot_3,2.146,4.482
1776463126,137188050,robot_0,-2.307,-2.465
1776463126,137195751,robot_1,-1.306,4.078
1776463126,137202115,robot_2,-2.378,2.415
1776463126,137210948,robot_4,-2.536,-1.647
1776463126,356394279,robot_3,2.147,4.482
1776463126,356410923,robot_0,-2.301,-2.428
1776463126,356418087,robot_1,-1.306,4.078
1776463126,356424291,robot_2,-2.386,2.387
1776463126,356429614,robot_4,-2.583,-1.658
1776463126,575909471,robot_3,2.147,4.482
1776463126,575926505,robot_0,-2.293,-2.382
1776463126,575933396,robot_1,-1.306,4.077
1776463126,575939255,robot_2,-2.393,2.362
1776463126,575944205,robot_4,-2.626,-1.668
1776463126,776278652,robot_3,2.148,4.482
1776463126,776294042,robot_0,-2.283,-2.324
1776463126,776300020,robot_1,-1.307,4.077
1776463126,776305416,robot_2,-2.393,2.362
1776463126,776310411,robot_4,-2.668,-1.678
1776463126,977421784,robot_3,2.148,4.482
1776463126,977443692,robot_0,-2.275,-2.279
1776463126,977452838,robot_1,-1.307,4.077
1776463126,977460221,robot_2,-2.393,2.363
1776463126,977467328,robot_4,-2.708,-1.687
1776463127,196226985,robot_3,2.149,4.481
1776463127,196250875,robot_0,-2.268,-2.240
1776463127,196262949,robot_1,-1.308,4.077
1776463127,196272543,robot_2,-2.393,2.363
1776463127,196282326,robot_4,-2.750,-1.697
1776463127,396263240,robot_3,2.149,4.481
1776463127,396279515,robot_0,-2.264,-2.214
1776463127,396285806,robot_1,-1.308,4.078
1776463127,396291644,robot_2,-2.394,2.364
1776463127,396297001,robot_4,-2.786,-1.705
1776463127,596322539,robot_3,2.149,4.480
1776463127,596344625,robot_0,-2.258,-2.177
1776463127,596353504,robot_1,-1.309,4.078
1776463127,596359708,robot_2,-2.394,2.364
1776463127,596366263,robot_4,-2.825,-1.714
1776463127,815688068,robot_3,2.149,4.480
1776463127,815704489,robot_0,-2.252,-2.129
1776463127,815711094,robot_1,-1.309,4.078
1776463127,815716567,robot_2,-2.394,2.364
1776463127,815721300,robot_4,-2.869,-1.725
1776463128,19485113,robot_3,2.149,4.480
1776463128,19506824,robot_0,-2.245,-2.080
1776463128,19516823,robot_1,-1.309,4.078
1776463128,19523930,robot_2,-2.394,2.364
1776463128,19530929,robot_4,-2.912,-1.735
1776463128,235252796,robot_3,2.112,4.463
1776463128,235274978,robot_0,-2.238,-2.035
1776463128,235285856,robot_1,-1.309,4.078
1776463128,235293708,robot_2,-2.394,2.364
1776463128,235300821,robot_4,-2.956,-1.745
1776463128,436719566,robot_3,2.071,4.445
1776463128,436743604,robot_0,-2.233,-2.000
1776463128,436751296,robot_1,-1.309,4.078
1776463128,436757732,robot_2,-2.394,2.364
1776463128,436764104,robot_4,-2.991,-1.753
1776463128,655454402,robot_3,2.032,4.427
1776463128,655470997,robot_0,-2.228,-1.964
1776463128,655477473,robot_1,-1.309,4.079
1776463128,655482985,robot_2,-2.395,2.364
1776463128,655487891,robot_4,-3.024,-1.761
1776463128,856727991,robot_3,1.998,4.412
1776463128,856746128,robot_0,-2.223,-1.925
1776463128,856753731,robot_1,-1.310,4.079
1776463128,856760138,robot_2,-2.395,2.365
1776463128,856765743,robot_4,-3.063,-1.770
1776463129,57010013,robot_3,1.963,4.394
1776463129,57042128,robot_0,-2.215,-1.870
1776463129,57056884,robot_1,-1.310,4.079
1776463129,57068964,robot_2,-2.396,2.365
1776463129,57080240,robot_4,-3.109,-1.781
1776463129,276101197,robot_3,1.923,4.371
1776463129,276123567,robot_0,-2.203,-1.800
1776463129,276133876,robot_1,-1.310,4.080
1776463129,276142235,robot_2,-2.396,2.365
1776463129,276150604,robot_4,-3.170,-1.794
1776463129,476345532,robot_3,1.879,4.346
1776463129,476366628,robot_0,-2.195,-1.761
1776463129,476375302,robot_1,-1.310,4.080
1776463129,476382552,robot_2,-2.397,2.365
1776463129,476388953,robot_4,-3.209,-1.801
1776463129,695069207,robot_3,1.839,4.321
1776463129,695086682,robot_0,-2.182,-1.695
1776463129,695093098,robot_1,-1.309,4.081
1776463129,695098852,robot_2,-2.397,2.364
1776463129,695104042,robot_4,-3.257,-1.811
