stamp_sec,stamp_nsec,robot,x,y
1776827313,541651979,robot_4,0.371,-1.141
1776827313,541709333,robot_1,0.371,1.141
1776827313,541735608,robot_2,-0.971,0.705
1776827313,541759355,robot_0,1.200,-0.000
1776827313,541783731,robot_3,-0.971,-0.705
1776827314,904077199,robot_4,0.371,-1.141
1776827314,904120571,robot_1,0.371,1.141
1776827314,904143542,robot_2,-0.971,0.705
1776827314,904162762,robot_0,1.200,0.000
1776827314,904181973,robot_3,-0.971,-0.705
1776827315,122156869,robot_4,0.379,-1.165
1776827315,122182067,robot_1,0.379,1.165
1776827315,122193282,robot_2,-0.991,0.720
1776827315,122210011,robot_0,1.225,0.000
1776827315,122220115,robot_3,-0.991,-0.720
1776827315,342614196,robot_4,0.394,-1.211
1776827315,342638320,robot_1,0.391,1.205
1776827315,342650087,robot_2,-1.023,0.744
1776827315,342670819,robot_0,1.275,0.000
1776827315,342679681,robot_3,-1.021,-0.742
1776827315,542666896,robot_4,0.412,-1.268
1776827315,542686636,robot_1,0.401,1.235
1776827315,542694377,robot_2,-1.047,0.761
1776827315,542700711,robot_0,1.328,0.000
1776827315,542707372,robot_3,-1.041,-0.756
1776827315,762668367,robot_4,0.427,-1.315
1776827315,762700473,robot_1,0.415,1.276
1776827315,762710661,robot_2,-1.082,0.786
1776827315,762719491,robot_0,1.373,0.000
1776827315,762728375,robot_3,-1.076,-0.782
1776827315,980986361,robot_4,0.444,-1.365
1776827315,981006541,robot_1,0.429,1.320
1776827315,981014318,robot_2,-1.114,0.809
1776827315,981020958,robot_0,1.435,-0.000
1776827315,981035841,robot_3,-1.123,-0.816
1776827316,181552431,robot_4,0.463,-1.424
1776827316,181571095,robot_1,0.443,1.362
1776827316,181578165,robot_2,-1.140,0.828
1776827316,181584406,robot_0,1.508,-0.000
1776827316,181590179,robot_3,-1.168,-0.849
1776827316,383513952,robot_4,0.476,-1.464
1776827316,383545044,robot_1,0.457,1.399
1776827316,383558008,robot_2,-1.173,0.850
1776827316,383569134,robot_0,1.550,-0.000
1776827316,383579867,robot_3,-1.200,-0.872
1776827316,601706402,robot_4,0.488,-1.503
1776827316,601735862,robot_1,0.471,1.439
1776827316,601744802,robot_2,-1.206,0.872
1776827316,601751773,robot_0,1.615,-0.000
1776827316,601759675,robot_3,-1.247,-0.906
1776827316,821529613,robot_4,0.501,-1.542
1776827316,821551258,robot_1,0.484,1.477
1776827316,821559825,robot_2,-1.238,0.894
1776827316,821567084,robot_0,1.692,-0.000
1776827316,821585693,robot_3,-1.294,-0.940
1776827317,42419037,robot_4,0.515,-1.584
1776827317,42444689,robot_1,0.496,1.520
1776827317,42455665,robot_2,-1.274,0.918
1776827317,42465252,robot_0,1.736,-0.000
1776827317,42474047,robot_3,-1.329,-0.966
1776827317,261349212,robot_4,0.523,-1.612
1776827317,261367872,robot_1,0.504,1.549
1776827317,261374965,robot_2,-1.327,0.954
1776827317,261380530,robot_0,1.791,-0.000
1776827317,261386666,robot_3,-1.383,-1.004
1776827317,461425440,robot_4,0.531,-1.639
1776827317,461447880,robot_1,0.513,1.578
1776827317,461454478,robot_2,-1.369,0.983
1776827317,461460545,robot_0,1.836,-0.000
1776827317,461466688,robot_3,-1.422,-1.033
1776827317,681821372,robot_4,0.543,-1.681
1776827317,681839745,robot_1,0.525,1.620
1776827317,681846135,robot_2,-1.406,1.008
1776827317,681859833,robot_0,1.881,-0.000
1776827317,681865657,robot_3,-1.461,-1.061
1776827317,882035843,robot_4,0.561,-1.744
1776827317,882057150,robot_1,0.535,1.656
1776827317,882064226,robot_2,-1.439,1.030
1776827317,882070518,robot_0,1.944,-0.000
1776827317,882077111,robot_3,-1.518,-1.103
1776827318,82988339,robot_4,0.576,-1.800
1776827318,83021251,robot_1,0.546,1.693
1776827318,83036405,robot_2,-1.472,1.052
1776827318,83050491,robot_0,1.994,-0.000
1776827318,83063908,robot_3,-1.561,-1.134
1776827318,301297361,robot_4,0.588,-1.842
1776827318,301317815,robot_1,0.558,1.735
1776827318,301325132,robot_2,-1.511,1.079
1776827318,301330721,robot_0,2.038,-0.000
1776827318,301343849,robot_3,-1.593,-1.157
1776827318,501801957,robot_4,0.595,-1.871
1776827318,501822542,robot_1,0.569,1.771
1776827318,501829679,robot_2,-1.560,1.112
1776827318,501835793,robot_0,2.079,-0.000
1776827318,501841749,robot_3,-1.612,-1.172
1776827318,721994383,robot_4,0.604,-1.909
1776827318,722026590,robot_1,0.580,1.813
1776827318,722042468,robot_2,-1.602,1.140
1776827318,722054823,robot_0,2.123,-0.000
1776827318,722069146,robot_3,-1.643,-1.198
1776827318,922665357,robot_4,0.612,-1.950
1776827318,922686805,robot_1,0.591,1.848
1776827318,922693797,robot_2,-1.640,1.167
1776827318,922699396,robot_0,2.163,0.000
1776827318,922713942,robot_3,-1.681,-1.231
1776827319,140853050,robot_4,0.624,-2.007
1776827319,140881001,robot_1,0.599,1.875
1776827319,140887392,robot_2,-1.703,1.209
1776827319,140892975,robot_0,2.208,0.001
1776827319,140898504,robot_3,-1.737,-1.280
1776827319,340894915,robot_4,0.634,-2.049
1776827319,340918020,robot_1,0.611,1.910
1776827319,340925508,robot_2,-1.741,1.235
1776827319,340931304,robot_0,2.247,0.004
1776827319,340936465,robot_3,-1.769,-1.307
1776827319,542648276,robot_4,0.643,-2.092
1776827319,542667436,robot_1,0.625,1.950
1776827319,542675201,robot_2,-1.778,1.260
1776827319,542681169,robot_0,2.277,0.007
1776827319,542686820,robot_3,-1.809,-1.342
1776827319,742695276,robot_4,0.656,-2.151
1776827319,742721441,robot_1,0.639,1.994
1776827319,742728257,robot_2,-1.822,1.290
1776827319,742735266,robot_0,2.277,0.007
1776827319,742741550,robot_3,-1.861,-1.388
1776827319,962806823,robot_4,0.667,-2.200
1776827319,962840181,robot_1,0.652,2.038
1776827319,962872281,robot_2,-1.859,1.315
1776827319,962891433,robot_0,2.277,0.007
1776827319,962903617,robot_3,-1.896,-1.418
1776827320,181996040,robot_4,0.678,-2.250
1776827320,182024008,robot_1,0.664,2.081
1776827320,182038489,robot_2,-1.892,1.337
1776827320,182044461,robot_0,2.277,0.007
1776827320,182050398,robot_3,-1.931,-1.448
1776827320,401713728,robot_4,0.693,-2.308
1776827320,401738317,robot_1,0.676,2.126
1776827320,401746922,robot_2,-1.922,1.359
1776827320,401753383,robot_0,2.277,0.008
1776827320,401759209,robot_3,-1.965,-1.478
1776827320,602980397,robot_4,0.704,-2.347
1776827320,603004281,robot_1,0.687,2.164
1776827320,603014573,robot_2,-1.953,1.383
1776827320,603022812,robot_0,2.277,0.008
1776827320,603030353,robot_3,-1.996,-1.505
1776827320,822114164,robot_4,0.720,-2.398
1776827320,822134952,robot_1,0.695,2.196
1776827320,822142231,robot_2,-2.004,1.423
1776827320,822156851,robot_0,2.277,0.008
1776827320,822163055,robot_3,-2.047,-1.549
1776827321,22157963,robot_4,0.736,-2.448
1776827321,22179387,robot_1,0.703,2.222
1776827321,22188515,robot_2,-2.052,1.460
1776827321,22196599,robot_0,2.278,0.008
1776827321,22204594,robot_3,-2.095,-1.588
1776827321,241940606,robot_4,0.749,-2.490
1776827321,241964027,robot_1,0.714,2.265
1776827321,241973695,robot_2,-2.086,1.488
1776827321,241981453,robot_0,2.278,0.009
1776827321,241989247,robot_3,-2.129,-1.615
1776827321,442397397,robot_4,0.762,-2.530
1776827321,442432104,robot_1,0.730,2.323
1776827321,442447702,robot_2,-2.114,1.509
1776827321,442459609,robot_0,2.278,0.009
1776827321,442471861,robot_3,-2.149,-1.630
1776827321,662718013,robot_4,0.777,-2.573
1776827321,662740203,robot_1,0.745,2.387
1776827321,662749107,robot_2,-2.147,1.535
1776827321,662757153,robot_0,2.279,0.009
1776827321,662764482,robot_3,-2.176,-1.654
1776827321,882540387,robot_4,0.791,-2.615
1776827321,882569370,robot_1,0.755,2.431
1776827321,882580866,robot_2,-2.180,1.561
1776827321,882590184,robot_0,2.279,0.009
1776827321,882598421,robot_3,-2.209,-1.684
1776827322,101528602,robot_4,0.816,-2.682
1776827322,101550572,robot_1,0.772,2.505
1776827322,101559347,robot_2,-2.204,1.580
1776827322,101565925,robot_0,2.279,0.009
1776827322,101572943,robot_3,-2.245,-1.716
1776827322,302454919,robot_4,0.834,-2.733
1776827322,302475604,robot_1,0.784,2.559
1776827322,302483352,robot_2,-2.232,1.603
1776827322,302489293,robot_0,2.279,0.009
1776827322,302494874,robot_3,-2.275,-1.744
1776827322,521322074,robot_4,0.849,-2.772
1776827322,521340407,robot_1,0.794,2.606
1776827322,521347649,robot_2,-2.268,1.634
1776827322,521353587,robot_0,2.279,0.008
1776827322,521358758,robot_3,-2.303,-1.768
1776827322,722140323,robot_4,0.856,-2.792
1776827322,722160670,robot_1,0.810,2.677
1776827322,722169015,robot_2,-2.309,1.668
1776827322,722175910,robot_0,2.280,0.008
1776827322,722182611,robot_3,-2.319,-1.783
1776827322,922779761,robot_4,0.867,-2.824
1776827322,922811222,robot_1,0.821,2.731
1776827322,922825705,robot_2,-2.341,1.695
1776827322,922837786,robot_0,2.280,0.008
1776827322,922849259,robot_3,-2.347,-1.808
1776827323,140941216,robot_4,0.883,-2.866
1776827323,140959275,robot_1,0.830,2.780
1776827323,140966236,robot_2,-2.373,1.722
1776827323,140971542,robot_0,2.280,0.008
1776827323,140976659,robot_3,-2.384,-1.841
1776827323,341924692,robot_4,0.898,-2.909
1776827323,341953246,robot_1,0.843,2.847
1776827323,341966698,robot_2,-2.397,1.742
1776827323,341978124,robot_0,2.280,0.007
1776827323,341989510,robot_3,-2.421,-1.874
1776827323,542302937,robot_4,0.912,-2.948
1776827323,542327289,robot_1,0.853,2.894
1776827323,542337555,robot_2,-2.428,1.768
1776827323,542345595,robot_0,2.280,0.007
1776827323,542354174,robot_3,-2.451,-1.901
1776827323,762685406,robot_4,0.929,-2.996
1776827323,762718730,robot_1,0.860,2.933
1776827323,762733545,robot_2,-2.455,1.791
1776827323,762746512,robot_0,2.280,0.007
1776827323,762761292,robot_3,-2.490,-1.937
1776827323,981968053,robot_4,0.954,-3.066
1776827323,982004067,robot_1,0.866,2.965
1776827323,982012903,robot_2,-2.477,1.809
1776827323,982021359,robot_0,2.280,0.006
1776827323,982029047,robot_3,-2.534,-1.976
1776827324,181987107,robot_4,0.967,-3.107
1776827324,182008355,robot_1,0.874,3.004
1776827324,182024278,robot_2,-2.507,1.835
1776827324,182030669,robot_0,2.280,0.006
1776827324,182036718,robot_3,-2.563,-2.003
1776827324,383115161,robot_4,0.983,-3.155
1776827324,383142245,robot_1,0.880,3.034
1776827324,383151907,robot_2,-2.535,1.858
1776827324,383159427,robot_0,2.280,0.006
1776827324,383167265,robot_3,-2.607,-2.042
1776827324,602884190,robot_4,1.005,-3.227
1776827324,602928782,robot_1,0.884,3.058
1776827324,602939233,robot_2,-2.560,1.881
1776827324,602948396,robot_0,2.280,0.006
1776827324,602957478,robot_3,-2.660,-2.090
1776827324,822643026,robot_4,1.017,-3.272
1776827324,822676550,robot_1,0.891,3.102
1776827324,822693074,robot_2,-2.560,1.881
1776827324,822707140,robot_0,2.280,0.006
1776827324,822719027,robot_3,-2.693,-2.119
1776827325,42504580,robot_4,1.028,-3.311
1776827325,42530678,robot_1,0.899,3.155
1776827325,42540815,robot_2,-2.560,1.881
1776827325,42549114,robot_0,2.280,0.006
1776827325,42557648,robot_3,-2.739,-2.161
1776827325,261833408,robot_4,1.039,-3.351
1776827325,261852152,robot_1,0.907,3.207
1776827325,261859542,robot_2,-2.561,1.880
1776827325,261865218,robot_0,2.280,0.005
1776827325,261870515,robot_3,-2.779,-2.197
1776827325,462231203,robot_4,1.049,-3.390
1776827325,462251606,robot_1,0.913,3.247
1776827325,462258580,robot_2,-2.561,1.880
1776827325,462263932,robot_0,2.280,0.005
1776827325,462269546,robot_3,-2.810,-2.224
1776827325,680800977,robot_4,1.066,-3.451
1776827325,680820310,robot_1,0.918,3.279
1776827325,680826965,robot_2,-2.562,1.880
1776827325,680832488,robot_0,2.279,0.005
1776827325,680837579,robot_3,-2.860,-2.271
1776827325,881885675,robot_4,1.080,-3.501
1776827325,881907608,robot_1,0.923,3.314
1776827325,881919231,robot_2,-2.562,1.880
1776827325,881925359,robot_0,2.279,0.005
1776827325,881937324,robot_3,-2.894,-2.304
1776827326,82006607,robot_4,1.090,-3.540
1776827326,82026133,robot_1,0.929,3.354
1776827326,82035162,robot_2,-2.562,1.881
1776827326,82041953,robot_0,2.279,0.005
1776827326,82048213,robot_3,-2.924,-2.335
1776827326,301280191,robot_4,1.110,-3.613
1776827326,301307074,robot_1,0.941,3.431
1776827326,301314595,robot_2,-2.563,1.881
1776827326,301320809,robot_0,2.278,0.005
1776827326,301326959,robot_3,-2.968,-2.378
1776827326,502021934,robot_4,1.124,-3.671
1776827326,502046669,robot_1,0.950,3.489
1776827326,502057953,robot_2,-2.563,1.881
1776827326,502066685,robot_0,2.278,0.008
1776827326,502074578,robot_3,-3.000,-2.407
1776827326,721458071,robot_4,1.136,-3.716
1776827326,721478174,robot_1,0.956,3.530
1776827326,721485690,robot_2,-2.563,1.881
1776827326,721492389,robot_0,2.282,0.073
1776827326,721498559,robot_3,-3.029,-2.432
1776827326,922641209,robot_4,1.151,-3.771
1776827326,922665741,robot_1,0.960,3.555
1776827326,922676576,robot_2,-2.563,1.881
1776827326,922684858,robot_0,2.285,0.119
1776827326,922692635,robot_3,-3.049,-2.449
1776827327,140981672,robot_4,1.165,-3.820
1776827327,141001763,robot_1,0.965,3.595
1776827327,141008481,robot_2,-2.563,1.881
1776827327,141014194,robot_0,2.286,0.152
1776827327,141019530,robot_3,-3.081,-2.477
1776827327,362020722,robot_4,1.180,-3.869
1776827327,362040781,robot_1,0.971,3.636
1776827327,362048141,robot_2,-2.563,1.881
1776827327,362054035,robot_0,2.286,0.152
1776827327,362059698,robot_3,-3.115,-2.507
1776827327,581874633,robot_4,1.203,-3.941
1776827327,581903764,robot_1,0.976,3.675
1776827327,581921095,robot_2,-2.563,1.882
1776827327,581931770,robot_0,2.286,0.152
1776827327,581941440,robot_3,-3.149,-2.537
1776827327,801127226,robot_4,1.217,-3.986
1776827327,801148219,robot_1,0.982,3.718
1776827327,801155831,robot_2,-2.563,1.882
1776827327,801161084,robot_0,2.286,0.152
1776827327,801166153,robot_3,-3.183,-2.566
1776827328,21181355,robot_4,1.233,-4.038
1776827328,21210757,robot_1,0.987,3.750
1776827328,21217055,robot_2,-2.563,1.883
1776827328,21223181,robot_0,2.285,0.152
1776827328,21228762,robot_3,-3.228,-2.605
1776827328,222818790,robot_4,1.249,-4.088
1776827328,222840224,robot_1,0.990,3.776
1776827328,222848384,robot_2,-2.563,1.883
1776827328,222854759,robot_0,2.285,0.153
1776827328,222860364,robot_3,-3.266,-2.639
1776827328,441072621,robot_4,1.262,-4.130
1776827328,441092841,robot_1,0.996,3.819
1776827328,441099659,robot_2,-2.563,1.883
1776827328,441105685,robot_0,2.285,0.153
1776827328,441111145,robot_3,-3.300,-2.668
1776827328,661232681,robot_4,1.276,-4.177
1776827328,661260147,robot_1,1.005,3.882
1776827328,661275859,robot_2,-2.563,1.884
1776827328,661281443,robot_0,2.285,0.153
1776827328,661286840,robot_3,-3.359,-2.720
1776827328,862187255,robot_4,1.288,-4.219
1776827328,862219944,robot_1,1.012,3.935
1776827328,862234730,robot_2,-2.562,1.884
1776827328,862241792,robot_0,2.285,0.154
1776827328,862248760,robot_3,-3.402,-2.757
1776827329,80824270,robot_4,1.300,-4.262
1776827329,80841338,robot_1,1.018,3.979
1776827329,80848090,robot_2,-2.562,1.884
1776827329,80853386,robot_0,2.285,0.154
1776827329,80859106,robot_3,-3.435,-2.786
1776827329,281342775,robot_4,1.314,-4.312
1776827329,281362146,robot_1,1.026,4.043
1776827329,281375995,robot_2,-2.562,1.884
1776827329,281381506,robot_0,2.285,0.154
1776827329,281387039,robot_3,-3.464,-2.811
1776827329,482475238,robot_4,1.325,-4.350
1776827329,482502660,robot_1,1.032,4.097
1776827329,482513920,robot_2,-2.562,1.884
1776827329,482523032,robot_0,2.285,0.154
1776827329,482531475,robot_3,-3.495,-2.836
1776827329,701319417,robot_4,1.325,-4.350
1776827329,701343978,robot_1,1.036,4.142
1776827329,701351674,robot_2,-2.562,1.884
1776827329,701357551,robot_0,2.285,0.154
1776827329,701363705,robot_3,-3.524,-2.859
1776827329,901614676,robot_4,1.325,-4.350
1776827329,901635410,robot_1,1.042,4.208
1776827329,901642375,robot_2,-2.562,1.884
1776827329,901648164,robot_0,2.285,0.154
1776827329,901653659,robot_3,-3.524,-2.859
1776827330,121211131,robot_4,1.325,-4.350
1776827330,121232146,robot_1,1.047,4.264
1776827330,121240825,robot_2,-2.561,1.884
1776827330,121247361,robot_0,2.285,0.155
1776827330,121253805,robot_3,-3.524,-2.859
1776827330,322633412,robot_4,1.326,-4.350
1776827330,322656188,robot_1,1.051,4.307
1776827330,322664467,robot_2,-2.561,1.884
1776827330,322671242,robot_0,2.285,0.155
1776827330,322677385,robot_3,-3.524,-2.859
1776827330,522703946,robot_4,1.326,-4.350
1776827330,522726470,robot_1,1.056,4.366
1776827330,522735234,robot_2,-2.561,1.884
1776827330,522741576,robot_0,2.286,0.155
1776827330,522748256,robot_3,-3.524,-2.860
1776827330,742054030,robot_4,1.326,-4.350
1776827330,742078786,robot_1,1.060,4.415
1776827330,742086874,robot_2,-2.560,1.884
1776827330,742092986,robot_0,2.286,0.156
1776827330,742099188,robot_3,-3.524,-2.860
1776827330,962009031,robot_4,1.327,-4.350
1776827330,962031275,robot_1,1.065,4.469
1776827330,962040133,robot_2,-2.560,1.884
1776827330,962046951,robot_0,2.286,0.156
1776827330,962053787,robot_3,-3.524,-2.861
1776827331,162189042,robot_4,1.327,-4.351
1776827331,162220463,robot_1,1.071,4.538
1776827331,162235132,robot_2,-2.560,1.884
1776827331,162247690,robot_0,2.287,0.156
1776827331,162259553,robot_3,-3.524,-2.861
1776827331,363453152,robot_4,1.327,-4.351
1776827331,363487287,robot_1,1.075,4.583
1776827331,363502748,robot_2,-2.560,1.883
1776827331,363515766,robot_0,2.287,0.156
1776827331,363529068,robot_3,-3.524,-2.861
1776827331,581897348,robot_4,1.327,-4.351
1776827331,581920354,robot_1,1.080,4.636
1776827331,581928514,robot_2,-2.578,1.869
1776827331,581935186,robot_0,2.287,0.156
1776827331,581943567,robot_3,-3.524,-2.861
1776827331,782089322,robot_4,1.327,-4.351
1776827331,782112728,robot_1,1.086,4.697
1776827331,782122128,robot_2,-2.633,1.827
1776827331,782130303,robot_0,2.287,0.156
1776827331,782137948,robot_3,-3.525,-2.862
1776827332,2422136,robot_4,1.327,-4.351
1776827332,2440133,robot_1,1.094,4.735
1776827332,2446957,robot_2,-2.668,1.799
1776827332,2452426,robot_0,2.287,0.156
1776827332,2457998,robot_3,-3.528,-2.857
1776827332,221120042,robot_4,1.327,-4.351
1776827332,221139849,robot_1,1.102,4.743
1776827332,221146675,robot_2,-2.682,1.788
1776827332,221152419,robot_0,2.287,0.156
1776827332,221157831,robot_3,-3.541,-2.839
1776827332,421431345,robot_4,1.327,-4.352
1776827332,421458598,robot_1,1.102,4.729
1776827332,421466162,robot_2,-2.682,1.788
1776827332,421472109,robot_0,2.288,0.156
1776827332,421477787,robot_3,-3.563,-2.808
1776827332,622385088,robot_4,1.327,-4.352
1776827332,622409005,robot_1,1.104,4.710
1776827332,622419510,robot_2,-2.682,1.789
1776827332,622427295,robot_0,2.288,0.155
1776827332,622435193,robot_3,-3.592,-2.767
1776827332,841184491,robot_4,1.327,-4.353
1776827332,841202268,robot_1,1.109,4.691
1776827332,841209655,robot_2,-2.683,1.789
1776827332,841215197,robot_0,2.288,0.155
1776827332,841221242,robot_3,-3.640,-2.701
1776827333,42417933,robot_4,1.327,-4.353
1776827333,42441720,robot_1,1.118,4.677
1776827333,42451587,robot_2,-2.683,1.789
1776827333,42459658,robot_0,2.289,0.155
1776827333,42467249,robot_3,-3.666,-2.665
1776827333,262406352,robot_4,1.326,-4.353
1776827333,262425972,robot_1,1.134,4.665
1776827333,262433206,robot_2,-2.683,1.789
1776827333,262438965,robot_0,2.289,0.154
1776827333,262444200,robot_3,-3.691,-2.630
1776827333,481765553,robot_4,1.326,-4.353
1776827333,481791141,robot_1,1.136,4.664
1776827333,481801380,robot_2,-2.683,1.789
1776827333,481809434,robot_0,2.289,0.154
1776827333,481817332,robot_3,-3.716,-2.595
1776827333,681776273,robot_4,1.326,-4.353
1776827333,681802960,robot_1,1.136,4.664
1776827333,681815072,robot_2,-2.684,1.789
1776827333,681820731,robot_0,2.289,0.154
1776827333,681826361,robot_3,-3.739,-2.563
1776827333,901845736,robot_4,1.325,-4.354
1776827333,901868813,robot_1,1.136,4.665
1776827333,901876350,robot_2,-2.684,1.789
1776827333,901882273,robot_0,2.289,0.153
1776827333,901887408,robot_3,-3.776,-2.513
1776827334,102114999,robot_4,1.325,-4.354
1776827334,102140082,robot_1,1.136,4.665
1776827334,102151388,robot_2,-2.684,1.788
1776827334,102160554,robot_0,2.260,0.159
1776827334,102169443,robot_3,-3.810,-2.466
1776827334,302401091,robot_4,1.325,-4.354
1776827334,302418800,robot_1,1.135,4.665
1776827334,302425563,robot_2,-2.684,1.788
1776827334,302430929,robot_0,2.191,0.172
1776827334,302436228,robot_3,-3.833,-2.433
1776827334,521349858,robot_4,1.325,-4.354
1776827334,521370872,robot_1,1.135,4.665
1776827334,521379856,robot_2,-2.684,1.788
1776827334,521387623,robot_0,2.148,0.180
1776827334,521393116,robot_3,-3.860,-2.395
1776827334,722186307,robot_4,1.325,-4.354
1776827334,722219931,robot_1,1.135,4.665
1776827334,722235789,robot_2,-2.684,1.788
1776827334,722248014,robot_0,2.116,0.185
1776827334,722259428,robot_3,-3.885,-2.361
1776827334,922339516,robot_4,1.324,-4.353
1776827334,922366785,robot_1,1.135,4.666
1776827334,922376154,robot_2,-2.685,1.788
1776827334,922383583,robot_0,2.083,0.191
1776827334,922390621,robot_3,-3.908,-2.329
1776827335,141065263,robot_4,1.324,-4.353
1776827335,141083926,robot_1,1.136,4.666
1776827335,141090961,robot_2,-2.685,1.788
1776827335,141096823,robot_0,2.039,0.199
1776827335,141102478,robot_3,-3.925,-2.305
1776827335,343241950,robot_4,1.324,-4.353
1776827335,343267820,robot_1,1.136,4.667
1776827335,343277652,robot_2,-2.685,1.788
1776827335,343285448,robot_0,1.995,0.206
1776827335,343293572,robot_3,-3.944,-2.279
1776827335,562049947,robot_4,1.324,-4.353
1776827335,562071632,robot_1,1.136,4.667
1776827335,562079136,robot_2,-2.685,1.787
1776827335,562085614,robot_0,1.949,0.214
1776827335,562091628,robot_3,-3.969,-2.244
1776827335,781041532,robot_4,1.323,-4.353
1776827335,781059587,robot_1,1.133,4.664
1776827335,781067022,robot_2,-2.685,1.787
1776827335,781073113,robot_0,1.904,0.221
1776827335,781079154,robot_3,-3.988,-2.217
1776827335,982292440,robot_4,1.323,-4.352
1776827335,982323654,robot_1,1.133,4.664
1776827335,982337355,robot_2,-2.685,1.787
1776827335,982348029,robot_0,1.841,0.231
1776827335,982359568,robot_3,-4.009,-2.186
1776827336,200832247,robot_4,1.323,-4.352
1776827336,200850812,robot_1,1.133,4.664
1776827336,200857748,robot_2,-2.685,1.786
1776827336,200863392,robot_0,1.787,0.240
1776827336,200868771,robot_3,-4.038,-2.144
1776827336,401765295,robot_4,1.323,-4.352
1776827336,401787713,robot_1,1.134,4.664
1776827336,401794221,robot_2,-2.684,1.786
1776827336,401799743,robot_0,1.745,0.246
1776827336,401805542,robot_3,-4.079,-2.083
1776827336,623188523,robot_4,1.323,-4.352
1776827336,623219432,robot_1,1.134,4.664
1776827336,623233234,robot_2,-2.684,1.786
1776827336,623243761,robot_0,1.689,0.254
1776827336,623254745,robot_3,-4.111,-2.037
1776827336,841694063,robot_4,1.323,-4.352
1776827336,841719799,robot_1,1.134,4.664
1776827336,841735370,robot_2,-2.684,1.786
1776827336,841748166,robot_0,1.643,0.259
1776827336,841758139,robot_3,-4.139,-1.996
1776827337,42305828,robot_4,1.323,-4.351
1776827337,42335305,robot_1,1.134,4.664
1776827337,42347434,robot_2,-2.684,1.786
1776827337,42356786,robot_0,1.594,0.264
1776827337,42367243,robot_3,-4.170,-1.955
1776827337,242856468,robot_4,1.323,-4.351
1776827337,242885567,robot_1,1.134,4.664
1776827337,242892506,robot_2,-2.684,1.786
1776827337,242898201,robot_0,1.526,0.270
1776827337,242903789,robot_3,-4.195,-1.923
1776827337,462618002,robot_4,1.323,-4.351
1776827337,462643276,robot_1,1.135,4.664
1776827337,462653068,robot_2,-2.684,1.786
1776827337,462661566,robot_0,1.477,0.275
1776827337,462669620,robot_3,-4.228,-1.882
1776827337,682435277,robot_4,1.323,-4.350
1776827337,682458880,robot_1,1.135,4.664
1776827337,682468814,robot_2,-2.684,1.786
1776827337,682477225,robot_0,1.417,0.281
1776827337,682484529,robot_3,-4.264,-1.838
1776827337,882640008,robot_4,1.324,-4.350
1776827337,882659244,robot_1,1.136,4.664
1776827337,882666117,robot_2,-2.683,1.785
1776827337,882671172,robot_0,1.346,0.288
1776827337,882676465,robot_3,-4.289,-1.807
1776827338,102019679,robot_4,1.324,-4.350
1776827338,102046634,robot_1,1.136,4.663
1776827338,102059311,robot_2,-2.683,1.786
1776827338,102068949,robot_0,1.301,0.292
1776827338,102078206,robot_3,-4.326,-1.759
1776827338,322686162,robot_4,1.324,-4.350
1776827338,322706798,robot_1,1.137,4.663
1776827338,322714443,robot_2,-2.683,1.786
1776827338,322720765,robot_0,1.237,0.298
1776827338,322726360,robot_3,-4.362,-1.711
1776827338,542770579,robot_4,1.325,-4.350
1776827338,542794828,robot_1,1.137,4.662
1776827338,542805726,robot_2,-2.682,1.786
1776827338,542813825,robot_0,1.172,0.305
1776827338,542821607,robot_3,-4.387,-1.675
1776827338,761660760,robot_4,1.325,-4.350
1776827338,761679298,robot_1,1.137,4.662
1776827338,761685807,robot_2,-2.682,1.786
1776827338,761691414,robot_0,1.128,0.309
1776827338,761696912,robot_3,-4.412,-1.639
1776827338,981638620,robot_4,1.325,-4.350
1776827338,981659440,robot_1,1.137,4.661
1776827338,981666883,robot_2,-2.683,1.787
1776827338,981673679,robot_0,1.094,0.312
1776827338,981680199,robot_3,-4.436,-1.602
1776827339,201727544,robot_4,1.325,-4.350
1776827339,201747077,robot_1,1.115,4.658
1776827339,201754179,robot_2,-2.705,1.807
1776827339,201759118,robot_0,1.054,0.316
1776827339,201764587,robot_3,-4.460,-1.567
1776827339,401785534,robot_4,1.325,-4.350
1776827339,401810429,robot_1,1.045,4.649
1776827339,401818947,robot_2,-2.732,1.831
1776827339,401825725,robot_0,1.012,0.320
1776827339,401832918,robot_3,-4.480,-1.538
1776827339,602652050,robot_4,1.325,-4.350
1776827339,602680470,robot_1,1.004,4.644
1776827339,602691932,robot_2,-2.760,1.855
1776827339,602702286,robot_0,0.961,0.326
1776827339,602723607,robot_3,-4.486,-1.530
1776827339,822351613,robot_4,1.326,-4.350
1776827339,822376134,robot_1,0.983,4.641
1776827339,822399329,robot_2,-2.760,1.855
1776827339,822410400,robot_0,0.914,0.334
1776827339,822418868,robot_3,-4.486,-1.530
1776827340,41681377,robot_4,1.326,-4.350
1776827340,41703895,robot_1,0.983,4.641
1776827340,41713517,robot_2,-2.761,1.855
1776827340,41721393,robot_0,0.875,0.341
1776827340,41728836,robot_3,-4.487,-1.530
1776827340,261244306,robot_4,1.326,-4.350
1776827340,261263180,robot_1,0.983,4.641
1776827340,261270364,robot_2,-2.761,1.855
1776827340,261276190,robot_0,0.842,0.346
1776827340,261281707,robot_3,-4.487,-1.530
1776827340,462618325,robot_4,1.327,-4.351
1776827340,462647485,robot_1,0.982,4.642
1776827340,462661030,robot_2,-2.761,1.855
1776827340,462670744,robot_0,0.803,0.351
1776827340,462681165,robot_3,-4.487,-1.530
1776827340,681917862,robot_4,1.327,-4.351
1776827340,681937283,robot_1,0.982,4.642
1776827340,681944377,robot_2,-2.762,1.855
1776827340,681950399,robot_0,0.766,0.355
1776827340,681955748,robot_3,-4.488,-1.530
1776827340,901417926,robot_4,1.327,-4.351
1776827340,901438382,robot_1,0.982,4.642
1776827340,901445358,robot_2,-2.762,1.855
1776827340,901450988,robot_0,0.732,0.360
1776827340,901456358,robot_3,-4.488,-1.530
1776827341,120922109,robot_4,1.327,-4.352
1776827341,120941007,robot_1,0.981,4.643
1776827341,120948319,robot_2,-2.762,1.855
1776827341,120954043,robot_0,0.688,0.365
1776827341,120959552,robot_3,-4.488,-1.529
1776827341,322529855,robot_4,1.327,-4.352
1776827341,322554030,robot_1,0.981,4.643
1776827341,322563224,robot_2,-2.763,1.855
1776827341,322570576,robot_0,0.638,0.371
1776827341,322577851,robot_3,-4.489,-1.529
1776827341,541109635,robot_4,1.327,-4.352
1776827341,541127985,robot_1,0.980,4.643
1776827341,541135440,robot_2,-2.763,1.855
1776827341,541140898,robot_0,0.586,0.377
1776827341,541145847,robot_3,-4.489,-1.529
1776827341,742270294,robot_4,1.327,-4.352
1776827341,742301478,robot_1,0.980,4.643
1776827341,742316868,robot_2,-2.763,1.856
1776827341,742329122,robot_0,0.547,0.382
1776827341,742341302,robot_3,-4.489,-1.529
1776827341,943109228,robot_4,1.327,-4.352
1776827341,943143193,robot_1,0.980,4.643
1776827341,943158333,robot_2,-2.763,1.856
1776827341,943170322,robot_0,0.507,0.387
1776827341,943178277,robot_3,-4.489,-1.529
1776827342,161976798,robot_4,1.327,-4.352
1776827342,162002227,robot_1,0.980,4.643
1776827342,162013554,robot_2,-2.745,1.875
1776827342,162022498,robot_0,0.464,0.392
1776827342,162031603,robot_3,-4.489,-1.529
1776827342,362069434,robot_4,1.327,-4.353
1776827342,362096881,robot_1,0.980,4.643
1776827342,362109443,robot_2,-2.722,1.901
1776827342,362119585,robot_0,0.424,0.397
1776827342,362128908,robot_3,-4.489,-1.528
1776827342,581030380,robot_4,1.326,-4.353
1776827342,581051671,robot_1,0.979,4.642
1776827342,581058987,robot_2,-2.694,1.933
1776827342,581064552,robot_0,0.357,0.405
1776827342,581069498,robot_3,-4.489,-1.528
1776827342,781233002,robot_4,1.326,-4.353
1776827342,781252344,robot_1,0.979,4.642
1776827342,781259972,robot_2,-2.671,1.959
1776827342,781265634,robot_0,0.307,0.411
1776827342,781270874,robot_3,-4.489,-1.528
1776827343,969591,robot_4,1.326,-4.353
1776827343,989295,robot_1,0.979,4.642
1776827343,996669,robot_2,-2.643,1.990
1776827343,1002436,robot_0,0.260,0.417
1776827343,1007813,robot_3,-4.489,-1.527
1776827343,220921017,robot_4,1.325,-4.354
1776827343,220939755,robot_1,0.978,4.641
1776827343,220946783,robot_2,-2.611,2.027
1776827343,220959849,robot_0,0.180,0.426
1776827343,220965287,robot_3,-4.489,-1.527
1776827343,421594438,robot_4,1.325,-4.354
1776827343,421615286,robot_1,0.978,4.641
1776827343,421622785,robot_2,-2.573,2.071
1776827343,421628436,robot_0,0.128,0.431
1776827343,421634852,robot_3,-4.488,-1.527
1776827343,640893442,robot_4,1.325,-4.354
1776827343,640915387,robot_1,0.978,4.640
1776827343,640925850,robot_2,-2.542,2.107
1776827343,640933502,robot_0,0.075,0.437
1776827343,640940460,robot_3,-4.488,-1.526
1776827343,861753025,robot_4,1.326,-4.313
1776827343,861771058,robot_1,0.978,4.640
1776827343,861778604,robot_2,-2.513,2.141
1776827343,861784692,robot_0,0.003,0.444
1776827343,861789778,robot_3,-4.488,-1.526
1776827344,63039609,robot_4,1.328,-4.248
1776827344,63062717,robot_1,0.978,4.640
1776827344,63073118,robot_2,-2.486,2.172
1776827344,63080766,robot_0,-0.039,0.448
1776827344,63088871,robot_3,-4.477,-1.546
1776827344,282335090,robot_4,1.330,-4.204
1776827344,282360006,robot_1,0.978,4.639
1776827344,282371113,robot_2,-2.458,2.206
1776827344,282381352,robot_0,-0.094,0.454
1776827344,282390498,robot_3,-4.440,-1.613
1776827344,501147098,robot_4,1.331,-4.171
1776827344,501165983,robot_1,0.978,4.639
1776827344,501173365,robot_2,-2.422,2.248
1776827344,501178813,robot_0,-0.157,0.460
1776827344,501184347,robot_3,-4.419,-1.652
1776827344,701944338,robot_4,1.332,-4.135
1776827344,701974455,robot_1,0.978,4.639
1776827344,701988709,robot_2,-2.388,2.288
1776827344,701999823,robot_0,-0.197,0.464
1776827344,702010365,robot_3,-4.389,-1.707
1776827344,921569004,robot_4,1.334,-4.092
1776827344,921592039,robot_1,0.978,4.640
1776827344,921599995,robot_2,-2.385,2.292
1776827344,921605693,robot_0,-0.228,0.468
1776827344,921611233,robot_3,-4.355,-1.769
1776827345,121935596,robot_4,1.335,-4.060
1776827345,121954155,robot_1,0.978,4.640
1776827345,121961135,robot_2,-2.385,2.292
1776827345,121966931,robot_0,-0.256,0.471
1776827345,121972421,robot_3,-4.337,-1.805
1776827345,323777763,robot_4,1.336,-4.022
1776827345,323800505,robot_1,0.978,4.641
1776827345,323810835,robot_2,-2.385,2.292
1776827345,323819133,robot_0,-0.296,0.477
1776827345,323827275,robot_3,-4.325,-1.826
1776827345,540849409,robot_4,1.338,-3.978
1776827345,540867882,robot_1,0.979,4.641
1776827345,540874530,robot_2,-2.385,2.293
1776827345,540880130,robot_0,-0.354,0.485
1776827345,540884984,robot_3,-4.310,-1.856
1776827345,741440859,robot_4,1.339,-3.938
1776827345,741481391,robot_1,0.979,4.642
1776827345,741503457,robot_2,-2.386,2.293
1776827345,741521908,robot_0,-0.403,0.492
1776827345,741538719,robot_3,-4.292,-1.891
1776827345,961103084,robot_4,1.341,-3.894
1776827345,961121483,robot_1,0.979,4.642
1776827345,961128856,robot_2,-2.386,2.293
1776827345,961134755,robot_0,-0.447,0.498
1776827345,961140451,robot_3,-4.278,-1.920
1776827346,162169717,robot_4,1.342,-3.860
1776827346,162189585,robot_1,0.980,4.642
1776827346,162197017,robot_2,-2.385,2.294
1776827346,162203149,robot_0,-0.518,0.508
1776827346,162210578,robot_3,-4.262,-1.952
1776827346,362246149,robot_4,1.343,-3.836
1776827346,362271807,robot_1,0.980,4.642
1776827346,362279648,robot_2,-2.385,2.294
1776827346,362285842,robot_0,-0.579,0.516
1776827346,362291166,robot_3,-4.244,-1.988
1776827346,581820144,robot_4,1.344,-3.794
1776827346,581842962,robot_1,0.981,4.642
1776827346,581853450,robot_2,-2.385,2.294
1776827346,581861712,robot_0,-0.624,0.522
1776827346,581869285,robot_3,-4.224,-2.027
1776827346,801052526,robot_4,1.346,-3.752
1776827346,801070613,robot_1,0.981,4.643
1776827346,801077130,robot_2,-2.385,2.295
1776827346,801082084,robot_0,-0.696,0.532
1776827346,801087354,robot_3,-4.204,-2.066
1776827347,2964163,robot_4,1.347,-3.715
1776827347,2986345,robot_1,0.981,4.643
1776827347,2995966,robot_2,-2.382,2.292
1776827347,3003283,robot_0,-0.745,0.538
1776827347,3010937,robot_3,-4.185,-2.103
1776827347,220930922,robot_4,1.348,-3.671
1776827347,220948824,robot_1,0.981,4.643
1776827347,220955588,robot_2,-2.337,2.251
1776827347,220960959,robot_0,-0.784,0.543
1776827347,220966266,robot_3,-4.163,-2.147
1776827347,421523958,robot_4,1.350,-3.618
1776827347,421544955,robot_1,0.981,4.642
1776827347,421553243,robot_2,-2.302,2.221
1776827347,421559701,robot_0,-0.808,0.547
1776827347,421566678,robot_3,-4.145,-2.183
1776827347,640859391,robot_4,1.351,-3.555
1776827347,640878841,robot_1,0.982,4.642
1776827347,640885990,robot_2,-2.264,2.189
1776827347,640891525,robot_0,-0.849,0.552
1776827347,640897115,robot_3,-4.119,-2.234
1776827347,842026664,robot_4,1.351,-3.515
1776827347,842053582,robot_1,0.982,4.642
1776827347,842065629,robot_2,-2.222,2.154
1776827347,842076812,robot_0,-0.899,0.558
1776827347,842086830,robot_3,-4.086,-2.300
1776827348,62714388,robot_4,1.351,-3.483
1776827348,62745211,robot_1,0.983,4.642
1776827348,62760410,robot_2,-2.187,2.125
1776827348,62774148,robot_0,-0.981,0.569
1776827348,62786365,robot_3,-4.065,-2.342
1776827348,282320308,robot_4,1.351,-3.448
1776827348,282357678,robot_1,0.983,4.641
1776827348,282371392,robot_2,-2.147,2.092
1776827348,282382838,robot_0,-1.029,0.575
1776827348,282392425,robot_3,-4.048,-2.374
1776827348,501840990,robot_4,1.352,-3.404
1776827348,501872963,robot_1,0.983,4.641
1776827348,501887777,robot_2,-2.104,2.056
1776827348,501899403,robot_0,-1.065,0.579
1776827348,501910865,robot_3,-4.033,-2.406
1776827348,702359751,robot_4,1.352,-3.362
1776827348,702392273,robot_1,0.984,4.640
1776827348,702399943,robot_2,-2.074,2.030
1776827348,702406134,robot_0,-1.097,0.584
1776827348,702412686,robot_3,-4.016,-2.442
1776827348,921591615,robot_4,1.352,-3.317
1776827348,921612999,robot_1,0.984,4.640
1776827348,921619939,robot_2,-2.042,2.004
1776827348,921625890,robot_0,-1.141,0.589
1776827348,921630766,robot_3,-3.986,-2.507
1776827349,121914882,robot_4,1.352,-3.276
1776827349,121938031,robot_1,0.957,4.636
1776827349,121947706,robot_2,-2.012,1.979
1776827349,121955215,robot_0,-1.190,0.595
1776827349,121962701,robot_3,-3.958,-2.567
1776827349,322291252,robot_4,1.352,-3.228
1776827349,322315134,robot_1,0.907,4.629
1776827349,322325234,robot_2,-1.981,1.953
1776827349,322332550,robot_0,-1.238,0.602
1776827349,322339860,robot_3,-3.942,-2.603
1776827349,522451873,robot_4,1.352,-3.186
1776827349,522472653,robot_1,0.867,4.624
1776827349,522481295,robot_2,-1.959,1.934
1776827349,522488037,robot_0,-1.278,0.607
1776827349,522494890,robot_3,-3.914,-2.663
1776827349,723103968,robot_4,1.352,-3.145
1776827349,723136825,robot_1,0.850,4.622
1776827349,723150861,robot_2,-1.935,1.915
1776827349,723162525,robot_0,-1.303,0.610
1776827349,723172582,robot_3,-3.889,-2.717
1776827349,941458415,robot_4,1.351,-3.093
1776827349,941479328,robot_1,0.850,4.622
1776827349,941486859,robot_2,-1.901,1.886
1776827349,941492737,robot_0,-1.332,0.613
1776827349,941498742,robot_3,-3.888,-2.719
1776827350,141981118,robot_4,1.349,-3.052
1776827350,142008951,robot_1,0.850,4.622
1776827350,142022226,robot_2,-1.866,1.857
1776827350,142032695,robot_0,-1.372,0.619
1776827350,142042709,robot_3,-3.887,-2.719
1776827350,342475673,robot_4,1.346,-3.016
1776827350,342509168,robot_1,0.850,4.623
1776827350,342524725,robot_2,-1.833,1.829
1776827350,342536932,robot_0,-1.420,0.625
1776827350,342548844,robot_3,-3.887,-2.719
1776827350,542864806,robot_4,1.345,-2.992
1776827350,542926172,robot_1,0.849,4.623
1776827350,542944121,robot_2,-1.802,1.804
1776827350,542959447,robot_0,-1.466,0.631
1776827350,542973613,robot_3,-3.887,-2.719
1776827350,762064158,robot_4,1.342,-2.952
1776827350,762093402,robot_1,0.849,4.623
1776827350,762107272,robot_2,-1.774,1.781
1776827350,762118367,robot_0,-1.509,0.636
1776827350,762128659,robot_3,-3.886,-2.720
1776827350,981043330,robot_4,1.338,-2.899
1776827350,981063053,robot_1,0.848,4.624
1776827350,981069836,robot_2,-1.742,1.755
1776827350,981075656,robot_0,-1.571,0.645
1776827350,981081482,robot_3,-3.886,-2.720
1776827351,181908277,robot_4,1.334,-2.837
1776827351,181930237,robot_1,0.848,4.624
1776827351,181937733,robot_2,-1.710,1.728
1776827351,181943503,robot_0,-1.617,0.653
1776827351,181948919,robot_3,-3.886,-2.720
1776827351,383207379,robot_4,1.331,-2.795
1776827351,383242187,robot_1,0.847,4.624
1776827351,383256929,robot_2,-1.664,1.690
1776827351,383269001,robot_0,-1.657,0.661
1776827351,383280054,robot_3,-3.886,-2.720
1776827351,602241848,robot_4,1.328,-2.752
1776827351,602267836,robot_1,0.847,4.624
1776827351,602278882,robot_2,-1.624,1.657
1776827351,602287467,robot_0,-1.711,0.673
1776827351,602296032,robot_3,-3.885,-2.721
1776827351,802265248,robot_4,1.325,-2.714
1776827351,802289320,robot_1,0.847,4.624
1776827351,802299623,robot_2,-1.591,1.630
1776827351,802307699,robot_0,-1.753,0.681
1776827351,802315798,robot_3,-3.885,-2.721
1776827352,22843498,robot_4,1.322,-2.670
1776827352,22867394,robot_1,0.847,4.624
1776827352,22878639,robot_2,-1.550,1.597
1776827352,22887304,robot_0,-1.803,0.692
1776827352,22895776,robot_3,-3.885,-2.721
1776827352,242322308,robot_4,1.317,-2.607
1776827352,242347899,robot_1,0.847,4.624
1776827352,242358271,robot_2,-1.515,1.568
1776827352,242366118,robot_0,-1.875,0.707
1776827352,242373324,robot_3,-3.885,-2.721
1776827352,462973082,robot_4,1.313,-2.540
1776827352,463006294,robot_1,0.846,4.624
1776827352,463021951,robot_2,-1.483,1.542
1776827352,463035256,robot_0,-1.923,0.718
1776827352,463046672,robot_3,-3.885,-2.721
1776827352,680956847,robot_4,1.309,-2.496
1776827352,680975403,robot_1,0.846,4.623
1776827352,680982422,robot_2,-1.453,1.518
1776827352,680987946,robot_0,-1.962,0.727
1776827352,680993054,robot_3,-3.885,-2.721
1776827352,882081801,robot_4,1.305,-2.429
1776827352,882104760,robot_1,0.846,4.623
1776827352,882112194,robot_2,-1.422,1.493
1776827352,882117498,robot_0,-1.996,0.736
1776827352,882122671,robot_3,-3.885,-2.722
1776827353,83463162,robot_4,1.300,-2.369
1776827353,83502296,robot_1,0.845,4.623
1776827353,83520693,robot_2,-1.387,1.464
1776827353,83535910,robot_0,-2.034,0.748
1776827353,83568226,robot_3,-3.885,-2.722
1776827353,303159254,robot_4,1.297,-2.326
1776827353,303199248,robot_1,0.845,4.622
1776827353,303217303,robot_2,-1.347,1.432
1776827353,303232667,robot_0,-2.076,0.761
1776827353,303246430,robot_3,-3.886,-2.722
1776827353,522381878,robot_4,1.295,-2.297
1776827353,522402086,robot_1,0.845,4.622
1776827353,522409826,robot_2,-1.313,1.404
1776827353,522416234,robot_0,-2.118,0.774
1776827353,522422742,robot_3,-3.886,-2.723
1776827353,742328837,robot_4,1.292,-2.258
1776827353,742360667,robot_1,0.845,4.621
1776827353,742375630,robot_2,-1.261,1.361
1776827353,742387045,robot_0,-2.160,0.788
1776827353,742399333,robot_3,-3.886,-2.723
1776827353,942429454,robot_4,1.289,-2.214
1776827353,942456247,robot_1,0.845,4.621
1776827353,942466975,robot_2,-1.216,1.322
1776827353,942475488,robot_0,-2.190,0.797
1776827353,942483010,robot_3,-3.887,-2.723
1776827354,142868540,robot_4,1.286,-2.151
1776827354,142892288,robot_1,0.845,4.620
1776827354,142902579,robot_2,-1.187,1.295
1776827354,142910027,robot_0,-2.223,0.808
1776827354,142923144,robot_3,-3.887,-2.723
1776827354,361487284,robot_4,1.285,-2.101
1776827354,361507500,robot_1,0.845,4.620
1776827354,361515752,robot_2,-1.146,1.258
1776827354,361522038,robot_0,-2.264,0.821
1776827354,361529804,robot_3,-3.887,-2.723
1776827354,562651361,robot_4,1.285,-2.060
1776827354,562680666,robot_1,0.845,4.620
1776827354,562693938,robot_2,-1.111,1.228
1776827354,562704909,robot_0,-2.298,0.832
1776827354,562715951,robot_3,-3.894,-2.702
1776827354,763090681,robot_4,1.285,-2.019
1776827354,763121017,robot_1,0.845,4.620
1776827354,763135798,robot_2,-1.080,1.204
1776827354,763148848,robot_0,-2.334,0.843
1776827354,763159766,robot_3,-3.915,-2.641
1776827354,981580948,robot_4,1.285,-1.975
1776827354,981609943,robot_1,0.846,4.620
1776827354,981616214,robot_2,-1.050,1.180
1776827354,981621949,robot_0,-2.377,0.857
1776827354,981628068,robot_3,-3.930,-2.599
1776827355,181752843,robot_4,1.285,-1.924
1776827355,181777438,robot_1,0.846,4.619
1776827355,181787763,robot_2,-1.020,1.158
1776827355,181795511,robot_0,-2.436,0.875
1776827355,181803272,robot_3,-3.947,-2.551
1776827355,382527154,robot_4,1.287,-1.856
1776827355,382556422,robot_1,0.846,4.619
1776827355,382568675,robot_2,-0.988,1.135
1776827355,382590017,robot_0,-2.483,0.890
1776827355,382599546,robot_3,-3.964,-2.501
1776827355,582648196,robot_4,1.289,-1.813
1776827355,582680499,robot_1,0.847,4.619
1776827355,582695602,robot_2,-0.970,1.122
1776827355,582708991,robot_0,-2.519,0.902
1776827355,582720586,robot_3,-3.977,-2.463
1776827355,802411450,robot_4,1.292,-1.755
1776827355,802448439,robot_1,0.847,4.619
1776827355,802461518,robot_2,-0.940,1.100
1776827355,802472403,robot_0,-2.544,0.910
1776827355,802481724,robot_3,-3.987,-2.433
1776827356,21075027,robot_4,1.296,-1.680
1776827356,21093131,robot_1,0.848,4.619
1776827356,21101226,robot_2,-0.900,1.071
1776827356,21107299,robot_0,-2.582,0.922
1776827356,21112674,robot_3,-3.999,-2.402
1776827356,221746593,robot_4,1.298,-1.639
1776827356,221772093,robot_1,0.848,4.619
1776827356,221783226,robot_2,-0.853,1.037
1776827356,221792579,robot_0,-2.617,0.933
1776827356,221801079,robot_3,-4.012,-2.364
1776827356,421865557,robot_4,1.301,-1.580
1776827356,421885170,robot_1,0.848,4.619
1776827356,421891808,robot_2,-0.818,1.011
1776827356,421897515,robot_0,-2.647,0.943
1776827356,421903041,robot_3,-4.035,-2.300
1776827356,622136413,robot_4,1.305,-1.507
1776827356,622158200,robot_1,0.848,4.619
1776827356,622167771,robot_2,-0.786,0.988
1776827356,622175605,robot_0,-2.683,0.957
1776827356,622183104,robot_3,-4.057,-2.240
1776827356,842046670,robot_4,1.307,-1.461
1776827356,842077762,robot_1,0.848,4.619
1776827356,842092390,robot_2,-0.750,0.963
1776827356,842105158,robot_0,-2.720,0.971
1776827356,842117320,robot_3,-4.072,-2.198
1776827357,42522872,robot_4,1.309,-1.418
1776827357,42546083,robot_1,0.848,4.619
1776827357,42555745,robot_2,-0.717,0.942
1776827357,42564182,robot_0,-2.746,0.981
1776827357,42571264,robot_3,-4.080,-2.178
1776827357,263206923,robot_4,1.311,-1.371
1776827357,263236325,robot_1,0.848,4.619
1776827357,263250083,robot_2,-0.680,0.918
1776827357,263261108,robot_0,-2.751,0.983
1776827357,263271846,robot_3,-4.092,-2.147
1776827357,481694710,robot_4,1.314,-1.328
1776827357,481720209,robot_1,0.847,4.619
1776827357,481733351,robot_2,-0.644,0.896
1776827357,481743215,robot_0,-2.751,0.982
1776827357,481751625,robot_3,-4.111,-2.103
1776827357,682456101,robot_4,1.315,-1.295
1776827357,682482882,robot_1,0.847,4.619
1776827357,682489992,robot_2,-0.610,0.874
1776827357,682497123,robot_0,-2.751,0.982
1776827357,682502900,robot_3,-4.140,-2.034
1776827357,883539685,robot_4,1.317,-1.260
1776827357,883573628,robot_1,0.846,4.619
1776827357,883590471,robot_2,-0.566,0.846
1776827357,883605458,robot_0,-2.751,0.982
1776827357,883618985,robot_3,-4.162,-1.984
1776827358,102316416,robot_4,1.319,-1.215
1776827358,102351028,robot_1,0.846,4.620
1776827358,102364797,robot_2,-0.511,0.809
1776827358,102375772,robot_0,-2.752,0.982
1776827358,102386052,robot_3,-4.181,-1.939
1776827358,322810870,robot_4,1.323,-1.145
1776827358,322832520,robot_1,0.846,4.620
1776827358,322841007,robot_2,-0.476,0.782
1776827358,322848165,robot_0,-2.752,0.982
1776827358,322854615,robot_3,-4.205,-1.883
1776827358,541850967,robot_4,1.325,-1.092
1776827358,541870514,robot_1,0.845,4.621
1776827358,541879107,robot_2,-0.419,0.738
1776827358,541885481,robot_0,-2.753,0.982
1776827358,541891704,robot_3,-4.224,-1.842
1776827358,742736908,robot_4,1.327,-1.055
1776827358,742755531,robot_1,0.845,4.621
1776827358,742763281,robot_2,-0.367,0.698
1776827358,742769559,robot_0,-2.753,0.982
1776827358,742775679,robot_3,-4.245,-1.795
1776827358,962291856,robot_4,1.328,-1.022
1776827358,962318838,robot_1,0.845,4.621
1776827358,962330786,robot_2,-0.333,0.671
1776827358,962340782,robot_0,-2.753,0.982
1776827358,962350551,robot_3,-4.275,-1.729
1776827359,162524940,robot_4,1.328,-0.983
1776827359,162557054,robot_1,0.845,4.621
1776827359,162571463,robot_2,-0.303,0.649
1776827359,162583286,robot_0,-2.754,0.982
1776827359,162595522,robot_3,-4.292,-1.692
1776827359,381620145,robot_4,1.327,-0.944
1776827359,381640175,robot_1,0.845,4.621
1776827359,381646765,robot_2,-0.270,0.623
1776827359,381652307,robot_0,-2.754,0.982
1776827359,381657458,robot_3,-4.317,-1.636
1776827359,582305321,robot_4,1.326,-0.914
1776827359,582324009,robot_1,0.845,4.622
1776827359,582331701,robot_2,-0.239,0.599
1776827359,582338854,robot_0,-2.754,0.982
1776827359,582344882,robot_3,-4.343,-1.580
1776827359,802313794,robot_4,1.325,-0.870
1776827359,802345885,robot_1,0.845,4.622
1776827359,802356703,robot_2,-0.216,0.582
1776827359,802366062,robot_0,-2.754,0.982
1776827359,802375532,robot_3,-4.347,-1.573
1776827360,2393958,robot_4,1.324,-0.817
1776827360,2425533,robot_1,0.845,4.623
1776827360,2440623,robot_2,-0.188,0.560
1776827360,2452836,robot_0,-2.754,0.982
1776827360,2463108,robot_3,-4.347,-1.573
1776827360,221489405,robot_4,1.324,-0.747
1776827360,221506176,robot_1,0.846,4.623
1776827360,221512599,robot_2,-0.151,0.531
1776827360,221518183,robot_0,-2.754,0.983
1776827360,221523891,robot_3,-4.347,-1.573
1776827360,422471185,robot_4,1.326,-0.707
1776827360,422502041,robot_1,0.846,4.624
1776827360,422508983,robot_2,-0.111,0.500
1776827360,422514849,robot_0,-2.754,0.983
1776827360,422521000,robot_3,-4.348,-1.573
1776827360,641104775,robot_4,1.327,-0.650
1776827360,641122099,robot_1,0.846,4.624
1776827360,641129447,robot_2,-0.075,0.472
1776827360,641135413,robot_0,-2.754,0.983
1776827360,641141554,robot_3,-4.348,-1.572
1776827360,860993400,robot_4,1.329,-0.593
1776827360,861010511,robot_1,0.847,4.624
1776827360,861017320,robot_2,-0.040,0.446
1776827360,861023088,robot_0,-2.754,0.984
1776827360,861028401,robot_3,-4.348,-1.572
1776827361,62201397,robot_4,1.331,-0.553
1776827361,62231052,robot_1,0.847,4.624
1776827361,62245764,robot_2,-0.010,0.422
1776827361,62257490,robot_0,-2.754,0.984
1776827361,62270635,robot_3,-4.349,-1.572
1776827361,282298184,robot_4,1.332,-0.516
1776827361,282320042,robot_1,0.848,4.624
1776827361,282329899,robot_2,0.025,0.395
1776827361,282337920,robot_0,-2.754,0.984
1776827361,282345177,robot_3,-4.349,-1.572
1776827361,501099435,robot_4,1.334,-0.475
1776827361,501117983,robot_1,0.848,4.624
1776827361,501124409,robot_2,0.058,0.370
1776827361,501129788,robot_0,-2.754,0.985
1776827361,501134863,robot_3,-4.349,-1.571
1776827361,701171432,robot_4,1.337,-0.435
1776827361,701189532,robot_1,0.848,4.624
1776827361,701196472,robot_2,0.087,0.346
1776827361,701201954,robot_0,-2.754,0.985
1776827361,701207302,robot_3,-4.349,-1.571
1776827361,901402498,robot_4,1.339,-0.391
1776827361,901422015,robot_1,0.848,4.624
1776827361,901428673,robot_2,0.117,0.319
1776827361,901434179,robot_0,-2.754,0.985
1776827361,901439591,robot_3,-4.349,-1.571
1776827362,101837038,robot_4,1.342,-0.349
1776827362,101869296,robot_1,0.848,4.624
1776827362,101880431,robot_2,0.148,0.291
1776827362,101889335,robot_0,-2.754,0.985
1776827362,101898845,robot_3,-4.349,-1.571
1776827362,322161191,robot_4,1.345,-0.306
1776827362,322178151,robot_1,0.849,4.624
1776827362,322184972,robot_2,0.183,0.261
1776827362,322190310,robot_0,-2.754,0.985
1776827362,322195633,robot_3,-4.349,-1.571
1776827362,522918874,robot_4,1.347,-0.270
1776827362,522938505,robot_1,0.849,4.624
1776827362,522945765,robot_2,0.214,0.236
1776827362,522951927,robot_0,-2.754,0.985
1776827362,522958180,robot_3,-4.349,-1.571
1776827362,742309246,robot_4,1.352,-0.227
1776827362,742330971,robot_1,0.850,4.624
1776827362,742339685,robot_2,0.244,0.211
1776827362,742347176,robot_0,-2.753,0.985
1776827362,742354979,robot_3,-4.349,-1.570
1776827362,962164179,robot_4,1.357,-0.178
1776827362,962186149,robot_1,0.850,4.623
1776827362,962195385,robot_2,0.275,0.185
1776827362,962202456,robot_0,-2.753,0.986
1776827362,962209433,robot_3,-4.349,-1.570
1776827363,163398130,robot_4,1.363,-0.121
1776827363,163424121,robot_1,0.850,4.623
1776827363,163437612,robot_2,0.306,0.159
1776827363,163448138,robot_0,-2.752,0.986
1776827363,163458461,robot_3,-4.349,-1.570
1776827363,381705349,robot_4,1.367,-0.075
1776827363,381725873,robot_1,0.851,4.622
1776827363,381732912,robot_2,0.337,0.134
1776827363,381738069,robot_0,-2.752,0.986
1776827363,381743637,robot_3,-4.349,-1.569
1776827363,603406062,robot_4,1.371,-0.040
1776827363,603437004,robot_1,0.851,4.622
1776827363,603452124,robot_2,0.371,0.109
1776827363,603464281,robot_0,-2.752,0.985
1776827363,603476509,robot_3,-4.348,-1.569
1776827363,822014616,robot_4,1.375,-0.013
1776827363,822036522,robot_1,0.847,4.621
1776827363,822046198,robot_2,0.407,0.083
1776827363,822054234,robot_0,-2.751,0.985
1776827363,822062363,robot_3,-4.348,-1.569
1776827364,42002716,robot_4,1.383,0.030
1776827364,42028384,robot_1,0.825,4.618
1776827364,42041212,robot_2,0.441,0.058
1776827364,42051960,robot_0,-2.757,0.976
1776827364,42062161,robot_3,-4.348,-1.569
1776827364,242971396,robot_4,1.389,0.059
1776827364,242992801,robot_1,0.789,4.613
1776827364,243002180,robot_2,0.474,0.035
1776827364,243009618,robot_0,-2.777,0.945
1776827364,243016266,robot_3,-4.348,-1.569
1776827364,443425454,robot_4,1.395,0.089
1776827364,443445064,robot_1,0.743,4.607
1776827364,443452599,robot_2,0.510,0.008
1776827364,443458555,robot_0,-2.799,0.911
1776827364,443464430,robot_3,-4.348,-1.569
1776827364,663206843,robot_4,1.404,0.132
1776827364,663236792,robot_1,0.671,4.597
1776827364,663251467,robot_2,0.556,-0.025
1776827364,663281074,robot_0,-2.815,0.887
1776827364,663294004,robot_3,-4.348,-1.569
1776827364,882468847,robot_4,1.410,0.162
1776827364,882488986,robot_1,0.647,4.594
1776827364,882496084,robot_2,0.592,-0.051
1776827364,882501764,robot_0,-2.815,0.887
1776827364,882507380,robot_3,-4.347,-1.569
1776827365,102880945,robot_4,1.417,0.198
1776827365,102907177,robot_1,0.647,4.594
1776827365,102926335,robot_2,0.618,-0.070
1776827365,102937835,robot_0,-2.815,0.887
1776827365,102947601,robot_3,-4.347,-1.569
1776827365,322781775,robot_4,1.426,0.244
1776827365,322799225,robot_1,0.646,4.595
1776827365,322806318,robot_2,0.641,-0.087
1776827365,322812001,robot_0,-2.816,0.887
1776827365,322817588,robot_3,-4.347,-1.569
1776827365,542652705,robot_4,1.439,0.307
1776827365,542676460,robot_1,0.646,4.595
1776827365,542688164,robot_2,0.677,-0.113
1776827365,542693658,robot_0,-2.816,0.887
1776827365,542699436,robot_3,-4.346,-1.569
1776827365,762252935,robot_4,1.448,0.356
1776827365,762276888,robot_1,0.646,4.596
1776827365,762289089,robot_2,0.708,-0.136
1776827365,762297977,robot_0,-2.816,0.887
1776827365,762306019,robot_3,-4.346,-1.569
1776827365,962413979,robot_4,1.458,0.403
1776827365,962445517,robot_1,0.645,4.596
1776827365,962460640,robot_2,0.738,-0.158
1776827365,962472893,robot_0,-2.817,0.887
1776827365,962484156,robot_3,-4.346,-1.570
1776827366,163312449,robot_4,1.471,0.472
1776827366,163338303,robot_1,0.645,4.596
1776827366,163350810,robot_2,0.771,-0.181
1776827366,163360373,robot_0,-2.817,0.886
1776827366,163370513,robot_3,-4.346,-1.570
1776827366,382584227,robot_4,1.479,0.522
1776827366,382603486,robot_1,0.644,4.596
1776827366,382609698,robot_2,0.789,-0.194
1776827366,382614698,robot_0,-2.817,0.886
1776827366,382620288,robot_3,-4.345,-1.570
1776827366,602675074,robot_4,1.489,0.577
1776827366,602693972,robot_1,0.644,4.596
1776827366,602701067,robot_2,0.818,-0.215
1776827366,602706728,robot_0,-2.817,0.886
1776827366,602712539,robot_3,-4.375,-1.580
1776827366,802785574,robot_4,1.500,0.637
1776827366,802807064,robot_1,0.644,4.596
1776827366,802815197,robot_2,0.853,-0.241
1776827366,802822086,robot_0,-2.817,0.886
1776827366,802828407,robot_3,-4.420,-1.594
1776827367,23021144,robot_4,1.508,0.680
1776827367,23047972,robot_1,0.644,4.596
1776827367,23058596,robot_2,0.916,-0.287
1776827367,23066614,robot_0,-2.817,0.886
1776827367,23075425,robot_3,-4.462,-1.608
1776827367,241046515,robot_4,1.521,0.744
1776827367,241064252,robot_1,0.644,4.596
1776827367,241070782,robot_2,0.958,-0.320
1776827367,241076437,robot_0,-2.817,0.886
1776827367,241081490,robot_3,-4.470,-1.611
1776827367,441289596,robot_4,1.535,0.809
1776827367,441309292,robot_1,0.643,4.596
1776827367,441315768,robot_2,0.998,-0.351
1776827367,441321778,robot_0,-2.817,0.886
1776827367,441326740,robot_3,-4.470,-1.611
1776827367,642353001,robot_4,1.544,0.848
1776827367,642378685,robot_1,0.643,4.596
1776827367,642390579,robot_2,1.057,-0.397
1776827367,642400368,robot_0,-2.817,0.885
1776827367,642410191,robot_3,-4.470,-1.611
1776827367,842398262,robot_4,1.553,0.889
1776827367,842422486,robot_1,0.643,4.595
1776827367,842433835,robot_2,1.094,-0.427
1776827367,842443619,robot_0,-2.817,0.885
1776827367,842452586,robot_3,-4.470,-1.612
1776827368,42464500,robot_4,1.562,0.931
1776827368,42491267,robot_1,0.642,4.595
1776827368,42503414,robot_2,1.134,-0.457
1776827368,42513679,robot_0,-2.817,0.885
1776827368,42524298,robot_3,-4.470,-1.612
1776827368,262710654,robot_4,1.571,0.974
1776827368,262737715,robot_1,0.642,4.595
1776827368,262748189,robot_2,1.194,-0.504
1776827368,262756328,robot_0,-2.817,0.884
1776827368,262764409,robot_3,-4.471,-1.612
1776827368,462739200,robot_4,1.582,1.025
1776827368,462776594,robot_1,0.642,4.594
1776827368,462786581,robot_2,1.228,-0.531
1776827368,462795396,robot_0,-2.817,0.884
1776827368,462803895,robot_3,-4.471,-1.613
1776827368,680813918,robot_4,1.593,1.078
1776827368,680830568,robot_1,0.642,4.594
1776827368,680837443,robot_2,1.270,-0.563
1776827368,680843137,robot_0,-2.817,0.884
1776827368,680848012,robot_3,-4.471,-1.613
1776827368,882271356,robot_4,1.601,1.117
1776827368,882293626,robot_1,0.642,4.593
1776827368,882300441,robot_2,1.314,-0.596
1776827368,882306114,robot_0,-2.817,0.884
1776827368,882312240,robot_3,-4.472,-1.613
1776827369,101531116,robot_4,1.608,1.149
1776827369,101554020,robot_1,0.642,4.593
1776827369,101564776,robot_2,1.350,-0.621
1776827369,101573308,robot_0,-2.816,0.884
1776827369,101581234,robot_3,-4.472,-1.613
1776827369,302069936,robot_4,1.616,1.183
1776827369,302092086,robot_1,0.642,4.593
1776827369,302102466,robot_2,1.378,-0.641
1776827369,302110878,robot_0,-2.816,0.884
1776827369,302118684,robot_3,-4.472,-1.613
1776827369,502710314,robot_4,1.626,1.223
1776827369,502739405,robot_1,0.642,4.593
1776827369,502753919,robot_2,1.407,-0.661
1776827369,502765895,robot_0,-2.816,0.884
1776827369,502777762,robot_3,-4.472,-1.613
1776827369,721656937,robot_4,1.643,1.294
1776827369,721676521,robot_1,0.642,4.593
1776827369,721684532,robot_2,1.443,-0.686
1776827369,721690992,robot_0,-2.816,0.884
1776827369,721697007,robot_3,-4.472,-1.613
1776827369,941165528,robot_4,1.656,1.348
1776827369,941183476,robot_1,0.642,4.593
1776827369,941190222,robot_2,1.502,-0.727
1776827369,941195879,robot_0,-2.816,0.883
1776827369,941201888,robot_3,-4.472,-1.613
1776827370,161164560,robot_4,1.667,1.396
1776827370,161181379,robot_1,0.642,4.594
1776827370,161188652,robot_2,1.559,-0.768
1776827370,161193992,robot_0,-2.816,0.883
1776827370,161199158,robot_3,-4.473,-1.613
1776827370,361698123,robot_4,1.681,1.451
1776827370,361722346,robot_1,0.642,4.594
1776827370,361729934,robot_2,1.592,-0.791
1776827370,361735688,robot_0,-2.815,0.884
1776827370,361741345,robot_3,-4.473,-1.613
1776827370,562686408,robot_4,1.693,1.492
1776827370,562718314,robot_1,0.642,4.595
1776827370,562733866,robot_2,1.643,-0.827
1776827370,562746184,robot_0,-2.815,0.884
1776827370,562758515,robot_3,-4.473,-1.613
1776827370,781188618,robot_4,1.705,1.533
1776827370,781224173,robot_1,0.643,4.595
1776827370,781238565,robot_2,1.688,-0.861
1776827370,781251804,robot_0,-2.815,0.884
1776827370,781263763,robot_3,-4.474,-1.613
1776827370,982681283,robot_4,1.716,1.568
1776827370,982706771,robot_1,0.643,4.595
1776827370,982721936,robot_2,1.720,-0.886
1776827370,982732168,robot_0,-2.814,0.884
1776827370,982741296,robot_3,-4.474,-1.612
1776827371,202446827,robot_4,1.728,1.610
1776827371,202477863,robot_1,0.644,4.596
1776827371,202492481,robot_2,1.761,-0.920
1776827371,202503694,robot_0,-2.814,0.884
1776827371,202518144,robot_3,-4.474,-1.612
1776827371,403035675,robot_4,1.737,1.641
1776827371,403069155,robot_1,0.644,4.596
1776827371,403084760,robot_2,1.793,-0.948
1776827371,403097655,robot_0,-2.814,0.885
1776827371,403109179,robot_3,-4.474,-1.612
1776827371,623070034,robot_4,1.746,1.669
1776827371,623095552,robot_1,0.644,4.596
1776827371,623107334,robot_2,1.829,-0.982
1776827371,623117382,robot_0,-2.846,0.899
1776827371,623126860,robot_3,-4.474,-1.611
1776827371,841020269,robot_4,1.758,1.711
1776827371,841036916,robot_1,0.644,4.596
1776827371,841043533,robot_2,1.879,-1.028
1776827371,841049253,robot_0,-2.901,0.921
1776827371,841054723,robot_3,-4.474,-1.611
1776827372,41354631,robot_4,1.770,1.751
1776827372,41373536,robot_1,0.644,4.596
1776827372,41380809,robot_2,1.912,-1.056
1776827372,41387038,robot_0,-2.938,0.936
1776827372,41393163,robot_3,-4.474,-1.611
1776827372,242702383,robot_4,1.782,1.791
1776827372,242730912,robot_1,0.645,4.596
1776827372,242745622,robot_2,1.949,-1.088
1776827372,242758865,robot_0,-2.947,0.939
1776827372,242764765,robot_3,-4.474,-1.611
1776827372,462407743,robot_4,1.794,1.833
1776827372,462431903,robot_1,0.645,4.596
1776827372,462443613,robot_2,2.002,-1.135
1776827372,462466684,robot_0,-2.947,0.939
1776827372,462476620,robot_3,-4.474,-1.611
1776827372,680924202,robot_4,1.809,1.883
1776827372,680941673,robot_1,0.646,4.596
1776827372,680948678,robot_2,2.036,-1.166
1776827372,680954645,robot_0,-2.947,0.938
1776827372,680959838,robot_3,-4.474,-1.610
1776827372,882905269,robot_4,1.821,1.925
1776827372,882976490,robot_1,0.646,4.595
1776827372,883004077,robot_2,2.066,-1.193
1776827372,883011128,robot_0,-2.948,0.938
1776827372,883016357,robot_3,-4.474,-1.610
1776827373,101022874,robot_4,1.834,1.967
1776827373,101039190,robot_1,0.647,4.595
1776827373,101045678,robot_2,2.100,-1.222
1776827373,101050999,robot_0,-2.948,0.938
1776827373,101055767,robot_3,-4.474,-1.610
1776827373,302106022,robot_4,1.844,2.001
1776827373,302134546,robot_1,0.647,4.595
1776827373,302141080,robot_2,2.132,-1.246
1776827373,302146690,robot_0,-2.948,0.938
1776827373,302152776,robot_3,-4.473,-1.610
1776827373,502552453,robot_4,1.854,2.037
1776827373,502569883,robot_1,0.647,4.594
1776827373,502576244,robot_2,2.170,-1.275
1776827373,502581604,robot_0,-2.949,0.938
1776827373,502586802,robot_3,-4.473,-1.609
1776827373,721988091,robot_4,1.867,2.079
1776827373,722004444,robot_1,0.647,4.594
1776827373,722011741,robot_2,2.211,-1.306
1776827373,722017342,robot_0,-2.949,0.938
1776827373,722022253,robot_3,-4.473,-1.609
1776827373,922044160,robot_4,1.878,2.115
1776827373,922063917,robot_1,0.647,4.593
1776827373,922070922,robot_2,2.243,-1.330
1776827373,922076054,robot_0,-2.949,0.938
1776827373,922082018,robot_3,-4.472,-1.609
1776827374,141462222,robot_4,1.892,2.155
1776827374,141478919,robot_1,0.612,4.588
1776827374,141486117,robot_2,2.285,-1.362
1776827374,141491942,robot_0,-2.950,0.938
1776827374,141498360,robot_3,-4.472,-1.609
1776827374,342817610,robot_4,1.905,2.193
1776827374,342837938,robot_1,0.553,4.580
1776827374,342846067,robot_2,2.321,-1.390
1776827374,342852978,robot_0,-2.950,0.938
1776827374,342860001,robot_3,-4.472,-1.609
1776827374,561708467,robot_4,1.920,2.234
1776827374,561725588,robot_1,0.510,4.574
1776827374,561732690,robot_2,2.356,-1.416
1776827374,561738034,robot_0,-2.950,0.938
1776827374,561743205,robot_3,-4.472,-1.609
1776827374,763091638,robot_4,1.934,2.271
1776827374,763121899,robot_1,0.501,4.573
1776827374,763136560,robot_2,2.407,-1.455
1776827374,763148798,robot_0,-2.950,0.938
1776827374,763160808,robot_3,-4.472,-1.609
1776827374,963300877,robot_4,1.948,2.309
1776827374,963323733,robot_1,0.500,4.573
1776827374,963332816,robot_2,2.450,-1.487
1776827374,963340538,robot_0,-2.950,0.938
1776827374,963347685,robot_3,-4.472,-1.609
1776827375,181591138,robot_4,1.964,2.353
1776827375,181607537,robot_1,0.500,4.574
1776827375,181614341,robot_2,2.485,-1.514
1776827375,181619802,robot_0,-2.950,0.939
1776827375,181624665,robot_3,-4.471,-1.609
1776827375,381618955,robot_4,1.977,2.391
1776827375,381640007,robot_1,0.500,4.574
1776827375,381647523,robot_2,2.513,-1.535
1776827375,381654359,robot_0,-2.950,0.939
1776827375,381660298,robot_3,-4.471,-1.610
1776827375,601050702,robot_4,1.997,2.447
1776827375,601067968,robot_1,0.500,4.574
1776827375,601074464,robot_2,2.547,-1.560
1776827375,601079694,robot_0,-2.951,0.939
1776827375,601085027,robot_3,-4.471,-1.610
1776827375,802009081,robot_4,2.023,2.517
1776827375,802054071,robot_1,0.499,4.575
1776827375,802066640,robot_2,2.581,-1.587
1776827375,802078467,robot_0,-2.951,0.940
1776827375,802089508,robot_3,-4.470,-1.610
1776827376,2347978,robot_4,2.038,2.558
1776827376,2378172,robot_1,0.499,4.575
1776827376,2392857,robot_2,2.641,-1.632
1776827376,2405827,robot_0,-2.951,0.940
1776827376,2417384,robot_3,-4.470,-1.611
1776827376,202443243,robot_4,2.056,2.609
1776827376,202462087,robot_1,0.498,4.575
1776827376,202469545,robot_2,2.685,-1.665
1776827376,202475284,robot_0,-2.951,0.940
1776827376,202481406,robot_3,-4.470,-1.611
1776827376,403973568,robot_4,2.078,2.675
1776827376,404021302,robot_1,0.498,4.575
1776827376,404046050,robot_2,2.719,-1.691
1776827376,404067216,robot_0,-2.950,0.941
1776827376,404087938,robot_3,-4.470,-1.611
1776827376,621724331,robot_4,2.093,2.718
1776827376,621746498,robot_1,0.498,4.575
1776827376,621755626,robot_2,2.763,-1.724
1776827376,621763653,robot_0,-2.944,0.938
1776827376,621771111,robot_3,-4.470,-1.611
1776827376,840815564,robot_4,2.107,2.762
1776827376,840832788,robot_1,0.497,4.575
1776827376,840839284,robot_2,2.799,-1.752
1776827376,840844163,robot_0,-2.909,0.920
1776827376,840849274,robot_3,-4.470,-1.611
1776827377,42369364,robot_4,2.119,2.803
1776827377,42392541,robot_1,0.497,4.575
1776827377,42403432,robot_2,2.823,-1.769
1776827377,42411732,robot_0,-2.874,0.903
1776827377,42420213,robot_3,-4.470,-1.611
1776827377,261964966,robot_4,2.133,2.844
1776827377,262005212,robot_1,0.497,4.575
1776827377,262021579,robot_2,2.823,-1.769
1776827377,262033861,robot_0,-2.833,0.882
1776827377,262044523,robot_3,-4.470,-1.611
1776827377,462729408,robot_4,2.153,2.908
1776827377,462750219,robot_1,0.497,4.575
1776827377,462758861,robot_2,2.823,-1.769
1776827377,462766435,robot_0,-2.796,0.864
1776827377,462773700,robot_3,-4.471,-1.611
1776827377,681780535,robot_4,2.174,2.975
1776827377,681799814,robot_1,0.497,4.574
1776827377,681807411,robot_2,2.823,-1.769
1776827377,681813596,robot_0,-2.757,0.844
1776827377,681819472,robot_3,-4.471,-1.610
1776827377,882126211,robot_4,2.186,3.013
1776827377,882155625,robot_1,0.496,4.574
1776827377,882162265,robot_2,2.824,-1.769
1776827377,882168349,robot_0,-2.713,0.822
1776827377,882174823,robot_3,-4.471,-1.610
1776827378,82211369,robot_4,2.201,3.059
1776827378,82242826,robot_1,0.496,4.574
1776827378,82257750,robot_2,2.824,-1.769
1776827378,82270548,robot_0,-2.666,0.797
1776827378,82282289,robot_3,-4.471,-1.610
1776827378,302476916,robot_4,2.215,3.105
1776827378,302509353,robot_1,0.496,4.573
1776827378,302524581,robot_2,2.824,-1.769
1776827378,302537548,robot_0,-2.629,0.774
1776827378,302549977,robot_3,-4.472,-1.610
1776827378,502778118,robot_4,2.227,3.142
1776827378,502810174,robot_1,0.496,4.573
1776827378,502827126,robot_2,2.825,-1.769
1776827378,502841363,robot_0,-2.593,0.752
1776827378,502854637,robot_3,-4.472,-1.610
1776827378,721988345,robot_4,2.235,3.168
1776827378,722013527,robot_1,0.496,4.572
1776827378,722025638,robot_2,2.825,-1.769
1776827378,722035194,robot_0,-2.555,0.727
1776827378,722044377,robot_3,-4.472,-1.610
1776827378,922323369,robot_4,2.246,3.200
1776827378,922344616,robot_1,0.496,4.572
1776827378,922352809,robot_2,2.825,-1.769
1776827378,922359724,robot_0,-2.523,0.703
1776827378,922365984,robot_3,-4.472,-1.610
1776827379,122640225,robot_4,2.258,3.241
1776827379,122662514,robot_1,0.496,4.572
1776827379,122673700,robot_2,2.826,-1.769
1776827379,122682040,robot_0,-2.476,0.669
1776827379,122690020,robot_3,-4.472,-1.610
1776827379,341656373,robot_4,2.281,3.313
1776827379,341678597,robot_1,0.496,4.572
1776827379,341688761,robot_2,2.826,-1.769
1776827379,341696660,robot_0,-2.426,0.631
1776827379,341705218,robot_3,-4.472,-1.610
1776827379,543166145,robot_4,2.296,3.359
1776827379,543189435,robot_1,0.496,4.572
1776827379,543199082,robot_2,2.826,-1.769
1776827379,543207822,robot_0,-2.394,0.607
1776827379,543215683,robot_3,-4.472,-1.610
1776827379,762908407,robot_4,2.311,3.408
1776827379,762946925,robot_1,0.496,4.571
1776827379,762961841,robot_2,2.826,-1.770
1776827379,762974160,robot_0,-2.353,0.575
1776827379,762985673,robot_3,-4.472,-1.610
1776827379,982055303,robot_4,2.332,3.474
1776827379,982075779,robot_1,0.496,4.571
1776827379,982084601,robot_2,2.826,-1.770
1776827379,982091552,robot_0,-2.316,0.547
1776827379,982098637,robot_3,-4.471,-1.610
1776827380,182664667,robot_4,2.345,3.514
1776827380,182691412,robot_1,0.496,4.571
1776827380,182704102,robot_2,2.826,-1.770
1776827380,182714797,robot_0,-2.283,0.522
1776827380,182724837,robot_3,-4.471,-1.611
1776827380,401508352,robot_4,2.363,3.571
1776827380,401527568,robot_1,0.497,4.570
1776827380,401535052,robot_2,2.826,-1.771
1776827380,401540455,robot_0,-2.227,0.479
1776827380,401545463,robot_3,-4.471,-1.611
1776827380,602121922,robot_4,2.386,3.642
1776827380,602150791,robot_1,0.497,4.570
1776827380,602165496,robot_2,2.826,-1.771
1776827380,602177294,robot_0,-2.189,0.449
1776827380,602188622,robot_3,-4.471,-1.611
1776827380,822074911,robot_4,2.400,3.686
1776827380,822095374,robot_1,0.498,4.570
1776827380,822104310,robot_2,2.826,-1.771
1776827380,822111671,robot_0,-2.155,0.423
1776827380,822119250,robot_3,-4.470,-1.611
1776827381,41090188,robot_4,2.415,3.734
1776827381,41107289,robot_1,0.498,4.570
1776827381,41113394,robot_2,2.826,-1.772
1776827381,41118684,robot_0,-2.123,0.399
1776827381,41124163,robot_3,-4.470,-1.612
1776827381,241389529,robot_4,2.431,3.777
1776827381,241405339,robot_1,0.499,4.570
1776827381,241412364,robot_2,2.826,-1.772
1776827381,241417511,robot_0,-2.092,0.375
1776827381,241422467,robot_3,-4.470,-1.612
1776827381,461906123,robot_4,2.447,3.818
1776827381,461936633,robot_1,0.499,4.570
1776827381,461947853,robot_2,2.825,-1.772
1776827381,461956674,robot_0,-2.057,0.348
1776827381,461965239,robot_3,-4.470,-1.612
1776827381,662556431,robot_4,2.461,3.851
1776827381,662588214,robot_1,0.499,4.570
1776827381,662605168,robot_2,2.825,-1.772
1776827381,662619641,robot_0,-2.024,0.324
1776827381,662633025,robot_3,-4.470,-1.612
1776827381,882284518,robot_4,2.478,3.888
1776827381,882304715,robot_1,0.499,4.570
1776827381,882312296,robot_2,2.825,-1.772
1776827381,882318659,robot_0,-1.988,0.298
1776827381,882324453,robot_3,-4.470,-1.612
1776827382,82653466,robot_4,2.496,3.924
1776827382,82678077,robot_1,0.499,4.570
1776827382,82689276,robot_2,2.825,-1.772
1776827382,82697981,robot_0,-1.947,0.269
1776827382,82706269,robot_3,-4.471,-1.612
1776827382,302358651,robot_4,2.529,3.992
1776827382,302378802,robot_1,0.498,4.570
1776827382,302388040,robot_2,2.825,-1.773
1776827382,302394702,robot_0,-1.900,0.232
1776827382,302401756,robot_3,-4.471,-1.611
1776827382,521117128,robot_4,2.558,4.047
1776827382,521142623,robot_1,0.498,4.570
1776827382,521148273,robot_2,2.825,-1.773
1776827382,521153502,robot_0,-1.866,0.204
1776827382,521159035,robot_3,-4.471,-1.611
1776827382,723699983,robot_4,2.575,4.081
1776827382,723724996,robot_1,0.497,4.570
1776827382,723736336,robot_2,2.824,-1.773
1776827382,723746492,robot_0,-1.826,0.169
1776827382,723755875,robot_3,-4.471,-1.611
1776827382,941193200,robot_4,2.590,4.111
1776827382,941212622,robot_1,0.497,4.570
1776827382,941220164,robot_2,2.824,-1.773
1776827382,941225578,robot_0,-1.784,0.133
1776827382,941231531,robot_3,-4.472,-1.611
1776827383,143208702,robot_4,2.608,4.144
1776827383,143237264,robot_1,0.497,4.571
1776827383,143250899,robot_2,2.824,-1.773
1776827383,143261630,robot_0,-1.754,0.107
1776827383,143273150,robot_3,-4.472,-1.611
1776827383,362248122,robot_4,2.627,4.181
1776827383,362270039,robot_1,0.496,4.571
1776827383,362278265,robot_2,2.823,-1.773
1776827383,362284576,robot_0,-1.717,0.076
1776827383,362290455,robot_3,-4.472,-1.611
1776827383,582186652,robot_4,2.645,4.214
1776827383,582203133,robot_1,0.496,4.572
1776827383,582210092,robot_2,2.823,-1.772
1776827383,582215181,robot_0,-1.683,0.046
1776827383,582220535,robot_3,-4.472,-1.611
1776827383,800910180,robot_4,2.666,4.252
1776827383,800934129,robot_1,0.496,4.572
1776827383,800940888,robot_2,2.823,-1.772
1776827383,800946244,robot_0,-1.649,0.017
1776827383,800951508,robot_3,-4.473,-1.611
1776827384,2443979,robot_4,2.681,4.278
1776827384,2467861,robot_1,0.496,4.572
1776827384,2475647,robot_2,2.825,-1.769
1776827384,2482135,robot_0,-1.618,-0.009
1776827384,2488619,robot_3,-4.473,-1.611
1776827384,221689943,robot_4,2.694,4.300
1776827384,221710305,robot_1,0.496,4.572
1776827384,221718776,robot_2,2.844,-1.751
1776827384,221725149,robot_0,-1.583,-0.037
1776827384,221731407,robot_3,-4.472,-1.611
1776827384,441903588,robot_4,2.716,4.338
1776827384,441927428,robot_1,0.496,4.572
1776827384,441935362,robot_2,2.874,-1.722
1776827384,441941708,robot_0,-1.541,-0.070
1776827384,441948072,robot_3,-4.472,-1.611
1776827384,662838128,robot_4,2.723,4.351
1776827384,662876119,robot_1,0.496,4.573
1776827384,662897819,robot_2,2.894,-1.701
1776827384,662920851,robot_0,-1.480,-0.118
1776827384,662938420,robot_3,-4.472,-1.611
1776827384,863134469,robot_4,2.723,4.352
1776827384,863166913,robot_1,0.496,4.573
1776827384,863182736,robot_2,2.894,-1.702
1776827384,863195449,robot_0,-1.446,-0.145
1776827384,863206736,robot_3,-4.471,-1.611
1776827385,82235366,robot_4,2.723,4.352
1776827385,82262701,robot_1,0.496,4.574
1776827385,82275768,robot_2,2.895,-1.702
1776827385,82286591,robot_0,-1.413,-0.171
1776827385,82297556,robot_3,-4.471,-1.611
1776827385,300838341,robot_4,2.723,4.352
1776827385,300855874,robot_1,0.496,4.574
1776827385,300863102,robot_2,2.895,-1.702
1776827385,300868632,robot_0,-1.381,-0.199
1776827385,300873902,robot_3,-4.471,-1.612
1776827385,501103889,robot_4,2.722,4.353
1776827385,501121978,robot_1,0.497,4.575
1776827385,501128885,robot_2,2.895,-1.702
1776827385,501134691,robot_0,-1.351,-0.226
1776827385,501140357,robot_3,-4.471,-1.612
1776827385,722227251,robot_4,2.722,4.353
1776827385,722250446,robot_1,0.497,4.575
1776827385,722260458,robot_2,2.896,-1.702
1776827385,722268895,robot_0,-1.324,-0.251
1776827385,722277056,robot_3,-4.471,-1.612
1776827385,923703014,robot_4,2.722,4.353
1776827385,923727298,robot_1,0.497,4.575
1776827385,923738149,robot_2,2.896,-1.702
1776827385,923745785,robot_0,-1.300,-0.274
1776827385,923753609,robot_3,-4.470,-1.613
1776827386,141197073,robot_4,2.722,4.354
1776827386,141214176,robot_1,0.498,4.575
1776827386,141221068,robot_2,2.896,-1.702
1776827386,141226663,robot_0,-1.267,-0.305
1776827386,141232074,robot_3,-4.470,-1.613
1776827386,342490727,robot_4,2.723,4.354
1776827386,342527607,robot_1,0.498,4.576
1776827386,342544929,robot_2,2.897,-1.701
1776827386,342559822,robot_0,-1.221,-0.348
1776827386,342573801,robot_3,-4.470,-1.613
1776827386,562465245,robot_4,2.723,4.354
1776827386,562483803,robot_1,0.498,4.576
1776827386,562491398,robot_2,2.897,-1.701
1776827386,562498034,robot_0,-1.174,-0.392
1776827386,562503900,robot_3,-4.470,-1.613
1776827386,762485614,robot_4,2.723,4.354
1776827386,762508619,robot_1,0.498,4.576
1776827386,762519790,robot_2,2.897,-1.701
1776827386,762529653,robot_0,-1.145,-0.420
1776827386,762539714,robot_3,-4.471,-1.613
1776827386,963569788,robot_4,2.723,4.354
1776827386,963606801,robot_1,0.498,4.576
1776827386,963623955,robot_2,2.897,-1.701
1776827386,963638451,robot_0,-1.112,-0.451
1776827386,963652160,robot_3,-4.471,-1.612
1776827387,182910231,robot_4,2.723,4.354
1776827387,182944786,robot_1,0.499,4.576
1776827387,182956639,robot_2,2.897,-1.701
1776827387,182966273,robot_0,-1.078,-0.482
1776827387,182975751,robot_3,-4.471,-1.612
1776827387,402883618,robot_4,2.723,4.355
1776827387,402920607,robot_1,0.499,4.575
1776827387,402937002,robot_2,2.897,-1.701
1776827387,402949357,robot_0,-1.048,-0.511
1776827387,402961855,robot_3,-4.471,-1.612
1776827387,621767140,robot_4,2.723,4.355
1776827387,621787498,robot_1,0.500,4.575
1776827387,621795249,robot_2,2.897,-1.701
1776827387,621801199,robot_0,-1.027,-0.531
1776827387,621807558,robot_3,-4.472,-1.612
1776827387,822375595,robot_4,2.724,4.355
1776827387,822394894,robot_1,0.500,4.575
1776827387,822403034,robot_2,2.897,-1.700
1776827387,822409469,robot_0,-0.999,-0.557
1776827387,822415929,robot_3,-4.472,-1.612
1776827388,41297267,robot_4,2.724,4.355
1776827388,41314970,robot_1,0.501,4.574
1776827388,41321634,robot_2,2.897,-1.700
1776827388,41326628,robot_0,-0.960,-0.593
1776827388,41332208,robot_3,-4.472,-1.612
1776827388,242562717,robot_4,2.724,4.355
1776827388,242583655,robot_1,0.501,4.574
1776827388,242592327,robot_2,2.897,-1.700
1776827388,242600218,robot_0,-0.911,-0.639
1776827388,242606698,robot_3,-4.472,-1.612
1776827388,461504187,robot_4,2.725,4.355
1776827388,461525105,robot_1,0.501,4.574
1776827388,461533012,robot_2,2.897,-1.699
1776827388,461539413,robot_0,-0.876,-0.672
1776827388,461546236,robot_3,-4.473,-1.612
1776827388,661541680,robot_4,2.725,4.355
1776827388,661559460,robot_1,0.501,4.573
1776827388,661565878,robot_2,2.897,-1.699
1776827388,661571081,robot_0,-0.847,-0.700
1776827388,661576309,robot_3,-4.473,-1.612
1776827388,861773175,robot_4,2.725,4.355
1776827388,861791438,robot_1,0.501,4.573
1776827388,861798164,robot_2,2.897,-1.699
1776827388,861803770,robot_0,-0.819,-0.726
1776827388,861809319,robot_3,-4.473,-1.612
1776827389,62664764,robot_4,2.726,4.355
1776827389,62690662,robot_1,0.469,4.568
1776827389,62703082,robot_2,2.896,-1.699
1776827389,62713340,robot_0,-0.789,-0.754
1776827389,62723155,robot_3,-4.472,-1.612
1776827389,281326030,robot_4,2.726,4.355
1776827389,281341161,robot_1,0.424,4.562
1776827389,281347634,robot_2,2.896,-1.699
1776827389,281353162,robot_0,-0.764,-0.778
1776827389,281358301,robot_3,-4.472,-1.612
1776827389,482166095,robot_4,2.726,4.355
1776827389,482193465,robot_1,0.384,4.556
1776827389,482207128,robot_2,2.896,-1.699
1776827389,482218196,robot_0,-0.744,-0.797
1776827389,482229239,robot_3,-4.472,-1.612
1776827389,701204056,robot_4,2.726,4.354
1776827389,701222326,robot_1,0.331,4.550
1776827389,701230270,robot_2,2.896,-1.699
1776827389,701236043,robot_0,-0.712,-0.827
1776827389,701241954,robot_3,-4.471,-1.612
1776827389,902860913,robot_4,2.726,4.354
1776827389,902892818,robot_1,0.288,4.546
1776827389,902908814,robot_2,2.896,-1.699
1776827389,902934275,robot_0,-0.686,-0.851
1776827389,902950977,robot_3,-4.471,-1.612
1776827390,122649142,robot_4,2.726,4.354
1776827390,122670842,robot_1,0.239,4.542
1776827390,122680577,robot_2,2.896,-1.698
1776827390,122688325,robot_0,-0.659,-0.877
1776827390,122696566,robot_3,-4.471,-1.613
1776827390,342163920,robot_4,2.726,4.353
1776827390,342194359,robot_1,0.191,4.537
1776827390,342209892,robot_2,2.895,-1.698
1776827390,342221540,robot_0,-0.627,-0.907
1776827390,342233460,robot_3,-4.471,-1.613
1776827390,563942169,robot_4,2.726,4.353
1776827390,563964811,robot_1,0.147,4.532
1776827390,563975193,robot_2,2.895,-1.698
1776827390,563983362,robot_0,-0.594,-0.938
1776827390,563991558,robot_3,-4.471,-1.613
1776827390,782393059,robot_4,2.726,4.353
1776827390,782414032,robot_1,0.121,4.529
1776827390,782422904,robot_2,2.895,-1.699
1776827390,782429613,robot_0,-0.562,-0.970
1776827390,782437138,robot_3,-4.471,-1.614
1776827391,3146558,robot_4,2.726,4.352
1776827391,3171372,robot_1,0.087,4.526
1776827391,3183331,robot_2,2.895,-1.699
1776827391,3192249,robot_0,-0.528,-1.004
1776827391,3212819,robot_3,-4.471,-1.614
1776827391,221182239,robot_4,2.726,4.352
1776827391,221199450,robot_1,0.041,4.525
1776827391,221206417,robot_2,2.894,-1.699
1776827391,221211594,robot_0,-0.474,-1.060
1776827391,221216858,robot_3,-4.471,-1.614
1776827391,423022646,robot_4,2.726,4.352
1776827391,423054207,robot_1,-0.005,4.522
1776827391,423084208,robot_2,2.894,-1.699
1776827391,423095525,robot_0,-0.439,-1.095
1776827391,423105984,robot_3,-4.471,-1.614
1776827391,641857474,robot_4,2.701,4.371
1776827391,641880533,robot_1,-0.051,4.517
1776827391,641891063,robot_2,2.916,-1.716
1776827391,641899417,robot_0,-0.405,-1.130
1776827391,641908136,robot_3,-4.471,-1.614
1776827391,842324028,robot_4,2.655,4.407
1776827391,842362754,robot_1,-0.096,4.512
1776827391,842376861,robot_2,2.946,-1.740
1776827391,842389068,robot_0,-0.369,-1.167
1776827391,842400480,robot_3,-4.471,-1.615
1776827392,42435314,robot_4,2.624,4.432
1776827392,42455626,robot_1,-0.160,4.506
1776827392,42465986,robot_2,2.976,-1.765
1776827392,42473102,robot_0,-0.340,-1.196
1776827392,42480138,robot_3,-4.471,-1.615
1776827392,262781769,robot_4,2.612,4.441
1776827392,262803631,robot_1,-0.210,4.503
1776827392,262812952,robot_2,2.984,-1.771
1776827392,262820360,robot_0,-0.303,-1.234
1776827392,262828111,robot_3,-4.471,-1.615
1776827392,462921518,robot_4,2.612,4.441
1776827392,462948882,robot_1,-0.254,4.501
1776827392,462962759,robot_2,2.984,-1.771
1776827392,462973100,robot_0,-0.262,-1.276
1776827392,462983618,robot_3,-4.472,-1.615
1776827392,663063612,robot_4,2.611,4.441
1776827392,663085827,robot_1,-0.304,4.499
1776827392,663095401,robot_2,2.984,-1.771
1776827392,663102898,robot_0,-0.233,-1.305
1776827392,663110451,robot_3,-4.472,-1.615
1776827392,863283510,robot_4,2.611,4.441
1776827392,863305987,robot_1,-0.345,4.497
1776827392,863314438,robot_2,2.984,-1.771
1776827392,863321264,robot_0,-0.201,-1.338
1776827392,863328720,robot_3,-4.472,-1.616
1776827393,82307671,robot_4,2.611,4.441
1776827393,82333129,robot_1,-0.395,4.495
1776827393,82344844,robot_2,2.985,-1.770
1776827393,82355622,robot_0,-0.163,-1.379
1776827393,82365784,robot_3,-4.473,-1.616
1776827393,282329521,robot_4,2.610,4.441
1776827393,282356500,robot_1,-0.447,4.495
1776827393,282371639,robot_2,2.985,-1.770
1776827393,282383353,robot_0,-0.137,-1.409
1776827393,282394446,robot_3,-4.473,-1.616
1776827393,501213464,robot_4,2.610,4.441
1776827393,501231132,robot_1,-0.491,4.497
1776827393,501237589,robot_2,2.985,-1.771
1776827393,501242874,robot_0,-0.103,-1.449
1776827393,501247951,robot_3,-4.473,-1.616
1776827393,702409133,robot_4,2.610,4.441
1776827393,702431686,robot_1,-0.532,4.499
1776827393,702441566,robot_2,2.986,-1.771
1776827393,702448509,robot_0,-0.071,-1.486
1776827393,702455687,robot_3,-4.473,-1.616
1776827393,921464748,robot_4,2.609,4.441
1776827393,921485123,robot_1,-0.578,4.501
1776827393,921492186,robot_2,2.986,-1.771
1776827393,921498052,robot_0,-0.042,-1.520
1776827393,921504013,robot_3,-4.473,-1.616
1776827394,123504322,robot_4,2.609,4.441
1776827394,123529120,robot_1,-0.618,4.503
1776827394,123540008,robot_2,2.986,-1.771
1776827394,123548235,robot_0,-0.003,-1.565
1776827394,123556783,robot_3,-4.473,-1.616
1776827394,343012725,robot_4,2.609,4.441
1776827394,343032688,robot_1,-0.655,4.505
1776827394,343042009,robot_2,2.986,-1.771
1776827394,343049607,robot_0,0.039,-1.614
1776827394,343056677,robot_3,-4.474,-1.615
1776827394,562207572,robot_4,2.609,4.441
1776827394,562235552,robot_1,-0.681,4.506
1776827394,562248436,robot_2,2.975,-1.783
1776827394,562259613,robot_0,0.068,-1.648
1776827394,562269999,robot_3,-4.474,-1.615
1776827394,782901488,robot_4,2.609,4.441
1776827394,782922703,robot_1,-0.681,4.506
1776827394,782930531,robot_2,2.922,-1.843
1776827394,782937114,robot_0,0.100,-1.685
1776827394,782943121,robot_3,-4.474,-1.615
1776827395,1689617,robot_4,2.609,4.442
1776827395,1712416,robot_1,-0.681,4.507
1776827395,1721462,robot_2,2.891,-1.877
1776827395,1728406,robot_0,0.129,-1.720
1776827395,1735620,robot_3,-4.474,-1.614
1776827395,202490975,robot_4,2.609,4.442
1776827395,202513761,robot_1,-0.681,4.507
1776827395,202521384,robot_2,2.866,-1.904
1776827395,202526716,robot_0,0.158,-1.753
1776827395,202532961,robot_3,-4.474,-1.614
1776827395,421629007,robot_4,2.608,4.442
1776827395,421649632,robot_1,-0.681,4.508
1776827395,421656941,robot_2,2.838,-1.934
1776827395,421664408,robot_0,0.200,-1.803
1776827395,421669871,robot_3,-4.475,-1.614
1776827395,622255422,robot_4,2.608,4.443
1776827395,622276641,robot_1,-0.681,4.508
1776827395,622286289,robot_2,2.810,-1.963
1776827395,622293647,robot_0,0.228,-1.838
1776827395,622300503,robot_3,-4.463,-1.613
1776827395,841268815,robot_4,2.608,4.443
1776827395,841287540,robot_1,-0.682,4.508
1776827395,841295554,robot_2,2.791,-1.983
1776827395,841302066,robot_0,0.262,-1.879
1776827395,841308739,robot_3,-4.414,-1.612
1776827396,61165940,robot_4,2.609,4.444
1776827396,61182588,robot_1,-0.682,4.508
1776827396,61189485,robot_2,2.768,-2.007
1776827396,61202727,robot_0,0.306,-1.937
1776827396,61207717,robot_3,-4.370,-1.610
1776827396,262204243,robot_4,2.609,4.444
1776827396,262222386,robot_1,-0.683,4.509
1776827396,262229318,robot_2,2.740,-2.036
1776827396,262234580,robot_0,0.330,-1.971
1776827396,262239446,robot_3,-4.329,-1.609
1776827396,481890557,robot_4,2.609,4.444
1776827396,481922411,robot_1,-0.683,4.509
1776827396,481934396,robot_2,2.692,-2.086
1776827396,481943043,robot_0,0.358,-2.012
1776827396,481951869,robot_3,-4.284,-1.608
1776827396,682557088,robot_4,2.609,4.444
1776827396,682574584,robot_1,-0.683,4.509
1776827396,682581987,robot_2,2.656,-2.123
1776827396,682587539,robot_0,0.385,-2.050
1776827396,682593238,robot_3,-4.244,-1.606
1776827396,901473559,robot_4,2.610,4.444
1776827396,901493091,robot_1,-0.683,4.509
1776827396,901499664,robot_2,2.627,-2.153
1776827396,901505524,robot_0,0.410,-2.087
1776827396,901510955,robot_3,-4.179,-1.604
1776827397,101986545,robot_4,2.646,4.409
1776827397,102006077,robot_1,-0.683,4.509
1776827397,102014675,robot_2,2.605,-2.177
1776827397,102022267,robot_0,0.432,-2.119
1776827397,102028805,robot_3,-4.117,-1.602
1776827397,323019681,robot_4,2.686,4.370
1776827397,323045746,robot_1,-0.684,4.509
1776827397,323057313,robot_2,2.577,-2.208
1776827397,323066855,robot_0,0.455,-2.155
1776827397,323075493,robot_3,-4.073,-1.601
1776827397,541516812,robot_4,2.721,4.337
1776827397,541535652,robot_1,-0.684,4.508
1776827397,541542613,robot_2,2.543,-2.246
1776827397,541548543,robot_0,0.478,-2.193
1776827397,541554232,robot_3,-3.998,-1.598
1776827397,762365126,robot_4,2.765,4.295
1776827397,762384602,robot_1,-0.685,4.508
1776827397,762391356,robot_2,2.501,-2.294
1776827397,762397410,robot_0,0.507,-2.243
1776827397,762402362,robot_3,-3.931,-1.596
1776827397,963450398,robot_4,2.795,4.265
1776827397,963483152,robot_1,-0.685,4.508
1776827397,963498295,robot_2,2.474,-2.325
1776827397,963510048,robot_0,0.531,-2.283
1776827397,963521759,robot_3,-3.890,-1.594
1776827398,182842872,robot_4,2.827,4.235
1776827398,182866777,robot_1,-0.685,4.507
1776827398,182876305,robot_2,2.450,-2.352
1776827398,182884678,robot_0,0.553,-2.320
1776827398,182892527,robot_3,-3.809,-1.592
1776827398,401638879,robot_4,2.858,4.203
1776827398,401660012,robot_1,-0.685,4.507
1776827398,401666898,robot_2,2.428,-2.376
1776827398,401672121,robot_0,0.567,-2.346
1776827398,401677572,robot_3,-3.750,-1.590
1776827398,602447896,robot_4,2.884,4.174
1776827398,602471516,robot_1,-0.686,4.507
1776827398,602481555,robot_2,2.400,-2.404
1776827398,602489574,robot_0,0.584,-2.377
1776827398,602496942,robot_3,-3.711,-1.588
1776827398,803517344,robot_4,2.918,4.134
1776827398,803548293,robot_1,-0.686,4.506
1776827398,803562413,robot_2,2.378,-2.426
1776827398,803574273,robot_0,0.600,-2.411
1776827398,803587548,robot_3,-3.673,-1.587
1776827399,22294318,robot_4,2.963,4.081
1776827399,22310400,robot_1,-0.686,4.506
1776827399,22316943,robot_2,2.354,-2.451
1776827399,22322188,robot_0,0.615,-2.442
1776827399,22327721,robot_3,-3.630,-1.587
1776827399,222366118,robot_4,2.988,4.050
1776827399,222385085,robot_1,-0.686,4.506
1776827399,222393417,robot_2,2.326,-2.479
1776827399,222399938,robot_0,0.630,-2.477
1776827399,222405736,robot_3,-3.593,-1.586
1776827399,441143493,robot_4,3.007,4.026
1776827399,441170433,robot_1,-0.686,4.506
1776827399,441176764,robot_2,2.277,-2.528
1776827399,441181912,robot_0,0.647,-2.514
1776827399,441186884,robot_3,-3.556,-1.586
1776827399,642475380,robot_4,3.017,4.013
1776827399,642499785,robot_1,-0.686,4.506
1776827399,642511537,robot_2,2.234,-2.569
1776827399,642520561,robot_0,0.661,-2.544
1776827399,642529251,robot_3,-3.516,-1.585
1776827399,862240007,robot_4,3.017,4.013
1776827399,862267153,robot_1,-0.685,4.505
1776827399,862279178,robot_2,2.232,-2.571
1776827399,862291215,robot_0,0.678,-2.584
1776827399,862302139,robot_3,-3.483,-1.585
1776827400,81087220,robot_4,3.017,4.013
1776827400,81105054,robot_1,-0.685,4.505
1776827400,81112407,robot_2,2.233,-2.572
1776827400,81118201,robot_0,0.699,-2.630
1776827400,81124039,robot_3,-3.457,-1.585
1776827400,282686699,robot_4,3.018,4.013
1776827400,282717911,robot_1,-0.685,4.504
1776827400,282732851,robot_2,2.233,-2.572
1776827400,282744804,robot_0,0.719,-2.674
1776827400,282756820,robot_3,-3.417,-1.584
1776827400,482983694,robot_4,3.018,4.013
1776827400,483007762,robot_1,-0.684,4.504
1776827400,483018443,robot_2,2.233,-2.572
1776827400,483026386,robot_0,0.735,-2.711
1776827400,483034628,robot_3,-3.388,-1.584
1776827400,701086845,robot_4,3.018,4.013
1776827400,701103905,robot_1,-0.684,4.504
1776827400,701110472,robot_2,2.233,-2.573
1776827400,701116245,robot_0,0.751,-2.746
1776827400,701121201,robot_3,-3.358,-1.582
1776827400,902477816,robot_4,3.019,4.013
1776827400,902502603,robot_1,-0.684,4.504
1776827400,902512318,robot_2,2.233,-2.573
1776827400,902519987,robot_0,0.765,-2.778
1776827400,902527418,robot_3,-3.318,-1.580
1776827401,102696584,robot_4,3.019,4.013
1776827401,102722546,robot_1,-0.683,4.504
1776827401,102734529,robot_2,2.232,-2.573
1776827401,102744216,robot_0,0.781,-2.815
1776827401,102753883,robot_3,-3.284,-1.579
1776827401,321755132,robot_4,3.019,4.012
1776827401,321776760,robot_1,-0.683,4.504
1776827401,321787603,robot_2,2.232,-2.574
1776827401,321795834,robot_0,0.807,-2.872
1776827401,321803110,robot_3,-3.246,-1.575
1776827401,541291519,robot_4,3.019,4.012
1776827401,541309520,robot_1,-0.683,4.504
1776827401,541316697,robot_2,2.232,-2.574
1776827401,541322752,robot_0,0.832,-2.929
1776827401,541328697,robot_3,-3.202,-1.571
1776827401,741338921,robot_4,3.020,4.012
1776827401,741355653,robot_1,-0.683,4.504
1776827401,741362513,robot_2,2.232,-2.574
1776827401,741369432,robot_0,0.849,-2.965
1776827401,741374754,robot_3,-3.172,-1.568
1776827401,942743349,robot_4,3.020,4.012
1776827401,942773139,robot_1,-0.683,4.504
1776827401,942787618,robot_2,2.232,-2.574
1776827401,942799535,robot_0,0.870,-3.014
1776827401,942810598,robot_3,-3.137,-1.564
1776827402,142748715,robot_4,3.020,4.012
1776827402,142768764,robot_1,-0.683,4.504
1776827402,142778552,robot_2,2.232,-2.574
1776827402,142786210,robot_0,0.891,-3.059
1776827402,142793416,robot_3,-3.098,-1.560
1776827402,363870946,robot_4,3.020,4.012
1776827402,363901648,robot_1,-0.684,4.504
1776827402,363922978,robot_2,2.232,-2.574
1776827402,363939500,robot_0,0.909,-3.100
1776827402,363951780,robot_3,-3.068,-1.557
1776827402,582949936,robot_4,3.020,4.011
1776827402,582979899,robot_1,-0.684,4.504
1776827402,582993395,robot_2,2.231,-2.574
1776827402,583003749,robot_0,0.940,-3.169
1776827402,583014229,robot_3,-3.029,-1.553
1776827402,800993011,robot_4,3.020,4.011
1776827402,801016279,robot_1,-0.685,4.504
1776827402,801024285,robot_2,2.231,-2.574
1776827402,801030389,robot_0,0.966,-3.225
1776827402,801035923,robot_3,-2.983,-1.547
1776827403,2447122,robot_4,3.020,4.011
1776827403,2476017,robot_1,-0.685,4.505
1776827403,2489625,robot_2,2.231,-2.574
1776827403,2500579,robot_0,0.986,-3.264
1776827403,2511940,robot_3,-2.936,-1.541
1776827403,221333423,robot_4,3.020,4.010
1776827403,221358953,robot_1,-0.685,4.505
1776827403,221370294,robot_2,2.230,-2.574
1776827403,221380066,robot_0,1.021,-3.337
1776827403,221389171,robot_3,-2.891,-1.536
1776827403,421363578,robot_4,3.019,4.010
1776827403,421382162,robot_1,-0.685,4.506
1776827403,421389332,robot_2,2.230,-2.574
1776827403,421394738,robot_0,1.043,-3.382
1776827403,421399733,robot_3,-2.845,-1.531
1776827403,621982792,robot_4,3.019,4.010
1776827403,622009197,robot_1,-0.685,4.506
1776827403,622020622,robot_2,2.230,-2.574
1776827403,622029899,robot_0,1.064,-3.424
1776827403,622038486,robot_3,-2.788,-1.524
1776827403,822989202,robot_4,3.019,4.010
1776827403,823011121,robot_1,-0.685,4.507
1776827403,823019926,robot_2,2.229,-2.574
1776827403,823026797,robot_0,1.094,-3.488
1776827403,823033564,robot_3,-2.747,-1.519
1776827404,41902498,robot_4,3.016,4.014
1776827404,41930189,robot_1,-0.685,4.507
1776827404,41941707,robot_2,2.229,-2.574
1776827404,41950358,robot_0,1.117,-3.538
1776827404,41958490,robot_3,-2.692,-1.512
1776827404,260961639,robot_4,2.989,4.056
1776827404,260983714,robot_1,-0.685,4.507
1776827404,260991290,robot_2,2.229,-2.573
1776827404,260997051,robot_0,1.139,-3.588
1776827404,261002779,robot_3,-2.622,-1.502
1776827404,462503381,robot_4,2.966,4.090
1776827404,462533728,robot_1,-0.685,4.507
1776827404,462548144,robot_2,2.229,-2.573
1776827404,462559838,robot_0,1.163,-3.647
1776827404,462571098,robot_3,-2.582,-1.496
1776827404,681089299,robot_4,2.937,4.136
1776827404,681107858,robot_1,-0.685,4.507
1776827404,681115198,robot_2,2.229,-2.573
1776827404,681121918,robot_0,1.178,-3.689
1776827404,681127454,robot_3,-2.521,-1.485
1776827404,882689083,robot_4,2.901,4.193
1776827404,882708172,robot_1,-0.685,4.508
1776827404,882715596,robot_2,2.229,-2.573
1776827404,882721437,robot_0,1.189,-3.722
1776827404,882727088,robot_3,-2.457,-1.475
1776827405,102637624,robot_4,2.878,4.235
1776827405,102664255,robot_1,-0.685,4.508
1776827405,102677370,robot_2,2.229,-2.573
1776827405,102687302,robot_0,1.202,-3.757
1776827405,102696709,robot_3,-2.414,-1.467
1776827405,321770599,robot_4,2.852,4.281
1776827405,321794340,robot_1,-0.684,4.509
1776827405,321806311,robot_2,2.229,-2.572
1776827405,321815985,robot_0,1.218,-3.798
1776827405,321824726,robot_3,-2.360,-1.458
1776827405,521802726,robot_4,2.827,4.326
1776827405,521824582,robot_1,-0.684,4.509
1776827405,521834592,robot_2,2.229,-2.572
1776827405,521842954,robot_0,1.237,-3.845
1776827405,521850502,robot_3,-2.315,-1.448
1776827405,741212738,robot_4,2.805,4.365
1776827405,741229128,robot_1,-0.683,4.509
1776827405,741236160,robot_2,2.229,-2.572
1776827405,741241893,robot_0,1.257,-3.895
1776827405,741247189,robot_3,-2.272,-1.438
1776827405,941246352,robot_4,2.779,4.412
1776827405,941265822,robot_1,-0.683,4.509
1776827405,941272629,robot_2,2.229,-2.571
1776827405,941278142,robot_0,1.271,-3.932
1776827405,941283383,robot_3,-2.246,-1.432
1776827406,141547511,robot_4,2.753,4.459
1776827406,141566869,robot_1,-0.682,4.509
1776827406,141573830,robot_2,2.229,-2.571
1776827406,141579047,robot_0,1.285,-3.966
1776827406,141584218,robot_3,-2.214,-1.422
1776827406,342006180,robot_4,2.734,4.494
1776827406,342025272,robot_1,-0.682,4.509
1776827406,342033041,robot_2,2.230,-2.571
1776827406,342039400,robot_0,1.299,-4.001
1776827406,342045934,robot_3,-2.176,-1.410
1776827406,562420934,robot_4,2.718,4.522
1776827406,562443770,robot_1,-0.682,4.509
1776827406,562454141,robot_2,2.239,-2.584
1776827406,562462066,robot_0,1.315,-4.042
1776827406,562470428,robot_3,-2.113,-1.390
1776827406,762543533,robot_4,2.703,4.549
1776827406,762564639,robot_1,-0.682,4.509
1776827406,762573429,robot_2,2.273,-2.636
1776827406,762580128,robot_0,1.341,-4.108
1776827406,762586526,robot_3,-2.066,-1.375
1776827406,982226635,robot_4,2.682,4.588
1776827406,982244252,robot_1,-0.682,4.509
1776827406,982251168,robot_2,2.298,-2.673
1776827406,982256770,robot_0,1.366,-4.170
1776827406,982268433,robot_3,-2.020,-1.361
1776827407,201735261,robot_4,2.678,4.594
1776827407,201758931,robot_1,-0.681,4.509
1776827407,201769042,robot_2,2.310,-2.691
1776827407,201778040,robot_0,1.382,-4.211
1776827407,201786584,robot_3,-1.947,-1.336
1776827407,402443296,robot_4,2.678,4.594
1776827407,402472232,robot_1,-0.681,4.509
1776827407,402484988,robot_2,2.310,-2.691
1776827407,402495168,robot_0,1.398,-4.250
1776827407,402505089,robot_3,-1.900,-1.320
1776827407,622004954,robot_4,2.678,4.594
1776827407,622026701,robot_1,-0.680,4.508
1776827407,622036203,robot_2,2.311,-2.691
1776827407,622043068,robot_0,1.416,-4.291
1776827407,622050661,robot_3,-1.851,-1.302
1776827407,822840393,robot_4,2.677,4.594
1776827407,822859393,robot_1,-0.680,4.508
1776827407,822867281,robot_2,2.311,-2.691
1776827407,822873957,robot_0,1.433,-4.332
1776827407,822880364,robot_3,-1.789,-1.278
1776827408,42608800,robot_4,2.677,4.594
1776827408,42630364,robot_1,-0.680,4.507
1776827408,42639855,robot_2,2.311,-2.691
1776827408,42647787,robot_0,1.458,-4.385
1776827408,42655094,robot_3,-1.745,-1.259
1776827408,262879772,robot_4,2.677,4.594
1776827408,262918871,robot_1,-0.680,4.507
1776827408,262935135,robot_2,2.312,-2.691
1776827408,262948132,robot_0,1.479,-4.426
1776827408,262960582,robot_3,-1.694,-1.236
1776827408,483014082,robot_4,2.676,4.594
1776827408,483039898,robot_1,-0.680,4.506
1776827408,483052720,robot_2,2.312,-2.691
1776827408,483063179,robot_0,1.507,-4.480
1776827408,483072878,robot_3,-1.637,-1.209
1776827408,701041130,robot_4,2.676,4.595
1776827408,701057824,robot_1,-0.680,4.506
1776827408,701064820,robot_2,2.312,-2.691
1776827408,701070372,robot_0,1.543,-4.550
1776827408,701075565,robot_3,-1.597,-1.189
1776827408,902114616,robot_4,2.676,4.595
1776827408,902139259,robot_1,-0.680,4.506
1776827408,902147541,robot_2,2.327,-2.684
1776827408,902154087,robot_0,1.562,-4.586
1776827408,902160340,robot_3,-1.548,-1.163
1776827409,122511983,robot_4,2.676,4.595
1776827409,122536521,robot_1,-0.680,4.506
1776827409,122548707,robot_2,2.328,-2.678
1776827409,122557271,robot_0,1.576,-4.612
1776827409,122565691,robot_3,-1.495,-1.135
1776827409,341045426,robot_4,2.676,4.595
1776827409,341061879,robot_1,-0.680,4.506
1776827409,341068730,robot_2,2.328,-2.678
1776827409,341074576,robot_0,1.591,-4.639
1776827409,341080219,robot_3,-1.456,-1.115
1776827409,542800687,robot_4,2.676,4.595
1776827409,542817055,robot_1,-0.680,4.505
1776827409,542823809,robot_2,2.328,-2.678
1776827409,542829209,robot_0,1.612,-4.669
1776827409,542834100,robot_3,-1.423,-1.098
1776827409,761826789,robot_4,2.676,4.595
1776827409,761844212,robot_1,-0.680,4.505
1776827409,761850789,robot_2,2.326,-2.680
1776827409,761856309,robot_0,1.628,-4.669
1776827409,761861598,robot_3,-1.385,-1.078
1776827409,963026473,robot_4,2.676,4.596
1776827409,963050761,robot_1,-0.681,4.504
1776827409,963060581,robot_2,2.323,-2.682
1776827409,963068318,robot_0,1.629,-4.669
1776827409,963075648,robot_3,-1.349,-1.059
1776827410,163325752,robot_4,2.676,4.596
1776827410,163347422,robot_1,-0.681,4.504
1776827410,163356402,robot_2,2.320,-2.683
1776827410,163363865,robot_0,1.630,-4.670
1776827410,163370628,robot_3,-1.295,-1.031
1776827410,383129466,robot_4,2.676,4.596
1776827410,383154813,robot_1,-0.682,4.504
1776827410,383166734,robot_2,2.316,-2.684
1776827410,383175672,robot_0,1.630,-4.671
1776827410,383184847,robot_3,-1.248,-1.007
1776827410,601579244,robot_4,2.676,4.597
1776827410,601597078,robot_1,-0.682,4.504
1776827410,601604332,robot_2,2.312,-2.684
1776827410,601610969,robot_0,1.631,-4.673
1776827410,601616988,robot_3,-1.206,-0.985
1776827410,821869327,robot_4,2.676,4.597
1776827410,821885172,robot_1,-0.683,4.504
1776827410,821892424,robot_2,2.309,-2.683
1776827410,821897931,robot_0,1.631,-4.675
1776827410,821903706,robot_3,-1.156,-0.958
1776827411,42084463,robot_4,2.676,4.597
1776827411,42113945,robot_1,-0.683,4.504
1776827411,42124606,robot_2,2.305,-2.681
1776827411,42134557,robot_0,1.629,-4.665
1776827411,42144003,robot_3,-1.116,-0.937
1776827411,242108771,robot_4,2.677,4.598
1776827411,242135826,robot_1,-0.683,4.504
1776827411,242144974,robot_2,2.314,-2.677
1776827411,242151629,robot_0,1.625,-4.665
1776827411,242158843,robot_3,-1.069,-0.911
1776827411,463021456,robot_4,2.677,4.598
1776827411,463048760,robot_1,-0.683,4.504
1776827411,463056912,robot_2,2.321,-2.669
1776827411,463062782,robot_0,1.623,-4.667
1776827411,463068381,robot_3,-0.998,-0.872
1776827411,682641477,robot_4,2.677,4.598
1776827411,682671264,robot_1,-0.683,4.504
1776827411,682686255,robot_2,2.320,-2.669
1776827411,682698068,robot_0,1.622,-4.668
1776827411,682709836,robot_3,-0.958,-0.850
1776827411,902345853,robot_4,2.677,4.598
1776827411,902378175,robot_1,-0.684,4.504
1776827411,902392822,robot_2,2.320,-2.669
1776827411,902406262,robot_0,1.622,-4.668
1776827411,902418590,robot_3,-0.911,-0.825
1776827412,121491067,robot_4,2.677,4.598
1776827412,121509082,robot_1,-0.684,4.504
1776827412,121516762,robot_2,2.320,-2.667
1776827412,121522586,robot_0,1.621,-4.669
1776827412,121528264,robot_3,-0.866,-0.800
1776827412,322113050,robot_4,2.677,4.598
1776827412,322138108,robot_1,-0.685,4.505
1776827412,322150072,robot_2,2.318,-2.665
1776827412,322159250,robot_0,1.619,-4.670
1776827412,322168435,robot_3,-0.831,-0.781
1776827412,522518055,robot_4,2.678,4.598
1776827412,522535181,robot_1,-0.685,4.505
1776827412,522542689,robot_2,2.318,-2.662
1776827412,522548401,robot_0,1.617,-4.670
1776827412,522554078,robot_3,-0.775,-0.750
1776827412,740899489,robot_4,2.678,4.598
1776827412,740922943,robot_1,-0.685,4.506
1776827412,740929998,robot_2,2.317,-2.659
1776827412,740935935,robot_0,1.615,-4.671
1776827412,740941629,robot_3,-0.721,-0.718
1776827412,941942512,robot_4,2.679,4.598
1776827412,941963729,robot_1,-0.685,4.506
1776827412,941972355,robot_2,2.317,-2.657
1776827412,941979442,robot_0,1.613,-4.671
1776827412,941986146,robot_3,-0.687,-0.696
1776827413,142733515,robot_4,2.679,4.597
1776827413,142755107,robot_1,-0.685,4.507
1776827413,142764398,robot_2,2.318,-2.655
1776827413,142772115,robot_0,1.612,-4.671
1776827413,142778786,robot_3,-0.631,-0.660
1776827413,362856951,robot_4,2.679,4.597
1776827413,362894870,robot_1,-0.685,4.507
1776827413,362923139,robot_2,2.318,-2.654
1776827413,362986194,robot_0,1.616,-4.665
1776827413,363016073,robot_3,-0.580,-0.625
1776827413,582578096,robot_4,2.679,4.597
1776827413,582596746,robot_1,-0.685,4.507
1776827413,582604435,robot_2,2.319,-2.653
1776827413,582610736,robot_0,1.619,-4.664
1776827413,582616999,robot_3,-0.544,-0.601
1776827413,802471939,robot_4,2.680,4.596
1776827413,802498159,robot_1,-0.685,4.507
1776827413,802509237,robot_2,2.318,-2.652
1776827413,802519340,robot_0,1.619,-4.665
1776827413,802529267,robot_3,-0.510,-0.576
1776827414,21776398,robot_4,2.663,4.590
1776827414,21793261,robot_1,-0.685,4.507
1776827414,21800655,robot_2,2.318,-2.652
1776827414,21806374,robot_0,1.619,-4.665
1776827414,21811669,robot_3,-0.474,-0.551
1776827414,222963805,robot_4,2.633,4.579
1776827414,222985018,robot_1,-0.685,4.508
1776827414,222994602,robot_2,2.318,-2.652
1776827414,223001907,robot_0,1.618,-4.665
1776827414,223009180,robot_3,-0.434,-0.523
1776827414,443055862,robot_4,2.592,4.563
1776827414,443073929,robot_1,-0.685,4.508
1776827414,443081150,robot_2,2.318,-2.652
1776827414,443086705,robot_0,1.618,-4.665
1776827414,443091802,robot_3,-0.376,-0.483
1776827414,662286837,robot_4,2.540,4.544
1776827414,662310736,robot_1,-0.684,4.509
1776827414,662321870,robot_2,2.318,-2.651
1776827414,662331263,robot_0,1.618,-4.666
1776827414,662340015,robot_3,-0.339,-0.457
1776827414,881856713,robot_4,2.491,4.526
1776827414,881878660,robot_1,-0.684,4.509
1776827414,881885897,robot_2,2.318,-2.651
1776827414,881892255,robot_0,1.618,-4.666
1776827414,881897529,robot_3,-0.286,-0.420
1776827415,81900894,robot_4,2.454,4.512
1776827415,81929140,robot_1,-0.683,4.509
1776827415,81940222,robot_2,2.318,-2.650
1776827415,81948694,robot_0,1.618,-4.666
1776827415,81957059,robot_3,-0.228,-0.379
1776827415,282063789,robot_4,2.419,4.498
1776827415,282087125,robot_1,-0.683,4.509
1776827415,282097312,robot_2,2.319,-2.650
1776827415,282105241,robot_0,1.617,-4.666
1776827415,282113604,robot_3,-0.195,-0.356
1776827415,501142777,robot_4,2.379,4.484
1776827415,501160820,robot_1,-0.682,4.509
1776827415,501168075,robot_2,2.319,-2.650
1776827415,501173531,robot_0,1.617,-4.666
1776827415,501178958,robot_3,-0.139,-0.317
1776827415,701147910,robot_4,2.341,4.469
1776827415,701163404,robot_1,-0.682,4.509
1776827415,701169961,robot_2,2.319,-2.649
1776827415,701175512,robot_0,1.616,-4.663
1776827415,701180950,robot_3,-0.082,-0.277
1776827415,903376245,robot_4,2.275,4.445
1776827415,903405689,robot_1,-0.682,4.508
1776827415,903418350,robot_2,2.320,-2.649
1776827415,903429658,robot_0,1.616,-4.662
1776827415,903440056,robot_3,-0.049,-0.254
1776827416,120999793,robot_4,2.218,4.423
1776827416,121017306,robot_1,-0.691,4.461
1776827416,121024507,robot_2,2.320,-2.649
1776827416,121030564,robot_0,1.617,-4.661
1776827416,121036022,robot_3,-0.005,-0.223
1776827416,340899449,robot_4,2.172,4.406
1776827416,340919987,robot_1,-0.700,4.415
1776827416,340927377,robot_2,2.320,-2.649
1776827416,340932900,robot_0,1.617,-4.660
1776827416,340938925,robot_3,0.037,-0.195
1776827416,541969471,robot_4,2.114,4.384
1776827416,541986268,robot_1,-0.709,4.370
1776827416,541993103,robot_2,2.323,-2.658
1776827416,541999046,robot_0,1.628,-4.657
1776827416,542004528,robot_3,0.070,-0.174
1776827416,761920558,robot_4,2.067,4.367
1776827416,761943383,robot_1,-0.723,4.299
1776827416,761950861,robot_2,2.334,-2.693
1776827416,761956423,robot_0,1.673,-4.645
1776827416,761961998,robot_3,0.106,-0.151
1776827416,963737995,robot_4,2.022,4.350
1776827416,963755350,robot_1,-0.732,4.256
1776827416,963763308,robot_2,2.345,-2.729
1776827416,963769530,robot_0,1.711,-4.635
1776827416,963775376,robot_3,0.139,-0.129
1776827417,181119215,robot_4,1.951,4.323
1776827417,181134916,robot_1,-0.741,4.213
1776827417,181141472,robot_2,2.365,-2.740
1776827417,181146797,robot_0,1.766,-4.621
1776827417,181152213,robot_3,0.179,-0.103
1776827417,382622554,robot_4,1.910,4.308
1776827417,382643611,robot_1,-0.748,4.173
1776827417,382652117,robot_2,2.366,-2.742
1776827417,382658653,robot_0,1.823,-4.606
1776827417,382664968,robot_3,0.237,-0.066
1776827417,602381713,robot_4,1.857,4.288
1776827417,602401069,robot_1,-0.757,4.130
1776827417,602408899,robot_2,2.366,-2.745
1776827417,602414689,robot_0,1.866,-4.594
1776827417,602420597,robot_3,0.283,-0.036
1776827417,821183496,robot_4,1.792,4.264
1776827417,821200574,robot_1,-0.767,4.080
1776827417,821207682,robot_2,2.366,-2.749
1776827417,821213555,robot_0,1.898,-4.586
1776827417,821219076,robot_3,0.323,-0.010
1776827418,41247472,robot_4,1.751,4.248
1776827418,41263214,robot_1,-0.777,4.029
1776827418,41269966,robot_2,2.365,-2.753
1776827418,41275107,robot_0,1.932,-4.577
1776827418,41279874,robot_3,0.367,0.019
1776827418,241637984,robot_4,1.726,4.239
1776827418,241662235,robot_1,-0.785,3.989
1776827418,241687173,robot_2,2.373,-2.752
1776827418,241695965,robot_0,1.970,-4.567
1776827418,241704211,robot_3,0.401,0.041
1776827418,461402725,robot_4,1.699,4.229
1776827418,461420726,robot_1,-0.798,3.922
1776827418,461427530,robot_2,2.387,-2.738
1776827418,461433172,robot_0,2.011,-4.556
1776827418,461447014,robot_3,0.443,0.068
1776827418,662117447,robot_4,1.662,4.215
1776827418,662134309,robot_1,-0.809,3.860
1776827418,662140793,robot_2,2.396,-2.723
1776827418,662146483,robot_0,2.049,-4.546
1776827418,662151720,robot_3,0.485,0.093
1776827418,862280332,robot_4,1.636,4.206
1776827418,862307018,robot_1,-0.815,3.821
1776827418,862318497,robot_2,2.402,-2.706
1776827418,862328891,robot_0,2.087,-4.536
1776827418,862339496,robot_3,0.520,0.113
1776827419,62375172,robot_4,1.607,4.195
1776827419,62404295,robot_1,-0.820,3.791
1776827419,62418709,robot_2,2.401,-2.694
1776827419,62431288,robot_0,2.117,-4.528
1776827419,62442616,robot_3,0.545,0.127
1776827419,282261105,robot_4,1.567,4.178
1776827419,282280509,robot_1,-0.823,3.753
1776827419,282289563,robot_2,2.401,-2.694
1776827419,282297161,robot_0,2.154,-4.516
1776827419,282304647,robot_3,0.569,0.140
1776827419,502100050,robot_4,1.539,4.167
1776827419,502119934,robot_1,-0.826,3.711
1776827419,502129669,robot_2,2.401,-2.694
1776827419,502136902,robot_0,2.192,-4.503
1776827419,502143731,robot_3,0.607,0.161
1776827419,722014962,robot_4,1.504,4.153
1776827419,722032561,robot_1,-0.827,3.708
1776827419,722039466,robot_2,2.401,-2.694
1776827419,722044953,robot_0,2.193,-4.502
1776827419,722050403,robot_3,0.654,0.187
1776827419,922461230,robot_4,1.465,4.137
1776827419,922488953,robot_1,-0.827,3.708
1776827419,922500189,robot_2,2.401,-2.694
1776827419,922510708,robot_0,2.193,-4.502
1776827419,922520738,robot_3,0.694,0.209
1776827420,123449408,robot_4,1.411,4.116
1776827420,123480951,robot_1,-0.827,3.708
1776827420,123495693,robot_2,2.401,-2.695
1776827420,123508481,robot_0,2.193,-4.501
1776827420,123519342,robot_3,0.729,0.229
1776827420,342682230,robot_4,1.363,4.100
1776827420,342704963,robot_1,-0.828,3.708
1776827420,342714443,robot_2,2.401,-2.695
1776827420,342722464,robot_0,2.193,-4.501
1776827420,342730172,robot_3,0.756,0.243
1776827420,562481040,robot_4,1.313,4.085
1776827420,562503948,robot_1,-0.828,3.708
1776827420,562514178,robot_2,2.401,-2.696
1776827420,562521789,robot_0,2.193,-4.500
1776827420,562529613,robot_3,0.788,0.261
1776827420,782419490,robot_4,1.243,4.062
1776827420,782443844,robot_1,-0.829,3.707
1776827420,782454941,robot_2,2.400,-2.696
1776827420,782464222,robot_0,2.193,-4.500
1776827420,782472981,robot_3,0.824,0.281
1776827421,1743015,robot_4,1.198,4.045
1776827421,1763540,robot_1,-0.829,3.707
1776827421,1771052,robot_2,2.400,-2.696
1776827421,1777057,robot_0,2.194,-4.499
1776827421,1782842,robot_3,0.845,0.293
1776827421,201962830,robot_4,1.146,4.026
1776827421,201986040,robot_1,-0.829,3.706
1776827421,201995506,robot_2,2.400,-2.697
1776827421,202003637,robot_0,2.194,-4.499
1776827421,202010969,robot_3,0.875,0.312
1776827421,402751291,robot_4,1.077,4.001
1776827421,402770711,robot_1,-0.829,3.706
1776827421,402777548,robot_2,2.399,-2.697
1776827421,402783928,robot_0,2.195,-4.499
1776827421,402789973,robot_3,0.915,0.337
1776827421,621417235,robot_4,1.034,3.985
1776827421,621439022,robot_1,-0.829,3.706
1776827421,621448009,robot_2,2.402,-2.696
1776827421,621454724,robot_0,2.195,-4.499
1776827421,621462007,robot_3,0.985,0.380
1776827421,841013714,robot_4,0.998,3.972
1776827421,841030951,robot_1,-0.829,3.706
1776827421,841037372,robot_2,2.402,-2.696
1776827421,841042931,robot_0,2.195,-4.499
1776827421,841048422,robot_3,1.029,0.408
1776827422,42079182,robot_4,0.965,3.961
1776827422,42102826,robot_1,-0.829,3.706
1776827422,42113125,robot_2,2.402,-2.697
1776827422,42123803,robot_0,2.195,-4.499
1776827422,42131792,robot_3,1.071,0.434
1776827422,262461799,robot_4,0.923,3.949
1776827422,262492269,robot_1,-0.829,3.705
1776827422,262507246,robot_2,2.402,-2.699
1776827422,262518856,robot_0,2.195,-4.499
1776827422,262530239,robot_3,1.128,0.467
1776827422,462790568,robot_4,0.862,3.932
1776827422,462818473,robot_1,-0.829,3.705
1776827422,462831516,robot_2,2.402,-2.701
1776827422,462841407,robot_0,2.196,-4.499
1776827422,462851452,robot_3,1.164,0.485
1776827422,682041950,robot_4,0.798,3.914
1776827422,682066641,robot_1,-0.829,3.705
1776827422,682077280,robot_2,2.401,-2.703
1776827422,682086221,robot_0,2.196,-4.499
1776827422,682094612,robot_3,1.215,0.512
1776827422,882367721,robot_4,0.759,3.903
1776827422,882406395,robot_1,-0.828,3.704
1776827422,882422906,robot_2,2.400,-2.704
1776827422,882431809,robot_0,2.197,-4.499
1776827422,882451434,robot_3,1.265,0.537
1776827423,82827243,robot_4,0.733,3.895
1776827423,82862436,robot_1,-0.828,3.704
1776827423,82874282,robot_2,2.399,-2.705
1776827423,82884355,robot_0,2.197,-4.499
1776827423,82893322,robot_3,1.300,0.555
1776827423,301282034,robot_4,0.698,3.884
1776827423,301299350,robot_1,-0.828,3.704
1776827423,301305650,robot_2,2.399,-2.705
1776827423,301311481,robot_0,2.197,-4.500
1776827423,301316398,robot_3,1.346,0.579
1776827423,502185639,robot_4,0.660,3.872
1776827423,502208935,robot_1,-0.827,3.703
1776827423,502216086,robot_2,2.399,-2.705
1776827423,502221765,robot_0,2.198,-4.500
1776827423,502227061,robot_3,1.387,0.600
1776827423,702679857,robot_4,0.626,3.862
1776827423,702709852,robot_1,-0.827,3.703
1776827423,702724043,robot_2,2.404,-2.697
1776827423,702735702,robot_0,2.198,-4.501
1776827423,702746715,robot_3,1.423,0.618
1776827423,921644494,robot_4,0.586,3.849
1776827423,921663669,robot_1,-0.826,3.703
1776827423,921670091,robot_2,2.404,-2.696
1776827423,921676271,robot_0,2.198,-4.501
1776827423,921681834,robot_3,1.484,0.649
1776827424,121785908,robot_4,0.546,3.836
1776827424,121804714,robot_1,-0.826,3.703
1776827424,121812124,robot_2,2.404,-2.695
1776827424,121817806,robot_0,2.198,-4.501
1776827424,121823370,robot_3,1.538,0.676
1776827424,342837117,robot_4,0.493,3.820
1776827424,342855976,robot_1,-0.826,3.703
1776827424,342863899,robot_2,2.404,-2.695
1776827424,342869893,robot_0,2.198,-4.501
1776827424,342875841,robot_3,1.577,0.696
1776827424,561697349,robot_4,0.449,3.806
1776827424,561720337,robot_1,-0.826,3.703
1776827424,561730245,robot_2,2.403,-2.695
1776827424,561737672,robot_0,2.198,-4.501
1776827424,561745259,robot_3,1.608,0.711
1776827424,761836338,robot_4,0.403,3.791
1776827424,761854215,robot_1,-0.826,3.703
1776827424,761860608,robot_2,2.403,-2.695
1776827424,761866090,robot_0,2.198,-4.502
1776827424,761871641,robot_3,1.641,0.726
1776827424,962785396,robot_4,0.337,3.771
1776827424,962816611,robot_1,-0.825,3.704
1776827424,962831211,robot_2,2.403,-2.694
1776827424,962842807,robot_0,2.198,-4.502
1776827424,962855076,robot_3,1.678,0.741
1776827425,182754875,robot_4,0.289,3.756
1776827425,182777679,robot_1,-0.825,3.704
1776827425,182787373,robot_2,2.404,-2.694
1776827425,182795276,robot_0,2.198,-4.503
1776827425,182803329,robot_3,1.719,0.758
1776827425,383603641,robot_4,0.252,3.744
1776827425,383631189,robot_1,-0.825,3.704
1776827425,383643698,robot_2,2.404,-2.694
1776827425,383653209,robot_0,2.198,-4.503
1776827425,383662419,robot_3,1.755,0.774
1776827425,602656779,robot_4,0.212,3.731
1776827425,602688080,robot_1,-0.824,3.705
1776827425,602699787,robot_2,2.404,-2.693
1776827425,602708830,robot_0,2.197,-4.504
1776827425,602717880,robot_3,1.802,0.793
1776827425,822381848,robot_4,0.170,3.718
1776827425,822406874,robot_1,-0.824,3.705
1776827425,822417855,robot_2,2.405,-2.693
1776827425,822427821,robot_0,2.197,-4.504
1776827425,822436596,robot_3,1.878,0.825
1776827426,40892028,robot_4,0.121,3.703
1776827426,40910035,robot_1,-0.824,3.706
1776827426,40927550,robot_2,2.405,-2.693
1776827426,40936282,robot_0,2.196,-4.504
1776827426,40942342,robot_3,1.925,0.845
1776827426,242589268,robot_4,0.077,3.689
1776827426,242619780,robot_1,-0.824,3.706
1776827426,242635018,robot_2,2.405,-2.692
1776827426,242646779,robot_0,2.196,-4.504
1776827426,242660076,robot_3,1.964,0.862
1776827426,462583606,robot_4,0.035,3.676
1776827426,462613627,robot_1,-0.834,3.706
1776827426,462629299,robot_2,2.406,-2.693
1776827426,462642364,robot_0,2.196,-4.504
1776827426,462654426,robot_3,2.008,0.880
1776827426,681180046,robot_4,-0.034,3.654
1776827426,681197395,robot_1,-0.867,3.703
1776827426,681203638,robot_2,2.417,-2.726
1776827426,681209082,robot_0,2.196,-4.504
1776827426,681214075,robot_3,2.025,0.893
1776827426,881634862,robot_4,-0.093,3.634
1776827426,881657455,robot_1,-0.907,3.699
1776827426,881664231,robot_2,2.423,-2.745
1776827426,881669503,robot_0,2.196,-4.504
1776827426,881674408,robot_3,2.045,0.899
1776827427,100875519,robot_4,-0.136,3.620
1776827427,100892884,robot_1,-0.932,3.697
1776827427,100898957,robot_2,2.427,-2.765
1776827427,100904610,robot_0,2.195,-4.504
1776827427,100909709,robot_3,2.061,0.903
1776827427,301600849,robot_4,-0.195,3.601
1776827427,301627524,robot_1,-0.932,3.697
1776827427,301639157,robot_2,2.428,-2.764
1776827427,301649601,robot_0,2.195,-4.504
1776827427,301659139,robot_3,2.062,0.904
1776827427,502433698,robot_4,-0.244,3.585
1776827427,502459923,robot_1,-0.932,3.697
1776827427,502472348,robot_2,2.429,-2.762
1776827427,502481909,robot_0,2.194,-4.504
1776827427,502491413,robot_3,2.061,0.907
1776827427,722365326,robot_4,-0.288,3.570
1776827427,722394633,robot_1,-0.932,3.696
1776827427,722407442,robot_2,2.429,-2.762
1776827427,722419758,robot_0,2.194,-4.504
1776827427,722431001,robot_3,2.052,0.919
1776827427,941199577,robot_4,-0.352,3.538
1776827427,941219096,robot_1,-0.945,3.695
1776827427,941225461,robot_2,2.430,-2.762
1776827427,941230737,robot_0,2.193,-4.503
1776827427,941235839,robot_3,2.034,0.930
1776827428,162230394,robot_4,-0.387,3.473
1776827428,162261794,robot_1,-0.969,3.681
1776827428,162277554,robot_2,2.430,-2.763
1776827428,162291224,robot_0,2.193,-4.503
1776827428,162303404,robot_3,2.015,0.938
1776827428,362448264,robot_4,-0.420,3.411
1776827428,362478449,robot_1,-0.977,3.674
1776827428,362493366,robot_2,2.442,-2.753
1776827428,362505097,robot_0,2.193,-4.503
1776827428,362516565,robot_3,1.997,0.941
1776827428,562556430,robot_4,-0.476,3.360
1776827428,562578645,robot_1,-0.981,3.673
1776827428,562586679,robot_2,2.446,-2.736
1776827428,562593538,robot_0,2.193,-4.502
1776827428,562600312,robot_3,1.979,0.938
1776827428,781055971,robot_4,-0.517,3.322
1776827428,781073938,robot_1,-0.984,3.679
1776827428,781080344,robot_2,2.444,-2.713
1776827428,781085591,robot_0,2.193,-4.502
1776827428,781091276,robot_3,1.976,0.940
1776827428,982300484,robot_4,-0.553,3.287
1776827428,982318614,robot_1,-0.987,3.680
1776827428,982324798,robot_2,2.444,-2.712
1776827428,982331320,robot_0,2.193,-4.502
1776827428,982336828,robot_3,1.976,0.942
1776827429,201263225,robot_4,-0.607,3.264
1776827429,201283019,robot_1,-0.988,3.680
1776827429,201290983,robot_2,2.445,-2.712
1776827429,201297631,robot_0,2.193,-4.502
1776827429,201303835,robot_3,1.977,0.943
1776827429,401642602,robot_4,-0.644,3.251
1776827429,401663259,robot_1,-0.988,3.680
1776827429,401669956,robot_2,2.445,-2.712
1776827429,401675593,robot_0,2.193,-4.501
1776827429,401680801,robot_3,1.977,0.943
1776827429,602714372,robot_4,-0.688,3.225
1776827429,602733217,robot_1,-0.991,3.681
1776827429,602739597,robot_2,2.417,-2.713
1776827429,602745302,robot_0,2.193,-4.501
1776827429,602750911,robot_3,1.978,0.907
1776827429,821267635,robot_4,-0.741,3.189
1776827429,821285608,robot_1,-0.997,3.684
1776827429,821292102,robot_2,2.359,-2.716
1776827429,821298255,robot_0,2.193,-4.500
1776827429,821303538,robot_3,1.979,0.838
1776827430,21451835,robot_4,-0.777,3.171
1776827430,21471006,robot_1,-0.999,3.687
1776827430,21479031,robot_2,2.319,-2.718
1776827430,21485414,robot_0,2.193,-4.500
1776827430,21491597,robot_3,1.980,0.798
1776827430,222660917,robot_4,-0.806,3.160
1776827430,222683721,robot_1,-0.998,3.690
1776827430,222693434,robot_2,2.256,-2.721
1776827430,222701355,robot_0,2.193,-4.500
1776827430,222708733,robot_3,1.980,0.746
1776827430,441019091,robot_4,-0.836,3.151
1776827430,441038189,robot_1,-0.997,3.693
1776827430,441045463,robot_2,2.186,-2.724
1776827430,441050971,robot_0,2.194,-4.499
1776827430,441056418,robot_3,1.980,0.694
1776827430,641118607,robot_4,-0.875,3.141
1776827430,641135863,robot_1,-0.996,3.695
1776827430,641142653,robot_2,2.146,-2.725
1776827430,641148551,robot_0,2.194,-4.499
1776827430,641154348,robot_3,1.980,0.654
1776827430,842269874,robot_4,-0.924,3.128
1776827430,842301719,robot_1,-0.994,3.697
1776827430,842315838,robot_2,2.099,-2.727
1776827430,842327062,robot_0,2.195,-4.499
1776827430,842339219,robot_3,1.980,0.627
1776827431,60837156,robot_4,-0.976,3.115
1776827431,60854336,robot_1,-0.991,3.699
1776827431,60860959,robot_2,2.051,-2.730
1776827431,60866396,robot_0,2.195,-4.499
1776827431,60871366,robot_3,1.981,0.589
1776827431,262357836,robot_4,-1.015,3.105
1776827431,262405713,robot_1,-0.989,3.700
1776827431,262419119,robot_2,2.011,-2.731
1776827431,262431546,robot_0,2.195,-4.499
1776827431,262443325,robot_3,1.981,0.549
1776827431,480937168,robot_4,-1.054,3.095
1776827431,480954269,robot_1,-0.988,3.700
1776827431,480961153,robot_2,1.937,-2.735
1776827431,480966419,robot_0,2.195,-4.499
1776827431,480971363,robot_3,1.982,0.502
1776827431,680972112,robot_4,-1.091,3.084
1776827431,680990032,robot_1,-0.988,3.700
1776827431,680996918,robot_2,1.883,-2.737
1776827431,681003303,robot_0,2.195,-4.499
1776827431,681009629,robot_3,1.985,0.461
1776827431,882445393,robot_4,-1.100,3.080
1776827431,882464418,robot_1,-0.988,3.700
1776827431,882471339,robot_2,1.842,-2.739
1776827431,882477819,robot_0,2.196,-4.499
1776827431,882483181,robot_3,1.989,0.418
1776827432,103235243,robot_4,-1.099,3.079
1776827432,103260179,robot_1,-0.986,3.700
1776827432,103273242,robot_2,1.791,-2.741
1776827432,103278877,robot_0,2.196,-4.499
1776827432,103284635,robot_3,1.996,0.342
1776827432,321251276,robot_4,-1.093,3.078
1776827432,321270705,robot_1,-0.984,3.700
1776827432,321279046,robot_2,1.745,-2.743
1776827432,321284998,robot_0,2.197,-4.499
1776827432,321290518,robot_3,2.001,0.291
1776827432,522443189,robot_4,-1.082,3.076
1776827432,522466057,robot_1,-0.982,3.700
1776827432,522476749,robot_2,1.701,-2.745
1776827432,522485457,robot_0,2.197,-4.499
1776827432,522494309,robot_3,2.005,0.251
1776827432,723196865,robot_4,-1.068,3.073
1776827432,723226494,robot_1,-0.980,3.699
1776827432,723239416,robot_2,1.647,-2.747
1776827432,723249712,robot_0,2.197,-4.500
1776827432,723259727,robot_3,2.007,0.211
1776827432,942079642,robot_4,-1.053,3.067
1776827432,942102536,robot_1,-0.978,3.698
1776827432,942112754,robot_2,1.600,-2.747
1776827432,942121182,robot_0,2.198,-4.500
1776827432,942129211,robot_3,2.009,0.167
1776827433,142819642,robot_4,-1.038,3.060
1776827433,142844496,robot_1,-0.977,3.697
1776827433,142856072,robot_2,1.551,-2.748
1776827433,142864861,robot_0,2.198,-4.501
1776827433,142873416,robot_3,2.009,0.124
1776827433,362048828,robot_4,-1.022,3.050
1776827433,362078517,robot_1,-0.976,3.696
1776827433,362092922,robot_2,1.476,-2.750
1776827433,362104604,robot_0,2.198,-4.501
1776827433,362115581,robot_3,2.010,0.075
1776827433,581045077,robot_4,-1.005,3.038
1776827433,581062641,robot_1,-0.976,3.696
1776827433,581069422,robot_2,1.429,-2.753
1776827433,581075037,robot_0,2.198,-4.502
1776827433,581080377,robot_3,2.010,0.031
1776827433,782158857,robot_4,-1.005,3.037
1776827433,782190078,robot_1,-0.975,3.695
1776827433,782204233,robot_2,1.374,-2.757
1776827433,782215926,robot_0,2.198,-4.502
1776827433,782227389,robot_3,2.011,-0.010
1776827433,983253726,robot_4,-1.005,3.037
1776827433,983276162,robot_1,-0.978,3.679
1776827433,983293028,robot_2,1.307,-2.762
1776827433,983305427,robot_0,2.198,-4.502
1776827433,983317369,robot_3,2.012,-0.052
1776827434,203329241,robot_4,-1.007,3.035
1776827434,203359253,robot_1,-0.988,3.623
1776827434,203374443,robot_2,1.263,-2.765
1776827434,203385273,robot_0,2.198,-4.502
1776827434,203396785,robot_3,2.012,-0.096
1776827434,421828728,robot_4,-1.049,2.998
1776827434,421856663,robot_1,-1.006,3.583
1776827434,421862464,robot_2,1.218,-2.768
1776827434,421868043,robot_0,2.198,-4.502
1776827434,421873476,robot_3,2.013,-0.168
1776827434,622022304,robot_4,-1.064,2.985
1776827434,622042946,robot_1,-1.004,3.568
1776827434,622051167,robot_2,1.177,-2.769
1776827434,622057571,robot_0,2.198,-4.503
1776827434,622065126,robot_3,2.014,-0.234
1776827434,841688423,robot_4,-1.075,2.983
1776827434,841704884,robot_1,-1.001,3.571
1776827434,841711700,robot_2,1.133,-2.768
1776827434,841717715,robot_0,2.198,-4.503
1776827434,841723415,robot_3,2.015,-0.278
1776827435,42188226,robot_4,-1.089,2.982
1776827435,42208337,robot_1,-0.999,3.575
1776827435,42217617,robot_2,1.068,-2.768
1776827435,42224972,robot_0,2.197,-4.504
1776827435,42232478,robot_3,2.015,-0.319
1776827435,261836497,robot_4,-1.090,2.985
1776827435,261854166,robot_1,-0.998,3.575
1776827435,261862044,robot_2,1.001,-2.768
1776827435,261867902,robot_0,2.197,-4.504
1776827435,261872949,robot_3,2.016,-0.364
1776827435,461931384,robot_4,-1.090,2.988
1776827435,461955029,robot_1,-0.997,3.575
1776827435,461964564,robot_2,0.961,-2.769
1776827435,461972604,robot_0,2.196,-4.504
1776827435,461979817,robot_3,2.017,-0.403
1776827435,662765080,robot_4,-1.097,2.984
1776827435,662795560,robot_1,-0.994,3.590
1776827435,662804390,robot_2,0.916,-2.771
1776827435,662811846,robot_0,2.196,-4.504
1776827435,662818988,robot_3,2.017,-0.440
1776827435,883056259,robot_4,-1.097,2.964
1776827435,883077203,robot_1,-1.002,3.607
1776827435,883084744,robot_2,0.870,-2.773
1776827435,883091557,robot_0,2.195,-4.504
1776827435,883097508,robot_3,2.017,-0.482
1776827436,102587401,robot_4,-1.079,2.947
1776827436,102614130,robot_1,-1.002,3.608
1776827436,102627288,robot_2,0.829,-2.775
1776827436,102638746,robot_0,2.195,-4.480
1776827436,102649624,robot_3,2.017,-0.528
1776827436,323535802,robot_4,-1.067,2.932
1776827436,323558569,robot_1,-1.002,3.608
1776827436,323568641,robot_2,0.801,-2.776
1776827436,323576408,robot_0,2.195,-4.434
1776827436,323584512,robot_3,2.018,-0.576
1776827436,541962544,robot_4,-1.066,2.930
1776827436,541980758,robot_1,-1.002,3.607
1776827436,541987782,robot_2,0.759,-2.778
1776827436,541993411,robot_0,2.195,-4.390
1776827436,541999416,robot_3,2.020,-0.620
1776827436,743230750,robot_4,-1.065,2.929
1776827436,743268026,robot_1,-1.002,3.607
1776827436,743283151,robot_2,0.709,-2.780
1776827436,743296802,robot_0,2.194,-4.334
1776827436,743308937,robot_3,2.022,-0.652
1776827436,962249139,robot_4,-1.053,2.907
1776827436,962277424,robot_1,-1.002,3.607
1776827436,962286011,robot_2,0.627,-2.783
1776827436,962293801,robot_0,2.193,-4.279
1776827436,962301157,robot_3,2.023,-0.679
1776827437,181394886,robot_4,-1.038,2.870
1776827437,181418283,robot_1,-1.002,3.607
1776827437,181429335,robot_2,0.578,-2.785
1776827437,181439094,robot_0,2.192,-4.236
1776827437,181448098,robot_3,2.025,-0.723
1776827437,381720298,robot_4,-1.035,2.859
1776827437,381739625,robot_1,-1.002,3.607
1776827437,381745722,robot_2,0.541,-2.787
1776827437,381750783,robot_0,2.192,-4.233
1776827437,381756018,robot_3,2.027,-0.766
1776827437,582438414,robot_4,-1.035,2.859
1776827437,582462440,robot_1,-1.002,3.606
1776827437,582469098,robot_2,0.505,-2.789
1776827437,582474513,robot_0,2.191,-4.233
1776827437,582479970,robot_3,2.031,-0.808
1776827437,801559402,robot_4,-1.035,2.860
1776827437,801585102,robot_1,-1.003,3.606
1776827437,801592335,robot_2,0.461,-2.790
1776827437,801599147,robot_0,2.191,-4.233
1776827437,801605792,robot_3,2.036,-0.852
1776827438,22124101,robot_4,-1.035,2.860
1776827438,22141355,robot_1,-1.003,3.605
1776827438,22147823,robot_2,0.406,-2.793
1776827438,22153729,robot_0,2.190,-4.233
1776827438,22159020,robot_3,2.042,-0.896
1776827438,240828029,robot_4,-1.034,2.860
1776827438,240845154,robot_1,-1.004,3.605
1776827438,240853197,robot_2,0.352,-2.794
1776827438,240860875,robot_0,2.190,-4.233
1776827438,240868764,robot_3,2.048,-0.940
1776827438,441469988,robot_4,-1.034,2.861
1776827438,441490332,robot_1,-1.004,3.605
1776827438,441497874,robot_2,0.312,-2.795
1776827438,441504505,robot_0,2.190,-4.232
1776827438,441511312,robot_3,2.053,-0.980
1776827438,642593459,robot_4,-1.034,2.861
1776827438,642619156,robot_1,-1.005,3.605
1776827438,642631001,robot_2,0.257,-2.796
1776827438,642640978,robot_0,2.189,-4.232
1776827438,642650225,robot_3,2.057,-1.006
1776827438,843020659,robot_4,-1.033,2.861
1776827438,843048014,robot_1,-1.005,3.605
1776827438,843056396,robot_2,0.206,-2.795
1776827438,843064084,robot_0,2.189,-4.231
1776827438,843070940,robot_3,2.061,-1.038
1776827439,43357949,robot_4,-1.016,2.832
1776827439,43376155,robot_1,-1.006,3.605
1776827439,43383532,robot_2,0.166,-2.793
1776827439,43390024,robot_0,2.189,-4.231
1776827439,43396451,robot_3,2.066,-1.077
1776827439,263060952,robot_4,-0.979,2.771
1776827439,263105607,robot_1,-1.006,3.605
1776827439,263117846,robot_2,0.116,-2.790
1776827439,263128878,robot_0,2.189,-4.230
1776827439,263139614,robot_3,2.070,-1.103
1776827439,480976445,robot_4,-0.957,2.733
1776827439,480993745,robot_1,-1.006,3.605
1776827439,481000508,robot_2,0.069,-2.789
1776827439,481006036,robot_0,2.189,-4.230
1776827439,481011862,robot_3,2.077,-1.139
1776827439,681206969,robot_4,-0.931,2.691
1776827439,681225672,robot_1,-1.006,3.605
1776827439,681232232,robot_2,0.030,-2.789
1776827439,681238263,robot_0,2.189,-4.230
1776827439,681243531,robot_3,2.085,-1.177
1776827439,882371766,robot_4,-0.908,2.652
1776827439,882405187,robot_1,-1.006,3.605
1776827439,882419576,robot_2,0.027,-2.790
1776827439,882431567,robot_0,2.189,-4.230
1776827439,882443056,robot_3,2.092,-1.210
1776827440,102430110,robot_4,-0.886,2.615
1776827440,102459928,robot_1,-1.007,3.606
1776827440,102471017,robot_2,0.027,-2.790
1776827440,102480593,robot_0,2.189,-4.230
1776827440,102489849,robot_3,2.103,-1.251
1776827440,322268844,robot_4,-0.870,2.589
1776827440,322291908,robot_1,-1.007,3.606
1776827440,322301201,robot_2,0.027,-2.790
1776827440,322308985,robot_0,2.190,-4.229
1776827440,322316855,robot_3,2.114,-1.288
1776827440,522427735,robot_4,-0.852,2.558
1776827440,522448761,robot_1,-1.007,3.607
1776827440,522457136,robot_2,0.027,-2.791
1776827440,522464158,robot_0,2.190,-4.229
1776827440,522471206,robot_3,2.122,-1.315
1776827440,740980416,robot_4,-0.829,2.520
1776827440,741003223,robot_1,-1.008,3.607
1776827440,741014932,robot_2,0.027,-2.791
1776827440,741023994,robot_0,2.190,-4.229
1776827440,741033566,robot_3,2.134,-1.356
1776827440,942233738,robot_4,-0.808,2.486
1776827440,942261181,robot_1,-1.008,3.608
1776827440,942273307,robot_2,0.026,-2.791
1776827440,942283061,robot_0,2.191,-4.228
1776827440,942292319,robot_3,2.144,-1.393
1776827441,143521152,robot_4,-0.788,2.451
1776827441,143549039,robot_1,-1.008,3.608
1776827441,143566123,robot_2,0.026,-2.792
1776827441,143580448,robot_0,2.191,-4.228
1776827441,143594968,robot_3,2.154,-1.427
1776827441,343668400,robot_4,-0.765,2.414
1776827441,343695099,robot_1,-1.008,3.609
1776827441,343707813,robot_2,0.025,-2.792
1776827441,343718333,robot_0,2.192,-4.228
1776827441,343728710,robot_3,2.165,-1.466
1776827441,562927522,robot_4,-0.734,2.361
1776827441,562952265,robot_1,-0.968,3.599
1776827441,562962929,robot_2,0.025,-2.792
1776827441,562971704,robot_0,2.192,-4.228
1776827441,562980045,robot_3,2.174,-1.499
1776827441,782111820,robot_4,-0.710,2.321
1776827441,782132942,robot_1,-0.912,3.585
1776827441,782143522,robot_2,0.025,-2.792
1776827441,782151333,robot_0,2.192,-4.228
1776827441,782158552,robot_3,2.182,-1.526
1776827442,2295036,robot_4,-0.679,2.270
1776827442,2317145,robot_1,-0.871,3.574
1776827442,2326568,robot_2,0.024,-2.792
1776827442,2334553,robot_0,2.192,-4.228
1776827442,2341974,robot_3,2.195,-1.569
1776827442,221725759,robot_4,-0.638,2.201
1776827442,221744394,robot_1,-0.846,3.568
1776827442,221751480,robot_2,0.024,-2.792
1776827442,221756878,robot_0,2.192,-4.228
1776827442,221762496,robot_3,2.203,-1.597
1776827442,441964439,robot_4,-0.614,2.162
1776827442,441987336,robot_1,-0.808,3.557
1776827442,441996078,robot_2,0.024,-2.792
1776827442,442003822,robot_0,2.193,-4.228
1776827442,442011139,robot_3,2.212,-1.630
1776827442,661659564,robot_4,-0.582,2.108
1776827442,661685735,robot_1,-0.763,3.544
1776827442,661696178,robot_2,0.024,-2.792
1776827442,661704870,robot_0,2.193,-4.228
1776827442,661713006,robot_3,2.225,-1.673
1776827442,861735787,robot_4,-0.553,2.059
1776827442,861753712,robot_1,-0.717,3.529
1776827442,861760276,robot_2,0.023,-2.791
1776827442,861765489,robot_0,2.194,-4.229
1776827442,861770690,robot_3,2.237,-1.717
1776827443,63366308,robot_4,-0.533,2.025
1776827443,63393999,robot_1,-0.679,3.515
1776827443,63403535,robot_2,0.023,-2.791
1776827443,63410825,robot_0,2.194,-4.229
1776827443,63418261,robot_3,2.248,-1.758
1776827443,282124437,robot_4,-0.512,1.988
1776827443,282143035,robot_1,-0.651,3.505
1776827443,282150140,robot_2,0.023,-2.791
1776827443,282156237,robot_0,2.194,-4.230
1776827443,282161840,robot_3,2.259,-1.799
1776827443,482192748,robot_4,-0.493,1.954
1776827443,482210346,robot_1,-0.621,3.493
1776827443,482217327,robot_2,0.022,-2.790
1776827443,482222815,robot_0,2.195,-4.230
1776827443,482227912,robot_3,2.267,-1.829
1776827443,683639802,robot_4,-0.473,1.920
1776827443,683665573,robot_1,-0.584,3.478
1776827443,683676899,robot_2,0.022,-2.790
1776827443,683686675,robot_0,2.195,-4.230
1776827443,683695313,robot_3,2.276,-1.866
1776827443,902904916,robot_4,-0.456,1.890
1776827443,902933135,robot_1,-0.557,3.468
1776827443,902940814,robot_2,0.022,-2.789
1776827443,902947068,robot_0,2.195,-4.231
1776827443,902953322,robot_3,2.286,-1.906
1776827444,122951364,robot_4,-0.435,1.856
1776827444,122969741,robot_1,-0.520,3.456
1776827444,122976981,robot_2,0.022,-2.789
1776827444,122982882,robot_0,2.195,-4.231
1776827444,122988764,robot_3,2.293,-1.937
1776827444,342271783,robot_4,-0.411,1.813
1776827444,342296597,robot_1,-0.482,3.443
1776827444,342308250,robot_2,0.022,-2.789
1776827444,342318448,robot_0,2.195,-4.231
1776827444,342328374,robot_3,2.304,-1.979
1776827444,561206742,robot_4,-0.373,1.747
1776827444,561226467,robot_1,-0.454,3.434
1776827444,561233978,robot_2,0.022,-2.789
1776827444,561240225,robot_0,2.195,-4.231
1776827444,561246573,robot_3,2.313,-2.016
1776827444,762184121,robot_4,-0.350,1.707
1776827444,762207572,robot_1,-0.417,3.423
1776827444,762218529,robot_2,0.022,-2.789
1776827444,762227758,robot_0,2.194,-4.232
1776827444,762236325,robot_3,2.320,-2.047
1776827444,983092898,robot_4,-0.323,1.659
1776827444,983118991,robot_1,-0.376,3.411
1776827444,983130030,robot_2,0.022,-2.788
1776827444,983139173,robot_0,2.194,-4.232
1776827444,983147827,robot_3,2.331,-2.090
1776827445,202062079,robot_4,-0.285,1.590
1776827445,202090224,robot_1,-0.334,3.399
1776827445,202099628,robot_2,0.023,-2.788
1776827445,202107926,robot_0,2.194,-4.233
1776827445,202115122,robot_3,2.341,-2.134
1776827445,421141688,robot_4,-0.263,1.547
1776827445,421160680,robot_1,-0.292,3.385
1776827445,421167636,robot_2,0.023,-2.787
1776827445,421172692,robot_0,2.194,-4.233
1776827445,421177682,robot_3,2.350,-2.177
1776827445,622174617,robot_4,-0.238,1.500
1776827445,622205479,robot_1,-0.234,3.367
1776827445,622220587,robot_2,0.023,-2.787
1776827445,622231106,robot_0,2.193,-4.233
1776827445,622237498,robot_3,2.356,-2.217
1776827445,822537772,robot_4,-0.211,1.447
1776827445,822565693,robot_1,-0.165,3.345
1776827445,822573477,robot_2,0.024,-2.787
1776827445,822579663,robot_0,2.193,-4.233
1776827445,822585731,robot_3,2.361,-2.248
1776827446,41657059,robot_4,-0.190,1.408
1776827446,41675771,robot_1,-0.123,3.332
1776827446,41682912,robot_2,0.024,-2.787
1776827446,41689000,robot_0,2.192,-4.233
1776827446,41694286,robot_3,2.369,-2.286
1776827446,242270298,robot_4,-0.166,1.360
1776827446,242292789,robot_1,-0.087,3.320
1776827446,242303282,robot_2,0.025,-2.787
1776827446,242311868,robot_0,2.192,-4.233
1776827446,242320966,robot_3,2.377,-2.325
1776827446,442567168,robot_4,-0.142,1.311
1776827446,442588993,robot_1,-0.050,3.309
1776827446,442596160,robot_2,0.025,-2.787
1776827446,442602442,robot_0,2.191,-4.233
1776827446,442626253,robot_3,2.383,-2.351
1776827446,643036086,robot_4,-0.126,1.274
1776827446,643066423,robot_1,-0.012,3.297
1776827446,643080678,robot_2,0.025,-2.787
1776827446,643093434,robot_0,2.198,-4.198
1776827446,643105241,robot_3,2.390,-2.383
1776827446,863381066,robot_4,-0.105,1.225
1776827446,863406418,robot_1,0.032,3.283
1776827446,863418181,robot_2,0.025,-2.787
1776827446,863428545,robot_0,2.196,-4.153
1776827446,863438280,robot_3,2.400,-2.428
1776827447,81607630,robot_4,-0.085,1.179
1776827447,81626359,robot_1,0.075,3.269
1776827447,81633134,robot_2,0.025,-2.787
1776827447,81638421,robot_0,2.179,-4.122
1776827447,81644004,robot_3,2.417,-2.507
1776827447,281717979,robot_4,-0.069,1.142
1776827447,281738187,robot_1,0.113,3.257
1776827447,281747268,robot_2,0.026,-2.787
1776827447,281754286,robot_0,2.173,-4.118
1776827447,281762102,robot_3,2.427,-2.554
1776827447,482240413,robot_4,-0.043,1.085
1776827447,482263488,robot_1,0.171,3.239
1776827447,482276753,robot_2,0.026,-2.787
1776827447,482288640,robot_0,2.171,-4.121
1776827447,482297183,robot_3,2.427,-2.554
1776827447,700917855,robot_4,-0.020,1.030
1776827447,700938953,robot_1,0.225,3.222
1776827447,700946609,robot_2,0.027,-2.787
1776827447,700952499,robot_0,2.168,-4.123
1776827447,700958021,robot_3,2.428,-2.554
1776827447,902616981,robot_4,-0.004,0.994
1776827447,902636853,robot_1,0.264,3.209
1776827447,902643543,robot_2,0.027,-2.788
1776827447,902649771,robot_0,2.165,-4.125
1776827447,902654912,robot_3,2.428,-2.554
1776827448,122596601,robot_4,0.014,0.954
1776827448,122616838,robot_1,0.333,3.187
1776827448,122623435,robot_2,0.027,-2.788
1776827448,122629011,robot_0,2.160,-4.136
1776827448,122634575,robot_3,2.429,-2.554
1776827448,341206908,robot_4,0.030,0.913
1776827448,341226568,robot_1,0.384,3.171
1776827448,341234778,robot_2,0.027,-2.789
1776827448,341240682,robot_0,2.159,-4.145
1776827448,341246524,robot_3,2.429,-2.554
1776827448,542778929,robot_4,0.047,0.871
1776827448,542796861,robot_1,0.422,3.159
1776827448,542804177,robot_2,0.027,-2.789
1776827448,542810271,robot_0,2.157,-4.144
1776827448,542815665,robot_3,2.429,-2.555
1776827448,743010369,robot_4,0.075,0.802
1776827448,743032593,robot_1,0.460,3.148
1776827448,743042292,robot_2,0.027,-2.790
1776827448,743050664,robot_0,2.155,-4.144
1776827448,743058437,robot_3,2.430,-2.555
1776827448,961849703,robot_4,0.097,0.749
1776827448,961871391,robot_1,0.503,3.137
1776827448,961881351,robot_2,0.027,-2.790
1776827448,961889116,robot_0,2.154,-4.143
1776827448,961896097,robot_3,2.430,-2.556
1776827449,162205861,robot_4,0.115,0.704
1776827449,162222475,robot_1,0.537,3.128
1776827449,162228922,robot_2,-0.024,-2.780
1776827449,162242915,robot_0,2.154,-4.142
1776827449,162248824,robot_3,2.430,-2.556
1776827449,363474453,robot_4,0.142,0.638
1776827449,363512645,robot_1,0.564,3.121
1776827449,363534690,robot_2,-0.086,-2.769
1776827449,363553853,robot_0,2.154,-4.142
1776827449,363570755,robot_3,2.430,-2.556
1776827449,582338328,robot_4,0.161,0.591
1776827449,582367797,robot_1,0.606,3.111
1776827449,582381914,robot_2,-0.127,-2.761
1776827449,582394784,robot_0,2.154,-4.142
1776827449,582406654,robot_3,2.400,-2.561
1776827449,801357686,robot_4,0.179,0.546
1776827449,801379569,robot_1,0.650,3.099
1776827449,801386546,robot_2,-0.131,-2.766
1776827449,801392879,robot_0,2.154,-4.142
1776827449,801398697,robot_3,2.328,-2.573
1776827450,2767612,robot_4,0.197,0.502
1776827450,2784375,robot_1,0.692,3.089
1776827450,2791581,robot_2,-0.131,-2.767
1776827450,2797345,robot_0,2.154,-4.142
1776827450,2802552,robot_3,2.289,-2.579
1776827450,222252866,robot_4,0.213,0.461
1776827450,222273820,robot_1,0.735,3.078
1776827450,222282695,robot_2,-0.131,-2.770
1776827450,222289612,robot_0,2.154,-4.141
1776827450,222297036,robot_3,2.256,-2.585
1776827450,423424141,robot_4,0.236,0.406
1776827450,423450594,robot_1,0.791,3.064
1776827450,423460794,robot_2,-0.123,-2.782
1776827450,423468782,robot_0,2.155,-4.141
1776827450,423477148,robot_3,2.224,-2.591
1776827450,642783299,robot_4,0.265,0.334
1776827450,642821552,robot_1,0.858,3.049
1776827450,642842814,robot_2,-0.106,-2.791
1776827450,642858295,robot_0,2.155,-4.141
1776827450,642870466,robot_3,2.182,-2.602
1776827450,862695512,robot_4,0.282,0.293
1776827450,862712617,robot_1,0.901,3.041
1776827450,862719161,robot_2,-0.086,-2.791
1776827450,862725266,robot_0,2.156,-4.141
1776827450,862730549,robot_3,2.145,-2.611
1776827451,62848135,robot_4,0.293,0.264
1776827451,62873041,robot_1,0.953,3.031
1776827451,62883961,robot_2,-0.080,-2.787
1776827451,62892708,robot_0,2.156,-4.141
1776827451,62901899,robot_3,2.107,-2.620
1776827451,281347279,robot_4,0.308,0.229
1776827451,281365222,robot_1,1.004,3.021
1776827451,281373123,robot_2,-0.081,-2.786
1776827451,281378619,robot_0,2.157,-4.141
1776827451,281384129,robot_3,2.061,-2.631
1776827451,501042955,robot_4,0.324,0.189
1776827451,501061219,robot_1,1.048,3.012
1776827451,501068215,robot_2,-0.081,-2.785
1776827451,501073939,robot_0,2.157,-4.142
1776827451,501079259,robot_3,1.983,-2.650
1776827451,701213768,robot_4,0.333,0.166
1776827451,701231194,robot_1,1.121,2.998
1776827451,701238740,robot_2,-0.082,-2.785
1776827451,701245810,robot_0,2.157,-4.142
1776827451,701251726,robot_3,1.934,-2.663
1776827451,901600827,robot_4,0.346,0.136
1776827451,901621034,robot_1,1.179,2.987
1776827451,901627808,robot_2,-0.082,-2.785
1776827451,901633713,robot_0,2.157,-4.142
1776827451,901639175,robot_3,1.890,-2.674
1776827452,102716951,robot_4,0.361,0.098
1776827452,102741051,robot_1,1.219,2.979
1776827452,102751124,robot_2,-0.082,-2.785
1776827452,102759588,robot_0,2.157,-4.142
1776827452,102767392,robot_3,1.837,-2.688
1776827452,322309045,robot_4,0.387,0.030
1776827452,322329662,robot_1,1.291,2.965
1776827452,322337663,robot_2,-0.082,-2.784
1776827452,322344941,robot_0,2.158,-4.142
1776827452,322351170,robot_3,1.791,-2.700
1776827452,541798786,robot_4,0.406,-0.022
1776827452,541817201,robot_1,1.344,2.952
1776827452,541824215,robot_2,-0.082,-2.783
1776827452,541830634,robot_0,2.158,-4.142
1776827452,541836251,robot_3,1.744,-2.712
1776827452,742420606,robot_4,0.421,-0.065
1776827452,742445086,robot_1,1.379,2.942
1776827452,742456786,robot_2,-0.082,-2.783
1776827452,742467562,robot_0,2.158,-4.143
1776827452,742476802,robot_3,1.697,-2.724
1776827452,961376168,robot_4,0.448,-0.143
1776827452,961398767,robot_1,1.412,2.933
1776827452,961408236,robot_2,-0.082,-2.782
1776827452,961416570,robot_0,2.158,-4.143
1776827452,961425110,robot_3,1.655,-2.736
1776827453,162358750,robot_4,0.464,-0.189
1776827453,162381662,robot_1,1.449,2.923
1776827453,162391947,robot_2,-0.082,-2.781
1776827453,162400416,robot_0,2.158,-4.144
1776827453,162407774,robot_3,1.623,-2.744
1776827453,362464371,robot_4,0.478,-0.232
1776827453,362489384,robot_1,1.486,2.913
1776827453,362500524,robot_2,-0.081,-2.788
1776827453,362509631,robot_0,2.158,-4.144
1776827453,362517770,robot_3,1.595,-2.752
1776827453,581741716,robot_4,0.497,-0.288
1776827453,581758668,robot_1,1.524,2.903
1776827453,581765342,robot_2,-0.082,-2.790
1776827453,581771194,robot_0,2.158,-4.145
1776827453,581776462,robot_3,1.553,-2.766
1776827453,802113646,robot_4,0.511,-0.330
1776827453,802134565,robot_1,1.567,2.892
1776827453,802143099,robot_2,-0.082,-2.789
1776827453,802151366,robot_0,2.158,-4.145
1776827453,802158470,robot_3,1.493,-2.786
1776827454,2186201,robot_4,0.526,-0.372
1776827454,2207724,robot_1,1.622,2.877
1776827454,2217175,robot_2,-0.082,-2.789
1776827454,2225569,robot_0,2.158,-4.145
1776827454,2232976,robot_3,1.435,-2.805
1776827454,202286139,robot_4,0.541,-0.416
1776827454,202307115,robot_1,1.690,2.858
1776827454,202316212,robot_2,-0.082,-2.789
1776827454,202324293,robot_0,2.158,-4.145
1776827454,202331479,robot_3,1.397,-2.818
1776827454,402411102,robot_4,0.554,-0.454
1776827454,402432389,robot_1,1.730,2.848
1776827454,402440092,robot_2,-0.082,-2.789
1776827454,402446297,robot_0,2.158,-4.145
1776827454,402451853,robot_3,1.373,-2.826
1776827454,622040400,robot_4,0.568,-0.497
1776827454,622059920,robot_1,1.770,2.837
1776827454,622067780,robot_2,-0.082,-2.789
1776827454,622074370,robot_0,2.158,-4.146
1776827454,622080229,robot_3,1.344,-2.836
1776827454,841065060,robot_4,0.583,-0.541
1776827454,841082392,robot_1,1.811,2.826
1776827454,841089241,robot_2,-0.082,-2.788
1776827454,841094709,robot_0,2.157,-4.146
1776827454,841099819,robot_3,1.302,-2.850
1776827455,42351266,robot_4,0.596,-0.579
1776827455,42374729,robot_1,1.849,2.815
1776827455,42385730,robot_2,-0.082,-2.788
1776827455,42395819,robot_0,2.157,-4.146
1776827455,42404250,robot_3,1.234,-2.873
1776827455,242551048,robot_4,0.608,-0.615
1776827455,242595551,robot_1,1.903,2.801
1776827455,242620736,robot_2,-0.081,-2.788
1776827455,242642003,robot_0,2.156,-4.146
1776827455,242661130,robot_3,1.175,-2.892
1776827455,462098013,robot_4,0.622,-0.655
1776827455,462117110,robot_1,1.960,2.786
1776827455,462125316,robot_2,-0.081,-2.787
1776827455,462131800,robot_0,2.156,-4.146
1776827455,462138093,robot_3,1.132,-2.907
1776827455,662256996,robot_4,0.635,-0.692
1776827455,662286731,robot_1,1.998,2.775
1776827455,662300078,robot_2,-0.079,-2.787
1776827455,662311754,robot_0,2.155,-4.146
1776827455,662323368,robot_3,1.064,-2.930
1776827455,883107732,robot_4,0.650,-0.738
1776827455,883127532,robot_1,2.035,2.765
1776827455,883133421,robot_2,-0.078,-2.788
1776827455,883138871,robot_0,2.155,-4.146
1776827455,883144925,robot_3,1.006,-2.950
1776827456,101200021,robot_4,0.665,-0.782
1776827456,101216359,robot_1,2.076,2.754
1776827456,101223712,robot_2,-0.077,-2.790
1776827456,101229925,robot_0,2.154,-4.146
1776827456,101235507,robot_3,0.969,-2.964
1776827456,321314889,robot_4,0.679,-0.822
1776827456,321332683,robot_1,2.115,2.744
1776827456,321340583,robot_2,-0.077,-2.791
1776827456,321346974,robot_0,2.154,-4.146
1776827456,321352615,robot_3,0.945,-2.972
1776827456,522880843,robot_4,0.689,-0.851
1776827456,522909007,robot_1,2.139,2.738
1776827456,522927076,robot_2,-0.076,-2.791
1776827456,522939725,robot_0,2.154,-4.146
1776827456,522951504,robot_3,0.909,-2.985
1776827456,742238093,robot_4,0.702,-0.890
1776827456,742260738,robot_1,2.177,2.729
1776827456,742271833,robot_2,-0.076,-2.791
1776827456,742280812,robot_0,2.154,-4.146
1776827456,742289587,robot_3,0.876,-2.997
1776827456,962488806,robot_4,0.718,-0.937
1776827456,962524206,robot_1,2.225,2.718
1776827456,962543462,robot_2,-0.077,-2.791
1776827456,962557688,robot_0,2.154,-4.146
1776827456,962572671,robot_3,0.853,-3.006
1776827457,162693712,robot_4,0.736,-0.992
1776827457,162721021,robot_1,2.275,2.706
1776827457,162731569,robot_2,-0.077,-2.792
1776827457,162739400,robot_0,2.154,-4.146
1776827457,162746202,robot_3,0.816,-3.022
1776827457,383018683,robot_4,0.749,-1.036
1776827457,383044007,robot_1,2.318,2.693
1776827457,383055957,robot_2,-0.077,-2.793
1776827457,383065391,robot_0,2.155,-4.146
1776827457,383074715,robot_3,0.765,-3.046
1776827457,602060094,robot_4,0.763,-1.082
1776827457,602082516,robot_1,2.377,2.675
1776827457,602091804,robot_2,-0.077,-2.794
1776827457,602099830,robot_0,2.155,-4.146
1776827457,602107627,robot_3,0.711,-3.070
1776827457,821334524,robot_4,0.777,-1.131
1776827457,821351713,robot_1,2.453,2.652
1776827457,821358215,robot_2,-0.077,-2.795
1776827457,821363934,robot_0,2.156,-4.146
1776827457,821368753,robot_3,0.671,-3.088
1776827458,22194850,robot_4,0.789,-1.169
1776827458,22221163,robot_1,2.492,2.640
1776827458,22232478,robot_2,-0.077,-2.796
1776827458,22242234,robot_0,2.156,-4.146
1776827458,22251406,robot_3,0.609,-3.117
1776827458,243416946,robot_4,0.797,-1.198
1776827458,243440499,robot_1,2.532,2.627
1776827458,243450241,robot_2,-0.078,-2.797
1776827458,243458814,robot_0,2.156,-4.146
1776827458,243466915,robot_3,0.546,-3.145
1776827458,461422439,robot_4,0.806,-1.227
1776827458,461442184,robot_1,2.572,2.613
1776827458,461449112,robot_2,-0.078,-2.797
1776827458,461454743,robot_0,2.157,-4.145
1776827458,461460087,robot_3,0.505,-3.164
1776827458,663427643,robot_4,0.817,-1.265
1776827458,663456672,robot_1,2.609,2.599
1776827458,663471410,robot_2,-0.078,-2.798
1776827458,663483948,robot_0,2.157,-4.145
1776827458,663495807,robot_3,0.448,-3.191
1776827458,882705457,robot_4,0.835,-1.324
1776827458,882727115,robot_1,2.634,2.589
1776827458,882733939,robot_2,-0.078,-2.798
1776827458,882740060,robot_0,2.157,-4.145
1776827458,882745688,robot_3,0.401,-3.216
1776827459,82822255,robot_4,0.849,-1.373
1776827459,82851677,robot_1,2.662,2.578
1776827459,82862469,robot_2,-0.094,-2.792
1776827459,82871883,robot_0,2.157,-4.145
1776827459,82880287,robot_3,0.363,-3.238
1776827459,282934673,robot_4,0.861,-1.411
1776827459,282963665,robot_1,2.700,2.563
1776827459,282975630,robot_2,-0.126,-2.781
1776827459,282985430,robot_0,2.157,-4.145
1776827459,282994706,robot_3,0.304,-3.270
1776827459,502330850,robot_4,0.880,-1.477
1776827459,502350029,robot_1,2.753,2.543
1776827459,502358319,robot_2,-0.163,-2.770
1776827459,502365077,robot_0,2.157,-4.145
1776827459,502371893,robot_3,0.257,-3.295
1776827459,721308433,robot_4,0.896,-1.531
1776827459,721328138,robot_1,2.782,2.532
1776827459,721334786,robot_2,-0.170,-2.772
1776827459,721340513,robot_0,2.156,-4.145
1776827459,721346036,robot_3,0.209,-3.319
1776827459,921529778,robot_4,0.907,-1.567
1776827459,921552847,robot_1,2.782,2.532
1776827459,921560389,robot_2,-0.167,-2.776
1776827459,921566613,robot_0,2.156,-4.146
1776827459,921572219,robot_3,0.148,-3.352
1776827460,123083407,robot_4,0.913,-1.588
1776827460,123109168,robot_1,2.782,2.532
1776827460,123120227,robot_2,-0.157,-2.787
1776827460,123129404,robot_0,2.156,-4.146
1776827460,123138571,robot_3,0.108,-3.374
1776827460,342601269,robot_4,0.925,-1.623
1776827460,342620839,robot_1,2.782,2.531
1776827460,342628732,robot_2,-0.142,-2.801
1776827460,342635309,robot_0,2.155,-4.146
1776827460,342641568,robot_3,0.058,-3.403
1776827460,542666452,robot_4,0.938,-1.662
1776827460,542696226,robot_1,2.782,2.531
1776827460,542711479,robot_2,-0.128,-2.812
1776827460,542722917,robot_0,2.155,-4.146
1776827460,542737880,robot_3,-0.007,-3.441
1776827460,762265334,robot_4,0.953,-1.708
1776827460,762301353,robot_1,2.783,2.530
1776827460,762314585,robot_2,-0.110,-2.818
1776827460,762327272,robot_0,2.154,-4.145
1776827460,762338796,robot_3,-0.049,-3.465
1776827460,962772813,robot_4,0.966,-1.747
1776827460,962801453,robot_1,2.783,2.530
1776827460,962814333,robot_2,-0.096,-2.815
1776827460,962826099,robot_0,2.154,-4.145
1776827460,962836466,robot_3,-0.094,-3.490
1776827461,163009308,robot_4,0.981,-1.789
1776827461,163031754,robot_1,2.783,2.530
1776827461,163041551,robot_2,-0.094,-2.814
1776827461,163050223,robot_0,2.153,-4.145
1776827461,163059160,robot_3,-0.144,-3.518
1776827461,363456102,robot_4,0.997,-1.842
1776827461,363492937,robot_1,2.784,2.529
1776827461,363513573,robot_2,-0.094,-2.814
1776827461,363532092,robot_0,2.153,-4.145
1776827461,363549166,robot_3,-0.180,-3.535
1776827461,582088646,robot_4,1.009,-1.886
1776827461,582105795,robot_1,2.784,2.529
1776827461,582111884,robot_2,-0.095,-2.814
1776827461,582117339,robot_0,2.153,-4.145
1776827461,582122915,robot_3,-0.228,-3.558
1776827461,782162701,robot_4,1.019,-1.926
1776827461,782192390,robot_1,2.784,2.529
1776827461,782206809,robot_2,-0.095,-2.814
1776827461,782219197,robot_0,2.153,-4.145
1776827461,782232192,robot_3,-0.273,-3.579
1776827462,1941609,robot_4,1.029,-1.971
1776827462,1972604,robot_1,2.784,2.529
1776827462,1983043,robot_2,-0.095,-2.814
1776827462,1993629,robot_0,2.154,-4.145
1776827462,2003465,robot_3,-0.312,-3.598
1776827462,202154372,robot_4,1.037,-2.011
1776827462,202185292,robot_1,2.784,2.529
1776827462,202199885,robot_2,-0.095,-2.814
1776827462,202213505,robot_0,2.154,-4.145
1776827462,202225673,robot_3,-0.357,-3.620
1776827462,421915916,robot_4,1.050,-2.072
1776827462,421939000,robot_1,2.785,2.529
1776827462,421947136,robot_2,-0.096,-2.814
1776827462,421954162,robot_0,2.155,-4.145
1776827462,421960433,robot_3,-0.404,-3.642
1776827462,622344757,robot_4,1.065,-2.143
1776827462,622361723,robot_1,2.785,2.529
1776827462,622368610,robot_2,-0.096,-2.814
1776827462,622374088,robot_0,2.155,-4.145
1776827462,622379097,robot_3,-0.440,-3.659
1776827462,841002532,robot_4,1.075,-2.187
1776827462,841019960,robot_1,2.786,2.529
1776827462,841026682,robot_2,-0.096,-2.814
1776827462,841033324,robot_0,2.156,-4.145
1776827462,841039351,robot_3,-0.489,-3.683
1776827463,42169473,robot_4,1.080,-2.213
1776827463,42187548,robot_1,2.786,2.530
1776827463,42194724,robot_2,-0.097,-2.813
1776827463,42200954,robot_0,2.156,-4.145
1776827463,42206812,robot_3,-0.529,-3.702
1776827463,262212632,robot_4,1.086,-2.242
1776827463,262230689,robot_1,2.787,2.530
1776827463,262237951,robot_2,-0.097,-2.813
1776827463,262243977,robot_0,2.156,-4.145
1776827463,262249437,robot_3,-0.570,-3.722
1776827463,463105031,robot_4,1.095,-2.281
1776827463,463134689,robot_1,2.787,2.530
1776827463,463148754,robot_2,-0.096,-2.817
1776827463,463160979,robot_0,2.157,-4.144
1776827463,463173201,robot_3,-0.617,-3.744
1776827463,663130788,robot_4,1.108,-2.343
1776827463,663160402,robot_1,2.787,2.531
1776827463,663174493,robot_2,-0.096,-2.817
1776827463,663186508,robot_0,2.157,-4.144
1776827463,663198251,robot_3,-0.658,-3.761
1776827463,863307052,robot_4,1.119,-2.404
1776827463,863338487,robot_1,2.787,2.531
1776827463,863352976,robot_2,-0.096,-2.817
1776827463,863364993,robot_0,2.157,-4.144
1776827463,863376613,robot_3,-0.694,-3.776
1776827464,82348311,robot_4,1.127,-2.448
1776827464,82368850,robot_1,2.787,2.531
1776827464,82378396,robot_2,-0.096,-2.816
1776827464,82386479,robot_0,2.157,-4.144
1776827464,82394722,robot_3,-0.716,-3.784
1776827464,283164604,robot_4,1.131,-2.475
1776827464,283192303,robot_1,2.787,2.531
1776827464,283204893,robot_2,-0.096,-2.816
1776827464,283215895,robot_0,2.156,-4.144
1776827464,283226370,robot_3,-0.749,-3.796
1776827464,500825484,robot_4,1.137,-2.512
1776827464,500842813,robot_1,2.787,2.531
1776827464,500849128,robot_2,-0.096,-2.816
1776827464,500854487,robot_0,2.156,-4.145
1776827464,500859382,robot_3,-0.786,-3.809
1776827464,701189509,robot_4,1.144,-2.550
1776827464,701209340,robot_1,2.787,2.531
1776827464,701217220,robot_2,-0.096,-2.816
1776827464,701224074,robot_0,2.156,-4.145
1776827464,701230535,robot_3,-0.809,-3.816
1776827464,903542753,robot_4,1.148,-2.576
1776827464,903563481,robot_1,2.787,2.531
1776827464,903571093,robot_2,-0.095,-2.816
1776827464,903578490,robot_0,2.155,-4.145
1776827464,903585341,robot_3,-0.844,-3.828
1776827465,122646233,robot_4,1.154,-2.613
1776827465,122663283,robot_1,2.787,2.530
1776827465,122670090,robot_2,-0.095,-2.815
1776827465,122675952,robot_0,2.155,-4.145
1776827465,122681446,robot_3,-0.883,-3.842
1776827465,341106371,robot_4,1.162,-2.661
1776827465,341122842,robot_1,2.786,2.530
1776827465,341129835,robot_2,-0.095,-2.815
1776827465,341135543,robot_0,2.154,-4.145
1776827465,341140585,robot_3,-0.920,-3.855
1776827465,541969894,robot_4,1.172,-2.725
1776827465,541992252,robot_1,2.786,2.530
1776827465,542001633,robot_2,-0.094,-2.815
1776827465,542009271,robot_0,2.154,-4.145
1776827465,542017011,robot_3,-0.958,-3.868
1776827465,742873806,robot_4,1.179,-2.772
1776827465,742897369,robot_1,2.785,2.530
1776827465,742907789,robot_2,-0.094,-2.814
1776827465,742919547,robot_0,2.153,-4.144
1776827465,742928076,robot_3,-1.005,-3.884
1776827465,963033995,robot_4,1.184,-2.814
1776827465,963064127,robot_1,2.784,2.529
1776827465,963078015,robot_2,-0.093,-2.814
1776827465,963090307,robot_0,2.153,-4.144
1776827465,963102112,robot_3,-1.069,-3.906
1776827466,164173757,robot_4,1.189,-2.849
1776827466,164207890,robot_1,2.784,2.530
1776827466,164221971,robot_2,-0.093,-2.814
1776827466,164234261,robot_0,2.153,-4.144
1776827466,164245656,robot_3,-1.107,-3.919
1776827466,381764153,robot_4,1.195,-2.892
1776827466,381784249,robot_1,2.784,2.530
1776827466,381792406,robot_2,-0.092,-2.814
1776827466,381798595,robot_0,2.153,-4.144
1776827466,381804084,robot_3,-1.152,-3.934
1776827466,583129867,robot_4,1.201,-2.936
1776827466,583157116,robot_1,2.786,2.539
1776827466,583169501,robot_2,-0.092,-2.814
1776827466,583179872,robot_0,2.153,-4.144
1776827466,583190015,robot_3,-1.194,-3.948
1776827466,802416904,robot_4,1.209,-2.990
1776827466,802446819,robot_1,2.793,2.563
1776827466,802460999,robot_2,-0.092,-2.814
1776827466,802473123,robot_0,2.152,-4.144
1776827466,802485359,robot_3,-1.237,-3.960
1776827467,22311346,robot_4,1.218,-3.033
1776827467,22330061,robot_1,2.803,2.606
1776827467,22336754,robot_2,-0.092,-2.814
1776827467,22342308,robot_0,2.152,-4.143
1776827467,22347825,robot_3,-1.276,-3.971
1776827467,241118879,robot_4,1.229,-3.081
1776827467,241136914,robot_1,2.807,2.622
1776827467,241144012,robot_2,-0.092,-2.815
1776827467,241149488,robot_0,2.152,-4.143
1776827467,241155174,robot_3,-1.318,-3.981
1776827467,441380551,robot_4,1.239,-3.126
1776827467,441398157,robot_1,2.807,2.622
1776827467,441404981,robot_2,-0.091,-2.815
1776827467,441410897,robot_0,2.152,-4.142
1776827467,441416255,robot_3,-1.357,-3.988
1776827467,642557771,robot_4,1.247,-3.165
1776827467,642576143,robot_1,2.806,2.623
1776827467,642583447,robot_2,-0.091,-2.815
1776827467,642589494,robot_0,2.152,-4.142
1776827467,642594926,robot_3,-1.396,-3.996
1776827467,862083519,robot_4,1.257,-3.209
1776827467,862103892,robot_1,2.806,2.623
1776827467,862111054,robot_2,-0.091,-2.816
1776827467,862117292,robot_0,2.152,-4.141
1776827467,862122845,robot_3,-1.439,-4.005
1776827468,62592830,robot_4,1.266,-3.249
1776827468,62621735,robot_1,2.806,2.623
1776827468,62635866,robot_2,-0.090,-2.816
1776827468,62649000,robot_0,2.153,-4.141
1776827468,62660106,robot_3,-1.479,-4.012
1776827468,281203328,robot_4,1.275,-3.292
1776827468,281221413,robot_1,2.805,2.624
1776827468,281227797,robot_2,-0.090,-2.817
1776827468,281232936,robot_0,2.153,-4.140
1776827468,281238044,robot_3,-1.525,-4.021
1776827468,482228542,robot_4,1.282,-3.322
1776827468,482246676,robot_1,2.805,2.624
1776827468,482253521,robot_2,-0.090,-2.817
1776827468,482259576,robot_0,2.153,-4.140
1776827468,482264696,robot_3,-1.565,-4.029
1776827468,701109747,robot_4,1.288,-3.360
1776827468,701127708,robot_1,2.805,2.625
1776827468,701133649,robot_2,-0.090,-2.818
1776827468,701138615,robot_0,2.153,-4.140
1776827468,701143930,robot_3,-1.609,-4.038
1776827468,902143979,robot_4,1.295,-3.400
1776827468,902174822,robot_1,2.805,2.626
1776827468,902187767,robot_2,-0.090,-2.818
1776827468,902200156,robot_0,2.153,-4.140
1776827468,902211494,robot_3,-1.651,-4.046
1776827469,121830634,robot_4,1.306,-3.461
1776827469,121851127,robot_1,2.805,2.626
1776827469,121858894,robot_2,-0.108,-2.814
1776827469,121866131,robot_0,2.153,-4.140
1776827469,121873386,robot_3,-1.694,-4.055
1776827469,343121144,robot_4,1.314,-3.511
1776827469,343150449,robot_1,2.805,2.626
1776827469,343164342,robot_2,-0.140,-2.805
1776827469,343177243,robot_0,2.154,-4.140
1776827469,343189737,robot_3,-1.734,-4.063
1776827469,562392943,robot_4,1.323,-3.563
1776827469,562413697,robot_1,2.805,2.626
1776827469,562422519,robot_2,-0.168,-2.802
1776827469,562429491,robot_0,2.154,-4.140
1776827469,562436280,robot_3,-1.772,-4.071
1776827469,762495281,robot_4,1.336,-3.637
1776827469,762528323,robot_1,2.805,2.626
1776827469,762545229,robot_2,-0.171,-2.802
1776827469,762560149,robot_0,2.154,-4.140
1776827469,762573533,robot_3,-1.811,-4.080
1776827469,963377631,robot_4,1.344,-3.686
1776827469,963409270,robot_1,2.805,2.626
1776827469,963423404,robot_2,-0.171,-2.803
1776827469,963435676,robot_0,2.155,-4.140
1776827469,963448206,robot_3,-1.841,-4.087
1776827470,182281379,robot_4,1.351,-3.729
1776827470,182304793,robot_1,2.805,2.625
1776827470,182315227,robot_2,-0.170,-2.808
1776827470,182324272,robot_0,2.155,-4.140
1776827470,182332541,robot_3,-1.870,-4.093
1776827470,383522515,robot_4,1.358,-3.769
1776827470,383548202,robot_1,2.805,2.625
1776827470,383558064,robot_2,-0.158,-2.822
1776827470,383567658,robot_0,2.156,-4.140
1776827470,383575980,robot_3,-1.909,-4.099
1776827470,583776019,robot_4,1.365,-3.808
1776827470,583794515,robot_1,2.806,2.624
1776827470,583802227,robot_2,-0.145,-2.834
1776827470,583808893,robot_0,2.156,-4.140
1776827470,583814821,robot_3,-1.962,-4.108
1776827470,801182868,robot_4,1.370,-3.841
1776827470,801202163,robot_1,2.806,2.624
1776827470,801208869,robot_2,-0.128,-2.842
1776827470,801215078,robot_0,2.156,-4.141
1776827470,801221092,robot_3,-2.022,-4.118
1776827471,2855908,robot_4,1.373,-3.862
1776827471,2881747,robot_1,2.806,2.624
1776827471,2892680,robot_2,-0.112,-2.841
1776827471,2902413,robot_0,2.156,-4.141
1776827471,2916829,robot_3,-2.061,-4.125
1776827471,221742578,robot_4,1.378,-3.906
1776827471,221763779,robot_1,2.807,2.623
1776827471,221772583,robot_2,-0.108,-2.839
1776827471,221780105,robot_0,2.156,-4.141
1776827471,221786244,robot_3,-2.122,-4.135
1776827471,422154608,robot_4,1.384,-3.965
1776827471,422174473,robot_1,2.807,2.623
1776827471,422181118,robot_2,-0.108,-2.839
1776827471,422186775,robot_0,2.156,-4.141
1776827471,422192081,robot_3,-2.174,-4.143
1776827471,642064108,robot_4,1.391,-4.042
1776827471,642083584,robot_1,2.807,2.623
1776827471,642091831,robot_2,-0.109,-2.839
1776827471,642099579,robot_0,2.157,-4.141
1776827471,642106885,robot_3,-2.218,-4.150
1776827471,843202586,robot_4,1.395,-4.082
1776827471,843219825,robot_1,2.807,2.623
1776827471,843227029,robot_2,-0.109,-2.839
1776827471,843233520,robot_0,2.157,-4.142
1776827471,843239245,robot_3,-2.276,-4.160
1776827472,62963078,robot_4,1.398,-4.109
1776827472,62989908,robot_1,2.807,2.623
1776827472,63001701,robot_2,-0.109,-2.839
1776827472,63011887,robot_0,2.157,-4.142
1776827472,63021584,robot_3,-2.318,-4.167
1776827472,263035269,robot_4,1.401,-4.136
1776827472,263066021,robot_1,2.808,2.623
1776827472,263080253,robot_2,-0.109,-2.839
1776827472,263092339,robot_0,2.157,-4.143
1776827472,263103450,robot_3,-2.318,-4.167
1776827472,482274772,robot_4,1.405,-4.180
1776827472,482303223,robot_1,2.808,2.623
1776827472,482315702,robot_2,-0.110,-2.839
1776827472,482326975,robot_0,2.157,-4.143
1776827472,482336907,robot_3,-2.318,-4.166
1776827472,682263215,robot_4,1.409,-4.220
1776827472,682284818,robot_1,2.809,2.623
1776827472,682294223,robot_2,-0.110,-2.839
1776827472,682302027,robot_0,2.156,-4.144
1776827472,682308986,robot_3,-2.319,-4.166
1776827472,901720323,robot_4,1.415,-4.263
1776827472,901739952,robot_1,2.809,2.623
1776827472,901746694,robot_2,-0.110,-2.839
1776827472,901752458,robot_0,2.156,-4.144
1776827472,901757634,robot_3,-2.319,-4.166
1776827473,120866777,robot_4,1.421,-4.309
1776827473,120883957,robot_1,2.810,2.624
1776827473,120890740,robot_2,-0.111,-2.838
1776827473,120896018,robot_0,2.156,-4.144
1776827473,120901135,robot_3,-2.319,-4.165
1776827473,321069813,robot_4,1.430,-4.371
1776827473,321087279,robot_1,2.810,2.624
1776827473,321094161,robot_2,-0.111,-2.838
1776827473,321099985,robot_0,2.156,-4.144
1776827473,321105053,robot_3,-2.320,-4.165
1776827473,521551314,robot_4,1.437,-4.419
1776827473,521572289,robot_1,2.810,2.624
1776827473,521581739,robot_2,-0.110,-2.842
1776827473,521589610,robot_0,2.156,-4.144
1776827473,521596584,robot_3,-2.320,-4.165
1776827473,741090049,robot_4,1.444,-4.462
1776827473,741106554,robot_1,2.810,2.625
1776827473,741113026,robot_2,-0.110,-2.842
1776827473,741118797,robot_0,2.156,-4.145
1776827473,741124569,robot_3,-2.321,-4.165
1776827473,942486097,robot_4,1.450,-4.501
1776827473,942511733,robot_1,2.811,2.625
1776827473,942522563,robot_2,-0.110,-2.842
1776827473,942531867,robot_0,2.155,-4.145
1776827473,942540382,robot_3,-2.321,-4.165
1776827474,163229741,robot_4,1.457,-4.545
1776827474,163250041,robot_1,2.811,2.625
1776827474,163258739,robot_2,-0.110,-2.842
1776827474,163267127,robot_0,2.155,-4.145
1776827474,163273955,robot_3,-2.321,-4.165
1776827474,382655384,robot_4,1.465,-4.596
1776827474,382678095,robot_1,2.811,2.625
1776827474,382687429,robot_2,-0.110,-2.842
1776827474,382695588,robot_0,2.154,-4.145
1776827474,382703022,robot_3,-2.321,-4.165
1776827474,601412898,robot_4,1.474,-4.656
1776827474,601432960,robot_1,2.810,2.625
1776827474,601440906,robot_2,-0.110,-2.842
1776827474,601448460,robot_0,2.154,-4.145
1776827474,601455450,robot_3,-2.321,-4.165
1776827474,801480048,robot_4,1.476,-4.666
1776827474,801497760,robot_1,2.810,2.625
1776827474,801504457,robot_2,-0.110,-2.841
1776827474,801510689,robot_0,2.153,-4.145
1776827474,801515764,robot_3,-2.322,-4.165
1776827475,2199256,robot_4,1.476,-4.666
1776827475,2225406,robot_1,2.810,2.624
1776827475,2236837,robot_2,-0.109,-2.841
1776827475,2246190,robot_0,2.153,-4.145
1776827475,2255019,robot_3,-2.322,-4.166
1776827475,221557893,robot_4,1.477,-4.666
1776827475,221578665,robot_1,2.810,2.624
1776827475,221587139,robot_2,-0.109,-2.840
1776827475,221594068,robot_0,2.152,-4.144
1776827475,221600498,robot_3,-2.322,-4.166
1776827475,422574857,robot_4,1.477,-4.666
1776827475,422602413,robot_1,2.809,2.624
1776827475,422611586,robot_2,-0.109,-2.840
1776827475,422619193,robot_0,2.152,-4.144
1776827475,422626274,robot_3,-2.323,-4.166
1776827475,623250148,robot_4,1.478,-4.666
1776827475,623275233,robot_1,2.809,2.623
1776827475,623286856,robot_2,-0.108,-2.840
1776827475,623297132,robot_0,2.152,-4.144
1776827475,623306441,robot_3,-2.323,-4.167
1776827475,842673637,robot_4,1.472,-4.665
1776827475,842691684,robot_1,2.808,2.623
1776827475,842697967,robot_2,-0.108,-2.840
1776827475,842703752,robot_0,2.152,-4.144
1776827475,842709516,robot_3,-2.323,-4.167
1776827476,62559684,robot_4,1.469,-4.668
1776827476,62589558,robot_1,2.807,2.623
1776827476,62604850,robot_2,-0.107,-2.839
1776827476,62617253,robot_0,2.152,-4.144
1776827476,62629130,robot_3,-2.323,-4.167
1776827476,282109938,robot_4,1.466,-4.670
1776827476,282140386,robot_1,2.807,2.623
1776827476,282154355,robot_2,-0.107,-2.840
1776827476,282166555,robot_0,2.152,-4.144
1776827476,282177452,robot_3,-2.323,-4.168
1776827476,482999406,robot_4,1.462,-4.671
1776827476,483019051,robot_1,2.811,2.639
1776827476,483026829,robot_2,-0.106,-2.840
1776827476,483033664,robot_0,2.152,-4.143
1776827476,483040069,robot_3,-2.323,-4.168
1776827476,702587555,robot_4,1.461,-4.672
1776827476,702607045,robot_1,2.826,2.702
1776827476,702614827,robot_2,-0.106,-2.840
1776827476,702622280,robot_0,2.151,-4.143
1776827476,702628271,robot_3,-2.323,-4.168
1776827476,903390603,robot_4,1.461,-4.672
1776827476,903413502,robot_1,2.835,2.741
1776827476,903422519,robot_2,-0.106,-2.840
1776827476,903430672,robot_0,2.151,-4.142
1776827476,903438268,robot_3,-2.323,-4.168
1776827477,123168820,robot_4,1.460,-4.672
1776827477,123189898,robot_1,2.840,2.761
1776827477,123199106,robot_2,-0.106,-2.840
1776827477,123206731,robot_0,2.152,-4.142
1776827477,123213869,robot_3,-2.323,-4.168
1776827477,323557992,robot_4,1.458,-4.672
1776827477,323588282,robot_1,2.840,2.762
1776827477,323599574,robot_2,-0.106,-2.840
1776827477,323608087,robot_0,2.152,-4.141
1776827477,323616062,robot_3,-2.323,-4.168
1776827477,542786322,robot_4,1.454,-4.672
1776827477,542815802,robot_1,2.839,2.762
1776827477,542830797,robot_2,-0.105,-2.840
1776827477,542844202,robot_0,2.152,-4.141
1776827477,542856351,robot_3,-2.323,-4.167
1776827477,742919417,robot_4,1.450,-4.671
1776827477,742939739,robot_1,2.839,2.762
1776827477,742947089,robot_2,-0.105,-2.841
1776827477,742953371,robot_0,2.152,-4.140
1776827477,742959020,robot_3,-2.322,-4.167
1776827477,944056524,robot_4,1.457,-4.664
1776827477,944077859,robot_1,2.839,2.763
1776827477,944085994,robot_2,-0.105,-2.841
1776827477,944093128,robot_0,2.153,-4.140
1776827477,944099491,robot_3,-2.322,-4.166
1776827478,161076758,robot_4,1.461,-4.664
1776827478,161093634,robot_1,2.838,2.763
1776827478,161099928,robot_2,-0.104,-2.841
1776827478,161105118,robot_0,2.153,-4.140
1776827478,161110268,robot_3,-2.322,-4.166
1776827478,362762718,robot_4,1.462,-4.667
1776827478,362790402,robot_1,2.838,2.764
1776827478,362802723,robot_2,-0.104,-2.842
1776827478,362813069,robot_0,2.153,-4.140
1776827478,362823791,robot_3,-2.321,-4.166
1776827478,581949484,robot_4,1.463,-4.669
1776827478,581972374,robot_1,2.838,2.764
1776827478,581981131,robot_2,-0.104,-2.842
1776827478,581989377,robot_0,2.153,-4.140
1776827478,581996879,robot_3,-2.321,-4.165
1776827478,802302469,robot_4,1.463,-4.672
1776827478,802322576,robot_1,2.838,2.765
1776827478,802330632,robot_2,-0.104,-2.843
1776827478,802338444,robot_0,2.153,-4.140
1776827478,802345623,robot_3,-2.321,-4.165
1776827479,21294056,robot_4,1.462,-4.674
1776827479,21312907,robot_1,2.838,2.765
1776827479,21320092,robot_2,-0.131,-2.837
1776827479,21326171,robot_0,2.154,-4.140
1776827479,21332224,robot_3,-2.318,-4.176
1776827479,222292564,robot_4,1.462,-4.674
1776827479,222309796,robot_1,2.838,2.765
1776827479,222316966,robot_2,-0.171,-2.825
1776827479,222323252,robot_0,2.154,-4.140
1776827479,222328859,robot_3,-2.303,-4.244
1776827479,442251534,robot_4,1.462,-4.674
1776827479,442270325,robot_1,2.838,2.765
1776827479,442276825,robot_2,-0.193,-2.823
1776827479,442282367,robot_0,2.155,-4.140
1776827479,442287705,robot_3,-2.292,-4.294
1776827479,642918224,robot_4,1.462,-4.675
1776827479,642943646,robot_1,2.838,2.765
1776827479,642952389,robot_2,-0.197,-2.823
1776827479,642961182,robot_0,2.155,-4.140
1776827479,642968672,robot_3,-2.287,-4.318
1776827479,862821949,robot_4,1.461,-4.677
1776827479,862850042,robot_1,2.838,2.766
1776827479,862864081,robot_2,-0.196,-2.826
1776827479,862877150,robot_0,2.156,-4.140
1776827479,862889095,robot_3,-2.287,-4.318
1776827480,63260477,robot_4,1.450,-4.666
1776827480,63290067,robot_1,2.839,2.766
1776827480,63303403,robot_2,-0.186,-2.839
1776827480,63315810,robot_0,2.156,-4.141
1776827480,63327842,robot_3,-2.287,-4.318
1776827480,263864458,robot_4,1.444,-4.664
1776827480,263896809,robot_1,2.839,2.767
1776827480,263925326,robot_2,-0.174,-2.853
1776827480,263939720,robot_0,2.156,-4.141
1776827480,263951751,robot_3,-2.286,-4.318
1776827480,483035859,robot_4,1.441,-4.665
1776827480,483067288,robot_1,2.840,2.767
1776827480,483082640,robot_2,-0.159,-2.866
1776827480,483095492,robot_0,2.156,-4.141
1776827480,483107247,robot_3,-2.286,-4.319
1776827480,701928777,robot_4,1.439,-4.666
1776827480,701953258,robot_1,2.840,2.767
1776827480,701963298,robot_2,-0.141,-2.872
1776827480,701971172,robot_0,2.156,-4.141
1776827480,701979172,robot_3,-2.285,-4.319
1776827480,902271463,robot_4,1.436,-4.666
1776827480,902299307,robot_1,2.841,2.767
1776827480,902310689,robot_2,-0.127,-2.869
1776827480,902320494,robot_0,2.156,-4.141
1776827480,902329348,robot_3,-2.285,-4.319
1776827481,121053394,robot_4,1.434,-4.666
1776827481,121071263,robot_1,2.841,2.767
1776827481,121078411,robot_2,-0.126,-2.869
1776827481,121084637,robot_0,2.157,-4.141
1776827481,121089810,robot_3,-2.285,-4.320
1776827481,322462957,robot_4,1.432,-4.665
1776827481,322481042,robot_1,2.842,2.767
1776827481,322487981,robot_2,-0.126,-2.869
1776827481,322493620,robot_0,2.157,-4.142
1776827481,322498488,robot_3,-2.284,-4.320
1776827481,541326502,robot_4,1.432,-4.665
1776827481,541343703,robot_1,2.842,2.767
1776827481,541350265,robot_2,-0.127,-2.868
1776827481,541355657,robot_0,2.157,-4.142
1776827481,541360746,robot_3,-2.284,-4.321
1776827481,742172565,robot_4,1.432,-4.665
1776827481,742189099,robot_1,2.842,2.767
1776827481,742195836,robot_2,-0.127,-2.868
1776827481,742201173,robot_0,2.157,-4.143
1776827481,742206102,robot_3,-2.284,-4.321
1776827481,961551817,robot_4,1.432,-4.665
1776827481,961574256,robot_1,2.842,2.767
1776827481,961583641,robot_2,-0.127,-2.868
1776827481,961591671,robot_0,2.157,-4.143
1776827481,961599275,robot_3,-2.284,-4.321
1776827482,180850068,robot_4,1.432,-4.665
1776827482,180867212,robot_1,2.842,2.767
1776827482,180873648,robot_2,-0.127,-2.868
1776827482,180879438,robot_0,2.156,-4.144
1776827482,180884803,robot_3,-2.284,-4.321
1776827482,383415396,robot_4,1.432,-4.664
1776827482,383435288,robot_1,2.841,2.767
1776827482,383441664,robot_2,-0.127,-2.868
1776827482,383447352,robot_0,2.156,-4.144
1776827482,383452754,robot_3,-2.284,-4.321
1776827482,600985768,robot_4,1.433,-4.663
1776827482,601003037,robot_1,2.841,2.767
1776827482,601009889,robot_2,-0.128,-2.868
1776827482,601015583,robot_0,2.156,-4.145
1776827482,601020822,robot_3,-2.284,-4.322
1776827482,801175039,robot_4,1.433,-4.663
1776827482,801196942,robot_1,2.840,2.767
1776827482,801205489,robot_2,-0.128,-2.868
1776827482,801213186,robot_0,2.155,-4.145
1776827482,801220904,robot_3,-2.284,-4.322
1776827483,22170793,robot_4,1.434,-4.663
1776827483,22202204,robot_1,2.840,2.766
1776827483,22216078,robot_2,-0.128,-2.867
1776827483,22228942,robot_0,2.136,-4.113
1776827483,22240421,robot_3,-2.285,-4.322
1776827483,241685532,robot_4,1.434,-4.663
1776827483,241702490,robot_1,2.840,2.766
1776827483,241709510,robot_2,-0.129,-2.867
1776827483,241715185,robot_0,2.098,-4.053
1776827483,241720009,robot_3,-2.285,-4.323
1776827483,461332992,robot_4,1.435,-4.663
1776827483,461350710,robot_1,2.839,2.766
1776827483,461357469,robot_2,-0.128,-2.871
1776827483,461362846,robot_0,2.074,-4.016
1776827483,461368486,robot_3,-2.286,-4.323
1776827483,662587851,robot_4,1.435,-4.663
1776827483,662608332,robot_1,2.839,2.765
1776827483,662617289,robot_2,-0.128,-2.871
1776827483,662624660,robot_0,2.051,-3.993
1776827483,662643461,robot_3,-2.286,-4.323
1776827483,883085749,robot_4,1.436,-4.663
1776827483,883120105,robot_1,2.839,2.765
1776827483,883136437,robot_2,-0.128,-2.870
1776827483,883150146,robot_0,2.013,-3.968
1776827483,883161931,robot_3,-2.286,-4.323
1776827484,101570399,robot_4,1.436,-4.663
1776827484,101590350,robot_1,2.839,2.765
1776827484,101598581,robot_2,-0.128,-2.870
1776827484,101605779,robot_0,1.976,-3.936
1776827484,101613283,robot_3,-2.287,-4.323
1776827484,302145266,robot_4,1.436,-4.663
1776827484,302173774,robot_1,2.839,2.765
1776827484,302182572,robot_2,-0.128,-2.870
1776827484,302190079,robot_0,1.941,-3.905
1776827484,302196785,robot_3,-2.287,-4.323
1776827484,522882086,robot_4,1.436,-4.663
1776827484,522907643,robot_1,2.839,2.765
1776827484,522927033,robot_2,-0.127,-2.870
1776827484,522937800,robot_0,1.904,-3.874
1776827484,522947490,robot_3,-2.287,-4.323
1776827484,740775212,robot_4,1.436,-4.663
1776827484,740792586,robot_1,2.839,2.766
1776827484,740799119,robot_2,-0.127,-2.870
1776827484,740804918,robot_0,1.877,-3.850
1776827484,740810028,robot_3,-2.287,-4.323
1776827484,941477869,robot_4,1.437,-4.664
1776827484,941497017,robot_1,2.840,2.766
1776827484,941504288,robot_2,-0.127,-2.869
1776827484,941509698,robot_0,1.876,-3.851
1776827484,941514704,robot_3,-2.288,-4.323
1776827485,142637959,robot_4,1.437,-4.664
1776827485,142671327,robot_1,2.840,2.766
1776827485,142684205,robot_2,-0.127,-2.869
1776827485,142695107,robot_0,1.877,-3.850
1776827485,142704168,robot_3,-2.288,-4.323
1776827485,363196665,robot_4,1.437,-4.664
1776827485,363217680,robot_1,2.841,2.767
1776827485,363225964,robot_2,-0.126,-2.868
1776827485,363232950,robot_0,1.877,-3.850
1776827485,363239118,robot_3,-2.288,-4.323
1776827485,563693466,robot_4,1.437,-4.665
1776827485,563724112,robot_1,2.841,2.767
1776827485,563739514,robot_2,-0.126,-2.868
1776827485,563752789,robot_0,1.877,-3.850
1776827485,563764774,robot_3,-2.289,-4.323
1776827485,783698087,robot_4,1.437,-4.665
1776827485,783728709,robot_1,2.842,2.767
1776827485,783743425,robot_2,-0.125,-2.868
1776827485,783756055,robot_0,1.874,-3.867
1776827485,783768084,robot_3,-2.289,-4.322
1776827486,2268446,robot_4,1.437,-4.666
1776827486,2287818,robot_1,2.842,2.767
1776827486,2295507,robot_2,-0.125,-2.868
1776827486,2302802,robot_0,1.872,-3.887
1776827486,2308878,robot_3,-2.289,-4.322
1776827486,202448882,robot_4,1.437,-4.666
1776827486,202465319,robot_1,2.843,2.767
1776827486,202471578,robot_2,-0.124,-2.868
1776827486,202477368,robot_0,1.872,-3.894
1776827486,202482795,robot_3,-2.289,-4.321
1776827486,402656508,robot_4,1.437,-4.667
1776827486,402689273,robot_1,2.843,2.766
1776827486,402703287,robot_2,-0.124,-2.868
1776827486,402715962,robot_0,1.872,-3.893
1776827486,402727265,robot_3,-2.289,-4.321
1776827486,621165332,robot_4,1.437,-4.667
1776827486,621181505,robot_1,2.843,2.766
1776827486,621188472,robot_2,-0.124,-2.868
1776827486,621193794,robot_0,1.872,-3.893
1776827486,621198625,robot_3,-2.289,-4.321
1776827486,823486913,robot_4,1.437,-4.667
1776827486,823513574,robot_1,2.843,2.766
1776827486,823525958,robot_2,-0.124,-2.868
1776827486,823537709,robot_0,1.872,-3.893
1776827486,823547547,robot_3,-2.289,-4.321
1776827487,41074364,robot_4,1.437,-4.667
1776827487,41096584,robot_1,2.842,2.767
1776827487,41105214,robot_2,-0.124,-2.868
1776827487,41113055,robot_0,1.872,-3.893
1776827487,41119945,robot_3,-2.289,-4.321
1776827487,242679658,robot_4,1.440,-4.663
1776827487,242710982,robot_1,2.842,2.767
1776827487,242725948,robot_2,-0.123,-2.869
1776827487,242738100,robot_0,1.872,-3.893
1776827487,242749366,robot_3,-2.289,-4.320
1776827487,462464163,robot_4,1.440,-4.663
1776827487,462482544,robot_1,2.841,2.766
1776827487,462489798,robot_2,-0.123,-2.869
1776827487,462495687,robot_0,1.872,-3.893
1776827487,462501370,robot_3,-2.289,-4.320
1776827487,662596024,robot_4,1.440,-4.664
1776827487,662616969,robot_1,2.841,2.766
1776827487,662625879,robot_2,-0.123,-2.869
1776827487,662633474,robot_0,1.872,-3.894
1776827487,662639976,robot_3,-2.289,-4.319
1776827487,862935301,robot_4,1.439,-4.664
1776827487,862974489,robot_1,2.841,2.766
1776827487,862995683,robot_2,-0.122,-2.870
1776827487,863014104,robot_0,1.872,-3.894
1776827487,863031055,robot_3,-2.289,-4.319
1776827488,82784478,robot_4,1.439,-4.664
1776827488,82803799,robot_1,2.840,2.766
1776827488,82811093,robot_2,-0.122,-2.870
1776827488,82817102,robot_0,1.872,-3.895
1776827488,82823178,robot_3,-2.288,-4.319
1776827488,302042920,robot_4,1.438,-4.664
1776827488,302075579,robot_1,2.840,2.765
1776827488,302088602,robot_2,-0.122,-2.871
1776827488,302099623,robot_0,1.871,-3.895
1776827488,302109257,robot_3,-2.288,-4.318
1776827488,522241580,robot_4,1.438,-4.664
1776827488,522258386,robot_1,2.840,2.765
1776827488,522264819,robot_2,-0.122,-2.871
1776827488,522270186,robot_0,1.871,-3.895
1776827488,522275108,robot_3,-2.287,-4.318
1776827488,741025215,robot_4,1.438,-4.664
1776827488,741041600,robot_1,2.840,2.764
1776827488,741048443,robot_2,-0.122,-2.872
1776827488,741054176,robot_0,1.871,-3.896
1776827488,741059700,robot_3,-2.287,-4.318
1776827488,942130583,robot_4,1.451,-4.634
1776827488,942152422,robot_1,2.840,2.764
1776827488,942161163,robot_2,-0.133,-2.869
1776827488,942169014,robot_0,1.870,-3.896
1776827488,942175832,robot_3,-2.287,-4.318
1776827489,163026218,robot_4,1.478,-4.573
1776827489,163056264,robot_1,2.840,2.764
1776827489,163073731,robot_2,-0.182,-2.854
1776827489,163089731,robot_0,1.870,-3.896
1776827489,163104434,robot_3,-2.287,-4.318
1776827489,381552464,robot_4,1.497,-4.533
1776827489,381571311,robot_1,2.840,2.765
1776827489,381578805,robot_2,-0.204,-2.851
1776827489,381585026,robot_0,1.870,-3.896
1776827489,381590550,robot_3,-2.287,-4.318
1776827489,582043880,robot_4,1.518,-4.486
1776827489,582061895,robot_1,2.840,2.765
1776827489,582068452,robot_2,-0.212,-2.849
1776827489,582074040,robot_0,1.870,-3.896
1776827489,582079206,robot_3,-2.287,-4.318
1776827489,801402226,robot_4,1.539,-4.439
1776827489,801423456,robot_1,2.840,2.766
1776827489,801433539,robot_2,-0.213,-2.850
1776827489,801441483,robot_0,1.870,-3.896
1776827489,801448809,robot_3,-2.287,-4.318
1776827490,1752711,robot_4,1.555,-4.404
1776827490,1773659,robot_1,2.841,2.766
1776827490,1782467,robot_2,-0.208,-2.860
1776827490,1790460,robot_0,1.870,-3.896
1776827490,1797517,robot_3,-2.288,-4.319
1776827490,221109110,robot_4,1.570,-4.371
1776827490,221128125,robot_1,2.841,2.766
1776827490,221135377,robot_2,-0.195,-2.875
1776827490,221140888,robot_0,1.871,-3.896
1776827490,221146803,robot_3,-2.288,-4.319
1776827490,421520443,robot_4,1.585,-4.337
1776827490,421540271,robot_1,2.842,2.766
1776827490,421546617,robot_2,-0.183,-2.888
1776827490,421552059,robot_0,1.871,-3.895
1776827490,421557001,robot_3,-2.288,-4.319
1776827490,622110795,robot_4,1.602,-4.304
1776827490,622135880,robot_1,2.842,2.766
1776827490,622146843,robot_2,-0.168,-2.898
1776827490,622156016,robot_0,1.870,-3.866
1776827490,622164343,robot_3,-2.288,-4.320
1776827490,822135248,robot_4,1.617,-4.263
1776827490,822163264,robot_1,2.843,2.766
1776827490,822176306,robot_2,-0.150,-2.898
1776827490,822186485,robot_0,1.844,-3.831
1776827490,822196503,robot_3,-2.289,-4.320
1776827491,41347046,robot_4,1.626,-4.231
1776827491,41364997,robot_1,2.843,2.766
1776827491,41372071,robot_2,-0.144,-2.896
1776827491,41377813,robot_0,1.810,-3.793
1776827491,41383223,robot_3,-2.289,-4.321
1776827491,243345428,robot_4,1.632,-4.212
1776827491,243366372,robot_1,2.844,2.766
1776827491,243374939,robot_2,-0.144,-2.896
1776827491,243382537,robot_0,1.779,-3.761
1776827491,243389521,robot_3,-2.289,-4.321
1776827491,462043448,robot_4,1.636,-4.202
1776827491,462061329,robot_1,2.844,2.766
1776827491,462067513,robot_2,-0.145,-2.896
1776827491,462072913,robot_0,1.757,-3.741
1776827491,462078262,robot_3,-2.289,-4.321
1776827491,663282546,robot_4,1.637,-4.201
1776827491,663313288,robot_1,2.843,2.766
1776827491,663327723,robot_2,-0.145,-2.896
1776827491,663340081,robot_0,1.753,-3.738
1776827491,663351076,robot_3,-2.289,-4.321
1776827491,863339151,robot_4,1.637,-4.201
1776827491,863369791,robot_1,2.843,2.766
1776827491,863383954,robot_2,-0.145,-2.896
1776827491,863396176,robot_0,1.753,-3.738
1776827491,863408686,robot_3,-2.289,-4.321
1776827492,63857074,robot_4,1.638,-4.200
1776827492,63886396,robot_1,2.843,2.766
1776827492,63899367,robot_2,-0.145,-2.896
1776827492,63911103,robot_0,1.745,-3.734
1776827492,63926291,robot_3,-2.289,-4.320
1776827492,281396578,robot_4,1.635,-4.207
1776827492,281416285,robot_1,2.842,2.766
1776827492,281423656,robot_2,-0.145,-2.896
1776827492,281430195,robot_0,1.721,-3.723
1776827492,281435938,robot_3,-2.288,-4.320
1776827492,483270120,robot_4,1.631,-4.229
1776827492,483300712,robot_1,2.842,2.766
1776827492,483315927,robot_2,-0.146,-2.896
1776827492,483329771,robot_0,1.701,-3.716
1776827492,483341976,robot_3,-2.288,-4.320
1776827492,702300020,robot_4,1.633,-4.252
1776827492,702321095,robot_1,2.841,2.765
1776827492,702328827,robot_2,-0.146,-2.896
1776827492,702335325,robot_0,1.681,-3.711
1776827492,702341159,robot_3,-2.288,-4.319
1776827492,922070525,robot_4,1.646,-4.274
1776827492,922090489,robot_1,2.841,2.765
1776827492,922096746,robot_2,-0.147,-2.895
1776827492,922103002,robot_0,1.669,-3.713
1776827492,922107913,robot_3,-2.287,-4.319
1776827493,140953043,robot_4,1.655,-4.278
1776827493,140970298,robot_1,2.841,2.765
1776827493,140976628,robot_2,-0.147,-2.895
1776827493,140981825,robot_0,1.672,-3.719
1776827493,140987401,robot_3,-2.287,-4.319
1776827493,342257314,robot_4,1.657,-4.276
1776827493,342280423,robot_1,2.840,2.764
1776827493,342290661,robot_2,-0.147,-2.897
1776827493,342299361,robot_0,1.675,-3.718
1776827493,342306690,robot_3,-2.286,-4.319
1776827493,543442259,robot_4,1.660,-4.274
1776827493,543464598,robot_1,2.840,2.764
1776827493,543474383,robot_2,-0.146,-2.899
1776827493,543482259,robot_0,1.677,-3.716
1776827493,543490300,robot_3,-2.286,-4.318
1776827493,762778402,robot_4,1.664,-4.274
1776827493,762808067,robot_1,2.840,2.764
1776827493,762819078,robot_2,-0.146,-2.899
1776827493,762828868,robot_0,1.676,-3.714
1776827493,762837517,robot_3,-2.286,-4.318
1776827493,982603695,robot_4,1.667,-4.274
1776827493,982623529,robot_1,2.840,2.764
1776827493,982632125,robot_2,-0.146,-2.898
1776827493,982639347,robot_0,1.676,-3.713
1776827493,982645494,robot_3,-2.286,-4.318
1776827494,182651509,robot_4,1.667,-4.275
1776827494,182674348,robot_1,2.840,2.764
1776827494,182684631,robot_2,-0.146,-2.898
1776827494,182693405,robot_0,1.676,-3.713
1776827494,182700756,robot_3,-2.286,-4.318
1776827494,401887468,robot_4,1.667,-4.275
1776827494,401908068,robot_1,2.841,2.765
1776827494,401917734,robot_2,-0.146,-2.898
1776827494,401923921,robot_0,1.676,-3.713
1776827494,401929093,robot_3,-2.286,-4.319
1776827494,602945600,robot_4,1.668,-4.275
1776827494,602979118,robot_1,2.841,2.765
1776827494,602990303,robot_2,-0.146,-2.898
1776827494,602999998,robot_0,1.675,-3.713
1776827494,603007893,robot_3,-2.287,-4.319
1776827494,820974095,robot_4,1.671,-4.275
1776827494,820991403,robot_1,2.842,2.765
1776827494,820997559,robot_2,-0.146,-2.898
1776827494,821003312,robot_0,1.675,-3.712
1776827494,821008816,robot_3,-2.287,-4.319
1776827495,23564737,robot_4,1.672,-4.277
1776827495,23590149,robot_1,2.842,2.766
1776827495,23603202,robot_2,-0.145,-2.897
1776827495,23613899,robot_0,1.675,-3.713
1776827495,23623877,robot_3,-2.287,-4.319
1776827495,242341336,robot_4,1.656,-4.299
1776827495,242371402,robot_1,2.843,2.766
1776827495,242386360,robot_2,-0.145,-2.897
1776827495,242398796,robot_0,1.665,-3.713
1776827495,242410295,robot_3,-2.288,-4.320
1776827495,462265981,robot_4,1.653,-4.301
1776827495,462284278,robot_1,2.843,2.766
1776827495,462290786,robot_2,-0.144,-2.897
1776827495,462296284,robot_0,1.664,-3.713
1776827495,462301177,robot_3,-2.288,-4.320
1776827495,662317139,robot_4,1.654,-4.301
1776827495,662348999,robot_1,2.844,2.766
1776827495,662366637,robot_2,-0.144,-2.897
1776827495,662381316,robot_0,1.663,-3.713
1776827495,662394776,robot_3,-2.288,-4.320
1776827495,863336575,robot_4,1.654,-4.300
1776827495,863364401,robot_1,2.844,2.766
1776827495,863377492,robot_2,-0.144,-2.896
1776827495,863388101,robot_0,1.663,-3.713
1776827495,863398254,robot_3,-2.288,-4.321
1776827496,82401217,robot_4,1.655,-4.301
1776827496,82426889,robot_1,2.844,2.766
1776827496,82438269,robot_2,-0.143,-2.896
1776827496,82448559,robot_0,1.663,-3.713
1776827496,82457949,robot_3,-2.288,-4.321
1776827496,301115641,robot_4,1.656,-4.301
1776827496,301141726,robot_1,2.844,2.766
1776827496,301149021,robot_2,-0.143,-2.897
1776827496,301154716,robot_0,1.663,-3.713
1776827496,301160425,robot_3,-2.288,-4.321
1776827496,502043876,robot_4,1.656,-4.301
1776827496,502068497,robot_1,2.844,2.766
1776827496,502081693,robot_2,-0.142,-2.897
1776827496,502091508,robot_0,1.666,-3.716
1776827496,502099633,robot_3,-2.288,-4.321
1776827496,702262731,robot_4,1.658,-4.302
1776827496,702297052,robot_1,2.844,2.766
1776827496,702309980,robot_2,-0.142,-2.897
1776827496,702321221,robot_0,1.714,-3.737
1776827496,702331393,robot_3,-2.288,-4.321
1776827496,922154222,robot_4,1.658,-4.303
1776827496,922173284,robot_1,2.843,2.766
1776827496,922179983,robot_2,-0.142,-2.897
1776827496,922185944,robot_0,1.764,-3.751
1776827496,922190814,robot_3,-2.288,-4.320
1776827497,122598958,robot_4,1.659,-4.303
1776827497,122616580,robot_1,2.843,2.765
1776827497,122624089,robot_2,-0.142,-2.897
1776827497,122629873,robot_0,1.792,-3.769
1776827497,122635222,robot_3,-2.288,-4.320
1776827497,343263170,robot_4,1.658,-4.302
1776827497,343288730,robot_1,2.842,2.765
1776827497,343299138,robot_2,-0.142,-2.897
1776827497,343308534,robot_0,1.798,-3.765
1776827497,343316924,robot_3,-2.287,-4.320
1776827497,562655853,robot_4,1.653,-4.303
1776827497,562682192,robot_1,2.842,2.765
1776827497,562694282,robot_2,-0.141,-2.898
1776827497,562704701,robot_0,1.820,-3.748
1776827497,562714190,robot_3,-2.287,-4.319
1776827497,783267108,robot_4,1.645,-4.308
1776827497,783289964,robot_1,2.841,2.764
1776827497,783299829,robot_2,-0.141,-2.898
1776827497,783308774,robot_0,1.823,-3.746
1776827497,783317093,robot_3,-2.286,-4.319
1776827497,984739754,robot_4,1.622,-4.325
1776827497,984768916,robot_1,2.841,2.764
1776827497,984783191,robot_2,-0.141,-2.898
1776827497,984796848,robot_0,1.825,-3.767
1776827497,984809015,robot_3,-2.286,-4.319
1776827498,202185780,robot_4,1.599,-4.340
1776827498,202221078,robot_1,2.841,2.764
1776827498,202234983,robot_2,-0.141,-2.899
1776827498,202246110,robot_0,1.827,-3.788
1776827498,202256162,robot_3,-2.285,-4.319
1776827498,402746918,robot_4,1.577,-4.354
1776827498,402777252,robot_1,2.841,2.763
1776827498,402790743,robot_2,-0.141,-2.900
1776827498,402802296,robot_0,1.830,-3.804
1776827498,402812704,robot_3,-2.285,-4.319
1776827498,603135247,robot_4,1.556,-4.366
1776827498,603155711,robot_1,2.841,2.763
1776827498,603164601,robot_2,-0.141,-2.900
1776827498,603171824,robot_0,1.838,-3.824
1776827498,603178400,robot_3,-2.285,-4.319
1776827498,823363791,robot_4,1.539,-4.375
1776827498,823381755,robot_1,2.841,2.764
1776827498,823388496,robot_2,-0.141,-2.900
1776827498,823394587,robot_0,1.848,-3.846
1776827498,823400124,robot_3,-2.285,-4.319
1776827499,23460780,robot_4,1.538,-4.375
1776827499,23485594,robot_1,2.841,2.764
1776827499,23495951,robot_2,-0.173,-2.890
1776827499,23505734,robot_0,1.863,-3.864
1776827499,23515284,robot_3,-2.285,-4.319
1776827499,241543981,robot_4,1.538,-4.375
1776827499,241566194,robot_1,2.842,2.764
1776827499,241575775,robot_2,-0.211,-2.886
1776827499,241583822,robot_0,1.867,-3.868
1776827499,241591146,robot_3,-2.285,-4.319
1776827499,441675918,robot_4,1.532,-4.377
1776827499,441700454,robot_1,2.842,2.765
1776827499,441710119,robot_2,-0.229,-2.880
1776827499,441716122,robot_0,1.869,-3.869
1776827499,441721347,robot_3,-2.286,-4.319
1776827499,641902981,robot_4,1.510,-4.385
1776827499,641923233,robot_1,2.842,2.765
1776827499,641930030,robot_2,-0.233,-2.880
1776827499,641935636,robot_0,1.867,-3.872
1776827499,641940527,robot_3,-2.286,-4.319
1776827499,843583820,robot_4,1.482,-4.391
1776827499,843616732,robot_1,2.843,2.765
1776827499,843627763,robot_2,-0.233,-2.880
1776827499,843637679,robot_0,1.868,-3.883
1776827499,843646397,robot_3,-2.286,-4.319
1776827500,62357528,robot_4,1.458,-4.393
1776827500,62375955,robot_1,2.843,2.765
1776827500,62382594,robot_2,-0.227,-2.893
1776827500,62389040,robot_0,1.888,-3.905
1776827500,62394322,robot_3,-2.287,-4.320
1776827500,281367289,robot_4,1.430,-4.392
1776827500,281392330,robot_1,2.844,2.765
1776827500,281399178,robot_2,-0.215,-2.909
1776827500,281405303,robot_0,1.906,-3.922
1776827500,281410867,robot_3,-2.287,-4.320
1776827500,482046677,robot_4,1.420,-4.391
1776827500,482070623,robot_1,2.845,2.765
1776827500,482080833,robot_2,-0.203,-2.922
1776827500,482089625,robot_0,1.911,-3.927
1776827500,482097776,robot_3,-2.287,-4.321
1776827500,701145122,robot_4,1.416,-4.390
1776827500,701163141,robot_1,2.845,2.765
1776827500,701170490,robot_2,-0.187,-2.931
1776827500,701176820,robot_0,1.911,-3.931
1776827500,701182519,robot_3,-2.287,-4.321
1776827500,902957137,robot_4,1.412,-4.389
1776827500,902981960,robot_1,2.845,2.765
1776827500,902990919,robot_2,-0.171,-2.931
1776827500,902998669,robot_0,1.910,-3.933
1776827500,903006491,robot_3,-2.287,-4.321
1776827501,121699113,robot_4,1.409,-4.388
1776827501,121718752,robot_1,2.845,2.765
1776827501,121726815,robot_2,-0.168,-2.930
1776827501,121733977,robot_0,1.909,-3.935
1776827501,121741265,robot_3,-2.287,-4.321
1776827501,322604911,robot_4,1.408,-4.387
1776827501,322624150,robot_1,2.845,2.765
1776827501,322631414,robot_2,-0.169,-2.930
1776827501,322637697,robot_0,1.908,-3.937
1776827501,322643799,robot_3,-2.287,-4.321
1776827501,541283658,robot_4,1.408,-4.387
1776827501,541299954,robot_1,2.846,2.765
1776827501,541306272,robot_2,-0.169,-2.930
1776827501,541311519,robot_0,1.908,-3.938
1776827501,541316345,robot_3,-2.287,-4.321
1776827501,761182770,robot_4,1.407,-4.387
1776827501,761199204,robot_1,2.846,2.764
1776827501,761205539,robot_2,-0.169,-2.930
1776827501,761210922,robot_0,1.908,-3.938
1776827501,761215627,robot_3,-2.287,-4.321
1776827501,962341271,robot_4,1.405,-4.385
1776827501,962367130,robot_1,2.846,2.764
1776827501,962378581,robot_2,-0.169,-2.930
1776827501,962389061,robot_0,1.908,-3.938
1776827501,962398589,robot_3,-2.287,-4.320
1776827502,162526248,robot_4,1.403,-4.382
1776827502,162548116,robot_1,2.847,2.763
1776827502,162557216,robot_2,-0.170,-2.930
1776827502,162565747,robot_0,1.908,-3.938
1776827502,162573122,robot_3,-2.286,-4.320
1776827502,362625391,robot_4,1.402,-4.379
1776827502,362656277,robot_1,2.847,2.763
1776827502,362670947,robot_2,-0.170,-2.930
1776827502,362684386,robot_0,1.908,-3.938
1776827502,362696799,robot_3,-2.286,-4.319
1776827502,562785389,robot_4,1.401,-4.376
1776827502,562824238,robot_1,2.847,2.762
1776827502,562845372,robot_2,-0.170,-2.930
1776827502,562863230,robot_0,1.908,-3.939
1776827502,562880001,robot_3,-2.286,-4.319
1776827502,763819102,robot_4,1.400,-4.373
1776827502,763858373,robot_1,2.847,2.762
1776827502,763879376,robot_2,-0.171,-2.929
1776827502,763898004,robot_0,1.908,-3.939
1776827502,763920888,robot_3,-2.285,-4.319
1776827502,982192687,robot_4,1.401,-4.370
1776827502,982213511,robot_1,2.846,2.761
1776827502,982222605,robot_2,-0.171,-2.929
1776827502,982229810,robot_0,1.908,-3.940
1776827502,982237244,robot_3,-2.285,-4.319
1776827503,182896108,robot_4,1.401,-4.368
1776827503,182937680,robot_1,2.846,2.761
1776827503,182952217,robot_2,-0.171,-2.928
1776827503,182964224,robot_0,1.908,-3.940
1776827503,182975995,robot_3,-2.284,-4.319
1776827503,383058960,robot_4,1.402,-4.366
1776827503,383092237,robot_1,2.818,2.773
1776827503,383107784,robot_2,-0.171,-2.932
1776827503,383121528,robot_0,1.907,-3.940
1776827503,383133978,robot_3,-2.284,-4.319
1776827503,601019062,robot_4,1.403,-4.364
1776827503,601038915,robot_1,2.780,2.788
1776827503,601045918,robot_2,-0.171,-2.933
1776827503,601051774,robot_0,1.907,-3.941
1776827503,601057097,robot_3,-2.284,-4.319
1776827503,801597347,robot_4,1.403,-4.364
1776827503,801614545,robot_1,2.743,2.803
1776827503,801621160,robot_2,-0.171,-2.932
1776827503,801626991,robot_0,1.907,-3.941
1776827503,801632579,robot_3,-2.284,-4.319
1776827504,22198637,robot_4,1.403,-4.364
1776827504,22215750,robot_1,2.706,2.818
1776827504,22222592,robot_2,-0.170,-2.932
1776827504,22228696,robot_0,1.906,-3.941
1776827504,22234231,robot_3,-2.285,-4.319
1776827504,222220400,robot_4,1.403,-4.364
1776827504,222238285,robot_1,2.670,2.832
1776827504,222245192,robot_2,-0.170,-2.932
1776827504,222251156,robot_0,1.906,-3.941
1776827504,222255890,robot_3,-2.285,-4.319
1776827504,442482842,robot_4,1.403,-4.364
1776827504,442506024,robot_1,2.623,2.851
1776827504,442514930,robot_2,-0.170,-2.932
1776827504,442522982,robot_0,1.906,-3.941
1776827504,442529706,robot_3,-2.285,-4.319
1776827504,662459377,robot_4,1.403,-4.363
1776827504,662485986,robot_1,2.547,2.882
1776827504,662497284,robot_2,-0.170,-2.932
1776827504,662506765,robot_0,1.906,-3.941
1776827504,662516132,robot_3,-2.286,-4.320
1776827504,862494279,robot_4,1.403,-4.363
1776827504,862520134,robot_1,2.504,2.899
1776827504,862532013,robot_2,-0.170,-2.931
1776827504,862543602,robot_0,1.906,-3.941
1776827504,862552974,robot_3,-2.286,-4.320
1776827505,81162621,robot_4,1.388,-4.356
1776827505,81179902,robot_1,2.455,2.919
1776827505,81186599,robot_2,-0.170,-2.931
1776827505,81192302,robot_0,1.927,-3.948
1776827505,81197378,robot_3,-2.286,-4.320
1776827505,282415862,robot_4,1.388,-4.355
1776827505,282445138,robot_1,2.401,2.942
1776827505,282459809,robot_2,-0.169,-2.931
1776827505,282471367,robot_0,1.931,-3.949
1776827505,282482137,robot_3,-2.286,-4.321
1776827505,502776456,robot_4,1.388,-4.355
1776827505,502796794,robot_1,2.360,2.961
1776827505,502805432,robot_2,-0.169,-2.930
1776827505,502812435,robot_0,1.930,-3.948
1776827505,502819092,robot_3,-2.286,-4.321
1776827505,722483316,robot_4,1.388,-4.354
1776827505,722502433,robot_1,2.309,2.984
1776827505,722509104,robot_2,-0.168,-2.930
1776827505,722515098,robot_0,1.930,-3.948
1776827505,722520365,robot_3,-2.286,-4.322
1776827505,941825151,robot_4,1.389,-4.354
1776827505,941843714,robot_1,2.257,3.007
1776827505,941850540,robot_2,-0.168,-2.930
1776827505,941856251,robot_0,1.929,-3.948
1776827505,941861398,robot_3,-2.286,-4.322
1776827506,161718798,robot_4,1.389,-4.354
1776827506,161738726,robot_1,2.217,3.026
1776827506,161746374,robot_2,-0.167,-2.930
1776827506,161753160,robot_0,1.929,-3.947
1776827506,161759730,robot_3,-2.286,-4.322
1776827506,362565282,robot_4,1.389,-4.354
1776827506,362594096,robot_1,2.184,3.040
1776827506,362606988,robot_2,-0.167,-2.930
1776827506,362617862,robot_0,1.929,-3.947
1776827506,362627749,robot_3,-2.286,-4.321
1776827506,581854463,robot_4,1.389,-4.354
1776827506,581875320,robot_1,2.146,3.057
1776827506,581884221,robot_2,-0.167,-2.931
1776827506,581892115,robot_0,1.929,-3.947
1776827506,581899024,robot_3,-2.286,-4.321
1776827506,801058071,robot_4,1.389,-4.354
1776827506,801083310,robot_1,2.107,3.074
1776827506,801091072,robot_2,-0.167,-2.931
1776827506,801097973,robot_0,1.929,-3.947
1776827506,801104228,robot_3,-2.286,-4.320
1776827507,21101754,robot_4,1.390,-4.354
1776827507,21120877,robot_1,2.084,3.083
1776827507,21128060,robot_2,-0.167,-2.931
1776827507,21134397,robot_0,1.929,-3.947
1776827507,21140521,robot_3,-2.285,-4.320
1776827507,221553354,robot_4,1.390,-4.354
1776827507,221571738,robot_1,2.052,3.097
1776827507,221579057,robot_2,-0.166,-2.931
1776827507,221585121,robot_0,1.929,-3.947
1776827507,221590926,robot_3,-2.285,-4.320
1776827507,422331002,robot_4,1.391,-4.354
1776827507,422355800,robot_1,2.013,3.113
1776827507,422366367,robot_2,-0.166,-2.931
1776827507,422374882,robot_0,1.930,-3.948
1776827507,422382679,robot_3,-2.285,-4.319
1776827507,622579421,robot_4,1.391,-4.354
1776827507,622601817,robot_1,1.969,3.132
1776827507,622611828,robot_2,-0.165,-2.932
1776827507,622620762,robot_0,1.930,-3.948
1776827507,622628493,robot_3,-2.284,-4.319
1776827507,822963288,robot_4,1.391,-4.354
1776827507,822982692,robot_1,1.929,3.148
1776827507,822990550,robot_2,-0.165,-2.932
1776827507,822997682,robot_0,1.930,-3.948
1776827507,823003644,robot_3,-2.284,-4.319
1776827508,40837802,robot_4,1.392,-4.354
1776827508,40854000,robot_1,1.886,3.164
1776827508,40860265,robot_2,-0.165,-2.933
1776827508,40865843,robot_0,1.931,-3.948
1776827508,40870980,robot_3,-2.283,-4.319
1776827508,242378962,robot_4,1.392,-4.354
1776827508,242404994,robot_1,1.843,3.181
1776827508,242416848,robot_2,-0.165,-2.933
1776827508,242427158,robot_0,1.931,-3.948
1776827508,242436537,robot_3,-2.283,-4.319
1776827508,461674302,robot_4,1.392,-4.355
1776827508,461699684,robot_1,1.801,3.197
1776827508,461709678,robot_2,-0.165,-2.934
1776827508,461718520,robot_0,1.932,-3.948
1776827508,461726545,robot_3,-2.283,-4.319
1776827508,663130072,robot_4,1.393,-4.355
1776827508,663158906,robot_1,1.756,3.215
1776827508,663173140,robot_2,-0.165,-2.934
1776827508,663186164,robot_0,1.932,-3.948
1776827508,663197872,robot_3,-2.283,-4.319
1776827508,863973896,robot_4,1.393,-4.355
1776827508,864011818,robot_1,1.695,3.240
1776827508,864033119,robot_2,-0.166,-2.934
1776827508,864051053,robot_0,1.932,-3.948
1776827508,864067730,robot_3,-2.283,-4.319
1776827509,81815802,robot_4,1.393,-4.355
1776827509,81848564,robot_1,1.652,3.259
1776827509,81863765,robot_2,-0.221,-2.913
1776827509,81876357,robot_0,1.932,-3.948
1776827509,81887297,robot_3,-2.282,-4.319
1776827509,282909022,robot_4,1.393,-4.355
1776827509,282935055,robot_1,1.620,3.274
1776827509,282942916,robot_2,-0.251,-2.911
1776827509,282949061,robot_0,1.932,-3.948
1776827509,282955470,robot_3,-2.282,-4.320
1776827509,482962394,robot_4,1.393,-4.356
1776827509,482979921,robot_1,1.591,3.287
1776827509,482986479,robot_2,-0.263,-2.907
1776827509,483006644,robot_0,1.932,-3.948
1776827509,483013694,robot_3,-2.282,-4.320
1776827509,701637145,robot_4,1.393,-4.356
1776827509,701657320,robot_1,1.552,3.305
1776827509,701664881,robot_2,-0.264,-2.909
1776827509,701672813,robot_0,1.931,-3.948
1776827509,701678883,robot_3,-2.281,-4.320
1776827509,901681124,robot_4,1.393,-4.357
1776827509,901701512,robot_1,1.513,3.324
1776827509,901708403,robot_2,-0.258,-2.920
1776827509,901714230,robot_0,1.931,-3.948
1776827509,901719870,robot_3,-2.281,-4.321
1776827510,121148946,robot_4,1.393,-4.357
1776827510,121166024,robot_1,1.469,3.344
1776827510,121172391,robot_2,-0.247,-2.936
1776827510,121177726,robot_0,1.930,-3.948
1776827510,121183354,robot_3,-2.281,-4.321
1776827510,322496454,robot_4,1.392,-4.358
1776827510,322526881,robot_1,1.432,3.359
1776827510,322541400,robot_2,-0.236,-2.951
1776827510,322554582,robot_0,1.930,-3.948
1776827510,322566345,robot_3,-2.281,-4.322
1776827510,541198012,robot_4,1.392,-4.358
1776827510,541214709,robot_1,1.381,3.381
1776827510,541221955,robot_2,-0.221,-2.962
1776827510,541228050,robot_0,1.930,-3.947
1776827510,541233292,robot_3,-2.281,-4.322
1776827510,763193987,robot_4,1.392,-4.358
1776827510,763232388,robot_1,1.332,3.401
1776827510,763253055,robot_2,-0.201,-2.964
1776827510,763270905,robot_0,1.929,-3.947
1776827510,763287692,robot_3,-2.281,-4.322
1776827510,982559999,robot_4,1.391,-4.358
1776827510,982580800,robot_1,1.291,3.418
1776827510,982589050,robot_2,-0.196,-2.963
1776827510,982597085,robot_0,1.929,-3.946
1776827510,982603902,robot_3,-2.281,-4.322
