[INFO] [launch]: All log files can be found below /home/ecem/.ros/log/2026-04-20-18-04-08-316391-ecem-pc-29789
[INFO] [launch]: Default logging verbosity is set to INFO
[INFO] [ign gazebo-1]: process started with pid [29804]
[INFO] [coverage_counter-2]: process started with pid [29806]
[INFO] [bump_counter-3]: process started with pid [29809]
[INFO] [parameter_bridge-4]: process started with pid [29811]
[INFO] [robot_state_publisher-5]: process started with pid [29813]
[INFO] [create-6]: process started with pid [29815]
[INFO] [robot_supervisor-7]: process started with pid [29818]
[INFO] [robot_state_publisher-8]: process started with pid [29821]
[INFO] [create-9]: process started with pid [29823]
[INFO] [robot_supervisor-10]: process started with pid [29825]
[INFO] [robot_state_publisher-11]: process started with pid [29827]
[INFO] [create-12]: process started with pid [29829]
[INFO] [robot_supervisor-13]: process started with pid [29831]
[INFO] [robot_state_publisher-14]: process started with pid [29833]
[INFO] [create-15]: process started with pid [29835]
[INFO] [robot_supervisor-16]: process started with pid [29837]
[INFO] [robot_state_publisher-17]: process started with pid [29839]
[INFO] [create-18]: process started with pid [29847]
[INFO] [robot_supervisor-19]: process started with pid [29849]
[INFO] [parameter_bridge-20]: process started with pid [29851]
[parameter_bridge-4] [ros_ign_bridge] is deprecated! Redirecting to use [ros_gz_bridge] instead!
[parameter_bridge-4] 
[create-6] [INFO] [1776701048.766530647] [robot_0.ros_gz_sim]: Requesting list of world names.
[create-18] [INFO] [1776701048.766530617] [robot_4.ros_gz_sim]: Requesting list of world names.
[create-15] [INFO] [1776701048.766552834] [robot_3.ros_gz_sim]: Requesting list of world names.
[create-9] [INFO] [1776701048.766871954] [robot_1.ros_gz_sim]: Requesting list of world names.
[create-12] [INFO] [1776701048.766861427] [robot_2.ros_gz_sim]: Requesting list of world names.
[parameter_bridge-4] [INFO] [1776701048.768725186] [all_robots_bridge]: Creating ROS->GZ Bridge: [/robot_0/cmd_vel (geometry_msgs/msg/Twist) -> /robot_0/cmd_vel (ignition.msgs.Twist)] (Lazy 0)
[robot_state_publisher-5] [INFO] [1776701048.771850799] [robot_0.robot_state_publisher]: got segment robot_0/antenna_link
[robot_state_publisher-5] [INFO] [1776701048.771970071] [robot_0.robot_state_publisher]: got segment robot_0/base_footprint
[robot_state_publisher-5] [INFO] [1776701048.771984215] [robot_0.robot_state_publisher]: got segment robot_0/base_link
[robot_state_publisher-5] [INFO] [1776701048.771994025] [robot_0.robot_state_publisher]: got segment robot_0/realsense_link
[robot_state_publisher-5] [INFO] [1776701048.772001699] [robot_0.robot_state_publisher]: got segment robot_0/rocker_L_link
[robot_state_publisher-5] [INFO] [1776701048.772009223] [robot_0.robot_state_publisher]: got segment robot_0/rocker_R_link
[robot_state_publisher-5] [INFO] [1776701048.772016835] [robot_0.robot_state_publisher]: got segment robot_0/wheel_FL_link
[robot_state_publisher-5] [INFO] [1776701048.772024403] [robot_0.robot_state_publisher]: got segment robot_0/wheel_FR_link
[robot_state_publisher-5] [INFO] [1776701048.772032100] [robot_0.robot_state_publisher]: got segment robot_0/wheel_RL_link
[robot_state_publisher-5] [INFO] [1776701048.772039748] [robot_0.robot_state_publisher]: got segment robot_0/wheel_RR_link
[parameter_bridge-4] [INFO] [1776701048.773528020] [all_robots_bridge]: Creating GZ->ROS Bridge: [/robot_0/odom (ignition.msgs.Odometry) -> /robot_0/odom (nav_msgs/msg/Odometry)] (Lazy 0)
[parameter_bridge-4] [INFO] [1776701048.774528657] [all_robots_bridge]: Creating GZ->ROS Bridge: [/robot_0/depth_camera/depth_image (ignition.msgs.Image) -> /robot_0/depth_camera/depth_image (sensor_msgs/msg/Image)] (Lazy 0)
[parameter_bridge-4] [INFO] [1776701048.775623088] [all_robots_bridge]: Creating GZ->ROS Bridge: [/world/random_world/model/robot_0/link/robot_0/base_footprint/sensor/contact_sensor/contact (ignition.msgs.Contacts) -> /world/random_world/model/robot_0/link/robot_0/base_footprint/sensor/contact_sensor/contact (ros_gz_interfaces/msg/Contacts)] (Lazy 0)
[robot_state_publisher-8] [INFO] [1776701048.779350744] [robot_1.robot_state_publisher]: got segment robot_1/antenna_link
[robot_state_publisher-8] [INFO] [1776701048.779412643] [robot_1.robot_state_publisher]: got segment robot_1/base_footprint
[robot_state_publisher-8] [INFO] [1776701048.779419213] [robot_1.robot_state_publisher]: got segment robot_1/base_link
[robot_state_publisher-8] [INFO] [1776701048.779423007] [robot_1.robot_state_publisher]: got segment robot_1/realsense_link
[robot_state_publisher-8] [INFO] [1776701048.779426268] [robot_1.robot_state_publisher]: got segment robot_1/rocker_L_link
[robot_state_publisher-8] [INFO] [1776701048.779429350] [robot_1.robot_state_publisher]: got segment robot_1/rocker_R_link
[robot_state_publisher-8] [INFO] [1776701048.779432416] [robot_1.robot_state_publisher]: got segment robot_1/wheel_FL_link
[robot_state_publisher-8] [INFO] [1776701048.779435410] [robot_1.robot_state_publisher]: got segment robot_1/wheel_FR_link
[robot_state_publisher-8] [INFO] [1776701048.779438787] [robot_1.robot_state_publisher]: got segment robot_1/wheel_RL_link
[robot_state_publisher-8] [INFO] [1776701048.779441926] [robot_1.robot_state_publisher]: got segment robot_1/wheel_RR_link
[parameter_bridge-4] [INFO] [1776701048.779994181] [all_robots_bridge]: Creating ROS->GZ Bridge: [/robot_1/cmd_vel (geometry_msgs/msg/Twist) -> /robot_1/cmd_vel (ignition.msgs.Twist)] (Lazy 0)
[parameter_bridge-4] [INFO] [1776701048.780452497] [all_robots_bridge]: Creating GZ->ROS Bridge: [/robot_1/odom (ignition.msgs.Odometry) -> /robot_1/odom (nav_msgs/msg/Odometry)] (Lazy 0)
[parameter_bridge-4] [INFO] [1776701048.780949840] [all_robots_bridge]: Creating GZ->ROS Bridge: [/robot_1/depth_camera/depth_image (ignition.msgs.Image) -> /robot_1/depth_camera/depth_image (sensor_msgs/msg/Image)] (Lazy 0)
[parameter_bridge-4] [INFO] [1776701048.781420406] [all_robots_bridge]: Creating GZ->ROS Bridge: [/world/random_world/model/robot_1/link/robot_1/base_footprint/sensor/contact_sensor/contact (ignition.msgs.Contacts) -> /world/random_world/model/robot_1/link/robot_1/base_footprint/sensor/contact_sensor/contact (ros_gz_interfaces/msg/Contacts)] (Lazy 0)
[parameter_bridge-4] [INFO] [1776701048.781961023] [all_robots_bridge]: Creating ROS->GZ Bridge: [/robot_2/cmd_vel (geometry_msgs/msg/Twist) -> /robot_2/cmd_vel (ignition.msgs.Twist)] (Lazy 0)
[parameter_bridge-4] [INFO] [1776701048.783559143] [all_robots_bridge]: Creating GZ->ROS Bridge: [/robot_2/odom (ignition.msgs.Odometry) -> /robot_2/odom (nav_msgs/msg/Odometry)] (Lazy 0)
[robot_state_publisher-11] [INFO] [1776701048.783872181] [robot_2.robot_state_publisher]: got segment robot_2/antenna_link
[robot_state_publisher-11] [INFO] [1776701048.783953196] [robot_2.robot_state_publisher]: got segment robot_2/base_footprint
[robot_state_publisher-11] [INFO] [1776701048.783965034] [robot_2.robot_state_publisher]: got segment robot_2/base_link
[robot_state_publisher-11] [INFO] [1776701048.783975378] [robot_2.robot_state_publisher]: got segment robot_2/realsense_link
[robot_state_publisher-11] [INFO] [1776701048.783982097] [robot_2.robot_state_publisher]: got segment robot_2/rocker_L_link
[robot_state_publisher-11] [INFO] [1776701048.783987851] [robot_2.robot_state_publisher]: got segment robot_2/rocker_R_link
[robot_state_publisher-11] [INFO] [1776701048.783994573] [robot_2.robot_state_publisher]: got segment robot_2/wheel_FL_link
[robot_state_publisher-11] [INFO] [1776701048.784001290] [robot_2.robot_state_publisher]: got segment robot_2/wheel_FR_link
[robot_state_publisher-11] [INFO] [1776701048.784008127] [robot_2.robot_state_publisher]: got segment robot_2/wheel_RL_link
[robot_state_publisher-11] [INFO] [1776701048.784013814] [robot_2.robot_state_publisher]: got segment robot_2/wheel_RR_link
[parameter_bridge-4] [INFO] [1776701048.784433344] [all_robots_bridge]: Creating GZ->ROS Bridge: [/robot_2/depth_camera/depth_image (ignition.msgs.Image) -> /robot_2/depth_camera/depth_image (sensor_msgs/msg/Image)] (Lazy 0)
[parameter_bridge-4] [INFO] [1776701048.785200209] [all_robots_bridge]: Creating GZ->ROS Bridge: [/world/random_world/model/robot_2/link/robot_2/base_footprint/sensor/contact_sensor/contact (ignition.msgs.Contacts) -> /world/random_world/model/robot_2/link/robot_2/base_footprint/sensor/contact_sensor/contact (ros_gz_interfaces/msg/Contacts)] (Lazy 0)
[parameter_bridge-4] [INFO] [1776701048.785812004] [all_robots_bridge]: Creating ROS->GZ Bridge: [/robot_3/cmd_vel (geometry_msgs/msg/Twist) -> /robot_3/cmd_vel (ignition.msgs.Twist)] (Lazy 0)
[parameter_bridge-4] [INFO] [1776701048.786289778] [all_robots_bridge]: Creating GZ->ROS Bridge: [/robot_3/odom (ignition.msgs.Odometry) -> /robot_3/odom (nav_msgs/msg/Odometry)] (Lazy 0)
[parameter_bridge-4] [INFO] [1776701048.787239116] [all_robots_bridge]: Creating GZ->ROS Bridge: [/robot_3/depth_camera/depth_image (ignition.msgs.Image) -> /robot_3/depth_camera/depth_image (sensor_msgs/msg/Image)] (Lazy 0)
[parameter_bridge-4] [INFO] [1776701048.788279195] [all_robots_bridge]: Creating GZ->ROS Bridge: [/world/random_world/model/robot_3/link/robot_3/base_footprint/sensor/contact_sensor/contact (ignition.msgs.Contacts) -> /world/random_world/model/robot_3/link/robot_3/base_footprint/sensor/contact_sensor/contact (ros_gz_interfaces/msg/Contacts)] (Lazy 0)
[parameter_bridge-4] [INFO] [1776701048.789035394] [all_robots_bridge]: Creating ROS->GZ Bridge: [/robot_4/cmd_vel (geometry_msgs/msg/Twist) -> /robot_4/cmd_vel (ignition.msgs.Twist)] (Lazy 0)
[parameter_bridge-4] [INFO] [1776701048.789579981] [all_robots_bridge]: Creating GZ->ROS Bridge: [/robot_4/odom (ignition.msgs.Odometry) -> /robot_4/odom (nav_msgs/msg/Odometry)] (Lazy 0)
[parameter_bridge-4] [INFO] [1776701048.790190405] [all_robots_bridge]: Creating GZ->ROS Bridge: [/robot_4/depth_camera/depth_image (ignition.msgs.Image) -> /robot_4/depth_camera/depth_image (sensor_msgs/msg/Image)] (Lazy 0)
[parameter_bridge-4] [INFO] [1776701048.790919166] [all_robots_bridge]: Creating GZ->ROS Bridge: [/world/random_world/model/robot_4/link/robot_4/base_footprint/sensor/contact_sensor/contact (ignition.msgs.Contacts) -> /world/random_world/model/robot_4/link/robot_4/base_footprint/sensor/contact_sensor/contact (ros_gz_interfaces/msg/Contacts)] (Lazy 0)
[parameter_bridge-4] [INFO] [1776701048.791611515] [all_robots_bridge]: Creating GZ->ROS Bridge: [/world/random_world/dynamic_pose/info (ignition.msgs.Pose_V) -> /world/random_world/dynamic_pose/info (tf2_msgs/msg/TFMessage)] (Lazy 0)
[robot_state_publisher-14] [INFO] [1776701048.793485690] [robot_3.robot_state_publisher]: got segment robot_3/antenna_link
[robot_state_publisher-14] [INFO] [1776701048.793599507] [robot_3.robot_state_publisher]: got segment robot_3/base_footprint
[robot_state_publisher-14] [INFO] [1776701048.793612963] [robot_3.robot_state_publisher]: got segment robot_3/base_link
[robot_state_publisher-14] [INFO] [1776701048.793622567] [robot_3.robot_state_publisher]: got segment robot_3/realsense_link
[robot_state_publisher-14] [INFO] [1776701048.793635064] [robot_3.robot_state_publisher]: got segment robot_3/rocker_L_link
[robot_state_publisher-14] [INFO] [1776701048.793643372] [robot_3.robot_state_publisher]: got segment robot_3/rocker_R_link
[robot_state_publisher-14] [INFO] [1776701048.793651058] [robot_3.robot_state_publisher]: got segment robot_3/wheel_FL_link
[robot_state_publisher-14] [INFO] [1776701048.793658730] [robot_3.robot_state_publisher]: got segment robot_3/wheel_FR_link
[robot_state_publisher-14] [INFO] [1776701048.793666048] [robot_3.robot_state_publisher]: got segment robot_3/wheel_RL_link
[robot_state_publisher-14] [INFO] [1776701048.793673317] [robot_3.robot_state_publisher]: got segment robot_3/wheel_RR_link
[robot_state_publisher-17] [INFO] [1776701048.795462287] [robot_4.robot_state_publisher]: got segment robot_4/antenna_link
[robot_state_publisher-17] [INFO] [1776701048.795850908] [robot_4.robot_state_publisher]: got segment robot_4/base_footprint
[robot_state_publisher-17] [INFO] [1776701048.795871687] [robot_4.robot_state_publisher]: got segment robot_4/base_link
[robot_state_publisher-17] [INFO] [1776701048.795881849] [robot_4.robot_state_publisher]: got segment robot_4/realsense_link
[robot_state_publisher-17] [INFO] [1776701048.795890008] [robot_4.robot_state_publisher]: got segment robot_4/rocker_L_link
[robot_state_publisher-17] [INFO] [1776701048.795897447] [robot_4.robot_state_publisher]: got segment robot_4/rocker_R_link
[robot_state_publisher-17] [INFO] [1776701048.795904965] [robot_4.robot_state_publisher]: got segment robot_4/wheel_FL_link
[robot_state_publisher-17] [INFO] [1776701048.796661762] [robot_4.robot_state_publisher]: got segment robot_4/wheel_FR_link
[robot_state_publisher-17] [INFO] [1776701048.796695647] [robot_4.robot_state_publisher]: got segment robot_4/wheel_RL_link
[robot_state_publisher-17] [INFO] [1776701048.796706245] [robot_4.robot_state_publisher]: got segment robot_4/wheel_RR_link
[parameter_bridge-20] [INFO] [1776701048.798422957] [clock_bridge]: Creating GZ->ROS Bridge: [/clock (ignition.msgs.Clock) -> /clock (rosgraph_msgs/msg/Clock)] (Lazy 0)
[bump_counter-3] [INFO] [1776701049.002207374] [bump_counter]: [global] global_mode=True cooldown(robot)=0.80s cooldown(obs)=0.50s Logging to /home/ecem/ros2_ws/src/Leo_sct/results_exp/explore/long/prompt_1/run_8/middle_circle/trial_3/run_20260420_180408/bumps_global_180408.csv
[robot_supervisor-13] [INFO] [1776701049.186657328] [robot_2.robot_supervisor]: Loaded initial mission 'explore' from explicit YAML explore_sup_gpt_long_1_run_8_105.yaml
[robot_supervisor-16] [INFO] [1776701049.244382718] [robot_3.robot_supervisor]: Loaded initial mission 'explore' from explicit YAML explore_sup_gpt_long_1_run_8_105.yaml
[robot_supervisor-10] [INFO] [1776701049.251223922] [robot_1.robot_supervisor]: Loaded initial mission 'explore' from explicit YAML explore_sup_gpt_long_1_run_8_105.yaml
[robot_supervisor-7] [INFO] [1776701049.252346736] [robot_0.robot_supervisor]: Loaded initial mission 'explore' from explicit YAML explore_sup_gpt_long_1_run_8_105.yaml
[robot_supervisor-13] [INFO] [1776701049.293590364] [robot_2.robot_supervisor]: Selected controllable event: EV_random_walk
[robot_supervisor-19] [INFO] [1776701049.322157704] [robot_4.robot_supervisor]: Loaded initial mission 'explore' from explicit YAML explore_sup_gpt_long_1_run_8_105.yaml
[parameter_bridge-4] [INFO] [1776701049.341341234] [all_robots_bridge]: Passing message from ROS geometry_msgs/msg/Twist to Gazebo gz.msgs.Twist (showing msg only once per type)
[robot_supervisor-16] [INFO] [1776701049.354094793] [robot_3.robot_supervisor]: Selected controllable event: EV_move_forward
[robot_supervisor-10] [INFO] [1776701049.358114959] [robot_1.robot_supervisor]: Selected controllable event: EV_move_forward
[robot_supervisor-7] [INFO] [1776701049.359716326] [robot_0.robot_supervisor]: Selected controllable event: EV_move_forward
[robot_supervisor-19] [INFO] [1776701049.428455673] [robot_4.robot_supervisor]: Selected controllable event: EV_random_walk
[create-9] [INFO] [1776701049.443198393] [robot_1.ros_gz_sim]: Waiting messages on topic [/robot_1/robot_description].
[create-15] [INFO] [1776701049.543572899] [robot_3.ros_gz_sim]: Waiting messages on topic [/robot_3/robot_description].
[robot_supervisor-13] [INFO] [1776701049.593510722] [robot_2.robot_supervisor]: Selected controllable event: EV_random_walk
[create-12] [INFO] [1776701049.644153828] [robot_2.ros_gz_sim]: Waiting messages on topic [/robot_2/robot_description].
[robot_supervisor-16] [INFO] [1776701049.653803027] [robot_3.robot_supervisor]: Selected controllable event: EV_move_forward
[robot_supervisor-10] [INFO] [1776701049.658044262] [robot_1.robot_supervisor]: Selected controllable event: EV_move_forward
[robot_supervisor-7] [INFO] [1776701049.659552365] [robot_0.robot_supervisor]: Selected controllable event: EV_move_forward
[robot_supervisor-19] [INFO] [1776701049.728721970] [robot_4.robot_supervisor]: Selected controllable event: EV_random_walk
[create-6] [INFO] [1776701049.743402687] [robot_0.ros_gz_sim]: Waiting messages on topic [/robot_0/robot_description].
[create-12] [INFO] [1776701049.842789259] [robot_2.ros_gz_sim]: Requested creation of entity.
[create-12] [INFO] [1776701049.842842950] [robot_2.ros_gz_sim]: OK creation of entity.
[create-9] [INFO] [1776701049.842794218] [robot_1.ros_gz_sim]: Requested creation of entity.
[create-9] [INFO] [1776701049.842849809] [robot_1.ros_gz_sim]: OK creation of entity.
[create-6] [INFO] [1776701049.842829220] [robot_0.ros_gz_sim]: Requested creation of entity.
[create-6] [INFO] [1776701049.842879928] [robot_0.ros_gz_sim]: OK creation of entity.
[create-15] [INFO] [1776701049.842850747] [robot_3.ros_gz_sim]: Requested creation of entity.
[create-15] [INFO] [1776701049.842901453] [robot_3.ros_gz_sim]: OK creation of entity.
[create-18] [INFO] [1776701049.843813985] [robot_4.ros_gz_sim]: Waiting messages on topic [/robot_4/robot_description].
[create-18] [INFO] [1776701049.847142722] [robot_4.ros_gz_sim]: Requested creation of entity.
[create-18] [INFO] [1776701049.847171053] [robot_4.ros_gz_sim]: OK creation of entity.
[robot_supervisor-13] [INFO] [1776701049.893544523] [robot_2.robot_supervisor]: Selected controllable event: EV_move_forward
[robot_supervisor-16] [INFO] [1776701049.953945438] [robot_3.robot_supervisor]: Selected controllable event: EV_random_walk
[robot_supervisor-10] [INFO] [1776701049.958066098] [robot_1.robot_supervisor]: Selected controllable event: EV_random_walk
[robot_supervisor-7] [INFO] [1776701049.959694030] [robot_0.robot_supervisor]: Selected controllable event: EV_random_walk
[robot_supervisor-19] [INFO] [1776701050.028747013] [robot_4.robot_supervisor]: Selected controllable event: EV_move_forward
[INFO] [create-18]: process has finished cleanly [pid 29847]
[INFO] [create-6]: process has finished cleanly [pid 29815]
[INFO] [create-12]: process has finished cleanly [pid 29829]
[INFO] [create-15]: process has finished cleanly [pid 29835]
[INFO] [create-9]: process has finished cleanly [pid 29823]
[bump_counter-3] [INFO] [1776701050.083964176] [bump_counter]: [global] subscribed: /world/random_world/model/robot_0/link/robot_0/base_footprint/sensor/contact_sensor/contact
[bump_counter-3] [INFO] [1776701050.084704252] [bump_counter]: [global] subscribed: /world/random_world/model/robot_1/link/robot_1/base_footprint/sensor/contact_sensor/contact
[bump_counter-3] [INFO] [1776701050.085346410] [bump_counter]: [global] subscribed: /world/random_world/model/robot_2/link/robot_2/base_footprint/sensor/contact_sensor/contact
[bump_counter-3] [INFO] [1776701050.085969420] [bump_counter]: [global] subscribed: /world/random_world/model/robot_3/link/robot_3/base_footprint/sensor/contact_sensor/contact
[bump_counter-3] [INFO] [1776701050.086664235] [bump_counter]: [global] subscribed: /world/random_world/model/robot_4/link/robot_4/base_footprint/sensor/contact_sensor/contact
[robot_supervisor-13] [INFO] [1776701050.193592722] [robot_2.robot_supervisor]: Selected controllable event: EV_move_forward
[robot_supervisor-16] [INFO] [1776701050.253771090] [robot_3.robot_supervisor]: Selected controllable event: EV_random_walk
[robot_supervisor-10] [INFO] [1776701050.258095609] [robot_1.robot_supervisor]: Selected controllable event: EV_random_walk
[robot_supervisor-7] [INFO] [1776701050.259652588] [robot_0.robot_supervisor]: Selected controllable event: EV_random_walk
[robot_supervisor-19] [INFO] [1776701050.328455382] [robot_4.robot_supervisor]: Selected controllable event: EV_move_forward
[robot_supervisor-13] [INFO] [1776701050.493565632] [robot_2.robot_supervisor]: Selected controllable event: EV_random_walk
[robot_supervisor-16] [INFO] [1776701050.553920286] [robot_3.robot_supervisor]: Selected controllable event: EV_move_forward
[robot_supervisor-10] [INFO] [1776701050.558060651] [robot_1.robot_supervisor]: Selected controllable event: EV_random_walk
[robot_supervisor-7] [INFO] [1776701050.559850702] [robot_0.robot_supervisor]: Selected controllable event: EV_move_forward
[robot_supervisor-19] [INFO] [1776701050.628562011] [robot_4.robot_supervisor]: Selected controllable event: EV_random_walk
[INFO] [image_processor-21]: process started with pid [30200]
[INFO] [image_processor-22]: process started with pid [30202]
[INFO] [image_processor-23]: process started with pid [30204]
[INFO] [image_processor-24]: process started with pid [30206]
[INFO] [image_processor-25]: process started with pid [30208]
[image_processor-23] [INFO] [1776701050.784298172] [robot_2.image_processor]: image_processor: depth='/robot_2/depth_camera/depth_image' aruco_runtime=disabled
[image_processor-22] [INFO] [1776701050.786035638] [robot_1.image_processor]: image_processor: depth='/robot_1/depth_camera/depth_image' aruco_runtime=disabled
[image_processor-24] [INFO] [1776701050.786640663] [robot_3.image_processor]: image_processor: depth='/robot_3/depth_camera/depth_image' aruco_runtime=disabled
[image_processor-25] [INFO] [1776701050.787379680] [robot_4.image_processor]: image_processor: depth='/robot_4/depth_camera/depth_image' aruco_runtime=disabled
[image_processor-21] [INFO] [1776701050.787937234] [robot_0.image_processor]: image_processor: depth='/robot_0/depth_camera/depth_image' aruco_runtime=disabled
[robot_supervisor-13] [INFO] [1776701050.793313243] [robot_2.robot_supervisor]: Selected controllable event: EV_random_walk
[robot_supervisor-16] [INFO] [1776701050.853846716] [robot_3.robot_supervisor]: Selected controllable event: EV_move_forward
[robot_supervisor-10] [INFO] [1776701050.858064022] [robot_1.robot_supervisor]: Selected controllable event: EV_random_walk
[robot_supervisor-7] [INFO] [1776701050.859754482] [robot_0.robot_supervisor]: Selected controllable event: EV_move_forward
[robot_supervisor-19] [INFO] [1776701050.928469078] [robot_4.robot_supervisor]: Selected controllable event: EV_random_walk
[robot_supervisor-13] [INFO] [1776701051.093517070] [robot_2.robot_supervisor]: Selected controllable event: EV_move_forward
[robot_supervisor-16] [INFO] [1776701051.153892241] [robot_3.robot_supervisor]: Selected controllable event: EV_random_walk
[robot_supervisor-10] [INFO] [1776701051.158084459] [robot_1.robot_supervisor]: Selected controllable event: EV_move_forward
[robot_supervisor-7] [INFO] [1776701051.159697713] [robot_0.robot_supervisor]: Selected controllable event: EV_move_forward
[robot_supervisor-19] [INFO] [1776701051.228488468] [robot_4.robot_supervisor]: Selected controllable event: EV_random_walk
[robot_supervisor-13] [INFO] [1776701051.393527994] [robot_2.robot_supervisor]: Selected controllable event: EV_move_forward
[robot_supervisor-16] [INFO] [1776701051.453887352] [robot_3.robot_supervisor]: Selected controllable event: EV_random_walk
[robot_supervisor-10] [INFO] [1776701051.457887247] [robot_1.robot_supervisor]: Selected controllable event: EV_move_forward
[robot_supervisor-7] [INFO] [1776701051.459694769] [robot_0.robot_supervisor]: Selected controllable event: EV_move_forward
[robot_supervisor-19] [INFO] [1776701051.528519886] [robot_4.robot_supervisor]: Selected controllable event: EV_random_walk
[robot_supervisor-13] [INFO] [1776701051.693581672] [robot_2.robot_supervisor]: Selected controllable event: EV_move_forward
[robot_supervisor-16] [INFO] [1776701051.753857000] [robot_3.robot_supervisor]: Selected controllable event: EV_random_walk
[robot_supervisor-10] [INFO] [1776701051.758113788] [robot_1.robot_supervisor]: Selected controllable event: EV_random_walk
[robot_supervisor-7] [INFO] [1776701051.759656392] [robot_0.robot_supervisor]: Selected controllable event: EV_move_forward
[robot_supervisor-19] [INFO] [1776701051.828496863] [robot_4.robot_supervisor]: Selected controllable event: EV_random_walk
[robot_supervisor-13] [INFO] [1776701051.993572454] [robot_2.robot_supervisor]: Selected controllable event: EV_move_forward
[robot_supervisor-16] [INFO] [1776701052.053871432] [robot_3.robot_supervisor]: Selected controllable event: EV_random_walk
[robot_supervisor-10] [INFO] [1776701052.058079320] [robot_1.robot_supervisor]: Selected controllable event: EV_random_walk
[robot_supervisor-7] [INFO] [1776701052.059743023] [robot_0.robot_supervisor]: Selected controllable event: EV_move_forward
[robot_supervisor-19] [INFO] [1776701052.128521617] [robot_4.robot_supervisor]: Selected controllable event: EV_random_walk
[robot_supervisor-13] [INFO] [1776701052.293615667] [robot_2.robot_supervisor]: Selected controllable event: EV_random_walk
[robot_supervisor-16] [INFO] [1776701052.353945055] [robot_3.robot_supervisor]: Selected controllable event: EV_random_walk
[robot_supervisor-10] [INFO] [1776701052.358121415] [robot_1.robot_supervisor]: Selected controllable event: EV_move_forward
[robot_supervisor-7] [INFO] [1776701052.359566139] [robot_0.robot_supervisor]: Selected controllable event: EV_random_walk
[robot_supervisor-19] [INFO] [1776701052.428300227] [robot_4.robot_supervisor]: Selected controllable event: EV_random_walk
[robot_supervisor-13] [INFO] [1776701052.593804011] [robot_2.robot_supervisor]: Selected controllable event: EV_random_walk
[robot_supervisor-16] [INFO] [1776701052.653858151] [robot_3.robot_supervisor]: Selected controllable event: EV_random_walk
[robot_supervisor-10] [INFO] [1776701052.657968624] [robot_1.robot_supervisor]: Selected controllable event: EV_move_forward
[robot_supervisor-7] [INFO] [1776701052.659501493] [robot_0.robot_supervisor]: Selected controllable event: EV_random_walk
[robot_supervisor-19] [INFO] [1776701052.728289764] [robot_4.robot_supervisor]: Selected controllable event: EV_random_walk
[robot_supervisor-13] [INFO] [1776701052.893368653] [robot_2.robot_supervisor]: Selected controllable event: EV_move_forward
[robot_supervisor-16] [INFO] [1776701052.953755949] [robot_3.robot_supervisor]: Selected controllable event: EV_move_forward
[robot_supervisor-10] [INFO] [1776701052.958006383] [robot_1.robot_supervisor]: Selected controllable event: EV_move_forward
[robot_supervisor-7] [INFO] [1776701052.959625430] [robot_0.robot_supervisor]: Selected controllable event: EV_move_forward
[robot_supervisor-19] [INFO] [1776701053.028515836] [robot_4.robot_supervisor]: Selected controllable event: EV_move_forward
[robot_supervisor-13] [INFO] [1776701053.193370096] [robot_2.robot_supervisor]: Selected controllable event: EV_move_forward
[robot_supervisor-16] [INFO] [1776701053.253752535] [robot_3.robot_supervisor]: Selected controllable event: EV_move_forward
[robot_supervisor-10] [INFO] [1776701053.258052239] [robot_1.robot_supervisor]: Selected controllable event: EV_move_forward
[robot_supervisor-7] [INFO] [1776701053.259911326] [robot_0.robot_supervisor]: Selected controllable event: EV_move_forward
[robot_supervisor-19] [INFO] [1776701053.328534973] [robot_4.robot_supervisor]: Selected controllable event: EV_move_forward
[robot_supervisor-13] [INFO] [1776701053.493314137] [robot_2.robot_supervisor]: Selected controllable event: EV_move_forward
[robot_supervisor-16] [INFO] [1776701053.553883042] [robot_3.robot_supervisor]: Selected controllable event: EV_move_forward
[robot_supervisor-10] [INFO] [1776701053.557886829] [robot_1.robot_supervisor]: Selected controllable event: EV_move_forward
[robot_supervisor-7] [INFO] [1776701053.559473153] [robot_0.robot_supervisor]: Selected controllable event: EV_random_walk
[robot_supervisor-19] [INFO] [1776701053.628402614] [robot_4.robot_supervisor]: Selected controllable event: EV_random_walk
[robot_supervisor-13] [INFO] [1776701053.793507985] [robot_2.robot_supervisor]: Selected controllable event: EV_move_forward
[robot_supervisor-16] [INFO] [1776701053.853724303] [robot_3.robot_supervisor]: Selected controllable event: EV_move_forward
[robot_supervisor-10] [INFO] [1776701053.858065547] [robot_1.robot_supervisor]: Selected controllable event: EV_move_forward
[robot_supervisor-7] [INFO] [1776701053.859662520] [robot_0.robot_supervisor]: Selected controllable event: EV_random_walk
[robot_supervisor-19] [INFO] [1776701053.928414354] [robot_4.robot_supervisor]: Selected controllable event: EV_random_walk
[robot_supervisor-13] [INFO] [1776701054.093424597] [robot_2.robot_supervisor]: Selected controllable event: EV_random_walk
[robot_supervisor-16] [INFO] [1776701054.153750360] [robot_3.robot_supervisor]: Selected controllable event: EV_random_walk
[robot_supervisor-10] [INFO] [1776701054.158077327] [robot_1.robot_supervisor]: Selected controllable event: EV_move_forward
[robot_supervisor-7] [INFO] [1776701054.159554620] [robot_0.robot_supervisor]: Selected controllable event: EV_random_walk
[robot_supervisor-19] [INFO] [1776701054.228426911] [robot_4.robot_supervisor]: Selected controllable event: EV_move_forward
[robot_supervisor-13] [INFO] [1776701054.393110397] [robot_2.robot_supervisor]: Selected controllable event: EV_random_walk
[robot_supervisor-16] [INFO] [1776701054.453766021] [robot_3.robot_supervisor]: Selected controllable event: EV_random_walk
[robot_supervisor-10] [INFO] [1776701054.458039219] [robot_1.robot_supervisor]: Selected controllable event: EV_move_forward
[robot_supervisor-7] [INFO] [1776701054.459641990] [robot_0.robot_supervisor]: Selected controllable event: EV_random_walk
[robot_supervisor-19] [INFO] [1776701054.528394809] [robot_4.robot_supervisor]: Selected controllable event: EV_move_forward
[image_processor-22] [INFO] [1776701054.652949612] [robot_1.image_processor]: Zone=CLEAR  left[p=2.752 near=0 v=7650]  front[p=3.169 near=0 v=13435]  right[p=2.246 near=0 v=7493]
[image_processor-24] [INFO] [1776701054.661722825] [robot_3.image_processor]: Zone=CLEAR  left[p=2.923 near=0 v=7650]  front[p=2.744 near=0 v=13453]  right[p=2.684 near=0 v=7740]
[image_processor-23] [INFO] [1776701054.670697211] [robot_2.image_processor]: Zone=CLEAR  left[p=1.633 near=0 v=7650]  front[p=2.002 near=0 v=12578]  right[p=1.341 near=0 v=7724]
[image_processor-21] [INFO] [1776701054.679543553] [robot_0.image_processor]: Zone=CLEAR  left[p=0.781 near=1304 v=7650]  front[p=1.218 near=0 v=13500]  right[p=1.825 near=0 v=7740]
[image_processor-25] [INFO] [1776701054.686758571] [robot_4.image_processor]: Zone=CLEAR  left[p=1.798 near=0 v=7543]  front[p=3.173 near=0 v=13500]  right[p=2.873 near=0 v=7740]
[robot_supervisor-13] [INFO] [1776701054.693165955] [robot_2.robot_supervisor]: Selected controllable event: EV_random_walk
[robot_supervisor-16] [INFO] [1776701054.753799131] [robot_3.robot_supervisor]: Selected controllable event: EV_random_walk
[robot_supervisor-10] [INFO] [1776701054.758059337] [robot_1.robot_supervisor]: Selected controllable event: EV_move_forward
[robot_supervisor-7] [INFO] [1776701054.759562119] [robot_0.robot_supervisor]: Selected controllable event: EV_move_forward
[robot_supervisor-19] [INFO] [1776701054.828443699] [robot_4.robot_supervisor]: Selected controllable event: EV_random_walk
[robot_supervisor-13] [INFO] [1776701054.993101755] [robot_2.robot_supervisor]: Selected controllable event: EV_random_walk
[robot_supervisor-16] [INFO] [1776701055.053499737] [robot_3.robot_supervisor]: Selected controllable event: EV_random_walk
[robot_supervisor-10] [INFO] [1776701055.058191458] [robot_1.robot_supervisor]: Selected controllable event: EV_move_forward
[robot_supervisor-7] [INFO] [1776701055.059610523] [robot_0.robot_supervisor]: Selected controllable event: EV_move_forward
[robot_supervisor-19] [INFO] [1776701055.128166877] [robot_4.robot_supervisor]: Selected controllable event: EV_random_walk
[robot_supervisor-13] [INFO] [1776701055.293572816] [robot_2.robot_supervisor]: Selected controllable event: EV_random_walk
[robot_supervisor-16] [INFO] [1776701055.353481739] [robot_3.robot_supervisor]: Selected controllable event: EV_move_forward
[robot_supervisor-10] [INFO] [1776701055.357987956] [robot_1.robot_supervisor]: Selected controllable event: EV_move_forward
[robot_supervisor-7] [INFO] [1776701055.359664514] [robot_0.robot_supervisor]: Selected controllable event: EV_move_forward
[robot_supervisor-19] [INFO] [1776701055.428207755] [robot_4.robot_supervisor]: Selected controllable event: EV_move_forward
[robot_supervisor-13] [INFO] [1776701055.593478046] [robot_2.robot_supervisor]: Selected controllable event: EV_random_walk
[robot_supervisor-16] [INFO] [1776701055.654143814] [robot_3.robot_supervisor]: Selected controllable event: EV_move_forward
[robot_supervisor-10] [INFO] [1776701055.657974707] [robot_1.robot_supervisor]: Selected controllable event: EV_move_forward
[robot_supervisor-7] [INFO] [1776701055.659626243] [robot_0.robot_supervisor]: Selected controllable event: EV_move_forward
[robot_supervisor-19] [INFO] [1776701055.728330437] [robot_4.robot_supervisor]: Selected controllable event: EV_move_forward
[robot_supervisor-13] [INFO] [1776701055.893369960] [robot_2.robot_supervisor]: Selected controllable event: EV_move_forward
[robot_supervisor-16] [INFO] [1776701055.953719115] [robot_3.robot_supervisor]: Selected controllable event: EV_random_walk
[robot_supervisor-10] [INFO] [1776701055.957810176] [robot_1.robot_supervisor]: Selected controllable event: EV_random_walk
[robot_supervisor-7] [INFO] [1776701055.959766540] [robot_0.robot_supervisor]: Selected controllable event: EV_random_walk
[robot_supervisor-19] [INFO] [1776701056.028088650] [robot_4.robot_supervisor]: Selected controllable event: EV_move_forward
[robot_supervisor-13] [INFO] [1776701056.193142987] [robot_2.robot_supervisor]: Selected controllable event: EV_move_forward
[robot_supervisor-16] [INFO] [1776701056.253813186] [robot_3.robot_supervisor]: Selected controllable event: EV_random_walk
[robot_supervisor-10] [INFO] [1776701056.257871294] [robot_1.robot_supervisor]: Selected controllable event: EV_random_walk
[robot_supervisor-7] [INFO] [1776701056.259600083] [robot_0.robot_supervisor]: Selected controllable event: EV_random_walk
[robot_supervisor-19] [INFO] [1776701056.328559405] [robot_4.robot_supervisor]: Selected controllable event: EV_move_forward
[robot_supervisor-13] [INFO] [1776701056.493158944] [robot_2.robot_supervisor]: Selected controllable event: EV_move_forward
[robot_supervisor-16] [INFO] [1776701056.553584336] [robot_3.robot_supervisor]: Selected controllable event: EV_random_walk
[robot_supervisor-10] [INFO] [1776701056.557824429] [robot_1.robot_supervisor]: Selected controllable event: EV_move_forward
[robot_supervisor-7] [INFO] [1776701056.559602061] [robot_0.robot_supervisor]: Selected controllable event: EV_random_walk
[robot_supervisor-19] [INFO] [1776701056.628336839] [robot_4.robot_supervisor]: Selected controllable event: EV_move_forward
[robot_supervisor-13] [INFO] [1776701056.793094537] [robot_2.robot_supervisor]: Selected controllable event: EV_move_forward
[robot_supervisor-16] [INFO] [1776701056.853519802] [robot_3.robot_supervisor]: Selected controllable event: EV_random_walk
[robot_supervisor-10] [INFO] [1776701056.858048825] [robot_1.robot_supervisor]: Selected controllable event: EV_move_forward
[robot_supervisor-7] [INFO] [1776701056.859879609] [robot_0.robot_supervisor]: Selected controllable event: EV_random_walk
[robot_supervisor-19] [INFO] [1776701056.928488774] [robot_4.robot_supervisor]: Selected controllable event: EV_move_forward
[robot_supervisor-13] [INFO] [1776701057.093393168] [robot_2.robot_supervisor]: Selected controllable event: EV_random_walk
[robot_supervisor-16] [INFO] [1776701057.153938271] [robot_3.robot_supervisor]: Selected controllable event: EV_move_forward
[image_processor-22] [INFO] [1776701057.155499755] [robot_1.image_processor]: Zone=CLEAR
[robot_supervisor-10] [INFO] [1776701057.158048117] [robot_1.robot_supervisor]: Selected controllable event: EV_random_walk
[robot_supervisor-7] [INFO] [1776701057.159522046] [robot_0.robot_supervisor]: Selected controllable event: EV_move_forward
[image_processor-24] [INFO] [1776701057.163483616] [robot_3.image_processor]: Zone=CLEAR
[image_processor-23] [INFO] [1776701057.171859786] [robot_2.image_processor]: Zone=CLEAR
[image_processor-21] [INFO] [1776701057.179968092] [robot_0.image_processor]: Zone=LEFT  left[p=0.521 near=7650 v=7650]  front[p=0.848 near=1024 v=13500]  right[p=1.391 near=0 v=7740]
[robot_supervisor-7] [INFO] [1776701057.180488354] [robot_0.robot_supervisor]: Detected zone changed to LEFT
[image_processor-25] [INFO] [1776701057.188290565] [robot_4.image_processor]: Zone=CLEAR
[robot_supervisor-19] [INFO] [1776701057.228150423] [robot_4.robot_supervisor]: Selected controllable event: EV_random_walk
[robot_supervisor-13] [INFO] [1776701057.393477819] [robot_2.robot_supervisor]: Selected controllable event: EV_random_walk
[robot_supervisor-16] [INFO] [1776701057.453766034] [robot_3.robot_supervisor]: Selected controllable event: EV_move_forward
[robot_supervisor-10] [INFO] [1776701057.458038805] [robot_1.robot_supervisor]: Selected controllable event: EV_random_walk
[robot_supervisor-7] [INFO] [1776701057.459896777] [robot_0.robot_supervisor]: Selected controllable event: EV_rotate_clockwise
[robot_supervisor-19] [INFO] [1776701057.528275811] [robot_4.robot_supervisor]: Selected controllable event: EV_random_walk
[robot_supervisor-13] [INFO] [1776701057.693106899] [robot_2.robot_supervisor]: Selected controllable event: EV_random_walk
[robot_supervisor-16] [INFO] [1776701057.753755225] [robot_3.robot_supervisor]: Selected controllable event: EV_random_walk
[robot_supervisor-10] [INFO] [1776701057.758015285] [robot_1.robot_supervisor]: Selected controllable event: EV_move_forward
[robot_supervisor-19] [INFO] [1776701057.828624749] [robot_4.robot_supervisor]: Selected controllable event: EV_random_walk
[robot_supervisor-13] [INFO] [1776701057.993191486] [robot_2.robot_supervisor]: Selected controllable event: EV_random_walk
[robot_supervisor-16] [INFO] [1776701058.053791155] [robot_3.robot_supervisor]: Selected controllable event: EV_random_walk
[robot_supervisor-10] [INFO] [1776701058.058292292] [robot_1.robot_supervisor]: Selected controllable event: EV_move_forward
[robot_supervisor-19] [INFO] [1776701058.128448406] [robot_4.robot_supervisor]: Selected controllable event: EV_random_walk
[robot_supervisor-13] [INFO] [1776701058.293247868] [robot_2.robot_supervisor]: Selected controllable event: EV_random_walk
[robot_supervisor-16] [INFO] [1776701058.354007582] [robot_3.robot_supervisor]: Selected controllable event: EV_move_forward
[robot_supervisor-10] [INFO] [1776701058.357779063] [robot_1.robot_supervisor]: Selected controllable event: EV_random_walk
[robot_supervisor-19] [INFO] [1776701058.428198806] [robot_4.robot_supervisor]: Selected controllable event: EV_random_walk
[robot_supervisor-13] [INFO] [1776701058.593570663] [robot_2.robot_supervisor]: Selected controllable event: EV_random_walk
[robot_supervisor-16] [INFO] [1776701058.653598678] [robot_3.robot_supervisor]: Selected controllable event: EV_move_forward
[robot_supervisor-10] [INFO] [1776701058.657806425] [robot_1.robot_supervisor]: Selected controllable event: EV_random_walk
[robot_supervisor-19] [INFO] [1776701058.728560098] [robot_4.robot_supervisor]: Selected controllable event: EV_random_walk
[robot_supervisor-13] [INFO] [1776701058.893407478] [robot_2.robot_supervisor]: Selected controllable event: EV_move_forward
[robot_supervisor-16] [INFO] [1776701058.953684060] [robot_3.robot_supervisor]: Selected controllable event: EV_move_forward
[robot_supervisor-10] [INFO] [1776701058.957985157] [robot_1.robot_supervisor]: Selected controllable event: EV_random_walk
[robot_supervisor-19] [INFO] [1776701059.028139012] [robot_4.robot_supervisor]: Selected controllable event: EV_random_walk
[robot_supervisor-13] [INFO] [1776701059.193728483] [robot_2.robot_supervisor]: Selected controllable event: EV_move_forward
[robot_supervisor-16] [INFO] [1776701059.253831129] [robot_3.robot_supervisor]: Selected controllable event: EV_move_forward
[robot_supervisor-10] [INFO] [1776701059.257980766] [robot_1.robot_supervisor]: Selected controllable event: EV_random_walk
[robot_supervisor-19] [INFO] [1776701059.328610430] [robot_4.robot_supervisor]: Selected controllable event: EV_random_walk
[robot_supervisor-13] [INFO] [1776701059.493625230] [robot_2.robot_supervisor]: Selected controllable event: EV_random_walk
[robot_supervisor-16] [INFO] [1776701059.553478098] [robot_3.robot_supervisor]: Selected controllable event: EV_random_walk
[robot_supervisor-10] [INFO] [1776701059.557924117] [robot_1.robot_supervisor]: Selected controllable event: EV_random_walk
[robot_supervisor-19] [INFO] [1776701059.628391799] [robot_4.robot_supervisor]: Selected controllable event: EV_random_walk
[image_processor-22] [INFO] [1776701059.654481693] [robot_1.image_processor]: Zone=CLEAR
[robot_supervisor-7] [INFO] [1776701059.659734193] [robot_0.robot_supervisor]: Selected controllable event: EV_rotate_clockwise
[robot_supervisor-7] [INFO] [1776701059.660342323] [robot_0.robot_supervisor]: rotate_90 blocked by recent completion; stopping this tick
[image_processor-24] [INFO] [1776701059.663981863] [robot_3.image_processor]: Zone=CLEAR
[image_processor-23] [INFO] [1776701059.671536807] [robot_2.image_processor]: Zone=CLEAR
[image_processor-21] [INFO] [1776701059.683715147] [robot_0.image_processor]: Zone=LEFT
[image_processor-25] [INFO] [1776701059.692454400] [robot_4.image_processor]: Zone=CLEAR
[robot_supervisor-7] [INFO] [1776701059.759932617] [robot_0.robot_supervisor]: Selected controllable event: EV_rotate_clockwise
[robot_supervisor-7] [INFO] [1776701059.760597537] [robot_0.robot_supervisor]: rotate_90 blocked by recent completion; stopping this tick
[robot_supervisor-13] [INFO] [1776701059.793546949] [robot_2.robot_supervisor]: Selected controllable event: EV_random_walk
[robot_supervisor-16] [INFO] [1776701059.853642673] [robot_3.robot_supervisor]: Selected controllable event: EV_random_walk
[robot_supervisor-10] [INFO] [1776701059.858031460] [robot_1.robot_supervisor]: Selected controllable event: EV_random_walk
[robot_supervisor-7] [INFO] [1776701059.859942637] [robot_0.robot_supervisor]: Selected controllable event: EV_rotate_clockwise
[robot_supervisor-19] [INFO] [1776701059.928417426] [robot_4.robot_supervisor]: Selected controllable event: EV_random_walk
[robot_supervisor-13] [INFO] [1776701060.093613360] [robot_2.robot_supervisor]: Selected controllable event: EV_random_walk
[robot_supervisor-16] [INFO] [1776701060.153614543] [robot_3.robot_supervisor]: Selected controllable event: EV_random_walk
[robot_supervisor-10] [INFO] [1776701060.157886525] [robot_1.robot_supervisor]: Selected controllable event: EV_move_forward
[robot_supervisor-19] [INFO] [1776701060.228196445] [robot_4.robot_supervisor]: Selected controllable event: EV_move_forward
[robot_supervisor-13] [INFO] [1776701060.393250397] [robot_2.robot_supervisor]: Selected controllable event: EV_random_walk
[robot_supervisor-16] [INFO] [1776701060.453608287] [robot_3.robot_supervisor]: Selected controllable event: EV_random_walk
[robot_supervisor-10] [INFO] [1776701060.458092541] [robot_1.robot_supervisor]: Selected controllable event: EV_move_forward
[robot_supervisor-19] [INFO] [1776701060.528621671] [robot_4.robot_supervisor]: Selected controllable event: EV_move_forward
[robot_supervisor-13] [INFO] [1776701060.693412663] [robot_2.robot_supervisor]: Selected controllable event: EV_move_forward
[robot_supervisor-16] [INFO] [1776701060.753707003] [robot_3.robot_supervisor]: Selected controllable event: EV_move_forward
[robot_supervisor-10] [INFO] [1776701060.758057791] [robot_1.robot_supervisor]: Selected controllable event: EV_random_walk
[robot_supervisor-19] [INFO] [1776701060.828169231] [robot_4.robot_supervisor]: Selected controllable event: EV_move_forward
[robot_supervisor-13] [INFO] [1776701060.993141682] [robot_2.robot_supervisor]: Selected controllable event: EV_move_forward
[robot_supervisor-16] [INFO] [1776701061.053738602] [robot_3.robot_supervisor]: Selected controllable event: EV_move_forward
[robot_supervisor-10] [INFO] [1776701061.057775242] [robot_1.robot_supervisor]: Selected controllable event: EV_random_walk
[robot_supervisor-19] [INFO] [1776701061.128118636] [robot_4.robot_supervisor]: Selected controllable event: EV_move_forward
[robot_supervisor-13] [INFO] [1776701061.293420395] [robot_2.robot_supervisor]: Selected controllable event: EV_random_walk
[robot_supervisor-16] [INFO] [1776701061.353724971] [robot_3.robot_supervisor]: Selected controllable event: EV_move_forward
[robot_supervisor-10] [INFO] [1776701061.357977210] [robot_1.robot_supervisor]: Selected controllable event: EV_random_walk
[robot_supervisor-19] [INFO] [1776701061.428392601] [robot_4.robot_supervisor]: Selected controllable event: EV_move_forward
[robot_supervisor-13] [INFO] [1776701061.593401246] [robot_2.robot_supervisor]: Selected controllable event: EV_random_walk
[robot_supervisor-16] [INFO] [1776701061.653541409] [robot_3.robot_supervisor]: Selected controllable event: EV_move_forward
[robot_supervisor-10] [INFO] [1776701061.657812835] [robot_1.robot_supervisor]: Selected controllable event: EV_random_walk
[robot_supervisor-19] [INFO] [1776701061.728161724] [robot_4.robot_supervisor]: Selected controllable event: EV_move_forward
[robot_supervisor-13] [INFO] [1776701061.893158849] [robot_2.robot_supervisor]: Selected controllable event: EV_move_forward
[robot_supervisor-16] [INFO] [1776701061.953735798] [robot_3.robot_supervisor]: Selected controllable event: EV_random_walk
[robot_supervisor-10] [INFO] [1776701061.958012249] [robot_1.robot_supervisor]: Selected controllable event: EV_random_walk
[robot_supervisor-19] [INFO] [1776701062.028389364] [robot_4.robot_supervisor]: Selected controllable event: EV_random_walk
[robot_supervisor-7] [INFO] [1776701062.059539376] [robot_0.robot_supervisor]: Selected controllable event: EV_rotate_clockwise
[robot_supervisor-7] [INFO] [1776701062.059835653] [robot_0.robot_supervisor]: rotate_90 blocked by recent completion; stopping this tick
[image_processor-22] [INFO] [1776701062.151139408] [robot_1.image_processor]: Zone=CLEAR
[robot_supervisor-7] [INFO] [1776701062.159761930] [robot_0.robot_supervisor]: Selected controllable event: EV_rotate_clockwise
[robot_supervisor-7] [INFO] [1776701062.160148085] [robot_0.robot_supervisor]: rotate_90 blocked by recent completion; stopping this tick
[image_processor-24] [INFO] [1776701062.161058137] [robot_3.image_processor]: Zone=CLEAR
[image_processor-23] [INFO] [1776701062.171541891] [robot_2.image_processor]: Zone=LEFT  left[p=0.526 near=7650 v=7650]  front[p=0.679 near=3532 v=13500]  right[p=1.193 near=0 v=7740]
[robot_supervisor-13] [INFO] [1776701062.172029211] [robot_2.robot_supervisor]: Detected zone changed to LEFT
[image_processor-21] [INFO] [1776701062.184638559] [robot_0.image_processor]: Zone=CLEAR  left[p=2.480 near=0 v=5865]  front[p=2.974 near=0 v=8927]  right[p=3.217 near=0 v=5924]
[robot_supervisor-7] [INFO] [1776701062.185219264] [robot_0.robot_supervisor]: Detected zone changed to CLEAR
[robot_supervisor-13] [INFO] [1776701062.193342668] [robot_2.robot_supervisor]: Selected controllable event: EV_rotate_clockwise
[image_processor-25] [INFO] [1776701062.194042962] [robot_4.image_processor]: Zone=CLEAR
[robot_supervisor-16] [INFO] [1776701062.253816507] [robot_3.robot_supervisor]: Selected controllable event: EV_random_walk
[robot_supervisor-10] [INFO] [1776701062.258052922] [robot_1.robot_supervisor]: Selected controllable event: EV_random_walk
[robot_supervisor-7] [INFO] [1776701062.259615101] [robot_0.robot_supervisor]: Selected controllable event: EV_random_walk
[robot_supervisor-19] [INFO] [1776701062.328347226] [robot_4.robot_supervisor]: Selected controllable event: EV_random_walk
[robot_supervisor-16] [INFO] [1776701062.553827375] [robot_3.robot_supervisor]: Selected controllable event: EV_random_walk
[robot_supervisor-10] [INFO] [1776701062.557995436] [robot_1.robot_supervisor]: Selected controllable event: EV_random_walk
[robot_supervisor-7] [INFO] [1776701062.559625695] [robot_0.robot_supervisor]: Selected controllable event: EV_random_walk
[robot_supervisor-19] [INFO] [1776701062.628589693] [robot_4.robot_supervisor]: Selected controllable event: EV_move_forward
[robot_supervisor-16] [INFO] [1776701062.853798846] [robot_3.robot_supervisor]: Selected controllable event: EV_random_walk
[robot_supervisor-10] [INFO] [1776701062.858054949] [robot_1.robot_supervisor]: Selected controllable event: EV_random_walk
[robot_supervisor-7] [INFO] [1776701062.859579551] [robot_0.robot_supervisor]: Selected controllable event: EV_random_walk
[robot_supervisor-19] [INFO] [1776701062.928376869] [robot_4.robot_supervisor]: Selected controllable event: EV_move_forward
[robot_supervisor-16] [INFO] [1776701063.153811748] [robot_3.robot_supervisor]: Selected controllable event: EV_move_forward
[robot_supervisor-10] [INFO] [1776701063.157899727] [robot_1.robot_supervisor]: Selected controllable event: EV_move_forward
[robot_supervisor-7] [INFO] [1776701063.159879428] [robot_0.robot_supervisor]: Selected controllable event: EV_random_walk
[robot_supervisor-19] [INFO] [1776701063.228461821] [robot_4.robot_supervisor]: Selected controllable event: EV_move_forward
[robot_supervisor-16] [INFO] [1776701063.454125427] [robot_3.robot_supervisor]: Selected controllable event: EV_move_forward
[robot_supervisor-10] [INFO] [1776701063.458176033] [robot_1.robot_supervisor]: Selected controllable event: EV_move_forward
[robot_supervisor-7] [INFO] [1776701063.459718180] [robot_0.robot_supervisor]: Selected controllable event: EV_move_forward
[robot_supervisor-19] [INFO] [1776701063.528367468] [robot_4.robot_supervisor]: Selected controllable event: EV_move_forward
[robot_supervisor-16] [INFO] [1776701063.753508923] [robot_3.robot_supervisor]: Selected controllable event: EV_move_forward
[robot_supervisor-10] [INFO] [1776701063.758246757] [robot_1.robot_supervisor]: Selected controllable event: EV_move_forward
[robot_supervisor-7] [INFO] [1776701063.759602019] [robot_0.robot_supervisor]: Selected controllable event: EV_move_forward
[robot_supervisor-19] [INFO] [1776701063.828433871] [robot_4.robot_supervisor]: Selected controllable event: EV_random_walk
[robot_supervisor-16] [INFO] [1776701064.053505568] [robot_3.robot_supervisor]: Selected controllable event: EV_move_forward
[robot_supervisor-10] [INFO] [1776701064.058006011] [robot_1.robot_supervisor]: Selected controllable event: EV_move_forward
[robot_supervisor-7] [INFO] [1776701064.059558357] [robot_0.robot_supervisor]: Selected controllable event: EV_move_forward
[robot_supervisor-19] [INFO] [1776701064.128436966] [robot_4.robot_supervisor]: Selected controllable event: EV_random_walk
[robot_supervisor-13] [INFO] [1776701064.293391583] [robot_2.robot_supervisor]: Selected controllable event: EV_rotate_clockwise
[robot_supervisor-13] [INFO] [1776701064.293767690] [robot_2.robot_supervisor]: rotate_90 blocked by recent completion; stopping this tick
[robot_supervisor-16] [INFO] [1776701064.353512034] [robot_3.robot_supervisor]: Selected controllable event: EV_random_walk
[robot_supervisor-10] [INFO] [1776701064.358044915] [robot_1.robot_supervisor]: Selected controllable event: EV_random_walk
[robot_supervisor-7] [INFO] [1776701064.359723694] [robot_0.robot_supervisor]: Selected controllable event: EV_move_forward
[robot_supervisor-13] [INFO] [1776701064.393323881] [robot_2.robot_supervisor]: Selected controllable event: EV_rotate_clockwise
[robot_supervisor-13] [INFO] [1776701064.393691181] [robot_2.robot_supervisor]: rotate_90 blocked by recent completion; stopping this tick
[robot_supervisor-19] [INFO] [1776701064.428622177] [robot_4.robot_supervisor]: Selected controllable event: EV_move_forward
[robot_supervisor-13] [INFO] [1776701064.493386788] [robot_2.robot_supervisor]: Selected controllable event: EV_rotate_clockwise
[robot_supervisor-13] [INFO] [1776701064.493757109] [robot_2.robot_supervisor]: rotate_90 blocked by recent completion; stopping this tick
[robot_supervisor-13] [INFO] [1776701064.593179869] [robot_2.robot_supervisor]: Selected controllable event: EV_rotate_clockwise
[robot_supervisor-16] [INFO] [1776701064.653534976] [robot_3.robot_supervisor]: Selected controllable event: EV_random_walk
[image_processor-22] [INFO] [1776701064.655814486] [robot_1.image_processor]: Zone=CLEAR
[robot_supervisor-10] [INFO] [1776701064.657818571] [robot_1.robot_supervisor]: Selected controllable event: EV_random_walk
[robot_supervisor-7] [INFO] [1776701064.659720520] [robot_0.robot_supervisor]: Selected controllable event: EV_random_walk
[image_processor-24] [INFO] [1776701064.664618058] [robot_3.image_processor]: Zone=CLEAR
[image_processor-23] [INFO] [1776701064.675153615] [robot_2.image_processor]: Zone=CORNER  left[p=0.708 near=6425 v=7650]  front[p=0.668 near=5723 v=12221]  right[p=3.318 near=0 v=6033]
[robot_supervisor-13] [INFO] [1776701064.676168490] [robot_2.robot_supervisor]: Detected zone changed to CORNER
[image_processor-21] [INFO] [1776701064.688966577] [robot_0.image_processor]: Zone=CLEAR
[image_processor-25] [INFO] [1776701064.697926732] [robot_4.image_processor]: Zone=CLEAR
[robot_supervisor-19] [INFO] [1776701064.728412025] [robot_4.robot_supervisor]: Selected controllable event: EV_move_forward
[robot_supervisor-16] [INFO] [1776701064.953504461] [robot_3.robot_supervisor]: Selected controllable event: EV_move_forward
[robot_supervisor-10] [INFO] [1776701064.958043257] [robot_1.robot_supervisor]: Selected controllable event: EV_random_walk
[robot_supervisor-7] [INFO] [1776701064.959660521] [robot_0.robot_supervisor]: Selected controllable event: EV_random_walk
[robot_supervisor-19] [INFO] [1776701065.028431638] [robot_4.robot_supervisor]: Selected controllable event: EV_random_walk
[robot_supervisor-16] [INFO] [1776701065.253766447] [robot_3.robot_supervisor]: Selected controllable event: EV_move_forward
[robot_supervisor-10] [INFO] [1776701065.258041153] [robot_1.robot_supervisor]: Selected controllable event: EV_random_walk
[robot_supervisor-7] [INFO] [1776701065.259664253] [robot_0.robot_supervisor]: Selected controllable event: EV_move_forward
[robot_supervisor-19] [INFO] [1776701065.328639367] [robot_4.robot_supervisor]: Selected controllable event: EV_random_walk
[robot_supervisor-16] [INFO] [1776701065.553984294] [robot_3.robot_supervisor]: Selected controllable event: EV_move_forward
[robot_supervisor-10] [INFO] [1776701065.558197178] [robot_1.robot_supervisor]: Selected controllable event: EV_random_walk
[robot_supervisor-7] [INFO] [1776701065.559696271] [robot_0.robot_supervisor]: Selected controllable event: EV_move_forward
[robot_supervisor-19] [INFO] [1776701065.628204457] [robot_4.robot_supervisor]: Selected controllable event: EV_move_forward
[robot_supervisor-16] [INFO] [1776701065.853961772] [robot_3.robot_supervisor]: Selected controllable event: EV_move_forward
[robot_supervisor-10] [INFO] [1776701065.858197822] [robot_1.robot_supervisor]: Selected controllable event: EV_random_walk
[robot_supervisor-7] [INFO] [1776701065.859764887] [robot_0.robot_supervisor]: Selected controllable event: EV_move_forward
[robot_supervisor-19] [INFO] [1776701065.928397087] [robot_4.robot_supervisor]: Selected controllable event: EV_move_forward
[robot_supervisor-16] [INFO] [1776701066.153845528] [robot_3.robot_supervisor]: Selected controllable event: EV_move_forward
[robot_supervisor-10] [INFO] [1776701066.158068604] [robot_1.robot_supervisor]: Selected controllable event: EV_move_forward
[robot_supervisor-7] [INFO] [1776701066.159373700] [robot_0.robot_supervisor]: Selected controllable event: EV_move_forward
[robot_supervisor-19] [INFO] [1776701066.228400118] [robot_4.robot_supervisor]: Selected controllable event: EV_random_walk
[robot_supervisor-16] [INFO] [1776701066.453736823] [robot_3.robot_supervisor]: Selected controllable event: EV_move_forward
[robot_supervisor-10] [INFO] [1776701066.457967253] [robot_1.robot_supervisor]: Selected controllable event: EV_move_forward
[robot_supervisor-7] [INFO] [1776701066.459606210] [robot_0.robot_supervisor]: Selected controllable event: EV_move_forward
[robot_supervisor-19] [INFO] [1776701066.528261402] [robot_4.robot_supervisor]: Selected controllable event: EV_random_walk
[robot_supervisor-13] [INFO] [1776701066.693623018] [robot_2.robot_supervisor]: Selected controllable event: EV_rotate_clockwise
[robot_supervisor-13] [INFO] [1776701066.694084499] [robot_2.robot_supervisor]: rotate_90 blocked by recent completion; stopping this tick
[robot_supervisor-16] [INFO] [1776701066.753802876] [robot_3.robot_supervisor]: Selected controllable event: EV_move_forward
[robot_supervisor-10] [INFO] [1776701066.758086596] [robot_1.robot_supervisor]: Selected controllable event: EV_move_forward
[robot_supervisor-7] [INFO] [1776701066.759946672] [robot_0.robot_supervisor]: Selected controllable event: EV_move_forward
[robot_supervisor-13] [INFO] [1776701066.793395799] [robot_2.robot_supervisor]: Selected controllable event: EV_rotate_clockwise
[robot_supervisor-13] [INFO] [1776701066.793787405] [robot_2.robot_supervisor]: rotate_90 blocked by recent completion; stopping this tick
[robot_supervisor-19] [INFO] [1776701066.828449816] [robot_4.robot_supervisor]: Selected controllable event: EV_random_walk
[robot_supervisor-13] [INFO] [1776701066.893349638] [robot_2.robot_supervisor]: Selected controllable event: EV_rotate_clockwise
[robot_supervisor-13] [INFO] [1776701066.893720419] [robot_2.robot_supervisor]: rotate_90 blocked by recent completion; stopping this tick
[robot_supervisor-13] [INFO] [1776701066.993357737] [robot_2.robot_supervisor]: Selected controllable event: EV_rotate_clockwise
[robot_supervisor-16] [INFO] [1776701067.053754547] [robot_3.robot_supervisor]: Selected controllable event: EV_move_forward
[robot_supervisor-10] [INFO] [1776701067.057742331] [robot_1.robot_supervisor]: Selected controllable event: EV_move_forward
[robot_supervisor-7] [INFO] [1776701067.059568227] [robot_0.robot_supervisor]: Selected controllable event: EV_move_forward
[robot_supervisor-19] [INFO] [1776701067.128135335] [robot_4.robot_supervisor]: Selected controllable event: EV_random_walk
[image_processor-22] [INFO] [1776701067.153605362] [robot_1.image_processor]: Zone=CLEAR
[image_processor-24] [INFO] [1776701067.163557669] [robot_3.image_processor]: Zone=CORNER  left[p=0.281 near=7650 v=7650]  front[p=0.353 near=13500 v=13500]  right[p=0.584 near=5148 v=7740]
[robot_supervisor-16] [INFO] [1776701067.164048947] [robot_3.robot_supervisor]: Detected zone changed to CORNER
[image_processor-23] [INFO] [1776701067.179344681] [robot_2.image_processor]: Zone=CLEAR  left[p=3.122 near=0 v=5648]  front[p=2.892 near=0 v=8257]  right[p=3.391 near=0 v=6208]
[robot_supervisor-13] [INFO] [1776701067.179944520] [robot_2.robot_supervisor]: Detected zone changed to CLEAR
[image_processor-21] [INFO] [1776701067.194095924] [robot_0.image_processor]: Zone=CLEAR
[image_processor-25] [INFO] [1776701067.202280457] [robot_4.image_processor]: Zone=CORNER  left[p=0.713 near=4809 v=7650]  front[p=0.552 near=13500 v=13500]  right[p=0.478 near=7740 v=7740]
[robot_supervisor-19] [INFO] [1776701067.202723907] [robot_4.robot_supervisor]: Detected zone changed to CORNER
[robot_supervisor-16] [INFO] [1776701067.353568263] [robot_3.robot_supervisor]: Selected controllable event: EV_rotate_clockwise
[robot_supervisor-10] [INFO] [1776701067.357970176] [robot_1.robot_supervisor]: Selected controllable event: EV_move_forward
[robot_supervisor-7] [INFO] [1776701067.359775951] [robot_0.robot_supervisor]: Selected controllable event: EV_move_forward
[robot_supervisor-19] [INFO] [1776701067.428051343] [robot_4.robot_supervisor]: Selected controllable event: EV_rotate_clockwise
[robot_supervisor-10] [INFO] [1776701067.658075979] [robot_1.robot_supervisor]: Selected controllable event: EV_move_forward
[robot_supervisor-7] [INFO] [1776701067.659736194] [robot_0.robot_supervisor]: Selected controllable event: EV_move_forward
[robot_supervisor-10] [INFO] [1776701067.958111578] [robot_1.robot_supervisor]: Selected controllable event: EV_random_walk
[robot_supervisor-7] [INFO] [1776701067.959706410] [robot_0.robot_supervisor]: Selected controllable event: EV_move_forward
[robot_supervisor-10] [INFO] [1776701068.258270331] [robot_1.robot_supervisor]: Selected controllable event: EV_random_walk
[robot_supervisor-7] [INFO] [1776701068.259618996] [robot_0.robot_supervisor]: Selected controllable event: EV_random_walk
[robot_supervisor-10] [INFO] [1776701068.557988072] [robot_1.robot_supervisor]: Selected controllable event: EV_random_walk
[robot_supervisor-7] [INFO] [1776701068.559652804] [robot_0.robot_supervisor]: Selected controllable event: EV_random_walk
[robot_supervisor-10] [INFO] [1776701068.858058536] [robot_1.robot_supervisor]: Selected controllable event: EV_random_walk
[robot_supervisor-7] [INFO] [1776701068.859606615] [robot_0.robot_supervisor]: Selected controllable event: EV_random_walk
[robot_supervisor-10] [INFO] [1776701069.158040216] [robot_1.robot_supervisor]: Selected controllable event: EV_random_walk
[robot_supervisor-7] [INFO] [1776701069.159494461] [robot_0.robot_supervisor]: Selected controllable event: EV_random_walk
[robot_supervisor-13] [INFO] [1776701069.193127610] [robot_2.robot_supervisor]: Selected controllable event: EV_move_forward
[robot_supervisor-10] [INFO] [1776701069.457996611] [robot_1.robot_supervisor]: Selected controllable event: EV_random_walk
[robot_supervisor-7] [INFO] [1776701069.459296658] [robot_0.robot_supervisor]: Selected controllable event: EV_random_walk
[robot_supervisor-13] [INFO] [1776701069.493069390] [robot_2.robot_supervisor]: Selected controllable event: EV_move_forward
[robot_supervisor-16] [INFO] [1776701069.553945931] [robot_3.robot_supervisor]: Selected controllable event: EV_rotate_clockwise
[robot_supervisor-16] [INFO] [1776701069.554422625] [robot_3.robot_supervisor]: rotate_90 blocked by recent completion; stopping this tick
[bump_counter-3] [INFO] [1776701069.561320312] [bump_counter]: [global] bump #1 (obstacle) with: north_wall::link::collision
[robot_supervisor-19] [INFO] [1776701069.628380384] [robot_4.robot_supervisor]: Selected controllable event: EV_rotate_clockwise
[robot_supervisor-19] [INFO] [1776701069.628770504] [robot_4.robot_supervisor]: rotate_90 blocked by recent completion; stopping this tick
[image_processor-22] [INFO] [1776701069.651369246] [robot_1.image_processor]: Zone=CORNER  left[p=0.152 near=7650 v=7650]  front[p=0.157 near=13500 v=13500]  right[p=0.165 near=7740 v=7740]
[robot_supervisor-10] [INFO] [1776701069.652385452] [robot_1.robot_supervisor]: Detected zone changed to CORNER
[robot_supervisor-16] [INFO] [1776701069.653528490] [robot_3.robot_supervisor]: Selected controllable event: EV_rotate_clockwise
[robot_supervisor-16] [INFO] [1776701069.653725191] [robot_3.robot_supervisor]: rotate_90 blocked by recent completion; stopping this tick
[image_processor-24] [INFO] [1776701069.662555303] [robot_3.image_processor]: Zone=CLEAR  left[p=1.113 near=0 v=7650]  front[p=1.625 near=0 v=13350]  right[p=2.521 near=0 v=5737]
[robot_supervisor-16] [INFO] [1776701069.663113028] [robot_3.robot_supervisor]: Detected zone changed to CLEAR
[image_processor-23] [INFO] [1776701069.673496976] [robot_2.image_processor]: Zone=RIGHT  left[p=3.392 near=0 v=7060]  front[p=0.698 near=3703 v=13342]  right[p=0.484 near=7740 v=7740]
[robot_supervisor-13] [INFO] [1776701069.674107207] [robot_2.robot_supervisor]: Detected zone changed to RIGHT
[image_processor-21] [INFO] [1776701069.688314204] [robot_0.image_processor]: Zone=CLEAR
[image_processor-25] [INFO] [1776701069.699378107] [robot_4.image_processor]: Zone=LEFT  left[p=0.530 near=6636 v=7650]  front[p=1.003 near=0 v=13168]  right[p=3.370 near=0 v=6443]
[robot_supervisor-19] [INFO] [1776701069.699822149] [robot_4.robot_supervisor]: Detected zone changed to LEFT
[robot_supervisor-19] [INFO] [1776701069.728171254] [robot_4.robot_supervisor]: Selected controllable event: EV_rotate_clockwise
[robot_supervisor-19] [INFO] [1776701069.728375014] [robot_4.robot_supervisor]: rotate_90 blocked by recent completion; stopping this tick
[robot_supervisor-16] [INFO] [1776701069.753967072] [robot_3.robot_supervisor]: Selected controllable event: EV_random_walk
[robot_supervisor-10] [INFO] [1776701069.757980331] [robot_1.robot_supervisor]: Selected controllable event: EV_rotate_clockwise
[robot_supervisor-7] [INFO] [1776701069.759590694] [robot_0.robot_supervisor]: Selected controllable event: EV_random_walk
[robot_supervisor-13] [INFO] [1776701069.793373657] [robot_2.robot_supervisor]: Selected controllable event: EV_rotate_counterclockwise
[robot_supervisor-19] [INFO] [1776701069.828415746] [robot_4.robot_supervisor]: Selected controllable event: EV_rotate_clockwise
[robot_supervisor-16] [INFO] [1776701070.053959739] [robot_3.robot_supervisor]: Selected controllable event: EV_random_walk
[robot_supervisor-7] [INFO] [1776701070.059792942] [robot_0.robot_supervisor]: Selected controllable event: EV_move_forward
[robot_supervisor-16] [INFO] [1776701070.353941559] [robot_3.robot_supervisor]: Selected controllable event: EV_random_walk
[robot_supervisor-7] [INFO] [1776701070.359740292] [robot_0.robot_supervisor]: Selected controllable event: EV_move_forward
[robot_supervisor-16] [INFO] [1776701070.653551383] [robot_3.robot_supervisor]: Selected controllable event: EV_random_walk
[robot_supervisor-7] [INFO] [1776701070.659755567] [robot_0.robot_supervisor]: Selected controllable event: EV_move_forward
[robot_supervisor-16] [INFO] [1776701070.953503146] [robot_3.robot_supervisor]: Selected controllable event: EV_random_walk
[robot_supervisor-7] [INFO] [1776701070.959554979] [robot_0.robot_supervisor]: Selected controllable event: EV_move_forward
[robot_supervisor-16] [INFO] [1776701071.253989617] [robot_3.robot_supervisor]: Selected controllable event: EV_random_walk
[robot_supervisor-7] [INFO] [1776701071.259662065] [robot_0.robot_supervisor]: Selected controllable event: EV_random_walk
[robot_supervisor-16] [INFO] [1776701071.553935514] [robot_3.robot_supervisor]: Selected controllable event: EV_move_forward
[robot_supervisor-7] [INFO] [1776701071.559570613] [robot_0.robot_supervisor]: Selected controllable event: EV_random_walk
[robot_supervisor-16] [INFO] [1776701071.854010363] [robot_3.robot_supervisor]: Selected controllable event: EV_move_forward
[robot_supervisor-10] [INFO] [1776701071.858024653] [robot_1.robot_supervisor]: Selected controllable event: EV_rotate_clockwise
[robot_supervisor-10] [INFO] [1776701071.858396572] [robot_1.robot_supervisor]: rotate_90 blocked by recent completion; stopping this tick
[robot_supervisor-7] [INFO] [1776701071.859612934] [robot_0.robot_supervisor]: Selected controllable event: EV_move_forward
[robot_supervisor-13] [INFO] [1776701071.893392779] [robot_2.robot_supervisor]: Selected controllable event: EV_rotate_counterclockwise
[robot_supervisor-13] [INFO] [1776701071.893785258] [robot_2.robot_supervisor]: rotate_90 blocked by recent completion; stopping this tick
[robot_supervisor-19] [INFO] [1776701071.928399974] [robot_4.robot_supervisor]: Selected controllable event: EV_rotate_clockwise
[robot_supervisor-19] [INFO] [1776701071.928884852] [robot_4.robot_supervisor]: rotate_90 blocked by recent completion; stopping this tick
[robot_supervisor-10] [INFO] [1776701071.957956907] [robot_1.robot_supervisor]: Selected controllable event: EV_rotate_clockwise
[robot_supervisor-10] [INFO] [1776701071.958322100] [robot_1.robot_supervisor]: rotate_90 blocked by recent completion; stopping this tick
[robot_supervisor-13] [INFO] [1776701071.993413360] [robot_2.robot_supervisor]: Selected controllable event: EV_rotate_counterclockwise
[robot_supervisor-13] [INFO] [1776701071.993970834] [robot_2.robot_supervisor]: rotate_90 blocked by recent completion; stopping this tick
[robot_supervisor-19] [INFO] [1776701072.028351695] [robot_4.robot_supervisor]: Selected controllable event: EV_rotate_clockwise
[robot_supervisor-19] [INFO] [1776701072.028918632] [robot_4.robot_supervisor]: rotate_90 blocked by recent completion; stopping this tick
[robot_supervisor-10] [INFO] [1776701072.057943566] [robot_1.robot_supervisor]: Selected controllable event: EV_rotate_clockwise
[robot_supervisor-10] [INFO] [1776701072.058325639] [robot_1.robot_supervisor]: rotate_90 blocked by recent completion; stopping this tick
[robot_supervisor-13] [INFO] [1776701072.093356272] [robot_2.robot_supervisor]: Selected controllable event: EV_rotate_counterclockwise
[robot_supervisor-13] [INFO] [1776701072.093840826] [robot_2.robot_supervisor]: rotate_90 blocked by recent completion; stopping this tick
[robot_supervisor-19] [INFO] [1776701072.128370692] [robot_4.robot_supervisor]: Selected controllable event: EV_rotate_clockwise
[robot_supervisor-19] [INFO] [1776701072.128745980] [robot_4.robot_supervisor]: rotate_90 blocked by recent completion; stopping this tick
[image_processor-22] [INFO] [1776701072.153200892] [robot_1.image_processor]: Zone=CORNER
[robot_supervisor-16] [INFO] [1776701072.154054595] [robot_3.robot_supervisor]: Selected controllable event: EV_random_walk
[robot_supervisor-10] [INFO] [1776701072.157945542] [robot_1.robot_supervisor]: Selected controllable event: EV_rotate_clockwise
[robot_supervisor-7] [INFO] [1776701072.159889786] [robot_0.robot_supervisor]: Selected controllable event: EV_move_forward
[image_processor-24] [INFO] [1776701072.163396272] [robot_3.image_processor]: Zone=CLEAR
[image_processor-23] [INFO] [1776701072.177689561] [robot_2.image_processor]: Zone=RIGHT
[image_processor-21] [INFO] [1776701072.191030528] [robot_0.image_processor]: Zone=CLEAR
[robot_supervisor-13] [INFO] [1776701072.193410776] [robot_2.robot_supervisor]: Selected controllable event: EV_rotate_counterclockwise
[image_processor-25] [INFO] [1776701072.209486569] [robot_4.image_processor]: Zone=LEFT
[robot_supervisor-19] [INFO] [1776701072.228468027] [robot_4.robot_supervisor]: Selected controllable event: EV_rotate_clockwise
[robot_supervisor-16] [INFO] [1776701072.453756582] [robot_3.robot_supervisor]: Selected controllable event: EV_random_walk
[robot_supervisor-7] [INFO] [1776701072.459831930] [robot_0.robot_supervisor]: Selected controllable event: EV_move_forward
[robot_supervisor-16] [INFO] [1776701072.753793199] [robot_3.robot_supervisor]: Selected controllable event: EV_move_forward
[robot_supervisor-7] [INFO] [1776701072.759504188] [robot_0.robot_supervisor]: Selected controllable event: EV_move_forward
[robot_supervisor-16] [INFO] [1776701073.053514268] [robot_3.robot_supervisor]: Selected controllable event: EV_move_forward
[robot_supervisor-7] [INFO] [1776701073.059587151] [robot_0.robot_supervisor]: Selected controllable event: EV_random_walk
[robot_supervisor-16] [INFO] [1776701073.353731102] [robot_3.robot_supervisor]: Selected controllable event: EV_random_walk
[robot_supervisor-7] [INFO] [1776701073.359609994] [robot_0.robot_supervisor]: Selected controllable event: EV_random_walk
[bump_counter-3] [INFO] [1776701073.411696282] [bump_counter]: [global] bump #2 (obstacle) with: north_wall::link::collision
[robot_supervisor-16] [INFO] [1776701073.654046790] [robot_3.robot_supervisor]: Selected controllable event: EV_random_walk
[robot_supervisor-7] [INFO] [1776701073.659727737] [robot_0.robot_supervisor]: Selected controllable event: EV_move_forward
[robot_supervisor-16] [INFO] [1776701073.953713395] [robot_3.robot_supervisor]: Selected controllable event: EV_random_walk
[robot_supervisor-7] [INFO] [1776701073.959608872] [robot_0.robot_supervisor]: Selected controllable event: EV_move_forward
[robot_supervisor-16] [INFO] [1776701074.253788489] [robot_3.robot_supervisor]: Selected controllable event: EV_random_walk
[robot_supervisor-10] [INFO] [1776701074.258026585] [robot_1.robot_supervisor]: Selected controllable event: EV_rotate_clockwise
[robot_supervisor-10] [INFO] [1776701074.258430397] [robot_1.robot_supervisor]: rotate_90 blocked by recent completion; stopping this tick
[robot_supervisor-7] [INFO] [1776701074.259594823] [robot_0.robot_supervisor]: Selected controllable event: EV_move_forward
[robot_supervisor-13] [INFO] [1776701074.293513904] [robot_2.robot_supervisor]: Selected controllable event: EV_rotate_counterclockwise
[robot_supervisor-13] [INFO] [1776701074.294002077] [robot_2.robot_supervisor]: rotate_90 blocked by recent completion; stopping this tick
[robot_supervisor-19] [INFO] [1776701074.328535467] [robot_4.robot_supervisor]: Selected controllable event: EV_rotate_clockwise
[robot_supervisor-19] [INFO] [1776701074.328992097] [robot_4.robot_supervisor]: rotate_90 blocked by recent completion; stopping this tick
[robot_supervisor-10] [INFO] [1776701074.357982722] [robot_1.robot_supervisor]: Selected controllable event: EV_rotate_clockwise
[robot_supervisor-10] [INFO] [1776701074.358379316] [robot_1.robot_supervisor]: rotate_90 blocked by recent completion; stopping this tick
[robot_supervisor-13] [INFO] [1776701074.393530075] [robot_2.robot_supervisor]: Selected controllable event: EV_rotate_counterclockwise
[robot_supervisor-13] [INFO] [1776701074.394044302] [robot_2.robot_supervisor]: rotate_90 blocked by recent completion; stopping this tick
[robot_supervisor-19] [INFO] [1776701074.428150780] [robot_4.robot_supervisor]: Selected controllable event: EV_rotate_clockwise
[robot_supervisor-19] [INFO] [1776701074.428381919] [robot_4.robot_supervisor]: rotate_90 blocked by recent completion; stopping this tick
[robot_supervisor-10] [INFO] [1776701074.458149985] [robot_1.robot_supervisor]: Selected controllable event: EV_rotate_clockwise
[robot_supervisor-10] [INFO] [1776701074.458617859] [robot_1.robot_supervisor]: rotate_90 blocked by recent completion; stopping this tick
[robot_supervisor-13] [INFO] [1776701074.493268125] [robot_2.robot_supervisor]: Selected controllable event: EV_rotate_counterclockwise
[robot_supervisor-13] [INFO] [1776701074.493598513] [robot_2.robot_supervisor]: rotate_90 blocked by recent completion; stopping this tick
[robot_supervisor-19] [INFO] [1776701074.528216989] [robot_4.robot_supervisor]: Selected controllable event: EV_rotate_clockwise
[robot_supervisor-19] [INFO] [1776701074.528460977] [robot_4.robot_supervisor]: rotate_90 blocked by recent completion; stopping this tick
[robot_supervisor-16] [INFO] [1776701074.553739319] [robot_3.robot_supervisor]: Selected controllable event: EV_random_walk
[robot_supervisor-10] [INFO] [1776701074.557937084] [robot_1.robot_supervisor]: Selected controllable event: EV_rotate_clockwise
[robot_supervisor-7] [INFO] [1776701074.559595331] [robot_0.robot_supervisor]: Selected controllable event: EV_move_forward
[robot_supervisor-13] [INFO] [1776701074.593545254] [robot_2.robot_supervisor]: Selected controllable event: EV_rotate_counterclockwise
[robot_supervisor-19] [INFO] [1776701074.628409263] [robot_4.robot_supervisor]: Selected controllable event: EV_rotate_clockwise
[image_processor-22] [INFO] [1776701074.661000275] [robot_1.image_processor]: Zone=CLEAR  left[p=1.576 near=0 v=7397]  front[p=2.782 near=0 v=9664]  right[p=2.782 near=0 v=4825]
[robot_supervisor-10] [INFO] [1776701074.661972575] [robot_1.robot_supervisor]: Detected zone changed to CLEAR
[image_processor-24] [INFO] [1776701074.669419399] [robot_3.image_processor]: Zone=LEFT  left[p=0.599 near=7269 v=7650]  front[p=0.875 near=44 v=13500]  right[p=1.808 near=0 v=6919]
[robot_supervisor-16] [INFO] [1776701074.670365778] [robot_3.robot_supervisor]: Detected zone changed to LEFT
[image_processor-23] [INFO] [1776701074.681136426] [robot_2.image_processor]: Zone=CORNER  left[p=0.847 near=0 v=7650]  front[p=0.790 near=1759 v=12195]  right[p=3.122 near=0 v=5965]
[robot_supervisor-13] [INFO] [1776701074.681876962] [robot_2.robot_supervisor]: Detected zone changed to CORNER
[image_processor-21] [INFO] [1776701074.692930360] [robot_0.image_processor]: Zone=CLEAR
[image_processor-25] [INFO] [1776701074.700414615] [robot_4.image_processor]: Zone=LEFT
[robot_supervisor-16] [INFO] [1776701074.853976409] [robot_3.robot_supervisor]: Selected controllable event: EV_rotate_clockwise
[robot_supervisor-7] [INFO] [1776701074.859710508] [robot_0.robot_supervisor]: Selected controllable event: EV_random_walk
[robot_supervisor-7] [INFO] [1776701075.159738775] [robot_0.robot_supervisor]: Selected controllable event: EV_random_walk
[robot_supervisor-7] [INFO] [1776701075.459489278] [robot_0.robot_supervisor]: Selected controllable event: EV_move_forward
[robot_supervisor-7] [INFO] [1776701075.759628388] [robot_0.robot_supervisor]: Selected controllable event: EV_move_forward
[robot_supervisor-7] [INFO] [1776701076.059565172] [robot_0.robot_supervisor]: Selected controllable event: EV_move_forward
[robot_supervisor-7] [INFO] [1776701076.359791912] [robot_0.robot_supervisor]: Selected controllable event: EV_move_forward
[robot_supervisor-10] [INFO] [1776701076.658253976] [robot_1.robot_supervisor]: Selected controllable event: EV_random_walk
[robot_supervisor-7] [INFO] [1776701076.659758023] [robot_0.robot_supervisor]: Selected controllable event: EV_random_walk
[robot_supervisor-19] [INFO] [1776701076.728314696] [robot_4.robot_supervisor]: Selected controllable event: EV_rotate_clockwise
[robot_supervisor-19] [INFO] [1776701076.728579417] [robot_4.robot_supervisor]: rotate_90 blocked by recent completion; stopping this tick
[robot_supervisor-13] [INFO] [1776701076.793378712] [robot_2.robot_supervisor]: Selected controllable event: EV_rotate_clockwise
[robot_supervisor-13] [INFO] [1776701076.793753442] [robot_2.robot_supervisor]: rotate_90 blocked by recent completion; stopping this tick
[robot_supervisor-19] [INFO] [1776701076.828416128] [robot_4.robot_supervisor]: Selected controllable event: EV_rotate_clockwise
[robot_supervisor-19] [INFO] [1776701076.829067862] [robot_4.robot_supervisor]: rotate_90 blocked by recent completion; stopping this tick
[robot_supervisor-16] [INFO] [1776701076.853714551] [robot_3.robot_supervisor]: Selected controllable event: EV_rotate_clockwise
[robot_supervisor-16] [INFO] [1776701076.854075366] [robot_3.robot_supervisor]: rotate_90 blocked by recent completion; stopping this tick
[robot_supervisor-13] [INFO] [1776701076.893344723] [robot_2.robot_supervisor]: Selected controllable event: EV_rotate_clockwise
[robot_supervisor-13] [INFO] [1776701076.893706568] [robot_2.robot_supervisor]: rotate_90 blocked by recent completion; stopping this tick
[robot_supervisor-19] [INFO] [1776701076.928556714] [robot_4.robot_supervisor]: Selected controllable event: EV_rotate_clockwise
[robot_supervisor-19] [INFO] [1776701076.929041903] [robot_4.robot_supervisor]: rotate_90 blocked by recent completion; stopping this tick
[robot_supervisor-16] [INFO] [1776701076.953955020] [robot_3.robot_supervisor]: Selected controllable event: EV_rotate_clockwise
[robot_supervisor-16] [INFO] [1776701076.954325019] [robot_3.robot_supervisor]: rotate_90 blocked by recent completion; stopping this tick
[robot_supervisor-10] [INFO] [1776701076.958044824] [robot_1.robot_supervisor]: Selected controllable event: EV_random_walk
[robot_supervisor-7] [INFO] [1776701076.959347391] [robot_0.robot_supervisor]: Selected controllable event: EV_random_walk
[robot_supervisor-13] [INFO] [1776701076.993146153] [robot_2.robot_supervisor]: Selected controllable event: EV_rotate_clockwise
[robot_supervisor-19] [INFO] [1776701077.028306095] [robot_4.robot_supervisor]: Selected controllable event: EV_rotate_clockwise
[robot_supervisor-16] [INFO] [1776701077.053999407] [robot_3.robot_supervisor]: Selected controllable event: EV_rotate_clockwise
[robot_supervisor-16] [INFO] [1776701077.054502592] [robot_3.robot_supervisor]: rotate_90 blocked by recent completion; stopping this tick
[robot_supervisor-16] [INFO] [1776701077.153585389] [robot_3.robot_supervisor]: Selected controllable event: EV_rotate_clockwise
[image_processor-22] [INFO] [1776701077.160780209] [robot_1.image_processor]: Zone=RIGHT  left[p=2.994 near=0 v=5171]  front[p=2.129 near=0 v=12131]  right[p=0.539 near=4271 v=7740]
[robot_supervisor-10] [INFO] [1776701077.161755663] [robot_1.robot_supervisor]: Detected zone changed to RIGHT
[image_processor-24] [INFO] [1776701077.177844236] [robot_3.image_processor]: Zone=LEFT
[image_processor-23] [INFO] [1776701077.184817162] [robot_2.image_processor]: Zone=CORNER
[image_processor-21] [INFO] [1776701077.196896721] [robot_0.image_processor]: Zone=CLEAR
[image_processor-25] [INFO] [1776701077.206489884] [robot_4.image_processor]: Zone=CORNER  left[p=0.529 near=7650 v=7650]  front[p=0.498 near=13500 v=13500]  right[p=0.475 near=7740 v=7740]
[robot_supervisor-19] [INFO] [1776701077.206932463] [robot_4.robot_supervisor]: Detected zone changed to CORNER
[robot_supervisor-10] [INFO] [1776701077.257857287] [robot_1.robot_supervisor]: Selected controllable event: EV_rotate_counterclockwise
[robot_supervisor-7] [INFO] [1776701077.259604452] [robot_0.robot_supervisor]: Selected controllable event: EV_random_walk
[robot_supervisor-7] [INFO] [1776701077.559586772] [robot_0.robot_supervisor]: Selected controllable event: EV_random_walk
[robot_supervisor-7] [INFO] [1776701077.859613061] [robot_0.robot_supervisor]: Selected controllable event: EV_random_walk
[robot_supervisor-7] [INFO] [1776701078.159695623] [robot_0.robot_supervisor]: Selected controllable event: EV_random_walk
[robot_supervisor-7] [INFO] [1776701078.459872511] [robot_0.robot_supervisor]: Selected controllable event: EV_random_walk
[robot_supervisor-7] [INFO] [1776701078.759941423] [robot_0.robot_supervisor]: Selected controllable event: EV_random_walk
[robot_supervisor-7] [INFO] [1776701079.059591045] [robot_0.robot_supervisor]: Selected controllable event: EV_move_forward
[robot_supervisor-13] [INFO] [1776701079.193188526] [robot_2.robot_supervisor]: Selected controllable event: EV_rotate_clockwise
[robot_supervisor-13] [INFO] [1776701079.193474141] [robot_2.robot_supervisor]: rotate_90 blocked by recent completion; stopping this tick
[robot_supervisor-19] [INFO] [1776701079.228414776] [robot_4.robot_supervisor]: Selected controllable event: EV_rotate_clockwise
[robot_supervisor-19] [INFO] [1776701079.228763516] [robot_4.robot_supervisor]: rotate_90 blocked by recent completion; stopping this tick
[robot_supervisor-16] [INFO] [1776701079.253817176] [robot_3.robot_supervisor]: Selected controllable event: EV_rotate_clockwise
[robot_supervisor-16] [INFO] [1776701079.254171358] [robot_3.robot_supervisor]: rotate_90 blocked by recent completion; stopping this tick
[robot_supervisor-13] [INFO] [1776701079.293355034] [robot_2.robot_supervisor]: Selected controllable event: EV_rotate_clockwise
[robot_supervisor-13] [INFO] [1776701079.293799109] [robot_2.robot_supervisor]: rotate_90 blocked by recent completion; stopping this tick
[robot_supervisor-19] [INFO] [1776701079.328619353] [robot_4.robot_supervisor]: Selected controllable event: EV_rotate_clockwise
[robot_supervisor-19] [INFO] [1776701079.329120221] [robot_4.robot_supervisor]: rotate_90 blocked by recent completion; stopping this tick
[robot_supervisor-16] [INFO] [1776701079.353817007] [robot_3.robot_supervisor]: Selected controllable event: EV_rotate_clockwise
[robot_supervisor-16] [INFO] [1776701079.354199962] [robot_3.robot_supervisor]: rotate_90 blocked by recent completion; stopping this tick
[robot_supervisor-7] [INFO] [1776701079.359580063] [robot_0.robot_supervisor]: Selected controllable event: EV_move_forward
[robot_supervisor-13] [INFO] [1776701079.393579398] [robot_2.robot_supervisor]: Selected controllable event: EV_rotate_clockwise
[robot_supervisor-19] [INFO] [1776701079.428674172] [robot_4.robot_supervisor]: Selected controllable event: EV_rotate_clockwise
[robot_supervisor-16] [INFO] [1776701079.453704143] [robot_3.robot_supervisor]: Selected controllable event: EV_rotate_clockwise
[robot_supervisor-16] [INFO] [1776701079.454067099] [robot_3.robot_supervisor]: rotate_90 blocked by recent completion; stopping this tick
[robot_supervisor-10] [INFO] [1776701079.458052406] [robot_1.robot_supervisor]: Selected controllable event: EV_rotate_counterclockwise
[robot_supervisor-10] [INFO] [1776701079.458588718] [robot_1.robot_supervisor]: rotate_90 blocked by recent completion; stopping this tick
[robot_supervisor-16] [INFO] [1776701079.553695436] [robot_3.robot_supervisor]: Selected controllable event: EV_rotate_clockwise
[robot_supervisor-10] [INFO] [1776701079.557836390] [robot_1.robot_supervisor]: Selected controllable event: EV_rotate_counterclockwise
[robot_supervisor-10] [INFO] [1776701079.558088346] [robot_1.robot_supervisor]: rotate_90 blocked by recent completion; stopping this tick
[robot_supervisor-10] [INFO] [1776701079.658091923] [robot_1.robot_supervisor]: Selected controllable event: EV_rotate_counterclockwise
[image_processor-22] [INFO] [1776701079.659402970] [robot_1.image_processor]: Zone=RIGHT
[robot_supervisor-7] [INFO] [1776701079.659982394] [robot_0.robot_supervisor]: Selected controllable event: EV_random_walk
[image_processor-24] [INFO] [1776701079.670603491] [robot_3.image_processor]: Zone=RIGHT  left[p=2.565 near=0 v=5710]  front[p=1.112 near=0 v=13254]  right[p=0.766 near=1887 v=7740]
[robot_supervisor-16] [INFO] [1776701079.671111607] [robot_3.robot_supervisor]: Detected zone changed to RIGHT
[image_processor-23] [INFO] [1776701079.683730797] [robot_2.image_processor]: Zone=CORNER
[image_processor-21] [INFO] [1776701079.694345536] [robot_0.image_processor]: Zone=CLEAR
[image_processor-25] [INFO] [1776701079.705754398] [robot_4.image_processor]: Zone=LEFT  left[p=0.693 near=2565 v=7650]  front[p=1.743 near=0 v=12082]  right[p=1.736 near=0 v=5676]
[robot_supervisor-19] [INFO] [1776701079.706485856] [robot_4.robot_supervisor]: Detected zone changed to LEFT
[robot_supervisor-7] [INFO] [1776701079.959707507] [robot_0.robot_supervisor]: Selected controllable event: EV_random_walk
[robot_supervisor-7] [INFO] [1776701080.259909795] [robot_0.robot_supervisor]: Selected controllable event: EV_move_forward
[robot_supervisor-7] [INFO] [1776701080.559560964] [robot_0.robot_supervisor]: Selected controllable event: EV_move_forward
[robot_supervisor-7] [INFO] [1776701080.859520020] [robot_0.robot_supervisor]: Selected controllable event: EV_move_forward
[robot_supervisor-7] [INFO] [1776701081.159775034] [robot_0.robot_supervisor]: Selected controllable event: EV_move_forward
[robot_supervisor-7] [INFO] [1776701081.459593378] [robot_0.robot_supervisor]: Selected controllable event: EV_random_walk
[robot_supervisor-13] [INFO] [1776701081.593587138] [robot_2.robot_supervisor]: Selected controllable event: EV_rotate_clockwise
[robot_supervisor-13] [INFO] [1776701081.594088614] [robot_2.robot_supervisor]: rotate_90 blocked by recent completion; stopping this tick
[robot_supervisor-19] [INFO] [1776701081.628363414] [robot_4.robot_supervisor]: Selected controllable event: EV_rotate_clockwise
[robot_supervisor-19] [INFO] [1776701081.628739518] [robot_4.robot_supervisor]: rotate_90 blocked by recent completion; stopping this tick
[robot_supervisor-16] [INFO] [1776701081.653618759] [robot_3.robot_supervisor]: Selected controllable event: EV_rotate_counterclockwise
[robot_supervisor-16] [INFO] [1776701081.653835501] [robot_3.robot_supervisor]: rotate_90 blocked by recent completion; stopping this tick
[robot_supervisor-13] [INFO] [1776701081.693174833] [robot_2.robot_supervisor]: Selected controllable event: EV_rotate_clockwise
[robot_supervisor-13] [INFO] [1776701081.693404142] [robot_2.robot_supervisor]: rotate_90 blocked by recent completion; stopping this tick
[robot_supervisor-19] [INFO] [1776701081.728471453] [robot_4.robot_supervisor]: Selected controllable event: EV_rotate_clockwise
[robot_supervisor-19] [INFO] [1776701081.728851928] [robot_4.robot_supervisor]: rotate_90 blocked by recent completion; stopping this tick
[robot_supervisor-16] [INFO] [1776701081.753495127] [robot_3.robot_supervisor]: Selected controllable event: EV_rotate_counterclockwise
[robot_supervisor-16] [INFO] [1776701081.753682487] [robot_3.robot_supervisor]: rotate_90 blocked by recent completion; stopping this tick
[robot_supervisor-10] [INFO] [1776701081.757829616] [robot_1.robot_supervisor]: Selected controllable event: EV_rotate_counterclockwise
[robot_supervisor-10] [INFO] [1776701081.758181752] [robot_1.robot_supervisor]: rotate_90 blocked by recent completion; stopping this tick
[robot_supervisor-7] [INFO] [1776701081.759599842] [robot_0.robot_supervisor]: Selected controllable event: EV_random_walk
[robot_supervisor-13] [INFO] [1776701081.793390618] [robot_2.robot_supervisor]: Selected controllable event: EV_rotate_clockwise
[robot_supervisor-19] [INFO] [1776701081.828380707] [robot_4.robot_supervisor]: Selected controllable event: EV_rotate_clockwise
[robot_supervisor-16] [INFO] [1776701081.853830648] [robot_3.robot_supervisor]: Selected controllable event: EV_rotate_counterclockwise
[robot_supervisor-16] [INFO] [1776701081.854210304] [robot_3.robot_supervisor]: rotate_90 blocked by recent completion; stopping this tick
[robot_supervisor-10] [INFO] [1776701081.857792888] [robot_1.robot_supervisor]: Selected controllable event: EV_rotate_counterclockwise
[robot_supervisor-10] [INFO] [1776701081.858116819] [robot_1.robot_supervisor]: rotate_90 blocked by recent completion; stopping this tick
[robot_supervisor-16] [INFO] [1776701081.953666801] [robot_3.robot_supervisor]: Selected controllable event: EV_rotate_counterclockwise
[robot_supervisor-10] [INFO] [1776701081.957735653] [robot_1.robot_supervisor]: Selected controllable event: EV_rotate_counterclockwise
[robot_supervisor-10] [INFO] [1776701081.958074178] [robot_1.robot_supervisor]: rotate_90 blocked by recent completion; stopping this tick
[robot_supervisor-10] [INFO] [1776701082.058270384] [robot_1.robot_supervisor]: Selected controllable event: EV_rotate_counterclockwise
[robot_supervisor-7] [INFO] [1776701082.059815385] [robot_0.robot_supervisor]: Selected controllable event: EV_move_forward
[image_processor-22] [INFO] [1776701082.155052132] [robot_1.image_processor]: Zone=CORNER  left[p=0.292 near=7650 v=7650]  front[p=0.530 near=4776 v=13500]  right[p=1.819 near=0 v=7740]
[robot_supervisor-10] [INFO] [1776701082.155845705] [robot_1.robot_supervisor]: Detected zone changed to CORNER
[image_processor-24] [INFO] [1776701082.163130780] [robot_3.image_processor]: Zone=CORNER  left[p=1.227 near=0 v=7650]  front[p=0.700 near=5085 v=13500]  right[p=0.547 near=7740 v=7740]
[robot_supervisor-16] [INFO] [1776701082.163593391] [robot_3.robot_supervisor]: Detected zone changed to CORNER
[image_processor-23] [INFO] [1776701082.178862125] [robot_2.image_processor]: Zone=CLEAR  left[p=3.122 near=0 v=5429]  front[p=2.521 near=0 v=8531]  right[p=3.122 near=0 v=6735]
[robot_supervisor-13] [INFO] [1776701082.179462972] [robot_2.robot_supervisor]: Detected zone changed to CLEAR
[image_processor-21] [INFO] [1776701082.191452494] [robot_0.image_processor]: Zone=CLEAR
[image_processor-25] [INFO] [1776701082.205111947] [robot_4.image_processor]: Zone=RIGHT  left[p=2.876 near=0 v=4614]  front[p=2.876 near=0 v=8252]  right[p=0.757 near=2666 v=7590]
[robot_supervisor-19] [INFO] [1776701082.205902363] [robot_4.robot_supervisor]: Detected zone changed to RIGHT
[robot_supervisor-7] [INFO] [1776701082.359704222] [robot_0.robot_supervisor]: Selected controllable event: EV_move_forward
[robot_supervisor-7] [INFO] [1776701082.659759294] [robot_0.robot_supervisor]: Selected controllable event: EV_random_walk
[robot_supervisor-7] [INFO] [1776701082.959478135] [robot_0.robot_supervisor]: Selected controllable event: EV_random_walk
[robot_supervisor-7] [INFO] [1776701083.259642487] [robot_0.robot_supervisor]: Selected controllable event: EV_random_walk
[robot_supervisor-7] [INFO] [1776701083.559639658] [robot_0.robot_supervisor]: Selected controllable event: EV_random_walk
[robot_supervisor-7] [INFO] [1776701083.859453179] [robot_0.robot_supervisor]: Selected controllable event: EV_move_forward
[robot_supervisor-13] [INFO] [1776701083.893253686] [robot_2.robot_supervisor]: Selected controllable event: EV_random_walk
[robot_supervisor-19] [INFO] [1776701083.928358493] [robot_4.robot_supervisor]: Selected controllable event: EV_rotate_counterclockwise
[robot_supervisor-19] [INFO] [1776701083.928728395] [robot_4.robot_supervisor]: rotate_90 blocked by recent completion; stopping this tick
[robot_supervisor-19] [INFO] [1776701084.028336148] [robot_4.robot_supervisor]: Selected controllable event: EV_rotate_counterclockwise
[robot_supervisor-19] [INFO] [1776701084.028748784] [robot_4.robot_supervisor]: rotate_90 blocked by recent completion; stopping this tick
[robot_supervisor-19] [INFO] [1776701084.128476321] [robot_4.robot_supervisor]: Selected controllable event: EV_rotate_counterclockwise
[robot_supervisor-19] [INFO] [1776701084.128874961] [robot_4.robot_supervisor]: rotate_90 blocked by recent completion; stopping this tick
[robot_supervisor-16] [INFO] [1776701084.154080919] [robot_3.robot_supervisor]: Selected controllable event: EV_rotate_clockwise
[robot_supervisor-16] [INFO] [1776701084.154600595] [robot_3.robot_supervisor]: rotate_90 blocked by recent completion; stopping this tick
[robot_supervisor-10] [INFO] [1776701084.158141436] [robot_1.robot_supervisor]: Selected controllable event: EV_rotate_clockwise
[robot_supervisor-10] [INFO] [1776701084.158670960] [robot_1.robot_supervisor]: rotate_90 blocked by recent completion; stopping this tick
[robot_supervisor-7] [INFO] [1776701084.159879425] [robot_0.robot_supervisor]: Selected controllable event: EV_move_forward
[robot_supervisor-13] [INFO] [1776701084.193647748] [robot_2.robot_supervisor]: Selected controllable event: EV_random_walk
[robot_supervisor-19] [INFO] [1776701084.228490142] [robot_4.robot_supervisor]: Selected controllable event: EV_rotate_counterclockwise
[robot_supervisor-16] [INFO] [1776701084.253489180] [robot_3.robot_supervisor]: Selected controllable event: EV_rotate_clockwise
[robot_supervisor-16] [INFO] [1776701084.253665622] [robot_3.robot_supervisor]: rotate_90 blocked by recent completion; stopping this tick
[robot_supervisor-10] [INFO] [1776701084.257970294] [robot_1.robot_supervisor]: Selected controllable event: EV_rotate_clockwise
[robot_supervisor-10] [INFO] [1776701084.258342912] [robot_1.robot_supervisor]: rotate_90 blocked by recent completion; stopping this tick
[robot_supervisor-16] [INFO] [1776701084.353412116] [robot_3.robot_supervisor]: Selected controllable event: EV_rotate_clockwise
[robot_supervisor-10] [INFO] [1776701084.357927176] [robot_1.robot_supervisor]: Selected controllable event: EV_rotate_clockwise
[robot_supervisor-10] [INFO] [1776701084.358466764] [robot_1.robot_supervisor]: rotate_90 blocked by recent completion; stopping this tick
[robot_supervisor-10] [INFO] [1776701084.457835230] [robot_1.robot_supervisor]: Selected controllable event: EV_rotate_clockwise
[robot_supervisor-7] [INFO] [1776701084.459557440] [robot_0.robot_supervisor]: Selected controllable event: EV_move_forward
[robot_supervisor-13] [INFO] [1776701084.493350464] [robot_2.robot_supervisor]: Selected controllable event: EV_move_forward
[image_processor-22] [INFO] [1776701084.655806567] [robot_1.image_processor]: Zone=CORNER
[image_processor-24] [INFO] [1776701084.665435889] [robot_3.image_processor]: Zone=RIGHT  left[p=3.472 near=0 v=6470]  front[p=1.050 near=0 v=13466]  right[p=0.772 near=1652 v=7740]
[robot_supervisor-16] [INFO] [1776701084.665966163] [robot_3.robot_supervisor]: Detected zone changed to RIGHT
[image_processor-23] [INFO] [1776701084.677175377] [robot_2.image_processor]: Zone=RIGHT  left[p=3.239 near=0 v=7162]  front[p=0.601 near=5775 v=13332]  right[p=0.411 near=7740 v=7740]
[robot_supervisor-13] [INFO] [1776701084.677804900] [robot_2.robot_supervisor]: Detected zone changed to RIGHT
[image_processor-21] [INFO] [1776701084.686491978] [robot_0.image_processor]: Zone=CLEAR
[image_processor-25] [INFO] [1776701084.693801405] [robot_4.image_processor]: Zone=LEFT  left[p=0.754 near=2610 v=7650]  front[p=1.013 near=0 v=13500]  right[p=0.882 near=0 v=7740]
[robot_supervisor-19] [INFO] [1776701084.694251378] [robot_4.robot_supervisor]: Detected zone changed to LEFT
[robot_supervisor-7] [INFO] [1776701084.759585917] [robot_0.robot_supervisor]: Selected controllable event: EV_move_forward
[robot_supervisor-13] [INFO] [1776701084.793557572] [robot_2.robot_supervisor]: Selected controllable event: EV_rotate_counterclockwise
[robot_supervisor-7] [INFO] [1776701085.059625767] [robot_0.robot_supervisor]: Selected controllable event: EV_random_walk
[robot_supervisor-7] [INFO] [1776701085.359850437] [robot_0.robot_supervisor]: Selected controllable event: EV_random_walk
[robot_supervisor-7] [INFO] [1776701085.659700372] [robot_0.robot_supervisor]: Selected controllable event: EV_move_forward
[robot_supervisor-7] [INFO] [1776701085.959609280] [robot_0.robot_supervisor]: Selected controllable event: EV_move_forward
[robot_supervisor-7] [INFO] [1776701086.259670917] [robot_0.robot_supervisor]: Selected controllable event: EV_move_forward
[robot_supervisor-19] [INFO] [1776701086.328396452] [robot_4.robot_supervisor]: Selected controllable event: EV_rotate_clockwise
[robot_supervisor-19] [INFO] [1776701086.328871310] [robot_4.robot_supervisor]: rotate_90 blocked by recent completion; stopping this tick
[robot_supervisor-19] [INFO] [1776701086.428411030] [robot_4.robot_supervisor]: Selected controllable event: EV_rotate_clockwise
[robot_supervisor-19] [INFO] [1776701086.428781011] [robot_4.robot_supervisor]: rotate_90 blocked by recent completion; stopping this tick
[robot_supervisor-19] [INFO] [1776701086.528220860] [robot_4.robot_supervisor]: Selected controllable event: EV_rotate_clockwise
[robot_supervisor-19] [INFO] [1776701086.528483180] [robot_4.robot_supervisor]: rotate_90 blocked by recent completion; stopping this tick
[robot_supervisor-16] [INFO] [1776701086.553574198] [robot_3.robot_supervisor]: Selected controllable event: EV_rotate_counterclockwise
[robot_supervisor-16] [INFO] [1776701086.553775107] [robot_3.robot_supervisor]: rotate_90 blocked by recent completion; stopping this tick
[robot_supervisor-10] [INFO] [1776701086.558053035] [robot_1.robot_supervisor]: Selected controllable event: EV_rotate_clockwise
[robot_supervisor-10] [INFO] [1776701086.558433896] [robot_1.robot_supervisor]: rotate_90 blocked by recent completion; stopping this tick
[robot_supervisor-7] [INFO] [1776701086.559600492] [robot_0.robot_supervisor]: Selected controllable event: EV_move_forward
[robot_supervisor-19] [INFO] [1776701086.628378813] [robot_4.robot_supervisor]: Selected controllable event: EV_rotate_clockwise
[robot_supervisor-16] [INFO] [1776701086.653614007] [robot_3.robot_supervisor]: Selected controllable event: EV_rotate_counterclockwise
[robot_supervisor-16] [INFO] [1776701086.653824798] [robot_3.robot_supervisor]: rotate_90 blocked by recent completion; stopping this tick
[robot_supervisor-10] [INFO] [1776701086.658141349] [robot_1.robot_supervisor]: Selected controllable event: EV_rotate_clockwise
[robot_supervisor-10] [INFO] [1776701086.658551893] [robot_1.robot_supervisor]: rotate_90 blocked by recent completion; stopping this tick
[robot_supervisor-16] [INFO] [1776701086.753509457] [robot_3.robot_supervisor]: Selected controllable event: EV_rotate_counterclockwise
[robot_supervisor-10] [INFO] [1776701086.758006882] [robot_1.robot_supervisor]: Selected controllable event: EV_rotate_clockwise
[robot_supervisor-10] [INFO] [1776701086.758367169] [robot_1.robot_supervisor]: rotate_90 blocked by recent completion; stopping this tick
[robot_supervisor-10] [INFO] [1776701086.858023623] [robot_1.robot_supervisor]: Selected controllable event: EV_rotate_clockwise
[robot_supervisor-7] [INFO] [1776701086.859572553] [robot_0.robot_supervisor]: Selected controllable event: EV_move_forward
[robot_supervisor-13] [INFO] [1776701086.893242750] [robot_2.robot_supervisor]: Selected controllable event: EV_rotate_counterclockwise
[robot_supervisor-13] [INFO] [1776701086.893448722] [robot_2.robot_supervisor]: rotate_90 blocked by recent completion; stopping this tick
[robot_supervisor-13] [INFO] [1776701086.993273208] [robot_2.robot_supervisor]: Selected controllable event: EV_rotate_counterclockwise
[robot_supervisor-13] [INFO] [1776701086.993542754] [robot_2.robot_supervisor]: rotate_90 blocked by recent completion; stopping this tick
[robot_supervisor-13] [INFO] [1776701087.093362976] [robot_2.robot_supervisor]: Selected controllable event: EV_rotate_counterclockwise
[robot_supervisor-13] [INFO] [1776701087.093738677] [robot_2.robot_supervisor]: rotate_90 blocked by recent completion; stopping this tick
[image_processor-22] [INFO] [1776701087.157377060] [robot_1.image_processor]: Zone=CORNER
[robot_supervisor-7] [INFO] [1776701087.159959070] [robot_0.robot_supervisor]: Selected controllable event: EV_move_forward
[image_processor-24] [INFO] [1776701087.167209311] [robot_3.image_processor]: Zone=CORNER  left[p=0.759 near=1836 v=7650]  front[p=0.740 near=3093 v=13500]  right[p=0.545 near=7740 v=7740]
[robot_supervisor-16] [INFO] [1776701087.167904351] [robot_3.robot_supervisor]: Detected zone changed to CORNER
[image_processor-23] [INFO] [1776701087.178050201] [robot_2.image_processor]: Zone=RIGHT
[image_processor-21] [INFO] [1776701087.188068491] [robot_0.image_processor]: Zone=CLEAR
[robot_supervisor-13] [INFO] [1776701087.193340946] [robot_2.robot_supervisor]: Selected controllable event: EV_rotate_counterclockwise
[image_processor-25] [INFO] [1776701087.199241367] [robot_4.image_processor]: Zone=RIGHT  left[p=2.876 near=0 v=4818]  front[p=0.933 near=0 v=9376]  right[p=0.782 near=1626 v=7740]
[robot_supervisor-19] [INFO] [1776701087.199912819] [robot_4.robot_supervisor]: Detected zone changed to RIGHT
[robot_supervisor-7] [INFO] [1776701087.460016721] [robot_0.robot_supervisor]: Selected controllable event: EV_move_forward
[robot_supervisor-7] [INFO] [1776701087.759726468] [robot_0.robot_supervisor]: Selected controllable event: EV_move_forward
[robot_supervisor-7] [INFO] [1776701088.059498295] [robot_0.robot_supervisor]: Selected controllable event: EV_move_forward
[robot_supervisor-7] [INFO] [1776701088.359477799] [robot_0.robot_supervisor]: Selected controllable event: EV_move_forward
[robot_supervisor-7] [INFO] [1776701088.659515063] [robot_0.robot_supervisor]: Selected controllable event: EV_random_walk
[robot_supervisor-19] [INFO] [1776701088.728431164] [robot_4.robot_supervisor]: Selected controllable event: EV_rotate_counterclockwise
[robot_supervisor-19] [INFO] [1776701088.728822560] [robot_4.robot_supervisor]: rotate_90 blocked by recent completion; stopping this tick
[robot_supervisor-19] [INFO] [1776701088.828388585] [robot_4.robot_supervisor]: Selected controllable event: EV_rotate_counterclockwise
[robot_supervisor-19] [INFO] [1776701088.828770733] [robot_4.robot_supervisor]: rotate_90 blocked by recent completion; stopping this tick
[robot_supervisor-16] [INFO] [1776701088.853714028] [robot_3.robot_supervisor]: Selected controllable event: EV_rotate_clockwise
[robot_supervisor-16] [INFO] [1776701088.854054479] [robot_3.robot_supervisor]: rotate_90 blocked by recent completion; stopping this tick
[robot_supervisor-19] [INFO] [1776701088.928349193] [robot_4.robot_supervisor]: Selected controllable event: EV_rotate_counterclockwise
[robot_supervisor-19] [INFO] [1776701088.928715297] [robot_4.robot_supervisor]: rotate_90 blocked by recent completion; stopping this tick
[robot_supervisor-16] [INFO] [1776701088.953952488] [robot_3.robot_supervisor]: Selected controllable event: EV_rotate_clockwise
[robot_supervisor-16] [INFO] [1776701088.954566694] [robot_3.robot_supervisor]: rotate_90 blocked by recent completion; stopping this tick
[robot_supervisor-7] [INFO] [1776701088.959501730] [robot_0.robot_supervisor]: Selected controllable event: EV_random_walk
[robot_supervisor-19] [INFO] [1776701089.028402356] [robot_4.robot_supervisor]: Selected controllable event: EV_rotate_counterclockwise
[robot_supervisor-16] [INFO] [1776701089.053692334] [robot_3.robot_supervisor]: Selected controllable event: EV_rotate_clockwise
[robot_supervisor-16] [INFO] [1776701089.054244768] [robot_3.robot_supervisor]: rotate_90 blocked by recent completion; stopping this tick
[robot_supervisor-10] [INFO] [1776701089.058188230] [robot_1.robot_supervisor]: Selected controllable event: EV_rotate_clockwise
[robot_supervisor-10] [INFO] [1776701089.058783007] [robot_1.robot_supervisor]: rotate_90 blocked by recent completion; stopping this tick
[robot_supervisor-16] [INFO] [1776701089.153570901] [robot_3.robot_supervisor]: Selected controllable event: EV_rotate_clockwise
[robot_supervisor-10] [INFO] [1776701089.157858351] [robot_1.robot_supervisor]: Selected controllable event: EV_rotate_clockwise
[robot_supervisor-10] [INFO] [1776701089.158072652] [robot_1.robot_supervisor]: rotate_90 blocked by recent completion; stopping this tick
[robot_supervisor-10] [INFO] [1776701089.257785338] [robot_1.robot_supervisor]: Selected controllable event: EV_rotate_clockwise
[robot_supervisor-7] [INFO] [1776701089.259698751] [robot_0.robot_supervisor]: Selected controllable event: EV_random_walk
[robot_supervisor-13] [INFO] [1776701089.293410969] [robot_2.robot_supervisor]: Selected controllable event: EV_rotate_counterclockwise
[robot_supervisor-13] [INFO] [1776701089.293928786] [robot_2.robot_supervisor]: rotate_90 blocked by recent completion; stopping this tick
[robot_supervisor-13] [INFO] [1776701089.393188896] [robot_2.robot_supervisor]: Selected controllable event: EV_rotate_counterclockwise
[robot_supervisor-13] [INFO] [1776701089.393423640] [robot_2.robot_supervisor]: rotate_90 blocked by recent completion; stopping this tick
[robot_supervisor-13] [INFO] [1776701089.493352055] [robot_2.robot_supervisor]: Selected controllable event: EV_rotate_counterclockwise
[robot_supervisor-13] [INFO] [1776701089.494358273] [robot_2.robot_supervisor]: rotate_90 blocked by recent completion; stopping this tick
[robot_supervisor-7] [INFO] [1776701089.559680776] [robot_0.robot_supervisor]: Selected controllable event: EV_random_walk
[robot_supervisor-13] [INFO] [1776701089.593372613] [robot_2.robot_supervisor]: Selected controllable event: EV_rotate_counterclockwise
[image_processor-22] [INFO] [1776701089.660878482] [robot_1.image_processor]: Zone=CLEAR  left[p=2.525 near=0 v=7505]  front[p=2.782 near=0 v=8478]  right[p=2.782 near=0 v=4886]
[robot_supervisor-10] [INFO] [1776701089.661581757] [robot_1.robot_supervisor]: Detected zone changed to CLEAR
[image_processor-24] [INFO] [1776701089.671148078] [robot_3.image_processor]: Zone=CLEAR  left[p=1.861 near=0 v=7596]  front[p=0.977 near=0 v=13500]  right[p=0.878 near=0 v=7740]
[robot_supervisor-16] [INFO] [1776701089.671667689] [robot_3.robot_supervisor]: Detected zone changed to CLEAR
[image_processor-23] [INFO] [1776701089.683115622] [robot_2.image_processor]: Zone=CLEAR  left[p=1.052 near=0 v=7650]  front[p=0.955 near=0 v=12292]  right[p=3.122 near=0 v=5870]
[robot_supervisor-13] [INFO] [1776701089.683645736] [robot_2.robot_supervisor]: Detected zone changed to CLEAR
[image_processor-21] [INFO] [1776701089.692204772] [robot_0.image_processor]: Zone=CLEAR
[image_processor-25] [INFO] [1776701089.700319998] [robot_4.image_processor]: Zone=LEFT  left[p=0.787 near=1157 v=7185]  front[p=0.958 near=0 v=13500]  right[p=1.295 near=0 v=7740]
[robot_supervisor-19] [INFO] [1776701089.701184167] [robot_4.robot_supervisor]: Detected zone changed to LEFT
[robot_supervisor-7] [INFO] [1776701089.859521062] [robot_0.robot_supervisor]: Selected controllable event: EV_move_forward
[robot_supervisor-7] [INFO] [1776701090.159620999] [robot_0.robot_supervisor]: Selected controllable event: EV_move_forward
[robot_supervisor-7] [INFO] [1776701090.459617712] [robot_0.robot_supervisor]: Selected controllable event: EV_move_forward
[robot_supervisor-7] [INFO] [1776701090.759786958] [robot_0.robot_supervisor]: Selected controllable event: EV_move_forward
[robot_supervisor-7] [INFO] [1776701091.059331428] [robot_0.robot_supervisor]: Selected controllable event: EV_random_walk
[robot_supervisor-19] [INFO] [1776701091.228799404] [robot_4.robot_supervisor]: Selected controllable event: EV_rotate_clockwise
[robot_supervisor-19] [INFO] [1776701091.229056379] [robot_4.robot_supervisor]: rotate_90 blocked by recent completion; stopping this tick
[robot_supervisor-16] [INFO] [1776701091.253942539] [robot_3.robot_supervisor]: Selected controllable event: EV_move_forward
[robot_supervisor-19] [INFO] [1776701091.328777231] [robot_4.robot_supervisor]: Selected controllable event: EV_rotate_clockwise
[robot_supervisor-19] [INFO] [1776701091.329176296] [robot_4.robot_supervisor]: rotate_90 blocked by recent completion; stopping this tick
[robot_supervisor-10] [INFO] [1776701091.358199132] [robot_1.robot_supervisor]: Selected controllable event: EV_move_forward
[robot_supervisor-7] [INFO] [1776701091.359590400] [robot_0.robot_supervisor]: Selected controllable event: EV_random_walk
[robot_supervisor-19] [INFO] [1776701091.428323402] [robot_4.robot_supervisor]: Selected controllable event: EV_rotate_clockwise
[robot_supervisor-16] [INFO] [1776701091.553794318] [robot_3.robot_supervisor]: Selected controllable event: EV_move_forward
[robot_supervisor-10] [INFO] [1776701091.657982477] [robot_1.robot_supervisor]: Selected controllable event: EV_move_forward
[robot_supervisor-7] [INFO] [1776701091.659574650] [robot_0.robot_supervisor]: Selected controllable event: EV_move_forward
[robot_supervisor-13] [INFO] [1776701091.693200655] [robot_2.robot_supervisor]: Selected controllable event: EV_move_forward
[robot_supervisor-16] [INFO] [1776701091.853725514] [robot_3.robot_supervisor]: Selected controllable event: EV_move_forward
[robot_supervisor-10] [INFO] [1776701091.957993674] [robot_1.robot_supervisor]: Selected controllable event: EV_random_walk
[robot_supervisor-7] [INFO] [1776701091.959619279] [robot_0.robot_supervisor]: Selected controllable event: EV_move_forward
[robot_supervisor-13] [INFO] [1776701091.993227831] [robot_2.robot_supervisor]: Selected controllable event: EV_move_forward
[robot_supervisor-16] [INFO] [1776701092.153562252] [robot_3.robot_supervisor]: Selected controllable event: EV_move_forward
[image_processor-22] [INFO] [1776701092.164807776] [robot_1.image_processor]: Zone=CLEAR
[image_processor-24] [INFO] [1776701092.172187568] [robot_3.image_processor]: Zone=CORNER  left[p=0.903 near=0 v=7650]  front[p=0.549 near=11575 v=13500]  right[p=0.437 near=7740 v=7740]
[robot_supervisor-16] [INFO] [1776701092.172650232] [robot_3.robot_supervisor]: Detected zone changed to CORNER
[image_processor-23] [INFO] [1776701092.180475726] [robot_2.image_processor]: Zone=CORNER  left[p=0.326 near=7650 v=7650]  front[p=0.416 near=10373 v=13500]  right[p=2.359 near=0 v=7740]
[robot_supervisor-13] [INFO] [1776701092.181207652] [robot_2.robot_supervisor]: Detected zone changed to CORNER
[image_processor-21] [INFO] [1776701092.190988739] [robot_0.image_processor]: Zone=CLEAR
[image_processor-25] [INFO] [1776701092.202871044] [robot_4.image_processor]: Zone=LEFT
[robot_supervisor-10] [INFO] [1776701092.258258558] [robot_1.robot_supervisor]: Selected controllable event: EV_random_walk
[robot_supervisor-7] [INFO] [1776701092.259606776] [robot_0.robot_supervisor]: Selected controllable event: EV_move_forward
[robot_supervisor-13] [INFO] [1776701092.293619300] [robot_2.robot_supervisor]: Selected controllable event: EV_rotate_clockwise
[robot_supervisor-16] [INFO] [1776701092.453703681] [robot_3.robot_supervisor]: Selected controllable event: EV_rotate_clockwise
[robot_supervisor-10] [INFO] [1776701092.557967597] [robot_1.robot_supervisor]: Selected controllable event: EV_move_forward
[robot_supervisor-7] [INFO] [1776701092.559938199] [robot_0.robot_supervisor]: Selected controllable event: EV_move_forward
[robot_supervisor-10] [INFO] [1776701092.858198112] [robot_1.robot_supervisor]: Selected controllable event: EV_move_forward
[robot_supervisor-7] [INFO] [1776701092.859849771] [robot_0.robot_supervisor]: Selected controllable event: EV_random_walk
[robot_supervisor-10] [INFO] [1776701093.157781583] [robot_1.robot_supervisor]: Selected controllable event: EV_move_forward
[robot_supervisor-7] [INFO] [1776701093.159379114] [robot_0.robot_supervisor]: Selected controllable event: EV_random_walk
[robot_supervisor-10] [INFO] [1776701093.457986230] [robot_1.robot_supervisor]: Selected controllable event: EV_move_forward
[robot_supervisor-7] [INFO] [1776701093.459615359] [robot_0.robot_supervisor]: Selected controllable event: EV_move_forward
[robot_supervisor-19] [INFO] [1776701093.628180586] [robot_4.robot_supervisor]: Selected controllable event: EV_rotate_clockwise
[robot_supervisor-19] [INFO] [1776701093.628403483] [robot_4.robot_supervisor]: rotate_90 blocked by recent completion; stopping this tick
[robot_supervisor-19] [INFO] [1776701093.728247053] [robot_4.robot_supervisor]: Selected controllable event: EV_rotate_clockwise
[robot_supervisor-19] [INFO] [1776701093.728474457] [robot_4.robot_supervisor]: rotate_90 blocked by recent completion; stopping this tick
[robot_supervisor-10] [INFO] [1776701093.758583098] [robot_1.robot_supervisor]: Selected controllable event: EV_move_forward
[robot_supervisor-7] [INFO] [1776701093.759839876] [robot_0.robot_supervisor]: Selected controllable event: EV_move_forward
[robot_supervisor-19] [INFO] [1776701093.828470544] [robot_4.robot_supervisor]: Selected controllable event: EV_rotate_clockwise
[robot_supervisor-10] [INFO] [1776701094.057988001] [robot_1.robot_supervisor]: Selected controllable event: EV_move_forward
[robot_supervisor-7] [INFO] [1776701094.059643172] [robot_0.robot_supervisor]: Selected controllable event: EV_random_walk
[robot_supervisor-10] [INFO] [1776701094.358215585] [robot_1.robot_supervisor]: Selected controllable event: EV_random_walk
[robot_supervisor-7] [INFO] [1776701094.359571988] [robot_0.robot_supervisor]: Selected controllable event: EV_random_walk
[robot_supervisor-13] [INFO] [1776701094.493166772] [robot_2.robot_supervisor]: Selected controllable event: EV_rotate_clockwise
[robot_supervisor-13] [INFO] [1776701094.493343210] [robot_2.robot_supervisor]: rotate_90 blocked by recent completion; stopping this tick
[robot_supervisor-13] [INFO] [1776701094.593058709] [robot_2.robot_supervisor]: Selected controllable event: EV_rotate_clockwise
[robot_supervisor-13] [INFO] [1776701094.593229811] [robot_2.robot_supervisor]: rotate_90 blocked by recent completion; stopping this tick
[robot_supervisor-16] [INFO] [1776701094.653944115] [robot_3.robot_supervisor]: Selected controllable event: EV_rotate_clockwise
[robot_supervisor-16] [INFO] [1776701094.654435753] [robot_3.robot_supervisor]: rotate_90 blocked by recent completion; stopping this tick
[robot_supervisor-10] [INFO] [1776701094.658015969] [robot_1.robot_supervisor]: Selected controllable event: EV_random_walk
[robot_supervisor-7] [INFO] [1776701094.659526158] [robot_0.robot_supervisor]: Selected controllable event: EV_random_walk
[image_processor-22] [INFO] [1776701094.661076393] [robot_1.image_processor]: Zone=CLEAR
[image_processor-24] [INFO] [1776701094.673095849] [robot_3.image_processor]: Zone=CORNER
[image_processor-23] [INFO] [1776701094.686084710] [robot_2.image_processor]: Zone=CLEAR  left[p=1.088 near=0 v=7650]  front[p=0.960 near=0 v=12454]  right[p=3.121 near=0 v=5827]
[robot_supervisor-13] [INFO] [1776701094.686565380] [robot_2.robot_supervisor]: Detected zone changed to CLEAR
[robot_supervisor-13] [INFO] [1776701094.693132939] [robot_2.robot_supervisor]: Selected controllable event: EV_move_forward
[image_processor-21] [INFO] [1776701094.696277015] [robot_0.image_processor]: Zone=CORNER  left[p=0.178 near=7650 v=7650]  front[p=0.199 near=13500 v=13500]  right[p=0.238 near=7740 v=7740]
[robot_supervisor-7] [INFO] [1776701094.696763753] [robot_0.robot_supervisor]: Detected zone changed to CORNER
[bump_counter-3] [INFO] [1776701094.701969931] [bump_counter]: [global] bump #3 (obstacle) with: west_wall::link::collision
[image_processor-25] [INFO] [1776701094.703793677] [robot_4.image_processor]: Zone=CORNER  left[p=1.096 near=0 v=7650]  front[p=0.639 near=4645 v=13500]  right[p=0.425 near=7740 v=7740]
[robot_supervisor-19] [INFO] [1776701094.704466297] [robot_4.robot_supervisor]: Detected zone changed to CORNER
[robot_supervisor-16] [INFO] [1776701094.753507383] [robot_3.robot_supervisor]: Selected controllable event: EV_rotate_clockwise
[robot_supervisor-16] [INFO] [1776701094.753679057] [robot_3.robot_supervisor]: rotate_90 blocked by recent completion; stopping this tick
[robot_supervisor-16] [INFO] [1776701094.853696331] [robot_3.robot_supervisor]: Selected controllable event: EV_rotate_clockwise
[robot_supervisor-10] [INFO] [1776701094.958197920] [robot_1.robot_supervisor]: Selected controllable event: EV_random_walk
[robot_supervisor-7] [INFO] [1776701094.959559067] [robot_0.robot_supervisor]: Selected controllable event: EV_rotate_clockwise
[robot_supervisor-13] [INFO] [1776701094.993434030] [robot_2.robot_supervisor]: Selected controllable event: EV_move_forward
[robot_supervisor-10] [INFO] [1776701095.258072552] [robot_1.robot_supervisor]: Selected controllable event: EV_random_walk
[robot_supervisor-13] [INFO] [1776701095.293289275] [robot_2.robot_supervisor]: Selected controllable event: EV_move_forward
[robot_supervisor-10] [INFO] [1776701095.557999997] [robot_1.robot_supervisor]: Selected controllable event: EV_random_walk
[robot_supervisor-13] [INFO] [1776701095.593613304] [robot_2.robot_supervisor]: Selected controllable event: EV_move_forward
[robot_supervisor-10] [INFO] [1776701095.858236448] [robot_1.robot_supervisor]: Selected controllable event: EV_random_walk
[robot_supervisor-13] [INFO] [1776701095.893233171] [robot_2.robot_supervisor]: Selected controllable event: EV_move_forward
[robot_supervisor-19] [INFO] [1776701095.928456941] [robot_4.robot_supervisor]: Selected controllable event: EV_rotate_clockwise
[robot_supervisor-19] [INFO] [1776701095.928845307] [robot_4.robot_supervisor]: rotate_90 blocked by recent completion; stopping this tick
[robot_supervisor-19] [INFO] [1776701096.028344330] [robot_4.robot_supervisor]: Selected controllable event: EV_rotate_clockwise
[robot_supervisor-19] [INFO] [1776701096.028702727] [robot_4.robot_supervisor]: rotate_90 blocked by recent completion; stopping this tick
[robot_supervisor-19] [INFO] [1776701096.128399670] [robot_4.robot_supervisor]: Selected controllable event: EV_rotate_clockwise
[robot_supervisor-19] [INFO] [1776701096.128823812] [robot_4.robot_supervisor]: rotate_90 blocked by recent completion; stopping this tick
[robot_supervisor-10] [INFO] [1776701096.157939996] [robot_1.robot_supervisor]: Selected controllable event: EV_move_forward
[robot_supervisor-13] [INFO] [1776701096.193766079] [robot_2.robot_supervisor]: Selected controllable event: EV_move_forward
[robot_supervisor-19] [INFO] [1776701096.228792923] [robot_4.robot_supervisor]: Selected controllable event: EV_rotate_clockwise
[robot_supervisor-10] [INFO] [1776701096.458015156] [robot_1.robot_supervisor]: Selected controllable event: EV_move_forward
[robot_supervisor-13] [INFO] [1776701096.493348296] [robot_2.robot_supervisor]: Selected controllable event: EV_move_forward
[robot_supervisor-10] [INFO] [1776701096.758074595] [robot_1.robot_supervisor]: Selected controllable event: EV_random_walk
[robot_supervisor-13] [INFO] [1776701096.793436433] [robot_2.robot_supervisor]: Selected controllable event: EV_move_forward
[robot_supervisor-7] [INFO] [1776701096.959974613] [robot_0.robot_supervisor]: Selected controllable event: EV_rotate_clockwise
[robot_supervisor-7] [INFO] [1776701096.960469887] [robot_0.robot_supervisor]: rotate_90 blocked by recent completion; stopping this tick
[robot_supervisor-16] [INFO] [1776701097.053652751] [robot_3.robot_supervisor]: Selected controllable event: EV_rotate_clockwise
[robot_supervisor-16] [INFO] [1776701097.054093611] [robot_3.robot_supervisor]: rotate_90 blocked by recent completion; stopping this tick
[robot_supervisor-10] [INFO] [1776701097.057998423] [robot_1.robot_supervisor]: Selected controllable event: EV_random_walk
[robot_supervisor-7] [INFO] [1776701097.059588765] [robot_0.robot_supervisor]: Selected controllable event: EV_rotate_clockwise
[robot_supervisor-7] [INFO] [1776701097.059957550] [robot_0.robot_supervisor]: rotate_90 blocked by recent completion; stopping this tick
[robot_supervisor-13] [INFO] [1776701097.093347329] [robot_2.robot_supervisor]: Selected controllable event: EV_random_walk
[robot_supervisor-16] [INFO] [1776701097.153526810] [robot_3.robot_supervisor]: Selected controllable event: EV_rotate_clockwise
[robot_supervisor-16] [INFO] [1776701097.153716744] [robot_3.robot_supervisor]: rotate_90 blocked by recent completion; stopping this tick
[image_processor-22] [INFO] [1776701097.159107978] [robot_1.image_processor]: Zone=CLEAR
[robot_supervisor-7] [INFO] [1776701097.159927447] [robot_0.robot_supervisor]: Selected controllable event: EV_rotate_clockwise
[robot_supervisor-7] [INFO] [1776701097.160538008] [robot_0.robot_supervisor]: rotate_90 blocked by recent completion; stopping this tick
[image_processor-24] [INFO] [1776701097.175778239] [robot_3.image_processor]: Zone=CLEAR  left[p=3.110 near=0 v=5389]  front[p=2.682 near=0 v=6602]  right[p=2.348 near=0 v=4992]
[robot_supervisor-16] [INFO] [1776701097.176274335] [robot_3.robot_supervisor]: Detected zone changed to CLEAR
[image_processor-23] [INFO] [1776701097.188714194] [robot_2.image_processor]: Zone=CORNER  left[p=0.544 near=7650 v=7650]  front[p=0.468 near=10112 v=12822]  right[p=3.391 near=0 v=6095]
[robot_supervisor-13] [INFO] [1776701097.189215316] [robot_2.robot_supervisor]: Detected zone changed to CORNER
[image_processor-21] [INFO] [1776701097.203822205] [robot_0.image_processor]: Zone=LEFT  left[p=0.423 near=6696 v=7650]  front[p=1.150 near=0 v=12691]  right[p=0.491 near=5588 v=7740]
[robot_supervisor-7] [INFO] [1776701097.204400208] [robot_0.robot_supervisor]: Detected zone changed to LEFT
[image_processor-25] [INFO] [1776701097.212206895] [robot_4.image_processor]: Zone=CORNER
[robot_supervisor-16] [INFO] [1776701097.253525958] [robot_3.robot_supervisor]: Selected controllable event: EV_random_walk
[robot_supervisor-7] [INFO] [1776701097.259944626] [robot_0.robot_supervisor]: Selected controllable event: EV_rotate_clockwise
[robot_supervisor-10] [INFO] [1776701097.357997669] [robot_1.robot_supervisor]: Selected controllable event: EV_move_forward
[robot_supervisor-13] [INFO] [1776701097.393266341] [robot_2.robot_supervisor]: Selected controllable event: EV_rotate_clockwise
[robot_supervisor-16] [INFO] [1776701097.553717798] [robot_3.robot_supervisor]: Selected controllable event: EV_random_walk
[robot_supervisor-10] [INFO] [1776701097.658025459] [robot_1.robot_supervisor]: Selected controllable event: EV_move_forward
[robot_supervisor-16] [INFO] [1776701097.853772883] [robot_3.robot_supervisor]: Selected controllable event: EV_move_forward
[robot_supervisor-10] [INFO] [1776701097.957700796] [robot_1.robot_supervisor]: Selected controllable event: EV_random_walk
[bump_counter-3] [INFO] [1776701098.141886625] [bump_counter]: [global] bump #4 (obstacle) with: west_wall::link::collision
[robot_supervisor-16] [INFO] [1776701098.153553430] [robot_3.robot_supervisor]: Selected controllable event: EV_move_forward
[robot_supervisor-10] [INFO] [1776701098.257728465] [robot_1.robot_supervisor]: Selected controllable event: EV_random_walk
[robot_supervisor-19] [INFO] [1776701098.428353375] [robot_4.robot_supervisor]: Selected controllable event: EV_rotate_clockwise
[robot_supervisor-19] [INFO] [1776701098.428725234] [robot_4.robot_supervisor]: rotate_90 blocked by recent completion; stopping this tick
[robot_supervisor-16] [INFO] [1776701098.453676976] [robot_3.robot_supervisor]: Selected controllable event: EV_random_walk
[robot_supervisor-19] [INFO] [1776701098.528336790] [robot_4.robot_supervisor]: Selected controllable event: EV_rotate_clockwise
[robot_supervisor-19] [INFO] [1776701098.528693401] [robot_4.robot_supervisor]: rotate_90 blocked by recent completion; stopping this tick
[robot_supervisor-10] [INFO] [1776701098.557714098] [robot_1.robot_supervisor]: Selected controllable event: EV_random_walk
[robot_supervisor-19] [INFO] [1776701098.628311682] [robot_4.robot_supervisor]: Selected controllable event: EV_rotate_clockwise
[robot_supervisor-16] [INFO] [1776701098.753565042] [robot_3.robot_supervisor]: Selected controllable event: EV_random_walk
[robot_supervisor-10] [INFO] [1776701098.857969052] [robot_1.robot_supervisor]: Selected controllable event: EV_random_walk
[robot_supervisor-16] [INFO] [1776701099.053697508] [robot_3.robot_supervisor]: Selected controllable event: EV_move_forward
[robot_supervisor-10] [INFO] [1776701099.157842903] [robot_1.robot_supervisor]: Selected controllable event: EV_random_walk
[robot_supervisor-16] [INFO] [1776701099.353531969] [robot_3.robot_supervisor]: Selected controllable event: EV_move_forward
[robot_supervisor-7] [INFO] [1776701099.359573225] [robot_0.robot_supervisor]: Selected controllable event: EV_rotate_clockwise
[robot_supervisor-7] [INFO] [1776701099.359917005] [robot_0.robot_supervisor]: rotate_90 blocked by recent completion; stopping this tick
[robot_supervisor-10] [INFO] [1776701099.458019671] [robot_1.robot_supervisor]: Selected controllable event: EV_random_walk
[robot_supervisor-7] [INFO] [1776701099.459626377] [robot_0.robot_supervisor]: Selected controllable event: EV_rotate_clockwise
[robot_supervisor-7] [INFO] [1776701099.460008892] [robot_0.robot_supervisor]: rotate_90 blocked by recent completion; stopping this tick
[robot_supervisor-7] [INFO] [1776701099.559554033] [robot_0.robot_supervisor]: Selected controllable event: EV_rotate_clockwise
[robot_supervisor-7] [INFO] [1776701099.559944854] [robot_0.robot_supervisor]: rotate_90 blocked by recent completion; stopping this tick
[robot_supervisor-13] [INFO] [1776701099.593168528] [robot_2.robot_supervisor]: Selected controllable event: EV_rotate_clockwise
[robot_supervisor-13] [INFO] [1776701099.593347721] [robot_2.robot_supervisor]: rotate_90 blocked by recent completion; stopping this tick
[robot_supervisor-16] [INFO] [1776701099.653716864] [robot_3.robot_supervisor]: Selected controllable event: EV_random_walk
[image_processor-22] [INFO] [1776701099.654455251] [robot_1.image_processor]: Zone=CLEAR
[robot_supervisor-7] [INFO] [1776701099.659607344] [robot_0.robot_supervisor]: Selected controllable event: EV_rotate_clockwise
[image_processor-24] [INFO] [1776701099.667038232] [robot_3.image_processor]: Zone=CLEAR
[image_processor-23] [INFO] [1776701099.678729920] [robot_2.image_processor]: Zone=CLEAR  left[p=3.122 near=0 v=5768]  front[p=2.892 near=0 v=7901]  right[p=3.122 near=0 v=5907]
[robot_supervisor-13] [INFO] [1776701099.679471732] [robot_2.robot_supervisor]: Detected zone changed to CLEAR
[image_processor-21] [INFO] [1776701099.692904261] [robot_0.image_processor]: Zone=LEFT
[robot_supervisor-13] [INFO] [1776701099.693400851] [robot_2.robot_supervisor]: Selected controllable event: EV_random_walk
[image_processor-25] [INFO] [1776701099.714956855] [robot_4.image_processor]: Zone=CLEAR  left[p=3.025 near=0 v=6621]  front[p=2.224 near=0 v=7186]  right[p=2.876 near=0 v=5016]
[robot_supervisor-19] [INFO] [1776701099.715858060] [robot_4.robot_supervisor]: Detected zone changed to CLEAR
[robot_supervisor-10] [INFO] [1776701099.758000104] [robot_1.robot_supervisor]: Selected controllable event: EV_random_walk
[bump_counter-3] [INFO] [1776701099.950792041] [bump_counter]: [global] bump #5 (obstacle) with: west_wall::link::collision
[robot_supervisor-16] [INFO] [1776701099.953721985] [robot_3.robot_supervisor]: Selected controllable event: EV_random_walk
[robot_supervisor-13] [INFO] [1776701099.993156756] [robot_2.robot_supervisor]: Selected controllable event: EV_random_walk
[robot_supervisor-10] [INFO] [1776701100.057939085] [robot_1.robot_supervisor]: Selected controllable event: EV_random_walk
[robot_supervisor-16] [INFO] [1776701100.253549267] [robot_3.robot_supervisor]: Selected controllable event: EV_move_forward
[robot_supervisor-13] [INFO] [1776701100.293367685] [robot_2.robot_supervisor]: Selected controllable event: EV_random_walk
[robot_supervisor-10] [INFO] [1776701100.357681134] [robot_1.robot_supervisor]: Selected controllable event: EV_move_forward
[robot_supervisor-16] [INFO] [1776701100.553439549] [robot_3.robot_supervisor]: Selected controllable event: EV_move_forward
[robot_supervisor-13] [INFO] [1776701100.593377802] [robot_2.robot_supervisor]: Selected controllable event: EV_random_walk
[robot_supervisor-10] [INFO] [1776701100.658395893] [robot_1.robot_supervisor]: Selected controllable event: EV_move_forward
[robot_supervisor-19] [INFO] [1776701100.728489624] [robot_4.robot_supervisor]: Selected controllable event: EV_random_walk
[robot_supervisor-16] [INFO] [1776701100.853697738] [robot_3.robot_supervisor]: Selected controllable event: EV_move_forward
[robot_supervisor-13] [INFO] [1776701100.893159976] [robot_2.robot_supervisor]: Selected controllable event: EV_move_forward
[robot_supervisor-10] [INFO] [1776701100.958021319] [robot_1.robot_supervisor]: Selected controllable event: EV_random_walk
[robot_supervisor-19] [INFO] [1776701101.028521944] [robot_4.robot_supervisor]: Selected controllable event: EV_random_walk
[robot_supervisor-16] [INFO] [1776701101.153779973] [robot_3.robot_supervisor]: Selected controllable event: EV_move_forward
[robot_supervisor-13] [INFO] [1776701101.193099510] [robot_2.robot_supervisor]: Selected controllable event: EV_move_forward
[robot_supervisor-10] [INFO] [1776701101.257976753] [robot_1.robot_supervisor]: Selected controllable event: EV_random_walk
[robot_supervisor-19] [INFO] [1776701101.328381834] [robot_4.robot_supervisor]: Selected controllable event: EV_move_forward
[robot_supervisor-16] [INFO] [1776701101.453695961] [robot_3.robot_supervisor]: Selected controllable event: EV_move_forward
[robot_supervisor-13] [INFO] [1776701101.493584326] [robot_2.robot_supervisor]: Selected controllable event: EV_random_walk
[robot_supervisor-10] [INFO] [1776701101.558198358] [robot_1.robot_supervisor]: Selected controllable event: EV_move_forward
[robot_supervisor-19] [INFO] [1776701101.628373807] [robot_4.robot_supervisor]: Selected controllable event: EV_move_forward
[robot_supervisor-16] [INFO] [1776701101.753695135] [robot_3.robot_supervisor]: Selected controllable event: EV_move_forward
[robot_supervisor-7] [INFO] [1776701101.759686339] [robot_0.robot_supervisor]: Selected controllable event: EV_rotate_clockwise
[robot_supervisor-7] [INFO] [1776701101.760093848] [robot_0.robot_supervisor]: rotate_90 blocked by recent completion; stopping this tick
[robot_supervisor-13] [INFO] [1776701101.793177520] [robot_2.robot_supervisor]: Selected controllable event: EV_random_walk
[robot_supervisor-10] [INFO] [1776701101.857985599] [robot_1.robot_supervisor]: Selected controllable event: EV_move_forward
[robot_supervisor-7] [INFO] [1776701101.859590077] [robot_0.robot_supervisor]: Selected controllable event: EV_rotate_clockwise
[robot_supervisor-7] [INFO] [1776701101.859905553] [robot_0.robot_supervisor]: rotate_90 blocked by recent completion; stopping this tick
[robot_supervisor-19] [INFO] [1776701101.928214801] [robot_4.robot_supervisor]: Selected controllable event: EV_move_forward
[robot_supervisor-7] [INFO] [1776701101.959494890] [robot_0.robot_supervisor]: Selected controllable event: EV_rotate_clockwise
[robot_supervisor-7] [INFO] [1776701101.959915690] [robot_0.robot_supervisor]: rotate_90 blocked by recent completion; stopping this tick
[robot_supervisor-16] [INFO] [1776701102.053676545] [robot_3.robot_supervisor]: Selected controllable event: EV_move_forward
[robot_supervisor-7] [INFO] [1776701102.059407567] [robot_0.robot_supervisor]: Selected controllable event: EV_rotate_clockwise
[robot_supervisor-13] [INFO] [1776701102.093385613] [robot_2.robot_supervisor]: Selected controllable event: EV_move_forward
[image_processor-22] [INFO] [1776701102.155355568] [robot_1.image_processor]: Zone=LEFT  left[p=0.559 near=7650 v=7650]  front[p=0.685 near=6705 v=13500]  right[p=0.887 near=0 v=7740]
[robot_supervisor-10] [INFO] [1776701102.156131167] [robot_1.robot_supervisor]: Detected zone changed to LEFT
[robot_supervisor-10] [INFO] [1776701102.157889376] [robot_1.robot_supervisor]: Selected controllable event: EV_rotate_clockwise
[image_processor-24] [INFO] [1776701102.163984812] [robot_3.image_processor]: Zone=CLEAR
[image_processor-23] [INFO] [1776701102.176082183] [robot_2.image_processor]: Zone=CLEAR
[image_processor-21] [INFO] [1776701102.186076328] [robot_0.image_processor]: Zone=CORNER  left[p=2.604 near=0 v=7650]  front[p=0.474 near=5583 v=13460]  right[p=0.264 near=7740 v=7740]
[robot_supervisor-7] [INFO] [1776701102.186828096] [robot_0.robot_supervisor]: Detected zone changed to CORNER
[image_processor-25] [INFO] [1776701102.201186988] [robot_4.image_processor]: Zone=RIGHT  left[p=2.876 near=0 v=4764]  front[p=2.876 near=0 v=8582]  right[p=0.595 near=5653 v=7478]
[robot_supervisor-19] [INFO] [1776701102.201625682] [robot_4.robot_supervisor]: Detected zone changed to RIGHT
[robot_supervisor-19] [INFO] [1776701102.228202074] [robot_4.robot_supervisor]: Selected controllable event: EV_rotate_counterclockwise
[robot_supervisor-16] [INFO] [1776701102.353601617] [robot_3.robot_supervisor]: Selected controllable event: EV_move_forward
[robot_supervisor-13] [INFO] [1776701102.393368547] [robot_2.robot_supervisor]: Selected controllable event: EV_move_forward
[robot_supervisor-16] [INFO] [1776701102.653677658] [robot_3.robot_supervisor]: Selected controllable event: EV_random_walk
[robot_supervisor-13] [INFO] [1776701102.693420894] [robot_2.robot_supervisor]: Selected controllable event: EV_move_forward
[robot_supervisor-16] [INFO] [1776701102.953608340] [robot_3.robot_supervisor]: Selected controllable event: EV_random_walk
[robot_supervisor-13] [INFO] [1776701102.993386033] [robot_2.robot_supervisor]: Selected controllable event: EV_move_forward
[robot_supervisor-16] [INFO] [1776701103.253756227] [robot_3.robot_supervisor]: Selected controllable event: EV_move_forward
[robot_supervisor-13] [INFO] [1776701103.293360487] [robot_2.robot_supervisor]: Selected controllable event: EV_random_walk
[robot_supervisor-16] [INFO] [1776701103.553703923] [robot_3.robot_supervisor]: Selected controllable event: EV_move_forward
[robot_supervisor-13] [INFO] [1776701103.593076028] [robot_2.robot_supervisor]: Selected controllable event: EV_random_walk
[robot_supervisor-16] [INFO] [1776701103.853968301] [robot_3.robot_supervisor]: Selected controllable event: EV_move_forward
[robot_supervisor-13] [INFO] [1776701103.893080698] [robot_2.robot_supervisor]: Selected controllable event: EV_random_walk
[robot_supervisor-16] [INFO] [1776701104.153547712] [robot_3.robot_supervisor]: Selected controllable event: EV_move_forward
[robot_supervisor-7] [INFO] [1776701104.159673799] [robot_0.robot_supervisor]: Selected controllable event: EV_rotate_clockwise
[robot_supervisor-7] [INFO] [1776701104.160058752] [robot_0.robot_supervisor]: rotate_90 blocked by recent completion; stopping this tick
[robot_supervisor-13] [INFO] [1776701104.193108523] [robot_2.robot_supervisor]: Selected controllable event: EV_random_walk
[robot_supervisor-7] [INFO] [1776701104.259685966] [robot_0.robot_supervisor]: Selected controllable event: EV_rotate_clockwise
[robot_supervisor-7] [INFO] [1776701104.260064195] [robot_0.robot_supervisor]: rotate_90 blocked by recent completion; stopping this tick
[robot_supervisor-19] [INFO] [1776701104.328225088] [robot_4.robot_supervisor]: Selected controllable event: EV_rotate_counterclockwise
[robot_supervisor-19] [INFO] [1776701104.328440142] [robot_4.robot_supervisor]: rotate_90 blocked by recent completion; stopping this tick
[robot_supervisor-10] [INFO] [1776701104.358108767] [robot_1.robot_supervisor]: Selected controllable event: EV_rotate_clockwise
[robot_supervisor-10] [INFO] [1776701104.358482884] [robot_1.robot_supervisor]: rotate_90 blocked by recent completion; stopping this tick
[robot_supervisor-7] [INFO] [1776701104.359581304] [robot_0.robot_supervisor]: Selected controllable event: EV_rotate_clockwise
[robot_supervisor-7] [INFO] [1776701104.359889633] [robot_0.robot_supervisor]: rotate_90 blocked by recent completion; stopping this tick
[robot_supervisor-19] [INFO] [1776701104.428392161] [robot_4.robot_supervisor]: Selected controllable event: EV_rotate_counterclockwise
[robot_supervisor-19] [INFO] [1776701104.428799226] [robot_4.robot_supervisor]: rotate_90 blocked by recent completion; stopping this tick
[robot_supervisor-16] [INFO] [1776701104.453486067] [robot_3.robot_supervisor]: Selected controllable event: EV_random_walk
[robot_supervisor-10] [INFO] [1776701104.457943810] [robot_1.robot_supervisor]: Selected controllable event: EV_rotate_clockwise
[robot_supervisor-10] [INFO] [1776701104.458294940] [robot_1.robot_supervisor]: rotate_90 blocked by recent completion; stopping this tick
[robot_supervisor-7] [INFO] [1776701104.459617610] [robot_0.robot_supervisor]: Selected controllable event: EV_rotate_clockwise
[robot_supervisor-13] [INFO] [1776701104.493138240] [robot_2.robot_supervisor]: Selected controllable event: EV_move_forward
[robot_supervisor-19] [INFO] [1776701104.528582134] [robot_4.robot_supervisor]: Selected controllable event: EV_rotate_counterclockwise
[robot_supervisor-19] [INFO] [1776701104.528954048] [robot_4.robot_supervisor]: rotate_90 blocked by recent completion; stopping this tick
[robot_supervisor-10] [INFO] [1776701104.558044610] [robot_1.robot_supervisor]: Selected controllable event: EV_rotate_clockwise
[robot_supervisor-19] [INFO] [1776701104.628401783] [robot_4.robot_supervisor]: Selected controllable event: EV_rotate_counterclockwise
[image_processor-22] [INFO] [1776701104.654924754] [robot_1.image_processor]: Zone=CORNER  left[p=0.567 near=7650 v=7650]  front[p=0.529 near=13500 v=13500]  right[p=0.502 near=7740 v=7740]
[robot_supervisor-10] [INFO] [1776701104.655627751] [robot_1.robot_supervisor]: Detected zone changed to CORNER
[image_processor-24] [INFO] [1776701104.665827886] [robot_3.image_processor]: Zone=CLEAR
[image_processor-23] [INFO] [1776701104.678535000] [robot_2.image_processor]: Zone=CLEAR
[image_processor-21] [INFO] [1776701104.689656791] [robot_0.image_processor]: Zone=CORNER
[image_processor-25] [INFO] [1776701104.707197119] [robot_4.image_processor]: Zone=RIGHT
[robot_supervisor-16] [INFO] [1776701104.753956394] [robot_3.robot_supervisor]: Selected controllable event: EV_random_walk
[robot_supervisor-13] [INFO] [1776701104.793349515] [robot_2.robot_supervisor]: Selected controllable event: EV_move_forward
[robot_supervisor-16] [INFO] [1776701105.053510807] [robot_3.robot_supervisor]: Selected controllable event: EV_random_walk
[robot_supervisor-13] [INFO] [1776701105.093289473] [robot_2.robot_supervisor]: Selected controllable event: EV_move_forward
[robot_supervisor-16] [INFO] [1776701105.353998094] [robot_3.robot_supervisor]: Selected controllable event: EV_random_walk
[robot_supervisor-13] [INFO] [1776701105.393359618] [robot_2.robot_supervisor]: Selected controllable event: EV_move_forward
[robot_supervisor-16] [INFO] [1776701105.653755478] [robot_3.robot_supervisor]: Selected controllable event: EV_random_walk
[robot_supervisor-13] [INFO] [1776701105.693394083] [robot_2.robot_supervisor]: Selected controllable event: EV_move_forward
[robot_supervisor-16] [INFO] [1776701105.953692972] [robot_3.robot_supervisor]: Selected controllable event: EV_random_walk
[robot_supervisor-13] [INFO] [1776701105.993077513] [robot_2.robot_supervisor]: Selected controllable event: EV_move_forward
[robot_supervisor-16] [INFO] [1776701106.253953934] [robot_3.robot_supervisor]: Selected controllable event: EV_move_forward
[robot_supervisor-13] [INFO] [1776701106.293389075] [robot_2.robot_supervisor]: Selected controllable event: EV_move_forward
[robot_supervisor-16] [INFO] [1776701106.553715151] [robot_3.robot_supervisor]: Selected controllable event: EV_move_forward
[robot_supervisor-13] [INFO] [1776701106.593573769] [robot_2.robot_supervisor]: Selected controllable event: EV_move_forward
[robot_supervisor-10] [INFO] [1776701106.658336737] [robot_1.robot_supervisor]: Selected controllable event: EV_rotate_clockwise
[robot_supervisor-10] [INFO] [1776701106.658679582] [robot_1.robot_supervisor]: rotate_90 blocked by recent completion; stopping this tick
[robot_supervisor-7] [INFO] [1776701106.659669714] [robot_0.robot_supervisor]: Selected controllable event: EV_rotate_clockwise
[robot_supervisor-7] [INFO] [1776701106.660103114] [robot_0.robot_supervisor]: rotate_90 blocked by recent completion; stopping this tick
[robot_supervisor-19] [INFO] [1776701106.728506598] [robot_4.robot_supervisor]: Selected controllable event: EV_rotate_counterclockwise
[robot_supervisor-19] [INFO] [1776701106.728892072] [robot_4.robot_supervisor]: rotate_90 blocked by recent completion; stopping this tick
[robot_supervisor-10] [INFO] [1776701106.757955629] [robot_1.robot_supervisor]: Selected controllable event: EV_rotate_clockwise
[robot_supervisor-10] [INFO] [1776701106.758131377] [robot_1.robot_supervisor]: rotate_90 blocked by recent completion; stopping this tick
[robot_supervisor-7] [INFO] [1776701106.759623506] [robot_0.robot_supervisor]: Selected controllable event: EV_rotate_clockwise
[robot_supervisor-7] [INFO] [1776701106.760039399] [robot_0.robot_supervisor]: rotate_90 blocked by recent completion; stopping this tick
[robot_supervisor-19] [INFO] [1776701106.828371376] [robot_4.robot_supervisor]: Selected controllable event: EV_rotate_counterclockwise
[robot_supervisor-19] [INFO] [1776701106.828752003] [robot_4.robot_supervisor]: rotate_90 blocked by recent completion; stopping this tick
[robot_supervisor-16] [INFO] [1776701106.853956867] [robot_3.robot_supervisor]: Selected controllable event: EV_move_forward
[robot_supervisor-10] [INFO] [1776701106.857998326] [robot_1.robot_supervisor]: Selected controllable event: EV_rotate_clockwise
[robot_supervisor-10] [INFO] [1776701106.858363837] [robot_1.robot_supervisor]: rotate_90 blocked by recent completion; stopping this tick
[robot_supervisor-7] [INFO] [1776701106.859581506] [robot_0.robot_supervisor]: Selected controllable event: EV_rotate_clockwise
[robot_supervisor-13] [INFO] [1776701106.893086362] [robot_2.robot_supervisor]: Selected controllable event: EV_random_walk
[robot_supervisor-19] [INFO] [1776701106.928380647] [robot_4.robot_supervisor]: Selected controllable event: EV_rotate_counterclockwise
[robot_supervisor-19] [INFO] [1776701106.928745611] [robot_4.robot_supervisor]: rotate_90 blocked by recent completion; stopping this tick
[robot_supervisor-10] [INFO] [1776701106.957959352] [robot_1.robot_supervisor]: Selected controllable event: EV_rotate_clockwise
[robot_supervisor-19] [INFO] [1776701107.028332056] [robot_4.robot_supervisor]: Selected controllable event: EV_rotate_counterclockwise
[image_processor-22] [INFO] [1776701107.152185860] [robot_1.image_processor]: Zone=LEFT  left[p=0.713 near=2250 v=7650]  front[p=1.738 near=0 v=11711]  right[p=2.994 near=0 v=6006]
[robot_supervisor-10] [INFO] [1776701107.152913814] [robot_1.robot_supervisor]: Detected zone changed to LEFT
[robot_supervisor-16] [INFO] [1776701107.153782282] [robot_3.robot_supervisor]: Selected controllable event: EV_move_forward
[image_processor-24] [INFO] [1776701107.162077415] [robot_3.image_processor]: Zone=CLEAR
[image_processor-23] [INFO] [1776701107.173152941] [robot_2.image_processor]: Zone=CLEAR
[image_processor-21] [INFO] [1776701107.185240009] [robot_0.image_processor]: Zone=CORNER
[image_processor-25] [INFO] [1776701107.192885661] [robot_4.image_processor]: Zone=CORNER  left[p=0.725 near=7423 v=7650]  front[p=0.760 near=7056 v=13500]  right[p=0.807 near=397 v=7740]
[robot_supervisor-13] [INFO] [1776701107.193204428] [robot_2.robot_supervisor]: Selected controllable event: EV_random_walk
[robot_supervisor-19] [INFO] [1776701107.193499946] [robot_4.robot_supervisor]: Detected zone changed to CORNER
[robot_supervisor-16] [INFO] [1776701107.453789804] [robot_3.robot_supervisor]: Selected controllable event: EV_random_walk
[robot_supervisor-13] [INFO] [1776701107.493066327] [robot_2.robot_supervisor]: Selected controllable event: EV_random_walk
[robot_supervisor-16] [INFO] [1776701107.753558037] [robot_3.robot_supervisor]: Selected controllable event: EV_random_walk
[robot_supervisor-13] [INFO] [1776701107.793102999] [robot_2.robot_supervisor]: Selected controllable event: EV_random_walk
[robot_supervisor-16] [INFO] [1776701108.053717989] [robot_3.robot_supervisor]: Selected controllable event: EV_random_walk
[robot_supervisor-13] [INFO] [1776701108.093354681] [robot_2.robot_supervisor]: Selected controllable event: EV_move_forward
[robot_supervisor-16] [INFO] [1776701108.353731275] [robot_3.robot_supervisor]: Selected controllable event: EV_random_walk
[robot_supervisor-13] [INFO] [1776701108.393229837] [robot_2.robot_supervisor]: Selected controllable event: EV_move_forward
[robot_supervisor-16] [INFO] [1776701108.653519734] [robot_3.robot_supervisor]: Selected controllable event: EV_move_forward
[robot_supervisor-13] [INFO] [1776701108.693209276] [robot_2.robot_supervisor]: Selected controllable event: EV_move_forward
[robot_supervisor-16] [INFO] [1776701108.953738513] [robot_3.robot_supervisor]: Selected controllable event: EV_move_forward
[robot_supervisor-13] [INFO] [1776701108.993572039] [robot_2.robot_supervisor]: Selected controllable event: EV_move_forward
[robot_supervisor-7] [INFO] [1776701109.059320785] [robot_0.robot_supervisor]: Selected controllable event: EV_rotate_clockwise
[robot_supervisor-7] [INFO] [1776701109.059489787] [robot_0.robot_supervisor]: rotate_90 blocked by recent completion; stopping this tick
[robot_supervisor-19] [INFO] [1776701109.128691389] [robot_4.robot_supervisor]: Selected controllable event: EV_rotate_clockwise
[robot_supervisor-19] [INFO] [1776701109.129197082] [robot_4.robot_supervisor]: rotate_90 blocked by recent completion; stopping this tick
[robot_supervisor-10] [INFO] [1776701109.158003603] [robot_1.robot_supervisor]: Selected controllable event: EV_rotate_clockwise
[robot_supervisor-10] [INFO] [1776701109.158367764] [robot_1.robot_supervisor]: rotate_90 blocked by recent completion; stopping this tick
[robot_supervisor-7] [INFO] [1776701109.159624199] [robot_0.robot_supervisor]: Selected controllable event: EV_rotate_clockwise
[robot_supervisor-7] [INFO] [1776701109.160005217] [robot_0.robot_supervisor]: rotate_90 blocked by recent completion; stopping this tick
[robot_supervisor-19] [INFO] [1776701109.228764846] [robot_4.robot_supervisor]: Selected controllable event: EV_rotate_clockwise
[robot_supervisor-19] [INFO] [1776701109.228976503] [robot_4.robot_supervisor]: rotate_90 blocked by recent completion; stopping this tick
[robot_supervisor-16] [INFO] [1776701109.253579674] [robot_3.robot_supervisor]: Selected controllable event: EV_random_walk
[robot_supervisor-10] [INFO] [1776701109.258260916] [robot_1.robot_supervisor]: Selected controllable event: EV_rotate_clockwise
[robot_supervisor-10] [INFO] [1776701109.258763433] [robot_1.robot_supervisor]: rotate_90 blocked by recent completion; stopping this tick
[robot_supervisor-7] [INFO] [1776701109.259752033] [robot_0.robot_supervisor]: Selected controllable event: EV_rotate_clockwise
[robot_supervisor-13] [INFO] [1776701109.293180964] [robot_2.robot_supervisor]: Selected controllable event: EV_random_walk
[robot_supervisor-19] [INFO] [1776701109.328788514] [robot_4.robot_supervisor]: Selected controllable event: EV_rotate_clockwise
[robot_supervisor-19] [INFO] [1776701109.329222522] [robot_4.robot_supervisor]: rotate_90 blocked by recent completion; stopping this tick
[robot_supervisor-10] [INFO] [1776701109.357972672] [robot_1.robot_supervisor]: Selected controllable event: EV_rotate_clockwise
[robot_supervisor-19] [INFO] [1776701109.428167490] [robot_4.robot_supervisor]: Selected controllable event: EV_rotate_clockwise
[robot_supervisor-16] [INFO] [1776701109.553841085] [robot_3.robot_supervisor]: Selected controllable event: EV_random_walk
[robot_supervisor-13] [INFO] [1776701109.593172131] [robot_2.robot_supervisor]: Selected controllable event: EV_random_walk
[image_processor-22] [INFO] [1776701109.660945132] [robot_1.image_processor]: Zone=CORNER  left[p=2.782 near=0 v=4654]  front[p=0.798 near=1146 v=11068]  right[p=0.554 near=7740 v=7740]
[robot_supervisor-10] [INFO] [1776701109.661519966] [robot_1.robot_supervisor]: Detected zone changed to CORNER
[image_processor-24] [INFO] [1776701109.670745785] [robot_3.image_processor]: Zone=CLEAR
[image_processor-23] [INFO] [1776701109.683182327] [robot_2.image_processor]: Zone=CLEAR
[image_processor-21] [INFO] [1776701109.695083181] [robot_0.image_processor]: Zone=CLEAR  left[p=2.794 near=0 v=4905]  front[p=2.608 near=0 v=8246]  right[p=2.365 near=0 v=7618]
[robot_supervisor-7] [INFO] [1776701109.695948042] [robot_0.robot_supervisor]: Detected zone changed to CLEAR
[image_processor-25] [INFO] [1776701109.702204530] [robot_4.image_processor]: Zone=LEFT  left[p=0.604 near=6653 v=7650]  front[p=0.919 near=0 v=13500]  right[p=0.871 near=0 v=7740]
[robot_supervisor-19] [INFO] [1776701109.702918065] [robot_4.robot_supervisor]: Detected zone changed to LEFT
[robot_supervisor-16] [INFO] [1776701109.854163409] [robot_3.robot_supervisor]: Selected controllable event: EV_random_walk
[robot_supervisor-13] [INFO] [1776701109.893311070] [robot_2.robot_supervisor]: Selected controllable event: EV_random_walk
[robot_supervisor-16] [INFO] [1776701110.154050155] [robot_3.robot_supervisor]: Selected controllable event: EV_random_walk
[robot_supervisor-13] [INFO] [1776701110.193271746] [robot_2.robot_supervisor]: Selected controllable event: EV_random_walk
[robot_supervisor-16] [INFO] [1776701110.453967483] [robot_3.robot_supervisor]: Selected controllable event: EV_random_walk
[robot_supervisor-13] [INFO] [1776701110.493357090] [robot_2.robot_supervisor]: Selected controllable event: EV_move_forward
[robot_supervisor-16] [INFO] [1776701110.753992525] [robot_3.robot_supervisor]: Selected controllable event: EV_random_walk
[robot_supervisor-13] [INFO] [1776701110.793617158] [robot_2.robot_supervisor]: Selected controllable event: EV_move_forward
[robot_supervisor-16] [INFO] [1776701111.053786854] [robot_3.robot_supervisor]: Selected controllable event: EV_random_walk
[robot_supervisor-13] [INFO] [1776701111.093141931] [robot_2.robot_supervisor]: Selected controllable event: EV_move_forward
[robot_supervisor-16] [INFO] [1776701111.353459008] [robot_3.robot_supervisor]: Selected controllable event: EV_random_walk
[robot_supervisor-13] [INFO] [1776701111.393355519] [robot_2.robot_supervisor]: Selected controllable event: EV_move_forward
[robot_supervisor-7] [INFO] [1776701111.459731121] [robot_0.robot_supervisor]: Selected controllable event: EV_random_walk
[robot_supervisor-10] [INFO] [1776701111.557883722] [robot_1.robot_supervisor]: Selected controllable event: EV_rotate_clockwise
[robot_supervisor-10] [INFO] [1776701111.558144067] [robot_1.robot_supervisor]: rotate_90 blocked by recent completion; stopping this tick
[robot_supervisor-19] [INFO] [1776701111.628437020] [robot_4.robot_supervisor]: Selected controllable event: EV_rotate_clockwise
[robot_supervisor-19] [INFO] [1776701111.628915685] [robot_4.robot_supervisor]: rotate_90 blocked by recent completion; stopping this tick
[robot_supervisor-16] [INFO] [1776701111.654075364] [robot_3.robot_supervisor]: Selected controllable event: EV_move_forward
[robot_supervisor-10] [INFO] [1776701111.658209649] [robot_1.robot_supervisor]: Selected controllable event: EV_rotate_clockwise
[robot_supervisor-10] [INFO] [1776701111.658943784] [robot_1.robot_supervisor]: rotate_90 blocked by recent completion; stopping this tick
[robot_supervisor-13] [INFO] [1776701111.693366164] [robot_2.robot_supervisor]: Selected controllable event: EV_random_walk
[bump_counter-3] [INFO] [1776701111.711390371] [bump_counter]: [global] bump #6 (obstacle) with: west_wall::link::collision
[robot_supervisor-19] [INFO] [1776701111.728449673] [robot_4.robot_supervisor]: Selected controllable event: EV_rotate_clockwise
[robot_supervisor-19] [INFO] [1776701111.728828084] [robot_4.robot_supervisor]: rotate_90 blocked by recent completion; stopping this tick
[robot_supervisor-10] [INFO] [1776701111.757903507] [robot_1.robot_supervisor]: Selected controllable event: EV_rotate_clockwise
[robot_supervisor-7] [INFO] [1776701111.759675826] [robot_0.robot_supervisor]: Selected controllable event: EV_random_walk
[robot_supervisor-19] [INFO] [1776701111.828414952] [robot_4.robot_supervisor]: Selected controllable event: EV_rotate_clockwise
[robot_supervisor-16] [INFO] [1776701111.953612786] [robot_3.robot_supervisor]: Selected controllable event: EV_move_forward
[robot_supervisor-13] [INFO] [1776701111.993428998] [robot_2.robot_supervisor]: Selected controllable event: EV_random_walk
[robot_supervisor-7] [INFO] [1776701112.059860765] [robot_0.robot_supervisor]: Selected controllable event: EV_move_forward
[image_processor-22] [INFO] [1776701112.153045642] [robot_1.image_processor]: Zone=CORNER
[image_processor-24] [INFO] [1776701112.166427357] [robot_3.image_processor]: Zone=CLEAR
[image_processor-23] [INFO] [1776701112.183711547] [robot_2.image_processor]: Zone=CLEAR
[image_processor-21] [INFO] [1776701112.192396258] [robot_0.image_processor]: Zone=CORNER  left[p=2.187 near=0 v=7647]  front[p=0.342 near=9107 v=13498]  right[p=0.213 near=7740 v=7740]
[robot_supervisor-7] [INFO] [1776701112.193123528] [robot_0.robot_supervisor]: Detected zone changed to CORNER
[image_processor-25] [INFO] [1776701112.202277605] [robot_4.image_processor]: Zone=CORNER  left[p=0.667 near=7650 v=7650]  front[p=0.750 near=5223 v=13500]  right[p=0.912 near=0 v=7740]
[robot_supervisor-19] [INFO] [1776701112.203034947] [robot_4.robot_supervisor]: Detected zone changed to CORNER
[robot_supervisor-16] [INFO] [1776701112.253817153] [robot_3.robot_supervisor]: Selected controllable event: EV_move_forward
[robot_supervisor-13] [INFO] [1776701112.293370555] [robot_2.robot_supervisor]: Selected controllable event: EV_move_forward
[robot_supervisor-7] [INFO] [1776701112.359607138] [robot_0.robot_supervisor]: Selected controllable event: EV_rotate_clockwise
[robot_supervisor-16] [INFO] [1776701112.553627645] [robot_3.robot_supervisor]: Selected controllable event: EV_move_forward
[robot_supervisor-13] [INFO] [1776701112.593578966] [robot_2.robot_supervisor]: Selected controllable event: EV_move_forward
[robot_supervisor-16] [INFO] [1776701112.853994281] [robot_3.robot_supervisor]: Selected controllable event: EV_random_walk
[robot_supervisor-13] [INFO] [1776701112.893155048] [robot_2.robot_supervisor]: Selected controllable event: EV_move_forward
[robot_supervisor-16] [INFO] [1776701113.154046867] [robot_3.robot_supervisor]: Selected controllable event: EV_random_walk
[robot_supervisor-13] [INFO] [1776701113.193530645] [robot_2.robot_supervisor]: Selected controllable event: EV_move_forward
[robot_supervisor-16] [INFO] [1776701113.453941367] [robot_3.robot_supervisor]: Selected controllable event: EV_move_forward
[robot_supervisor-13] [INFO] [1776701113.493359744] [robot_2.robot_supervisor]: Selected controllable event: EV_random_walk
[robot_supervisor-16] [INFO] [1776701113.753718552] [robot_3.robot_supervisor]: Selected controllable event: EV_move_forward
[robot_supervisor-13] [INFO] [1776701113.793351731] [robot_2.robot_supervisor]: Selected controllable event: EV_random_walk
[robot_supervisor-19] [INFO] [1776701113.928244264] [robot_4.robot_supervisor]: Selected controllable event: EV_rotate_clockwise
[robot_supervisor-19] [INFO] [1776701113.928452169] [robot_4.robot_supervisor]: rotate_90 blocked by recent completion; stopping this tick
[robot_supervisor-10] [INFO] [1776701113.957982823] [robot_1.robot_supervisor]: Selected controllable event: EV_rotate_clockwise
[robot_supervisor-10] [INFO] [1776701113.958349296] [robot_1.robot_supervisor]: rotate_90 blocked by recent completion; stopping this tick
[robot_supervisor-19] [INFO] [1776701114.028371309] [robot_4.robot_supervisor]: Selected controllable event: EV_rotate_clockwise
[robot_supervisor-19] [INFO] [1776701114.028766514] [robot_4.robot_supervisor]: rotate_90 blocked by recent completion; stopping this tick
[robot_supervisor-16] [INFO] [1776701114.054383380] [robot_3.robot_supervisor]: Selected controllable event: EV_move_forward
[robot_supervisor-10] [INFO] [1776701114.057923463] [robot_1.robot_supervisor]: Selected controllable event: EV_rotate_clockwise
[robot_supervisor-10] [INFO] [1776701114.058160860] [robot_1.robot_supervisor]: rotate_90 blocked by recent completion; stopping this tick
[robot_supervisor-13] [INFO] [1776701114.093192677] [robot_2.robot_supervisor]: Selected controllable event: EV_random_walk
[robot_supervisor-19] [INFO] [1776701114.128455300] [robot_4.robot_supervisor]: Selected controllable event: EV_rotate_clockwise
[robot_supervisor-19] [INFO] [1776701114.128831621] [robot_4.robot_supervisor]: rotate_90 blocked by recent completion; stopping this tick
[robot_supervisor-10] [INFO] [1776701114.157862203] [robot_1.robot_supervisor]: Selected controllable event: EV_rotate_clockwise
[robot_supervisor-19] [INFO] [1776701114.228432042] [robot_4.robot_supervisor]: Selected controllable event: EV_rotate_clockwise
[robot_supervisor-16] [INFO] [1776701114.353878185] [robot_3.robot_supervisor]: Selected controllable event: EV_move_forward
[robot_supervisor-13] [INFO] [1776701114.393373399] [robot_2.robot_supervisor]: Selected controllable event: EV_random_walk
[robot_supervisor-7] [INFO] [1776701114.559615158] [robot_0.robot_supervisor]: Selected controllable event: EV_rotate_clockwise
[robot_supervisor-7] [INFO] [1776701114.560009084] [robot_0.robot_supervisor]: rotate_90 blocked by recent completion; stopping this tick
[robot_supervisor-16] [INFO] [1776701114.653768701] [robot_3.robot_supervisor]: Selected controllable event: EV_random_walk
[image_processor-22] [INFO] [1776701114.653891213] [robot_1.image_processor]: Zone=CORNER
[robot_supervisor-7] [INFO] [1776701114.659816046] [robot_0.robot_supervisor]: Selected controllable event: EV_rotate_clockwise
[robot_supervisor-7] [INFO] [1776701114.660356870] [robot_0.robot_supervisor]: rotate_90 blocked by recent completion; stopping this tick
[image_processor-24] [INFO] [1776701114.664512652] [robot_3.image_processor]: Zone=CLEAR
[image_processor-23] [INFO] [1776701114.676847858] [robot_2.image_processor]: Zone=CLEAR
[image_processor-21] [INFO] [1776701114.686458031] [robot_0.image_processor]: Zone=CORNER
[robot_supervisor-13] [INFO] [1776701114.693442871] [robot_2.robot_supervisor]: Selected controllable event: EV_random_walk
[image_processor-25] [INFO] [1776701114.702170719] [robot_4.image_processor]: Zone=CLEAR  left[p=1.903 near=0 v=7565]  front[p=2.062 near=0 v=10208]  right[p=2.075 near=0 v=4749]
[robot_supervisor-19] [INFO] [1776701114.702846647] [robot_4.robot_supervisor]: Detected zone changed to CLEAR
[robot_supervisor-7] [INFO] [1776701114.759824828] [robot_0.robot_supervisor]: Selected controllable event: EV_rotate_clockwise
[robot_supervisor-16] [INFO] [1776701114.953759313] [robot_3.robot_supervisor]: Selected controllable event: EV_random_walk
[robot_supervisor-13] [INFO] [1776701114.993364811] [robot_2.robot_supervisor]: Selected controllable event: EV_random_walk
[robot_supervisor-16] [INFO] [1776701115.253832145] [robot_3.robot_supervisor]: Selected controllable event: EV_move_forward
[robot_supervisor-13] [INFO] [1776701115.293363236] [robot_2.robot_supervisor]: Selected controllable event: EV_random_walk
[robot_supervisor-16] [INFO] [1776701115.553650701] [robot_3.robot_supervisor]: Selected controllable event: EV_move_forward
[robot_supervisor-13] [INFO] [1776701115.593121546] [robot_2.robot_supervisor]: Selected controllable event: EV_random_walk
[robot_supervisor-16] [INFO] [1776701115.853881273] [robot_3.robot_supervisor]: Selected controllable event: EV_random_walk
[robot_supervisor-13] [INFO] [1776701115.893412810] [robot_2.robot_supervisor]: Selected controllable event: EV_move_forward
[robot_supervisor-16] [INFO] [1776701116.153855120] [robot_3.robot_supervisor]: Selected controllable event: EV_random_walk
[robot_supervisor-13] [INFO] [1776701116.193360129] [robot_2.robot_supervisor]: Selected controllable event: EV_move_forward
[robot_supervisor-10] [INFO] [1776701116.258171005] [robot_1.robot_supervisor]: Selected controllable event: EV_rotate_clockwise
[robot_supervisor-10] [INFO] [1776701116.258642867] [robot_1.robot_supervisor]: rotate_90 blocked by recent completion; stopping this tick
[robot_supervisor-19] [INFO] [1776701116.328455129] [robot_4.robot_supervisor]: Selected controllable event: EV_random_walk
[robot_supervisor-10] [INFO] [1776701116.358044720] [robot_1.robot_supervisor]: Selected controllable event: EV_rotate_clockwise
[robot_supervisor-10] [INFO] [1776701116.358436414] [robot_1.robot_supervisor]: rotate_90 blocked by recent completion; stopping this tick
[robot_supervisor-16] [INFO] [1776701116.453537857] [robot_3.robot_supervisor]: Selected controllable event: EV_move_forward
[robot_supervisor-10] [INFO] [1776701116.458035806] [robot_1.robot_supervisor]: Selected controllable event: EV_rotate_clockwise
[robot_supervisor-10] [INFO] [1776701116.458412207] [robot_1.robot_supervisor]: rotate_90 blocked by recent completion; stopping this tick
[robot_supervisor-13] [INFO] [1776701116.493439020] [robot_2.robot_supervisor]: Selected controllable event: EV_random_walk
[robot_supervisor-10] [INFO] [1776701116.558013435] [robot_1.robot_supervisor]: Selected controllable event: EV_rotate_clockwise
[robot_supervisor-19] [INFO] [1776701116.628381597] [robot_4.robot_supervisor]: Selected controllable event: EV_random_walk
[robot_supervisor-16] [INFO] [1776701116.754043942] [robot_3.robot_supervisor]: Selected controllable event: EV_move_forward
[robot_supervisor-13] [INFO] [1776701116.793617013] [robot_2.robot_supervisor]: Selected controllable event: EV_random_walk
[robot_supervisor-7] [INFO] [1776701116.859610643] [robot_0.robot_supervisor]: Selected controllable event: EV_rotate_clockwise
[robot_supervisor-7] [INFO] [1776701116.859990585] [robot_0.robot_supervisor]: rotate_90 blocked by recent completion; stopping this tick
[robot_supervisor-19] [INFO] [1776701116.928413479] [robot_4.robot_supervisor]: Selected controllable event: EV_move_forward
[robot_supervisor-7] [INFO] [1776701116.959561390] [robot_0.robot_supervisor]: Selected controllable event: EV_rotate_clockwise
[robot_supervisor-7] [INFO] [1776701116.959884538] [robot_0.robot_supervisor]: rotate_90 blocked by recent completion; stopping this tick
[robot_supervisor-16] [INFO] [1776701117.053468734] [robot_3.robot_supervisor]: Selected controllable event: EV_move_forward
[robot_supervisor-7] [INFO] [1776701117.059592039] [robot_0.robot_supervisor]: Selected controllable event: EV_rotate_clockwise
[robot_supervisor-7] [INFO] [1776701117.059973829] [robot_0.robot_supervisor]: rotate_90 blocked by recent completion; stopping this tick
[robot_supervisor-13] [INFO] [1776701117.093405441] [robot_2.robot_supervisor]: Selected controllable event: EV_move_forward
[robot_supervisor-7] [INFO] [1776701117.159606746] [robot_0.robot_supervisor]: Selected controllable event: EV_rotate_clockwise
[image_processor-22] [INFO] [1776701117.166002842] [robot_1.image_processor]: Zone=CLEAR  left[p=2.293 near=0 v=6967]  front[p=2.994 near=0 v=9722]  right[p=2.782 near=0 v=4734]
[robot_supervisor-10] [INFO] [1776701117.166665844] [robot_1.robot_supervisor]: Detected zone changed to CLEAR
[image_processor-24] [INFO] [1776701117.178056884] [robot_3.image_processor]: Zone=CLEAR
[image_processor-23] [INFO] [1776701117.191040625] [robot_2.image_processor]: Zone=CLEAR
[image_processor-21] [INFO] [1776701117.205533050] [robot_0.image_processor]: Zone=CLEAR  left[p=1.827 near=0 v=7432]  front[p=0.806 near=1081 v=13109]  right[p=0.987 near=0 v=5465]
[robot_supervisor-7] [INFO] [1776701117.206459512] [robot_0.robot_supervisor]: Detected zone changed to CLEAR
[image_processor-25] [INFO] [1776701117.224101622] [robot_4.image_processor]: Zone=RIGHT  left[p=2.876 near=0 v=4777]  front[p=2.876 near=0 v=8637]  right[p=0.478 near=2843 v=7298]
[robot_supervisor-19] [INFO] [1776701117.224829048] [robot_4.robot_supervisor]: Detected zone changed to RIGHT
[robot_supervisor-19] [INFO] [1776701117.228059688] [robot_4.robot_supervisor]: Selected controllable event: EV_rotate_counterclockwise
[robot_supervisor-16] [INFO] [1776701117.353777038] [robot_3.robot_supervisor]: Selected controllable event: EV_move_forward
[robot_supervisor-13] [INFO] [1776701117.393160319] [robot_2.robot_supervisor]: Selected controllable event: EV_move_forward
[bump_counter-3] [INFO] [1776701117.471138299] [bump_counter]: [global] bump #7 (obstacle) with: west_wall::link::collision
[robot_supervisor-16] [INFO] [1776701117.653791517] [robot_3.robot_supervisor]: Selected controllable event: EV_random_walk
[robot_supervisor-13] [INFO] [1776701117.693258484] [robot_2.robot_supervisor]: Selected controllable event: EV_move_forward
[robot_supervisor-16] [INFO] [1776701117.953722324] [robot_3.robot_supervisor]: Selected controllable event: EV_random_walk
[robot_supervisor-13] [INFO] [1776701117.993103908] [robot_2.robot_supervisor]: Selected controllable event: EV_move_forward
[robot_supervisor-16] [INFO] [1776701118.253816450] [robot_3.robot_supervisor]: Selected controllable event: EV_random_walk
[robot_supervisor-13] [INFO] [1776701118.293191614] [robot_2.robot_supervisor]: Selected controllable event: EV_move_forward
[robot_supervisor-16] [INFO] [1776701118.553520805] [robot_3.robot_supervisor]: Selected controllable event: EV_random_walk
[robot_supervisor-13] [INFO] [1776701118.593258672] [robot_2.robot_supervisor]: Selected controllable event: EV_move_forward
[robot_supervisor-10] [INFO] [1776701118.657991470] [robot_1.robot_supervisor]: Selected controllable event: EV_random_walk
[robot_supervisor-16] [INFO] [1776701118.853703808] [robot_3.robot_supervisor]: Selected controllable event: EV_move_forward
[robot_supervisor-13] [INFO] [1776701118.893298997] [robot_2.robot_supervisor]: Selected controllable event: EV_move_forward
[robot_supervisor-10] [INFO] [1776701118.958031456] [robot_1.robot_supervisor]: Selected controllable event: EV_random_walk
[bump_counter-3] [INFO] [1776701119.051567356] [bump_counter]: [global] bump #8 (obstacle) with: west_wall::link::collision
[robot_supervisor-16] [INFO] [1776701119.154052670] [robot_3.robot_supervisor]: Selected controllable event: EV_move_forward
[robot_supervisor-13] [INFO] [1776701119.193197699] [robot_2.robot_supervisor]: Selected controllable event: EV_move_forward
[robot_supervisor-10] [INFO] [1776701119.258349254] [robot_1.robot_supervisor]: Selected controllable event: EV_move_forward
[robot_supervisor-19] [INFO] [1776701119.328468051] [robot_4.robot_supervisor]: Selected controllable event: EV_rotate_counterclockwise
[robot_supervisor-19] [INFO] [1776701119.328854057] [robot_4.robot_supervisor]: rotate_90 blocked by recent completion; stopping this tick
[robot_supervisor-7] [INFO] [1776701119.359517313] [robot_0.robot_supervisor]: Selected controllable event: EV_random_walk
[robot_supervisor-19] [INFO] [1776701119.428414234] [robot_4.robot_supervisor]: Selected controllable event: EV_rotate_counterclockwise
[robot_supervisor-19] [INFO] [1776701119.428783665] [robot_4.robot_supervisor]: rotate_90 blocked by recent completion; stopping this tick
[robot_supervisor-16] [INFO] [1776701119.453488116] [robot_3.robot_supervisor]: Selected controllable event: EV_move_forward
[robot_supervisor-13] [INFO] [1776701119.493082935] [robot_2.robot_supervisor]: Selected controllable event: EV_random_walk
[robot_supervisor-19] [INFO] [1776701119.528416541] [robot_4.robot_supervisor]: Selected controllable event: EV_rotate_counterclockwise
[robot_supervisor-19] [INFO] [1776701119.528805299] [robot_4.robot_supervisor]: rotate_90 blocked by recent completion; stopping this tick
[robot_supervisor-10] [INFO] [1776701119.558015283] [robot_1.robot_supervisor]: Selected controllable event: EV_move_forward
[robot_supervisor-19] [INFO] [1776701119.628371750] [robot_4.robot_supervisor]: Selected controllable event: EV_rotate_counterclockwise
[robot_supervisor-7] [INFO] [1776701119.659510957] [robot_0.robot_supervisor]: Selected controllable event: EV_random_walk
[image_processor-22] [INFO] [1776701119.660926635] [robot_1.image_processor]: Zone=CORNER  left[p=2.782 near=0 v=4933]  front[p=0.583 near=8033 v=12832]  right[p=0.438 near=7740 v=7740]
[robot_supervisor-10] [INFO] [1776701119.661407183] [robot_1.robot_supervisor]: Detected zone changed to CORNER
[image_processor-24] [INFO] [1776701119.671014365] [robot_3.image_processor]: Zone=CLEAR
[image_processor-23] [INFO] [1776701119.680552579] [robot_2.image_processor]: Zone=CLEAR
[image_processor-21] [INFO] [1776701119.696040240] [robot_0.image_processor]: Zone=CLEAR
[image_processor-25] [INFO] [1776701119.706435184] [robot_4.image_processor]: Zone=RIGHT
[robot_supervisor-16] [INFO] [1776701119.753739084] [robot_3.robot_supervisor]: Selected controllable event: EV_move_forward
[robot_supervisor-13] [INFO] [1776701119.793156632] [robot_2.robot_supervisor]: Selected controllable event: EV_random_walk
[robot_supervisor-10] [INFO] [1776701119.858031369] [robot_1.robot_supervisor]: Selected controllable event: EV_rotate_clockwise
[robot_supervisor-7] [INFO] [1776701119.959845332] [robot_0.robot_supervisor]: Selected controllable event: EV_move_forward
[robot_supervisor-16] [INFO] [1776701120.053690503] [robot_3.robot_supervisor]: Selected controllable event: EV_move_forward
[robot_supervisor-13] [INFO] [1776701120.093127878] [robot_2.robot_supervisor]: Selected controllable event: EV_move_forward
[robot_supervisor-7] [INFO] [1776701120.259700910] [robot_0.robot_supervisor]: Selected controllable event: EV_move_forward
[robot_supervisor-16] [INFO] [1776701120.353689997] [robot_3.robot_supervisor]: Selected controllable event: EV_move_forward
[robot_supervisor-13] [INFO] [1776701120.393346089] [robot_2.robot_supervisor]: Selected controllable event: EV_move_forward
[robot_supervisor-7] [INFO] [1776701120.559598068] [robot_0.robot_supervisor]: Selected controllable event: EV_random_walk
[robot_supervisor-16] [INFO] [1776701120.653699636] [robot_3.robot_supervisor]: Selected controllable event: EV_move_forward
[robot_supervisor-13] [INFO] [1776701120.693244868] [robot_2.robot_supervisor]: Selected controllable event: EV_random_walk
[robot_supervisor-7] [INFO] [1776701120.859701004] [robot_0.robot_supervisor]: Selected controllable event: EV_random_walk
[robot_supervisor-16] [INFO] [1776701120.953785258] [robot_3.robot_supervisor]: Selected controllable event: EV_move_forward
[robot_supervisor-13] [INFO] [1776701120.993484932] [robot_2.robot_supervisor]: Selected controllable event: EV_random_walk
[robot_supervisor-7] [INFO] [1776701121.159432313] [robot_0.robot_supervisor]: Selected controllable event: EV_move_forward
[robot_supervisor-16] [INFO] [1776701121.253791334] [robot_3.robot_supervisor]: Selected controllable event: EV_move_forward
[robot_supervisor-13] [INFO] [1776701121.293362855] [robot_2.robot_supervisor]: Selected controllable event: EV_move_forward
[robot_supervisor-7] [INFO] [1776701121.459629473] [robot_0.robot_supervisor]: Selected controllable event: EV_move_forward
[robot_supervisor-16] [INFO] [1776701121.553514174] [robot_3.robot_supervisor]: Selected controllable event: EV_move_forward
[robot_supervisor-13] [INFO] [1776701121.593439889] [robot_2.robot_supervisor]: Selected controllable event: EV_move_forward
[robot_supervisor-19] [INFO] [1776701121.728821741] [robot_4.robot_supervisor]: Selected controllable event: EV_rotate_counterclockwise
[robot_supervisor-19] [INFO] [1776701121.729244356] [robot_4.robot_supervisor]: rotate_90 blocked by recent completion; stopping this tick
[robot_supervisor-7] [INFO] [1776701121.759788959] [robot_0.robot_supervisor]: Selected controllable event: EV_random_walk
[robot_supervisor-19] [INFO] [1776701121.828059356] [robot_4.robot_supervisor]: Selected controllable event: EV_rotate_counterclockwise
[robot_supervisor-19] [INFO] [1776701121.828295254] [robot_4.robot_supervisor]: rotate_90 blocked by recent completion; stopping this tick
[robot_supervisor-16] [INFO] [1776701121.853693595] [robot_3.robot_supervisor]: Selected controllable event: EV_move_forward
[robot_supervisor-13] [INFO] [1776701121.893475688] [robot_2.robot_supervisor]: Selected controllable event: EV_move_forward
[robot_supervisor-19] [INFO] [1776701121.928516696] [robot_4.robot_supervisor]: Selected controllable event: EV_rotate_counterclockwise
[robot_supervisor-19] [INFO] [1776701121.928904612] [robot_4.robot_supervisor]: rotate_90 blocked by recent completion; stopping this tick
[robot_supervisor-19] [INFO] [1776701122.028388431] [robot_4.robot_supervisor]: Selected controllable event: EV_rotate_counterclockwise
[robot_supervisor-10] [INFO] [1776701122.057939160] [robot_1.robot_supervisor]: Selected controllable event: EV_rotate_clockwise
[robot_supervisor-10] [INFO] [1776701122.058201665] [robot_1.robot_supervisor]: rotate_90 blocked by recent completion; stopping this tick
[robot_supervisor-7] [INFO] [1776701122.059641685] [robot_0.robot_supervisor]: Selected controllable event: EV_random_walk
[image_processor-22] [INFO] [1776701122.153572756] [robot_1.image_processor]: Zone=CORNER
[robot_supervisor-16] [INFO] [1776701122.153685907] [robot_3.robot_supervisor]: Selected controllable event: EV_move_forward
[robot_supervisor-10] [INFO] [1776701122.157956189] [robot_1.robot_supervisor]: Selected controllable event: EV_rotate_clockwise
[robot_supervisor-10] [INFO] [1776701122.158279574] [robot_1.robot_supervisor]: rotate_90 blocked by recent completion; stopping this tick
[image_processor-24] [INFO] [1776701122.161656509] [robot_3.image_processor]: Zone=CLEAR
[image_processor-23] [INFO] [1776701122.168400722] [robot_2.image_processor]: Zone=CLEAR
[image_processor-21] [INFO] [1776701122.180351592] [robot_0.image_processor]: Zone=CLEAR
[image_processor-25] [INFO] [1776701122.186985876] [robot_4.image_processor]: Zone=CLEAR  left[p=0.910 near=0 v=7650]  front[p=0.938 near=0 v=13500]  right[p=0.971 near=0 v=7740]
[robot_supervisor-19] [INFO] [1776701122.187433672] [robot_4.robot_supervisor]: Detected zone changed to CLEAR
[robot_supervisor-13] [INFO] [1776701122.193586154] [robot_2.robot_supervisor]: Selected controllable event: EV_move_forward
[robot_supervisor-10] [INFO] [1776701122.258097444] [robot_1.robot_supervisor]: Selected controllable event: EV_rotate_clockwise
[robot_supervisor-7] [INFO] [1776701122.359611164] [robot_0.robot_supervisor]: Selected controllable event: EV_random_walk
[robot_supervisor-16] [INFO] [1776701122.453492769] [robot_3.robot_supervisor]: Selected controllable event: EV_move_forward
[robot_supervisor-13] [INFO] [1776701122.493491597] [robot_2.robot_supervisor]: Selected controllable event: EV_random_walk
[robot_supervisor-7] [INFO] [1776701122.659616433] [robot_0.robot_supervisor]: Selected controllable event: EV_random_walk
[robot_supervisor-16] [INFO] [1776701122.753766576] [robot_3.robot_supervisor]: Selected controllable event: EV_move_forward
[robot_supervisor-13] [INFO] [1776701122.793506223] [robot_2.robot_supervisor]: Selected controllable event: EV_random_walk
[robot_supervisor-7] [INFO] [1776701122.959597922] [robot_0.robot_supervisor]: Selected controllable event: EV_random_walk
[robot_supervisor-16] [INFO] [1776701123.053582006] [robot_3.robot_supervisor]: Selected controllable event: EV_random_walk
[robot_supervisor-13] [INFO] [1776701123.093438192] [robot_2.robot_supervisor]: Selected controllable event: EV_random_walk
[robot_supervisor-7] [INFO] [1776701123.259386364] [robot_0.robot_supervisor]: Selected controllable event: EV_random_walk
[robot_supervisor-16] [INFO] [1776701123.353520838] [robot_3.robot_supervisor]: Selected controllable event: EV_random_walk
[robot_supervisor-13] [INFO] [1776701123.393298907] [robot_2.robot_supervisor]: Selected controllable event: EV_random_walk
[robot_supervisor-7] [INFO] [1776701123.559684511] [robot_0.robot_supervisor]: Selected controllable event: EV_move_forward
[robot_supervisor-16] [INFO] [1776701123.653591681] [robot_3.robot_supervisor]: Selected controllable event: EV_move_forward
[robot_supervisor-13] [INFO] [1776701123.693577664] [robot_2.robot_supervisor]: Selected controllable event: EV_random_walk
[robot_supervisor-7] [INFO] [1776701123.859590638] [robot_0.robot_supervisor]: Selected controllable event: EV_move_forward
[robot_supervisor-16] [INFO] [1776701123.953968622] [robot_3.robot_supervisor]: Selected controllable event: EV_move_forward
[robot_supervisor-13] [INFO] [1776701123.993294729] [robot_2.robot_supervisor]: Selected controllable event: EV_random_walk
[robot_supervisor-19] [INFO] [1776701124.128450704] [robot_4.robot_supervisor]: Selected controllable event: EV_move_forward
[robot_supervisor-7] [INFO] [1776701124.159799511] [robot_0.robot_supervisor]: Selected controllable event: EV_move_forward
[robot_supervisor-16] [INFO] [1776701124.253726029] [robot_3.robot_supervisor]: Selected controllable event: EV_move_forward
[robot_supervisor-13] [INFO] [1776701124.293197615] [robot_2.robot_supervisor]: Selected controllable event: EV_random_walk
[robot_supervisor-10] [INFO] [1776701124.358286808] [robot_1.robot_supervisor]: Selected controllable event: EV_rotate_clockwise
[robot_supervisor-10] [INFO] [1776701124.358789729] [robot_1.robot_supervisor]: rotate_90 blocked by recent completion; stopping this tick
[robot_supervisor-19] [INFO] [1776701124.428412271] [robot_4.robot_supervisor]: Selected controllable event: EV_move_forward
[robot_supervisor-10] [INFO] [1776701124.458164654] [robot_1.robot_supervisor]: Selected controllable event: EV_rotate_clockwise
[robot_supervisor-10] [INFO] [1776701124.458656835] [robot_1.robot_supervisor]: rotate_90 blocked by recent completion; stopping this tick
[robot_supervisor-7] [INFO] [1776701124.459587504] [robot_0.robot_supervisor]: Selected controllable event: EV_move_forward
[robot_supervisor-16] [INFO] [1776701124.553704515] [robot_3.robot_supervisor]: Selected controllable event: EV_move_forward
[robot_supervisor-10] [INFO] [1776701124.558002879] [robot_1.robot_supervisor]: Selected controllable event: EV_rotate_clockwise
[robot_supervisor-10] [INFO] [1776701124.558359620] [robot_1.robot_supervisor]: rotate_90 blocked by recent completion; stopping this tick
[robot_supervisor-13] [INFO] [1776701124.593260732] [robot_2.robot_supervisor]: Selected controllable event: EV_random_walk
[image_processor-22] [INFO] [1776701124.656499713] [robot_1.image_processor]: Zone=CORNER
[robot_supervisor-10] [INFO] [1776701124.657709538] [robot_1.robot_supervisor]: Selected controllable event: EV_rotate_clockwise
[image_processor-24] [INFO] [1776701124.663885387] [robot_3.image_processor]: Zone=CLEAR
[image_processor-23] [INFO] [1776701124.674155498] [robot_2.image_processor]: Zone=CLEAR
[image_processor-21] [INFO] [1776701124.688098205] [robot_0.image_processor]: Zone=CLEAR
[robot_supervisor-19] [INFO] [1776701124.728464566] [robot_4.robot_supervisor]: Selected controllable event: EV_random_walk
[robot_supervisor-7] [INFO] [1776701124.759625531] [robot_0.robot_supervisor]: Selected controllable event: EV_move_forward
[image_processor-25] [INFO] [1776701124.797042170] [robot_4.image_processor]: Zone=LEFT  left[p=0.423 near=7650 v=7650]  front[p=0.616 near=5498 v=13500]  right[p=1.160 near=0 v=7740]
[robot_supervisor-19] [INFO] [1776701124.797628055] [robot_4.robot_supervisor]: Detected zone changed to LEFT
[robot_supervisor-16] [INFO] [1776701124.853467378] [robot_3.robot_supervisor]: Selected controllable event: EV_random_walk
[robot_supervisor-13] [INFO] [1776701124.893361902] [robot_2.robot_supervisor]: Selected controllable event: EV_random_walk
[robot_supervisor-19] [INFO] [1776701125.028384621] [robot_4.robot_supervisor]: Selected controllable event: EV_rotate_clockwise
[robot_supervisor-7] [INFO] [1776701125.059575797] [robot_0.robot_supervisor]: Selected controllable event: EV_move_forward
[robot_supervisor-16] [INFO] [1776701125.154068956] [robot_3.robot_supervisor]: Selected controllable event: EV_random_walk
[robot_supervisor-13] [INFO] [1776701125.193614085] [robot_2.robot_supervisor]: Selected controllable event: EV_random_walk
[robot_supervisor-7] [INFO] [1776701125.359588637] [robot_0.robot_supervisor]: Selected controllable event: EV_move_forward
[robot_supervisor-16] [INFO] [1776701125.453758700] [robot_3.robot_supervisor]: Selected controllable event: EV_random_walk
[robot_supervisor-13] [INFO] [1776701125.493370902] [robot_2.robot_supervisor]: Selected controllable event: EV_random_walk
[robot_supervisor-7] [INFO] [1776701125.659898208] [robot_0.robot_supervisor]: Selected controllable event: EV_move_forward
[robot_supervisor-16] [INFO] [1776701125.753778878] [robot_3.robot_supervisor]: Selected controllable event: EV_random_walk
[robot_supervisor-13] [INFO] [1776701125.793361109] [robot_2.robot_supervisor]: Selected controllable event: EV_random_walk
[robot_supervisor-7] [INFO] [1776701125.959756715] [robot_0.robot_supervisor]: Selected controllable event: EV_move_forward
[robot_supervisor-16] [INFO] [1776701126.053801390] [robot_3.robot_supervisor]: Selected controllable event: EV_move_forward
[robot_supervisor-13] [INFO] [1776701126.093339424] [robot_2.robot_supervisor]: Selected controllable event: EV_random_walk
[robot_supervisor-7] [INFO] [1776701126.259571617] [robot_0.robot_supervisor]: Selected controllable event: EV_move_forward
[robot_supervisor-16] [INFO] [1776701126.353916592] [robot_3.robot_supervisor]: Selected controllable event: EV_move_forward
[robot_supervisor-13] [INFO] [1776701126.393367958] [robot_2.robot_supervisor]: Selected controllable event: EV_random_walk
[robot_supervisor-7] [INFO] [1776701126.559613421] [robot_0.robot_supervisor]: Selected controllable event: EV_move_forward
[robot_supervisor-16] [INFO] [1776701126.653467169] [robot_3.robot_supervisor]: Selected controllable event: EV_move_forward
[robot_supervisor-13] [INFO] [1776701126.693500712] [robot_2.robot_supervisor]: Selected controllable event: EV_move_forward
[robot_supervisor-10] [INFO] [1776701126.758312582] [robot_1.robot_supervisor]: Selected controllable event: EV_rotate_clockwise
[robot_supervisor-10] [INFO] [1776701126.758807059] [robot_1.robot_supervisor]: rotate_90 blocked by recent completion; stopping this tick
[robot_supervisor-10] [INFO] [1776701126.858089790] [robot_1.robot_supervisor]: Selected controllable event: EV_rotate_clockwise
[robot_supervisor-10] [INFO] [1776701126.858454638] [robot_1.robot_supervisor]: rotate_90 blocked by recent completion; stopping this tick
[robot_supervisor-7] [INFO] [1776701126.859442854] [robot_0.robot_supervisor]: Selected controllable event: EV_move_forward
[robot_supervisor-16] [INFO] [1776701126.953608274] [robot_3.robot_supervisor]: Selected controllable event: EV_move_forward
[robot_supervisor-10] [INFO] [1776701126.958034959] [robot_1.robot_supervisor]: Selected controllable event: EV_rotate_clockwise
[robot_supervisor-10] [INFO] [1776701126.958492778] [robot_1.robot_supervisor]: rotate_90 blocked by recent completion; stopping this tick
[robot_supervisor-13] [INFO] [1776701126.993312498] [robot_2.robot_supervisor]: Selected controllable event: EV_move_forward
[robot_supervisor-10] [INFO] [1776701127.057947451] [robot_1.robot_supervisor]: Selected controllable event: EV_rotate_clockwise
[robot_supervisor-7] [INFO] [1776701127.159483212] [robot_0.robot_supervisor]: Selected controllable event: EV_random_walk
[image_processor-22] [INFO] [1776701127.162133961] [robot_1.image_processor]: Zone=CLEAR  left[p=2.489 near=0 v=6947]  front[p=2.994 near=0 v=9774]  right[p=2.782 near=0 v=4796]
[robot_supervisor-10] [INFO] [1776701127.162883768] [robot_1.robot_supervisor]: Detected zone changed to CLEAR
[image_processor-24] [INFO] [1776701127.170249827] [robot_3.image_processor]: Zone=CLEAR
[image_processor-23] [INFO] [1776701127.179816537] [robot_2.image_processor]: Zone=CLEAR
[image_processor-21] [INFO] [1776701127.195695925] [robot_0.image_processor]: Zone=CLEAR
[image_processor-25] [INFO] [1776701127.203674587] [robot_4.image_processor]: Zone=LEFT
[robot_supervisor-19] [INFO] [1776701127.228440415] [robot_4.robot_supervisor]: Selected controllable event: EV_rotate_clockwise
[robot_supervisor-19] [INFO] [1776701127.228906445] [robot_4.robot_supervisor]: rotate_90 blocked by recent completion; stopping this tick
[robot_supervisor-16] [INFO] [1776701127.253690908] [robot_3.robot_supervisor]: Selected controllable event: EV_move_forward
[robot_supervisor-13] [INFO] [1776701127.293355702] [robot_2.robot_supervisor]: Selected controllable event: EV_random_walk
[robot_supervisor-19] [INFO] [1776701127.328407459] [robot_4.robot_supervisor]: Selected controllable event: EV_rotate_clockwise
[robot_supervisor-19] [INFO] [1776701127.328763684] [robot_4.robot_supervisor]: rotate_90 blocked by recent completion; stopping this tick
[robot_supervisor-19] [INFO] [1776701127.428273520] [robot_4.robot_supervisor]: Selected controllable event: EV_rotate_clockwise
[robot_supervisor-7] [INFO] [1776701127.459641587] [robot_0.robot_supervisor]: Selected controllable event: EV_random_walk
[robot_supervisor-16] [INFO] [1776701127.553772375] [robot_3.robot_supervisor]: Selected controllable event: EV_move_forward
[robot_supervisor-13] [INFO] [1776701127.593376451] [robot_2.robot_supervisor]: Selected controllable event: EV_random_walk
[robot_supervisor-7] [INFO] [1776701127.759642027] [robot_0.robot_supervisor]: Selected controllable event: EV_random_walk
[robot_supervisor-16] [INFO] [1776701127.853740606] [robot_3.robot_supervisor]: Selected controllable event: EV_move_forward
[robot_supervisor-13] [INFO] [1776701127.893435472] [robot_2.robot_supervisor]: Selected controllable event: EV_random_walk
[robot_supervisor-7] [INFO] [1776701128.059615797] [robot_0.robot_supervisor]: Selected controllable event: EV_random_walk
[robot_supervisor-16] [INFO] [1776701128.154040197] [robot_3.robot_supervisor]: Selected controllable event: EV_move_forward
[robot_supervisor-13] [INFO] [1776701128.193468377] [robot_2.robot_supervisor]: Selected controllable event: EV_random_walk
[robot_supervisor-7] [INFO] [1776701128.359464795] [robot_0.robot_supervisor]: Selected controllable event: EV_random_walk
[robot_supervisor-16] [INFO] [1776701128.454669317] [robot_3.robot_supervisor]: Selected controllable event: EV_move_forward
[robot_supervisor-13] [INFO] [1776701128.493402771] [robot_2.robot_supervisor]: Selected controllable event: EV_random_walk
[robot_supervisor-7] [INFO] [1776701128.659489601] [robot_0.robot_supervisor]: Selected controllable event: EV_random_walk
[robot_supervisor-16] [INFO] [1776701128.753777160] [robot_3.robot_supervisor]: Selected controllable event: EV_move_forward
[robot_supervisor-13] [INFO] [1776701128.793360351] [robot_2.robot_supervisor]: Selected controllable event: EV_random_walk
[robot_supervisor-7] [INFO] [1776701128.959947291] [robot_0.robot_supervisor]: Selected controllable event: EV_random_walk
[robot_supervisor-16] [INFO] [1776701129.053652923] [robot_3.robot_supervisor]: Selected controllable event: EV_random_walk
[robot_supervisor-13] [INFO] [1776701129.093223957] [robot_2.robot_supervisor]: Selected controllable event: EV_move_forward
[robot_supervisor-10] [INFO] [1776701129.158072728] [robot_1.robot_supervisor]: Selected controllable event: EV_move_forward
[robot_supervisor-7] [INFO] [1776701129.259665529] [robot_0.robot_supervisor]: Selected controllable event: EV_random_walk
[robot_supervisor-16] [INFO] [1776701129.353787654] [robot_3.robot_supervisor]: Selected controllable event: EV_random_walk
[robot_supervisor-13] [INFO] [1776701129.393405301] [robot_2.robot_supervisor]: Selected controllable event: EV_move_forward
[robot_supervisor-10] [INFO] [1776701129.457875506] [robot_1.robot_supervisor]: Selected controllable event: EV_move_forward
[robot_supervisor-7] [INFO] [1776701129.559639109] [robot_0.robot_supervisor]: Selected controllable event: EV_random_walk
[robot_supervisor-19] [INFO] [1776701129.628392217] [robot_4.robot_supervisor]: Selected controllable event: EV_rotate_clockwise
[robot_supervisor-19] [INFO] [1776701129.628760141] [robot_4.robot_supervisor]: rotate_90 blocked by recent completion; stopping this tick
[robot_supervisor-16] [INFO] [1776701129.653727653] [robot_3.robot_supervisor]: Selected controllable event: EV_move_forward
[image_processor-22] [INFO] [1776701129.660185325] [robot_1.image_processor]: Zone=CORNER  left[p=0.673 near=3653 v=6335]  front[p=0.435 near=13500 v=13500]  right[p=0.351 near=7740 v=7740]
[robot_supervisor-10] [INFO] [1776701129.660647493] [robot_1.robot_supervisor]: Detected zone changed to CORNER
[image_processor-24] [INFO] [1776701129.667315611] [robot_3.image_processor]: Zone=CLEAR
[image_processor-23] [INFO] [1776701129.676845843] [robot_2.image_processor]: Zone=CLEAR
[robot_supervisor-13] [INFO] [1776701129.693454053] [robot_2.robot_supervisor]: Selected controllable event: EV_random_walk
[image_processor-21] [INFO] [1776701129.693558794] [robot_0.image_processor]: Zone=CLEAR
[image_processor-25] [INFO] [1776701129.704605616] [robot_4.image_processor]: Zone=CLEAR  left[p=1.377 near=0 v=7650]  front[p=2.230 near=0 v=10929]  right[p=1.920 near=0 v=5234]
[robot_supervisor-19] [INFO] [1776701129.705128871] [robot_4.robot_supervisor]: Detected zone changed to CLEAR
[robot_supervisor-19] [INFO] [1776701129.728281982] [robot_4.robot_supervisor]: Selected controllable event: EV_random_walk
[robot_supervisor-10] [INFO] [1776701129.757999875] [robot_1.robot_supervisor]: Selected controllable event: EV_rotate_clockwise
[robot_supervisor-7] [INFO] [1776701129.859606659] [robot_0.robot_supervisor]: Selected controllable event: EV_random_walk
[robot_supervisor-16] [INFO] [1776701129.953988903] [robot_3.robot_supervisor]: Selected controllable event: EV_move_forward
[robot_supervisor-13] [INFO] [1776701129.993114604] [robot_2.robot_supervisor]: Selected controllable event: EV_random_walk
[robot_supervisor-19] [INFO] [1776701130.028447550] [robot_4.robot_supervisor]: Selected controllable event: EV_random_walk
[robot_supervisor-7] [INFO] [1776701130.159734393] [robot_0.robot_supervisor]: Selected controllable event: EV_move_forward
[robot_supervisor-16] [INFO] [1776701130.253808042] [robot_3.robot_supervisor]: Selected controllable event: EV_move_forward
[robot_supervisor-13] [INFO] [1776701130.293174935] [robot_2.robot_supervisor]: Selected controllable event: EV_random_walk
[robot_supervisor-19] [INFO] [1776701130.328140460] [robot_4.robot_supervisor]: Selected controllable event: EV_move_forward
[robot_supervisor-7] [INFO] [1776701130.459826961] [robot_0.robot_supervisor]: Selected controllable event: EV_move_forward
[robot_supervisor-16] [INFO] [1776701130.553748406] [robot_3.robot_supervisor]: Selected controllable event: EV_move_forward
[robot_supervisor-13] [INFO] [1776701130.593492712] [robot_2.robot_supervisor]: Selected controllable event: EV_random_walk
[robot_supervisor-19] [INFO] [1776701130.628183123] [robot_4.robot_supervisor]: Selected controllable event: EV_move_forward
[robot_supervisor-7] [INFO] [1776701130.759382888] [robot_0.robot_supervisor]: Selected controllable event: EV_move_forward
[robot_supervisor-16] [INFO] [1776701130.853601596] [robot_3.robot_supervisor]: Selected controllable event: EV_move_forward
[robot_supervisor-13] [INFO] [1776701130.893355344] [robot_2.robot_supervisor]: Selected controllable event: EV_move_forward
[robot_supervisor-19] [INFO] [1776701130.928491893] [robot_4.robot_supervisor]: Selected controllable event: EV_move_forward
[robot_supervisor-7] [INFO] [1776701131.059586589] [robot_0.robot_supervisor]: Selected controllable event: EV_move_forward
[robot_supervisor-16] [INFO] [1776701131.154072120] [robot_3.robot_supervisor]: Selected controllable event: EV_move_forward
[robot_supervisor-13] [INFO] [1776701131.193099128] [robot_2.robot_supervisor]: Selected controllable event: EV_move_forward
[robot_supervisor-19] [INFO] [1776701131.228433938] [robot_4.robot_supervisor]: Selected controllable event: EV_move_forward
[robot_supervisor-7] [INFO] [1776701131.359639867] [robot_0.robot_supervisor]: Selected controllable event: EV_random_walk
[robot_supervisor-16] [INFO] [1776701131.453979445] [robot_3.robot_supervisor]: Selected controllable event: EV_random_walk
[robot_supervisor-13] [INFO] [1776701131.493145637] [robot_2.robot_supervisor]: Selected controllable event: EV_random_walk
[robot_supervisor-19] [INFO] [1776701131.528387542] [robot_4.robot_supervisor]: Selected controllable event: EV_move_forward
[robot_supervisor-7] [INFO] [1776701131.659774910] [robot_0.robot_supervisor]: Selected controllable event: EV_random_walk
[robot_supervisor-16] [INFO] [1776701131.753463997] [robot_3.robot_supervisor]: Selected controllable event: EV_random_walk
[robot_supervisor-13] [INFO] [1776701131.793610058] [robot_2.robot_supervisor]: Selected controllable event: EV_random_walk
[robot_supervisor-19] [INFO] [1776701131.828267105] [robot_4.robot_supervisor]: Selected controllable event: EV_move_forward
[robot_supervisor-10] [INFO] [1776701131.958002025] [robot_1.robot_supervisor]: Selected controllable event: EV_rotate_clockwise
[robot_supervisor-10] [INFO] [1776701131.958673582] [robot_1.robot_supervisor]: rotate_90 blocked by recent completion; stopping this tick
[robot_supervisor-7] [INFO] [1776701131.959583778] [robot_0.robot_supervisor]: Selected controllable event: EV_random_walk
[robot_supervisor-16] [INFO] [1776701132.053535295] [robot_3.robot_supervisor]: Selected controllable event: EV_random_walk
[robot_supervisor-10] [INFO] [1776701132.057926760] [robot_1.robot_supervisor]: Selected controllable event: EV_rotate_clockwise
[robot_supervisor-10] [INFO] [1776701132.058314603] [robot_1.robot_supervisor]: rotate_90 blocked by recent completion; stopping this tick
[robot_supervisor-13] [INFO] [1776701132.093210566] [robot_2.robot_supervisor]: Selected controllable event: EV_random_walk
[robot_supervisor-19] [INFO] [1776701132.128166414] [robot_4.robot_supervisor]: Selected controllable event: EV_move_forward
[image_processor-22] [INFO] [1776701132.156054536] [robot_1.image_processor]: Zone=CORNER
[robot_supervisor-10] [INFO] [1776701132.157971497] [robot_1.robot_supervisor]: Selected controllable event: EV_rotate_clockwise
[image_processor-24] [INFO] [1776701132.163345296] [robot_3.image_processor]: Zone=RIGHT  left[p=2.357 near=0 v=7650]  front[p=1.519 near=0 v=13500]  right[p=0.567 near=4787 v=7740]
[robot_supervisor-16] [INFO] [1776701132.163905439] [robot_3.robot_supervisor]: Detected zone changed to RIGHT
[image_processor-23] [INFO] [1776701132.172412319] [robot_2.image_processor]: Zone=LEFT  left[p=0.580 near=3166 v=7650]  front[p=1.930 near=0 v=13500]  right[p=1.144 near=0 v=7740]
[robot_supervisor-13] [INFO] [1776701132.173174977] [robot_2.robot_supervisor]: Detected zone changed to LEFT
[image_processor-21] [INFO] [1776701132.185803932] [robot_0.image_processor]: Zone=CLEAR
[image_processor-25] [INFO] [1776701132.196006617] [robot_4.image_processor]: Zone=CLEAR
[robot_supervisor-7] [INFO] [1776701132.259600121] [robot_0.robot_supervisor]: Selected controllable event: EV_random_walk
[robot_supervisor-16] [INFO] [1776701132.353552286] [robot_3.robot_supervisor]: Selected controllable event: EV_rotate_counterclockwise
[robot_supervisor-13] [INFO] [1776701132.393300056] [robot_2.robot_supervisor]: Selected controllable event: EV_rotate_clockwise
[robot_supervisor-19] [INFO] [1776701132.428140333] [robot_4.robot_supervisor]: Selected controllable event: EV_move_forward
[robot_supervisor-7] [INFO] [1776701132.559524176] [robot_0.robot_supervisor]: Selected controllable event: EV_move_forward
[robot_supervisor-19] [INFO] [1776701132.728442235] [robot_4.robot_supervisor]: Selected controllable event: EV_move_forward
[robot_supervisor-7] [INFO] [1776701132.859991532] [robot_0.robot_supervisor]: Selected controllable event: EV_move_forward
[robot_supervisor-19] [INFO] [1776701133.028422881] [robot_4.robot_supervisor]: Selected controllable event: EV_move_forward
[robot_supervisor-7] [INFO] [1776701133.159657115] [robot_0.robot_supervisor]: Selected controllable event: EV_move_forward
[robot_supervisor-19] [INFO] [1776701133.328394979] [robot_4.robot_supervisor]: Selected controllable event: EV_move_forward
[robot_supervisor-7] [INFO] [1776701133.459626386] [robot_0.robot_supervisor]: Selected controllable event: EV_move_forward
[robot_supervisor-19] [INFO] [1776701133.628353067] [robot_4.robot_supervisor]: Selected controllable event: EV_move_forward
[robot_supervisor-7] [INFO] [1776701133.759565230] [robot_0.robot_supervisor]: Selected controllable event: EV_move_forward
[robot_supervisor-19] [INFO] [1776701133.928299153] [robot_4.robot_supervisor]: Selected controllable event: EV_random_walk
[robot_supervisor-7] [INFO] [1776701134.059654161] [robot_0.robot_supervisor]: Selected controllable event: EV_move_forward
[robot_supervisor-19] [INFO] [1776701134.228438950] [robot_4.robot_supervisor]: Selected controllable event: EV_random_walk
[robot_supervisor-10] [INFO] [1776701134.358100737] [robot_1.robot_supervisor]: Selected controllable event: EV_rotate_clockwise
[robot_supervisor-10] [INFO] [1776701134.358507159] [robot_1.robot_supervisor]: rotate_90 blocked by recent completion; stopping this tick
[robot_supervisor-7] [INFO] [1776701134.359591703] [robot_0.robot_supervisor]: Selected controllable event: EV_random_walk
[robot_supervisor-10] [INFO] [1776701134.458323479] [robot_1.robot_supervisor]: Selected controllable event: EV_rotate_clockwise
[robot_supervisor-10] [INFO] [1776701134.458803229] [robot_1.robot_supervisor]: rotate_90 blocked by recent completion; stopping this tick
[robot_supervisor-13] [INFO] [1776701134.493375124] [robot_2.robot_supervisor]: Selected controllable event: EV_rotate_clockwise
[robot_supervisor-13] [INFO] [1776701134.493736948] [robot_2.robot_supervisor]: rotate_90 blocked by recent completion; stopping this tick
[robot_supervisor-19] [INFO] [1776701134.528569799] [robot_4.robot_supervisor]: Selected controllable event: EV_move_forward
[robot_supervisor-16] [INFO] [1776701134.553803246] [robot_3.robot_supervisor]: Selected controllable event: EV_rotate_counterclockwise
[robot_supervisor-16] [INFO] [1776701134.554394422] [robot_3.robot_supervisor]: rotate_90 blocked by recent completion; stopping this tick
[robot_supervisor-10] [INFO] [1776701134.557954242] [robot_1.robot_supervisor]: Selected controllable event: EV_rotate_clockwise
[robot_supervisor-13] [INFO] [1776701134.593327804] [robot_2.robot_supervisor]: Selected controllable event: EV_rotate_clockwise
[robot_supervisor-13] [INFO] [1776701134.593681062] [robot_2.robot_supervisor]: rotate_90 blocked by recent completion; stopping this tick
[image_processor-22] [INFO] [1776701134.653152467] [robot_1.image_processor]: Zone=LEFT  left[p=0.670 near=6341 v=7650]  front[p=0.881 near=0 v=13500]  right[p=1.731 near=0 v=7739]
[robot_supervisor-16] [INFO] [1776701134.653808564] [robot_3.robot_supervisor]: Selected controllable event: EV_rotate_counterclockwise
[robot_supervisor-10] [INFO] [1776701134.654032780] [robot_1.robot_supervisor]: Detected zone changed to LEFT
[robot_supervisor-16] [INFO] [1776701134.654168772] [robot_3.robot_supervisor]: rotate_90 blocked by recent completion; stopping this tick
[robot_supervisor-7] [INFO] [1776701134.659547889] [robot_0.robot_supervisor]: Selected controllable event: EV_random_walk
[image_processor-24] [INFO] [1776701134.664580227] [robot_3.image_processor]: Zone=RIGHT
[image_processor-23] [INFO] [1776701134.680003223] [robot_2.image_processor]: Zone=LEFT
[image_processor-21] [INFO] [1776701134.691110564] [robot_0.image_processor]: Zone=LEFT  left[p=0.525 near=5421 v=7317]  front[p=2.440 near=0 v=13154]  right[p=1.815 near=0 v=7740]
[robot_supervisor-7] [INFO] [1776701134.691882664] [robot_0.robot_supervisor]: Detected zone changed to LEFT
[robot_supervisor-13] [INFO] [1776701134.693144396] [robot_2.robot_supervisor]: Selected controllable event: EV_rotate_clockwise
[image_processor-25] [INFO] [1776701134.704121582] [robot_4.image_processor]: Zone=CLEAR
[robot_supervisor-16] [INFO] [1776701134.753706968] [robot_3.robot_supervisor]: Selected controllable event: EV_rotate_counterclockwise
[robot_supervisor-19] [INFO] [1776701134.828270348] [robot_4.robot_supervisor]: Selected controllable event: EV_move_forward
[robot_supervisor-7] [INFO] [1776701134.959689250] [robot_0.robot_supervisor]: Selected controllable event: EV_rotate_clockwise
[robot_supervisor-19] [INFO] [1776701135.128609317] [robot_4.robot_supervisor]: Selected controllable event: EV_move_forward
[robot_supervisor-19] [INFO] [1776701135.428358985] [robot_4.robot_supervisor]: Selected controllable event: EV_move_forward
[robot_supervisor-19] [INFO] [1776701135.728232186] [robot_4.robot_supervisor]: Selected controllable event: EV_move_forward
[robot_supervisor-19] [INFO] [1776701136.028322159] [robot_4.robot_supervisor]: Selected controllable event: EV_move_forward
[robot_supervisor-19] [INFO] [1776701136.328402744] [robot_4.robot_supervisor]: Selected controllable event: EV_move_forward
[robot_supervisor-19] [INFO] [1776701136.628421462] [robot_4.robot_supervisor]: Selected controllable event: EV_move_forward
[robot_supervisor-10] [INFO] [1776701136.757832805] [robot_1.robot_supervisor]: Selected controllable event: EV_rotate_clockwise
[robot_supervisor-10] [INFO] [1776701136.758010129] [robot_1.robot_supervisor]: rotate_90 blocked by recent completion; stopping this tick
[robot_supervisor-13] [INFO] [1776701136.793389389] [robot_2.robot_supervisor]: Selected controllable event: EV_rotate_clockwise
[robot_supervisor-13] [INFO] [1776701136.793715109] [robot_2.robot_supervisor]: rotate_90 blocked by recent completion; stopping this tick
[robot_supervisor-10] [INFO] [1776701136.858203473] [robot_1.robot_supervisor]: Selected controllable event: EV_rotate_clockwise
[robot_supervisor-10] [INFO] [1776701136.858678422] [robot_1.robot_supervisor]: rotate_90 blocked by recent completion; stopping this tick
[robot_supervisor-13] [INFO] [1776701136.893331738] [robot_2.robot_supervisor]: Selected controllable event: EV_rotate_clockwise
[robot_supervisor-13] [INFO] [1776701136.893687414] [robot_2.robot_supervisor]: rotate_90 blocked by recent completion; stopping this tick
[robot_supervisor-19] [INFO] [1776701136.928366014] [robot_4.robot_supervisor]: Selected controllable event: EV_move_forward
[robot_supervisor-16] [INFO] [1776701136.953503758] [robot_3.robot_supervisor]: Selected controllable event: EV_rotate_counterclockwise
[robot_supervisor-16] [INFO] [1776701136.953672975] [robot_3.robot_supervisor]: rotate_90 blocked by recent completion; stopping this tick
[robot_supervisor-10] [INFO] [1776701136.957710259] [robot_1.robot_supervisor]: Selected controllable event: EV_rotate_clockwise
[robot_supervisor-13] [INFO] [1776701136.993348534] [robot_2.robot_supervisor]: Selected controllable event: EV_rotate_clockwise
[robot_supervisor-13] [INFO] [1776701136.993876629] [robot_2.robot_supervisor]: rotate_90 blocked by recent completion; stopping this tick
[robot_supervisor-16] [INFO] [1776701137.053529782] [robot_3.robot_supervisor]: Selected controllable event: EV_rotate_counterclockwise
[robot_supervisor-16] [INFO] [1776701137.053773867] [robot_3.robot_supervisor]: rotate_90 blocked by recent completion; stopping this tick
[robot_supervisor-7] [INFO] [1776701137.059665230] [robot_0.robot_supervisor]: Selected controllable event: EV_rotate_clockwise
[robot_supervisor-7] [INFO] [1776701137.060050234] [robot_0.robot_supervisor]: rotate_90 blocked by recent completion; stopping this tick
[robot_supervisor-13] [INFO] [1776701137.093350257] [robot_2.robot_supervisor]: Selected controllable event: EV_rotate_clockwise
[robot_supervisor-16] [INFO] [1776701137.153681434] [robot_3.robot_supervisor]: Selected controllable event: EV_rotate_counterclockwise
[robot_supervisor-7] [INFO] [1776701137.159838638] [robot_0.robot_supervisor]: Selected controllable event: EV_rotate_clockwise
[robot_supervisor-7] [INFO] [1776701137.160286515] [robot_0.robot_supervisor]: rotate_90 blocked by recent completion; stopping this tick
[image_processor-22] [INFO] [1776701137.163736167] [robot_1.image_processor]: Zone=LEFT
[image_processor-24] [INFO] [1776701137.190918238] [robot_3.image_processor]: Zone=LEFT  left[p=0.635 near=2389 v=6604]  front[p=2.950 near=0 v=8776]  right[p=3.190 near=0 v=5640]
[robot_supervisor-16] [INFO] [1776701137.192013878] [robot_3.robot_supervisor]: Detected zone changed to LEFT
[image_processor-23] [INFO] [1776701137.211277856] [robot_2.image_processor]: Zone=CLEAR  left[p=2.696 near=0 v=5386]  front[p=2.892 near=0 v=7550]  right[p=1.943 near=0 v=7420]
[robot_supervisor-13] [INFO] [1776701137.212094957] [robot_2.robot_supervisor]: Detected zone changed to CLEAR
[image_processor-21] [INFO] [1776701137.218545919] [robot_0.image_processor]: Zone=LEFT
[robot_supervisor-19] [INFO] [1776701137.228341929] [robot_4.robot_supervisor]: Selected controllable event: EV_move_forward
[image_processor-25] [INFO] [1776701137.228730867] [robot_4.image_processor]: Zone=CLEAR
[robot_supervisor-7] [INFO] [1776701137.259666089] [robot_0.robot_supervisor]: Selected controllable event: EV_rotate_clockwise
[robot_supervisor-7] [INFO] [1776701137.259986248] [robot_0.robot_supervisor]: rotate_90 blocked by recent completion; stopping this tick
[robot_supervisor-7] [INFO] [1776701137.359760038] [robot_0.robot_supervisor]: Selected controllable event: EV_rotate_clockwise
[robot_supervisor-19] [INFO] [1776701137.528470200] [robot_4.robot_supervisor]: Selected controllable event: EV_move_forward
[robot_supervisor-19] [INFO] [1776701137.828308802] [robot_4.robot_supervisor]: Selected controllable event: EV_move_forward
[robot_supervisor-19] [INFO] [1776701138.128584877] [robot_4.robot_supervisor]: Selected controllable event: EV_move_forward
[robot_supervisor-19] [INFO] [1776701138.428377473] [robot_4.robot_supervisor]: Selected controllable event: EV_move_forward
[robot_supervisor-19] [INFO] [1776701138.728195500] [robot_4.robot_supervisor]: Selected controllable event: EV_random_walk
[robot_supervisor-19] [INFO] [1776701139.028395409] [robot_4.robot_supervisor]: Selected controllable event: EV_random_walk
[robot_supervisor-10] [INFO] [1776701139.157814792] [robot_1.robot_supervisor]: Selected controllable event: EV_rotate_clockwise
[robot_supervisor-10] [INFO] [1776701139.157996416] [robot_1.robot_supervisor]: rotate_90 blocked by recent completion; stopping this tick
[robot_supervisor-10] [INFO] [1776701139.258251184] [robot_1.robot_supervisor]: Selected controllable event: EV_rotate_clockwise
[robot_supervisor-10] [INFO] [1776701139.258739663] [robot_1.robot_supervisor]: rotate_90 blocked by recent completion; stopping this tick
[robot_supervisor-13] [INFO] [1776701139.293204982] [robot_2.robot_supervisor]: Selected controllable event: EV_move_forward
[robot_supervisor-19] [INFO] [1776701139.328442304] [robot_4.robot_supervisor]: Selected controllable event: EV_random_walk
[robot_supervisor-16] [INFO] [1776701139.353786559] [robot_3.robot_supervisor]: Selected controllable event: EV_rotate_clockwise
[robot_supervisor-16] [INFO] [1776701139.353968493] [robot_3.robot_supervisor]: rotate_90 blocked by recent completion; stopping this tick
[robot_supervisor-10] [INFO] [1776701139.357747653] [robot_1.robot_supervisor]: Selected controllable event: EV_rotate_clockwise
[robot_supervisor-16] [INFO] [1776701139.453457401] [robot_3.robot_supervisor]: Selected controllable event: EV_rotate_clockwise
[robot_supervisor-16] [INFO] [1776701139.453623743] [robot_3.robot_supervisor]: rotate_90 blocked by recent completion; stopping this tick
[robot_supervisor-16] [INFO] [1776701139.553519730] [robot_3.robot_supervisor]: Selected controllable event: EV_rotate_clockwise
[robot_supervisor-7] [INFO] [1776701139.559534325] [robot_0.robot_supervisor]: Selected controllable event: EV_rotate_clockwise
[robot_supervisor-7] [INFO] [1776701139.559838704] [robot_0.robot_supervisor]: rotate_90 blocked by recent completion; stopping this tick
[robot_supervisor-13] [INFO] [1776701139.593116645] [robot_2.robot_supervisor]: Selected controllable event: EV_move_forward
[robot_supervisor-19] [INFO] [1776701139.628274896] [robot_4.robot_supervisor]: Selected controllable event: EV_random_walk
[image_processor-22] [INFO] [1776701139.658936200] [robot_1.image_processor]: Zone=CORNER  left[p=0.453 near=7650 v=7650]  front[p=0.399 near=13500 v=13500]  right[p=0.366 near=7740 v=7740]
[robot_supervisor-10] [INFO] [1776701139.659512664] [robot_1.robot_supervisor]: Detected zone changed to CORNER
[robot_supervisor-7] [INFO] [1776701139.659716147] [robot_0.robot_supervisor]: Selected controllable event: EV_rotate_clockwise
[robot_supervisor-7] [INFO] [1776701139.660069905] [robot_0.robot_supervisor]: rotate_90 blocked by recent completion; stopping this tick
[image_processor-24] [INFO] [1776701139.669592241] [robot_3.image_processor]: Zone=CORNER  left[p=0.467 near=7650 v=7650]  front[p=0.457 near=13500 v=13500]  right[p=0.448 near=7740 v=7740]
[robot_supervisor-16] [INFO] [1776701139.670100437] [robot_3.robot_supervisor]: Detected zone changed to CORNER
[image_processor-23] [INFO] [1776701139.678000498] [robot_2.image_processor]: Zone=CORNER  left[p=2.518 near=0 v=7013]  front[p=0.443 near=13056 v=13500]  right[p=0.416 near=7740 v=7740]
[robot_supervisor-13] [INFO] [1776701139.678478674] [robot_2.robot_supervisor]: Detected zone changed to CORNER
[image_processor-21] [INFO] [1776701139.688487903] [robot_0.image_processor]: Zone=CLEAR  left[p=2.186 near=0 v=7650]  front[p=3.108 near=0 v=11227]  right[p=3.038 near=0 v=5816]
[robot_supervisor-7] [INFO] [1776701139.689404914] [robot_0.robot_supervisor]: Detected zone changed to CLEAR
[image_processor-25] [INFO] [1776701139.700828863] [robot_4.image_processor]: Zone=CLEAR
[robot_supervisor-7] [INFO] [1776701139.759567295] [robot_0.robot_supervisor]: Selected controllable event: EV_move_forward
[robot_supervisor-13] [INFO] [1776701139.893444942] [robot_2.robot_supervisor]: Selected controllable event: EV_rotate_clockwise
[robot_supervisor-19] [INFO] [1776701139.928300035] [robot_4.robot_supervisor]: Selected controllable event: EV_move_forward
[robot_supervisor-7] [INFO] [1776701140.059762533] [robot_0.robot_supervisor]: Selected controllable event: EV_move_forward
[robot_supervisor-19] [INFO] [1776701140.228385486] [robot_4.robot_supervisor]: Selected controllable event: EV_move_forward
[robot_supervisor-7] [INFO] [1776701140.359701642] [robot_0.robot_supervisor]: Selected controllable event: EV_move_forward
[robot_supervisor-19] [INFO] [1776701140.528365768] [robot_4.robot_supervisor]: Selected controllable event: EV_move_forward
[robot_supervisor-7] [INFO] [1776701140.660082401] [robot_0.robot_supervisor]: Selected controllable event: EV_move_forward
[robot_supervisor-19] [INFO] [1776701140.828380995] [robot_4.robot_supervisor]: Selected controllable event: EV_move_forward
[robot_supervisor-7] [INFO] [1776701140.959659897] [robot_0.robot_supervisor]: Selected controllable event: EV_move_forward
[robot_supervisor-19] [INFO] [1776701141.128181651] [robot_4.robot_supervisor]: Selected controllable event: EV_random_walk
[robot_supervisor-7] [INFO] [1776701141.259893242] [robot_0.robot_supervisor]: Selected controllable event: EV_move_forward
[robot_supervisor-19] [INFO] [1776701141.428331277] [robot_4.robot_supervisor]: Selected controllable event: EV_random_walk
[robot_supervisor-10] [INFO] [1776701141.558228139] [robot_1.robot_supervisor]: Selected controllable event: EV_rotate_clockwise
[robot_supervisor-10] [INFO] [1776701141.558733717] [robot_1.robot_supervisor]: rotate_90 blocked by recent completion; stopping this tick
[robot_supervisor-7] [INFO] [1776701141.559553237] [robot_0.robot_supervisor]: Selected controllable event: EV_move_forward
[robot_supervisor-16] [INFO] [1776701141.653638184] [robot_3.robot_supervisor]: Selected controllable event: EV_rotate_clockwise
[robot_supervisor-16] [INFO] [1776701141.653869172] [robot_3.robot_supervisor]: rotate_90 blocked by recent completion; stopping this tick
[robot_supervisor-10] [INFO] [1776701141.658048624] [robot_1.robot_supervisor]: Selected controllable event: EV_rotate_clockwise
[robot_supervisor-10] [INFO] [1776701141.658372154] [robot_1.robot_supervisor]: rotate_90 blocked by recent completion; stopping this tick
[robot_supervisor-19] [INFO] [1776701141.728273641] [robot_4.robot_supervisor]: Selected controllable event: EV_move_forward
[robot_supervisor-16] [INFO] [1776701141.753517755] [robot_3.robot_supervisor]: Selected controllable event: EV_rotate_clockwise
[robot_supervisor-16] [INFO] [1776701141.753737345] [robot_3.robot_supervisor]: rotate_90 blocked by recent completion; stopping this tick
[robot_supervisor-10] [INFO] [1776701141.757785646] [robot_1.robot_supervisor]: Selected controllable event: EV_rotate_clockwise
[robot_supervisor-16] [INFO] [1776701141.853892429] [robot_3.robot_supervisor]: Selected controllable event: EV_rotate_clockwise
[robot_supervisor-16] [INFO] [1776701141.854357547] [robot_3.robot_supervisor]: rotate_90 blocked by recent completion; stopping this tick
[robot_supervisor-7] [INFO] [1776701141.859564458] [robot_0.robot_supervisor]: Selected controllable event: EV_move_forward
[robot_supervisor-16] [INFO] [1776701141.953545701] [robot_3.robot_supervisor]: Selected controllable event: EV_rotate_clockwise
[robot_supervisor-13] [INFO] [1776701141.993389475] [robot_2.robot_supervisor]: Selected controllable event: EV_rotate_clockwise
[robot_supervisor-13] [INFO] [1776701141.993768419] [robot_2.robot_supervisor]: rotate_90 blocked by recent completion; stopping this tick
[robot_supervisor-19] [INFO] [1776701142.028381864] [robot_4.robot_supervisor]: Selected controllable event: EV_move_forward
[robot_supervisor-13] [INFO] [1776701142.093098720] [robot_2.robot_supervisor]: Selected controllable event: EV_rotate_clockwise
[robot_supervisor-13] [INFO] [1776701142.093280034] [robot_2.robot_supervisor]: rotate_90 blocked by recent completion; stopping this tick
[image_processor-22] [INFO] [1776701142.154850665] [robot_1.image_processor]: Zone=LEFT  left[p=0.554 near=4844 v=7650]  front[p=0.878 near=0 v=13500]  right[p=0.671 near=6421 v=7740]
[robot_supervisor-10] [INFO] [1776701142.155517471] [robot_1.robot_supervisor]: Detected zone changed to LEFT
[robot_supervisor-7] [INFO] [1776701142.159436524] [robot_0.robot_supervisor]: Selected controllable event: EV_random_walk
[image_processor-24] [INFO] [1776701142.170158914] [robot_3.image_processor]: Zone=LEFT  left[p=0.674 near=1118 v=6397]  front[p=2.950 near=0 v=8711]  right[p=3.189 near=0 v=5709]
[robot_supervisor-16] [INFO] [1776701142.170775562] [robot_3.robot_supervisor]: Detected zone changed to LEFT
[image_processor-23] [INFO] [1776701142.180818524] [robot_2.image_processor]: Zone=CLEAR  left[p=1.358 near=0 v=7650]  front[p=2.049 near=0 v=13500]  right[p=1.034 near=0 v=7740]
[robot_supervisor-13] [INFO] [1776701142.181735241] [robot_2.robot_supervisor]: Detected zone changed to CLEAR
[image_processor-21] [INFO] [1776701142.191145698] [robot_0.image_processor]: Zone=CLEAR
[robot_supervisor-13] [INFO] [1776701142.193415057] [robot_2.robot_supervisor]: Selected controllable event: EV_move_forward
[image_processor-25] [INFO] [1776701142.201641348] [robot_4.image_processor]: Zone=CLEAR
[robot_supervisor-19] [INFO] [1776701142.328113149] [robot_4.robot_supervisor]: Selected controllable event: EV_move_forward
[robot_supervisor-7] [INFO] [1776701142.459488600] [robot_0.robot_supervisor]: Selected controllable event: EV_random_walk
[robot_supervisor-13] [INFO] [1776701142.493318833] [robot_2.robot_supervisor]: Selected controllable event: EV_move_forward
[robot_supervisor-19] [INFO] [1776701142.628381244] [robot_4.robot_supervisor]: Selected controllable event: EV_move_forward
[robot_supervisor-7] [INFO] [1776701142.759572868] [robot_0.robot_supervisor]: Selected controllable event: EV_random_walk
[robot_supervisor-13] [INFO] [1776701142.793167933] [robot_2.robot_supervisor]: Selected controllable event: EV_random_walk
[robot_supervisor-19] [INFO] [1776701142.928610457] [robot_4.robot_supervisor]: Selected controllable event: EV_random_walk
[robot_supervisor-7] [INFO] [1776701143.059818102] [robot_0.robot_supervisor]: Selected controllable event: EV_random_walk
[robot_supervisor-13] [INFO] [1776701143.093372468] [robot_2.robot_supervisor]: Selected controllable event: EV_random_walk
[robot_supervisor-19] [INFO] [1776701143.228455820] [robot_4.robot_supervisor]: Selected controllable event: EV_random_walk
[robot_supervisor-7] [INFO] [1776701143.359482371] [robot_0.robot_supervisor]: Selected controllable event: EV_move_forward
[robot_supervisor-13] [INFO] [1776701143.393243336] [robot_2.robot_supervisor]: Selected controllable event: EV_move_forward
[robot_supervisor-19] [INFO] [1776701143.528364437] [robot_4.robot_supervisor]: Selected controllable event: EV_random_walk
[robot_supervisor-7] [INFO] [1776701143.659580463] [robot_0.robot_supervisor]: Selected controllable event: EV_move_forward
[robot_supervisor-13] [INFO] [1776701143.693489938] [robot_2.robot_supervisor]: Selected controllable event: EV_move_forward
[robot_supervisor-19] [INFO] [1776701143.828390603] [robot_4.robot_supervisor]: Selected controllable event: EV_random_walk
[robot_supervisor-10] [INFO] [1776701143.958096883] [robot_1.robot_supervisor]: Selected controllable event: EV_rotate_clockwise
[robot_supervisor-10] [INFO] [1776701143.958456031] [robot_1.robot_supervisor]: rotate_90 blocked by recent completion; stopping this tick
[robot_supervisor-7] [INFO] [1776701143.959418026] [robot_0.robot_supervisor]: Selected controllable event: EV_random_walk
[robot_supervisor-13] [INFO] [1776701143.993361881] [robot_2.robot_supervisor]: Selected controllable event: EV_move_forward
[robot_supervisor-16] [INFO] [1776701144.054052931] [robot_3.robot_supervisor]: Selected controllable event: EV_rotate_clockwise
[robot_supervisor-16] [INFO] [1776701144.054563620] [robot_3.robot_supervisor]: rotate_90 blocked by recent completion; stopping this tick
[robot_supervisor-10] [INFO] [1776701144.058065425] [robot_1.robot_supervisor]: Selected controllable event: EV_rotate_clockwise
[robot_supervisor-10] [INFO] [1776701144.058449442] [robot_1.robot_supervisor]: rotate_90 blocked by recent completion; stopping this tick
[robot_supervisor-19] [INFO] [1776701144.128430193] [robot_4.robot_supervisor]: Selected controllable event: EV_random_walk
[robot_supervisor-16] [INFO] [1776701144.153918711] [robot_3.robot_supervisor]: Selected controllable event: EV_rotate_clockwise
[robot_supervisor-16] [INFO] [1776701144.154402786] [robot_3.robot_supervisor]: rotate_90 blocked by recent completion; stopping this tick
[robot_supervisor-10] [INFO] [1776701144.158378593] [robot_1.robot_supervisor]: Selected controllable event: EV_rotate_clockwise
[robot_supervisor-16] [INFO] [1776701144.253980579] [robot_3.robot_supervisor]: Selected controllable event: EV_rotate_clockwise
[robot_supervisor-16] [INFO] [1776701144.254468260] [robot_3.robot_supervisor]: rotate_90 blocked by recent completion; stopping this tick
[robot_supervisor-7] [INFO] [1776701144.259796746] [robot_0.robot_supervisor]: Selected controllable event: EV_random_walk
[robot_supervisor-13] [INFO] [1776701144.293364024] [robot_2.robot_supervisor]: Selected controllable event: EV_move_forward
[robot_supervisor-16] [INFO] [1776701144.353954784] [robot_3.robot_supervisor]: Selected controllable event: EV_rotate_clockwise
[robot_supervisor-19] [INFO] [1776701144.428362332] [robot_4.robot_supervisor]: Selected controllable event: EV_random_walk
[robot_supervisor-7] [INFO] [1776701144.559628700] [robot_0.robot_supervisor]: Selected controllable event: EV_move_forward
[robot_supervisor-13] [INFO] [1776701144.593154996] [robot_2.robot_supervisor]: Selected controllable event: EV_random_walk
[image_processor-22] [INFO] [1776701144.651344624] [robot_1.image_processor]: Zone=LEFT
[image_processor-24] [INFO] [1776701144.661302380] [robot_3.image_processor]: Zone=LEFT
[image_processor-23] [INFO] [1776701144.670046497] [robot_2.image_processor]: Zone=CLEAR
[image_processor-21] [INFO] [1776701144.681211778] [robot_0.image_processor]: Zone=CLEAR
[image_processor-25] [INFO] [1776701144.686120522] [robot_4.image_processor]: Zone=CLEAR
[robot_supervisor-19] [INFO] [1776701144.728205039] [robot_4.robot_supervisor]: Selected controllable event: EV_move_forward
[robot_supervisor-7] [INFO] [1776701144.859628307] [robot_0.robot_supervisor]: Selected controllable event: EV_move_forward
[robot_supervisor-13] [INFO] [1776701144.893356739] [robot_2.robot_supervisor]: Selected controllable event: EV_random_walk
[robot_supervisor-19] [INFO] [1776701145.028360122] [robot_4.robot_supervisor]: Selected controllable event: EV_move_forward
[robot_supervisor-7] [INFO] [1776701145.159943192] [robot_0.robot_supervisor]: Selected controllable event: EV_move_forward
[robot_supervisor-13] [INFO] [1776701145.193190074] [robot_2.robot_supervisor]: Selected controllable event: EV_random_walk
[robot_supervisor-19] [INFO] [1776701145.328440964] [robot_4.robot_supervisor]: Selected controllable event: EV_move_forward
[robot_supervisor-7] [INFO] [1776701145.459653831] [robot_0.robot_supervisor]: Selected controllable event: EV_move_forward
[robot_supervisor-13] [INFO] [1776701145.493145697] [robot_2.robot_supervisor]: Selected controllable event: EV_random_walk
[robot_supervisor-19] [INFO] [1776701145.628396196] [robot_4.robot_supervisor]: Selected controllable event: EV_move_forward
[robot_supervisor-7] [INFO] [1776701145.759742394] [robot_0.robot_supervisor]: Selected controllable event: EV_random_walk
[robot_supervisor-13] [INFO] [1776701145.793352976] [robot_2.robot_supervisor]: Selected controllable event: EV_move_forward
[robot_supervisor-19] [INFO] [1776701145.928443683] [robot_4.robot_supervisor]: Selected controllable event: EV_move_forward
[robot_supervisor-7] [INFO] [1776701146.059661032] [robot_0.robot_supervisor]: Selected controllable event: EV_random_walk
[robot_supervisor-13] [INFO] [1776701146.093575739] [robot_2.robot_supervisor]: Selected controllable event: EV_move_forward
[robot_supervisor-19] [INFO] [1776701146.228656692] [robot_4.robot_supervisor]: Selected controllable event: EV_move_forward
[robot_supervisor-10] [INFO] [1776701146.357938133] [robot_1.robot_supervisor]: Selected controllable event: EV_rotate_clockwise
[robot_supervisor-10] [INFO] [1776701146.358210158] [robot_1.robot_supervisor]: rotate_90 blocked by recent completion; stopping this tick
[robot_supervisor-7] [INFO] [1776701146.359480817] [robot_0.robot_supervisor]: Selected controllable event: EV_random_walk
[robot_supervisor-13] [INFO] [1776701146.393333593] [robot_2.robot_supervisor]: Selected controllable event: EV_random_walk
[robot_supervisor-10] [INFO] [1776701146.457966035] [robot_1.robot_supervisor]: Selected controllable event: EV_rotate_clockwise
[robot_supervisor-10] [INFO] [1776701146.458324356] [robot_1.robot_supervisor]: rotate_90 blocked by recent completion; stopping this tick
[robot_supervisor-19] [INFO] [1776701146.528340574] [robot_4.robot_supervisor]: Selected controllable event: EV_random_walk
[robot_supervisor-16] [INFO] [1776701146.553716977] [robot_3.robot_supervisor]: Selected controllable event: EV_rotate_clockwise
[robot_supervisor-16] [INFO] [1776701146.554080532] [robot_3.robot_supervisor]: rotate_90 blocked by recent completion; stopping this tick
[robot_supervisor-10] [INFO] [1776701146.557944400] [robot_1.robot_supervisor]: Selected controllable event: EV_rotate_clockwise
[robot_supervisor-16] [INFO] [1776701146.653494605] [robot_3.robot_supervisor]: Selected controllable event: EV_rotate_clockwise
[robot_supervisor-16] [INFO] [1776701146.653668445] [robot_3.robot_supervisor]: rotate_90 blocked by recent completion; stopping this tick
[robot_supervisor-7] [INFO] [1776701146.659603715] [robot_0.robot_supervisor]: Selected controllable event: EV_random_walk
[robot_supervisor-13] [INFO] [1776701146.693333730] [robot_2.robot_supervisor]: Selected controllable event: EV_random_walk
[robot_supervisor-16] [INFO] [1776701146.753810757] [robot_3.robot_supervisor]: Selected controllable event: EV_rotate_clockwise
[robot_supervisor-19] [INFO] [1776701146.828386457] [robot_4.robot_supervisor]: Selected controllable event: EV_random_walk
[robot_supervisor-7] [INFO] [1776701146.959538768] [robot_0.robot_supervisor]: Selected controllable event: EV_move_forward
[robot_supervisor-13] [INFO] [1776701146.993356448] [robot_2.robot_supervisor]: Selected controllable event: EV_random_walk
[robot_supervisor-19] [INFO] [1776701147.128460595] [robot_4.robot_supervisor]: Selected controllable event: EV_move_forward
[image_processor-22] [INFO] [1776701147.167712051] [robot_1.image_processor]: Zone=CORNER  left[p=2.961 near=0 v=5812]  front[p=0.777 near=1072 v=7830]  right[p=0.436 near=7740 v=7740]
[robot_supervisor-10] [INFO] [1776701147.168597879] [robot_1.robot_supervisor]: Detected zone changed to CORNER
[image_processor-24] [INFO] [1776701147.176906201] [robot_3.image_processor]: Zone=RIGHT  left[p=2.316 near=0 v=7650]  front[p=1.378 near=212 v=13500]  right[p=0.469 near=7713 v=7740]
[robot_supervisor-16] [INFO] [1776701147.177419251] [robot_3.robot_supervisor]: Detected zone changed to RIGHT
[image_processor-23] [INFO] [1776701147.184978553] [robot_2.image_processor]: Zone=CLEAR
[image_processor-21] [INFO] [1776701147.196222589] [robot_0.image_processor]: Zone=CLEAR
[image_processor-25] [INFO] [1776701147.204533415] [robot_4.image_processor]: Zone=CORNER  left[p=0.659 near=7567 v=7650]  front[p=0.586 near=8831 v=13500]  right[p=2.826 near=0 v=7740]
[robot_supervisor-19] [INFO] [1776701147.205225244] [robot_4.robot_supervisor]: Detected zone changed to CORNER
[robot_supervisor-7] [INFO] [1776701147.259642380] [robot_0.robot_supervisor]: Selected controllable event: EV_move_forward
[robot_supervisor-13] [INFO] [1776701147.293362598] [robot_2.robot_supervisor]: Selected controllable event: EV_random_walk
[robot_supervisor-19] [INFO] [1776701147.428561458] [robot_4.robot_supervisor]: Selected controllable event: EV_rotate_clockwise
[robot_supervisor-7] [INFO] [1776701147.559767445] [robot_0.robot_supervisor]: Selected controllable event: EV_move_forward
[robot_supervisor-13] [INFO] [1776701147.593415654] [robot_2.robot_supervisor]: Selected controllable event: EV_move_forward
[robot_supervisor-7] [INFO] [1776701147.859621808] [robot_0.robot_supervisor]: Selected controllable event: EV_move_forward
[robot_supervisor-13] [INFO] [1776701147.893389946] [robot_2.robot_supervisor]: Selected controllable event: EV_move_forward
[robot_supervisor-7] [INFO] [1776701148.160013536] [robot_0.robot_supervisor]: Selected controllable event: EV_random_walk
[robot_supervisor-13] [INFO] [1776701148.193170812] [robot_2.robot_supervisor]: Selected controllable event: EV_random_walk
[robot_supervisor-7] [INFO] [1776701148.459577147] [robot_0.robot_supervisor]: Selected controllable event: EV_random_walk
[robot_supervisor-13] [INFO] [1776701148.493577577] [robot_2.robot_supervisor]: Selected controllable event: EV_random_walk
[robot_supervisor-10] [INFO] [1776701148.658502106] [robot_1.robot_supervisor]: Selected controllable event: EV_rotate_clockwise
[robot_supervisor-10] [INFO] [1776701148.659044383] [robot_1.robot_supervisor]: rotate_90 blocked by recent completion; stopping this tick
[robot_supervisor-10] [INFO] [1776701148.757986182] [robot_1.robot_supervisor]: Selected controllable event: EV_rotate_clockwise
[robot_supervisor-10] [INFO] [1776701148.758348661] [robot_1.robot_supervisor]: rotate_90 blocked by recent completion; stopping this tick
[robot_supervisor-7] [INFO] [1776701148.759529855] [robot_0.robot_supervisor]: Selected controllable event: EV_move_forward
[robot_supervisor-13] [INFO] [1776701148.793369981] [robot_2.robot_supervisor]: Selected controllable event: EV_random_walk
[robot_supervisor-16] [INFO] [1776701148.853719894] [robot_3.robot_supervisor]: Selected controllable event: EV_rotate_counterclockwise
[robot_supervisor-16] [INFO] [1776701148.854087354] [robot_3.robot_supervisor]: rotate_90 blocked by recent completion; stopping this tick
[robot_supervisor-10] [INFO] [1776701148.857971424] [robot_1.robot_supervisor]: Selected controllable event: EV_rotate_clockwise
[robot_supervisor-10] [INFO] [1776701148.858326825] [robot_1.robot_supervisor]: rotate_90 blocked by recent completion; stopping this tick
[robot_supervisor-16] [INFO] [1776701148.953713079] [robot_3.robot_supervisor]: Selected controllable event: EV_rotate_counterclockwise
[robot_supervisor-16] [INFO] [1776701148.954076189] [robot_3.robot_supervisor]: rotate_90 blocked by recent completion; stopping this tick
[robot_supervisor-10] [INFO] [1776701148.957952652] [robot_1.robot_supervisor]: Selected controllable event: EV_rotate_clockwise
[robot_supervisor-16] [INFO] [1776701149.053629885] [robot_3.robot_supervisor]: Selected controllable event: EV_rotate_counterclockwise
[robot_supervisor-16] [INFO] [1776701149.053952329] [robot_3.robot_supervisor]: rotate_90 blocked by recent completion; stopping this tick
[robot_supervisor-7] [INFO] [1776701149.059528738] [robot_0.robot_supervisor]: Selected controllable event: EV_move_forward
[robot_supervisor-13] [INFO] [1776701149.093486972] [robot_2.robot_supervisor]: Selected controllable event: EV_random_walk
[robot_supervisor-16] [INFO] [1776701149.153788023] [robot_3.robot_supervisor]: Selected controllable event: EV_rotate_counterclockwise
[robot_supervisor-7] [INFO] [1776701149.359824711] [robot_0.robot_supervisor]: Selected controllable event: EV_move_forward
[robot_supervisor-13] [INFO] [1776701149.393430758] [robot_2.robot_supervisor]: Selected controllable event: EV_move_forward
[robot_supervisor-19] [INFO] [1776701149.628657110] [robot_4.robot_supervisor]: Selected controllable event: EV_rotate_clockwise
[robot_supervisor-19] [INFO] [1776701149.629225219] [robot_4.robot_supervisor]: rotate_90 blocked by recent completion; stopping this tick
[image_processor-22] [INFO] [1776701149.653439486] [robot_1.image_processor]: Zone=CORNER
[robot_supervisor-7] [INFO] [1776701149.659406109] [robot_0.robot_supervisor]: Selected controllable event: EV_move_forward
[image_processor-24] [INFO] [1776701149.664457365] [robot_3.image_processor]: Zone=CORNER  left[p=0.504 near=7650 v=7650]  front[p=0.453 near=13500 v=13500]  right[p=0.421 near=7740 v=7740]
[robot_supervisor-16] [INFO] [1776701149.665191603] [robot_3.robot_supervisor]: Detected zone changed to CORNER
[image_processor-23] [INFO] [1776701149.674616389] [robot_2.image_processor]: Zone=CLEAR
[image_processor-21] [INFO] [1776701149.686297336] [robot_0.image_processor]: Zone=CLEAR
[robot_supervisor-13] [INFO] [1776701149.693398832] [robot_2.robot_supervisor]: Selected controllable event: EV_move_forward
[image_processor-25] [INFO] [1776701149.704401437] [robot_4.image_processor]: Zone=CLEAR  left[p=3.104 near=0 v=6568]  front[p=2.105 near=0 v=8229]  right[p=0.863 near=0 v=6805]
[robot_supervisor-19] [INFO] [1776701149.705176519] [robot_4.robot_supervisor]: Detected zone changed to CLEAR
[robot_supervisor-19] [INFO] [1776701149.728393553] [robot_4.robot_supervisor]: Selected controllable event: EV_move_forward
[robot_supervisor-7] [INFO] [1776701149.959617088] [robot_0.robot_supervisor]: Selected controllable event: EV_random_walk
[robot_supervisor-13] [INFO] [1776701149.993553255] [robot_2.robot_supervisor]: Selected controllable event: EV_move_forward
[robot_supervisor-19] [INFO] [1776701150.028222264] [robot_4.robot_supervisor]: Selected controllable event: EV_move_forward
[robot_supervisor-7] [INFO] [1776701150.259564467] [robot_0.robot_supervisor]: Selected controllable event: EV_random_walk
[robot_supervisor-13] [INFO] [1776701150.293349345] [robot_2.robot_supervisor]: Selected controllable event: EV_move_forward
[robot_supervisor-19] [INFO] [1776701150.328134158] [robot_4.robot_supervisor]: Selected controllable event: EV_random_walk
[robot_supervisor-7] [INFO] [1776701150.559615973] [robot_0.robot_supervisor]: Selected controllable event: EV_move_forward
[robot_supervisor-13] [INFO] [1776701150.593519185] [robot_2.robot_supervisor]: Selected controllable event: EV_move_forward
[robot_supervisor-19] [INFO] [1776701150.628561290] [robot_4.robot_supervisor]: Selected controllable event: EV_random_walk
[robot_supervisor-7] [INFO] [1776701150.859446749] [robot_0.robot_supervisor]: Selected controllable event: EV_move_forward
[robot_supervisor-13] [INFO] [1776701150.893650757] [robot_2.robot_supervisor]: Selected controllable event: EV_move_forward
[robot_supervisor-19] [INFO] [1776701150.928936316] [robot_4.robot_supervisor]: Selected controllable event: EV_random_walk
[robot_supervisor-10] [INFO] [1776701151.058100835] [robot_1.robot_supervisor]: Selected controllable event: EV_rotate_clockwise
[robot_supervisor-10] [INFO] [1776701151.058496827] [robot_1.robot_supervisor]: rotate_90 blocked by recent completion; stopping this tick
[robot_supervisor-10] [INFO] [1776701151.157958673] [robot_1.robot_supervisor]: Selected controllable event: EV_rotate_clockwise
[robot_supervisor-10] [INFO] [1776701151.158404813] [robot_1.robot_supervisor]: rotate_90 blocked by recent completion; stopping this tick
[robot_supervisor-7] [INFO] [1776701151.159445586] [robot_0.robot_supervisor]: Selected controllable event: EV_random_walk
[robot_supervisor-13] [INFO] [1776701151.193419254] [robot_2.robot_supervisor]: Selected controllable event: EV_random_walk
[robot_supervisor-19] [INFO] [1776701151.228470309] [robot_4.robot_supervisor]: Selected controllable event: EV_random_walk
[robot_supervisor-10] [INFO] [1776701151.258046244] [robot_1.robot_supervisor]: Selected controllable event: EV_rotate_clockwise
[robot_supervisor-10] [INFO] [1776701151.258416564] [robot_1.robot_supervisor]: rotate_90 blocked by recent completion; stopping this tick
[robot_supervisor-16] [INFO] [1776701151.354075803] [robot_3.robot_supervisor]: Selected controllable event: EV_rotate_clockwise
[robot_supervisor-16] [INFO] [1776701151.354519972] [robot_3.robot_supervisor]: rotate_90 blocked by recent completion; stopping this tick
[robot_supervisor-10] [INFO] [1776701151.357817056] [robot_1.robot_supervisor]: Selected controllable event: EV_rotate_clockwise
[robot_supervisor-16] [INFO] [1776701151.453639487] [robot_3.robot_supervisor]: Selected controllable event: EV_rotate_clockwise
[robot_supervisor-16] [INFO] [1776701151.453908023] [robot_3.robot_supervisor]: rotate_90 blocked by recent completion; stopping this tick
[robot_supervisor-7] [INFO] [1776701151.459639050] [robot_0.robot_supervisor]: Selected controllable event: EV_random_walk
[robot_supervisor-13] [INFO] [1776701151.493167271] [robot_2.robot_supervisor]: Selected controllable event: EV_random_walk
[robot_supervisor-19] [INFO] [1776701151.528504828] [robot_4.robot_supervisor]: Selected controllable event: EV_random_walk
[robot_supervisor-16] [INFO] [1776701151.553953248] [robot_3.robot_supervisor]: Selected controllable event: EV_rotate_clockwise
[robot_supervisor-7] [INFO] [1776701151.759915921] [robot_0.robot_supervisor]: Selected controllable event: EV_random_walk
[robot_supervisor-13] [INFO] [1776701151.793385031] [robot_2.robot_supervisor]: Selected controllable event: EV_move_forward
[robot_supervisor-19] [INFO] [1776701151.828549963] [robot_4.robot_supervisor]: Selected controllable event: EV_random_walk
[robot_supervisor-7] [INFO] [1776701152.059803136] [robot_0.robot_supervisor]: Selected controllable event: EV_random_walk
[robot_supervisor-13] [INFO] [1776701152.093455687] [robot_2.robot_supervisor]: Selected controllable event: EV_move_forward
[robot_supervisor-19] [INFO] [1776701152.128242484] [robot_4.robot_supervisor]: Selected controllable event: EV_random_walk
[image_processor-22] [INFO] [1776701152.154935444] [robot_1.image_processor]: Zone=CLEAR  left[p=0.881 near=0 v=7650]  front[p=0.845 near=0 v=13500]  right[p=0.816 near=20 v=7740]
[robot_supervisor-10] [INFO] [1776701152.155609831] [robot_1.robot_supervisor]: Detected zone changed to CLEAR
[image_processor-24] [INFO] [1776701152.165255771] [robot_3.image_processor]: Zone=CORNER
[image_processor-21] [INFO] [1776701152.185735460] [robot_0.image_processor]: Zone=LEFT  left[p=0.465 near=7650 v=7650]  front[p=0.630 near=3809 v=13020]  right[p=2.154 near=0 v=7689]
[robot_supervisor-7] [INFO] [1776701152.186382048] [robot_0.robot_supervisor]: Detected zone changed to LEFT
[image_processor-25] [INFO] [1776701152.206380341] [robot_4.image_processor]: Zone=RIGHT  left[p=2.509 near=0 v=5803]  front[p=1.120 near=0 v=8652]  right[p=0.563 near=6831 v=7732]
[robot_supervisor-19] [INFO] [1776701152.206923850] [robot_4.robot_supervisor]: Detected zone changed to RIGHT
[image_processor-23] [INFO] [1776701152.274459306] [robot_2.image_processor]: Zone=CORNER  left[p=0.366 near=7650 v=7650]  front[p=0.559 near=9894 v=13500]  right[p=0.559 near=7740 v=7740]
[robot_supervisor-13] [INFO] [1776701152.275242177] [robot_2.robot_supervisor]: Detected zone changed to CORNER
[robot_supervisor-7] [INFO] [1776701152.359611536] [robot_0.robot_supervisor]: Selected controllable event: EV_rotate_clockwise
[robot_supervisor-13] [INFO] [1776701152.393277623] [robot_2.robot_supervisor]: Selected controllable event: EV_rotate_clockwise
[robot_supervisor-19] [INFO] [1776701152.428277768] [robot_4.robot_supervisor]: Selected controllable event: EV_rotate_counterclockwise
[robot_supervisor-10] [INFO] [1776701153.557995413] [robot_1.robot_supervisor]: Selected controllable event: EV_move_forward
[robot_supervisor-16] [INFO] [1776701153.654046554] [robot_3.robot_supervisor]: Selected controllable event: EV_rotate_clockwise
[robot_supervisor-16] [INFO] [1776701153.654542169] [robot_3.robot_supervisor]: rotate_90 blocked by recent completion; stopping this tick
[robot_supervisor-16] [INFO] [1776701153.753764545] [robot_3.robot_supervisor]: Selected controllable event: EV_rotate_clockwise
[robot_supervisor-16] [INFO] [1776701153.753961176] [robot_3.robot_supervisor]: rotate_90 blocked by recent completion; stopping this tick
[robot_supervisor-16] [INFO] [1776701153.853834694] [robot_3.robot_supervisor]: Selected controllable event: EV_rotate_clockwise
[robot_supervisor-16] [INFO] [1776701153.854220762] [robot_3.robot_supervisor]: rotate_90 blocked by recent completion; stopping this tick
[robot_supervisor-10] [INFO] [1776701153.857972915] [robot_1.robot_supervisor]: Selected controllable event: EV_move_forward
[robot_supervisor-16] [INFO] [1776701153.953739765] [robot_3.robot_supervisor]: Selected controllable event: EV_rotate_clockwise
[robot_supervisor-10] [INFO] [1776701154.158308060] [robot_1.robot_supervisor]: Selected controllable event: EV_move_forward
[robot_supervisor-10] [INFO] [1776701154.457968197] [robot_1.robot_supervisor]: Selected controllable event: EV_move_forward
[robot_supervisor-13] [INFO] [1776701154.493611487] [robot_2.robot_supervisor]: Selected controllable event: EV_rotate_clockwise
[robot_supervisor-13] [INFO] [1776701154.494098126] [robot_2.robot_supervisor]: rotate_90 blocked by recent completion; stopping this tick
[robot_supervisor-7] [INFO] [1776701154.559627490] [robot_0.robot_supervisor]: Selected controllable event: EV_rotate_clockwise
[robot_supervisor-7] [INFO] [1776701154.560008035] [robot_0.robot_supervisor]: rotate_90 blocked by recent completion; stopping this tick
[robot_supervisor-13] [INFO] [1776701154.593217203] [robot_2.robot_supervisor]: Selected controllable event: EV_rotate_clockwise
[robot_supervisor-13] [INFO] [1776701154.593480814] [robot_2.robot_supervisor]: rotate_90 blocked by recent completion; stopping this tick
[image_processor-22] [INFO] [1776701154.653186007] [robot_1.image_processor]: Zone=CLEAR
[robot_supervisor-7] [INFO] [1776701154.659621437] [robot_0.robot_supervisor]: Selected controllable event: EV_rotate_clockwise
[robot_supervisor-7] [INFO] [1776701154.659960633] [robot_0.robot_supervisor]: rotate_90 blocked by recent completion; stopping this tick
[image_processor-24] [INFO] [1776701154.665638671] [robot_3.image_processor]: Zone=CORNER
[image_processor-23] [INFO] [1776701154.677365341] [robot_2.image_processor]: Zone=LEFT  left[p=0.563 near=7444 v=7650]  front[p=0.882 near=62 v=13483]  right[p=0.776 near=1330 v=7740]
[robot_supervisor-13] [INFO] [1776701154.678107752] [robot_2.robot_supervisor]: Detected zone changed to LEFT
[robot_supervisor-13] [INFO] [1776701154.693257203] [robot_2.robot_supervisor]: Selected controllable event: EV_rotate_clockwise
[robot_supervisor-13] [INFO] [1776701154.693490816] [robot_2.robot_supervisor]: rotate_90 blocked by recent completion; stopping this tick
[image_processor-25] [INFO] [1776701154.707937543] [robot_4.image_processor]: Zone=LEFT  left[p=0.748 near=1620 v=7650]  front[p=1.921 near=0 v=13500]  right[p=2.950 near=0 v=7621]
[robot_supervisor-19] [INFO] [1776701154.708484713] [robot_4.robot_supervisor]: Detected zone changed to LEFT
[robot_supervisor-19] [INFO] [1776701154.728383629] [robot_4.robot_supervisor]: Selected controllable event: EV_rotate_clockwise
[robot_supervisor-19] [INFO] [1776701154.728663902] [robot_4.robot_supervisor]: rotate_90 blocked by recent completion; stopping this tick
[robot_supervisor-10] [INFO] [1776701154.757990988] [robot_1.robot_supervisor]: Selected controllable event: EV_random_walk
[robot_supervisor-7] [INFO] [1776701154.759620435] [robot_0.robot_supervisor]: Selected controllable event: EV_rotate_clockwise
[robot_supervisor-13] [INFO] [1776701154.793127598] [robot_2.robot_supervisor]: Selected controllable event: EV_rotate_clockwise
[image_processor-21] [INFO] [1776701154.794258287] [robot_0.image_processor]: Zone=LEFT
[robot_supervisor-19] [INFO] [1776701154.828433119] [robot_4.robot_supervisor]: Selected controllable event: EV_rotate_clockwise
[robot_supervisor-19] [INFO] [1776701154.828838226] [robot_4.robot_supervisor]: rotate_90 blocked by recent completion; stopping this tick
[robot_supervisor-19] [INFO] [1776701154.928717001] [robot_4.robot_supervisor]: Selected controllable event: EV_rotate_clockwise
[robot_supervisor-10] [INFO] [1776701155.058099339] [robot_1.robot_supervisor]: Selected controllable event: EV_random_walk
[robot_supervisor-10] [INFO] [1776701155.358037561] [robot_1.robot_supervisor]: Selected controllable event: EV_move_forward
[robot_supervisor-10] [INFO] [1776701155.658088215] [robot_1.robot_supervisor]: Selected controllable event: EV_move_forward
[robot_supervisor-10] [INFO] [1776701155.958259009] [robot_1.robot_supervisor]: Selected controllable event: EV_move_forward
[robot_supervisor-16] [INFO] [1776701156.053964696] [robot_3.robot_supervisor]: Selected controllable event: EV_rotate_clockwise
[robot_supervisor-16] [INFO] [1776701156.054398781] [robot_3.robot_supervisor]: rotate_90 blocked by recent completion; stopping this tick
[robot_supervisor-16] [INFO] [1776701156.153591786] [robot_3.robot_supervisor]: Selected controllable event: EV_rotate_clockwise
[robot_supervisor-16] [INFO] [1776701156.154063923] [robot_3.robot_supervisor]: rotate_90 blocked by recent completion; stopping this tick
[robot_supervisor-16] [INFO] [1776701156.253973575] [robot_3.robot_supervisor]: Selected controllable event: EV_rotate_clockwise
[robot_supervisor-16] [INFO] [1776701156.254282600] [robot_3.robot_supervisor]: rotate_90 blocked by recent completion; stopping this tick
[robot_supervisor-10] [INFO] [1776701156.258041593] [robot_1.robot_supervisor]: Selected controllable event: EV_move_forward
[robot_supervisor-16] [INFO] [1776701156.353802582] [robot_3.robot_supervisor]: Selected controllable event: EV_rotate_clockwise
[robot_supervisor-10] [INFO] [1776701156.557944603] [robot_1.robot_supervisor]: Selected controllable event: EV_random_walk
[robot_supervisor-10] [INFO] [1776701156.858242490] [robot_1.robot_supervisor]: Selected controllable event: EV_random_walk
[robot_supervisor-7] [INFO] [1776701156.859450747] [robot_0.robot_supervisor]: Selected controllable event: EV_rotate_clockwise
[robot_supervisor-7] [INFO] [1776701156.859719628] [robot_0.robot_supervisor]: rotate_90 blocked by recent completion; stopping this tick
[robot_supervisor-13] [INFO] [1776701156.893357070] [robot_2.robot_supervisor]: Selected controllable event: EV_rotate_clockwise
[robot_supervisor-13] [INFO] [1776701156.893699003] [robot_2.robot_supervisor]: rotate_90 blocked by recent completion; stopping this tick
[robot_supervisor-7] [INFO] [1776701156.959665749] [robot_0.robot_supervisor]: Selected controllable event: EV_rotate_clockwise
[robot_supervisor-7] [INFO] [1776701156.960059337] [robot_0.robot_supervisor]: rotate_90 blocked by recent completion; stopping this tick
[robot_supervisor-13] [INFO] [1776701156.993521142] [robot_2.robot_supervisor]: Selected controllable event: EV_rotate_clockwise
[robot_supervisor-13] [INFO] [1776701156.993992146] [robot_2.robot_supervisor]: rotate_90 blocked by recent completion; stopping this tick
[robot_supervisor-7] [INFO] [1776701157.059897767] [robot_0.robot_supervisor]: Selected controllable event: EV_rotate_clockwise
[robot_supervisor-7] [INFO] [1776701157.060397503] [robot_0.robot_supervisor]: rotate_90 blocked by recent completion; stopping this tick
[robot_supervisor-13] [INFO] [1776701157.093352540] [robot_2.robot_supervisor]: Selected controllable event: EV_rotate_clockwise
[robot_supervisor-13] [INFO] [1776701157.093701479] [robot_2.robot_supervisor]: rotate_90 blocked by recent completion; stopping this tick
[robot_supervisor-19] [INFO] [1776701157.128431851] [robot_4.robot_supervisor]: Selected controllable event: EV_rotate_clockwise
[robot_supervisor-19] [INFO] [1776701157.128799741] [robot_4.robot_supervisor]: rotate_90 blocked by recent completion; stopping this tick
[image_processor-22] [INFO] [1776701157.154266521] [robot_1.image_processor]: Zone=LEFT  left[p=0.421 near=7650 v=7650]  front[p=0.631 near=4819 v=13500]  right[p=2.597 near=0 v=7278]
[robot_supervisor-10] [INFO] [1776701157.154919838] [robot_1.robot_supervisor]: Detected zone changed to LEFT
[robot_supervisor-10] [INFO] [1776701157.157791551] [robot_1.robot_supervisor]: Selected controllable event: EV_rotate_clockwise
[robot_supervisor-7] [INFO] [1776701157.159957640] [robot_0.robot_supervisor]: Selected controllable event: EV_rotate_clockwise
[image_processor-24] [INFO] [1776701157.169361378] [robot_3.image_processor]: Zone=CLEAR  left[p=3.189 near=0 v=5369]  front[p=2.950 near=0 v=8861]  right[p=3.031 near=0 v=6536]
[robot_supervisor-16] [INFO] [1776701157.170008368] [robot_3.robot_supervisor]: Detected zone changed to CLEAR
[image_processor-23] [INFO] [1776701157.188068556] [robot_2.image_processor]: Zone=LEFT
[robot_supervisor-13] [INFO] [1776701157.193161151] [robot_2.robot_supervisor]: Selected controllable event: EV_rotate_clockwise
[image_processor-21] [INFO] [1776701157.201361233] [robot_0.image_processor]: Zone=CLEAR  left[p=2.000 near=0 v=6070]  front[p=2.899 near=0 v=12298]  right[p=2.475 near=0 v=7740]
[robot_supervisor-7] [INFO] [1776701157.201873285] [robot_0.robot_supervisor]: Detected zone changed to CLEAR
[image_processor-25] [INFO] [1776701157.221750201] [robot_4.image_processor]: Zone=RIGHT  left[p=2.508 near=0 v=5457]  front[p=0.805 near=861 v=9250]  right[p=0.533 near=7740 v=7740]
[robot_supervisor-19] [INFO] [1776701157.222442989] [robot_4.robot_supervisor]: Detected zone changed to RIGHT
[robot_supervisor-19] [INFO] [1776701157.228261197] [robot_4.robot_supervisor]: Selected controllable event: EV_rotate_counterclockwise
[robot_supervisor-19] [INFO] [1776701157.228607402] [robot_4.robot_supervisor]: rotate_90 blocked by recent completion; stopping this tick
[robot_supervisor-19] [INFO] [1776701157.328402838] [robot_4.robot_supervisor]: Selected controllable event: EV_rotate_counterclockwise
[robot_supervisor-16] [INFO] [1776701158.453596249] [robot_3.robot_supervisor]: Selected controllable event: EV_random_walk
[robot_supervisor-16] [INFO] [1776701158.753754199] [robot_3.robot_supervisor]: Selected controllable event: EV_random_walk
[robot_supervisor-16] [INFO] [1776701159.053798024] [robot_3.robot_supervisor]: Selected controllable event: EV_move_forward
[robot_supervisor-10] [INFO] [1776701159.258007254] [robot_1.robot_supervisor]: Selected controllable event: EV_rotate_clockwise
[robot_supervisor-10] [INFO] [1776701159.258495353] [robot_1.robot_supervisor]: rotate_90 blocked by recent completion; stopping this tick
[robot_supervisor-7] [INFO] [1776701159.259899610] [robot_0.robot_supervisor]: Selected controllable event: EV_move_forward
[robot_supervisor-16] [INFO] [1776701159.353706881] [robot_3.robot_supervisor]: Selected controllable event: EV_move_forward
[robot_supervisor-10] [INFO] [1776701159.357989558] [robot_1.robot_supervisor]: Selected controllable event: EV_rotate_clockwise
[robot_supervisor-10] [INFO] [1776701159.358339515] [robot_1.robot_supervisor]: rotate_90 blocked by recent completion; stopping this tick
[robot_supervisor-13] [INFO] [1776701159.393608159] [robot_2.robot_supervisor]: Selected controllable event: EV_rotate_clockwise
[robot_supervisor-13] [INFO] [1776701159.394122826] [robot_2.robot_supervisor]: rotate_90 blocked by recent completion; stopping this tick
[robot_supervisor-10] [INFO] [1776701159.457952862] [robot_1.robot_supervisor]: Selected controllable event: EV_rotate_clockwise
[robot_supervisor-10] [INFO] [1776701159.458306272] [robot_1.robot_supervisor]: rotate_90 blocked by recent completion; stopping this tick
[robot_supervisor-13] [INFO] [1776701159.493346234] [robot_2.robot_supervisor]: Selected controllable event: EV_rotate_clockwise
[robot_supervisor-13] [INFO] [1776701159.493713778] [robot_2.robot_supervisor]: rotate_90 blocked by recent completion; stopping this tick
[robot_supervisor-19] [INFO] [1776701159.528613019] [robot_4.robot_supervisor]: Selected controllable event: EV_rotate_counterclockwise
[robot_supervisor-19] [INFO] [1776701159.529159543] [robot_4.robot_supervisor]: rotate_90 blocked by recent completion; stopping this tick
[robot_supervisor-10] [INFO] [1776701159.558035640] [robot_1.robot_supervisor]: Selected controllable event: EV_rotate_clockwise
[robot_supervisor-7] [INFO] [1776701159.559705408] [robot_0.robot_supervisor]: Selected controllable event: EV_move_forward
[robot_supervisor-13] [INFO] [1776701159.593247990] [robot_2.robot_supervisor]: Selected controllable event: EV_rotate_clockwise
[robot_supervisor-19] [INFO] [1776701159.628413018] [robot_4.robot_supervisor]: Selected controllable event: EV_rotate_counterclockwise
[robot_supervisor-19] [INFO] [1776701159.628809589] [robot_4.robot_supervisor]: rotate_90 blocked by recent completion; stopping this tick
[robot_supervisor-16] [INFO] [1776701159.653976661] [robot_3.robot_supervisor]: Selected controllable event: EV_random_walk
[image_processor-22] [INFO] [1776701159.663889459] [robot_1.image_processor]: Zone=LEFT
[image_processor-24] [INFO] [1776701159.674449990] [robot_3.image_processor]: Zone=CLEAR
[image_processor-23] [INFO] [1776701159.683763738] [robot_2.image_processor]: Zone=CORNER  left[p=0.596 near=6658 v=7650]  front[p=0.391 near=13500 v=13500]  right[p=0.318 near=7740 v=7740]
[robot_supervisor-13] [INFO] [1776701159.684203421] [robot_2.robot_supervisor]: Detected zone changed to CORNER
[image_processor-21] [INFO] [1776701159.692172431] [robot_0.image_processor]: Zone=CLEAR
[image_processor-25] [INFO] [1776701159.701371926] [robot_4.image_processor]: Zone=LEFT  left[p=0.748 near=1620 v=7650]  front[p=1.919 near=0 v=13500]  right[p=2.951 near=0 v=7623]
[robot_supervisor-19] [INFO] [1776701159.702113654] [robot_4.robot_supervisor]: Detected zone changed to LEFT
[robot_supervisor-19] [INFO] [1776701159.728322448] [robot_4.robot_supervisor]: Selected controllable event: EV_rotate_clockwise
[robot_supervisor-7] [INFO] [1776701159.859574384] [robot_0.robot_supervisor]: Selected controllable event: EV_random_walk
[robot_supervisor-16] [INFO] [1776701159.953623603] [robot_3.robot_supervisor]: Selected controllable event: EV_random_walk
[robot_supervisor-7] [INFO] [1776701160.159798010] [robot_0.robot_supervisor]: Selected controllable event: EV_random_walk
[robot_supervisor-16] [INFO] [1776701160.254022452] [robot_3.robot_supervisor]: Selected controllable event: EV_random_walk
[robot_supervisor-7] [INFO] [1776701160.459827559] [robot_0.robot_supervisor]: Selected controllable event: EV_random_walk
[robot_supervisor-16] [INFO] [1776701160.553720350] [robot_3.robot_supervisor]: Selected controllable event: EV_random_walk
[robot_supervisor-7] [INFO] [1776701160.759515275] [robot_0.robot_supervisor]: Selected controllable event: EV_random_walk
[robot_supervisor-16] [INFO] [1776701160.853717805] [robot_3.robot_supervisor]: Selected controllable event: EV_move_forward
[robot_supervisor-7] [INFO] [1776701161.059615343] [robot_0.robot_supervisor]: Selected controllable event: EV_random_walk
[robot_supervisor-16] [INFO] [1776701161.153735255] [robot_3.robot_supervisor]: Selected controllable event: EV_move_forward
[robot_supervisor-7] [INFO] [1776701161.359711829] [robot_0.robot_supervisor]: Selected controllable event: EV_random_walk
[robot_supervisor-16] [INFO] [1776701161.453722645] [robot_3.robot_supervisor]: Selected controllable event: EV_move_forward
[robot_supervisor-10] [INFO] [1776701161.658285034] [robot_1.robot_supervisor]: Selected controllable event: EV_rotate_clockwise
[robot_supervisor-10] [INFO] [1776701161.658647146] [robot_1.robot_supervisor]: rotate_90 blocked by recent completion; stopping this tick
[robot_supervisor-7] [INFO] [1776701161.659923923] [robot_0.robot_supervisor]: Selected controllable event: EV_random_walk
[robot_supervisor-13] [INFO] [1776701161.693203689] [robot_2.robot_supervisor]: Selected controllable event: EV_rotate_clockwise
[robot_supervisor-13] [INFO] [1776701161.693390018] [robot_2.robot_supervisor]: rotate_90 blocked by recent completion; stopping this tick
[robot_supervisor-16] [INFO] [1776701161.753968806] [robot_3.robot_supervisor]: Selected controllable event: EV_move_forward
[robot_supervisor-10] [INFO] [1776701161.757980616] [robot_1.robot_supervisor]: Selected controllable event: EV_rotate_clockwise
[robot_supervisor-10] [INFO] [1776701161.758309890] [robot_1.robot_supervisor]: rotate_90 blocked by recent completion; stopping this tick
[robot_supervisor-13] [INFO] [1776701161.793094606] [robot_2.robot_supervisor]: Selected controllable event: EV_rotate_clockwise
[robot_supervisor-13] [INFO] [1776701161.793290517] [robot_2.robot_supervisor]: rotate_90 blocked by recent completion; stopping this tick
[robot_supervisor-10] [INFO] [1776701161.858044660] [robot_1.robot_supervisor]: Selected controllable event: EV_rotate_clockwise
[robot_supervisor-10] [INFO] [1776701161.858409328] [robot_1.robot_supervisor]: rotate_90 blocked by recent completion; stopping this tick
[robot_supervisor-13] [INFO] [1776701161.893358945] [robot_2.robot_supervisor]: Selected controllable event: EV_rotate_clockwise
[robot_supervisor-13] [INFO] [1776701161.893695916] [robot_2.robot_supervisor]: rotate_90 blocked by recent completion; stopping this tick
[robot_supervisor-19] [INFO] [1776701161.928409425] [robot_4.robot_supervisor]: Selected controllable event: EV_rotate_clockwise
[robot_supervisor-19] [INFO] [1776701161.928786014] [robot_4.robot_supervisor]: rotate_90 blocked by recent completion; stopping this tick
[robot_supervisor-10] [INFO] [1776701161.958008556] [robot_1.robot_supervisor]: Selected controllable event: EV_rotate_clockwise
[robot_supervisor-7] [INFO] [1776701161.959802892] [robot_0.robot_supervisor]: Selected controllable event: EV_random_walk
[robot_supervisor-13] [INFO] [1776701161.993405361] [robot_2.robot_supervisor]: Selected controllable event: EV_rotate_clockwise
[robot_supervisor-19] [INFO] [1776701162.028528918] [robot_4.robot_supervisor]: Selected controllable event: EV_rotate_clockwise
[robot_supervisor-19] [INFO] [1776701162.029018872] [robot_4.robot_supervisor]: rotate_90 blocked by recent completion; stopping this tick
[robot_supervisor-16] [INFO] [1776701162.053678736] [robot_3.robot_supervisor]: Selected controllable event: EV_move_forward
[robot_supervisor-19] [INFO] [1776701162.128366617] [robot_4.robot_supervisor]: Selected controllable event: EV_rotate_clockwise
[image_processor-22] [INFO] [1776701162.157054567] [robot_1.image_processor]: Zone=CLEAR  left[p=0.958 near=0 v=7650]  front[p=1.028 near=0 v=13500]  right[p=1.143 near=0 v=7740]
[robot_supervisor-10] [INFO] [1776701162.158082624] [robot_1.robot_supervisor]: Detected zone changed to CLEAR
[image_processor-24] [INFO] [1776701162.168135762] [robot_3.image_processor]: Zone=CLEAR
[image_processor-23] [INFO] [1776701162.176888863] [robot_2.image_processor]: Zone=CORNER
[image_processor-21] [INFO] [1776701162.187696427] [robot_0.image_processor]: Zone=CLEAR
[image_processor-25] [INFO] [1776701162.204356083] [robot_4.image_processor]: Zone=RIGHT  left[p=2.863 near=0 v=5457]  front[p=0.806 near=852 v=9248]  right[p=0.533 near=7740 v=7740]
[robot_supervisor-19] [INFO] [1776701162.205353813] [robot_4.robot_supervisor]: Detected zone changed to RIGHT
[robot_supervisor-7] [INFO] [1776701162.259669820] [robot_0.robot_supervisor]: Selected controllable event: EV_random_walk
[robot_supervisor-16] [INFO] [1776701162.353651872] [robot_3.robot_supervisor]: Selected controllable event: EV_move_forward
[robot_supervisor-7] [INFO] [1776701162.559788463] [robot_0.robot_supervisor]: Selected controllable event: EV_random_walk
[robot_supervisor-16] [INFO] [1776701162.653725773] [robot_3.robot_supervisor]: Selected controllable event: EV_random_walk
[robot_supervisor-7] [INFO] [1776701162.859581209] [robot_0.robot_supervisor]: Selected controllable event: EV_random_walk
[robot_supervisor-16] [INFO] [1776701162.953497807] [robot_3.robot_supervisor]: Selected controllable event: EV_random_walk
[robot_supervisor-7] [INFO] [1776701163.159514140] [robot_0.robot_supervisor]: Selected controllable event: EV_random_walk
[robot_supervisor-16] [INFO] [1776701163.253682443] [robot_3.robot_supervisor]: Selected controllable event: EV_random_walk
[robot_supervisor-7] [INFO] [1776701163.459836595] [robot_0.robot_supervisor]: Selected controllable event: EV_random_walk
[robot_supervisor-16] [INFO] [1776701163.553487492] [robot_3.robot_supervisor]: Selected controllable event: EV_random_walk
[robot_supervisor-7] [INFO] [1776701163.759680909] [robot_0.robot_supervisor]: Selected controllable event: EV_random_walk
[robot_supervisor-16] [INFO] [1776701163.853526593] [robot_3.robot_supervisor]: Selected controllable event: EV_random_walk
[robot_supervisor-7] [INFO] [1776701164.059578527] [robot_0.robot_supervisor]: Selected controllable event: EV_random_walk
[robot_supervisor-13] [INFO] [1776701164.093379371] [robot_2.robot_supervisor]: Selected controllable event: EV_rotate_clockwise
[robot_supervisor-13] [INFO] [1776701164.093743547] [robot_2.robot_supervisor]: rotate_90 blocked by recent completion; stopping this tick
[robot_supervisor-16] [INFO] [1776701164.153767460] [robot_3.robot_supervisor]: Selected controllable event: EV_random_walk
[robot_supervisor-10] [INFO] [1776701164.157848460] [robot_1.robot_supervisor]: Selected controllable event: EV_move_forward
[robot_supervisor-13] [INFO] [1776701164.193332716] [robot_2.robot_supervisor]: Selected controllable event: EV_rotate_clockwise
[robot_supervisor-13] [INFO] [1776701164.193647225] [robot_2.robot_supervisor]: rotate_90 blocked by recent completion; stopping this tick
[robot_supervisor-19] [INFO] [1776701164.228484705] [robot_4.robot_supervisor]: Selected controllable event: EV_rotate_counterclockwise
[robot_supervisor-19] [INFO] [1776701164.228895262] [robot_4.robot_supervisor]: rotate_90 blocked by recent completion; stopping this tick
[robot_supervisor-13] [INFO] [1776701164.293592456] [robot_2.robot_supervisor]: Selected controllable event: EV_rotate_clockwise
[robot_supervisor-13] [INFO] [1776701164.294085667] [robot_2.robot_supervisor]: rotate_90 blocked by recent completion; stopping this tick
[robot_supervisor-19] [INFO] [1776701164.328416802] [robot_4.robot_supervisor]: Selected controllable event: EV_rotate_counterclockwise
[robot_supervisor-19] [INFO] [1776701164.328785869] [robot_4.robot_supervisor]: rotate_90 blocked by recent completion; stopping this tick
[robot_supervisor-7] [INFO] [1776701164.359720895] [robot_0.robot_supervisor]: Selected controllable event: EV_random_walk
[robot_supervisor-13] [INFO] [1776701164.393076489] [robot_2.robot_supervisor]: Selected controllable event: EV_rotate_clockwise
[robot_supervisor-19] [INFO] [1776701164.428199287] [robot_4.robot_supervisor]: Selected controllable event: EV_rotate_counterclockwise
[robot_supervisor-19] [INFO] [1776701164.428408192] [robot_4.robot_supervisor]: rotate_90 blocked by recent completion; stopping this tick
[robot_supervisor-16] [INFO] [1776701164.453722855] [robot_3.robot_supervisor]: Selected controllable event: EV_move_forward
[robot_supervisor-10] [INFO] [1776701164.457986058] [robot_1.robot_supervisor]: Selected controllable event: EV_move_forward
[robot_supervisor-19] [INFO] [1776701164.528611928] [robot_4.robot_supervisor]: Selected controllable event: EV_rotate_counterclockwise
[image_processor-22] [INFO] [1776701164.654403576] [robot_1.image_processor]: Zone=CORNER  left[p=0.648 near=4971 v=7650]  front[p=0.417 near=13500 v=13500]  right[p=0.338 near=7740 v=7740]
[robot_supervisor-10] [INFO] [1776701164.655111407] [robot_1.robot_supervisor]: Detected zone changed to CORNER
[robot_supervisor-7] [INFO] [1776701164.659525962] [robot_0.robot_supervisor]: Selected controllable event: EV_random_walk
[image_processor-24] [INFO] [1776701164.665409333] [robot_3.image_processor]: Zone=CLEAR
[image_processor-23] [INFO] [1776701164.681275662] [robot_2.image_processor]: Zone=LEFT  left[p=0.661 near=3865 v=7650]  front[p=1.038 near=0 v=13484]  right[p=0.893 near=0 v=7670]
[robot_supervisor-13] [INFO] [1776701164.682031617] [robot_2.robot_supervisor]: Detected zone changed to LEFT
[image_processor-21] [INFO] [1776701164.690641460] [robot_0.image_processor]: Zone=CORNER  left[p=0.637 near=7603 v=7650]  front[p=0.505 near=13500 v=13500]  right[p=0.442 near=7740 v=7740]
[robot_supervisor-7] [INFO] [1776701164.691848851] [robot_0.robot_supervisor]: Detected zone changed to CORNER
[image_processor-25] [INFO] [1776701164.702131594] [robot_4.image_processor]: Zone=LEFT  left[p=0.582 near=4827 v=7230]  front[p=2.516 near=0 v=11528]  right[p=1.575 near=0 v=7740]
[robot_supervisor-19] [INFO] [1776701164.702569044] [robot_4.robot_supervisor]: Detected zone changed to LEFT
[robot_supervisor-16] [INFO] [1776701164.753802062] [robot_3.robot_supervisor]: Selected controllable event: EV_move_forward
[robot_supervisor-10] [INFO] [1776701164.758016910] [robot_1.robot_supervisor]: Selected controllable event: EV_rotate_clockwise
[robot_supervisor-7] [INFO] [1776701164.959580264] [robot_0.robot_supervisor]: Selected controllable event: EV_rotate_clockwise
[robot_supervisor-16] [INFO] [1776701165.053768442] [robot_3.robot_supervisor]: Selected controllable event: EV_random_walk
[robot_supervisor-16] [INFO] [1776701165.353994263] [robot_3.robot_supervisor]: Selected controllable event: EV_random_walk
[robot_supervisor-16] [INFO] [1776701165.653541063] [robot_3.robot_supervisor]: Selected controllable event: EV_move_forward
[robot_supervisor-16] [INFO] [1776701165.953981341] [robot_3.robot_supervisor]: Selected controllable event: EV_move_forward
[robot_supervisor-16] [INFO] [1776701166.253739221] [robot_3.robot_supervisor]: Selected controllable event: EV_move_forward
[robot_supervisor-16] [INFO] [1776701166.553601363] [robot_3.robot_supervisor]: Selected controllable event: EV_move_forward
[robot_supervisor-13] [INFO] [1776701166.593363193] [robot_2.robot_supervisor]: Selected controllable event: EV_rotate_clockwise
[robot_supervisor-13] [INFO] [1776701166.593738391] [robot_2.robot_supervisor]: rotate_90 blocked by recent completion; stopping this tick
[robot_supervisor-13] [INFO] [1776701166.693371576] [robot_2.robot_supervisor]: Selected controllable event: EV_rotate_clockwise
[robot_supervisor-13] [INFO] [1776701166.693708070] [robot_2.robot_supervisor]: rotate_90 blocked by recent completion; stopping this tick
[robot_supervisor-19] [INFO] [1776701166.728338352] [robot_4.robot_supervisor]: Selected controllable event: EV_rotate_clockwise
[robot_supervisor-19] [INFO] [1776701166.728610721] [robot_4.robot_supervisor]: rotate_90 blocked by recent completion; stopping this tick
[robot_supervisor-13] [INFO] [1776701166.793332250] [robot_2.robot_supervisor]: Selected controllable event: EV_rotate_clockwise
[robot_supervisor-19] [INFO] [1776701166.828318478] [robot_4.robot_supervisor]: Selected controllable event: EV_rotate_clockwise
[robot_supervisor-19] [INFO] [1776701166.828688891] [robot_4.robot_supervisor]: rotate_90 blocked by recent completion; stopping this tick
[robot_supervisor-16] [INFO] [1776701166.853550702] [robot_3.robot_supervisor]: Selected controllable event: EV_random_walk
[robot_supervisor-10] [INFO] [1776701166.858038451] [robot_1.robot_supervisor]: Selected controllable event: EV_rotate_clockwise
[robot_supervisor-10] [INFO] [1776701166.858642321] [robot_1.robot_supervisor]: rotate_90 blocked by recent completion; stopping this tick
[robot_supervisor-19] [INFO] [1776701166.928323372] [robot_4.robot_supervisor]: Selected controllable event: EV_rotate_clockwise
[robot_supervisor-10] [INFO] [1776701166.957983037] [robot_1.robot_supervisor]: Selected controllable event: EV_rotate_clockwise
[robot_supervisor-10] [INFO] [1776701166.958324763] [robot_1.robot_supervisor]: rotate_90 blocked by recent completion; stopping this tick
[robot_supervisor-10] [INFO] [1776701167.058013007] [robot_1.robot_supervisor]: Selected controllable event: EV_rotate_clockwise
[robot_supervisor-10] [INFO] [1776701167.058361926] [robot_1.robot_supervisor]: rotate_90 blocked by recent completion; stopping this tick
[robot_supervisor-16] [INFO] [1776701167.153487938] [robot_3.robot_supervisor]: Selected controllable event: EV_random_walk
[image_processor-22] [INFO] [1776701167.156485068] [robot_1.image_processor]: Zone=CORNER
[robot_supervisor-10] [INFO] [1776701167.157738092] [robot_1.robot_supervisor]: Selected controllable event: EV_rotate_clockwise
[robot_supervisor-7] [INFO] [1776701167.159556154] [robot_0.robot_supervisor]: Selected controllable event: EV_rotate_clockwise
[robot_supervisor-7] [INFO] [1776701167.159848914] [robot_0.robot_supervisor]: rotate_90 blocked by recent completion; stopping this tick
[image_processor-24] [INFO] [1776701167.166094069] [robot_3.image_processor]: Zone=CLEAR
[image_processor-21] [INFO] [1776701167.191340788] [robot_0.image_processor]: Zone=LEFT  left[p=0.461 near=7650 v=7650]  front[p=0.882 near=364 v=12759]  right[p=0.647 near=4704 v=7670]
[robot_supervisor-7] [INFO] [1776701167.191703243] [robot_0.robot_supervisor]: Detected zone changed to LEFT
[image_processor-25] [INFO] [1776701167.211212918] [robot_4.image_processor]: Zone=CORNER  left[p=3.103 near=0 v=5445]  front[p=0.749 near=1781 v=9613]  right[p=0.533 near=7740 v=7740]
[robot_supervisor-19] [INFO] [1776701167.211660495] [robot_4.robot_supervisor]: Detected zone changed to CORNER
[robot_supervisor-7] [INFO] [1776701167.259890787] [robot_0.robot_supervisor]: Selected controllable event: EV_rotate_clockwise
[robot_supervisor-7] [INFO] [1776701167.260363511] [robot_0.robot_supervisor]: rotate_90 blocked by recent completion; stopping this tick
[image_processor-23] [INFO] [1776701167.282724968] [robot_2.image_processor]: Zone=RIGHT  left[p=2.693 near=0 v=3524]  front[p=1.641 near=0 v=9537]  right[p=0.678 near=2531 v=7740]
[robot_supervisor-13] [INFO] [1776701167.283629740] [robot_2.robot_supervisor]: Detected zone changed to RIGHT
[robot_supervisor-7] [INFO] [1776701167.359567799] [robot_0.robot_supervisor]: Selected controllable event: EV_rotate_clockwise
[robot_supervisor-16] [INFO] [1776701167.454054832] [robot_3.robot_supervisor]: Selected controllable event: EV_move_forward
[robot_supervisor-16] [INFO] [1776701167.753523635] [robot_3.robot_supervisor]: Selected controllable event: EV_move_forward
[robot_supervisor-16] [INFO] [1776701168.053761301] [robot_3.robot_supervisor]: Selected controllable event: EV_random_walk
[robot_supervisor-16] [INFO] [1776701168.353718555] [robot_3.robot_supervisor]: Selected controllable event: EV_random_walk
[robot_supervisor-16] [INFO] [1776701168.653759609] [robot_3.robot_supervisor]: Selected controllable event: EV_move_forward
[robot_supervisor-16] [INFO] [1776701168.953506415] [robot_3.robot_supervisor]: Selected controllable event: EV_move_forward
[robot_supervisor-13] [INFO] [1776701168.993412335] [robot_2.robot_supervisor]: Selected controllable event: EV_rotate_counterclockwise
[robot_supervisor-13] [INFO] [1776701168.993652169] [robot_2.robot_supervisor]: rotate_90 blocked by recent completion; stopping this tick
[robot_supervisor-13] [INFO] [1776701169.093366269] [robot_2.robot_supervisor]: Selected controllable event: EV_rotate_counterclockwise
[robot_supervisor-13] [INFO] [1776701169.093736040] [robot_2.robot_supervisor]: rotate_90 blocked by recent completion; stopping this tick
[robot_supervisor-19] [INFO] [1776701169.128339679] [robot_4.robot_supervisor]: Selected controllable event: EV_rotate_clockwise
[robot_supervisor-19] [INFO] [1776701169.128665133] [robot_4.robot_supervisor]: rotate_90 blocked by recent completion; stopping this tick
[robot_supervisor-13] [INFO] [1776701169.193296192] [robot_2.robot_supervisor]: Selected controllable event: EV_rotate_counterclockwise
[robot_supervisor-19] [INFO] [1776701169.228496873] [robot_4.robot_supervisor]: Selected controllable event: EV_rotate_clockwise
[robot_supervisor-19] [INFO] [1776701169.228883442] [robot_4.robot_supervisor]: rotate_90 blocked by recent completion; stopping this tick
[robot_supervisor-16] [INFO] [1776701169.253804068] [robot_3.robot_supervisor]: Selected controllable event: EV_move_forward
[robot_supervisor-19] [INFO] [1776701169.328540194] [robot_4.robot_supervisor]: Selected controllable event: EV_rotate_clockwise
[robot_supervisor-10] [INFO] [1776701169.357992158] [robot_1.robot_supervisor]: Selected controllable event: EV_rotate_clockwise
[robot_supervisor-10] [INFO] [1776701169.358353666] [robot_1.robot_supervisor]: rotate_90 blocked by recent completion; stopping this tick
[robot_supervisor-10] [INFO] [1776701169.457924685] [robot_1.robot_supervisor]: Selected controllable event: EV_rotate_clockwise
[robot_supervisor-10] [INFO] [1776701169.458188322] [robot_1.robot_supervisor]: rotate_90 blocked by recent completion; stopping this tick
[robot_supervisor-16] [INFO] [1776701169.554019203] [robot_3.robot_supervisor]: Selected controllable event: EV_move_forward
[robot_supervisor-10] [INFO] [1776701169.557952306] [robot_1.robot_supervisor]: Selected controllable event: EV_rotate_clockwise
[robot_supervisor-7] [INFO] [1776701169.559445618] [robot_0.robot_supervisor]: Selected controllable event: EV_rotate_clockwise
[robot_supervisor-7] [INFO] [1776701169.559724857] [robot_0.robot_supervisor]: rotate_90 blocked by recent completion; stopping this tick
[robot_supervisor-7] [INFO] [1776701169.659483408] [robot_0.robot_supervisor]: Selected controllable event: EV_rotate_clockwise
[robot_supervisor-7] [INFO] [1776701169.659794266] [robot_0.robot_supervisor]: rotate_90 blocked by recent completion; stopping this tick
[image_processor-22] [INFO] [1776701169.664168728] [robot_1.image_processor]: Zone=CLEAR  left[p=1.133 near=0 v=6186]  front[p=2.597 near=0 v=6686]  right[p=1.038 near=0 v=5984]
[robot_supervisor-10] [INFO] [1776701169.665220281] [robot_1.robot_supervisor]: Detected zone changed to CLEAR
[image_processor-24] [INFO] [1776701169.675198453] [robot_3.image_processor]: Zone=CLEAR
[image_processor-23] [INFO] [1776701169.684844491] [robot_2.image_processor]: Zone=CORNER  left[p=0.651 near=4360 v=7650]  front[p=0.397 near=13500 v=13500]  right[p=0.316 near=7740 v=7740]
[robot_supervisor-13] [INFO] [1776701169.685420465] [robot_2.robot_supervisor]: Detected zone changed to CORNER
[image_processor-21] [INFO] [1776701169.703699675] [robot_0.image_processor]: Zone=LEFT
[image_processor-25] [INFO] [1776701169.715187503] [robot_4.image_processor]: Zone=LEFT  left[p=0.693 near=1850 v=6502]  front[p=2.251 near=0 v=12254]  right[p=1.479 near=0 v=7740]
[robot_supervisor-19] [INFO] [1776701169.716134682] [robot_4.robot_supervisor]: Detected zone changed to LEFT
[robot_supervisor-7] [INFO] [1776701169.759582936] [robot_0.robot_supervisor]: Selected controllable event: EV_rotate_clockwise
[robot_supervisor-16] [INFO] [1776701169.853936148] [robot_3.robot_supervisor]: Selected controllable event: EV_random_walk
[robot_supervisor-16] [INFO] [1776701170.153623913] [robot_3.robot_supervisor]: Selected controllable event: EV_random_walk
[robot_supervisor-16] [INFO] [1776701170.453980272] [robot_3.robot_supervisor]: Selected controllable event: EV_random_walk
[robot_supervisor-16] [INFO] [1776701170.754023717] [robot_3.robot_supervisor]: Selected controllable event: EV_random_walk
[robot_supervisor-16] [INFO] [1776701171.053718582] [robot_3.robot_supervisor]: Selected controllable event: EV_random_walk
[robot_supervisor-13] [INFO] [1776701171.293468683] [robot_2.robot_supervisor]: Selected controllable event: EV_rotate_clockwise
[robot_supervisor-13] [INFO] [1776701171.293896654] [robot_2.robot_supervisor]: rotate_90 blocked by recent completion; stopping this tick
[robot_supervisor-16] [INFO] [1776701171.353733687] [robot_3.robot_supervisor]: Selected controllable event: EV_random_walk
[robot_supervisor-13] [INFO] [1776701171.393390489] [robot_2.robot_supervisor]: Selected controllable event: EV_rotate_clockwise
[robot_supervisor-13] [INFO] [1776701171.393755861] [robot_2.robot_supervisor]: rotate_90 blocked by recent completion; stopping this tick
[robot_supervisor-19] [INFO] [1776701171.428386433] [robot_4.robot_supervisor]: Selected controllable event: EV_rotate_clockwise
[robot_supervisor-19] [INFO] [1776701171.428764936] [robot_4.robot_supervisor]: rotate_90 blocked by recent completion; stopping this tick
[robot_supervisor-13] [INFO] [1776701171.493362280] [robot_2.robot_supervisor]: Selected controllable event: EV_rotate_clockwise
[robot_supervisor-13] [INFO] [1776701171.493743393] [robot_2.robot_supervisor]: rotate_90 blocked by recent completion; stopping this tick
[robot_supervisor-19] [INFO] [1776701171.528362512] [robot_4.robot_supervisor]: Selected controllable event: EV_rotate_clockwise
[robot_supervisor-19] [INFO] [1776701171.528741586] [robot_4.robot_supervisor]: rotate_90 blocked by recent completion; stopping this tick
[robot_supervisor-13] [INFO] [1776701171.593372402] [robot_2.robot_supervisor]: Selected controllable event: EV_rotate_clockwise
[robot_supervisor-19] [INFO] [1776701171.628424696] [robot_4.robot_supervisor]: Selected controllable event: EV_rotate_clockwise
[robot_supervisor-19] [INFO] [1776701171.628823736] [robot_4.robot_supervisor]: rotate_90 blocked by recent completion; stopping this tick
[robot_supervisor-16] [INFO] [1776701171.654028256] [robot_3.robot_supervisor]: Selected controllable event: EV_random_walk
[robot_supervisor-10] [INFO] [1776701171.658449197] [robot_1.robot_supervisor]: Selected controllable event: EV_random_walk
[robot_supervisor-19] [INFO] [1776701171.728749509] [robot_4.robot_supervisor]: Selected controllable event: EV_rotate_clockwise
[robot_supervisor-7] [INFO] [1776701171.859571446] [robot_0.robot_supervisor]: Selected controllable event: EV_rotate_clockwise
[robot_supervisor-7] [INFO] [1776701171.859982495] [robot_0.robot_supervisor]: rotate_90 blocked by recent completion; stopping this tick
[robot_supervisor-16] [INFO] [1776701171.954048353] [robot_3.robot_supervisor]: Selected controllable event: EV_random_walk
[robot_supervisor-10] [INFO] [1776701171.958046724] [robot_1.robot_supervisor]: Selected controllable event: EV_random_walk
[robot_supervisor-7] [INFO] [1776701171.959616526] [robot_0.robot_supervisor]: Selected controllable event: EV_rotate_clockwise
[robot_supervisor-7] [INFO] [1776701171.960038587] [robot_0.robot_supervisor]: rotate_90 blocked by recent completion; stopping this tick
[robot_supervisor-7] [INFO] [1776701172.059549383] [robot_0.robot_supervisor]: Selected controllable event: EV_rotate_clockwise
[robot_supervisor-7] [INFO] [1776701172.059931125] [robot_0.robot_supervisor]: rotate_90 blocked by recent completion; stopping this tick
[image_processor-22] [INFO] [1776701172.157557581] [robot_1.image_processor]: Zone=CLEAR
[robot_supervisor-7] [INFO] [1776701172.160041803] [robot_0.robot_supervisor]: Selected controllable event: EV_rotate_clockwise
[image_processor-24] [INFO] [1776701172.169688308] [robot_3.image_processor]: Zone=CLEAR
[image_processor-23] [INFO] [1776701172.186439619] [robot_2.image_processor]: Zone=RIGHT  left[p=2.368 near=0 v=4543]  front[p=1.200 near=0 v=10802]  right[p=0.525 near=5670 v=7740]
[robot_supervisor-13] [INFO] [1776701172.187356811] [robot_2.robot_supervisor]: Detected zone changed to RIGHT
[image_processor-21] [INFO] [1776701172.199272533] [robot_0.image_processor]: Zone=RIGHT  left[p=2.768 near=0 v=6480]  front[p=2.309 near=0 v=13308]  right[p=0.718 near=1962 v=7740]
[robot_supervisor-7] [INFO] [1776701172.199975326] [robot_0.robot_supervisor]: Detected zone changed to RIGHT
[image_processor-25] [INFO] [1776701172.207471559] [robot_4.image_processor]: Zone=CORNER  left[p=1.406 near=0 v=7650]  front[p=0.759 near=2433 v=13500]  right[p=0.774 near=1520 v=7740]
[robot_supervisor-19] [INFO] [1776701172.208247666] [robot_4.robot_supervisor]: Detected zone changed to CORNER
[robot_supervisor-16] [INFO] [1776701172.253736920] [robot_3.robot_supervisor]: Selected controllable event: EV_move_forward
[robot_supervisor-10] [INFO] [1776701172.257979265] [robot_1.robot_supervisor]: Selected controllable event: EV_move_forward
[robot_supervisor-16] [INFO] [1776701172.553945135] [robot_3.robot_supervisor]: Selected controllable event: EV_move_forward
[robot_supervisor-10] [INFO] [1776701172.558021290] [robot_1.robot_supervisor]: Selected controllable event: EV_move_forward
[robot_supervisor-16] [INFO] [1776701172.853971148] [robot_3.robot_supervisor]: Selected controllable event: EV_move_forward
[robot_supervisor-10] [INFO] [1776701172.857969725] [robot_1.robot_supervisor]: Selected controllable event: EV_random_walk
[robot_supervisor-16] [INFO] [1776701173.153494645] [robot_3.robot_supervisor]: Selected controllable event: EV_move_forward
[robot_supervisor-10] [INFO] [1776701173.158040979] [robot_1.robot_supervisor]: Selected controllable event: EV_random_walk
[robot_supervisor-16] [INFO] [1776701173.453934362] [robot_3.robot_supervisor]: Selected controllable event: EV_random_walk
[robot_supervisor-10] [INFO] [1776701173.458138351] [robot_1.robot_supervisor]: Selected controllable event: EV_random_walk
[robot_supervisor-13] [INFO] [1776701173.693351083] [robot_2.robot_supervisor]: Selected controllable event: EV_rotate_counterclockwise
[robot_supervisor-13] [INFO] [1776701173.693697656] [robot_2.robot_supervisor]: rotate_90 blocked by recent completion; stopping this tick
[robot_supervisor-16] [INFO] [1776701173.753516956] [robot_3.robot_supervisor]: Selected controllable event: EV_random_walk
[robot_supervisor-10] [INFO] [1776701173.758066776] [robot_1.robot_supervisor]: Selected controllable event: EV_random_walk
[robot_supervisor-13] [INFO] [1776701173.793072396] [robot_2.robot_supervisor]: Selected controllable event: EV_rotate_counterclockwise
[robot_supervisor-13] [INFO] [1776701173.793239713] [robot_2.robot_supervisor]: rotate_90 blocked by recent completion; stopping this tick
[robot_supervisor-19] [INFO] [1776701173.828748726] [robot_4.robot_supervisor]: Selected controllable event: EV_rotate_clockwise
[robot_supervisor-19] [INFO] [1776701173.829200759] [robot_4.robot_supervisor]: rotate_90 blocked by recent completion; stopping this tick
[robot_supervisor-13] [INFO] [1776701173.893559859] [robot_2.robot_supervisor]: Selected controllable event: EV_rotate_counterclockwise
[robot_supervisor-13] [INFO] [1776701173.894023534] [robot_2.robot_supervisor]: rotate_90 blocked by recent completion; stopping this tick
[robot_supervisor-19] [INFO] [1776701173.928602147] [robot_4.robot_supervisor]: Selected controllable event: EV_rotate_clockwise
[robot_supervisor-19] [INFO] [1776701173.929093926] [robot_4.robot_supervisor]: rotate_90 blocked by recent completion; stopping this tick
[robot_supervisor-13] [INFO] [1776701173.993614520] [robot_2.robot_supervisor]: Selected controllable event: EV_rotate_counterclockwise
[robot_supervisor-19] [INFO] [1776701174.028186359] [robot_4.robot_supervisor]: Selected controllable event: EV_rotate_clockwise
[robot_supervisor-19] [INFO] [1776701174.028423563] [robot_4.robot_supervisor]: rotate_90 blocked by recent completion; stopping this tick
[robot_supervisor-16] [INFO] [1776701174.053730720] [robot_3.robot_supervisor]: Selected controllable event: EV_move_forward
[robot_supervisor-10] [INFO] [1776701174.058138258] [robot_1.robot_supervisor]: Selected controllable event: EV_move_forward
[robot_supervisor-19] [INFO] [1776701174.128354854] [robot_4.robot_supervisor]: Selected controllable event: EV_rotate_clockwise
[robot_supervisor-7] [INFO] [1776701174.259746056] [robot_0.robot_supervisor]: Selected controllable event: EV_rotate_counterclockwise
[robot_supervisor-7] [INFO] [1776701174.260220428] [robot_0.robot_supervisor]: rotate_90 blocked by recent completion; stopping this tick
[robot_supervisor-16] [INFO] [1776701174.354080065] [robot_3.robot_supervisor]: Selected controllable event: EV_move_forward
[robot_supervisor-10] [INFO] [1776701174.358039517] [robot_1.robot_supervisor]: Selected controllable event: EV_move_forward
[robot_supervisor-7] [INFO] [1776701174.359465356] [robot_0.robot_supervisor]: Selected controllable event: EV_rotate_counterclockwise
[robot_supervisor-7] [INFO] [1776701174.359759446] [robot_0.robot_supervisor]: rotate_90 blocked by recent completion; stopping this tick
[robot_supervisor-7] [INFO] [1776701174.459428942] [robot_0.robot_supervisor]: Selected controllable event: EV_rotate_counterclockwise
[robot_supervisor-7] [INFO] [1776701174.459707644] [robot_0.robot_supervisor]: rotate_90 blocked by recent completion; stopping this tick
[robot_supervisor-7] [INFO] [1776701174.559704295] [robot_0.robot_supervisor]: Selected controllable event: EV_rotate_counterclockwise
[robot_supervisor-16] [INFO] [1776701174.654150236] [robot_3.robot_supervisor]: Selected controllable event: EV_move_forward
[image_processor-22] [INFO] [1776701174.656280571] [robot_1.image_processor]: Zone=CORNER  left[p=0.350 near=7650 v=7650]  front[p=0.391 near=13500 v=13500]  right[p=0.470 near=5955 v=7740]
[robot_supervisor-10] [INFO] [1776701174.657250237] [robot_1.robot_supervisor]: Detected zone changed to CORNER
[robot_supervisor-10] [INFO] [1776701174.658340906] [robot_1.robot_supervisor]: Selected controllable event: EV_rotate_clockwise
[image_processor-24] [INFO] [1776701174.673923374] [robot_3.image_processor]: Zone=CORNER  left[p=0.900 near=29 v=7650]  front[p=0.424 near=12783 v=13500]  right[p=0.316 near=7740 v=7740]
[robot_supervisor-16] [INFO] [1776701174.674674613] [robot_3.robot_supervisor]: Detected zone changed to CORNER
[image_processor-23] [INFO] [1776701174.687161809] [robot_2.image_processor]: Zone=CORNER  left[p=0.924 near=0 v=7650]  front[p=0.425 near=12542 v=13500]  right[p=0.316 near=7740 v=7740]
[robot_supervisor-13] [INFO] [1776701174.688121878] [robot_2.robot_supervisor]: Detected zone changed to CORNER
[image_processor-21] [INFO] [1776701174.695985901] [robot_0.image_processor]: Zone=CORNER  left[p=0.452 near=7650 v=7650]  front[p=0.415 near=13500 v=13500]  right[p=0.391 near=7740 v=7740]
[robot_supervisor-7] [INFO] [1776701174.696772777] [robot_0.robot_supervisor]: Detected zone changed to CORNER
[image_processor-25] [INFO] [1776701174.713186645] [robot_4.image_processor]: Zone=CLEAR  left[p=2.120 near=0 v=7650]  front[p=2.886 near=0 v=12078]  right[p=3.103 near=0 v=5538]
[robot_supervisor-19] [INFO] [1776701174.714091569] [robot_4.robot_supervisor]: Detected zone changed to CLEAR
[robot_supervisor-16] [INFO] [1776701174.953634898] [robot_3.robot_supervisor]: Selected controllable event: EV_rotate_clockwise
[robot_supervisor-13] [INFO] [1776701176.093586711] [robot_2.robot_supervisor]: Selected controllable event: EV_rotate_clockwise
[robot_supervisor-13] [INFO] [1776701176.094118211] [robot_2.robot_supervisor]: rotate_90 blocked by recent completion; stopping this tick
[robot_supervisor-13] [INFO] [1776701176.193313973] [robot_2.robot_supervisor]: Selected controllable event: EV_rotate_clockwise
[robot_supervisor-13] [INFO] [1776701176.193594312] [robot_2.robot_supervisor]: rotate_90 blocked by recent completion; stopping this tick
[robot_supervisor-19] [INFO] [1776701176.228487530] [robot_4.robot_supervisor]: Selected controllable event: EV_move_forward
[robot_supervisor-13] [INFO] [1776701176.293367575] [robot_2.robot_supervisor]: Selected controllable event: EV_rotate_clockwise
[robot_supervisor-13] [INFO] [1776701176.293760766] [robot_2.robot_supervisor]: rotate_90 blocked by recent completion; stopping this tick
[robot_supervisor-13] [INFO] [1776701176.393380823] [robot_2.robot_supervisor]: Selected controllable event: EV_rotate_clockwise
[robot_supervisor-19] [INFO] [1776701176.528365978] [robot_4.robot_supervisor]: Selected controllable event: EV_move_forward
[robot_supervisor-7] [INFO] [1776701176.659573943] [robot_0.robot_supervisor]: Selected controllable event: EV_rotate_clockwise
[robot_supervisor-7] [INFO] [1776701176.659941956] [robot_0.robot_supervisor]: rotate_90 blocked by recent completion; stopping this tick
[robot_supervisor-10] [INFO] [1776701176.757866253] [robot_1.robot_supervisor]: Selected controllable event: EV_rotate_clockwise
[robot_supervisor-10] [INFO] [1776701176.758091033] [robot_1.robot_supervisor]: rotate_90 blocked by recent completion; stopping this tick
[robot_supervisor-7] [INFO] [1776701176.759835417] [robot_0.robot_supervisor]: Selected controllable event: EV_rotate_clockwise
[robot_supervisor-7] [INFO] [1776701176.760358297] [robot_0.robot_supervisor]: rotate_90 blocked by recent completion; stopping this tick
[robot_supervisor-19] [INFO] [1776701176.828391230] [robot_4.robot_supervisor]: Selected controllable event: EV_move_forward
[robot_supervisor-10] [INFO] [1776701176.858028882] [robot_1.robot_supervisor]: Selected controllable event: EV_rotate_clockwise
[robot_supervisor-10] [INFO] [1776701176.858387726] [robot_1.robot_supervisor]: rotate_90 blocked by recent completion; stopping this tick
[robot_supervisor-7] [INFO] [1776701176.859649056] [robot_0.robot_supervisor]: Selected controllable event: EV_rotate_clockwise
[robot_supervisor-7] [INFO] [1776701176.860226581] [robot_0.robot_supervisor]: rotate_90 blocked by recent completion; stopping this tick
[robot_supervisor-10] [INFO] [1776701176.958006906] [robot_1.robot_supervisor]: Selected controllable event: EV_rotate_clockwise
[robot_supervisor-10] [INFO] [1776701176.958559133] [robot_1.robot_supervisor]: rotate_90 blocked by recent completion; stopping this tick
[robot_supervisor-7] [INFO] [1776701176.959679437] [robot_0.robot_supervisor]: Selected controllable event: EV_rotate_clockwise
[robot_supervisor-10] [INFO] [1776701177.058248397] [robot_1.robot_supervisor]: Selected controllable event: EV_rotate_clockwise
[robot_supervisor-19] [INFO] [1776701177.128178610] [robot_4.robot_supervisor]: Selected controllable event: EV_move_forward
[robot_supervisor-16] [INFO] [1776701177.154122302] [robot_3.robot_supervisor]: Selected controllable event: EV_rotate_clockwise
[robot_supervisor-16] [INFO] [1776701177.154472409] [robot_3.robot_supervisor]: rotate_90 blocked by recent completion; stopping this tick
[image_processor-24] [INFO] [1776701177.160516561] [robot_3.image_processor]: Zone=CORNER
[image_processor-23] [INFO] [1776701177.171489489] [robot_2.image_processor]: Zone=RIGHT  left[p=1.526 near=0 v=5244]  front[p=0.829 near=844 v=11675]  right[p=0.435 near=7740 v=7740]
[robot_supervisor-13] [INFO] [1776701177.172237438] [robot_2.robot_supervisor]: Detected zone changed to RIGHT
[image_processor-21] [INFO] [1776701177.181163570] [robot_0.image_processor]: Zone=RIGHT  left[p=2.628 near=0 v=6641]  front[p=2.074 near=0 v=13396]  right[p=0.677 near=2647 v=7740]
[robot_supervisor-7] [INFO] [1776701177.181692793] [robot_0.robot_supervisor]: Detected zone changed to RIGHT
[image_processor-25] [INFO] [1776701177.194813282] [robot_4.image_processor]: Zone=CORNER  left[p=3.103 near=0 v=5573]  front[p=0.557 near=5219 v=10506]  right[p=0.420 near=7740 v=7740]
[robot_supervisor-19] [INFO] [1776701177.195297421] [robot_4.robot_supervisor]: Detected zone changed to CORNER
[image_processor-22] [INFO] [1776701177.252388006] [robot_1.image_processor]: Zone=CORNER
[robot_supervisor-16] [INFO] [1776701177.253760713] [robot_3.robot_supervisor]: Selected controllable event: EV_rotate_clockwise
[robot_supervisor-16] [INFO] [1776701177.254133757] [robot_3.robot_supervisor]: rotate_90 blocked by recent completion; stopping this tick
[robot_supervisor-16] [INFO] [1776701177.353877478] [robot_3.robot_supervisor]: Selected controllable event: EV_rotate_clockwise
[robot_supervisor-19] [INFO] [1776701177.428247461] [robot_4.robot_supervisor]: Selected controllable event: EV_rotate_clockwise
[robot_supervisor-13] [INFO] [1776701178.493170682] [robot_2.robot_supervisor]: Selected controllable event: EV_rotate_counterclockwise
[robot_supervisor-13] [INFO] [1776701178.493371335] [robot_2.robot_supervisor]: rotate_90 blocked by recent completion; stopping this tick
[robot_supervisor-13] [INFO] [1776701178.593074922] [robot_2.robot_supervisor]: Selected controllable event: EV_rotate_counterclockwise
[robot_supervisor-13] [INFO] [1776701178.593241140] [robot_2.robot_supervisor]: rotate_90 blocked by recent completion; stopping this tick
[robot_supervisor-13] [INFO] [1776701178.693224996] [robot_2.robot_supervisor]: Selected controllable event: EV_rotate_counterclockwise
[robot_supervisor-13] [INFO] [1776701178.693415420] [robot_2.robot_supervisor]: rotate_90 blocked by recent completion; stopping this tick
[robot_supervisor-13] [INFO] [1776701178.793348462] [robot_2.robot_supervisor]: Selected controllable event: EV_rotate_counterclockwise
[robot_supervisor-7] [INFO] [1776701179.059523744] [robot_0.robot_supervisor]: Selected controllable event: EV_rotate_counterclockwise
[robot_supervisor-7] [INFO] [1776701179.059763492] [robot_0.robot_supervisor]: rotate_90 blocked by recent completion; stopping this tick
[robot_supervisor-10] [INFO] [1776701179.158351224] [robot_1.robot_supervisor]: Selected controllable event: EV_rotate_clockwise
[robot_supervisor-10] [INFO] [1776701179.158860850] [robot_1.robot_supervisor]: rotate_90 blocked by recent completion; stopping this tick
[robot_supervisor-7] [INFO] [1776701179.159499911] [robot_0.robot_supervisor]: Selected controllable event: EV_rotate_counterclockwise
[robot_supervisor-7] [INFO] [1776701179.159688352] [robot_0.robot_supervisor]: rotate_90 blocked by recent completion; stopping this tick
[robot_supervisor-10] [INFO] [1776701179.257974241] [robot_1.robot_supervisor]: Selected controllable event: EV_rotate_clockwise
[robot_supervisor-10] [INFO] [1776701179.258342524] [robot_1.robot_supervisor]: rotate_90 blocked by recent completion; stopping this tick
[robot_supervisor-7] [INFO] [1776701179.259670038] [robot_0.robot_supervisor]: Selected controllable event: EV_rotate_counterclockwise
[robot_supervisor-7] [INFO] [1776701179.260041699] [robot_0.robot_supervisor]: rotate_90 blocked by recent completion; stopping this tick
[robot_supervisor-10] [INFO] [1776701179.357973063] [robot_1.robot_supervisor]: Selected controllable event: EV_rotate_clockwise
[robot_supervisor-10] [INFO] [1776701179.358340923] [robot_1.robot_supervisor]: rotate_90 blocked by recent completion; stopping this tick
[robot_supervisor-7] [INFO] [1776701179.359785610] [robot_0.robot_supervisor]: Selected controllable event: EV_rotate_counterclockwise
[robot_supervisor-10] [INFO] [1776701179.457953554] [robot_1.robot_supervisor]: Selected controllable event: EV_rotate_clockwise
[robot_supervisor-19] [INFO] [1776701179.528664025] [robot_4.robot_supervisor]: Selected controllable event: EV_rotate_clockwise
[robot_supervisor-19] [INFO] [1776701179.529205452] [robot_4.robot_supervisor]: rotate_90 blocked by recent completion; stopping this tick
[robot_supervisor-16] [INFO] [1776701179.553547341] [robot_3.robot_supervisor]: Selected controllable event: EV_rotate_clockwise
[robot_supervisor-16] [INFO] [1776701179.553794000] [robot_3.robot_supervisor]: rotate_90 blocked by recent completion; stopping this tick
[robot_supervisor-19] [INFO] [1776701179.628122183] [robot_4.robot_supervisor]: Selected controllable event: EV_rotate_clockwise
[robot_supervisor-19] [INFO] [1776701179.628312025] [robot_4.robot_supervisor]: rotate_90 blocked by recent completion; stopping this tick
[robot_supervisor-16] [INFO] [1776701179.653699139] [robot_3.robot_supervisor]: Selected controllable event: EV_rotate_clockwise
[robot_supervisor-16] [INFO] [1776701179.654066923] [robot_3.robot_supervisor]: rotate_90 blocked by recent completion; stopping this tick
[image_processor-22] [INFO] [1776701179.656843682] [robot_1.image_processor]: Zone=LEFT  left[p=0.636 near=4266 v=7650]  front[p=1.089 near=150 v=12290]  right[p=3.242 near=0 v=6292]
[robot_supervisor-10] [INFO] [1776701179.657535457] [robot_1.robot_supervisor]: Detected zone changed to LEFT
[image_processor-24] [INFO] [1776701179.669077729] [robot_3.image_processor]: Zone=CLEAR  left[p=2.699 near=0 v=7034]  front[p=2.950 near=0 v=7500]  right[p=2.950 near=0 v=4927]
[robot_supervisor-16] [INFO] [1776701179.669570209] [robot_3.robot_supervisor]: Detected zone changed to CLEAR
[image_processor-23] [INFO] [1776701179.676507816] [robot_2.image_processor]: Zone=CORNER  left[p=1.285 near=0 v=6518]  front[p=0.475 near=8771 v=13500]  right[p=0.327 near=7740 v=7740]
[robot_supervisor-13] [INFO] [1776701179.677050233] [robot_2.robot_supervisor]: Detected zone changed to CORNER
[image_processor-21] [INFO] [1776701179.686545967] [robot_0.image_processor]: Zone=CORNER  left[p=0.488 near=7650 v=7650]  front[p=0.413 near=13500 v=13500]  right[p=0.372 near=7740 v=7740]
[robot_supervisor-7] [INFO] [1776701179.687218397] [robot_0.robot_supervisor]: Detected zone changed to CORNER
[image_processor-25] [INFO] [1776701179.698002019] [robot_4.image_processor]: Zone=LEFT  left[p=0.461 near=5085 v=7103]  front[p=2.359 near=0 v=12365]  right[p=1.607 near=0 v=7740]
[robot_supervisor-19] [INFO] [1776701179.698425785] [robot_4.robot_supervisor]: Detected zone changed to LEFT
[robot_supervisor-19] [INFO] [1776701179.728138723] [robot_4.robot_supervisor]: Selected controllable event: EV_rotate_clockwise
[robot_supervisor-19] [INFO] [1776701179.728301423] [robot_4.robot_supervisor]: rotate_90 blocked by recent completion; stopping this tick
[robot_supervisor-16] [INFO] [1776701179.753721717] [robot_3.robot_supervisor]: Selected controllable event: EV_random_walk
[robot_supervisor-19] [INFO] [1776701179.828355344] [robot_4.robot_supervisor]: Selected controllable event: EV_rotate_clockwise
[robot_supervisor-16] [INFO] [1776701180.053802463] [robot_3.robot_supervisor]: Selected controllable event: EV_random_walk
[robot_supervisor-16] [INFO] [1776701180.353920506] [robot_3.robot_supervisor]: Selected controllable event: EV_move_forward
[robot_supervisor-16] [INFO] [1776701180.653636504] [robot_3.robot_supervisor]: Selected controllable event: EV_move_forward
[robot_supervisor-13] [INFO] [1776701180.893531490] [robot_2.robot_supervisor]: Selected controllable event: EV_rotate_clockwise
[robot_supervisor-13] [INFO] [1776701180.894037193] [robot_2.robot_supervisor]: rotate_90 blocked by recent completion; stopping this tick
[robot_supervisor-16] [INFO] [1776701180.953751404] [robot_3.robot_supervisor]: Selected controllable event: EV_move_forward
[robot_supervisor-13] [INFO] [1776701180.993161519] [robot_2.robot_supervisor]: Selected controllable event: EV_rotate_clockwise
[robot_supervisor-13] [INFO] [1776701180.993365127] [robot_2.robot_supervisor]: rotate_90 blocked by recent completion; stopping this tick
[robot_supervisor-13] [INFO] [1776701181.093119347] [robot_2.robot_supervisor]: Selected controllable event: EV_rotate_clockwise
[robot_supervisor-13] [INFO] [1776701181.093328191] [robot_2.robot_supervisor]: rotate_90 blocked by recent completion; stopping this tick
[robot_supervisor-13] [INFO] [1776701181.193171235] [robot_2.robot_supervisor]: Selected controllable event: EV_rotate_clockwise
[robot_supervisor-16] [INFO] [1776701181.253856668] [robot_3.robot_supervisor]: Selected controllable event: EV_move_forward
[robot_supervisor-16] [INFO] [1776701181.553724727] [robot_3.robot_supervisor]: Selected controllable event: EV_move_forward
[robot_supervisor-7] [INFO] [1776701181.559522944] [robot_0.robot_supervisor]: Selected controllable event: EV_rotate_clockwise
[robot_supervisor-7] [INFO] [1776701181.559835508] [robot_0.robot_supervisor]: rotate_90 blocked by recent completion; stopping this tick
[robot_supervisor-10] [INFO] [1776701181.658226024] [robot_1.robot_supervisor]: Selected controllable event: EV_rotate_clockwise
[robot_supervisor-10] [INFO] [1776701181.658559322] [robot_1.robot_supervisor]: rotate_90 blocked by recent completion; stopping this tick
[robot_supervisor-7] [INFO] [1776701181.659684662] [robot_0.robot_supervisor]: Selected controllable event: EV_rotate_clockwise
[robot_supervisor-7] [INFO] [1776701181.660050794] [robot_0.robot_supervisor]: rotate_90 blocked by recent completion; stopping this tick
[robot_supervisor-10] [INFO] [1776701181.757985122] [robot_1.robot_supervisor]: Selected controllable event: EV_rotate_clockwise
[robot_supervisor-10] [INFO] [1776701181.758179781] [robot_1.robot_supervisor]: rotate_90 blocked by recent completion; stopping this tick
[robot_supervisor-7] [INFO] [1776701181.759584472] [robot_0.robot_supervisor]: Selected controllable event: EV_rotate_clockwise
[robot_supervisor-16] [INFO] [1776701181.853489210] [robot_3.robot_supervisor]: Selected controllable event: EV_move_forward
[robot_supervisor-10] [INFO] [1776701181.858201816] [robot_1.robot_supervisor]: Selected controllable event: EV_rotate_clockwise
[robot_supervisor-19] [INFO] [1776701181.928523613] [robot_4.robot_supervisor]: Selected controllable event: EV_rotate_clockwise
[robot_supervisor-19] [INFO] [1776701181.928947652] [robot_4.robot_supervisor]: rotate_90 blocked by recent completion; stopping this tick
[robot_supervisor-19] [INFO] [1776701182.028382425] [robot_4.robot_supervisor]: Selected controllable event: EV_rotate_clockwise
[robot_supervisor-19] [INFO] [1776701182.028758213] [robot_4.robot_supervisor]: rotate_90 blocked by recent completion; stopping this tick
[robot_supervisor-19] [INFO] [1776701182.128148179] [robot_4.robot_supervisor]: Selected controllable event: EV_rotate_clockwise
[robot_supervisor-19] [INFO] [1776701182.128309806] [robot_4.robot_supervisor]: rotate_90 blocked by recent completion; stopping this tick
[robot_supervisor-16] [INFO] [1776701182.153732274] [robot_3.robot_supervisor]: Selected controllable event: EV_move_forward
[image_processor-22] [INFO] [1776701182.164066575] [robot_1.image_processor]: Zone=CORNER  left[p=2.782 near=0 v=4935]  front[p=0.578 near=4815 v=11092]  right[p=0.361 near=7740 v=7740]
[robot_supervisor-10] [INFO] [1776701182.164553663] [robot_1.robot_supervisor]: Detected zone changed to CORNER
[image_processor-24] [INFO] [1776701182.178207863] [robot_3.image_processor]: Zone=CLEAR
[image_processor-23] [INFO] [1776701182.187996730] [robot_2.image_processor]: Zone=CORNER
[image_processor-21] [INFO] [1776701182.198222495] [robot_0.image_processor]: Zone=RIGHT  left[p=2.817 near=0 v=7337]  front[p=1.297 near=0 v=13487]  right[p=0.552 near=5224 v=7740]
[robot_supervisor-7] [INFO] [1776701182.198808526] [robot_0.robot_supervisor]: Detected zone changed to RIGHT
[image_processor-25] [INFO] [1776701182.205930136] [robot_4.image_processor]: Zone=LEFT
[robot_supervisor-19] [INFO] [1776701182.228215357] [robot_4.robot_supervisor]: Selected controllable event: EV_rotate_clockwise
[robot_supervisor-16] [INFO] [1776701182.453977768] [robot_3.robot_supervisor]: Selected controllable event: EV_move_forward
[robot_supervisor-16] [INFO] [1776701182.753542897] [robot_3.robot_supervisor]: Selected controllable event: EV_move_forward
[robot_supervisor-16] [INFO] [1776701183.053544911] [robot_3.robot_supervisor]: Selected controllable event: EV_move_forward
[robot_supervisor-13] [INFO] [1776701183.293164658] [robot_2.robot_supervisor]: Selected controllable event: EV_rotate_clockwise
[robot_supervisor-13] [INFO] [1776701183.293337374] [robot_2.robot_supervisor]: rotate_90 blocked by recent completion; stopping this tick
[robot_supervisor-16] [INFO] [1776701183.353529857] [robot_3.robot_supervisor]: Selected controllable event: EV_random_walk
[robot_supervisor-13] [INFO] [1776701183.393158630] [robot_2.robot_supervisor]: Selected controllable event: EV_rotate_clockwise
[robot_supervisor-13] [INFO] [1776701183.393330405] [robot_2.robot_supervisor]: rotate_90 blocked by recent completion; stopping this tick
[robot_supervisor-13] [INFO] [1776701183.493117186] [robot_2.robot_supervisor]: Selected controllable event: EV_rotate_clockwise
[robot_supervisor-13] [INFO] [1776701183.493285515] [robot_2.robot_supervisor]: rotate_90 blocked by recent completion; stopping this tick
[robot_supervisor-13] [INFO] [1776701183.593118065] [robot_2.robot_supervisor]: Selected controllable event: EV_rotate_clockwise
[robot_supervisor-16] [INFO] [1776701183.653700097] [robot_3.robot_supervisor]: Selected controllable event: EV_random_walk
[robot_supervisor-16] [INFO] [1776701183.953667780] [robot_3.robot_supervisor]: Selected controllable event: EV_random_walk
[robot_supervisor-7] [INFO] [1776701183.959359941] [robot_0.robot_supervisor]: Selected controllable event: EV_rotate_counterclockwise
[robot_supervisor-7] [INFO] [1776701183.959801525] [robot_0.robot_supervisor]: rotate_90 blocked by recent completion; stopping this tick
[robot_supervisor-10] [INFO] [1776701184.057985915] [robot_1.robot_supervisor]: Selected controllable event: EV_rotate_clockwise
[robot_supervisor-10] [INFO] [1776701184.058378085] [robot_1.robot_supervisor]: rotate_90 blocked by recent completion; stopping this tick
[robot_supervisor-7] [INFO] [1776701184.059614165] [robot_0.robot_supervisor]: Selected controllable event: EV_rotate_counterclockwise
[robot_supervisor-7] [INFO] [1776701184.059975752] [robot_0.robot_supervisor]: rotate_90 blocked by recent completion; stopping this tick
[robot_supervisor-10] [INFO] [1776701184.157810838] [robot_1.robot_supervisor]: Selected controllable event: EV_rotate_clockwise
[robot_supervisor-10] [INFO] [1776701184.157986856] [robot_1.robot_supervisor]: rotate_90 blocked by recent completion; stopping this tick
[robot_supervisor-7] [INFO] [1776701184.159685854] [robot_0.robot_supervisor]: Selected controllable event: EV_rotate_counterclockwise
[robot_supervisor-16] [INFO] [1776701184.253785492] [robot_3.robot_supervisor]: Selected controllable event: EV_random_walk
[robot_supervisor-10] [INFO] [1776701184.257786774] [robot_1.robot_supervisor]: Selected controllable event: EV_rotate_clockwise
[robot_supervisor-19] [INFO] [1776701184.428417011] [robot_4.robot_supervisor]: Selected controllable event: EV_rotate_clockwise
[robot_supervisor-19] [INFO] [1776701184.428806696] [robot_4.robot_supervisor]: rotate_90 blocked by recent completion; stopping this tick
[robot_supervisor-19] [INFO] [1776701184.528388624] [robot_4.robot_supervisor]: Selected controllable event: EV_rotate_clockwise
[robot_supervisor-19] [INFO] [1776701184.528756912] [robot_4.robot_supervisor]: rotate_90 blocked by recent completion; stopping this tick
[robot_supervisor-16] [INFO] [1776701184.553687097] [robot_3.robot_supervisor]: Selected controllable event: EV_random_walk
[robot_supervisor-19] [INFO] [1776701184.628640914] [robot_4.robot_supervisor]: Selected controllable event: EV_rotate_clockwise
[image_processor-22] [INFO] [1776701184.656537497] [robot_1.image_processor]: Zone=CORNER
[image_processor-23] [INFO] [1776701184.676681822] [robot_2.image_processor]: Zone=CORNER
[image_processor-21] [INFO] [1776701184.687348164] [robot_0.image_processor]: Zone=CORNER  left[p=0.587 near=7529 v=7650]  front[p=0.416 near=13500 v=13500]  right[p=0.348 near=7740 v=7740]
[robot_supervisor-7] [INFO] [1776701184.688057557] [robot_0.robot_supervisor]: Detected zone changed to CORNER
[image_processor-25] [INFO] [1776701184.697547261] [robot_4.image_processor]: Zone=CLEAR  left[p=2.201 near=0 v=7650]  front[p=2.881 near=0 v=12613]  right[p=3.103 near=0 v=5604]
[robot_supervisor-19] [INFO] [1776701184.698027824] [robot_4.robot_supervisor]: Detected zone changed to CLEAR
[image_processor-24] [INFO] [1776701184.770096610] [robot_3.image_processor]: Zone=CLEAR
[robot_supervisor-16] [INFO] [1776701184.853737064] [robot_3.robot_supervisor]: Selected controllable event: EV_random_walk
[robot_supervisor-16] [INFO] [1776701185.153804378] [robot_3.robot_supervisor]: Selected controllable event: EV_move_forward
[robot_supervisor-16] [INFO] [1776701185.453788742] [robot_3.robot_supervisor]: Selected controllable event: EV_move_forward
[robot_supervisor-13] [INFO] [1776701185.693224774] [robot_2.robot_supervisor]: Selected controllable event: EV_rotate_clockwise
[robot_supervisor-13] [INFO] [1776701185.693405696] [robot_2.robot_supervisor]: rotate_90 blocked by recent completion; stopping this tick
[robot_supervisor-16] [INFO] [1776701185.753567596] [robot_3.robot_supervisor]: Selected controllable event: EV_move_forward
[robot_supervisor-13] [INFO] [1776701185.793191888] [robot_2.robot_supervisor]: Selected controllable event: EV_rotate_clockwise
[robot_supervisor-13] [INFO] [1776701185.793401756] [robot_2.robot_supervisor]: rotate_90 blocked by recent completion; stopping this tick
[robot_supervisor-13] [INFO] [1776701185.893623635] [robot_2.robot_supervisor]: Selected controllable event: EV_rotate_clockwise
[robot_supervisor-13] [INFO] [1776701185.894131349] [robot_2.robot_supervisor]: rotate_90 blocked by recent completion; stopping this tick
[robot_supervisor-13] [INFO] [1776701185.993432164] [robot_2.robot_supervisor]: Selected controllable event: EV_rotate_clockwise
[robot_supervisor-16] [INFO] [1776701186.053533910] [robot_3.robot_supervisor]: Selected controllable event: EV_move_forward
[robot_supervisor-16] [INFO] [1776701186.353689965] [robot_3.robot_supervisor]: Selected controllable event: EV_move_forward
[robot_supervisor-7] [INFO] [1776701186.359618690] [robot_0.robot_supervisor]: Selected controllable event: EV_rotate_clockwise
[robot_supervisor-7] [INFO] [1776701186.360031908] [robot_0.robot_supervisor]: rotate_90 blocked by recent completion; stopping this tick
[robot_supervisor-10] [INFO] [1776701186.458006608] [robot_1.robot_supervisor]: Selected controllable event: EV_rotate_clockwise
[robot_supervisor-10] [INFO] [1776701186.458331527] [robot_1.robot_supervisor]: rotate_90 blocked by recent completion; stopping this tick
[robot_supervisor-7] [INFO] [1776701186.459424403] [robot_0.robot_supervisor]: Selected controllable event: EV_rotate_clockwise
[robot_supervisor-7] [INFO] [1776701186.459641197] [robot_0.robot_supervisor]: rotate_90 blocked by recent completion; stopping this tick
[robot_supervisor-10] [INFO] [1776701186.558109875] [robot_1.robot_supervisor]: Selected controllable event: EV_rotate_clockwise
[robot_supervisor-10] [INFO] [1776701186.558471088] [robot_1.robot_supervisor]: rotate_90 blocked by recent completion; stopping this tick
[robot_supervisor-7] [INFO] [1776701186.559581187] [robot_0.robot_supervisor]: Selected controllable event: EV_rotate_clockwise
[robot_supervisor-16] [INFO] [1776701186.653585939] [robot_3.robot_supervisor]: Selected controllable event: EV_move_forward
[robot_supervisor-10] [INFO] [1776701186.657804451] [robot_1.robot_supervisor]: Selected controllable event: EV_rotate_clockwise
[robot_supervisor-19] [INFO] [1776701186.728452987] [robot_4.robot_supervisor]: Selected controllable event: EV_random_walk
[robot_supervisor-16] [INFO] [1776701186.953758376] [robot_3.robot_supervisor]: Selected controllable event: EV_move_forward
[robot_supervisor-19] [INFO] [1776701187.028425372] [robot_4.robot_supervisor]: Selected controllable event: EV_random_walk
[image_processor-22] [INFO] [1776701187.153537073] [robot_1.image_processor]: Zone=CORNER
[image_processor-24] [INFO] [1776701187.166019329] [robot_3.image_processor]: Zone=CLEAR
[image_processor-23] [INFO] [1776701187.176255381] [robot_2.image_processor]: Zone=CORNER
[image_processor-21] [INFO] [1776701187.183899117] [robot_0.image_processor]: Zone=RIGHT  left[p=2.442 near=0 v=7650]  front[p=0.873 near=522 v=13487]  right[p=0.456 near=7740 v=7740]
[robot_supervisor-7] [INFO] [1776701187.184372364] [robot_0.robot_supervisor]: Detected zone changed to RIGHT
[image_processor-25] [INFO] [1776701187.197403017] [robot_4.image_processor]: Zone=CORNER  left[p=3.103 near=0 v=5582]  front[p=0.424 near=9080 v=11772]  right[p=0.356 near=7740 v=7740]
[robot_supervisor-19] [INFO] [1776701187.197975070] [robot_4.robot_supervisor]: Detected zone changed to CORNER
[robot_supervisor-16] [INFO] [1776701187.253592267] [robot_3.robot_supervisor]: Selected controllable event: EV_move_forward
[robot_supervisor-19] [INFO] [1776701187.328419687] [robot_4.robot_supervisor]: Selected controllable event: EV_rotate_clockwise
[robot_supervisor-16] [INFO] [1776701187.553698207] [robot_3.robot_supervisor]: Selected controllable event: EV_random_walk
[robot_supervisor-16] [INFO] [1776701187.853749308] [robot_3.robot_supervisor]: Selected controllable event: EV_random_walk
[robot_supervisor-13] [INFO] [1776701188.093390841] [robot_2.robot_supervisor]: Selected controllable event: EV_rotate_clockwise
[robot_supervisor-13] [INFO] [1776701188.093804590] [robot_2.robot_supervisor]: rotate_90 blocked by recent completion; stopping this tick
[robot_supervisor-16] [INFO] [1776701188.153776768] [robot_3.robot_supervisor]: Selected controllable event: EV_random_walk
[robot_supervisor-13] [INFO] [1776701188.193156130] [robot_2.robot_supervisor]: Selected controllable event: EV_rotate_clockwise
[robot_supervisor-13] [INFO] [1776701188.193369169] [robot_2.robot_supervisor]: rotate_90 blocked by recent completion; stopping this tick
[robot_supervisor-13] [INFO] [1776701188.293621284] [robot_2.robot_supervisor]: Selected controllable event: EV_rotate_clockwise
[robot_supervisor-13] [INFO] [1776701188.293939141] [robot_2.robot_supervisor]: rotate_90 blocked by recent completion; stopping this tick
[robot_supervisor-13] [INFO] [1776701188.393400867] [robot_2.robot_supervisor]: Selected controllable event: EV_rotate_clockwise
[robot_supervisor-16] [INFO] [1776701188.453760489] [robot_3.robot_supervisor]: Selected controllable event: EV_random_walk
[robot_supervisor-7] [INFO] [1776701188.659834625] [robot_0.robot_supervisor]: Selected controllable event: EV_rotate_counterclockwise
[robot_supervisor-7] [INFO] [1776701188.660185383] [robot_0.robot_supervisor]: rotate_90 blocked by recent completion; stopping this tick
[robot_supervisor-16] [INFO] [1776701188.753680702] [robot_3.robot_supervisor]: Selected controllable event: EV_move_forward
[robot_supervisor-10] [INFO] [1776701188.758105140] [robot_1.robot_supervisor]: Selected controllable event: EV_rotate_clockwise
[robot_supervisor-10] [INFO] [1776701188.758438095] [robot_1.robot_supervisor]: rotate_90 blocked by recent completion; stopping this tick
[robot_supervisor-7] [INFO] [1776701188.759531858] [robot_0.robot_supervisor]: Selected controllable event: EV_rotate_counterclockwise
[robot_supervisor-7] [INFO] [1776701188.759810166] [robot_0.robot_supervisor]: rotate_90 blocked by recent completion; stopping this tick
[robot_supervisor-10] [INFO] [1776701188.857997164] [robot_1.robot_supervisor]: Selected controllable event: EV_rotate_clockwise
[robot_supervisor-10] [INFO] [1776701188.858357575] [robot_1.robot_supervisor]: rotate_90 blocked by recent completion; stopping this tick
[robot_supervisor-7] [INFO] [1776701188.859582968] [robot_0.robot_supervisor]: Selected controllable event: EV_rotate_counterclockwise
[robot_supervisor-7] [INFO] [1776701188.859954816] [robot_0.robot_supervisor]: rotate_90 blocked by recent completion; stopping this tick
[robot_supervisor-10] [INFO] [1776701188.958083419] [robot_1.robot_supervisor]: Selected controllable event: EV_rotate_clockwise
[robot_supervisor-10] [INFO] [1776701188.958441981] [robot_1.robot_supervisor]: rotate_90 blocked by recent completion; stopping this tick
[robot_supervisor-7] [INFO] [1776701188.959571963] [robot_0.robot_supervisor]: Selected controllable event: EV_rotate_counterclockwise
[robot_supervisor-16] [INFO] [1776701189.053704542] [robot_3.robot_supervisor]: Selected controllable event: EV_move_forward
[robot_supervisor-10] [INFO] [1776701189.057943216] [robot_1.robot_supervisor]: Selected controllable event: EV_rotate_clockwise
[robot_supervisor-16] [INFO] [1776701189.353768386] [robot_3.robot_supervisor]: Selected controllable event: EV_move_forward
[robot_supervisor-19] [INFO] [1776701189.428207909] [robot_4.robot_supervisor]: Selected controllable event: EV_rotate_clockwise
[robot_supervisor-19] [INFO] [1776701189.428392727] [robot_4.robot_supervisor]: rotate_90 blocked by recent completion; stopping this tick
[robot_supervisor-19] [INFO] [1776701189.528151366] [robot_4.robot_supervisor]: Selected controllable event: EV_rotate_clockwise
[robot_supervisor-19] [INFO] [1776701189.528366812] [robot_4.robot_supervisor]: rotate_90 blocked by recent completion; stopping this tick
[robot_supervisor-19] [INFO] [1776701189.628141677] [robot_4.robot_supervisor]: Selected controllable event: EV_rotate_clockwise
[robot_supervisor-19] [INFO] [1776701189.628334050] [robot_4.robot_supervisor]: rotate_90 blocked by recent completion; stopping this tick
[robot_supervisor-16] [INFO] [1776701189.653690637] [robot_3.robot_supervisor]: Selected controllable event: EV_move_forward
[image_processor-22] [INFO] [1776701189.660448435] [robot_1.image_processor]: Zone=CLEAR  left[p=1.317 near=0 v=7630]  front[p=2.534 near=0 v=9887]  right[p=2.782 near=0 v=4785]
[robot_supervisor-10] [INFO] [1776701189.661189949] [robot_1.robot_supervisor]: Detected zone changed to CLEAR
[image_processor-24] [INFO] [1776701189.673701885] [robot_3.image_processor]: Zone=CLEAR
[image_processor-23] [INFO] [1776701189.696876817] [robot_2.image_processor]: Zone=LEFT  left[p=0.767 near=1901 v=7647]  front[p=1.819 near=0 v=5695]  right[p=1.253 near=0 v=5528]
[robot_supervisor-13] [INFO] [1776701189.697554217] [robot_2.robot_supervisor]: Detected zone changed to LEFT
[image_processor-21] [INFO] [1776701189.705421944] [robot_0.image_processor]: Zone=CORNER  left[p=0.754 near=1681 v=7650]  front[p=0.432 near=13500 v=13500]  right[p=0.338 near=7740 v=7740]
[robot_supervisor-7] [INFO] [1776701189.706164785] [robot_0.robot_supervisor]: Detected zone changed to CORNER
[image_processor-25] [INFO] [1776701189.717472447] [robot_4.image_processor]: Zone=LEFT  left[p=0.525 near=1816 v=6482]  front[p=2.211 near=0 v=13261]  right[p=1.603 near=0 v=7740]
[robot_supervisor-19] [INFO] [1776701189.718312481] [robot_4.robot_supervisor]: Detected zone changed to LEFT
[robot_supervisor-19] [INFO] [1776701189.728287305] [robot_4.robot_supervisor]: Selected controllable event: EV_rotate_clockwise
[robot_supervisor-16] [INFO] [1776701189.953508256] [robot_3.robot_supervisor]: Selected controllable event: EV_move_forward
[robot_supervisor-16] [INFO] [1776701190.253703181] [robot_3.robot_supervisor]: Selected controllable event: EV_move_forward
[robot_supervisor-13] [INFO] [1776701190.493374010] [robot_2.robot_supervisor]: Selected controllable event: EV_rotate_clockwise
[robot_supervisor-13] [INFO] [1776701190.493698944] [robot_2.robot_supervisor]: rotate_90 blocked by recent completion; stopping this tick
[robot_supervisor-16] [INFO] [1776701190.553728721] [robot_3.robot_supervisor]: Selected controllable event: EV_move_forward
[robot_supervisor-13] [INFO] [1776701190.593340342] [robot_2.robot_supervisor]: Selected controllable event: EV_rotate_clockwise
[robot_supervisor-13] [INFO] [1776701190.593702619] [robot_2.robot_supervisor]: rotate_90 blocked by recent completion; stopping this tick
[robot_supervisor-13] [INFO] [1776701190.693209249] [robot_2.robot_supervisor]: Selected controllable event: EV_rotate_clockwise
[robot_supervisor-13] [INFO] [1776701190.693411166] [robot_2.robot_supervisor]: rotate_90 blocked by recent completion; stopping this tick
[robot_supervisor-13] [INFO] [1776701190.793548219] [robot_2.robot_supervisor]: Selected controllable event: EV_rotate_clockwise
[robot_supervisor-16] [INFO] [1776701190.853461220] [robot_3.robot_supervisor]: Selected controllable event: EV_move_forward
[robot_supervisor-7] [INFO] [1776701191.059388194] [robot_0.robot_supervisor]: Selected controllable event: EV_rotate_clockwise
[robot_supervisor-7] [INFO] [1776701191.059601294] [robot_0.robot_supervisor]: rotate_90 blocked by recent completion; stopping this tick
[robot_supervisor-16] [INFO] [1776701191.153617094] [robot_3.robot_supervisor]: Selected controllable event: EV_random_walk
[robot_supervisor-10] [INFO] [1776701191.157843462] [robot_1.robot_supervisor]: Selected controllable event: EV_random_walk
[robot_supervisor-7] [INFO] [1776701191.159419010] [robot_0.robot_supervisor]: Selected controllable event: EV_rotate_clockwise
[robot_supervisor-7] [INFO] [1776701191.159609671] [robot_0.robot_supervisor]: rotate_90 blocked by recent completion; stopping this tick
[robot_supervisor-7] [INFO] [1776701191.259679006] [robot_0.robot_supervisor]: Selected controllable event: EV_rotate_clockwise
[robot_supervisor-7] [INFO] [1776701191.260094540] [robot_0.robot_supervisor]: rotate_90 blocked by recent completion; stopping this tick
[robot_supervisor-7] [INFO] [1776701191.359641151] [robot_0.robot_supervisor]: Selected controllable event: EV_rotate_clockwise
[robot_supervisor-16] [INFO] [1776701191.453589575] [robot_3.robot_supervisor]: Selected controllable event: EV_random_walk
[robot_supervisor-10] [INFO] [1776701191.457831665] [robot_1.robot_supervisor]: Selected controllable event: EV_random_walk
[robot_supervisor-16] [INFO] [1776701191.753728051] [robot_3.robot_supervisor]: Selected controllable event: EV_random_walk
[robot_supervisor-10] [INFO] [1776701191.758022709] [robot_1.robot_supervisor]: Selected controllable event: EV_move_forward
[robot_supervisor-19] [INFO] [1776701191.928365294] [robot_4.robot_supervisor]: Selected controllable event: EV_rotate_clockwise
[robot_supervisor-19] [INFO] [1776701191.928728105] [robot_4.robot_supervisor]: rotate_90 blocked by recent completion; stopping this tick
[robot_supervisor-19] [INFO] [1776701192.028397658] [robot_4.robot_supervisor]: Selected controllable event: EV_rotate_clockwise
[robot_supervisor-19] [INFO] [1776701192.028818222] [robot_4.robot_supervisor]: rotate_90 blocked by recent completion; stopping this tick
[robot_supervisor-16] [INFO] [1776701192.053473886] [robot_3.robot_supervisor]: Selected controllable event: EV_random_walk
[robot_supervisor-10] [INFO] [1776701192.057770555] [robot_1.robot_supervisor]: Selected controllable event: EV_move_forward
[robot_supervisor-19] [INFO] [1776701192.128344737] [robot_4.robot_supervisor]: Selected controllable event: EV_rotate_clockwise
[image_processor-22] [INFO] [1776701192.161870440] [robot_1.image_processor]: Zone=CORNER  left[p=2.782 near=0 v=4727]  front[p=0.419 near=8322 v=11946]  right[p=0.271 near=7740 v=7740]
[robot_supervisor-10] [INFO] [1776701192.162728558] [robot_1.robot_supervisor]: Detected zone changed to CORNER
[image_processor-24] [INFO] [1776701192.174788581] [robot_3.image_processor]: Zone=CLEAR
[image_processor-23] [INFO] [1776701192.184750240] [robot_2.image_processor]: Zone=CORNER  left[p=0.800 near=772 v=7650]  front[p=0.412 near=13462 v=13500]  right[p=0.314 near=7740 v=7740]
[robot_supervisor-13] [INFO] [1776701192.185539675] [robot_2.robot_supervisor]: Detected zone changed to CORNER
[image_processor-21] [INFO] [1776701192.191930867] [robot_0.image_processor]: Zone=CORNER
[image_processor-25] [INFO] [1776701192.203272977] [robot_4.image_processor]: Zone=LEFT
[robot_supervisor-16] [INFO] [1776701192.353742110] [robot_3.robot_supervisor]: Selected controllable event: EV_move_forward
[robot_supervisor-10] [INFO] [1776701192.357988582] [robot_1.robot_supervisor]: Selected controllable event: EV_rotate_clockwise
[robot_supervisor-16] [INFO] [1776701192.653763442] [robot_3.robot_supervisor]: Selected controllable event: EV_move_forward
[robot_supervisor-16] [INFO] [1776701192.953628180] [robot_3.robot_supervisor]: Selected controllable event: EV_random_walk
[robot_supervisor-13] [INFO] [1776701192.993357376] [robot_2.robot_supervisor]: Selected controllable event: EV_rotate_clockwise
[robot_supervisor-13] [INFO] [1776701192.993718994] [robot_2.robot_supervisor]: rotate_90 blocked by recent completion; stopping this tick
[robot_supervisor-13] [INFO] [1776701193.093355728] [robot_2.robot_supervisor]: Selected controllable event: EV_rotate_clockwise
[robot_supervisor-13] [INFO] [1776701193.093765375] [robot_2.robot_supervisor]: rotate_90 blocked by recent completion; stopping this tick
[robot_supervisor-13] [INFO] [1776701193.193208327] [robot_2.robot_supervisor]: Selected controllable event: EV_rotate_clockwise
[robot_supervisor-16] [INFO] [1776701193.253987317] [robot_3.robot_supervisor]: Selected controllable event: EV_random_walk
[robot_supervisor-16] [INFO] [1776701193.553930861] [robot_3.robot_supervisor]: Selected controllable event: EV_move_forward
[robot_supervisor-7] [INFO] [1776701193.559575552] [robot_0.robot_supervisor]: Selected controllable event: EV_rotate_clockwise
[robot_supervisor-7] [INFO] [1776701193.559936624] [robot_0.robot_supervisor]: rotate_90 blocked by recent completion; stopping this tick
[robot_supervisor-7] [INFO] [1776701193.659658618] [robot_0.robot_supervisor]: Selected controllable event: EV_rotate_clockwise
[robot_supervisor-7] [INFO] [1776701193.660034733] [robot_0.robot_supervisor]: rotate_90 blocked by recent completion; stopping this tick
[robot_supervisor-7] [INFO] [1776701193.759824466] [robot_0.robot_supervisor]: Selected controllable event: EV_rotate_clockwise
[robot_supervisor-16] [INFO] [1776701193.853690532] [robot_3.robot_supervisor]: Selected controllable event: EV_move_forward
[robot_supervisor-16] [INFO] [1776701194.154211109] [robot_3.robot_supervisor]: Selected controllable event: EV_move_forward
[robot_supervisor-19] [INFO] [1776701194.228374678] [robot_4.robot_supervisor]: Selected controllable event: EV_rotate_clockwise
[robot_supervisor-19] [INFO] [1776701194.228711692] [robot_4.robot_supervisor]: rotate_90 blocked by recent completion; stopping this tick
[robot_supervisor-19] [INFO] [1776701194.328330401] [robot_4.robot_supervisor]: Selected controllable event: EV_rotate_clockwise
[robot_supervisor-19] [INFO] [1776701194.328708561] [robot_4.robot_supervisor]: rotate_90 blocked by recent completion; stopping this tick
[robot_supervisor-19] [INFO] [1776701194.428155842] [robot_4.robot_supervisor]: Selected controllable event: EV_rotate_clockwise
[robot_supervisor-19] [INFO] [1776701194.428398986] [robot_4.robot_supervisor]: rotate_90 blocked by recent completion; stopping this tick
[robot_supervisor-16] [INFO] [1776701194.453747433] [robot_3.robot_supervisor]: Selected controllable event: EV_move_forward
[robot_supervisor-10] [INFO] [1776701194.458050847] [robot_1.robot_supervisor]: Selected controllable event: EV_rotate_clockwise
[robot_supervisor-10] [INFO] [1776701194.458592929] [robot_1.robot_supervisor]: rotate_90 blocked by recent completion; stopping this tick
[robot_supervisor-19] [INFO] [1776701194.528427026] [robot_4.robot_supervisor]: Selected controllable event: EV_rotate_clockwise
[robot_supervisor-10] [INFO] [1776701194.557999438] [robot_1.robot_supervisor]: Selected controllable event: EV_rotate_clockwise
[robot_supervisor-10] [INFO] [1776701194.558355290] [robot_1.robot_supervisor]: rotate_90 blocked by recent completion; stopping this tick
[image_processor-22] [INFO] [1776701194.654791386] [robot_1.image_processor]: Zone=CORNER
[robot_supervisor-10] [INFO] [1776701194.657911041] [robot_1.robot_supervisor]: Selected controllable event: EV_rotate_clockwise
[robot_supervisor-10] [INFO] [1776701194.658176760] [robot_1.robot_supervisor]: rotate_90 blocked by recent completion; stopping this tick
[image_processor-24] [INFO] [1776701194.668308361] [robot_3.image_processor]: Zone=CLEAR
[image_processor-23] [INFO] [1776701194.676257595] [robot_2.image_processor]: Zone=CORNER
[image_processor-21] [INFO] [1776701194.684782277] [robot_0.image_processor]: Zone=CORNER
[image_processor-25] [INFO] [1776701194.700299738] [robot_4.image_processor]: Zone=CLEAR  left[p=2.288 near=0 v=7650]  front[p=3.131 near=0 v=11311]  right[p=3.103 near=0 v=5694]
[robot_supervisor-19] [INFO] [1776701194.700904357] [robot_4.robot_supervisor]: Detected zone changed to CLEAR
[robot_supervisor-16] [INFO] [1776701194.753774480] [robot_3.robot_supervisor]: Selected controllable event: EV_random_walk
[robot_supervisor-10] [INFO] [1776701194.758272173] [robot_1.robot_supervisor]: Selected controllable event: EV_rotate_clockwise
[robot_supervisor-16] [INFO] [1776701195.053719570] [robot_3.robot_supervisor]: Selected controllable event: EV_random_walk
[robot_supervisor-16] [INFO] [1776701195.353515240] [robot_3.robot_supervisor]: Selected controllable event: EV_move_forward
[robot_supervisor-13] [INFO] [1776701195.393339253] [robot_2.robot_supervisor]: Selected controllable event: EV_rotate_clockwise
[robot_supervisor-13] [INFO] [1776701195.393670226] [robot_2.robot_supervisor]: rotate_90 blocked by recent completion; stopping this tick
[robot_supervisor-13] [INFO] [1776701195.493086976] [robot_2.robot_supervisor]: Selected controllable event: EV_rotate_clockwise
[robot_supervisor-13] [INFO] [1776701195.493397442] [robot_2.robot_supervisor]: rotate_90 blocked by recent completion; stopping this tick
[robot_supervisor-13] [INFO] [1776701195.593554313] [robot_2.robot_supervisor]: Selected controllable event: EV_rotate_clockwise
[robot_supervisor-16] [INFO] [1776701195.653583664] [robot_3.robot_supervisor]: Selected controllable event: EV_move_forward
[robot_supervisor-7] [INFO] [1776701195.859672631] [robot_0.robot_supervisor]: Selected controllable event: EV_rotate_clockwise
[robot_supervisor-7] [INFO] [1776701195.860246684] [robot_0.robot_supervisor]: rotate_90 blocked by recent completion; stopping this tick
[robot_supervisor-16] [INFO] [1776701195.953934195] [robot_3.robot_supervisor]: Selected controllable event: EV_random_walk
[robot_supervisor-7] [INFO] [1776701195.959636057] [robot_0.robot_supervisor]: Selected controllable event: EV_rotate_clockwise
[robot_supervisor-7] [INFO] [1776701195.959957683] [robot_0.robot_supervisor]: rotate_90 blocked by recent completion; stopping this tick
[robot_supervisor-7] [INFO] [1776701196.059595447] [robot_0.robot_supervisor]: Selected controllable event: EV_rotate_clockwise
[robot_supervisor-7] [INFO] [1776701196.060020451] [robot_0.robot_supervisor]: rotate_90 blocked by recent completion; stopping this tick
[robot_supervisor-7] [INFO] [1776701196.159688560] [robot_0.robot_supervisor]: Selected controllable event: EV_rotate_clockwise
[robot_supervisor-16] [INFO] [1776701196.253597862] [robot_3.robot_supervisor]: Selected controllable event: EV_random_walk
[robot_supervisor-16] [INFO] [1776701196.553707898] [robot_3.robot_supervisor]: Selected controllable event: EV_random_walk
[robot_supervisor-19] [INFO] [1776701196.728758550] [robot_4.robot_supervisor]: Selected controllable event: EV_random_walk
[robot_supervisor-16] [INFO] [1776701196.853548481] [robot_3.robot_supervisor]: Selected controllable event: EV_random_walk
[robot_supervisor-10] [INFO] [1776701196.858099553] [robot_1.robot_supervisor]: Selected controllable event: EV_rotate_clockwise
[robot_supervisor-10] [INFO] [1776701196.858527832] [robot_1.robot_supervisor]: rotate_90 blocked by recent completion; stopping this tick
[robot_supervisor-10] [INFO] [1776701196.957864605] [robot_1.robot_supervisor]: Selected controllable event: EV_rotate_clockwise
[robot_supervisor-10] [INFO] [1776701196.958087305] [robot_1.robot_supervisor]: rotate_90 blocked by recent completion; stopping this tick
[robot_supervisor-19] [INFO] [1776701197.028389287] [robot_4.robot_supervisor]: Selected controllable event: EV_random_walk
[robot_supervisor-10] [INFO] [1776701197.057997046] [robot_1.robot_supervisor]: Selected controllable event: EV_rotate_clockwise
[robot_supervisor-10] [INFO] [1776701197.058361571] [robot_1.robot_supervisor]: rotate_90 blocked by recent completion; stopping this tick
[image_processor-22] [INFO] [1776701197.153759053] [robot_1.image_processor]: Zone=LEFT  left[p=0.793 near=1429 v=7650]  front[p=0.826 near=7 v=13500]  right[p=0.870 near=0 v=7740]
[robot_supervisor-16] [INFO] [1776701197.153963272] [robot_3.robot_supervisor]: Selected controllable event: EV_move_forward
[robot_supervisor-10] [INFO] [1776701197.154457164] [robot_1.robot_supervisor]: Detected zone changed to LEFT
[robot_supervisor-10] [INFO] [1776701197.157863971] [robot_1.robot_supervisor]: Selected controllable event: EV_rotate_clockwise
[image_processor-24] [INFO] [1776701197.166098071] [robot_3.image_processor]: Zone=CLEAR
[image_processor-23] [INFO] [1776701197.179748438] [robot_2.image_processor]: Zone=LEFT  left[p=0.630 near=4788 v=7650]  front[p=1.051 near=0 v=13484]  right[p=0.855 near=0 v=7740]
[robot_supervisor-13] [INFO] [1776701197.180488198] [robot_2.robot_supervisor]: Detected zone changed to LEFT
[image_processor-21] [INFO] [1776701197.194744998] [robot_0.image_processor]: Zone=CORNER
[image_processor-25] [INFO] [1776701197.206342502] [robot_4.image_processor]: Zone=CORNER  left[p=2.679 near=204 v=5455]  front[p=0.290 near=13474 v=13474]  right[p=0.264 near=7740 v=7740]
[robot_supervisor-19] [INFO] [1776701197.207041109] [robot_4.robot_supervisor]: Detected zone changed to CORNER
[robot_supervisor-19] [INFO] [1776701197.328357227] [robot_4.robot_supervisor]: Selected controllable event: EV_rotate_clockwise
[robot_supervisor-16] [INFO] [1776701197.453867099] [robot_3.robot_supervisor]: Selected controllable event: EV_move_forward
[robot_supervisor-16] [INFO] [1776701197.753878741] [robot_3.robot_supervisor]: Selected controllable event: EV_move_forward
[robot_supervisor-13] [INFO] [1776701197.793387013] [robot_2.robot_supervisor]: Selected controllable event: EV_rotate_clockwise
[robot_supervisor-13] [INFO] [1776701197.793776846] [robot_2.robot_supervisor]: rotate_90 blocked by recent completion; stopping this tick
[robot_supervisor-13] [INFO] [1776701197.893355883] [robot_2.robot_supervisor]: Selected controllable event: EV_rotate_clockwise
[robot_supervisor-13] [INFO] [1776701197.893714053] [robot_2.robot_supervisor]: rotate_90 blocked by recent completion; stopping this tick
[robot_supervisor-13] [INFO] [1776701197.993378278] [robot_2.robot_supervisor]: Selected controllable event: EV_rotate_clockwise
[robot_supervisor-16] [INFO] [1776701198.053710593] [robot_3.robot_supervisor]: Selected controllable event: EV_move_forward
[robot_supervisor-7] [INFO] [1776701198.259672862] [robot_0.robot_supervisor]: Selected controllable event: EV_rotate_clockwise
[robot_supervisor-7] [INFO] [1776701198.259924432] [robot_0.robot_supervisor]: rotate_90 blocked by recent completion; stopping this tick
[bump_counter-3] [INFO] [1776701198.350690030] [bump_counter]: [global] bump #9 (obstacle) with: cylinder1::link::collision
[robot_supervisor-16] [INFO] [1776701198.353752602] [robot_3.robot_supervisor]: Selected controllable event: EV_move_forward
[robot_supervisor-7] [INFO] [1776701198.359618839] [robot_0.robot_supervisor]: Selected controllable event: EV_rotate_clockwise
[robot_supervisor-7] [INFO] [1776701198.359985643] [robot_0.robot_supervisor]: rotate_90 blocked by recent completion; stopping this tick
[robot_supervisor-7] [INFO] [1776701198.459592363] [robot_0.robot_supervisor]: Selected controllable event: EV_rotate_clockwise
[robot_supervisor-7] [INFO] [1776701198.460098653] [robot_0.robot_supervisor]: rotate_90 blocked by recent completion; stopping this tick
[robot_supervisor-7] [INFO] [1776701198.559498438] [robot_0.robot_supervisor]: Selected controllable event: EV_rotate_clockwise
[robot_supervisor-16] [INFO] [1776701198.653790987] [robot_3.robot_supervisor]: Selected controllable event: EV_move_forward
[robot_supervisor-16] [INFO] [1776701198.953716339] [robot_3.robot_supervisor]: Selected controllable event: EV_random_walk
[robot_supervisor-16] [INFO] [1776701199.253768050] [robot_3.robot_supervisor]: Selected controllable event: EV_random_walk
[robot_supervisor-10] [INFO] [1776701199.258059537] [robot_1.robot_supervisor]: Selected controllable event: EV_rotate_clockwise
[robot_supervisor-10] [INFO] [1776701199.258424606] [robot_1.robot_supervisor]: rotate_90 blocked by recent completion; stopping this tick
[robot_supervisor-10] [INFO] [1776701199.357984658] [robot_1.robot_supervisor]: Selected controllable event: EV_rotate_clockwise
[robot_supervisor-10] [INFO] [1776701199.358336564] [robot_1.robot_supervisor]: rotate_90 blocked by recent completion; stopping this tick
[robot_supervisor-10] [INFO] [1776701199.458094828] [robot_1.robot_supervisor]: Selected controllable event: EV_rotate_clockwise
[robot_supervisor-10] [INFO] [1776701199.458479984] [robot_1.robot_supervisor]: rotate_90 blocked by recent completion; stopping this tick
[robot_supervisor-16] [INFO] [1776701199.553764579] [robot_3.robot_supervisor]: Selected controllable event: EV_random_walk
[robot_supervisor-10] [INFO] [1776701199.557976875] [robot_1.robot_supervisor]: Selected controllable event: EV_rotate_clockwise
[robot_supervisor-19] [INFO] [1776701199.628655868] [robot_4.robot_supervisor]: Selected controllable event: EV_rotate_clockwise
[robot_supervisor-19] [INFO] [1776701199.629141197] [robot_4.robot_supervisor]: rotate_90 blocked by recent completion; stopping this tick
[image_processor-22] [INFO] [1776701199.659427042] [robot_1.image_processor]: Zone=LEFT
[image_processor-24] [INFO] [1776701199.670653844] [robot_3.image_processor]: Zone=LEFT  left[p=0.534 near=7650 v=7650]  front[p=0.608 near=6570 v=11938]  right[p=3.369 near=0 v=6487]
[robot_supervisor-16] [INFO] [1776701199.671372411] [robot_3.robot_supervisor]: Detected zone changed to LEFT
[image_processor-23] [INFO] [1776701199.687995065] [robot_2.image_processor]: Zone=RIGHT  left[p=2.520 near=0 v=3197]  front[p=1.621 near=0 v=8611]  right[p=0.754 near=1387 v=7740]
[robot_supervisor-13] [INFO] [1776701199.688532499] [robot_2.robot_supervisor]: Detected zone changed to RIGHT
[image_processor-21] [INFO] [1776701199.703070297] [robot_0.image_processor]: Zone=CLEAR  left[p=2.819 near=0 v=4886]  front[p=2.820 near=0 v=10267]  right[p=1.935 near=0 v=7740]
[robot_supervisor-7] [INFO] [1776701199.703823402] [robot_0.robot_supervisor]: Detected zone changed to CLEAR
[image_processor-25] [INFO] [1776701199.712787060] [robot_4.image_processor]: Zone=CLEAR  left[p=3.283 near=0 v=7109]  front[p=2.136 near=0 v=13500]  right[p=1.696 near=0 v=7740]
[robot_supervisor-19] [INFO] [1776701199.713472212] [robot_4.robot_supervisor]: Detected zone changed to CLEAR
[robot_supervisor-19] [INFO] [1776701199.728227372] [robot_4.robot_supervisor]: Selected controllable event: EV_move_forward
[robot_supervisor-16] [INFO] [1776701199.853806906] [robot_3.robot_supervisor]: Selected controllable event: EV_rotate_clockwise
[robot_supervisor-19] [INFO] [1776701200.028396348] [robot_4.robot_supervisor]: Selected controllable event: EV_move_forward
[robot_supervisor-13] [INFO] [1776701200.193665355] [robot_2.robot_supervisor]: Selected controllable event: EV_rotate_counterclockwise
[robot_supervisor-13] [INFO] [1776701200.194004501] [robot_2.robot_supervisor]: rotate_90 blocked by recent completion; stopping this tick
[robot_supervisor-13] [INFO] [1776701200.293546112] [robot_2.robot_supervisor]: Selected controllable event: EV_rotate_counterclockwise
[robot_supervisor-13] [INFO] [1776701200.294047688] [robot_2.robot_supervisor]: rotate_90 blocked by recent completion; stopping this tick
[robot_supervisor-19] [INFO] [1776701200.328342191] [robot_4.robot_supervisor]: Selected controllable event: EV_move_forward
[robot_supervisor-13] [INFO] [1776701200.393374570] [robot_2.robot_supervisor]: Selected controllable event: EV_rotate_counterclockwise
[robot_supervisor-19] [INFO] [1776701200.628358446] [robot_4.robot_supervisor]: Selected controllable event: EV_move_forward
[robot_supervisor-7] [INFO] [1776701200.659648377] [robot_0.robot_supervisor]: Selected controllable event: EV_move_forward
[robot_supervisor-19] [INFO] [1776701200.928347704] [robot_4.robot_supervisor]: Selected controllable event: EV_random_walk
[robot_supervisor-7] [INFO] [1776701200.959358204] [robot_0.robot_supervisor]: Selected controllable event: EV_move_forward
[robot_supervisor-19] [INFO] [1776701201.228503806] [robot_4.robot_supervisor]: Selected controllable event: EV_random_walk
[robot_supervisor-7] [INFO] [1776701201.259748631] [robot_0.robot_supervisor]: Selected controllable event: EV_random_walk
[robot_supervisor-19] [INFO] [1776701201.528499131] [robot_4.robot_supervisor]: Selected controllable event: EV_random_walk
[robot_supervisor-7] [INFO] [1776701201.559638393] [robot_0.robot_supervisor]: Selected controllable event: EV_random_walk
[robot_supervisor-10] [INFO] [1776701201.758041491] [robot_1.robot_supervisor]: Selected controllable event: EV_rotate_clockwise
[robot_supervisor-10] [INFO] [1776701201.758373732] [robot_1.robot_supervisor]: rotate_90 blocked by recent completion; stopping this tick
[robot_supervisor-19] [INFO] [1776701201.828357153] [robot_4.robot_supervisor]: Selected controllable event: EV_random_walk
[robot_supervisor-10] [INFO] [1776701201.858059626] [robot_1.robot_supervisor]: Selected controllable event: EV_rotate_clockwise
[robot_supervisor-10] [INFO] [1776701201.858407503] [robot_1.robot_supervisor]: rotate_90 blocked by recent completion; stopping this tick
[robot_supervisor-7] [INFO] [1776701201.859749320] [robot_0.robot_supervisor]: Selected controllable event: EV_move_forward
[robot_supervisor-16] [INFO] [1776701201.953978421] [robot_3.robot_supervisor]: Selected controllable event: EV_rotate_clockwise
[robot_supervisor-16] [INFO] [1776701201.954464171] [robot_3.robot_supervisor]: rotate_90 blocked by recent completion; stopping this tick
[robot_supervisor-10] [INFO] [1776701201.958066057] [robot_1.robot_supervisor]: Selected controllable event: EV_rotate_clockwise
[robot_supervisor-16] [INFO] [1776701202.053748733] [robot_3.robot_supervisor]: Selected controllable event: EV_rotate_clockwise
[robot_supervisor-16] [INFO] [1776701202.054131407] [robot_3.robot_supervisor]: rotate_90 blocked by recent completion; stopping this tick
[robot_supervisor-19] [INFO] [1776701202.128380774] [robot_4.robot_supervisor]: Selected controllable event: EV_move_forward
[robot_supervisor-16] [INFO] [1776701202.153746431] [robot_3.robot_supervisor]: Selected controllable event: EV_rotate_clockwise
[image_processor-22] [INFO] [1776701202.159689934] [robot_1.image_processor]: Zone=CORNER  left[p=0.802 near=503 v=5175]  front[p=0.317 near=13458 v=13500]  right[p=0.227 near=7740 v=7740]
[robot_supervisor-7] [INFO] [1776701202.159715065] [robot_0.robot_supervisor]: Selected controllable event: EV_move_forward
[robot_supervisor-10] [INFO] [1776701202.160542128] [robot_1.robot_supervisor]: Detected zone changed to CORNER
[image_processor-24] [INFO] [1776701202.175295681] [robot_3.image_processor]: Zone=LEFT
[image_processor-23] [INFO] [1776701202.193468257] [robot_2.image_processor]: Zone=RIGHT
[image_processor-21] [INFO] [1776701202.202227844] [robot_0.image_processor]: Zone=RIGHT  left[p=2.413 near=0 v=7650]  front[p=1.119 near=0 v=13499]  right[p=0.505 near=6338 v=7740]
[robot_supervisor-7] [INFO] [1776701202.202755142] [robot_0.robot_supervisor]: Detected zone changed to RIGHT
[image_processor-25] [INFO] [1776701202.211425412] [robot_4.image_processor]: Zone=CLEAR
[robot_supervisor-19] [INFO] [1776701202.428362835] [robot_4.robot_supervisor]: Selected controllable event: EV_move_forward
[robot_supervisor-7] [INFO] [1776701202.459683703] [robot_0.robot_supervisor]: Selected controllable event: EV_rotate_counterclockwise
[robot_supervisor-13] [INFO] [1776701202.593378964] [robot_2.robot_supervisor]: Selected controllable event: EV_rotate_counterclockwise
[robot_supervisor-13] [INFO] [1776701202.593750764] [robot_2.robot_supervisor]: rotate_90 blocked by recent completion; stopping this tick
[robot_supervisor-13] [INFO] [1776701202.693370609] [robot_2.robot_supervisor]: Selected controllable event: EV_rotate_counterclockwise
[robot_supervisor-13] [INFO] [1776701202.693573769] [robot_2.robot_supervisor]: rotate_90 blocked by recent completion; stopping this tick
[robot_supervisor-19] [INFO] [1776701202.728761537] [robot_4.robot_supervisor]: Selected controllable event: EV_random_walk
[robot_supervisor-13] [INFO] [1776701202.793162054] [robot_2.robot_supervisor]: Selected controllable event: EV_rotate_counterclockwise
[robot_supervisor-19] [INFO] [1776701203.028485534] [robot_4.robot_supervisor]: Selected controllable event: EV_random_walk
[robot_supervisor-19] [INFO] [1776701203.328624085] [robot_4.robot_supervisor]: Selected controllable event: EV_move_forward
[robot_supervisor-19] [INFO] [1776701203.628302446] [robot_4.robot_supervisor]: Selected controllable event: EV_move_forward
[robot_supervisor-19] [INFO] [1776701203.928455820] [robot_4.robot_supervisor]: Selected controllable event: EV_random_walk
[robot_supervisor-10] [INFO] [1776701204.158013095] [robot_1.robot_supervisor]: Selected controllable event: EV_rotate_clockwise
[robot_supervisor-10] [INFO] [1776701204.158379036] [robot_1.robot_supervisor]: rotate_90 blocked by recent completion; stopping this tick
[robot_supervisor-19] [INFO] [1776701204.228260494] [robot_4.robot_supervisor]: Selected controllable event: EV_random_walk
[robot_supervisor-16] [INFO] [1776701204.253536367] [robot_3.robot_supervisor]: Selected controllable event: EV_rotate_clockwise
[robot_supervisor-16] [INFO] [1776701204.253738083] [robot_3.robot_supervisor]: rotate_90 blocked by recent completion; stopping this tick
[robot_supervisor-10] [INFO] [1776701204.258042640] [robot_1.robot_supervisor]: Selected controllable event: EV_rotate_clockwise
[robot_supervisor-10] [INFO] [1776701204.258401510] [robot_1.robot_supervisor]: rotate_90 blocked by recent completion; stopping this tick
[robot_supervisor-16] [INFO] [1776701204.353950510] [robot_3.robot_supervisor]: Selected controllable event: EV_rotate_clockwise
[robot_supervisor-16] [INFO] [1776701204.354419781] [robot_3.robot_supervisor]: rotate_90 blocked by recent completion; stopping this tick
[robot_supervisor-10] [INFO] [1776701204.357966167] [robot_1.robot_supervisor]: Selected controllable event: EV_rotate_clockwise
[robot_supervisor-16] [INFO] [1776701204.453609277] [robot_3.robot_supervisor]: Selected controllable event: EV_rotate_clockwise
[robot_supervisor-16] [INFO] [1776701204.453877687] [robot_3.robot_supervisor]: rotate_90 blocked by recent completion; stopping this tick
[robot_supervisor-19] [INFO] [1776701204.528485129] [robot_4.robot_supervisor]: Selected controllable event: EV_random_walk
[robot_supervisor-16] [INFO] [1776701204.553883115] [robot_3.robot_supervisor]: Selected controllable event: EV_rotate_clockwise
[image_processor-22] [INFO] [1776701204.655388580] [robot_1.image_processor]: Zone=CORNER
[robot_supervisor-7] [INFO] [1776701204.659447468] [robot_0.robot_supervisor]: Selected controllable event: EV_rotate_counterclockwise
[robot_supervisor-7] [INFO] [1776701204.659652054] [robot_0.robot_supervisor]: rotate_90 blocked by recent completion; stopping this tick
[image_processor-24] [INFO] [1776701204.665600868] [robot_3.image_processor]: Zone=CLEAR  left[p=2.958 near=0 v=6639]  front[p=3.342 near=0 v=12385]  right[p=2.671 near=0 v=7740]
[robot_supervisor-16] [INFO] [1776701204.666073293] [robot_3.robot_supervisor]: Detected zone changed to CLEAR
[image_processor-23] [INFO] [1776701204.674486651] [robot_2.image_processor]: Zone=CORNER  left[p=0.612 near=7650 v=7650]  front[p=0.652 near=13500 v=13500]  right[p=0.707 near=7596 v=7740]
[robot_supervisor-13] [INFO] [1776701204.675144405] [robot_2.robot_supervisor]: Detected zone changed to CORNER
[image_processor-21] [INFO] [1776701204.696094128] [robot_0.image_processor]: Zone=RIGHT
[image_processor-25] [INFO] [1776701204.704260095] [robot_4.image_processor]: Zone=CLEAR
[robot_supervisor-7] [INFO] [1776701204.759482883] [robot_0.robot_supervisor]: Selected controllable event: EV_rotate_counterclockwise
[robot_supervisor-7] [INFO] [1776701204.759766469] [robot_0.robot_supervisor]: rotate_90 blocked by recent completion; stopping this tick
[robot_supervisor-19] [INFO] [1776701204.828412311] [robot_4.robot_supervisor]: Selected controllable event: EV_random_walk
[robot_supervisor-7] [INFO] [1776701204.859675524] [robot_0.robot_supervisor]: Selected controllable event: EV_rotate_counterclockwise
[robot_supervisor-13] [INFO] [1776701204.993318326] [robot_2.robot_supervisor]: Selected controllable event: EV_rotate_clockwise
[robot_supervisor-13] [INFO] [1776701204.993610009] [robot_2.robot_supervisor]: rotate_90 blocked by recent completion; stopping this tick
[robot_supervisor-13] [INFO] [1776701205.093169743] [robot_2.robot_supervisor]: Selected controllable event: EV_rotate_clockwise
[robot_supervisor-13] [INFO] [1776701205.093440688] [robot_2.robot_supervisor]: rotate_90 blocked by recent completion; stopping this tick
[robot_supervisor-19] [INFO] [1776701205.128411782] [robot_4.robot_supervisor]: Selected controllable event: EV_random_walk
[robot_supervisor-13] [INFO] [1776701205.193128133] [robot_2.robot_supervisor]: Selected controllable event: EV_rotate_clockwise
[robot_supervisor-19] [INFO] [1776701205.428680867] [robot_4.robot_supervisor]: Selected controllable event: EV_random_walk
[robot_supervisor-19] [INFO] [1776701205.728458180] [robot_4.robot_supervisor]: Selected controllable event: EV_move_forward
[robot_supervisor-19] [INFO] [1776701206.028248827] [robot_4.robot_supervisor]: Selected controllable event: EV_move_forward
[robot_supervisor-19] [INFO] [1776701206.328300220] [robot_4.robot_supervisor]: Selected controllable event: EV_random_walk
[robot_supervisor-10] [INFO] [1776701206.557825809] [robot_1.robot_supervisor]: Selected controllable event: EV_rotate_clockwise
[robot_supervisor-10] [INFO] [1776701206.558091726] [robot_1.robot_supervisor]: rotate_90 blocked by recent completion; stopping this tick
[robot_supervisor-19] [INFO] [1776701206.628459087] [robot_4.robot_supervisor]: Selected controllable event: EV_random_walk
[robot_supervisor-16] [INFO] [1776701206.653841332] [robot_3.robot_supervisor]: Selected controllable event: EV_move_forward
[robot_supervisor-10] [INFO] [1776701206.657824670] [robot_1.robot_supervisor]: Selected controllable event: EV_rotate_clockwise
[robot_supervisor-10] [INFO] [1776701206.658118873] [robot_1.robot_supervisor]: rotate_90 blocked by recent completion; stopping this tick
[robot_supervisor-10] [INFO] [1776701206.758197912] [robot_1.robot_supervisor]: Selected controllable event: EV_rotate_clockwise
[robot_supervisor-19] [INFO] [1776701206.928210352] [robot_4.robot_supervisor]: Selected controllable event: EV_move_forward
[robot_supervisor-16] [INFO] [1776701206.953486043] [robot_3.robot_supervisor]: Selected controllable event: EV_move_forward
[robot_supervisor-7] [INFO] [1776701207.059645932] [robot_0.robot_supervisor]: Selected controllable event: EV_rotate_counterclockwise
[robot_supervisor-7] [INFO] [1776701207.060024625] [robot_0.robot_supervisor]: rotate_90 blocked by recent completion; stopping this tick
[image_processor-22] [INFO] [1776701207.156349290] [robot_1.image_processor]: Zone=LEFT  left[p=0.670 near=7313 v=7650]  front[p=0.827 near=480 v=13500]  right[p=1.284 near=0 v=7740]
[robot_supervisor-10] [INFO] [1776701207.157056638] [robot_1.robot_supervisor]: Detected zone changed to LEFT
[robot_supervisor-7] [INFO] [1776701207.159490597] [robot_0.robot_supervisor]: Selected controllable event: EV_rotate_counterclockwise
[robot_supervisor-7] [INFO] [1776701207.159721562] [robot_0.robot_supervisor]: rotate_90 blocked by recent completion; stopping this tick
[image_processor-24] [INFO] [1776701207.167046110] [robot_3.image_processor]: Zone=RIGHT  left[p=1.836 near=0 v=7650]  front[p=0.796 near=1413 v=13483]  right[p=0.484 near=7740 v=7740]
[robot_supervisor-16] [INFO] [1776701207.167782785] [robot_3.robot_supervisor]: Detected zone changed to RIGHT
[image_processor-23] [INFO] [1776701207.182875777] [robot_2.image_processor]: Zone=CLEAR  left[p=0.852 near=0 v=7650]  front[p=1.011 near=0 v=13484]  right[p=1.584 near=0 v=4923]
[robot_supervisor-13] [INFO] [1776701207.183519911] [robot_2.robot_supervisor]: Detected zone changed to CLEAR
[image_processor-21] [INFO] [1776701207.203443955] [robot_0.image_processor]: Zone=LEFT  left[p=0.555 near=4950 v=7650]  front[p=1.124 near=0 v=12534]  right[p=1.026 near=0 v=7478]
[robot_supervisor-7] [INFO] [1776701207.203940417] [robot_0.robot_supervisor]: Detected zone changed to LEFT
[robot_supervisor-19] [INFO] [1776701207.228482615] [robot_4.robot_supervisor]: Selected controllable event: EV_move_forward
[robot_supervisor-16] [INFO] [1776701207.253775787] [robot_3.robot_supervisor]: Selected controllable event: EV_rotate_counterclockwise
[robot_supervisor-7] [INFO] [1776701207.259602539] [robot_0.robot_supervisor]: Selected controllable event: EV_rotate_clockwise
[robot_supervisor-13] [INFO] [1776701207.293177307] [robot_2.robot_supervisor]: Selected controllable event: EV_move_forward
[image_processor-25] [INFO] [1776701207.314930267] [robot_4.image_processor]: Zone=CLEAR
[robot_supervisor-19] [INFO] [1776701207.528372038] [robot_4.robot_supervisor]: Selected controllable event: EV_random_walk
[robot_supervisor-13] [INFO] [1776701207.593454679] [robot_2.robot_supervisor]: Selected controllable event: EV_move_forward
[robot_supervisor-19] [INFO] [1776701207.828141555] [robot_4.robot_supervisor]: Selected controllable event: EV_random_walk
[robot_supervisor-13] [INFO] [1776701207.893156159] [robot_2.robot_supervisor]: Selected controllable event: EV_move_forward
[robot_supervisor-19] [INFO] [1776701208.128188958] [robot_4.robot_supervisor]: Selected controllable event: EV_move_forward
[robot_supervisor-13] [INFO] [1776701208.193408063] [robot_2.robot_supervisor]: Selected controllable event: EV_move_forward
[robot_supervisor-19] [INFO] [1776701208.428392513] [robot_4.robot_supervisor]: Selected controllable event: EV_move_forward
[robot_supervisor-13] [INFO] [1776701208.493705448] [robot_2.robot_supervisor]: Selected controllable event: EV_random_walk
[robot_supervisor-19] [INFO] [1776701208.728464391] [robot_4.robot_supervisor]: Selected controllable event: EV_move_forward
[robot_supervisor-13] [INFO] [1776701208.793372733] [robot_2.robot_supervisor]: Selected controllable event: EV_random_walk
[robot_supervisor-10] [INFO] [1776701208.958034726] [robot_1.robot_supervisor]: Selected controllable event: EV_rotate_clockwise
[robot_supervisor-10] [INFO] [1776701208.958777930] [robot_1.robot_supervisor]: rotate_90 blocked by recent completion; stopping this tick
[robot_supervisor-19] [INFO] [1776701209.028375157] [robot_4.robot_supervisor]: Selected controllable event: EV_move_forward
[robot_supervisor-10] [INFO] [1776701209.057954384] [robot_1.robot_supervisor]: Selected controllable event: EV_rotate_clockwise
[robot_supervisor-10] [INFO] [1776701209.058308460] [robot_1.robot_supervisor]: rotate_90 blocked by recent completion; stopping this tick
[robot_supervisor-13] [INFO] [1776701209.093354799] [robot_2.robot_supervisor]: Selected controllable event: EV_random_walk
[robot_supervisor-10] [INFO] [1776701209.157914538] [robot_1.robot_supervisor]: Selected controllable event: EV_rotate_clockwise
[robot_supervisor-19] [INFO] [1776701209.328651715] [robot_4.robot_supervisor]: Selected controllable event: EV_random_walk
[robot_supervisor-16] [INFO] [1776701209.353732150] [robot_3.robot_supervisor]: Selected controllable event: EV_rotate_counterclockwise
[robot_supervisor-16] [INFO] [1776701209.354093452] [robot_3.robot_supervisor]: rotate_90 blocked by recent completion; stopping this tick
[robot_supervisor-7] [INFO] [1776701209.359608340] [robot_0.robot_supervisor]: Selected controllable event: EV_rotate_clockwise
[robot_supervisor-7] [INFO] [1776701209.359946819] [robot_0.robot_supervisor]: rotate_90 blocked by recent completion; stopping this tick
[robot_supervisor-13] [INFO] [1776701209.393439549] [robot_2.robot_supervisor]: Selected controllable event: EV_random_walk
[robot_supervisor-16] [INFO] [1776701209.453537779] [robot_3.robot_supervisor]: Selected controllable event: EV_rotate_counterclockwise
[robot_supervisor-16] [INFO] [1776701209.453761402] [robot_3.robot_supervisor]: rotate_90 blocked by recent completion; stopping this tick
[robot_supervisor-7] [INFO] [1776701209.459557447] [robot_0.robot_supervisor]: Selected controllable event: EV_rotate_clockwise
[robot_supervisor-7] [INFO] [1776701209.459881049] [robot_0.robot_supervisor]: rotate_90 blocked by recent completion; stopping this tick
[robot_supervisor-16] [INFO] [1776701209.553535289] [robot_3.robot_supervisor]: Selected controllable event: EV_rotate_counterclockwise
[robot_supervisor-16] [INFO] [1776701209.553736279] [robot_3.robot_supervisor]: rotate_90 blocked by recent completion; stopping this tick
[robot_supervisor-7] [INFO] [1776701209.559597258] [robot_0.robot_supervisor]: Selected controllable event: EV_rotate_clockwise
[robot_supervisor-7] [INFO] [1776701209.560042609] [robot_0.robot_supervisor]: rotate_90 blocked by recent completion; stopping this tick
[bump_counter-3] [INFO] [1776701209.590582384] [bump_counter]: [global] bump #10 (obstacle) with: south_wall::link::collision
[robot_supervisor-19] [INFO] [1776701209.628781048] [robot_4.robot_supervisor]: Selected controllable event: EV_random_walk
[robot_supervisor-16] [INFO] [1776701209.653593932] [robot_3.robot_supervisor]: Selected controllable event: EV_rotate_counterclockwise
[robot_supervisor-7] [INFO] [1776701209.659962955] [robot_0.robot_supervisor]: Selected controllable event: EV_rotate_clockwise
[image_processor-22] [INFO] [1776701209.662427549] [robot_1.image_processor]: Zone=LEFT
[image_processor-24] [INFO] [1776701209.676938837] [robot_3.image_processor]: Zone=RIGHT
[image_processor-23] [INFO] [1776701209.692417788] [robot_2.image_processor]: Zone=CORNER  left[p=0.947 near=0 v=7650]  front[p=0.496 near=11768 v=13500]  right[p=0.742 near=882 v=5576]
[robot_supervisor-13] [INFO] [1776701209.692851191] [robot_2.robot_supervisor]: Detected zone changed to CORNER
[robot_supervisor-13] [INFO] [1776701209.693445272] [robot_2.robot_supervisor]: Selected controllable event: EV_rotate_clockwise
[image_processor-21] [INFO] [1776701209.712100964] [robot_0.image_processor]: Zone=LEFT
[image_processor-25] [INFO] [1776701209.721082438] [robot_4.image_processor]: Zone=CORNER  left[p=0.265 near=7650 v=7650]  front[p=0.200 near=13500 v=13500]  right[p=0.171 near=7740 v=7740]
[robot_supervisor-19] [INFO] [1776701209.721899708] [robot_4.robot_supervisor]: Detected zone changed to CORNER
[robot_supervisor-19] [INFO] [1776701209.928214789] [robot_4.robot_supervisor]: Selected controllable event: EV_rotate_clockwise
[robot_supervisor-10] [INFO] [1776701211.357976132] [robot_1.robot_supervisor]: Selected controllable event: EV_rotate_clockwise
[robot_supervisor-10] [INFO] [1776701211.358343444] [robot_1.robot_supervisor]: rotate_90 blocked by recent completion; stopping this tick
[robot_supervisor-10] [INFO] [1776701211.458214950] [robot_1.robot_supervisor]: Selected controllable event: EV_rotate_clockwise
[robot_supervisor-10] [INFO] [1776701211.458692763] [robot_1.robot_supervisor]: rotate_90 blocked by recent completion; stopping this tick
[robot_supervisor-10] [INFO] [1776701211.558007367] [robot_1.robot_supervisor]: Selected controllable event: EV_rotate_clockwise
[robot_supervisor-7] [INFO] [1776701211.759611171] [robot_0.robot_supervisor]: Selected controllable event: EV_rotate_clockwise
[robot_supervisor-7] [INFO] [1776701211.760032678] [robot_0.robot_supervisor]: rotate_90 blocked by recent completion; stopping this tick
[robot_supervisor-16] [INFO] [1776701211.853735679] [robot_3.robot_supervisor]: Selected controllable event: EV_rotate_counterclockwise
[robot_supervisor-16] [INFO] [1776701211.854098213] [robot_3.robot_supervisor]: rotate_90 blocked by recent completion; stopping this tick
[robot_supervisor-7] [INFO] [1776701211.859540693] [robot_0.robot_supervisor]: Selected controllable event: EV_rotate_clockwise
[robot_supervisor-7] [INFO] [1776701211.859841829] [robot_0.robot_supervisor]: rotate_90 blocked by recent completion; stopping this tick
[robot_supervisor-13] [INFO] [1776701211.893213560] [robot_2.robot_supervisor]: Selected controllable event: EV_rotate_clockwise
[robot_supervisor-13] [INFO] [1776701211.893460423] [robot_2.robot_supervisor]: rotate_90 blocked by recent completion; stopping this tick
[robot_supervisor-16] [INFO] [1776701211.953837127] [robot_3.robot_supervisor]: Selected controllable event: EV_rotate_counterclockwise
[robot_supervisor-16] [INFO] [1776701211.954050094] [robot_3.robot_supervisor]: rotate_90 blocked by recent completion; stopping this tick
[robot_supervisor-7] [INFO] [1776701211.959650470] [robot_0.robot_supervisor]: Selected controllable event: EV_rotate_clockwise
[robot_supervisor-7] [INFO] [1776701211.960006159] [robot_0.robot_supervisor]: rotate_90 blocked by recent completion; stopping this tick
[robot_supervisor-13] [INFO] [1776701211.993339138] [robot_2.robot_supervisor]: Selected controllable event: EV_rotate_clockwise
[robot_supervisor-13] [INFO] [1776701211.993686773] [robot_2.robot_supervisor]: rotate_90 blocked by recent completion; stopping this tick
[robot_supervisor-16] [INFO] [1776701212.053828976] [robot_3.robot_supervisor]: Selected controllable event: EV_rotate_counterclockwise
[robot_supervisor-7] [INFO] [1776701212.059650529] [robot_0.robot_supervisor]: Selected controllable event: EV_rotate_clockwise
[robot_supervisor-13] [INFO] [1776701212.093652388] [robot_2.robot_supervisor]: Selected controllable event: EV_rotate_clockwise
[robot_supervisor-19] [INFO] [1776701212.128405985] [robot_4.robot_supervisor]: Selected controllable event: EV_rotate_clockwise
[robot_supervisor-19] [INFO] [1776701212.128797256] [robot_4.robot_supervisor]: rotate_90 blocked by recent completion; stopping this tick
[image_processor-24] [INFO] [1776701212.175291700] [robot_3.image_processor]: Zone=CLEAR  left[p=3.471 near=0 v=6253]  front[p=2.950 near=0 v=8886]  right[p=3.471 near=0 v=6159]
[robot_supervisor-16] [INFO] [1776701212.175873957] [robot_3.robot_supervisor]: Detected zone changed to CLEAR
[image_processor-23] [INFO] [1776701212.192608779] [robot_2.image_processor]: Zone=CLEAR  left[p=2.891 near=0 v=4689]  front[p=1.639 near=0 v=10832]  right[p=0.993 near=0 v=7740]
[robot_supervisor-13] [INFO] [1776701212.193195115] [robot_2.robot_supervisor]: Detected zone changed to CLEAR
[image_processor-21] [INFO] [1776701212.202614187] [robot_0.image_processor]: Zone=RIGHT  left[p=2.335 near=0 v=7650]  front[p=1.107 near=0 v=13500]  right[p=0.499 near=6436 v=7740]
[robot_supervisor-7] [INFO] [1776701212.203108581] [robot_0.robot_supervisor]: Detected zone changed to RIGHT
[image_processor-25] [INFO] [1776701212.212853893] [robot_4.image_processor]: Zone=CORNER
[robot_supervisor-19] [INFO] [1776701212.228220291] [robot_4.robot_supervisor]: Selected controllable event: EV_rotate_clockwise
[robot_supervisor-19] [INFO] [1776701212.228522281] [robot_4.robot_supervisor]: rotate_90 blocked by recent completion; stopping this tick
[image_processor-22] [INFO] [1776701212.257418470] [robot_1.image_processor]: Zone=CORNER  left[p=0.327 near=7650 v=7650]  front[p=0.265 near=13500 v=13500]  right[p=0.234 near=7740 v=7740]
[robot_supervisor-10] [INFO] [1776701212.258182771] [robot_1.robot_supervisor]: Detected zone changed to CORNER
[robot_supervisor-19] [INFO] [1776701212.328470249] [robot_4.robot_supervisor]: Selected controllable event: EV_rotate_clockwise
[bump_counter-3] [INFO] [1776701213.610714826] [bump_counter]: [global] bump #11 (obstacle) with: south_wall::link::collision
[robot_supervisor-10] [INFO] [1776701213.657919801] [robot_1.robot_supervisor]: Selected controllable event: EV_rotate_clockwise
[robot_supervisor-10] [INFO] [1776701213.658154424] [robot_1.robot_supervisor]: rotate_90 blocked by recent completion; stopping this tick
[robot_supervisor-10] [INFO] [1776701213.757923886] [robot_1.robot_supervisor]: Selected controllable event: EV_rotate_clockwise
[robot_supervisor-10] [INFO] [1776701213.758252500] [robot_1.robot_supervisor]: rotate_90 blocked by recent completion; stopping this tick
[robot_supervisor-10] [INFO] [1776701213.858028688] [robot_1.robot_supervisor]: Selected controllable event: EV_rotate_clockwise
[robot_supervisor-10] [INFO] [1776701213.858405931] [robot_1.robot_supervisor]: rotate_90 blocked by recent completion; stopping this tick
[robot_supervisor-10] [INFO] [1776701213.957988258] [robot_1.robot_supervisor]: Selected controllable event: EV_rotate_clockwise
[robot_supervisor-16] [INFO] [1776701214.153932797] [robot_3.robot_supervisor]: Selected controllable event: EV_random_walk
[robot_supervisor-7] [INFO] [1776701214.159675982] [robot_0.robot_supervisor]: Selected controllable event: EV_rotate_counterclockwise
[robot_supervisor-7] [INFO] [1776701214.160036852] [robot_0.robot_supervisor]: rotate_90 blocked by recent completion; stopping this tick
[robot_supervisor-7] [INFO] [1776701214.259591178] [robot_0.robot_supervisor]: Selected controllable event: EV_rotate_counterclockwise
[robot_supervisor-7] [INFO] [1776701214.259980318] [robot_0.robot_supervisor]: rotate_90 blocked by recent completion; stopping this tick
[robot_supervisor-13] [INFO] [1776701214.293446433] [robot_2.robot_supervisor]: Selected controllable event: EV_random_walk
[robot_supervisor-7] [INFO] [1776701214.359859690] [robot_0.robot_supervisor]: Selected controllable event: EV_rotate_counterclockwise
[robot_supervisor-7] [INFO] [1776701214.360358826] [robot_0.robot_supervisor]: rotate_90 blocked by recent completion; stopping this tick
[robot_supervisor-19] [INFO] [1776701214.428432618] [robot_4.robot_supervisor]: Selected controllable event: EV_rotate_clockwise
[robot_supervisor-19] [INFO] [1776701214.428803475] [robot_4.robot_supervisor]: rotate_90 blocked by recent completion; stopping this tick
[robot_supervisor-16] [INFO] [1776701214.453733341] [robot_3.robot_supervisor]: Selected controllable event: EV_random_walk
[robot_supervisor-7] [INFO] [1776701214.459620127] [robot_0.robot_supervisor]: Selected controllable event: EV_rotate_counterclockwise
[robot_supervisor-19] [INFO] [1776701214.528359372] [robot_4.robot_supervisor]: Selected controllable event: EV_rotate_clockwise
[robot_supervisor-19] [INFO] [1776701214.528721743] [robot_4.robot_supervisor]: rotate_90 blocked by recent completion; stopping this tick
[robot_supervisor-13] [INFO] [1776701214.593377527] [robot_2.robot_supervisor]: Selected controllable event: EV_random_walk
[robot_supervisor-19] [INFO] [1776701214.628355278] [robot_4.robot_supervisor]: Selected controllable event: EV_rotate_clockwise
[robot_supervisor-19] [INFO] [1776701214.628768705] [robot_4.robot_supervisor]: rotate_90 blocked by recent completion; stopping this tick
[image_processor-22] [INFO] [1776701214.654885332] [robot_1.image_processor]: Zone=LEFT  left[p=0.363 near=7650 v=7650]  front[p=0.874 near=400 v=13500]  right[p=0.656 near=6452 v=7740]
[robot_supervisor-10] [INFO] [1776701214.655821013] [robot_1.robot_supervisor]: Detected zone changed to LEFT
[image_processor-24] [INFO] [1776701214.665286025] [robot_3.image_processor]: Zone=CORNER  left[p=0.397 near=7650 v=7650]  front[p=0.450 near=10023 v=12554]  right[p=3.201 near=0 v=6502]
[robot_supervisor-16] [INFO] [1776701214.665981325] [robot_3.robot_supervisor]: Detected zone changed to CORNER
[image_processor-23] [INFO] [1776701214.675231753] [robot_2.image_processor]: Zone=CLEAR
[image_processor-21] [INFO] [1776701214.684543576] [robot_0.image_processor]: Zone=CORNER  left[p=0.370 near=7650 v=7650]  front[p=0.390 near=13500 v=13500]  right[p=0.419 near=7740 v=7740]
[robot_supervisor-7] [INFO] [1776701214.685075010] [robot_0.robot_supervisor]: Detected zone changed to CORNER
[image_processor-25] [INFO] [1776701214.702957169] [robot_4.image_processor]: Zone=CLEAR  left[p=3.569 near=0 v=6905]  front[p=1.562 near=0 v=7942]  right[p=2.462 near=0 v=4896]
[robot_supervisor-19] [INFO] [1776701214.703647898] [robot_4.robot_supervisor]: Detected zone changed to CLEAR
[robot_supervisor-19] [INFO] [1776701214.728340717] [robot_4.robot_supervisor]: Selected controllable event: EV_move_forward
[robot_supervisor-16] [INFO] [1776701214.753733584] [robot_3.robot_supervisor]: Selected controllable event: EV_rotate_clockwise
[robot_supervisor-13] [INFO] [1776701214.893446533] [robot_2.robot_supervisor]: Selected controllable event: EV_move_forward
[robot_supervisor-19] [INFO] [1776701215.028368901] [robot_4.robot_supervisor]: Selected controllable event: EV_move_forward
[robot_supervisor-13] [INFO] [1776701215.193160168] [robot_2.robot_supervisor]: Selected controllable event: EV_move_forward
[robot_supervisor-19] [INFO] [1776701215.328430606] [robot_4.robot_supervisor]: Selected controllable event: EV_move_forward
[robot_supervisor-13] [INFO] [1776701215.493486305] [robot_2.robot_supervisor]: Selected controllable event: EV_move_forward
[robot_supervisor-19] [INFO] [1776701215.628756215] [robot_4.robot_supervisor]: Selected controllable event: EV_move_forward
[robot_supervisor-13] [INFO] [1776701215.793327498] [robot_2.robot_supervisor]: Selected controllable event: EV_move_forward
[robot_supervisor-19] [INFO] [1776701215.928369803] [robot_4.robot_supervisor]: Selected controllable event: EV_random_walk
[robot_supervisor-13] [INFO] [1776701216.093155779] [robot_2.robot_supervisor]: Selected controllable event: EV_random_walk
[robot_supervisor-10] [INFO] [1776701216.157822714] [robot_1.robot_supervisor]: Selected controllable event: EV_rotate_clockwise
[robot_supervisor-10] [INFO] [1776701216.158001662] [robot_1.robot_supervisor]: rotate_90 blocked by recent completion; stopping this tick
[robot_supervisor-19] [INFO] [1776701216.228482531] [robot_4.robot_supervisor]: Selected controllable event: EV_random_walk
[robot_supervisor-10] [INFO] [1776701216.257827028] [robot_1.robot_supervisor]: Selected controllable event: EV_rotate_clockwise
[robot_supervisor-10] [INFO] [1776701216.258045734] [robot_1.robot_supervisor]: rotate_90 blocked by recent completion; stopping this tick
[robot_supervisor-10] [INFO] [1776701216.357892706] [robot_1.robot_supervisor]: Selected controllable event: EV_rotate_clockwise
[robot_supervisor-13] [INFO] [1776701216.393591763] [robot_2.robot_supervisor]: Selected controllable event: EV_random_walk
[robot_supervisor-19] [INFO] [1776701216.528391392] [robot_4.robot_supervisor]: Selected controllable event: EV_random_walk
[robot_supervisor-7] [INFO] [1776701216.659550121] [robot_0.robot_supervisor]: Selected controllable event: EV_rotate_clockwise
[robot_supervisor-7] [INFO] [1776701216.659832203] [robot_0.robot_supervisor]: rotate_90 blocked by recent completion; stopping this tick
[robot_supervisor-13] [INFO] [1776701216.693403199] [robot_2.robot_supervisor]: Selected controllable event: EV_random_walk
[robot_supervisor-7] [INFO] [1776701216.759655268] [robot_0.robot_supervisor]: Selected controllable event: EV_rotate_clockwise
[robot_supervisor-7] [INFO] [1776701216.760048413] [robot_0.robot_supervisor]: rotate_90 blocked by recent completion; stopping this tick
[robot_supervisor-19] [INFO] [1776701216.828365478] [robot_4.robot_supervisor]: Selected controllable event: EV_random_walk
[robot_supervisor-16] [INFO] [1776701216.853934493] [robot_3.robot_supervisor]: Selected controllable event: EV_rotate_clockwise
[robot_supervisor-16] [INFO] [1776701216.854413234] [robot_3.robot_supervisor]: rotate_90 blocked by recent completion; stopping this tick
[robot_supervisor-7] [INFO] [1776701216.859677828] [robot_0.robot_supervisor]: Selected controllable event: EV_rotate_clockwise
[robot_supervisor-16] [INFO] [1776701216.953908848] [robot_3.robot_supervisor]: Selected controllable event: EV_rotate_clockwise
[robot_supervisor-16] [INFO] [1776701216.954130884] [robot_3.robot_supervisor]: rotate_90 blocked by recent completion; stopping this tick
[robot_supervisor-13] [INFO] [1776701216.993358123] [robot_2.robot_supervisor]: Selected controllable event: EV_random_walk
[robot_supervisor-16] [INFO] [1776701217.053715618] [robot_3.robot_supervisor]: Selected controllable event: EV_rotate_clockwise
[robot_supervisor-16] [INFO] [1776701217.054053692] [robot_3.robot_supervisor]: rotate_90 blocked by recent completion; stopping this tick
[robot_supervisor-19] [INFO] [1776701217.128425106] [robot_4.robot_supervisor]: Selected controllable event: EV_random_walk
[robot_supervisor-16] [INFO] [1776701217.153809671] [robot_3.robot_supervisor]: Selected controllable event: EV_rotate_clockwise
[image_processor-22] [INFO] [1776701217.155268793] [robot_1.image_processor]: Zone=LEFT
[image_processor-24] [INFO] [1776701217.174171082] [robot_3.image_processor]: Zone=CLEAR  left[p=3.471 near=0 v=6357]  front[p=2.950 near=0 v=8892]  right[p=3.471 near=0 v=6109]
[robot_supervisor-16] [INFO] [1776701217.174641549] [robot_3.robot_supervisor]: Detected zone changed to CLEAR
[image_processor-23] [INFO] [1776701217.183212003] [robot_2.image_processor]: Zone=CORNER  left[p=0.281 near=7650 v=7650]  front[p=0.319 near=13500 v=13500]  right[p=0.394 near=7740 v=7740]
[robot_supervisor-13] [INFO] [1776701217.183960339] [robot_2.robot_supervisor]: Detected zone changed to CORNER
[image_processor-21] [INFO] [1776701217.191484506] [robot_0.image_processor]: Zone=RIGHT  left[p=2.146 near=0 v=7650]  front[p=0.883 near=476 v=13500]  right[p=0.447 near=7740 v=7740]
[robot_supervisor-7] [INFO] [1776701217.192042346] [robot_0.robot_supervisor]: Detected zone changed to RIGHT
[image_processor-25] [INFO] [1776701217.208395156] [robot_4.image_processor]: Zone=CLEAR
[robot_supervisor-13] [INFO] [1776701217.293364596] [robot_2.robot_supervisor]: Selected controllable event: EV_rotate_clockwise
[robot_supervisor-19] [INFO] [1776701217.428370038] [robot_4.robot_supervisor]: Selected controllable event: EV_random_walk
[robot_supervisor-19] [INFO] [1776701217.728193494] [robot_4.robot_supervisor]: Selected controllable event: EV_random_walk
[robot_supervisor-19] [INFO] [1776701218.028459729] [robot_4.robot_supervisor]: Selected controllable event: EV_random_walk
[robot_supervisor-19] [INFO] [1776701218.328421720] [robot_4.robot_supervisor]: Selected controllable event: EV_move_forward
[robot_supervisor-10] [INFO] [1776701218.557893681] [robot_1.robot_supervisor]: Selected controllable event: EV_rotate_clockwise
[robot_supervisor-10] [INFO] [1776701218.558079697] [robot_1.robot_supervisor]: rotate_90 blocked by recent completion; stopping this tick
[robot_supervisor-19] [INFO] [1776701218.628488220] [robot_4.robot_supervisor]: Selected controllable event: EV_move_forward
[robot_supervisor-10] [INFO] [1776701218.658242723] [robot_1.robot_supervisor]: Selected controllable event: EV_rotate_clockwise
[robot_supervisor-10] [INFO] [1776701218.658810588] [robot_1.robot_supervisor]: rotate_90 blocked by recent completion; stopping this tick
[robot_supervisor-10] [INFO] [1776701218.757914590] [robot_1.robot_supervisor]: Selected controllable event: EV_rotate_clockwise
[robot_supervisor-19] [INFO] [1776701218.928651985] [robot_4.robot_supervisor]: Selected controllable event: EV_move_forward
[robot_supervisor-7] [INFO] [1776701219.059574771] [robot_0.robot_supervisor]: Selected controllable event: EV_rotate_counterclockwise
[robot_supervisor-7] [INFO] [1776701219.059992262] [robot_0.robot_supervisor]: rotate_90 blocked by recent completion; stopping this tick
[robot_supervisor-7] [INFO] [1776701219.159955567] [robot_0.robot_supervisor]: Selected controllable event: EV_rotate_counterclockwise
[robot_supervisor-7] [INFO] [1776701219.160523441] [robot_0.robot_supervisor]: rotate_90 blocked by recent completion; stopping this tick
[robot_supervisor-19] [INFO] [1776701219.228216257] [robot_4.robot_supervisor]: Selected controllable event: EV_move_forward
[robot_supervisor-7] [INFO] [1776701219.259669494] [robot_0.robot_supervisor]: Selected controllable event: EV_rotate_counterclockwise
[robot_supervisor-16] [INFO] [1776701219.353827247] [robot_3.robot_supervisor]: Selected controllable event: EV_random_walk
[robot_supervisor-13] [INFO] [1776701219.393666033] [robot_2.robot_supervisor]: Selected controllable event: EV_rotate_clockwise
[robot_supervisor-13] [INFO] [1776701219.394044047] [robot_2.robot_supervisor]: rotate_90 blocked by recent completion; stopping this tick
[robot_supervisor-13] [INFO] [1776701219.493348657] [robot_2.robot_supervisor]: Selected controllable event: EV_rotate_clockwise
[robot_supervisor-13] [INFO] [1776701219.493672463] [robot_2.robot_supervisor]: rotate_90 blocked by recent completion; stopping this tick
[robot_supervisor-19] [INFO] [1776701219.528650184] [robot_4.robot_supervisor]: Selected controllable event: EV_random_walk
[robot_supervisor-13] [INFO] [1776701219.593376459] [robot_2.robot_supervisor]: Selected controllable event: EV_rotate_clockwise
[robot_supervisor-16] [INFO] [1776701219.653513014] [robot_3.robot_supervisor]: Selected controllable event: EV_random_walk
[image_processor-22] [INFO] [1776701219.663584368] [robot_1.image_processor]: Zone=CORNER  left[p=2.994 near=0 v=5856]  front[p=0.646 near=2458 v=8248]  right[p=0.338 near=7740 v=7740]
[robot_supervisor-10] [INFO] [1776701219.664299428] [robot_1.robot_supervisor]: Detected zone changed to CORNER
[image_processor-24] [INFO] [1776701219.678829691] [robot_3.image_processor]: Zone=CLEAR
[image_processor-23] [INFO] [1776701219.686762530] [robot_2.image_processor]: Zone=CORNER
[image_processor-21] [INFO] [1776701219.696352559] [robot_0.image_processor]: Zone=CORNER  left[p=0.405 near=7650 v=7650]  front[p=0.392 near=13500 v=13500]  right[p=0.381 near=7740 v=7740]
[robot_supervisor-7] [INFO] [1776701219.697255271] [robot_0.robot_supervisor]: Detected zone changed to CORNER
[image_processor-25] [INFO] [1776701219.711336234] [robot_4.image_processor]: Zone=CORNER  left[p=2.076 near=567 v=6488]  front[p=0.459 near=13500 v=13500]  right[p=0.468 near=6484 v=7308]
[robot_supervisor-19] [INFO] [1776701219.711800981] [robot_4.robot_supervisor]: Detected zone changed to CORNER
[robot_supervisor-19] [INFO] [1776701219.828285300] [robot_4.robot_supervisor]: Selected controllable event: EV_rotate_clockwise
[robot_supervisor-16] [INFO] [1776701219.953666503] [robot_3.robot_supervisor]: Selected controllable event: EV_random_walk
[robot_supervisor-16] [INFO] [1776701220.253746427] [robot_3.robot_supervisor]: Selected controllable event: EV_random_walk
[robot_supervisor-16] [INFO] [1776701220.553727951] [robot_3.robot_supervisor]: Selected controllable event: EV_random_walk
[robot_supervisor-16] [INFO] [1776701220.853937431] [robot_3.robot_supervisor]: Selected controllable event: EV_random_walk
[robot_supervisor-10] [INFO] [1776701220.957971932] [robot_1.robot_supervisor]: Selected controllable event: EV_rotate_clockwise
[robot_supervisor-10] [INFO] [1776701220.958338269] [robot_1.robot_supervisor]: rotate_90 blocked by recent completion; stopping this tick
[robot_supervisor-10] [INFO] [1776701221.058022280] [robot_1.robot_supervisor]: Selected controllable event: EV_rotate_clockwise
[robot_supervisor-10] [INFO] [1776701221.058380850] [robot_1.robot_supervisor]: rotate_90 blocked by recent completion; stopping this tick
[robot_supervisor-16] [INFO] [1776701221.154094258] [robot_3.robot_supervisor]: Selected controllable event: EV_move_forward
[robot_supervisor-10] [INFO] [1776701221.158241343] [robot_1.robot_supervisor]: Selected controllable event: EV_rotate_clockwise
[robot_supervisor-7] [INFO] [1776701221.359874474] [robot_0.robot_supervisor]: Selected controllable event: EV_rotate_clockwise
[robot_supervisor-7] [INFO] [1776701221.360284830] [robot_0.robot_supervisor]: rotate_90 blocked by recent completion; stopping this tick
[robot_supervisor-16] [INFO] [1776701221.453760511] [robot_3.robot_supervisor]: Selected controllable event: EV_move_forward
[robot_supervisor-7] [INFO] [1776701221.459546046] [robot_0.robot_supervisor]: Selected controllable event: EV_rotate_clockwise
[robot_supervisor-7] [INFO] [1776701221.459853419] [robot_0.robot_supervisor]: rotate_90 blocked by recent completion; stopping this tick
[robot_supervisor-7] [INFO] [1776701221.559560109] [robot_0.robot_supervisor]: Selected controllable event: EV_rotate_clockwise
[robot_supervisor-7] [INFO] [1776701221.559862127] [robot_0.robot_supervisor]: rotate_90 blocked by recent completion; stopping this tick
[robot_supervisor-7] [INFO] [1776701221.659686470] [robot_0.robot_supervisor]: Selected controllable event: EV_rotate_clockwise
[robot_supervisor-16] [INFO] [1776701221.753731281] [robot_3.robot_supervisor]: Selected controllable event: EV_move_forward
[robot_supervisor-13] [INFO] [1776701221.793166292] [robot_2.robot_supervisor]: Selected controllable event: EV_rotate_clockwise
[robot_supervisor-13] [INFO] [1776701221.793348428] [robot_2.robot_supervisor]: rotate_90 blocked by recent completion; stopping this tick
[robot_supervisor-13] [INFO] [1776701221.893106070] [robot_2.robot_supervisor]: Selected controllable event: EV_rotate_clockwise
[robot_supervisor-13] [INFO] [1776701221.893295146] [robot_2.robot_supervisor]: rotate_90 blocked by recent completion; stopping this tick
[robot_supervisor-13] [INFO] [1776701221.993162420] [robot_2.robot_supervisor]: Selected controllable event: EV_rotate_clockwise
[robot_supervisor-19] [INFO] [1776701222.028702173] [robot_4.robot_supervisor]: Selected controllable event: EV_rotate_clockwise
[robot_supervisor-19] [INFO] [1776701222.029077551] [robot_4.robot_supervisor]: rotate_90 blocked by recent completion; stopping this tick
[robot_supervisor-16] [INFO] [1776701222.053968559] [robot_3.robot_supervisor]: Selected controllable event: EV_move_forward
[robot_supervisor-19] [INFO] [1776701222.128716939] [robot_4.robot_supervisor]: Selected controllable event: EV_rotate_clockwise
[robot_supervisor-19] [INFO] [1776701222.129223397] [robot_4.robot_supervisor]: rotate_90 blocked by recent completion; stopping this tick
[image_processor-22] [INFO] [1776701222.159412165] [robot_1.image_processor]: Zone=CORNER
[image_processor-23] [INFO] [1776701222.197949821] [robot_2.image_processor]: Zone=CLEAR  left[p=1.226 near=0 v=7596]  front[p=1.118 near=0 v=9531]  right[p=2.891 near=0 v=4386]
[robot_supervisor-13] [INFO] [1776701222.198454873] [robot_2.robot_supervisor]: Detected zone changed to CLEAR
[image_processor-21] [INFO] [1776701222.207490171] [robot_0.image_processor]: Zone=CORNER
[image_processor-25] [INFO] [1776701222.218283596] [robot_4.image_processor]: Zone=CLEAR  left[p=3.298 near=0 v=6054]  front[p=2.823 near=0 v=11087]  right[p=1.621 near=0 v=7740]
[robot_supervisor-19] [INFO] [1776701222.218806490] [robot_4.robot_supervisor]: Detected zone changed to CLEAR
[robot_supervisor-19] [INFO] [1776701222.228329661] [robot_4.robot_supervisor]: Selected controllable event: EV_random_walk
[image_processor-24] [INFO] [1776701222.275106224] [robot_3.image_processor]: Zone=CLEAR
[robot_supervisor-16] [INFO] [1776701222.353489581] [robot_3.robot_supervisor]: Selected controllable event: EV_random_walk
[robot_supervisor-19] [INFO] [1776701222.528338628] [robot_4.robot_supervisor]: Selected controllable event: EV_random_walk
[robot_supervisor-16] [INFO] [1776701222.653570350] [robot_3.robot_supervisor]: Selected controllable event: EV_random_walk
[robot_supervisor-19] [INFO] [1776701222.828405471] [robot_4.robot_supervisor]: Selected controllable event: EV_move_forward
[robot_supervisor-16] [INFO] [1776701222.953690589] [robot_3.robot_supervisor]: Selected controllable event: EV_random_walk
[robot_supervisor-19] [INFO] [1776701223.128622075] [robot_4.robot_supervisor]: Selected controllable event: EV_move_forward
[robot_supervisor-16] [INFO] [1776701223.253725589] [robot_3.robot_supervisor]: Selected controllable event: EV_random_walk
[robot_supervisor-10] [INFO] [1776701223.258118783] [robot_1.robot_supervisor]: Selected controllable event: EV_rotate_clockwise
[robot_supervisor-10] [INFO] [1776701223.258503525] [robot_1.robot_supervisor]: rotate_90 blocked by recent completion; stopping this tick
[robot_supervisor-10] [INFO] [1776701223.358186091] [robot_1.robot_supervisor]: Selected controllable event: EV_rotate_clockwise
[robot_supervisor-10] [INFO] [1776701223.358662550] [robot_1.robot_supervisor]: rotate_90 blocked by recent completion; stopping this tick
[robot_supervisor-19] [INFO] [1776701223.428613609] [robot_4.robot_supervisor]: Selected controllable event: EV_move_forward
[robot_supervisor-10] [INFO] [1776701223.458172766] [robot_1.robot_supervisor]: Selected controllable event: EV_rotate_clockwise
[robot_supervisor-10] [INFO] [1776701223.458637252] [robot_1.robot_supervisor]: rotate_90 blocked by recent completion; stopping this tick
[robot_supervisor-16] [INFO] [1776701223.553676740] [robot_3.robot_supervisor]: Selected controllable event: EV_move_forward
[robot_supervisor-10] [INFO] [1776701223.558069920] [robot_1.robot_supervisor]: Selected controllable event: EV_rotate_clockwise
[robot_supervisor-19] [INFO] [1776701223.728432092] [robot_4.robot_supervisor]: Selected controllable event: EV_move_forward
[robot_supervisor-7] [INFO] [1776701223.759684044] [robot_0.robot_supervisor]: Selected controllable event: EV_rotate_clockwise
[robot_supervisor-7] [INFO] [1776701223.760086281] [robot_0.robot_supervisor]: rotate_90 blocked by recent completion; stopping this tick
[robot_supervisor-16] [INFO] [1776701223.853607176] [robot_3.robot_supervisor]: Selected controllable event: EV_move_forward
[robot_supervisor-7] [INFO] [1776701223.859611529] [robot_0.robot_supervisor]: Selected controllable event: EV_rotate_clockwise
[robot_supervisor-7] [INFO] [1776701223.859966012] [robot_0.robot_supervisor]: rotate_90 blocked by recent completion; stopping this tick
[robot_supervisor-7] [INFO] [1776701223.959745085] [robot_0.robot_supervisor]: Selected controllable event: EV_rotate_clockwise
[robot_supervisor-7] [INFO] [1776701223.960212140] [robot_0.robot_supervisor]: rotate_90 blocked by recent completion; stopping this tick
[robot_supervisor-19] [INFO] [1776701224.028389096] [robot_4.robot_supervisor]: Selected controllable event: EV_move_forward
[robot_supervisor-7] [INFO] [1776701224.059395219] [robot_0.robot_supervisor]: Selected controllable event: EV_rotate_clockwise
[robot_supervisor-13] [INFO] [1776701224.093668910] [robot_2.robot_supervisor]: Selected controllable event: EV_random_walk
[robot_supervisor-16] [INFO] [1776701224.153575899] [robot_3.robot_supervisor]: Selected controllable event: EV_random_walk
[robot_supervisor-19] [INFO] [1776701224.328401843] [robot_4.robot_supervisor]: Selected controllable event: EV_move_forward
[robot_supervisor-13] [INFO] [1776701224.393357096] [robot_2.robot_supervisor]: Selected controllable event: EV_random_walk
[robot_supervisor-16] [INFO] [1776701224.453707501] [robot_3.robot_supervisor]: Selected controllable event: EV_random_walk
[robot_supervisor-19] [INFO] [1776701224.628370973] [robot_4.robot_supervisor]: Selected controllable event: EV_move_forward
[image_processor-22] [INFO] [1776701224.654268811] [robot_1.image_processor]: Zone=RIGHT  left[p=0.918 near=0 v=7650]  front[p=0.820 near=325 v=13500]  right[p=0.759 near=4454 v=7740]
[robot_supervisor-10] [INFO] [1776701224.654811717] [robot_1.robot_supervisor]: Detected zone changed to RIGHT
[image_processor-24] [INFO] [1776701224.665660628] [robot_3.image_processor]: Zone=CLEAR
[image_processor-23] [INFO] [1776701224.675218547] [robot_2.image_processor]: Zone=CORNER  left[p=1.314 near=0 v=5579]  front[p=0.409 near=7118 v=12968]  right[p=0.242 near=7740 v=7740]
[robot_supervisor-13] [INFO] [1776701224.675690901] [robot_2.robot_supervisor]: Detected zone changed to CORNER
[image_processor-21] [INFO] [1776701224.683567946] [robot_0.image_processor]: Zone=CORNER
[robot_supervisor-13] [INFO] [1776701224.693131584] [robot_2.robot_supervisor]: Selected controllable event: EV_rotate_clockwise
[image_processor-25] [INFO] [1776701224.695774000] [robot_4.image_processor]: Zone=CLEAR
[robot_supervisor-16] [INFO] [1776701224.753730612] [robot_3.robot_supervisor]: Selected controllable event: EV_move_forward
[robot_supervisor-19] [INFO] [1776701224.928473750] [robot_4.robot_supervisor]: Selected controllable event: EV_move_forward
[robot_supervisor-16] [INFO] [1776701225.053613635] [robot_3.robot_supervisor]: Selected controllable event: EV_move_forward
[bump_counter-3] [INFO] [1776701225.091591048] [bump_counter]: [global] bump #12 (obstacle) with: east_wall::link::collision
[robot_supervisor-19] [INFO] [1776701225.228653629] [robot_4.robot_supervisor]: Selected controllable event: EV_move_forward
[robot_supervisor-16] [INFO] [1776701225.353685641] [robot_3.robot_supervisor]: Selected controllable event: EV_move_forward
[robot_supervisor-19] [INFO] [1776701225.528477021] [robot_4.robot_supervisor]: Selected controllable event: EV_move_forward
[robot_supervisor-16] [INFO] [1776701225.653769640] [robot_3.robot_supervisor]: Selected controllable event: EV_move_forward
[robot_supervisor-10] [INFO] [1776701225.658088585] [robot_1.robot_supervisor]: Selected controllable event: EV_rotate_counterclockwise
[robot_supervisor-10] [INFO] [1776701225.658416915] [robot_1.robot_supervisor]: rotate_90 blocked by recent completion; stopping this tick
[robot_supervisor-10] [INFO] [1776701225.758108581] [robot_1.robot_supervisor]: Selected controllable event: EV_rotate_counterclockwise
[robot_supervisor-10] [INFO] [1776701225.758457151] [robot_1.robot_supervisor]: rotate_90 blocked by recent completion; stopping this tick
[robot_supervisor-19] [INFO] [1776701225.828393326] [robot_4.robot_supervisor]: Selected controllable event: EV_move_forward
[robot_supervisor-10] [INFO] [1776701225.857767175] [robot_1.robot_supervisor]: Selected controllable event: EV_rotate_counterclockwise
[robot_supervisor-10] [INFO] [1776701225.857938795] [robot_1.robot_supervisor]: rotate_90 blocked by recent completion; stopping this tick
[robot_supervisor-16] [INFO] [1776701225.953736780] [robot_3.robot_supervisor]: Selected controllable event: EV_random_walk
[robot_supervisor-10] [INFO] [1776701225.958080798] [robot_1.robot_supervisor]: Selected controllable event: EV_rotate_counterclockwise
[robot_supervisor-19] [INFO] [1776701226.128118891] [robot_4.robot_supervisor]: Selected controllable event: EV_move_forward
[robot_supervisor-7] [INFO] [1776701226.159773666] [robot_0.robot_supervisor]: Selected controllable event: EV_rotate_clockwise
[robot_supervisor-7] [INFO] [1776701226.160279715] [robot_0.robot_supervisor]: rotate_90 blocked by recent completion; stopping this tick
[robot_supervisor-16] [INFO] [1776701226.254007815] [robot_3.robot_supervisor]: Selected controllable event: EV_random_walk
[robot_supervisor-7] [INFO] [1776701226.259669290] [robot_0.robot_supervisor]: Selected controllable event: EV_rotate_clockwise
[robot_supervisor-7] [INFO] [1776701226.260174641] [robot_0.robot_supervisor]: rotate_90 blocked by recent completion; stopping this tick
[robot_supervisor-7] [INFO] [1776701226.359840037] [robot_0.robot_supervisor]: Selected controllable event: EV_rotate_clockwise
[robot_supervisor-7] [INFO] [1776701226.360244909] [robot_0.robot_supervisor]: rotate_90 blocked by recent completion; stopping this tick
[robot_supervisor-19] [INFO] [1776701226.428169013] [robot_4.robot_supervisor]: Selected controllable event: EV_random_walk
[robot_supervisor-7] [INFO] [1776701226.459673100] [robot_0.robot_supervisor]: Selected controllable event: EV_rotate_clockwise
[robot_supervisor-16] [INFO] [1776701226.553970194] [robot_3.robot_supervisor]: Selected controllable event: EV_move_forward
[robot_supervisor-19] [INFO] [1776701226.728715979] [robot_4.robot_supervisor]: Selected controllable event: EV_random_walk
[robot_supervisor-16] [INFO] [1776701226.853482159] [robot_3.robot_supervisor]: Selected controllable event: EV_move_forward
[robot_supervisor-13] [INFO] [1776701226.893402367] [robot_2.robot_supervisor]: Selected controllable event: EV_rotate_clockwise
[robot_supervisor-13] [INFO] [1776701226.893794198] [robot_2.robot_supervisor]: rotate_90 blocked by recent completion; stopping this tick
[robot_supervisor-13] [INFO] [1776701226.993293615] [robot_2.robot_supervisor]: Selected controllable event: EV_rotate_clockwise
[robot_supervisor-13] [INFO] [1776701226.993608398] [robot_2.robot_supervisor]: rotate_90 blocked by recent completion; stopping this tick
[robot_supervisor-19] [INFO] [1776701227.028587855] [robot_4.robot_supervisor]: Selected controllable event: EV_move_forward
[robot_supervisor-13] [INFO] [1776701227.093372436] [robot_2.robot_supervisor]: Selected controllable event: EV_rotate_clockwise
[robot_supervisor-13] [INFO] [1776701227.093733567] [robot_2.robot_supervisor]: rotate_90 blocked by recent completion; stopping this tick
[robot_supervisor-16] [INFO] [1776701227.153720957] [robot_3.robot_supervisor]: Selected controllable event: EV_random_walk
[image_processor-22] [INFO] [1776701227.154640893] [robot_1.image_processor]: Zone=RIGHT
[image_processor-24] [INFO] [1776701227.166068655] [robot_3.image_processor]: Zone=CLEAR
[image_processor-23] [INFO] [1776701227.173459972] [robot_2.image_processor]: Zone=CORNER
[image_processor-21] [INFO] [1776701227.188174789] [robot_0.image_processor]: Zone=CLEAR  left[p=1.565 near=0 v=7136]  front[p=1.124 near=0 v=10821]  right[p=2.820 near=0 v=4920]
[robot_supervisor-7] [INFO] [1776701227.188672734] [robot_0.robot_supervisor]: Detected zone changed to CLEAR
[robot_supervisor-13] [INFO] [1776701227.193227707] [robot_2.robot_supervisor]: Selected controllable event: EV_rotate_clockwise
[image_processor-25] [INFO] [1776701227.200417732] [robot_4.image_processor]: Zone=CLEAR
[robot_supervisor-19] [INFO] [1776701227.328424112] [robot_4.robot_supervisor]: Selected controllable event: EV_move_forward
[robot_supervisor-16] [INFO] [1776701227.453731187] [robot_3.robot_supervisor]: Selected controllable event: EV_random_walk
[robot_supervisor-19] [INFO] [1776701227.628394827] [robot_4.robot_supervisor]: Selected controllable event: EV_move_forward
[robot_supervisor-16] [INFO] [1776701227.753951897] [robot_3.robot_supervisor]: Selected controllable event: EV_random_walk
[robot_supervisor-19] [INFO] [1776701227.928413342] [robot_4.robot_supervisor]: Selected controllable event: EV_move_forward
[robot_supervisor-16] [INFO] [1776701228.053575411] [robot_3.robot_supervisor]: Selected controllable event: EV_random_walk
[robot_supervisor-10] [INFO] [1776701228.057834221] [robot_1.robot_supervisor]: Selected controllable event: EV_rotate_counterclockwise
[robot_supervisor-10] [INFO] [1776701228.058169288] [robot_1.robot_supervisor]: rotate_90 blocked by recent completion; stopping this tick
[robot_supervisor-10] [INFO] [1776701228.157992044] [robot_1.robot_supervisor]: Selected controllable event: EV_rotate_counterclockwise
[robot_supervisor-10] [INFO] [1776701228.158500534] [robot_1.robot_supervisor]: rotate_90 blocked by recent completion; stopping this tick
[robot_supervisor-19] [INFO] [1776701228.228191118] [robot_4.robot_supervisor]: Selected controllable event: EV_move_forward
[robot_supervisor-10] [INFO] [1776701228.257935540] [robot_1.robot_supervisor]: Selected controllable event: EV_rotate_counterclockwise
[robot_supervisor-10] [INFO] [1776701228.258278389] [robot_1.robot_supervisor]: rotate_90 blocked by recent completion; stopping this tick
[robot_supervisor-16] [INFO] [1776701228.353734931] [robot_3.robot_supervisor]: Selected controllable event: EV_move_forward
[robot_supervisor-10] [INFO] [1776701228.358011562] [robot_1.robot_supervisor]: Selected controllable event: EV_rotate_counterclockwise
[robot_supervisor-19] [INFO] [1776701228.528422550] [robot_4.robot_supervisor]: Selected controllable event: EV_move_forward
[robot_supervisor-7] [INFO] [1776701228.559668279] [robot_0.robot_supervisor]: Selected controllable event: EV_random_walk
[robot_supervisor-16] [INFO] [1776701228.653805180] [robot_3.robot_supervisor]: Selected controllable event: EV_move_forward
[robot_supervisor-19] [INFO] [1776701228.828398604] [robot_4.robot_supervisor]: Selected controllable event: EV_random_walk
[robot_supervisor-7] [INFO] [1776701228.859624243] [robot_0.robot_supervisor]: Selected controllable event: EV_random_walk
[robot_supervisor-16] [INFO] [1776701228.953700989] [robot_3.robot_supervisor]: Selected controllable event: EV_random_walk
[robot_supervisor-19] [INFO] [1776701229.128399026] [robot_4.robot_supervisor]: Selected controllable event: EV_random_walk
[robot_supervisor-7] [INFO] [1776701229.159408620] [robot_0.robot_supervisor]: Selected controllable event: EV_move_forward
[robot_supervisor-16] [INFO] [1776701229.253720263] [robot_3.robot_supervisor]: Selected controllable event: EV_random_walk
[robot_supervisor-13] [INFO] [1776701229.293604807] [robot_2.robot_supervisor]: Selected controllable event: EV_rotate_clockwise
[robot_supervisor-13] [INFO] [1776701229.294089483] [robot_2.robot_supervisor]: rotate_90 blocked by recent completion; stopping this tick
[robot_supervisor-13] [INFO] [1776701229.393163437] [robot_2.robot_supervisor]: Selected controllable event: EV_rotate_clockwise
[robot_supervisor-13] [INFO] [1776701229.393346171] [robot_2.robot_supervisor]: rotate_90 blocked by recent completion; stopping this tick
[robot_supervisor-19] [INFO] [1776701229.428438790] [robot_4.robot_supervisor]: Selected controllable event: EV_move_forward
[robot_supervisor-7] [INFO] [1776701229.459628871] [robot_0.robot_supervisor]: Selected controllable event: EV_move_forward
[robot_supervisor-13] [INFO] [1776701229.493089288] [robot_2.robot_supervisor]: Selected controllable event: EV_rotate_clockwise
[robot_supervisor-13] [INFO] [1776701229.493259443] [robot_2.robot_supervisor]: rotate_90 blocked by recent completion; stopping this tick
[robot_supervisor-16] [INFO] [1776701229.553596235] [robot_3.robot_supervisor]: Selected controllable event: EV_move_forward
[robot_supervisor-13] [INFO] [1776701229.593261229] [robot_2.robot_supervisor]: Selected controllable event: EV_rotate_clockwise
[image_processor-22] [INFO] [1776701229.656949507] [robot_1.image_processor]: Zone=CORNER  left[p=0.240 near=7650 v=7650]  front[p=0.264 near=13500 v=13500]  right[p=0.309 near=7740 v=7740]
[robot_supervisor-10] [INFO] [1776701229.657579629] [robot_1.robot_supervisor]: Detected zone changed to CORNER
[image_processor-24] [INFO] [1776701229.668363874] [robot_3.image_processor]: Zone=CLEAR
[image_processor-23] [INFO] [1776701229.677430873] [robot_2.image_processor]: Zone=CORNER
[image_processor-21] [INFO] [1776701229.694225159] [robot_0.image_processor]: Zone=CLEAR
[image_processor-25] [INFO] [1776701229.705776256] [robot_4.image_processor]: Zone=CLEAR
[robot_supervisor-19] [INFO] [1776701229.728345439] [robot_4.robot_supervisor]: Selected controllable event: EV_move_forward
[robot_supervisor-7] [INFO] [1776701229.759653386] [robot_0.robot_supervisor]: Selected controllable event: EV_random_walk
[robot_supervisor-16] [INFO] [1776701229.853705710] [robot_3.robot_supervisor]: Selected controllable event: EV_move_forward
[robot_supervisor-19] [INFO] [1776701230.028563427] [robot_4.robot_supervisor]: Selected controllable event: EV_move_forward
[robot_supervisor-7] [INFO] [1776701230.059834084] [robot_0.robot_supervisor]: Selected controllable event: EV_random_walk
[robot_supervisor-16] [INFO] [1776701230.153782484] [robot_3.robot_supervisor]: Selected controllable event: EV_random_walk
[robot_supervisor-19] [INFO] [1776701230.328501760] [robot_4.robot_supervisor]: Selected controllable event: EV_move_forward
[robot_supervisor-7] [INFO] [1776701230.359522393] [robot_0.robot_supervisor]: Selected controllable event: EV_move_forward
[robot_supervisor-16] [INFO] [1776701230.453782167] [robot_3.robot_supervisor]: Selected controllable event: EV_random_walk
[robot_supervisor-10] [INFO] [1776701230.558028384] [robot_1.robot_supervisor]: Selected controllable event: EV_rotate_clockwise
[robot_supervisor-10] [INFO] [1776701230.558354029] [robot_1.robot_supervisor]: rotate_90 blocked by recent completion; stopping this tick
[robot_supervisor-19] [INFO] [1776701230.628142095] [robot_4.robot_supervisor]: Selected controllable event: EV_random_walk
[robot_supervisor-10] [INFO] [1776701230.658008241] [robot_1.robot_supervisor]: Selected controllable event: EV_rotate_clockwise
[robot_supervisor-10] [INFO] [1776701230.658399160] [robot_1.robot_supervisor]: rotate_90 blocked by recent completion; stopping this tick
[robot_supervisor-7] [INFO] [1776701230.659694536] [robot_0.robot_supervisor]: Selected controllable event: EV_move_forward
[robot_supervisor-16] [INFO] [1776701230.753534671] [robot_3.robot_supervisor]: Selected controllable event: EV_move_forward
[robot_supervisor-10] [INFO] [1776701230.757788600] [robot_1.robot_supervisor]: Selected controllable event: EV_rotate_clockwise
[robot_supervisor-19] [INFO] [1776701230.928577376] [robot_4.robot_supervisor]: Selected controllable event: EV_random_walk
[robot_supervisor-7] [INFO] [1776701230.959597706] [robot_0.robot_supervisor]: Selected controllable event: EV_random_walk
[robot_supervisor-16] [INFO] [1776701231.053713256] [robot_3.robot_supervisor]: Selected controllable event: EV_move_forward
[robot_supervisor-19] [INFO] [1776701231.228483886] [robot_4.robot_supervisor]: Selected controllable event: EV_random_walk
[robot_supervisor-7] [INFO] [1776701231.259715699] [robot_0.robot_supervisor]: Selected controllable event: EV_random_walk
[robot_supervisor-16] [INFO] [1776701231.353699220] [robot_3.robot_supervisor]: Selected controllable event: EV_random_walk
[robot_supervisor-19] [INFO] [1776701231.528416324] [robot_4.robot_supervisor]: Selected controllable event: EV_random_walk
[robot_supervisor-7] [INFO] [1776701231.559793580] [robot_0.robot_supervisor]: Selected controllable event: EV_random_walk
[robot_supervisor-16] [INFO] [1776701231.653866486] [robot_3.robot_supervisor]: Selected controllable event: EV_random_walk
[robot_supervisor-13] [INFO] [1776701231.793402729] [robot_2.robot_supervisor]: Selected controllable event: EV_rotate_clockwise
[robot_supervisor-13] [INFO] [1776701231.793856586] [robot_2.robot_supervisor]: rotate_90 blocked by recent completion; stopping this tick
[robot_supervisor-19] [INFO] [1776701231.828342269] [robot_4.robot_supervisor]: Selected controllable event: EV_random_walk
[robot_supervisor-7] [INFO] [1776701231.859569436] [robot_0.robot_supervisor]: Selected controllable event: EV_random_walk
[robot_supervisor-13] [INFO] [1776701231.893365774] [robot_2.robot_supervisor]: Selected controllable event: EV_rotate_clockwise
[robot_supervisor-13] [INFO] [1776701231.893727102] [robot_2.robot_supervisor]: rotate_90 blocked by recent completion; stopping this tick
[robot_supervisor-16] [INFO] [1776701231.953700489] [robot_3.robot_supervisor]: Selected controllable event: EV_random_walk
[robot_supervisor-13] [INFO] [1776701231.993544468] [robot_2.robot_supervisor]: Selected controllable event: EV_rotate_clockwise
[robot_supervisor-19] [INFO] [1776701232.128342270] [robot_4.robot_supervisor]: Selected controllable event: EV_random_walk
[image_processor-22] [INFO] [1776701232.157569550] [robot_1.image_processor]: Zone=CORNER
[robot_supervisor-7] [INFO] [1776701232.159623883] [robot_0.robot_supervisor]: Selected controllable event: EV_random_walk
[image_processor-24] [INFO] [1776701232.172268150] [robot_3.image_processor]: Zone=CLEAR
[image_processor-23] [INFO] [1776701232.191572979] [robot_2.image_processor]: Zone=CLEAR  left[p=0.881 near=0 v=7644]  front[p=1.777 near=0 v=5688]  right[p=1.241 near=0 v=5649]
[robot_supervisor-13] [INFO] [1776701232.192027564] [robot_2.robot_supervisor]: Detected zone changed to CLEAR
[image_processor-21] [INFO] [1776701232.207158300] [robot_0.image_processor]: Zone=CLEAR
[image_processor-25] [INFO] [1776701232.219787190] [robot_4.image_processor]: Zone=CLEAR
[robot_supervisor-16] [INFO] [1776701232.253760118] [robot_3.robot_supervisor]: Selected controllable event: EV_random_walk
[robot_supervisor-19] [INFO] [1776701232.428802073] [robot_4.robot_supervisor]: Selected controllable event: EV_random_walk
[robot_supervisor-7] [INFO] [1776701232.459585602] [robot_0.robot_supervisor]: Selected controllable event: EV_random_walk
[robot_supervisor-16] [INFO] [1776701232.553741543] [robot_3.robot_supervisor]: Selected controllable event: EV_random_walk
[robot_supervisor-19] [INFO] [1776701232.728459930] [robot_4.robot_supervisor]: Selected controllable event: EV_random_walk
[robot_supervisor-7] [INFO] [1776701232.759844314] [robot_0.robot_supervisor]: Selected controllable event: EV_random_walk
[robot_supervisor-16] [INFO] [1776701232.853540647] [robot_3.robot_supervisor]: Selected controllable event: EV_random_walk
[robot_supervisor-10] [INFO] [1776701232.858216845] [robot_1.robot_supervisor]: Selected controllable event: EV_rotate_clockwise
[robot_supervisor-10] [INFO] [1776701232.858712128] [robot_1.robot_supervisor]: rotate_90 blocked by recent completion; stopping this tick
[robot_supervisor-10] [INFO] [1776701232.958168078] [robot_1.robot_supervisor]: Selected controllable event: EV_rotate_clockwise
[robot_supervisor-10] [INFO] [1776701232.958650339] [robot_1.robot_supervisor]: rotate_90 blocked by recent completion; stopping this tick
[robot_supervisor-19] [INFO] [1776701233.028366289] [robot_4.robot_supervisor]: Selected controllable event: EV_move_forward
[robot_supervisor-10] [INFO] [1776701233.058333205] [robot_1.robot_supervisor]: Selected controllable event: EV_rotate_clockwise
[robot_supervisor-10] [INFO] [1776701233.058816555] [robot_1.robot_supervisor]: rotate_90 blocked by recent completion; stopping this tick
[robot_supervisor-7] [INFO] [1776701233.059827540] [robot_0.robot_supervisor]: Selected controllable event: EV_random_walk
[robot_supervisor-16] [INFO] [1776701233.153720830] [robot_3.robot_supervisor]: Selected controllable event: EV_move_forward
[robot_supervisor-10] [INFO] [1776701233.158145899] [robot_1.robot_supervisor]: Selected controllable event: EV_rotate_clockwise
[robot_supervisor-19] [INFO] [1776701233.328140889] [robot_4.robot_supervisor]: Selected controllable event: EV_move_forward
[robot_supervisor-7] [INFO] [1776701233.359675832] [robot_0.robot_supervisor]: Selected controllable event: EV_move_forward
[robot_supervisor-16] [INFO] [1776701233.453680766] [robot_3.robot_supervisor]: Selected controllable event: EV_move_forward
[robot_supervisor-19] [INFO] [1776701233.628201122] [robot_4.robot_supervisor]: Selected controllable event: EV_random_walk
[robot_supervisor-7] [INFO] [1776701233.659557626] [robot_0.robot_supervisor]: Selected controllable event: EV_move_forward
[robot_supervisor-16] [INFO] [1776701233.753512404] [robot_3.robot_supervisor]: Selected controllable event: EV_move_forward
[robot_supervisor-19] [INFO] [1776701233.928351741] [robot_4.robot_supervisor]: Selected controllable event: EV_random_walk
[robot_supervisor-7] [INFO] [1776701233.959790323] [robot_0.robot_supervisor]: Selected controllable event: EV_random_walk
[robot_supervisor-16] [INFO] [1776701234.053523082] [robot_3.robot_supervisor]: Selected controllable event: EV_move_forward
[robot_supervisor-13] [INFO] [1776701234.193455520] [robot_2.robot_supervisor]: Selected controllable event: EV_random_walk
[robot_supervisor-19] [INFO] [1776701234.228750272] [robot_4.robot_supervisor]: Selected controllable event: EV_move_forward
[robot_supervisor-7] [INFO] [1776701234.259939216] [robot_0.robot_supervisor]: Selected controllable event: EV_random_walk
[robot_supervisor-16] [INFO] [1776701234.354009740] [robot_3.robot_supervisor]: Selected controllable event: EV_random_walk
[bump_counter-3] [INFO] [1776701234.370576507] [bump_counter]: [global] bump #13 (obstacle) with: east_wall::link::collision
[robot_supervisor-13] [INFO] [1776701234.493369353] [robot_2.robot_supervisor]: Selected controllable event: EV_random_walk
[robot_supervisor-19] [INFO] [1776701234.528376975] [robot_4.robot_supervisor]: Selected controllable event: EV_move_forward
[robot_supervisor-7] [INFO] [1776701234.559605445] [robot_0.robot_supervisor]: Selected controllable event: EV_random_walk
[robot_supervisor-16] [INFO] [1776701234.653738863] [robot_3.robot_supervisor]: Selected controllable event: EV_random_walk
[image_processor-22] [INFO] [1776701234.654057057] [robot_1.image_processor]: Zone=LEFT  left[p=0.728 near=6454 v=7650]  front[p=0.815 near=649 v=13500]  right[p=0.980 near=0 v=7740]
[robot_supervisor-10] [INFO] [1776701234.654504039] [robot_1.robot_supervisor]: Detected zone changed to LEFT
[image_processor-24] [INFO] [1776701234.666316061] [robot_3.image_processor]: Zone=CLEAR
[image_processor-23] [INFO] [1776701234.676044005] [robot_2.image_processor]: Zone=CORNER  left[p=0.564 near=3999 v=7650]  front[p=0.260 near=13500 v=13500]  right[p=0.193 near=7740 v=7740]
[robot_supervisor-13] [INFO] [1776701234.677148776] [robot_2.robot_supervisor]: Detected zone changed to CORNER
[image_processor-21] [INFO] [1776701234.692793234] [robot_0.image_processor]: Zone=CLEAR
[image_processor-25] [INFO] [1776701234.708016390] [robot_4.image_processor]: Zone=LEFT  left[p=0.430 near=7650 v=7650]  front[p=0.749 near=2057 v=13500]  right[p=0.909 near=0 v=7740]
[robot_supervisor-19] [INFO] [1776701234.708881098] [robot_4.robot_supervisor]: Detected zone changed to LEFT
[robot_supervisor-13] [INFO] [1776701234.793246935] [robot_2.robot_supervisor]: Selected controllable event: EV_rotate_clockwise
[robot_supervisor-19] [INFO] [1776701234.828398666] [robot_4.robot_supervisor]: Selected controllable event: EV_rotate_clockwise
[robot_supervisor-7] [INFO] [1776701234.859593608] [robot_0.robot_supervisor]: Selected controllable event: EV_random_walk
[robot_supervisor-16] [INFO] [1776701234.953503969] [robot_3.robot_supervisor]: Selected controllable event: EV_random_walk
[robot_supervisor-7] [INFO] [1776701235.159679183] [robot_0.robot_supervisor]: Selected controllable event: EV_random_walk
[robot_supervisor-16] [INFO] [1776701235.253571848] [robot_3.robot_supervisor]: Selected controllable event: EV_random_walk
[robot_supervisor-10] [INFO] [1776701235.357967270] [robot_1.robot_supervisor]: Selected controllable event: EV_rotate_clockwise
[robot_supervisor-10] [INFO] [1776701235.358390146] [robot_1.robot_supervisor]: rotate_90 blocked by recent completion; stopping this tick
[robot_supervisor-10] [INFO] [1776701235.457954656] [robot_1.robot_supervisor]: Selected controllable event: EV_rotate_clockwise
[robot_supervisor-10] [INFO] [1776701235.458491931] [robot_1.robot_supervisor]: rotate_90 blocked by recent completion; stopping this tick
[robot_supervisor-7] [INFO] [1776701235.459794057] [robot_0.robot_supervisor]: Selected controllable event: EV_random_walk
[robot_supervisor-16] [INFO] [1776701235.553526111] [robot_3.robot_supervisor]: Selected controllable event: EV_move_forward
[robot_supervisor-10] [INFO] [1776701235.558334972] [robot_1.robot_supervisor]: Selected controllable event: EV_rotate_clockwise
[robot_supervisor-7] [INFO] [1776701235.759459647] [robot_0.robot_supervisor]: Selected controllable event: EV_move_forward
[robot_supervisor-16] [INFO] [1776701235.853756272] [robot_3.robot_supervisor]: Selected controllable event: EV_move_forward
[robot_supervisor-7] [INFO] [1776701236.059746322] [robot_0.robot_supervisor]: Selected controllable event: EV_move_forward
[robot_supervisor-16] [INFO] [1776701236.153725466] [robot_3.robot_supervisor]: Selected controllable event: EV_move_forward
[bump_counter-3] [INFO] [1776701236.251502118] [bump_counter]: [global] bump #14 (robot) with: robot_1<->robot_3
[robot_supervisor-7] [INFO] [1776701236.359487555] [robot_0.robot_supervisor]: Selected controllable event: EV_random_walk
[robot_supervisor-16] [INFO] [1776701236.453748498] [robot_3.robot_supervisor]: Selected controllable event: EV_move_forward
[robot_supervisor-7] [INFO] [1776701236.659883316] [robot_0.robot_supervisor]: Selected controllable event: EV_random_walk
[robot_supervisor-16] [INFO] [1776701236.753732355] [robot_3.robot_supervisor]: Selected controllable event: EV_random_walk
[robot_supervisor-13] [INFO] [1776701236.893557000] [robot_2.robot_supervisor]: Selected controllable event: EV_rotate_clockwise
[robot_supervisor-13] [INFO] [1776701236.894046260] [robot_2.robot_supervisor]: rotate_90 blocked by recent completion; stopping this tick
[robot_supervisor-7] [INFO] [1776701236.959559348] [robot_0.robot_supervisor]: Selected controllable event: EV_move_forward
[robot_supervisor-13] [INFO] [1776701236.993352684] [robot_2.robot_supervisor]: Selected controllable event: EV_rotate_clockwise
[robot_supervisor-13] [INFO] [1776701236.993712725] [robot_2.robot_supervisor]: rotate_90 blocked by recent completion; stopping this tick
[robot_supervisor-19] [INFO] [1776701237.028616758] [robot_4.robot_supervisor]: Selected controllable event: EV_rotate_clockwise
[robot_supervisor-19] [INFO] [1776701237.029128809] [robot_4.robot_supervisor]: rotate_90 blocked by recent completion; stopping this tick
[robot_supervisor-16] [INFO] [1776701237.053810528] [robot_3.robot_supervisor]: Selected controllable event: EV_random_walk
[robot_supervisor-13] [INFO] [1776701237.093362558] [robot_2.robot_supervisor]: Selected controllable event: EV_rotate_clockwise
[robot_supervisor-13] [INFO] [1776701237.093720464] [robot_2.robot_supervisor]: rotate_90 blocked by recent completion; stopping this tick
[robot_supervisor-19] [INFO] [1776701237.128582559] [robot_4.robot_supervisor]: Selected controllable event: EV_rotate_clockwise
[robot_supervisor-19] [INFO] [1776701237.128942719] [robot_4.robot_supervisor]: rotate_90 blocked by recent completion; stopping this tick
[image_processor-22] [INFO] [1776701237.163395574] [robot_1.image_processor]: Zone=CORNER  left[p=1.807 near=27 v=7296]  front[p=0.375 near=1607 v=9760]  right[p=2.703 near=0 v=4764]
[robot_supervisor-10] [INFO] [1776701237.163914862] [robot_1.robot_supervisor]: Detected zone changed to CORNER
[image_processor-24] [INFO] [1776701237.175840371] [robot_3.image_processor]: Zone=LEFT  left[p=0.318 near=4584 v=7650]  front[p=0.998 near=246 v=13500]  right[p=0.702 near=4096 v=7740]
[robot_supervisor-16] [INFO] [1776701237.176309431] [robot_3.robot_supervisor]: Detected zone changed to LEFT
[image_processor-23] [INFO] [1776701237.185654152] [robot_2.image_processor]: Zone=CORNER
[robot_supervisor-13] [INFO] [1776701237.193270821] [robot_2.robot_supervisor]: Selected controllable event: EV_rotate_clockwise
[image_processor-21] [INFO] [1776701237.200681319] [robot_0.image_processor]: Zone=CLEAR
[image_processor-25] [INFO] [1776701237.211888562] [robot_4.image_processor]: Zone=LEFT
[robot_supervisor-19] [INFO] [1776701237.228629381] [robot_4.robot_supervisor]: Selected controllable event: EV_rotate_clockwise
[robot_supervisor-7] [INFO] [1776701237.259778018] [robot_0.robot_supervisor]: Selected controllable event: EV_move_forward
[robot_supervisor-16] [INFO] [1776701237.353707293] [robot_3.robot_supervisor]: Selected controllable event: EV_rotate_clockwise
[robot_supervisor-7] [INFO] [1776701237.559600193] [robot_0.robot_supervisor]: Selected controllable event: EV_random_walk
[robot_supervisor-10] [INFO] [1776701237.757992769] [robot_1.robot_supervisor]: Selected controllable event: EV_rotate_clockwise
[robot_supervisor-10] [INFO] [1776701237.758352888] [robot_1.robot_supervisor]: rotate_90 blocked by recent completion; stopping this tick
[robot_supervisor-10] [INFO] [1776701237.857968977] [robot_1.robot_supervisor]: Selected controllable event: EV_rotate_clockwise
[robot_supervisor-10] [INFO] [1776701237.858320670] [robot_1.robot_supervisor]: rotate_90 blocked by recent completion; stopping this tick
[robot_supervisor-7] [INFO] [1776701237.859588898] [robot_0.robot_supervisor]: Selected controllable event: EV_random_walk
[robot_supervisor-10] [INFO] [1776701237.958015835] [robot_1.robot_supervisor]: Selected controllable event: EV_rotate_clockwise
[robot_supervisor-7] [INFO] [1776701238.159617075] [robot_0.robot_supervisor]: Selected controllable event: EV_move_forward
[robot_supervisor-7] [INFO] [1776701238.459520483] [robot_0.robot_supervisor]: Selected controllable event: EV_move_forward
[robot_supervisor-7] [INFO] [1776701238.759673929] [robot_0.robot_supervisor]: Selected controllable event: EV_random_walk
[robot_supervisor-7] [INFO] [1776701239.059412024] [robot_0.robot_supervisor]: Selected controllable event: EV_random_walk
[robot_supervisor-19] [INFO] [1776701239.328690163] [robot_4.robot_supervisor]: Selected controllable event: EV_rotate_clockwise
[robot_supervisor-19] [INFO] [1776701239.329032371] [robot_4.robot_supervisor]: rotate_90 blocked by recent completion; stopping this tick
[robot_supervisor-7] [INFO] [1776701239.359638327] [robot_0.robot_supervisor]: Selected controllable event: EV_move_forward
[robot_supervisor-13] [INFO] [1776701239.393402961] [robot_2.robot_supervisor]: Selected controllable event: EV_rotate_clockwise
[robot_supervisor-13] [INFO] [1776701239.393791691] [robot_2.robot_supervisor]: rotate_90 blocked by recent completion; stopping this tick
[robot_supervisor-19] [INFO] [1776701239.428690016] [robot_4.robot_supervisor]: Selected controllable event: EV_rotate_clockwise
[robot_supervisor-19] [INFO] [1776701239.429176082] [robot_4.robot_supervisor]: rotate_90 blocked by recent completion; stopping this tick
[robot_supervisor-13] [INFO] [1776701239.493234126] [robot_2.robot_supervisor]: Selected controllable event: EV_rotate_clockwise
[robot_supervisor-13] [INFO] [1776701239.493465245] [robot_2.robot_supervisor]: rotate_90 blocked by recent completion; stopping this tick
[robot_supervisor-19] [INFO] [1776701239.528382551] [robot_4.robot_supervisor]: Selected controllable event: EV_rotate_clockwise
[robot_supervisor-19] [INFO] [1776701239.528798731] [robot_4.robot_supervisor]: rotate_90 blocked by recent completion; stopping this tick
[robot_supervisor-16] [INFO] [1776701239.553727068] [robot_3.robot_supervisor]: Selected controllable event: EV_rotate_clockwise
[robot_supervisor-16] [INFO] [1776701239.554082279] [robot_3.robot_supervisor]: rotate_90 blocked by recent completion; stopping this tick
[robot_supervisor-13] [INFO] [1776701239.593376801] [robot_2.robot_supervisor]: Selected controllable event: EV_rotate_clockwise
[robot_supervisor-19] [INFO] [1776701239.628401193] [robot_4.robot_supervisor]: Selected controllable event: EV_rotate_clockwise
[robot_supervisor-16] [INFO] [1776701239.653976376] [robot_3.robot_supervisor]: Selected controllable event: EV_rotate_clockwise
[robot_supervisor-16] [INFO] [1776701239.654476222] [robot_3.robot_supervisor]: rotate_90 blocked by recent completion; stopping this tick
[image_processor-22] [INFO] [1776701239.656370843] [robot_1.image_processor]: Zone=CORNER
[robot_supervisor-7] [INFO] [1776701239.659425924] [robot_0.robot_supervisor]: Selected controllable event: EV_move_forward
[image_processor-24] [INFO] [1776701239.664576801] [robot_3.image_processor]: Zone=LEFT
[image_processor-23] [INFO] [1776701239.677301951] [robot_2.image_processor]: Zone=LEFT  left[p=0.695 near=3781 v=7650]  front[p=1.085 near=0 v=13500]  right[p=0.929 near=0 v=7740]
[robot_supervisor-13] [INFO] [1776701239.678098623] [robot_2.robot_supervisor]: Detected zone changed to LEFT
[image_processor-21] [INFO] [1776701239.687873856] [robot_0.image_processor]: Zone=CLEAR
[image_processor-25] [INFO] [1776701239.707691351] [robot_4.image_processor]: Zone=LEFT
[robot_supervisor-16] [INFO] [1776701239.753743564] [robot_3.robot_supervisor]: Selected controllable event: EV_rotate_clockwise
[robot_supervisor-7] [INFO] [1776701239.959641360] [robot_0.robot_supervisor]: Selected controllable event: EV_random_walk
[robot_supervisor-10] [INFO] [1776701240.158026987] [robot_1.robot_supervisor]: Selected controllable event: EV_rotate_clockwise
[robot_supervisor-10] [INFO] [1776701240.158263219] [robot_1.robot_supervisor]: rotate_90 blocked by recent completion; stopping this tick
[robot_supervisor-10] [INFO] [1776701240.258231888] [robot_1.robot_supervisor]: Selected controllable event: EV_rotate_clockwise
[robot_supervisor-10] [INFO] [1776701240.258621491] [robot_1.robot_supervisor]: rotate_90 blocked by recent completion; stopping this tick
[robot_supervisor-7] [INFO] [1776701240.259784935] [robot_0.robot_supervisor]: Selected controllable event: EV_random_walk
[robot_supervisor-10] [INFO] [1776701240.358136901] [robot_1.robot_supervisor]: Selected controllable event: EV_rotate_clockwise
[robot_supervisor-7] [INFO] [1776701240.559551328] [robot_0.robot_supervisor]: Selected controllable event: EV_random_walk
[robot_supervisor-7] [INFO] [1776701240.859521783] [robot_0.robot_supervisor]: Selected controllable event: EV_random_walk
[bump_counter-3] [INFO] [1776701241.111885465] [bump_counter]: [global] bump #15 (robot) with: robot_1<->robot_3
[robot_supervisor-7] [INFO] [1776701241.159856078] [robot_0.robot_supervisor]: Selected controllable event: EV_move_forward
[robot_supervisor-7] [INFO] [1776701241.459636967] [robot_0.robot_supervisor]: Selected controllable event: EV_move_forward
[robot_supervisor-13] [INFO] [1776701241.693355840] [robot_2.robot_supervisor]: Selected controllable event: EV_rotate_clockwise
[robot_supervisor-13] [INFO] [1776701241.693605074] [robot_2.robot_supervisor]: rotate_90 blocked by recent completion; stopping this tick
[robot_supervisor-19] [INFO] [1776701241.728280562] [robot_4.robot_supervisor]: Selected controllable event: EV_rotate_clockwise
[robot_supervisor-19] [INFO] [1776701241.728531833] [robot_4.robot_supervisor]: rotate_90 blocked by recent completion; stopping this tick
[robot_supervisor-7] [INFO] [1776701241.759664911] [robot_0.robot_supervisor]: Selected controllable event: EV_random_walk
[robot_supervisor-13] [INFO] [1776701241.793357204] [robot_2.robot_supervisor]: Selected controllable event: EV_rotate_clockwise
[robot_supervisor-13] [INFO] [1776701241.793729686] [robot_2.robot_supervisor]: rotate_90 blocked by recent completion; stopping this tick
[robot_supervisor-19] [INFO] [1776701241.828421730] [robot_4.robot_supervisor]: Selected controllable event: EV_rotate_clockwise
[robot_supervisor-19] [INFO] [1776701241.828791218] [robot_4.robot_supervisor]: rotate_90 blocked by recent completion; stopping this tick
[robot_supervisor-13] [INFO] [1776701241.893362447] [robot_2.robot_supervisor]: Selected controllable event: EV_rotate_clockwise
[robot_supervisor-13] [INFO] [1776701241.893730816] [robot_2.robot_supervisor]: rotate_90 blocked by recent completion; stopping this tick
[robot_supervisor-19] [INFO] [1776701241.928537052] [robot_4.robot_supervisor]: Selected controllable event: EV_rotate_clockwise
[robot_supervisor-19] [INFO] [1776701241.928969572] [robot_4.robot_supervisor]: rotate_90 blocked by recent completion; stopping this tick
[robot_supervisor-16] [INFO] [1776701241.953762013] [robot_3.robot_supervisor]: Selected controllable event: EV_rotate_clockwise
[robot_supervisor-16] [INFO] [1776701241.954362956] [robot_3.robot_supervisor]: rotate_90 blocked by recent completion; stopping this tick
[robot_supervisor-13] [INFO] [1776701241.993407203] [robot_2.robot_supervisor]: Selected controllable event: EV_rotate_clockwise
[robot_supervisor-19] [INFO] [1776701242.028448469] [robot_4.robot_supervisor]: Selected controllable event: EV_rotate_clockwise
[robot_supervisor-16] [INFO] [1776701242.053766776] [robot_3.robot_supervisor]: Selected controllable event: EV_rotate_clockwise
[robot_supervisor-16] [INFO] [1776701242.053982945] [robot_3.robot_supervisor]: rotate_90 blocked by recent completion; stopping this tick
[robot_supervisor-7] [INFO] [1776701242.059438571] [robot_0.robot_supervisor]: Selected controllable event: EV_random_walk
[robot_supervisor-16] [INFO] [1776701242.153567228] [robot_3.robot_supervisor]: Selected controllable event: EV_rotate_clockwise
[image_processor-22] [INFO] [1776701242.154431614] [robot_1.image_processor]: Zone=CORNER
[image_processor-24] [INFO] [1776701242.164476210] [robot_3.image_processor]: Zone=CLEAR  left[p=1.474 near=0 v=7650]  front[p=3.346 near=0 v=10933]  right[p=3.083 near=0 v=5600]
[robot_supervisor-16] [INFO] [1776701242.165193021] [robot_3.robot_supervisor]: Detected zone changed to CLEAR
[image_processor-23] [INFO] [1776701242.184310182] [robot_2.image_processor]: Zone=LEFT
[image_processor-21] [INFO] [1776701242.197423867] [robot_0.image_processor]: Zone=CLEAR
[image_processor-25] [INFO] [1776701242.208230349] [robot_4.image_processor]: Zone=CORNER  left[p=3.042 near=0 v=5147]  front[p=0.414 near=5266 v=10963]  right[p=0.375 near=7740 v=7740]
[robot_supervisor-19] [INFO] [1776701242.209021855] [robot_4.robot_supervisor]: Detected zone changed to CORNER
[robot_supervisor-7] [INFO] [1776701242.359620492] [robot_0.robot_supervisor]: Selected controllable event: EV_random_walk
[robot_supervisor-10] [INFO] [1776701242.458040004] [robot_1.robot_supervisor]: Selected controllable event: EV_rotate_clockwise
[robot_supervisor-10] [INFO] [1776701242.458465953] [robot_1.robot_supervisor]: rotate_90 blocked by recent completion; stopping this tick
[robot_supervisor-10] [INFO] [1776701242.557812226] [robot_1.robot_supervisor]: Selected controllable event: EV_rotate_clockwise
[robot_supervisor-10] [INFO] [1776701242.558000362] [robot_1.robot_supervisor]: rotate_90 blocked by recent completion; stopping this tick
[robot_supervisor-10] [INFO] [1776701242.657982029] [robot_1.robot_supervisor]: Selected controllable event: EV_rotate_clockwise
[robot_supervisor-10] [INFO] [1776701242.658322559] [robot_1.robot_supervisor]: rotate_90 blocked by recent completion; stopping this tick
[robot_supervisor-7] [INFO] [1776701242.659433666] [robot_0.robot_supervisor]: Selected controllable event: EV_random_walk
[robot_supervisor-10] [INFO] [1776701242.758002853] [robot_1.robot_supervisor]: Selected controllable event: EV_rotate_clockwise
[robot_supervisor-7] [INFO] [1776701242.959455767] [robot_0.robot_supervisor]: Selected controllable event: EV_random_walk
[robot_supervisor-7] [INFO] [1776701243.259428469] [robot_0.robot_supervisor]: Selected controllable event: EV_random_walk
[bump_counter-3] [INFO] [1776701243.322261970] [bump_counter]: [global] bump #16 (robot) with: robot_1<->robot_3
[robot_supervisor-7] [INFO] [1776701243.559518896] [robot_0.robot_supervisor]: Selected controllable event: EV_move_forward
[robot_supervisor-7] [INFO] [1776701243.859375900] [robot_0.robot_supervisor]: Selected controllable event: EV_move_forward
[robot_supervisor-19] [INFO] [1776701244.128427341] [robot_4.robot_supervisor]: Selected controllable event: EV_rotate_clockwise
[robot_supervisor-19] [INFO] [1776701244.128743389] [robot_4.robot_supervisor]: rotate_90 blocked by recent completion; stopping this tick
[robot_supervisor-7] [INFO] [1776701244.159561960] [robot_0.robot_supervisor]: Selected controllable event: EV_random_walk
[robot_supervisor-13] [INFO] [1776701244.193290409] [robot_2.robot_supervisor]: Selected controllable event: EV_rotate_clockwise
[robot_supervisor-13] [INFO] [1776701244.193607881] [robot_2.robot_supervisor]: rotate_90 blocked by recent completion; stopping this tick
[robot_supervisor-19] [INFO] [1776701244.228304929] [robot_4.robot_supervisor]: Selected controllable event: EV_rotate_clockwise
[robot_supervisor-19] [INFO] [1776701244.228542725] [robot_4.robot_supervisor]: rotate_90 blocked by recent completion; stopping this tick
[robot_supervisor-13] [INFO] [1776701244.293443669] [robot_2.robot_supervisor]: Selected controllable event: EV_rotate_clockwise
[robot_supervisor-13] [INFO] [1776701244.293862712] [robot_2.robot_supervisor]: rotate_90 blocked by recent completion; stopping this tick
[robot_supervisor-19] [INFO] [1776701244.328556133] [robot_4.robot_supervisor]: Selected controllable event: EV_rotate_clockwise
[robot_supervisor-19] [INFO] [1776701244.328945690] [robot_4.robot_supervisor]: rotate_90 blocked by recent completion; stopping this tick
[robot_supervisor-16] [INFO] [1776701244.354153721] [robot_3.robot_supervisor]: Selected controllable event: EV_random_walk
[robot_supervisor-13] [INFO] [1776701244.393128812] [robot_2.robot_supervisor]: Selected controllable event: EV_rotate_clockwise
[robot_supervisor-19] [INFO] [1776701244.428315590] [robot_4.robot_supervisor]: Selected controllable event: EV_rotate_clockwise
[robot_supervisor-7] [INFO] [1776701244.459864373] [robot_0.robot_supervisor]: Selected controllable event: EV_random_walk
[robot_supervisor-16] [INFO] [1776701244.653705577] [robot_3.robot_supervisor]: Selected controllable event: EV_random_walk
[image_processor-22] [INFO] [1776701244.654691716] [robot_1.image_processor]: Zone=CORNER
[image_processor-24] [INFO] [1776701244.671990040] [robot_3.image_processor]: Zone=RIGHT  left[p=2.831 near=0 v=4913]  front[p=0.705 near=3610 v=10048]  right[p=0.518 near=7740 v=7740]
[robot_supervisor-16] [INFO] [1776701244.672457140] [robot_3.robot_supervisor]: Detected zone changed to RIGHT
[image_processor-23] [INFO] [1776701244.681452857] [robot_2.image_processor]: Zone=CORNER  left[p=0.341 near=7650 v=7650]  front[p=0.242 near=13500 v=13500]  right[p=0.202 near=7740 v=7740]
[robot_supervisor-13] [INFO] [1776701244.682458537] [robot_2.robot_supervisor]: Detected zone changed to CORNER
[image_processor-21] [INFO] [1776701244.693330661] [robot_0.image_processor]: Zone=CLEAR
[image_processor-25] [INFO] [1776701244.706600320] [robot_4.image_processor]: Zone=LEFT  left[p=0.523 near=6046 v=7650]  front[p=1.116 near=0 v=13500]  right[p=0.798 near=848 v=7740]
[robot_supervisor-19] [INFO] [1776701244.707060119] [robot_4.robot_supervisor]: Detected zone changed to LEFT
[robot_supervisor-7] [INFO] [1776701244.759885847] [robot_0.robot_supervisor]: Selected controllable event: EV_move_forward
[robot_supervisor-10] [INFO] [1776701244.858067979] [robot_1.robot_supervisor]: Selected controllable event: EV_rotate_clockwise
[robot_supervisor-10] [INFO] [1776701244.858439919] [robot_1.robot_supervisor]: rotate_90 blocked by recent completion; stopping this tick
[robot_supervisor-16] [INFO] [1776701244.953690822] [robot_3.robot_supervisor]: Selected controllable event: EV_rotate_counterclockwise
[robot_supervisor-10] [INFO] [1776701244.957963097] [robot_1.robot_supervisor]: Selected controllable event: EV_rotate_clockwise
[robot_supervisor-10] [INFO] [1776701244.958356077] [robot_1.robot_supervisor]: rotate_90 blocked by recent completion; stopping this tick
[robot_supervisor-10] [INFO] [1776701245.057954908] [robot_1.robot_supervisor]: Selected controllable event: EV_rotate_clockwise
[robot_supervisor-10] [INFO] [1776701245.058308190] [robot_1.robot_supervisor]: rotate_90 blocked by recent completion; stopping this tick
[robot_supervisor-7] [INFO] [1776701245.059509012] [robot_0.robot_supervisor]: Selected controllable event: EV_move_forward
[robot_supervisor-10] [INFO] [1776701245.158045987] [robot_1.robot_supervisor]: Selected controllable event: EV_rotate_clockwise
[robot_supervisor-7] [INFO] [1776701245.359703338] [robot_0.robot_supervisor]: Selected controllable event: EV_move_forward
[robot_supervisor-7] [INFO] [1776701245.660009738] [robot_0.robot_supervisor]: Selected controllable event: EV_move_forward
[robot_supervisor-7] [INFO] [1776701245.959808332] [robot_0.robot_supervisor]: Selected controllable event: EV_random_walk
[robot_supervisor-7] [INFO] [1776701246.259651676] [robot_0.robot_supervisor]: Selected controllable event: EV_random_walk
[robot_supervisor-7] [INFO] [1776701246.559588864] [robot_0.robot_supervisor]: Selected controllable event: EV_random_walk
[robot_supervisor-13] [INFO] [1776701246.593147645] [robot_2.robot_supervisor]: Selected controllable event: EV_rotate_clockwise
[robot_supervisor-13] [INFO] [1776701246.593310215] [robot_2.robot_supervisor]: rotate_90 blocked by recent completion; stopping this tick
[robot_supervisor-19] [INFO] [1776701246.628350468] [robot_4.robot_supervisor]: Selected controllable event: EV_rotate_clockwise
[robot_supervisor-19] [INFO] [1776701246.628774995] [robot_4.robot_supervisor]: rotate_90 blocked by recent completion; stopping this tick
[robot_supervisor-13] [INFO] [1776701246.693159117] [robot_2.robot_supervisor]: Selected controllable event: EV_rotate_clockwise
[robot_supervisor-13] [INFO] [1776701246.693409248] [robot_2.robot_supervisor]: rotate_90 blocked by recent completion; stopping this tick
[robot_supervisor-19] [INFO] [1776701246.728461457] [robot_4.robot_supervisor]: Selected controllable event: EV_rotate_clockwise
[robot_supervisor-19] [INFO] [1776701246.728927827] [robot_4.robot_supervisor]: rotate_90 blocked by recent completion; stopping this tick
[robot_supervisor-13] [INFO] [1776701246.793190371] [robot_2.robot_supervisor]: Selected controllable event: EV_rotate_clockwise
[robot_supervisor-19] [INFO] [1776701246.828315250] [robot_4.robot_supervisor]: Selected controllable event: EV_rotate_clockwise
[robot_supervisor-7] [INFO] [1776701246.859643959] [robot_0.robot_supervisor]: Selected controllable event: EV_random_walk
[robot_supervisor-16] [INFO] [1776701247.153729888] [robot_3.robot_supervisor]: Selected controllable event: EV_rotate_counterclockwise
[robot_supervisor-16] [INFO] [1776701247.154045030] [robot_3.robot_supervisor]: rotate_90 blocked by recent completion; stopping this tick
[robot_supervisor-7] [INFO] [1776701247.159504361] [robot_0.robot_supervisor]: Selected controllable event: EV_move_forward
[image_processor-22] [INFO] [1776701247.171851328] [robot_1.image_processor]: Zone=LEFT  left[p=0.424 near=1176 v=6377]  front[p=2.277 near=271 v=6971]  right[p=0.477 near=6030 v=7740]
[robot_supervisor-10] [INFO] [1776701247.172730447] [robot_1.robot_supervisor]: Detected zone changed to LEFT
[image_processor-24] [INFO] [1776701247.183389247] [robot_3.image_processor]: Zone=RIGHT
[image_processor-21] [INFO] [1776701247.212538567] [robot_0.image_processor]: Zone=CLEAR
[image_processor-25] [INFO] [1776701247.219943731] [robot_4.image_processor]: Zone=LEFT
[robot_supervisor-16] [INFO] [1776701247.253508431] [robot_3.robot_supervisor]: Selected controllable event: EV_rotate_counterclockwise
[robot_supervisor-16] [INFO] [1776701247.253727265] [robot_3.robot_supervisor]: rotate_90 blocked by recent completion; stopping this tick
[image_processor-23] [INFO] [1776701247.298295323] [robot_2.image_processor]: Zone=CORNER
[robot_supervisor-16] [INFO] [1776701247.353962622] [robot_3.robot_supervisor]: Selected controllable event: EV_rotate_counterclockwise
[robot_supervisor-16] [INFO] [1776701247.354325809] [robot_3.robot_supervisor]: rotate_90 blocked by recent completion; stopping this tick
[robot_supervisor-10] [INFO] [1776701247.357999382] [robot_1.robot_supervisor]: Selected controllable event: EV_rotate_clockwise
[robot_supervisor-10] [INFO] [1776701247.358358465] [robot_1.robot_supervisor]: rotate_90 blocked by recent completion; stopping this tick
[robot_supervisor-16] [INFO] [1776701247.453760014] [robot_3.robot_supervisor]: Selected controllable event: EV_rotate_counterclockwise
[robot_supervisor-10] [INFO] [1776701247.458157885] [robot_1.robot_supervisor]: Selected controllable event: EV_rotate_clockwise
[robot_supervisor-10] [INFO] [1776701247.458627627] [robot_1.robot_supervisor]: rotate_90 blocked by recent completion; stopping this tick
[robot_supervisor-7] [INFO] [1776701247.459443494] [robot_0.robot_supervisor]: Selected controllable event: EV_move_forward
[robot_supervisor-10] [INFO] [1776701247.558008543] [robot_1.robot_supervisor]: Selected controllable event: EV_rotate_clockwise
[robot_supervisor-7] [INFO] [1776701247.759669276] [robot_0.robot_supervisor]: Selected controllable event: EV_random_walk
[robot_supervisor-7] [INFO] [1776701248.059583942] [robot_0.robot_supervisor]: Selected controllable event: EV_random_walk
[robot_supervisor-7] [INFO] [1776701248.359667179] [robot_0.robot_supervisor]: Selected controllable event: EV_random_walk
[robot_supervisor-7] [INFO] [1776701248.660054901] [robot_0.robot_supervisor]: Selected controllable event: EV_random_walk
[INFO] [image_processor-25]: sending signal 'SIGINT' to process[image_processor-25]
[ERROR] [ign gazebo-1]: process has died [pid 29804, exit code -15, cmd 'ruby /usr/bin/ign gazebo /home/ecem/ros2_ws/install/swarm_basics/share/swarm_basics/worlds/random_world.sdf -s -r --force-version 6'].
[ERROR] [parameter_bridge-4]: process has died [pid 29811, exit code -15, cmd '/opt/ros/humble/lib/ros_ign_bridge/parameter_bridge /robot_0/cmd_vel@geometry_msgs/msg/Twist]ignition.msgs.Twist /robot_0/odom@nav_msgs/msg/Odometry[ignition.msgs.Odometry /robot_0/depth_camera/depth_image@sensor_msgs/msg/Image[ignition.msgs.Image /world/random_world/model/robot_0/link/robot_0/base_footprint/sensor/contact_sensor/contact@ros_gz_interfaces/msg/Contacts[ignition.msgs.Contacts /robot_1/cmd_vel@geometry_msgs/msg/Twist]ignition.msgs.Twist /robot_1/odom@nav_msgs/msg/Odometry[ignition.msgs.Odometry /robot_1/depth_camera/depth_image@sensor_msgs/msg/Image[ignition.msgs.Image /world/random_world/model/robot_1/link/robot_1/base_footprint/sensor/contact_sensor/contact@ros_gz_interfaces/msg/Contacts[ignition.msgs.Contacts /robot_2/cmd_vel@geometry_msgs/msg/Twist]ignition.msgs.Twist /robot_2/odom@nav_msgs/msg/Odometry[ignition.msgs.Odometry /robot_2/depth_camera/depth_image@sensor_msgs/msg/Image[ignition.msgs.Image /world/random_world/model/robot_2/link/robot_2/base_footprint/sensor/contact_sensor/contact@ros_gz_interfaces/msg/Contacts[ignition.msgs.Contacts /robot_3/cmd_vel@geometry_msgs/msg/Twist]ignition.msgs.Twist /robot_3/odom@nav_msgs/msg/Odometry[ignition.msgs.Odometry /robot_3/depth_camera/depth_image@sensor_msgs/msg/Image[ignition.msgs.Image /world/random_world/model/robot_3/link/robot_3/base_footprint/sensor/contact_sensor/contact@ros_gz_interfaces/msg/Contacts[ignition.msgs.Contacts /robot_4/cmd_vel@geometry_msgs/msg/Twist]ignition.msgs.Twist /robot_4/odom@nav_msgs/msg/Odometry[ignition.msgs.Odometry /robot_4/depth_camera/depth_image@sensor_msgs/msg/Image[ignition.msgs.Image /world/random_world/model/robot_4/link/robot_4/base_footprint/sensor/contact_sensor/contact@ros_gz_interfaces/msg/Contacts[ignition.msgs.Contacts /world/random_world/dynamic_pose/info@tf2_msgs/msg/TFMessage[ignition.msgs.Pose_V --ros-args -r __node:=all_robots_bridge --params-file /tmp/launch_params_avr49ayq'].
[INFO] [parameter_bridge-20]: process has finished cleanly [pid 29851]
[INFO] [image_processor-24]: sending signal 'SIGINT' to process[image_processor-24]
[INFO] [bash-26]: process started with pid [30748]
[INFO] [image_processor-23]: sending signal 'SIGINT' to process[image_processor-23]
[INFO] [image_processor-22]: sending signal 'SIGINT' to process[image_processor-22]
[INFO] [image_processor-21]: sending signal 'SIGINT' to process[image_processor-21]
[INFO] [robot_supervisor-19]: sending signal 'SIGINT' to process[robot_supervisor-19]
[INFO] [robot_state_publisher-17]: sending signal 'SIGINT' to process[robot_state_publisher-17]
[INFO] [robot_supervisor-16]: sending signal 'SIGINT' to process[robot_supervisor-16]
[INFO] [robot_state_publisher-14]: sending signal 'SIGINT' to process[robot_state_publisher-14]
[INFO] [robot_supervisor-13]: sending signal 'SIGINT' to process[robot_supervisor-13]
[INFO] [robot_state_publisher-11]: sending signal 'SIGINT' to process[robot_state_publisher-11]
[INFO] [robot_supervisor-10]: sending signal 'SIGINT' to process[robot_supervisor-10]
[INFO] [robot_state_publisher-8]: sending signal 'SIGINT' to process[robot_state_publisher-8]
[INFO] [robot_supervisor-7]: sending signal 'SIGINT' to process[robot_supervisor-7]
[ERROR] [bash-26]: process has died [pid 30748, exit code -15, cmd 'bash -lc pkill -f parameter_bridge || true'].
[INFO] [robot_state_publisher-5]: sending signal 'SIGINT' to process[robot_state_publisher-5]
[INFO] [bump_counter-3]: sending signal 'SIGINT' to process[bump_counter-3]
[INFO] [coverage_counter-2]: sending signal 'SIGINT' to process[coverage_counter-2]
[parameter_bridge-20] [INFO] [1776701248.776258591] [rclcpp]: signal_handler(SIGINT/SIGTERM)
[parameter_bridge-4] [INFO] [1776701248.776363366] [rclcpp]: signal_handler(SIGINT/SIGTERM)
[robot_supervisor-13] [INFO] [1776701248.893832165] [robot_2.robot_supervisor]: Selected controllable event: EV_rotate_clockwise
[robot_supervisor-13] [INFO] [1776701248.894236022] [robot_2.robot_supervisor]: rotate_90 blocked by recent completion; stopping this tick
[robot_supervisor-13] [INFO] [1776701248.993354599] [robot_2.robot_supervisor]: Selected controllable event: EV_rotate_clockwise
[robot_supervisor-13] [INFO] [1776701248.993721081] [robot_2.robot_supervisor]: rotate_90 blocked by recent completion; stopping this tick
[robot_supervisor-13] [INFO] [1776701249.093473947] [robot_2.robot_supervisor]: Selected controllable event: EV_rotate_clockwise
[robot_supervisor-13] [INFO] [1776701249.093842650] [robot_2.robot_supervisor]: rotate_90 blocked by recent completion; stopping this tick
[robot_supervisor-13] [INFO] [1776701249.193476078] [robot_2.robot_supervisor]: Selected controllable event: EV_rotate_clockwise
[robot_supervisor-19] [INFO] [1776701248.928520208] [robot_4.robot_supervisor]: Selected controllable event: EV_rotate_clockwise
[robot_supervisor-19] [INFO] [1776701248.928897024] [robot_4.robot_supervisor]: rotate_90 blocked by recent completion; stopping this tick
[robot_supervisor-19] [INFO] [1776701249.028376657] [robot_4.robot_supervisor]: Selected controllable event: EV_rotate_clockwise
[robot_supervisor-19] [INFO] [1776701249.028757383] [robot_4.robot_supervisor]: rotate_90 blocked by recent completion; stopping this tick
[robot_supervisor-19] [INFO] [1776701249.128435338] [robot_4.robot_supervisor]: Selected controllable event: EV_rotate_clockwise
[robot_supervisor-19] [INFO] [1776701249.128870707] [robot_4.robot_supervisor]: rotate_90 blocked by recent completion; stopping this tick
[robot_supervisor-19] [INFO] [1776701249.228503160] [robot_4.robot_supervisor]: Selected controllable event: EV_rotate_clockwise
[robot_supervisor-7] [INFO] [1776701248.959826101] [robot_0.robot_supervisor]: Selected controllable event: EV_move_forward
[robot_supervisor-7] [INFO] [1776701249.259621173] [robot_0.robot_supervisor]: Selected controllable event: EV_move_forward
[INFO] [launch]: process[ign gazebo-1] was required: shutting down launched system
[image_processor-25] [INFO] [1776701249.449091922] [rclcpp]: signal_handler(SIGINT/SIGTERM)
[image_processor-24] [INFO] [1776701249.452156332] [rclcpp]: signal_handler(SIGINT/SIGTERM)
[image_processor-23] [INFO] [1776701249.456051906] [rclcpp]: signal_handler(SIGINT/SIGTERM)
[image_processor-22] [INFO] [1776701249.458479354] [rclcpp]: signal_handler(SIGINT/SIGTERM)
[image_processor-21] [INFO] [1776701249.460625324] [rclcpp]: signal_handler(SIGINT/SIGTERM)
[robot_supervisor-19] Traceback (most recent call last):
[robot_supervisor-19]   File "/home/ecem/ros2_ws/install/swarm_basics/lib/swarm_basics/robot_supervisor", line 33, in <module>
[robot_supervisor-19]     sys.exit(load_entry_point('swarm-basics==0.0.0', 'console_scripts', 'robot_supervisor')())
[robot_supervisor-19]   File "/home/ecem/ros2_ws/install/swarm_basics/lib/python3.10/site-packages/swarm_basics/robot_supervisor.py", line 867, in main
[robot_supervisor-19]     rclpy.spin(node)
[robot_supervisor-19]   File "/opt/ros/humble/local/lib/python3.10/dist-packages/rclpy/__init__.py", line 229, in spin
[robot_supervisor-19]     executor.spin_once()
[robot_supervisor-19]   File "/opt/ros/humble/local/lib/python3.10/dist-packages/rclpy/executors.py", line 773, in spin_once
[robot_supervisor-19]     self._spin_once_impl(timeout_sec)
[robot_supervisor-19]   File "/opt/ros/humble/local/lib/python3.10/dist-packages/rclpy/executors.py", line 762, in _spin_once_impl
[robot_supervisor-19]     handler, entity, node = self.wait_for_ready_callbacks(timeout_sec=timeout_sec)
[robot_supervisor-19]   File "/opt/ros/humble/local/lib/python3.10/dist-packages/rclpy/executors.py", line 745, in wait_for_ready_callbacks
[robot_supervisor-19]     return next(self._cb_iter)
[robot_supervisor-19]   File "/opt/ros/humble/local/lib/python3.10/dist-packages/rclpy/executors.py", line 642, in _wait_for_ready_callbacks
[robot_supervisor-19]     wait_set.wait(timeout_nsec)
[robot_supervisor-19] KeyboardInterrupt
[robot_state_publisher-17] [INFO] [1776701249.467199670] [rclcpp]: signal_handler(SIGINT/SIGTERM)
[robot_supervisor-16] Traceback (most recent call last):
[robot_supervisor-16]   File "/home/ecem/ros2_ws/install/swarm_basics/lib/swarm_basics/robot_supervisor", line 33, in <module>
[robot_supervisor-16]     sys.exit(load_entry_point('swarm-basics==0.0.0', 'console_scripts', 'robot_supervisor')())
[robot_supervisor-16]   File "/home/ecem/ros2_ws/install/swarm_basics/lib/python3.10/site-packages/swarm_basics/robot_supervisor.py", line 867, in main
[robot_supervisor-16]     rclpy.spin(node)
[robot_supervisor-16]   File "/opt/ros/humble/local/lib/python3.10/dist-packages/rclpy/__init__.py", line 229, in spin
[robot_supervisor-16]     executor.spin_once()
[robot_supervisor-16]   File "/opt/ros/humble/local/lib/python3.10/dist-packages/rclpy/executors.py", line 773, in spin_once
[robot_supervisor-16]     self._spin_once_impl(timeout_sec)
[robot_supervisor-16]   File "/opt/ros/humble/local/lib/python3.10/dist-packages/rclpy/executors.py", line 762, in _spin_once_impl
[robot_supervisor-16]     handler, entity, node = self.wait_for_ready_callbacks(timeout_sec=timeout_sec)
[robot_supervisor-16]   File "/opt/ros/humble/local/lib/python3.10/dist-packages/rclpy/executors.py", line 745, in wait_for_ready_callbacks
[robot_supervisor-16]     return next(self._cb_iter)
[robot_supervisor-16]   File "/opt/ros/humble/local/lib/python3.10/dist-packages/rclpy/executors.py", line 642, in _wait_for_ready_callbacks
[robot_supervisor-16]     wait_set.wait(timeout_nsec)
[robot_supervisor-16] KeyboardInterrupt
[robot_state_publisher-14] [INFO] [1776701249.472203100] [rclcpp]: signal_handler(SIGINT/SIGTERM)
[robot_supervisor-13] Traceback (most recent call last):
[robot_supervisor-13]   File "/home/ecem/ros2_ws/install/swarm_basics/lib/swarm_basics/robot_supervisor", line 33, in <module>
[robot_supervisor-13]     sys.exit(load_entry_point('swarm-basics==0.0.0', 'console_scripts', 'robot_supervisor')())
[robot_supervisor-13]   File "/home/ecem/ros2_ws/install/swarm_basics/lib/python3.10/site-packages/swarm_basics/robot_supervisor.py", line 867, in main
[robot_supervisor-13]     rclpy.spin(node)
[robot_supervisor-13]   File "/opt/ros/humble/local/lib/python3.10/dist-packages/rclpy/__init__.py", line 229, in spin
[robot_supervisor-13]     executor.spin_once()
[robot_supervisor-13]   File "/opt/ros/humble/local/lib/python3.10/dist-packages/rclpy/executors.py", line 773, in spin_once
[robot_supervisor-13]     self._spin_once_impl(timeout_sec)
[robot_supervisor-13]   File "/opt/ros/humble/local/lib/python3.10/dist-packages/rclpy/executors.py", line 762, in _spin_once_impl
[robot_supervisor-13]     handler, entity, node = self.wait_for_ready_callbacks(timeout_sec=timeout_sec)
[robot_supervisor-13]   File "/opt/ros/humble/local/lib/python3.10/dist-packages/rclpy/executors.py", line 745, in wait_for_ready_callbacks
[robot_supervisor-13]     return next(self._cb_iter)
[robot_supervisor-13]   File "/opt/ros/humble/local/lib/python3.10/dist-packages/rclpy/executors.py", line 642, in _wait_for_ready_callbacks
[robot_supervisor-13]     wait_set.wait(timeout_nsec)
[robot_supervisor-13] KeyboardInterrupt
[robot_state_publisher-11] [INFO] [1776701249.478318665] [rclcpp]: signal_handler(SIGINT/SIGTERM)
[robot_supervisor-10] Traceback (most recent call last):
[robot_supervisor-10]   File "/home/ecem/ros2_ws/install/swarm_basics/lib/swarm_basics/robot_supervisor", line 33, in <module>
[robot_supervisor-10]     sys.exit(load_entry_point('swarm-basics==0.0.0', 'console_scripts', 'robot_supervisor')())
[robot_supervisor-10]   File "/home/ecem/ros2_ws/install/swarm_basics/lib/python3.10/site-packages/swarm_basics/robot_supervisor.py", line 867, in main
[robot_supervisor-10]     rclpy.spin(node)
[robot_supervisor-10]   File "/opt/ros/humble/local/lib/python3.10/dist-packages/rclpy/__init__.py", line 229, in spin
[robot_supervisor-10]     executor.spin_once()
[robot_supervisor-10]   File "/opt/ros/humble/local/lib/python3.10/dist-packages/rclpy/executors.py", line 773, in spin_once
[robot_supervisor-10]     self._spin_once_impl(timeout_sec)
[robot_supervisor-10]   File "/opt/ros/humble/local/lib/python3.10/dist-packages/rclpy/executors.py", line 762, in _spin_once_impl
[robot_supervisor-10]     handler, entity, node = self.wait_for_ready_callbacks(timeout_sec=timeout_sec)
[robot_supervisor-10]   File "/opt/ros/humble/local/lib/python3.10/dist-packages/rclpy/executors.py", line 745, in wait_for_ready_callbacks
[robot_supervisor-10]     return next(self._cb_iter)
[robot_supervisor-10]   File "/opt/ros/humble/local/lib/python3.10/dist-packages/rclpy/executors.py", line 642, in _wait_for_ready_callbacks
[robot_supervisor-10]     wait_set.wait(timeout_nsec)
[robot_supervisor-10] KeyboardInterrupt
[robot_state_publisher-8] [INFO] [1776701249.483942129] [rclcpp]: signal_handler(SIGINT/SIGTERM)
[robot_supervisor-7] Traceback (most recent call last):
[robot_supervisor-7]   File "/home/ecem/ros2_ws/install/swarm_basics/lib/swarm_basics/robot_supervisor", line 33, in <module>
[robot_supervisor-7]     sys.exit(load_entry_point('swarm-basics==0.0.0', 'console_scripts', 'robot_supervisor')())
[robot_supervisor-7]   File "/home/ecem/ros2_ws/install/swarm_basics/lib/python3.10/site-packages/swarm_basics/robot_supervisor.py", line 867, in main
[robot_supervisor-7]     rclpy.spin(node)
[robot_supervisor-7]   File "/opt/ros/humble/local/lib/python3.10/dist-packages/rclpy/__init__.py", line 229, in spin
[robot_supervisor-7]     executor.spin_once()
[robot_supervisor-7]   File "/opt/ros/humble/local/lib/python3.10/dist-packages/rclpy/executors.py", line 773, in spin_once
[robot_supervisor-7]     self._spin_once_impl(timeout_sec)
[robot_supervisor-7]   File "/opt/ros/humble/local/lib/python3.10/dist-packages/rclpy/executors.py", line 762, in _spin_once_impl
[robot_supervisor-7]     handler, entity, node = self.wait_for_ready_callbacks(timeout_sec=timeout_sec)
[robot_supervisor-7]   File "/opt/ros/humble/local/lib/python3.10/dist-packages/rclpy/executors.py", line 745, in wait_for_ready_callbacks
[robot_supervisor-7]     return next(self._cb_iter)
[robot_supervisor-7]   File "/opt/ros/humble/local/lib/python3.10/dist-packages/rclpy/executors.py", line 642, in _wait_for_ready_callbacks
[robot_supervisor-7]     wait_set.wait(timeout_nsec)
[robot_supervisor-7] KeyboardInterrupt
[robot_state_publisher-5] [INFO] [1776701249.488501130] [rclcpp]: signal_handler(SIGINT/SIGTERM)
[ERROR] [launch]: Caught exception in launch (see debug for traceback): ExecuteLocal action 'bash-27': executed more than once: <launch.actions.execute_process.ExecuteProcess object at 0x7c5289988880>
[INFO] [image_processor-25]: process has finished cleanly [pid 30208]
[INFO] [image_processor-24]: process has finished cleanly [pid 30206]
[INFO] [image_processor-22]: process has finished cleanly [pid 30202]
[INFO] [image_processor-21]: process has finished cleanly [pid 30200]
[INFO] [image_processor-23]: process has finished cleanly [pid 30204]
[INFO] [robot_state_publisher-17]: process has finished cleanly [pid 29839]
[INFO] [robot_state_publisher-14]: process has finished cleanly [pid 29833]
[INFO] [robot_state_publisher-11]: process has finished cleanly [pid 29827]
[INFO] [robot_state_publisher-8]: process has finished cleanly [pid 29821]
[INFO] [robot_state_publisher-5]: process has finished cleanly [pid 29813]
[coverage_counter-2] Traceback (most recent call last):
[coverage_counter-2]   File "/home/ecem/ros2_ws/install/swarm_basics/lib/python3.10/site-packages/swarm_basics/coverage_counter.py", line 418, in main
[coverage_counter-2]     rclpy.spin(node)
[coverage_counter-2]   File "/opt/ros/humble/local/lib/python3.10/dist-packages/rclpy/__init__.py", line 229, in spin
[coverage_counter-2]     executor.spin_once()
[coverage_counter-2]   File "/opt/ros/humble/local/lib/python3.10/dist-packages/rclpy/executors.py", line 773, in spin_once
[coverage_counter-2]     self._spin_once_impl(timeout_sec)
[coverage_counter-2]   File "/opt/ros/humble/local/lib/python3.10/dist-packages/rclpy/executors.py", line 768, in _spin_once_impl
[coverage_counter-2]     handler()
[coverage_counter-2]   File "/opt/ros/humble/local/lib/python3.10/dist-packages/rclpy/task.py", line 254, in __call__
[coverage_counter-2]     self._handler.send(None)
[coverage_counter-2]   File "/opt/ros/humble/local/lib/python3.10/dist-packages/rclpy/executors.py", line 463, in handler
[coverage_counter-2]     await call_coroutine(entity, arg)
[coverage_counter-2]   File "/opt/ros/humble/local/lib/python3.10/dist-packages/rclpy/executors.py", line 371, in _execute_timer
[coverage_counter-2]     await await_or_execute(tmr.callback)
[coverage_counter-2]   File "/opt/ros/humble/local/lib/python3.10/dist-packages/rclpy/executors.py", line 107, in await_or_execute
[coverage_counter-2]     return callback(*args)
[coverage_counter-2]   File "/home/ecem/ros2_ws/install/swarm_basics/lib/python3.10/site-packages/swarm_basics/coverage_counter.py", line 152, in _on_timeout_timer
[coverage_counter-2]     self.shutdown_and_save()
[coverage_counter-2]   File "/home/ecem/ros2_ws/install/swarm_basics/lib/python3.10/site-packages/swarm_basics/coverage_counter.py", line 174, in shutdown_and_save
[coverage_counter-2]     rclpy.shutdown()
[coverage_counter-2]   File "/opt/ros/humble/local/lib/python3.10/dist-packages/rclpy/__init__.py", line 130, in shutdown
[coverage_counter-2]     _shutdown(context=context)
[coverage_counter-2]   File "/opt/ros/humble/local/lib/python3.10/dist-packages/rclpy/utilities.py", line 58, in shutdown
[coverage_counter-2]     return context.shutdown()
[coverage_counter-2]   File "/opt/ros/humble/local/lib/python3.10/dist-packages/rclpy/context.py", line 103, in shutdown
[coverage_counter-2]     self._call_on_shutdown_callbacks()
[coverage_counter-2]   File "/opt/ros/humble/local/lib/python3.10/dist-packages/rclpy/context.py", line 92, in _call_on_shutdown_callbacks
[coverage_counter-2]     callback = weak_method()
[coverage_counter-2]   File "/opt/ros/humble/local/lib/python3.10/dist-packages/rclpy/__init__.py", line 111, in reset_executor
[coverage_counter-2]     __executor.shutdown()
[coverage_counter-2]   File "/opt/ros/humble/local/lib/python3.10/dist-packages/rclpy/executors.py", line 227, in shutdown
[coverage_counter-2]     if not self._work_tracker.wait(timeout_sec):
[coverage_counter-2]   File "/opt/ros/humble/local/lib/python3.10/dist-packages/rclpy/executors.py", line 94, in wait
[coverage_counter-2]     if not self._work_condition.wait_for(
[coverage_counter-2]   File "/usr/lib/python3.10/threading.py", line 355, in wait_for
[coverage_counter-2]     self.wait(waittime)
[coverage_counter-2]   File "/usr/lib/python3.10/threading.py", line 320, in wait
[coverage_counter-2]     waiter.acquire()
[coverage_counter-2] KeyboardInterrupt
[coverage_counter-2] 
[coverage_counter-2] During handling of the above exception, another exception occurred:
[coverage_counter-2] 
[coverage_counter-2] Traceback (most recent call last):
[coverage_counter-2]   File "/home/ecem/ros2_ws/install/swarm_basics/lib/swarm_basics/coverage_counter", line 33, in <module>
[coverage_counter-2]     sys.exit(load_entry_point('swarm-basics==0.0.0', 'console_scripts', 'coverage_counter')())
[coverage_counter-2]   File "/home/ecem/ros2_ws/install/swarm_basics/lib/python3.10/site-packages/swarm_basics/coverage_counter.py", line 421, in main
[coverage_counter-2]     node.shutdown_and_save()
[coverage_counter-2]   File "/home/ecem/ros2_ws/install/swarm_basics/lib/python3.10/site-packages/swarm_basics/coverage_counter.py", line 174, in shutdown_and_save
[coverage_counter-2]     rclpy.shutdown()
[coverage_counter-2]   File "/opt/ros/humble/local/lib/python3.10/dist-packages/rclpy/__init__.py", line 130, in shutdown
[coverage_counter-2]     _shutdown(context=context)
[coverage_counter-2]   File "/opt/ros/humble/local/lib/python3.10/dist-packages/rclpy/utilities.py", line 58, in shutdown
[coverage_counter-2]     return context.shutdown()
[coverage_counter-2]   File "/opt/ros/humble/local/lib/python3.10/dist-packages/rclpy/context.py", line 100, in shutdown
[coverage_counter-2]     raise RuntimeError('Context must be initialized before it can be shutdown')
[coverage_counter-2] RuntimeError: Context must be initialized before it can be shutdown
[bump_counter-3] Traceback (most recent call last):
[bump_counter-3]   File "/home/ecem/ros2_ws/install/swarm_basics/lib/swarm_basics/bump_counter", line 33, in <module>
[bump_counter-3]     sys.exit(load_entry_point('swarm-basics==0.0.0', 'console_scripts', 'bump_counter')())
[bump_counter-3]   File "/home/ecem/ros2_ws/install/swarm_basics/lib/python3.10/site-packages/swarm_basics/bump_counter.py", line 384, in main
[bump_counter-3]     rclpy.shutdown()
[bump_counter-3]   File "/opt/ros/humble/local/lib/python3.10/dist-packages/rclpy/__init__.py", line 130, in shutdown
[bump_counter-3]     _shutdown(context=context)
[bump_counter-3]   File "/opt/ros/humble/local/lib/python3.10/dist-packages/rclpy/utilities.py", line 58, in shutdown
[bump_counter-3]     return context.shutdown()
[bump_counter-3]   File "/opt/ros/humble/local/lib/python3.10/dist-packages/rclpy/context.py", line 102, in shutdown
[bump_counter-3]     self.__context.shutdown()
[bump_counter-3] rclpy._rclpy_pybind11.RCLError: failed to shutdown: rcl_shutdown already called on the given context, at ./src/rcl/init.c:241
[ERROR] [coverage_counter-2]: process has died [pid 29806, exit code 1, cmd '/home/ecem/ros2_ws/install/swarm_basics/lib/swarm_basics/coverage_counter --ros-args -r __node:=coverage_counter --params-file /tmp/launch_params_amcx3soy --params-file /tmp/launch_params_gtksgvz1 --params-file /tmp/launch_params_ds7fauun --params-file /tmp/launch_params_8egnbf8c --params-file /tmp/launch_params_kzepn3uq --params-file /tmp/launch_params_od88k3er'].
[ERROR] [bump_counter-3]: process has died [pid 29809, exit code 1, cmd '/home/ecem/ros2_ws/install/swarm_basics/lib/swarm_basics/bump_counter --ros-args -r __node:=bump_counter --params-file /tmp/launch_params_p8ftsebg --params-file /tmp/launch_params_97p9r0xr --params-file /tmp/launch_params_qsny9btn'].
[ERROR] [robot_supervisor-19]: process has died [pid 29849, exit code -2, cmd '/home/ecem/ros2_ws/install/swarm_basics/lib/swarm_basics/robot_supervisor --ros-args -r __node:=robot_supervisor -r __ns:=/robot_4 --params-file /tmp/launch_params_gg61o60m --params-file /tmp/launch_params_dg6us4lh --params-file /tmp/launch_params_ct1zhwzw --params-file /tmp/launch_params_m2131ot1'].
[ERROR] [robot_supervisor-10]: process has died [pid 29825, exit code -2, cmd '/home/ecem/ros2_ws/install/swarm_basics/lib/swarm_basics/robot_supervisor --ros-args -r __node:=robot_supervisor -r __ns:=/robot_1 --params-file /tmp/launch_params_ds3svove --params-file /tmp/launch_params_uq4i47ya --params-file /tmp/launch_params_q4q90who --params-file /tmp/launch_params_32ih55e8'].
[ERROR] [robot_supervisor-7]: process has died [pid 29818, exit code -2, cmd '/home/ecem/ros2_ws/install/swarm_basics/lib/swarm_basics/robot_supervisor --ros-args -r __node:=robot_supervisor -r __ns:=/robot_0 --params-file /tmp/launch_params_vr2gneb7 --params-file /tmp/launch_params_fbh0h9qh --params-file /tmp/launch_params_05a_eisz --params-file /tmp/launch_params_gdvsqpzd'].
[ERROR] [robot_supervisor-13]: process has died [pid 29831, exit code -2, cmd '/home/ecem/ros2_ws/install/swarm_basics/lib/swarm_basics/robot_supervisor --ros-args -r __node:=robot_supervisor -r __ns:=/robot_2 --params-file /tmp/launch_params_riz_de7q --params-file /tmp/launch_params_pfgtdhx3 --params-file /tmp/launch_params_wek2nyop --params-file /tmp/launch_params_7ro_3_8_'].
[ERROR] [robot_supervisor-16]: process has died [pid 29837, exit code -2, cmd '/home/ecem/ros2_ws/install/swarm_basics/lib/swarm_basics/robot_supervisor --ros-args -r __node:=robot_supervisor -r __ns:=/robot_3 --params-file /tmp/launch_params_dvzdt_x_ --params-file /tmp/launch_params_yvf7zfef --params-file /tmp/launch_params_7yauzr0j --params-file /tmp/launch_params_ndwarx5m'].
