[INFO] [launch]: All log files can be found below /home/ecem/.ros/log/2026-04-29-15-44-42-694358-ecem-pc-295567
[INFO] [launch]: Default logging verbosity is set to INFO
[INFO] [ign gazebo-1]: process started with pid [295582]
[INFO] [coverage_counter-2]: process started with pid [295584]
[INFO] [bump_counter-3]: process started with pid [295587]
[INFO] [parameter_bridge-4]: process started with pid [295589]
[INFO] [robot_state_publisher-5]: process started with pid [295591]
[INFO] [create-6]: process started with pid [295593]
[INFO] [robot_supervisor-7]: process started with pid [295595]
[INFO] [robot_state_publisher-8]: process started with pid [295597]
[INFO] [create-9]: process started with pid [295600]
[INFO] [robot_supervisor-10]: process started with pid [295603]
[INFO] [robot_state_publisher-11]: process started with pid [295605]
[INFO] [create-12]: process started with pid [295607]
[INFO] [robot_supervisor-13]: process started with pid [295609]
[INFO] [robot_state_publisher-14]: process started with pid [295611]
[INFO] [create-15]: process started with pid [295613]
[INFO] [robot_supervisor-16]: process started with pid [295615]
[INFO] [robot_state_publisher-17]: process started with pid [295617]
[INFO] [create-18]: process started with pid [295681]
[INFO] [robot_supervisor-19]: process started with pid [295684]
[INFO] [parameter_bridge-20]: process started with pid [295686]
[parameter_bridge-4] [ros_ign_bridge] is deprecated! Redirecting to use [ros_gz_bridge] instead!
[parameter_bridge-4] 
[create-15] [INFO] [1777470283.119463190] [robot_3.ros_gz_sim]: Requesting list of world names.
[create-6] [INFO] [1777470283.118400210] [robot_0.ros_gz_sim]: Requesting list of world names.
[create-9] [INFO] [1777470283.123766938] [robot_1.ros_gz_sim]: Requesting list of world names.
[create-12] [INFO] [1777470283.124367508] [robot_2.ros_gz_sim]: Requesting list of world names.
[robot_state_publisher-8] [INFO] [1777470283.124583083] [robot_1.robot_state_publisher]: got segment robot_1/antenna_link
[robot_state_publisher-8] [INFO] [1777470283.124662333] [robot_1.robot_state_publisher]: got segment robot_1/base_footprint
[robot_state_publisher-8] [INFO] [1777470283.124668528] [robot_1.robot_state_publisher]: got segment robot_1/base_link
[robot_state_publisher-8] [INFO] [1777470283.124672032] [robot_1.robot_state_publisher]: got segment robot_1/realsense_link
[robot_state_publisher-8] [INFO] [1777470283.124675106] [robot_1.robot_state_publisher]: got segment robot_1/rocker_L_link
[robot_state_publisher-8] [INFO] [1777470283.124678157] [robot_1.robot_state_publisher]: got segment robot_1/rocker_R_link
[robot_state_publisher-8] [INFO] [1777470283.124681369] [robot_1.robot_state_publisher]: got segment robot_1/wheel_FL_link
[robot_state_publisher-8] [INFO] [1777470283.124684366] [robot_1.robot_state_publisher]: got segment robot_1/wheel_FR_link
[robot_state_publisher-8] [INFO] [1777470283.124687609] [robot_1.robot_state_publisher]: got segment robot_1/wheel_RL_link
[robot_state_publisher-8] [INFO] [1777470283.124690582] [robot_1.robot_state_publisher]: got segment robot_1/wheel_RR_link
[robot_state_publisher-14] [INFO] [1777470283.125982516] [robot_3.robot_state_publisher]: got segment robot_3/antenna_link
[robot_state_publisher-14] [INFO] [1777470283.126042002] [robot_3.robot_state_publisher]: got segment robot_3/base_footprint
[robot_state_publisher-14] [INFO] [1777470283.126047394] [robot_3.robot_state_publisher]: got segment robot_3/base_link
[robot_state_publisher-14] [INFO] [1777470283.126050754] [robot_3.robot_state_publisher]: got segment robot_3/realsense_link
[robot_state_publisher-14] [INFO] [1777470283.126053775] [robot_3.robot_state_publisher]: got segment robot_3/rocker_L_link
[robot_state_publisher-14] [INFO] [1777470283.126056514] [robot_3.robot_state_publisher]: got segment robot_3/rocker_R_link
[robot_state_publisher-14] [INFO] [1777470283.126059253] [robot_3.robot_state_publisher]: got segment robot_3/wheel_FL_link
[robot_state_publisher-14] [INFO] [1777470283.126062336] [robot_3.robot_state_publisher]: got segment robot_3/wheel_FR_link
[robot_state_publisher-14] [INFO] [1777470283.126065130] [robot_3.robot_state_publisher]: got segment robot_3/wheel_RL_link
[robot_state_publisher-14] [INFO] [1777470283.126068479] [robot_3.robot_state_publisher]: got segment robot_3/wheel_RR_link
[robot_state_publisher-5] [INFO] [1777470283.127008594] [robot_0.robot_state_publisher]: got segment robot_0/antenna_link
[robot_state_publisher-5] [INFO] [1777470283.127125678] [robot_0.robot_state_publisher]: got segment robot_0/base_footprint
[robot_state_publisher-5] [INFO] [1777470283.127144000] [robot_0.robot_state_publisher]: got segment robot_0/base_link
[robot_state_publisher-5] [INFO] [1777470283.127154069] [robot_0.robot_state_publisher]: got segment robot_0/realsense_link
[robot_state_publisher-5] [INFO] [1777470283.127162369] [robot_0.robot_state_publisher]: got segment robot_0/rocker_L_link
[robot_state_publisher-5] [INFO] [1777470283.127170156] [robot_0.robot_state_publisher]: got segment robot_0/rocker_R_link
[robot_state_publisher-5] [INFO] [1777470283.127177806] [robot_0.robot_state_publisher]: got segment robot_0/wheel_FL_link
[robot_state_publisher-5] [INFO] [1777470283.127185614] [robot_0.robot_state_publisher]: got segment robot_0/wheel_FR_link
[robot_state_publisher-5] [INFO] [1777470283.127192954] [robot_0.robot_state_publisher]: got segment robot_0/wheel_RL_link
[robot_state_publisher-5] [INFO] [1777470283.127210272] [robot_0.robot_state_publisher]: got segment robot_0/wheel_RR_link
[robot_state_publisher-17] [INFO] [1777470283.129970529] [robot_4.robot_state_publisher]: got segment robot_4/antenna_link
[robot_state_publisher-17] [INFO] [1777470283.130028816] [robot_4.robot_state_publisher]: got segment robot_4/base_footprint
[robot_state_publisher-17] [INFO] [1777470283.130034364] [robot_4.robot_state_publisher]: got segment robot_4/base_link
[robot_state_publisher-17] [INFO] [1777470283.130037407] [robot_4.robot_state_publisher]: got segment robot_4/realsense_link
[robot_state_publisher-17] [INFO] [1777470283.130040313] [robot_4.robot_state_publisher]: got segment robot_4/rocker_L_link
[robot_state_publisher-17] [INFO] [1777470283.130042927] [robot_4.robot_state_publisher]: got segment robot_4/rocker_R_link
[robot_state_publisher-17] [INFO] [1777470283.130045651] [robot_4.robot_state_publisher]: got segment robot_4/wheel_FL_link
[robot_state_publisher-17] [INFO] [1777470283.130048348] [robot_4.robot_state_publisher]: got segment robot_4/wheel_FR_link
[robot_state_publisher-17] [INFO] [1777470283.130051032] [robot_4.robot_state_publisher]: got segment robot_4/wheel_RL_link
[robot_state_publisher-17] [INFO] [1777470283.130053583] [robot_4.robot_state_publisher]: got segment robot_4/wheel_RR_link
[robot_state_publisher-11] [INFO] [1777470283.130600636] [robot_2.robot_state_publisher]: got segment robot_2/antenna_link
[robot_state_publisher-11] [INFO] [1777470283.130659641] [robot_2.robot_state_publisher]: got segment robot_2/base_footprint
[robot_state_publisher-11] [INFO] [1777470283.130667607] [robot_2.robot_state_publisher]: got segment robot_2/base_link
[robot_state_publisher-11] [INFO] [1777470283.130671294] [robot_2.robot_state_publisher]: got segment robot_2/realsense_link
[robot_state_publisher-11] [INFO] [1777470283.130674272] [robot_2.robot_state_publisher]: got segment robot_2/rocker_L_link
[robot_state_publisher-11] [INFO] [1777470283.130676804] [robot_2.robot_state_publisher]: got segment robot_2/rocker_R_link
[robot_state_publisher-11] [INFO] [1777470283.130679236] [robot_2.robot_state_publisher]: got segment robot_2/wheel_FL_link
[robot_state_publisher-11] [INFO] [1777470283.130681708] [robot_2.robot_state_publisher]: got segment robot_2/wheel_FR_link
[robot_state_publisher-11] [INFO] [1777470283.130684351] [robot_2.robot_state_publisher]: got segment robot_2/wheel_RL_link
[robot_state_publisher-11] [INFO] [1777470283.130687343] [robot_2.robot_state_publisher]: got segment robot_2/wheel_RR_link
[parameter_bridge-4] [INFO] [1777470283.131523272] [all_robots_bridge]: Creating ROS->GZ Bridge: [/robot_0/cmd_vel (geometry_msgs/msg/Twist) -> /robot_0/cmd_vel (ignition.msgs.Twist)] (Lazy 0)
[parameter_bridge-4] [INFO] [1777470283.133362164] [all_robots_bridge]: Creating GZ->ROS Bridge: [/robot_0/odom (ignition.msgs.Odometry) -> /robot_0/odom (nav_msgs/msg/Odometry)] (Lazy 0)
[parameter_bridge-4] [INFO] [1777470283.134931065] [all_robots_bridge]: Creating GZ->ROS Bridge: [/robot_0/depth_camera/depth_image (ignition.msgs.Image) -> /robot_0/depth_camera/depth_image (sensor_msgs/msg/Image)] (Lazy 0)
[parameter_bridge-4] [INFO] [1777470283.136440875] [all_robots_bridge]: Creating GZ->ROS Bridge: [/world/random_world/model/robot_0/link/robot_0/base_footprint/sensor/contact_sensor/contact (ignition.msgs.Contacts) -> /world/random_world/model/robot_0/link/robot_0/base_footprint/sensor/contact_sensor/contact (ros_gz_interfaces/msg/Contacts)] (Lazy 0)
[parameter_bridge-4] [INFO] [1777470283.137456311] [all_robots_bridge]: Creating ROS->GZ Bridge: [/robot_1/cmd_vel (geometry_msgs/msg/Twist) -> /robot_1/cmd_vel (ignition.msgs.Twist)] (Lazy 0)
[parameter_bridge-4] [INFO] [1777470283.137896886] [all_robots_bridge]: Creating GZ->ROS Bridge: [/robot_1/odom (ignition.msgs.Odometry) -> /robot_1/odom (nav_msgs/msg/Odometry)] (Lazy 0)
[parameter_bridge-4] [INFO] [1777470283.139144533] [all_robots_bridge]: Creating GZ->ROS Bridge: [/robot_1/depth_camera/depth_image (ignition.msgs.Image) -> /robot_1/depth_camera/depth_image (sensor_msgs/msg/Image)] (Lazy 0)
[parameter_bridge-4] [INFO] [1777470283.140115718] [all_robots_bridge]: Creating GZ->ROS Bridge: [/world/random_world/model/robot_1/link/robot_1/base_footprint/sensor/contact_sensor/contact (ignition.msgs.Contacts) -> /world/random_world/model/robot_1/link/robot_1/base_footprint/sensor/contact_sensor/contact (ros_gz_interfaces/msg/Contacts)] (Lazy 0)
[parameter_bridge-4] [INFO] [1777470283.140947310] [all_robots_bridge]: Creating ROS->GZ Bridge: [/robot_2/cmd_vel (geometry_msgs/msg/Twist) -> /robot_2/cmd_vel (ignition.msgs.Twist)] (Lazy 0)
[parameter_bridge-4] [INFO] [1777470283.141325617] [all_robots_bridge]: Creating GZ->ROS Bridge: [/robot_2/odom (ignition.msgs.Odometry) -> /robot_2/odom (nav_msgs/msg/Odometry)] (Lazy 0)
[parameter_bridge-4] [INFO] [1777470283.141867772] [all_robots_bridge]: Creating GZ->ROS Bridge: [/robot_2/depth_camera/depth_image (ignition.msgs.Image) -> /robot_2/depth_camera/depth_image (sensor_msgs/msg/Image)] (Lazy 0)
[parameter_bridge-4] [INFO] [1777470283.143403422] [all_robots_bridge]: Creating GZ->ROS Bridge: [/world/random_world/model/robot_2/link/robot_2/base_footprint/sensor/contact_sensor/contact (ignition.msgs.Contacts) -> /world/random_world/model/robot_2/link/robot_2/base_footprint/sensor/contact_sensor/contact (ros_gz_interfaces/msg/Contacts)] (Lazy 0)
[parameter_bridge-4] [INFO] [1777470283.143714354] [all_robots_bridge]: Creating ROS->GZ Bridge: [/robot_3/cmd_vel (geometry_msgs/msg/Twist) -> /robot_3/cmd_vel (ignition.msgs.Twist)] (Lazy 0)
[parameter_bridge-4] [INFO] [1777470283.144053143] [all_robots_bridge]: Creating GZ->ROS Bridge: [/robot_3/odom (ignition.msgs.Odometry) -> /robot_3/odom (nav_msgs/msg/Odometry)] (Lazy 0)
[parameter_bridge-4] [INFO] [1777470283.144653836] [all_robots_bridge]: Creating GZ->ROS Bridge: [/robot_3/depth_camera/depth_image (ignition.msgs.Image) -> /robot_3/depth_camera/depth_image (sensor_msgs/msg/Image)] (Lazy 0)
[parameter_bridge-4] [INFO] [1777470283.144891523] [all_robots_bridge]: Creating GZ->ROS Bridge: [/world/random_world/model/robot_3/link/robot_3/base_footprint/sensor/contact_sensor/contact (ignition.msgs.Contacts) -> /world/random_world/model/robot_3/link/robot_3/base_footprint/sensor/contact_sensor/contact (ros_gz_interfaces/msg/Contacts)] (Lazy 0)
[parameter_bridge-4] [INFO] [1777470283.145127085] [all_robots_bridge]: Creating ROS->GZ Bridge: [/robot_4/cmd_vel (geometry_msgs/msg/Twist) -> /robot_4/cmd_vel (ignition.msgs.Twist)] (Lazy 0)
[parameter_bridge-4] [INFO] [1777470283.145949814] [all_robots_bridge]: Creating GZ->ROS Bridge: [/robot_4/odom (ignition.msgs.Odometry) -> /robot_4/odom (nav_msgs/msg/Odometry)] (Lazy 0)
[parameter_bridge-4] [INFO] [1777470283.146274513] [all_robots_bridge]: Creating GZ->ROS Bridge: [/robot_4/depth_camera/depth_image (ignition.msgs.Image) -> /robot_4/depth_camera/depth_image (sensor_msgs/msg/Image)] (Lazy 0)
[parameter_bridge-4] [INFO] [1777470283.146572367] [all_robots_bridge]: Creating GZ->ROS Bridge: [/world/random_world/model/robot_4/link/robot_4/base_footprint/sensor/contact_sensor/contact (ignition.msgs.Contacts) -> /world/random_world/model/robot_4/link/robot_4/base_footprint/sensor/contact_sensor/contact (ros_gz_interfaces/msg/Contacts)] (Lazy 0)
[parameter_bridge-4] [INFO] [1777470283.146924669] [all_robots_bridge]: Creating GZ->ROS Bridge: [/world/random_world/dynamic_pose/info (ignition.msgs.Pose_V) -> /world/random_world/dynamic_pose/info (tf2_msgs/msg/TFMessage)] (Lazy 0)
[create-18] [INFO] [1777470283.153887008] [robot_4.ros_gz_sim]: Requesting list of world names.
[parameter_bridge-20] [INFO] [1777470283.160745966] [clock_bridge]: Creating GZ->ROS Bridge: [/clock (ignition.msgs.Clock) -> /clock (rosgraph_msgs/msg/Clock)] (Lazy 0)
[bump_counter-3] [INFO] [1777470283.294156188] [bump_counter]: [global] global_mode=True cooldown(robot)=0.80s cooldown(obs)=0.50s Logging to /home/ecem/ros2_ws/src/Leo_sct/LAST_PROMPTS/random_safe_selected_controllers/prompt_3_run_1/trial_29/run_20260429_154442/bumps_global_154443.csv
[robot_supervisor-10] [INFO] [1777470283.403189953] [robot_1.robot_supervisor]: Loaded initial mission 'explore' from explicit YAML explore_sup_gpt_new_3_run_1_378.yaml
[robot_supervisor-7] [INFO] [1777470283.414051097] [robot_0.robot_supervisor]: Loaded initial mission 'explore' from explicit YAML explore_sup_gpt_new_3_run_1_378.yaml
[robot_supervisor-16] [INFO] [1777470283.458536688] [robot_3.robot_supervisor]: Loaded initial mission 'explore' from explicit YAML explore_sup_gpt_new_3_run_1_378.yaml
[robot_supervisor-19] [INFO] [1777470283.485252056] [robot_4.robot_supervisor]: Loaded initial mission 'explore' from explicit YAML explore_sup_gpt_new_3_run_1_378.yaml
[robot_supervisor-13] [INFO] [1777470283.493316495] [robot_2.robot_supervisor]: Loaded initial mission 'explore' from explicit YAML explore_sup_gpt_new_3_run_1_378.yaml
[robot_supervisor-10] [INFO] [1777470283.509855630] [robot_1.robot_supervisor]: Selected controllable event: EV_move_forward
[robot_supervisor-7] [INFO] [1777470283.520979493] [robot_0.robot_supervisor]: Selected controllable event: EV_move_forward
[parameter_bridge-4] [INFO] [1777470283.556292411] [all_robots_bridge]: Passing message from ROS geometry_msgs/msg/Twist to Gazebo gz.msgs.Twist (showing msg only once per type)
[robot_supervisor-16] [INFO] [1777470283.564402273] [robot_3.robot_supervisor]: Selected controllable event: EV_move_forward
[robot_supervisor-19] [INFO] [1777470283.591468671] [robot_4.robot_supervisor]: Selected controllable event: EV_move_forward
[robot_supervisor-13] [INFO] [1777470283.598530518] [robot_2.robot_supervisor]: Selected controllable event: EV_move_forward
[create-9] [INFO] [1777470283.658211349] [robot_1.ros_gz_sim]: Waiting messages on topic [/robot_1/robot_description].
[create-15] [INFO] [1777470283.758239877] [robot_3.ros_gz_sim]: Waiting messages on topic [/robot_3/robot_description].
[robot_supervisor-10] [INFO] [1777470283.809555024] [robot_1.robot_supervisor]: Selected controllable event: EV_random_walk
[robot_supervisor-7] [INFO] [1777470283.820879929] [robot_0.robot_supervisor]: Selected controllable event: EV_random_walk
[create-18] [INFO] [1777470283.858449116] [robot_4.ros_gz_sim]: Waiting messages on topic [/robot_4/robot_description].
[robot_supervisor-16] [INFO] [1777470283.864302365] [robot_3.robot_supervisor]: Selected controllable event: EV_random_walk
[robot_supervisor-19] [INFO] [1777470283.891460609] [robot_4.robot_supervisor]: Selected controllable event: EV_random_walk
[robot_supervisor-13] [INFO] [1777470283.898661302] [robot_2.robot_supervisor]: Selected controllable event: EV_random_walk
[create-12] [INFO] [1777470283.959315797] [robot_2.ros_gz_sim]: Waiting messages on topic [/robot_2/robot_description].
[create-9] [INFO] [1777470284.058022694] [robot_1.ros_gz_sim]: Requested creation of entity.
[create-9] [INFO] [1777470284.058081851] [robot_1.ros_gz_sim]: OK creation of entity.
[create-15] [INFO] [1777470284.058053572] [robot_3.ros_gz_sim]: Requested creation of entity.
[create-15] [INFO] [1777470284.058112275] [robot_3.ros_gz_sim]: OK creation of entity.
[create-18] [INFO] [1777470284.058090441] [robot_4.ros_gz_sim]: Requested creation of entity.
[create-18] [INFO] [1777470284.058137029] [robot_4.ros_gz_sim]: OK creation of entity.
[create-12] [INFO] [1777470284.058167104] [robot_2.ros_gz_sim]: Requested creation of entity.
[create-12] [INFO] [1777470284.058230498] [robot_2.ros_gz_sim]: OK creation of entity.
[create-6] [INFO] [1777470284.058976680] [robot_0.ros_gz_sim]: Waiting messages on topic [/robot_0/robot_description].
[create-6] [INFO] [1777470284.061647519] [robot_0.ros_gz_sim]: Requested creation of entity.
[create-6] [INFO] [1777470284.061681165] [robot_0.ros_gz_sim]: OK creation of entity.
[robot_supervisor-16] [INFO] [1777470284.064123812] [robot_3.robot_supervisor]: Selected controllable event: EV_move_forward
[robot_supervisor-13] [INFO] [1777470284.098431932] [robot_2.robot_supervisor]: Selected controllable event: EV_move_forward
[robot_supervisor-7] [INFO] [1777470284.120794425] [robot_0.robot_supervisor]: Selected controllable event: EV_move_forward
[INFO] [create-15]: process has finished cleanly [pid 295613]
[INFO] [create-9]: process has finished cleanly [pid 295600]
[INFO] [create-18]: process has finished cleanly [pid 295681]
[INFO] [create-12]: process has finished cleanly [pid 295607]
[INFO] [create-6]: process has finished cleanly [pid 295593]
[robot_supervisor-16] [INFO] [1777470284.364556559] [robot_3.robot_supervisor]: Selected controllable event: EV_random_walk
[bump_counter-3] [INFO] [1777470284.374800011] [bump_counter]: [global] subscribed: /world/random_world/model/robot_0/link/robot_0/base_footprint/sensor/contact_sensor/contact
[bump_counter-3] [INFO] [1777470284.375610618] [bump_counter]: [global] subscribed: /world/random_world/model/robot_1/link/robot_1/base_footprint/sensor/contact_sensor/contact
[bump_counter-3] [INFO] [1777470284.376334814] [bump_counter]: [global] subscribed: /world/random_world/model/robot_2/link/robot_2/base_footprint/sensor/contact_sensor/contact
[bump_counter-3] [INFO] [1777470284.376903135] [bump_counter]: [global] subscribed: /world/random_world/model/robot_3/link/robot_3/base_footprint/sensor/contact_sensor/contact
[bump_counter-3] [INFO] [1777470284.377502632] [bump_counter]: [global] subscribed: /world/random_world/model/robot_4/link/robot_4/base_footprint/sensor/contact_sensor/contact
[robot_supervisor-13] [INFO] [1777470284.398459100] [robot_2.robot_supervisor]: Selected controllable event: EV_random_walk
[robot_supervisor-7] [INFO] [1777470284.420910929] [robot_0.robot_supervisor]: Selected controllable event: EV_random_walk
[robot_supervisor-16] [INFO] [1777470284.664621981] [robot_3.robot_supervisor]: Selected controllable event: EV_move_forward
[robot_supervisor-7] [INFO] [1777470284.720960041] [robot_0.robot_supervisor]: Selected controllable event: EV_move_forward
[robot_supervisor-10] [INFO] [1777470284.809570964] [robot_1.robot_supervisor]: Selected controllable event: EV_move_forward
[robot_supervisor-16] [INFO] [1777470284.964638547] [robot_3.robot_supervisor]: Selected controllable event: EV_random_walk
[robot_supervisor-7] [INFO] [1777470285.020900406] [robot_0.robot_supervisor]: Selected controllable event: EV_random_walk
[INFO] [image_processor-21]: process started with pid [295979]
[INFO] [image_processor-22]: process started with pid [295981]
[INFO] [image_processor-23]: process started with pid [295983]
[INFO] [image_processor-24]: process started with pid [295985]
[INFO] [image_processor-25]: process started with pid [295987]
[robot_supervisor-10] [INFO] [1777470285.109447828] [robot_1.robot_supervisor]: Selected controllable event: EV_random_walk
[image_processor-21] [INFO] [1777470285.140560256] [robot_0.image_processor]: image_processor: depth='/robot_0/depth_camera/depth_image' aruco_runtime=disabled
[image_processor-22] [INFO] [1777470285.141921662] [robot_1.image_processor]: image_processor: depth='/robot_1/depth_camera/depth_image' aruco_runtime=disabled
[image_processor-23] [INFO] [1777470285.143560915] [robot_2.image_processor]: image_processor: depth='/robot_2/depth_camera/depth_image' aruco_runtime=disabled
[image_processor-24] [INFO] [1777470285.143795475] [robot_3.image_processor]: image_processor: depth='/robot_3/depth_camera/depth_image' aruco_runtime=disabled
[image_processor-25] [INFO] [1777470285.166022185] [robot_4.image_processor]: image_processor: depth='/robot_4/depth_camera/depth_image' aruco_runtime=disabled
[robot_supervisor-19] [INFO] [1777470285.191523731] [robot_4.robot_supervisor]: Selected controllable event: EV_move_forward
[robot_supervisor-7] [INFO] [1777470285.320758638] [robot_0.robot_supervisor]: Selected controllable event: EV_move_forward
[robot_supervisor-10] [INFO] [1777470285.409588535] [robot_1.robot_supervisor]: Selected controllable event: EV_move_forward
[robot_supervisor-19] [INFO] [1777470285.491667948] [robot_4.robot_supervisor]: Selected controllable event: EV_random_walk
[robot_supervisor-7] [INFO] [1777470285.620893596] [robot_0.robot_supervisor]: Selected controllable event: EV_random_walk
[robot_supervisor-13] [INFO] [1777470285.698915877] [robot_2.robot_supervisor]: Selected controllable event: EV_move_forward
[robot_supervisor-10] [INFO] [1777470285.709546392] [robot_1.robot_supervisor]: Selected controllable event: EV_random_walk
[robot_supervisor-19] [INFO] [1777470285.791820618] [robot_4.robot_supervisor]: Selected controllable event: EV_move_forward
[robot_supervisor-7] [INFO] [1777470285.920917261] [robot_0.robot_supervisor]: Selected controllable event: EV_move_forward
[robot_supervisor-13] [INFO] [1777470285.998702510] [robot_2.robot_supervisor]: Selected controllable event: EV_random_walk
[robot_supervisor-10] [INFO] [1777470286.009576723] [robot_1.robot_supervisor]: Selected controllable event: EV_move_forward
[robot_supervisor-19] [INFO] [1777470286.091719747] [robot_4.robot_supervisor]: Selected controllable event: EV_random_walk
[robot_supervisor-7] [INFO] [1777470286.221097395] [robot_0.robot_supervisor]: Selected controllable event: EV_random_walk
[robot_supervisor-13] [INFO] [1777470286.298458061] [robot_2.robot_supervisor]: Selected controllable event: EV_move_forward
[robot_supervisor-10] [INFO] [1777470286.309546173] [robot_1.robot_supervisor]: Selected controllable event: EV_random_walk
[robot_supervisor-19] [INFO] [1777470286.392142465] [robot_4.robot_supervisor]: Selected controllable event: EV_move_forward
[robot_supervisor-16] [INFO] [1777470286.464544657] [robot_3.robot_supervisor]: Selected controllable event: EV_move_forward
[robot_supervisor-7] [INFO] [1777470286.520907261] [robot_0.robot_supervisor]: Selected controllable event: EV_move_forward
[robot_supervisor-13] [INFO] [1777470286.599232121] [robot_2.robot_supervisor]: Selected controllable event: EV_random_walk
[robot_supervisor-10] [INFO] [1777470286.609557632] [robot_1.robot_supervisor]: Selected controllable event: EV_move_forward
[robot_supervisor-19] [INFO] [1777470286.692507647] [robot_4.robot_supervisor]: Selected controllable event: EV_random_walk
[robot_supervisor-16] [INFO] [1777470286.764545061] [robot_3.robot_supervisor]: Selected controllable event: EV_random_walk
[robot_supervisor-7] [INFO] [1777470286.820975317] [robot_0.robot_supervisor]: Selected controllable event: EV_random_walk
[robot_supervisor-10] [INFO] [1777470286.909530876] [robot_1.robot_supervisor]: Selected controllable event: EV_random_walk
[robot_supervisor-7] [INFO] [1777470287.120587165] [robot_0.robot_supervisor]: Selected controllable event: EV_move_forward
[robot_supervisor-10] [INFO] [1777470287.209536478] [robot_1.robot_supervisor]: Selected controllable event: EV_move_forward
[robot_supervisor-7] [INFO] [1777470287.420643998] [robot_0.robot_supervisor]: Selected controllable event: EV_random_walk
[robot_supervisor-10] [INFO] [1777470287.509459147] [robot_1.robot_supervisor]: Selected controllable event: EV_random_walk
[robot_supervisor-7] [INFO] [1777470287.720719921] [robot_0.robot_supervisor]: Selected controllable event: EV_move_forward
[robot_supervisor-10] [INFO] [1777470287.809898550] [robot_1.robot_supervisor]: Selected controllable event: EV_move_forward
[robot_supervisor-7] [INFO] [1777470288.020743429] [robot_0.robot_supervisor]: Selected controllable event: EV_random_walk
[robot_supervisor-13] [INFO] [1777470288.098568865] [robot_2.robot_supervisor]: Selected controllable event: EV_move_forward
[robot_supervisor-10] [INFO] [1777470288.109172459] [robot_1.robot_supervisor]: Selected controllable event: EV_random_walk
[robot_supervisor-19] [INFO] [1777470288.191316307] [robot_4.robot_supervisor]: Selected controllable event: EV_move_forward
[robot_supervisor-16] [INFO] [1777470288.264141263] [robot_3.robot_supervisor]: Selected controllable event: EV_move_forward
[robot_supervisor-7] [INFO] [1777470288.320805068] [robot_0.robot_supervisor]: Selected controllable event: EV_move_forward
[robot_supervisor-13] [INFO] [1777470288.398623450] [robot_2.robot_supervisor]: Selected controllable event: EV_random_walk
[robot_supervisor-10] [INFO] [1777470288.409367085] [robot_1.robot_supervisor]: Selected controllable event: EV_move_forward
[robot_supervisor-19] [INFO] [1777470288.491404482] [robot_4.robot_supervisor]: Selected controllable event: EV_random_walk
[robot_supervisor-16] [INFO] [1777470288.564057627] [robot_3.robot_supervisor]: Selected controllable event: EV_random_walk
[robot_supervisor-7] [INFO] [1777470288.621124914] [robot_0.robot_supervisor]: Selected controllable event: EV_random_walk
[robot_supervisor-13] [INFO] [1777470288.698562044] [robot_2.robot_supervisor]: Selected controllable event: EV_move_forward
[robot_supervisor-10] [INFO] [1777470288.709244002] [robot_1.robot_supervisor]: Selected controllable event: EV_random_walk
[image_processor-22] [INFO] [1777470288.800025891] [robot_1.image_processor]: Zone=LEFT  left[p=0.408 near=7650 v=7650]  front[p=0.606 near=1356 v=13500]  right[p=0.762 near=2705 v=7740]
[robot_supervisor-10] [INFO] [1777470288.800687769] [robot_1.robot_supervisor]: Detected zone changed to LEFT
[image_processor-24] [INFO] [1777470288.810185470] [robot_3.image_processor]: Zone=CORNER  left[p=0.839 near=125 v=7650]  front[p=0.388 near=13089 v=13500]  right[p=0.286 near=7740 v=7740]
[robot_supervisor-16] [INFO] [1777470288.810701218] [robot_3.robot_supervisor]: Detected zone changed to CORNER
[image_processor-25] [INFO] [1777470288.823423704] [robot_4.image_processor]: Zone=CLEAR  left[p=2.669 near=0 v=7442]  front[p=2.575 near=0 v=9689]  right[p=3.111 near=0 v=5339]
[image_processor-23] [INFO] [1777470288.831087896] [robot_2.image_processor]: Zone=CLEAR  left[p=2.879 near=0 v=7342]  front[p=2.965 near=0 v=10005]  right[p=3.374 near=0 v=5434]
[image_processor-21] [INFO] [1777470288.843135367] [robot_0.image_processor]: Zone=CLEAR  left[p=1.527 near=0 v=7650]  front[p=1.941 near=0 v=12414]  right[p=3.764 near=0 v=6398]
[robot_supervisor-16] [INFO] [1777470288.864267666] [robot_3.robot_supervisor]: Selected controllable event: EV_move_backward
[robot_supervisor-7] [INFO] [1777470288.921069573] [robot_0.robot_supervisor]: Selected controllable event: EV_move_forward
[robot_supervisor-13] [INFO] [1777470288.998355435] [robot_2.robot_supervisor]: Selected controllable event: EV_random_walk
[robot_supervisor-7] [INFO] [1777470289.220847761] [robot_0.robot_supervisor]: Selected controllable event: EV_random_walk
[robot_supervisor-16] [INFO] [1777470289.264104849] [robot_3.robot_supervisor]: Selected controllable event: EV_rotate_clockwise
[robot_supervisor-7] [INFO] [1777470289.520715118] [robot_0.robot_supervisor]: Selected controllable event: EV_move_forward
[robot_supervisor-7] [INFO] [1777470289.820709751] [robot_0.robot_supervisor]: Selected controllable event: EV_random_walk
[robot_supervisor-19] [INFO] [1777470289.991340578] [robot_4.robot_supervisor]: Selected controllable event: EV_move_forward
[robot_supervisor-7] [INFO] [1777470290.120831777] [robot_0.robot_supervisor]: Selected controllable event: EV_move_forward
[robot_supervisor-10] [INFO] [1777470290.209451123] [robot_1.robot_supervisor]: Selected controllable event: EV_rotate_clockwise
[robot_supervisor-19] [INFO] [1777470290.291307617] [robot_4.robot_supervisor]: Selected controllable event: EV_random_walk
[robot_supervisor-7] [INFO] [1777470290.420895547] [robot_0.robot_supervisor]: Selected controllable event: EV_random_walk
[robot_supervisor-13] [INFO] [1777470290.498430322] [robot_2.robot_supervisor]: Selected controllable event: EV_move_forward
[robot_supervisor-7] [INFO] [1777470290.720858260] [robot_0.robot_supervisor]: Selected controllable event: EV_move_forward
[robot_supervisor-13] [INFO] [1777470290.798788914] [robot_2.robot_supervisor]: Selected controllable event: EV_random_walk
[robot_supervisor-7] [INFO] [1777470291.020831229] [robot_0.robot_supervisor]: Selected controllable event: EV_random_walk
[image_processor-22] [INFO] [1777470291.304017031] [robot_1.image_processor]: Zone=LEFT
[image_processor-24] [INFO] [1777470291.325895022] [robot_3.image_processor]: Zone=LEFT  left[p=0.271 near=7650 v=7650]  front[p=2.255 near=818 v=9898]  right[p=2.928 near=0 v=5001]
[robot_supervisor-16] [INFO] [1777470291.326495503] [robot_3.robot_supervisor]: Detected zone changed to LEFT
[image_processor-25] [INFO] [1777470291.341395258] [robot_4.image_processor]: Zone=CLEAR
[robot_supervisor-16] [INFO] [1777470291.364579900] [robot_3.robot_supervisor]: Selected controllable event: EV_full_rotate
[robot_supervisor-16] [INFO] [1777470291.365155565] [robot_3.robot_supervisor]: Starting FULL ROTATE (omega=1.000, have_odom=True, target_rad=3.142, timeout_s=3.500)
[image_processor-21] [INFO] [1777470291.379378762] [robot_0.image_processor]: Zone=CLEAR
[image_processor-23] [INFO] [1777470291.459665588] [robot_2.image_processor]: Zone=CLEAR
[robot_supervisor-16] [INFO] [1777470291.464441789] [robot_3.robot_supervisor]: FULL ROTATE active (accum_rad=0.000, timed_fallback=False, stall_count=0)
[robot_supervisor-16] [INFO] [1777470291.564360981] [robot_3.robot_supervisor]: FULL ROTATE active (accum_rad=0.002, timed_fallback=False, stall_count=0)
[robot_supervisor-16] [INFO] [1777470291.664369003] [robot_3.robot_supervisor]: FULL ROTATE active (accum_rad=0.030, timed_fallback=False, stall_count=0)
[robot_supervisor-16] [INFO] [1777470291.764461986] [robot_3.robot_supervisor]: FULL ROTATE active (accum_rad=0.087, timed_fallback=False, stall_count=0)
[robot_supervisor-19] [INFO] [1777470291.791522111] [robot_4.robot_supervisor]: Selected controllable event: EV_move_forward
[robot_supervisor-16] [INFO] [1777470291.864185655] [robot_3.robot_supervisor]: FULL ROTATE active (accum_rad=0.175, timed_fallback=False, stall_count=0)
[robot_supervisor-16] [INFO] [1777470291.964168855] [robot_3.robot_supervisor]: FULL ROTATE active (accum_rad=0.275, timed_fallback=False, stall_count=0)
[robot_supervisor-16] [INFO] [1777470292.064285526] [robot_3.robot_supervisor]: FULL ROTATE active (accum_rad=0.375, timed_fallback=False, stall_count=0)
[robot_supervisor-19] [INFO] [1777470292.091174668] [robot_4.robot_supervisor]: Selected controllable event: EV_random_walk
[robot_supervisor-16] [INFO] [1777470292.164311970] [robot_3.robot_supervisor]: FULL ROTATE active (accum_rad=0.475, timed_fallback=False, stall_count=0)
[robot_supervisor-10] [INFO] [1777470292.209688811] [robot_1.robot_supervisor]: Selected controllable event: EV_rotate_clockwise
[robot_supervisor-10] [INFO] [1777470292.210081580] [robot_1.robot_supervisor]: rotate_90 blocked by recent completion; stopping this tick
[robot_supervisor-16] [INFO] [1777470292.264481170] [robot_3.robot_supervisor]: FULL ROTATE active (accum_rad=0.575, timed_fallback=False, stall_count=0)
[robot_supervisor-13] [INFO] [1777470292.298533875] [robot_2.robot_supervisor]: Selected controllable event: EV_move_forward
[robot_supervisor-10] [INFO] [1777470292.309491957] [robot_1.robot_supervisor]: Selected controllable event: EV_rotate_clockwise
[robot_supervisor-10] [INFO] [1777470292.309853512] [robot_1.robot_supervisor]: rotate_90 blocked by recent completion; stopping this tick
[robot_supervisor-16] [INFO] [1777470292.364266631] [robot_3.robot_supervisor]: FULL ROTATE active (accum_rad=0.675, timed_fallback=False, stall_count=0)
[robot_supervisor-19] [INFO] [1777470292.391176909] [robot_4.robot_supervisor]: Selected controllable event: EV_move_forward
[robot_supervisor-10] [INFO] [1777470292.409754147] [robot_1.robot_supervisor]: Selected controllable event: EV_rotate_clockwise
[robot_supervisor-10] [INFO] [1777470292.410257413] [robot_1.robot_supervisor]: rotate_90 blocked by recent completion; stopping this tick
[robot_supervisor-16] [INFO] [1777470292.464274775] [robot_3.robot_supervisor]: FULL ROTATE active (accum_rad=0.775, timed_fallback=False, stall_count=0)
[robot_supervisor-10] [INFO] [1777470292.509661633] [robot_1.robot_supervisor]: Selected controllable event: EV_rotate_clockwise
[robot_supervisor-7] [INFO] [1777470292.520716794] [robot_0.robot_supervisor]: Selected controllable event: EV_move_forward
[robot_supervisor-16] [INFO] [1777470292.564277611] [robot_3.robot_supervisor]: FULL ROTATE active (accum_rad=0.875, timed_fallback=False, stall_count=0)
[robot_supervisor-13] [INFO] [1777470292.598433307] [robot_2.robot_supervisor]: Selected controllable event: EV_random_walk
[robot_supervisor-16] [INFO] [1777470292.664287852] [robot_3.robot_supervisor]: FULL ROTATE active (accum_rad=0.975, timed_fallback=False, stall_count=0)
[robot_supervisor-19] [INFO] [1777470292.691119333] [robot_4.robot_supervisor]: Selected controllable event: EV_random_walk
[robot_supervisor-16] [INFO] [1777470292.764323502] [robot_3.robot_supervisor]: FULL ROTATE active (accum_rad=1.075, timed_fallback=False, stall_count=0)
[robot_supervisor-7] [INFO] [1777470292.820962780] [robot_0.robot_supervisor]: Selected controllable event: EV_random_walk
[robot_supervisor-16] [INFO] [1777470292.864388638] [robot_3.robot_supervisor]: FULL ROTATE active (accum_rad=1.175, timed_fallback=False, stall_count=0)
[robot_supervisor-16] [INFO] [1777470292.964318719] [robot_3.robot_supervisor]: FULL ROTATE active (accum_rad=1.275, timed_fallback=False, stall_count=0)
[robot_supervisor-19] [INFO] [1777470292.991351859] [robot_4.robot_supervisor]: Selected controllable event: EV_move_forward
[robot_supervisor-16] [INFO] [1777470293.064074355] [robot_3.robot_supervisor]: FULL ROTATE active (accum_rad=1.375, timed_fallback=False, stall_count=0)
[robot_supervisor-16] [INFO] [1777470293.164301820] [robot_3.robot_supervisor]: FULL ROTATE active (accum_rad=1.475, timed_fallback=False, stall_count=0)
[robot_supervisor-16] [INFO] [1777470293.264282830] [robot_3.robot_supervisor]: FULL ROTATE active (accum_rad=1.575, timed_fallback=False, stall_count=0)
[robot_supervisor-19] [INFO] [1777470293.291332046] [robot_4.robot_supervisor]: Selected controllable event: EV_random_walk
[robot_supervisor-16] [INFO] [1777470293.364373444] [robot_3.robot_supervisor]: FULL ROTATE active (accum_rad=1.675, timed_fallback=False, stall_count=0)
[robot_supervisor-16] [INFO] [1777470293.464217995] [robot_3.robot_supervisor]: FULL ROTATE active (accum_rad=1.775, timed_fallback=False, stall_count=0)
[robot_supervisor-16] [INFO] [1777470293.564057152] [robot_3.robot_supervisor]: FULL ROTATE active (accum_rad=1.875, timed_fallback=False, stall_count=0)
[robot_supervisor-19] [INFO] [1777470293.591341374] [robot_4.robot_supervisor]: Selected controllable event: EV_move_forward
[robot_supervisor-16] [INFO] [1777470293.664208264] [robot_3.robot_supervisor]: FULL ROTATE active (accum_rad=1.975, timed_fallback=False, stall_count=0)
[robot_supervisor-16] [INFO] [1777470293.764233514] [robot_3.robot_supervisor]: FULL ROTATE active (accum_rad=2.075, timed_fallback=False, stall_count=0)
[image_processor-22] [INFO] [1777470293.810736967] [robot_1.image_processor]: Zone=LEFT
[image_processor-24] [INFO] [1777470293.820107847] [robot_3.image_processor]: Zone=CORNER  left[p=0.755 near=2285 v=7650]  front[p=0.446 near=7644 v=13500]  right[p=0.282 near=7740 v=7740]
[robot_supervisor-16] [INFO] [1777470293.820794190] [robot_3.robot_supervisor]: Detected zone changed to CORNER
[image_processor-25] [INFO] [1777470293.833814136] [robot_4.image_processor]: Zone=CLEAR
[image_processor-23] [INFO] [1777470293.846170941] [robot_2.image_processor]: Zone=CLEAR
[image_processor-21] [INFO] [1777470293.855532366] [robot_0.image_processor]: Zone=CLEAR
[robot_supervisor-16] [INFO] [1777470293.864506396] [robot_3.robot_supervisor]: FULL ROTATE active (accum_rad=2.175, timed_fallback=False, stall_count=0)
[robot_supervisor-19] [INFO] [1777470293.891642993] [robot_4.robot_supervisor]: Selected controllable event: EV_random_walk
[robot_supervisor-16] [INFO] [1777470293.964451604] [robot_3.robot_supervisor]: FULL ROTATE active (accum_rad=2.275, timed_fallback=False, stall_count=0)
[robot_supervisor-16] [INFO] [1777470294.064215233] [robot_3.robot_supervisor]: FULL ROTATE active (accum_rad=2.375, timed_fallback=False, stall_count=0)
[robot_supervisor-13] [INFO] [1777470294.098836085] [robot_2.robot_supervisor]: Selected controllable event: EV_move_forward
[robot_supervisor-16] [INFO] [1777470294.164210293] [robot_3.robot_supervisor]: FULL ROTATE active (accum_rad=2.475, timed_fallback=False, stall_count=0)
[robot_supervisor-19] [INFO] [1777470294.191597344] [robot_4.robot_supervisor]: Selected controllable event: EV_move_forward
[robot_supervisor-16] [INFO] [1777470294.264115434] [robot_3.robot_supervisor]: FULL ROTATE active (accum_rad=2.575, timed_fallback=False, stall_count=0)
[robot_supervisor-7] [INFO] [1777470294.320668086] [robot_0.robot_supervisor]: Selected controllable event: EV_move_forward
[robot_supervisor-16] [INFO] [1777470294.364282258] [robot_3.robot_supervisor]: FULL ROTATE active (accum_rad=2.675, timed_fallback=False, stall_count=0)
[robot_supervisor-13] [INFO] [1777470294.398540700] [robot_2.robot_supervisor]: Selected controllable event: EV_random_walk
[robot_supervisor-16] [INFO] [1777470294.463975785] [robot_3.robot_supervisor]: FULL ROTATE active (accum_rad=2.775, timed_fallback=False, stall_count=0)
[robot_supervisor-19] [INFO] [1777470294.491059555] [robot_4.robot_supervisor]: Selected controllable event: EV_random_walk
[robot_supervisor-16] [INFO] [1777470294.564098439] [robot_3.robot_supervisor]: FULL ROTATE active (accum_rad=2.875, timed_fallback=False, stall_count=0)
[robot_supervisor-7] [INFO] [1777470294.620847469] [robot_0.robot_supervisor]: Selected controllable event: EV_random_walk
[robot_supervisor-16] [INFO] [1777470294.664477532] [robot_3.robot_supervisor]: FULL ROTATE active (accum_rad=2.975, timed_fallback=False, stall_count=0)
[robot_supervisor-13] [INFO] [1777470294.698540353] [robot_2.robot_supervisor]: Selected controllable event: EV_move_forward
[robot_supervisor-10] [INFO] [1777470294.709451482] [robot_1.robot_supervisor]: Selected controllable event: EV_rotate_clockwise
[robot_supervisor-10] [INFO] [1777470294.709805873] [robot_1.robot_supervisor]: rotate_90 blocked by recent completion; stopping this tick
[robot_supervisor-16] [INFO] [1777470294.764448282] [robot_3.robot_supervisor]: FULL ROTATE active (accum_rad=3.075, timed_fallback=False, stall_count=0)
[robot_supervisor-16] [INFO] [1777470294.764955253] [robot_3.robot_supervisor]: FULL ROTATE completed by odom (accum_rad=3.175)
[robot_supervisor-16] [INFO] [1777470294.765362006] [robot_3.robot_supervisor]: FULL ROTATE stopped; supervisor will select next event next tick
[robot_supervisor-10] [INFO] [1777470294.809623184] [robot_1.robot_supervisor]: Selected controllable event: EV_rotate_clockwise
[robot_supervisor-10] [INFO] [1777470294.810061929] [robot_1.robot_supervisor]: rotate_90 blocked by recent completion; stopping this tick
[robot_supervisor-10] [INFO] [1777470294.909922417] [robot_1.robot_supervisor]: Selected controllable event: EV_rotate_clockwise
[robot_supervisor-7] [INFO] [1777470294.920804149] [robot_0.robot_supervisor]: Selected controllable event: EV_move_forward
[robot_supervisor-13] [INFO] [1777470294.998848221] [robot_2.robot_supervisor]: Selected controllable event: EV_random_walk
[robot_supervisor-16] [INFO] [1777470295.164371157] [robot_3.robot_supervisor]: Selected controllable event: EV_move_backward
[robot_supervisor-7] [INFO] [1777470295.220549800] [robot_0.robot_supervisor]: Selected controllable event: EV_random_walk
[robot_supervisor-13] [INFO] [1777470295.298543869] [robot_2.robot_supervisor]: Selected controllable event: EV_move_forward
[robot_supervisor-16] [INFO] [1777470295.564443437] [robot_3.robot_supervisor]: Selected controllable event: EV_rotate_clockwise
[robot_supervisor-13] [INFO] [1777470295.598470769] [robot_2.robot_supervisor]: Selected controllable event: EV_random_walk
[robot_supervisor-13] [INFO] [1777470295.898784885] [robot_2.robot_supervisor]: Selected controllable event: EV_move_forward
[robot_supervisor-7] [INFO] [1777470295.920867709] [robot_0.robot_supervisor]: Selected controllable event: EV_move_forward
[robot_supervisor-19] [INFO] [1777470295.991350161] [robot_4.robot_supervisor]: Selected controllable event: EV_move_forward
[robot_supervisor-13] [INFO] [1777470296.198492338] [robot_2.robot_supervisor]: Selected controllable event: EV_random_walk
[robot_supervisor-7] [INFO] [1777470296.220815953] [robot_0.robot_supervisor]: Selected controllable event: EV_random_walk
[robot_supervisor-19] [INFO] [1777470296.291146019] [robot_4.robot_supervisor]: Selected controllable event: EV_random_walk
[image_processor-22] [INFO] [1777470296.305038066] [robot_1.image_processor]: Zone=CORNER  left[p=0.559 near=7343 v=7650]  front[p=0.367 near=13500 v=13500]  right[p=0.319 near=4694 v=7740]
[robot_supervisor-10] [INFO] [1777470296.305714311] [robot_1.robot_supervisor]: Detected zone changed to CORNER
[image_processor-24] [INFO] [1777470296.312772892] [robot_3.image_processor]: Zone=RIGHT  left[p=0.789 near=1309 v=7650]  front[p=0.921 near=0 v=13500]  right[p=0.451 near=6750 v=7740]
[robot_supervisor-16] [INFO] [1777470296.313258896] [robot_3.robot_supervisor]: Detected zone changed to RIGHT
[image_processor-25] [INFO] [1777470296.323805161] [robot_4.image_processor]: Zone=CLEAR
[image_processor-23] [INFO] [1777470296.338361080] [robot_2.image_processor]: Zone=CLEAR
[image_processor-21] [INFO] [1777470296.353683946] [robot_0.image_processor]: Zone=LEFT  left[p=0.469 near=874 v=7188]  front[p=1.412 near=80 v=12908]  right[p=1.001 near=0 v=7740]
[robot_supervisor-7] [INFO] [1777470296.354360113] [robot_0.robot_supervisor]: Detected zone changed to LEFT
[robot_supervisor-13] [INFO] [1777470296.498584693] [robot_2.robot_supervisor]: Selected controllable event: EV_move_forward
[robot_supervisor-7] [INFO] [1777470296.520879659] [robot_0.robot_supervisor]: Selected controllable event: EV_rotate_clockwise
[robot_supervisor-19] [INFO] [1777470296.591430551] [robot_4.robot_supervisor]: Selected controllable event: EV_move_forward
[robot_supervisor-13] [INFO] [1777470296.798832013] [robot_2.robot_supervisor]: Selected controllable event: EV_random_walk
[robot_supervisor-19] [INFO] [1777470296.891343859] [robot_4.robot_supervisor]: Selected controllable event: EV_random_walk
[robot_supervisor-10] [INFO] [1777470297.009728793] [robot_1.robot_supervisor]: Selected controllable event: EV_move_backward
[robot_supervisor-13] [INFO] [1777470297.098353439] [robot_2.robot_supervisor]: Selected controllable event: EV_move_forward
[robot_supervisor-19] [INFO] [1777470297.191330605] [robot_4.robot_supervisor]: Selected controllable event: EV_move_forward
[robot_supervisor-13] [INFO] [1777470297.398368628] [robot_2.robot_supervisor]: Selected controllable event: EV_random_walk
[robot_supervisor-10] [INFO] [1777470297.409419227] [robot_1.robot_supervisor]: Selected controllable event: EV_rotate_clockwise
[robot_supervisor-19] [INFO] [1777470297.491398720] [robot_4.robot_supervisor]: Selected controllable event: EV_random_walk
[robot_supervisor-16] [INFO] [1777470297.764281055] [robot_3.robot_supervisor]: Selected controllable event: EV_full_rotate
[robot_supervisor-16] [INFO] [1777470297.764695473] [robot_3.robot_supervisor]: Starting FULL ROTATE (omega=1.000, have_odom=True, target_rad=3.142, timeout_s=3.500)
[robot_supervisor-16] [INFO] [1777470297.864265325] [robot_3.robot_supervisor]: FULL ROTATE active (accum_rad=0.000, timed_fallback=False, stall_count=0)
[robot_supervisor-16] [INFO] [1777470297.964220008] [robot_3.robot_supervisor]: FULL ROTATE active (accum_rad=0.008, timed_fallback=False, stall_count=0)
[robot_supervisor-16] [INFO] [1777470298.064205718] [robot_3.robot_supervisor]: FULL ROTATE active (accum_rad=0.046, timed_fallback=False, stall_count=0)
[robot_supervisor-16] [INFO] [1777470298.164211756] [robot_3.robot_supervisor]: FULL ROTATE active (accum_rad=0.113, timed_fallback=False, stall_count=0)
[robot_supervisor-16] [INFO] [1777470298.264249333] [robot_3.robot_supervisor]: FULL ROTATE active (accum_rad=0.208, timed_fallback=False, stall_count=0)
[robot_supervisor-16] [INFO] [1777470298.364465856] [robot_3.robot_supervisor]: FULL ROTATE active (accum_rad=0.308, timed_fallback=False, stall_count=0)
[robot_supervisor-16] [INFO] [1777470298.464157150] [robot_3.robot_supervisor]: FULL ROTATE active (accum_rad=0.408, timed_fallback=False, stall_count=0)
[robot_supervisor-16] [INFO] [1777470298.564271074] [robot_3.robot_supervisor]: FULL ROTATE active (accum_rad=0.508, timed_fallback=False, stall_count=0)
[robot_supervisor-16] [INFO] [1777470298.664181734] [robot_3.robot_supervisor]: FULL ROTATE active (accum_rad=0.608, timed_fallback=False, stall_count=0)
[robot_supervisor-7] [INFO] [1777470298.720910766] [robot_0.robot_supervisor]: Selected controllable event: EV_rotate_clockwise
[robot_supervisor-7] [INFO] [1777470298.721315536] [robot_0.robot_supervisor]: rotate_90 blocked by recent completion; stopping this tick
[robot_supervisor-16] [INFO] [1777470298.764209489] [robot_3.robot_supervisor]: FULL ROTATE active (accum_rad=0.708, timed_fallback=False, stall_count=0)
[image_processor-22] [INFO] [1777470298.802535586] [robot_1.image_processor]: Zone=CORNER
[image_processor-24] [INFO] [1777470298.810497206] [robot_3.image_processor]: Zone=CORNER  left[p=0.741 near=3140 v=7650]  front[p=0.558 near=4647 v=13500]  right[p=0.318 near=7740 v=7740]
[robot_supervisor-16] [INFO] [1777470298.811447535] [robot_3.robot_supervisor]: Detected zone changed to CORNER
[robot_supervisor-7] [INFO] [1777470298.820928934] [robot_0.robot_supervisor]: Selected controllable event: EV_rotate_clockwise
[robot_supervisor-7] [INFO] [1777470298.821425255] [robot_0.robot_supervisor]: rotate_90 blocked by recent completion; stopping this tick
[image_processor-25] [INFO] [1777470298.823646495] [robot_4.image_processor]: Zone=CLEAR
[image_processor-23] [INFO] [1777470298.843588193] [robot_2.image_processor]: Zone=CLEAR
[image_processor-21] [INFO] [1777470298.851657580] [robot_0.image_processor]: Zone=RIGHT  left[p=0.977 near=0 v=7650]  front[p=1.372 near=0 v=13338]  right[p=0.799 near=842 v=7740]
[robot_supervisor-7] [INFO] [1777470298.852357288] [robot_0.robot_supervisor]: Detected zone changed to RIGHT
[robot_supervisor-16] [INFO] [1777470298.864280874] [robot_3.robot_supervisor]: FULL ROTATE active (accum_rad=0.808, timed_fallback=False, stall_count=0)
[robot_supervisor-13] [INFO] [1777470298.898641683] [robot_2.robot_supervisor]: Selected controllable event: EV_move_forward
[robot_supervisor-7] [INFO] [1777470298.920826094] [robot_0.robot_supervisor]: Selected controllable event: EV_rotate_counterclockwise
[robot_supervisor-16] [INFO] [1777470298.964220191] [robot_3.robot_supervisor]: FULL ROTATE active (accum_rad=0.908, timed_fallback=False, stall_count=0)
[robot_supervisor-19] [INFO] [1777470298.991306053] [robot_4.robot_supervisor]: Selected controllable event: EV_move_forward
[robot_supervisor-16] [INFO] [1777470299.064255935] [robot_3.robot_supervisor]: FULL ROTATE active (accum_rad=1.008, timed_fallback=False, stall_count=0)
[robot_supervisor-16] [INFO] [1777470299.164207876] [robot_3.robot_supervisor]: FULL ROTATE active (accum_rad=1.108, timed_fallback=False, stall_count=0)
[robot_supervisor-13] [INFO] [1777470299.198295956] [robot_2.robot_supervisor]: Selected controllable event: EV_random_walk
[robot_supervisor-16] [INFO] [1777470299.264325599] [robot_3.robot_supervisor]: FULL ROTATE active (accum_rad=1.208, timed_fallback=False, stall_count=0)
[robot_supervisor-19] [INFO] [1777470299.291369271] [robot_4.robot_supervisor]: Selected controllable event: EV_random_walk
[robot_supervisor-16] [INFO] [1777470299.364050576] [robot_3.robot_supervisor]: FULL ROTATE active (accum_rad=1.308, timed_fallback=False, stall_count=0)
[robot_supervisor-16] [INFO] [1777470299.464217036] [robot_3.robot_supervisor]: FULL ROTATE active (accum_rad=1.408, timed_fallback=False, stall_count=0)
[robot_supervisor-13] [INFO] [1777470299.498484360] [robot_2.robot_supervisor]: Selected controllable event: EV_move_forward
[robot_supervisor-10] [INFO] [1777470299.509468231] [robot_1.robot_supervisor]: Selected controllable event: EV_full_rotate
[robot_supervisor-10] [INFO] [1777470299.509843448] [robot_1.robot_supervisor]: Starting FULL ROTATE (omega=1.000, have_odom=True, target_rad=3.142, timeout_s=3.500)
[robot_supervisor-16] [INFO] [1777470299.564177253] [robot_3.robot_supervisor]: FULL ROTATE active (accum_rad=1.508, timed_fallback=False, stall_count=0)
[robot_supervisor-19] [INFO] [1777470299.591246341] [robot_4.robot_supervisor]: Selected controllable event: EV_move_forward
[robot_supervisor-10] [INFO] [1777470299.609390361] [robot_1.robot_supervisor]: FULL ROTATE active (accum_rad=0.000, timed_fallback=False, stall_count=0)
[robot_supervisor-16] [INFO] [1777470299.664430221] [robot_3.robot_supervisor]: FULL ROTATE active (accum_rad=1.608, timed_fallback=False, stall_count=0)
[robot_supervisor-10] [INFO] [1777470299.709358347] [robot_1.robot_supervisor]: FULL ROTATE active (accum_rad=0.002, timed_fallback=False, stall_count=0)
[robot_supervisor-16] [INFO] [1777470299.764417890] [robot_3.robot_supervisor]: FULL ROTATE active (accum_rad=1.708, timed_fallback=False, stall_count=0)
[robot_supervisor-13] [INFO] [1777470299.798591836] [robot_2.robot_supervisor]: Selected controllable event: EV_random_walk
[robot_supervisor-10] [INFO] [1777470299.809750757] [robot_1.robot_supervisor]: FULL ROTATE active (accum_rad=0.030, timed_fallback=False, stall_count=0)
[robot_supervisor-16] [INFO] [1777470299.864209481] [robot_3.robot_supervisor]: FULL ROTATE active (accum_rad=1.808, timed_fallback=False, stall_count=0)
[robot_supervisor-19] [INFO] [1777470299.891526158] [robot_4.robot_supervisor]: Selected controllable event: EV_random_walk
[robot_supervisor-10] [INFO] [1777470299.909396752] [robot_1.robot_supervisor]: FULL ROTATE active (accum_rad=0.087, timed_fallback=False, stall_count=0)
[robot_supervisor-16] [INFO] [1777470299.963980751] [robot_3.robot_supervisor]: FULL ROTATE active (accum_rad=1.908, timed_fallback=False, stall_count=0)
[robot_supervisor-10] [INFO] [1777470300.009447613] [robot_1.robot_supervisor]: FULL ROTATE active (accum_rad=0.175, timed_fallback=False, stall_count=0)
[robot_supervisor-16] [INFO] [1777470300.064021051] [robot_3.robot_supervisor]: FULL ROTATE active (accum_rad=2.008, timed_fallback=False, stall_count=0)
[robot_supervisor-13] [INFO] [1777470300.098812288] [robot_2.robot_supervisor]: Selected controllable event: EV_move_forward
[robot_supervisor-10] [INFO] [1777470300.109371128] [robot_1.robot_supervisor]: FULL ROTATE active (accum_rad=0.275, timed_fallback=False, stall_count=0)
[robot_supervisor-16] [INFO] [1777470300.164500534] [robot_3.robot_supervisor]: FULL ROTATE active (accum_rad=2.108, timed_fallback=False, stall_count=0)
[robot_supervisor-10] [INFO] [1777470300.209428004] [robot_1.robot_supervisor]: FULL ROTATE active (accum_rad=0.375, timed_fallback=False, stall_count=0)
[robot_supervisor-16] [INFO] [1777470300.264342660] [robot_3.robot_supervisor]: FULL ROTATE active (accum_rad=2.208, timed_fallback=False, stall_count=0)
[robot_supervisor-10] [INFO] [1777470300.309251794] [robot_1.robot_supervisor]: FULL ROTATE active (accum_rad=0.475, timed_fallback=False, stall_count=0)
[robot_supervisor-16] [INFO] [1777470300.364162850] [robot_3.robot_supervisor]: FULL ROTATE active (accum_rad=2.308, timed_fallback=False, stall_count=0)
[robot_supervisor-13] [INFO] [1777470300.398562000] [robot_2.robot_supervisor]: Selected controllable event: EV_random_walk
[robot_supervisor-10] [INFO] [1777470300.409683644] [robot_1.robot_supervisor]: FULL ROTATE active (accum_rad=0.575, timed_fallback=False, stall_count=0)
[robot_supervisor-16] [INFO] [1777470300.463993727] [robot_3.robot_supervisor]: FULL ROTATE active (accum_rad=2.408, timed_fallback=False, stall_count=0)
[robot_supervisor-10] [INFO] [1777470300.509156854] [robot_1.robot_supervisor]: FULL ROTATE active (accum_rad=0.675, timed_fallback=False, stall_count=0)
[robot_supervisor-16] [INFO] [1777470300.564086136] [robot_3.robot_supervisor]: FULL ROTATE active (accum_rad=2.508, timed_fallback=False, stall_count=0)
[robot_supervisor-10] [INFO] [1777470300.609306030] [robot_1.robot_supervisor]: FULL ROTATE active (accum_rad=0.775, timed_fallback=False, stall_count=0)
[robot_supervisor-16] [INFO] [1777470300.664015055] [robot_3.robot_supervisor]: FULL ROTATE active (accum_rad=2.608, timed_fallback=False, stall_count=0)
[robot_supervisor-13] [INFO] [1777470300.698347739] [robot_2.robot_supervisor]: Selected controllable event: EV_move_forward
[robot_supervisor-10] [INFO] [1777470300.709233968] [robot_1.robot_supervisor]: FULL ROTATE active (accum_rad=0.875, timed_fallback=False, stall_count=0)
[robot_supervisor-16] [INFO] [1777470300.764016860] [robot_3.robot_supervisor]: FULL ROTATE active (accum_rad=2.708, timed_fallback=False, stall_count=0)
[robot_supervisor-10] [INFO] [1777470300.809318562] [robot_1.robot_supervisor]: FULL ROTATE active (accum_rad=0.975, timed_fallback=False, stall_count=0)
[robot_supervisor-16] [INFO] [1777470300.864461554] [robot_3.robot_supervisor]: FULL ROTATE active (accum_rad=2.808, timed_fallback=False, stall_count=0)
[robot_supervisor-10] [INFO] [1777470300.909214060] [robot_1.robot_supervisor]: FULL ROTATE active (accum_rad=1.075, timed_fallback=False, stall_count=0)
[robot_supervisor-16] [INFO] [1777470300.963991210] [robot_3.robot_supervisor]: FULL ROTATE active (accum_rad=2.908, timed_fallback=False, stall_count=0)
[robot_supervisor-13] [INFO] [1777470300.998702135] [robot_2.robot_supervisor]: Selected controllable event: EV_random_walk
[robot_supervisor-10] [INFO] [1777470301.009443790] [robot_1.robot_supervisor]: FULL ROTATE active (accum_rad=1.175, timed_fallback=False, stall_count=0)
[robot_supervisor-7] [INFO] [1777470301.020887273] [robot_0.robot_supervisor]: Selected controllable event: EV_rotate_counterclockwise
[robot_supervisor-7] [INFO] [1777470301.021279748] [robot_0.robot_supervisor]: rotate_90 blocked by recent completion; stopping this tick
[robot_supervisor-16] [INFO] [1777470301.064133688] [robot_3.robot_supervisor]: FULL ROTATE active (accum_rad=3.008, timed_fallback=False, stall_count=0)
[robot_supervisor-10] [INFO] [1777470301.109501382] [robot_1.robot_supervisor]: FULL ROTATE active (accum_rad=1.275, timed_fallback=False, stall_count=0)
[robot_supervisor-7] [INFO] [1777470301.120885969] [robot_0.robot_supervisor]: Selected controllable event: EV_rotate_counterclockwise
[robot_supervisor-7] [INFO] [1777470301.121254226] [robot_0.robot_supervisor]: rotate_90 blocked by recent completion; stopping this tick
[robot_supervisor-16] [INFO] [1777470301.164145390] [robot_3.robot_supervisor]: FULL ROTATE active (accum_rad=3.108, timed_fallback=False, stall_count=0)
[robot_supervisor-16] [INFO] [1777470301.164571349] [robot_3.robot_supervisor]: FULL ROTATE completed by odom (accum_rad=3.208)
[robot_supervisor-16] [INFO] [1777470301.164887829] [robot_3.robot_supervisor]: FULL ROTATE stopped; supervisor will select next event next tick
[robot_supervisor-10] [INFO] [1777470301.209475268] [robot_1.robot_supervisor]: FULL ROTATE active (accum_rad=1.375, timed_fallback=False, stall_count=0)
[robot_supervisor-7] [INFO] [1777470301.220643734] [robot_0.robot_supervisor]: Selected controllable event: EV_rotate_counterclockwise
[robot_supervisor-7] [INFO] [1777470301.220816826] [robot_0.robot_supervisor]: rotate_90 blocked by recent completion; stopping this tick
[robot_supervisor-13] [INFO] [1777470301.298661315] [robot_2.robot_supervisor]: Selected controllable event: EV_move_forward
[image_processor-22] [INFO] [1777470301.300844621] [robot_1.image_processor]: Zone=CORNER
[robot_supervisor-10] [INFO] [1777470301.309250630] [robot_1.robot_supervisor]: FULL ROTATE active (accum_rad=1.475, timed_fallback=False, stall_count=0)
[image_processor-25] [INFO] [1777470301.318065676] [robot_4.image_processor]: Zone=CLEAR
[robot_supervisor-7] [INFO] [1777470301.320619744] [robot_0.robot_supervisor]: Selected controllable event: EV_rotate_counterclockwise
[image_processor-23] [INFO] [1777470301.338600769] [robot_2.image_processor]: Zone=CLEAR
[image_processor-21] [INFO] [1777470301.350112772] [robot_0.image_processor]: Zone=RIGHT
[robot_supervisor-19] [INFO] [1777470301.391366694] [robot_4.robot_supervisor]: Selected controllable event: EV_move_forward
[robot_supervisor-10] [INFO] [1777470301.409420407] [robot_1.robot_supervisor]: FULL ROTATE active (accum_rad=1.575, timed_fallback=False, stall_count=0)
[image_processor-24] [INFO] [1777470301.411718074] [robot_3.image_processor]: Zone=CLEAR  left[p=1.196 near=0 v=5304]  front[p=2.527 near=0 v=10228]  right[p=1.165 near=0 v=7740]
[robot_supervisor-16] [INFO] [1777470301.412357453] [robot_3.robot_supervisor]: Detected zone changed to CLEAR
[robot_supervisor-16] [INFO] [1777470301.464474252] [robot_3.robot_supervisor]: Selected controllable event: EV_move_forward
[robot_supervisor-10] [INFO] [1777470301.509360840] [robot_1.robot_supervisor]: FULL ROTATE active (accum_rad=1.675, timed_fallback=False, stall_count=0)
[robot_supervisor-13] [INFO] [1777470301.598572062] [robot_2.robot_supervisor]: Selected controllable event: EV_random_walk
[robot_supervisor-10] [INFO] [1777470301.609432814] [robot_1.robot_supervisor]: FULL ROTATE active (accum_rad=1.775, timed_fallback=False, stall_count=0)
[robot_supervisor-19] [INFO] [1777470301.691183884] [robot_4.robot_supervisor]: Selected controllable event: EV_random_walk
[robot_supervisor-10] [INFO] [1777470301.709409671] [robot_1.robot_supervisor]: FULL ROTATE active (accum_rad=1.875, timed_fallback=False, stall_count=0)
[robot_supervisor-16] [INFO] [1777470301.764438906] [robot_3.robot_supervisor]: Selected controllable event: EV_random_walk
[robot_supervisor-10] [INFO] [1777470301.809769780] [robot_1.robot_supervisor]: FULL ROTATE active (accum_rad=1.975, timed_fallback=False, stall_count=0)
[robot_supervisor-13] [INFO] [1777470301.898398182] [robot_2.robot_supervisor]: Selected controllable event: EV_move_forward
[robot_supervisor-10] [INFO] [1777470301.909643632] [robot_1.robot_supervisor]: FULL ROTATE active (accum_rad=2.075, timed_fallback=False, stall_count=0)
[robot_supervisor-19] [INFO] [1777470301.991238635] [robot_4.robot_supervisor]: Selected controllable event: EV_move_forward
[robot_supervisor-10] [INFO] [1777470302.009373887] [robot_1.robot_supervisor]: FULL ROTATE active (accum_rad=2.175, timed_fallback=False, stall_count=0)
[robot_supervisor-16] [INFO] [1777470302.064134723] [robot_3.robot_supervisor]: Selected controllable event: EV_move_forward
[robot_supervisor-10] [INFO] [1777470302.109172695] [robot_1.robot_supervisor]: FULL ROTATE active (accum_rad=2.275, timed_fallback=False, stall_count=0)
[robot_supervisor-13] [INFO] [1777470302.198326783] [robot_2.robot_supervisor]: Selected controllable event: EV_random_walk
[robot_supervisor-10] [INFO] [1777470302.209206524] [robot_1.robot_supervisor]: FULL ROTATE active (accum_rad=2.375, timed_fallback=False, stall_count=0)
[robot_supervisor-19] [INFO] [1777470302.291536342] [robot_4.robot_supervisor]: Selected controllable event: EV_random_walk
[robot_supervisor-10] [INFO] [1777470302.309314820] [robot_1.robot_supervisor]: FULL ROTATE active (accum_rad=2.475, timed_fallback=False, stall_count=0)
[robot_supervisor-16] [INFO] [1777470302.364182303] [robot_3.robot_supervisor]: Selected controllable event: EV_random_walk
[robot_supervisor-10] [INFO] [1777470302.409391783] [robot_1.robot_supervisor]: FULL ROTATE active (accum_rad=2.575, timed_fallback=False, stall_count=0)
[robot_supervisor-10] [INFO] [1777470302.509359598] [robot_1.robot_supervisor]: FULL ROTATE active (accum_rad=2.675, timed_fallback=False, stall_count=0)
[robot_supervisor-19] [INFO] [1777470302.591082340] [robot_4.robot_supervisor]: Selected controllable event: EV_move_forward
[robot_supervisor-10] [INFO] [1777470302.609695356] [robot_1.robot_supervisor]: FULL ROTATE active (accum_rad=2.775, timed_fallback=False, stall_count=0)
[robot_supervisor-16] [INFO] [1777470302.664050638] [robot_3.robot_supervisor]: Selected controllable event: EV_move_forward
[robot_supervisor-10] [INFO] [1777470302.709441579] [robot_1.robot_supervisor]: FULL ROTATE active (accum_rad=2.875, timed_fallback=False, stall_count=0)
[robot_supervisor-10] [INFO] [1777470302.809329418] [robot_1.robot_supervisor]: FULL ROTATE active (accum_rad=2.975, timed_fallback=False, stall_count=0)
[robot_supervisor-19] [INFO] [1777470302.891351905] [robot_4.robot_supervisor]: Selected controllable event: EV_random_walk
[robot_supervisor-10] [INFO] [1777470302.909452581] [robot_1.robot_supervisor]: FULL ROTATE active (accum_rad=3.075, timed_fallback=False, stall_count=0)
[robot_supervisor-10] [INFO] [1777470302.909937674] [robot_1.robot_supervisor]: FULL ROTATE completed by odom (accum_rad=3.175)
[robot_supervisor-10] [INFO] [1777470302.910363811] [robot_1.robot_supervisor]: FULL ROTATE stopped; supervisor will select next event next tick
[robot_supervisor-16] [INFO] [1777470302.964223157] [robot_3.robot_supervisor]: Selected controllable event: EV_random_walk
[robot_supervisor-10] [INFO] [1777470303.209958098] [robot_1.robot_supervisor]: Selected controllable event: EV_move_backward
[robot_supervisor-16] [INFO] [1777470303.264249453] [robot_3.robot_supervisor]: Selected controllable event: EV_move_forward
[robot_supervisor-7] [INFO] [1777470303.420712297] [robot_0.robot_supervisor]: Selected controllable event: EV_rotate_counterclockwise
[robot_supervisor-7] [INFO] [1777470303.420889801] [robot_0.robot_supervisor]: rotate_90 blocked by recent completion; stopping this tick
[robot_supervisor-7] [INFO] [1777470303.520876996] [robot_0.robot_supervisor]: Selected controllable event: EV_rotate_counterclockwise
[robot_supervisor-7] [INFO] [1777470303.521271825] [robot_0.robot_supervisor]: rotate_90 blocked by recent completion; stopping this tick
[robot_supervisor-16] [INFO] [1777470303.564360764] [robot_3.robot_supervisor]: Selected controllable event: EV_random_walk
[robot_supervisor-10] [INFO] [1777470303.609713343] [robot_1.robot_supervisor]: Selected controllable event: EV_rotate_clockwise
[robot_supervisor-7] [INFO] [1777470303.620838626] [robot_0.robot_supervisor]: Selected controllable event: EV_rotate_counterclockwise
[robot_supervisor-7] [INFO] [1777470303.621201101] [robot_0.robot_supervisor]: rotate_90 blocked by recent completion; stopping this tick
[robot_supervisor-13] [INFO] [1777470303.698544112] [robot_2.robot_supervisor]: Selected controllable event: EV_move_forward
[robot_supervisor-7] [INFO] [1777470303.720981276] [robot_0.robot_supervisor]: Selected controllable event: EV_rotate_counterclockwise
[image_processor-22] [INFO] [1777470303.806615697] [robot_1.image_processor]: Zone=CORNER
[image_processor-24] [INFO] [1777470303.817060789] [robot_3.image_processor]: Zone=CLEAR
[image_processor-25] [INFO] [1777470303.827273127] [robot_4.image_processor]: Zone=CLEAR
[image_processor-23] [INFO] [1777470303.842964342] [robot_2.image_processor]: Zone=CLEAR
[image_processor-21] [INFO] [1777470303.856217810] [robot_0.image_processor]: Zone=CLEAR  left[p=1.258 near=0 v=5984]  front[p=2.974 near=0 v=8692]  right[p=2.874 near=0 v=6450]
[robot_supervisor-7] [INFO] [1777470303.857009207] [robot_0.robot_supervisor]: Detected zone changed to CLEAR
[robot_supervisor-16] [INFO] [1777470303.864098973] [robot_3.robot_supervisor]: Selected controllable event: EV_move_forward
[robot_supervisor-13] [INFO] [1777470303.998593825] [robot_2.robot_supervisor]: Selected controllable event: EV_random_walk
[robot_supervisor-16] [INFO] [1777470304.164265454] [robot_3.robot_supervisor]: Selected controllable event: EV_random_walk
[robot_supervisor-19] [INFO] [1777470304.391335448] [robot_4.robot_supervisor]: Selected controllable event: EV_move_forward
[robot_supervisor-16] [INFO] [1777470304.464556605] [robot_3.robot_supervisor]: Selected controllable event: EV_move_forward
[robot_supervisor-19] [INFO] [1777470304.691366854] [robot_4.robot_supervisor]: Selected controllable event: EV_random_walk
[robot_supervisor-16] [INFO] [1777470304.764058233] [robot_3.robot_supervisor]: Selected controllable event: EV_random_walk
[robot_supervisor-13] [INFO] [1777470305.498555505] [robot_2.robot_supervisor]: Selected controllable event: EV_move_forward
[robot_supervisor-13] [INFO] [1777470305.798941720] [robot_2.robot_supervisor]: Selected controllable event: EV_random_walk
[robot_supervisor-10] [INFO] [1777470305.809599802] [robot_1.robot_supervisor]: Selected controllable event: EV_full_rotate
[robot_supervisor-10] [INFO] [1777470305.810073704] [robot_1.robot_supervisor]: Starting FULL ROTATE (omega=1.000, have_odom=True, target_rad=3.142, timeout_s=3.500)
[robot_supervisor-7] [INFO] [1777470305.820980501] [robot_0.robot_supervisor]: Selected controllable event: EV_move_forward
[robot_supervisor-10] [INFO] [1777470305.909490124] [robot_1.robot_supervisor]: FULL ROTATE active (accum_rad=0.000, timed_fallback=False, stall_count=0)
[robot_supervisor-10] [INFO] [1777470306.009399507] [robot_1.robot_supervisor]: FULL ROTATE active (accum_rad=0.008, timed_fallback=False, stall_count=0)
[robot_supervisor-10] [INFO] [1777470306.109407384] [robot_1.robot_supervisor]: FULL ROTATE active (accum_rad=0.046, timed_fallback=False, stall_count=0)
[robot_supervisor-7] [INFO] [1777470306.120849756] [robot_0.robot_supervisor]: Selected controllable event: EV_random_walk
[robot_supervisor-19] [INFO] [1777470306.191329442] [robot_4.robot_supervisor]: Selected controllable event: EV_move_forward
[robot_supervisor-10] [INFO] [1777470306.209236056] [robot_1.robot_supervisor]: FULL ROTATE active (accum_rad=0.113, timed_fallback=False, stall_count=0)
[robot_supervisor-16] [INFO] [1777470306.264020861] [robot_3.robot_supervisor]: Selected controllable event: EV_move_forward
[image_processor-22] [INFO] [1777470306.302684785] [robot_1.image_processor]: Zone=CORNER
[robot_supervisor-10] [INFO] [1777470306.309179681] [robot_1.robot_supervisor]: FULL ROTATE active (accum_rad=0.208, timed_fallback=False, stall_count=0)
[image_processor-24] [INFO] [1777470306.319814817] [robot_3.image_processor]: Zone=CLEAR
[image_processor-25] [INFO] [1777470306.328744033] [robot_4.image_processor]: Zone=CORNER  left[p=0.427 near=7220 v=7650]  front[p=0.480 near=13500 v=13500]  right[p=0.584 near=4728 v=7740]
[robot_supervisor-19] [INFO] [1777470306.329456247] [robot_4.robot_supervisor]: Detected zone changed to CORNER
[image_processor-23] [INFO] [1777470306.343720925] [robot_2.image_processor]: Zone=CLEAR
[image_processor-21] [INFO] [1777470306.354259075] [robot_0.image_processor]: Zone=CLEAR
[robot_supervisor-10] [INFO] [1777470306.409388640] [robot_1.robot_supervisor]: FULL ROTATE active (accum_rad=0.308, timed_fallback=False, stall_count=0)
[robot_supervisor-19] [INFO] [1777470306.491380990] [robot_4.robot_supervisor]: Selected controllable event: EV_move_backward
[robot_supervisor-10] [INFO] [1777470306.509458786] [robot_1.robot_supervisor]: FULL ROTATE active (accum_rad=0.408, timed_fallback=False, stall_count=0)
[robot_supervisor-16] [INFO] [1777470306.564024715] [robot_3.robot_supervisor]: Selected controllable event: EV_random_walk
[robot_supervisor-10] [INFO] [1777470306.609680584] [robot_1.robot_supervisor]: FULL ROTATE active (accum_rad=0.508, timed_fallback=False, stall_count=0)
[robot_supervisor-10] [INFO] [1777470306.709524174] [robot_1.robot_supervisor]: FULL ROTATE active (accum_rad=0.608, timed_fallback=False, stall_count=0)
[robot_supervisor-10] [INFO] [1777470306.809308913] [robot_1.robot_supervisor]: FULL ROTATE active (accum_rad=0.708, timed_fallback=False, stall_count=0)
[robot_supervisor-19] [INFO] [1777470306.891378740] [robot_4.robot_supervisor]: Selected controllable event: EV_rotate_clockwise
[robot_supervisor-13] [INFO] [1777470306.898796928] [robot_2.robot_supervisor]: Selected controllable event: EV_move_forward
[robot_supervisor-10] [INFO] [1777470306.909373008] [robot_1.robot_supervisor]: FULL ROTATE active (accum_rad=0.808, timed_fallback=False, stall_count=0)
[robot_supervisor-10] [INFO] [1777470307.009257475] [robot_1.robot_supervisor]: FULL ROTATE active (accum_rad=0.908, timed_fallback=False, stall_count=0)
[bump_counter-3] [INFO] [1777470307.029572175] [bump_counter]: [global] bump #1 (robot) with: robot_0<->robot_4
[robot_supervisor-10] [INFO] [1777470307.109542596] [robot_1.robot_supervisor]: FULL ROTATE active (accum_rad=1.008, timed_fallback=False, stall_count=0)
[robot_supervisor-13] [INFO] [1777470307.198621198] [robot_2.robot_supervisor]: Selected controllable event: EV_random_walk
[robot_supervisor-10] [INFO] [1777470307.209571473] [robot_1.robot_supervisor]: FULL ROTATE active (accum_rad=1.108, timed_fallback=False, stall_count=0)
[robot_supervisor-10] [INFO] [1777470307.309442306] [robot_1.robot_supervisor]: FULL ROTATE active (accum_rad=1.208, timed_fallback=False, stall_count=0)
[robot_supervisor-10] [INFO] [1777470307.409477824] [robot_1.robot_supervisor]: FULL ROTATE active (accum_rad=1.308, timed_fallback=False, stall_count=0)
[robot_supervisor-10] [INFO] [1777470307.509396211] [robot_1.robot_supervisor]: FULL ROTATE active (accum_rad=1.408, timed_fallback=False, stall_count=0)
[robot_supervisor-10] [INFO] [1777470307.609264775] [robot_1.robot_supervisor]: FULL ROTATE active (accum_rad=1.508, timed_fallback=False, stall_count=0)
[robot_supervisor-7] [INFO] [1777470307.620664501] [robot_0.robot_supervisor]: Selected controllable event: EV_move_forward
[robot_supervisor-10] [INFO] [1777470307.710640234] [robot_1.robot_supervisor]: FULL ROTATE active (accum_rad=1.608, timed_fallback=False, stall_count=0)
[robot_supervisor-10] [INFO] [1777470307.810271325] [robot_1.robot_supervisor]: FULL ROTATE active (accum_rad=1.708, timed_fallback=False, stall_count=0)
[robot_supervisor-10] [INFO] [1777470307.909418030] [robot_1.robot_supervisor]: FULL ROTATE active (accum_rad=1.808, timed_fallback=False, stall_count=0)
[robot_supervisor-7] [INFO] [1777470307.920894250] [robot_0.robot_supervisor]: Selected controllable event: EV_random_walk
[robot_supervisor-10] [INFO] [1777470308.009217949] [robot_1.robot_supervisor]: FULL ROTATE active (accum_rad=1.908, timed_fallback=False, stall_count=0)
[robot_supervisor-16] [INFO] [1777470308.064317212] [robot_3.robot_supervisor]: Selected controllable event: EV_move_forward
[robot_supervisor-10] [INFO] [1777470308.109212564] [robot_1.robot_supervisor]: FULL ROTATE active (accum_rad=2.008, timed_fallback=False, stall_count=0)
[robot_supervisor-10] [INFO] [1777470308.209415003] [robot_1.robot_supervisor]: FULL ROTATE active (accum_rad=2.108, timed_fallback=False, stall_count=0)
[robot_supervisor-7] [INFO] [1777470308.220907064] [robot_0.robot_supervisor]: Selected controllable event: EV_move_forward
[robot_supervisor-13] [INFO] [1777470308.298349418] [robot_2.robot_supervisor]: Selected controllable event: EV_move_forward
[robot_supervisor-10] [INFO] [1777470308.309583984] [robot_1.robot_supervisor]: FULL ROTATE active (accum_rad=2.208, timed_fallback=False, stall_count=0)
[robot_supervisor-16] [INFO] [1777470308.364454839] [robot_3.robot_supervisor]: Selected controllable event: EV_random_walk
[robot_supervisor-10] [INFO] [1777470308.409640346] [robot_1.robot_supervisor]: FULL ROTATE active (accum_rad=2.308, timed_fallback=False, stall_count=0)
[robot_supervisor-10] [INFO] [1777470308.509589105] [robot_1.robot_supervisor]: FULL ROTATE active (accum_rad=2.408, timed_fallback=False, stall_count=0)
[robot_supervisor-7] [INFO] [1777470308.520906808] [robot_0.robot_supervisor]: Selected controllable event: EV_random_walk
[robot_supervisor-13] [INFO] [1777470308.598579362] [robot_2.robot_supervisor]: Selected controllable event: EV_random_walk
[robot_supervisor-10] [INFO] [1777470308.609397670] [robot_1.robot_supervisor]: FULL ROTATE active (accum_rad=2.508, timed_fallback=False, stall_count=0)
[robot_supervisor-10] [INFO] [1777470308.709420888] [robot_1.robot_supervisor]: FULL ROTATE active (accum_rad=2.608, timed_fallback=False, stall_count=0)
[robot_supervisor-10] [INFO] [1777470308.809415844] [robot_1.robot_supervisor]: FULL ROTATE active (accum_rad=2.708, timed_fallback=False, stall_count=0)
[image_processor-22] [INFO] [1777470308.818525065] [robot_1.image_processor]: Zone=CLEAR  left[p=2.960 near=0 v=4978]  front[p=2.477 near=0 v=6748]  right[p=2.370 near=0 v=5643]
[robot_supervisor-10] [INFO] [1777470308.819051999] [robot_1.robot_supervisor]: Detected zone changed to CLEAR
[robot_supervisor-7] [INFO] [1777470308.820662955] [robot_0.robot_supervisor]: Selected controllable event: EV_move_forward
[image_processor-24] [INFO] [1777470308.828945788] [robot_3.image_processor]: Zone=LEFT  left[p=0.484 near=7650 v=7650]  front[p=0.811 near=895 v=9938]  right[p=2.806 near=0 v=6716]
[robot_supervisor-16] [INFO] [1777470308.829694170] [robot_3.robot_supervisor]: Detected zone changed to LEFT
[image_processor-25] [INFO] [1777470308.836945112] [robot_4.image_processor]: Zone=CLEAR  left[p=1.948 near=0 v=7650]  front[p=2.663 near=0 v=12558]  right[p=3.535 near=0 v=7094]
[robot_supervisor-19] [INFO] [1777470308.837758669] [robot_4.robot_supervisor]: Detected zone changed to CLEAR
[image_processor-23] [INFO] [1777470308.849382780] [robot_2.image_processor]: Zone=CLEAR
[image_processor-21] [INFO] [1777470308.859833698] [robot_0.image_processor]: Zone=CORNER  left[p=0.630 near=4192 v=7650]  front[p=0.466 near=1338 v=12132]  right[p=3.308 near=0 v=6736]
[robot_supervisor-7] [INFO] [1777470308.860557755] [robot_0.robot_supervisor]: Detected zone changed to CORNER
[robot_supervisor-10] [INFO] [1777470308.909449874] [robot_1.robot_supervisor]: FULL ROTATE active (accum_rad=2.808, timed_fallback=False, stall_count=0)
[robot_supervisor-19] [INFO] [1777470308.991530308] [robot_4.robot_supervisor]: Selected controllable event: EV_full_rotate
[robot_supervisor-19] [INFO] [1777470308.991946752] [robot_4.robot_supervisor]: Starting FULL ROTATE (omega=1.000, have_odom=True, target_rad=3.142, timeout_s=3.500)
[robot_supervisor-10] [INFO] [1777470309.009314858] [robot_1.robot_supervisor]: FULL ROTATE active (accum_rad=2.908, timed_fallback=False, stall_count=0)
[robot_supervisor-19] [INFO] [1777470309.091311992] [robot_4.robot_supervisor]: FULL ROTATE active (accum_rad=0.000, timed_fallback=False, stall_count=0)
[robot_supervisor-10] [INFO] [1777470309.109374405] [robot_1.robot_supervisor]: FULL ROTATE active (accum_rad=3.008, timed_fallback=False, stall_count=0)
[robot_supervisor-7] [INFO] [1777470309.120759989] [robot_0.robot_supervisor]: Selected controllable event: EV_move_backward
[robot_supervisor-19] [INFO] [1777470309.191569574] [robot_4.robot_supervisor]: FULL ROTATE active (accum_rad=0.004, timed_fallback=False, stall_count=0)
[robot_supervisor-10] [INFO] [1777470309.209295314] [robot_1.robot_supervisor]: FULL ROTATE active (accum_rad=3.108, timed_fallback=False, stall_count=0)
[robot_supervisor-10] [INFO] [1777470309.209586940] [robot_1.robot_supervisor]: FULL ROTATE completed by odom (accum_rad=3.208)
[robot_supervisor-10] [INFO] [1777470309.209822466] [robot_1.robot_supervisor]: FULL ROTATE stopped; supervisor will select next event next tick
[robot_supervisor-19] [INFO] [1777470309.291306916] [robot_4.robot_supervisor]: FULL ROTATE active (accum_rad=0.037, timed_fallback=False, stall_count=0)
[robot_supervisor-19] [INFO] [1777470309.391203142] [robot_4.robot_supervisor]: FULL ROTATE active (accum_rad=0.100, timed_fallback=False, stall_count=0)
[robot_supervisor-19] [INFO] [1777470309.491454167] [robot_4.robot_supervisor]: FULL ROTATE active (accum_rad=0.193, timed_fallback=False, stall_count=0)
[robot_supervisor-13] [INFO] [1777470309.498565520] [robot_2.robot_supervisor]: Selected controllable event: EV_move_forward
[robot_supervisor-10] [INFO] [1777470309.509350150] [robot_1.robot_supervisor]: Selected controllable event: EV_move_forward
[robot_supervisor-7] [INFO] [1777470309.520863717] [robot_0.robot_supervisor]: Selected controllable event: EV_rotate_clockwise
[robot_supervisor-19] [INFO] [1777470309.591498630] [robot_4.robot_supervisor]: FULL ROTATE active (accum_rad=0.293, timed_fallback=False, stall_count=0)
[robot_supervisor-19] [INFO] [1777470309.691464352] [robot_4.robot_supervisor]: FULL ROTATE active (accum_rad=0.393, timed_fallback=False, stall_count=0)
[robot_supervisor-19] [INFO] [1777470309.791160386] [robot_4.robot_supervisor]: FULL ROTATE active (accum_rad=0.493, timed_fallback=False, stall_count=0)
[robot_supervisor-13] [INFO] [1777470309.798384517] [robot_2.robot_supervisor]: Selected controllable event: EV_random_walk
[robot_supervisor-10] [INFO] [1777470309.809617051] [robot_1.robot_supervisor]: Selected controllable event: EV_random_walk
[robot_supervisor-16] [INFO] [1777470309.864390330] [robot_3.robot_supervisor]: Selected controllable event: EV_rotate_clockwise
[robot_supervisor-19] [INFO] [1777470309.891367960] [robot_4.robot_supervisor]: FULL ROTATE active (accum_rad=0.593, timed_fallback=False, stall_count=0)
[robot_supervisor-19] [INFO] [1777470309.991241206] [robot_4.robot_supervisor]: FULL ROTATE active (accum_rad=0.693, timed_fallback=False, stall_count=0)
[robot_supervisor-19] [INFO] [1777470310.091226678] [robot_4.robot_supervisor]: FULL ROTATE active (accum_rad=0.793, timed_fallback=False, stall_count=0)
[robot_supervisor-13] [INFO] [1777470310.098522772] [robot_2.robot_supervisor]: Selected controllable event: EV_move_forward
[robot_supervisor-19] [INFO] [1777470310.191247376] [robot_4.robot_supervisor]: FULL ROTATE active (accum_rad=0.893, timed_fallback=False, stall_count=0)
[robot_supervisor-19] [INFO] [1777470310.291236211] [robot_4.robot_supervisor]: FULL ROTATE active (accum_rad=0.993, timed_fallback=False, stall_count=0)
[robot_supervisor-19] [INFO] [1777470310.391189840] [robot_4.robot_supervisor]: FULL ROTATE active (accum_rad=1.093, timed_fallback=False, stall_count=0)
[robot_supervisor-13] [INFO] [1777470310.398543708] [robot_2.robot_supervisor]: Selected controllable event: EV_random_walk
[robot_supervisor-19] [INFO] [1777470310.491170235] [robot_4.robot_supervisor]: FULL ROTATE active (accum_rad=1.193, timed_fallback=False, stall_count=0)
[robot_supervisor-19] [INFO] [1777470310.591183052] [robot_4.robot_supervisor]: FULL ROTATE active (accum_rad=1.293, timed_fallback=False, stall_count=0)
[robot_supervisor-19] [INFO] [1777470310.691548432] [robot_4.robot_supervisor]: FULL ROTATE active (accum_rad=1.393, timed_fallback=False, stall_count=0)
[robot_supervisor-13] [INFO] [1777470310.698535427] [robot_2.robot_supervisor]: Selected controllable event: EV_move_forward
[robot_supervisor-19] [INFO] [1777470310.791137998] [robot_4.robot_supervisor]: FULL ROTATE active (accum_rad=1.493, timed_fallback=False, stall_count=0)
[robot_supervisor-19] [INFO] [1777470310.891400046] [robot_4.robot_supervisor]: FULL ROTATE active (accum_rad=1.593, timed_fallback=False, stall_count=0)
[robot_supervisor-19] [INFO] [1777470310.991145743] [robot_4.robot_supervisor]: FULL ROTATE active (accum_rad=1.693, timed_fallback=False, stall_count=0)
[robot_supervisor-13] [INFO] [1777470310.998341509] [robot_2.robot_supervisor]: Selected controllable event: EV_random_walk
[robot_supervisor-19] [INFO] [1777470311.091148875] [robot_4.robot_supervisor]: FULL ROTATE active (accum_rad=1.793, timed_fallback=False, stall_count=0)
[robot_supervisor-19] [INFO] [1777470311.191171143] [robot_4.robot_supervisor]: FULL ROTATE active (accum_rad=1.893, timed_fallback=False, stall_count=0)
[robot_supervisor-19] [INFO] [1777470311.291285329] [robot_4.robot_supervisor]: FULL ROTATE active (accum_rad=1.993, timed_fallback=False, stall_count=0)
[robot_supervisor-13] [INFO] [1777470311.298415805] [robot_2.robot_supervisor]: Selected controllable event: EV_move_forward
[robot_supervisor-10] [INFO] [1777470311.309378476] [robot_1.robot_supervisor]: Selected controllable event: EV_move_forward
[image_processor-22] [INFO] [1777470311.310604936] [robot_1.image_processor]: Zone=CLEAR
[image_processor-24] [INFO] [1777470311.318626306] [robot_3.image_processor]: Zone=LEFT
[image_processor-25] [INFO] [1777470311.330841748] [robot_4.image_processor]: Zone=CORNER  left[p=0.643 near=3126 v=7650]  front[p=0.500 near=13500 v=13500]  right[p=0.433 near=7623 v=7740]
[robot_supervisor-19] [INFO] [1777470311.331574987] [robot_4.robot_supervisor]: Detected zone changed to CORNER
[image_processor-23] [INFO] [1777470311.347636862] [robot_2.image_processor]: Zone=CLEAR
[image_processor-21] [INFO] [1777470311.357640910] [robot_0.image_processor]: Zone=CLEAR  left[p=3.332 near=0 v=6330]  front[p=2.847 near=0 v=8846]  right[p=2.785 near=0 v=5909]
[robot_supervisor-7] [INFO] [1777470311.358406791] [robot_0.robot_supervisor]: Detected zone changed to CLEAR
[robot_supervisor-19] [INFO] [1777470311.391180930] [robot_4.robot_supervisor]: FULL ROTATE active (accum_rad=2.093, timed_fallback=False, stall_count=0)
[robot_supervisor-19] [INFO] [1777470311.491220027] [robot_4.robot_supervisor]: FULL ROTATE active (accum_rad=2.193, timed_fallback=False, stall_count=0)
[robot_supervisor-19] [INFO] [1777470311.591014927] [robot_4.robot_supervisor]: FULL ROTATE active (accum_rad=2.293, timed_fallback=False, stall_count=0)
[robot_supervisor-13] [INFO] [1777470311.598490633] [robot_2.robot_supervisor]: Selected controllable event: EV_random_walk
[robot_supervisor-10] [INFO] [1777470311.609432125] [robot_1.robot_supervisor]: Selected controllable event: EV_random_walk
[robot_supervisor-7] [INFO] [1777470311.621070591] [robot_0.robot_supervisor]: Selected controllable event: EV_full_rotate
[robot_supervisor-7] [INFO] [1777470311.621594892] [robot_0.robot_supervisor]: Starting FULL ROTATE (omega=1.000, have_odom=True, target_rad=3.142, timeout_s=3.500)
[robot_supervisor-19] [INFO] [1777470311.691039084] [robot_4.robot_supervisor]: FULL ROTATE active (accum_rad=2.393, timed_fallback=False, stall_count=0)
[robot_supervisor-7] [INFO] [1777470311.720915060] [robot_0.robot_supervisor]: FULL ROTATE active (accum_rad=0.000, timed_fallback=False, stall_count=0)
[robot_supervisor-19] [INFO] [1777470311.791032453] [robot_4.robot_supervisor]: FULL ROTATE active (accum_rad=2.493, timed_fallback=False, stall_count=0)
[robot_supervisor-7] [INFO] [1777470311.821115497] [robot_0.robot_supervisor]: FULL ROTATE active (accum_rad=0.005, timed_fallback=False, stall_count=0)
[robot_supervisor-19] [INFO] [1777470311.891166455] [robot_4.robot_supervisor]: FULL ROTATE active (accum_rad=2.593, timed_fallback=False, stall_count=0)
[robot_supervisor-10] [INFO] [1777470311.909485705] [robot_1.robot_supervisor]: Selected controllable event: EV_move_forward
[robot_supervisor-7] [INFO] [1777470311.920818627] [robot_0.robot_supervisor]: FULL ROTATE active (accum_rad=0.030, timed_fallback=False, stall_count=0)
[robot_supervisor-19] [INFO] [1777470311.991279218] [robot_4.robot_supervisor]: FULL ROTATE active (accum_rad=2.693, timed_fallback=False, stall_count=0)
[robot_supervisor-7] [INFO] [1777470312.021002972] [robot_0.robot_supervisor]: FULL ROTATE active (accum_rad=0.084, timed_fallback=False, stall_count=0)
[robot_supervisor-19] [INFO] [1777470312.091276344] [robot_4.robot_supervisor]: FULL ROTATE active (accum_rad=2.793, timed_fallback=False, stall_count=0)
[robot_supervisor-13] [INFO] [1777470312.098836409] [robot_2.robot_supervisor]: Selected controllable event: EV_move_forward
[robot_supervisor-7] [INFO] [1777470312.120963837] [robot_0.robot_supervisor]: FULL ROTATE active (accum_rad=0.169, timed_fallback=False, stall_count=0)
[robot_supervisor-16] [INFO] [1777470312.164552245] [robot_3.robot_supervisor]: Selected controllable event: EV_rotate_clockwise
[robot_supervisor-16] [INFO] [1777470312.164884178] [robot_3.robot_supervisor]: rotate_90 blocked by recent completion; stopping this tick
[robot_supervisor-19] [INFO] [1777470312.191480984] [robot_4.robot_supervisor]: FULL ROTATE active (accum_rad=2.893, timed_fallback=False, stall_count=0)
[robot_supervisor-10] [INFO] [1777470312.209466440] [robot_1.robot_supervisor]: Selected controllable event: EV_random_walk
[bump_counter-3] [INFO] [1777470312.219284821] [bump_counter]: [global] bump #2 (robot) with: robot_0<->robot_4
[robot_supervisor-7] [INFO] [1777470312.220774428] [robot_0.robot_supervisor]: FULL ROTATE active (accum_rad=0.269, timed_fallback=False, stall_count=0)
[robot_supervisor-16] [INFO] [1777470312.264561476] [robot_3.robot_supervisor]: Selected controllable event: EV_rotate_clockwise
[robot_supervisor-16] [INFO] [1777470312.264876731] [robot_3.robot_supervisor]: rotate_90 blocked by recent completion; stopping this tick
[robot_supervisor-19] [INFO] [1777470312.291189811] [robot_4.robot_supervisor]: FULL ROTATE active (accum_rad=2.993, timed_fallback=False, stall_count=0)
[robot_supervisor-7] [INFO] [1777470312.320679433] [robot_0.robot_supervisor]: FULL ROTATE active (accum_rad=0.369, timed_fallback=False, stall_count=0)
[robot_supervisor-16] [INFO] [1777470312.364206463] [robot_3.robot_supervisor]: Selected controllable event: EV_rotate_clockwise
[robot_supervisor-19] [INFO] [1777470312.391252848] [robot_4.robot_supervisor]: FULL ROTATE active (accum_rad=3.093, timed_fallback=False, stall_count=0)
[robot_supervisor-19] [INFO] [1777470312.391699591] [robot_4.robot_supervisor]: FULL ROTATE completed by odom (accum_rad=3.193)
[robot_supervisor-19] [INFO] [1777470312.392061331] [robot_4.robot_supervisor]: FULL ROTATE stopped; supervisor will select next event next tick
[robot_supervisor-13] [INFO] [1777470312.398386208] [robot_2.robot_supervisor]: Selected controllable event: EV_random_walk
[robot_supervisor-7] [INFO] [1777470312.420547237] [robot_0.robot_supervisor]: FULL ROTATE active (accum_rad=0.469, timed_fallback=False, stall_count=0)
[robot_supervisor-10] [INFO] [1777470312.509469377] [robot_1.robot_supervisor]: Selected controllable event: EV_move_forward
[robot_supervisor-7] [INFO] [1777470312.521034858] [robot_0.robot_supervisor]: FULL ROTATE active (accum_rad=0.569, timed_fallback=False, stall_count=0)
[robot_supervisor-7] [INFO] [1777470312.620964658] [robot_0.robot_supervisor]: FULL ROTATE active (accum_rad=0.669, timed_fallback=False, stall_count=0)
[robot_supervisor-7] [INFO] [1777470312.720937123] [robot_0.robot_supervisor]: FULL ROTATE active (accum_rad=0.769, timed_fallback=False, stall_count=0)
[robot_supervisor-19] [INFO] [1777470312.791288870] [robot_4.robot_supervisor]: Selected controllable event: EV_move_backward
[robot_supervisor-10] [INFO] [1777470312.809200384] [robot_1.robot_supervisor]: Selected controllable event: EV_random_walk
[robot_supervisor-7] [INFO] [1777470312.820778895] [robot_0.robot_supervisor]: FULL ROTATE active (accum_rad=0.869, timed_fallback=False, stall_count=0)
[robot_supervisor-7] [INFO] [1777470312.920754262] [robot_0.robot_supervisor]: FULL ROTATE active (accum_rad=0.969, timed_fallback=False, stall_count=0)
[robot_supervisor-7] [INFO] [1777470313.020729917] [robot_0.robot_supervisor]: FULL ROTATE active (accum_rad=1.069, timed_fallback=False, stall_count=0)
[robot_supervisor-7] [INFO] [1777470313.120777526] [robot_0.robot_supervisor]: FULL ROTATE active (accum_rad=1.169, timed_fallback=False, stall_count=0)
[robot_supervisor-19] [INFO] [1777470313.191309998] [robot_4.robot_supervisor]: Selected controllable event: EV_rotate_clockwise
[robot_supervisor-7] [INFO] [1777470313.220608894] [robot_0.robot_supervisor]: FULL ROTATE active (accum_rad=1.269, timed_fallback=False, stall_count=0)
[robot_supervisor-7] [INFO] [1777470313.320800945] [robot_0.robot_supervisor]: FULL ROTATE active (accum_rad=1.369, timed_fallback=False, stall_count=0)
[robot_supervisor-7] [INFO] [1777470313.420991621] [robot_0.robot_supervisor]: FULL ROTATE active (accum_rad=1.469, timed_fallback=False, stall_count=0)
[robot_supervisor-7] [INFO] [1777470313.520710528] [robot_0.robot_supervisor]: FULL ROTATE active (accum_rad=1.569, timed_fallback=False, stall_count=0)
[robot_supervisor-7] [INFO] [1777470313.620489020] [robot_0.robot_supervisor]: FULL ROTATE active (accum_rad=1.669, timed_fallback=False, stall_count=0)
[robot_supervisor-7] [INFO] [1777470313.720558535] [robot_0.robot_supervisor]: FULL ROTATE active (accum_rad=1.769, timed_fallback=False, stall_count=0)
[image_processor-22] [INFO] [1777470313.806353817] [robot_1.image_processor]: Zone=CLEAR
[image_processor-24] [INFO] [1777470313.814819090] [robot_3.image_processor]: Zone=CLEAR  left[p=1.197 near=0 v=7650]  front[p=1.385 near=0 v=13500]  right[p=1.765 near=0 v=7740]
[robot_supervisor-16] [INFO] [1777470313.815614287] [robot_3.robot_supervisor]: Detected zone changed to CLEAR
[robot_supervisor-7] [INFO] [1777470313.820583372] [robot_0.robot_supervisor]: FULL ROTATE active (accum_rad=1.869, timed_fallback=False, stall_count=0)
[image_processor-25] [INFO] [1777470313.825000434] [robot_4.image_processor]: Zone=CORNER
[image_processor-23] [INFO] [1777470313.837332286] [robot_2.image_processor]: Zone=CLEAR
[image_processor-21] [INFO] [1777470313.849097663] [robot_0.image_processor]: Zone=LEFT  left[p=0.541 near=7172 v=7650]  front[p=0.846 near=1063 v=13168]  right[p=2.596 near=428 v=6775]
[robot_supervisor-7] [INFO] [1777470313.849597438] [robot_0.robot_supervisor]: Detected zone changed to LEFT
[robot_supervisor-13] [INFO] [1777470313.898611033] [robot_2.robot_supervisor]: Selected controllable event: EV_move_forward
[robot_supervisor-7] [INFO] [1777470313.920710722] [robot_0.robot_supervisor]: FULL ROTATE active (accum_rad=1.969, timed_fallback=False, stall_count=0)
[robot_supervisor-7] [INFO] [1777470314.020602884] [robot_0.robot_supervisor]: FULL ROTATE active (accum_rad=2.069, timed_fallback=False, stall_count=0)
[robot_supervisor-7] [INFO] [1777470314.120681440] [robot_0.robot_supervisor]: FULL ROTATE active (accum_rad=2.169, timed_fallback=False, stall_count=0)
[robot_supervisor-13] [INFO] [1777470314.198470100] [robot_2.robot_supervisor]: Selected controllable event: EV_random_walk
[robot_supervisor-7] [INFO] [1777470314.220555953] [robot_0.robot_supervisor]: FULL ROTATE active (accum_rad=2.269, timed_fallback=False, stall_count=0)
[robot_supervisor-10] [INFO] [1777470314.309514712] [robot_1.robot_supervisor]: Selected controllable event: EV_move_forward
[robot_supervisor-7] [INFO] [1777470314.320638790] [robot_0.robot_supervisor]: FULL ROTATE active (accum_rad=2.369, timed_fallback=False, stall_count=0)
[robot_supervisor-7] [INFO] [1777470314.421029704] [robot_0.robot_supervisor]: FULL ROTATE active (accum_rad=2.469, timed_fallback=False, stall_count=0)
[robot_supervisor-13] [INFO] [1777470314.498815963] [robot_2.robot_supervisor]: Selected controllable event: EV_move_forward
[robot_supervisor-7] [INFO] [1777470314.520771387] [robot_0.robot_supervisor]: FULL ROTATE active (accum_rad=2.569, timed_fallback=False, stall_count=0)
[robot_supervisor-16] [INFO] [1777470314.564400407] [robot_3.robot_supervisor]: Selected controllable event: EV_move_forward
[robot_supervisor-10] [INFO] [1777470314.609498502] [robot_1.robot_supervisor]: Selected controllable event: EV_random_walk
[robot_supervisor-7] [INFO] [1777470314.620496752] [robot_0.robot_supervisor]: FULL ROTATE active (accum_rad=2.669, timed_fallback=False, stall_count=0)
[robot_supervisor-7] [INFO] [1777470314.720722495] [robot_0.robot_supervisor]: FULL ROTATE active (accum_rad=2.769, timed_fallback=False, stall_count=0)
[robot_supervisor-13] [INFO] [1777470314.798595087] [robot_2.robot_supervisor]: Selected controllable event: EV_random_walk
[robot_supervisor-7] [INFO] [1777470314.820854935] [robot_0.robot_supervisor]: FULL ROTATE active (accum_rad=2.869, timed_fallback=False, stall_count=0)
[robot_supervisor-16] [INFO] [1777470314.864276495] [robot_3.robot_supervisor]: Selected controllable event: EV_random_walk
[robot_supervisor-7] [INFO] [1777470314.920927000] [robot_0.robot_supervisor]: FULL ROTATE active (accum_rad=2.969, timed_fallback=False, stall_count=0)
[robot_supervisor-7] [INFO] [1777470315.020774437] [robot_0.robot_supervisor]: FULL ROTATE active (accum_rad=3.069, timed_fallback=False, stall_count=0)
[robot_supervisor-7] [INFO] [1777470315.021270935] [robot_0.robot_supervisor]: FULL ROTATE completed by odom (accum_rad=3.169)
[robot_supervisor-7] [INFO] [1777470315.021655722] [robot_0.robot_supervisor]: FULL ROTATE stopped; supervisor will select next event next tick
[robot_supervisor-13] [INFO] [1777470315.098482075] [robot_2.robot_supervisor]: Selected controllable event: EV_move_forward
[robot_supervisor-7] [INFO] [1777470315.320661253] [robot_0.robot_supervisor]: Selected controllable event: EV_rotate_clockwise
[robot_supervisor-19] [INFO] [1777470315.391256238] [robot_4.robot_supervisor]: Selected controllable event: EV_full_rotate
[robot_supervisor-19] [INFO] [1777470315.391469707] [robot_4.robot_supervisor]: Starting FULL ROTATE (omega=1.000, have_odom=True, target_rad=3.142, timeout_s=3.500)
[robot_supervisor-13] [INFO] [1777470315.398524935] [robot_2.robot_supervisor]: Selected controllable event: EV_random_walk
[robot_supervisor-19] [INFO] [1777470315.491413365] [robot_4.robot_supervisor]: FULL ROTATE active (accum_rad=0.000, timed_fallback=False, stall_count=0)
[robot_supervisor-19] [INFO] [1777470315.591330322] [robot_4.robot_supervisor]: FULL ROTATE active (accum_rad=0.013, timed_fallback=False, stall_count=0)
[robot_supervisor-19] [INFO] [1777470315.691059006] [robot_4.robot_supervisor]: FULL ROTATE active (accum_rad=0.057, timed_fallback=False, stall_count=0)
[robot_supervisor-13] [INFO] [1777470315.698534671] [robot_2.robot_supervisor]: Selected controllable event: EV_move_forward
[robot_supervisor-19] [INFO] [1777470315.791213146] [robot_4.robot_supervisor]: FULL ROTATE active (accum_rad=0.130, timed_fallback=False, stall_count=0)
[robot_supervisor-19] [INFO] [1777470315.891269547] [robot_4.robot_supervisor]: FULL ROTATE active (accum_rad=0.228, timed_fallback=False, stall_count=0)
[robot_supervisor-19] [INFO] [1777470315.991489247] [robot_4.robot_supervisor]: FULL ROTATE active (accum_rad=0.328, timed_fallback=False, stall_count=0)
[robot_supervisor-13] [INFO] [1777470315.998527545] [robot_2.robot_supervisor]: Selected controllable event: EV_random_walk
[robot_supervisor-19] [INFO] [1777470316.091285744] [robot_4.robot_supervisor]: FULL ROTATE active (accum_rad=0.428, timed_fallback=False, stall_count=0)
[robot_supervisor-10] [INFO] [1777470316.109701177] [robot_1.robot_supervisor]: Selected controllable event: EV_move_forward
[robot_supervisor-19] [INFO] [1777470316.191307608] [robot_4.robot_supervisor]: FULL ROTATE active (accum_rad=0.528, timed_fallback=False, stall_count=0)
[robot_supervisor-19] [INFO] [1777470316.291498553] [robot_4.robot_supervisor]: FULL ROTATE active (accum_rad=0.628, timed_fallback=False, stall_count=0)
[image_processor-22] [INFO] [1777470316.305090771] [robot_1.image_processor]: Zone=CLEAR
[image_processor-24] [INFO] [1777470316.314234346] [robot_3.image_processor]: Zone=CLEAR
[image_processor-25] [INFO] [1777470316.325602132] [robot_4.image_processor]: Zone=CORNER
[image_processor-23] [INFO] [1777470316.336702377] [robot_2.image_processor]: Zone=CLEAR
[image_processor-21] [INFO] [1777470316.347971905] [robot_0.image_processor]: Zone=CORNER  left[p=0.463 near=7234 v=7650]  front[p=0.601 near=8061 v=13500]  right[p=2.886 near=55 v=7740]
[robot_supervisor-7] [INFO] [1777470316.348432606] [robot_0.robot_supervisor]: Detected zone changed to CORNER
[robot_supervisor-16] [INFO] [1777470316.364354814] [robot_3.robot_supervisor]: Selected controllable event: EV_move_forward
[robot_supervisor-19] [INFO] [1777470316.391064141] [robot_4.robot_supervisor]: FULL ROTATE active (accum_rad=0.728, timed_fallback=False, stall_count=0)
[robot_supervisor-10] [INFO] [1777470316.409305810] [robot_1.robot_supervisor]: Selected controllable event: EV_random_walk
[robot_supervisor-19] [INFO] [1777470316.491187226] [robot_4.robot_supervisor]: FULL ROTATE active (accum_rad=0.828, timed_fallback=False, stall_count=0)
[robot_supervisor-19] [INFO] [1777470316.591056171] [robot_4.robot_supervisor]: FULL ROTATE active (accum_rad=0.928, timed_fallback=False, stall_count=0)
[robot_supervisor-16] [INFO] [1777470316.664335553] [robot_3.robot_supervisor]: Selected controllable event: EV_random_walk
[robot_supervisor-19] [INFO] [1777470316.691224043] [robot_4.robot_supervisor]: FULL ROTATE active (accum_rad=1.028, timed_fallback=False, stall_count=0)
[robot_supervisor-10] [INFO] [1777470316.709685761] [robot_1.robot_supervisor]: Selected controllable event: EV_move_forward
[robot_supervisor-19] [INFO] [1777470316.791074078] [robot_4.robot_supervisor]: FULL ROTATE active (accum_rad=1.128, timed_fallback=False, stall_count=0)
[robot_supervisor-19] [INFO] [1777470316.891065179] [robot_4.robot_supervisor]: FULL ROTATE active (accum_rad=1.228, timed_fallback=False, stall_count=0)
[robot_supervisor-16] [INFO] [1777470316.964117271] [robot_3.robot_supervisor]: Selected controllable event: EV_move_forward
[robot_supervisor-19] [INFO] [1777470316.991037519] [robot_4.robot_supervisor]: FULL ROTATE active (accum_rad=1.328, timed_fallback=False, stall_count=0)
[robot_supervisor-10] [INFO] [1777470317.009224288] [robot_1.robot_supervisor]: Selected controllable event: EV_random_walk
[robot_supervisor-19] [INFO] [1777470317.091375908] [robot_4.robot_supervisor]: FULL ROTATE active (accum_rad=1.428, timed_fallback=False, stall_count=0)
[robot_supervisor-19] [INFO] [1777470317.191232983] [robot_4.robot_supervisor]: FULL ROTATE active (accum_rad=1.528, timed_fallback=False, stall_count=0)
[robot_supervisor-16] [INFO] [1777470317.264532651] [robot_3.robot_supervisor]: Selected controllable event: EV_random_walk
[robot_supervisor-19] [INFO] [1777470317.291250076] [robot_4.robot_supervisor]: FULL ROTATE active (accum_rad=1.628, timed_fallback=False, stall_count=0)
[robot_supervisor-19] [INFO] [1777470317.391082982] [robot_4.robot_supervisor]: FULL ROTATE active (accum_rad=1.728, timed_fallback=False, stall_count=0)
[robot_supervisor-19] [INFO] [1777470317.491301418] [robot_4.robot_supervisor]: FULL ROTATE active (accum_rad=1.828, timed_fallback=False, stall_count=0)
[robot_supervisor-13] [INFO] [1777470317.498621420] [robot_2.robot_supervisor]: Selected controllable event: EV_move_forward
[robot_supervisor-7] [INFO] [1777470317.520824108] [robot_0.robot_supervisor]: Selected controllable event: EV_move_backward
[robot_supervisor-16] [INFO] [1777470317.564130811] [robot_3.robot_supervisor]: Selected controllable event: EV_move_forward
[robot_supervisor-19] [INFO] [1777470317.591309653] [robot_4.robot_supervisor]: FULL ROTATE active (accum_rad=1.928, timed_fallback=False, stall_count=0)
[robot_supervisor-19] [INFO] [1777470317.691236591] [robot_4.robot_supervisor]: FULL ROTATE active (accum_rad=2.028, timed_fallback=False, stall_count=0)
[robot_supervisor-19] [INFO] [1777470317.791300944] [robot_4.robot_supervisor]: FULL ROTATE active (accum_rad=2.128, timed_fallback=False, stall_count=0)
[robot_supervisor-13] [INFO] [1777470317.798359720] [robot_2.robot_supervisor]: Selected controllable event: EV_random_walk
[robot_supervisor-16] [INFO] [1777470317.864166033] [robot_3.robot_supervisor]: Selected controllable event: EV_random_walk
[robot_supervisor-19] [INFO] [1777470317.891260650] [robot_4.robot_supervisor]: FULL ROTATE active (accum_rad=2.228, timed_fallback=False, stall_count=0)
[robot_supervisor-7] [INFO] [1777470317.920907095] [robot_0.robot_supervisor]: Selected controllable event: EV_rotate_clockwise
[robot_supervisor-19] [INFO] [1777470317.991269822] [robot_4.robot_supervisor]: FULL ROTATE active (accum_rad=2.328, timed_fallback=False, stall_count=0)
[robot_supervisor-19] [INFO] [1777470318.091260673] [robot_4.robot_supervisor]: FULL ROTATE active (accum_rad=2.428, timed_fallback=False, stall_count=0)
[robot_supervisor-16] [INFO] [1777470318.164069804] [robot_3.robot_supervisor]: Selected controllable event: EV_move_forward
[robot_supervisor-19] [INFO] [1777470318.191102096] [robot_4.robot_supervisor]: FULL ROTATE active (accum_rad=2.528, timed_fallback=False, stall_count=0)
[robot_supervisor-19] [INFO] [1777470318.291287067] [robot_4.robot_supervisor]: FULL ROTATE active (accum_rad=2.628, timed_fallback=False, stall_count=0)
[robot_supervisor-19] [INFO] [1777470318.391074447] [robot_4.robot_supervisor]: FULL ROTATE active (accum_rad=2.728, timed_fallback=False, stall_count=0)
[robot_supervisor-16] [INFO] [1777470318.464251094] [robot_3.robot_supervisor]: Selected controllable event: EV_random_walk
[robot_supervisor-19] [INFO] [1777470318.491150621] [robot_4.robot_supervisor]: FULL ROTATE active (accum_rad=2.828, timed_fallback=False, stall_count=0)
[robot_supervisor-10] [INFO] [1777470318.509520506] [robot_1.robot_supervisor]: Selected controllable event: EV_move_forward
[robot_supervisor-19] [INFO] [1777470318.591254556] [robot_4.robot_supervisor]: FULL ROTATE active (accum_rad=2.928, timed_fallback=False, stall_count=0)
[robot_supervisor-19] [INFO] [1777470318.691237695] [robot_4.robot_supervisor]: FULL ROTATE active (accum_rad=3.028, timed_fallback=False, stall_count=0)
[robot_supervisor-19] [INFO] [1777470318.791254277] [robot_4.robot_supervisor]: FULL ROTATE active (accum_rad=3.128, timed_fallback=False, stall_count=0)
[robot_supervisor-19] [INFO] [1777470318.791702977] [robot_4.robot_supervisor]: FULL ROTATE completed by odom (accum_rad=3.228)
[robot_supervisor-19] [INFO] [1777470318.792084306] [robot_4.robot_supervisor]: FULL ROTATE stopped; supervisor will select next event next tick
[image_processor-22] [INFO] [1777470318.807022545] [robot_1.image_processor]: Zone=CLEAR
[robot_supervisor-10] [INFO] [1777470318.809649674] [robot_1.robot_supervisor]: Selected controllable event: EV_random_walk
[image_processor-24] [INFO] [1777470318.818513030] [robot_3.image_processor]: Zone=CLEAR
[image_processor-25] [INFO] [1777470318.836539088] [robot_4.image_processor]: Zone=CLEAR  left[p=3.064 near=0 v=5458]  front[p=2.842 near=0 v=8835]  right[p=2.842 near=0 v=6307]
[robot_supervisor-19] [INFO] [1777470318.837128166] [robot_4.robot_supervisor]: Detected zone changed to CLEAR
[image_processor-23] [INFO] [1777470318.844466818] [robot_2.image_processor]: Zone=CLEAR
[image_processor-21] [INFO] [1777470318.855297147] [robot_0.image_processor]: Zone=CLEAR  left[p=2.781 near=365 v=6823]  front[p=2.993 near=0 v=10082]  right[p=2.993 near=0 v=5368]
[robot_supervisor-7] [INFO] [1777470318.855957954] [robot_0.robot_supervisor]: Detected zone changed to CLEAR
[robot_supervisor-19] [INFO] [1777470319.191163142] [robot_4.robot_supervisor]: Selected controllable event: EV_move_forward
[robot_supervisor-13] [INFO] [1777470319.298319570] [robot_2.robot_supervisor]: Selected controllable event: EV_move_forward
[robot_supervisor-19] [INFO] [1777470319.491547328] [robot_4.robot_supervisor]: Selected controllable event: EV_random_walk
[robot_supervisor-13] [INFO] [1777470319.598405272] [robot_2.robot_supervisor]: Selected controllable event: EV_random_walk
[robot_supervisor-13] [INFO] [1777470319.898458662] [robot_2.robot_supervisor]: Selected controllable event: EV_move_forward
[robot_supervisor-16] [INFO] [1777470319.964322655] [robot_3.robot_supervisor]: Selected controllable event: EV_move_forward
[robot_supervisor-7] [INFO] [1777470320.020629342] [robot_0.robot_supervisor]: Selected controllable event: EV_full_rotate
[robot_supervisor-7] [INFO] [1777470320.020850471] [robot_0.robot_supervisor]: Starting FULL ROTATE (omega=1.000, have_odom=True, target_rad=3.142, timeout_s=3.500)
[robot_supervisor-7] [INFO] [1777470320.120776463] [robot_0.robot_supervisor]: FULL ROTATE active (accum_rad=0.000, timed_fallback=False, stall_count=0)
[robot_supervisor-13] [INFO] [1777470320.198599235] [robot_2.robot_supervisor]: Selected controllable event: EV_random_walk
[robot_supervisor-7] [INFO] [1777470320.220804179] [robot_0.robot_supervisor]: FULL ROTATE active (accum_rad=0.005, timed_fallback=False, stall_count=0)
[robot_supervisor-16] [INFO] [1777470320.264814024] [robot_3.robot_supervisor]: Selected controllable event: EV_random_walk
[robot_supervisor-10] [INFO] [1777470320.309551896] [robot_1.robot_supervisor]: Selected controllable event: EV_move_forward
[robot_supervisor-7] [INFO] [1777470320.320892112] [robot_0.robot_supervisor]: FULL ROTATE active (accum_rad=0.030, timed_fallback=False, stall_count=0)
[robot_supervisor-7] [INFO] [1777470320.420791727] [robot_0.robot_supervisor]: FULL ROTATE active (accum_rad=0.084, timed_fallback=False, stall_count=0)
[bump_counter-3] [INFO] [1777470320.508652509] [bump_counter]: [global] bump #3 (robot) with: robot_0<->robot_4
[robot_supervisor-7] [INFO] [1777470320.520575709] [robot_0.robot_supervisor]: FULL ROTATE active (accum_rad=0.169, timed_fallback=False, stall_count=0)
[robot_supervisor-10] [INFO] [1777470320.609707920] [robot_1.robot_supervisor]: Selected controllable event: EV_random_walk
[robot_supervisor-7] [INFO] [1777470320.620626115] [robot_0.robot_supervisor]: FULL ROTATE active (accum_rad=0.269, timed_fallback=False, stall_count=0)
[robot_supervisor-7] [INFO] [1777470320.720787250] [robot_0.robot_supervisor]: FULL ROTATE active (accum_rad=0.369, timed_fallback=False, stall_count=0)
[robot_supervisor-7] [INFO] [1777470320.820875428] [robot_0.robot_supervisor]: FULL ROTATE active (accum_rad=0.469, timed_fallback=False, stall_count=0)
[robot_supervisor-10] [INFO] [1777470320.909411696] [robot_1.robot_supervisor]: Selected controllable event: EV_move_forward
[robot_supervisor-7] [INFO] [1777470320.920818013] [robot_0.robot_supervisor]: FULL ROTATE active (accum_rad=0.569, timed_fallback=False, stall_count=0)
[robot_supervisor-19] [INFO] [1777470320.991541488] [robot_4.robot_supervisor]: Selected controllable event: EV_move_forward
[robot_supervisor-7] [INFO] [1777470321.020726019] [robot_0.robot_supervisor]: FULL ROTATE active (accum_rad=0.669, timed_fallback=False, stall_count=0)
[robot_supervisor-7] [INFO] [1777470321.121039714] [robot_0.robot_supervisor]: FULL ROTATE active (accum_rad=0.769, timed_fallback=False, stall_count=0)
[robot_supervisor-10] [INFO] [1777470321.209356351] [robot_1.robot_supervisor]: Selected controllable event: EV_random_walk
[robot_supervisor-7] [INFO] [1777470321.220690333] [robot_0.robot_supervisor]: FULL ROTATE active (accum_rad=0.869, timed_fallback=False, stall_count=0)
[robot_supervisor-19] [INFO] [1777470321.291467599] [robot_4.robot_supervisor]: Selected controllable event: EV_random_walk
[image_processor-22] [INFO] [1777470321.306146756] [robot_1.image_processor]: Zone=RIGHT  left[p=3.201 near=0 v=5685]  front[p=0.639 near=2128 v=9221]  right[p=0.383 near=7740 v=7740]
[robot_supervisor-10] [INFO] [1777470321.306758569] [robot_1.robot_supervisor]: Detected zone changed to RIGHT
[image_processor-24] [INFO] [1777470321.314526164] [robot_3.image_processor]: Zone=CORNER  left[p=0.385 near=7650 v=7650]  front[p=0.450 near=13500 v=13500]  right[p=0.598 near=7736 v=7740]
[robot_supervisor-16] [INFO] [1777470321.315290129] [robot_3.robot_supervisor]: Detected zone changed to CORNER
[robot_supervisor-7] [INFO] [1777470321.320822073] [robot_0.robot_supervisor]: FULL ROTATE active (accum_rad=0.969, timed_fallback=False, stall_count=0)
[image_processor-25] [INFO] [1777470321.332035126] [robot_4.image_processor]: Zone=CORNER  left[p=3.242 near=0 v=6184]  front[p=0.562 near=1223 v=11780]  right[p=1.493 near=351 v=7740]
[robot_supervisor-19] [INFO] [1777470321.332884119] [robot_4.robot_supervisor]: Detected zone changed to CORNER
[image_processor-23] [INFO] [1777470321.341599226] [robot_2.image_processor]: Zone=CLEAR
[image_processor-21] [INFO] [1777470321.351260804] [robot_0.image_processor]: Zone=LEFT  left[p=0.338 near=1231 v=6630]  front[p=2.994 near=0 v=9825]  right[p=2.994 near=0 v=5272]
[robot_supervisor-7] [INFO] [1777470321.351991451] [robot_0.robot_supervisor]: Detected zone changed to LEFT
[robot_supervisor-7] [INFO] [1777470321.420930727] [robot_0.robot_supervisor]: FULL ROTATE active (accum_rad=1.069, timed_fallback=False, stall_count=0)
[robot_supervisor-10] [INFO] [1777470321.509492144] [robot_1.robot_supervisor]: Selected controllable event: EV_rotate_counterclockwise
[robot_supervisor-7] [INFO] [1777470321.520992570] [robot_0.robot_supervisor]: FULL ROTATE active (accum_rad=1.169, timed_fallback=False, stall_count=0)
[robot_supervisor-19] [INFO] [1777470321.591577612] [robot_4.robot_supervisor]: Selected controllable event: EV_move_backward
[robot_supervisor-7] [INFO] [1777470321.621042984] [robot_0.robot_supervisor]: FULL ROTATE active (accum_rad=1.269, timed_fallback=False, stall_count=0)
[robot_supervisor-13] [INFO] [1777470321.698552891] [robot_2.robot_supervisor]: Selected controllable event: EV_move_forward
[robot_supervisor-7] [INFO] [1777470321.720742748] [robot_0.robot_supervisor]: FULL ROTATE active (accum_rad=1.369, timed_fallback=False, stall_count=0)
[robot_supervisor-16] [INFO] [1777470321.764137119] [robot_3.robot_supervisor]: Selected controllable event: EV_move_backward
[robot_supervisor-7] [INFO] [1777470321.820771265] [robot_0.robot_supervisor]: FULL ROTATE active (accum_rad=1.469, timed_fallback=False, stall_count=0)
[robot_supervisor-7] [INFO] [1777470321.920752369] [robot_0.robot_supervisor]: FULL ROTATE active (accum_rad=1.569, timed_fallback=False, stall_count=0)
[robot_supervisor-19] [INFO] [1777470321.991539481] [robot_4.robot_supervisor]: Selected controllable event: EV_rotate_clockwise
[robot_supervisor-13] [INFO] [1777470321.998773199] [robot_2.robot_supervisor]: Selected controllable event: EV_random_walk
[robot_supervisor-7] [INFO] [1777470322.020712760] [robot_0.robot_supervisor]: FULL ROTATE active (accum_rad=1.669, timed_fallback=False, stall_count=0)
[robot_supervisor-7] [INFO] [1777470322.120806469] [robot_0.robot_supervisor]: FULL ROTATE active (accum_rad=1.769, timed_fallback=False, stall_count=0)
[robot_supervisor-16] [INFO] [1777470322.164435307] [robot_3.robot_supervisor]: Selected controllable event: EV_rotate_clockwise
[robot_supervisor-7] [INFO] [1777470322.220945103] [robot_0.robot_supervisor]: FULL ROTATE active (accum_rad=1.869, timed_fallback=False, stall_count=0)
[robot_supervisor-7] [INFO] [1777470322.321127836] [robot_0.robot_supervisor]: FULL ROTATE active (accum_rad=1.969, timed_fallback=False, stall_count=0)
[robot_supervisor-7] [INFO] [1777470322.420767066] [robot_0.robot_supervisor]: FULL ROTATE active (accum_rad=2.069, timed_fallback=False, stall_count=0)
[robot_supervisor-7] [INFO] [1777470322.520718045] [robot_0.robot_supervisor]: FULL ROTATE active (accum_rad=2.169, timed_fallback=False, stall_count=0)
[robot_supervisor-7] [INFO] [1777470322.620926465] [robot_0.robot_supervisor]: FULL ROTATE active (accum_rad=2.269, timed_fallback=False, stall_count=0)
[robot_supervisor-7] [INFO] [1777470322.720964913] [robot_0.robot_supervisor]: FULL ROTATE active (accum_rad=2.369, timed_fallback=False, stall_count=0)
[robot_supervisor-7] [INFO] [1777470322.820618372] [robot_0.robot_supervisor]: FULL ROTATE active (accum_rad=2.469, timed_fallback=False, stall_count=0)
[robot_supervisor-7] [INFO] [1777470322.920597565] [robot_0.robot_supervisor]: FULL ROTATE active (accum_rad=2.569, timed_fallback=False, stall_count=0)
[robot_supervisor-7] [INFO] [1777470323.020796449] [robot_0.robot_supervisor]: FULL ROTATE active (accum_rad=2.669, timed_fallback=False, stall_count=0)
[robot_supervisor-7] [INFO] [1777470323.120543038] [robot_0.robot_supervisor]: FULL ROTATE active (accum_rad=2.769, timed_fallback=False, stall_count=0)
[robot_supervisor-7] [INFO] [1777470323.220741591] [robot_0.robot_supervisor]: FULL ROTATE active (accum_rad=2.869, timed_fallback=False, stall_count=0)
[robot_supervisor-7] [INFO] [1777470323.320721330] [robot_0.robot_supervisor]: FULL ROTATE active (accum_rad=2.969, timed_fallback=False, stall_count=0)
[robot_supervisor-7] [INFO] [1777470323.420791607] [robot_0.robot_supervisor]: FULL ROTATE active (accum_rad=3.069, timed_fallback=False, stall_count=0)
[robot_supervisor-7] [INFO] [1777470323.421276504] [robot_0.robot_supervisor]: FULL ROTATE completed by odom (accum_rad=3.169)
[robot_supervisor-7] [INFO] [1777470323.421667449] [robot_0.robot_supervisor]: FULL ROTATE stopped; supervisor will select next event next tick
[robot_supervisor-13] [INFO] [1777470323.498579238] [robot_2.robot_supervisor]: Selected controllable event: EV_move_forward
[robot_supervisor-10] [INFO] [1777470323.709508947] [robot_1.robot_supervisor]: Selected controllable event: EV_rotate_counterclockwise
[robot_supervisor-10] [INFO] [1777470323.709871924] [robot_1.robot_supervisor]: rotate_90 blocked by recent completion; stopping this tick
[robot_supervisor-7] [INFO] [1777470323.720861539] [robot_0.robot_supervisor]: Selected controllable event: EV_rotate_clockwise
[robot_supervisor-13] [INFO] [1777470323.798669906] [robot_2.robot_supervisor]: Selected controllable event: EV_random_walk
[image_processor-22] [INFO] [1777470323.801677698] [robot_1.image_processor]: Zone=RIGHT
[image_processor-24] [INFO] [1777470323.809327664] [robot_3.image_processor]: Zone=CORNER
[robot_supervisor-10] [INFO] [1777470323.809726548] [robot_1.robot_supervisor]: Selected controllable event: EV_rotate_counterclockwise
[robot_supervisor-10] [INFO] [1777470323.810105523] [robot_1.robot_supervisor]: rotate_90 blocked by recent completion; stopping this tick
[image_processor-25] [INFO] [1777470323.818127932] [robot_4.image_processor]: Zone=CORNER
[image_processor-23] [INFO] [1777470323.824910876] [robot_2.image_processor]: Zone=CLEAR
[image_processor-21] [INFO] [1777470323.833242558] [robot_0.image_processor]: Zone=CORNER  left[p=2.505 near=0 v=7650]  front[p=0.726 near=5568 v=13469]  right[p=0.752 near=4487 v=7740]
[robot_supervisor-7] [INFO] [1777470323.833700463] [robot_0.robot_supervisor]: Detected zone changed to CORNER
[robot_supervisor-10] [INFO] [1777470323.909510579] [robot_1.robot_supervisor]: Selected controllable event: EV_rotate_counterclockwise
[robot_supervisor-19] [INFO] [1777470324.091348534] [robot_4.robot_supervisor]: Selected controllable event: EV_full_rotate
[robot_supervisor-19] [INFO] [1777470324.091793134] [robot_4.robot_supervisor]: Starting FULL ROTATE (omega=1.000, have_odom=True, target_rad=3.142, timeout_s=3.500)
[robot_supervisor-19] [INFO] [1777470324.191062863] [robot_4.robot_supervisor]: FULL ROTATE active (accum_rad=0.000, timed_fallback=False, stall_count=0)
[robot_supervisor-16] [INFO] [1777470324.264357918] [robot_3.robot_supervisor]: Selected controllable event: EV_full_rotate
[robot_supervisor-16] [INFO] [1777470324.264833265] [robot_3.robot_supervisor]: Starting FULL ROTATE (omega=1.000, have_odom=True, target_rad=3.142, timeout_s=3.500)
[robot_supervisor-19] [INFO] [1777470324.291170849] [robot_4.robot_supervisor]: FULL ROTATE active (accum_rad=0.003, timed_fallback=False, stall_count=0)
[robot_supervisor-16] [INFO] [1777470324.364253708] [robot_3.robot_supervisor]: FULL ROTATE active (accum_rad=0.000, timed_fallback=False, stall_count=0)
[robot_supervisor-19] [INFO] [1777470324.391037993] [robot_4.robot_supervisor]: FULL ROTATE active (accum_rad=0.037, timed_fallback=False, stall_count=0)
[robot_supervisor-16] [INFO] [1777470324.463984627] [robot_3.robot_supervisor]: FULL ROTATE active (accum_rad=0.002, timed_fallback=False, stall_count=0)
[robot_supervisor-19] [INFO] [1777470324.491297937] [robot_4.robot_supervisor]: FULL ROTATE active (accum_rad=0.100, timed_fallback=False, stall_count=0)
[robot_supervisor-16] [INFO] [1777470324.564230660] [robot_3.robot_supervisor]: FULL ROTATE active (accum_rad=0.030, timed_fallback=False, stall_count=0)
[robot_supervisor-19] [INFO] [1777470324.591258437] [robot_4.robot_supervisor]: FULL ROTATE active (accum_rad=0.193, timed_fallback=False, stall_count=0)
[robot_supervisor-16] [INFO] [1777470324.664239518] [robot_3.robot_supervisor]: FULL ROTATE active (accum_rad=0.087, timed_fallback=False, stall_count=0)
[robot_supervisor-19] [INFO] [1777470324.691371004] [robot_4.robot_supervisor]: FULL ROTATE active (accum_rad=0.293, timed_fallback=False, stall_count=0)
[robot_supervisor-16] [INFO] [1777470324.764351114] [robot_3.robot_supervisor]: FULL ROTATE active (accum_rad=0.175, timed_fallback=False, stall_count=0)
[robot_supervisor-19] [INFO] [1777470324.791204503] [robot_4.robot_supervisor]: FULL ROTATE active (accum_rad=0.393, timed_fallback=False, stall_count=0)
[robot_supervisor-16] [INFO] [1777470324.864274879] [robot_3.robot_supervisor]: FULL ROTATE active (accum_rad=0.275, timed_fallback=False, stall_count=0)
[robot_supervisor-19] [INFO] [1777470324.891033850] [robot_4.robot_supervisor]: FULL ROTATE active (accum_rad=0.493, timed_fallback=False, stall_count=0)
[robot_supervisor-16] [INFO] [1777470324.964064593] [robot_3.robot_supervisor]: FULL ROTATE active (accum_rad=0.375, timed_fallback=False, stall_count=0)
[robot_supervisor-19] [INFO] [1777470324.991248575] [robot_4.robot_supervisor]: FULL ROTATE active (accum_rad=0.593, timed_fallback=False, stall_count=0)
[robot_supervisor-16] [INFO] [1777470325.064330476] [robot_3.robot_supervisor]: FULL ROTATE active (accum_rad=0.475, timed_fallback=False, stall_count=0)
[robot_supervisor-19] [INFO] [1777470325.091227961] [robot_4.robot_supervisor]: FULL ROTATE active (accum_rad=0.693, timed_fallback=False, stall_count=0)
[robot_supervisor-16] [INFO] [1777470325.164213049] [robot_3.robot_supervisor]: FULL ROTATE active (accum_rad=0.575, timed_fallback=False, stall_count=0)
[robot_supervisor-19] [INFO] [1777470325.191029013] [robot_4.robot_supervisor]: FULL ROTATE active (accum_rad=0.793, timed_fallback=False, stall_count=0)
[robot_supervisor-16] [INFO] [1777470325.264344829] [robot_3.robot_supervisor]: FULL ROTATE active (accum_rad=0.675, timed_fallback=False, stall_count=0)
[robot_supervisor-19] [INFO] [1777470325.291226528] [robot_4.robot_supervisor]: FULL ROTATE active (accum_rad=0.893, timed_fallback=False, stall_count=0)
[robot_supervisor-13] [INFO] [1777470325.298635451] [robot_2.robot_supervisor]: Selected controllable event: EV_move_forward
[robot_supervisor-16] [INFO] [1777470325.364222293] [robot_3.robot_supervisor]: FULL ROTATE active (accum_rad=0.775, timed_fallback=False, stall_count=0)
[robot_supervisor-19] [INFO] [1777470325.391255751] [robot_4.robot_supervisor]: FULL ROTATE active (accum_rad=0.993, timed_fallback=False, stall_count=0)
[robot_supervisor-16] [INFO] [1777470325.464431079] [robot_3.robot_supervisor]: FULL ROTATE active (accum_rad=0.875, timed_fallback=False, stall_count=0)
[robot_supervisor-19] [INFO] [1777470325.491219374] [robot_4.robot_supervisor]: FULL ROTATE active (accum_rad=1.093, timed_fallback=False, stall_count=0)
[robot_supervisor-16] [INFO] [1777470325.564043991] [robot_3.robot_supervisor]: FULL ROTATE active (accum_rad=0.975, timed_fallback=False, stall_count=0)
[robot_supervisor-19] [INFO] [1777470325.591213727] [robot_4.robot_supervisor]: FULL ROTATE active (accum_rad=1.193, timed_fallback=False, stall_count=0)
[robot_supervisor-13] [INFO] [1777470325.598469551] [robot_2.robot_supervisor]: Selected controllable event: EV_random_walk
[robot_supervisor-16] [INFO] [1777470325.664011280] [robot_3.robot_supervisor]: FULL ROTATE active (accum_rad=1.075, timed_fallback=False, stall_count=0)
[robot_supervisor-19] [INFO] [1777470325.691189315] [robot_4.robot_supervisor]: FULL ROTATE active (accum_rad=1.293, timed_fallback=False, stall_count=0)
[robot_supervisor-16] [INFO] [1777470325.764032146] [robot_3.robot_supervisor]: FULL ROTATE active (accum_rad=1.175, timed_fallback=False, stall_count=0)
[robot_supervisor-19] [INFO] [1777470325.791248584] [robot_4.robot_supervisor]: FULL ROTATE active (accum_rad=1.393, timed_fallback=False, stall_count=0)
[robot_supervisor-16] [INFO] [1777470325.864265798] [robot_3.robot_supervisor]: FULL ROTATE active (accum_rad=1.275, timed_fallback=False, stall_count=0)
[robot_supervisor-19] [INFO] [1777470325.891230233] [robot_4.robot_supervisor]: FULL ROTATE active (accum_rad=1.493, timed_fallback=False, stall_count=0)
[robot_supervisor-13] [INFO] [1777470325.898531740] [robot_2.robot_supervisor]: Selected controllable event: EV_move_forward
[robot_supervisor-7] [INFO] [1777470325.920842540] [robot_0.robot_supervisor]: Selected controllable event: EV_move_backward
[robot_supervisor-16] [INFO] [1777470325.964152080] [robot_3.robot_supervisor]: FULL ROTATE active (accum_rad=1.375, timed_fallback=False, stall_count=0)
[robot_supervisor-19] [INFO] [1777470325.991242607] [robot_4.robot_supervisor]: FULL ROTATE active (accum_rad=1.593, timed_fallback=False, stall_count=0)
[robot_supervisor-16] [INFO] [1777470326.064185952] [robot_3.robot_supervisor]: FULL ROTATE active (accum_rad=1.475, timed_fallback=False, stall_count=0)
[robot_supervisor-19] [INFO] [1777470326.091219646] [robot_4.robot_supervisor]: FULL ROTATE active (accum_rad=1.693, timed_fallback=False, stall_count=0)
[robot_supervisor-10] [INFO] [1777470326.109507757] [robot_1.robot_supervisor]: Selected controllable event: EV_rotate_counterclockwise
[robot_supervisor-10] [INFO] [1777470326.109926593] [robot_1.robot_supervisor]: rotate_90 blocked by recent completion; stopping this tick
[robot_supervisor-16] [INFO] [1777470326.164203119] [robot_3.robot_supervisor]: FULL ROTATE active (accum_rad=1.575, timed_fallback=False, stall_count=0)
[robot_supervisor-19] [INFO] [1777470326.191437608] [robot_4.robot_supervisor]: FULL ROTATE active (accum_rad=1.793, timed_fallback=False, stall_count=0)
[robot_supervisor-13] [INFO] [1777470326.198247362] [robot_2.robot_supervisor]: Selected controllable event: EV_random_walk
[robot_supervisor-10] [INFO] [1777470326.209468301] [robot_1.robot_supervisor]: Selected controllable event: EV_rotate_counterclockwise
[robot_supervisor-10] [INFO] [1777470326.209853403] [robot_1.robot_supervisor]: rotate_90 blocked by recent completion; stopping this tick
[robot_supervisor-16] [INFO] [1777470326.264247574] [robot_3.robot_supervisor]: FULL ROTATE active (accum_rad=1.675, timed_fallback=False, stall_count=0)
[robot_supervisor-19] [INFO] [1777470326.291296300] [robot_4.robot_supervisor]: FULL ROTATE active (accum_rad=1.893, timed_fallback=False, stall_count=0)
[image_processor-22] [INFO] [1777470326.304191675] [robot_1.image_processor]: Zone=CLEAR  left[p=1.797 near=0 v=7650]  front[p=1.118 near=0 v=13500]  right[p=1.123 near=0 v=7740]
[robot_supervisor-10] [INFO] [1777470326.304695214] [robot_1.robot_supervisor]: Detected zone changed to CLEAR
[robot_supervisor-10] [INFO] [1777470326.309190894] [robot_1.robot_supervisor]: Selected controllable event: EV_move_forward
[image_processor-24] [INFO] [1777470326.313778833] [robot_3.image_processor]: Zone=CORNER
[robot_supervisor-7] [INFO] [1777470326.320761711] [robot_0.robot_supervisor]: Selected controllable event: EV_rotate_clockwise
[image_processor-25] [INFO] [1777470326.338526733] [robot_4.image_processor]: Zone=CORNER
[image_processor-23] [INFO] [1777470326.347332761] [robot_2.image_processor]: Zone=CLEAR
[image_processor-21] [INFO] [1777470326.359352540] [robot_0.image_processor]: Zone=CORNER
[robot_supervisor-16] [INFO] [1777470326.364296672] [robot_3.robot_supervisor]: FULL ROTATE active (accum_rad=1.775, timed_fallback=False, stall_count=0)
[robot_supervisor-19] [INFO] [1777470326.391254722] [robot_4.robot_supervisor]: FULL ROTATE active (accum_rad=1.993, timed_fallback=False, stall_count=0)
[robot_supervisor-16] [INFO] [1777470326.464180240] [robot_3.robot_supervisor]: FULL ROTATE active (accum_rad=1.875, timed_fallback=False, stall_count=0)
[robot_supervisor-19] [INFO] [1777470326.491227451] [robot_4.robot_supervisor]: FULL ROTATE active (accum_rad=2.093, timed_fallback=False, stall_count=0)
[robot_supervisor-13] [INFO] [1777470326.498568027] [robot_2.robot_supervisor]: Selected controllable event: EV_move_forward
[bump_counter-3] [INFO] [1777470326.549146257] [bump_counter]: [global] bump #4 (robot) with: robot_0<->robot_4
[robot_supervisor-16] [INFO] [1777470326.564098548] [robot_3.robot_supervisor]: FULL ROTATE active (accum_rad=1.975, timed_fallback=False, stall_count=0)
[robot_supervisor-19] [INFO] [1777470326.591385781] [robot_4.robot_supervisor]: FULL ROTATE active (accum_rad=2.193, timed_fallback=False, stall_count=0)
[robot_supervisor-10] [INFO] [1777470326.609616526] [robot_1.robot_supervisor]: Selected controllable event: EV_random_walk
[robot_supervisor-16] [INFO] [1777470326.664176921] [robot_3.robot_supervisor]: FULL ROTATE active (accum_rad=2.075, timed_fallback=False, stall_count=0)
[robot_supervisor-19] [INFO] [1777470326.691132980] [robot_4.robot_supervisor]: FULL ROTATE active (accum_rad=2.293, timed_fallback=False, stall_count=0)
[robot_supervisor-16] [INFO] [1777470326.764367235] [robot_3.robot_supervisor]: FULL ROTATE active (accum_rad=2.175, timed_fallback=False, stall_count=0)
[robot_supervisor-19] [INFO] [1777470326.791239820] [robot_4.robot_supervisor]: FULL ROTATE active (accum_rad=2.393, timed_fallback=False, stall_count=0)
[robot_supervisor-13] [INFO] [1777470326.798480153] [robot_2.robot_supervisor]: Selected controllable event: EV_random_walk
[robot_supervisor-16] [INFO] [1777470326.864177937] [robot_3.robot_supervisor]: FULL ROTATE active (accum_rad=2.275, timed_fallback=False, stall_count=0)
[robot_supervisor-19] [INFO] [1777470326.891433378] [robot_4.robot_supervisor]: FULL ROTATE active (accum_rad=2.493, timed_fallback=False, stall_count=0)
[robot_supervisor-16] [INFO] [1777470326.964252555] [robot_3.robot_supervisor]: FULL ROTATE active (accum_rad=2.375, timed_fallback=False, stall_count=0)
[robot_supervisor-19] [INFO] [1777470326.991498678] [robot_4.robot_supervisor]: FULL ROTATE active (accum_rad=2.593, timed_fallback=False, stall_count=0)
[robot_supervisor-16] [INFO] [1777470327.063951216] [robot_3.robot_supervisor]: FULL ROTATE active (accum_rad=2.475, timed_fallback=False, stall_count=0)
[robot_supervisor-19] [INFO] [1777470327.091272358] [robot_4.robot_supervisor]: FULL ROTATE active (accum_rad=2.693, timed_fallback=False, stall_count=0)
[robot_supervisor-13] [INFO] [1777470327.098762551] [robot_2.robot_supervisor]: Selected controllable event: EV_move_forward
[robot_supervisor-16] [INFO] [1777470327.163984930] [robot_3.robot_supervisor]: FULL ROTATE active (accum_rad=2.575, timed_fallback=False, stall_count=0)
[robot_supervisor-19] [INFO] [1777470327.191213304] [robot_4.robot_supervisor]: FULL ROTATE active (accum_rad=2.793, timed_fallback=False, stall_count=0)
[robot_supervisor-16] [INFO] [1777470327.264150918] [robot_3.robot_supervisor]: FULL ROTATE active (accum_rad=2.675, timed_fallback=False, stall_count=0)
[robot_supervisor-19] [INFO] [1777470327.291214315] [robot_4.robot_supervisor]: FULL ROTATE active (accum_rad=2.893, timed_fallback=False, stall_count=0)
[robot_supervisor-16] [INFO] [1777470327.364295115] [robot_3.robot_supervisor]: FULL ROTATE active (accum_rad=2.775, timed_fallback=False, stall_count=0)
[robot_supervisor-19] [INFO] [1777470327.391460961] [robot_4.robot_supervisor]: FULL ROTATE active (accum_rad=2.993, timed_fallback=False, stall_count=0)
[robot_supervisor-13] [INFO] [1777470327.398570796] [robot_2.robot_supervisor]: Selected controllable event: EV_random_walk
[robot_supervisor-16] [INFO] [1777470327.464348236] [robot_3.robot_supervisor]: FULL ROTATE active (accum_rad=2.875, timed_fallback=False, stall_count=0)
[robot_supervisor-19] [INFO] [1777470327.491394169] [robot_4.robot_supervisor]: FULL ROTATE active (accum_rad=3.093, timed_fallback=False, stall_count=0)
[robot_supervisor-19] [INFO] [1777470327.492001528] [robot_4.robot_supervisor]: FULL ROTATE completed by odom (accum_rad=3.193)
[robot_supervisor-19] [INFO] [1777470327.492579417] [robot_4.robot_supervisor]: FULL ROTATE stopped; supervisor will select next event next tick
[robot_supervisor-16] [INFO] [1777470327.563972476] [robot_3.robot_supervisor]: FULL ROTATE active (accum_rad=2.975, timed_fallback=False, stall_count=0)
[robot_supervisor-16] [INFO] [1777470327.664190718] [robot_3.robot_supervisor]: FULL ROTATE active (accum_rad=3.075, timed_fallback=False, stall_count=0)
[robot_supervisor-16] [INFO] [1777470327.664631452] [robot_3.robot_supervisor]: FULL ROTATE completed by odom (accum_rad=3.175)
[robot_supervisor-16] [INFO] [1777470327.664961298] [robot_3.robot_supervisor]: FULL ROTATE stopped; supervisor will select next event next tick
[robot_supervisor-13] [INFO] [1777470327.698505895] [robot_2.robot_supervisor]: Selected controllable event: EV_move_forward
[robot_supervisor-19] [INFO] [1777470327.791468670] [robot_4.robot_supervisor]: Selected controllable event: EV_move_backward
[robot_supervisor-13] [INFO] [1777470327.998564719] [robot_2.robot_supervisor]: Selected controllable event: EV_random_walk
[robot_supervisor-16] [INFO] [1777470328.064257983] [robot_3.robot_supervisor]: Selected controllable event: EV_move_backward
[robot_supervisor-10] [INFO] [1777470328.109635444] [robot_1.robot_supervisor]: Selected controllable event: EV_move_forward
[robot_supervisor-19] [INFO] [1777470328.191424812] [robot_4.robot_supervisor]: Selected controllable event: EV_rotate_clockwise
[robot_supervisor-13] [INFO] [1777470328.298735605] [robot_2.robot_supervisor]: Selected controllable event: EV_move_forward
[robot_supervisor-10] [INFO] [1777470328.409585719] [robot_1.robot_supervisor]: Selected controllable event: EV_random_walk
[robot_supervisor-16] [INFO] [1777470328.464380959] [robot_3.robot_supervisor]: Selected controllable event: EV_rotate_clockwise
[robot_supervisor-7] [INFO] [1777470328.520701884] [robot_0.robot_supervisor]: Selected controllable event: EV_full_rotate
[robot_supervisor-7] [INFO] [1777470328.520997492] [robot_0.robot_supervisor]: Starting FULL ROTATE (omega=1.000, have_odom=True, target_rad=3.142, timeout_s=3.500)
[robot_supervisor-13] [INFO] [1777470328.598641627] [robot_2.robot_supervisor]: Selected controllable event: EV_random_walk
[robot_supervisor-7] [INFO] [1777470328.621133032] [robot_0.robot_supervisor]: FULL ROTATE active (accum_rad=0.000, timed_fallback=False, stall_count=0)
[robot_supervisor-10] [INFO] [1777470328.709471228] [robot_1.robot_supervisor]: Selected controllable event: EV_move_forward
[robot_supervisor-7] [INFO] [1777470328.720696961] [robot_0.robot_supervisor]: FULL ROTATE active (accum_rad=0.006, timed_fallback=False, stall_count=0)
[image_processor-22] [INFO] [1777470328.805387601] [robot_1.image_processor]: Zone=CLEAR
[image_processor-24] [INFO] [1777470328.813597248] [robot_3.image_processor]: Zone=RIGHT  left[p=2.999 near=0 v=5957]  front[p=0.921 near=17 v=12044]  right[p=0.465 near=7644 v=7740]
[robot_supervisor-16] [INFO] [1777470328.814084081] [robot_3.robot_supervisor]: Detected zone changed to RIGHT
[robot_supervisor-7] [INFO] [1777470328.820594114] [robot_0.robot_supervisor]: FULL ROTATE active (accum_rad=0.041, timed_fallback=False, stall_count=0)
[image_processor-25] [INFO] [1777470328.830658875] [robot_4.image_processor]: Zone=CLEAR  left[p=2.961 near=0 v=5269]  front[p=2.961 near=0 v=9377]  right[p=3.203 near=0 v=6663]
[robot_supervisor-19] [INFO] [1777470328.831410854] [robot_4.robot_supervisor]: Detected zone changed to CLEAR
[image_processor-23] [INFO] [1777470328.841038500] [robot_2.image_processor]: Zone=RIGHT  left[p=0.968 near=0 v=7650]  front[p=0.794 near=1449 v=13500]  right[p=0.504 near=7740 v=7740]
[robot_supervisor-13] [INFO] [1777470328.841665864] [robot_2.robot_supervisor]: Detected zone changed to RIGHT
[image_processor-21] [INFO] [1777470328.856786183] [robot_0.image_processor]: Zone=CLEAR  left[p=3.044 near=0 v=5576]  front[p=3.044 near=0 v=9050]  right[p=3.300 near=0 v=6785]
[robot_supervisor-7] [INFO] [1777470328.857286516] [robot_0.robot_supervisor]: Detected zone changed to CLEAR
[robot_supervisor-7] [INFO] [1777470328.920782227] [robot_0.robot_supervisor]: FULL ROTATE active (accum_rad=0.105, timed_fallback=False, stall_count=0)
[robot_supervisor-10] [INFO] [1777470329.009371832] [robot_1.robot_supervisor]: Selected controllable event: EV_random_walk
[robot_supervisor-7] [INFO] [1777470329.020764195] [robot_0.robot_supervisor]: FULL ROTATE active (accum_rad=0.198, timed_fallback=False, stall_count=0)
[robot_supervisor-7] [INFO] [1777470329.120785792] [robot_0.robot_supervisor]: FULL ROTATE active (accum_rad=0.298, timed_fallback=False, stall_count=0)
[robot_supervisor-7] [INFO] [1777470329.220736313] [robot_0.robot_supervisor]: FULL ROTATE active (accum_rad=0.398, timed_fallback=False, stall_count=0)
[robot_supervisor-7] [INFO] [1777470329.320729794] [robot_0.robot_supervisor]: FULL ROTATE active (accum_rad=0.498, timed_fallback=False, stall_count=0)
[robot_supervisor-7] [INFO] [1777470329.420772335] [robot_0.robot_supervisor]: FULL ROTATE active (accum_rad=0.598, timed_fallback=False, stall_count=0)
[robot_supervisor-7] [INFO] [1777470329.520584248] [robot_0.robot_supervisor]: FULL ROTATE active (accum_rad=0.698, timed_fallback=False, stall_count=0)
[robot_supervisor-7] [INFO] [1777470329.620701869] [robot_0.robot_supervisor]: FULL ROTATE active (accum_rad=0.798, timed_fallback=False, stall_count=0)
[robot_supervisor-7] [INFO] [1777470329.720950723] [robot_0.robot_supervisor]: FULL ROTATE active (accum_rad=0.898, timed_fallback=False, stall_count=0)
[robot_supervisor-7] [INFO] [1777470329.820689412] [robot_0.robot_supervisor]: FULL ROTATE active (accum_rad=0.998, timed_fallback=False, stall_count=0)
[robot_supervisor-7] [INFO] [1777470329.920850611] [robot_0.robot_supervisor]: FULL ROTATE active (accum_rad=1.098, timed_fallback=False, stall_count=0)
[robot_supervisor-7] [INFO] [1777470330.020781889] [robot_0.robot_supervisor]: FULL ROTATE active (accum_rad=1.198, timed_fallback=False, stall_count=0)
[robot_supervisor-13] [INFO] [1777470330.098573074] [robot_2.robot_supervisor]: Selected controllable event: EV_rotate_counterclockwise
[robot_supervisor-7] [INFO] [1777470330.120741899] [robot_0.robot_supervisor]: FULL ROTATE active (accum_rad=1.298, timed_fallback=False, stall_count=0)
[robot_supervisor-7] [INFO] [1777470330.220720350] [robot_0.robot_supervisor]: FULL ROTATE active (accum_rad=1.398, timed_fallback=False, stall_count=0)
[robot_supervisor-19] [INFO] [1777470330.291105461] [robot_4.robot_supervisor]: Selected controllable event: EV_full_rotate
[robot_supervisor-19] [INFO] [1777470330.291320304] [robot_4.robot_supervisor]: Starting FULL ROTATE (omega=1.000, have_odom=True, target_rad=3.142, timeout_s=3.500)
[robot_supervisor-7] [INFO] [1777470330.320963579] [robot_0.robot_supervisor]: FULL ROTATE active (accum_rad=1.498, timed_fallback=False, stall_count=0)
[robot_supervisor-19] [INFO] [1777470330.391312613] [robot_4.robot_supervisor]: FULL ROTATE active (accum_rad=0.000, timed_fallback=False, stall_count=0)
[robot_supervisor-7] [INFO] [1777470330.420640632] [robot_0.robot_supervisor]: FULL ROTATE active (accum_rad=1.598, timed_fallback=False, stall_count=0)
[robot_supervisor-19] [INFO] [1777470330.491087488] [robot_4.robot_supervisor]: FULL ROTATE active (accum_rad=0.003, timed_fallback=False, stall_count=0)
[robot_supervisor-10] [INFO] [1777470330.509449624] [robot_1.robot_supervisor]: Selected controllable event: EV_move_forward
[robot_supervisor-7] [INFO] [1777470330.520564170] [robot_0.robot_supervisor]: FULL ROTATE active (accum_rad=1.698, timed_fallback=False, stall_count=0)
[robot_supervisor-19] [INFO] [1777470330.591059616] [robot_4.robot_supervisor]: FULL ROTATE active (accum_rad=0.037, timed_fallback=False, stall_count=0)
[robot_supervisor-7] [INFO] [1777470330.620552439] [robot_0.robot_supervisor]: FULL ROTATE active (accum_rad=1.798, timed_fallback=False, stall_count=0)
[robot_supervisor-16] [INFO] [1777470330.664051257] [robot_3.robot_supervisor]: Selected controllable event: EV_full_rotate
[robot_supervisor-16] [INFO] [1777470330.664280492] [robot_3.robot_supervisor]: Starting FULL ROTATE (omega=1.000, have_odom=True, target_rad=3.142, timeout_s=3.500)
[robot_supervisor-19] [INFO] [1777470330.691160168] [robot_4.robot_supervisor]: FULL ROTATE active (accum_rad=0.100, timed_fallback=False, stall_count=0)
[robot_supervisor-7] [INFO] [1777470330.720751404] [robot_0.robot_supervisor]: FULL ROTATE active (accum_rad=1.898, timed_fallback=False, stall_count=0)
[robot_supervisor-16] [INFO] [1777470330.764361657] [robot_3.robot_supervisor]: FULL ROTATE active (accum_rad=0.000, timed_fallback=False, stall_count=0)
[robot_supervisor-19] [INFO] [1777470330.791232597] [robot_4.robot_supervisor]: FULL ROTATE active (accum_rad=0.193, timed_fallback=False, stall_count=0)
[robot_supervisor-10] [INFO] [1777470330.809566719] [robot_1.robot_supervisor]: Selected controllable event: EV_random_walk
[robot_supervisor-7] [INFO] [1777470330.820785658] [robot_0.robot_supervisor]: FULL ROTATE active (accum_rad=1.998, timed_fallback=False, stall_count=0)
[robot_supervisor-16] [INFO] [1777470330.864085860] [robot_3.robot_supervisor]: FULL ROTATE active (accum_rad=0.008, timed_fallback=False, stall_count=0)
[robot_supervisor-19] [INFO] [1777470330.891279308] [robot_4.robot_supervisor]: FULL ROTATE active (accum_rad=0.293, timed_fallback=False, stall_count=0)
[robot_supervisor-7] [INFO] [1777470330.920587670] [robot_0.robot_supervisor]: FULL ROTATE active (accum_rad=2.098, timed_fallback=False, stall_count=0)
[robot_supervisor-16] [INFO] [1777470330.964148602] [robot_3.robot_supervisor]: FULL ROTATE active (accum_rad=0.046, timed_fallback=False, stall_count=0)
[robot_supervisor-19] [INFO] [1777470330.991295021] [robot_4.robot_supervisor]: FULL ROTATE active (accum_rad=0.393, timed_fallback=False, stall_count=0)
[robot_supervisor-7] [INFO] [1777470331.020790293] [robot_0.robot_supervisor]: FULL ROTATE active (accum_rad=2.198, timed_fallback=False, stall_count=0)
[robot_supervisor-16] [INFO] [1777470331.064227831] [robot_3.robot_supervisor]: FULL ROTATE active (accum_rad=0.113, timed_fallback=False, stall_count=0)
[robot_supervisor-19] [INFO] [1777470331.091120166] [robot_4.robot_supervisor]: FULL ROTATE active (accum_rad=0.493, timed_fallback=False, stall_count=0)
[robot_supervisor-10] [INFO] [1777470331.109462730] [robot_1.robot_supervisor]: Selected controllable event: EV_move_forward
[robot_supervisor-7] [INFO] [1777470331.120848229] [robot_0.robot_supervisor]: FULL ROTATE active (accum_rad=2.298, timed_fallback=False, stall_count=0)
[robot_supervisor-16] [INFO] [1777470331.164261250] [robot_3.robot_supervisor]: FULL ROTATE active (accum_rad=0.208, timed_fallback=False, stall_count=0)
[robot_supervisor-19] [INFO] [1777470331.191244588] [robot_4.robot_supervisor]: FULL ROTATE active (accum_rad=0.593, timed_fallback=False, stall_count=0)
[robot_supervisor-7] [INFO] [1777470331.220794501] [robot_0.robot_supervisor]: FULL ROTATE active (accum_rad=2.398, timed_fallback=False, stall_count=0)
[robot_supervisor-16] [INFO] [1777470331.264331250] [robot_3.robot_supervisor]: FULL ROTATE active (accum_rad=0.308, timed_fallback=False, stall_count=0)
[robot_supervisor-19] [INFO] [1777470331.291294018] [robot_4.robot_supervisor]: FULL ROTATE active (accum_rad=0.693, timed_fallback=False, stall_count=0)
[image_processor-22] [INFO] [1777470331.303717140] [robot_1.image_processor]: Zone=CLEAR
[image_processor-24] [INFO] [1777470331.311258953] [robot_3.image_processor]: Zone=CORNER  left[p=0.532 near=7650 v=7650]  front[p=0.398 near=13500 v=13500]  right[p=0.340 near=7740 v=7740]
[robot_supervisor-16] [INFO] [1777470331.311847776] [robot_3.robot_supervisor]: Detected zone changed to CORNER
[robot_supervisor-7] [INFO] [1777470331.320771345] [robot_0.robot_supervisor]: FULL ROTATE active (accum_rad=2.498, timed_fallback=False, stall_count=0)
[image_processor-25] [INFO] [1777470331.333679999] [robot_4.image_processor]: Zone=RIGHT  left[p=3.117 near=0 v=5992]  front[p=2.961 near=0 v=10258]  right[p=0.496 near=948 v=7708]
[robot_supervisor-19] [INFO] [1777470331.334281603] [robot_4.robot_supervisor]: Detected zone changed to RIGHT
[image_processor-23] [INFO] [1777470331.342087409] [robot_2.image_processor]: Zone=CORNER  left[p=0.804 near=570 v=7650]  front[p=0.590 near=4915 v=13500]  right[p=0.367 near=7740 v=7740]
[robot_supervisor-13] [INFO] [1777470331.342586706] [robot_2.robot_supervisor]: Detected zone changed to CORNER
[image_processor-21] [INFO] [1777470331.354145972] [robot_0.image_processor]: Zone=RIGHT  left[p=0.604 near=6062 v=7650]  front[p=0.964 near=137 v=13283]  right[p=0.350 near=1231 v=6588]
[robot_supervisor-7] [INFO] [1777470331.354615700] [robot_0.robot_supervisor]: Detected zone changed to RIGHT
[robot_supervisor-16] [INFO] [1777470331.364005373] [robot_3.robot_supervisor]: FULL ROTATE active (accum_rad=0.408, timed_fallback=False, stall_count=0)
[bump_counter-3] [INFO] [1777470331.378703769] [bump_counter]: [global] bump #5 (robot) with: robot_0<->robot_4
[robot_supervisor-19] [INFO] [1777470331.391190830] [robot_4.robot_supervisor]: FULL ROTATE active (accum_rad=0.793, timed_fallback=False, stall_count=0)
[robot_supervisor-10] [INFO] [1777470331.409265827] [robot_1.robot_supervisor]: Selected controllable event: EV_random_walk
[robot_supervisor-7] [INFO] [1777470331.420659991] [robot_0.robot_supervisor]: FULL ROTATE active (accum_rad=2.598, timed_fallback=False, stall_count=0)
[robot_supervisor-16] [INFO] [1777470331.464329523] [robot_3.robot_supervisor]: FULL ROTATE active (accum_rad=0.508, timed_fallback=False, stall_count=0)
[robot_supervisor-19] [INFO] [1777470331.491432020] [robot_4.robot_supervisor]: FULL ROTATE active (accum_rad=0.893, timed_fallback=False, stall_count=0)
[robot_supervisor-7] [INFO] [1777470331.520846042] [robot_0.robot_supervisor]: FULL ROTATE active (accum_rad=2.698, timed_fallback=False, stall_count=0)
[robot_supervisor-16] [INFO] [1777470331.564021532] [robot_3.robot_supervisor]: FULL ROTATE active (accum_rad=0.608, timed_fallback=False, stall_count=0)
[robot_supervisor-19] [INFO] [1777470331.591444188] [robot_4.robot_supervisor]: FULL ROTATE active (accum_rad=0.993, timed_fallback=False, stall_count=0)
[robot_supervisor-7] [INFO] [1777470331.620788005] [robot_0.robot_supervisor]: FULL ROTATE active (accum_rad=2.798, timed_fallback=False, stall_count=0)
[robot_supervisor-16] [INFO] [1777470331.664067067] [robot_3.robot_supervisor]: FULL ROTATE active (accum_rad=0.708, timed_fallback=False, stall_count=0)
[robot_supervisor-19] [INFO] [1777470331.691409611] [robot_4.robot_supervisor]: FULL ROTATE active (accum_rad=1.093, timed_fallback=False, stall_count=0)
[robot_supervisor-10] [INFO] [1777470331.709268941] [robot_1.robot_supervisor]: Selected controllable event: EV_move_forward
[robot_supervisor-7] [INFO] [1777470331.721248516] [robot_0.robot_supervisor]: FULL ROTATE active (accum_rad=2.898, timed_fallback=False, stall_count=0)
[robot_supervisor-16] [INFO] [1777470331.764100249] [robot_3.robot_supervisor]: FULL ROTATE active (accum_rad=0.808, timed_fallback=False, stall_count=0)
[robot_supervisor-19] [INFO] [1777470331.791241192] [robot_4.robot_supervisor]: FULL ROTATE active (accum_rad=1.193, timed_fallback=False, stall_count=0)
[robot_supervisor-7] [INFO] [1777470331.820864395] [robot_0.robot_supervisor]: FULL ROTATE active (accum_rad=2.998, timed_fallback=False, stall_count=0)
[robot_supervisor-16] [INFO] [1777470331.864330503] [robot_3.robot_supervisor]: FULL ROTATE active (accum_rad=0.908, timed_fallback=False, stall_count=0)
[robot_supervisor-19] [INFO] [1777470331.891193515] [robot_4.robot_supervisor]: FULL ROTATE active (accum_rad=1.293, timed_fallback=False, stall_count=0)
[robot_supervisor-7] [INFO] [1777470331.920562080] [robot_0.robot_supervisor]: FULL ROTATE active (accum_rad=3.098, timed_fallback=False, stall_count=0)
[robot_supervisor-7] [INFO] [1777470331.920810767] [robot_0.robot_supervisor]: FULL ROTATE completed by odom (accum_rad=3.198)
[robot_supervisor-7] [INFO] [1777470331.920985842] [robot_0.robot_supervisor]: FULL ROTATE stopped; supervisor will select next event next tick
[robot_supervisor-16] [INFO] [1777470331.964273658] [robot_3.robot_supervisor]: FULL ROTATE active (accum_rad=1.008, timed_fallback=False, stall_count=0)
[robot_supervisor-19] [INFO] [1777470331.991006523] [robot_4.robot_supervisor]: FULL ROTATE active (accum_rad=1.393, timed_fallback=False, stall_count=0)
[robot_supervisor-10] [INFO] [1777470332.009522437] [robot_1.robot_supervisor]: Selected controllable event: EV_random_walk
[robot_supervisor-16] [INFO] [1777470332.064248312] [robot_3.robot_supervisor]: FULL ROTATE active (accum_rad=1.108, timed_fallback=False, stall_count=0)
[robot_supervisor-19] [INFO] [1777470332.091296646] [robot_4.robot_supervisor]: FULL ROTATE active (accum_rad=1.493, timed_fallback=False, stall_count=0)
[robot_supervisor-16] [INFO] [1777470332.164226807] [robot_3.robot_supervisor]: FULL ROTATE active (accum_rad=1.208, timed_fallback=False, stall_count=0)
[robot_supervisor-19] [INFO] [1777470332.191010808] [robot_4.robot_supervisor]: FULL ROTATE active (accum_rad=1.593, timed_fallback=False, stall_count=0)
[robot_supervisor-7] [INFO] [1777470332.221066302] [robot_0.robot_supervisor]: Selected controllable event: EV_rotate_counterclockwise
[robot_supervisor-16] [INFO] [1777470332.264232123] [robot_3.robot_supervisor]: FULL ROTATE active (accum_rad=1.308, timed_fallback=False, stall_count=0)
[robot_supervisor-19] [INFO] [1777470332.291161834] [robot_4.robot_supervisor]: FULL ROTATE active (accum_rad=1.693, timed_fallback=False, stall_count=0)
[robot_supervisor-10] [INFO] [1777470332.309737157] [robot_1.robot_supervisor]: Selected controllable event: EV_move_forward
[robot_supervisor-16] [INFO] [1777470332.364303923] [robot_3.robot_supervisor]: FULL ROTATE active (accum_rad=1.408, timed_fallback=False, stall_count=0)
[robot_supervisor-19] [INFO] [1777470332.391033014] [robot_4.robot_supervisor]: FULL ROTATE active (accum_rad=1.793, timed_fallback=False, stall_count=0)
[robot_supervisor-13] [INFO] [1777470332.398581656] [robot_2.robot_supervisor]: Selected controllable event: EV_move_backward
[robot_supervisor-16] [INFO] [1777470332.464513982] [robot_3.robot_supervisor]: FULL ROTATE active (accum_rad=1.508, timed_fallback=False, stall_count=0)
[robot_supervisor-19] [INFO] [1777470332.491275769] [robot_4.robot_supervisor]: FULL ROTATE active (accum_rad=1.893, timed_fallback=False, stall_count=0)
[robot_supervisor-16] [INFO] [1777470332.564470205] [robot_3.robot_supervisor]: FULL ROTATE active (accum_rad=1.608, timed_fallback=False, stall_count=0)
[robot_supervisor-19] [INFO] [1777470332.591237366] [robot_4.robot_supervisor]: FULL ROTATE active (accum_rad=1.993, timed_fallback=False, stall_count=0)
[robot_supervisor-10] [INFO] [1777470332.609692069] [robot_1.robot_supervisor]: Selected controllable event: EV_random_walk
[robot_supervisor-16] [INFO] [1777470332.664007869] [robot_3.robot_supervisor]: FULL ROTATE active (accum_rad=1.708, timed_fallback=False, stall_count=0)
[robot_supervisor-19] [INFO] [1777470332.691248809] [robot_4.robot_supervisor]: FULL ROTATE active (accum_rad=2.093, timed_fallback=False, stall_count=0)
[robot_supervisor-16] [INFO] [1777470332.764451434] [robot_3.robot_supervisor]: FULL ROTATE active (accum_rad=1.808, timed_fallback=False, stall_count=0)
[robot_supervisor-19] [INFO] [1777470332.791246480] [robot_4.robot_supervisor]: FULL ROTATE active (accum_rad=2.193, timed_fallback=False, stall_count=0)
[robot_supervisor-13] [INFO] [1777470332.798557187] [robot_2.robot_supervisor]: Selected controllable event: EV_rotate_clockwise
[robot_supervisor-16] [INFO] [1777470332.864404149] [robot_3.robot_supervisor]: FULL ROTATE active (accum_rad=1.908, timed_fallback=False, stall_count=0)
[robot_supervisor-19] [INFO] [1777470332.891298924] [robot_4.robot_supervisor]: FULL ROTATE active (accum_rad=2.293, timed_fallback=False, stall_count=0)
[robot_supervisor-10] [INFO] [1777470332.909755328] [robot_1.robot_supervisor]: Selected controllable event: EV_move_forward
[robot_supervisor-16] [INFO] [1777470332.964254791] [robot_3.robot_supervisor]: FULL ROTATE active (accum_rad=2.008, timed_fallback=False, stall_count=0)
[robot_supervisor-19] [INFO] [1777470332.991228534] [robot_4.robot_supervisor]: FULL ROTATE active (accum_rad=2.393, timed_fallback=False, stall_count=0)
[robot_supervisor-16] [INFO] [1777470333.064736113] [robot_3.robot_supervisor]: FULL ROTATE active (accum_rad=2.108, timed_fallback=False, stall_count=0)
[robot_supervisor-19] [INFO] [1777470333.091311446] [robot_4.robot_supervisor]: FULL ROTATE active (accum_rad=2.493, timed_fallback=False, stall_count=0)
[robot_supervisor-16] [INFO] [1777470333.164358737] [robot_3.robot_supervisor]: FULL ROTATE active (accum_rad=2.208, timed_fallback=False, stall_count=0)
[robot_supervisor-19] [INFO] [1777470333.191275110] [robot_4.robot_supervisor]: FULL ROTATE active (accum_rad=2.593, timed_fallback=False, stall_count=0)
[robot_supervisor-10] [INFO] [1777470333.209511101] [robot_1.robot_supervisor]: Selected controllable event: EV_random_walk
[robot_supervisor-16] [INFO] [1777470333.264450573] [robot_3.robot_supervisor]: FULL ROTATE active (accum_rad=2.308, timed_fallback=False, stall_count=0)
[robot_supervisor-19] [INFO] [1777470333.291275756] [robot_4.robot_supervisor]: FULL ROTATE active (accum_rad=2.693, timed_fallback=False, stall_count=0)
[robot_supervisor-16] [INFO] [1777470333.364446157] [robot_3.robot_supervisor]: FULL ROTATE active (accum_rad=2.408, timed_fallback=False, stall_count=0)
[robot_supervisor-19] [INFO] [1777470333.391257139] [robot_4.robot_supervisor]: FULL ROTATE active (accum_rad=2.793, timed_fallback=False, stall_count=0)
[robot_supervisor-16] [INFO] [1777470333.464048046] [robot_3.robot_supervisor]: FULL ROTATE active (accum_rad=2.508, timed_fallback=False, stall_count=0)
[robot_supervisor-19] [INFO] [1777470333.491118175] [robot_4.robot_supervisor]: FULL ROTATE active (accum_rad=2.893, timed_fallback=False, stall_count=0)
[robot_supervisor-16] [INFO] [1777470333.564061864] [robot_3.robot_supervisor]: FULL ROTATE active (accum_rad=2.608, timed_fallback=False, stall_count=0)
[robot_supervisor-19] [INFO] [1777470333.591056976] [robot_4.robot_supervisor]: FULL ROTATE active (accum_rad=2.993, timed_fallback=False, stall_count=0)
[robot_supervisor-16] [INFO] [1777470333.664211710] [robot_3.robot_supervisor]: FULL ROTATE active (accum_rad=2.708, timed_fallback=False, stall_count=0)
[robot_supervisor-19] [INFO] [1777470333.691239285] [robot_4.robot_supervisor]: FULL ROTATE active (accum_rad=3.093, timed_fallback=False, stall_count=0)
[robot_supervisor-19] [INFO] [1777470333.691699797] [robot_4.robot_supervisor]: FULL ROTATE completed by odom (accum_rad=3.193)
[robot_supervisor-19] [INFO] [1777470333.692110782] [robot_4.robot_supervisor]: FULL ROTATE stopped; supervisor will select next event next tick
[robot_supervisor-16] [INFO] [1777470333.764248223] [robot_3.robot_supervisor]: FULL ROTATE active (accum_rad=2.808, timed_fallback=False, stall_count=0)
[image_processor-22] [INFO] [1777470333.808414288] [robot_1.image_processor]: Zone=CLEAR
[image_processor-24] [INFO] [1777470333.826056187] [robot_3.image_processor]: Zone=CLEAR  left[p=1.393 near=0 v=5053]  front[p=1.418 near=0 v=8213]  right[p=2.566 near=0 v=6127]
[robot_supervisor-16] [INFO] [1777470333.826797963] [robot_3.robot_supervisor]: Detected zone changed to CLEAR
[image_processor-25] [INFO] [1777470333.835616854] [robot_4.image_processor]: Zone=RIGHT
[image_processor-23] [INFO] [1777470333.844559675] [robot_2.image_processor]: Zone=CORNER
[image_processor-21] [INFO] [1777470333.852317556] [robot_0.image_processor]: Zone=RIGHT
[robot_supervisor-16] [INFO] [1777470333.864270114] [robot_3.robot_supervisor]: FULL ROTATE active (accum_rad=2.908, timed_fallback=False, stall_count=0)
[robot_supervisor-16] [INFO] [1777470333.964208412] [robot_3.robot_supervisor]: FULL ROTATE active (accum_rad=3.008, timed_fallback=False, stall_count=0)
[robot_supervisor-19] [INFO] [1777470333.991120243] [robot_4.robot_supervisor]: Selected controllable event: EV_rotate_counterclockwise
[robot_supervisor-16] [INFO] [1777470334.064278374] [robot_3.robot_supervisor]: FULL ROTATE active (accum_rad=3.108, timed_fallback=False, stall_count=0)
[robot_supervisor-16] [INFO] [1777470334.064776212] [robot_3.robot_supervisor]: FULL ROTATE completed by odom (accum_rad=3.208)
[robot_supervisor-16] [INFO] [1777470334.065182075] [robot_3.robot_supervisor]: FULL ROTATE stopped; supervisor will select next event next tick
[robot_supervisor-7] [INFO] [1777470334.320691168] [robot_0.robot_supervisor]: Selected controllable event: EV_rotate_counterclockwise
[robot_supervisor-7] [INFO] [1777470334.320872155] [robot_0.robot_supervisor]: rotate_90 blocked by recent completion; stopping this tick
[robot_supervisor-16] [INFO] [1777470334.364120362] [robot_3.robot_supervisor]: Selected controllable event: EV_move_forward
[robot_supervisor-7] [INFO] [1777470334.420584716] [robot_0.robot_supervisor]: Selected controllable event: EV_rotate_counterclockwise
[robot_supervisor-7] [INFO] [1777470334.420777992] [robot_0.robot_supervisor]: rotate_90 blocked by recent completion; stopping this tick
[robot_supervisor-7] [INFO] [1777470334.520591385] [robot_0.robot_supervisor]: Selected controllable event: EV_rotate_counterclockwise
[robot_supervisor-7] [INFO] [1777470334.520760337] [robot_0.robot_supervisor]: rotate_90 blocked by recent completion; stopping this tick
[bump_counter-3] [INFO] [1777470334.608093558] [bump_counter]: [global] bump #6 (robot) with: robot_1<->robot_3
[robot_supervisor-7] [INFO] [1777470334.620813266] [robot_0.robot_supervisor]: Selected controllable event: EV_rotate_counterclockwise
[robot_supervisor-16] [INFO] [1777470334.664220107] [robot_3.robot_supervisor]: Selected controllable event: EV_random_walk
[robot_supervisor-10] [INFO] [1777470334.709658048] [robot_1.robot_supervisor]: Selected controllable event: EV_move_forward
[robot_supervisor-13] [INFO] [1777470334.898688612] [robot_2.robot_supervisor]: Selected controllable event: EV_full_rotate
[robot_supervisor-13] [INFO] [1777470334.899096276] [robot_2.robot_supervisor]: Starting FULL ROTATE (omega=1.000, have_odom=True, target_rad=3.142, timeout_s=3.500)
[robot_supervisor-13] [INFO] [1777470334.998638927] [robot_2.robot_supervisor]: FULL ROTATE active (accum_rad=0.000, timed_fallback=False, stall_count=0)
[robot_supervisor-10] [INFO] [1777470335.009609176] [robot_1.robot_supervisor]: Selected controllable event: EV_random_walk
[robot_supervisor-13] [INFO] [1777470335.098557644] [robot_2.robot_supervisor]: FULL ROTATE active (accum_rad=0.000, timed_fallback=False, stall_count=1)
[robot_supervisor-13] [INFO] [1777470335.198684608] [robot_2.robot_supervisor]: FULL ROTATE active (accum_rad=0.031, timed_fallback=False, stall_count=0)
[robot_supervisor-13] [INFO] [1777470335.298683844] [robot_2.robot_supervisor]: FULL ROTATE active (accum_rad=0.091, timed_fallback=False, stall_count=0)
[robot_supervisor-10] [INFO] [1777470335.309320212] [robot_1.robot_supervisor]: Selected controllable event: EV_move_forward
[robot_supervisor-13] [INFO] [1777470335.398565146] [robot_2.robot_supervisor]: FULL ROTATE active (accum_rad=0.181, timed_fallback=False, stall_count=0)
[robot_supervisor-13] [INFO] [1777470335.498343839] [robot_2.robot_supervisor]: FULL ROTATE active (accum_rad=0.281, timed_fallback=False, stall_count=0)
[robot_supervisor-13] [INFO] [1777470335.598562438] [robot_2.robot_supervisor]: FULL ROTATE active (accum_rad=0.381, timed_fallback=False, stall_count=0)
[robot_supervisor-10] [INFO] [1777470335.609535623] [robot_1.robot_supervisor]: Selected controllable event: EV_random_walk
[robot_supervisor-13] [INFO] [1777470335.698330837] [robot_2.robot_supervisor]: FULL ROTATE active (accum_rad=0.481, timed_fallback=False, stall_count=0)
[robot_supervisor-13] [INFO] [1777470335.798358355] [robot_2.robot_supervisor]: FULL ROTATE active (accum_rad=0.581, timed_fallback=False, stall_count=0)
[robot_supervisor-13] [INFO] [1777470335.898539146] [robot_2.robot_supervisor]: FULL ROTATE active (accum_rad=0.681, timed_fallback=False, stall_count=0)
[robot_supervisor-13] [INFO] [1777470335.998317039] [robot_2.robot_supervisor]: FULL ROTATE active (accum_rad=0.781, timed_fallback=False, stall_count=0)
[robot_supervisor-13] [INFO] [1777470336.098496401] [robot_2.robot_supervisor]: FULL ROTATE active (accum_rad=0.881, timed_fallback=False, stall_count=0)
[robot_supervisor-16] [INFO] [1777470336.164537357] [robot_3.robot_supervisor]: Selected controllable event: EV_move_forward
[robot_supervisor-19] [INFO] [1777470336.191311553] [robot_4.robot_supervisor]: Selected controllable event: EV_rotate_counterclockwise
[robot_supervisor-19] [INFO] [1777470336.191686130] [robot_4.robot_supervisor]: rotate_90 blocked by recent completion; stopping this tick
[robot_supervisor-13] [INFO] [1777470336.198495896] [robot_2.robot_supervisor]: FULL ROTATE active (accum_rad=0.981, timed_fallback=False, stall_count=0)
[robot_supervisor-19] [INFO] [1777470336.291276220] [robot_4.robot_supervisor]: Selected controllable event: EV_rotate_counterclockwise
[robot_supervisor-19] [INFO] [1777470336.291491846] [robot_4.robot_supervisor]: rotate_90 blocked by recent completion; stopping this tick
[robot_supervisor-13] [INFO] [1777470336.298594366] [robot_2.robot_supervisor]: FULL ROTATE active (accum_rad=1.081, timed_fallback=False, stall_count=0)
[image_processor-22] [INFO] [1777470336.303904657] [robot_1.image_processor]: Zone=CORNER  left[p=0.671 near=4666 v=7650]  front[p=0.447 near=13500 v=13500]  right[p=0.366 near=7740 v=7740]
[robot_supervisor-10] [INFO] [1777470336.304989729] [robot_1.robot_supervisor]: Detected zone changed to CORNER
[image_processor-24] [INFO] [1777470336.314354231] [robot_3.image_processor]: Zone=CLEAR
[image_processor-25] [INFO] [1777470336.323205994] [robot_4.image_processor]: Zone=CORNER  left[p=0.557 near=7650 v=7650]  front[p=0.676 near=7287 v=13500]  right[p=2.413 near=0 v=7740]
[robot_supervisor-19] [INFO] [1777470336.323856694] [robot_4.robot_supervisor]: Detected zone changed to CORNER
[image_processor-23] [INFO] [1777470336.330778403] [robot_2.image_processor]: Zone=RIGHT  left[p=0.934 near=0 v=7650]  front[p=0.812 near=1206 v=13500]  right[p=0.432 near=7740 v=7740]
[robot_supervisor-13] [INFO] [1777470336.331299289] [robot_2.robot_supervisor]: Detected zone changed to RIGHT
[image_processor-21] [INFO] [1777470336.350711533] [robot_0.image_processor]: Zone=CLEAR  left[p=3.041 near=0 v=5582]  front[p=3.041 near=0 v=10142]  right[p=3.212 near=0 v=7302]
[robot_supervisor-7] [INFO] [1777470336.351485983] [robot_0.robot_supervisor]: Detected zone changed to CLEAR
[robot_supervisor-19] [INFO] [1777470336.391296423] [robot_4.robot_supervisor]: Selected controllable event: EV_move_backward
[robot_supervisor-13] [INFO] [1777470336.398510761] [robot_2.robot_supervisor]: FULL ROTATE active (accum_rad=1.181, timed_fallback=False, stall_count=0)
[robot_supervisor-16] [INFO] [1777470336.464254256] [robot_3.robot_supervisor]: Selected controllable event: EV_random_walk
[robot_supervisor-13] [INFO] [1777470336.498478825] [robot_2.robot_supervisor]: FULL ROTATE active (accum_rad=1.281, timed_fallback=False, stall_count=0)
[robot_supervisor-13] [INFO] [1777470336.598713792] [robot_2.robot_supervisor]: FULL ROTATE active (accum_rad=1.381, timed_fallback=False, stall_count=0)
[robot_supervisor-13] [INFO] [1777470336.698709289] [robot_2.robot_supervisor]: FULL ROTATE active (accum_rad=1.481, timed_fallback=False, stall_count=0)
[robot_supervisor-7] [INFO] [1777470336.721051391] [robot_0.robot_supervisor]: Selected controllable event: EV_move_forward
[robot_supervisor-16] [INFO] [1777470336.764378653] [robot_3.robot_supervisor]: Selected controllable event: EV_move_forward
[robot_supervisor-19] [INFO] [1777470336.791288040] [robot_4.robot_supervisor]: Selected controllable event: EV_rotate_clockwise
[robot_supervisor-13] [INFO] [1777470336.798635192] [robot_2.robot_supervisor]: FULL ROTATE active (accum_rad=1.581, timed_fallback=False, stall_count=0)
[robot_supervisor-13] [INFO] [1777470336.898623168] [robot_2.robot_supervisor]: FULL ROTATE active (accum_rad=1.681, timed_fallback=False, stall_count=0)
[robot_supervisor-13] [INFO] [1777470336.998518470] [robot_2.robot_supervisor]: FULL ROTATE active (accum_rad=1.781, timed_fallback=False, stall_count=0)
[robot_supervisor-7] [INFO] [1777470337.020917893] [robot_0.robot_supervisor]: Selected controllable event: EV_random_walk
[robot_supervisor-16] [INFO] [1777470337.064509013] [robot_3.robot_supervisor]: Selected controllable event: EV_random_walk
[robot_supervisor-13] [INFO] [1777470337.098504153] [robot_2.robot_supervisor]: FULL ROTATE active (accum_rad=1.881, timed_fallback=False, stall_count=0)
[robot_supervisor-10] [INFO] [1777470337.109672537] [robot_1.robot_supervisor]: Selected controllable event: EV_move_backward
[robot_supervisor-13] [INFO] [1777470337.198576593] [robot_2.robot_supervisor]: FULL ROTATE active (accum_rad=1.981, timed_fallback=False, stall_count=0)
[robot_supervisor-13] [INFO] [1777470337.298840762] [robot_2.robot_supervisor]: FULL ROTATE active (accum_rad=2.081, timed_fallback=False, stall_count=0)
[robot_supervisor-7] [INFO] [1777470337.320660624] [robot_0.robot_supervisor]: Selected controllable event: EV_move_forward
[robot_supervisor-13] [INFO] [1777470337.398584852] [robot_2.robot_supervisor]: FULL ROTATE active (accum_rad=2.181, timed_fallback=False, stall_count=0)
[robot_supervisor-13] [INFO] [1777470337.498603965] [robot_2.robot_supervisor]: FULL ROTATE active (accum_rad=2.281, timed_fallback=False, stall_count=0)
[robot_supervisor-10] [INFO] [1777470337.509459225] [robot_1.robot_supervisor]: Selected controllable event: EV_rotate_clockwise
[robot_supervisor-16] [INFO] [1777470337.564266422] [robot_3.robot_supervisor]: Selected controllable event: EV_move_forward
[robot_supervisor-13] [INFO] [1777470337.598502129] [robot_2.robot_supervisor]: FULL ROTATE active (accum_rad=2.381, timed_fallback=False, stall_count=0)
[robot_supervisor-7] [INFO] [1777470337.620812515] [robot_0.robot_supervisor]: Selected controllable event: EV_random_walk
[robot_supervisor-13] [INFO] [1777470337.698498576] [robot_2.robot_supervisor]: FULL ROTATE active (accum_rad=2.481, timed_fallback=False, stall_count=0)
[robot_supervisor-13] [INFO] [1777470337.798651099] [robot_2.robot_supervisor]: FULL ROTATE active (accum_rad=2.581, timed_fallback=False, stall_count=0)
[robot_supervisor-16] [INFO] [1777470337.864093979] [robot_3.robot_supervisor]: Selected controllable event: EV_random_walk
[robot_supervisor-13] [INFO] [1777470337.898558408] [robot_2.robot_supervisor]: FULL ROTATE active (accum_rad=2.681, timed_fallback=False, stall_count=0)
[robot_supervisor-13] [INFO] [1777470337.998803697] [robot_2.robot_supervisor]: FULL ROTATE active (accum_rad=2.781, timed_fallback=False, stall_count=0)
[robot_supervisor-13] [INFO] [1777470338.098442863] [robot_2.robot_supervisor]: FULL ROTATE active (accum_rad=2.881, timed_fallback=False, stall_count=0)
[robot_supervisor-16] [INFO] [1777470338.164254780] [robot_3.robot_supervisor]: Selected controllable event: EV_move_forward
[robot_supervisor-13] [INFO] [1777470338.198503872] [robot_2.robot_supervisor]: FULL ROTATE active (accum_rad=2.981, timed_fallback=False, stall_count=0)
[robot_supervisor-13] [INFO] [1777470338.298771278] [robot_2.robot_supervisor]: FULL ROTATE active (accum_rad=3.081, timed_fallback=False, stall_count=0)
[robot_supervisor-13] [INFO] [1777470338.299412390] [robot_2.robot_supervisor]: FULL ROTATE completed by odom (accum_rad=3.181)
[robot_supervisor-13] [INFO] [1777470338.299953291] [robot_2.robot_supervisor]: FULL ROTATE stopped; supervisor will select next event next tick
[robot_supervisor-16] [INFO] [1777470338.464307939] [robot_3.robot_supervisor]: Selected controllable event: EV_random_walk
[robot_supervisor-13] [INFO] [1777470338.698628415] [robot_2.robot_supervisor]: Selected controllable event: EV_rotate_counterclockwise
[robot_supervisor-16] [INFO] [1777470338.764004023] [robot_3.robot_supervisor]: Selected controllable event: EV_move_forward
[image_processor-22] [INFO] [1777470338.800880877] [robot_1.image_processor]: Zone=CORNER
[image_processor-24] [INFO] [1777470338.816472711] [robot_3.image_processor]: Zone=CORNER  left[p=0.448 near=7650 v=7650]  front[p=0.514 near=8532 v=11777]  right[p=3.296 near=0 v=6058]
[robot_supervisor-16] [INFO] [1777470338.817211815] [robot_3.robot_supervisor]: Detected zone changed to CORNER
[image_processor-25] [INFO] [1777470338.824292500] [robot_4.image_processor]: Zone=CLEAR  left[p=2.687 near=0 v=7596]  front[p=3.232 near=0 v=10779]  right[p=3.147 near=0 v=6334]
[robot_supervisor-19] [INFO] [1777470338.824912466] [robot_4.robot_supervisor]: Detected zone changed to CLEAR
[image_processor-23] [INFO] [1777470338.842541062] [robot_2.image_processor]: Zone=RIGHT
[image_processor-21] [INFO] [1777470338.862822905] [robot_0.image_processor]: Zone=CLEAR
[robot_supervisor-19] [INFO] [1777470338.991159111] [robot_4.robot_supervisor]: Selected controllable event: EV_full_rotate
[robot_supervisor-19] [INFO] [1777470338.991378885] [robot_4.robot_supervisor]: Starting FULL ROTATE (omega=1.000, have_odom=True, target_rad=3.142, timeout_s=3.500)
[robot_supervisor-16] [INFO] [1777470339.064106445] [robot_3.robot_supervisor]: Selected controllable event: EV_move_backward
[robot_supervisor-19] [INFO] [1777470339.091279397] [robot_4.robot_supervisor]: FULL ROTATE active (accum_rad=0.000, timed_fallback=False, stall_count=0)
[robot_supervisor-7] [INFO] [1777470339.120655822] [robot_0.robot_supervisor]: Selected controllable event: EV_move_forward
[robot_supervisor-19] [INFO] [1777470339.191276789] [robot_4.robot_supervisor]: FULL ROTATE active (accum_rad=0.013, timed_fallback=False, stall_count=0)
[robot_supervisor-19] [INFO] [1777470339.291199322] [robot_4.robot_supervisor]: FULL ROTATE active (accum_rad=0.057, timed_fallback=False, stall_count=0)
[robot_supervisor-19] [INFO] [1777470339.391322354] [robot_4.robot_supervisor]: FULL ROTATE active (accum_rad=0.130, timed_fallback=False, stall_count=0)
[robot_supervisor-7] [INFO] [1777470339.420812465] [robot_0.robot_supervisor]: Selected controllable event: EV_random_walk
[robot_supervisor-16] [INFO] [1777470339.464207458] [robot_3.robot_supervisor]: Selected controllable event: EV_rotate_clockwise
[robot_supervisor-19] [INFO] [1777470339.491528170] [robot_4.robot_supervisor]: FULL ROTATE active (accum_rad=0.228, timed_fallback=False, stall_count=0)
[robot_supervisor-19] [INFO] [1777470339.591285531] [robot_4.robot_supervisor]: FULL ROTATE active (accum_rad=0.328, timed_fallback=False, stall_count=0)
[robot_supervisor-19] [INFO] [1777470339.691256603] [robot_4.robot_supervisor]: FULL ROTATE active (accum_rad=0.428, timed_fallback=False, stall_count=0)
[robot_supervisor-10] [INFO] [1777470339.709542459] [robot_1.robot_supervisor]: Selected controllable event: EV_full_rotate
[robot_supervisor-10] [INFO] [1777470339.710059334] [robot_1.robot_supervisor]: Starting FULL ROTATE (omega=1.000, have_odom=True, target_rad=3.142, timeout_s=3.500)
[robot_supervisor-19] [INFO] [1777470339.791103593] [robot_4.robot_supervisor]: FULL ROTATE active (accum_rad=0.528, timed_fallback=False, stall_count=0)
[robot_supervisor-10] [INFO] [1777470339.809488741] [robot_1.robot_supervisor]: FULL ROTATE active (accum_rad=0.000, timed_fallback=False, stall_count=0)
[robot_supervisor-19] [INFO] [1777470339.891319967] [robot_4.robot_supervisor]: FULL ROTATE active (accum_rad=0.628, timed_fallback=False, stall_count=0)
[robot_supervisor-10] [INFO] [1777470339.909511177] [robot_1.robot_supervisor]: FULL ROTATE active (accum_rad=0.008, timed_fallback=False, stall_count=0)
[robot_supervisor-19] [INFO] [1777470339.991143083] [robot_4.robot_supervisor]: FULL ROTATE active (accum_rad=0.728, timed_fallback=False, stall_count=0)
[robot_supervisor-10] [INFO] [1777470340.009366877] [robot_1.robot_supervisor]: FULL ROTATE active (accum_rad=0.046, timed_fallback=False, stall_count=0)
[robot_supervisor-19] [INFO] [1777470340.091069572] [robot_4.robot_supervisor]: FULL ROTATE active (accum_rad=0.828, timed_fallback=False, stall_count=0)
[robot_supervisor-10] [INFO] [1777470340.109365032] [robot_1.robot_supervisor]: FULL ROTATE active (accum_rad=0.113, timed_fallback=False, stall_count=0)
[robot_supervisor-19] [INFO] [1777470340.191295036] [robot_4.robot_supervisor]: FULL ROTATE active (accum_rad=0.928, timed_fallback=False, stall_count=0)
[robot_supervisor-10] [INFO] [1777470340.209360357] [robot_1.robot_supervisor]: FULL ROTATE active (accum_rad=0.208, timed_fallback=False, stall_count=0)
[robot_supervisor-19] [INFO] [1777470340.291431470] [robot_4.robot_supervisor]: FULL ROTATE active (accum_rad=1.028, timed_fallback=False, stall_count=0)
[robot_supervisor-10] [INFO] [1777470340.309255405] [robot_1.robot_supervisor]: FULL ROTATE active (accum_rad=0.308, timed_fallback=False, stall_count=0)
[robot_supervisor-19] [INFO] [1777470340.391075087] [robot_4.robot_supervisor]: FULL ROTATE active (accum_rad=1.128, timed_fallback=False, stall_count=0)
[robot_supervisor-10] [INFO] [1777470340.409217829] [robot_1.robot_supervisor]: FULL ROTATE active (accum_rad=0.408, timed_fallback=False, stall_count=0)
[robot_supervisor-19] [INFO] [1777470340.491045445] [robot_4.robot_supervisor]: FULL ROTATE active (accum_rad=1.228, timed_fallback=False, stall_count=0)
[robot_supervisor-10] [INFO] [1777470340.509356903] [robot_1.robot_supervisor]: FULL ROTATE active (accum_rad=0.508, timed_fallback=False, stall_count=0)
[robot_supervisor-19] [INFO] [1777470340.591269483] [robot_4.robot_supervisor]: FULL ROTATE active (accum_rad=1.328, timed_fallback=False, stall_count=0)
[robot_supervisor-10] [INFO] [1777470340.609372378] [robot_1.robot_supervisor]: FULL ROTATE active (accum_rad=0.608, timed_fallback=False, stall_count=0)
[robot_supervisor-19] [INFO] [1777470340.691238222] [robot_4.robot_supervisor]: FULL ROTATE active (accum_rad=1.428, timed_fallback=False, stall_count=0)
[robot_supervisor-10] [INFO] [1777470340.709426885] [robot_1.robot_supervisor]: FULL ROTATE active (accum_rad=0.708, timed_fallback=False, stall_count=0)
[robot_supervisor-19] [INFO] [1777470340.791169753] [robot_4.robot_supervisor]: FULL ROTATE active (accum_rad=1.528, timed_fallback=False, stall_count=0)
[robot_supervisor-13] [INFO] [1777470340.798872589] [robot_2.robot_supervisor]: Selected controllable event: EV_rotate_counterclockwise
[robot_supervisor-13] [INFO] [1777470340.799475247] [robot_2.robot_supervisor]: rotate_90 blocked by recent completion; stopping this tick
[robot_supervisor-10] [INFO] [1777470340.809422972] [robot_1.robot_supervisor]: FULL ROTATE active (accum_rad=0.808, timed_fallback=False, stall_count=0)
[robot_supervisor-19] [INFO] [1777470340.891268967] [robot_4.robot_supervisor]: FULL ROTATE active (accum_rad=1.628, timed_fallback=False, stall_count=0)
[robot_supervisor-13] [INFO] [1777470340.898685080] [robot_2.robot_supervisor]: Selected controllable event: EV_rotate_counterclockwise
[robot_supervisor-13] [INFO] [1777470340.898958150] [robot_2.robot_supervisor]: rotate_90 blocked by recent completion; stopping this tick
[robot_supervisor-10] [INFO] [1777470340.909383985] [robot_1.robot_supervisor]: FULL ROTATE active (accum_rad=0.908, timed_fallback=False, stall_count=0)
[robot_supervisor-7] [INFO] [1777470340.920829711] [robot_0.robot_supervisor]: Selected controllable event: EV_move_forward
[robot_supervisor-19] [INFO] [1777470340.991057323] [robot_4.robot_supervisor]: FULL ROTATE active (accum_rad=1.728, timed_fallback=False, stall_count=0)
[robot_supervisor-13] [INFO] [1777470340.998367436] [robot_2.robot_supervisor]: Selected controllable event: EV_rotate_counterclockwise
[robot_supervisor-13] [INFO] [1777470340.998581764] [robot_2.robot_supervisor]: rotate_90 blocked by recent completion; stopping this tick
[robot_supervisor-10] [INFO] [1777470341.009637896] [robot_1.robot_supervisor]: FULL ROTATE active (accum_rad=1.008, timed_fallback=False, stall_count=0)
[robot_supervisor-19] [INFO] [1777470341.091368291] [robot_4.robot_supervisor]: FULL ROTATE active (accum_rad=1.828, timed_fallback=False, stall_count=0)
[robot_supervisor-13] [INFO] [1777470341.098602742] [robot_2.robot_supervisor]: Selected controllable event: EV_rotate_counterclockwise
[robot_supervisor-10] [INFO] [1777470341.109131482] [robot_1.robot_supervisor]: FULL ROTATE active (accum_rad=1.108, timed_fallback=False, stall_count=0)
[robot_supervisor-19] [INFO] [1777470341.191355433] [robot_4.robot_supervisor]: FULL ROTATE active (accum_rad=1.928, timed_fallback=False, stall_count=0)
[robot_supervisor-10] [INFO] [1777470341.209640335] [robot_1.robot_supervisor]: FULL ROTATE active (accum_rad=1.208, timed_fallback=False, stall_count=0)
[robot_supervisor-7] [INFO] [1777470341.221080797] [robot_0.robot_supervisor]: Selected controllable event: EV_random_walk
[robot_supervisor-19] [INFO] [1777470341.291238256] [robot_4.robot_supervisor]: FULL ROTATE active (accum_rad=2.028, timed_fallback=False, stall_count=0)
[image_processor-22] [INFO] [1777470341.301945056] [robot_1.image_processor]: Zone=CORNER
[robot_supervisor-10] [INFO] [1777470341.309682543] [robot_1.robot_supervisor]: FULL ROTATE active (accum_rad=1.308, timed_fallback=False, stall_count=0)
[image_processor-24] [INFO] [1777470341.310549298] [robot_3.image_processor]: Zone=CLEAR  left[p=2.820 near=0 v=6598]  front[p=2.300 near=0 v=11968]  right[p=1.281 near=0 v=7740]
[robot_supervisor-16] [INFO] [1777470341.311032352] [robot_3.robot_supervisor]: Detected zone changed to CLEAR
[image_processor-25] [INFO] [1777470341.320632256] [robot_4.image_processor]: Zone=CLEAR
[image_processor-23] [INFO] [1777470341.333029105] [robot_2.image_processor]: Zone=LEFT  left[p=0.446 near=7650 v=7650]  front[p=0.848 near=682 v=12228]  right[p=1.963 near=0 v=6323]
[robot_supervisor-13] [INFO] [1777470341.333530673] [robot_2.robot_supervisor]: Detected zone changed to LEFT
[image_processor-21] [INFO] [1777470341.345326156] [robot_0.image_processor]: Zone=CLEAR
[robot_supervisor-19] [INFO] [1777470341.391173949] [robot_4.robot_supervisor]: FULL ROTATE active (accum_rad=2.128, timed_fallback=False, stall_count=0)
[robot_supervisor-10] [INFO] [1777470341.409430023] [robot_1.robot_supervisor]: FULL ROTATE active (accum_rad=1.408, timed_fallback=False, stall_count=0)
[robot_supervisor-19] [INFO] [1777470341.491104906] [robot_4.robot_supervisor]: FULL ROTATE active (accum_rad=2.228, timed_fallback=False, stall_count=0)
[robot_supervisor-10] [INFO] [1777470341.509401923] [robot_1.robot_supervisor]: FULL ROTATE active (accum_rad=1.508, timed_fallback=False, stall_count=0)
[robot_supervisor-7] [INFO] [1777470341.520518141] [robot_0.robot_supervisor]: Selected controllable event: EV_move_forward
[robot_supervisor-16] [INFO] [1777470341.564494235] [robot_3.robot_supervisor]: Selected controllable event: EV_full_rotate
[robot_supervisor-16] [INFO] [1777470341.565102966] [robot_3.robot_supervisor]: Starting FULL ROTATE (omega=1.000, have_odom=True, target_rad=3.142, timeout_s=3.500)
[robot_supervisor-19] [INFO] [1777470341.591233574] [robot_4.robot_supervisor]: FULL ROTATE active (accum_rad=2.328, timed_fallback=False, stall_count=0)
[robot_supervisor-10] [INFO] [1777470341.609215181] [robot_1.robot_supervisor]: FULL ROTATE active (accum_rad=1.608, timed_fallback=False, stall_count=0)
[robot_supervisor-16] [INFO] [1777470341.664474610] [robot_3.robot_supervisor]: FULL ROTATE active (accum_rad=0.000, timed_fallback=False, stall_count=0)
[robot_supervisor-19] [INFO] [1777470341.691061831] [robot_4.robot_supervisor]: FULL ROTATE active (accum_rad=2.428, timed_fallback=False, stall_count=0)
[robot_supervisor-10] [INFO] [1777470341.709396782] [robot_1.robot_supervisor]: FULL ROTATE active (accum_rad=1.708, timed_fallback=False, stall_count=0)
[robot_supervisor-16] [INFO] [1777470341.764310776] [robot_3.robot_supervisor]: FULL ROTATE active (accum_rad=0.002, timed_fallback=False, stall_count=0)
[robot_supervisor-19] [INFO] [1777470341.791172317] [robot_4.robot_supervisor]: FULL ROTATE active (accum_rad=2.528, timed_fallback=False, stall_count=0)
[robot_supervisor-10] [INFO] [1777470341.809338048] [robot_1.robot_supervisor]: FULL ROTATE active (accum_rad=1.808, timed_fallback=False, stall_count=0)
[robot_supervisor-7] [INFO] [1777470341.820930105] [robot_0.robot_supervisor]: Selected controllable event: EV_random_walk
[robot_supervisor-16] [INFO] [1777470341.864533494] [robot_3.robot_supervisor]: FULL ROTATE active (accum_rad=0.030, timed_fallback=False, stall_count=0)
[robot_supervisor-19] [INFO] [1777470341.891010524] [robot_4.robot_supervisor]: FULL ROTATE active (accum_rad=2.628, timed_fallback=False, stall_count=0)
[robot_supervisor-10] [INFO] [1777470341.909159211] [robot_1.robot_supervisor]: FULL ROTATE active (accum_rad=1.908, timed_fallback=False, stall_count=0)
[robot_supervisor-16] [INFO] [1777470341.964303158] [robot_3.robot_supervisor]: FULL ROTATE active (accum_rad=0.087, timed_fallback=False, stall_count=0)
[robot_supervisor-19] [INFO] [1777470341.991048994] [robot_4.robot_supervisor]: FULL ROTATE active (accum_rad=2.728, timed_fallback=False, stall_count=0)
[robot_supervisor-10] [INFO] [1777470342.009215115] [robot_1.robot_supervisor]: FULL ROTATE active (accum_rad=2.008, timed_fallback=False, stall_count=0)
[robot_supervisor-16] [INFO] [1777470342.064356198] [robot_3.robot_supervisor]: FULL ROTATE active (accum_rad=0.175, timed_fallback=False, stall_count=0)
[robot_supervisor-19] [INFO] [1777470342.091099744] [robot_4.robot_supervisor]: FULL ROTATE active (accum_rad=2.828, timed_fallback=False, stall_count=0)
[robot_supervisor-10] [INFO] [1777470342.109162472] [robot_1.robot_supervisor]: FULL ROTATE active (accum_rad=2.108, timed_fallback=False, stall_count=0)
[robot_supervisor-7] [INFO] [1777470342.120634483] [robot_0.robot_supervisor]: Selected controllable event: EV_move_forward
[robot_supervisor-16] [INFO] [1777470342.164183965] [robot_3.robot_supervisor]: FULL ROTATE active (accum_rad=0.275, timed_fallback=False, stall_count=0)
[robot_supervisor-19] [INFO] [1777470342.191076159] [robot_4.robot_supervisor]: FULL ROTATE active (accum_rad=2.928, timed_fallback=False, stall_count=0)
[robot_supervisor-10] [INFO] [1777470342.209530173] [robot_1.robot_supervisor]: FULL ROTATE active (accum_rad=2.208, timed_fallback=False, stall_count=0)
[robot_supervisor-16] [INFO] [1777470342.264205705] [robot_3.robot_supervisor]: FULL ROTATE active (accum_rad=0.375, timed_fallback=False, stall_count=0)
[robot_supervisor-19] [INFO] [1777470342.291077748] [robot_4.robot_supervisor]: FULL ROTATE active (accum_rad=3.028, timed_fallback=False, stall_count=0)
[robot_supervisor-10] [INFO] [1777470342.309505853] [robot_1.robot_supervisor]: FULL ROTATE active (accum_rad=2.308, timed_fallback=False, stall_count=0)
[robot_supervisor-16] [INFO] [1777470342.364507099] [robot_3.robot_supervisor]: FULL ROTATE active (accum_rad=0.475, timed_fallback=False, stall_count=0)
[robot_supervisor-19] [INFO] [1777470342.391394250] [robot_4.robot_supervisor]: FULL ROTATE active (accum_rad=3.128, timed_fallback=False, stall_count=0)
[robot_supervisor-19] [INFO] [1777470342.392019774] [robot_4.robot_supervisor]: FULL ROTATE completed by odom (accum_rad=3.228)
[robot_supervisor-19] [INFO] [1777470342.392569199] [robot_4.robot_supervisor]: FULL ROTATE stopped; supervisor will select next event next tick
[robot_supervisor-10] [INFO] [1777470342.409463784] [robot_1.robot_supervisor]: FULL ROTATE active (accum_rad=2.408, timed_fallback=False, stall_count=0)
[robot_supervisor-7] [INFO] [1777470342.420864133] [robot_0.robot_supervisor]: Selected controllable event: EV_random_walk
[robot_supervisor-16] [INFO] [1777470342.464408206] [robot_3.robot_supervisor]: FULL ROTATE active (accum_rad=0.575, timed_fallback=False, stall_count=0)
[robot_supervisor-10] [INFO] [1777470342.509351045] [robot_1.robot_supervisor]: FULL ROTATE active (accum_rad=2.508, timed_fallback=False, stall_count=0)
[robot_supervisor-16] [INFO] [1777470342.564227936] [robot_3.robot_supervisor]: FULL ROTATE active (accum_rad=0.675, timed_fallback=False, stall_count=0)
[robot_supervisor-10] [INFO] [1777470342.609500682] [robot_1.robot_supervisor]: FULL ROTATE active (accum_rad=2.608, timed_fallback=False, stall_count=0)
[robot_supervisor-16] [INFO] [1777470342.664487135] [robot_3.robot_supervisor]: FULL ROTATE active (accum_rad=0.775, timed_fallback=False, stall_count=0)
[robot_supervisor-10] [INFO] [1777470342.709747015] [robot_1.robot_supervisor]: FULL ROTATE active (accum_rad=2.708, timed_fallback=False, stall_count=0)
[robot_supervisor-7] [INFO] [1777470342.720833908] [robot_0.robot_supervisor]: Selected controllable event: EV_move_forward
[robot_supervisor-16] [INFO] [1777470342.764157527] [robot_3.robot_supervisor]: FULL ROTATE active (accum_rad=0.875, timed_fallback=False, stall_count=0)
[robot_supervisor-19] [INFO] [1777470342.791276003] [robot_4.robot_supervisor]: Selected controllable event: EV_move_forward
[robot_supervisor-10] [INFO] [1777470342.809454491] [robot_1.robot_supervisor]: FULL ROTATE active (accum_rad=2.808, timed_fallback=False, stall_count=0)
[robot_supervisor-16] [INFO] [1777470342.864041827] [robot_3.robot_supervisor]: FULL ROTATE active (accum_rad=0.975, timed_fallback=False, stall_count=0)
[robot_supervisor-10] [INFO] [1777470342.909218276] [robot_1.robot_supervisor]: FULL ROTATE active (accum_rad=2.908, timed_fallback=False, stall_count=0)
[robot_supervisor-16] [INFO] [1777470342.964153876] [robot_3.robot_supervisor]: FULL ROTATE active (accum_rad=1.075, timed_fallback=False, stall_count=0)
[robot_supervisor-10] [INFO] [1777470343.009221593] [robot_1.robot_supervisor]: FULL ROTATE active (accum_rad=3.008, timed_fallback=False, stall_count=0)
[robot_supervisor-7] [INFO] [1777470343.020897964] [robot_0.robot_supervisor]: Selected controllable event: EV_random_walk
[robot_supervisor-16] [INFO] [1777470343.064264625] [robot_3.robot_supervisor]: FULL ROTATE active (accum_rad=1.175, timed_fallback=False, stall_count=0)
[robot_supervisor-19] [INFO] [1777470343.091451529] [robot_4.robot_supervisor]: Selected controllable event: EV_random_walk
[robot_supervisor-10] [INFO] [1777470343.109244099] [robot_1.robot_supervisor]: FULL ROTATE active (accum_rad=3.108, timed_fallback=False, stall_count=0)
[robot_supervisor-10] [INFO] [1777470343.109518998] [robot_1.robot_supervisor]: FULL ROTATE completed by odom (accum_rad=3.208)
[robot_supervisor-10] [INFO] [1777470343.109693721] [robot_1.robot_supervisor]: FULL ROTATE stopped; supervisor will select next event next tick
[robot_supervisor-16] [INFO] [1777470343.164181470] [robot_3.robot_supervisor]: FULL ROTATE active (accum_rad=1.275, timed_fallback=False, stall_count=0)
[robot_supervisor-16] [INFO] [1777470343.264275465] [robot_3.robot_supervisor]: FULL ROTATE active (accum_rad=1.375, timed_fallback=False, stall_count=0)
[robot_supervisor-13] [INFO] [1777470343.298566745] [robot_2.robot_supervisor]: Selected controllable event: EV_rotate_clockwise
[robot_supervisor-13] [INFO] [1777470343.298753064] [robot_2.robot_supervisor]: rotate_90 blocked by recent completion; stopping this tick
[robot_supervisor-16] [INFO] [1777470343.364280110] [robot_3.robot_supervisor]: FULL ROTATE active (accum_rad=1.475, timed_fallback=False, stall_count=0)
[robot_supervisor-13] [INFO] [1777470343.398435346] [robot_2.robot_supervisor]: Selected controllable event: EV_rotate_clockwise
[robot_supervisor-13] [INFO] [1777470343.398671584] [robot_2.robot_supervisor]: rotate_90 blocked by recent completion; stopping this tick
[robot_supervisor-10] [INFO] [1777470343.409522102] [robot_1.robot_supervisor]: Selected controllable event: EV_move_backward
[robot_supervisor-16] [INFO] [1777470343.464490403] [robot_3.robot_supervisor]: FULL ROTATE active (accum_rad=1.575, timed_fallback=False, stall_count=0)
[robot_supervisor-13] [INFO] [1777470343.498591755] [robot_2.robot_supervisor]: Selected controllable event: EV_rotate_clockwise
[robot_supervisor-16] [INFO] [1777470343.564276524] [robot_3.robot_supervisor]: FULL ROTATE active (accum_rad=1.675, timed_fallback=False, stall_count=0)
[robot_supervisor-16] [INFO] [1777470343.664262298] [robot_3.robot_supervisor]: FULL ROTATE active (accum_rad=1.775, timed_fallback=False, stall_count=0)
[robot_supervisor-16] [INFO] [1777470343.764355868] [robot_3.robot_supervisor]: FULL ROTATE active (accum_rad=1.875, timed_fallback=False, stall_count=0)
[image_processor-22] [INFO] [1777470343.801136313] [robot_1.image_processor]: Zone=CORNER
[robot_supervisor-10] [INFO] [1777470343.809206921] [robot_1.robot_supervisor]: Selected controllable event: EV_rotate_clockwise
[image_processor-24] [INFO] [1777470343.815980140] [robot_3.image_processor]: Zone=CORNER  left[p=0.448 near=7645 v=7645]  front[p=0.456 near=12776 v=13202]  right[p=3.043 near=0 v=5585]
[robot_supervisor-16] [INFO] [1777470343.816753489] [robot_3.robot_supervisor]: Detected zone changed to CORNER
[image_processor-25] [INFO] [1777470343.830546868] [robot_4.image_processor]: Zone=CLEAR
[image_processor-23] [INFO] [1777470343.840996449] [robot_2.image_processor]: Zone=CORNER  left[p=0.437 near=7650 v=7650]  front[p=0.398 near=13500 v=13500]  right[p=0.373 near=7740 v=7740]
[robot_supervisor-13] [INFO] [1777470343.841702535] [robot_2.robot_supervisor]: Detected zone changed to CORNER
[image_processor-21] [INFO] [1777470343.855701140] [robot_0.image_processor]: Zone=CLEAR
[robot_supervisor-16] [INFO] [1777470343.864048917] [robot_3.robot_supervisor]: FULL ROTATE active (accum_rad=1.975, timed_fallback=False, stall_count=0)
[robot_supervisor-16] [INFO] [1777470343.964077860] [robot_3.robot_supervisor]: FULL ROTATE active (accum_rad=2.075, timed_fallback=False, stall_count=0)
[robot_supervisor-16] [INFO] [1777470344.064284787] [robot_3.robot_supervisor]: FULL ROTATE active (accum_rad=2.175, timed_fallback=False, stall_count=0)
[robot_supervisor-16] [INFO] [1777470344.164007632] [robot_3.robot_supervisor]: FULL ROTATE active (accum_rad=2.275, timed_fallback=False, stall_count=0)
[robot_supervisor-16] [INFO] [1777470344.264241229] [robot_3.robot_supervisor]: FULL ROTATE active (accum_rad=2.375, timed_fallback=False, stall_count=0)
[robot_supervisor-16] [INFO] [1777470344.364432652] [robot_3.robot_supervisor]: FULL ROTATE active (accum_rad=2.475, timed_fallback=False, stall_count=0)
[robot_supervisor-16] [INFO] [1777470344.464265054] [robot_3.robot_supervisor]: FULL ROTATE active (accum_rad=2.575, timed_fallback=False, stall_count=0)
[robot_supervisor-7] [INFO] [1777470344.520832471] [robot_0.robot_supervisor]: Selected controllable event: EV_move_forward
[robot_supervisor-16] [INFO] [1777470344.564189498] [robot_3.robot_supervisor]: FULL ROTATE active (accum_rad=2.675, timed_fallback=False, stall_count=0)
[robot_supervisor-19] [INFO] [1777470344.591290810] [robot_4.robot_supervisor]: Selected controllable event: EV_move_forward
[robot_supervisor-16] [INFO] [1777470344.664289288] [robot_3.robot_supervisor]: FULL ROTATE active (accum_rad=2.775, timed_fallback=False, stall_count=0)
[robot_supervisor-16] [INFO] [1777470344.764168951] [robot_3.robot_supervisor]: FULL ROTATE active (accum_rad=2.875, timed_fallback=False, stall_count=0)
[robot_supervisor-7] [INFO] [1777470344.820926814] [robot_0.robot_supervisor]: Selected controllable event: EV_random_walk
[robot_supervisor-16] [INFO] [1777470344.864276943] [robot_3.robot_supervisor]: FULL ROTATE active (accum_rad=2.975, timed_fallback=False, stall_count=0)
[robot_supervisor-19] [INFO] [1777470344.891319640] [robot_4.robot_supervisor]: Selected controllable event: EV_random_walk
[robot_supervisor-16] [INFO] [1777470344.964170630] [robot_3.robot_supervisor]: FULL ROTATE active (accum_rad=3.075, timed_fallback=False, stall_count=0)
[robot_supervisor-16] [INFO] [1777470344.964688562] [robot_3.robot_supervisor]: FULL ROTATE completed by odom (accum_rad=3.175)
[robot_supervisor-16] [INFO] [1777470344.965073327] [robot_3.robot_supervisor]: FULL ROTATE stopped; supervisor will select next event next tick
[robot_supervisor-19] [INFO] [1777470345.191314781] [robot_4.robot_supervisor]: Selected controllable event: EV_move_forward
[robot_supervisor-16] [INFO] [1777470345.264574150] [robot_3.robot_supervisor]: Selected controllable event: EV_move_backward
[robot_supervisor-19] [INFO] [1777470345.491325289] [robot_4.robot_supervisor]: Selected controllable event: EV_random_walk
[robot_supervisor-16] [INFO] [1777470345.664436557] [robot_3.robot_supervisor]: Selected controllable event: EV_rotate_clockwise
[robot_supervisor-13] [INFO] [1777470345.698531325] [robot_2.robot_supervisor]: Selected controllable event: EV_move_backward
[robot_supervisor-19] [INFO] [1777470345.791264619] [robot_4.robot_supervisor]: Selected controllable event: EV_move_forward
[robot_supervisor-10] [INFO] [1777470345.909471519] [robot_1.robot_supervisor]: Selected controllable event: EV_full_rotate
[robot_supervisor-10] [INFO] [1777470345.909892478] [robot_1.robot_supervisor]: Starting FULL ROTATE (omega=1.000, have_odom=True, target_rad=3.142, timeout_s=3.500)
[robot_supervisor-10] [INFO] [1777470346.009407415] [robot_1.robot_supervisor]: FULL ROTATE active (accum_rad=0.000, timed_fallback=False, stall_count=0)
[robot_supervisor-19] [INFO] [1777470346.091510384] [robot_4.robot_supervisor]: Selected controllable event: EV_random_walk
[robot_supervisor-13] [INFO] [1777470346.098535466] [robot_2.robot_supervisor]: Selected controllable event: EV_rotate_clockwise
[robot_supervisor-10] [INFO] [1777470346.109421281] [robot_1.robot_supervisor]: FULL ROTATE active (accum_rad=0.002, timed_fallback=False, stall_count=0)
[robot_supervisor-10] [INFO] [1777470346.209118873] [robot_1.robot_supervisor]: FULL ROTATE active (accum_rad=0.030, timed_fallback=False, stall_count=0)
[image_processor-22] [INFO] [1777470346.302727690] [robot_1.image_processor]: Zone=CORNER
[robot_supervisor-10] [INFO] [1777470346.309288058] [robot_1.robot_supervisor]: FULL ROTATE active (accum_rad=0.087, timed_fallback=False, stall_count=0)
[image_processor-24] [INFO] [1777470346.318661460] [robot_3.image_processor]: Zone=CORNER
[robot_supervisor-7] [INFO] [1777470346.321139738] [robot_0.robot_supervisor]: Selected controllable event: EV_move_forward
[image_processor-25] [INFO] [1777470346.336837166] [robot_4.image_processor]: Zone=CLEAR
[image_processor-23] [INFO] [1777470346.347008470] [robot_2.image_processor]: Zone=LEFT  left[p=0.487 near=6903 v=7650]  front[p=1.006 near=0 v=11957]  right[p=2.072 near=0 v=5922]
[robot_supervisor-13] [INFO] [1777470346.347702870] [robot_2.robot_supervisor]: Detected zone changed to LEFT
[robot_supervisor-19] [INFO] [1777470346.391297152] [robot_4.robot_supervisor]: Selected controllable event: EV_move_forward
[robot_supervisor-10] [INFO] [1777470346.409471565] [robot_1.robot_supervisor]: FULL ROTATE active (accum_rad=0.175, timed_fallback=False, stall_count=0)
[image_processor-21] [INFO] [1777470346.462078262] [robot_0.image_processor]: Zone=CLEAR
[robot_supervisor-10] [INFO] [1777470346.509240028] [robot_1.robot_supervisor]: FULL ROTATE active (accum_rad=0.275, timed_fallback=False, stall_count=0)
[robot_supervisor-10] [INFO] [1777470346.609447021] [robot_1.robot_supervisor]: FULL ROTATE active (accum_rad=0.375, timed_fallback=False, stall_count=0)
[robot_supervisor-7] [INFO] [1777470346.620846391] [robot_0.robot_supervisor]: Selected controllable event: EV_random_walk
[robot_supervisor-19] [INFO] [1777470346.691048286] [robot_4.robot_supervisor]: Selected controllable event: EV_random_walk
[robot_supervisor-10] [INFO] [1777470346.709394413] [robot_1.robot_supervisor]: FULL ROTATE active (accum_rad=0.475, timed_fallback=False, stall_count=0)
[robot_supervisor-10] [INFO] [1777470346.809487481] [robot_1.robot_supervisor]: FULL ROTATE active (accum_rad=0.575, timed_fallback=False, stall_count=0)
[robot_supervisor-10] [INFO] [1777470346.909419726] [robot_1.robot_supervisor]: FULL ROTATE active (accum_rad=0.675, timed_fallback=False, stall_count=0)
[robot_supervisor-10] [INFO] [1777470347.009283555] [robot_1.robot_supervisor]: FULL ROTATE active (accum_rad=0.775, timed_fallback=False, stall_count=0)
[robot_supervisor-10] [INFO] [1777470347.109206551] [robot_1.robot_supervisor]: FULL ROTATE active (accum_rad=0.875, timed_fallback=False, stall_count=0)
[robot_supervisor-10] [INFO] [1777470347.209482391] [robot_1.robot_supervisor]: FULL ROTATE active (accum_rad=0.975, timed_fallback=False, stall_count=0)
[robot_supervisor-10] [INFO] [1777470347.309450673] [robot_1.robot_supervisor]: FULL ROTATE active (accum_rad=1.075, timed_fallback=False, stall_count=0)
[robot_supervisor-10] [INFO] [1777470347.409354655] [robot_1.robot_supervisor]: FULL ROTATE active (accum_rad=1.175, timed_fallback=False, stall_count=0)
[robot_supervisor-10] [INFO] [1777470347.509494473] [robot_1.robot_supervisor]: FULL ROTATE active (accum_rad=1.275, timed_fallback=False, stall_count=0)
[robot_supervisor-10] [INFO] [1777470347.609469898] [robot_1.robot_supervisor]: FULL ROTATE active (accum_rad=1.375, timed_fallback=False, stall_count=0)
[robot_supervisor-10] [INFO] [1777470347.709369417] [robot_1.robot_supervisor]: FULL ROTATE active (accum_rad=1.475, timed_fallback=False, stall_count=0)
[robot_supervisor-10] [INFO] [1777470347.809474378] [robot_1.robot_supervisor]: FULL ROTATE active (accum_rad=1.575, timed_fallback=False, stall_count=0)
[robot_supervisor-16] [INFO] [1777470347.864341257] [robot_3.robot_supervisor]: Selected controllable event: EV_full_rotate
[robot_supervisor-16] [INFO] [1777470347.864710365] [robot_3.robot_supervisor]: Starting FULL ROTATE (omega=1.000, have_odom=True, target_rad=3.142, timeout_s=3.500)
[robot_supervisor-10] [INFO] [1777470347.909748090] [robot_1.robot_supervisor]: FULL ROTATE active (accum_rad=1.675, timed_fallback=False, stall_count=0)
[robot_supervisor-16] [INFO] [1777470347.963991343] [robot_3.robot_supervisor]: FULL ROTATE active (accum_rad=0.000, timed_fallback=False, stall_count=0)
[robot_supervisor-10] [INFO] [1777470348.009377414] [robot_1.robot_supervisor]: FULL ROTATE active (accum_rad=1.775, timed_fallback=False, stall_count=0)
[robot_supervisor-16] [INFO] [1777470348.064440794] [robot_3.robot_supervisor]: FULL ROTATE active (accum_rad=0.008, timed_fallback=False, stall_count=0)
[robot_supervisor-10] [INFO] [1777470348.109272378] [robot_1.robot_supervisor]: FULL ROTATE active (accum_rad=1.875, timed_fallback=False, stall_count=0)
[robot_supervisor-7] [INFO] [1777470348.120781983] [robot_0.robot_supervisor]: Selected controllable event: EV_move_forward
[robot_supervisor-16] [INFO] [1777470348.164170575] [robot_3.robot_supervisor]: FULL ROTATE active (accum_rad=0.046, timed_fallback=False, stall_count=0)
[robot_supervisor-19] [INFO] [1777470348.191474333] [robot_4.robot_supervisor]: Selected controllable event: EV_move_forward
[robot_supervisor-10] [INFO] [1777470348.209456073] [robot_1.robot_supervisor]: FULL ROTATE active (accum_rad=1.975, timed_fallback=False, stall_count=0)
[robot_supervisor-16] [INFO] [1777470348.264226480] [robot_3.robot_supervisor]: FULL ROTATE active (accum_rad=0.113, timed_fallback=False, stall_count=0)
[robot_supervisor-13] [INFO] [1777470348.298697528] [robot_2.robot_supervisor]: Selected controllable event: EV_full_rotate
[robot_supervisor-13] [INFO] [1777470348.299127311] [robot_2.robot_supervisor]: Starting FULL ROTATE (omega=1.000, have_odom=True, target_rad=3.142, timeout_s=3.500)
[robot_supervisor-10] [INFO] [1777470348.309255163] [robot_1.robot_supervisor]: FULL ROTATE active (accum_rad=2.075, timed_fallback=False, stall_count=0)
[robot_supervisor-16] [INFO] [1777470348.364322360] [robot_3.robot_supervisor]: FULL ROTATE active (accum_rad=0.208, timed_fallback=False, stall_count=0)
[robot_supervisor-13] [INFO] [1777470348.398535883] [robot_2.robot_supervisor]: FULL ROTATE active (accum_rad=0.000, timed_fallback=False, stall_count=0)
[robot_supervisor-10] [INFO] [1777470348.409709359] [robot_1.robot_supervisor]: FULL ROTATE active (accum_rad=2.175, timed_fallback=False, stall_count=0)
[robot_supervisor-7] [INFO] [1777470348.420660408] [robot_0.robot_supervisor]: Selected controllable event: EV_random_walk
[robot_supervisor-16] [INFO] [1777470348.464016575] [robot_3.robot_supervisor]: FULL ROTATE active (accum_rad=0.308, timed_fallback=False, stall_count=0)
[robot_supervisor-19] [INFO] [1777470348.491558762] [robot_4.robot_supervisor]: Selected controllable event: EV_random_walk
[robot_supervisor-13] [INFO] [1777470348.498553167] [robot_2.robot_supervisor]: FULL ROTATE active (accum_rad=0.011, timed_fallback=False, stall_count=0)
[robot_supervisor-10] [INFO] [1777470348.509211321] [robot_1.robot_supervisor]: FULL ROTATE active (accum_rad=2.275, timed_fallback=False, stall_count=0)
[robot_supervisor-16] [INFO] [1777470348.564075071] [robot_3.robot_supervisor]: FULL ROTATE active (accum_rad=0.408, timed_fallback=False, stall_count=0)
[robot_supervisor-13] [INFO] [1777470348.598522932] [robot_2.robot_supervisor]: FULL ROTATE active (accum_rad=0.051, timed_fallback=False, stall_count=0)
[robot_supervisor-10] [INFO] [1777470348.609475511] [robot_1.robot_supervisor]: FULL ROTATE active (accum_rad=2.375, timed_fallback=False, stall_count=0)
[robot_supervisor-16] [INFO] [1777470348.664089903] [robot_3.robot_supervisor]: FULL ROTATE active (accum_rad=0.508, timed_fallback=False, stall_count=0)
[robot_supervisor-13] [INFO] [1777470348.698535385] [robot_2.robot_supervisor]: FULL ROTATE active (accum_rad=0.122, timed_fallback=False, stall_count=0)
[robot_supervisor-10] [INFO] [1777470348.709401188] [robot_1.robot_supervisor]: FULL ROTATE active (accum_rad=2.475, timed_fallback=False, stall_count=0)
[robot_supervisor-16] [INFO] [1777470348.764049789] [robot_3.robot_supervisor]: FULL ROTATE active (accum_rad=0.608, timed_fallback=False, stall_count=0)
[robot_supervisor-19] [INFO] [1777470348.791459723] [robot_4.robot_supervisor]: Selected controllable event: EV_move_forward
[robot_supervisor-13] [INFO] [1777470348.798522379] [robot_2.robot_supervisor]: FULL ROTATE active (accum_rad=0.218, timed_fallback=False, stall_count=0)
[image_processor-22] [INFO] [1777470348.806588458] [robot_1.image_processor]: Zone=CLEAR  left[p=1.042 near=0 v=4866]  front[p=2.760 near=0 v=9122]  right[p=0.848 near=299 v=7708]
[robot_supervisor-10] [INFO] [1777470348.807710855] [robot_1.robot_supervisor]: Detected zone changed to CLEAR
[robot_supervisor-10] [INFO] [1777470348.809301383] [robot_1.robot_supervisor]: FULL ROTATE active (accum_rad=2.575, timed_fallback=False, stall_count=0)
[image_processor-24] [INFO] [1777470348.820964807] [robot_3.image_processor]: Zone=CORNER
[image_processor-25] [INFO] [1777470348.840557684] [robot_4.image_processor]: Zone=CLEAR
[image_processor-23] [INFO] [1777470348.857557179] [robot_2.image_processor]: Zone=LEFT
[robot_supervisor-16] [INFO] [1777470348.864496699] [robot_3.robot_supervisor]: FULL ROTATE active (accum_rad=0.708, timed_fallback=False, stall_count=0)
[image_processor-21] [INFO] [1777470348.873421638] [robot_0.image_processor]: Zone=CLEAR
[robot_supervisor-13] [INFO] [1777470348.898569363] [robot_2.robot_supervisor]: FULL ROTATE active (accum_rad=0.318, timed_fallback=False, stall_count=0)
[robot_supervisor-10] [INFO] [1777470348.909242594] [robot_1.robot_supervisor]: FULL ROTATE active (accum_rad=2.675, timed_fallback=False, stall_count=0)
[robot_supervisor-16] [INFO] [1777470348.964619667] [robot_3.robot_supervisor]: FULL ROTATE active (accum_rad=0.808, timed_fallback=False, stall_count=0)
[robot_supervisor-13] [INFO] [1777470348.998593685] [robot_2.robot_supervisor]: FULL ROTATE active (accum_rad=0.418, timed_fallback=False, stall_count=0)
[robot_supervisor-10] [INFO] [1777470349.009252840] [robot_1.robot_supervisor]: FULL ROTATE active (accum_rad=2.775, timed_fallback=False, stall_count=0)
[robot_supervisor-16] [INFO] [1777470349.064520837] [robot_3.robot_supervisor]: FULL ROTATE active (accum_rad=0.908, timed_fallback=False, stall_count=0)
[robot_supervisor-19] [INFO] [1777470349.091266554] [robot_4.robot_supervisor]: Selected controllable event: EV_random_walk
[robot_supervisor-13] [INFO] [1777470349.098543563] [robot_2.robot_supervisor]: FULL ROTATE active (accum_rad=0.518, timed_fallback=False, stall_count=0)
[robot_supervisor-10] [INFO] [1777470349.109218178] [robot_1.robot_supervisor]: FULL ROTATE active (accum_rad=2.875, timed_fallback=False, stall_count=0)
[robot_supervisor-16] [INFO] [1777470349.164481425] [robot_3.robot_supervisor]: FULL ROTATE active (accum_rad=1.008, timed_fallback=False, stall_count=0)
[robot_supervisor-13] [INFO] [1777470349.198539087] [robot_2.robot_supervisor]: FULL ROTATE active (accum_rad=0.618, timed_fallback=False, stall_count=0)
[robot_supervisor-10] [INFO] [1777470349.209226761] [robot_1.robot_supervisor]: FULL ROTATE active (accum_rad=2.975, timed_fallback=False, stall_count=0)
[robot_supervisor-16] [INFO] [1777470349.264472337] [robot_3.robot_supervisor]: FULL ROTATE active (accum_rad=1.108, timed_fallback=False, stall_count=0)
[robot_supervisor-13] [INFO] [1777470349.298515258] [robot_2.robot_supervisor]: FULL ROTATE active (accum_rad=0.718, timed_fallback=False, stall_count=0)
[robot_supervisor-10] [INFO] [1777470349.309728888] [robot_1.robot_supervisor]: FULL ROTATE active (accum_rad=3.075, timed_fallback=False, stall_count=0)
[robot_supervisor-10] [INFO] [1777470349.310416189] [robot_1.robot_supervisor]: FULL ROTATE completed by odom (accum_rad=3.175)
[robot_supervisor-10] [INFO] [1777470349.310996868] [robot_1.robot_supervisor]: FULL ROTATE stopped; supervisor will select next event next tick
[robot_supervisor-16] [INFO] [1777470349.364514889] [robot_3.robot_supervisor]: FULL ROTATE active (accum_rad=1.208, timed_fallback=False, stall_count=0)
[robot_supervisor-19] [INFO] [1777470349.391256588] [robot_4.robot_supervisor]: Selected controllable event: EV_move_forward
[robot_supervisor-13] [INFO] [1777470349.398512814] [robot_2.robot_supervisor]: FULL ROTATE active (accum_rad=0.818, timed_fallback=False, stall_count=0)
[robot_supervisor-16] [INFO] [1777470349.464212679] [robot_3.robot_supervisor]: FULL ROTATE active (accum_rad=1.308, timed_fallback=False, stall_count=0)
[robot_supervisor-13] [INFO] [1777470349.498523040] [robot_2.robot_supervisor]: FULL ROTATE active (accum_rad=0.918, timed_fallback=False, stall_count=0)
[robot_supervisor-16] [INFO] [1777470349.564553039] [robot_3.robot_supervisor]: FULL ROTATE active (accum_rad=1.408, timed_fallback=False, stall_count=0)
[robot_supervisor-13] [INFO] [1777470349.598479006] [robot_2.robot_supervisor]: FULL ROTATE active (accum_rad=1.018, timed_fallback=False, stall_count=0)
[robot_supervisor-16] [INFO] [1777470349.664386183] [robot_3.robot_supervisor]: FULL ROTATE active (accum_rad=1.508, timed_fallback=False, stall_count=0)
[robot_supervisor-19] [INFO] [1777470349.691088307] [robot_4.robot_supervisor]: Selected controllable event: EV_random_walk
[robot_supervisor-13] [INFO] [1777470349.698493257] [robot_2.robot_supervisor]: FULL ROTATE active (accum_rad=1.118, timed_fallback=False, stall_count=0)
[robot_supervisor-10] [INFO] [1777470349.709405370] [robot_1.robot_supervisor]: Selected controllable event: EV_move_forward
[robot_supervisor-16] [INFO] [1777470349.764180435] [robot_3.robot_supervisor]: FULL ROTATE active (accum_rad=1.608, timed_fallback=False, stall_count=0)
[robot_supervisor-13] [INFO] [1777470349.798366762] [robot_2.robot_supervisor]: FULL ROTATE active (accum_rad=1.218, timed_fallback=False, stall_count=0)
[robot_supervisor-16] [INFO] [1777470349.864281015] [robot_3.robot_supervisor]: FULL ROTATE active (accum_rad=1.708, timed_fallback=False, stall_count=0)
[robot_supervisor-13] [INFO] [1777470349.898499923] [robot_2.robot_supervisor]: FULL ROTATE active (accum_rad=1.318, timed_fallback=False, stall_count=0)
[robot_supervisor-7] [INFO] [1777470349.921054522] [robot_0.robot_supervisor]: Selected controllable event: EV_move_forward
[robot_supervisor-16] [INFO] [1777470349.964151968] [robot_3.robot_supervisor]: FULL ROTATE active (accum_rad=1.808, timed_fallback=False, stall_count=0)
[robot_supervisor-19] [INFO] [1777470349.991287043] [robot_4.robot_supervisor]: Selected controllable event: EV_move_forward
[robot_supervisor-13] [INFO] [1777470349.998478169] [robot_2.robot_supervisor]: FULL ROTATE active (accum_rad=1.418, timed_fallback=False, stall_count=0)
[robot_supervisor-10] [INFO] [1777470350.009422882] [robot_1.robot_supervisor]: Selected controllable event: EV_random_walk
[robot_supervisor-16] [INFO] [1777470350.064364089] [robot_3.robot_supervisor]: FULL ROTATE active (accum_rad=1.908, timed_fallback=False, stall_count=0)
[robot_supervisor-13] [INFO] [1777470350.098551464] [robot_2.robot_supervisor]: FULL ROTATE active (accum_rad=1.518, timed_fallback=False, stall_count=0)
[robot_supervisor-16] [INFO] [1777470350.164358853] [robot_3.robot_supervisor]: FULL ROTATE active (accum_rad=2.008, timed_fallback=False, stall_count=0)
[robot_supervisor-13] [INFO] [1777470350.198626312] [robot_2.robot_supervisor]: FULL ROTATE active (accum_rad=1.618, timed_fallback=False, stall_count=0)
[robot_supervisor-7] [INFO] [1777470350.220677370] [robot_0.robot_supervisor]: Selected controllable event: EV_random_walk
[robot_supervisor-16] [INFO] [1777470350.264396475] [robot_3.robot_supervisor]: FULL ROTATE active (accum_rad=2.108, timed_fallback=False, stall_count=0)
[robot_supervisor-19] [INFO] [1777470350.291234455] [robot_4.robot_supervisor]: Selected controllable event: EV_random_walk
[robot_supervisor-13] [INFO] [1777470350.298403478] [robot_2.robot_supervisor]: FULL ROTATE active (accum_rad=1.718, timed_fallback=False, stall_count=0)
[robot_supervisor-10] [INFO] [1777470350.309627974] [robot_1.robot_supervisor]: Selected controllable event: EV_move_forward
[robot_supervisor-16] [INFO] [1777470350.364436669] [robot_3.robot_supervisor]: FULL ROTATE active (accum_rad=2.208, timed_fallback=False, stall_count=0)
[robot_supervisor-13] [INFO] [1777470350.398629203] [robot_2.robot_supervisor]: FULL ROTATE active (accum_rad=1.818, timed_fallback=False, stall_count=0)
[robot_supervisor-16] [INFO] [1777470350.464131480] [robot_3.robot_supervisor]: FULL ROTATE active (accum_rad=2.308, timed_fallback=False, stall_count=0)
[robot_supervisor-13] [INFO] [1777470350.498762852] [robot_2.robot_supervisor]: FULL ROTATE active (accum_rad=1.918, timed_fallback=False, stall_count=0)
[robot_supervisor-7] [INFO] [1777470350.520751147] [robot_0.robot_supervisor]: Selected controllable event: EV_move_forward
[robot_supervisor-16] [INFO] [1777470350.564162940] [robot_3.robot_supervisor]: FULL ROTATE active (accum_rad=2.408, timed_fallback=False, stall_count=0)
[robot_supervisor-19] [INFO] [1777470350.591166747] [robot_4.robot_supervisor]: Selected controllable event: EV_move_forward
[robot_supervisor-13] [INFO] [1777470350.598630050] [robot_2.robot_supervisor]: FULL ROTATE active (accum_rad=2.018, timed_fallback=False, stall_count=0)
[robot_supervisor-10] [INFO] [1777470350.609413364] [robot_1.robot_supervisor]: Selected controllable event: EV_random_walk
[robot_supervisor-16] [INFO] [1777470350.664431332] [robot_3.robot_supervisor]: FULL ROTATE active (accum_rad=2.508, timed_fallback=False, stall_count=0)
[robot_supervisor-13] [INFO] [1777470350.698719090] [robot_2.robot_supervisor]: FULL ROTATE active (accum_rad=2.118, timed_fallback=False, stall_count=0)
[robot_supervisor-16] [INFO] [1777470350.764283785] [robot_3.robot_supervisor]: FULL ROTATE active (accum_rad=2.608, timed_fallback=False, stall_count=0)
[robot_supervisor-13] [INFO] [1777470350.798380223] [robot_2.robot_supervisor]: FULL ROTATE active (accum_rad=2.218, timed_fallback=False, stall_count=0)
[robot_supervisor-7] [INFO] [1777470350.821137147] [robot_0.robot_supervisor]: Selected controllable event: EV_random_walk
[robot_supervisor-16] [INFO] [1777470350.864140581] [robot_3.robot_supervisor]: FULL ROTATE active (accum_rad=2.708, timed_fallback=False, stall_count=0)
[robot_supervisor-19] [INFO] [1777470350.891215570] [robot_4.robot_supervisor]: Selected controllable event: EV_random_walk
[robot_supervisor-13] [INFO] [1777470350.898384855] [robot_2.robot_supervisor]: FULL ROTATE active (accum_rad=2.318, timed_fallback=False, stall_count=0)
[robot_supervisor-10] [INFO] [1777470350.909585530] [robot_1.robot_supervisor]: Selected controllable event: EV_move_forward
[robot_supervisor-16] [INFO] [1777470350.964233432] [robot_3.robot_supervisor]: FULL ROTATE active (accum_rad=2.808, timed_fallback=False, stall_count=0)
[robot_supervisor-13] [INFO] [1777470350.998482603] [robot_2.robot_supervisor]: FULL ROTATE active (accum_rad=2.418, timed_fallback=False, stall_count=0)
[robot_supervisor-16] [INFO] [1777470351.064254695] [robot_3.robot_supervisor]: FULL ROTATE active (accum_rad=2.908, timed_fallback=False, stall_count=0)
[robot_supervisor-13] [INFO] [1777470351.098559442] [robot_2.robot_supervisor]: FULL ROTATE active (accum_rad=2.518, timed_fallback=False, stall_count=0)
[robot_supervisor-7] [INFO] [1777470351.120800167] [robot_0.robot_supervisor]: Selected controllable event: EV_move_forward
[robot_supervisor-16] [INFO] [1777470351.164183660] [robot_3.robot_supervisor]: FULL ROTATE active (accum_rad=3.008, timed_fallback=False, stall_count=0)
[robot_supervisor-19] [INFO] [1777470351.191354531] [robot_4.robot_supervisor]: Selected controllable event: EV_move_forward
[robot_supervisor-13] [INFO] [1777470351.198499389] [robot_2.robot_supervisor]: FULL ROTATE active (accum_rad=2.618, timed_fallback=False, stall_count=0)
[robot_supervisor-10] [INFO] [1777470351.209504464] [robot_1.robot_supervisor]: Selected controllable event: EV_random_walk
[robot_supervisor-16] [INFO] [1777470351.264212237] [robot_3.robot_supervisor]: FULL ROTATE active (accum_rad=3.108, timed_fallback=False, stall_count=0)
[robot_supervisor-16] [INFO] [1777470351.264703823] [robot_3.robot_supervisor]: FULL ROTATE completed by odom (accum_rad=3.208)
[robot_supervisor-16] [INFO] [1777470351.265119904] [robot_3.robot_supervisor]: FULL ROTATE stopped; supervisor will select next event next tick
[robot_supervisor-13] [INFO] [1777470351.298539378] [robot_2.robot_supervisor]: FULL ROTATE active (accum_rad=2.718, timed_fallback=False, stall_count=0)
[image_processor-22] [INFO] [1777470351.306532059] [robot_1.image_processor]: Zone=CLEAR
[image_processor-24] [INFO] [1777470351.318776146] [robot_3.image_processor]: Zone=CLEAR  left[p=1.046 near=0 v=7650]  front[p=1.386 near=0 v=13500]  right[p=1.478 near=0 v=7740]
[robot_supervisor-16] [INFO] [1777470351.319524188] [robot_3.robot_supervisor]: Detected zone changed to CLEAR
[image_processor-25] [INFO] [1777470351.337216905] [robot_4.image_processor]: Zone=CLEAR
[image_processor-23] [INFO] [1777470351.349316961] [robot_2.image_processor]: Zone=CORNER  left[p=0.327 near=7650 v=7650]  front[p=0.406 near=13500 v=13500]  right[p=0.643 near=4907 v=7740]
[robot_supervisor-13] [INFO] [1777470351.350025123] [robot_2.robot_supervisor]: Detected zone changed to CORNER
[image_processor-21] [INFO] [1777470351.364936357] [robot_0.image_processor]: Zone=CLEAR
[robot_supervisor-13] [INFO] [1777470351.398516080] [robot_2.robot_supervisor]: FULL ROTATE active (accum_rad=2.818, timed_fallback=False, stall_count=0)
[robot_supervisor-7] [INFO] [1777470351.420602272] [robot_0.robot_supervisor]: Selected controllable event: EV_random_walk
[robot_supervisor-19] [INFO] [1777470351.491207068] [robot_4.robot_supervisor]: Selected controllable event: EV_random_walk
[robot_supervisor-13] [INFO] [1777470351.498487843] [robot_2.robot_supervisor]: FULL ROTATE active (accum_rad=2.918, timed_fallback=False, stall_count=0)
[robot_supervisor-10] [INFO] [1777470351.509400058] [robot_1.robot_supervisor]: Selected controllable event: EV_move_forward
[robot_supervisor-16] [INFO] [1777470351.564320807] [robot_3.robot_supervisor]: Selected controllable event: EV_move_forward
[robot_supervisor-13] [INFO] [1777470351.598358279] [robot_2.robot_supervisor]: FULL ROTATE active (accum_rad=3.018, timed_fallback=False, stall_count=0)
[robot_supervisor-13] [INFO] [1777470351.698514911] [robot_2.robot_supervisor]: FULL ROTATE active (accum_rad=3.118, timed_fallback=False, stall_count=0)
[robot_supervisor-13] [INFO] [1777470351.698840513] [robot_2.robot_supervisor]: FULL ROTATE completed by odom (accum_rad=3.218)
[robot_supervisor-13] [INFO] [1777470351.699060903] [robot_2.robot_supervisor]: FULL ROTATE stopped; supervisor will select next event next tick
[robot_supervisor-7] [INFO] [1777470351.720520387] [robot_0.robot_supervisor]: Selected controllable event: EV_move_forward
[robot_supervisor-10] [INFO] [1777470351.809494936] [robot_1.robot_supervisor]: Selected controllable event: EV_random_walk
[robot_supervisor-16] [INFO] [1777470351.864113392] [robot_3.robot_supervisor]: Selected controllable event: EV_random_walk
[robot_supervisor-7] [INFO] [1777470352.020732601] [robot_0.robot_supervisor]: Selected controllable event: EV_random_walk
[robot_supervisor-13] [INFO] [1777470352.098673424] [robot_2.robot_supervisor]: Selected controllable event: EV_move_backward
[robot_supervisor-10] [INFO] [1777470352.109695246] [robot_1.robot_supervisor]: Selected controllable event: EV_move_forward
[robot_supervisor-16] [INFO] [1777470352.164277830] [robot_3.robot_supervisor]: Selected controllable event: EV_move_forward
[robot_supervisor-7] [INFO] [1777470352.320818412] [robot_0.robot_supervisor]: Selected controllable event: EV_move_forward
[robot_supervisor-10] [INFO] [1777470352.409235691] [robot_1.robot_supervisor]: Selected controllable event: EV_random_walk
[robot_supervisor-16] [INFO] [1777470352.464339291] [robot_3.robot_supervisor]: Selected controllable event: EV_random_walk
[robot_supervisor-13] [INFO] [1777470352.498595151] [robot_2.robot_supervisor]: Selected controllable event: EV_rotate_clockwise
[robot_supervisor-7] [INFO] [1777470352.620698519] [robot_0.robot_supervisor]: Selected controllable event: EV_random_walk
[robot_supervisor-10] [INFO] [1777470352.709483824] [robot_1.robot_supervisor]: Selected controllable event: EV_move_forward
[robot_supervisor-16] [INFO] [1777470352.764322656] [robot_3.robot_supervisor]: Selected controllable event: EV_move_forward
[robot_supervisor-7] [INFO] [1777470352.920849997] [robot_0.robot_supervisor]: Selected controllable event: EV_move_forward
[robot_supervisor-19] [INFO] [1777470352.991374630] [robot_4.robot_supervisor]: Selected controllable event: EV_move_forward
[robot_supervisor-10] [INFO] [1777470353.009474164] [robot_1.robot_supervisor]: Selected controllable event: EV_random_walk
[bump_counter-3] [INFO] [1777470353.039498407] [bump_counter]: [global] bump #7 (robot) with: robot_1<->robot_3
[robot_supervisor-16] [INFO] [1777470353.064330142] [robot_3.robot_supervisor]: Selected controllable event: EV_random_walk
[robot_supervisor-7] [INFO] [1777470353.221043282] [robot_0.robot_supervisor]: Selected controllable event: EV_random_walk
[robot_supervisor-19] [INFO] [1777470353.291106588] [robot_4.robot_supervisor]: Selected controllable event: EV_random_walk
[robot_supervisor-10] [INFO] [1777470353.309593660] [robot_1.robot_supervisor]: Selected controllable event: EV_move_forward
[robot_supervisor-16] [INFO] [1777470353.364264392] [robot_3.robot_supervisor]: Selected controllable event: EV_move_forward
[robot_supervisor-7] [INFO] [1777470353.520533482] [robot_0.robot_supervisor]: Selected controllable event: EV_move_forward
[robot_supervisor-19] [INFO] [1777470353.591339484] [robot_4.robot_supervisor]: Selected controllable event: EV_move_forward
[robot_supervisor-10] [INFO] [1777470353.609438041] [robot_1.robot_supervisor]: Selected controllable event: EV_random_walk
[robot_supervisor-16] [INFO] [1777470353.664270217] [robot_3.robot_supervisor]: Selected controllable event: EV_random_walk
[image_processor-22] [INFO] [1777470353.806452832] [robot_1.image_processor]: Zone=CORNER  left[p=0.823 near=150 v=6957]  front[p=0.307 near=1599 v=9105]  right[p=2.967 near=177 v=6784]
[robot_supervisor-10] [INFO] [1777470353.806899744] [robot_1.robot_supervisor]: Detected zone changed to CORNER
[image_processor-24] [INFO] [1777470353.818902671] [robot_3.image_processor]: Zone=CORNER  left[p=0.870 near=0 v=7650]  front[p=0.390 near=1623 v=13500]  right[p=1.299 near=202 v=7740]
[robot_supervisor-16] [INFO] [1777470353.819610369] [robot_3.robot_supervisor]: Detected zone changed to CORNER
[robot_supervisor-7] [INFO] [1777470353.821090008] [robot_0.robot_supervisor]: Selected controllable event: EV_random_walk
[image_processor-25] [INFO] [1777470353.827060775] [robot_4.image_processor]: Zone=CLEAR
[image_processor-23] [INFO] [1777470353.835230040] [robot_2.image_processor]: Zone=CORNER
[image_processor-21] [INFO] [1777470353.847898305] [robot_0.image_processor]: Zone=CLEAR
[robot_supervisor-19] [INFO] [1777470353.891315305] [robot_4.robot_supervisor]: Selected controllable event: EV_random_walk
[robot_supervisor-16] [INFO] [1777470353.964322604] [robot_3.robot_supervisor]: Selected controllable event: EV_move_backward
[robot_supervisor-7] [INFO] [1777470354.120621877] [robot_0.robot_supervisor]: Selected controllable event: EV_move_forward
[robot_supervisor-19] [INFO] [1777470354.191438582] [robot_4.robot_supervisor]: Selected controllable event: EV_move_forward
[robot_supervisor-16] [INFO] [1777470354.364337807] [robot_3.robot_supervisor]: Selected controllable event: EV_rotate_clockwise
[robot_supervisor-7] [INFO] [1777470354.420775988] [robot_0.robot_supervisor]: Selected controllable event: EV_random_walk
[robot_supervisor-19] [INFO] [1777470354.491419310] [robot_4.robot_supervisor]: Selected controllable event: EV_random_walk
[robot_supervisor-13] [INFO] [1777470354.698532879] [robot_2.robot_supervisor]: Selected controllable event: EV_full_rotate
[robot_supervisor-13] [INFO] [1777470354.698996980] [robot_2.robot_supervisor]: Starting FULL ROTATE (omega=1.000, have_odom=True, target_rad=3.142, timeout_s=3.500)
[robot_supervisor-19] [INFO] [1777470354.791535666] [robot_4.robot_supervisor]: Selected controllable event: EV_move_forward
[robot_supervisor-13] [INFO] [1777470354.798488333] [robot_2.robot_supervisor]: FULL ROTATE active (accum_rad=0.000, timed_fallback=False, stall_count=0)
[robot_supervisor-13] [INFO] [1777470354.898476345] [robot_2.robot_supervisor]: FULL ROTATE active (accum_rad=0.011, timed_fallback=False, stall_count=0)
[robot_supervisor-13] [INFO] [1777470354.998487772] [robot_2.robot_supervisor]: FULL ROTATE active (accum_rad=0.051, timed_fallback=False, stall_count=0)
[robot_supervisor-19] [INFO] [1777470355.091352869] [robot_4.robot_supervisor]: Selected controllable event: EV_random_walk
[robot_supervisor-13] [INFO] [1777470355.098522026] [robot_2.robot_supervisor]: FULL ROTATE active (accum_rad=0.122, timed_fallback=False, stall_count=0)
[robot_supervisor-10] [INFO] [1777470355.109615722] [robot_1.robot_supervisor]: Selected controllable event: EV_move_backward
[robot_supervisor-13] [INFO] [1777470355.198531135] [robot_2.robot_supervisor]: FULL ROTATE active (accum_rad=0.218, timed_fallback=False, stall_count=0)
[robot_supervisor-13] [INFO] [1777470355.298514838] [robot_2.robot_supervisor]: FULL ROTATE active (accum_rad=0.318, timed_fallback=False, stall_count=0)
[robot_supervisor-13] [INFO] [1777470355.398492590] [robot_2.robot_supervisor]: FULL ROTATE active (accum_rad=0.418, timed_fallback=False, stall_count=0)
[robot_supervisor-13] [INFO] [1777470355.498512994] [robot_2.robot_supervisor]: FULL ROTATE active (accum_rad=0.518, timed_fallback=False, stall_count=0)
[robot_supervisor-10] [INFO] [1777470355.509649826] [robot_1.robot_supervisor]: Selected controllable event: EV_rotate_clockwise
[robot_supervisor-13] [INFO] [1777470355.598314768] [robot_2.robot_supervisor]: FULL ROTATE active (accum_rad=0.618, timed_fallback=False, stall_count=0)
[robot_supervisor-13] [INFO] [1777470355.698477248] [robot_2.robot_supervisor]: FULL ROTATE active (accum_rad=0.718, timed_fallback=False, stall_count=0)
[robot_supervisor-13] [INFO] [1777470355.798336861] [robot_2.robot_supervisor]: FULL ROTATE active (accum_rad=0.818, timed_fallback=False, stall_count=0)
[robot_supervisor-13] [INFO] [1777470355.898272113] [robot_2.robot_supervisor]: FULL ROTATE active (accum_rad=0.918, timed_fallback=False, stall_count=0)
[robot_supervisor-7] [INFO] [1777470355.920874164] [robot_0.robot_supervisor]: Selected controllable event: EV_move_forward
[robot_supervisor-13] [INFO] [1777470355.998254270] [robot_2.robot_supervisor]: FULL ROTATE active (accum_rad=1.018, timed_fallback=False, stall_count=0)
[robot_supervisor-13] [INFO] [1777470356.098491708] [robot_2.robot_supervisor]: FULL ROTATE active (accum_rad=1.118, timed_fallback=False, stall_count=0)
[robot_supervisor-13] [INFO] [1777470356.198481511] [robot_2.robot_supervisor]: FULL ROTATE active (accum_rad=1.218, timed_fallback=False, stall_count=0)
[robot_supervisor-7] [INFO] [1777470356.221003886] [robot_0.robot_supervisor]: Selected controllable event: EV_random_walk
[robot_supervisor-13] [INFO] [1777470356.298436089] [robot_2.robot_supervisor]: FULL ROTATE active (accum_rad=1.318, timed_fallback=False, stall_count=0)
[image_processor-22] [INFO] [1777470356.303750695] [robot_1.image_processor]: Zone=LEFT  left[p=0.461 near=845 v=6260]  front[p=1.454 near=0 v=12340]  right[p=0.831 near=96 v=7740]
[robot_supervisor-10] [INFO] [1777470356.304323628] [robot_1.robot_supervisor]: Detected zone changed to LEFT
[image_processor-24] [INFO] [1777470356.320033795] [robot_3.image_processor]: Zone=LEFT  left[p=0.456 near=993 v=7650]  front[p=1.818 near=0 v=12933]  right[p=3.188 near=0 v=6223]
[robot_supervisor-16] [INFO] [1777470356.320807088] [robot_3.robot_supervisor]: Detected zone changed to LEFT
[image_processor-25] [INFO] [1777470356.328541207] [robot_4.image_processor]: Zone=CLEAR
[image_processor-23] [INFO] [1777470356.337539021] [robot_2.image_processor]: Zone=CORNER
[image_processor-21] [INFO] [1777470356.346769337] [robot_0.image_processor]: Zone=CLEAR
[robot_supervisor-13] [INFO] [1777470356.398541194] [robot_2.robot_supervisor]: FULL ROTATE active (accum_rad=1.418, timed_fallback=False, stall_count=0)
[robot_supervisor-16] [INFO] [1777470356.464306347] [robot_3.robot_supervisor]: Selected controllable event: EV_full_rotate
[robot_supervisor-16] [INFO] [1777470356.464732575] [robot_3.robot_supervisor]: Starting FULL ROTATE (omega=1.000, have_odom=True, target_rad=3.142, timeout_s=3.500)
[robot_supervisor-13] [INFO] [1777470356.498484867] [robot_2.robot_supervisor]: FULL ROTATE active (accum_rad=1.518, timed_fallback=False, stall_count=0)
[robot_supervisor-16] [INFO] [1777470356.564237102] [robot_3.robot_supervisor]: FULL ROTATE active (accum_rad=0.000, timed_fallback=False, stall_count=0)
[robot_supervisor-19] [INFO] [1777470356.591457745] [robot_4.robot_supervisor]: Selected controllable event: EV_move_forward
[robot_supervisor-13] [INFO] [1777470356.598470258] [robot_2.robot_supervisor]: FULL ROTATE active (accum_rad=1.618, timed_fallback=False, stall_count=0)
[robot_supervisor-16] [INFO] [1777470356.664426128] [robot_3.robot_supervisor]: FULL ROTATE active (accum_rad=0.002, timed_fallback=False, stall_count=0)
[robot_supervisor-13] [INFO] [1777470356.698642517] [robot_2.robot_supervisor]: FULL ROTATE active (accum_rad=1.718, timed_fallback=False, stall_count=0)
[robot_supervisor-16] [INFO] [1777470356.764181337] [robot_3.robot_supervisor]: FULL ROTATE active (accum_rad=0.030, timed_fallback=False, stall_count=0)
[robot_supervisor-13] [INFO] [1777470356.798685816] [robot_2.robot_supervisor]: FULL ROTATE active (accum_rad=1.818, timed_fallback=False, stall_count=0)
[robot_supervisor-16] [INFO] [1777470356.864499063] [robot_3.robot_supervisor]: FULL ROTATE active (accum_rad=0.087, timed_fallback=False, stall_count=0)
[robot_supervisor-19] [INFO] [1777470356.891287365] [robot_4.robot_supervisor]: Selected controllable event: EV_random_walk
[robot_supervisor-13] [INFO] [1777470356.898508394] [robot_2.robot_supervisor]: FULL ROTATE active (accum_rad=1.918, timed_fallback=False, stall_count=0)
[robot_supervisor-16] [INFO] [1777470356.964209314] [robot_3.robot_supervisor]: FULL ROTATE active (accum_rad=0.175, timed_fallback=False, stall_count=0)
[robot_supervisor-13] [INFO] [1777470356.998497357] [robot_2.robot_supervisor]: FULL ROTATE active (accum_rad=2.018, timed_fallback=False, stall_count=0)
[robot_supervisor-16] [INFO] [1777470357.064189928] [robot_3.robot_supervisor]: FULL ROTATE active (accum_rad=0.275, timed_fallback=False, stall_count=0)
[robot_supervisor-13] [INFO] [1777470357.098229006] [robot_2.robot_supervisor]: FULL ROTATE active (accum_rad=2.118, timed_fallback=False, stall_count=0)
[robot_supervisor-16] [INFO] [1777470357.164278172] [robot_3.robot_supervisor]: FULL ROTATE active (accum_rad=0.375, timed_fallback=False, stall_count=0)
[robot_supervisor-13] [INFO] [1777470357.198259098] [robot_2.robot_supervisor]: FULL ROTATE active (accum_rad=2.218, timed_fallback=False, stall_count=0)
[robot_supervisor-16] [INFO] [1777470357.264249769] [robot_3.robot_supervisor]: FULL ROTATE active (accum_rad=0.475, timed_fallback=False, stall_count=0)
[robot_supervisor-13] [INFO] [1777470357.298451787] [robot_2.robot_supervisor]: FULL ROTATE active (accum_rad=2.318, timed_fallback=False, stall_count=0)
[robot_supervisor-16] [INFO] [1777470357.364276237] [robot_3.robot_supervisor]: FULL ROTATE active (accum_rad=0.575, timed_fallback=False, stall_count=0)
[robot_supervisor-13] [INFO] [1777470357.398620816] [robot_2.robot_supervisor]: FULL ROTATE active (accum_rad=2.418, timed_fallback=False, stall_count=0)
[robot_supervisor-16] [INFO] [1777470357.464219791] [robot_3.robot_supervisor]: FULL ROTATE active (accum_rad=0.675, timed_fallback=False, stall_count=0)
[robot_supervisor-13] [INFO] [1777470357.498446615] [robot_2.robot_supervisor]: FULL ROTATE active (accum_rad=2.518, timed_fallback=False, stall_count=0)
[robot_supervisor-16] [INFO] [1777470357.564331248] [robot_3.robot_supervisor]: FULL ROTATE active (accum_rad=0.775, timed_fallback=False, stall_count=0)
[robot_supervisor-13] [INFO] [1777470357.598457876] [robot_2.robot_supervisor]: FULL ROTATE active (accum_rad=2.618, timed_fallback=False, stall_count=0)
[robot_supervisor-16] [INFO] [1777470357.664086581] [robot_3.robot_supervisor]: FULL ROTATE active (accum_rad=0.875, timed_fallback=False, stall_count=0)
[robot_supervisor-13] [INFO] [1777470357.698508700] [robot_2.robot_supervisor]: FULL ROTATE active (accum_rad=2.718, timed_fallback=False, stall_count=0)
[robot_supervisor-10] [INFO] [1777470357.709320330] [robot_1.robot_supervisor]: Selected controllable event: EV_full_rotate
[robot_supervisor-10] [INFO] [1777470357.709619975] [robot_1.robot_supervisor]: Starting FULL ROTATE (omega=1.000, have_odom=True, target_rad=3.142, timeout_s=3.500)
[robot_supervisor-7] [INFO] [1777470357.720786427] [robot_0.robot_supervisor]: Selected controllable event: EV_move_forward
[robot_supervisor-16] [INFO] [1777470357.764189858] [robot_3.robot_supervisor]: FULL ROTATE active (accum_rad=0.975, timed_fallback=False, stall_count=0)
[robot_supervisor-13] [INFO] [1777470357.798493497] [robot_2.robot_supervisor]: FULL ROTATE active (accum_rad=2.818, timed_fallback=False, stall_count=0)
[robot_supervisor-10] [INFO] [1777470357.809453031] [robot_1.robot_supervisor]: FULL ROTATE active (accum_rad=0.000, timed_fallback=False, stall_count=0)
[robot_supervisor-16] [INFO] [1777470357.864258132] [robot_3.robot_supervisor]: FULL ROTATE active (accum_rad=1.075, timed_fallback=False, stall_count=0)
[robot_supervisor-13] [INFO] [1777470357.898677698] [robot_2.robot_supervisor]: FULL ROTATE active (accum_rad=2.918, timed_fallback=False, stall_count=0)
[robot_supervisor-10] [INFO] [1777470357.909420645] [robot_1.robot_supervisor]: FULL ROTATE active (accum_rad=0.008, timed_fallback=False, stall_count=0)
[robot_supervisor-16] [INFO] [1777470357.964229801] [robot_3.robot_supervisor]: FULL ROTATE active (accum_rad=1.175, timed_fallback=False, stall_count=0)
[robot_supervisor-13] [INFO] [1777470357.998549646] [robot_2.robot_supervisor]: FULL ROTATE active (accum_rad=3.018, timed_fallback=False, stall_count=0)
[robot_supervisor-10] [INFO] [1777470358.009571152] [robot_1.robot_supervisor]: FULL ROTATE active (accum_rad=0.046, timed_fallback=False, stall_count=0)
[robot_supervisor-7] [INFO] [1777470358.021117551] [robot_0.robot_supervisor]: Selected controllable event: EV_random_walk
[robot_supervisor-16] [INFO] [1777470358.064191313] [robot_3.robot_supervisor]: FULL ROTATE active (accum_rad=1.275, timed_fallback=False, stall_count=0)
[robot_supervisor-13] [INFO] [1777470358.098319912] [robot_2.robot_supervisor]: FULL ROTATE active (accum_rad=3.118, timed_fallback=False, stall_count=0)
[robot_supervisor-13] [INFO] [1777470358.098628684] [robot_2.robot_supervisor]: FULL ROTATE completed by odom (accum_rad=3.218)
[robot_supervisor-13] [INFO] [1777470358.098864598] [robot_2.robot_supervisor]: FULL ROTATE stopped; supervisor will select next event next tick
[robot_supervisor-10] [INFO] [1777470358.109475395] [robot_1.robot_supervisor]: FULL ROTATE active (accum_rad=0.113, timed_fallback=False, stall_count=0)
[robot_supervisor-16] [INFO] [1777470358.164260666] [robot_3.robot_supervisor]: FULL ROTATE active (accum_rad=1.375, timed_fallback=False, stall_count=0)
[robot_supervisor-10] [INFO] [1777470358.209393277] [robot_1.robot_supervisor]: FULL ROTATE active (accum_rad=0.208, timed_fallback=False, stall_count=0)
[robot_supervisor-16] [INFO] [1777470358.264259090] [robot_3.robot_supervisor]: FULL ROTATE active (accum_rad=1.475, timed_fallback=False, stall_count=0)
[robot_supervisor-10] [INFO] [1777470358.309511336] [robot_1.robot_supervisor]: FULL ROTATE active (accum_rad=0.308, timed_fallback=False, stall_count=0)
[robot_supervisor-16] [INFO] [1777470358.364281070] [robot_3.robot_supervisor]: FULL ROTATE active (accum_rad=1.575, timed_fallback=False, stall_count=0)
[robot_supervisor-19] [INFO] [1777470358.391519446] [robot_4.robot_supervisor]: Selected controllable event: EV_move_forward
[robot_supervisor-13] [INFO] [1777470358.398536767] [robot_2.robot_supervisor]: Selected controllable event: EV_move_backward
[robot_supervisor-10] [INFO] [1777470358.409542851] [robot_1.robot_supervisor]: FULL ROTATE active (accum_rad=0.408, timed_fallback=False, stall_count=0)
[bump_counter-3] [INFO] [1777470358.459405817] [bump_counter]: [global] bump #8 (robot) with: robot_1<->robot_3
[robot_supervisor-16] [INFO] [1777470358.464185630] [robot_3.robot_supervisor]: FULL ROTATE active (accum_rad=1.675, timed_fallback=False, stall_count=0)
[robot_supervisor-10] [INFO] [1777470358.509267703] [robot_1.robot_supervisor]: FULL ROTATE active (accum_rad=0.508, timed_fallback=False, stall_count=0)
[robot_supervisor-16] [INFO] [1777470358.564180083] [robot_3.robot_supervisor]: FULL ROTATE active (accum_rad=1.775, timed_fallback=False, stall_count=0)
[robot_supervisor-10] [INFO] [1777470358.609433751] [robot_1.robot_supervisor]: FULL ROTATE active (accum_rad=0.608, timed_fallback=False, stall_count=0)
[robot_supervisor-16] [INFO] [1777470358.664207214] [robot_3.robot_supervisor]: FULL ROTATE active (accum_rad=1.875, timed_fallback=False, stall_count=0)
[robot_supervisor-19] [INFO] [1777470358.691236385] [robot_4.robot_supervisor]: Selected controllable event: EV_random_walk
[robot_supervisor-10] [INFO] [1777470358.709421210] [robot_1.robot_supervisor]: FULL ROTATE active (accum_rad=0.708, timed_fallback=False, stall_count=0)
[robot_supervisor-16] [INFO] [1777470358.764056244] [robot_3.robot_supervisor]: FULL ROTATE active (accum_rad=1.975, timed_fallback=False, stall_count=0)
[robot_supervisor-13] [INFO] [1777470358.798722389] [robot_2.robot_supervisor]: Selected controllable event: EV_rotate_clockwise
[image_processor-22] [INFO] [1777470358.805482515] [robot_1.image_processor]: Zone=RIGHT  left[p=2.078 near=602 v=6368]  front[p=1.249 near=0 v=12892]  right[p=0.771 near=1546 v=7740]
[robot_supervisor-10] [INFO] [1777470358.806254932] [robot_1.robot_supervisor]: Detected zone changed to RIGHT
[robot_supervisor-10] [INFO] [1777470358.809279871] [robot_1.robot_supervisor]: FULL ROTATE active (accum_rad=0.808, timed_fallback=False, stall_count=0)
[image_processor-24] [INFO] [1777470358.814952307] [robot_3.image_processor]: Zone=LEFT
[image_processor-25] [INFO] [1777470358.823680443] [robot_4.image_processor]: Zone=CLEAR
[image_processor-23] [INFO] [1777470358.833818079] [robot_2.image_processor]: Zone=RIGHT  left[p=1.079 near=0 v=7650]  front[p=1.001 near=0 v=13500]  right[p=0.512 near=6143 v=7740]
[robot_supervisor-13] [INFO] [1777470358.834374394] [robot_2.robot_supervisor]: Detected zone changed to RIGHT
[image_processor-21] [INFO] [1777470358.844007287] [robot_0.image_processor]: Zone=CORNER  left[p=0.358 near=7650 v=7650]  front[p=0.373 near=13500 v=13500]  right[p=0.393 near=7740 v=7740]
[robot_supervisor-7] [INFO] [1777470358.844680409] [robot_0.robot_supervisor]: Detected zone changed to CORNER
[robot_supervisor-16] [INFO] [1777470358.864330387] [robot_3.robot_supervisor]: FULL ROTATE active (accum_rad=2.075, timed_fallback=False, stall_count=0)
[robot_supervisor-10] [INFO] [1777470358.909390380] [robot_1.robot_supervisor]: FULL ROTATE active (accum_rad=0.908, timed_fallback=False, stall_count=0)
[robot_supervisor-16] [INFO] [1777470358.964176303] [robot_3.robot_supervisor]: FULL ROTATE active (accum_rad=2.175, timed_fallback=False, stall_count=0)
[robot_supervisor-10] [INFO] [1777470359.009433882] [robot_1.robot_supervisor]: FULL ROTATE active (accum_rad=1.008, timed_fallback=False, stall_count=0)
[robot_supervisor-16] [INFO] [1777470359.064161706] [robot_3.robot_supervisor]: FULL ROTATE active (accum_rad=2.275, timed_fallback=False, stall_count=0)
[robot_supervisor-10] [INFO] [1777470359.109324310] [robot_1.robot_supervisor]: FULL ROTATE active (accum_rad=1.108, timed_fallback=False, stall_count=0)
[robot_supervisor-16] [INFO] [1777470359.164168879] [robot_3.robot_supervisor]: FULL ROTATE active (accum_rad=2.375, timed_fallback=False, stall_count=0)
[robot_supervisor-10] [INFO] [1777470359.209307557] [robot_1.robot_supervisor]: FULL ROTATE active (accum_rad=1.208, timed_fallback=False, stall_count=0)
[robot_supervisor-16] [INFO] [1777470359.264162996] [robot_3.robot_supervisor]: FULL ROTATE active (accum_rad=2.475, timed_fallback=False, stall_count=0)
[robot_supervisor-19] [INFO] [1777470359.291450022] [robot_4.robot_supervisor]: Selected controllable event: EV_move_forward
[robot_supervisor-10] [INFO] [1777470359.309682088] [robot_1.robot_supervisor]: FULL ROTATE active (accum_rad=1.308, timed_fallback=False, stall_count=0)
[robot_supervisor-16] [INFO] [1777470359.364242523] [robot_3.robot_supervisor]: FULL ROTATE active (accum_rad=2.575, timed_fallback=False, stall_count=0)
[robot_supervisor-10] [INFO] [1777470359.409707411] [robot_1.robot_supervisor]: FULL ROTATE active (accum_rad=1.408, timed_fallback=False, stall_count=0)
[robot_supervisor-16] [INFO] [1777470359.464161827] [robot_3.robot_supervisor]: FULL ROTATE active (accum_rad=2.675, timed_fallback=False, stall_count=0)
[robot_supervisor-10] [INFO] [1777470359.509630693] [robot_1.robot_supervisor]: FULL ROTATE active (accum_rad=1.508, timed_fallback=False, stall_count=0)
[robot_supervisor-7] [INFO] [1777470359.520797026] [robot_0.robot_supervisor]: Selected controllable event: EV_move_backward
[robot_supervisor-16] [INFO] [1777470359.564171498] [robot_3.robot_supervisor]: FULL ROTATE active (accum_rad=2.775, timed_fallback=False, stall_count=0)
[robot_supervisor-19] [INFO] [1777470359.591222243] [robot_4.robot_supervisor]: Selected controllable event: EV_random_walk
[robot_supervisor-10] [INFO] [1777470359.609575428] [robot_1.robot_supervisor]: FULL ROTATE active (accum_rad=1.608, timed_fallback=False, stall_count=0)
[robot_supervisor-16] [INFO] [1777470359.664168369] [robot_3.robot_supervisor]: FULL ROTATE active (accum_rad=2.875, timed_fallback=False, stall_count=0)
[robot_supervisor-10] [INFO] [1777470359.709353746] [robot_1.robot_supervisor]: FULL ROTATE active (accum_rad=1.708, timed_fallback=False, stall_count=0)
[robot_supervisor-16] [INFO] [1777470359.764188829] [robot_3.robot_supervisor]: FULL ROTATE active (accum_rad=2.975, timed_fallback=False, stall_count=0)
[robot_supervisor-10] [INFO] [1777470359.809478630] [robot_1.robot_supervisor]: FULL ROTATE active (accum_rad=1.808, timed_fallback=False, stall_count=0)
[robot_supervisor-16] [INFO] [1777470359.864038076] [robot_3.robot_supervisor]: FULL ROTATE active (accum_rad=3.075, timed_fallback=False, stall_count=0)
[robot_supervisor-16] [INFO] [1777470359.864309502] [robot_3.robot_supervisor]: FULL ROTATE completed by odom (accum_rad=3.175)
[robot_supervisor-16] [INFO] [1777470359.864495936] [robot_3.robot_supervisor]: FULL ROTATE stopped; supervisor will select next event next tick
[robot_supervisor-19] [INFO] [1777470359.891403163] [robot_4.robot_supervisor]: Selected controllable event: EV_move_forward
[robot_supervisor-10] [INFO] [1777470359.909482922] [robot_1.robot_supervisor]: FULL ROTATE active (accum_rad=1.908, timed_fallback=False, stall_count=0)
[robot_supervisor-7] [INFO] [1777470359.920863883] [robot_0.robot_supervisor]: Selected controllable event: EV_rotate_clockwise
[robot_supervisor-10] [INFO] [1777470360.009300014] [robot_1.robot_supervisor]: FULL ROTATE active (accum_rad=2.008, timed_fallback=False, stall_count=0)
[bump_counter-3] [INFO] [1777470360.108263628] [bump_counter]: [global] bump #9 (robot) with: robot_1<->robot_3
[robot_supervisor-10] [INFO] [1777470360.109394423] [robot_1.robot_supervisor]: FULL ROTATE active (accum_rad=2.108, timed_fallback=False, stall_count=0)
[robot_supervisor-19] [INFO] [1777470360.191311524] [robot_4.robot_supervisor]: Selected controllable event: EV_random_walk
[robot_supervisor-10] [INFO] [1777470360.209375775] [robot_1.robot_supervisor]: FULL ROTATE active (accum_rad=2.208, timed_fallback=False, stall_count=0)
[robot_supervisor-16] [INFO] [1777470360.264275312] [robot_3.robot_supervisor]: Selected controllable event: EV_rotate_clockwise
[robot_supervisor-10] [INFO] [1777470360.309477945] [robot_1.robot_supervisor]: FULL ROTATE active (accum_rad=2.308, timed_fallback=False, stall_count=0)
[robot_supervisor-10] [INFO] [1777470360.409423657] [robot_1.robot_supervisor]: FULL ROTATE active (accum_rad=2.408, timed_fallback=False, stall_count=0)
[robot_supervisor-10] [INFO] [1777470360.509443826] [robot_1.robot_supervisor]: FULL ROTATE active (accum_rad=2.508, timed_fallback=False, stall_count=0)
[robot_supervisor-10] [INFO] [1777470360.609265633] [robot_1.robot_supervisor]: FULL ROTATE active (accum_rad=2.608, timed_fallback=False, stall_count=0)
[robot_supervisor-10] [INFO] [1777470360.709409419] [robot_1.robot_supervisor]: FULL ROTATE active (accum_rad=2.708, timed_fallback=False, stall_count=0)
[robot_supervisor-10] [INFO] [1777470360.809364218] [robot_1.robot_supervisor]: FULL ROTATE active (accum_rad=2.808, timed_fallback=False, stall_count=0)
[robot_supervisor-10] [INFO] [1777470360.909739856] [robot_1.robot_supervisor]: FULL ROTATE active (accum_rad=2.908, timed_fallback=False, stall_count=0)
[robot_supervisor-13] [INFO] [1777470360.998408062] [robot_2.robot_supervisor]: Selected controllable event: EV_full_rotate
[robot_supervisor-13] [INFO] [1777470360.998629089] [robot_2.robot_supervisor]: Starting FULL ROTATE (omega=1.000, have_odom=True, target_rad=3.142, timeout_s=3.500)
[robot_supervisor-10] [INFO] [1777470361.009464529] [robot_1.robot_supervisor]: FULL ROTATE active (accum_rad=3.008, timed_fallback=False, stall_count=0)
[robot_supervisor-13] [INFO] [1777470361.098301520] [robot_2.robot_supervisor]: FULL ROTATE active (accum_rad=0.000, timed_fallback=False, stall_count=0)
[robot_supervisor-10] [INFO] [1777470361.109234874] [robot_1.robot_supervisor]: FULL ROTATE active (accum_rad=3.108, timed_fallback=False, stall_count=0)
[robot_supervisor-10] [INFO] [1777470361.109524911] [robot_1.robot_supervisor]: FULL ROTATE completed by odom (accum_rad=3.208)
[robot_supervisor-10] [INFO] [1777470361.109726189] [robot_1.robot_supervisor]: FULL ROTATE stopped; supervisor will select next event next tick
[robot_supervisor-13] [INFO] [1777470361.198382995] [robot_2.robot_supervisor]: FULL ROTATE active (accum_rad=0.011, timed_fallback=False, stall_count=0)
[robot_supervisor-13] [INFO] [1777470361.298541751] [robot_2.robot_supervisor]: FULL ROTATE active (accum_rad=0.051, timed_fallback=False, stall_count=0)
[image_processor-22] [INFO] [1777470361.309059489] [robot_1.image_processor]: Zone=RIGHT
[image_processor-24] [INFO] [1777470361.319035871] [robot_3.image_processor]: Zone=CLEAR  left[p=1.515 near=0 v=7650]  front[p=1.056 near=0 v=13500]  right[p=0.879 near=0 v=7740]
[robot_supervisor-16] [INFO] [1777470361.320043706] [robot_3.robot_supervisor]: Detected zone changed to CLEAR
[image_processor-25] [INFO] [1777470361.329580483] [robot_4.image_processor]: Zone=CLEAR
[image_processor-23] [INFO] [1777470361.340779705] [robot_2.image_processor]: Zone=CORNER  left[p=0.393 near=7650 v=7650]  front[p=0.399 near=13500 v=13500]  right[p=0.405 near=7740 v=7740]
[robot_supervisor-13] [INFO] [1777470361.341125600] [robot_2.robot_supervisor]: Detected zone changed to CORNER
[image_processor-21] [INFO] [1777470361.350867581] [robot_0.image_processor]: Zone=LEFT  left[p=0.379 near=7650 v=7650]  front[p=0.897 near=515 v=12311]  right[p=1.433 near=0 v=7015]
[robot_supervisor-7] [INFO] [1777470361.351316803] [robot_0.robot_supervisor]: Detected zone changed to LEFT
[robot_supervisor-13] [INFO] [1777470361.398506514] [robot_2.robot_supervisor]: FULL ROTATE active (accum_rad=0.122, timed_fallback=False, stall_count=0)
[robot_supervisor-10] [INFO] [1777470361.409541580] [robot_1.robot_supervisor]: Selected controllable event: EV_rotate_counterclockwise
[robot_supervisor-13] [INFO] [1777470361.498517843] [robot_2.robot_supervisor]: FULL ROTATE active (accum_rad=0.218, timed_fallback=False, stall_count=0)
[robot_supervisor-13] [INFO] [1777470361.598543491] [robot_2.robot_supervisor]: FULL ROTATE active (accum_rad=0.318, timed_fallback=False, stall_count=0)
[robot_supervisor-19] [INFO] [1777470361.691410125] [robot_4.robot_supervisor]: Selected controllable event: EV_move_forward
[robot_supervisor-13] [INFO] [1777470361.698407165] [robot_2.robot_supervisor]: FULL ROTATE active (accum_rad=0.418, timed_fallback=False, stall_count=0)
[robot_supervisor-13] [INFO] [1777470361.798414586] [robot_2.robot_supervisor]: FULL ROTATE active (accum_rad=0.518, timed_fallback=False, stall_count=0)
[robot_supervisor-13] [INFO] [1777470361.898383053] [robot_2.robot_supervisor]: FULL ROTATE active (accum_rad=0.618, timed_fallback=False, stall_count=0)
[robot_supervisor-19] [INFO] [1777470361.991618043] [robot_4.robot_supervisor]: Selected controllable event: EV_random_walk
[robot_supervisor-13] [INFO] [1777470361.998469992] [robot_2.robot_supervisor]: FULL ROTATE active (accum_rad=0.718, timed_fallback=False, stall_count=0)
[robot_supervisor-7] [INFO] [1777470362.020887282] [robot_0.robot_supervisor]: Selected controllable event: EV_full_rotate
[robot_supervisor-7] [INFO] [1777470362.021091812] [robot_0.robot_supervisor]: Starting FULL ROTATE (omega=1.000, have_odom=True, target_rad=3.142, timeout_s=3.500)
[robot_supervisor-13] [INFO] [1777470362.098566768] [robot_2.robot_supervisor]: FULL ROTATE active (accum_rad=0.818, timed_fallback=False, stall_count=0)
[robot_supervisor-7] [INFO] [1777470362.120913995] [robot_0.robot_supervisor]: FULL ROTATE active (accum_rad=0.000, timed_fallback=False, stall_count=0)
[robot_supervisor-13] [INFO] [1777470362.198289114] [robot_2.robot_supervisor]: FULL ROTATE active (accum_rad=0.918, timed_fallback=False, stall_count=0)
[robot_supervisor-7] [INFO] [1777470362.220812814] [robot_0.robot_supervisor]: FULL ROTATE active (accum_rad=0.005, timed_fallback=False, stall_count=0)
[robot_supervisor-19] [INFO] [1777470362.291543926] [robot_4.robot_supervisor]: Selected controllable event: EV_move_forward
[robot_supervisor-13] [INFO] [1777470362.298511962] [robot_2.robot_supervisor]: FULL ROTATE active (accum_rad=1.018, timed_fallback=False, stall_count=0)
[robot_supervisor-7] [INFO] [1777470362.320870231] [robot_0.robot_supervisor]: FULL ROTATE active (accum_rad=0.030, timed_fallback=False, stall_count=0)
[robot_supervisor-16] [INFO] [1777470362.364298810] [robot_3.robot_supervisor]: Selected controllable event: EV_move_forward
[robot_supervisor-13] [INFO] [1777470362.398291324] [robot_2.robot_supervisor]: FULL ROTATE active (accum_rad=1.118, timed_fallback=False, stall_count=0)
[robot_supervisor-7] [INFO] [1777470362.420497997] [robot_0.robot_supervisor]: FULL ROTATE active (accum_rad=0.084, timed_fallback=False, stall_count=0)
[robot_supervisor-13] [INFO] [1777470362.498317429] [robot_2.robot_supervisor]: FULL ROTATE active (accum_rad=1.218, timed_fallback=False, stall_count=0)
[robot_supervisor-7] [INFO] [1777470362.520872004] [robot_0.robot_supervisor]: FULL ROTATE active (accum_rad=0.169, timed_fallback=False, stall_count=0)
[robot_supervisor-19] [INFO] [1777470362.591246954] [robot_4.robot_supervisor]: Selected controllable event: EV_random_walk
[robot_supervisor-13] [INFO] [1777470362.598481129] [robot_2.robot_supervisor]: FULL ROTATE active (accum_rad=1.318, timed_fallback=False, stall_count=0)
[robot_supervisor-7] [INFO] [1777470362.620714185] [robot_0.robot_supervisor]: FULL ROTATE active (accum_rad=0.269, timed_fallback=False, stall_count=0)
[robot_supervisor-16] [INFO] [1777470362.664174173] [robot_3.robot_supervisor]: Selected controllable event: EV_random_walk
[robot_supervisor-13] [INFO] [1777470362.698370908] [robot_2.robot_supervisor]: FULL ROTATE active (accum_rad=1.418, timed_fallback=False, stall_count=0)
[robot_supervisor-7] [INFO] [1777470362.720690941] [robot_0.robot_supervisor]: FULL ROTATE active (accum_rad=0.369, timed_fallback=False, stall_count=0)
[robot_supervisor-13] [INFO] [1777470362.798491485] [robot_2.robot_supervisor]: FULL ROTATE active (accum_rad=1.518, timed_fallback=False, stall_count=0)
[robot_supervisor-7] [INFO] [1777470362.820589933] [robot_0.robot_supervisor]: FULL ROTATE active (accum_rad=0.469, timed_fallback=False, stall_count=0)
[robot_supervisor-13] [INFO] [1777470362.898478637] [robot_2.robot_supervisor]: FULL ROTATE active (accum_rad=1.618, timed_fallback=False, stall_count=0)
[robot_supervisor-7] [INFO] [1777470362.920750718] [robot_0.robot_supervisor]: FULL ROTATE active (accum_rad=0.569, timed_fallback=False, stall_count=0)
[robot_supervisor-16] [INFO] [1777470362.964237496] [robot_3.robot_supervisor]: Selected controllable event: EV_move_forward
[robot_supervisor-13] [INFO] [1777470362.998454905] [robot_2.robot_supervisor]: FULL ROTATE active (accum_rad=1.718, timed_fallback=False, stall_count=0)
[robot_supervisor-7] [INFO] [1777470363.020696909] [robot_0.robot_supervisor]: FULL ROTATE active (accum_rad=0.669, timed_fallback=False, stall_count=0)
[robot_supervisor-13] [INFO] [1777470363.098271477] [robot_2.robot_supervisor]: FULL ROTATE active (accum_rad=1.818, timed_fallback=False, stall_count=0)
[robot_supervisor-7] [INFO] [1777470363.120604749] [robot_0.robot_supervisor]: FULL ROTATE active (accum_rad=0.769, timed_fallback=False, stall_count=0)
[bump_counter-3] [INFO] [1777470363.148562512] [bump_counter]: [global] bump #10 (robot) with: robot_1<->robot_3
[robot_supervisor-13] [INFO] [1777470363.198279477] [robot_2.robot_supervisor]: FULL ROTATE active (accum_rad=1.918, timed_fallback=False, stall_count=0)
[robot_supervisor-7] [INFO] [1777470363.220840523] [robot_0.robot_supervisor]: FULL ROTATE active (accum_rad=0.869, timed_fallback=False, stall_count=0)
[robot_supervisor-16] [INFO] [1777470363.264038106] [robot_3.robot_supervisor]: Selected controllable event: EV_random_walk
[robot_supervisor-13] [INFO] [1777470363.298497198] [robot_2.robot_supervisor]: FULL ROTATE active (accum_rad=2.018, timed_fallback=False, stall_count=0)
[robot_supervisor-7] [INFO] [1777470363.320853618] [robot_0.robot_supervisor]: FULL ROTATE active (accum_rad=0.969, timed_fallback=False, stall_count=0)
[robot_supervisor-13] [INFO] [1777470363.398498663] [robot_2.robot_supervisor]: FULL ROTATE active (accum_rad=2.118, timed_fallback=False, stall_count=0)
[robot_supervisor-7] [INFO] [1777470363.420776470] [robot_0.robot_supervisor]: FULL ROTATE active (accum_rad=1.069, timed_fallback=False, stall_count=0)
[robot_supervisor-13] [INFO] [1777470363.498504071] [robot_2.robot_supervisor]: FULL ROTATE active (accum_rad=2.218, timed_fallback=False, stall_count=0)
[robot_supervisor-7] [INFO] [1777470363.520802569] [robot_0.robot_supervisor]: FULL ROTATE active (accum_rad=1.169, timed_fallback=False, stall_count=0)
[robot_supervisor-16] [INFO] [1777470363.564528049] [robot_3.robot_supervisor]: Selected controllable event: EV_move_forward
[robot_supervisor-13] [INFO] [1777470363.598692220] [robot_2.robot_supervisor]: FULL ROTATE active (accum_rad=2.318, timed_fallback=False, stall_count=0)
[robot_supervisor-10] [INFO] [1777470363.609799186] [robot_1.robot_supervisor]: Selected controllable event: EV_rotate_counterclockwise
[robot_supervisor-10] [INFO] [1777470363.610292750] [robot_1.robot_supervisor]: rotate_90 blocked by recent completion; stopping this tick
[robot_supervisor-7] [INFO] [1777470363.620748874] [robot_0.robot_supervisor]: FULL ROTATE active (accum_rad=1.269, timed_fallback=False, stall_count=0)
[robot_supervisor-13] [INFO] [1777470363.698457802] [robot_2.robot_supervisor]: FULL ROTATE active (accum_rad=2.418, timed_fallback=False, stall_count=0)
[robot_supervisor-10] [INFO] [1777470363.709512314] [robot_1.robot_supervisor]: Selected controllable event: EV_rotate_counterclockwise
[robot_supervisor-10] [INFO] [1777470363.709872386] [robot_1.robot_supervisor]: rotate_90 blocked by recent completion; stopping this tick
[robot_supervisor-7] [INFO] [1777470363.720604778] [robot_0.robot_supervisor]: FULL ROTATE active (accum_rad=1.369, timed_fallback=False, stall_count=0)
[robot_supervisor-13] [INFO] [1777470363.798400358] [robot_2.robot_supervisor]: FULL ROTATE active (accum_rad=2.518, timed_fallback=False, stall_count=0)
[image_processor-22] [INFO] [1777470363.802283394] [robot_1.image_processor]: Zone=RIGHT
[robot_supervisor-10] [INFO] [1777470363.809494119] [robot_1.robot_supervisor]: Selected controllable event: EV_rotate_counterclockwise
[image_processor-24] [INFO] [1777470363.812163486] [robot_3.image_processor]: Zone=CLEAR
[robot_supervisor-7] [INFO] [1777470363.820898976] [robot_0.robot_supervisor]: FULL ROTATE active (accum_rad=1.469, timed_fallback=False, stall_count=0)
[image_processor-25] [INFO] [1777470363.821537991] [robot_4.image_processor]: Zone=CLEAR
[image_processor-23] [INFO] [1777470363.835176516] [robot_2.image_processor]: Zone=CLEAR  left[p=2.235 near=0 v=5134]  front[p=1.134 near=0 v=12837]  right[p=0.819 near=354 v=7740]
[robot_supervisor-13] [INFO] [1777470363.835699832] [robot_2.robot_supervisor]: Detected zone changed to CLEAR
[image_processor-21] [INFO] [1777470363.843002472] [robot_0.image_processor]: Zone=CORNER  left[p=0.207 near=7650 v=7650]  front[p=0.278 near=13500 v=13500]  right[p=0.598 near=3600 v=7740]
[robot_supervisor-7] [INFO] [1777470363.843519389] [robot_0.robot_supervisor]: Detected zone changed to CORNER
[robot_supervisor-16] [INFO] [1777470363.864414023] [robot_3.robot_supervisor]: Selected controllable event: EV_random_walk
[robot_supervisor-13] [INFO] [1777470363.898336041] [robot_2.robot_supervisor]: FULL ROTATE active (accum_rad=2.618, timed_fallback=False, stall_count=0)
[robot_supervisor-7] [INFO] [1777470363.920705997] [robot_0.robot_supervisor]: FULL ROTATE active (accum_rad=1.569, timed_fallback=False, stall_count=0)
[robot_supervisor-13] [INFO] [1777470363.998461928] [robot_2.robot_supervisor]: FULL ROTATE active (accum_rad=2.718, timed_fallback=False, stall_count=0)
[robot_supervisor-7] [INFO] [1777470364.020766885] [robot_0.robot_supervisor]: FULL ROTATE active (accum_rad=1.669, timed_fallback=False, stall_count=0)
[robot_supervisor-19] [INFO] [1777470364.091508592] [robot_4.robot_supervisor]: Selected controllable event: EV_move_forward
[robot_supervisor-13] [INFO] [1777470364.098535626] [robot_2.robot_supervisor]: FULL ROTATE active (accum_rad=2.818, timed_fallback=False, stall_count=0)
[robot_supervisor-7] [INFO] [1777470364.120835461] [robot_0.robot_supervisor]: FULL ROTATE active (accum_rad=1.769, timed_fallback=False, stall_count=0)
[robot_supervisor-13] [INFO] [1777470364.198471716] [robot_2.robot_supervisor]: FULL ROTATE active (accum_rad=2.918, timed_fallback=False, stall_count=0)
[robot_supervisor-7] [INFO] [1777470364.220567235] [robot_0.robot_supervisor]: FULL ROTATE active (accum_rad=1.869, timed_fallback=False, stall_count=0)
[robot_supervisor-13] [INFO] [1777470364.298443019] [robot_2.robot_supervisor]: FULL ROTATE active (accum_rad=3.018, timed_fallback=False, stall_count=0)
[robot_supervisor-7] [INFO] [1777470364.320661092] [robot_0.robot_supervisor]: FULL ROTATE active (accum_rad=1.969, timed_fallback=False, stall_count=0)
[robot_supervisor-19] [INFO] [1777470364.391246750] [robot_4.robot_supervisor]: Selected controllable event: EV_random_walk
[robot_supervisor-13] [INFO] [1777470364.398492595] [robot_2.robot_supervisor]: FULL ROTATE active (accum_rad=3.118, timed_fallback=False, stall_count=0)
[robot_supervisor-13] [INFO] [1777470364.398874704] [robot_2.robot_supervisor]: FULL ROTATE completed by odom (accum_rad=3.218)
[robot_supervisor-13] [INFO] [1777470364.399163315] [robot_2.robot_supervisor]: FULL ROTATE stopped; supervisor will select next event next tick
[robot_supervisor-7] [INFO] [1777470364.420811621] [robot_0.robot_supervisor]: FULL ROTATE active (accum_rad=2.069, timed_fallback=False, stall_count=0)
[robot_supervisor-7] [INFO] [1777470364.520767270] [robot_0.robot_supervisor]: FULL ROTATE active (accum_rad=2.169, timed_fallback=False, stall_count=0)
[robot_supervisor-7] [INFO] [1777470364.620734991] [robot_0.robot_supervisor]: FULL ROTATE active (accum_rad=2.269, timed_fallback=False, stall_count=0)
[robot_supervisor-19] [INFO] [1777470364.691413320] [robot_4.robot_supervisor]: Selected controllable event: EV_move_forward
[robot_supervisor-7] [INFO] [1777470364.720843751] [robot_0.robot_supervisor]: FULL ROTATE active (accum_rad=2.369, timed_fallback=False, stall_count=0)
[robot_supervisor-13] [INFO] [1777470364.798502853] [robot_2.robot_supervisor]: Selected controllable event: EV_move_forward
[robot_supervisor-7] [INFO] [1777470364.820867356] [robot_0.robot_supervisor]: FULL ROTATE active (accum_rad=2.469, timed_fallback=False, stall_count=0)
[robot_supervisor-7] [INFO] [1777470364.920953280] [robot_0.robot_supervisor]: FULL ROTATE active (accum_rad=2.569, timed_fallback=False, stall_count=0)
[robot_supervisor-19] [INFO] [1777470364.991240773] [robot_4.robot_supervisor]: Selected controllable event: EV_random_walk
[robot_supervisor-7] [INFO] [1777470365.020538518] [robot_0.robot_supervisor]: FULL ROTATE active (accum_rad=2.669, timed_fallback=False, stall_count=0)
[robot_supervisor-13] [INFO] [1777470365.098823217] [robot_2.robot_supervisor]: Selected controllable event: EV_random_walk
[robot_supervisor-7] [INFO] [1777470365.121010561] [robot_0.robot_supervisor]: FULL ROTATE active (accum_rad=2.769, timed_fallback=False, stall_count=0)
[robot_supervisor-16] [INFO] [1777470365.164501238] [robot_3.robot_supervisor]: Selected controllable event: EV_move_forward
[robot_supervisor-7] [INFO] [1777470365.220750700] [robot_0.robot_supervisor]: FULL ROTATE active (accum_rad=2.869, timed_fallback=False, stall_count=0)
[robot_supervisor-19] [INFO] [1777470365.291329320] [robot_4.robot_supervisor]: Selected controllable event: EV_move_forward
[robot_supervisor-7] [INFO] [1777470365.321041171] [robot_0.robot_supervisor]: FULL ROTATE active (accum_rad=2.969, timed_fallback=False, stall_count=0)
[robot_supervisor-7] [INFO] [1777470365.420806327] [robot_0.robot_supervisor]: FULL ROTATE active (accum_rad=3.069, timed_fallback=False, stall_count=0)
[robot_supervisor-7] [INFO] [1777470365.421335383] [robot_0.robot_supervisor]: FULL ROTATE completed by odom (accum_rad=3.169)
[robot_supervisor-7] [INFO] [1777470365.421749202] [robot_0.robot_supervisor]: FULL ROTATE stopped; supervisor will select next event next tick
[robot_supervisor-16] [INFO] [1777470365.464119649] [robot_3.robot_supervisor]: Selected controllable event: EV_random_walk
[robot_supervisor-19] [INFO] [1777470365.591371655] [robot_4.robot_supervisor]: Selected controllable event: EV_random_walk
[robot_supervisor-16] [INFO] [1777470365.664025111] [robot_3.robot_supervisor]: Selected controllable event: EV_move_forward
[robot_supervisor-7] [INFO] [1777470365.820912371] [robot_0.robot_supervisor]: Selected controllable event: EV_move_backward
[robot_supervisor-19] [INFO] [1777470365.891422653] [robot_4.robot_supervisor]: Selected controllable event: EV_move_forward
[robot_supervisor-16] [INFO] [1777470365.964570852] [robot_3.robot_supervisor]: Selected controllable event: EV_random_walk
[robot_supervisor-10] [INFO] [1777470366.009476535] [robot_1.robot_supervisor]: Selected controllable event: EV_rotate_counterclockwise
[robot_supervisor-10] [INFO] [1777470366.009832679] [robot_1.robot_supervisor]: rotate_90 blocked by recent completion; stopping this tick
[robot_supervisor-10] [INFO] [1777470366.109211238] [robot_1.robot_supervisor]: Selected controllable event: EV_rotate_counterclockwise
[robot_supervisor-10] [INFO] [1777470366.109383170] [robot_1.robot_supervisor]: rotate_90 blocked by recent completion; stopping this tick
[robot_supervisor-19] [INFO] [1777470366.191321536] [robot_4.robot_supervisor]: Selected controllable event: EV_random_walk
[robot_supervisor-10] [INFO] [1777470366.209236776] [robot_1.robot_supervisor]: Selected controllable event: EV_rotate_counterclockwise
[robot_supervisor-7] [INFO] [1777470366.220854063] [robot_0.robot_supervisor]: Selected controllable event: EV_rotate_clockwise
[robot_supervisor-16] [INFO] [1777470366.264286583] [robot_3.robot_supervisor]: Selected controllable event: EV_move_forward
[image_processor-22] [INFO] [1777470366.305135336] [robot_1.image_processor]: Zone=RIGHT
[image_processor-24] [INFO] [1777470366.318953017] [robot_3.image_processor]: Zone=RIGHT  left[p=0.748 near=1768 v=7650]  front[p=1.441 near=536 v=13500]  right[p=0.390 near=1009 v=7740]
[robot_supervisor-16] [INFO] [1777470366.319555097] [robot_3.robot_supervisor]: Detected zone changed to RIGHT
[image_processor-25] [INFO] [1777470366.328560161] [robot_4.image_processor]: Zone=CLEAR
[image_processor-23] [INFO] [1777470366.346075646] [robot_2.image_processor]: Zone=CLEAR
[image_processor-21] [INFO] [1777470366.352524301] [robot_0.image_processor]: Zone=CORNER
[robot_supervisor-19] [INFO] [1777470366.491383128] [robot_4.robot_supervisor]: Selected controllable event: EV_move_forward
[robot_supervisor-16] [INFO] [1777470366.564228557] [robot_3.robot_supervisor]: Selected controllable event: EV_rotate_counterclockwise
[robot_supervisor-13] [INFO] [1777470366.598540184] [robot_2.robot_supervisor]: Selected controllable event: EV_move_forward
[robot_supervisor-19] [INFO] [1777470366.791313513] [robot_4.robot_supervisor]: Selected controllable event: EV_random_walk
[robot_supervisor-13] [INFO] [1777470366.898557680] [robot_2.robot_supervisor]: Selected controllable event: EV_random_walk
[robot_supervisor-19] [INFO] [1777470367.091310234] [robot_4.robot_supervisor]: Selected controllable event: EV_move_forward
[robot_supervisor-19] [INFO] [1777470367.391057472] [robot_4.robot_supervisor]: Selected controllable event: EV_random_walk
[robot_supervisor-10] [INFO] [1777470368.309567931] [robot_1.robot_supervisor]: Selected controllable event: EV_rotate_counterclockwise
[robot_supervisor-10] [INFO] [1777470368.310006039] [robot_1.robot_supervisor]: rotate_90 blocked by recent completion; stopping this tick
[robot_supervisor-7] [INFO] [1777470368.320630808] [robot_0.robot_supervisor]: Selected controllable event: EV_full_rotate
[robot_supervisor-7] [INFO] [1777470368.320853830] [robot_0.robot_supervisor]: Starting FULL ROTATE (omega=1.000, have_odom=True, target_rad=3.142, timeout_s=3.500)
[robot_supervisor-13] [INFO] [1777470368.398908328] [robot_2.robot_supervisor]: Selected controllable event: EV_move_forward
[robot_supervisor-10] [INFO] [1777470368.409468580] [robot_1.robot_supervisor]: Selected controllable event: EV_rotate_counterclockwise
[robot_supervisor-10] [INFO] [1777470368.409888007] [robot_1.robot_supervisor]: rotate_90 blocked by recent completion; stopping this tick
[robot_supervisor-7] [INFO] [1777470368.420760597] [robot_0.robot_supervisor]: FULL ROTATE active (accum_rad=0.000, timed_fallback=False, stall_count=0)
[robot_supervisor-10] [INFO] [1777470368.509543529] [robot_1.robot_supervisor]: Selected controllable event: EV_rotate_counterclockwise
[robot_supervisor-10] [INFO] [1777470368.509895256] [robot_1.robot_supervisor]: rotate_90 blocked by recent completion; stopping this tick
[robot_supervisor-7] [INFO] [1777470368.520558159] [robot_0.robot_supervisor]: FULL ROTATE active (accum_rad=0.005, timed_fallback=False, stall_count=0)
[robot_supervisor-10] [INFO] [1777470368.609324110] [robot_1.robot_supervisor]: Selected controllable event: EV_rotate_counterclockwise
[robot_supervisor-7] [INFO] [1777470368.620969120] [robot_0.robot_supervisor]: FULL ROTATE active (accum_rad=0.030, timed_fallback=False, stall_count=0)
[robot_supervisor-13] [INFO] [1777470368.698615633] [robot_2.robot_supervisor]: Selected controllable event: EV_random_walk
[robot_supervisor-7] [INFO] [1777470368.720777320] [robot_0.robot_supervisor]: FULL ROTATE active (accum_rad=0.084, timed_fallback=False, stall_count=0)
[robot_supervisor-16] [INFO] [1777470368.764469207] [robot_3.robot_supervisor]: Selected controllable event: EV_rotate_counterclockwise
[robot_supervisor-16] [INFO] [1777470368.764702362] [robot_3.robot_supervisor]: rotate_90 blocked by recent completion; stopping this tick
[image_processor-22] [INFO] [1777470368.807378227] [robot_1.image_processor]: Zone=RIGHT
[image_processor-24] [INFO] [1777470368.818132304] [robot_3.image_processor]: Zone=CORNER  left[p=0.672 near=7650 v=7650]  front[p=0.639 near=13500 v=13500]  right[p=0.614 near=7740 v=7740]
[robot_supervisor-16] [INFO] [1777470368.818642614] [robot_3.robot_supervisor]: Detected zone changed to CORNER
[robot_supervisor-7] [INFO] [1777470368.820860304] [robot_0.robot_supervisor]: FULL ROTATE active (accum_rad=0.169, timed_fallback=False, stall_count=0)
[robot_supervisor-16] [INFO] [1777470368.864338922] [robot_3.robot_supervisor]: Selected controllable event: EV_move_backward
[robot_supervisor-19] [INFO] [1777470368.891579235] [robot_4.robot_supervisor]: Selected controllable event: EV_move_forward
[robot_supervisor-7] [INFO] [1777470368.920765402] [robot_0.robot_supervisor]: FULL ROTATE active (accum_rad=0.269, timed_fallback=False, stall_count=0)
[image_processor-25] [INFO] [1777470368.928714304] [robot_4.image_processor]: Zone=CORNER  left[p=0.548 near=1873 v=7586]  front[p=0.512 near=10665 v=13500]  right[p=1.018 near=0 v=7740]
[robot_supervisor-19] [INFO] [1777470368.929688171] [robot_4.robot_supervisor]: Detected zone changed to CORNER
[image_processor-23] [INFO] [1777470368.942295525] [robot_2.image_processor]: Zone=CLEAR
[image_processor-21] [INFO] [1777470368.950130655] [robot_0.image_processor]: Zone=CORNER
[robot_supervisor-13] [INFO] [1777470368.998571939] [robot_2.robot_supervisor]: Selected controllable event: EV_move_forward
[robot_supervisor-7] [INFO] [1777470369.020735879] [robot_0.robot_supervisor]: FULL ROTATE active (accum_rad=0.369, timed_fallback=False, stall_count=0)
[robot_supervisor-7] [INFO] [1777470369.120847911] [robot_0.robot_supervisor]: FULL ROTATE active (accum_rad=0.469, timed_fallback=False, stall_count=0)
[robot_supervisor-19] [INFO] [1777470369.191505027] [robot_4.robot_supervisor]: Selected controllable event: EV_move_backward
[robot_supervisor-7] [INFO] [1777470369.220849090] [robot_0.robot_supervisor]: FULL ROTATE active (accum_rad=0.569, timed_fallback=False, stall_count=0)
[robot_supervisor-16] [INFO] [1777470369.264275944] [robot_3.robot_supervisor]: Selected controllable event: EV_rotate_clockwise
[robot_supervisor-13] [INFO] [1777470369.298603186] [robot_2.robot_supervisor]: Selected controllable event: EV_random_walk
[robot_supervisor-7] [INFO] [1777470369.320931399] [robot_0.robot_supervisor]: FULL ROTATE active (accum_rad=0.669, timed_fallback=False, stall_count=0)
[robot_supervisor-7] [INFO] [1777470369.420602329] [robot_0.robot_supervisor]: FULL ROTATE active (accum_rad=0.769, timed_fallback=False, stall_count=0)
[robot_supervisor-7] [INFO] [1777470369.520575863] [robot_0.robot_supervisor]: FULL ROTATE active (accum_rad=0.869, timed_fallback=False, stall_count=0)
[robot_supervisor-19] [INFO] [1777470369.591331480] [robot_4.robot_supervisor]: Selected controllable event: EV_rotate_clockwise
[robot_supervisor-13] [INFO] [1777470369.598620106] [robot_2.robot_supervisor]: Selected controllable event: EV_move_forward
[robot_supervisor-7] [INFO] [1777470369.620749248] [robot_0.robot_supervisor]: FULL ROTATE active (accum_rad=0.969, timed_fallback=False, stall_count=0)
[robot_supervisor-7] [INFO] [1777470369.720879695] [robot_0.robot_supervisor]: FULL ROTATE active (accum_rad=1.069, timed_fallback=False, stall_count=0)
[robot_supervisor-7] [INFO] [1777470369.820941377] [robot_0.robot_supervisor]: FULL ROTATE active (accum_rad=1.169, timed_fallback=False, stall_count=0)
[robot_supervisor-13] [INFO] [1777470369.898604970] [robot_2.robot_supervisor]: Selected controllable event: EV_random_walk
[robot_supervisor-7] [INFO] [1777470369.920658867] [robot_0.robot_supervisor]: FULL ROTATE active (accum_rad=1.269, timed_fallback=False, stall_count=0)
[robot_supervisor-7] [INFO] [1777470370.020523630] [robot_0.robot_supervisor]: FULL ROTATE active (accum_rad=1.369, timed_fallback=False, stall_count=0)
[robot_supervisor-7] [INFO] [1777470370.120910461] [robot_0.robot_supervisor]: FULL ROTATE active (accum_rad=1.469, timed_fallback=False, stall_count=0)
[robot_supervisor-13] [INFO] [1777470370.198567925] [robot_2.robot_supervisor]: Selected controllable event: EV_move_forward
[robot_supervisor-7] [INFO] [1777470370.220734283] [robot_0.robot_supervisor]: FULL ROTATE active (accum_rad=1.569, timed_fallback=False, stall_count=0)
[robot_supervisor-7] [INFO] [1777470370.320645945] [robot_0.robot_supervisor]: FULL ROTATE active (accum_rad=1.669, timed_fallback=False, stall_count=0)
[robot_supervisor-7] [INFO] [1777470370.420763867] [robot_0.robot_supervisor]: FULL ROTATE active (accum_rad=1.769, timed_fallback=False, stall_count=0)
[robot_supervisor-13] [INFO] [1777470370.498464721] [robot_2.robot_supervisor]: Selected controllable event: EV_random_walk
[robot_supervisor-7] [INFO] [1777470370.520661843] [robot_0.robot_supervisor]: FULL ROTATE active (accum_rad=1.869, timed_fallback=False, stall_count=0)
[robot_supervisor-7] [INFO] [1777470370.620610568] [robot_0.robot_supervisor]: FULL ROTATE active (accum_rad=1.969, timed_fallback=False, stall_count=0)
[robot_supervisor-10] [INFO] [1777470370.709573118] [robot_1.robot_supervisor]: Selected controllable event: EV_rotate_counterclockwise
[robot_supervisor-10] [INFO] [1777470370.710027695] [robot_1.robot_supervisor]: rotate_90 blocked by recent completion; stopping this tick
[robot_supervisor-7] [INFO] [1777470370.720793493] [robot_0.robot_supervisor]: FULL ROTATE active (accum_rad=2.069, timed_fallback=False, stall_count=0)
[robot_supervisor-13] [INFO] [1777470370.798963492] [robot_2.robot_supervisor]: Selected controllable event: EV_move_forward
[robot_supervisor-10] [INFO] [1777470370.809830944] [robot_1.robot_supervisor]: Selected controllable event: EV_rotate_counterclockwise
[robot_supervisor-10] [INFO] [1777470370.810337558] [robot_1.robot_supervisor]: rotate_90 blocked by recent completion; stopping this tick
[robot_supervisor-7] [INFO] [1777470370.820620544] [robot_0.robot_supervisor]: FULL ROTATE active (accum_rad=2.169, timed_fallback=False, stall_count=0)
[robot_supervisor-10] [INFO] [1777470370.909567681] [robot_1.robot_supervisor]: Selected controllable event: EV_rotate_counterclockwise
[robot_supervisor-10] [INFO] [1777470370.909966778] [robot_1.robot_supervisor]: rotate_90 blocked by recent completion; stopping this tick
[robot_supervisor-7] [INFO] [1777470370.920800078] [robot_0.robot_supervisor]: FULL ROTATE active (accum_rad=2.269, timed_fallback=False, stall_count=0)
[robot_supervisor-10] [INFO] [1777470371.009774210] [robot_1.robot_supervisor]: Selected controllable event: EV_rotate_counterclockwise
[robot_supervisor-7] [INFO] [1777470371.020761661] [robot_0.robot_supervisor]: FULL ROTATE active (accum_rad=2.369, timed_fallback=False, stall_count=0)
[robot_supervisor-13] [INFO] [1777470371.098478482] [robot_2.robot_supervisor]: Selected controllable event: EV_random_walk
[robot_supervisor-7] [INFO] [1777470371.120800322] [robot_0.robot_supervisor]: FULL ROTATE active (accum_rad=2.469, timed_fallback=False, stall_count=0)
[robot_supervisor-7] [INFO] [1777470371.220809286] [robot_0.robot_supervisor]: FULL ROTATE active (accum_rad=2.569, timed_fallback=False, stall_count=0)
[image_processor-22] [INFO] [1777470371.307963661] [robot_1.image_processor]: Zone=LEFT  left[p=0.647 near=4653 v=7650]  front[p=2.509 near=0 v=9754]  right[p=1.269 near=0 v=5124]
[robot_supervisor-10] [INFO] [1777470371.308916051] [robot_1.robot_supervisor]: Detected zone changed to LEFT
[robot_supervisor-7] [INFO] [1777470371.320851142] [robot_0.robot_supervisor]: FULL ROTATE active (accum_rad=2.669, timed_fallback=False, stall_count=0)
[image_processor-24] [INFO] [1777470371.320881134] [robot_3.image_processor]: Zone=CLEAR  left[p=0.811 near=573 v=7650]  front[p=1.374 near=1233 v=13500]  right[p=1.329 near=213 v=7740]
[robot_supervisor-16] [INFO] [1777470371.321615377] [robot_3.robot_supervisor]: Detected zone changed to CLEAR
[image_processor-25] [INFO] [1777470371.331806666] [robot_4.image_processor]: Zone=CLEAR  left[p=2.278 near=0 v=7650]  front[p=2.299 near=0 v=12053]  right[p=2.832 near=0 v=7356]
[robot_supervisor-19] [INFO] [1777470371.332328485] [robot_4.robot_supervisor]: Detected zone changed to CLEAR
[image_processor-23] [INFO] [1777470371.342866340] [robot_2.image_processor]: Zone=CLEAR
[image_processor-21] [INFO] [1777470371.358902109] [robot_0.image_processor]: Zone=RIGHT  left[p=2.823 near=0 v=6845]  front[p=1.821 near=0 v=13485]  right[p=0.589 near=3403 v=7740]
[robot_supervisor-7] [INFO] [1777470371.359669258] [robot_0.robot_supervisor]: Detected zone changed to RIGHT
[robot_supervisor-16] [INFO] [1777470371.364326587] [robot_3.robot_supervisor]: Selected controllable event: EV_full_rotate
[robot_supervisor-16] [INFO] [1777470371.364705061] [robot_3.robot_supervisor]: Starting FULL ROTATE (omega=1.000, have_odom=True, target_rad=3.142, timeout_s=3.500)
[robot_supervisor-7] [INFO] [1777470371.420756357] [robot_0.robot_supervisor]: FULL ROTATE active (accum_rad=2.769, timed_fallback=False, stall_count=0)
[robot_supervisor-16] [INFO] [1777470371.464216144] [robot_3.robot_supervisor]: FULL ROTATE active (accum_rad=0.000, timed_fallback=False, stall_count=0)
[robot_supervisor-7] [INFO] [1777470371.520620313] [robot_0.robot_supervisor]: FULL ROTATE active (accum_rad=2.869, timed_fallback=False, stall_count=0)
[robot_supervisor-16] [INFO] [1777470371.564223556] [robot_3.robot_supervisor]: FULL ROTATE active (accum_rad=0.002, timed_fallback=False, stall_count=0)
[robot_supervisor-7] [INFO] [1777470371.620774335] [robot_0.robot_supervisor]: FULL ROTATE active (accum_rad=2.969, timed_fallback=False, stall_count=0)
[robot_supervisor-16] [INFO] [1777470371.664283182] [robot_3.robot_supervisor]: FULL ROTATE active (accum_rad=0.030, timed_fallback=False, stall_count=0)
[robot_supervisor-7] [INFO] [1777470371.720742344] [robot_0.robot_supervisor]: FULL ROTATE active (accum_rad=3.069, timed_fallback=False, stall_count=0)
[robot_supervisor-7] [INFO] [1777470371.721243344] [robot_0.robot_supervisor]: FULL ROTATE completed by odom (accum_rad=3.169)
[robot_supervisor-7] [INFO] [1777470371.721642743] [robot_0.robot_supervisor]: FULL ROTATE stopped; supervisor will select next event next tick
[robot_supervisor-16] [INFO] [1777470371.764307882] [robot_3.robot_supervisor]: FULL ROTATE active (accum_rad=0.087, timed_fallback=False, stall_count=0)
[robot_supervisor-19] [INFO] [1777470371.791551423] [robot_4.robot_supervisor]: Selected controllable event: EV_full_rotate
[robot_supervisor-19] [INFO] [1777470371.792030470] [robot_4.robot_supervisor]: Starting FULL ROTATE (omega=1.000, have_odom=True, target_rad=3.142, timeout_s=3.500)
[robot_supervisor-16] [INFO] [1777470371.864335290] [robot_3.robot_supervisor]: FULL ROTATE active (accum_rad=0.175, timed_fallback=False, stall_count=0)
[robot_supervisor-19] [INFO] [1777470371.891627175] [robot_4.robot_supervisor]: FULL ROTATE active (accum_rad=0.000, timed_fallback=False, stall_count=0)
[robot_supervisor-16] [INFO] [1777470371.964205900] [robot_3.robot_supervisor]: FULL ROTATE active (accum_rad=0.275, timed_fallback=False, stall_count=0)
[robot_supervisor-19] [INFO] [1777470371.991258873] [robot_4.robot_supervisor]: FULL ROTATE active (accum_rad=0.013, timed_fallback=False, stall_count=0)
[robot_supervisor-7] [INFO] [1777470372.020922122] [robot_0.robot_supervisor]: Selected controllable event: EV_rotate_counterclockwise
[robot_supervisor-16] [INFO] [1777470372.064275924] [robot_3.robot_supervisor]: FULL ROTATE active (accum_rad=0.375, timed_fallback=False, stall_count=0)
[robot_supervisor-19] [INFO] [1777470372.091040072] [robot_4.robot_supervisor]: FULL ROTATE active (accum_rad=0.057, timed_fallback=False, stall_count=0)
[robot_supervisor-16] [INFO] [1777470372.164220482] [robot_3.robot_supervisor]: FULL ROTATE active (accum_rad=0.475, timed_fallback=False, stall_count=0)
[robot_supervisor-19] [INFO] [1777470372.191175568] [robot_4.robot_supervisor]: FULL ROTATE active (accum_rad=0.130, timed_fallback=False, stall_count=0)
[robot_supervisor-16] [INFO] [1777470372.264179534] [robot_3.robot_supervisor]: FULL ROTATE active (accum_rad=0.575, timed_fallback=False, stall_count=0)
[robot_supervisor-19] [INFO] [1777470372.290976312] [robot_4.robot_supervisor]: FULL ROTATE active (accum_rad=0.228, timed_fallback=False, stall_count=0)
[robot_supervisor-16] [INFO] [1777470372.364082685] [robot_3.robot_supervisor]: FULL ROTATE active (accum_rad=0.675, timed_fallback=False, stall_count=0)
[robot_supervisor-19] [INFO] [1777470372.391032401] [robot_4.robot_supervisor]: FULL ROTATE active (accum_rad=0.328, timed_fallback=False, stall_count=0)
[robot_supervisor-16] [INFO] [1777470372.464206463] [robot_3.robot_supervisor]: FULL ROTATE active (accum_rad=0.775, timed_fallback=False, stall_count=0)
[robot_supervisor-19] [INFO] [1777470372.491237303] [robot_4.robot_supervisor]: FULL ROTATE active (accum_rad=0.428, timed_fallback=False, stall_count=0)
[robot_supervisor-16] [INFO] [1777470372.564219134] [robot_3.robot_supervisor]: FULL ROTATE active (accum_rad=0.875, timed_fallback=False, stall_count=0)
[robot_supervisor-19] [INFO] [1777470372.591230408] [robot_4.robot_supervisor]: FULL ROTATE active (accum_rad=0.528, timed_fallback=False, stall_count=0)
[robot_supervisor-13] [INFO] [1777470372.598507464] [robot_2.robot_supervisor]: Selected controllable event: EV_move_forward
[robot_supervisor-16] [INFO] [1777470372.664273648] [robot_3.robot_supervisor]: FULL ROTATE active (accum_rad=0.975, timed_fallback=False, stall_count=0)
[robot_supervisor-19] [INFO] [1777470372.691267227] [robot_4.robot_supervisor]: FULL ROTATE active (accum_rad=0.628, timed_fallback=False, stall_count=0)
[robot_supervisor-16] [INFO] [1777470372.764374028] [robot_3.robot_supervisor]: FULL ROTATE active (accum_rad=1.075, timed_fallback=False, stall_count=0)
[robot_supervisor-19] [INFO] [1777470372.791185146] [robot_4.robot_supervisor]: FULL ROTATE active (accum_rad=0.728, timed_fallback=False, stall_count=0)
[robot_supervisor-16] [INFO] [1777470372.864320392] [robot_3.robot_supervisor]: FULL ROTATE active (accum_rad=1.175, timed_fallback=False, stall_count=0)
[robot_supervisor-19] [INFO] [1777470372.891190754] [robot_4.robot_supervisor]: FULL ROTATE active (accum_rad=0.828, timed_fallback=False, stall_count=0)
[robot_supervisor-13] [INFO] [1777470372.898630392] [robot_2.robot_supervisor]: Selected controllable event: EV_random_walk
[robot_supervisor-16] [INFO] [1777470372.964134753] [robot_3.robot_supervisor]: FULL ROTATE active (accum_rad=1.275, timed_fallback=False, stall_count=0)
[robot_supervisor-19] [INFO] [1777470372.991216236] [robot_4.robot_supervisor]: FULL ROTATE active (accum_rad=0.928, timed_fallback=False, stall_count=0)
[robot_supervisor-16] [INFO] [1777470373.064148028] [robot_3.robot_supervisor]: FULL ROTATE active (accum_rad=1.375, timed_fallback=False, stall_count=0)
[robot_supervisor-19] [INFO] [1777470373.091297755] [robot_4.robot_supervisor]: FULL ROTATE active (accum_rad=1.028, timed_fallback=False, stall_count=0)
[robot_supervisor-16] [INFO] [1777470373.164418305] [robot_3.robot_supervisor]: FULL ROTATE active (accum_rad=1.475, timed_fallback=False, stall_count=0)
[robot_supervisor-19] [INFO] [1777470373.191229687] [robot_4.robot_supervisor]: FULL ROTATE active (accum_rad=1.128, timed_fallback=False, stall_count=0)
[robot_supervisor-13] [INFO] [1777470373.198544661] [robot_2.robot_supervisor]: Selected controllable event: EV_move_forward
[robot_supervisor-10] [INFO] [1777470373.209464500] [robot_1.robot_supervisor]: Selected controllable event: EV_rotate_clockwise
[robot_supervisor-10] [INFO] [1777470373.209816822] [robot_1.robot_supervisor]: rotate_90 blocked by recent completion; stopping this tick
[robot_supervisor-16] [INFO] [1777470373.264104517] [robot_3.robot_supervisor]: FULL ROTATE active (accum_rad=1.575, timed_fallback=False, stall_count=0)
[robot_supervisor-19] [INFO] [1777470373.291224715] [robot_4.robot_supervisor]: FULL ROTATE active (accum_rad=1.228, timed_fallback=False, stall_count=0)
[robot_supervisor-10] [INFO] [1777470373.309344485] [robot_1.robot_supervisor]: Selected controllable event: EV_rotate_clockwise
[robot_supervisor-10] [INFO] [1777470373.309597509] [robot_1.robot_supervisor]: rotate_90 blocked by recent completion; stopping this tick
[robot_supervisor-16] [INFO] [1777470373.364530671] [robot_3.robot_supervisor]: FULL ROTATE active (accum_rad=1.675, timed_fallback=False, stall_count=0)
[robot_supervisor-19] [INFO] [1777470373.391153644] [robot_4.robot_supervisor]: FULL ROTATE active (accum_rad=1.328, timed_fallback=False, stall_count=0)
[robot_supervisor-10] [INFO] [1777470373.409458639] [robot_1.robot_supervisor]: Selected controllable event: EV_rotate_clockwise
[robot_supervisor-16] [INFO] [1777470373.464370474] [robot_3.robot_supervisor]: FULL ROTATE active (accum_rad=1.775, timed_fallback=False, stall_count=0)
[robot_supervisor-19] [INFO] [1777470373.491215536] [robot_4.robot_supervisor]: FULL ROTATE active (accum_rad=1.428, timed_fallback=False, stall_count=0)
[robot_supervisor-13] [INFO] [1777470373.498592276] [robot_2.robot_supervisor]: Selected controllable event: EV_random_walk
[robot_supervisor-16] [INFO] [1777470373.564486317] [robot_3.robot_supervisor]: FULL ROTATE active (accum_rad=1.875, timed_fallback=False, stall_count=0)
[robot_supervisor-19] [INFO] [1777470373.591384760] [robot_4.robot_supervisor]: FULL ROTATE active (accum_rad=1.528, timed_fallback=False, stall_count=0)
[robot_supervisor-16] [INFO] [1777470373.664608889] [robot_3.robot_supervisor]: FULL ROTATE active (accum_rad=1.975, timed_fallback=False, stall_count=0)
[robot_supervisor-19] [INFO] [1777470373.691154254] [robot_4.robot_supervisor]: FULL ROTATE active (accum_rad=1.628, timed_fallback=False, stall_count=0)
[robot_supervisor-16] [INFO] [1777470373.764712242] [robot_3.robot_supervisor]: FULL ROTATE active (accum_rad=2.075, timed_fallback=False, stall_count=0)
[robot_supervisor-19] [INFO] [1777470373.791390415] [robot_4.robot_supervisor]: FULL ROTATE active (accum_rad=1.728, timed_fallback=False, stall_count=0)
[robot_supervisor-13] [INFO] [1777470373.798653359] [robot_2.robot_supervisor]: Selected controllable event: EV_move_forward
[image_processor-22] [INFO] [1777470373.804384293] [robot_1.image_processor]: Zone=CORNER  left[p=0.842 near=0 v=7650]  front[p=0.796 near=1526 v=13500]  right[p=0.645 near=7735 v=7740]
[robot_supervisor-10] [INFO] [1777470373.804846003] [robot_1.robot_supervisor]: Detected zone changed to CORNER
[image_processor-24] [INFO] [1777470373.812524659] [robot_3.image_processor]: Zone=RIGHT  left[p=0.982 near=0 v=7650]  front[p=0.640 near=8652 v=13500]  right[p=0.521 near=7740 v=7740]
[robot_supervisor-16] [INFO] [1777470373.813256816] [robot_3.robot_supervisor]: Detected zone changed to RIGHT
[image_processor-25] [INFO] [1777470373.822753322] [robot_4.image_processor]: Zone=CORNER  left[p=0.809 near=741 v=7578]  front[p=0.433 near=13500 v=13500]  right[p=0.732 near=2205 v=7740]
[robot_supervisor-19] [INFO] [1777470373.823299949] [robot_4.robot_supervisor]: Detected zone changed to CORNER
[image_processor-23] [INFO] [1777470373.833552038] [robot_2.image_processor]: Zone=CLEAR
[image_processor-21] [INFO] [1777470373.846815951] [robot_0.image_processor]: Zone=RIGHT
[robot_supervisor-16] [INFO] [1777470373.864497781] [robot_3.robot_supervisor]: FULL ROTATE active (accum_rad=2.175, timed_fallback=False, stall_count=0)
[robot_supervisor-19] [INFO] [1777470373.891139530] [robot_4.robot_supervisor]: FULL ROTATE active (accum_rad=1.828, timed_fallback=False, stall_count=0)
[robot_supervisor-16] [INFO] [1777470373.964183531] [robot_3.robot_supervisor]: FULL ROTATE active (accum_rad=2.275, timed_fallback=False, stall_count=0)
[robot_supervisor-19] [INFO] [1777470373.991222574] [robot_4.robot_supervisor]: FULL ROTATE active (accum_rad=1.928, timed_fallback=False, stall_count=0)
[robot_supervisor-16] [INFO] [1777470374.064488309] [robot_3.robot_supervisor]: FULL ROTATE active (accum_rad=2.375, timed_fallback=False, stall_count=0)
[robot_supervisor-19] [INFO] [1777470374.091225310] [robot_4.robot_supervisor]: FULL ROTATE active (accum_rad=2.028, timed_fallback=False, stall_count=0)
[robot_supervisor-13] [INFO] [1777470374.098532914] [robot_2.robot_supervisor]: Selected controllable event: EV_random_walk
[robot_supervisor-16] [INFO] [1777470374.164190276] [robot_3.robot_supervisor]: FULL ROTATE active (accum_rad=2.475, timed_fallback=False, stall_count=0)
[robot_supervisor-19] [INFO] [1777470374.191021265] [robot_4.robot_supervisor]: FULL ROTATE active (accum_rad=2.128, timed_fallback=False, stall_count=0)
[robot_supervisor-7] [INFO] [1777470374.220622244] [robot_0.robot_supervisor]: Selected controllable event: EV_rotate_counterclockwise
[robot_supervisor-7] [INFO] [1777470374.220841704] [robot_0.robot_supervisor]: rotate_90 blocked by recent completion; stopping this tick
[robot_supervisor-16] [INFO] [1777470374.264191210] [robot_3.robot_supervisor]: FULL ROTATE active (accum_rad=2.575, timed_fallback=False, stall_count=0)
[robot_supervisor-19] [INFO] [1777470374.291113611] [robot_4.robot_supervisor]: FULL ROTATE active (accum_rad=2.228, timed_fallback=False, stall_count=0)
[robot_supervisor-7] [INFO] [1777470374.320704197] [robot_0.robot_supervisor]: Selected controllable event: EV_rotate_counterclockwise
[robot_supervisor-7] [INFO] [1777470374.320930225] [robot_0.robot_supervisor]: rotate_90 blocked by recent completion; stopping this tick
[robot_supervisor-16] [INFO] [1777470374.364271730] [robot_3.robot_supervisor]: FULL ROTATE active (accum_rad=2.675, timed_fallback=False, stall_count=0)
[robot_supervisor-19] [INFO] [1777470374.391040029] [robot_4.robot_supervisor]: FULL ROTATE active (accum_rad=2.328, timed_fallback=False, stall_count=0)
[robot_supervisor-7] [INFO] [1777470374.420677471] [robot_0.robot_supervisor]: Selected controllable event: EV_rotate_counterclockwise
[robot_supervisor-16] [INFO] [1777470374.464112599] [robot_3.robot_supervisor]: FULL ROTATE active (accum_rad=2.775, timed_fallback=False, stall_count=0)
[robot_supervisor-19] [INFO] [1777470374.491057669] [robot_4.robot_supervisor]: FULL ROTATE active (accum_rad=2.428, timed_fallback=False, stall_count=0)
[robot_supervisor-16] [INFO] [1777470374.564447422] [robot_3.robot_supervisor]: FULL ROTATE active (accum_rad=2.875, timed_fallback=False, stall_count=0)
[robot_supervisor-19] [INFO] [1777470374.591005507] [robot_4.robot_supervisor]: FULL ROTATE active (accum_rad=2.528, timed_fallback=False, stall_count=0)
[robot_supervisor-16] [INFO] [1777470374.664191564] [robot_3.robot_supervisor]: FULL ROTATE active (accum_rad=2.975, timed_fallback=False, stall_count=0)
[robot_supervisor-19] [INFO] [1777470374.691045580] [robot_4.robot_supervisor]: FULL ROTATE active (accum_rad=2.628, timed_fallback=False, stall_count=0)
[robot_supervisor-16] [INFO] [1777470374.764264327] [robot_3.robot_supervisor]: FULL ROTATE active (accum_rad=3.075, timed_fallback=False, stall_count=0)
[robot_supervisor-16] [INFO] [1777470374.764718353] [robot_3.robot_supervisor]: FULL ROTATE completed by odom (accum_rad=3.175)
[robot_supervisor-16] [INFO] [1777470374.765115532] [robot_3.robot_supervisor]: FULL ROTATE stopped; supervisor will select next event next tick
[robot_supervisor-19] [INFO] [1777470374.791094658] [robot_4.robot_supervisor]: FULL ROTATE active (accum_rad=2.728, timed_fallback=False, stall_count=0)
[robot_supervisor-19] [INFO] [1777470374.891074911] [robot_4.robot_supervisor]: FULL ROTATE active (accum_rad=2.828, timed_fallback=False, stall_count=0)
[robot_supervisor-19] [INFO] [1777470374.991059883] [robot_4.robot_supervisor]: FULL ROTATE active (accum_rad=2.928, timed_fallback=False, stall_count=0)
[robot_supervisor-16] [INFO] [1777470375.064711967] [robot_3.robot_supervisor]: Selected controllable event: EV_rotate_counterclockwise
[robot_supervisor-19] [INFO] [1777470375.091111191] [robot_4.robot_supervisor]: FULL ROTATE active (accum_rad=3.028, timed_fallback=False, stall_count=0)
[robot_supervisor-19] [INFO] [1777470375.191288002] [robot_4.robot_supervisor]: FULL ROTATE active (accum_rad=3.128, timed_fallback=False, stall_count=0)
[robot_supervisor-19] [INFO] [1777470375.191729068] [robot_4.robot_supervisor]: FULL ROTATE completed by odom (accum_rad=3.228)
[robot_supervisor-19] [INFO] [1777470375.192117307] [robot_4.robot_supervisor]: FULL ROTATE stopped; supervisor will select next event next tick
[robot_supervisor-19] [INFO] [1777470375.591226306] [robot_4.robot_supervisor]: Selected controllable event: EV_move_backward
[robot_supervisor-13] [INFO] [1777470375.598554867] [robot_2.robot_supervisor]: Selected controllable event: EV_move_forward
[robot_supervisor-10] [INFO] [1777470375.609463287] [robot_1.robot_supervisor]: Selected controllable event: EV_move_backward
[robot_supervisor-13] [INFO] [1777470375.898453000] [robot_2.robot_supervisor]: Selected controllable event: EV_random_walk
[robot_supervisor-19] [INFO] [1777470375.991114455] [robot_4.robot_supervisor]: Selected controllable event: EV_rotate_clockwise
[robot_supervisor-10] [INFO] [1777470376.009427917] [robot_1.robot_supervisor]: Selected controllable event: EV_rotate_clockwise
[image_processor-22] [INFO] [1777470376.311049053] [robot_1.image_processor]: Zone=CLEAR  left[p=2.702 near=0 v=7595]  front[p=2.680 near=0 v=8616]  right[p=1.070 near=0 v=5624]
[robot_supervisor-10] [INFO] [1777470376.311876645] [robot_1.robot_supervisor]: Detected zone changed to CLEAR
[image_processor-24] [INFO] [1777470376.324007711] [robot_3.image_processor]: Zone=RIGHT
[image_processor-25] [INFO] [1777470376.332925893] [robot_4.image_processor]: Zone=CLEAR  left[p=2.987 near=0 v=6524]  front[p=3.524 near=0 v=12432]  right[p=2.117 near=0 v=7728]
[robot_supervisor-19] [INFO] [1777470376.333555897] [robot_4.robot_supervisor]: Detected zone changed to CLEAR
[image_processor-23] [INFO] [1777470376.340622256] [robot_2.image_processor]: Zone=CLEAR
[image_processor-21] [INFO] [1777470376.350769453] [robot_0.image_processor]: Zone=CORNER  left[p=0.211 near=7650 v=7650]  front[p=0.293 near=13500 v=13500]  right[p=0.746 near=1324 v=7698]
[robot_supervisor-7] [INFO] [1777470376.351556174] [robot_0.robot_supervisor]: Detected zone changed to CORNER
[robot_supervisor-7] [INFO] [1777470376.520974213] [robot_0.robot_supervisor]: Selected controllable event: EV_move_backward
[robot_supervisor-7] [INFO] [1777470376.920908700] [robot_0.robot_supervisor]: Selected controllable event: EV_rotate_clockwise
[robot_supervisor-16] [INFO] [1777470377.264140571] [robot_3.robot_supervisor]: Selected controllable event: EV_rotate_counterclockwise
[robot_supervisor-16] [INFO] [1777470377.264376879] [robot_3.robot_supervisor]: rotate_90 blocked by recent completion; stopping this tick
[robot_supervisor-16] [INFO] [1777470377.364360272] [robot_3.robot_supervisor]: Selected controllable event: EV_rotate_counterclockwise
[robot_supervisor-16] [INFO] [1777470377.364725140] [robot_3.robot_supervisor]: rotate_90 blocked by recent completion; stopping this tick
[robot_supervisor-13] [INFO] [1777470377.398636872] [robot_2.robot_supervisor]: Selected controllable event: EV_move_forward
[robot_supervisor-16] [INFO] [1777470377.464387064] [robot_3.robot_supervisor]: Selected controllable event: EV_rotate_counterclockwise
[robot_supervisor-13] [INFO] [1777470377.698536420] [robot_2.robot_supervisor]: Selected controllable event: EV_random_walk
[robot_supervisor-19] [INFO] [1777470378.091493940] [robot_4.robot_supervisor]: Selected controllable event: EV_full_rotate
[robot_supervisor-19] [INFO] [1777470378.091978776] [robot_4.robot_supervisor]: Starting FULL ROTATE (omega=1.000, have_odom=True, target_rad=3.142, timeout_s=3.500)
[robot_supervisor-19] [INFO] [1777470378.191447483] [robot_4.robot_supervisor]: FULL ROTATE active (accum_rad=0.000, timed_fallback=False, stall_count=0)
[robot_supervisor-10] [INFO] [1777470378.209954799] [robot_1.robot_supervisor]: Selected controllable event: EV_full_rotate
[robot_supervisor-10] [INFO] [1777470378.210706476] [robot_1.robot_supervisor]: Starting FULL ROTATE (omega=1.000, have_odom=True, target_rad=3.142, timeout_s=3.500)
[robot_supervisor-19] [INFO] [1777470378.291354266] [robot_4.robot_supervisor]: FULL ROTATE active (accum_rad=0.003, timed_fallback=False, stall_count=0)
[robot_supervisor-10] [INFO] [1777470378.310324576] [robot_1.robot_supervisor]: FULL ROTATE active (accum_rad=0.000, timed_fallback=False, stall_count=0)
[robot_supervisor-19] [INFO] [1777470378.391420202] [robot_4.robot_supervisor]: FULL ROTATE active (accum_rad=0.037, timed_fallback=False, stall_count=0)
[robot_supervisor-10] [INFO] [1777470378.410285123] [robot_1.robot_supervisor]: FULL ROTATE active (accum_rad=0.008, timed_fallback=False, stall_count=0)
[robot_supervisor-19] [INFO] [1777470378.491349799] [robot_4.robot_supervisor]: FULL ROTATE active (accum_rad=0.100, timed_fallback=False, stall_count=0)
[robot_supervisor-10] [INFO] [1777470378.509928891] [robot_1.robot_supervisor]: FULL ROTATE active (accum_rad=0.046, timed_fallback=False, stall_count=0)
[robot_supervisor-19] [INFO] [1777470378.591193108] [robot_4.robot_supervisor]: FULL ROTATE active (accum_rad=0.193, timed_fallback=False, stall_count=0)
[robot_supervisor-10] [INFO] [1777470378.610443964] [robot_1.robot_supervisor]: FULL ROTATE active (accum_rad=0.113, timed_fallback=False, stall_count=0)
[robot_supervisor-19] [INFO] [1777470378.691339162] [robot_4.robot_supervisor]: FULL ROTATE active (accum_rad=0.293, timed_fallback=False, stall_count=0)
[robot_supervisor-10] [INFO] [1777470378.710302962] [robot_1.robot_supervisor]: FULL ROTATE active (accum_rad=0.208, timed_fallback=False, stall_count=0)
[robot_supervisor-19] [INFO] [1777470378.791382307] [robot_4.robot_supervisor]: FULL ROTATE active (accum_rad=0.393, timed_fallback=False, stall_count=0)
[image_processor-22] [INFO] [1777470378.809469787] [robot_1.image_processor]: Zone=CLEAR
[robot_supervisor-10] [INFO] [1777470378.810337061] [robot_1.robot_supervisor]: FULL ROTATE active (accum_rad=0.308, timed_fallback=False, stall_count=0)
[image_processor-24] [INFO] [1777470378.830594139] [robot_3.image_processor]: Zone=LEFT  left[p=0.650 near=766 v=7650]  front[p=1.414 near=786 v=12732]  right[p=2.570 near=0 v=5403]
[robot_supervisor-16] [INFO] [1777470378.831528421] [robot_3.robot_supervisor]: Detected zone changed to LEFT
[image_processor-25] [INFO] [1777470378.844084701] [robot_4.image_processor]: Zone=CORNER  left[p=2.513 near=0 v=7647]  front[p=0.451 near=9606 v=13390]  right[p=0.530 near=7740 v=7740]
[robot_supervisor-19] [INFO] [1777470378.845029204] [robot_4.robot_supervisor]: Detected zone changed to CORNER
[image_processor-23] [INFO] [1777470378.857117806] [robot_2.image_processor]: Zone=CLEAR
[image_processor-21] [INFO] [1777470378.873481177] [robot_0.image_processor]: Zone=CLEAR  left[p=2.321 near=0 v=6889]  front[p=1.573 near=0 v=10090]  right[p=2.822 near=0 v=4817]
[robot_supervisor-7] [INFO] [1777470378.874440643] [robot_0.robot_supervisor]: Detected zone changed to CLEAR
[robot_supervisor-19] [INFO] [1777470378.891404928] [robot_4.robot_supervisor]: FULL ROTATE active (accum_rad=0.493, timed_fallback=False, stall_count=0)
[robot_supervisor-10] [INFO] [1777470378.910441181] [robot_1.robot_supervisor]: FULL ROTATE active (accum_rad=0.408, timed_fallback=False, stall_count=0)
[robot_supervisor-19] [INFO] [1777470378.991403185] [robot_4.robot_supervisor]: FULL ROTATE active (accum_rad=0.593, timed_fallback=False, stall_count=0)
[robot_supervisor-10] [INFO] [1777470379.009658254] [robot_1.robot_supervisor]: FULL ROTATE active (accum_rad=0.508, timed_fallback=False, stall_count=0)
[robot_supervisor-7] [INFO] [1777470379.021173479] [robot_0.robot_supervisor]: Selected controllable event: EV_full_rotate
[robot_supervisor-7] [INFO] [1777470379.021784712] [robot_0.robot_supervisor]: Starting FULL ROTATE (omega=1.000, have_odom=True, target_rad=3.142, timeout_s=3.500)
[robot_supervisor-19] [INFO] [1777470379.091471149] [robot_4.robot_supervisor]: FULL ROTATE active (accum_rad=0.693, timed_fallback=False, stall_count=0)
[robot_supervisor-10] [INFO] [1777470379.109731476] [robot_1.robot_supervisor]: FULL ROTATE active (accum_rad=0.608, timed_fallback=False, stall_count=0)
[robot_supervisor-7] [INFO] [1777470379.120822128] [robot_0.robot_supervisor]: FULL ROTATE active (accum_rad=0.000, timed_fallback=False, stall_count=0)
[robot_supervisor-19] [INFO] [1777470379.191331816] [robot_4.robot_supervisor]: FULL ROTATE active (accum_rad=0.793, timed_fallback=False, stall_count=0)
[robot_supervisor-13] [INFO] [1777470379.198845972] [robot_2.robot_supervisor]: Selected controllable event: EV_move_forward
[robot_supervisor-10] [INFO] [1777470379.209656823] [robot_1.robot_supervisor]: FULL ROTATE active (accum_rad=0.708, timed_fallback=False, stall_count=0)
[robot_supervisor-7] [INFO] [1777470379.220766940] [robot_0.robot_supervisor]: FULL ROTATE active (accum_rad=0.005, timed_fallback=False, stall_count=0)
[robot_supervisor-19] [INFO] [1777470379.291215924] [robot_4.robot_supervisor]: FULL ROTATE active (accum_rad=0.893, timed_fallback=False, stall_count=0)
[robot_supervisor-10] [INFO] [1777470379.309673171] [robot_1.robot_supervisor]: FULL ROTATE active (accum_rad=0.808, timed_fallback=False, stall_count=0)
[robot_supervisor-7] [INFO] [1777470379.320782084] [robot_0.robot_supervisor]: FULL ROTATE active (accum_rad=0.030, timed_fallback=False, stall_count=0)
[robot_supervisor-19] [INFO] [1777470379.391543609] [robot_4.robot_supervisor]: FULL ROTATE active (accum_rad=0.993, timed_fallback=False, stall_count=0)
[robot_supervisor-10] [INFO] [1777470379.409396438] [robot_1.robot_supervisor]: FULL ROTATE active (accum_rad=0.908, timed_fallback=False, stall_count=0)
[robot_supervisor-7] [INFO] [1777470379.421091785] [robot_0.robot_supervisor]: FULL ROTATE active (accum_rad=0.084, timed_fallback=False, stall_count=0)
[robot_supervisor-19] [INFO] [1777470379.491586835] [robot_4.robot_supervisor]: FULL ROTATE active (accum_rad=1.093, timed_fallback=False, stall_count=0)
[robot_supervisor-13] [INFO] [1777470379.498609839] [robot_2.robot_supervisor]: Selected controllable event: EV_random_walk
[robot_supervisor-10] [INFO] [1777470379.509641234] [robot_1.robot_supervisor]: FULL ROTATE active (accum_rad=1.008, timed_fallback=False, stall_count=0)
[robot_supervisor-7] [INFO] [1777470379.520830182] [robot_0.robot_supervisor]: FULL ROTATE active (accum_rad=0.169, timed_fallback=False, stall_count=0)
[robot_supervisor-19] [INFO] [1777470379.591312351] [robot_4.robot_supervisor]: FULL ROTATE active (accum_rad=1.193, timed_fallback=False, stall_count=0)
[robot_supervisor-10] [INFO] [1777470379.609421667] [robot_1.robot_supervisor]: FULL ROTATE active (accum_rad=1.108, timed_fallback=False, stall_count=0)
[robot_supervisor-7] [INFO] [1777470379.620994539] [robot_0.robot_supervisor]: FULL ROTATE active (accum_rad=0.269, timed_fallback=False, stall_count=0)
[robot_supervisor-16] [INFO] [1777470379.664330678] [robot_3.robot_supervisor]: Selected controllable event: EV_rotate_clockwise
[robot_supervisor-16] [INFO] [1777470379.664659936] [robot_3.robot_supervisor]: rotate_90 blocked by recent completion; stopping this tick
[robot_supervisor-19] [INFO] [1777470379.691176707] [robot_4.robot_supervisor]: FULL ROTATE active (accum_rad=1.293, timed_fallback=False, stall_count=0)
[robot_supervisor-10] [INFO] [1777470379.709751315] [robot_1.robot_supervisor]: FULL ROTATE active (accum_rad=1.208, timed_fallback=False, stall_count=0)
[robot_supervisor-7] [INFO] [1777470379.721022671] [robot_0.robot_supervisor]: FULL ROTATE active (accum_rad=0.369, timed_fallback=False, stall_count=0)
[robot_supervisor-16] [INFO] [1777470379.764556933] [robot_3.robot_supervisor]: Selected controllable event: EV_rotate_clockwise
[robot_supervisor-16] [INFO] [1777470379.765032858] [robot_3.robot_supervisor]: rotate_90 blocked by recent completion; stopping this tick
[robot_supervisor-19] [INFO] [1777470379.791247566] [robot_4.robot_supervisor]: FULL ROTATE active (accum_rad=1.393, timed_fallback=False, stall_count=0)
[robot_supervisor-13] [INFO] [1777470379.798645371] [robot_2.robot_supervisor]: Selected controllable event: EV_move_forward
[robot_supervisor-10] [INFO] [1777470379.809864597] [robot_1.robot_supervisor]: FULL ROTATE active (accum_rad=1.308, timed_fallback=False, stall_count=0)
[robot_supervisor-7] [INFO] [1777470379.821030357] [robot_0.robot_supervisor]: FULL ROTATE active (accum_rad=0.469, timed_fallback=False, stall_count=0)
[robot_supervisor-16] [INFO] [1777470379.864443450] [robot_3.robot_supervisor]: Selected controllable event: EV_rotate_clockwise
[robot_supervisor-19] [INFO] [1777470379.891431694] [robot_4.robot_supervisor]: FULL ROTATE active (accum_rad=1.493, timed_fallback=False, stall_count=0)
[robot_supervisor-10] [INFO] [1777470379.909759891] [robot_1.robot_supervisor]: FULL ROTATE active (accum_rad=1.408, timed_fallback=False, stall_count=0)
[robot_supervisor-7] [INFO] [1777470379.920754699] [robot_0.robot_supervisor]: FULL ROTATE active (accum_rad=0.569, timed_fallback=False, stall_count=0)
[robot_supervisor-19] [INFO] [1777470379.991448825] [robot_4.robot_supervisor]: FULL ROTATE active (accum_rad=1.593, timed_fallback=False, stall_count=0)
[robot_supervisor-10] [INFO] [1777470380.009690023] [robot_1.robot_supervisor]: FULL ROTATE active (accum_rad=1.508, timed_fallback=False, stall_count=0)
[robot_supervisor-7] [INFO] [1777470380.020747523] [robot_0.robot_supervisor]: FULL ROTATE active (accum_rad=0.669, timed_fallback=False, stall_count=0)
[robot_supervisor-19] [INFO] [1777470380.091223530] [robot_4.robot_supervisor]: FULL ROTATE active (accum_rad=1.693, timed_fallback=False, stall_count=0)
[robot_supervisor-13] [INFO] [1777470380.098550973] [robot_2.robot_supervisor]: Selected controllable event: EV_random_walk
[robot_supervisor-10] [INFO] [1777470380.109596452] [robot_1.robot_supervisor]: FULL ROTATE active (accum_rad=1.608, timed_fallback=False, stall_count=0)
[robot_supervisor-7] [INFO] [1777470380.121018231] [robot_0.robot_supervisor]: FULL ROTATE active (accum_rad=0.769, timed_fallback=False, stall_count=0)
[robot_supervisor-19] [INFO] [1777470380.191387382] [robot_4.robot_supervisor]: FULL ROTATE active (accum_rad=1.793, timed_fallback=False, stall_count=0)
[robot_supervisor-10] [INFO] [1777470380.209684105] [robot_1.robot_supervisor]: FULL ROTATE active (accum_rad=1.708, timed_fallback=False, stall_count=0)
[robot_supervisor-7] [INFO] [1777470380.220865678] [robot_0.robot_supervisor]: FULL ROTATE active (accum_rad=0.869, timed_fallback=False, stall_count=0)
[robot_supervisor-19] [INFO] [1777470380.291253707] [robot_4.robot_supervisor]: FULL ROTATE active (accum_rad=1.893, timed_fallback=False, stall_count=0)
[robot_supervisor-10] [INFO] [1777470380.309638231] [robot_1.robot_supervisor]: FULL ROTATE active (accum_rad=1.808, timed_fallback=False, stall_count=0)
[robot_supervisor-7] [INFO] [1777470380.320911358] [robot_0.robot_supervisor]: FULL ROTATE active (accum_rad=0.969, timed_fallback=False, stall_count=0)
[robot_supervisor-19] [INFO] [1777470380.391221648] [robot_4.robot_supervisor]: FULL ROTATE active (accum_rad=1.993, timed_fallback=False, stall_count=0)
[robot_supervisor-10] [INFO] [1777470380.409387639] [robot_1.robot_supervisor]: FULL ROTATE active (accum_rad=1.908, timed_fallback=False, stall_count=0)
[robot_supervisor-7] [INFO] [1777470380.421056045] [robot_0.robot_supervisor]: FULL ROTATE active (accum_rad=1.069, timed_fallback=False, stall_count=0)
[robot_supervisor-19] [INFO] [1777470380.491236847] [robot_4.robot_supervisor]: FULL ROTATE active (accum_rad=2.093, timed_fallback=False, stall_count=0)
[robot_supervisor-10] [INFO] [1777470380.509519786] [robot_1.robot_supervisor]: FULL ROTATE active (accum_rad=2.008, timed_fallback=False, stall_count=0)
[robot_supervisor-7] [INFO] [1777470380.521076206] [robot_0.robot_supervisor]: FULL ROTATE active (accum_rad=1.169, timed_fallback=False, stall_count=0)
[robot_supervisor-19] [INFO] [1777470380.591430768] [robot_4.robot_supervisor]: FULL ROTATE active (accum_rad=2.193, timed_fallback=False, stall_count=0)
[robot_supervisor-10] [INFO] [1777470380.609496502] [robot_1.robot_supervisor]: FULL ROTATE active (accum_rad=2.108, timed_fallback=False, stall_count=0)
[robot_supervisor-7] [INFO] [1777470380.621023731] [robot_0.robot_supervisor]: FULL ROTATE active (accum_rad=1.269, timed_fallback=False, stall_count=0)
[robot_supervisor-19] [INFO] [1777470380.691466693] [robot_4.robot_supervisor]: FULL ROTATE active (accum_rad=2.293, timed_fallback=False, stall_count=0)
[robot_supervisor-10] [INFO] [1777470380.709421806] [robot_1.robot_supervisor]: FULL ROTATE active (accum_rad=2.208, timed_fallback=False, stall_count=0)
[robot_supervisor-7] [INFO] [1777470380.720948371] [robot_0.robot_supervisor]: FULL ROTATE active (accum_rad=1.369, timed_fallback=False, stall_count=0)
[robot_supervisor-19] [INFO] [1777470380.791463674] [robot_4.robot_supervisor]: FULL ROTATE active (accum_rad=2.393, timed_fallback=False, stall_count=0)
[robot_supervisor-10] [INFO] [1777470380.809690151] [robot_1.robot_supervisor]: FULL ROTATE active (accum_rad=2.308, timed_fallback=False, stall_count=0)
[robot_supervisor-7] [INFO] [1777470380.820993979] [robot_0.robot_supervisor]: FULL ROTATE active (accum_rad=1.469, timed_fallback=False, stall_count=0)
[robot_supervisor-19] [INFO] [1777470380.891301285] [robot_4.robot_supervisor]: FULL ROTATE active (accum_rad=2.493, timed_fallback=False, stall_count=0)
[robot_supervisor-10] [INFO] [1777470380.909711390] [robot_1.robot_supervisor]: FULL ROTATE active (accum_rad=2.408, timed_fallback=False, stall_count=0)
[robot_supervisor-7] [INFO] [1777470380.921058210] [robot_0.robot_supervisor]: FULL ROTATE active (accum_rad=1.569, timed_fallback=False, stall_count=0)
[robot_supervisor-19] [INFO] [1777470380.991161307] [robot_4.robot_supervisor]: FULL ROTATE active (accum_rad=2.593, timed_fallback=False, stall_count=0)
[robot_supervisor-10] [INFO] [1777470381.009693428] [robot_1.robot_supervisor]: FULL ROTATE active (accum_rad=2.508, timed_fallback=False, stall_count=0)
[robot_supervisor-7] [INFO] [1777470381.021037908] [robot_0.robot_supervisor]: FULL ROTATE active (accum_rad=1.669, timed_fallback=False, stall_count=0)
[robot_supervisor-19] [INFO] [1777470381.091134439] [robot_4.robot_supervisor]: FULL ROTATE active (accum_rad=2.693, timed_fallback=False, stall_count=0)
[robot_supervisor-10] [INFO] [1777470381.109695899] [robot_1.robot_supervisor]: FULL ROTATE active (accum_rad=2.608, timed_fallback=False, stall_count=0)
[robot_supervisor-7] [INFO] [1777470381.120995674] [robot_0.robot_supervisor]: FULL ROTATE active (accum_rad=1.769, timed_fallback=False, stall_count=0)
[robot_supervisor-19] [INFO] [1777470381.191149617] [robot_4.robot_supervisor]: FULL ROTATE active (accum_rad=2.793, timed_fallback=False, stall_count=0)
[robot_supervisor-10] [INFO] [1777470381.209642596] [robot_1.robot_supervisor]: FULL ROTATE active (accum_rad=2.708, timed_fallback=False, stall_count=0)
[robot_supervisor-7] [INFO] [1777470381.220676103] [robot_0.robot_supervisor]: FULL ROTATE active (accum_rad=1.869, timed_fallback=False, stall_count=0)
[robot_supervisor-19] [INFO] [1777470381.291304354] [robot_4.robot_supervisor]: FULL ROTATE active (accum_rad=2.893, timed_fallback=False, stall_count=0)
[image_processor-22] [INFO] [1777470381.306258160] [robot_1.image_processor]: Zone=CLEAR
[robot_supervisor-10] [INFO] [1777470381.309571924] [robot_1.robot_supervisor]: FULL ROTATE active (accum_rad=2.808, timed_fallback=False, stall_count=0)
[robot_supervisor-7] [INFO] [1777470381.320821480] [robot_0.robot_supervisor]: FULL ROTATE active (accum_rad=1.969, timed_fallback=False, stall_count=0)
[image_processor-24] [INFO] [1777470381.327316295] [robot_3.image_processor]: Zone=LEFT
[image_processor-25] [INFO] [1777470381.346661031] [robot_4.image_processor]: Zone=CLEAR  left[p=2.987 near=0 v=5870]  front[p=2.987 near=0 v=9508]  right[p=3.233 near=0 v=6724]
[robot_supervisor-19] [INFO] [1777470381.347272482] [robot_4.robot_supervisor]: Detected zone changed to CLEAR
[image_processor-23] [INFO] [1777470381.358075657] [robot_2.image_processor]: Zone=CLEAR
[image_processor-21] [INFO] [1777470381.368469889] [robot_0.image_processor]: Zone=CORNER  left[p=0.206 near=7650 v=7650]  front[p=0.251 near=13500 v=13500]  right[p=0.374 near=7740 v=7740]
[robot_supervisor-7] [INFO] [1777470381.369217014] [robot_0.robot_supervisor]: Detected zone changed to CORNER
[robot_supervisor-19] [INFO] [1777470381.391151072] [robot_4.robot_supervisor]: FULL ROTATE active (accum_rad=2.993, timed_fallback=False, stall_count=0)
[robot_supervisor-10] [INFO] [1777470381.409611637] [robot_1.robot_supervisor]: FULL ROTATE active (accum_rad=2.908, timed_fallback=False, stall_count=0)
[robot_supervisor-7] [INFO] [1777470381.420550591] [robot_0.robot_supervisor]: FULL ROTATE active (accum_rad=2.069, timed_fallback=False, stall_count=0)
[robot_supervisor-19] [INFO] [1777470381.491293806] [robot_4.robot_supervisor]: FULL ROTATE active (accum_rad=3.093, timed_fallback=False, stall_count=0)
[robot_supervisor-19] [INFO] [1777470381.491778922] [robot_4.robot_supervisor]: FULL ROTATE completed by odom (accum_rad=3.193)
[robot_supervisor-19] [INFO] [1777470381.492161878] [robot_4.robot_supervisor]: FULL ROTATE stopped; supervisor will select next event next tick
[robot_supervisor-10] [INFO] [1777470381.509769238] [robot_1.robot_supervisor]: FULL ROTATE active (accum_rad=3.008, timed_fallback=False, stall_count=0)
[robot_supervisor-7] [INFO] [1777470381.520787173] [robot_0.robot_supervisor]: FULL ROTATE active (accum_rad=2.169, timed_fallback=False, stall_count=0)
[robot_supervisor-13] [INFO] [1777470381.598531532] [robot_2.robot_supervisor]: Selected controllable event: EV_move_forward
[robot_supervisor-10] [INFO] [1777470381.609391159] [robot_1.robot_supervisor]: FULL ROTATE active (accum_rad=3.108, timed_fallback=False, stall_count=0)
[robot_supervisor-10] [INFO] [1777470381.609848806] [robot_1.robot_supervisor]: FULL ROTATE completed by odom (accum_rad=3.208)
[robot_supervisor-10] [INFO] [1777470381.610240753] [robot_1.robot_supervisor]: FULL ROTATE stopped; supervisor will select next event next tick
[robot_supervisor-7] [INFO] [1777470381.620836888] [robot_0.robot_supervisor]: FULL ROTATE active (accum_rad=2.269, timed_fallback=False, stall_count=0)
[robot_supervisor-7] [INFO] [1777470381.721072813] [robot_0.robot_supervisor]: FULL ROTATE active (accum_rad=2.369, timed_fallback=False, stall_count=0)
[robot_supervisor-7] [INFO] [1777470381.820879904] [robot_0.robot_supervisor]: FULL ROTATE active (accum_rad=2.469, timed_fallback=False, stall_count=0)
[robot_supervisor-19] [INFO] [1777470381.891374858] [robot_4.robot_supervisor]: Selected controllable event: EV_move_forward
[robot_supervisor-13] [INFO] [1777470381.898762909] [robot_2.robot_supervisor]: Selected controllable event: EV_random_walk
[robot_supervisor-7] [INFO] [1777470381.921117284] [robot_0.robot_supervisor]: FULL ROTATE active (accum_rad=2.569, timed_fallback=False, stall_count=0)
[robot_supervisor-10] [INFO] [1777470382.009473171] [robot_1.robot_supervisor]: Selected controllable event: EV_move_forward
[robot_supervisor-7] [INFO] [1777470382.020912803] [robot_0.robot_supervisor]: FULL ROTATE active (accum_rad=2.669, timed_fallback=False, stall_count=0)
[robot_supervisor-16] [INFO] [1777470382.064513269] [robot_3.robot_supervisor]: Selected controllable event: EV_rotate_clockwise
[robot_supervisor-16] [INFO] [1777470382.064891074] [robot_3.robot_supervisor]: rotate_90 blocked by recent completion; stopping this tick
[robot_supervisor-7] [INFO] [1777470382.120868763] [robot_0.robot_supervisor]: FULL ROTATE active (accum_rad=2.769, timed_fallback=False, stall_count=0)
[robot_supervisor-16] [INFO] [1777470382.164376480] [robot_3.robot_supervisor]: Selected controllable event: EV_rotate_clockwise
[robot_supervisor-16] [INFO] [1777470382.164746100] [robot_3.robot_supervisor]: rotate_90 blocked by recent completion; stopping this tick
[robot_supervisor-19] [INFO] [1777470382.191082112] [robot_4.robot_supervisor]: Selected controllable event: EV_random_walk
[robot_supervisor-13] [INFO] [1777470382.198523808] [robot_2.robot_supervisor]: Selected controllable event: EV_move_forward
[robot_supervisor-7] [INFO] [1777470382.220654561] [robot_0.robot_supervisor]: FULL ROTATE active (accum_rad=2.869, timed_fallback=False, stall_count=0)
[robot_supervisor-16] [INFO] [1777470382.264199594] [robot_3.robot_supervisor]: Selected controllable event: EV_rotate_clockwise
[robot_supervisor-10] [INFO] [1777470382.309460340] [robot_1.robot_supervisor]: Selected controllable event: EV_random_walk
[robot_supervisor-7] [INFO] [1777470382.320840235] [robot_0.robot_supervisor]: FULL ROTATE active (accum_rad=2.969, timed_fallback=False, stall_count=0)
[robot_supervisor-7] [INFO] [1777470382.420807779] [robot_0.robot_supervisor]: FULL ROTATE active (accum_rad=3.069, timed_fallback=False, stall_count=0)
[robot_supervisor-7] [INFO] [1777470382.421370094] [robot_0.robot_supervisor]: FULL ROTATE completed by odom (accum_rad=3.169)
[robot_supervisor-7] [INFO] [1777470382.421792074] [robot_0.robot_supervisor]: FULL ROTATE stopped; supervisor will select next event next tick
[robot_supervisor-13] [INFO] [1777470382.498570779] [robot_2.robot_supervisor]: Selected controllable event: EV_random_walk
[robot_supervisor-10] [INFO] [1777470382.609761804] [robot_1.robot_supervisor]: Selected controllable event: EV_move_forward
[robot_supervisor-7] [INFO] [1777470382.720816356] [robot_0.robot_supervisor]: Selected controllable event: EV_move_backward
[robot_supervisor-10] [INFO] [1777470382.909260774] [robot_1.robot_supervisor]: Selected controllable event: EV_random_walk
[robot_supervisor-7] [INFO] [1777470383.120867200] [robot_0.robot_supervisor]: Selected controllable event: EV_rotate_clockwise
[robot_supervisor-19] [INFO] [1777470383.591294588] [robot_4.robot_supervisor]: Selected controllable event: EV_move_forward
[image_processor-22] [INFO] [1777470383.802745469] [robot_1.image_processor]: Zone=CORNER  left[p=0.548 near=7650 v=7650]  front[p=0.591 near=6451 v=13500]  right[p=0.387 near=7740 v=7740]
[robot_supervisor-10] [INFO] [1777470383.803330620] [robot_1.robot_supervisor]: Detected zone changed to CORNER
[image_processor-24] [INFO] [1777470383.814515207] [robot_3.image_processor]: Zone=CLEAR  left[p=1.175 near=0 v=5155]  front[p=2.959 near=0 v=9612]  right[p=1.484 near=0 v=7580]
[robot_supervisor-16] [INFO] [1777470383.815122971] [robot_3.robot_supervisor]: Detected zone changed to CLEAR
[image_processor-25] [INFO] [1777470383.834439682] [robot_4.image_processor]: Zone=CLEAR
[image_processor-23] [INFO] [1777470383.844143540] [robot_2.image_processor]: Zone=CORNER  left[p=1.707 near=0 v=7650]  front[p=0.525 near=6011 v=13500]  right[p=0.521 near=7740 v=7740]
[robot_supervisor-13] [INFO] [1777470383.845117907] [robot_2.robot_supervisor]: Detected zone changed to CORNER
[image_processor-21] [INFO] [1777470383.852416095] [robot_0.image_processor]: Zone=CORNER
[robot_supervisor-19] [INFO] [1777470383.891547266] [robot_4.robot_supervisor]: Selected controllable event: EV_random_walk
[robot_supervisor-13] [INFO] [1777470383.998800110] [robot_2.robot_supervisor]: Selected controllable event: EV_move_backward
[robot_supervisor-19] [INFO] [1777470384.191294756] [robot_4.robot_supervisor]: Selected controllable event: EV_move_forward
[robot_supervisor-16] [INFO] [1777470384.364589187] [robot_3.robot_supervisor]: Selected controllable event: EV_move_forward
[robot_supervisor-13] [INFO] [1777470384.398591757] [robot_2.robot_supervisor]: Selected controllable event: EV_rotate_clockwise
[robot_supervisor-10] [INFO] [1777470384.409723839] [robot_1.robot_supervisor]: Selected controllable event: EV_move_backward
[robot_supervisor-19] [INFO] [1777470384.491283298] [robot_4.robot_supervisor]: Selected controllable event: EV_random_walk
[robot_supervisor-16] [INFO] [1777470384.664496665] [robot_3.robot_supervisor]: Selected controllable event: EV_random_walk
[robot_supervisor-10] [INFO] [1777470384.809427182] [robot_1.robot_supervisor]: Selected controllable event: EV_rotate_clockwise
[robot_supervisor-7] [INFO] [1777470385.320865214] [robot_0.robot_supervisor]: Selected controllable event: EV_full_rotate
[robot_supervisor-7] [INFO] [1777470385.321351484] [robot_0.robot_supervisor]: Starting FULL ROTATE (omega=1.000, have_odom=True, target_rad=3.142, timeout_s=3.500)
[robot_supervisor-7] [INFO] [1777470385.420869265] [robot_0.robot_supervisor]: FULL ROTATE active (accum_rad=0.000, timed_fallback=False, stall_count=0)
[robot_supervisor-7] [INFO] [1777470385.520624081] [robot_0.robot_supervisor]: FULL ROTATE active (accum_rad=0.006, timed_fallback=False, stall_count=0)
[robot_supervisor-7] [INFO] [1777470385.620857229] [robot_0.robot_supervisor]: FULL ROTATE active (accum_rad=0.041, timed_fallback=False, stall_count=0)
[robot_supervisor-7] [INFO] [1777470385.720883834] [robot_0.robot_supervisor]: FULL ROTATE active (accum_rad=0.105, timed_fallback=False, stall_count=0)
[robot_supervisor-7] [INFO] [1777470385.820975146] [robot_0.robot_supervisor]: FULL ROTATE active (accum_rad=0.198, timed_fallback=False, stall_count=0)
[robot_supervisor-7] [INFO] [1777470385.920975683] [robot_0.robot_supervisor]: FULL ROTATE active (accum_rad=0.298, timed_fallback=False, stall_count=0)
[robot_supervisor-19] [INFO] [1777470385.991443415] [robot_4.robot_supervisor]: Selected controllable event: EV_move_forward
[robot_supervisor-7] [INFO] [1777470386.020937148] [robot_0.robot_supervisor]: FULL ROTATE active (accum_rad=0.398, timed_fallback=False, stall_count=0)
[robot_supervisor-7] [INFO] [1777470386.120767762] [robot_0.robot_supervisor]: FULL ROTATE active (accum_rad=0.498, timed_fallback=False, stall_count=0)
[robot_supervisor-16] [INFO] [1777470386.164543720] [robot_3.robot_supervisor]: Selected controllable event: EV_move_forward
[robot_supervisor-7] [INFO] [1777470386.220801479] [robot_0.robot_supervisor]: FULL ROTATE active (accum_rad=0.598, timed_fallback=False, stall_count=0)
[robot_supervisor-19] [INFO] [1777470386.291592544] [robot_4.robot_supervisor]: Selected controllable event: EV_random_walk
[image_processor-22] [INFO] [1777470386.308762479] [robot_1.image_processor]: Zone=CORNER
[robot_supervisor-7] [INFO] [1777470386.321071068] [robot_0.robot_supervisor]: FULL ROTATE active (accum_rad=0.698, timed_fallback=False, stall_count=0)
[image_processor-24] [INFO] [1777470386.327606114] [robot_3.image_processor]: Zone=CLEAR
[image_processor-25] [INFO] [1777470386.346738228] [robot_4.image_processor]: Zone=CLEAR
[image_processor-23] [INFO] [1777470386.356826811] [robot_2.image_processor]: Zone=LEFT  left[p=0.513 near=6782 v=7650]  front[p=1.003 near=0 v=13049]  right[p=2.133 near=0 v=7452]
[robot_supervisor-13] [INFO] [1777470386.357788785] [robot_2.robot_supervisor]: Detected zone changed to LEFT
[image_processor-21] [INFO] [1777470386.368951171] [robot_0.image_processor]: Zone=CORNER
[robot_supervisor-7] [INFO] [1777470386.421081955] [robot_0.robot_supervisor]: FULL ROTATE active (accum_rad=0.798, timed_fallback=False, stall_count=0)
[robot_supervisor-16] [INFO] [1777470386.464374500] [robot_3.robot_supervisor]: Selected controllable event: EV_random_walk
[robot_supervisor-13] [INFO] [1777470386.498936050] [robot_2.robot_supervisor]: Selected controllable event: EV_full_rotate
[robot_supervisor-13] [INFO] [1777470386.499530868] [robot_2.robot_supervisor]: Starting FULL ROTATE (omega=1.000, have_odom=True, target_rad=3.142, timeout_s=3.500)
[robot_supervisor-7] [INFO] [1777470386.520840350] [robot_0.robot_supervisor]: FULL ROTATE active (accum_rad=0.898, timed_fallback=False, stall_count=0)
[robot_supervisor-19] [INFO] [1777470386.591351671] [robot_4.robot_supervisor]: Selected controllable event: EV_move_forward
[robot_supervisor-13] [INFO] [1777470386.598950449] [robot_2.robot_supervisor]: FULL ROTATE active (accum_rad=0.000, timed_fallback=False, stall_count=0)
[robot_supervisor-7] [INFO] [1777470386.620802110] [robot_0.robot_supervisor]: FULL ROTATE active (accum_rad=0.998, timed_fallback=False, stall_count=0)
[robot_supervisor-13] [INFO] [1777470386.698587233] [robot_2.robot_supervisor]: FULL ROTATE active (accum_rad=0.003, timed_fallback=False, stall_count=0)
[robot_supervisor-7] [INFO] [1777470386.720891216] [robot_0.robot_supervisor]: FULL ROTATE active (accum_rad=1.098, timed_fallback=False, stall_count=0)
[robot_supervisor-16] [INFO] [1777470386.764318809] [robot_3.robot_supervisor]: Selected controllable event: EV_move_forward
[robot_supervisor-13] [INFO] [1777470386.798910666] [robot_2.robot_supervisor]: FULL ROTATE active (accum_rad=0.037, timed_fallback=False, stall_count=0)
[robot_supervisor-7] [INFO] [1777470386.821098034] [robot_0.robot_supervisor]: FULL ROTATE active (accum_rad=1.198, timed_fallback=False, stall_count=0)
[robot_supervisor-19] [INFO] [1777470386.891511450] [robot_4.robot_supervisor]: Selected controllable event: EV_random_walk
[robot_supervisor-13] [INFO] [1777470386.898763365] [robot_2.robot_supervisor]: FULL ROTATE active (accum_rad=0.100, timed_fallback=False, stall_count=0)
[robot_supervisor-10] [INFO] [1777470386.909720492] [robot_1.robot_supervisor]: Selected controllable event: EV_full_rotate
[robot_supervisor-10] [INFO] [1777470386.910261473] [robot_1.robot_supervisor]: Starting FULL ROTATE (omega=1.000, have_odom=True, target_rad=3.142, timeout_s=3.500)
[robot_supervisor-7] [INFO] [1777470386.920793371] [robot_0.robot_supervisor]: FULL ROTATE active (accum_rad=1.298, timed_fallback=False, stall_count=0)
[robot_supervisor-13] [INFO] [1777470386.998926176] [robot_2.robot_supervisor]: FULL ROTATE active (accum_rad=0.193, timed_fallback=False, stall_count=0)
[robot_supervisor-10] [INFO] [1777470387.009645123] [robot_1.robot_supervisor]: FULL ROTATE active (accum_rad=0.000, timed_fallback=False, stall_count=0)
[robot_supervisor-7] [INFO] [1777470387.020816155] [robot_0.robot_supervisor]: FULL ROTATE active (accum_rad=1.398, timed_fallback=False, stall_count=0)
[robot_supervisor-16] [INFO] [1777470387.064338163] [robot_3.robot_supervisor]: Selected controllable event: EV_random_walk
[robot_supervisor-13] [INFO] [1777470387.098646498] [robot_2.robot_supervisor]: FULL ROTATE active (accum_rad=0.293, timed_fallback=False, stall_count=0)
[robot_supervisor-10] [INFO] [1777470387.109408398] [robot_1.robot_supervisor]: FULL ROTATE active (accum_rad=0.002, timed_fallback=False, stall_count=0)
[robot_supervisor-7] [INFO] [1777470387.121039052] [robot_0.robot_supervisor]: FULL ROTATE active (accum_rad=1.498, timed_fallback=False, stall_count=0)
[robot_supervisor-19] [INFO] [1777470387.191706885] [robot_4.robot_supervisor]: Selected controllable event: EV_move_forward
[robot_supervisor-13] [INFO] [1777470387.198838111] [robot_2.robot_supervisor]: FULL ROTATE active (accum_rad=0.393, timed_fallback=False, stall_count=0)
[robot_supervisor-10] [INFO] [1777470387.209408932] [robot_1.robot_supervisor]: FULL ROTATE active (accum_rad=0.030, timed_fallback=False, stall_count=0)
[robot_supervisor-7] [INFO] [1777470387.221114579] [robot_0.robot_supervisor]: FULL ROTATE active (accum_rad=1.598, timed_fallback=False, stall_count=0)
[robot_supervisor-13] [INFO] [1777470387.298525215] [robot_2.robot_supervisor]: FULL ROTATE active (accum_rad=0.493, timed_fallback=False, stall_count=0)
[robot_supervisor-10] [INFO] [1777470387.309508769] [robot_1.robot_supervisor]: FULL ROTATE active (accum_rad=0.087, timed_fallback=False, stall_count=0)
[robot_supervisor-7] [INFO] [1777470387.320989734] [robot_0.robot_supervisor]: FULL ROTATE active (accum_rad=1.698, timed_fallback=False, stall_count=0)
[robot_supervisor-16] [INFO] [1777470387.364557153] [robot_3.robot_supervisor]: Selected controllable event: EV_move_forward
[robot_supervisor-13] [INFO] [1777470387.398764214] [robot_2.robot_supervisor]: FULL ROTATE active (accum_rad=0.593, timed_fallback=False, stall_count=0)
[robot_supervisor-10] [INFO] [1777470387.409427349] [robot_1.robot_supervisor]: FULL ROTATE active (accum_rad=0.175, timed_fallback=False, stall_count=0)
[robot_supervisor-7] [INFO] [1777470387.421057584] [robot_0.robot_supervisor]: FULL ROTATE active (accum_rad=1.798, timed_fallback=False, stall_count=0)
[robot_supervisor-19] [INFO] [1777470387.491347011] [robot_4.robot_supervisor]: Selected controllable event: EV_random_walk
[robot_supervisor-13] [INFO] [1777470387.498450184] [robot_2.robot_supervisor]: FULL ROTATE active (accum_rad=0.693, timed_fallback=False, stall_count=0)
[robot_supervisor-10] [INFO] [1777470387.509446913] [robot_1.robot_supervisor]: FULL ROTATE active (accum_rad=0.275, timed_fallback=False, stall_count=0)
[robot_supervisor-7] [INFO] [1777470387.520753208] [robot_0.robot_supervisor]: FULL ROTATE active (accum_rad=1.898, timed_fallback=False, stall_count=0)
[robot_supervisor-13] [INFO] [1777470387.598412457] [robot_2.robot_supervisor]: FULL ROTATE active (accum_rad=0.793, timed_fallback=False, stall_count=0)
[robot_supervisor-10] [INFO] [1777470387.609469543] [robot_1.robot_supervisor]: FULL ROTATE active (accum_rad=0.375, timed_fallback=False, stall_count=0)
[robot_supervisor-7] [INFO] [1777470387.620952823] [robot_0.robot_supervisor]: FULL ROTATE active (accum_rad=1.998, timed_fallback=False, stall_count=0)
[robot_supervisor-16] [INFO] [1777470387.664257425] [robot_3.robot_supervisor]: Selected controllable event: EV_random_walk
[robot_supervisor-13] [INFO] [1777470387.698521808] [robot_2.robot_supervisor]: FULL ROTATE active (accum_rad=0.893, timed_fallback=False, stall_count=0)
[robot_supervisor-10] [INFO] [1777470387.709333346] [robot_1.robot_supervisor]: FULL ROTATE active (accum_rad=0.475, timed_fallback=False, stall_count=0)
[robot_supervisor-7] [INFO] [1777470387.720663355] [robot_0.robot_supervisor]: FULL ROTATE active (accum_rad=2.098, timed_fallback=False, stall_count=0)
[robot_supervisor-19] [INFO] [1777470387.791500745] [robot_4.robot_supervisor]: Selected controllable event: EV_move_forward
[robot_supervisor-13] [INFO] [1777470387.798519288] [robot_2.robot_supervisor]: FULL ROTATE active (accum_rad=0.993, timed_fallback=False, stall_count=0)
[robot_supervisor-10] [INFO] [1777470387.809550160] [robot_1.robot_supervisor]: FULL ROTATE active (accum_rad=0.575, timed_fallback=False, stall_count=0)
[robot_supervisor-7] [INFO] [1777470387.820757002] [robot_0.robot_supervisor]: FULL ROTATE active (accum_rad=2.198, timed_fallback=False, stall_count=0)
[robot_supervisor-13] [INFO] [1777470387.898630327] [robot_2.robot_supervisor]: FULL ROTATE active (accum_rad=1.093, timed_fallback=False, stall_count=0)
[robot_supervisor-10] [INFO] [1777470387.909407747] [robot_1.robot_supervisor]: FULL ROTATE active (accum_rad=0.675, timed_fallback=False, stall_count=0)
[robot_supervisor-7] [INFO] [1777470387.920787744] [robot_0.robot_supervisor]: FULL ROTATE active (accum_rad=2.298, timed_fallback=False, stall_count=0)
[robot_supervisor-16] [INFO] [1777470387.964217791] [robot_3.robot_supervisor]: Selected controllable event: EV_move_forward
[robot_supervisor-13] [INFO] [1777470387.998532956] [robot_2.robot_supervisor]: FULL ROTATE active (accum_rad=1.193, timed_fallback=False, stall_count=0)
[robot_supervisor-10] [INFO] [1777470388.009433176] [robot_1.robot_supervisor]: FULL ROTATE active (accum_rad=0.775, timed_fallback=False, stall_count=0)
[robot_supervisor-7] [INFO] [1777470388.020694969] [robot_0.robot_supervisor]: FULL ROTATE active (accum_rad=2.398, timed_fallback=False, stall_count=0)
[robot_supervisor-19] [INFO] [1777470388.091180087] [robot_4.robot_supervisor]: Selected controllable event: EV_random_walk
[robot_supervisor-13] [INFO] [1777470388.098661423] [robot_2.robot_supervisor]: FULL ROTATE active (accum_rad=1.293, timed_fallback=False, stall_count=0)
[robot_supervisor-10] [INFO] [1777470388.109381927] [robot_1.robot_supervisor]: FULL ROTATE active (accum_rad=0.875, timed_fallback=False, stall_count=0)
[robot_supervisor-7] [INFO] [1777470388.120906341] [robot_0.robot_supervisor]: FULL ROTATE active (accum_rad=2.498, timed_fallback=False, stall_count=0)
[robot_supervisor-13] [INFO] [1777470388.198628968] [robot_2.robot_supervisor]: FULL ROTATE active (accum_rad=1.393, timed_fallback=False, stall_count=0)
[robot_supervisor-10] [INFO] [1777470388.209377817] [robot_1.robot_supervisor]: FULL ROTATE active (accum_rad=0.975, timed_fallback=False, stall_count=0)
[robot_supervisor-7] [INFO] [1777470388.220792181] [robot_0.robot_supervisor]: FULL ROTATE active (accum_rad=2.598, timed_fallback=False, stall_count=0)
[robot_supervisor-16] [INFO] [1777470388.264171817] [robot_3.robot_supervisor]: Selected controllable event: EV_random_walk
[robot_supervisor-13] [INFO] [1777470388.298635561] [robot_2.robot_supervisor]: FULL ROTATE active (accum_rad=1.493, timed_fallback=False, stall_count=0)
[robot_supervisor-10] [INFO] [1777470388.309380507] [robot_1.robot_supervisor]: FULL ROTATE active (accum_rad=1.075, timed_fallback=False, stall_count=0)
[robot_supervisor-7] [INFO] [1777470388.320766038] [robot_0.robot_supervisor]: FULL ROTATE active (accum_rad=2.698, timed_fallback=False, stall_count=0)
[robot_supervisor-13] [INFO] [1777470388.398840893] [robot_2.robot_supervisor]: FULL ROTATE active (accum_rad=1.593, timed_fallback=False, stall_count=0)
[robot_supervisor-10] [INFO] [1777470388.409452480] [robot_1.robot_supervisor]: FULL ROTATE active (accum_rad=1.175, timed_fallback=False, stall_count=0)
[robot_supervisor-7] [INFO] [1777470388.420741520] [robot_0.robot_supervisor]: FULL ROTATE active (accum_rad=2.798, timed_fallback=False, stall_count=0)
[robot_supervisor-13] [INFO] [1777470388.498659604] [robot_2.robot_supervisor]: FULL ROTATE active (accum_rad=1.693, timed_fallback=False, stall_count=0)
[robot_supervisor-10] [INFO] [1777470388.509454403] [robot_1.robot_supervisor]: FULL ROTATE active (accum_rad=1.275, timed_fallback=False, stall_count=0)
[robot_supervisor-7] [INFO] [1777470388.520821738] [robot_0.robot_supervisor]: FULL ROTATE active (accum_rad=2.898, timed_fallback=False, stall_count=0)
[robot_supervisor-13] [INFO] [1777470388.598631133] [robot_2.robot_supervisor]: FULL ROTATE active (accum_rad=1.793, timed_fallback=False, stall_count=0)
[robot_supervisor-10] [INFO] [1777470388.609416736] [robot_1.robot_supervisor]: FULL ROTATE active (accum_rad=1.375, timed_fallback=False, stall_count=0)
[robot_supervisor-7] [INFO] [1777470388.620684644] [robot_0.robot_supervisor]: FULL ROTATE active (accum_rad=2.998, timed_fallback=False, stall_count=0)
[robot_supervisor-13] [INFO] [1777470388.698498269] [robot_2.robot_supervisor]: FULL ROTATE active (accum_rad=1.893, timed_fallback=False, stall_count=0)
[robot_supervisor-10] [INFO] [1777470388.709414214] [robot_1.robot_supervisor]: FULL ROTATE active (accum_rad=1.475, timed_fallback=False, stall_count=0)
[robot_supervisor-7] [INFO] [1777470388.720783150] [robot_0.robot_supervisor]: FULL ROTATE active (accum_rad=3.098, timed_fallback=False, stall_count=0)
[robot_supervisor-7] [INFO] [1777470388.721253023] [robot_0.robot_supervisor]: FULL ROTATE completed by odom (accum_rad=3.198)
[robot_supervisor-7] [INFO] [1777470388.721640018] [robot_0.robot_supervisor]: FULL ROTATE stopped; supervisor will select next event next tick
[robot_supervisor-13] [INFO] [1777470388.798501023] [robot_2.robot_supervisor]: FULL ROTATE active (accum_rad=1.993, timed_fallback=False, stall_count=0)
[image_processor-22] [INFO] [1777470388.803503643] [robot_1.image_processor]: Zone=CORNER
[robot_supervisor-10] [INFO] [1777470388.809241061] [robot_1.robot_supervisor]: FULL ROTATE active (accum_rad=1.575, timed_fallback=False, stall_count=0)
[image_processor-24] [INFO] [1777470388.815109752] [robot_3.image_processor]: Zone=CLEAR
[image_processor-25] [INFO] [1777470388.830349867] [robot_4.image_processor]: Zone=CLEAR
[image_processor-23] [INFO] [1777470388.843340455] [robot_2.image_processor]: Zone=RIGHT  left[p=2.299 near=0 v=7650]  front[p=1.799 near=0 v=13500]  right[p=0.379 near=5302 v=7740]
[robot_supervisor-13] [INFO] [1777470388.844055411] [robot_2.robot_supervisor]: Detected zone changed to RIGHT
[image_processor-21] [INFO] [1777470388.858897444] [robot_0.image_processor]: Zone=CLEAR  left[p=2.409 near=0 v=5230]  front[p=1.734 near=0 v=12711]  right[p=1.362 near=0 v=7740]
[robot_supervisor-7] [INFO] [1777470388.859424763] [robot_0.robot_supervisor]: Detected zone changed to CLEAR
[robot_supervisor-13] [INFO] [1777470388.898747213] [robot_2.robot_supervisor]: FULL ROTATE active (accum_rad=2.093, timed_fallback=False, stall_count=0)
[robot_supervisor-10] [INFO] [1777470388.909396147] [robot_1.robot_supervisor]: FULL ROTATE active (accum_rad=1.675, timed_fallback=False, stall_count=0)
[robot_supervisor-13] [INFO] [1777470388.998675536] [robot_2.robot_supervisor]: FULL ROTATE active (accum_rad=2.193, timed_fallback=False, stall_count=0)
[robot_supervisor-10] [INFO] [1777470389.009495255] [robot_1.robot_supervisor]: FULL ROTATE active (accum_rad=1.775, timed_fallback=False, stall_count=0)
[robot_supervisor-13] [INFO] [1777470389.098472457] [robot_2.robot_supervisor]: FULL ROTATE active (accum_rad=2.293, timed_fallback=False, stall_count=0)
[robot_supervisor-10] [INFO] [1777470389.109344418] [robot_1.robot_supervisor]: FULL ROTATE active (accum_rad=1.875, timed_fallback=False, stall_count=0)
[robot_supervisor-7] [INFO] [1777470389.120761696] [robot_0.robot_supervisor]: Selected controllable event: EV_move_forward
[robot_supervisor-13] [INFO] [1777470389.198470527] [robot_2.robot_supervisor]: FULL ROTATE active (accum_rad=2.393, timed_fallback=False, stall_count=0)
[robot_supervisor-10] [INFO] [1777470389.209305555] [robot_1.robot_supervisor]: FULL ROTATE active (accum_rad=1.975, timed_fallback=False, stall_count=0)
[robot_supervisor-13] [INFO] [1777470389.298504417] [robot_2.robot_supervisor]: FULL ROTATE active (accum_rad=2.493, timed_fallback=False, stall_count=0)
[robot_supervisor-10] [INFO] [1777470389.309489793] [robot_1.robot_supervisor]: FULL ROTATE active (accum_rad=2.075, timed_fallback=False, stall_count=0)
[robot_supervisor-13] [INFO] [1777470389.398535677] [robot_2.robot_supervisor]: FULL ROTATE active (accum_rad=2.593, timed_fallback=False, stall_count=0)
[robot_supervisor-10] [INFO] [1777470389.409412218] [robot_1.robot_supervisor]: FULL ROTATE active (accum_rad=2.175, timed_fallback=False, stall_count=0)
[robot_supervisor-7] [INFO] [1777470389.420708747] [robot_0.robot_supervisor]: Selected controllable event: EV_random_walk
[robot_supervisor-13] [INFO] [1777470389.498441868] [robot_2.robot_supervisor]: FULL ROTATE active (accum_rad=2.693, timed_fallback=False, stall_count=0)
[robot_supervisor-10] [INFO] [1777470389.509355940] [robot_1.robot_supervisor]: FULL ROTATE active (accum_rad=2.275, timed_fallback=False, stall_count=0)
[robot_supervisor-19] [INFO] [1777470389.591483332] [robot_4.robot_supervisor]: Selected controllable event: EV_move_forward
[robot_supervisor-13] [INFO] [1777470389.598431636] [robot_2.robot_supervisor]: FULL ROTATE active (accum_rad=2.793, timed_fallback=False, stall_count=0)
[robot_supervisor-10] [INFO] [1777470389.609463432] [robot_1.robot_supervisor]: FULL ROTATE active (accum_rad=2.375, timed_fallback=False, stall_count=0)
[robot_supervisor-13] [INFO] [1777470389.698699207] [robot_2.robot_supervisor]: FULL ROTATE active (accum_rad=2.893, timed_fallback=False, stall_count=0)
[robot_supervisor-10] [INFO] [1777470389.709416746] [robot_1.robot_supervisor]: FULL ROTATE active (accum_rad=2.475, timed_fallback=False, stall_count=0)
[robot_supervisor-7] [INFO] [1777470389.720760565] [robot_0.robot_supervisor]: Selected controllable event: EV_move_forward
[robot_supervisor-16] [INFO] [1777470389.764441080] [robot_3.robot_supervisor]: Selected controllable event: EV_move_forward
[robot_supervisor-13] [INFO] [1777470389.798379962] [robot_2.robot_supervisor]: FULL ROTATE active (accum_rad=2.993, timed_fallback=False, stall_count=0)
[robot_supervisor-10] [INFO] [1777470389.809528137] [robot_1.robot_supervisor]: FULL ROTATE active (accum_rad=2.575, timed_fallback=False, stall_count=0)
[robot_supervisor-19] [INFO] [1777470389.891306657] [robot_4.robot_supervisor]: Selected controllable event: EV_random_walk
[robot_supervisor-13] [INFO] [1777470389.898423306] [robot_2.robot_supervisor]: FULL ROTATE active (accum_rad=3.093, timed_fallback=False, stall_count=0)
[robot_supervisor-13] [INFO] [1777470389.898796113] [robot_2.robot_supervisor]: FULL ROTATE completed by odom (accum_rad=3.193)
[robot_supervisor-13] [INFO] [1777470389.899144951] [robot_2.robot_supervisor]: FULL ROTATE stopped; supervisor will select next event next tick
[robot_supervisor-10] [INFO] [1777470389.909410426] [robot_1.robot_supervisor]: FULL ROTATE active (accum_rad=2.675, timed_fallback=False, stall_count=0)
[robot_supervisor-10] [INFO] [1777470390.009398584] [robot_1.robot_supervisor]: FULL ROTATE active (accum_rad=2.775, timed_fallback=False, stall_count=0)
[robot_supervisor-7] [INFO] [1777470390.020806773] [robot_0.robot_supervisor]: Selected controllable event: EV_random_walk
[robot_supervisor-16] [INFO] [1777470390.064358897] [robot_3.robot_supervisor]: Selected controllable event: EV_random_walk
[robot_supervisor-10] [INFO] [1777470390.109398432] [robot_1.robot_supervisor]: FULL ROTATE active (accum_rad=2.875, timed_fallback=False, stall_count=0)
[robot_supervisor-19] [INFO] [1777470390.191211563] [robot_4.robot_supervisor]: Selected controllable event: EV_move_forward
[robot_supervisor-10] [INFO] [1777470390.209475449] [robot_1.robot_supervisor]: FULL ROTATE active (accum_rad=2.975, timed_fallback=False, stall_count=0)
[robot_supervisor-13] [INFO] [1777470390.299024260] [robot_2.robot_supervisor]: Selected controllable event: EV_rotate_counterclockwise
[robot_supervisor-10] [INFO] [1777470390.309639545] [robot_1.robot_supervisor]: FULL ROTATE active (accum_rad=3.075, timed_fallback=False, stall_count=0)
[robot_supervisor-10] [INFO] [1777470390.310138785] [robot_1.robot_supervisor]: FULL ROTATE completed by odom (accum_rad=3.175)
[robot_supervisor-10] [INFO] [1777470390.310535108] [robot_1.robot_supervisor]: FULL ROTATE stopped; supervisor will select next event next tick
[robot_supervisor-7] [INFO] [1777470390.321260959] [robot_0.robot_supervisor]: Selected controllable event: EV_move_forward
[robot_supervisor-16] [INFO] [1777470390.364217931] [robot_3.robot_supervisor]: Selected controllable event: EV_move_forward
[robot_supervisor-19] [INFO] [1777470390.491529764] [robot_4.robot_supervisor]: Selected controllable event: EV_random_walk
[robot_supervisor-7] [INFO] [1777470390.620843874] [robot_0.robot_supervisor]: Selected controllable event: EV_random_walk
[robot_supervisor-16] [INFO] [1777470390.664487497] [robot_3.robot_supervisor]: Selected controllable event: EV_random_walk
[robot_supervisor-10] [INFO] [1777470390.709410739] [robot_1.robot_supervisor]: Selected controllable event: EV_move_backward
[robot_supervisor-7] [INFO] [1777470390.920879127] [robot_0.robot_supervisor]: Selected controllable event: EV_move_forward
[robot_supervisor-16] [INFO] [1777470390.964340933] [robot_3.robot_supervisor]: Selected controllable event: EV_move_forward
[robot_supervisor-10] [INFO] [1777470391.109498569] [robot_1.robot_supervisor]: Selected controllable event: EV_rotate_clockwise
[robot_supervisor-7] [INFO] [1777470391.220631832] [robot_0.robot_supervisor]: Selected controllable event: EV_random_walk
[robot_supervisor-16] [INFO] [1777470391.264709001] [robot_3.robot_supervisor]: Selected controllable event: EV_random_walk
[image_processor-22] [INFO] [1777470391.301422180] [robot_1.image_processor]: Zone=CORNER
[image_processor-24] [INFO] [1777470391.309122145] [robot_3.image_processor]: Zone=CLEAR
[image_processor-23] [INFO] [1777470391.333875266] [robot_2.image_processor]: Zone=RIGHT
[image_processor-21] [INFO] [1777470391.350519723] [robot_0.image_processor]: Zone=CLEAR
[image_processor-25] [INFO] [1777470391.418807172] [robot_4.image_processor]: Zone=CLEAR
[robot_supervisor-7] [INFO] [1777470391.520595030] [robot_0.robot_supervisor]: Selected controllable event: EV_move_forward
[robot_supervisor-16] [INFO] [1777470391.564495108] [robot_3.robot_supervisor]: Selected controllable event: EV_move_forward
[robot_supervisor-19] [INFO] [1777470391.691234641] [robot_4.robot_supervisor]: Selected controllable event: EV_move_forward
[robot_supervisor-7] [INFO] [1777470391.820936864] [robot_0.robot_supervisor]: Selected controllable event: EV_random_walk
[robot_supervisor-16] [INFO] [1777470391.864036173] [robot_3.robot_supervisor]: Selected controllable event: EV_random_walk
[robot_supervisor-19] [INFO] [1777470391.991589858] [robot_4.robot_supervisor]: Selected controllable event: EV_random_walk
[robot_supervisor-7] [INFO] [1777470392.120813724] [robot_0.robot_supervisor]: Selected controllable event: EV_move_forward
[robot_supervisor-16] [INFO] [1777470392.164286131] [robot_3.robot_supervisor]: Selected controllable event: EV_move_forward
[robot_supervisor-13] [INFO] [1777470392.398754845] [robot_2.robot_supervisor]: Selected controllable event: EV_rotate_counterclockwise
[robot_supervisor-13] [INFO] [1777470392.399425986] [robot_2.robot_supervisor]: rotate_90 blocked by recent completion; stopping this tick
[robot_supervisor-7] [INFO] [1777470392.420629218] [robot_0.robot_supervisor]: Selected controllable event: EV_random_walk
[robot_supervisor-16] [INFO] [1777470392.464481294] [robot_3.robot_supervisor]: Selected controllable event: EV_random_walk
[robot_supervisor-13] [INFO] [1777470392.498534563] [robot_2.robot_supervisor]: Selected controllable event: EV_rotate_counterclockwise
[robot_supervisor-13] [INFO] [1777470392.498904393] [robot_2.robot_supervisor]: rotate_90 blocked by recent completion; stopping this tick
[robot_supervisor-13] [INFO] [1777470392.598558326] [robot_2.robot_supervisor]: Selected controllable event: EV_rotate_counterclockwise
[robot_supervisor-13] [INFO] [1777470392.598877724] [robot_2.robot_supervisor]: rotate_90 blocked by recent completion; stopping this tick
[robot_supervisor-13] [INFO] [1777470392.698642170] [robot_2.robot_supervisor]: Selected controllable event: EV_rotate_counterclockwise
[robot_supervisor-16] [INFO] [1777470392.764243825] [robot_3.robot_supervisor]: Selected controllable event: EV_move_forward
[robot_supervisor-16] [INFO] [1777470393.064413378] [robot_3.robot_supervisor]: Selected controllable event: EV_random_walk
[robot_supervisor-10] [INFO] [1777470393.309491794] [robot_1.robot_supervisor]: Selected controllable event: EV_full_rotate
[robot_supervisor-10] [INFO] [1777470393.309848410] [robot_1.robot_supervisor]: Starting FULL ROTATE (omega=1.000, have_odom=True, target_rad=3.142, timeout_s=3.500)
[robot_supervisor-10] [INFO] [1777470393.409358782] [robot_1.robot_supervisor]: FULL ROTATE active (accum_rad=0.000, timed_fallback=False, stall_count=0)
[robot_supervisor-19] [INFO] [1777470393.491488862] [robot_4.robot_supervisor]: Selected controllable event: EV_move_forward
[robot_supervisor-10] [INFO] [1777470393.509133734] [robot_1.robot_supervisor]: FULL ROTATE active (accum_rad=0.008, timed_fallback=False, stall_count=0)
[robot_supervisor-10] [INFO] [1777470393.609182842] [robot_1.robot_supervisor]: FULL ROTATE active (accum_rad=0.046, timed_fallback=False, stall_count=0)
[robot_supervisor-10] [INFO] [1777470393.709439162] [robot_1.robot_supervisor]: FULL ROTATE active (accum_rad=0.113, timed_fallback=False, stall_count=0)
[robot_supervisor-19] [INFO] [1777470393.791442373] [robot_4.robot_supervisor]: Selected controllable event: EV_random_walk
[image_processor-22] [INFO] [1777470393.801745346] [robot_1.image_processor]: Zone=CORNER
[robot_supervisor-10] [INFO] [1777470393.809309969] [robot_1.robot_supervisor]: FULL ROTATE active (accum_rad=0.208, timed_fallback=False, stall_count=0)
[image_processor-24] [INFO] [1777470393.812790865] [robot_3.image_processor]: Zone=CLEAR
[image_processor-25] [INFO] [1777470393.822891580] [robot_4.image_processor]: Zone=CLEAR
[image_processor-23] [INFO] [1777470393.834671850] [robot_2.image_processor]: Zone=CLEAR  left[p=2.087 near=0 v=7650]  front[p=2.390 near=0 v=10064]  right[p=2.410 near=0 v=5544]
[robot_supervisor-13] [INFO] [1777470393.835606229] [robot_2.robot_supervisor]: Detected zone changed to CLEAR
[image_processor-21] [INFO] [1777470393.846220794] [robot_0.image_processor]: Zone=CLEAR
[robot_supervisor-10] [INFO] [1777470393.909190842] [robot_1.robot_supervisor]: FULL ROTATE active (accum_rad=0.308, timed_fallback=False, stall_count=0)
[robot_supervisor-7] [INFO] [1777470393.920782335] [robot_0.robot_supervisor]: Selected controllable event: EV_move_forward
[robot_supervisor-10] [INFO] [1777470394.009378871] [robot_1.robot_supervisor]: FULL ROTATE active (accum_rad=0.408, timed_fallback=False, stall_count=0)
[robot_supervisor-10] [INFO] [1777470394.109625332] [robot_1.robot_supervisor]: FULL ROTATE active (accum_rad=0.508, timed_fallback=False, stall_count=0)
[robot_supervisor-10] [INFO] [1777470394.209416594] [robot_1.robot_supervisor]: FULL ROTATE active (accum_rad=0.608, timed_fallback=False, stall_count=0)
[robot_supervisor-7] [INFO] [1777470394.220832896] [robot_0.robot_supervisor]: Selected controllable event: EV_random_walk
[robot_supervisor-10] [INFO] [1777470394.309521138] [robot_1.robot_supervisor]: FULL ROTATE active (accum_rad=0.708, timed_fallback=False, stall_count=0)
[robot_supervisor-16] [INFO] [1777470394.364373652] [robot_3.robot_supervisor]: Selected controllable event: EV_move_forward
[robot_supervisor-10] [INFO] [1777470394.409158665] [robot_1.robot_supervisor]: FULL ROTATE active (accum_rad=0.808, timed_fallback=False, stall_count=0)
[robot_supervisor-10] [INFO] [1777470394.509381882] [robot_1.robot_supervisor]: FULL ROTATE active (accum_rad=0.908, timed_fallback=False, stall_count=0)
[robot_supervisor-7] [INFO] [1777470394.520771936] [robot_0.robot_supervisor]: Selected controllable event: EV_move_forward
[robot_supervisor-10] [INFO] [1777470394.609352499] [robot_1.robot_supervisor]: FULL ROTATE active (accum_rad=1.008, timed_fallback=False, stall_count=0)
[robot_supervisor-16] [INFO] [1777470394.664369771] [robot_3.robot_supervisor]: Selected controllable event: EV_random_walk
[robot_supervisor-10] [INFO] [1777470394.709397431] [robot_1.robot_supervisor]: FULL ROTATE active (accum_rad=1.108, timed_fallback=False, stall_count=0)
[robot_supervisor-13] [INFO] [1777470394.798563886] [robot_2.robot_supervisor]: Selected controllable event: EV_move_forward
[robot_supervisor-10] [INFO] [1777470394.809468831] [robot_1.robot_supervisor]: FULL ROTATE active (accum_rad=1.208, timed_fallback=False, stall_count=0)
[robot_supervisor-7] [INFO] [1777470394.821131906] [robot_0.robot_supervisor]: Selected controllable event: EV_random_walk
[robot_supervisor-10] [INFO] [1777470394.909459851] [robot_1.robot_supervisor]: FULL ROTATE active (accum_rad=1.308, timed_fallback=False, stall_count=0)
[robot_supervisor-10] [INFO] [1777470395.009387354] [robot_1.robot_supervisor]: FULL ROTATE active (accum_rad=1.408, timed_fallback=False, stall_count=0)
[robot_supervisor-13] [INFO] [1777470395.098415074] [robot_2.robot_supervisor]: Selected controllable event: EV_random_walk
[robot_supervisor-10] [INFO] [1777470395.109369347] [robot_1.robot_supervisor]: FULL ROTATE active (accum_rad=1.508, timed_fallback=False, stall_count=0)
[robot_supervisor-7] [INFO] [1777470395.121110877] [robot_0.robot_supervisor]: Selected controllable event: EV_move_forward
[robot_supervisor-10] [INFO] [1777470395.209550632] [robot_1.robot_supervisor]: FULL ROTATE active (accum_rad=1.608, timed_fallback=False, stall_count=0)
[robot_supervisor-19] [INFO] [1777470395.291504011] [robot_4.robot_supervisor]: Selected controllable event: EV_move_forward
[robot_supervisor-10] [INFO] [1777470395.309609806] [robot_1.robot_supervisor]: FULL ROTATE active (accum_rad=1.708, timed_fallback=False, stall_count=0)
[robot_supervisor-13] [INFO] [1777470395.398565806] [robot_2.robot_supervisor]: Selected controllable event: EV_move_forward
[robot_supervisor-10] [INFO] [1777470395.409402618] [robot_1.robot_supervisor]: FULL ROTATE active (accum_rad=1.808, timed_fallback=False, stall_count=0)
[robot_supervisor-7] [INFO] [1777470395.421064776] [robot_0.robot_supervisor]: Selected controllable event: EV_random_walk
[robot_supervisor-10] [INFO] [1777470395.509661917] [robot_1.robot_supervisor]: FULL ROTATE active (accum_rad=1.908, timed_fallback=False, stall_count=0)
[robot_supervisor-19] [INFO] [1777470395.591534318] [robot_4.robot_supervisor]: Selected controllable event: EV_random_walk
[robot_supervisor-10] [INFO] [1777470395.609335366] [robot_1.robot_supervisor]: FULL ROTATE active (accum_rad=2.008, timed_fallback=False, stall_count=0)
[robot_supervisor-13] [INFO] [1777470395.698544461] [robot_2.robot_supervisor]: Selected controllable event: EV_random_walk
[robot_supervisor-10] [INFO] [1777470395.709367633] [robot_1.robot_supervisor]: FULL ROTATE active (accum_rad=2.108, timed_fallback=False, stall_count=0)
[robot_supervisor-10] [INFO] [1777470395.809790282] [robot_1.robot_supervisor]: FULL ROTATE active (accum_rad=2.208, timed_fallback=False, stall_count=0)
[robot_supervisor-10] [INFO] [1777470395.909463527] [robot_1.robot_supervisor]: FULL ROTATE active (accum_rad=2.308, timed_fallback=False, stall_count=0)
[robot_supervisor-10] [INFO] [1777470396.009393101] [robot_1.robot_supervisor]: FULL ROTATE active (accum_rad=2.408, timed_fallback=False, stall_count=0)
[robot_supervisor-10] [INFO] [1777470396.109398036] [robot_1.robot_supervisor]: FULL ROTATE active (accum_rad=2.508, timed_fallback=False, stall_count=0)
[robot_supervisor-16] [INFO] [1777470396.164104285] [robot_3.robot_supervisor]: Selected controllable event: EV_move_forward
[robot_supervisor-10] [INFO] [1777470396.209345340] [robot_1.robot_supervisor]: FULL ROTATE active (accum_rad=2.608, timed_fallback=False, stall_count=0)
[image_processor-22] [INFO] [1777470396.303692968] [robot_1.image_processor]: Zone=CLEAR  left[p=1.500 near=0 v=4759]  front[p=2.078 near=0 v=8508]  right[p=1.325 near=0 v=7605]
[robot_supervisor-10] [INFO] [1777470396.304415977] [robot_1.robot_supervisor]: Detected zone changed to CLEAR
[robot_supervisor-10] [INFO] [1777470396.309279807] [robot_1.robot_supervisor]: FULL ROTATE active (accum_rad=2.708, timed_fallback=False, stall_count=0)
[image_processor-24] [INFO] [1777470396.312887704] [robot_3.image_processor]: Zone=CLEAR
[image_processor-25] [INFO] [1777470396.326768967] [robot_4.image_processor]: Zone=CLEAR
[image_processor-23] [INFO] [1777470396.336057737] [robot_2.image_processor]: Zone=CLEAR
[image_processor-21] [INFO] [1777470396.348951379] [robot_0.image_processor]: Zone=CORNER  left[p=0.980 near=0 v=7650]  front[p=0.462 near=11659 v=13500]  right[p=0.345 near=7740 v=7740]
[robot_supervisor-7] [INFO] [1777470396.349620152] [robot_0.robot_supervisor]: Detected zone changed to CORNER
[robot_supervisor-10] [INFO] [1777470396.409421206] [robot_1.robot_supervisor]: FULL ROTATE active (accum_rad=2.808, timed_fallback=False, stall_count=0)
[robot_supervisor-16] [INFO] [1777470396.464465624] [robot_3.robot_supervisor]: Selected controllable event: EV_random_walk
[robot_supervisor-10] [INFO] [1777470396.509448097] [robot_1.robot_supervisor]: FULL ROTATE active (accum_rad=2.908, timed_fallback=False, stall_count=0)
[robot_supervisor-10] [INFO] [1777470396.609351314] [robot_1.robot_supervisor]: FULL ROTATE active (accum_rad=3.008, timed_fallback=False, stall_count=0)
[robot_supervisor-10] [INFO] [1777470396.709425519] [robot_1.robot_supervisor]: FULL ROTATE active (accum_rad=3.108, timed_fallback=False, stall_count=0)
[robot_supervisor-10] [INFO] [1777470396.710035803] [robot_1.robot_supervisor]: FULL ROTATE completed by odom (accum_rad=3.208)
[robot_supervisor-10] [INFO] [1777470396.710433844] [robot_1.robot_supervisor]: FULL ROTATE stopped; supervisor will select next event next tick
[robot_supervisor-19] [INFO] [1777470396.891335029] [robot_4.robot_supervisor]: Selected controllable event: EV_move_forward
[robot_supervisor-7] [INFO] [1777470396.920828983] [robot_0.robot_supervisor]: Selected controllable event: EV_move_backward
[robot_supervisor-10] [INFO] [1777470397.009599892] [robot_1.robot_supervisor]: Selected controllable event: EV_move_forward
[robot_supervisor-19] [INFO] [1777470397.191443993] [robot_4.robot_supervisor]: Selected controllable event: EV_random_walk
[robot_supervisor-13] [INFO] [1777470397.198589832] [robot_2.robot_supervisor]: Selected controllable event: EV_move_forward
[robot_supervisor-10] [INFO] [1777470397.309280915] [robot_1.robot_supervisor]: Selected controllable event: EV_random_walk
[robot_supervisor-7] [INFO] [1777470397.321340563] [robot_0.robot_supervisor]: Selected controllable event: EV_rotate_clockwise
[robot_supervisor-19] [INFO] [1777470397.491565783] [robot_4.robot_supervisor]: Selected controllable event: EV_move_forward
[robot_supervisor-13] [INFO] [1777470397.498580766] [robot_2.robot_supervisor]: Selected controllable event: EV_random_walk
[robot_supervisor-10] [INFO] [1777470397.609617905] [robot_1.robot_supervisor]: Selected controllable event: EV_move_forward
[robot_supervisor-19] [INFO] [1777470397.791290442] [robot_4.robot_supervisor]: Selected controllable event: EV_random_walk
[robot_supervisor-10] [INFO] [1777470397.909475698] [robot_1.robot_supervisor]: Selected controllable event: EV_random_walk
[robot_supervisor-16] [INFO] [1777470397.964461108] [robot_3.robot_supervisor]: Selected controllable event: EV_move_forward
[robot_supervisor-19] [INFO] [1777470398.091487784] [robot_4.robot_supervisor]: Selected controllable event: EV_move_forward
[robot_supervisor-10] [INFO] [1777470398.209367849] [robot_1.robot_supervisor]: Selected controllable event: EV_move_forward
[robot_supervisor-16] [INFO] [1777470398.264373736] [robot_3.robot_supervisor]: Selected controllable event: EV_random_walk
[robot_supervisor-19] [INFO] [1777470398.391558243] [robot_4.robot_supervisor]: Selected controllable event: EV_random_walk
[robot_supervisor-10] [INFO] [1777470398.509590224] [robot_1.robot_supervisor]: Selected controllable event: EV_random_walk
[robot_supervisor-16] [INFO] [1777470398.564265349] [robot_3.robot_supervisor]: Selected controllable event: EV_move_forward
[robot_supervisor-19] [INFO] [1777470398.691286346] [robot_4.robot_supervisor]: Selected controllable event: EV_move_forward
[image_processor-22] [INFO] [1777470398.803992055] [robot_1.image_processor]: Zone=CLEAR
[image_processor-24] [INFO] [1777470398.815661675] [robot_3.image_processor]: Zone=CORNER  left[p=0.417 near=7650 v=7650]  front[p=0.600 near=6058 v=13500]  right[p=1.907 near=0 v=7740]
[robot_supervisor-16] [INFO] [1777470398.816354798] [robot_3.robot_supervisor]: Detected zone changed to CORNER
[image_processor-25] [INFO] [1777470398.829482586] [robot_4.image_processor]: Zone=CLEAR
[image_processor-23] [INFO] [1777470398.839998538] [robot_2.image_processor]: Zone=CLEAR
[image_processor-21] [INFO] [1777470398.848600485] [robot_0.image_processor]: Zone=CORNER
[robot_supervisor-16] [INFO] [1777470398.864279876] [robot_3.robot_supervisor]: Selected controllable event: EV_move_backward
[robot_supervisor-19] [INFO] [1777470398.991243882] [robot_4.robot_supervisor]: Selected controllable event: EV_random_walk
[robot_supervisor-13] [INFO] [1777470398.998578682] [robot_2.robot_supervisor]: Selected controllable event: EV_move_forward
[robot_supervisor-16] [INFO] [1777470399.264250330] [robot_3.robot_supervisor]: Selected controllable event: EV_rotate_clockwise
[robot_supervisor-13] [INFO] [1777470399.298597861] [robot_2.robot_supervisor]: Selected controllable event: EV_random_walk
[robot_supervisor-7] [INFO] [1777470399.420593444] [robot_0.robot_supervisor]: Selected controllable event: EV_full_rotate
[robot_supervisor-7] [INFO] [1777470399.420834585] [robot_0.robot_supervisor]: Starting FULL ROTATE (omega=1.000, have_odom=True, target_rad=3.142, timeout_s=3.500)
[robot_supervisor-7] [INFO] [1777470399.520714788] [robot_0.robot_supervisor]: FULL ROTATE active (accum_rad=0.000, timed_fallback=False, stall_count=0)
[robot_supervisor-13] [INFO] [1777470399.598602638] [robot_2.robot_supervisor]: Selected controllable event: EV_move_forward
[robot_supervisor-7] [INFO] [1777470399.620765546] [robot_0.robot_supervisor]: FULL ROTATE active (accum_rad=0.005, timed_fallback=False, stall_count=0)
[robot_supervisor-7] [INFO] [1777470399.720691296] [robot_0.robot_supervisor]: FULL ROTATE active (accum_rad=0.030, timed_fallback=False, stall_count=0)
[robot_supervisor-7] [INFO] [1777470399.820847829] [robot_0.robot_supervisor]: FULL ROTATE active (accum_rad=0.084, timed_fallback=False, stall_count=0)
[robot_supervisor-13] [INFO] [1777470399.898598685] [robot_2.robot_supervisor]: Selected controllable event: EV_random_walk
[robot_supervisor-7] [INFO] [1777470399.920717878] [robot_0.robot_supervisor]: FULL ROTATE active (accum_rad=0.169, timed_fallback=False, stall_count=0)
[robot_supervisor-10] [INFO] [1777470400.009412792] [robot_1.robot_supervisor]: Selected controllable event: EV_move_forward
[robot_supervisor-7] [INFO] [1777470400.020707449] [robot_0.robot_supervisor]: FULL ROTATE active (accum_rad=0.269, timed_fallback=False, stall_count=0)
[robot_supervisor-7] [INFO] [1777470400.120722256] [robot_0.robot_supervisor]: FULL ROTATE active (accum_rad=0.369, timed_fallback=False, stall_count=0)
[robot_supervisor-13] [INFO] [1777470400.198534988] [robot_2.robot_supervisor]: Selected controllable event: EV_move_forward
[robot_supervisor-7] [INFO] [1777470400.220680988] [robot_0.robot_supervisor]: FULL ROTATE active (accum_rad=0.469, timed_fallback=False, stall_count=0)
[robot_supervisor-10] [INFO] [1777470400.309690405] [robot_1.robot_supervisor]: Selected controllable event: EV_random_walk
[robot_supervisor-7] [INFO] [1777470400.320761853] [robot_0.robot_supervisor]: FULL ROTATE active (accum_rad=0.569, timed_fallback=False, stall_count=0)
[robot_supervisor-7] [INFO] [1777470400.420774172] [robot_0.robot_supervisor]: FULL ROTATE active (accum_rad=0.669, timed_fallback=False, stall_count=0)
[robot_supervisor-19] [INFO] [1777470400.491299926] [robot_4.robot_supervisor]: Selected controllable event: EV_move_forward
[robot_supervisor-13] [INFO] [1777470400.498411218] [robot_2.robot_supervisor]: Selected controllable event: EV_random_walk
[robot_supervisor-7] [INFO] [1777470400.520713377] [robot_0.robot_supervisor]: FULL ROTATE active (accum_rad=0.769, timed_fallback=False, stall_count=0)
[robot_supervisor-10] [INFO] [1777470400.609477486] [robot_1.robot_supervisor]: Selected controllable event: EV_move_forward
[robot_supervisor-7] [INFO] [1777470400.620692307] [robot_0.robot_supervisor]: FULL ROTATE active (accum_rad=0.869, timed_fallback=False, stall_count=0)
[robot_supervisor-7] [INFO] [1777470400.720703714] [robot_0.robot_supervisor]: FULL ROTATE active (accum_rad=0.969, timed_fallback=False, stall_count=0)
[robot_supervisor-19] [INFO] [1777470400.791286949] [robot_4.robot_supervisor]: Selected controllable event: EV_random_walk
[robot_supervisor-13] [INFO] [1777470400.798670890] [robot_2.robot_supervisor]: Selected controllable event: EV_move_forward
[robot_supervisor-7] [INFO] [1777470400.820832210] [robot_0.robot_supervisor]: FULL ROTATE active (accum_rad=1.069, timed_fallback=False, stall_count=0)
[robot_supervisor-10] [INFO] [1777470400.909522505] [robot_1.robot_supervisor]: Selected controllable event: EV_random_walk
[robot_supervisor-7] [INFO] [1777470400.920557898] [robot_0.robot_supervisor]: FULL ROTATE active (accum_rad=1.169, timed_fallback=False, stall_count=0)
[robot_supervisor-7] [INFO] [1777470401.020765643] [robot_0.robot_supervisor]: FULL ROTATE active (accum_rad=1.269, timed_fallback=False, stall_count=0)
[robot_supervisor-19] [INFO] [1777470401.091362994] [robot_4.robot_supervisor]: Selected controllable event: EV_move_forward
[robot_supervisor-13] [INFO] [1777470401.098281477] [robot_2.robot_supervisor]: Selected controllable event: EV_random_walk
[robot_supervisor-7] [INFO] [1777470401.120736771] [robot_0.robot_supervisor]: FULL ROTATE active (accum_rad=1.369, timed_fallback=False, stall_count=0)
[robot_supervisor-10] [INFO] [1777470401.209447292] [robot_1.robot_supervisor]: Selected controllable event: EV_move_forward
[robot_supervisor-7] [INFO] [1777470401.220702992] [robot_0.robot_supervisor]: FULL ROTATE active (accum_rad=1.469, timed_fallback=False, stall_count=0)
[image_processor-22] [INFO] [1777470401.304435642] [robot_1.image_processor]: Zone=CLEAR
[robot_supervisor-7] [INFO] [1777470401.320852437] [robot_0.robot_supervisor]: FULL ROTATE active (accum_rad=1.569, timed_fallback=False, stall_count=0)
[image_processor-24] [INFO] [1777470401.325880291] [robot_3.image_processor]: Zone=CLEAR  left[p=1.863 near=0 v=7233]  front[p=1.723 near=0 v=8806]  right[p=2.751 near=0 v=5056]
[robot_supervisor-16] [INFO] [1777470401.326717436] [robot_3.robot_supervisor]: Detected zone changed to CLEAR
[image_processor-25] [INFO] [1777470401.337050570] [robot_4.image_processor]: Zone=RIGHT  left[p=3.299 near=0 v=7650]  front[p=1.788 near=290 v=13500]  right[p=0.409 near=1331 v=7740]
[robot_supervisor-19] [INFO] [1777470401.338012590] [robot_4.robot_supervisor]: Detected zone changed to RIGHT
[image_processor-23] [INFO] [1777470401.348485810] [robot_2.image_processor]: Zone=RIGHT  left[p=3.409 near=0 v=6280]  front[p=2.905 near=194 v=9381]  right[p=0.398 near=1316 v=5384]
[robot_supervisor-13] [INFO] [1777470401.349077471] [robot_2.robot_supervisor]: Detected zone changed to RIGHT
[image_processor-21] [INFO] [1777470401.361846815] [robot_0.image_processor]: Zone=CORNER
[robot_supervisor-16] [INFO] [1777470401.364405972] [robot_3.robot_supervisor]: Selected controllable event: EV_full_rotate
[robot_supervisor-16] [INFO] [1777470401.364827500] [robot_3.robot_supervisor]: Starting FULL ROTATE (omega=1.000, have_odom=True, target_rad=3.142, timeout_s=3.500)
[robot_supervisor-19] [INFO] [1777470401.391141618] [robot_4.robot_supervisor]: Selected controllable event: EV_rotate_counterclockwise
[robot_supervisor-7] [INFO] [1777470401.420714286] [robot_0.robot_supervisor]: FULL ROTATE active (accum_rad=1.669, timed_fallback=False, stall_count=0)
[robot_supervisor-16] [INFO] [1777470401.464378907] [robot_3.robot_supervisor]: FULL ROTATE active (accum_rad=0.000, timed_fallback=False, stall_count=0)
[bump_counter-3] [INFO] [1777470401.508770933] [bump_counter]: [global] bump #11 (robot) with: robot_2<->robot_4
[robot_supervisor-10] [INFO] [1777470401.509244460] [robot_1.robot_supervisor]: Selected controllable event: EV_random_walk
[robot_supervisor-7] [INFO] [1777470401.520792239] [robot_0.robot_supervisor]: FULL ROTATE active (accum_rad=1.769, timed_fallback=False, stall_count=0)
[robot_supervisor-16] [INFO] [1777470401.564177748] [robot_3.robot_supervisor]: FULL ROTATE active (accum_rad=0.002, timed_fallback=False, stall_count=0)
[robot_supervisor-7] [INFO] [1777470401.620737345] [robot_0.robot_supervisor]: FULL ROTATE active (accum_rad=1.869, timed_fallback=False, stall_count=0)
[robot_supervisor-16] [INFO] [1777470401.664014978] [robot_3.robot_supervisor]: FULL ROTATE active (accum_rad=0.030, timed_fallback=False, stall_count=0)
[robot_supervisor-7] [INFO] [1777470401.720806920] [robot_0.robot_supervisor]: FULL ROTATE active (accum_rad=1.969, timed_fallback=False, stall_count=0)
[robot_supervisor-16] [INFO] [1777470401.764006304] [robot_3.robot_supervisor]: FULL ROTATE active (accum_rad=0.087, timed_fallback=False, stall_count=0)
[robot_supervisor-7] [INFO] [1777470401.820660747] [robot_0.robot_supervisor]: FULL ROTATE active (accum_rad=2.069, timed_fallback=False, stall_count=0)
[robot_supervisor-16] [INFO] [1777470401.864105847] [robot_3.robot_supervisor]: FULL ROTATE active (accum_rad=0.175, timed_fallback=False, stall_count=0)
[robot_supervisor-7] [INFO] [1777470401.920794718] [robot_0.robot_supervisor]: FULL ROTATE active (accum_rad=2.169, timed_fallback=False, stall_count=0)
[robot_supervisor-16] [INFO] [1777470401.964468479] [robot_3.robot_supervisor]: FULL ROTATE active (accum_rad=0.275, timed_fallback=False, stall_count=0)
[robot_supervisor-13] [INFO] [1777470401.998809693] [robot_2.robot_supervisor]: Selected controllable event: EV_rotate_counterclockwise
[robot_supervisor-7] [INFO] [1777470402.020531999] [robot_0.robot_supervisor]: FULL ROTATE active (accum_rad=2.269, timed_fallback=False, stall_count=0)
[robot_supervisor-16] [INFO] [1777470402.063988038] [robot_3.robot_supervisor]: FULL ROTATE active (accum_rad=0.375, timed_fallback=False, stall_count=0)
[robot_supervisor-7] [INFO] [1777470402.121626025] [robot_0.robot_supervisor]: FULL ROTATE active (accum_rad=2.369, timed_fallback=False, stall_count=0)
[robot_supervisor-16] [INFO] [1777470402.164191067] [robot_3.robot_supervisor]: FULL ROTATE active (accum_rad=0.475, timed_fallback=False, stall_count=0)
[robot_supervisor-7] [INFO] [1777470402.220965714] [robot_0.robot_supervisor]: FULL ROTATE active (accum_rad=2.469, timed_fallback=False, stall_count=0)
[robot_supervisor-16] [INFO] [1777470402.264601016] [robot_3.robot_supervisor]: FULL ROTATE active (accum_rad=0.575, timed_fallback=False, stall_count=0)
[robot_supervisor-10] [INFO] [1777470402.309585121] [robot_1.robot_supervisor]: Selected controllable event: EV_move_forward
[robot_supervisor-7] [INFO] [1777470402.320880476] [robot_0.robot_supervisor]: FULL ROTATE active (accum_rad=2.569, timed_fallback=False, stall_count=0)
[robot_supervisor-16] [INFO] [1777470402.364078765] [robot_3.robot_supervisor]: FULL ROTATE active (accum_rad=0.675, timed_fallback=False, stall_count=0)
[robot_supervisor-7] [INFO] [1777470402.420735137] [robot_0.robot_supervisor]: FULL ROTATE active (accum_rad=2.669, timed_fallback=False, stall_count=0)
[robot_supervisor-16] [INFO] [1777470402.464214159] [robot_3.robot_supervisor]: FULL ROTATE active (accum_rad=0.775, timed_fallback=False, stall_count=0)
[robot_supervisor-7] [INFO] [1777470402.520970073] [robot_0.robot_supervisor]: FULL ROTATE active (accum_rad=2.769, timed_fallback=False, stall_count=0)
[robot_supervisor-16] [INFO] [1777470402.564226794] [robot_3.robot_supervisor]: FULL ROTATE active (accum_rad=0.875, timed_fallback=False, stall_count=0)
[robot_supervisor-10] [INFO] [1777470402.609459471] [robot_1.robot_supervisor]: Selected controllable event: EV_random_walk
[robot_supervisor-7] [INFO] [1777470402.620815591] [robot_0.robot_supervisor]: FULL ROTATE active (accum_rad=2.869, timed_fallback=False, stall_count=0)
[robot_supervisor-16] [INFO] [1777470402.664290387] [robot_3.robot_supervisor]: FULL ROTATE active (accum_rad=0.975, timed_fallback=False, stall_count=0)
[robot_supervisor-7] [INFO] [1777470402.720682364] [robot_0.robot_supervisor]: FULL ROTATE active (accum_rad=2.969, timed_fallback=False, stall_count=0)
[robot_supervisor-16] [INFO] [1777470402.764156447] [robot_3.robot_supervisor]: FULL ROTATE active (accum_rad=1.075, timed_fallback=False, stall_count=0)
[robot_supervisor-7] [INFO] [1777470402.821082444] [robot_0.robot_supervisor]: FULL ROTATE active (accum_rad=3.069, timed_fallback=False, stall_count=0)
[robot_supervisor-7] [INFO] [1777470402.821554068] [robot_0.robot_supervisor]: FULL ROTATE completed by odom (accum_rad=3.169)
[robot_supervisor-7] [INFO] [1777470402.821765857] [robot_0.robot_supervisor]: FULL ROTATE stopped; supervisor will select next event next tick
[robot_supervisor-16] [INFO] [1777470402.864349457] [robot_3.robot_supervisor]: FULL ROTATE active (accum_rad=1.175, timed_fallback=False, stall_count=0)
[robot_supervisor-10] [INFO] [1777470402.909515412] [robot_1.robot_supervisor]: Selected controllable event: EV_move_forward
[robot_supervisor-16] [INFO] [1777470402.964136866] [robot_3.robot_supervisor]: FULL ROTATE active (accum_rad=1.275, timed_fallback=False, stall_count=0)
[robot_supervisor-16] [INFO] [1777470403.063972837] [robot_3.robot_supervisor]: FULL ROTATE active (accum_rad=1.375, timed_fallback=False, stall_count=0)
[robot_supervisor-16] [INFO] [1777470403.164179262] [robot_3.robot_supervisor]: FULL ROTATE active (accum_rad=1.475, timed_fallback=False, stall_count=0)
[robot_supervisor-10] [INFO] [1777470403.209280210] [robot_1.robot_supervisor]: Selected controllable event: EV_random_walk
[robot_supervisor-7] [INFO] [1777470403.220861415] [robot_0.robot_supervisor]: Selected controllable event: EV_move_backward
[robot_supervisor-16] [INFO] [1777470403.264168073] [robot_3.robot_supervisor]: FULL ROTATE active (accum_rad=1.575, timed_fallback=False, stall_count=0)
[robot_supervisor-16] [INFO] [1777470403.364526760] [robot_3.robot_supervisor]: FULL ROTATE active (accum_rad=1.675, timed_fallback=False, stall_count=0)
[robot_supervisor-16] [INFO] [1777470403.464267698] [robot_3.robot_supervisor]: FULL ROTATE active (accum_rad=1.775, timed_fallback=False, stall_count=0)
[robot_supervisor-16] [INFO] [1777470403.564293461] [robot_3.robot_supervisor]: FULL ROTATE active (accum_rad=1.875, timed_fallback=False, stall_count=0)
[robot_supervisor-19] [INFO] [1777470403.591459732] [robot_4.robot_supervisor]: Selected controllable event: EV_rotate_counterclockwise
[robot_supervisor-19] [INFO] [1777470403.591690113] [robot_4.robot_supervisor]: rotate_90 blocked by recent completion; stopping this tick
[robot_supervisor-7] [INFO] [1777470403.620711590] [robot_0.robot_supervisor]: Selected controllable event: EV_rotate_clockwise
[robot_supervisor-16] [INFO] [1777470403.664268602] [robot_3.robot_supervisor]: FULL ROTATE active (accum_rad=1.975, timed_fallback=False, stall_count=0)
[robot_supervisor-19] [INFO] [1777470403.691360442] [robot_4.robot_supervisor]: Selected controllable event: EV_rotate_counterclockwise
[robot_supervisor-19] [INFO] [1777470403.691562917] [robot_4.robot_supervisor]: rotate_90 blocked by recent completion; stopping this tick
[robot_supervisor-16] [INFO] [1777470403.764194040] [robot_3.robot_supervisor]: FULL ROTATE active (accum_rad=2.075, timed_fallback=False, stall_count=0)
[robot_supervisor-19] [INFO] [1777470403.791215164] [robot_4.robot_supervisor]: Selected controllable event: EV_rotate_counterclockwise
[image_processor-22] [INFO] [1777470403.802841352] [robot_1.image_processor]: Zone=LEFT  left[p=0.529 near=7650 v=7650]  front[p=0.633 near=5405 v=11252]  right[p=2.419 near=0 v=6507]
[robot_supervisor-10] [INFO] [1777470403.803641901] [robot_1.robot_supervisor]: Detected zone changed to LEFT
[image_processor-24] [INFO] [1777470403.811499267] [robot_3.image_processor]: Zone=CORNER  left[p=0.399 near=7650 v=7650]  front[p=0.493 near=13498 v=13500]  right[p=0.768 near=1542 v=7740]
[robot_supervisor-16] [INFO] [1777470403.812293067] [robot_3.robot_supervisor]: Detected zone changed to CORNER
[image_processor-25] [INFO] [1777470403.825697913] [robot_4.image_processor]: Zone=RIGHT
[image_processor-23] [INFO] [1777470403.834952477] [robot_2.image_processor]: Zone=RIGHT
[image_processor-21] [INFO] [1777470403.852536101] [robot_0.image_processor]: Zone=CLEAR  left[p=2.853 near=0 v=5179]  front[p=2.257 near=0 v=6826]  right[p=2.225 near=0 v=5318]
[robot_supervisor-7] [INFO] [1777470403.853265990] [robot_0.robot_supervisor]: Detected zone changed to CLEAR
[robot_supervisor-16] [INFO] [1777470403.864262819] [robot_3.robot_supervisor]: FULL ROTATE active (accum_rad=2.175, timed_fallback=False, stall_count=0)
[robot_supervisor-16] [INFO] [1777470403.964170516] [robot_3.robot_supervisor]: FULL ROTATE active (accum_rad=2.275, timed_fallback=False, stall_count=0)
[robot_supervisor-13] [INFO] [1777470403.998557371] [robot_2.robot_supervisor]: Selected controllable event: EV_rotate_counterclockwise
[robot_supervisor-13] [INFO] [1777470403.998924580] [robot_2.robot_supervisor]: rotate_90 blocked by recent completion; stopping this tick
[robot_supervisor-16] [INFO] [1777470404.064093963] [robot_3.robot_supervisor]: FULL ROTATE active (accum_rad=2.375, timed_fallback=False, stall_count=0)
[robot_supervisor-13] [INFO] [1777470404.098504042] [robot_2.robot_supervisor]: Selected controllable event: EV_rotate_counterclockwise
[robot_supervisor-13] [INFO] [1777470404.098847980] [robot_2.robot_supervisor]: rotate_90 blocked by recent completion; stopping this tick
[robot_supervisor-16] [INFO] [1777470404.164108278] [robot_3.robot_supervisor]: FULL ROTATE active (accum_rad=2.475, timed_fallback=False, stall_count=0)
[robot_supervisor-13] [INFO] [1777470404.198804663] [robot_2.robot_supervisor]: Selected controllable event: EV_rotate_counterclockwise
[robot_supervisor-13] [INFO] [1777470404.199054952] [robot_2.robot_supervisor]: rotate_90 blocked by recent completion; stopping this tick
[robot_supervisor-16] [INFO] [1777470404.264580141] [robot_3.robot_supervisor]: FULL ROTATE active (accum_rad=2.575, timed_fallback=False, stall_count=0)
[robot_supervisor-13] [INFO] [1777470404.298663223] [robot_2.robot_supervisor]: Selected controllable event: EV_rotate_counterclockwise
[robot_supervisor-16] [INFO] [1777470404.364224503] [robot_3.robot_supervisor]: FULL ROTATE active (accum_rad=2.675, timed_fallback=False, stall_count=0)
[robot_supervisor-10] [INFO] [1777470404.409436613] [robot_1.robot_supervisor]: Selected controllable event: EV_rotate_clockwise
[robot_supervisor-16] [INFO] [1777470404.464276733] [robot_3.robot_supervisor]: FULL ROTATE active (accum_rad=2.775, timed_fallback=False, stall_count=0)
[robot_supervisor-16] [INFO] [1777470404.564165844] [robot_3.robot_supervisor]: FULL ROTATE active (accum_rad=2.875, timed_fallback=False, stall_count=0)
[robot_supervisor-16] [INFO] [1777470404.664213461] [robot_3.robot_supervisor]: FULL ROTATE active (accum_rad=2.975, timed_fallback=False, stall_count=0)
[robot_supervisor-16] [INFO] [1777470404.764243457] [robot_3.robot_supervisor]: FULL ROTATE active (accum_rad=3.075, timed_fallback=False, stall_count=0)
[robot_supervisor-16] [INFO] [1777470404.764761865] [robot_3.robot_supervisor]: FULL ROTATE completed by odom (accum_rad=3.175)
[robot_supervisor-16] [INFO] [1777470404.765154928] [robot_3.robot_supervisor]: FULL ROTATE stopped; supervisor will select next event next tick
[bump_counter-3] [INFO] [1777470405.058742472] [bump_counter]: [global] bump #12 (robot) with: robot_2<->robot_4
[robot_supervisor-16] [INFO] [1777470405.164260612] [robot_3.robot_supervisor]: Selected controllable event: EV_move_backward
[robot_supervisor-16] [INFO] [1777470405.564242630] [robot_3.robot_supervisor]: Selected controllable event: EV_rotate_clockwise
[robot_supervisor-7] [INFO] [1777470405.820668831] [robot_0.robot_supervisor]: Selected controllable event: EV_full_rotate
[robot_supervisor-7] [INFO] [1777470405.820883297] [robot_0.robot_supervisor]: Starting FULL ROTATE (omega=1.000, have_odom=True, target_rad=3.142, timeout_s=3.500)
[robot_supervisor-7] [INFO] [1777470405.920542451] [robot_0.robot_supervisor]: FULL ROTATE active (accum_rad=0.000, timed_fallback=False, stall_count=0)
[robot_supervisor-19] [INFO] [1777470405.991296351] [robot_4.robot_supervisor]: Selected controllable event: EV_rotate_counterclockwise
[robot_supervisor-19] [INFO] [1777470405.991652160] [robot_4.robot_supervisor]: rotate_90 blocked by recent completion; stopping this tick
[robot_supervisor-7] [INFO] [1777470406.020518004] [robot_0.robot_supervisor]: FULL ROTATE active (accum_rad=0.006, timed_fallback=False, stall_count=0)
[robot_supervisor-19] [INFO] [1777470406.091268956] [robot_4.robot_supervisor]: Selected controllable event: EV_rotate_counterclockwise
[robot_supervisor-19] [INFO] [1777470406.091706683] [robot_4.robot_supervisor]: rotate_90 blocked by recent completion; stopping this tick
[robot_supervisor-7] [INFO] [1777470406.120774296] [robot_0.robot_supervisor]: FULL ROTATE active (accum_rad=0.041, timed_fallback=False, stall_count=0)
[robot_supervisor-19] [INFO] [1777470406.191270641] [robot_4.robot_supervisor]: Selected controllable event: EV_rotate_counterclockwise
[robot_supervisor-7] [INFO] [1777470406.220728961] [robot_0.robot_supervisor]: FULL ROTATE active (accum_rad=0.105, timed_fallback=False, stall_count=0)
[image_processor-22] [INFO] [1777470406.304029817] [robot_1.image_processor]: Zone=LEFT
[image_processor-24] [INFO] [1777470406.313243092] [robot_3.image_processor]: Zone=CORNER
[robot_supervisor-7] [INFO] [1777470406.320779656] [robot_0.robot_supervisor]: FULL ROTATE active (accum_rad=0.198, timed_fallback=False, stall_count=0)
[image_processor-25] [INFO] [1777470406.324730166] [robot_4.image_processor]: Zone=CLEAR  left[p=2.765 near=0 v=6649]  front[p=2.974 near=0 v=9457]  right[p=1.705 near=0 v=7117]
[robot_supervisor-19] [INFO] [1777470406.325445321] [robot_4.robot_supervisor]: Detected zone changed to CLEAR
[image_processor-23] [INFO] [1777470406.334353820] [robot_2.image_processor]: Zone=CLEAR  left[p=2.709 near=0 v=7650]  front[p=1.311 near=0 v=13500]  right[p=1.233 near=0 v=7740]
[robot_supervisor-13] [INFO] [1777470406.335101058] [robot_2.robot_supervisor]: Detected zone changed to CLEAR
[image_processor-21] [INFO] [1777470406.348614791] [robot_0.image_processor]: Zone=CORNER  left[p=2.209 near=0 v=5637]  front[p=0.410 near=8527 v=13399]  right[p=0.263 near=7740 v=7740]
[robot_supervisor-7] [INFO] [1777470406.349285859] [robot_0.robot_supervisor]: Detected zone changed to CORNER
[robot_supervisor-7] [INFO] [1777470406.420929587] [robot_0.robot_supervisor]: FULL ROTATE active (accum_rad=0.298, timed_fallback=False, stall_count=0)
[robot_supervisor-13] [INFO] [1777470406.498495776] [robot_2.robot_supervisor]: Selected controllable event: EV_move_forward
[robot_supervisor-7] [INFO] [1777470406.521119736] [robot_0.robot_supervisor]: FULL ROTATE active (accum_rad=0.398, timed_fallback=False, stall_count=0)
[robot_supervisor-7] [INFO] [1777470406.620637119] [robot_0.robot_supervisor]: FULL ROTATE active (accum_rad=0.498, timed_fallback=False, stall_count=0)
[robot_supervisor-10] [INFO] [1777470406.709465425] [robot_1.robot_supervisor]: Selected controllable event: EV_rotate_clockwise
[robot_supervisor-10] [INFO] [1777470406.709825203] [robot_1.robot_supervisor]: rotate_90 blocked by recent completion; stopping this tick
[robot_supervisor-7] [INFO] [1777470406.720732396] [robot_0.robot_supervisor]: FULL ROTATE active (accum_rad=0.598, timed_fallback=False, stall_count=0)
[robot_supervisor-13] [INFO] [1777470406.798493978] [robot_2.robot_supervisor]: Selected controllable event: EV_random_walk
[robot_supervisor-10] [INFO] [1777470406.809543615] [robot_1.robot_supervisor]: Selected controllable event: EV_rotate_clockwise
[robot_supervisor-10] [INFO] [1777470406.809870369] [robot_1.robot_supervisor]: rotate_90 blocked by recent completion; stopping this tick
[robot_supervisor-7] [INFO] [1777470406.820637378] [robot_0.robot_supervisor]: FULL ROTATE active (accum_rad=0.698, timed_fallback=False, stall_count=0)
[robot_supervisor-10] [INFO] [1777470406.909548106] [robot_1.robot_supervisor]: Selected controllable event: EV_rotate_clockwise
[robot_supervisor-10] [INFO] [1777470406.909915869] [robot_1.robot_supervisor]: rotate_90 blocked by recent completion; stopping this tick
[robot_supervisor-7] [INFO] [1777470406.920622234] [robot_0.robot_supervisor]: FULL ROTATE active (accum_rad=0.798, timed_fallback=False, stall_count=0)
[robot_supervisor-10] [INFO] [1777470407.009469918] [robot_1.robot_supervisor]: Selected controllable event: EV_rotate_clockwise
[robot_supervisor-7] [INFO] [1777470407.020868924] [robot_0.robot_supervisor]: FULL ROTATE active (accum_rad=0.898, timed_fallback=False, stall_count=0)
[robot_supervisor-13] [INFO] [1777470407.098646837] [robot_2.robot_supervisor]: Selected controllable event: EV_move_forward
[robot_supervisor-7] [INFO] [1777470407.120848093] [robot_0.robot_supervisor]: FULL ROTATE active (accum_rad=0.998, timed_fallback=False, stall_count=0)
[robot_supervisor-7] [INFO] [1777470407.220856107] [robot_0.robot_supervisor]: FULL ROTATE active (accum_rad=1.098, timed_fallback=False, stall_count=0)
[robot_supervisor-7] [INFO] [1777470407.320918238] [robot_0.robot_supervisor]: FULL ROTATE active (accum_rad=1.198, timed_fallback=False, stall_count=0)
[robot_supervisor-13] [INFO] [1777470407.398762229] [robot_2.robot_supervisor]: Selected controllable event: EV_random_walk
[robot_supervisor-7] [INFO] [1777470407.421116329] [robot_0.robot_supervisor]: FULL ROTATE active (accum_rad=1.298, timed_fallback=False, stall_count=0)
[robot_supervisor-7] [INFO] [1777470407.520913559] [robot_0.robot_supervisor]: FULL ROTATE active (accum_rad=1.398, timed_fallback=False, stall_count=0)
[robot_supervisor-7] [INFO] [1777470407.620967600] [robot_0.robot_supervisor]: FULL ROTATE active (accum_rad=1.498, timed_fallback=False, stall_count=0)
[robot_supervisor-16] [INFO] [1777470407.664402682] [robot_3.robot_supervisor]: Selected controllable event: EV_full_rotate
[robot_supervisor-16] [INFO] [1777470407.664803016] [robot_3.robot_supervisor]: Starting FULL ROTATE (omega=1.000, have_odom=True, target_rad=3.142, timeout_s=3.500)
[robot_supervisor-13] [INFO] [1777470407.698703251] [robot_2.robot_supervisor]: Selected controllable event: EV_move_forward
[robot_supervisor-7] [INFO] [1777470407.720860527] [robot_0.robot_supervisor]: FULL ROTATE active (accum_rad=1.598, timed_fallback=False, stall_count=0)
[robot_supervisor-16] [INFO] [1777470407.764341713] [robot_3.robot_supervisor]: FULL ROTATE active (accum_rad=0.000, timed_fallback=False, stall_count=0)
[robot_supervisor-7] [INFO] [1777470407.820924488] [robot_0.robot_supervisor]: FULL ROTATE active (accum_rad=1.698, timed_fallback=False, stall_count=0)
[robot_supervisor-16] [INFO] [1777470407.864403413] [robot_3.robot_supervisor]: FULL ROTATE active (accum_rad=0.002, timed_fallback=False, stall_count=0)
[robot_supervisor-7] [INFO] [1777470407.920999669] [robot_0.robot_supervisor]: FULL ROTATE active (accum_rad=1.798, timed_fallback=False, stall_count=0)
[robot_supervisor-16] [INFO] [1777470407.964150175] [robot_3.robot_supervisor]: FULL ROTATE active (accum_rad=0.030, timed_fallback=False, stall_count=0)
[robot_supervisor-13] [INFO] [1777470407.998786989] [robot_2.robot_supervisor]: Selected controllable event: EV_random_walk
[robot_supervisor-7] [INFO] [1777470408.020793136] [robot_0.robot_supervisor]: FULL ROTATE active (accum_rad=1.898, timed_fallback=False, stall_count=0)
[robot_supervisor-16] [INFO] [1777470408.064030989] [robot_3.robot_supervisor]: FULL ROTATE active (accum_rad=0.087, timed_fallback=False, stall_count=0)
[robot_supervisor-7] [INFO] [1777470408.120910417] [robot_0.robot_supervisor]: FULL ROTATE active (accum_rad=1.998, timed_fallback=False, stall_count=0)
[robot_supervisor-16] [INFO] [1777470408.164215549] [robot_3.robot_supervisor]: FULL ROTATE active (accum_rad=0.175, timed_fallback=False, stall_count=0)
[robot_supervisor-7] [INFO] [1777470408.220691655] [robot_0.robot_supervisor]: FULL ROTATE active (accum_rad=2.098, timed_fallback=False, stall_count=0)
[robot_supervisor-16] [INFO] [1777470408.264139139] [robot_3.robot_supervisor]: FULL ROTATE active (accum_rad=0.275, timed_fallback=False, stall_count=0)
[robot_supervisor-19] [INFO] [1777470408.291294649] [robot_4.robot_supervisor]: Selected controllable event: EV_move_forward
[robot_supervisor-13] [INFO] [1777470408.298583814] [robot_2.robot_supervisor]: Selected controllable event: EV_move_forward
[robot_supervisor-7] [INFO] [1777470408.321066352] [robot_0.robot_supervisor]: FULL ROTATE active (accum_rad=2.198, timed_fallback=False, stall_count=0)
[robot_supervisor-16] [INFO] [1777470408.364504502] [robot_3.robot_supervisor]: FULL ROTATE active (accum_rad=0.375, timed_fallback=False, stall_count=0)
[robot_supervisor-7] [INFO] [1777470408.420690299] [robot_0.robot_supervisor]: FULL ROTATE active (accum_rad=2.298, timed_fallback=False, stall_count=0)
[robot_supervisor-16] [INFO] [1777470408.464477308] [robot_3.robot_supervisor]: FULL ROTATE active (accum_rad=0.475, timed_fallback=False, stall_count=0)
[robot_supervisor-7] [INFO] [1777470408.520695900] [robot_0.robot_supervisor]: FULL ROTATE active (accum_rad=2.398, timed_fallback=False, stall_count=0)
[robot_supervisor-16] [INFO] [1777470408.564328845] [robot_3.robot_supervisor]: FULL ROTATE active (accum_rad=0.575, timed_fallback=False, stall_count=0)
[robot_supervisor-19] [INFO] [1777470408.591268583] [robot_4.robot_supervisor]: Selected controllable event: EV_random_walk
[robot_supervisor-13] [INFO] [1777470408.598526085] [robot_2.robot_supervisor]: Selected controllable event: EV_random_walk
[robot_supervisor-7] [INFO] [1777470408.620647243] [robot_0.robot_supervisor]: FULL ROTATE active (accum_rad=2.498, timed_fallback=False, stall_count=0)
[robot_supervisor-16] [INFO] [1777470408.664342907] [robot_3.robot_supervisor]: FULL ROTATE active (accum_rad=0.675, timed_fallback=False, stall_count=0)
[robot_supervisor-7] [INFO] [1777470408.720758722] [robot_0.robot_supervisor]: FULL ROTATE active (accum_rad=2.598, timed_fallback=False, stall_count=0)
[robot_supervisor-16] [INFO] [1777470408.764161505] [robot_3.robot_supervisor]: FULL ROTATE active (accum_rad=0.775, timed_fallback=False, stall_count=0)
[image_processor-22] [INFO] [1777470408.801657924] [robot_1.image_processor]: Zone=CLEAR  left[p=1.272 near=0 v=7650]  front[p=1.348 near=0 v=13500]  right[p=1.461 near=0 v=7740]
[robot_supervisor-10] [INFO] [1777470408.802603011] [robot_1.robot_supervisor]: Detected zone changed to CLEAR
[image_processor-24] [INFO] [1777470408.810858026] [robot_3.image_processor]: Zone=CORNER
[robot_supervisor-7] [INFO] [1777470408.820605261] [robot_0.robot_supervisor]: FULL ROTATE active (accum_rad=2.698, timed_fallback=False, stall_count=0)
[image_processor-25] [INFO] [1777470408.820825597] [robot_4.image_processor]: Zone=CLEAR
[image_processor-23] [INFO] [1777470408.829514092] [robot_2.image_processor]: Zone=CLEAR
[image_processor-21] [INFO] [1777470408.843562936] [robot_0.image_processor]: Zone=CLEAR  left[p=1.459 near=0 v=7650]  front[p=2.930 near=0 v=9002]  right[p=2.823 near=0 v=4727]
[robot_supervisor-7] [INFO] [1777470408.843961528] [robot_0.robot_supervisor]: Detected zone changed to CLEAR
[robot_supervisor-16] [INFO] [1777470408.864255232] [robot_3.robot_supervisor]: FULL ROTATE active (accum_rad=0.875, timed_fallback=False, stall_count=0)
[robot_supervisor-19] [INFO] [1777470408.891325049] [robot_4.robot_supervisor]: Selected controllable event: EV_move_forward
[robot_supervisor-7] [INFO] [1777470408.920751461] [robot_0.robot_supervisor]: FULL ROTATE active (accum_rad=2.798, timed_fallback=False, stall_count=0)
[robot_supervisor-16] [INFO] [1777470408.964394611] [robot_3.robot_supervisor]: FULL ROTATE active (accum_rad=0.975, timed_fallback=False, stall_count=0)
[robot_supervisor-7] [INFO] [1777470409.020603044] [robot_0.robot_supervisor]: FULL ROTATE active (accum_rad=2.898, timed_fallback=False, stall_count=0)
[robot_supervisor-16] [INFO] [1777470409.064419987] [robot_3.robot_supervisor]: FULL ROTATE active (accum_rad=1.075, timed_fallback=False, stall_count=0)
[robot_supervisor-7] [INFO] [1777470409.120724922] [robot_0.robot_supervisor]: FULL ROTATE active (accum_rad=2.998, timed_fallback=False, stall_count=0)
[robot_supervisor-16] [INFO] [1777470409.164273839] [robot_3.robot_supervisor]: FULL ROTATE active (accum_rad=1.175, timed_fallback=False, stall_count=0)
[robot_supervisor-19] [INFO] [1777470409.191345209] [robot_4.robot_supervisor]: Selected controllable event: EV_random_walk
[robot_supervisor-10] [INFO] [1777470409.209761064] [robot_1.robot_supervisor]: Selected controllable event: EV_move_forward
[robot_supervisor-7] [INFO] [1777470409.220800567] [robot_0.robot_supervisor]: FULL ROTATE active (accum_rad=3.098, timed_fallback=False, stall_count=0)
[robot_supervisor-7] [INFO] [1777470409.221254003] [robot_0.robot_supervisor]: FULL ROTATE completed by odom (accum_rad=3.198)
[robot_supervisor-7] [INFO] [1777470409.221560994] [robot_0.robot_supervisor]: FULL ROTATE stopped; supervisor will select next event next tick
[robot_supervisor-16] [INFO] [1777470409.264280741] [robot_3.robot_supervisor]: FULL ROTATE active (accum_rad=1.275, timed_fallback=False, stall_count=0)
[robot_supervisor-16] [INFO] [1777470409.364445323] [robot_3.robot_supervisor]: FULL ROTATE active (accum_rad=1.375, timed_fallback=False, stall_count=0)
[robot_supervisor-16] [INFO] [1777470409.464314352] [robot_3.robot_supervisor]: FULL ROTATE active (accum_rad=1.475, timed_fallback=False, stall_count=0)
[robot_supervisor-19] [INFO] [1777470409.491152094] [robot_4.robot_supervisor]: Selected controllable event: EV_move_forward
[robot_supervisor-10] [INFO] [1777470409.509247177] [robot_1.robot_supervisor]: Selected controllable event: EV_random_walk
[robot_supervisor-16] [INFO] [1777470409.564175589] [robot_3.robot_supervisor]: FULL ROTATE active (accum_rad=1.575, timed_fallback=False, stall_count=0)
[robot_supervisor-7] [INFO] [1777470409.620790483] [robot_0.robot_supervisor]: Selected controllable event: EV_move_forward
[robot_supervisor-16] [INFO] [1777470409.664480588] [robot_3.robot_supervisor]: FULL ROTATE active (accum_rad=1.675, timed_fallback=False, stall_count=0)
[robot_supervisor-16] [INFO] [1777470409.764330056] [robot_3.robot_supervisor]: FULL ROTATE active (accum_rad=1.775, timed_fallback=False, stall_count=0)
[robot_supervisor-19] [INFO] [1777470409.791437622] [robot_4.robot_supervisor]: Selected controllable event: EV_random_walk
[robot_supervisor-16] [INFO] [1777470409.864487336] [robot_3.robot_supervisor]: FULL ROTATE active (accum_rad=1.875, timed_fallback=False, stall_count=0)
[robot_supervisor-7] [INFO] [1777470409.920801187] [robot_0.robot_supervisor]: Selected controllable event: EV_random_walk
[robot_supervisor-16] [INFO] [1777470409.964369223] [robot_3.robot_supervisor]: FULL ROTATE active (accum_rad=1.975, timed_fallback=False, stall_count=0)
[robot_supervisor-16] [INFO] [1777470410.064007323] [robot_3.robot_supervisor]: FULL ROTATE active (accum_rad=2.075, timed_fallback=False, stall_count=0)
[robot_supervisor-19] [INFO] [1777470410.091119540] [robot_4.robot_supervisor]: Selected controllable event: EV_move_forward
[robot_supervisor-13] [INFO] [1777470410.098527242] [robot_2.robot_supervisor]: Selected controllable event: EV_move_forward
[robot_supervisor-16] [INFO] [1777470410.164190733] [robot_3.robot_supervisor]: FULL ROTATE active (accum_rad=2.175, timed_fallback=False, stall_count=0)
[robot_supervisor-7] [INFO] [1777470410.220766527] [robot_0.robot_supervisor]: Selected controllable event: EV_move_forward
[robot_supervisor-16] [INFO] [1777470410.264497046] [robot_3.robot_supervisor]: FULL ROTATE active (accum_rad=2.275, timed_fallback=False, stall_count=0)
[robot_supervisor-16] [INFO] [1777470410.364449213] [robot_3.robot_supervisor]: FULL ROTATE active (accum_rad=2.375, timed_fallback=False, stall_count=0)
[robot_supervisor-19] [INFO] [1777470410.391301059] [robot_4.robot_supervisor]: Selected controllable event: EV_random_walk
[robot_supervisor-13] [INFO] [1777470410.398321509] [robot_2.robot_supervisor]: Selected controllable event: EV_random_walk
[robot_supervisor-16] [INFO] [1777470410.464162873] [robot_3.robot_supervisor]: FULL ROTATE active (accum_rad=2.475, timed_fallback=False, stall_count=0)
[robot_supervisor-7] [INFO] [1777470410.520846813] [robot_0.robot_supervisor]: Selected controllable event: EV_random_walk
[robot_supervisor-16] [INFO] [1777470410.564297951] [robot_3.robot_supervisor]: FULL ROTATE active (accum_rad=2.575, timed_fallback=False, stall_count=0)
[robot_supervisor-16] [INFO] [1777470410.664312371] [robot_3.robot_supervisor]: FULL ROTATE active (accum_rad=2.675, timed_fallback=False, stall_count=0)
[robot_supervisor-19] [INFO] [1777470410.691384597] [robot_4.robot_supervisor]: Selected controllable event: EV_move_forward
[robot_supervisor-13] [INFO] [1777470410.698337215] [robot_2.robot_supervisor]: Selected controllable event: EV_move_forward
[robot_supervisor-16] [INFO] [1777470410.764441579] [robot_3.robot_supervisor]: FULL ROTATE active (accum_rad=2.775, timed_fallback=False, stall_count=0)
[robot_supervisor-7] [INFO] [1777470410.820862717] [robot_0.robot_supervisor]: Selected controllable event: EV_move_forward
[robot_supervisor-16] [INFO] [1777470410.864443400] [robot_3.robot_supervisor]: FULL ROTATE active (accum_rad=2.875, timed_fallback=False, stall_count=0)
[robot_supervisor-16] [INFO] [1777470410.964399118] [robot_3.robot_supervisor]: FULL ROTATE active (accum_rad=2.975, timed_fallback=False, stall_count=0)
[robot_supervisor-19] [INFO] [1777470410.991141122] [robot_4.robot_supervisor]: Selected controllable event: EV_random_walk
[robot_supervisor-13] [INFO] [1777470410.998730466] [robot_2.robot_supervisor]: Selected controllable event: EV_random_walk
[robot_supervisor-10] [INFO] [1777470411.009741756] [robot_1.robot_supervisor]: Selected controllable event: EV_move_forward
[robot_supervisor-16] [INFO] [1777470411.064412807] [robot_3.robot_supervisor]: FULL ROTATE active (accum_rad=3.075, timed_fallback=False, stall_count=0)
[robot_supervisor-16] [INFO] [1777470411.064947141] [robot_3.robot_supervisor]: FULL ROTATE completed by odom (accum_rad=3.175)
[robot_supervisor-16] [INFO] [1777470411.065281849] [robot_3.robot_supervisor]: FULL ROTATE stopped; supervisor will select next event next tick
[robot_supervisor-7] [INFO] [1777470411.120576765] [robot_0.robot_supervisor]: Selected controllable event: EV_random_walk
[robot_supervisor-19] [INFO] [1777470411.291245482] [robot_4.robot_supervisor]: Selected controllable event: EV_move_forward
[robot_supervisor-13] [INFO] [1777470411.298344384] [robot_2.robot_supervisor]: Selected controllable event: EV_move_forward
[image_processor-22] [INFO] [1777470411.301876646] [robot_1.image_processor]: Zone=CLEAR
[robot_supervisor-10] [INFO] [1777470411.309564064] [robot_1.robot_supervisor]: Selected controllable event: EV_random_walk
[image_processor-24] [INFO] [1777470411.310593720] [robot_3.image_processor]: Zone=CLEAR  left[p=2.959 near=0 v=5649]  front[p=1.645 near=0 v=12151]  right[p=1.399 near=0 v=7740]
[robot_supervisor-16] [INFO] [1777470411.311407549] [robot_3.robot_supervisor]: Detected zone changed to CLEAR
[image_processor-25] [INFO] [1777470411.319676954] [robot_4.image_processor]: Zone=CLEAR
[image_processor-23] [INFO] [1777470411.332278688] [robot_2.image_processor]: Zone=CLEAR
[image_processor-21] [INFO] [1777470411.341063711] [robot_0.image_processor]: Zone=CLEAR
[robot_supervisor-16] [INFO] [1777470411.364487859] [robot_3.robot_supervisor]: Selected controllable event: EV_move_forward
[robot_supervisor-7] [INFO] [1777470411.420817488] [robot_0.robot_supervisor]: Selected controllable event: EV_move_forward
[robot_supervisor-19] [INFO] [1777470411.591302501] [robot_4.robot_supervisor]: Selected controllable event: EV_random_walk
[robot_supervisor-13] [INFO] [1777470411.598550615] [robot_2.robot_supervisor]: Selected controllable event: EV_random_walk
[robot_supervisor-10] [INFO] [1777470411.609434876] [robot_1.robot_supervisor]: Selected controllable event: EV_move_forward
[robot_supervisor-16] [INFO] [1777470411.664438074] [robot_3.robot_supervisor]: Selected controllable event: EV_random_walk
[robot_supervisor-7] [INFO] [1777470411.720912371] [robot_0.robot_supervisor]: Selected controllable event: EV_random_walk
[robot_supervisor-19] [INFO] [1777470411.891396910] [robot_4.robot_supervisor]: Selected controllable event: EV_move_forward
[robot_supervisor-13] [INFO] [1777470411.898546381] [robot_2.robot_supervisor]: Selected controllable event: EV_move_forward
[robot_supervisor-10] [INFO] [1777470411.909647482] [robot_1.robot_supervisor]: Selected controllable event: EV_random_walk
[robot_supervisor-16] [INFO] [1777470411.964227090] [robot_3.robot_supervisor]: Selected controllable event: EV_move_forward
[robot_supervisor-19] [INFO] [1777470412.191086952] [robot_4.robot_supervisor]: Selected controllable event: EV_random_walk
[robot_supervisor-13] [INFO] [1777470412.198573548] [robot_2.robot_supervisor]: Selected controllable event: EV_random_walk
[robot_supervisor-10] [INFO] [1777470412.209329208] [robot_1.robot_supervisor]: Selected controllable event: EV_move_forward
[robot_supervisor-16] [INFO] [1777470412.264131853] [robot_3.robot_supervisor]: Selected controllable event: EV_random_walk
[robot_supervisor-19] [INFO] [1777470412.491604982] [robot_4.robot_supervisor]: Selected controllable event: EV_move_forward
[robot_supervisor-10] [INFO] [1777470412.509522185] [robot_1.robot_supervisor]: Selected controllable event: EV_random_walk
[robot_supervisor-19] [INFO] [1777470412.791560852] [robot_4.robot_supervisor]: Selected controllable event: EV_random_walk
[robot_supervisor-10] [INFO] [1777470412.809474359] [robot_1.robot_supervisor]: Selected controllable event: EV_move_forward
[robot_supervisor-19] [INFO] [1777470413.091515602] [robot_4.robot_supervisor]: Selected controllable event: EV_move_forward
[robot_supervisor-10] [INFO] [1777470413.109599484] [robot_1.robot_supervisor]: Selected controllable event: EV_random_walk
[robot_supervisor-7] [INFO] [1777470413.221128053] [robot_0.robot_supervisor]: Selected controllable event: EV_move_forward
[robot_supervisor-19] [INFO] [1777470413.391409850] [robot_4.robot_supervisor]: Selected controllable event: EV_random_walk
[robot_supervisor-13] [INFO] [1777470413.398684493] [robot_2.robot_supervisor]: Selected controllable event: EV_move_forward
[robot_supervisor-7] [INFO] [1777470413.520620782] [robot_0.robot_supervisor]: Selected controllable event: EV_random_walk
[robot_supervisor-13] [INFO] [1777470413.698574692] [robot_2.robot_supervisor]: Selected controllable event: EV_random_walk
[robot_supervisor-16] [INFO] [1777470413.764561684] [robot_3.robot_supervisor]: Selected controllable event: EV_move_forward
[image_processor-22] [INFO] [1777470413.801826864] [robot_1.image_processor]: Zone=CORNER  left[p=0.541 near=7650 v=7650]  front[p=0.538 near=13500 v=13500]  right[p=0.535 near=7740 v=7740]
[robot_supervisor-10] [INFO] [1777470413.802532715] [robot_1.robot_supervisor]: Detected zone changed to CORNER
[image_processor-24] [INFO] [1777470413.817556652] [robot_3.image_processor]: Zone=CLEAR
[robot_supervisor-7] [INFO] [1777470413.820977289] [robot_0.robot_supervisor]: Selected controllable event: EV_move_forward
[image_processor-25] [INFO] [1777470413.826231244] [robot_4.image_processor]: Zone=CLEAR
[image_processor-23] [INFO] [1777470413.838955246] [robot_2.image_processor]: Zone=CLEAR
[image_processor-21] [INFO] [1777470413.857815504] [robot_0.image_processor]: Zone=CLEAR
[robot_supervisor-13] [INFO] [1777470413.998543250] [robot_2.robot_supervisor]: Selected controllable event: EV_move_forward
[robot_supervisor-16] [INFO] [1777470414.064561236] [robot_3.robot_supervisor]: Selected controllable event: EV_random_walk
[robot_supervisor-7] [INFO] [1777470414.120663487] [robot_0.robot_supervisor]: Selected controllable event: EV_random_walk
[robot_supervisor-13] [INFO] [1777470414.298608226] [robot_2.robot_supervisor]: Selected controllable event: EV_random_walk
[robot_supervisor-16] [INFO] [1777470414.364316970] [robot_3.robot_supervisor]: Selected controllable event: EV_move_forward
[robot_supervisor-7] [INFO] [1777470414.420993839] [robot_0.robot_supervisor]: Selected controllable event: EV_move_forward
[robot_supervisor-13] [INFO] [1777470414.598532842] [robot_2.robot_supervisor]: Selected controllable event: EV_move_forward
[robot_supervisor-10] [INFO] [1777470414.609419150] [robot_1.robot_supervisor]: Selected controllable event: EV_move_backward
[robot_supervisor-16] [INFO] [1777470414.664098875] [robot_3.robot_supervisor]: Selected controllable event: EV_random_walk
[robot_supervisor-7] [INFO] [1777470414.720814875] [robot_0.robot_supervisor]: Selected controllable event: EV_random_walk
[robot_supervisor-19] [INFO] [1777470414.891356537] [robot_4.robot_supervisor]: Selected controllable event: EV_move_forward
[robot_supervisor-13] [INFO] [1777470414.898551588] [robot_2.robot_supervisor]: Selected controllable event: EV_random_walk
[robot_supervisor-10] [INFO] [1777470415.009540825] [robot_1.robot_supervisor]: Selected controllable event: EV_rotate_clockwise
[robot_supervisor-7] [INFO] [1777470415.020910659] [robot_0.robot_supervisor]: Selected controllable event: EV_move_forward
[robot_supervisor-19] [INFO] [1777470415.191647179] [robot_4.robot_supervisor]: Selected controllable event: EV_random_walk
[robot_supervisor-13] [INFO] [1777470415.198526719] [robot_2.robot_supervisor]: Selected controllable event: EV_move_forward
[robot_supervisor-7] [INFO] [1777470415.321149007] [robot_0.robot_supervisor]: Selected controllable event: EV_random_walk
[robot_supervisor-13] [INFO] [1777470415.498680002] [robot_2.robot_supervisor]: Selected controllable event: EV_random_walk
[robot_supervisor-7] [INFO] [1777470415.620700415] [robot_0.robot_supervisor]: Selected controllable event: EV_move_forward
[robot_supervisor-13] [INFO] [1777470415.798444344] [robot_2.robot_supervisor]: Selected controllable event: EV_move_forward
[robot_supervisor-7] [INFO] [1777470415.920686959] [robot_0.robot_supervisor]: Selected controllable event: EV_random_walk
[robot_supervisor-13] [INFO] [1777470416.098510811] [robot_2.robot_supervisor]: Selected controllable event: EV_random_walk
[robot_supervisor-16] [INFO] [1777470416.164243687] [robot_3.robot_supervisor]: Selected controllable event: EV_move_forward
[image_processor-22] [INFO] [1777470416.300450020] [robot_1.image_processor]: Zone=LEFT  left[p=0.566 near=5088 v=7650]  front[p=1.280 near=0 v=13500]  right[p=1.578 near=0 v=7740]
[robot_supervisor-10] [INFO] [1777470416.301150917] [robot_1.robot_supervisor]: Detected zone changed to LEFT
[image_processor-24] [INFO] [1777470416.319635827] [robot_3.image_processor]: Zone=CLEAR
[image_processor-25] [INFO] [1777470416.331586791] [robot_4.image_processor]: Zone=CLEAR
[image_processor-23] [INFO] [1777470416.340643552] [robot_2.image_processor]: Zone=CLEAR
[image_processor-21] [INFO] [1777470416.355401767] [robot_0.image_processor]: Zone=CLEAR
[robot_supervisor-13] [INFO] [1777470416.398616524] [robot_2.robot_supervisor]: Selected controllable event: EV_move_forward
[robot_supervisor-16] [INFO] [1777470416.464230610] [robot_3.robot_supervisor]: Selected controllable event: EV_random_walk
[robot_supervisor-19] [INFO] [1777470416.691309933] [robot_4.robot_supervisor]: Selected controllable event: EV_move_forward
[robot_supervisor-13] [INFO] [1777470416.698527809] [robot_2.robot_supervisor]: Selected controllable event: EV_random_walk
[robot_supervisor-19] [INFO] [1777470416.991309675] [robot_4.robot_supervisor]: Selected controllable event: EV_random_walk
[robot_supervisor-13] [INFO] [1777470416.998740815] [robot_2.robot_supervisor]: Selected controllable event: EV_move_forward
[robot_supervisor-10] [INFO] [1777470417.209529003] [robot_1.robot_supervisor]: Selected controllable event: EV_full_rotate
[robot_supervisor-10] [INFO] [1777470417.209956922] [robot_1.robot_supervisor]: Starting FULL ROTATE (omega=1.000, have_odom=True, target_rad=3.142, timeout_s=3.500)
[robot_supervisor-19] [INFO] [1777470417.291476468] [robot_4.robot_supervisor]: Selected controllable event: EV_move_forward
[robot_supervisor-13] [INFO] [1777470417.298528735] [robot_2.robot_supervisor]: Selected controllable event: EV_random_walk
[robot_supervisor-10] [INFO] [1777470417.309630636] [robot_1.robot_supervisor]: FULL ROTATE active (accum_rad=0.000, timed_fallback=False, stall_count=0)
[robot_supervisor-10] [INFO] [1777470417.409844499] [robot_1.robot_supervisor]: FULL ROTATE active (accum_rad=0.008, timed_fallback=False, stall_count=0)
[robot_supervisor-7] [INFO] [1777470417.420775965] [robot_0.robot_supervisor]: Selected controllable event: EV_move_forward
[robot_supervisor-16] [INFO] [1777470417.464251800] [robot_3.robot_supervisor]: Selected controllable event: EV_move_forward
[robot_supervisor-10] [INFO] [1777470417.509393886] [robot_1.robot_supervisor]: FULL ROTATE active (accum_rad=0.046, timed_fallback=False, stall_count=0)
[robot_supervisor-19] [INFO] [1777470417.591137332] [robot_4.robot_supervisor]: Selected controllable event: EV_random_walk
[robot_supervisor-13] [INFO] [1777470417.598552046] [robot_2.robot_supervisor]: Selected controllable event: EV_move_forward
[robot_supervisor-10] [INFO] [1777470417.609416446] [robot_1.robot_supervisor]: FULL ROTATE active (accum_rad=0.113, timed_fallback=False, stall_count=0)
[robot_supervisor-10] [INFO] [1777470417.709557318] [robot_1.robot_supervisor]: FULL ROTATE active (accum_rad=0.208, timed_fallback=False, stall_count=0)
[robot_supervisor-7] [INFO] [1777470417.720819653] [robot_0.robot_supervisor]: Selected controllable event: EV_random_walk
[robot_supervisor-16] [INFO] [1777470417.764595554] [robot_3.robot_supervisor]: Selected controllable event: EV_random_walk
[robot_supervisor-10] [INFO] [1777470417.809498303] [robot_1.robot_supervisor]: FULL ROTATE active (accum_rad=0.308, timed_fallback=False, stall_count=0)
[robot_supervisor-13] [INFO] [1777470417.898825043] [robot_2.robot_supervisor]: Selected controllable event: EV_random_walk
[robot_supervisor-10] [INFO] [1777470417.909383515] [robot_1.robot_supervisor]: FULL ROTATE active (accum_rad=0.408, timed_fallback=False, stall_count=0)
[robot_supervisor-10] [INFO] [1777470418.009411595] [robot_1.robot_supervisor]: FULL ROTATE active (accum_rad=0.508, timed_fallback=False, stall_count=0)
[robot_supervisor-7] [INFO] [1777470418.020822559] [robot_0.robot_supervisor]: Selected controllable event: EV_move_forward
[robot_supervisor-16] [INFO] [1777470418.064391890] [robot_3.robot_supervisor]: Selected controllable event: EV_move_forward
[robot_supervisor-10] [INFO] [1777470418.109409514] [robot_1.robot_supervisor]: FULL ROTATE active (accum_rad=0.608, timed_fallback=False, stall_count=0)
[robot_supervisor-13] [INFO] [1777470418.198663308] [robot_2.robot_supervisor]: Selected controllable event: EV_move_forward
[robot_supervisor-10] [INFO] [1777470418.209473947] [robot_1.robot_supervisor]: FULL ROTATE active (accum_rad=0.708, timed_fallback=False, stall_count=0)
[robot_supervisor-10] [INFO] [1777470418.309467226] [robot_1.robot_supervisor]: FULL ROTATE active (accum_rad=0.808, timed_fallback=False, stall_count=0)
[robot_supervisor-7] [INFO] [1777470418.320673745] [robot_0.robot_supervisor]: Selected controllable event: EV_random_walk
[robot_supervisor-16] [INFO] [1777470418.364383312] [robot_3.robot_supervisor]: Selected controllable event: EV_random_walk
[robot_supervisor-10] [INFO] [1777470418.409248738] [robot_1.robot_supervisor]: FULL ROTATE active (accum_rad=0.908, timed_fallback=False, stall_count=0)
[robot_supervisor-19] [INFO] [1777470418.491355182] [robot_4.robot_supervisor]: Selected controllable event: EV_move_forward
[robot_supervisor-13] [INFO] [1777470418.498749969] [robot_2.robot_supervisor]: Selected controllable event: EV_random_walk
[robot_supervisor-10] [INFO] [1777470418.509532728] [robot_1.robot_supervisor]: FULL ROTATE active (accum_rad=1.008, timed_fallback=False, stall_count=0)
[robot_supervisor-10] [INFO] [1777470418.609330473] [robot_1.robot_supervisor]: FULL ROTATE active (accum_rad=1.108, timed_fallback=False, stall_count=0)
[robot_supervisor-7] [INFO] [1777470418.621060322] [robot_0.robot_supervisor]: Selected controllable event: EV_move_forward
[robot_supervisor-16] [INFO] [1777470418.664456573] [robot_3.robot_supervisor]: Selected controllable event: EV_move_forward
[robot_supervisor-10] [INFO] [1777470418.709394896] [robot_1.robot_supervisor]: FULL ROTATE active (accum_rad=1.208, timed_fallback=False, stall_count=0)
[robot_supervisor-19] [INFO] [1777470418.791432814] [robot_4.robot_supervisor]: Selected controllable event: EV_random_walk
[image_processor-22] [INFO] [1777470418.804561149] [robot_1.image_processor]: Zone=CORNER  left[p=0.369 near=7650 v=7650]  front[p=0.533 near=7527 v=13500]  right[p=1.465 near=0 v=7740]
[robot_supervisor-10] [INFO] [1777470418.805091273] [robot_1.robot_supervisor]: Detected zone changed to CORNER
[robot_supervisor-10] [INFO] [1777470418.809361612] [robot_1.robot_supervisor]: FULL ROTATE active (accum_rad=1.308, timed_fallback=False, stall_count=0)
[image_processor-24] [INFO] [1777470418.823843690] [robot_3.image_processor]: Zone=CORNER  left[p=2.336 near=0 v=7650]  front[p=0.593 near=7697 v=13052]  right[p=0.534 near=7740 v=7740]
[robot_supervisor-16] [INFO] [1777470418.824685067] [robot_3.robot_supervisor]: Detected zone changed to CORNER
[image_processor-25] [INFO] [1777470418.836118173] [robot_4.image_processor]: Zone=CLEAR
[image_processor-23] [INFO] [1777470418.846038098] [robot_2.image_processor]: Zone=CORNER  left[p=0.689 near=5486 v=7650]  front[p=0.516 near=13500 v=13500]  right[p=0.440 near=7740 v=7740]
[robot_supervisor-13] [INFO] [1777470418.846608915] [robot_2.robot_supervisor]: Detected zone changed to CORNER
[image_processor-21] [INFO] [1777470418.856776039] [robot_0.image_processor]: Zone=LEFT  left[p=0.523 near=1120 v=7650]  front[p=1.160 near=34 v=13500]  right[p=2.467 near=0 v=6861]
[robot_supervisor-7] [INFO] [1777470418.857568889] [robot_0.robot_supervisor]: Detected zone changed to LEFT
[robot_supervisor-10] [INFO] [1777470418.909271586] [robot_1.robot_supervisor]: FULL ROTATE active (accum_rad=1.408, timed_fallback=False, stall_count=0)
[robot_supervisor-7] [INFO] [1777470418.920966886] [robot_0.robot_supervisor]: Selected controllable event: EV_rotate_clockwise
[robot_supervisor-16] [INFO] [1777470418.964396782] [robot_3.robot_supervisor]: Selected controllable event: EV_move_backward
[robot_supervisor-10] [INFO] [1777470419.009185064] [robot_1.robot_supervisor]: FULL ROTATE active (accum_rad=1.508, timed_fallback=False, stall_count=0)
[robot_supervisor-10] [INFO] [1777470419.109439762] [robot_1.robot_supervisor]: FULL ROTATE active (accum_rad=1.608, timed_fallback=False, stall_count=0)
[robot_supervisor-10] [INFO] [1777470419.209509612] [robot_1.robot_supervisor]: FULL ROTATE active (accum_rad=1.708, timed_fallback=False, stall_count=0)
[robot_supervisor-10] [INFO] [1777470419.309548626] [robot_1.robot_supervisor]: FULL ROTATE active (accum_rad=1.808, timed_fallback=False, stall_count=0)
[robot_supervisor-16] [INFO] [1777470419.364125086] [robot_3.robot_supervisor]: Selected controllable event: EV_rotate_clockwise
[robot_supervisor-10] [INFO] [1777470419.409437650] [robot_1.robot_supervisor]: FULL ROTATE active (accum_rad=1.908, timed_fallback=False, stall_count=0)
[robot_supervisor-10] [INFO] [1777470419.509578259] [robot_1.robot_supervisor]: FULL ROTATE active (accum_rad=2.008, timed_fallback=False, stall_count=0)
[robot_supervisor-10] [INFO] [1777470419.609213874] [robot_1.robot_supervisor]: FULL ROTATE active (accum_rad=2.108, timed_fallback=False, stall_count=0)
[robot_supervisor-10] [INFO] [1777470419.709240258] [robot_1.robot_supervisor]: FULL ROTATE active (accum_rad=2.208, timed_fallback=False, stall_count=0)
[robot_supervisor-10] [INFO] [1777470419.809687806] [robot_1.robot_supervisor]: FULL ROTATE active (accum_rad=2.308, timed_fallback=False, stall_count=0)
[robot_supervisor-13] [INFO] [1777470419.898382315] [robot_2.robot_supervisor]: Selected controllable event: EV_move_backward
[robot_supervisor-10] [INFO] [1777470419.909513154] [robot_1.robot_supervisor]: FULL ROTATE active (accum_rad=2.408, timed_fallback=False, stall_count=0)
[robot_supervisor-10] [INFO] [1777470420.009533695] [robot_1.robot_supervisor]: FULL ROTATE active (accum_rad=2.508, timed_fallback=False, stall_count=0)
[robot_supervisor-10] [INFO] [1777470420.109539548] [robot_1.robot_supervisor]: FULL ROTATE active (accum_rad=2.608, timed_fallback=False, stall_count=0)
[robot_supervisor-10] [INFO] [1777470420.209423046] [robot_1.robot_supervisor]: FULL ROTATE active (accum_rad=2.708, timed_fallback=False, stall_count=0)
[robot_supervisor-19] [INFO] [1777470420.291401893] [robot_4.robot_supervisor]: Selected controllable event: EV_move_forward
[robot_supervisor-13] [INFO] [1777470420.298842984] [robot_2.robot_supervisor]: Selected controllable event: EV_rotate_clockwise
[robot_supervisor-10] [INFO] [1777470420.309422795] [robot_1.robot_supervisor]: FULL ROTATE active (accum_rad=2.808, timed_fallback=False, stall_count=0)
[robot_supervisor-10] [INFO] [1777470420.409464255] [robot_1.robot_supervisor]: FULL ROTATE active (accum_rad=2.908, timed_fallback=False, stall_count=0)
[robot_supervisor-10] [INFO] [1777470420.509383908] [robot_1.robot_supervisor]: FULL ROTATE active (accum_rad=3.008, timed_fallback=False, stall_count=0)
[robot_supervisor-19] [INFO] [1777470420.591338923] [robot_4.robot_supervisor]: Selected controllable event: EV_random_walk
[robot_supervisor-10] [INFO] [1777470420.609394628] [robot_1.robot_supervisor]: FULL ROTATE active (accum_rad=3.108, timed_fallback=False, stall_count=0)
[robot_supervisor-10] [INFO] [1777470420.609862528] [robot_1.robot_supervisor]: FULL ROTATE completed by odom (accum_rad=3.208)
[robot_supervisor-10] [INFO] [1777470420.610262123] [robot_1.robot_supervisor]: FULL ROTATE stopped; supervisor will select next event next tick
[robot_supervisor-19] [INFO] [1777470420.891373514] [robot_4.robot_supervisor]: Selected controllable event: EV_move_forward
[robot_supervisor-10] [INFO] [1777470420.909723254] [robot_1.robot_supervisor]: Selected controllable event: EV_move_backward
[robot_supervisor-7] [INFO] [1777470421.020905492] [robot_0.robot_supervisor]: Selected controllable event: EV_rotate_clockwise
[robot_supervisor-7] [INFO] [1777470421.021315834] [robot_0.robot_supervisor]: rotate_90 blocked by recent completion; stopping this tick
[robot_supervisor-7] [INFO] [1777470421.121096936] [robot_0.robot_supervisor]: Selected controllable event: EV_rotate_clockwise
[robot_supervisor-7] [INFO] [1777470421.121501187] [robot_0.robot_supervisor]: rotate_90 blocked by recent completion; stopping this tick
[robot_supervisor-19] [INFO] [1777470421.191339768] [robot_4.robot_supervisor]: Selected controllable event: EV_random_walk
[robot_supervisor-7] [INFO] [1777470421.221035560] [robot_0.robot_supervisor]: Selected controllable event: EV_rotate_clockwise
[robot_supervisor-7] [INFO] [1777470421.221350642] [robot_0.robot_supervisor]: rotate_90 blocked by recent completion; stopping this tick
[image_processor-22] [INFO] [1777470421.302853632] [robot_1.image_processor]: Zone=CORNER
[robot_supervisor-10] [INFO] [1777470421.309508671] [robot_1.robot_supervisor]: Selected controllable event: EV_rotate_clockwise
[image_processor-24] [INFO] [1777470421.314145497] [robot_3.image_processor]: Zone=CLEAR  left[p=2.959 near=0 v=5379]  front[p=2.751 near=0 v=8949]  right[p=2.870 near=0 v=6979]
[robot_supervisor-16] [INFO] [1777470421.314964221] [robot_3.robot_supervisor]: Detected zone changed to CLEAR
[robot_supervisor-7] [INFO] [1777470421.321162529] [robot_0.robot_supervisor]: Selected controllable event: EV_rotate_clockwise
[image_processor-23] [INFO] [1777470421.334155640] [robot_2.image_processor]: Zone=CORNER
[image_processor-21] [INFO] [1777470421.348057204] [robot_0.image_processor]: Zone=LEFT
[image_processor-25] [INFO] [1777470421.426111389] [robot_4.image_processor]: Zone=CLEAR
[robot_supervisor-16] [INFO] [1777470421.564310805] [robot_3.robot_supervisor]: Selected controllable event: EV_full_rotate
[robot_supervisor-16] [INFO] [1777470421.564779655] [robot_3.robot_supervisor]: Starting FULL ROTATE (omega=1.000, have_odom=True, target_rad=3.142, timeout_s=3.500)
[robot_supervisor-16] [INFO] [1777470421.664010318] [robot_3.robot_supervisor]: FULL ROTATE active (accum_rad=0.000, timed_fallback=False, stall_count=0)
[robot_supervisor-16] [INFO] [1777470421.764607593] [robot_3.robot_supervisor]: FULL ROTATE active (accum_rad=0.008, timed_fallback=False, stall_count=0)
[robot_supervisor-16] [INFO] [1777470421.864290814] [robot_3.robot_supervisor]: FULL ROTATE active (accum_rad=0.046, timed_fallback=False, stall_count=0)
[robot_supervisor-16] [INFO] [1777470421.963974308] [robot_3.robot_supervisor]: FULL ROTATE active (accum_rad=0.113, timed_fallback=False, stall_count=0)
[robot_supervisor-16] [INFO] [1777470422.064207020] [robot_3.robot_supervisor]: FULL ROTATE active (accum_rad=0.208, timed_fallback=False, stall_count=0)
[robot_supervisor-16] [INFO] [1777470422.164316338] [robot_3.robot_supervisor]: FULL ROTATE active (accum_rad=0.308, timed_fallback=False, stall_count=0)
[robot_supervisor-16] [INFO] [1777470422.264186260] [robot_3.robot_supervisor]: FULL ROTATE active (accum_rad=0.408, timed_fallback=False, stall_count=0)
[robot_supervisor-16] [INFO] [1777470422.364255549] [robot_3.robot_supervisor]: FULL ROTATE active (accum_rad=0.508, timed_fallback=False, stall_count=0)
[robot_supervisor-13] [INFO] [1777470422.398801253] [robot_2.robot_supervisor]: Selected controllable event: EV_full_rotate
[robot_supervisor-13] [INFO] [1777470422.399352057] [robot_2.robot_supervisor]: Starting FULL ROTATE (omega=1.000, have_odom=True, target_rad=3.142, timeout_s=3.500)
[robot_supervisor-16] [INFO] [1777470422.464224096] [robot_3.robot_supervisor]: FULL ROTATE active (accum_rad=0.608, timed_fallback=False, stall_count=0)
[robot_supervisor-13] [INFO] [1777470422.498708916] [robot_2.robot_supervisor]: FULL ROTATE active (accum_rad=0.000, timed_fallback=False, stall_count=0)
[robot_supervisor-16] [INFO] [1777470422.564160210] [robot_3.robot_supervisor]: FULL ROTATE active (accum_rad=0.708, timed_fallback=False, stall_count=0)
[robot_supervisor-13] [INFO] [1777470422.598611849] [robot_2.robot_supervisor]: FULL ROTATE active (accum_rad=0.000, timed_fallback=False, stall_count=1)
[robot_supervisor-16] [INFO] [1777470422.664019493] [robot_3.robot_supervisor]: FULL ROTATE active (accum_rad=0.808, timed_fallback=False, stall_count=0)
[robot_supervisor-19] [INFO] [1777470422.691115996] [robot_4.robot_supervisor]: Selected controllable event: EV_move_forward
[robot_supervisor-13] [INFO] [1777470422.698703019] [robot_2.robot_supervisor]: FULL ROTATE active (accum_rad=0.031, timed_fallback=False, stall_count=0)
[robot_supervisor-16] [INFO] [1777470422.764168789] [robot_3.robot_supervisor]: FULL ROTATE active (accum_rad=0.908, timed_fallback=False, stall_count=0)
[robot_supervisor-13] [INFO] [1777470422.798697147] [robot_2.robot_supervisor]: FULL ROTATE active (accum_rad=0.091, timed_fallback=False, stall_count=0)
[robot_supervisor-16] [INFO] [1777470422.864452343] [robot_3.robot_supervisor]: FULL ROTATE active (accum_rad=1.008, timed_fallback=False, stall_count=0)
[robot_supervisor-13] [INFO] [1777470422.898444864] [robot_2.robot_supervisor]: FULL ROTATE active (accum_rad=0.181, timed_fallback=False, stall_count=0)
[robot_supervisor-16] [INFO] [1777470422.964162684] [robot_3.robot_supervisor]: FULL ROTATE active (accum_rad=1.108, timed_fallback=False, stall_count=0)
[robot_supervisor-19] [INFO] [1777470422.992182162] [robot_4.robot_supervisor]: Selected controllable event: EV_random_walk
[robot_supervisor-13] [INFO] [1777470422.998516292] [robot_2.robot_supervisor]: FULL ROTATE active (accum_rad=0.281, timed_fallback=False, stall_count=0)
[robot_supervisor-16] [INFO] [1777470423.064177331] [robot_3.robot_supervisor]: FULL ROTATE active (accum_rad=1.208, timed_fallback=False, stall_count=0)
[robot_supervisor-13] [INFO] [1777470423.098447905] [robot_2.robot_supervisor]: FULL ROTATE active (accum_rad=0.381, timed_fallback=False, stall_count=0)
[robot_supervisor-16] [INFO] [1777470423.164133637] [robot_3.robot_supervisor]: FULL ROTATE active (accum_rad=1.308, timed_fallback=False, stall_count=0)
[robot_supervisor-13] [INFO] [1777470423.198496022] [robot_2.robot_supervisor]: FULL ROTATE active (accum_rad=0.481, timed_fallback=False, stall_count=0)
[robot_supervisor-16] [INFO] [1777470423.264435066] [robot_3.robot_supervisor]: FULL ROTATE active (accum_rad=1.408, timed_fallback=False, stall_count=0)
[robot_supervisor-19] [INFO] [1777470423.291328387] [robot_4.robot_supervisor]: Selected controllable event: EV_move_forward
[robot_supervisor-13] [INFO] [1777470423.299283370] [robot_2.robot_supervisor]: FULL ROTATE active (accum_rad=0.581, timed_fallback=False, stall_count=0)
[robot_supervisor-16] [INFO] [1777470423.364035918] [robot_3.robot_supervisor]: FULL ROTATE active (accum_rad=1.508, timed_fallback=False, stall_count=0)
[robot_supervisor-13] [INFO] [1777470423.399102553] [robot_2.robot_supervisor]: FULL ROTATE active (accum_rad=0.681, timed_fallback=False, stall_count=0)
[robot_supervisor-10] [INFO] [1777470423.409787150] [robot_1.robot_supervisor]: Selected controllable event: EV_full_rotate
[robot_supervisor-10] [INFO] [1777470423.410364122] [robot_1.robot_supervisor]: Starting FULL ROTATE (omega=1.000, have_odom=True, target_rad=3.142, timeout_s=3.500)
[robot_supervisor-16] [INFO] [1777470423.464505198] [robot_3.robot_supervisor]: FULL ROTATE active (accum_rad=1.608, timed_fallback=False, stall_count=0)
[robot_supervisor-13] [INFO] [1777470423.499132638] [robot_2.robot_supervisor]: FULL ROTATE active (accum_rad=0.781, timed_fallback=False, stall_count=0)
[robot_supervisor-10] [INFO] [1777470423.509388343] [robot_1.robot_supervisor]: FULL ROTATE active (accum_rad=0.000, timed_fallback=False, stall_count=0)
[robot_supervisor-7] [INFO] [1777470423.520863712] [robot_0.robot_supervisor]: Selected controllable event: EV_rotate_clockwise
[robot_supervisor-7] [INFO] [1777470423.521239346] [robot_0.robot_supervisor]: rotate_90 blocked by recent completion; stopping this tick
[robot_supervisor-16] [INFO] [1777470423.564224078] [robot_3.robot_supervisor]: FULL ROTATE active (accum_rad=1.708, timed_fallback=False, stall_count=0)
[robot_supervisor-19] [INFO] [1777470423.591108553] [robot_4.robot_supervisor]: Selected controllable event: EV_random_walk
[robot_supervisor-13] [INFO] [1777470423.599258326] [robot_2.robot_supervisor]: FULL ROTATE active (accum_rad=0.881, timed_fallback=False, stall_count=0)
[robot_supervisor-10] [INFO] [1777470423.609703373] [robot_1.robot_supervisor]: FULL ROTATE active (accum_rad=0.002, timed_fallback=False, stall_count=0)
[robot_supervisor-7] [INFO] [1777470423.620916192] [robot_0.robot_supervisor]: Selected controllable event: EV_rotate_clockwise
[robot_supervisor-7] [INFO] [1777470423.621289837] [robot_0.robot_supervisor]: rotate_90 blocked by recent completion; stopping this tick
[robot_supervisor-16] [INFO] [1777470423.664343923] [robot_3.robot_supervisor]: FULL ROTATE active (accum_rad=1.808, timed_fallback=False, stall_count=0)
[robot_supervisor-13] [INFO] [1777470423.699338647] [robot_2.robot_supervisor]: FULL ROTATE active (accum_rad=0.981, timed_fallback=False, stall_count=0)
[robot_supervisor-10] [INFO] [1777470423.709581795] [robot_1.robot_supervisor]: FULL ROTATE active (accum_rad=0.030, timed_fallback=False, stall_count=0)
[robot_supervisor-7] [INFO] [1777470423.721136963] [robot_0.robot_supervisor]: Selected controllable event: EV_rotate_clockwise
[robot_supervisor-16] [INFO] [1777470423.764160936] [robot_3.robot_supervisor]: FULL ROTATE active (accum_rad=1.908, timed_fallback=False, stall_count=0)
[robot_supervisor-13] [INFO] [1777470423.799314326] [robot_2.robot_supervisor]: FULL ROTATE active (accum_rad=1.081, timed_fallback=False, stall_count=0)
[image_processor-22] [INFO] [1777470423.801928394] [robot_1.image_processor]: Zone=CORNER
[robot_supervisor-10] [INFO] [1777470423.809158333] [robot_1.robot_supervisor]: FULL ROTATE active (accum_rad=0.087, timed_fallback=False, stall_count=0)
[image_processor-24] [INFO] [1777470423.817489523] [robot_3.image_processor]: Zone=RIGHT  left[p=2.418 near=0 v=7650]  front[p=0.612 near=4349 v=13011]  right[p=0.449 near=7740 v=7740]
[robot_supervisor-16] [INFO] [1777470423.818399443] [robot_3.robot_supervisor]: Detected zone changed to RIGHT
[image_processor-25] [INFO] [1777470423.826433713] [robot_4.image_processor]: Zone=CLEAR
[image_processor-23] [INFO] [1777470423.835271036] [robot_2.image_processor]: Zone=CORNER
[image_processor-21] [INFO] [1777470423.846252248] [robot_0.image_processor]: Zone=CLEAR  left[p=3.501 near=0 v=6947]  front[p=2.065 near=0 v=13313]  right[p=1.673 near=0 v=7740]
[robot_supervisor-7] [INFO] [1777470423.846698540] [robot_0.robot_supervisor]: Detected zone changed to CLEAR
[robot_supervisor-16] [INFO] [1777470423.864011296] [robot_3.robot_supervisor]: FULL ROTATE active (accum_rad=2.008, timed_fallback=False, stall_count=0)
[robot_supervisor-19] [INFO] [1777470423.891308820] [robot_4.robot_supervisor]: Selected controllable event: EV_move_forward
[robot_supervisor-13] [INFO] [1777470423.899292547] [robot_2.robot_supervisor]: FULL ROTATE active (accum_rad=1.181, timed_fallback=False, stall_count=0)
[robot_supervisor-10] [INFO] [1777470423.909464150] [robot_1.robot_supervisor]: FULL ROTATE active (accum_rad=0.175, timed_fallback=False, stall_count=0)
[robot_supervisor-16] [INFO] [1777470423.964182285] [robot_3.robot_supervisor]: FULL ROTATE active (accum_rad=2.108, timed_fallback=False, stall_count=0)
[robot_supervisor-13] [INFO] [1777470423.998605171] [robot_2.robot_supervisor]: FULL ROTATE active (accum_rad=1.281, timed_fallback=False, stall_count=0)
[robot_supervisor-10] [INFO] [1777470424.009370264] [robot_1.robot_supervisor]: FULL ROTATE active (accum_rad=0.275, timed_fallback=False, stall_count=0)
[robot_supervisor-16] [INFO] [1777470424.064011510] [robot_3.robot_supervisor]: FULL ROTATE active (accum_rad=2.208, timed_fallback=False, stall_count=0)
[robot_supervisor-13] [INFO] [1777470424.099324568] [robot_2.robot_supervisor]: FULL ROTATE active (accum_rad=1.381, timed_fallback=False, stall_count=0)
[robot_supervisor-10] [INFO] [1777470424.109410475] [robot_1.robot_supervisor]: FULL ROTATE active (accum_rad=0.375, timed_fallback=False, stall_count=0)
[robot_supervisor-16] [INFO] [1777470424.164155042] [robot_3.robot_supervisor]: FULL ROTATE active (accum_rad=2.308, timed_fallback=False, stall_count=0)
[robot_supervisor-19] [INFO] [1777470424.191336636] [robot_4.robot_supervisor]: Selected controllable event: EV_random_walk
[robot_supervisor-13] [INFO] [1777470424.198289481] [robot_2.robot_supervisor]: FULL ROTATE active (accum_rad=1.481, timed_fallback=False, stall_count=0)
[robot_supervisor-10] [INFO] [1777470424.209369219] [robot_1.robot_supervisor]: FULL ROTATE active (accum_rad=0.475, timed_fallback=False, stall_count=0)
[robot_supervisor-16] [INFO] [1777470424.264176845] [robot_3.robot_supervisor]: FULL ROTATE active (accum_rad=2.408, timed_fallback=False, stall_count=0)
[robot_supervisor-13] [INFO] [1777470424.298546673] [robot_2.robot_supervisor]: FULL ROTATE active (accum_rad=1.581, timed_fallback=False, stall_count=0)
[robot_supervisor-10] [INFO] [1777470424.309441242] [robot_1.robot_supervisor]: FULL ROTATE active (accum_rad=0.575, timed_fallback=False, stall_count=0)
[robot_supervisor-16] [INFO] [1777470424.364099086] [robot_3.robot_supervisor]: FULL ROTATE active (accum_rad=2.508, timed_fallback=False, stall_count=0)
[robot_supervisor-13] [INFO] [1777470424.398611073] [robot_2.robot_supervisor]: FULL ROTATE active (accum_rad=1.681, timed_fallback=False, stall_count=0)
[robot_supervisor-10] [INFO] [1777470424.409335341] [robot_1.robot_supervisor]: FULL ROTATE active (accum_rad=0.675, timed_fallback=False, stall_count=0)
[robot_supervisor-16] [INFO] [1777470424.464110509] [robot_3.robot_supervisor]: FULL ROTATE active (accum_rad=2.608, timed_fallback=False, stall_count=0)
[robot_supervisor-13] [INFO] [1777470424.498370633] [robot_2.robot_supervisor]: FULL ROTATE active (accum_rad=1.781, timed_fallback=False, stall_count=0)
[robot_supervisor-10] [INFO] [1777470424.509387791] [robot_1.robot_supervisor]: FULL ROTATE active (accum_rad=0.775, timed_fallback=False, stall_count=0)
[robot_supervisor-16] [INFO] [1777470424.564013096] [robot_3.robot_supervisor]: FULL ROTATE active (accum_rad=2.708, timed_fallback=False, stall_count=0)
[robot_supervisor-13] [INFO] [1777470424.598178755] [robot_2.robot_supervisor]: FULL ROTATE active (accum_rad=1.881, timed_fallback=False, stall_count=0)
[robot_supervisor-10] [INFO] [1777470424.609330632] [robot_1.robot_supervisor]: FULL ROTATE active (accum_rad=0.875, timed_fallback=False, stall_count=0)
[robot_supervisor-16] [INFO] [1777470424.664294303] [robot_3.robot_supervisor]: FULL ROTATE active (accum_rad=2.808, timed_fallback=False, stall_count=0)
[robot_supervisor-13] [INFO] [1777470424.698420050] [robot_2.robot_supervisor]: FULL ROTATE active (accum_rad=1.981, timed_fallback=False, stall_count=0)
[robot_supervisor-10] [INFO] [1777470424.709355024] [robot_1.robot_supervisor]: FULL ROTATE active (accum_rad=0.975, timed_fallback=False, stall_count=0)
[robot_supervisor-16] [INFO] [1777470424.764366150] [robot_3.robot_supervisor]: FULL ROTATE active (accum_rad=2.908, timed_fallback=False, stall_count=0)
[robot_supervisor-13] [INFO] [1777470424.798576004] [robot_2.robot_supervisor]: FULL ROTATE active (accum_rad=2.081, timed_fallback=False, stall_count=0)
[robot_supervisor-10] [INFO] [1777470424.809487482] [robot_1.robot_supervisor]: FULL ROTATE active (accum_rad=1.075, timed_fallback=False, stall_count=0)
[robot_supervisor-16] [INFO] [1777470424.864445512] [robot_3.robot_supervisor]: FULL ROTATE active (accum_rad=3.008, timed_fallback=False, stall_count=0)
[robot_supervisor-13] [INFO] [1777470424.898324262] [robot_2.robot_supervisor]: FULL ROTATE active (accum_rad=2.181, timed_fallback=False, stall_count=0)
[robot_supervisor-10] [INFO] [1777470424.909380011] [robot_1.robot_supervisor]: FULL ROTATE active (accum_rad=1.175, timed_fallback=False, stall_count=0)
[robot_supervisor-16] [INFO] [1777470424.964350501] [robot_3.robot_supervisor]: FULL ROTATE active (accum_rad=3.108, timed_fallback=False, stall_count=0)
[robot_supervisor-16] [INFO] [1777470424.964733771] [robot_3.robot_supervisor]: FULL ROTATE completed by odom (accum_rad=3.208)
[robot_supervisor-16] [INFO] [1777470424.965252269] [robot_3.robot_supervisor]: FULL ROTATE stopped; supervisor will select next event next tick
[robot_supervisor-13] [INFO] [1777470424.998474527] [robot_2.robot_supervisor]: FULL ROTATE active (accum_rad=2.281, timed_fallback=False, stall_count=0)
[robot_supervisor-10] [INFO] [1777470425.009346598] [robot_1.robot_supervisor]: FULL ROTATE active (accum_rad=1.275, timed_fallback=False, stall_count=0)
[robot_supervisor-13] [INFO] [1777470425.098446876] [robot_2.robot_supervisor]: FULL ROTATE active (accum_rad=2.381, timed_fallback=False, stall_count=0)
[robot_supervisor-10] [INFO] [1777470425.109415412] [robot_1.robot_supervisor]: FULL ROTATE active (accum_rad=1.375, timed_fallback=False, stall_count=0)
[robot_supervisor-13] [INFO] [1777470425.198537958] [robot_2.robot_supervisor]: FULL ROTATE active (accum_rad=2.481, timed_fallback=False, stall_count=0)
[robot_supervisor-10] [INFO] [1777470425.209347486] [robot_1.robot_supervisor]: FULL ROTATE active (accum_rad=1.475, timed_fallback=False, stall_count=0)
[robot_supervisor-13] [INFO] [1777470425.298808303] [robot_2.robot_supervisor]: FULL ROTATE active (accum_rad=2.581, timed_fallback=False, stall_count=0)
[robot_supervisor-10] [INFO] [1777470425.309423093] [robot_1.robot_supervisor]: FULL ROTATE active (accum_rad=1.575, timed_fallback=False, stall_count=0)
[robot_supervisor-16] [INFO] [1777470425.364048451] [robot_3.robot_supervisor]: Selected controllable event: EV_rotate_counterclockwise
[robot_supervisor-13] [INFO] [1777470425.398516765] [robot_2.robot_supervisor]: FULL ROTATE active (accum_rad=2.681, timed_fallback=False, stall_count=0)
[robot_supervisor-10] [INFO] [1777470425.409487327] [robot_1.robot_supervisor]: FULL ROTATE active (accum_rad=1.675, timed_fallback=False, stall_count=0)
[robot_supervisor-13] [INFO] [1777470425.498484625] [robot_2.robot_supervisor]: FULL ROTATE active (accum_rad=2.781, timed_fallback=False, stall_count=0)
[robot_supervisor-10] [INFO] [1777470425.509368743] [robot_1.robot_supervisor]: FULL ROTATE active (accum_rad=1.775, timed_fallback=False, stall_count=0)
[robot_supervisor-13] [INFO] [1777470425.598534553] [robot_2.robot_supervisor]: FULL ROTATE active (accum_rad=2.881, timed_fallback=False, stall_count=0)
[robot_supervisor-10] [INFO] [1777470425.609502992] [robot_1.robot_supervisor]: FULL ROTATE active (accum_rad=1.875, timed_fallback=False, stall_count=0)
[robot_supervisor-19] [INFO] [1777470425.691286797] [robot_4.robot_supervisor]: Selected controllable event: EV_move_forward
[robot_supervisor-13] [INFO] [1777470425.698503924] [robot_2.robot_supervisor]: FULL ROTATE active (accum_rad=2.981, timed_fallback=False, stall_count=0)
[robot_supervisor-10] [INFO] [1777470425.709646246] [robot_1.robot_supervisor]: FULL ROTATE active (accum_rad=1.975, timed_fallback=False, stall_count=0)
[robot_supervisor-13] [INFO] [1777470425.798509336] [robot_2.robot_supervisor]: FULL ROTATE active (accum_rad=3.081, timed_fallback=False, stall_count=0)
[robot_supervisor-13] [INFO] [1777470425.798987347] [robot_2.robot_supervisor]: FULL ROTATE completed by odom (accum_rad=3.181)
[robot_supervisor-13] [INFO] [1777470425.799375023] [robot_2.robot_supervisor]: FULL ROTATE stopped; supervisor will select next event next tick
[robot_supervisor-10] [INFO] [1777470425.809718516] [robot_1.robot_supervisor]: FULL ROTATE active (accum_rad=2.075, timed_fallback=False, stall_count=0)
[robot_supervisor-7] [INFO] [1777470425.820821556] [robot_0.robot_supervisor]: Selected controllable event: EV_move_forward
[robot_supervisor-10] [INFO] [1777470425.909601696] [robot_1.robot_supervisor]: FULL ROTATE active (accum_rad=2.175, timed_fallback=False, stall_count=0)
[robot_supervisor-19] [INFO] [1777470425.991067453] [robot_4.robot_supervisor]: Selected controllable event: EV_random_walk
[robot_supervisor-10] [INFO] [1777470426.009415524] [robot_1.robot_supervisor]: FULL ROTATE active (accum_rad=2.275, timed_fallback=False, stall_count=0)
[robot_supervisor-10] [INFO] [1777470426.109327723] [robot_1.robot_supervisor]: FULL ROTATE active (accum_rad=2.375, timed_fallback=False, stall_count=0)
[robot_supervisor-7] [INFO] [1777470426.120615932] [robot_0.robot_supervisor]: Selected controllable event: EV_random_walk
[robot_supervisor-13] [INFO] [1777470426.198583578] [robot_2.robot_supervisor]: Selected controllable event: EV_move_backward
[robot_supervisor-10] [INFO] [1777470426.209362285] [robot_1.robot_supervisor]: FULL ROTATE active (accum_rad=2.475, timed_fallback=False, stall_count=0)
[image_processor-22] [INFO] [1777470426.303319584] [robot_1.image_processor]: Zone=RIGHT  left[p=1.236 near=0 v=5318]  front[p=2.358 near=0 v=10730]  right[p=0.773 near=1153 v=7740]
[robot_supervisor-10] [INFO] [1777470426.304481647] [robot_1.robot_supervisor]: Detected zone changed to RIGHT
[robot_supervisor-10] [INFO] [1777470426.309271811] [robot_1.robot_supervisor]: FULL ROTATE active (accum_rad=2.575, timed_fallback=False, stall_count=0)
[image_processor-24] [INFO] [1777470426.313368012] [robot_3.image_processor]: Zone=RIGHT
[image_processor-25] [INFO] [1777470426.328856543] [robot_4.image_processor]: Zone=CLEAR
[image_processor-23] [INFO] [1777470426.337131163] [robot_2.image_processor]: Zone=CORNER
[image_processor-21] [INFO] [1777470426.350241558] [robot_0.image_processor]: Zone=CLEAR
[robot_supervisor-10] [INFO] [1777470426.409409863] [robot_1.robot_supervisor]: FULL ROTATE active (accum_rad=2.675, timed_fallback=False, stall_count=0)
[robot_supervisor-7] [INFO] [1777470426.420800661] [robot_0.robot_supervisor]: Selected controllable event: EV_move_forward
[robot_supervisor-10] [INFO] [1777470426.509437255] [robot_1.robot_supervisor]: FULL ROTATE active (accum_rad=2.775, timed_fallback=False, stall_count=0)
[robot_supervisor-13] [INFO] [1777470426.598726933] [robot_2.robot_supervisor]: Selected controllable event: EV_rotate_clockwise
[robot_supervisor-10] [INFO] [1777470426.609535132] [robot_1.robot_supervisor]: FULL ROTATE active (accum_rad=2.875, timed_fallback=False, stall_count=0)
[robot_supervisor-19] [INFO] [1777470426.691334402] [robot_4.robot_supervisor]: Selected controllable event: EV_move_forward
[robot_supervisor-10] [INFO] [1777470426.709497850] [robot_1.robot_supervisor]: FULL ROTATE active (accum_rad=2.975, timed_fallback=False, stall_count=0)
[robot_supervisor-7] [INFO] [1777470426.720846103] [robot_0.robot_supervisor]: Selected controllable event: EV_random_walk
[robot_supervisor-10] [INFO] [1777470426.809524642] [robot_1.robot_supervisor]: FULL ROTATE active (accum_rad=3.075, timed_fallback=False, stall_count=0)
[robot_supervisor-10] [INFO] [1777470426.810076227] [robot_1.robot_supervisor]: FULL ROTATE completed by odom (accum_rad=3.175)
[robot_supervisor-10] [INFO] [1777470426.810522376] [robot_1.robot_supervisor]: FULL ROTATE stopped; supervisor will select next event next tick
[robot_supervisor-19] [INFO] [1777470426.991262798] [robot_4.robot_supervisor]: Selected controllable event: EV_random_walk
[robot_supervisor-10] [INFO] [1777470427.109455489] [robot_1.robot_supervisor]: Selected controllable event: EV_rotate_counterclockwise
[robot_supervisor-19] [INFO] [1777470427.291098286] [robot_4.robot_supervisor]: Selected controllable event: EV_move_forward
[robot_supervisor-16] [INFO] [1777470427.464838696] [robot_3.robot_supervisor]: Selected controllable event: EV_rotate_counterclockwise
[robot_supervisor-16] [INFO] [1777470427.465187787] [robot_3.robot_supervisor]: rotate_90 blocked by recent completion; stopping this tick
[robot_supervisor-16] [INFO] [1777470427.564205705] [robot_3.robot_supervisor]: Selected controllable event: EV_rotate_counterclockwise
[robot_supervisor-16] [INFO] [1777470427.564618706] [robot_3.robot_supervisor]: rotate_90 blocked by recent completion; stopping this tick
[robot_supervisor-19] [INFO] [1777470427.591280176] [robot_4.robot_supervisor]: Selected controllable event: EV_random_walk
[robot_supervisor-16] [INFO] [1777470427.664348548] [robot_3.robot_supervisor]: Selected controllable event: EV_rotate_counterclockwise
[robot_supervisor-16] [INFO] [1777470427.664712880] [robot_3.robot_supervisor]: rotate_90 blocked by recent completion; stopping this tick
[robot_supervisor-16] [INFO] [1777470427.764438515] [robot_3.robot_supervisor]: Selected controllable event: EV_rotate_counterclockwise
[robot_supervisor-19] [INFO] [1777470427.891101029] [robot_4.robot_supervisor]: Selected controllable event: EV_move_forward
[robot_supervisor-19] [INFO] [1777470428.191106375] [robot_4.robot_supervisor]: Selected controllable event: EV_random_walk
[robot_supervisor-7] [INFO] [1777470428.220681701] [robot_0.robot_supervisor]: Selected controllable event: EV_move_forward
[robot_supervisor-19] [INFO] [1777470428.491305446] [robot_4.robot_supervisor]: Selected controllable event: EV_move_forward
[robot_supervisor-7] [INFO] [1777470428.520957403] [robot_0.robot_supervisor]: Selected controllable event: EV_random_walk
[robot_supervisor-13] [INFO] [1777470428.698562998] [robot_2.robot_supervisor]: Selected controllable event: EV_full_rotate
[robot_supervisor-13] [INFO] [1777470428.698980589] [robot_2.robot_supervisor]: Starting FULL ROTATE (omega=1.000, have_odom=True, target_rad=3.142, timeout_s=3.500)
[robot_supervisor-19] [INFO] [1777470428.791366823] [robot_4.robot_supervisor]: Selected controllable event: EV_random_walk
[robot_supervisor-13] [INFO] [1777470428.798461345] [robot_2.robot_supervisor]: FULL ROTATE active (accum_rad=0.000, timed_fallback=False, stall_count=0)
[image_processor-24] [INFO] [1777470428.817234519] [robot_3.image_processor]: Zone=CLEAR  left[p=3.201 near=0 v=6139]  front[p=1.797 near=0 v=11513]  right[p=1.702 near=0 v=7570]
[robot_supervisor-16] [INFO] [1777470428.817972110] [robot_3.robot_supervisor]: Detected zone changed to CLEAR
[robot_supervisor-7] [INFO] [1777470428.820961429] [robot_0.robot_supervisor]: Selected controllable event: EV_move_forward
[image_processor-25] [INFO] [1777470428.832666511] [robot_4.image_processor]: Zone=CLEAR
[image_processor-23] [INFO] [1777470428.840805650] [robot_2.image_processor]: Zone=CORNER
[image_processor-21] [INFO] [1777470428.850245660] [robot_0.image_processor]: Zone=CLEAR
[robot_supervisor-13] [INFO] [1777470428.898311127] [robot_2.robot_supervisor]: FULL ROTATE active (accum_rad=0.000, timed_fallback=False, stall_count=1)
[image_processor-22] [INFO] [1777470428.907615209] [robot_1.image_processor]: Zone=RIGHT
[robot_supervisor-13] [INFO] [1777470428.998445306] [robot_2.robot_supervisor]: FULL ROTATE active (accum_rad=0.031, timed_fallback=False, stall_count=0)
[robot_supervisor-13] [INFO] [1777470429.098323781] [robot_2.robot_supervisor]: FULL ROTATE active (accum_rad=0.091, timed_fallback=False, stall_count=0)
[robot_supervisor-7] [INFO] [1777470429.120897919] [robot_0.robot_supervisor]: Selected controllable event: EV_random_walk
[robot_supervisor-13] [INFO] [1777470429.198587219] [robot_2.robot_supervisor]: FULL ROTATE active (accum_rad=0.181, timed_fallback=False, stall_count=0)
[robot_supervisor-10] [INFO] [1777470429.209466546] [robot_1.robot_supervisor]: Selected controllable event: EV_rotate_counterclockwise
[robot_supervisor-10] [INFO] [1777470429.209818978] [robot_1.robot_supervisor]: rotate_90 blocked by recent completion; stopping this tick
[robot_supervisor-13] [INFO] [1777470429.298516132] [robot_2.robot_supervisor]: FULL ROTATE active (accum_rad=0.281, timed_fallback=False, stall_count=0)
[robot_supervisor-10] [INFO] [1777470429.309671306] [robot_1.robot_supervisor]: Selected controllable event: EV_rotate_counterclockwise
[robot_supervisor-10] [INFO] [1777470429.310045745] [robot_1.robot_supervisor]: rotate_90 blocked by recent completion; stopping this tick
[robot_supervisor-13] [INFO] [1777470429.398593153] [robot_2.robot_supervisor]: FULL ROTATE active (accum_rad=0.381, timed_fallback=False, stall_count=0)
[robot_supervisor-10] [INFO] [1777470429.409422294] [robot_1.robot_supervisor]: Selected controllable event: EV_rotate_counterclockwise
[robot_supervisor-10] [INFO] [1777470429.409774276] [robot_1.robot_supervisor]: rotate_90 blocked by recent completion; stopping this tick
[robot_supervisor-7] [INFO] [1777470429.420635993] [robot_0.robot_supervisor]: Selected controllable event: EV_move_forward
[robot_supervisor-13] [INFO] [1777470429.498333500] [robot_2.robot_supervisor]: FULL ROTATE active (accum_rad=0.481, timed_fallback=False, stall_count=0)
[robot_supervisor-10] [INFO] [1777470429.509399975] [robot_1.robot_supervisor]: Selected controllable event: EV_rotate_counterclockwise
[robot_supervisor-13] [INFO] [1777470429.598428736] [robot_2.robot_supervisor]: FULL ROTATE active (accum_rad=0.581, timed_fallback=False, stall_count=0)
[robot_supervisor-13] [INFO] [1777470429.698345207] [robot_2.robot_supervisor]: FULL ROTATE active (accum_rad=0.681, timed_fallback=False, stall_count=0)
[robot_supervisor-7] [INFO] [1777470429.720838327] [robot_0.robot_supervisor]: Selected controllable event: EV_random_walk
[robot_supervisor-13] [INFO] [1777470429.798480787] [robot_2.robot_supervisor]: FULL ROTATE active (accum_rad=0.781, timed_fallback=False, stall_count=0)
[robot_supervisor-16] [INFO] [1777470429.864366631] [robot_3.robot_supervisor]: Selected controllable event: EV_move_forward
[robot_supervisor-13] [INFO] [1777470429.898400986] [robot_2.robot_supervisor]: FULL ROTATE active (accum_rad=0.881, timed_fallback=False, stall_count=0)
[robot_supervisor-13] [INFO] [1777470429.998488517] [robot_2.robot_supervisor]: FULL ROTATE active (accum_rad=0.981, timed_fallback=False, stall_count=0)
[robot_supervisor-7] [INFO] [1777470430.020774282] [robot_0.robot_supervisor]: Selected controllable event: EV_move_forward
[robot_supervisor-13] [INFO] [1777470430.098486742] [robot_2.robot_supervisor]: FULL ROTATE active (accum_rad=1.081, timed_fallback=False, stall_count=0)
[robot_supervisor-16] [INFO] [1777470430.164113068] [robot_3.robot_supervisor]: Selected controllable event: EV_random_walk
[robot_supervisor-13] [INFO] [1777470430.198817736] [robot_2.robot_supervisor]: FULL ROTATE active (accum_rad=1.181, timed_fallback=False, stall_count=0)
[robot_supervisor-19] [INFO] [1777470430.291306760] [robot_4.robot_supervisor]: Selected controllable event: EV_move_forward
[robot_supervisor-13] [INFO] [1777470430.298522971] [robot_2.robot_supervisor]: FULL ROTATE active (accum_rad=1.281, timed_fallback=False, stall_count=0)
[robot_supervisor-7] [INFO] [1777470430.320662127] [robot_0.robot_supervisor]: Selected controllable event: EV_random_walk
[robot_supervisor-13] [INFO] [1777470430.398567808] [robot_2.robot_supervisor]: FULL ROTATE active (accum_rad=1.381, timed_fallback=False, stall_count=0)
[robot_supervisor-16] [INFO] [1777470430.464341316] [robot_3.robot_supervisor]: Selected controllable event: EV_move_forward
[robot_supervisor-13] [INFO] [1777470430.498478542] [robot_2.robot_supervisor]: FULL ROTATE active (accum_rad=1.481, timed_fallback=False, stall_count=0)
[robot_supervisor-19] [INFO] [1777470430.591071676] [robot_4.robot_supervisor]: Selected controllable event: EV_random_walk
[robot_supervisor-13] [INFO] [1777470430.598501480] [robot_2.robot_supervisor]: FULL ROTATE active (accum_rad=1.581, timed_fallback=False, stall_count=0)
[robot_supervisor-7] [INFO] [1777470430.620834808] [robot_0.robot_supervisor]: Selected controllable event: EV_move_forward
[robot_supervisor-13] [INFO] [1777470430.698464871] [robot_2.robot_supervisor]: FULL ROTATE active (accum_rad=1.681, timed_fallback=False, stall_count=0)
[robot_supervisor-16] [INFO] [1777470430.764336263] [robot_3.robot_supervisor]: Selected controllable event: EV_random_walk
[robot_supervisor-13] [INFO] [1777470430.798513706] [robot_2.robot_supervisor]: FULL ROTATE active (accum_rad=1.781, timed_fallback=False, stall_count=0)
[robot_supervisor-19] [INFO] [1777470430.891301009] [robot_4.robot_supervisor]: Selected controllable event: EV_move_forward
[robot_supervisor-13] [INFO] [1777470430.898477707] [robot_2.robot_supervisor]: FULL ROTATE active (accum_rad=1.881, timed_fallback=False, stall_count=0)
[robot_supervisor-7] [INFO] [1777470430.920752585] [robot_0.robot_supervisor]: Selected controllable event: EV_random_walk
[robot_supervisor-13] [INFO] [1777470430.998473426] [robot_2.robot_supervisor]: FULL ROTATE active (accum_rad=1.981, timed_fallback=False, stall_count=0)
[robot_supervisor-16] [INFO] [1777470431.064630572] [robot_3.robot_supervisor]: Selected controllable event: EV_move_forward
[robot_supervisor-13] [INFO] [1777470431.098353156] [robot_2.robot_supervisor]: FULL ROTATE active (accum_rad=2.081, timed_fallback=False, stall_count=0)
[robot_supervisor-19] [INFO] [1777470431.191311830] [robot_4.robot_supervisor]: Selected controllable event: EV_random_walk
[robot_supervisor-13] [INFO] [1777470431.198473303] [robot_2.robot_supervisor]: FULL ROTATE active (accum_rad=2.181, timed_fallback=False, stall_count=0)
[robot_supervisor-7] [INFO] [1777470431.220879040] [robot_0.robot_supervisor]: Selected controllable event: EV_move_forward
[robot_supervisor-13] [INFO] [1777470431.298615820] [robot_2.robot_supervisor]: FULL ROTATE active (accum_rad=2.281, timed_fallback=False, stall_count=0)
[image_processor-22] [INFO] [1777470431.302027677] [robot_1.image_processor]: Zone=CORNER  left[p=0.368 near=7650 v=7650]  front[p=0.528 near=7751 v=13500]  right[p=1.465 near=0 v=7740]
[robot_supervisor-10] [INFO] [1777470431.302838943] [robot_1.robot_supervisor]: Detected zone changed to CORNER
[image_processor-24] [INFO] [1777470431.313549552] [robot_3.image_processor]: Zone=CLEAR
[image_processor-25] [INFO] [1777470431.337262762] [robot_4.image_processor]: Zone=CLEAR
[image_processor-23] [INFO] [1777470431.348605854] [robot_2.image_processor]: Zone=CORNER
[image_processor-21] [INFO] [1777470431.358048252] [robot_0.image_processor]: Zone=RIGHT  left[p=1.114 near=0 v=7650]  front[p=0.761 near=1889 v=13500]  right[p=0.436 near=7740 v=7740]
[robot_supervisor-7] [INFO] [1777470431.358825588] [robot_0.robot_supervisor]: Detected zone changed to RIGHT
[robot_supervisor-16] [INFO] [1777470431.364461344] [robot_3.robot_supervisor]: Selected controllable event: EV_random_walk
[robot_supervisor-13] [INFO] [1777470431.398430651] [robot_2.robot_supervisor]: FULL ROTATE active (accum_rad=2.381, timed_fallback=False, stall_count=0)
[robot_supervisor-19] [INFO] [1777470431.491315081] [robot_4.robot_supervisor]: Selected controllable event: EV_move_forward
[robot_supervisor-13] [INFO] [1777470431.498473650] [robot_2.robot_supervisor]: FULL ROTATE active (accum_rad=2.481, timed_fallback=False, stall_count=0)
[robot_supervisor-7] [INFO] [1777470431.520802193] [robot_0.robot_supervisor]: Selected controllable event: EV_rotate_counterclockwise
[robot_supervisor-13] [INFO] [1777470431.598477543] [robot_2.robot_supervisor]: FULL ROTATE active (accum_rad=2.581, timed_fallback=False, stall_count=0)
[robot_supervisor-16] [INFO] [1777470431.664379393] [robot_3.robot_supervisor]: Selected controllable event: EV_move_forward
[robot_supervisor-13] [INFO] [1777470431.698332615] [robot_2.robot_supervisor]: FULL ROTATE active (accum_rad=2.681, timed_fallback=False, stall_count=0)
[robot_supervisor-10] [INFO] [1777470431.709361732] [robot_1.robot_supervisor]: Selected controllable event: EV_move_backward
[robot_supervisor-19] [INFO] [1777470431.791101206] [robot_4.robot_supervisor]: Selected controllable event: EV_random_walk
[robot_supervisor-13] [INFO] [1777470431.798432161] [robot_2.robot_supervisor]: FULL ROTATE active (accum_rad=2.781, timed_fallback=False, stall_count=0)
[robot_supervisor-13] [INFO] [1777470431.898726432] [robot_2.robot_supervisor]: FULL ROTATE active (accum_rad=2.881, timed_fallback=False, stall_count=0)
[robot_supervisor-16] [INFO] [1777470431.964304668] [robot_3.robot_supervisor]: Selected controllable event: EV_random_walk
[robot_supervisor-13] [INFO] [1777470431.998444287] [robot_2.robot_supervisor]: FULL ROTATE active (accum_rad=2.981, timed_fallback=False, stall_count=0)
[robot_supervisor-13] [INFO] [1777470432.098475732] [robot_2.robot_supervisor]: FULL ROTATE active (accum_rad=3.081, timed_fallback=False, stall_count=0)
[robot_supervisor-13] [INFO] [1777470432.098933503] [robot_2.robot_supervisor]: FULL ROTATE completed by odom (accum_rad=3.181)
[robot_supervisor-13] [INFO] [1777470432.099319368] [robot_2.robot_supervisor]: FULL ROTATE stopped; supervisor will select next event next tick
[robot_supervisor-10] [INFO] [1777470432.109403491] [robot_1.robot_supervisor]: Selected controllable event: EV_rotate_clockwise
[robot_supervisor-16] [INFO] [1777470432.264293981] [robot_3.robot_supervisor]: Selected controllable event: EV_move_forward
[robot_supervisor-13] [INFO] [1777470432.398744574] [robot_2.robot_supervisor]: Selected controllable event: EV_move_backward
[robot_supervisor-16] [INFO] [1777470432.564142614] [robot_3.robot_supervisor]: Selected controllable event: EV_random_walk
[robot_supervisor-13] [INFO] [1777470432.798814741] [robot_2.robot_supervisor]: Selected controllable event: EV_rotate_clockwise
[robot_supervisor-19] [INFO] [1777470433.291351546] [robot_4.robot_supervisor]: Selected controllable event: EV_move_forward
[robot_supervisor-19] [INFO] [1777470433.591285581] [robot_4.robot_supervisor]: Selected controllable event: EV_random_walk
[robot_supervisor-7] [INFO] [1777470433.720867609] [robot_0.robot_supervisor]: Selected controllable event: EV_rotate_counterclockwise
[robot_supervisor-7] [INFO] [1777470433.721243361] [robot_0.robot_supervisor]: rotate_90 blocked by recent completion; stopping this tick
[image_processor-22] [INFO] [1777470433.808530285] [robot_1.image_processor]: Zone=CLEAR  left[p=1.591 near=0 v=7650]  front[p=1.752 near=0 v=12742]  right[p=3.103 near=0 v=5549]
[robot_supervisor-10] [INFO] [1777470433.808965594] [robot_1.robot_supervisor]: Detected zone changed to CLEAR
[image_processor-24] [INFO] [1777470433.815998659] [robot_3.image_processor]: Zone=CLEAR
[robot_supervisor-7] [INFO] [1777470433.821172807] [robot_0.robot_supervisor]: Selected controllable event: EV_rotate_counterclockwise
[robot_supervisor-7] [INFO] [1777470433.821552876] [robot_0.robot_supervisor]: rotate_90 blocked by recent completion; stopping this tick
[image_processor-25] [INFO] [1777470433.830309842] [robot_4.image_processor]: Zone=CLEAR
[image_processor-23] [INFO] [1777470433.846311094] [robot_2.image_processor]: Zone=RIGHT  left[p=2.922 near=0 v=7102]  front[p=1.014 near=0 v=13483]  right[p=0.396 near=7560 v=7740]
[robot_supervisor-13] [INFO] [1777470433.847025954] [robot_2.robot_supervisor]: Detected zone changed to RIGHT
[image_processor-21] [INFO] [1777470433.863753950] [robot_0.image_processor]: Zone=RIGHT
[robot_supervisor-7] [INFO] [1777470433.920833803] [robot_0.robot_supervisor]: Selected controllable event: EV_rotate_counterclockwise
[robot_supervisor-16] [INFO] [1777470434.064171365] [robot_3.robot_supervisor]: Selected controllable event: EV_move_forward
[robot_supervisor-10] [INFO] [1777470434.209686640] [robot_1.robot_supervisor]: Selected controllable event: EV_full_rotate
[robot_supervisor-10] [INFO] [1777470434.210304714] [robot_1.robot_supervisor]: Starting FULL ROTATE (omega=1.000, have_odom=True, target_rad=3.142, timeout_s=3.500)
[robot_supervisor-10] [INFO] [1777470434.309549768] [robot_1.robot_supervisor]: FULL ROTATE active (accum_rad=0.000, timed_fallback=False, stall_count=0)
[robot_supervisor-16] [INFO] [1777470434.364387354] [robot_3.robot_supervisor]: Selected controllable event: EV_random_walk
[robot_supervisor-10] [INFO] [1777470434.409572583] [robot_1.robot_supervisor]: FULL ROTATE active (accum_rad=0.002, timed_fallback=False, stall_count=0)
[robot_supervisor-10] [INFO] [1777470434.509263007] [robot_1.robot_supervisor]: FULL ROTATE active (accum_rad=0.030, timed_fallback=False, stall_count=0)
[robot_supervisor-10] [INFO] [1777470434.609359575] [robot_1.robot_supervisor]: FULL ROTATE active (accum_rad=0.087, timed_fallback=False, stall_count=0)
[robot_supervisor-16] [INFO] [1777470434.664262743] [robot_3.robot_supervisor]: Selected controllable event: EV_move_forward
[robot_supervisor-10] [INFO] [1777470434.709606390] [robot_1.robot_supervisor]: FULL ROTATE active (accum_rad=0.175, timed_fallback=False, stall_count=0)
[robot_supervisor-10] [INFO] [1777470434.809723720] [robot_1.robot_supervisor]: FULL ROTATE active (accum_rad=0.275, timed_fallback=False, stall_count=0)
[robot_supervisor-13] [INFO] [1777470434.898848270] [robot_2.robot_supervisor]: Selected controllable event: EV_full_rotate
[robot_supervisor-13] [INFO] [1777470434.899410684] [robot_2.robot_supervisor]: Starting FULL ROTATE (omega=1.000, have_odom=True, target_rad=3.142, timeout_s=3.500)
[robot_supervisor-10] [INFO] [1777470434.909684338] [robot_1.robot_supervisor]: FULL ROTATE active (accum_rad=0.375, timed_fallback=False, stall_count=0)
[robot_supervisor-16] [INFO] [1777470434.964088675] [robot_3.robot_supervisor]: Selected controllable event: EV_random_walk
[robot_supervisor-13] [INFO] [1777470434.998632838] [robot_2.robot_supervisor]: FULL ROTATE active (accum_rad=0.000, timed_fallback=False, stall_count=0)
[robot_supervisor-10] [INFO] [1777470435.009460552] [robot_1.robot_supervisor]: FULL ROTATE active (accum_rad=0.475, timed_fallback=False, stall_count=0)
[robot_supervisor-19] [INFO] [1777470435.091541909] [robot_4.robot_supervisor]: Selected controllable event: EV_move_forward
[robot_supervisor-13] [INFO] [1777470435.098542305] [robot_2.robot_supervisor]: FULL ROTATE active (accum_rad=0.000, timed_fallback=False, stall_count=1)
[robot_supervisor-10] [INFO] [1777470435.109156879] [robot_1.robot_supervisor]: FULL ROTATE active (accum_rad=0.575, timed_fallback=False, stall_count=0)
[robot_supervisor-13] [INFO] [1777470435.198436578] [robot_2.robot_supervisor]: FULL ROTATE active (accum_rad=0.031, timed_fallback=False, stall_count=0)
[robot_supervisor-10] [INFO] [1777470435.209232400] [robot_1.robot_supervisor]: FULL ROTATE active (accum_rad=0.675, timed_fallback=False, stall_count=0)
[robot_supervisor-16] [INFO] [1777470435.264521788] [robot_3.robot_supervisor]: Selected controllable event: EV_move_forward
[robot_supervisor-13] [INFO] [1777470435.298519021] [robot_2.robot_supervisor]: FULL ROTATE active (accum_rad=0.091, timed_fallback=False, stall_count=0)
[robot_supervisor-10] [INFO] [1777470435.309315237] [robot_1.robot_supervisor]: FULL ROTATE active (accum_rad=0.775, timed_fallback=False, stall_count=0)
[robot_supervisor-19] [INFO] [1777470435.391460434] [robot_4.robot_supervisor]: Selected controllable event: EV_random_walk
[robot_supervisor-13] [INFO] [1777470435.398481280] [robot_2.robot_supervisor]: FULL ROTATE active (accum_rad=0.181, timed_fallback=False, stall_count=0)
[robot_supervisor-10] [INFO] [1777470435.409261608] [robot_1.robot_supervisor]: FULL ROTATE active (accum_rad=0.875, timed_fallback=False, stall_count=0)
[robot_supervisor-13] [INFO] [1777470435.498322383] [robot_2.robot_supervisor]: FULL ROTATE active (accum_rad=0.281, timed_fallback=False, stall_count=0)
[robot_supervisor-10] [INFO] [1777470435.509423775] [robot_1.robot_supervisor]: FULL ROTATE active (accum_rad=0.975, timed_fallback=False, stall_count=0)
[robot_supervisor-16] [INFO] [1777470435.564239560] [robot_3.robot_supervisor]: Selected controllable event: EV_random_walk
[robot_supervisor-13] [INFO] [1777470435.598444648] [robot_2.robot_supervisor]: FULL ROTATE active (accum_rad=0.381, timed_fallback=False, stall_count=0)
[robot_supervisor-10] [INFO] [1777470435.609285786] [robot_1.robot_supervisor]: FULL ROTATE active (accum_rad=1.075, timed_fallback=False, stall_count=0)
[robot_supervisor-19] [INFO] [1777470435.691077496] [robot_4.robot_supervisor]: Selected controllable event: EV_move_forward
[robot_supervisor-13] [INFO] [1777470435.698463180] [robot_2.robot_supervisor]: FULL ROTATE active (accum_rad=0.481, timed_fallback=False, stall_count=0)
[robot_supervisor-10] [INFO] [1777470435.709345700] [robot_1.robot_supervisor]: FULL ROTATE active (accum_rad=1.175, timed_fallback=False, stall_count=0)
[robot_supervisor-13] [INFO] [1777470435.798423819] [robot_2.robot_supervisor]: FULL ROTATE active (accum_rad=0.581, timed_fallback=False, stall_count=0)
[robot_supervisor-10] [INFO] [1777470435.809793493] [robot_1.robot_supervisor]: FULL ROTATE active (accum_rad=1.275, timed_fallback=False, stall_count=0)
[robot_supervisor-13] [INFO] [1777470435.898770512] [robot_2.robot_supervisor]: FULL ROTATE active (accum_rad=0.681, timed_fallback=False, stall_count=0)
[robot_supervisor-10] [INFO] [1777470435.909381568] [robot_1.robot_supervisor]: FULL ROTATE active (accum_rad=1.375, timed_fallback=False, stall_count=0)
[robot_supervisor-19] [INFO] [1777470435.991316643] [robot_4.robot_supervisor]: Selected controllable event: EV_random_walk
[robot_supervisor-13] [INFO] [1777470435.998536595] [robot_2.robot_supervisor]: FULL ROTATE active (accum_rad=0.781, timed_fallback=False, stall_count=0)
[robot_supervisor-10] [INFO] [1777470436.009236864] [robot_1.robot_supervisor]: FULL ROTATE active (accum_rad=1.475, timed_fallback=False, stall_count=0)
[robot_supervisor-7] [INFO] [1777470436.020895471] [robot_0.robot_supervisor]: Selected controllable event: EV_rotate_counterclockwise
[robot_supervisor-7] [INFO] [1777470436.021228822] [robot_0.robot_supervisor]: rotate_90 blocked by recent completion; stopping this tick
[robot_supervisor-13] [INFO] [1777470436.098504825] [robot_2.robot_supervisor]: FULL ROTATE active (accum_rad=0.881, timed_fallback=False, stall_count=0)
[robot_supervisor-10] [INFO] [1777470436.109576075] [robot_1.robot_supervisor]: FULL ROTATE active (accum_rad=1.575, timed_fallback=False, stall_count=0)
[robot_supervisor-7] [INFO] [1777470436.120873707] [robot_0.robot_supervisor]: Selected controllable event: EV_rotate_counterclockwise
[robot_supervisor-7] [INFO] [1777470436.121223468] [robot_0.robot_supervisor]: rotate_90 blocked by recent completion; stopping this tick
[robot_supervisor-13] [INFO] [1777470436.198514058] [robot_2.robot_supervisor]: FULL ROTATE active (accum_rad=0.981, timed_fallback=False, stall_count=0)
[robot_supervisor-10] [INFO] [1777470436.209501494] [robot_1.robot_supervisor]: FULL ROTATE active (accum_rad=1.675, timed_fallback=False, stall_count=0)
[robot_supervisor-7] [INFO] [1777470436.220868140] [robot_0.robot_supervisor]: Selected controllable event: EV_rotate_counterclockwise
[robot_supervisor-7] [INFO] [1777470436.221204773] [robot_0.robot_supervisor]: rotate_90 blocked by recent completion; stopping this tick
[robot_supervisor-19] [INFO] [1777470436.291059143] [robot_4.robot_supervisor]: Selected controllable event: EV_move_forward
[robot_supervisor-13] [INFO] [1777470436.298560578] [robot_2.robot_supervisor]: FULL ROTATE active (accum_rad=1.081, timed_fallback=False, stall_count=0)
[image_processor-22] [INFO] [1777470436.302684164] [robot_1.image_processor]: Zone=CORNER  left[p=0.357 near=7650 v=7650]  front[p=0.465 near=12743 v=13500]  right[p=0.877 near=57 v=7740]
[robot_supervisor-10] [INFO] [1777470436.303162191] [robot_1.robot_supervisor]: Detected zone changed to CORNER
[robot_supervisor-10] [INFO] [1777470436.309181325] [robot_1.robot_supervisor]: FULL ROTATE active (accum_rad=1.775, timed_fallback=False, stall_count=0)
[image_processor-24] [INFO] [1777470436.309967133] [robot_3.image_processor]: Zone=CLEAR
[robot_supervisor-7] [INFO] [1777470436.320889818] [robot_0.robot_supervisor]: Selected controllable event: EV_rotate_counterclockwise
[image_processor-25] [INFO] [1777470436.326147671] [robot_4.image_processor]: Zone=CLEAR
[image_processor-23] [INFO] [1777470436.343865204] [robot_2.image_processor]: Zone=RIGHT
[image_processor-21] [INFO] [1777470436.358239770] [robot_0.image_processor]: Zone=CLEAR  left[p=0.918 near=0 v=7650]  front[p=2.072 near=0 v=10315]  right[p=2.823 near=0 v=4891]
[robot_supervisor-7] [INFO] [1777470436.358940590] [robot_0.robot_supervisor]: Detected zone changed to CLEAR
[robot_supervisor-13] [INFO] [1777470436.398510899] [robot_2.robot_supervisor]: FULL ROTATE active (accum_rad=1.181, timed_fallback=False, stall_count=0)
[robot_supervisor-10] [INFO] [1777470436.409190519] [robot_1.robot_supervisor]: FULL ROTATE active (accum_rad=1.875, timed_fallback=False, stall_count=0)
[robot_supervisor-13] [INFO] [1777470436.498629277] [robot_2.robot_supervisor]: FULL ROTATE active (accum_rad=1.281, timed_fallback=False, stall_count=0)
[robot_supervisor-10] [INFO] [1777470436.509378263] [robot_1.robot_supervisor]: FULL ROTATE active (accum_rad=1.975, timed_fallback=False, stall_count=0)
[robot_supervisor-19] [INFO] [1777470436.591304074] [robot_4.robot_supervisor]: Selected controllable event: EV_random_walk
[robot_supervisor-13] [INFO] [1777470436.598448303] [robot_2.robot_supervisor]: FULL ROTATE active (accum_rad=1.381, timed_fallback=False, stall_count=0)
[robot_supervisor-10] [INFO] [1777470436.609425204] [robot_1.robot_supervisor]: FULL ROTATE active (accum_rad=2.075, timed_fallback=False, stall_count=0)
[robot_supervisor-13] [INFO] [1777470436.698481928] [robot_2.robot_supervisor]: FULL ROTATE active (accum_rad=1.481, timed_fallback=False, stall_count=0)
[robot_supervisor-10] [INFO] [1777470436.709355838] [robot_1.robot_supervisor]: FULL ROTATE active (accum_rad=2.175, timed_fallback=False, stall_count=0)
[robot_supervisor-13] [INFO] [1777470436.798531812] [robot_2.robot_supervisor]: FULL ROTATE active (accum_rad=1.581, timed_fallback=False, stall_count=0)
[robot_supervisor-10] [INFO] [1777470436.809452326] [robot_1.robot_supervisor]: FULL ROTATE active (accum_rad=2.275, timed_fallback=False, stall_count=0)
[robot_supervisor-19] [INFO] [1777470436.891506029] [robot_4.robot_supervisor]: Selected controllable event: EV_move_forward
[robot_supervisor-13] [INFO] [1777470436.898575922] [robot_2.robot_supervisor]: FULL ROTATE active (accum_rad=1.681, timed_fallback=False, stall_count=0)
[robot_supervisor-10] [INFO] [1777470436.909431638] [robot_1.robot_supervisor]: FULL ROTATE active (accum_rad=2.375, timed_fallback=False, stall_count=0)
[robot_supervisor-13] [INFO] [1777470436.998532044] [robot_2.robot_supervisor]: FULL ROTATE active (accum_rad=1.781, timed_fallback=False, stall_count=0)
[robot_supervisor-10] [INFO] [1777470437.009496337] [robot_1.robot_supervisor]: FULL ROTATE active (accum_rad=2.475, timed_fallback=False, stall_count=0)
[robot_supervisor-16] [INFO] [1777470437.064331494] [robot_3.robot_supervisor]: Selected controllable event: EV_move_forward
[robot_supervisor-13] [INFO] [1777470437.098726780] [robot_2.robot_supervisor]: FULL ROTATE active (accum_rad=1.881, timed_fallback=False, stall_count=0)
[robot_supervisor-10] [INFO] [1777470437.109499728] [robot_1.robot_supervisor]: FULL ROTATE active (accum_rad=2.575, timed_fallback=False, stall_count=0)
[robot_supervisor-19] [INFO] [1777470437.191284436] [robot_4.robot_supervisor]: Selected controllable event: EV_random_walk
[robot_supervisor-13] [INFO] [1777470437.198653650] [robot_2.robot_supervisor]: FULL ROTATE active (accum_rad=1.981, timed_fallback=False, stall_count=0)
[robot_supervisor-10] [INFO] [1777470437.209498392] [robot_1.robot_supervisor]: FULL ROTATE active (accum_rad=2.675, timed_fallback=False, stall_count=0)
[robot_supervisor-13] [INFO] [1777470437.298679599] [robot_2.robot_supervisor]: FULL ROTATE active (accum_rad=2.081, timed_fallback=False, stall_count=0)
[robot_supervisor-10] [INFO] [1777470437.309381957] [robot_1.robot_supervisor]: FULL ROTATE active (accum_rad=2.775, timed_fallback=False, stall_count=0)
[robot_supervisor-16] [INFO] [1777470437.364140686] [robot_3.robot_supervisor]: Selected controllable event: EV_random_walk
[robot_supervisor-13] [INFO] [1777470437.398812074] [robot_2.robot_supervisor]: FULL ROTATE active (accum_rad=2.181, timed_fallback=False, stall_count=0)
[robot_supervisor-10] [INFO] [1777470437.409224964] [robot_1.robot_supervisor]: FULL ROTATE active (accum_rad=2.875, timed_fallback=False, stall_count=0)
[robot_supervisor-13] [INFO] [1777470437.498372797] [robot_2.robot_supervisor]: FULL ROTATE active (accum_rad=2.281, timed_fallback=False, stall_count=0)
[robot_supervisor-10] [INFO] [1777470437.509248246] [robot_1.robot_supervisor]: FULL ROTATE active (accum_rad=2.975, timed_fallback=False, stall_count=0)
[robot_supervisor-13] [INFO] [1777470437.598358327] [robot_2.robot_supervisor]: FULL ROTATE active (accum_rad=2.381, timed_fallback=False, stall_count=0)
[robot_supervisor-10] [INFO] [1777470437.609467680] [robot_1.robot_supervisor]: FULL ROTATE active (accum_rad=3.075, timed_fallback=False, stall_count=0)
[robot_supervisor-10] [INFO] [1777470437.609782940] [robot_1.robot_supervisor]: FULL ROTATE completed by odom (accum_rad=3.175)
[robot_supervisor-10] [INFO] [1777470437.610003973] [robot_1.robot_supervisor]: FULL ROTATE stopped; supervisor will select next event next tick
[robot_supervisor-16] [INFO] [1777470437.664327002] [robot_3.robot_supervisor]: Selected controllable event: EV_move_forward
[robot_supervisor-13] [INFO] [1777470437.698572686] [robot_2.robot_supervisor]: FULL ROTATE active (accum_rad=2.481, timed_fallback=False, stall_count=0)
[robot_supervisor-13] [INFO] [1777470437.798708670] [robot_2.robot_supervisor]: FULL ROTATE active (accum_rad=2.581, timed_fallback=False, stall_count=0)
[robot_supervisor-13] [INFO] [1777470437.898331390] [robot_2.robot_supervisor]: FULL ROTATE active (accum_rad=2.681, timed_fallback=False, stall_count=0)
[robot_supervisor-16] [INFO] [1777470437.964679039] [robot_3.robot_supervisor]: Selected controllable event: EV_random_walk
[robot_supervisor-13] [INFO] [1777470437.998330683] [robot_2.robot_supervisor]: FULL ROTATE active (accum_rad=2.781, timed_fallback=False, stall_count=0)
[robot_supervisor-10] [INFO] [1777470438.009296591] [robot_1.robot_supervisor]: Selected controllable event: EV_move_backward
[robot_supervisor-13] [INFO] [1777470438.098550879] [robot_2.robot_supervisor]: FULL ROTATE active (accum_rad=2.881, timed_fallback=False, stall_count=0)
[robot_supervisor-13] [INFO] [1777470438.198462128] [robot_2.robot_supervisor]: FULL ROTATE active (accum_rad=2.981, timed_fallback=False, stall_count=0)
[robot_supervisor-16] [INFO] [1777470438.264619258] [robot_3.robot_supervisor]: Selected controllable event: EV_move_forward
[robot_supervisor-19] [INFO] [1777470438.291084214] [robot_4.robot_supervisor]: Selected controllable event: EV_move_forward
[robot_supervisor-13] [INFO] [1777470438.298374844] [robot_2.robot_supervisor]: FULL ROTATE active (accum_rad=3.081, timed_fallback=False, stall_count=0)
[robot_supervisor-13] [INFO] [1777470438.298704476] [robot_2.robot_supervisor]: FULL ROTATE completed by odom (accum_rad=3.181)
[robot_supervisor-13] [INFO] [1777470438.298924750] [robot_2.robot_supervisor]: FULL ROTATE stopped; supervisor will select next event next tick
[robot_supervisor-10] [INFO] [1777470438.409454122] [robot_1.robot_supervisor]: Selected controllable event: EV_rotate_clockwise
[robot_supervisor-7] [INFO] [1777470438.521082843] [robot_0.robot_supervisor]: Selected controllable event: EV_move_forward
[robot_supervisor-16] [INFO] [1777470438.564301866] [robot_3.robot_supervisor]: Selected controllable event: EV_random_walk
[robot_supervisor-19] [INFO] [1777470438.591294420] [robot_4.robot_supervisor]: Selected controllable event: EV_random_walk
[robot_supervisor-13] [INFO] [1777470438.598783801] [robot_2.robot_supervisor]: Selected controllable event: EV_rotate_counterclockwise
[image_processor-22] [INFO] [1777470438.799445838] [robot_1.image_processor]: Zone=CORNER
[image_processor-24] [INFO] [1777470438.808490582] [robot_3.image_processor]: Zone=CLEAR
[image_processor-25] [INFO] [1777470438.816040416] [robot_4.image_processor]: Zone=CLEAR
[robot_supervisor-7] [INFO] [1777470438.821094759] [robot_0.robot_supervisor]: Selected controllable event: EV_random_walk
[image_processor-23] [INFO] [1777470438.828774127] [robot_2.image_processor]: Zone=RIGHT
[image_processor-21] [INFO] [1777470438.839504635] [robot_0.image_processor]: Zone=CORNER  left[p=0.337 near=7650 v=7650]  front[p=0.377 near=13500 v=13500]  right[p=0.452 near=7740 v=7740]
[robot_supervisor-7] [INFO] [1777470438.840461097] [robot_0.robot_supervisor]: Detected zone changed to CORNER
[robot_supervisor-16] [INFO] [1777470438.864175643] [robot_3.robot_supervisor]: Selected controllable event: EV_move_forward
[robot_supervisor-19] [INFO] [1777470438.991296387] [robot_4.robot_supervisor]: Selected controllable event: EV_move_forward
[robot_supervisor-7] [INFO] [1777470439.120705189] [robot_0.robot_supervisor]: Selected controllable event: EV_move_backward
[robot_supervisor-16] [INFO] [1777470439.164216915] [robot_3.robot_supervisor]: Selected controllable event: EV_random_walk
[robot_supervisor-19] [INFO] [1777470439.291309132] [robot_4.robot_supervisor]: Selected controllable event: EV_random_walk
[robot_supervisor-16] [INFO] [1777470439.464351111] [robot_3.robot_supervisor]: Selected controllable event: EV_move_forward
[robot_supervisor-7] [INFO] [1777470439.520811357] [robot_0.robot_supervisor]: Selected controllable event: EV_rotate_clockwise
[robot_supervisor-19] [INFO] [1777470439.591352769] [robot_4.robot_supervisor]: Selected controllable event: EV_move_forward
[robot_supervisor-16] [INFO] [1777470439.764354458] [robot_3.robot_supervisor]: Selected controllable event: EV_random_walk
[robot_supervisor-19] [INFO] [1777470439.891289669] [robot_4.robot_supervisor]: Selected controllable event: EV_random_walk
[robot_supervisor-16] [INFO] [1777470440.064603970] [robot_3.robot_supervisor]: Selected controllable event: EV_move_forward
[robot_supervisor-19] [INFO] [1777470440.191439283] [robot_4.robot_supervisor]: Selected controllable event: EV_move_forward
[robot_supervisor-16] [INFO] [1777470440.364568721] [robot_3.robot_supervisor]: Selected controllable event: EV_random_walk
[robot_supervisor-19] [INFO] [1777470440.491548217] [robot_4.robot_supervisor]: Selected controllable event: EV_random_walk
[robot_supervisor-10] [INFO] [1777470440.509475012] [robot_1.robot_supervisor]: Selected controllable event: EV_full_rotate
[robot_supervisor-10] [INFO] [1777470440.509917545] [robot_1.robot_supervisor]: Starting FULL ROTATE (omega=1.000, have_odom=True, target_rad=3.142, timeout_s=3.500)
[robot_supervisor-10] [INFO] [1777470440.609120120] [robot_1.robot_supervisor]: FULL ROTATE active (accum_rad=0.000, timed_fallback=False, stall_count=0)
[robot_supervisor-13] [INFO] [1777470440.698700836] [robot_2.robot_supervisor]: Selected controllable event: EV_rotate_counterclockwise
[robot_supervisor-13] [INFO] [1777470440.698991898] [robot_2.robot_supervisor]: rotate_90 blocked by recent completion; stopping this tick
[robot_supervisor-10] [INFO] [1777470440.709532173] [robot_1.robot_supervisor]: FULL ROTATE active (accum_rad=0.002, timed_fallback=False, stall_count=0)
[robot_supervisor-13] [INFO] [1777470440.798624792] [robot_2.robot_supervisor]: Selected controllable event: EV_rotate_counterclockwise
[robot_supervisor-13] [INFO] [1777470440.798990955] [robot_2.robot_supervisor]: rotate_90 blocked by recent completion; stopping this tick
[robot_supervisor-10] [INFO] [1777470440.809509221] [robot_1.robot_supervisor]: FULL ROTATE active (accum_rad=0.030, timed_fallback=False, stall_count=0)
[robot_supervisor-13] [INFO] [1777470440.898452821] [robot_2.robot_supervisor]: Selected controllable event: EV_rotate_counterclockwise
[robot_supervisor-13] [INFO] [1777470440.898644534] [robot_2.robot_supervisor]: rotate_90 blocked by recent completion; stopping this tick
[robot_supervisor-10] [INFO] [1777470440.909471745] [robot_1.robot_supervisor]: FULL ROTATE active (accum_rad=0.087, timed_fallback=False, stall_count=0)
[robot_supervisor-13] [INFO] [1777470440.998511176] [robot_2.robot_supervisor]: Selected controllable event: EV_rotate_counterclockwise
[robot_supervisor-10] [INFO] [1777470441.009412689] [robot_1.robot_supervisor]: FULL ROTATE active (accum_rad=0.175, timed_fallback=False, stall_count=0)
[robot_supervisor-10] [INFO] [1777470441.109186408] [robot_1.robot_supervisor]: FULL ROTATE active (accum_rad=0.275, timed_fallback=False, stall_count=0)
[robot_supervisor-10] [INFO] [1777470441.209488313] [robot_1.robot_supervisor]: FULL ROTATE active (accum_rad=0.375, timed_fallback=False, stall_count=0)
[image_processor-22] [INFO] [1777470441.306020419] [robot_1.image_processor]: Zone=CORNER
[robot_supervisor-10] [INFO] [1777470441.309358904] [robot_1.robot_supervisor]: FULL ROTATE active (accum_rad=0.475, timed_fallback=False, stall_count=0)
[image_processor-24] [INFO] [1777470441.315139843] [robot_3.image_processor]: Zone=CLEAR
[image_processor-25] [INFO] [1777470441.326622995] [robot_4.image_processor]: Zone=CLEAR
[image_processor-23] [INFO] [1777470441.335564605] [robot_2.image_processor]: Zone=CORNER  left[p=0.212 near=7650 v=7650]  front[p=0.299 near=13449 v=13500]  right[p=0.839 near=466 v=7740]
[robot_supervisor-13] [INFO] [1777470441.336466259] [robot_2.robot_supervisor]: Detected zone changed to CORNER
[image_processor-21] [INFO] [1777470441.347582684] [robot_0.image_processor]: Zone=LEFT  left[p=0.551 near=4630 v=7650]  front[p=1.284 near=0 v=11476]  right[p=3.042 near=0 v=5311]
[robot_supervisor-7] [INFO] [1777470441.348048214] [robot_0.robot_supervisor]: Detected zone changed to LEFT
[robot_supervisor-10] [INFO] [1777470441.409536609] [robot_1.robot_supervisor]: FULL ROTATE active (accum_rad=0.575, timed_fallback=False, stall_count=0)
[robot_supervisor-10] [INFO] [1777470441.509373850] [robot_1.robot_supervisor]: FULL ROTATE active (accum_rad=0.675, timed_fallback=False, stall_count=0)
[robot_supervisor-10] [INFO] [1777470441.609463444] [robot_1.robot_supervisor]: FULL ROTATE active (accum_rad=0.775, timed_fallback=False, stall_count=0)
[robot_supervisor-10] [INFO] [1777470441.709571095] [robot_1.robot_supervisor]: FULL ROTATE active (accum_rad=0.875, timed_fallback=False, stall_count=0)
[robot_supervisor-7] [INFO] [1777470441.720737424] [robot_0.robot_supervisor]: Selected controllable event: EV_full_rotate
[robot_supervisor-7] [INFO] [1777470441.721023862] [robot_0.robot_supervisor]: Starting FULL ROTATE (omega=1.000, have_odom=True, target_rad=3.142, timeout_s=3.500)
[robot_supervisor-10] [INFO] [1777470441.809649306] [robot_1.robot_supervisor]: FULL ROTATE active (accum_rad=0.975, timed_fallback=False, stall_count=0)
[robot_supervisor-7] [INFO] [1777470441.820705172] [robot_0.robot_supervisor]: FULL ROTATE active (accum_rad=0.000, timed_fallback=False, stall_count=0)
[robot_supervisor-16] [INFO] [1777470441.864310155] [robot_3.robot_supervisor]: Selected controllable event: EV_move_forward
[robot_supervisor-10] [INFO] [1777470441.909512519] [robot_1.robot_supervisor]: FULL ROTATE active (accum_rad=1.075, timed_fallback=False, stall_count=0)
[robot_supervisor-7] [INFO] [1777470441.920537748] [robot_0.robot_supervisor]: FULL ROTATE active (accum_rad=0.006, timed_fallback=False, stall_count=0)
[robot_supervisor-19] [INFO] [1777470441.991393738] [robot_4.robot_supervisor]: Selected controllable event: EV_move_forward
[robot_supervisor-10] [INFO] [1777470442.009381010] [robot_1.robot_supervisor]: FULL ROTATE active (accum_rad=1.175, timed_fallback=False, stall_count=0)
[robot_supervisor-7] [INFO] [1777470442.020965831] [robot_0.robot_supervisor]: FULL ROTATE active (accum_rad=0.041, timed_fallback=False, stall_count=0)
[robot_supervisor-10] [INFO] [1777470442.109546940] [robot_1.robot_supervisor]: FULL ROTATE active (accum_rad=1.275, timed_fallback=False, stall_count=0)
[robot_supervisor-7] [INFO] [1777470442.120797004] [robot_0.robot_supervisor]: FULL ROTATE active (accum_rad=0.105, timed_fallback=False, stall_count=0)
[robot_supervisor-16] [INFO] [1777470442.164026917] [robot_3.robot_supervisor]: Selected controllable event: EV_random_walk
[robot_supervisor-10] [INFO] [1777470442.209395313] [robot_1.robot_supervisor]: FULL ROTATE active (accum_rad=1.375, timed_fallback=False, stall_count=0)
[robot_supervisor-7] [INFO] [1777470442.220943811] [robot_0.robot_supervisor]: FULL ROTATE active (accum_rad=0.198, timed_fallback=False, stall_count=0)
[robot_supervisor-19] [INFO] [1777470442.291302856] [robot_4.robot_supervisor]: Selected controllable event: EV_random_walk
[robot_supervisor-10] [INFO] [1777470442.309620376] [robot_1.robot_supervisor]: FULL ROTATE active (accum_rad=1.475, timed_fallback=False, stall_count=0)
[robot_supervisor-7] [INFO] [1777470442.321087891] [robot_0.robot_supervisor]: FULL ROTATE active (accum_rad=0.298, timed_fallback=False, stall_count=0)
[robot_supervisor-10] [INFO] [1777470442.409510413] [robot_1.robot_supervisor]: FULL ROTATE active (accum_rad=1.575, timed_fallback=False, stall_count=0)
[robot_supervisor-7] [INFO] [1777470442.420853011] [robot_0.robot_supervisor]: FULL ROTATE active (accum_rad=0.398, timed_fallback=False, stall_count=0)
[robot_supervisor-16] [INFO] [1777470442.464391901] [robot_3.robot_supervisor]: Selected controllable event: EV_move_forward
[robot_supervisor-10] [INFO] [1777470442.509412966] [robot_1.robot_supervisor]: FULL ROTATE active (accum_rad=1.675, timed_fallback=False, stall_count=0)
[robot_supervisor-7] [INFO] [1777470442.520956242] [robot_0.robot_supervisor]: FULL ROTATE active (accum_rad=0.498, timed_fallback=False, stall_count=0)
[robot_supervisor-10] [INFO] [1777470442.609483899] [robot_1.robot_supervisor]: FULL ROTATE active (accum_rad=1.775, timed_fallback=False, stall_count=0)
[robot_supervisor-7] [INFO] [1777470442.620540518] [robot_0.robot_supervisor]: FULL ROTATE active (accum_rad=0.598, timed_fallback=False, stall_count=0)
[robot_supervisor-10] [INFO] [1777470442.709511483] [robot_1.robot_supervisor]: FULL ROTATE active (accum_rad=1.875, timed_fallback=False, stall_count=0)
[robot_supervisor-7] [INFO] [1777470442.720970175] [robot_0.robot_supervisor]: FULL ROTATE active (accum_rad=0.698, timed_fallback=False, stall_count=0)
[robot_supervisor-16] [INFO] [1777470442.764333917] [robot_3.robot_supervisor]: Selected controllable event: EV_random_walk
[robot_supervisor-10] [INFO] [1777470442.809581933] [robot_1.robot_supervisor]: FULL ROTATE active (accum_rad=1.975, timed_fallback=False, stall_count=0)
[robot_supervisor-7] [INFO] [1777470442.821057615] [robot_0.robot_supervisor]: FULL ROTATE active (accum_rad=0.798, timed_fallback=False, stall_count=0)
[robot_supervisor-10] [INFO] [1777470442.909717535] [robot_1.robot_supervisor]: FULL ROTATE active (accum_rad=2.075, timed_fallback=False, stall_count=0)
[robot_supervisor-7] [INFO] [1777470442.920697912] [robot_0.robot_supervisor]: FULL ROTATE active (accum_rad=0.898, timed_fallback=False, stall_count=0)
[robot_supervisor-10] [INFO] [1777470443.009651578] [robot_1.robot_supervisor]: FULL ROTATE active (accum_rad=2.175, timed_fallback=False, stall_count=0)
[robot_supervisor-7] [INFO] [1777470443.020576306] [robot_0.robot_supervisor]: FULL ROTATE active (accum_rad=0.998, timed_fallback=False, stall_count=0)
[robot_supervisor-10] [INFO] [1777470443.109641450] [robot_1.robot_supervisor]: FULL ROTATE active (accum_rad=2.275, timed_fallback=False, stall_count=0)
[robot_supervisor-7] [INFO] [1777470443.120792182] [robot_0.robot_supervisor]: FULL ROTATE active (accum_rad=1.098, timed_fallback=False, stall_count=0)
[robot_supervisor-13] [INFO] [1777470443.198710928] [robot_2.robot_supervisor]: Selected controllable event: EV_move_backward
[robot_supervisor-10] [INFO] [1777470443.209478373] [robot_1.robot_supervisor]: FULL ROTATE active (accum_rad=2.375, timed_fallback=False, stall_count=0)
[robot_supervisor-7] [INFO] [1777470443.220527218] [robot_0.robot_supervisor]: FULL ROTATE active (accum_rad=1.198, timed_fallback=False, stall_count=0)
[robot_supervisor-10] [INFO] [1777470443.309428094] [robot_1.robot_supervisor]: FULL ROTATE active (accum_rad=2.475, timed_fallback=False, stall_count=0)
[robot_supervisor-7] [INFO] [1777470443.320572684] [robot_0.robot_supervisor]: FULL ROTATE active (accum_rad=1.298, timed_fallback=False, stall_count=0)
[robot_supervisor-10] [INFO] [1777470443.409432001] [robot_1.robot_supervisor]: FULL ROTATE active (accum_rad=2.575, timed_fallback=False, stall_count=0)
[robot_supervisor-7] [INFO] [1777470443.420778577] [robot_0.robot_supervisor]: FULL ROTATE active (accum_rad=1.398, timed_fallback=False, stall_count=0)
[robot_supervisor-10] [INFO] [1777470443.509378377] [robot_1.robot_supervisor]: FULL ROTATE active (accum_rad=2.675, timed_fallback=False, stall_count=0)
[robot_supervisor-7] [INFO] [1777470443.520754820] [robot_0.robot_supervisor]: FULL ROTATE active (accum_rad=1.498, timed_fallback=False, stall_count=0)
[robot_supervisor-13] [INFO] [1777470443.598301564] [robot_2.robot_supervisor]: Selected controllable event: EV_rotate_clockwise
[robot_supervisor-10] [INFO] [1777470443.609335135] [robot_1.robot_supervisor]: FULL ROTATE active (accum_rad=2.775, timed_fallback=False, stall_count=0)
[robot_supervisor-7] [INFO] [1777470443.620695113] [robot_0.robot_supervisor]: FULL ROTATE active (accum_rad=1.598, timed_fallback=False, stall_count=0)
[robot_supervisor-10] [INFO] [1777470443.709380121] [robot_1.robot_supervisor]: FULL ROTATE active (accum_rad=2.875, timed_fallback=False, stall_count=0)
[robot_supervisor-7] [INFO] [1777470443.720676347] [robot_0.robot_supervisor]: FULL ROTATE active (accum_rad=1.698, timed_fallback=False, stall_count=0)
[robot_supervisor-19] [INFO] [1777470443.791644660] [robot_4.robot_supervisor]: Selected controllable event: EV_move_forward
[image_processor-22] [INFO] [1777470443.805077730] [robot_1.image_processor]: Zone=CLEAR  left[p=2.876 near=0 v=5032]  front[p=3.008 near=0 v=9882]  right[p=1.067 near=0 v=7736]
[robot_supervisor-10] [INFO] [1777470443.805831053] [robot_1.robot_supervisor]: Detected zone changed to CLEAR
[robot_supervisor-10] [INFO] [1777470443.809290820] [robot_1.robot_supervisor]: FULL ROTATE active (accum_rad=2.975, timed_fallback=False, stall_count=0)
[image_processor-24] [INFO] [1777470443.813279241] [robot_3.image_processor]: Zone=CLEAR
[robot_supervisor-7] [INFO] [1777470443.820811099] [robot_0.robot_supervisor]: FULL ROTATE active (accum_rad=1.798, timed_fallback=False, stall_count=0)
[image_processor-25] [INFO] [1777470443.828600499] [robot_4.image_processor]: Zone=CLEAR
[image_processor-23] [INFO] [1777470443.837621086] [robot_2.image_processor]: Zone=CORNER
[image_processor-21] [INFO] [1777470443.847033404] [robot_0.image_processor]: Zone=CORNER  left[p=0.307 near=7650 v=7650]  front[p=0.329 near=13500 v=13500]  right[p=0.365 near=7740 v=7740]
[robot_supervisor-7] [INFO] [1777470443.848037242] [robot_0.robot_supervisor]: Detected zone changed to CORNER
[robot_supervisor-10] [INFO] [1777470443.909393531] [robot_1.robot_supervisor]: FULL ROTATE active (accum_rad=3.075, timed_fallback=False, stall_count=0)
[robot_supervisor-10] [INFO] [1777470443.909867809] [robot_1.robot_supervisor]: FULL ROTATE completed by odom (accum_rad=3.175)
[robot_supervisor-10] [INFO] [1777470443.910288171] [robot_1.robot_supervisor]: FULL ROTATE stopped; supervisor will select next event next tick
[robot_supervisor-7] [INFO] [1777470443.920903762] [robot_0.robot_supervisor]: FULL ROTATE active (accum_rad=1.898, timed_fallback=False, stall_count=0)
[robot_supervisor-7] [INFO] [1777470444.020843897] [robot_0.robot_supervisor]: FULL ROTATE active (accum_rad=1.998, timed_fallback=False, stall_count=0)
[robot_supervisor-19] [INFO] [1777470444.091314549] [robot_4.robot_supervisor]: Selected controllable event: EV_random_walk
[robot_supervisor-7] [INFO] [1777470444.120686324] [robot_0.robot_supervisor]: FULL ROTATE active (accum_rad=2.098, timed_fallback=False, stall_count=0)
[robot_supervisor-10] [INFO] [1777470444.209767474] [robot_1.robot_supervisor]: Selected controllable event: EV_move_forward
[robot_supervisor-7] [INFO] [1777470444.220752885] [robot_0.robot_supervisor]: FULL ROTATE active (accum_rad=2.198, timed_fallback=False, stall_count=0)
[robot_supervisor-16] [INFO] [1777470444.265593389] [robot_3.robot_supervisor]: Selected controllable event: EV_move_forward
[robot_supervisor-7] [INFO] [1777470444.320861124] [robot_0.robot_supervisor]: FULL ROTATE active (accum_rad=2.298, timed_fallback=False, stall_count=0)
[robot_supervisor-7] [INFO] [1777470444.420819172] [robot_0.robot_supervisor]: FULL ROTATE active (accum_rad=2.398, timed_fallback=False, stall_count=0)
[robot_supervisor-10] [INFO] [1777470444.509437649] [robot_1.robot_supervisor]: Selected controllable event: EV_random_walk
[robot_supervisor-7] [INFO] [1777470444.520711225] [robot_0.robot_supervisor]: FULL ROTATE active (accum_rad=2.498, timed_fallback=False, stall_count=0)
[robot_supervisor-16] [INFO] [1777470444.564616756] [robot_3.robot_supervisor]: Selected controllable event: EV_random_walk
[robot_supervisor-7] [INFO] [1777470444.620708417] [robot_0.robot_supervisor]: FULL ROTATE active (accum_rad=2.598, timed_fallback=False, stall_count=0)
[robot_supervisor-7] [INFO] [1777470444.720728945] [robot_0.robot_supervisor]: FULL ROTATE active (accum_rad=2.698, timed_fallback=False, stall_count=0)
[robot_supervisor-10] [INFO] [1777470444.809408980] [robot_1.robot_supervisor]: Selected controllable event: EV_move_forward
[robot_supervisor-7] [INFO] [1777470444.820595994] [robot_0.robot_supervisor]: FULL ROTATE active (accum_rad=2.798, timed_fallback=False, stall_count=0)
[robot_supervisor-7] [INFO] [1777470444.920937908] [robot_0.robot_supervisor]: FULL ROTATE active (accum_rad=2.898, timed_fallback=False, stall_count=0)
[robot_supervisor-7] [INFO] [1777470445.020547189] [robot_0.robot_supervisor]: FULL ROTATE active (accum_rad=2.998, timed_fallback=False, stall_count=0)
[robot_supervisor-10] [INFO] [1777470445.109500023] [robot_1.robot_supervisor]: Selected controllable event: EV_random_walk
[robot_supervisor-7] [INFO] [1777470445.120696146] [robot_0.robot_supervisor]: FULL ROTATE active (accum_rad=3.098, timed_fallback=False, stall_count=0)
[robot_supervisor-7] [INFO] [1777470445.121152837] [robot_0.robot_supervisor]: FULL ROTATE completed by odom (accum_rad=3.198)
[robot_supervisor-7] [INFO] [1777470445.121548488] [robot_0.robot_supervisor]: FULL ROTATE stopped; supervisor will select next event next tick
[robot_supervisor-10] [INFO] [1777470445.409516253] [robot_1.robot_supervisor]: Selected controllable event: EV_move_forward
[robot_supervisor-7] [INFO] [1777470445.420838580] [robot_0.robot_supervisor]: Selected controllable event: EV_move_backward
[robot_supervisor-19] [INFO] [1777470445.591338242] [robot_4.robot_supervisor]: Selected controllable event: EV_move_forward
[robot_supervisor-13] [INFO] [1777470445.698595758] [robot_2.robot_supervisor]: Selected controllable event: EV_full_rotate
[robot_supervisor-13] [INFO] [1777470445.699000146] [robot_2.robot_supervisor]: Starting FULL ROTATE (omega=1.000, have_odom=True, target_rad=3.142, timeout_s=3.500)
[robot_supervisor-10] [INFO] [1777470445.709460629] [robot_1.robot_supervisor]: Selected controllable event: EV_random_walk
[robot_supervisor-13] [INFO] [1777470445.798331531] [robot_2.robot_supervisor]: FULL ROTATE active (accum_rad=0.000, timed_fallback=False, stall_count=0)
[robot_supervisor-7] [INFO] [1777470445.821136050] [robot_0.robot_supervisor]: Selected controllable event: EV_rotate_clockwise
[robot_supervisor-19] [INFO] [1777470445.891350011] [robot_4.robot_supervisor]: Selected controllable event: EV_random_walk
[robot_supervisor-13] [INFO] [1777470445.898687586] [robot_2.robot_supervisor]: FULL ROTATE active (accum_rad=0.000, timed_fallback=False, stall_count=1)
[robot_supervisor-16] [INFO] [1777470445.964311379] [robot_3.robot_supervisor]: Selected controllable event: EV_move_forward
[robot_supervisor-13] [INFO] [1777470445.998655519] [robot_2.robot_supervisor]: FULL ROTATE active (accum_rad=0.031, timed_fallback=False, stall_count=0)
[robot_supervisor-13] [INFO] [1777470446.098619760] [robot_2.robot_supervisor]: FULL ROTATE active (accum_rad=0.091, timed_fallback=False, stall_count=0)
[robot_supervisor-19] [INFO] [1777470446.191348349] [robot_4.robot_supervisor]: Selected controllable event: EV_move_forward
[robot_supervisor-13] [INFO] [1777470446.198334066] [robot_2.robot_supervisor]: FULL ROTATE active (accum_rad=0.181, timed_fallback=False, stall_count=0)
[robot_supervisor-16] [INFO] [1777470446.264138200] [robot_3.robot_supervisor]: Selected controllable event: EV_random_walk
[robot_supervisor-13] [INFO] [1777470446.298564175] [robot_2.robot_supervisor]: FULL ROTATE active (accum_rad=0.281, timed_fallback=False, stall_count=0)
[image_processor-22] [INFO] [1777470446.310152563] [robot_1.image_processor]: Zone=CLEAR
[image_processor-24] [INFO] [1777470446.325329482] [robot_3.image_processor]: Zone=RIGHT  left[p=1.436 near=0 v=7650]  front[p=0.910 near=0 v=13500]  right[p=0.540 near=7386 v=7740]
[robot_supervisor-16] [INFO] [1777470446.325990099] [robot_3.robot_supervisor]: Detected zone changed to RIGHT
[image_processor-25] [INFO] [1777470446.349274596] [robot_4.image_processor]: Zone=CLEAR
[image_processor-23] [INFO] [1777470446.358941753] [robot_2.image_processor]: Zone=CORNER
[image_processor-21] [INFO] [1777470446.368931693] [robot_0.image_processor]: Zone=CORNER
[robot_supervisor-13] [INFO] [1777470446.398391111] [robot_2.robot_supervisor]: FULL ROTATE active (accum_rad=0.381, timed_fallback=False, stall_count=0)
[robot_supervisor-19] [INFO] [1777470446.491545605] [robot_4.robot_supervisor]: Selected controllable event: EV_random_walk
[robot_supervisor-13] [INFO] [1777470446.498295512] [robot_2.robot_supervisor]: FULL ROTATE active (accum_rad=0.481, timed_fallback=False, stall_count=0)
[robot_supervisor-13] [INFO] [1777470446.598333445] [robot_2.robot_supervisor]: FULL ROTATE active (accum_rad=0.581, timed_fallback=False, stall_count=0)
[robot_supervisor-13] [INFO] [1777470446.698533050] [robot_2.robot_supervisor]: FULL ROTATE active (accum_rad=0.681, timed_fallback=False, stall_count=0)
[robot_supervisor-19] [INFO] [1777470446.791067194] [robot_4.robot_supervisor]: Selected controllable event: EV_move_forward
[robot_supervisor-13] [INFO] [1777470446.798438764] [robot_2.robot_supervisor]: FULL ROTATE active (accum_rad=0.781, timed_fallback=False, stall_count=0)
[robot_supervisor-13] [INFO] [1777470446.898638998] [robot_2.robot_supervisor]: FULL ROTATE active (accum_rad=0.881, timed_fallback=False, stall_count=0)
[robot_supervisor-13] [INFO] [1777470446.998434818] [robot_2.robot_supervisor]: FULL ROTATE active (accum_rad=0.981, timed_fallback=False, stall_count=0)
[robot_supervisor-19] [INFO] [1777470447.091413610] [robot_4.robot_supervisor]: Selected controllable event: EV_random_walk
[robot_supervisor-13] [INFO] [1777470447.098424089] [robot_2.robot_supervisor]: FULL ROTATE active (accum_rad=1.081, timed_fallback=False, stall_count=0)
[robot_supervisor-13] [INFO] [1777470447.198555211] [robot_2.robot_supervisor]: FULL ROTATE active (accum_rad=1.181, timed_fallback=False, stall_count=0)
[robot_supervisor-10] [INFO] [1777470447.209760022] [robot_1.robot_supervisor]: Selected controllable event: EV_move_forward
[robot_supervisor-13] [INFO] [1777470447.298640697] [robot_2.robot_supervisor]: FULL ROTATE active (accum_rad=1.281, timed_fallback=False, stall_count=0)
[robot_supervisor-19] [INFO] [1777470447.391362829] [robot_4.robot_supervisor]: Selected controllable event: EV_move_forward
[robot_supervisor-13] [INFO] [1777470447.398687287] [robot_2.robot_supervisor]: FULL ROTATE active (accum_rad=1.381, timed_fallback=False, stall_count=0)
[robot_supervisor-13] [INFO] [1777470447.498531341] [robot_2.robot_supervisor]: FULL ROTATE active (accum_rad=1.481, timed_fallback=False, stall_count=0)
[robot_supervisor-10] [INFO] [1777470447.509474909] [robot_1.robot_supervisor]: Selected controllable event: EV_random_walk
[robot_supervisor-13] [INFO] [1777470447.598523722] [robot_2.robot_supervisor]: FULL ROTATE active (accum_rad=1.581, timed_fallback=False, stall_count=0)
[robot_supervisor-19] [INFO] [1777470447.691270332] [robot_4.robot_supervisor]: Selected controllable event: EV_random_walk
[robot_supervisor-13] [INFO] [1777470447.698595552] [robot_2.robot_supervisor]: FULL ROTATE active (accum_rad=1.681, timed_fallback=False, stall_count=0)
[robot_supervisor-16] [INFO] [1777470447.764509533] [robot_3.robot_supervisor]: Selected controllable event: EV_rotate_counterclockwise
[robot_supervisor-13] [INFO] [1777470447.798738794] [robot_2.robot_supervisor]: FULL ROTATE active (accum_rad=1.781, timed_fallback=False, stall_count=0)
[robot_supervisor-13] [INFO] [1777470447.898507038] [robot_2.robot_supervisor]: FULL ROTATE active (accum_rad=1.881, timed_fallback=False, stall_count=0)
[robot_supervisor-7] [INFO] [1777470447.920844356] [robot_0.robot_supervisor]: Selected controllable event: EV_full_rotate
[robot_supervisor-7] [INFO] [1777470447.921234505] [robot_0.robot_supervisor]: Starting FULL ROTATE (omega=1.000, have_odom=True, target_rad=3.142, timeout_s=3.500)
[robot_supervisor-13] [INFO] [1777470447.998475100] [robot_2.robot_supervisor]: FULL ROTATE active (accum_rad=1.981, timed_fallback=False, stall_count=0)
[robot_supervisor-7] [INFO] [1777470448.020905435] [robot_0.robot_supervisor]: FULL ROTATE active (accum_rad=0.000, timed_fallback=False, stall_count=0)
[robot_supervisor-13] [INFO] [1777470448.098446513] [robot_2.robot_supervisor]: FULL ROTATE active (accum_rad=2.081, timed_fallback=False, stall_count=0)
[robot_supervisor-7] [INFO] [1777470448.121077951] [robot_0.robot_supervisor]: FULL ROTATE active (accum_rad=0.005, timed_fallback=False, stall_count=0)
[robot_supervisor-13] [INFO] [1777470448.198549033] [robot_2.robot_supervisor]: FULL ROTATE active (accum_rad=2.181, timed_fallback=False, stall_count=0)
[robot_supervisor-7] [INFO] [1777470448.220982128] [robot_0.robot_supervisor]: FULL ROTATE active (accum_rad=0.030, timed_fallback=False, stall_count=0)
[robot_supervisor-13] [INFO] [1777470448.298488899] [robot_2.robot_supervisor]: FULL ROTATE active (accum_rad=2.281, timed_fallback=False, stall_count=0)
[robot_supervisor-7] [INFO] [1777470448.320631559] [robot_0.robot_supervisor]: FULL ROTATE active (accum_rad=0.084, timed_fallback=False, stall_count=0)
[robot_supervisor-13] [INFO] [1777470448.398468672] [robot_2.robot_supervisor]: FULL ROTATE active (accum_rad=2.381, timed_fallback=False, stall_count=0)
[robot_supervisor-7] [INFO] [1777470448.420651338] [robot_0.robot_supervisor]: FULL ROTATE active (accum_rad=0.169, timed_fallback=False, stall_count=0)
[robot_supervisor-13] [INFO] [1777470448.498526988] [robot_2.robot_supervisor]: FULL ROTATE active (accum_rad=2.481, timed_fallback=False, stall_count=0)
[robot_supervisor-7] [INFO] [1777470448.520903145] [robot_0.robot_supervisor]: FULL ROTATE active (accum_rad=0.269, timed_fallback=False, stall_count=0)
[robot_supervisor-13] [INFO] [1777470448.598727467] [robot_2.robot_supervisor]: FULL ROTATE active (accum_rad=2.581, timed_fallback=False, stall_count=0)
[robot_supervisor-7] [INFO] [1777470448.620614480] [robot_0.robot_supervisor]: FULL ROTATE active (accum_rad=0.369, timed_fallback=False, stall_count=0)
[robot_supervisor-13] [INFO] [1777470448.698442454] [robot_2.robot_supervisor]: FULL ROTATE active (accum_rad=2.681, timed_fallback=False, stall_count=0)
[robot_supervisor-7] [INFO] [1777470448.720889080] [robot_0.robot_supervisor]: FULL ROTATE active (accum_rad=0.469, timed_fallback=False, stall_count=0)
[robot_supervisor-13] [INFO] [1777470448.798474499] [robot_2.robot_supervisor]: FULL ROTATE active (accum_rad=2.781, timed_fallback=False, stall_count=0)
[image_processor-22] [INFO] [1777470448.806304225] [robot_1.image_processor]: Zone=CLEAR
[image_processor-24] [INFO] [1777470448.817843451] [robot_3.image_processor]: Zone=LEFT  left[p=0.643 near=6699 v=7650]  front[p=0.912 near=0 v=13500]  right[p=1.116 near=0 v=7740]
[robot_supervisor-16] [INFO] [1777470448.818497291] [robot_3.robot_supervisor]: Detected zone changed to LEFT
[robot_supervisor-7] [INFO] [1777470448.820545325] [robot_0.robot_supervisor]: FULL ROTATE active (accum_rad=0.569, timed_fallback=False, stall_count=0)
[image_processor-25] [INFO] [1777470448.830616625] [robot_4.image_processor]: Zone=CLEAR
[image_processor-23] [INFO] [1777470448.850219064] [robot_2.image_processor]: Zone=RIGHT  left[p=3.291 near=0 v=6557]  front[p=1.268 near=0 v=13435]  right[p=0.464 near=5769 v=7740]
[robot_supervisor-13] [INFO] [1777470448.850776075] [robot_2.robot_supervisor]: Detected zone changed to RIGHT
[image_processor-21] [INFO] [1777470448.863894191] [robot_0.image_processor]: Zone=CORNER
[robot_supervisor-13] [INFO] [1777470448.898376448] [robot_2.robot_supervisor]: FULL ROTATE active (accum_rad=2.881, timed_fallback=False, stall_count=0)
[robot_supervisor-7] [INFO] [1777470448.920821309] [robot_0.robot_supervisor]: FULL ROTATE active (accum_rad=0.669, timed_fallback=False, stall_count=0)
[robot_supervisor-13] [INFO] [1777470448.998356409] [robot_2.robot_supervisor]: FULL ROTATE active (accum_rad=2.981, timed_fallback=False, stall_count=0)
[robot_supervisor-10] [INFO] [1777470449.009291581] [robot_1.robot_supervisor]: Selected controllable event: EV_move_forward
[robot_supervisor-7] [INFO] [1777470449.020908015] [robot_0.robot_supervisor]: FULL ROTATE active (accum_rad=0.769, timed_fallback=False, stall_count=0)
[robot_supervisor-13] [INFO] [1777470449.098349763] [robot_2.robot_supervisor]: FULL ROTATE active (accum_rad=3.081, timed_fallback=False, stall_count=0)
[robot_supervisor-13] [INFO] [1777470449.098641969] [robot_2.robot_supervisor]: FULL ROTATE completed by odom (accum_rad=3.181)
[robot_supervisor-13] [INFO] [1777470449.098828253] [robot_2.robot_supervisor]: FULL ROTATE stopped; supervisor will select next event next tick
[robot_supervisor-7] [INFO] [1777470449.120607952] [robot_0.robot_supervisor]: FULL ROTATE active (accum_rad=0.869, timed_fallback=False, stall_count=0)
[robot_supervisor-19] [INFO] [1777470449.191400825] [robot_4.robot_supervisor]: Selected controllable event: EV_move_forward
[robot_supervisor-7] [INFO] [1777470449.220777484] [robot_0.robot_supervisor]: FULL ROTATE active (accum_rad=0.969, timed_fallback=False, stall_count=0)
[robot_supervisor-10] [INFO] [1777470449.309526940] [robot_1.robot_supervisor]: Selected controllable event: EV_random_walk
[robot_supervisor-7] [INFO] [1777470449.320627061] [robot_0.robot_supervisor]: FULL ROTATE active (accum_rad=1.069, timed_fallback=False, stall_count=0)
[robot_supervisor-13] [INFO] [1777470449.398641508] [robot_2.robot_supervisor]: Selected controllable event: EV_rotate_counterclockwise
[robot_supervisor-7] [INFO] [1777470449.420771104] [robot_0.robot_supervisor]: FULL ROTATE active (accum_rad=1.169, timed_fallback=False, stall_count=0)
[robot_supervisor-19] [INFO] [1777470449.491290110] [robot_4.robot_supervisor]: Selected controllable event: EV_random_walk
[robot_supervisor-7] [INFO] [1777470449.520799557] [robot_0.robot_supervisor]: FULL ROTATE active (accum_rad=1.269, timed_fallback=False, stall_count=0)
[robot_supervisor-7] [INFO] [1777470449.620557851] [robot_0.robot_supervisor]: FULL ROTATE active (accum_rad=1.369, timed_fallback=False, stall_count=0)
[robot_supervisor-7] [INFO] [1777470449.720565728] [robot_0.robot_supervisor]: FULL ROTATE active (accum_rad=1.469, timed_fallback=False, stall_count=0)
[robot_supervisor-16] [INFO] [1777470449.764368423] [robot_3.robot_supervisor]: Selected controllable event: EV_rotate_clockwise
[robot_supervisor-16] [INFO] [1777470449.764761795] [robot_3.robot_supervisor]: rotate_90 blocked by recent completion; stopping this tick
[robot_supervisor-19] [INFO] [1777470449.791365922] [robot_4.robot_supervisor]: Selected controllable event: EV_move_forward
[robot_supervisor-7] [INFO] [1777470449.820824560] [robot_0.robot_supervisor]: FULL ROTATE active (accum_rad=1.569, timed_fallback=False, stall_count=0)
[robot_supervisor-16] [INFO] [1777470449.864356102] [robot_3.robot_supervisor]: Selected controllable event: EV_rotate_clockwise
[robot_supervisor-16] [INFO] [1777470449.864715975] [robot_3.robot_supervisor]: rotate_90 blocked by recent completion; stopping this tick
[robot_supervisor-7] [INFO] [1777470449.920692302] [robot_0.robot_supervisor]: FULL ROTATE active (accum_rad=1.669, timed_fallback=False, stall_count=0)
[robot_supervisor-16] [INFO] [1777470449.964095333] [robot_3.robot_supervisor]: Selected controllable event: EV_rotate_clockwise
[robot_supervisor-7] [INFO] [1777470450.020578371] [robot_0.robot_supervisor]: FULL ROTATE active (accum_rad=1.769, timed_fallback=False, stall_count=0)
[robot_supervisor-19] [INFO] [1777470450.091303892] [robot_4.robot_supervisor]: Selected controllable event: EV_random_walk
[robot_supervisor-7] [INFO] [1777470450.120511049] [robot_0.robot_supervisor]: FULL ROTATE active (accum_rad=1.869, timed_fallback=False, stall_count=0)
[robot_supervisor-7] [INFO] [1777470450.220606622] [robot_0.robot_supervisor]: FULL ROTATE active (accum_rad=1.969, timed_fallback=False, stall_count=0)
[robot_supervisor-7] [INFO] [1777470450.320645999] [robot_0.robot_supervisor]: FULL ROTATE active (accum_rad=2.069, timed_fallback=False, stall_count=0)
[robot_supervisor-7] [INFO] [1777470450.420762560] [robot_0.robot_supervisor]: FULL ROTATE active (accum_rad=2.169, timed_fallback=False, stall_count=0)
[robot_supervisor-7] [INFO] [1777470450.520521093] [robot_0.robot_supervisor]: FULL ROTATE active (accum_rad=2.269, timed_fallback=False, stall_count=0)
[robot_supervisor-7] [INFO] [1777470450.620688175] [robot_0.robot_supervisor]: FULL ROTATE active (accum_rad=2.369, timed_fallback=False, stall_count=0)
[robot_supervisor-7] [INFO] [1777470450.720705489] [robot_0.robot_supervisor]: FULL ROTATE active (accum_rad=2.469, timed_fallback=False, stall_count=0)
[robot_supervisor-10] [INFO] [1777470450.809589499] [robot_1.robot_supervisor]: Selected controllable event: EV_move_forward
[robot_supervisor-7] [INFO] [1777470450.820892226] [robot_0.robot_supervisor]: FULL ROTATE active (accum_rad=2.569, timed_fallback=False, stall_count=0)
[robot_supervisor-7] [INFO] [1777470450.920548181] [robot_0.robot_supervisor]: FULL ROTATE active (accum_rad=2.669, timed_fallback=False, stall_count=0)
[robot_supervisor-7] [INFO] [1777470451.020704840] [robot_0.robot_supervisor]: FULL ROTATE active (accum_rad=2.769, timed_fallback=False, stall_count=0)
[robot_supervisor-10] [INFO] [1777470451.109756458] [robot_1.robot_supervisor]: Selected controllable event: EV_random_walk
[robot_supervisor-7] [INFO] [1777470451.120792614] [robot_0.robot_supervisor]: FULL ROTATE active (accum_rad=2.869, timed_fallback=False, stall_count=0)
[robot_supervisor-7] [INFO] [1777470451.220791429] [robot_0.robot_supervisor]: FULL ROTATE active (accum_rad=2.969, timed_fallback=False, stall_count=0)
[image_processor-22] [INFO] [1777470451.308561229] [robot_1.image_processor]: Zone=CLEAR
[image_processor-24] [INFO] [1777470451.317796036] [robot_3.image_processor]: Zone=LEFT
[robot_supervisor-7] [INFO] [1777470451.320886208] [robot_0.robot_supervisor]: FULL ROTATE active (accum_rad=3.069, timed_fallback=False, stall_count=0)
[robot_supervisor-7] [INFO] [1777470451.321407997] [robot_0.robot_supervisor]: FULL ROTATE completed by odom (accum_rad=3.169)
[robot_supervisor-7] [INFO] [1777470451.321849280] [robot_0.robot_supervisor]: FULL ROTATE stopped; supervisor will select next event next tick
[image_processor-25] [INFO] [1777470451.325024472] [robot_4.image_processor]: Zone=CLEAR
[image_processor-23] [INFO] [1777470451.335700636] [robot_2.image_processor]: Zone=LEFT  left[p=0.759 near=2135 v=7650]  front[p=0.915 near=0 v=9467]  right[p=1.806 near=0 v=4943]
[robot_supervisor-13] [INFO] [1777470451.336536601] [robot_2.robot_supervisor]: Detected zone changed to LEFT
[image_processor-21] [INFO] [1777470451.348525421] [robot_0.image_processor]: Zone=CLEAR  left[p=2.519 near=0 v=4918]  front[p=1.677 near=0 v=11149]  right[p=0.986 near=0 v=7740]
[robot_supervisor-7] [INFO] [1777470451.349175775] [robot_0.robot_supervisor]: Detected zone changed to CLEAR
[robot_supervisor-10] [INFO] [1777470451.409420033] [robot_1.robot_supervisor]: Selected controllable event: EV_move_forward
[robot_supervisor-13] [INFO] [1777470451.498698403] [robot_2.robot_supervisor]: Selected controllable event: EV_rotate_clockwise
[robot_supervisor-13] [INFO] [1777470451.499243307] [robot_2.robot_supervisor]: rotate_90 blocked by recent completion; stopping this tick
[robot_supervisor-19] [INFO] [1777470451.591337786] [robot_4.robot_supervisor]: Selected controllable event: EV_move_forward
[robot_supervisor-13] [INFO] [1777470451.598476739] [robot_2.robot_supervisor]: Selected controllable event: EV_rotate_clockwise
[robot_supervisor-13] [INFO] [1777470451.598709983] [robot_2.robot_supervisor]: rotate_90 blocked by recent completion; stopping this tick
[robot_supervisor-13] [INFO] [1777470451.698571172] [robot_2.robot_supervisor]: Selected controllable event: EV_rotate_clockwise
[robot_supervisor-13] [INFO] [1777470451.698827173] [robot_2.robot_supervisor]: rotate_90 blocked by recent completion; stopping this tick
[robot_supervisor-10] [INFO] [1777470451.709338745] [robot_1.robot_supervisor]: Selected controllable event: EV_random_walk
[robot_supervisor-7] [INFO] [1777470451.720548783] [robot_0.robot_supervisor]: Selected controllable event: EV_move_forward
[robot_supervisor-13] [INFO] [1777470451.798397700] [robot_2.robot_supervisor]: Selected controllable event: EV_rotate_clockwise
[robot_supervisor-19] [INFO] [1777470451.891325621] [robot_4.robot_supervisor]: Selected controllable event: EV_random_walk
[robot_supervisor-7] [INFO] [1777470452.020645126] [robot_0.robot_supervisor]: Selected controllable event: EV_random_walk
[robot_supervisor-16] [INFO] [1777470452.164011120] [robot_3.robot_supervisor]: Selected controllable event: EV_rotate_clockwise
[robot_supervisor-16] [INFO] [1777470452.164271354] [robot_3.robot_supervisor]: rotate_90 blocked by recent completion; stopping this tick
[robot_supervisor-19] [INFO] [1777470452.191267997] [robot_4.robot_supervisor]: Selected controllable event: EV_move_forward
[robot_supervisor-16] [INFO] [1777470452.264584613] [robot_3.robot_supervisor]: Selected controllable event: EV_rotate_clockwise
[robot_supervisor-16] [INFO] [1777470452.264890107] [robot_3.robot_supervisor]: rotate_90 blocked by recent completion; stopping this tick
[robot_supervisor-7] [INFO] [1777470452.321168071] [robot_0.robot_supervisor]: Selected controllable event: EV_move_forward
[robot_supervisor-16] [INFO] [1777470452.364576036] [robot_3.robot_supervisor]: Selected controllable event: EV_rotate_clockwise
[robot_supervisor-19] [INFO] [1777470452.491549780] [robot_4.robot_supervisor]: Selected controllable event: EV_random_walk
[robot_supervisor-7] [INFO] [1777470452.620845228] [robot_0.robot_supervisor]: Selected controllable event: EV_random_walk
[robot_supervisor-7] [INFO] [1777470452.920602176] [robot_0.robot_supervisor]: Selected controllable event: EV_move_forward
[robot_supervisor-10] [INFO] [1777470453.209425000] [robot_1.robot_supervisor]: Selected controllable event: EV_move_forward
[robot_supervisor-7] [INFO] [1777470453.220917345] [robot_0.robot_supervisor]: Selected controllable event: EV_random_walk
[robot_supervisor-10] [INFO] [1777470453.509702908] [robot_1.robot_supervisor]: Selected controllable event: EV_random_walk
[robot_supervisor-7] [INFO] [1777470453.520776486] [robot_0.robot_supervisor]: Selected controllable event: EV_move_forward
[image_processor-22] [INFO] [1777470453.800441286] [robot_1.image_processor]: Zone=CLEAR
[robot_supervisor-10] [INFO] [1777470453.809319688] [robot_1.robot_supervisor]: Selected controllable event: EV_move_forward
[image_processor-24] [INFO] [1777470453.812269362] [robot_3.image_processor]: Zone=CORNER  left[p=1.596 near=0 v=7650]  front[p=0.575 near=7200 v=13500]  right[p=0.432 near=7740 v=7740]
[robot_supervisor-16] [INFO] [1777470453.812937093] [robot_3.robot_supervisor]: Detected zone changed to CORNER
[robot_supervisor-7] [INFO] [1777470453.820622307] [robot_0.robot_supervisor]: Selected controllable event: EV_random_walk
[image_processor-25] [INFO] [1777470453.824600921] [robot_4.image_processor]: Zone=CLEAR
[image_processor-23] [INFO] [1777470453.845408209] [robot_2.image_processor]: Zone=LEFT
[image_processor-21] [INFO] [1777470453.861669179] [robot_0.image_processor]: Zone=CLEAR
[robot_supervisor-13] [INFO] [1777470453.898338799] [robot_2.robot_supervisor]: Selected controllable event: EV_rotate_clockwise
[robot_supervisor-13] [INFO] [1777470453.898508108] [robot_2.robot_supervisor]: rotate_90 blocked by recent completion; stopping this tick
[robot_supervisor-19] [INFO] [1777470453.991104467] [robot_4.robot_supervisor]: Selected controllable event: EV_move_forward
[robot_supervisor-13] [INFO] [1777470453.998576234] [robot_2.robot_supervisor]: Selected controllable event: EV_rotate_clockwise
[robot_supervisor-13] [INFO] [1777470453.998932828] [robot_2.robot_supervisor]: rotate_90 blocked by recent completion; stopping this tick
[robot_supervisor-13] [INFO] [1777470454.098564979] [robot_2.robot_supervisor]: Selected controllable event: EV_rotate_clockwise
[robot_supervisor-13] [INFO] [1777470454.098923511] [robot_2.robot_supervisor]: rotate_90 blocked by recent completion; stopping this tick
[robot_supervisor-10] [INFO] [1777470454.109459247] [robot_1.robot_supervisor]: Selected controllable event: EV_random_walk
[robot_supervisor-7] [INFO] [1777470454.120853235] [robot_0.robot_supervisor]: Selected controllable event: EV_move_forward
[robot_supervisor-13] [INFO] [1777470454.198520222] [robot_2.robot_supervisor]: Selected controllable event: EV_rotate_clockwise
[robot_supervisor-19] [INFO] [1777470454.291360981] [robot_4.robot_supervisor]: Selected controllable event: EV_random_walk
[robot_supervisor-7] [INFO] [1777470454.421050987] [robot_0.robot_supervisor]: Selected controllable event: EV_random_walk
[robot_supervisor-16] [INFO] [1777470454.464568955] [robot_3.robot_supervisor]: Selected controllable event: EV_move_backward
[robot_supervisor-19] [INFO] [1777470454.591096230] [robot_4.robot_supervisor]: Selected controllable event: EV_move_forward
[robot_supervisor-16] [INFO] [1777470454.864095360] [robot_3.robot_supervisor]: Selected controllable event: EV_rotate_clockwise
[robot_supervisor-19] [INFO] [1777470454.891526543] [robot_4.robot_supervisor]: Selected controllable event: EV_random_walk
[robot_supervisor-19] [INFO] [1777470455.191377942] [robot_4.robot_supervisor]: Selected controllable event: EV_move_forward
[robot_supervisor-19] [INFO] [1777470455.491346908] [robot_4.robot_supervisor]: Selected controllable event: EV_random_walk
[robot_supervisor-10] [INFO] [1777470455.609528970] [robot_1.robot_supervisor]: Selected controllable event: EV_move_forward
[robot_supervisor-10] [INFO] [1777470455.909984418] [robot_1.robot_supervisor]: Selected controllable event: EV_random_walk
[robot_supervisor-7] [INFO] [1777470455.920807602] [robot_0.robot_supervisor]: Selected controllable event: EV_move_forward
[robot_supervisor-10] [INFO] [1777470456.209491877] [robot_1.robot_supervisor]: Selected controllable event: EV_move_forward
[robot_supervisor-7] [INFO] [1777470456.220761474] [robot_0.robot_supervisor]: Selected controllable event: EV_random_walk
[image_processor-22] [INFO] [1777470456.303270914] [robot_1.image_processor]: Zone=CORNER  left[p=0.381 near=7650 v=7650]  front[p=0.419 near=13500 v=13500]  right[p=0.483 near=7740 v=7740]
[robot_supervisor-10] [INFO] [1777470456.304049105] [robot_1.robot_supervisor]: Detected zone changed to CORNER
[image_processor-24] [INFO] [1777470456.323909849] [robot_3.image_processor]: Zone=CORNER
[image_processor-25] [INFO] [1777470456.337906317] [robot_4.image_processor]: Zone=CORNER  left[p=0.504 near=7650 v=7650]  front[p=0.547 near=9169 v=13500]  right[p=2.360 near=0 v=7740]
[robot_supervisor-19] [INFO] [1777470456.338638565] [robot_4.robot_supervisor]: Detected zone changed to CORNER
[image_processor-23] [INFO] [1777470456.347632527] [robot_2.image_processor]: Zone=CORNER  left[p=0.441 near=7643 v=7650]  front[p=0.259 near=13500 v=13500]  right[p=0.204 near=7740 v=7740]
[robot_supervisor-13] [INFO] [1777470456.348138558] [robot_2.robot_supervisor]: Detected zone changed to CORNER
[image_processor-21] [INFO] [1777470456.355202690] [robot_0.image_processor]: Zone=CLEAR
[robot_supervisor-13] [INFO] [1777470456.398459298] [robot_2.robot_supervisor]: Selected controllable event: EV_move_backward
[robot_supervisor-10] [INFO] [1777470456.509429721] [robot_1.robot_supervisor]: Selected controllable event: EV_move_backward
[robot_supervisor-7] [INFO] [1777470456.520780449] [robot_0.robot_supervisor]: Selected controllable event: EV_move_forward
[robot_supervisor-13] [INFO] [1777470456.798369401] [robot_2.robot_supervisor]: Selected controllable event: EV_rotate_clockwise
[robot_supervisor-7] [INFO] [1777470456.820922310] [robot_0.robot_supervisor]: Selected controllable event: EV_random_walk
[robot_supervisor-10] [INFO] [1777470456.909598458] [robot_1.robot_supervisor]: Selected controllable event: EV_rotate_clockwise
[robot_supervisor-19] [INFO] [1777470456.991520089] [robot_4.robot_supervisor]: Selected controllable event: EV_move_backward
[robot_supervisor-16] [INFO] [1777470457.064052318] [robot_3.robot_supervisor]: Selected controllable event: EV_full_rotate
[robot_supervisor-16] [INFO] [1777470457.064286901] [robot_3.robot_supervisor]: Starting FULL ROTATE (omega=1.000, have_odom=True, target_rad=3.142, timeout_s=3.500)
[robot_supervisor-16] [INFO] [1777470457.163971120] [robot_3.robot_supervisor]: FULL ROTATE active (accum_rad=0.000, timed_fallback=False, stall_count=0)
[robot_supervisor-16] [INFO] [1777470457.264426929] [robot_3.robot_supervisor]: FULL ROTATE active (accum_rad=0.008, timed_fallback=False, stall_count=0)
[robot_supervisor-16] [INFO] [1777470457.364521789] [robot_3.robot_supervisor]: FULL ROTATE active (accum_rad=0.046, timed_fallback=False, stall_count=0)
[robot_supervisor-19] [INFO] [1777470457.391102307] [robot_4.robot_supervisor]: Selected controllable event: EV_rotate_clockwise
[robot_supervisor-16] [INFO] [1777470457.464227433] [robot_3.robot_supervisor]: FULL ROTATE active (accum_rad=0.113, timed_fallback=False, stall_count=0)
[robot_supervisor-16] [INFO] [1777470457.564391447] [robot_3.robot_supervisor]: FULL ROTATE active (accum_rad=0.208, timed_fallback=False, stall_count=0)
[robot_supervisor-16] [INFO] [1777470457.664498942] [robot_3.robot_supervisor]: FULL ROTATE active (accum_rad=0.308, timed_fallback=False, stall_count=0)
[robot_supervisor-7] [INFO] [1777470457.720788144] [robot_0.robot_supervisor]: Selected controllable event: EV_move_forward
[robot_supervisor-16] [INFO] [1777470457.764399119] [robot_3.robot_supervisor]: FULL ROTATE active (accum_rad=0.408, timed_fallback=False, stall_count=0)
[robot_supervisor-16] [INFO] [1777470457.864517347] [robot_3.robot_supervisor]: FULL ROTATE active (accum_rad=0.508, timed_fallback=False, stall_count=0)
[robot_supervisor-16] [INFO] [1777470457.963956407] [robot_3.robot_supervisor]: FULL ROTATE active (accum_rad=0.608, timed_fallback=False, stall_count=0)
[robot_supervisor-7] [INFO] [1777470458.020801946] [robot_0.robot_supervisor]: Selected controllable event: EV_random_walk
[robot_supervisor-16] [INFO] [1777470458.064382490] [robot_3.robot_supervisor]: FULL ROTATE active (accum_rad=0.708, timed_fallback=False, stall_count=0)
[robot_supervisor-16] [INFO] [1777470458.164438290] [robot_3.robot_supervisor]: FULL ROTATE active (accum_rad=0.808, timed_fallback=False, stall_count=0)
[robot_supervisor-16] [INFO] [1777470458.264447517] [robot_3.robot_supervisor]: FULL ROTATE active (accum_rad=0.908, timed_fallback=False, stall_count=0)
[robot_supervisor-7] [INFO] [1777470458.320885596] [robot_0.robot_supervisor]: Selected controllable event: EV_move_forward
[robot_supervisor-16] [INFO] [1777470458.364310734] [robot_3.robot_supervisor]: FULL ROTATE active (accum_rad=1.008, timed_fallback=False, stall_count=0)
[robot_supervisor-16] [INFO] [1777470458.464422217] [robot_3.robot_supervisor]: FULL ROTATE active (accum_rad=1.108, timed_fallback=False, stall_count=0)
[robot_supervisor-16] [INFO] [1777470458.564311963] [robot_3.robot_supervisor]: FULL ROTATE active (accum_rad=1.208, timed_fallback=False, stall_count=0)
[robot_supervisor-7] [INFO] [1777470458.621024106] [robot_0.robot_supervisor]: Selected controllable event: EV_random_walk
[robot_supervisor-16] [INFO] [1777470458.664251273] [robot_3.robot_supervisor]: FULL ROTATE active (accum_rad=1.308, timed_fallback=False, stall_count=0)
[robot_supervisor-16] [INFO] [1777470458.764163780] [robot_3.robot_supervisor]: FULL ROTATE active (accum_rad=1.408, timed_fallback=False, stall_count=0)
[image_processor-22] [INFO] [1777470458.810294101] [robot_1.image_processor]: Zone=LEFT  left[p=0.651 near=2925 v=7650]  front[p=2.105 near=0 v=12481]  right[p=1.528 near=0 v=5721]
[robot_supervisor-10] [INFO] [1777470458.810875792] [robot_1.robot_supervisor]: Detected zone changed to LEFT
[image_processor-24] [INFO] [1777470458.823108623] [robot_3.image_processor]: Zone=CORNER
[image_processor-25] [INFO] [1777470458.833561101] [robot_4.image_processor]: Zone=LEFT  left[p=0.383 near=4171 v=7650]  front[p=2.874 near=0 v=13500]  right[p=1.458 near=0 v=7740]
[robot_supervisor-19] [INFO] [1777470458.834294412] [robot_4.robot_supervisor]: Detected zone changed to LEFT
[bump_counter-3] [INFO] [1777470458.838313353] [bump_counter]: [global] bump #13 (obstacle) with: box4::link::collision
[image_processor-23] [INFO] [1777470458.841599116] [robot_2.image_processor]: Zone=CORNER
[image_processor-21] [INFO] [1777470458.850038291] [robot_0.image_processor]: Zone=CORNER  left[p=0.174 near=7650 v=7650]  front[p=0.197 near=13500 v=13500]  right[p=0.241 near=7740 v=7740]
[robot_supervisor-7] [INFO] [1777470458.850497336] [robot_0.robot_supervisor]: Detected zone changed to CORNER
[robot_supervisor-16] [INFO] [1777470458.864034295] [robot_3.robot_supervisor]: FULL ROTATE active (accum_rad=1.508, timed_fallback=False, stall_count=0)
[robot_supervisor-13] [INFO] [1777470458.898784059] [robot_2.robot_supervisor]: Selected controllable event: EV_full_rotate
[robot_supervisor-13] [INFO] [1777470458.899325166] [robot_2.robot_supervisor]: Starting FULL ROTATE (omega=1.000, have_odom=True, target_rad=3.142, timeout_s=3.500)
[robot_supervisor-7] [INFO] [1777470458.920578997] [robot_0.robot_supervisor]: Selected controllable event: EV_move_backward
[robot_supervisor-16] [INFO] [1777470458.964275694] [robot_3.robot_supervisor]: FULL ROTATE active (accum_rad=1.608, timed_fallback=False, stall_count=0)
[robot_supervisor-13] [INFO] [1777470458.998571892] [robot_2.robot_supervisor]: FULL ROTATE active (accum_rad=0.000, timed_fallback=False, stall_count=0)
[robot_supervisor-10] [INFO] [1777470459.009592475] [robot_1.robot_supervisor]: Selected controllable event: EV_full_rotate
[robot_supervisor-10] [INFO] [1777470459.010045959] [robot_1.robot_supervisor]: Starting FULL ROTATE (omega=1.000, have_odom=True, target_rad=3.142, timeout_s=3.500)
[robot_supervisor-16] [INFO] [1777470459.064470528] [robot_3.robot_supervisor]: FULL ROTATE active (accum_rad=1.708, timed_fallback=False, stall_count=0)
[robot_supervisor-13] [INFO] [1777470459.098524503] [robot_2.robot_supervisor]: FULL ROTATE active (accum_rad=0.000, timed_fallback=False, stall_count=1)
[robot_supervisor-10] [INFO] [1777470459.109372769] [robot_1.robot_supervisor]: FULL ROTATE active (accum_rad=0.000, timed_fallback=False, stall_count=0)
[robot_supervisor-16] [INFO] [1777470459.164447398] [robot_3.robot_supervisor]: FULL ROTATE active (accum_rad=1.808, timed_fallback=False, stall_count=0)
[robot_supervisor-13] [INFO] [1777470459.198579894] [robot_2.robot_supervisor]: FULL ROTATE active (accum_rad=0.031, timed_fallback=False, stall_count=0)
[robot_supervisor-10] [INFO] [1777470459.209447024] [robot_1.robot_supervisor]: FULL ROTATE active (accum_rad=0.002, timed_fallback=False, stall_count=0)
[robot_supervisor-16] [INFO] [1777470459.264249206] [robot_3.robot_supervisor]: FULL ROTATE active (accum_rad=1.908, timed_fallback=False, stall_count=0)
[robot_supervisor-13] [INFO] [1777470459.298609767] [robot_2.robot_supervisor]: FULL ROTATE active (accum_rad=0.091, timed_fallback=False, stall_count=0)
[robot_supervisor-10] [INFO] [1777470459.309220228] [robot_1.robot_supervisor]: FULL ROTATE active (accum_rad=0.030, timed_fallback=False, stall_count=0)
[robot_supervisor-7] [INFO] [1777470459.321125012] [robot_0.robot_supervisor]: Selected controllable event: EV_rotate_clockwise
[robot_supervisor-16] [INFO] [1777470459.364327673] [robot_3.robot_supervisor]: FULL ROTATE active (accum_rad=2.008, timed_fallback=False, stall_count=0)
[robot_supervisor-13] [INFO] [1777470459.398723833] [robot_2.robot_supervisor]: FULL ROTATE active (accum_rad=0.181, timed_fallback=False, stall_count=0)
[robot_supervisor-10] [INFO] [1777470459.409159833] [robot_1.robot_supervisor]: FULL ROTATE active (accum_rad=0.087, timed_fallback=False, stall_count=0)
[robot_supervisor-16] [INFO] [1777470459.464139308] [robot_3.robot_supervisor]: FULL ROTATE active (accum_rad=2.108, timed_fallback=False, stall_count=0)
[robot_supervisor-13] [INFO] [1777470459.498699685] [robot_2.robot_supervisor]: FULL ROTATE active (accum_rad=0.281, timed_fallback=False, stall_count=0)
[robot_supervisor-10] [INFO] [1777470459.509152335] [robot_1.robot_supervisor]: FULL ROTATE active (accum_rad=0.175, timed_fallback=False, stall_count=0)
[robot_supervisor-16] [INFO] [1777470459.564414116] [robot_3.robot_supervisor]: FULL ROTATE active (accum_rad=2.208, timed_fallback=False, stall_count=0)
[robot_supervisor-19] [INFO] [1777470459.591115969] [robot_4.robot_supervisor]: Selected controllable event: EV_full_rotate
[robot_supervisor-19] [INFO] [1777470459.591354326] [robot_4.robot_supervisor]: Starting FULL ROTATE (omega=1.000, have_odom=True, target_rad=3.142, timeout_s=3.500)
[robot_supervisor-13] [INFO] [1777470459.598321492] [robot_2.robot_supervisor]: FULL ROTATE active (accum_rad=0.381, timed_fallback=False, stall_count=0)
[robot_supervisor-10] [INFO] [1777470459.609484098] [robot_1.robot_supervisor]: FULL ROTATE active (accum_rad=0.275, timed_fallback=False, stall_count=0)
[robot_supervisor-16] [INFO] [1777470459.664131360] [robot_3.robot_supervisor]: FULL ROTATE active (accum_rad=2.308, timed_fallback=False, stall_count=0)
[robot_supervisor-19] [INFO] [1777470459.691307331] [robot_4.robot_supervisor]: FULL ROTATE active (accum_rad=0.000, timed_fallback=False, stall_count=0)
[robot_supervisor-13] [INFO] [1777470459.698463508] [robot_2.robot_supervisor]: FULL ROTATE active (accum_rad=0.481, timed_fallback=False, stall_count=0)
[robot_supervisor-10] [INFO] [1777470459.709256831] [robot_1.robot_supervisor]: FULL ROTATE active (accum_rad=0.375, timed_fallback=False, stall_count=0)
[robot_supervisor-16] [INFO] [1777470459.764114835] [robot_3.robot_supervisor]: FULL ROTATE active (accum_rad=2.408, timed_fallback=False, stall_count=0)
[robot_supervisor-19] [INFO] [1777470459.791472913] [robot_4.robot_supervisor]: FULL ROTATE active (accum_rad=0.013, timed_fallback=False, stall_count=0)
[robot_supervisor-13] [INFO] [1777470459.798695530] [robot_2.robot_supervisor]: FULL ROTATE active (accum_rad=0.581, timed_fallback=False, stall_count=0)
[robot_supervisor-10] [INFO] [1777470459.809190224] [robot_1.robot_supervisor]: FULL ROTATE active (accum_rad=0.475, timed_fallback=False, stall_count=0)
[robot_supervisor-16] [INFO] [1777470459.864530094] [robot_3.robot_supervisor]: FULL ROTATE active (accum_rad=2.508, timed_fallback=False, stall_count=0)
[robot_supervisor-19] [INFO] [1777470459.891310490] [robot_4.robot_supervisor]: FULL ROTATE active (accum_rad=0.057, timed_fallback=False, stall_count=0)
[robot_supervisor-13] [INFO] [1777470459.898509431] [robot_2.robot_supervisor]: FULL ROTATE active (accum_rad=0.681, timed_fallback=False, stall_count=0)
[robot_supervisor-10] [INFO] [1777470459.909366632] [robot_1.robot_supervisor]: FULL ROTATE active (accum_rad=0.575, timed_fallback=False, stall_count=0)
[robot_supervisor-16] [INFO] [1777470459.964281181] [robot_3.robot_supervisor]: FULL ROTATE active (accum_rad=2.608, timed_fallback=False, stall_count=0)
[robot_supervisor-19] [INFO] [1777470459.991138890] [robot_4.robot_supervisor]: FULL ROTATE active (accum_rad=0.130, timed_fallback=False, stall_count=0)
[robot_supervisor-13] [INFO] [1777470459.998270407] [robot_2.robot_supervisor]: FULL ROTATE active (accum_rad=0.781, timed_fallback=False, stall_count=0)
[robot_supervisor-10] [INFO] [1777470460.009317777] [robot_1.robot_supervisor]: FULL ROTATE active (accum_rad=0.675, timed_fallback=False, stall_count=0)
[robot_supervisor-16] [INFO] [1777470460.064394743] [robot_3.robot_supervisor]: FULL ROTATE active (accum_rad=2.708, timed_fallback=False, stall_count=0)
[robot_supervisor-19] [INFO] [1777470460.091254112] [robot_4.robot_supervisor]: FULL ROTATE active (accum_rad=0.228, timed_fallback=False, stall_count=0)
[robot_supervisor-13] [INFO] [1777470460.098519325] [robot_2.robot_supervisor]: FULL ROTATE active (accum_rad=0.881, timed_fallback=False, stall_count=0)
[robot_supervisor-10] [INFO] [1777470460.109409020] [robot_1.robot_supervisor]: FULL ROTATE active (accum_rad=0.775, timed_fallback=False, stall_count=0)
[robot_supervisor-16] [INFO] [1777470460.164156427] [robot_3.robot_supervisor]: FULL ROTATE active (accum_rad=2.808, timed_fallback=False, stall_count=0)
[robot_supervisor-19] [INFO] [1777470460.191272715] [robot_4.robot_supervisor]: FULL ROTATE active (accum_rad=0.328, timed_fallback=False, stall_count=0)
[robot_supervisor-13] [INFO] [1777470460.198462280] [robot_2.robot_supervisor]: FULL ROTATE active (accum_rad=0.981, timed_fallback=False, stall_count=0)
[robot_supervisor-10] [INFO] [1777470460.209378135] [robot_1.robot_supervisor]: FULL ROTATE active (accum_rad=0.875, timed_fallback=False, stall_count=0)
[robot_supervisor-16] [INFO] [1777470460.264180493] [robot_3.robot_supervisor]: FULL ROTATE active (accum_rad=2.908, timed_fallback=False, stall_count=0)
[robot_supervisor-19] [INFO] [1777470460.291243314] [robot_4.robot_supervisor]: FULL ROTATE active (accum_rad=0.428, timed_fallback=False, stall_count=0)
[robot_supervisor-13] [INFO] [1777470460.298584846] [robot_2.robot_supervisor]: FULL ROTATE active (accum_rad=1.081, timed_fallback=False, stall_count=0)
[robot_supervisor-10] [INFO] [1777470460.309465593] [robot_1.robot_supervisor]: FULL ROTATE active (accum_rad=0.975, timed_fallback=False, stall_count=0)
[robot_supervisor-16] [INFO] [1777470460.364155088] [robot_3.robot_supervisor]: FULL ROTATE active (accum_rad=3.008, timed_fallback=False, stall_count=0)
[robot_supervisor-19] [INFO] [1777470460.391177486] [robot_4.robot_supervisor]: FULL ROTATE active (accum_rad=0.528, timed_fallback=False, stall_count=0)
[robot_supervisor-13] [INFO] [1777470460.398421133] [robot_2.robot_supervisor]: FULL ROTATE active (accum_rad=1.181, timed_fallback=False, stall_count=0)
[robot_supervisor-10] [INFO] [1777470460.409381484] [robot_1.robot_supervisor]: FULL ROTATE active (accum_rad=1.075, timed_fallback=False, stall_count=0)
[robot_supervisor-16] [INFO] [1777470460.464185285] [robot_3.robot_supervisor]: FULL ROTATE active (accum_rad=3.108, timed_fallback=False, stall_count=0)
[robot_supervisor-16] [INFO] [1777470460.464791799] [robot_3.robot_supervisor]: FULL ROTATE completed by odom (accum_rad=3.208)
[robot_supervisor-16] [INFO] [1777470460.465258711] [robot_3.robot_supervisor]: FULL ROTATE stopped; supervisor will select next event next tick
[robot_supervisor-19] [INFO] [1777470460.491111933] [robot_4.robot_supervisor]: FULL ROTATE active (accum_rad=0.628, timed_fallback=False, stall_count=0)
[robot_supervisor-13] [INFO] [1777470460.498419654] [robot_2.robot_supervisor]: FULL ROTATE active (accum_rad=1.281, timed_fallback=False, stall_count=0)
[robot_supervisor-10] [INFO] [1777470460.509141363] [robot_1.robot_supervisor]: FULL ROTATE active (accum_rad=1.175, timed_fallback=False, stall_count=0)
[robot_supervisor-19] [INFO] [1777470460.591135205] [robot_4.robot_supervisor]: FULL ROTATE active (accum_rad=0.728, timed_fallback=False, stall_count=0)
[robot_supervisor-13] [INFO] [1777470460.598478041] [robot_2.robot_supervisor]: FULL ROTATE active (accum_rad=1.381, timed_fallback=False, stall_count=0)
[robot_supervisor-10] [INFO] [1777470460.609141949] [robot_1.robot_supervisor]: FULL ROTATE active (accum_rad=1.275, timed_fallback=False, stall_count=0)
[robot_supervisor-19] [INFO] [1777470460.691170790] [robot_4.robot_supervisor]: FULL ROTATE active (accum_rad=0.828, timed_fallback=False, stall_count=0)
[robot_supervisor-13] [INFO] [1777470460.698487091] [robot_2.robot_supervisor]: FULL ROTATE active (accum_rad=1.481, timed_fallback=False, stall_count=0)
[robot_supervisor-10] [INFO] [1777470460.709117397] [robot_1.robot_supervisor]: FULL ROTATE active (accum_rad=1.375, timed_fallback=False, stall_count=0)
[robot_supervisor-16] [INFO] [1777470460.764471981] [robot_3.robot_supervisor]: Selected controllable event: EV_move_backward
[robot_supervisor-19] [INFO] [1777470460.791063486] [robot_4.robot_supervisor]: FULL ROTATE active (accum_rad=0.928, timed_fallback=False, stall_count=0)
[robot_supervisor-13] [INFO] [1777470460.798773620] [robot_2.robot_supervisor]: FULL ROTATE active (accum_rad=1.581, timed_fallback=False, stall_count=0)
[robot_supervisor-10] [INFO] [1777470460.809252325] [robot_1.robot_supervisor]: FULL ROTATE active (accum_rad=1.475, timed_fallback=False, stall_count=0)
[robot_supervisor-19] [INFO] [1777470460.891149525] [robot_4.robot_supervisor]: FULL ROTATE active (accum_rad=1.028, timed_fallback=False, stall_count=0)
[robot_supervisor-13] [INFO] [1777470460.898466386] [robot_2.robot_supervisor]: FULL ROTATE active (accum_rad=1.681, timed_fallback=False, stall_count=0)
[robot_supervisor-10] [INFO] [1777470460.909532561] [robot_1.robot_supervisor]: FULL ROTATE active (accum_rad=1.575, timed_fallback=False, stall_count=0)
[robot_supervisor-19] [INFO] [1777470460.991231057] [robot_4.robot_supervisor]: FULL ROTATE active (accum_rad=1.128, timed_fallback=False, stall_count=0)
[robot_supervisor-13] [INFO] [1777470460.998568429] [robot_2.robot_supervisor]: FULL ROTATE active (accum_rad=1.781, timed_fallback=False, stall_count=0)
[robot_supervisor-10] [INFO] [1777470461.009373191] [robot_1.robot_supervisor]: FULL ROTATE active (accum_rad=1.675, timed_fallback=False, stall_count=0)
[robot_supervisor-19] [INFO] [1777470461.091073428] [robot_4.robot_supervisor]: FULL ROTATE active (accum_rad=1.228, timed_fallback=False, stall_count=0)
[robot_supervisor-13] [INFO] [1777470461.098476591] [robot_2.robot_supervisor]: FULL ROTATE active (accum_rad=1.881, timed_fallback=False, stall_count=0)
[robot_supervisor-10] [INFO] [1777470461.109457269] [robot_1.robot_supervisor]: FULL ROTATE active (accum_rad=1.775, timed_fallback=False, stall_count=0)
[robot_supervisor-16] [INFO] [1777470461.164020267] [robot_3.robot_supervisor]: Selected controllable event: EV_rotate_clockwise
[robot_supervisor-19] [INFO] [1777470461.191191114] [robot_4.robot_supervisor]: FULL ROTATE active (accum_rad=1.328, timed_fallback=False, stall_count=0)
[robot_supervisor-13] [INFO] [1777470461.198489691] [robot_2.robot_supervisor]: FULL ROTATE active (accum_rad=1.981, timed_fallback=False, stall_count=0)
[robot_supervisor-10] [INFO] [1777470461.209295908] [robot_1.robot_supervisor]: FULL ROTATE active (accum_rad=1.875, timed_fallback=False, stall_count=0)
[robot_supervisor-19] [INFO] [1777470461.291242411] [robot_4.robot_supervisor]: FULL ROTATE active (accum_rad=1.428, timed_fallback=False, stall_count=0)
[robot_supervisor-13] [INFO] [1777470461.298285232] [robot_2.robot_supervisor]: FULL ROTATE active (accum_rad=2.081, timed_fallback=False, stall_count=0)
[image_processor-22] [INFO] [1777470461.302883528] [robot_1.image_processor]: Zone=CORNER  left[p=0.392 near=7650 v=7650]  front[p=0.371 near=13500 v=13500]  right[p=0.356 near=7740 v=7740]
[robot_supervisor-10] [INFO] [1777470461.303569519] [robot_1.robot_supervisor]: Detected zone changed to CORNER
[robot_supervisor-10] [INFO] [1777470461.309393974] [robot_1.robot_supervisor]: FULL ROTATE active (accum_rad=1.975, timed_fallback=False, stall_count=0)
[image_processor-24] [INFO] [1777470461.312509494] [robot_3.image_processor]: Zone=CLEAR  left[p=1.084 near=0 v=7650]  front[p=1.469 near=0 v=13500]  right[p=1.319 near=0 v=7740]
[robot_supervisor-16] [INFO] [1777470461.313356799] [robot_3.robot_supervisor]: Detected zone changed to CLEAR
[image_processor-25] [INFO] [1777470461.325461508] [robot_4.image_processor]: Zone=CORNER  left[p=0.288 near=7650 v=7650]  front[p=0.321 near=12632 v=13500]  right[p=2.257 near=0 v=7740]
[robot_supervisor-19] [INFO] [1777470461.326116262] [robot_4.robot_supervisor]: Detected zone changed to CORNER
[image_processor-23] [INFO] [1777470461.334263297] [robot_2.image_processor]: Zone=CORNER
[image_processor-21] [INFO] [1777470461.343011603] [robot_0.image_processor]: Zone=CORNER
[robot_supervisor-19] [INFO] [1777470461.391210566] [robot_4.robot_supervisor]: FULL ROTATE active (accum_rad=1.528, timed_fallback=False, stall_count=0)
[robot_supervisor-13] [INFO] [1777470461.398577637] [robot_2.robot_supervisor]: FULL ROTATE active (accum_rad=2.181, timed_fallback=False, stall_count=0)
[robot_supervisor-10] [INFO] [1777470461.409413042] [robot_1.robot_supervisor]: FULL ROTATE active (accum_rad=2.075, timed_fallback=False, stall_count=0)
[robot_supervisor-7] [INFO] [1777470461.421728447] [robot_0.robot_supervisor]: Selected controllable event: EV_full_rotate
[robot_supervisor-7] [INFO] [1777470461.422508923] [robot_0.robot_supervisor]: Starting FULL ROTATE (omega=1.000, have_odom=True, target_rad=3.142, timeout_s=3.500)
[robot_supervisor-19] [INFO] [1777470461.491180016] [robot_4.robot_supervisor]: FULL ROTATE active (accum_rad=1.628, timed_fallback=False, stall_count=0)
[robot_supervisor-13] [INFO] [1777470461.498517610] [robot_2.robot_supervisor]: FULL ROTATE active (accum_rad=2.281, timed_fallback=False, stall_count=0)
[robot_supervisor-10] [INFO] [1777470461.509441429] [robot_1.robot_supervisor]: FULL ROTATE active (accum_rad=2.175, timed_fallback=False, stall_count=0)
[robot_supervisor-7] [INFO] [1777470461.521611475] [robot_0.robot_supervisor]: FULL ROTATE active (accum_rad=0.000, timed_fallback=False, stall_count=0)
[robot_supervisor-19] [INFO] [1777470461.591213024] [robot_4.robot_supervisor]: FULL ROTATE active (accum_rad=1.728, timed_fallback=False, stall_count=0)
[robot_supervisor-13] [INFO] [1777470461.598469557] [robot_2.robot_supervisor]: FULL ROTATE active (accum_rad=2.381, timed_fallback=False, stall_count=0)
[robot_supervisor-10] [INFO] [1777470461.609324121] [robot_1.robot_supervisor]: FULL ROTATE active (accum_rad=2.275, timed_fallback=False, stall_count=0)
[robot_supervisor-7] [INFO] [1777470461.621620022] [robot_0.robot_supervisor]: FULL ROTATE active (accum_rad=0.005, timed_fallback=False, stall_count=0)
[robot_supervisor-19] [INFO] [1777470461.691156566] [robot_4.robot_supervisor]: FULL ROTATE active (accum_rad=1.828, timed_fallback=False, stall_count=0)
[robot_supervisor-13] [INFO] [1777470461.698470559] [robot_2.robot_supervisor]: FULL ROTATE active (accum_rad=2.481, timed_fallback=False, stall_count=0)
[robot_supervisor-10] [INFO] [1777470461.709343117] [robot_1.robot_supervisor]: FULL ROTATE active (accum_rad=2.375, timed_fallback=False, stall_count=0)
[robot_supervisor-7] [INFO] [1777470461.720778037] [robot_0.robot_supervisor]: FULL ROTATE active (accum_rad=0.030, timed_fallback=False, stall_count=0)
[robot_supervisor-19] [INFO] [1777470461.791109070] [robot_4.robot_supervisor]: FULL ROTATE active (accum_rad=1.928, timed_fallback=False, stall_count=0)
[robot_supervisor-13] [INFO] [1777470461.798571513] [robot_2.robot_supervisor]: FULL ROTATE active (accum_rad=2.581, timed_fallback=False, stall_count=0)
[robot_supervisor-10] [INFO] [1777470461.809316644] [robot_1.robot_supervisor]: FULL ROTATE active (accum_rad=2.475, timed_fallback=False, stall_count=0)
[robot_supervisor-7] [INFO] [1777470461.820608799] [robot_0.robot_supervisor]: FULL ROTATE active (accum_rad=0.084, timed_fallback=False, stall_count=0)
[robot_supervisor-19] [INFO] [1777470461.891083472] [robot_4.robot_supervisor]: FULL ROTATE active (accum_rad=2.028, timed_fallback=False, stall_count=0)
[robot_supervisor-13] [INFO] [1777470461.898528786] [robot_2.robot_supervisor]: FULL ROTATE active (accum_rad=2.681, timed_fallback=False, stall_count=0)
[robot_supervisor-10] [INFO] [1777470461.909162663] [robot_1.robot_supervisor]: FULL ROTATE active (accum_rad=2.575, timed_fallback=False, stall_count=0)
[robot_supervisor-7] [INFO] [1777470461.920534272] [robot_0.robot_supervisor]: FULL ROTATE active (accum_rad=0.169, timed_fallback=False, stall_count=0)
[robot_supervisor-19] [INFO] [1777470461.991050068] [robot_4.robot_supervisor]: FULL ROTATE active (accum_rad=2.128, timed_fallback=False, stall_count=0)
[robot_supervisor-13] [INFO] [1777470461.998495259] [robot_2.robot_supervisor]: FULL ROTATE active (accum_rad=2.781, timed_fallback=False, stall_count=0)
[robot_supervisor-10] [INFO] [1777470462.009162642] [robot_1.robot_supervisor]: FULL ROTATE active (accum_rad=2.675, timed_fallback=False, stall_count=0)
[robot_supervisor-7] [INFO] [1777470462.020715621] [robot_0.robot_supervisor]: FULL ROTATE active (accum_rad=0.269, timed_fallback=False, stall_count=0)
[robot_supervisor-19] [INFO] [1777470462.091434572] [robot_4.robot_supervisor]: FULL ROTATE active (accum_rad=2.228, timed_fallback=False, stall_count=0)
[robot_supervisor-13] [INFO] [1777470462.098538463] [robot_2.robot_supervisor]: FULL ROTATE active (accum_rad=2.881, timed_fallback=False, stall_count=0)
[robot_supervisor-10] [INFO] [1777470462.109579179] [robot_1.robot_supervisor]: FULL ROTATE active (accum_rad=2.775, timed_fallback=False, stall_count=0)
[robot_supervisor-7] [INFO] [1777470462.120793125] [robot_0.robot_supervisor]: FULL ROTATE active (accum_rad=0.369, timed_fallback=False, stall_count=0)
[robot_supervisor-19] [INFO] [1777470462.191397049] [robot_4.robot_supervisor]: FULL ROTATE active (accum_rad=2.328, timed_fallback=False, stall_count=0)
[robot_supervisor-13] [INFO] [1777470462.198488267] [robot_2.robot_supervisor]: FULL ROTATE active (accum_rad=2.981, timed_fallback=False, stall_count=0)
[robot_supervisor-10] [INFO] [1777470462.209536356] [robot_1.robot_supervisor]: FULL ROTATE active (accum_rad=2.875, timed_fallback=False, stall_count=0)
[robot_supervisor-7] [INFO] [1777470462.220565159] [robot_0.robot_supervisor]: FULL ROTATE active (accum_rad=0.469, timed_fallback=False, stall_count=0)
[robot_supervisor-19] [INFO] [1777470462.291366685] [robot_4.robot_supervisor]: FULL ROTATE active (accum_rad=2.428, timed_fallback=False, stall_count=0)
[robot_supervisor-13] [INFO] [1777470462.298545052] [robot_2.robot_supervisor]: FULL ROTATE active (accum_rad=3.081, timed_fallback=False, stall_count=0)
[robot_supervisor-13] [INFO] [1777470462.298841316] [robot_2.robot_supervisor]: FULL ROTATE completed by odom (accum_rad=3.181)
[robot_supervisor-13] [INFO] [1777470462.299031375] [robot_2.robot_supervisor]: FULL ROTATE stopped; supervisor will select next event next tick
[robot_supervisor-10] [INFO] [1777470462.309219466] [robot_1.robot_supervisor]: FULL ROTATE active (accum_rad=2.975, timed_fallback=False, stall_count=0)
[robot_supervisor-7] [INFO] [1777470462.320568086] [robot_0.robot_supervisor]: FULL ROTATE active (accum_rad=0.569, timed_fallback=False, stall_count=0)
[robot_supervisor-19] [INFO] [1777470462.391355717] [robot_4.robot_supervisor]: FULL ROTATE active (accum_rad=2.528, timed_fallback=False, stall_count=0)
[robot_supervisor-10] [INFO] [1777470462.409530132] [robot_1.robot_supervisor]: FULL ROTATE active (accum_rad=3.075, timed_fallback=False, stall_count=0)
[robot_supervisor-10] [INFO] [1777470462.410095857] [robot_1.robot_supervisor]: FULL ROTATE completed by odom (accum_rad=3.175)
[robot_supervisor-10] [INFO] [1777470462.410540346] [robot_1.robot_supervisor]: FULL ROTATE stopped; supervisor will select next event next tick
[robot_supervisor-7] [INFO] [1777470462.420585072] [robot_0.robot_supervisor]: FULL ROTATE active (accum_rad=0.669, timed_fallback=False, stall_count=0)
[bump_counter-3] [INFO] [1777470462.458374624] [bump_counter]: [global] bump #14 (obstacle) with: box4::link::collision
[robot_supervisor-19] [INFO] [1777470462.491501915] [robot_4.robot_supervisor]: FULL ROTATE active (accum_rad=2.628, timed_fallback=False, stall_count=0)
[robot_supervisor-7] [INFO] [1777470462.520813877] [robot_0.robot_supervisor]: FULL ROTATE active (accum_rad=0.769, timed_fallback=False, stall_count=0)
[robot_supervisor-19] [INFO] [1777470462.591149577] [robot_4.robot_supervisor]: FULL ROTATE active (accum_rad=2.728, timed_fallback=False, stall_count=0)
[robot_supervisor-7] [INFO] [1777470462.620899558] [robot_0.robot_supervisor]: FULL ROTATE active (accum_rad=0.869, timed_fallback=False, stall_count=0)
[robot_supervisor-19] [INFO] [1777470462.690979487] [robot_4.robot_supervisor]: FULL ROTATE active (accum_rad=2.828, timed_fallback=False, stall_count=0)
[robot_supervisor-13] [INFO] [1777470462.698575627] [robot_2.robot_supervisor]: Selected controllable event: EV_move_backward
[robot_supervisor-7] [INFO] [1777470462.720702141] [robot_0.robot_supervisor]: FULL ROTATE active (accum_rad=0.969, timed_fallback=False, stall_count=0)
[robot_supervisor-19] [INFO] [1777470462.791430002] [robot_4.robot_supervisor]: FULL ROTATE active (accum_rad=2.928, timed_fallback=False, stall_count=0)
[robot_supervisor-10] [INFO] [1777470462.809529133] [robot_1.robot_supervisor]: Selected controllable event: EV_move_backward
[robot_supervisor-7] [INFO] [1777470462.820691567] [robot_0.robot_supervisor]: FULL ROTATE active (accum_rad=1.069, timed_fallback=False, stall_count=0)
[robot_supervisor-19] [INFO] [1777470462.891040180] [robot_4.robot_supervisor]: FULL ROTATE active (accum_rad=3.028, timed_fallback=False, stall_count=0)
[robot_supervisor-7] [INFO] [1777470462.920668457] [robot_0.robot_supervisor]: FULL ROTATE active (accum_rad=1.169, timed_fallback=False, stall_count=0)
[robot_supervisor-19] [INFO] [1777470462.991422186] [robot_4.robot_supervisor]: FULL ROTATE active (accum_rad=3.128, timed_fallback=False, stall_count=0)
[robot_supervisor-19] [INFO] [1777470462.992106296] [robot_4.robot_supervisor]: FULL ROTATE completed by odom (accum_rad=3.228)
[robot_supervisor-19] [INFO] [1777470462.992663428] [robot_4.robot_supervisor]: FULL ROTATE stopped; supervisor will select next event next tick
[robot_supervisor-7] [INFO] [1777470463.020740586] [robot_0.robot_supervisor]: FULL ROTATE active (accum_rad=1.269, timed_fallback=False, stall_count=0)
[robot_supervisor-13] [INFO] [1777470463.098552179] [robot_2.robot_supervisor]: Selected controllable event: EV_rotate_clockwise
[robot_supervisor-7] [INFO] [1777470463.120525239] [robot_0.robot_supervisor]: FULL ROTATE active (accum_rad=1.369, timed_fallback=False, stall_count=0)
[robot_supervisor-10] [INFO] [1777470463.209706681] [robot_1.robot_supervisor]: Selected controllable event: EV_rotate_clockwise
[robot_supervisor-7] [INFO] [1777470463.220747624] [robot_0.robot_supervisor]: FULL ROTATE active (accum_rad=1.469, timed_fallback=False, stall_count=0)
[robot_supervisor-19] [INFO] [1777470463.291342611] [robot_4.robot_supervisor]: Selected controllable event: EV_move_backward
[robot_supervisor-7] [INFO] [1777470463.320868157] [robot_0.robot_supervisor]: FULL ROTATE active (accum_rad=1.569, timed_fallback=False, stall_count=0)
[robot_supervisor-16] [INFO] [1777470463.364125563] [robot_3.robot_supervisor]: Selected controllable event: EV_full_rotate
[robot_supervisor-16] [INFO] [1777470463.364387300] [robot_3.robot_supervisor]: Starting FULL ROTATE (omega=1.000, have_odom=True, target_rad=3.142, timeout_s=3.500)
[robot_supervisor-7] [INFO] [1777470463.420739694] [robot_0.robot_supervisor]: FULL ROTATE active (accum_rad=1.669, timed_fallback=False, stall_count=0)
[robot_supervisor-16] [INFO] [1777470463.464169878] [robot_3.robot_supervisor]: FULL ROTATE active (accum_rad=0.000, timed_fallback=False, stall_count=0)
[robot_supervisor-7] [INFO] [1777470463.520755048] [robot_0.robot_supervisor]: FULL ROTATE active (accum_rad=1.769, timed_fallback=False, stall_count=0)
[robot_supervisor-16] [INFO] [1777470463.564550231] [robot_3.robot_supervisor]: FULL ROTATE active (accum_rad=0.008, timed_fallback=False, stall_count=0)
[robot_supervisor-7] [INFO] [1777470463.620738452] [robot_0.robot_supervisor]: FULL ROTATE active (accum_rad=1.869, timed_fallback=False, stall_count=0)
[robot_supervisor-16] [INFO] [1777470463.664014154] [robot_3.robot_supervisor]: FULL ROTATE active (accum_rad=0.046, timed_fallback=False, stall_count=0)
[robot_supervisor-19] [INFO] [1777470463.691203676] [robot_4.robot_supervisor]: Selected controllable event: EV_rotate_clockwise
[robot_supervisor-7] [INFO] [1777470463.720565291] [robot_0.robot_supervisor]: FULL ROTATE active (accum_rad=1.969, timed_fallback=False, stall_count=0)
[robot_supervisor-16] [INFO] [1777470463.764277373] [robot_3.robot_supervisor]: FULL ROTATE active (accum_rad=0.113, timed_fallback=False, stall_count=0)
[image_processor-22] [INFO] [1777470463.804695164] [robot_1.image_processor]: Zone=CORNER
[image_processor-24] [INFO] [1777470463.816371282] [robot_3.image_processor]: Zone=CORNER  left[p=0.641 near=1840 v=7650]  front[p=0.530 near=13500 v=13500]  right[p=0.474 near=7740 v=7740]
[robot_supervisor-16] [INFO] [1777470463.817106461] [robot_3.robot_supervisor]: Detected zone changed to CORNER
[robot_supervisor-7] [INFO] [1777470463.820591395] [robot_0.robot_supervisor]: FULL ROTATE active (accum_rad=2.069, timed_fallback=False, stall_count=0)
[image_processor-25] [INFO] [1777470463.827566996] [robot_4.image_processor]: Zone=CLEAR  left[p=3.140 near=0 v=6170]  front[p=2.774 near=0 v=8854]  right[p=3.231 near=0 v=6117]
[robot_supervisor-19] [INFO] [1777470463.828024193] [robot_4.robot_supervisor]: Detected zone changed to CLEAR
[image_processor-23] [INFO] [1777470463.839830051] [robot_2.image_processor]: Zone=CORNER
[image_processor-21] [INFO] [1777470463.847859588] [robot_0.image_processor]: Zone=CORNER
[robot_supervisor-16] [INFO] [1777470463.864183711] [robot_3.robot_supervisor]: FULL ROTATE active (accum_rad=0.208, timed_fallback=False, stall_count=0)
[robot_supervisor-7] [INFO] [1777470463.920794626] [robot_0.robot_supervisor]: FULL ROTATE active (accum_rad=2.169, timed_fallback=False, stall_count=0)
[robot_supervisor-16] [INFO] [1777470463.964120903] [robot_3.robot_supervisor]: FULL ROTATE active (accum_rad=0.308, timed_fallback=False, stall_count=0)
[robot_supervisor-7] [INFO] [1777470464.020730692] [robot_0.robot_supervisor]: FULL ROTATE active (accum_rad=2.269, timed_fallback=False, stall_count=0)
[robot_supervisor-16] [INFO] [1777470464.064252434] [robot_3.robot_supervisor]: FULL ROTATE active (accum_rad=0.408, timed_fallback=False, stall_count=0)
[robot_supervisor-7] [INFO] [1777470464.120705379] [robot_0.robot_supervisor]: FULL ROTATE active (accum_rad=2.369, timed_fallback=False, stall_count=0)
[robot_supervisor-16] [INFO] [1777470464.164160568] [robot_3.robot_supervisor]: FULL ROTATE active (accum_rad=0.508, timed_fallback=False, stall_count=0)
[robot_supervisor-7] [INFO] [1777470464.220728453] [robot_0.robot_supervisor]: FULL ROTATE active (accum_rad=2.469, timed_fallback=False, stall_count=0)
[robot_supervisor-16] [INFO] [1777470464.264048363] [robot_3.robot_supervisor]: FULL ROTATE active (accum_rad=0.608, timed_fallback=False, stall_count=0)
[robot_supervisor-7] [INFO] [1777470464.320652720] [robot_0.robot_supervisor]: FULL ROTATE active (accum_rad=2.569, timed_fallback=False, stall_count=0)
[robot_supervisor-16] [INFO] [1777470464.364124054] [robot_3.robot_supervisor]: FULL ROTATE active (accum_rad=0.708, timed_fallback=False, stall_count=0)
[robot_supervisor-7] [INFO] [1777470464.420776306] [robot_0.robot_supervisor]: FULL ROTATE active (accum_rad=2.669, timed_fallback=False, stall_count=0)
[robot_supervisor-16] [INFO] [1777470464.463963901] [robot_3.robot_supervisor]: FULL ROTATE active (accum_rad=0.808, timed_fallback=False, stall_count=0)
[robot_supervisor-7] [INFO] [1777470464.520760823] [robot_0.robot_supervisor]: FULL ROTATE active (accum_rad=2.769, timed_fallback=False, stall_count=0)
[robot_supervisor-16] [INFO] [1777470464.564154160] [robot_3.robot_supervisor]: FULL ROTATE active (accum_rad=0.908, timed_fallback=False, stall_count=0)
[robot_supervisor-7] [INFO] [1777470464.620688660] [robot_0.robot_supervisor]: FULL ROTATE active (accum_rad=2.869, timed_fallback=False, stall_count=0)
[robot_supervisor-16] [INFO] [1777470464.664145573] [robot_3.robot_supervisor]: FULL ROTATE active (accum_rad=1.008, timed_fallback=False, stall_count=0)
[robot_supervisor-7] [INFO] [1777470464.720972992] [robot_0.robot_supervisor]: FULL ROTATE active (accum_rad=2.969, timed_fallback=False, stall_count=0)
[robot_supervisor-16] [INFO] [1777470464.764134607] [robot_3.robot_supervisor]: FULL ROTATE active (accum_rad=1.108, timed_fallback=False, stall_count=0)
[robot_supervisor-7] [INFO] [1777470464.820871829] [robot_0.robot_supervisor]: FULL ROTATE active (accum_rad=3.069, timed_fallback=False, stall_count=0)
[robot_supervisor-7] [INFO] [1777470464.821369295] [robot_0.robot_supervisor]: FULL ROTATE completed by odom (accum_rad=3.169)
[robot_supervisor-7] [INFO] [1777470464.821794129] [robot_0.robot_supervisor]: FULL ROTATE stopped; supervisor will select next event next tick
[robot_supervisor-16] [INFO] [1777470464.864059839] [robot_3.robot_supervisor]: FULL ROTATE active (accum_rad=1.208, timed_fallback=False, stall_count=0)
[robot_supervisor-16] [INFO] [1777470464.964400468] [robot_3.robot_supervisor]: FULL ROTATE active (accum_rad=1.308, timed_fallback=False, stall_count=0)
[robot_supervisor-16] [INFO] [1777470465.063984864] [robot_3.robot_supervisor]: FULL ROTATE active (accum_rad=1.408, timed_fallback=False, stall_count=0)
[robot_supervisor-16] [INFO] [1777470465.164357163] [robot_3.robot_supervisor]: FULL ROTATE active (accum_rad=1.508, timed_fallback=False, stall_count=0)
[robot_supervisor-7] [INFO] [1777470465.221023125] [robot_0.robot_supervisor]: Selected controllable event: EV_move_backward
[robot_supervisor-16] [INFO] [1777470465.264561347] [robot_3.robot_supervisor]: FULL ROTATE active (accum_rad=1.608, timed_fallback=False, stall_count=0)
[robot_supervisor-13] [INFO] [1777470465.298788011] [robot_2.robot_supervisor]: Selected controllable event: EV_full_rotate
[robot_supervisor-13] [INFO] [1777470465.299334260] [robot_2.robot_supervisor]: Starting FULL ROTATE (omega=1.000, have_odom=True, target_rad=3.142, timeout_s=3.500)
[robot_supervisor-10] [INFO] [1777470465.309693833] [robot_1.robot_supervisor]: Selected controllable event: EV_full_rotate
[robot_supervisor-10] [INFO] [1777470465.310178644] [robot_1.robot_supervisor]: Starting FULL ROTATE (omega=1.000, have_odom=True, target_rad=3.142, timeout_s=3.500)
[robot_supervisor-16] [INFO] [1777470465.364063210] [robot_3.robot_supervisor]: FULL ROTATE active (accum_rad=1.708, timed_fallback=False, stall_count=0)
[robot_supervisor-13] [INFO] [1777470465.398641646] [robot_2.robot_supervisor]: FULL ROTATE active (accum_rad=0.000, timed_fallback=False, stall_count=0)
[robot_supervisor-10] [INFO] [1777470465.409652979] [robot_1.robot_supervisor]: FULL ROTATE active (accum_rad=0.000, timed_fallback=False, stall_count=0)
[robot_supervisor-16] [INFO] [1777470465.464096751] [robot_3.robot_supervisor]: FULL ROTATE active (accum_rad=1.808, timed_fallback=False, stall_count=0)
[robot_supervisor-13] [INFO] [1777470465.498749227] [robot_2.robot_supervisor]: FULL ROTATE active (accum_rad=0.011, timed_fallback=False, stall_count=0)
[robot_supervisor-10] [INFO] [1777470465.509643952] [robot_1.robot_supervisor]: FULL ROTATE active (accum_rad=0.002, timed_fallback=False, stall_count=0)
[robot_supervisor-16] [INFO] [1777470465.564194151] [robot_3.robot_supervisor]: FULL ROTATE active (accum_rad=1.908, timed_fallback=False, stall_count=0)
[robot_supervisor-13] [INFO] [1777470465.598881966] [robot_2.robot_supervisor]: FULL ROTATE active (accum_rad=0.051, timed_fallback=False, stall_count=0)
[robot_supervisor-10] [INFO] [1777470465.609497546] [robot_1.robot_supervisor]: FULL ROTATE active (accum_rad=0.030, timed_fallback=False, stall_count=0)
[robot_supervisor-7] [INFO] [1777470465.620852603] [robot_0.robot_supervisor]: Selected controllable event: EV_rotate_clockwise
[robot_supervisor-16] [INFO] [1777470465.664225548] [robot_3.robot_supervisor]: FULL ROTATE active (accum_rad=2.008, timed_fallback=False, stall_count=0)
[robot_supervisor-13] [INFO] [1777470465.698473228] [robot_2.robot_supervisor]: FULL ROTATE active (accum_rad=0.122, timed_fallback=False, stall_count=0)
[robot_supervisor-10] [INFO] [1777470465.709359534] [robot_1.robot_supervisor]: FULL ROTATE active (accum_rad=0.087, timed_fallback=False, stall_count=0)
[robot_supervisor-16] [INFO] [1777470465.764211642] [robot_3.robot_supervisor]: FULL ROTATE active (accum_rad=2.108, timed_fallback=False, stall_count=0)
[robot_supervisor-13] [INFO] [1777470465.798296049] [robot_2.robot_supervisor]: FULL ROTATE active (accum_rad=0.218, timed_fallback=False, stall_count=0)
[robot_supervisor-10] [INFO] [1777470465.809472597] [robot_1.robot_supervisor]: FULL ROTATE active (accum_rad=0.175, timed_fallback=False, stall_count=0)
[robot_supervisor-16] [INFO] [1777470465.864111950] [robot_3.robot_supervisor]: FULL ROTATE active (accum_rad=2.208, timed_fallback=False, stall_count=0)
[robot_supervisor-19] [INFO] [1777470465.891288430] [robot_4.robot_supervisor]: Selected controllable event: EV_full_rotate
[robot_supervisor-19] [INFO] [1777470465.891644772] [robot_4.robot_supervisor]: Starting FULL ROTATE (omega=1.000, have_odom=True, target_rad=3.142, timeout_s=3.500)
[robot_supervisor-13] [INFO] [1777470465.898315278] [robot_2.robot_supervisor]: FULL ROTATE active (accum_rad=0.318, timed_fallback=False, stall_count=0)
[robot_supervisor-10] [INFO] [1777470465.909432356] [robot_1.robot_supervisor]: FULL ROTATE active (accum_rad=0.275, timed_fallback=False, stall_count=0)
[robot_supervisor-16] [INFO] [1777470465.964290333] [robot_3.robot_supervisor]: FULL ROTATE active (accum_rad=2.308, timed_fallback=False, stall_count=0)
[robot_supervisor-19] [INFO] [1777470465.991350814] [robot_4.robot_supervisor]: FULL ROTATE active (accum_rad=0.000, timed_fallback=False, stall_count=0)
[robot_supervisor-13] [INFO] [1777470465.998301563] [robot_2.robot_supervisor]: FULL ROTATE active (accum_rad=0.418, timed_fallback=False, stall_count=0)
[robot_supervisor-10] [INFO] [1777470466.009242526] [robot_1.robot_supervisor]: FULL ROTATE active (accum_rad=0.375, timed_fallback=False, stall_count=0)
[robot_supervisor-16] [INFO] [1777470466.064193476] [robot_3.robot_supervisor]: FULL ROTATE active (accum_rad=2.408, timed_fallback=False, stall_count=0)
[robot_supervisor-19] [INFO] [1777470466.091267101] [robot_4.robot_supervisor]: FULL ROTATE active (accum_rad=0.013, timed_fallback=False, stall_count=0)
[robot_supervisor-13] [INFO] [1777470466.098496659] [robot_2.robot_supervisor]: FULL ROTATE active (accum_rad=0.518, timed_fallback=False, stall_count=0)
[robot_supervisor-10] [INFO] [1777470466.109575382] [robot_1.robot_supervisor]: FULL ROTATE active (accum_rad=0.475, timed_fallback=False, stall_count=0)
[robot_supervisor-16] [INFO] [1777470466.164170930] [robot_3.robot_supervisor]: FULL ROTATE active (accum_rad=2.508, timed_fallback=False, stall_count=0)
[robot_supervisor-19] [INFO] [1777470466.191304211] [robot_4.robot_supervisor]: FULL ROTATE active (accum_rad=0.057, timed_fallback=False, stall_count=0)
[robot_supervisor-13] [INFO] [1777470466.198439091] [robot_2.robot_supervisor]: FULL ROTATE active (accum_rad=0.618, timed_fallback=False, stall_count=0)
[robot_supervisor-10] [INFO] [1777470466.209591698] [robot_1.robot_supervisor]: FULL ROTATE active (accum_rad=0.575, timed_fallback=False, stall_count=0)
[robot_supervisor-16] [INFO] [1777470466.264033695] [robot_3.robot_supervisor]: FULL ROTATE active (accum_rad=2.608, timed_fallback=False, stall_count=0)
[robot_supervisor-19] [INFO] [1777470466.291438097] [robot_4.robot_supervisor]: FULL ROTATE active (accum_rad=0.130, timed_fallback=False, stall_count=0)
[robot_supervisor-13] [INFO] [1777470466.298645148] [robot_2.robot_supervisor]: FULL ROTATE active (accum_rad=0.718, timed_fallback=False, stall_count=0)
[image_processor-22] [INFO] [1777470466.301001035] [robot_1.image_processor]: Zone=CORNER
[image_processor-24] [INFO] [1777470466.308416963] [robot_3.image_processor]: Zone=LEFT  left[p=0.678 near=3482 v=7650]  front[p=1.362 near=0 v=13500]  right[p=1.238 near=0 v=7740]
[robot_supervisor-16] [INFO] [1777470466.308915755] [robot_3.robot_supervisor]: Detected zone changed to LEFT
[robot_supervisor-10] [INFO] [1777470466.309382789] [robot_1.robot_supervisor]: FULL ROTATE active (accum_rad=0.675, timed_fallback=False, stall_count=0)
[image_processor-25] [INFO] [1777470466.319806783] [robot_4.image_processor]: Zone=CORNER  left[p=0.355 near=6167 v=7345]  front[p=0.327 near=13500 v=13500]  right[p=0.368 near=5309 v=7740]
[robot_supervisor-19] [INFO] [1777470466.320729246] [robot_4.robot_supervisor]: Detected zone changed to CORNER
[image_processor-23] [INFO] [1777470466.328846100] [robot_2.image_processor]: Zone=CORNER
[image_processor-21] [INFO] [1777470466.339553407] [robot_0.image_processor]: Zone=CORNER
[robot_supervisor-16] [INFO] [1777470466.364180824] [robot_3.robot_supervisor]: FULL ROTATE active (accum_rad=2.708, timed_fallback=False, stall_count=0)
[robot_supervisor-19] [INFO] [1777470466.391134422] [robot_4.robot_supervisor]: FULL ROTATE active (accum_rad=0.228, timed_fallback=False, stall_count=0)
[robot_supervisor-13] [INFO] [1777470466.398501161] [robot_2.robot_supervisor]: FULL ROTATE active (accum_rad=0.818, timed_fallback=False, stall_count=0)
[robot_supervisor-10] [INFO] [1777470466.409456491] [robot_1.robot_supervisor]: FULL ROTATE active (accum_rad=0.775, timed_fallback=False, stall_count=0)
[robot_supervisor-16] [INFO] [1777470466.464174864] [robot_3.robot_supervisor]: FULL ROTATE active (accum_rad=2.808, timed_fallback=False, stall_count=0)
[robot_supervisor-19] [INFO] [1777470466.491007630] [robot_4.robot_supervisor]: FULL ROTATE active (accum_rad=0.328, timed_fallback=False, stall_count=0)
[robot_supervisor-13] [INFO] [1777470466.498454496] [robot_2.robot_supervisor]: FULL ROTATE active (accum_rad=0.918, timed_fallback=False, stall_count=0)
[robot_supervisor-10] [INFO] [1777470466.509312154] [robot_1.robot_supervisor]: FULL ROTATE active (accum_rad=0.875, timed_fallback=False, stall_count=0)
[bump_counter-3] [INFO] [1777470466.529049889] [bump_counter]: [global] bump #15 (obstacle) with: box4::link::collision
[robot_supervisor-16] [INFO] [1777470466.564155516] [robot_3.robot_supervisor]: FULL ROTATE active (accum_rad=2.908, timed_fallback=False, stall_count=0)
[robot_supervisor-19] [INFO] [1777470466.591239034] [robot_4.robot_supervisor]: FULL ROTATE active (accum_rad=0.428, timed_fallback=False, stall_count=0)
[robot_supervisor-13] [INFO] [1777470466.598425503] [robot_2.robot_supervisor]: FULL ROTATE active (accum_rad=1.018, timed_fallback=False, stall_count=0)
[robot_supervisor-10] [INFO] [1777470466.609530695] [robot_1.robot_supervisor]: FULL ROTATE active (accum_rad=0.975, timed_fallback=False, stall_count=0)
[robot_supervisor-16] [INFO] [1777470466.664188211] [robot_3.robot_supervisor]: FULL ROTATE active (accum_rad=3.008, timed_fallback=False, stall_count=0)
[robot_supervisor-19] [INFO] [1777470466.691183070] [robot_4.robot_supervisor]: FULL ROTATE active (accum_rad=0.528, timed_fallback=False, stall_count=0)
[robot_supervisor-13] [INFO] [1777470466.698530433] [robot_2.robot_supervisor]: FULL ROTATE active (accum_rad=1.118, timed_fallback=False, stall_count=0)
[robot_supervisor-10] [INFO] [1777470466.709323964] [robot_1.robot_supervisor]: FULL ROTATE active (accum_rad=1.075, timed_fallback=False, stall_count=0)
[robot_supervisor-16] [INFO] [1777470466.764070495] [robot_3.robot_supervisor]: FULL ROTATE active (accum_rad=3.108, timed_fallback=False, stall_count=0)
[robot_supervisor-16] [INFO] [1777470466.764364995] [robot_3.robot_supervisor]: FULL ROTATE completed by odom (accum_rad=3.208)
[robot_supervisor-16] [INFO] [1777470466.764580118] [robot_3.robot_supervisor]: FULL ROTATE stopped; supervisor will select next event next tick
[robot_supervisor-19] [INFO] [1777470466.791080139] [robot_4.robot_supervisor]: FULL ROTATE active (accum_rad=0.628, timed_fallback=False, stall_count=0)
[robot_supervisor-13] [INFO] [1777470466.798585215] [robot_2.robot_supervisor]: FULL ROTATE active (accum_rad=1.218, timed_fallback=False, stall_count=0)
[robot_supervisor-10] [INFO] [1777470466.809574385] [robot_1.robot_supervisor]: FULL ROTATE active (accum_rad=1.175, timed_fallback=False, stall_count=0)
[robot_supervisor-19] [INFO] [1777470466.891439451] [robot_4.robot_supervisor]: FULL ROTATE active (accum_rad=0.728, timed_fallback=False, stall_count=0)
[robot_supervisor-13] [INFO] [1777470466.898482178] [robot_2.robot_supervisor]: FULL ROTATE active (accum_rad=1.318, timed_fallback=False, stall_count=0)
[robot_supervisor-10] [INFO] [1777470466.909641859] [robot_1.robot_supervisor]: FULL ROTATE active (accum_rad=1.275, timed_fallback=False, stall_count=0)
[robot_supervisor-19] [INFO] [1777470466.991171374] [robot_4.robot_supervisor]: FULL ROTATE active (accum_rad=0.828, timed_fallback=False, stall_count=0)
[robot_supervisor-13] [INFO] [1777470466.998369605] [robot_2.robot_supervisor]: FULL ROTATE active (accum_rad=1.418, timed_fallback=False, stall_count=0)
[robot_supervisor-10] [INFO] [1777470467.009596199] [robot_1.robot_supervisor]: FULL ROTATE active (accum_rad=1.375, timed_fallback=False, stall_count=0)
[robot_supervisor-16] [INFO] [1777470467.064065282] [robot_3.robot_supervisor]: Selected controllable event: EV_rotate_clockwise
[robot_supervisor-19] [INFO] [1777470467.091059286] [robot_4.robot_supervisor]: FULL ROTATE active (accum_rad=0.928, timed_fallback=False, stall_count=0)
[robot_supervisor-13] [INFO] [1777470467.098274811] [robot_2.robot_supervisor]: FULL ROTATE active (accum_rad=1.518, timed_fallback=False, stall_count=0)
[robot_supervisor-10] [INFO] [1777470467.109411049] [robot_1.robot_supervisor]: FULL ROTATE active (accum_rad=1.475, timed_fallback=False, stall_count=0)
[robot_supervisor-19] [INFO] [1777470467.191425422] [robot_4.robot_supervisor]: FULL ROTATE active (accum_rad=1.028, timed_fallback=False, stall_count=0)
[robot_supervisor-13] [INFO] [1777470467.198717118] [robot_2.robot_supervisor]: FULL ROTATE active (accum_rad=1.618, timed_fallback=False, stall_count=0)
[robot_supervisor-10] [INFO] [1777470467.209171396] [robot_1.robot_supervisor]: FULL ROTATE active (accum_rad=1.575, timed_fallback=False, stall_count=0)
[robot_supervisor-19] [INFO] [1777470467.291346098] [robot_4.robot_supervisor]: FULL ROTATE active (accum_rad=1.128, timed_fallback=False, stall_count=0)
[robot_supervisor-13] [INFO] [1777470467.298664343] [robot_2.robot_supervisor]: FULL ROTATE active (accum_rad=1.718, timed_fallback=False, stall_count=0)
[robot_supervisor-10] [INFO] [1777470467.309283558] [robot_1.robot_supervisor]: FULL ROTATE active (accum_rad=1.675, timed_fallback=False, stall_count=0)
[robot_supervisor-19] [INFO] [1777470467.391465065] [robot_4.robot_supervisor]: FULL ROTATE active (accum_rad=1.228, timed_fallback=False, stall_count=0)
[robot_supervisor-13] [INFO] [1777470467.398531585] [robot_2.robot_supervisor]: FULL ROTATE active (accum_rad=1.818, timed_fallback=False, stall_count=0)
[robot_supervisor-10] [INFO] [1777470467.409182059] [robot_1.robot_supervisor]: FULL ROTATE active (accum_rad=1.775, timed_fallback=False, stall_count=0)
[robot_supervisor-19] [INFO] [1777470467.491158411] [robot_4.robot_supervisor]: FULL ROTATE active (accum_rad=1.328, timed_fallback=False, stall_count=0)
[robot_supervisor-13] [INFO] [1777470467.498521474] [robot_2.robot_supervisor]: FULL ROTATE active (accum_rad=1.918, timed_fallback=False, stall_count=0)
[robot_supervisor-10] [INFO] [1777470467.509170816] [robot_1.robot_supervisor]: FULL ROTATE active (accum_rad=1.875, timed_fallback=False, stall_count=0)
[robot_supervisor-19] [INFO] [1777470467.591146001] [robot_4.robot_supervisor]: FULL ROTATE active (accum_rad=1.428, timed_fallback=False, stall_count=0)
[robot_supervisor-13] [INFO] [1777470467.598397789] [robot_2.robot_supervisor]: FULL ROTATE active (accum_rad=2.018, timed_fallback=False, stall_count=0)
[robot_supervisor-10] [INFO] [1777470467.609412288] [robot_1.robot_supervisor]: FULL ROTATE active (accum_rad=1.975, timed_fallback=False, stall_count=0)
[robot_supervisor-19] [INFO] [1777470467.691218286] [robot_4.robot_supervisor]: FULL ROTATE active (accum_rad=1.528, timed_fallback=False, stall_count=0)
[robot_supervisor-13] [INFO] [1777470467.698292227] [robot_2.robot_supervisor]: FULL ROTATE active (accum_rad=2.118, timed_fallback=False, stall_count=0)
[robot_supervisor-10] [INFO] [1777470467.709411715] [robot_1.robot_supervisor]: FULL ROTATE active (accum_rad=2.075, timed_fallback=False, stall_count=0)
[robot_supervisor-19] [INFO] [1777470467.791194275] [robot_4.robot_supervisor]: FULL ROTATE active (accum_rad=1.628, timed_fallback=False, stall_count=0)
[robot_supervisor-13] [INFO] [1777470467.798300555] [robot_2.robot_supervisor]: FULL ROTATE active (accum_rad=2.218, timed_fallback=False, stall_count=0)
[robot_supervisor-10] [INFO] [1777470467.809529157] [robot_1.robot_supervisor]: FULL ROTATE active (accum_rad=2.175, timed_fallback=False, stall_count=0)
[robot_supervisor-7] [INFO] [1777470467.820679861] [robot_0.robot_supervisor]: Selected controllable event: EV_full_rotate
[robot_supervisor-7] [INFO] [1777470467.820996039] [robot_0.robot_supervisor]: Starting FULL ROTATE (omega=1.000, have_odom=True, target_rad=3.142, timeout_s=3.500)
[robot_supervisor-19] [INFO] [1777470467.891474626] [robot_4.robot_supervisor]: FULL ROTATE active (accum_rad=1.728, timed_fallback=False, stall_count=0)
[robot_supervisor-13] [INFO] [1777470467.898471909] [robot_2.robot_supervisor]: FULL ROTATE active (accum_rad=2.318, timed_fallback=False, stall_count=0)
[robot_supervisor-10] [INFO] [1777470467.909463178] [robot_1.robot_supervisor]: FULL ROTATE active (accum_rad=2.275, timed_fallback=False, stall_count=0)
[robot_supervisor-7] [INFO] [1777470467.920796136] [robot_0.robot_supervisor]: FULL ROTATE active (accum_rad=0.000, timed_fallback=False, stall_count=0)
[robot_supervisor-19] [INFO] [1777470467.991458729] [robot_4.robot_supervisor]: FULL ROTATE active (accum_rad=1.828, timed_fallback=False, stall_count=0)
[robot_supervisor-13] [INFO] [1777470467.998455171] [robot_2.robot_supervisor]: FULL ROTATE active (accum_rad=2.418, timed_fallback=False, stall_count=0)
[robot_supervisor-10] [INFO] [1777470468.009352160] [robot_1.robot_supervisor]: FULL ROTATE active (accum_rad=2.375, timed_fallback=False, stall_count=0)
[robot_supervisor-7] [INFO] [1777470468.020563948] [robot_0.robot_supervisor]: FULL ROTATE active (accum_rad=0.006, timed_fallback=False, stall_count=0)
[robot_supervisor-19] [INFO] [1777470468.091438573] [robot_4.robot_supervisor]: FULL ROTATE active (accum_rad=1.928, timed_fallback=False, stall_count=0)
[robot_supervisor-13] [INFO] [1777470468.098390101] [robot_2.robot_supervisor]: FULL ROTATE active (accum_rad=2.518, timed_fallback=False, stall_count=0)
[robot_supervisor-10] [INFO] [1777470468.109346953] [robot_1.robot_supervisor]: FULL ROTATE active (accum_rad=2.475, timed_fallback=False, stall_count=0)
[robot_supervisor-7] [INFO] [1777470468.120609850] [robot_0.robot_supervisor]: FULL ROTATE active (accum_rad=0.041, timed_fallback=False, stall_count=0)
[robot_supervisor-19] [INFO] [1777470468.191257182] [robot_4.robot_supervisor]: FULL ROTATE active (accum_rad=2.028, timed_fallback=False, stall_count=0)
[robot_supervisor-13] [INFO] [1777470468.198516236] [robot_2.robot_supervisor]: FULL ROTATE active (accum_rad=2.618, timed_fallback=False, stall_count=0)
[robot_supervisor-10] [INFO] [1777470468.209453211] [robot_1.robot_supervisor]: FULL ROTATE active (accum_rad=2.575, timed_fallback=False, stall_count=0)
[robot_supervisor-7] [INFO] [1777470468.220619737] [robot_0.robot_supervisor]: FULL ROTATE active (accum_rad=0.105, timed_fallback=False, stall_count=0)
[robot_supervisor-19] [INFO] [1777470468.291237805] [robot_4.robot_supervisor]: FULL ROTATE active (accum_rad=2.128, timed_fallback=False, stall_count=0)
[robot_supervisor-13] [INFO] [1777470468.298450591] [robot_2.robot_supervisor]: FULL ROTATE active (accum_rad=2.718, timed_fallback=False, stall_count=0)
[robot_supervisor-10] [INFO] [1777470468.309816051] [robot_1.robot_supervisor]: FULL ROTATE active (accum_rad=2.675, timed_fallback=False, stall_count=0)
[robot_supervisor-7] [INFO] [1777470468.320629367] [robot_0.robot_supervisor]: FULL ROTATE active (accum_rad=0.198, timed_fallback=False, stall_count=0)
[robot_supervisor-19] [INFO] [1777470468.391160405] [robot_4.robot_supervisor]: FULL ROTATE active (accum_rad=2.228, timed_fallback=False, stall_count=0)
[robot_supervisor-13] [INFO] [1777470468.398252448] [robot_2.robot_supervisor]: FULL ROTATE active (accum_rad=2.818, timed_fallback=False, stall_count=0)
[robot_supervisor-10] [INFO] [1777470468.409192078] [robot_1.robot_supervisor]: FULL ROTATE active (accum_rad=2.775, timed_fallback=False, stall_count=0)
[robot_supervisor-7] [INFO] [1777470468.420748670] [robot_0.robot_supervisor]: FULL ROTATE active (accum_rad=0.298, timed_fallback=False, stall_count=0)
[robot_supervisor-19] [INFO] [1777470468.491443574] [robot_4.robot_supervisor]: FULL ROTATE active (accum_rad=2.328, timed_fallback=False, stall_count=0)
[robot_supervisor-13] [INFO] [1777470468.498258595] [robot_2.robot_supervisor]: FULL ROTATE active (accum_rad=2.918, timed_fallback=False, stall_count=0)
[robot_supervisor-10] [INFO] [1777470468.509296474] [robot_1.robot_supervisor]: FULL ROTATE active (accum_rad=2.875, timed_fallback=False, stall_count=0)
[robot_supervisor-7] [INFO] [1777470468.520534460] [robot_0.robot_supervisor]: FULL ROTATE active (accum_rad=0.398, timed_fallback=False, stall_count=0)
[robot_supervisor-19] [INFO] [1777470468.591233714] [robot_4.robot_supervisor]: FULL ROTATE active (accum_rad=2.428, timed_fallback=False, stall_count=0)
[robot_supervisor-13] [INFO] [1777470468.598251677] [robot_2.robot_supervisor]: FULL ROTATE active (accum_rad=3.018, timed_fallback=False, stall_count=0)
[robot_supervisor-10] [INFO] [1777470468.609366342] [robot_1.robot_supervisor]: FULL ROTATE active (accum_rad=2.975, timed_fallback=False, stall_count=0)
[robot_supervisor-7] [INFO] [1777470468.620986871] [robot_0.robot_supervisor]: FULL ROTATE active (accum_rad=0.498, timed_fallback=False, stall_count=0)
[robot_supervisor-19] [INFO] [1777470468.691128132] [robot_4.robot_supervisor]: FULL ROTATE active (accum_rad=2.528, timed_fallback=False, stall_count=0)
[robot_supervisor-13] [INFO] [1777470468.698278078] [robot_2.robot_supervisor]: FULL ROTATE active (accum_rad=3.118, timed_fallback=False, stall_count=0)
[robot_supervisor-13] [INFO] [1777470468.698536902] [robot_2.robot_supervisor]: FULL ROTATE completed by odom (accum_rad=3.218)
[robot_supervisor-13] [INFO] [1777470468.698707071] [robot_2.robot_supervisor]: FULL ROTATE stopped; supervisor will select next event next tick
[robot_supervisor-10] [INFO] [1777470468.709347067] [robot_1.robot_supervisor]: FULL ROTATE active (accum_rad=3.075, timed_fallback=False, stall_count=0)
[robot_supervisor-10] [INFO] [1777470468.709816088] [robot_1.robot_supervisor]: FULL ROTATE completed by odom (accum_rad=3.175)
[robot_supervisor-10] [INFO] [1777470468.710224579] [robot_1.robot_supervisor]: FULL ROTATE stopped; supervisor will select next event next tick
[robot_supervisor-7] [INFO] [1777470468.720779796] [robot_0.robot_supervisor]: FULL ROTATE active (accum_rad=0.598, timed_fallback=False, stall_count=0)
[robot_supervisor-19] [INFO] [1777470468.791512979] [robot_4.robot_supervisor]: FULL ROTATE active (accum_rad=2.628, timed_fallback=False, stall_count=0)
[image_processor-22] [INFO] [1777470468.803836132] [robot_1.image_processor]: Zone=CLEAR  left[p=2.876 near=0 v=4920]  front[p=1.462 near=0 v=9705]  right[p=1.351 near=0 v=7740]
[robot_supervisor-10] [INFO] [1777470468.804359726] [robot_1.robot_supervisor]: Detected zone changed to CLEAR
[image_processor-24] [INFO] [1777470468.813670557] [robot_3.image_processor]: Zone=LEFT
[robot_supervisor-7] [INFO] [1777470468.820582571] [robot_0.robot_supervisor]: FULL ROTATE active (accum_rad=0.698, timed_fallback=False, stall_count=0)
[image_processor-25] [INFO] [1777470468.822261925] [robot_4.image_processor]: Zone=CLEAR  left[p=2.515 near=0 v=7524]  front[p=2.774 near=0 v=9673]  right[p=2.985 near=0 v=5820]
[robot_supervisor-19] [INFO] [1777470468.823171603] [robot_4.robot_supervisor]: Detected zone changed to CLEAR
[image_processor-23] [INFO] [1777470468.838611025] [robot_2.image_processor]: Zone=LEFT  left[p=0.764 near=1560 v=7263]  front[p=2.629 near=0 v=7216]  right[p=2.323 near=0 v=4990]
[robot_supervisor-13] [INFO] [1777470468.839366238] [robot_2.robot_supervisor]: Detected zone changed to LEFT
[image_processor-21] [INFO] [1777470468.846586747] [robot_0.image_processor]: Zone=CORNER
[robot_supervisor-19] [INFO] [1777470468.891258825] [robot_4.robot_supervisor]: FULL ROTATE active (accum_rad=2.728, timed_fallback=False, stall_count=0)
[robot_supervisor-7] [INFO] [1777470468.920937730] [robot_0.robot_supervisor]: FULL ROTATE active (accum_rad=0.798, timed_fallback=False, stall_count=0)
[robot_supervisor-19] [INFO] [1777470468.991205581] [robot_4.robot_supervisor]: FULL ROTATE active (accum_rad=2.828, timed_fallback=False, stall_count=0)
[robot_supervisor-10] [INFO] [1777470469.009545998] [robot_1.robot_supervisor]: Selected controllable event: EV_move_forward
[robot_supervisor-7] [INFO] [1777470469.020969335] [robot_0.robot_supervisor]: FULL ROTATE active (accum_rad=0.898, timed_fallback=False, stall_count=0)
[robot_supervisor-19] [INFO] [1777470469.091106965] [robot_4.robot_supervisor]: FULL ROTATE active (accum_rad=2.928, timed_fallback=False, stall_count=0)
[robot_supervisor-13] [INFO] [1777470469.098509370] [robot_2.robot_supervisor]: Selected controllable event: EV_rotate_clockwise
[robot_supervisor-7] [INFO] [1777470469.120716787] [robot_0.robot_supervisor]: FULL ROTATE active (accum_rad=0.998, timed_fallback=False, stall_count=0)
[robot_supervisor-19] [INFO] [1777470469.191145881] [robot_4.robot_supervisor]: FULL ROTATE active (accum_rad=3.028, timed_fallback=False, stall_count=0)
[robot_supervisor-7] [INFO] [1777470469.220707212] [robot_0.robot_supervisor]: FULL ROTATE active (accum_rad=1.098, timed_fallback=False, stall_count=0)
[robot_supervisor-16] [INFO] [1777470469.264289038] [robot_3.robot_supervisor]: Selected controllable event: EV_rotate_clockwise
[robot_supervisor-16] [INFO] [1777470469.264654188] [robot_3.robot_supervisor]: rotate_90 blocked by recent completion; stopping this tick
[robot_supervisor-19] [INFO] [1777470469.291229404] [robot_4.robot_supervisor]: FULL ROTATE active (accum_rad=3.128, timed_fallback=False, stall_count=0)
[robot_supervisor-19] [INFO] [1777470469.291704401] [robot_4.robot_supervisor]: FULL ROTATE completed by odom (accum_rad=3.228)
[robot_supervisor-19] [INFO] [1777470469.292079616] [robot_4.robot_supervisor]: FULL ROTATE stopped; supervisor will select next event next tick
[robot_supervisor-10] [INFO] [1777470469.309564520] [robot_1.robot_supervisor]: Selected controllable event: EV_random_walk
[robot_supervisor-7] [INFO] [1777470469.321042318] [robot_0.robot_supervisor]: FULL ROTATE active (accum_rad=1.198, timed_fallback=False, stall_count=0)
[robot_supervisor-16] [INFO] [1777470469.364617771] [robot_3.robot_supervisor]: Selected controllable event: EV_rotate_clockwise
[robot_supervisor-16] [INFO] [1777470469.364964291] [robot_3.robot_supervisor]: rotate_90 blocked by recent completion; stopping this tick
[robot_supervisor-7] [INFO] [1777470469.420767835] [robot_0.robot_supervisor]: FULL ROTATE active (accum_rad=1.298, timed_fallback=False, stall_count=0)
[robot_supervisor-16] [INFO] [1777470469.464441415] [robot_3.robot_supervisor]: Selected controllable event: EV_rotate_clockwise
[robot_supervisor-7] [INFO] [1777470469.520846248] [robot_0.robot_supervisor]: FULL ROTATE active (accum_rad=1.398, timed_fallback=False, stall_count=0)
[robot_supervisor-19] [INFO] [1777470469.591212273] [robot_4.robot_supervisor]: Selected controllable event: EV_move_forward
[robot_supervisor-7] [INFO] [1777470469.620610587] [robot_0.robot_supervisor]: FULL ROTATE active (accum_rad=1.498, timed_fallback=False, stall_count=0)
[robot_supervisor-7] [INFO] [1777470469.720758501] [robot_0.robot_supervisor]: FULL ROTATE active (accum_rad=1.598, timed_fallback=False, stall_count=0)
[robot_supervisor-7] [INFO] [1777470469.820826970] [robot_0.robot_supervisor]: FULL ROTATE active (accum_rad=1.698, timed_fallback=False, stall_count=0)
[robot_supervisor-19] [INFO] [1777470469.891317367] [robot_4.robot_supervisor]: Selected controllable event: EV_random_walk
[robot_supervisor-7] [INFO] [1777470469.920728822] [robot_0.robot_supervisor]: FULL ROTATE active (accum_rad=1.798, timed_fallback=False, stall_count=0)
[robot_supervisor-7] [INFO] [1777470470.020583496] [robot_0.robot_supervisor]: FULL ROTATE active (accum_rad=1.898, timed_fallback=False, stall_count=0)
[robot_supervisor-7] [INFO] [1777470470.120581171] [robot_0.robot_supervisor]: FULL ROTATE active (accum_rad=1.998, timed_fallback=False, stall_count=0)
[robot_supervisor-7] [INFO] [1777470470.220712237] [robot_0.robot_supervisor]: FULL ROTATE active (accum_rad=2.098, timed_fallback=False, stall_count=0)
[robot_supervisor-7] [INFO] [1777470470.320844010] [robot_0.robot_supervisor]: FULL ROTATE active (accum_rad=2.198, timed_fallback=False, stall_count=0)
[robot_supervisor-7] [INFO] [1777470470.420793256] [robot_0.robot_supervisor]: FULL ROTATE active (accum_rad=2.298, timed_fallback=False, stall_count=0)
[robot_supervisor-7] [INFO] [1777470470.520584804] [robot_0.robot_supervisor]: FULL ROTATE active (accum_rad=2.398, timed_fallback=False, stall_count=0)
[robot_supervisor-7] [INFO] [1777470470.620700167] [robot_0.robot_supervisor]: FULL ROTATE active (accum_rad=2.498, timed_fallback=False, stall_count=0)
[robot_supervisor-7] [INFO] [1777470470.720710323] [robot_0.robot_supervisor]: FULL ROTATE active (accum_rad=2.598, timed_fallback=False, stall_count=0)
[bump_counter-3] [INFO] [1777470470.768078535] [bump_counter]: [global] bump #16 (obstacle) with: box4::link::collision
[robot_supervisor-10] [INFO] [1777470470.809534770] [robot_1.robot_supervisor]: Selected controllable event: EV_move_forward
[robot_supervisor-7] [INFO] [1777470470.820913428] [robot_0.robot_supervisor]: FULL ROTATE active (accum_rad=2.698, timed_fallback=False, stall_count=0)
[robot_supervisor-7] [INFO] [1777470470.920734024] [robot_0.robot_supervisor]: FULL ROTATE active (accum_rad=2.798, timed_fallback=False, stall_count=0)
[robot_supervisor-7] [INFO] [1777470471.020930040] [robot_0.robot_supervisor]: FULL ROTATE active (accum_rad=2.898, timed_fallback=False, stall_count=0)
[robot_supervisor-10] [INFO] [1777470471.109672582] [robot_1.robot_supervisor]: Selected controllable event: EV_random_walk
[robot_supervisor-7] [INFO] [1777470471.120702046] [robot_0.robot_supervisor]: FULL ROTATE active (accum_rad=2.998, timed_fallback=False, stall_count=0)
[robot_supervisor-13] [INFO] [1777470471.198318033] [robot_2.robot_supervisor]: Selected controllable event: EV_rotate_clockwise
[robot_supervisor-13] [INFO] [1777470471.198576032] [robot_2.robot_supervisor]: rotate_90 blocked by recent completion; stopping this tick
[robot_supervisor-7] [INFO] [1777470471.220555864] [robot_0.robot_supervisor]: FULL ROTATE active (accum_rad=3.098, timed_fallback=False, stall_count=0)
[robot_supervisor-7] [INFO] [1777470471.220851506] [robot_0.robot_supervisor]: FULL ROTATE completed by odom (accum_rad=3.198)
[robot_supervisor-7] [INFO] [1777470471.221083951] [robot_0.robot_supervisor]: FULL ROTATE stopped; supervisor will select next event next tick
[robot_supervisor-13] [INFO] [1777470471.298567341] [robot_2.robot_supervisor]: Selected controllable event: EV_rotate_clockwise
[robot_supervisor-13] [INFO] [1777470471.299121889] [robot_2.robot_supervisor]: rotate_90 blocked by recent completion; stopping this tick
[image_processor-22] [INFO] [1777470471.301470599] [robot_1.image_processor]: Zone=CLEAR
[image_processor-24] [INFO] [1777470471.313318645] [robot_3.image_processor]: Zone=CORNER  left[p=0.526 near=7650 v=7650]  front[p=0.538 near=13500 v=13500]  right[p=0.552 near=7740 v=7740]
[robot_supervisor-16] [INFO] [1777470471.314027525] [robot_3.robot_supervisor]: Detected zone changed to CORNER
[image_processor-25] [INFO] [1777470471.323447567] [robot_4.image_processor]: Zone=CLEAR
[image_processor-23] [INFO] [1777470471.336837032] [robot_2.image_processor]: Zone=RIGHT  left[p=3.291 near=0 v=6248]  front[p=2.073 near=0 v=13258]  right[p=0.527 near=4463 v=7740]
[robot_supervisor-13] [INFO] [1777470471.337606020] [robot_2.robot_supervisor]: Detected zone changed to RIGHT
[image_processor-21] [INFO] [1777470471.348110999] [robot_0.image_processor]: Zone=CLEAR  left[p=2.349 near=0 v=5692]  front[p=2.464 near=0 v=6559]  right[p=1.944 near=0 v=5016]
[robot_supervisor-7] [INFO] [1777470471.348764644] [robot_0.robot_supervisor]: Detected zone changed to CLEAR
[robot_supervisor-19] [INFO] [1777470471.391335277] [robot_4.robot_supervisor]: Selected controllable event: EV_move_forward
[robot_supervisor-13] [INFO] [1777470471.398511869] [robot_2.robot_supervisor]: Selected controllable event: EV_rotate_counterclockwise
[robot_supervisor-13] [INFO] [1777470471.398769409] [robot_2.robot_supervisor]: rotate_90 blocked by recent completion; stopping this tick
[robot_supervisor-13] [INFO] [1777470471.498517160] [robot_2.robot_supervisor]: Selected controllable event: EV_rotate_counterclockwise
[robot_supervisor-7] [INFO] [1777470471.520870719] [robot_0.robot_supervisor]: Selected controllable event: EV_move_forward
[robot_supervisor-16] [INFO] [1777470471.664423021] [robot_3.robot_supervisor]: Selected controllable event: EV_move_backward
[robot_supervisor-19] [INFO] [1777470471.691082410] [robot_4.robot_supervisor]: Selected controllable event: EV_random_walk
[robot_supervisor-7] [INFO] [1777470471.820912173] [robot_0.robot_supervisor]: Selected controllable event: EV_random_walk
[robot_supervisor-19] [INFO] [1777470471.991064781] [robot_4.robot_supervisor]: Selected controllable event: EV_move_forward
[robot_supervisor-16] [INFO] [1777470472.064245536] [robot_3.robot_supervisor]: Selected controllable event: EV_rotate_clockwise
[robot_supervisor-7] [INFO] [1777470472.120748734] [robot_0.robot_supervisor]: Selected controllable event: EV_move_forward
[robot_supervisor-19] [INFO] [1777470472.291284297] [robot_4.robot_supervisor]: Selected controllable event: EV_random_walk
[robot_supervisor-7] [INFO] [1777470472.421134355] [robot_0.robot_supervisor]: Selected controllable event: EV_random_walk
[robot_supervisor-19] [INFO] [1777470472.591295717] [robot_4.robot_supervisor]: Selected controllable event: EV_move_forward
[robot_supervisor-10] [INFO] [1777470472.609475397] [robot_1.robot_supervisor]: Selected controllable event: EV_move_forward
[robot_supervisor-7] [INFO] [1777470472.720843251] [robot_0.robot_supervisor]: Selected controllable event: EV_move_forward
[robot_supervisor-19] [INFO] [1777470472.891299097] [robot_4.robot_supervisor]: Selected controllable event: EV_random_walk
[robot_supervisor-10] [INFO] [1777470472.909322606] [robot_1.robot_supervisor]: Selected controllable event: EV_random_walk
[robot_supervisor-7] [INFO] [1777470473.020746119] [robot_0.robot_supervisor]: Selected controllable event: EV_random_walk
[robot_supervisor-10] [INFO] [1777470473.209296193] [robot_1.robot_supervisor]: Selected controllable event: EV_move_forward
[robot_supervisor-10] [INFO] [1777470473.509663593] [robot_1.robot_supervisor]: Selected controllable event: EV_random_walk
[robot_supervisor-13] [INFO] [1777470473.598430743] [robot_2.robot_supervisor]: Selected controllable event: EV_rotate_counterclockwise
[robot_supervisor-13] [INFO] [1777470473.598685071] [robot_2.robot_supervisor]: rotate_90 blocked by recent completion; stopping this tick
[robot_supervisor-13] [INFO] [1777470473.698577559] [robot_2.robot_supervisor]: Selected controllable event: EV_rotate_counterclockwise
[robot_supervisor-13] [INFO] [1777470473.698760782] [robot_2.robot_supervisor]: rotate_90 blocked by recent completion; stopping this tick
[robot_supervisor-13] [INFO] [1777470473.798538939] [robot_2.robot_supervisor]: Selected controllable event: EV_rotate_counterclockwise
[robot_supervisor-13] [INFO] [1777470473.798897174] [robot_2.robot_supervisor]: rotate_90 blocked by recent completion; stopping this tick
[image_processor-22] [INFO] [1777470473.808186671] [robot_1.image_processor]: Zone=RIGHT  left[p=3.172 near=0 v=6095]  front[p=0.830 near=846 v=12165]  right[p=0.569 near=7740 v=7740]
[robot_supervisor-10] [INFO] [1777470473.808924408] [robot_1.robot_supervisor]: Detected zone changed to RIGHT
[robot_supervisor-10] [INFO] [1777470473.809835650] [robot_1.robot_supervisor]: Selected controllable event: EV_rotate_counterclockwise
[image_processor-24] [INFO] [1777470473.826834324] [robot_3.image_processor]: Zone=LEFT  left[p=0.716 near=2160 v=6517]  front[p=2.571 near=0 v=6761]  right[p=2.579 near=0 v=6483]
[robot_supervisor-16] [INFO] [1777470473.827738094] [robot_3.robot_supervisor]: Detected zone changed to LEFT
[image_processor-25] [INFO] [1777470473.837698133] [robot_4.image_processor]: Zone=CLEAR
[image_processor-23] [INFO] [1777470473.855534008] [robot_2.image_processor]: Zone=LEFT  left[p=0.726 near=2589 v=7650]  front[p=2.318 near=0 v=7211]  right[p=2.073 near=0 v=4823]
[robot_supervisor-13] [INFO] [1777470473.856442760] [robot_2.robot_supervisor]: Detected zone changed to LEFT
[image_processor-21] [INFO] [1777470473.869543605] [robot_0.image_processor]: Zone=CLEAR
[robot_supervisor-13] [INFO] [1777470473.898467118] [robot_2.robot_supervisor]: Selected controllable event: EV_rotate_clockwise
[robot_supervisor-7] [INFO] [1777470474.220593045] [robot_0.robot_supervisor]: Selected controllable event: EV_move_forward
[robot_supervisor-16] [INFO] [1777470474.264204117] [robot_3.robot_supervisor]: Selected controllable event: EV_full_rotate
[robot_supervisor-16] [INFO] [1777470474.264514827] [robot_3.robot_supervisor]: Starting FULL ROTATE (omega=1.000, have_odom=True, target_rad=3.142, timeout_s=3.500)
[robot_supervisor-16] [INFO] [1777470474.364558607] [robot_3.robot_supervisor]: FULL ROTATE active (accum_rad=0.000, timed_fallback=False, stall_count=0)
[robot_supervisor-19] [INFO] [1777470474.391375296] [robot_4.robot_supervisor]: Selected controllable event: EV_move_forward
[robot_supervisor-16] [INFO] [1777470474.464206856] [robot_3.robot_supervisor]: FULL ROTATE active (accum_rad=0.008, timed_fallback=False, stall_count=0)
[robot_supervisor-7] [INFO] [1777470474.520774540] [robot_0.robot_supervisor]: Selected controllable event: EV_random_walk
[robot_supervisor-16] [INFO] [1777470474.564504979] [robot_3.robot_supervisor]: FULL ROTATE active (accum_rad=0.046, timed_fallback=False, stall_count=0)
[robot_supervisor-16] [INFO] [1777470474.664380633] [robot_3.robot_supervisor]: FULL ROTATE active (accum_rad=0.113, timed_fallback=False, stall_count=0)
[robot_supervisor-19] [INFO] [1777470474.691265273] [robot_4.robot_supervisor]: Selected controllable event: EV_random_walk
[robot_supervisor-16] [INFO] [1777470474.764239701] [robot_3.robot_supervisor]: FULL ROTATE active (accum_rad=0.208, timed_fallback=False, stall_count=0)
[robot_supervisor-7] [INFO] [1777470474.821103903] [robot_0.robot_supervisor]: Selected controllable event: EV_move_forward
[robot_supervisor-16] [INFO] [1777470474.864495474] [robot_3.robot_supervisor]: FULL ROTATE active (accum_rad=0.308, timed_fallback=False, stall_count=0)
[robot_supervisor-16] [INFO] [1777470474.964476023] [robot_3.robot_supervisor]: FULL ROTATE active (accum_rad=0.408, timed_fallback=False, stall_count=0)
[robot_supervisor-19] [INFO] [1777470474.991007145] [robot_4.robot_supervisor]: Selected controllable event: EV_move_forward
[robot_supervisor-16] [INFO] [1777470475.064363383] [robot_3.robot_supervisor]: FULL ROTATE active (accum_rad=0.508, timed_fallback=False, stall_count=0)
[robot_supervisor-7] [INFO] [1777470475.120784864] [robot_0.robot_supervisor]: Selected controllable event: EV_random_walk
[robot_supervisor-16] [INFO] [1777470475.164150084] [robot_3.robot_supervisor]: FULL ROTATE active (accum_rad=0.608, timed_fallback=False, stall_count=0)
[robot_supervisor-16] [INFO] [1777470475.264299740] [robot_3.robot_supervisor]: FULL ROTATE active (accum_rad=0.708, timed_fallback=False, stall_count=0)
[robot_supervisor-19] [INFO] [1777470475.291429230] [robot_4.robot_supervisor]: Selected controllable event: EV_random_walk
[robot_supervisor-16] [INFO] [1777470475.364320787] [robot_3.robot_supervisor]: FULL ROTATE active (accum_rad=0.808, timed_fallback=False, stall_count=0)
[robot_supervisor-7] [INFO] [1777470475.420554502] [robot_0.robot_supervisor]: Selected controllable event: EV_move_forward
[robot_supervisor-16] [INFO] [1777470475.464103305] [robot_3.robot_supervisor]: FULL ROTATE active (accum_rad=0.908, timed_fallback=False, stall_count=0)
[robot_supervisor-16] [INFO] [1777470475.564283431] [robot_3.robot_supervisor]: FULL ROTATE active (accum_rad=1.008, timed_fallback=False, stall_count=0)
[robot_supervisor-19] [INFO] [1777470475.591217629] [robot_4.robot_supervisor]: Selected controllable event: EV_move_forward
[robot_supervisor-16] [INFO] [1777470475.664313812] [robot_3.robot_supervisor]: FULL ROTATE active (accum_rad=1.108, timed_fallback=False, stall_count=0)
[robot_supervisor-7] [INFO] [1777470475.720580298] [robot_0.robot_supervisor]: Selected controllable event: EV_random_walk
[robot_supervisor-16] [INFO] [1777470475.764110673] [robot_3.robot_supervisor]: FULL ROTATE active (accum_rad=1.208, timed_fallback=False, stall_count=0)
[robot_supervisor-16] [INFO] [1777470475.864573863] [robot_3.robot_supervisor]: FULL ROTATE active (accum_rad=1.308, timed_fallback=False, stall_count=0)
[robot_supervisor-19] [INFO] [1777470475.891261858] [robot_4.robot_supervisor]: Selected controllable event: EV_random_walk
[robot_supervisor-10] [INFO] [1777470475.909497429] [robot_1.robot_supervisor]: Selected controllable event: EV_rotate_counterclockwise
[robot_supervisor-10] [INFO] [1777470475.909855180] [robot_1.robot_supervisor]: rotate_90 blocked by recent completion; stopping this tick
[robot_supervisor-16] [INFO] [1777470475.964188910] [robot_3.robot_supervisor]: FULL ROTATE active (accum_rad=1.408, timed_fallback=False, stall_count=0)
[robot_supervisor-13] [INFO] [1777470475.998598884] [robot_2.robot_supervisor]: Selected controllable event: EV_rotate_clockwise
[robot_supervisor-13] [INFO] [1777470475.998914752] [robot_2.robot_supervisor]: rotate_90 blocked by recent completion; stopping this tick
[robot_supervisor-10] [INFO] [1777470476.009466515] [robot_1.robot_supervisor]: Selected controllable event: EV_rotate_counterclockwise
[robot_supervisor-10] [INFO] [1777470476.009895628] [robot_1.robot_supervisor]: rotate_90 blocked by recent completion; stopping this tick
[robot_supervisor-16] [INFO] [1777470476.064264258] [robot_3.robot_supervisor]: FULL ROTATE active (accum_rad=1.508, timed_fallback=False, stall_count=0)
[robot_supervisor-13] [INFO] [1777470476.098573491] [robot_2.robot_supervisor]: Selected controllable event: EV_rotate_clockwise
[robot_supervisor-13] [INFO] [1777470476.098895439] [robot_2.robot_supervisor]: rotate_90 blocked by recent completion; stopping this tick
[robot_supervisor-10] [INFO] [1777470476.109498063] [robot_1.robot_supervisor]: Selected controllable event: EV_rotate_counterclockwise
[robot_supervisor-10] [INFO] [1777470476.109854937] [robot_1.robot_supervisor]: rotate_90 blocked by recent completion; stopping this tick
[robot_supervisor-16] [INFO] [1777470476.164160474] [robot_3.robot_supervisor]: FULL ROTATE active (accum_rad=1.608, timed_fallback=False, stall_count=0)
[robot_supervisor-19] [INFO] [1777470476.191531291] [robot_4.robot_supervisor]: Selected controllable event: EV_move_forward
[robot_supervisor-13] [INFO] [1777470476.198656653] [robot_2.robot_supervisor]: Selected controllable event: EV_rotate_clockwise
[robot_supervisor-13] [INFO] [1777470476.199017837] [robot_2.robot_supervisor]: rotate_90 blocked by recent completion; stopping this tick
[robot_supervisor-10] [INFO] [1777470476.209455229] [robot_1.robot_supervisor]: Selected controllable event: EV_rotate_counterclockwise
[robot_supervisor-16] [INFO] [1777470476.264276946] [robot_3.robot_supervisor]: FULL ROTATE active (accum_rad=1.708, timed_fallback=False, stall_count=0)
[robot_supervisor-13] [INFO] [1777470476.298608525] [robot_2.robot_supervisor]: Selected controllable event: EV_rotate_clockwise
[image_processor-22] [INFO] [1777470476.313601361] [robot_1.image_processor]: Zone=RIGHT
[image_processor-24] [INFO] [1777470476.327378648] [robot_3.image_processor]: Zone=CORNER  left[p=0.501 near=7650 v=7650]  front[p=0.534 near=13500 v=13500]  right[p=0.583 near=7740 v=7740]
[robot_supervisor-16] [INFO] [1777470476.328122582] [robot_3.robot_supervisor]: Detected zone changed to CORNER
[image_processor-25] [INFO] [1777470476.339656816] [robot_4.image_processor]: Zone=CLEAR
[robot_supervisor-16] [INFO] [1777470476.364272021] [robot_3.robot_supervisor]: FULL ROTATE active (accum_rad=1.808, timed_fallback=False, stall_count=0)
[image_processor-23] [INFO] [1777470476.374056082] [robot_2.image_processor]: Zone=RIGHT  left[p=2.073 near=0 v=6248]  front[p=2.073 near=0 v=13258]  right[p=0.528 near=4449 v=7740]
[robot_supervisor-13] [INFO] [1777470476.374875305] [robot_2.robot_supervisor]: Detected zone changed to RIGHT
[image_processor-21] [INFO] [1777470476.393953572] [robot_0.image_processor]: Zone=CLEAR
[robot_supervisor-16] [INFO] [1777470476.464504455] [robot_3.robot_supervisor]: FULL ROTATE active (accum_rad=1.908, timed_fallback=False, stall_count=0)
[robot_supervisor-19] [INFO] [1777470476.491279196] [robot_4.robot_supervisor]: Selected controllable event: EV_random_walk
[robot_supervisor-16] [INFO] [1777470476.564346520] [robot_3.robot_supervisor]: FULL ROTATE active (accum_rad=2.008, timed_fallback=False, stall_count=0)
[robot_supervisor-16] [INFO] [1777470476.664362447] [robot_3.robot_supervisor]: FULL ROTATE active (accum_rad=2.108, timed_fallback=False, stall_count=0)
[robot_supervisor-16] [INFO] [1777470476.764399461] [robot_3.robot_supervisor]: FULL ROTATE active (accum_rad=2.208, timed_fallback=False, stall_count=0)
[robot_supervisor-19] [INFO] [1777470476.791280356] [robot_4.robot_supervisor]: Selected controllable event: EV_move_forward
[robot_supervisor-16] [INFO] [1777470476.864559049] [robot_3.robot_supervisor]: FULL ROTATE active (accum_rad=2.308, timed_fallback=False, stall_count=0)
[robot_supervisor-16] [INFO] [1777470476.964374673] [robot_3.robot_supervisor]: FULL ROTATE active (accum_rad=2.408, timed_fallback=False, stall_count=0)
[robot_supervisor-16] [INFO] [1777470477.064172688] [robot_3.robot_supervisor]: FULL ROTATE active (accum_rad=2.508, timed_fallback=False, stall_count=0)
[robot_supervisor-19] [INFO] [1777470477.091240419] [robot_4.robot_supervisor]: Selected controllable event: EV_random_walk
[robot_supervisor-16] [INFO] [1777470477.164190428] [robot_3.robot_supervisor]: FULL ROTATE active (accum_rad=2.608, timed_fallback=False, stall_count=0)
[robot_supervisor-7] [INFO] [1777470477.220519404] [robot_0.robot_supervisor]: Selected controllable event: EV_move_forward
[robot_supervisor-16] [INFO] [1777470477.264135547] [robot_3.robot_supervisor]: FULL ROTATE active (accum_rad=2.708, timed_fallback=False, stall_count=0)
[robot_supervisor-16] [INFO] [1777470477.364275580] [robot_3.robot_supervisor]: FULL ROTATE active (accum_rad=2.808, timed_fallback=False, stall_count=0)
[robot_supervisor-16] [INFO] [1777470477.464243409] [robot_3.robot_supervisor]: FULL ROTATE active (accum_rad=2.908, timed_fallback=False, stall_count=0)
[robot_supervisor-7] [INFO] [1777470477.520758160] [robot_0.robot_supervisor]: Selected controllable event: EV_random_walk
[robot_supervisor-16] [INFO] [1777470477.564349178] [robot_3.robot_supervisor]: FULL ROTATE active (accum_rad=3.008, timed_fallback=False, stall_count=0)
[robot_supervisor-16] [INFO] [1777470477.664170571] [robot_3.robot_supervisor]: FULL ROTATE active (accum_rad=3.108, timed_fallback=False, stall_count=0)
[robot_supervisor-16] [INFO] [1777470477.664580063] [robot_3.robot_supervisor]: FULL ROTATE completed by odom (accum_rad=3.208)
[robot_supervisor-16] [INFO] [1777470477.664829449] [robot_3.robot_supervisor]: FULL ROTATE stopped; supervisor will select next event next tick
[robot_supervisor-7] [INFO] [1777470477.821124872] [robot_0.robot_supervisor]: Selected controllable event: EV_move_forward
[robot_supervisor-16] [INFO] [1777470478.064164451] [robot_3.robot_supervisor]: Selected controllable event: EV_move_backward
[robot_supervisor-7] [INFO] [1777470478.120801353] [robot_0.robot_supervisor]: Selected controllable event: EV_random_walk
[robot_supervisor-10] [INFO] [1777470478.309691097] [robot_1.robot_supervisor]: Selected controllable event: EV_rotate_counterclockwise
[robot_supervisor-10] [INFO] [1777470478.310218247] [robot_1.robot_supervisor]: rotate_90 blocked by recent completion; stopping this tick
[robot_supervisor-13] [INFO] [1777470478.398720367] [robot_2.robot_supervisor]: Selected controllable event: EV_rotate_counterclockwise
[robot_supervisor-13] [INFO] [1777470478.398909243] [robot_2.robot_supervisor]: rotate_90 blocked by recent completion; stopping this tick
[robot_supervisor-10] [INFO] [1777470478.409449120] [robot_1.robot_supervisor]: Selected controllable event: EV_rotate_counterclockwise
[robot_supervisor-10] [INFO] [1777470478.409813310] [robot_1.robot_supervisor]: rotate_90 blocked by recent completion; stopping this tick
[robot_supervisor-7] [INFO] [1777470478.420619825] [robot_0.robot_supervisor]: Selected controllable event: EV_move_forward
[robot_supervisor-16] [INFO] [1777470478.464012122] [robot_3.robot_supervisor]: Selected controllable event: EV_rotate_clockwise
[robot_supervisor-13] [INFO] [1777470478.498555017] [robot_2.robot_supervisor]: Selected controllable event: EV_rotate_counterclockwise
[robot_supervisor-13] [INFO] [1777470478.498934907] [robot_2.robot_supervisor]: rotate_90 blocked by recent completion; stopping this tick
[robot_supervisor-10] [INFO] [1777470478.509483031] [robot_1.robot_supervisor]: Selected controllable event: EV_rotate_counterclockwise
[robot_supervisor-10] [INFO] [1777470478.509866283] [robot_1.robot_supervisor]: rotate_90 blocked by recent completion; stopping this tick
[robot_supervisor-19] [INFO] [1777470478.591492527] [robot_4.robot_supervisor]: Selected controllable event: EV_move_forward
[robot_supervisor-13] [INFO] [1777470478.598543096] [robot_2.robot_supervisor]: Selected controllable event: EV_rotate_counterclockwise
[robot_supervisor-13] [INFO] [1777470478.598920379] [robot_2.robot_supervisor]: rotate_90 blocked by recent completion; stopping this tick
[robot_supervisor-10] [INFO] [1777470478.609396554] [robot_1.robot_supervisor]: Selected controllable event: EV_rotate_counterclockwise
[robot_supervisor-13] [INFO] [1777470478.698521039] [robot_2.robot_supervisor]: Selected controllable event: EV_rotate_counterclockwise
[robot_supervisor-7] [INFO] [1777470478.720766650] [robot_0.robot_supervisor]: Selected controllable event: EV_random_walk
[image_processor-22] [INFO] [1777470478.800397923] [robot_1.image_processor]: Zone=CLEAR  left[p=1.077 near=0 v=7650]  front[p=1.555 near=0 v=13456]  right[p=2.899 near=0 v=7703]
[robot_supervisor-10] [INFO] [1777470478.801086133] [robot_1.robot_supervisor]: Detected zone changed to CLEAR
[image_processor-24] [INFO] [1777470478.810935537] [robot_3.image_processor]: Zone=RIGHT  left[p=1.213 near=0 v=7650]  front[p=1.640 near=0 v=13500]  right[p=0.495 near=6043 v=7740]
[robot_supervisor-16] [INFO] [1777470478.811489904] [robot_3.robot_supervisor]: Detected zone changed to RIGHT
[image_processor-25] [INFO] [1777470478.820208769] [robot_4.image_processor]: Zone=CLEAR
[image_processor-23] [INFO] [1777470478.830495777] [robot_2.image_processor]: Zone=CORNER  left[p=0.276 near=7650 v=7650]  front[p=0.245 near=13500 v=13500]  right[p=0.226 near=7740 v=7740]
[robot_supervisor-13] [INFO] [1777470478.831285567] [robot_2.robot_supervisor]: Detected zone changed to CORNER
[image_processor-21] [INFO] [1777470478.843427230] [robot_0.image_processor]: Zone=CLEAR
[robot_supervisor-19] [INFO] [1777470478.891245542] [robot_4.robot_supervisor]: Selected controllable event: EV_random_walk
[robot_supervisor-19] [INFO] [1777470479.191120389] [robot_4.robot_supervisor]: Selected controllable event: EV_move_forward
[robot_supervisor-19] [INFO] [1777470479.491294739] [robot_4.robot_supervisor]: Selected controllable event: EV_random_walk
[robot_supervisor-19] [INFO] [1777470479.791523125] [robot_4.robot_supervisor]: Selected controllable event: EV_move_forward
[robot_supervisor-19] [INFO] [1777470480.091154678] [robot_4.robot_supervisor]: Selected controllable event: EV_random_walk
[robot_supervisor-7] [INFO] [1777470480.220956206] [robot_0.robot_supervisor]: Selected controllable event: EV_move_forward
[robot_supervisor-19] [INFO] [1777470480.391358199] [robot_4.robot_supervisor]: Selected controllable event: EV_move_forward
[robot_supervisor-7] [INFO] [1777470480.520680221] [robot_0.robot_supervisor]: Selected controllable event: EV_random_walk
[robot_supervisor-16] [INFO] [1777470480.564562575] [robot_3.robot_supervisor]: Selected controllable event: EV_full_rotate
[robot_supervisor-16] [INFO] [1777470480.565014940] [robot_3.robot_supervisor]: Starting FULL ROTATE (omega=1.000, have_odom=True, target_rad=3.142, timeout_s=3.500)
[robot_supervisor-16] [INFO] [1777470480.664482831] [robot_3.robot_supervisor]: FULL ROTATE active (accum_rad=0.000, timed_fallback=False, stall_count=0)
[robot_supervisor-19] [INFO] [1777470480.691300985] [robot_4.robot_supervisor]: Selected controllable event: EV_random_walk
[robot_supervisor-10] [INFO] [1777470480.709475108] [robot_1.robot_supervisor]: Selected controllable event: EV_move_forward
[robot_supervisor-16] [INFO] [1777470480.764188029] [robot_3.robot_supervisor]: FULL ROTATE active (accum_rad=0.002, timed_fallback=False, stall_count=0)
[robot_supervisor-7] [INFO] [1777470480.820905559] [robot_0.robot_supervisor]: Selected controllable event: EV_move_forward
[robot_supervisor-16] [INFO] [1777470480.864320906] [robot_3.robot_supervisor]: FULL ROTATE active (accum_rad=0.030, timed_fallback=False, stall_count=0)
[robot_supervisor-13] [INFO] [1777470480.898552845] [robot_2.robot_supervisor]: Selected controllable event: EV_move_backward
[robot_supervisor-16] [INFO] [1777470480.964355914] [robot_3.robot_supervisor]: FULL ROTATE active (accum_rad=0.087, timed_fallback=False, stall_count=0)
[robot_supervisor-10] [INFO] [1777470481.009167040] [robot_1.robot_supervisor]: Selected controllable event: EV_random_walk
[robot_supervisor-16] [INFO] [1777470481.064190880] [robot_3.robot_supervisor]: FULL ROTATE active (accum_rad=0.175, timed_fallback=False, stall_count=0)
[robot_supervisor-19] [INFO] [1777470481.091514358] [robot_4.robot_supervisor]: Selected controllable event: EV_move_forward
[robot_supervisor-7] [INFO] [1777470481.120796511] [robot_0.robot_supervisor]: Selected controllable event: EV_random_walk
[robot_supervisor-16] [INFO] [1777470481.164309813] [robot_3.robot_supervisor]: FULL ROTATE active (accum_rad=0.275, timed_fallback=False, stall_count=0)
[robot_supervisor-16] [INFO] [1777470481.264348498] [robot_3.robot_supervisor]: FULL ROTATE active (accum_rad=0.375, timed_fallback=False, stall_count=0)
[robot_supervisor-13] [INFO] [1777470481.298604014] [robot_2.robot_supervisor]: Selected controllable event: EV_rotate_clockwise
[image_processor-22] [INFO] [1777470481.302450017] [robot_1.image_processor]: Zone=CLEAR
[robot_supervisor-10] [INFO] [1777470481.309699831] [robot_1.robot_supervisor]: Selected controllable event: EV_move_forward
[image_processor-24] [INFO] [1777470481.312654738] [robot_3.image_processor]: Zone=CORNER  left[p=0.590 near=3948 v=7650]  front[p=0.532 near=13500 v=13500]  right[p=0.496 near=7740 v=7740]
[robot_supervisor-16] [INFO] [1777470481.313497280] [robot_3.robot_supervisor]: Detected zone changed to CORNER
[image_processor-25] [INFO] [1777470481.319693380] [robot_4.image_processor]: Zone=CORNER  left[p=0.564 near=7650 v=7650]  front[p=0.569 near=4441 v=12860]  right[p=2.433 near=0 v=7490]
[robot_supervisor-19] [INFO] [1777470481.320561982] [robot_4.robot_supervisor]: Detected zone changed to CORNER
[image_processor-23] [INFO] [1777470481.332962707] [robot_2.image_processor]: Zone=RIGHT  left[p=2.478 near=0 v=6248]  front[p=2.106 near=0 v=13259]  right[p=0.528 near=4451 v=7740]
[robot_supervisor-13] [INFO] [1777470481.333736812] [robot_2.robot_supervisor]: Detected zone changed to RIGHT
[robot_supervisor-16] [INFO] [1777470481.364022772] [robot_3.robot_supervisor]: FULL ROTATE active (accum_rad=0.475, timed_fallback=False, stall_count=0)
[robot_supervisor-19] [INFO] [1777470481.391386461] [robot_4.robot_supervisor]: Selected controllable event: EV_move_backward
[robot_supervisor-7] [INFO] [1777470481.420845913] [robot_0.robot_supervisor]: Selected controllable event: EV_move_forward
[image_processor-21] [INFO] [1777470481.441010767] [robot_0.image_processor]: Zone=RIGHT  left[p=2.713 near=0 v=7650]  front[p=2.093 near=0 v=13500]  right[p=0.562 near=5144 v=7740]
[robot_supervisor-7] [INFO] [1777470481.441533056] [robot_0.robot_supervisor]: Detected zone changed to RIGHT
[robot_supervisor-16] [INFO] [1777470481.464397436] [robot_3.robot_supervisor]: FULL ROTATE active (accum_rad=0.575, timed_fallback=False, stall_count=0)
[robot_supervisor-16] [INFO] [1777470481.564152874] [robot_3.robot_supervisor]: FULL ROTATE active (accum_rad=0.675, timed_fallback=False, stall_count=0)
[robot_supervisor-10] [INFO] [1777470481.609360104] [robot_1.robot_supervisor]: Selected controllable event: EV_random_walk
[robot_supervisor-16] [INFO] [1777470481.664184762] [robot_3.robot_supervisor]: FULL ROTATE active (accum_rad=0.775, timed_fallback=False, stall_count=0)
[robot_supervisor-7] [INFO] [1777470481.720573071] [robot_0.robot_supervisor]: Selected controllable event: EV_rotate_counterclockwise
[robot_supervisor-16] [INFO] [1777470481.764168522] [robot_3.robot_supervisor]: FULL ROTATE active (accum_rad=0.875, timed_fallback=False, stall_count=0)
[robot_supervisor-19] [INFO] [1777470481.791544089] [robot_4.robot_supervisor]: Selected controllable event: EV_rotate_clockwise
[robot_supervisor-16] [INFO] [1777470481.864427598] [robot_3.robot_supervisor]: FULL ROTATE active (accum_rad=0.975, timed_fallback=False, stall_count=0)
[robot_supervisor-10] [INFO] [1777470481.909831226] [robot_1.robot_supervisor]: Selected controllable event: EV_move_forward
[robot_supervisor-16] [INFO] [1777470481.964189909] [robot_3.robot_supervisor]: FULL ROTATE active (accum_rad=1.075, timed_fallback=False, stall_count=0)
[robot_supervisor-16] [INFO] [1777470482.064213911] [robot_3.robot_supervisor]: FULL ROTATE active (accum_rad=1.175, timed_fallback=False, stall_count=0)
[robot_supervisor-16] [INFO] [1777470482.164262519] [robot_3.robot_supervisor]: FULL ROTATE active (accum_rad=1.275, timed_fallback=False, stall_count=0)
[robot_supervisor-10] [INFO] [1777470482.209438287] [robot_1.robot_supervisor]: Selected controllable event: EV_random_walk
[robot_supervisor-16] [INFO] [1777470482.264243027] [robot_3.robot_supervisor]: FULL ROTATE active (accum_rad=1.375, timed_fallback=False, stall_count=0)
[robot_supervisor-16] [INFO] [1777470482.364275607] [robot_3.robot_supervisor]: FULL ROTATE active (accum_rad=1.475, timed_fallback=False, stall_count=0)
[robot_supervisor-16] [INFO] [1777470482.464248180] [robot_3.robot_supervisor]: FULL ROTATE active (accum_rad=1.575, timed_fallback=False, stall_count=0)
[robot_supervisor-10] [INFO] [1777470482.510426266] [robot_1.robot_supervisor]: Selected controllable event: EV_move_forward
[robot_supervisor-16] [INFO] [1777470482.564257868] [robot_3.robot_supervisor]: FULL ROTATE active (accum_rad=1.675, timed_fallback=False, stall_count=0)
[robot_supervisor-16] [INFO] [1777470482.664004940] [robot_3.robot_supervisor]: FULL ROTATE active (accum_rad=1.775, timed_fallback=False, stall_count=0)
[robot_supervisor-16] [INFO] [1777470482.764021512] [robot_3.robot_supervisor]: FULL ROTATE active (accum_rad=1.875, timed_fallback=False, stall_count=0)
[robot_supervisor-10] [INFO] [1777470482.810653618] [robot_1.robot_supervisor]: Selected controllable event: EV_random_walk
[robot_supervisor-16] [INFO] [1777470482.864249633] [robot_3.robot_supervisor]: FULL ROTATE active (accum_rad=1.975, timed_fallback=False, stall_count=0)
[robot_supervisor-16] [INFO] [1777470482.964466050] [robot_3.robot_supervisor]: FULL ROTATE active (accum_rad=2.075, timed_fallback=False, stall_count=0)
[robot_supervisor-16] [INFO] [1777470483.064570606] [robot_3.robot_supervisor]: FULL ROTATE active (accum_rad=2.175, timed_fallback=False, stall_count=0)
[robot_supervisor-10] [INFO] [1777470483.109551675] [robot_1.robot_supervisor]: Selected controllable event: EV_move_forward
[robot_supervisor-16] [INFO] [1777470483.164159840] [robot_3.robot_supervisor]: FULL ROTATE active (accum_rad=2.275, timed_fallback=False, stall_count=0)
[robot_supervisor-16] [INFO] [1777470483.264212356] [robot_3.robot_supervisor]: FULL ROTATE active (accum_rad=2.375, timed_fallback=False, stall_count=0)
[robot_supervisor-16] [INFO] [1777470483.364267351] [robot_3.robot_supervisor]: FULL ROTATE active (accum_rad=2.475, timed_fallback=False, stall_count=0)
[robot_supervisor-13] [INFO] [1777470483.398511027] [robot_2.robot_supervisor]: Selected controllable event: EV_full_rotate
[robot_supervisor-13] [INFO] [1777470483.398843633] [robot_2.robot_supervisor]: Starting FULL ROTATE (omega=1.000, have_odom=True, target_rad=3.142, timeout_s=3.500)
[robot_supervisor-10] [INFO] [1777470483.409188069] [robot_1.robot_supervisor]: Selected controllable event: EV_random_walk
[robot_supervisor-16] [INFO] [1777470483.463997452] [robot_3.robot_supervisor]: FULL ROTATE active (accum_rad=2.575, timed_fallback=False, stall_count=0)
[robot_supervisor-13] [INFO] [1777470483.498418517] [robot_2.robot_supervisor]: FULL ROTATE active (accum_rad=0.000, timed_fallback=False, stall_count=0)
[robot_supervisor-16] [INFO] [1777470483.564272030] [robot_3.robot_supervisor]: FULL ROTATE active (accum_rad=2.675, timed_fallback=False, stall_count=0)
[robot_supervisor-13] [INFO] [1777470483.598312043] [robot_2.robot_supervisor]: FULL ROTATE active (accum_rad=0.000, timed_fallback=False, stall_count=1)
[robot_supervisor-16] [INFO] [1777470483.664125209] [robot_3.robot_supervisor]: FULL ROTATE active (accum_rad=2.775, timed_fallback=False, stall_count=0)
[robot_supervisor-13] [INFO] [1777470483.698485882] [robot_2.robot_supervisor]: FULL ROTATE active (accum_rad=0.031, timed_fallback=False, stall_count=0)
[robot_supervisor-10] [INFO] [1777470483.709293867] [robot_1.robot_supervisor]: Selected controllable event: EV_move_forward
[robot_supervisor-16] [INFO] [1777470483.764012326] [robot_3.robot_supervisor]: FULL ROTATE active (accum_rad=2.875, timed_fallback=False, stall_count=0)
[robot_supervisor-13] [INFO] [1777470483.798629227] [robot_2.robot_supervisor]: FULL ROTATE active (accum_rad=0.091, timed_fallback=False, stall_count=0)
[image_processor-22] [INFO] [1777470483.802936077] [robot_1.image_processor]: Zone=CLEAR
[image_processor-24] [INFO] [1777470483.811346681] [robot_3.image_processor]: Zone=LEFT  left[p=0.723 near=2143 v=7650]  front[p=1.374 near=0 v=13500]  right[p=1.304 near=0 v=7740]
[robot_supervisor-16] [INFO] [1777470483.811895535] [robot_3.robot_supervisor]: Detected zone changed to LEFT
[robot_supervisor-7] [INFO] [1777470483.820918875] [robot_0.robot_supervisor]: Selected controllable event: EV_rotate_counterclockwise
[robot_supervisor-7] [INFO] [1777470483.821259000] [robot_0.robot_supervisor]: rotate_90 blocked by recent completion; stopping this tick
[image_processor-25] [INFO] [1777470483.823944079] [robot_4.image_processor]: Zone=CLEAR  left[p=2.985 near=0 v=5670]  front[p=2.774 near=0 v=8497]  right[p=2.082 near=0 v=5285]
[robot_supervisor-19] [INFO] [1777470483.824604929] [robot_4.robot_supervisor]: Detected zone changed to CLEAR
[image_processor-23] [INFO] [1777470483.833289429] [robot_2.image_processor]: Zone=CORNER  left[p=0.321 near=7650 v=7650]  front[p=0.246 near=13500 v=13500]  right[p=0.212 near=7740 v=7740]
[robot_supervisor-13] [INFO] [1777470483.833823866] [robot_2.robot_supervisor]: Detected zone changed to CORNER
[image_processor-21] [INFO] [1777470483.846891419] [robot_0.image_processor]: Zone=RIGHT
[robot_supervisor-16] [INFO] [1777470483.864244508] [robot_3.robot_supervisor]: FULL ROTATE active (accum_rad=2.975, timed_fallback=False, stall_count=0)
[robot_supervisor-19] [INFO] [1777470483.891292640] [robot_4.robot_supervisor]: Selected controllable event: EV_full_rotate
[robot_supervisor-19] [INFO] [1777470483.891683209] [robot_4.robot_supervisor]: Starting FULL ROTATE (omega=1.000, have_odom=True, target_rad=3.142, timeout_s=3.500)
[robot_supervisor-13] [INFO] [1777470483.898672594] [robot_2.robot_supervisor]: FULL ROTATE active (accum_rad=0.181, timed_fallback=False, stall_count=0)
[robot_supervisor-7] [INFO] [1777470483.920840090] [robot_0.robot_supervisor]: Selected controllable event: EV_rotate_counterclockwise
[robot_supervisor-7] [INFO] [1777470483.921204603] [robot_0.robot_supervisor]: rotate_90 blocked by recent completion; stopping this tick
[robot_supervisor-16] [INFO] [1777470483.964294145] [robot_3.robot_supervisor]: FULL ROTATE active (accum_rad=3.075, timed_fallback=False, stall_count=0)
[robot_supervisor-16] [INFO] [1777470483.964857785] [robot_3.robot_supervisor]: FULL ROTATE completed by odom (accum_rad=3.175)
[robot_supervisor-16] [INFO] [1777470483.965298800] [robot_3.robot_supervisor]: FULL ROTATE stopped; supervisor will select next event next tick
[robot_supervisor-19] [INFO] [1777470483.991294388] [robot_4.robot_supervisor]: FULL ROTATE active (accum_rad=0.000, timed_fallback=False, stall_count=0)
[robot_supervisor-13] [INFO] [1777470483.998455011] [robot_2.robot_supervisor]: FULL ROTATE active (accum_rad=0.281, timed_fallback=False, stall_count=0)
[robot_supervisor-10] [INFO] [1777470484.009512346] [robot_1.robot_supervisor]: Selected controllable event: EV_random_walk
[robot_supervisor-7] [INFO] [1777470484.020975531] [robot_0.robot_supervisor]: Selected controllable event: EV_rotate_counterclockwise
[robot_supervisor-7] [INFO] [1777470484.021346809] [robot_0.robot_supervisor]: rotate_90 blocked by recent completion; stopping this tick
[robot_supervisor-19] [INFO] [1777470484.091283939] [robot_4.robot_supervisor]: FULL ROTATE active (accum_rad=0.003, timed_fallback=False, stall_count=0)
[robot_supervisor-13] [INFO] [1777470484.098457822] [robot_2.robot_supervisor]: FULL ROTATE active (accum_rad=0.381, timed_fallback=False, stall_count=0)
[robot_supervisor-7] [INFO] [1777470484.120590684] [robot_0.robot_supervisor]: Selected controllable event: EV_rotate_counterclockwise
[robot_supervisor-19] [INFO] [1777470484.191143093] [robot_4.robot_supervisor]: FULL ROTATE active (accum_rad=0.037, timed_fallback=False, stall_count=0)
[robot_supervisor-13] [INFO] [1777470484.198572229] [robot_2.robot_supervisor]: FULL ROTATE active (accum_rad=0.481, timed_fallback=False, stall_count=0)
[robot_supervisor-19] [INFO] [1777470484.291161104] [robot_4.robot_supervisor]: FULL ROTATE active (accum_rad=0.100, timed_fallback=False, stall_count=0)
[robot_supervisor-13] [INFO] [1777470484.298627637] [robot_2.robot_supervisor]: FULL ROTATE active (accum_rad=0.581, timed_fallback=False, stall_count=0)
[robot_supervisor-16] [INFO] [1777470484.364347227] [robot_3.robot_supervisor]: Selected controllable event: EV_rotate_clockwise
[robot_supervisor-19] [INFO] [1777470484.391550235] [robot_4.robot_supervisor]: FULL ROTATE active (accum_rad=0.193, timed_fallback=False, stall_count=0)
[robot_supervisor-13] [INFO] [1777470484.398547830] [robot_2.robot_supervisor]: FULL ROTATE active (accum_rad=0.681, timed_fallback=False, stall_count=0)
[robot_supervisor-19] [INFO] [1777470484.491398643] [robot_4.robot_supervisor]: FULL ROTATE active (accum_rad=0.293, timed_fallback=False, stall_count=0)
[robot_supervisor-13] [INFO] [1777470484.498462479] [robot_2.robot_supervisor]: FULL ROTATE active (accum_rad=0.781, timed_fallback=False, stall_count=0)
[robot_supervisor-19] [INFO] [1777470484.591164883] [robot_4.robot_supervisor]: FULL ROTATE active (accum_rad=0.393, timed_fallback=False, stall_count=0)
[robot_supervisor-13] [INFO] [1777470484.598441594] [robot_2.robot_supervisor]: FULL ROTATE active (accum_rad=0.881, timed_fallback=False, stall_count=0)
[robot_supervisor-19] [INFO] [1777470484.691175616] [robot_4.robot_supervisor]: FULL ROTATE active (accum_rad=0.493, timed_fallback=False, stall_count=0)
[robot_supervisor-13] [INFO] [1777470484.698440513] [robot_2.robot_supervisor]: FULL ROTATE active (accum_rad=0.981, timed_fallback=False, stall_count=0)
[robot_supervisor-19] [INFO] [1777470484.791305253] [robot_4.robot_supervisor]: FULL ROTATE active (accum_rad=0.593, timed_fallback=False, stall_count=0)
[robot_supervisor-13] [INFO] [1777470484.798417565] [robot_2.robot_supervisor]: FULL ROTATE active (accum_rad=1.081, timed_fallback=False, stall_count=0)
[robot_supervisor-19] [INFO] [1777470484.891242069] [robot_4.robot_supervisor]: FULL ROTATE active (accum_rad=0.693, timed_fallback=False, stall_count=0)
[robot_supervisor-13] [INFO] [1777470484.898470622] [robot_2.robot_supervisor]: FULL ROTATE active (accum_rad=1.181, timed_fallback=False, stall_count=0)
[robot_supervisor-19] [INFO] [1777470484.991278684] [robot_4.robot_supervisor]: FULL ROTATE active (accum_rad=0.793, timed_fallback=False, stall_count=0)
[robot_supervisor-13] [INFO] [1777470484.998221603] [robot_2.robot_supervisor]: FULL ROTATE active (accum_rad=1.281, timed_fallback=False, stall_count=0)
[robot_supervisor-19] [INFO] [1777470485.091019578] [robot_4.robot_supervisor]: FULL ROTATE active (accum_rad=0.893, timed_fallback=False, stall_count=0)
[robot_supervisor-13] [INFO] [1777470485.098186470] [robot_2.robot_supervisor]: FULL ROTATE active (accum_rad=1.381, timed_fallback=False, stall_count=0)
[robot_supervisor-19] [INFO] [1777470485.191033024] [robot_4.robot_supervisor]: FULL ROTATE active (accum_rad=0.993, timed_fallback=False, stall_count=0)
[robot_supervisor-13] [INFO] [1777470485.198437696] [robot_2.robot_supervisor]: FULL ROTATE active (accum_rad=1.481, timed_fallback=False, stall_count=0)
[robot_supervisor-19] [INFO] [1777470485.291485955] [robot_4.robot_supervisor]: FULL ROTATE active (accum_rad=1.093, timed_fallback=False, stall_count=0)
[robot_supervisor-13] [INFO] [1777470485.298416465] [robot_2.robot_supervisor]: FULL ROTATE active (accum_rad=1.581, timed_fallback=False, stall_count=0)
[robot_supervisor-19] [INFO] [1777470485.391639111] [robot_4.robot_supervisor]: FULL ROTATE active (accum_rad=1.193, timed_fallback=False, stall_count=0)
[robot_supervisor-13] [INFO] [1777470485.398483618] [robot_2.robot_supervisor]: FULL ROTATE active (accum_rad=1.681, timed_fallback=False, stall_count=0)
[robot_supervisor-19] [INFO] [1777470485.491203148] [robot_4.robot_supervisor]: FULL ROTATE active (accum_rad=1.293, timed_fallback=False, stall_count=0)
[robot_supervisor-13] [INFO] [1777470485.498571582] [robot_2.robot_supervisor]: FULL ROTATE active (accum_rad=1.781, timed_fallback=False, stall_count=0)
[robot_supervisor-10] [INFO] [1777470485.509217888] [robot_1.robot_supervisor]: Selected controllable event: EV_move_forward
[robot_supervisor-19] [INFO] [1777470485.591256546] [robot_4.robot_supervisor]: FULL ROTATE active (accum_rad=1.393, timed_fallback=False, stall_count=0)
[robot_supervisor-13] [INFO] [1777470485.598397005] [robot_2.robot_supervisor]: FULL ROTATE active (accum_rad=1.881, timed_fallback=False, stall_count=0)
[robot_supervisor-19] [INFO] [1777470485.691013405] [robot_4.robot_supervisor]: FULL ROTATE active (accum_rad=1.493, timed_fallback=False, stall_count=0)
[robot_supervisor-13] [INFO] [1777470485.698502038] [robot_2.robot_supervisor]: FULL ROTATE active (accum_rad=1.981, timed_fallback=False, stall_count=0)
[robot_supervisor-19] [INFO] [1777470485.791241297] [robot_4.robot_supervisor]: FULL ROTATE active (accum_rad=1.593, timed_fallback=False, stall_count=0)
[robot_supervisor-13] [INFO] [1777470485.798623955] [robot_2.robot_supervisor]: FULL ROTATE active (accum_rad=2.081, timed_fallback=False, stall_count=0)
[robot_supervisor-10] [INFO] [1777470485.809319752] [robot_1.robot_supervisor]: Selected controllable event: EV_random_walk
[robot_supervisor-19] [INFO] [1777470485.891180444] [robot_4.robot_supervisor]: FULL ROTATE active (accum_rad=1.693, timed_fallback=False, stall_count=0)
[robot_supervisor-13] [INFO] [1777470485.898413646] [robot_2.robot_supervisor]: FULL ROTATE active (accum_rad=2.181, timed_fallback=False, stall_count=0)
[robot_supervisor-19] [INFO] [1777470485.991046881] [robot_4.robot_supervisor]: FULL ROTATE active (accum_rad=1.793, timed_fallback=False, stall_count=0)
[robot_supervisor-13] [INFO] [1777470485.998306355] [robot_2.robot_supervisor]: FULL ROTATE active (accum_rad=2.281, timed_fallback=False, stall_count=0)
[robot_supervisor-19] [INFO] [1777470486.091035722] [robot_4.robot_supervisor]: FULL ROTATE active (accum_rad=1.893, timed_fallback=False, stall_count=0)
[robot_supervisor-13] [INFO] [1777470486.098366262] [robot_2.robot_supervisor]: FULL ROTATE active (accum_rad=2.381, timed_fallback=False, stall_count=0)
[robot_supervisor-10] [INFO] [1777470486.109411629] [robot_1.robot_supervisor]: Selected controllable event: EV_move_forward
[robot_supervisor-19] [INFO] [1777470486.191112703] [robot_4.robot_supervisor]: FULL ROTATE active (accum_rad=1.993, timed_fallback=False, stall_count=0)
[robot_supervisor-13] [INFO] [1777470486.198586812] [robot_2.robot_supervisor]: FULL ROTATE active (accum_rad=2.481, timed_fallback=False, stall_count=0)
[robot_supervisor-7] [INFO] [1777470486.220900214] [robot_0.robot_supervisor]: Selected controllable event: EV_rotate_counterclockwise
[robot_supervisor-7] [INFO] [1777470486.221335852] [robot_0.robot_supervisor]: rotate_90 blocked by recent completion; stopping this tick
[robot_supervisor-19] [INFO] [1777470486.291264068] [robot_4.robot_supervisor]: FULL ROTATE active (accum_rad=2.093, timed_fallback=False, stall_count=0)
[robot_supervisor-13] [INFO] [1777470486.298423938] [robot_2.robot_supervisor]: FULL ROTATE active (accum_rad=2.581, timed_fallback=False, stall_count=0)
[image_processor-22] [INFO] [1777470486.306748509] [robot_1.image_processor]: Zone=CORNER  left[p=0.283 near=7650 v=7650]  front[p=0.406 near=10671 v=13500]  right[p=0.995 near=0 v=7740]
[robot_supervisor-10] [INFO] [1777470486.307472184] [robot_1.robot_supervisor]: Detected zone changed to CORNER
[image_processor-24] [INFO] [1777470486.318885936] [robot_3.image_processor]: Zone=RIGHT  left[p=1.218 near=0 v=7650]  front[p=1.638 near=0 v=13500]  right[p=0.492 near=6207 v=7740]
[robot_supervisor-16] [INFO] [1777470486.319608859] [robot_3.robot_supervisor]: Detected zone changed to RIGHT
[robot_supervisor-7] [INFO] [1777470486.320652728] [robot_0.robot_supervisor]: Selected controllable event: EV_rotate_counterclockwise
[robot_supervisor-7] [INFO] [1777470486.320885807] [robot_0.robot_supervisor]: rotate_90 blocked by recent completion; stopping this tick
[image_processor-25] [INFO] [1777470486.328051691] [robot_4.image_processor]: Zone=CORNER  left[p=0.881 near=59 v=7650]  front[p=0.571 near=9912 v=13500]  right[p=1.625 near=0 v=7605]
[robot_supervisor-19] [INFO] [1777470486.328707409] [robot_4.robot_supervisor]: Detected zone changed to CORNER
[image_processor-23] [INFO] [1777470486.349533534] [robot_2.image_processor]: Zone=CLEAR  left[p=0.985 near=7 v=4898]  front[p=2.749 near=0 v=8568]  right[p=2.130 near=0 v=7668]
[robot_supervisor-13] [INFO] [1777470486.350317476] [robot_2.robot_supervisor]: Detected zone changed to CLEAR
[image_processor-21] [INFO] [1777470486.363608109] [robot_0.image_processor]: Zone=CLEAR  left[p=1.903 near=0 v=7650]  front[p=2.634 near=0 v=10957]  right[p=3.043 near=0 v=5635]
[robot_supervisor-7] [INFO] [1777470486.364329569] [robot_0.robot_supervisor]: Detected zone changed to CLEAR
[robot_supervisor-19] [INFO] [1777470486.391396453] [robot_4.robot_supervisor]: FULL ROTATE active (accum_rad=2.193, timed_fallback=False, stall_count=0)
[robot_supervisor-13] [INFO] [1777470486.398627910] [robot_2.robot_supervisor]: FULL ROTATE active (accum_rad=2.681, timed_fallback=False, stall_count=0)
[robot_supervisor-10] [INFO] [1777470486.409675182] [robot_1.robot_supervisor]: Selected controllable event: EV_move_backward
[robot_supervisor-7] [INFO] [1777470486.420736613] [robot_0.robot_supervisor]: Selected controllable event: EV_move_forward
[robot_supervisor-19] [INFO] [1777470486.491042524] [robot_4.robot_supervisor]: FULL ROTATE active (accum_rad=2.293, timed_fallback=False, stall_count=0)
[robot_supervisor-13] [INFO] [1777470486.498512823] [robot_2.robot_supervisor]: FULL ROTATE active (accum_rad=2.781, timed_fallback=False, stall_count=0)
[robot_supervisor-16] [INFO] [1777470486.564341377] [robot_3.robot_supervisor]: Selected controllable event: EV_rotate_counterclockwise
[robot_supervisor-16] [INFO] [1777470486.564748817] [robot_3.robot_supervisor]: rotate_90 blocked by recent completion; stopping this tick
[robot_supervisor-19] [INFO] [1777470486.591266943] [robot_4.robot_supervisor]: FULL ROTATE active (accum_rad=2.393, timed_fallback=False, stall_count=0)
[robot_supervisor-13] [INFO] [1777470486.598430944] [robot_2.robot_supervisor]: FULL ROTATE active (accum_rad=2.881, timed_fallback=False, stall_count=0)
[robot_supervisor-16] [INFO] [1777470486.664244146] [robot_3.robot_supervisor]: Selected controllable event: EV_rotate_counterclockwise
[robot_supervisor-16] [INFO] [1777470486.664603986] [robot_3.robot_supervisor]: rotate_90 blocked by recent completion; stopping this tick
[robot_supervisor-19] [INFO] [1777470486.691221234] [robot_4.robot_supervisor]: FULL ROTATE active (accum_rad=2.493, timed_fallback=False, stall_count=0)
[robot_supervisor-13] [INFO] [1777470486.698495126] [robot_2.robot_supervisor]: FULL ROTATE active (accum_rad=2.981, timed_fallback=False, stall_count=0)
[robot_supervisor-7] [INFO] [1777470486.720639164] [robot_0.robot_supervisor]: Selected controllable event: EV_random_walk
[robot_supervisor-16] [INFO] [1777470486.764218306] [robot_3.robot_supervisor]: Selected controllable event: EV_rotate_counterclockwise
[robot_supervisor-19] [INFO] [1777470486.791464865] [robot_4.robot_supervisor]: FULL ROTATE active (accum_rad=2.593, timed_fallback=False, stall_count=0)
[robot_supervisor-13] [INFO] [1777470486.798452543] [robot_2.robot_supervisor]: FULL ROTATE active (accum_rad=3.081, timed_fallback=False, stall_count=0)
[robot_supervisor-13] [INFO] [1777470486.798900899] [robot_2.robot_supervisor]: FULL ROTATE completed by odom (accum_rad=3.181)
[robot_supervisor-13] [INFO] [1777470486.799333812] [robot_2.robot_supervisor]: FULL ROTATE stopped; supervisor will select next event next tick
[robot_supervisor-10] [INFO] [1777470486.809595597] [robot_1.robot_supervisor]: Selected controllable event: EV_rotate_clockwise
[robot_supervisor-19] [INFO] [1777470486.891099871] [robot_4.robot_supervisor]: FULL ROTATE active (accum_rad=2.693, timed_fallback=False, stall_count=0)
[robot_supervisor-19] [INFO] [1777470486.991045577] [robot_4.robot_supervisor]: FULL ROTATE active (accum_rad=2.793, timed_fallback=False, stall_count=0)
[robot_supervisor-19] [INFO] [1777470487.091261535] [robot_4.robot_supervisor]: FULL ROTATE active (accum_rad=2.893, timed_fallback=False, stall_count=0)
[robot_supervisor-13] [INFO] [1777470487.098509161] [robot_2.robot_supervisor]: Selected controllable event: EV_move_forward
[robot_supervisor-19] [INFO] [1777470487.191250219] [robot_4.robot_supervisor]: FULL ROTATE active (accum_rad=2.993, timed_fallback=False, stall_count=0)
[robot_supervisor-19] [INFO] [1777470487.291232271] [robot_4.robot_supervisor]: FULL ROTATE active (accum_rad=3.093, timed_fallback=False, stall_count=0)
[robot_supervisor-19] [INFO] [1777470487.291663614] [robot_4.robot_supervisor]: FULL ROTATE completed by odom (accum_rad=3.193)
[robot_supervisor-19] [INFO] [1777470487.292036211] [robot_4.robot_supervisor]: FULL ROTATE stopped; supervisor will select next event next tick
[robot_supervisor-13] [INFO] [1777470487.398529300] [robot_2.robot_supervisor]: Selected controllable event: EV_random_walk
[robot_supervisor-19] [INFO] [1777470487.691499409] [robot_4.robot_supervisor]: Selected controllable event: EV_move_backward
[robot_supervisor-19] [INFO] [1777470488.091268802] [robot_4.robot_supervisor]: Selected controllable event: EV_rotate_clockwise
[robot_supervisor-7] [INFO] [1777470488.220607601] [robot_0.robot_supervisor]: Selected controllable event: EV_move_forward
[robot_supervisor-7] [INFO] [1777470488.520621770] [robot_0.robot_supervisor]: Selected controllable event: EV_random_walk
[image_processor-22] [INFO] [1777470488.801036476] [robot_1.image_processor]: Zone=CORNER
[image_processor-24] [INFO] [1777470488.817504482] [robot_3.image_processor]: Zone=LEFT  left[p=0.642 near=5945 v=7650]  front[p=1.004 near=0 v=13500]  right[p=1.135 near=0 v=7740]
[robot_supervisor-16] [INFO] [1777470488.818504095] [robot_3.robot_supervisor]: Detected zone changed to LEFT
[image_processor-25] [INFO] [1777470488.833923603] [robot_4.image_processor]: Zone=CORNER
[image_processor-23] [INFO] [1777470488.851440019] [robot_2.image_processor]: Zone=LEFT  left[p=0.571 near=4544 v=7028]  front[p=0.699 near=1095 v=7782]  right[p=2.818 near=125 v=4999]
[robot_supervisor-13] [INFO] [1777470488.852173759] [robot_2.robot_supervisor]: Detected zone changed to LEFT
[robot_supervisor-16] [INFO] [1777470488.864393041] [robot_3.robot_supervisor]: Selected controllable event: EV_rotate_clockwise
[robot_supervisor-16] [INFO] [1777470488.864845055] [robot_3.robot_supervisor]: rotate_90 blocked by recent completion; stopping this tick
[image_processor-21] [INFO] [1777470488.866297971] [robot_0.image_processor]: Zone=CLEAR
[robot_supervisor-13] [INFO] [1777470488.898661643] [robot_2.robot_supervisor]: Selected controllable event: EV_rotate_clockwise
[robot_supervisor-10] [INFO] [1777470488.909584942] [robot_1.robot_supervisor]: Selected controllable event: EV_full_rotate
[robot_supervisor-10] [INFO] [1777470488.909970649] [robot_1.robot_supervisor]: Starting FULL ROTATE (omega=1.000, have_odom=True, target_rad=3.142, timeout_s=3.500)
[robot_supervisor-16] [INFO] [1777470488.964161987] [robot_3.robot_supervisor]: Selected controllable event: EV_rotate_clockwise
[robot_supervisor-16] [INFO] [1777470488.964463519] [robot_3.robot_supervisor]: rotate_90 blocked by recent completion; stopping this tick
[robot_supervisor-10] [INFO] [1777470489.009523644] [robot_1.robot_supervisor]: FULL ROTATE active (accum_rad=0.000, timed_fallback=False, stall_count=0)
[robot_supervisor-16] [INFO] [1777470489.064249180] [robot_3.robot_supervisor]: Selected controllable event: EV_rotate_clockwise
[robot_supervisor-16] [INFO] [1777470489.064683078] [robot_3.robot_supervisor]: rotate_90 blocked by recent completion; stopping this tick
[robot_supervisor-10] [INFO] [1777470489.109320443] [robot_1.robot_supervisor]: FULL ROTATE active (accum_rad=0.002, timed_fallback=False, stall_count=0)
[robot_supervisor-16] [INFO] [1777470489.164252835] [robot_3.robot_supervisor]: Selected controllable event: EV_rotate_clockwise
[robot_supervisor-10] [INFO] [1777470489.209589925] [robot_1.robot_supervisor]: FULL ROTATE active (accum_rad=0.030, timed_fallback=False, stall_count=0)
[robot_supervisor-10] [INFO] [1777470489.309699254] [robot_1.robot_supervisor]: FULL ROTATE active (accum_rad=0.087, timed_fallback=False, stall_count=0)
[robot_supervisor-10] [INFO] [1777470489.409479866] [robot_1.robot_supervisor]: FULL ROTATE active (accum_rad=0.175, timed_fallback=False, stall_count=0)
[robot_supervisor-10] [INFO] [1777470489.509533358] [robot_1.robot_supervisor]: FULL ROTATE active (accum_rad=0.275, timed_fallback=False, stall_count=0)
[robot_supervisor-10] [INFO] [1777470489.609118931] [robot_1.robot_supervisor]: FULL ROTATE active (accum_rad=0.375, timed_fallback=False, stall_count=0)
[robot_supervisor-10] [INFO] [1777470489.709565916] [robot_1.robot_supervisor]: FULL ROTATE active (accum_rad=0.475, timed_fallback=False, stall_count=0)
[robot_supervisor-10] [INFO] [1777470489.809436366] [robot_1.robot_supervisor]: FULL ROTATE active (accum_rad=0.575, timed_fallback=False, stall_count=0)
[robot_supervisor-10] [INFO] [1777470489.909628721] [robot_1.robot_supervisor]: FULL ROTATE active (accum_rad=0.675, timed_fallback=False, stall_count=0)
[robot_supervisor-10] [INFO] [1777470490.009344252] [robot_1.robot_supervisor]: FULL ROTATE active (accum_rad=0.775, timed_fallback=False, stall_count=0)
[robot_supervisor-7] [INFO] [1777470490.020772420] [robot_0.robot_supervisor]: Selected controllable event: EV_move_forward
[robot_supervisor-10] [INFO] [1777470490.109541071] [robot_1.robot_supervisor]: FULL ROTATE active (accum_rad=0.875, timed_fallback=False, stall_count=0)
[robot_supervisor-10] [INFO] [1777470490.209449858] [robot_1.robot_supervisor]: FULL ROTATE active (accum_rad=0.975, timed_fallback=False, stall_count=0)
[robot_supervisor-19] [INFO] [1777470490.291540118] [robot_4.robot_supervisor]: Selected controllable event: EV_full_rotate
[robot_supervisor-19] [INFO] [1777470490.292136225] [robot_4.robot_supervisor]: Starting FULL ROTATE (omega=1.000, have_odom=True, target_rad=3.142, timeout_s=3.500)
[robot_supervisor-10] [INFO] [1777470490.309495063] [robot_1.robot_supervisor]: FULL ROTATE active (accum_rad=1.075, timed_fallback=False, stall_count=0)
[robot_supervisor-7] [INFO] [1777470490.320718890] [robot_0.robot_supervisor]: Selected controllable event: EV_random_walk
[robot_supervisor-19] [INFO] [1777470490.391515267] [robot_4.robot_supervisor]: FULL ROTATE active (accum_rad=0.000, timed_fallback=False, stall_count=0)
[robot_supervisor-10] [INFO] [1777470490.409421902] [robot_1.robot_supervisor]: FULL ROTATE active (accum_rad=1.175, timed_fallback=False, stall_count=0)
[robot_supervisor-19] [INFO] [1777470490.491291499] [robot_4.robot_supervisor]: FULL ROTATE active (accum_rad=0.013, timed_fallback=False, stall_count=0)
[robot_supervisor-10] [INFO] [1777470490.509222597] [robot_1.robot_supervisor]: FULL ROTATE active (accum_rad=1.275, timed_fallback=False, stall_count=0)
[robot_supervisor-19] [INFO] [1777470490.591053857] [robot_4.robot_supervisor]: FULL ROTATE active (accum_rad=0.057, timed_fallback=False, stall_count=0)
[robot_supervisor-10] [INFO] [1777470490.609388505] [robot_1.robot_supervisor]: FULL ROTATE active (accum_rad=1.375, timed_fallback=False, stall_count=0)
[robot_supervisor-7] [INFO] [1777470490.620539018] [robot_0.robot_supervisor]: Selected controllable event: EV_move_forward
[robot_supervisor-19] [INFO] [1777470490.691258065] [robot_4.robot_supervisor]: FULL ROTATE active (accum_rad=0.130, timed_fallback=False, stall_count=0)
[robot_supervisor-10] [INFO] [1777470490.709337561] [robot_1.robot_supervisor]: FULL ROTATE active (accum_rad=1.475, timed_fallback=False, stall_count=0)
[robot_supervisor-19] [INFO] [1777470490.791461935] [robot_4.robot_supervisor]: FULL ROTATE active (accum_rad=0.228, timed_fallback=False, stall_count=0)
[robot_supervisor-10] [INFO] [1777470490.809480914] [robot_1.robot_supervisor]: FULL ROTATE active (accum_rad=1.575, timed_fallback=False, stall_count=0)
[robot_supervisor-19] [INFO] [1777470490.891508837] [robot_4.robot_supervisor]: FULL ROTATE active (accum_rad=0.328, timed_fallback=False, stall_count=0)
[robot_supervisor-10] [INFO] [1777470490.909836050] [robot_1.robot_supervisor]: FULL ROTATE active (accum_rad=1.675, timed_fallback=False, stall_count=0)
[robot_supervisor-7] [INFO] [1777470490.920832613] [robot_0.robot_supervisor]: Selected controllable event: EV_random_walk
[robot_supervisor-19] [INFO] [1777470490.991420832] [robot_4.robot_supervisor]: FULL ROTATE active (accum_rad=0.428, timed_fallback=False, stall_count=0)
[robot_supervisor-10] [INFO] [1777470491.009331993] [robot_1.robot_supervisor]: FULL ROTATE active (accum_rad=1.775, timed_fallback=False, stall_count=0)
[robot_supervisor-19] [INFO] [1777470491.091490085] [robot_4.robot_supervisor]: FULL ROTATE active (accum_rad=0.528, timed_fallback=False, stall_count=0)
[robot_supervisor-13] [INFO] [1777470491.098542393] [robot_2.robot_supervisor]: Selected controllable event: EV_rotate_clockwise
[robot_supervisor-13] [INFO] [1777470491.098758390] [robot_2.robot_supervisor]: rotate_90 blocked by recent completion; stopping this tick
[robot_supervisor-10] [INFO] [1777470491.109434429] [robot_1.robot_supervisor]: FULL ROTATE active (accum_rad=1.875, timed_fallback=False, stall_count=0)
[robot_supervisor-19] [INFO] [1777470491.191281094] [robot_4.robot_supervisor]: FULL ROTATE active (accum_rad=0.628, timed_fallback=False, stall_count=0)
[robot_supervisor-13] [INFO] [1777470491.198362108] [robot_2.robot_supervisor]: Selected controllable event: EV_rotate_clockwise
[robot_supervisor-13] [INFO] [1777470491.198529713] [robot_2.robot_supervisor]: rotate_90 blocked by recent completion; stopping this tick
[robot_supervisor-10] [INFO] [1777470491.209426788] [robot_1.robot_supervisor]: FULL ROTATE active (accum_rad=1.975, timed_fallback=False, stall_count=0)
[robot_supervisor-16] [INFO] [1777470491.264572550] [robot_3.robot_supervisor]: Selected controllable event: EV_rotate_clockwise
[robot_supervisor-16] [INFO] [1777470491.264990921] [robot_3.robot_supervisor]: rotate_90 blocked by recent completion; stopping this tick
[robot_supervisor-19] [INFO] [1777470491.291358888] [robot_4.robot_supervisor]: FULL ROTATE active (accum_rad=0.728, timed_fallback=False, stall_count=0)
[robot_supervisor-13] [INFO] [1777470491.298387631] [robot_2.robot_supervisor]: Selected controllable event: EV_rotate_clockwise
[robot_supervisor-13] [INFO] [1777470491.298555322] [robot_2.robot_supervisor]: rotate_90 blocked by recent completion; stopping this tick
[image_processor-22] [INFO] [1777470491.303525835] [robot_1.image_processor]: Zone=CORNER
[robot_supervisor-10] [INFO] [1777470491.309268209] [robot_1.robot_supervisor]: FULL ROTATE active (accum_rad=2.075, timed_fallback=False, stall_count=0)
[image_processor-24] [INFO] [1777470491.313901849] [robot_3.image_processor]: Zone=RIGHT  left[p=1.257 near=0 v=7650]  front[p=1.630 near=6 v=13500]  right[p=0.478 near=7414 v=7740]
[robot_supervisor-16] [INFO] [1777470491.314703083] [robot_3.robot_supervisor]: Detected zone changed to RIGHT
[image_processor-25] [INFO] [1777470491.324945225] [robot_4.image_processor]: Zone=CORNER
[image_processor-23] [INFO] [1777470491.344514012] [robot_2.image_processor]: Zone=LEFT
[image_processor-21] [INFO] [1777470491.359060800] [robot_0.image_processor]: Zone=CLEAR
[robot_supervisor-16] [INFO] [1777470491.364340009] [robot_3.robot_supervisor]: Selected controllable event: EV_rotate_counterclockwise
[robot_supervisor-16] [INFO] [1777470491.364701245] [robot_3.robot_supervisor]: rotate_90 blocked by recent completion; stopping this tick
[robot_supervisor-19] [INFO] [1777470491.391034433] [robot_4.robot_supervisor]: FULL ROTATE active (accum_rad=0.828, timed_fallback=False, stall_count=0)
[robot_supervisor-13] [INFO] [1777470491.398353382] [robot_2.robot_supervisor]: Selected controllable event: EV_rotate_clockwise
[robot_supervisor-10] [INFO] [1777470491.409471322] [robot_1.robot_supervisor]: FULL ROTATE active (accum_rad=2.175, timed_fallback=False, stall_count=0)
[robot_supervisor-16] [INFO] [1777470491.464295229] [robot_3.robot_supervisor]: Selected controllable event: EV_rotate_counterclockwise
[robot_supervisor-16] [INFO] [1777470491.464613320] [robot_3.robot_supervisor]: rotate_90 blocked by recent completion; stopping this tick
[robot_supervisor-19] [INFO] [1777470491.491235687] [robot_4.robot_supervisor]: FULL ROTATE active (accum_rad=0.928, timed_fallback=False, stall_count=0)
[robot_supervisor-10] [INFO] [1777470491.509682239] [robot_1.robot_supervisor]: FULL ROTATE active (accum_rad=2.275, timed_fallback=False, stall_count=0)
[robot_supervisor-16] [INFO] [1777470491.564460649] [robot_3.robot_supervisor]: Selected controllable event: EV_rotate_counterclockwise
[robot_supervisor-19] [INFO] [1777470491.591231971] [robot_4.robot_supervisor]: FULL ROTATE active (accum_rad=1.028, timed_fallback=False, stall_count=0)
[robot_supervisor-10] [INFO] [1777470491.609592167] [robot_1.robot_supervisor]: FULL ROTATE active (accum_rad=2.375, timed_fallback=False, stall_count=0)
[robot_supervisor-19] [INFO] [1777470491.691308147] [robot_4.robot_supervisor]: FULL ROTATE active (accum_rad=1.128, timed_fallback=False, stall_count=0)
[robot_supervisor-10] [INFO] [1777470491.709430280] [robot_1.robot_supervisor]: FULL ROTATE active (accum_rad=2.475, timed_fallback=False, stall_count=0)
[robot_supervisor-19] [INFO] [1777470491.791290438] [robot_4.robot_supervisor]: FULL ROTATE active (accum_rad=1.228, timed_fallback=False, stall_count=0)
[robot_supervisor-10] [INFO] [1777470491.809442391] [robot_1.robot_supervisor]: FULL ROTATE active (accum_rad=2.575, timed_fallback=False, stall_count=0)
[robot_supervisor-19] [INFO] [1777470491.891265478] [robot_4.robot_supervisor]: FULL ROTATE active (accum_rad=1.328, timed_fallback=False, stall_count=0)
[robot_supervisor-10] [INFO] [1777470491.909447771] [robot_1.robot_supervisor]: FULL ROTATE active (accum_rad=2.675, timed_fallback=False, stall_count=0)
[robot_supervisor-19] [INFO] [1777470491.991261375] [robot_4.robot_supervisor]: FULL ROTATE active (accum_rad=1.428, timed_fallback=False, stall_count=0)
[robot_supervisor-10] [INFO] [1777470492.009479718] [robot_1.robot_supervisor]: FULL ROTATE active (accum_rad=2.775, timed_fallback=False, stall_count=0)
[robot_supervisor-19] [INFO] [1777470492.091013957] [robot_4.robot_supervisor]: FULL ROTATE active (accum_rad=1.528, timed_fallback=False, stall_count=0)
[robot_supervisor-10] [INFO] [1777470492.109528921] [robot_1.robot_supervisor]: FULL ROTATE active (accum_rad=2.875, timed_fallback=False, stall_count=0)
[robot_supervisor-19] [INFO] [1777470492.191183392] [robot_4.robot_supervisor]: FULL ROTATE active (accum_rad=1.628, timed_fallback=False, stall_count=0)
[robot_supervisor-10] [INFO] [1777470492.209357993] [robot_1.robot_supervisor]: FULL ROTATE active (accum_rad=2.975, timed_fallback=False, stall_count=0)
[robot_supervisor-19] [INFO] [1777470492.291295967] [robot_4.robot_supervisor]: FULL ROTATE active (accum_rad=1.728, timed_fallback=False, stall_count=0)
[robot_supervisor-10] [INFO] [1777470492.309551358] [robot_1.robot_supervisor]: FULL ROTATE active (accum_rad=3.075, timed_fallback=False, stall_count=0)
[robot_supervisor-10] [INFO] [1777470492.310244075] [robot_1.robot_supervisor]: FULL ROTATE completed by odom (accum_rad=3.175)
[robot_supervisor-10] [INFO] [1777470492.310735522] [robot_1.robot_supervisor]: FULL ROTATE stopped; supervisor will select next event next tick
[robot_supervisor-19] [INFO] [1777470492.391135622] [robot_4.robot_supervisor]: FULL ROTATE active (accum_rad=1.828, timed_fallback=False, stall_count=0)
[robot_supervisor-7] [INFO] [1777470492.420805522] [robot_0.robot_supervisor]: Selected controllable event: EV_move_forward
[robot_supervisor-19] [INFO] [1777470492.491261409] [robot_4.robot_supervisor]: FULL ROTATE active (accum_rad=1.928, timed_fallback=False, stall_count=0)
[robot_supervisor-19] [INFO] [1777470492.591274915] [robot_4.robot_supervisor]: FULL ROTATE active (accum_rad=2.028, timed_fallback=False, stall_count=0)
[robot_supervisor-19] [INFO] [1777470492.691239790] [robot_4.robot_supervisor]: FULL ROTATE active (accum_rad=2.128, timed_fallback=False, stall_count=0)
[robot_supervisor-10] [INFO] [1777470492.709505741] [robot_1.robot_supervisor]: Selected controllable event: EV_move_backward
[robot_supervisor-7] [INFO] [1777470492.720832601] [robot_0.robot_supervisor]: Selected controllable event: EV_random_walk
[robot_supervisor-19] [INFO] [1777470492.791008642] [robot_4.robot_supervisor]: FULL ROTATE active (accum_rad=2.228, timed_fallback=False, stall_count=0)
[robot_supervisor-19] [INFO] [1777470492.891228930] [robot_4.robot_supervisor]: FULL ROTATE active (accum_rad=2.328, timed_fallback=False, stall_count=0)
[robot_supervisor-19] [INFO] [1777470492.991095762] [robot_4.robot_supervisor]: FULL ROTATE active (accum_rad=2.428, timed_fallback=False, stall_count=0)
[robot_supervisor-7] [INFO] [1777470493.020826541] [robot_0.robot_supervisor]: Selected controllable event: EV_move_forward
[robot_supervisor-19] [INFO] [1777470493.091082417] [robot_4.robot_supervisor]: FULL ROTATE active (accum_rad=2.528, timed_fallback=False, stall_count=0)
[robot_supervisor-10] [INFO] [1777470493.109560145] [robot_1.robot_supervisor]: Selected controllable event: EV_rotate_clockwise
[robot_supervisor-19] [INFO] [1777470493.191363311] [robot_4.robot_supervisor]: FULL ROTATE active (accum_rad=2.628, timed_fallback=False, stall_count=0)
[robot_supervisor-19] [INFO] [1777470493.291368890] [robot_4.robot_supervisor]: FULL ROTATE active (accum_rad=2.728, timed_fallback=False, stall_count=0)
[robot_supervisor-7] [INFO] [1777470493.320929890] [robot_0.robot_supervisor]: Selected controllable event: EV_random_walk
[robot_supervisor-19] [INFO] [1777470493.391217772] [robot_4.robot_supervisor]: FULL ROTATE active (accum_rad=2.828, timed_fallback=False, stall_count=0)
[robot_supervisor-19] [INFO] [1777470493.491311722] [robot_4.robot_supervisor]: FULL ROTATE active (accum_rad=2.928, timed_fallback=False, stall_count=0)
[robot_supervisor-13] [INFO] [1777470493.498772730] [robot_2.robot_supervisor]: Selected controllable event: EV_rotate_clockwise
[robot_supervisor-13] [INFO] [1777470493.499135851] [robot_2.robot_supervisor]: rotate_90 blocked by recent completion; stopping this tick
[robot_supervisor-19] [INFO] [1777470493.591480039] [robot_4.robot_supervisor]: FULL ROTATE active (accum_rad=3.028, timed_fallback=False, stall_count=0)
[robot_supervisor-13] [INFO] [1777470493.598622057] [robot_2.robot_supervisor]: Selected controllable event: EV_rotate_clockwise
[robot_supervisor-13] [INFO] [1777470493.598937866] [robot_2.robot_supervisor]: rotate_90 blocked by recent completion; stopping this tick
[robot_supervisor-19] [INFO] [1777470493.691292409] [robot_4.robot_supervisor]: FULL ROTATE active (accum_rad=3.128, timed_fallback=False, stall_count=0)
[robot_supervisor-19] [INFO] [1777470493.691762320] [robot_4.robot_supervisor]: FULL ROTATE completed by odom (accum_rad=3.228)
[robot_supervisor-19] [INFO] [1777470493.692079558] [robot_4.robot_supervisor]: FULL ROTATE stopped; supervisor will select next event next tick
[robot_supervisor-13] [INFO] [1777470493.698532389] [robot_2.robot_supervisor]: Selected controllable event: EV_rotate_clockwise
[robot_supervisor-13] [INFO] [1777470493.698895985] [robot_2.robot_supervisor]: rotate_90 blocked by recent completion; stopping this tick
[robot_supervisor-16] [INFO] [1777470493.764301322] [robot_3.robot_supervisor]: Selected controllable event: EV_rotate_counterclockwise
[robot_supervisor-16] [INFO] [1777470493.764666856] [robot_3.robot_supervisor]: rotate_90 blocked by recent completion; stopping this tick
[robot_supervisor-13] [INFO] [1777470493.798585396] [robot_2.robot_supervisor]: Selected controllable event: EV_rotate_clockwise
[image_processor-22] [INFO] [1777470493.804667932] [robot_1.image_processor]: Zone=CORNER
[image_processor-24] [INFO] [1777470493.812063491] [robot_3.image_processor]: Zone=LEFT  left[p=0.641 near=6115 v=7650]  front[p=0.977 near=0 v=13500]  right[p=1.129 near=0 v=7740]
[robot_supervisor-16] [INFO] [1777470493.812737739] [robot_3.robot_supervisor]: Detected zone changed to LEFT
[image_processor-25] [INFO] [1777470493.829776045] [robot_4.image_processor]: Zone=CLEAR  left[p=0.844 near=301 v=7520]  front[p=2.660 near=0 v=13443]  right[p=1.520 near=0 v=7740]
[robot_supervisor-19] [INFO] [1777470493.830324113] [robot_4.robot_supervisor]: Detected zone changed to CLEAR
[image_processor-23] [INFO] [1777470493.843622040] [robot_2.image_processor]: Zone=CORNER  left[p=1.149 near=0 v=7650]  front[p=0.783 near=2145 v=13500]  right[p=0.646 near=7740 v=7740]
[robot_supervisor-13] [INFO] [1777470493.844221338] [robot_2.robot_supervisor]: Detected zone changed to CORNER
[robot_supervisor-16] [INFO] [1777470493.864158760] [robot_3.robot_supervisor]: Selected controllable event: EV_rotate_clockwise
[robot_supervisor-16] [INFO] [1777470493.864400032] [robot_3.robot_supervisor]: rotate_90 blocked by recent completion; stopping this tick
[image_processor-21] [INFO] [1777470493.865549783] [robot_0.image_processor]: Zone=CLEAR
[robot_supervisor-16] [INFO] [1777470493.964522762] [robot_3.robot_supervisor]: Selected controllable event: EV_rotate_clockwise
[robot_supervisor-19] [INFO] [1777470493.991301118] [robot_4.robot_supervisor]: Selected controllable event: EV_move_forward
[robot_supervisor-19] [INFO] [1777470494.291169493] [robot_4.robot_supervisor]: Selected controllable event: EV_random_walk
[robot_supervisor-19] [INFO] [1777470494.591117461] [robot_4.robot_supervisor]: Selected controllable event: EV_move_forward
[robot_supervisor-7] [INFO] [1777470494.820891614] [robot_0.robot_supervisor]: Selected controllable event: EV_move_forward
[robot_supervisor-19] [INFO] [1777470494.891237357] [robot_4.robot_supervisor]: Selected controllable event: EV_random_walk
[robot_supervisor-7] [INFO] [1777470495.120790608] [robot_0.robot_supervisor]: Selected controllable event: EV_random_walk
[robot_supervisor-19] [INFO] [1777470495.191537395] [robot_4.robot_supervisor]: Selected controllable event: EV_move_forward
[robot_supervisor-10] [INFO] [1777470495.309764706] [robot_1.robot_supervisor]: Selected controllable event: EV_full_rotate
[robot_supervisor-10] [INFO] [1777470495.310173143] [robot_1.robot_supervisor]: Starting FULL ROTATE (omega=1.000, have_odom=True, target_rad=3.142, timeout_s=3.500)
[robot_supervisor-10] [INFO] [1777470495.409422624] [robot_1.robot_supervisor]: FULL ROTATE active (accum_rad=0.000, timed_fallback=False, stall_count=0)
[robot_supervisor-7] [INFO] [1777470495.420807545] [robot_0.robot_supervisor]: Selected controllable event: EV_move_forward
[robot_supervisor-19] [INFO] [1777470495.491191510] [robot_4.robot_supervisor]: Selected controllable event: EV_random_walk
[bump_counter-3] [INFO] [1777470495.508689382] [bump_counter]: [global] bump #17 (robot) with: robot_0<->robot_4
[robot_supervisor-10] [INFO] [1777470495.509617837] [robot_1.robot_supervisor]: FULL ROTATE active (accum_rad=0.008, timed_fallback=False, stall_count=0)
[robot_supervisor-10] [INFO] [1777470495.609400562] [robot_1.robot_supervisor]: FULL ROTATE active (accum_rad=0.046, timed_fallback=False, stall_count=0)
[robot_supervisor-10] [INFO] [1777470495.709430235] [robot_1.robot_supervisor]: FULL ROTATE active (accum_rad=0.113, timed_fallback=False, stall_count=0)
[robot_supervisor-7] [INFO] [1777470495.720885425] [robot_0.robot_supervisor]: Selected controllable event: EV_random_walk
[robot_supervisor-10] [INFO] [1777470495.809418385] [robot_1.robot_supervisor]: FULL ROTATE active (accum_rad=0.208, timed_fallback=False, stall_count=0)
[robot_supervisor-13] [INFO] [1777470495.898594304] [robot_2.robot_supervisor]: Selected controllable event: EV_move_backward
[robot_supervisor-10] [INFO] [1777470495.909404107] [robot_1.robot_supervisor]: FULL ROTATE active (accum_rad=0.308, timed_fallback=False, stall_count=0)
[robot_supervisor-10] [INFO] [1777470496.009355690] [robot_1.robot_supervisor]: FULL ROTATE active (accum_rad=0.408, timed_fallback=False, stall_count=0)
[robot_supervisor-16] [INFO] [1777470496.064678212] [robot_3.robot_supervisor]: Selected controllable event: EV_rotate_clockwise
[robot_supervisor-16] [INFO] [1777470496.065191215] [robot_3.robot_supervisor]: rotate_90 blocked by recent completion; stopping this tick
[robot_supervisor-10] [INFO] [1777470496.109451801] [robot_1.robot_supervisor]: FULL ROTATE active (accum_rad=0.508, timed_fallback=False, stall_count=0)
[robot_supervisor-16] [INFO] [1777470496.164302027] [robot_3.robot_supervisor]: Selected controllable event: EV_rotate_clockwise
[robot_supervisor-16] [INFO] [1777470496.164571198] [robot_3.robot_supervisor]: rotate_90 blocked by recent completion; stopping this tick
[robot_supervisor-10] [INFO] [1777470496.209167976] [robot_1.robot_supervisor]: FULL ROTATE active (accum_rad=0.608, timed_fallback=False, stall_count=0)
[robot_supervisor-16] [INFO] [1777470496.264321690] [robot_3.robot_supervisor]: Selected controllable event: EV_rotate_clockwise
[robot_supervisor-16] [INFO] [1777470496.264681095] [robot_3.robot_supervisor]: rotate_90 blocked by recent completion; stopping this tick
[robot_supervisor-13] [INFO] [1777470496.298364890] [robot_2.robot_supervisor]: Selected controllable event: EV_rotate_clockwise
[image_processor-22] [INFO] [1777470496.302868094] [robot_1.image_processor]: Zone=CORNER
[robot_supervisor-10] [INFO] [1777470496.309381769] [robot_1.robot_supervisor]: FULL ROTATE active (accum_rad=0.708, timed_fallback=False, stall_count=0)
[image_processor-25] [INFO] [1777470496.323650688] [robot_4.image_processor]: Zone=CLEAR
[image_processor-23] [INFO] [1777470496.333356314] [robot_2.image_processor]: Zone=CORNER
[image_processor-21] [INFO] [1777470496.348576589] [robot_0.image_processor]: Zone=CLEAR
[robot_supervisor-16] [INFO] [1777470496.364403026] [robot_3.robot_supervisor]: Selected controllable event: EV_rotate_clockwise
[robot_supervisor-10] [INFO] [1777470496.409389955] [robot_1.robot_supervisor]: FULL ROTATE active (accum_rad=0.808, timed_fallback=False, stall_count=0)
[image_processor-24] [INFO] [1777470496.412181078] [robot_3.image_processor]: Zone=RIGHT  left[p=1.256 near=0 v=7650]  front[p=1.630 near=4 v=13500]  right[p=0.479 near=7396 v=7740]
[robot_supervisor-16] [INFO] [1777470496.413008701] [robot_3.robot_supervisor]: Detected zone changed to RIGHT
[robot_supervisor-10] [INFO] [1777470496.509415038] [robot_1.robot_supervisor]: FULL ROTATE active (accum_rad=0.908, timed_fallback=False, stall_count=0)
[robot_supervisor-10] [INFO] [1777470496.609416400] [robot_1.robot_supervisor]: FULL ROTATE active (accum_rad=1.008, timed_fallback=False, stall_count=0)
[robot_supervisor-10] [INFO] [1777470496.709447631] [robot_1.robot_supervisor]: FULL ROTATE active (accum_rad=1.108, timed_fallback=False, stall_count=0)
[robot_supervisor-10] [INFO] [1777470496.809479897] [robot_1.robot_supervisor]: FULL ROTATE active (accum_rad=1.208, timed_fallback=False, stall_count=0)
[robot_supervisor-10] [INFO] [1777470496.909438674] [robot_1.robot_supervisor]: FULL ROTATE active (accum_rad=1.308, timed_fallback=False, stall_count=0)
[robot_supervisor-19] [INFO] [1777470496.991335926] [robot_4.robot_supervisor]: Selected controllable event: EV_move_forward
[robot_supervisor-10] [INFO] [1777470497.009494523] [robot_1.robot_supervisor]: FULL ROTATE active (accum_rad=1.408, timed_fallback=False, stall_count=0)
[robot_supervisor-10] [INFO] [1777470497.109367848] [robot_1.robot_supervisor]: FULL ROTATE active (accum_rad=1.508, timed_fallback=False, stall_count=0)
[robot_supervisor-10] [INFO] [1777470497.209180434] [robot_1.robot_supervisor]: FULL ROTATE active (accum_rad=1.608, timed_fallback=False, stall_count=0)
[robot_supervisor-7] [INFO] [1777470497.220809257] [robot_0.robot_supervisor]: Selected controllable event: EV_move_forward
[robot_supervisor-19] [INFO] [1777470497.291534048] [robot_4.robot_supervisor]: Selected controllable event: EV_random_walk
[robot_supervisor-10] [INFO] [1777470497.309327730] [robot_1.robot_supervisor]: FULL ROTATE active (accum_rad=1.708, timed_fallback=False, stall_count=0)
[robot_supervisor-10] [INFO] [1777470497.409324268] [robot_1.robot_supervisor]: FULL ROTATE active (accum_rad=1.808, timed_fallback=False, stall_count=0)
[robot_supervisor-10] [INFO] [1777470497.509360072] [robot_1.robot_supervisor]: FULL ROTATE active (accum_rad=1.908, timed_fallback=False, stall_count=0)
[robot_supervisor-7] [INFO] [1777470497.520806551] [robot_0.robot_supervisor]: Selected controllable event: EV_random_walk
[robot_supervisor-10] [INFO] [1777470497.609572639] [robot_1.robot_supervisor]: FULL ROTATE active (accum_rad=2.008, timed_fallback=False, stall_count=0)
[robot_supervisor-10] [INFO] [1777470497.709601584] [robot_1.robot_supervisor]: FULL ROTATE active (accum_rad=2.108, timed_fallback=False, stall_count=0)
[robot_supervisor-10] [INFO] [1777470497.809529983] [robot_1.robot_supervisor]: FULL ROTATE active (accum_rad=2.208, timed_fallback=False, stall_count=0)
[robot_supervisor-10] [INFO] [1777470497.909797230] [robot_1.robot_supervisor]: FULL ROTATE active (accum_rad=2.308, timed_fallback=False, stall_count=0)
[robot_supervisor-10] [INFO] [1777470498.009633951] [robot_1.robot_supervisor]: FULL ROTATE active (accum_rad=2.408, timed_fallback=False, stall_count=0)
[robot_supervisor-10] [INFO] [1777470498.109383311] [robot_1.robot_supervisor]: FULL ROTATE active (accum_rad=2.508, timed_fallback=False, stall_count=0)
[robot_supervisor-7] [INFO] [1777470498.121013345] [robot_0.robot_supervisor]: Selected controllable event: EV_move_forward
[robot_supervisor-10] [INFO] [1777470498.209536323] [robot_1.robot_supervisor]: FULL ROTATE active (accum_rad=2.608, timed_fallback=False, stall_count=0)
[robot_supervisor-10] [INFO] [1777470498.309713688] [robot_1.robot_supervisor]: FULL ROTATE active (accum_rad=2.708, timed_fallback=False, stall_count=0)
[robot_supervisor-13] [INFO] [1777470498.398704853] [robot_2.robot_supervisor]: Selected controllable event: EV_full_rotate
[robot_supervisor-13] [INFO] [1777470498.399120235] [robot_2.robot_supervisor]: Starting FULL ROTATE (omega=1.000, have_odom=True, target_rad=3.142, timeout_s=3.500)
[robot_supervisor-10] [INFO] [1777470498.409695423] [robot_1.robot_supervisor]: FULL ROTATE active (accum_rad=2.808, timed_fallback=False, stall_count=0)
[robot_supervisor-7] [INFO] [1777470498.420797209] [robot_0.robot_supervisor]: Selected controllable event: EV_random_walk
[robot_supervisor-16] [INFO] [1777470498.464303078] [robot_3.robot_supervisor]: Selected controllable event: EV_rotate_counterclockwise
[robot_supervisor-16] [INFO] [1777470498.464630031] [robot_3.robot_supervisor]: rotate_90 blocked by recent completion; stopping this tick
[robot_supervisor-13] [INFO] [1777470498.498621814] [robot_2.robot_supervisor]: FULL ROTATE active (accum_rad=0.000, timed_fallback=False, stall_count=0)
[robot_supervisor-10] [INFO] [1777470498.509441528] [robot_1.robot_supervisor]: FULL ROTATE active (accum_rad=2.908, timed_fallback=False, stall_count=0)
[robot_supervisor-16] [INFO] [1777470498.564656862] [robot_3.robot_supervisor]: Selected controllable event: EV_rotate_counterclockwise
[robot_supervisor-16] [INFO] [1777470498.565142616] [robot_3.robot_supervisor]: rotate_90 blocked by recent completion; stopping this tick
[robot_supervisor-13] [INFO] [1777470498.598515156] [robot_2.robot_supervisor]: FULL ROTATE active (accum_rad=0.000, timed_fallback=False, stall_count=1)
[robot_supervisor-10] [INFO] [1777470498.609439283] [robot_1.robot_supervisor]: FULL ROTATE active (accum_rad=3.008, timed_fallback=False, stall_count=0)
[robot_supervisor-16] [INFO] [1777470498.664626927] [robot_3.robot_supervisor]: Selected controllable event: EV_rotate_counterclockwise
[robot_supervisor-16] [INFO] [1777470498.665117249] [robot_3.robot_supervisor]: rotate_90 blocked by recent completion; stopping this tick
[robot_supervisor-13] [INFO] [1777470498.698869705] [robot_2.robot_supervisor]: FULL ROTATE active (accum_rad=0.031, timed_fallback=False, stall_count=0)
[robot_supervisor-10] [INFO] [1777470498.709238486] [robot_1.robot_supervisor]: FULL ROTATE active (accum_rad=3.108, timed_fallback=False, stall_count=0)
[robot_supervisor-10] [INFO] [1777470498.709546370] [robot_1.robot_supervisor]: FULL ROTATE completed by odom (accum_rad=3.208)
[robot_supervisor-10] [INFO] [1777470498.709731435] [robot_1.robot_supervisor]: FULL ROTATE stopped; supervisor will select next event next tick
[robot_supervisor-16] [INFO] [1777470498.764191623] [robot_3.robot_supervisor]: Selected controllable event: EV_rotate_counterclockwise
[robot_supervisor-19] [INFO] [1777470498.791434943] [robot_4.robot_supervisor]: Selected controllable event: EV_move_forward
[robot_supervisor-13] [INFO] [1777470498.798494362] [robot_2.robot_supervisor]: FULL ROTATE active (accum_rad=0.091, timed_fallback=False, stall_count=0)
[image_processor-22] [INFO] [1777470498.812844843] [robot_1.image_processor]: Zone=CLEAR  left[p=1.876 near=0 v=7399]  front[p=2.613 near=0 v=9413]  right[p=2.876 near=0 v=4643]
[robot_supervisor-10] [INFO] [1777470498.813563442] [robot_1.robot_supervisor]: Detected zone changed to CLEAR
[image_processor-24] [INFO] [1777470498.834034756] [robot_3.image_processor]: Zone=CORNER  left[p=0.433 near=7650 v=7650]  front[p=0.553 near=10535 v=13500]  right[p=0.954 near=0 v=5591]
[robot_supervisor-16] [INFO] [1777470498.835029164] [robot_3.robot_supervisor]: Detected zone changed to CORNER
[image_processor-25] [INFO] [1777470498.848762916] [robot_4.image_processor]: Zone=LEFT  left[p=0.412 near=996 v=7650]  front[p=1.132 near=0 v=13500]  right[p=1.114 near=0 v=7740]
[robot_supervisor-19] [INFO] [1777470498.849604882] [robot_4.robot_supervisor]: Detected zone changed to LEFT
[image_processor-23] [INFO] [1777470498.859052776] [robot_2.image_processor]: Zone=LEFT  left[p=0.517 near=6744 v=7581]  front[p=2.818 near=0 v=8038]  right[p=2.818 near=0 v=5119]
[robot_supervisor-13] [INFO] [1777470498.859776345] [robot_2.robot_supervisor]: Detected zone changed to LEFT
[image_processor-21] [INFO] [1777470498.868432865] [robot_0.image_processor]: Zone=LEFT  left[p=0.545 near=7650 v=7650]  front[p=0.737 near=3193 v=13500]  right[p=1.635 near=0 v=7664]
[robot_supervisor-7] [INFO] [1777470498.869451477] [robot_0.robot_supervisor]: Detected zone changed to LEFT
[robot_supervisor-13] [INFO] [1777470498.898534809] [robot_2.robot_supervisor]: FULL ROTATE active (accum_rad=0.181, timed_fallback=False, stall_count=0)
[robot_supervisor-13] [INFO] [1777470498.998544696] [robot_2.robot_supervisor]: FULL ROTATE active (accum_rad=0.281, timed_fallback=False, stall_count=0)
[robot_supervisor-10] [INFO] [1777470499.009602290] [robot_1.robot_supervisor]: Selected controllable event: EV_move_forward
[robot_supervisor-19] [INFO] [1777470499.091318195] [robot_4.robot_supervisor]: Selected controllable event: EV_rotate_clockwise
[robot_supervisor-13] [INFO] [1777470499.098507309] [robot_2.robot_supervisor]: FULL ROTATE active (accum_rad=0.381, timed_fallback=False, stall_count=0)
[robot_supervisor-13] [INFO] [1777470499.198328785] [robot_2.robot_supervisor]: FULL ROTATE active (accum_rad=0.481, timed_fallback=False, stall_count=0)
[robot_supervisor-13] [INFO] [1777470499.298331615] [robot_2.robot_supervisor]: FULL ROTATE active (accum_rad=0.581, timed_fallback=False, stall_count=0)
[robot_supervisor-10] [INFO] [1777470499.309530397] [robot_1.robot_supervisor]: Selected controllable event: EV_random_walk
[robot_supervisor-13] [INFO] [1777470499.398299991] [robot_2.robot_supervisor]: FULL ROTATE active (accum_rad=0.681, timed_fallback=False, stall_count=0)
[robot_supervisor-13] [INFO] [1777470499.498344749] [robot_2.robot_supervisor]: FULL ROTATE active (accum_rad=0.781, timed_fallback=False, stall_count=0)
[robot_supervisor-13] [INFO] [1777470499.598445987] [robot_2.robot_supervisor]: FULL ROTATE active (accum_rad=0.881, timed_fallback=False, stall_count=0)
[robot_supervisor-10] [INFO] [1777470499.609400101] [robot_1.robot_supervisor]: Selected controllable event: EV_move_forward
[robot_supervisor-13] [INFO] [1777470499.698292891] [robot_2.robot_supervisor]: FULL ROTATE active (accum_rad=0.981, timed_fallback=False, stall_count=0)
[robot_supervisor-13] [INFO] [1777470499.798417988] [robot_2.robot_supervisor]: FULL ROTATE active (accum_rad=1.081, timed_fallback=False, stall_count=0)
[robot_supervisor-13] [INFO] [1777470499.898628483] [robot_2.robot_supervisor]: FULL ROTATE active (accum_rad=1.181, timed_fallback=False, stall_count=0)
[robot_supervisor-10] [INFO] [1777470499.909381934] [robot_1.robot_supervisor]: Selected controllable event: EV_random_walk
[robot_supervisor-7] [INFO] [1777470499.920821780] [robot_0.robot_supervisor]: Selected controllable event: EV_rotate_clockwise
[robot_supervisor-13] [INFO] [1777470499.998493572] [robot_2.robot_supervisor]: FULL ROTATE active (accum_rad=1.281, timed_fallback=False, stall_count=0)
[robot_supervisor-13] [INFO] [1777470500.098463016] [robot_2.robot_supervisor]: FULL ROTATE active (accum_rad=1.381, timed_fallback=False, stall_count=0)
[robot_supervisor-13] [INFO] [1777470500.198620766] [robot_2.robot_supervisor]: FULL ROTATE active (accum_rad=1.481, timed_fallback=False, stall_count=0)
[robot_supervisor-13] [INFO] [1777470500.298527876] [robot_2.robot_supervisor]: FULL ROTATE active (accum_rad=1.581, timed_fallback=False, stall_count=0)
[robot_supervisor-13] [INFO] [1777470500.398441953] [robot_2.robot_supervisor]: FULL ROTATE active (accum_rad=1.681, timed_fallback=False, stall_count=0)
[robot_supervisor-13] [INFO] [1777470500.498274883] [robot_2.robot_supervisor]: FULL ROTATE active (accum_rad=1.781, timed_fallback=False, stall_count=0)
[robot_supervisor-13] [INFO] [1777470500.598507142] [robot_2.robot_supervisor]: FULL ROTATE active (accum_rad=1.881, timed_fallback=False, stall_count=0)
[robot_supervisor-13] [INFO] [1777470500.698531512] [robot_2.robot_supervisor]: FULL ROTATE active (accum_rad=1.981, timed_fallback=False, stall_count=0)
[robot_supervisor-13] [INFO] [1777470500.798531697] [robot_2.robot_supervisor]: FULL ROTATE active (accum_rad=2.081, timed_fallback=False, stall_count=0)
[robot_supervisor-13] [INFO] [1777470500.898577581] [robot_2.robot_supervisor]: FULL ROTATE active (accum_rad=2.181, timed_fallback=False, stall_count=0)
[robot_supervisor-16] [INFO] [1777470500.964355681] [robot_3.robot_supervisor]: Selected controllable event: EV_move_backward
[robot_supervisor-13] [INFO] [1777470500.998429709] [robot_2.robot_supervisor]: FULL ROTATE active (accum_rad=2.281, timed_fallback=False, stall_count=0)
[robot_supervisor-13] [INFO] [1777470501.098490498] [robot_2.robot_supervisor]: FULL ROTATE active (accum_rad=2.381, timed_fallback=False, stall_count=0)
[robot_supervisor-19] [INFO] [1777470501.191331118] [robot_4.robot_supervisor]: Selected controllable event: EV_rotate_clockwise
[robot_supervisor-19] [INFO] [1777470501.191689930] [robot_4.robot_supervisor]: rotate_90 blocked by recent completion; stopping this tick
[robot_supervisor-13] [INFO] [1777470501.198688402] [robot_2.robot_supervisor]: FULL ROTATE active (accum_rad=2.481, timed_fallback=False, stall_count=0)
[robot_supervisor-19] [INFO] [1777470501.291141498] [robot_4.robot_supervisor]: Selected controllable event: EV_rotate_clockwise
[robot_supervisor-19] [INFO] [1777470501.291393913] [robot_4.robot_supervisor]: rotate_90 blocked by recent completion; stopping this tick
[robot_supervisor-13] [INFO] [1777470501.298546556] [robot_2.robot_supervisor]: FULL ROTATE active (accum_rad=2.581, timed_fallback=False, stall_count=0)
[image_processor-22] [INFO] [1777470501.319825225] [robot_1.image_processor]: Zone=CLEAR
[image_processor-24] [INFO] [1777470501.334613312] [robot_3.image_processor]: Zone=RIGHT  left[p=1.256 near=0 v=7650]  front[p=1.630 near=3 v=13500]  right[p=0.478 near=7394 v=7740]
[robot_supervisor-16] [INFO] [1777470501.335471571] [robot_3.robot_supervisor]: Detected zone changed to RIGHT
[image_processor-25] [INFO] [1777470501.347862601] [robot_4.image_processor]: Zone=LEFT
[image_processor-23] [INFO] [1777470501.362526688] [robot_2.image_processor]: Zone=CORNER  left[p=0.645 near=7650 v=7650]  front[p=0.782 near=2208 v=13500]  right[p=1.149 near=0 v=7740]
[robot_supervisor-13] [INFO] [1777470501.363393368] [robot_2.robot_supervisor]: Detected zone changed to CORNER
[robot_supervisor-16] [INFO] [1777470501.364624843] [robot_3.robot_supervisor]: Selected controllable event: EV_rotate_clockwise
[image_processor-21] [INFO] [1777470501.378917074] [robot_0.image_processor]: Zone=LEFT
[robot_supervisor-19] [INFO] [1777470501.391385511] [robot_4.robot_supervisor]: Selected controllable event: EV_rotate_clockwise
[robot_supervisor-19] [INFO] [1777470501.391572441] [robot_4.robot_supervisor]: rotate_90 blocked by recent completion; stopping this tick
[robot_supervisor-13] [INFO] [1777470501.398639763] [robot_2.robot_supervisor]: FULL ROTATE active (accum_rad=2.681, timed_fallback=False, stall_count=0)
[robot_supervisor-10] [INFO] [1777470501.409561833] [robot_1.robot_supervisor]: Selected controllable event: EV_move_forward
[robot_supervisor-19] [INFO] [1777470501.491190776] [robot_4.robot_supervisor]: Selected controllable event: EV_rotate_clockwise
[robot_supervisor-13] [INFO] [1777470501.498511115] [robot_2.robot_supervisor]: FULL ROTATE active (accum_rad=2.781, timed_fallback=False, stall_count=0)
[robot_supervisor-13] [INFO] [1777470501.598339154] [robot_2.robot_supervisor]: FULL ROTATE active (accum_rad=2.881, timed_fallback=False, stall_count=0)
[robot_supervisor-13] [INFO] [1777470501.698360550] [robot_2.robot_supervisor]: FULL ROTATE active (accum_rad=2.981, timed_fallback=False, stall_count=0)
[robot_supervisor-10] [INFO] [1777470501.709441872] [robot_1.robot_supervisor]: Selected controllable event: EV_random_walk
[robot_supervisor-13] [INFO] [1777470501.798493753] [robot_2.robot_supervisor]: FULL ROTATE active (accum_rad=3.081, timed_fallback=False, stall_count=0)
[robot_supervisor-13] [INFO] [1777470501.798940695] [robot_2.robot_supervisor]: FULL ROTATE completed by odom (accum_rad=3.181)
[robot_supervisor-13] [INFO] [1777470501.799329891] [robot_2.robot_supervisor]: FULL ROTATE stopped; supervisor will select next event next tick
[robot_supervisor-7] [INFO] [1777470501.921058201] [robot_0.robot_supervisor]: Selected controllable event: EV_rotate_clockwise
[robot_supervisor-7] [INFO] [1777470501.921554122] [robot_0.robot_supervisor]: rotate_90 blocked by recent completion; stopping this tick
[robot_supervisor-10] [INFO] [1777470502.009283309] [robot_1.robot_supervisor]: Selected controllable event: EV_move_forward
[robot_supervisor-7] [INFO] [1777470502.020638611] [robot_0.robot_supervisor]: Selected controllable event: EV_rotate_clockwise
[robot_supervisor-7] [INFO] [1777470502.020822043] [robot_0.robot_supervisor]: rotate_90 blocked by recent completion; stopping this tick
[robot_supervisor-13] [INFO] [1777470502.098386876] [robot_2.robot_supervisor]: Selected controllable event: EV_move_backward
[robot_supervisor-7] [INFO] [1777470502.120630722] [robot_0.robot_supervisor]: Selected controllable event: EV_rotate_clockwise
[robot_supervisor-7] [INFO] [1777470502.120846810] [robot_0.robot_supervisor]: rotate_90 blocked by recent completion; stopping this tick
[robot_supervisor-7] [INFO] [1777470502.221006127] [robot_0.robot_supervisor]: Selected controllable event: EV_rotate_clockwise
[robot_supervisor-10] [INFO] [1777470502.309226841] [robot_1.robot_supervisor]: Selected controllable event: EV_random_walk
[robot_supervisor-13] [INFO] [1777470502.498768925] [robot_2.robot_supervisor]: Selected controllable event: EV_rotate_clockwise
[robot_supervisor-16] [INFO] [1777470503.564523125] [robot_3.robot_supervisor]: Selected controllable event: EV_rotate_counterclockwise
[robot_supervisor-16] [INFO] [1777470503.564915844] [robot_3.robot_supervisor]: rotate_90 blocked by recent completion; stopping this tick
[robot_supervisor-19] [INFO] [1777470503.591500033] [robot_4.robot_supervisor]: Selected controllable event: EV_rotate_clockwise
[robot_supervisor-19] [INFO] [1777470503.591874560] [robot_4.robot_supervisor]: rotate_90 blocked by recent completion; stopping this tick
[robot_supervisor-16] [INFO] [1777470503.664291274] [robot_3.robot_supervisor]: Selected controllable event: EV_rotate_counterclockwise
[robot_supervisor-16] [INFO] [1777470503.664650880] [robot_3.robot_supervisor]: rotate_90 blocked by recent completion; stopping this tick
[robot_supervisor-19] [INFO] [1777470503.691503255] [robot_4.robot_supervisor]: Selected controllable event: EV_rotate_clockwise
[robot_supervisor-19] [INFO] [1777470503.691973544] [robot_4.robot_supervisor]: rotate_90 blocked by recent completion; stopping this tick
[robot_supervisor-16] [INFO] [1777470503.764286334] [robot_3.robot_supervisor]: Selected controllable event: EV_rotate_counterclockwise
[robot_supervisor-19] [INFO] [1777470503.791284104] [robot_4.robot_supervisor]: Selected controllable event: EV_rotate_clockwise
[robot_supervisor-19] [INFO] [1777470503.791647445] [robot_4.robot_supervisor]: rotate_90 blocked by recent completion; stopping this tick
[image_processor-22] [INFO] [1777470503.809344047] [robot_1.image_processor]: Zone=CLEAR
[robot_supervisor-10] [INFO] [1777470503.809415914] [robot_1.robot_supervisor]: Selected controllable event: EV_move_forward
[image_processor-24] [INFO] [1777470503.835877967] [robot_3.image_processor]: Zone=CORNER  left[p=0.432 near=7650 v=7650]  front[p=0.553 near=10558 v=13500]  right[p=0.953 near=0 v=5596]
[robot_supervisor-16] [INFO] [1777470503.836444430] [robot_3.robot_supervisor]: Detected zone changed to CORNER
[image_processor-25] [INFO] [1777470503.853363522] [robot_4.image_processor]: Zone=LEFT
[image_processor-23] [INFO] [1777470503.861869471] [robot_2.image_processor]: Zone=RIGHT  left[p=0.633 near=6575 v=7650]  front[p=0.899 near=0 v=13500]  right[p=0.513 near=1547 v=7690]
[robot_supervisor-13] [INFO] [1777470503.862725658] [robot_2.robot_supervisor]: Detected zone changed to RIGHT
[image_processor-21] [INFO] [1777470503.880020467] [robot_0.image_processor]: Zone=CLEAR  left[p=2.826 near=133 v=4941]  front[p=2.507 near=0 v=10144]  right[p=1.558 near=0 v=7740]
[robot_supervisor-7] [INFO] [1777470503.880705651] [robot_0.robot_supervisor]: Detected zone changed to CLEAR
[robot_supervisor-19] [INFO] [1777470503.891422007] [robot_4.robot_supervisor]: Selected controllable event: EV_rotate_clockwise
[robot_supervisor-10] [INFO] [1777470504.109497714] [robot_1.robot_supervisor]: Selected controllable event: EV_random_walk
[robot_supervisor-7] [INFO] [1777470504.320919545] [robot_0.robot_supervisor]: Selected controllable event: EV_move_forward
[robot_supervisor-13] [INFO] [1777470504.598828825] [robot_2.robot_supervisor]: Selected controllable event: EV_full_rotate
[robot_supervisor-13] [INFO] [1777470504.599334257] [robot_2.robot_supervisor]: Starting FULL ROTATE (omega=1.000, have_odom=True, target_rad=3.142, timeout_s=3.500)
[robot_supervisor-7] [INFO] [1777470504.620810516] [robot_0.robot_supervisor]: Selected controllable event: EV_random_walk
[robot_supervisor-13] [INFO] [1777470504.698500631] [robot_2.robot_supervisor]: FULL ROTATE active (accum_rad=0.000, timed_fallback=False, stall_count=0)
[robot_supervisor-13] [INFO] [1777470504.798738822] [robot_2.robot_supervisor]: FULL ROTATE active (accum_rad=0.000, timed_fallback=False, stall_count=1)
[robot_supervisor-13] [INFO] [1777470504.898658615] [robot_2.robot_supervisor]: FULL ROTATE active (accum_rad=0.031, timed_fallback=False, stall_count=0)
[robot_supervisor-13] [INFO] [1777470504.998439583] [robot_2.robot_supervisor]: FULL ROTATE active (accum_rad=0.091, timed_fallback=False, stall_count=0)
[robot_supervisor-13] [INFO] [1777470505.098356514] [robot_2.robot_supervisor]: FULL ROTATE active (accum_rad=0.181, timed_fallback=False, stall_count=0)
[robot_supervisor-13] [INFO] [1777470505.198499356] [robot_2.robot_supervisor]: FULL ROTATE active (accum_rad=0.281, timed_fallback=False, stall_count=0)
[robot_supervisor-13] [INFO] [1777470505.298853614] [robot_2.robot_supervisor]: FULL ROTATE active (accum_rad=0.381, timed_fallback=False, stall_count=0)
[robot_supervisor-10] [INFO] [1777470505.309323995] [robot_1.robot_supervisor]: Selected controllable event: EV_move_forward
[robot_supervisor-13] [INFO] [1777470505.398356899] [robot_2.robot_supervisor]: FULL ROTATE active (accum_rad=0.481, timed_fallback=False, stall_count=0)
[robot_supervisor-13] [INFO] [1777470505.498583955] [robot_2.robot_supervisor]: FULL ROTATE active (accum_rad=0.581, timed_fallback=False, stall_count=0)
[robot_supervisor-13] [INFO] [1777470505.598499281] [robot_2.robot_supervisor]: FULL ROTATE active (accum_rad=0.681, timed_fallback=False, stall_count=0)
[robot_supervisor-10] [INFO] [1777470505.609476264] [robot_1.robot_supervisor]: Selected controllable event: EV_random_walk
[robot_supervisor-13] [INFO] [1777470505.698481841] [robot_2.robot_supervisor]: FULL ROTATE active (accum_rad=0.781, timed_fallback=False, stall_count=0)
[robot_supervisor-13] [INFO] [1777470505.798530231] [robot_2.robot_supervisor]: FULL ROTATE active (accum_rad=0.881, timed_fallback=False, stall_count=0)
[robot_supervisor-13] [INFO] [1777470505.898484540] [robot_2.robot_supervisor]: FULL ROTATE active (accum_rad=0.981, timed_fallback=False, stall_count=0)
[robot_supervisor-10] [INFO] [1777470505.909452106] [robot_1.robot_supervisor]: Selected controllable event: EV_move_forward
[robot_supervisor-16] [INFO] [1777470505.964269644] [robot_3.robot_supervisor]: Selected controllable event: EV_move_backward
[robot_supervisor-13] [INFO] [1777470505.998476338] [robot_2.robot_supervisor]: FULL ROTATE active (accum_rad=1.081, timed_fallback=False, stall_count=0)
[robot_supervisor-19] [INFO] [1777470506.091723283] [robot_4.robot_supervisor]: Selected controllable event: EV_rotate_clockwise
[robot_supervisor-19] [INFO] [1777470506.092087486] [robot_4.robot_supervisor]: rotate_90 blocked by recent completion; stopping this tick
[robot_supervisor-13] [INFO] [1777470506.098276449] [robot_2.robot_supervisor]: FULL ROTATE active (accum_rad=1.181, timed_fallback=False, stall_count=0)
[robot_supervisor-7] [INFO] [1777470506.120872660] [robot_0.robot_supervisor]: Selected controllable event: EV_move_forward
[robot_supervisor-19] [INFO] [1777470506.191306125] [robot_4.robot_supervisor]: Selected controllable event: EV_rotate_clockwise
[robot_supervisor-19] [INFO] [1777470506.191663875] [robot_4.robot_supervisor]: rotate_90 blocked by recent completion; stopping this tick
[robot_supervisor-13] [INFO] [1777470506.198231263] [robot_2.robot_supervisor]: FULL ROTATE active (accum_rad=1.281, timed_fallback=False, stall_count=0)
[robot_supervisor-10] [INFO] [1777470506.209539863] [robot_1.robot_supervisor]: Selected controllable event: EV_random_walk
[robot_supervisor-19] [INFO] [1777470506.291415800] [robot_4.robot_supervisor]: Selected controllable event: EV_rotate_clockwise
[robot_supervisor-13] [INFO] [1777470506.298269501] [robot_2.robot_supervisor]: FULL ROTATE active (accum_rad=1.381, timed_fallback=False, stall_count=0)
[image_processor-22] [INFO] [1777470506.301621547] [robot_1.image_processor]: Zone=CLEAR
[image_processor-24] [INFO] [1777470506.311891378] [robot_3.image_processor]: Zone=RIGHT  left[p=1.256 near=0 v=7650]  front[p=1.629 near=3 v=13500]  right[p=0.478 near=7391 v=7740]
[robot_supervisor-16] [INFO] [1777470506.312551390] [robot_3.robot_supervisor]: Detected zone changed to RIGHT
[image_processor-25] [INFO] [1777470506.323575983] [robot_4.image_processor]: Zone=RIGHT  left[p=2.226 near=0 v=7650]  front[p=2.050 near=167 v=13500]  right[p=0.522 near=1173 v=7740]
[robot_supervisor-19] [INFO] [1777470506.324055830] [robot_4.robot_supervisor]: Detected zone changed to RIGHT
[image_processor-23] [INFO] [1777470506.334811018] [robot_2.image_processor]: Zone=CORNER  left[p=0.743 near=6226 v=7650]  front[p=0.783 near=3107 v=13500]  right[p=0.841 near=0 v=7740]
[robot_supervisor-13] [INFO] [1777470506.335321557] [robot_2.robot_supervisor]: Detected zone changed to CORNER
[image_processor-21] [INFO] [1777470506.343479644] [robot_0.image_processor]: Zone=CLEAR
[robot_supervisor-16] [INFO] [1777470506.364029014] [robot_3.robot_supervisor]: Selected controllable event: EV_rotate_clockwise
[robot_supervisor-13] [INFO] [1777470506.398511993] [robot_2.robot_supervisor]: FULL ROTATE active (accum_rad=1.481, timed_fallback=False, stall_count=0)
[robot_supervisor-7] [INFO] [1777470506.420829287] [robot_0.robot_supervisor]: Selected controllable event: EV_random_walk
[robot_supervisor-13] [INFO] [1777470506.498599209] [robot_2.robot_supervisor]: FULL ROTATE active (accum_rad=1.581, timed_fallback=False, stall_count=0)
[robot_supervisor-13] [INFO] [1777470506.598453450] [robot_2.robot_supervisor]: FULL ROTATE active (accum_rad=1.681, timed_fallback=False, stall_count=0)
[robot_supervisor-13] [INFO] [1777470506.698483398] [robot_2.robot_supervisor]: FULL ROTATE active (accum_rad=1.781, timed_fallback=False, stall_count=0)
[robot_supervisor-7] [INFO] [1777470506.720744094] [robot_0.robot_supervisor]: Selected controllable event: EV_move_forward
[robot_supervisor-13] [INFO] [1777470506.798529599] [robot_2.robot_supervisor]: FULL ROTATE active (accum_rad=1.881, timed_fallback=False, stall_count=0)
[robot_supervisor-10] [INFO] [1777470506.809599480] [robot_1.robot_supervisor]: Selected controllable event: EV_move_forward
[robot_supervisor-13] [INFO] [1777470506.898458391] [robot_2.robot_supervisor]: FULL ROTATE active (accum_rad=1.981, timed_fallback=False, stall_count=0)
[robot_supervisor-13] [INFO] [1777470506.998483777] [robot_2.robot_supervisor]: FULL ROTATE active (accum_rad=2.081, timed_fallback=False, stall_count=0)
[robot_supervisor-7] [INFO] [1777470507.020916363] [robot_0.robot_supervisor]: Selected controllable event: EV_random_walk
[robot_supervisor-13] [INFO] [1777470507.098239480] [robot_2.robot_supervisor]: FULL ROTATE active (accum_rad=2.181, timed_fallback=False, stall_count=0)
[robot_supervisor-10] [INFO] [1777470507.109416432] [robot_1.robot_supervisor]: Selected controllable event: EV_random_walk
[robot_supervisor-13] [INFO] [1777470507.198274829] [robot_2.robot_supervisor]: FULL ROTATE active (accum_rad=2.281, timed_fallback=False, stall_count=0)
[robot_supervisor-13] [INFO] [1777470507.298735786] [robot_2.robot_supervisor]: FULL ROTATE active (accum_rad=2.381, timed_fallback=False, stall_count=0)
[robot_supervisor-7] [INFO] [1777470507.320643185] [robot_0.robot_supervisor]: Selected controllable event: EV_move_forward
[robot_supervisor-13] [INFO] [1777470507.398738404] [robot_2.robot_supervisor]: FULL ROTATE active (accum_rad=2.481, timed_fallback=False, stall_count=0)
[robot_supervisor-10] [INFO] [1777470507.409474878] [robot_1.robot_supervisor]: Selected controllable event: EV_move_forward
[robot_supervisor-13] [INFO] [1777470507.498675270] [robot_2.robot_supervisor]: FULL ROTATE active (accum_rad=2.581, timed_fallback=False, stall_count=0)
[robot_supervisor-13] [INFO] [1777470507.598783832] [robot_2.robot_supervisor]: FULL ROTATE active (accum_rad=2.681, timed_fallback=False, stall_count=0)
[robot_supervisor-7] [INFO] [1777470507.620603881] [robot_0.robot_supervisor]: Selected controllable event: EV_random_walk
[robot_supervisor-13] [INFO] [1777470507.698385235] [robot_2.robot_supervisor]: FULL ROTATE active (accum_rad=2.781, timed_fallback=False, stall_count=0)
[robot_supervisor-10] [INFO] [1777470507.709410448] [robot_1.robot_supervisor]: Selected controllable event: EV_random_walk
[robot_supervisor-13] [INFO] [1777470507.798577817] [robot_2.robot_supervisor]: FULL ROTATE active (accum_rad=2.881, timed_fallback=False, stall_count=0)
[robot_supervisor-13] [INFO] [1777470507.898479522] [robot_2.robot_supervisor]: FULL ROTATE active (accum_rad=2.981, timed_fallback=False, stall_count=0)
[robot_supervisor-7] [INFO] [1777470507.920617619] [robot_0.robot_supervisor]: Selected controllable event: EV_move_forward
[robot_supervisor-13] [INFO] [1777470507.998383006] [robot_2.robot_supervisor]: FULL ROTATE active (accum_rad=3.081, timed_fallback=False, stall_count=0)
[robot_supervisor-13] [INFO] [1777470507.998866135] [robot_2.robot_supervisor]: FULL ROTATE completed by odom (accum_rad=3.181)
[robot_supervisor-13] [INFO] [1777470507.999287991] [robot_2.robot_supervisor]: FULL ROTATE stopped; supervisor will select next event next tick
[robot_supervisor-10] [INFO] [1777470508.009685077] [robot_1.robot_supervisor]: Selected controllable event: EV_move_forward
[robot_supervisor-7] [INFO] [1777470508.220965188] [robot_0.robot_supervisor]: Selected controllable event: EV_random_walk
[robot_supervisor-13] [INFO] [1777470508.298392200] [robot_2.robot_supervisor]: Selected controllable event: EV_move_backward
[robot_supervisor-10] [INFO] [1777470508.309296323] [robot_1.robot_supervisor]: Selected controllable event: EV_random_walk
[robot_supervisor-16] [INFO] [1777470508.464300733] [robot_3.robot_supervisor]: Selected controllable event: EV_rotate_counterclockwise
[robot_supervisor-16] [INFO] [1777470508.464703203] [robot_3.robot_supervisor]: rotate_90 blocked by recent completion; stopping this tick
[robot_supervisor-19] [INFO] [1777470508.491523807] [robot_4.robot_supervisor]: Selected controllable event: EV_rotate_counterclockwise
[robot_supervisor-19] [INFO] [1777470508.492012183] [robot_4.robot_supervisor]: rotate_90 blocked by recent completion; stopping this tick
[robot_supervisor-16] [INFO] [1777470508.564260026] [robot_3.robot_supervisor]: Selected controllable event: EV_rotate_counterclockwise
[robot_supervisor-16] [INFO] [1777470508.564569355] [robot_3.robot_supervisor]: rotate_90 blocked by recent completion; stopping this tick
[robot_supervisor-19] [INFO] [1777470508.591077167] [robot_4.robot_supervisor]: Selected controllable event: EV_rotate_counterclockwise
[robot_supervisor-19] [INFO] [1777470508.591263599] [robot_4.robot_supervisor]: rotate_90 blocked by recent completion; stopping this tick
[robot_supervisor-16] [INFO] [1777470508.664229051] [robot_3.robot_supervisor]: Selected controllable event: EV_rotate_counterclockwise
[robot_supervisor-16] [INFO] [1777470508.664558947] [robot_3.robot_supervisor]: rotate_90 blocked by recent completion; stopping this tick
[robot_supervisor-19] [INFO] [1777470508.691049833] [robot_4.robot_supervisor]: Selected controllable event: EV_rotate_counterclockwise
[robot_supervisor-13] [INFO] [1777470508.698760524] [robot_2.robot_supervisor]: Selected controllable event: EV_rotate_clockwise
[robot_supervisor-16] [INFO] [1777470508.764343338] [robot_3.robot_supervisor]: Selected controllable event: EV_rotate_counterclockwise
[image_processor-22] [INFO] [1777470508.800765373] [robot_1.image_processor]: Zone=CLEAR
[image_processor-24] [INFO] [1777470508.822753570] [robot_3.image_processor]: Zone=CORNER  left[p=0.432 near=7650 v=7650]  front[p=0.552 near=10580 v=13500]  right[p=0.952 near=0 v=5600]
[robot_supervisor-16] [INFO] [1777470508.823462989] [robot_3.robot_supervisor]: Detected zone changed to CORNER
[image_processor-25] [INFO] [1777470508.832990666] [robot_4.image_processor]: Zone=RIGHT
[image_processor-23] [INFO] [1777470508.847888163] [robot_2.image_processor]: Zone=LEFT  left[p=0.480 near=875 v=6839]  front[p=1.652 near=676 v=13346]  right[p=1.037 near=0 v=7740]
[robot_supervisor-13] [INFO] [1777470508.848332031] [robot_2.robot_supervisor]: Detected zone changed to LEFT
[image_processor-21] [INFO] [1777470508.856597501] [robot_0.image_processor]: Zone=CLEAR
[robot_supervisor-7] [INFO] [1777470509.721136201] [robot_0.robot_supervisor]: Selected controllable event: EV_move_forward
[robot_supervisor-10] [INFO] [1777470509.809477790] [robot_1.robot_supervisor]: Selected controllable event: EV_move_forward
[robot_supervisor-7] [INFO] [1777470510.020897931] [robot_0.robot_supervisor]: Selected controllable event: EV_random_walk
[robot_supervisor-10] [INFO] [1777470510.109442381] [robot_1.robot_supervisor]: Selected controllable event: EV_random_walk
[robot_supervisor-10] [INFO] [1777470510.409728367] [robot_1.robot_supervisor]: Selected controllable event: EV_move_forward
[robot_supervisor-10] [INFO] [1777470510.709428652] [robot_1.robot_supervisor]: Selected controllable event: EV_random_walk
[robot_supervisor-13] [INFO] [1777470510.798589511] [robot_2.robot_supervisor]: Selected controllable event: EV_full_rotate
[robot_supervisor-13] [INFO] [1777470510.799014405] [robot_2.robot_supervisor]: Starting FULL ROTATE (omega=1.000, have_odom=True, target_rad=3.142, timeout_s=3.500)
[robot_supervisor-16] [INFO] [1777470510.864170369] [robot_3.robot_supervisor]: Selected controllable event: EV_move_backward
[robot_supervisor-19] [INFO] [1777470510.891520712] [robot_4.robot_supervisor]: Selected controllable event: EV_rotate_counterclockwise
[robot_supervisor-19] [INFO] [1777470510.891998248] [robot_4.robot_supervisor]: rotate_90 blocked by recent completion; stopping this tick
[robot_supervisor-13] [INFO] [1777470510.898326262] [robot_2.robot_supervisor]: FULL ROTATE active (accum_rad=0.000, timed_fallback=False, stall_count=0)
[robot_supervisor-19] [INFO] [1777470510.991341993] [robot_4.robot_supervisor]: Selected controllable event: EV_rotate_counterclockwise
[robot_supervisor-19] [INFO] [1777470510.991689004] [robot_4.robot_supervisor]: rotate_90 blocked by recent completion; stopping this tick
[robot_supervisor-13] [INFO] [1777470510.998425102] [robot_2.robot_supervisor]: FULL ROTATE active (accum_rad=0.000, timed_fallback=False, stall_count=1)
[robot_supervisor-19] [INFO] [1777470511.091325805] [robot_4.robot_supervisor]: Selected controllable event: EV_rotate_counterclockwise
[robot_supervisor-13] [INFO] [1777470511.098452245] [robot_2.robot_supervisor]: FULL ROTATE active (accum_rad=0.031, timed_fallback=False, stall_count=0)
[robot_supervisor-13] [INFO] [1777470511.198450541] [robot_2.robot_supervisor]: FULL ROTATE active (accum_rad=0.091, timed_fallback=False, stall_count=0)
[robot_supervisor-16] [INFO] [1777470511.264018785] [robot_3.robot_supervisor]: Selected controllable event: EV_rotate_clockwise
[robot_supervisor-13] [INFO] [1777470511.298715259] [robot_2.robot_supervisor]: FULL ROTATE active (accum_rad=0.181, timed_fallback=False, stall_count=0)
[image_processor-22] [INFO] [1777470511.302756121] [robot_1.image_processor]: Zone=CLEAR
[robot_supervisor-10] [INFO] [1777470511.309414608] [robot_1.robot_supervisor]: Selected controllable event: EV_move_forward
[image_processor-24] [INFO] [1777470511.312253740] [robot_3.image_processor]: Zone=RIGHT  left[p=1.256 near=0 v=7650]  front[p=1.628 near=5 v=13500]  right[p=0.477 near=7404 v=7740]
[robot_supervisor-16] [INFO] [1777470511.312699600] [robot_3.robot_supervisor]: Detected zone changed to RIGHT
[image_processor-25] [INFO] [1777470511.324728028] [robot_4.image_processor]: Zone=CLEAR  left[p=2.319 near=0 v=7650]  front[p=2.043 near=0 v=13500]  right[p=1.156 near=0 v=7740]
[robot_supervisor-19] [INFO] [1777470511.325489668] [robot_4.robot_supervisor]: Detected zone changed to CLEAR
[image_processor-23] [INFO] [1777470511.336139991] [robot_2.image_processor]: Zone=CORNER  left[p=0.949 near=0 v=7650]  front[p=0.775 near=3050 v=13500]  right[p=0.687 near=7731 v=7740]
[robot_supervisor-13] [INFO] [1777470511.337030084] [robot_2.robot_supervisor]: Detected zone changed to CORNER
[image_processor-21] [INFO] [1777470511.351684546] [robot_0.image_processor]: Zone=CLEAR
[robot_supervisor-13] [INFO] [1777470511.398720112] [robot_2.robot_supervisor]: FULL ROTATE active (accum_rad=0.281, timed_fallback=False, stall_count=0)
[robot_supervisor-13] [INFO] [1777470511.498705253] [robot_2.robot_supervisor]: FULL ROTATE active (accum_rad=0.381, timed_fallback=False, stall_count=0)
[robot_supervisor-7] [INFO] [1777470511.521063550] [robot_0.robot_supervisor]: Selected controllable event: EV_move_forward
[robot_supervisor-13] [INFO] [1777470511.598458474] [robot_2.robot_supervisor]: FULL ROTATE active (accum_rad=0.481, timed_fallback=False, stall_count=0)
[robot_supervisor-10] [INFO] [1777470511.609211160] [robot_1.robot_supervisor]: Selected controllable event: EV_random_walk
[robot_supervisor-13] [INFO] [1777470511.698506592] [robot_2.robot_supervisor]: FULL ROTATE active (accum_rad=0.581, timed_fallback=False, stall_count=0)
[robot_supervisor-13] [INFO] [1777470511.798677901] [robot_2.robot_supervisor]: FULL ROTATE active (accum_rad=0.681, timed_fallback=False, stall_count=0)
[robot_supervisor-7] [INFO] [1777470511.820665184] [robot_0.robot_supervisor]: Selected controllable event: EV_random_walk
[robot_supervisor-13] [INFO] [1777470511.898322786] [robot_2.robot_supervisor]: FULL ROTATE active (accum_rad=0.781, timed_fallback=False, stall_count=0)
[robot_supervisor-13] [INFO] [1777470511.998344865] [robot_2.robot_supervisor]: FULL ROTATE active (accum_rad=0.881, timed_fallback=False, stall_count=0)
[robot_supervisor-13] [INFO] [1777470512.098472861] [robot_2.robot_supervisor]: FULL ROTATE active (accum_rad=0.981, timed_fallback=False, stall_count=0)
[robot_supervisor-13] [INFO] [1777470512.198540670] [robot_2.robot_supervisor]: FULL ROTATE active (accum_rad=1.081, timed_fallback=False, stall_count=0)
[robot_supervisor-13] [INFO] [1777470512.298461268] [robot_2.robot_supervisor]: FULL ROTATE active (accum_rad=1.181, timed_fallback=False, stall_count=0)
[robot_supervisor-13] [INFO] [1777470512.398589693] [robot_2.robot_supervisor]: FULL ROTATE active (accum_rad=1.281, timed_fallback=False, stall_count=0)
[robot_supervisor-13] [INFO] [1777470512.498480412] [robot_2.robot_supervisor]: FULL ROTATE active (accum_rad=1.381, timed_fallback=False, stall_count=0)
[robot_supervisor-13] [INFO] [1777470512.598328374] [robot_2.robot_supervisor]: FULL ROTATE active (accum_rad=1.481, timed_fallback=False, stall_count=0)
[robot_supervisor-13] [INFO] [1777470512.698468536] [robot_2.robot_supervisor]: FULL ROTATE active (accum_rad=1.581, timed_fallback=False, stall_count=0)
[robot_supervisor-13] [INFO] [1777470512.798509460] [robot_2.robot_supervisor]: FULL ROTATE active (accum_rad=1.681, timed_fallback=False, stall_count=0)
[robot_supervisor-13] [INFO] [1777470512.898510794] [robot_2.robot_supervisor]: FULL ROTATE active (accum_rad=1.781, timed_fallback=False, stall_count=0)
[robot_supervisor-13] [INFO] [1777470512.998627404] [robot_2.robot_supervisor]: FULL ROTATE active (accum_rad=1.881, timed_fallback=False, stall_count=0)
[robot_supervisor-13] [INFO] [1777470513.098475089] [robot_2.robot_supervisor]: FULL ROTATE active (accum_rad=1.981, timed_fallback=False, stall_count=0)
[robot_supervisor-10] [INFO] [1777470513.109422900] [robot_1.robot_supervisor]: Selected controllable event: EV_move_forward
[robot_supervisor-13] [INFO] [1777470513.198444516] [robot_2.robot_supervisor]: FULL ROTATE active (accum_rad=2.081, timed_fallback=False, stall_count=0)
[robot_supervisor-19] [INFO] [1777470513.291328638] [robot_4.robot_supervisor]: Selected controllable event: EV_move_forward
[robot_supervisor-13] [INFO] [1777470513.298676302] [robot_2.robot_supervisor]: FULL ROTATE active (accum_rad=2.181, timed_fallback=False, stall_count=0)
[robot_supervisor-7] [INFO] [1777470513.321105917] [robot_0.robot_supervisor]: Selected controllable event: EV_move_forward
[robot_supervisor-13] [INFO] [1777470513.398496754] [robot_2.robot_supervisor]: FULL ROTATE active (accum_rad=2.281, timed_fallback=False, stall_count=0)
[robot_supervisor-10] [INFO] [1777470513.409479054] [robot_1.robot_supervisor]: Selected controllable event: EV_random_walk
[robot_supervisor-16] [INFO] [1777470513.464272866] [robot_3.robot_supervisor]: Selected controllable event: EV_full_rotate
[robot_supervisor-16] [INFO] [1777470513.464647191] [robot_3.robot_supervisor]: Starting FULL ROTATE (omega=1.000, have_odom=True, target_rad=3.142, timeout_s=3.500)
[robot_supervisor-13] [INFO] [1777470513.498453272] [robot_2.robot_supervisor]: FULL ROTATE active (accum_rad=2.381, timed_fallback=False, stall_count=0)
[robot_supervisor-16] [INFO] [1777470513.564223744] [robot_3.robot_supervisor]: FULL ROTATE active (accum_rad=0.000, timed_fallback=False, stall_count=0)
[robot_supervisor-19] [INFO] [1777470513.591266578] [robot_4.robot_supervisor]: Selected controllable event: EV_random_walk
[robot_supervisor-13] [INFO] [1777470513.598444751] [robot_2.robot_supervisor]: FULL ROTATE active (accum_rad=2.481, timed_fallback=False, stall_count=0)
[robot_supervisor-7] [INFO] [1777470513.620776237] [robot_0.robot_supervisor]: Selected controllable event: EV_random_walk
[robot_supervisor-16] [INFO] [1777470513.664072119] [robot_3.robot_supervisor]: FULL ROTATE active (accum_rad=0.008, timed_fallback=False, stall_count=0)
[robot_supervisor-13] [INFO] [1777470513.698647998] [robot_2.robot_supervisor]: FULL ROTATE active (accum_rad=2.581, timed_fallback=False, stall_count=0)
[robot_supervisor-10] [INFO] [1777470513.709528859] [robot_1.robot_supervisor]: Selected controllable event: EV_move_forward
[robot_supervisor-16] [INFO] [1777470513.764226705] [robot_3.robot_supervisor]: FULL ROTATE active (accum_rad=0.046, timed_fallback=False, stall_count=0)
[robot_supervisor-13] [INFO] [1777470513.798372630] [robot_2.robot_supervisor]: FULL ROTATE active (accum_rad=2.681, timed_fallback=False, stall_count=0)
[image_processor-22] [INFO] [1777470513.798865167] [robot_1.image_processor]: Zone=CLEAR
[image_processor-24] [INFO] [1777470513.817689246] [robot_3.image_processor]: Zone=CORNER  left[p=0.441 near=7650 v=7650]  front[p=0.534 near=13423 v=13500]  right[p=0.778 near=1193 v=6713]
[robot_supervisor-16] [INFO] [1777470513.818427949] [robot_3.robot_supervisor]: Detected zone changed to CORNER
[image_processor-25] [INFO] [1777470513.834623101] [robot_4.image_processor]: Zone=CLEAR
[image_processor-23] [INFO] [1777470513.858952331] [robot_2.image_processor]: Zone=RIGHT  left[p=2.819 near=0 v=5092]  front[p=2.319 near=619 v=9073]  right[p=0.580 near=810 v=7571]
[robot_supervisor-13] [INFO] [1777470513.859452068] [robot_2.robot_supervisor]: Detected zone changed to RIGHT
[robot_supervisor-16] [INFO] [1777470513.864264593] [robot_3.robot_supervisor]: FULL ROTATE active (accum_rad=0.113, timed_fallback=False, stall_count=0)
[image_processor-21] [INFO] [1777470513.871688259] [robot_0.image_processor]: Zone=CLEAR
[robot_supervisor-19] [INFO] [1777470513.891160512] [robot_4.robot_supervisor]: Selected controllable event: EV_move_forward
[robot_supervisor-13] [INFO] [1777470513.898319466] [robot_2.robot_supervisor]: FULL ROTATE active (accum_rad=2.781, timed_fallback=False, stall_count=0)
[robot_supervisor-16] [INFO] [1777470513.964234664] [robot_3.robot_supervisor]: FULL ROTATE active (accum_rad=0.208, timed_fallback=False, stall_count=0)
[robot_supervisor-13] [INFO] [1777470513.998495362] [robot_2.robot_supervisor]: FULL ROTATE active (accum_rad=2.881, timed_fallback=False, stall_count=0)
[robot_supervisor-10] [INFO] [1777470514.009353500] [robot_1.robot_supervisor]: Selected controllable event: EV_random_walk
[robot_supervisor-16] [INFO] [1777470514.064170361] [robot_3.robot_supervisor]: FULL ROTATE active (accum_rad=0.308, timed_fallback=False, stall_count=0)
[robot_supervisor-13] [INFO] [1777470514.098329748] [robot_2.robot_supervisor]: FULL ROTATE active (accum_rad=2.981, timed_fallback=False, stall_count=0)
[robot_supervisor-16] [INFO] [1777470514.164020184] [robot_3.robot_supervisor]: FULL ROTATE active (accum_rad=0.408, timed_fallback=False, stall_count=0)
[robot_supervisor-19] [INFO] [1777470514.191111227] [robot_4.robot_supervisor]: Selected controllable event: EV_random_walk
[robot_supervisor-13] [INFO] [1777470514.198485020] [robot_2.robot_supervisor]: FULL ROTATE active (accum_rad=3.081, timed_fallback=False, stall_count=0)
[robot_supervisor-13] [INFO] [1777470514.199093702] [robot_2.robot_supervisor]: FULL ROTATE completed by odom (accum_rad=3.181)
[robot_supervisor-13] [INFO] [1777470514.199502144] [robot_2.robot_supervisor]: FULL ROTATE stopped; supervisor will select next event next tick
[robot_supervisor-16] [INFO] [1777470514.264441236] [robot_3.robot_supervisor]: FULL ROTATE active (accum_rad=0.508, timed_fallback=False, stall_count=0)
[robot_supervisor-16] [INFO] [1777470514.364208026] [robot_3.robot_supervisor]: FULL ROTATE active (accum_rad=0.608, timed_fallback=False, stall_count=0)
[robot_supervisor-16] [INFO] [1777470514.464189590] [robot_3.robot_supervisor]: FULL ROTATE active (accum_rad=0.708, timed_fallback=False, stall_count=0)
[robot_supervisor-19] [INFO] [1777470514.491355824] [robot_4.robot_supervisor]: Selected controllable event: EV_move_forward
[robot_supervisor-13] [INFO] [1777470514.498736306] [robot_2.robot_supervisor]: Selected controllable event: EV_rotate_counterclockwise
[robot_supervisor-16] [INFO] [1777470514.564204891] [robot_3.robot_supervisor]: FULL ROTATE active (accum_rad=0.808, timed_fallback=False, stall_count=0)
[robot_supervisor-16] [INFO] [1777470514.664177427] [robot_3.robot_supervisor]: FULL ROTATE active (accum_rad=0.908, timed_fallback=False, stall_count=0)
[robot_supervisor-16] [INFO] [1777470514.764243093] [robot_3.robot_supervisor]: FULL ROTATE active (accum_rad=1.008, timed_fallback=False, stall_count=0)
[robot_supervisor-19] [INFO] [1777470514.791590964] [robot_4.robot_supervisor]: Selected controllable event: EV_random_walk
[robot_supervisor-16] [INFO] [1777470514.864279338] [robot_3.robot_supervisor]: FULL ROTATE active (accum_rad=1.108, timed_fallback=False, stall_count=0)
[robot_supervisor-16] [INFO] [1777470514.964237087] [robot_3.robot_supervisor]: FULL ROTATE active (accum_rad=1.208, timed_fallback=False, stall_count=0)
[robot_supervisor-16] [INFO] [1777470515.064171461] [robot_3.robot_supervisor]: FULL ROTATE active (accum_rad=1.308, timed_fallback=False, stall_count=0)
[robot_supervisor-19] [INFO] [1777470515.091511473] [robot_4.robot_supervisor]: Selected controllable event: EV_move_forward
[robot_supervisor-7] [INFO] [1777470515.120853185] [robot_0.robot_supervisor]: Selected controllable event: EV_move_forward
[robot_supervisor-16] [INFO] [1777470515.164218105] [robot_3.robot_supervisor]: FULL ROTATE active (accum_rad=1.408, timed_fallback=False, stall_count=0)
[robot_supervisor-16] [INFO] [1777470515.264214949] [robot_3.robot_supervisor]: FULL ROTATE active (accum_rad=1.508, timed_fallback=False, stall_count=0)
[robot_supervisor-16] [INFO] [1777470515.364406847] [robot_3.robot_supervisor]: FULL ROTATE active (accum_rad=1.608, timed_fallback=False, stall_count=0)
[robot_supervisor-19] [INFO] [1777470515.391170502] [robot_4.robot_supervisor]: Selected controllable event: EV_random_walk
[robot_supervisor-7] [INFO] [1777470515.420927993] [robot_0.robot_supervisor]: Selected controllable event: EV_random_walk
[robot_supervisor-16] [INFO] [1777470515.464164029] [robot_3.robot_supervisor]: FULL ROTATE active (accum_rad=1.708, timed_fallback=False, stall_count=0)
[robot_supervisor-10] [INFO] [1777470515.509579022] [robot_1.robot_supervisor]: Selected controllable event: EV_move_forward
[robot_supervisor-16] [INFO] [1777470515.564171316] [robot_3.robot_supervisor]: FULL ROTATE active (accum_rad=1.808, timed_fallback=False, stall_count=0)
[robot_supervisor-16] [INFO] [1777470515.664232848] [robot_3.robot_supervisor]: FULL ROTATE active (accum_rad=1.908, timed_fallback=False, stall_count=0)
[robot_supervisor-19] [INFO] [1777470515.691301226] [robot_4.robot_supervisor]: Selected controllable event: EV_move_forward
[robot_supervisor-7] [INFO] [1777470515.720670567] [robot_0.robot_supervisor]: Selected controllable event: EV_move_forward
[robot_supervisor-16] [INFO] [1777470515.764359930] [robot_3.robot_supervisor]: FULL ROTATE active (accum_rad=2.008, timed_fallback=False, stall_count=0)
[robot_supervisor-10] [INFO] [1777470515.809316144] [robot_1.robot_supervisor]: Selected controllable event: EV_random_walk
[robot_supervisor-16] [INFO] [1777470515.864240988] [robot_3.robot_supervisor]: FULL ROTATE active (accum_rad=2.108, timed_fallback=False, stall_count=0)
[robot_supervisor-16] [INFO] [1777470515.964185789] [robot_3.robot_supervisor]: FULL ROTATE active (accum_rad=2.208, timed_fallback=False, stall_count=0)
[robot_supervisor-19] [INFO] [1777470515.991297087] [robot_4.robot_supervisor]: Selected controllable event: EV_random_walk
[robot_supervisor-7] [INFO] [1777470516.020895583] [robot_0.robot_supervisor]: Selected controllable event: EV_random_walk
[robot_supervisor-16] [INFO] [1777470516.064210897] [robot_3.robot_supervisor]: FULL ROTATE active (accum_rad=2.308, timed_fallback=False, stall_count=0)
[robot_supervisor-16] [INFO] [1777470516.164149402] [robot_3.robot_supervisor]: FULL ROTATE active (accum_rad=2.408, timed_fallback=False, stall_count=0)
[robot_supervisor-16] [INFO] [1777470516.264207527] [robot_3.robot_supervisor]: FULL ROTATE active (accum_rad=2.508, timed_fallback=False, stall_count=0)
[robot_supervisor-19] [INFO] [1777470516.291357683] [robot_4.robot_supervisor]: Selected controllable event: EV_move_forward
[image_processor-22] [INFO] [1777470516.300539223] [robot_1.image_processor]: Zone=CLEAR
[image_processor-24] [INFO] [1777470516.311069397] [robot_3.image_processor]: Zone=CLEAR  left[p=1.112 near=0 v=7650]  front[p=1.367 near=0 v=13500]  right[p=1.423 near=0 v=7740]
[robot_supervisor-16] [INFO] [1777470516.311747697] [robot_3.robot_supervisor]: Detected zone changed to CLEAR
[robot_supervisor-7] [INFO] [1777470516.320832420] [robot_0.robot_supervisor]: Selected controllable event: EV_move_forward
[image_processor-25] [INFO] [1777470516.326518198] [robot_4.image_processor]: Zone=CLEAR
[image_processor-23] [INFO] [1777470516.338301877] [robot_2.image_processor]: Zone=CORNER  left[p=1.405 near=0 v=7650]  front[p=0.617 near=13034 v=13467]  right[p=0.654 near=1705 v=6021]
[robot_supervisor-13] [INFO] [1777470516.338612598] [robot_2.robot_supervisor]: Detected zone changed to CORNER
[image_processor-21] [INFO] [1777470516.346586333] [robot_0.image_processor]: Zone=CORNER  left[p=2.082 near=0 v=7650]  front[p=0.322 near=11878 v=13500]  right[p=0.259 near=7740 v=7740]
[robot_supervisor-7] [INFO] [1777470516.347153331] [robot_0.robot_supervisor]: Detected zone changed to CORNER
[robot_supervisor-16] [INFO] [1777470516.364275811] [robot_3.robot_supervisor]: FULL ROTATE active (accum_rad=2.608, timed_fallback=False, stall_count=0)
[robot_supervisor-16] [INFO] [1777470516.464173034] [robot_3.robot_supervisor]: FULL ROTATE active (accum_rad=2.708, timed_fallback=False, stall_count=0)
[robot_supervisor-16] [INFO] [1777470516.564175586] [robot_3.robot_supervisor]: FULL ROTATE active (accum_rad=2.808, timed_fallback=False, stall_count=0)
[robot_supervisor-19] [INFO] [1777470516.591399177] [robot_4.robot_supervisor]: Selected controllable event: EV_random_walk
[robot_supervisor-13] [INFO] [1777470516.598526964] [robot_2.robot_supervisor]: Selected controllable event: EV_move_backward
[robot_supervisor-7] [INFO] [1777470516.620778380] [robot_0.robot_supervisor]: Selected controllable event: EV_move_backward
[robot_supervisor-16] [INFO] [1777470516.664178866] [robot_3.robot_supervisor]: FULL ROTATE active (accum_rad=2.908, timed_fallback=False, stall_count=0)
[robot_supervisor-16] [INFO] [1777470516.764160491] [robot_3.robot_supervisor]: FULL ROTATE active (accum_rad=3.008, timed_fallback=False, stall_count=0)
[robot_supervisor-16] [INFO] [1777470516.864230919] [robot_3.robot_supervisor]: FULL ROTATE active (accum_rad=3.108, timed_fallback=False, stall_count=0)
[robot_supervisor-16] [INFO] [1777470516.864832182] [robot_3.robot_supervisor]: FULL ROTATE completed by odom (accum_rad=3.208)
[robot_supervisor-16] [INFO] [1777470516.865335705] [robot_3.robot_supervisor]: FULL ROTATE stopped; supervisor will select next event next tick
[robot_supervisor-19] [INFO] [1777470516.891159429] [robot_4.robot_supervisor]: Selected controllable event: EV_move_forward
[robot_supervisor-13] [INFO] [1777470516.998557788] [robot_2.robot_supervisor]: Selected controllable event: EV_rotate_clockwise
[robot_supervisor-7] [INFO] [1777470517.021108832] [robot_0.robot_supervisor]: Selected controllable event: EV_rotate_clockwise
[robot_supervisor-19] [INFO] [1777470517.191112514] [robot_4.robot_supervisor]: Selected controllable event: EV_random_walk
[robot_supervisor-16] [INFO] [1777470517.264279399] [robot_3.robot_supervisor]: Selected controllable event: EV_move_forward
[robot_supervisor-10] [INFO] [1777470517.309513679] [robot_1.robot_supervisor]: Selected controllable event: EV_move_forward
[robot_supervisor-19] [INFO] [1777470517.491299816] [robot_4.robot_supervisor]: Selected controllable event: EV_move_forward
[robot_supervisor-16] [INFO] [1777470517.564222566] [robot_3.robot_supervisor]: Selected controllable event: EV_random_walk
[robot_supervisor-10] [INFO] [1777470517.609522797] [robot_1.robot_supervisor]: Selected controllable event: EV_random_walk
[robot_supervisor-19] [INFO] [1777470517.791540880] [robot_4.robot_supervisor]: Selected controllable event: EV_random_walk
[robot_supervisor-10] [INFO] [1777470517.909638012] [robot_1.robot_supervisor]: Selected controllable event: EV_move_forward
[robot_supervisor-10] [INFO] [1777470518.209375818] [robot_1.robot_supervisor]: Selected controllable event: EV_random_walk
[robot_supervisor-10] [INFO] [1777470518.509331264] [robot_1.robot_supervisor]: Selected controllable event: EV_move_forward
[image_processor-22] [INFO] [1777470518.801548267] [robot_1.image_processor]: Zone=CLEAR
[robot_supervisor-10] [INFO] [1777470518.809629692] [robot_1.robot_supervisor]: Selected controllable event: EV_random_walk
[image_processor-24] [INFO] [1777470518.811391120] [robot_3.image_processor]: Zone=CORNER  left[p=0.424 near=7650 v=7650]  front[p=0.561 near=5875 v=13500]  right[p=0.798 near=840 v=7740]
[robot_supervisor-16] [INFO] [1777470518.812166891] [robot_3.robot_supervisor]: Detected zone changed to CORNER
[image_processor-25] [INFO] [1777470518.823097580] [robot_4.image_processor]: Zone=CLEAR
[image_processor-23] [INFO] [1777470518.841118222] [robot_2.image_processor]: Zone=CLEAR  left[p=3.037 near=0 v=5406]  front[p=2.819 near=0 v=7972]  right[p=1.338 near=0 v=5308]
[robot_supervisor-13] [INFO] [1777470518.841778852] [robot_2.robot_supervisor]: Detected zone changed to CLEAR
[image_processor-21] [INFO] [1777470518.849673547] [robot_0.image_processor]: Zone=CORNER
[robot_supervisor-16] [INFO] [1777470518.964235411] [robot_3.robot_supervisor]: Selected controllable event: EV_move_backward
[robot_supervisor-10] [INFO] [1777470519.109430410] [robot_1.robot_supervisor]: Selected controllable event: EV_move_forward
[robot_supervisor-7] [INFO] [1777470519.120654779] [robot_0.robot_supervisor]: Selected controllable event: EV_full_rotate
[robot_supervisor-7] [INFO] [1777470519.120897649] [robot_0.robot_supervisor]: Starting FULL ROTATE (omega=1.000, have_odom=True, target_rad=3.142, timeout_s=3.500)
[robot_supervisor-13] [INFO] [1777470519.198274375] [robot_2.robot_supervisor]: Selected controllable event: EV_full_rotate
[robot_supervisor-13] [INFO] [1777470519.198456136] [robot_2.robot_supervisor]: Starting FULL ROTATE (omega=1.000, have_odom=True, target_rad=3.142, timeout_s=3.500)
[robot_supervisor-7] [INFO] [1777470519.220878193] [robot_0.robot_supervisor]: FULL ROTATE active (accum_rad=0.000, timed_fallback=False, stall_count=0)
[robot_supervisor-19] [INFO] [1777470519.291098830] [robot_4.robot_supervisor]: Selected controllable event: EV_move_forward
[robot_supervisor-13] [INFO] [1777470519.298423981] [robot_2.robot_supervisor]: FULL ROTATE active (accum_rad=0.000, timed_fallback=False, stall_count=0)
[robot_supervisor-7] [INFO] [1777470519.321181195] [robot_0.robot_supervisor]: FULL ROTATE active (accum_rad=0.005, timed_fallback=False, stall_count=0)
[robot_supervisor-16] [INFO] [1777470519.364069326] [robot_3.robot_supervisor]: Selected controllable event: EV_rotate_clockwise
[robot_supervisor-13] [INFO] [1777470519.398470090] [robot_2.robot_supervisor]: FULL ROTATE active (accum_rad=0.011, timed_fallback=False, stall_count=0)
[robot_supervisor-10] [INFO] [1777470519.409639434] [robot_1.robot_supervisor]: Selected controllable event: EV_random_walk
[robot_supervisor-7] [INFO] [1777470519.420752189] [robot_0.robot_supervisor]: FULL ROTATE active (accum_rad=0.030, timed_fallback=False, stall_count=0)
[robot_supervisor-13] [INFO] [1777470519.498669088] [robot_2.robot_supervisor]: FULL ROTATE active (accum_rad=0.051, timed_fallback=False, stall_count=0)
[robot_supervisor-7] [INFO] [1777470519.520782211] [robot_0.robot_supervisor]: FULL ROTATE active (accum_rad=0.084, timed_fallback=False, stall_count=0)
[robot_supervisor-19] [INFO] [1777470519.591554104] [robot_4.robot_supervisor]: Selected controllable event: EV_random_walk
[robot_supervisor-13] [INFO] [1777470519.598559349] [robot_2.robot_supervisor]: FULL ROTATE active (accum_rad=0.122, timed_fallback=False, stall_count=0)
[robot_supervisor-7] [INFO] [1777470519.620571932] [robot_0.robot_supervisor]: FULL ROTATE active (accum_rad=0.169, timed_fallback=False, stall_count=0)
[robot_supervisor-13] [INFO] [1777470519.698538966] [robot_2.robot_supervisor]: FULL ROTATE active (accum_rad=0.218, timed_fallback=False, stall_count=0)
[robot_supervisor-7] [INFO] [1777470519.720843915] [robot_0.robot_supervisor]: FULL ROTATE active (accum_rad=0.269, timed_fallback=False, stall_count=0)
[robot_supervisor-13] [INFO] [1777470519.798557295] [robot_2.robot_supervisor]: FULL ROTATE active (accum_rad=0.318, timed_fallback=False, stall_count=0)
[robot_supervisor-7] [INFO] [1777470519.820704554] [robot_0.robot_supervisor]: FULL ROTATE active (accum_rad=0.369, timed_fallback=False, stall_count=0)
[robot_supervisor-19] [INFO] [1777470519.891092539] [robot_4.robot_supervisor]: Selected controllable event: EV_move_forward
[robot_supervisor-13] [INFO] [1777470519.898742150] [robot_2.robot_supervisor]: FULL ROTATE active (accum_rad=0.418, timed_fallback=False, stall_count=0)
[robot_supervisor-7] [INFO] [1777470519.920758790] [robot_0.robot_supervisor]: FULL ROTATE active (accum_rad=0.469, timed_fallback=False, stall_count=0)
[robot_supervisor-13] [INFO] [1777470519.998431168] [robot_2.robot_supervisor]: FULL ROTATE active (accum_rad=0.518, timed_fallback=False, stall_count=0)
[robot_supervisor-7] [INFO] [1777470520.020800636] [robot_0.robot_supervisor]: FULL ROTATE active (accum_rad=0.569, timed_fallback=False, stall_count=0)
[robot_supervisor-13] [INFO] [1777470520.098580333] [robot_2.robot_supervisor]: FULL ROTATE active (accum_rad=0.618, timed_fallback=False, stall_count=0)
[robot_supervisor-7] [INFO] [1777470520.120475507] [robot_0.robot_supervisor]: FULL ROTATE active (accum_rad=0.669, timed_fallback=False, stall_count=0)
[robot_supervisor-19] [INFO] [1777470520.191226592] [robot_4.robot_supervisor]: Selected controllable event: EV_random_walk
[robot_supervisor-13] [INFO] [1777470520.198631305] [robot_2.robot_supervisor]: FULL ROTATE active (accum_rad=0.718, timed_fallback=False, stall_count=0)
[robot_supervisor-7] [INFO] [1777470520.220518585] [robot_0.robot_supervisor]: FULL ROTATE active (accum_rad=0.769, timed_fallback=False, stall_count=0)
[robot_supervisor-13] [INFO] [1777470520.298476208] [robot_2.robot_supervisor]: FULL ROTATE active (accum_rad=0.818, timed_fallback=False, stall_count=0)
[robot_supervisor-7] [INFO] [1777470520.320818264] [robot_0.robot_supervisor]: FULL ROTATE active (accum_rad=0.869, timed_fallback=False, stall_count=0)
[robot_supervisor-13] [INFO] [1777470520.398687784] [robot_2.robot_supervisor]: FULL ROTATE active (accum_rad=0.918, timed_fallback=False, stall_count=0)
[robot_supervisor-7] [INFO] [1777470520.420539278] [robot_0.robot_supervisor]: FULL ROTATE active (accum_rad=0.969, timed_fallback=False, stall_count=0)
[robot_supervisor-19] [INFO] [1777470520.491495517] [robot_4.robot_supervisor]: Selected controllable event: EV_move_forward
[robot_supervisor-13] [INFO] [1777470520.498644839] [robot_2.robot_supervisor]: FULL ROTATE active (accum_rad=1.018, timed_fallback=False, stall_count=0)
[robot_supervisor-7] [INFO] [1777470520.520775591] [robot_0.robot_supervisor]: FULL ROTATE active (accum_rad=1.069, timed_fallback=False, stall_count=0)
[robot_supervisor-13] [INFO] [1777470520.598545792] [robot_2.robot_supervisor]: FULL ROTATE active (accum_rad=1.118, timed_fallback=False, stall_count=0)
[robot_supervisor-7] [INFO] [1777470520.620722566] [robot_0.robot_supervisor]: FULL ROTATE active (accum_rad=1.169, timed_fallback=False, stall_count=0)
[robot_supervisor-13] [INFO] [1777470520.698457049] [robot_2.robot_supervisor]: FULL ROTATE active (accum_rad=1.218, timed_fallback=False, stall_count=0)
[robot_supervisor-7] [INFO] [1777470520.720689704] [robot_0.robot_supervisor]: FULL ROTATE active (accum_rad=1.269, timed_fallback=False, stall_count=0)
[robot_supervisor-19] [INFO] [1777470520.791453524] [robot_4.robot_supervisor]: Selected controllable event: EV_random_walk
[robot_supervisor-13] [INFO] [1777470520.798490750] [robot_2.robot_supervisor]: FULL ROTATE active (accum_rad=1.318, timed_fallback=False, stall_count=0)
[robot_supervisor-7] [INFO] [1777470520.820791153] [robot_0.robot_supervisor]: FULL ROTATE active (accum_rad=1.369, timed_fallback=False, stall_count=0)
[robot_supervisor-13] [INFO] [1777470520.898552092] [robot_2.robot_supervisor]: FULL ROTATE active (accum_rad=1.418, timed_fallback=False, stall_count=0)
[robot_supervisor-10] [INFO] [1777470520.909451519] [robot_1.robot_supervisor]: Selected controllable event: EV_move_forward
[robot_supervisor-7] [INFO] [1777470520.920951861] [robot_0.robot_supervisor]: FULL ROTATE active (accum_rad=1.469, timed_fallback=False, stall_count=0)
[robot_supervisor-13] [INFO] [1777470520.998540518] [robot_2.robot_supervisor]: FULL ROTATE active (accum_rad=1.518, timed_fallback=False, stall_count=0)
[robot_supervisor-7] [INFO] [1777470521.020807638] [robot_0.robot_supervisor]: FULL ROTATE active (accum_rad=1.569, timed_fallback=False, stall_count=0)
[robot_supervisor-19] [INFO] [1777470521.091214432] [robot_4.robot_supervisor]: Selected controllable event: EV_move_forward
[robot_supervisor-13] [INFO] [1777470521.098431100] [robot_2.robot_supervisor]: FULL ROTATE active (accum_rad=1.618, timed_fallback=False, stall_count=0)
[robot_supervisor-7] [INFO] [1777470521.120585503] [robot_0.robot_supervisor]: FULL ROTATE active (accum_rad=1.669, timed_fallback=False, stall_count=0)
[robot_supervisor-13] [INFO] [1777470521.198649015] [robot_2.robot_supervisor]: FULL ROTATE active (accum_rad=1.718, timed_fallback=False, stall_count=0)
[robot_supervisor-10] [INFO] [1777470521.209465025] [robot_1.robot_supervisor]: Selected controllable event: EV_random_walk
[robot_supervisor-7] [INFO] [1777470521.220875195] [robot_0.robot_supervisor]: FULL ROTATE active (accum_rad=1.769, timed_fallback=False, stall_count=0)
[robot_supervisor-13] [INFO] [1777470521.298665453] [robot_2.robot_supervisor]: FULL ROTATE active (accum_rad=1.818, timed_fallback=False, stall_count=0)
[image_processor-22] [INFO] [1777470521.301116305] [robot_1.image_processor]: Zone=CLEAR
[image_processor-24] [INFO] [1777470521.310224620] [robot_3.image_processor]: Zone=LEFT  left[p=0.755 near=2513 v=7650]  front[p=1.022 near=0 v=13500]  right[p=1.469 near=0 v=7740]
[robot_supervisor-16] [INFO] [1777470521.311036708] [robot_3.robot_supervisor]: Detected zone changed to LEFT
[robot_supervisor-7] [INFO] [1777470521.320548424] [robot_0.robot_supervisor]: FULL ROTATE active (accum_rad=1.869, timed_fallback=False, stall_count=0)
[image_processor-25] [INFO] [1777470521.324315270] [robot_4.image_processor]: Zone=CLEAR
[image_processor-23] [INFO] [1777470521.333158246] [robot_2.image_processor]: Zone=RIGHT  left[p=0.954 near=0 v=7650]  front[p=0.609 near=8083 v=13367]  right[p=0.548 near=7740 v=7740]
[robot_supervisor-13] [INFO] [1777470521.333864442] [robot_2.robot_supervisor]: Detected zone changed to RIGHT
[image_processor-21] [INFO] [1777470521.340646550] [robot_0.image_processor]: Zone=CORNER
[robot_supervisor-19] [INFO] [1777470521.391457877] [robot_4.robot_supervisor]: Selected controllable event: EV_random_walk
[robot_supervisor-13] [INFO] [1777470521.398481792] [robot_2.robot_supervisor]: FULL ROTATE active (accum_rad=1.918, timed_fallback=False, stall_count=0)
[robot_supervisor-7] [INFO] [1777470521.420507838] [robot_0.robot_supervisor]: FULL ROTATE active (accum_rad=1.969, timed_fallback=False, stall_count=0)
[robot_supervisor-13] [INFO] [1777470521.498673628] [robot_2.robot_supervisor]: FULL ROTATE active (accum_rad=2.018, timed_fallback=False, stall_count=0)
[robot_supervisor-10] [INFO] [1777470521.509446921] [robot_1.robot_supervisor]: Selected controllable event: EV_move_forward
[robot_supervisor-7] [INFO] [1777470521.520734807] [robot_0.robot_supervisor]: FULL ROTATE active (accum_rad=2.069, timed_fallback=False, stall_count=0)
[robot_supervisor-16] [INFO] [1777470521.564294715] [robot_3.robot_supervisor]: Selected controllable event: EV_full_rotate
[robot_supervisor-16] [INFO] [1777470521.564642296] [robot_3.robot_supervisor]: Starting FULL ROTATE (omega=1.000, have_odom=True, target_rad=3.142, timeout_s=3.500)
[robot_supervisor-13] [INFO] [1777470521.598676429] [robot_2.robot_supervisor]: FULL ROTATE active (accum_rad=2.118, timed_fallback=False, stall_count=0)
[robot_supervisor-7] [INFO] [1777470521.620691668] [robot_0.robot_supervisor]: FULL ROTATE active (accum_rad=2.169, timed_fallback=False, stall_count=0)
[robot_supervisor-16] [INFO] [1777470521.664098438] [robot_3.robot_supervisor]: FULL ROTATE active (accum_rad=0.000, timed_fallback=False, stall_count=0)
[robot_supervisor-19] [INFO] [1777470521.691280666] [robot_4.robot_supervisor]: Selected controllable event: EV_move_forward
[robot_supervisor-13] [INFO] [1777470521.698842191] [robot_2.robot_supervisor]: FULL ROTATE active (accum_rad=2.218, timed_fallback=False, stall_count=0)
[robot_supervisor-7] [INFO] [1777470521.720708274] [robot_0.robot_supervisor]: FULL ROTATE active (accum_rad=2.269, timed_fallback=False, stall_count=0)
[robot_supervisor-16] [INFO] [1777470521.764190396] [robot_3.robot_supervisor]: FULL ROTATE active (accum_rad=0.008, timed_fallback=False, stall_count=0)
[robot_supervisor-13] [INFO] [1777470521.798536253] [robot_2.robot_supervisor]: FULL ROTATE active (accum_rad=2.318, timed_fallback=False, stall_count=0)
[robot_supervisor-10] [INFO] [1777470521.809563315] [robot_1.robot_supervisor]: Selected controllable event: EV_random_walk
[robot_supervisor-7] [INFO] [1777470521.820590009] [robot_0.robot_supervisor]: FULL ROTATE active (accum_rad=2.369, timed_fallback=False, stall_count=0)
[robot_supervisor-16] [INFO] [1777470521.864275726] [robot_3.robot_supervisor]: FULL ROTATE active (accum_rad=0.046, timed_fallback=False, stall_count=0)
[robot_supervisor-13] [INFO] [1777470521.898540645] [robot_2.robot_supervisor]: FULL ROTATE active (accum_rad=2.418, timed_fallback=False, stall_count=0)
[robot_supervisor-7] [INFO] [1777470521.920743131] [robot_0.robot_supervisor]: FULL ROTATE active (accum_rad=2.469, timed_fallback=False, stall_count=0)
[robot_supervisor-16] [INFO] [1777470521.964191549] [robot_3.robot_supervisor]: FULL ROTATE active (accum_rad=0.113, timed_fallback=False, stall_count=0)
[robot_supervisor-19] [INFO] [1777470521.991192791] [robot_4.robot_supervisor]: Selected controllable event: EV_random_walk
[robot_supervisor-13] [INFO] [1777470521.998472339] [robot_2.robot_supervisor]: FULL ROTATE active (accum_rad=2.518, timed_fallback=False, stall_count=0)
[robot_supervisor-7] [INFO] [1777470522.020715983] [robot_0.robot_supervisor]: FULL ROTATE active (accum_rad=2.569, timed_fallback=False, stall_count=0)
[robot_supervisor-16] [INFO] [1777470522.064159886] [robot_3.robot_supervisor]: FULL ROTATE active (accum_rad=0.208, timed_fallback=False, stall_count=0)
[robot_supervisor-13] [INFO] [1777470522.098478890] [robot_2.robot_supervisor]: FULL ROTATE active (accum_rad=2.618, timed_fallback=False, stall_count=0)
[robot_supervisor-10] [INFO] [1777470522.109628244] [robot_1.robot_supervisor]: Selected controllable event: EV_move_forward
[robot_supervisor-7] [INFO] [1777470522.120713881] [robot_0.robot_supervisor]: FULL ROTATE active (accum_rad=2.669, timed_fallback=False, stall_count=0)
[robot_supervisor-16] [INFO] [1777470522.164020803] [robot_3.robot_supervisor]: FULL ROTATE active (accum_rad=0.308, timed_fallback=False, stall_count=0)
[robot_supervisor-13] [INFO] [1777470522.198764371] [robot_2.robot_supervisor]: FULL ROTATE active (accum_rad=2.718, timed_fallback=False, stall_count=0)
[robot_supervisor-7] [INFO] [1777470522.220563395] [robot_0.robot_supervisor]: FULL ROTATE active (accum_rad=2.769, timed_fallback=False, stall_count=0)
[robot_supervisor-16] [INFO] [1777470522.264240156] [robot_3.robot_supervisor]: FULL ROTATE active (accum_rad=0.408, timed_fallback=False, stall_count=0)
[robot_supervisor-19] [INFO] [1777470522.291512141] [robot_4.robot_supervisor]: Selected controllable event: EV_move_forward
[robot_supervisor-13] [INFO] [1777470522.298696070] [robot_2.robot_supervisor]: FULL ROTATE active (accum_rad=2.818, timed_fallback=False, stall_count=0)
[robot_supervisor-7] [INFO] [1777470522.320841117] [robot_0.robot_supervisor]: FULL ROTATE active (accum_rad=2.869, timed_fallback=False, stall_count=0)
[robot_supervisor-16] [INFO] [1777470522.364274808] [robot_3.robot_supervisor]: FULL ROTATE active (accum_rad=0.508, timed_fallback=False, stall_count=0)
[robot_supervisor-13] [INFO] [1777470522.398471126] [robot_2.robot_supervisor]: FULL ROTATE active (accum_rad=2.918, timed_fallback=False, stall_count=0)
[robot_supervisor-10] [INFO] [1777470522.409706382] [robot_1.robot_supervisor]: Selected controllable event: EV_random_walk
[robot_supervisor-7] [INFO] [1777470522.420590994] [robot_0.robot_supervisor]: FULL ROTATE active (accum_rad=2.969, timed_fallback=False, stall_count=0)
[robot_supervisor-16] [INFO] [1777470522.464035310] [robot_3.robot_supervisor]: FULL ROTATE active (accum_rad=0.608, timed_fallback=False, stall_count=0)
[robot_supervisor-13] [INFO] [1777470522.498451674] [robot_2.robot_supervisor]: FULL ROTATE active (accum_rad=3.018, timed_fallback=False, stall_count=0)
[robot_supervisor-7] [INFO] [1777470522.520904783] [robot_0.robot_supervisor]: FULL ROTATE active (accum_rad=3.069, timed_fallback=False, stall_count=0)
[robot_supervisor-7] [INFO] [1777470522.521627168] [robot_0.robot_supervisor]: FULL ROTATE completed by odom (accum_rad=3.169)
[robot_supervisor-7] [INFO] [1777470522.522216904] [robot_0.robot_supervisor]: FULL ROTATE stopped; supervisor will select next event next tick
[robot_supervisor-16] [INFO] [1777470522.564164683] [robot_3.robot_supervisor]: FULL ROTATE active (accum_rad=0.708, timed_fallback=False, stall_count=0)
[robot_supervisor-19] [INFO] [1777470522.591297447] [robot_4.robot_supervisor]: Selected controllable event: EV_random_walk
[robot_supervisor-13] [INFO] [1777470522.598612815] [robot_2.robot_supervisor]: FULL ROTATE active (accum_rad=3.118, timed_fallback=False, stall_count=0)
[robot_supervisor-13] [INFO] [1777470522.599074346] [robot_2.robot_supervisor]: FULL ROTATE completed by odom (accum_rad=3.218)
[robot_supervisor-13] [INFO] [1777470522.599469013] [robot_2.robot_supervisor]: FULL ROTATE stopped; supervisor will select next event next tick
[robot_supervisor-16] [INFO] [1777470522.664128437] [robot_3.robot_supervisor]: FULL ROTATE active (accum_rad=0.808, timed_fallback=False, stall_count=0)
[robot_supervisor-10] [INFO] [1777470522.709604377] [robot_1.robot_supervisor]: Selected controllable event: EV_move_forward
[robot_supervisor-16] [INFO] [1777470522.764362580] [robot_3.robot_supervisor]: FULL ROTATE active (accum_rad=0.908, timed_fallback=False, stall_count=0)
[robot_supervisor-7] [INFO] [1777470522.821134220] [robot_0.robot_supervisor]: Selected controllable event: EV_move_backward
[robot_supervisor-16] [INFO] [1777470522.864517983] [robot_3.robot_supervisor]: FULL ROTATE active (accum_rad=1.008, timed_fallback=False, stall_count=0)
[robot_supervisor-19] [INFO] [1777470522.891299063] [robot_4.robot_supervisor]: Selected controllable event: EV_move_forward
[robot_supervisor-16] [INFO] [1777470522.964364582] [robot_3.robot_supervisor]: FULL ROTATE active (accum_rad=1.108, timed_fallback=False, stall_count=0)
[robot_supervisor-13] [INFO] [1777470522.998535468] [robot_2.robot_supervisor]: Selected controllable event: EV_rotate_counterclockwise
[robot_supervisor-10] [INFO] [1777470523.009371860] [robot_1.robot_supervisor]: Selected controllable event: EV_random_walk
[robot_supervisor-16] [INFO] [1777470523.064141341] [robot_3.robot_supervisor]: FULL ROTATE active (accum_rad=1.208, timed_fallback=False, stall_count=0)
[robot_supervisor-16] [INFO] [1777470523.164164275] [robot_3.robot_supervisor]: FULL ROTATE active (accum_rad=1.308, timed_fallback=False, stall_count=0)
[robot_supervisor-19] [INFO] [1777470523.191395099] [robot_4.robot_supervisor]: Selected controllable event: EV_random_walk
[robot_supervisor-7] [INFO] [1777470523.221001821] [robot_0.robot_supervisor]: Selected controllable event: EV_rotate_clockwise
[robot_supervisor-16] [INFO] [1777470523.264479418] [robot_3.robot_supervisor]: FULL ROTATE active (accum_rad=1.408, timed_fallback=False, stall_count=0)
[robot_supervisor-16] [INFO] [1777470523.364291755] [robot_3.robot_supervisor]: FULL ROTATE active (accum_rad=1.508, timed_fallback=False, stall_count=0)
[robot_supervisor-10] [INFO] [1777470523.409599931] [robot_1.robot_supervisor]: Selected controllable event: EV_move_forward
[robot_supervisor-16] [INFO] [1777470523.464439291] [robot_3.robot_supervisor]: FULL ROTATE active (accum_rad=1.608, timed_fallback=False, stall_count=0)
[robot_supervisor-19] [INFO] [1777470523.491287988] [robot_4.robot_supervisor]: Selected controllable event: EV_move_forward
[robot_supervisor-16] [INFO] [1777470523.564148897] [robot_3.robot_supervisor]: FULL ROTATE active (accum_rad=1.708, timed_fallback=False, stall_count=0)
[robot_supervisor-16] [INFO] [1777470523.664131900] [robot_3.robot_supervisor]: FULL ROTATE active (accum_rad=1.808, timed_fallback=False, stall_count=0)
[robot_supervisor-10] [INFO] [1777470523.709533242] [robot_1.robot_supervisor]: Selected controllable event: EV_random_walk
[robot_supervisor-16] [INFO] [1777470523.764117478] [robot_3.robot_supervisor]: FULL ROTATE active (accum_rad=1.908, timed_fallback=False, stall_count=0)
[robot_supervisor-19] [INFO] [1777470523.791296428] [robot_4.robot_supervisor]: Selected controllable event: EV_random_walk
[image_processor-22] [INFO] [1777470523.801003779] [robot_1.image_processor]: Zone=CLEAR
[image_processor-24] [INFO] [1777470523.810662923] [robot_3.image_processor]: Zone=CORNER  left[p=0.447 near=7650 v=7650]  front[p=0.459 near=13460 v=13500]  right[p=0.801 near=759 v=7740]
[robot_supervisor-16] [INFO] [1777470523.811328949] [robot_3.robot_supervisor]: Detected zone changed to CORNER
[image_processor-25] [INFO] [1777470523.821721585] [robot_4.image_processor]: Zone=CORNER  left[p=0.217 near=7650 v=7650]  front[p=0.276 near=9872 v=13500]  right[p=2.200 near=0 v=7740]
[robot_supervisor-19] [INFO] [1777470523.822200925] [robot_4.robot_supervisor]: Detected zone changed to CORNER
[image_processor-23] [INFO] [1777470523.829386138] [robot_2.image_processor]: Zone=CORNER  left[p=1.090 near=0 v=7650]  front[p=0.778 near=2473 v=13500]  right[p=0.653 near=7740 v=7740]
[robot_supervisor-13] [INFO] [1777470523.830370193] [robot_2.robot_supervisor]: Detected zone changed to CORNER
[image_processor-21] [INFO] [1777470523.842630867] [robot_0.image_processor]: Zone=CLEAR  left[p=1.183 near=0 v=5488]  front[p=2.605 near=0 v=11075]  right[p=1.598 near=0 v=7740]
[robot_supervisor-7] [INFO] [1777470523.843073694] [robot_0.robot_supervisor]: Detected zone changed to CLEAR
[robot_supervisor-16] [INFO] [1777470523.864402449] [robot_3.robot_supervisor]: FULL ROTATE active (accum_rad=2.008, timed_fallback=False, stall_count=0)
[robot_supervisor-16] [INFO] [1777470523.964169074] [robot_3.robot_supervisor]: FULL ROTATE active (accum_rad=2.108, timed_fallback=False, stall_count=0)
[bump_counter-3] [INFO] [1777470523.977962485] [bump_counter]: [global] bump #18 (obstacle) with: cylinder1::link::collision
[robot_supervisor-16] [INFO] [1777470524.064177812] [robot_3.robot_supervisor]: FULL ROTATE active (accum_rad=2.208, timed_fallback=False, stall_count=0)
[robot_supervisor-16] [INFO] [1777470524.164136472] [robot_3.robot_supervisor]: FULL ROTATE active (accum_rad=2.308, timed_fallback=False, stall_count=0)
[robot_supervisor-16] [INFO] [1777470524.264169474] [robot_3.robot_supervisor]: FULL ROTATE active (accum_rad=2.408, timed_fallback=False, stall_count=0)
[robot_supervisor-16] [INFO] [1777470524.364007624] [robot_3.robot_supervisor]: FULL ROTATE active (accum_rad=2.508, timed_fallback=False, stall_count=0)
[robot_supervisor-16] [INFO] [1777470524.464256416] [robot_3.robot_supervisor]: FULL ROTATE active (accum_rad=2.608, timed_fallback=False, stall_count=0)
[robot_supervisor-16] [INFO] [1777470524.564366194] [robot_3.robot_supervisor]: FULL ROTATE active (accum_rad=2.708, timed_fallback=False, stall_count=0)
[robot_supervisor-16] [INFO] [1777470524.664500248] [robot_3.robot_supervisor]: FULL ROTATE active (accum_rad=2.808, timed_fallback=False, stall_count=0)
[robot_supervisor-10] [INFO] [1777470524.709303984] [robot_1.robot_supervisor]: Selected controllable event: EV_move_forward
[robot_supervisor-16] [INFO] [1777470524.764378399] [robot_3.robot_supervisor]: FULL ROTATE active (accum_rad=2.908, timed_fallback=False, stall_count=0)
[robot_supervisor-16] [INFO] [1777470524.864495467] [robot_3.robot_supervisor]: FULL ROTATE active (accum_rad=3.008, timed_fallback=False, stall_count=0)
[robot_supervisor-16] [INFO] [1777470524.964522167] [robot_3.robot_supervisor]: FULL ROTATE active (accum_rad=3.108, timed_fallback=False, stall_count=0)
[robot_supervisor-16] [INFO] [1777470524.965237031] [robot_3.robot_supervisor]: FULL ROTATE completed by odom (accum_rad=3.208)
[robot_supervisor-16] [INFO] [1777470524.965898950] [robot_3.robot_supervisor]: FULL ROTATE stopped; supervisor will select next event next tick
[robot_supervisor-10] [INFO] [1777470525.009600399] [robot_1.robot_supervisor]: Selected controllable event: EV_random_walk
[robot_supervisor-13] [INFO] [1777470525.098551993] [robot_2.robot_supervisor]: Selected controllable event: EV_move_backward
[robot_supervisor-16] [INFO] [1777470525.264635711] [robot_3.robot_supervisor]: Selected controllable event: EV_move_backward
[robot_supervisor-19] [INFO] [1777470525.291170677] [robot_4.robot_supervisor]: Selected controllable event: EV_move_backward
[robot_supervisor-10] [INFO] [1777470525.309389259] [robot_1.robot_supervisor]: Selected controllable event: EV_move_forward
[robot_supervisor-7] [INFO] [1777470525.321186524] [robot_0.robot_supervisor]: Selected controllable event: EV_full_rotate
[robot_supervisor-7] [INFO] [1777470525.321502266] [robot_0.robot_supervisor]: Starting FULL ROTATE (omega=1.000, have_odom=True, target_rad=3.142, timeout_s=3.500)
[robot_supervisor-7] [INFO] [1777470525.420745776] [robot_0.robot_supervisor]: FULL ROTATE active (accum_rad=0.000, timed_fallback=False, stall_count=0)
[robot_supervisor-13] [INFO] [1777470525.498830154] [robot_2.robot_supervisor]: Selected controllable event: EV_rotate_clockwise
[robot_supervisor-7] [INFO] [1777470525.520787600] [robot_0.robot_supervisor]: FULL ROTATE active (accum_rad=0.005, timed_fallback=False, stall_count=0)
[robot_supervisor-10] [INFO] [1777470525.609559021] [robot_1.robot_supervisor]: Selected controllable event: EV_random_walk
[robot_supervisor-7] [INFO] [1777470525.620738239] [robot_0.robot_supervisor]: FULL ROTATE active (accum_rad=0.030, timed_fallback=False, stall_count=0)
[robot_supervisor-16] [INFO] [1777470525.664310229] [robot_3.robot_supervisor]: Selected controllable event: EV_rotate_clockwise
[robot_supervisor-19] [INFO] [1777470525.691227547] [robot_4.robot_supervisor]: Selected controllable event: EV_rotate_clockwise
[robot_supervisor-7] [INFO] [1777470525.720685615] [robot_0.robot_supervisor]: FULL ROTATE active (accum_rad=0.084, timed_fallback=False, stall_count=0)
[robot_supervisor-7] [INFO] [1777470525.821528275] [robot_0.robot_supervisor]: FULL ROTATE active (accum_rad=0.169, timed_fallback=False, stall_count=0)
[robot_supervisor-7] [INFO] [1777470525.921007975] [robot_0.robot_supervisor]: FULL ROTATE active (accum_rad=0.269, timed_fallback=False, stall_count=0)
[robot_supervisor-7] [INFO] [1777470526.021018809] [robot_0.robot_supervisor]: FULL ROTATE active (accum_rad=0.369, timed_fallback=False, stall_count=0)
[robot_supervisor-7] [INFO] [1777470526.120562585] [robot_0.robot_supervisor]: FULL ROTATE active (accum_rad=0.469, timed_fallback=False, stall_count=0)
[robot_supervisor-7] [INFO] [1777470526.220765622] [robot_0.robot_supervisor]: FULL ROTATE active (accum_rad=0.569, timed_fallback=False, stall_count=0)
[image_processor-22] [INFO] [1777470526.303642049] [robot_1.image_processor]: Zone=CLEAR
[robot_supervisor-7] [INFO] [1777470526.320581743] [robot_0.robot_supervisor]: FULL ROTATE active (accum_rad=0.669, timed_fallback=False, stall_count=0)
[image_processor-24] [INFO] [1777470526.323628734] [robot_3.image_processor]: Zone=CORNER
[image_processor-25] [INFO] [1777470526.339130373] [robot_4.image_processor]: Zone=CORNER
[image_processor-23] [INFO] [1777470526.349626205] [robot_2.image_processor]: Zone=RIGHT  left[p=2.078 near=0 v=7650]  front[p=0.936 near=0 v=13500]  right[p=0.640 near=6012 v=7740]
[robot_supervisor-13] [INFO] [1777470526.350341764] [robot_2.robot_supervisor]: Detected zone changed to RIGHT
[image_processor-21] [INFO] [1777470526.365495967] [robot_0.image_processor]: Zone=CORNER  left[p=3.302 near=0 v=6623]  front[p=0.348 near=3639 v=13500]  right[p=0.230 near=7740 v=7740]
[robot_supervisor-7] [INFO] [1777470526.366213279] [robot_0.robot_supervisor]: Detected zone changed to CORNER
[robot_supervisor-7] [INFO] [1777470526.420938257] [robot_0.robot_supervisor]: FULL ROTATE active (accum_rad=0.769, timed_fallback=False, stall_count=0)
[robot_supervisor-7] [INFO] [1777470526.520736881] [robot_0.robot_supervisor]: FULL ROTATE active (accum_rad=0.869, timed_fallback=False, stall_count=0)
[robot_supervisor-7] [INFO] [1777470526.620590220] [robot_0.robot_supervisor]: FULL ROTATE active (accum_rad=0.969, timed_fallback=False, stall_count=0)
[robot_supervisor-7] [INFO] [1777470526.721265739] [robot_0.robot_supervisor]: FULL ROTATE active (accum_rad=1.069, timed_fallback=False, stall_count=0)
[robot_supervisor-10] [INFO] [1777470526.809555596] [robot_1.robot_supervisor]: Selected controllable event: EV_move_forward
[robot_supervisor-7] [INFO] [1777470526.820633912] [robot_0.robot_supervisor]: FULL ROTATE active (accum_rad=1.169, timed_fallback=False, stall_count=0)
[robot_supervisor-7] [INFO] [1777470526.920783519] [robot_0.robot_supervisor]: FULL ROTATE active (accum_rad=1.269, timed_fallback=False, stall_count=0)
[robot_supervisor-7] [INFO] [1777470527.020811517] [robot_0.robot_supervisor]: FULL ROTATE active (accum_rad=1.369, timed_fallback=False, stall_count=0)
[robot_supervisor-10] [INFO] [1777470527.109785531] [robot_1.robot_supervisor]: Selected controllable event: EV_random_walk
[robot_supervisor-7] [INFO] [1777470527.120781418] [robot_0.robot_supervisor]: FULL ROTATE active (accum_rad=1.469, timed_fallback=False, stall_count=0)
[robot_supervisor-7] [INFO] [1777470527.220619039] [robot_0.robot_supervisor]: FULL ROTATE active (accum_rad=1.569, timed_fallback=False, stall_count=0)
[robot_supervisor-7] [INFO] [1777470527.320607651] [robot_0.robot_supervisor]: FULL ROTATE active (accum_rad=1.669, timed_fallback=False, stall_count=0)
[robot_supervisor-10] [INFO] [1777470527.409739624] [robot_1.robot_supervisor]: Selected controllable event: EV_move_forward
[robot_supervisor-7] [INFO] [1777470527.420952234] [robot_0.robot_supervisor]: FULL ROTATE active (accum_rad=1.769, timed_fallback=False, stall_count=0)
[robot_supervisor-7] [INFO] [1777470527.520917753] [robot_0.robot_supervisor]: FULL ROTATE active (accum_rad=1.869, timed_fallback=False, stall_count=0)
[robot_supervisor-13] [INFO] [1777470527.598779880] [robot_2.robot_supervisor]: Selected controllable event: EV_full_rotate
[robot_supervisor-13] [INFO] [1777470527.599165910] [robot_2.robot_supervisor]: Starting FULL ROTATE (omega=1.000, have_odom=True, target_rad=3.142, timeout_s=3.500)
[robot_supervisor-7] [INFO] [1777470527.621024958] [robot_0.robot_supervisor]: FULL ROTATE active (accum_rad=1.969, timed_fallback=False, stall_count=0)
[robot_supervisor-13] [INFO] [1777470527.698508158] [robot_2.robot_supervisor]: FULL ROTATE active (accum_rad=0.000, timed_fallback=False, stall_count=0)
[robot_supervisor-10] [INFO] [1777470527.709324196] [robot_1.robot_supervisor]: Selected controllable event: EV_random_walk
[robot_supervisor-7] [INFO] [1777470527.720630284] [robot_0.robot_supervisor]: FULL ROTATE active (accum_rad=2.069, timed_fallback=False, stall_count=0)
[robot_supervisor-13] [INFO] [1777470527.798348669] [robot_2.robot_supervisor]: FULL ROTATE active (accum_rad=0.000, timed_fallback=False, stall_count=1)
[robot_supervisor-7] [INFO] [1777470527.820764412] [robot_0.robot_supervisor]: FULL ROTATE active (accum_rad=2.169, timed_fallback=False, stall_count=0)
[robot_supervisor-16] [INFO] [1777470527.864216079] [robot_3.robot_supervisor]: Selected controllable event: EV_full_rotate
[robot_supervisor-16] [INFO] [1777470527.864499462] [robot_3.robot_supervisor]: Starting FULL ROTATE (omega=1.000, have_odom=True, target_rad=3.142, timeout_s=3.500)
[robot_supervisor-19] [INFO] [1777470527.891524837] [robot_4.robot_supervisor]: Selected controllable event: EV_full_rotate
[robot_supervisor-19] [INFO] [1777470527.891884303] [robot_4.robot_supervisor]: Starting FULL ROTATE (omega=1.000, have_odom=True, target_rad=3.142, timeout_s=3.500)
[robot_supervisor-13] [INFO] [1777470527.898545230] [robot_2.robot_supervisor]: FULL ROTATE active (accum_rad=0.031, timed_fallback=False, stall_count=0)
[robot_supervisor-7] [INFO] [1777470527.920754772] [robot_0.robot_supervisor]: FULL ROTATE active (accum_rad=2.269, timed_fallback=False, stall_count=0)
[robot_supervisor-16] [INFO] [1777470527.964167074] [robot_3.robot_supervisor]: FULL ROTATE active (accum_rad=0.000, timed_fallback=False, stall_count=0)
[robot_supervisor-19] [INFO] [1777470527.991391606] [robot_4.robot_supervisor]: FULL ROTATE active (accum_rad=0.000, timed_fallback=False, stall_count=0)
[robot_supervisor-13] [INFO] [1777470527.998656386] [robot_2.robot_supervisor]: FULL ROTATE active (accum_rad=0.091, timed_fallback=False, stall_count=0)
[robot_supervisor-7] [INFO] [1777470528.020577052] [robot_0.robot_supervisor]: FULL ROTATE active (accum_rad=2.369, timed_fallback=False, stall_count=0)
[robot_supervisor-16] [INFO] [1777470528.064159383] [robot_3.robot_supervisor]: FULL ROTATE active (accum_rad=0.008, timed_fallback=False, stall_count=0)
[robot_supervisor-19] [INFO] [1777470528.091417549] [robot_4.robot_supervisor]: FULL ROTATE active (accum_rad=0.013, timed_fallback=False, stall_count=0)
[robot_supervisor-13] [INFO] [1777470528.098557014] [robot_2.robot_supervisor]: FULL ROTATE active (accum_rad=0.181, timed_fallback=False, stall_count=0)
[robot_supervisor-7] [INFO] [1777470528.120764829] [robot_0.robot_supervisor]: FULL ROTATE active (accum_rad=2.469, timed_fallback=False, stall_count=0)
[robot_supervisor-16] [INFO] [1777470528.164255383] [robot_3.robot_supervisor]: FULL ROTATE active (accum_rad=0.046, timed_fallback=False, stall_count=0)
[robot_supervisor-19] [INFO] [1777470528.191417221] [robot_4.robot_supervisor]: FULL ROTATE active (accum_rad=0.057, timed_fallback=False, stall_count=0)
[robot_supervisor-13] [INFO] [1777470528.198485023] [robot_2.robot_supervisor]: FULL ROTATE active (accum_rad=0.281, timed_fallback=False, stall_count=0)
[robot_supervisor-7] [INFO] [1777470528.220671811] [robot_0.robot_supervisor]: FULL ROTATE active (accum_rad=2.569, timed_fallback=False, stall_count=0)
[robot_supervisor-16] [INFO] [1777470528.264012229] [robot_3.robot_supervisor]: FULL ROTATE active (accum_rad=0.113, timed_fallback=False, stall_count=0)
[robot_supervisor-19] [INFO] [1777470528.291456893] [robot_4.robot_supervisor]: FULL ROTATE active (accum_rad=0.130, timed_fallback=False, stall_count=0)
[robot_supervisor-13] [INFO] [1777470528.298540486] [robot_2.robot_supervisor]: FULL ROTATE active (accum_rad=0.381, timed_fallback=False, stall_count=0)
[robot_supervisor-7] [INFO] [1777470528.320600826] [robot_0.robot_supervisor]: FULL ROTATE active (accum_rad=2.669, timed_fallback=False, stall_count=0)
[robot_supervisor-16] [INFO] [1777470528.364543293] [robot_3.robot_supervisor]: FULL ROTATE active (accum_rad=0.208, timed_fallback=False, stall_count=0)
[robot_supervisor-19] [INFO] [1777470528.391475010] [robot_4.robot_supervisor]: FULL ROTATE active (accum_rad=0.228, timed_fallback=False, stall_count=0)
[robot_supervisor-13] [INFO] [1777470528.398738277] [robot_2.robot_supervisor]: FULL ROTATE active (accum_rad=0.481, timed_fallback=False, stall_count=0)
[robot_supervisor-7] [INFO] [1777470528.420596490] [robot_0.robot_supervisor]: FULL ROTATE active (accum_rad=2.769, timed_fallback=False, stall_count=0)
[robot_supervisor-16] [INFO] [1777470528.464269578] [robot_3.robot_supervisor]: FULL ROTATE active (accum_rad=0.308, timed_fallback=False, stall_count=0)
[robot_supervisor-19] [INFO] [1777470528.491322926] [robot_4.robot_supervisor]: FULL ROTATE active (accum_rad=0.328, timed_fallback=False, stall_count=0)
[robot_supervisor-13] [INFO] [1777470528.498515068] [robot_2.robot_supervisor]: FULL ROTATE active (accum_rad=0.581, timed_fallback=False, stall_count=0)
[robot_supervisor-7] [INFO] [1777470528.520515878] [robot_0.robot_supervisor]: FULL ROTATE active (accum_rad=2.869, timed_fallback=False, stall_count=0)
[robot_supervisor-16] [INFO] [1777470528.564108681] [robot_3.robot_supervisor]: FULL ROTATE active (accum_rad=0.408, timed_fallback=False, stall_count=0)
[robot_supervisor-19] [INFO] [1777470528.591165393] [robot_4.robot_supervisor]: FULL ROTATE active (accum_rad=0.428, timed_fallback=False, stall_count=0)
[robot_supervisor-13] [INFO] [1777470528.598467758] [robot_2.robot_supervisor]: FULL ROTATE active (accum_rad=0.681, timed_fallback=False, stall_count=0)
[robot_supervisor-7] [INFO] [1777470528.620656211] [robot_0.robot_supervisor]: FULL ROTATE active (accum_rad=2.969, timed_fallback=False, stall_count=0)
[robot_supervisor-16] [INFO] [1777470528.664013605] [robot_3.robot_supervisor]: FULL ROTATE active (accum_rad=0.508, timed_fallback=False, stall_count=0)
[robot_supervisor-19] [INFO] [1777470528.691210040] [robot_4.robot_supervisor]: FULL ROTATE active (accum_rad=0.528, timed_fallback=False, stall_count=0)
[robot_supervisor-13] [INFO] [1777470528.698533884] [robot_2.robot_supervisor]: FULL ROTATE active (accum_rad=0.781, timed_fallback=False, stall_count=0)
[robot_supervisor-7] [INFO] [1777470528.720732553] [robot_0.robot_supervisor]: FULL ROTATE active (accum_rad=3.069, timed_fallback=False, stall_count=0)
[robot_supervisor-7] [INFO] [1777470528.721229283] [robot_0.robot_supervisor]: FULL ROTATE completed by odom (accum_rad=3.169)
[robot_supervisor-7] [INFO] [1777470528.721645446] [robot_0.robot_supervisor]: FULL ROTATE stopped; supervisor will select next event next tick
[bump_counter-3] [INFO] [1777470528.738230899] [bump_counter]: [global] bump #19 (obstacle) with: cylinder1::link::collision
[robot_supervisor-16] [INFO] [1777470528.764331511] [robot_3.robot_supervisor]: FULL ROTATE active (accum_rad=0.608, timed_fallback=False, stall_count=0)
[robot_supervisor-19] [INFO] [1777470528.791259115] [robot_4.robot_supervisor]: FULL ROTATE active (accum_rad=0.628, timed_fallback=False, stall_count=0)
[robot_supervisor-13] [INFO] [1777470528.798497121] [robot_2.robot_supervisor]: FULL ROTATE active (accum_rad=0.881, timed_fallback=False, stall_count=0)
[image_processor-22] [INFO] [1777470528.801809912] [robot_1.image_processor]: Zone=CLEAR
[image_processor-24] [INFO] [1777470528.812380047] [robot_3.image_processor]: Zone=CORNER
[image_processor-25] [INFO] [1777470528.822526549] [robot_4.image_processor]: Zone=CORNER
[image_processor-23] [INFO] [1777470528.832584770] [robot_2.image_processor]: Zone=RIGHT
[image_processor-21] [INFO] [1777470528.852664200] [robot_0.image_processor]: Zone=CLEAR  left[p=2.324 near=0 v=6738]  front[p=2.826 near=0 v=8331]  right[p=1.065 near=0 v=4854]
[robot_supervisor-7] [INFO] [1777470528.853372605] [robot_0.robot_supervisor]: Detected zone changed to CLEAR
[robot_supervisor-16] [INFO] [1777470528.864254026] [robot_3.robot_supervisor]: FULL ROTATE active (accum_rad=0.708, timed_fallback=False, stall_count=0)
[robot_supervisor-19] [INFO] [1777470528.891253220] [robot_4.robot_supervisor]: FULL ROTATE active (accum_rad=0.728, timed_fallback=False, stall_count=0)
[robot_supervisor-13] [INFO] [1777470528.898513784] [robot_2.robot_supervisor]: FULL ROTATE active (accum_rad=0.981, timed_fallback=False, stall_count=0)
[robot_supervisor-16] [INFO] [1777470528.964245205] [robot_3.robot_supervisor]: FULL ROTATE active (accum_rad=0.808, timed_fallback=False, stall_count=0)
[robot_supervisor-19] [INFO] [1777470528.991209838] [robot_4.robot_supervisor]: FULL ROTATE active (accum_rad=0.828, timed_fallback=False, stall_count=0)
[robot_supervisor-13] [INFO] [1777470528.998402206] [robot_2.robot_supervisor]: FULL ROTATE active (accum_rad=1.081, timed_fallback=False, stall_count=0)
[robot_supervisor-7] [INFO] [1777470529.021029114] [robot_0.robot_supervisor]: Selected controllable event: EV_move_forward
[robot_supervisor-16] [INFO] [1777470529.064350455] [robot_3.robot_supervisor]: FULL ROTATE active (accum_rad=0.908, timed_fallback=False, stall_count=0)
[robot_supervisor-19] [INFO] [1777470529.091179436] [robot_4.robot_supervisor]: FULL ROTATE active (accum_rad=0.928, timed_fallback=False, stall_count=0)
[robot_supervisor-13] [INFO] [1777470529.098248019] [robot_2.robot_supervisor]: FULL ROTATE active (accum_rad=1.181, timed_fallback=False, stall_count=0)
[robot_supervisor-16] [INFO] [1777470529.164227387] [robot_3.robot_supervisor]: FULL ROTATE active (accum_rad=1.008, timed_fallback=False, stall_count=0)
[robot_supervisor-19] [INFO] [1777470529.191167498] [robot_4.robot_supervisor]: FULL ROTATE active (accum_rad=1.028, timed_fallback=False, stall_count=0)
[robot_supervisor-13] [INFO] [1777470529.198293309] [robot_2.robot_supervisor]: FULL ROTATE active (accum_rad=1.281, timed_fallback=False, stall_count=0)
[robot_supervisor-10] [INFO] [1777470529.209497830] [robot_1.robot_supervisor]: Selected controllable event: EV_move_forward
[robot_supervisor-16] [INFO] [1777470529.264235340] [robot_3.robot_supervisor]: FULL ROTATE active (accum_rad=1.108, timed_fallback=False, stall_count=0)
[robot_supervisor-19] [INFO] [1777470529.291250152] [robot_4.robot_supervisor]: FULL ROTATE active (accum_rad=1.128, timed_fallback=False, stall_count=0)
[robot_supervisor-13] [INFO] [1777470529.298503654] [robot_2.robot_supervisor]: FULL ROTATE active (accum_rad=1.381, timed_fallback=False, stall_count=0)
[robot_supervisor-7] [INFO] [1777470529.320811476] [robot_0.robot_supervisor]: Selected controllable event: EV_random_walk
[robot_supervisor-16] [INFO] [1777470529.364303490] [robot_3.robot_supervisor]: FULL ROTATE active (accum_rad=1.208, timed_fallback=False, stall_count=0)
[robot_supervisor-19] [INFO] [1777470529.391268545] [robot_4.robot_supervisor]: FULL ROTATE active (accum_rad=1.228, timed_fallback=False, stall_count=0)
[robot_supervisor-13] [INFO] [1777470529.398353772] [robot_2.robot_supervisor]: FULL ROTATE active (accum_rad=1.481, timed_fallback=False, stall_count=0)
[robot_supervisor-16] [INFO] [1777470529.464124525] [robot_3.robot_supervisor]: FULL ROTATE active (accum_rad=1.308, timed_fallback=False, stall_count=0)
[robot_supervisor-19] [INFO] [1777470529.491481545] [robot_4.robot_supervisor]: FULL ROTATE active (accum_rad=1.328, timed_fallback=False, stall_count=0)
[robot_supervisor-13] [INFO] [1777470529.498307032] [robot_2.robot_supervisor]: FULL ROTATE active (accum_rad=1.581, timed_fallback=False, stall_count=0)
[robot_supervisor-10] [INFO] [1777470529.509326668] [robot_1.robot_supervisor]: Selected controllable event: EV_random_walk
[robot_supervisor-16] [INFO] [1777470529.564188642] [robot_3.robot_supervisor]: FULL ROTATE active (accum_rad=1.408, timed_fallback=False, stall_count=0)
[robot_supervisor-19] [INFO] [1777470529.591396158] [robot_4.robot_supervisor]: FULL ROTATE active (accum_rad=1.428, timed_fallback=False, stall_count=0)
[robot_supervisor-13] [INFO] [1777470529.598307599] [robot_2.robot_supervisor]: FULL ROTATE active (accum_rad=1.681, timed_fallback=False, stall_count=0)
[robot_supervisor-7] [INFO] [1777470529.620653344] [robot_0.robot_supervisor]: Selected controllable event: EV_move_forward
[robot_supervisor-16] [INFO] [1777470529.664487377] [robot_3.robot_supervisor]: FULL ROTATE active (accum_rad=1.508, timed_fallback=False, stall_count=0)
[robot_supervisor-19] [INFO] [1777470529.691288923] [robot_4.robot_supervisor]: FULL ROTATE active (accum_rad=1.528, timed_fallback=False, stall_count=0)
[robot_supervisor-13] [INFO] [1777470529.698547405] [robot_2.robot_supervisor]: FULL ROTATE active (accum_rad=1.781, timed_fallback=False, stall_count=0)
[robot_supervisor-16] [INFO] [1777470529.764382222] [robot_3.robot_supervisor]: FULL ROTATE active (accum_rad=1.608, timed_fallback=False, stall_count=0)
[robot_supervisor-19] [INFO] [1777470529.791312377] [robot_4.robot_supervisor]: FULL ROTATE active (accum_rad=1.628, timed_fallback=False, stall_count=0)
[robot_supervisor-13] [INFO] [1777470529.798270894] [robot_2.robot_supervisor]: FULL ROTATE active (accum_rad=1.881, timed_fallback=False, stall_count=0)
[robot_supervisor-16] [INFO] [1777470529.864472520] [robot_3.robot_supervisor]: FULL ROTATE active (accum_rad=1.708, timed_fallback=False, stall_count=0)
[robot_supervisor-19] [INFO] [1777470529.891232512] [robot_4.robot_supervisor]: FULL ROTATE active (accum_rad=1.728, timed_fallback=False, stall_count=0)
[robot_supervisor-13] [INFO] [1777470529.898697277] [robot_2.robot_supervisor]: FULL ROTATE active (accum_rad=1.981, timed_fallback=False, stall_count=0)
[robot_supervisor-7] [INFO] [1777470529.920886369] [robot_0.robot_supervisor]: Selected controllable event: EV_random_walk
[robot_supervisor-16] [INFO] [1777470529.964456973] [robot_3.robot_supervisor]: FULL ROTATE active (accum_rad=1.808, timed_fallback=False, stall_count=0)
[robot_supervisor-19] [INFO] [1777470529.991223976] [robot_4.robot_supervisor]: FULL ROTATE active (accum_rad=1.828, timed_fallback=False, stall_count=0)
[robot_supervisor-13] [INFO] [1777470529.998702556] [robot_2.robot_supervisor]: FULL ROTATE active (accum_rad=2.081, timed_fallback=False, stall_count=0)
[robot_supervisor-16] [INFO] [1777470530.064453249] [robot_3.robot_supervisor]: FULL ROTATE active (accum_rad=1.908, timed_fallback=False, stall_count=0)
[robot_supervisor-19] [INFO] [1777470530.091229592] [robot_4.robot_supervisor]: FULL ROTATE active (accum_rad=1.928, timed_fallback=False, stall_count=0)
[robot_supervisor-13] [INFO] [1777470530.098422489] [robot_2.robot_supervisor]: FULL ROTATE active (accum_rad=2.181, timed_fallback=False, stall_count=0)
[robot_supervisor-16] [INFO] [1777470530.164125998] [robot_3.robot_supervisor]: FULL ROTATE active (accum_rad=2.008, timed_fallback=False, stall_count=0)
[robot_supervisor-19] [INFO] [1777470530.191242338] [robot_4.robot_supervisor]: FULL ROTATE active (accum_rad=2.028, timed_fallback=False, stall_count=0)
[robot_supervisor-13] [INFO] [1777470530.198450900] [robot_2.robot_supervisor]: FULL ROTATE active (accum_rad=2.281, timed_fallback=False, stall_count=0)
[robot_supervisor-7] [INFO] [1777470530.220998720] [robot_0.robot_supervisor]: Selected controllable event: EV_move_forward
[robot_supervisor-16] [INFO] [1777470530.264107473] [robot_3.robot_supervisor]: FULL ROTATE active (accum_rad=2.108, timed_fallback=False, stall_count=0)
[robot_supervisor-19] [INFO] [1777470530.291462065] [robot_4.robot_supervisor]: FULL ROTATE active (accum_rad=2.128, timed_fallback=False, stall_count=0)
[robot_supervisor-13] [INFO] [1777470530.298527779] [robot_2.robot_supervisor]: FULL ROTATE active (accum_rad=2.381, timed_fallback=False, stall_count=0)
[robot_supervisor-16] [INFO] [1777470530.364498238] [robot_3.robot_supervisor]: FULL ROTATE active (accum_rad=2.208, timed_fallback=False, stall_count=0)
[robot_supervisor-19] [INFO] [1777470530.391259645] [robot_4.robot_supervisor]: FULL ROTATE active (accum_rad=2.228, timed_fallback=False, stall_count=0)
[robot_supervisor-13] [INFO] [1777470530.398498142] [robot_2.robot_supervisor]: FULL ROTATE active (accum_rad=2.481, timed_fallback=False, stall_count=0)
[robot_supervisor-16] [INFO] [1777470530.464425925] [robot_3.robot_supervisor]: FULL ROTATE active (accum_rad=2.308, timed_fallback=False, stall_count=0)
[robot_supervisor-19] [INFO] [1777470530.491481423] [robot_4.robot_supervisor]: FULL ROTATE active (accum_rad=2.328, timed_fallback=False, stall_count=0)
[robot_supervisor-13] [INFO] [1777470530.498448308] [robot_2.robot_supervisor]: FULL ROTATE active (accum_rad=2.581, timed_fallback=False, stall_count=0)
[robot_supervisor-7] [INFO] [1777470530.520798250] [robot_0.robot_supervisor]: Selected controllable event: EV_random_walk
[robot_supervisor-16] [INFO] [1777470530.564084958] [robot_3.robot_supervisor]: FULL ROTATE active (accum_rad=2.408, timed_fallback=False, stall_count=0)
[robot_supervisor-19] [INFO] [1777470530.591219564] [robot_4.robot_supervisor]: FULL ROTATE active (accum_rad=2.428, timed_fallback=False, stall_count=0)
[robot_supervisor-13] [INFO] [1777470530.598467602] [robot_2.robot_supervisor]: FULL ROTATE active (accum_rad=2.681, timed_fallback=False, stall_count=0)
[robot_supervisor-16] [INFO] [1777470530.664219773] [robot_3.robot_supervisor]: FULL ROTATE active (accum_rad=2.508, timed_fallback=False, stall_count=0)
[robot_supervisor-19] [INFO] [1777470530.691194614] [robot_4.robot_supervisor]: FULL ROTATE active (accum_rad=2.528, timed_fallback=False, stall_count=0)
[robot_supervisor-13] [INFO] [1777470530.698634021] [robot_2.robot_supervisor]: FULL ROTATE active (accum_rad=2.781, timed_fallback=False, stall_count=0)
[robot_supervisor-16] [INFO] [1777470530.764169808] [robot_3.robot_supervisor]: FULL ROTATE active (accum_rad=2.608, timed_fallback=False, stall_count=0)
[robot_supervisor-19] [INFO] [1777470530.791223193] [robot_4.robot_supervisor]: FULL ROTATE active (accum_rad=2.628, timed_fallback=False, stall_count=0)
[robot_supervisor-13] [INFO] [1777470530.798599312] [robot_2.robot_supervisor]: FULL ROTATE active (accum_rad=2.881, timed_fallback=False, stall_count=0)
[robot_supervisor-7] [INFO] [1777470530.820808051] [robot_0.robot_supervisor]: Selected controllable event: EV_move_forward
[robot_supervisor-16] [INFO] [1777470530.864121280] [robot_3.robot_supervisor]: FULL ROTATE active (accum_rad=2.708, timed_fallback=False, stall_count=0)
[robot_supervisor-19] [INFO] [1777470530.891498253] [robot_4.robot_supervisor]: FULL ROTATE active (accum_rad=2.728, timed_fallback=False, stall_count=0)
[robot_supervisor-13] [INFO] [1777470530.898500920] [robot_2.robot_supervisor]: FULL ROTATE active (accum_rad=2.981, timed_fallback=False, stall_count=0)
[robot_supervisor-16] [INFO] [1777470530.964455270] [robot_3.robot_supervisor]: FULL ROTATE active (accum_rad=2.808, timed_fallback=False, stall_count=0)
[robot_supervisor-19] [INFO] [1777470530.991334951] [robot_4.robot_supervisor]: FULL ROTATE active (accum_rad=2.828, timed_fallback=False, stall_count=0)
[robot_supervisor-13] [INFO] [1777470530.998519716] [robot_2.robot_supervisor]: FULL ROTATE active (accum_rad=3.081, timed_fallback=False, stall_count=0)
[robot_supervisor-13] [INFO] [1777470530.999006941] [robot_2.robot_supervisor]: FULL ROTATE completed by odom (accum_rad=3.181)
[robot_supervisor-13] [INFO] [1777470530.999420252] [robot_2.robot_supervisor]: FULL ROTATE stopped; supervisor will select next event next tick
[robot_supervisor-10] [INFO] [1777470531.009502923] [robot_1.robot_supervisor]: Selected controllable event: EV_move_forward
[robot_supervisor-16] [INFO] [1777470531.064428591] [robot_3.robot_supervisor]: FULL ROTATE active (accum_rad=2.908, timed_fallback=False, stall_count=0)
[robot_supervisor-19] [INFO] [1777470531.091401705] [robot_4.robot_supervisor]: FULL ROTATE active (accum_rad=2.928, timed_fallback=False, stall_count=0)
[robot_supervisor-7] [INFO] [1777470531.120977722] [robot_0.robot_supervisor]: Selected controllable event: EV_random_walk
[robot_supervisor-16] [INFO] [1777470531.164387385] [robot_3.robot_supervisor]: FULL ROTATE active (accum_rad=3.008, timed_fallback=False, stall_count=0)
[robot_supervisor-19] [INFO] [1777470531.191243809] [robot_4.robot_supervisor]: FULL ROTATE active (accum_rad=3.028, timed_fallback=False, stall_count=0)
[robot_supervisor-16] [INFO] [1777470531.264257522] [robot_3.robot_supervisor]: FULL ROTATE active (accum_rad=3.108, timed_fallback=False, stall_count=0)
[robot_supervisor-16] [INFO] [1777470531.264737474] [robot_3.robot_supervisor]: FULL ROTATE completed by odom (accum_rad=3.208)
[robot_supervisor-16] [INFO] [1777470531.265110343] [robot_3.robot_supervisor]: FULL ROTATE stopped; supervisor will select next event next tick
[robot_supervisor-19] [INFO] [1777470531.291212788] [robot_4.robot_supervisor]: FULL ROTATE active (accum_rad=3.128, timed_fallback=False, stall_count=0)
[robot_supervisor-19] [INFO] [1777470531.291661653] [robot_4.robot_supervisor]: FULL ROTATE completed by odom (accum_rad=3.228)
[robot_supervisor-19] [INFO] [1777470531.292043145] [robot_4.robot_supervisor]: FULL ROTATE stopped; supervisor will select next event next tick
[robot_supervisor-10] [INFO] [1777470531.309535490] [robot_1.robot_supervisor]: Selected controllable event: EV_random_walk
[image_processor-22] [INFO] [1777470531.317851027] [robot_1.image_processor]: Zone=CLEAR
[image_processor-24] [INFO] [1777470531.336069523] [robot_3.image_processor]: Zone=CLEAR  left[p=0.802 near=687 v=7650]  front[p=0.949 near=0 v=13500]  right[p=1.332 near=0 v=5575]
[robot_supervisor-16] [INFO] [1777470531.337487540] [robot_3.robot_supervisor]: Detected zone changed to CLEAR
[image_processor-25] [INFO] [1777470531.348296950] [robot_4.image_processor]: Zone=CLEAR  left[p=2.861 near=0 v=5837]  front[p=2.823 near=0 v=8951]  right[p=3.042 near=0 v=5605]
[robot_supervisor-19] [INFO] [1777470531.348944169] [robot_4.robot_supervisor]: Detected zone changed to CLEAR
[image_processor-23] [INFO] [1777470531.366780792] [robot_2.image_processor]: Zone=RIGHT
[image_processor-21] [INFO] [1777470531.381280528] [robot_0.image_processor]: Zone=CLEAR
[robot_supervisor-13] [INFO] [1777470531.398333669] [robot_2.robot_supervisor]: Selected controllable event: EV_rotate_counterclockwise
[robot_supervisor-19] [INFO] [1777470531.591354402] [robot_4.robot_supervisor]: Selected controllable event: EV_move_forward
[robot_supervisor-10] [INFO] [1777470531.609208028] [robot_1.robot_supervisor]: Selected controllable event: EV_move_forward
[robot_supervisor-16] [INFO] [1777470531.664010483] [robot_3.robot_supervisor]: Selected controllable event: EV_move_forward
[robot_supervisor-19] [INFO] [1777470531.891352298] [robot_4.robot_supervisor]: Selected controllable event: EV_random_walk
[robot_supervisor-10] [INFO] [1777470531.909171241] [robot_1.robot_supervisor]: Selected controllable event: EV_random_walk
[robot_supervisor-16] [INFO] [1777470531.964313755] [robot_3.robot_supervisor]: Selected controllable event: EV_random_walk
[robot_supervisor-19] [INFO] [1777470532.191539022] [robot_4.robot_supervisor]: Selected controllable event: EV_move_forward
[robot_supervisor-10] [INFO] [1777470532.209472262] [robot_1.robot_supervisor]: Selected controllable event: EV_move_forward
[robot_supervisor-16] [INFO] [1777470532.264117692] [robot_3.robot_supervisor]: Selected controllable event: EV_move_forward
[robot_supervisor-19] [INFO] [1777470532.491331438] [robot_4.robot_supervisor]: Selected controllable event: EV_random_walk
[robot_supervisor-10] [INFO] [1777470532.509323877] [robot_1.robot_supervisor]: Selected controllable event: EV_random_walk
[robot_supervisor-16] [INFO] [1777470532.564232464] [robot_3.robot_supervisor]: Selected controllable event: EV_random_walk
[robot_supervisor-7] [INFO] [1777470532.620752966] [robot_0.robot_supervisor]: Selected controllable event: EV_move_forward
[robot_supervisor-10] [INFO] [1777470532.809467230] [robot_1.robot_supervisor]: Selected controllable event: EV_move_forward
[robot_supervisor-16] [INFO] [1777470532.864087375] [robot_3.robot_supervisor]: Selected controllable event: EV_move_forward
[robot_supervisor-7] [INFO] [1777470532.921051589] [robot_0.robot_supervisor]: Selected controllable event: EV_random_walk
[robot_supervisor-10] [INFO] [1777470533.109450070] [robot_1.robot_supervisor]: Selected controllable event: EV_random_walk
[robot_supervisor-16] [INFO] [1777470533.164254432] [robot_3.robot_supervisor]: Selected controllable event: EV_random_walk
[robot_supervisor-10] [INFO] [1777470533.409690580] [robot_1.robot_supervisor]: Selected controllable event: EV_move_forward
[robot_supervisor-16] [INFO] [1777470533.464368809] [robot_3.robot_supervisor]: Selected controllable event: EV_move_forward
[robot_supervisor-13] [INFO] [1777470533.598622623] [robot_2.robot_supervisor]: Selected controllable event: EV_rotate_counterclockwise
[robot_supervisor-13] [INFO] [1777470533.598897399] [robot_2.robot_supervisor]: rotate_90 blocked by recent completion; stopping this tick
[robot_supervisor-13] [INFO] [1777470533.698603877] [robot_2.robot_supervisor]: Selected controllable event: EV_rotate_counterclockwise
[robot_supervisor-13] [INFO] [1777470533.698981013] [robot_2.robot_supervisor]: rotate_90 blocked by recent completion; stopping this tick
[robot_supervisor-10] [INFO] [1777470533.709391258] [robot_1.robot_supervisor]: Selected controllable event: EV_random_walk
[robot_supervisor-16] [INFO] [1777470533.764220023] [robot_3.robot_supervisor]: Selected controllable event: EV_random_walk
[robot_supervisor-13] [INFO] [1777470533.798606863] [robot_2.robot_supervisor]: Selected controllable event: EV_rotate_counterclockwise
[image_processor-22] [INFO] [1777470533.812081716] [robot_1.image_processor]: Zone=CLEAR
[image_processor-24] [INFO] [1777470533.824657385] [robot_3.image_processor]: Zone=CORNER  left[p=0.447 near=7650 v=7650]  front[p=0.508 near=13500 v=13500]  right[p=0.631 near=7740 v=7740]
[robot_supervisor-16] [INFO] [1777470533.825350028] [robot_3.robot_supervisor]: Detected zone changed to CORNER
[image_processor-25] [INFO] [1777470533.839310045] [robot_4.image_processor]: Zone=CLEAR
[image_processor-23] [INFO] [1777470533.848236863] [robot_2.image_processor]: Zone=CORNER  left[p=1.462 near=208 v=7641]  front[p=0.615 near=13475 v=13486]  right[p=0.678 near=1017 v=5736]
[robot_supervisor-13] [INFO] [1777470533.848898822] [robot_2.robot_supervisor]: Detected zone changed to CORNER
[image_processor-21] [INFO] [1777470533.861949293] [robot_0.image_processor]: Zone=CLEAR
[robot_supervisor-19] [INFO] [1777470533.991238729] [robot_4.robot_supervisor]: Selected controllable event: EV_move_forward
[robot_supervisor-10] [INFO] [1777470534.009518195] [robot_1.robot_supervisor]: Selected controllable event: EV_move_forward
[robot_supervisor-19] [INFO] [1777470534.291223647] [robot_4.robot_supervisor]: Selected controllable event: EV_random_walk
[robot_supervisor-10] [INFO] [1777470534.309463753] [robot_1.robot_supervisor]: Selected controllable event: EV_random_walk
[robot_supervisor-7] [INFO] [1777470534.420866966] [robot_0.robot_supervisor]: Selected controllable event: EV_move_forward
[robot_supervisor-16] [INFO] [1777470534.564387207] [robot_3.robot_supervisor]: Selected controllable event: EV_move_backward
[robot_supervisor-19] [INFO] [1777470534.591529486] [robot_4.robot_supervisor]: Selected controllable event: EV_move_forward
[robot_supervisor-7] [INFO] [1777470534.720777343] [robot_0.robot_supervisor]: Selected controllable event: EV_random_walk
[robot_supervisor-10] [INFO] [1777470534.809506794] [robot_1.robot_supervisor]: Selected controllable event: EV_move_forward
[robot_supervisor-19] [INFO] [1777470534.891256172] [robot_4.robot_supervisor]: Selected controllable event: EV_random_walk
[robot_supervisor-16] [INFO] [1777470534.964277969] [robot_3.robot_supervisor]: Selected controllable event: EV_rotate_clockwise
[robot_supervisor-7] [INFO] [1777470535.020869638] [robot_0.robot_supervisor]: Selected controllable event: EV_move_forward
[robot_supervisor-10] [INFO] [1777470535.109442982] [robot_1.robot_supervisor]: Selected controllable event: EV_random_walk
[robot_supervisor-7] [INFO] [1777470535.320966090] [robot_0.robot_supervisor]: Selected controllable event: EV_random_walk
[robot_supervisor-7] [INFO] [1777470535.621043545] [robot_0.robot_supervisor]: Selected controllable event: EV_move_forward
[robot_supervisor-13] [INFO] [1777470535.898817069] [robot_2.robot_supervisor]: Selected controllable event: EV_move_backward
[robot_supervisor-7] [INFO] [1777470535.921063429] [robot_0.robot_supervisor]: Selected controllable event: EV_random_walk
[robot_supervisor-13] [INFO] [1777470536.298552124] [robot_2.robot_supervisor]: Selected controllable event: EV_rotate_clockwise
[image_processor-22] [INFO] [1777470536.311409003] [robot_1.image_processor]: Zone=CLEAR
[image_processor-24] [INFO] [1777470536.330604623] [robot_3.image_processor]: Zone=CORNER
[image_processor-25] [INFO] [1777470536.343885984] [robot_4.image_processor]: Zone=CLEAR
[image_processor-23] [INFO] [1777470536.352353668] [robot_2.image_processor]: Zone=CORNER
[image_processor-21] [INFO] [1777470536.365341142] [robot_0.image_processor]: Zone=CLEAR
[robot_supervisor-19] [INFO] [1777470536.391300627] [robot_4.robot_supervisor]: Selected controllable event: EV_move_forward
[robot_supervisor-10] [INFO] [1777470536.609781542] [robot_1.robot_supervisor]: Selected controllable event: EV_move_forward
[robot_supervisor-19] [INFO] [1777470536.691254752] [robot_4.robot_supervisor]: Selected controllable event: EV_random_walk
[robot_supervisor-10] [INFO] [1777470536.909311147] [robot_1.robot_supervisor]: Selected controllable event: EV_random_walk
[robot_supervisor-19] [INFO] [1777470536.991535821] [robot_4.robot_supervisor]: Selected controllable event: EV_move_forward
[robot_supervisor-16] [INFO] [1777470537.164301025] [robot_3.robot_supervisor]: Selected controllable event: EV_full_rotate
[robot_supervisor-16] [INFO] [1777470537.164753165] [robot_3.robot_supervisor]: Starting FULL ROTATE (omega=1.000, have_odom=True, target_rad=3.142, timeout_s=3.500)
[robot_supervisor-10] [INFO] [1777470537.209537114] [robot_1.robot_supervisor]: Selected controllable event: EV_move_forward
[robot_supervisor-16] [INFO] [1777470537.264193267] [robot_3.robot_supervisor]: FULL ROTATE active (accum_rad=0.000, timed_fallback=False, stall_count=0)
[robot_supervisor-19] [INFO] [1777470537.291063847] [robot_4.robot_supervisor]: Selected controllable event: EV_random_walk
[robot_supervisor-16] [INFO] [1777470537.364491675] [robot_3.robot_supervisor]: FULL ROTATE active (accum_rad=0.008, timed_fallback=False, stall_count=0)
[robot_supervisor-7] [INFO] [1777470537.420822080] [robot_0.robot_supervisor]: Selected controllable event: EV_move_forward
[robot_supervisor-16] [INFO] [1777470537.464097317] [robot_3.robot_supervisor]: FULL ROTATE active (accum_rad=0.046, timed_fallback=False, stall_count=0)
[robot_supervisor-10] [INFO] [1777470537.509448768] [robot_1.robot_supervisor]: Selected controllable event: EV_random_walk
[robot_supervisor-16] [INFO] [1777470537.564314894] [robot_3.robot_supervisor]: FULL ROTATE active (accum_rad=0.113, timed_fallback=False, stall_count=0)
[robot_supervisor-19] [INFO] [1777470537.591499316] [robot_4.robot_supervisor]: Selected controllable event: EV_move_forward
[robot_supervisor-16] [INFO] [1777470537.664162646] [robot_3.robot_supervisor]: FULL ROTATE active (accum_rad=0.208, timed_fallback=False, stall_count=0)
[robot_supervisor-7] [INFO] [1777470537.721073239] [robot_0.robot_supervisor]: Selected controllable event: EV_random_walk
[robot_supervisor-16] [INFO] [1777470537.764237350] [robot_3.robot_supervisor]: FULL ROTATE active (accum_rad=0.308, timed_fallback=False, stall_count=0)
[robot_supervisor-16] [INFO] [1777470537.864286441] [robot_3.robot_supervisor]: FULL ROTATE active (accum_rad=0.408, timed_fallback=False, stall_count=0)
[robot_supervisor-19] [INFO] [1777470537.891211195] [robot_4.robot_supervisor]: Selected controllable event: EV_random_walk
[robot_supervisor-16] [INFO] [1777470537.964432627] [robot_3.robot_supervisor]: FULL ROTATE active (accum_rad=0.508, timed_fallback=False, stall_count=0)
[robot_supervisor-7] [INFO] [1777470538.020665434] [robot_0.robot_supervisor]: Selected controllable event: EV_move_forward
[robot_supervisor-16] [INFO] [1777470538.064148917] [robot_3.robot_supervisor]: FULL ROTATE active (accum_rad=0.608, timed_fallback=False, stall_count=0)
[robot_supervisor-16] [INFO] [1777470538.164144569] [robot_3.robot_supervisor]: FULL ROTATE active (accum_rad=0.708, timed_fallback=False, stall_count=0)
[robot_supervisor-16] [INFO] [1777470538.264146971] [robot_3.robot_supervisor]: FULL ROTATE active (accum_rad=0.808, timed_fallback=False, stall_count=0)
[robot_supervisor-7] [INFO] [1777470538.320895337] [robot_0.robot_supervisor]: Selected controllable event: EV_random_walk
[robot_supervisor-16] [INFO] [1777470538.364135294] [robot_3.robot_supervisor]: FULL ROTATE active (accum_rad=0.908, timed_fallback=False, stall_count=0)
[robot_supervisor-13] [INFO] [1777470538.398626723] [robot_2.robot_supervisor]: Selected controllable event: EV_full_rotate
[robot_supervisor-13] [INFO] [1777470538.399049329] [robot_2.robot_supervisor]: Starting FULL ROTATE (omega=1.000, have_odom=True, target_rad=3.142, timeout_s=3.500)
[robot_supervisor-16] [INFO] [1777470538.464263771] [robot_3.robot_supervisor]: FULL ROTATE active (accum_rad=1.008, timed_fallback=False, stall_count=0)
[robot_supervisor-13] [INFO] [1777470538.498533781] [robot_2.robot_supervisor]: FULL ROTATE active (accum_rad=0.000, timed_fallback=False, stall_count=0)
[robot_supervisor-16] [INFO] [1777470538.564205035] [robot_3.robot_supervisor]: FULL ROTATE active (accum_rad=1.108, timed_fallback=False, stall_count=0)
[robot_supervisor-13] [INFO] [1777470538.598359875] [robot_2.robot_supervisor]: FULL ROTATE active (accum_rad=0.000, timed_fallback=False, stall_count=1)
[robot_supervisor-16] [INFO] [1777470538.664436444] [robot_3.robot_supervisor]: FULL ROTATE active (accum_rad=1.208, timed_fallback=False, stall_count=0)
[robot_supervisor-13] [INFO] [1777470538.698561297] [robot_2.robot_supervisor]: FULL ROTATE active (accum_rad=0.031, timed_fallback=False, stall_count=0)
[robot_supervisor-16] [INFO] [1777470538.764575445] [robot_3.robot_supervisor]: FULL ROTATE active (accum_rad=1.308, timed_fallback=False, stall_count=0)
[robot_supervisor-13] [INFO] [1777470538.798400407] [robot_2.robot_supervisor]: FULL ROTATE active (accum_rad=0.091, timed_fallback=False, stall_count=0)
[image_processor-22] [INFO] [1777470538.809116901] [robot_1.image_processor]: Zone=CLEAR
[image_processor-25] [INFO] [1777470538.829852444] [robot_4.image_processor]: Zone=CLEAR
[image_processor-21] [INFO] [1777470538.851683889] [robot_0.image_processor]: Zone=CLEAR
[robot_supervisor-16] [INFO] [1777470538.864274791] [robot_3.robot_supervisor]: FULL ROTATE active (accum_rad=1.408, timed_fallback=False, stall_count=0)
[robot_supervisor-13] [INFO] [1777470538.898535206] [robot_2.robot_supervisor]: FULL ROTATE active (accum_rad=0.181, timed_fallback=False, stall_count=0)
[image_processor-24] [INFO] [1777470538.917040069] [robot_3.image_processor]: Zone=CORNER
[image_processor-23] [INFO] [1777470538.939268441] [robot_2.image_processor]: Zone=CORNER
[robot_supervisor-16] [INFO] [1777470538.964035643] [robot_3.robot_supervisor]: FULL ROTATE active (accum_rad=1.508, timed_fallback=False, stall_count=0)
[robot_supervisor-13] [INFO] [1777470538.998450389] [robot_2.robot_supervisor]: FULL ROTATE active (accum_rad=0.281, timed_fallback=False, stall_count=0)
[robot_supervisor-10] [INFO] [1777470539.009432066] [robot_1.robot_supervisor]: Selected controllable event: EV_move_forward
[robot_supervisor-16] [INFO] [1777470539.064150724] [robot_3.robot_supervisor]: FULL ROTATE active (accum_rad=1.608, timed_fallback=False, stall_count=0)
[robot_supervisor-13] [INFO] [1777470539.098305260] [robot_2.robot_supervisor]: FULL ROTATE active (accum_rad=0.381, timed_fallback=False, stall_count=0)
[robot_supervisor-16] [INFO] [1777470539.164355770] [robot_3.robot_supervisor]: FULL ROTATE active (accum_rad=1.708, timed_fallback=False, stall_count=0)
[robot_supervisor-13] [INFO] [1777470539.198468956] [robot_2.robot_supervisor]: FULL ROTATE active (accum_rad=0.481, timed_fallback=False, stall_count=0)
[robot_supervisor-16] [INFO] [1777470539.264455975] [robot_3.robot_supervisor]: FULL ROTATE active (accum_rad=1.808, timed_fallback=False, stall_count=0)
[robot_supervisor-13] [INFO] [1777470539.298462026] [robot_2.robot_supervisor]: FULL ROTATE active (accum_rad=0.581, timed_fallback=False, stall_count=0)
[robot_supervisor-10] [INFO] [1777470539.309421324] [robot_1.robot_supervisor]: Selected controllable event: EV_random_walk
[robot_supervisor-16] [INFO] [1777470539.364466033] [robot_3.robot_supervisor]: FULL ROTATE active (accum_rad=1.908, timed_fallback=False, stall_count=0)
[robot_supervisor-19] [INFO] [1777470539.391218396] [robot_4.robot_supervisor]: Selected controllable event: EV_move_forward
[robot_supervisor-13] [INFO] [1777470539.398540490] [robot_2.robot_supervisor]: FULL ROTATE active (accum_rad=0.681, timed_fallback=False, stall_count=0)
[robot_supervisor-16] [INFO] [1777470539.463960983] [robot_3.robot_supervisor]: FULL ROTATE active (accum_rad=2.008, timed_fallback=False, stall_count=0)
[robot_supervisor-13] [INFO] [1777470539.498579875] [robot_2.robot_supervisor]: FULL ROTATE active (accum_rad=0.781, timed_fallback=False, stall_count=0)
[robot_supervisor-16] [INFO] [1777470539.563991342] [robot_3.robot_supervisor]: FULL ROTATE active (accum_rad=2.108, timed_fallback=False, stall_count=0)
[robot_supervisor-13] [INFO] [1777470539.598537242] [robot_2.robot_supervisor]: FULL ROTATE active (accum_rad=0.881, timed_fallback=False, stall_count=0)
[robot_supervisor-16] [INFO] [1777470539.664084215] [robot_3.robot_supervisor]: FULL ROTATE active (accum_rad=2.208, timed_fallback=False, stall_count=0)
[robot_supervisor-19] [INFO] [1777470539.691022745] [robot_4.robot_supervisor]: Selected controllable event: EV_random_walk
[robot_supervisor-13] [INFO] [1777470539.698451761] [robot_2.robot_supervisor]: FULL ROTATE active (accum_rad=0.981, timed_fallback=False, stall_count=0)
[robot_supervisor-16] [INFO] [1777470539.764101796] [robot_3.robot_supervisor]: FULL ROTATE active (accum_rad=2.308, timed_fallback=False, stall_count=0)
[robot_supervisor-13] [INFO] [1777470539.798558028] [robot_2.robot_supervisor]: FULL ROTATE active (accum_rad=1.081, timed_fallback=False, stall_count=0)
[robot_supervisor-7] [INFO] [1777470539.821144677] [robot_0.robot_supervisor]: Selected controllable event: EV_move_forward
[robot_supervisor-16] [INFO] [1777470539.864334950] [robot_3.robot_supervisor]: FULL ROTATE active (accum_rad=2.408, timed_fallback=False, stall_count=0)
[robot_supervisor-13] [INFO] [1777470539.898453721] [robot_2.robot_supervisor]: FULL ROTATE active (accum_rad=1.181, timed_fallback=False, stall_count=0)
[robot_supervisor-16] [INFO] [1777470539.964248775] [robot_3.robot_supervisor]: FULL ROTATE active (accum_rad=2.508, timed_fallback=False, stall_count=0)
[robot_supervisor-13] [INFO] [1777470539.998445804] [robot_2.robot_supervisor]: FULL ROTATE active (accum_rad=1.281, timed_fallback=False, stall_count=0)
[robot_supervisor-16] [INFO] [1777470540.064105919] [robot_3.robot_supervisor]: FULL ROTATE active (accum_rad=2.608, timed_fallback=False, stall_count=0)
[robot_supervisor-13] [INFO] [1777470540.098532462] [robot_2.robot_supervisor]: FULL ROTATE active (accum_rad=1.381, timed_fallback=False, stall_count=0)
[robot_supervisor-7] [INFO] [1777470540.120883517] [robot_0.robot_supervisor]: Selected controllable event: EV_random_walk
[robot_supervisor-16] [INFO] [1777470540.164189071] [robot_3.robot_supervisor]: FULL ROTATE active (accum_rad=2.708, timed_fallback=False, stall_count=0)
[robot_supervisor-13] [INFO] [1777470540.198276442] [robot_2.robot_supervisor]: FULL ROTATE active (accum_rad=1.481, timed_fallback=False, stall_count=0)
[robot_supervisor-16] [INFO] [1777470540.264153005] [robot_3.robot_supervisor]: FULL ROTATE active (accum_rad=2.808, timed_fallback=False, stall_count=0)
[robot_supervisor-13] [INFO] [1777470540.298233063] [robot_2.robot_supervisor]: FULL ROTATE active (accum_rad=1.581, timed_fallback=False, stall_count=0)
[robot_supervisor-16] [INFO] [1777470540.364032563] [robot_3.robot_supervisor]: FULL ROTATE active (accum_rad=2.908, timed_fallback=False, stall_count=0)
[robot_supervisor-13] [INFO] [1777470540.398287463] [robot_2.robot_supervisor]: FULL ROTATE active (accum_rad=1.681, timed_fallback=False, stall_count=0)
[robot_supervisor-7] [INFO] [1777470540.420768678] [robot_0.robot_supervisor]: Selected controllable event: EV_move_forward
[robot_supervisor-16] [INFO] [1777470540.463922769] [robot_3.robot_supervisor]: FULL ROTATE active (accum_rad=3.008, timed_fallback=False, stall_count=0)
[robot_supervisor-13] [INFO] [1777470540.498549603] [robot_2.robot_supervisor]: FULL ROTATE active (accum_rad=1.781, timed_fallback=False, stall_count=0)
[robot_supervisor-16] [INFO] [1777470540.564155655] [robot_3.robot_supervisor]: FULL ROTATE active (accum_rad=3.108, timed_fallback=False, stall_count=0)
[robot_supervisor-16] [INFO] [1777470540.564551074] [robot_3.robot_supervisor]: FULL ROTATE completed by odom (accum_rad=3.208)
[robot_supervisor-16] [INFO] [1777470540.564929037] [robot_3.robot_supervisor]: FULL ROTATE stopped; supervisor will select next event next tick
[robot_supervisor-13] [INFO] [1777470540.598364471] [robot_2.robot_supervisor]: FULL ROTATE active (accum_rad=1.881, timed_fallback=False, stall_count=0)
[robot_supervisor-13] [INFO] [1777470540.698479090] [robot_2.robot_supervisor]: FULL ROTATE active (accum_rad=1.981, timed_fallback=False, stall_count=0)
[robot_supervisor-7] [INFO] [1777470540.720602799] [robot_0.robot_supervisor]: Selected controllable event: EV_random_walk
[robot_supervisor-13] [INFO] [1777470540.798282040] [robot_2.robot_supervisor]: FULL ROTATE active (accum_rad=2.081, timed_fallback=False, stall_count=0)
[robot_supervisor-10] [INFO] [1777470540.809390830] [robot_1.robot_supervisor]: Selected controllable event: EV_move_forward
[robot_supervisor-16] [INFO] [1777470540.864266336] [robot_3.robot_supervisor]: Selected controllable event: EV_move_backward
[robot_supervisor-13] [INFO] [1777470540.898454326] [robot_2.robot_supervisor]: FULL ROTATE active (accum_rad=2.181, timed_fallback=False, stall_count=0)
[robot_supervisor-13] [INFO] [1777470540.998397074] [robot_2.robot_supervisor]: FULL ROTATE active (accum_rad=2.281, timed_fallback=False, stall_count=0)
[robot_supervisor-13] [INFO] [1777470541.098501177] [robot_2.robot_supervisor]: FULL ROTATE active (accum_rad=2.381, timed_fallback=False, stall_count=0)
[robot_supervisor-10] [INFO] [1777470541.109356675] [robot_1.robot_supervisor]: Selected controllable event: EV_random_walk
[robot_supervisor-19] [INFO] [1777470541.191145867] [robot_4.robot_supervisor]: Selected controllable event: EV_move_forward
[robot_supervisor-13] [INFO] [1777470541.198447496] [robot_2.robot_supervisor]: FULL ROTATE active (accum_rad=2.481, timed_fallback=False, stall_count=0)
[robot_supervisor-16] [INFO] [1777470541.264295354] [robot_3.robot_supervisor]: Selected controllable event: EV_rotate_clockwise
[robot_supervisor-13] [INFO] [1777470541.298257056] [robot_2.robot_supervisor]: FULL ROTATE active (accum_rad=2.581, timed_fallback=False, stall_count=0)
[image_processor-22] [INFO] [1777470541.308480822] [robot_1.image_processor]: Zone=CLEAR
[image_processor-24] [INFO] [1777470541.316252396] [robot_3.image_processor]: Zone=CLEAR  left[p=1.171 near=0 v=7650]  front[p=1.484 near=0 v=13500]  right[p=1.214 near=0 v=7740]
[robot_supervisor-16] [INFO] [1777470541.316916484] [robot_3.robot_supervisor]: Detected zone changed to CLEAR
[image_processor-25] [INFO] [1777470541.325832079] [robot_4.image_processor]: Zone=CLEAR
[image_processor-23] [INFO] [1777470541.335800062] [robot_2.image_processor]: Zone=RIGHT  left[p=1.522 near=0 v=7650]  front[p=0.813 near=908 v=13500]  right[p=0.625 near=7714 v=7740]
[robot_supervisor-13] [INFO] [1777470541.336391240] [robot_2.robot_supervisor]: Detected zone changed to RIGHT
[image_processor-21] [INFO] [1777470541.344564534] [robot_0.image_processor]: Zone=CLEAR
[robot_supervisor-13] [INFO] [1777470541.398283381] [robot_2.robot_supervisor]: FULL ROTATE active (accum_rad=2.681, timed_fallback=False, stall_count=0)
[robot_supervisor-19] [INFO] [1777470541.491093618] [robot_4.robot_supervisor]: Selected controllable event: EV_random_walk
[robot_supervisor-13] [INFO] [1777470541.498531793] [robot_2.robot_supervisor]: FULL ROTATE active (accum_rad=2.781, timed_fallback=False, stall_count=0)
[robot_supervisor-13] [INFO] [1777470541.598244552] [robot_2.robot_supervisor]: FULL ROTATE active (accum_rad=2.881, timed_fallback=False, stall_count=0)
[robot_supervisor-13] [INFO] [1777470541.698464828] [robot_2.robot_supervisor]: FULL ROTATE active (accum_rad=2.981, timed_fallback=False, stall_count=0)
[robot_supervisor-13] [INFO] [1777470541.798538148] [robot_2.robot_supervisor]: FULL ROTATE active (accum_rad=3.081, timed_fallback=False, stall_count=0)
[robot_supervisor-13] [INFO] [1777470541.798957402] [robot_2.robot_supervisor]: FULL ROTATE completed by odom (accum_rad=3.181)
[robot_supervisor-13] [INFO] [1777470541.799321395] [robot_2.robot_supervisor]: FULL ROTATE stopped; supervisor will select next event next tick
[robot_supervisor-13] [INFO] [1777470542.098986037] [robot_2.robot_supervisor]: Selected controllable event: EV_rotate_counterclockwise
[robot_supervisor-7] [INFO] [1777470542.221163074] [robot_0.robot_supervisor]: Selected controllable event: EV_move_forward
[robot_supervisor-7] [INFO] [1777470542.520912475] [robot_0.robot_supervisor]: Selected controllable event: EV_random_walk
[robot_supervisor-10] [INFO] [1777470542.609745897] [robot_1.robot_supervisor]: Selected controllable event: EV_move_forward
[robot_supervisor-7] [INFO] [1777470542.821150247] [robot_0.robot_supervisor]: Selected controllable event: EV_move_forward
[robot_supervisor-10] [INFO] [1777470542.909805380] [robot_1.robot_supervisor]: Selected controllable event: EV_random_walk
[robot_supervisor-19] [INFO] [1777470542.991316765] [robot_4.robot_supervisor]: Selected controllable event: EV_move_forward
[robot_supervisor-7] [INFO] [1777470543.120805821] [robot_0.robot_supervisor]: Selected controllable event: EV_random_walk
[robot_supervisor-10] [INFO] [1777470543.209655137] [robot_1.robot_supervisor]: Selected controllable event: EV_move_forward
[robot_supervisor-19] [INFO] [1777470543.291219845] [robot_4.robot_supervisor]: Selected controllable event: EV_random_walk
[robot_supervisor-16] [INFO] [1777470543.364273818] [robot_3.robot_supervisor]: Selected controllable event: EV_full_rotate
[robot_supervisor-16] [INFO] [1777470543.364859566] [robot_3.robot_supervisor]: Starting FULL ROTATE (omega=1.000, have_odom=True, target_rad=3.142, timeout_s=3.500)
[robot_supervisor-7] [INFO] [1777470543.420810952] [robot_0.robot_supervisor]: Selected controllable event: EV_move_forward
[robot_supervisor-16] [INFO] [1777470543.464126592] [robot_3.robot_supervisor]: FULL ROTATE active (accum_rad=0.000, timed_fallback=False, stall_count=0)
[robot_supervisor-10] [INFO] [1777470543.509597657] [robot_1.robot_supervisor]: Selected controllable event: EV_random_walk
[robot_supervisor-16] [INFO] [1777470543.564352235] [robot_3.robot_supervisor]: FULL ROTATE active (accum_rad=0.002, timed_fallback=False, stall_count=0)
[robot_supervisor-19] [INFO] [1777470543.591110794] [robot_4.robot_supervisor]: Selected controllable event: EV_move_forward
[robot_supervisor-16] [INFO] [1777470543.664136499] [robot_3.robot_supervisor]: FULL ROTATE active (accum_rad=0.030, timed_fallback=False, stall_count=0)
[robot_supervisor-7] [INFO] [1777470543.720773250] [robot_0.robot_supervisor]: Selected controllable event: EV_random_walk
[robot_supervisor-16] [INFO] [1777470543.764345886] [robot_3.robot_supervisor]: FULL ROTATE active (accum_rad=0.087, timed_fallback=False, stall_count=0)
[image_processor-22] [INFO] [1777470543.801060127] [robot_1.image_processor]: Zone=CLEAR
[robot_supervisor-10] [INFO] [1777470543.809269450] [robot_1.robot_supervisor]: Selected controllable event: EV_move_forward
[image_processor-24] [INFO] [1777470543.812054560] [robot_3.image_processor]: Zone=CORNER  left[p=0.434 near=2740 v=7650]  front[p=0.319 near=13500 v=13500]  right[p=0.270 near=7740 v=7740]
[robot_supervisor-16] [INFO] [1777470543.812791840] [robot_3.robot_supervisor]: Detected zone changed to CORNER
[image_processor-25] [INFO] [1777470543.824267005] [robot_4.image_processor]: Zone=CLEAR
[image_processor-23] [INFO] [1777470543.839424367] [robot_2.image_processor]: Zone=RIGHT
[image_processor-21] [INFO] [1777470543.848545993] [robot_0.image_processor]: Zone=RIGHT  left[p=1.392 near=0 v=7650]  front[p=0.895 near=26 v=13500]  right[p=0.549 near=7475 v=7740]
[robot_supervisor-7] [INFO] [1777470543.849249136] [robot_0.robot_supervisor]: Detected zone changed to RIGHT
[robot_supervisor-16] [INFO] [1777470543.864006169] [robot_3.robot_supervisor]: FULL ROTATE active (accum_rad=0.175, timed_fallback=False, stall_count=0)
[robot_supervisor-19] [INFO] [1777470543.891293456] [robot_4.robot_supervisor]: Selected controllable event: EV_random_walk
[robot_supervisor-16] [INFO] [1777470543.964120551] [robot_3.robot_supervisor]: FULL ROTATE active (accum_rad=0.275, timed_fallback=False, stall_count=0)
[robot_supervisor-7] [INFO] [1777470544.020796423] [robot_0.robot_supervisor]: Selected controllable event: EV_rotate_counterclockwise
[robot_supervisor-16] [INFO] [1777470544.064163409] [robot_3.robot_supervisor]: FULL ROTATE active (accum_rad=0.375, timed_fallback=False, stall_count=0)
[robot_supervisor-10] [INFO] [1777470544.109430371] [robot_1.robot_supervisor]: Selected controllable event: EV_random_walk
[robot_supervisor-16] [INFO] [1777470544.164231114] [robot_3.robot_supervisor]: FULL ROTATE active (accum_rad=0.475, timed_fallback=False, stall_count=0)
[robot_supervisor-16] [INFO] [1777470544.264222536] [robot_3.robot_supervisor]: FULL ROTATE active (accum_rad=0.575, timed_fallback=False, stall_count=0)
[robot_supervisor-13] [INFO] [1777470544.298408772] [robot_2.robot_supervisor]: Selected controllable event: EV_rotate_counterclockwise
[robot_supervisor-13] [INFO] [1777470544.298836111] [robot_2.robot_supervisor]: rotate_90 blocked by recent completion; stopping this tick
[robot_supervisor-16] [INFO] [1777470544.364510460] [robot_3.robot_supervisor]: FULL ROTATE active (accum_rad=0.675, timed_fallback=False, stall_count=0)
[robot_supervisor-13] [INFO] [1777470544.398535117] [robot_2.robot_supervisor]: Selected controllable event: EV_rotate_counterclockwise
[robot_supervisor-13] [INFO] [1777470544.398875224] [robot_2.robot_supervisor]: rotate_90 blocked by recent completion; stopping this tick
[robot_supervisor-10] [INFO] [1777470544.409629769] [robot_1.robot_supervisor]: Selected controllable event: EV_move_forward
[robot_supervisor-16] [INFO] [1777470544.464265957] [robot_3.robot_supervisor]: FULL ROTATE active (accum_rad=0.775, timed_fallback=False, stall_count=0)
[robot_supervisor-13] [INFO] [1777470544.498545541] [robot_2.robot_supervisor]: Selected controllable event: EV_rotate_counterclockwise
[robot_supervisor-16] [INFO] [1777470544.564165958] [robot_3.robot_supervisor]: FULL ROTATE active (accum_rad=0.875, timed_fallback=False, stall_count=0)
[robot_supervisor-16] [INFO] [1777470544.664133693] [robot_3.robot_supervisor]: FULL ROTATE active (accum_rad=0.975, timed_fallback=False, stall_count=0)
[robot_supervisor-10] [INFO] [1777470544.709456542] [robot_1.robot_supervisor]: Selected controllable event: EV_random_walk
[robot_supervisor-16] [INFO] [1777470544.764174344] [robot_3.robot_supervisor]: FULL ROTATE active (accum_rad=1.075, timed_fallback=False, stall_count=0)
[robot_supervisor-16] [INFO] [1777470544.864307454] [robot_3.robot_supervisor]: FULL ROTATE active (accum_rad=1.175, timed_fallback=False, stall_count=0)
[robot_supervisor-16] [INFO] [1777470544.964185110] [robot_3.robot_supervisor]: FULL ROTATE active (accum_rad=1.275, timed_fallback=False, stall_count=0)
[robot_supervisor-16] [INFO] [1777470545.064066866] [robot_3.robot_supervisor]: FULL ROTATE active (accum_rad=1.375, timed_fallback=False, stall_count=0)
[robot_supervisor-16] [INFO] [1777470545.164226094] [robot_3.robot_supervisor]: FULL ROTATE active (accum_rad=1.475, timed_fallback=False, stall_count=0)
[robot_supervisor-16] [INFO] [1777470545.264190643] [robot_3.robot_supervisor]: FULL ROTATE active (accum_rad=1.575, timed_fallback=False, stall_count=0)
[robot_supervisor-16] [INFO] [1777470545.364165115] [robot_3.robot_supervisor]: FULL ROTATE active (accum_rad=1.675, timed_fallback=False, stall_count=0)
[robot_supervisor-19] [INFO] [1777470545.391321121] [robot_4.robot_supervisor]: Selected controllable event: EV_move_forward
[robot_supervisor-16] [INFO] [1777470545.464183961] [robot_3.robot_supervisor]: FULL ROTATE active (accum_rad=1.775, timed_fallback=False, stall_count=0)
[robot_supervisor-16] [INFO] [1777470545.564146842] [robot_3.robot_supervisor]: FULL ROTATE active (accum_rad=1.875, timed_fallback=False, stall_count=0)
[robot_supervisor-16] [INFO] [1777470545.664170785] [robot_3.robot_supervisor]: FULL ROTATE active (accum_rad=1.975, timed_fallback=False, stall_count=0)
[robot_supervisor-19] [INFO] [1777470545.691546042] [robot_4.robot_supervisor]: Selected controllable event: EV_random_walk
[robot_supervisor-16] [INFO] [1777470545.764166551] [robot_3.robot_supervisor]: FULL ROTATE active (accum_rad=2.075, timed_fallback=False, stall_count=0)
[robot_supervisor-16] [INFO] [1777470545.864292431] [robot_3.robot_supervisor]: FULL ROTATE active (accum_rad=2.175, timed_fallback=False, stall_count=0)
[robot_supervisor-16] [INFO] [1777470545.964338907] [robot_3.robot_supervisor]: FULL ROTATE active (accum_rad=2.275, timed_fallback=False, stall_count=0)
[robot_supervisor-19] [INFO] [1777470545.991391564] [robot_4.robot_supervisor]: Selected controllable event: EV_move_forward
[robot_supervisor-16] [INFO] [1777470546.064315301] [robot_3.robot_supervisor]: FULL ROTATE active (accum_rad=2.375, timed_fallback=False, stall_count=0)
[robot_supervisor-16] [INFO] [1777470546.164145481] [robot_3.robot_supervisor]: FULL ROTATE active (accum_rad=2.475, timed_fallback=False, stall_count=0)
[robot_supervisor-10] [INFO] [1777470546.209454224] [robot_1.robot_supervisor]: Selected controllable event: EV_move_forward
[robot_supervisor-7] [INFO] [1777470546.221016905] [robot_0.robot_supervisor]: Selected controllable event: EV_rotate_counterclockwise
[robot_supervisor-7] [INFO] [1777470546.221502783] [robot_0.robot_supervisor]: rotate_90 blocked by recent completion; stopping this tick
[robot_supervisor-16] [INFO] [1777470546.264072406] [robot_3.robot_supervisor]: FULL ROTATE active (accum_rad=2.575, timed_fallback=False, stall_count=0)
[robot_supervisor-19] [INFO] [1777470546.291073721] [robot_4.robot_supervisor]: Selected controllable event: EV_random_walk
[image_processor-22] [INFO] [1777470546.300550451] [robot_1.image_processor]: Zone=RIGHT  left[p=1.005 near=0 v=7650]  front[p=0.707 near=2023 v=13469]  right[p=0.586 near=7740 v=7740]
[robot_supervisor-10] [INFO] [1777470546.301359321] [robot_1.robot_supervisor]: Detected zone changed to RIGHT
[image_processor-24] [INFO] [1777470546.310447878] [robot_3.image_processor]: Zone=CLEAR  left[p=0.825 near=158 v=7650]  front[p=1.437 near=0 v=13500]  right[p=1.248 near=0 v=7740]
[robot_supervisor-16] [INFO] [1777470546.311107803] [robot_3.robot_supervisor]: Detected zone changed to CLEAR
[image_processor-25] [INFO] [1777470546.320530538] [robot_4.image_processor]: Zone=LEFT  left[p=0.547 near=7650 v=7650]  front[p=0.837 near=618 v=13329]  right[p=1.662 near=0 v=7740]
[robot_supervisor-7] [INFO] [1777470546.320695934] [robot_0.robot_supervisor]: Selected controllable event: EV_rotate_counterclockwise
[robot_supervisor-7] [INFO] [1777470546.320870831] [robot_0.robot_supervisor]: rotate_90 blocked by recent completion; stopping this tick
[robot_supervisor-19] [INFO] [1777470546.321329332] [robot_4.robot_supervisor]: Detected zone changed to LEFT
[image_processor-23] [INFO] [1777470546.333774993] [robot_2.image_processor]: Zone=CORNER  left[p=0.566 near=3572 v=7650]  front[p=0.607 near=11503 v=12858]  right[p=1.154 near=0 v=5214]
[robot_supervisor-13] [INFO] [1777470546.335107227] [robot_2.robot_supervisor]: Detected zone changed to CORNER
[image_processor-21] [INFO] [1777470546.345477504] [robot_0.image_processor]: Zone=RIGHT
[robot_supervisor-16] [INFO] [1777470546.364202337] [robot_3.robot_supervisor]: FULL ROTATE active (accum_rad=2.675, timed_fallback=False, stall_count=0)
[robot_supervisor-7] [INFO] [1777470546.420843354] [robot_0.robot_supervisor]: Selected controllable event: EV_rotate_counterclockwise
[robot_supervisor-16] [INFO] [1777470546.464380100] [robot_3.robot_supervisor]: FULL ROTATE active (accum_rad=2.775, timed_fallback=False, stall_count=0)
[robot_supervisor-10] [INFO] [1777470546.509455274] [robot_1.robot_supervisor]: Selected controllable event: EV_rotate_counterclockwise
[robot_supervisor-16] [INFO] [1777470546.564365953] [robot_3.robot_supervisor]: FULL ROTATE active (accum_rad=2.875, timed_fallback=False, stall_count=0)
[robot_supervisor-13] [INFO] [1777470546.599401565] [robot_2.robot_supervisor]: Selected controllable event: EV_move_backward
[robot_supervisor-16] [INFO] [1777470546.664262532] [robot_3.robot_supervisor]: FULL ROTATE active (accum_rad=2.975, timed_fallback=False, stall_count=0)
[robot_supervisor-16] [INFO] [1777470546.764113403] [robot_3.robot_supervisor]: FULL ROTATE active (accum_rad=3.075, timed_fallback=False, stall_count=0)
[robot_supervisor-16] [INFO] [1777470546.764503147] [robot_3.robot_supervisor]: FULL ROTATE completed by odom (accum_rad=3.175)
[robot_supervisor-16] [INFO] [1777470546.764832757] [robot_3.robot_supervisor]: FULL ROTATE stopped; supervisor will select next event next tick
[robot_supervisor-13] [INFO] [1777470546.998644558] [robot_2.robot_supervisor]: Selected controllable event: EV_rotate_clockwise
[robot_supervisor-16] [INFO] [1777470547.064431668] [robot_3.robot_supervisor]: Selected controllable event: EV_move_forward
[robot_supervisor-16] [INFO] [1777470547.364185851] [robot_3.robot_supervisor]: Selected controllable event: EV_random_walk
[robot_supervisor-16] [INFO] [1777470547.664241753] [robot_3.robot_supervisor]: Selected controllable event: EV_move_forward
[robot_supervisor-19] [INFO] [1777470547.791301357] [robot_4.robot_supervisor]: Selected controllable event: EV_rotate_clockwise
[robot_supervisor-16] [INFO] [1777470547.964156428] [robot_3.robot_supervisor]: Selected controllable event: EV_random_walk
[robot_supervisor-7] [INFO] [1777470548.520799546] [robot_0.robot_supervisor]: Selected controllable event: EV_rotate_counterclockwise
[robot_supervisor-7] [INFO] [1777470548.521161573] [robot_0.robot_supervisor]: rotate_90 blocked by recent completion; stopping this tick
[robot_supervisor-7] [INFO] [1777470548.620692825] [robot_0.robot_supervisor]: Selected controllable event: EV_rotate_counterclockwise
[robot_supervisor-7] [INFO] [1777470548.620892876] [robot_0.robot_supervisor]: rotate_90 blocked by recent completion; stopping this tick
[robot_supervisor-10] [INFO] [1777470548.709425413] [robot_1.robot_supervisor]: Selected controllable event: EV_rotate_counterclockwise
[robot_supervisor-10] [INFO] [1777470548.709931991] [robot_1.robot_supervisor]: rotate_90 blocked by recent completion; stopping this tick
[robot_supervisor-7] [INFO] [1777470548.720744709] [robot_0.robot_supervisor]: Selected controllable event: EV_rotate_counterclockwise
[robot_supervisor-7] [INFO] [1777470548.721092734] [robot_0.robot_supervisor]: rotate_90 blocked by recent completion; stopping this tick
[robot_supervisor-10] [INFO] [1777470548.809508671] [robot_1.robot_supervisor]: Selected controllable event: EV_rotate_counterclockwise
[robot_supervisor-10] [INFO] [1777470548.809887460] [robot_1.robot_supervisor]: rotate_90 blocked by recent completion; stopping this tick
[image_processor-22] [INFO] [1777470548.810148157] [robot_1.image_processor]: Zone=RIGHT
[image_processor-24] [INFO] [1777470548.817696355] [robot_3.image_processor]: Zone=CLEAR
[robot_supervisor-7] [INFO] [1777470548.820871487] [robot_0.robot_supervisor]: Selected controllable event: EV_rotate_counterclockwise
[image_processor-25] [INFO] [1777470548.826378035] [robot_4.image_processor]: Zone=CORNER  left[p=0.292 near=7650 v=7650]  front[p=0.400 near=12496 v=13500]  right[p=0.947 near=0 v=7740]
[robot_supervisor-19] [INFO] [1777470548.826883201] [robot_4.robot_supervisor]: Detected zone changed to CORNER
[image_processor-23] [INFO] [1777470548.842330487] [robot_2.image_processor]: Zone=CLEAR  left[p=2.819 near=0 v=5005]  front[p=2.819 near=0 v=7894]  right[p=2.674 near=0 v=6138]
[robot_supervisor-13] [INFO] [1777470548.842939635] [robot_2.robot_supervisor]: Detected zone changed to CLEAR
[image_processor-21] [INFO] [1777470548.861950566] [robot_0.image_processor]: Zone=CLEAR  left[p=1.593 near=0 v=7364]  front[p=1.614 near=377 v=10919]  right[p=2.826 near=0 v=4865]
[robot_supervisor-7] [INFO] [1777470548.862659036] [robot_0.robot_supervisor]: Detected zone changed to CLEAR
[robot_supervisor-10] [INFO] [1777470548.909532810] [robot_1.robot_supervisor]: Selected controllable event: EV_rotate_counterclockwise
[robot_supervisor-13] [INFO] [1777470549.198286827] [robot_2.robot_supervisor]: Selected controllable event: EV_full_rotate
[robot_supervisor-13] [INFO] [1777470549.198479647] [robot_2.robot_supervisor]: Starting FULL ROTATE (omega=1.000, have_odom=True, target_rad=3.142, timeout_s=3.500)
[robot_supervisor-13] [INFO] [1777470549.298443187] [robot_2.robot_supervisor]: FULL ROTATE active (accum_rad=0.000, timed_fallback=False, stall_count=0)
[robot_supervisor-13] [INFO] [1777470549.398738418] [robot_2.robot_supervisor]: FULL ROTATE active (accum_rad=0.011, timed_fallback=False, stall_count=0)
[robot_supervisor-16] [INFO] [1777470549.464485577] [robot_3.robot_supervisor]: Selected controllable event: EV_move_forward
[robot_supervisor-13] [INFO] [1777470549.498266007] [robot_2.robot_supervisor]: FULL ROTATE active (accum_rad=0.051, timed_fallback=False, stall_count=0)
[robot_supervisor-13] [INFO] [1777470549.598712685] [robot_2.robot_supervisor]: FULL ROTATE active (accum_rad=0.122, timed_fallback=False, stall_count=0)
[robot_supervisor-13] [INFO] [1777470549.698679188] [robot_2.robot_supervisor]: FULL ROTATE active (accum_rad=0.218, timed_fallback=False, stall_count=0)
[robot_supervisor-16] [INFO] [1777470549.764254789] [robot_3.robot_supervisor]: Selected controllable event: EV_random_walk
[robot_supervisor-13] [INFO] [1777470549.798295297] [robot_2.robot_supervisor]: FULL ROTATE active (accum_rad=0.318, timed_fallback=False, stall_count=0)
[robot_supervisor-13] [INFO] [1777470549.898277204] [robot_2.robot_supervisor]: FULL ROTATE active (accum_rad=0.418, timed_fallback=False, stall_count=0)
[robot_supervisor-13] [INFO] [1777470549.998473792] [robot_2.robot_supervisor]: FULL ROTATE active (accum_rad=0.518, timed_fallback=False, stall_count=0)
[robot_supervisor-19] [INFO] [1777470550.091436473] [robot_4.robot_supervisor]: Selected controllable event: EV_move_backward
[robot_supervisor-13] [INFO] [1777470550.098443831] [robot_2.robot_supervisor]: FULL ROTATE active (accum_rad=0.618, timed_fallback=False, stall_count=0)
[robot_supervisor-13] [INFO] [1777470550.198281054] [robot_2.robot_supervisor]: FULL ROTATE active (accum_rad=0.718, timed_fallback=False, stall_count=0)
[robot_supervisor-13] [INFO] [1777470550.298664263] [robot_2.robot_supervisor]: FULL ROTATE active (accum_rad=0.818, timed_fallback=False, stall_count=0)
[robot_supervisor-13] [INFO] [1777470550.398745739] [robot_2.robot_supervisor]: FULL ROTATE active (accum_rad=0.918, timed_fallback=False, stall_count=0)
[robot_supervisor-19] [INFO] [1777470550.491227711] [robot_4.robot_supervisor]: Selected controllable event: EV_rotate_clockwise
[robot_supervisor-13] [INFO] [1777470550.498474775] [robot_2.robot_supervisor]: FULL ROTATE active (accum_rad=1.018, timed_fallback=False, stall_count=0)
[robot_supervisor-13] [INFO] [1777470550.598305033] [robot_2.robot_supervisor]: FULL ROTATE active (accum_rad=1.118, timed_fallback=False, stall_count=0)
[robot_supervisor-13] [INFO] [1777470550.698304931] [robot_2.robot_supervisor]: FULL ROTATE active (accum_rad=1.218, timed_fallback=False, stall_count=0)
[robot_supervisor-13] [INFO] [1777470550.798285305] [robot_2.robot_supervisor]: FULL ROTATE active (accum_rad=1.318, timed_fallback=False, stall_count=0)
[robot_supervisor-13] [INFO] [1777470550.898339780] [robot_2.robot_supervisor]: FULL ROTATE active (accum_rad=1.418, timed_fallback=False, stall_count=0)
[robot_supervisor-13] [INFO] [1777470550.998538246] [robot_2.robot_supervisor]: FULL ROTATE active (accum_rad=1.518, timed_fallback=False, stall_count=0)
[robot_supervisor-7] [INFO] [1777470551.020868716] [robot_0.robot_supervisor]: Selected controllable event: EV_move_forward
[robot_supervisor-13] [INFO] [1777470551.098467563] [robot_2.robot_supervisor]: FULL ROTATE active (accum_rad=1.618, timed_fallback=False, stall_count=0)
[robot_supervisor-10] [INFO] [1777470551.109613861] [robot_1.robot_supervisor]: Selected controllable event: EV_rotate_counterclockwise
[robot_supervisor-10] [INFO] [1777470551.110073859] [robot_1.robot_supervisor]: rotate_90 blocked by recent completion; stopping this tick
[robot_supervisor-13] [INFO] [1777470551.198870804] [robot_2.robot_supervisor]: FULL ROTATE active (accum_rad=1.718, timed_fallback=False, stall_count=0)
[robot_supervisor-10] [INFO] [1777470551.209344452] [robot_1.robot_supervisor]: Selected controllable event: EV_rotate_counterclockwise
[robot_supervisor-10] [INFO] [1777470551.209603491] [robot_1.robot_supervisor]: rotate_90 blocked by recent completion; stopping this tick
[robot_supervisor-16] [INFO] [1777470551.264249935] [robot_3.robot_supervisor]: Selected controllable event: EV_move_forward
[robot_supervisor-13] [INFO] [1777470551.298518762] [robot_2.robot_supervisor]: FULL ROTATE active (accum_rad=1.818, timed_fallback=False, stall_count=0)
[image_processor-22] [INFO] [1777470551.303951624] [robot_1.image_processor]: Zone=CLEAR  left[p=3.118 near=0 v=5992]  front[p=2.875 near=0 v=8609]  right[p=3.212 near=0 v=6238]
[robot_supervisor-10] [INFO] [1777470551.305085106] [robot_1.robot_supervisor]: Detected zone changed to CLEAR
[robot_supervisor-10] [INFO] [1777470551.309633294] [robot_1.robot_supervisor]: Selected controllable event: EV_move_forward
[robot_supervisor-7] [INFO] [1777470551.320841436] [robot_0.robot_supervisor]: Selected controllable event: EV_random_walk
[image_processor-24] [INFO] [1777470551.325432263] [robot_3.image_processor]: Zone=CLEAR
[image_processor-25] [INFO] [1777470551.337207048] [robot_4.image_processor]: Zone=CLEAR  left[p=1.845 near=0 v=7650]  front[p=1.838 near=0 v=10601]  right[p=3.043 near=0 v=5559]
[robot_supervisor-19] [INFO] [1777470551.338746684] [robot_4.robot_supervisor]: Detected zone changed to CLEAR
[image_processor-23] [INFO] [1777470551.352774199] [robot_2.image_processor]: Zone=CLEAR
[image_processor-21] [INFO] [1777470551.363936241] [robot_0.image_processor]: Zone=CORNER  left[p=0.471 near=7650 v=7650]  front[p=0.552 near=13500 v=13500]  right[p=0.740 near=3117 v=7740]
[robot_supervisor-7] [INFO] [1777470551.364681537] [robot_0.robot_supervisor]: Detected zone changed to CORNER
[robot_supervisor-13] [INFO] [1777470551.398463577] [robot_2.robot_supervisor]: FULL ROTATE active (accum_rad=1.918, timed_fallback=False, stall_count=0)
[robot_supervisor-13] [INFO] [1777470551.498433675] [robot_2.robot_supervisor]: FULL ROTATE active (accum_rad=2.018, timed_fallback=False, stall_count=0)
[robot_supervisor-16] [INFO] [1777470551.564481785] [robot_3.robot_supervisor]: Selected controllable event: EV_random_walk
[robot_supervisor-13] [INFO] [1777470551.598498094] [robot_2.robot_supervisor]: FULL ROTATE active (accum_rad=2.118, timed_fallback=False, stall_count=0)
[robot_supervisor-10] [INFO] [1777470551.609446222] [robot_1.robot_supervisor]: Selected controllable event: EV_random_walk
[robot_supervisor-13] [INFO] [1777470551.698435110] [robot_2.robot_supervisor]: FULL ROTATE active (accum_rad=2.218, timed_fallback=False, stall_count=0)
[robot_supervisor-13] [INFO] [1777470551.798491259] [robot_2.robot_supervisor]: FULL ROTATE active (accum_rad=2.318, timed_fallback=False, stall_count=0)
[robot_supervisor-13] [INFO] [1777470551.898506291] [robot_2.robot_supervisor]: FULL ROTATE active (accum_rad=2.418, timed_fallback=False, stall_count=0)
[robot_supervisor-13] [INFO] [1777470551.998383316] [robot_2.robot_supervisor]: FULL ROTATE active (accum_rad=2.518, timed_fallback=False, stall_count=0)
[robot_supervisor-13] [INFO] [1777470552.098445897] [robot_2.robot_supervisor]: FULL ROTATE active (accum_rad=2.618, timed_fallback=False, stall_count=0)
[robot_supervisor-13] [INFO] [1777470552.198650006] [robot_2.robot_supervisor]: FULL ROTATE active (accum_rad=2.718, timed_fallback=False, stall_count=0)
[robot_supervisor-13] [INFO] [1777470552.298468219] [robot_2.robot_supervisor]: FULL ROTATE active (accum_rad=2.818, timed_fallback=False, stall_count=0)
[robot_supervisor-13] [INFO] [1777470552.398453927] [robot_2.robot_supervisor]: FULL ROTATE active (accum_rad=2.918, timed_fallback=False, stall_count=0)
[robot_supervisor-13] [INFO] [1777470552.498437576] [robot_2.robot_supervisor]: FULL ROTATE active (accum_rad=3.018, timed_fallback=False, stall_count=0)
[robot_supervisor-19] [INFO] [1777470552.591350388] [robot_4.robot_supervisor]: Selected controllable event: EV_full_rotate
[robot_supervisor-19] [INFO] [1777470552.591760144] [robot_4.robot_supervisor]: Starting FULL ROTATE (omega=1.000, have_odom=True, target_rad=3.142, timeout_s=3.500)
[robot_supervisor-13] [INFO] [1777470552.598466265] [robot_2.robot_supervisor]: FULL ROTATE active (accum_rad=3.118, timed_fallback=False, stall_count=0)
[robot_supervisor-13] [INFO] [1777470552.598920328] [robot_2.robot_supervisor]: FULL ROTATE completed by odom (accum_rad=3.218)
[robot_supervisor-13] [INFO] [1777470552.599310306] [robot_2.robot_supervisor]: FULL ROTATE stopped; supervisor will select next event next tick
[robot_supervisor-19] [INFO] [1777470552.691378161] [robot_4.robot_supervisor]: FULL ROTATE active (accum_rad=0.000, timed_fallback=False, stall_count=0)
[robot_supervisor-19] [INFO] [1777470552.791316894] [robot_4.robot_supervisor]: FULL ROTATE active (accum_rad=0.003, timed_fallback=False, stall_count=0)
[robot_supervisor-7] [INFO] [1777470552.820910163] [robot_0.robot_supervisor]: Selected controllable event: EV_move_backward
[robot_supervisor-19] [INFO] [1777470552.891459230] [robot_4.robot_supervisor]: FULL ROTATE active (accum_rad=0.037, timed_fallback=False, stall_count=0)
[robot_supervisor-13] [INFO] [1777470552.898575463] [robot_2.robot_supervisor]: Selected controllable event: EV_move_forward
[robot_supervisor-19] [INFO] [1777470552.991166161] [robot_4.robot_supervisor]: FULL ROTATE active (accum_rad=0.100, timed_fallback=False, stall_count=0)
[robot_supervisor-16] [INFO] [1777470553.064615523] [robot_3.robot_supervisor]: Selected controllable event: EV_move_forward
[robot_supervisor-19] [INFO] [1777470553.091151010] [robot_4.robot_supervisor]: FULL ROTATE active (accum_rad=0.193, timed_fallback=False, stall_count=0)
[robot_supervisor-10] [INFO] [1777470553.109479607] [robot_1.robot_supervisor]: Selected controllable event: EV_move_forward
[robot_supervisor-19] [INFO] [1777470553.191213959] [robot_4.robot_supervisor]: FULL ROTATE active (accum_rad=0.293, timed_fallback=False, stall_count=0)
[robot_supervisor-13] [INFO] [1777470553.198687127] [robot_2.robot_supervisor]: Selected controllable event: EV_random_walk
[robot_supervisor-7] [INFO] [1777470553.220792257] [robot_0.robot_supervisor]: Selected controllable event: EV_rotate_clockwise
[robot_supervisor-19] [INFO] [1777470553.291247335] [robot_4.robot_supervisor]: FULL ROTATE active (accum_rad=0.393, timed_fallback=False, stall_count=0)
[robot_supervisor-16] [INFO] [1777470553.364038937] [robot_3.robot_supervisor]: Selected controllable event: EV_random_walk
[robot_supervisor-19] [INFO] [1777470553.391437267] [robot_4.robot_supervisor]: FULL ROTATE active (accum_rad=0.493, timed_fallback=False, stall_count=0)
[robot_supervisor-10] [INFO] [1777470553.409549453] [robot_1.robot_supervisor]: Selected controllable event: EV_random_walk
[robot_supervisor-19] [INFO] [1777470553.491358638] [robot_4.robot_supervisor]: FULL ROTATE active (accum_rad=0.593, timed_fallback=False, stall_count=0)
[robot_supervisor-19] [INFO] [1777470553.591218423] [robot_4.robot_supervisor]: FULL ROTATE active (accum_rad=0.693, timed_fallback=False, stall_count=0)
[robot_supervisor-19] [INFO] [1777470553.691165532] [robot_4.robot_supervisor]: FULL ROTATE active (accum_rad=0.793, timed_fallback=False, stall_count=0)
[robot_supervisor-10] [INFO] [1777470553.709361188] [robot_1.robot_supervisor]: Selected controllable event: EV_move_forward
[robot_supervisor-19] [INFO] [1777470553.791152455] [robot_4.robot_supervisor]: FULL ROTATE active (accum_rad=0.893, timed_fallback=False, stall_count=0)
[image_processor-22] [INFO] [1777470553.805835452] [robot_1.image_processor]: Zone=CLEAR
[image_processor-24] [INFO] [1777470553.816831157] [robot_3.image_processor]: Zone=RIGHT  left[p=2.093 near=0 v=7273]  front[p=0.605 near=2749 v=12712]  right[p=0.349 near=7740 v=7740]
[robot_supervisor-16] [INFO] [1777470553.817820246] [robot_3.robot_supervisor]: Detected zone changed to RIGHT
[image_processor-25] [INFO] [1777470553.828904478] [robot_4.image_processor]: Zone=CLEAR
[image_processor-23] [INFO] [1777470553.838786624] [robot_2.image_processor]: Zone=LEFT  left[p=0.509 near=7650 v=7650]  front[p=0.694 near=4361 v=13500]  right[p=1.602 near=0 v=7740]
[robot_supervisor-13] [INFO] [1777470553.839338719] [robot_2.robot_supervisor]: Detected zone changed to LEFT
[image_processor-21] [INFO] [1777470553.850577823] [robot_0.image_processor]: Zone=CORNER
[robot_supervisor-19] [INFO] [1777470553.891350099] [robot_4.robot_supervisor]: FULL ROTATE active (accum_rad=0.993, timed_fallback=False, stall_count=0)
[robot_supervisor-19] [INFO] [1777470553.991003870] [robot_4.robot_supervisor]: FULL ROTATE active (accum_rad=1.093, timed_fallback=False, stall_count=0)
[robot_supervisor-10] [INFO] [1777470554.009212993] [robot_1.robot_supervisor]: Selected controllable event: EV_random_walk
[robot_supervisor-19] [INFO] [1777470554.091192838] [robot_4.robot_supervisor]: FULL ROTATE active (accum_rad=1.193, timed_fallback=False, stall_count=0)
[robot_supervisor-19] [INFO] [1777470554.191238256] [robot_4.robot_supervisor]: FULL ROTATE active (accum_rad=1.293, timed_fallback=False, stall_count=0)
[robot_supervisor-19] [INFO] [1777470554.291144008] [robot_4.robot_supervisor]: FULL ROTATE active (accum_rad=1.393, timed_fallback=False, stall_count=0)
[robot_supervisor-10] [INFO] [1777470554.309522328] [robot_1.robot_supervisor]: Selected controllable event: EV_move_forward
[robot_supervisor-19] [INFO] [1777470554.391272482] [robot_4.robot_supervisor]: FULL ROTATE active (accum_rad=1.493, timed_fallback=False, stall_count=0)
[robot_supervisor-19] [INFO] [1777470554.491455895] [robot_4.robot_supervisor]: FULL ROTATE active (accum_rad=1.593, timed_fallback=False, stall_count=0)
[robot_supervisor-19] [INFO] [1777470554.591223363] [robot_4.robot_supervisor]: FULL ROTATE active (accum_rad=1.693, timed_fallback=False, stall_count=0)
[robot_supervisor-10] [INFO] [1777470554.609562005] [robot_1.robot_supervisor]: Selected controllable event: EV_random_walk
[robot_supervisor-19] [INFO] [1777470554.691255445] [robot_4.robot_supervisor]: FULL ROTATE active (accum_rad=1.793, timed_fallback=False, stall_count=0)
[robot_supervisor-13] [INFO] [1777470554.698561321] [robot_2.robot_supervisor]: Selected controllable event: EV_rotate_clockwise
[robot_supervisor-16] [INFO] [1777470554.764211951] [robot_3.robot_supervisor]: Selected controllable event: EV_rotate_counterclockwise
[bump_counter-3] [INFO] [1777470554.769311073] [bump_counter]: [global] bump #20 (obstacle) with: west_wall::link::collision
[robot_supervisor-19] [INFO] [1777470554.791066176] [robot_4.robot_supervisor]: FULL ROTATE active (accum_rad=1.893, timed_fallback=False, stall_count=0)
[robot_supervisor-19] [INFO] [1777470554.891048402] [robot_4.robot_supervisor]: FULL ROTATE active (accum_rad=1.993, timed_fallback=False, stall_count=0)
[robot_supervisor-19] [INFO] [1777470554.991233719] [robot_4.robot_supervisor]: FULL ROTATE active (accum_rad=2.093, timed_fallback=False, stall_count=0)
[robot_supervisor-19] [INFO] [1777470555.091442079] [robot_4.robot_supervisor]: FULL ROTATE active (accum_rad=2.193, timed_fallback=False, stall_count=0)
[robot_supervisor-19] [INFO] [1777470555.191482066] [robot_4.robot_supervisor]: FULL ROTATE active (accum_rad=2.293, timed_fallback=False, stall_count=0)
[robot_supervisor-19] [INFO] [1777470555.291381396] [robot_4.robot_supervisor]: FULL ROTATE active (accum_rad=2.393, timed_fallback=False, stall_count=0)
[robot_supervisor-7] [INFO] [1777470555.320672777] [robot_0.robot_supervisor]: Selected controllable event: EV_full_rotate
[robot_supervisor-7] [INFO] [1777470555.320905054] [robot_0.robot_supervisor]: Starting FULL ROTATE (omega=1.000, have_odom=True, target_rad=3.142, timeout_s=3.500)
[robot_supervisor-19] [INFO] [1777470555.391063616] [robot_4.robot_supervisor]: FULL ROTATE active (accum_rad=2.493, timed_fallback=False, stall_count=0)
[robot_supervisor-7] [INFO] [1777470555.420731849] [robot_0.robot_supervisor]: FULL ROTATE active (accum_rad=0.000, timed_fallback=False, stall_count=0)
[robot_supervisor-19] [INFO] [1777470555.491249792] [robot_4.robot_supervisor]: FULL ROTATE active (accum_rad=2.593, timed_fallback=False, stall_count=0)
[robot_supervisor-7] [INFO] [1777470555.521044280] [robot_0.robot_supervisor]: FULL ROTATE active (accum_rad=0.005, timed_fallback=False, stall_count=0)
[robot_supervisor-19] [INFO] [1777470555.591238956] [robot_4.robot_supervisor]: FULL ROTATE active (accum_rad=2.693, timed_fallback=False, stall_count=0)
[robot_supervisor-7] [INFO] [1777470555.620506840] [robot_0.robot_supervisor]: FULL ROTATE active (accum_rad=0.030, timed_fallback=False, stall_count=0)
[robot_supervisor-19] [INFO] [1777470555.691217978] [robot_4.robot_supervisor]: FULL ROTATE active (accum_rad=2.793, timed_fallback=False, stall_count=0)
[robot_supervisor-7] [INFO] [1777470555.720718797] [robot_0.robot_supervisor]: FULL ROTATE active (accum_rad=0.084, timed_fallback=False, stall_count=0)
[robot_supervisor-19] [INFO] [1777470555.791203434] [robot_4.robot_supervisor]: FULL ROTATE active (accum_rad=2.893, timed_fallback=False, stall_count=0)
[robot_supervisor-7] [INFO] [1777470555.820886634] [robot_0.robot_supervisor]: FULL ROTATE active (accum_rad=0.169, timed_fallback=False, stall_count=0)
[robot_supervisor-19] [INFO] [1777470555.891544716] [robot_4.robot_supervisor]: FULL ROTATE active (accum_rad=2.993, timed_fallback=False, stall_count=0)
[robot_supervisor-7] [INFO] [1777470555.920804289] [robot_0.robot_supervisor]: FULL ROTATE active (accum_rad=0.269, timed_fallback=False, stall_count=0)
[robot_supervisor-19] [INFO] [1777470555.991228684] [robot_4.robot_supervisor]: FULL ROTATE active (accum_rad=3.093, timed_fallback=False, stall_count=0)
[robot_supervisor-19] [INFO] [1777470555.991697354] [robot_4.robot_supervisor]: FULL ROTATE completed by odom (accum_rad=3.193)
[robot_supervisor-19] [INFO] [1777470555.992125895] [robot_4.robot_supervisor]: FULL ROTATE stopped; supervisor will select next event next tick
[robot_supervisor-7] [INFO] [1777470556.020704638] [robot_0.robot_supervisor]: FULL ROTATE active (accum_rad=0.369, timed_fallback=False, stall_count=0)
[robot_supervisor-10] [INFO] [1777470556.109426993] [robot_1.robot_supervisor]: Selected controllable event: EV_move_forward
[robot_supervisor-7] [INFO] [1777470556.120707700] [robot_0.robot_supervisor]: FULL ROTATE active (accum_rad=0.469, timed_fallback=False, stall_count=0)
[robot_supervisor-7] [INFO] [1777470556.220749209] [robot_0.robot_supervisor]: FULL ROTATE active (accum_rad=0.569, timed_fallback=False, stall_count=0)
[image_processor-22] [INFO] [1777470556.305899154] [robot_1.image_processor]: Zone=CLEAR
[image_processor-24] [INFO] [1777470556.314628114] [robot_3.image_processor]: Zone=RIGHT
[robot_supervisor-7] [INFO] [1777470556.320557798] [robot_0.robot_supervisor]: FULL ROTATE active (accum_rad=0.669, timed_fallback=False, stall_count=0)
[image_processor-25] [INFO] [1777470556.324888036] [robot_4.image_processor]: Zone=CORNER  left[p=0.304 near=7650 v=7650]  front[p=0.350 near=13500 v=13500]  right[p=0.449 near=7740 v=7740]
[robot_supervisor-19] [INFO] [1777470556.325771086] [robot_4.robot_supervisor]: Detected zone changed to CORNER
[image_processor-23] [INFO] [1777470556.343019701] [robot_2.image_processor]: Zone=CORNER  left[p=0.399 near=7650 v=7650]  front[p=0.640 near=3130 v=8917]  right[p=2.819 near=0 v=4881]
[robot_supervisor-13] [INFO] [1777470556.343498230] [robot_2.robot_supervisor]: Detected zone changed to CORNER
[image_processor-21] [INFO] [1777470556.358440634] [robot_0.image_processor]: Zone=CLEAR  left[p=1.162 near=0 v=7277]  front[p=1.470 near=484 v=11214]  right[p=2.826 near=0 v=4766]
[robot_supervisor-7] [INFO] [1777470556.358916834] [robot_0.robot_supervisor]: Detected zone changed to CLEAR
[robot_supervisor-19] [INFO] [1777470556.391080231] [robot_4.robot_supervisor]: Selected controllable event: EV_move_backward
[robot_supervisor-10] [INFO] [1777470556.409472285] [robot_1.robot_supervisor]: Selected controllable event: EV_random_walk
[robot_supervisor-7] [INFO] [1777470556.420766122] [robot_0.robot_supervisor]: FULL ROTATE active (accum_rad=0.769, timed_fallback=False, stall_count=0)
[robot_supervisor-7] [INFO] [1777470556.520707765] [robot_0.robot_supervisor]: FULL ROTATE active (accum_rad=0.869, timed_fallback=False, stall_count=0)
[robot_supervisor-7] [INFO] [1777470556.620621514] [robot_0.robot_supervisor]: FULL ROTATE active (accum_rad=0.969, timed_fallback=False, stall_count=0)
[robot_supervisor-13] [INFO] [1777470556.698606052] [robot_2.robot_supervisor]: Selected controllable event: EV_move_backward
[robot_supervisor-10] [INFO] [1777470556.709434093] [robot_1.robot_supervisor]: Selected controllable event: EV_move_forward
[robot_supervisor-7] [INFO] [1777470556.720717468] [robot_0.robot_supervisor]: FULL ROTATE active (accum_rad=1.069, timed_fallback=False, stall_count=0)
[robot_supervisor-19] [INFO] [1777470556.791313475] [robot_4.robot_supervisor]: Selected controllable event: EV_rotate_clockwise
[robot_supervisor-7] [INFO] [1777470556.820872610] [robot_0.robot_supervisor]: FULL ROTATE active (accum_rad=1.169, timed_fallback=False, stall_count=0)
[robot_supervisor-7] [INFO] [1777470556.920783968] [robot_0.robot_supervisor]: FULL ROTATE active (accum_rad=1.269, timed_fallback=False, stall_count=0)
[robot_supervisor-16] [INFO] [1777470556.964433986] [robot_3.robot_supervisor]: Selected controllable event: EV_rotate_counterclockwise
[robot_supervisor-16] [INFO] [1777470556.965134398] [robot_3.robot_supervisor]: rotate_90 blocked by recent completion; stopping this tick
[robot_supervisor-10] [INFO] [1777470557.009913401] [robot_1.robot_supervisor]: Selected controllable event: EV_random_walk
[robot_supervisor-7] [INFO] [1777470557.020793781] [robot_0.robot_supervisor]: FULL ROTATE active (accum_rad=1.369, timed_fallback=False, stall_count=0)
[robot_supervisor-16] [INFO] [1777470557.064194258] [robot_3.robot_supervisor]: Selected controllable event: EV_rotate_counterclockwise
[robot_supervisor-16] [INFO] [1777470557.064622002] [robot_3.robot_supervisor]: rotate_90 blocked by recent completion; stopping this tick
[robot_supervisor-13] [INFO] [1777470557.098439257] [robot_2.robot_supervisor]: Selected controllable event: EV_rotate_clockwise
[robot_supervisor-7] [INFO] [1777470557.120798551] [robot_0.robot_supervisor]: FULL ROTATE active (accum_rad=1.469, timed_fallback=False, stall_count=0)
[robot_supervisor-16] [INFO] [1777470557.164363871] [robot_3.robot_supervisor]: Selected controllable event: EV_rotate_counterclockwise
[robot_supervisor-16] [INFO] [1777470557.164937868] [robot_3.robot_supervisor]: rotate_90 blocked by recent completion; stopping this tick
[robot_supervisor-7] [INFO] [1777470557.220777899] [robot_0.robot_supervisor]: FULL ROTATE active (accum_rad=1.569, timed_fallback=False, stall_count=0)
[robot_supervisor-16] [INFO] [1777470557.264352016] [robot_3.robot_supervisor]: Selected controllable event: EV_rotate_counterclockwise
[robot_supervisor-10] [INFO] [1777470557.309363850] [robot_1.robot_supervisor]: Selected controllable event: EV_move_forward
[robot_supervisor-7] [INFO] [1777470557.320631825] [robot_0.robot_supervisor]: FULL ROTATE active (accum_rad=1.669, timed_fallback=False, stall_count=0)
[robot_supervisor-7] [INFO] [1777470557.420955034] [robot_0.robot_supervisor]: FULL ROTATE active (accum_rad=1.769, timed_fallback=False, stall_count=0)
[robot_supervisor-7] [INFO] [1777470557.520728886] [robot_0.robot_supervisor]: FULL ROTATE active (accum_rad=1.869, timed_fallback=False, stall_count=0)
[robot_supervisor-10] [INFO] [1777470557.609597987] [robot_1.robot_supervisor]: Selected controllable event: EV_random_walk
[robot_supervisor-7] [INFO] [1777470557.620592833] [robot_0.robot_supervisor]: FULL ROTATE active (accum_rad=1.969, timed_fallback=False, stall_count=0)
[robot_supervisor-7] [INFO] [1777470557.720774577] [robot_0.robot_supervisor]: FULL ROTATE active (accum_rad=2.069, timed_fallback=False, stall_count=0)
[robot_supervisor-7] [INFO] [1777470557.820770763] [robot_0.robot_supervisor]: FULL ROTATE active (accum_rad=2.169, timed_fallback=False, stall_count=0)
[robot_supervisor-7] [INFO] [1777470557.920535036] [robot_0.robot_supervisor]: FULL ROTATE active (accum_rad=2.269, timed_fallback=False, stall_count=0)
[robot_supervisor-7] [INFO] [1777470558.020717181] [robot_0.robot_supervisor]: FULL ROTATE active (accum_rad=2.369, timed_fallback=False, stall_count=0)
[robot_supervisor-7] [INFO] [1777470558.120545249] [robot_0.robot_supervisor]: FULL ROTATE active (accum_rad=2.469, timed_fallback=False, stall_count=0)
[robot_supervisor-7] [INFO] [1777470558.220765220] [robot_0.robot_supervisor]: FULL ROTATE active (accum_rad=2.569, timed_fallback=False, stall_count=0)
[robot_supervisor-10] [INFO] [1777470558.309295418] [robot_1.robot_supervisor]: Selected controllable event: EV_move_forward
[robot_supervisor-7] [INFO] [1777470558.320578761] [robot_0.robot_supervisor]: FULL ROTATE active (accum_rad=2.669, timed_fallback=False, stall_count=0)
[robot_supervisor-7] [INFO] [1777470558.420961355] [robot_0.robot_supervisor]: FULL ROTATE active (accum_rad=2.769, timed_fallback=False, stall_count=0)
[robot_supervisor-7] [INFO] [1777470558.521040980] [robot_0.robot_supervisor]: FULL ROTATE active (accum_rad=2.869, timed_fallback=False, stall_count=0)
[robot_supervisor-10] [INFO] [1777470558.609421323] [robot_1.robot_supervisor]: Selected controllable event: EV_random_walk
[robot_supervisor-7] [INFO] [1777470558.620694230] [robot_0.robot_supervisor]: FULL ROTATE active (accum_rad=2.969, timed_fallback=False, stall_count=0)
[robot_supervisor-7] [INFO] [1777470558.720743288] [robot_0.robot_supervisor]: FULL ROTATE active (accum_rad=3.069, timed_fallback=False, stall_count=0)
[robot_supervisor-7] [INFO] [1777470558.721188941] [robot_0.robot_supervisor]: FULL ROTATE completed by odom (accum_rad=3.169)
[robot_supervisor-7] [INFO] [1777470558.721602650] [robot_0.robot_supervisor]: FULL ROTATE stopped; supervisor will select next event next tick
[image_processor-22] [INFO] [1777470558.805207908] [robot_1.image_processor]: Zone=CLEAR
[image_processor-24] [INFO] [1777470558.824985508] [robot_3.image_processor]: Zone=RIGHT
[image_processor-25] [INFO] [1777470558.834074750] [robot_4.image_processor]: Zone=CLEAR  left[p=0.878 near=24 v=7650]  front[p=2.052 near=0 v=12670]  right[p=3.043 near=0 v=5781]
[robot_supervisor-19] [INFO] [1777470558.834682528] [robot_4.robot_supervisor]: Detected zone changed to CLEAR
[image_processor-23] [INFO] [1777470558.845825128] [robot_2.image_processor]: Zone=RIGHT  left[p=2.621 near=0 v=5321]  front[p=2.745 near=0 v=12302]  right[p=0.752 near=871 v=7733]
[robot_supervisor-13] [INFO] [1777470558.846490645] [robot_2.robot_supervisor]: Detected zone changed to RIGHT
[image_processor-21] [INFO] [1777470558.856376997] [robot_0.image_processor]: Zone=CORNER  left[p=0.269 near=7650 v=7650]  front[p=0.231 near=13500 v=13500]  right[p=0.210 near=7740 v=7740]
[robot_supervisor-7] [INFO] [1777470558.857085431] [robot_0.robot_supervisor]: Detected zone changed to CORNER
[robot_supervisor-19] [INFO] [1777470558.891097231] [robot_4.robot_supervisor]: Selected controllable event: EV_full_rotate
[robot_supervisor-19] [INFO] [1777470558.891320072] [robot_4.robot_supervisor]: Starting FULL ROTATE (omega=1.000, have_odom=True, target_rad=3.142, timeout_s=3.500)
[robot_supervisor-10] [INFO] [1777470558.909432092] [robot_1.robot_supervisor]: Selected controllable event: EV_move_forward
[robot_supervisor-19] [INFO] [1777470558.991323788] [robot_4.robot_supervisor]: FULL ROTATE active (accum_rad=0.000, timed_fallback=False, stall_count=0)
[robot_supervisor-7] [INFO] [1777470559.020617362] [robot_0.robot_supervisor]: Selected controllable event: EV_move_backward
[robot_supervisor-19] [INFO] [1777470559.090997162] [robot_4.robot_supervisor]: FULL ROTATE active (accum_rad=0.003, timed_fallback=False, stall_count=0)
[robot_supervisor-19] [INFO] [1777470559.191211525] [robot_4.robot_supervisor]: FULL ROTATE active (accum_rad=0.037, timed_fallback=False, stall_count=0)
[robot_supervisor-13] [INFO] [1777470559.198565791] [robot_2.robot_supervisor]: Selected controllable event: EV_full_rotate
[robot_supervisor-13] [INFO] [1777470559.198879104] [robot_2.robot_supervisor]: Starting FULL ROTATE (omega=1.000, have_odom=True, target_rad=3.142, timeout_s=3.500)
[robot_supervisor-10] [INFO] [1777470559.209727113] [robot_1.robot_supervisor]: Selected controllable event: EV_random_walk
[robot_supervisor-19] [INFO] [1777470559.291208832] [robot_4.robot_supervisor]: FULL ROTATE active (accum_rad=0.100, timed_fallback=False, stall_count=0)
[robot_supervisor-13] [INFO] [1777470559.298680469] [robot_2.robot_supervisor]: FULL ROTATE active (accum_rad=0.000, timed_fallback=False, stall_count=0)
[robot_supervisor-16] [INFO] [1777470559.364560317] [robot_3.robot_supervisor]: Selected controllable event: EV_rotate_counterclockwise
[robot_supervisor-16] [INFO] [1777470559.365099310] [robot_3.robot_supervisor]: rotate_90 blocked by recent completion; stopping this tick
[robot_supervisor-19] [INFO] [1777470559.391058039] [robot_4.robot_supervisor]: FULL ROTATE active (accum_rad=0.193, timed_fallback=False, stall_count=0)
[robot_supervisor-13] [INFO] [1777470559.398497243] [robot_2.robot_supervisor]: FULL ROTATE active (accum_rad=0.000, timed_fallback=False, stall_count=1)
[robot_supervisor-7] [INFO] [1777470559.420863220] [robot_0.robot_supervisor]: Selected controllable event: EV_rotate_clockwise
[robot_supervisor-16] [INFO] [1777470559.464265372] [robot_3.robot_supervisor]: Selected controllable event: EV_rotate_counterclockwise
[robot_supervisor-16] [INFO] [1777470559.464632304] [robot_3.robot_supervisor]: rotate_90 blocked by recent completion; stopping this tick
[robot_supervisor-19] [INFO] [1777470559.491417158] [robot_4.robot_supervisor]: FULL ROTATE active (accum_rad=0.293, timed_fallback=False, stall_count=0)
[robot_supervisor-13] [INFO] [1777470559.498303691] [robot_2.robot_supervisor]: FULL ROTATE active (accum_rad=0.031, timed_fallback=False, stall_count=0)
[robot_supervisor-10] [INFO] [1777470559.509406906] [robot_1.robot_supervisor]: Selected controllable event: EV_move_forward
[robot_supervisor-16] [INFO] [1777470559.564281634] [robot_3.robot_supervisor]: Selected controllable event: EV_rotate_counterclockwise
[robot_supervisor-16] [INFO] [1777470559.564747257] [robot_3.robot_supervisor]: rotate_90 blocked by recent completion; stopping this tick
[robot_supervisor-19] [INFO] [1777470559.590984374] [robot_4.robot_supervisor]: FULL ROTATE active (accum_rad=0.393, timed_fallback=False, stall_count=0)
[robot_supervisor-13] [INFO] [1777470559.598220470] [robot_2.robot_supervisor]: FULL ROTATE active (accum_rad=0.091, timed_fallback=False, stall_count=0)
[robot_supervisor-16] [INFO] [1777470559.664310816] [robot_3.robot_supervisor]: Selected controllable event: EV_rotate_counterclockwise
[robot_supervisor-19] [INFO] [1777470559.691191076] [robot_4.robot_supervisor]: FULL ROTATE active (accum_rad=0.493, timed_fallback=False, stall_count=0)
[robot_supervisor-13] [INFO] [1777470559.698457753] [robot_2.robot_supervisor]: FULL ROTATE active (accum_rad=0.181, timed_fallback=False, stall_count=0)
[robot_supervisor-19] [INFO] [1777470559.791129168] [robot_4.robot_supervisor]: FULL ROTATE active (accum_rad=0.593, timed_fallback=False, stall_count=0)
[robot_supervisor-13] [INFO] [1777470559.798671706] [robot_2.robot_supervisor]: FULL ROTATE active (accum_rad=0.281, timed_fallback=False, stall_count=0)
[robot_supervisor-10] [INFO] [1777470559.809312943] [robot_1.robot_supervisor]: Selected controllable event: EV_random_walk
[robot_supervisor-19] [INFO] [1777470559.891276608] [robot_4.robot_supervisor]: FULL ROTATE active (accum_rad=0.693, timed_fallback=False, stall_count=0)
[robot_supervisor-13] [INFO] [1777470559.898401929] [robot_2.robot_supervisor]: FULL ROTATE active (accum_rad=0.381, timed_fallback=False, stall_count=0)
[robot_supervisor-19] [INFO] [1777470559.991208759] [robot_4.robot_supervisor]: FULL ROTATE active (accum_rad=0.793, timed_fallback=False, stall_count=0)
[robot_supervisor-13] [INFO] [1777470559.998357374] [robot_2.robot_supervisor]: FULL ROTATE active (accum_rad=0.481, timed_fallback=False, stall_count=0)
[robot_supervisor-19] [INFO] [1777470560.091191901] [robot_4.robot_supervisor]: FULL ROTATE active (accum_rad=0.893, timed_fallback=False, stall_count=0)
[robot_supervisor-13] [INFO] [1777470560.098461923] [robot_2.robot_supervisor]: FULL ROTATE active (accum_rad=0.581, timed_fallback=False, stall_count=0)
[robot_supervisor-10] [INFO] [1777470560.109388570] [robot_1.robot_supervisor]: Selected controllable event: EV_move_forward
[robot_supervisor-19] [INFO] [1777470560.191036584] [robot_4.robot_supervisor]: FULL ROTATE active (accum_rad=0.993, timed_fallback=False, stall_count=0)
[robot_supervisor-13] [INFO] [1777470560.198424990] [robot_2.robot_supervisor]: FULL ROTATE active (accum_rad=0.681, timed_fallback=False, stall_count=0)
[robot_supervisor-19] [INFO] [1777470560.291034541] [robot_4.robot_supervisor]: FULL ROTATE active (accum_rad=1.093, timed_fallback=False, stall_count=0)
[robot_supervisor-13] [INFO] [1777470560.298278270] [robot_2.robot_supervisor]: FULL ROTATE active (accum_rad=0.781, timed_fallback=False, stall_count=0)
[robot_supervisor-19] [INFO] [1777470560.391050093] [robot_4.robot_supervisor]: FULL ROTATE active (accum_rad=1.193, timed_fallback=False, stall_count=0)
[robot_supervisor-13] [INFO] [1777470560.398469436] [robot_2.robot_supervisor]: FULL ROTATE active (accum_rad=0.881, timed_fallback=False, stall_count=0)
[robot_supervisor-10] [INFO] [1777470560.409616548] [robot_1.robot_supervisor]: Selected controllable event: EV_random_walk
[robot_supervisor-19] [INFO] [1777470560.491286189] [robot_4.robot_supervisor]: FULL ROTATE active (accum_rad=1.293, timed_fallback=False, stall_count=0)
[robot_supervisor-13] [INFO] [1777470560.498429660] [robot_2.robot_supervisor]: FULL ROTATE active (accum_rad=0.981, timed_fallback=False, stall_count=0)
[robot_supervisor-19] [INFO] [1777470560.591203854] [robot_4.robot_supervisor]: FULL ROTATE active (accum_rad=1.393, timed_fallback=False, stall_count=0)
[robot_supervisor-13] [INFO] [1777470560.598435678] [robot_2.robot_supervisor]: FULL ROTATE active (accum_rad=1.081, timed_fallback=False, stall_count=0)
[robot_supervisor-19] [INFO] [1777470560.691032465] [robot_4.robot_supervisor]: FULL ROTATE active (accum_rad=1.493, timed_fallback=False, stall_count=0)
[robot_supervisor-13] [INFO] [1777470560.698462921] [robot_2.robot_supervisor]: FULL ROTATE active (accum_rad=1.181, timed_fallback=False, stall_count=0)
[robot_supervisor-10] [INFO] [1777470560.709482286] [robot_1.robot_supervisor]: Selected controllable event: EV_move_forward
[robot_supervisor-19] [INFO] [1777470560.791102729] [robot_4.robot_supervisor]: FULL ROTATE active (accum_rad=1.593, timed_fallback=False, stall_count=0)
[robot_supervisor-13] [INFO] [1777470560.798538995] [robot_2.robot_supervisor]: FULL ROTATE active (accum_rad=1.281, timed_fallback=False, stall_count=0)
[robot_supervisor-19] [INFO] [1777470560.891048556] [robot_4.robot_supervisor]: FULL ROTATE active (accum_rad=1.693, timed_fallback=False, stall_count=0)
[robot_supervisor-13] [INFO] [1777470560.898481895] [robot_2.robot_supervisor]: FULL ROTATE active (accum_rad=1.381, timed_fallback=False, stall_count=0)
[robot_supervisor-19] [INFO] [1777470560.991137402] [robot_4.robot_supervisor]: FULL ROTATE active (accum_rad=1.793, timed_fallback=False, stall_count=0)
[robot_supervisor-13] [INFO] [1777470560.998444921] [robot_2.robot_supervisor]: FULL ROTATE active (accum_rad=1.481, timed_fallback=False, stall_count=0)
[robot_supervisor-10] [INFO] [1777470561.009452171] [robot_1.robot_supervisor]: Selected controllable event: EV_random_walk
[robot_supervisor-19] [INFO] [1777470561.091254699] [robot_4.robot_supervisor]: FULL ROTATE active (accum_rad=1.893, timed_fallback=False, stall_count=0)
[robot_supervisor-13] [INFO] [1777470561.098456847] [robot_2.robot_supervisor]: FULL ROTATE active (accum_rad=1.581, timed_fallback=False, stall_count=0)
[robot_supervisor-19] [INFO] [1777470561.191006835] [robot_4.robot_supervisor]: FULL ROTATE active (accum_rad=1.993, timed_fallback=False, stall_count=0)
[robot_supervisor-13] [INFO] [1777470561.198465583] [robot_2.robot_supervisor]: FULL ROTATE active (accum_rad=1.681, timed_fallback=False, stall_count=0)
[robot_supervisor-19] [INFO] [1777470561.291113696] [robot_4.robot_supervisor]: FULL ROTATE active (accum_rad=2.093, timed_fallback=False, stall_count=0)
[robot_supervisor-13] [INFO] [1777470561.298637568] [robot_2.robot_supervisor]: FULL ROTATE active (accum_rad=1.781, timed_fallback=False, stall_count=0)
[image_processor-22] [INFO] [1777470561.308525372] [robot_1.image_processor]: Zone=CLEAR
[robot_supervisor-10] [INFO] [1777470561.309639676] [robot_1.robot_supervisor]: Selected controllable event: EV_move_forward
[image_processor-24] [INFO] [1777470561.321338018] [robot_3.image_processor]: Zone=CLEAR  left[p=1.543 near=0 v=7650]  front[p=1.651 near=0 v=13500]  right[p=1.072 near=0 v=7740]
[robot_supervisor-16] [INFO] [1777470561.321842466] [robot_3.robot_supervisor]: Detected zone changed to CLEAR
[image_processor-25] [INFO] [1777470561.334605851] [robot_4.image_processor]: Zone=CORNER  left[p=0.373 near=5364 v=7650]  front[p=0.353 near=13500 v=13500]  right[p=0.338 near=7740 v=7740]
[robot_supervisor-19] [INFO] [1777470561.335194796] [robot_4.robot_supervisor]: Detected zone changed to CORNER
[image_processor-23] [INFO] [1777470561.352168654] [robot_2.image_processor]: Zone=CORNER  left[p=0.422 near=7650 v=7650]  front[p=0.708 near=1573 v=8440]  right[p=2.624 near=0 v=4860]
[robot_supervisor-13] [INFO] [1777470561.353066358] [robot_2.robot_supervisor]: Detected zone changed to CORNER
[image_processor-21] [INFO] [1777470561.363817766] [robot_0.image_processor]: Zone=CORNER
[robot_supervisor-19] [INFO] [1777470561.391101544] [robot_4.robot_supervisor]: FULL ROTATE active (accum_rad=2.193, timed_fallback=False, stall_count=0)
[robot_supervisor-13] [INFO] [1777470561.398719103] [robot_2.robot_supervisor]: FULL ROTATE active (accum_rad=1.881, timed_fallback=False, stall_count=0)
[robot_supervisor-19] [INFO] [1777470561.491060293] [robot_4.robot_supervisor]: FULL ROTATE active (accum_rad=2.293, timed_fallback=False, stall_count=0)
[robot_supervisor-13] [INFO] [1777470561.498453663] [robot_2.robot_supervisor]: FULL ROTATE active (accum_rad=1.981, timed_fallback=False, stall_count=0)
[robot_supervisor-19] [INFO] [1777470561.591408572] [robot_4.robot_supervisor]: FULL ROTATE active (accum_rad=2.393, timed_fallback=False, stall_count=0)
[robot_supervisor-13] [INFO] [1777470561.598486034] [robot_2.robot_supervisor]: FULL ROTATE active (accum_rad=2.081, timed_fallback=False, stall_count=0)
[robot_supervisor-10] [INFO] [1777470561.609609234] [robot_1.robot_supervisor]: Selected controllable event: EV_random_walk
[robot_supervisor-7] [INFO] [1777470561.620749276] [robot_0.robot_supervisor]: Selected controllable event: EV_full_rotate
[robot_supervisor-7] [INFO] [1777470561.621138872] [robot_0.robot_supervisor]: Starting FULL ROTATE (omega=1.000, have_odom=True, target_rad=3.142, timeout_s=3.500)
[robot_supervisor-19] [INFO] [1777470561.691478412] [robot_4.robot_supervisor]: FULL ROTATE active (accum_rad=2.493, timed_fallback=False, stall_count=0)
[robot_supervisor-13] [INFO] [1777470561.698425888] [robot_2.robot_supervisor]: FULL ROTATE active (accum_rad=2.181, timed_fallback=False, stall_count=0)
[robot_supervisor-7] [INFO] [1777470561.720712226] [robot_0.robot_supervisor]: FULL ROTATE active (accum_rad=0.000, timed_fallback=False, stall_count=0)
[robot_supervisor-16] [INFO] [1777470561.764557289] [robot_3.robot_supervisor]: Selected controllable event: EV_move_forward
[robot_supervisor-19] [INFO] [1777470561.791042213] [robot_4.robot_supervisor]: FULL ROTATE active (accum_rad=2.593, timed_fallback=False, stall_count=0)
[robot_supervisor-13] [INFO] [1777470561.798402490] [robot_2.robot_supervisor]: FULL ROTATE active (accum_rad=2.281, timed_fallback=False, stall_count=0)
[robot_supervisor-7] [INFO] [1777470561.820863810] [robot_0.robot_supervisor]: FULL ROTATE active (accum_rad=0.006, timed_fallback=False, stall_count=0)
[robot_supervisor-19] [INFO] [1777470561.891250988] [robot_4.robot_supervisor]: FULL ROTATE active (accum_rad=2.693, timed_fallback=False, stall_count=0)
[robot_supervisor-13] [INFO] [1777470561.898527473] [robot_2.robot_supervisor]: FULL ROTATE active (accum_rad=2.381, timed_fallback=False, stall_count=0)
[robot_supervisor-10] [INFO] [1777470561.909619519] [robot_1.robot_supervisor]: Selected controllable event: EV_move_forward
[robot_supervisor-7] [INFO] [1777470561.920696864] [robot_0.robot_supervisor]: FULL ROTATE active (accum_rad=0.041, timed_fallback=False, stall_count=0)
[robot_supervisor-19] [INFO] [1777470561.991079218] [robot_4.robot_supervisor]: FULL ROTATE active (accum_rad=2.793, timed_fallback=False, stall_count=0)
[robot_supervisor-13] [INFO] [1777470561.998463592] [robot_2.robot_supervisor]: FULL ROTATE active (accum_rad=2.481, timed_fallback=False, stall_count=0)
[robot_supervisor-7] [INFO] [1777470562.020910795] [robot_0.robot_supervisor]: FULL ROTATE active (accum_rad=0.105, timed_fallback=False, stall_count=0)
[robot_supervisor-16] [INFO] [1777470562.064158493] [robot_3.robot_supervisor]: Selected controllable event: EV_random_walk
[robot_supervisor-19] [INFO] [1777470562.091191176] [robot_4.robot_supervisor]: FULL ROTATE active (accum_rad=2.893, timed_fallback=False, stall_count=0)
[robot_supervisor-13] [INFO] [1777470562.098447361] [robot_2.robot_supervisor]: FULL ROTATE active (accum_rad=2.581, timed_fallback=False, stall_count=0)
[robot_supervisor-7] [INFO] [1777470562.120888016] [robot_0.robot_supervisor]: FULL ROTATE active (accum_rad=0.198, timed_fallback=False, stall_count=0)
[robot_supervisor-19] [INFO] [1777470562.191179835] [robot_4.robot_supervisor]: FULL ROTATE active (accum_rad=2.993, timed_fallback=False, stall_count=0)
[robot_supervisor-13] [INFO] [1777470562.198404583] [robot_2.robot_supervisor]: FULL ROTATE active (accum_rad=2.681, timed_fallback=False, stall_count=0)
[robot_supervisor-10] [INFO] [1777470562.209708281] [robot_1.robot_supervisor]: Selected controllable event: EV_random_walk
[robot_supervisor-7] [INFO] [1777470562.220898459] [robot_0.robot_supervisor]: FULL ROTATE active (accum_rad=0.298, timed_fallback=False, stall_count=0)
[robot_supervisor-19] [INFO] [1777470562.291135808] [robot_4.robot_supervisor]: FULL ROTATE active (accum_rad=3.093, timed_fallback=False, stall_count=0)
[robot_supervisor-19] [INFO] [1777470562.291491390] [robot_4.robot_supervisor]: FULL ROTATE completed by odom (accum_rad=3.193)
[robot_supervisor-19] [INFO] [1777470562.291757245] [robot_4.robot_supervisor]: FULL ROTATE stopped; supervisor will select next event next tick
[robot_supervisor-13] [INFO] [1777470562.298645816] [robot_2.robot_supervisor]: FULL ROTATE active (accum_rad=2.781, timed_fallback=False, stall_count=0)
[robot_supervisor-7] [INFO] [1777470562.320572646] [robot_0.robot_supervisor]: FULL ROTATE active (accum_rad=0.398, timed_fallback=False, stall_count=0)
[robot_supervisor-16] [INFO] [1777470562.364463130] [robot_3.robot_supervisor]: Selected controllable event: EV_move_forward
[robot_supervisor-13] [INFO] [1777470562.398740941] [robot_2.robot_supervisor]: FULL ROTATE active (accum_rad=2.881, timed_fallback=False, stall_count=0)
[robot_supervisor-7] [INFO] [1777470562.420752932] [robot_0.robot_supervisor]: FULL ROTATE active (accum_rad=0.498, timed_fallback=False, stall_count=0)
[robot_supervisor-13] [INFO] [1777470562.498664916] [robot_2.robot_supervisor]: FULL ROTATE active (accum_rad=2.981, timed_fallback=False, stall_count=0)
[robot_supervisor-7] [INFO] [1777470562.520618142] [robot_0.robot_supervisor]: FULL ROTATE active (accum_rad=0.598, timed_fallback=False, stall_count=0)
[robot_supervisor-13] [INFO] [1777470562.598769191] [robot_2.robot_supervisor]: FULL ROTATE active (accum_rad=3.081, timed_fallback=False, stall_count=0)
[robot_supervisor-13] [INFO] [1777470562.599399634] [robot_2.robot_supervisor]: FULL ROTATE completed by odom (accum_rad=3.181)
[robot_supervisor-13] [INFO] [1777470562.599936984] [robot_2.robot_supervisor]: FULL ROTATE stopped; supervisor will select next event next tick
[robot_supervisor-7] [INFO] [1777470562.620673952] [robot_0.robot_supervisor]: FULL ROTATE active (accum_rad=0.698, timed_fallback=False, stall_count=0)
[robot_supervisor-16] [INFO] [1777470562.664488301] [robot_3.robot_supervisor]: Selected controllable event: EV_random_walk
[robot_supervisor-19] [INFO] [1777470562.691509543] [robot_4.robot_supervisor]: Selected controllable event: EV_move_backward
[robot_supervisor-7] [INFO] [1777470562.720694209] [robot_0.robot_supervisor]: FULL ROTATE active (accum_rad=0.798, timed_fallback=False, stall_count=0)
[robot_supervisor-7] [INFO] [1777470562.820745766] [robot_0.robot_supervisor]: FULL ROTATE active (accum_rad=0.898, timed_fallback=False, stall_count=0)
[robot_supervisor-7] [INFO] [1777470562.920806775] [robot_0.robot_supervisor]: FULL ROTATE active (accum_rad=0.998, timed_fallback=False, stall_count=0)
[robot_supervisor-16] [INFO] [1777470562.964323997] [robot_3.robot_supervisor]: Selected controllable event: EV_move_forward
[robot_supervisor-13] [INFO] [1777470562.998523894] [robot_2.robot_supervisor]: Selected controllable event: EV_move_backward
[robot_supervisor-7] [INFO] [1777470563.020746976] [robot_0.robot_supervisor]: FULL ROTATE active (accum_rad=1.098, timed_fallback=False, stall_count=0)
[robot_supervisor-19] [INFO] [1777470563.091632876] [robot_4.robot_supervisor]: Selected controllable event: EV_rotate_clockwise
[robot_supervisor-7] [INFO] [1777470563.120774261] [robot_0.robot_supervisor]: FULL ROTATE active (accum_rad=1.198, timed_fallback=False, stall_count=0)
[robot_supervisor-7] [INFO] [1777470563.220737866] [robot_0.robot_supervisor]: FULL ROTATE active (accum_rad=1.298, timed_fallback=False, stall_count=0)
[robot_supervisor-16] [INFO] [1777470563.264075526] [robot_3.robot_supervisor]: Selected controllable event: EV_random_walk
[robot_supervisor-7] [INFO] [1777470563.321071606] [robot_0.robot_supervisor]: FULL ROTATE active (accum_rad=1.398, timed_fallback=False, stall_count=0)
[robot_supervisor-13] [INFO] [1777470563.398473147] [robot_2.robot_supervisor]: Selected controllable event: EV_rotate_clockwise
[robot_supervisor-7] [INFO] [1777470563.420962504] [robot_0.robot_supervisor]: FULL ROTATE active (accum_rad=1.498, timed_fallback=False, stall_count=0)
[robot_supervisor-7] [INFO] [1777470563.520594660] [robot_0.robot_supervisor]: FULL ROTATE active (accum_rad=1.598, timed_fallback=False, stall_count=0)
[robot_supervisor-16] [INFO] [1777470563.564333984] [robot_3.robot_supervisor]: Selected controllable event: EV_move_forward
[robot_supervisor-7] [INFO] [1777470563.620759517] [robot_0.robot_supervisor]: FULL ROTATE active (accum_rad=1.698, timed_fallback=False, stall_count=0)
[robot_supervisor-10] [INFO] [1777470563.709698014] [robot_1.robot_supervisor]: Selected controllable event: EV_move_forward
[robot_supervisor-7] [INFO] [1777470563.720779801] [robot_0.robot_supervisor]: FULL ROTATE active (accum_rad=1.798, timed_fallback=False, stall_count=0)
[image_processor-22] [INFO] [1777470563.804790404] [robot_1.image_processor]: Zone=CLEAR
[image_processor-24] [INFO] [1777470563.813729474] [robot_3.image_processor]: Zone=CLEAR
[robot_supervisor-7] [INFO] [1777470563.820814891] [robot_0.robot_supervisor]: FULL ROTATE active (accum_rad=1.898, timed_fallback=False, stall_count=0)
[image_processor-25] [INFO] [1777470563.826645470] [robot_4.image_processor]: Zone=CORNER
[image_processor-23] [INFO] [1777470563.837313765] [robot_2.image_processor]: Zone=CORNER
[image_processor-21] [INFO] [1777470563.846686258] [robot_0.image_processor]: Zone=CORNER
[robot_supervisor-16] [INFO] [1777470563.864585342] [robot_3.robot_supervisor]: Selected controllable event: EV_random_walk
[robot_supervisor-7] [INFO] [1777470563.920758455] [robot_0.robot_supervisor]: FULL ROTATE active (accum_rad=1.998, timed_fallback=False, stall_count=0)
[robot_supervisor-16] [INFO] [1777470563.964403063] [robot_3.robot_supervisor]: Selected controllable event: EV_move_forward
[robot_supervisor-10] [INFO] [1777470564.009608347] [robot_1.robot_supervisor]: Selected controllable event: EV_random_walk
[robot_supervisor-7] [INFO] [1777470564.020718636] [robot_0.robot_supervisor]: FULL ROTATE active (accum_rad=2.098, timed_fallback=False, stall_count=0)
[robot_supervisor-7] [INFO] [1777470564.120693616] [robot_0.robot_supervisor]: FULL ROTATE active (accum_rad=2.198, timed_fallback=False, stall_count=0)
[robot_supervisor-7] [INFO] [1777470564.220676535] [robot_0.robot_supervisor]: FULL ROTATE active (accum_rad=2.298, timed_fallback=False, stall_count=0)
[robot_supervisor-16] [INFO] [1777470564.264311339] [robot_3.robot_supervisor]: Selected controllable event: EV_random_walk
[robot_supervisor-7] [INFO] [1777470564.320807337] [robot_0.robot_supervisor]: FULL ROTATE active (accum_rad=2.398, timed_fallback=False, stall_count=0)
[robot_supervisor-7] [INFO] [1777470564.420716400] [robot_0.robot_supervisor]: FULL ROTATE active (accum_rad=2.498, timed_fallback=False, stall_count=0)
[robot_supervisor-7] [INFO] [1777470564.520697596] [robot_0.robot_supervisor]: FULL ROTATE active (accum_rad=2.598, timed_fallback=False, stall_count=0)
[robot_supervisor-16] [INFO] [1777470564.564319609] [robot_3.robot_supervisor]: Selected controllable event: EV_move_forward
[robot_supervisor-7] [INFO] [1777470564.620842076] [robot_0.robot_supervisor]: FULL ROTATE active (accum_rad=2.698, timed_fallback=False, stall_count=0)
[robot_supervisor-7] [INFO] [1777470564.720800005] [robot_0.robot_supervisor]: FULL ROTATE active (accum_rad=2.798, timed_fallback=False, stall_count=0)
[robot_supervisor-7] [INFO] [1777470564.821076444] [robot_0.robot_supervisor]: FULL ROTATE active (accum_rad=2.898, timed_fallback=False, stall_count=0)
[robot_supervisor-16] [INFO] [1777470564.864361626] [robot_3.robot_supervisor]: Selected controllable event: EV_random_walk
[robot_supervisor-7] [INFO] [1777470564.920939304] [robot_0.robot_supervisor]: FULL ROTATE active (accum_rad=2.998, timed_fallback=False, stall_count=0)
[robot_supervisor-7] [INFO] [1777470565.020915509] [robot_0.robot_supervisor]: FULL ROTATE active (accum_rad=3.098, timed_fallback=False, stall_count=0)
[robot_supervisor-7] [INFO] [1777470565.021541118] [robot_0.robot_supervisor]: FULL ROTATE completed by odom (accum_rad=3.198)
[robot_supervisor-7] [INFO] [1777470565.022079803] [robot_0.robot_supervisor]: FULL ROTATE stopped; supervisor will select next event next tick
[robot_supervisor-16] [INFO] [1777470565.164293079] [robot_3.robot_supervisor]: Selected controllable event: EV_move_forward
[robot_supervisor-19] [INFO] [1777470565.191505175] [robot_4.robot_supervisor]: Selected controllable event: EV_full_rotate
[robot_supervisor-19] [INFO] [1777470565.191897277] [robot_4.robot_supervisor]: Starting FULL ROTATE (omega=1.000, have_odom=True, target_rad=3.142, timeout_s=3.500)
[robot_supervisor-19] [INFO] [1777470565.291479492] [robot_4.robot_supervisor]: FULL ROTATE active (accum_rad=0.000, timed_fallback=False, stall_count=0)
[robot_supervisor-10] [INFO] [1777470565.309419933] [robot_1.robot_supervisor]: Selected controllable event: EV_move_forward
[robot_supervisor-7] [INFO] [1777470565.320666332] [robot_0.robot_supervisor]: Selected controllable event: EV_move_backward
[robot_supervisor-19] [INFO] [1777470565.391488105] [robot_4.robot_supervisor]: FULL ROTATE active (accum_rad=0.003, timed_fallback=False, stall_count=0)
[robot_supervisor-16] [INFO] [1777470565.464269873] [robot_3.robot_supervisor]: Selected controllable event: EV_random_walk
[robot_supervisor-19] [INFO] [1777470565.491458550] [robot_4.robot_supervisor]: FULL ROTATE active (accum_rad=0.037, timed_fallback=False, stall_count=0)
[robot_supervisor-19] [INFO] [1777470565.591121665] [robot_4.robot_supervisor]: FULL ROTATE active (accum_rad=0.100, timed_fallback=False, stall_count=0)
[robot_supervisor-13] [INFO] [1777470565.598507635] [robot_2.robot_supervisor]: Selected controllable event: EV_full_rotate
[robot_supervisor-13] [INFO] [1777470565.598940480] [robot_2.robot_supervisor]: Starting FULL ROTATE (omega=1.000, have_odom=True, target_rad=3.142, timeout_s=3.500)
[robot_supervisor-10] [INFO] [1777470565.609409151] [robot_1.robot_supervisor]: Selected controllable event: EV_random_walk
[robot_supervisor-19] [INFO] [1777470565.691391138] [robot_4.robot_supervisor]: FULL ROTATE active (accum_rad=0.193, timed_fallback=False, stall_count=0)
[robot_supervisor-13] [INFO] [1777470565.698533857] [robot_2.robot_supervisor]: FULL ROTATE active (accum_rad=0.000, timed_fallback=False, stall_count=0)
[robot_supervisor-7] [INFO] [1777470565.720784437] [robot_0.robot_supervisor]: Selected controllable event: EV_rotate_clockwise
[robot_supervisor-16] [INFO] [1777470565.764244965] [robot_3.robot_supervisor]: Selected controllable event: EV_move_forward
[robot_supervisor-19] [INFO] [1777470565.791427313] [robot_4.robot_supervisor]: FULL ROTATE active (accum_rad=0.293, timed_fallback=False, stall_count=0)
[robot_supervisor-13] [INFO] [1777470565.798688765] [robot_2.robot_supervisor]: FULL ROTATE active (accum_rad=0.011, timed_fallback=False, stall_count=0)
[robot_supervisor-19] [INFO] [1777470565.891545229] [robot_4.robot_supervisor]: FULL ROTATE active (accum_rad=0.393, timed_fallback=False, stall_count=0)
[robot_supervisor-13] [INFO] [1777470565.898535865] [robot_2.robot_supervisor]: FULL ROTATE active (accum_rad=0.051, timed_fallback=False, stall_count=0)
[robot_supervisor-19] [INFO] [1777470565.991384371] [robot_4.robot_supervisor]: FULL ROTATE active (accum_rad=0.493, timed_fallback=False, stall_count=0)
[robot_supervisor-13] [INFO] [1777470565.998498392] [robot_2.robot_supervisor]: FULL ROTATE active (accum_rad=0.122, timed_fallback=False, stall_count=0)
[robot_supervisor-16] [INFO] [1777470566.064045540] [robot_3.robot_supervisor]: Selected controllable event: EV_random_walk
[robot_supervisor-19] [INFO] [1777470566.091363726] [robot_4.robot_supervisor]: FULL ROTATE active (accum_rad=0.593, timed_fallback=False, stall_count=0)
[robot_supervisor-13] [INFO] [1777470566.098459865] [robot_2.robot_supervisor]: FULL ROTATE active (accum_rad=0.218, timed_fallback=False, stall_count=0)
[robot_supervisor-19] [INFO] [1777470566.191406206] [robot_4.robot_supervisor]: FULL ROTATE active (accum_rad=0.693, timed_fallback=False, stall_count=0)
[robot_supervisor-13] [INFO] [1777470566.198490215] [robot_2.robot_supervisor]: FULL ROTATE active (accum_rad=0.318, timed_fallback=False, stall_count=0)
[robot_supervisor-19] [INFO] [1777470566.291469219] [robot_4.robot_supervisor]: FULL ROTATE active (accum_rad=0.793, timed_fallback=False, stall_count=0)
[robot_supervisor-13] [INFO] [1777470566.298476622] [robot_2.robot_supervisor]: FULL ROTATE active (accum_rad=0.418, timed_fallback=False, stall_count=0)
[image_processor-22] [INFO] [1777470566.300897161] [robot_1.image_processor]: Zone=CLEAR
[image_processor-24] [INFO] [1777470566.309865983] [robot_3.image_processor]: Zone=CLEAR
[image_processor-25] [INFO] [1777470566.327376428] [robot_4.image_processor]: Zone=CORNER
[image_processor-23] [INFO] [1777470566.347564115] [robot_2.image_processor]: Zone=CORNER
[image_processor-21] [INFO] [1777470566.356280902] [robot_0.image_processor]: Zone=CORNER
[robot_supervisor-16] [INFO] [1777470566.364593914] [robot_3.robot_supervisor]: Selected controllable event: EV_move_forward
[robot_supervisor-19] [INFO] [1777470566.391476075] [robot_4.robot_supervisor]: FULL ROTATE active (accum_rad=0.893, timed_fallback=False, stall_count=0)
[robot_supervisor-13] [INFO] [1777470566.398505451] [robot_2.robot_supervisor]: FULL ROTATE active (accum_rad=0.518, timed_fallback=False, stall_count=0)
[robot_supervisor-19] [INFO] [1777470566.491440897] [robot_4.robot_supervisor]: FULL ROTATE active (accum_rad=0.993, timed_fallback=False, stall_count=0)
[robot_supervisor-13] [INFO] [1777470566.498473484] [robot_2.robot_supervisor]: FULL ROTATE active (accum_rad=0.618, timed_fallback=False, stall_count=0)
[robot_supervisor-19] [INFO] [1777470566.591459534] [robot_4.robot_supervisor]: FULL ROTATE active (accum_rad=1.093, timed_fallback=False, stall_count=0)
[robot_supervisor-13] [INFO] [1777470566.598665604] [robot_2.robot_supervisor]: FULL ROTATE active (accum_rad=0.718, timed_fallback=False, stall_count=0)
[robot_supervisor-16] [INFO] [1777470566.664458543] [robot_3.robot_supervisor]: Selected controllable event: EV_random_walk
[robot_supervisor-19] [INFO] [1777470566.691204962] [robot_4.robot_supervisor]: FULL ROTATE active (accum_rad=1.193, timed_fallback=False, stall_count=0)
[robot_supervisor-13] [INFO] [1777470566.698265793] [robot_2.robot_supervisor]: FULL ROTATE active (accum_rad=0.818, timed_fallback=False, stall_count=0)
[robot_supervisor-19] [INFO] [1777470566.791210490] [robot_4.robot_supervisor]: FULL ROTATE active (accum_rad=1.293, timed_fallback=False, stall_count=0)
[robot_supervisor-13] [INFO] [1777470566.798304213] [robot_2.robot_supervisor]: FULL ROTATE active (accum_rad=0.918, timed_fallback=False, stall_count=0)
[robot_supervisor-19] [INFO] [1777470566.891143704] [robot_4.robot_supervisor]: FULL ROTATE active (accum_rad=1.393, timed_fallback=False, stall_count=0)
[robot_supervisor-13] [INFO] [1777470566.898484700] [robot_2.robot_supervisor]: FULL ROTATE active (accum_rad=1.018, timed_fallback=False, stall_count=0)
[robot_supervisor-19] [INFO] [1777470566.991235427] [robot_4.robot_supervisor]: FULL ROTATE active (accum_rad=1.493, timed_fallback=False, stall_count=0)
[robot_supervisor-13] [INFO] [1777470566.998520750] [robot_2.robot_supervisor]: FULL ROTATE active (accum_rad=1.118, timed_fallback=False, stall_count=0)
[robot_supervisor-19] [INFO] [1777470567.091032175] [robot_4.robot_supervisor]: FULL ROTATE active (accum_rad=1.593, timed_fallback=False, stall_count=0)
[robot_supervisor-13] [INFO] [1777470567.098260381] [robot_2.robot_supervisor]: FULL ROTATE active (accum_rad=1.218, timed_fallback=False, stall_count=0)
[robot_supervisor-10] [INFO] [1777470567.109432513] [robot_1.robot_supervisor]: Selected controllable event: EV_move_forward
[robot_supervisor-19] [INFO] [1777470567.190977416] [robot_4.robot_supervisor]: FULL ROTATE active (accum_rad=1.693, timed_fallback=False, stall_count=0)
[robot_supervisor-13] [INFO] [1777470567.198445432] [robot_2.robot_supervisor]: FULL ROTATE active (accum_rad=1.318, timed_fallback=False, stall_count=0)
[robot_supervisor-19] [INFO] [1777470567.290998203] [robot_4.robot_supervisor]: FULL ROTATE active (accum_rad=1.793, timed_fallback=False, stall_count=0)
[robot_supervisor-13] [INFO] [1777470567.298593640] [robot_2.robot_supervisor]: FULL ROTATE active (accum_rad=1.418, timed_fallback=False, stall_count=0)
[robot_supervisor-19] [INFO] [1777470567.391017914] [robot_4.robot_supervisor]: FULL ROTATE active (accum_rad=1.893, timed_fallback=False, stall_count=0)
[robot_supervisor-13] [INFO] [1777470567.398334387] [robot_2.robot_supervisor]: FULL ROTATE active (accum_rad=1.518, timed_fallback=False, stall_count=0)
[robot_supervisor-10] [INFO] [1777470567.409458745] [robot_1.robot_supervisor]: Selected controllable event: EV_random_walk
[robot_supervisor-19] [INFO] [1777470567.490992334] [robot_4.robot_supervisor]: FULL ROTATE active (accum_rad=1.993, timed_fallback=False, stall_count=0)
[robot_supervisor-13] [INFO] [1777470567.498508675] [robot_2.robot_supervisor]: FULL ROTATE active (accum_rad=1.618, timed_fallback=False, stall_count=0)
[robot_supervisor-19] [INFO] [1777470567.591142825] [robot_4.robot_supervisor]: FULL ROTATE active (accum_rad=2.093, timed_fallback=False, stall_count=0)
[robot_supervisor-13] [INFO] [1777470567.598439682] [robot_2.robot_supervisor]: FULL ROTATE active (accum_rad=1.718, timed_fallback=False, stall_count=0)
[robot_supervisor-19] [INFO] [1777470567.691442175] [robot_4.robot_supervisor]: FULL ROTATE active (accum_rad=2.193, timed_fallback=False, stall_count=0)
[robot_supervisor-13] [INFO] [1777470567.698396886] [robot_2.robot_supervisor]: FULL ROTATE active (accum_rad=1.818, timed_fallback=False, stall_count=0)
[robot_supervisor-10] [INFO] [1777470567.709444069] [robot_1.robot_supervisor]: Selected controllable event: EV_move_forward
[robot_supervisor-19] [INFO] [1777470567.791438528] [robot_4.robot_supervisor]: FULL ROTATE active (accum_rad=2.293, timed_fallback=False, stall_count=0)
[robot_supervisor-13] [INFO] [1777470567.798326806] [robot_2.robot_supervisor]: FULL ROTATE active (accum_rad=1.918, timed_fallback=False, stall_count=0)
[robot_supervisor-7] [INFO] [1777470567.820858699] [robot_0.robot_supervisor]: Selected controllable event: EV_full_rotate
[robot_supervisor-7] [INFO] [1777470567.821234791] [robot_0.robot_supervisor]: Starting FULL ROTATE (omega=1.000, have_odom=True, target_rad=3.142, timeout_s=3.500)
[robot_supervisor-19] [INFO] [1777470567.891616386] [robot_4.robot_supervisor]: FULL ROTATE active (accum_rad=2.393, timed_fallback=False, stall_count=0)
[robot_supervisor-13] [INFO] [1777470567.898454623] [robot_2.robot_supervisor]: FULL ROTATE active (accum_rad=2.018, timed_fallback=False, stall_count=0)
[robot_supervisor-7] [INFO] [1777470567.920778053] [robot_0.robot_supervisor]: FULL ROTATE active (accum_rad=0.000, timed_fallback=False, stall_count=0)
[robot_supervisor-19] [INFO] [1777470567.991193937] [robot_4.robot_supervisor]: FULL ROTATE active (accum_rad=2.493, timed_fallback=False, stall_count=0)
[robot_supervisor-13] [INFO] [1777470567.998451700] [robot_2.robot_supervisor]: FULL ROTATE active (accum_rad=2.118, timed_fallback=False, stall_count=0)
[robot_supervisor-10] [INFO] [1777470568.009452658] [robot_1.robot_supervisor]: Selected controllable event: EV_random_walk
[robot_supervisor-7] [INFO] [1777470568.020905793] [robot_0.robot_supervisor]: FULL ROTATE active (accum_rad=0.005, timed_fallback=False, stall_count=0)
[robot_supervisor-19] [INFO] [1777470568.091224603] [robot_4.robot_supervisor]: FULL ROTATE active (accum_rad=2.593, timed_fallback=False, stall_count=0)
[robot_supervisor-13] [INFO] [1777470568.098471402] [robot_2.robot_supervisor]: FULL ROTATE active (accum_rad=2.218, timed_fallback=False, stall_count=0)
[robot_supervisor-7] [INFO] [1777470568.120722502] [robot_0.robot_supervisor]: FULL ROTATE active (accum_rad=0.030, timed_fallback=False, stall_count=0)
[robot_supervisor-16] [INFO] [1777470568.164264455] [robot_3.robot_supervisor]: Selected controllable event: EV_move_forward
[robot_supervisor-19] [INFO] [1777470568.191209337] [robot_4.robot_supervisor]: FULL ROTATE active (accum_rad=2.693, timed_fallback=False, stall_count=0)
[robot_supervisor-13] [INFO] [1777470568.198465104] [robot_2.robot_supervisor]: FULL ROTATE active (accum_rad=2.318, timed_fallback=False, stall_count=0)
[robot_supervisor-7] [INFO] [1777470568.220970053] [robot_0.robot_supervisor]: FULL ROTATE active (accum_rad=0.084, timed_fallback=False, stall_count=0)
[robot_supervisor-19] [INFO] [1777470568.291219336] [robot_4.robot_supervisor]: FULL ROTATE active (accum_rad=2.793, timed_fallback=False, stall_count=0)
[robot_supervisor-13] [INFO] [1777470568.298631296] [robot_2.robot_supervisor]: FULL ROTATE active (accum_rad=2.418, timed_fallback=False, stall_count=0)
[robot_supervisor-10] [INFO] [1777470568.309509807] [robot_1.robot_supervisor]: Selected controllable event: EV_move_forward
[robot_supervisor-7] [INFO] [1777470568.321055072] [robot_0.robot_supervisor]: FULL ROTATE active (accum_rad=0.169, timed_fallback=False, stall_count=0)
[robot_supervisor-19] [INFO] [1777470568.391344811] [robot_4.robot_supervisor]: FULL ROTATE active (accum_rad=2.893, timed_fallback=False, stall_count=0)
[robot_supervisor-13] [INFO] [1777470568.398328906] [robot_2.robot_supervisor]: FULL ROTATE active (accum_rad=2.518, timed_fallback=False, stall_count=0)
[robot_supervisor-7] [INFO] [1777470568.420741804] [robot_0.robot_supervisor]: FULL ROTATE active (accum_rad=0.269, timed_fallback=False, stall_count=0)
[robot_supervisor-16] [INFO] [1777470568.464301723] [robot_3.robot_supervisor]: Selected controllable event: EV_random_walk
[robot_supervisor-19] [INFO] [1777470568.491405779] [robot_4.robot_supervisor]: FULL ROTATE active (accum_rad=2.993, timed_fallback=False, stall_count=0)
[robot_supervisor-13] [INFO] [1777470568.498549049] [robot_2.robot_supervisor]: FULL ROTATE active (accum_rad=2.618, timed_fallback=False, stall_count=0)
[robot_supervisor-7] [INFO] [1777470568.520939807] [robot_0.robot_supervisor]: FULL ROTATE active (accum_rad=0.369, timed_fallback=False, stall_count=0)
[robot_supervisor-19] [INFO] [1777470568.591448926] [robot_4.robot_supervisor]: FULL ROTATE active (accum_rad=3.093, timed_fallback=False, stall_count=0)
[robot_supervisor-19] [INFO] [1777470568.591935819] [robot_4.robot_supervisor]: FULL ROTATE completed by odom (accum_rad=3.193)
[robot_supervisor-19] [INFO] [1777470568.592354025] [robot_4.robot_supervisor]: FULL ROTATE stopped; supervisor will select next event next tick
[robot_supervisor-13] [INFO] [1777470568.598542809] [robot_2.robot_supervisor]: FULL ROTATE active (accum_rad=2.718, timed_fallback=False, stall_count=0)
[robot_supervisor-10] [INFO] [1777470568.609422109] [robot_1.robot_supervisor]: Selected controllable event: EV_random_walk
[robot_supervisor-7] [INFO] [1777470568.620860073] [robot_0.robot_supervisor]: FULL ROTATE active (accum_rad=0.469, timed_fallback=False, stall_count=0)
[robot_supervisor-13] [INFO] [1777470568.698524488] [robot_2.robot_supervisor]: FULL ROTATE active (accum_rad=2.818, timed_fallback=False, stall_count=0)
[robot_supervisor-7] [INFO] [1777470568.720544960] [robot_0.robot_supervisor]: FULL ROTATE active (accum_rad=0.569, timed_fallback=False, stall_count=0)
[robot_supervisor-13] [INFO] [1777470568.798346342] [robot_2.robot_supervisor]: FULL ROTATE active (accum_rad=2.918, timed_fallback=False, stall_count=0)
[image_processor-22] [INFO] [1777470568.801953145] [robot_1.image_processor]: Zone=CLEAR
[robot_supervisor-7] [INFO] [1777470568.821049379] [robot_0.robot_supervisor]: FULL ROTATE active (accum_rad=0.669, timed_fallback=False, stall_count=0)
[image_processor-25] [INFO] [1777470568.826071330] [robot_4.image_processor]: Zone=CLEAR  left[p=2.594 near=0 v=5472]  front[p=2.824 near=0 v=8910]  right[p=3.043 near=0 v=7071]
[robot_supervisor-19] [INFO] [1777470568.826831983] [robot_4.robot_supervisor]: Detected zone changed to CLEAR
[image_processor-23] [INFO] [1777470568.833581257] [robot_2.image_processor]: Zone=CORNER
[image_processor-21] [INFO] [1777470568.843108119] [robot_0.image_processor]: Zone=CORNER
[robot_supervisor-13] [INFO] [1777470568.898483150] [robot_2.robot_supervisor]: FULL ROTATE active (accum_rad=3.018, timed_fallback=False, stall_count=0)
[robot_supervisor-10] [INFO] [1777470568.909467583] [robot_1.robot_supervisor]: Selected controllable event: EV_move_forward
[image_processor-24] [INFO] [1777470568.915226937] [robot_3.image_processor]: Zone=LEFT  left[p=0.352 near=6593 v=7650]  front[p=0.803 near=1196 v=13500]  right[p=0.709 near=7246 v=7740]
[robot_supervisor-16] [INFO] [1777470568.915833960] [robot_3.robot_supervisor]: Detected zone changed to LEFT
[robot_supervisor-7] [INFO] [1777470568.920906010] [robot_0.robot_supervisor]: FULL ROTATE active (accum_rad=0.769, timed_fallback=False, stall_count=0)
[robot_supervisor-19] [INFO] [1777470568.991201205] [robot_4.robot_supervisor]: Selected controllable event: EV_move_forward
[robot_supervisor-13] [INFO] [1777470568.998422552] [robot_2.robot_supervisor]: FULL ROTATE active (accum_rad=3.118, timed_fallback=False, stall_count=0)
[robot_supervisor-13] [INFO] [1777470568.998784902] [robot_2.robot_supervisor]: FULL ROTATE completed by odom (accum_rad=3.218)
[robot_supervisor-13] [INFO] [1777470568.999064280] [robot_2.robot_supervisor]: FULL ROTATE stopped; supervisor will select next event next tick
[robot_supervisor-7] [INFO] [1777470569.020993792] [robot_0.robot_supervisor]: FULL ROTATE active (accum_rad=0.869, timed_fallback=False, stall_count=0)
[robot_supervisor-7] [INFO] [1777470569.120867867] [robot_0.robot_supervisor]: FULL ROTATE active (accum_rad=0.969, timed_fallback=False, stall_count=0)
[robot_supervisor-10] [INFO] [1777470569.209689577] [robot_1.robot_supervisor]: Selected controllable event: EV_random_walk
[robot_supervisor-7] [INFO] [1777470569.220935961] [robot_0.robot_supervisor]: FULL ROTATE active (accum_rad=1.069, timed_fallback=False, stall_count=0)
[robot_supervisor-19] [INFO] [1777470569.291287695] [robot_4.robot_supervisor]: Selected controllable event: EV_random_walk
[robot_supervisor-7] [INFO] [1777470569.320647140] [robot_0.robot_supervisor]: FULL ROTATE active (accum_rad=1.169, timed_fallback=False, stall_count=0)
[robot_supervisor-13] [INFO] [1777470569.398557743] [robot_2.robot_supervisor]: Selected controllable event: EV_move_backward
[robot_supervisor-7] [INFO] [1777470569.420797871] [robot_0.robot_supervisor]: FULL ROTATE active (accum_rad=1.269, timed_fallback=False, stall_count=0)
[robot_supervisor-7] [INFO] [1777470569.520518059] [robot_0.robot_supervisor]: FULL ROTATE active (accum_rad=1.369, timed_fallback=False, stall_count=0)
[robot_supervisor-19] [INFO] [1777470569.591534664] [robot_4.robot_supervisor]: Selected controllable event: EV_move_forward
[robot_supervisor-7] [INFO] [1777470569.620696540] [robot_0.robot_supervisor]: FULL ROTATE active (accum_rad=1.469, timed_fallback=False, stall_count=0)
[bump_counter-3] [INFO] [1777470569.697940803] [bump_counter]: [global] bump #21 (obstacle) with: cylinder2::link::collision
[robot_supervisor-7] [INFO] [1777470569.720703088] [robot_0.robot_supervisor]: FULL ROTATE active (accum_rad=1.569, timed_fallback=False, stall_count=0)
[robot_supervisor-13] [INFO] [1777470569.798621613] [robot_2.robot_supervisor]: Selected controllable event: EV_rotate_clockwise
[robot_supervisor-7] [INFO] [1777470569.821066085] [robot_0.robot_supervisor]: FULL ROTATE active (accum_rad=1.669, timed_fallback=False, stall_count=0)
[robot_supervisor-19] [INFO] [1777470569.891552915] [robot_4.robot_supervisor]: Selected controllable event: EV_random_walk
[robot_supervisor-7] [INFO] [1777470569.920921614] [robot_0.robot_supervisor]: FULL ROTATE active (accum_rad=1.769, timed_fallback=False, stall_count=0)
[robot_supervisor-16] [INFO] [1777470569.964531910] [robot_3.robot_supervisor]: Selected controllable event: EV_rotate_clockwise
[robot_supervisor-10] [INFO] [1777470570.009436367] [robot_1.robot_supervisor]: Selected controllable event: EV_move_forward
[robot_supervisor-7] [INFO] [1777470570.020880268] [robot_0.robot_supervisor]: FULL ROTATE active (accum_rad=1.869, timed_fallback=False, stall_count=0)
[robot_supervisor-7] [INFO] [1777470570.120723063] [robot_0.robot_supervisor]: FULL ROTATE active (accum_rad=1.969, timed_fallback=False, stall_count=0)
[robot_supervisor-19] [INFO] [1777470570.191637426] [robot_4.robot_supervisor]: Selected controllable event: EV_move_forward
[robot_supervisor-7] [INFO] [1777470570.220884185] [robot_0.robot_supervisor]: FULL ROTATE active (accum_rad=2.069, timed_fallback=False, stall_count=0)
[robot_supervisor-10] [INFO] [1777470570.309267885] [robot_1.robot_supervisor]: Selected controllable event: EV_random_walk
[robot_supervisor-7] [INFO] [1777470570.321042839] [robot_0.robot_supervisor]: FULL ROTATE active (accum_rad=2.169, timed_fallback=False, stall_count=0)
[robot_supervisor-7] [INFO] [1777470570.420957378] [robot_0.robot_supervisor]: FULL ROTATE active (accum_rad=2.269, timed_fallback=False, stall_count=0)
[robot_supervisor-19] [INFO] [1777470570.491558959] [robot_4.robot_supervisor]: Selected controllable event: EV_random_walk
[robot_supervisor-7] [INFO] [1777470570.520906125] [robot_0.robot_supervisor]: FULL ROTATE active (accum_rad=2.369, timed_fallback=False, stall_count=0)
[bump_counter-3] [INFO] [1777470570.528701045] [bump_counter]: [global] bump #22 (obstacle) with: west_wall::link::collision
[robot_supervisor-7] [INFO] [1777470570.620819589] [robot_0.robot_supervisor]: FULL ROTATE active (accum_rad=2.469, timed_fallback=False, stall_count=0)
[robot_supervisor-7] [INFO] [1777470570.720980930] [robot_0.robot_supervisor]: FULL ROTATE active (accum_rad=2.569, timed_fallback=False, stall_count=0)
[robot_supervisor-19] [INFO] [1777470570.791095474] [robot_4.robot_supervisor]: Selected controllable event: EV_move_forward
[robot_supervisor-7] [INFO] [1777470570.821051118] [robot_0.robot_supervisor]: FULL ROTATE active (accum_rad=2.669, timed_fallback=False, stall_count=0)
[robot_supervisor-7] [INFO] [1777470570.920880610] [robot_0.robot_supervisor]: FULL ROTATE active (accum_rad=2.769, timed_fallback=False, stall_count=0)
[robot_supervisor-7] [INFO] [1777470571.020783274] [robot_0.robot_supervisor]: FULL ROTATE active (accum_rad=2.869, timed_fallback=False, stall_count=0)
[robot_supervisor-19] [INFO] [1777470571.091098012] [robot_4.robot_supervisor]: Selected controllable event: EV_random_walk
[robot_supervisor-7] [INFO] [1777470571.120730779] [robot_0.robot_supervisor]: FULL ROTATE active (accum_rad=2.969, timed_fallback=False, stall_count=0)
[robot_supervisor-7] [INFO] [1777470571.220806041] [robot_0.robot_supervisor]: FULL ROTATE active (accum_rad=3.069, timed_fallback=False, stall_count=0)
[robot_supervisor-7] [INFO] [1777470571.221321424] [robot_0.robot_supervisor]: FULL ROTATE completed by odom (accum_rad=3.169)
[robot_supervisor-7] [INFO] [1777470571.221560349] [robot_0.robot_supervisor]: FULL ROTATE stopped; supervisor will select next event next tick
[image_processor-22] [INFO] [1777470571.302282324] [robot_1.image_processor]: Zone=CLEAR
[image_processor-24] [INFO] [1777470571.312175775] [robot_3.image_processor]: Zone=CORNER  left[p=0.440 near=7650 v=7650]  front[p=0.500 near=13500 v=13500]  right[p=0.622 near=7740 v=7740]
[robot_supervisor-16] [INFO] [1777470571.312733090] [robot_3.robot_supervisor]: Detected zone changed to CORNER
[image_processor-23] [INFO] [1777470571.332941753] [robot_2.image_processor]: Zone=RIGHT  left[p=0.586 near=5284 v=7650]  front[p=1.135 near=0 v=12918]  right[p=0.352 near=6483 v=7740]
[robot_supervisor-13] [INFO] [1777470571.333588275] [robot_2.robot_supervisor]: Detected zone changed to RIGHT
[image_processor-21] [INFO] [1777470571.350476560] [robot_0.image_processor]: Zone=CLEAR  left[p=2.077 near=0 v=4709]  front[p=2.826 near=0 v=7687]  right[p=3.302 near=0 v=6818]
[robot_supervisor-7] [INFO] [1777470571.350959182] [robot_0.robot_supervisor]: Detected zone changed to CLEAR
[robot_supervisor-19] [INFO] [1777470571.391224820] [robot_4.robot_supervisor]: Selected controllable event: EV_move_forward
[image_processor-25] [INFO] [1777470571.425165174] [robot_4.image_processor]: Zone=CLEAR
[robot_supervisor-7] [INFO] [1777470571.520863674] [robot_0.robot_supervisor]: Selected controllable event: EV_move_forward
[bump_counter-3] [INFO] [1777470571.609530690] [bump_counter]: [global] bump #23 (obstacle) with: cylinder2::link::collision
[robot_supervisor-19] [INFO] [1777470571.691088941] [robot_4.robot_supervisor]: Selected controllable event: EV_random_walk
[robot_supervisor-10] [INFO] [1777470571.809270405] [robot_1.robot_supervisor]: Selected controllable event: EV_move_forward
[robot_supervisor-7] [INFO] [1777470571.820652419] [robot_0.robot_supervisor]: Selected controllable event: EV_random_walk
[robot_supervisor-13] [INFO] [1777470571.898617831] [robot_2.robot_supervisor]: Selected controllable event: EV_full_rotate
[robot_supervisor-13] [INFO] [1777470571.899049363] [robot_2.robot_supervisor]: Starting FULL ROTATE (omega=1.000, have_odom=True, target_rad=3.142, timeout_s=3.500)
[robot_supervisor-19] [INFO] [1777470571.991102676] [robot_4.robot_supervisor]: Selected controllable event: EV_move_forward
[robot_supervisor-13] [INFO] [1777470571.998642847] [robot_2.robot_supervisor]: FULL ROTATE active (accum_rad=0.000, timed_fallback=False, stall_count=0)
[robot_supervisor-13] [INFO] [1777470572.098523024] [robot_2.robot_supervisor]: FULL ROTATE active (accum_rad=0.000, timed_fallback=False, stall_count=1)
[robot_supervisor-10] [INFO] [1777470572.109456841] [robot_1.robot_supervisor]: Selected controllable event: EV_random_walk
[robot_supervisor-7] [INFO] [1777470572.120678857] [robot_0.robot_supervisor]: Selected controllable event: EV_move_forward
[robot_supervisor-13] [INFO] [1777470572.198459570] [robot_2.robot_supervisor]: FULL ROTATE active (accum_rad=0.031, timed_fallback=False, stall_count=0)
[robot_supervisor-16] [INFO] [1777470572.264172011] [robot_3.robot_supervisor]: Selected controllable event: EV_move_backward
[robot_supervisor-19] [INFO] [1777470572.291316677] [robot_4.robot_supervisor]: Selected controllable event: EV_random_walk
[robot_supervisor-13] [INFO] [1777470572.298590088] [robot_2.robot_supervisor]: FULL ROTATE active (accum_rad=0.091, timed_fallback=False, stall_count=0)
[robot_supervisor-13] [INFO] [1777470572.398494093] [robot_2.robot_supervisor]: FULL ROTATE active (accum_rad=0.181, timed_fallback=False, stall_count=0)
[robot_supervisor-7] [INFO] [1777470572.420891909] [robot_0.robot_supervisor]: Selected controllable event: EV_random_walk
[robot_supervisor-13] [INFO] [1777470572.498469576] [robot_2.robot_supervisor]: FULL ROTATE active (accum_rad=0.281, timed_fallback=False, stall_count=0)
[robot_supervisor-19] [INFO] [1777470572.591045713] [robot_4.robot_supervisor]: Selected controllable event: EV_move_forward
[robot_supervisor-13] [INFO] [1777470572.598504137] [robot_2.robot_supervisor]: FULL ROTATE active (accum_rad=0.381, timed_fallback=False, stall_count=0)
[robot_supervisor-16] [INFO] [1777470572.664286057] [robot_3.robot_supervisor]: Selected controllable event: EV_rotate_clockwise
[robot_supervisor-13] [INFO] [1777470572.698530599] [robot_2.robot_supervisor]: FULL ROTATE active (accum_rad=0.481, timed_fallback=False, stall_count=0)
[robot_supervisor-7] [INFO] [1777470572.720771514] [robot_0.robot_supervisor]: Selected controllable event: EV_move_forward
[robot_supervisor-13] [INFO] [1777470572.798657043] [robot_2.robot_supervisor]: FULL ROTATE active (accum_rad=0.581, timed_fallback=False, stall_count=0)
[robot_supervisor-19] [INFO] [1777470572.891088423] [robot_4.robot_supervisor]: Selected controllable event: EV_random_walk
[robot_supervisor-13] [INFO] [1777470572.898339727] [robot_2.robot_supervisor]: FULL ROTATE active (accum_rad=0.681, timed_fallback=False, stall_count=0)
[robot_supervisor-13] [INFO] [1777470572.998288989] [robot_2.robot_supervisor]: FULL ROTATE active (accum_rad=0.781, timed_fallback=False, stall_count=0)
[robot_supervisor-7] [INFO] [1777470573.020787218] [robot_0.robot_supervisor]: Selected controllable event: EV_random_walk
[robot_supervisor-13] [INFO] [1777470573.098358186] [robot_2.robot_supervisor]: FULL ROTATE active (accum_rad=0.881, timed_fallback=False, stall_count=0)
[robot_supervisor-13] [INFO] [1777470573.198517311] [robot_2.robot_supervisor]: FULL ROTATE active (accum_rad=0.981, timed_fallback=False, stall_count=0)
[robot_supervisor-13] [INFO] [1777470573.298564033] [robot_2.robot_supervisor]: FULL ROTATE active (accum_rad=1.081, timed_fallback=False, stall_count=0)
[robot_supervisor-13] [INFO] [1777470573.398480872] [robot_2.robot_supervisor]: FULL ROTATE active (accum_rad=1.181, timed_fallback=False, stall_count=0)
[robot_supervisor-13] [INFO] [1777470573.498483556] [robot_2.robot_supervisor]: FULL ROTATE active (accum_rad=1.281, timed_fallback=False, stall_count=0)
[robot_supervisor-13] [INFO] [1777470573.598539483] [robot_2.robot_supervisor]: FULL ROTATE active (accum_rad=1.381, timed_fallback=False, stall_count=0)
[robot_supervisor-10] [INFO] [1777470573.609899487] [robot_1.robot_supervisor]: Selected controllable event: EV_move_forward
[robot_supervisor-13] [INFO] [1777470573.698509820] [robot_2.robot_supervisor]: FULL ROTATE active (accum_rad=1.481, timed_fallback=False, stall_count=0)
[robot_supervisor-13] [INFO] [1777470573.798521551] [robot_2.robot_supervisor]: FULL ROTATE active (accum_rad=1.581, timed_fallback=False, stall_count=0)
[image_processor-22] [INFO] [1777470573.801106631] [robot_1.image_processor]: Zone=CLEAR
[image_processor-24] [INFO] [1777470573.809486334] [robot_3.image_processor]: Zone=CLEAR  left[p=0.942 near=0 v=7650]  front[p=1.993 near=0 v=13500]  right[p=1.093 near=0 v=7740]
[robot_supervisor-16] [INFO] [1777470573.810445918] [robot_3.robot_supervisor]: Detected zone changed to CLEAR
[image_processor-25] [INFO] [1777470573.820343298] [robot_4.image_processor]: Zone=CLEAR
[image_processor-23] [INFO] [1777470573.832240140] [robot_2.image_processor]: Zone=CORNER  left[p=0.467 near=7650 v=7650]  front[p=0.535 near=13500 v=13500]  right[p=0.679 near=6685 v=7740]
[robot_supervisor-13] [INFO] [1777470573.832722127] [robot_2.robot_supervisor]: Detected zone changed to CORNER
[image_processor-21] [INFO] [1777470573.847889984] [robot_0.image_processor]: Zone=CLEAR
[robot_supervisor-13] [INFO] [1777470573.898474868] [robot_2.robot_supervisor]: FULL ROTATE active (accum_rad=1.681, timed_fallback=False, stall_count=0)
[robot_supervisor-10] [INFO] [1777470573.909504274] [robot_1.robot_supervisor]: Selected controllable event: EV_random_walk
[robot_supervisor-13] [INFO] [1777470573.998461308] [robot_2.robot_supervisor]: FULL ROTATE active (accum_rad=1.781, timed_fallback=False, stall_count=0)
[robot_supervisor-13] [INFO] [1777470574.098249268] [robot_2.robot_supervisor]: FULL ROTATE active (accum_rad=1.881, timed_fallback=False, stall_count=0)
[robot_supervisor-13] [INFO] [1777470574.198319861] [robot_2.robot_supervisor]: FULL ROTATE active (accum_rad=1.981, timed_fallback=False, stall_count=0)
[robot_supervisor-10] [INFO] [1777470574.209524767] [robot_1.robot_supervisor]: Selected controllable event: EV_move_forward
[robot_supervisor-13] [INFO] [1777470574.298327880] [robot_2.robot_supervisor]: FULL ROTATE active (accum_rad=2.081, timed_fallback=False, stall_count=0)
[robot_supervisor-19] [INFO] [1777470574.391659286] [robot_4.robot_supervisor]: Selected controllable event: EV_move_forward
[robot_supervisor-13] [INFO] [1777470574.398501442] [robot_2.robot_supervisor]: FULL ROTATE active (accum_rad=2.181, timed_fallback=False, stall_count=0)
[robot_supervisor-7] [INFO] [1777470574.420867817] [robot_0.robot_supervisor]: Selected controllable event: EV_move_forward
[robot_supervisor-13] [INFO] [1777470574.498274972] [robot_2.robot_supervisor]: FULL ROTATE active (accum_rad=2.281, timed_fallback=False, stall_count=0)
[robot_supervisor-10] [INFO] [1777470574.509293038] [robot_1.robot_supervisor]: Selected controllable event: EV_random_walk
[robot_supervisor-13] [INFO] [1777470574.598265130] [robot_2.robot_supervisor]: FULL ROTATE active (accum_rad=2.381, timed_fallback=False, stall_count=0)
[robot_supervisor-19] [INFO] [1777470574.691466786] [robot_4.robot_supervisor]: Selected controllable event: EV_random_walk
[robot_supervisor-13] [INFO] [1777470574.698220376] [robot_2.robot_supervisor]: FULL ROTATE active (accum_rad=2.481, timed_fallback=False, stall_count=0)
[robot_supervisor-7] [INFO] [1777470574.720759482] [robot_0.robot_supervisor]: Selected controllable event: EV_random_walk
[robot_supervisor-13] [INFO] [1777470574.798275016] [robot_2.robot_supervisor]: FULL ROTATE active (accum_rad=2.581, timed_fallback=False, stall_count=0)
[robot_supervisor-16] [INFO] [1777470574.864324345] [robot_3.robot_supervisor]: Selected controllable event: EV_full_rotate
[robot_supervisor-16] [INFO] [1777470574.864943468] [robot_3.robot_supervisor]: Starting FULL ROTATE (omega=1.000, have_odom=True, target_rad=3.142, timeout_s=3.500)
[robot_supervisor-13] [INFO] [1777470574.898462010] [robot_2.robot_supervisor]: FULL ROTATE active (accum_rad=2.681, timed_fallback=False, stall_count=0)
[robot_supervisor-16] [INFO] [1777470574.964186081] [robot_3.robot_supervisor]: FULL ROTATE active (accum_rad=0.000, timed_fallback=False, stall_count=0)
[robot_supervisor-19] [INFO] [1777470574.991059223] [robot_4.robot_supervisor]: Selected controllable event: EV_move_forward
[robot_supervisor-13] [INFO] [1777470574.998436148] [robot_2.robot_supervisor]: FULL ROTATE active (accum_rad=2.781, timed_fallback=False, stall_count=0)
[robot_supervisor-7] [INFO] [1777470575.020855123] [robot_0.robot_supervisor]: Selected controllable event: EV_move_forward
[robot_supervisor-16] [INFO] [1777470575.064268129] [robot_3.robot_supervisor]: FULL ROTATE active (accum_rad=0.008, timed_fallback=False, stall_count=0)
[robot_supervisor-13] [INFO] [1777470575.098450292] [robot_2.robot_supervisor]: FULL ROTATE active (accum_rad=2.881, timed_fallback=False, stall_count=0)
[robot_supervisor-16] [INFO] [1777470575.164158870] [robot_3.robot_supervisor]: FULL ROTATE active (accum_rad=0.046, timed_fallback=False, stall_count=0)
[robot_supervisor-13] [INFO] [1777470575.198259598] [robot_2.robot_supervisor]: FULL ROTATE active (accum_rad=2.981, timed_fallback=False, stall_count=0)
[robot_supervisor-16] [INFO] [1777470575.264166524] [robot_3.robot_supervisor]: FULL ROTATE active (accum_rad=0.113, timed_fallback=False, stall_count=0)
[robot_supervisor-19] [INFO] [1777470575.291271922] [robot_4.robot_supervisor]: Selected controllable event: EV_random_walk
[robot_supervisor-13] [INFO] [1777470575.298485352] [robot_2.robot_supervisor]: FULL ROTATE active (accum_rad=3.081, timed_fallback=False, stall_count=0)
[robot_supervisor-13] [INFO] [1777470575.298964897] [robot_2.robot_supervisor]: FULL ROTATE completed by odom (accum_rad=3.181)
[robot_supervisor-13] [INFO] [1777470575.299379335] [robot_2.robot_supervisor]: FULL ROTATE stopped; supervisor will select next event next tick
[robot_supervisor-7] [INFO] [1777470575.320881690] [robot_0.robot_supervisor]: Selected controllable event: EV_random_walk
[robot_supervisor-16] [INFO] [1777470575.364039785] [robot_3.robot_supervisor]: FULL ROTATE active (accum_rad=0.208, timed_fallback=False, stall_count=0)
[robot_supervisor-10] [INFO] [1777470575.409748345] [robot_1.robot_supervisor]: Selected controllable event: EV_move_forward
[robot_supervisor-16] [INFO] [1777470575.464246837] [robot_3.robot_supervisor]: FULL ROTATE active (accum_rad=0.308, timed_fallback=False, stall_count=0)
[robot_supervisor-16] [INFO] [1777470575.564368477] [robot_3.robot_supervisor]: FULL ROTATE active (accum_rad=0.408, timed_fallback=False, stall_count=0)
[robot_supervisor-19] [INFO] [1777470575.591280793] [robot_4.robot_supervisor]: Selected controllable event: EV_move_forward
[robot_supervisor-13] [INFO] [1777470575.598746629] [robot_2.robot_supervisor]: Selected controllable event: EV_move_backward
[robot_supervisor-7] [INFO] [1777470575.620631192] [robot_0.robot_supervisor]: Selected controllable event: EV_move_forward
[robot_supervisor-16] [INFO] [1777470575.664345516] [robot_3.robot_supervisor]: FULL ROTATE active (accum_rad=0.508, timed_fallback=False, stall_count=0)
[robot_supervisor-10] [INFO] [1777470575.709540171] [robot_1.robot_supervisor]: Selected controllable event: EV_random_walk
[robot_supervisor-16] [INFO] [1777470575.764156457] [robot_3.robot_supervisor]: FULL ROTATE active (accum_rad=0.608, timed_fallback=False, stall_count=0)
[robot_supervisor-16] [INFO] [1777470575.864484009] [robot_3.robot_supervisor]: FULL ROTATE active (accum_rad=0.708, timed_fallback=False, stall_count=0)
[robot_supervisor-19] [INFO] [1777470575.891566448] [robot_4.robot_supervisor]: Selected controllable event: EV_random_walk
[robot_supervisor-7] [INFO] [1777470575.920991780] [robot_0.robot_supervisor]: Selected controllable event: EV_random_walk
[robot_supervisor-16] [INFO] [1777470575.964181162] [robot_3.robot_supervisor]: FULL ROTATE active (accum_rad=0.808, timed_fallback=False, stall_count=0)
[robot_supervisor-13] [INFO] [1777470575.998809155] [robot_2.robot_supervisor]: Selected controllable event: EV_rotate_clockwise
[robot_supervisor-10] [INFO] [1777470576.009430851] [robot_1.robot_supervisor]: Selected controllable event: EV_move_forward
[robot_supervisor-16] [INFO] [1777470576.064167660] [robot_3.robot_supervisor]: FULL ROTATE active (accum_rad=0.908, timed_fallback=False, stall_count=0)
[robot_supervisor-16] [INFO] [1777470576.164217357] [robot_3.robot_supervisor]: FULL ROTATE active (accum_rad=1.008, timed_fallback=False, stall_count=0)
[robot_supervisor-7] [INFO] [1777470576.220785772] [robot_0.robot_supervisor]: Selected controllable event: EV_move_forward
[robot_supervisor-16] [INFO] [1777470576.264327686] [robot_3.robot_supervisor]: FULL ROTATE active (accum_rad=1.108, timed_fallback=False, stall_count=0)
[image_processor-22] [INFO] [1777470576.300363402] [robot_1.image_processor]: Zone=CLEAR
[image_processor-24] [INFO] [1777470576.309357107] [robot_3.image_processor]: Zone=LEFT  left[p=0.581 near=5280 v=7650]  front[p=1.161 near=0 v=13500]  right[p=1.809 near=0 v=7740]
[robot_supervisor-10] [INFO] [1777470576.309580289] [robot_1.robot_supervisor]: Selected controllable event: EV_random_walk
[robot_supervisor-16] [INFO] [1777470576.310154165] [robot_3.robot_supervisor]: Detected zone changed to LEFT
[image_processor-25] [INFO] [1777470576.321010729] [robot_4.image_processor]: Zone=CLEAR
[image_processor-23] [INFO] [1777470576.331442934] [robot_2.image_processor]: Zone=RIGHT  left[p=2.468 near=0 v=7650]  front[p=0.827 near=919 v=13472]  right[p=0.498 near=7740 v=7740]
[robot_supervisor-13] [INFO] [1777470576.332442894] [robot_2.robot_supervisor]: Detected zone changed to RIGHT
[image_processor-21] [INFO] [1777470576.343728213] [robot_0.image_processor]: Zone=CLEAR
[robot_supervisor-16] [INFO] [1777470576.364458662] [robot_3.robot_supervisor]: FULL ROTATE active (accum_rad=1.208, timed_fallback=False, stall_count=0)
[robot_supervisor-16] [INFO] [1777470576.464380170] [robot_3.robot_supervisor]: FULL ROTATE active (accum_rad=1.308, timed_fallback=False, stall_count=0)
[robot_supervisor-7] [INFO] [1777470576.520989429] [robot_0.robot_supervisor]: Selected controllable event: EV_random_walk
[robot_supervisor-16] [INFO] [1777470576.564471888] [robot_3.robot_supervisor]: FULL ROTATE active (accum_rad=1.408, timed_fallback=False, stall_count=0)
[robot_supervisor-16] [INFO] [1777470576.664250365] [robot_3.robot_supervisor]: FULL ROTATE active (accum_rad=1.508, timed_fallback=False, stall_count=0)
[robot_supervisor-16] [INFO] [1777470576.764172380] [robot_3.robot_supervisor]: FULL ROTATE active (accum_rad=1.608, timed_fallback=False, stall_count=0)
[robot_supervisor-7] [INFO] [1777470576.821265986] [robot_0.robot_supervisor]: Selected controllable event: EV_move_forward
[robot_supervisor-16] [INFO] [1777470576.864220187] [robot_3.robot_supervisor]: FULL ROTATE active (accum_rad=1.708, timed_fallback=False, stall_count=0)
[robot_supervisor-16] [INFO] [1777470576.964213108] [robot_3.robot_supervisor]: FULL ROTATE active (accum_rad=1.808, timed_fallback=False, stall_count=0)
[robot_supervisor-16] [INFO] [1777470577.064187420] [robot_3.robot_supervisor]: FULL ROTATE active (accum_rad=1.908, timed_fallback=False, stall_count=0)
[robot_supervisor-7] [INFO] [1777470577.120981513] [robot_0.robot_supervisor]: Selected controllable event: EV_random_walk
[robot_supervisor-16] [INFO] [1777470577.164193105] [robot_3.robot_supervisor]: FULL ROTATE active (accum_rad=2.008, timed_fallback=False, stall_count=0)
[robot_supervisor-16] [INFO] [1777470577.264167553] [robot_3.robot_supervisor]: FULL ROTATE active (accum_rad=2.108, timed_fallback=False, stall_count=0)
[robot_supervisor-16] [INFO] [1777470577.364298155] [robot_3.robot_supervisor]: FULL ROTATE active (accum_rad=2.208, timed_fallback=False, stall_count=0)
[robot_supervisor-19] [INFO] [1777470577.391295431] [robot_4.robot_supervisor]: Selected controllable event: EV_move_forward
[robot_supervisor-16] [INFO] [1777470577.464213893] [robot_3.robot_supervisor]: FULL ROTATE active (accum_rad=2.308, timed_fallback=False, stall_count=0)
[robot_supervisor-16] [INFO] [1777470577.564977264] [robot_3.robot_supervisor]: FULL ROTATE active (accum_rad=2.408, timed_fallback=False, stall_count=0)
[robot_supervisor-16] [INFO] [1777470577.664269163] [robot_3.robot_supervisor]: FULL ROTATE active (accum_rad=2.508, timed_fallback=False, stall_count=0)
[robot_supervisor-19] [INFO] [1777470577.691286260] [robot_4.robot_supervisor]: Selected controllable event: EV_random_walk
[robot_supervisor-16] [INFO] [1777470577.764183125] [robot_3.robot_supervisor]: FULL ROTATE active (accum_rad=2.608, timed_fallback=False, stall_count=0)
[robot_supervisor-10] [INFO] [1777470577.809534315] [robot_1.robot_supervisor]: Selected controllable event: EV_move_forward
[robot_supervisor-16] [INFO] [1777470577.864217546] [robot_3.robot_supervisor]: FULL ROTATE active (accum_rad=2.708, timed_fallback=False, stall_count=0)
[robot_supervisor-16] [INFO] [1777470577.964464007] [robot_3.robot_supervisor]: FULL ROTATE active (accum_rad=2.808, timed_fallback=False, stall_count=0)
[robot_supervisor-19] [INFO] [1777470577.991269215] [robot_4.robot_supervisor]: Selected controllable event: EV_move_forward
[robot_supervisor-16] [INFO] [1777470578.064336643] [robot_3.robot_supervisor]: FULL ROTATE active (accum_rad=2.908, timed_fallback=False, stall_count=0)
[robot_supervisor-13] [INFO] [1777470578.098859865] [robot_2.robot_supervisor]: Selected controllable event: EV_full_rotate
[robot_supervisor-13] [INFO] [1777470578.099444263] [robot_2.robot_supervisor]: Starting FULL ROTATE (omega=1.000, have_odom=True, target_rad=3.142, timeout_s=3.500)
[robot_supervisor-10] [INFO] [1777470578.109509857] [robot_1.robot_supervisor]: Selected controllable event: EV_random_walk
[robot_supervisor-16] [INFO] [1777470578.164320771] [robot_3.robot_supervisor]: FULL ROTATE active (accum_rad=3.008, timed_fallback=False, stall_count=0)
[robot_supervisor-13] [INFO] [1777470578.198586366] [robot_2.robot_supervisor]: FULL ROTATE active (accum_rad=0.000, timed_fallback=False, stall_count=0)
[robot_supervisor-7] [INFO] [1777470578.220759614] [robot_0.robot_supervisor]: Selected controllable event: EV_move_forward
[robot_supervisor-16] [INFO] [1777470578.264169143] [robot_3.robot_supervisor]: FULL ROTATE active (accum_rad=3.108, timed_fallback=False, stall_count=0)
[robot_supervisor-16] [INFO] [1777470578.264640684] [robot_3.robot_supervisor]: FULL ROTATE completed by odom (accum_rad=3.208)
[robot_supervisor-16] [INFO] [1777470578.265042026] [robot_3.robot_supervisor]: FULL ROTATE stopped; supervisor will select next event next tick
[robot_supervisor-19] [INFO] [1777470578.291215321] [robot_4.robot_supervisor]: Selected controllable event: EV_random_walk
[robot_supervisor-13] [INFO] [1777470578.298604756] [robot_2.robot_supervisor]: FULL ROTATE active (accum_rad=0.000, timed_fallback=False, stall_count=1)
[robot_supervisor-13] [INFO] [1777470578.398499197] [robot_2.robot_supervisor]: FULL ROTATE active (accum_rad=0.031, timed_fallback=False, stall_count=0)
[robot_supervisor-10] [INFO] [1777470578.409403343] [robot_1.robot_supervisor]: Selected controllable event: EV_move_forward
[robot_supervisor-13] [INFO] [1777470578.498807132] [robot_2.robot_supervisor]: FULL ROTATE active (accum_rad=0.091, timed_fallback=False, stall_count=0)
[robot_supervisor-7] [INFO] [1777470578.520741238] [robot_0.robot_supervisor]: Selected controllable event: EV_random_walk
[robot_supervisor-13] [INFO] [1777470578.598553696] [robot_2.robot_supervisor]: FULL ROTATE active (accum_rad=0.181, timed_fallback=False, stall_count=0)
[robot_supervisor-16] [INFO] [1777470578.664387155] [robot_3.robot_supervisor]: Selected controllable event: EV_rotate_clockwise
[robot_supervisor-13] [INFO] [1777470578.698493521] [robot_2.robot_supervisor]: FULL ROTATE active (accum_rad=0.281, timed_fallback=False, stall_count=0)
[robot_supervisor-10] [INFO] [1777470578.709631373] [robot_1.robot_supervisor]: Selected controllable event: EV_random_walk
[robot_supervisor-13] [INFO] [1777470578.798515769] [robot_2.robot_supervisor]: FULL ROTATE active (accum_rad=0.381, timed_fallback=False, stall_count=0)
[image_processor-22] [INFO] [1777470578.800828767] [robot_1.image_processor]: Zone=CLEAR
[image_processor-24] [INFO] [1777470578.810548838] [robot_3.image_processor]: Zone=CORNER  left[p=0.265 near=7650 v=7650]  front[p=0.533 near=12346 v=13500]  right[p=0.422 near=7740 v=7740]
[robot_supervisor-16] [INFO] [1777470578.811348414] [robot_3.robot_supervisor]: Detected zone changed to CORNER
[image_processor-25] [INFO] [1777470578.818295662] [robot_4.image_processor]: Zone=CLEAR
[image_processor-23] [INFO] [1777470578.826948701] [robot_2.image_processor]: Zone=CORNER  left[p=0.564 near=7650 v=7650]  front[p=0.542 near=13500 v=13500]  right[p=0.524 near=7740 v=7740]
[robot_supervisor-13] [INFO] [1777470578.827680629] [robot_2.robot_supervisor]: Detected zone changed to CORNER
[image_processor-21] [INFO] [1777470578.835800688] [robot_0.image_processor]: Zone=CLEAR
[robot_supervisor-13] [INFO] [1777470578.898465917] [robot_2.robot_supervisor]: FULL ROTATE active (accum_rad=0.481, timed_fallback=False, stall_count=0)
[robot_supervisor-13] [INFO] [1777470578.998556483] [robot_2.robot_supervisor]: FULL ROTATE active (accum_rad=0.581, timed_fallback=False, stall_count=0)
[robot_supervisor-10] [INFO] [1777470579.009424733] [robot_1.robot_supervisor]: Selected controllable event: EV_move_forward
[robot_supervisor-13] [INFO] [1777470579.098481265] [robot_2.robot_supervisor]: FULL ROTATE active (accum_rad=0.681, timed_fallback=False, stall_count=0)
[robot_supervisor-13] [INFO] [1777470579.198672120] [robot_2.robot_supervisor]: FULL ROTATE active (accum_rad=0.781, timed_fallback=False, stall_count=0)
[robot_supervisor-13] [INFO] [1777470579.298496414] [robot_2.robot_supervisor]: FULL ROTATE active (accum_rad=0.881, timed_fallback=False, stall_count=0)
[robot_supervisor-10] [INFO] [1777470579.309674939] [robot_1.robot_supervisor]: Selected controllable event: EV_random_walk
[robot_supervisor-13] [INFO] [1777470579.398442451] [robot_2.robot_supervisor]: FULL ROTATE active (accum_rad=0.981, timed_fallback=False, stall_count=0)
[robot_supervisor-13] [INFO] [1777470579.498254590] [robot_2.robot_supervisor]: FULL ROTATE active (accum_rad=1.081, timed_fallback=False, stall_count=0)
[robot_supervisor-13] [INFO] [1777470579.598243510] [robot_2.robot_supervisor]: FULL ROTATE active (accum_rad=1.181, timed_fallback=False, stall_count=0)
[robot_supervisor-10] [INFO] [1777470579.609645311] [robot_1.robot_supervisor]: Selected controllable event: EV_move_forward
[robot_supervisor-13] [INFO] [1777470579.698465491] [robot_2.robot_supervisor]: FULL ROTATE active (accum_rad=1.281, timed_fallback=False, stall_count=0)
[robot_supervisor-19] [INFO] [1777470579.791398278] [robot_4.robot_supervisor]: Selected controllable event: EV_move_forward
[robot_supervisor-13] [INFO] [1777470579.798760957] [robot_2.robot_supervisor]: FULL ROTATE active (accum_rad=1.381, timed_fallback=False, stall_count=0)
[robot_supervisor-13] [INFO] [1777470579.898467145] [robot_2.robot_supervisor]: FULL ROTATE active (accum_rad=1.481, timed_fallback=False, stall_count=0)
[robot_supervisor-10] [INFO] [1777470579.909469857] [robot_1.robot_supervisor]: Selected controllable event: EV_random_walk
[robot_supervisor-13] [INFO] [1777470579.998514944] [robot_2.robot_supervisor]: FULL ROTATE active (accum_rad=1.581, timed_fallback=False, stall_count=0)
[robot_supervisor-7] [INFO] [1777470580.020637957] [robot_0.robot_supervisor]: Selected controllable event: EV_move_forward
[robot_supervisor-19] [INFO] [1777470580.091332479] [robot_4.robot_supervisor]: Selected controllable event: EV_random_walk
[robot_supervisor-13] [INFO] [1777470580.098490728] [robot_2.robot_supervisor]: FULL ROTATE active (accum_rad=1.681, timed_fallback=False, stall_count=0)
[robot_supervisor-13] [INFO] [1777470580.198522366] [robot_2.robot_supervisor]: FULL ROTATE active (accum_rad=1.781, timed_fallback=False, stall_count=0)
[robot_supervisor-10] [INFO] [1777470580.209583514] [robot_1.robot_supervisor]: Selected controllable event: EV_move_forward
[robot_supervisor-13] [INFO] [1777470580.298557449] [robot_2.robot_supervisor]: FULL ROTATE active (accum_rad=1.881, timed_fallback=False, stall_count=0)
[robot_supervisor-7] [INFO] [1777470580.320923141] [robot_0.robot_supervisor]: Selected controllable event: EV_random_walk
[robot_supervisor-19] [INFO] [1777470580.391286784] [robot_4.robot_supervisor]: Selected controllable event: EV_move_forward
[robot_supervisor-13] [INFO] [1777470580.398468158] [robot_2.robot_supervisor]: FULL ROTATE active (accum_rad=1.981, timed_fallback=False, stall_count=0)
[robot_supervisor-13] [INFO] [1777470580.498363920] [robot_2.robot_supervisor]: FULL ROTATE active (accum_rad=2.081, timed_fallback=False, stall_count=0)
[robot_supervisor-10] [INFO] [1777470580.509447406] [robot_1.robot_supervisor]: Selected controllable event: EV_random_walk
[robot_supervisor-13] [INFO] [1777470580.598277372] [robot_2.robot_supervisor]: FULL ROTATE active (accum_rad=2.181, timed_fallback=False, stall_count=0)
[robot_supervisor-7] [INFO] [1777470580.620834345] [robot_0.robot_supervisor]: Selected controllable event: EV_move_forward
[robot_supervisor-19] [INFO] [1777470580.691229241] [robot_4.robot_supervisor]: Selected controllable event: EV_random_walk
[robot_supervisor-13] [INFO] [1777470580.698303583] [robot_2.robot_supervisor]: FULL ROTATE active (accum_rad=2.281, timed_fallback=False, stall_count=0)
[robot_supervisor-13] [INFO] [1777470580.798447429] [robot_2.robot_supervisor]: FULL ROTATE active (accum_rad=2.381, timed_fallback=False, stall_count=0)
[robot_supervisor-16] [INFO] [1777470580.864324862] [robot_3.robot_supervisor]: Selected controllable event: EV_move_backward
[robot_supervisor-13] [INFO] [1777470580.898759083] [robot_2.robot_supervisor]: FULL ROTATE active (accum_rad=2.481, timed_fallback=False, stall_count=0)
[robot_supervisor-7] [INFO] [1777470580.921052397] [robot_0.robot_supervisor]: Selected controllable event: EV_random_walk
[robot_supervisor-19] [INFO] [1777470580.991293638] [robot_4.robot_supervisor]: Selected controllable event: EV_move_forward
[robot_supervisor-13] [INFO] [1777470580.998314106] [robot_2.robot_supervisor]: FULL ROTATE active (accum_rad=2.581, timed_fallback=False, stall_count=0)
[robot_supervisor-13] [INFO] [1777470581.098462885] [robot_2.robot_supervisor]: FULL ROTATE active (accum_rad=2.681, timed_fallback=False, stall_count=0)
[robot_supervisor-13] [INFO] [1777470581.198448215] [robot_2.robot_supervisor]: FULL ROTATE active (accum_rad=2.781, timed_fallback=False, stall_count=0)
[robot_supervisor-7] [INFO] [1777470581.220728400] [robot_0.robot_supervisor]: Selected controllable event: EV_move_forward
[robot_supervisor-16] [INFO] [1777470581.264090545] [robot_3.robot_supervisor]: Selected controllable event: EV_rotate_clockwise
[robot_supervisor-19] [INFO] [1777470581.291284647] [robot_4.robot_supervisor]: Selected controllable event: EV_random_walk
[robot_supervisor-13] [INFO] [1777470581.298551715] [robot_2.robot_supervisor]: FULL ROTATE active (accum_rad=2.881, timed_fallback=False, stall_count=0)
[image_processor-22] [INFO] [1777470581.299682864] [robot_1.image_processor]: Zone=CLEAR
[image_processor-24] [INFO] [1777470581.308115554] [robot_3.image_processor]: Zone=CORNER
[image_processor-25] [INFO] [1777470581.321214202] [robot_4.image_processor]: Zone=CLEAR
[image_processor-23] [INFO] [1777470581.337514900] [robot_2.image_processor]: Zone=CLEAR  left[p=2.819 near=0 v=4922]  front[p=2.304 near=0 v=9830]  right[p=2.198 near=0 v=7740]
[robot_supervisor-13] [INFO] [1777470581.338252780] [robot_2.robot_supervisor]: Detected zone changed to CLEAR
[image_processor-21] [INFO] [1777470581.349341153] [robot_0.image_processor]: Zone=CLEAR
[robot_supervisor-13] [INFO] [1777470581.398629345] [robot_2.robot_supervisor]: FULL ROTATE active (accum_rad=2.981, timed_fallback=False, stall_count=0)
[robot_supervisor-13] [INFO] [1777470581.498439537] [robot_2.robot_supervisor]: FULL ROTATE active (accum_rad=3.081, timed_fallback=False, stall_count=0)
[robot_supervisor-13] [INFO] [1777470581.498867349] [robot_2.robot_supervisor]: FULL ROTATE completed by odom (accum_rad=3.181)
[robot_supervisor-13] [INFO] [1777470581.499250695] [robot_2.robot_supervisor]: FULL ROTATE stopped; supervisor will select next event next tick
[robot_supervisor-7] [INFO] [1777470581.520762826] [robot_0.robot_supervisor]: Selected controllable event: EV_random_walk
[robot_supervisor-19] [INFO] [1777470581.591057945] [robot_4.robot_supervisor]: Selected controllable event: EV_move_forward
[robot_supervisor-13] [INFO] [1777470581.798865173] [robot_2.robot_supervisor]: Selected controllable event: EV_move_forward
[robot_supervisor-7] [INFO] [1777470581.820892793] [robot_0.robot_supervisor]: Selected controllable event: EV_move_forward
[robot_supervisor-19] [INFO] [1777470581.891319647] [robot_4.robot_supervisor]: Selected controllable event: EV_random_walk
[robot_supervisor-10] [INFO] [1777470582.009604771] [robot_1.robot_supervisor]: Selected controllable event: EV_move_forward
[robot_supervisor-13] [INFO] [1777470582.098724534] [robot_2.robot_supervisor]: Selected controllable event: EV_random_walk
[robot_supervisor-7] [INFO] [1777470582.120976720] [robot_0.robot_supervisor]: Selected controllable event: EV_random_walk
[robot_supervisor-19] [INFO] [1777470582.191291712] [robot_4.robot_supervisor]: Selected controllable event: EV_move_forward
[robot_supervisor-10] [INFO] [1777470582.309287960] [robot_1.robot_supervisor]: Selected controllable event: EV_random_walk
[robot_supervisor-7] [INFO] [1777470582.420865699] [robot_0.robot_supervisor]: Selected controllable event: EV_move_forward
[robot_supervisor-19] [INFO] [1777470582.491099642] [robot_4.robot_supervisor]: Selected controllable event: EV_random_walk
[robot_supervisor-7] [INFO] [1777470582.720567549] [robot_0.robot_supervisor]: Selected controllable event: EV_random_walk
[robot_supervisor-19] [INFO] [1777470582.791081840] [robot_4.robot_supervisor]: Selected controllable event: EV_move_forward
[robot_supervisor-13] [INFO] [1777470582.898382615] [robot_2.robot_supervisor]: Selected controllable event: EV_move_forward
[robot_supervisor-7] [INFO] [1777470583.020583791] [robot_0.robot_supervisor]: Selected controllable event: EV_move_forward
[INFO] [image_processor-25]: sending signal 'SIGINT' to process[image_processor-25]
[ERROR] [ign gazebo-1]: process has died [pid 295582, exit code -15, cmd 'ruby /usr/bin/ign gazebo /home/ecem/ros2_ws/install/swarm_basics/share/swarm_basics/worlds/random_world.sdf -s -r --force-version 6'].
[ERROR] [parameter_bridge-4]: process has died [pid 295589, exit code -15, cmd '/opt/ros/humble/lib/ros_ign_bridge/parameter_bridge /robot_0/cmd_vel@geometry_msgs/msg/Twist]ignition.msgs.Twist /robot_0/odom@nav_msgs/msg/Odometry[ignition.msgs.Odometry /robot_0/depth_camera/depth_image@sensor_msgs/msg/Image[ignition.msgs.Image /world/random_world/model/robot_0/link/robot_0/base_footprint/sensor/contact_sensor/contact@ros_gz_interfaces/msg/Contacts[ignition.msgs.Contacts /robot_1/cmd_vel@geometry_msgs/msg/Twist]ignition.msgs.Twist /robot_1/odom@nav_msgs/msg/Odometry[ignition.msgs.Odometry /robot_1/depth_camera/depth_image@sensor_msgs/msg/Image[ignition.msgs.Image /world/random_world/model/robot_1/link/robot_1/base_footprint/sensor/contact_sensor/contact@ros_gz_interfaces/msg/Contacts[ignition.msgs.Contacts /robot_2/cmd_vel@geometry_msgs/msg/Twist]ignition.msgs.Twist /robot_2/odom@nav_msgs/msg/Odometry[ignition.msgs.Odometry /robot_2/depth_camera/depth_image@sensor_msgs/msg/Image[ignition.msgs.Image /world/random_world/model/robot_2/link/robot_2/base_footprint/sensor/contact_sensor/contact@ros_gz_interfaces/msg/Contacts[ignition.msgs.Contacts /robot_3/cmd_vel@geometry_msgs/msg/Twist]ignition.msgs.Twist /robot_3/odom@nav_msgs/msg/Odometry[ignition.msgs.Odometry /robot_3/depth_camera/depth_image@sensor_msgs/msg/Image[ignition.msgs.Image /world/random_world/model/robot_3/link/robot_3/base_footprint/sensor/contact_sensor/contact@ros_gz_interfaces/msg/Contacts[ignition.msgs.Contacts /robot_4/cmd_vel@geometry_msgs/msg/Twist]ignition.msgs.Twist /robot_4/odom@nav_msgs/msg/Odometry[ignition.msgs.Odometry /robot_4/depth_camera/depth_image@sensor_msgs/msg/Image[ignition.msgs.Image /world/random_world/model/robot_4/link/robot_4/base_footprint/sensor/contact_sensor/contact@ros_gz_interfaces/msg/Contacts[ignition.msgs.Contacts /world/random_world/dynamic_pose/info@tf2_msgs/msg/TFMessage[ignition.msgs.Pose_V --ros-args -r __node:=all_robots_bridge --params-file /tmp/launch_params__0xtthbm'].
[INFO] [parameter_bridge-20]: process has finished cleanly [pid 295686]
[INFO] [image_processor-24]: sending signal 'SIGINT' to process[image_processor-24]
[INFO] [bash-26]: process started with pid [296806]
[INFO] [image_processor-23]: sending signal 'SIGINT' to process[image_processor-23]
[INFO] [image_processor-22]: sending signal 'SIGINT' to process[image_processor-22]
[INFO] [image_processor-21]: sending signal 'SIGINT' to process[image_processor-21]
[INFO] [robot_supervisor-19]: sending signal 'SIGINT' to process[robot_supervisor-19]
[INFO] [robot_state_publisher-17]: sending signal 'SIGINT' to process[robot_state_publisher-17]
[INFO] [robot_supervisor-16]: sending signal 'SIGINT' to process[robot_supervisor-16]
[INFO] [robot_state_publisher-14]: sending signal 'SIGINT' to process[robot_state_publisher-14]
[INFO] [robot_supervisor-13]: sending signal 'SIGINT' to process[robot_supervisor-13]
[INFO] [robot_state_publisher-11]: sending signal 'SIGINT' to process[robot_state_publisher-11]
[INFO] [robot_supervisor-10]: sending signal 'SIGINT' to process[robot_supervisor-10]
[INFO] [robot_state_publisher-8]: sending signal 'SIGINT' to process[robot_state_publisher-8]
[INFO] [robot_supervisor-7]: sending signal 'SIGINT' to process[robot_supervisor-7]
[INFO] [robot_state_publisher-5]: sending signal 'SIGINT' to process[robot_state_publisher-5]
[ERROR] [bash-26]: process has died [pid 296806, exit code -15, cmd 'bash -lc pkill -f parameter_bridge || true'].
[INFO] [bump_counter-3]: sending signal 'SIGINT' to process[bump_counter-3]
[INFO] [coverage_counter-2]: sending signal 'SIGINT' to process[coverage_counter-2]
[robot_supervisor-19] [INFO] [1777470583.091635022] [robot_4.robot_supervisor]: Selected controllable event: EV_random_walk
[robot_supervisor-19] [INFO] [1777470583.391581845] [robot_4.robot_supervisor]: Selected controllable event: EV_move_forward
[robot_supervisor-19] [INFO] [1777470583.691404780] [robot_4.robot_supervisor]: Selected controllable event: EV_random_walk
[parameter_bridge-4] [INFO] [1777470583.153998538] [rclcpp]: signal_handler(SIGINT/SIGTERM)
[parameter_bridge-20] [INFO] [1777470583.154100886] [rclcpp]: signal_handler(SIGINT/SIGTERM)
[robot_supervisor-13] [INFO] [1777470583.198657750] [robot_2.robot_supervisor]: Selected controllable event: EV_random_walk
[robot_supervisor-13] [INFO] [1777470583.498670056] [robot_2.robot_supervisor]: Selected controllable event: EV_move_forward
[robot_supervisor-13] [INFO] [1777470583.798471895] [robot_2.robot_supervisor]: Selected controllable event: EV_random_walk
[robot_supervisor-7] [INFO] [1777470583.320895906] [robot_0.robot_supervisor]: Selected controllable event: EV_random_walk
[robot_supervisor-7] [INFO] [1777470583.620892736] [robot_0.robot_supervisor]: Selected controllable event: EV_move_forward
[robot_supervisor-16] [INFO] [1777470583.364369928] [robot_3.robot_supervisor]: Selected controllable event: EV_full_rotate
[robot_supervisor-16] [INFO] [1777470583.364771511] [robot_3.robot_supervisor]: Starting FULL ROTATE (omega=1.000, have_odom=True, target_rad=3.142, timeout_s=3.500)
[robot_supervisor-16] [INFO] [1777470583.464088377] [robot_3.robot_supervisor]: FULL ROTATE active (accum_rad=0.000, timed_fallback=False, stall_count=0)
[robot_supervisor-16] [INFO] [1777470583.564310218] [robot_3.robot_supervisor]: FULL ROTATE active (accum_rad=0.000, timed_fallback=False, stall_count=1)
[robot_supervisor-16] [INFO] [1777470583.664279795] [robot_3.robot_supervisor]: FULL ROTATE active (accum_rad=0.000, timed_fallback=False, stall_count=2)
[robot_supervisor-16] [INFO] [1777470583.764215578] [robot_3.robot_supervisor]: FULL ROTATE active (accum_rad=0.000, timed_fallback=False, stall_count=3)
[robot_supervisor-10] [INFO] [1777470583.809298455] [robot_1.robot_supervisor]: Selected controllable event: EV_move_forward
[INFO] [launch]: process[ign gazebo-1] was required: shutting down launched system
[image_processor-25] [INFO] [1777470583.840705380] [rclcpp]: signal_handler(SIGINT/SIGTERM)
[image_processor-24] [INFO] [1777470583.843243187] [rclcpp]: signal_handler(SIGINT/SIGTERM)
[image_processor-23] [INFO] [1777470583.845152953] [rclcpp]: signal_handler(SIGINT/SIGTERM)
[image_processor-22] [INFO] [1777470583.847312543] [rclcpp]: signal_handler(SIGINT/SIGTERM)
[image_processor-21] [INFO] [1777470583.849295510] [rclcpp]: signal_handler(SIGINT/SIGTERM)
[robot_supervisor-19] Traceback (most recent call last):
[robot_supervisor-19]   File "/home/ecem/ros2_ws/install/swarm_basics/lib/swarm_basics/robot_supervisor", line 33, in <module>
[robot_supervisor-19]     sys.exit(load_entry_point('swarm-basics==0.0.0', 'console_scripts', 'robot_supervisor')())
[robot_supervisor-19]   File "/home/ecem/ros2_ws/install/swarm_basics/lib/python3.10/site-packages/swarm_basics/robot_supervisor.py", line 876, in main
[robot_supervisor-19]     rclpy.spin(node)
[robot_supervisor-19]   File "/opt/ros/humble/local/lib/python3.10/dist-packages/rclpy/__init__.py", line 229, in spin
[robot_supervisor-19]     executor.spin_once()
[robot_supervisor-19]   File "/opt/ros/humble/local/lib/python3.10/dist-packages/rclpy/executors.py", line 773, in spin_once
[robot_supervisor-19]     self._spin_once_impl(timeout_sec)
[robot_supervisor-19]   File "/opt/ros/humble/local/lib/python3.10/dist-packages/rclpy/executors.py", line 762, in _spin_once_impl
[robot_supervisor-19]     handler, entity, node = self.wait_for_ready_callbacks(timeout_sec=timeout_sec)
[robot_supervisor-19]   File "/opt/ros/humble/local/lib/python3.10/dist-packages/rclpy/executors.py", line 745, in wait_for_ready_callbacks
[robot_supervisor-19]     return next(self._cb_iter)
[robot_supervisor-19]   File "/opt/ros/humble/local/lib/python3.10/dist-packages/rclpy/executors.py", line 642, in _wait_for_ready_callbacks
[robot_supervisor-19]     wait_set.wait(timeout_nsec)
[robot_supervisor-19] KeyboardInterrupt
[robot_state_publisher-17] [INFO] [1777470583.857529507] [rclcpp]: signal_handler(SIGINT/SIGTERM)
[robot_supervisor-16] Traceback (most recent call last):
[robot_supervisor-16]   File "/home/ecem/ros2_ws/install/swarm_basics/lib/swarm_basics/robot_supervisor", line 33, in <module>
[robot_supervisor-16]     sys.exit(load_entry_point('swarm-basics==0.0.0', 'console_scripts', 'robot_supervisor')())
[robot_supervisor-16]   File "/home/ecem/ros2_ws/install/swarm_basics/lib/python3.10/site-packages/swarm_basics/robot_supervisor.py", line 876, in main
[robot_supervisor-16]     rclpy.spin(node)
[robot_supervisor-16]   File "/opt/ros/humble/local/lib/python3.10/dist-packages/rclpy/__init__.py", line 229, in spin
[robot_supervisor-16]     executor.spin_once()
[robot_supervisor-16]   File "/opt/ros/humble/local/lib/python3.10/dist-packages/rclpy/executors.py", line 773, in spin_once
[robot_supervisor-16]     self._spin_once_impl(timeout_sec)
[robot_supervisor-16]   File "/opt/ros/humble/local/lib/python3.10/dist-packages/rclpy/executors.py", line 762, in _spin_once_impl
[robot_supervisor-16]     handler, entity, node = self.wait_for_ready_callbacks(timeout_sec=timeout_sec)
[robot_supervisor-16]   File "/opt/ros/humble/local/lib/python3.10/dist-packages/rclpy/executors.py", line 745, in wait_for_ready_callbacks
[robot_supervisor-16]     return next(self._cb_iter)
[robot_supervisor-16]   File "/opt/ros/humble/local/lib/python3.10/dist-packages/rclpy/executors.py", line 642, in _wait_for_ready_callbacks
[robot_supervisor-16]     wait_set.wait(timeout_nsec)
[robot_supervisor-16] KeyboardInterrupt
[robot_state_publisher-14] [INFO] [1777470583.862244337] [rclcpp]: signal_handler(SIGINT/SIGTERM)
[robot_supervisor-13] Traceback (most recent call last):
[robot_supervisor-13]   File "/home/ecem/ros2_ws/install/swarm_basics/lib/swarm_basics/robot_supervisor", line 33, in <module>
[robot_supervisor-13]     sys.exit(load_entry_point('swarm-basics==0.0.0', 'console_scripts', 'robot_supervisor')())
[robot_supervisor-13]   File "/home/ecem/ros2_ws/install/swarm_basics/lib/python3.10/site-packages/swarm_basics/robot_supervisor.py", line 876, in main
[robot_supervisor-13]     rclpy.spin(node)
[robot_supervisor-13]   File "/opt/ros/humble/local/lib/python3.10/dist-packages/rclpy/__init__.py", line 229, in spin
[robot_supervisor-13]     executor.spin_once()
[robot_supervisor-13]   File "/opt/ros/humble/local/lib/python3.10/dist-packages/rclpy/executors.py", line 773, in spin_once
[robot_supervisor-13]     self._spin_once_impl(timeout_sec)
[robot_supervisor-13]   File "/opt/ros/humble/local/lib/python3.10/dist-packages/rclpy/executors.py", line 762, in _spin_once_impl
[robot_supervisor-13]     handler, entity, node = self.wait_for_ready_callbacks(timeout_sec=timeout_sec)
[robot_supervisor-13]   File "/opt/ros/humble/local/lib/python3.10/dist-packages/rclpy/executors.py", line 745, in wait_for_ready_callbacks
[robot_supervisor-13]     return next(self._cb_iter)
[robot_supervisor-13]   File "/opt/ros/humble/local/lib/python3.10/dist-packages/rclpy/executors.py", line 642, in _wait_for_ready_callbacks
[robot_supervisor-13]     wait_set.wait(timeout_nsec)
[robot_supervisor-13] KeyboardInterrupt
[robot_state_publisher-11] [INFO] [1777470583.867010708] [rclcpp]: signal_handler(SIGINT/SIGTERM)
[robot_supervisor-10] Traceback (most recent call last):
[robot_supervisor-10]   File "/home/ecem/ros2_ws/install/swarm_basics/lib/swarm_basics/robot_supervisor", line 33, in <module>
[robot_supervisor-10]     sys.exit(load_entry_point('swarm-basics==0.0.0', 'console_scripts', 'robot_supervisor')())
[robot_supervisor-10]   File "/home/ecem/ros2_ws/install/swarm_basics/lib/python3.10/site-packages/swarm_basics/robot_supervisor.py", line 876, in main
[robot_supervisor-10]     rclpy.spin(node)
[robot_supervisor-10]   File "/opt/ros/humble/local/lib/python3.10/dist-packages/rclpy/__init__.py", line 229, in spin
[robot_supervisor-10]     executor.spin_once()
[robot_supervisor-10]   File "/opt/ros/humble/local/lib/python3.10/dist-packages/rclpy/executors.py", line 773, in spin_once
[robot_supervisor-10]     self._spin_once_impl(timeout_sec)
[robot_supervisor-10]   File "/opt/ros/humble/local/lib/python3.10/dist-packages/rclpy/executors.py", line 762, in _spin_once_impl
[robot_supervisor-10]     handler, entity, node = self.wait_for_ready_callbacks(timeout_sec=timeout_sec)
[robot_supervisor-10]   File "/opt/ros/humble/local/lib/python3.10/dist-packages/rclpy/executors.py", line 745, in wait_for_ready_callbacks
[robot_supervisor-10]     return next(self._cb_iter)
[robot_supervisor-10]   File "/opt/ros/humble/local/lib/python3.10/dist-packages/rclpy/executors.py", line 642, in _wait_for_ready_callbacks
[robot_supervisor-10]     wait_set.wait(timeout_nsec)
[robot_supervisor-10] KeyboardInterrupt
[robot_state_publisher-8] [INFO] [1777470583.872282148] [rclcpp]: signal_handler(SIGINT/SIGTERM)
[robot_supervisor-7] Traceback (most recent call last):
[robot_supervisor-7]   File "/home/ecem/ros2_ws/install/swarm_basics/lib/swarm_basics/robot_supervisor", line 33, in <module>
[robot_supervisor-7]     sys.exit(load_entry_point('swarm-basics==0.0.0', 'console_scripts', 'robot_supervisor')())
[robot_supervisor-7]   File "/home/ecem/ros2_ws/install/swarm_basics/lib/python3.10/site-packages/swarm_basics/robot_supervisor.py", line 876, in main
[robot_supervisor-7]     rclpy.spin(node)
[robot_supervisor-7]   File "/opt/ros/humble/local/lib/python3.10/dist-packages/rclpy/__init__.py", line 229, in spin
[robot_supervisor-7]     executor.spin_once()
[robot_supervisor-7]   File "/opt/ros/humble/local/lib/python3.10/dist-packages/rclpy/executors.py", line 773, in spin_once
[robot_supervisor-7]     self._spin_once_impl(timeout_sec)
[robot_supervisor-7]   File "/opt/ros/humble/local/lib/python3.10/dist-packages/rclpy/executors.py", line 762, in _spin_once_impl
[robot_supervisor-7]     handler, entity, node = self.wait_for_ready_callbacks(timeout_sec=timeout_sec)
[robot_supervisor-7]   File "/opt/ros/humble/local/lib/python3.10/dist-packages/rclpy/executors.py", line 745, in wait_for_ready_callbacks
[robot_supervisor-7]     return next(self._cb_iter)
[robot_supervisor-7]   File "/opt/ros/humble/local/lib/python3.10/dist-packages/rclpy/executors.py", line 642, in _wait_for_ready_callbacks
[robot_supervisor-7]     wait_set.wait(timeout_nsec)
[robot_supervisor-7] KeyboardInterrupt
[robot_state_publisher-5] [INFO] [1777470583.877615768] [rclcpp]: signal_handler(SIGINT/SIGTERM)
[ERROR] [launch]: Caught exception in launch (see debug for traceback): ExecuteLocal action 'bash-27': executed more than once: <launch.actions.execute_process.ExecuteProcess object at 0x71553affc880>
[INFO] [image_processor-25]: process has finished cleanly [pid 295987]
[INFO] [image_processor-24]: process has finished cleanly [pid 295985]
[INFO] [image_processor-23]: process has finished cleanly [pid 295983]
[INFO] [image_processor-22]: process has finished cleanly [pid 295981]
[INFO] [image_processor-21]: process has finished cleanly [pid 295979]
[INFO] [robot_state_publisher-17]: process has finished cleanly [pid 295617]
[INFO] [robot_state_publisher-14]: process has finished cleanly [pid 295611]
[INFO] [robot_state_publisher-11]: process has finished cleanly [pid 295605]
[INFO] [robot_state_publisher-8]: process has finished cleanly [pid 295597]
[INFO] [robot_state_publisher-5]: process has finished cleanly [pid 295591]
[coverage_counter-2] Traceback (most recent call last):
[coverage_counter-2]   File "/home/ecem/ros2_ws/install/swarm_basics/lib/python3.10/site-packages/swarm_basics/coverage_counter.py", line 418, in main
[coverage_counter-2]     rclpy.spin(node)
[coverage_counter-2]   File "/opt/ros/humble/local/lib/python3.10/dist-packages/rclpy/__init__.py", line 229, in spin
[coverage_counter-2]     executor.spin_once()
[coverage_counter-2]   File "/opt/ros/humble/local/lib/python3.10/dist-packages/rclpy/executors.py", line 773, in spin_once
[coverage_counter-2]     self._spin_once_impl(timeout_sec)
[coverage_counter-2]   File "/opt/ros/humble/local/lib/python3.10/dist-packages/rclpy/executors.py", line 768, in _spin_once_impl
[coverage_counter-2]     handler()
[coverage_counter-2]   File "/opt/ros/humble/local/lib/python3.10/dist-packages/rclpy/task.py", line 254, in __call__
[coverage_counter-2]     self._handler.send(None)
[coverage_counter-2]   File "/opt/ros/humble/local/lib/python3.10/dist-packages/rclpy/executors.py", line 463, in handler
[coverage_counter-2]     await call_coroutine(entity, arg)
[coverage_counter-2]   File "/opt/ros/humble/local/lib/python3.10/dist-packages/rclpy/executors.py", line 371, in _execute_timer
[coverage_counter-2]     await await_or_execute(tmr.callback)
[coverage_counter-2]   File "/opt/ros/humble/local/lib/python3.10/dist-packages/rclpy/executors.py", line 107, in await_or_execute
[coverage_counter-2]     return callback(*args)
[coverage_counter-2]   File "/home/ecem/ros2_ws/install/swarm_basics/lib/python3.10/site-packages/swarm_basics/coverage_counter.py", line 152, in _on_timeout_timer
[coverage_counter-2]     self.shutdown_and_save()
[coverage_counter-2]   File "/home/ecem/ros2_ws/install/swarm_basics/lib/python3.10/site-packages/swarm_basics/coverage_counter.py", line 174, in shutdown_and_save
[coverage_counter-2]     rclpy.shutdown()
[coverage_counter-2]   File "/opt/ros/humble/local/lib/python3.10/dist-packages/rclpy/__init__.py", line 130, in shutdown
[coverage_counter-2]     _shutdown(context=context)
[coverage_counter-2]   File "/opt/ros/humble/local/lib/python3.10/dist-packages/rclpy/utilities.py", line 58, in shutdown
[coverage_counter-2]     return context.shutdown()
[coverage_counter-2]   File "/opt/ros/humble/local/lib/python3.10/dist-packages/rclpy/context.py", line 103, in shutdown
[coverage_counter-2]     self._call_on_shutdown_callbacks()
[coverage_counter-2]   File "/opt/ros/humble/local/lib/python3.10/dist-packages/rclpy/context.py", line 92, in _call_on_shutdown_callbacks
[coverage_counter-2]     callback = weak_method()
[coverage_counter-2]   File "/opt/ros/humble/local/lib/python3.10/dist-packages/rclpy/__init__.py", line 111, in reset_executor
[coverage_counter-2]     __executor.shutdown()
[coverage_counter-2]   File "/opt/ros/humble/local/lib/python3.10/dist-packages/rclpy/executors.py", line 227, in shutdown
[coverage_counter-2]     if not self._work_tracker.wait(timeout_sec):
[coverage_counter-2]   File "/opt/ros/humble/local/lib/python3.10/dist-packages/rclpy/executors.py", line 94, in wait
[coverage_counter-2]     if not self._work_condition.wait_for(
[coverage_counter-2]   File "/usr/lib/python3.10/threading.py", line 355, in wait_for
[coverage_counter-2]     self.wait(waittime)
[coverage_counter-2]   File "/usr/lib/python3.10/threading.py", line 320, in wait
[coverage_counter-2]     waiter.acquire()
[coverage_counter-2] KeyboardInterrupt
[coverage_counter-2] 
[coverage_counter-2] During handling of the above exception, another exception occurred:
[coverage_counter-2] 
[coverage_counter-2] Traceback (most recent call last):
[coverage_counter-2]   File "/home/ecem/ros2_ws/install/swarm_basics/lib/swarm_basics/coverage_counter", line 33, in <module>
[coverage_counter-2]     sys.exit(load_entry_point('swarm-basics==0.0.0', 'console_scripts', 'coverage_counter')())
[coverage_counter-2]   File "/home/ecem/ros2_ws/install/swarm_basics/lib/python3.10/site-packages/swarm_basics/coverage_counter.py", line 421, in main
[coverage_counter-2]     node.shutdown_and_save()
[coverage_counter-2]   File "/home/ecem/ros2_ws/install/swarm_basics/lib/python3.10/site-packages/swarm_basics/coverage_counter.py", line 174, in shutdown_and_save
[coverage_counter-2]     rclpy.shutdown()
[coverage_counter-2]   File "/opt/ros/humble/local/lib/python3.10/dist-packages/rclpy/__init__.py", line 130, in shutdown
[coverage_counter-2]     _shutdown(context=context)
[coverage_counter-2]   File "/opt/ros/humble/local/lib/python3.10/dist-packages/rclpy/utilities.py", line 58, in shutdown
[coverage_counter-2]     return context.shutdown()
[coverage_counter-2]   File "/opt/ros/humble/local/lib/python3.10/dist-packages/rclpy/context.py", line 100, in shutdown
[coverage_counter-2]     raise RuntimeError('Context must be initialized before it can be shutdown')
[coverage_counter-2] RuntimeError: Context must be initialized before it can be shutdown
[bump_counter-3] Traceback (most recent call last):
[bump_counter-3]   File "/home/ecem/ros2_ws/install/swarm_basics/lib/swarm_basics/bump_counter", line 33, in <module>
[bump_counter-3]     sys.exit(load_entry_point('swarm-basics==0.0.0', 'console_scripts', 'bump_counter')())
[bump_counter-3]   File "/home/ecem/ros2_ws/install/swarm_basics/lib/python3.10/site-packages/swarm_basics/bump_counter.py", line 384, in main
[bump_counter-3]     rclpy.shutdown()
[bump_counter-3]   File "/opt/ros/humble/local/lib/python3.10/dist-packages/rclpy/__init__.py", line 130, in shutdown
[bump_counter-3]     _shutdown(context=context)
[bump_counter-3]   File "/opt/ros/humble/local/lib/python3.10/dist-packages/rclpy/utilities.py", line 58, in shutdown
[bump_counter-3]     return context.shutdown()
[bump_counter-3]   File "/opt/ros/humble/local/lib/python3.10/dist-packages/rclpy/context.py", line 102, in shutdown
[bump_counter-3]     self.__context.shutdown()
[bump_counter-3] rclpy._rclpy_pybind11.RCLError: failed to shutdown: rcl_shutdown already called on the given context, at ./src/rcl/init.c:241
[ERROR] [coverage_counter-2]: process has died [pid 295584, exit code 1, cmd '/home/ecem/ros2_ws/install/swarm_basics/lib/swarm_basics/coverage_counter --ros-args -r __node:=coverage_counter --params-file /tmp/launch_params_6p9v6lz2 --params-file /tmp/launch_params_qzmx3tbt --params-file /tmp/launch_params_dqk8kt0y --params-file /tmp/launch_params_q6pmc4mt --params-file /tmp/launch_params_fq61t1uj --params-file /tmp/launch_params_ofq4hxru'].
[ERROR] [bump_counter-3]: process has died [pid 295587, exit code 1, cmd '/home/ecem/ros2_ws/install/swarm_basics/lib/swarm_basics/bump_counter --ros-args -r __node:=bump_counter --params-file /tmp/launch_params_zdwm9sci --params-file /tmp/launch_params_cr1m37wk --params-file /tmp/launch_params_ytxukrjb'].
[ERROR] [robot_supervisor-19]: process has died [pid 295684, exit code -2, cmd '/home/ecem/ros2_ws/install/swarm_basics/lib/swarm_basics/robot_supervisor --ros-args -r __node:=robot_supervisor -r __ns:=/robot_4 --params-file /tmp/launch_params_lh6lolyc --params-file /tmp/launch_params_231w_u9p --params-file /tmp/launch_params_56t2uf2u --params-file /tmp/launch_params_1ciocn9_'].
[ERROR] [robot_supervisor-13]: process has died [pid 295609, exit code -2, cmd '/home/ecem/ros2_ws/install/swarm_basics/lib/swarm_basics/robot_supervisor --ros-args -r __node:=robot_supervisor -r __ns:=/robot_2 --params-file /tmp/launch_params_fw7u6agu --params-file /tmp/launch_params_46fao47b --params-file /tmp/launch_params_bwgztker --params-file /tmp/launch_params_yd1w4b0q'].
[ERROR] [robot_supervisor-16]: process has died [pid 295615, exit code -2, cmd '/home/ecem/ros2_ws/install/swarm_basics/lib/swarm_basics/robot_supervisor --ros-args -r __node:=robot_supervisor -r __ns:=/robot_3 --params-file /tmp/launch_params_34xet0as --params-file /tmp/launch_params_hwse1opv --params-file /tmp/launch_params_6oh1z_tn --params-file /tmp/launch_params_qm4cxbpx'].
[ERROR] [robot_supervisor-10]: process has died [pid 295603, exit code -2, cmd '/home/ecem/ros2_ws/install/swarm_basics/lib/swarm_basics/robot_supervisor --ros-args -r __node:=robot_supervisor -r __ns:=/robot_1 --params-file /tmp/launch_params_ciz55mzi --params-file /tmp/launch_params_c304ph9z --params-file /tmp/launch_params_6v08ckau --params-file /tmp/launch_params_tpsp6qia'].
[ERROR] [robot_supervisor-7]: process has died [pid 295595, exit code -2, cmd '/home/ecem/ros2_ws/install/swarm_basics/lib/swarm_basics/robot_supervisor --ros-args -r __node:=robot_supervisor -r __ns:=/robot_0 --params-file /tmp/launch_params_18mxzwns --params-file /tmp/launch_params_q2coct8y --params-file /tmp/launch_params_qgu5mmcv --params-file /tmp/launch_params_9zq_jvto'].
