[INFO] [launch]: All log files can be found below /home/ecem/.ros/log/2026-04-29-11-51-55-883694-ecem-pc-246234
[INFO] [launch]: Default logging verbosity is set to INFO
[INFO] [ign gazebo-1]: process started with pid [246251]
[INFO] [coverage_counter-2]: process started with pid [246253]
[INFO] [bump_counter-3]: process started with pid [246256]
[INFO] [parameter_bridge-4]: process started with pid [246258]
[INFO] [robot_state_publisher-5]: process started with pid [246260]
[INFO] [create-6]: process started with pid [246262]
[INFO] [robot_supervisor-7]: process started with pid [246264]
[INFO] [robot_state_publisher-8]: process started with pid [246266]
[INFO] [create-9]: process started with pid [246269]
[INFO] [robot_supervisor-10]: process started with pid [246271]
[INFO] [robot_state_publisher-11]: process started with pid [246274]
[INFO] [create-12]: process started with pid [246276]
[INFO] [robot_supervisor-13]: process started with pid [246278]
[INFO] [robot_state_publisher-14]: process started with pid [246280]
[INFO] [create-15]: process started with pid [246282]
[INFO] [robot_supervisor-16]: process started with pid [246284]
[INFO] [robot_state_publisher-17]: process started with pid [246286]
[INFO] [create-18]: process started with pid [246337]
[INFO] [robot_supervisor-19]: process started with pid [246344]
[INFO] [parameter_bridge-20]: process started with pid [246346]
[parameter_bridge-4] [ros_ign_bridge] is deprecated! Redirecting to use [ros_gz_bridge] instead!
[parameter_bridge-4] 
[create-6] [INFO] [1777456316.312789380] [robot_0.ros_gz_sim]: Requesting list of world names.
[create-9] [INFO] [1777456316.312870450] [robot_1.ros_gz_sim]: Requesting list of world names.
[robot_state_publisher-14] [INFO] [1777456316.319188326] [robot_3.robot_state_publisher]: got segment robot_3/antenna_link
[robot_state_publisher-14] [INFO] [1777456316.319278019] [robot_3.robot_state_publisher]: got segment robot_3/base_footprint
[robot_state_publisher-14] [INFO] [1777456316.319284983] [robot_3.robot_state_publisher]: got segment robot_3/base_link
[robot_state_publisher-14] [INFO] [1777456316.319288605] [robot_3.robot_state_publisher]: got segment robot_3/realsense_link
[robot_state_publisher-14] [INFO] [1777456316.319291698] [robot_3.robot_state_publisher]: got segment robot_3/rocker_L_link
[robot_state_publisher-14] [INFO] [1777456316.319294750] [robot_3.robot_state_publisher]: got segment robot_3/rocker_R_link
[robot_state_publisher-14] [INFO] [1777456316.319299079] [robot_3.robot_state_publisher]: got segment robot_3/wheel_FL_link
[robot_state_publisher-14] [INFO] [1777456316.319303296] [robot_3.robot_state_publisher]: got segment robot_3/wheel_FR_link
[robot_state_publisher-14] [INFO] [1777456316.319307221] [robot_3.robot_state_publisher]: got segment robot_3/wheel_RL_link
[robot_state_publisher-14] [INFO] [1777456316.319312005] [robot_3.robot_state_publisher]: got segment robot_3/wheel_RR_link
[robot_state_publisher-8] [INFO] [1777456316.321737117] [robot_1.robot_state_publisher]: got segment robot_1/antenna_link
[robot_state_publisher-8] [INFO] [1777456316.321853863] [robot_1.robot_state_publisher]: got segment robot_1/base_footprint
[robot_state_publisher-8] [INFO] [1777456316.321869006] [robot_1.robot_state_publisher]: got segment robot_1/base_link
[robot_state_publisher-8] [INFO] [1777456316.321879071] [robot_1.robot_state_publisher]: got segment robot_1/realsense_link
[robot_state_publisher-8] [INFO] [1777456316.321887297] [robot_1.robot_state_publisher]: got segment robot_1/rocker_L_link
[robot_state_publisher-8] [INFO] [1777456316.321906161] [robot_1.robot_state_publisher]: got segment robot_1/rocker_R_link
[robot_state_publisher-8] [INFO] [1777456316.321914889] [robot_1.robot_state_publisher]: got segment robot_1/wheel_FL_link
[robot_state_publisher-8] [INFO] [1777456316.321922733] [robot_1.robot_state_publisher]: got segment robot_1/wheel_FR_link
[robot_state_publisher-8] [INFO] [1777456316.321930244] [robot_1.robot_state_publisher]: got segment robot_1/wheel_RL_link
[robot_state_publisher-8] [INFO] [1777456316.321937684] [robot_1.robot_state_publisher]: got segment robot_1/wheel_RR_link
[robot_state_publisher-11] [INFO] [1777456316.322884534] [robot_2.robot_state_publisher]: got segment robot_2/antenna_link
[robot_state_publisher-11] [INFO] [1777456316.322953525] [robot_2.robot_state_publisher]: got segment robot_2/base_footprint
[robot_state_publisher-11] [INFO] [1777456316.322963542] [robot_2.robot_state_publisher]: got segment robot_2/base_link
[robot_state_publisher-11] [INFO] [1777456316.322970143] [robot_2.robot_state_publisher]: got segment robot_2/realsense_link
[robot_state_publisher-11] [INFO] [1777456316.322975357] [robot_2.robot_state_publisher]: got segment robot_2/rocker_L_link
[robot_state_publisher-11] [INFO] [1777456316.322980352] [robot_2.robot_state_publisher]: got segment robot_2/rocker_R_link
[robot_state_publisher-11] [INFO] [1777456316.322985337] [robot_2.robot_state_publisher]: got segment robot_2/wheel_FL_link
[robot_state_publisher-11] [INFO] [1777456316.322990545] [robot_2.robot_state_publisher]: got segment robot_2/wheel_FR_link
[robot_state_publisher-11] [INFO] [1777456316.322995453] [robot_2.robot_state_publisher]: got segment robot_2/wheel_RL_link
[robot_state_publisher-11] [INFO] [1777456316.323000194] [robot_2.robot_state_publisher]: got segment robot_2/wheel_RR_link
[create-15] [INFO] [1777456316.324471307] [robot_3.ros_gz_sim]: Requesting list of world names.
[create-12] [INFO] [1777456316.325451666] [robot_2.ros_gz_sim]: Requesting list of world names.
[robot_state_publisher-17] [INFO] [1777456316.327931279] [robot_4.robot_state_publisher]: got segment robot_4/antenna_link
[robot_state_publisher-17] [INFO] [1777456316.328047601] [robot_4.robot_state_publisher]: got segment robot_4/base_footprint
[robot_state_publisher-17] [INFO] [1777456316.328061273] [robot_4.robot_state_publisher]: got segment robot_4/base_link
[robot_state_publisher-17] [INFO] [1777456316.328071793] [robot_4.robot_state_publisher]: got segment robot_4/realsense_link
[robot_state_publisher-17] [INFO] [1777456316.328079506] [robot_4.robot_state_publisher]: got segment robot_4/rocker_L_link
[robot_state_publisher-17] [INFO] [1777456316.328087455] [robot_4.robot_state_publisher]: got segment robot_4/rocker_R_link
[robot_state_publisher-17] [INFO] [1777456316.328094975] [robot_4.robot_state_publisher]: got segment robot_4/wheel_FL_link
[robot_state_publisher-17] [INFO] [1777456316.328102714] [robot_4.robot_state_publisher]: got segment robot_4/wheel_FR_link
[robot_state_publisher-17] [INFO] [1777456316.328110210] [robot_4.robot_state_publisher]: got segment robot_4/wheel_RL_link
[robot_state_publisher-17] [INFO] [1777456316.328117630] [robot_4.robot_state_publisher]: got segment robot_4/wheel_RR_link
[create-18] [INFO] [1777456316.334272728] [robot_4.ros_gz_sim]: Requesting list of world names.
[robot_state_publisher-5] [INFO] [1777456316.338086731] [robot_0.robot_state_publisher]: got segment robot_0/antenna_link
[robot_state_publisher-5] [INFO] [1777456316.338204675] [robot_0.robot_state_publisher]: got segment robot_0/base_footprint
[robot_state_publisher-5] [INFO] [1777456316.338220142] [robot_0.robot_state_publisher]: got segment robot_0/base_link
[robot_state_publisher-5] [INFO] [1777456316.338229617] [robot_0.robot_state_publisher]: got segment robot_0/realsense_link
[robot_state_publisher-5] [INFO] [1777456316.338237468] [robot_0.robot_state_publisher]: got segment robot_0/rocker_L_link
[robot_state_publisher-5] [INFO] [1777456316.338245112] [robot_0.robot_state_publisher]: got segment robot_0/rocker_R_link
[robot_state_publisher-5] [INFO] [1777456316.338252837] [robot_0.robot_state_publisher]: got segment robot_0/wheel_FL_link
[robot_state_publisher-5] [INFO] [1777456316.338260281] [robot_0.robot_state_publisher]: got segment robot_0/wheel_FR_link
[robot_state_publisher-5] [INFO] [1777456316.338267465] [robot_0.robot_state_publisher]: got segment robot_0/wheel_RL_link
[robot_state_publisher-5] [INFO] [1777456316.338274677] [robot_0.robot_state_publisher]: got segment robot_0/wheel_RR_link
[parameter_bridge-4] [INFO] [1777456316.340525110] [all_robots_bridge]: Creating ROS->GZ Bridge: [/robot_0/cmd_vel (geometry_msgs/msg/Twist) -> /robot_0/cmd_vel (ignition.msgs.Twist)] (Lazy 0)
[parameter_bridge-4] [INFO] [1777456316.342814183] [all_robots_bridge]: Creating GZ->ROS Bridge: [/robot_0/odom (ignition.msgs.Odometry) -> /robot_0/odom (nav_msgs/msg/Odometry)] (Lazy 0)
[parameter_bridge-4] [INFO] [1777456316.344409465] [all_robots_bridge]: Creating GZ->ROS Bridge: [/robot_0/depth_camera/depth_image (ignition.msgs.Image) -> /robot_0/depth_camera/depth_image (sensor_msgs/msg/Image)] (Lazy 0)
[parameter_bridge-4] [INFO] [1777456316.346247340] [all_robots_bridge]: Creating GZ->ROS Bridge: [/world/random_world/model/robot_0/link/robot_0/base_footprint/sensor/contact_sensor/contact (ignition.msgs.Contacts) -> /world/random_world/model/robot_0/link/robot_0/base_footprint/sensor/contact_sensor/contact (ros_gz_interfaces/msg/Contacts)] (Lazy 0)
[parameter_bridge-4] [INFO] [1777456316.347552990] [all_robots_bridge]: Creating ROS->GZ Bridge: [/robot_1/cmd_vel (geometry_msgs/msg/Twist) -> /robot_1/cmd_vel (ignition.msgs.Twist)] (Lazy 0)
[parameter_bridge-4] [INFO] [1777456316.348005051] [all_robots_bridge]: Creating GZ->ROS Bridge: [/robot_1/odom (ignition.msgs.Odometry) -> /robot_1/odom (nav_msgs/msg/Odometry)] (Lazy 0)
[parameter_bridge-4] [INFO] [1777456316.348512498] [all_robots_bridge]: Creating GZ->ROS Bridge: [/robot_1/depth_camera/depth_image (ignition.msgs.Image) -> /robot_1/depth_camera/depth_image (sensor_msgs/msg/Image)] (Lazy 0)
[parameter_bridge-4] [INFO] [1777456316.348960213] [all_robots_bridge]: Creating GZ->ROS Bridge: [/world/random_world/model/robot_1/link/robot_1/base_footprint/sensor/contact_sensor/contact (ignition.msgs.Contacts) -> /world/random_world/model/robot_1/link/robot_1/base_footprint/sensor/contact_sensor/contact (ros_gz_interfaces/msg/Contacts)] (Lazy 0)
[parameter_bridge-4] [INFO] [1777456316.349491715] [all_robots_bridge]: Creating ROS->GZ Bridge: [/robot_2/cmd_vel (geometry_msgs/msg/Twist) -> /robot_2/cmd_vel (ignition.msgs.Twist)] (Lazy 0)
[parameter_bridge-4] [INFO] [1777456316.349894370] [all_robots_bridge]: Creating GZ->ROS Bridge: [/robot_2/odom (ignition.msgs.Odometry) -> /robot_2/odom (nav_msgs/msg/Odometry)] (Lazy 0)
[parameter_bridge-4] [INFO] [1777456316.351972110] [all_robots_bridge]: Creating GZ->ROS Bridge: [/robot_2/depth_camera/depth_image (ignition.msgs.Image) -> /robot_2/depth_camera/depth_image (sensor_msgs/msg/Image)] (Lazy 0)
[parameter_bridge-4] [INFO] [1777456316.353024537] [all_robots_bridge]: Creating GZ->ROS Bridge: [/world/random_world/model/robot_2/link/robot_2/base_footprint/sensor/contact_sensor/contact (ignition.msgs.Contacts) -> /world/random_world/model/robot_2/link/robot_2/base_footprint/sensor/contact_sensor/contact (ros_gz_interfaces/msg/Contacts)] (Lazy 0)
[parameter_bridge-4] [INFO] [1777456316.353945751] [all_robots_bridge]: Creating ROS->GZ Bridge: [/robot_3/cmd_vel (geometry_msgs/msg/Twist) -> /robot_3/cmd_vel (ignition.msgs.Twist)] (Lazy 0)
[parameter_bridge-4] [INFO] [1777456316.354667441] [all_robots_bridge]: Creating GZ->ROS Bridge: [/robot_3/odom (ignition.msgs.Odometry) -> /robot_3/odom (nav_msgs/msg/Odometry)] (Lazy 0)
[parameter_bridge-4] [INFO] [1777456316.355688359] [all_robots_bridge]: Creating GZ->ROS Bridge: [/robot_3/depth_camera/depth_image (ignition.msgs.Image) -> /robot_3/depth_camera/depth_image (sensor_msgs/msg/Image)] (Lazy 0)
[parameter_bridge-4] [INFO] [1777456316.356727127] [all_robots_bridge]: Creating GZ->ROS Bridge: [/world/random_world/model/robot_3/link/robot_3/base_footprint/sensor/contact_sensor/contact (ignition.msgs.Contacts) -> /world/random_world/model/robot_3/link/robot_3/base_footprint/sensor/contact_sensor/contact (ros_gz_interfaces/msg/Contacts)] (Lazy 0)
[parameter_bridge-4] [INFO] [1777456316.357676175] [all_robots_bridge]: Creating ROS->GZ Bridge: [/robot_4/cmd_vel (geometry_msgs/msg/Twist) -> /robot_4/cmd_vel (ignition.msgs.Twist)] (Lazy 0)
[parameter_bridge-4] [INFO] [1777456316.358584490] [all_robots_bridge]: Creating GZ->ROS Bridge: [/robot_4/odom (ignition.msgs.Odometry) -> /robot_4/odom (nav_msgs/msg/Odometry)] (Lazy 0)
[parameter_bridge-4] [INFO] [1777456316.359272752] [all_robots_bridge]: Creating GZ->ROS Bridge: [/robot_4/depth_camera/depth_image (ignition.msgs.Image) -> /robot_4/depth_camera/depth_image (sensor_msgs/msg/Image)] (Lazy 0)
[parameter_bridge-4] [INFO] [1777456316.359702016] [all_robots_bridge]: Creating GZ->ROS Bridge: [/world/random_world/model/robot_4/link/robot_4/base_footprint/sensor/contact_sensor/contact (ignition.msgs.Contacts) -> /world/random_world/model/robot_4/link/robot_4/base_footprint/sensor/contact_sensor/contact (ros_gz_interfaces/msg/Contacts)] (Lazy 0)
[parameter_bridge-4] [INFO] [1777456316.360462435] [all_robots_bridge]: Creating GZ->ROS Bridge: [/world/random_world/dynamic_pose/info (ignition.msgs.Pose_V) -> /world/random_world/dynamic_pose/info (tf2_msgs/msg/TFMessage)] (Lazy 0)
[parameter_bridge-20] [INFO] [1777456316.363128103] [clock_bridge]: Creating GZ->ROS Bridge: [/clock (ignition.msgs.Clock) -> /clock (rosgraph_msgs/msg/Clock)] (Lazy 0)
[bump_counter-3] [INFO] [1777456316.561110325] [bump_counter]: [global] global_mode=True cooldown(robot)=0.80s cooldown(obs)=0.50s Logging to /home/ecem/ros2_ws/src/Leo_sct/LAST_PROMPTS/random_safe_selected_controllers/prompt_1_run_5/trial_13/run_20260429_115156/bumps_global_115156.csv
[robot_supervisor-10] [INFO] [1777456316.588250866] [robot_1.robot_supervisor]: Loaded initial mission 'explore' from explicit YAML explore_sup_gpt_new_1_run_5_406.yaml
[robot_supervisor-16] [INFO] [1777456316.600435735] [robot_3.robot_supervisor]: Loaded initial mission 'explore' from explicit YAML explore_sup_gpt_new_1_run_5_406.yaml
[robot_supervisor-13] [INFO] [1777456316.604724406] [robot_2.robot_supervisor]: Loaded initial mission 'explore' from explicit YAML explore_sup_gpt_new_1_run_5_406.yaml
[robot_supervisor-19] [INFO] [1777456316.607796520] [robot_4.robot_supervisor]: Loaded initial mission 'explore' from explicit YAML explore_sup_gpt_new_1_run_5_406.yaml
[robot_supervisor-7] [INFO] [1777456316.622508560] [robot_0.robot_supervisor]: Loaded initial mission 'explore' from explicit YAML explore_sup_gpt_new_1_run_5_406.yaml
[robot_supervisor-10] [INFO] [1777456316.692207729] [robot_1.robot_supervisor]: Selected controllable event: EV_move_forward
[parameter_bridge-4] [INFO] [1777456316.692472867] [all_robots_bridge]: Passing message from ROS geometry_msgs/msg/Twist to Gazebo gz.msgs.Twist (showing msg only once per type)
[robot_supervisor-16] [INFO] [1777456316.706155414] [robot_3.robot_supervisor]: Selected controllable event: EV_move_forward
[robot_supervisor-13] [INFO] [1777456316.710287599] [robot_2.robot_supervisor]: Selected controllable event: EV_move_forward
[robot_supervisor-19] [INFO] [1777456316.711852726] [robot_4.robot_supervisor]: Selected controllable event: EV_move_forward
[robot_supervisor-7] [INFO] [1777456316.727456797] [robot_0.robot_supervisor]: Selected controllable event: EV_move_forward
[create-6] [INFO] [1777456316.787426530] [robot_0.ros_gz_sim]: Waiting messages on topic [/robot_0/robot_description].
[create-18] [INFO] [1777456316.887692021] [robot_4.ros_gz_sim]: Waiting messages on topic [/robot_4/robot_description].
[create-12] [INFO] [1777456316.988154882] [robot_2.ros_gz_sim]: Waiting messages on topic [/robot_2/robot_description].
[robot_supervisor-10] [INFO] [1777456316.992058401] [robot_1.robot_supervisor]: Selected controllable event: EV_move_forward
[robot_supervisor-16] [INFO] [1777456317.006031539] [robot_3.robot_supervisor]: Selected controllable event: EV_move_forward
[robot_supervisor-13] [INFO] [1777456317.010028314] [robot_2.robot_supervisor]: Selected controllable event: EV_move_forward
[robot_supervisor-19] [INFO] [1777456317.011750977] [robot_4.robot_supervisor]: Selected controllable event: EV_move_forward
[robot_supervisor-7] [INFO] [1777456317.027416177] [robot_0.robot_supervisor]: Selected controllable event: EV_move_forward
[create-9] [INFO] [1777456317.088348668] [robot_1.ros_gz_sim]: Waiting messages on topic [/robot_1/robot_description].
[create-12] [INFO] [1777456317.187701294] [robot_2.ros_gz_sim]: Requested creation of entity.
[create-12] [INFO] [1777456317.187761131] [robot_2.ros_gz_sim]: OK creation of entity.
[create-18] [INFO] [1777456317.187810700] [robot_4.ros_gz_sim]: Requested creation of entity.
[create-18] [INFO] [1777456317.187866150] [robot_4.ros_gz_sim]: OK creation of entity.
[create-6] [INFO] [1777456317.187813270] [robot_0.ros_gz_sim]: Requested creation of entity.
[create-6] [INFO] [1777456317.187923664] [robot_0.ros_gz_sim]: OK creation of entity.
[create-9] [INFO] [1777456317.187891936] [robot_1.ros_gz_sim]: Requested creation of entity.
[create-9] [INFO] [1777456317.187943039] [robot_1.ros_gz_sim]: OK creation of entity.
[create-15] [INFO] [1777456317.188622072] [robot_3.ros_gz_sim]: Waiting messages on topic [/robot_3/robot_description].
[create-15] [INFO] [1777456317.191522795] [robot_3.ros_gz_sim]: Requested creation of entity.
[create-15] [INFO] [1777456317.191564502] [robot_3.ros_gz_sim]: OK creation of entity.
[robot_supervisor-10] [INFO] [1777456317.292146961] [robot_1.robot_supervisor]: Selected controllable event: EV_move_forward
[robot_supervisor-16] [INFO] [1777456317.306078600] [robot_3.robot_supervisor]: Selected controllable event: EV_move_forward
[robot_supervisor-13] [INFO] [1777456317.309886135] [robot_2.robot_supervisor]: Selected controllable event: EV_move_forward
[robot_supervisor-19] [INFO] [1777456317.311739596] [robot_4.robot_supervisor]: Selected controllable event: EV_move_forward
[robot_supervisor-7] [INFO] [1777456317.327411535] [robot_0.robot_supervisor]: Selected controllable event: EV_move_forward
[INFO] [create-18]: process has finished cleanly [pid 246337]
[INFO] [create-12]: process has finished cleanly [pid 246276]
[INFO] [create-6]: process has finished cleanly [pid 246262]
[INFO] [create-9]: process has finished cleanly [pid 246269]
[INFO] [create-15]: process has finished cleanly [pid 246282]
[robot_supervisor-10] [INFO] [1777456317.592956028] [robot_1.robot_supervisor]: Selected controllable event: EV_move_forward
[robot_supervisor-16] [INFO] [1777456317.607963943] [robot_3.robot_supervisor]: Selected controllable event: EV_move_forward
[robot_supervisor-19] [INFO] [1777456317.611868735] [robot_4.robot_supervisor]: Selected controllable event: EV_move_forward
[robot_supervisor-13] [INFO] [1777456317.613112900] [robot_2.robot_supervisor]: Selected controllable event: EV_move_forward
[robot_supervisor-7] [INFO] [1777456317.627559963] [robot_0.robot_supervisor]: Selected controllable event: EV_move_forward
[bump_counter-3] [INFO] [1777456317.629573130] [bump_counter]: [global] subscribed: /world/random_world/model/robot_0/link/robot_0/base_footprint/sensor/contact_sensor/contact
[bump_counter-3] [INFO] [1777456317.631231765] [bump_counter]: [global] subscribed: /world/random_world/model/robot_1/link/robot_1/base_footprint/sensor/contact_sensor/contact
[bump_counter-3] [INFO] [1777456317.632694961] [bump_counter]: [global] subscribed: /world/random_world/model/robot_2/link/robot_2/base_footprint/sensor/contact_sensor/contact
[bump_counter-3] [INFO] [1777456317.634239534] [bump_counter]: [global] subscribed: /world/random_world/model/robot_3/link/robot_3/base_footprint/sensor/contact_sensor/contact
[bump_counter-3] [INFO] [1777456317.635519889] [bump_counter]: [global] subscribed: /world/random_world/model/robot_4/link/robot_4/base_footprint/sensor/contact_sensor/contact
[robot_supervisor-10] [INFO] [1777456317.892164949] [robot_1.robot_supervisor]: Selected controllable event: EV_move_forward
[robot_supervisor-16] [INFO] [1777456317.906118336] [robot_3.robot_supervisor]: Selected controllable event: EV_move_forward
[robot_supervisor-13] [INFO] [1777456317.909932462] [robot_2.robot_supervisor]: Selected controllable event: EV_move_forward
[robot_supervisor-19] [INFO] [1777456317.911833639] [robot_4.robot_supervisor]: Selected controllable event: EV_move_forward
[robot_supervisor-7] [INFO] [1777456317.927434005] [robot_0.robot_supervisor]: Selected controllable event: EV_move_forward
[robot_supervisor-10] [INFO] [1777456318.192098440] [robot_1.robot_supervisor]: Selected controllable event: EV_move_forward
[robot_supervisor-16] [INFO] [1777456318.206113843] [robot_3.robot_supervisor]: Selected controllable event: EV_move_forward
[robot_supervisor-13] [INFO] [1777456318.209860061] [robot_2.robot_supervisor]: Selected controllable event: EV_move_forward
[robot_supervisor-19] [INFO] [1777456318.211745124] [robot_4.robot_supervisor]: Selected controllable event: EV_move_forward
[robot_supervisor-7] [INFO] [1777456318.227480663] [robot_0.robot_supervisor]: Selected controllable event: EV_move_forward
[INFO] [image_processor-21]: process started with pid [246647]
[INFO] [image_processor-22]: process started with pid [246649]
[INFO] [image_processor-23]: process started with pid [246651]
[INFO] [image_processor-24]: process started with pid [246653]
[INFO] [image_processor-25]: process started with pid [246655]
[image_processor-21] [INFO] [1777456318.350826948] [robot_0.image_processor]: image_processor: depth='/robot_0/depth_camera/depth_image' aruco_runtime=disabled
[image_processor-24] [INFO] [1777456318.353450961] [robot_3.image_processor]: image_processor: depth='/robot_3/depth_camera/depth_image' aruco_runtime=disabled
[image_processor-22] [INFO] [1777456318.353754793] [robot_1.image_processor]: image_processor: depth='/robot_1/depth_camera/depth_image' aruco_runtime=disabled
[image_processor-23] [INFO] [1777456318.353986912] [robot_2.image_processor]: image_processor: depth='/robot_2/depth_camera/depth_image' aruco_runtime=disabled
[image_processor-25] [INFO] [1777456318.356599573] [robot_4.image_processor]: image_processor: depth='/robot_4/depth_camera/depth_image' aruco_runtime=disabled
[robot_supervisor-10] [INFO] [1777456318.492261338] [robot_1.robot_supervisor]: Selected controllable event: EV_move_forward
[robot_supervisor-16] [INFO] [1777456318.506123306] [robot_3.robot_supervisor]: Selected controllable event: EV_move_forward
[robot_supervisor-13] [INFO] [1777456318.509968363] [robot_2.robot_supervisor]: Selected controllable event: EV_move_forward
[robot_supervisor-19] [INFO] [1777456318.511793742] [robot_4.robot_supervisor]: Selected controllable event: EV_move_forward
[robot_supervisor-7] [INFO] [1777456318.527518251] [robot_0.robot_supervisor]: Selected controllable event: EV_move_forward
[robot_supervisor-10] [INFO] [1777456318.792021963] [robot_1.robot_supervisor]: Selected controllable event: EV_move_forward
[robot_supervisor-16] [INFO] [1777456318.806147258] [robot_3.robot_supervisor]: Selected controllable event: EV_move_forward
[robot_supervisor-13] [INFO] [1777456318.810001976] [robot_2.robot_supervisor]: Selected controllable event: EV_move_forward
[robot_supervisor-19] [INFO] [1777456318.811803609] [robot_4.robot_supervisor]: Selected controllable event: EV_move_forward
[robot_supervisor-7] [INFO] [1777456318.827518727] [robot_0.robot_supervisor]: Selected controllable event: EV_move_forward
[robot_supervisor-10] [INFO] [1777456319.092205344] [robot_1.robot_supervisor]: Selected controllable event: EV_move_forward
[robot_supervisor-16] [INFO] [1777456319.106170433] [robot_3.robot_supervisor]: Selected controllable event: EV_move_forward
[robot_supervisor-13] [INFO] [1777456319.110563520] [robot_2.robot_supervisor]: Selected controllable event: EV_move_forward
[robot_supervisor-19] [INFO] [1777456319.112051029] [robot_4.robot_supervisor]: Selected controllable event: EV_move_forward
[robot_supervisor-7] [INFO] [1777456319.127506365] [robot_0.robot_supervisor]: Selected controllable event: EV_move_forward
[robot_supervisor-10] [INFO] [1777456319.392261032] [robot_1.robot_supervisor]: Selected controllable event: EV_move_forward
[robot_supervisor-16] [INFO] [1777456319.406149739] [robot_3.robot_supervisor]: Selected controllable event: EV_move_forward
[robot_supervisor-13] [INFO] [1777456319.410231797] [robot_2.robot_supervisor]: Selected controllable event: EV_move_forward
[robot_supervisor-19] [INFO] [1777456319.411839309] [robot_4.robot_supervisor]: Selected controllable event: EV_move_forward
[robot_supervisor-7] [INFO] [1777456319.427579737] [robot_0.robot_supervisor]: Selected controllable event: EV_move_forward
[robot_supervisor-10] [INFO] [1777456319.692377048] [robot_1.robot_supervisor]: Selected controllable event: EV_move_forward
[robot_supervisor-16] [INFO] [1777456319.706135350] [robot_3.robot_supervisor]: Selected controllable event: EV_move_forward
[robot_supervisor-13] [INFO] [1777456319.710039094] [robot_2.robot_supervisor]: Selected controllable event: EV_move_forward
[robot_supervisor-19] [INFO] [1777456319.711709613] [robot_4.robot_supervisor]: Selected controllable event: EV_move_forward
[robot_supervisor-7] [INFO] [1777456319.727379390] [robot_0.robot_supervisor]: Selected controllable event: EV_move_forward
[robot_supervisor-10] [INFO] [1777456319.992287358] [robot_1.robot_supervisor]: Selected controllable event: EV_move_forward
[robot_supervisor-16] [INFO] [1777456320.006106064] [robot_3.robot_supervisor]: Selected controllable event: EV_move_forward
[robot_supervisor-13] [INFO] [1777456320.009868034] [robot_2.robot_supervisor]: Selected controllable event: EV_move_forward
[robot_supervisor-19] [INFO] [1777456320.011720168] [robot_4.robot_supervisor]: Selected controllable event: EV_move_forward
[robot_supervisor-7] [INFO] [1777456320.027273271] [robot_0.robot_supervisor]: Selected controllable event: EV_move_forward
[robot_supervisor-10] [INFO] [1777456320.292193211] [robot_1.robot_supervisor]: Selected controllable event: EV_move_forward
[robot_supervisor-16] [INFO] [1777456320.305880526] [robot_3.robot_supervisor]: Selected controllable event: EV_move_forward
[robot_supervisor-13] [INFO] [1777456320.309711508] [robot_2.robot_supervisor]: Selected controllable event: EV_move_forward
[robot_supervisor-19] [INFO] [1777456320.311721170] [robot_4.robot_supervisor]: Selected controllable event: EV_move_forward
[robot_supervisor-7] [INFO] [1777456320.327539707] [robot_0.robot_supervisor]: Selected controllable event: EV_move_forward
[robot_supervisor-10] [INFO] [1777456320.592098231] [robot_1.robot_supervisor]: Selected controllable event: EV_move_forward
[robot_supervisor-16] [INFO] [1777456320.606292069] [robot_3.robot_supervisor]: Selected controllable event: EV_move_forward
[robot_supervisor-13] [INFO] [1777456320.610194877] [robot_2.robot_supervisor]: Selected controllable event: EV_move_forward
[robot_supervisor-19] [INFO] [1777456320.611707572] [robot_4.robot_supervisor]: Selected controllable event: EV_move_forward
[robot_supervisor-7] [INFO] [1777456320.627400967] [robot_0.robot_supervisor]: Selected controllable event: EV_move_forward
[robot_supervisor-10] [INFO] [1777456320.892169048] [robot_1.robot_supervisor]: Selected controllable event: EV_move_forward
[robot_supervisor-16] [INFO] [1777456320.906129711] [robot_3.robot_supervisor]: Selected controllable event: EV_move_forward
[robot_supervisor-13] [INFO] [1777456320.909799636] [robot_2.robot_supervisor]: Selected controllable event: EV_move_forward
[robot_supervisor-19] [INFO] [1777456320.911508611] [robot_4.robot_supervisor]: Selected controllable event: EV_move_forward
[robot_supervisor-7] [INFO] [1777456320.927204685] [robot_0.robot_supervisor]: Selected controllable event: EV_move_forward
[robot_supervisor-10] [INFO] [1777456321.192075101] [robot_1.robot_supervisor]: Selected controllable event: EV_move_forward
[robot_supervisor-16] [INFO] [1777456321.206073992] [robot_3.robot_supervisor]: Selected controllable event: EV_move_forward
[robot_supervisor-13] [INFO] [1777456321.209863731] [robot_2.robot_supervisor]: Selected controllable event: EV_move_forward
[robot_supervisor-19] [INFO] [1777456321.211703577] [robot_4.robot_supervisor]: Selected controllable event: EV_move_forward
[robot_supervisor-7] [INFO] [1777456321.227332213] [robot_0.robot_supervisor]: Selected controllable event: EV_move_forward
[robot_supervisor-10] [INFO] [1777456321.492136074] [robot_1.robot_supervisor]: Selected controllable event: EV_move_forward
[robot_supervisor-16] [INFO] [1777456321.506052863] [robot_3.robot_supervisor]: Selected controllable event: EV_move_forward
[robot_supervisor-13] [INFO] [1777456321.509742613] [robot_2.robot_supervisor]: Selected controllable event: EV_move_forward
[robot_supervisor-19] [INFO] [1777456321.511489928] [robot_4.robot_supervisor]: Selected controllable event: EV_move_forward
[robot_supervisor-7] [INFO] [1777456321.527345911] [robot_0.robot_supervisor]: Selected controllable event: EV_move_forward
[robot_supervisor-10] [INFO] [1777456321.792071758] [robot_1.robot_supervisor]: Selected controllable event: EV_move_forward
[robot_supervisor-16] [INFO] [1777456321.806259629] [robot_3.robot_supervisor]: Selected controllable event: EV_move_forward
[robot_supervisor-13] [INFO] [1777456321.810022790] [robot_2.robot_supervisor]: Selected controllable event: EV_move_forward
[robot_supervisor-19] [INFO] [1777456321.811679312] [robot_4.robot_supervisor]: Selected controllable event: EV_move_forward
[image_processor-21] [INFO] [1777456321.824755514] [robot_0.image_processor]: Zone=CLEAR  left[p=1.205 near=0 v=7238]  front[p=0.834 near=458 v=13500]  right[p=1.605 near=0 v=7740]
[robot_supervisor-7] [INFO] [1777456321.827661991] [robot_0.robot_supervisor]: Selected controllable event: EV_move_forward
[image_processor-25] [INFO] [1777456321.831944332] [robot_4.image_processor]: Zone=LEFT  left[p=0.446 near=7650 v=7650]  front[p=0.618 near=6240 v=13500]  right[p=1.545 near=0 v=7740]
[robot_supervisor-19] [INFO] [1777456321.832568608] [robot_4.robot_supervisor]: Detected zone changed to LEFT
[image_processor-23] [INFO] [1777456321.839679527] [robot_2.image_processor]: Zone=CLEAR  left[p=1.961 near=0 v=7649]  front[p=1.524 near=0 v=13500]  right[p=1.097 near=0 v=7740]
[image_processor-22] [INFO] [1777456321.858484167] [robot_1.image_processor]: Zone=CLEAR  left[p=3.754 near=0 v=6267]  front[p=3.424 near=0 v=9460]  right[p=3.420 near=0 v=7166]
[image_processor-24] [INFO] [1777456321.878706414] [robot_3.image_processor]: Zone=LEFT  left[p=0.539 near=7650 v=7650]  front[p=0.812 near=710 v=9348]  right[p=3.149 near=0 v=4883]
[robot_supervisor-16] [INFO] [1777456321.879213563] [robot_3.robot_supervisor]: Detected zone changed to LEFT
[robot_supervisor-10] [INFO] [1777456322.092175663] [robot_1.robot_supervisor]: Selected controllable event: EV_move_forward
[robot_supervisor-16] [INFO] [1777456322.106098577] [robot_3.robot_supervisor]: Selected controllable event: EV_rotate_clockwise
[robot_supervisor-13] [INFO] [1777456322.109712854] [robot_2.robot_supervisor]: Selected controllable event: EV_move_forward
[robot_supervisor-19] [INFO] [1777456322.111643147] [robot_4.robot_supervisor]: Selected controllable event: EV_rotate_clockwise
[robot_supervisor-7] [INFO] [1777456322.127233565] [robot_0.robot_supervisor]: Selected controllable event: EV_move_forward
[robot_supervisor-10] [INFO] [1777456322.392145987] [robot_1.robot_supervisor]: Selected controllable event: EV_move_forward
[robot_supervisor-13] [INFO] [1777456322.409655790] [robot_2.robot_supervisor]: Selected controllable event: EV_move_forward
[robot_supervisor-7] [INFO] [1777456322.427501484] [robot_0.robot_supervisor]: Selected controllable event: EV_move_forward
[robot_supervisor-10] [INFO] [1777456322.691770631] [robot_1.robot_supervisor]: Selected controllable event: EV_move_forward
[robot_supervisor-13] [INFO] [1777456322.710238148] [robot_2.robot_supervisor]: Selected controllable event: EV_move_forward
[robot_supervisor-7] [INFO] [1777456322.727351440] [robot_0.robot_supervisor]: Selected controllable event: EV_move_forward
[robot_supervisor-10] [INFO] [1777456322.991852771] [robot_1.robot_supervisor]: Selected controllable event: EV_move_forward
[robot_supervisor-13] [INFO] [1777456323.009622723] [robot_2.robot_supervisor]: Selected controllable event: EV_move_forward
[robot_supervisor-7] [INFO] [1777456323.027408839] [robot_0.robot_supervisor]: Selected controllable event: EV_move_forward
[robot_supervisor-10] [INFO] [1777456323.292075282] [robot_1.robot_supervisor]: Selected controllable event: EV_move_forward
[robot_supervisor-13] [INFO] [1777456323.309871189] [robot_2.robot_supervisor]: Selected controllable event: EV_move_forward
[robot_supervisor-7] [INFO] [1777456323.327535158] [robot_0.robot_supervisor]: Selected controllable event: EV_move_forward
[robot_supervisor-10] [INFO] [1777456323.592026151] [robot_1.robot_supervisor]: Selected controllable event: EV_move_forward
[robot_supervisor-13] [INFO] [1777456323.609871588] [robot_2.robot_supervisor]: Selected controllable event: EV_move_forward
[robot_supervisor-7] [INFO] [1777456323.627411256] [robot_0.robot_supervisor]: Selected controllable event: EV_move_forward
[robot_supervisor-10] [INFO] [1777456323.891963967] [robot_1.robot_supervisor]: Selected controllable event: EV_move_forward
[robot_supervisor-13] [INFO] [1777456323.909996463] [robot_2.robot_supervisor]: Selected controllable event: EV_move_forward
[robot_supervisor-7] [INFO] [1777456323.927402092] [robot_0.robot_supervisor]: Selected controllable event: EV_move_forward
[robot_supervisor-10] [INFO] [1777456324.191794767] [robot_1.robot_supervisor]: Selected controllable event: EV_move_forward
[robot_supervisor-13] [INFO] [1777456324.209878808] [robot_2.robot_supervisor]: Selected controllable event: EV_move_forward
[robot_supervisor-7] [INFO] [1777456324.227410174] [robot_0.robot_supervisor]: Selected controllable event: EV_move_forward
[robot_supervisor-16] [INFO] [1777456324.306169923] [robot_3.robot_supervisor]: Selected controllable event: EV_rotate_clockwise
[robot_supervisor-16] [INFO] [1777456324.306785925] [robot_3.robot_supervisor]: rotate_90 blocked by recent completion; stopping this tick
[robot_supervisor-19] [INFO] [1777456324.311829221] [robot_4.robot_supervisor]: Selected controllable event: EV_rotate_clockwise
[robot_supervisor-19] [INFO] [1777456324.312165788] [robot_4.robot_supervisor]: rotate_90 blocked by recent completion; stopping this tick
[image_processor-21] [INFO] [1777456324.321855140] [robot_0.image_processor]: Zone=CORNER  left[p=0.309 near=7650 v=7650]  front[p=0.408 near=13426 v=13500]  right[p=0.809 near=654 v=7740]
[robot_supervisor-7] [INFO] [1777456324.322608967] [robot_0.robot_supervisor]: Detected zone changed to CORNER
[image_processor-25] [INFO] [1777456324.336595315] [robot_4.image_processor]: Zone=LEFT
[image_processor-23] [INFO] [1777456324.344568760] [robot_2.image_processor]: Zone=CLEAR
[image_processor-22] [INFO] [1777456324.359257553] [robot_1.image_processor]: Zone=CLEAR
[image_processor-24] [INFO] [1777456324.372117422] [robot_3.image_processor]: Zone=CORNER  left[p=0.543 near=3439 v=6376]  front[p=0.593 near=11643 v=13500]  right[p=1.320 near=0 v=7740]
[robot_supervisor-16] [INFO] [1777456324.372597767] [robot_3.robot_supervisor]: Detected zone changed to CORNER
[robot_supervisor-16] [INFO] [1777456324.406214597] [robot_3.robot_supervisor]: Selected controllable event: EV_move_backward
[robot_supervisor-19] [INFO] [1777456324.411774200] [robot_4.robot_supervisor]: Selected controllable event: EV_rotate_clockwise
[robot_supervisor-19] [INFO] [1777456324.412129711] [robot_4.robot_supervisor]: rotate_90 blocked by recent completion; stopping this tick
[robot_supervisor-10] [INFO] [1777456324.492249280] [robot_1.robot_supervisor]: Selected controllable event: EV_move_forward
[robot_supervisor-13] [INFO] [1777456324.509613289] [robot_2.robot_supervisor]: Selected controllable event: EV_move_forward
[robot_supervisor-19] [INFO] [1777456324.511872727] [robot_4.robot_supervisor]: Selected controllable event: EV_rotate_clockwise
[robot_supervisor-7] [INFO] [1777456324.527506857] [robot_0.robot_supervisor]: Selected controllable event: EV_move_backward
[robot_supervisor-10] [INFO] [1777456324.792076308] [robot_1.robot_supervisor]: Selected controllable event: EV_move_forward
[robot_supervisor-16] [INFO] [1777456324.806111687] [robot_3.robot_supervisor]: Selected controllable event: EV_rotate_counterclockwise
[robot_supervisor-13] [INFO] [1777456324.809814375] [robot_2.robot_supervisor]: Selected controllable event: EV_move_forward
[robot_supervisor-7] [INFO] [1777456324.927467607] [robot_0.robot_supervisor]: Selected controllable event: EV_rotate_counterclockwise
[robot_supervisor-10] [INFO] [1777456325.092072629] [robot_1.robot_supervisor]: Selected controllable event: EV_move_forward
[robot_supervisor-13] [INFO] [1777456325.109899156] [robot_2.robot_supervisor]: Selected controllable event: EV_move_forward
[robot_supervisor-10] [INFO] [1777456325.391867726] [robot_1.robot_supervisor]: Selected controllable event: EV_move_forward
[robot_supervisor-13] [INFO] [1777456325.409896874] [robot_2.robot_supervisor]: Selected controllable event: EV_move_forward
[robot_supervisor-10] [INFO] [1777456325.692043046] [robot_1.robot_supervisor]: Selected controllable event: EV_move_forward
[robot_supervisor-13] [INFO] [1777456325.709859979] [robot_2.robot_supervisor]: Selected controllable event: EV_move_forward
[robot_supervisor-10] [INFO] [1777456325.992073632] [robot_1.robot_supervisor]: Selected controllable event: EV_move_forward
[robot_supervisor-13] [INFO] [1777456326.009748136] [robot_2.robot_supervisor]: Selected controllable event: EV_move_forward
[robot_supervisor-10] [INFO] [1777456326.292049196] [robot_1.robot_supervisor]: Selected controllable event: EV_move_forward
[robot_supervisor-13] [INFO] [1777456326.309882537] [robot_2.robot_supervisor]: Selected controllable event: EV_move_forward
[robot_supervisor-10] [INFO] [1777456326.592090354] [robot_1.robot_supervisor]: Selected controllable event: EV_move_forward
[robot_supervisor-13] [INFO] [1777456326.609879731] [robot_2.robot_supervisor]: Selected controllable event: EV_move_forward
[robot_supervisor-19] [INFO] [1777456326.711916558] [robot_4.robot_supervisor]: Selected controllable event: EV_rotate_clockwise
[robot_supervisor-19] [INFO] [1777456326.712402993] [robot_4.robot_supervisor]: rotate_90 blocked by recent completion; stopping this tick
[robot_supervisor-19] [INFO] [1777456326.811611408] [robot_4.robot_supervisor]: Selected controllable event: EV_rotate_clockwise
[robot_supervisor-19] [INFO] [1777456326.811891849] [robot_4.robot_supervisor]: rotate_90 blocked by recent completion; stopping this tick
[image_processor-21] [INFO] [1777456326.828886899] [robot_0.image_processor]: Zone=CLEAR  left[p=2.471 near=0 v=4880]  front[p=2.996 near=0 v=8501]  right[p=2.496 near=0 v=6625]
[robot_supervisor-7] [INFO] [1777456326.829381767] [robot_0.robot_supervisor]: Detected zone changed to CLEAR
[image_processor-25] [INFO] [1777456326.846938676] [robot_4.image_processor]: Zone=CLEAR  left[p=2.996 near=0 v=4867]  front[p=2.211 near=0 v=9447]  right[p=2.210 near=0 v=7364]
[robot_supervisor-19] [INFO] [1777456326.847862660] [robot_4.robot_supervisor]: Detected zone changed to CLEAR
[image_processor-23] [INFO] [1777456326.854205731] [robot_2.image_processor]: Zone=RIGHT  left[p=0.925 near=0 v=7650]  front[p=0.770 near=1869 v=13500]  right[p=0.553 near=7740 v=7740]
[robot_supervisor-13] [INFO] [1777456326.854670247] [robot_2.robot_supervisor]: Detected zone changed to RIGHT
[robot_supervisor-10] [INFO] [1777456326.892049025] [robot_1.robot_supervisor]: Selected controllable event: EV_move_forward
[image_processor-24] [INFO] [1777456326.893379807] [robot_3.image_processor]: Zone=CORNER
[robot_supervisor-16] [INFO] [1777456326.906190313] [robot_3.robot_supervisor]: Selected controllable event: EV_full_rotate
[robot_supervisor-16] [INFO] [1777456326.906540957] [robot_3.robot_supervisor]: Starting FULL ROTATE (omega=1.000, have_odom=True, target_rad=3.142, timeout_s=3.500)
[robot_supervisor-13] [INFO] [1777456326.909717954] [robot_2.robot_supervisor]: Selected controllable event: EV_rotate_counterclockwise
[robot_supervisor-19] [INFO] [1777456326.911846642] [robot_4.robot_supervisor]: Selected controllable event: EV_move_forward
[image_processor-22] [INFO] [1777456326.973349617] [robot_1.image_processor]: Zone=CLEAR
[robot_supervisor-16] [INFO] [1777456327.005989277] [robot_3.robot_supervisor]: FULL ROTATE active (accum_rad=0.000, timed_fallback=False, stall_count=0)
[robot_supervisor-7] [INFO] [1777456327.027575815] [robot_0.robot_supervisor]: Selected controllable event: EV_move_forward
[robot_supervisor-16] [INFO] [1777456327.105954713] [robot_3.robot_supervisor]: FULL ROTATE active (accum_rad=0.017, timed_fallback=False, stall_count=0)
[robot_supervisor-10] [INFO] [1777456327.191788373] [robot_1.robot_supervisor]: Selected controllable event: EV_move_forward
[robot_supervisor-16] [INFO] [1777456327.206029014] [robot_3.robot_supervisor]: FULL ROTATE active (accum_rad=0.056, timed_fallback=False, stall_count=0)
[robot_supervisor-19] [INFO] [1777456327.211681572] [robot_4.robot_supervisor]: Selected controllable event: EV_move_forward
[robot_supervisor-16] [INFO] [1777456327.305983288] [robot_3.robot_supervisor]: FULL ROTATE active (accum_rad=0.124, timed_fallback=False, stall_count=0)
[robot_supervisor-7] [INFO] [1777456327.327544418] [robot_0.robot_supervisor]: Selected controllable event: EV_move_forward
[robot_supervisor-16] [INFO] [1777456327.406168519] [robot_3.robot_supervisor]: FULL ROTATE active (accum_rad=0.220, timed_fallback=False, stall_count=0)
[robot_supervisor-10] [INFO] [1777456327.492067370] [robot_1.robot_supervisor]: Selected controllable event: EV_move_forward
[robot_supervisor-16] [INFO] [1777456327.506144093] [robot_3.robot_supervisor]: FULL ROTATE active (accum_rad=0.320, timed_fallback=False, stall_count=0)
[robot_supervisor-19] [INFO] [1777456327.511732605] [robot_4.robot_supervisor]: Selected controllable event: EV_move_forward
[robot_supervisor-16] [INFO] [1777456327.605956350] [robot_3.robot_supervisor]: FULL ROTATE active (accum_rad=0.420, timed_fallback=False, stall_count=0)
[robot_supervisor-7] [INFO] [1777456327.627648442] [robot_0.robot_supervisor]: Selected controllable event: EV_move_forward
[robot_supervisor-16] [INFO] [1777456327.705975815] [robot_3.robot_supervisor]: FULL ROTATE active (accum_rad=0.520, timed_fallback=False, stall_count=0)
[robot_supervisor-10] [INFO] [1777456327.792037772] [robot_1.robot_supervisor]: Selected controllable event: EV_move_forward
[robot_supervisor-16] [INFO] [1777456327.806135393] [robot_3.robot_supervisor]: FULL ROTATE active (accum_rad=0.620, timed_fallback=False, stall_count=0)
[robot_supervisor-19] [INFO] [1777456327.811767364] [robot_4.robot_supervisor]: Selected controllable event: EV_move_forward
[robot_supervisor-16] [INFO] [1777456327.906018615] [robot_3.robot_supervisor]: FULL ROTATE active (accum_rad=0.720, timed_fallback=False, stall_count=0)
[robot_supervisor-7] [INFO] [1777456327.927540386] [robot_0.robot_supervisor]: Selected controllable event: EV_move_forward
[robot_supervisor-16] [INFO] [1777456328.005835281] [robot_3.robot_supervisor]: FULL ROTATE active (accum_rad=0.820, timed_fallback=False, stall_count=0)
[robot_supervisor-10] [INFO] [1777456328.092493631] [robot_1.robot_supervisor]: Selected controllable event: EV_move_forward
[robot_supervisor-16] [INFO] [1777456328.106181564] [robot_3.robot_supervisor]: FULL ROTATE active (accum_rad=0.920, timed_fallback=False, stall_count=0)
[robot_supervisor-19] [INFO] [1777456328.111661372] [robot_4.robot_supervisor]: Selected controllable event: EV_move_forward
[robot_supervisor-16] [INFO] [1777456328.206108779] [robot_3.robot_supervisor]: FULL ROTATE active (accum_rad=1.020, timed_fallback=False, stall_count=0)
[robot_supervisor-7] [INFO] [1777456328.227673840] [robot_0.robot_supervisor]: Selected controllable event: EV_move_forward
[robot_supervisor-16] [INFO] [1777456328.305991819] [robot_3.robot_supervisor]: FULL ROTATE active (accum_rad=1.120, timed_fallback=False, stall_count=0)
[robot_supervisor-10] [INFO] [1777456328.392496076] [robot_1.robot_supervisor]: Selected controllable event: EV_move_forward
[robot_supervisor-16] [INFO] [1777456328.406128586] [robot_3.robot_supervisor]: FULL ROTATE active (accum_rad=1.220, timed_fallback=False, stall_count=0)
[robot_supervisor-19] [INFO] [1777456328.411705710] [robot_4.robot_supervisor]: Selected controllable event: EV_move_forward
[robot_supervisor-16] [INFO] [1777456328.506178635] [robot_3.robot_supervisor]: FULL ROTATE active (accum_rad=1.320, timed_fallback=False, stall_count=0)
[robot_supervisor-7] [INFO] [1777456328.527414314] [robot_0.robot_supervisor]: Selected controllable event: EV_move_forward
[robot_supervisor-16] [INFO] [1777456328.606054300] [robot_3.robot_supervisor]: FULL ROTATE active (accum_rad=1.420, timed_fallback=False, stall_count=0)
[robot_supervisor-10] [INFO] [1777456328.691797167] [robot_1.robot_supervisor]: Selected controllable event: EV_move_forward
[robot_supervisor-16] [INFO] [1777456328.705964831] [robot_3.robot_supervisor]: FULL ROTATE active (accum_rad=1.520, timed_fallback=False, stall_count=0)
[robot_supervisor-19] [INFO] [1777456328.711684124] [robot_4.robot_supervisor]: Selected controllable event: EV_move_forward
[robot_supervisor-16] [INFO] [1777456328.806274593] [robot_3.robot_supervisor]: FULL ROTATE active (accum_rad=1.620, timed_fallback=False, stall_count=0)
[robot_supervisor-7] [INFO] [1777456328.827615326] [robot_0.robot_supervisor]: Selected controllable event: EV_move_forward
[robot_supervisor-16] [INFO] [1777456328.906024730] [robot_3.robot_supervisor]: FULL ROTATE active (accum_rad=1.720, timed_fallback=False, stall_count=0)
[robot_supervisor-10] [INFO] [1777456328.992106083] [robot_1.robot_supervisor]: Selected controllable event: EV_move_forward
[robot_supervisor-16] [INFO] [1777456329.005885095] [robot_3.robot_supervisor]: FULL ROTATE active (accum_rad=1.820, timed_fallback=False, stall_count=0)
[robot_supervisor-19] [INFO] [1777456329.011457174] [robot_4.robot_supervisor]: Selected controllable event: EV_move_forward
[robot_supervisor-16] [INFO] [1777456329.106187478] [robot_3.robot_supervisor]: FULL ROTATE active (accum_rad=1.920, timed_fallback=False, stall_count=0)
[robot_supervisor-13] [INFO] [1777456329.109696989] [robot_2.robot_supervisor]: Selected controllable event: EV_rotate_counterclockwise
[robot_supervisor-13] [INFO] [1777456329.109878873] [robot_2.robot_supervisor]: rotate_90 blocked by recent completion; stopping this tick
[robot_supervisor-7] [INFO] [1777456329.127516261] [robot_0.robot_supervisor]: Selected controllable event: EV_move_forward
[robot_supervisor-16] [INFO] [1777456329.206024840] [robot_3.robot_supervisor]: FULL ROTATE active (accum_rad=2.020, timed_fallback=False, stall_count=0)
[robot_supervisor-13] [INFO] [1777456329.209621053] [robot_2.robot_supervisor]: Selected controllable event: EV_rotate_counterclockwise
[robot_supervisor-13] [INFO] [1777456329.209836682] [robot_2.robot_supervisor]: rotate_90 blocked by recent completion; stopping this tick
[robot_supervisor-10] [INFO] [1777456329.291764536] [robot_1.robot_supervisor]: Selected controllable event: EV_move_forward
[robot_supervisor-16] [INFO] [1777456329.305835828] [robot_3.robot_supervisor]: FULL ROTATE active (accum_rad=2.120, timed_fallback=False, stall_count=0)
[robot_supervisor-13] [INFO] [1777456329.309912852] [robot_2.robot_supervisor]: Selected controllable event: EV_rotate_counterclockwise
[robot_supervisor-19] [INFO] [1777456329.311577172] [robot_4.robot_supervisor]: Selected controllable event: EV_move_forward
[image_processor-21] [INFO] [1777456329.327345128] [robot_0.image_processor]: Zone=CLEAR
[image_processor-25] [INFO] [1777456329.339855614] [robot_4.image_processor]: Zone=CLEAR
[image_processor-23] [INFO] [1777456329.349793372] [robot_2.image_processor]: Zone=RIGHT
[image_processor-22] [INFO] [1777456329.362281154] [robot_1.image_processor]: Zone=CLEAR
[image_processor-24] [INFO] [1777456329.370220216] [robot_3.image_processor]: Zone=RIGHT  left[p=1.769 near=0 v=7650]  front[p=1.751 near=702 v=13500]  right[p=0.516 near=7740 v=7740]
[robot_supervisor-16] [INFO] [1777456329.370854519] [robot_3.robot_supervisor]: Detected zone changed to RIGHT
[robot_supervisor-16] [INFO] [1777456329.405935396] [robot_3.robot_supervisor]: FULL ROTATE active (accum_rad=2.220, timed_fallback=False, stall_count=0)
[robot_supervisor-7] [INFO] [1777456329.427492170] [robot_0.robot_supervisor]: Selected controllable event: EV_move_forward
[robot_supervisor-16] [INFO] [1777456329.505894337] [robot_3.robot_supervisor]: FULL ROTATE active (accum_rad=2.320, timed_fallback=False, stall_count=0)
[robot_supervisor-10] [INFO] [1777456329.592182473] [robot_1.robot_supervisor]: Selected controllable event: EV_move_forward
[robot_supervisor-16] [INFO] [1777456329.606374984] [robot_3.robot_supervisor]: FULL ROTATE active (accum_rad=2.420, timed_fallback=False, stall_count=0)
[robot_supervisor-19] [INFO] [1777456329.611956816] [robot_4.robot_supervisor]: Selected controllable event: EV_move_forward
[robot_supervisor-16] [INFO] [1777456329.706060849] [robot_3.robot_supervisor]: FULL ROTATE active (accum_rad=2.520, timed_fallback=False, stall_count=0)
[robot_supervisor-7] [INFO] [1777456329.727783014] [robot_0.robot_supervisor]: Selected controllable event: EV_move_forward
[robot_supervisor-16] [INFO] [1777456329.806032730] [robot_3.robot_supervisor]: FULL ROTATE active (accum_rad=2.620, timed_fallback=False, stall_count=0)
[robot_supervisor-10] [INFO] [1777456329.891853036] [robot_1.robot_supervisor]: Selected controllable event: EV_move_forward
[robot_supervisor-16] [INFO] [1777456329.906105118] [robot_3.robot_supervisor]: FULL ROTATE active (accum_rad=2.720, timed_fallback=False, stall_count=0)
[robot_supervisor-19] [INFO] [1777456329.911733487] [robot_4.robot_supervisor]: Selected controllable event: EV_move_forward
[robot_supervisor-16] [INFO] [1777456330.006389810] [robot_3.robot_supervisor]: FULL ROTATE active (accum_rad=2.820, timed_fallback=False, stall_count=0)
[robot_supervisor-7] [INFO] [1777456330.027499197] [robot_0.robot_supervisor]: Selected controllable event: EV_move_forward
[robot_supervisor-16] [INFO] [1777456330.105958775] [robot_3.robot_supervisor]: FULL ROTATE active (accum_rad=2.920, timed_fallback=False, stall_count=0)
[robot_supervisor-10] [INFO] [1777456330.192057988] [robot_1.robot_supervisor]: Selected controllable event: EV_move_forward
[robot_supervisor-16] [INFO] [1777456330.206413763] [robot_3.robot_supervisor]: FULL ROTATE active (accum_rad=3.020, timed_fallback=False, stall_count=0)
[robot_supervisor-19] [INFO] [1777456330.211500287] [robot_4.robot_supervisor]: Selected controllable event: EV_move_forward
[robot_supervisor-16] [INFO] [1777456330.305961461] [robot_3.robot_supervisor]: FULL ROTATE active (accum_rad=3.120, timed_fallback=False, stall_count=0)
[robot_supervisor-16] [INFO] [1777456330.306469193] [robot_3.robot_supervisor]: FULL ROTATE completed by odom (accum_rad=3.220)
[robot_supervisor-16] [INFO] [1777456330.306875543] [robot_3.robot_supervisor]: FULL ROTATE stopped; supervisor will select next event next tick
[robot_supervisor-7] [INFO] [1777456330.327250365] [robot_0.robot_supervisor]: Selected controllable event: EV_move_forward
[robot_supervisor-10] [INFO] [1777456330.492075673] [robot_1.robot_supervisor]: Selected controllable event: EV_move_forward
[robot_supervisor-19] [INFO] [1777456330.511628171] [robot_4.robot_supervisor]: Selected controllable event: EV_move_forward
[robot_supervisor-16] [INFO] [1777456330.606278022] [robot_3.robot_supervisor]: Selected controllable event: EV_rotate_counterclockwise
[robot_supervisor-7] [INFO] [1777456330.627526565] [robot_0.robot_supervisor]: Selected controllable event: EV_move_forward
[robot_supervisor-10] [INFO] [1777456330.791936144] [robot_1.robot_supervisor]: Selected controllable event: EV_move_forward
[robot_supervisor-19] [INFO] [1777456330.811497067] [robot_4.robot_supervisor]: Selected controllable event: EV_move_forward
[robot_supervisor-7] [INFO] [1777456330.927553446] [robot_0.robot_supervisor]: Selected controllable event: EV_move_forward
[robot_supervisor-10] [INFO] [1777456331.092066945] [robot_1.robot_supervisor]: Selected controllable event: EV_move_forward
[robot_supervisor-19] [INFO] [1777456331.111631536] [robot_4.robot_supervisor]: Selected controllable event: EV_move_forward
[robot_supervisor-7] [INFO] [1777456331.227485531] [robot_0.robot_supervisor]: Selected controllable event: EV_move_forward
[robot_supervisor-10] [INFO] [1777456331.392206979] [robot_1.robot_supervisor]: Selected controllable event: EV_move_forward
[robot_supervisor-13] [INFO] [1777456331.409860379] [robot_2.robot_supervisor]: Selected controllable event: EV_rotate_counterclockwise
[robot_supervisor-13] [INFO] [1777456331.410254195] [robot_2.robot_supervisor]: rotate_90 blocked by recent completion; stopping this tick
[robot_supervisor-19] [INFO] [1777456331.412004608] [robot_4.robot_supervisor]: Selected controllable event: EV_move_forward
[robot_supervisor-13] [INFO] [1777456331.509775936] [robot_2.robot_supervisor]: Selected controllable event: EV_rotate_counterclockwise
[robot_supervisor-13] [INFO] [1777456331.510345979] [robot_2.robot_supervisor]: rotate_90 blocked by recent completion; stopping this tick
[robot_supervisor-7] [INFO] [1777456331.527160726] [robot_0.robot_supervisor]: Selected controllable event: EV_move_forward
[robot_supervisor-13] [INFO] [1777456331.609655457] [robot_2.robot_supervisor]: Selected controllable event: EV_rotate_counterclockwise
[robot_supervisor-13] [INFO] [1777456331.609901599] [robot_2.robot_supervisor]: rotate_90 blocked by recent completion; stopping this tick
[robot_supervisor-10] [INFO] [1777456331.691859516] [robot_1.robot_supervisor]: Selected controllable event: EV_move_forward
[robot_supervisor-13] [INFO] [1777456331.709862608] [robot_2.robot_supervisor]: Selected controllable event: EV_rotate_counterclockwise
[robot_supervisor-19] [INFO] [1777456331.711913670] [robot_4.robot_supervisor]: Selected controllable event: EV_move_forward
[image_processor-21] [INFO] [1777456331.825030923] [robot_0.image_processor]: Zone=CLEAR
[robot_supervisor-7] [INFO] [1777456331.827152613] [robot_0.robot_supervisor]: Selected controllable event: EV_move_forward
[image_processor-25] [INFO] [1777456331.836706581] [robot_4.image_processor]: Zone=CLEAR
[image_processor-23] [INFO] [1777456331.855881034] [robot_2.image_processor]: Zone=CLEAR  left[p=3.241 near=0 v=5257]  front[p=2.599 near=0 v=8802]  right[p=2.990 near=0 v=6631]
[robot_supervisor-13] [INFO] [1777456331.856778044] [robot_2.robot_supervisor]: Detected zone changed to CLEAR
[image_processor-22] [INFO] [1777456331.869879781] [robot_1.image_processor]: Zone=CLEAR
[image_processor-24] [INFO] [1777456331.878656903] [robot_3.image_processor]: Zone=LEFT  left[p=0.503 near=7650 v=7650]  front[p=1.504 near=612 v=13500]  right[p=1.231 near=0 v=7740]
[robot_supervisor-16] [INFO] [1777456331.879408574] [robot_3.robot_supervisor]: Detected zone changed to LEFT
[robot_supervisor-10] [INFO] [1777456331.992172481] [robot_1.robot_supervisor]: Selected controllable event: EV_move_forward
[robot_supervisor-19] [INFO] [1777456332.011671602] [robot_4.robot_supervisor]: Selected controllable event: EV_move_forward
[robot_supervisor-7] [INFO] [1777456332.127486832] [robot_0.robot_supervisor]: Selected controllable event: EV_move_forward
[robot_supervisor-10] [INFO] [1777456332.292157151] [robot_1.robot_supervisor]: Selected controllable event: EV_move_forward
[robot_supervisor-19] [INFO] [1777456332.311456428] [robot_4.robot_supervisor]: Selected controllable event: EV_move_forward
[robot_supervisor-7] [INFO] [1777456332.427298859] [robot_0.robot_supervisor]: Selected controllable event: EV_move_forward
[robot_supervisor-10] [INFO] [1777456332.592117225] [robot_1.robot_supervisor]: Selected controllable event: EV_move_forward
[robot_supervisor-19] [INFO] [1777456332.611440164] [robot_4.robot_supervisor]: Selected controllable event: EV_move_forward
[robot_supervisor-7] [INFO] [1777456332.727462978] [robot_0.robot_supervisor]: Selected controllable event: EV_move_forward
[robot_supervisor-16] [INFO] [1777456332.806114395] [robot_3.robot_supervisor]: Selected controllable event: EV_rotate_clockwise
[robot_supervisor-16] [INFO] [1777456332.806700391] [robot_3.robot_supervisor]: rotate_90 blocked by recent completion; stopping this tick
[robot_supervisor-10] [INFO] [1777456332.891895996] [robot_1.robot_supervisor]: Selected controllable event: EV_move_forward
[robot_supervisor-16] [INFO] [1777456332.906031155] [robot_3.robot_supervisor]: Selected controllable event: EV_rotate_clockwise
[robot_supervisor-16] [INFO] [1777456332.906222465] [robot_3.robot_supervisor]: rotate_90 blocked by recent completion; stopping this tick
[robot_supervisor-19] [INFO] [1777456332.911938772] [robot_4.robot_supervisor]: Selected controllable event: EV_move_forward
[robot_supervisor-16] [INFO] [1777456333.005963811] [robot_3.robot_supervisor]: Selected controllable event: EV_rotate_clockwise
[robot_supervisor-7] [INFO] [1777456333.027476586] [robot_0.robot_supervisor]: Selected controllable event: EV_move_forward
[robot_supervisor-10] [INFO] [1777456333.192059680] [robot_1.robot_supervisor]: Selected controllable event: EV_move_forward
[robot_supervisor-19] [INFO] [1777456333.211574121] [robot_4.robot_supervisor]: Selected controllable event: EV_move_forward
[robot_supervisor-7] [INFO] [1777456333.327553464] [robot_0.robot_supervisor]: Selected controllable event: EV_move_forward
[robot_supervisor-10] [INFO] [1777456333.492180571] [robot_1.robot_supervisor]: Selected controllable event: EV_move_forward
[robot_supervisor-19] [INFO] [1777456333.511605952] [robot_4.robot_supervisor]: Selected controllable event: EV_move_forward
[robot_supervisor-7] [INFO] [1777456333.627444551] [robot_0.robot_supervisor]: Selected controllable event: EV_move_forward
[robot_supervisor-10] [INFO] [1777456333.791986724] [robot_1.robot_supervisor]: Selected controllable event: EV_move_forward
[robot_supervisor-13] [INFO] [1777456333.809742799] [robot_2.robot_supervisor]: Selected controllable event: EV_move_forward
[robot_supervisor-19] [INFO] [1777456333.811557086] [robot_4.robot_supervisor]: Selected controllable event: EV_move_forward
[robot_supervisor-7] [INFO] [1777456333.927433747] [robot_0.robot_supervisor]: Selected controllable event: EV_move_forward
[robot_supervisor-10] [INFO] [1777456334.092106875] [robot_1.robot_supervisor]: Selected controllable event: EV_move_forward
[robot_supervisor-13] [INFO] [1777456334.109871632] [robot_2.robot_supervisor]: Selected controllable event: EV_move_forward
[robot_supervisor-19] [INFO] [1777456334.111528603] [robot_4.robot_supervisor]: Selected controllable event: EV_move_forward
[robot_supervisor-7] [INFO] [1777456334.227527448] [robot_0.robot_supervisor]: Selected controllable event: EV_move_forward
[image_processor-21] [INFO] [1777456334.325135047] [robot_0.image_processor]: Zone=LEFT  left[p=0.453 near=990 v=5317]  front[p=3.241 near=0 v=9457]  right[p=3.532 near=0 v=6652]
[robot_supervisor-7] [INFO] [1777456334.326267266] [robot_0.robot_supervisor]: Detected zone changed to LEFT
[image_processor-25] [INFO] [1777456334.338067591] [robot_4.image_processor]: Zone=CLEAR
[image_processor-23] [INFO] [1777456334.349230011] [robot_2.image_processor]: Zone=LEFT  left[p=0.480 near=7650 v=7650]  front[p=0.640 near=6224 v=13031]  right[p=3.241 near=0 v=5868]
[robot_supervisor-13] [INFO] [1777456334.350070989] [robot_2.robot_supervisor]: Detected zone changed to LEFT
[image_processor-22] [INFO] [1777456334.363523044] [robot_1.image_processor]: Zone=CLEAR
[image_processor-24] [INFO] [1777456334.371989811] [robot_3.image_processor]: Zone=LEFT
[robot_supervisor-10] [INFO] [1777456334.392173218] [robot_1.robot_supervisor]: Selected controllable event: EV_move_forward
[robot_supervisor-13] [INFO] [1777456334.409700971] [robot_2.robot_supervisor]: Selected controllable event: EV_rotate_clockwise
[robot_supervisor-19] [INFO] [1777456334.411565411] [robot_4.robot_supervisor]: Selected controllable event: EV_move_forward
[robot_supervisor-7] [INFO] [1777456334.527422861] [robot_0.robot_supervisor]: Selected controllable event: EV_rotate_clockwise
[robot_supervisor-10] [INFO] [1777456334.692066773] [robot_1.robot_supervisor]: Selected controllable event: EV_move_forward
[robot_supervisor-19] [INFO] [1777456334.711716716] [robot_4.robot_supervisor]: Selected controllable event: EV_move_forward
[robot_supervisor-10] [INFO] [1777456334.992064630] [robot_1.robot_supervisor]: Selected controllable event: EV_move_forward
[robot_supervisor-19] [INFO] [1777456335.011914308] [robot_4.robot_supervisor]: Selected controllable event: EV_move_forward
[robot_supervisor-16] [INFO] [1777456335.106060159] [robot_3.robot_supervisor]: Selected controllable event: EV_rotate_clockwise
[robot_supervisor-16] [INFO] [1777456335.106460674] [robot_3.robot_supervisor]: rotate_90 blocked by recent completion; stopping this tick
[bump_counter-3] [INFO] [1777456335.129006788] [bump_counter]: [global] bump #1 (robot) with: robot_0<->robot_1
[robot_supervisor-16] [INFO] [1777456335.206043869] [robot_3.robot_supervisor]: Selected controllable event: EV_rotate_clockwise
[robot_supervisor-16] [INFO] [1777456335.206469749] [robot_3.robot_supervisor]: rotate_90 blocked by recent completion; stopping this tick
[robot_supervisor-10] [INFO] [1777456335.292010556] [robot_1.robot_supervisor]: Selected controllable event: EV_move_forward
[robot_supervisor-16] [INFO] [1777456335.306042410] [robot_3.robot_supervisor]: Selected controllable event: EV_rotate_clockwise
[robot_supervisor-16] [INFO] [1777456335.306411089] [robot_3.robot_supervisor]: rotate_90 blocked by recent completion; stopping this tick
[robot_supervisor-19] [INFO] [1777456335.311728575] [robot_4.robot_supervisor]: Selected controllable event: EV_move_forward
[robot_supervisor-16] [INFO] [1777456335.406374324] [robot_3.robot_supervisor]: Selected controllable event: EV_rotate_clockwise
[robot_supervisor-10] [INFO] [1777456335.592104511] [robot_1.robot_supervisor]: Selected controllable event: EV_move_forward
[robot_supervisor-19] [INFO] [1777456335.611956786] [robot_4.robot_supervisor]: Selected controllable event: EV_move_forward
[robot_supervisor-10] [INFO] [1777456335.891841274] [robot_1.robot_supervisor]: Selected controllable event: EV_move_forward
[robot_supervisor-19] [INFO] [1777456335.911620290] [robot_4.robot_supervisor]: Selected controllable event: EV_move_forward
[robot_supervisor-10] [INFO] [1777456336.192073190] [robot_1.robot_supervisor]: Selected controllable event: EV_move_forward
[robot_supervisor-19] [INFO] [1777456336.211439211] [robot_4.robot_supervisor]: Selected controllable event: EV_move_forward
[robot_supervisor-10] [INFO] [1777456336.492562380] [robot_1.robot_supervisor]: Selected controllable event: EV_move_forward
[robot_supervisor-13] [INFO] [1777456336.509959280] [robot_2.robot_supervisor]: Selected controllable event: EV_rotate_clockwise
[robot_supervisor-13] [INFO] [1777456336.510345847] [robot_2.robot_supervisor]: rotate_90 blocked by recent completion; stopping this tick
[robot_supervisor-19] [INFO] [1777456336.511691230] [robot_4.robot_supervisor]: Selected controllable event: EV_move_forward
[robot_supervisor-13] [INFO] [1777456336.609625979] [robot_2.robot_supervisor]: Selected controllable event: EV_rotate_clockwise
[robot_supervisor-13] [INFO] [1777456336.609794258] [robot_2.robot_supervisor]: rotate_90 blocked by recent completion; stopping this tick
[robot_supervisor-13] [INFO] [1777456336.709868242] [robot_2.robot_supervisor]: Selected controllable event: EV_rotate_clockwise
[robot_supervisor-13] [INFO] [1777456336.710228414] [robot_2.robot_supervisor]: rotate_90 blocked by recent completion; stopping this tick
[robot_supervisor-7] [INFO] [1777456336.727524884] [robot_0.robot_supervisor]: Selected controllable event: EV_rotate_clockwise
[robot_supervisor-7] [INFO] [1777456336.727902673] [robot_0.robot_supervisor]: rotate_90 blocked by recent completion; stopping this tick
[robot_supervisor-10] [INFO] [1777456336.792053635] [robot_1.robot_supervisor]: Selected controllable event: EV_move_forward
[robot_supervisor-13] [INFO] [1777456336.809652369] [robot_2.robot_supervisor]: Selected controllable event: EV_rotate_clockwise
[robot_supervisor-19] [INFO] [1777456336.811942876] [robot_4.robot_supervisor]: Selected controllable event: EV_move_forward
[image_processor-21] [INFO] [1777456336.824958929] [robot_0.image_processor]: Zone=RIGHT  left[p=2.105 near=0 v=7650]  front[p=2.059 near=0 v=13500]  right[p=0.692 near=4353 v=7740]
[robot_supervisor-7] [INFO] [1777456336.825774904] [robot_0.robot_supervisor]: Detected zone changed to RIGHT
[robot_supervisor-7] [INFO] [1777456336.827348435] [robot_0.robot_supervisor]: Selected controllable event: EV_rotate_counterclockwise
[robot_supervisor-7] [INFO] [1777456336.827523066] [robot_0.robot_supervisor]: rotate_90 blocked by recent completion; stopping this tick
[image_processor-25] [INFO] [1777456336.839207577] [robot_4.image_processor]: Zone=CLEAR
[image_processor-23] [INFO] [1777456336.857166573] [robot_2.image_processor]: Zone=LEFT
[image_processor-22] [INFO] [1777456336.871008127] [robot_1.image_processor]: Zone=CLEAR
[image_processor-24] [INFO] [1777456336.878863495] [robot_3.image_processor]: Zone=RIGHT  left[p=1.788 near=0 v=7650]  front[p=1.744 near=1101 v=13500]  right[p=0.511 near=7740 v=7740]
[robot_supervisor-16] [INFO] [1777456336.879345472] [robot_3.robot_supervisor]: Detected zone changed to RIGHT
[robot_supervisor-7] [INFO] [1777456336.927556823] [robot_0.robot_supervisor]: Selected controllable event: EV_rotate_counterclockwise
[robot_supervisor-10] [INFO] [1777456337.092136440] [robot_1.robot_supervisor]: Selected controllable event: EV_move_forward
[robot_supervisor-19] [INFO] [1777456337.111565270] [robot_4.robot_supervisor]: Selected controllable event: EV_move_forward
[robot_supervisor-10] [INFO] [1777456337.392158375] [robot_1.robot_supervisor]: Selected controllable event: EV_move_forward
[robot_supervisor-19] [INFO] [1777456337.411537806] [robot_4.robot_supervisor]: Selected controllable event: EV_move_forward
[robot_supervisor-16] [INFO] [1777456337.506366773] [robot_3.robot_supervisor]: Selected controllable event: EV_rotate_counterclockwise
[robot_supervisor-16] [INFO] [1777456337.506787751] [robot_3.robot_supervisor]: rotate_90 blocked by recent completion; stopping this tick
[robot_supervisor-16] [INFO] [1777456337.606097175] [robot_3.robot_supervisor]: Selected controllable event: EV_rotate_counterclockwise
[robot_supervisor-16] [INFO] [1777456337.606724213] [robot_3.robot_supervisor]: rotate_90 blocked by recent completion; stopping this tick
[robot_supervisor-10] [INFO] [1777456337.692222578] [robot_1.robot_supervisor]: Selected controllable event: EV_move_forward
[robot_supervisor-16] [INFO] [1777456337.706095927] [robot_3.robot_supervisor]: Selected controllable event: EV_rotate_counterclockwise
[robot_supervisor-16] [INFO] [1777456337.706607441] [robot_3.robot_supervisor]: rotate_90 blocked by recent completion; stopping this tick
[robot_supervisor-19] [INFO] [1777456337.711911817] [robot_4.robot_supervisor]: Selected controllable event: EV_move_forward
[robot_supervisor-16] [INFO] [1777456337.805997884] [robot_3.robot_supervisor]: Selected controllable event: EV_rotate_counterclockwise
[robot_supervisor-10] [INFO] [1777456337.992035995] [robot_1.robot_supervisor]: Selected controllable event: EV_move_forward
[robot_supervisor-19] [INFO] [1777456338.011602944] [robot_4.robot_supervisor]: Selected controllable event: EV_move_forward
[robot_supervisor-10] [INFO] [1777456338.292059190] [robot_1.robot_supervisor]: Selected controllable event: EV_move_forward
[robot_supervisor-19] [INFO] [1777456338.312002091] [robot_4.robot_supervisor]: Selected controllable event: EV_move_forward
[robot_supervisor-10] [INFO] [1777456338.592324166] [robot_1.robot_supervisor]: Selected controllable event: EV_move_forward
[robot_supervisor-19] [INFO] [1777456338.611702154] [robot_4.robot_supervisor]: Selected controllable event: EV_move_forward
[robot_supervisor-10] [INFO] [1777456338.891866706] [robot_1.robot_supervisor]: Selected controllable event: EV_move_forward
[robot_supervisor-13] [INFO] [1777456338.910050850] [robot_2.robot_supervisor]: Selected controllable event: EV_rotate_clockwise
[robot_supervisor-13] [INFO] [1777456338.910542396] [robot_2.robot_supervisor]: rotate_90 blocked by recent completion; stopping this tick
[robot_supervisor-19] [INFO] [1777456338.911453112] [robot_4.robot_supervisor]: Selected controllable event: EV_move_forward
[robot_supervisor-13] [INFO] [1777456339.010054888] [robot_2.robot_supervisor]: Selected controllable event: EV_rotate_clockwise
[robot_supervisor-13] [INFO] [1777456339.010532892] [robot_2.robot_supervisor]: rotate_90 blocked by recent completion; stopping this tick
[robot_supervisor-7] [INFO] [1777456339.027526166] [robot_0.robot_supervisor]: Selected controllable event: EV_rotate_counterclockwise
[robot_supervisor-7] [INFO] [1777456339.027916447] [robot_0.robot_supervisor]: rotate_90 blocked by recent completion; stopping this tick
[robot_supervisor-13] [INFO] [1777456339.109855881] [robot_2.robot_supervisor]: Selected controllable event: EV_rotate_clockwise
[robot_supervisor-13] [INFO] [1777456339.110224293] [robot_2.robot_supervisor]: rotate_90 blocked by recent completion; stopping this tick
[robot_supervisor-7] [INFO] [1777456339.127493807] [robot_0.robot_supervisor]: Selected controllable event: EV_rotate_counterclockwise
[robot_supervisor-7] [INFO] [1777456339.127972423] [robot_0.robot_supervisor]: rotate_90 blocked by recent completion; stopping this tick
[robot_supervisor-10] [INFO] [1777456339.191820932] [robot_1.robot_supervisor]: Selected controllable event: EV_move_forward
[robot_supervisor-13] [INFO] [1777456339.209870540] [robot_2.robot_supervisor]: Selected controllable event: EV_rotate_clockwise
[robot_supervisor-19] [INFO] [1777456339.212020868] [robot_4.robot_supervisor]: Selected controllable event: EV_move_forward
[robot_supervisor-7] [INFO] [1777456339.227480644] [robot_0.robot_supervisor]: Selected controllable event: EV_rotate_counterclockwise
[robot_supervisor-7] [INFO] [1777456339.227853511] [robot_0.robot_supervisor]: rotate_90 blocked by recent completion; stopping this tick
[image_processor-21] [INFO] [1777456339.324925965] [robot_0.image_processor]: Zone=RIGHT
[robot_supervisor-7] [INFO] [1777456339.327204803] [robot_0.robot_supervisor]: Selected controllable event: EV_rotate_counterclockwise
[image_processor-25] [INFO] [1777456339.336207347] [robot_4.image_processor]: Zone=CLEAR
[image_processor-23] [INFO] [1777456339.344235179] [robot_2.image_processor]: Zone=CLEAR  left[p=3.233 near=0 v=7650]  front[p=2.645 near=0 v=13500]  right[p=2.360 near=0 v=7740]
[robot_supervisor-13] [INFO] [1777456339.344930320] [robot_2.robot_supervisor]: Detected zone changed to CLEAR
[image_processor-22] [INFO] [1777456339.355141164] [robot_1.image_processor]: Zone=CLEAR
[image_processor-24] [INFO] [1777456339.363579334] [robot_3.image_processor]: Zone=RIGHT
[robot_supervisor-10] [INFO] [1777456339.492189076] [robot_1.robot_supervisor]: Selected controllable event: EV_move_forward
[robot_supervisor-19] [INFO] [1777456339.511579905] [robot_4.robot_supervisor]: Selected controllable event: EV_move_forward
[robot_supervisor-10] [INFO] [1777456339.791835365] [robot_1.robot_supervisor]: Selected controllable event: EV_move_forward
[robot_supervisor-19] [INFO] [1777456339.811691550] [robot_4.robot_supervisor]: Selected controllable event: EV_move_forward
[robot_supervisor-16] [INFO] [1777456339.906173965] [robot_3.robot_supervisor]: Selected controllable event: EV_rotate_counterclockwise
[robot_supervisor-16] [INFO] [1777456339.906693698] [robot_3.robot_supervisor]: rotate_90 blocked by recent completion; stopping this tick
[robot_supervisor-16] [INFO] [1777456340.006217773] [robot_3.robot_supervisor]: Selected controllable event: EV_rotate_counterclockwise
[robot_supervisor-16] [INFO] [1777456340.006673827] [robot_3.robot_supervisor]: rotate_90 blocked by recent completion; stopping this tick
[robot_supervisor-10] [INFO] [1777456340.092047932] [robot_1.robot_supervisor]: Selected controllable event: EV_move_forward
[robot_supervisor-16] [INFO] [1777456340.106071344] [robot_3.robot_supervisor]: Selected controllable event: EV_rotate_counterclockwise
[robot_supervisor-16] [INFO] [1777456340.106450353] [robot_3.robot_supervisor]: rotate_90 blocked by recent completion; stopping this tick
[robot_supervisor-19] [INFO] [1777456340.111713661] [robot_4.robot_supervisor]: Selected controllable event: EV_move_forward
[robot_supervisor-16] [INFO] [1777456340.206118406] [robot_3.robot_supervisor]: Selected controllable event: EV_rotate_counterclockwise
[robot_supervisor-10] [INFO] [1777456340.392214767] [robot_1.robot_supervisor]: Selected controllable event: EV_move_forward
[robot_supervisor-19] [INFO] [1777456340.411707219] [robot_4.robot_supervisor]: Selected controllable event: EV_move_forward
[robot_supervisor-10] [INFO] [1777456340.691856701] [robot_1.robot_supervisor]: Selected controllable event: EV_move_forward
[robot_supervisor-19] [INFO] [1777456340.711781641] [robot_4.robot_supervisor]: Selected controllable event: EV_move_forward
[robot_supervisor-10] [INFO] [1777456340.992057979] [robot_1.robot_supervisor]: Selected controllable event: EV_move_forward
[robot_supervisor-19] [INFO] [1777456341.011661734] [robot_4.robot_supervisor]: Selected controllable event: EV_move_forward
[robot_supervisor-10] [INFO] [1777456341.292081843] [robot_1.robot_supervisor]: Selected controllable event: EV_move_forward
[robot_supervisor-13] [INFO] [1777456341.309869633] [robot_2.robot_supervisor]: Selected controllable event: EV_move_forward
[robot_supervisor-19] [INFO] [1777456341.311461523] [robot_4.robot_supervisor]: Selected controllable event: EV_move_forward
[robot_supervisor-7] [INFO] [1777456341.527555512] [robot_0.robot_supervisor]: Selected controllable event: EV_rotate_counterclockwise
[robot_supervisor-7] [INFO] [1777456341.527955627] [robot_0.robot_supervisor]: rotate_90 blocked by recent completion; stopping this tick
[robot_supervisor-10] [INFO] [1777456341.592102478] [robot_1.robot_supervisor]: Selected controllable event: EV_move_forward
[robot_supervisor-13] [INFO] [1777456341.609676084] [robot_2.robot_supervisor]: Selected controllable event: EV_move_forward
[robot_supervisor-19] [INFO] [1777456341.611685669] [robot_4.robot_supervisor]: Selected controllable event: EV_move_forward
[robot_supervisor-7] [INFO] [1777456341.627408015] [robot_0.robot_supervisor]: Selected controllable event: EV_rotate_counterclockwise
[robot_supervisor-7] [INFO] [1777456341.627768175] [robot_0.robot_supervisor]: rotate_90 blocked by recent completion; stopping this tick
[robot_supervisor-7] [INFO] [1777456341.727530638] [robot_0.robot_supervisor]: Selected controllable event: EV_rotate_counterclockwise
[image_processor-21] [INFO] [1777456341.823008621] [robot_0.image_processor]: Zone=RIGHT
[image_processor-25] [INFO] [1777456341.832475861] [robot_4.image_processor]: Zone=CLEAR
[image_processor-23] [INFO] [1777456341.841232272] [robot_2.image_processor]: Zone=CORNER  left[p=0.871 near=0 v=7650]  front[p=0.580 near=3882 v=13500]  right[p=0.417 near=7740 v=7740]
[robot_supervisor-13] [INFO] [1777456341.841966498] [robot_2.robot_supervisor]: Detected zone changed to CORNER
[image_processor-22] [INFO] [1777456341.852693820] [robot_1.image_processor]: Zone=RIGHT  left[p=1.057 near=0 v=7650]  front[p=2.144 near=0 v=13485]  right[p=0.391 near=5895 v=7740]
[robot_supervisor-10] [INFO] [1777456341.853385026] [robot_1.robot_supervisor]: Detected zone changed to RIGHT
[image_processor-24] [INFO] [1777456341.863003154] [robot_3.image_processor]: Zone=CORNER  left[p=0.482 near=7650 v=7650]  front[p=0.619 near=7076 v=13500]  right[p=1.221 near=0 v=7740]
[robot_supervisor-16] [INFO] [1777456341.863457150] [robot_3.robot_supervisor]: Detected zone changed to CORNER
[robot_supervisor-10] [INFO] [1777456341.892130907] [robot_1.robot_supervisor]: Selected controllable event: EV_rotate_counterclockwise
[robot_supervisor-13] [INFO] [1777456341.909891495] [robot_2.robot_supervisor]: Selected controllable event: EV_move_backward
[robot_supervisor-19] [INFO] [1777456341.911452650] [robot_4.robot_supervisor]: Selected controllable event: EV_move_forward
[robot_supervisor-19] [INFO] [1777456342.211650902] [robot_4.robot_supervisor]: Selected controllable event: EV_move_forward
[robot_supervisor-16] [INFO] [1777456342.306260815] [robot_3.robot_supervisor]: Selected controllable event: EV_move_backward
[robot_supervisor-13] [INFO] [1777456342.310124886] [robot_2.robot_supervisor]: Selected controllable event: EV_rotate_counterclockwise
[robot_supervisor-19] [INFO] [1777456342.511593629] [robot_4.robot_supervisor]: Selected controllable event: EV_move_forward
[robot_supervisor-16] [INFO] [1777456342.706266468] [robot_3.robot_supervisor]: Selected controllable event: EV_rotate_counterclockwise
[robot_supervisor-19] [INFO] [1777456342.811772217] [robot_4.robot_supervisor]: Selected controllable event: EV_move_forward
[robot_supervisor-19] [INFO] [1777456343.111706376] [robot_4.robot_supervisor]: Selected controllable event: EV_move_forward
[robot_supervisor-19] [INFO] [1777456343.411649486] [robot_4.robot_supervisor]: Selected controllable event: EV_move_forward
[robot_supervisor-19] [INFO] [1777456343.711462727] [robot_4.robot_supervisor]: Selected controllable event: EV_move_forward
[robot_supervisor-7] [INFO] [1777456343.827546657] [robot_0.robot_supervisor]: Selected controllable event: EV_rotate_counterclockwise
[robot_supervisor-7] [INFO] [1777456343.827949542] [robot_0.robot_supervisor]: rotate_90 blocked by recent completion; stopping this tick
[robot_supervisor-7] [INFO] [1777456343.927661778] [robot_0.robot_supervisor]: Selected controllable event: EV_rotate_counterclockwise
[robot_supervisor-7] [INFO] [1777456343.928148025] [robot_0.robot_supervisor]: rotate_90 blocked by recent completion; stopping this tick
[robot_supervisor-10] [INFO] [1777456343.992046649] [robot_1.robot_supervisor]: Selected controllable event: EV_rotate_counterclockwise
[robot_supervisor-10] [INFO] [1777456343.992426831] [robot_1.robot_supervisor]: rotate_90 blocked by recent completion; stopping this tick
[robot_supervisor-19] [INFO] [1777456344.011502220] [robot_4.robot_supervisor]: Selected controllable event: EV_move_forward
[robot_supervisor-7] [INFO] [1777456344.027456059] [robot_0.robot_supervisor]: Selected controllable event: EV_rotate_counterclockwise
[robot_supervisor-7] [INFO] [1777456344.027829315] [robot_0.robot_supervisor]: rotate_90 blocked by recent completion; stopping this tick
[robot_supervisor-10] [INFO] [1777456344.091848989] [robot_1.robot_supervisor]: Selected controllable event: EV_rotate_counterclockwise
[robot_supervisor-10] [INFO] [1777456344.092041005] [robot_1.robot_supervisor]: rotate_90 blocked by recent completion; stopping this tick
[robot_supervisor-7] [INFO] [1777456344.127426769] [robot_0.robot_supervisor]: Selected controllable event: EV_rotate_counterclockwise
[robot_supervisor-10] [INFO] [1777456344.192076343] [robot_1.robot_supervisor]: Selected controllable event: EV_rotate_counterclockwise
[robot_supervisor-10] [INFO] [1777456344.192445606] [robot_1.robot_supervisor]: rotate_90 blocked by recent completion; stopping this tick
[robot_supervisor-10] [INFO] [1777456344.292053117] [robot_1.robot_supervisor]: Selected controllable event: EV_rotate_counterclockwise
[robot_supervisor-19] [INFO] [1777456344.311469315] [robot_4.robot_supervisor]: Selected controllable event: EV_move_forward
[image_processor-21] [INFO] [1777456344.322050858] [robot_0.image_processor]: Zone=CORNER  left[p=0.590 near=7650 v=7650]  front[p=0.743 near=3275 v=13500]  right[p=2.539 near=0 v=7740]
[robot_supervisor-7] [INFO] [1777456344.323094253] [robot_0.robot_supervisor]: Detected zone changed to CORNER
[image_processor-25] [INFO] [1777456344.330081616] [robot_4.image_processor]: Zone=CLEAR
[image_processor-23] [INFO] [1777456344.338117613] [robot_2.image_processor]: Zone=CLEAR  left[p=3.167 near=0 v=7650]  front[p=2.624 near=0 v=13500]  right[p=1.009 near=0 v=7740]
[robot_supervisor-13] [INFO] [1777456344.338912690] [robot_2.robot_supervisor]: Detected zone changed to CLEAR
[image_processor-22] [INFO] [1777456344.346952784] [robot_1.image_processor]: Zone=RIGHT
[image_processor-24] [INFO] [1777456344.367369318] [robot_3.image_processor]: Zone=LEFT  left[p=0.589 near=5620 v=7650]  front[p=1.006 near=0 v=7437]  right[p=3.243 near=0 v=5360]
[robot_supervisor-16] [INFO] [1777456344.367998491] [robot_3.robot_supervisor]: Detected zone changed to LEFT
[robot_supervisor-13] [INFO] [1777456344.409866274] [robot_2.robot_supervisor]: Selected controllable event: EV_move_forward
[robot_supervisor-19] [INFO] [1777456344.612021182] [robot_4.robot_supervisor]: Selected controllable event: EV_move_forward
[robot_supervisor-13] [INFO] [1777456344.709848753] [robot_2.robot_supervisor]: Selected controllable event: EV_move_forward
[robot_supervisor-16] [INFO] [1777456344.906094710] [robot_3.robot_supervisor]: Selected controllable event: EV_rotate_clockwise
[robot_supervisor-16] [INFO] [1777456344.906472996] [robot_3.robot_supervisor]: rotate_90 blocked by recent completion; stopping this tick
[robot_supervisor-19] [INFO] [1777456344.911846132] [robot_4.robot_supervisor]: Selected controllable event: EV_move_forward
[robot_supervisor-16] [INFO] [1777456345.006033116] [robot_3.robot_supervisor]: Selected controllable event: EV_rotate_clockwise
[robot_supervisor-16] [INFO] [1777456345.006410683] [robot_3.robot_supervisor]: rotate_90 blocked by recent completion; stopping this tick
[robot_supervisor-13] [INFO] [1777456345.009857963] [robot_2.robot_supervisor]: Selected controllable event: EV_move_forward
[robot_supervisor-16] [INFO] [1777456345.106078118] [robot_3.robot_supervisor]: Selected controllable event: EV_rotate_clockwise
[robot_supervisor-19] [INFO] [1777456345.211721071] [robot_4.robot_supervisor]: Selected controllable event: EV_move_forward
[robot_supervisor-13] [INFO] [1777456345.309914069] [robot_2.robot_supervisor]: Selected controllable event: EV_move_forward
[robot_supervisor-19] [INFO] [1777456345.512012039] [robot_4.robot_supervisor]: Selected controllable event: EV_move_forward
[robot_supervisor-13] [INFO] [1777456345.609884881] [robot_2.robot_supervisor]: Selected controllable event: EV_move_forward
[robot_supervisor-19] [INFO] [1777456345.811450347] [robot_4.robot_supervisor]: Selected controllable event: EV_move_forward
[robot_supervisor-13] [INFO] [1777456345.909905512] [robot_2.robot_supervisor]: Selected controllable event: EV_move_forward
[robot_supervisor-19] [INFO] [1777456346.111762534] [robot_4.robot_supervisor]: Selected controllable event: EV_move_forward
[robot_supervisor-13] [INFO] [1777456346.209853412] [robot_2.robot_supervisor]: Selected controllable event: EV_move_forward
[robot_supervisor-7] [INFO] [1777456346.227285619] [robot_0.robot_supervisor]: Selected controllable event: EV_move_backward
[robot_supervisor-10] [INFO] [1777456346.392414856] [robot_1.robot_supervisor]: Selected controllable event: EV_rotate_counterclockwise
[robot_supervisor-10] [INFO] [1777456346.392907106] [robot_1.robot_supervisor]: rotate_90 blocked by recent completion; stopping this tick
[robot_supervisor-19] [INFO] [1777456346.411703347] [robot_4.robot_supervisor]: Selected controllable event: EV_move_forward
[robot_supervisor-10] [INFO] [1777456346.492407855] [robot_1.robot_supervisor]: Selected controllable event: EV_rotate_counterclockwise
[robot_supervisor-10] [INFO] [1777456346.492879648] [robot_1.robot_supervisor]: rotate_90 blocked by recent completion; stopping this tick
[robot_supervisor-13] [INFO] [1777456346.509931193] [robot_2.robot_supervisor]: Selected controllable event: EV_move_forward
[robot_supervisor-10] [INFO] [1777456346.592228775] [robot_1.robot_supervisor]: Selected controllable event: EV_rotate_counterclockwise
[robot_supervisor-10] [INFO] [1777456346.592705699] [robot_1.robot_supervisor]: rotate_90 blocked by recent completion; stopping this tick
[robot_supervisor-7] [INFO] [1777456346.627508159] [robot_0.robot_supervisor]: Selected controllable event: EV_rotate_counterclockwise
[robot_supervisor-10] [INFO] [1777456346.691936403] [robot_1.robot_supervisor]: Selected controllable event: EV_rotate_counterclockwise
[robot_supervisor-19] [INFO] [1777456346.711560306] [robot_4.robot_supervisor]: Selected controllable event: EV_move_forward
[robot_supervisor-13] [INFO] [1777456346.809945289] [robot_2.robot_supervisor]: Selected controllable event: EV_move_forward
[image_processor-21] [INFO] [1777456346.826122096] [robot_0.image_processor]: Zone=RIGHT  left[p=2.474 near=4 v=7417]  front[p=1.976 near=1242 v=13500]  right[p=0.652 near=4692 v=7740]
[robot_supervisor-7] [INFO] [1777456346.826751041] [robot_0.robot_supervisor]: Detected zone changed to RIGHT
[image_processor-25] [INFO] [1777456346.832673033] [robot_4.image_processor]: Zone=RIGHT  left[p=1.584 near=0 v=7354]  front[p=0.851 near=637 v=13364]  right[p=0.578 near=7536 v=7740]
[robot_supervisor-19] [INFO] [1777456346.833203724] [robot_4.robot_supervisor]: Detected zone changed to RIGHT
[image_processor-23] [INFO] [1777456346.841907783] [robot_2.image_processor]: Zone=CLEAR
[image_processor-22] [INFO] [1777456346.859045763] [robot_1.image_processor]: Zone=CLEAR  left[p=2.144 near=612 v=6507]  front[p=2.746 near=0 v=8907]  right[p=2.953 near=0 v=5752]
[robot_supervisor-10] [INFO] [1777456346.859622341] [robot_1.robot_supervisor]: Detected zone changed to CLEAR
[image_processor-24] [INFO] [1777456346.867099655] [robot_3.image_processor]: Zone=CORNER  left[p=2.996 near=0 v=5053]  front[p=0.602 near=10614 v=12409]  right[p=0.604 near=4759 v=7740]
[robot_supervisor-16] [INFO] [1777456346.868086385] [robot_3.robot_supervisor]: Detected zone changed to CORNER
[robot_supervisor-19] [INFO] [1777456347.011605203] [robot_4.robot_supervisor]: Selected controllable event: EV_rotate_counterclockwise
[robot_supervisor-13] [INFO] [1777456347.109890696] [robot_2.robot_supervisor]: Selected controllable event: EV_move_forward
[robot_supervisor-16] [INFO] [1777456347.306184196] [robot_3.robot_supervisor]: Selected controllable event: EV_move_backward
[robot_supervisor-13] [INFO] [1777456347.409821559] [robot_2.robot_supervisor]: Selected controllable event: EV_move_forward
[robot_supervisor-16] [INFO] [1777456347.706067583] [robot_3.robot_supervisor]: Selected controllable event: EV_rotate_counterclockwise
[robot_supervisor-13] [INFO] [1777456347.710157587] [robot_2.robot_supervisor]: Selected controllable event: EV_move_forward
[robot_supervisor-13] [INFO] [1777456348.010120040] [robot_2.robot_supervisor]: Selected controllable event: EV_move_forward
[robot_supervisor-13] [INFO] [1777456348.309847600] [robot_2.robot_supervisor]: Selected controllable event: EV_move_forward
[robot_supervisor-13] [INFO] [1777456348.609846813] [robot_2.robot_supervisor]: Selected controllable event: EV_move_forward
[robot_supervisor-10] [INFO] [1777456348.791866863] [robot_1.robot_supervisor]: Selected controllable event: EV_move_forward
[robot_supervisor-7] [INFO] [1777456348.827296023] [robot_0.robot_supervisor]: Selected controllable event: EV_rotate_counterclockwise
[robot_supervisor-7] [INFO] [1777456348.827501473] [robot_0.robot_supervisor]: rotate_90 blocked by recent completion; stopping this tick
[robot_supervisor-13] [INFO] [1777456348.909868321] [robot_2.robot_supervisor]: Selected controllable event: EV_move_forward
[robot_supervisor-7] [INFO] [1777456348.927391842] [robot_0.robot_supervisor]: Selected controllable event: EV_rotate_counterclockwise
[robot_supervisor-7] [INFO] [1777456348.927678385] [robot_0.robot_supervisor]: rotate_90 blocked by recent completion; stopping this tick
[robot_supervisor-7] [INFO] [1777456349.027430224] [robot_0.robot_supervisor]: Selected controllable event: EV_rotate_counterclockwise
[robot_supervisor-10] [INFO] [1777456349.091795436] [robot_1.robot_supervisor]: Selected controllable event: EV_move_forward
[robot_supervisor-19] [INFO] [1777456349.112649895] [robot_4.robot_supervisor]: Selected controllable event: EV_rotate_counterclockwise
[robot_supervisor-19] [INFO] [1777456349.113268345] [robot_4.robot_supervisor]: rotate_90 blocked by recent completion; stopping this tick
[robot_supervisor-13] [INFO] [1777456349.209780325] [robot_2.robot_supervisor]: Selected controllable event: EV_move_forward
[robot_supervisor-19] [INFO] [1777456349.211674580] [robot_4.robot_supervisor]: Selected controllable event: EV_rotate_counterclockwise
[robot_supervisor-19] [INFO] [1777456349.212019933] [robot_4.robot_supervisor]: rotate_90 blocked by recent completion; stopping this tick
[robot_supervisor-19] [INFO] [1777456349.311719691] [robot_4.robot_supervisor]: Selected controllable event: EV_rotate_counterclockwise
[robot_supervisor-19] [INFO] [1777456349.312100333] [robot_4.robot_supervisor]: rotate_90 blocked by recent completion; stopping this tick
[image_processor-21] [INFO] [1777456349.323043459] [robot_0.image_processor]: Zone=RIGHT
[image_processor-25] [INFO] [1777456349.343908096] [robot_4.image_processor]: Zone=RIGHT
[image_processor-23] [INFO] [1777456349.352744969] [robot_2.image_processor]: Zone=CLEAR
[image_processor-22] [INFO] [1777456349.363361479] [robot_1.image_processor]: Zone=CORNER  left[p=0.366 near=7650 v=7650]  front[p=0.583 near=5095 v=13493]  right[p=3.193 near=0 v=6756]
[robot_supervisor-10] [INFO] [1777456349.364042813] [robot_1.robot_supervisor]: Detected zone changed to CORNER
[image_processor-24] [INFO] [1777456349.381948122] [robot_3.image_processor]: Zone=LEFT  left[p=0.593 near=5496 v=7650]  front[p=1.017 near=0 v=7358]  right[p=3.243 near=0 v=5369]
[robot_supervisor-16] [INFO] [1777456349.382713670] [robot_3.robot_supervisor]: Detected zone changed to LEFT
[robot_supervisor-10] [INFO] [1777456349.392421775] [robot_1.robot_supervisor]: Selected controllable event: EV_move_backward
[robot_supervisor-19] [INFO] [1777456349.411517595] [robot_4.robot_supervisor]: Selected controllable event: EV_rotate_counterclockwise
[robot_supervisor-13] [INFO] [1777456349.510109176] [robot_2.robot_supervisor]: Selected controllable event: EV_move_forward
[robot_supervisor-10] [INFO] [1777456349.792503386] [robot_1.robot_supervisor]: Selected controllable event: EV_rotate_counterclockwise
[robot_supervisor-13] [INFO] [1777456349.809872599] [robot_2.robot_supervisor]: Selected controllable event: EV_move_forward
[robot_supervisor-16] [INFO] [1777456349.905937042] [robot_3.robot_supervisor]: Selected controllable event: EV_rotate_clockwise
[robot_supervisor-16] [INFO] [1777456349.906213828] [robot_3.robot_supervisor]: rotate_90 blocked by recent completion; stopping this tick
[robot_supervisor-16] [INFO] [1777456350.006158499] [robot_3.robot_supervisor]: Selected controllable event: EV_rotate_clockwise
[robot_supervisor-16] [INFO] [1777456350.006645401] [robot_3.robot_supervisor]: rotate_90 blocked by recent completion; stopping this tick
[robot_supervisor-16] [INFO] [1777456350.105979763] [robot_3.robot_supervisor]: Selected controllable event: EV_rotate_clockwise
[robot_supervisor-13] [INFO] [1777456350.110112118] [robot_2.robot_supervisor]: Selected controllable event: EV_move_forward
[robot_supervisor-13] [INFO] [1777456350.410095888] [robot_2.robot_supervisor]: Selected controllable event: EV_move_forward
[robot_supervisor-13] [INFO] [1777456350.709865060] [robot_2.robot_supervisor]: Selected controllable event: EV_move_forward
[robot_supervisor-13] [INFO] [1777456351.009905230] [robot_2.robot_supervisor]: Selected controllable event: EV_move_forward
[robot_supervisor-7] [INFO] [1777456351.227403114] [robot_0.robot_supervisor]: Selected controllable event: EV_rotate_counterclockwise
[robot_supervisor-7] [INFO] [1777456351.227763009] [robot_0.robot_supervisor]: rotate_90 blocked by recent completion; stopping this tick
[robot_supervisor-13] [INFO] [1777456351.309853055] [robot_2.robot_supervisor]: Selected controllable event: EV_move_forward
[robot_supervisor-7] [INFO] [1777456351.327258302] [robot_0.robot_supervisor]: Selected controllable event: EV_rotate_counterclockwise
[robot_supervisor-7] [INFO] [1777456351.327440544] [robot_0.robot_supervisor]: rotate_90 blocked by recent completion; stopping this tick
[robot_supervisor-7] [INFO] [1777456351.427249607] [robot_0.robot_supervisor]: Selected controllable event: EV_rotate_counterclockwise
[robot_supervisor-13] [INFO] [1777456351.609855446] [robot_2.robot_supervisor]: Selected controllable event: EV_move_forward
[robot_supervisor-19] [INFO] [1777456351.611684784] [robot_4.robot_supervisor]: Selected controllable event: EV_rotate_counterclockwise
[robot_supervisor-19] [INFO] [1777456351.612047330] [robot_4.robot_supervisor]: rotate_90 blocked by recent completion; stopping this tick
[robot_supervisor-19] [INFO] [1777456351.711555962] [robot_4.robot_supervisor]: Selected controllable event: EV_rotate_counterclockwise
[robot_supervisor-19] [INFO] [1777456351.711796854] [robot_4.robot_supervisor]: rotate_90 blocked by recent completion; stopping this tick
[robot_supervisor-19] [INFO] [1777456351.811522662] [robot_4.robot_supervisor]: Selected controllable event: EV_rotate_counterclockwise
[image_processor-21] [INFO] [1777456351.823571897] [robot_0.image_processor]: Zone=CLEAR  left[p=2.331 near=0 v=7650]  front[p=3.048 near=0 v=11450]  right[p=2.644 near=0 v=7119]
[robot_supervisor-7] [INFO] [1777456351.824047145] [robot_0.robot_supervisor]: Detected zone changed to CLEAR
[image_processor-25] [INFO] [1777456351.832807790] [robot_4.image_processor]: Zone=CLEAR  left[p=1.062 near=0 v=7650]  front[p=1.454 near=0 v=12085]  right[p=2.290 near=0 v=5962]
[robot_supervisor-19] [INFO] [1777456351.833346368] [robot_4.robot_supervisor]: Detected zone changed to CLEAR
[image_processor-23] [INFO] [1777456351.841464331] [robot_2.image_processor]: Zone=CLEAR
[image_processor-22] [INFO] [1777456351.853402385] [robot_1.image_processor]: Zone=RIGHT  left[p=1.131 near=0 v=7650]  front[p=1.321 near=0 v=13500]  right[p=0.316 near=4113 v=7740]
[robot_supervisor-10] [INFO] [1777456351.854166167] [robot_1.robot_supervisor]: Detected zone changed to RIGHT
[image_processor-24] [INFO] [1777456351.860777988] [robot_3.image_processor]: Zone=CORNER  left[p=2.996 near=0 v=5067]  front[p=0.602 near=10763 v=12463]  right[p=0.607 near=4551 v=7740]
[robot_supervisor-16] [INFO] [1777456351.861418168] [robot_3.robot_supervisor]: Detected zone changed to CORNER
[robot_supervisor-13] [INFO] [1777456351.909844264] [robot_2.robot_supervisor]: Selected controllable event: EV_move_forward
[robot_supervisor-10] [INFO] [1777456351.992419079] [robot_1.robot_supervisor]: Selected controllable event: EV_rotate_counterclockwise
[robot_supervisor-10] [INFO] [1777456351.992915621] [robot_1.robot_supervisor]: rotate_90 blocked by recent completion; stopping this tick
[robot_supervisor-10] [INFO] [1777456352.092171040] [robot_1.robot_supervisor]: Selected controllable event: EV_rotate_counterclockwise
[robot_supervisor-10] [INFO] [1777456352.092564846] [robot_1.robot_supervisor]: rotate_90 blocked by recent completion; stopping this tick
[robot_supervisor-10] [INFO] [1777456352.192071879] [robot_1.robot_supervisor]: Selected controllable event: EV_rotate_counterclockwise
[robot_supervisor-13] [INFO] [1777456352.209949193] [robot_2.robot_supervisor]: Selected controllable event: EV_move_forward
[robot_supervisor-16] [INFO] [1777456352.306162089] [robot_3.robot_supervisor]: Selected controllable event: EV_move_backward
[robot_supervisor-13] [INFO] [1777456352.509864944] [robot_2.robot_supervisor]: Selected controllable event: EV_move_forward
[robot_supervisor-16] [INFO] [1777456352.706187464] [robot_3.robot_supervisor]: Selected controllable event: EV_rotate_counterclockwise
[robot_supervisor-13] [INFO] [1777456352.810175697] [robot_2.robot_supervisor]: Selected controllable event: EV_move_forward
[robot_supervisor-13] [INFO] [1777456353.110074146] [robot_2.robot_supervisor]: Selected controllable event: EV_move_forward
[robot_supervisor-13] [INFO] [1777456353.409893778] [robot_2.robot_supervisor]: Selected controllable event: EV_move_forward
[robot_supervisor-7] [INFO] [1777456353.627728206] [robot_0.robot_supervisor]: Selected controllable event: EV_move_forward
[robot_supervisor-13] [INFO] [1777456353.709952317] [robot_2.robot_supervisor]: Selected controllable event: EV_move_forward
[robot_supervisor-7] [INFO] [1777456353.927295348] [robot_0.robot_supervisor]: Selected controllable event: EV_move_forward
[robot_supervisor-13] [INFO] [1777456354.009719554] [robot_2.robot_supervisor]: Selected controllable event: EV_move_forward
[robot_supervisor-19] [INFO] [1777456354.011457991] [robot_4.robot_supervisor]: Selected controllable event: EV_move_forward
[robot_supervisor-7] [INFO] [1777456354.227446366] [robot_0.robot_supervisor]: Selected controllable event: EV_move_forward
[robot_supervisor-13] [INFO] [1777456354.309975841] [robot_2.robot_supervisor]: Selected controllable event: EV_move_forward
[robot_supervisor-19] [INFO] [1777456354.311506542] [robot_4.robot_supervisor]: Selected controllable event: EV_move_forward
[image_processor-21] [INFO] [1777456354.322731118] [robot_0.image_processor]: Zone=LEFT  left[p=0.517 near=7650 v=7650]  front[p=0.613 near=6247 v=13500]  right[p=2.223 near=0 v=7740]
[robot_supervisor-7] [INFO] [1777456354.323294730] [robot_0.robot_supervisor]: Detected zone changed to LEFT
[image_processor-25] [INFO] [1777456354.330026959] [robot_4.image_processor]: Zone=LEFT  left[p=0.532 near=7491 v=7650]  front[p=0.961 near=161 v=13500]  right[p=1.362 near=0 v=7740]
[robot_supervisor-19] [INFO] [1777456354.330742426] [robot_4.robot_supervisor]: Detected zone changed to LEFT
[image_processor-23] [INFO] [1777456354.338371157] [robot_2.image_processor]: Zone=CLEAR
[image_processor-22] [INFO] [1777456354.346830534] [robot_1.image_processor]: Zone=RIGHT
[image_processor-24] [INFO] [1777456354.365706164] [robot_3.image_processor]: Zone=LEFT  left[p=0.593 near=5502 v=7650]  front[p=1.016 near=0 v=7353]  right[p=3.243 near=0 v=5370]
[robot_supervisor-16] [INFO] [1777456354.366138555] [robot_3.robot_supervisor]: Detected zone changed to LEFT
[robot_supervisor-10] [INFO] [1777456354.392398960] [robot_1.robot_supervisor]: Selected controllable event: EV_rotate_counterclockwise
[robot_supervisor-10] [INFO] [1777456354.392648867] [robot_1.robot_supervisor]: rotate_90 blocked by recent completion; stopping this tick
[robot_supervisor-10] [INFO] [1777456354.492303892] [robot_1.robot_supervisor]: Selected controllable event: EV_rotate_counterclockwise
[robot_supervisor-10] [INFO] [1777456354.492807396] [robot_1.robot_supervisor]: rotate_90 blocked by recent completion; stopping this tick
[robot_supervisor-7] [INFO] [1777456354.527378930] [robot_0.robot_supervisor]: Selected controllable event: EV_rotate_clockwise
[robot_supervisor-10] [INFO] [1777456354.592126343] [robot_1.robot_supervisor]: Selected controllable event: EV_rotate_counterclockwise
[robot_supervisor-13] [INFO] [1777456354.609656786] [robot_2.robot_supervisor]: Selected controllable event: EV_move_forward
[robot_supervisor-19] [INFO] [1777456354.611603691] [robot_4.robot_supervisor]: Selected controllable event: EV_rotate_clockwise
[robot_supervisor-16] [INFO] [1777456354.906127994] [robot_3.robot_supervisor]: Selected controllable event: EV_rotate_clockwise
[robot_supervisor-16] [INFO] [1777456354.906527996] [robot_3.robot_supervisor]: rotate_90 blocked by recent completion; stopping this tick
[robot_supervisor-13] [INFO] [1777456354.909665627] [robot_2.robot_supervisor]: Selected controllable event: EV_move_forward
[robot_supervisor-16] [INFO] [1777456355.006234923] [robot_3.robot_supervisor]: Selected controllable event: EV_rotate_clockwise
[robot_supervisor-16] [INFO] [1777456355.006642113] [robot_3.robot_supervisor]: rotate_90 blocked by recent completion; stopping this tick
[robot_supervisor-16] [INFO] [1777456355.106084628] [robot_3.robot_supervisor]: Selected controllable event: EV_rotate_clockwise
[robot_supervisor-13] [INFO] [1777456355.209845552] [robot_2.robot_supervisor]: Selected controllable event: EV_move_forward
[robot_supervisor-13] [INFO] [1777456355.509862718] [robot_2.robot_supervisor]: Selected controllable event: EV_move_forward
[robot_supervisor-13] [INFO] [1777456355.809986983] [robot_2.robot_supervisor]: Selected controllable event: EV_move_forward
[robot_supervisor-13] [INFO] [1777456356.109833255] [robot_2.robot_supervisor]: Selected controllable event: EV_move_forward
[robot_supervisor-13] [INFO] [1777456356.409761163] [robot_2.robot_supervisor]: Selected controllable event: EV_move_forward
[robot_supervisor-13] [INFO] [1777456356.709857252] [robot_2.robot_supervisor]: Selected controllable event: EV_move_forward
[robot_supervisor-7] [INFO] [1777456356.727675101] [robot_0.robot_supervisor]: Selected controllable event: EV_rotate_clockwise
[robot_supervisor-7] [INFO] [1777456356.728174557] [robot_0.robot_supervisor]: rotate_90 blocked by recent completion; stopping this tick
[robot_supervisor-10] [INFO] [1777456356.792171493] [robot_1.robot_supervisor]: Selected controllable event: EV_rotate_counterclockwise
[robot_supervisor-10] [INFO] [1777456356.792569256] [robot_1.robot_supervisor]: rotate_90 blocked by recent completion; stopping this tick
[robot_supervisor-19] [INFO] [1777456356.811715899] [robot_4.robot_supervisor]: Selected controllable event: EV_rotate_clockwise
[robot_supervisor-19] [INFO] [1777456356.812108776] [robot_4.robot_supervisor]: rotate_90 blocked by recent completion; stopping this tick
[image_processor-21] [INFO] [1777456356.822922685] [robot_0.image_processor]: Zone=LEFT
[robot_supervisor-7] [INFO] [1777456356.827194898] [robot_0.robot_supervisor]: Selected controllable event: EV_rotate_clockwise
[robot_supervisor-7] [INFO] [1777456356.827387363] [robot_0.robot_supervisor]: rotate_90 blocked by recent completion; stopping this tick
[image_processor-25] [INFO] [1777456356.831396817] [robot_4.image_processor]: Zone=LEFT
[image_processor-23] [INFO] [1777456356.841136735] [robot_2.image_processor]: Zone=CORNER  left[p=0.471 near=7650 v=7650]  front[p=0.379 near=13500 v=13500]  right[p=0.334 near=7740 v=7740]
[robot_supervisor-13] [INFO] [1777456356.841884898] [robot_2.robot_supervisor]: Detected zone changed to CORNER
[image_processor-22] [INFO] [1777456356.854458947] [robot_1.image_processor]: Zone=LEFT  left[p=0.516 near=900 v=6518]  front[p=2.953 near=0 v=9297]  right[p=2.953 near=0 v=5323]
[robot_supervisor-10] [INFO] [1777456356.855388077] [robot_1.robot_supervisor]: Detected zone changed to LEFT
[image_processor-24] [INFO] [1777456356.862393420] [robot_3.image_processor]: Zone=CORNER  left[p=2.996 near=0 v=5053]  front[p=0.601 near=10583 v=12398]  right[p=0.603 near=4810 v=7740]
[robot_supervisor-16] [INFO] [1777456356.862957439] [robot_3.robot_supervisor]: Detected zone changed to CORNER
[robot_supervisor-10] [INFO] [1777456356.892373216] [robot_1.robot_supervisor]: Selected controllable event: EV_rotate_clockwise
[robot_supervisor-10] [INFO] [1777456356.892680225] [robot_1.robot_supervisor]: rotate_90 blocked by recent completion; stopping this tick
[robot_supervisor-19] [INFO] [1777456356.911462170] [robot_4.robot_supervisor]: Selected controllable event: EV_rotate_clockwise
[robot_supervisor-19] [INFO] [1777456356.911644173] [robot_4.robot_supervisor]: rotate_90 blocked by recent completion; stopping this tick
[robot_supervisor-7] [INFO] [1777456356.927657272] [robot_0.robot_supervisor]: Selected controllable event: EV_rotate_clockwise
[robot_supervisor-10] [INFO] [1777456356.992055463] [robot_1.robot_supervisor]: Selected controllable event: EV_rotate_clockwise
[robot_supervisor-13] [INFO] [1777456357.009874772] [robot_2.robot_supervisor]: Selected controllable event: EV_move_backward
[robot_supervisor-19] [INFO] [1777456357.011706207] [robot_4.robot_supervisor]: Selected controllable event: EV_rotate_clockwise
[robot_supervisor-16] [INFO] [1777456357.206247284] [robot_3.robot_supervisor]: Selected controllable event: EV_move_backward
[robot_supervisor-13] [INFO] [1777456357.409895260] [robot_2.robot_supervisor]: Selected controllable event: EV_rotate_counterclockwise
[robot_supervisor-16] [INFO] [1777456357.605999898] [robot_3.robot_supervisor]: Selected controllable event: EV_rotate_counterclockwise
[robot_supervisor-10] [INFO] [1777456359.092173156] [robot_1.robot_supervisor]: Selected controllable event: EV_rotate_clockwise
[robot_supervisor-10] [INFO] [1777456359.092597556] [robot_1.robot_supervisor]: rotate_90 blocked by recent completion; stopping this tick
[robot_supervisor-7] [INFO] [1777456359.127478835] [robot_0.robot_supervisor]: Selected controllable event: EV_rotate_clockwise
[robot_supervisor-7] [INFO] [1777456359.127652470] [robot_0.robot_supervisor]: rotate_90 blocked by recent completion; stopping this tick
[robot_supervisor-10] [INFO] [1777456359.192033755] [robot_1.robot_supervisor]: Selected controllable event: EV_rotate_clockwise
[robot_supervisor-10] [INFO] [1777456359.192435353] [robot_1.robot_supervisor]: rotate_90 blocked by recent completion; stopping this tick
[robot_supervisor-19] [INFO] [1777456359.211766970] [robot_4.robot_supervisor]: Selected controllable event: EV_rotate_clockwise
[robot_supervisor-19] [INFO] [1777456359.212137434] [robot_4.robot_supervisor]: rotate_90 blocked by recent completion; stopping this tick
[robot_supervisor-7] [INFO] [1777456359.227375577] [robot_0.robot_supervisor]: Selected controllable event: EV_rotate_clockwise
[robot_supervisor-7] [INFO] [1777456359.227720643] [robot_0.robot_supervisor]: rotate_90 blocked by recent completion; stopping this tick
[robot_supervisor-10] [INFO] [1777456359.292126667] [robot_1.robot_supervisor]: Selected controllable event: EV_rotate_clockwise
[robot_supervisor-10] [INFO] [1777456359.292498278] [robot_1.robot_supervisor]: rotate_90 blocked by recent completion; stopping this tick
[robot_supervisor-19] [INFO] [1777456359.311702682] [robot_4.robot_supervisor]: Selected controllable event: EV_rotate_clockwise
[robot_supervisor-19] [INFO] [1777456359.312057650] [robot_4.robot_supervisor]: rotate_90 blocked by recent completion; stopping this tick
[image_processor-21] [INFO] [1777456359.323359959] [robot_0.image_processor]: Zone=CLEAR  left[p=3.043 near=0 v=5265]  front[p=3.043 near=0 v=9026]  right[p=3.299 near=0 v=6405]
[robot_supervisor-7] [INFO] [1777456359.324371154] [robot_0.robot_supervisor]: Detected zone changed to CLEAR
[robot_supervisor-7] [INFO] [1777456359.327446562] [robot_0.robot_supervisor]: Selected controllable event: EV_move_forward
[image_processor-25] [INFO] [1777456359.343895439] [robot_4.image_processor]: Zone=CLEAR  left[p=3.241 near=0 v=5486]  front[p=2.994 near=0 v=8048]  right[p=1.751 near=0 v=7060]
[robot_supervisor-19] [INFO] [1777456359.344802322] [robot_4.robot_supervisor]: Detected zone changed to CLEAR
[image_processor-23] [INFO] [1777456359.362480339] [robot_2.image_processor]: Zone=RIGHT  left[p=2.926 near=0 v=4808]  front[p=2.598 near=0 v=10645]  right[p=0.713 near=1888 v=7740]
[robot_supervisor-13] [INFO] [1777456359.363372184] [robot_2.robot_supervisor]: Detected zone changed to RIGHT
[image_processor-22] [INFO] [1777456359.374814389] [robot_1.image_processor]: Zone=LEFT
[robot_supervisor-10] [INFO] [1777456359.392076937] [robot_1.robot_supervisor]: Selected controllable event: EV_rotate_clockwise
[image_processor-24] [INFO] [1777456359.396367000] [robot_3.image_processor]: Zone=LEFT  left[p=0.555 near=6883 v=7650]  front[p=0.903 near=0 v=8045]  right[p=3.243 near=0 v=5250]
[robot_supervisor-16] [INFO] [1777456359.397391245] [robot_3.robot_supervisor]: Detected zone changed to LEFT
[robot_supervisor-19] [INFO] [1777456359.411892052] [robot_4.robot_supervisor]: Selected controllable event: EV_move_forward
[robot_supervisor-13] [INFO] [1777456359.509770743] [robot_2.robot_supervisor]: Selected controllable event: EV_rotate_counterclockwise
[robot_supervisor-13] [INFO] [1777456359.510061193] [robot_2.robot_supervisor]: rotate_90 blocked by recent completion; stopping this tick
[robot_supervisor-13] [INFO] [1777456359.610136567] [robot_2.robot_supervisor]: Selected controllable event: EV_rotate_counterclockwise
[robot_supervisor-13] [INFO] [1777456359.610634566] [robot_2.robot_supervisor]: rotate_90 blocked by recent completion; stopping this tick
[robot_supervisor-7] [INFO] [1777456359.627753616] [robot_0.robot_supervisor]: Selected controllable event: EV_move_forward
[robot_supervisor-16] [INFO] [1777456359.706083789] [robot_3.robot_supervisor]: Selected controllable event: EV_rotate_clockwise
[robot_supervisor-16] [INFO] [1777456359.706513815] [robot_3.robot_supervisor]: rotate_90 blocked by recent completion; stopping this tick
[robot_supervisor-13] [INFO] [1777456359.709841963] [robot_2.robot_supervisor]: Selected controllable event: EV_rotate_counterclockwise
[robot_supervisor-13] [INFO] [1777456359.710131747] [robot_2.robot_supervisor]: rotate_90 blocked by recent completion; stopping this tick
[robot_supervisor-19] [INFO] [1777456359.711663237] [robot_4.robot_supervisor]: Selected controllable event: EV_move_forward
[robot_supervisor-16] [INFO] [1777456359.805936558] [robot_3.robot_supervisor]: Selected controllable event: EV_rotate_clockwise
[robot_supervisor-16] [INFO] [1777456359.806194071] [robot_3.robot_supervisor]: rotate_90 blocked by recent completion; stopping this tick
[robot_supervisor-13] [INFO] [1777456359.809818332] [robot_2.robot_supervisor]: Selected controllable event: EV_rotate_counterclockwise
[robot_supervisor-16] [INFO] [1777456359.906089295] [robot_3.robot_supervisor]: Selected controllable event: EV_rotate_clockwise
[robot_supervisor-16] [INFO] [1777456359.906376197] [robot_3.robot_supervisor]: rotate_90 blocked by recent completion; stopping this tick
[robot_supervisor-7] [INFO] [1777456359.927689492] [robot_0.robot_supervisor]: Selected controllable event: EV_move_forward
[robot_supervisor-16] [INFO] [1777456360.005949722] [robot_3.robot_supervisor]: Selected controllable event: EV_rotate_clockwise
[robot_supervisor-19] [INFO] [1777456360.011711729] [robot_4.robot_supervisor]: Selected controllable event: EV_move_forward
[robot_supervisor-7] [INFO] [1777456360.227533682] [robot_0.robot_supervisor]: Selected controllable event: EV_move_forward
[robot_supervisor-19] [INFO] [1777456360.312015602] [robot_4.robot_supervisor]: Selected controllable event: EV_move_forward
[robot_supervisor-7] [INFO] [1777456360.527468263] [robot_0.robot_supervisor]: Selected controllable event: EV_move_forward
[robot_supervisor-19] [INFO] [1777456360.611713839] [robot_4.robot_supervisor]: Selected controllable event: EV_move_forward
[robot_supervisor-7] [INFO] [1777456360.827632817] [robot_0.robot_supervisor]: Selected controllable event: EV_move_forward
[robot_supervisor-19] [INFO] [1777456360.911771703] [robot_4.robot_supervisor]: Selected controllable event: EV_move_forward
[robot_supervisor-7] [INFO] [1777456361.127509054] [robot_0.robot_supervisor]: Selected controllable event: EV_move_forward
[robot_supervisor-19] [INFO] [1777456361.211731501] [robot_4.robot_supervisor]: Selected controllable event: EV_move_forward
[robot_supervisor-7] [INFO] [1777456361.427514543] [robot_0.robot_supervisor]: Selected controllable event: EV_move_forward
[robot_supervisor-10] [INFO] [1777456361.492162709] [robot_1.robot_supervisor]: Selected controllable event: EV_rotate_clockwise
[robot_supervisor-10] [INFO] [1777456361.492659791] [robot_1.robot_supervisor]: rotate_90 blocked by recent completion; stopping this tick
[robot_supervisor-19] [INFO] [1777456361.511789031] [robot_4.robot_supervisor]: Selected controllable event: EV_move_forward
[robot_supervisor-10] [INFO] [1777456361.592080850] [robot_1.robot_supervisor]: Selected controllable event: EV_rotate_clockwise
[robot_supervisor-10] [INFO] [1777456361.592442984] [robot_1.robot_supervisor]: rotate_90 blocked by recent completion; stopping this tick
[robot_supervisor-10] [INFO] [1777456361.691872870] [robot_1.robot_supervisor]: Selected controllable event: EV_rotate_clockwise
[robot_supervisor-10] [INFO] [1777456361.692053920] [robot_1.robot_supervisor]: rotate_90 blocked by recent completion; stopping this tick
[robot_supervisor-7] [INFO] [1777456361.727391862] [robot_0.robot_supervisor]: Selected controllable event: EV_move_forward
[robot_supervisor-10] [INFO] [1777456361.792111216] [robot_1.robot_supervisor]: Selected controllable event: EV_rotate_clockwise
[robot_supervisor-19] [INFO] [1777456361.811937351] [robot_4.robot_supervisor]: Selected controllable event: EV_move_forward
[image_processor-21] [INFO] [1777456361.822356313] [robot_0.image_processor]: Zone=CLEAR
[image_processor-25] [INFO] [1777456361.843639350] [robot_4.image_processor]: Zone=CLEAR
[image_processor-23] [INFO] [1777456361.856632043] [robot_2.image_processor]: Zone=RIGHT
[image_processor-22] [INFO] [1777456361.869230009] [robot_1.image_processor]: Zone=RIGHT  left[p=1.140 near=0 v=7650]  front[p=1.315 near=0 v=13500]  right[p=0.318 near=3670 v=7740]
[robot_supervisor-10] [INFO] [1777456361.869643427] [robot_1.robot_supervisor]: Detected zone changed to RIGHT
[image_processor-24] [INFO] [1777456361.877099971] [robot_3.image_processor]: Zone=CORNER  left[p=3.243 near=0 v=5179]  front[p=0.601 near=12088 v=12935]  right[p=0.639 near=2839 v=7740]
[robot_supervisor-16] [INFO] [1777456361.877846794] [robot_3.robot_supervisor]: Detected zone changed to CORNER
[robot_supervisor-13] [INFO] [1777456362.010059418] [robot_2.robot_supervisor]: Selected controllable event: EV_rotate_counterclockwise
[robot_supervisor-13] [INFO] [1777456362.010542459] [robot_2.robot_supervisor]: rotate_90 blocked by recent completion; stopping this tick
[robot_supervisor-7] [INFO] [1777456362.027386572] [robot_0.robot_supervisor]: Selected controllable event: EV_move_forward
[robot_supervisor-16] [INFO] [1777456362.106507503] [robot_3.robot_supervisor]: Selected controllable event: EV_move_backward
[robot_supervisor-13] [INFO] [1777456362.110038934] [robot_2.robot_supervisor]: Selected controllable event: EV_rotate_counterclockwise
[robot_supervisor-13] [INFO] [1777456362.110516888] [robot_2.robot_supervisor]: rotate_90 blocked by recent completion; stopping this tick
[robot_supervisor-19] [INFO] [1777456362.111700942] [robot_4.robot_supervisor]: Selected controllable event: EV_move_forward
[robot_supervisor-13] [INFO] [1777456362.209743716] [robot_2.robot_supervisor]: Selected controllable event: EV_rotate_counterclockwise
[robot_supervisor-7] [INFO] [1777456362.327439911] [robot_0.robot_supervisor]: Selected controllable event: EV_move_forward
[robot_supervisor-19] [INFO] [1777456362.411539802] [robot_4.robot_supervisor]: Selected controllable event: EV_move_forward
[robot_supervisor-16] [INFO] [1777456362.506370008] [robot_3.robot_supervisor]: Selected controllable event: EV_rotate_counterclockwise
[robot_supervisor-7] [INFO] [1777456362.627554919] [robot_0.robot_supervisor]: Selected controllable event: EV_move_forward
[robot_supervisor-19] [INFO] [1777456362.711723671] [robot_4.robot_supervisor]: Selected controllable event: EV_move_forward
[robot_supervisor-7] [INFO] [1777456362.927789763] [robot_0.robot_supervisor]: Selected controllable event: EV_move_forward
[robot_supervisor-19] [INFO] [1777456363.011698533] [robot_4.robot_supervisor]: Selected controllable event: EV_move_forward
[robot_supervisor-7] [INFO] [1777456363.227397556] [robot_0.robot_supervisor]: Selected controllable event: EV_move_forward
[robot_supervisor-19] [INFO] [1777456363.312029228] [robot_4.robot_supervisor]: Selected controllable event: EV_move_forward
[robot_supervisor-7] [INFO] [1777456363.527426656] [robot_0.robot_supervisor]: Selected controllable event: EV_move_forward
[robot_supervisor-19] [INFO] [1777456363.611716390] [robot_4.robot_supervisor]: Selected controllable event: EV_move_forward
[robot_supervisor-7] [INFO] [1777456363.827554505] [robot_0.robot_supervisor]: Selected controllable event: EV_move_forward
[robot_supervisor-10] [INFO] [1777456363.892409373] [robot_1.robot_supervisor]: Selected controllable event: EV_rotate_counterclockwise
[robot_supervisor-10] [INFO] [1777456363.892607671] [robot_1.robot_supervisor]: rotate_90 blocked by recent completion; stopping this tick
[robot_supervisor-19] [INFO] [1777456363.911668646] [robot_4.robot_supervisor]: Selected controllable event: EV_move_forward
[robot_supervisor-10] [INFO] [1777456363.992071224] [robot_1.robot_supervisor]: Selected controllable event: EV_rotate_counterclockwise
[robot_supervisor-10] [INFO] [1777456363.992431145] [robot_1.robot_supervisor]: rotate_90 blocked by recent completion; stopping this tick
[robot_supervisor-10] [INFO] [1777456364.092080896] [robot_1.robot_supervisor]: Selected controllable event: EV_rotate_counterclockwise
[robot_supervisor-10] [INFO] [1777456364.092455490] [robot_1.robot_supervisor]: rotate_90 blocked by recent completion; stopping this tick
[robot_supervisor-7] [INFO] [1777456364.127475857] [robot_0.robot_supervisor]: Selected controllable event: EV_move_forward
[robot_supervisor-10] [INFO] [1777456364.192052846] [robot_1.robot_supervisor]: Selected controllable event: EV_rotate_counterclockwise
[robot_supervisor-19] [INFO] [1777456364.211621368] [robot_4.robot_supervisor]: Selected controllable event: EV_move_forward
[image_processor-21] [INFO] [1777456364.324930327] [robot_0.image_processor]: Zone=CLEAR
[image_processor-25] [INFO] [1777456364.345851961] [robot_4.image_processor]: Zone=CLEAR
[image_processor-23] [INFO] [1777456364.356373529] [robot_2.image_processor]: Zone=CORNER  left[p=0.337 near=7650 v=7650]  front[p=0.574 near=4660 v=13500]  right[p=2.478 near=0 v=7740]
[robot_supervisor-13] [INFO] [1777456364.357896239] [robot_2.robot_supervisor]: Detected zone changed to CORNER
[image_processor-22] [INFO] [1777456364.369732983] [robot_1.image_processor]: Zone=CORNER  left[p=0.353 near=7650 v=7650]  front[p=0.558 near=5647 v=13500]  right[p=3.281 near=0 v=6890]
[robot_supervisor-10] [INFO] [1777456364.370490429] [robot_1.robot_supervisor]: Detected zone changed to CORNER
[image_processor-24] [INFO] [1777456364.391906644] [robot_3.image_processor]: Zone=LEFT  left[p=0.526 near=7650 v=7650]  front[p=0.817 near=585 v=8824]  right[p=2.996 near=0 v=5095]
[robot_supervisor-16] [INFO] [1777456364.392391074] [robot_3.robot_supervisor]: Detected zone changed to LEFT
[robot_supervisor-13] [INFO] [1777456364.409942348] [robot_2.robot_supervisor]: Selected controllable event: EV_move_backward
[robot_supervisor-7] [INFO] [1777456364.427571296] [robot_0.robot_supervisor]: Selected controllable event: EV_move_forward
[robot_supervisor-19] [INFO] [1777456364.511708391] [robot_4.robot_supervisor]: Selected controllable event: EV_move_forward
[robot_supervisor-16] [INFO] [1777456364.706009099] [robot_3.robot_supervisor]: Selected controllable event: EV_rotate_clockwise
[robot_supervisor-16] [INFO] [1777456364.706334557] [robot_3.robot_supervisor]: rotate_90 blocked by recent completion; stopping this tick
[robot_supervisor-7] [INFO] [1777456364.727407591] [robot_0.robot_supervisor]: Selected controllable event: EV_move_forward
[robot_supervisor-16] [INFO] [1777456364.806268327] [robot_3.robot_supervisor]: Selected controllable event: EV_rotate_clockwise
[robot_supervisor-16] [INFO] [1777456364.807082060] [robot_3.robot_supervisor]: rotate_90 blocked by recent completion; stopping this tick
[robot_supervisor-13] [INFO] [1777456364.809865576] [robot_2.robot_supervisor]: Selected controllable event: EV_rotate_counterclockwise
[robot_supervisor-19] [INFO] [1777456364.811491394] [robot_4.robot_supervisor]: Selected controllable event: EV_move_forward
[robot_supervisor-16] [INFO] [1777456364.906286390] [robot_3.robot_supervisor]: Selected controllable event: EV_rotate_clockwise
[robot_supervisor-7] [INFO] [1777456365.027763448] [robot_0.robot_supervisor]: Selected controllable event: EV_move_forward
[robot_supervisor-19] [INFO] [1777456365.111757519] [robot_4.robot_supervisor]: Selected controllable event: EV_move_forward
[robot_supervisor-7] [INFO] [1777456365.327839803] [robot_0.robot_supervisor]: Selected controllable event: EV_move_forward
[robot_supervisor-19] [INFO] [1777456365.411688649] [robot_4.robot_supervisor]: Selected controllable event: EV_move_forward
[robot_supervisor-7] [INFO] [1777456365.627492335] [robot_0.robot_supervisor]: Selected controllable event: EV_move_forward
[robot_supervisor-19] [INFO] [1777456365.711737565] [robot_4.robot_supervisor]: Selected controllable event: EV_move_forward
[robot_supervisor-7] [INFO] [1777456365.927642590] [robot_0.robot_supervisor]: Selected controllable event: EV_move_forward
[robot_supervisor-19] [INFO] [1777456366.011697683] [robot_4.robot_supervisor]: Selected controllable event: EV_move_forward
[robot_supervisor-7] [INFO] [1777456366.227668966] [robot_0.robot_supervisor]: Selected controllable event: EV_move_forward
[robot_supervisor-10] [INFO] [1777456366.292211559] [robot_1.robot_supervisor]: Selected controllable event: EV_move_backward
[robot_supervisor-19] [INFO] [1777456366.311758137] [robot_4.robot_supervisor]: Selected controllable event: EV_move_forward
[robot_supervisor-7] [INFO] [1777456366.527623954] [robot_0.robot_supervisor]: Selected controllable event: EV_move_forward
[robot_supervisor-19] [INFO] [1777456366.611524402] [robot_4.robot_supervisor]: Selected controllable event: EV_move_forward
[robot_supervisor-10] [INFO] [1777456366.692106210] [robot_1.robot_supervisor]: Selected controllable event: EV_rotate_counterclockwise
[image_processor-21] [INFO] [1777456366.820336821] [robot_0.image_processor]: Zone=CLEAR
[robot_supervisor-7] [INFO] [1777456366.827432522] [robot_0.robot_supervisor]: Selected controllable event: EV_move_forward
[image_processor-25] [INFO] [1777456366.839806308] [robot_4.image_processor]: Zone=CLEAR
[image_processor-23] [INFO] [1777456366.849938981] [robot_2.image_processor]: Zone=CORNER
[image_processor-22] [INFO] [1777456366.860366113] [robot_1.image_processor]: Zone=RIGHT  left[p=1.149 near=0 v=7650]  front[p=1.311 near=0 v=13500]  right[p=0.321 near=3232 v=7740]
[robot_supervisor-10] [INFO] [1777456366.861315851] [robot_1.robot_supervisor]: Detected zone changed to RIGHT
[image_processor-24] [INFO] [1777456366.868616128] [robot_3.image_processor]: Zone=CORNER  left[p=2.784 near=133 v=5274]  front[p=0.593 near=13439 v=13439]  right[p=0.692 near=1193 v=7740]
[robot_supervisor-16] [INFO] [1777456366.869143506] [robot_3.robot_supervisor]: Detected zone changed to CORNER
[robot_supervisor-13] [INFO] [1777456366.909930114] [robot_2.robot_supervisor]: Selected controllable event: EV_full_rotate
[robot_supervisor-13] [INFO] [1777456366.910381612] [robot_2.robot_supervisor]: Starting FULL ROTATE (omega=1.000, have_odom=True, target_rad=3.142, timeout_s=3.500)
[robot_supervisor-19] [INFO] [1777456366.911701263] [robot_4.robot_supervisor]: Selected controllable event: EV_move_forward
[robot_supervisor-16] [INFO] [1777456367.006335405] [robot_3.robot_supervisor]: Selected controllable event: EV_move_backward
[robot_supervisor-13] [INFO] [1777456367.009827090] [robot_2.robot_supervisor]: FULL ROTATE active (accum_rad=0.000, timed_fallback=False, stall_count=0)
[robot_supervisor-13] [INFO] [1777456367.109697487] [robot_2.robot_supervisor]: FULL ROTATE active (accum_rad=0.023, timed_fallback=False, stall_count=0)
[robot_supervisor-7] [INFO] [1777456367.127154797] [robot_0.robot_supervisor]: Selected controllable event: EV_move_forward
[robot_supervisor-13] [INFO] [1777456367.209621693] [robot_2.robot_supervisor]: FULL ROTATE active (accum_rad=0.077, timed_fallback=False, stall_count=0)
[robot_supervisor-19] [INFO] [1777456367.211635367] [robot_4.robot_supervisor]: Selected controllable event: EV_move_forward
[robot_supervisor-13] [INFO] [1777456367.309675850] [robot_2.robot_supervisor]: FULL ROTATE active (accum_rad=0.160, timed_fallback=False, stall_count=0)
[robot_supervisor-16] [INFO] [1777456367.406000283] [robot_3.robot_supervisor]: Selected controllable event: EV_rotate_counterclockwise
[robot_supervisor-13] [INFO] [1777456367.409595415] [robot_2.robot_supervisor]: FULL ROTATE active (accum_rad=0.260, timed_fallback=False, stall_count=0)
[robot_supervisor-7] [INFO] [1777456367.427279987] [robot_0.robot_supervisor]: Selected controllable event: EV_move_forward
[robot_supervisor-13] [INFO] [1777456367.509642045] [robot_2.robot_supervisor]: FULL ROTATE active (accum_rad=0.360, timed_fallback=False, stall_count=0)
[robot_supervisor-19] [INFO] [1777456367.511688875] [robot_4.robot_supervisor]: Selected controllable event: EV_move_forward
[robot_supervisor-13] [INFO] [1777456367.609844676] [robot_2.robot_supervisor]: FULL ROTATE active (accum_rad=0.460, timed_fallback=False, stall_count=0)
[robot_supervisor-13] [INFO] [1777456367.710150769] [robot_2.robot_supervisor]: FULL ROTATE active (accum_rad=0.560, timed_fallback=False, stall_count=0)
[robot_supervisor-7] [INFO] [1777456367.727447305] [robot_0.robot_supervisor]: Selected controllable event: EV_move_forward
[robot_supervisor-13] [INFO] [1777456367.809809412] [robot_2.robot_supervisor]: FULL ROTATE active (accum_rad=0.660, timed_fallback=False, stall_count=0)
[robot_supervisor-19] [INFO] [1777456367.811572813] [robot_4.robot_supervisor]: Selected controllable event: EV_move_forward
[robot_supervisor-13] [INFO] [1777456367.909618480] [robot_2.robot_supervisor]: FULL ROTATE active (accum_rad=0.760, timed_fallback=False, stall_count=0)
[robot_supervisor-13] [INFO] [1777456368.009609825] [robot_2.robot_supervisor]: FULL ROTATE active (accum_rad=0.860, timed_fallback=False, stall_count=0)
[robot_supervisor-7] [INFO] [1777456368.027503289] [robot_0.robot_supervisor]: Selected controllable event: EV_move_forward
[robot_supervisor-13] [INFO] [1777456368.109845382] [robot_2.robot_supervisor]: FULL ROTATE active (accum_rad=0.960, timed_fallback=False, stall_count=0)
[robot_supervisor-19] [INFO] [1777456368.111449691] [robot_4.robot_supervisor]: Selected controllable event: EV_move_forward
[robot_supervisor-13] [INFO] [1777456368.209842908] [robot_2.robot_supervisor]: FULL ROTATE active (accum_rad=1.060, timed_fallback=False, stall_count=0)
[robot_supervisor-13] [INFO] [1777456368.309897358] [robot_2.robot_supervisor]: FULL ROTATE active (accum_rad=1.160, timed_fallback=False, stall_count=0)
[robot_supervisor-7] [INFO] [1777456368.327866011] [robot_0.robot_supervisor]: Selected controllable event: EV_move_forward
[robot_supervisor-13] [INFO] [1777456368.409917968] [robot_2.robot_supervisor]: FULL ROTATE active (accum_rad=1.260, timed_fallback=False, stall_count=0)
[robot_supervisor-19] [INFO] [1777456368.411719290] [robot_4.robot_supervisor]: Selected controllable event: EV_move_forward
[robot_supervisor-13] [INFO] [1777456368.509757185] [robot_2.robot_supervisor]: FULL ROTATE active (accum_rad=1.360, timed_fallback=False, stall_count=0)
[robot_supervisor-13] [INFO] [1777456368.609851437] [robot_2.robot_supervisor]: FULL ROTATE active (accum_rad=1.460, timed_fallback=False, stall_count=0)
[robot_supervisor-7] [INFO] [1777456368.627423651] [robot_0.robot_supervisor]: Selected controllable event: EV_move_forward
[robot_supervisor-13] [INFO] [1777456368.709649178] [robot_2.robot_supervisor]: FULL ROTATE active (accum_rad=1.560, timed_fallback=False, stall_count=0)
[robot_supervisor-19] [INFO] [1777456368.711734823] [robot_4.robot_supervisor]: Selected controllable event: EV_move_forward
[robot_supervisor-13] [INFO] [1777456368.809614269] [robot_2.robot_supervisor]: FULL ROTATE active (accum_rad=1.660, timed_fallback=False, stall_count=0)
[robot_supervisor-10] [INFO] [1777456368.892150245] [robot_1.robot_supervisor]: Selected controllable event: EV_rotate_counterclockwise
[robot_supervisor-10] [INFO] [1777456368.892479172] [robot_1.robot_supervisor]: rotate_90 blocked by recent completion; stopping this tick
[robot_supervisor-13] [INFO] [1777456368.909852407] [robot_2.robot_supervisor]: FULL ROTATE active (accum_rad=1.760, timed_fallback=False, stall_count=0)
[robot_supervisor-7] [INFO] [1777456368.927433031] [robot_0.robot_supervisor]: Selected controllable event: EV_move_forward
[robot_supervisor-10] [INFO] [1777456368.992268255] [robot_1.robot_supervisor]: Selected controllable event: EV_rotate_counterclockwise
[robot_supervisor-10] [INFO] [1777456368.992735731] [robot_1.robot_supervisor]: rotate_90 blocked by recent completion; stopping this tick
[robot_supervisor-13] [INFO] [1777456369.010307761] [robot_2.robot_supervisor]: FULL ROTATE active (accum_rad=1.860, timed_fallback=False, stall_count=0)
[robot_supervisor-19] [INFO] [1777456369.011671106] [robot_4.robot_supervisor]: Selected controllable event: EV_move_forward
[robot_supervisor-10] [INFO] [1777456369.091840179] [robot_1.robot_supervisor]: Selected controllable event: EV_rotate_counterclockwise
[robot_supervisor-13] [INFO] [1777456369.109795699] [robot_2.robot_supervisor]: FULL ROTATE active (accum_rad=1.960, timed_fallback=False, stall_count=0)
[robot_supervisor-13] [INFO] [1777456369.209863817] [robot_2.robot_supervisor]: FULL ROTATE active (accum_rad=2.060, timed_fallback=False, stall_count=0)
[robot_supervisor-7] [INFO] [1777456369.227619180] [robot_0.robot_supervisor]: Selected controllable event: EV_move_forward
[robot_supervisor-13] [INFO] [1777456369.309668518] [robot_2.robot_supervisor]: FULL ROTATE active (accum_rad=2.160, timed_fallback=False, stall_count=0)
[robot_supervisor-19] [INFO] [1777456369.311446118] [robot_4.robot_supervisor]: Selected controllable event: EV_move_forward
[image_processor-21] [INFO] [1777456369.318933017] [robot_0.image_processor]: Zone=CLEAR
[image_processor-25] [INFO] [1777456369.337512545] [robot_4.image_processor]: Zone=CLEAR
[image_processor-23] [INFO] [1777456369.358685458] [robot_2.image_processor]: Zone=CLEAR  left[p=2.994 near=0 v=4864]  front[p=2.782 near=0 v=7119]  right[p=2.673 near=0 v=7233]
[robot_supervisor-13] [INFO] [1777456369.359297783] [robot_2.robot_supervisor]: Detected zone changed to CLEAR
[image_processor-22] [INFO] [1777456369.369225197] [robot_1.image_processor]: Zone=RIGHT
[image_processor-24] [INFO] [1777456369.391637066] [robot_3.image_processor]: Zone=CORNER
[robot_supervisor-13] [INFO] [1777456369.409799048] [robot_2.robot_supervisor]: FULL ROTATE active (accum_rad=2.260, timed_fallback=False, stall_count=0)
[robot_supervisor-16] [INFO] [1777456369.506596362] [robot_3.robot_supervisor]: Selected controllable event: EV_full_rotate
[robot_supervisor-16] [INFO] [1777456369.507306470] [robot_3.robot_supervisor]: Starting FULL ROTATE (omega=1.000, have_odom=True, target_rad=3.142, timeout_s=3.500)
[robot_supervisor-13] [INFO] [1777456369.509775325] [robot_2.robot_supervisor]: FULL ROTATE active (accum_rad=2.360, timed_fallback=False, stall_count=0)
[robot_supervisor-7] [INFO] [1777456369.527270814] [robot_0.robot_supervisor]: Selected controllable event: EV_move_forward
[robot_supervisor-16] [INFO] [1777456369.605935852] [robot_3.robot_supervisor]: FULL ROTATE active (accum_rad=0.000, timed_fallback=False, stall_count=0)
[robot_supervisor-13] [INFO] [1777456369.609989081] [robot_2.robot_supervisor]: FULL ROTATE active (accum_rad=2.460, timed_fallback=False, stall_count=0)
[robot_supervisor-19] [INFO] [1777456369.611865518] [robot_4.robot_supervisor]: Selected controllable event: EV_move_forward
[robot_supervisor-16] [INFO] [1777456369.706006030] [robot_3.robot_supervisor]: FULL ROTATE active (accum_rad=0.014, timed_fallback=False, stall_count=0)
[robot_supervisor-13] [INFO] [1777456369.709790294] [robot_2.robot_supervisor]: FULL ROTATE active (accum_rad=2.560, timed_fallback=False, stall_count=0)
[robot_supervisor-16] [INFO] [1777456369.806175244] [robot_3.robot_supervisor]: FULL ROTATE active (accum_rad=0.050, timed_fallback=False, stall_count=0)
[robot_supervisor-13] [INFO] [1777456369.809713279] [robot_2.robot_supervisor]: FULL ROTATE active (accum_rad=2.660, timed_fallback=False, stall_count=0)
[robot_supervisor-7] [INFO] [1777456369.827530256] [robot_0.robot_supervisor]: Selected controllable event: EV_move_forward
[robot_supervisor-16] [INFO] [1777456369.906031339] [robot_3.robot_supervisor]: FULL ROTATE active (accum_rad=0.115, timed_fallback=False, stall_count=0)
[robot_supervisor-13] [INFO] [1777456369.910331651] [robot_2.robot_supervisor]: FULL ROTATE active (accum_rad=2.760, timed_fallback=False, stall_count=0)
[robot_supervisor-19] [INFO] [1777456369.911729975] [robot_4.robot_supervisor]: Selected controllable event: EV_move_forward
[robot_supervisor-16] [INFO] [1777456370.006159101] [robot_3.robot_supervisor]: FULL ROTATE active (accum_rad=0.209, timed_fallback=False, stall_count=0)
[robot_supervisor-13] [INFO] [1777456370.009622887] [robot_2.robot_supervisor]: FULL ROTATE active (accum_rad=2.860, timed_fallback=False, stall_count=0)
[robot_supervisor-16] [INFO] [1777456370.106126339] [robot_3.robot_supervisor]: FULL ROTATE active (accum_rad=0.309, timed_fallback=False, stall_count=0)
[robot_supervisor-13] [INFO] [1777456370.109827733] [robot_2.robot_supervisor]: FULL ROTATE active (accum_rad=2.960, timed_fallback=False, stall_count=0)
[robot_supervisor-7] [INFO] [1777456370.127754089] [robot_0.robot_supervisor]: Selected controllable event: EV_move_forward
[robot_supervisor-16] [INFO] [1777456370.206041638] [robot_3.robot_supervisor]: FULL ROTATE active (accum_rad=0.409, timed_fallback=False, stall_count=0)
[robot_supervisor-13] [INFO] [1777456370.209753533] [robot_2.robot_supervisor]: FULL ROTATE active (accum_rad=3.060, timed_fallback=False, stall_count=0)
[robot_supervisor-13] [INFO] [1777456370.210090828] [robot_2.robot_supervisor]: FULL ROTATE completed by odom (accum_rad=3.160)
[robot_supervisor-13] [INFO] [1777456370.210540671] [robot_2.robot_supervisor]: FULL ROTATE stopped; supervisor will select next event next tick
[robot_supervisor-19] [INFO] [1777456370.211677408] [robot_4.robot_supervisor]: Selected controllable event: EV_move_forward
[robot_supervisor-16] [INFO] [1777456370.306036111] [robot_3.robot_supervisor]: FULL ROTATE active (accum_rad=0.509, timed_fallback=False, stall_count=0)
[robot_supervisor-16] [INFO] [1777456370.406126133] [robot_3.robot_supervisor]: FULL ROTATE active (accum_rad=0.609, timed_fallback=False, stall_count=0)
[robot_supervisor-7] [INFO] [1777456370.427543210] [robot_0.robot_supervisor]: Selected controllable event: EV_move_forward
[robot_supervisor-16] [INFO] [1777456370.506071407] [robot_3.robot_supervisor]: FULL ROTATE active (accum_rad=0.709, timed_fallback=False, stall_count=0)
[robot_supervisor-19] [INFO] [1777456370.511917597] [robot_4.robot_supervisor]: Selected controllable event: EV_move_forward
[robot_supervisor-16] [INFO] [1777456370.605997394] [robot_3.robot_supervisor]: FULL ROTATE active (accum_rad=0.809, timed_fallback=False, stall_count=0)
[robot_supervisor-13] [INFO] [1777456370.609870441] [robot_2.robot_supervisor]: Selected controllable event: EV_move_forward
[robot_supervisor-16] [INFO] [1777456370.706280431] [robot_3.robot_supervisor]: FULL ROTATE active (accum_rad=0.909, timed_fallback=False, stall_count=0)
[robot_supervisor-7] [INFO] [1777456370.727456603] [robot_0.robot_supervisor]: Selected controllable event: EV_move_forward
[robot_supervisor-16] [INFO] [1777456370.806000695] [robot_3.robot_supervisor]: FULL ROTATE active (accum_rad=1.009, timed_fallback=False, stall_count=0)
[robot_supervisor-19] [INFO] [1777456370.812607683] [robot_4.robot_supervisor]: Selected controllable event: EV_move_forward
[robot_supervisor-16] [INFO] [1777456370.906033720] [robot_3.robot_supervisor]: FULL ROTATE active (accum_rad=1.109, timed_fallback=False, stall_count=0)
[robot_supervisor-13] [INFO] [1777456370.909751223] [robot_2.robot_supervisor]: Selected controllable event: EV_move_forward
[robot_supervisor-16] [INFO] [1777456371.006207905] [robot_3.robot_supervisor]: FULL ROTATE active (accum_rad=1.209, timed_fallback=False, stall_count=0)
[robot_supervisor-7] [INFO] [1777456371.027605476] [robot_0.robot_supervisor]: Selected controllable event: EV_move_forward
[robot_supervisor-16] [INFO] [1777456371.106140887] [robot_3.robot_supervisor]: FULL ROTATE active (accum_rad=1.309, timed_fallback=False, stall_count=0)
[robot_supervisor-19] [INFO] [1777456371.112168281] [robot_4.robot_supervisor]: Selected controllable event: EV_move_forward
[robot_supervisor-16] [INFO] [1777456371.206031914] [robot_3.robot_supervisor]: FULL ROTATE active (accum_rad=1.409, timed_fallback=False, stall_count=0)
[robot_supervisor-13] [INFO] [1777456371.209798046] [robot_2.robot_supervisor]: Selected controllable event: EV_move_forward
[robot_supervisor-10] [INFO] [1777456371.292175995] [robot_1.robot_supervisor]: Selected controllable event: EV_rotate_counterclockwise
[robot_supervisor-10] [INFO] [1777456371.292473974] [robot_1.robot_supervisor]: rotate_90 blocked by recent completion; stopping this tick
[robot_supervisor-16] [INFO] [1777456371.306017875] [robot_3.robot_supervisor]: FULL ROTATE active (accum_rad=1.509, timed_fallback=False, stall_count=0)
[robot_supervisor-7] [INFO] [1777456371.327409514] [robot_0.robot_supervisor]: Selected controllable event: EV_move_forward
[robot_supervisor-10] [INFO] [1777456371.392103728] [robot_1.robot_supervisor]: Selected controllable event: EV_rotate_counterclockwise
[robot_supervisor-10] [INFO] [1777456371.392384859] [robot_1.robot_supervisor]: rotate_90 blocked by recent completion; stopping this tick
[robot_supervisor-16] [INFO] [1777456371.406248883] [robot_3.robot_supervisor]: FULL ROTATE active (accum_rad=1.609, timed_fallback=False, stall_count=0)
[robot_supervisor-19] [INFO] [1777456371.411733173] [robot_4.robot_supervisor]: Selected controllable event: EV_move_forward
[robot_supervisor-10] [INFO] [1777456371.492437933] [robot_1.robot_supervisor]: Selected controllable event: EV_rotate_counterclockwise
[robot_supervisor-16] [INFO] [1777456371.506029677] [robot_3.robot_supervisor]: FULL ROTATE active (accum_rad=1.709, timed_fallback=False, stall_count=0)
[robot_supervisor-13] [INFO] [1777456371.509845912] [robot_2.robot_supervisor]: Selected controllable event: EV_move_forward
[robot_supervisor-16] [INFO] [1777456371.605923222] [robot_3.robot_supervisor]: FULL ROTATE active (accum_rad=1.809, timed_fallback=False, stall_count=0)
[robot_supervisor-7] [INFO] [1777456371.627725294] [robot_0.robot_supervisor]: Selected controllable event: EV_move_forward
[robot_supervisor-16] [INFO] [1777456371.705964710] [robot_3.robot_supervisor]: FULL ROTATE active (accum_rad=1.909, timed_fallback=False, stall_count=0)
[robot_supervisor-19] [INFO] [1777456371.711657225] [robot_4.robot_supervisor]: Selected controllable event: EV_move_forward
[robot_supervisor-16] [INFO] [1777456371.805895455] [robot_3.robot_supervisor]: FULL ROTATE active (accum_rad=2.009, timed_fallback=False, stall_count=0)
[robot_supervisor-13] [INFO] [1777456371.809873171] [robot_2.robot_supervisor]: Selected controllable event: EV_move_forward
[image_processor-21] [INFO] [1777456371.821138305] [robot_0.image_processor]: Zone=CLEAR
[image_processor-25] [INFO] [1777456371.835439546] [robot_4.image_processor]: Zone=CLEAR
[image_processor-23] [INFO] [1777456371.847527875] [robot_2.image_processor]: Zone=CLEAR
[image_processor-22] [INFO] [1777456371.863138849] [robot_1.image_processor]: Zone=CLEAR  left[p=2.953 near=0 v=6631]  front[p=2.953 near=0 v=9689]  right[p=2.848 near=0 v=5195]
[robot_supervisor-10] [INFO] [1777456371.864111059] [robot_1.robot_supervisor]: Detected zone changed to CLEAR
[image_processor-24] [INFO] [1777456371.871375189] [robot_3.image_processor]: Zone=RIGHT  left[p=1.787 near=0 v=7650]  front[p=0.821 near=1230 v=13500]  right[p=0.510 near=7740 v=7740]
[robot_supervisor-16] [INFO] [1777456371.871908948] [robot_3.robot_supervisor]: Detected zone changed to RIGHT
[robot_supervisor-16] [INFO] [1777456371.906163951] [robot_3.robot_supervisor]: FULL ROTATE active (accum_rad=2.109, timed_fallback=False, stall_count=0)
[robot_supervisor-7] [INFO] [1777456371.927558303] [robot_0.robot_supervisor]: Selected controllable event: EV_move_forward
[robot_supervisor-16] [INFO] [1777456372.005947057] [robot_3.robot_supervisor]: FULL ROTATE active (accum_rad=2.209, timed_fallback=False, stall_count=0)
[robot_supervisor-19] [INFO] [1777456372.011556483] [robot_4.robot_supervisor]: Selected controllable event: EV_move_forward
[robot_supervisor-16] [INFO] [1777456372.105935424] [robot_3.robot_supervisor]: FULL ROTATE active (accum_rad=2.309, timed_fallback=False, stall_count=0)
[robot_supervisor-13] [INFO] [1777456372.110252136] [robot_2.robot_supervisor]: Selected controllable event: EV_move_forward
[robot_supervisor-16] [INFO] [1777456372.205958893] [robot_3.robot_supervisor]: FULL ROTATE active (accum_rad=2.409, timed_fallback=False, stall_count=0)
[robot_supervisor-7] [INFO] [1777456372.227284911] [robot_0.robot_supervisor]: Selected controllable event: EV_move_forward
[robot_supervisor-16] [INFO] [1777456372.305968988] [robot_3.robot_supervisor]: FULL ROTATE active (accum_rad=2.509, timed_fallback=False, stall_count=0)
[robot_supervisor-19] [INFO] [1777456372.311469738] [robot_4.robot_supervisor]: Selected controllable event: EV_move_forward
[robot_supervisor-16] [INFO] [1777456372.406045775] [robot_3.robot_supervisor]: FULL ROTATE active (accum_rad=2.609, timed_fallback=False, stall_count=0)
[robot_supervisor-13] [INFO] [1777456372.409708940] [robot_2.robot_supervisor]: Selected controllable event: EV_move_forward
[robot_supervisor-16] [INFO] [1777456372.505949029] [robot_3.robot_supervisor]: FULL ROTATE active (accum_rad=2.709, timed_fallback=False, stall_count=0)
[robot_supervisor-7] [INFO] [1777456372.527304562] [robot_0.robot_supervisor]: Selected controllable event: EV_move_forward
[robot_supervisor-16] [INFO] [1777456372.605968120] [robot_3.robot_supervisor]: FULL ROTATE active (accum_rad=2.809, timed_fallback=False, stall_count=0)
[robot_supervisor-19] [INFO] [1777456372.611663578] [robot_4.robot_supervisor]: Selected controllable event: EV_move_forward
[robot_supervisor-16] [INFO] [1777456372.706000602] [robot_3.robot_supervisor]: FULL ROTATE active (accum_rad=2.909, timed_fallback=False, stall_count=0)
[robot_supervisor-13] [INFO] [1777456372.709825055] [robot_2.robot_supervisor]: Selected controllable event: EV_move_forward
[robot_supervisor-16] [INFO] [1777456372.806027991] [robot_3.robot_supervisor]: FULL ROTATE active (accum_rad=3.009, timed_fallback=False, stall_count=0)
[robot_supervisor-7] [INFO] [1777456372.827321751] [robot_0.robot_supervisor]: Selected controllable event: EV_move_forward
[robot_supervisor-16] [INFO] [1777456372.906092416] [robot_3.robot_supervisor]: FULL ROTATE active (accum_rad=3.109, timed_fallback=False, stall_count=0)
[robot_supervisor-16] [INFO] [1777456372.906568448] [robot_3.robot_supervisor]: FULL ROTATE completed by odom (accum_rad=3.209)
[robot_supervisor-16] [INFO] [1777456372.906920475] [robot_3.robot_supervisor]: FULL ROTATE stopped; supervisor will select next event next tick
[robot_supervisor-19] [INFO] [1777456372.911621083] [robot_4.robot_supervisor]: Selected controllable event: EV_move_forward
[robot_supervisor-13] [INFO] [1777456373.009877996] [robot_2.robot_supervisor]: Selected controllable event: EV_move_forward
[robot_supervisor-7] [INFO] [1777456373.127182801] [robot_0.robot_supervisor]: Selected controllable event: EV_move_forward
[robot_supervisor-19] [INFO] [1777456373.211555410] [robot_4.robot_supervisor]: Selected controllable event: EV_move_forward
[robot_supervisor-16] [INFO] [1777456373.306460132] [robot_3.robot_supervisor]: Selected controllable event: EV_rotate_counterclockwise
[robot_supervisor-13] [INFO] [1777456373.310227897] [robot_2.robot_supervisor]: Selected controllable event: EV_move_forward
[robot_supervisor-7] [INFO] [1777456373.427948713] [robot_0.robot_supervisor]: Selected controllable event: EV_move_forward
[robot_supervisor-19] [INFO] [1777456373.511487987] [robot_4.robot_supervisor]: Selected controllable event: EV_move_forward
[robot_supervisor-13] [INFO] [1777456373.609870819] [robot_2.robot_supervisor]: Selected controllable event: EV_move_forward
[robot_supervisor-10] [INFO] [1777456373.692133055] [robot_1.robot_supervisor]: Selected controllable event: EV_move_forward
[robot_supervisor-7] [INFO] [1777456373.727234616] [robot_0.robot_supervisor]: Selected controllable event: EV_move_forward
[robot_supervisor-19] [INFO] [1777456373.811506848] [robot_4.robot_supervisor]: Selected controllable event: EV_move_forward
[robot_supervisor-13] [INFO] [1777456373.909881886] [robot_2.robot_supervisor]: Selected controllable event: EV_move_forward
[robot_supervisor-10] [INFO] [1777456373.992292537] [robot_1.robot_supervisor]: Selected controllable event: EV_move_forward
[robot_supervisor-7] [INFO] [1777456374.027384176] [robot_0.robot_supervisor]: Selected controllable event: EV_move_forward
[robot_supervisor-19] [INFO] [1777456374.111560971] [robot_4.robot_supervisor]: Selected controllable event: EV_move_forward
[robot_supervisor-13] [INFO] [1777456374.209919475] [robot_2.robot_supervisor]: Selected controllable event: EV_move_forward
[robot_supervisor-10] [INFO] [1777456374.292419539] [robot_1.robot_supervisor]: Selected controllable event: EV_move_forward
[image_processor-21] [INFO] [1777456374.318618876] [robot_0.image_processor]: Zone=CLEAR
[robot_supervisor-7] [INFO] [1777456374.327497494] [robot_0.robot_supervisor]: Selected controllable event: EV_move_forward
[image_processor-25] [INFO] [1777456374.333142698] [robot_4.image_processor]: Zone=CLEAR
[image_processor-23] [INFO] [1777456374.344121365] [robot_2.image_processor]: Zone=CLEAR
[image_processor-22] [INFO] [1777456374.353459813] [robot_1.image_processor]: Zone=CORNER  left[p=0.273 near=7650 v=7650]  front[p=0.396 near=10491 v=13500]  right[p=3.175 near=0 v=7740]
[robot_supervisor-10] [INFO] [1777456374.354230927] [robot_1.robot_supervisor]: Detected zone changed to CORNER
[image_processor-24] [INFO] [1777456374.363024312] [robot_3.image_processor]: Zone=LEFT  left[p=0.531 near=5276 v=7650]  front[p=1.515 near=0 v=13500]  right[p=1.284 near=0 v=7740]
[robot_supervisor-16] [INFO] [1777456374.363770070] [robot_3.robot_supervisor]: Detected zone changed to LEFT
[robot_supervisor-19] [INFO] [1777456374.411433513] [robot_4.robot_supervisor]: Selected controllable event: EV_move_forward
[robot_supervisor-13] [INFO] [1777456374.510097063] [robot_2.robot_supervisor]: Selected controllable event: EV_move_forward
[robot_supervisor-10] [INFO] [1777456374.592135742] [robot_1.robot_supervisor]: Selected controllable event: EV_move_backward
[robot_supervisor-7] [INFO] [1777456374.627424811] [robot_0.robot_supervisor]: Selected controllable event: EV_move_forward
[robot_supervisor-19] [INFO] [1777456374.711552446] [robot_4.robot_supervisor]: Selected controllable event: EV_move_forward
[robot_supervisor-13] [INFO] [1777456374.809795679] [robot_2.robot_supervisor]: Selected controllable event: EV_move_forward
[robot_supervisor-7] [INFO] [1777456374.927969824] [robot_0.robot_supervisor]: Selected controllable event: EV_move_forward
[robot_supervisor-10] [INFO] [1777456374.992086452] [robot_1.robot_supervisor]: Selected controllable event: EV_rotate_counterclockwise
[robot_supervisor-19] [INFO] [1777456375.012052930] [robot_4.robot_supervisor]: Selected controllable event: EV_move_forward
[robot_supervisor-13] [INFO] [1777456375.109909796] [robot_2.robot_supervisor]: Selected controllable event: EV_move_forward
[robot_supervisor-7] [INFO] [1777456375.227421255] [robot_0.robot_supervisor]: Selected controllable event: EV_move_forward
[robot_supervisor-19] [INFO] [1777456375.311937607] [robot_4.robot_supervisor]: Selected controllable event: EV_move_forward
[robot_supervisor-16] [INFO] [1777456375.406130321] [robot_3.robot_supervisor]: Selected controllable event: EV_rotate_clockwise
[robot_supervisor-16] [INFO] [1777456375.406540221] [robot_3.robot_supervisor]: rotate_90 blocked by recent completion; stopping this tick
[robot_supervisor-13] [INFO] [1777456375.409753304] [robot_2.robot_supervisor]: Selected controllable event: EV_move_forward
[robot_supervisor-16] [INFO] [1777456375.506085960] [robot_3.robot_supervisor]: Selected controllable event: EV_rotate_clockwise
[robot_supervisor-16] [INFO] [1777456375.506464573] [robot_3.robot_supervisor]: rotate_90 blocked by recent completion; stopping this tick
[robot_supervisor-7] [INFO] [1777456375.527663102] [robot_0.robot_supervisor]: Selected controllable event: EV_move_forward
[robot_supervisor-16] [INFO] [1777456375.606143987] [robot_3.robot_supervisor]: Selected controllable event: EV_rotate_clockwise
[robot_supervisor-16] [INFO] [1777456375.606551733] [robot_3.robot_supervisor]: rotate_90 blocked by recent completion; stopping this tick
[robot_supervisor-19] [INFO] [1777456375.611939415] [robot_4.robot_supervisor]: Selected controllable event: EV_move_forward
[robot_supervisor-16] [INFO] [1777456375.706106455] [robot_3.robot_supervisor]: Selected controllable event: EV_rotate_clockwise
[robot_supervisor-13] [INFO] [1777456375.709650791] [robot_2.robot_supervisor]: Selected controllable event: EV_move_forward
[robot_supervisor-7] [INFO] [1777456375.827517105] [robot_0.robot_supervisor]: Selected controllable event: EV_move_forward
[robot_supervisor-19] [INFO] [1777456375.911639675] [robot_4.robot_supervisor]: Selected controllable event: EV_move_forward
[robot_supervisor-13] [INFO] [1777456376.009625728] [robot_2.robot_supervisor]: Selected controllable event: EV_move_forward
[robot_supervisor-7] [INFO] [1777456376.127466550] [robot_0.robot_supervisor]: Selected controllable event: EV_move_forward
[robot_supervisor-19] [INFO] [1777456376.211715216] [robot_4.robot_supervisor]: Selected controllable event: EV_move_forward
[robot_supervisor-13] [INFO] [1777456376.310084289] [robot_2.robot_supervisor]: Selected controllable event: EV_move_forward
[robot_supervisor-7] [INFO] [1777456376.427315342] [robot_0.robot_supervisor]: Selected controllable event: EV_move_forward
[robot_supervisor-19] [INFO] [1777456376.511869383] [robot_4.robot_supervisor]: Selected controllable event: EV_move_forward
[robot_supervisor-13] [INFO] [1777456376.609949317] [robot_2.robot_supervisor]: Selected controllable event: EV_move_forward
[robot_supervisor-7] [INFO] [1777456376.727742696] [robot_0.robot_supervisor]: Selected controllable event: EV_move_forward
[robot_supervisor-19] [INFO] [1777456376.811617165] [robot_4.robot_supervisor]: Selected controllable event: EV_move_forward
[image_processor-21] [INFO] [1777456376.821136914] [robot_0.image_processor]: Zone=CORNER  left[p=2.522 near=0 v=7429]  front[p=0.547 near=9002 v=13500]  right[p=0.500 near=7740 v=7740]
[robot_supervisor-7] [INFO] [1777456376.821932746] [robot_0.robot_supervisor]: Detected zone changed to CORNER
[image_processor-25] [INFO] [1777456376.836986073] [robot_4.image_processor]: Zone=CLEAR
[image_processor-23] [INFO] [1777456376.849685490] [robot_2.image_processor]: Zone=CLEAR
[image_processor-22] [INFO] [1777456376.862174668] [robot_1.image_processor]: Zone=RIGHT  left[p=1.190 near=0 v=7650]  front[p=1.327 near=608 v=13500]  right[p=0.228 near=7740 v=7740]
[robot_supervisor-10] [INFO] [1777456376.862600574] [robot_1.robot_supervisor]: Detected zone changed to RIGHT
[image_processor-24] [INFO] [1777456376.875061756] [robot_3.image_processor]: Zone=LEFT
[robot_supervisor-13] [INFO] [1777456376.909957125] [robot_2.robot_supervisor]: Selected controllable event: EV_move_forward
[robot_supervisor-7] [INFO] [1777456377.027464250] [robot_0.robot_supervisor]: Selected controllable event: EV_move_backward
[robot_supervisor-10] [INFO] [1777456377.092092523] [robot_1.robot_supervisor]: Selected controllable event: EV_rotate_counterclockwise
[robot_supervisor-10] [INFO] [1777456377.092431402] [robot_1.robot_supervisor]: rotate_90 blocked by recent completion; stopping this tick
[robot_supervisor-19] [INFO] [1777456377.111682611] [robot_4.robot_supervisor]: Selected controllable event: EV_move_forward
[robot_supervisor-10] [INFO] [1777456377.192147090] [robot_1.robot_supervisor]: Selected controllable event: EV_rotate_counterclockwise
[robot_supervisor-10] [INFO] [1777456377.192558955] [robot_1.robot_supervisor]: rotate_90 blocked by recent completion; stopping this tick
[robot_supervisor-13] [INFO] [1777456377.209928062] [robot_2.robot_supervisor]: Selected controllable event: EV_move_forward
[robot_supervisor-10] [INFO] [1777456377.292128154] [robot_1.robot_supervisor]: Selected controllable event: EV_rotate_counterclockwise
[robot_supervisor-10] [INFO] [1777456377.292522451] [robot_1.robot_supervisor]: rotate_90 blocked by recent completion; stopping this tick
[robot_supervisor-10] [INFO] [1777456377.391984848] [robot_1.robot_supervisor]: Selected controllable event: EV_rotate_counterclockwise
[robot_supervisor-19] [INFO] [1777456377.411552827] [robot_4.robot_supervisor]: Selected controllable event: EV_move_forward
[robot_supervisor-7] [INFO] [1777456377.427235965] [robot_0.robot_supervisor]: Selected controllable event: EV_rotate_counterclockwise
[robot_supervisor-13] [INFO] [1777456377.509869485] [robot_2.robot_supervisor]: Selected controllable event: EV_move_forward
[robot_supervisor-19] [INFO] [1777456377.711743011] [robot_4.robot_supervisor]: Selected controllable event: EV_move_forward
[robot_supervisor-13] [INFO] [1777456377.809966012] [robot_2.robot_supervisor]: Selected controllable event: EV_move_forward
[robot_supervisor-16] [INFO] [1777456377.906162606] [robot_3.robot_supervisor]: Selected controllable event: EV_rotate_clockwise
[robot_supervisor-16] [INFO] [1777456377.906495277] [robot_3.robot_supervisor]: rotate_90 blocked by recent completion; stopping this tick
[robot_supervisor-16] [INFO] [1777456378.005879931] [robot_3.robot_supervisor]: Selected controllable event: EV_rotate_clockwise
[robot_supervisor-16] [INFO] [1777456378.006122676] [robot_3.robot_supervisor]: rotate_90 blocked by recent completion; stopping this tick
[robot_supervisor-19] [INFO] [1777456378.011650988] [robot_4.robot_supervisor]: Selected controllable event: EV_move_forward
[robot_supervisor-16] [INFO] [1777456378.106254879] [robot_3.robot_supervisor]: Selected controllable event: EV_rotate_clockwise
[robot_supervisor-13] [INFO] [1777456378.109879286] [robot_2.robot_supervisor]: Selected controllable event: EV_move_forward
[robot_supervisor-19] [INFO] [1777456378.311698688] [robot_4.robot_supervisor]: Selected controllable event: EV_move_forward
[robot_supervisor-13] [INFO] [1777456378.409606458] [robot_2.robot_supervisor]: Selected controllable event: EV_move_forward
[robot_supervisor-19] [INFO] [1777456378.611701334] [robot_4.robot_supervisor]: Selected controllable event: EV_move_forward
[robot_supervisor-13] [INFO] [1777456378.709653345] [robot_2.robot_supervisor]: Selected controllable event: EV_move_forward
[robot_supervisor-19] [INFO] [1777456378.911556357] [robot_4.robot_supervisor]: Selected controllable event: EV_move_forward
[robot_supervisor-13] [INFO] [1777456379.009657976] [robot_2.robot_supervisor]: Selected controllable event: EV_move_forward
[robot_supervisor-19] [INFO] [1777456379.211693708] [robot_4.robot_supervisor]: Selected controllable event: EV_move_forward
[robot_supervisor-13] [INFO] [1777456379.309687217] [robot_2.robot_supervisor]: Selected controllable event: EV_move_forward
[image_processor-21] [INFO] [1777456379.322031620] [robot_0.image_processor]: Zone=CLEAR  left[p=3.040 near=0 v=6556]  front[p=3.299 near=0 v=10831]  right[p=2.475 near=0 v=6599]
[robot_supervisor-7] [INFO] [1777456379.323216406] [robot_0.robot_supervisor]: Detected zone changed to CLEAR
[image_processor-25] [INFO] [1777456379.344426576] [robot_4.image_processor]: Zone=CLEAR
[image_processor-23] [INFO] [1777456379.355964242] [robot_2.image_processor]: Zone=CLEAR
[image_processor-22] [INFO] [1777456379.371516425] [robot_1.image_processor]: Zone=RIGHT
[image_processor-24] [INFO] [1777456379.382545674] [robot_3.image_processor]: Zone=RIGHT  left[p=1.498 near=0 v=7650]  front[p=1.740 near=0 v=13500]  right[p=0.573 near=4501 v=7740]
[robot_supervisor-16] [INFO] [1777456379.383055167] [robot_3.robot_supervisor]: Detected zone changed to RIGHT
[robot_supervisor-10] [INFO] [1777456379.492322185] [robot_1.robot_supervisor]: Selected controllable event: EV_rotate_counterclockwise
[robot_supervisor-10] [INFO] [1777456379.492793333] [robot_1.robot_supervisor]: rotate_90 blocked by recent completion; stopping this tick
[robot_supervisor-19] [INFO] [1777456379.511475435] [robot_4.robot_supervisor]: Selected controllable event: EV_move_forward
[robot_supervisor-7] [INFO] [1777456379.527480134] [robot_0.robot_supervisor]: Selected controllable event: EV_move_forward
[robot_supervisor-10] [INFO] [1777456379.592440124] [robot_1.robot_supervisor]: Selected controllable event: EV_rotate_counterclockwise
[robot_supervisor-10] [INFO] [1777456379.592837827] [robot_1.robot_supervisor]: rotate_90 blocked by recent completion; stopping this tick
[robot_supervisor-13] [INFO] [1777456379.609787700] [robot_2.robot_supervisor]: Selected controllable event: EV_move_forward
[robot_supervisor-10] [INFO] [1777456379.691982295] [robot_1.robot_supervisor]: Selected controllable event: EV_rotate_counterclockwise
[robot_supervisor-10] [INFO] [1777456379.692370071] [robot_1.robot_supervisor]: rotate_90 blocked by recent completion; stopping this tick
[robot_supervisor-10] [INFO] [1777456379.792139566] [robot_1.robot_supervisor]: Selected controllable event: EV_rotate_counterclockwise
[robot_supervisor-19] [INFO] [1777456379.811514357] [robot_4.robot_supervisor]: Selected controllable event: EV_move_forward
[robot_supervisor-7] [INFO] [1777456379.827535430] [robot_0.robot_supervisor]: Selected controllable event: EV_move_forward
[robot_supervisor-13] [INFO] [1777456379.909686120] [robot_2.robot_supervisor]: Selected controllable event: EV_move_forward
[robot_supervisor-19] [INFO] [1777456380.111769559] [robot_4.robot_supervisor]: Selected controllable event: EV_move_forward
[robot_supervisor-7] [INFO] [1777456380.127579595] [robot_0.robot_supervisor]: Selected controllable event: EV_move_forward
[robot_supervisor-13] [INFO] [1777456380.209844343] [robot_2.robot_supervisor]: Selected controllable event: EV_move_forward
[robot_supervisor-16] [INFO] [1777456380.306081775] [robot_3.robot_supervisor]: Selected controllable event: EV_rotate_counterclockwise
[robot_supervisor-16] [INFO] [1777456380.306470074] [robot_3.robot_supervisor]: rotate_90 blocked by recent completion; stopping this tick
[robot_supervisor-16] [INFO] [1777456380.406327923] [robot_3.robot_supervisor]: Selected controllable event: EV_rotate_counterclockwise
[robot_supervisor-16] [INFO] [1777456380.406721585] [robot_3.robot_supervisor]: rotate_90 blocked by recent completion; stopping this tick
[robot_supervisor-19] [INFO] [1777456380.411691236] [robot_4.robot_supervisor]: Selected controllable event: EV_move_forward
[robot_supervisor-7] [INFO] [1777456380.427626282] [robot_0.robot_supervisor]: Selected controllable event: EV_move_forward
[robot_supervisor-16] [INFO] [1777456380.506243643] [robot_3.robot_supervisor]: Selected controllable event: EV_rotate_counterclockwise
[robot_supervisor-13] [INFO] [1777456380.509688962] [robot_2.robot_supervisor]: Selected controllable event: EV_move_forward
[robot_supervisor-19] [INFO] [1777456380.711693781] [robot_4.robot_supervisor]: Selected controllable event: EV_move_forward
[robot_supervisor-7] [INFO] [1777456380.727408790] [robot_0.robot_supervisor]: Selected controllable event: EV_move_forward
[robot_supervisor-13] [INFO] [1777456380.809824969] [robot_2.robot_supervisor]: Selected controllable event: EV_move_forward
[robot_supervisor-19] [INFO] [1777456381.011873703] [robot_4.robot_supervisor]: Selected controllable event: EV_move_forward
[robot_supervisor-7] [INFO] [1777456381.027387605] [robot_0.robot_supervisor]: Selected controllable event: EV_move_forward
[robot_supervisor-13] [INFO] [1777456381.109699924] [robot_2.robot_supervisor]: Selected controllable event: EV_move_forward
[robot_supervisor-19] [INFO] [1777456381.311488888] [robot_4.robot_supervisor]: Selected controllable event: EV_move_forward
[robot_supervisor-7] [INFO] [1777456381.327508581] [robot_0.robot_supervisor]: Selected controllable event: EV_move_forward
[robot_supervisor-13] [INFO] [1777456381.409705927] [robot_2.robot_supervisor]: Selected controllable event: EV_move_forward
[robot_supervisor-19] [INFO] [1777456381.611774320] [robot_4.robot_supervisor]: Selected controllable event: EV_move_forward
[robot_supervisor-7] [INFO] [1777456381.627418365] [robot_0.robot_supervisor]: Selected controllable event: EV_move_forward
[robot_supervisor-13] [INFO] [1777456381.709925962] [robot_2.robot_supervisor]: Selected controllable event: EV_move_forward
[image_processor-21] [INFO] [1777456381.825034420] [robot_0.image_processor]: Zone=CLEAR
[image_processor-25] [INFO] [1777456381.842048967] [robot_4.image_processor]: Zone=CLEAR
[image_processor-23] [INFO] [1777456381.855191521] [robot_2.image_processor]: Zone=LEFT  left[p=0.500 near=7650 v=7650]  front[p=0.681 near=4707 v=13288]  right[p=3.241 near=0 v=5640]
[robot_supervisor-13] [INFO] [1777456381.855971787] [robot_2.robot_supervisor]: Detected zone changed to LEFT
[image_processor-22] [INFO] [1777456381.875698153] [robot_1.image_processor]: Zone=CLEAR  left[p=3.194 near=0 v=6745]  front[p=2.566 near=0 v=9948]  right[p=2.408 near=0 v=5191]
[robot_supervisor-10] [INFO] [1777456381.876523079] [robot_1.robot_supervisor]: Detected zone changed to CLEAR
[robot_supervisor-10] [INFO] [1777456381.892123432] [robot_1.robot_supervisor]: Selected controllable event: EV_move_forward
[robot_supervisor-19] [INFO] [1777456381.911588692] [robot_4.robot_supervisor]: Selected controllable event: EV_move_forward
[robot_supervisor-7] [INFO] [1777456381.927770008] [robot_0.robot_supervisor]: Selected controllable event: EV_move_forward
[image_processor-24] [INFO] [1777456381.987561140] [robot_3.image_processor]: Zone=RIGHT
[robot_supervisor-13] [INFO] [1777456382.010079421] [robot_2.robot_supervisor]: Selected controllable event: EV_rotate_clockwise
[robot_supervisor-10] [INFO] [1777456382.192144007] [robot_1.robot_supervisor]: Selected controllable event: EV_move_forward
[robot_supervisor-19] [INFO] [1777456382.211857039] [robot_4.robot_supervisor]: Selected controllable event: EV_move_forward
[robot_supervisor-7] [INFO] [1777456382.227296305] [robot_0.robot_supervisor]: Selected controllable event: EV_move_forward
[robot_supervisor-10] [INFO] [1777456382.491922211] [robot_1.robot_supervisor]: Selected controllable event: EV_move_forward
[robot_supervisor-19] [INFO] [1777456382.511773772] [robot_4.robot_supervisor]: Selected controllable event: EV_move_forward
[robot_supervisor-7] [INFO] [1777456382.527787385] [robot_0.robot_supervisor]: Selected controllable event: EV_move_forward
[robot_supervisor-16] [INFO] [1777456382.706042237] [robot_3.robot_supervisor]: Selected controllable event: EV_rotate_counterclockwise
[robot_supervisor-16] [INFO] [1777456382.706247005] [robot_3.robot_supervisor]: rotate_90 blocked by recent completion; stopping this tick
[robot_supervisor-10] [INFO] [1777456382.792184187] [robot_1.robot_supervisor]: Selected controllable event: EV_move_forward
[robot_supervisor-16] [INFO] [1777456382.805886907] [robot_3.robot_supervisor]: Selected controllable event: EV_rotate_counterclockwise
[robot_supervisor-16] [INFO] [1777456382.806075063] [robot_3.robot_supervisor]: rotate_90 blocked by recent completion; stopping this tick
[robot_supervisor-19] [INFO] [1777456382.811954141] [robot_4.robot_supervisor]: Selected controllable event: EV_move_forward
[robot_supervisor-7] [INFO] [1777456382.827672825] [robot_0.robot_supervisor]: Selected controllable event: EV_move_forward
[robot_supervisor-16] [INFO] [1777456382.906177368] [robot_3.robot_supervisor]: Selected controllable event: EV_rotate_counterclockwise
[robot_supervisor-10] [INFO] [1777456383.092214379] [robot_1.robot_supervisor]: Selected controllable event: EV_move_forward
[robot_supervisor-19] [INFO] [1777456383.111701579] [robot_4.robot_supervisor]: Selected controllable event: EV_move_forward
[robot_supervisor-7] [INFO] [1777456383.127700625] [robot_0.robot_supervisor]: Selected controllable event: EV_move_forward
[robot_supervisor-10] [INFO] [1777456383.391883922] [robot_1.robot_supervisor]: Selected controllable event: EV_move_forward
[robot_supervisor-19] [INFO] [1777456383.411700078] [robot_4.robot_supervisor]: Selected controllable event: EV_move_forward
[robot_supervisor-7] [INFO] [1777456383.427601574] [robot_0.robot_supervisor]: Selected controllable event: EV_move_forward
[robot_supervisor-10] [INFO] [1777456383.692012018] [robot_1.robot_supervisor]: Selected controllable event: EV_move_forward
[robot_supervisor-19] [INFO] [1777456383.711890841] [robot_4.robot_supervisor]: Selected controllable event: EV_move_forward
[robot_supervisor-7] [INFO] [1777456383.727468319] [robot_0.robot_supervisor]: Selected controllable event: EV_move_forward
[robot_supervisor-10] [INFO] [1777456383.991880288] [robot_1.robot_supervisor]: Selected controllable event: EV_move_forward
[robot_supervisor-19] [INFO] [1777456384.011689824] [robot_4.robot_supervisor]: Selected controllable event: EV_move_forward
[robot_supervisor-7] [INFO] [1777456384.027602432] [robot_0.robot_supervisor]: Selected controllable event: EV_move_forward
[robot_supervisor-13] [INFO] [1777456384.109854523] [robot_2.robot_supervisor]: Selected controllable event: EV_rotate_clockwise
[robot_supervisor-13] [INFO] [1777456384.110126393] [robot_2.robot_supervisor]: rotate_90 blocked by recent completion; stopping this tick
[robot_supervisor-13] [INFO] [1777456384.209850374] [robot_2.robot_supervisor]: Selected controllable event: EV_rotate_clockwise
[robot_supervisor-13] [INFO] [1777456384.210222928] [robot_2.robot_supervisor]: rotate_90 blocked by recent completion; stopping this tick
[robot_supervisor-10] [INFO] [1777456384.292169432] [robot_1.robot_supervisor]: Selected controllable event: EV_move_forward
[robot_supervisor-13] [INFO] [1777456384.309938617] [robot_2.robot_supervisor]: Selected controllable event: EV_rotate_clockwise
[robot_supervisor-13] [INFO] [1777456384.310305089] [robot_2.robot_supervisor]: rotate_90 blocked by recent completion; stopping this tick
[robot_supervisor-19] [INFO] [1777456384.311773538] [robot_4.robot_supervisor]: Selected controllable event: EV_move_forward
[image_processor-21] [INFO] [1777456384.321159142] [robot_0.image_processor]: Zone=CLEAR
[robot_supervisor-7] [INFO] [1777456384.327585146] [robot_0.robot_supervisor]: Selected controllable event: EV_move_forward
[image_processor-25] [INFO] [1777456384.334709465] [robot_4.image_processor]: Zone=CLEAR
[image_processor-23] [INFO] [1777456384.353910432] [robot_2.image_processor]: Zone=LEFT
[image_processor-22] [INFO] [1777456384.366668415] [robot_1.image_processor]: Zone=RIGHT  left[p=3.438 near=0 v=6870]  front[p=2.746 near=518 v=10631]  right[p=0.592 near=869 v=5412]
[robot_supervisor-10] [INFO] [1777456384.367415295] [robot_1.robot_supervisor]: Detected zone changed to RIGHT
[image_processor-24] [INFO] [1777456384.374615679] [robot_3.image_processor]: Zone=CORNER  left[p=0.480 near=7650 v=7650]  front[p=0.655 near=4563 v=13500]  right[p=1.206 near=0 v=7740]
[robot_supervisor-16] [INFO] [1777456384.375327349] [robot_3.robot_supervisor]: Detected zone changed to CORNER
[robot_supervisor-13] [INFO] [1777456384.409624184] [robot_2.robot_supervisor]: Selected controllable event: EV_rotate_clockwise
[robot_supervisor-10] [INFO] [1777456384.592135699] [robot_1.robot_supervisor]: Selected controllable event: EV_rotate_counterclockwise
[robot_supervisor-19] [INFO] [1777456384.611673223] [robot_4.robot_supervisor]: Selected controllable event: EV_move_forward
[robot_supervisor-7] [INFO] [1777456384.627611671] [robot_0.robot_supervisor]: Selected controllable event: EV_move_forward
[robot_supervisor-19] [INFO] [1777456384.911625975] [robot_4.robot_supervisor]: Selected controllable event: EV_move_forward
[robot_supervisor-7] [INFO] [1777456384.927594635] [robot_0.robot_supervisor]: Selected controllable event: EV_move_forward
[robot_supervisor-16] [INFO] [1777456385.006113303] [robot_3.robot_supervisor]: Selected controllable event: EV_move_backward
[robot_supervisor-19] [INFO] [1777456385.211599313] [robot_4.robot_supervisor]: Selected controllable event: EV_move_forward
[robot_supervisor-7] [INFO] [1777456385.227407616] [robot_0.robot_supervisor]: Selected controllable event: EV_move_forward
[robot_supervisor-16] [INFO] [1777456385.406222408] [robot_3.robot_supervisor]: Selected controllable event: EV_rotate_counterclockwise
[robot_supervisor-19] [INFO] [1777456385.511544244] [robot_4.robot_supervisor]: Selected controllable event: EV_move_forward
[robot_supervisor-7] [INFO] [1777456385.527442984] [robot_0.robot_supervisor]: Selected controllable event: EV_move_forward
[robot_supervisor-19] [INFO] [1777456385.811950207] [robot_4.robot_supervisor]: Selected controllable event: EV_move_forward
[robot_supervisor-7] [INFO] [1777456385.827772861] [robot_0.robot_supervisor]: Selected controllable event: EV_move_forward
[bump_counter-3] [INFO] [1777456385.837526914] [bump_counter]: [global] bump #2 (robot) with: robot_1<->robot_4
[robot_supervisor-19] [INFO] [1777456386.111642895] [robot_4.robot_supervisor]: Selected controllable event: EV_move_forward
[robot_supervisor-7] [INFO] [1777456386.127232448] [robot_0.robot_supervisor]: Selected controllable event: EV_move_forward
[robot_supervisor-19] [INFO] [1777456386.411480783] [robot_4.robot_supervisor]: Selected controllable event: EV_move_forward
[robot_supervisor-7] [INFO] [1777456386.427512426] [robot_0.robot_supervisor]: Selected controllable event: EV_move_forward
[robot_supervisor-13] [INFO] [1777456386.609775171] [robot_2.robot_supervisor]: Selected controllable event: EV_rotate_clockwise
[robot_supervisor-13] [INFO] [1777456386.610026212] [robot_2.robot_supervisor]: rotate_90 blocked by recent completion; stopping this tick
[robot_supervisor-13] [INFO] [1777456386.709630856] [robot_2.robot_supervisor]: Selected controllable event: EV_rotate_clockwise
[robot_supervisor-13] [INFO] [1777456386.709797259] [robot_2.robot_supervisor]: rotate_90 blocked by recent completion; stopping this tick
[robot_supervisor-19] [INFO] [1777456386.711477441] [robot_4.robot_supervisor]: Selected controllable event: EV_move_forward
[robot_supervisor-7] [INFO] [1777456386.727455248] [robot_0.robot_supervisor]: Selected controllable event: EV_move_forward
[robot_supervisor-10] [INFO] [1777456386.792378594] [robot_1.robot_supervisor]: Selected controllable event: EV_rotate_counterclockwise
[robot_supervisor-10] [INFO] [1777456386.792869428] [robot_1.robot_supervisor]: rotate_90 blocked by recent completion; stopping this tick
[robot_supervisor-13] [INFO] [1777456386.809666606] [robot_2.robot_supervisor]: Selected controllable event: EV_rotate_clockwise
[image_processor-21] [INFO] [1777456386.821865593] [robot_0.image_processor]: Zone=CLEAR
[image_processor-25] [INFO] [1777456386.834790072] [robot_4.image_processor]: Zone=CLEAR
[image_processor-22] [INFO] [1777456386.851035323] [robot_1.image_processor]: Zone=CORNER  left[p=0.394 near=7650 v=7650]  front[p=0.521 near=7200 v=13500]  right[p=2.657 near=0 v=7740]
[robot_supervisor-10] [INFO] [1777456386.852062798] [robot_1.robot_supervisor]: Detected zone changed to CORNER
[image_processor-24] [INFO] [1777456386.872191524] [robot_3.image_processor]: Zone=LEFT  left[p=0.669 near=3372 v=7643]  front[p=2.438 near=0 v=6391]  right[p=2.995 near=140 v=5786]
[robot_supervisor-16] [INFO] [1777456386.872886200] [robot_3.robot_supervisor]: Detected zone changed to LEFT
[robot_supervisor-10] [INFO] [1777456386.891974291] [robot_1.robot_supervisor]: Selected controllable event: EV_move_backward
[image_processor-23] [INFO] [1777456386.941168953] [robot_2.image_processor]: Zone=CLEAR  left[p=2.824 near=0 v=7650]  front[p=2.397 near=0 v=13500]  right[p=2.158 near=0 v=7740]
[robot_supervisor-13] [INFO] [1777456386.941667273] [robot_2.robot_supervisor]: Detected zone changed to CLEAR
[robot_supervisor-19] [INFO] [1777456387.011496670] [robot_4.robot_supervisor]: Selected controllable event: EV_move_forward
[robot_supervisor-7] [INFO] [1777456387.027641301] [robot_0.robot_supervisor]: Selected controllable event: EV_move_forward
[robot_supervisor-10] [INFO] [1777456387.291879030] [robot_1.robot_supervisor]: Selected controllable event: EV_rotate_counterclockwise
[robot_supervisor-19] [INFO] [1777456387.311773856] [robot_4.robot_supervisor]: Selected controllable event: EV_move_forward
[robot_supervisor-7] [INFO] [1777456387.327436489] [robot_0.robot_supervisor]: Selected controllable event: EV_move_forward
[robot_supervisor-16] [INFO] [1777456387.506119350] [robot_3.robot_supervisor]: Selected controllable event: EV_rotate_clockwise
[robot_supervisor-16] [INFO] [1777456387.506531275] [robot_3.robot_supervisor]: rotate_90 blocked by recent completion; stopping this tick
[robot_supervisor-16] [INFO] [1777456387.606248865] [robot_3.robot_supervisor]: Selected controllable event: EV_rotate_clockwise
[robot_supervisor-16] [INFO] [1777456387.606626425] [robot_3.robot_supervisor]: rotate_90 blocked by recent completion; stopping this tick
[robot_supervisor-19] [INFO] [1777456387.611863211] [robot_4.robot_supervisor]: Selected controllable event: EV_move_forward
[robot_supervisor-7] [INFO] [1777456387.627579135] [robot_0.robot_supervisor]: Selected controllable event: EV_move_forward
[robot_supervisor-16] [INFO] [1777456387.705947514] [robot_3.robot_supervisor]: Selected controllable event: EV_rotate_clockwise
[robot_supervisor-16] [INFO] [1777456387.706207752] [robot_3.robot_supervisor]: rotate_90 blocked by recent completion; stopping this tick
[robot_supervisor-16] [INFO] [1777456387.805867197] [robot_3.robot_supervisor]: Selected controllable event: EV_rotate_clockwise
[robot_supervisor-19] [INFO] [1777456387.911487148] [robot_4.robot_supervisor]: Selected controllable event: EV_move_forward
[robot_supervisor-7] [INFO] [1777456387.927484832] [robot_0.robot_supervisor]: Selected controllable event: EV_move_forward
[robot_supervisor-19] [INFO] [1777456388.211698308] [robot_4.robot_supervisor]: Selected controllable event: EV_move_forward
[robot_supervisor-7] [INFO] [1777456388.227223026] [robot_0.robot_supervisor]: Selected controllable event: EV_move_forward
[robot_supervisor-19] [INFO] [1777456388.511758512] [robot_4.robot_supervisor]: Selected controllable event: EV_move_forward
[robot_supervisor-7] [INFO] [1777456388.527386205] [robot_0.robot_supervisor]: Selected controllable event: EV_move_forward
[robot_supervisor-19] [INFO] [1777456388.811560290] [robot_4.robot_supervisor]: Selected controllable event: EV_move_forward
[robot_supervisor-7] [INFO] [1777456388.827530073] [robot_0.robot_supervisor]: Selected controllable event: EV_move_forward
[robot_supervisor-13] [INFO] [1777456388.909870916] [robot_2.robot_supervisor]: Selected controllable event: EV_move_forward
[robot_supervisor-19] [INFO] [1777456389.111719551] [robot_4.robot_supervisor]: Selected controllable event: EV_move_forward
[robot_supervisor-7] [INFO] [1777456389.127506717] [robot_0.robot_supervisor]: Selected controllable event: EV_move_forward
[robot_supervisor-13] [INFO] [1777456389.210039955] [robot_2.robot_supervisor]: Selected controllable event: EV_move_forward
[image_processor-21] [INFO] [1777456389.318632716] [robot_0.image_processor]: Zone=CLEAR
[image_processor-25] [INFO] [1777456389.331112922] [robot_4.image_processor]: Zone=CORNER  left[p=0.405 near=7650 v=7650]  front[p=0.355 near=11829 v=13500]  right[p=1.731 near=0 v=7740]
[robot_supervisor-19] [INFO] [1777456389.331662353] [robot_4.robot_supervisor]: Detected zone changed to CORNER
[image_processor-23] [INFO] [1777456389.339608316] [robot_2.image_processor]: Zone=RIGHT  left[p=0.641 near=5353 v=7650]  front[p=2.295 near=0 v=13500]  right[p=0.433 near=3553 v=7740]
[robot_supervisor-13] [INFO] [1777456389.340177706] [robot_2.robot_supervisor]: Detected zone changed to RIGHT
[image_processor-22] [INFO] [1777456389.351252568] [robot_1.image_processor]: Zone=RIGHT  left[p=1.803 near=0 v=7650]  front[p=1.686 near=0 v=13500]  right[p=0.408 near=5067 v=7740]
[robot_supervisor-10] [INFO] [1777456389.351727257] [robot_1.robot_supervisor]: Detected zone changed to RIGHT
[image_processor-24] [INFO] [1777456389.361620279] [robot_3.image_processor]: Zone=CORNER  left[p=2.995 near=0 v=4646]  front[p=0.587 near=6930 v=10991]  right[p=0.531 near=7740 v=7740]
[robot_supervisor-16] [INFO] [1777456389.362111596] [robot_3.robot_supervisor]: Detected zone changed to CORNER
[robot_supervisor-10] [INFO] [1777456389.391892506] [robot_1.robot_supervisor]: Selected controllable event: EV_rotate_counterclockwise
[robot_supervisor-10] [INFO] [1777456389.392079294] [robot_1.robot_supervisor]: rotate_90 blocked by recent completion; stopping this tick
[robot_supervisor-19] [INFO] [1777456389.411717940] [robot_4.robot_supervisor]: Selected controllable event: EV_move_backward
[robot_supervisor-7] [INFO] [1777456389.427460612] [robot_0.robot_supervisor]: Selected controllable event: EV_move_forward
[robot_supervisor-10] [INFO] [1777456389.492335487] [robot_1.robot_supervisor]: Selected controllable event: EV_rotate_counterclockwise
[robot_supervisor-10] [INFO] [1777456389.492822675] [robot_1.robot_supervisor]: rotate_90 blocked by recent completion; stopping this tick
[robot_supervisor-13] [INFO] [1777456389.509833925] [robot_2.robot_supervisor]: Selected controllable event: EV_rotate_counterclockwise
[robot_supervisor-10] [INFO] [1777456389.591963451] [robot_1.robot_supervisor]: Selected controllable event: EV_rotate_counterclockwise
[robot_supervisor-10] [INFO] [1777456389.592232671] [robot_1.robot_supervisor]: rotate_90 blocked by recent completion; stopping this tick
[robot_supervisor-10] [INFO] [1777456389.692148620] [robot_1.robot_supervisor]: Selected controllable event: EV_rotate_counterclockwise
[robot_supervisor-7] [INFO] [1777456389.727578862] [robot_0.robot_supervisor]: Selected controllable event: EV_move_forward
[robot_supervisor-19] [INFO] [1777456389.811731222] [robot_4.robot_supervisor]: Selected controllable event: EV_rotate_counterclockwise
[robot_supervisor-16] [INFO] [1777456389.906286600] [robot_3.robot_supervisor]: Selected controllable event: EV_move_backward
[robot_supervisor-7] [INFO] [1777456390.027464560] [robot_0.robot_supervisor]: Selected controllable event: EV_move_forward
[robot_supervisor-16] [INFO] [1777456390.306260192] [robot_3.robot_supervisor]: Selected controllable event: EV_rotate_counterclockwise
[robot_supervisor-7] [INFO] [1777456390.327230285] [robot_0.robot_supervisor]: Selected controllable event: EV_move_forward
[robot_supervisor-7] [INFO] [1777456390.627529485] [robot_0.robot_supervisor]: Selected controllable event: EV_move_forward
[robot_supervisor-7] [INFO] [1777456390.927457672] [robot_0.robot_supervisor]: Selected controllable event: EV_move_forward
[robot_supervisor-7] [INFO] [1777456391.227310504] [robot_0.robot_supervisor]: Selected controllable event: EV_move_forward
[robot_supervisor-7] [INFO] [1777456391.527414031] [robot_0.robot_supervisor]: Selected controllable event: EV_move_forward
[robot_supervisor-13] [INFO] [1777456391.709912675] [robot_2.robot_supervisor]: Selected controllable event: EV_rotate_counterclockwise
[robot_supervisor-13] [INFO] [1777456391.710307195] [robot_2.robot_supervisor]: rotate_90 blocked by recent completion; stopping this tick
[robot_supervisor-13] [INFO] [1777456391.809766914] [robot_2.robot_supervisor]: Selected controllable event: EV_rotate_counterclockwise
[robot_supervisor-13] [INFO] [1777456391.810047991] [robot_2.robot_supervisor]: rotate_90 blocked by recent completion; stopping this tick
[image_processor-21] [INFO] [1777456391.820070897] [robot_0.image_processor]: Zone=CLEAR
[robot_supervisor-7] [INFO] [1777456391.827439380] [robot_0.robot_supervisor]: Selected controllable event: EV_move_forward
[image_processor-25] [INFO] [1777456391.831876816] [robot_4.image_processor]: Zone=CORNER
[image_processor-23] [INFO] [1777456391.839958331] [robot_2.image_processor]: Zone=RIGHT
[image_processor-22] [INFO] [1777456391.848767088] [robot_1.image_processor]: Zone=RIGHT
[image_processor-24] [INFO] [1777456391.869340336] [robot_3.image_processor]: Zone=LEFT  left[p=0.614 near=4840 v=7650]  front[p=1.083 near=0 v=7030]  right[p=3.242 near=0 v=5429]
[robot_supervisor-16] [INFO] [1777456391.870076929] [robot_3.robot_supervisor]: Detected zone changed to LEFT
[robot_supervisor-10] [INFO] [1777456391.892140835] [robot_1.robot_supervisor]: Selected controllable event: EV_rotate_counterclockwise
[robot_supervisor-10] [INFO] [1777456391.892514574] [robot_1.robot_supervisor]: rotate_90 blocked by recent completion; stopping this tick
[robot_supervisor-13] [INFO] [1777456391.909887729] [robot_2.robot_supervisor]: Selected controllable event: EV_rotate_counterclockwise
[robot_supervisor-10] [INFO] [1777456391.991816211] [robot_1.robot_supervisor]: Selected controllable event: EV_rotate_counterclockwise
[robot_supervisor-10] [INFO] [1777456391.992036260] [robot_1.robot_supervisor]: rotate_90 blocked by recent completion; stopping this tick
[robot_supervisor-19] [INFO] [1777456392.011729966] [robot_4.robot_supervisor]: Selected controllable event: EV_full_rotate
[robot_supervisor-19] [INFO] [1777456392.012126613] [robot_4.robot_supervisor]: Starting FULL ROTATE (omega=1.000, have_odom=True, target_rad=3.142, timeout_s=3.500)
[robot_supervisor-10] [INFO] [1777456392.092081589] [robot_1.robot_supervisor]: Selected controllable event: EV_rotate_counterclockwise
[robot_supervisor-19] [INFO] [1777456392.111544815] [robot_4.robot_supervisor]: FULL ROTATE active (accum_rad=0.000, timed_fallback=False, stall_count=0)
[robot_supervisor-7] [INFO] [1777456392.127399475] [robot_0.robot_supervisor]: Selected controllable event: EV_move_forward
[robot_supervisor-19] [INFO] [1777456392.211497615] [robot_4.robot_supervisor]: FULL ROTATE active (accum_rad=0.013, timed_fallback=False, stall_count=0)
[robot_supervisor-19] [INFO] [1777456392.311485279] [robot_4.robot_supervisor]: FULL ROTATE active (accum_rad=0.057, timed_fallback=False, stall_count=0)
[robot_supervisor-16] [INFO] [1777456392.406354376] [robot_3.robot_supervisor]: Selected controllable event: EV_rotate_clockwise
[robot_supervisor-16] [INFO] [1777456392.406862790] [robot_3.robot_supervisor]: rotate_90 blocked by recent completion; stopping this tick
[robot_supervisor-19] [INFO] [1777456392.411704600] [robot_4.robot_supervisor]: FULL ROTATE active (accum_rad=0.130, timed_fallback=False, stall_count=0)
[robot_supervisor-7] [INFO] [1777456392.427505577] [robot_0.robot_supervisor]: Selected controllable event: EV_move_forward
[robot_supervisor-16] [INFO] [1777456392.506223661] [robot_3.robot_supervisor]: Selected controllable event: EV_rotate_clockwise
[robot_supervisor-16] [INFO] [1777456392.506609484] [robot_3.robot_supervisor]: rotate_90 blocked by recent completion; stopping this tick
[robot_supervisor-19] [INFO] [1777456392.511452048] [robot_4.robot_supervisor]: FULL ROTATE active (accum_rad=0.228, timed_fallback=False, stall_count=0)
[robot_supervisor-16] [INFO] [1777456392.606136440] [robot_3.robot_supervisor]: Selected controllable event: EV_rotate_clockwise
[robot_supervisor-16] [INFO] [1777456392.606509309] [robot_3.robot_supervisor]: rotate_90 blocked by recent completion; stopping this tick
[robot_supervisor-19] [INFO] [1777456392.611563804] [robot_4.robot_supervisor]: FULL ROTATE active (accum_rad=0.328, timed_fallback=False, stall_count=0)
[robot_supervisor-16] [INFO] [1777456392.706045775] [robot_3.robot_supervisor]: Selected controllable event: EV_rotate_clockwise
[robot_supervisor-19] [INFO] [1777456392.711605394] [robot_4.robot_supervisor]: FULL ROTATE active (accum_rad=0.428, timed_fallback=False, stall_count=0)
[robot_supervisor-7] [INFO] [1777456392.727380998] [robot_0.robot_supervisor]: Selected controllable event: EV_move_forward
[robot_supervisor-19] [INFO] [1777456392.811656037] [robot_4.robot_supervisor]: FULL ROTATE active (accum_rad=0.528, timed_fallback=False, stall_count=0)
[robot_supervisor-19] [INFO] [1777456392.911579496] [robot_4.robot_supervisor]: FULL ROTATE active (accum_rad=0.628, timed_fallback=False, stall_count=0)
[robot_supervisor-19] [INFO] [1777456393.011518834] [robot_4.robot_supervisor]: FULL ROTATE active (accum_rad=0.728, timed_fallback=False, stall_count=0)
[robot_supervisor-7] [INFO] [1777456393.027990828] [robot_0.robot_supervisor]: Selected controllable event: EV_move_forward
[robot_supervisor-19] [INFO] [1777456393.111707847] [robot_4.robot_supervisor]: FULL ROTATE active (accum_rad=0.828, timed_fallback=False, stall_count=0)
[robot_supervisor-19] [INFO] [1777456393.211606256] [robot_4.robot_supervisor]: FULL ROTATE active (accum_rad=0.928, timed_fallback=False, stall_count=0)
[robot_supervisor-19] [INFO] [1777456393.311627680] [robot_4.robot_supervisor]: FULL ROTATE active (accum_rad=1.028, timed_fallback=False, stall_count=0)
[robot_supervisor-7] [INFO] [1777456393.327271891] [robot_0.robot_supervisor]: Selected controllable event: EV_move_forward
[robot_supervisor-19] [INFO] [1777456393.411574919] [robot_4.robot_supervisor]: FULL ROTATE active (accum_rad=1.128, timed_fallback=False, stall_count=0)
[robot_supervisor-19] [INFO] [1777456393.511628672] [robot_4.robot_supervisor]: FULL ROTATE active (accum_rad=1.228, timed_fallback=False, stall_count=0)
[robot_supervisor-19] [INFO] [1777456393.611628823] [robot_4.robot_supervisor]: FULL ROTATE active (accum_rad=1.328, timed_fallback=False, stall_count=0)
[robot_supervisor-7] [INFO] [1777456393.627456754] [robot_0.robot_supervisor]: Selected controllable event: EV_move_forward
[robot_supervisor-19] [INFO] [1777456393.711805740] [robot_4.robot_supervisor]: FULL ROTATE active (accum_rad=1.428, timed_fallback=False, stall_count=0)
[robot_supervisor-19] [INFO] [1777456393.811904269] [robot_4.robot_supervisor]: FULL ROTATE active (accum_rad=1.528, timed_fallback=False, stall_count=0)
[robot_supervisor-19] [INFO] [1777456393.911443168] [robot_4.robot_supervisor]: FULL ROTATE active (accum_rad=1.628, timed_fallback=False, stall_count=0)
[robot_supervisor-7] [INFO] [1777456393.927192994] [robot_0.robot_supervisor]: Selected controllable event: EV_move_forward
[robot_supervisor-13] [INFO] [1777456394.010050136] [robot_2.robot_supervisor]: Selected controllable event: EV_rotate_counterclockwise
[robot_supervisor-13] [INFO] [1777456394.010461994] [robot_2.robot_supervisor]: rotate_90 blocked by recent completion; stopping this tick
[robot_supervisor-19] [INFO] [1777456394.011497892] [robot_4.robot_supervisor]: FULL ROTATE active (accum_rad=1.728, timed_fallback=False, stall_count=0)
[robot_supervisor-13] [INFO] [1777456394.110088057] [robot_2.robot_supervisor]: Selected controllable event: EV_rotate_counterclockwise
[robot_supervisor-13] [INFO] [1777456394.110567183] [robot_2.robot_supervisor]: rotate_90 blocked by recent completion; stopping this tick
[robot_supervisor-19] [INFO] [1777456394.111650556] [robot_4.robot_supervisor]: FULL ROTATE active (accum_rad=1.828, timed_fallback=False, stall_count=0)
[robot_supervisor-13] [INFO] [1777456394.210052789] [robot_2.robot_supervisor]: Selected controllable event: EV_rotate_counterclockwise
[robot_supervisor-13] [INFO] [1777456394.210356117] [robot_2.robot_supervisor]: rotate_90 blocked by recent completion; stopping this tick
[robot_supervisor-19] [INFO] [1777456394.211599281] [robot_4.robot_supervisor]: FULL ROTATE active (accum_rad=1.928, timed_fallback=False, stall_count=0)
[robot_supervisor-7] [INFO] [1777456394.227361099] [robot_0.robot_supervisor]: Selected controllable event: EV_move_forward
[robot_supervisor-10] [INFO] [1777456394.292155163] [robot_1.robot_supervisor]: Selected controllable event: EV_rotate_counterclockwise
[robot_supervisor-10] [INFO] [1777456394.292533581] [robot_1.robot_supervisor]: rotate_90 blocked by recent completion; stopping this tick
[robot_supervisor-13] [INFO] [1777456394.309864398] [robot_2.robot_supervisor]: Selected controllable event: EV_rotate_counterclockwise
[robot_supervisor-19] [INFO] [1777456394.311686315] [robot_4.robot_supervisor]: FULL ROTATE active (accum_rad=2.028, timed_fallback=False, stall_count=0)
[image_processor-21] [INFO] [1777456394.318943998] [robot_0.image_processor]: Zone=CLEAR
[image_processor-25] [INFO] [1777456394.333389579] [robot_4.image_processor]: Zone=CLEAR  left[p=3.345 near=0 v=7077]  front[p=2.980 near=0 v=9881]  right[p=2.980 near=0 v=5225]
[robot_supervisor-19] [INFO] [1777456394.333916945] [robot_4.robot_supervisor]: Detected zone changed to CLEAR
[image_processor-23] [INFO] [1777456394.349151020] [robot_2.image_processor]: Zone=RIGHT
[image_processor-22] [INFO] [1777456394.363783623] [robot_1.image_processor]: Zone=CLEAR  left[p=2.732 near=0 v=7549]  front[p=3.036 near=0 v=10418]  right[p=3.035 near=0 v=5961]
[robot_supervisor-10] [INFO] [1777456394.364357213] [robot_1.robot_supervisor]: Detected zone changed to CLEAR
[image_processor-24] [INFO] [1777456394.370552177] [robot_3.image_processor]: Zone=CORNER  left[p=2.995 near=0 v=4836]  front[p=0.592 near=8330 v=11528]  right[p=0.554 near=7740 v=7740]
[robot_supervisor-16] [INFO] [1777456394.371057416] [robot_3.robot_supervisor]: Detected zone changed to CORNER
[robot_supervisor-10] [INFO] [1777456394.392109481] [robot_1.robot_supervisor]: Selected controllable event: EV_move_forward
[robot_supervisor-19] [INFO] [1777456394.411483461] [robot_4.robot_supervisor]: FULL ROTATE active (accum_rad=2.128, timed_fallback=False, stall_count=0)
[robot_supervisor-19] [INFO] [1777456394.511849000] [robot_4.robot_supervisor]: FULL ROTATE active (accum_rad=2.228, timed_fallback=False, stall_count=0)
[robot_supervisor-7] [INFO] [1777456394.527342060] [robot_0.robot_supervisor]: Selected controllable event: EV_move_forward
[robot_supervisor-19] [INFO] [1777456394.611912126] [robot_4.robot_supervisor]: FULL ROTATE active (accum_rad=2.328, timed_fallback=False, stall_count=0)
[robot_supervisor-10] [INFO] [1777456394.691898833] [robot_1.robot_supervisor]: Selected controllable event: EV_move_forward
[robot_supervisor-19] [INFO] [1777456394.711593923] [robot_4.robot_supervisor]: FULL ROTATE active (accum_rad=2.428, timed_fallback=False, stall_count=0)
[robot_supervisor-16] [INFO] [1777456394.806065710] [robot_3.robot_supervisor]: Selected controllable event: EV_move_backward
[robot_supervisor-19] [INFO] [1777456394.811454933] [robot_4.robot_supervisor]: FULL ROTATE active (accum_rad=2.528, timed_fallback=False, stall_count=0)
[robot_supervisor-7] [INFO] [1777456394.827323025] [robot_0.robot_supervisor]: Selected controllable event: EV_move_forward
[robot_supervisor-19] [INFO] [1777456394.911656681] [robot_4.robot_supervisor]: FULL ROTATE active (accum_rad=2.628, timed_fallback=False, stall_count=0)
[robot_supervisor-10] [INFO] [1777456394.992494180] [robot_1.robot_supervisor]: Selected controllable event: EV_move_forward
[robot_supervisor-19] [INFO] [1777456395.011589125] [robot_4.robot_supervisor]: FULL ROTATE active (accum_rad=2.728, timed_fallback=False, stall_count=0)
[bump_counter-3] [INFO] [1777456395.087568771] [bump_counter]: [global] bump #3 (robot) with: robot_1<->robot_4
[robot_supervisor-19] [INFO] [1777456395.111585706] [robot_4.robot_supervisor]: FULL ROTATE active (accum_rad=2.828, timed_fallback=False, stall_count=0)
[robot_supervisor-7] [INFO] [1777456395.127451070] [robot_0.robot_supervisor]: Selected controllable event: EV_move_forward
[robot_supervisor-16] [INFO] [1777456395.206068195] [robot_3.robot_supervisor]: Selected controllable event: EV_rotate_counterclockwise
[robot_supervisor-19] [INFO] [1777456395.211542641] [robot_4.robot_supervisor]: FULL ROTATE active (accum_rad=2.928, timed_fallback=False, stall_count=0)
[robot_supervisor-10] [INFO] [1777456395.292124444] [robot_1.robot_supervisor]: Selected controllable event: EV_move_forward
[robot_supervisor-19] [INFO] [1777456395.311846865] [robot_4.robot_supervisor]: FULL ROTATE active (accum_rad=3.028, timed_fallback=False, stall_count=0)
[robot_supervisor-19] [INFO] [1777456395.411541422] [robot_4.robot_supervisor]: FULL ROTATE active (accum_rad=3.128, timed_fallback=False, stall_count=0)
[robot_supervisor-19] [INFO] [1777456395.411939203] [robot_4.robot_supervisor]: FULL ROTATE completed by odom (accum_rad=3.228)
[robot_supervisor-19] [INFO] [1777456395.412247709] [robot_4.robot_supervisor]: FULL ROTATE stopped; supervisor will select next event next tick
[robot_supervisor-7] [INFO] [1777456395.427445131] [robot_0.robot_supervisor]: Selected controllable event: EV_move_forward
[robot_supervisor-10] [INFO] [1777456395.592049736] [robot_1.robot_supervisor]: Selected controllable event: EV_move_forward
[robot_supervisor-7] [INFO] [1777456395.727442885] [robot_0.robot_supervisor]: Selected controllable event: EV_move_forward
[robot_supervisor-19] [INFO] [1777456395.811676664] [robot_4.robot_supervisor]: Selected controllable event: EV_move_forward
[robot_supervisor-10] [INFO] [1777456395.891921085] [robot_1.robot_supervisor]: Selected controllable event: EV_move_forward
[robot_supervisor-7] [INFO] [1777456396.027557488] [robot_0.robot_supervisor]: Selected controllable event: EV_move_forward
[robot_supervisor-19] [INFO] [1777456396.111674385] [robot_4.robot_supervisor]: Selected controllable event: EV_move_forward
[robot_supervisor-10] [INFO] [1777456396.192056637] [robot_1.robot_supervisor]: Selected controllable event: EV_move_forward
[robot_supervisor-7] [INFO] [1777456396.327558868] [robot_0.robot_supervisor]: Selected controllable event: EV_move_forward
[robot_supervisor-13] [INFO] [1777456396.409897524] [robot_2.robot_supervisor]: Selected controllable event: EV_rotate_counterclockwise
[robot_supervisor-13] [INFO] [1777456396.410273671] [robot_2.robot_supervisor]: rotate_90 blocked by recent completion; stopping this tick
[robot_supervisor-19] [INFO] [1777456396.411839816] [robot_4.robot_supervisor]: Selected controllable event: EV_move_forward
[robot_supervisor-10] [INFO] [1777456396.492455809] [robot_1.robot_supervisor]: Selected controllable event: EV_move_forward
[robot_supervisor-13] [INFO] [1777456396.509861684] [robot_2.robot_supervisor]: Selected controllable event: EV_rotate_counterclockwise
[robot_supervisor-13] [INFO] [1777456396.510183062] [robot_2.robot_supervisor]: rotate_90 blocked by recent completion; stopping this tick
[robot_supervisor-13] [INFO] [1777456396.609841363] [robot_2.robot_supervisor]: Selected controllable event: EV_rotate_counterclockwise
[robot_supervisor-13] [INFO] [1777456396.610264075] [robot_2.robot_supervisor]: rotate_90 blocked by recent completion; stopping this tick
[robot_supervisor-7] [INFO] [1777456396.627440655] [robot_0.robot_supervisor]: Selected controllable event: EV_move_forward
[robot_supervisor-13] [INFO] [1777456396.710053087] [robot_2.robot_supervisor]: Selected controllable event: EV_rotate_counterclockwise
[robot_supervisor-19] [INFO] [1777456396.711666938] [robot_4.robot_supervisor]: Selected controllable event: EV_move_forward
[robot_supervisor-10] [INFO] [1777456396.791880098] [robot_1.robot_supervisor]: Selected controllable event: EV_move_forward
[image_processor-21] [INFO] [1777456396.819773887] [robot_0.image_processor]: Zone=CLEAR
[image_processor-25] [INFO] [1777456396.828398963] [robot_4.image_processor]: Zone=CLEAR
[image_processor-23] [INFO] [1777456396.839798027] [robot_2.image_processor]: Zone=CORNER  left[p=0.405 near=7650 v=7650]  front[p=0.549 near=8632 v=13500]  right[p=1.210 near=0 v=6022]
[robot_supervisor-13] [INFO] [1777456396.840371062] [robot_2.robot_supervisor]: Detected zone changed to CORNER
[image_processor-22] [INFO] [1777456396.854321803] [robot_1.image_processor]: Zone=CLEAR
[image_processor-24] [INFO] [1777456396.876172358] [robot_3.image_processor]: Zone=LEFT  left[p=0.571 near=6241 v=7650]  front[p=0.952 near=0 v=7685]  right[p=3.242 near=0 v=5312]
[robot_supervisor-16] [INFO] [1777456396.877114555] [robot_3.robot_supervisor]: Detected zone changed to LEFT
[robot_supervisor-7] [INFO] [1777456396.927496444] [robot_0.robot_supervisor]: Selected controllable event: EV_move_forward
[robot_supervisor-19] [INFO] [1777456397.011707797] [robot_4.robot_supervisor]: Selected controllable event: EV_move_forward
[robot_supervisor-10] [INFO] [1777456397.091814310] [robot_1.robot_supervisor]: Selected controllable event: EV_move_forward
[robot_supervisor-7] [INFO] [1777456397.227474792] [robot_0.robot_supervisor]: Selected controllable event: EV_move_forward
[robot_supervisor-19] [INFO] [1777456397.311733336] [robot_4.robot_supervisor]: Selected controllable event: EV_move_forward
[robot_supervisor-10] [INFO] [1777456397.392053829] [robot_1.robot_supervisor]: Selected controllable event: EV_move_forward
[robot_supervisor-16] [INFO] [1777456397.406349564] [robot_3.robot_supervisor]: Selected controllable event: EV_rotate_clockwise
[robot_supervisor-16] [INFO] [1777456397.406862012] [robot_3.robot_supervisor]: rotate_90 blocked by recent completion; stopping this tick
[robot_supervisor-16] [INFO] [1777456397.506125103] [robot_3.robot_supervisor]: Selected controllable event: EV_rotate_clockwise
[robot_supervisor-16] [INFO] [1777456397.506492647] [robot_3.robot_supervisor]: rotate_90 blocked by recent completion; stopping this tick
[robot_supervisor-7] [INFO] [1777456397.527396948] [robot_0.robot_supervisor]: Selected controllable event: EV_move_forward
[robot_supervisor-16] [INFO] [1777456397.606039863] [robot_3.robot_supervisor]: Selected controllable event: EV_rotate_clockwise
[robot_supervisor-19] [INFO] [1777456397.611655363] [robot_4.robot_supervisor]: Selected controllable event: EV_move_forward
[robot_supervisor-10] [INFO] [1777456397.692125130] [robot_1.robot_supervisor]: Selected controllable event: EV_move_forward
[robot_supervisor-7] [INFO] [1777456397.827267863] [robot_0.robot_supervisor]: Selected controllable event: EV_move_forward
[robot_supervisor-19] [INFO] [1777456397.911725888] [robot_4.robot_supervisor]: Selected controllable event: EV_move_forward
[robot_supervisor-10] [INFO] [1777456397.991893556] [robot_1.robot_supervisor]: Selected controllable event: EV_move_forward
[robot_supervisor-7] [INFO] [1777456398.127278840] [robot_0.robot_supervisor]: Selected controllable event: EV_move_forward
[robot_supervisor-19] [INFO] [1777456398.211709959] [robot_4.robot_supervisor]: Selected controllable event: EV_move_forward
[robot_supervisor-10] [INFO] [1777456398.291805327] [robot_1.robot_supervisor]: Selected controllable event: EV_move_forward
[robot_supervisor-7] [INFO] [1777456398.428038590] [robot_0.robot_supervisor]: Selected controllable event: EV_move_forward
[robot_supervisor-19] [INFO] [1777456398.511613361] [robot_4.robot_supervisor]: Selected controllable event: EV_move_forward
[robot_supervisor-10] [INFO] [1777456398.592148962] [robot_1.robot_supervisor]: Selected controllable event: EV_move_forward
[robot_supervisor-7] [INFO] [1777456398.728036474] [robot_0.robot_supervisor]: Selected controllable event: EV_move_forward
[robot_supervisor-19] [INFO] [1777456398.811703002] [robot_4.robot_supervisor]: Selected controllable event: EV_move_forward
[robot_supervisor-10] [INFO] [1777456398.891897118] [robot_1.robot_supervisor]: Selected controllable event: EV_move_forward
[robot_supervisor-13] [INFO] [1777456398.909654408] [robot_2.robot_supervisor]: Selected controllable event: EV_move_backward
[robot_supervisor-7] [INFO] [1777456399.027418927] [robot_0.robot_supervisor]: Selected controllable event: EV_move_forward
[robot_supervisor-19] [INFO] [1777456399.111804769] [robot_4.robot_supervisor]: Selected controllable event: EV_move_forward
[robot_supervisor-10] [INFO] [1777456399.192079171] [robot_1.robot_supervisor]: Selected controllable event: EV_move_forward
[robot_supervisor-13] [INFO] [1777456399.309877962] [robot_2.robot_supervisor]: Selected controllable event: EV_rotate_counterclockwise
[image_processor-21] [INFO] [1777456399.321216173] [robot_0.image_processor]: Zone=CLEAR
[robot_supervisor-7] [INFO] [1777456399.328222281] [robot_0.robot_supervisor]: Selected controllable event: EV_move_forward
[image_processor-25] [INFO] [1777456399.328265279] [robot_4.image_processor]: Zone=CLEAR
[image_processor-23] [INFO] [1777456399.338467835] [robot_2.image_processor]: Zone=LEFT  left[p=0.635 near=7650 v=7650]  front[p=0.840 near=670 v=13500]  right[p=1.895 near=0 v=7740]
[robot_supervisor-13] [INFO] [1777456399.338988592] [robot_2.robot_supervisor]: Detected zone changed to LEFT
[image_processor-22] [INFO] [1777456399.352039698] [robot_1.image_processor]: Zone=CLEAR
[image_processor-24] [INFO] [1777456399.360095923] [robot_3.image_processor]: Zone=CORNER  left[p=2.995 near=0 v=4980]  front[p=0.597 near=9751 v=12090]  right[p=0.584 near=6094 v=7740]
[robot_supervisor-16] [INFO] [1777456399.361033001] [robot_3.robot_supervisor]: Detected zone changed to CORNER
[robot_supervisor-19] [INFO] [1777456399.411852173] [robot_4.robot_supervisor]: Selected controllable event: EV_move_forward
[robot_supervisor-10] [INFO] [1777456399.492373466] [robot_1.robot_supervisor]: Selected controllable event: EV_move_forward
[robot_supervisor-7] [INFO] [1777456399.627527291] [robot_0.robot_supervisor]: Selected controllable event: EV_move_forward
[robot_supervisor-19] [INFO] [1777456399.711769673] [robot_4.robot_supervisor]: Selected controllable event: EV_move_forward
[robot_supervisor-10] [INFO] [1777456399.792029640] [robot_1.robot_supervisor]: Selected controllable event: EV_move_forward
[robot_supervisor-16] [INFO] [1777456399.806024426] [robot_3.robot_supervisor]: Selected controllable event: EV_move_backward
[robot_supervisor-7] [INFO] [1777456399.927620926] [robot_0.robot_supervisor]: Selected controllable event: EV_move_forward
[robot_supervisor-19] [INFO] [1777456400.011941497] [robot_4.robot_supervisor]: Selected controllable event: EV_move_forward
[robot_supervisor-10] [INFO] [1777456400.091891341] [robot_1.robot_supervisor]: Selected controllable event: EV_move_forward
[robot_supervisor-16] [INFO] [1777456400.206101382] [robot_3.robot_supervisor]: Selected controllable event: EV_rotate_counterclockwise
[robot_supervisor-7] [INFO] [1777456400.227501442] [robot_0.robot_supervisor]: Selected controllable event: EV_move_forward
[robot_supervisor-19] [INFO] [1777456400.311944654] [robot_4.robot_supervisor]: Selected controllable event: EV_move_forward
[robot_supervisor-10] [INFO] [1777456400.391936974] [robot_1.robot_supervisor]: Selected controllable event: EV_move_forward
[robot_supervisor-7] [INFO] [1777456400.527481073] [robot_0.robot_supervisor]: Selected controllable event: EV_move_forward
[robot_supervisor-19] [INFO] [1777456400.611689542] [robot_4.robot_supervisor]: Selected controllable event: EV_move_forward
[robot_supervisor-10] [INFO] [1777456400.691819781] [robot_1.robot_supervisor]: Selected controllable event: EV_move_forward
[robot_supervisor-7] [INFO] [1777456400.827637511] [robot_0.robot_supervisor]: Selected controllable event: EV_move_forward
[robot_supervisor-19] [INFO] [1777456400.911940873] [robot_4.robot_supervisor]: Selected controllable event: EV_move_forward
[robot_supervisor-10] [INFO] [1777456400.991846003] [robot_1.robot_supervisor]: Selected controllable event: EV_move_forward
[robot_supervisor-7] [INFO] [1777456401.127479652] [robot_0.robot_supervisor]: Selected controllable event: EV_move_forward
[robot_supervisor-19] [INFO] [1777456401.211718785] [robot_4.robot_supervisor]: Selected controllable event: EV_move_forward
[robot_supervisor-10] [INFO] [1777456401.291878274] [robot_1.robot_supervisor]: Selected controllable event: EV_move_forward
[robot_supervisor-13] [INFO] [1777456401.409649516] [robot_2.robot_supervisor]: Selected controllable event: EV_rotate_clockwise
[robot_supervisor-13] [INFO] [1777456401.409823623] [robot_2.robot_supervisor]: rotate_90 blocked by recent completion; stopping this tick
[robot_supervisor-7] [INFO] [1777456401.427641361] [robot_0.robot_supervisor]: Selected controllable event: EV_move_forward
[robot_supervisor-13] [INFO] [1777456401.509828949] [robot_2.robot_supervisor]: Selected controllable event: EV_rotate_clockwise
[robot_supervisor-13] [INFO] [1777456401.510230626] [robot_2.robot_supervisor]: rotate_90 blocked by recent completion; stopping this tick
[robot_supervisor-19] [INFO] [1777456401.511508300] [robot_4.robot_supervisor]: Selected controllable event: EV_move_forward
[robot_supervisor-10] [INFO] [1777456401.591768905] [robot_1.robot_supervisor]: Selected controllable event: EV_move_forward
[robot_supervisor-13] [INFO] [1777456401.609886944] [robot_2.robot_supervisor]: Selected controllable event: EV_rotate_clockwise
[robot_supervisor-13] [INFO] [1777456401.610261157] [robot_2.robot_supervisor]: rotate_90 blocked by recent completion; stopping this tick
[robot_supervisor-13] [INFO] [1777456401.709845700] [robot_2.robot_supervisor]: Selected controllable event: EV_rotate_clockwise
[robot_supervisor-7] [INFO] [1777456401.727579653] [robot_0.robot_supervisor]: Selected controllable event: EV_move_forward
[robot_supervisor-19] [INFO] [1777456401.811670172] [robot_4.robot_supervisor]: Selected controllable event: EV_move_forward
[image_processor-21] [INFO] [1777456401.820590409] [robot_0.image_processor]: Zone=CLEAR
[image_processor-25] [INFO] [1777456401.828241870] [robot_4.image_processor]: Zone=CLEAR
[image_processor-23] [INFO] [1777456401.840354708] [robot_2.image_processor]: Zone=LEFT
[image_processor-22] [INFO] [1777456401.856689926] [robot_1.image_processor]: Zone=CLEAR
[image_processor-24] [INFO] [1777456401.876042933] [robot_3.image_processor]: Zone=LEFT  left[p=0.574 near=6122 v=7650]  front[p=0.962 near=0 v=7617]  right[p=3.242 near=0 v=5324]
[robot_supervisor-16] [INFO] [1777456401.876556745] [robot_3.robot_supervisor]: Detected zone changed to LEFT
[robot_supervisor-10] [INFO] [1777456401.891849957] [robot_1.robot_supervisor]: Selected controllable event: EV_move_forward
[robot_supervisor-7] [INFO] [1777456402.027703193] [robot_0.robot_supervisor]: Selected controllable event: EV_move_forward
[robot_supervisor-19] [INFO] [1777456402.111535985] [robot_4.robot_supervisor]: Selected controllable event: EV_move_forward
[robot_supervisor-10] [INFO] [1777456402.191814657] [robot_1.robot_supervisor]: Selected controllable event: EV_move_forward
[robot_supervisor-16] [INFO] [1777456402.306062090] [robot_3.robot_supervisor]: Selected controllable event: EV_rotate_clockwise
[robot_supervisor-16] [INFO] [1777456402.306769563] [robot_3.robot_supervisor]: rotate_90 blocked by recent completion; stopping this tick
[robot_supervisor-7] [INFO] [1777456402.327754169] [robot_0.robot_supervisor]: Selected controllable event: EV_move_forward
[robot_supervisor-16] [INFO] [1777456402.406336197] [robot_3.robot_supervisor]: Selected controllable event: EV_rotate_clockwise
[robot_supervisor-16] [INFO] [1777456402.406760038] [robot_3.robot_supervisor]: rotate_90 blocked by recent completion; stopping this tick
[robot_supervisor-19] [INFO] [1777456402.411496937] [robot_4.robot_supervisor]: Selected controllable event: EV_move_forward
[robot_supervisor-10] [INFO] [1777456402.491821682] [robot_1.robot_supervisor]: Selected controllable event: EV_move_forward
[robot_supervisor-16] [INFO] [1777456402.506162432] [robot_3.robot_supervisor]: Selected controllable event: EV_rotate_clockwise
[robot_supervisor-16] [INFO] [1777456402.506637760] [robot_3.robot_supervisor]: rotate_90 blocked by recent completion; stopping this tick
[robot_supervisor-16] [INFO] [1777456402.606027732] [robot_3.robot_supervisor]: Selected controllable event: EV_rotate_clockwise
[robot_supervisor-7] [INFO] [1777456402.627490668] [robot_0.robot_supervisor]: Selected controllable event: EV_move_forward
[robot_supervisor-19] [INFO] [1777456402.711777149] [robot_4.robot_supervisor]: Selected controllable event: EV_move_forward
[robot_supervisor-10] [INFO] [1777456402.791828970] [robot_1.robot_supervisor]: Selected controllable event: EV_move_forward
[robot_supervisor-7] [INFO] [1777456402.927872585] [robot_0.robot_supervisor]: Selected controllable event: EV_move_forward
[robot_supervisor-19] [INFO] [1777456403.011775173] [robot_4.robot_supervisor]: Selected controllable event: EV_move_forward
[robot_supervisor-10] [INFO] [1777456403.092122324] [robot_1.robot_supervisor]: Selected controllable event: EV_move_forward
[robot_supervisor-7] [INFO] [1777456403.227645022] [robot_0.robot_supervisor]: Selected controllable event: EV_move_forward
[robot_supervisor-19] [INFO] [1777456403.311810775] [robot_4.robot_supervisor]: Selected controllable event: EV_move_forward
[robot_supervisor-10] [INFO] [1777456403.392145370] [robot_1.robot_supervisor]: Selected controllable event: EV_move_forward
[robot_supervisor-7] [INFO] [1777456403.527420068] [robot_0.robot_supervisor]: Selected controllable event: EV_move_forward
[robot_supervisor-19] [INFO] [1777456403.611681728] [robot_4.robot_supervisor]: Selected controllable event: EV_move_forward
[robot_supervisor-10] [INFO] [1777456403.691875233] [robot_1.robot_supervisor]: Selected controllable event: EV_move_forward
[robot_supervisor-7] [INFO] [1777456403.827516769] [robot_0.robot_supervisor]: Selected controllable event: EV_move_forward
[robot_supervisor-13] [INFO] [1777456403.909726143] [robot_2.robot_supervisor]: Selected controllable event: EV_rotate_clockwise
[robot_supervisor-13] [INFO] [1777456403.910012777] [robot_2.robot_supervisor]: rotate_90 blocked by recent completion; stopping this tick
[robot_supervisor-19] [INFO] [1777456403.911546176] [robot_4.robot_supervisor]: Selected controllable event: EV_move_forward
[robot_supervisor-10] [INFO] [1777456403.992056300] [robot_1.robot_supervisor]: Selected controllable event: EV_move_forward
[robot_supervisor-13] [INFO] [1777456404.009891163] [robot_2.robot_supervisor]: Selected controllable event: EV_rotate_clockwise
[robot_supervisor-13] [INFO] [1777456404.010271390] [robot_2.robot_supervisor]: rotate_90 blocked by recent completion; stopping this tick
[robot_supervisor-13] [INFO] [1777456404.109862925] [robot_2.robot_supervisor]: Selected controllable event: EV_rotate_clockwise
[robot_supervisor-7] [INFO] [1777456404.127453610] [robot_0.robot_supervisor]: Selected controllable event: EV_move_forward
[robot_supervisor-19] [INFO] [1777456404.211953817] [robot_4.robot_supervisor]: Selected controllable event: EV_move_forward
[robot_supervisor-10] [INFO] [1777456404.292313135] [robot_1.robot_supervisor]: Selected controllable event: EV_move_forward
[image_processor-21] [INFO] [1777456404.320159287] [robot_0.image_processor]: Zone=CLEAR
[image_processor-25] [INFO] [1777456404.326984349] [robot_4.image_processor]: Zone=CLEAR
[image_processor-23] [INFO] [1777456404.339255277] [robot_2.image_processor]: Zone=LEFT
[image_processor-22] [INFO] [1777456404.353284782] [robot_1.image_processor]: Zone=CLEAR
[image_processor-24] [INFO] [1777456404.359937939] [robot_3.image_processor]: Zone=CORNER  left[p=2.995 near=0 v=4980]  front[p=0.596 near=9734 v=12083]  right[p=0.583 near=6120 v=7740]
[robot_supervisor-16] [INFO] [1777456404.360549768] [robot_3.robot_supervisor]: Detected zone changed to CORNER
[robot_supervisor-7] [INFO] [1777456404.427585242] [robot_0.robot_supervisor]: Selected controllable event: EV_move_forward
[robot_supervisor-19] [INFO] [1777456404.511915030] [robot_4.robot_supervisor]: Selected controllable event: EV_move_forward
[robot_supervisor-10] [INFO] [1777456404.592070026] [robot_1.robot_supervisor]: Selected controllable event: EV_move_forward
[robot_supervisor-7] [INFO] [1777456404.727529414] [robot_0.robot_supervisor]: Selected controllable event: EV_move_forward
[robot_supervisor-16] [INFO] [1777456404.806204434] [robot_3.robot_supervisor]: Selected controllable event: EV_move_backward
[robot_supervisor-19] [INFO] [1777456404.811668327] [robot_4.robot_supervisor]: Selected controllable event: EV_move_forward
[robot_supervisor-10] [INFO] [1777456404.892096923] [robot_1.robot_supervisor]: Selected controllable event: EV_move_forward
[robot_supervisor-7] [INFO] [1777456405.027370811] [robot_0.robot_supervisor]: Selected controllable event: EV_move_forward
[robot_supervisor-19] [INFO] [1777456405.111736852] [robot_4.robot_supervisor]: Selected controllable event: EV_move_forward
[robot_supervisor-10] [INFO] [1777456405.192061082] [robot_1.robot_supervisor]: Selected controllable event: EV_move_forward
[robot_supervisor-16] [INFO] [1777456405.206118605] [robot_3.robot_supervisor]: Selected controllable event: EV_rotate_counterclockwise
[robot_supervisor-7] [INFO] [1777456405.327643172] [robot_0.robot_supervisor]: Selected controllable event: EV_move_forward
[robot_supervisor-19] [INFO] [1777456405.412000793] [robot_4.robot_supervisor]: Selected controllable event: EV_move_forward
[robot_supervisor-10] [INFO] [1777456405.492268341] [robot_1.robot_supervisor]: Selected controllable event: EV_move_forward
[robot_supervisor-7] [INFO] [1777456405.627526570] [robot_0.robot_supervisor]: Selected controllable event: EV_move_forward
[robot_supervisor-19] [INFO] [1777456405.711757621] [robot_4.robot_supervisor]: Selected controllable event: EV_move_forward
[robot_supervisor-10] [INFO] [1777456405.792163448] [robot_1.robot_supervisor]: Selected controllable event: EV_move_forward
[robot_supervisor-7] [INFO] [1777456405.927524710] [robot_0.robot_supervisor]: Selected controllable event: EV_move_forward
[robot_supervisor-19] [INFO] [1777456406.011517759] [robot_4.robot_supervisor]: Selected controllable event: EV_move_forward
[robot_supervisor-10] [INFO] [1777456406.092108245] [robot_1.robot_supervisor]: Selected controllable event: EV_move_forward
[robot_supervisor-13] [INFO] [1777456406.210070199] [robot_2.robot_supervisor]: Selected controllable event: EV_rotate_clockwise
[robot_supervisor-13] [INFO] [1777456406.210572631] [robot_2.robot_supervisor]: rotate_90 blocked by recent completion; stopping this tick
[robot_supervisor-7] [INFO] [1777456406.227484503] [robot_0.robot_supervisor]: Selected controllable event: EV_move_forward
[robot_supervisor-13] [INFO] [1777456406.310040150] [robot_2.robot_supervisor]: Selected controllable event: EV_rotate_clockwise
[robot_supervisor-13] [INFO] [1777456406.310442814] [robot_2.robot_supervisor]: rotate_90 blocked by recent completion; stopping this tick
[robot_supervisor-19] [INFO] [1777456406.311568273] [robot_4.robot_supervisor]: Selected controllable event: EV_move_forward
[robot_supervisor-10] [INFO] [1777456406.392347387] [robot_1.robot_supervisor]: Selected controllable event: EV_move_forward
[robot_supervisor-13] [INFO] [1777456406.409849305] [robot_2.robot_supervisor]: Selected controllable event: EV_rotate_clockwise
[robot_supervisor-13] [INFO] [1777456406.410112041] [robot_2.robot_supervisor]: rotate_90 blocked by recent completion; stopping this tick
[robot_supervisor-13] [INFO] [1777456406.509667320] [robot_2.robot_supervisor]: Selected controllable event: EV_rotate_clockwise
[robot_supervisor-7] [INFO] [1777456406.527288273] [robot_0.robot_supervisor]: Selected controllable event: EV_move_forward
[robot_supervisor-19] [INFO] [1777456406.611676743] [robot_4.robot_supervisor]: Selected controllable event: EV_move_forward
[robot_supervisor-10] [INFO] [1777456406.692113882] [robot_1.robot_supervisor]: Selected controllable event: EV_move_forward
[image_processor-21] [INFO] [1777456406.820627320] [robot_0.image_processor]: Zone=CORNER  left[p=0.252 near=7650 v=7650]  front[p=0.217 near=13500 v=13500]  right[p=0.197 near=7740 v=7740]
[robot_supervisor-7] [INFO] [1777456406.821705580] [robot_0.robot_supervisor]: Detected zone changed to CORNER
[robot_supervisor-7] [INFO] [1777456406.827672992] [robot_0.robot_supervisor]: Selected controllable event: EV_move_backward
[image_processor-25] [INFO] [1777456406.829047290] [robot_4.image_processor]: Zone=LEFT  left[p=0.545 near=7650 v=7650]  front[p=0.782 near=1784 v=13500]  right[p=2.345 near=0 v=7740]
[robot_supervisor-19] [INFO] [1777456406.829996772] [robot_4.robot_supervisor]: Detected zone changed to LEFT
[image_processor-23] [INFO] [1777456406.841642190] [robot_2.image_processor]: Zone=CORNER  left[p=0.413 near=7650 v=7650]  front[p=0.589 near=6350 v=13106]  right[p=3.240 near=0 v=5475]
[robot_supervisor-13] [INFO] [1777456406.842608965] [robot_2.robot_supervisor]: Detected zone changed to CORNER
[image_processor-22] [INFO] [1777456406.854579861] [robot_1.image_processor]: Zone=CLEAR
[image_processor-24] [INFO] [1777456406.872149100] [robot_3.image_processor]: Zone=LEFT  left[p=0.574 near=6128 v=7650]  front[p=0.961 near=0 v=7619]  right[p=3.242 near=0 v=5324]
[robot_supervisor-16] [INFO] [1777456406.872802646] [robot_3.robot_supervisor]: Detected zone changed to LEFT
[robot_supervisor-19] [INFO] [1777456406.911501581] [robot_4.robot_supervisor]: Selected controllable event: EV_rotate_clockwise
[robot_supervisor-10] [INFO] [1777456406.991791785] [robot_1.robot_supervisor]: Selected controllable event: EV_move_forward
[robot_supervisor-7] [INFO] [1777456407.227431562] [robot_0.robot_supervisor]: Selected controllable event: EV_rotate_counterclockwise
[robot_supervisor-10] [INFO] [1777456407.292126283] [robot_1.robot_supervisor]: Selected controllable event: EV_move_forward
[robot_supervisor-16] [INFO] [1777456407.406181591] [robot_3.robot_supervisor]: Selected controllable event: EV_rotate_clockwise
[robot_supervisor-16] [INFO] [1777456407.406765056] [robot_3.robot_supervisor]: rotate_90 blocked by recent completion; stopping this tick
[robot_supervisor-16] [INFO] [1777456407.506147871] [robot_3.robot_supervisor]: Selected controllable event: EV_rotate_clockwise
[robot_supervisor-16] [INFO] [1777456407.506638976] [robot_3.robot_supervisor]: rotate_90 blocked by recent completion; stopping this tick
[robot_supervisor-10] [INFO] [1777456407.591845758] [robot_1.robot_supervisor]: Selected controllable event: EV_move_forward
[robot_supervisor-16] [INFO] [1777456407.606228949] [robot_3.robot_supervisor]: Selected controllable event: EV_rotate_clockwise
[bump_counter-3] [INFO] [1777456407.608744351] [bump_counter]: [global] bump #4 (obstacle) with: east_wall::link::collision
[robot_supervisor-10] [INFO] [1777456407.892114642] [robot_1.robot_supervisor]: Selected controllable event: EV_move_forward
[robot_supervisor-10] [INFO] [1777456408.192042902] [robot_1.robot_supervisor]: Selected controllable event: EV_move_forward
[robot_supervisor-10] [INFO] [1777456408.492265359] [robot_1.robot_supervisor]: Selected controllable event: EV_move_forward
[robot_supervisor-13] [INFO] [1777456408.709868035] [robot_2.robot_supervisor]: Selected controllable event: EV_move_backward
[robot_supervisor-10] [INFO] [1777456408.792171163] [robot_1.robot_supervisor]: Selected controllable event: EV_move_forward
[robot_supervisor-19] [INFO] [1777456409.011494914] [robot_4.robot_supervisor]: Selected controllable event: EV_rotate_clockwise
[robot_supervisor-19] [INFO] [1777456409.011670586] [robot_4.robot_supervisor]: rotate_90 blocked by recent completion; stopping this tick
[robot_supervisor-10] [INFO] [1777456409.091821375] [robot_1.robot_supervisor]: Selected controllable event: EV_move_forward
[robot_supervisor-13] [INFO] [1777456409.110061423] [robot_2.robot_supervisor]: Selected controllable event: EV_rotate_counterclockwise
[robot_supervisor-19] [INFO] [1777456409.111917141] [robot_4.robot_supervisor]: Selected controllable event: EV_rotate_clockwise
[robot_supervisor-19] [INFO] [1777456409.112377969] [robot_4.robot_supervisor]: rotate_90 blocked by recent completion; stopping this tick
[robot_supervisor-19] [INFO] [1777456409.211968130] [robot_4.robot_supervisor]: Selected controllable event: EV_rotate_clockwise
[robot_supervisor-19] [INFO] [1777456409.212451313] [robot_4.robot_supervisor]: rotate_90 blocked by recent completion; stopping this tick
[robot_supervisor-19] [INFO] [1777456409.311620267] [robot_4.robot_supervisor]: Selected controllable event: EV_rotate_clockwise
[robot_supervisor-7] [INFO] [1777456409.327450674] [robot_0.robot_supervisor]: Selected controllable event: EV_full_rotate
[robot_supervisor-7] [INFO] [1777456409.327864549] [robot_0.robot_supervisor]: Starting FULL ROTATE (omega=1.000, have_odom=True, target_rad=3.142, timeout_s=3.500)
[image_processor-21] [INFO] [1777456409.331162289] [robot_0.image_processor]: Zone=RIGHT  left[p=1.077 near=0 v=7650]  front[p=1.470 near=0 v=12772]  right[p=0.614 near=2918 v=7740]
[robot_supervisor-7] [INFO] [1777456409.331903718] [robot_0.robot_supervisor]: Detected zone changed to RIGHT
[image_processor-25] [INFO] [1777456409.348501079] [robot_4.image_processor]: Zone=LEFT
[image_processor-23] [INFO] [1777456409.362113397] [robot_2.image_processor]: Zone=CLEAR  left[p=3.240 near=0 v=5121]  front[p=2.598 near=195 v=8626]  right[p=2.168 near=502 v=6416]
[robot_supervisor-13] [INFO] [1777456409.362588163] [robot_2.robot_supervisor]: Detected zone changed to CLEAR
[image_processor-22] [INFO] [1777456409.374861753] [robot_1.image_processor]: Zone=CLEAR
[image_processor-24] [INFO] [1777456409.382714338] [robot_3.image_processor]: Zone=CORNER  left[p=2.995 near=0 v=4980]  front[p=0.596 near=9717 v=12075]  right[p=0.583 near=6149 v=7740]
[robot_supervisor-16] [INFO] [1777456409.383177194] [robot_3.robot_supervisor]: Detected zone changed to CORNER
[robot_supervisor-10] [INFO] [1777456409.391798578] [robot_1.robot_supervisor]: Selected controllable event: EV_move_forward
[robot_supervisor-7] [INFO] [1777456409.427369952] [robot_0.robot_supervisor]: FULL ROTATE active (accum_rad=0.000, timed_fallback=False, stall_count=0)
[robot_supervisor-7] [INFO] [1777456409.527367855] [robot_0.robot_supervisor]: FULL ROTATE active (accum_rad=0.019, timed_fallback=False, stall_count=0)
[robot_supervisor-7] [INFO] [1777456409.627337608] [robot_0.robot_supervisor]: FULL ROTATE active (accum_rad=0.067, timed_fallback=False, stall_count=0)
[robot_supervisor-10] [INFO] [1777456409.691848431] [robot_1.robot_supervisor]: Selected controllable event: EV_move_forward
[robot_supervisor-16] [INFO] [1777456409.706036302] [robot_3.robot_supervisor]: Selected controllable event: EV_move_backward
[robot_supervisor-7] [INFO] [1777456409.727345133] [robot_0.robot_supervisor]: FULL ROTATE active (accum_rad=0.144, timed_fallback=False, stall_count=0)
[robot_supervisor-7] [INFO] [1777456409.827440355] [robot_0.robot_supervisor]: FULL ROTATE active (accum_rad=0.243, timed_fallback=False, stall_count=0)
[bump_counter-3] [INFO] [1777456409.837167119] [bump_counter]: [global] bump #5 (obstacle) with: east_wall::link::collision
[robot_supervisor-7] [INFO] [1777456409.927458112] [robot_0.robot_supervisor]: FULL ROTATE active (accum_rad=0.343, timed_fallback=False, stall_count=0)
[robot_supervisor-10] [INFO] [1777456409.992064768] [robot_1.robot_supervisor]: Selected controllable event: EV_move_forward
[robot_supervisor-7] [INFO] [1777456410.027372432] [robot_0.robot_supervisor]: FULL ROTATE active (accum_rad=0.443, timed_fallback=False, stall_count=0)
[robot_supervisor-16] [INFO] [1777456410.106103165] [robot_3.robot_supervisor]: Selected controllable event: EV_rotate_counterclockwise
[robot_supervisor-7] [INFO] [1777456410.127374734] [robot_0.robot_supervisor]: FULL ROTATE active (accum_rad=0.543, timed_fallback=False, stall_count=0)
[robot_supervisor-7] [INFO] [1777456410.227314255] [robot_0.robot_supervisor]: FULL ROTATE active (accum_rad=0.643, timed_fallback=False, stall_count=0)
[robot_supervisor-10] [INFO] [1777456410.292120014] [robot_1.robot_supervisor]: Selected controllable event: EV_move_forward
[robot_supervisor-7] [INFO] [1777456410.327347955] [robot_0.robot_supervisor]: FULL ROTATE active (accum_rad=0.743, timed_fallback=False, stall_count=0)
[robot_supervisor-7] [INFO] [1777456410.427453036] [robot_0.robot_supervisor]: FULL ROTATE active (accum_rad=0.843, timed_fallback=False, stall_count=0)
[robot_supervisor-7] [INFO] [1777456410.527361586] [robot_0.robot_supervisor]: FULL ROTATE active (accum_rad=0.943, timed_fallback=False, stall_count=0)
[robot_supervisor-10] [INFO] [1777456410.591967294] [robot_1.robot_supervisor]: Selected controllable event: EV_move_forward
[robot_supervisor-7] [INFO] [1777456410.627582196] [robot_0.robot_supervisor]: FULL ROTATE active (accum_rad=1.043, timed_fallback=False, stall_count=0)
[robot_supervisor-7] [INFO] [1777456410.727333260] [robot_0.robot_supervisor]: FULL ROTATE active (accum_rad=1.143, timed_fallback=False, stall_count=0)
[robot_supervisor-7] [INFO] [1777456410.827461292] [robot_0.robot_supervisor]: FULL ROTATE active (accum_rad=1.243, timed_fallback=False, stall_count=0)
[robot_supervisor-10] [INFO] [1777456410.892121211] [robot_1.robot_supervisor]: Selected controllable event: EV_move_forward
[robot_supervisor-7] [INFO] [1777456410.927561768] [robot_0.robot_supervisor]: FULL ROTATE active (accum_rad=1.343, timed_fallback=False, stall_count=0)
[robot_supervisor-7] [INFO] [1777456411.027082192] [robot_0.robot_supervisor]: FULL ROTATE active (accum_rad=1.443, timed_fallback=False, stall_count=0)
[robot_supervisor-7] [INFO] [1777456411.127347304] [robot_0.robot_supervisor]: FULL ROTATE active (accum_rad=1.543, timed_fallback=False, stall_count=0)
[robot_supervisor-10] [INFO] [1777456411.193074052] [robot_1.robot_supervisor]: Selected controllable event: EV_move_forward
[robot_supervisor-13] [INFO] [1777456411.210069358] [robot_2.robot_supervisor]: Selected controllable event: EV_move_forward
[robot_supervisor-7] [INFO] [1777456411.227420018] [robot_0.robot_supervisor]: FULL ROTATE active (accum_rad=1.643, timed_fallback=False, stall_count=0)
[robot_supervisor-7] [INFO] [1777456411.327545509] [robot_0.robot_supervisor]: FULL ROTATE active (accum_rad=1.743, timed_fallback=False, stall_count=0)
[robot_supervisor-19] [INFO] [1777456411.411531298] [robot_4.robot_supervisor]: Selected controllable event: EV_rotate_clockwise
[robot_supervisor-19] [INFO] [1777456411.411719263] [robot_4.robot_supervisor]: rotate_90 blocked by recent completion; stopping this tick
[robot_supervisor-7] [INFO] [1777456411.427416936] [robot_0.robot_supervisor]: FULL ROTATE active (accum_rad=1.843, timed_fallback=False, stall_count=0)
[robot_supervisor-10] [INFO] [1777456411.492037129] [robot_1.robot_supervisor]: Selected controllable event: EV_move_forward
[robot_supervisor-13] [INFO] [1777456411.509767278] [robot_2.robot_supervisor]: Selected controllable event: EV_move_forward
[robot_supervisor-19] [INFO] [1777456411.511653801] [robot_4.robot_supervisor]: Selected controllable event: EV_rotate_clockwise
[robot_supervisor-19] [INFO] [1777456411.511998135] [robot_4.robot_supervisor]: rotate_90 blocked by recent completion; stopping this tick
[robot_supervisor-7] [INFO] [1777456411.527332902] [robot_0.robot_supervisor]: FULL ROTATE active (accum_rad=1.943, timed_fallback=False, stall_count=0)
[robot_supervisor-19] [INFO] [1777456411.611509479] [robot_4.robot_supervisor]: Selected controllable event: EV_rotate_clockwise
[robot_supervisor-19] [INFO] [1777456411.611685565] [robot_4.robot_supervisor]: rotate_90 blocked by recent completion; stopping this tick
[robot_supervisor-7] [INFO] [1777456411.627411960] [robot_0.robot_supervisor]: FULL ROTATE active (accum_rad=2.043, timed_fallback=False, stall_count=0)
[robot_supervisor-19] [INFO] [1777456411.711672629] [robot_4.robot_supervisor]: Selected controllable event: EV_rotate_clockwise
[robot_supervisor-7] [INFO] [1777456411.727422376] [robot_0.robot_supervisor]: FULL ROTATE active (accum_rad=2.143, timed_fallback=False, stall_count=0)
[robot_supervisor-10] [INFO] [1777456411.792441082] [robot_1.robot_supervisor]: Selected controllable event: EV_move_forward
[robot_supervisor-13] [INFO] [1777456411.809824058] [robot_2.robot_supervisor]: Selected controllable event: EV_move_forward
[image_processor-21] [INFO] [1777456411.819791834] [robot_0.image_processor]: Zone=CORNER  left[p=0.631 near=7509 v=7600]  front[p=0.729 near=3392 v=10510]  right[p=2.782 near=0 v=4997]
[robot_supervisor-7] [INFO] [1777456411.820500528] [robot_0.robot_supervisor]: Detected zone changed to CORNER
[robot_supervisor-7] [INFO] [1777456411.827188052] [robot_0.robot_supervisor]: FULL ROTATE active (accum_rad=2.243, timed_fallback=False, stall_count=0)
[image_processor-25] [INFO] [1777456411.832717610] [robot_4.image_processor]: Zone=CLEAR  left[p=2.769 near=0 v=4992]  front[p=2.034 near=0 v=10888]  right[p=1.990 near=0 v=7740]
[robot_supervisor-19] [INFO] [1777456411.833351715] [robot_4.robot_supervisor]: Detected zone changed to CLEAR
[image_processor-23] [INFO] [1777456411.848248591] [robot_2.image_processor]: Zone=CORNER  left[p=0.342 near=7650 v=7650]  front[p=0.466 near=10851 v=13500]  right[p=1.054 near=0 v=6189]
[robot_supervisor-13] [INFO] [1777456411.849011455] [robot_2.robot_supervisor]: Detected zone changed to CORNER
[image_processor-22] [INFO] [1777456411.860768694] [robot_1.image_processor]: Zone=RIGHT  left[p=1.007 near=0 v=7650]  front[p=1.125 near=376 v=13500]  right[p=0.458 near=1363 v=7740]
[robot_supervisor-10] [INFO] [1777456411.861240041] [robot_1.robot_supervisor]: Detected zone changed to RIGHT
[image_processor-24] [INFO] [1777456411.879719544] [robot_3.image_processor]: Zone=LEFT  left[p=0.540 near=7459 v=7650]  front[p=0.861 near=34 v=8337]  right[p=3.241 near=0 v=5189]
[robot_supervisor-16] [INFO] [1777456411.880774678] [robot_3.robot_supervisor]: Detected zone changed to LEFT
[robot_supervisor-7] [INFO] [1777456411.927366829] [robot_0.robot_supervisor]: FULL ROTATE active (accum_rad=2.343, timed_fallback=False, stall_count=0)
[robot_supervisor-7] [INFO] [1777456412.027533285] [robot_0.robot_supervisor]: FULL ROTATE active (accum_rad=2.443, timed_fallback=False, stall_count=0)
[robot_supervisor-10] [INFO] [1777456412.092035529] [robot_1.robot_supervisor]: Selected controllable event: EV_rotate_counterclockwise
[robot_supervisor-13] [INFO] [1777456412.109928243] [robot_2.robot_supervisor]: Selected controllable event: EV_move_backward
[robot_supervisor-7] [INFO] [1777456412.127507552] [robot_0.robot_supervisor]: FULL ROTATE active (accum_rad=2.543, timed_fallback=False, stall_count=0)
[robot_supervisor-7] [INFO] [1777456412.227122805] [robot_0.robot_supervisor]: FULL ROTATE active (accum_rad=2.643, timed_fallback=False, stall_count=0)
[robot_supervisor-16] [INFO] [1777456412.306033938] [robot_3.robot_supervisor]: Selected controllable event: EV_rotate_clockwise
[robot_supervisor-16] [INFO] [1777456412.306406703] [robot_3.robot_supervisor]: rotate_90 blocked by recent completion; stopping this tick
[robot_supervisor-7] [INFO] [1777456412.327464451] [robot_0.robot_supervisor]: FULL ROTATE active (accum_rad=2.743, timed_fallback=False, stall_count=0)
[bump_counter-3] [INFO] [1777456412.337537372] [bump_counter]: [global] bump #6 (robot) with: robot_1<->robot_2
[robot_supervisor-16] [INFO] [1777456412.406263703] [robot_3.robot_supervisor]: Selected controllable event: EV_rotate_clockwise
[robot_supervisor-16] [INFO] [1777456412.406667666] [robot_3.robot_supervisor]: rotate_90 blocked by recent completion; stopping this tick
[robot_supervisor-7] [INFO] [1777456412.427477519] [robot_0.robot_supervisor]: FULL ROTATE active (accum_rad=2.843, timed_fallback=False, stall_count=0)
[robot_supervisor-16] [INFO] [1777456412.506041388] [robot_3.robot_supervisor]: Selected controllable event: EV_rotate_clockwise
[robot_supervisor-13] [INFO] [1777456412.509816597] [robot_2.robot_supervisor]: Selected controllable event: EV_rotate_counterclockwise
[robot_supervisor-7] [INFO] [1777456412.527499968] [robot_0.robot_supervisor]: FULL ROTATE active (accum_rad=2.943, timed_fallback=False, stall_count=0)
[robot_supervisor-7] [INFO] [1777456412.627456079] [robot_0.robot_supervisor]: FULL ROTATE active (accum_rad=3.043, timed_fallback=False, stall_count=0)
[robot_supervisor-7] [INFO] [1777456412.627969118] [robot_0.robot_supervisor]: FULL ROTATE completed by odom (accum_rad=3.143)
[robot_supervisor-7] [INFO] [1777456412.628391554] [robot_0.robot_supervisor]: FULL ROTATE stopped; supervisor will select next event next tick
[robot_supervisor-7] [INFO] [1777456412.927992167] [robot_0.robot_supervisor]: Selected controllable event: EV_move_backward
[robot_supervisor-7] [INFO] [1777456413.327551599] [robot_0.robot_supervisor]: Selected controllable event: EV_rotate_counterclockwise
[robot_supervisor-19] [INFO] [1777456413.811995738] [robot_4.robot_supervisor]: Selected controllable event: EV_move_forward
[robot_supervisor-19] [INFO] [1777456414.111822633] [robot_4.robot_supervisor]: Selected controllable event: EV_move_forward
[robot_supervisor-10] [INFO] [1777456414.292047999] [robot_1.robot_supervisor]: Selected controllable event: EV_rotate_counterclockwise
[robot_supervisor-10] [INFO] [1777456414.292410553] [robot_1.robot_supervisor]: rotate_90 blocked by recent completion; stopping this tick
[image_processor-21] [INFO] [1777456414.319781358] [robot_0.image_processor]: Zone=CORNER
[image_processor-25] [INFO] [1777456414.328607960] [robot_4.image_processor]: Zone=RIGHT  left[p=1.115 near=0 v=7650]  front[p=0.603 near=8258 v=13500]  right[p=0.464 near=7740 v=7740]
[robot_supervisor-19] [INFO] [1777456414.329410027] [robot_4.robot_supervisor]: Detected zone changed to RIGHT
[image_processor-23] [INFO] [1777456414.335887507] [robot_2.image_processor]: Zone=RIGHT  left[p=0.691 near=3042 v=7650]  front[p=2.156 near=0 v=13500]  right[p=0.283 near=6215 v=7740]
[robot_supervisor-13] [INFO] [1777456414.336384420] [robot_2.robot_supervisor]: Detected zone changed to RIGHT
[image_processor-22] [INFO] [1777456414.348158090] [robot_1.image_processor]: Zone=RIGHT
[image_processor-24] [INFO] [1777456414.356672659] [robot_3.image_processor]: Zone=CORNER  left[p=3.241 near=0 v=5118]  front[p=0.599 near=11186 v=12617]  right[p=0.615 near=4023 v=7740]
[robot_supervisor-16] [INFO] [1777456414.357367873] [robot_3.robot_supervisor]: Detected zone changed to CORNER
[robot_supervisor-10] [INFO] [1777456414.392025964] [robot_1.robot_supervisor]: Selected controllable event: EV_rotate_counterclockwise
[robot_supervisor-10] [INFO] [1777456414.392380592] [robot_1.robot_supervisor]: rotate_90 blocked by recent completion; stopping this tick
[robot_supervisor-19] [INFO] [1777456414.411727603] [robot_4.robot_supervisor]: Selected controllable event: EV_rotate_counterclockwise
[robot_supervisor-10] [INFO] [1777456414.492061601] [robot_1.robot_supervisor]: Selected controllable event: EV_rotate_counterclockwise
[robot_supervisor-13] [INFO] [1777456414.609848544] [robot_2.robot_supervisor]: Selected controllable event: EV_rotate_counterclockwise
[robot_supervisor-13] [INFO] [1777456414.610111788] [robot_2.robot_supervisor]: rotate_90 blocked by recent completion; stopping this tick
[robot_supervisor-16] [INFO] [1777456414.706141127] [robot_3.robot_supervisor]: Selected controllable event: EV_move_backward
[robot_supervisor-13] [INFO] [1777456414.710075260] [robot_2.robot_supervisor]: Selected controllable event: EV_rotate_counterclockwise
[robot_supervisor-13] [INFO] [1777456414.710455067] [robot_2.robot_supervisor]: rotate_90 blocked by recent completion; stopping this tick
[robot_supervisor-13] [INFO] [1777456414.809980927] [robot_2.robot_supervisor]: Selected controllable event: EV_rotate_counterclockwise
[robot_supervisor-13] [INFO] [1777456414.810454564] [robot_2.robot_supervisor]: rotate_90 blocked by recent completion; stopping this tick
[robot_supervisor-13] [INFO] [1777456414.910078533] [robot_2.robot_supervisor]: Selected controllable event: EV_rotate_counterclockwise
[robot_supervisor-16] [INFO] [1777456415.106079827] [robot_3.robot_supervisor]: Selected controllable event: EV_rotate_counterclockwise
[robot_supervisor-7] [INFO] [1777456415.527559887] [robot_0.robot_supervisor]: Selected controllable event: EV_full_rotate
[robot_supervisor-7] [INFO] [1777456415.527786474] [robot_0.robot_supervisor]: Starting FULL ROTATE (omega=1.000, have_odom=True, target_rad=3.142, timeout_s=3.500)
[robot_supervisor-7] [INFO] [1777456415.627321052] [robot_0.robot_supervisor]: FULL ROTATE active (accum_rad=0.000, timed_fallback=False, stall_count=0)
[robot_supervisor-7] [INFO] [1777456415.727393478] [robot_0.robot_supervisor]: FULL ROTATE active (accum_rad=0.008, timed_fallback=False, stall_count=0)
[robot_supervisor-7] [INFO] [1777456415.827431135] [robot_0.robot_supervisor]: FULL ROTATE active (accum_rad=0.046, timed_fallback=False, stall_count=0)
[robot_supervisor-7] [INFO] [1777456415.927524923] [robot_0.robot_supervisor]: FULL ROTATE active (accum_rad=0.113, timed_fallback=False, stall_count=0)
[robot_supervisor-7] [INFO] [1777456416.027361658] [robot_0.robot_supervisor]: FULL ROTATE active (accum_rad=0.208, timed_fallback=False, stall_count=0)
[robot_supervisor-7] [INFO] [1777456416.127354769] [robot_0.robot_supervisor]: FULL ROTATE active (accum_rad=0.308, timed_fallback=False, stall_count=0)
[robot_supervisor-7] [INFO] [1777456416.227675861] [robot_0.robot_supervisor]: FULL ROTATE active (accum_rad=0.408, timed_fallback=False, stall_count=0)
[robot_supervisor-7] [INFO] [1777456416.327491282] [robot_0.robot_supervisor]: FULL ROTATE active (accum_rad=0.508, timed_fallback=False, stall_count=0)
[robot_supervisor-7] [INFO] [1777456416.427389043] [robot_0.robot_supervisor]: FULL ROTATE active (accum_rad=0.608, timed_fallback=False, stall_count=0)
[robot_supervisor-19] [INFO] [1777456416.511794589] [robot_4.robot_supervisor]: Selected controllable event: EV_rotate_counterclockwise
[robot_supervisor-19] [INFO] [1777456416.512156174] [robot_4.robot_supervisor]: rotate_90 blocked by recent completion; stopping this tick
[robot_supervisor-7] [INFO] [1777456416.527320727] [robot_0.robot_supervisor]: FULL ROTATE active (accum_rad=0.708, timed_fallback=False, stall_count=0)
[robot_supervisor-10] [INFO] [1777456416.591819516] [robot_1.robot_supervisor]: Selected controllable event: EV_rotate_counterclockwise
[robot_supervisor-10] [INFO] [1777456416.591990421] [robot_1.robot_supervisor]: rotate_90 blocked by recent completion; stopping this tick
[robot_supervisor-19] [INFO] [1777456416.611659929] [robot_4.robot_supervisor]: Selected controllable event: EV_rotate_counterclockwise
[robot_supervisor-19] [INFO] [1777456416.612014809] [robot_4.robot_supervisor]: rotate_90 blocked by recent completion; stopping this tick
[robot_supervisor-7] [INFO] [1777456416.627477232] [robot_0.robot_supervisor]: FULL ROTATE active (accum_rad=0.808, timed_fallback=False, stall_count=0)
[robot_supervisor-10] [INFO] [1777456416.692068173] [robot_1.robot_supervisor]: Selected controllable event: EV_rotate_counterclockwise
[robot_supervisor-10] [INFO] [1777456416.692442158] [robot_1.robot_supervisor]: rotate_90 blocked by recent completion; stopping this tick
[robot_supervisor-19] [INFO] [1777456416.711792367] [robot_4.robot_supervisor]: Selected controllable event: EV_rotate_counterclockwise
[robot_supervisor-19] [INFO] [1777456416.712150848] [robot_4.robot_supervisor]: rotate_90 blocked by recent completion; stopping this tick
[robot_supervisor-7] [INFO] [1777456416.727496396] [robot_0.robot_supervisor]: FULL ROTATE active (accum_rad=0.908, timed_fallback=False, stall_count=0)
[robot_supervisor-10] [INFO] [1777456416.791840460] [robot_1.robot_supervisor]: Selected controllable event: EV_rotate_counterclockwise
[robot_supervisor-10] [INFO] [1777456416.792008242] [robot_1.robot_supervisor]: rotate_90 blocked by recent completion; stopping this tick
[robot_supervisor-19] [INFO] [1777456416.811682860] [robot_4.robot_supervisor]: Selected controllable event: EV_rotate_counterclockwise
[image_processor-21] [INFO] [1777456416.823258031] [robot_0.image_processor]: Zone=CORNER
[robot_supervisor-7] [INFO] [1777456416.827450776] [robot_0.robot_supervisor]: FULL ROTATE active (accum_rad=1.008, timed_fallback=False, stall_count=0)
[bump_counter-3] [INFO] [1777456416.828144098] [bump_counter]: [global] bump #7 (robot) with: robot_1<->robot_2
[image_processor-25] [INFO] [1777456416.840164689] [robot_4.image_processor]: Zone=RIGHT
[image_processor-23] [INFO] [1777456416.854517056] [robot_2.image_processor]: Zone=RIGHT
[image_processor-22] [INFO] [1777456416.871264529] [robot_1.image_processor]: Zone=CLEAR  left[p=3.016 near=0 v=5301]  front[p=2.801 near=0 v=8960]  right[p=2.799 near=0 v=7010]
[robot_supervisor-10] [INFO] [1777456416.871917876] [robot_1.robot_supervisor]: Detected zone changed to CLEAR
[robot_supervisor-10] [INFO] [1777456416.891963809] [robot_1.robot_supervisor]: Selected controllable event: EV_move_forward
[image_processor-24] [INFO] [1777456416.893099581] [robot_3.image_processor]: Zone=LEFT  left[p=0.535 near=7590 v=7650]  front[p=0.845 near=155 v=8480]  right[p=3.242 near=0 v=5160]
[robot_supervisor-16] [INFO] [1777456416.893552519] [robot_3.robot_supervisor]: Detected zone changed to LEFT
[robot_supervisor-7] [INFO] [1777456416.927373872] [robot_0.robot_supervisor]: FULL ROTATE active (accum_rad=1.108, timed_fallback=False, stall_count=0)
[robot_supervisor-13] [INFO] [1777456417.009869656] [robot_2.robot_supervisor]: Selected controllable event: EV_rotate_counterclockwise
[robot_supervisor-13] [INFO] [1777456417.010189767] [robot_2.robot_supervisor]: rotate_90 blocked by recent completion; stopping this tick
[robot_supervisor-7] [INFO] [1777456417.027471089] [robot_0.robot_supervisor]: FULL ROTATE active (accum_rad=1.208, timed_fallback=False, stall_count=0)
[robot_supervisor-13] [INFO] [1777456417.110045206] [robot_2.robot_supervisor]: Selected controllable event: EV_rotate_counterclockwise
[robot_supervisor-13] [INFO] [1777456417.110401571] [robot_2.robot_supervisor]: rotate_90 blocked by recent completion; stopping this tick
[robot_supervisor-7] [INFO] [1777456417.127414253] [robot_0.robot_supervisor]: FULL ROTATE active (accum_rad=1.308, timed_fallback=False, stall_count=0)
[robot_supervisor-10] [INFO] [1777456417.192094860] [robot_1.robot_supervisor]: Selected controllable event: EV_move_forward
[robot_supervisor-16] [INFO] [1777456417.206268380] [robot_3.robot_supervisor]: Selected controllable event: EV_rotate_clockwise
[robot_supervisor-16] [INFO] [1777456417.206747891] [robot_3.robot_supervisor]: rotate_90 blocked by recent completion; stopping this tick
[robot_supervisor-13] [INFO] [1777456417.209908332] [robot_2.robot_supervisor]: Selected controllable event: EV_rotate_counterclockwise
[robot_supervisor-13] [INFO] [1777456417.210283215] [robot_2.robot_supervisor]: rotate_90 blocked by recent completion; stopping this tick
[robot_supervisor-7] [INFO] [1777456417.227467581] [robot_0.robot_supervisor]: FULL ROTATE active (accum_rad=1.408, timed_fallback=False, stall_count=0)
[robot_supervisor-16] [INFO] [1777456417.306222775] [robot_3.robot_supervisor]: Selected controllable event: EV_rotate_clockwise
[robot_supervisor-16] [INFO] [1777456417.306689360] [robot_3.robot_supervisor]: rotate_90 blocked by recent completion; stopping this tick
[robot_supervisor-13] [INFO] [1777456417.309858970] [robot_2.robot_supervisor]: Selected controllable event: EV_rotate_counterclockwise
[robot_supervisor-7] [INFO] [1777456417.327469531] [robot_0.robot_supervisor]: FULL ROTATE active (accum_rad=1.508, timed_fallback=False, stall_count=0)
[robot_supervisor-16] [INFO] [1777456417.405941079] [robot_3.robot_supervisor]: Selected controllable event: EV_rotate_clockwise
[robot_supervisor-16] [INFO] [1777456417.406137248] [robot_3.robot_supervisor]: rotate_90 blocked by recent completion; stopping this tick
[robot_supervisor-7] [INFO] [1777456417.427323730] [robot_0.robot_supervisor]: FULL ROTATE active (accum_rad=1.608, timed_fallback=False, stall_count=0)
[robot_supervisor-10] [INFO] [1777456417.492130873] [robot_1.robot_supervisor]: Selected controllable event: EV_move_forward
[robot_supervisor-16] [INFO] [1777456417.506095169] [robot_3.robot_supervisor]: Selected controllable event: EV_rotate_clockwise
[robot_supervisor-7] [INFO] [1777456417.527120573] [robot_0.robot_supervisor]: FULL ROTATE active (accum_rad=1.708, timed_fallback=False, stall_count=0)
[robot_supervisor-7] [INFO] [1777456417.627365263] [robot_0.robot_supervisor]: FULL ROTATE active (accum_rad=1.808, timed_fallback=False, stall_count=0)
[robot_supervisor-7] [INFO] [1777456417.727353063] [robot_0.robot_supervisor]: FULL ROTATE active (accum_rad=1.908, timed_fallback=False, stall_count=0)
[robot_supervisor-10] [INFO] [1777456417.792379034] [robot_1.robot_supervisor]: Selected controllable event: EV_move_forward
[robot_supervisor-7] [INFO] [1777456417.827353837] [robot_0.robot_supervisor]: FULL ROTATE active (accum_rad=2.008, timed_fallback=False, stall_count=0)
[robot_supervisor-7] [INFO] [1777456417.927323449] [robot_0.robot_supervisor]: FULL ROTATE active (accum_rad=2.108, timed_fallback=False, stall_count=0)
[robot_supervisor-7] [INFO] [1777456418.027564472] [robot_0.robot_supervisor]: FULL ROTATE active (accum_rad=2.208, timed_fallback=False, stall_count=0)
[robot_supervisor-10] [INFO] [1777456418.092131759] [robot_1.robot_supervisor]: Selected controllable event: EV_move_forward
[robot_supervisor-7] [INFO] [1777456418.127582263] [robot_0.robot_supervisor]: FULL ROTATE active (accum_rad=2.308, timed_fallback=False, stall_count=0)
[robot_supervisor-7] [INFO] [1777456418.227501505] [robot_0.robot_supervisor]: FULL ROTATE active (accum_rad=2.408, timed_fallback=False, stall_count=0)
[robot_supervisor-7] [INFO] [1777456418.327635989] [robot_0.robot_supervisor]: FULL ROTATE active (accum_rad=2.508, timed_fallback=False, stall_count=0)
[robot_supervisor-10] [INFO] [1777456418.392431451] [robot_1.robot_supervisor]: Selected controllable event: EV_move_forward
[robot_supervisor-7] [INFO] [1777456418.427464811] [robot_0.robot_supervisor]: FULL ROTATE active (accum_rad=2.608, timed_fallback=False, stall_count=0)
[robot_supervisor-7] [INFO] [1777456418.527374097] [robot_0.robot_supervisor]: FULL ROTATE active (accum_rad=2.708, timed_fallback=False, stall_count=0)
[robot_supervisor-7] [INFO] [1777456418.627248885] [robot_0.robot_supervisor]: FULL ROTATE active (accum_rad=2.808, timed_fallback=False, stall_count=0)
[robot_supervisor-10] [INFO] [1777456418.692256009] [robot_1.robot_supervisor]: Selected controllable event: EV_move_forward
[robot_supervisor-7] [INFO] [1777456418.727453812] [robot_0.robot_supervisor]: FULL ROTATE active (accum_rad=2.908, timed_fallback=False, stall_count=0)
[robot_supervisor-7] [INFO] [1777456418.827460373] [robot_0.robot_supervisor]: FULL ROTATE active (accum_rad=3.008, timed_fallback=False, stall_count=0)
[robot_supervisor-7] [INFO] [1777456418.927735781] [robot_0.robot_supervisor]: FULL ROTATE active (accum_rad=3.108, timed_fallback=False, stall_count=0)
[robot_supervisor-7] [INFO] [1777456418.928247530] [robot_0.robot_supervisor]: FULL ROTATE completed by odom (accum_rad=3.208)
[robot_supervisor-7] [INFO] [1777456418.928643917] [robot_0.robot_supervisor]: FULL ROTATE stopped; supervisor will select next event next tick
[robot_supervisor-10] [INFO] [1777456418.992541620] [robot_1.robot_supervisor]: Selected controllable event: EV_move_forward
[robot_supervisor-19] [INFO] [1777456419.011719354] [robot_4.robot_supervisor]: Selected controllable event: EV_rotate_counterclockwise
[robot_supervisor-19] [INFO] [1777456419.012087845] [robot_4.robot_supervisor]: rotate_90 blocked by recent completion; stopping this tick
[robot_supervisor-19] [INFO] [1777456419.111772209] [robot_4.robot_supervisor]: Selected controllable event: EV_rotate_counterclockwise
[robot_supervisor-19] [INFO] [1777456419.112159181] [robot_4.robot_supervisor]: rotate_90 blocked by recent completion; stopping this tick
[robot_supervisor-19] [INFO] [1777456419.211428332] [robot_4.robot_supervisor]: Selected controllable event: EV_rotate_counterclockwise
[robot_supervisor-10] [INFO] [1777456419.292047718] [robot_1.robot_supervisor]: Selected controllable event: EV_move_forward
[image_processor-21] [INFO] [1777456419.323736806] [robot_0.image_processor]: Zone=LEFT  left[p=0.786 near=804 v=6547]  front[p=2.782 near=0 v=7858]  right[p=1.060 near=0 v=6635]
[robot_supervisor-7] [INFO] [1777456419.324421026] [robot_0.robot_supervisor]: Detected zone changed to LEFT
[robot_supervisor-7] [INFO] [1777456419.327509467] [robot_0.robot_supervisor]: Selected controllable event: EV_rotate_clockwise
[image_processor-25] [INFO] [1777456419.340494868] [robot_4.image_processor]: Zone=CLEAR  left[p=2.192 near=0 v=7644]  front[p=2.587 near=0 v=10374]  right[p=2.769 near=0 v=5071]
[robot_supervisor-19] [INFO] [1777456419.341121197] [robot_4.robot_supervisor]: Detected zone changed to CLEAR
[image_processor-23] [INFO] [1777456419.354192296] [robot_2.image_processor]: Zone=RIGHT
[image_processor-22] [INFO] [1777456419.365814468] [robot_1.image_processor]: Zone=CLEAR
[image_processor-24] [INFO] [1777456419.374904934] [robot_3.image_processor]: Zone=CORNER  left[p=3.241 near=0 v=5102]  front[p=0.599 near=11001 v=12550]  right[p=0.611 near=4271 v=7740]
[robot_supervisor-16] [INFO] [1777456419.375659635] [robot_3.robot_supervisor]: Detected zone changed to CORNER
[robot_supervisor-13] [INFO] [1777456419.509946056] [robot_2.robot_supervisor]: Selected controllable event: EV_rotate_counterclockwise
[robot_supervisor-13] [INFO] [1777456419.510401615] [robot_2.robot_supervisor]: rotate_90 blocked by recent completion; stopping this tick
[robot_supervisor-10] [INFO] [1777456419.592394188] [robot_1.robot_supervisor]: Selected controllable event: EV_move_forward
[robot_supervisor-13] [INFO] [1777456419.610043452] [robot_2.robot_supervisor]: Selected controllable event: EV_rotate_counterclockwise
[robot_supervisor-13] [INFO] [1777456419.610478656] [robot_2.robot_supervisor]: rotate_90 blocked by recent completion; stopping this tick
[robot_supervisor-16] [INFO] [1777456419.706302075] [robot_3.robot_supervisor]: Selected controllable event: EV_move_backward
[robot_supervisor-13] [INFO] [1777456419.710127286] [robot_2.robot_supervisor]: Selected controllable event: EV_rotate_counterclockwise
[robot_supervisor-10] [INFO] [1777456419.892172519] [robot_1.robot_supervisor]: Selected controllable event: EV_move_forward
[robot_supervisor-16] [INFO] [1777456420.106223986] [robot_3.robot_supervisor]: Selected controllable event: EV_rotate_counterclockwise
[robot_supervisor-10] [INFO] [1777456420.192008029] [robot_1.robot_supervisor]: Selected controllable event: EV_move_forward
[robot_supervisor-10] [INFO] [1777456420.492098717] [robot_1.robot_supervisor]: Selected controllable event: EV_move_forward
[robot_supervisor-10] [INFO] [1777456420.792246038] [robot_1.robot_supervisor]: Selected controllable event: EV_move_forward
[robot_supervisor-10] [INFO] [1777456421.092124306] [robot_1.robot_supervisor]: Selected controllable event: EV_move_forward
[robot_supervisor-19] [INFO] [1777456421.311964781] [robot_4.robot_supervisor]: Selected controllable event: EV_move_forward
[robot_supervisor-10] [INFO] [1777456421.391898302] [robot_1.robot_supervisor]: Selected controllable event: EV_move_forward
[robot_supervisor-7] [INFO] [1777456421.427623699] [robot_0.robot_supervisor]: Selected controllable event: EV_rotate_clockwise
[robot_supervisor-7] [INFO] [1777456421.428101943] [robot_0.robot_supervisor]: rotate_90 blocked by recent completion; stopping this tick
[robot_supervisor-7] [INFO] [1777456421.527426592] [robot_0.robot_supervisor]: Selected controllable event: EV_rotate_clockwise
[robot_supervisor-7] [INFO] [1777456421.527606722] [robot_0.robot_supervisor]: rotate_90 blocked by recent completion; stopping this tick
[robot_supervisor-19] [INFO] [1777456421.611898922] [robot_4.robot_supervisor]: Selected controllable event: EV_move_forward
[robot_supervisor-7] [INFO] [1777456421.627225111] [robot_0.robot_supervisor]: Selected controllable event: EV_rotate_clockwise
[robot_supervisor-7] [INFO] [1777456421.627410214] [robot_0.robot_supervisor]: rotate_90 blocked by recent completion; stopping this tick
[robot_supervisor-10] [INFO] [1777456421.692184936] [robot_1.robot_supervisor]: Selected controllable event: EV_move_forward
[robot_supervisor-7] [INFO] [1777456421.727263929] [robot_0.robot_supervisor]: Selected controllable event: EV_rotate_clockwise
[robot_supervisor-13] [INFO] [1777456421.810109380] [robot_2.robot_supervisor]: Selected controllable event: EV_rotate_counterclockwise
[robot_supervisor-13] [INFO] [1777456421.810627016] [robot_2.robot_supervisor]: rotate_90 blocked by recent completion; stopping this tick
[image_processor-21] [INFO] [1777456421.825638336] [robot_0.image_processor]: Zone=RIGHT  left[p=1.067 near=0 v=7650]  front[p=1.513 near=0 v=12751]  right[p=0.536 near=4338 v=7740]
[robot_supervisor-7] [INFO] [1777456421.826697550] [robot_0.robot_supervisor]: Detected zone changed to RIGHT
[image_processor-25] [INFO] [1777456421.835270961] [robot_4.image_processor]: Zone=CORNER  left[p=0.410 near=7650 v=7650]  front[p=0.588 near=6379 v=13500]  right[p=1.829 near=0 v=7740]
[robot_supervisor-19] [INFO] [1777456421.836225191] [robot_4.robot_supervisor]: Detected zone changed to CORNER
[image_processor-23] [INFO] [1777456421.844924561] [robot_2.image_processor]: Zone=CORNER  left[p=0.274 near=7650 v=7650]  front[p=0.347 near=13500 v=13500]  right[p=0.589 near=5538 v=7700]
[robot_supervisor-13] [INFO] [1777456421.845787942] [robot_2.robot_supervisor]: Detected zone changed to CORNER
[image_processor-22] [INFO] [1777456421.856253473] [robot_1.image_processor]: Zone=CLEAR
[image_processor-24] [INFO] [1777456421.875674159] [robot_3.image_processor]: Zone=LEFT  left[p=0.535 near=7593 v=7650]  front[p=0.845 near=156 v=8480]  right[p=3.241 near=0 v=5161]
[robot_supervisor-16] [INFO] [1777456421.876344872] [robot_3.robot_supervisor]: Detected zone changed to LEFT
[robot_supervisor-13] [INFO] [1777456421.910034428] [robot_2.robot_supervisor]: Selected controllable event: EV_move_backward
[robot_supervisor-19] [INFO] [1777456421.911911415] [robot_4.robot_supervisor]: Selected controllable event: EV_move_backward
[robot_supervisor-10] [INFO] [1777456421.992259139] [robot_1.robot_supervisor]: Selected controllable event: EV_move_forward
[robot_supervisor-16] [INFO] [1777456422.206282013] [robot_3.robot_supervisor]: Selected controllable event: EV_rotate_clockwise
[robot_supervisor-16] [INFO] [1777456422.206824068] [robot_3.robot_supervisor]: rotate_90 blocked by recent completion; stopping this tick
[robot_supervisor-10] [INFO] [1777456422.292583660] [robot_1.robot_supervisor]: Selected controllable event: EV_move_forward
[robot_supervisor-16] [INFO] [1777456422.306027838] [robot_3.robot_supervisor]: Selected controllable event: EV_rotate_clockwise
[robot_supervisor-16] [INFO] [1777456422.306396329] [robot_3.robot_supervisor]: rotate_90 blocked by recent completion; stopping this tick
[robot_supervisor-13] [INFO] [1777456422.310033142] [robot_2.robot_supervisor]: Selected controllable event: EV_rotate_counterclockwise
[robot_supervisor-19] [INFO] [1777456422.311926528] [robot_4.robot_supervisor]: Selected controllable event: EV_rotate_counterclockwise
[robot_supervisor-16] [INFO] [1777456422.406260213] [robot_3.robot_supervisor]: Selected controllable event: EV_rotate_clockwise
[robot_supervisor-16] [INFO] [1777456422.406508360] [robot_3.robot_supervisor]: rotate_90 blocked by recent completion; stopping this tick
[robot_supervisor-16] [INFO] [1777456422.506121487] [robot_3.robot_supervisor]: Selected controllable event: EV_rotate_clockwise
[robot_supervisor-10] [INFO] [1777456422.592385051] [robot_1.robot_supervisor]: Selected controllable event: EV_move_forward
[robot_supervisor-10] [INFO] [1777456422.892099539] [robot_1.robot_supervisor]: Selected controllable event: EV_move_forward
[robot_supervisor-10] [INFO] [1777456423.192097761] [robot_1.robot_supervisor]: Selected controllable event: EV_move_forward
[robot_supervisor-10] [INFO] [1777456423.492218799] [robot_1.robot_supervisor]: Selected controllable event: EV_move_forward
[robot_supervisor-10] [INFO] [1777456423.792151193] [robot_1.robot_supervisor]: Selected controllable event: EV_move_forward
[robot_supervisor-7] [INFO] [1777456423.827541506] [robot_0.robot_supervisor]: Selected controllable event: EV_rotate_counterclockwise
[robot_supervisor-7] [INFO] [1777456423.827806835] [robot_0.robot_supervisor]: rotate_90 blocked by recent completion; stopping this tick
[robot_supervisor-7] [INFO] [1777456423.927603197] [robot_0.robot_supervisor]: Selected controllable event: EV_rotate_counterclockwise
[robot_supervisor-7] [INFO] [1777456423.927983966] [robot_0.robot_supervisor]: rotate_90 blocked by recent completion; stopping this tick
[robot_supervisor-7] [INFO] [1777456424.027494889] [robot_0.robot_supervisor]: Selected controllable event: EV_rotate_counterclockwise
[robot_supervisor-7] [INFO] [1777456424.027849793] [robot_0.robot_supervisor]: rotate_90 blocked by recent completion; stopping this tick
[robot_supervisor-10] [INFO] [1777456424.092060277] [robot_1.robot_supervisor]: Selected controllable event: EV_move_forward
[robot_supervisor-7] [INFO] [1777456424.127415119] [robot_0.robot_supervisor]: Selected controllable event: EV_rotate_counterclockwise
[image_processor-21] [INFO] [1777456424.320390196] [robot_0.image_processor]: Zone=CORNER  left[p=0.289 near=7650 v=7650]  front[p=0.247 near=13500 v=13500]  right[p=0.224 near=7740 v=7740]
[robot_supervisor-7] [INFO] [1777456424.321600614] [robot_0.robot_supervisor]: Detected zone changed to CORNER
[image_processor-25] [INFO] [1777456424.328392688] [robot_4.image_processor]: Zone=CORNER
[image_processor-23] [INFO] [1777456424.336666854] [robot_2.image_processor]: Zone=LEFT  left[p=0.693 near=7143 v=7650]  front[p=0.884 near=36 v=13500]  right[p=1.730 near=0 v=7740]
[robot_supervisor-13] [INFO] [1777456424.337311663] [robot_2.robot_supervisor]: Detected zone changed to LEFT
[image_processor-22] [INFO] [1777456424.347905839] [robot_1.image_processor]: Zone=CLEAR
[image_processor-24] [INFO] [1777456424.355717925] [robot_3.image_processor]: Zone=CORNER  left[p=3.241 near=0 v=5103]  front[p=0.598 near=10984 v=12546]  right[p=0.611 near=4295 v=7740]
[robot_supervisor-16] [INFO] [1777456424.356456259] [robot_3.robot_supervisor]: Detected zone changed to CORNER
[robot_supervisor-10] [INFO] [1777456424.392058067] [robot_1.robot_supervisor]: Selected controllable event: EV_move_forward
[robot_supervisor-19] [INFO] [1777456424.411557125] [robot_4.robot_supervisor]: Selected controllable event: EV_full_rotate
[robot_supervisor-19] [INFO] [1777456424.411818994] [robot_4.robot_supervisor]: Starting FULL ROTATE (omega=1.000, have_odom=True, target_rad=3.142, timeout_s=3.500)
[robot_supervisor-13] [INFO] [1777456424.509876768] [robot_2.robot_supervisor]: Selected controllable event: EV_rotate_clockwise
[robot_supervisor-13] [INFO] [1777456424.510249685] [robot_2.robot_supervisor]: rotate_90 blocked by recent completion; stopping this tick
[robot_supervisor-19] [INFO] [1777456424.511496769] [robot_4.robot_supervisor]: FULL ROTATE active (accum_rad=0.000, timed_fallback=False, stall_count=0)
[robot_supervisor-16] [INFO] [1777456424.606076057] [robot_3.robot_supervisor]: Selected controllable event: EV_move_backward
[robot_supervisor-13] [INFO] [1777456424.609852080] [robot_2.robot_supervisor]: Selected controllable event: EV_rotate_clockwise
[robot_supervisor-13] [INFO] [1777456424.610216368] [robot_2.robot_supervisor]: rotate_90 blocked by recent completion; stopping this tick
[robot_supervisor-19] [INFO] [1777456424.611589516] [robot_4.robot_supervisor]: FULL ROTATE active (accum_rad=0.023, timed_fallback=False, stall_count=0)
[robot_supervisor-10] [INFO] [1777456424.692320956] [robot_1.robot_supervisor]: Selected controllable event: EV_move_forward
[robot_supervisor-13] [INFO] [1777456424.710010960] [robot_2.robot_supervisor]: Selected controllable event: EV_rotate_clockwise
[robot_supervisor-19] [INFO] [1777456424.711386148] [robot_4.robot_supervisor]: FULL ROTATE active (accum_rad=0.077, timed_fallback=False, stall_count=0)
[robot_supervisor-19] [INFO] [1777456424.811420102] [robot_4.robot_supervisor]: FULL ROTATE active (accum_rad=0.160, timed_fallback=False, stall_count=0)
[robot_supervisor-19] [INFO] [1777456424.911428386] [robot_4.robot_supervisor]: FULL ROTATE active (accum_rad=0.260, timed_fallback=False, stall_count=0)
[robot_supervisor-10] [INFO] [1777456424.991863702] [robot_1.robot_supervisor]: Selected controllable event: EV_move_forward
[robot_supervisor-16] [INFO] [1777456425.006054989] [robot_3.robot_supervisor]: Selected controllable event: EV_rotate_counterclockwise
[robot_supervisor-19] [INFO] [1777456425.011406071] [robot_4.robot_supervisor]: FULL ROTATE active (accum_rad=0.360, timed_fallback=False, stall_count=0)
[robot_supervisor-19] [INFO] [1777456425.111460807] [robot_4.robot_supervisor]: FULL ROTATE active (accum_rad=0.460, timed_fallback=False, stall_count=0)
[robot_supervisor-19] [INFO] [1777456425.211460710] [robot_4.robot_supervisor]: FULL ROTATE active (accum_rad=0.560, timed_fallback=False, stall_count=0)
[robot_supervisor-10] [INFO] [1777456425.291811607] [robot_1.robot_supervisor]: Selected controllable event: EV_move_forward
[robot_supervisor-19] [INFO] [1777456425.311434369] [robot_4.robot_supervisor]: FULL ROTATE active (accum_rad=0.660, timed_fallback=False, stall_count=0)
[robot_supervisor-19] [INFO] [1777456425.411412030] [robot_4.robot_supervisor]: FULL ROTATE active (accum_rad=0.760, timed_fallback=False, stall_count=0)
[robot_supervisor-19] [INFO] [1777456425.511568014] [robot_4.robot_supervisor]: FULL ROTATE active (accum_rad=0.860, timed_fallback=False, stall_count=0)
[robot_supervisor-10] [INFO] [1777456425.592144265] [robot_1.robot_supervisor]: Selected controllable event: EV_move_forward
[robot_supervisor-19] [INFO] [1777456425.611539926] [robot_4.robot_supervisor]: FULL ROTATE active (accum_rad=0.960, timed_fallback=False, stall_count=0)
[robot_supervisor-19] [INFO] [1777456425.711415412] [robot_4.robot_supervisor]: FULL ROTATE active (accum_rad=1.060, timed_fallback=False, stall_count=0)
[robot_supervisor-19] [INFO] [1777456425.811447228] [robot_4.robot_supervisor]: FULL ROTATE active (accum_rad=1.160, timed_fallback=False, stall_count=0)
[robot_supervisor-10] [INFO] [1777456425.891871582] [robot_1.robot_supervisor]: Selected controllable event: EV_move_forward
[robot_supervisor-19] [INFO] [1777456425.911437821] [robot_4.robot_supervisor]: FULL ROTATE active (accum_rad=1.260, timed_fallback=False, stall_count=0)
[robot_supervisor-19] [INFO] [1777456426.011427440] [robot_4.robot_supervisor]: FULL ROTATE active (accum_rad=1.360, timed_fallback=False, stall_count=0)
[robot_supervisor-19] [INFO] [1777456426.111437754] [robot_4.robot_supervisor]: FULL ROTATE active (accum_rad=1.460, timed_fallback=False, stall_count=0)
[robot_supervisor-10] [INFO] [1777456426.191761547] [robot_1.robot_supervisor]: Selected controllable event: EV_move_forward
[robot_supervisor-19] [INFO] [1777456426.211605501] [robot_4.robot_supervisor]: FULL ROTATE active (accum_rad=1.560, timed_fallback=False, stall_count=0)
[robot_supervisor-7] [INFO] [1777456426.227477778] [robot_0.robot_supervisor]: Selected controllable event: EV_move_backward
[robot_supervisor-19] [INFO] [1777456426.311567656] [robot_4.robot_supervisor]: FULL ROTATE active (accum_rad=1.660, timed_fallback=False, stall_count=0)
[robot_supervisor-19] [INFO] [1777456426.411482160] [robot_4.robot_supervisor]: FULL ROTATE active (accum_rad=1.760, timed_fallback=False, stall_count=0)
[robot_supervisor-10] [INFO] [1777456426.492098379] [robot_1.robot_supervisor]: Selected controllable event: EV_move_forward
[robot_supervisor-19] [INFO] [1777456426.511411964] [robot_4.robot_supervisor]: FULL ROTATE active (accum_rad=1.860, timed_fallback=False, stall_count=0)
[robot_supervisor-19] [INFO] [1777456426.611596550] [robot_4.robot_supervisor]: FULL ROTATE active (accum_rad=1.960, timed_fallback=False, stall_count=0)
[robot_supervisor-7] [INFO] [1777456426.627483379] [robot_0.robot_supervisor]: Selected controllable event: EV_rotate_counterclockwise
[robot_supervisor-19] [INFO] [1777456426.711526442] [robot_4.robot_supervisor]: FULL ROTATE active (accum_rad=2.060, timed_fallback=False, stall_count=0)
[robot_supervisor-10] [INFO] [1777456426.792093736] [robot_1.robot_supervisor]: Selected controllable event: EV_move_forward
[robot_supervisor-19] [INFO] [1777456426.811425255] [robot_4.robot_supervisor]: FULL ROTATE active (accum_rad=2.160, timed_fallback=False, stall_count=0)
[image_processor-21] [INFO] [1777456426.826443566] [robot_0.image_processor]: Zone=RIGHT  left[p=1.061 near=0 v=7650]  front[p=1.479 near=0 v=12762]  right[p=0.590 near=3400 v=7740]
[robot_supervisor-7] [INFO] [1777456426.827292392] [robot_0.robot_supervisor]: Detected zone changed to RIGHT
[image_processor-25] [INFO] [1777456426.835847370] [robot_4.image_processor]: Zone=CLEAR  left[p=2.769 near=0 v=4866]  front[p=2.424 near=0 v=7845]  right[p=1.671 near=0 v=6773]
[robot_supervisor-19] [INFO] [1777456426.836373680] [robot_4.robot_supervisor]: Detected zone changed to CLEAR
[image_processor-23] [INFO] [1777456426.847794844] [robot_2.image_processor]: Zone=CORNER  left[p=0.274 near=7650 v=7650]  front[p=0.346 near=13500 v=13500]  right[p=0.584 near=5710 v=7723]
[robot_supervisor-13] [INFO] [1777456426.848261920] [robot_2.robot_supervisor]: Detected zone changed to CORNER
[image_processor-22] [INFO] [1777456426.860604871] [robot_1.image_processor]: Zone=CLEAR
[image_processor-24] [INFO] [1777456426.879310514] [robot_3.image_processor]: Zone=CORNER
[robot_supervisor-13] [INFO] [1777456426.909720626] [robot_2.robot_supervisor]: Selected controllable event: EV_move_backward
[robot_supervisor-19] [INFO] [1777456426.911477141] [robot_4.robot_supervisor]: FULL ROTATE active (accum_rad=2.260, timed_fallback=False, stall_count=0)
[robot_supervisor-19] [INFO] [1777456427.011424409] [robot_4.robot_supervisor]: FULL ROTATE active (accum_rad=2.360, timed_fallback=False, stall_count=0)
[robot_supervisor-10] [INFO] [1777456427.092440677] [robot_1.robot_supervisor]: Selected controllable event: EV_move_forward
[robot_supervisor-19] [INFO] [1777456427.111614536] [robot_4.robot_supervisor]: FULL ROTATE active (accum_rad=2.460, timed_fallback=False, stall_count=0)
[robot_supervisor-16] [INFO] [1777456427.206051990] [robot_3.robot_supervisor]: Selected controllable event: EV_full_rotate
[robot_supervisor-16] [INFO] [1777456427.206478656] [robot_3.robot_supervisor]: Starting FULL ROTATE (omega=1.000, have_odom=True, target_rad=3.142, timeout_s=3.500)
[robot_supervisor-19] [INFO] [1777456427.211380394] [robot_4.robot_supervisor]: FULL ROTATE active (accum_rad=2.560, timed_fallback=False, stall_count=0)
[robot_supervisor-16] [INFO] [1777456427.305994434] [robot_3.robot_supervisor]: FULL ROTATE active (accum_rad=0.000, timed_fallback=False, stall_count=0)
[robot_supervisor-13] [INFO] [1777456427.309856928] [robot_2.robot_supervisor]: Selected controllable event: EV_rotate_counterclockwise
[robot_supervisor-19] [INFO] [1777456427.311537824] [robot_4.robot_supervisor]: FULL ROTATE active (accum_rad=2.660, timed_fallback=False, stall_count=0)
[robot_supervisor-10] [INFO] [1777456427.392131176] [robot_1.robot_supervisor]: Selected controllable event: EV_move_forward
[robot_supervisor-16] [INFO] [1777456427.406086941] [robot_3.robot_supervisor]: FULL ROTATE active (accum_rad=0.003, timed_fallback=False, stall_count=0)
[robot_supervisor-19] [INFO] [1777456427.411620879] [robot_4.robot_supervisor]: FULL ROTATE active (accum_rad=2.760, timed_fallback=False, stall_count=0)
[robot_supervisor-16] [INFO] [1777456427.505962902] [robot_3.robot_supervisor]: FULL ROTATE active (accum_rad=0.031, timed_fallback=False, stall_count=0)
[robot_supervisor-19] [INFO] [1777456427.511425235] [robot_4.robot_supervisor]: FULL ROTATE active (accum_rad=2.860, timed_fallback=False, stall_count=0)
[robot_supervisor-16] [INFO] [1777456427.605989989] [robot_3.robot_supervisor]: FULL ROTATE active (accum_rad=0.090, timed_fallback=False, stall_count=0)
[robot_supervisor-19] [INFO] [1777456427.611590936] [robot_4.robot_supervisor]: FULL ROTATE active (accum_rad=2.960, timed_fallback=False, stall_count=0)
[robot_supervisor-10] [INFO] [1777456427.692131053] [robot_1.robot_supervisor]: Selected controllable event: EV_move_forward
[robot_supervisor-16] [INFO] [1777456427.705923522] [robot_3.robot_supervisor]: FULL ROTATE active (accum_rad=0.178, timed_fallback=False, stall_count=0)
[robot_supervisor-19] [INFO] [1777456427.711570937] [robot_4.robot_supervisor]: FULL ROTATE active (accum_rad=3.060, timed_fallback=False, stall_count=0)
[robot_supervisor-19] [INFO] [1777456427.712003406] [robot_4.robot_supervisor]: FULL ROTATE completed by odom (accum_rad=3.160)
[robot_supervisor-19] [INFO] [1777456427.712398855] [robot_4.robot_supervisor]: FULL ROTATE stopped; supervisor will select next event next tick
[robot_supervisor-16] [INFO] [1777456427.805960862] [robot_3.robot_supervisor]: FULL ROTATE active (accum_rad=0.278, timed_fallback=False, stall_count=0)
[robot_supervisor-16] [INFO] [1777456427.906282039] [robot_3.robot_supervisor]: FULL ROTATE active (accum_rad=0.378, timed_fallback=False, stall_count=0)
[robot_supervisor-10] [INFO] [1777456427.991912945] [robot_1.robot_supervisor]: Selected controllable event: EV_move_forward
[robot_supervisor-16] [INFO] [1777456428.005975889] [robot_3.robot_supervisor]: FULL ROTATE active (accum_rad=0.478, timed_fallback=False, stall_count=0)
[robot_supervisor-19] [INFO] [1777456428.011690770] [robot_4.robot_supervisor]: Selected controllable event: EV_move_forward
[robot_supervisor-16] [INFO] [1777456428.105952363] [robot_3.robot_supervisor]: FULL ROTATE active (accum_rad=0.578, timed_fallback=False, stall_count=0)
[robot_supervisor-16] [INFO] [1777456428.206237610] [robot_3.robot_supervisor]: FULL ROTATE active (accum_rad=0.678, timed_fallback=False, stall_count=0)
[robot_supervisor-10] [INFO] [1777456428.292081907] [robot_1.robot_supervisor]: Selected controllable event: EV_move_forward
[robot_supervisor-16] [INFO] [1777456428.305998822] [robot_3.robot_supervisor]: FULL ROTATE active (accum_rad=0.778, timed_fallback=False, stall_count=0)
[robot_supervisor-19] [INFO] [1777456428.311418916] [robot_4.robot_supervisor]: Selected controllable event: EV_move_forward
[robot_supervisor-16] [INFO] [1777456428.406058362] [robot_3.robot_supervisor]: FULL ROTATE active (accum_rad=0.878, timed_fallback=False, stall_count=0)
[robot_supervisor-16] [INFO] [1777456428.505989440] [robot_3.robot_supervisor]: FULL ROTATE active (accum_rad=0.978, timed_fallback=False, stall_count=0)
[robot_supervisor-10] [INFO] [1777456428.592031414] [robot_1.robot_supervisor]: Selected controllable event: EV_move_forward
[robot_supervisor-16] [INFO] [1777456428.605912704] [robot_3.robot_supervisor]: FULL ROTATE active (accum_rad=1.078, timed_fallback=False, stall_count=0)
[robot_supervisor-19] [INFO] [1777456428.611882249] [robot_4.robot_supervisor]: Selected controllable event: EV_move_forward
[robot_supervisor-16] [INFO] [1777456428.706176581] [robot_3.robot_supervisor]: FULL ROTATE active (accum_rad=1.178, timed_fallback=False, stall_count=0)
[robot_supervisor-16] [INFO] [1777456428.806252916] [robot_3.robot_supervisor]: FULL ROTATE active (accum_rad=1.278, timed_fallback=False, stall_count=0)
[robot_supervisor-7] [INFO] [1777456428.827437215] [robot_0.robot_supervisor]: Selected controllable event: EV_rotate_counterclockwise
[robot_supervisor-7] [INFO] [1777456428.827718904] [robot_0.robot_supervisor]: rotate_90 blocked by recent completion; stopping this tick
[robot_supervisor-10] [INFO] [1777456428.892323398] [robot_1.robot_supervisor]: Selected controllable event: EV_move_forward
[robot_supervisor-16] [INFO] [1777456428.906031553] [robot_3.robot_supervisor]: FULL ROTATE active (accum_rad=1.378, timed_fallback=False, stall_count=0)
[robot_supervisor-19] [INFO] [1777456428.911942326] [robot_4.robot_supervisor]: Selected controllable event: EV_move_forward
[robot_supervisor-7] [INFO] [1777456428.927506883] [robot_0.robot_supervisor]: Selected controllable event: EV_rotate_counterclockwise
[robot_supervisor-7] [INFO] [1777456428.927909987] [robot_0.robot_supervisor]: rotate_90 blocked by recent completion; stopping this tick
[robot_supervisor-16] [INFO] [1777456429.006054318] [robot_3.robot_supervisor]: FULL ROTATE active (accum_rad=1.478, timed_fallback=False, stall_count=0)
[robot_supervisor-7] [INFO] [1777456429.027381574] [robot_0.robot_supervisor]: Selected controllable event: EV_rotate_counterclockwise
[robot_supervisor-16] [INFO] [1777456429.105987765] [robot_3.robot_supervisor]: FULL ROTATE active (accum_rad=1.578, timed_fallback=False, stall_count=0)
[robot_supervisor-10] [INFO] [1777456429.192021970] [robot_1.robot_supervisor]: Selected controllable event: EV_move_forward
[robot_supervisor-16] [INFO] [1777456429.205953538] [robot_3.robot_supervisor]: FULL ROTATE active (accum_rad=1.678, timed_fallback=False, stall_count=0)
[robot_supervisor-19] [INFO] [1777456429.211565495] [robot_4.robot_supervisor]: Selected controllable event: EV_move_forward
[robot_supervisor-16] [INFO] [1777456429.305929258] [robot_3.robot_supervisor]: FULL ROTATE active (accum_rad=1.778, timed_fallback=False, stall_count=0)
[image_processor-21] [INFO] [1777456429.327445320] [robot_0.image_processor]: Zone=LEFT  left[p=0.682 near=2664 v=6886]  front[p=2.783 near=0 v=8066]  right[p=1.074 near=0 v=5770]
[robot_supervisor-7] [INFO] [1777456429.328084557] [robot_0.robot_supervisor]: Detected zone changed to LEFT
[image_processor-25] [INFO] [1777456429.342538413] [robot_4.image_processor]: Zone=CLEAR
[image_processor-23] [INFO] [1777456429.349456622] [robot_2.image_processor]: Zone=LEFT  left[p=0.692 near=7155 v=7650]  front[p=0.884 near=40 v=13500]  right[p=1.730 near=0 v=7740]
[robot_supervisor-13] [INFO] [1777456429.349998748] [robot_2.robot_supervisor]: Detected zone changed to LEFT
[image_processor-22] [INFO] [1777456429.359315017] [robot_1.image_processor]: Zone=CLEAR
[image_processor-24] [INFO] [1777456429.368072042] [robot_3.image_processor]: Zone=CORNER
[robot_supervisor-16] [INFO] [1777456429.406192557] [robot_3.robot_supervisor]: FULL ROTATE active (accum_rad=1.878, timed_fallback=False, stall_count=0)
[robot_supervisor-13] [INFO] [1777456429.409685151] [robot_2.robot_supervisor]: Selected controllable event: EV_rotate_clockwise
[robot_supervisor-13] [INFO] [1777456429.409890331] [robot_2.robot_supervisor]: rotate_90 blocked by recent completion; stopping this tick
[robot_supervisor-10] [INFO] [1777456429.491852918] [robot_1.robot_supervisor]: Selected controllable event: EV_move_forward
[robot_supervisor-16] [INFO] [1777456429.506114054] [robot_3.robot_supervisor]: FULL ROTATE active (accum_rad=1.978, timed_fallback=False, stall_count=0)
[robot_supervisor-13] [INFO] [1777456429.510003916] [robot_2.robot_supervisor]: Selected controllable event: EV_rotate_clockwise
[robot_supervisor-13] [INFO] [1777456429.510471910] [robot_2.robot_supervisor]: rotate_90 blocked by recent completion; stopping this tick
[robot_supervisor-19] [INFO] [1777456429.511725707] [robot_4.robot_supervisor]: Selected controllable event: EV_move_forward
[robot_supervisor-16] [INFO] [1777456429.606095935] [robot_3.robot_supervisor]: FULL ROTATE active (accum_rad=2.078, timed_fallback=False, stall_count=0)
[robot_supervisor-13] [INFO] [1777456429.609866111] [robot_2.robot_supervisor]: Selected controllable event: EV_rotate_clockwise
[robot_supervisor-13] [INFO] [1777456429.610188258] [robot_2.robot_supervisor]: rotate_90 blocked by recent completion; stopping this tick
[robot_supervisor-16] [INFO] [1777456429.705691722] [robot_3.robot_supervisor]: FULL ROTATE active (accum_rad=2.178, timed_fallback=False, stall_count=0)
[robot_supervisor-13] [INFO] [1777456429.709852078] [robot_2.robot_supervisor]: Selected controllable event: EV_rotate_clockwise
[robot_supervisor-10] [INFO] [1777456429.792257137] [robot_1.robot_supervisor]: Selected controllable event: EV_move_forward
[robot_supervisor-16] [INFO] [1777456429.805968093] [robot_3.robot_supervisor]: FULL ROTATE active (accum_rad=2.278, timed_fallback=False, stall_count=0)
[robot_supervisor-19] [INFO] [1777456429.811923832] [robot_4.robot_supervisor]: Selected controllable event: EV_move_forward
[robot_supervisor-16] [INFO] [1777456429.906084002] [robot_3.robot_supervisor]: FULL ROTATE active (accum_rad=2.378, timed_fallback=False, stall_count=0)
[robot_supervisor-16] [INFO] [1777456430.006000479] [robot_3.robot_supervisor]: FULL ROTATE active (accum_rad=2.478, timed_fallback=False, stall_count=0)
[robot_supervisor-10] [INFO] [1777456430.092246171] [robot_1.robot_supervisor]: Selected controllable event: EV_move_forward
[robot_supervisor-16] [INFO] [1777456430.106032652] [robot_3.robot_supervisor]: FULL ROTATE active (accum_rad=2.578, timed_fallback=False, stall_count=0)
[robot_supervisor-19] [INFO] [1777456430.111480683] [robot_4.robot_supervisor]: Selected controllable event: EV_move_forward
[robot_supervisor-16] [INFO] [1777456430.205997816] [robot_3.robot_supervisor]: FULL ROTATE active (accum_rad=2.678, timed_fallback=False, stall_count=0)
[robot_supervisor-16] [INFO] [1777456430.305994137] [robot_3.robot_supervisor]: FULL ROTATE active (accum_rad=2.778, timed_fallback=False, stall_count=0)
[robot_supervisor-10] [INFO] [1777456430.391908744] [robot_1.robot_supervisor]: Selected controllable event: EV_move_forward
[robot_supervisor-16] [INFO] [1777456430.406046126] [robot_3.robot_supervisor]: FULL ROTATE active (accum_rad=2.878, timed_fallback=False, stall_count=0)
[robot_supervisor-19] [INFO] [1777456430.411462219] [robot_4.robot_supervisor]: Selected controllable event: EV_move_forward
[robot_supervisor-16] [INFO] [1777456430.506177801] [robot_3.robot_supervisor]: FULL ROTATE active (accum_rad=2.978, timed_fallback=False, stall_count=0)
[robot_supervisor-16] [INFO] [1777456430.606021302] [robot_3.robot_supervisor]: FULL ROTATE active (accum_rad=3.078, timed_fallback=False, stall_count=0)
[robot_supervisor-16] [INFO] [1777456430.606417308] [robot_3.robot_supervisor]: FULL ROTATE completed by odom (accum_rad=3.178)
[robot_supervisor-16] [INFO] [1777456430.606623561] [robot_3.robot_supervisor]: FULL ROTATE stopped; supervisor will select next event next tick
[robot_supervisor-10] [INFO] [1777456430.692033072] [robot_1.robot_supervisor]: Selected controllable event: EV_move_forward
[robot_supervisor-19] [INFO] [1777456430.711689947] [robot_4.robot_supervisor]: Selected controllable event: EV_move_forward
[robot_supervisor-16] [INFO] [1777456430.906506110] [robot_3.robot_supervisor]: Selected controllable event: EV_move_backward
[robot_supervisor-10] [INFO] [1777456430.992529295] [robot_1.robot_supervisor]: Selected controllable event: EV_move_forward
[robot_supervisor-19] [INFO] [1777456431.011898481] [robot_4.robot_supervisor]: Selected controllable event: EV_move_forward
[robot_supervisor-7] [INFO] [1777456431.227517760] [robot_0.robot_supervisor]: Selected controllable event: EV_rotate_clockwise
[robot_supervisor-7] [INFO] [1777456431.227720322] [robot_0.robot_supervisor]: rotate_90 blocked by recent completion; stopping this tick
[robot_supervisor-10] [INFO] [1777456431.292105285] [robot_1.robot_supervisor]: Selected controllable event: EV_move_forward
[robot_supervisor-16] [INFO] [1777456431.306102017] [robot_3.robot_supervisor]: Selected controllable event: EV_rotate_counterclockwise
[robot_supervisor-19] [INFO] [1777456431.311891305] [robot_4.robot_supervisor]: Selected controllable event: EV_move_forward
[robot_supervisor-7] [INFO] [1777456431.327441191] [robot_0.robot_supervisor]: Selected controllable event: EV_rotate_clockwise
[robot_supervisor-7] [INFO] [1777456431.327655964] [robot_0.robot_supervisor]: rotate_90 blocked by recent completion; stopping this tick
[robot_supervisor-7] [INFO] [1777456431.427487797] [robot_0.robot_supervisor]: Selected controllable event: EV_rotate_clockwise
[robot_supervisor-10] [INFO] [1777456431.592077451] [robot_1.robot_supervisor]: Selected controllable event: EV_move_forward
[robot_supervisor-19] [INFO] [1777456431.611878186] [robot_4.robot_supervisor]: Selected controllable event: EV_move_forward
[image_processor-21] [INFO] [1777456431.822014526] [robot_0.image_processor]: Zone=CORNER  left[p=0.345 near=7650 v=7650]  front[p=0.705 near=6035 v=12927]  right[p=0.664 near=7338 v=7367]
[robot_supervisor-7] [INFO] [1777456431.822638266] [robot_0.robot_supervisor]: Detected zone changed to CORNER
[image_processor-25] [INFO] [1777456431.840358009] [robot_4.image_processor]: Zone=CLEAR
[image_processor-23] [INFO] [1777456431.851963458] [robot_2.image_processor]: Zone=CORNER  left[p=0.273 near=7650 v=7650]  front[p=0.346 near=13500 v=13500]  right[p=0.583 near=5731 v=7725]
[robot_supervisor-13] [INFO] [1777456431.852465576] [robot_2.robot_supervisor]: Detected zone changed to CORNER
[image_processor-22] [INFO] [1777456431.861932781] [robot_1.image_processor]: Zone=CLEAR
[image_processor-24] [INFO] [1777456431.871436467] [robot_3.image_processor]: Zone=CLEAR  left[p=1.464 near=0 v=7650]  front[p=1.538 near=0 v=13500]  right[p=1.640 near=0 v=7740]
[robot_supervisor-16] [INFO] [1777456431.872081110] [robot_3.robot_supervisor]: Detected zone changed to CLEAR
[robot_supervisor-10] [INFO] [1777456431.892374360] [robot_1.robot_supervisor]: Selected controllable event: EV_move_forward
[robot_supervisor-13] [INFO] [1777456431.909827182] [robot_2.robot_supervisor]: Selected controllable event: EV_move_backward
[robot_supervisor-19] [INFO] [1777456431.911641422] [robot_4.robot_supervisor]: Selected controllable event: EV_move_forward
[robot_supervisor-10] [INFO] [1777456432.192240947] [robot_1.robot_supervisor]: Selected controllable event: EV_move_forward
[robot_supervisor-19] [INFO] [1777456432.211664811] [robot_4.robot_supervisor]: Selected controllable event: EV_move_forward
[robot_supervisor-13] [INFO] [1777456432.309872692] [robot_2.robot_supervisor]: Selected controllable event: EV_rotate_counterclockwise
[robot_supervisor-10] [INFO] [1777456432.492253444] [robot_1.robot_supervisor]: Selected controllable event: EV_move_forward
[robot_supervisor-19] [INFO] [1777456432.511729752] [robot_4.robot_supervisor]: Selected controllable event: EV_move_forward
[robot_supervisor-10] [INFO] [1777456432.792135795] [robot_1.robot_supervisor]: Selected controllable event: EV_move_forward
[robot_supervisor-19] [INFO] [1777456432.811477638] [robot_4.robot_supervisor]: Selected controllable event: EV_move_forward
[robot_supervisor-10] [INFO] [1777456433.092124077] [robot_1.robot_supervisor]: Selected controllable event: EV_move_forward
[robot_supervisor-19] [INFO] [1777456433.111423139] [robot_4.robot_supervisor]: Selected controllable event: EV_move_forward
[robot_supervisor-10] [INFO] [1777456433.392132816] [robot_1.robot_supervisor]: Selected controllable event: EV_move_forward
[robot_supervisor-16] [INFO] [1777456433.406113240] [robot_3.robot_supervisor]: Selected controllable event: EV_move_forward
[robot_supervisor-19] [INFO] [1777456433.411431101] [robot_4.robot_supervisor]: Selected controllable event: EV_move_forward
[robot_supervisor-7] [INFO] [1777456433.527480813] [robot_0.robot_supervisor]: Selected controllable event: EV_move_backward
[robot_supervisor-10] [INFO] [1777456433.692190952] [robot_1.robot_supervisor]: Selected controllable event: EV_move_forward
[robot_supervisor-16] [INFO] [1777456433.706066377] [robot_3.robot_supervisor]: Selected controllable event: EV_move_forward
[robot_supervisor-19] [INFO] [1777456433.711728081] [robot_4.robot_supervisor]: Selected controllable event: EV_move_forward
[robot_supervisor-7] [INFO] [1777456433.927456894] [robot_0.robot_supervisor]: Selected controllable event: EV_rotate_counterclockwise
[robot_supervisor-10] [INFO] [1777456433.991906267] [robot_1.robot_supervisor]: Selected controllable event: EV_move_forward
[robot_supervisor-16] [INFO] [1777456434.005943654] [robot_3.robot_supervisor]: Selected controllable event: EV_move_forward
[robot_supervisor-19] [INFO] [1777456434.011890579] [robot_4.robot_supervisor]: Selected controllable event: EV_move_forward
[robot_supervisor-10] [INFO] [1777456434.292416214] [robot_1.robot_supervisor]: Selected controllable event: EV_move_forward
[robot_supervisor-16] [INFO] [1777456434.306028748] [robot_3.robot_supervisor]: Selected controllable event: EV_move_forward
[robot_supervisor-19] [INFO] [1777456434.311681922] [robot_4.robot_supervisor]: Selected controllable event: EV_move_forward
[image_processor-21] [INFO] [1777456434.324063333] [robot_0.image_processor]: Zone=LEFT  left[p=0.636 near=4055 v=7099]  front[p=2.783 near=0 v=8316]  right[p=2.598 near=0 v=5005]
[robot_supervisor-7] [INFO] [1777456434.324759676] [robot_0.robot_supervisor]: Detected zone changed to LEFT
[image_processor-25] [INFO] [1777456434.337613593] [robot_4.image_processor]: Zone=CLEAR
[image_processor-23] [INFO] [1777456434.346659382] [robot_2.image_processor]: Zone=LEFT  left[p=0.692 near=7165 v=7650]  front[p=0.884 near=40 v=13500]  right[p=1.729 near=0 v=7740]
[robot_supervisor-13] [INFO] [1777456434.347352633] [robot_2.robot_supervisor]: Detected zone changed to LEFT
[image_processor-22] [INFO] [1777456434.354837998] [robot_1.image_processor]: Zone=CLEAR
[image_processor-24] [INFO] [1777456434.363898228] [robot_3.image_processor]: Zone=CORNER  left[p=0.402 near=3709 v=6426]  front[p=0.428 near=13500 v=13500]  right[p=0.500 near=3120 v=7740]
[robot_supervisor-16] [INFO] [1777456434.364327214] [robot_3.robot_supervisor]: Detected zone changed to CORNER
[robot_supervisor-13] [INFO] [1777456434.509943406] [robot_2.robot_supervisor]: Selected controllable event: EV_rotate_clockwise
[robot_supervisor-13] [INFO] [1777456434.510329883] [robot_2.robot_supervisor]: rotate_90 blocked by recent completion; stopping this tick
[robot_supervisor-10] [INFO] [1777456434.592259491] [robot_1.robot_supervisor]: Selected controllable event: EV_move_forward
[robot_supervisor-16] [INFO] [1777456434.606243881] [robot_3.robot_supervisor]: Selected controllable event: EV_move_backward
[robot_supervisor-13] [INFO] [1777456434.609824642] [robot_2.robot_supervisor]: Selected controllable event: EV_rotate_clockwise
[robot_supervisor-13] [INFO] [1777456434.610239641] [robot_2.robot_supervisor]: rotate_90 blocked by recent completion; stopping this tick
[robot_supervisor-19] [INFO] [1777456434.611863682] [robot_4.robot_supervisor]: Selected controllable event: EV_move_forward
[robot_supervisor-13] [INFO] [1777456434.709611414] [robot_2.robot_supervisor]: Selected controllable event: EV_rotate_clockwise
[robot_supervisor-10] [INFO] [1777456434.892119139] [robot_1.robot_supervisor]: Selected controllable event: EV_move_forward
[robot_supervisor-19] [INFO] [1777456434.911491756] [robot_4.robot_supervisor]: Selected controllable event: EV_move_forward
[robot_supervisor-16] [INFO] [1777456435.006161203] [robot_3.robot_supervisor]: Selected controllable event: EV_rotate_counterclockwise
[robot_supervisor-10] [INFO] [1777456435.191766791] [robot_1.robot_supervisor]: Selected controllable event: EV_move_forward
[robot_supervisor-19] [INFO] [1777456435.211430386] [robot_4.robot_supervisor]: Selected controllable event: EV_move_forward
[robot_supervisor-10] [INFO] [1777456435.492425601] [robot_1.robot_supervisor]: Selected controllable event: EV_move_forward
[robot_supervisor-19] [INFO] [1777456435.511679322] [robot_4.robot_supervisor]: Selected controllable event: EV_move_forward
[robot_supervisor-10] [INFO] [1777456435.792033458] [robot_1.robot_supervisor]: Selected controllable event: EV_move_forward
[robot_supervisor-19] [INFO] [1777456435.811716378] [robot_4.robot_supervisor]: Selected controllable event: EV_move_forward
[robot_supervisor-7] [INFO] [1777456436.027442497] [robot_0.robot_supervisor]: Selected controllable event: EV_rotate_clockwise
[robot_supervisor-7] [INFO] [1777456436.027803481] [robot_0.robot_supervisor]: rotate_90 blocked by recent completion; stopping this tick
[robot_supervisor-10] [INFO] [1777456436.092374825] [robot_1.robot_supervisor]: Selected controllable event: EV_move_forward
[robot_supervisor-19] [INFO] [1777456436.111473566] [robot_4.robot_supervisor]: Selected controllable event: EV_move_forward
[robot_supervisor-7] [INFO] [1777456436.127538206] [robot_0.robot_supervisor]: Selected controllable event: EV_rotate_clockwise
[robot_supervisor-7] [INFO] [1777456436.127859102] [robot_0.robot_supervisor]: rotate_90 blocked by recent completion; stopping this tick
[robot_supervisor-7] [INFO] [1777456436.227388954] [robot_0.robot_supervisor]: Selected controllable event: EV_rotate_clockwise
[robot_supervisor-7] [INFO] [1777456436.227571239] [robot_0.robot_supervisor]: rotate_90 blocked by recent completion; stopping this tick
[robot_supervisor-7] [INFO] [1777456436.327299288] [robot_0.robot_supervisor]: Selected controllable event: EV_rotate_clockwise
[robot_supervisor-10] [INFO] [1777456436.392144557] [robot_1.robot_supervisor]: Selected controllable event: EV_move_forward
[robot_supervisor-19] [INFO] [1777456436.411739307] [robot_4.robot_supervisor]: Selected controllable event: EV_move_forward
[robot_supervisor-10] [INFO] [1777456436.692134442] [robot_1.robot_supervisor]: Selected controllable event: EV_move_forward
[robot_supervisor-19] [INFO] [1777456436.711660639] [robot_4.robot_supervisor]: Selected controllable event: EV_move_forward
[robot_supervisor-13] [INFO] [1777456436.809822212] [robot_2.robot_supervisor]: Selected controllable event: EV_rotate_clockwise
[robot_supervisor-13] [INFO] [1777456436.810089773] [robot_2.robot_supervisor]: rotate_90 blocked by recent completion; stopping this tick
[image_processor-25] [INFO] [1777456436.834333041] [robot_4.image_processor]: Zone=CLEAR
[image_processor-23] [INFO] [1777456436.846687056] [robot_2.image_processor]: Zone=CORNER  left[p=0.273 near=7650 v=7650]  front[p=0.345 near=13500 v=13500]  right[p=0.582 near=5754 v=7727]
[robot_supervisor-13] [INFO] [1777456436.847528067] [robot_2.robot_supervisor]: Detected zone changed to CORNER
[image_processor-22] [INFO] [1777456436.855868038] [robot_1.image_processor]: Zone=CLEAR
[image_processor-24] [INFO] [1777456436.877090044] [robot_3.image_processor]: Zone=LEFT  left[p=0.664 near=4604 v=7650]  front[p=1.007 near=0 v=8038]  right[p=2.599 near=0 v=5122]
[robot_supervisor-16] [INFO] [1777456436.877728482] [robot_3.robot_supervisor]: Detected zone changed to LEFT
[robot_supervisor-13] [INFO] [1777456436.909892511] [robot_2.robot_supervisor]: Selected controllable event: EV_move_backward
[image_processor-21] [INFO] [1777456436.919276275] [robot_0.image_processor]: Zone=CORNER  left[p=0.386 near=7650 v=7650]  front[p=0.727 near=5707 v=12762]  right[p=0.704 near=5915 v=7025]
[robot_supervisor-7] [INFO] [1777456436.919886172] [robot_0.robot_supervisor]: Detected zone changed to CORNER
[robot_supervisor-10] [INFO] [1777456436.991927609] [robot_1.robot_supervisor]: Selected controllable event: EV_move_forward
[robot_supervisor-19] [INFO] [1777456437.011558332] [robot_4.robot_supervisor]: Selected controllable event: EV_move_forward
[robot_supervisor-16] [INFO] [1777456437.205934773] [robot_3.robot_supervisor]: Selected controllable event: EV_rotate_clockwise
[robot_supervisor-16] [INFO] [1777456437.206204761] [robot_3.robot_supervisor]: rotate_90 blocked by recent completion; stopping this tick
[robot_supervisor-10] [INFO] [1777456437.292156663] [robot_1.robot_supervisor]: Selected controllable event: EV_move_forward
[robot_supervisor-16] [INFO] [1777456437.306057749] [robot_3.robot_supervisor]: Selected controllable event: EV_rotate_clockwise
[robot_supervisor-16] [INFO] [1777456437.306554600] [robot_3.robot_supervisor]: rotate_90 blocked by recent completion; stopping this tick
[robot_supervisor-13] [INFO] [1777456437.309853479] [robot_2.robot_supervisor]: Selected controllable event: EV_rotate_counterclockwise
[robot_supervisor-19] [INFO] [1777456437.311925187] [robot_4.robot_supervisor]: Selected controllable event: EV_move_forward
[robot_supervisor-16] [INFO] [1777456437.406634967] [robot_3.robot_supervisor]: Selected controllable event: EV_rotate_clockwise
[robot_supervisor-10] [INFO] [1777456437.592239790] [robot_1.robot_supervisor]: Selected controllable event: EV_move_forward
[robot_supervisor-19] [INFO] [1777456437.611842964] [robot_4.robot_supervisor]: Selected controllable event: EV_move_forward
[robot_supervisor-10] [INFO] [1777456437.892360196] [robot_1.robot_supervisor]: Selected controllable event: EV_move_forward
[robot_supervisor-19] [INFO] [1777456437.911707272] [robot_4.robot_supervisor]: Selected controllable event: EV_move_forward
[robot_supervisor-10] [INFO] [1777456438.192029677] [robot_1.robot_supervisor]: Selected controllable event: EV_move_forward
[robot_supervisor-19] [INFO] [1777456438.211612159] [robot_4.robot_supervisor]: Selected controllable event: EV_move_forward
[robot_supervisor-7] [INFO] [1777456438.427731047] [robot_0.robot_supervisor]: Selected controllable event: EV_move_backward
[robot_supervisor-10] [INFO] [1777456438.492113646] [robot_1.robot_supervisor]: Selected controllable event: EV_move_forward
[robot_supervisor-19] [INFO] [1777456438.511970398] [robot_4.robot_supervisor]: Selected controllable event: EV_move_forward
[robot_supervisor-10] [INFO] [1777456438.792045564] [robot_1.robot_supervisor]: Selected controllable event: EV_move_forward
[robot_supervisor-19] [INFO] [1777456438.811845443] [robot_4.robot_supervisor]: Selected controllable event: EV_move_forward
[robot_supervisor-7] [INFO] [1777456438.827742047] [robot_0.robot_supervisor]: Selected controllable event: EV_rotate_counterclockwise
[robot_supervisor-10] [INFO] [1777456439.091861281] [robot_1.robot_supervisor]: Selected controllable event: EV_move_forward
[robot_supervisor-19] [INFO] [1777456439.111724749] [robot_4.robot_supervisor]: Selected controllable event: EV_move_forward
[robot_supervisor-10] [INFO] [1777456439.293450958] [robot_1.robot_supervisor]: Selected controllable event: EV_move_forward
[image_processor-21] [INFO] [1777456439.327623305] [robot_0.image_processor]: Zone=LEFT  left[p=0.606 near=5449 v=7273]  front[p=2.294 near=0 v=8609]  right[p=2.783 near=0 v=4952]
[robot_supervisor-7] [INFO] [1777456439.328558036] [robot_0.robot_supervisor]: Detected zone changed to LEFT
[image_processor-25] [INFO] [1777456439.342971771] [robot_4.image_processor]: Zone=LEFT  left[p=0.550 near=1255 v=7650]  front[p=1.154 near=207 v=13384]  right[p=2.980 near=0 v=5833]
[robot_supervisor-19] [INFO] [1777456439.343482193] [robot_4.robot_supervisor]: Detected zone changed to LEFT
[image_processor-23] [INFO] [1777456439.351231241] [robot_2.image_processor]: Zone=LEFT  left[p=0.691 near=7174 v=7650]  front[p=0.883 near=44 v=13500]  right[p=1.728 near=0 v=7740]
[robot_supervisor-13] [INFO] [1777456439.352000269] [robot_2.robot_supervisor]: Detected zone changed to LEFT
[image_processor-22] [INFO] [1777456439.362035603] [robot_1.image_processor]: Zone=CLEAR
[image_processor-24] [INFO] [1777456439.372369851] [robot_3.image_processor]: Zone=CORNER  left[p=0.352 near=3628 v=6357]  front[p=0.367 near=13500 v=13500]  right[p=0.400 near=6772 v=7740]
[robot_supervisor-16] [INFO] [1777456439.372830851] [robot_3.robot_supervisor]: Detected zone changed to CORNER
[robot_supervisor-13] [INFO] [1777456439.409880685] [robot_2.robot_supervisor]: Selected controllable event: EV_rotate_clockwise
[robot_supervisor-13] [INFO] [1777456439.410234955] [robot_2.robot_supervisor]: rotate_90 blocked by recent completion; stopping this tick
[robot_supervisor-19] [INFO] [1777456439.411710697] [robot_4.robot_supervisor]: Selected controllable event: EV_rotate_clockwise
[robot_supervisor-13] [INFO] [1777456439.509857145] [robot_2.robot_supervisor]: Selected controllable event: EV_rotate_clockwise
[robot_supervisor-13] [INFO] [1777456439.510176682] [robot_2.robot_supervisor]: rotate_90 blocked by recent completion; stopping this tick
[robot_supervisor-10] [INFO] [1777456439.592036238] [robot_1.robot_supervisor]: Selected controllable event: EV_move_forward
[robot_supervisor-16] [INFO] [1777456439.606371595] [robot_3.robot_supervisor]: Selected controllable event: EV_move_backward
[robot_supervisor-13] [INFO] [1777456439.609838315] [robot_2.robot_supervisor]: Selected controllable event: EV_rotate_clockwise
[robot_supervisor-13] [INFO] [1777456439.610216271] [robot_2.robot_supervisor]: rotate_90 blocked by recent completion; stopping this tick
[robot_supervisor-13] [INFO] [1777456439.709897036] [robot_2.robot_supervisor]: Selected controllable event: EV_rotate_clockwise
[robot_supervisor-10] [INFO] [1777456439.892126064] [robot_1.robot_supervisor]: Selected controllable event: EV_move_forward
[robot_supervisor-16] [INFO] [1777456440.006098382] [robot_3.robot_supervisor]: Selected controllable event: EV_rotate_counterclockwise
[robot_supervisor-10] [INFO] [1777456440.192270065] [robot_1.robot_supervisor]: Selected controllable event: EV_move_forward
[robot_supervisor-10] [INFO] [1777456440.492157061] [robot_1.robot_supervisor]: Selected controllable event: EV_move_forward
[robot_supervisor-10] [INFO] [1777456440.792118973] [robot_1.robot_supervisor]: Selected controllable event: EV_move_forward
[robot_supervisor-7] [INFO] [1777456441.027650081] [robot_0.robot_supervisor]: Selected controllable event: EV_rotate_clockwise
[robot_supervisor-7] [INFO] [1777456441.027858566] [robot_0.robot_supervisor]: rotate_90 blocked by recent completion; stopping this tick
[robot_supervisor-10] [INFO] [1777456441.092353395] [robot_1.robot_supervisor]: Selected controllable event: EV_move_forward
[robot_supervisor-7] [INFO] [1777456441.127423284] [robot_0.robot_supervisor]: Selected controllable event: EV_rotate_clockwise
[robot_supervisor-7] [INFO] [1777456441.127889755] [robot_0.robot_supervisor]: rotate_90 blocked by recent completion; stopping this tick
[robot_supervisor-7] [INFO] [1777456441.227314009] [robot_0.robot_supervisor]: Selected controllable event: EV_rotate_clockwise
[robot_supervisor-10] [INFO] [1777456441.392064310] [robot_1.robot_supervisor]: Selected controllable event: EV_move_forward
[robot_supervisor-19] [INFO] [1777456441.511771519] [robot_4.robot_supervisor]: Selected controllable event: EV_rotate_clockwise
[robot_supervisor-19] [INFO] [1777456441.512160665] [robot_4.robot_supervisor]: rotate_90 blocked by recent completion; stopping this tick
[robot_supervisor-19] [INFO] [1777456441.611722652] [robot_4.robot_supervisor]: Selected controllable event: EV_rotate_clockwise
[robot_supervisor-19] [INFO] [1777456441.612086721] [robot_4.robot_supervisor]: rotate_90 blocked by recent completion; stopping this tick
[robot_supervisor-10] [INFO] [1777456441.692043960] [robot_1.robot_supervisor]: Selected controllable event: EV_move_forward
[robot_supervisor-19] [INFO] [1777456441.711643173] [robot_4.robot_supervisor]: Selected controllable event: EV_rotate_clockwise
[robot_supervisor-19] [INFO] [1777456441.711996254] [robot_4.robot_supervisor]: rotate_90 blocked by recent completion; stopping this tick
[robot_supervisor-13] [INFO] [1777456441.809853955] [robot_2.robot_supervisor]: Selected controllable event: EV_rotate_clockwise
[robot_supervisor-13] [INFO] [1777456441.810120769] [robot_2.robot_supervisor]: rotate_90 blocked by recent completion; stopping this tick
[robot_supervisor-19] [INFO] [1777456441.811744548] [robot_4.robot_supervisor]: Selected controllable event: EV_rotate_clockwise
[image_processor-21] [INFO] [1777456441.819633294] [robot_0.image_processor]: Zone=CORNER  left[p=0.439 near=6428 v=7650]  front[p=0.735 near=6709 v=12545]  right[p=0.753 near=2383 v=6670]
[robot_supervisor-7] [INFO] [1777456441.820690570] [robot_0.robot_supervisor]: Detected zone changed to CORNER
[image_processor-25] [INFO] [1777456441.833790886] [robot_4.image_processor]: Zone=LEFT
[image_processor-23] [INFO] [1777456441.844949501] [robot_2.image_processor]: Zone=CORNER  left[p=0.272 near=7650 v=7650]  front[p=0.345 near=13500 v=13500]  right[p=0.581 near=5777 v=7729]
[robot_supervisor-13] [INFO] [1777456441.845884785] [robot_2.robot_supervisor]: Detected zone changed to CORNER
[image_processor-22] [INFO] [1777456441.855930979] [robot_1.image_processor]: Zone=CLEAR
[image_processor-24] [INFO] [1777456441.875131621] [robot_3.image_processor]: Zone=LEFT  left[p=0.664 near=4612 v=7650]  front[p=1.007 near=0 v=8026]  right[p=2.994 near=0 v=5122]
[robot_supervisor-16] [INFO] [1777456441.875821976] [robot_3.robot_supervisor]: Detected zone changed to LEFT
[robot_supervisor-13] [INFO] [1777456441.910089403] [robot_2.robot_supervisor]: Selected controllable event: EV_move_backward
[robot_supervisor-10] [INFO] [1777456441.992069990] [robot_1.robot_supervisor]: Selected controllable event: EV_move_forward
[robot_supervisor-16] [INFO] [1777456442.206256883] [robot_3.robot_supervisor]: Selected controllable event: EV_rotate_clockwise
[robot_supervisor-16] [INFO] [1777456442.206771232] [robot_3.robot_supervisor]: rotate_90 blocked by recent completion; stopping this tick
[robot_supervisor-10] [INFO] [1777456442.292080733] [robot_1.robot_supervisor]: Selected controllable event: EV_move_forward
[robot_supervisor-16] [INFO] [1777456442.306230357] [robot_3.robot_supervisor]: Selected controllable event: EV_rotate_clockwise
[robot_supervisor-16] [INFO] [1777456442.306623205] [robot_3.robot_supervisor]: rotate_90 blocked by recent completion; stopping this tick
[robot_supervisor-13] [INFO] [1777456442.309851710] [robot_2.robot_supervisor]: Selected controllable event: EV_rotate_counterclockwise
[robot_supervisor-16] [INFO] [1777456442.406249909] [robot_3.robot_supervisor]: Selected controllable event: EV_rotate_clockwise
[robot_supervisor-10] [INFO] [1777456442.592554153] [robot_1.robot_supervisor]: Selected controllable event: EV_move_forward
[robot_supervisor-10] [INFO] [1777456442.891893047] [robot_1.robot_supervisor]: Selected controllable event: EV_move_forward
[robot_supervisor-10] [INFO] [1777456443.192049950] [robot_1.robot_supervisor]: Selected controllable event: EV_move_forward
[robot_supervisor-7] [INFO] [1777456443.327802658] [robot_0.robot_supervisor]: Selected controllable event: EV_move_backward
[robot_supervisor-10] [INFO] [1777456443.492283939] [robot_1.robot_supervisor]: Selected controllable event: EV_move_forward
[robot_supervisor-7] [INFO] [1777456443.727623935] [robot_0.robot_supervisor]: Selected controllable event: EV_rotate_counterclockwise
[robot_supervisor-10] [INFO] [1777456443.792261566] [robot_1.robot_supervisor]: Selected controllable event: EV_move_forward
[robot_supervisor-19] [INFO] [1777456443.911702660] [robot_4.robot_supervisor]: Selected controllable event: EV_rotate_clockwise
[robot_supervisor-19] [INFO] [1777456443.912059395] [robot_4.robot_supervisor]: rotate_90 blocked by recent completion; stopping this tick
[robot_supervisor-19] [INFO] [1777456444.011845265] [robot_4.robot_supervisor]: Selected controllable event: EV_rotate_clockwise
[robot_supervisor-19] [INFO] [1777456444.012322362] [robot_4.robot_supervisor]: rotate_90 blocked by recent completion; stopping this tick
[robot_supervisor-10] [INFO] [1777456444.092256782] [robot_1.robot_supervisor]: Selected controllable event: EV_move_forward
[robot_supervisor-19] [INFO] [1777456444.111858774] [robot_4.robot_supervisor]: Selected controllable event: EV_rotate_clockwise
[robot_supervisor-19] [INFO] [1777456444.112333143] [robot_4.robot_supervisor]: rotate_90 blocked by recent completion; stopping this tick
[robot_supervisor-19] [INFO] [1777456444.211647849] [robot_4.robot_supervisor]: Selected controllable event: EV_rotate_clockwise
[image_processor-25] [INFO] [1777456444.333043821] [robot_4.image_processor]: Zone=CLEAR  left[p=2.787 near=0 v=7213]  front[p=2.245 near=0 v=13500]  right[p=1.786 near=0 v=7740]
[robot_supervisor-19] [INFO] [1777456444.333737147] [robot_4.robot_supervisor]: Detected zone changed to CLEAR
[image_processor-23] [INFO] [1777456444.340594837] [robot_2.image_processor]: Zone=LEFT  left[p=0.690 near=7186 v=7650]  front[p=0.883 near=45 v=13500]  right[p=1.728 near=0 v=7740]
[robot_supervisor-13] [INFO] [1777456444.341322147] [robot_2.robot_supervisor]: Detected zone changed to LEFT
[image_processor-22] [INFO] [1777456444.349971178] [robot_1.image_processor]: Zone=RIGHT  left[p=2.500 near=0 v=7650]  front[p=1.779 near=4 v=13500]  right[p=0.329 near=7394 v=7740]
[robot_supervisor-10] [INFO] [1777456444.350458513] [robot_1.robot_supervisor]: Detected zone changed to RIGHT
[image_processor-24] [INFO] [1777456444.361751552] [robot_3.image_processor]: Zone=CORNER  left[p=0.351 near=3774 v=6407]  front[p=0.367 near=13500 v=13500]  right[p=0.402 near=6619 v=7740]
[robot_supervisor-16] [INFO] [1777456444.362119506] [robot_3.robot_supervisor]: Detected zone changed to CORNER
[robot_supervisor-10] [INFO] [1777456444.392153125] [robot_1.robot_supervisor]: Selected controllable event: EV_rotate_counterclockwise
[image_processor-21] [INFO] [1777456444.424339673] [robot_0.image_processor]: Zone=LEFT  left[p=0.589 near=6713 v=7398]  front[p=0.942 near=0 v=8943]  right[p=2.783 near=0 v=4967]
[robot_supervisor-7] [INFO] [1777456444.424967985] [robot_0.robot_supervisor]: Detected zone changed to LEFT
[robot_supervisor-13] [INFO] [1777456444.509939840] [robot_2.robot_supervisor]: Selected controllable event: EV_rotate_clockwise
[robot_supervisor-13] [INFO] [1777456444.510336803] [robot_2.robot_supervisor]: rotate_90 blocked by recent completion; stopping this tick
[robot_supervisor-16] [INFO] [1777456444.606041032] [robot_3.robot_supervisor]: Selected controllable event: EV_move_backward
[robot_supervisor-13] [INFO] [1777456444.609828561] [robot_2.robot_supervisor]: Selected controllable event: EV_rotate_clockwise
[robot_supervisor-13] [INFO] [1777456444.610170197] [robot_2.robot_supervisor]: rotate_90 blocked by recent completion; stopping this tick
[robot_supervisor-13] [INFO] [1777456444.710117073] [robot_2.robot_supervisor]: Selected controllable event: EV_rotate_clockwise
[robot_supervisor-16] [INFO] [1777456445.006292038] [robot_3.robot_supervisor]: Selected controllable event: EV_rotate_counterclockwise
[robot_supervisor-7] [INFO] [1777456445.827903268] [robot_0.robot_supervisor]: Selected controllable event: EV_rotate_clockwise
[robot_supervisor-7] [INFO] [1777456445.828447156] [robot_0.robot_supervisor]: rotate_90 blocked by recent completion; stopping this tick
[robot_supervisor-7] [INFO] [1777456445.927851653] [robot_0.robot_supervisor]: Selected controllable event: EV_rotate_clockwise
[robot_supervisor-7] [INFO] [1777456445.928372988] [robot_0.robot_supervisor]: rotate_90 blocked by recent completion; stopping this tick
[robot_supervisor-7] [INFO] [1777456446.027490928] [robot_0.robot_supervisor]: Selected controllable event: EV_rotate_clockwise
[robot_supervisor-7] [INFO] [1777456446.027864178] [robot_0.robot_supervisor]: rotate_90 blocked by recent completion; stopping this tick
[robot_supervisor-7] [INFO] [1777456446.127537894] [robot_0.robot_supervisor]: Selected controllable event: EV_rotate_clockwise
[robot_supervisor-19] [INFO] [1777456446.411568240] [robot_4.robot_supervisor]: Selected controllable event: EV_move_forward
[robot_supervisor-10] [INFO] [1777456446.491902552] [robot_1.robot_supervisor]: Selected controllable event: EV_rotate_counterclockwise
[robot_supervisor-10] [INFO] [1777456446.492140652] [robot_1.robot_supervisor]: rotate_90 blocked by recent completion; stopping this tick
[robot_supervisor-10] [INFO] [1777456446.592098729] [robot_1.robot_supervisor]: Selected controllable event: EV_rotate_counterclockwise
[robot_supervisor-10] [INFO] [1777456446.592468970] [robot_1.robot_supervisor]: rotate_90 blocked by recent completion; stopping this tick
[robot_supervisor-10] [INFO] [1777456446.691980171] [robot_1.robot_supervisor]: Selected controllable event: EV_rotate_counterclockwise
[robot_supervisor-10] [INFO] [1777456446.692415368] [robot_1.robot_supervisor]: rotate_90 blocked by recent completion; stopping this tick
[robot_supervisor-19] [INFO] [1777456446.711713495] [robot_4.robot_supervisor]: Selected controllable event: EV_move_forward
[robot_supervisor-10] [INFO] [1777456446.792050767] [robot_1.robot_supervisor]: Selected controllable event: EV_rotate_counterclockwise
[robot_supervisor-13] [INFO] [1777456446.809692323] [robot_2.robot_supervisor]: Selected controllable event: EV_rotate_clockwise
[robot_supervisor-13] [INFO] [1777456446.809882838] [robot_2.robot_supervisor]: rotate_90 blocked by recent completion; stopping this tick
[image_processor-21] [INFO] [1777456446.818710876] [robot_0.image_processor]: Zone=CORNER  left[p=0.511 near=4812 v=7650]  front[p=0.746 near=7458 v=12293]  right[p=0.831 near=206 v=6283]
[robot_supervisor-7] [INFO] [1777456446.819486710] [robot_0.robot_supervisor]: Detected zone changed to CORNER
[image_processor-25] [INFO] [1777456446.829317798] [robot_4.image_processor]: Zone=CLEAR
[image_processor-23] [INFO] [1777456446.840857400] [robot_2.image_processor]: Zone=CORNER  left[p=0.272 near=7650 v=7650]  front[p=0.344 near=13500 v=13500]  right[p=0.580 near=5800 v=7731]
[robot_supervisor-13] [INFO] [1777456446.841405980] [robot_2.robot_supervisor]: Detected zone changed to CORNER
[image_processor-22] [INFO] [1777456446.849985081] [robot_1.image_processor]: Zone=RIGHT
[image_processor-24] [INFO] [1777456446.869664815] [robot_3.image_processor]: Zone=LEFT  left[p=0.663 near=4617 v=7650]  front[p=1.006 near=0 v=8026]  right[p=2.994 near=0 v=5122]
[robot_supervisor-16] [INFO] [1777456446.870558878] [robot_3.robot_supervisor]: Detected zone changed to LEFT
[robot_supervisor-13] [INFO] [1777456446.909754881] [robot_2.robot_supervisor]: Selected controllable event: EV_move_backward
[robot_supervisor-19] [INFO] [1777456447.011699008] [robot_4.robot_supervisor]: Selected controllable event: EV_move_forward
[robot_supervisor-16] [INFO] [1777456447.106223875] [robot_3.robot_supervisor]: Selected controllable event: EV_rotate_clockwise
[robot_supervisor-16] [INFO] [1777456447.106559867] [robot_3.robot_supervisor]: rotate_90 blocked by recent completion; stopping this tick
[robot_supervisor-16] [INFO] [1777456447.206223777] [robot_3.robot_supervisor]: Selected controllable event: EV_rotate_clockwise
[robot_supervisor-16] [INFO] [1777456447.206516686] [robot_3.robot_supervisor]: rotate_90 blocked by recent completion; stopping this tick
[robot_supervisor-16] [INFO] [1777456447.305869797] [robot_3.robot_supervisor]: Selected controllable event: EV_rotate_clockwise
[robot_supervisor-16] [INFO] [1777456447.306041995] [robot_3.robot_supervisor]: rotate_90 blocked by recent completion; stopping this tick
[robot_supervisor-13] [INFO] [1777456447.310111111] [robot_2.robot_supervisor]: Selected controllable event: EV_rotate_counterclockwise
[robot_supervisor-19] [INFO] [1777456447.311674116] [robot_4.robot_supervisor]: Selected controllable event: EV_move_forward
[robot_supervisor-16] [INFO] [1777456447.406132532] [robot_3.robot_supervisor]: Selected controllable event: EV_rotate_clockwise
[robot_supervisor-19] [INFO] [1777456447.611683578] [robot_4.robot_supervisor]: Selected controllable event: EV_move_forward
[robot_supervisor-19] [INFO] [1777456447.911944133] [robot_4.robot_supervisor]: Selected controllable event: EV_move_forward
[robot_supervisor-19] [INFO] [1777456448.211590212] [robot_4.robot_supervisor]: Selected controllable event: EV_move_forward
[robot_supervisor-7] [INFO] [1777456448.327251885] [robot_0.robot_supervisor]: Selected controllable event: EV_move_backward
[robot_supervisor-19] [INFO] [1777456448.511607578] [robot_4.robot_supervisor]: Selected controllable event: EV_move_forward
[robot_supervisor-7] [INFO] [1777456448.727413840] [robot_0.robot_supervisor]: Selected controllable event: EV_rotate_counterclockwise
[robot_supervisor-19] [INFO] [1777456448.811872872] [robot_4.robot_supervisor]: Selected controllable event: EV_move_forward
[robot_supervisor-10] [INFO] [1777456448.892057476] [robot_1.robot_supervisor]: Selected controllable event: EV_rotate_counterclockwise
[robot_supervisor-10] [INFO] [1777456448.892366975] [robot_1.robot_supervisor]: rotate_90 blocked by recent completion; stopping this tick
[robot_supervisor-10] [INFO] [1777456448.992086316] [robot_1.robot_supervisor]: Selected controllable event: EV_rotate_counterclockwise
[robot_supervisor-10] [INFO] [1777456448.992426871] [robot_1.robot_supervisor]: rotate_90 blocked by recent completion; stopping this tick
[robot_supervisor-10] [INFO] [1777456449.092024060] [robot_1.robot_supervisor]: Selected controllable event: EV_rotate_counterclockwise
[robot_supervisor-10] [INFO] [1777456449.092454993] [robot_1.robot_supervisor]: rotate_90 blocked by recent completion; stopping this tick
[robot_supervisor-19] [INFO] [1777456449.111516687] [robot_4.robot_supervisor]: Selected controllable event: EV_move_forward
[robot_supervisor-10] [INFO] [1777456449.191988313] [robot_1.robot_supervisor]: Selected controllable event: EV_rotate_counterclockwise
[image_processor-21] [INFO] [1777456449.327254617] [robot_0.image_processor]: Zone=LEFT  left[p=0.588 near=6731 v=7398]  front[p=0.941 near=0 v=8944]  right[p=2.783 near=0 v=4967]
[robot_supervisor-7] [INFO] [1777456449.328183948] [robot_0.robot_supervisor]: Detected zone changed to LEFT
[image_processor-25] [INFO] [1777456449.337790800] [robot_4.image_processor]: Zone=CLEAR
[image_processor-23] [INFO] [1777456449.346097645] [robot_2.image_processor]: Zone=LEFT  left[p=0.689 near=7194 v=7650]  front[p=0.883 near=48 v=13500]  right[p=1.727 near=0 v=7740]
[robot_supervisor-13] [INFO] [1777456449.346898330] [robot_2.robot_supervisor]: Detected zone changed to LEFT
[image_processor-22] [INFO] [1777456449.365366758] [robot_1.image_processor]: Zone=CLEAR  left[p=1.731 near=0 v=7525]  front[p=3.003 near=0 v=9163]  right[p=3.003 near=0 v=5568]
[robot_supervisor-10] [INFO] [1777456449.366136262] [robot_1.robot_supervisor]: Detected zone changed to CLEAR
[image_processor-24] [INFO] [1777456449.376336027] [robot_3.image_processor]: Zone=CORNER  left[p=0.350 near=3748 v=6399]  front[p=0.366 near=13500 v=13500]  right[p=0.402 near=6654 v=7740]
[robot_supervisor-16] [INFO] [1777456449.377340359] [robot_3.robot_supervisor]: Detected zone changed to CORNER
[robot_supervisor-13] [INFO] [1777456449.409879825] [robot_2.robot_supervisor]: Selected controllable event: EV_rotate_clockwise
[robot_supervisor-13] [INFO] [1777456449.410245003] [robot_2.robot_supervisor]: rotate_90 blocked by recent completion; stopping this tick
[robot_supervisor-19] [INFO] [1777456449.411677409] [robot_4.robot_supervisor]: Selected controllable event: EV_move_forward
[robot_supervisor-16] [INFO] [1777456449.506055817] [robot_3.robot_supervisor]: Selected controllable event: EV_move_backward
[robot_supervisor-13] [INFO] [1777456449.509872091] [robot_2.robot_supervisor]: Selected controllable event: EV_rotate_clockwise
[robot_supervisor-13] [INFO] [1777456449.510226360] [robot_2.robot_supervisor]: rotate_90 blocked by recent completion; stopping this tick
[robot_supervisor-13] [INFO] [1777456449.610052062] [robot_2.robot_supervisor]: Selected controllable event: EV_rotate_clockwise
[robot_supervisor-13] [INFO] [1777456449.610478099] [robot_2.robot_supervisor]: rotate_90 blocked by recent completion; stopping this tick
[robot_supervisor-13] [INFO] [1777456449.709784022] [robot_2.robot_supervisor]: Selected controllable event: EV_rotate_clockwise
[robot_supervisor-19] [INFO] [1777456449.711803677] [robot_4.robot_supervisor]: Selected controllable event: EV_move_forward
[robot_supervisor-16] [INFO] [1777456449.906119854] [robot_3.robot_supervisor]: Selected controllable event: EV_rotate_counterclockwise
[robot_supervisor-19] [INFO] [1777456450.011715974] [robot_4.robot_supervisor]: Selected controllable event: EV_move_forward
[robot_supervisor-19] [INFO] [1777456450.311647181] [robot_4.robot_supervisor]: Selected controllable event: EV_move_forward
[robot_supervisor-19] [INFO] [1777456450.611673925] [robot_4.robot_supervisor]: Selected controllable event: EV_move_forward
[robot_supervisor-7] [INFO] [1777456450.827604323] [robot_0.robot_supervisor]: Selected controllable event: EV_rotate_clockwise
[robot_supervisor-7] [INFO] [1777456450.828036469] [robot_0.robot_supervisor]: rotate_90 blocked by recent completion; stopping this tick
[robot_supervisor-19] [INFO] [1777456450.911678712] [robot_4.robot_supervisor]: Selected controllable event: EV_move_forward
[robot_supervisor-7] [INFO] [1777456450.927438975] [robot_0.robot_supervisor]: Selected controllable event: EV_rotate_clockwise
[robot_supervisor-7] [INFO] [1777456450.927802710] [robot_0.robot_supervisor]: rotate_90 blocked by recent completion; stopping this tick
[robot_supervisor-7] [INFO] [1777456451.027310499] [robot_0.robot_supervisor]: Selected controllable event: EV_rotate_clockwise
[robot_supervisor-7] [INFO] [1777456451.027591111] [robot_0.robot_supervisor]: rotate_90 blocked by recent completion; stopping this tick
[robot_supervisor-7] [INFO] [1777456451.127382043] [robot_0.robot_supervisor]: Selected controllable event: EV_rotate_clockwise
[robot_supervisor-19] [INFO] [1777456451.211666390] [robot_4.robot_supervisor]: Selected controllable event: EV_move_forward
[robot_supervisor-10] [INFO] [1777456451.292345463] [robot_1.robot_supervisor]: Selected controllable event: EV_move_forward
[robot_supervisor-19] [INFO] [1777456451.511682442] [robot_4.robot_supervisor]: Selected controllable event: EV_move_forward
[robot_supervisor-10] [INFO] [1777456451.592112806] [robot_1.robot_supervisor]: Selected controllable event: EV_move_forward
[bump_counter-3] [INFO] [1777456451.808214083] [bump_counter]: [global] bump #8 (obstacle) with: cylinder0::link::collision
[robot_supervisor-19] [INFO] [1777456451.811452379] [robot_4.robot_supervisor]: Selected controllable event: EV_move_forward
[image_processor-21] [INFO] [1777456451.823580867] [robot_0.image_processor]: Zone=CORNER  left[p=0.511 near=4811 v=7650]  front[p=0.745 near=7551 v=12300]  right[p=0.830 near=217 v=6283]
[robot_supervisor-7] [INFO] [1777456451.824361612] [robot_0.robot_supervisor]: Detected zone changed to CORNER
[image_processor-25] [INFO] [1777456451.835189458] [robot_4.image_processor]: Zone=CORNER  left[p=0.169 near=5835 v=7650]  front[p=0.146 near=13500 v=13500]  right[p=0.151 near=7740 v=7740]
[robot_supervisor-19] [INFO] [1777456451.835819960] [robot_4.robot_supervisor]: Detected zone changed to CORNER
[image_processor-23] [INFO] [1777456451.846668151] [robot_2.image_processor]: Zone=CORNER  left[p=0.272 near=7650 v=7650]  front[p=0.344 near=13500 v=13500]  right[p=0.579 near=5822 v=7733]
[robot_supervisor-13] [INFO] [1777456451.847448485] [robot_2.robot_supervisor]: Detected zone changed to CORNER
[image_processor-22] [INFO] [1777456451.859809350] [robot_1.image_processor]: Zone=CORNER  left[p=0.282 near=7650 v=7650]  front[p=0.413 near=9928 v=13500]  right[p=1.513 near=0 v=7740]
[robot_supervisor-10] [INFO] [1777456451.860530632] [robot_1.robot_supervisor]: Detected zone changed to CORNER
[image_processor-24] [INFO] [1777456451.882085820] [robot_3.image_processor]: Zone=LEFT  left[p=0.644 near=5529 v=7650]  front[p=0.946 near=0 v=9021]  right[p=2.994 near=0 v=4866]
[robot_supervisor-16] [INFO] [1777456451.882625764] [robot_3.robot_supervisor]: Detected zone changed to LEFT
[robot_supervisor-10] [INFO] [1777456451.892367525] [robot_1.robot_supervisor]: Selected controllable event: EV_move_backward
[robot_supervisor-13] [INFO] [1777456451.909626291] [robot_2.robot_supervisor]: Selected controllable event: EV_move_backward
[robot_supervisor-16] [INFO] [1777456452.105959846] [robot_3.robot_supervisor]: Selected controllable event: EV_rotate_clockwise
[robot_supervisor-16] [INFO] [1777456452.106272600] [robot_3.robot_supervisor]: rotate_90 blocked by recent completion; stopping this tick
[robot_supervisor-19] [INFO] [1777456452.111674078] [robot_4.robot_supervisor]: Selected controllable event: EV_move_backward
[robot_supervisor-16] [INFO] [1777456452.206278904] [robot_3.robot_supervisor]: Selected controllable event: EV_rotate_clockwise
[robot_supervisor-16] [INFO] [1777456452.206680121] [robot_3.robot_supervisor]: rotate_90 blocked by recent completion; stopping this tick
[robot_supervisor-10] [INFO] [1777456452.292476643] [robot_1.robot_supervisor]: Selected controllable event: EV_rotate_counterclockwise
[robot_supervisor-16] [INFO] [1777456452.306112263] [robot_3.robot_supervisor]: Selected controllable event: EV_rotate_clockwise
[robot_supervisor-13] [INFO] [1777456452.309844635] [robot_2.robot_supervisor]: Selected controllable event: EV_rotate_counterclockwise
[robot_supervisor-19] [INFO] [1777456452.511756260] [robot_4.robot_supervisor]: Selected controllable event: EV_rotate_counterclockwise
[robot_supervisor-7] [INFO] [1777456453.327536943] [robot_0.robot_supervisor]: Selected controllable event: EV_move_backward
[robot_supervisor-7] [INFO] [1777456453.727489224] [robot_0.robot_supervisor]: Selected controllable event: EV_rotate_counterclockwise
[image_processor-21] [INFO] [1777456454.324261507] [robot_0.image_processor]: Zone=LEFT  left[p=0.588 near=6748 v=7398]  front[p=0.939 near=0 v=8945]  right[p=2.783 near=0 v=4967]
[robot_supervisor-7] [INFO] [1777456454.325009566] [robot_0.robot_supervisor]: Detected zone changed to LEFT
[image_processor-25] [INFO] [1777456454.334027590] [robot_4.image_processor]: Zone=RIGHT  left[p=1.836 near=0 v=7650]  front[p=1.818 near=0 v=13500]  right[p=0.346 near=1389 v=7740]
[robot_supervisor-19] [INFO] [1777456454.334918642] [robot_4.robot_supervisor]: Detected zone changed to RIGHT
[image_processor-23] [INFO] [1777456454.343464556] [robot_2.image_processor]: Zone=LEFT  left[p=0.689 near=7205 v=7650]  front[p=0.883 near=51 v=13500]  right[p=1.727 near=0 v=7740]
[robot_supervisor-13] [INFO] [1777456454.344231519] [robot_2.robot_supervisor]: Detected zone changed to LEFT
[image_processor-22] [INFO] [1777456454.351498222] [robot_1.image_processor]: Zone=RIGHT  left[p=2.706 near=0 v=7646]  front[p=1.746 near=249 v=13500]  right[p=0.258 near=7724 v=7740]
[robot_supervisor-10] [INFO] [1777456454.351948542] [robot_1.robot_supervisor]: Detected zone changed to RIGHT
[image_processor-24] [INFO] [1777456454.363849047] [robot_3.image_processor]: Zone=CORNER  left[p=0.342 near=4783 v=6725]  front[p=0.365 near=13500 v=13500]  right[p=0.414 near=5550 v=7740]
[robot_supervisor-16] [INFO] [1777456454.364255638] [robot_3.robot_supervisor]: Detected zone changed to CORNER
[robot_supervisor-10] [INFO] [1777456454.392092891] [robot_1.robot_supervisor]: Selected controllable event: EV_rotate_counterclockwise
[robot_supervisor-10] [INFO] [1777456454.392701306] [robot_1.robot_supervisor]: rotate_90 blocked by recent completion; stopping this tick
[robot_supervisor-16] [INFO] [1777456454.406114482] [robot_3.robot_supervisor]: Selected controllable event: EV_move_backward
[robot_supervisor-13] [INFO] [1777456454.409685009] [robot_2.robot_supervisor]: Selected controllable event: EV_rotate_clockwise
[robot_supervisor-13] [INFO] [1777456454.409944034] [robot_2.robot_supervisor]: rotate_90 blocked by recent completion; stopping this tick
[robot_supervisor-10] [INFO] [1777456454.491960735] [robot_1.robot_supervisor]: Selected controllable event: EV_rotate_counterclockwise
[robot_supervisor-10] [INFO] [1777456454.492345375] [robot_1.robot_supervisor]: rotate_90 blocked by recent completion; stopping this tick
[robot_supervisor-13] [INFO] [1777456454.509752339] [robot_2.robot_supervisor]: Selected controllable event: EV_rotate_clockwise
[robot_supervisor-13] [INFO] [1777456454.510011755] [robot_2.robot_supervisor]: rotate_90 blocked by recent completion; stopping this tick
[robot_supervisor-10] [INFO] [1777456454.592097967] [robot_1.robot_supervisor]: Selected controllable event: EV_rotate_counterclockwise
[robot_supervisor-10] [INFO] [1777456454.592673963] [robot_1.robot_supervisor]: rotate_90 blocked by recent completion; stopping this tick
[robot_supervisor-13] [INFO] [1777456454.609850425] [robot_2.robot_supervisor]: Selected controllable event: EV_rotate_clockwise
[robot_supervisor-13] [INFO] [1777456454.610214481] [robot_2.robot_supervisor]: rotate_90 blocked by recent completion; stopping this tick
[robot_supervisor-10] [INFO] [1777456454.692015138] [robot_1.robot_supervisor]: Selected controllable event: EV_rotate_counterclockwise
[robot_supervisor-13] [INFO] [1777456454.709833070] [robot_2.robot_supervisor]: Selected controllable event: EV_rotate_clockwise
[robot_supervisor-19] [INFO] [1777456454.711968188] [robot_4.robot_supervisor]: Selected controllable event: EV_rotate_counterclockwise
[robot_supervisor-19] [INFO] [1777456454.712438407] [robot_4.robot_supervisor]: rotate_90 blocked by recent completion; stopping this tick
[robot_supervisor-16] [INFO] [1777456454.806153733] [robot_3.robot_supervisor]: Selected controllable event: EV_rotate_counterclockwise
[robot_supervisor-19] [INFO] [1777456454.811948301] [robot_4.robot_supervisor]: Selected controllable event: EV_rotate_counterclockwise
[robot_supervisor-19] [INFO] [1777456454.812338015] [robot_4.robot_supervisor]: rotate_90 blocked by recent completion; stopping this tick
[robot_supervisor-19] [INFO] [1777456454.911691741] [robot_4.robot_supervisor]: Selected controllable event: EV_rotate_counterclockwise
[robot_supervisor-7] [INFO] [1777456455.827578324] [robot_0.robot_supervisor]: Selected controllable event: EV_rotate_clockwise
[robot_supervisor-7] [INFO] [1777456455.828005971] [robot_0.robot_supervisor]: rotate_90 blocked by recent completion; stopping this tick
[robot_supervisor-7] [INFO] [1777456455.927508143] [robot_0.robot_supervisor]: Selected controllable event: EV_rotate_clockwise
[robot_supervisor-7] [INFO] [1777456455.927898749] [robot_0.robot_supervisor]: rotate_90 blocked by recent completion; stopping this tick
[robot_supervisor-7] [INFO] [1777456456.027361737] [robot_0.robot_supervisor]: Selected controllable event: EV_rotate_clockwise
[robot_supervisor-7] [INFO] [1777456456.027723516] [robot_0.robot_supervisor]: rotate_90 blocked by recent completion; stopping this tick
[robot_supervisor-7] [INFO] [1777456456.127372457] [robot_0.robot_supervisor]: Selected controllable event: EV_rotate_clockwise
[robot_supervisor-10] [INFO] [1777456456.792046426] [robot_1.robot_supervisor]: Selected controllable event: EV_rotate_counterclockwise
[robot_supervisor-10] [INFO] [1777456456.792416218] [robot_1.robot_supervisor]: rotate_90 blocked by recent completion; stopping this tick
[robot_supervisor-13] [INFO] [1777456456.810036811] [robot_2.robot_supervisor]: Selected controllable event: EV_rotate_clockwise
[robot_supervisor-13] [INFO] [1777456456.810526914] [robot_2.robot_supervisor]: rotate_90 blocked by recent completion; stopping this tick
[image_processor-21] [INFO] [1777456456.819602522] [robot_0.image_processor]: Zone=CORNER  left[p=0.511 near=4811 v=7650]  front[p=0.744 near=7639 v=12304]  right[p=0.828 near=229 v=6285]
[robot_supervisor-7] [INFO] [1777456456.820380261] [robot_0.robot_supervisor]: Detected zone changed to CORNER
[image_processor-25] [INFO] [1777456456.835060322] [robot_4.image_processor]: Zone=RIGHT
[image_processor-23] [INFO] [1777456456.846029029] [robot_2.image_processor]: Zone=CORNER  left[p=0.271 near=7650 v=7650]  front[p=0.343 near=13500 v=13500]  right[p=0.578 near=5844 v=7734]
[robot_supervisor-13] [INFO] [1777456456.846783321] [robot_2.robot_supervisor]: Detected zone changed to CORNER
[image_processor-22] [INFO] [1777456456.857090547] [robot_1.image_processor]: Zone=RIGHT
[image_processor-24] [INFO] [1777456456.875286149] [robot_3.image_processor]: Zone=LEFT  left[p=0.635 near=6035 v=7650]  front[p=0.918 near=0 v=9917]  right[p=2.994 near=0 v=4558]
[robot_supervisor-16] [INFO] [1777456456.875998840] [robot_3.robot_supervisor]: Detected zone changed to LEFT
[robot_supervisor-10] [INFO] [1777456456.892072455] [robot_1.robot_supervisor]: Selected controllable event: EV_rotate_counterclockwise
[robot_supervisor-10] [INFO] [1777456456.892430153] [robot_1.robot_supervisor]: rotate_90 blocked by recent completion; stopping this tick
[robot_supervisor-16] [INFO] [1777456456.906022170] [robot_3.robot_supervisor]: Selected controllable event: EV_rotate_clockwise
[robot_supervisor-16] [INFO] [1777456456.906373871] [robot_3.robot_supervisor]: rotate_90 blocked by recent completion; stopping this tick
[robot_supervisor-13] [INFO] [1777456456.909620502] [robot_2.robot_supervisor]: Selected controllable event: EV_move_backward
[robot_supervisor-10] [INFO] [1777456456.992078245] [robot_1.robot_supervisor]: Selected controllable event: EV_rotate_counterclockwise
[robot_supervisor-10] [INFO] [1777456456.992439477] [robot_1.robot_supervisor]: rotate_90 blocked by recent completion; stopping this tick
[robot_supervisor-16] [INFO] [1777456457.006060748] [robot_3.robot_supervisor]: Selected controllable event: EV_rotate_clockwise
[robot_supervisor-16] [INFO] [1777456457.006512982] [robot_3.robot_supervisor]: rotate_90 blocked by recent completion; stopping this tick
[robot_supervisor-19] [INFO] [1777456457.011915941] [robot_4.robot_supervisor]: Selected controllable event: EV_rotate_counterclockwise
[robot_supervisor-19] [INFO] [1777456457.012394239] [robot_4.robot_supervisor]: rotate_90 blocked by recent completion; stopping this tick
[robot_supervisor-10] [INFO] [1777456457.091898334] [robot_1.robot_supervisor]: Selected controllable event: EV_rotate_counterclockwise
[robot_supervisor-16] [INFO] [1777456457.106038300] [robot_3.robot_supervisor]: Selected controllable event: EV_rotate_clockwise
[robot_supervisor-16] [INFO] [1777456457.106478640] [robot_3.robot_supervisor]: rotate_90 blocked by recent completion; stopping this tick
[robot_supervisor-19] [INFO] [1777456457.111994089] [robot_4.robot_supervisor]: Selected controllable event: EV_rotate_counterclockwise
[robot_supervisor-19] [INFO] [1777456457.112533035] [robot_4.robot_supervisor]: rotate_90 blocked by recent completion; stopping this tick
[robot_supervisor-16] [INFO] [1777456457.206142324] [robot_3.robot_supervisor]: Selected controllable event: EV_rotate_clockwise
[robot_supervisor-19] [INFO] [1777456457.211810017] [robot_4.robot_supervisor]: Selected controllable event: EV_rotate_counterclockwise
[robot_supervisor-19] [INFO] [1777456457.212162462] [robot_4.robot_supervisor]: rotate_90 blocked by recent completion; stopping this tick
[robot_supervisor-13] [INFO] [1777456457.309657104] [robot_2.robot_supervisor]: Selected controllable event: EV_rotate_counterclockwise
[robot_supervisor-19] [INFO] [1777456457.311991757] [robot_4.robot_supervisor]: Selected controllable event: EV_rotate_counterclockwise
[robot_supervisor-7] [INFO] [1777456458.227428177] [robot_0.robot_supervisor]: Selected controllable event: EV_move_backward
[robot_supervisor-7] [INFO] [1777456458.627508719] [robot_0.robot_supervisor]: Selected controllable event: EV_rotate_counterclockwise
[robot_supervisor-10] [INFO] [1777456459.292007957] [robot_1.robot_supervisor]: Selected controllable event: EV_rotate_counterclockwise
[robot_supervisor-10] [INFO] [1777456459.292358103] [robot_1.robot_supervisor]: rotate_90 blocked by recent completion; stopping this tick
[robot_supervisor-16] [INFO] [1777456459.306268255] [robot_3.robot_supervisor]: Selected controllable event: EV_rotate_clockwise
[robot_supervisor-16] [INFO] [1777456459.306827062] [robot_3.robot_supervisor]: rotate_90 blocked by recent completion; stopping this tick
[image_processor-21] [INFO] [1777456459.321530088] [robot_0.image_processor]: Zone=LEFT  left[p=0.583 near=7469 v=7486]  front[p=0.830 near=457 v=9329]  right[p=2.783 near=0 v=4956]
[robot_supervisor-7] [INFO] [1777456459.322025823] [robot_0.robot_supervisor]: Detected zone changed to LEFT
[image_processor-25] [INFO] [1777456459.336226900] [robot_4.image_processor]: Zone=RIGHT
[image_processor-23] [INFO] [1777456459.345793761] [robot_2.image_processor]: Zone=LEFT  left[p=0.688 near=7213 v=7650]  front[p=0.882 near=52 v=13500]  right[p=1.726 near=0 v=7740]
[robot_supervisor-13] [INFO] [1777456459.346363831] [robot_2.robot_supervisor]: Detected zone changed to LEFT
[image_processor-22] [INFO] [1777456459.363702916] [robot_1.image_processor]: Zone=CLEAR  left[p=1.931 near=0 v=7650]  front[p=2.200 near=0 v=10126]  right[p=3.003 near=0 v=5558]
[robot_supervisor-10] [INFO] [1777456459.364376757] [robot_1.robot_supervisor]: Detected zone changed to CLEAR
[image_processor-24] [INFO] [1777456459.375556017] [robot_3.image_processor]: Zone=CORNER  left[p=0.337 near=5358 v=6898]  front[p=0.364 near=13500 v=13500]  right[p=0.421 near=4997 v=7740]
[robot_supervisor-16] [INFO] [1777456459.376305422] [robot_3.robot_supervisor]: Detected zone changed to CORNER
[robot_supervisor-10] [INFO] [1777456459.392309951] [robot_1.robot_supervisor]: Selected controllable event: EV_move_forward
[robot_supervisor-16] [INFO] [1777456459.406174559] [robot_3.robot_supervisor]: Selected controllable event: EV_move_backward
[robot_supervisor-13] [INFO] [1777456459.509930270] [robot_2.robot_supervisor]: Selected controllable event: EV_rotate_clockwise
[robot_supervisor-13] [INFO] [1777456459.510283641] [robot_2.robot_supervisor]: rotate_90 blocked by recent completion; stopping this tick
[robot_supervisor-19] [INFO] [1777456459.511594888] [robot_4.robot_supervisor]: Selected controllable event: EV_rotate_counterclockwise
[robot_supervisor-19] [INFO] [1777456459.511861776] [robot_4.robot_supervisor]: rotate_90 blocked by recent completion; stopping this tick
[robot_supervisor-13] [INFO] [1777456459.609960073] [robot_2.robot_supervisor]: Selected controllable event: EV_rotate_clockwise
[robot_supervisor-13] [INFO] [1777456459.610389905] [robot_2.robot_supervisor]: rotate_90 blocked by recent completion; stopping this tick
[robot_supervisor-19] [INFO] [1777456459.611871775] [robot_4.robot_supervisor]: Selected controllable event: EV_rotate_counterclockwise
[robot_supervisor-19] [INFO] [1777456459.612363114] [robot_4.robot_supervisor]: rotate_90 blocked by recent completion; stopping this tick
[robot_supervisor-10] [INFO] [1777456459.692111333] [robot_1.robot_supervisor]: Selected controllable event: EV_move_forward
[robot_supervisor-13] [INFO] [1777456459.709846599] [robot_2.robot_supervisor]: Selected controllable event: EV_rotate_clockwise
[robot_supervisor-19] [INFO] [1777456459.711419217] [robot_4.robot_supervisor]: Selected controllable event: EV_rotate_counterclockwise
[robot_supervisor-16] [INFO] [1777456459.806388630] [robot_3.robot_supervisor]: Selected controllable event: EV_rotate_counterclockwise
[robot_supervisor-10] [INFO] [1777456459.992065292] [robot_1.robot_supervisor]: Selected controllable event: EV_move_forward
[robot_supervisor-10] [INFO] [1777456460.291762350] [robot_1.robot_supervisor]: Selected controllable event: EV_move_forward
[robot_supervisor-10] [INFO] [1777456460.592215925] [robot_1.robot_supervisor]: Selected controllable event: EV_move_forward
[robot_supervisor-7] [INFO] [1777456460.827404265] [robot_0.robot_supervisor]: Selected controllable event: EV_rotate_clockwise
[robot_supervisor-7] [INFO] [1777456460.827745959] [robot_0.robot_supervisor]: rotate_90 blocked by recent completion; stopping this tick
[robot_supervisor-10] [INFO] [1777456460.892192996] [robot_1.robot_supervisor]: Selected controllable event: EV_move_forward
[robot_supervisor-7] [INFO] [1777456460.927443984] [robot_0.robot_supervisor]: Selected controllable event: EV_rotate_clockwise
[robot_supervisor-7] [INFO] [1777456460.927806742] [robot_0.robot_supervisor]: rotate_90 blocked by recent completion; stopping this tick
[robot_supervisor-7] [INFO] [1777456461.027395387] [robot_0.robot_supervisor]: Selected controllable event: EV_rotate_clockwise
[robot_supervisor-10] [INFO] [1777456461.191914353] [robot_1.robot_supervisor]: Selected controllable event: EV_move_forward
[robot_supervisor-10] [INFO] [1777456461.492150993] [robot_1.robot_supervisor]: Selected controllable event: EV_move_forward
[robot_supervisor-10] [INFO] [1777456461.792037079] [robot_1.robot_supervisor]: Selected controllable event: EV_move_forward
[robot_supervisor-13] [INFO] [1777456461.809877216] [robot_2.robot_supervisor]: Selected controllable event: EV_rotate_clockwise
[robot_supervisor-13] [INFO] [1777456461.810211304] [robot_2.robot_supervisor]: rotate_90 blocked by recent completion; stopping this tick
[robot_supervisor-19] [INFO] [1777456461.811808269] [robot_4.robot_supervisor]: Selected controllable event: EV_rotate_counterclockwise
[robot_supervisor-19] [INFO] [1777456461.812040639] [robot_4.robot_supervisor]: rotate_90 blocked by recent completion; stopping this tick
[image_processor-21] [INFO] [1777456461.819573913] [robot_0.image_processor]: Zone=CORNER  left[p=0.609 near=3165 v=7650]  front[p=0.744 near=7734 v=11999]  right[p=0.997 near=0 v=5878]
[robot_supervisor-7] [INFO] [1777456461.820689206] [robot_0.robot_supervisor]: Detected zone changed to CORNER
[image_processor-25] [INFO] [1777456461.830128027] [robot_4.image_processor]: Zone=CORNER  left[p=0.243 near=6871 v=7650]  front[p=0.237 near=13500 v=13500]  right[p=0.352 near=1330 v=7740]
[robot_supervisor-19] [INFO] [1777456461.830840883] [robot_4.robot_supervisor]: Detected zone changed to CORNER
[image_processor-23] [INFO] [1777456461.842894975] [robot_2.image_processor]: Zone=CORNER  left[p=0.271 near=7650 v=7650]  front[p=0.342 near=13500 v=13500]  right[p=0.577 near=5868 v=7735]
[robot_supervisor-13] [INFO] [1777456461.843712857] [robot_2.robot_supervisor]: Detected zone changed to CORNER
[image_processor-22] [INFO] [1777456461.858234142] [robot_1.image_processor]: Zone=CLEAR
[image_processor-24] [INFO] [1777456461.877495766] [robot_3.image_processor]: Zone=LEFT  left[p=0.634 near=6099 v=7650]  front[p=0.915 near=0 v=10004]  right[p=2.993 near=0 v=4544]
[robot_supervisor-16] [INFO] [1777456461.878290574] [robot_3.robot_supervisor]: Detected zone changed to LEFT
[robot_supervisor-13] [INFO] [1777456461.909770019] [robot_2.robot_supervisor]: Selected controllable event: EV_move_backward
[robot_supervisor-19] [INFO] [1777456461.911699626] [robot_4.robot_supervisor]: Selected controllable event: EV_move_backward
[robot_supervisor-16] [INFO] [1777456462.006117414] [robot_3.robot_supervisor]: Selected controllable event: EV_rotate_clockwise
[robot_supervisor-16] [INFO] [1777456462.006635329] [robot_3.robot_supervisor]: rotate_90 blocked by recent completion; stopping this tick
[robot_supervisor-10] [INFO] [1777456462.092041136] [robot_1.robot_supervisor]: Selected controllable event: EV_move_forward
[robot_supervisor-16] [INFO] [1777456462.106028747] [robot_3.robot_supervisor]: Selected controllable event: EV_rotate_clockwise
[robot_supervisor-16] [INFO] [1777456462.106452405] [robot_3.robot_supervisor]: rotate_90 blocked by recent completion; stopping this tick
[robot_supervisor-16] [INFO] [1777456462.206069829] [robot_3.robot_supervisor]: Selected controllable event: EV_rotate_clockwise
[robot_supervisor-13] [INFO] [1777456462.309641321] [robot_2.robot_supervisor]: Selected controllable event: EV_rotate_counterclockwise
[robot_supervisor-19] [INFO] [1777456462.311796164] [robot_4.robot_supervisor]: Selected controllable event: EV_rotate_counterclockwise
[robot_supervisor-10] [INFO] [1777456462.392168535] [robot_1.robot_supervisor]: Selected controllable event: EV_move_forward
[robot_supervisor-10] [INFO] [1777456462.691807279] [robot_1.robot_supervisor]: Selected controllable event: EV_move_forward
[robot_supervisor-10] [INFO] [1777456462.992171421] [robot_1.robot_supervisor]: Selected controllable event: EV_move_forward
[robot_supervisor-7] [INFO] [1777456463.227447537] [robot_0.robot_supervisor]: Selected controllable event: EV_move_backward
[robot_supervisor-10] [INFO] [1777456463.292120148] [robot_1.robot_supervisor]: Selected controllable event: EV_move_forward
[robot_supervisor-10] [INFO] [1777456463.592067951] [robot_1.robot_supervisor]: Selected controllable event: EV_move_forward
[robot_supervisor-7] [INFO] [1777456463.627393253] [robot_0.robot_supervisor]: Selected controllable event: EV_rotate_counterclockwise
[robot_supervisor-10] [INFO] [1777456463.891923288] [robot_1.robot_supervisor]: Selected controllable event: EV_move_forward
[robot_supervisor-10] [INFO] [1777456464.191847201] [robot_1.robot_supervisor]: Selected controllable event: EV_move_forward
[image_processor-21] [INFO] [1777456464.321519253] [robot_0.image_processor]: Zone=LEFT  left[p=0.582 near=7471 v=7487]  front[p=0.829 near=473 v=9329]  right[p=2.783 near=0 v=4956]
[robot_supervisor-7] [INFO] [1777456464.322546197] [robot_0.robot_supervisor]: Detected zone changed to LEFT
[image_processor-25] [INFO] [1777456464.329193159] [robot_4.image_processor]: Zone=CLEAR  left[p=2.568 near=0 v=7650]  front[p=1.803 near=0 v=13500]  right[p=1.495 near=0 v=7740]
[robot_supervisor-19] [INFO] [1777456464.329719963] [robot_4.robot_supervisor]: Detected zone changed to CLEAR
[image_processor-23] [INFO] [1777456464.339698330] [robot_2.image_processor]: Zone=LEFT  left[p=0.687 near=7223 v=7650]  front[p=0.882 near=56 v=13500]  right[p=1.725 near=0 v=7740]
[robot_supervisor-13] [INFO] [1777456464.340258151] [robot_2.robot_supervisor]: Detected zone changed to LEFT
[image_processor-22] [INFO] [1777456464.356536562] [robot_1.image_processor]: Zone=CLEAR
[image_processor-24] [INFO] [1777456464.365454133] [robot_3.image_processor]: Zone=CORNER  left[p=0.339 near=5069 v=6811]  front[p=0.364 near=13500 v=13500]  right[p=0.417 near=5279 v=7740]
[robot_supervisor-16] [INFO] [1777456464.365866745] [robot_3.robot_supervisor]: Detected zone changed to CORNER
[robot_supervisor-16] [INFO] [1777456464.406073788] [robot_3.robot_supervisor]: Selected controllable event: EV_move_backward
[robot_supervisor-10] [INFO] [1777456464.492049217] [robot_1.robot_supervisor]: Selected controllable event: EV_move_forward
[robot_supervisor-13] [INFO] [1777456464.509744598] [robot_2.robot_supervisor]: Selected controllable event: EV_rotate_clockwise
[robot_supervisor-13] [INFO] [1777456464.510006423] [robot_2.robot_supervisor]: rotate_90 blocked by recent completion; stopping this tick
[robot_supervisor-19] [INFO] [1777456464.511442365] [robot_4.robot_supervisor]: Selected controllable event: EV_move_forward
[robot_supervisor-13] [INFO] [1777456464.609864668] [robot_2.robot_supervisor]: Selected controllable event: EV_rotate_clockwise
[robot_supervisor-13] [INFO] [1777456464.610233371] [robot_2.robot_supervisor]: rotate_90 blocked by recent completion; stopping this tick
[robot_supervisor-13] [INFO] [1777456464.709598567] [robot_2.robot_supervisor]: Selected controllable event: EV_rotate_clockwise
[robot_supervisor-10] [INFO] [1777456464.792053148] [robot_1.robot_supervisor]: Selected controllable event: EV_move_forward
[robot_supervisor-16] [INFO] [1777456464.805873833] [robot_3.robot_supervisor]: Selected controllable event: EV_rotate_counterclockwise
[robot_supervisor-19] [INFO] [1777456464.811720370] [robot_4.robot_supervisor]: Selected controllable event: EV_move_forward
[robot_supervisor-10] [INFO] [1777456465.092048867] [robot_1.robot_supervisor]: Selected controllable event: EV_move_forward
[robot_supervisor-19] [INFO] [1777456465.111685146] [robot_4.robot_supervisor]: Selected controllable event: EV_move_forward
[robot_supervisor-10] [INFO] [1777456465.392129269] [robot_1.robot_supervisor]: Selected controllable event: EV_move_forward
[robot_supervisor-19] [INFO] [1777456465.411974325] [robot_4.robot_supervisor]: Selected controllable event: EV_move_forward
[robot_supervisor-10] [INFO] [1777456465.692379813] [robot_1.robot_supervisor]: Selected controllable event: EV_move_forward
[robot_supervisor-19] [INFO] [1777456465.711665942] [robot_4.robot_supervisor]: Selected controllable event: EV_move_forward
[robot_supervisor-7] [INFO] [1777456465.827581414] [robot_0.robot_supervisor]: Selected controllable event: EV_rotate_clockwise
[robot_supervisor-7] [INFO] [1777456465.828309630] [robot_0.robot_supervisor]: rotate_90 blocked by recent completion; stopping this tick
[robot_supervisor-7] [INFO] [1777456465.927701229] [robot_0.robot_supervisor]: Selected controllable event: EV_rotate_clockwise
[robot_supervisor-7] [INFO] [1777456465.928153334] [robot_0.robot_supervisor]: rotate_90 blocked by recent completion; stopping this tick
[robot_supervisor-10] [INFO] [1777456465.992182993] [robot_1.robot_supervisor]: Selected controllable event: EV_move_forward
[robot_supervisor-19] [INFO] [1777456466.011474150] [robot_4.robot_supervisor]: Selected controllable event: EV_move_forward
[robot_supervisor-7] [INFO] [1777456466.027623068] [robot_0.robot_supervisor]: Selected controllable event: EV_rotate_clockwise
[robot_supervisor-10] [INFO] [1777456466.292070051] [robot_1.robot_supervisor]: Selected controllable event: EV_move_forward
[robot_supervisor-19] [INFO] [1777456466.311476041] [robot_4.robot_supervisor]: Selected controllable event: EV_move_forward
[robot_supervisor-10] [INFO] [1777456466.592088298] [robot_1.robot_supervisor]: Selected controllable event: EV_move_forward
[robot_supervisor-19] [INFO] [1777456466.611725139] [robot_4.robot_supervisor]: Selected controllable event: EV_move_forward
[robot_supervisor-13] [INFO] [1777456466.809781232] [robot_2.robot_supervisor]: Selected controllable event: EV_rotate_clockwise
[robot_supervisor-13] [INFO] [1777456466.810051268] [robot_2.robot_supervisor]: rotate_90 blocked by recent completion; stopping this tick
[image_processor-21] [INFO] [1777456466.823148028] [robot_0.image_processor]: Zone=CORNER  left[p=0.609 near=3173 v=7650]  front[p=0.743 near=7824 v=12005]  right[p=0.995 near=0 v=5878]
[robot_supervisor-7] [INFO] [1777456466.824336492] [robot_0.robot_supervisor]: Detected zone changed to CORNER
[image_processor-25] [INFO] [1777456466.831858217] [robot_4.image_processor]: Zone=CLEAR
[image_processor-23] [INFO] [1777456466.842260772] [robot_2.image_processor]: Zone=CORNER  left[p=0.270 near=7650 v=7650]  front[p=0.342 near=13500 v=13500]  right[p=0.576 near=5891 v=7736]
[robot_supervisor-13] [INFO] [1777456466.842820487] [robot_2.robot_supervisor]: Detected zone changed to CORNER
[image_processor-22] [INFO] [1777456466.857199474] [robot_1.image_processor]: Zone=CLEAR
[image_processor-24] [INFO] [1777456466.879021534] [robot_3.image_processor]: Zone=LEFT  left[p=0.632 near=6240 v=7650]  front[p=0.908 near=0 v=10194]  right[p=1.539 near=0 v=4543]
[robot_supervisor-16] [INFO] [1777456466.879736716] [robot_3.robot_supervisor]: Detected zone changed to LEFT
[robot_supervisor-10] [INFO] [1777456466.892361446] [robot_1.robot_supervisor]: Selected controllable event: EV_move_forward
[robot_supervisor-13] [INFO] [1777456466.909811901] [robot_2.robot_supervisor]: Selected controllable event: EV_move_backward
[robot_supervisor-19] [INFO] [1777456466.911492550] [robot_4.robot_supervisor]: Selected controllable event: EV_move_forward
[robot_supervisor-16] [INFO] [1777456467.006041824] [robot_3.robot_supervisor]: Selected controllable event: EV_rotate_clockwise
[robot_supervisor-16] [INFO] [1777456467.006437844] [robot_3.robot_supervisor]: rotate_90 blocked by recent completion; stopping this tick
[robot_supervisor-16] [INFO] [1777456467.106032566] [robot_3.robot_supervisor]: Selected controllable event: EV_rotate_clockwise
[robot_supervisor-16] [INFO] [1777456467.106387232] [robot_3.robot_supervisor]: rotate_90 blocked by recent completion; stopping this tick
[robot_supervisor-10] [INFO] [1777456467.191893479] [robot_1.robot_supervisor]: Selected controllable event: EV_move_forward
[robot_supervisor-16] [INFO] [1777456467.205941841] [robot_3.robot_supervisor]: Selected controllable event: EV_rotate_clockwise
[robot_supervisor-19] [INFO] [1777456467.211463499] [robot_4.robot_supervisor]: Selected controllable event: EV_move_forward
[robot_supervisor-13] [INFO] [1777456467.309856430] [robot_2.robot_supervisor]: Selected controllable event: EV_rotate_counterclockwise
[robot_supervisor-10] [INFO] [1777456467.492305332] [robot_1.robot_supervisor]: Selected controllable event: EV_move_forward
[robot_supervisor-19] [INFO] [1777456467.511693006] [robot_4.robot_supervisor]: Selected controllable event: EV_move_forward
[robot_supervisor-10] [INFO] [1777456467.792075426] [robot_1.robot_supervisor]: Selected controllable event: EV_move_forward
[robot_supervisor-19] [INFO] [1777456467.811567074] [robot_4.robot_supervisor]: Selected controllable event: EV_move_forward
[robot_supervisor-10] [INFO] [1777456468.092440512] [robot_1.robot_supervisor]: Selected controllable event: EV_move_forward
[robot_supervisor-19] [INFO] [1777456468.111470472] [robot_4.robot_supervisor]: Selected controllable event: EV_move_forward
[robot_supervisor-7] [INFO] [1777456468.227523025] [robot_0.robot_supervisor]: Selected controllable event: EV_move_backward
[robot_supervisor-10] [INFO] [1777456468.391965576] [robot_1.robot_supervisor]: Selected controllable event: EV_move_forward
[robot_supervisor-19] [INFO] [1777456468.411485012] [robot_4.robot_supervisor]: Selected controllable event: EV_move_forward
[robot_supervisor-7] [INFO] [1777456468.627519088] [robot_0.robot_supervisor]: Selected controllable event: EV_rotate_counterclockwise
[robot_supervisor-10] [INFO] [1777456468.692020280] [robot_1.robot_supervisor]: Selected controllable event: EV_move_forward
[robot_supervisor-19] [INFO] [1777456468.711463982] [robot_4.robot_supervisor]: Selected controllable event: EV_move_forward
[robot_supervisor-10] [INFO] [1777456468.992252850] [robot_1.robot_supervisor]: Selected controllable event: EV_move_forward
[robot_supervisor-19] [INFO] [1777456469.011517890] [robot_4.robot_supervisor]: Selected controllable event: EV_move_forward
[robot_supervisor-10] [INFO] [1777456469.292144254] [robot_1.robot_supervisor]: Selected controllable event: EV_move_forward
[robot_supervisor-19] [INFO] [1777456469.311519819] [robot_4.robot_supervisor]: Selected controllable event: EV_move_forward
[image_processor-21] [INFO] [1777456469.320093061] [robot_0.image_processor]: Zone=LEFT  left[p=0.582 near=7472 v=7487]  front[p=0.828 near=490 v=9329]  right[p=2.783 near=0 v=4956]
[robot_supervisor-7] [INFO] [1777456469.320636936] [robot_0.robot_supervisor]: Detected zone changed to LEFT
[image_processor-25] [INFO] [1777456469.329826020] [robot_4.image_processor]: Zone=CLEAR
[image_processor-23] [INFO] [1777456469.337678654] [robot_2.image_processor]: Zone=LEFT  left[p=0.687 near=7231 v=7650]  front[p=0.882 near=56 v=13500]  right[p=1.725 near=0 v=7740]
[robot_supervisor-13] [INFO] [1777456469.338626775] [robot_2.robot_supervisor]: Detected zone changed to LEFT
[image_processor-22] [INFO] [1777456469.352331660] [robot_1.image_processor]: Zone=CLEAR
[image_processor-24] [INFO] [1777456469.361053537] [robot_3.image_processor]: Zone=CORNER  left[p=0.339 near=5042 v=6804]  front[p=0.363 near=13500 v=13500]  right[p=0.417 near=5311 v=7740]
[robot_supervisor-16] [INFO] [1777456469.361501360] [robot_3.robot_supervisor]: Detected zone changed to CORNER
[robot_supervisor-16] [INFO] [1777456469.406033799] [robot_3.robot_supervisor]: Selected controllable event: EV_move_backward
[robot_supervisor-13] [INFO] [1777456469.409732115] [robot_2.robot_supervisor]: Selected controllable event: EV_rotate_clockwise
[robot_supervisor-13] [INFO] [1777456469.409976179] [robot_2.robot_supervisor]: rotate_90 blocked by recent completion; stopping this tick
[robot_supervisor-13] [INFO] [1777456469.509820373] [robot_2.robot_supervisor]: Selected controllable event: EV_rotate_clockwise
[robot_supervisor-13] [INFO] [1777456469.510147144] [robot_2.robot_supervisor]: rotate_90 blocked by recent completion; stopping this tick
[robot_supervisor-10] [INFO] [1777456469.591898926] [robot_1.robot_supervisor]: Selected controllable event: EV_move_forward
[robot_supervisor-13] [INFO] [1777456469.610013009] [robot_2.robot_supervisor]: Selected controllable event: EV_rotate_clockwise
[robot_supervisor-13] [INFO] [1777456469.610402267] [robot_2.robot_supervisor]: rotate_90 blocked by recent completion; stopping this tick
[robot_supervisor-19] [INFO] [1777456469.611527283] [robot_4.robot_supervisor]: Selected controllable event: EV_move_forward
[robot_supervisor-13] [INFO] [1777456469.710063679] [robot_2.robot_supervisor]: Selected controllable event: EV_rotate_clockwise
[robot_supervisor-16] [INFO] [1777456469.806045879] [robot_3.robot_supervisor]: Selected controllable event: EV_rotate_counterclockwise
[robot_supervisor-10] [INFO] [1777456469.892291723] [robot_1.robot_supervisor]: Selected controllable event: EV_move_forward
[robot_supervisor-19] [INFO] [1777456469.911709291] [robot_4.robot_supervisor]: Selected controllable event: EV_move_forward
[robot_supervisor-10] [INFO] [1777456470.192066668] [robot_1.robot_supervisor]: Selected controllable event: EV_move_forward
[robot_supervisor-19] [INFO] [1777456470.211704589] [robot_4.robot_supervisor]: Selected controllable event: EV_move_forward
[robot_supervisor-10] [INFO] [1777456470.491900302] [robot_1.robot_supervisor]: Selected controllable event: EV_move_forward
[robot_supervisor-19] [INFO] [1777456470.511549652] [robot_4.robot_supervisor]: Selected controllable event: EV_move_forward
[robot_supervisor-19] [INFO] [1777456470.712570864] [robot_4.robot_supervisor]: Selected controllable event: EV_move_forward
[robot_supervisor-10] [INFO] [1777456470.792025242] [robot_1.robot_supervisor]: Selected controllable event: EV_move_forward
[robot_supervisor-7] [INFO] [1777456470.827366427] [robot_0.robot_supervisor]: Selected controllable event: EV_rotate_clockwise
[robot_supervisor-7] [INFO] [1777456470.827559121] [robot_0.robot_supervisor]: rotate_90 blocked by recent completion; stopping this tick
[robot_supervisor-7] [INFO] [1777456470.927392845] [robot_0.robot_supervisor]: Selected controllable event: EV_rotate_clockwise
[robot_supervisor-7] [INFO] [1777456470.927749196] [robot_0.robot_supervisor]: rotate_90 blocked by recent completion; stopping this tick
[robot_supervisor-19] [INFO] [1777456471.011709999] [robot_4.robot_supervisor]: Selected controllable event: EV_move_forward
[robot_supervisor-7] [INFO] [1777456471.027160814] [robot_0.robot_supervisor]: Selected controllable event: EV_rotate_clockwise
[robot_supervisor-10] [INFO] [1777456471.092117734] [robot_1.robot_supervisor]: Selected controllable event: EV_move_forward
[robot_supervisor-19] [INFO] [1777456471.311772002] [robot_4.robot_supervisor]: Selected controllable event: EV_move_forward
[robot_supervisor-10] [INFO] [1777456471.392326212] [robot_1.robot_supervisor]: Selected controllable event: EV_move_forward
[robot_supervisor-19] [INFO] [1777456471.611697639] [robot_4.robot_supervisor]: Selected controllable event: EV_move_forward
[robot_supervisor-10] [INFO] [1777456471.692036654] [robot_1.robot_supervisor]: Selected controllable event: EV_move_forward
[image_processor-21] [INFO] [1777456471.823986106] [robot_0.image_processor]: Zone=CORNER  left[p=0.609 near=3181 v=7650]  front[p=0.743 near=7913 v=12009]  right[p=0.993 near=0 v=5879]
[robot_supervisor-7] [INFO] [1777456471.824670138] [robot_0.robot_supervisor]: Detected zone changed to CORNER
[image_processor-25] [INFO] [1777456471.835483582] [robot_4.image_processor]: Zone=CORNER  left[p=0.815 near=476 v=7650]  front[p=0.547 near=13082 v=13500]  right[p=0.449 near=7740 v=7740]
[robot_supervisor-19] [INFO] [1777456471.836050172] [robot_4.robot_supervisor]: Detected zone changed to CORNER
[image_processor-23] [INFO] [1777456471.848052298] [robot_2.image_processor]: Zone=CORNER  left[p=0.270 near=7650 v=7650]  front[p=0.341 near=13500 v=13500]  right[p=0.575 near=5912 v=7737]
[robot_supervisor-13] [INFO] [1777456471.848709598] [robot_2.robot_supervisor]: Detected zone changed to CORNER
[image_processor-22] [INFO] [1777456471.862649536] [robot_1.image_processor]: Zone=CLEAR
[image_processor-24] [INFO] [1777456471.885166490] [robot_3.image_processor]: Zone=LEFT  left[p=0.630 near=6296 v=7650]  front[p=0.905 near=0 v=10255]  right[p=2.993 near=0 v=4551]
[robot_supervisor-16] [INFO] [1777456471.885857232] [robot_3.robot_supervisor]: Detected zone changed to LEFT
[robot_supervisor-13] [INFO] [1777456471.910163929] [robot_2.robot_supervisor]: Selected controllable event: EV_move_backward
[robot_supervisor-19] [INFO] [1777456471.911433631] [robot_4.robot_supervisor]: Selected controllable event: EV_move_backward
[robot_supervisor-10] [INFO] [1777456471.992046710] [robot_1.robot_supervisor]: Selected controllable event: EV_move_forward
[robot_supervisor-16] [INFO] [1777456472.006222294] [robot_3.robot_supervisor]: Selected controllable event: EV_rotate_clockwise
[robot_supervisor-16] [INFO] [1777456472.006882802] [robot_3.robot_supervisor]: rotate_90 blocked by recent completion; stopping this tick
[robot_supervisor-16] [INFO] [1777456472.106055260] [robot_3.robot_supervisor]: Selected controllable event: EV_rotate_clockwise
[robot_supervisor-16] [INFO] [1777456472.106480932] [robot_3.robot_supervisor]: rotate_90 blocked by recent completion; stopping this tick
[robot_supervisor-16] [INFO] [1777456472.206155638] [robot_3.robot_supervisor]: Selected controllable event: EV_rotate_clockwise
[robot_supervisor-10] [INFO] [1777456472.292181490] [robot_1.robot_supervisor]: Selected controllable event: EV_move_forward
[robot_supervisor-13] [INFO] [1777456472.310055476] [robot_2.robot_supervisor]: Selected controllable event: EV_rotate_counterclockwise
[robot_supervisor-19] [INFO] [1777456472.311696782] [robot_4.robot_supervisor]: Selected controllable event: EV_rotate_counterclockwise
[robot_supervisor-10] [INFO] [1777456472.592380151] [robot_1.robot_supervisor]: Selected controllable event: EV_move_forward
[robot_supervisor-10] [INFO] [1777456472.892359293] [robot_1.robot_supervisor]: Selected controllable event: EV_move_forward
[robot_supervisor-10] [INFO] [1777456473.192065046] [robot_1.robot_supervisor]: Selected controllable event: EV_move_forward
[robot_supervisor-7] [INFO] [1777456473.227562523] [robot_0.robot_supervisor]: Selected controllable event: EV_move_backward
[robot_supervisor-10] [INFO] [1777456473.492027491] [robot_1.robot_supervisor]: Selected controllable event: EV_move_forward
[robot_supervisor-7] [INFO] [1777456473.627547538] [robot_0.robot_supervisor]: Selected controllable event: EV_rotate_counterclockwise
[robot_supervisor-10] [INFO] [1777456473.792088517] [robot_1.robot_supervisor]: Selected controllable event: EV_move_forward
[robot_supervisor-10] [INFO] [1777456474.091987293] [robot_1.robot_supervisor]: Selected controllable event: EV_move_forward
[image_processor-21] [INFO] [1777456474.321688299] [robot_0.image_processor]: Zone=LEFT  left[p=0.581 near=7475 v=7487]  front[p=0.827 near=506 v=9330]  right[p=2.783 near=0 v=4956]
[robot_supervisor-7] [INFO] [1777456474.322370844] [robot_0.robot_supervisor]: Detected zone changed to LEFT
[image_processor-25] [INFO] [1777456474.336316983] [robot_4.image_processor]: Zone=CLEAR  left[p=2.803 near=0 v=4709]  front[p=3.019 near=0 v=9192]  right[p=1.754 near=0 v=7141]
[robot_supervisor-19] [INFO] [1777456474.337004024] [robot_4.robot_supervisor]: Detected zone changed to CLEAR
[image_processor-23] [INFO] [1777456474.345577964] [robot_2.image_processor]: Zone=LEFT  left[p=0.686 near=7241 v=7650]  front[p=0.882 near=60 v=13500]  right[p=1.724 near=0 v=7740]
[robot_supervisor-13] [INFO] [1777456474.346314934] [robot_2.robot_supervisor]: Detected zone changed to LEFT
[image_processor-22] [INFO] [1777456474.360166327] [robot_1.image_processor]: Zone=CLEAR
[image_processor-24] [INFO] [1777456474.370575218] [robot_3.image_processor]: Zone=CORNER  left[p=0.342 near=4507 v=6645]  front[p=0.363 near=13500 v=13500]  right[p=0.410 near=5854 v=7740]
[robot_supervisor-16] [INFO] [1777456474.371283765] [robot_3.robot_supervisor]: Detected zone changed to CORNER
[robot_supervisor-10] [INFO] [1777456474.391830809] [robot_1.robot_supervisor]: Selected controllable event: EV_move_forward
[robot_supervisor-16] [INFO] [1777456474.406344638] [robot_3.robot_supervisor]: Selected controllable event: EV_move_backward
[robot_supervisor-13] [INFO] [1777456474.509636918] [robot_2.robot_supervisor]: Selected controllable event: EV_rotate_clockwise
[robot_supervisor-13] [INFO] [1777456474.509804367] [robot_2.robot_supervisor]: rotate_90 blocked by recent completion; stopping this tick
[robot_supervisor-19] [INFO] [1777456474.511839084] [robot_4.robot_supervisor]: Selected controllable event: EV_move_forward
[robot_supervisor-13] [INFO] [1777456474.609929073] [robot_2.robot_supervisor]: Selected controllable event: EV_rotate_clockwise
[robot_supervisor-13] [INFO] [1777456474.610308722] [robot_2.robot_supervisor]: rotate_90 blocked by recent completion; stopping this tick
[robot_supervisor-10] [INFO] [1777456474.692090035] [robot_1.robot_supervisor]: Selected controllable event: EV_move_forward
[robot_supervisor-13] [INFO] [1777456474.709876980] [robot_2.robot_supervisor]: Selected controllable event: EV_rotate_clockwise
[robot_supervisor-16] [INFO] [1777456474.806062686] [robot_3.robot_supervisor]: Selected controllable event: EV_rotate_counterclockwise
[robot_supervisor-19] [INFO] [1777456474.811471524] [robot_4.robot_supervisor]: Selected controllable event: EV_move_forward
[robot_supervisor-10] [INFO] [1777456474.992012415] [robot_1.robot_supervisor]: Selected controllable event: EV_move_forward
[robot_supervisor-19] [INFO] [1777456475.111587571] [robot_4.robot_supervisor]: Selected controllable event: EV_move_forward
[robot_supervisor-10] [INFO] [1777456475.292070425] [robot_1.robot_supervisor]: Selected controllable event: EV_move_forward
[robot_supervisor-19] [INFO] [1777456475.411738072] [robot_4.robot_supervisor]: Selected controllable event: EV_move_forward
[robot_supervisor-10] [INFO] [1777456475.592053484] [robot_1.robot_supervisor]: Selected controllable event: EV_move_forward
[robot_supervisor-19] [INFO] [1777456475.711418352] [robot_4.robot_supervisor]: Selected controllable event: EV_move_forward
[robot_supervisor-7] [INFO] [1777456475.827568302] [robot_0.robot_supervisor]: Selected controllable event: EV_rotate_clockwise
[robot_supervisor-7] [INFO] [1777456475.827961460] [robot_0.robot_supervisor]: rotate_90 blocked by recent completion; stopping this tick
[robot_supervisor-10] [INFO] [1777456475.892076317] [robot_1.robot_supervisor]: Selected controllable event: EV_move_forward
[robot_supervisor-7] [INFO] [1777456475.927702544] [robot_0.robot_supervisor]: Selected controllable event: EV_rotate_clockwise
[robot_supervisor-7] [INFO] [1777456475.928180055] [robot_0.robot_supervisor]: rotate_90 blocked by recent completion; stopping this tick
[robot_supervisor-19] [INFO] [1777456476.011677578] [robot_4.robot_supervisor]: Selected controllable event: EV_move_forward
[robot_supervisor-7] [INFO] [1777456476.027380538] [robot_0.robot_supervisor]: Selected controllable event: EV_rotate_clockwise
[robot_supervisor-10] [INFO] [1777456476.192044551] [robot_1.robot_supervisor]: Selected controllable event: EV_move_forward
[robot_supervisor-19] [INFO] [1777456476.311686252] [robot_4.robot_supervisor]: Selected controllable event: EV_move_forward
[robot_supervisor-10] [INFO] [1777456476.492012702] [robot_1.robot_supervisor]: Selected controllable event: EV_move_forward
[robot_supervisor-19] [INFO] [1777456476.611453135] [robot_4.robot_supervisor]: Selected controllable event: EV_move_forward
[robot_supervisor-10] [INFO] [1777456476.792251875] [robot_1.robot_supervisor]: Selected controllable event: EV_move_forward
[image_processor-21] [INFO] [1777456476.823074957] [robot_0.image_processor]: Zone=CORNER  left[p=0.609 near=3181 v=7650]  front[p=0.742 near=7978 v=12014]  right[p=0.991 near=0 v=5880]
[robot_supervisor-7] [INFO] [1777456476.823802827] [robot_0.robot_supervisor]: Detected zone changed to CORNER
[image_processor-25] [INFO] [1777456476.844964586] [robot_4.image_processor]: Zone=CLEAR
[image_processor-23] [INFO] [1777456476.862364287] [robot_2.image_processor]: Zone=CORNER  left[p=0.269 near=7650 v=7650]  front[p=0.341 near=13500 v=13500]  right[p=0.574 near=5935 v=7738]
[robot_supervisor-13] [INFO] [1777456476.863223021] [robot_2.robot_supervisor]: Detected zone changed to CORNER
[image_processor-22] [INFO] [1777456476.880528479] [robot_1.image_processor]: Zone=CLEAR
[image_processor-24] [INFO] [1777456476.903637214] [robot_3.image_processor]: Zone=LEFT  left[p=0.630 near=6341 v=7650]  front[p=0.902 near=0 v=10296]  right[p=2.993 near=0 v=4558]
[robot_supervisor-16] [INFO] [1777456476.904444855] [robot_3.robot_supervisor]: Detected zone changed to LEFT
[robot_supervisor-13] [INFO] [1777456476.909810796] [robot_2.robot_supervisor]: Selected controllable event: EV_move_backward
[robot_supervisor-19] [INFO] [1777456476.911432175] [robot_4.robot_supervisor]: Selected controllable event: EV_move_forward
[robot_supervisor-16] [INFO] [1777456477.006071873] [robot_3.robot_supervisor]: Selected controllable event: EV_rotate_clockwise
[robot_supervisor-16] [INFO] [1777456477.006403156] [robot_3.robot_supervisor]: rotate_90 blocked by recent completion; stopping this tick
[robot_supervisor-10] [INFO] [1777456477.092001835] [robot_1.robot_supervisor]: Selected controllable event: EV_move_forward
[robot_supervisor-16] [INFO] [1777456477.106147796] [robot_3.robot_supervisor]: Selected controllable event: EV_rotate_clockwise
[robot_supervisor-16] [INFO] [1777456477.106527359] [robot_3.robot_supervisor]: rotate_90 blocked by recent completion; stopping this tick
[robot_supervisor-16] [INFO] [1777456477.206222653] [robot_3.robot_supervisor]: Selected controllable event: EV_rotate_clockwise
[robot_supervisor-19] [INFO] [1777456477.211723859] [robot_4.robot_supervisor]: Selected controllable event: EV_move_forward
[robot_supervisor-13] [INFO] [1777456477.309905768] [robot_2.robot_supervisor]: Selected controllable event: EV_rotate_counterclockwise
[robot_supervisor-10] [INFO] [1777456477.392152410] [robot_1.robot_supervisor]: Selected controllable event: EV_move_forward
[robot_supervisor-19] [INFO] [1777456477.511474748] [robot_4.robot_supervisor]: Selected controllable event: EV_move_forward
[robot_supervisor-10] [INFO] [1777456477.692089333] [robot_1.robot_supervisor]: Selected controllable event: EV_move_forward
[robot_supervisor-19] [INFO] [1777456477.811688832] [robot_4.robot_supervisor]: Selected controllable event: EV_move_forward
[robot_supervisor-10] [INFO] [1777456477.992271857] [robot_1.robot_supervisor]: Selected controllable event: EV_move_forward
[robot_supervisor-19] [INFO] [1777456478.111815173] [robot_4.robot_supervisor]: Selected controllable event: EV_move_forward
[robot_supervisor-7] [INFO] [1777456478.227133022] [robot_0.robot_supervisor]: Selected controllable event: EV_move_backward
[robot_supervisor-10] [INFO] [1777456478.292271493] [robot_1.robot_supervisor]: Selected controllable event: EV_move_forward
[robot_supervisor-19] [INFO] [1777456478.411602076] [robot_4.robot_supervisor]: Selected controllable event: EV_move_forward
[robot_supervisor-10] [INFO] [1777456478.592104248] [robot_1.robot_supervisor]: Selected controllable event: EV_move_forward
[robot_supervisor-7] [INFO] [1777456478.627425230] [robot_0.robot_supervisor]: Selected controllable event: EV_rotate_counterclockwise
[robot_supervisor-19] [INFO] [1777456478.711844632] [robot_4.robot_supervisor]: Selected controllable event: EV_move_forward
[robot_supervisor-10] [INFO] [1777456478.891880525] [robot_1.robot_supervisor]: Selected controllable event: EV_move_forward
[robot_supervisor-19] [INFO] [1777456479.011902358] [robot_4.robot_supervisor]: Selected controllable event: EV_move_forward
[robot_supervisor-10] [INFO] [1777456479.191929406] [robot_1.robot_supervisor]: Selected controllable event: EV_move_forward
[robot_supervisor-19] [INFO] [1777456479.311745486] [robot_4.robot_supervisor]: Selected controllable event: EV_move_forward
[image_processor-21] [INFO] [1777456479.321456526] [robot_0.image_processor]: Zone=LEFT  left[p=0.581 near=7479 v=7489]  front[p=0.826 near=522 v=9332]  right[p=2.783 near=0 v=4956]
[robot_supervisor-7] [INFO] [1777456479.322190288] [robot_0.robot_supervisor]: Detected zone changed to LEFT
[image_processor-25] [INFO] [1777456479.335188628] [robot_4.image_processor]: Zone=CLEAR
[image_processor-23] [INFO] [1777456479.344228740] [robot_2.image_processor]: Zone=LEFT  left[p=0.685 near=7248 v=7650]  front[p=0.881 near=60 v=13500]  right[p=1.723 near=0 v=7740]
[robot_supervisor-13] [INFO] [1777456479.345002089] [robot_2.robot_supervisor]: Detected zone changed to LEFT
[image_processor-22] [INFO] [1777456479.354505172] [robot_1.image_processor]: Zone=CLEAR
[image_processor-24] [INFO] [1777456479.366037535] [robot_3.image_processor]: Zone=CORNER  left[p=0.342 near=4480 v=6638]  front[p=0.363 near=13500 v=13500]  right[p=0.410 near=5889 v=7740]
[robot_supervisor-16] [INFO] [1777456479.366799921] [robot_3.robot_supervisor]: Detected zone changed to CORNER
[robot_supervisor-16] [INFO] [1777456479.406275305] [robot_3.robot_supervisor]: Selected controllable event: EV_move_backward
[robot_supervisor-10] [INFO] [1777456479.492306794] [robot_1.robot_supervisor]: Selected controllable event: EV_move_forward
[robot_supervisor-13] [INFO] [1777456479.510069348] [robot_2.robot_supervisor]: Selected controllable event: EV_rotate_clockwise
[robot_supervisor-13] [INFO] [1777456479.510419369] [robot_2.robot_supervisor]: rotate_90 blocked by recent completion; stopping this tick
[robot_supervisor-13] [INFO] [1777456479.610047918] [robot_2.robot_supervisor]: Selected controllable event: EV_rotate_clockwise
[robot_supervisor-13] [INFO] [1777456479.610422779] [robot_2.robot_supervisor]: rotate_90 blocked by recent completion; stopping this tick
[robot_supervisor-19] [INFO] [1777456479.611669369] [robot_4.robot_supervisor]: Selected controllable event: EV_move_forward
[robot_supervisor-13] [INFO] [1777456479.709612871] [robot_2.robot_supervisor]: Selected controllable event: EV_rotate_clockwise
[robot_supervisor-10] [INFO] [1777456479.792060273] [robot_1.robot_supervisor]: Selected controllable event: EV_move_forward
[robot_supervisor-16] [INFO] [1777456479.806279982] [robot_3.robot_supervisor]: Selected controllable event: EV_rotate_counterclockwise
[robot_supervisor-19] [INFO] [1777456479.911479437] [robot_4.robot_supervisor]: Selected controllable event: EV_move_forward
[robot_supervisor-10] [INFO] [1777456480.092170329] [robot_1.robot_supervisor]: Selected controllable event: EV_move_forward
[robot_supervisor-19] [INFO] [1777456480.211964596] [robot_4.robot_supervisor]: Selected controllable event: EV_move_forward
[robot_supervisor-10] [INFO] [1777456480.392392076] [robot_1.robot_supervisor]: Selected controllable event: EV_move_forward
[robot_supervisor-19] [INFO] [1777456480.511779374] [robot_4.robot_supervisor]: Selected controllable event: EV_move_forward
[robot_supervisor-10] [INFO] [1777456480.692291557] [robot_1.robot_supervisor]: Selected controllable event: EV_move_forward
[robot_supervisor-19] [INFO] [1777456480.811689528] [robot_4.robot_supervisor]: Selected controllable event: EV_move_forward
[robot_supervisor-7] [INFO] [1777456480.827645120] [robot_0.robot_supervisor]: Selected controllable event: EV_rotate_clockwise
[robot_supervisor-7] [INFO] [1777456480.828087530] [robot_0.robot_supervisor]: rotate_90 blocked by recent completion; stopping this tick
[robot_supervisor-7] [INFO] [1777456480.927267481] [robot_0.robot_supervisor]: Selected controllable event: EV_rotate_clockwise
[robot_supervisor-7] [INFO] [1777456480.927516704] [robot_0.robot_supervisor]: rotate_90 blocked by recent completion; stopping this tick
[robot_supervisor-10] [INFO] [1777456480.992240096] [robot_1.robot_supervisor]: Selected controllable event: EV_move_forward
[robot_supervisor-7] [INFO] [1777456481.027254097] [robot_0.robot_supervisor]: Selected controllable event: EV_rotate_clockwise
[robot_supervisor-19] [INFO] [1777456481.111701361] [robot_4.robot_supervisor]: Selected controllable event: EV_move_forward
[robot_supervisor-10] [INFO] [1777456481.292160496] [robot_1.robot_supervisor]: Selected controllable event: EV_move_forward
[robot_supervisor-19] [INFO] [1777456481.411968347] [robot_4.robot_supervisor]: Selected controllable event: EV_move_forward
[robot_supervisor-10] [INFO] [1777456481.592094085] [robot_1.robot_supervisor]: Selected controllable event: EV_move_forward
[robot_supervisor-19] [INFO] [1777456481.711684748] [robot_4.robot_supervisor]: Selected controllable event: EV_move_forward
[image_processor-21] [INFO] [1777456481.821637473] [robot_0.image_processor]: Zone=CORNER  left[p=0.609 near=3191 v=7650]  front[p=0.741 near=8062 v=12017]  right[p=0.989 near=0 v=5880]
[robot_supervisor-7] [INFO] [1777456481.822271660] [robot_0.robot_supervisor]: Detected zone changed to CORNER
[image_processor-25] [INFO] [1777456481.834377579] [robot_4.image_processor]: Zone=CORNER  left[p=2.804 near=135 v=5098]  front[p=0.455 near=1367 v=10864]  right[p=2.203 near=0 v=7740]
[robot_supervisor-19] [INFO] [1777456481.835079737] [robot_4.robot_supervisor]: Detected zone changed to CORNER
[image_processor-23] [INFO] [1777456481.848347325] [robot_2.image_processor]: Zone=CORNER  left[p=0.269 near=7650 v=7650]  front[p=0.340 near=13500 v=13500]  right[p=0.573 near=5958 v=7739]
[robot_supervisor-13] [INFO] [1777456481.849120517] [robot_2.robot_supervisor]: Detected zone changed to CORNER
[image_processor-22] [INFO] [1777456481.861756581] [robot_1.image_processor]: Zone=CORNER  left[p=1.208 near=0 v=7650]  front[p=0.510 near=1475 v=13376]  right[p=1.936 near=0 v=7720]
[robot_supervisor-10] [INFO] [1777456481.862151659] [robot_1.robot_supervisor]: Detected zone changed to CORNER
[image_processor-24] [INFO] [1777456481.883877936] [robot_3.image_processor]: Zone=LEFT  left[p=0.629 near=6350 v=7650]  front[p=0.902 near=0 v=10297]  right[p=2.993 near=0 v=4559]
[robot_supervisor-16] [INFO] [1777456481.884805769] [robot_3.robot_supervisor]: Detected zone changed to LEFT
[robot_supervisor-10] [INFO] [1777456481.891827204] [robot_1.robot_supervisor]: Selected controllable event: EV_move_backward
[robot_supervisor-16] [INFO] [1777456481.906252578] [robot_3.robot_supervisor]: Selected controllable event: EV_rotate_clockwise
[robot_supervisor-16] [INFO] [1777456481.906820141] [robot_3.robot_supervisor]: rotate_90 blocked by recent completion; stopping this tick
[robot_supervisor-13] [INFO] [1777456481.909850271] [robot_2.robot_supervisor]: Selected controllable event: EV_move_backward
[robot_supervisor-16] [INFO] [1777456482.006413629] [robot_3.robot_supervisor]: Selected controllable event: EV_rotate_clockwise
[robot_supervisor-16] [INFO] [1777456482.007074734] [robot_3.robot_supervisor]: rotate_90 blocked by recent completion; stopping this tick
[robot_supervisor-19] [INFO] [1777456482.011698210] [robot_4.robot_supervisor]: Selected controllable event: EV_move_backward
[bump_counter-3] [INFO] [1777456482.036960841] [bump_counter]: [global] bump #9 (robot) with: robot_1<->robot_4
[robot_supervisor-16] [INFO] [1777456482.106257250] [robot_3.robot_supervisor]: Selected controllable event: EV_rotate_clockwise
[robot_supervisor-16] [INFO] [1777456482.106731185] [robot_3.robot_supervisor]: rotate_90 blocked by recent completion; stopping this tick
[robot_supervisor-16] [INFO] [1777456482.206040353] [robot_3.robot_supervisor]: Selected controllable event: EV_rotate_clockwise
[robot_supervisor-10] [INFO] [1777456482.292142681] [robot_1.robot_supervisor]: Selected controllable event: EV_rotate_counterclockwise
[robot_supervisor-13] [INFO] [1777456482.309920537] [robot_2.robot_supervisor]: Selected controllable event: EV_rotate_counterclockwise
[robot_supervisor-19] [INFO] [1777456482.411497031] [robot_4.robot_supervisor]: Selected controllable event: EV_rotate_counterclockwise
[robot_supervisor-7] [INFO] [1777456483.227580407] [robot_0.robot_supervisor]: Selected controllable event: EV_move_backward
[robot_supervisor-7] [INFO] [1777456483.627519854] [robot_0.robot_supervisor]: Selected controllable event: EV_rotate_counterclockwise
[robot_supervisor-16] [INFO] [1777456484.306440994] [robot_3.robot_supervisor]: Selected controllable event: EV_rotate_clockwise
[robot_supervisor-16] [INFO] [1777456484.306944217] [robot_3.robot_supervisor]: rotate_90 blocked by recent completion; stopping this tick
[image_processor-21] [INFO] [1777456484.319981932] [robot_0.image_processor]: Zone=LEFT  left[p=0.580 near=7481 v=7489]  front[p=0.825 near=538 v=9332]  right[p=2.783 near=0 v=4956]
[robot_supervisor-7] [INFO] [1777456484.320808502] [robot_0.robot_supervisor]: Detected zone changed to LEFT
[image_processor-25] [INFO] [1777456484.334694934] [robot_4.image_processor]: Zone=CLEAR  left[p=1.971 near=0 v=7650]  front[p=2.650 near=0 v=9548]  right[p=2.785 near=0 v=5149]
[robot_supervisor-19] [INFO] [1777456484.336224546] [robot_4.robot_supervisor]: Detected zone changed to CLEAR
[image_processor-23] [INFO] [1777456484.343716417] [robot_2.image_processor]: Zone=LEFT  left[p=0.684 near=7258 v=7650]  front[p=0.881 near=65 v=13500]  right[p=1.723 near=0 v=7740]
[robot_supervisor-13] [INFO] [1777456484.344483824] [robot_2.robot_supervisor]: Detected zone changed to LEFT
[image_processor-22] [INFO] [1777456484.353398133] [robot_1.image_processor]: Zone=CLEAR  left[p=1.906 near=0 v=7650]  front[p=1.565 near=0 v=13500]  right[p=1.390 near=0 v=7740]
[robot_supervisor-10] [INFO] [1777456484.354149075] [robot_1.robot_supervisor]: Detected zone changed to CLEAR
[image_processor-24] [INFO] [1777456484.361690282] [robot_3.image_processor]: Zone=CORNER  left[p=0.340 near=4677 v=6698]  front[p=0.363 near=13500 v=13500]  right[p=0.412 near=5689 v=7740]
[robot_supervisor-16] [INFO] [1777456484.362561797] [robot_3.robot_supervisor]: Detected zone changed to CORNER
[robot_supervisor-10] [INFO] [1777456484.392082588] [robot_1.robot_supervisor]: Selected controllable event: EV_move_forward
[robot_supervisor-16] [INFO] [1777456484.406261388] [robot_3.robot_supervisor]: Selected controllable event: EV_move_backward
[robot_supervisor-13] [INFO] [1777456484.509914376] [robot_2.robot_supervisor]: Selected controllable event: EV_rotate_clockwise
[robot_supervisor-13] [INFO] [1777456484.510194243] [robot_2.robot_supervisor]: rotate_90 blocked by recent completion; stopping this tick
[robot_supervisor-13] [INFO] [1777456484.609845999] [robot_2.robot_supervisor]: Selected controllable event: EV_rotate_clockwise
[robot_supervisor-13] [INFO] [1777456484.610151796] [robot_2.robot_supervisor]: rotate_90 blocked by recent completion; stopping this tick
[robot_supervisor-19] [INFO] [1777456484.611885678] [robot_4.robot_supervisor]: Selected controllable event: EV_move_forward
[robot_supervisor-10] [INFO] [1777456484.692118328] [robot_1.robot_supervisor]: Selected controllable event: EV_move_forward
[robot_supervisor-13] [INFO] [1777456484.709713538] [robot_2.robot_supervisor]: Selected controllable event: EV_rotate_clockwise
[robot_supervisor-16] [INFO] [1777456484.806230174] [robot_3.robot_supervisor]: Selected controllable event: EV_rotate_counterclockwise
[robot_supervisor-19] [INFO] [1777456484.911788413] [robot_4.robot_supervisor]: Selected controllable event: EV_move_forward
[robot_supervisor-10] [INFO] [1777456484.992071398] [robot_1.robot_supervisor]: Selected controllable event: EV_move_forward
[robot_supervisor-19] [INFO] [1777456485.211742749] [robot_4.robot_supervisor]: Selected controllable event: EV_move_forward
[robot_supervisor-10] [INFO] [1777456485.291960035] [robot_1.robot_supervisor]: Selected controllable event: EV_move_forward
[robot_supervisor-19] [INFO] [1777456485.511734869] [robot_4.robot_supervisor]: Selected controllable event: EV_move_forward
[robot_supervisor-10] [INFO] [1777456485.592016555] [robot_1.robot_supervisor]: Selected controllable event: EV_move_forward
[robot_supervisor-7] [INFO] [1777456485.727757525] [robot_0.robot_supervisor]: Selected controllable event: EV_rotate_clockwise
[robot_supervisor-7] [INFO] [1777456485.728273499] [robot_0.robot_supervisor]: rotate_90 blocked by recent completion; stopping this tick
[robot_supervisor-19] [INFO] [1777456485.811731715] [robot_4.robot_supervisor]: Selected controllable event: EV_move_forward
[robot_supervisor-7] [INFO] [1777456485.827782934] [robot_0.robot_supervisor]: Selected controllable event: EV_rotate_clockwise
[robot_supervisor-7] [INFO] [1777456485.828273745] [robot_0.robot_supervisor]: rotate_90 blocked by recent completion; stopping this tick
[robot_supervisor-10] [INFO] [1777456485.892330696] [robot_1.robot_supervisor]: Selected controllable event: EV_move_forward
[robot_supervisor-7] [INFO] [1777456485.927381862] [robot_0.robot_supervisor]: Selected controllable event: EV_rotate_clockwise
[robot_supervisor-7] [INFO] [1777456485.927779430] [robot_0.robot_supervisor]: rotate_90 blocked by recent completion; stopping this tick
[robot_supervisor-7] [INFO] [1777456486.027547284] [robot_0.robot_supervisor]: Selected controllable event: EV_rotate_clockwise
[robot_supervisor-19] [INFO] [1777456486.111690473] [robot_4.robot_supervisor]: Selected controllable event: EV_move_forward
[robot_supervisor-10] [INFO] [1777456486.191965143] [robot_1.robot_supervisor]: Selected controllable event: EV_move_forward
[robot_supervisor-19] [INFO] [1777456486.411685885] [robot_4.robot_supervisor]: Selected controllable event: EV_move_forward
[robot_supervisor-10] [INFO] [1777456486.492498596] [robot_1.robot_supervisor]: Selected controllable event: EV_move_forward
[robot_supervisor-19] [INFO] [1777456486.711998539] [robot_4.robot_supervisor]: Selected controllable event: EV_move_forward
[robot_supervisor-10] [INFO] [1777456486.792111037] [robot_1.robot_supervisor]: Selected controllable event: EV_move_forward
[robot_supervisor-13] [INFO] [1777456486.810226300] [robot_2.robot_supervisor]: Selected controllable event: EV_rotate_clockwise
[robot_supervisor-13] [INFO] [1777456486.810749911] [robot_2.robot_supervisor]: rotate_90 blocked by recent completion; stopping this tick
[image_processor-21] [INFO] [1777456486.820647115] [robot_0.image_processor]: Zone=CORNER  left[p=0.609 near=3201 v=7650]  front[p=0.740 near=8145 v=12021]  right[p=0.987 near=0 v=5881]
[robot_supervisor-7] [INFO] [1777456486.821705355] [robot_0.robot_supervisor]: Detected zone changed to CORNER
[image_processor-25] [INFO] [1777456486.834528010] [robot_4.image_processor]: Zone=CLEAR
[image_processor-23] [INFO] [1777456486.848579104] [robot_2.image_processor]: Zone=CORNER  left[p=0.268 near=7650 v=7650]  front[p=0.340 near=13500 v=13500]  right[p=0.572 near=5981 v=7739]
[robot_supervisor-13] [INFO] [1777456486.849338802] [robot_2.robot_supervisor]: Detected zone changed to CORNER
[image_processor-22] [INFO] [1777456486.861111685] [robot_1.image_processor]: Zone=CLEAR
[image_processor-24] [INFO] [1777456486.882817322] [robot_3.image_processor]: Zone=LEFT  left[p=0.630 near=6322 v=7650]  front[p=0.904 near=0 v=10247]  right[p=2.993 near=0 v=4555]
[robot_supervisor-16] [INFO] [1777456486.883647823] [robot_3.robot_supervisor]: Detected zone changed to LEFT
[robot_supervisor-16] [INFO] [1777456486.906378025] [robot_3.robot_supervisor]: Selected controllable event: EV_rotate_clockwise
[robot_supervisor-16] [INFO] [1777456486.906726253] [robot_3.robot_supervisor]: rotate_90 blocked by recent completion; stopping this tick
[robot_supervisor-13] [INFO] [1777456486.910048548] [robot_2.robot_supervisor]: Selected controllable event: EV_move_backward
[robot_supervisor-16] [INFO] [1777456487.006286832] [robot_3.robot_supervisor]: Selected controllable event: EV_rotate_clockwise
[robot_supervisor-16] [INFO] [1777456487.006776841] [robot_3.robot_supervisor]: rotate_90 blocked by recent completion; stopping this tick
[robot_supervisor-19] [INFO] [1777456487.012119985] [robot_4.robot_supervisor]: Selected controllable event: EV_move_forward
[robot_supervisor-10] [INFO] [1777456487.092101202] [robot_1.robot_supervisor]: Selected controllable event: EV_move_forward
[robot_supervisor-16] [INFO] [1777456487.106333663] [robot_3.robot_supervisor]: Selected controllable event: EV_rotate_clockwise
[robot_supervisor-16] [INFO] [1777456487.106649965] [robot_3.robot_supervisor]: rotate_90 blocked by recent completion; stopping this tick
[robot_supervisor-16] [INFO] [1777456487.206422748] [robot_3.robot_supervisor]: Selected controllable event: EV_rotate_clockwise
[robot_supervisor-13] [INFO] [1777456487.309896004] [robot_2.robot_supervisor]: Selected controllable event: EV_rotate_counterclockwise
[robot_supervisor-19] [INFO] [1777456487.311792239] [robot_4.robot_supervisor]: Selected controllable event: EV_move_forward
[robot_supervisor-10] [INFO] [1777456487.392103551] [robot_1.robot_supervisor]: Selected controllable event: EV_move_forward
[robot_supervisor-19] [INFO] [1777456487.611677810] [robot_4.robot_supervisor]: Selected controllable event: EV_move_forward
[robot_supervisor-10] [INFO] [1777456487.692016093] [robot_1.robot_supervisor]: Selected controllable event: EV_move_forward
[robot_supervisor-19] [INFO] [1777456487.911948972] [robot_4.robot_supervisor]: Selected controllable event: EV_move_forward
[robot_supervisor-10] [INFO] [1777456487.991846477] [robot_1.robot_supervisor]: Selected controllable event: EV_move_forward
[robot_supervisor-19] [INFO] [1777456488.211702793] [robot_4.robot_supervisor]: Selected controllable event: EV_move_forward
[robot_supervisor-7] [INFO] [1777456488.227371980] [robot_0.robot_supervisor]: Selected controllable event: EV_move_backward
[robot_supervisor-10] [INFO] [1777456488.292111739] [robot_1.robot_supervisor]: Selected controllable event: EV_move_forward
[robot_supervisor-19] [INFO] [1777456488.511634216] [robot_4.robot_supervisor]: Selected controllable event: EV_move_forward
[robot_supervisor-10] [INFO] [1777456488.592488178] [robot_1.robot_supervisor]: Selected controllable event: EV_move_forward
[robot_supervisor-7] [INFO] [1777456488.627384166] [robot_0.robot_supervisor]: Selected controllable event: EV_rotate_counterclockwise
[robot_supervisor-19] [INFO] [1777456488.811937492] [robot_4.robot_supervisor]: Selected controllable event: EV_move_forward
[robot_supervisor-10] [INFO] [1777456488.892137371] [robot_1.robot_supervisor]: Selected controllable event: EV_move_forward
[robot_supervisor-19] [INFO] [1777456489.111919029] [robot_4.robot_supervisor]: Selected controllable event: EV_move_forward
[robot_supervisor-10] [INFO] [1777456489.192036997] [robot_1.robot_supervisor]: Selected controllable event: EV_move_forward
[robot_supervisor-16] [INFO] [1777456489.306101221] [robot_3.robot_supervisor]: Selected controllable event: EV_rotate_clockwise
[robot_supervisor-16] [INFO] [1777456489.306591378] [robot_3.robot_supervisor]: rotate_90 blocked by recent completion; stopping this tick
[image_processor-21] [INFO] [1777456489.322811508] [robot_0.image_processor]: Zone=LEFT  left[p=0.579 near=7482 v=7489]  front[p=0.824 near=554 v=9333]  right[p=2.783 near=0 v=4956]
[robot_supervisor-7] [INFO] [1777456489.323485303] [robot_0.robot_supervisor]: Detected zone changed to LEFT
[image_processor-25] [INFO] [1777456489.339565252] [robot_4.image_processor]: Zone=CLEAR
[image_processor-23] [INFO] [1777456489.348380461] [robot_2.image_processor]: Zone=LEFT  left[p=0.684 near=7266 v=7650]  front[p=0.881 near=65 v=13500]  right[p=1.722 near=0 v=7740]
[robot_supervisor-13] [INFO] [1777456489.348931318] [robot_2.robot_supervisor]: Detected zone changed to LEFT
[image_processor-22] [INFO] [1777456489.356585837] [robot_1.image_processor]: Zone=RIGHT  left[p=0.831 near=103 v=7650]  front[p=0.668 near=11410 v=13500]  right[p=0.588 near=7740 v=7740]
[robot_supervisor-10] [INFO] [1777456489.357716951] [robot_1.robot_supervisor]: Detected zone changed to RIGHT
[image_processor-24] [INFO] [1777456489.364922749] [robot_3.image_processor]: Zone=CORNER  left[p=0.342 near=4424 v=6622]  front[p=0.362 near=13500 v=13500]  right[p=0.409 near=5957 v=7740]
[robot_supervisor-16] [INFO] [1777456489.365342292] [robot_3.robot_supervisor]: Detected zone changed to CORNER
[robot_supervisor-16] [INFO] [1777456489.405956541] [robot_3.robot_supervisor]: Selected controllable event: EV_move_backward
[robot_supervisor-19] [INFO] [1777456489.411463214] [robot_4.robot_supervisor]: Selected controllable event: EV_move_forward
[robot_supervisor-10] [INFO] [1777456489.492049883] [robot_1.robot_supervisor]: Selected controllable event: EV_rotate_counterclockwise
[robot_supervisor-13] [INFO] [1777456489.509640385] [robot_2.robot_supervisor]: Selected controllable event: EV_rotate_clockwise
[robot_supervisor-13] [INFO] [1777456489.509815845] [robot_2.robot_supervisor]: rotate_90 blocked by recent completion; stopping this tick
[robot_supervisor-13] [INFO] [1777456489.609619069] [robot_2.robot_supervisor]: Selected controllable event: EV_rotate_clockwise
[robot_supervisor-13] [INFO] [1777456489.609849847] [robot_2.robot_supervisor]: rotate_90 blocked by recent completion; stopping this tick
[robot_supervisor-13] [INFO] [1777456489.709929469] [robot_2.robot_supervisor]: Selected controllable event: EV_rotate_clockwise
[robot_supervisor-19] [INFO] [1777456489.711540668] [robot_4.robot_supervisor]: Selected controllable event: EV_move_forward
[robot_supervisor-16] [INFO] [1777456489.805876043] [robot_3.robot_supervisor]: Selected controllable event: EV_rotate_counterclockwise
[robot_supervisor-19] [INFO] [1777456490.011704316] [robot_4.robot_supervisor]: Selected controllable event: EV_move_forward
[robot_supervisor-19] [INFO] [1777456490.311750874] [robot_4.robot_supervisor]: Selected controllable event: EV_move_forward
[robot_supervisor-19] [INFO] [1777456490.611749175] [robot_4.robot_supervisor]: Selected controllable event: EV_move_forward
[robot_supervisor-7] [INFO] [1777456490.827582406] [robot_0.robot_supervisor]: Selected controllable event: EV_rotate_clockwise
[robot_supervisor-7] [INFO] [1777456490.827979518] [robot_0.robot_supervisor]: rotate_90 blocked by recent completion; stopping this tick
[robot_supervisor-19] [INFO] [1777456490.911530204] [robot_4.robot_supervisor]: Selected controllable event: EV_move_forward
[robot_supervisor-7] [INFO] [1777456490.927588681] [robot_0.robot_supervisor]: Selected controllable event: EV_rotate_clockwise
[robot_supervisor-7] [INFO] [1777456490.928064594] [robot_0.robot_supervisor]: rotate_90 blocked by recent completion; stopping this tick
[robot_supervisor-7] [INFO] [1777456491.027544894] [robot_0.robot_supervisor]: Selected controllable event: EV_rotate_clockwise
[robot_supervisor-19] [INFO] [1777456491.211464409] [robot_4.robot_supervisor]: Selected controllable event: EV_move_forward
[robot_supervisor-19] [INFO] [1777456491.412429307] [robot_4.robot_supervisor]: Selected controllable event: EV_move_forward
[robot_supervisor-10] [INFO] [1777456491.692213011] [robot_1.robot_supervisor]: Selected controllable event: EV_rotate_counterclockwise
[robot_supervisor-10] [INFO] [1777456491.692598024] [robot_1.robot_supervisor]: rotate_90 blocked by recent completion; stopping this tick
[robot_supervisor-19] [INFO] [1777456491.711677737] [robot_4.robot_supervisor]: Selected controllable event: EV_move_forward
[robot_supervisor-10] [INFO] [1777456491.792114851] [robot_1.robot_supervisor]: Selected controllable event: EV_rotate_counterclockwise
[robot_supervisor-10] [INFO] [1777456491.792487434] [robot_1.robot_supervisor]: rotate_90 blocked by recent completion; stopping this tick
[robot_supervisor-13] [INFO] [1777456491.810058318] [robot_2.robot_supervisor]: Selected controllable event: EV_rotate_clockwise
[robot_supervisor-13] [INFO] [1777456491.810439006] [robot_2.robot_supervisor]: rotate_90 blocked by recent completion; stopping this tick
[image_processor-21] [INFO] [1777456491.821451648] [robot_0.image_processor]: Zone=CORNER  left[p=0.609 near=3211 v=7650]  front[p=0.739 near=8226 v=12024]  right[p=0.984 near=0 v=5881]
[robot_supervisor-7] [INFO] [1777456491.822207323] [robot_0.robot_supervisor]: Detected zone changed to CORNER
[image_processor-25] [INFO] [1777456491.831881875] [robot_4.image_processor]: Zone=CLEAR
[image_processor-23] [INFO] [1777456491.842857142] [robot_2.image_processor]: Zone=CORNER  left[p=0.268 near=7650 v=7650]  front[p=0.339 near=13500 v=13500]  right[p=0.571 near=6003 v=7740]
[robot_supervisor-13] [INFO] [1777456491.843694683] [robot_2.robot_supervisor]: Detected zone changed to CORNER
[image_processor-22] [INFO] [1777456491.854228239] [robot_1.image_processor]: Zone=RIGHT
[image_processor-24] [INFO] [1777456491.875691319] [robot_3.image_processor]: Zone=LEFT  left[p=0.628 near=6421 v=7650]  front[p=0.899 near=0 v=10356]  right[p=2.993 near=0 v=4576]
[robot_supervisor-16] [INFO] [1777456491.876493557] [robot_3.robot_supervisor]: Detected zone changed to LEFT
[robot_supervisor-10] [INFO] [1777456491.892153873] [robot_1.robot_supervisor]: Selected controllable event: EV_rotate_counterclockwise
[robot_supervisor-16] [INFO] [1777456491.906132905] [robot_3.robot_supervisor]: Selected controllable event: EV_rotate_clockwise
[robot_supervisor-16] [INFO] [1777456491.906491609] [robot_3.robot_supervisor]: rotate_90 blocked by recent completion; stopping this tick
[robot_supervisor-13] [INFO] [1777456491.909810480] [robot_2.robot_supervisor]: Selected controllable event: EV_move_backward
[robot_supervisor-16] [INFO] [1777456492.006181633] [robot_3.robot_supervisor]: Selected controllable event: EV_rotate_clockwise
[robot_supervisor-16] [INFO] [1777456492.006616461] [robot_3.robot_supervisor]: rotate_90 blocked by recent completion; stopping this tick
[robot_supervisor-19] [INFO] [1777456492.011694596] [robot_4.robot_supervisor]: Selected controllable event: EV_move_forward
[robot_supervisor-16] [INFO] [1777456492.106107411] [robot_3.robot_supervisor]: Selected controllable event: EV_rotate_clockwise
[robot_supervisor-16] [INFO] [1777456492.106580914] [robot_3.robot_supervisor]: rotate_90 blocked by recent completion; stopping this tick
[robot_supervisor-16] [INFO] [1777456492.206038546] [robot_3.robot_supervisor]: Selected controllable event: EV_rotate_clockwise
[robot_supervisor-13] [INFO] [1777456492.309806834] [robot_2.robot_supervisor]: Selected controllable event: EV_rotate_counterclockwise
[robot_supervisor-19] [INFO] [1777456492.311667578] [robot_4.robot_supervisor]: Selected controllable event: EV_move_forward
[robot_supervisor-19] [INFO] [1777456492.611540210] [robot_4.robot_supervisor]: Selected controllable event: EV_move_forward
[robot_supervisor-19] [INFO] [1777456492.911689651] [robot_4.robot_supervisor]: Selected controllable event: EV_move_forward
[robot_supervisor-19] [INFO] [1777456493.211739299] [robot_4.robot_supervisor]: Selected controllable event: EV_move_forward
[robot_supervisor-7] [INFO] [1777456493.227384129] [robot_0.robot_supervisor]: Selected controllable event: EV_move_backward
[robot_supervisor-19] [INFO] [1777456493.511607890] [robot_4.robot_supervisor]: Selected controllable event: EV_move_forward
[robot_supervisor-7] [INFO] [1777456493.627320565] [robot_0.robot_supervisor]: Selected controllable event: EV_rotate_counterclockwise
[robot_supervisor-19] [INFO] [1777456493.811637437] [robot_4.robot_supervisor]: Selected controllable event: EV_move_forward
[robot_supervisor-10] [INFO] [1777456493.992263420] [robot_1.robot_supervisor]: Selected controllable event: EV_rotate_counterclockwise
[robot_supervisor-10] [INFO] [1777456493.992740604] [robot_1.robot_supervisor]: rotate_90 blocked by recent completion; stopping this tick
[robot_supervisor-10] [INFO] [1777456494.092034858] [robot_1.robot_supervisor]: Selected controllable event: EV_rotate_counterclockwise
[robot_supervisor-10] [INFO] [1777456494.092389912] [robot_1.robot_supervisor]: rotate_90 blocked by recent completion; stopping this tick
[robot_supervisor-19] [INFO] [1777456494.111540704] [robot_4.robot_supervisor]: Selected controllable event: EV_move_forward
[robot_supervisor-10] [INFO] [1777456494.192070923] [robot_1.robot_supervisor]: Selected controllable event: EV_rotate_counterclockwise
[robot_supervisor-10] [INFO] [1777456494.192446342] [robot_1.robot_supervisor]: rotate_90 blocked by recent completion; stopping this tick
[robot_supervisor-10] [INFO] [1777456494.291878406] [robot_1.robot_supervisor]: Selected controllable event: EV_rotate_counterclockwise
[robot_supervisor-16] [INFO] [1777456494.306071746] [robot_3.robot_supervisor]: Selected controllable event: EV_rotate_clockwise
[robot_supervisor-16] [INFO] [1777456494.306526870] [robot_3.robot_supervisor]: rotate_90 blocked by recent completion; stopping this tick
[image_processor-21] [INFO] [1777456494.319683025] [robot_0.image_processor]: Zone=LEFT  left[p=0.579 near=7485 v=7491]  front[p=0.823 near=571 v=9333]  right[p=2.783 near=0 v=4956]
[robot_supervisor-7] [INFO] [1777456494.320531682] [robot_0.robot_supervisor]: Detected zone changed to LEFT
[image_processor-25] [INFO] [1777456494.331684717] [robot_4.image_processor]: Zone=CLEAR
[image_processor-23] [INFO] [1777456494.340373058] [robot_2.image_processor]: Zone=LEFT  left[p=0.683 near=7274 v=7650]  front[p=0.881 near=70 v=13500]  right[p=1.722 near=0 v=7740]
[robot_supervisor-13] [INFO] [1777456494.341419364] [robot_2.robot_supervisor]: Detected zone changed to LEFT
[image_processor-22] [INFO] [1777456494.357789671] [robot_1.image_processor]: Zone=CLEAR  left[p=2.633 near=0 v=7140]  front[p=2.468 near=0 v=8180]  right[p=2.823 near=0 v=5059]
[robot_supervisor-10] [INFO] [1777456494.358237606] [robot_1.robot_supervisor]: Detected zone changed to CLEAR
[image_processor-24] [INFO] [1777456494.366706733] [robot_3.image_processor]: Zone=CORNER  left[p=0.342 near=4371 v=6607]  front[p=0.362 near=13500 v=13500]  right[p=0.409 near=6016 v=7740]
[robot_supervisor-16] [INFO] [1777456494.367422862] [robot_3.robot_supervisor]: Detected zone changed to CORNER
[robot_supervisor-16] [INFO] [1777456494.406047314] [robot_3.robot_supervisor]: Selected controllable event: EV_move_backward
[robot_supervisor-13] [INFO] [1777456494.409877263] [robot_2.robot_supervisor]: Selected controllable event: EV_rotate_clockwise
[robot_supervisor-13] [INFO] [1777456494.410251201] [robot_2.robot_supervisor]: rotate_90 blocked by recent completion; stopping this tick
[robot_supervisor-19] [INFO] [1777456494.411435968] [robot_4.robot_supervisor]: Selected controllable event: EV_move_forward
[robot_supervisor-13] [INFO] [1777456494.509623439] [robot_2.robot_supervisor]: Selected controllable event: EV_rotate_clockwise
[robot_supervisor-13] [INFO] [1777456494.509781674] [robot_2.robot_supervisor]: rotate_90 blocked by recent completion; stopping this tick
[robot_supervisor-13] [INFO] [1777456494.609839606] [robot_2.robot_supervisor]: Selected controllable event: EV_rotate_clockwise
[robot_supervisor-13] [INFO] [1777456494.610189738] [robot_2.robot_supervisor]: rotate_90 blocked by recent completion; stopping this tick
[robot_supervisor-13] [INFO] [1777456494.709656384] [robot_2.robot_supervisor]: Selected controllable event: EV_rotate_clockwise
[robot_supervisor-19] [INFO] [1777456494.711658382] [robot_4.robot_supervisor]: Selected controllable event: EV_move_forward
[robot_supervisor-16] [INFO] [1777456494.806244884] [robot_3.robot_supervisor]: Selected controllable event: EV_rotate_counterclockwise
[robot_supervisor-19] [INFO] [1777456495.011671825] [robot_4.robot_supervisor]: Selected controllable event: EV_move_forward
[robot_supervisor-19] [INFO] [1777456495.311696222] [robot_4.robot_supervisor]: Selected controllable event: EV_move_forward
[robot_supervisor-19] [INFO] [1777456495.611695759] [robot_4.robot_supervisor]: Selected controllable event: EV_move_forward
[robot_supervisor-7] [INFO] [1777456495.727746993] [robot_0.robot_supervisor]: Selected controllable event: EV_rotate_clockwise
[robot_supervisor-7] [INFO] [1777456495.728349683] [robot_0.robot_supervisor]: rotate_90 blocked by recent completion; stopping this tick
[robot_supervisor-7] [INFO] [1777456495.827579842] [robot_0.robot_supervisor]: Selected controllable event: EV_rotate_clockwise
[robot_supervisor-7] [INFO] [1777456495.827959690] [robot_0.robot_supervisor]: rotate_90 blocked by recent completion; stopping this tick
[robot_supervisor-19] [INFO] [1777456495.911642107] [robot_4.robot_supervisor]: Selected controllable event: EV_move_forward
[robot_supervisor-7] [INFO] [1777456495.927459806] [robot_0.robot_supervisor]: Selected controllable event: EV_rotate_clockwise
[robot_supervisor-7] [INFO] [1777456495.927819478] [robot_0.robot_supervisor]: rotate_90 blocked by recent completion; stopping this tick
[robot_supervisor-7] [INFO] [1777456496.027496899] [robot_0.robot_supervisor]: Selected controllable event: EV_rotate_clockwise
[robot_supervisor-19] [INFO] [1777456496.211703051] [robot_4.robot_supervisor]: Selected controllable event: EV_move_forward
[robot_supervisor-10] [INFO] [1777456496.392385132] [robot_1.robot_supervisor]: Selected controllable event: EV_move_forward
[robot_supervisor-19] [INFO] [1777456496.511713111] [robot_4.robot_supervisor]: Selected controllable event: EV_move_forward
[robot_supervisor-10] [INFO] [1777456496.691761176] [robot_1.robot_supervisor]: Selected controllable event: EV_move_forward
[robot_supervisor-19] [INFO] [1777456496.811710762] [robot_4.robot_supervisor]: Selected controllable event: EV_move_forward
[image_processor-21] [INFO] [1777456496.820470792] [robot_0.image_processor]: Zone=CORNER  left[p=0.610 near=3211 v=7650]  front[p=0.739 near=8291 v=12027]  right[p=0.982 near=0 v=5881]
[robot_supervisor-7] [INFO] [1777456496.821262340] [robot_0.robot_supervisor]: Detected zone changed to CORNER
[image_processor-25] [INFO] [1777456496.830886249] [robot_4.image_processor]: Zone=LEFT  left[p=0.591 near=7558 v=7650]  front[p=2.985 near=90 v=10425]  right[p=3.231 near=0 v=6377]
[robot_supervisor-19] [INFO] [1777456496.831485983] [robot_4.robot_supervisor]: Detected zone changed to LEFT
[image_processor-23] [INFO] [1777456496.842888085] [robot_2.image_processor]: Zone=CORNER  left[p=0.267 near=7650 v=7650]  front[p=0.338 near=13500 v=13500]  right[p=0.570 near=6025 v=7740]
[robot_supervisor-13] [INFO] [1777456496.843452484] [robot_2.robot_supervisor]: Detected zone changed to CORNER
[image_processor-22] [INFO] [1777456496.851052012] [robot_1.image_processor]: Zone=LEFT  left[p=0.566 near=6626 v=7650]  front[p=0.959 near=0 v=13281]  right[p=2.187 near=0 v=7683]
[robot_supervisor-10] [INFO] [1777456496.851551140] [robot_1.robot_supervisor]: Detected zone changed to LEFT
[image_processor-24] [INFO] [1777456496.874440748] [robot_3.image_processor]: Zone=LEFT  left[p=0.628 near=6430 v=7650]  front[p=0.898 near=0 v=10357]  right[p=2.993 near=0 v=4577]
[robot_supervisor-16] [INFO] [1777456496.874978717] [robot_3.robot_supervisor]: Detected zone changed to LEFT
[robot_supervisor-13] [INFO] [1777456496.909704968] [robot_2.robot_supervisor]: Selected controllable event: EV_move_backward
[robot_supervisor-10] [INFO] [1777456496.992075776] [robot_1.robot_supervisor]: Selected controllable event: EV_rotate_clockwise
[robot_supervisor-16] [INFO] [1777456497.006079870] [robot_3.robot_supervisor]: Selected controllable event: EV_rotate_clockwise
[robot_supervisor-16] [INFO] [1777456497.006469698] [robot_3.robot_supervisor]: rotate_90 blocked by recent completion; stopping this tick
[robot_supervisor-16] [INFO] [1777456497.106041544] [robot_3.robot_supervisor]: Selected controllable event: EV_rotate_clockwise
[robot_supervisor-16] [INFO] [1777456497.106409732] [robot_3.robot_supervisor]: rotate_90 blocked by recent completion; stopping this tick
[robot_supervisor-19] [INFO] [1777456497.111785992] [robot_4.robot_supervisor]: Selected controllable event: EV_rotate_clockwise
[robot_supervisor-16] [INFO] [1777456497.206124591] [robot_3.robot_supervisor]: Selected controllable event: EV_rotate_clockwise
[robot_supervisor-13] [INFO] [1777456497.309628734] [robot_2.robot_supervisor]: Selected controllable event: EV_rotate_counterclockwise
[robot_supervisor-7] [INFO] [1777456498.227376398] [robot_0.robot_supervisor]: Selected controllable event: EV_move_backward
[robot_supervisor-7] [INFO] [1777456498.627471163] [robot_0.robot_supervisor]: Selected controllable event: EV_rotate_counterclockwise
[robot_supervisor-10] [INFO] [1777456499.092101378] [robot_1.robot_supervisor]: Selected controllable event: EV_rotate_clockwise
[robot_supervisor-10] [INFO] [1777456499.092664851] [robot_1.robot_supervisor]: rotate_90 blocked by recent completion; stopping this tick
[robot_supervisor-10] [INFO] [1777456499.192009155] [robot_1.robot_supervisor]: Selected controllable event: EV_rotate_clockwise
[robot_supervisor-10] [INFO] [1777456499.192506886] [robot_1.robot_supervisor]: rotate_90 blocked by recent completion; stopping this tick
[robot_supervisor-19] [INFO] [1777456499.211538885] [robot_4.robot_supervisor]: Selected controllable event: EV_rotate_clockwise
[robot_supervisor-19] [INFO] [1777456499.211716863] [robot_4.robot_supervisor]: rotate_90 blocked by recent completion; stopping this tick
[robot_supervisor-10] [INFO] [1777456499.291944030] [robot_1.robot_supervisor]: Selected controllable event: EV_rotate_clockwise
[robot_supervisor-10] [INFO] [1777456499.292183538] [robot_1.robot_supervisor]: rotate_90 blocked by recent completion; stopping this tick
[robot_supervisor-19] [INFO] [1777456499.312005461] [robot_4.robot_supervisor]: Selected controllable event: EV_rotate_clockwise
[robot_supervisor-19] [INFO] [1777456499.312502822] [robot_4.robot_supervisor]: rotate_90 blocked by recent completion; stopping this tick
[image_processor-21] [INFO] [1777456499.318366151] [robot_0.image_processor]: Zone=LEFT  left[p=0.578 near=7488 v=7492]  front[p=0.822 near=587 v=9336]  right[p=2.783 near=0 v=4956]
[robot_supervisor-7] [INFO] [1777456499.318964794] [robot_0.robot_supervisor]: Detected zone changed to LEFT
[image_processor-25] [INFO] [1777456499.330060890] [robot_4.image_processor]: Zone=LEFT
[image_processor-23] [INFO] [1777456499.338666947] [robot_2.image_processor]: Zone=LEFT  left[p=0.682 near=7283 v=7650]  front[p=0.881 near=70 v=13500]  right[p=1.721 near=0 v=7740]
[robot_supervisor-13] [INFO] [1777456499.339190371] [robot_2.robot_supervisor]: Detected zone changed to LEFT
[image_processor-22] [INFO] [1777456499.357387617] [robot_1.image_processor]: Zone=LEFT
[image_processor-24] [INFO] [1777456499.365413958] [robot_3.image_processor]: Zone=CORNER  left[p=0.341 near=4345 v=6599]  front[p=0.362 near=13500 v=13500]  right[p=0.408 near=6052 v=7740]
[robot_supervisor-16] [INFO] [1777456499.366040671] [robot_3.robot_supervisor]: Detected zone changed to CORNER
[robot_supervisor-10] [INFO] [1777456499.392385552] [robot_1.robot_supervisor]: Selected controllable event: EV_rotate_clockwise
[robot_supervisor-16] [INFO] [1777456499.406046463] [robot_3.robot_supervisor]: Selected controllable event: EV_move_backward
[robot_supervisor-13] [INFO] [1777456499.409637327] [robot_2.robot_supervisor]: Selected controllable event: EV_rotate_clockwise
[robot_supervisor-13] [INFO] [1777456499.409796787] [robot_2.robot_supervisor]: rotate_90 blocked by recent completion; stopping this tick
[robot_supervisor-19] [INFO] [1777456499.411967563] [robot_4.robot_supervisor]: Selected controllable event: EV_rotate_clockwise
[robot_supervisor-19] [INFO] [1777456499.412451061] [robot_4.robot_supervisor]: rotate_90 blocked by recent completion; stopping this tick
[robot_supervisor-13] [INFO] [1777456499.509637833] [robot_2.robot_supervisor]: Selected controllable event: EV_rotate_clockwise
[robot_supervisor-13] [INFO] [1777456499.509833287] [robot_2.robot_supervisor]: rotate_90 blocked by recent completion; stopping this tick
[robot_supervisor-19] [INFO] [1777456499.511654853] [robot_4.robot_supervisor]: Selected controllable event: EV_rotate_clockwise
[robot_supervisor-13] [INFO] [1777456499.609580799] [robot_2.robot_supervisor]: Selected controllable event: EV_rotate_clockwise
[robot_supervisor-13] [INFO] [1777456499.609760012] [robot_2.robot_supervisor]: rotate_90 blocked by recent completion; stopping this tick
[robot_supervisor-13] [INFO] [1777456499.709666985] [robot_2.robot_supervisor]: Selected controllable event: EV_rotate_clockwise
[robot_supervisor-16] [INFO] [1777456499.806280026] [robot_3.robot_supervisor]: Selected controllable event: EV_rotate_counterclockwise
[robot_supervisor-7] [INFO] [1777456500.827740412] [robot_0.robot_supervisor]: Selected controllable event: EV_rotate_clockwise
[robot_supervisor-7] [INFO] [1777456500.828279556] [robot_0.robot_supervisor]: rotate_90 blocked by recent completion; stopping this tick
[robot_supervisor-7] [INFO] [1777456500.927187930] [robot_0.robot_supervisor]: Selected controllable event: EV_rotate_clockwise
[robot_supervisor-7] [INFO] [1777456500.927364901] [robot_0.robot_supervisor]: rotate_90 blocked by recent completion; stopping this tick
[robot_supervisor-7] [INFO] [1777456501.027151909] [robot_0.robot_supervisor]: Selected controllable event: EV_rotate_clockwise
[robot_supervisor-10] [INFO] [1777456501.492142987] [robot_1.robot_supervisor]: Selected controllable event: EV_rotate_clockwise
[robot_supervisor-10] [INFO] [1777456501.492681132] [robot_1.robot_supervisor]: rotate_90 blocked by recent completion; stopping this tick
[robot_supervisor-10] [INFO] [1777456501.592181127] [robot_1.robot_supervisor]: Selected controllable event: EV_rotate_clockwise
[robot_supervisor-10] [INFO] [1777456501.592741031] [robot_1.robot_supervisor]: rotate_90 blocked by recent completion; stopping this tick
[robot_supervisor-10] [INFO] [1777456501.692028886] [robot_1.robot_supervisor]: Selected controllable event: EV_rotate_clockwise
[robot_supervisor-10] [INFO] [1777456501.692469084] [robot_1.robot_supervisor]: rotate_90 blocked by recent completion; stopping this tick
[robot_supervisor-19] [INFO] [1777456501.711913047] [robot_4.robot_supervisor]: Selected controllable event: EV_rotate_clockwise
[robot_supervisor-19] [INFO] [1777456501.712390059] [robot_4.robot_supervisor]: rotate_90 blocked by recent completion; stopping this tick
[robot_supervisor-10] [INFO] [1777456501.792382398] [robot_1.robot_supervisor]: Selected controllable event: EV_rotate_clockwise
[robot_supervisor-19] [INFO] [1777456501.811579374] [robot_4.robot_supervisor]: Selected controllable event: EV_rotate_clockwise
[robot_supervisor-19] [INFO] [1777456501.811848013] [robot_4.robot_supervisor]: rotate_90 blocked by recent completion; stopping this tick
[image_processor-21] [INFO] [1777456501.824288490] [robot_0.image_processor]: Zone=CORNER  left[p=0.610 near=3222 v=7650]  front[p=0.738 near=8375 v=12032]  right[p=0.980 near=0 v=5882]
[robot_supervisor-7] [INFO] [1777456501.824958480] [robot_0.robot_supervisor]: Detected zone changed to CORNER
[image_processor-25] [INFO] [1777456501.836183607] [robot_4.image_processor]: Zone=CLEAR  left[p=2.865 near=0 v=7153]  front[p=3.165 near=0 v=13486]  right[p=2.847 near=0 v=7740]
[robot_supervisor-19] [INFO] [1777456501.836986658] [robot_4.robot_supervisor]: Detected zone changed to CLEAR
[image_processor-23] [INFO] [1777456501.847812673] [robot_2.image_processor]: Zone=CORNER  left[p=0.267 near=7650 v=7650]  front[p=0.338 near=13500 v=13500]  right[p=0.570 near=6048 v=7740]
[robot_supervisor-13] [INFO] [1777456501.848770514] [robot_2.robot_supervisor]: Detected zone changed to CORNER
[image_processor-22] [INFO] [1777456501.860454348] [robot_1.image_processor]: Zone=CLEAR  left[p=3.042 near=0 v=5378]  front[p=1.796 near=0 v=13274]  right[p=1.305 near=0 v=7709]
[robot_supervisor-10] [INFO] [1777456501.860897709] [robot_1.robot_supervisor]: Detected zone changed to CLEAR
[image_processor-24] [INFO] [1777456501.881414486] [robot_3.image_processor]: Zone=LEFT  left[p=0.628 near=6382 v=7650]  front[p=0.901 near=0 v=10300]  right[p=2.992 near=0 v=4565]
[robot_supervisor-16] [INFO] [1777456501.882383808] [robot_3.robot_supervisor]: Detected zone changed to LEFT
[robot_supervisor-16] [INFO] [1777456501.906229830] [robot_3.robot_supervisor]: Selected controllable event: EV_rotate_clockwise
[robot_supervisor-16] [INFO] [1777456501.906566443] [robot_3.robot_supervisor]: rotate_90 blocked by recent completion; stopping this tick
[robot_supervisor-13] [INFO] [1777456501.910104210] [robot_2.robot_supervisor]: Selected controllable event: EV_move_backward
[robot_supervisor-19] [INFO] [1777456501.911704867] [robot_4.robot_supervisor]: Selected controllable event: EV_move_forward
[robot_supervisor-16] [INFO] [1777456502.006221417] [robot_3.robot_supervisor]: Selected controllable event: EV_rotate_clockwise
[robot_supervisor-16] [INFO] [1777456502.006712285] [robot_3.robot_supervisor]: rotate_90 blocked by recent completion; stopping this tick
[robot_supervisor-16] [INFO] [1777456502.106249309] [robot_3.robot_supervisor]: Selected controllable event: EV_rotate_clockwise
[robot_supervisor-16] [INFO] [1777456502.106860387] [robot_3.robot_supervisor]: rotate_90 blocked by recent completion; stopping this tick
[robot_supervisor-16] [INFO] [1777456502.205987140] [robot_3.robot_supervisor]: Selected controllable event: EV_rotate_clockwise
[robot_supervisor-19] [INFO] [1777456502.211677835] [robot_4.robot_supervisor]: Selected controllable event: EV_move_forward
[robot_supervisor-13] [INFO] [1777456502.309973357] [robot_2.robot_supervisor]: Selected controllable event: EV_rotate_counterclockwise
[robot_supervisor-19] [INFO] [1777456502.511555916] [robot_4.robot_supervisor]: Selected controllable event: EV_move_forward
[robot_supervisor-19] [INFO] [1777456502.811533676] [robot_4.robot_supervisor]: Selected controllable event: EV_move_forward
[robot_supervisor-19] [INFO] [1777456503.112058737] [robot_4.robot_supervisor]: Selected controllable event: EV_move_forward
[robot_supervisor-7] [INFO] [1777456503.227476342] [robot_0.robot_supervisor]: Selected controllable event: EV_move_backward
[robot_supervisor-19] [INFO] [1777456503.411741545] [robot_4.robot_supervisor]: Selected controllable event: EV_move_forward
[robot_supervisor-7] [INFO] [1777456503.627472003] [robot_0.robot_supervisor]: Selected controllable event: EV_rotate_counterclockwise
[robot_supervisor-19] [INFO] [1777456503.711677837] [robot_4.robot_supervisor]: Selected controllable event: EV_move_forward
[robot_supervisor-10] [INFO] [1777456503.892076677] [robot_1.robot_supervisor]: Selected controllable event: EV_move_forward
[robot_supervisor-19] [INFO] [1777456504.011612811] [robot_4.robot_supervisor]: Selected controllable event: EV_move_forward
[robot_supervisor-10] [INFO] [1777456504.191818826] [robot_1.robot_supervisor]: Selected controllable event: EV_move_forward
[robot_supervisor-19] [INFO] [1777456504.311816420] [robot_4.robot_supervisor]: Selected controllable event: EV_move_forward
[image_processor-21] [INFO] [1777456504.320677576] [robot_0.image_processor]: Zone=LEFT  left[p=0.578 near=7491 v=7492]  front[p=0.821 near=603 v=9337]  right[p=2.783 near=0 v=4956]
[robot_supervisor-7] [INFO] [1777456504.321365386] [robot_0.robot_supervisor]: Detected zone changed to LEFT
[image_processor-25] [INFO] [1777456504.332797494] [robot_4.image_processor]: Zone=CLEAR
[image_processor-23] [INFO] [1777456504.340873032] [robot_2.image_processor]: Zone=LEFT  left[p=0.682 near=7290 v=7650]  front[p=0.880 near=75 v=13500]  right[p=1.720 near=0 v=7740]
[robot_supervisor-13] [INFO] [1777456504.341539006] [robot_2.robot_supervisor]: Detected zone changed to LEFT
[image_processor-22] [INFO] [1777456504.350029621] [robot_1.image_processor]: Zone=CORNER  left[p=0.639 near=7633 v=7650]  front[p=0.514 near=13500 v=13500]  right[p=0.452 near=7740 v=7740]
[robot_supervisor-10] [INFO] [1777456504.350588177] [robot_1.robot_supervisor]: Detected zone changed to CORNER
[image_processor-24] [INFO] [1777456504.358596786] [robot_3.image_processor]: Zone=CORNER  left[p=0.339 near=4590 v=6675]  front[p=0.361 near=13500 v=13500]  right[p=0.411 near=5799 v=7740]
[robot_supervisor-16] [INFO] [1777456504.359056229] [robot_3.robot_supervisor]: Detected zone changed to CORNER
[robot_supervisor-16] [INFO] [1777456504.406275006] [robot_3.robot_supervisor]: Selected controllable event: EV_move_backward
[robot_supervisor-13] [INFO] [1777456504.409753885] [robot_2.robot_supervisor]: Selected controllable event: EV_rotate_clockwise
[robot_supervisor-13] [INFO] [1777456504.410044392] [robot_2.robot_supervisor]: rotate_90 blocked by recent completion; stopping this tick
[robot_supervisor-10] [INFO] [1777456504.491836830] [robot_1.robot_supervisor]: Selected controllable event: EV_move_backward
[robot_supervisor-13] [INFO] [1777456504.509891366] [robot_2.robot_supervisor]: Selected controllable event: EV_rotate_clockwise
[robot_supervisor-13] [INFO] [1777456504.510256711] [robot_2.robot_supervisor]: rotate_90 blocked by recent completion; stopping this tick
[robot_supervisor-13] [INFO] [1777456504.610062636] [robot_2.robot_supervisor]: Selected controllable event: EV_rotate_clockwise
[robot_supervisor-13] [INFO] [1777456504.610504954] [robot_2.robot_supervisor]: rotate_90 blocked by recent completion; stopping this tick
[robot_supervisor-19] [INFO] [1777456504.611399509] [robot_4.robot_supervisor]: Selected controllable event: EV_move_forward
[robot_supervisor-13] [INFO] [1777456504.709794058] [robot_2.robot_supervisor]: Selected controllable event: EV_rotate_clockwise
[robot_supervisor-16] [INFO] [1777456504.806182368] [robot_3.robot_supervisor]: Selected controllable event: EV_rotate_counterclockwise
[robot_supervisor-10] [INFO] [1777456504.892102942] [robot_1.robot_supervisor]: Selected controllable event: EV_rotate_counterclockwise
[robot_supervisor-19] [INFO] [1777456504.911685464] [robot_4.robot_supervisor]: Selected controllable event: EV_move_forward
[robot_supervisor-19] [INFO] [1777456505.211664782] [robot_4.robot_supervisor]: Selected controllable event: EV_move_forward
[robot_supervisor-19] [INFO] [1777456505.511644775] [robot_4.robot_supervisor]: Selected controllable event: EV_move_forward
[robot_supervisor-19] [INFO] [1777456505.811463704] [robot_4.robot_supervisor]: Selected controllable event: EV_move_forward
[robot_supervisor-7] [INFO] [1777456505.827757814] [robot_0.robot_supervisor]: Selected controllable event: EV_rotate_clockwise
[robot_supervisor-7] [INFO] [1777456505.828260410] [robot_0.robot_supervisor]: rotate_90 blocked by recent completion; stopping this tick
[robot_supervisor-7] [INFO] [1777456505.927450588] [robot_0.robot_supervisor]: Selected controllable event: EV_rotate_clockwise
[robot_supervisor-7] [INFO] [1777456505.927718493] [robot_0.robot_supervisor]: rotate_90 blocked by recent completion; stopping this tick
[robot_supervisor-7] [INFO] [1777456506.027449487] [robot_0.robot_supervisor]: Selected controllable event: EV_rotate_clockwise
[robot_supervisor-19] [INFO] [1777456506.111529622] [robot_4.robot_supervisor]: Selected controllable event: EV_move_forward
[robot_supervisor-19] [INFO] [1777456506.411478876] [robot_4.robot_supervisor]: Selected controllable event: EV_move_forward
[robot_supervisor-19] [INFO] [1777456506.711524697] [robot_4.robot_supervisor]: Selected controllable event: EV_move_forward
[image_processor-21] [INFO] [1777456506.824010185] [robot_0.image_processor]: Zone=CORNER  left[p=0.610 near=3233 v=7650]  front[p=0.737 near=8454 v=12037]  right[p=0.978 near=0 v=5883]
[robot_supervisor-7] [INFO] [1777456506.824698975] [robot_0.robot_supervisor]: Detected zone changed to CORNER
[image_processor-25] [INFO] [1777456506.839703198] [robot_4.image_processor]: Zone=CLEAR
[image_processor-23] [INFO] [1777456506.854761480] [robot_2.image_processor]: Zone=CORNER  left[p=0.267 near=7650 v=7650]  front[p=0.337 near=13500 v=13500]  right[p=0.569 near=6071 v=7740]
[robot_supervisor-13] [INFO] [1777456506.855487975] [robot_2.robot_supervisor]: Detected zone changed to CORNER
[image_processor-22] [INFO] [1777456506.871491487] [robot_1.image_processor]: Zone=CLEAR  left[p=1.705 near=0 v=6010]  front[p=1.831 near=0 v=13315]  right[p=0.959 near=0 v=7740]
[robot_supervisor-10] [INFO] [1777456506.872281830] [robot_1.robot_supervisor]: Detected zone changed to CLEAR
[image_processor-24] [INFO] [1777456506.892581019] [robot_3.image_processor]: Zone=LEFT  left[p=0.630 near=6300 v=7650]  front[p=0.905 near=0 v=10177]  right[p=2.993 near=0 v=4553]
[robot_supervisor-16] [INFO] [1777456506.893291965] [robot_3.robot_supervisor]: Detected zone changed to LEFT
[robot_supervisor-13] [INFO] [1777456506.909897780] [robot_2.robot_supervisor]: Selected controllable event: EV_move_backward
[robot_supervisor-10] [INFO] [1777456506.992406694] [robot_1.robot_supervisor]: Selected controllable event: EV_move_forward
[robot_supervisor-16] [INFO] [1777456507.006034195] [robot_3.robot_supervisor]: Selected controllable event: EV_rotate_clockwise
[robot_supervisor-16] [INFO] [1777456507.006405639] [robot_3.robot_supervisor]: rotate_90 blocked by recent completion; stopping this tick
[robot_supervisor-19] [INFO] [1777456507.011566178] [robot_4.robot_supervisor]: Selected controllable event: EV_move_forward
[robot_supervisor-16] [INFO] [1777456507.106005586] [robot_3.robot_supervisor]: Selected controllable event: EV_rotate_clockwise
[robot_supervisor-16] [INFO] [1777456507.106386764] [robot_3.robot_supervisor]: rotate_90 blocked by recent completion; stopping this tick
[robot_supervisor-16] [INFO] [1777456507.206059113] [robot_3.robot_supervisor]: Selected controllable event: EV_rotate_clockwise
[robot_supervisor-10] [INFO] [1777456507.291852573] [robot_1.robot_supervisor]: Selected controllable event: EV_move_forward
[robot_supervisor-13] [INFO] [1777456507.310062294] [robot_2.robot_supervisor]: Selected controllable event: EV_rotate_counterclockwise
[robot_supervisor-19] [INFO] [1777456507.311667006] [robot_4.robot_supervisor]: Selected controllable event: EV_move_forward
[robot_supervisor-10] [INFO] [1777456507.592142233] [robot_1.robot_supervisor]: Selected controllable event: EV_move_forward
[robot_supervisor-19] [INFO] [1777456507.611687897] [robot_4.robot_supervisor]: Selected controllable event: EV_move_forward
[robot_supervisor-10] [INFO] [1777456507.892111175] [robot_1.robot_supervisor]: Selected controllable event: EV_move_forward
[robot_supervisor-19] [INFO] [1777456507.911454036] [robot_4.robot_supervisor]: Selected controllable event: EV_move_forward
[robot_supervisor-10] [INFO] [1777456508.192116812] [robot_1.robot_supervisor]: Selected controllable event: EV_move_forward
[robot_supervisor-19] [INFO] [1777456508.211444835] [robot_4.robot_supervisor]: Selected controllable event: EV_move_forward
[robot_supervisor-7] [INFO] [1777456508.227414306] [robot_0.robot_supervisor]: Selected controllable event: EV_move_backward
[robot_supervisor-10] [INFO] [1777456508.491848653] [robot_1.robot_supervisor]: Selected controllable event: EV_move_forward
[robot_supervisor-19] [INFO] [1777456508.511728276] [robot_4.robot_supervisor]: Selected controllable event: EV_move_forward
[robot_supervisor-7] [INFO] [1777456508.627479875] [robot_0.robot_supervisor]: Selected controllable event: EV_rotate_counterclockwise
[robot_supervisor-10] [INFO] [1777456508.792126016] [robot_1.robot_supervisor]: Selected controllable event: EV_move_forward
[robot_supervisor-19] [INFO] [1777456508.811624512] [robot_4.robot_supervisor]: Selected controllable event: EV_move_forward
[robot_supervisor-10] [INFO] [1777456509.091941834] [robot_1.robot_supervisor]: Selected controllable event: EV_move_forward
[robot_supervisor-19] [INFO] [1777456509.111772245] [robot_4.robot_supervisor]: Selected controllable event: EV_move_forward
[image_processor-21] [INFO] [1777456509.320546385] [robot_0.image_processor]: Zone=LEFT  left[p=0.577 near=7493 v=7494]  front[p=0.820 near=619 v=9338]  right[p=2.783 near=0 v=4956]
[robot_supervisor-7] [INFO] [1777456509.321620778] [robot_0.robot_supervisor]: Detected zone changed to LEFT
[image_processor-25] [INFO] [1777456509.331682158] [robot_4.image_processor]: Zone=CLEAR
[image_processor-23] [INFO] [1777456509.340142405] [robot_2.image_processor]: Zone=LEFT  left[p=0.681 near=7300 v=7650]  front[p=0.880 near=76 v=13500]  right[p=1.720 near=0 v=7740]
[robot_supervisor-13] [INFO] [1777456509.340802263] [robot_2.robot_supervisor]: Detected zone changed to LEFT
[image_processor-22] [INFO] [1777456509.351869618] [robot_1.image_processor]: Zone=CLEAR
[image_processor-24] [INFO] [1777456509.361451653] [robot_3.image_processor]: Zone=CORNER  left[p=0.339 near=4562 v=6667]  front[p=0.361 near=13500 v=13500]  right[p=0.411 near=5833 v=7740]
[robot_supervisor-16] [INFO] [1777456509.362098088] [robot_3.robot_supervisor]: Detected zone changed to CORNER
[robot_supervisor-10] [INFO] [1777456509.392098280] [robot_1.robot_supervisor]: Selected controllable event: EV_move_forward
[robot_supervisor-16] [INFO] [1777456509.406032947] [robot_3.robot_supervisor]: Selected controllable event: EV_move_backward
[robot_supervisor-13] [INFO] [1777456509.409944796] [robot_2.robot_supervisor]: Selected controllable event: EV_rotate_clockwise
[robot_supervisor-13] [INFO] [1777456509.410318155] [robot_2.robot_supervisor]: rotate_90 blocked by recent completion; stopping this tick
[robot_supervisor-19] [INFO] [1777456509.411795601] [robot_4.robot_supervisor]: Selected controllable event: EV_move_forward
[robot_supervisor-13] [INFO] [1777456509.509790895] [robot_2.robot_supervisor]: Selected controllable event: EV_rotate_clockwise
[robot_supervisor-13] [INFO] [1777456509.510043678] [robot_2.robot_supervisor]: rotate_90 blocked by recent completion; stopping this tick
[robot_supervisor-13] [INFO] [1777456509.609880373] [robot_2.robot_supervisor]: Selected controllable event: EV_rotate_clockwise
[robot_supervisor-13] [INFO] [1777456509.610244088] [robot_2.robot_supervisor]: rotate_90 blocked by recent completion; stopping this tick
[robot_supervisor-10] [INFO] [1777456509.692097280] [robot_1.robot_supervisor]: Selected controllable event: EV_move_forward
[robot_supervisor-13] [INFO] [1777456509.710027306] [robot_2.robot_supervisor]: Selected controllable event: EV_rotate_clockwise
[robot_supervisor-19] [INFO] [1777456509.711996708] [robot_4.robot_supervisor]: Selected controllable event: EV_move_forward
[robot_supervisor-16] [INFO] [1777456509.806139585] [robot_3.robot_supervisor]: Selected controllable event: EV_rotate_counterclockwise
[robot_supervisor-10] [INFO] [1777456509.992123154] [robot_1.robot_supervisor]: Selected controllable event: EV_move_forward
[robot_supervisor-19] [INFO] [1777456510.011918539] [robot_4.robot_supervisor]: Selected controllable event: EV_move_forward
[robot_supervisor-10] [INFO] [1777456510.291873891] [robot_1.robot_supervisor]: Selected controllable event: EV_move_forward
[robot_supervisor-19] [INFO] [1777456510.311450762] [robot_4.robot_supervisor]: Selected controllable event: EV_move_forward
[robot_supervisor-10] [INFO] [1777456510.591956481] [robot_1.robot_supervisor]: Selected controllable event: EV_move_forward
[robot_supervisor-19] [INFO] [1777456510.611662956] [robot_4.robot_supervisor]: Selected controllable event: EV_move_forward
[robot_supervisor-7] [INFO] [1777456510.827921434] [robot_0.robot_supervisor]: Selected controllable event: EV_rotate_clockwise
[robot_supervisor-7] [INFO] [1777456510.828491424] [robot_0.robot_supervisor]: rotate_90 blocked by recent completion; stopping this tick
[robot_supervisor-10] [INFO] [1777456510.892124796] [robot_1.robot_supervisor]: Selected controllable event: EV_move_forward
[robot_supervisor-19] [INFO] [1777456510.911665945] [robot_4.robot_supervisor]: Selected controllable event: EV_move_forward
[robot_supervisor-7] [INFO] [1777456510.927586123] [robot_0.robot_supervisor]: Selected controllable event: EV_rotate_clockwise
[robot_supervisor-7] [INFO] [1777456510.927958010] [robot_0.robot_supervisor]: rotate_90 blocked by recent completion; stopping this tick
[robot_supervisor-7] [INFO] [1777456511.027769212] [robot_0.robot_supervisor]: Selected controllable event: EV_rotate_clockwise
[robot_supervisor-10] [INFO] [1777456511.192103605] [robot_1.robot_supervisor]: Selected controllable event: EV_move_forward
[robot_supervisor-19] [INFO] [1777456511.211891141] [robot_4.robot_supervisor]: Selected controllable event: EV_move_forward
[robot_supervisor-10] [INFO] [1777456511.492768297] [robot_1.robot_supervisor]: Selected controllable event: EV_move_forward
[robot_supervisor-19] [INFO] [1777456511.511896478] [robot_4.robot_supervisor]: Selected controllable event: EV_move_forward
[robot_supervisor-10] [INFO] [1777456511.792360644] [robot_1.robot_supervisor]: Selected controllable event: EV_move_forward
[robot_supervisor-19] [INFO] [1777456511.811502532] [robot_4.robot_supervisor]: Selected controllable event: EV_move_forward
[image_processor-21] [INFO] [1777456511.821458137] [robot_0.image_processor]: Zone=CORNER  left[p=0.610 near=3242 v=7650]  front[p=0.736 near=8528 v=12041]  right[p=0.976 near=0 v=5884]
[robot_supervisor-7] [INFO] [1777456511.822087153] [robot_0.robot_supervisor]: Detected zone changed to CORNER
[image_processor-25] [INFO] [1777456511.830203234] [robot_4.image_processor]: Zone=CLEAR
[image_processor-23] [INFO] [1777456511.842252682] [robot_2.image_processor]: Zone=CORNER  left[p=0.266 near=7650 v=7650]  front[p=0.337 near=13500 v=13500]  right[p=0.568 near=6093 v=7740]
[robot_supervisor-13] [INFO] [1777456511.843323115] [robot_2.robot_supervisor]: Detected zone changed to CORNER
[image_processor-22] [INFO] [1777456511.854528501] [robot_1.image_processor]: Zone=CLEAR
[image_processor-24] [INFO] [1777456511.873769052] [robot_3.image_processor]: Zone=LEFT  left[p=0.628 near=6363 v=7650]  front[p=0.902 near=0 v=10247]  right[p=2.992 near=0 v=4561]
[robot_supervisor-16] [INFO] [1777456511.874791300] [robot_3.robot_supervisor]: Detected zone changed to LEFT
[robot_supervisor-16] [INFO] [1777456511.906292450] [robot_3.robot_supervisor]: Selected controllable event: EV_rotate_clockwise
[robot_supervisor-16] [INFO] [1777456511.906798306] [robot_3.robot_supervisor]: rotate_90 blocked by recent completion; stopping this tick
[robot_supervisor-13] [INFO] [1777456511.909860209] [robot_2.robot_supervisor]: Selected controllable event: EV_move_backward
[robot_supervisor-16] [INFO] [1777456512.006169775] [robot_3.robot_supervisor]: Selected controllable event: EV_rotate_clockwise
[robot_supervisor-16] [INFO] [1777456512.006746157] [robot_3.robot_supervisor]: rotate_90 blocked by recent completion; stopping this tick
[robot_supervisor-10] [INFO] [1777456512.092207842] [robot_1.robot_supervisor]: Selected controllable event: EV_move_forward
[robot_supervisor-16] [INFO] [1777456512.105965026] [robot_3.robot_supervisor]: Selected controllable event: EV_rotate_clockwise
[robot_supervisor-16] [INFO] [1777456512.106368952] [robot_3.robot_supervisor]: rotate_90 blocked by recent completion; stopping this tick
[robot_supervisor-19] [INFO] [1777456512.111919722] [robot_4.robot_supervisor]: Selected controllable event: EV_move_forward
[robot_supervisor-16] [INFO] [1777456512.206033503] [robot_3.robot_supervisor]: Selected controllable event: EV_rotate_clockwise
[robot_supervisor-13] [INFO] [1777456512.310190242] [robot_2.robot_supervisor]: Selected controllable event: EV_rotate_counterclockwise
[robot_supervisor-10] [INFO] [1777456512.392366107] [robot_1.robot_supervisor]: Selected controllable event: EV_move_forward
[robot_supervisor-19] [INFO] [1777456512.411461706] [robot_4.robot_supervisor]: Selected controllable event: EV_move_forward
[robot_supervisor-10] [INFO] [1777456512.692411251] [robot_1.robot_supervisor]: Selected controllable event: EV_move_forward
[robot_supervisor-19] [INFO] [1777456512.711674502] [robot_4.robot_supervisor]: Selected controllable event: EV_move_forward
[robot_supervisor-10] [INFO] [1777456512.992045129] [robot_1.robot_supervisor]: Selected controllable event: EV_move_forward
[robot_supervisor-19] [INFO] [1777456513.011878246] [robot_4.robot_supervisor]: Selected controllable event: EV_move_forward
[robot_supervisor-7] [INFO] [1777456513.227526683] [robot_0.robot_supervisor]: Selected controllable event: EV_move_backward
[robot_supervisor-10] [INFO] [1777456513.292298499] [robot_1.robot_supervisor]: Selected controllable event: EV_move_forward
[robot_supervisor-19] [INFO] [1777456513.311819658] [robot_4.robot_supervisor]: Selected controllable event: EV_move_forward
[robot_supervisor-10] [INFO] [1777456513.592069423] [robot_1.robot_supervisor]: Selected controllable event: EV_move_forward
[robot_supervisor-19] [INFO] [1777456513.611544981] [robot_4.robot_supervisor]: Selected controllable event: EV_move_forward
[robot_supervisor-7] [INFO] [1777456513.627408432] [robot_0.robot_supervisor]: Selected controllable event: EV_rotate_counterclockwise
[robot_supervisor-10] [INFO] [1777456513.891859680] [robot_1.robot_supervisor]: Selected controllable event: EV_move_forward
[robot_supervisor-19] [INFO] [1777456513.911894692] [robot_4.robot_supervisor]: Selected controllable event: EV_move_forward
[robot_supervisor-10] [INFO] [1777456514.192072359] [robot_1.robot_supervisor]: Selected controllable event: EV_move_forward
[robot_supervisor-19] [INFO] [1777456514.211885196] [robot_4.robot_supervisor]: Selected controllable event: EV_move_forward
[image_processor-21] [INFO] [1777456514.321055445] [robot_0.image_processor]: Zone=LEFT  left[p=0.577 near=7496 v=7496]  front[p=0.818 near=636 v=9337]  right[p=2.784 near=0 v=4956]
[robot_supervisor-7] [INFO] [1777456514.322119128] [robot_0.robot_supervisor]: Detected zone changed to LEFT
[image_processor-25] [INFO] [1777456514.329402935] [robot_4.image_processor]: Zone=CLEAR
[image_processor-23] [INFO] [1777456514.339522177] [robot_2.image_processor]: Zone=LEFT  left[p=0.680 near=7306 v=7650]  front[p=0.880 near=80 v=13500]  right[p=1.719 near=0 v=7740]
[robot_supervisor-13] [INFO] [1777456514.340086967] [robot_2.robot_supervisor]: Detected zone changed to LEFT
[image_processor-22] [INFO] [1777456514.350787754] [robot_1.image_processor]: Zone=CORNER  left[p=0.440 near=7650 v=7650]  front[p=0.507 near=13500 v=13500]  right[p=0.651 near=7330 v=7740]
[robot_supervisor-10] [INFO] [1777456514.351277674] [robot_1.robot_supervisor]: Detected zone changed to CORNER
[image_processor-24] [INFO] [1777456514.359772234] [robot_3.image_processor]: Zone=CORNER  left[p=0.339 near=4507 v=6651]  front[p=0.361 near=13500 v=13500]  right[p=0.410 near=5893 v=7740]
[robot_supervisor-16] [INFO] [1777456514.360181422] [robot_3.robot_supervisor]: Detected zone changed to CORNER
[robot_supervisor-16] [INFO] [1777456514.405994002] [robot_3.robot_supervisor]: Selected controllable event: EV_move_backward
[robot_supervisor-13] [INFO] [1777456514.409663671] [robot_2.robot_supervisor]: Selected controllable event: EV_rotate_clockwise
[robot_supervisor-13] [INFO] [1777456514.409828403] [robot_2.robot_supervisor]: rotate_90 blocked by recent completion; stopping this tick
[robot_supervisor-10] [INFO] [1777456514.492270367] [robot_1.robot_supervisor]: Selected controllable event: EV_move_backward
[robot_supervisor-13] [INFO] [1777456514.509652942] [robot_2.robot_supervisor]: Selected controllable event: EV_rotate_clockwise
[robot_supervisor-13] [INFO] [1777456514.509815425] [robot_2.robot_supervisor]: rotate_90 blocked by recent completion; stopping this tick
[robot_supervisor-19] [INFO] [1777456514.511653534] [robot_4.robot_supervisor]: Selected controllable event: EV_move_forward
[robot_supervisor-13] [INFO] [1777456514.609668428] [robot_2.robot_supervisor]: Selected controllable event: EV_rotate_clockwise
[robot_supervisor-13] [INFO] [1777456514.609833176] [robot_2.robot_supervisor]: rotate_90 blocked by recent completion; stopping this tick
[robot_supervisor-13] [INFO] [1777456514.709832986] [robot_2.robot_supervisor]: Selected controllable event: EV_rotate_clockwise
[robot_supervisor-16] [INFO] [1777456514.806258979] [robot_3.robot_supervisor]: Selected controllable event: EV_rotate_counterclockwise
[robot_supervisor-19] [INFO] [1777456514.811552429] [robot_4.robot_supervisor]: Selected controllable event: EV_move_forward
[robot_supervisor-10] [INFO] [1777456514.892114936] [robot_1.robot_supervisor]: Selected controllable event: EV_rotate_counterclockwise
[robot_supervisor-19] [INFO] [1777456515.111820738] [robot_4.robot_supervisor]: Selected controllable event: EV_move_forward
[robot_supervisor-19] [INFO] [1777456515.411710875] [robot_4.robot_supervisor]: Selected controllable event: EV_move_forward
[robot_supervisor-19] [INFO] [1777456515.711707275] [robot_4.robot_supervisor]: Selected controllable event: EV_move_forward
[robot_supervisor-7] [INFO] [1777456515.827684070] [robot_0.robot_supervisor]: Selected controllable event: EV_rotate_clockwise
[robot_supervisor-7] [INFO] [1777456515.828211688] [robot_0.robot_supervisor]: rotate_90 blocked by recent completion; stopping this tick
[robot_supervisor-7] [INFO] [1777456515.927462842] [robot_0.robot_supervisor]: Selected controllable event: EV_rotate_clockwise
[robot_supervisor-7] [INFO] [1777456515.927805416] [robot_0.robot_supervisor]: rotate_90 blocked by recent completion; stopping this tick
[robot_supervisor-19] [INFO] [1777456516.011743800] [robot_4.robot_supervisor]: Selected controllable event: EV_move_forward
[robot_supervisor-7] [INFO] [1777456516.027204024] [robot_0.robot_supervisor]: Selected controllable event: EV_rotate_clockwise
[robot_supervisor-19] [INFO] [1777456516.311686869] [robot_4.robot_supervisor]: Selected controllable event: EV_move_forward
[robot_supervisor-19] [INFO] [1777456516.611920192] [robot_4.robot_supervisor]: Selected controllable event: EV_move_forward
[robot_supervisor-13] [INFO] [1777456516.810085214] [robot_2.robot_supervisor]: Selected controllable event: EV_rotate_clockwise
[robot_supervisor-13] [INFO] [1777456516.810616979] [robot_2.robot_supervisor]: rotate_90 blocked by recent completion; stopping this tick
[image_processor-21] [INFO] [1777456516.822437627] [robot_0.image_processor]: Zone=CORNER  left[p=0.610 near=3244 v=7650]  front[p=0.735 near=8606 v=12045]  right[p=0.974 near=0 v=5884]
[robot_supervisor-7] [INFO] [1777456516.822887996] [robot_0.robot_supervisor]: Detected zone changed to CORNER
[image_processor-25] [INFO] [1777456516.832538874] [robot_4.image_processor]: Zone=CORNER  left[p=0.756 near=2666 v=7650]  front[p=0.595 near=13497 v=13500]  right[p=0.519 near=7740 v=7740]
[robot_supervisor-19] [INFO] [1777456516.833467129] [robot_4.robot_supervisor]: Detected zone changed to CORNER
[image_processor-23] [INFO] [1777456516.842422272] [robot_2.image_processor]: Zone=CORNER  left[p=0.266 near=7650 v=7650]  front[p=0.336 near=13500 v=13500]  right[p=0.567 near=6115 v=7740]
[robot_supervisor-13] [INFO] [1777456516.843109000] [robot_2.robot_supervisor]: Detected zone changed to CORNER
[image_processor-22] [INFO] [1777456516.856810590] [robot_1.image_processor]: Zone=RIGHT  left[p=3.042 near=0 v=5794]  front[p=2.468 near=171 v=7556]  right[p=0.482 near=7731 v=7740]
[robot_supervisor-10] [INFO] [1777456516.858065782] [robot_1.robot_supervisor]: Detected zone changed to RIGHT
[image_processor-24] [INFO] [1777456516.874672440] [robot_3.image_processor]: Zone=LEFT  left[p=0.628 near=6370 v=7650]  front[p=0.901 near=0 v=10248]  right[p=2.992 near=0 v=4563]
[robot_supervisor-16] [INFO] [1777456516.875455786] [robot_3.robot_supervisor]: Detected zone changed to LEFT
[robot_supervisor-16] [INFO] [1777456516.905947820] [robot_3.robot_supervisor]: Selected controllable event: EV_rotate_clockwise
[robot_supervisor-16] [INFO] [1777456516.906282593] [robot_3.robot_supervisor]: rotate_90 blocked by recent completion; stopping this tick
[robot_supervisor-13] [INFO] [1777456516.909796932] [robot_2.robot_supervisor]: Selected controllable event: EV_move_backward
[robot_supervisor-19] [INFO] [1777456516.911904897] [robot_4.robot_supervisor]: Selected controllable event: EV_move_backward
[robot_supervisor-10] [INFO] [1777456516.992211700] [robot_1.robot_supervisor]: Selected controllable event: EV_rotate_counterclockwise
[robot_supervisor-10] [INFO] [1777456516.992603331] [robot_1.robot_supervisor]: rotate_90 blocked by recent completion; stopping this tick
[robot_supervisor-16] [INFO] [1777456517.006066292] [robot_3.robot_supervisor]: Selected controllable event: EV_rotate_clockwise
[robot_supervisor-16] [INFO] [1777456517.006766353] [robot_3.robot_supervisor]: rotate_90 blocked by recent completion; stopping this tick
[robot_supervisor-10] [INFO] [1777456517.092126849] [robot_1.robot_supervisor]: Selected controllable event: EV_rotate_counterclockwise
[robot_supervisor-10] [INFO] [1777456517.092473728] [robot_1.robot_supervisor]: rotate_90 blocked by recent completion; stopping this tick
[robot_supervisor-16] [INFO] [1777456517.106042902] [robot_3.robot_supervisor]: Selected controllable event: EV_rotate_clockwise
[robot_supervisor-16] [INFO] [1777456517.106724388] [robot_3.robot_supervisor]: rotate_90 blocked by recent completion; stopping this tick
[robot_supervisor-10] [INFO] [1777456517.192122706] [robot_1.robot_supervisor]: Selected controllable event: EV_rotate_counterclockwise
[robot_supervisor-10] [INFO] [1777456517.192497509] [robot_1.robot_supervisor]: rotate_90 blocked by recent completion; stopping this tick
[robot_supervisor-16] [INFO] [1777456517.206031278] [robot_3.robot_supervisor]: Selected controllable event: EV_rotate_clockwise
[robot_supervisor-10] [INFO] [1777456517.291806531] [robot_1.robot_supervisor]: Selected controllable event: EV_rotate_counterclockwise
[robot_supervisor-13] [INFO] [1777456517.309804965] [robot_2.robot_supervisor]: Selected controllable event: EV_rotate_counterclockwise
[robot_supervisor-19] [INFO] [1777456517.311698741] [robot_4.robot_supervisor]: Selected controllable event: EV_rotate_counterclockwise
[robot_supervisor-7] [INFO] [1777456518.227150173] [robot_0.robot_supervisor]: Selected controllable event: EV_move_backward
[robot_supervisor-7] [INFO] [1777456518.627448555] [robot_0.robot_supervisor]: Selected controllable event: EV_rotate_counterclockwise
[image_processor-21] [INFO] [1777456519.322397728] [robot_0.image_processor]: Zone=LEFT  left[p=0.576 near=7497 v=7497]  front[p=0.817 near=652 v=9338]  right[p=2.784 near=0 v=4956]
[robot_supervisor-7] [INFO] [1777456519.323124059] [robot_0.robot_supervisor]: Detected zone changed to LEFT
[image_processor-25] [INFO] [1777456519.336616878] [robot_4.image_processor]: Zone=CLEAR  left[p=2.985 near=0 v=5107]  front[p=2.402 near=0 v=12151]  right[p=1.269 near=0 v=7721]
[robot_supervisor-19] [INFO] [1777456519.337651059] [robot_4.robot_supervisor]: Detected zone changed to CLEAR
[image_processor-23] [INFO] [1777456519.347453809] [robot_2.image_processor]: Zone=LEFT  left[p=0.680 near=7314 v=7650]  front[p=0.880 near=82 v=13500]  right[p=1.718 near=0 v=7740]
[robot_supervisor-13] [INFO] [1777456519.348255653] [robot_2.robot_supervisor]: Detected zone changed to LEFT
[image_processor-22] [INFO] [1777456519.359192945] [robot_1.image_processor]: Zone=RIGHT
[image_processor-24] [INFO] [1777456519.367496816] [robot_3.image_processor]: Zone=CORNER  left[p=0.338 near=4504 v=6651]  front[p=0.360 near=13500 v=13500]  right[p=0.410 near=5901 v=7740]
[robot_supervisor-16] [INFO] [1777456519.367919768] [robot_3.robot_supervisor]: Detected zone changed to CORNER
[robot_supervisor-10] [INFO] [1777456519.392107059] [robot_1.robot_supervisor]: Selected controllable event: EV_rotate_counterclockwise
[robot_supervisor-10] [INFO] [1777456519.392474087] [robot_1.robot_supervisor]: rotate_90 blocked by recent completion; stopping this tick
[robot_supervisor-16] [INFO] [1777456519.406022808] [robot_3.robot_supervisor]: Selected controllable event: EV_move_backward
[robot_supervisor-10] [INFO] [1777456519.492317302] [robot_1.robot_supervisor]: Selected controllable event: EV_rotate_counterclockwise
[robot_supervisor-10] [INFO] [1777456519.492803390] [robot_1.robot_supervisor]: rotate_90 blocked by recent completion; stopping this tick
[robot_supervisor-13] [INFO] [1777456519.509952333] [robot_2.robot_supervisor]: Selected controllable event: EV_rotate_clockwise
[robot_supervisor-13] [INFO] [1777456519.510323335] [robot_2.robot_supervisor]: rotate_90 blocked by recent completion; stopping this tick
[robot_supervisor-19] [INFO] [1777456519.511719373] [robot_4.robot_supervisor]: Selected controllable event: EV_move_forward
[robot_supervisor-10] [INFO] [1777456519.591941785] [robot_1.robot_supervisor]: Selected controllable event: EV_rotate_counterclockwise
[robot_supervisor-10] [INFO] [1777456519.592228910] [robot_1.robot_supervisor]: rotate_90 blocked by recent completion; stopping this tick
[robot_supervisor-13] [INFO] [1777456519.609617559] [robot_2.robot_supervisor]: Selected controllable event: EV_rotate_clockwise
[robot_supervisor-13] [INFO] [1777456519.609815213] [robot_2.robot_supervisor]: rotate_90 blocked by recent completion; stopping this tick
[robot_supervisor-10] [INFO] [1777456519.692019469] [robot_1.robot_supervisor]: Selected controllable event: EV_rotate_counterclockwise
[robot_supervisor-13] [INFO] [1777456519.709832318] [robot_2.robot_supervisor]: Selected controllable event: EV_rotate_clockwise
[robot_supervisor-16] [INFO] [1777456519.806365415] [robot_3.robot_supervisor]: Selected controllable event: EV_rotate_counterclockwise
[robot_supervisor-19] [INFO] [1777456519.811927711] [robot_4.robot_supervisor]: Selected controllable event: EV_move_forward
[robot_supervisor-19] [INFO] [1777456520.111689940] [robot_4.robot_supervisor]: Selected controllable event: EV_move_forward
[robot_supervisor-19] [INFO] [1777456520.411688498] [robot_4.robot_supervisor]: Selected controllable event: EV_move_forward
[robot_supervisor-19] [INFO] [1777456520.711439313] [robot_4.robot_supervisor]: Selected controllable event: EV_move_forward
[robot_supervisor-7] [INFO] [1777456520.727727281] [robot_0.robot_supervisor]: Selected controllable event: EV_rotate_clockwise
[robot_supervisor-7] [INFO] [1777456520.728228952] [robot_0.robot_supervisor]: rotate_90 blocked by recent completion; stopping this tick
[robot_supervisor-7] [INFO] [1777456520.827319636] [robot_0.robot_supervisor]: Selected controllable event: EV_rotate_clockwise
[robot_supervisor-7] [INFO] [1777456520.827533299] [robot_0.robot_supervisor]: rotate_90 blocked by recent completion; stopping this tick
[robot_supervisor-7] [INFO] [1777456520.927784480] [robot_0.robot_supervisor]: Selected controllable event: EV_rotate_clockwise
[robot_supervisor-7] [INFO] [1777456520.928356281] [robot_0.robot_supervisor]: rotate_90 blocked by recent completion; stopping this tick
[robot_supervisor-19] [INFO] [1777456521.011635236] [robot_4.robot_supervisor]: Selected controllable event: EV_move_forward
[robot_supervisor-7] [INFO] [1777456521.027360449] [robot_0.robot_supervisor]: Selected controllable event: EV_rotate_clockwise
[robot_supervisor-19] [INFO] [1777456521.312004668] [robot_4.robot_supervisor]: Selected controllable event: EV_move_forward
[robot_supervisor-19] [INFO] [1777456521.611556737] [robot_4.robot_supervisor]: Selected controllable event: EV_move_forward
[image_processor-21] [INFO] [1777456521.822971778] [robot_0.image_processor]: Zone=CORNER  left[p=0.610 near=3253 v=7650]  front[p=0.735 near=8663 v=12049]  right[p=0.972 near=0 v=5885]
[robot_supervisor-7] [INFO] [1777456521.823742172] [robot_0.robot_supervisor]: Detected zone changed to CORNER
[image_processor-25] [INFO] [1777456521.835874943] [robot_4.image_processor]: Zone=CLEAR
[image_processor-23] [INFO] [1777456521.847056071] [robot_2.image_processor]: Zone=CORNER  left[p=0.265 near=7650 v=7650]  front[p=0.336 near=13500 v=13500]  right[p=0.566 near=6138 v=7740]
[robot_supervisor-13] [INFO] [1777456521.847665231] [robot_2.robot_supervisor]: Detected zone changed to CORNER
[image_processor-22] [INFO] [1777456521.855908835] [robot_1.image_processor]: Zone=RIGHT
[image_processor-24] [INFO] [1777456521.875028594] [robot_3.image_processor]: Zone=LEFT  left[p=0.629 near=6330 v=7650]  front[p=0.904 near=0 v=10178]  right[p=2.992 near=0 v=4557]
[robot_supervisor-16] [INFO] [1777456521.875514391] [robot_3.robot_supervisor]: Detected zone changed to LEFT
[robot_supervisor-10] [INFO] [1777456521.892130721] [robot_1.robot_supervisor]: Selected controllable event: EV_rotate_counterclockwise
[robot_supervisor-10] [INFO] [1777456521.892499226] [robot_1.robot_supervisor]: rotate_90 blocked by recent completion; stopping this tick
[robot_supervisor-13] [INFO] [1777456521.909813272] [robot_2.robot_supervisor]: Selected controllable event: EV_move_backward
[robot_supervisor-19] [INFO] [1777456521.911896099] [robot_4.robot_supervisor]: Selected controllable event: EV_move_forward
[robot_supervisor-10] [INFO] [1777456521.992115528] [robot_1.robot_supervisor]: Selected controllable event: EV_rotate_counterclockwise
[robot_supervisor-10] [INFO] [1777456521.992470231] [robot_1.robot_supervisor]: rotate_90 blocked by recent completion; stopping this tick
[robot_supervisor-16] [INFO] [1777456522.006228759] [robot_3.robot_supervisor]: Selected controllable event: EV_rotate_clockwise
[robot_supervisor-16] [INFO] [1777456522.006670016] [robot_3.robot_supervisor]: rotate_90 blocked by recent completion; stopping this tick
[robot_supervisor-10] [INFO] [1777456522.092111697] [robot_1.robot_supervisor]: Selected controllable event: EV_rotate_counterclockwise
[robot_supervisor-16] [INFO] [1777456522.106241592] [robot_3.robot_supervisor]: Selected controllable event: EV_rotate_clockwise
[robot_supervisor-16] [INFO] [1777456522.106576342] [robot_3.robot_supervisor]: rotate_90 blocked by recent completion; stopping this tick
[robot_supervisor-16] [INFO] [1777456522.206082347] [robot_3.robot_supervisor]: Selected controllable event: EV_rotate_clockwise
[robot_supervisor-19] [INFO] [1777456522.211677609] [robot_4.robot_supervisor]: Selected controllable event: EV_move_forward
[robot_supervisor-13] [INFO] [1777456522.310071945] [robot_2.robot_supervisor]: Selected controllable event: EV_rotate_counterclockwise
[robot_supervisor-19] [INFO] [1777456522.511679658] [robot_4.robot_supervisor]: Selected controllable event: EV_move_forward
[robot_supervisor-19] [INFO] [1777456522.811740414] [robot_4.robot_supervisor]: Selected controllable event: EV_move_forward
[robot_supervisor-19] [INFO] [1777456523.111684405] [robot_4.robot_supervisor]: Selected controllable event: EV_move_forward
[robot_supervisor-7] [INFO] [1777456523.227402297] [robot_0.robot_supervisor]: Selected controllable event: EV_move_backward
[robot_supervisor-19] [INFO] [1777456523.411666991] [robot_4.robot_supervisor]: Selected controllable event: EV_move_forward
[robot_supervisor-7] [INFO] [1777456523.627740134] [robot_0.robot_supervisor]: Selected controllable event: EV_rotate_counterclockwise
[robot_supervisor-19] [INFO] [1777456523.711543108] [robot_4.robot_supervisor]: Selected controllable event: EV_move_forward
[robot_supervisor-19] [INFO] [1777456524.011470135] [robot_4.robot_supervisor]: Selected controllable event: EV_move_forward
[robot_supervisor-10] [INFO] [1777456524.292231146] [robot_1.robot_supervisor]: Selected controllable event: EV_rotate_counterclockwise
[robot_supervisor-10] [INFO] [1777456524.292587436] [robot_1.robot_supervisor]: rotate_90 blocked by recent completion; stopping this tick
[robot_supervisor-19] [INFO] [1777456524.311653037] [robot_4.robot_supervisor]: Selected controllable event: EV_move_forward
[image_processor-21] [INFO] [1777456524.325543471] [robot_0.image_processor]: Zone=LEFT  left[p=0.575 near=7500 v=7500]  front[p=0.816 near=668 v=9339]  right[p=2.784 near=0 v=4956]
[robot_supervisor-7] [INFO] [1777456524.326387585] [robot_0.robot_supervisor]: Detected zone changed to LEFT
[image_processor-25] [INFO] [1777456524.343873955] [robot_4.image_processor]: Zone=CLEAR
[image_processor-23] [INFO] [1777456524.353417029] [robot_2.image_processor]: Zone=LEFT  left[p=0.679 near=7322 v=7650]  front[p=0.880 near=85 v=13500]  right[p=1.718 near=0 v=7740]
[robot_supervisor-13] [INFO] [1777456524.354260292] [robot_2.robot_supervisor]: Detected zone changed to LEFT
[image_processor-22] [INFO] [1777456524.364801909] [robot_1.image_processor]: Zone=CORNER  left[p=0.446 near=7650 v=7650]  front[p=0.470 near=13500 v=13500]  right[p=0.505 near=7740 v=7740]
[robot_supervisor-10] [INFO] [1777456524.365623874] [robot_1.robot_supervisor]: Detected zone changed to CORNER
[image_processor-24] [INFO] [1777456524.373891535] [robot_3.image_processor]: Zone=CORNER  left[p=0.334 near=4956 v=6787]  front[p=0.360 near=13500 v=13500]  right[p=0.416 near=5448 v=7740]
[robot_supervisor-16] [INFO] [1777456524.374637291] [robot_3.robot_supervisor]: Detected zone changed to CORNER
[robot_supervisor-10] [INFO] [1777456524.392239138] [robot_1.robot_supervisor]: Selected controllable event: EV_move_backward
[robot_supervisor-16] [INFO] [1777456524.406263283] [robot_3.robot_supervisor]: Selected controllable event: EV_move_backward
[robot_supervisor-13] [INFO] [1777456524.509723569] [robot_2.robot_supervisor]: Selected controllable event: EV_rotate_clockwise
[robot_supervisor-13] [INFO] [1777456524.509978180] [robot_2.robot_supervisor]: rotate_90 blocked by recent completion; stopping this tick
[robot_supervisor-13] [INFO] [1777456524.609828649] [robot_2.robot_supervisor]: Selected controllable event: EV_rotate_clockwise
[robot_supervisor-13] [INFO] [1777456524.610215164] [robot_2.robot_supervisor]: rotate_90 blocked by recent completion; stopping this tick
[robot_supervisor-19] [INFO] [1777456524.611875348] [robot_4.robot_supervisor]: Selected controllable event: EV_move_forward
[robot_supervisor-13] [INFO] [1777456524.709830179] [robot_2.robot_supervisor]: Selected controllable event: EV_rotate_clockwise
[robot_supervisor-10] [INFO] [1777456524.792400377] [robot_1.robot_supervisor]: Selected controllable event: EV_rotate_counterclockwise
[robot_supervisor-16] [INFO] [1777456524.806231396] [robot_3.robot_supervisor]: Selected controllable event: EV_rotate_counterclockwise
[robot_supervisor-19] [INFO] [1777456524.911717536] [robot_4.robot_supervisor]: Selected controllable event: EV_move_forward
[robot_supervisor-19] [INFO] [1777456525.211746245] [robot_4.robot_supervisor]: Selected controllable event: EV_move_forward
[robot_supervisor-19] [INFO] [1777456525.511665089] [robot_4.robot_supervisor]: Selected controllable event: EV_move_forward
[robot_supervisor-19] [INFO] [1777456525.811963584] [robot_4.robot_supervisor]: Selected controllable event: EV_move_forward
[robot_supervisor-7] [INFO] [1777456525.827420765] [robot_0.robot_supervisor]: Selected controllable event: EV_rotate_clockwise
[robot_supervisor-7] [INFO] [1777456525.827717303] [robot_0.robot_supervisor]: rotate_90 blocked by recent completion; stopping this tick
[robot_supervisor-7] [INFO] [1777456525.927678808] [robot_0.robot_supervisor]: Selected controllable event: EV_rotate_clockwise
[robot_supervisor-7] [INFO] [1777456525.928140644] [robot_0.robot_supervisor]: rotate_90 blocked by recent completion; stopping this tick
[robot_supervisor-7] [INFO] [1777456526.027414081] [robot_0.robot_supervisor]: Selected controllable event: EV_rotate_clockwise
[robot_supervisor-19] [INFO] [1777456526.111978006] [robot_4.robot_supervisor]: Selected controllable event: EV_move_forward
[robot_supervisor-19] [INFO] [1777456526.411714336] [robot_4.robot_supervisor]: Selected controllable event: EV_move_forward
[robot_supervisor-19] [INFO] [1777456526.711688700] [robot_4.robot_supervisor]: Selected controllable event: EV_move_forward
[robot_supervisor-13] [INFO] [1777456526.809927995] [robot_2.robot_supervisor]: Selected controllable event: EV_rotate_clockwise
[robot_supervisor-13] [INFO] [1777456526.810314303] [robot_2.robot_supervisor]: rotate_90 blocked by recent completion; stopping this tick
[image_processor-21] [INFO] [1777456526.820104927] [robot_0.image_processor]: Zone=CORNER  left[p=0.610 near=3264 v=7650]  front[p=0.734 near=8739 v=12053]  right[p=0.970 near=0 v=5886]
[robot_supervisor-7] [INFO] [1777456526.820648442] [robot_0.robot_supervisor]: Detected zone changed to CORNER
[image_processor-25] [INFO] [1777456526.833768206] [robot_4.image_processor]: Zone=RIGHT  left[p=0.993 near=0 v=5934]  front[p=1.015 near=294 v=13500]  right[p=0.519 near=1221 v=7740]
[robot_supervisor-19] [INFO] [1777456526.834561553] [robot_4.robot_supervisor]: Detected zone changed to RIGHT
[image_processor-23] [INFO] [1777456526.846797906] [robot_2.image_processor]: Zone=CORNER  left[p=0.265 near=7650 v=7650]  front[p=0.335 near=13500 v=13500]  right[p=0.565 near=6161 v=7740]
[robot_supervisor-13] [INFO] [1777456526.847573196] [robot_2.robot_supervisor]: Detected zone changed to CORNER
[image_processor-22] [INFO] [1777456526.863472904] [robot_1.image_processor]: Zone=RIGHT  left[p=3.060 near=0 v=6234]  front[p=2.634 near=0 v=7152]  right[p=0.597 near=2550 v=6082]
[robot_supervisor-10] [INFO] [1777456526.864151584] [robot_1.robot_supervisor]: Detected zone changed to RIGHT
[image_processor-24] [INFO] [1777456526.885922300] [robot_3.image_processor]: Zone=LEFT  left[p=0.630 near=6202 v=7650]  front[p=0.910 near=0 v=10008]  right[p=2.992 near=0 v=4557]
[robot_supervisor-16] [INFO] [1777456526.886931520] [robot_3.robot_supervisor]: Detected zone changed to LEFT
[robot_supervisor-10] [INFO] [1777456526.892271254] [robot_1.robot_supervisor]: Selected controllable event: EV_rotate_counterclockwise
[robot_supervisor-10] [INFO] [1777456526.892621598] [robot_1.robot_supervisor]: rotate_90 blocked by recent completion; stopping this tick
[robot_supervisor-13] [INFO] [1777456526.909623614] [robot_2.robot_supervisor]: Selected controllable event: EV_move_backward
[robot_supervisor-10] [INFO] [1777456526.992208991] [robot_1.robot_supervisor]: Selected controllable event: EV_rotate_counterclockwise
[robot_supervisor-10] [INFO] [1777456526.992564577] [robot_1.robot_supervisor]: rotate_90 blocked by recent completion; stopping this tick
[robot_supervisor-16] [INFO] [1777456527.006243881] [robot_3.robot_supervisor]: Selected controllable event: EV_rotate_clockwise
[robot_supervisor-16] [INFO] [1777456527.006740110] [robot_3.robot_supervisor]: rotate_90 blocked by recent completion; stopping this tick
[robot_supervisor-19] [INFO] [1777456527.011574850] [robot_4.robot_supervisor]: Selected controllable event: EV_rotate_counterclockwise
[robot_supervisor-10] [INFO] [1777456527.092291560] [robot_1.robot_supervisor]: Selected controllable event: EV_rotate_counterclockwise
[robot_supervisor-10] [INFO] [1777456527.092669606] [robot_1.robot_supervisor]: rotate_90 blocked by recent completion; stopping this tick
[robot_supervisor-16] [INFO] [1777456527.106047084] [robot_3.robot_supervisor]: Selected controllable event: EV_rotate_clockwise
[robot_supervisor-16] [INFO] [1777456527.106578344] [robot_3.robot_supervisor]: rotate_90 blocked by recent completion; stopping this tick
[robot_supervisor-10] [INFO] [1777456527.192184127] [robot_1.robot_supervisor]: Selected controllable event: EV_rotate_counterclockwise
[robot_supervisor-16] [INFO] [1777456527.206064735] [robot_3.robot_supervisor]: Selected controllable event: EV_rotate_clockwise
[robot_supervisor-13] [INFO] [1777456527.309904270] [robot_2.robot_supervisor]: Selected controllable event: EV_rotate_counterclockwise
[robot_supervisor-7] [INFO] [1777456528.227680661] [robot_0.robot_supervisor]: Selected controllable event: EV_move_backward
[robot_supervisor-7] [INFO] [1777456528.627299898] [robot_0.robot_supervisor]: Selected controllable event: EV_rotate_counterclockwise
[robot_supervisor-19] [INFO] [1777456529.111773229] [robot_4.robot_supervisor]: Selected controllable event: EV_rotate_counterclockwise
[robot_supervisor-19] [INFO] [1777456529.112113119] [robot_4.robot_supervisor]: rotate_90 blocked by recent completion; stopping this tick
[robot_supervisor-19] [INFO] [1777456529.211517835] [robot_4.robot_supervisor]: Selected controllable event: EV_rotate_counterclockwise
[robot_supervisor-19] [INFO] [1777456529.211716007] [robot_4.robot_supervisor]: rotate_90 blocked by recent completion; stopping this tick
[robot_supervisor-19] [INFO] [1777456529.311967392] [robot_4.robot_supervisor]: Selected controllable event: EV_rotate_counterclockwise
[robot_supervisor-19] [INFO] [1777456529.312468927] [robot_4.robot_supervisor]: rotate_90 blocked by recent completion; stopping this tick
[image_processor-21] [INFO] [1777456529.320885893] [robot_0.image_processor]: Zone=LEFT  left[p=0.575 near=7503 v=7503]  front[p=0.815 near=685 v=9341]  right[p=2.784 near=0 v=4956]
[robot_supervisor-7] [INFO] [1777456529.321795475] [robot_0.robot_supervisor]: Detected zone changed to LEFT
[image_processor-25] [INFO] [1777456529.334371639] [robot_4.image_processor]: Zone=RIGHT
[image_processor-23] [INFO] [1777456529.343044063] [robot_2.image_processor]: Zone=LEFT  left[p=0.678 near=7330 v=7650]  front[p=0.880 near=88 v=13500]  right[p=1.717 near=0 v=7740]
[robot_supervisor-13] [INFO] [1777456529.343824438] [robot_2.robot_supervisor]: Detected zone changed to LEFT
[image_processor-22] [INFO] [1777456529.352782574] [robot_1.image_processor]: Zone=LEFT  left[p=0.757 near=2048 v=7650]  front[p=1.156 near=0 v=13367]  right[p=3.042 near=433 v=6947]
[robot_supervisor-10] [INFO] [1777456529.353489186] [robot_1.robot_supervisor]: Detected zone changed to LEFT
[image_processor-24] [INFO] [1777456529.364735505] [robot_3.image_processor]: Zone=CORNER  left[p=0.336 near=4699 v=6710]  front[p=0.359 near=13500 v=13500]  right[p=0.412 near=5711 v=7740]
[robot_supervisor-16] [INFO] [1777456529.365433364] [robot_3.robot_supervisor]: Detected zone changed to CORNER
[robot_supervisor-10] [INFO] [1777456529.392080322] [robot_1.robot_supervisor]: Selected controllable event: EV_rotate_clockwise
[robot_supervisor-10] [INFO] [1777456529.392478104] [robot_1.robot_supervisor]: rotate_90 blocked by recent completion; stopping this tick
[robot_supervisor-16] [INFO] [1777456529.406252838] [robot_3.robot_supervisor]: Selected controllable event: EV_move_backward
[robot_supervisor-19] [INFO] [1777456529.411534580] [robot_4.robot_supervisor]: Selected controllable event: EV_rotate_counterclockwise
[robot_supervisor-10] [INFO] [1777456529.492233786] [robot_1.robot_supervisor]: Selected controllable event: EV_rotate_clockwise
[robot_supervisor-10] [INFO] [1777456529.492707929] [robot_1.robot_supervisor]: rotate_90 blocked by recent completion; stopping this tick
[robot_supervisor-13] [INFO] [1777456529.509634259] [robot_2.robot_supervisor]: Selected controllable event: EV_rotate_clockwise
[robot_supervisor-13] [INFO] [1777456529.509798193] [robot_2.robot_supervisor]: rotate_90 blocked by recent completion; stopping this tick
[robot_supervisor-10] [INFO] [1777456529.592334302] [robot_1.robot_supervisor]: Selected controllable event: EV_rotate_clockwise
[robot_supervisor-13] [INFO] [1777456529.609825000] [robot_2.robot_supervisor]: Selected controllable event: EV_rotate_clockwise
[robot_supervisor-13] [INFO] [1777456529.610203488] [robot_2.robot_supervisor]: rotate_90 blocked by recent completion; stopping this tick
[robot_supervisor-13] [INFO] [1777456529.709562514] [robot_2.robot_supervisor]: Selected controllable event: EV_rotate_clockwise
[robot_supervisor-16] [INFO] [1777456529.806140133] [robot_3.robot_supervisor]: Selected controllable event: EV_rotate_counterclockwise
[robot_supervisor-7] [INFO] [1777456530.727666555] [robot_0.robot_supervisor]: Selected controllable event: EV_rotate_clockwise
[robot_supervisor-7] [INFO] [1777456530.728146400] [robot_0.robot_supervisor]: rotate_90 blocked by recent completion; stopping this tick
[robot_supervisor-7] [INFO] [1777456530.827206741] [robot_0.robot_supervisor]: Selected controllable event: EV_rotate_clockwise
[robot_supervisor-7] [INFO] [1777456530.827385909] [robot_0.robot_supervisor]: rotate_90 blocked by recent completion; stopping this tick
[robot_supervisor-7] [INFO] [1777456530.927395413] [robot_0.robot_supervisor]: Selected controllable event: EV_rotate_clockwise
[robot_supervisor-7] [INFO] [1777456530.927809836] [robot_0.robot_supervisor]: rotate_90 blocked by recent completion; stopping this tick
[robot_supervisor-7] [INFO] [1777456531.027388052] [robot_0.robot_supervisor]: Selected controllable event: EV_rotate_clockwise
[robot_supervisor-19] [INFO] [1777456531.611900153] [robot_4.robot_supervisor]: Selected controllable event: EV_rotate_counterclockwise
[robot_supervisor-19] [INFO] [1777456531.612378087] [robot_4.robot_supervisor]: rotate_90 blocked by recent completion; stopping this tick
[robot_supervisor-19] [INFO] [1777456531.712027468] [robot_4.robot_supervisor]: Selected controllable event: EV_rotate_counterclockwise
[robot_supervisor-19] [INFO] [1777456531.712514622] [robot_4.robot_supervisor]: rotate_90 blocked by recent completion; stopping this tick
[robot_supervisor-10] [INFO] [1777456531.792159591] [robot_1.robot_supervisor]: Selected controllable event: EV_rotate_clockwise
[robot_supervisor-10] [INFO] [1777456531.792662699] [robot_1.robot_supervisor]: rotate_90 blocked by recent completion; stopping this tick
[robot_supervisor-19] [INFO] [1777456531.812027998] [robot_4.robot_supervisor]: Selected controllable event: EV_rotate_counterclockwise
[image_processor-21] [INFO] [1777456531.820354595] [robot_0.image_processor]: Zone=CORNER  left[p=0.610 near=3275 v=7650]  front[p=0.733 near=8829 v=12064]  right[p=0.968 near=0 v=5887]
[robot_supervisor-7] [INFO] [1777456531.820943769] [robot_0.robot_supervisor]: Detected zone changed to CORNER
[image_processor-25] [INFO] [1777456531.830088519] [robot_4.image_processor]: Zone=CLEAR  left[p=0.922 near=0 v=7650]  front[p=1.537 near=0 v=12843]  right[p=2.843 near=0 v=7528]
[robot_supervisor-19] [INFO] [1777456531.831170305] [robot_4.robot_supervisor]: Detected zone changed to CLEAR
[image_processor-23] [INFO] [1777456531.840079030] [robot_2.image_processor]: Zone=CORNER  left[p=0.264 near=7650 v=7650]  front[p=0.334 near=13500 v=13500]  right[p=0.564 near=6183 v=7740]
[robot_supervisor-13] [INFO] [1777456531.840608691] [robot_2.robot_supervisor]: Detected zone changed to CORNER
[image_processor-22] [INFO] [1777456531.857686988] [robot_1.image_processor]: Zone=RIGHT  left[p=3.098 near=104 v=6257]  front[p=2.634 near=0 v=7190]  right[p=0.610 near=2021 v=5922]
[robot_supervisor-10] [INFO] [1777456531.858131298] [robot_1.robot_supervisor]: Detected zone changed to RIGHT
[image_processor-24] [INFO] [1777456531.876784653] [robot_3.image_processor]: Zone=LEFT  left[p=0.629 near=6300 v=7650]  front[p=0.905 near=0 v=10133]  right[p=2.992 near=0 v=4553]
[robot_supervisor-16] [INFO] [1777456531.877541395] [robot_3.robot_supervisor]: Detected zone changed to LEFT
[robot_supervisor-10] [INFO] [1777456531.891836511] [robot_1.robot_supervisor]: Selected controllable event: EV_rotate_counterclockwise
[robot_supervisor-10] [INFO] [1777456531.892016734] [robot_1.robot_supervisor]: rotate_90 blocked by recent completion; stopping this tick
[robot_supervisor-13] [INFO] [1777456531.909795901] [robot_2.robot_supervisor]: Selected controllable event: EV_move_backward
[robot_supervisor-10] [INFO] [1777456531.992109084] [robot_1.robot_supervisor]: Selected controllable event: EV_rotate_counterclockwise
[robot_supervisor-16] [INFO] [1777456532.006106911] [robot_3.robot_supervisor]: Selected controllable event: EV_rotate_clockwise
[robot_supervisor-16] [INFO] [1777456532.006590236] [robot_3.robot_supervisor]: rotate_90 blocked by recent completion; stopping this tick
[robot_supervisor-16] [INFO] [1777456532.106025963] [robot_3.robot_supervisor]: Selected controllable event: EV_rotate_clockwise
[robot_supervisor-16] [INFO] [1777456532.106387759] [robot_3.robot_supervisor]: rotate_90 blocked by recent completion; stopping this tick
[robot_supervisor-16] [INFO] [1777456532.206095432] [robot_3.robot_supervisor]: Selected controllable event: EV_rotate_clockwise
[robot_supervisor-13] [INFO] [1777456532.309903944] [robot_2.robot_supervisor]: Selected controllable event: EV_rotate_counterclockwise
[robot_supervisor-7] [INFO] [1777456533.227500995] [robot_0.robot_supervisor]: Selected controllable event: EV_move_backward
[robot_supervisor-7] [INFO] [1777456533.627236130] [robot_0.robot_supervisor]: Selected controllable event: EV_rotate_counterclockwise
[robot_supervisor-19] [INFO] [1777456533.912003810] [robot_4.robot_supervisor]: Selected controllable event: EV_move_forward
[robot_supervisor-10] [INFO] [1777456534.192160815] [robot_1.robot_supervisor]: Selected controllable event: EV_rotate_counterclockwise
[robot_supervisor-10] [INFO] [1777456534.192552512] [robot_1.robot_supervisor]: rotate_90 blocked by recent completion; stopping this tick
[robot_supervisor-19] [INFO] [1777456534.211460155] [robot_4.robot_supervisor]: Selected controllable event: EV_move_forward
[robot_supervisor-10] [INFO] [1777456534.291920327] [robot_1.robot_supervisor]: Selected controllable event: EV_rotate_counterclockwise
[robot_supervisor-10] [INFO] [1777456534.292153345] [robot_1.robot_supervisor]: rotate_90 blocked by recent completion; stopping this tick
[image_processor-21] [INFO] [1777456534.319543489] [robot_0.image_processor]: Zone=LEFT  left[p=0.574 near=7505 v=7505]  front[p=0.814 near=701 v=9341]  right[p=2.784 near=0 v=4955]
[robot_supervisor-7] [INFO] [1777456534.320772339] [robot_0.robot_supervisor]: Detected zone changed to LEFT
[image_processor-25] [INFO] [1777456534.331156044] [robot_4.image_processor]: Zone=CLEAR
[image_processor-23] [INFO] [1777456534.338931254] [robot_2.image_processor]: Zone=LEFT  left[p=0.677 near=7334 v=7650]  front[p=0.879 near=90 v=13500]  right[p=1.717 near=0 v=7740]
[robot_supervisor-13] [INFO] [1777456534.339721819] [robot_2.robot_supervisor]: Detected zone changed to LEFT
[image_processor-22] [INFO] [1777456534.350019813] [robot_1.image_processor]: Zone=RIGHT
[image_processor-24] [INFO] [1777456534.359799067] [robot_3.image_processor]: Zone=CORNER  left[p=0.336 near=4645 v=6695]  front[p=0.359 near=13500 v=13500]  right[p=0.412 near=5770 v=7740]
[robot_supervisor-16] [INFO] [1777456534.360462215] [robot_3.robot_supervisor]: Detected zone changed to CORNER
[robot_supervisor-10] [INFO] [1777456534.391983006] [robot_1.robot_supervisor]: Selected controllable event: EV_rotate_counterclockwise
[robot_supervisor-16] [INFO] [1777456534.406238762] [robot_3.robot_supervisor]: Selected controllable event: EV_move_backward
[robot_supervisor-13] [INFO] [1777456534.510049333] [robot_2.robot_supervisor]: Selected controllable event: EV_rotate_clockwise
[robot_supervisor-13] [INFO] [1777456534.510507453] [robot_2.robot_supervisor]: rotate_90 blocked by recent completion; stopping this tick
[robot_supervisor-19] [INFO] [1777456534.511445350] [robot_4.robot_supervisor]: Selected controllable event: EV_move_forward
[robot_supervisor-13] [INFO] [1777456534.610099516] [robot_2.robot_supervisor]: Selected controllable event: EV_rotate_clockwise
[robot_supervisor-13] [INFO] [1777456534.610578422] [robot_2.robot_supervisor]: rotate_90 blocked by recent completion; stopping this tick
[robot_supervisor-13] [INFO] [1777456534.710102630] [robot_2.robot_supervisor]: Selected controllable event: EV_rotate_clockwise
[robot_supervisor-16] [INFO] [1777456534.806156242] [robot_3.robot_supervisor]: Selected controllable event: EV_rotate_counterclockwise
[robot_supervisor-19] [INFO] [1777456534.811708980] [robot_4.robot_supervisor]: Selected controllable event: EV_move_forward
[robot_supervisor-19] [INFO] [1777456535.111788651] [robot_4.robot_supervisor]: Selected controllable event: EV_move_forward
[robot_supervisor-19] [INFO] [1777456535.411695235] [robot_4.robot_supervisor]: Selected controllable event: EV_move_forward
[robot_supervisor-19] [INFO] [1777456535.711930351] [robot_4.robot_supervisor]: Selected controllable event: EV_move_forward
[robot_supervisor-7] [INFO] [1777456535.827650655] [robot_0.robot_supervisor]: Selected controllable event: EV_rotate_clockwise
[robot_supervisor-7] [INFO] [1777456535.828266422] [robot_0.robot_supervisor]: rotate_90 blocked by recent completion; stopping this tick
[robot_supervisor-7] [INFO] [1777456535.927425999] [robot_0.robot_supervisor]: Selected controllable event: EV_rotate_clockwise
[robot_supervisor-7] [INFO] [1777456535.927896389] [robot_0.robot_supervisor]: rotate_90 blocked by recent completion; stopping this tick
[robot_supervisor-19] [INFO] [1777456536.011525294] [robot_4.robot_supervisor]: Selected controllable event: EV_move_forward
[robot_supervisor-7] [INFO] [1777456536.027601548] [robot_0.robot_supervisor]: Selected controllable event: EV_rotate_clockwise
[robot_supervisor-19] [INFO] [1777456536.311708110] [robot_4.robot_supervisor]: Selected controllable event: EV_move_forward
[robot_supervisor-10] [INFO] [1777456536.592121245] [robot_1.robot_supervisor]: Selected controllable event: EV_rotate_counterclockwise
[robot_supervisor-10] [INFO] [1777456536.592484772] [robot_1.robot_supervisor]: rotate_90 blocked by recent completion; stopping this tick
[robot_supervisor-19] [INFO] [1777456536.611416473] [robot_4.robot_supervisor]: Selected controllable event: EV_move_forward
[robot_supervisor-10] [INFO] [1777456536.692035560] [robot_1.robot_supervisor]: Selected controllable event: EV_rotate_counterclockwise
[robot_supervisor-10] [INFO] [1777456536.692399197] [robot_1.robot_supervisor]: rotate_90 blocked by recent completion; stopping this tick
[robot_supervisor-10] [INFO] [1777456536.792069165] [robot_1.robot_supervisor]: Selected controllable event: EV_rotate_counterclockwise
[robot_supervisor-13] [INFO] [1777456536.809641243] [robot_2.robot_supervisor]: Selected controllable event: EV_rotate_clockwise
[robot_supervisor-13] [INFO] [1777456536.809831384] [robot_2.robot_supervisor]: rotate_90 blocked by recent completion; stopping this tick
[image_processor-21] [INFO] [1777456536.822107213] [robot_0.image_processor]: Zone=CORNER  left[p=0.622 near=3214 v=7650]  front[p=0.732 near=8856 v=12047]  right[p=0.996 near=0 v=5844]
[robot_supervisor-7] [INFO] [1777456536.822878597] [robot_0.robot_supervisor]: Detected zone changed to CORNER
[image_processor-25] [INFO] [1777456536.829348538] [robot_4.image_processor]: Zone=CORNER  left[p=0.869 near=13 v=7650]  front[p=0.551 near=12198 v=13500]  right[p=0.444 near=7740 v=7740]
[robot_supervisor-19] [INFO] [1777456536.830061000] [robot_4.robot_supervisor]: Detected zone changed to CORNER
[image_processor-23] [INFO] [1777456536.840223304] [robot_2.image_processor]: Zone=CORNER  left[p=0.264 near=7650 v=7650]  front[p=0.334 near=13500 v=13500]  right[p=0.563 near=6206 v=7740]
[robot_supervisor-13] [INFO] [1777456536.840765868] [robot_2.robot_supervisor]: Detected zone changed to CORNER
[image_processor-22] [INFO] [1777456536.848939945] [robot_1.image_processor]: Zone=LEFT  left[p=0.611 near=4192 v=7650]  front[p=0.955 near=0 v=13500]  right[p=0.720 near=4110 v=7740]
[robot_supervisor-10] [INFO] [1777456536.849647142] [robot_1.robot_supervisor]: Detected zone changed to LEFT
[image_processor-24] [INFO] [1777456536.866511291] [robot_3.image_processor]: Zone=LEFT  left[p=0.629 near=6254 v=7650]  front[p=0.908 near=0 v=10058]  right[p=2.992 near=0 v=4558]
[robot_supervisor-16] [INFO] [1777456536.867240839] [robot_3.robot_supervisor]: Detected zone changed to LEFT
[robot_supervisor-16] [INFO] [1777456536.906345233] [robot_3.robot_supervisor]: Selected controllable event: EV_rotate_clockwise
[robot_supervisor-16] [INFO] [1777456536.906839213] [robot_3.robot_supervisor]: rotate_90 blocked by recent completion; stopping this tick
[robot_supervisor-13] [INFO] [1777456536.909898959] [robot_2.robot_supervisor]: Selected controllable event: EV_move_backward
[robot_supervisor-19] [INFO] [1777456536.911925945] [robot_4.robot_supervisor]: Selected controllable event: EV_move_backward
[robot_supervisor-16] [INFO] [1777456537.006259818] [robot_3.robot_supervisor]: Selected controllable event: EV_rotate_clockwise
[robot_supervisor-16] [INFO] [1777456537.006618785] [robot_3.robot_supervisor]: rotate_90 blocked by recent completion; stopping this tick
[robot_supervisor-16] [INFO] [1777456537.106238326] [robot_3.robot_supervisor]: Selected controllable event: EV_rotate_clockwise
[robot_supervisor-16] [INFO] [1777456537.106678151] [robot_3.robot_supervisor]: rotate_90 blocked by recent completion; stopping this tick
[robot_supervisor-16] [INFO] [1777456537.206204242] [robot_3.robot_supervisor]: Selected controllable event: EV_rotate_clockwise
[robot_supervisor-13] [INFO] [1777456537.310070540] [robot_2.robot_supervisor]: Selected controllable event: EV_rotate_counterclockwise
[robot_supervisor-19] [INFO] [1777456537.311598151] [robot_4.robot_supervisor]: Selected controllable event: EV_rotate_counterclockwise
[robot_supervisor-7] [INFO] [1777456538.227336391] [robot_0.robot_supervisor]: Selected controllable event: EV_move_backward
[bump_counter-3] [INFO] [1777456538.248797420] [bump_counter]: [global] bump #10 (robot) with: robot_1<->robot_4
[robot_supervisor-7] [INFO] [1777456538.627771368] [robot_0.robot_supervisor]: Selected controllable event: EV_rotate_counterclockwise
[robot_supervisor-10] [INFO] [1777456538.892391501] [robot_1.robot_supervisor]: Selected controllable event: EV_rotate_clockwise
[robot_supervisor-10] [INFO] [1777456538.892876395] [robot_1.robot_supervisor]: rotate_90 blocked by recent completion; stopping this tick
[robot_supervisor-10] [INFO] [1777456538.992048973] [robot_1.robot_supervisor]: Selected controllable event: EV_rotate_clockwise
[robot_supervisor-10] [INFO] [1777456538.992402219] [robot_1.robot_supervisor]: rotate_90 blocked by recent completion; stopping this tick
[robot_supervisor-10] [INFO] [1777456539.092019967] [robot_1.robot_supervisor]: Selected controllable event: EV_rotate_clockwise
[robot_supervisor-10] [INFO] [1777456539.092374697] [robot_1.robot_supervisor]: rotate_90 blocked by recent completion; stopping this tick
[robot_supervisor-10] [INFO] [1777456539.192163697] [robot_1.robot_supervisor]: Selected controllable event: EV_rotate_clockwise
[robot_supervisor-16] [INFO] [1777456539.306085293] [robot_3.robot_supervisor]: Selected controllable event: EV_rotate_clockwise
[robot_supervisor-16] [INFO] [1777456539.306461363] [robot_3.robot_supervisor]: rotate_90 blocked by recent completion; stopping this tick
[image_processor-21] [INFO] [1777456539.319925466] [robot_0.image_processor]: Zone=LEFT  left[p=0.573 near=7498 v=7498]  front[p=0.820 near=609 v=9300]  right[p=2.784 near=0 v=4958]
[robot_supervisor-7] [INFO] [1777456539.321054685] [robot_0.robot_supervisor]: Detected zone changed to LEFT
[image_processor-25] [INFO] [1777456539.334187785] [robot_4.image_processor]: Zone=CLEAR  left[p=0.992 near=580 v=7500]  front[p=1.075 near=788 v=13500]  right[p=1.179 near=0 v=7740]
[robot_supervisor-19] [INFO] [1777456539.334984877] [robot_4.robot_supervisor]: Detected zone changed to CLEAR
[image_processor-23] [INFO] [1777456539.342622360] [robot_2.image_processor]: Zone=LEFT  left[p=0.677 near=7345 v=7650]  front[p=0.879 near=94 v=13500]  right[p=1.716 near=0 v=7740]
[robot_supervisor-13] [INFO] [1777456539.343326883] [robot_2.robot_supervisor]: Detected zone changed to LEFT
[image_processor-22] [INFO] [1777456539.355182663] [robot_1.image_processor]: Zone=CORNER  left[p=0.519 near=7650 v=7650]  front[p=0.472 near=13500 v=13500]  right[p=0.442 near=7740 v=7740]
[robot_supervisor-10] [INFO] [1777456539.355892574] [robot_1.robot_supervisor]: Detected zone changed to CORNER
[image_processor-24] [INFO] [1777456539.363533154] [robot_3.image_processor]: Zone=CORNER  left[p=0.334 near=4872 v=6764]  front[p=0.359 near=13500 v=13500]  right[p=0.415 near=5550 v=7740]
[robot_supervisor-16] [INFO] [1777456539.363954025] [robot_3.robot_supervisor]: Detected zone changed to CORNER
[robot_supervisor-16] [INFO] [1777456539.406050465] [robot_3.robot_supervisor]: Selected controllable event: EV_move_backward
[robot_supervisor-13] [INFO] [1777456539.409866845] [robot_2.robot_supervisor]: Selected controllable event: EV_rotate_clockwise
[robot_supervisor-13] [INFO] [1777456539.410244138] [robot_2.robot_supervisor]: rotate_90 blocked by recent completion; stopping this tick
[robot_supervisor-19] [INFO] [1777456539.411637293] [robot_4.robot_supervisor]: Selected controllable event: EV_move_forward
[robot_supervisor-13] [INFO] [1777456539.509843219] [robot_2.robot_supervisor]: Selected controllable event: EV_rotate_clockwise
[robot_supervisor-13] [INFO] [1777456539.510186399] [robot_2.robot_supervisor]: rotate_90 blocked by recent completion; stopping this tick
[robot_supervisor-13] [INFO] [1777456539.609738353] [robot_2.robot_supervisor]: Selected controllable event: EV_rotate_clockwise
[robot_supervisor-13] [INFO] [1777456539.609988505] [robot_2.robot_supervisor]: rotate_90 blocked by recent completion; stopping this tick
[robot_supervisor-13] [INFO] [1777456539.709935589] [robot_2.robot_supervisor]: Selected controllable event: EV_rotate_clockwise
[robot_supervisor-19] [INFO] [1777456539.711574923] [robot_4.robot_supervisor]: Selected controllable event: EV_move_forward
[robot_supervisor-16] [INFO] [1777456539.806242128] [robot_3.robot_supervisor]: Selected controllable event: EV_rotate_counterclockwise
[bump_counter-3] [INFO] [1777456539.847165567] [bump_counter]: [global] bump #11 (robot) with: robot_1<->robot_4
[robot_supervisor-19] [INFO] [1777456540.011680288] [robot_4.robot_supervisor]: Selected controllable event: EV_move_forward
[robot_supervisor-19] [INFO] [1777456540.311958127] [robot_4.robot_supervisor]: Selected controllable event: EV_move_forward
[robot_supervisor-19] [INFO] [1777456540.611440817] [robot_4.robot_supervisor]: Selected controllable event: EV_move_forward
[robot_supervisor-7] [INFO] [1777456540.727733046] [robot_0.robot_supervisor]: Selected controllable event: EV_rotate_clockwise
[robot_supervisor-7] [INFO] [1777456540.728256028] [robot_0.robot_supervisor]: rotate_90 blocked by recent completion; stopping this tick
[robot_supervisor-7] [INFO] [1777456540.827808818] [robot_0.robot_supervisor]: Selected controllable event: EV_rotate_clockwise
[robot_supervisor-7] [INFO] [1777456540.828251684] [robot_0.robot_supervisor]: rotate_90 blocked by recent completion; stopping this tick
[robot_supervisor-19] [INFO] [1777456540.911626859] [robot_4.robot_supervisor]: Selected controllable event: EV_move_forward
[robot_supervisor-7] [INFO] [1777456540.927538464] [robot_0.robot_supervisor]: Selected controllable event: EV_rotate_clockwise
[robot_supervisor-7] [INFO] [1777456540.927894496] [robot_0.robot_supervisor]: rotate_90 blocked by recent completion; stopping this tick
[robot_supervisor-7] [INFO] [1777456541.027502284] [robot_0.robot_supervisor]: Selected controllable event: EV_rotate_clockwise
[robot_supervisor-19] [INFO] [1777456541.211580906] [robot_4.robot_supervisor]: Selected controllable event: EV_move_forward
[robot_supervisor-10] [INFO] [1777456541.292251067] [robot_1.robot_supervisor]: Selected controllable event: EV_move_backward
[robot_supervisor-19] [INFO] [1777456541.511514218] [robot_4.robot_supervisor]: Selected controllable event: EV_move_forward
[robot_supervisor-10] [INFO] [1777456541.692085159] [robot_1.robot_supervisor]: Selected controllable event: EV_rotate_counterclockwise
[robot_supervisor-13] [INFO] [1777456541.809873979] [robot_2.robot_supervisor]: Selected controllable event: EV_rotate_clockwise
[robot_supervisor-13] [INFO] [1777456541.810145821] [robot_2.robot_supervisor]: rotate_90 blocked by recent completion; stopping this tick
[robot_supervisor-19] [INFO] [1777456541.811910347] [robot_4.robot_supervisor]: Selected controllable event: EV_move_forward
[image_processor-21] [INFO] [1777456541.819995143] [robot_0.image_processor]: Zone=CORNER  left[p=0.622 near=3223 v=7650]  front[p=0.731 near=8928 v=12056]  right[p=0.994 near=0 v=5844]
[robot_supervisor-7] [INFO] [1777456541.820782829] [robot_0.robot_supervisor]: Detected zone changed to CORNER
[image_processor-25] [INFO] [1777456541.834732630] [robot_4.image_processor]: Zone=CLEAR
[image_processor-23] [INFO] [1777456541.845717436] [robot_2.image_processor]: Zone=CORNER  left[p=0.263 near=7650 v=7650]  front[p=0.333 near=13500 v=13500]  right[p=0.562 near=6228 v=7740]
[robot_supervisor-13] [INFO] [1777456541.846453538] [robot_2.robot_supervisor]: Detected zone changed to CORNER
[image_processor-22] [INFO] [1777456541.857035686] [robot_1.image_processor]: Zone=CORNER
[image_processor-24] [INFO] [1777456541.874951121] [robot_3.image_processor]: Zone=LEFT  left[p=0.630 near=6170 v=7650]  front[p=0.912 near=0 v=9921]  right[p=2.992 near=0 v=4574]
[robot_supervisor-16] [INFO] [1777456541.875684636] [robot_3.robot_supervisor]: Detected zone changed to LEFT
[robot_supervisor-16] [INFO] [1777456541.906192103] [robot_3.robot_supervisor]: Selected controllable event: EV_rotate_clockwise
[robot_supervisor-16] [INFO] [1777456541.906544064] [robot_3.robot_supervisor]: rotate_90 blocked by recent completion; stopping this tick
[robot_supervisor-13] [INFO] [1777456541.909859807] [robot_2.robot_supervisor]: Selected controllable event: EV_move_backward
[bump_counter-3] [INFO] [1777456541.968343360] [bump_counter]: [global] bump #12 (obstacle) with: box2::link::collision
[robot_supervisor-16] [INFO] [1777456542.006033288] [robot_3.robot_supervisor]: Selected controllable event: EV_rotate_clockwise
[robot_supervisor-16] [INFO] [1777456542.006425382] [robot_3.robot_supervisor]: rotate_90 blocked by recent completion; stopping this tick
[robot_supervisor-16] [INFO] [1777456542.106060635] [robot_3.robot_supervisor]: Selected controllable event: EV_rotate_clockwise
[robot_supervisor-16] [INFO] [1777456542.106537201] [robot_3.robot_supervisor]: rotate_90 blocked by recent completion; stopping this tick
[robot_supervisor-19] [INFO] [1777456542.111469003] [robot_4.robot_supervisor]: Selected controllable event: EV_move_forward
[robot_supervisor-16] [INFO] [1777456542.206043740] [robot_3.robot_supervisor]: Selected controllable event: EV_rotate_clockwise
[robot_supervisor-13] [INFO] [1777456542.309889328] [robot_2.robot_supervisor]: Selected controllable event: EV_rotate_counterclockwise
[robot_supervisor-19] [INFO] [1777456542.411564857] [robot_4.robot_supervisor]: Selected controllable event: EV_move_forward
[robot_supervisor-19] [INFO] [1777456542.711742544] [robot_4.robot_supervisor]: Selected controllable event: EV_move_forward
[robot_supervisor-19] [INFO] [1777456543.011479753] [robot_4.robot_supervisor]: Selected controllable event: EV_move_forward
[robot_supervisor-7] [INFO] [1777456543.227434833] [robot_0.robot_supervisor]: Selected controllable event: EV_move_backward
[robot_supervisor-19] [INFO] [1777456543.311553825] [robot_4.robot_supervisor]: Selected controllable event: EV_move_forward
[robot_supervisor-19] [INFO] [1777456543.611677792] [robot_4.robot_supervisor]: Selected controllable event: EV_move_forward
[robot_supervisor-7] [INFO] [1777456543.627397827] [robot_0.robot_supervisor]: Selected controllable event: EV_rotate_counterclockwise
[robot_supervisor-10] [INFO] [1777456543.792347192] [robot_1.robot_supervisor]: Selected controllable event: EV_full_rotate
[robot_supervisor-10] [INFO] [1777456543.792728722] [robot_1.robot_supervisor]: Starting FULL ROTATE (omega=1.000, have_odom=True, target_rad=3.142, timeout_s=3.500)
[robot_supervisor-10] [INFO] [1777456543.891832212] [robot_1.robot_supervisor]: FULL ROTATE active (accum_rad=0.000, timed_fallback=False, stall_count=0)
[robot_supervisor-19] [INFO] [1777456543.911484603] [robot_4.robot_supervisor]: Selected controllable event: EV_move_forward
[robot_supervisor-10] [INFO] [1777456543.992332339] [robot_1.robot_supervisor]: FULL ROTATE active (accum_rad=0.018, timed_fallback=False, stall_count=0)
[robot_supervisor-10] [INFO] [1777456544.091861034] [robot_1.robot_supervisor]: FULL ROTATE active (accum_rad=0.063, timed_fallback=False, stall_count=0)
[robot_supervisor-10] [INFO] [1777456544.191959842] [robot_1.robot_supervisor]: FULL ROTATE active (accum_rad=0.137, timed_fallback=False, stall_count=0)
[robot_supervisor-19] [INFO] [1777456544.211749480] [robot_4.robot_supervisor]: Selected controllable event: EV_move_forward
[robot_supervisor-10] [INFO] [1777456544.292031917] [robot_1.robot_supervisor]: FULL ROTATE active (accum_rad=0.235, timed_fallback=False, stall_count=0)
[image_processor-21] [INFO] [1777456544.326873025] [robot_0.image_processor]: Zone=LEFT  left[p=0.573 near=7500 v=7500]  front[p=0.819 near=626 v=9301]  right[p=2.784 near=0 v=4958]
[robot_supervisor-7] [INFO] [1777456544.328146157] [robot_0.robot_supervisor]: Detected zone changed to LEFT
[image_processor-25] [INFO] [1777456544.343000359] [robot_4.image_processor]: Zone=CORNER  left[p=2.792 near=0 v=4776]  front[p=0.464 near=4933 v=10285]  right[p=0.444 near=7740 v=7740]
[robot_supervisor-19] [INFO] [1777456544.343498455] [robot_4.robot_supervisor]: Detected zone changed to CORNER
[image_processor-23] [INFO] [1777456544.350568735] [robot_2.image_processor]: Zone=LEFT  left[p=0.676 near=7348 v=7650]  front[p=0.879 near=95 v=13500]  right[p=1.715 near=0 v=7740]
[robot_supervisor-13] [INFO] [1777456544.351363131] [robot_2.robot_supervisor]: Detected zone changed to LEFT
[image_processor-22] [INFO] [1777456544.358041959] [robot_1.image_processor]: Zone=CORNER
[image_processor-24] [INFO] [1777456544.368308159] [robot_3.image_processor]: Zone=CORNER  left[p=0.333 near=4867 v=6764]  front[p=0.358 near=13500 v=13500]  right[p=0.414 near=5552 v=7740]
[robot_supervisor-16] [INFO] [1777456544.368848897] [robot_3.robot_supervisor]: Detected zone changed to CORNER
[robot_supervisor-10] [INFO] [1777456544.392045213] [robot_1.robot_supervisor]: FULL ROTATE active (accum_rad=0.335, timed_fallback=False, stall_count=0)
[robot_supervisor-16] [INFO] [1777456544.406002293] [robot_3.robot_supervisor]: Selected controllable event: EV_move_backward
[robot_supervisor-13] [INFO] [1777456544.409843312] [robot_2.robot_supervisor]: Selected controllable event: EV_rotate_clockwise
[robot_supervisor-13] [INFO] [1777456544.410192825] [robot_2.robot_supervisor]: rotate_90 blocked by recent completion; stopping this tick
[robot_supervisor-10] [INFO] [1777456544.492140451] [robot_1.robot_supervisor]: FULL ROTATE active (accum_rad=0.435, timed_fallback=False, stall_count=0)
[robot_supervisor-13] [INFO] [1777456544.509608208] [robot_2.robot_supervisor]: Selected controllable event: EV_rotate_clockwise
[robot_supervisor-13] [INFO] [1777456544.509775607] [robot_2.robot_supervisor]: rotate_90 blocked by recent completion; stopping this tick
[robot_supervisor-19] [INFO] [1777456544.511661818] [robot_4.robot_supervisor]: Selected controllable event: EV_move_backward
[robot_supervisor-10] [INFO] [1777456544.591988322] [robot_1.robot_supervisor]: FULL ROTATE active (accum_rad=0.535, timed_fallback=False, stall_count=0)
[robot_supervisor-13] [INFO] [1777456544.610104673] [robot_2.robot_supervisor]: Selected controllable event: EV_rotate_clockwise
[robot_supervisor-13] [INFO] [1777456544.610578174] [robot_2.robot_supervisor]: rotate_90 blocked by recent completion; stopping this tick
[robot_supervisor-10] [INFO] [1777456544.692029957] [robot_1.robot_supervisor]: FULL ROTATE active (accum_rad=0.635, timed_fallback=False, stall_count=0)
[robot_supervisor-13] [INFO] [1777456544.710162438] [robot_2.robot_supervisor]: Selected controllable event: EV_rotate_clockwise
[robot_supervisor-10] [INFO] [1777456544.791977059] [robot_1.robot_supervisor]: FULL ROTATE active (accum_rad=0.735, timed_fallback=False, stall_count=0)
[robot_supervisor-16] [INFO] [1777456544.806090360] [robot_3.robot_supervisor]: Selected controllable event: EV_rotate_counterclockwise
[robot_supervisor-10] [INFO] [1777456544.892071070] [robot_1.robot_supervisor]: FULL ROTATE active (accum_rad=0.835, timed_fallback=False, stall_count=0)
[robot_supervisor-19] [INFO] [1777456544.911816080] [robot_4.robot_supervisor]: Selected controllable event: EV_rotate_counterclockwise
[robot_supervisor-10] [INFO] [1777456544.991782555] [robot_1.robot_supervisor]: FULL ROTATE active (accum_rad=0.935, timed_fallback=False, stall_count=0)
[robot_supervisor-10] [INFO] [1777456545.091770801] [robot_1.robot_supervisor]: FULL ROTATE active (accum_rad=1.035, timed_fallback=False, stall_count=0)
[robot_supervisor-10] [INFO] [1777456545.191988979] [robot_1.robot_supervisor]: FULL ROTATE active (accum_rad=1.135, timed_fallback=False, stall_count=0)
[robot_supervisor-10] [INFO] [1777456545.292179358] [robot_1.robot_supervisor]: FULL ROTATE active (accum_rad=1.235, timed_fallback=False, stall_count=0)
[robot_supervisor-10] [INFO] [1777456545.392075453] [robot_1.robot_supervisor]: FULL ROTATE active (accum_rad=1.335, timed_fallback=False, stall_count=0)
[robot_supervisor-10] [INFO] [1777456545.492068181] [robot_1.robot_supervisor]: FULL ROTATE active (accum_rad=1.435, timed_fallback=False, stall_count=0)
[robot_supervisor-10] [INFO] [1777456545.591946200] [robot_1.robot_supervisor]: FULL ROTATE active (accum_rad=1.535, timed_fallback=False, stall_count=0)
[robot_supervisor-10] [INFO] [1777456545.691952413] [robot_1.robot_supervisor]: FULL ROTATE active (accum_rad=1.635, timed_fallback=False, stall_count=0)
[robot_supervisor-10] [INFO] [1777456545.791788925] [robot_1.robot_supervisor]: FULL ROTATE active (accum_rad=1.735, timed_fallback=False, stall_count=0)
[robot_supervisor-7] [INFO] [1777456545.827303852] [robot_0.robot_supervisor]: Selected controllable event: EV_rotate_clockwise
[robot_supervisor-7] [INFO] [1777456545.827614424] [robot_0.robot_supervisor]: rotate_90 blocked by recent completion; stopping this tick
[robot_supervisor-10] [INFO] [1777456545.892042155] [robot_1.robot_supervisor]: FULL ROTATE active (accum_rad=1.835, timed_fallback=False, stall_count=0)
[robot_supervisor-7] [INFO] [1777456545.927617725] [robot_0.robot_supervisor]: Selected controllable event: EV_rotate_clockwise
[robot_supervisor-7] [INFO] [1777456545.928095796] [robot_0.robot_supervisor]: rotate_90 blocked by recent completion; stopping this tick
[robot_supervisor-10] [INFO] [1777456545.992217248] [robot_1.robot_supervisor]: FULL ROTATE active (accum_rad=1.935, timed_fallback=False, stall_count=0)
[robot_supervisor-7] [INFO] [1777456546.027564246] [robot_0.robot_supervisor]: Selected controllable event: EV_rotate_clockwise
[robot_supervisor-10] [INFO] [1777456546.092159089] [robot_1.robot_supervisor]: FULL ROTATE active (accum_rad=2.035, timed_fallback=False, stall_count=0)
[bump_counter-3] [INFO] [1777456546.147538069] [bump_counter]: [global] bump #13 (obstacle) with: box2::link::collision
[robot_supervisor-10] [INFO] [1777456546.192149482] [robot_1.robot_supervisor]: FULL ROTATE active (accum_rad=2.135, timed_fallback=False, stall_count=0)
[robot_supervisor-10] [INFO] [1777456546.291771997] [robot_1.robot_supervisor]: FULL ROTATE active (accum_rad=2.235, timed_fallback=False, stall_count=0)
[robot_supervisor-10] [INFO] [1777456546.392298999] [robot_1.robot_supervisor]: FULL ROTATE active (accum_rad=2.335, timed_fallback=False, stall_count=0)
[robot_supervisor-10] [INFO] [1777456546.492173709] [robot_1.robot_supervisor]: FULL ROTATE active (accum_rad=2.435, timed_fallback=False, stall_count=0)
[robot_supervisor-10] [INFO] [1777456546.592075202] [robot_1.robot_supervisor]: FULL ROTATE active (accum_rad=2.535, timed_fallback=False, stall_count=0)
[robot_supervisor-10] [INFO] [1777456546.691975579] [robot_1.robot_supervisor]: FULL ROTATE active (accum_rad=2.635, timed_fallback=False, stall_count=0)
[robot_supervisor-10] [INFO] [1777456546.792240040] [robot_1.robot_supervisor]: FULL ROTATE active (accum_rad=2.735, timed_fallback=False, stall_count=0)
[robot_supervisor-13] [INFO] [1777456546.809776961] [robot_2.robot_supervisor]: Selected controllable event: EV_rotate_clockwise
[robot_supervisor-13] [INFO] [1777456546.810099339] [robot_2.robot_supervisor]: rotate_90 blocked by recent completion; stopping this tick
[image_processor-21] [INFO] [1777456546.821648037] [robot_0.image_processor]: Zone=CORNER  left[p=0.622 near=3231 v=7650]  front[p=0.730 near=8989 v=12058]  right[p=0.991 near=0 v=5845]
[robot_supervisor-7] [INFO] [1777456546.822495495] [robot_0.robot_supervisor]: Detected zone changed to CORNER
[image_processor-25] [INFO] [1777456546.835816828] [robot_4.image_processor]: Zone=CLEAR  left[p=1.473 near=0 v=7650]  front[p=3.038 near=0 v=10455]  right[p=3.037 near=0 v=5195]
[robot_supervisor-19] [INFO] [1777456546.836547414] [robot_4.robot_supervisor]: Detected zone changed to CLEAR
[image_processor-23] [INFO] [1777456546.847311074] [robot_2.image_processor]: Zone=CORNER  left[p=0.263 near=7650 v=7650]  front[p=0.333 near=13500 v=13500]  right[p=0.561 near=6251 v=7740]
[robot_supervisor-13] [INFO] [1777456546.848006212] [robot_2.robot_supervisor]: Detected zone changed to CORNER
[image_processor-22] [INFO] [1777456546.862396874] [robot_1.image_processor]: Zone=CLEAR  left[p=2.076 near=0 v=7612]  front[p=3.246 near=0 v=10660]  right[p=2.993 near=0 v=5559]
[robot_supervisor-10] [INFO] [1777456546.863359455] [robot_1.robot_supervisor]: Detected zone changed to CLEAR
[image_processor-24] [INFO] [1777456546.881005593] [robot_3.image_processor]: Zone=LEFT  left[p=0.629 near=6232 v=7650]  front[p=0.909 near=0 v=10012]  right[p=2.991 near=0 v=4561]
[robot_supervisor-16] [INFO] [1777456546.881723685] [robot_3.robot_supervisor]: Detected zone changed to LEFT
[robot_supervisor-10] [INFO] [1777456546.892243123] [robot_1.robot_supervisor]: FULL ROTATE active (accum_rad=2.835, timed_fallback=False, stall_count=0)
[robot_supervisor-16] [INFO] [1777456546.906113672] [robot_3.robot_supervisor]: Selected controllable event: EV_rotate_clockwise
[robot_supervisor-16] [INFO] [1777456546.906474546] [robot_3.robot_supervisor]: rotate_90 blocked by recent completion; stopping this tick
[robot_supervisor-13] [INFO] [1777456546.909612470] [robot_2.robot_supervisor]: Selected controllable event: EV_move_backward
[robot_supervisor-10] [INFO] [1777456546.991894873] [robot_1.robot_supervisor]: FULL ROTATE active (accum_rad=2.935, timed_fallback=False, stall_count=0)
[robot_supervisor-16] [INFO] [1777456547.006041315] [robot_3.robot_supervisor]: Selected controllable event: EV_rotate_clockwise
[robot_supervisor-16] [INFO] [1777456547.006411359] [robot_3.robot_supervisor]: rotate_90 blocked by recent completion; stopping this tick
[robot_supervisor-10] [INFO] [1777456547.091828849] [robot_1.robot_supervisor]: FULL ROTATE active (accum_rad=3.035, timed_fallback=False, stall_count=0)
[robot_supervisor-16] [INFO] [1777456547.106036365] [robot_3.robot_supervisor]: Selected controllable event: EV_rotate_clockwise
[robot_supervisor-16] [INFO] [1777456547.106402273] [robot_3.robot_supervisor]: rotate_90 blocked by recent completion; stopping this tick
[robot_supervisor-19] [INFO] [1777456547.111449032] [robot_4.robot_supervisor]: Selected controllable event: EV_move_forward
[robot_supervisor-10] [INFO] [1777456547.192012302] [robot_1.robot_supervisor]: FULL ROTATE active (accum_rad=3.135, timed_fallback=False, stall_count=0)
[robot_supervisor-10] [INFO] [1777456547.192584517] [robot_1.robot_supervisor]: FULL ROTATE completed by odom (accum_rad=3.235)
[robot_supervisor-10] [INFO] [1777456547.192988310] [robot_1.robot_supervisor]: FULL ROTATE stopped; supervisor will select next event next tick
[robot_supervisor-16] [INFO] [1777456547.206133358] [robot_3.robot_supervisor]: Selected controllable event: EV_rotate_clockwise
[robot_supervisor-13] [INFO] [1777456547.309890730] [robot_2.robot_supervisor]: Selected controllable event: EV_rotate_counterclockwise
[robot_supervisor-19] [INFO] [1777456547.411492385] [robot_4.robot_supervisor]: Selected controllable event: EV_move_forward
[robot_supervisor-10] [INFO] [1777456547.492056002] [robot_1.robot_supervisor]: Selected controllable event: EV_move_forward
[robot_supervisor-19] [INFO] [1777456547.711713226] [robot_4.robot_supervisor]: Selected controllable event: EV_move_forward
[robot_supervisor-10] [INFO] [1777456547.792013553] [robot_1.robot_supervisor]: Selected controllable event: EV_move_forward
[robot_supervisor-19] [INFO] [1777456548.011510221] [robot_4.robot_supervisor]: Selected controllable event: EV_move_forward
[robot_supervisor-10] [INFO] [1777456548.092270898] [robot_1.robot_supervisor]: Selected controllable event: EV_move_forward
[bump_counter-3] [INFO] [1777456548.137474336] [bump_counter]: [global] bump #14 (robot) with: robot_1<->robot_4
[robot_supervisor-7] [INFO] [1777456548.227412850] [robot_0.robot_supervisor]: Selected controllable event: EV_move_backward
[robot_supervisor-19] [INFO] [1777456548.311472528] [robot_4.robot_supervisor]: Selected controllable event: EV_move_forward
[robot_supervisor-10] [INFO] [1777456548.392355723] [robot_1.robot_supervisor]: Selected controllable event: EV_move_forward
[robot_supervisor-19] [INFO] [1777456548.611521263] [robot_4.robot_supervisor]: Selected controllable event: EV_move_forward
[robot_supervisor-7] [INFO] [1777456548.627375027] [robot_0.robot_supervisor]: Selected controllable event: EV_rotate_counterclockwise
[robot_supervisor-10] [INFO] [1777456548.692050248] [robot_1.robot_supervisor]: Selected controllable event: EV_move_forward
[robot_supervisor-19] [INFO] [1777456548.911491123] [robot_4.robot_supervisor]: Selected controllable event: EV_move_forward
[robot_supervisor-10] [INFO] [1777456548.992166872] [robot_1.robot_supervisor]: Selected controllable event: EV_move_forward
[robot_supervisor-19] [INFO] [1777456549.211607355] [robot_4.robot_supervisor]: Selected controllable event: EV_move_forward
[robot_supervisor-10] [INFO] [1777456549.292261149] [robot_1.robot_supervisor]: Selected controllable event: EV_move_forward
[image_processor-21] [INFO] [1777456549.321590285] [robot_0.image_processor]: Zone=LEFT  left[p=0.572 near=7502 v=7502]  front[p=0.818 near=642 v=9303]  right[p=2.784 near=0 v=4958]
[robot_supervisor-7] [INFO] [1777456549.322684347] [robot_0.robot_supervisor]: Detected zone changed to LEFT
[image_processor-25] [INFO] [1777456549.336750909] [robot_4.image_processor]: Zone=CLEAR
[image_processor-23] [INFO] [1777456549.346156329] [robot_2.image_processor]: Zone=LEFT  left[p=0.675 near=7358 v=7650]  front[p=0.879 near=100 v=13500]  right[p=1.715 near=0 v=7740]
[robot_supervisor-13] [INFO] [1777456549.346966547] [robot_2.robot_supervisor]: Detected zone changed to LEFT
[image_processor-22] [INFO] [1777456549.358052910] [robot_1.image_processor]: Zone=CLEAR
[image_processor-24] [INFO] [1777456549.367259026] [robot_3.image_processor]: Zone=CORNER  left[p=0.335 near=4584 v=6678]  front[p=0.358 near=13500 v=13500]  right[p=0.411 near=5845 v=7740]
[robot_supervisor-16] [INFO] [1777456549.368737446] [robot_3.robot_supervisor]: Detected zone changed to CORNER
[robot_supervisor-16] [INFO] [1777456549.406204880] [robot_3.robot_supervisor]: Selected controllable event: EV_move_backward
[robot_supervisor-13] [INFO] [1777456549.409853469] [robot_2.robot_supervisor]: Selected controllable event: EV_rotate_clockwise
[robot_supervisor-13] [INFO] [1777456549.410297340] [robot_2.robot_supervisor]: rotate_90 blocked by recent completion; stopping this tick
[robot_supervisor-13] [INFO] [1777456549.509917743] [robot_2.robot_supervisor]: Selected controllable event: EV_rotate_clockwise
[robot_supervisor-13] [INFO] [1777456549.510300520] [robot_2.robot_supervisor]: rotate_90 blocked by recent completion; stopping this tick
[robot_supervisor-19] [INFO] [1777456549.511421521] [robot_4.robot_supervisor]: Selected controllable event: EV_move_forward
[robot_supervisor-10] [INFO] [1777456549.592179669] [robot_1.robot_supervisor]: Selected controllable event: EV_move_forward
[robot_supervisor-13] [INFO] [1777456549.609697327] [robot_2.robot_supervisor]: Selected controllable event: EV_rotate_clockwise
[robot_supervisor-13] [INFO] [1777456549.609942951] [robot_2.robot_supervisor]: rotate_90 blocked by recent completion; stopping this tick
[robot_supervisor-13] [INFO] [1777456549.709879360] [robot_2.robot_supervisor]: Selected controllable event: EV_rotate_clockwise
[robot_supervisor-16] [INFO] [1777456549.806405306] [robot_3.robot_supervisor]: Selected controllable event: EV_rotate_counterclockwise
[robot_supervisor-19] [INFO] [1777456549.811556313] [robot_4.robot_supervisor]: Selected controllable event: EV_move_forward
[robot_supervisor-10] [INFO] [1777456549.891984219] [robot_1.robot_supervisor]: Selected controllable event: EV_move_forward
[robot_supervisor-19] [INFO] [1777456550.111479382] [robot_4.robot_supervisor]: Selected controllable event: EV_move_forward
[robot_supervisor-10] [INFO] [1777456550.192507811] [robot_1.robot_supervisor]: Selected controllable event: EV_move_forward
[robot_supervisor-19] [INFO] [1777456550.411563032] [robot_4.robot_supervisor]: Selected controllable event: EV_move_forward
[robot_supervisor-10] [INFO] [1777456550.492128871] [robot_1.robot_supervisor]: Selected controllable event: EV_move_forward
[robot_supervisor-19] [INFO] [1777456550.711571711] [robot_4.robot_supervisor]: Selected controllable event: EV_move_forward
[robot_supervisor-10] [INFO] [1777456550.792045052] [robot_1.robot_supervisor]: Selected controllable event: EV_move_forward
[robot_supervisor-7] [INFO] [1777456550.827317976] [robot_0.robot_supervisor]: Selected controllable event: EV_rotate_clockwise
[robot_supervisor-7] [INFO] [1777456550.827505998] [robot_0.robot_supervisor]: rotate_90 blocked by recent completion; stopping this tick
[robot_supervisor-7] [INFO] [1777456550.927191888] [robot_0.robot_supervisor]: Selected controllable event: EV_rotate_clockwise
[robot_supervisor-7] [INFO] [1777456550.927381821] [robot_0.robot_supervisor]: rotate_90 blocked by recent completion; stopping this tick
[robot_supervisor-19] [INFO] [1777456551.011451170] [robot_4.robot_supervisor]: Selected controllable event: EV_move_forward
[robot_supervisor-7] [INFO] [1777456551.027437743] [robot_0.robot_supervisor]: Selected controllable event: EV_rotate_clockwise
[robot_supervisor-10] [INFO] [1777456551.091918958] [robot_1.robot_supervisor]: Selected controllable event: EV_move_forward
[robot_supervisor-19] [INFO] [1777456551.311457194] [robot_4.robot_supervisor]: Selected controllable event: EV_move_forward
[robot_supervisor-10] [INFO] [1777456551.392044820] [robot_1.robot_supervisor]: Selected controllable event: EV_move_forward
[robot_supervisor-19] [INFO] [1777456551.611577667] [robot_4.robot_supervisor]: Selected controllable event: EV_move_forward
[robot_supervisor-10] [INFO] [1777456551.692027696] [robot_1.robot_supervisor]: Selected controllable event: EV_move_forward
[image_processor-21] [INFO] [1777456551.820560950] [robot_0.image_processor]: Zone=CORNER  left[p=0.622 near=3246 v=7650]  front[p=0.729 near=9054 v=12065]  right[p=0.989 near=0 v=5846]
[robot_supervisor-7] [INFO] [1777456551.821594215] [robot_0.robot_supervisor]: Detected zone changed to CORNER
[image_processor-25] [INFO] [1777456551.834568398] [robot_4.image_processor]: Zone=CLEAR
[image_processor-23] [INFO] [1777456551.846822335] [robot_2.image_processor]: Zone=CORNER  left[p=0.262 near=7650 v=7650]  front[p=0.332 near=13500 v=13500]  right[p=0.560 near=6274 v=7740]
[robot_supervisor-13] [INFO] [1777456551.847545343] [robot_2.robot_supervisor]: Detected zone changed to CORNER
[image_processor-22] [INFO] [1777456551.857617278] [robot_1.image_processor]: Zone=CLEAR
[image_processor-24] [INFO] [1777456551.877167048] [robot_3.image_processor]: Zone=LEFT  left[p=0.627 near=6375 v=7650]  front[p=0.902 near=0 v=10185]  right[p=2.991 near=0 v=4566]
[robot_supervisor-16] [INFO] [1777456551.877634004] [robot_3.robot_supervisor]: Detected zone changed to LEFT
[robot_supervisor-13] [INFO] [1777456551.909831683] [robot_2.robot_supervisor]: Selected controllable event: EV_move_backward
[robot_supervisor-19] [INFO] [1777456551.911431742] [robot_4.robot_supervisor]: Selected controllable event: EV_move_forward
[robot_supervisor-10] [INFO] [1777456551.992005998] [robot_1.robot_supervisor]: Selected controllable event: EV_move_forward
[robot_supervisor-16] [INFO] [1777456552.006055549] [robot_3.robot_supervisor]: Selected controllable event: EV_rotate_clockwise
[robot_supervisor-16] [INFO] [1777456552.006443874] [robot_3.robot_supervisor]: rotate_90 blocked by recent completion; stopping this tick
[robot_supervisor-16] [INFO] [1777456552.106089790] [robot_3.robot_supervisor]: Selected controllable event: EV_rotate_clockwise
[robot_supervisor-16] [INFO] [1777456552.106542358] [robot_3.robot_supervisor]: rotate_90 blocked by recent completion; stopping this tick
[robot_supervisor-16] [INFO] [1777456552.206162700] [robot_3.robot_supervisor]: Selected controllable event: EV_rotate_clockwise
[robot_supervisor-19] [INFO] [1777456552.211682231] [robot_4.robot_supervisor]: Selected controllable event: EV_move_forward
[robot_supervisor-10] [INFO] [1777456552.292086764] [robot_1.robot_supervisor]: Selected controllable event: EV_move_forward
[robot_supervisor-13] [INFO] [1777456552.309847327] [robot_2.robot_supervisor]: Selected controllable event: EV_rotate_counterclockwise
[robot_supervisor-19] [INFO] [1777456552.511445465] [robot_4.robot_supervisor]: Selected controllable event: EV_move_forward
[robot_supervisor-10] [INFO] [1777456552.591936480] [robot_1.robot_supervisor]: Selected controllable event: EV_move_forward
[robot_supervisor-19] [INFO] [1777456552.811481511] [robot_4.robot_supervisor]: Selected controllable event: EV_move_forward
[robot_supervisor-10] [INFO] [1777456552.891875717] [robot_1.robot_supervisor]: Selected controllable event: EV_move_forward
[robot_supervisor-19] [INFO] [1777456553.111432286] [robot_4.robot_supervisor]: Selected controllable event: EV_move_forward
[robot_supervisor-10] [INFO] [1777456553.191939713] [robot_1.robot_supervisor]: Selected controllable event: EV_move_forward
[robot_supervisor-7] [INFO] [1777456553.227420976] [robot_0.robot_supervisor]: Selected controllable event: EV_move_backward
[robot_supervisor-19] [INFO] [1777456553.411562492] [robot_4.robot_supervisor]: Selected controllable event: EV_move_forward
[robot_supervisor-10] [INFO] [1777456553.492120636] [robot_1.robot_supervisor]: Selected controllable event: EV_move_forward
[robot_supervisor-7] [INFO] [1777456553.627247931] [robot_0.robot_supervisor]: Selected controllable event: EV_rotate_counterclockwise
[robot_supervisor-19] [INFO] [1777456553.711576868] [robot_4.robot_supervisor]: Selected controllable event: EV_move_forward
[robot_supervisor-10] [INFO] [1777456553.791869326] [robot_1.robot_supervisor]: Selected controllable event: EV_move_forward
[robot_supervisor-19] [INFO] [1777456554.011494467] [robot_4.robot_supervisor]: Selected controllable event: EV_move_forward
[robot_supervisor-10] [INFO] [1777456554.092138137] [robot_1.robot_supervisor]: Selected controllable event: EV_move_forward
[robot_supervisor-19] [INFO] [1777456554.311492878] [robot_4.robot_supervisor]: Selected controllable event: EV_move_forward
[image_processor-21] [INFO] [1777456554.320581719] [robot_0.image_processor]: Zone=LEFT  left[p=0.572 near=7506 v=7506]  front[p=0.817 near=659 v=9304]  right[p=2.784 near=0 v=4958]
[robot_supervisor-7] [INFO] [1777456554.321243083] [robot_0.robot_supervisor]: Detected zone changed to LEFT
[image_processor-25] [INFO] [1777456554.334060999] [robot_4.image_processor]: Zone=CLEAR
[image_processor-23] [INFO] [1777456554.342973591] [robot_2.image_processor]: Zone=LEFT  left[p=0.675 near=7365 v=7650]  front[p=0.879 near=100 v=13500]  right[p=1.714 near=0 v=7740]
[robot_supervisor-13] [INFO] [1777456554.343513164] [robot_2.robot_supervisor]: Detected zone changed to LEFT
[image_processor-22] [INFO] [1777456554.351761585] [robot_1.image_processor]: Zone=CLEAR
[image_processor-24] [INFO] [1777456554.360837977] [robot_3.image_processor]: Zone=CORNER  left[p=0.337 near=4307 v=6597]  front[p=0.358 near=13500 v=13500]  right[p=0.407 near=6140 v=7740]
[robot_supervisor-16] [INFO] [1777456554.361315494] [robot_3.robot_supervisor]: Detected zone changed to CORNER
[robot_supervisor-10] [INFO] [1777456554.392100804] [robot_1.robot_supervisor]: Selected controllable event: EV_move_forward
[robot_supervisor-16] [INFO] [1777456554.406176728] [robot_3.robot_supervisor]: Selected controllable event: EV_move_backward
[robot_supervisor-13] [INFO] [1777456554.409824819] [robot_2.robot_supervisor]: Selected controllable event: EV_rotate_clockwise
[robot_supervisor-13] [INFO] [1777456554.410084481] [robot_2.robot_supervisor]: rotate_90 blocked by recent completion; stopping this tick
[robot_supervisor-13] [INFO] [1777456554.509783528] [robot_2.robot_supervisor]: Selected controllable event: EV_rotate_clockwise
[robot_supervisor-13] [INFO] [1777456554.510059574] [robot_2.robot_supervisor]: rotate_90 blocked by recent completion; stopping this tick
[robot_supervisor-13] [INFO] [1777456554.609841689] [robot_2.robot_supervisor]: Selected controllable event: EV_rotate_clockwise
[robot_supervisor-13] [INFO] [1777456554.610193996] [robot_2.robot_supervisor]: rotate_90 blocked by recent completion; stopping this tick
[robot_supervisor-19] [INFO] [1777456554.611491083] [robot_4.robot_supervisor]: Selected controllable event: EV_move_forward
[robot_supervisor-10] [INFO] [1777456554.692163039] [robot_1.robot_supervisor]: Selected controllable event: EV_move_forward
[robot_supervisor-13] [INFO] [1777456554.709940078] [robot_2.robot_supervisor]: Selected controllable event: EV_rotate_clockwise
[robot_supervisor-16] [INFO] [1777456554.806413017] [robot_3.robot_supervisor]: Selected controllable event: EV_rotate_counterclockwise
[robot_supervisor-19] [INFO] [1777456554.911465281] [robot_4.robot_supervisor]: Selected controllable event: EV_move_forward
[robot_supervisor-10] [INFO] [1777456554.992144689] [robot_1.robot_supervisor]: Selected controllable event: EV_move_forward
[robot_supervisor-19] [INFO] [1777456555.211673499] [robot_4.robot_supervisor]: Selected controllable event: EV_move_forward
[robot_supervisor-10] [INFO] [1777456555.292091448] [robot_1.robot_supervisor]: Selected controllable event: EV_move_forward
[robot_supervisor-19] [INFO] [1777456555.512031890] [robot_4.robot_supervisor]: Selected controllable event: EV_move_forward
[robot_supervisor-10] [INFO] [1777456555.592294382] [robot_1.robot_supervisor]: Selected controllable event: EV_move_forward
[robot_supervisor-7] [INFO] [1777456555.727609066] [robot_0.robot_supervisor]: Selected controllable event: EV_rotate_clockwise
[robot_supervisor-7] [INFO] [1777456555.727975106] [robot_0.robot_supervisor]: rotate_90 blocked by recent completion; stopping this tick
[robot_supervisor-19] [INFO] [1777456555.811452886] [robot_4.robot_supervisor]: Selected controllable event: EV_move_forward
[robot_supervisor-7] [INFO] [1777456555.827496290] [robot_0.robot_supervisor]: Selected controllable event: EV_rotate_clockwise
[robot_supervisor-7] [INFO] [1777456555.827876261] [robot_0.robot_supervisor]: rotate_90 blocked by recent completion; stopping this tick
[robot_supervisor-10] [INFO] [1777456555.892138602] [robot_1.robot_supervisor]: Selected controllable event: EV_move_forward
[robot_supervisor-7] [INFO] [1777456555.927635144] [robot_0.robot_supervisor]: Selected controllable event: EV_rotate_clockwise
[robot_supervisor-7] [INFO] [1777456555.928107458] [robot_0.robot_supervisor]: rotate_90 blocked by recent completion; stopping this tick
[robot_supervisor-7] [INFO] [1777456556.027571777] [robot_0.robot_supervisor]: Selected controllable event: EV_rotate_clockwise
[robot_supervisor-19] [INFO] [1777456556.111897322] [robot_4.robot_supervisor]: Selected controllable event: EV_move_forward
[robot_supervisor-10] [INFO] [1777456556.192274836] [robot_1.robot_supervisor]: Selected controllable event: EV_move_forward
[robot_supervisor-19] [INFO] [1777456556.411866841] [robot_4.robot_supervisor]: Selected controllable event: EV_move_forward
[robot_supervisor-10] [INFO] [1777456556.492417958] [robot_1.robot_supervisor]: Selected controllable event: EV_move_forward
[robot_supervisor-19] [INFO] [1777456556.711687283] [robot_4.robot_supervisor]: Selected controllable event: EV_move_forward
[robot_supervisor-10] [INFO] [1777456556.791742219] [robot_1.robot_supervisor]: Selected controllable event: EV_move_forward
[robot_supervisor-13] [INFO] [1777456556.810079069] [robot_2.robot_supervisor]: Selected controllable event: EV_rotate_clockwise
[robot_supervisor-13] [INFO] [1777456556.810562770] [robot_2.robot_supervisor]: rotate_90 blocked by recent completion; stopping this tick
[image_processor-21] [INFO] [1777456556.820354498] [robot_0.image_processor]: Zone=CORNER  left[p=0.622 near=3260 v=7650]  front[p=0.728 near=9117 v=12069]  right[p=0.987 near=0 v=5847]
[robot_supervisor-7] [INFO] [1777456556.820789331] [robot_0.robot_supervisor]: Detected zone changed to CORNER
[image_processor-25] [INFO] [1777456556.835008307] [robot_4.image_processor]: Zone=CLEAR
[image_processor-23] [INFO] [1777456556.845463912] [robot_2.image_processor]: Zone=CORNER  left[p=0.262 near=7650 v=7650]  front[p=0.332 near=13500 v=13500]  right[p=0.559 near=6296 v=7740]
[robot_supervisor-13] [INFO] [1777456556.846162823] [robot_2.robot_supervisor]: Detected zone changed to CORNER
[image_processor-22] [INFO] [1777456556.859686382] [robot_1.image_processor]: Zone=CLEAR
[image_processor-24] [INFO] [1777456556.881663844] [robot_3.image_processor]: Zone=LEFT  left[p=0.627 near=6375 v=7650]  front[p=0.901 near=0 v=10185]  right[p=2.991 near=0 v=4566]
[robot_supervisor-16] [INFO] [1777456556.882373042] [robot_3.robot_supervisor]: Detected zone changed to LEFT
[robot_supervisor-16] [INFO] [1777456556.906147286] [robot_3.robot_supervisor]: Selected controllable event: EV_rotate_clockwise
[robot_supervisor-16] [INFO] [1777456556.906544610] [robot_3.robot_supervisor]: rotate_90 blocked by recent completion; stopping this tick
[robot_supervisor-13] [INFO] [1777456556.909641751] [robot_2.robot_supervisor]: Selected controllable event: EV_move_backward
[robot_supervisor-16] [INFO] [1777456557.006335648] [robot_3.robot_supervisor]: Selected controllable event: EV_rotate_clockwise
[robot_supervisor-16] [INFO] [1777456557.006886273] [robot_3.robot_supervisor]: rotate_90 blocked by recent completion; stopping this tick
[robot_supervisor-19] [INFO] [1777456557.011629074] [robot_4.robot_supervisor]: Selected controllable event: EV_move_forward
[robot_supervisor-10] [INFO] [1777456557.092329075] [robot_1.robot_supervisor]: Selected controllable event: EV_move_forward
[robot_supervisor-16] [INFO] [1777456557.106223882] [robot_3.robot_supervisor]: Selected controllable event: EV_rotate_clockwise
[robot_supervisor-16] [INFO] [1777456557.106598365] [robot_3.robot_supervisor]: rotate_90 blocked by recent completion; stopping this tick
[robot_supervisor-16] [INFO] [1777456557.206232710] [robot_3.robot_supervisor]: Selected controllable event: EV_rotate_clockwise
[robot_supervisor-13] [INFO] [1777456557.309881152] [robot_2.robot_supervisor]: Selected controllable event: EV_rotate_counterclockwise
[robot_supervisor-19] [INFO] [1777456557.311611589] [robot_4.robot_supervisor]: Selected controllable event: EV_move_forward
[robot_supervisor-10] [INFO] [1777456557.392057450] [robot_1.robot_supervisor]: Selected controllable event: EV_move_forward
[robot_supervisor-19] [INFO] [1777456557.611968294] [robot_4.robot_supervisor]: Selected controllable event: EV_move_forward
[robot_supervisor-10] [INFO] [1777456557.692391413] [robot_1.robot_supervisor]: Selected controllable event: EV_move_forward
[robot_supervisor-19] [INFO] [1777456557.911692573] [robot_4.robot_supervisor]: Selected controllable event: EV_move_forward
[robot_supervisor-10] [INFO] [1777456557.992133956] [robot_1.robot_supervisor]: Selected controllable event: EV_move_forward
[robot_supervisor-19] [INFO] [1777456558.211828132] [robot_4.robot_supervisor]: Selected controllable event: EV_move_forward
[robot_supervisor-7] [INFO] [1777456558.227491065] [robot_0.robot_supervisor]: Selected controllable event: EV_move_backward
[robot_supervisor-10] [INFO] [1777456558.292394596] [robot_1.robot_supervisor]: Selected controllable event: EV_move_forward
[robot_supervisor-19] [INFO] [1777456558.511898515] [robot_4.robot_supervisor]: Selected controllable event: EV_move_forward
[robot_supervisor-10] [INFO] [1777456558.592039209] [robot_1.robot_supervisor]: Selected controllable event: EV_move_forward
[robot_supervisor-7] [INFO] [1777456558.627445187] [robot_0.robot_supervisor]: Selected controllable event: EV_rotate_counterclockwise
[robot_supervisor-19] [INFO] [1777456558.811599668] [robot_4.robot_supervisor]: Selected controllable event: EV_move_forward
[robot_supervisor-10] [INFO] [1777456558.891889460] [robot_1.robot_supervisor]: Selected controllable event: EV_move_forward
[robot_supervisor-19] [INFO] [1777456559.111929999] [robot_4.robot_supervisor]: Selected controllable event: EV_move_forward
[robot_supervisor-10] [INFO] [1777456559.192033160] [robot_1.robot_supervisor]: Selected controllable event: EV_move_forward
[image_processor-21] [INFO] [1777456559.320376234] [robot_0.image_processor]: Zone=LEFT  left[p=0.571 near=7507 v=7507]  front[p=0.816 near=676 v=9306]  right[p=2.784 near=0 v=4958]
[robot_supervisor-7] [INFO] [1777456559.321135111] [robot_0.robot_supervisor]: Detected zone changed to LEFT
[image_processor-25] [INFO] [1777456559.331419831] [robot_4.image_processor]: Zone=CLEAR
[image_processor-23] [INFO] [1777456559.340419113] [robot_2.image_processor]: Zone=LEFT  left[p=0.674 near=7370 v=7650]  front[p=0.879 near=105 v=13500]  right[p=1.713 near=0 v=7740]
[robot_supervisor-13] [INFO] [1777456559.341140106] [robot_2.robot_supervisor]: Detected zone changed to LEFT
[image_processor-22] [INFO] [1777456559.359416515] [robot_1.image_processor]: Zone=CLEAR
[image_processor-24] [INFO] [1777456559.375483917] [robot_3.image_processor]: Zone=CORNER  left[p=0.335 near=4504 v=6656]  front[p=0.357 near=13500 v=13500]  right[p=0.410 near=5939 v=7740]
[robot_supervisor-16] [INFO] [1777456559.375962630] [robot_3.robot_supervisor]: Detected zone changed to CORNER
[robot_supervisor-16] [INFO] [1777456559.406254535] [robot_3.robot_supervisor]: Selected controllable event: EV_move_backward
[robot_supervisor-13] [INFO] [1777456559.410067290] [robot_2.robot_supervisor]: Selected controllable event: EV_rotate_clockwise
[robot_supervisor-13] [INFO] [1777456559.410574637] [robot_2.robot_supervisor]: rotate_90 blocked by recent completion; stopping this tick
[robot_supervisor-19] [INFO] [1777456559.411697771] [robot_4.robot_supervisor]: Selected controllable event: EV_move_forward
[robot_supervisor-10] [INFO] [1777456559.492032870] [robot_1.robot_supervisor]: Selected controllable event: EV_move_forward
[robot_supervisor-13] [INFO] [1777456559.509940819] [robot_2.robot_supervisor]: Selected controllable event: EV_rotate_clockwise
[robot_supervisor-13] [INFO] [1777456559.510310983] [robot_2.robot_supervisor]: rotate_90 blocked by recent completion; stopping this tick
[robot_supervisor-13] [INFO] [1777456559.610075735] [robot_2.robot_supervisor]: Selected controllable event: EV_rotate_clockwise
[robot_supervisor-13] [INFO] [1777456559.610556909] [robot_2.robot_supervisor]: rotate_90 blocked by recent completion; stopping this tick
[robot_supervisor-13] [INFO] [1777456559.710066227] [robot_2.robot_supervisor]: Selected controllable event: EV_rotate_clockwise
[robot_supervisor-19] [INFO] [1777456559.711684622] [robot_4.robot_supervisor]: Selected controllable event: EV_move_forward
[robot_supervisor-10] [INFO] [1777456559.792806165] [robot_1.robot_supervisor]: Selected controllable event: EV_move_forward
[robot_supervisor-16] [INFO] [1777456559.806230869] [robot_3.robot_supervisor]: Selected controllable event: EV_rotate_counterclockwise
[robot_supervisor-19] [INFO] [1777456560.011934785] [robot_4.robot_supervisor]: Selected controllable event: EV_move_forward
[robot_supervisor-10] [INFO] [1777456560.093440488] [robot_1.robot_supervisor]: Selected controllable event: EV_move_forward
[robot_supervisor-19] [INFO] [1777456560.311551285] [robot_4.robot_supervisor]: Selected controllable event: EV_move_forward
[robot_supervisor-10] [INFO] [1777456560.391941129] [robot_1.robot_supervisor]: Selected controllable event: EV_move_forward
[robot_supervisor-19] [INFO] [1777456560.611516097] [robot_4.robot_supervisor]: Selected controllable event: EV_move_forward
[robot_supervisor-10] [INFO] [1777456560.691809137] [robot_1.robot_supervisor]: Selected controllable event: EV_move_forward
[robot_supervisor-7] [INFO] [1777456560.727579830] [robot_0.robot_supervisor]: Selected controllable event: EV_rotate_clockwise
[robot_supervisor-7] [INFO] [1777456560.727852225] [robot_0.robot_supervisor]: rotate_90 blocked by recent completion; stopping this tick
[robot_supervisor-7] [INFO] [1777456560.827490161] [robot_0.robot_supervisor]: Selected controllable event: EV_rotate_clockwise
[robot_supervisor-7] [INFO] [1777456560.827858506] [robot_0.robot_supervisor]: rotate_90 blocked by recent completion; stopping this tick
[robot_supervisor-19] [INFO] [1777456560.911483554] [robot_4.robot_supervisor]: Selected controllable event: EV_move_forward
[robot_supervisor-7] [INFO] [1777456560.927679402] [robot_0.robot_supervisor]: Selected controllable event: EV_rotate_clockwise
[robot_supervisor-7] [INFO] [1777456560.928158763] [robot_0.robot_supervisor]: rotate_90 blocked by recent completion; stopping this tick
[robot_supervisor-10] [INFO] [1777456560.991747855] [robot_1.robot_supervisor]: Selected controllable event: EV_move_forward
[robot_supervisor-7] [INFO] [1777456561.028382094] [robot_0.robot_supervisor]: Selected controllable event: EV_rotate_clockwise
[robot_supervisor-19] [INFO] [1777456561.211707228] [robot_4.robot_supervisor]: Selected controllable event: EV_move_forward
[robot_supervisor-10] [INFO] [1777456561.291962949] [robot_1.robot_supervisor]: Selected controllable event: EV_move_forward
[robot_supervisor-19] [INFO] [1777456561.511527309] [robot_4.robot_supervisor]: Selected controllable event: EV_move_forward
[robot_supervisor-10] [INFO] [1777456561.591754028] [robot_1.robot_supervisor]: Selected controllable event: EV_move_forward
[robot_supervisor-13] [INFO] [1777456561.809959282] [robot_2.robot_supervisor]: Selected controllable event: EV_rotate_clockwise
[robot_supervisor-13] [INFO] [1777456561.810378151] [robot_2.robot_supervisor]: rotate_90 blocked by recent completion; stopping this tick
[robot_supervisor-19] [INFO] [1777456561.811471148] [robot_4.robot_supervisor]: Selected controllable event: EV_move_forward
[image_processor-21] [INFO] [1777456561.820028420] [robot_0.image_processor]: Zone=CORNER  left[p=0.622 near=3270 v=7650]  front[p=0.728 near=9180 v=12075]  right[p=0.985 near=0 v=5847]
[robot_supervisor-7] [INFO] [1777456561.820538914] [robot_0.robot_supervisor]: Detected zone changed to CORNER
[image_processor-25] [INFO] [1777456561.829393976] [robot_4.image_processor]: Zone=CLEAR
[image_processor-23] [INFO] [1777456561.840982740] [robot_2.image_processor]: Zone=CORNER  left[p=0.262 near=7650 v=7650]  front[p=0.331 near=13500 v=13500]  right[p=0.558 near=6318 v=7740]
[robot_supervisor-13] [INFO] [1777456561.841478556] [robot_2.robot_supervisor]: Detected zone changed to CORNER
[image_processor-22] [INFO] [1777456561.849955815] [robot_1.image_processor]: Zone=CLEAR
[image_processor-24] [INFO] [1777456561.872125378] [robot_3.image_processor]: Zone=LEFT  left[p=0.628 near=6293 v=7650]  front[p=0.906 near=0 v=10050]  right[p=2.991 near=0 v=4563]
[robot_supervisor-16] [INFO] [1777456561.872594189] [robot_3.robot_supervisor]: Detected zone changed to LEFT
[robot_supervisor-10] [INFO] [1777456561.891842698] [robot_1.robot_supervisor]: Selected controllable event: EV_move_forward
[robot_supervisor-16] [INFO] [1777456561.906246382] [robot_3.robot_supervisor]: Selected controllable event: EV_rotate_clockwise
[robot_supervisor-16] [INFO] [1777456561.906609371] [robot_3.robot_supervisor]: rotate_90 blocked by recent completion; stopping this tick
[robot_supervisor-13] [INFO] [1777456561.909798635] [robot_2.robot_supervisor]: Selected controllable event: EV_move_backward
[robot_supervisor-16] [INFO] [1777456562.006186732] [robot_3.robot_supervisor]: Selected controllable event: EV_rotate_clockwise
[robot_supervisor-16] [INFO] [1777456562.006673181] [robot_3.robot_supervisor]: rotate_90 blocked by recent completion; stopping this tick
[robot_supervisor-16] [INFO] [1777456562.106343362] [robot_3.robot_supervisor]: Selected controllable event: EV_rotate_clockwise
[robot_supervisor-16] [INFO] [1777456562.106824519] [robot_3.robot_supervisor]: rotate_90 blocked by recent completion; stopping this tick
[robot_supervisor-19] [INFO] [1777456562.111763287] [robot_4.robot_supervisor]: Selected controllable event: EV_move_forward
[robot_supervisor-10] [INFO] [1777456562.192030517] [robot_1.robot_supervisor]: Selected controllable event: EV_move_forward
[robot_supervisor-16] [INFO] [1777456562.206209548] [robot_3.robot_supervisor]: Selected controllable event: EV_rotate_clockwise
[robot_supervisor-13] [INFO] [1777456562.309787231] [robot_2.robot_supervisor]: Selected controllable event: EV_rotate_counterclockwise
[robot_supervisor-19] [INFO] [1777456562.411696290] [robot_4.robot_supervisor]: Selected controllable event: EV_move_forward
[robot_supervisor-10] [INFO] [1777456562.492072492] [robot_1.robot_supervisor]: Selected controllable event: EV_move_forward
[robot_supervisor-19] [INFO] [1777456562.711755005] [robot_4.robot_supervisor]: Selected controllable event: EV_move_forward
[robot_supervisor-10] [INFO] [1777456562.792114018] [robot_1.robot_supervisor]: Selected controllable event: EV_move_forward
[robot_supervisor-19] [INFO] [1777456563.011587908] [robot_4.robot_supervisor]: Selected controllable event: EV_move_forward
[robot_supervisor-10] [INFO] [1777456563.091766124] [robot_1.robot_supervisor]: Selected controllable event: EV_move_forward
[robot_supervisor-7] [INFO] [1777456563.227474469] [robot_0.robot_supervisor]: Selected controllable event: EV_move_backward
[robot_supervisor-19] [INFO] [1777456563.311605550] [robot_4.robot_supervisor]: Selected controllable event: EV_move_forward
[robot_supervisor-10] [INFO] [1777456563.392089600] [robot_1.robot_supervisor]: Selected controllable event: EV_move_forward
[robot_supervisor-19] [INFO] [1777456563.611753129] [robot_4.robot_supervisor]: Selected controllable event: EV_move_forward
[robot_supervisor-7] [INFO] [1777456563.627709802] [robot_0.robot_supervisor]: Selected controllable event: EV_rotate_counterclockwise
[robot_supervisor-10] [INFO] [1777456563.692269345] [robot_1.robot_supervisor]: Selected controllable event: EV_move_forward
[robot_supervisor-19] [INFO] [1777456563.911919249] [robot_4.robot_supervisor]: Selected controllable event: EV_move_forward
[robot_supervisor-10] [INFO] [1777456563.992077633] [robot_1.robot_supervisor]: Selected controllable event: EV_move_forward
[robot_supervisor-19] [INFO] [1777456564.211625766] [robot_4.robot_supervisor]: Selected controllable event: EV_move_forward
[robot_supervisor-10] [INFO] [1777456564.291788181] [robot_1.robot_supervisor]: Selected controllable event: EV_move_forward
[robot_supervisor-16] [INFO] [1777456564.306320757] [robot_3.robot_supervisor]: Selected controllable event: EV_rotate_clockwise
[robot_supervisor-16] [INFO] [1777456564.306794933] [robot_3.robot_supervisor]: rotate_90 blocked by recent completion; stopping this tick
[image_processor-21] [INFO] [1777456564.320230880] [robot_0.image_processor]: Zone=LEFT  left[p=0.570 near=7509 v=7509]  front[p=0.815 near=690 v=9307]  right[p=2.784 near=0 v=4958]
[robot_supervisor-7] [INFO] [1777456564.320892585] [robot_0.robot_supervisor]: Detected zone changed to LEFT
[image_processor-25] [INFO] [1777456564.328740726] [robot_4.image_processor]: Zone=CLEAR
[image_processor-23] [INFO] [1777456564.337018041] [robot_2.image_processor]: Zone=LEFT  left[p=0.673 near=7380 v=7650]  front[p=0.878 near=105 v=13500]  right[p=1.713 near=0 v=7740]
[robot_supervisor-13] [INFO] [1777456564.337711815] [robot_2.robot_supervisor]: Detected zone changed to LEFT
[image_processor-22] [INFO] [1777456564.347859471] [robot_1.image_processor]: Zone=CLEAR
[image_processor-24] [INFO] [1777456564.355623934] [robot_3.image_processor]: Zone=CORNER  left[p=0.333 near=4728 v=6725]  front[p=0.357 near=13500 v=13500]  right[p=0.413 near=5715 v=7740]
[robot_supervisor-16] [INFO] [1777456564.356351971] [robot_3.robot_supervisor]: Detected zone changed to CORNER
[robot_supervisor-16] [INFO] [1777456564.406191677] [robot_3.robot_supervisor]: Selected controllable event: EV_move_backward
[robot_supervisor-13] [INFO] [1777456564.409860320] [robot_2.robot_supervisor]: Selected controllable event: EV_rotate_clockwise
[robot_supervisor-13] [INFO] [1777456564.410222386] [robot_2.robot_supervisor]: rotate_90 blocked by recent completion; stopping this tick
[robot_supervisor-13] [INFO] [1777456564.509875003] [robot_2.robot_supervisor]: Selected controllable event: EV_rotate_clockwise
[robot_supervisor-13] [INFO] [1777456564.510249949] [robot_2.robot_supervisor]: rotate_90 blocked by recent completion; stopping this tick
[robot_supervisor-19] [INFO] [1777456564.511510382] [robot_4.robot_supervisor]: Selected controllable event: EV_move_forward
[robot_supervisor-10] [INFO] [1777456564.591870890] [robot_1.robot_supervisor]: Selected controllable event: EV_move_forward
[robot_supervisor-13] [INFO] [1777456564.609634848] [robot_2.robot_supervisor]: Selected controllable event: EV_rotate_clockwise
[robot_supervisor-13] [INFO] [1777456564.609803019] [robot_2.robot_supervisor]: rotate_90 blocked by recent completion; stopping this tick
[robot_supervisor-13] [INFO] [1777456564.709945397] [robot_2.robot_supervisor]: Selected controllable event: EV_rotate_clockwise
[robot_supervisor-16] [INFO] [1777456564.806239495] [robot_3.robot_supervisor]: Selected controllable event: EV_rotate_counterclockwise
[robot_supervisor-19] [INFO] [1777456564.811644595] [robot_4.robot_supervisor]: Selected controllable event: EV_move_forward
[robot_supervisor-10] [INFO] [1777456564.892334024] [robot_1.robot_supervisor]: Selected controllable event: EV_move_forward
[robot_supervisor-19] [INFO] [1777456565.111460278] [robot_4.robot_supervisor]: Selected controllable event: EV_move_forward
[robot_supervisor-10] [INFO] [1777456565.191893194] [robot_1.robot_supervisor]: Selected controllable event: EV_move_forward
[robot_supervisor-19] [INFO] [1777456565.411702433] [robot_4.robot_supervisor]: Selected controllable event: EV_move_forward
[robot_supervisor-10] [INFO] [1777456565.492075923] [robot_1.robot_supervisor]: Selected controllable event: EV_move_forward
[robot_supervisor-19] [INFO] [1777456565.711996070] [robot_4.robot_supervisor]: Selected controllable event: EV_move_forward
[robot_supervisor-10] [INFO] [1777456565.792025537] [robot_1.robot_supervisor]: Selected controllable event: EV_move_forward
[robot_supervisor-7] [INFO] [1777456565.827680142] [robot_0.robot_supervisor]: Selected controllable event: EV_rotate_clockwise
[robot_supervisor-7] [INFO] [1777456565.828118189] [robot_0.robot_supervisor]: rotate_90 blocked by recent completion; stopping this tick
[robot_supervisor-7] [INFO] [1777456565.927251296] [robot_0.robot_supervisor]: Selected controllable event: EV_rotate_clockwise
[robot_supervisor-7] [INFO] [1777456565.927447062] [robot_0.robot_supervisor]: rotate_90 blocked by recent completion; stopping this tick
[robot_supervisor-19] [INFO] [1777456566.011893488] [robot_4.robot_supervisor]: Selected controllable event: EV_move_forward
[robot_supervisor-7] [INFO] [1777456566.027370827] [robot_0.robot_supervisor]: Selected controllable event: EV_rotate_clockwise
[robot_supervisor-10] [INFO] [1777456566.092057761] [robot_1.robot_supervisor]: Selected controllable event: EV_move_forward
[robot_supervisor-19] [INFO] [1777456566.311569530] [robot_4.robot_supervisor]: Selected controllable event: EV_move_forward
[robot_supervisor-10] [INFO] [1777456566.392377637] [robot_1.robot_supervisor]: Selected controllable event: EV_move_forward
[robot_supervisor-19] [INFO] [1777456566.611658525] [robot_4.robot_supervisor]: Selected controllable event: EV_move_forward
[robot_supervisor-10] [INFO] [1777456566.691822030] [robot_1.robot_supervisor]: Selected controllable event: EV_move_forward
[robot_supervisor-13] [INFO] [1777456566.809983503] [robot_2.robot_supervisor]: Selected controllable event: EV_rotate_clockwise
[robot_supervisor-13] [INFO] [1777456566.810348050] [robot_2.robot_supervisor]: rotate_90 blocked by recent completion; stopping this tick
[image_processor-21] [INFO] [1777456566.821023221] [robot_0.image_processor]: Zone=CORNER  left[p=0.622 near=3280 v=7650]  front[p=0.727 near=9238 v=12079]  right[p=0.983 near=0 v=5848]
[robot_supervisor-7] [INFO] [1777456566.821929598] [robot_0.robot_supervisor]: Detected zone changed to CORNER
[image_processor-25] [INFO] [1777456566.830872994] [robot_4.image_processor]: Zone=CLEAR
[image_processor-23] [INFO] [1777456566.841863218] [robot_2.image_processor]: Zone=CORNER  left[p=0.261 near=7650 v=7650]  front[p=0.330 near=13500 v=13500]  right[p=0.557 near=6342 v=7740]
[robot_supervisor-13] [INFO] [1777456566.842596018] [robot_2.robot_supervisor]: Detected zone changed to CORNER
[image_processor-22] [INFO] [1777456566.852165823] [robot_1.image_processor]: Zone=CLEAR
[image_processor-24] [INFO] [1777456566.874385131] [robot_3.image_processor]: Zone=LEFT  left[p=0.628 near=6301 v=7650]  front[p=0.906 near=0 v=10049]  right[p=2.991 near=0 v=4563]
[robot_supervisor-16] [INFO] [1777456566.874971852] [robot_3.robot_supervisor]: Detected zone changed to LEFT
[robot_supervisor-16] [INFO] [1777456566.906227844] [robot_3.robot_supervisor]: Selected controllable event: EV_rotate_clockwise
[robot_supervisor-16] [INFO] [1777456566.906575444] [robot_3.robot_supervisor]: rotate_90 blocked by recent completion; stopping this tick
[robot_supervisor-13] [INFO] [1777456566.909849819] [robot_2.robot_supervisor]: Selected controllable event: EV_move_backward
[robot_supervisor-19] [INFO] [1777456566.911486910] [robot_4.robot_supervisor]: Selected controllable event: EV_move_forward
[robot_supervisor-10] [INFO] [1777456566.992043742] [robot_1.robot_supervisor]: Selected controllable event: EV_move_forward
[robot_supervisor-16] [INFO] [1777456567.006046935] [robot_3.robot_supervisor]: Selected controllable event: EV_rotate_clockwise
[robot_supervisor-16] [INFO] [1777456567.006417623] [robot_3.robot_supervisor]: rotate_90 blocked by recent completion; stopping this tick
[robot_supervisor-16] [INFO] [1777456567.106048037] [robot_3.robot_supervisor]: Selected controllable event: EV_rotate_clockwise
[robot_supervisor-16] [INFO] [1777456567.106436442] [robot_3.robot_supervisor]: rotate_90 blocked by recent completion; stopping this tick
[robot_supervisor-16] [INFO] [1777456567.206026923] [robot_3.robot_supervisor]: Selected controllable event: EV_rotate_clockwise
[robot_supervisor-19] [INFO] [1777456567.211452879] [robot_4.robot_supervisor]: Selected controllable event: EV_move_forward
[robot_supervisor-10] [INFO] [1777456567.291995013] [robot_1.robot_supervisor]: Selected controllable event: EV_move_forward
[robot_supervisor-13] [INFO] [1777456567.309731157] [robot_2.robot_supervisor]: Selected controllable event: EV_rotate_counterclockwise
[robot_supervisor-19] [INFO] [1777456567.511429537] [robot_4.robot_supervisor]: Selected controllable event: EV_move_forward
[robot_supervisor-10] [INFO] [1777456567.591914492] [robot_1.robot_supervisor]: Selected controllable event: EV_move_forward
[robot_supervisor-19] [INFO] [1777456567.811537122] [robot_4.robot_supervisor]: Selected controllable event: EV_move_forward
[robot_supervisor-10] [INFO] [1777456567.892107969] [robot_1.robot_supervisor]: Selected controllable event: EV_move_forward
[robot_supervisor-19] [INFO] [1777456568.111615699] [robot_4.robot_supervisor]: Selected controllable event: EV_move_forward
[robot_supervisor-10] [INFO] [1777456568.192032178] [robot_1.robot_supervisor]: Selected controllable event: EV_move_forward
[robot_supervisor-7] [INFO] [1777456568.227156005] [robot_0.robot_supervisor]: Selected controllable event: EV_move_backward
[robot_supervisor-19] [INFO] [1777456568.411705431] [robot_4.robot_supervisor]: Selected controllable event: EV_move_forward
[robot_supervisor-10] [INFO] [1777456568.492474827] [robot_1.robot_supervisor]: Selected controllable event: EV_move_forward
[robot_supervisor-7] [INFO] [1777456568.627182334] [robot_0.robot_supervisor]: Selected controllable event: EV_rotate_counterclockwise
[robot_supervisor-19] [INFO] [1777456568.711561380] [robot_4.robot_supervisor]: Selected controllable event: EV_move_forward
[robot_supervisor-10] [INFO] [1777456568.792279309] [robot_1.robot_supervisor]: Selected controllable event: EV_move_forward
[robot_supervisor-19] [INFO] [1777456569.011481168] [robot_4.robot_supervisor]: Selected controllable event: EV_move_forward
[robot_supervisor-10] [INFO] [1777456569.092088401] [robot_1.robot_supervisor]: Selected controllable event: EV_move_forward
[robot_supervisor-19] [INFO] [1777456569.311911155] [robot_4.robot_supervisor]: Selected controllable event: EV_move_forward
[image_processor-21] [INFO] [1777456569.321481880] [robot_0.image_processor]: Zone=LEFT  left[p=0.570 near=7511 v=7511]  front[p=0.814 near=706 v=9308]  right[p=2.784 near=0 v=4958]
[robot_supervisor-7] [INFO] [1777456569.322077927] [robot_0.robot_supervisor]: Detected zone changed to LEFT
[image_processor-25] [INFO] [1777456569.333038530] [robot_4.image_processor]: Zone=LEFT  left[p=0.509 near=4995 v=7650]  front[p=1.550 near=0 v=13500]  right[p=1.750 near=0 v=7740]
[robot_supervisor-19] [INFO] [1777456569.333974561] [robot_4.robot_supervisor]: Detected zone changed to LEFT
[image_processor-23] [INFO] [1777456569.345423808] [robot_2.image_processor]: Zone=LEFT  left[p=0.673 near=7384 v=7650]  front[p=0.878 near=111 v=13500]  right[p=1.712 near=0 v=7740]
[robot_supervisor-13] [INFO] [1777456569.346526137] [robot_2.robot_supervisor]: Detected zone changed to LEFT
[image_processor-22] [INFO] [1777456569.355021047] [robot_1.image_processor]: Zone=CLEAR
[image_processor-24] [INFO] [1777456569.363277113] [robot_3.image_processor]: Zone=CORNER  left[p=0.334 near=4471 v=6647]  front[p=0.357 near=13500 v=13500]  right[p=0.409 near=5981 v=7740]
[robot_supervisor-16] [INFO] [1777456569.363935539] [robot_3.robot_supervisor]: Detected zone changed to CORNER
[robot_supervisor-10] [INFO] [1777456569.391791829] [robot_1.robot_supervisor]: Selected controllable event: EV_move_forward
[robot_supervisor-16] [INFO] [1777456569.406061152] [robot_3.robot_supervisor]: Selected controllable event: EV_move_backward
[robot_supervisor-13] [INFO] [1777456569.409659046] [robot_2.robot_supervisor]: Selected controllable event: EV_rotate_clockwise
[robot_supervisor-13] [INFO] [1777456569.409841084] [robot_2.robot_supervisor]: rotate_90 blocked by recent completion; stopping this tick
[robot_supervisor-13] [INFO] [1777456569.509704779] [robot_2.robot_supervisor]: Selected controllable event: EV_rotate_clockwise
[robot_supervisor-13] [INFO] [1777456569.509939614] [robot_2.robot_supervisor]: rotate_90 blocked by recent completion; stopping this tick
[robot_supervisor-13] [INFO] [1777456569.609989313] [robot_2.robot_supervisor]: Selected controllable event: EV_rotate_clockwise
[robot_supervisor-13] [INFO] [1777456569.610279402] [robot_2.robot_supervisor]: rotate_90 blocked by recent completion; stopping this tick
[robot_supervisor-19] [INFO] [1777456569.611675139] [robot_4.robot_supervisor]: Selected controllable event: EV_rotate_clockwise
[robot_supervisor-10] [INFO] [1777456569.692070690] [robot_1.robot_supervisor]: Selected controllable event: EV_move_forward
[robot_supervisor-13] [INFO] [1777456569.710111583] [robot_2.robot_supervisor]: Selected controllable event: EV_rotate_clockwise
[robot_supervisor-16] [INFO] [1777456569.805919806] [robot_3.robot_supervisor]: Selected controllable event: EV_rotate_counterclockwise
[robot_supervisor-10] [INFO] [1777456569.991888149] [robot_1.robot_supervisor]: Selected controllable event: EV_move_forward
[bump_counter-3] [INFO] [1777456570.107062611] [bump_counter]: [global] bump #15 (obstacle) with: north_wall::link::collision
[robot_supervisor-10] [INFO] [1777456570.292169150] [robot_1.robot_supervisor]: Selected controllable event: EV_move_forward
[robot_supervisor-10] [INFO] [1777456570.591770330] [robot_1.robot_supervisor]: Selected controllable event: EV_move_forward
[robot_supervisor-7] [INFO] [1777456570.727483323] [robot_0.robot_supervisor]: Selected controllable event: EV_rotate_clockwise
[robot_supervisor-7] [INFO] [1777456570.727765027] [robot_0.robot_supervisor]: rotate_90 blocked by recent completion; stopping this tick
[robot_supervisor-7] [INFO] [1777456570.827249571] [robot_0.robot_supervisor]: Selected controllable event: EV_rotate_clockwise
[robot_supervisor-7] [INFO] [1777456570.827433520] [robot_0.robot_supervisor]: rotate_90 blocked by recent completion; stopping this tick
[robot_supervisor-10] [INFO] [1777456570.892092458] [robot_1.robot_supervisor]: Selected controllable event: EV_move_forward
[robot_supervisor-7] [INFO] [1777456570.927176157] [robot_0.robot_supervisor]: Selected controllable event: EV_rotate_clockwise
[robot_supervisor-7] [INFO] [1777456570.927358326] [robot_0.robot_supervisor]: rotate_90 blocked by recent completion; stopping this tick
[robot_supervisor-7] [INFO] [1777456571.027492595] [robot_0.robot_supervisor]: Selected controllable event: EV_rotate_clockwise
[robot_supervisor-10] [INFO] [1777456571.192128815] [robot_1.robot_supervisor]: Selected controllable event: EV_move_forward
[robot_supervisor-10] [INFO] [1777456571.492043446] [robot_1.robot_supervisor]: Selected controllable event: EV_move_forward
[bump_counter-3] [INFO] [1777456571.537900463] [bump_counter]: [global] bump #16 (robot) with: robot_1<->robot_4
[robot_supervisor-19] [INFO] [1777456571.711776967] [robot_4.robot_supervisor]: Selected controllable event: EV_rotate_clockwise
[robot_supervisor-19] [INFO] [1777456571.712153735] [robot_4.robot_supervisor]: rotate_90 blocked by recent completion; stopping this tick
[robot_supervisor-10] [INFO] [1777456571.792040982] [robot_1.robot_supervisor]: Selected controllable event: EV_move_forward
[robot_supervisor-19] [INFO] [1777456571.811696118] [robot_4.robot_supervisor]: Selected controllable event: EV_rotate_clockwise
[robot_supervisor-19] [INFO] [1777456571.812088966] [robot_4.robot_supervisor]: rotate_90 blocked by recent completion; stopping this tick
[image_processor-21] [INFO] [1777456571.819892626] [robot_0.image_processor]: Zone=CORNER  left[p=0.622 near=3293 v=7650]  front[p=0.726 near=9297 v=12082]  right[p=0.981 near=0 v=5848]
[robot_supervisor-7] [INFO] [1777456571.820482478] [robot_0.robot_supervisor]: Detected zone changed to CORNER
[image_processor-25] [INFO] [1777456571.834969674] [robot_4.image_processor]: Zone=LEFT
[image_processor-23] [INFO] [1777456571.846034185] [robot_2.image_processor]: Zone=CORNER  left[p=0.261 near=7650 v=7650]  front[p=0.330 near=13500 v=13500]  right[p=0.556 near=6364 v=7740]
[robot_supervisor-13] [INFO] [1777456571.846919270] [robot_2.robot_supervisor]: Detected zone changed to CORNER
[image_processor-22] [INFO] [1777456571.855389572] [robot_1.image_processor]: Zone=CLEAR
[image_processor-24] [INFO] [1777456571.876299392] [robot_3.image_processor]: Zone=LEFT  left[p=0.626 near=6405 v=7650]  front[p=0.900 near=0 v=10187]  right[p=2.991 near=0 v=4566]
[robot_supervisor-16] [INFO] [1777456571.877154671] [robot_3.robot_supervisor]: Detected zone changed to LEFT
[robot_supervisor-13] [INFO] [1777456571.909874673] [robot_2.robot_supervisor]: Selected controllable event: EV_move_backward
[robot_supervisor-19] [INFO] [1777456571.911704926] [robot_4.robot_supervisor]: Selected controllable event: EV_rotate_clockwise
[robot_supervisor-19] [INFO] [1777456571.912090082] [robot_4.robot_supervisor]: rotate_90 blocked by recent completion; stopping this tick
[robot_supervisor-16] [INFO] [1777456572.006857619] [robot_3.robot_supervisor]: Selected controllable event: EV_rotate_clockwise
[robot_supervisor-16] [INFO] [1777456572.007250800] [robot_3.robot_supervisor]: rotate_90 blocked by recent completion; stopping this tick
[robot_supervisor-19] [INFO] [1777456572.011677728] [robot_4.robot_supervisor]: Selected controllable event: EV_rotate_clockwise
[robot_supervisor-10] [INFO] [1777456572.091816614] [robot_1.robot_supervisor]: Selected controllable event: EV_move_forward
[robot_supervisor-16] [INFO] [1777456572.106040443] [robot_3.robot_supervisor]: Selected controllable event: EV_rotate_clockwise
[robot_supervisor-16] [INFO] [1777456572.106430577] [robot_3.robot_supervisor]: rotate_90 blocked by recent completion; stopping this tick
[robot_supervisor-16] [INFO] [1777456572.206268808] [robot_3.robot_supervisor]: Selected controllable event: EV_rotate_clockwise
[robot_supervisor-13] [INFO] [1777456572.310099825] [robot_2.robot_supervisor]: Selected controllable event: EV_rotate_counterclockwise
[robot_supervisor-10] [INFO] [1777456572.392124590] [robot_1.robot_supervisor]: Selected controllable event: EV_move_forward
[robot_supervisor-10] [INFO] [1777456572.692036921] [robot_1.robot_supervisor]: Selected controllable event: EV_move_forward
[bump_counter-3] [INFO] [1777456572.696507226] [bump_counter]: [global] bump #17 (obstacle) with: north_wall::link::collision
[robot_supervisor-10] [INFO] [1777456572.992051921] [robot_1.robot_supervisor]: Selected controllable event: EV_move_forward
[robot_supervisor-7] [INFO] [1777456573.227437361] [robot_0.robot_supervisor]: Selected controllable event: EV_move_backward
[robot_supervisor-10] [INFO] [1777456573.291919646] [robot_1.robot_supervisor]: Selected controllable event: EV_move_forward
[robot_supervisor-10] [INFO] [1777456573.591835492] [robot_1.robot_supervisor]: Selected controllable event: EV_move_forward
[robot_supervisor-7] [INFO] [1777456573.627568455] [robot_0.robot_supervisor]: Selected controllable event: EV_rotate_counterclockwise
[robot_supervisor-10] [INFO] [1777456573.892380596] [robot_1.robot_supervisor]: Selected controllable event: EV_move_forward
[robot_supervisor-19] [INFO] [1777456574.111741869] [robot_4.robot_supervisor]: Selected controllable event: EV_rotate_clockwise
[robot_supervisor-19] [INFO] [1777456574.112105085] [robot_4.robot_supervisor]: rotate_90 blocked by recent completion; stopping this tick
[robot_supervisor-10] [INFO] [1777456574.192036584] [robot_1.robot_supervisor]: Selected controllable event: EV_move_forward
[robot_supervisor-19] [INFO] [1777456574.211455292] [robot_4.robot_supervisor]: Selected controllable event: EV_rotate_clockwise
[robot_supervisor-19] [INFO] [1777456574.211624956] [robot_4.robot_supervisor]: rotate_90 blocked by recent completion; stopping this tick
[robot_supervisor-16] [INFO] [1777456574.306180374] [robot_3.robot_supervisor]: Selected controllable event: EV_rotate_clockwise
[robot_supervisor-16] [INFO] [1777456574.306579794] [robot_3.robot_supervisor]: rotate_90 blocked by recent completion; stopping this tick
[robot_supervisor-19] [INFO] [1777456574.311642775] [robot_4.robot_supervisor]: Selected controllable event: EV_rotate_clockwise
[robot_supervisor-19] [INFO] [1777456574.311989422] [robot_4.robot_supervisor]: rotate_90 blocked by recent completion; stopping this tick
[image_processor-21] [INFO] [1777456574.322990438] [robot_0.image_processor]: Zone=LEFT  left[p=0.569 near=7514 v=7514]  front[p=0.813 near=723 v=9309]  right[p=2.784 near=0 v=4958]
[robot_supervisor-7] [INFO] [1777456574.323927233] [robot_0.robot_supervisor]: Detected zone changed to LEFT
[image_processor-25] [INFO] [1777456574.338283283] [robot_4.image_processor]: Zone=CORNER  left[p=3.034 near=0 v=5308]  front[p=0.540 near=4168 v=12008]  right[p=0.286 near=7740 v=7740]
[robot_supervisor-19] [INFO] [1777456574.338993149] [robot_4.robot_supervisor]: Detected zone changed to CORNER
[image_processor-23] [INFO] [1777456574.355570440] [robot_2.image_processor]: Zone=LEFT  left[p=0.672 near=7392 v=7650]  front[p=0.878 near=111 v=13500]  right[p=1.712 near=0 v=7740]
[robot_supervisor-13] [INFO] [1777456574.356150050] [robot_2.robot_supervisor]: Detected zone changed to LEFT
[image_processor-22] [INFO] [1777456574.363439020] [robot_1.image_processor]: Zone=LEFT  left[p=0.463 near=7650 v=7650]  front[p=0.693 near=8385 v=13500]  right[p=0.578 near=7740 v=7740]
[robot_supervisor-10] [INFO] [1777456574.364149960] [robot_1.robot_supervisor]: Detected zone changed to LEFT
[image_processor-24] [INFO] [1777456574.372805071] [robot_3.image_processor]: Zone=CORNER  left[p=0.334 near=4418 v=6632]  front[p=0.356 near=13500 v=13500]  right[p=0.409 near=6041 v=7740]
[robot_supervisor-16] [INFO] [1777456574.373439623] [robot_3.robot_supervisor]: Detected zone changed to CORNER
[robot_supervisor-16] [INFO] [1777456574.406018266] [robot_3.robot_supervisor]: Selected controllable event: EV_move_backward
[robot_supervisor-13] [INFO] [1777456574.409799707] [robot_2.robot_supervisor]: Selected controllable event: EV_rotate_clockwise
[robot_supervisor-13] [INFO] [1777456574.410136283] [robot_2.robot_supervisor]: rotate_90 blocked by recent completion; stopping this tick
[robot_supervisor-19] [INFO] [1777456574.411706727] [robot_4.robot_supervisor]: Selected controllable event: EV_move_backward
[robot_supervisor-10] [INFO] [1777456574.491942265] [robot_1.robot_supervisor]: Selected controllable event: EV_rotate_clockwise
[robot_supervisor-13] [INFO] [1777456574.509611164] [robot_2.robot_supervisor]: Selected controllable event: EV_rotate_clockwise
[robot_supervisor-13] [INFO] [1777456574.509776670] [robot_2.robot_supervisor]: rotate_90 blocked by recent completion; stopping this tick
[robot_supervisor-13] [INFO] [1777456574.609906814] [robot_2.robot_supervisor]: Selected controllable event: EV_rotate_clockwise
[robot_supervisor-13] [INFO] [1777456574.610272501] [robot_2.robot_supervisor]: rotate_90 blocked by recent completion; stopping this tick
[robot_supervisor-13] [INFO] [1777456574.709823041] [robot_2.robot_supervisor]: Selected controllable event: EV_rotate_clockwise
[robot_supervisor-16] [INFO] [1777456574.806042440] [robot_3.robot_supervisor]: Selected controllable event: EV_rotate_counterclockwise
[robot_supervisor-19] [INFO] [1777456574.811460477] [robot_4.robot_supervisor]: Selected controllable event: EV_rotate_counterclockwise
[robot_supervisor-7] [INFO] [1777456575.827265865] [robot_0.robot_supervisor]: Selected controllable event: EV_rotate_clockwise
[robot_supervisor-7] [INFO] [1777456575.827450785] [robot_0.robot_supervisor]: rotate_90 blocked by recent completion; stopping this tick
[robot_supervisor-7] [INFO] [1777456575.927694357] [robot_0.robot_supervisor]: Selected controllable event: EV_rotate_clockwise
[robot_supervisor-7] [INFO] [1777456575.928116941] [robot_0.robot_supervisor]: rotate_90 blocked by recent completion; stopping this tick
[robot_supervisor-7] [INFO] [1777456576.027611815] [robot_0.robot_supervisor]: Selected controllable event: EV_rotate_clockwise
[robot_supervisor-10] [INFO] [1777456576.592179196] [robot_1.robot_supervisor]: Selected controllable event: EV_rotate_clockwise
[robot_supervisor-10] [INFO] [1777456576.592578587] [robot_1.robot_supervisor]: rotate_90 blocked by recent completion; stopping this tick
[robot_supervisor-10] [INFO] [1777456576.691852716] [robot_1.robot_supervisor]: Selected controllable event: EV_rotate_clockwise
[robot_supervisor-10] [INFO] [1777456576.692056466] [robot_1.robot_supervisor]: rotate_90 blocked by recent completion; stopping this tick
[robot_supervisor-10] [INFO] [1777456576.792282439] [robot_1.robot_supervisor]: Selected controllable event: EV_rotate_clockwise
[robot_supervisor-10] [INFO] [1777456576.792739942] [robot_1.robot_supervisor]: rotate_90 blocked by recent completion; stopping this tick
[image_processor-21] [INFO] [1777456576.820848704] [robot_0.image_processor]: Zone=CORNER  left[p=0.622 near=3309 v=7650]  front[p=0.725 near=9354 v=12089]  right[p=0.978 near=0 v=5848]
[robot_supervisor-7] [INFO] [1777456576.821671611] [robot_0.robot_supervisor]: Detected zone changed to CORNER
[image_processor-25] [INFO] [1777456576.833588990] [robot_4.image_processor]: Zone=CLEAR  left[p=0.931 near=0 v=7560]  front[p=0.867 near=0 v=9296]  right[p=2.816 near=0 v=4586]
[robot_supervisor-19] [INFO] [1777456576.834331389] [robot_4.robot_supervisor]: Detected zone changed to CLEAR
[image_processor-23] [INFO] [1777456576.844841217] [robot_2.image_processor]: Zone=CORNER  left[p=0.260 near=7650 v=7650]  front[p=0.329 near=13500 v=13500]  right[p=0.555 near=6385 v=7740]
[robot_supervisor-13] [INFO] [1777456576.845600377] [robot_2.robot_supervisor]: Detected zone changed to CORNER
[image_processor-22] [INFO] [1777456576.857454045] [robot_1.image_processor]: Zone=LEFT
[image_processor-24] [INFO] [1777456576.879805961] [robot_3.image_processor]: Zone=LEFT  left[p=0.627 near=6316 v=7650]  front[p=0.905 near=0 v=10050]  right[p=2.990 near=0 v=4565]
[robot_supervisor-16] [INFO] [1777456576.880492434] [robot_3.robot_supervisor]: Detected zone changed to LEFT
[robot_supervisor-10] [INFO] [1777456576.892424337] [robot_1.robot_supervisor]: Selected controllable event: EV_rotate_clockwise
[robot_supervisor-13] [INFO] [1777456576.909871555] [robot_2.robot_supervisor]: Selected controllable event: EV_move_backward
[robot_supervisor-16] [INFO] [1777456577.006104258] [robot_3.robot_supervisor]: Selected controllable event: EV_rotate_clockwise
[robot_supervisor-16] [INFO] [1777456577.006506797] [robot_3.robot_supervisor]: rotate_90 blocked by recent completion; stopping this tick
[robot_supervisor-19] [INFO] [1777456577.011427578] [robot_4.robot_supervisor]: Selected controllable event: EV_move_forward
[robot_supervisor-16] [INFO] [1777456577.105988568] [robot_3.robot_supervisor]: Selected controllable event: EV_rotate_clockwise
[robot_supervisor-16] [INFO] [1777456577.106336918] [robot_3.robot_supervisor]: rotate_90 blocked by recent completion; stopping this tick
[robot_supervisor-16] [INFO] [1777456577.206142462] [robot_3.robot_supervisor]: Selected controllable event: EV_rotate_clockwise
[robot_supervisor-13] [INFO] [1777456577.310001541] [robot_2.robot_supervisor]: Selected controllable event: EV_rotate_counterclockwise
[robot_supervisor-19] [INFO] [1777456577.311425900] [robot_4.robot_supervisor]: Selected controllable event: EV_move_forward
[robot_supervisor-19] [INFO] [1777456577.611499341] [robot_4.robot_supervisor]: Selected controllable event: EV_move_forward
[robot_supervisor-19] [INFO] [1777456577.911544770] [robot_4.robot_supervisor]: Selected controllable event: EV_move_forward
[robot_supervisor-19] [INFO] [1777456578.211667561] [robot_4.robot_supervisor]: Selected controllable event: EV_move_forward
[robot_supervisor-7] [INFO] [1777456578.227466564] [robot_0.robot_supervisor]: Selected controllable event: EV_move_backward
[robot_supervisor-19] [INFO] [1777456578.511569103] [robot_4.robot_supervisor]: Selected controllable event: EV_move_forward
[robot_supervisor-7] [INFO] [1777456578.627848217] [robot_0.robot_supervisor]: Selected controllable event: EV_rotate_counterclockwise
[robot_supervisor-19] [INFO] [1777456578.811723370] [robot_4.robot_supervisor]: Selected controllable event: EV_move_forward
[robot_supervisor-10] [INFO] [1777456579.091910015] [robot_1.robot_supervisor]: Selected controllable event: EV_rotate_clockwise
[robot_supervisor-10] [INFO] [1777456579.092176880] [robot_1.robot_supervisor]: rotate_90 blocked by recent completion; stopping this tick
[robot_supervisor-19] [INFO] [1777456579.111669639] [robot_4.robot_supervisor]: Selected controllable event: EV_move_forward
[robot_supervisor-10] [INFO] [1777456579.192306567] [robot_1.robot_supervisor]: Selected controllable event: EV_rotate_clockwise
[robot_supervisor-10] [INFO] [1777456579.192593389] [robot_1.robot_supervisor]: rotate_90 blocked by recent completion; stopping this tick
[robot_supervisor-10] [INFO] [1777456579.292110122] [robot_1.robot_supervisor]: Selected controllable event: EV_rotate_clockwise
[image_processor-21] [INFO] [1777456579.318973214] [robot_0.image_processor]: Zone=LEFT  left[p=0.569 near=7517 v=7517]  front[p=0.812 near=741 v=9310]  right[p=2.784 near=0 v=4958]
[robot_supervisor-7] [INFO] [1777456579.319636296] [robot_0.robot_supervisor]: Detected zone changed to LEFT
[image_processor-25] [INFO] [1777456579.332899441] [robot_4.image_processor]: Zone=CORNER  left[p=0.423 near=7248 v=7650]  front[p=0.448 near=8204 v=10852]  right[p=2.816 near=0 v=4518]
[robot_supervisor-19] [INFO] [1777456579.333684609] [robot_4.robot_supervisor]: Detected zone changed to CORNER
[image_processor-23] [INFO] [1777456579.345546298] [robot_2.image_processor]: Zone=LEFT  left[p=0.671 near=7399 v=7650]  front[p=0.878 near=117 v=13500]  right[p=1.711 near=0 v=7740]
[robot_supervisor-13] [INFO] [1777456579.346616317] [robot_2.robot_supervisor]: Detected zone changed to LEFT
[image_processor-22] [INFO] [1777456579.361966452] [robot_1.image_processor]: Zone=CORNER  left[p=0.756 near=2830 v=7650]  front[p=0.765 near=864 v=6989]  right[p=1.040 near=0 v=7740]
[robot_supervisor-10] [INFO] [1777456579.362549389] [robot_1.robot_supervisor]: Detected zone changed to CORNER
[image_processor-24] [INFO] [1777456579.370205366] [robot_3.image_processor]: Zone=CORNER  left[p=0.334 near=4414 v=6632]  front[p=0.356 near=13500 v=13500]  right[p=0.409 near=6050 v=7740]
[robot_supervisor-16] [INFO] [1777456579.370680474] [robot_3.robot_supervisor]: Detected zone changed to CORNER
[robot_supervisor-16] [INFO] [1777456579.406090754] [robot_3.robot_supervisor]: Selected controllable event: EV_move_backward
[robot_supervisor-19] [INFO] [1777456579.411720917] [robot_4.robot_supervisor]: Selected controllable event: EV_move_backward
[robot_supervisor-13] [INFO] [1777456579.510039052] [robot_2.robot_supervisor]: Selected controllable event: EV_rotate_clockwise
[robot_supervisor-13] [INFO] [1777456579.510344195] [robot_2.robot_supervisor]: rotate_90 blocked by recent completion; stopping this tick
[robot_supervisor-13] [INFO] [1777456579.609782443] [robot_2.robot_supervisor]: Selected controllable event: EV_rotate_clockwise
[robot_supervisor-13] [INFO] [1777456579.610057298] [robot_2.robot_supervisor]: rotate_90 blocked by recent completion; stopping this tick
[robot_supervisor-13] [INFO] [1777456579.709793556] [robot_2.robot_supervisor]: Selected controllable event: EV_rotate_clockwise
[robot_supervisor-16] [INFO] [1777456579.806086475] [robot_3.robot_supervisor]: Selected controllable event: EV_rotate_counterclockwise
[robot_supervisor-19] [INFO] [1777456579.811991580] [robot_4.robot_supervisor]: Selected controllable event: EV_rotate_counterclockwise
[robot_supervisor-7] [INFO] [1777456580.827570912] [robot_0.robot_supervisor]: Selected controllable event: EV_rotate_clockwise
[robot_supervisor-7] [INFO] [1777456580.827952029] [robot_0.robot_supervisor]: rotate_90 blocked by recent completion; stopping this tick
[robot_supervisor-7] [INFO] [1777456580.927495290] [robot_0.robot_supervisor]: Selected controllable event: EV_rotate_clockwise
[robot_supervisor-7] [INFO] [1777456580.927874028] [robot_0.robot_supervisor]: rotate_90 blocked by recent completion; stopping this tick
[robot_supervisor-7] [INFO] [1777456581.027406477] [robot_0.robot_supervisor]: Selected controllable event: EV_rotate_clockwise
[robot_supervisor-10] [INFO] [1777456581.391848239] [robot_1.robot_supervisor]: Selected controllable event: EV_move_backward
[robot_supervisor-10] [INFO] [1777456581.791929666] [robot_1.robot_supervisor]: Selected controllable event: EV_rotate_counterclockwise
[image_processor-21] [INFO] [1777456581.822833167] [robot_0.image_processor]: Zone=CORNER  left[p=0.622 near=3321 v=7650]  front[p=0.724 near=9415 v=12092]  right[p=0.976 near=0 v=5849]
[robot_supervisor-7] [INFO] [1777456581.823388957] [robot_0.robot_supervisor]: Detected zone changed to CORNER
[image_processor-25] [INFO] [1777456581.833623692] [robot_4.image_processor]: Zone=CLEAR  left[p=1.080 near=594 v=7650]  front[p=1.589 near=419 v=13500]  right[p=1.817 near=0 v=7740]
[robot_supervisor-19] [INFO] [1777456581.834417401] [robot_4.robot_supervisor]: Detected zone changed to CLEAR
[image_processor-23] [INFO] [1777456581.845089295] [robot_2.image_processor]: Zone=CORNER  left[p=0.260 near=7650 v=7650]  front[p=0.329 near=13500 v=13500]  right[p=0.554 near=6408 v=7740]
[robot_supervisor-13] [INFO] [1777456581.845848950] [robot_2.robot_supervisor]: Detected zone changed to CORNER
[image_processor-22] [INFO] [1777456581.852635372] [robot_1.image_processor]: Zone=CORNER
[image_processor-24] [INFO] [1777456581.874316033] [robot_3.image_processor]: Zone=LEFT  left[p=0.626 near=6379 v=7650]  front[p=0.902 near=0 v=10128]  right[p=2.990 near=0 v=4568]
[robot_supervisor-16] [INFO] [1777456581.874792434] [robot_3.robot_supervisor]: Detected zone changed to LEFT
[robot_supervisor-16] [INFO] [1777456581.906251638] [robot_3.robot_supervisor]: Selected controllable event: EV_rotate_clockwise
[robot_supervisor-16] [INFO] [1777456581.906620319] [robot_3.robot_supervisor]: rotate_90 blocked by recent completion; stopping this tick
[robot_supervisor-13] [INFO] [1777456581.909926379] [robot_2.robot_supervisor]: Selected controllable event: EV_move_backward
[robot_supervisor-19] [INFO] [1777456581.911819748] [robot_4.robot_supervisor]: Selected controllable event: EV_move_forward
[robot_supervisor-16] [INFO] [1777456582.006127672] [robot_3.robot_supervisor]: Selected controllable event: EV_rotate_clockwise
[robot_supervisor-16] [INFO] [1777456582.006511938] [robot_3.robot_supervisor]: rotate_90 blocked by recent completion; stopping this tick
[robot_supervisor-16] [INFO] [1777456582.106257476] [robot_3.robot_supervisor]: Selected controllable event: EV_rotate_clockwise
[robot_supervisor-16] [INFO] [1777456582.106734392] [robot_3.robot_supervisor]: rotate_90 blocked by recent completion; stopping this tick
[robot_supervisor-16] [INFO] [1777456582.206092852] [robot_3.robot_supervisor]: Selected controllable event: EV_rotate_clockwise
[robot_supervisor-19] [INFO] [1777456582.211571361] [robot_4.robot_supervisor]: Selected controllable event: EV_move_forward
[robot_supervisor-13] [INFO] [1777456582.309861541] [robot_2.robot_supervisor]: Selected controllable event: EV_rotate_counterclockwise
[robot_supervisor-19] [INFO] [1777456582.511683279] [robot_4.robot_supervisor]: Selected controllable event: EV_move_forward
[robot_supervisor-19] [INFO] [1777456582.811655103] [robot_4.robot_supervisor]: Selected controllable event: EV_move_forward
[robot_supervisor-19] [INFO] [1777456583.111630531] [robot_4.robot_supervisor]: Selected controllable event: EV_move_forward
[robot_supervisor-7] [INFO] [1777456583.227401612] [robot_0.robot_supervisor]: Selected controllable event: EV_move_backward
[robot_supervisor-19] [INFO] [1777456583.411537400] [robot_4.robot_supervisor]: Selected controllable event: EV_move_forward
[robot_supervisor-7] [INFO] [1777456583.627404985] [robot_0.robot_supervisor]: Selected controllable event: EV_rotate_counterclockwise
[robot_supervisor-19] [INFO] [1777456583.711526134] [robot_4.robot_supervisor]: Selected controllable event: EV_move_forward
[robot_supervisor-10] [INFO] [1777456583.991926505] [robot_1.robot_supervisor]: Selected controllable event: EV_full_rotate
[robot_supervisor-10] [INFO] [1777456583.992180091] [robot_1.robot_supervisor]: Starting FULL ROTATE (omega=1.000, have_odom=True, target_rad=3.142, timeout_s=3.500)
[robot_supervisor-19] [INFO] [1777456584.011687836] [robot_4.robot_supervisor]: Selected controllable event: EV_move_forward
[robot_supervisor-10] [INFO] [1777456584.091939097] [robot_1.robot_supervisor]: FULL ROTATE active (accum_rad=0.000, timed_fallback=False, stall_count=0)
[robot_supervisor-10] [INFO] [1777456584.192085880] [robot_1.robot_supervisor]: FULL ROTATE active (accum_rad=0.006, timed_fallback=False, stall_count=0)
[robot_supervisor-10] [INFO] [1777456584.291832699] [robot_1.robot_supervisor]: FULL ROTATE active (accum_rad=0.041, timed_fallback=False, stall_count=0)
[robot_supervisor-19] [INFO] [1777456584.311701057] [robot_4.robot_supervisor]: Selected controllable event: EV_move_forward
[image_processor-21] [INFO] [1777456584.321695694] [robot_0.image_processor]: Zone=LEFT  left[p=0.568 near=7519 v=7519]  front[p=0.811 near=757 v=9313]  right[p=2.785 near=0 v=4958]
[robot_supervisor-7] [INFO] [1777456584.322413745] [robot_0.robot_supervisor]: Detected zone changed to LEFT
[image_processor-25] [INFO] [1777456584.334484697] [robot_4.image_processor]: Zone=CLEAR
[image_processor-23] [INFO] [1777456584.348127870] [robot_2.image_processor]: Zone=LEFT  left[p=0.671 near=7405 v=7650]  front[p=0.878 near=118 v=13500]  right[p=1.710 near=0 v=7740]
[robot_supervisor-13] [INFO] [1777456584.348876356] [robot_2.robot_supervisor]: Detected zone changed to LEFT
[image_processor-22] [INFO] [1777456584.364997317] [robot_1.image_processor]: Zone=CORNER
[image_processor-24] [INFO] [1777456584.374261427] [robot_3.image_processor]: Zone=CORNER  left[p=0.335 near=4137 v=6549]  front[p=0.356 near=13500 v=13500]  right[p=0.405 near=6347 v=7740]
[robot_supervisor-16] [INFO] [1777456584.375280580] [robot_3.robot_supervisor]: Detected zone changed to CORNER
[robot_supervisor-10] [INFO] [1777456584.391929355] [robot_1.robot_supervisor]: FULL ROTATE active (accum_rad=0.105, timed_fallback=False, stall_count=0)
[robot_supervisor-16] [INFO] [1777456584.406092413] [robot_3.robot_supervisor]: Selected controllable event: EV_move_backward
[bump_counter-3] [INFO] [1777456584.407676038] [bump_counter]: [global] bump #18 (robot) with: robot_1<->robot_4
[robot_supervisor-13] [INFO] [1777456584.409694416] [robot_2.robot_supervisor]: Selected controllable event: EV_rotate_clockwise
[robot_supervisor-13] [INFO] [1777456584.409921445] [robot_2.robot_supervisor]: rotate_90 blocked by recent completion; stopping this tick
[robot_supervisor-10] [INFO] [1777456584.492353344] [robot_1.robot_supervisor]: FULL ROTATE active (accum_rad=0.198, timed_fallback=False, stall_count=0)
[robot_supervisor-13] [INFO] [1777456584.509723009] [robot_2.robot_supervisor]: Selected controllable event: EV_rotate_clockwise
[robot_supervisor-13] [INFO] [1777456584.510028843] [robot_2.robot_supervisor]: rotate_90 blocked by recent completion; stopping this tick
[robot_supervisor-10] [INFO] [1777456584.592234975] [robot_1.robot_supervisor]: FULL ROTATE active (accum_rad=0.298, timed_fallback=False, stall_count=0)
[robot_supervisor-13] [INFO] [1777456584.610023735] [robot_2.robot_supervisor]: Selected controllable event: EV_rotate_clockwise
[robot_supervisor-13] [INFO] [1777456584.610449730] [robot_2.robot_supervisor]: rotate_90 blocked by recent completion; stopping this tick
[robot_supervisor-19] [INFO] [1777456584.611784525] [robot_4.robot_supervisor]: Selected controllable event: EV_move_forward
[robot_supervisor-10] [INFO] [1777456584.691820136] [robot_1.robot_supervisor]: FULL ROTATE active (accum_rad=0.398, timed_fallback=False, stall_count=0)
[robot_supervisor-13] [INFO] [1777456584.709860982] [robot_2.robot_supervisor]: Selected controllable event: EV_rotate_clockwise
[robot_supervisor-10] [INFO] [1777456584.791847891] [robot_1.robot_supervisor]: FULL ROTATE active (accum_rad=0.498, timed_fallback=False, stall_count=0)
[robot_supervisor-16] [INFO] [1777456584.805792282] [robot_3.robot_supervisor]: Selected controllable event: EV_rotate_counterclockwise
[robot_supervisor-10] [INFO] [1777456584.892087742] [robot_1.robot_supervisor]: FULL ROTATE active (accum_rad=0.598, timed_fallback=False, stall_count=0)
[robot_supervisor-19] [INFO] [1777456584.911462067] [robot_4.robot_supervisor]: Selected controllable event: EV_move_forward
[robot_supervisor-10] [INFO] [1777456584.992084696] [robot_1.robot_supervisor]: FULL ROTATE active (accum_rad=0.698, timed_fallback=False, stall_count=0)
[robot_supervisor-10] [INFO] [1777456585.092105499] [robot_1.robot_supervisor]: FULL ROTATE active (accum_rad=0.798, timed_fallback=False, stall_count=0)
[robot_supervisor-10] [INFO] [1777456585.192029660] [robot_1.robot_supervisor]: FULL ROTATE active (accum_rad=0.898, timed_fallback=False, stall_count=0)
[robot_supervisor-19] [INFO] [1777456585.211757740] [robot_4.robot_supervisor]: Selected controllable event: EV_move_forward
[robot_supervisor-10] [INFO] [1777456585.291857071] [robot_1.robot_supervisor]: FULL ROTATE active (accum_rad=0.998, timed_fallback=False, stall_count=0)
[robot_supervisor-10] [INFO] [1777456585.391819761] [robot_1.robot_supervisor]: FULL ROTATE active (accum_rad=1.098, timed_fallback=False, stall_count=0)
[robot_supervisor-10] [INFO] [1777456585.491905077] [robot_1.robot_supervisor]: FULL ROTATE active (accum_rad=1.198, timed_fallback=False, stall_count=0)
[robot_supervisor-19] [INFO] [1777456585.511761512] [robot_4.robot_supervisor]: Selected controllable event: EV_move_forward
[robot_supervisor-10] [INFO] [1777456585.592175667] [robot_1.robot_supervisor]: FULL ROTATE active (accum_rad=1.298, timed_fallback=False, stall_count=0)
[robot_supervisor-10] [INFO] [1777456585.691719787] [robot_1.robot_supervisor]: FULL ROTATE active (accum_rad=1.398, timed_fallback=False, stall_count=0)
[robot_supervisor-10] [INFO] [1777456585.792091178] [robot_1.robot_supervisor]: FULL ROTATE active (accum_rad=1.498, timed_fallback=False, stall_count=0)
[robot_supervisor-19] [INFO] [1777456585.811552438] [robot_4.robot_supervisor]: Selected controllable event: EV_move_forward
[robot_supervisor-7] [INFO] [1777456585.827547695] [robot_0.robot_supervisor]: Selected controllable event: EV_rotate_clockwise
[robot_supervisor-7] [INFO] [1777456585.827788615] [robot_0.robot_supervisor]: rotate_90 blocked by recent completion; stopping this tick
[robot_supervisor-10] [INFO] [1777456585.892082110] [robot_1.robot_supervisor]: FULL ROTATE active (accum_rad=1.598, timed_fallback=False, stall_count=0)
[robot_supervisor-7] [INFO] [1777456585.927454838] [robot_0.robot_supervisor]: Selected controllable event: EV_rotate_clockwise
[robot_supervisor-7] [INFO] [1777456585.927826455] [robot_0.robot_supervisor]: rotate_90 blocked by recent completion; stopping this tick
[robot_supervisor-10] [INFO] [1777456585.992036258] [robot_1.robot_supervisor]: FULL ROTATE active (accum_rad=1.698, timed_fallback=False, stall_count=0)
[robot_supervisor-7] [INFO] [1777456586.027425651] [robot_0.robot_supervisor]: Selected controllable event: EV_rotate_clockwise
[robot_supervisor-10] [INFO] [1777456586.091826944] [robot_1.robot_supervisor]: FULL ROTATE active (accum_rad=1.798, timed_fallback=False, stall_count=0)
[robot_supervisor-19] [INFO] [1777456586.111800786] [robot_4.robot_supervisor]: Selected controllable event: EV_move_forward
[robot_supervisor-10] [INFO] [1777456586.191717759] [robot_1.robot_supervisor]: FULL ROTATE active (accum_rad=1.898, timed_fallback=False, stall_count=0)
[robot_supervisor-10] [INFO] [1777456586.292056063] [robot_1.robot_supervisor]: FULL ROTATE active (accum_rad=1.998, timed_fallback=False, stall_count=0)
[robot_supervisor-10] [INFO] [1777456586.392068980] [robot_1.robot_supervisor]: FULL ROTATE active (accum_rad=2.098, timed_fallback=False, stall_count=0)
[robot_supervisor-19] [INFO] [1777456586.411515149] [robot_4.robot_supervisor]: Selected controllable event: EV_move_forward
[robot_supervisor-10] [INFO] [1777456586.491961068] [robot_1.robot_supervisor]: FULL ROTATE active (accum_rad=2.198, timed_fallback=False, stall_count=0)
[robot_supervisor-10] [INFO] [1777456586.591962430] [robot_1.robot_supervisor]: FULL ROTATE active (accum_rad=2.298, timed_fallback=False, stall_count=0)
[robot_supervisor-10] [INFO] [1777456586.692066844] [robot_1.robot_supervisor]: FULL ROTATE active (accum_rad=2.398, timed_fallback=False, stall_count=0)
[robot_supervisor-19] [INFO] [1777456586.711937888] [robot_4.robot_supervisor]: Selected controllable event: EV_move_forward
[robot_supervisor-10] [INFO] [1777456586.792248461] [robot_1.robot_supervisor]: FULL ROTATE active (accum_rad=2.498, timed_fallback=False, stall_count=0)
[robot_supervisor-13] [INFO] [1777456586.809877940] [robot_2.robot_supervisor]: Selected controllable event: EV_rotate_clockwise
[robot_supervisor-13] [INFO] [1777456586.810294462] [robot_2.robot_supervisor]: rotate_90 blocked by recent completion; stopping this tick
[image_processor-21] [INFO] [1777456586.821708961] [robot_0.image_processor]: Zone=CORNER  left[p=0.622 near=3330 v=7650]  front[p=0.724 near=9467 v=12097]  right[p=0.974 near=0 v=5849]
[robot_supervisor-7] [INFO] [1777456586.822184214] [robot_0.robot_supervisor]: Detected zone changed to CORNER
[image_processor-25] [INFO] [1777456586.830728925] [robot_4.image_processor]: Zone=CLEAR
[image_processor-23] [INFO] [1777456586.842751557] [robot_2.image_processor]: Zone=CORNER  left[p=0.259 near=7650 v=7650]  front[p=0.328 near=13500 v=13500]  right[p=0.553 near=6430 v=7740]
[robot_supervisor-13] [INFO] [1777456586.843366234] [robot_2.robot_supervisor]: Detected zone changed to CORNER
[image_processor-22] [INFO] [1777456586.852719865] [robot_1.image_processor]: Zone=CORNER
[image_processor-24] [INFO] [1777456586.874874293] [robot_3.image_processor]: Zone=LEFT  left[p=0.623 near=6573 v=7650]  front[p=0.892 near=0 v=10328]  right[p=2.991 near=0 v=4600]
[robot_supervisor-16] [INFO] [1777456586.875608234] [robot_3.robot_supervisor]: Detected zone changed to LEFT
[robot_supervisor-10] [INFO] [1777456586.892359223] [robot_1.robot_supervisor]: FULL ROTATE active (accum_rad=2.598, timed_fallback=False, stall_count=0)
[robot_supervisor-13] [INFO] [1777456586.909835704] [robot_2.robot_supervisor]: Selected controllable event: EV_move_backward
[robot_supervisor-10] [INFO] [1777456586.991985211] [robot_1.robot_supervisor]: FULL ROTATE active (accum_rad=2.698, timed_fallback=False, stall_count=0)
[robot_supervisor-16] [INFO] [1777456587.006103446] [robot_3.robot_supervisor]: Selected controllable event: EV_rotate_clockwise
[robot_supervisor-16] [INFO] [1777456587.006528783] [robot_3.robot_supervisor]: rotate_90 blocked by recent completion; stopping this tick
[robot_supervisor-19] [INFO] [1777456587.011687342] [robot_4.robot_supervisor]: Selected controllable event: EV_move_forward
[robot_supervisor-10] [INFO] [1777456587.091971800] [robot_1.robot_supervisor]: FULL ROTATE active (accum_rad=2.798, timed_fallback=False, stall_count=0)
[robot_supervisor-16] [INFO] [1777456587.106239240] [robot_3.robot_supervisor]: Selected controllable event: EV_rotate_clockwise
[robot_supervisor-16] [INFO] [1777456587.106591322] [robot_3.robot_supervisor]: rotate_90 blocked by recent completion; stopping this tick
[robot_supervisor-10] [INFO] [1777456587.192208601] [robot_1.robot_supervisor]: FULL ROTATE active (accum_rad=2.898, timed_fallback=False, stall_count=0)
[robot_supervisor-16] [INFO] [1777456587.206274336] [robot_3.robot_supervisor]: Selected controllable event: EV_rotate_clockwise
[robot_supervisor-10] [INFO] [1777456587.291955971] [robot_1.robot_supervisor]: FULL ROTATE active (accum_rad=2.998, timed_fallback=False, stall_count=0)
[robot_supervisor-13] [INFO] [1777456587.309987048] [robot_2.robot_supervisor]: Selected controllable event: EV_rotate_counterclockwise
[robot_supervisor-19] [INFO] [1777456587.311481982] [robot_4.robot_supervisor]: Selected controllable event: EV_move_forward
[robot_supervisor-10] [INFO] [1777456587.391827741] [robot_1.robot_supervisor]: FULL ROTATE active (accum_rad=3.098, timed_fallback=False, stall_count=0)
[robot_supervisor-10] [INFO] [1777456587.392103576] [robot_1.robot_supervisor]: FULL ROTATE completed by odom (accum_rad=3.198)
[robot_supervisor-10] [INFO] [1777456587.392299617] [robot_1.robot_supervisor]: FULL ROTATE stopped; supervisor will select next event next tick
[robot_supervisor-19] [INFO] [1777456587.611729216] [robot_4.robot_supervisor]: Selected controllable event: EV_move_forward
[robot_supervisor-10] [INFO] [1777456587.692400432] [robot_1.robot_supervisor]: Selected controllable event: EV_move_backward
[robot_supervisor-19] [INFO] [1777456587.911921573] [robot_4.robot_supervisor]: Selected controllable event: EV_move_forward
[robot_supervisor-10] [INFO] [1777456588.092258966] [robot_1.robot_supervisor]: Selected controllable event: EV_rotate_counterclockwise
[robot_supervisor-19] [INFO] [1777456588.211421062] [robot_4.robot_supervisor]: Selected controllable event: EV_move_forward
[robot_supervisor-7] [INFO] [1777456588.227548186] [robot_0.robot_supervisor]: Selected controllable event: EV_move_backward
[robot_supervisor-19] [INFO] [1777456588.511442686] [robot_4.robot_supervisor]: Selected controllable event: EV_move_forward
[robot_supervisor-7] [INFO] [1777456588.627495275] [robot_0.robot_supervisor]: Selected controllable event: EV_rotate_counterclockwise
[robot_supervisor-19] [INFO] [1777456588.811539138] [robot_4.robot_supervisor]: Selected controllable event: EV_move_forward
[robot_supervisor-19] [INFO] [1777456589.111686353] [robot_4.robot_supervisor]: Selected controllable event: EV_move_forward
[robot_supervisor-16] [INFO] [1777456589.306150519] [robot_3.robot_supervisor]: Selected controllable event: EV_rotate_clockwise
[robot_supervisor-16] [INFO] [1777456589.306593176] [robot_3.robot_supervisor]: rotate_90 blocked by recent completion; stopping this tick
[image_processor-21] [INFO] [1777456589.320070848] [robot_0.image_processor]: Zone=LEFT  left[p=0.567 near=7521 v=7521]  front[p=0.810 near=772 v=9314]  right[p=2.785 near=0 v=4958]
[robot_supervisor-7] [INFO] [1777456589.320628818] [robot_0.robot_supervisor]: Detected zone changed to LEFT
[image_processor-25] [INFO] [1777456589.329651799] [robot_4.image_processor]: Zone=CORNER  left[p=0.205 near=7650 v=7650]  front[p=0.221 near=13500 v=13500]  right[p=0.247 near=7740 v=7740]
[robot_supervisor-19] [INFO] [1777456589.330186298] [robot_4.robot_supervisor]: Detected zone changed to CORNER
[image_processor-23] [INFO] [1777456589.344419261] [robot_2.image_processor]: Zone=LEFT  left[p=0.670 near=7410 v=7650]  front[p=0.878 near=122 v=13500]  right[p=1.710 near=0 v=7740]
[robot_supervisor-13] [INFO] [1777456589.344970166] [robot_2.robot_supervisor]: Detected zone changed to LEFT
[image_processor-22] [INFO] [1777456589.354003278] [robot_1.image_processor]: Zone=CORNER
[image_processor-24] [INFO] [1777456589.362058839] [robot_3.image_processor]: Zone=CORNER  left[p=0.339 near=3625 v=6388]  front[p=0.356 near=13500 v=13500]  right[p=0.399 near=6925 v=7740]
[robot_supervisor-16] [INFO] [1777456589.362485406] [robot_3.robot_supervisor]: Detected zone changed to CORNER
[robot_supervisor-16] [INFO] [1777456589.406110424] [robot_3.robot_supervisor]: Selected controllable event: EV_move_backward
[robot_supervisor-19] [INFO] [1777456589.411706072] [robot_4.robot_supervisor]: Selected controllable event: EV_move_backward
[robot_supervisor-13] [INFO] [1777456589.509692153] [robot_2.robot_supervisor]: Selected controllable event: EV_rotate_clockwise
[robot_supervisor-13] [INFO] [1777456589.509870526] [robot_2.robot_supervisor]: rotate_90 blocked by recent completion; stopping this tick
[robot_supervisor-13] [INFO] [1777456589.609874470] [robot_2.robot_supervisor]: Selected controllable event: EV_rotate_clockwise
[robot_supervisor-13] [INFO] [1777456589.610232080] [robot_2.robot_supervisor]: rotate_90 blocked by recent completion; stopping this tick
[robot_supervisor-13] [INFO] [1777456589.709853580] [robot_2.robot_supervisor]: Selected controllable event: EV_rotate_clockwise
[robot_supervisor-16] [INFO] [1777456589.805860578] [robot_3.robot_supervisor]: Selected controllable event: EV_rotate_counterclockwise
[robot_supervisor-19] [INFO] [1777456589.811439422] [robot_4.robot_supervisor]: Selected controllable event: EV_rotate_counterclockwise
[robot_supervisor-10] [INFO] [1777456590.292080011] [robot_1.robot_supervisor]: Selected controllable event: EV_full_rotate
[robot_supervisor-10] [INFO] [1777456590.292496433] [robot_1.robot_supervisor]: Starting FULL ROTATE (omega=1.000, have_odom=True, target_rad=3.142, timeout_s=3.500)
[robot_supervisor-10] [INFO] [1777456590.392065082] [robot_1.robot_supervisor]: FULL ROTATE active (accum_rad=0.000, timed_fallback=False, stall_count=0)
[bump_counter-3] [INFO] [1777456590.448287881] [bump_counter]: [global] bump #19 (obstacle) with: east_wall::link::collision
[robot_supervisor-10] [INFO] [1777456590.491890173] [robot_1.robot_supervisor]: FULL ROTATE active (accum_rad=0.006, timed_fallback=False, stall_count=0)
[robot_supervisor-10] [INFO] [1777456590.592052937] [robot_1.robot_supervisor]: FULL ROTATE active (accum_rad=0.041, timed_fallback=False, stall_count=0)
[robot_supervisor-10] [INFO] [1777456590.691981584] [robot_1.robot_supervisor]: FULL ROTATE active (accum_rad=0.105, timed_fallback=False, stall_count=0)
[robot_supervisor-7] [INFO] [1777456590.727770041] [robot_0.robot_supervisor]: Selected controllable event: EV_rotate_clockwise
[robot_supervisor-7] [INFO] [1777456590.728291154] [robot_0.robot_supervisor]: rotate_90 blocked by recent completion; stopping this tick
[robot_supervisor-10] [INFO] [1777456590.792100039] [robot_1.robot_supervisor]: FULL ROTATE active (accum_rad=0.198, timed_fallback=False, stall_count=0)
[robot_supervisor-7] [INFO] [1777456590.827255619] [robot_0.robot_supervisor]: Selected controllable event: EV_rotate_clockwise
[robot_supervisor-7] [INFO] [1777456590.827448565] [robot_0.robot_supervisor]: rotate_90 blocked by recent completion; stopping this tick
[robot_supervisor-10] [INFO] [1777456590.892057472] [robot_1.robot_supervisor]: FULL ROTATE active (accum_rad=0.298, timed_fallback=False, stall_count=0)
[robot_supervisor-7] [INFO] [1777456590.927448914] [robot_0.robot_supervisor]: Selected controllable event: EV_rotate_clockwise
[robot_supervisor-7] [INFO] [1777456590.927803557] [robot_0.robot_supervisor]: rotate_90 blocked by recent completion; stopping this tick
[robot_supervisor-10] [INFO] [1777456590.992042089] [robot_1.robot_supervisor]: FULL ROTATE active (accum_rad=0.398, timed_fallback=False, stall_count=0)
[robot_supervisor-7] [INFO] [1777456591.027394783] [robot_0.robot_supervisor]: Selected controllable event: EV_rotate_clockwise
[robot_supervisor-10] [INFO] [1777456591.091771478] [robot_1.robot_supervisor]: FULL ROTATE active (accum_rad=0.498, timed_fallback=False, stall_count=0)
[robot_supervisor-10] [INFO] [1777456591.191752009] [robot_1.robot_supervisor]: FULL ROTATE active (accum_rad=0.598, timed_fallback=False, stall_count=0)
[robot_supervisor-10] [INFO] [1777456591.292027389] [robot_1.robot_supervisor]: FULL ROTATE active (accum_rad=0.698, timed_fallback=False, stall_count=0)
[robot_supervisor-10] [INFO] [1777456591.392283158] [robot_1.robot_supervisor]: FULL ROTATE active (accum_rad=0.798, timed_fallback=False, stall_count=0)
[robot_supervisor-10] [INFO] [1777456591.492277364] [robot_1.robot_supervisor]: FULL ROTATE active (accum_rad=0.898, timed_fallback=False, stall_count=0)
[robot_supervisor-10] [INFO] [1777456591.592048928] [robot_1.robot_supervisor]: FULL ROTATE active (accum_rad=0.998, timed_fallback=False, stall_count=0)
[robot_supervisor-10] [INFO] [1777456591.692294048] [robot_1.robot_supervisor]: FULL ROTATE active (accum_rad=1.098, timed_fallback=False, stall_count=0)
[robot_supervisor-10] [INFO] [1777456591.792313229] [robot_1.robot_supervisor]: FULL ROTATE active (accum_rad=1.198, timed_fallback=False, stall_count=0)
[robot_supervisor-13] [INFO] [1777456591.809874987] [robot_2.robot_supervisor]: Selected controllable event: EV_rotate_clockwise
[robot_supervisor-13] [INFO] [1777456591.810238939] [robot_2.robot_supervisor]: rotate_90 blocked by recent completion; stopping this tick
[image_processor-21] [INFO] [1777456591.821542359] [robot_0.image_processor]: Zone=CORNER  left[p=0.622 near=3343 v=7650]  front[p=0.723 near=9521 v=12100]  right[p=0.972 near=0 v=5850]
[robot_supervisor-7] [INFO] [1777456591.822206830] [robot_0.robot_supervisor]: Detected zone changed to CORNER
[image_processor-25] [INFO] [1777456591.831449491] [robot_4.image_processor]: Zone=CORNER
[image_processor-23] [INFO] [1777456591.843244283] [robot_2.image_processor]: Zone=CORNER  left[p=0.259 near=7650 v=7650]  front[p=0.327 near=13500 v=13500]  right[p=0.552 near=6451 v=7740]
[robot_supervisor-13] [INFO] [1777456591.844211155] [robot_2.robot_supervisor]: Detected zone changed to CORNER
[image_processor-22] [INFO] [1777456591.855350378] [robot_1.image_processor]: Zone=RIGHT  left[p=2.780 near=0 v=4621]  front[p=1.193 near=0 v=10722]  right[p=0.562 near=5272 v=7740]
[robot_supervisor-10] [INFO] [1777456591.856530618] [robot_1.robot_supervisor]: Detected zone changed to RIGHT
[image_processor-24] [INFO] [1777456591.877076922] [robot_3.image_processor]: Zone=LEFT  left[p=0.621 near=6765 v=7650]  front[p=0.882 near=0 v=10468]  right[p=2.990 near=0 v=4665]
[robot_supervisor-16] [INFO] [1777456591.877581514] [robot_3.robot_supervisor]: Detected zone changed to LEFT
[robot_supervisor-10] [INFO] [1777456591.892265037] [robot_1.robot_supervisor]: FULL ROTATE active (accum_rad=1.298, timed_fallback=False, stall_count=0)
[robot_supervisor-16] [INFO] [1777456591.906245435] [robot_3.robot_supervisor]: Selected controllable event: EV_rotate_clockwise
[robot_supervisor-16] [INFO] [1777456591.906666296] [robot_3.robot_supervisor]: rotate_90 blocked by recent completion; stopping this tick
[robot_supervisor-13] [INFO] [1777456591.909870411] [robot_2.robot_supervisor]: Selected controllable event: EV_move_backward
[robot_supervisor-19] [INFO] [1777456591.911705462] [robot_4.robot_supervisor]: Selected controllable event: EV_full_rotate
[robot_supervisor-19] [INFO] [1777456591.912123836] [robot_4.robot_supervisor]: Starting FULL ROTATE (omega=1.000, have_odom=True, target_rad=3.142, timeout_s=3.500)
[robot_supervisor-10] [INFO] [1777456591.992317745] [robot_1.robot_supervisor]: FULL ROTATE active (accum_rad=1.398, timed_fallback=False, stall_count=0)
[robot_supervisor-16] [INFO] [1777456592.006122644] [robot_3.robot_supervisor]: Selected controllable event: EV_rotate_clockwise
[robot_supervisor-16] [INFO] [1777456592.006545178] [robot_3.robot_supervisor]: rotate_90 blocked by recent completion; stopping this tick
[robot_supervisor-19] [INFO] [1777456592.011411623] [robot_4.robot_supervisor]: FULL ROTATE active (accum_rad=0.000, timed_fallback=False, stall_count=0)
[robot_supervisor-10] [INFO] [1777456592.092289260] [robot_1.robot_supervisor]: FULL ROTATE active (accum_rad=1.498, timed_fallback=False, stall_count=0)
[robot_supervisor-16] [INFO] [1777456592.106069668] [robot_3.robot_supervisor]: Selected controllable event: EV_rotate_clockwise
[robot_supervisor-16] [INFO] [1777456592.106467109] [robot_3.robot_supervisor]: rotate_90 blocked by recent completion; stopping this tick
[robot_supervisor-19] [INFO] [1777456592.111543371] [robot_4.robot_supervisor]: FULL ROTATE active (accum_rad=0.023, timed_fallback=False, stall_count=0)
[robot_supervisor-10] [INFO] [1777456592.192075485] [robot_1.robot_supervisor]: FULL ROTATE active (accum_rad=1.598, timed_fallback=False, stall_count=0)
[robot_supervisor-16] [INFO] [1777456592.206224170] [robot_3.robot_supervisor]: Selected controllable event: EV_rotate_clockwise
[robot_supervisor-19] [INFO] [1777456592.211497862] [robot_4.robot_supervisor]: FULL ROTATE active (accum_rad=0.077, timed_fallback=False, stall_count=0)
[robot_supervisor-10] [INFO] [1777456592.292066818] [robot_1.robot_supervisor]: FULL ROTATE active (accum_rad=1.698, timed_fallback=False, stall_count=0)
[robot_supervisor-13] [INFO] [1777456592.309770449] [robot_2.robot_supervisor]: Selected controllable event: EV_rotate_counterclockwise
[robot_supervisor-19] [INFO] [1777456592.311468876] [robot_4.robot_supervisor]: FULL ROTATE active (accum_rad=0.160, timed_fallback=False, stall_count=0)
[robot_supervisor-10] [INFO] [1777456592.392138005] [robot_1.robot_supervisor]: FULL ROTATE active (accum_rad=1.798, timed_fallback=False, stall_count=0)
[robot_supervisor-19] [INFO] [1777456592.411469049] [robot_4.robot_supervisor]: FULL ROTATE active (accum_rad=0.260, timed_fallback=False, stall_count=0)
[robot_supervisor-10] [INFO] [1777456592.492001029] [robot_1.robot_supervisor]: FULL ROTATE active (accum_rad=1.898, timed_fallback=False, stall_count=0)
[robot_supervisor-19] [INFO] [1777456592.511586565] [robot_4.robot_supervisor]: FULL ROTATE active (accum_rad=0.360, timed_fallback=False, stall_count=0)
[robot_supervisor-10] [INFO] [1777456592.591822011] [robot_1.robot_supervisor]: FULL ROTATE active (accum_rad=1.998, timed_fallback=False, stall_count=0)
[robot_supervisor-19] [INFO] [1777456592.611598149] [robot_4.robot_supervisor]: FULL ROTATE active (accum_rad=0.460, timed_fallback=False, stall_count=0)
[robot_supervisor-10] [INFO] [1777456592.691998738] [robot_1.robot_supervisor]: FULL ROTATE active (accum_rad=2.098, timed_fallback=False, stall_count=0)
[robot_supervisor-19] [INFO] [1777456592.711386708] [robot_4.robot_supervisor]: FULL ROTATE active (accum_rad=0.560, timed_fallback=False, stall_count=0)
[robot_supervisor-10] [INFO] [1777456592.792222595] [robot_1.robot_supervisor]: FULL ROTATE active (accum_rad=2.198, timed_fallback=False, stall_count=0)
[robot_supervisor-19] [INFO] [1777456592.811895592] [robot_4.robot_supervisor]: FULL ROTATE active (accum_rad=0.660, timed_fallback=False, stall_count=0)
[bump_counter-3] [INFO] [1777456592.848006734] [bump_counter]: [global] bump #20 (obstacle) with: east_wall::link::collision
[robot_supervisor-10] [INFO] [1777456592.892109337] [robot_1.robot_supervisor]: FULL ROTATE active (accum_rad=2.298, timed_fallback=False, stall_count=0)
[robot_supervisor-19] [INFO] [1777456592.911622796] [robot_4.robot_supervisor]: FULL ROTATE active (accum_rad=0.760, timed_fallback=False, stall_count=0)
[robot_supervisor-10] [INFO] [1777456592.992207468] [robot_1.robot_supervisor]: FULL ROTATE active (accum_rad=2.398, timed_fallback=False, stall_count=0)
[robot_supervisor-19] [INFO] [1777456593.011625618] [robot_4.robot_supervisor]: FULL ROTATE active (accum_rad=0.860, timed_fallback=False, stall_count=0)
[robot_supervisor-10] [INFO] [1777456593.092115709] [robot_1.robot_supervisor]: FULL ROTATE active (accum_rad=2.498, timed_fallback=False, stall_count=0)
[robot_supervisor-19] [INFO] [1777456593.111641735] [robot_4.robot_supervisor]: FULL ROTATE active (accum_rad=0.960, timed_fallback=False, stall_count=0)
[robot_supervisor-10] [INFO] [1777456593.191976854] [robot_1.robot_supervisor]: FULL ROTATE active (accum_rad=2.598, timed_fallback=False, stall_count=0)
[robot_supervisor-19] [INFO] [1777456593.211648843] [robot_4.robot_supervisor]: FULL ROTATE active (accum_rad=1.060, timed_fallback=False, stall_count=0)
[robot_supervisor-7] [INFO] [1777456593.227263965] [robot_0.robot_supervisor]: Selected controllable event: EV_move_backward
[robot_supervisor-10] [INFO] [1777456593.292006718] [robot_1.robot_supervisor]: FULL ROTATE active (accum_rad=2.698, timed_fallback=False, stall_count=0)
[robot_supervisor-19] [INFO] [1777456593.311599963] [robot_4.robot_supervisor]: FULL ROTATE active (accum_rad=1.160, timed_fallback=False, stall_count=0)
[robot_supervisor-10] [INFO] [1777456593.392087435] [robot_1.robot_supervisor]: FULL ROTATE active (accum_rad=2.798, timed_fallback=False, stall_count=0)
[robot_supervisor-19] [INFO] [1777456593.411640422] [robot_4.robot_supervisor]: FULL ROTATE active (accum_rad=1.260, timed_fallback=False, stall_count=0)
[robot_supervisor-10] [INFO] [1777456593.492100828] [robot_1.robot_supervisor]: FULL ROTATE active (accum_rad=2.898, timed_fallback=False, stall_count=0)
[robot_supervisor-19] [INFO] [1777456593.511617084] [robot_4.robot_supervisor]: FULL ROTATE active (accum_rad=1.360, timed_fallback=False, stall_count=0)
[robot_supervisor-10] [INFO] [1777456593.592078809] [robot_1.robot_supervisor]: FULL ROTATE active (accum_rad=2.998, timed_fallback=False, stall_count=0)
[robot_supervisor-19] [INFO] [1777456593.611610088] [robot_4.robot_supervisor]: FULL ROTATE active (accum_rad=1.460, timed_fallback=False, stall_count=0)
[robot_supervisor-7] [INFO] [1777456593.627374182] [robot_0.robot_supervisor]: Selected controllable event: EV_rotate_counterclockwise
[robot_supervisor-10] [INFO] [1777456593.692052165] [robot_1.robot_supervisor]: FULL ROTATE active (accum_rad=3.098, timed_fallback=False, stall_count=0)
[robot_supervisor-10] [INFO] [1777456593.692594886] [robot_1.robot_supervisor]: FULL ROTATE completed by odom (accum_rad=3.198)
[robot_supervisor-10] [INFO] [1777456593.693011781] [robot_1.robot_supervisor]: FULL ROTATE stopped; supervisor will select next event next tick
[robot_supervisor-19] [INFO] [1777456593.711834960] [robot_4.robot_supervisor]: FULL ROTATE active (accum_rad=1.560, timed_fallback=False, stall_count=0)
[robot_supervisor-19] [INFO] [1777456593.811645090] [robot_4.robot_supervisor]: FULL ROTATE active (accum_rad=1.660, timed_fallback=False, stall_count=0)
[robot_supervisor-19] [INFO] [1777456593.911596188] [robot_4.robot_supervisor]: FULL ROTATE active (accum_rad=1.760, timed_fallback=False, stall_count=0)
[robot_supervisor-10] [INFO] [1777456593.992082019] [robot_1.robot_supervisor]: Selected controllable event: EV_rotate_counterclockwise
[robot_supervisor-19] [INFO] [1777456594.011449196] [robot_4.robot_supervisor]: FULL ROTATE active (accum_rad=1.860, timed_fallback=False, stall_count=0)
[robot_supervisor-19] [INFO] [1777456594.111436512] [robot_4.robot_supervisor]: FULL ROTATE active (accum_rad=1.960, timed_fallback=False, stall_count=0)
[robot_supervisor-19] [INFO] [1777456594.211430084] [robot_4.robot_supervisor]: FULL ROTATE active (accum_rad=2.060, timed_fallback=False, stall_count=0)
[robot_supervisor-19] [INFO] [1777456594.311911257] [robot_4.robot_supervisor]: FULL ROTATE active (accum_rad=2.160, timed_fallback=False, stall_count=0)
[image_processor-21] [INFO] [1777456594.318721143] [robot_0.image_processor]: Zone=LEFT  left[p=0.567 near=7522 v=7522]  front[p=0.809 near=787 v=9314]  right[p=2.785 near=0 v=4958]
[robot_supervisor-7] [INFO] [1777456594.319462153] [robot_0.robot_supervisor]: Detected zone changed to LEFT
[image_processor-25] [INFO] [1777456594.333948158] [robot_4.image_processor]: Zone=CLEAR  left[p=1.645 near=0 v=7177]  front[p=0.986 near=0 v=10298]  right[p=2.456 near=0 v=6719]
[robot_supervisor-19] [INFO] [1777456594.334884154] [robot_4.robot_supervisor]: Detected zone changed to CLEAR
[image_processor-23] [INFO] [1777456594.348601429] [robot_2.image_processor]: Zone=LEFT  left[p=0.669 near=7419 v=7650]  front[p=0.877 near=125 v=13500]  right[p=1.709 near=0 v=7740]
[robot_supervisor-13] [INFO] [1777456594.349048813] [robot_2.robot_supervisor]: Detected zone changed to LEFT
[image_processor-22] [INFO] [1777456594.363527681] [robot_1.image_processor]: Zone=LEFT  left[p=0.590 near=5639 v=7650]  front[p=0.990 near=831 v=12060]  right[p=1.885 near=0 v=7614]
[robot_supervisor-10] [INFO] [1777456594.363943706] [robot_1.robot_supervisor]: Detected zone changed to LEFT
[image_processor-24] [INFO] [1777456594.371545852] [robot_3.image_processor]: Zone=CORNER  left[p=0.342 near=3128 v=6223]  front[p=0.356 near=13500 v=13500]  right[p=0.393 near=7422 v=7740]
[robot_supervisor-16] [INFO] [1777456594.371993107] [robot_3.robot_supervisor]: Detected zone changed to CORNER
[robot_supervisor-16] [INFO] [1777456594.405957895] [robot_3.robot_supervisor]: Selected controllable event: EV_move_backward
[robot_supervisor-19] [INFO] [1777456594.411605399] [robot_4.robot_supervisor]: FULL ROTATE active (accum_rad=2.260, timed_fallback=False, stall_count=0)
[robot_supervisor-13] [INFO] [1777456594.509784487] [robot_2.robot_supervisor]: Selected controllable event: EV_rotate_clockwise
[robot_supervisor-13] [INFO] [1777456594.510099784] [robot_2.robot_supervisor]: rotate_90 blocked by recent completion; stopping this tick
[robot_supervisor-19] [INFO] [1777456594.511590092] [robot_4.robot_supervisor]: FULL ROTATE active (accum_rad=2.360, timed_fallback=False, stall_count=0)
[robot_supervisor-13] [INFO] [1777456594.609824161] [robot_2.robot_supervisor]: Selected controllable event: EV_rotate_clockwise
[robot_supervisor-13] [INFO] [1777456594.610125825] [robot_2.robot_supervisor]: rotate_90 blocked by recent completion; stopping this tick
[robot_supervisor-19] [INFO] [1777456594.611572103] [robot_4.robot_supervisor]: FULL ROTATE active (accum_rad=2.460, timed_fallback=False, stall_count=0)
[robot_supervisor-13] [INFO] [1777456594.709911329] [robot_2.robot_supervisor]: Selected controllable event: EV_rotate_clockwise
[robot_supervisor-19] [INFO] [1777456594.711624641] [robot_4.robot_supervisor]: FULL ROTATE active (accum_rad=2.560, timed_fallback=False, stall_count=0)
[robot_supervisor-16] [INFO] [1777456594.806020043] [robot_3.robot_supervisor]: Selected controllable event: EV_rotate_counterclockwise
[robot_supervisor-19] [INFO] [1777456594.811485355] [robot_4.robot_supervisor]: FULL ROTATE active (accum_rad=2.660, timed_fallback=False, stall_count=0)
[robot_supervisor-19] [INFO] [1777456594.911656028] [robot_4.robot_supervisor]: FULL ROTATE active (accum_rad=2.760, timed_fallback=False, stall_count=0)
[robot_supervisor-19] [INFO] [1777456595.011501345] [robot_4.robot_supervisor]: FULL ROTATE active (accum_rad=2.860, timed_fallback=False, stall_count=0)
[robot_supervisor-19] [INFO] [1777456595.111651543] [robot_4.robot_supervisor]: FULL ROTATE active (accum_rad=2.960, timed_fallback=False, stall_count=0)
[robot_supervisor-19] [INFO] [1777456595.211683329] [robot_4.robot_supervisor]: FULL ROTATE active (accum_rad=3.060, timed_fallback=False, stall_count=0)
[robot_supervisor-19] [INFO] [1777456595.212175180] [robot_4.robot_supervisor]: FULL ROTATE completed by odom (accum_rad=3.160)
[robot_supervisor-19] [INFO] [1777456595.212597479] [robot_4.robot_supervisor]: FULL ROTATE stopped; supervisor will select next event next tick
[robot_supervisor-19] [INFO] [1777456595.511895053] [robot_4.robot_supervisor]: Selected controllable event: EV_move_forward
[robot_supervisor-19] [INFO] [1777456595.811488403] [robot_4.robot_supervisor]: Selected controllable event: EV_move_forward
[robot_supervisor-7] [INFO] [1777456595.827597780] [robot_0.robot_supervisor]: Selected controllable event: EV_rotate_clockwise
[robot_supervisor-7] [INFO] [1777456595.827973844] [robot_0.robot_supervisor]: rotate_90 blocked by recent completion; stopping this tick
[robot_supervisor-7] [INFO] [1777456595.927530134] [robot_0.robot_supervisor]: Selected controllable event: EV_rotate_clockwise
[robot_supervisor-7] [INFO] [1777456595.927916073] [robot_0.robot_supervisor]: rotate_90 blocked by recent completion; stopping this tick
[robot_supervisor-7] [INFO] [1777456596.027314554] [robot_0.robot_supervisor]: Selected controllable event: EV_rotate_clockwise
[robot_supervisor-10] [INFO] [1777456596.092177344] [robot_1.robot_supervisor]: Selected controllable event: EV_rotate_clockwise
[robot_supervisor-10] [INFO] [1777456596.092567363] [robot_1.robot_supervisor]: rotate_90 blocked by recent completion; stopping this tick
[robot_supervisor-19] [INFO] [1777456596.111468090] [robot_4.robot_supervisor]: Selected controllable event: EV_move_forward
[robot_supervisor-10] [INFO] [1777456596.191769611] [robot_1.robot_supervisor]: Selected controllable event: EV_rotate_clockwise
[robot_supervisor-10] [INFO] [1777456596.191942827] [robot_1.robot_supervisor]: rotate_90 blocked by recent completion; stopping this tick
[robot_supervisor-10] [INFO] [1777456596.291751170] [robot_1.robot_supervisor]: Selected controllable event: EV_rotate_clockwise
[robot_supervisor-10] [INFO] [1777456596.291920113] [robot_1.robot_supervisor]: rotate_90 blocked by recent completion; stopping this tick
[robot_supervisor-10] [INFO] [1777456596.391893897] [robot_1.robot_supervisor]: Selected controllable event: EV_rotate_clockwise
[robot_supervisor-19] [INFO] [1777456596.411644002] [robot_4.robot_supervisor]: Selected controllable event: EV_move_forward
[robot_supervisor-19] [INFO] [1777456596.711750716] [robot_4.robot_supervisor]: Selected controllable event: EV_move_forward
[image_processor-21] [INFO] [1777456596.821329872] [robot_0.image_processor]: Zone=CORNER  left[p=0.622 near=3359 v=7650]  front[p=0.722 near=9572 v=12101]  right[p=0.970 near=0 v=5851]
[robot_supervisor-7] [INFO] [1777456596.821912300] [robot_0.robot_supervisor]: Detected zone changed to CORNER
[image_processor-25] [INFO] [1777456596.834689907] [robot_4.image_processor]: Zone=CLEAR
[image_processor-23] [INFO] [1777456596.845358597] [robot_2.image_processor]: Zone=CORNER  left[p=0.258 near=7650 v=7650]  front[p=0.327 near=13500 v=13500]  right[p=0.551 near=6472 v=7740]
[robot_supervisor-13] [INFO] [1777456596.846439309] [robot_2.robot_supervisor]: Detected zone changed to CORNER
[image_processor-22] [INFO] [1777456596.855618225] [robot_1.image_processor]: Zone=CORNER  left[p=0.605 near=7650 v=7650]  front[p=0.628 near=13500 v=13500]  right[p=0.615 near=7740 v=7740]
[robot_supervisor-10] [INFO] [1777456596.856363502] [robot_1.robot_supervisor]: Detected zone changed to CORNER
[image_processor-24] [INFO] [1777456596.876598457] [robot_3.image_processor]: Zone=LEFT  left[p=0.618 near=6955 v=7650]  front[p=0.873 near=1 v=10598]  right[p=2.990 near=0 v=4704]
[robot_supervisor-16] [INFO] [1777456596.877298868] [robot_3.robot_supervisor]: Detected zone changed to LEFT
[robot_supervisor-16] [INFO] [1777456596.906099210] [robot_3.robot_supervisor]: Selected controllable event: EV_rotate_clockwise
[robot_supervisor-16] [INFO] [1777456596.906541938] [robot_3.robot_supervisor]: rotate_90 blocked by recent completion; stopping this tick
[robot_supervisor-13] [INFO] [1777456596.909759256] [robot_2.robot_supervisor]: Selected controllable event: EV_move_backward
[robot_supervisor-16] [INFO] [1777456597.006039445] [robot_3.robot_supervisor]: Selected controllable event: EV_rotate_clockwise
[robot_supervisor-16] [INFO] [1777456597.006438988] [robot_3.robot_supervisor]: rotate_90 blocked by recent completion; stopping this tick
[robot_supervisor-19] [INFO] [1777456597.011660555] [robot_4.robot_supervisor]: Selected controllable event: EV_move_forward
[robot_supervisor-16] [INFO] [1777456597.105853661] [robot_3.robot_supervisor]: Selected controllable event: EV_rotate_clockwise
[robot_supervisor-16] [INFO] [1777456597.106070681] [robot_3.robot_supervisor]: rotate_90 blocked by recent completion; stopping this tick
[robot_supervisor-16] [INFO] [1777456597.205954003] [robot_3.robot_supervisor]: Selected controllable event: EV_rotate_clockwise
[robot_supervisor-13] [INFO] [1777456597.310094486] [robot_2.robot_supervisor]: Selected controllable event: EV_rotate_counterclockwise
[robot_supervisor-19] [INFO] [1777456597.312523959] [robot_4.robot_supervisor]: Selected controllable event: EV_move_forward
[robot_supervisor-19] [INFO] [1777456597.611464225] [robot_4.robot_supervisor]: Selected controllable event: EV_move_forward
[robot_supervisor-19] [INFO] [1777456597.911705323] [robot_4.robot_supervisor]: Selected controllable event: EV_move_forward
[robot_supervisor-19] [INFO] [1777456598.211912006] [robot_4.robot_supervisor]: Selected controllable event: EV_move_forward
[robot_supervisor-7] [INFO] [1777456598.227408584] [robot_0.robot_supervisor]: Selected controllable event: EV_move_backward
[robot_supervisor-19] [INFO] [1777456598.512303827] [robot_4.robot_supervisor]: Selected controllable event: EV_move_forward
[robot_supervisor-10] [INFO] [1777456598.592072476] [robot_1.robot_supervisor]: Selected controllable event: EV_move_backward
[robot_supervisor-7] [INFO] [1777456598.627436480] [robot_0.robot_supervisor]: Selected controllable event: EV_rotate_counterclockwise
[robot_supervisor-19] [INFO] [1777456598.812471005] [robot_4.robot_supervisor]: Selected controllable event: EV_move_forward
[robot_supervisor-10] [INFO] [1777456598.991787165] [robot_1.robot_supervisor]: Selected controllable event: EV_rotate_counterclockwise
[robot_supervisor-19] [INFO] [1777456599.112429503] [robot_4.robot_supervisor]: Selected controllable event: EV_move_forward
[image_processor-21] [INFO] [1777456599.319616097] [robot_0.image_processor]: Zone=LEFT  left[p=0.566 near=7525 v=7525]  front[p=0.808 near=803 v=9315]  right[p=2.785 near=0 v=4958]
[robot_supervisor-7] [INFO] [1777456599.320237765] [robot_0.robot_supervisor]: Detected zone changed to LEFT
[image_processor-25] [INFO] [1777456599.333387815] [robot_4.image_processor]: Zone=CLEAR
[image_processor-23] [INFO] [1777456599.346234628] [robot_2.image_processor]: Zone=LEFT  left[p=0.669 near=7420 v=7650]  front[p=0.877 near=127 v=13500]  right[p=1.708 near=0 v=7740]
[robot_supervisor-13] [INFO] [1777456599.347018854] [robot_2.robot_supervisor]: Detected zone changed to LEFT
[image_processor-22] [INFO] [1777456599.362627742] [robot_1.image_processor]: Zone=LEFT  left[p=0.605 near=5391 v=7650]  front[p=1.029 near=0 v=12064]  right[p=1.886 near=0 v=7609]
[robot_supervisor-10] [INFO] [1777456599.363717603] [robot_1.robot_supervisor]: Detected zone changed to LEFT
[image_processor-24] [INFO] [1777456599.370544217] [robot_3.image_processor]: Zone=CORNER  left[p=0.345 near=2641 v=6061]  front[p=0.356 near=13500 v=13500]  right[p=0.387 near=7690 v=7740]
[robot_supervisor-16] [INFO] [1777456599.371028395] [robot_3.robot_supervisor]: Detected zone changed to CORNER
[robot_supervisor-16] [INFO] [1777456599.406211954] [robot_3.robot_supervisor]: Selected controllable event: EV_move_backward
[robot_supervisor-19] [INFO] [1777456599.411948592] [robot_4.robot_supervisor]: Selected controllable event: EV_move_forward
[robot_supervisor-13] [INFO] [1777456599.509864399] [robot_2.robot_supervisor]: Selected controllable event: EV_rotate_clockwise
[robot_supervisor-13] [INFO] [1777456599.510232287] [robot_2.robot_supervisor]: rotate_90 blocked by recent completion; stopping this tick
[robot_supervisor-13] [INFO] [1777456599.609691019] [robot_2.robot_supervisor]: Selected controllable event: EV_rotate_clockwise
[robot_supervisor-13] [INFO] [1777456599.609907766] [robot_2.robot_supervisor]: rotate_90 blocked by recent completion; stopping this tick
[robot_supervisor-13] [INFO] [1777456599.709565881] [robot_2.robot_supervisor]: Selected controllable event: EV_rotate_clockwise
[robot_supervisor-19] [INFO] [1777456599.711691211] [robot_4.robot_supervisor]: Selected controllable event: EV_move_forward
[robot_supervisor-16] [INFO] [1777456599.806102863] [robot_3.robot_supervisor]: Selected controllable event: EV_rotate_counterclockwise
[robot_supervisor-19] [INFO] [1777456600.011692388] [robot_4.robot_supervisor]: Selected controllable event: EV_move_forward
[robot_supervisor-19] [INFO] [1777456600.311736629] [robot_4.robot_supervisor]: Selected controllable event: EV_move_forward
[robot_supervisor-19] [INFO] [1777456600.611881976] [robot_4.robot_supervisor]: Selected controllable event: EV_move_forward
[robot_supervisor-7] [INFO] [1777456600.827618383] [robot_0.robot_supervisor]: Selected controllable event: EV_rotate_clockwise
[robot_supervisor-7] [INFO] [1777456600.828046345] [robot_0.robot_supervisor]: rotate_90 blocked by recent completion; stopping this tick
[robot_supervisor-19] [INFO] [1777456600.911594429] [robot_4.robot_supervisor]: Selected controllable event: EV_move_forward
[robot_supervisor-7] [INFO] [1777456600.927422459] [robot_0.robot_supervisor]: Selected controllable event: EV_rotate_clockwise
[robot_supervisor-7] [INFO] [1777456600.927799052] [robot_0.robot_supervisor]: rotate_90 blocked by recent completion; stopping this tick
[robot_supervisor-7] [INFO] [1777456601.027529068] [robot_0.robot_supervisor]: Selected controllable event: EV_rotate_clockwise
[robot_supervisor-10] [INFO] [1777456601.191880392] [robot_1.robot_supervisor]: Selected controllable event: EV_rotate_clockwise
[robot_supervisor-10] [INFO] [1777456601.192085161] [robot_1.robot_supervisor]: rotate_90 blocked by recent completion; stopping this tick
[robot_supervisor-19] [INFO] [1777456601.211684631] [robot_4.robot_supervisor]: Selected controllable event: EV_move_forward
[robot_supervisor-10] [INFO] [1777456601.292070064] [robot_1.robot_supervisor]: Selected controllable event: EV_rotate_clockwise
[robot_supervisor-10] [INFO] [1777456601.292479825] [robot_1.robot_supervisor]: rotate_90 blocked by recent completion; stopping this tick
[robot_supervisor-10] [INFO] [1777456601.391917307] [robot_1.robot_supervisor]: Selected controllable event: EV_rotate_clockwise
[robot_supervisor-19] [INFO] [1777456601.511627586] [robot_4.robot_supervisor]: Selected controllable event: EV_move_forward
[robot_supervisor-13] [INFO] [1777456601.810145294] [robot_2.robot_supervisor]: Selected controllable event: EV_rotate_clockwise
[robot_supervisor-13] [INFO] [1777456601.810468715] [robot_2.robot_supervisor]: rotate_90 blocked by recent completion; stopping this tick
[robot_supervisor-19] [INFO] [1777456601.811894522] [robot_4.robot_supervisor]: Selected controllable event: EV_move_forward
[image_processor-21] [INFO] [1777456601.821479081] [robot_0.image_processor]: Zone=CORNER  left[p=0.622 near=3374 v=7650]  front[p=0.721 near=9628 v=12111]  right[p=0.968 near=0 v=5852]
[robot_supervisor-7] [INFO] [1777456601.822255839] [robot_0.robot_supervisor]: Detected zone changed to CORNER
[image_processor-25] [INFO] [1777456601.832722294] [robot_4.image_processor]: Zone=CLEAR
[image_processor-23] [INFO] [1777456601.844419798] [robot_2.image_processor]: Zone=CORNER  left[p=0.258 near=7650 v=7650]  front[p=0.326 near=13500 v=13500]  right[p=0.550 near=6494 v=7740]
[robot_supervisor-13] [INFO] [1777456601.845323802] [robot_2.robot_supervisor]: Detected zone changed to CORNER
[image_processor-22] [INFO] [1777456601.852711103] [robot_1.image_processor]: Zone=CORNER  left[p=0.605 near=7650 v=7650]  front[p=0.627 near=13500 v=13500]  right[p=0.615 near=7740 v=7740]
[robot_supervisor-10] [INFO] [1777456601.853288840] [robot_1.robot_supervisor]: Detected zone changed to CORNER
[image_processor-24] [INFO] [1777456601.874023014] [robot_3.image_processor]: Zone=LEFT  left[p=0.616 near=7123 v=7650]  front[p=0.864 near=24 v=10740]  right[p=2.990 near=0 v=4694]
[robot_supervisor-16] [INFO] [1777456601.874731311] [robot_3.robot_supervisor]: Detected zone changed to LEFT
[robot_supervisor-16] [INFO] [1777456601.906051045] [robot_3.robot_supervisor]: Selected controllable event: EV_rotate_clockwise
[robot_supervisor-16] [INFO] [1777456601.906410821] [robot_3.robot_supervisor]: rotate_90 blocked by recent completion; stopping this tick
[robot_supervisor-13] [INFO] [1777456601.910061215] [robot_2.robot_supervisor]: Selected controllable event: EV_move_backward
[robot_supervisor-16] [INFO] [1777456602.006027139] [robot_3.robot_supervisor]: Selected controllable event: EV_rotate_clockwise
[robot_supervisor-16] [INFO] [1777456602.006500128] [robot_3.robot_supervisor]: rotate_90 blocked by recent completion; stopping this tick
[robot_supervisor-16] [INFO] [1777456602.105970417] [robot_3.robot_supervisor]: Selected controllable event: EV_rotate_clockwise
[robot_supervisor-16] [INFO] [1777456602.106462391] [robot_3.robot_supervisor]: rotate_90 blocked by recent completion; stopping this tick
[robot_supervisor-19] [INFO] [1777456602.111670133] [robot_4.robot_supervisor]: Selected controllable event: EV_move_forward
[robot_supervisor-16] [INFO] [1777456602.205972807] [robot_3.robot_supervisor]: Selected controllable event: EV_rotate_clockwise
[robot_supervisor-13] [INFO] [1777456602.309842310] [robot_2.robot_supervisor]: Selected controllable event: EV_rotate_counterclockwise
[robot_supervisor-19] [INFO] [1777456602.411675941] [robot_4.robot_supervisor]: Selected controllable event: EV_move_forward
[robot_supervisor-19] [INFO] [1777456602.711696936] [robot_4.robot_supervisor]: Selected controllable event: EV_move_forward
[robot_supervisor-19] [INFO] [1777456603.011684990] [robot_4.robot_supervisor]: Selected controllable event: EV_move_forward
[robot_supervisor-7] [INFO] [1777456603.127601029] [robot_0.robot_supervisor]: Selected controllable event: EV_move_backward
[robot_supervisor-19] [INFO] [1777456603.311698044] [robot_4.robot_supervisor]: Selected controllable event: EV_move_forward
[robot_supervisor-7] [INFO] [1777456603.527607547] [robot_0.robot_supervisor]: Selected controllable event: EV_rotate_counterclockwise
[robot_supervisor-10] [INFO] [1777456603.591912437] [robot_1.robot_supervisor]: Selected controllable event: EV_move_backward
[robot_supervisor-19] [INFO] [1777456603.611772209] [robot_4.robot_supervisor]: Selected controllable event: EV_move_forward
[robot_supervisor-19] [INFO] [1777456603.911697024] [robot_4.robot_supervisor]: Selected controllable event: EV_move_forward
[robot_supervisor-10] [INFO] [1777456603.991987260] [robot_1.robot_supervisor]: Selected controllable event: EV_rotate_counterclockwise
[robot_supervisor-19] [INFO] [1777456604.211692990] [robot_4.robot_supervisor]: Selected controllable event: EV_move_forward
[image_processor-21] [INFO] [1777456604.320737922] [robot_0.image_processor]: Zone=CORNER
[image_processor-25] [INFO] [1777456604.334028749] [robot_4.image_processor]: Zone=CORNER  left[p=1.123 near=0 v=7650]  front[p=0.503 near=1629 v=10120]  right[p=0.424 near=7740 v=7740]
[robot_supervisor-19] [INFO] [1777456604.334819489] [robot_4.robot_supervisor]: Detected zone changed to CORNER
[image_processor-23] [INFO] [1777456604.348387222] [robot_2.image_processor]: Zone=LEFT  left[p=0.668 near=7430 v=7650]  front[p=0.877 near=131 v=13500]  right[p=1.209 near=0 v=7740]
[robot_supervisor-13] [INFO] [1777456604.349101162] [robot_2.robot_supervisor]: Detected zone changed to LEFT
[image_processor-22] [INFO] [1777456604.363412683] [robot_1.image_processor]: Zone=LEFT  left[p=0.604 near=5408 v=7650]  front[p=1.054 near=0 v=12065]  right[p=1.880 near=0 v=7607]
[robot_supervisor-10] [INFO] [1777456604.363833519] [robot_1.robot_supervisor]: Detected zone changed to LEFT
[image_processor-24] [INFO] [1777456604.372066797] [robot_3.image_processor]: Zone=CORNER  left[p=0.347 near=2365 v=5968]  front[p=0.356 near=13500 v=13500]  right[p=0.384 near=7739 v=7740]
[robot_supervisor-16] [INFO] [1777456604.372783456] [robot_3.robot_supervisor]: Detected zone changed to CORNER
[robot_supervisor-16] [INFO] [1777456604.406337600] [robot_3.robot_supervisor]: Selected controllable event: EV_move_backward
[robot_supervisor-13] [INFO] [1777456604.409638954] [robot_2.robot_supervisor]: Selected controllable event: EV_rotate_clockwise
[robot_supervisor-13] [INFO] [1777456604.409802131] [robot_2.robot_supervisor]: rotate_90 blocked by recent completion; stopping this tick
[robot_supervisor-13] [INFO] [1777456604.509617683] [robot_2.robot_supervisor]: Selected controllable event: EV_rotate_clockwise
[robot_supervisor-13] [INFO] [1777456604.509792920] [robot_2.robot_supervisor]: rotate_90 blocked by recent completion; stopping this tick
[robot_supervisor-19] [INFO] [1777456604.511644573] [robot_4.robot_supervisor]: Selected controllable event: EV_move_backward
[robot_supervisor-13] [INFO] [1777456604.609599738] [robot_2.robot_supervisor]: Selected controllable event: EV_rotate_clockwise
[robot_supervisor-13] [INFO] [1777456604.609758788] [robot_2.robot_supervisor]: rotate_90 blocked by recent completion; stopping this tick
[robot_supervisor-13] [INFO] [1777456604.709877617] [robot_2.robot_supervisor]: Selected controllable event: EV_rotate_clockwise
[robot_supervisor-16] [INFO] [1777456604.806069935] [robot_3.robot_supervisor]: Selected controllable event: EV_rotate_counterclockwise
[robot_supervisor-19] [INFO] [1777456604.911724805] [robot_4.robot_supervisor]: Selected controllable event: EV_rotate_counterclockwise
[robot_supervisor-7] [INFO] [1777456605.727397137] [robot_0.robot_supervisor]: Selected controllable event: EV_full_rotate
[robot_supervisor-7] [INFO] [1777456605.727798996] [robot_0.robot_supervisor]: Starting FULL ROTATE (omega=1.000, have_odom=True, target_rad=3.142, timeout_s=3.500)
[robot_supervisor-7] [INFO] [1777456605.827487126] [robot_0.robot_supervisor]: FULL ROTATE active (accum_rad=0.000, timed_fallback=False, stall_count=0)
[robot_supervisor-7] [INFO] [1777456605.927339264] [robot_0.robot_supervisor]: FULL ROTATE active (accum_rad=0.008, timed_fallback=False, stall_count=0)
[robot_supervisor-7] [INFO] [1777456606.027292057] [robot_0.robot_supervisor]: FULL ROTATE active (accum_rad=0.046, timed_fallback=False, stall_count=0)
[robot_supervisor-7] [INFO] [1777456606.127538996] [robot_0.robot_supervisor]: FULL ROTATE active (accum_rad=0.113, timed_fallback=False, stall_count=0)
[robot_supervisor-10] [INFO] [1777456606.191841210] [robot_1.robot_supervisor]: Selected controllable event: EV_rotate_clockwise
[robot_supervisor-10] [INFO] [1777456606.192064028] [robot_1.robot_supervisor]: rotate_90 blocked by recent completion; stopping this tick
[robot_supervisor-7] [INFO] [1777456606.227475515] [robot_0.robot_supervisor]: FULL ROTATE active (accum_rad=0.208, timed_fallback=False, stall_count=0)
[robot_supervisor-10] [INFO] [1777456606.292097809] [robot_1.robot_supervisor]: Selected controllable event: EV_rotate_clockwise
[robot_supervisor-10] [INFO] [1777456606.292476301] [robot_1.robot_supervisor]: rotate_90 blocked by recent completion; stopping this tick
[robot_supervisor-7] [INFO] [1777456606.327651793] [robot_0.robot_supervisor]: FULL ROTATE active (accum_rad=0.308, timed_fallback=False, stall_count=0)
[robot_supervisor-10] [INFO] [1777456606.392452246] [robot_1.robot_supervisor]: Selected controllable event: EV_rotate_clockwise
[robot_supervisor-7] [INFO] [1777456606.427524200] [robot_0.robot_supervisor]: FULL ROTATE active (accum_rad=0.408, timed_fallback=False, stall_count=0)
[robot_supervisor-7] [INFO] [1777456606.527513522] [robot_0.robot_supervisor]: FULL ROTATE active (accum_rad=0.508, timed_fallback=False, stall_count=0)
[robot_supervisor-7] [INFO] [1777456606.627499226] [robot_0.robot_supervisor]: FULL ROTATE active (accum_rad=0.608, timed_fallback=False, stall_count=0)
[robot_supervisor-7] [INFO] [1777456606.727406630] [robot_0.robot_supervisor]: FULL ROTATE active (accum_rad=0.708, timed_fallback=False, stall_count=0)
[image_processor-21] [INFO] [1777456606.822490759] [robot_0.image_processor]: Zone=CORNER
[robot_supervisor-7] [INFO] [1777456606.827349508] [robot_0.robot_supervisor]: FULL ROTATE active (accum_rad=0.808, timed_fallback=False, stall_count=0)
[image_processor-25] [INFO] [1777456606.833915504] [robot_4.image_processor]: Zone=CORNER
[image_processor-23] [INFO] [1777456606.845899452] [robot_2.image_processor]: Zone=CORNER  left[p=0.257 near=7650 v=7650]  front[p=0.326 near=13500 v=13500]  right[p=0.549 near=6516 v=7740]
[robot_supervisor-13] [INFO] [1777456606.846661975] [robot_2.robot_supervisor]: Detected zone changed to CORNER
[image_processor-22] [INFO] [1777456606.854670900] [robot_1.image_processor]: Zone=CORNER  left[p=0.605 near=7650 v=7650]  front[p=0.627 near=13500 v=13500]  right[p=0.614 near=7740 v=7740]
[robot_supervisor-10] [INFO] [1777456606.855701515] [robot_1.robot_supervisor]: Detected zone changed to CORNER
[image_processor-24] [INFO] [1777456606.876434704] [robot_3.image_processor]: Zone=LEFT  left[p=0.616 near=7131 v=7650]  front[p=0.863 near=26 v=10730]  right[p=2.990 near=0 v=4694]
[robot_supervisor-16] [INFO] [1777456606.876898433] [robot_3.robot_supervisor]: Detected zone changed to LEFT
[robot_supervisor-16] [INFO] [1777456606.906161167] [robot_3.robot_supervisor]: Selected controllable event: EV_rotate_clockwise
[robot_supervisor-16] [INFO] [1777456606.906540054] [robot_3.robot_supervisor]: rotate_90 blocked by recent completion; stopping this tick
[robot_supervisor-13] [INFO] [1777456606.909859158] [robot_2.robot_supervisor]: Selected controllable event: EV_move_backward
[robot_supervisor-7] [INFO] [1777456606.927562286] [robot_0.robot_supervisor]: FULL ROTATE active (accum_rad=0.908, timed_fallback=False, stall_count=0)
[robot_supervisor-16] [INFO] [1777456607.006321628] [robot_3.robot_supervisor]: Selected controllable event: EV_rotate_clockwise
[robot_supervisor-16] [INFO] [1777456607.006694004] [robot_3.robot_supervisor]: rotate_90 blocked by recent completion; stopping this tick
[robot_supervisor-7] [INFO] [1777456607.027777442] [robot_0.robot_supervisor]: FULL ROTATE active (accum_rad=1.008, timed_fallback=False, stall_count=0)
[robot_supervisor-16] [INFO] [1777456607.106066761] [robot_3.robot_supervisor]: Selected controllable event: EV_rotate_clockwise
[robot_supervisor-16] [INFO] [1777456607.106459150] [robot_3.robot_supervisor]: rotate_90 blocked by recent completion; stopping this tick
[robot_supervisor-19] [INFO] [1777456607.111484409] [robot_4.robot_supervisor]: Selected controllable event: EV_full_rotate
[robot_supervisor-19] [INFO] [1777456607.111796896] [robot_4.robot_supervisor]: Starting FULL ROTATE (omega=1.000, have_odom=True, target_rad=3.142, timeout_s=3.500)
[robot_supervisor-7] [INFO] [1777456607.127614960] [robot_0.robot_supervisor]: FULL ROTATE active (accum_rad=1.108, timed_fallback=False, stall_count=0)
[robot_supervisor-16] [INFO] [1777456607.205977335] [robot_3.robot_supervisor]: Selected controllable event: EV_rotate_clockwise
[robot_supervisor-19] [INFO] [1777456607.211619639] [robot_4.robot_supervisor]: FULL ROTATE active (accum_rad=0.000, timed_fallback=False, stall_count=0)
[robot_supervisor-7] [INFO] [1777456607.227527745] [robot_0.robot_supervisor]: FULL ROTATE active (accum_rad=1.208, timed_fallback=False, stall_count=0)
[robot_supervisor-13] [INFO] [1777456607.309593621] [robot_2.robot_supervisor]: Selected controllable event: EV_rotate_counterclockwise
[robot_supervisor-19] [INFO] [1777456607.311650015] [robot_4.robot_supervisor]: FULL ROTATE active (accum_rad=0.013, timed_fallback=False, stall_count=0)
[robot_supervisor-7] [INFO] [1777456607.327438705] [robot_0.robot_supervisor]: FULL ROTATE active (accum_rad=1.308, timed_fallback=False, stall_count=0)
[robot_supervisor-19] [INFO] [1777456607.411624455] [robot_4.robot_supervisor]: FULL ROTATE active (accum_rad=0.057, timed_fallback=False, stall_count=0)
[robot_supervisor-7] [INFO] [1777456607.427567997] [robot_0.robot_supervisor]: FULL ROTATE active (accum_rad=1.408, timed_fallback=False, stall_count=0)
[robot_supervisor-19] [INFO] [1777456607.511601656] [robot_4.robot_supervisor]: FULL ROTATE active (accum_rad=0.130, timed_fallback=False, stall_count=0)
[robot_supervisor-7] [INFO] [1777456607.527320359] [robot_0.robot_supervisor]: FULL ROTATE active (accum_rad=1.508, timed_fallback=False, stall_count=0)
[robot_supervisor-19] [INFO] [1777456607.611430523] [robot_4.robot_supervisor]: FULL ROTATE active (accum_rad=0.228, timed_fallback=False, stall_count=0)
[robot_supervisor-7] [INFO] [1777456607.627292274] [robot_0.robot_supervisor]: FULL ROTATE active (accum_rad=1.608, timed_fallback=False, stall_count=0)
[robot_supervisor-19] [INFO] [1777456607.711408368] [robot_4.robot_supervisor]: FULL ROTATE active (accum_rad=0.328, timed_fallback=False, stall_count=0)
[robot_supervisor-7] [INFO] [1777456607.727318844] [robot_0.robot_supervisor]: FULL ROTATE active (accum_rad=1.708, timed_fallback=False, stall_count=0)
[robot_supervisor-19] [INFO] [1777456607.811479192] [robot_4.robot_supervisor]: FULL ROTATE active (accum_rad=0.428, timed_fallback=False, stall_count=0)
[robot_supervisor-7] [INFO] [1777456607.827701446] [robot_0.robot_supervisor]: FULL ROTATE active (accum_rad=1.808, timed_fallback=False, stall_count=0)
[robot_supervisor-19] [INFO] [1777456607.911899515] [robot_4.robot_supervisor]: FULL ROTATE active (accum_rad=0.528, timed_fallback=False, stall_count=0)
[robot_supervisor-7] [INFO] [1777456607.927421621] [robot_0.robot_supervisor]: FULL ROTATE active (accum_rad=1.908, timed_fallback=False, stall_count=0)
[robot_supervisor-19] [INFO] [1777456608.011760611] [robot_4.robot_supervisor]: FULL ROTATE active (accum_rad=0.628, timed_fallback=False, stall_count=0)
[robot_supervisor-7] [INFO] [1777456608.027279650] [robot_0.robot_supervisor]: FULL ROTATE active (accum_rad=2.008, timed_fallback=False, stall_count=0)
[robot_supervisor-19] [INFO] [1777456608.111516280] [robot_4.robot_supervisor]: FULL ROTATE active (accum_rad=0.728, timed_fallback=False, stall_count=0)
[robot_supervisor-7] [INFO] [1777456608.127537639] [robot_0.robot_supervisor]: FULL ROTATE active (accum_rad=2.108, timed_fallback=False, stall_count=0)
[robot_supervisor-19] [INFO] [1777456608.211598015] [robot_4.robot_supervisor]: FULL ROTATE active (accum_rad=0.828, timed_fallback=False, stall_count=0)
[robot_supervisor-7] [INFO] [1777456608.227319521] [robot_0.robot_supervisor]: FULL ROTATE active (accum_rad=2.208, timed_fallback=False, stall_count=0)
[robot_supervisor-19] [INFO] [1777456608.311703222] [robot_4.robot_supervisor]: FULL ROTATE active (accum_rad=0.928, timed_fallback=False, stall_count=0)
[robot_supervisor-7] [INFO] [1777456608.327439301] [robot_0.robot_supervisor]: FULL ROTATE active (accum_rad=2.308, timed_fallback=False, stall_count=0)
[robot_supervisor-19] [INFO] [1777456608.411618212] [robot_4.robot_supervisor]: FULL ROTATE active (accum_rad=1.028, timed_fallback=False, stall_count=0)
[robot_supervisor-7] [INFO] [1777456608.427478507] [robot_0.robot_supervisor]: FULL ROTATE active (accum_rad=2.408, timed_fallback=False, stall_count=0)
[robot_supervisor-10] [INFO] [1777456608.492258477] [robot_1.robot_supervisor]: Selected controllable event: EV_move_backward
[robot_supervisor-19] [INFO] [1777456608.511564647] [robot_4.robot_supervisor]: FULL ROTATE active (accum_rad=1.128, timed_fallback=False, stall_count=0)
[robot_supervisor-7] [INFO] [1777456608.527297460] [robot_0.robot_supervisor]: FULL ROTATE active (accum_rad=2.508, timed_fallback=False, stall_count=0)
[robot_supervisor-19] [INFO] [1777456608.611586607] [robot_4.robot_supervisor]: FULL ROTATE active (accum_rad=1.228, timed_fallback=False, stall_count=0)
[robot_supervisor-7] [INFO] [1777456608.627409590] [robot_0.robot_supervisor]: FULL ROTATE active (accum_rad=2.608, timed_fallback=False, stall_count=0)
[robot_supervisor-19] [INFO] [1777456608.711464173] [robot_4.robot_supervisor]: FULL ROTATE active (accum_rad=1.328, timed_fallback=False, stall_count=0)
[robot_supervisor-7] [INFO] [1777456608.727519432] [robot_0.robot_supervisor]: FULL ROTATE active (accum_rad=2.708, timed_fallback=False, stall_count=0)
[robot_supervisor-19] [INFO] [1777456608.811796718] [robot_4.robot_supervisor]: FULL ROTATE active (accum_rad=1.428, timed_fallback=False, stall_count=0)
[robot_supervisor-7] [INFO] [1777456608.827457290] [robot_0.robot_supervisor]: FULL ROTATE active (accum_rad=2.808, timed_fallback=False, stall_count=0)
[robot_supervisor-10] [INFO] [1777456608.892392811] [robot_1.robot_supervisor]: Selected controllable event: EV_rotate_counterclockwise
[robot_supervisor-19] [INFO] [1777456608.911634308] [robot_4.robot_supervisor]: FULL ROTATE active (accum_rad=1.528, timed_fallback=False, stall_count=0)
[robot_supervisor-7] [INFO] [1777456608.927381212] [robot_0.robot_supervisor]: FULL ROTATE active (accum_rad=2.908, timed_fallback=False, stall_count=0)
[robot_supervisor-19] [INFO] [1777456609.011594575] [robot_4.robot_supervisor]: FULL ROTATE active (accum_rad=1.628, timed_fallback=False, stall_count=0)
[robot_supervisor-7] [INFO] [1777456609.027354836] [robot_0.robot_supervisor]: FULL ROTATE active (accum_rad=3.008, timed_fallback=False, stall_count=0)
[robot_supervisor-19] [INFO] [1777456609.111773760] [robot_4.robot_supervisor]: FULL ROTATE active (accum_rad=1.728, timed_fallback=False, stall_count=0)
[robot_supervisor-7] [INFO] [1777456609.127279236] [robot_0.robot_supervisor]: FULL ROTATE active (accum_rad=3.108, timed_fallback=False, stall_count=0)
[robot_supervisor-7] [INFO] [1777456609.127727073] [robot_0.robot_supervisor]: FULL ROTATE completed by odom (accum_rad=3.208)
[robot_supervisor-7] [INFO] [1777456609.128109992] [robot_0.robot_supervisor]: FULL ROTATE stopped; supervisor will select next event next tick
[robot_supervisor-19] [INFO] [1777456609.211776841] [robot_4.robot_supervisor]: FULL ROTATE active (accum_rad=1.828, timed_fallback=False, stall_count=0)
[robot_supervisor-16] [INFO] [1777456609.306036822] [robot_3.robot_supervisor]: Selected controllable event: EV_rotate_clockwise
[robot_supervisor-16] [INFO] [1777456609.306787788] [robot_3.robot_supervisor]: rotate_90 blocked by recent completion; stopping this tick
[robot_supervisor-19] [INFO] [1777456609.311608085] [robot_4.robot_supervisor]: FULL ROTATE active (accum_rad=1.928, timed_fallback=False, stall_count=0)
[image_processor-21] [INFO] [1777456609.328394677] [robot_0.image_processor]: Zone=RIGHT  left[p=1.082 near=0 v=7650]  front[p=1.519 near=0 v=12737]  right[p=0.516 near=4709 v=7740]
[robot_supervisor-7] [INFO] [1777456609.328884443] [robot_0.robot_supervisor]: Detected zone changed to RIGHT
[image_processor-25] [INFO] [1777456609.339857169] [robot_4.image_processor]: Zone=CLEAR  left[p=0.872 near=0 v=7650]  front[p=2.076 near=0 v=13500]  right[p=0.909 near=0 v=7740]
[robot_supervisor-19] [INFO] [1777456609.340607229] [robot_4.robot_supervisor]: Detected zone changed to CLEAR
[image_processor-23] [INFO] [1777456609.353976410] [robot_2.image_processor]: Zone=LEFT  left[p=0.667 near=7433 v=7650]  front[p=0.877 near=133 v=13500]  right[p=1.282 near=0 v=7740]
[robot_supervisor-13] [INFO] [1777456609.354484035] [robot_2.robot_supervisor]: Detected zone changed to LEFT
[image_processor-22] [INFO] [1777456609.368813424] [robot_1.image_processor]: Zone=LEFT  left[p=0.571 near=6632 v=7650]  front[p=0.948 near=0 v=12666]  right[p=1.901 near=0 v=6943]
[robot_supervisor-10] [INFO] [1777456609.369269101] [robot_1.robot_supervisor]: Detected zone changed to LEFT
[image_processor-24] [INFO] [1777456609.377455624] [robot_3.image_processor]: Zone=CORNER  left[p=0.347 near=2337 v=5959]  front[p=0.356 near=13500 v=13500]  right[p=0.383 near=7740 v=7740]
[robot_supervisor-16] [INFO] [1777456609.378200760] [robot_3.robot_supervisor]: Detected zone changed to CORNER
[robot_supervisor-16] [INFO] [1777456609.405922746] [robot_3.robot_supervisor]: Selected controllable event: EV_move_backward
[robot_supervisor-19] [INFO] [1777456609.411625863] [robot_4.robot_supervisor]: FULL ROTATE active (accum_rad=2.028, timed_fallback=False, stall_count=0)
[robot_supervisor-7] [INFO] [1777456609.427555650] [robot_0.robot_supervisor]: Selected controllable event: EV_rotate_counterclockwise
[robot_supervisor-13] [INFO] [1777456609.510086375] [robot_2.robot_supervisor]: Selected controllable event: EV_rotate_clockwise
[robot_supervisor-13] [INFO] [1777456609.510620175] [robot_2.robot_supervisor]: rotate_90 blocked by recent completion; stopping this tick
[robot_supervisor-19] [INFO] [1777456609.511761276] [robot_4.robot_supervisor]: FULL ROTATE active (accum_rad=2.128, timed_fallback=False, stall_count=0)
[robot_supervisor-13] [INFO] [1777456609.610180476] [robot_2.robot_supervisor]: Selected controllable event: EV_rotate_clockwise
[robot_supervisor-13] [INFO] [1777456609.610679168] [robot_2.robot_supervisor]: rotate_90 blocked by recent completion; stopping this tick
[robot_supervisor-19] [INFO] [1777456609.611639432] [robot_4.robot_supervisor]: FULL ROTATE active (accum_rad=2.228, timed_fallback=False, stall_count=0)
[robot_supervisor-13] [INFO] [1777456609.709861241] [robot_2.robot_supervisor]: Selected controllable event: EV_rotate_clockwise
[robot_supervisor-19] [INFO] [1777456609.711660951] [robot_4.robot_supervisor]: FULL ROTATE active (accum_rad=2.328, timed_fallback=False, stall_count=0)
[robot_supervisor-16] [INFO] [1777456609.806019312] [robot_3.robot_supervisor]: Selected controllable event: EV_rotate_counterclockwise
[robot_supervisor-19] [INFO] [1777456609.811684778] [robot_4.robot_supervisor]: FULL ROTATE active (accum_rad=2.428, timed_fallback=False, stall_count=0)
[robot_supervisor-19] [INFO] [1777456609.911610262] [robot_4.robot_supervisor]: FULL ROTATE active (accum_rad=2.528, timed_fallback=False, stall_count=0)
[robot_supervisor-19] [INFO] [1777456610.011453768] [robot_4.robot_supervisor]: FULL ROTATE active (accum_rad=2.628, timed_fallback=False, stall_count=0)
[robot_supervisor-19] [INFO] [1777456610.111447417] [robot_4.robot_supervisor]: FULL ROTATE active (accum_rad=2.728, timed_fallback=False, stall_count=0)
[robot_supervisor-19] [INFO] [1777456610.211694127] [robot_4.robot_supervisor]: FULL ROTATE active (accum_rad=2.828, timed_fallback=False, stall_count=0)
[robot_supervisor-19] [INFO] [1777456610.311578940] [robot_4.robot_supervisor]: FULL ROTATE active (accum_rad=2.928, timed_fallback=False, stall_count=0)
[robot_supervisor-19] [INFO] [1777456610.411834745] [robot_4.robot_supervisor]: FULL ROTATE active (accum_rad=3.028, timed_fallback=False, stall_count=0)
[robot_supervisor-19] [INFO] [1777456610.511716150] [robot_4.robot_supervisor]: FULL ROTATE active (accum_rad=3.128, timed_fallback=False, stall_count=0)
[robot_supervisor-19] [INFO] [1777456610.512212884] [robot_4.robot_supervisor]: FULL ROTATE completed by odom (accum_rad=3.228)
[robot_supervisor-19] [INFO] [1777456610.512606159] [robot_4.robot_supervisor]: FULL ROTATE stopped; supervisor will select next event next tick
[robot_supervisor-19] [INFO] [1777456610.811919433] [robot_4.robot_supervisor]: Selected controllable event: EV_move_forward
[robot_supervisor-10] [INFO] [1777456610.992060069] [robot_1.robot_supervisor]: Selected controllable event: EV_rotate_clockwise
[robot_supervisor-10] [INFO] [1777456610.992357359] [robot_1.robot_supervisor]: rotate_90 blocked by recent completion; stopping this tick
[robot_supervisor-10] [INFO] [1777456611.092069503] [robot_1.robot_supervisor]: Selected controllable event: EV_rotate_clockwise
[robot_supervisor-10] [INFO] [1777456611.092538577] [robot_1.robot_supervisor]: rotate_90 blocked by recent completion; stopping this tick
[robot_supervisor-19] [INFO] [1777456611.111590582] [robot_4.robot_supervisor]: Selected controllable event: EV_move_forward
[robot_supervisor-10] [INFO] [1777456611.192138836] [robot_1.robot_supervisor]: Selected controllable event: EV_rotate_clockwise
[robot_supervisor-10] [INFO] [1777456611.192507675] [robot_1.robot_supervisor]: rotate_90 blocked by recent completion; stopping this tick
[robot_supervisor-10] [INFO] [1777456611.291893072] [robot_1.robot_supervisor]: Selected controllable event: EV_rotate_clockwise
[robot_supervisor-19] [INFO] [1777456611.411757522] [robot_4.robot_supervisor]: Selected controllable event: EV_move_forward
[robot_supervisor-7] [INFO] [1777456611.527638877] [robot_0.robot_supervisor]: Selected controllable event: EV_rotate_counterclockwise
[robot_supervisor-7] [INFO] [1777456611.528125580] [robot_0.robot_supervisor]: rotate_90 blocked by recent completion; stopping this tick
[robot_supervisor-7] [INFO] [1777456611.627396021] [robot_0.robot_supervisor]: Selected controllable event: EV_rotate_counterclockwise
[robot_supervisor-7] [INFO] [1777456611.627798139] [robot_0.robot_supervisor]: rotate_90 blocked by recent completion; stopping this tick
[robot_supervisor-19] [INFO] [1777456611.711603261] [robot_4.robot_supervisor]: Selected controllable event: EV_move_forward
[robot_supervisor-7] [INFO] [1777456611.727387610] [robot_0.robot_supervisor]: Selected controllable event: EV_rotate_counterclockwise
[robot_supervisor-7] [INFO] [1777456611.727737535] [robot_0.robot_supervisor]: rotate_90 blocked by recent completion; stopping this tick
[image_processor-21] [INFO] [1777456611.824808433] [robot_0.image_processor]: Zone=LEFT  left[p=0.711 near=1905 v=6690]  front[p=2.785 near=0 v=7926]  right[p=1.073 near=0 v=6213]
[robot_supervisor-7] [INFO] [1777456611.825467394] [robot_0.robot_supervisor]: Detected zone changed to LEFT
[robot_supervisor-7] [INFO] [1777456611.827714755] [robot_0.robot_supervisor]: Selected controllable event: EV_rotate_clockwise
[image_processor-25] [INFO] [1777456611.840287366] [robot_4.image_processor]: Zone=LEFT  left[p=0.422 near=7650 v=7650]  front[p=0.743 near=1756 v=10180]  right[p=0.752 near=2060 v=7740]
[robot_supervisor-19] [INFO] [1777456611.841187321] [robot_4.robot_supervisor]: Detected zone changed to LEFT
[image_processor-23] [INFO] [1777456611.852555402] [robot_2.image_processor]: Zone=CORNER  left[p=0.257 near=7650 v=7650]  front[p=0.325 near=13500 v=13500]  right[p=0.548 near=6536 v=7740]
[robot_supervisor-13] [INFO] [1777456611.853283625] [robot_2.robot_supervisor]: Detected zone changed to CORNER
[image_processor-22] [INFO] [1777456611.865303234] [robot_1.image_processor]: Zone=CORNER  left[p=0.603 near=7650 v=7650]  front[p=0.625 near=13500 v=13500]  right[p=0.652 near=7740 v=7740]
[robot_supervisor-10] [INFO] [1777456611.865922516] [robot_1.robot_supervisor]: Detected zone changed to CORNER
[image_processor-24] [INFO] [1777456611.886458706] [robot_3.image_processor]: Zone=LEFT  left[p=0.616 near=7095 v=7650]  front[p=0.865 near=17 v=10690]  right[p=2.990 near=0 v=4700]
[robot_supervisor-16] [INFO] [1777456611.886994503] [robot_3.robot_supervisor]: Detected zone changed to LEFT
[robot_supervisor-13] [INFO] [1777456611.909768077] [robot_2.robot_supervisor]: Selected controllable event: EV_move_backward
[robot_supervisor-16] [INFO] [1777456612.006146468] [robot_3.robot_supervisor]: Selected controllable event: EV_rotate_clockwise
[robot_supervisor-16] [INFO] [1777456612.006581831] [robot_3.robot_supervisor]: rotate_90 blocked by recent completion; stopping this tick
[robot_supervisor-19] [INFO] [1777456612.011765669] [robot_4.robot_supervisor]: Selected controllable event: EV_rotate_clockwise
[robot_supervisor-16] [INFO] [1777456612.106116033] [robot_3.robot_supervisor]: Selected controllable event: EV_rotate_clockwise
[robot_supervisor-16] [INFO] [1777456612.106497276] [robot_3.robot_supervisor]: rotate_90 blocked by recent completion; stopping this tick
[robot_supervisor-16] [INFO] [1777456612.206149116] [robot_3.robot_supervisor]: Selected controllable event: EV_rotate_clockwise
[robot_supervisor-13] [INFO] [1777456612.309846486] [robot_2.robot_supervisor]: Selected controllable event: EV_rotate_counterclockwise
[robot_supervisor-10] [INFO] [1777456613.392187304] [robot_1.robot_supervisor]: Selected controllable event: EV_move_backward
[robot_supervisor-10] [INFO] [1777456613.792056292] [robot_1.robot_supervisor]: Selected controllable event: EV_rotate_counterclockwise
[robot_supervisor-7] [INFO] [1777456614.027430876] [robot_0.robot_supervisor]: Selected controllable event: EV_rotate_clockwise
[robot_supervisor-7] [INFO] [1777456614.027788815] [robot_0.robot_supervisor]: rotate_90 blocked by recent completion; stopping this tick
[robot_supervisor-7] [INFO] [1777456614.127395721] [robot_0.robot_supervisor]: Selected controllable event: EV_rotate_clockwise
[robot_supervisor-7] [INFO] [1777456614.127753791] [robot_0.robot_supervisor]: rotate_90 blocked by recent completion; stopping this tick
[robot_supervisor-19] [INFO] [1777456614.211488383] [robot_4.robot_supervisor]: Selected controllable event: EV_rotate_clockwise
[robot_supervisor-19] [INFO] [1777456614.211653045] [robot_4.robot_supervisor]: rotate_90 blocked by recent completion; stopping this tick
[robot_supervisor-7] [INFO] [1777456614.227360175] [robot_0.robot_supervisor]: Selected controllable event: EV_rotate_clockwise
[robot_supervisor-16] [INFO] [1777456614.306187562] [robot_3.robot_supervisor]: Selected controllable event: EV_rotate_clockwise
[robot_supervisor-16] [INFO] [1777456614.307059852] [robot_3.robot_supervisor]: rotate_90 blocked by recent completion; stopping this tick
[robot_supervisor-19] [INFO] [1777456614.311889639] [robot_4.robot_supervisor]: Selected controllable event: EV_rotate_clockwise
[robot_supervisor-19] [INFO] [1777456614.312240044] [robot_4.robot_supervisor]: rotate_90 blocked by recent completion; stopping this tick
[image_processor-21] [INFO] [1777456614.328783060] [robot_0.image_processor]: Zone=RIGHT  left[p=1.073 near=0 v=7650]  front[p=1.506 near=0 v=12751]  right[p=0.573 near=3689 v=7740]
[robot_supervisor-7] [INFO] [1777456614.329312919] [robot_0.robot_supervisor]: Detected zone changed to RIGHT
[image_processor-25] [INFO] [1777456614.342112227] [robot_4.image_processor]: Zone=LEFT
[image_processor-23] [INFO] [1777456614.355105311] [robot_2.image_processor]: Zone=LEFT  left[p=0.667 near=7440 v=7650]  front[p=0.877 near=137 v=13500]  right[p=0.966 near=62 v=7740]
[robot_supervisor-13] [INFO] [1777456614.356078068] [robot_2.robot_supervisor]: Detected zone changed to LEFT
[image_processor-22] [INFO] [1777456614.370933375] [robot_1.image_processor]: Zone=LEFT  left[p=0.546 near=7610 v=7650]  front[p=0.865 near=228 v=13281]  right[p=1.733 near=0 v=6261]
[robot_supervisor-10] [INFO] [1777456614.371572814] [robot_1.robot_supervisor]: Detected zone changed to LEFT
[image_processor-24] [INFO] [1777456614.379541713] [robot_3.image_processor]: Zone=CORNER  left[p=0.347 near=2330 v=5959]  front[p=0.356 near=13500 v=13500]  right[p=0.383 near=7740 v=7740]
[robot_supervisor-16] [INFO] [1777456614.380009157] [robot_3.robot_supervisor]: Detected zone changed to CORNER
[robot_supervisor-16] [INFO] [1777456614.406108674] [robot_3.robot_supervisor]: Selected controllable event: EV_move_backward
[robot_supervisor-13] [INFO] [1777456614.410007327] [robot_2.robot_supervisor]: Selected controllable event: EV_rotate_clockwise
[robot_supervisor-13] [INFO] [1777456614.410429687] [robot_2.robot_supervisor]: rotate_90 blocked by recent completion; stopping this tick
[robot_supervisor-19] [INFO] [1777456614.411652506] [robot_4.robot_supervisor]: Selected controllable event: EV_rotate_clockwise
[robot_supervisor-13] [INFO] [1777456614.509604032] [robot_2.robot_supervisor]: Selected controllable event: EV_rotate_clockwise
[robot_supervisor-13] [INFO] [1777456614.509765628] [robot_2.robot_supervisor]: rotate_90 blocked by recent completion; stopping this tick
[robot_supervisor-13] [INFO] [1777456614.609987728] [robot_2.robot_supervisor]: Selected controllable event: EV_rotate_clockwise
[robot_supervisor-13] [INFO] [1777456614.610421416] [robot_2.robot_supervisor]: rotate_90 blocked by recent completion; stopping this tick
[robot_supervisor-13] [INFO] [1777456614.709873566] [robot_2.robot_supervisor]: Selected controllable event: EV_rotate_clockwise
[robot_supervisor-16] [INFO] [1777456614.806037649] [robot_3.robot_supervisor]: Selected controllable event: EV_rotate_counterclockwise
[robot_supervisor-10] [INFO] [1777456615.892184607] [robot_1.robot_supervisor]: Selected controllable event: EV_rotate_clockwise
[robot_supervisor-10] [INFO] [1777456615.892572241] [robot_1.robot_supervisor]: rotate_90 blocked by recent completion; stopping this tick
[robot_supervisor-10] [INFO] [1777456615.992046880] [robot_1.robot_supervisor]: Selected controllable event: EV_rotate_clockwise
[robot_supervisor-10] [INFO] [1777456615.992440293] [robot_1.robot_supervisor]: rotate_90 blocked by recent completion; stopping this tick
[robot_supervisor-10] [INFO] [1777456616.092068549] [robot_1.robot_supervisor]: Selected controllable event: EV_rotate_clockwise
[robot_supervisor-10] [INFO] [1777456616.092443729] [robot_1.robot_supervisor]: rotate_90 blocked by recent completion; stopping this tick
[robot_supervisor-10] [INFO] [1777456616.192081870] [robot_1.robot_supervisor]: Selected controllable event: EV_rotate_clockwise
[INFO] [image_processor-25]: sending signal 'SIGINT' to process[image_processor-25]
[ERROR] [ign gazebo-1]: process has died [pid 246251, exit code -15, cmd 'ruby /usr/bin/ign gazebo /home/ecem/ros2_ws/install/swarm_basics/share/swarm_basics/worlds/random_world.sdf -s -r --force-version 6'].
[ERROR] [parameter_bridge-4]: process has died [pid 246258, exit code -15, cmd '/opt/ros/humble/lib/ros_ign_bridge/parameter_bridge /robot_0/cmd_vel@geometry_msgs/msg/Twist]ignition.msgs.Twist /robot_0/odom@nav_msgs/msg/Odometry[ignition.msgs.Odometry /robot_0/depth_camera/depth_image@sensor_msgs/msg/Image[ignition.msgs.Image /world/random_world/model/robot_0/link/robot_0/base_footprint/sensor/contact_sensor/contact@ros_gz_interfaces/msg/Contacts[ignition.msgs.Contacts /robot_1/cmd_vel@geometry_msgs/msg/Twist]ignition.msgs.Twist /robot_1/odom@nav_msgs/msg/Odometry[ignition.msgs.Odometry /robot_1/depth_camera/depth_image@sensor_msgs/msg/Image[ignition.msgs.Image /world/random_world/model/robot_1/link/robot_1/base_footprint/sensor/contact_sensor/contact@ros_gz_interfaces/msg/Contacts[ignition.msgs.Contacts /robot_2/cmd_vel@geometry_msgs/msg/Twist]ignition.msgs.Twist /robot_2/odom@nav_msgs/msg/Odometry[ignition.msgs.Odometry /robot_2/depth_camera/depth_image@sensor_msgs/msg/Image[ignition.msgs.Image /world/random_world/model/robot_2/link/robot_2/base_footprint/sensor/contact_sensor/contact@ros_gz_interfaces/msg/Contacts[ignition.msgs.Contacts /robot_3/cmd_vel@geometry_msgs/msg/Twist]ignition.msgs.Twist /robot_3/odom@nav_msgs/msg/Odometry[ignition.msgs.Odometry /robot_3/depth_camera/depth_image@sensor_msgs/msg/Image[ignition.msgs.Image /world/random_world/model/robot_3/link/robot_3/base_footprint/sensor/contact_sensor/contact@ros_gz_interfaces/msg/Contacts[ignition.msgs.Contacts /robot_4/cmd_vel@geometry_msgs/msg/Twist]ignition.msgs.Twist /robot_4/odom@nav_msgs/msg/Odometry[ignition.msgs.Odometry /robot_4/depth_camera/depth_image@sensor_msgs/msg/Image[ignition.msgs.Image /world/random_world/model/robot_4/link/robot_4/base_footprint/sensor/contact_sensor/contact@ros_gz_interfaces/msg/Contacts[ignition.msgs.Contacts /world/random_world/dynamic_pose/info@tf2_msgs/msg/TFMessage[ignition.msgs.Pose_V --ros-args -r __node:=all_robots_bridge --params-file /tmp/launch_params_m3_8a1v5'].
[ERROR] [parameter_bridge-20]: process has died [pid 246346, exit code -9, cmd '/opt/ros/humble/lib/ros_gz_bridge/parameter_bridge /clock@rosgraph_msgs/msg/Clock[ignition.msgs.Clock --ros-args -r __node:=clock_bridge --params-file /tmp/launch_params_ohkfg3vs'].
[INFO] [image_processor-24]: sending signal 'SIGINT' to process[image_processor-24]
[INFO] [bash-26]: process started with pid [246907]
[INFO] [image_processor-23]: sending signal 'SIGINT' to process[image_processor-23]
[INFO] [image_processor-22]: sending signal 'SIGINT' to process[image_processor-22]
[INFO] [image_processor-21]: sending signal 'SIGINT' to process[image_processor-21]
[INFO] [robot_supervisor-19]: sending signal 'SIGINT' to process[robot_supervisor-19]
[INFO] [robot_state_publisher-17]: sending signal 'SIGINT' to process[robot_state_publisher-17]
[INFO] [robot_supervisor-16]: sending signal 'SIGINT' to process[robot_supervisor-16]
[INFO] [robot_state_publisher-14]: sending signal 'SIGINT' to process[robot_state_publisher-14]
[INFO] [robot_supervisor-13]: sending signal 'SIGINT' to process[robot_supervisor-13]
[INFO] [robot_state_publisher-11]: sending signal 'SIGINT' to process[robot_state_publisher-11]
[INFO] [robot_supervisor-10]: sending signal 'SIGINT' to process[robot_supervisor-10]
[ERROR] [bash-26]: process has died [pid 246907, exit code -15, cmd 'bash -lc pkill -f parameter_bridge || true'].
[INFO] [robot_state_publisher-8]: sending signal 'SIGINT' to process[robot_state_publisher-8]
[INFO] [robot_supervisor-7]: sending signal 'SIGINT' to process[robot_supervisor-7]
[INFO] [robot_state_publisher-5]: sending signal 'SIGINT' to process[robot_state_publisher-5]
[INFO] [bump_counter-3]: sending signal 'SIGINT' to process[bump_counter-3]
[INFO] [coverage_counter-2]: sending signal 'SIGINT' to process[coverage_counter-2]
[robot_supervisor-7] [INFO] [1777456616.327773191] [robot_0.robot_supervisor]: Selected controllable event: EV_rotate_counterclockwise
[robot_supervisor-7] [INFO] [1777456616.328266779] [robot_0.robot_supervisor]: rotate_90 blocked by recent completion; stopping this tick
[robot_supervisor-7] [INFO] [1777456616.427747134] [robot_0.robot_supervisor]: Selected controllable event: EV_rotate_counterclockwise
[robot_supervisor-7] [INFO] [1777456616.428156890] [robot_0.robot_supervisor]: rotate_90 blocked by recent completion; stopping this tick
[robot_supervisor-7] [INFO] [1777456616.527837197] [robot_0.robot_supervisor]: Selected controllable event: EV_rotate_counterclockwise
[robot_supervisor-7] [INFO] [1777456616.528260504] [robot_0.robot_supervisor]: rotate_90 blocked by recent completion; stopping this tick
[robot_supervisor-7] [INFO] [1777456616.627500383] [robot_0.robot_supervisor]: Selected controllable event: EV_rotate_counterclockwise
[parameter_bridge-20] [INFO] [1777456616.354790907] [rclcpp]: signal_handler(SIGINT/SIGTERM)
[parameter_bridge-4] [INFO] [1777456616.354923012] [rclcpp]: signal_handler(SIGINT/SIGTERM)
[robot_supervisor-19] [INFO] [1777456616.511987863] [robot_4.robot_supervisor]: Selected controllable event: EV_rotate_clockwise
[robot_supervisor-19] [INFO] [1777456616.512460342] [robot_4.robot_supervisor]: rotate_90 blocked by recent completion; stopping this tick
[robot_supervisor-19] [INFO] [1777456616.612336141] [robot_4.robot_supervisor]: Selected controllable event: EV_rotate_clockwise
[robot_supervisor-19] [INFO] [1777456616.612892401] [robot_4.robot_supervisor]: rotate_90 blocked by recent completion; stopping this tick
[robot_supervisor-19] [INFO] [1777456616.712097376] [robot_4.robot_supervisor]: Selected controllable event: EV_rotate_clockwise
[robot_supervisor-19] [INFO] [1777456616.712572777] [robot_4.robot_supervisor]: rotate_90 blocked by recent completion; stopping this tick
[robot_supervisor-19] [INFO] [1777456616.812542876] [robot_4.robot_supervisor]: Selected controllable event: EV_rotate_clockwise
[INFO] [launch]: process[ign gazebo-1] was required: shutting down launched system
[image_processor-25] [INFO] [1777456617.040467074] [rclcpp]: signal_handler(SIGINT/SIGTERM)
[image_processor-24] [INFO] [1777456617.042595423] [rclcpp]: signal_handler(SIGINT/SIGTERM)
[image_processor-23] [INFO] [1777456617.044565887] [rclcpp]: signal_handler(SIGINT/SIGTERM)
[image_processor-22] [INFO] [1777456617.046645156] [rclcpp]: signal_handler(SIGINT/SIGTERM)
[image_processor-21] [INFO] [1777456617.048634182] [rclcpp]: signal_handler(SIGINT/SIGTERM)
[robot_supervisor-19] Traceback (most recent call last):
[robot_supervisor-19]   File "/home/ecem/ros2_ws/install/swarm_basics/lib/swarm_basics/robot_supervisor", line 33, in <module>
[robot_supervisor-19]     sys.exit(load_entry_point('swarm-basics==0.0.0', 'console_scripts', 'robot_supervisor')())
[robot_supervisor-19]   File "/home/ecem/ros2_ws/install/swarm_basics/lib/python3.10/site-packages/swarm_basics/robot_supervisor.py", line 876, in main
[robot_supervisor-19]     rclpy.spin(node)
[robot_supervisor-19]   File "/opt/ros/humble/local/lib/python3.10/dist-packages/rclpy/__init__.py", line 229, in spin
[robot_supervisor-19]     executor.spin_once()
[robot_supervisor-19]   File "/opt/ros/humble/local/lib/python3.10/dist-packages/rclpy/executors.py", line 773, in spin_once
[robot_supervisor-19]     self._spin_once_impl(timeout_sec)
[robot_supervisor-19]   File "/opt/ros/humble/local/lib/python3.10/dist-packages/rclpy/executors.py", line 762, in _spin_once_impl
[robot_supervisor-19]     handler, entity, node = self.wait_for_ready_callbacks(timeout_sec=timeout_sec)
[robot_supervisor-19]   File "/opt/ros/humble/local/lib/python3.10/dist-packages/rclpy/executors.py", line 745, in wait_for_ready_callbacks
[robot_supervisor-19]     return next(self._cb_iter)
[robot_supervisor-19]   File "/opt/ros/humble/local/lib/python3.10/dist-packages/rclpy/executors.py", line 642, in _wait_for_ready_callbacks
[robot_supervisor-19]     wait_set.wait(timeout_nsec)
[robot_supervisor-19] KeyboardInterrupt
[robot_state_publisher-17] [INFO] [1777456617.056291117] [rclcpp]: signal_handler(SIGINT/SIGTERM)
[robot_supervisor-16] Traceback (most recent call last):
[robot_supervisor-16]   File "/home/ecem/ros2_ws/install/swarm_basics/lib/swarm_basics/robot_supervisor", line 33, in <module>
[robot_supervisor-16]     sys.exit(load_entry_point('swarm-basics==0.0.0', 'console_scripts', 'robot_supervisor')())
[robot_supervisor-16]   File "/home/ecem/ros2_ws/install/swarm_basics/lib/python3.10/site-packages/swarm_basics/robot_supervisor.py", line 876, in main
[robot_supervisor-16]     rclpy.spin(node)
[robot_supervisor-16]   File "/opt/ros/humble/local/lib/python3.10/dist-packages/rclpy/__init__.py", line 229, in spin
[robot_supervisor-16]     executor.spin_once()
[robot_supervisor-16]   File "/opt/ros/humble/local/lib/python3.10/dist-packages/rclpy/executors.py", line 773, in spin_once
[robot_supervisor-16]     self._spin_once_impl(timeout_sec)
[robot_supervisor-16]   File "/opt/ros/humble/local/lib/python3.10/dist-packages/rclpy/executors.py", line 762, in _spin_once_impl
[robot_supervisor-16]     handler, entity, node = self.wait_for_ready_callbacks(timeout_sec=timeout_sec)
[robot_supervisor-16]   File "/opt/ros/humble/local/lib/python3.10/dist-packages/rclpy/executors.py", line 745, in wait_for_ready_callbacks
[robot_supervisor-16]     return next(self._cb_iter)
[robot_supervisor-16]   File "/opt/ros/humble/local/lib/python3.10/dist-packages/rclpy/executors.py", line 642, in _wait_for_ready_callbacks
[robot_supervisor-16]     wait_set.wait(timeout_nsec)
[robot_supervisor-16] KeyboardInterrupt
[robot_state_publisher-14] [INFO] [1777456617.063727543] [rclcpp]: signal_handler(SIGINT/SIGTERM)
[robot_supervisor-13] Traceback (most recent call last):
[robot_supervisor-13]   File "/home/ecem/ros2_ws/install/swarm_basics/lib/swarm_basics/robot_supervisor", line 33, in <module>
[robot_supervisor-13]     sys.exit(load_entry_point('swarm-basics==0.0.0', 'console_scripts', 'robot_supervisor')())
[robot_supervisor-13]   File "/home/ecem/ros2_ws/install/swarm_basics/lib/python3.10/site-packages/swarm_basics/robot_supervisor.py", line 876, in main
[robot_supervisor-13]     rclpy.spin(node)
[robot_supervisor-13]   File "/opt/ros/humble/local/lib/python3.10/dist-packages/rclpy/__init__.py", line 229, in spin
[robot_supervisor-13]     executor.spin_once()
[robot_supervisor-13]   File "/opt/ros/humble/local/lib/python3.10/dist-packages/rclpy/executors.py", line 773, in spin_once
[robot_supervisor-13]     self._spin_once_impl(timeout_sec)
[robot_supervisor-13]   File "/opt/ros/humble/local/lib/python3.10/dist-packages/rclpy/executors.py", line 762, in _spin_once_impl
[robot_supervisor-13]     handler, entity, node = self.wait_for_ready_callbacks(timeout_sec=timeout_sec)
[robot_supervisor-13]   File "/opt/ros/humble/local/lib/python3.10/dist-packages/rclpy/executors.py", line 745, in wait_for_ready_callbacks
[robot_supervisor-13]     return next(self._cb_iter)
[robot_supervisor-13]   File "/opt/ros/humble/local/lib/python3.10/dist-packages/rclpy/executors.py", line 642, in _wait_for_ready_callbacks
[robot_supervisor-13]     wait_set.wait(timeout_nsec)
[robot_supervisor-13] KeyboardInterrupt
[robot_state_publisher-11] [INFO] [1777456617.068345903] [rclcpp]: signal_handler(SIGINT/SIGTERM)
[robot_supervisor-10] Traceback (most recent call last):
[robot_supervisor-10]   File "/home/ecem/ros2_ws/install/swarm_basics/lib/swarm_basics/robot_supervisor", line 33, in <module>
[robot_supervisor-10]     sys.exit(load_entry_point('swarm-basics==0.0.0', 'console_scripts', 'robot_supervisor')())
[robot_supervisor-10]   File "/home/ecem/ros2_ws/install/swarm_basics/lib/python3.10/site-packages/swarm_basics/robot_supervisor.py", line 876, in main
[robot_supervisor-10]     rclpy.spin(node)
[robot_supervisor-10]   File "/opt/ros/humble/local/lib/python3.10/dist-packages/rclpy/__init__.py", line 229, in spin
[robot_supervisor-10]     executor.spin_once()
[robot_supervisor-10]   File "/opt/ros/humble/local/lib/python3.10/dist-packages/rclpy/executors.py", line 773, in spin_once
[robot_supervisor-10]     self._spin_once_impl(timeout_sec)
[robot_supervisor-10]   File "/opt/ros/humble/local/lib/python3.10/dist-packages/rclpy/executors.py", line 762, in _spin_once_impl
[robot_supervisor-10]     handler, entity, node = self.wait_for_ready_callbacks(timeout_sec=timeout_sec)
[robot_supervisor-10]   File "/opt/ros/humble/local/lib/python3.10/dist-packages/rclpy/executors.py", line 745, in wait_for_ready_callbacks
[robot_supervisor-10]     return next(self._cb_iter)
[robot_supervisor-10]   File "/opt/ros/humble/local/lib/python3.10/dist-packages/rclpy/executors.py", line 642, in _wait_for_ready_callbacks
[robot_supervisor-10]     wait_set.wait(timeout_nsec)
[robot_supervisor-10] KeyboardInterrupt
[robot_state_publisher-8] [INFO] [1777456617.074075473] [rclcpp]: signal_handler(SIGINT/SIGTERM)
[robot_supervisor-7] Traceback (most recent call last):
[robot_supervisor-7]   File "/home/ecem/ros2_ws/install/swarm_basics/lib/swarm_basics/robot_supervisor", line 33, in <module>
[robot_supervisor-7]     sys.exit(load_entry_point('swarm-basics==0.0.0', 'console_scripts', 'robot_supervisor')())
[robot_supervisor-7]   File "/home/ecem/ros2_ws/install/swarm_basics/lib/python3.10/site-packages/swarm_basics/robot_supervisor.py", line 876, in main
[robot_supervisor-7]     rclpy.spin(node)
[robot_supervisor-7]   File "/opt/ros/humble/local/lib/python3.10/dist-packages/rclpy/__init__.py", line 229, in spin
[robot_supervisor-7]     executor.spin_once()
[robot_supervisor-7]   File "/opt/ros/humble/local/lib/python3.10/dist-packages/rclpy/executors.py", line 773, in spin_once
[robot_supervisor-7]     self._spin_once_impl(timeout_sec)
[robot_supervisor-7]   File "/opt/ros/humble/local/lib/python3.10/dist-packages/rclpy/executors.py", line 762, in _spin_once_impl
[robot_supervisor-7]     handler, entity, node = self.wait_for_ready_callbacks(timeout_sec=timeout_sec)
[robot_supervisor-7]   File "/opt/ros/humble/local/lib/python3.10/dist-packages/rclpy/executors.py", line 745, in wait_for_ready_callbacks
[robot_supervisor-7]     return next(self._cb_iter)
[robot_supervisor-7]   File "/opt/ros/humble/local/lib/python3.10/dist-packages/rclpy/executors.py", line 642, in _wait_for_ready_callbacks
[robot_supervisor-7]     wait_set.wait(timeout_nsec)
[robot_supervisor-7] KeyboardInterrupt
[robot_state_publisher-5] [INFO] [1777456617.079019198] [rclcpp]: signal_handler(SIGINT/SIGTERM)
[ERROR] [launch]: Caught exception in launch (see debug for traceback): ExecuteLocal action 'bash-27': executed more than once: <launch.actions.execute_process.ExecuteProcess object at 0x798122a08880>
[INFO] [image_processor-25]: process has finished cleanly [pid 246655]
[INFO] [image_processor-24]: process has finished cleanly [pid 246653]
[INFO] [image_processor-23]: process has finished cleanly [pid 246651]
[INFO] [image_processor-22]: process has finished cleanly [pid 246649]
[INFO] [image_processor-21]: process has finished cleanly [pid 246647]
[INFO] [robot_state_publisher-17]: process has finished cleanly [pid 246286]
[INFO] [robot_state_publisher-14]: process has finished cleanly [pid 246280]
[INFO] [robot_state_publisher-11]: process has finished cleanly [pid 246274]
[INFO] [robot_state_publisher-8]: process has finished cleanly [pid 246266]
[INFO] [robot_state_publisher-5]: process has finished cleanly [pid 246260]
[coverage_counter-2] Traceback (most recent call last):
[coverage_counter-2]   File "/home/ecem/ros2_ws/install/swarm_basics/lib/python3.10/site-packages/swarm_basics/coverage_counter.py", line 418, in main
[coverage_counter-2]     rclpy.spin(node)
[coverage_counter-2]   File "/opt/ros/humble/local/lib/python3.10/dist-packages/rclpy/__init__.py", line 229, in spin
[coverage_counter-2]     executor.spin_once()
[coverage_counter-2]   File "/opt/ros/humble/local/lib/python3.10/dist-packages/rclpy/executors.py", line 773, in spin_once
[coverage_counter-2]     self._spin_once_impl(timeout_sec)
[coverage_counter-2]   File "/opt/ros/humble/local/lib/python3.10/dist-packages/rclpy/executors.py", line 768, in _spin_once_impl
[coverage_counter-2]     handler()
[coverage_counter-2]   File "/opt/ros/humble/local/lib/python3.10/dist-packages/rclpy/task.py", line 254, in __call__
[coverage_counter-2]     self._handler.send(None)
[coverage_counter-2]   File "/opt/ros/humble/local/lib/python3.10/dist-packages/rclpy/executors.py", line 463, in handler
[coverage_counter-2]     await call_coroutine(entity, arg)
[coverage_counter-2]   File "/opt/ros/humble/local/lib/python3.10/dist-packages/rclpy/executors.py", line 371, in _execute_timer
[coverage_counter-2]     await await_or_execute(tmr.callback)
[coverage_counter-2]   File "/opt/ros/humble/local/lib/python3.10/dist-packages/rclpy/executors.py", line 107, in await_or_execute
[coverage_counter-2]     return callback(*args)
[coverage_counter-2]   File "/home/ecem/ros2_ws/install/swarm_basics/lib/python3.10/site-packages/swarm_basics/coverage_counter.py", line 152, in _on_timeout_timer
[coverage_counter-2]     self.shutdown_and_save()
[coverage_counter-2]   File "/home/ecem/ros2_ws/install/swarm_basics/lib/python3.10/site-packages/swarm_basics/coverage_counter.py", line 174, in shutdown_and_save
[coverage_counter-2]     rclpy.shutdown()
[coverage_counter-2]   File "/opt/ros/humble/local/lib/python3.10/dist-packages/rclpy/__init__.py", line 130, in shutdown
[coverage_counter-2]     _shutdown(context=context)
[coverage_counter-2]   File "/opt/ros/humble/local/lib/python3.10/dist-packages/rclpy/utilities.py", line 58, in shutdown
[coverage_counter-2]     return context.shutdown()
[coverage_counter-2]   File "/opt/ros/humble/local/lib/python3.10/dist-packages/rclpy/context.py", line 103, in shutdown
[coverage_counter-2]     self._call_on_shutdown_callbacks()
[coverage_counter-2]   File "/opt/ros/humble/local/lib/python3.10/dist-packages/rclpy/context.py", line 92, in _call_on_shutdown_callbacks
[coverage_counter-2]     callback = weak_method()
[coverage_counter-2]   File "/opt/ros/humble/local/lib/python3.10/dist-packages/rclpy/__init__.py", line 111, in reset_executor
[coverage_counter-2]     __executor.shutdown()
[coverage_counter-2]   File "/opt/ros/humble/local/lib/python3.10/dist-packages/rclpy/executors.py", line 227, in shutdown
[coverage_counter-2]     if not self._work_tracker.wait(timeout_sec):
[coverage_counter-2]   File "/opt/ros/humble/local/lib/python3.10/dist-packages/rclpy/executors.py", line 94, in wait
[coverage_counter-2]     if not self._work_condition.wait_for(
[coverage_counter-2]   File "/usr/lib/python3.10/threading.py", line 355, in wait_for
[coverage_counter-2]     self.wait(waittime)
[coverage_counter-2]   File "/usr/lib/python3.10/threading.py", line 320, in wait
[coverage_counter-2]     waiter.acquire()
[coverage_counter-2] KeyboardInterrupt
[coverage_counter-2] 
[coverage_counter-2] During handling of the above exception, another exception occurred:
[coverage_counter-2] 
[coverage_counter-2] Traceback (most recent call last):
[coverage_counter-2]   File "/home/ecem/ros2_ws/install/swarm_basics/lib/swarm_basics/coverage_counter", line 33, in <module>
[coverage_counter-2]     sys.exit(load_entry_point('swarm-basics==0.0.0', 'console_scripts', 'coverage_counter')())
[coverage_counter-2]   File "/home/ecem/ros2_ws/install/swarm_basics/lib/python3.10/site-packages/swarm_basics/coverage_counter.py", line 421, in main
[coverage_counter-2]     node.shutdown_and_save()
[coverage_counter-2]   File "/home/ecem/ros2_ws/install/swarm_basics/lib/python3.10/site-packages/swarm_basics/coverage_counter.py", line 174, in shutdown_and_save
[coverage_counter-2]     rclpy.shutdown()
[coverage_counter-2]   File "/opt/ros/humble/local/lib/python3.10/dist-packages/rclpy/__init__.py", line 130, in shutdown
[coverage_counter-2]     _shutdown(context=context)
[coverage_counter-2]   File "/opt/ros/humble/local/lib/python3.10/dist-packages/rclpy/utilities.py", line 58, in shutdown
[coverage_counter-2]     return context.shutdown()
[coverage_counter-2]   File "/opt/ros/humble/local/lib/python3.10/dist-packages/rclpy/context.py", line 100, in shutdown
[coverage_counter-2]     raise RuntimeError('Context must be initialized before it can be shutdown')
[coverage_counter-2] RuntimeError: Context must be initialized before it can be shutdown
[bump_counter-3] Traceback (most recent call last):
[bump_counter-3]   File "/home/ecem/ros2_ws/install/swarm_basics/lib/swarm_basics/bump_counter", line 33, in <module>
[bump_counter-3]     sys.exit(load_entry_point('swarm-basics==0.0.0', 'console_scripts', 'bump_counter')())
[bump_counter-3]   File "/home/ecem/ros2_ws/install/swarm_basics/lib/python3.10/site-packages/swarm_basics/bump_counter.py", line 384, in main
[bump_counter-3]     rclpy.shutdown()
[bump_counter-3]   File "/opt/ros/humble/local/lib/python3.10/dist-packages/rclpy/__init__.py", line 130, in shutdown
[bump_counter-3]     _shutdown(context=context)
[bump_counter-3]   File "/opt/ros/humble/local/lib/python3.10/dist-packages/rclpy/utilities.py", line 58, in shutdown
[bump_counter-3]     return context.shutdown()
[bump_counter-3]   File "/opt/ros/humble/local/lib/python3.10/dist-packages/rclpy/context.py", line 102, in shutdown
[bump_counter-3]     self.__context.shutdown()
[bump_counter-3] rclpy._rclpy_pybind11.RCLError: failed to shutdown: rcl_shutdown already called on the given context, at ./src/rcl/init.c:241
[ERROR] [coverage_counter-2]: process has died [pid 246253, exit code 1, cmd '/home/ecem/ros2_ws/install/swarm_basics/lib/swarm_basics/coverage_counter --ros-args -r __node:=coverage_counter --params-file /tmp/launch_params_bzi45p7c --params-file /tmp/launch_params_yaihuxxo --params-file /tmp/launch_params_8sitiq_p --params-file /tmp/launch_params_4gsf5wyw --params-file /tmp/launch_params_es7ag0lc --params-file /tmp/launch_params_yny147rs'].
[ERROR] [bump_counter-3]: process has died [pid 246256, exit code 1, cmd '/home/ecem/ros2_ws/install/swarm_basics/lib/swarm_basics/bump_counter --ros-args -r __node:=bump_counter --params-file /tmp/launch_params_ytk49yi9 --params-file /tmp/launch_params_ff614g02 --params-file /tmp/launch_params_jdvaz8ck'].
[ERROR] [robot_supervisor-19]: process has died [pid 246344, exit code -2, cmd '/home/ecem/ros2_ws/install/swarm_basics/lib/swarm_basics/robot_supervisor --ros-args -r __node:=robot_supervisor -r __ns:=/robot_4 --params-file /tmp/launch_params_jdatzh3b --params-file /tmp/launch_params_vf1_lgk6 --params-file /tmp/launch_params__mqgmagz --params-file /tmp/launch_params_0wqd3hod'].
[ERROR] [robot_supervisor-16]: process has died [pid 246284, exit code -2, cmd '/home/ecem/ros2_ws/install/swarm_basics/lib/swarm_basics/robot_supervisor --ros-args -r __node:=robot_supervisor -r __ns:=/robot_3 --params-file /tmp/launch_params_9orcy0m9 --params-file /tmp/launch_params__i1w8jvf --params-file /tmp/launch_params_9fexfyvc --params-file /tmp/launch_params_yg18a9yu'].
[ERROR] [robot_supervisor-13]: process has died [pid 246278, exit code -2, cmd '/home/ecem/ros2_ws/install/swarm_basics/lib/swarm_basics/robot_supervisor --ros-args -r __node:=robot_supervisor -r __ns:=/robot_2 --params-file /tmp/launch_params__zkmlmp4 --params-file /tmp/launch_params_it3vsusc --params-file /tmp/launch_params_t3i5hd0x --params-file /tmp/launch_params_sx8zlipn'].
[ERROR] [robot_supervisor-7]: process has died [pid 246264, exit code -2, cmd '/home/ecem/ros2_ws/install/swarm_basics/lib/swarm_basics/robot_supervisor --ros-args -r __node:=robot_supervisor -r __ns:=/robot_0 --params-file /tmp/launch_params_8x03yscz --params-file /tmp/launch_params_eoktbow1 --params-file /tmp/launch_params_jm22ucl7 --params-file /tmp/launch_params_eo41ilri'].
[ERROR] [robot_supervisor-10]: process has died [pid 246271, exit code -2, cmd '/home/ecem/ros2_ws/install/swarm_basics/lib/swarm_basics/robot_supervisor --ros-args -r __node:=robot_supervisor -r __ns:=/robot_1 --params-file /tmp/launch_params_1kt4jev0 --params-file /tmp/launch_params_306044vi --params-file /tmp/launch_params_fhu4_a2m --params-file /tmp/launch_params_wwnnx3wq'].
