stamp_sec,stamp_nsec,robot,x,y
1776936800,743342424,robot_2,-3.250,-1.750
1776936800,743472415,robot_0,3.500,-3.250
1776936800,743547208,robot_4,-1.750,1.250
1776936800,743611766,robot_1,-0.250,3.500
1776936800,967216794,robot_2,-3.250,-1.750
1776936800,967263992,robot_0,3.500,-3.250
1776936800,967286215,robot_4,-1.750,1.250
1776936800,967304381,robot_1,-0.250,3.500
1776936801,215070480,robot_3,1.250,-0.250
1776936801,215136593,robot_1,-0.250,3.500
1776936801,215165868,robot_4,-1.750,1.250
1776936801,415697330,robot_3,1.250,-0.250
1776936801,415744135,robot_1,-0.250,3.500
1776936801,415766611,robot_4,-1.750,1.250
1776936800,741804836,robot_2,-3.250,-1.750
1776936800,741886605,robot_0,3.500,-3.250
1776936800,741924465,robot_4,-1.750,1.250
1776936800,741960288,robot_1,-0.250,3.500
1776936800,967310579,robot_2,-3.250,-1.750
1776936800,967355464,robot_0,3.500,-3.250
1776936800,967377336,robot_4,-1.750,1.250
1776936800,967394859,robot_1,-0.250,3.500
1776936801,214343305,robot_3,1.250,-0.250
1776936801,214407533,robot_1,-0.250,3.500
1776936801,214424982,robot_4,-1.750,1.250
1776936801,417214545,robot_3,1.250,-0.250
1776936801,417291265,robot_1,-0.250,3.500
1776936801,417334844,robot_4,-1.750,1.250
1776936803,678353953,robot_2,-3.250,-1.750
1776936803,678394792,robot_0,3.500,-3.250
1776936803,678412167,robot_4,-1.750,1.250
1776936803,678426312,robot_1,-0.250,3.500
1776936803,897377993,robot_2,-3.225,-1.750
1776936803,897420121,robot_0,3.500,-3.250
1776936803,897441814,robot_4,-1.726,1.250
1776936803,897457427,robot_1,-0.250,3.500
1776936804,103791545,robot_3,1.250,-0.250
1776936804,103826480,robot_1,-0.250,3.500
1776936804,103843109,robot_4,-1.750,1.250
1776936804,304413165,robot_3,1.250,-0.250
1776936804,304449319,robot_1,-0.250,3.500
1776936804,304468734,robot_4,-1.709,1.250
1776936803,679069073,robot_2,-3.250,-1.750
1776936803,679141585,robot_0,3.500,-3.250
1776936803,679192920,robot_4,-1.750,1.250
1776936803,679227849,robot_1,-0.250,3.500
1776936803,896347777,robot_2,-3.225,-1.750
1776936803,896388726,robot_0,3.500,-3.250
1776936803,896408835,robot_4,-1.726,1.250
1776936803,896423309,robot_1,-0.250,3.500
1776936804,97068811,robot_2,-3.187,-1.750
1776936804,97133162,robot_0,3.500,-3.250
1776936804,97177446,robot_4,-1.686,1.250
1776936804,97210533,robot_1,-0.250,3.500
1776936804,304276839,robot_3,1.250,-0.250
1776936804,304314658,robot_1,-0.250,3.500
1776936804,304335924,robot_4,-1.709,1.250
1776936804,505529097,robot_3,1.250,-0.250
1776936804,505577434,robot_1,-0.250,3.500
1776936804,505598865,robot_4,-1.678,1.250
1776936804,706696513,robot_3,1.250,-0.251
1776936804,706757764,robot_1,-0.250,3.499
1776936804,706793150,robot_4,-1.678,1.250
1776936804,915929439,robot_2,-3.115,-1.750
1776936804,915968487,robot_0,3.501,-3.252
1776936804,915986123,robot_4,-1.614,1.250
1776936804,915999883,robot_1,-0.249,3.498
1776936804,505529869,robot_3,1.250,-0.250
1776936804,505574647,robot_1,-0.250,3.500
1776936804,505596646,robot_4,-1.678,1.250
1776936804,705940976,robot_3,1.250,-0.251
1776936804,705982883,robot_1,-0.250,3.499
1776936804,706003082,robot_4,-1.678,1.250
1776936804,917167070,robot_2,-3.115,-1.750
1776936804,917230361,robot_0,3.501,-3.252
1776936804,917264943,robot_4,-1.614,1.250
1776936804,917294985,robot_1,-0.249,3.498
1776936805,117382691,robot_2,-3.115,-1.750
1776936805,117422026,robot_0,3.502,-3.252
1776936805,117442775,robot_4,-1.614,1.250
1776936805,117459449,robot_1,-0.248,3.498
1776936805,317778502,robot_2,-3.115,-1.750
1776936805,317839965,robot_0,3.502,-3.252
1776936805,317873236,robot_4,-1.613,1.250
1776936805,317902804,robot_1,-0.248,3.498
1776936805,517891727,robot_2,-3.114,-1.750
1776936805,517930292,robot_0,3.502,-3.252
1776936805,517947769,robot_4,-1.613,1.249
1776936805,517961598,robot_1,-0.248,3.498
1776936805,718255440,robot_2,-3.114,-1.750
1776936805,718295752,robot_0,3.503,-3.252
1776936805,718315790,robot_4,-1.613,1.249
1776936805,718331348,robot_1,-0.247,3.498
1776936805,926540310,robot_3,1.253,-0.252
1776936805,926579255,robot_1,-0.247,3.498
1776936805,926598609,robot_4,-1.677,1.249
1776936806,137061741,robot_2,-3.115,-1.750
1776936806,137098508,robot_0,3.504,-3.254
1776936806,137115508,robot_4,-1.613,1.249
1776936806,137131188,robot_1,-0.246,3.496
1776936806,344479565,robot_3,1.254,-0.254
1776936806,344510647,robot_1,-0.247,3.497
1776936806,344526341,robot_4,-1.677,1.249
1776936806,554840239,robot_2,-3.115,-1.750
1776936806,554873432,robot_0,3.505,-3.254
1776936806,554889716,robot_4,-1.614,1.249
1776936806,554903245,robot_1,-0.256,3.516
1776936806,764030045,robot_3,1.254,-0.254
1776936806,764061971,robot_1,-0.258,3.560
1776936806,764077240,robot_4,-1.676,1.249
1776936806,964120727,robot_3,1.255,-0.254
1776936806,964152106,robot_1,-0.265,3.599
1776936806,964178165,robot_4,-1.676,1.249
1776936807,164673041,robot_3,1.255,-0.253
1776936807,164731046,robot_1,-0.271,3.638
1776936807,164758370,robot_4,-1.676,1.249
1776936807,374351542,robot_2,-3.115,-1.747
1776936807,374379826,robot_0,3.505,-3.252
1776936807,374392840,robot_4,-1.614,1.251
1776936807,374403891,robot_1,-0.326,3.653
1776936805,117809643,robot_2,-3.115,-1.750
1776936805,117848645,robot_0,3.502,-3.252
1776936805,117865456,robot_4,-1.614,1.250
1776936805,117878169,robot_1,-0.248,3.498
1776936805,317843243,robot_2,-3.115,-1.750
1776936805,317879913,robot_0,3.502,-3.252
1776936805,317898462,robot_4,-1.613,1.250
1776936805,317912298,robot_1,-0.248,3.498
1776936805,525742981,robot_3,1.252,-0.252
1776936805,525782408,robot_1,-0.248,3.498
1776936805,525800635,robot_4,-1.678,1.249
1776936805,737949494,robot_2,-3.114,-1.750
1776936805,738014126,robot_0,3.503,-3.252
1776936805,738050985,robot_4,-1.613,1.249
1776936805,738081131,robot_1,-0.247,3.498
1776936805,945524567,robot_3,1.253,-0.252
1776936805,945583969,robot_1,-0.247,3.498
1776936805,945618695,robot_4,-1.677,1.249
1776936806,155968853,robot_2,-3.115,-1.750
1776936806,156001733,robot_0,3.504,-3.254
1776936806,156016890,robot_4,-1.614,1.249
1776936806,156029430,robot_1,-0.246,3.496
1776936806,356747447,robot_2,-3.115,-1.750
1776936806,356776137,robot_0,3.504,-3.254
1776936806,356790539,robot_4,-1.614,1.249
1776936806,356822104,robot_1,-0.246,3.496
1776936806,564796142,robot_3,1.254,-0.254
1776936806,564843405,robot_1,-0.251,3.521
1776936806,564869453,robot_4,-1.676,1.249
1776936806,765306306,robot_3,1.254,-0.254
1776936806,765333497,robot_1,-0.258,3.560
1776936806,765346936,robot_4,-1.676,1.249
1776936806,974787651,robot_2,-3.116,-1.747
1776936806,974816681,robot_0,3.505,-3.253
1776936806,974829677,robot_4,-1.613,1.250
1776936806,974839699,robot_1,-0.294,3.590
1776936807,176137036,robot_2,-3.115,-1.747
1776936807,176179833,robot_0,3.505,-3.253
1776936807,176197005,robot_4,-1.613,1.250
1776936807,176208457,robot_1,-0.312,3.625
1776936807,384238548,robot_3,1.253,-0.252
1776936807,384278885,robot_1,-0.277,3.671
1776936807,384301278,robot_4,-1.676,1.250
1776936807,584293590,robot_3,1.224,-0.237
1776936807,584332409,robot_1,-0.277,3.671
1776936807,584353489,robot_4,-1.677,1.251
1776936807,794183842,robot_2,-3.115,-1.747
1776936807,794207724,robot_0,3.505,-3.252
1776936807,794218312,robot_4,-1.617,1.253
1776936807,794226716,robot_1,-0.326,3.653
1776936807,994923584,robot_2,-3.115,-1.746
1776936807,994952407,robot_0,3.505,-3.253
1776936807,994965149,robot_4,-1.619,1.254
1776936807,994976025,robot_1,-0.326,3.654
1776936807,574615894,robot_2,-3.115,-1.747
1776936807,574643670,robot_0,3.505,-3.252
1776936807,574657209,robot_4,-1.616,1.253
1776936807,574668253,robot_1,-0.326,3.653
1776936807,783637116,robot_3,1.189,-0.218
1776936807,783673530,robot_1,-0.277,3.671
1776936807,783691933,robot_4,-1.679,1.252
1776936807,984782518,robot_3,1.156,-0.200
1776936807,984828580,robot_1,-0.276,3.671
1776936807,984853516,robot_4,-1.680,1.253
1776936808,184873597,robot_3,1.149,-0.197
1776936808,184916417,robot_1,-0.276,3.672
1776936808,184937099,robot_4,-1.681,1.253
1776936808,393982292,robot_2,-3.117,-1.746
1776936808,394004388,robot_0,3.505,-3.253
1776936808,394014715,robot_4,-1.628,1.255
1776936808,394022636,robot_1,-0.326,3.655
1776936808,594060531,robot_2,-3.155,-1.744
1776936808,594081402,robot_0,3.504,-3.254
1776936808,594091332,robot_4,-1.668,1.258
1776936808,594098728,robot_1,-0.326,3.655
1776936808,803296315,robot_3,1.143,-0.193
1776936808,803317265,robot_1,-0.275,3.673
1776936808,803326760,robot_4,-1.746,1.258
1776936809,3705516,robot_3,1.143,-0.193
1776936809,3734107,robot_1,-0.275,3.673
1776936809,3745608,robot_4,-1.746,1.258
1776936809,213965262,robot_2,-3.173,-1.744
1776936809,213988090,robot_0,3.503,-3.254
1776936809,213997668,robot_4,-1.685,1.260
1776936809,214005076,robot_1,-0.326,3.656
1776936809,414576677,robot_2,-3.173,-1.743
1776936809,414609352,robot_0,3.502,-3.254
1776936809,414628710,robot_4,-1.685,1.260
1776936809,414644802,robot_1,-0.326,3.657
1776936809,623504462,robot_3,1.143,-0.192
1776936809,623525265,robot_1,-0.276,3.675
1776936809,623534792,robot_4,-1.747,1.259
1776936809,824119787,robot_3,1.142,-0.192
1776936809,824152860,robot_1,-0.276,3.675
1776936809,824176072,robot_4,-1.747,1.259
1776936810,34868154,robot_2,-3.173,-1.743
1776936810,34892599,robot_0,3.502,-3.254
1776936810,34903509,robot_4,-1.686,1.261
1776936810,34912839,robot_1,-0.327,3.657
1776936810,243137785,robot_3,1.141,-0.191
1776936810,243169728,robot_1,-0.277,3.675
1776936810,243183270,robot_4,-1.747,1.259
1776936810,443530596,robot_3,1.141,-0.191
1776936810,443568645,robot_1,-0.277,3.676
1776936810,443580871,robot_4,-1.748,1.259
1776936808,195688402,robot_2,-3.115,-1.746
1776936808,195718039,robot_0,3.505,-3.253
1776936808,195729881,robot_4,-1.620,1.255
1776936808,195739825,robot_1,-0.326,3.654
1776936808,403247353,robot_3,1.145,-0.195
1776936808,403271256,robot_1,-0.276,3.672
1776936808,403282321,robot_4,-1.691,1.254
1776936808,603287040,robot_3,1.143,-0.194
1776936808,603309191,robot_1,-0.276,3.672
1776936808,603321234,robot_4,-1.731,1.257
1776936808,803437234,robot_3,1.143,-0.193
1776936808,803462174,robot_1,-0.275,3.673
1776936808,803474099,robot_4,-1.746,1.258
1776936809,3752294,robot_3,1.143,-0.193
1776936809,3778379,robot_1,-0.275,3.673
1776936809,3789242,robot_4,-1.746,1.258
1776936809,204712852,robot_3,1.143,-0.193
1776936809,204765193,robot_1,-0.275,3.674
1776936809,204791633,robot_4,-1.746,1.258
1776936809,414577561,robot_2,-3.173,-1.743
1776936809,414608135,robot_0,3.502,-3.254
1776936809,414622081,robot_4,-1.685,1.260
1776936809,414633464,robot_1,-0.326,3.657
1776936809,623842964,robot_3,1.143,-0.192
1776936809,623872975,robot_1,-0.276,3.675
1776936809,623886077,robot_4,-1.747,1.259
1776936809,823940096,robot_3,1.142,-0.192
1776936809,823965367,robot_1,-0.276,3.675
1776936809,823975602,robot_4,-1.747,1.259
1776936810,34135897,robot_2,-3.173,-1.743
1776936810,34160916,robot_0,3.502,-3.254
1776936810,34172181,robot_4,-1.686,1.261
1776936810,34179601,robot_1,-0.327,3.657
1776936810,234288977,robot_2,-3.174,-1.743
1776936810,234309598,robot_0,3.503,-3.254
1776936810,234320064,robot_4,-1.686,1.261
1776936810,234328733,robot_1,-0.327,3.658
1776936810,435149975,robot_2,-3.174,-1.742
1776936810,435180569,robot_0,3.503,-3.254
1776936810,435191102,robot_4,-1.686,1.261
1776936810,435198492,robot_1,-0.328,3.658
1776936810,643563811,robot_3,1.141,-0.191
1776936810,643600945,robot_1,-0.277,3.676
1776936810,643618310,robot_4,-1.748,1.259
1776936810,853817316,robot_2,-3.174,-1.743
1776936810,853838332,robot_0,3.504,-3.254
1776936810,853847750,robot_4,-1.687,1.261
1776936810,853854668,robot_1,-0.329,3.657
1776936811,55586269,robot_2,-3.174,-1.744
1776936811,55636664,robot_0,3.504,-3.253
1776936811,55688048,robot_4,-1.687,1.261
1776936811,55712091,robot_1,-0.329,3.657
1776936810,654034171,robot_2,-3.174,-1.742
1776936810,654057380,robot_0,3.503,-3.254
1776936810,654067348,robot_4,-1.687,1.261
1776936810,654075257,robot_1,-0.328,3.658
1776936810,863765159,robot_3,1.140,-0.191
1776936810,863798350,robot_1,-0.278,3.676
1776936810,863816010,robot_4,-1.748,1.259
1776936811,73533256,robot_2,-3.174,-1.744
1776936811,73557856,robot_0,3.504,-3.253
1776936811,73566772,robot_4,-1.687,1.261
1776936811,73573557,robot_1,-0.329,3.657
1776936811,273986504,robot_2,-3.174,-1.745
1776936811,274006580,robot_0,3.504,-3.253
1776936811,274015551,robot_4,-1.687,1.261
1776936811,274023010,robot_1,-0.329,3.657
1776936811,474332105,robot_2,-3.174,-1.746
1776936811,474368499,robot_0,3.504,-3.252
1776936811,474385478,robot_4,-1.688,1.261
1776936811,474398278,robot_1,-0.329,3.657
1776936811,674570620,robot_2,-3.175,-1.746
1776936811,674606505,robot_0,3.504,-3.252
1776936811,674623223,robot_4,-1.688,1.261
1776936811,674637510,robot_1,-0.329,3.657
1776936811,882836860,robot_3,1.139,-0.192
1776936811,882857270,robot_1,-0.279,3.676
1776936811,882867319,robot_4,-1.749,1.258
1776936812,83340470,robot_3,1.157,-0.203
1776936812,83365616,robot_1,-0.279,3.675
1776936812,83377347,robot_4,-1.749,1.258
1776936812,293906413,robot_2,-3.175,-1.747
1776936812,293926464,robot_0,3.504,-3.251
1776936812,293936045,robot_4,-1.688,1.260
1776936812,293943238,robot_1,-0.329,3.656
1776936812,495132432,robot_2,-3.173,-1.747
1776936812,495176469,robot_0,3.504,-3.250
1776936812,495193984,robot_4,-1.688,1.260
1776936812,495208547,robot_1,-0.330,3.655
1776936812,703054788,robot_3,1.201,-0.226
1776936812,703078487,robot_1,-0.280,3.674
1776936812,703089248,robot_4,-1.720,1.253
1776936812,903352315,robot_3,1.204,-0.228
1776936812,903376340,robot_1,-0.280,3.673
1776936812,903387888,robot_4,-1.690,1.248
1776936813,114378359,robot_2,-3.117,-1.750
1776936813,114399307,robot_0,3.503,-3.250
1776936813,114409220,robot_4,-1.629,1.249
1776936813,114417020,robot_1,-0.330,3.654
1776936813,323533148,robot_3,1.204,-0.228
1776936813,323555587,robot_1,-0.280,3.672
1776936813,323566092,robot_4,-1.690,1.248
1776936811,263389637,robot_3,1.139,-0.191
1776936811,263422411,robot_1,-0.278,3.676
1776936811,263439737,robot_4,-1.749,1.259
1776936811,463389343,robot_3,1.139,-0.192
1776936811,463412894,robot_1,-0.278,3.676
1776936811,463423414,robot_4,-1.749,1.259
1776936811,663979893,robot_3,1.139,-0.192
1776936811,664005020,robot_1,-0.278,3.676
1776936811,664015396,robot_4,-1.749,1.259
1776936811,873524465,robot_2,-3.175,-1.746
1776936811,873547010,robot_0,3.504,-3.252
1776936811,873557294,robot_4,-1.688,1.260
1776936811,873564851,robot_1,-0.330,3.657
1776936812,83472102,robot_3,1.157,-0.203
1776936812,83500998,robot_1,-0.279,3.675
1776936812,83514778,robot_4,-1.749,1.258
1776936812,283678266,robot_3,1.190,-0.220
1776936812,283714347,robot_1,-0.279,3.674
1776936812,283729720,robot_4,-1.749,1.258
1776936812,483944035,robot_3,1.197,-0.224
1776936812,483970823,robot_1,-0.279,3.674
1776936812,483981201,robot_4,-1.749,1.258
1776936812,694029028,robot_2,-3.135,-1.749
1776936812,694051680,robot_0,3.504,-3.250
1776936812,694061109,robot_4,-1.661,1.255
1776936812,694069841,robot_1,-0.330,3.655
1776936812,894247595,robot_2,-3.117,-1.750
1776936812,894272697,robot_0,3.503,-3.250
1776936812,894283421,robot_4,-1.629,1.249
1776936812,894292123,robot_1,-0.330,3.655
1776936813,94525065,robot_2,-3.117,-1.750
1776936813,94551342,robot_0,3.503,-3.250
1776936813,94563758,robot_4,-1.629,1.249
1776936813,94573996,robot_1,-0.330,3.654
1776936813,303214594,robot_3,1.204,-0.228
1776936813,303239119,robot_1,-0.280,3.672
1776936813,303249909,robot_4,-1.690,1.248
1776936813,503504447,robot_3,1.204,-0.229
1776936813,503526394,robot_1,-0.280,3.672
1776936813,503536130,robot_4,-1.690,1.247
1776936813,713935827,robot_2,-3.117,-1.751
1776936813,713957810,robot_0,3.502,-3.250
1776936813,713967234,robot_4,-1.629,1.249
1776936813,713974743,robot_1,-0.329,3.653
1776936813,914391145,robot_2,-3.117,-1.751
1776936813,914418372,robot_0,3.503,-3.250
1776936813,914431256,robot_4,-1.629,1.248
1776936813,914441400,robot_1,-0.329,3.653
1776936813,533831520,robot_2,-3.117,-1.750
1776936813,533852263,robot_0,3.502,-3.249
1776936813,533861141,robot_4,-1.629,1.249
1776936813,533868940,robot_1,-0.329,3.653
1776936813,734727453,robot_2,-3.117,-1.751
1776936813,734750908,robot_0,3.503,-3.250
1776936813,734762233,robot_4,-1.629,1.249
1776936813,734770717,robot_1,-0.329,3.653
1776936813,943406304,robot_3,1.205,-0.230
1776936813,943428630,robot_1,-0.279,3.671
1776936813,943439933,robot_4,-1.690,1.247
1776936814,144055717,robot_3,1.205,-0.230
1776936814,144089426,robot_1,-0.279,3.671
1776936814,144106533,robot_4,-1.689,1.247
1776936814,353550608,robot_2,-3.116,-1.751
1776936814,353570194,robot_0,3.504,-3.250
1776936814,353579094,robot_4,-1.628,1.248
1776936814,353585892,robot_1,-0.328,3.652
1776936814,554193543,robot_2,-3.116,-1.751
1776936814,554215189,robot_0,3.504,-3.251
1776936814,554224541,robot_4,-1.628,1.248
1776936814,554231904,robot_1,-0.327,3.652
1776936814,763041719,robot_3,1.206,-0.230
1776936814,763062239,robot_1,-0.278,3.671
1776936814,763071441,robot_4,-1.689,1.246
1776936814,963746347,robot_3,1.207,-0.230
1776936814,963779132,robot_1,-0.277,3.671
1776936814,963795849,robot_4,-1.688,1.246
1776936815,164296656,robot_3,1.207,-0.230
1776936815,164326711,robot_1,-0.278,3.695
1776936815,164339070,robot_4,-1.688,1.246
1776936815,374028663,robot_2,-3.115,-1.751
1776936815,374057511,robot_0,3.504,-3.253
1776936815,374073802,robot_4,-1.627,1.248
1776936815,374087223,robot_1,-0.345,3.707
1776936815,583383614,robot_3,1.208,-0.230
1776936815,583415477,robot_1,-0.279,3.728
1776936815,583432995,robot_4,-1.688,1.247
1776936815,783396164,robot_3,1.208,-0.230
1776936815,783417609,robot_1,-0.278,3.728
1776936815,783427958,robot_4,-1.687,1.247
1776936815,984096990,robot_3,1.209,-0.229
1776936815,984125186,robot_1,-0.278,3.728
1776936815,984138310,robot_4,-1.687,1.247
1776936816,194071644,robot_2,-3.115,-1.749
1776936816,194094218,robot_0,3.504,-3.252
1776936816,194104417,robot_4,-1.626,1.249
1776936816,194112425,robot_1,-0.344,3.708
1776936816,394433727,robot_2,-3.115,-1.749
1776936816,394463953,robot_0,3.504,-3.252
1776936816,394480769,robot_4,-1.626,1.249
1776936816,394494795,robot_1,-0.344,3.708
1776936814,123702913,robot_3,1.205,-0.230
1776936814,123734367,robot_1,-0.279,3.671
1776936814,123750956,robot_4,-1.689,1.247
1776936814,334125048,robot_2,-3.116,-1.751
1776936814,334144990,robot_0,3.504,-3.250
1776936814,334155565,robot_4,-1.628,1.248
1776936814,334169897,robot_1,-0.328,3.652
1776936814,535600239,robot_2,-3.116,-1.751
1776936814,535630813,robot_0,3.504,-3.251
1776936814,535647427,robot_4,-1.628,1.248
1776936814,535661835,robot_1,-0.327,3.652
1776936814,743127895,robot_3,1.206,-0.230
1776936814,743149082,robot_1,-0.278,3.671
1776936814,743166933,robot_4,-1.689,1.246
1776936814,943632418,robot_3,1.207,-0.230
1776936814,943660637,robot_1,-0.277,3.671
1776936814,943676248,robot_4,-1.688,1.246
1776936815,154430806,robot_2,-3.115,-1.751
1776936815,154451293,robot_0,3.504,-3.252
1776936815,154460206,robot_4,-1.627,1.248
1776936815,154467379,robot_1,-0.334,3.674
1776936815,363412720,robot_3,1.208,-0.230
1776936815,363431472,robot_1,-0.279,3.728
1776936815,363439296,robot_4,-1.688,1.246
1776936815,573630300,robot_2,-3.115,-1.750
1776936815,573650697,robot_0,3.504,-3.253
1776936815,573659807,robot_4,-1.626,1.248
1776936815,573667658,robot_1,-0.345,3.707
1776936815,773629577,robot_2,-3.115,-1.749
1776936815,773649873,robot_0,3.504,-3.253
1776936815,773658300,robot_4,-1.626,1.248
1776936815,773664747,robot_1,-0.345,3.707
1776936815,974485254,robot_2,-3.115,-1.749
1776936815,974516388,robot_0,3.504,-3.253
1776936815,974532669,robot_4,-1.626,1.248
1776936815,974546448,robot_1,-0.345,3.707
1776936816,174789651,robot_2,-3.115,-1.749
1776936816,174818211,robot_0,3.504,-3.252
1776936816,174828610,robot_4,-1.626,1.249
1776936816,174836104,robot_1,-0.344,3.708
1776936816,383422200,robot_3,1.209,-0.229
1776936816,383448617,robot_1,-0.278,3.729
1776936816,383458145,robot_4,-1.687,1.247
1776936816,593369966,robot_2,-3.117,-1.748
1776936816,593391156,robot_0,3.504,-3.251
1776936816,593401457,robot_4,-1.631,1.250
1776936816,593409089,robot_1,-0.345,3.709
1776936816,793537055,robot_2,-3.155,-1.744
1776936816,793558133,robot_0,3.503,-3.251
1776936816,793567560,robot_4,-1.669,1.260
1776936816,793574950,robot_1,-0.344,3.709
1776936816,993866672,robot_2,-3.194,-1.741
1776936816,993890435,robot_0,3.503,-3.251
1776936816,993898627,robot_4,-1.708,1.270
1776936816,993905596,robot_1,-0.344,3.710
1776936816,603329766,robot_3,1.181,-0.215
1776936816,603361702,robot_1,-0.278,3.730
1776936816,603378131,robot_4,-1.694,1.249
1776936816,814218047,robot_2,-3.159,-1.744
1776936816,814237997,robot_0,3.503,-3.251
1776936816,814248194,robot_4,-1.673,1.261
1776936816,814256184,robot_1,-0.344,3.709
1776936817,23746136,robot_3,1.145,-0.196
1776936817,23768450,robot_1,-0.277,3.730
1776936817,23776808,robot_4,-1.775,1.269
1776936817,233907875,robot_2,-3.231,-1.737
1776936817,233930316,robot_0,3.503,-3.250
1776936817,233940999,robot_4,-1.753,1.281
1776936817,233949436,robot_1,-0.345,3.710
1776936817,443648540,robot_3,1.145,-0.195
1776936817,443670410,robot_1,-0.277,3.731
1776936817,443680379,robot_4,-1.855,1.288
1776936817,654510643,robot_2,-3.231,-1.737
1776936817,654540822,robot_0,3.502,-3.250
1776936817,654551223,robot_4,-1.799,1.292
1776936817,654558868,robot_1,-0.345,3.711
1776936817,863649736,robot_3,1.145,-0.194
1776936817,863680550,robot_1,-0.278,3.732
1776936817,863696721,robot_4,-1.859,1.289
1776936818,63886398,robot_3,1.145,-0.194
1776936818,63906359,robot_1,-0.278,3.732
1776936818,63915753,robot_4,-1.859,1.289
1776936818,264094833,robot_3,1.144,-0.193
1776936818,264115429,robot_1,-0.278,3.733
1776936818,264125418,robot_4,-1.859,1.290
1776936818,475961511,robot_2,-3.232,-1.736
1776936818,476002619,robot_0,3.500,-3.251
1776936818,476021809,robot_4,-1.799,1.293
1776936818,476038299,robot_1,-0.347,3.712
1776936818,683447309,robot_3,1.144,-0.193
1776936818,683484872,robot_1,-0.279,3.733
1776936818,683502428,robot_4,-1.859,1.290
1776936818,893402457,robot_2,-3.233,-1.736
1776936818,893422038,robot_0,3.500,-3.251
1776936818,893431412,robot_4,-1.800,1.294
1776936818,893438599,robot_1,-0.347,3.712
1776936819,93880140,robot_2,-3.233,-1.736
1776936819,93910747,robot_0,3.499,-3.252
1776936819,93926761,robot_4,-1.800,1.294
1776936819,93940461,robot_1,-0.348,3.712
1776936819,293969889,robot_2,-3.233,-1.736
1776936819,293995171,robot_0,3.499,-3.252
1776936819,294007130,robot_4,-1.800,1.294
1776936819,294014306,robot_1,-0.348,3.712
1776936817,202953139,robot_3,1.145,-0.195
1776936817,202976776,robot_1,-0.277,3.731
1776936817,202989556,robot_4,-1.810,1.277
1776936817,403382141,robot_3,1.145,-0.195
1776936817,403411169,robot_1,-0.277,3.731
1776936817,403427767,robot_4,-1.848,1.286
1776936817,614406250,robot_2,-3.231,-1.737
1776936817,614427248,robot_0,3.502,-3.250
1776936817,614436905,robot_4,-1.799,1.292
1776936817,614444920,robot_1,-0.345,3.711
1776936817,822835358,robot_3,1.145,-0.194
1776936817,822853515,robot_1,-0.278,3.732
1776936817,822861815,robot_4,-1.859,1.289
1776936818,23342381,robot_3,1.145,-0.194
1776936818,23362248,robot_1,-0.278,3.732
1776936818,23371158,robot_4,-1.859,1.289
1776936818,223451504,robot_3,1.144,-0.193
1776936818,223482057,robot_1,-0.278,3.733
1776936818,223497742,robot_4,-1.859,1.290
1776936818,423587032,robot_3,1.144,-0.193
1776936818,423609363,robot_1,-0.279,3.733
1776936818,423619729,robot_4,-1.859,1.290
1776936818,625146918,robot_3,1.144,-0.193
1776936818,625181299,robot_1,-0.279,3.733
1776936818,625196461,robot_4,-1.859,1.290
1776936818,834650587,robot_2,-3.232,-1.736
1776936818,834674131,robot_0,3.500,-3.251
1776936818,834685868,robot_4,-1.800,1.294
1776936818,834694612,robot_1,-0.347,3.712
1776936819,34810352,robot_2,-3.233,-1.736
1776936819,34843562,robot_0,3.499,-3.252
1776936819,34859912,robot_4,-1.800,1.294
1776936819,34873512,robot_1,-0.348,3.712
1776936819,243210779,robot_3,1.143,-0.192
1776936819,243232718,robot_1,-0.280,3.733
1776936819,243243424,robot_4,-1.860,1.291
1776936819,443713457,robot_3,1.142,-0.192
1776936819,443733685,robot_1,-0.280,3.733
1776936819,443742317,robot_4,-1.860,1.291
1776936819,654084066,robot_2,-3.233,-1.737
1776936819,654106472,robot_0,3.499,-3.252
1776936819,654115031,robot_4,-1.801,1.294
1776936819,654121658,robot_1,-0.348,3.712
1776936819,862904605,robot_3,1.141,-0.193
1776936819,862924028,robot_1,-0.281,3.733
1776936819,862932911,robot_4,-1.861,1.291
1776936820,63343544,robot_3,1.141,-0.193
1776936820,63375526,robot_1,-0.281,3.733
1776936820,63392434,robot_4,-1.861,1.290
1776936819,503559683,robot_3,1.142,-0.192
1776936819,503583386,robot_1,-0.280,3.733
1776936819,503593575,robot_4,-1.860,1.291
1776936819,714178658,robot_2,-3.233,-1.737
1776936819,714198815,robot_0,3.499,-3.252
1776936819,714207623,robot_4,-1.801,1.294
1776936819,714215261,robot_1,-0.348,3.711
1776936819,914429162,robot_2,-3.233,-1.738
1776936819,914449355,robot_0,3.499,-3.253
1776936819,914458678,robot_4,-1.801,1.294
1776936819,914466201,robot_1,-0.348,3.711
1776936820,123465400,robot_3,1.141,-0.193
1776936820,123489885,robot_1,-0.281,3.733
1776936820,123501381,robot_4,-1.861,1.290
1776936820,324120864,robot_3,1.141,-0.193
1776936820,324151364,robot_1,-0.281,3.733
1776936820,324172219,robot_4,-1.861,1.290
1776936820,534028507,robot_2,-3.234,-1.739
1776936820,534050094,robot_0,3.500,-3.254
1776936820,534059830,robot_4,-1.802,1.293
1776936820,534066681,robot_1,-0.349,3.710
1776936820,734230724,robot_2,-3.234,-1.739
1776936820,734263179,robot_0,3.500,-3.254
1776936820,734280505,robot_4,-1.802,1.293
1776936820,734294266,robot_1,-0.349,3.710
1776936820,942935533,robot_3,1.182,-0.220
1776936820,942955221,robot_1,-0.281,3.731
1776936820,942963801,robot_4,-1.862,1.290
1776936821,143085170,robot_3,1.216,-0.240
1776936821,143106608,robot_1,-0.282,3.731
1776936821,143115921,robot_4,-1.861,1.289
1776936821,353881770,robot_2,-3.143,-1.751
1776936821,353903430,robot_0,3.501,-3.255
1776936821,353913553,robot_4,-1.784,1.286
1776936821,353921180,robot_1,-0.348,3.708
1776936821,553999609,robot_2,-3.104,-1.755
1776936821,554023033,robot_0,3.501,-3.255
1776936821,554033291,robot_4,-1.747,1.273
1776936821,554041185,robot_1,-0.348,3.708
1776936821,763236324,robot_3,1.322,-0.305
1776936821,763259611,robot_1,-0.281,3.729
1776936821,763270489,robot_4,-1.799,1.269
1776936821,974429704,robot_2,-3.024,-1.765
1776936821,974475243,robot_0,3.502,-3.255
1776936821,974493530,robot_4,-1.739,1.271
1776936821,974509270,robot_1,-0.348,3.707
1776936822,174879897,robot_2,-3.003,-1.768
1776936822,174920014,robot_0,3.502,-3.255
1776936822,174939064,robot_4,-1.737,1.270
1776936822,174954665,robot_1,-0.347,3.707
1776936822,384257767,robot_3,1.345,-0.320
1776936822,384298438,robot_1,-0.280,3.728
1776936822,384322137,robot_4,-1.795,1.268
1776936820,273816001,robot_2,-3.233,-1.738
1776936820,273837666,robot_0,3.499,-3.253
1776936820,273846298,robot_4,-1.802,1.294
1776936820,273853245,robot_1,-0.349,3.711
1776936820,484010592,robot_3,1.140,-0.194
1776936820,484045179,robot_1,-0.282,3.732
1776936820,484063843,robot_4,-1.861,1.290
1776936820,684201903,robot_3,1.143,-0.195
1776936820,684244394,robot_1,-0.281,3.732
1776936820,684262769,robot_4,-1.861,1.290
1776936820,893965722,robot_2,-3.232,-1.739
1776936820,893984830,robot_0,3.500,-3.254
1776936820,893993484,robot_4,-1.802,1.293
1776936820,894000188,robot_1,-0.349,3.709
1776936821,102842381,robot_3,1.210,-0.236
1776936821,102861841,robot_1,-0.282,3.731
1776936821,102870175,robot_4,-1.862,1.289
1776936821,303053650,robot_3,1.244,-0.257
1776936821,303074147,robot_1,-0.282,3.730
1776936821,303083548,robot_4,-1.853,1.286
1776936821,503837394,robot_3,1.278,-0.278
1776936821,503863198,robot_1,-0.281,3.730
1776936821,503872861,robot_4,-1.815,1.274
1776936821,713915280,robot_2,-3.074,-1.759
1776936821,713938084,robot_0,3.501,-3.255
1776936821,713948858,robot_4,-1.741,1.272
1776936821,713956989,robot_1,-0.348,3.708
1776936821,914148306,robot_2,-3.035,-1.764
1776936821,914175472,robot_0,3.502,-3.255
1776936821,914185568,robot_4,-1.740,1.271
1776936821,914193448,robot_1,-0.348,3.707
1776936822,122988459,robot_3,1.345,-0.320
1776936822,123014930,robot_1,-0.281,3.729
1776936822,123027549,robot_4,-1.797,1.268
1776936822,323200190,robot_3,1.345,-0.320
1776936822,323223638,robot_1,-0.280,3.728
1776936822,323234076,robot_4,-1.796,1.268
1776936822,523625017,robot_3,1.345,-0.320
1776936822,523659342,robot_1,-0.280,3.728
1776936822,523676768,robot_4,-1.794,1.268
1776936822,733645517,robot_2,-3.002,-1.768
1776936822,733668378,robot_0,3.503,-3.254
1776936822,733678174,robot_4,-1.733,1.270
1776936822,733686482,robot_1,-0.346,3.707
1776936822,934034116,robot_2,-3.002,-1.768
1776936822,934065418,robot_0,3.504,-3.254
1776936822,934082320,robot_4,-1.731,1.271
1776936822,934096263,robot_1,-0.346,3.707
1776936822,593958996,robot_2,-3.003,-1.768
1776936822,593982288,robot_0,3.503,-3.254
1776936822,593991980,robot_4,-1.733,1.270
1776936822,594000253,robot_1,-0.346,3.707
1776936822,803058791,robot_3,1.345,-0.321
1776936822,803082043,robot_1,-0.280,3.728
1776936822,803092350,robot_4,-1.792,1.268
1776936823,3647475,robot_3,1.345,-0.321
1776936823,3671156,robot_1,-0.279,3.728
1776936823,3681188,robot_4,-1.791,1.269
1776936823,214289317,robot_2,-3.002,-1.769
1776936823,214314517,robot_0,3.504,-3.253
1776936823,214325461,robot_4,-1.731,1.271
1776936823,214333701,robot_1,-0.345,3.707
1776936823,422906130,robot_3,1.345,-0.322
1776936823,422926757,robot_1,-0.277,3.764
1776936823,422936354,robot_4,-1.791,1.268
1776936823,623365041,robot_3,1.346,-0.322
1776936823,623388734,robot_1,-0.275,3.804
1776936823,623399545,robot_4,-1.791,1.268
1776936823,823582990,robot_3,1.346,-0.323
1776936823,823615008,robot_1,-0.272,3.843
1776936823,823631656,robot_4,-1.790,1.268
1776936824,34101456,robot_2,-3.001,-1.768
1776936824,34133664,robot_0,3.504,-3.252
1776936824,34152489,robot_4,-1.730,1.270
1776936824,34172742,robot_1,-0.383,3.859
1776936824,234464712,robot_2,-3.000,-1.768
1776936824,234490693,robot_0,3.504,-3.251
1776936824,234501864,robot_4,-1.729,1.270
1776936824,234510291,robot_1,-0.393,3.898
1776936824,443179720,robot_3,1.347,-0.323
1776936824,443202882,robot_1,-0.266,3.962
1776936824,443213324,robot_4,-1.790,1.269
1776936824,643436988,robot_3,1.348,-0.323
1776936824,643461623,robot_1,-0.266,3.963
1776936824,643472831,robot_4,-1.789,1.269
1776936824,844149764,robot_3,1.348,-0.323
1776936824,844191302,robot_1,-0.265,3.964
1776936824,844209920,robot_4,-1.789,1.269
1776936825,53673023,robot_2,-2.999,-1.767
1776936825,53710993,robot_0,3.502,-3.250
1776936825,53722054,robot_4,-1.728,1.271
1776936825,53731241,robot_1,-0.402,3.937
1776936825,263929668,robot_3,1.349,-0.322
1776936825,263961568,robot_1,-0.265,3.965
1776936825,263979516,robot_4,-1.789,1.269
1776936825,465110296,robot_3,1.349,-0.322
1776936825,465131776,robot_1,-0.265,3.966
1776936825,465140864,robot_4,-1.789,1.270
1776936823,134215800,robot_2,-3.002,-1.769
1776936823,134235441,robot_0,3.504,-3.253
1776936823,134245730,robot_4,-1.731,1.271
1776936823,134253641,robot_1,-0.345,3.707
1776936823,334612647,robot_2,-3.002,-1.769
1776936823,334643734,robot_0,3.504,-3.253
1776936823,334660988,robot_4,-1.731,1.271
1776936823,334675466,robot_1,-0.350,3.725
1776936823,543022220,robot_3,1.345,-0.322
1776936823,543041665,robot_1,-0.276,3.788
1776936823,543050338,robot_4,-1.791,1.268
1776936823,743563806,robot_3,1.346,-0.322
1776936823,743593897,robot_1,-0.273,3.828
1776936823,743610534,robot_4,-1.790,1.268
1776936823,953538072,robot_2,-3.001,-1.768
1776936823,953557427,robot_0,3.504,-3.252
1776936823,953566563,robot_4,-1.730,1.270
1776936823,953574333,robot_1,-0.379,3.844
1776936824,154633134,robot_2,-3.000,-1.768
1776936824,154656505,robot_0,3.504,-3.251
1776936824,154666691,robot_4,-1.729,1.270
1776936824,154675465,robot_1,-0.389,3.882
1776936824,363327683,robot_3,1.347,-0.323
1776936824,363347929,robot_1,-0.266,3.950
1776936824,363357018,robot_4,-1.790,1.268
1776936824,573938270,robot_2,-3.000,-1.768
1776936824,573973655,robot_0,3.503,-3.251
1776936824,573982634,robot_4,-1.729,1.271
1776936824,573990425,robot_1,-0.402,3.935
1776936824,773990391,robot_2,-3.000,-1.768
1776936824,774015479,robot_0,3.503,-3.251
1776936824,774026287,robot_4,-1.729,1.271
1776936824,774035018,robot_1,-0.402,3.936
1776936824,974739547,robot_2,-2.999,-1.767
1776936824,974774770,robot_0,3.502,-3.250
1776936824,974794199,robot_4,-1.728,1.271
1776936824,974810068,robot_1,-0.402,3.936
1776936825,184368390,robot_3,1.349,-0.322
1776936825,184394201,robot_1,-0.265,3.965
1776936825,184404096,robot_4,-1.789,1.269
1776936825,393495282,robot_2,-2.999,-1.767
1776936825,393517588,robot_0,3.502,-3.250
1776936825,393526018,robot_4,-1.728,1.272
1776936825,393533301,robot_1,-0.402,3.938
1776936825,594258306,robot_2,-2.999,-1.767
1776936825,594289238,robot_0,3.503,-3.251
1776936825,594305391,robot_4,-1.749,1.279
1776936825,594317227,robot_1,-0.402,3.938
1776936825,803231969,robot_3,1.341,-0.315
1776936825,803252767,robot_1,-0.264,3.966
1776936825,803262502,robot_4,-1.850,1.289
1776936826,4244027,robot_3,1.309,-0.290
1776936826,4278348,robot_1,-0.264,3.966
1776936826,4296066,robot_4,-1.888,1.301
1776936825,674236900,robot_2,-2.999,-1.766
1776936825,674262358,robot_0,3.503,-3.251
1776936825,674272180,robot_4,-1.763,1.284
1776936825,674279533,robot_1,-0.402,3.938
1776936825,883086013,robot_3,1.328,-0.305
1776936825,883110770,robot_1,-0.264,3.966
1776936825,883121962,robot_4,-1.865,1.294
1776936826,83517823,robot_3,1.302,-0.284
1776936826,83544215,robot_1,-0.264,3.967
1776936826,83559986,robot_4,-1.902,1.305
1776936826,283817974,robot_3,1.302,-0.284
1776936826,283848192,robot_1,-0.264,3.967
1776936826,283863626,robot_4,-1.940,1.317
1776936826,483914624,robot_3,1.302,-0.284
1776936826,483950410,robot_1,-0.264,3.967
1776936826,483965606,robot_4,-1.955,1.321
1776936826,694058923,robot_2,-3.154,-1.741
1776936826,694082745,robot_0,3.504,-3.253
1776936826,694093976,robot_4,-1.889,1.327
1776936826,694102302,robot_1,-0.402,3.941
1776936826,903400538,robot_3,1.303,-0.283
1776936826,903427514,robot_1,-0.264,3.968
1776936826,903437573,robot_4,-1.955,1.322
1776936827,114517382,robot_2,-3.171,-1.738
1776936827,114548366,robot_0,3.503,-3.254
1776936827,114564253,robot_4,-1.891,1.327
1776936827,114575905,robot_1,-0.403,3.941
1776936827,322925019,robot_3,1.302,-0.282
1776936827,322946830,robot_1,-0.265,3.969
1776936827,322956875,robot_4,-1.958,1.322
1776936827,524769262,robot_3,1.302,-0.282
1776936827,524789317,robot_1,-0.265,3.969
1776936827,524798354,robot_4,-1.959,1.322
1776936827,734422149,robot_2,-3.172,-1.737
1776936827,734455783,robot_0,3.503,-3.254
1776936827,734473128,robot_4,-1.894,1.327
1776936827,734487318,robot_1,-0.404,3.942
1776936827,943467176,robot_3,1.302,-0.281
1776936827,943489460,robot_1,-0.266,3.970
1776936827,943499514,robot_4,-1.959,1.322
1776936828,154584835,robot_2,-3.173,-1.738
1776936828,154608772,robot_0,3.503,-3.254
1776936828,154618777,robot_4,-1.894,1.328
1776936828,154626991,robot_1,-0.404,3.938
1776936828,363103952,robot_3,1.301,-0.281
1776936828,363124514,robot_1,-0.272,3.926
1776936828,363133665,robot_4,-1.960,1.322
1776936826,213729938,robot_2,-3.062,-1.756
1776936826,213749669,robot_0,3.504,-3.252
1776936826,213758473,robot_4,-1.862,1.317
1776936826,213766370,robot_1,-0.402,3.940
1776936826,414122273,robot_2,-3.101,-1.750
1776936826,414154982,robot_0,3.504,-3.252
1776936826,414177466,robot_4,-1.889,1.326
1776936826,414191756,robot_1,-0.402,3.940
1776936826,623442461,robot_3,1.303,-0.283
1776936826,623465047,robot_1,-0.264,3.968
1776936826,623473878,robot_4,-1.955,1.322
1776936826,834564331,robot_2,-3.171,-1.738
1776936826,834583414,robot_0,3.504,-3.253
1776936826,834591217,robot_4,-1.890,1.327
1776936826,834597981,robot_1,-0.402,3.941
1776936827,34666935,robot_2,-3.171,-1.738
1776936827,34686797,robot_0,3.503,-3.254
1776936827,34696232,robot_4,-1.891,1.327
1776936827,34703638,robot_1,-0.403,3.941
1776936827,243031026,robot_3,1.303,-0.282
1776936827,243051686,robot_1,-0.264,3.969
1776936827,243060706,robot_4,-1.958,1.322
1776936827,443391573,robot_3,1.302,-0.282
1776936827,443412783,robot_1,-0.265,3.969
1776936827,443422952,robot_4,-1.959,1.322
1776936827,643612423,robot_3,1.302,-0.281
1776936827,643648988,robot_1,-0.265,3.969
1776936827,643664417,robot_4,-1.959,1.322
1776936827,853510706,robot_2,-3.172,-1.737
1776936827,853531132,robot_0,3.503,-3.254
1776936827,853540158,robot_4,-1.894,1.327
1776936827,853547558,robot_1,-0.404,3.942
1776936828,54055483,robot_2,-3.172,-1.737
1776936828,54083213,robot_0,3.503,-3.254
1776936828,54097855,robot_4,-1.894,1.328
1776936828,54110353,robot_1,-0.405,3.942
1776936828,254130306,robot_2,-3.173,-1.738
1776936828,254165474,robot_0,3.503,-3.253
1776936828,254179675,robot_4,-1.895,1.328
1776936828,254190278,robot_1,-0.401,3.919
1776936828,463306182,robot_3,1.301,-0.281
1776936828,463327381,robot_1,-0.274,3.913
1776936828,463336547,robot_4,-1.960,1.322
1776936828,663615023,robot_3,1.300,-0.280
1776936828,663636795,robot_1,-0.274,3.913
1776936828,663646190,robot_4,-1.960,1.322
1776936828,863773532,robot_3,1.300,-0.281
1776936828,863797265,robot_1,-0.274,3.913
1776936828,863805739,robot_4,-1.961,1.322
1776936829,73949439,robot_2,-3.175,-1.739
1776936829,73968989,robot_0,3.503,-3.252
1776936829,73977601,robot_4,-1.896,1.328
1776936829,73984165,robot_1,-0.396,3.884
1776936828,573636527,robot_2,-3.174,-1.739
1776936828,573656174,robot_0,3.503,-3.253
1776936828,573664450,robot_4,-1.895,1.328
1776936828,573671329,robot_1,-0.396,3.885
1776936828,774409093,robot_2,-3.175,-1.739
1776936828,774435041,robot_0,3.503,-3.252
1776936828,774446636,robot_4,-1.895,1.328
1776936828,774454988,robot_1,-0.396,3.885
1776936828,974554220,robot_2,-3.175,-1.739
1776936828,974585302,robot_0,3.503,-3.252
1776936828,974598021,robot_4,-1.896,1.328
1776936828,974609661,robot_1,-0.396,3.885
1776936829,183873153,robot_3,1.299,-0.281
1776936829,183911473,robot_1,-0.275,3.913
1776936829,183928803,robot_4,-1.961,1.322
1776936829,394208476,robot_2,-3.176,-1.740
1776936829,394236804,robot_0,3.502,-3.251
1776936829,394249249,robot_4,-1.896,1.327
1776936829,394258842,robot_1,-0.397,3.884
1776936829,602874296,robot_3,1.299,-0.281
1776936829,602894565,robot_1,-0.275,3.912
1776936829,602902949,robot_4,-1.961,1.322
1776936829,803175894,robot_3,1.300,-0.283
1776936829,803200940,robot_1,-0.276,3.911
1776936829,803210746,robot_4,-1.962,1.322
1776936830,5923915,robot_3,1.322,-0.304
1776936830,5950564,robot_1,-0.276,3.911
1776936830,5961154,robot_4,-1.962,1.321
1776936830,214121953,robot_2,-3.176,-1.740
1776936830,214163170,robot_0,3.501,-3.251
1776936830,214182585,robot_4,-1.897,1.327
1776936830,214197196,robot_1,-0.397,3.882
1776936830,414325857,robot_2,-3.176,-1.741
1776936830,414362098,robot_0,3.500,-3.251
1776936830,414380133,robot_4,-1.891,1.324
1776936830,414394488,robot_1,-0.397,3.882
1776936830,623237824,robot_3,1.356,-0.335
1776936830,623257949,robot_1,-0.276,3.910
1776936830,623267216,robot_4,-1.916,1.303
1776936830,823299084,robot_3,1.355,-0.336
1776936830,823320367,robot_1,-0.276,3.909
1776936830,823332705,robot_4,-1.910,1.301
1776936831,23879241,robot_3,1.355,-0.336
1776936831,23912029,robot_1,-0.276,3.909
1776936831,23927889,robot_4,-1.910,1.301
1776936831,234088594,robot_2,-3.120,-1.753
1776936831,234109786,robot_0,3.499,-3.252
1776936831,234119356,robot_4,-1.847,1.304
1776936831,234128174,robot_1,-0.396,3.880
1776936831,434412168,robot_2,-3.120,-1.753
1776936831,434434667,robot_0,3.499,-3.252
1776936831,434444153,robot_4,-1.846,1.303
1776936831,434451322,robot_1,-0.395,3.880
1776936829,283625174,robot_3,1.299,-0.281
1776936829,283655732,robot_1,-0.275,3.912
1776936829,283671548,robot_4,-1.961,1.322
1776936829,494527782,robot_2,-3.176,-1.740
1776936829,494552267,robot_0,3.502,-3.251
1776936829,494561476,robot_4,-1.896,1.327
1776936829,494569839,robot_1,-0.397,3.884
1776936829,703776504,robot_3,1.298,-0.281
1776936829,703799826,robot_1,-0.276,3.911
1776936829,703808629,robot_4,-1.962,1.322
1776936829,904101822,robot_3,1.308,-0.290
1776936829,904140201,robot_1,-0.276,3.911
1776936829,904161773,robot_4,-1.962,1.322
1776936830,114250562,robot_2,-3.176,-1.740
1776936830,114285967,robot_0,3.501,-3.251
1776936830,114303195,robot_4,-1.897,1.327
1776936830,114317631,robot_1,-0.397,3.882
1776936830,314985473,robot_2,-3.176,-1.741
1776936830,315012523,robot_0,3.500,-3.251
1776936830,315025289,robot_4,-1.897,1.327
1776936830,315033382,robot_1,-0.397,3.882
1776936830,523691815,robot_3,1.354,-0.334
1776936830,523719762,robot_1,-0.276,3.910
1776936830,523733042,robot_4,-1.935,1.311
1776936830,734060357,robot_2,-3.148,-1.747
1776936830,734091714,robot_0,3.500,-3.251
1776936830,734111329,robot_4,-1.847,1.304
1776936830,734125756,robot_1,-0.396,3.881
1776936830,935735647,robot_2,-3.120,-1.753
1776936830,935766591,robot_0,3.499,-3.252
1776936830,935783145,robot_4,-1.847,1.304
1776936830,935797350,robot_1,-0.396,3.881
1776936831,143717074,robot_3,1.355,-0.336
1776936831,143738090,robot_1,-0.276,3.909
1776936831,143746988,robot_4,-1.910,1.301
1776936831,344069296,robot_3,1.355,-0.337
1776936831,344107522,robot_1,-0.275,3.908
1776936831,344125099,robot_4,-1.909,1.300
1776936831,545086284,robot_3,1.355,-0.337
1776936831,545122357,robot_1,-0.275,3.908
1776936831,545134820,robot_4,-1.908,1.300
1776936831,745331186,robot_3,1.355,-0.338
1776936831,745368646,robot_1,-0.275,3.908
1776936831,745383711,robot_4,-1.908,1.300
1776936831,956327729,robot_2,-3.120,-1.754
1776936831,956359483,robot_0,3.499,-3.253
1776936831,956372543,robot_4,-1.845,1.303
1776936831,956382670,robot_1,-0.394,3.880
1776936831,637100369,robot_2,-3.120,-1.754
1776936831,637154976,robot_0,3.499,-3.252
1776936831,637187373,robot_4,-1.845,1.303
1776936831,637205878,robot_1,-0.395,3.880
1776936831,845456540,robot_3,1.356,-0.338
1776936831,845503334,robot_1,-0.274,3.908
1776936831,845525336,robot_4,-1.907,1.300
1776936832,56635070,robot_2,-3.120,-1.754
1776936832,56672182,robot_0,3.499,-3.253
1776936832,56689143,robot_4,-1.845,1.303
1776936832,56702588,robot_1,-0.394,3.880
1776936832,264888674,robot_3,1.356,-0.339
1776936832,264933828,robot_1,-0.269,3.932
1776936832,264959039,robot_4,-1.907,1.300
1776936832,465075765,robot_3,1.356,-0.339
1776936832,465125627,robot_1,-0.263,3.964
1776936832,465152856,robot_4,-1.907,1.300
1776936832,675088675,robot_2,-3.118,-1.753
1776936832,675167563,robot_0,3.499,-3.254
1776936832,675217696,robot_4,-1.844,1.302
1776936832,675247950,robot_1,-0.401,3.937
1776936832,877401746,robot_2,-3.118,-1.753
1776936832,877461617,robot_0,3.499,-3.255
1776936832,877487835,robot_4,-1.844,1.302
1776936832,877510477,robot_1,-0.400,3.937
1776936833,85246801,robot_3,1.358,-0.339
1776936833,85303280,robot_1,-0.263,3.964
1776936833,85332832,robot_4,-1.906,1.299
1776936833,294870297,robot_2,-3.117,-1.753
1776936833,294903727,robot_0,3.500,-3.255
1776936833,294918445,robot_4,-1.843,1.302
1776936833,294929601,robot_1,-0.399,3.938
1776936833,496544464,robot_2,-3.117,-1.753
1776936833,496576357,robot_0,3.500,-3.255
1776936833,496591160,robot_4,-1.843,1.302
1776936833,496601606,robot_1,-0.399,3.938
1776936833,697034616,robot_2,-3.116,-1.753
1776936833,697083964,robot_0,3.500,-3.255
1776936833,697110521,robot_4,-1.843,1.302
1776936833,697131272,robot_1,-0.399,3.938
1776936833,905806258,robot_3,1.359,-0.338
1776936833,905845720,robot_1,-0.262,3.966
1776936833,905862483,robot_4,-1.905,1.300
1776936834,116377319,robot_2,-3.116,-1.752
1776936834,116431735,robot_0,3.501,-3.256
1776936834,116461015,robot_4,-1.842,1.303
1776936834,116487206,robot_1,-0.399,3.939
1776936834,325104590,robot_3,1.331,-0.306
1776936834,325142338,robot_1,-0.261,3.966
1776936834,325167344,robot_4,-1.905,1.300
1776936832,166442113,robot_3,1.356,-0.338
1776936832,166501739,robot_1,-0.273,3.912
1776936832,166528716,robot_4,-1.907,1.300
1776936832,375173768,robot_2,-3.119,-1.754
1776936832,375208466,robot_0,3.499,-3.254
1776936832,375224715,robot_4,-1.845,1.302
1776936832,375238480,robot_1,-0.399,3.926
1776936832,575393789,robot_2,-3.118,-1.753
1776936832,575423324,robot_0,3.499,-3.254
1776936832,575437557,robot_4,-1.844,1.302
1776936832,575448648,robot_1,-0.401,3.937
1776936832,784032699,robot_3,1.357,-0.339
1776936832,784065820,robot_1,-0.263,3.964
1776936832,784081584,robot_4,-1.906,1.299
1776936832,985206720,robot_3,1.358,-0.339
1776936832,985261582,robot_1,-0.263,3.964
1776936832,985289906,robot_4,-1.906,1.299
1776936833,196716636,robot_2,-3.117,-1.753
1776936833,196756613,robot_0,3.500,-3.255
1776936833,196774190,robot_4,-1.843,1.302
1776936833,196787974,robot_1,-0.400,3.937
1776936833,404361968,robot_3,1.358,-0.339
1776936833,404395740,robot_1,-0.262,3.964
1776936833,404411801,robot_4,-1.906,1.299
1776936833,605428849,robot_3,1.359,-0.339
1776936833,605483083,robot_1,-0.262,3.965
1776936833,605508852,robot_4,-1.905,1.300
1776936833,815281176,robot_2,-3.116,-1.752
1776936833,815314470,robot_0,3.500,-3.256
1776936833,815331392,robot_4,-1.843,1.302
1776936833,815344393,robot_1,-0.400,3.939
1776936834,15800063,robot_2,-3.116,-1.752
1776936834,15836124,robot_0,3.501,-3.256
1776936834,15851046,robot_4,-1.842,1.303
1776936834,15863623,robot_1,-0.399,3.939
1776936834,216788401,robot_2,-3.116,-1.752
1776936834,216828124,robot_0,3.501,-3.256
1776936834,216845455,robot_4,-1.842,1.303
1776936834,216857960,robot_1,-0.399,3.940
1776936834,424285648,robot_3,1.327,-0.303
1776936834,424320660,robot_1,-0.261,3.967
1776936834,424337473,robot_4,-1.905,1.300
1776936834,636415045,robot_2,-3.124,-1.749
1776936834,636452761,robot_0,3.502,-3.255
1776936834,636470888,robot_4,-1.852,1.308
1776936834,636484770,robot_1,-0.400,3.941
1776936834,837033588,robot_2,-3.161,-1.740
1776936834,837072494,robot_0,3.502,-3.255
1776936834,837089501,robot_4,-1.887,1.325
1776936834,837104056,robot_1,-0.400,3.941
1776936835,38243922,robot_2,-3.168,-1.738
1776936835,38285632,robot_0,3.503,-3.255
1776936835,38303095,robot_4,-1.923,1.343
1776936835,38318689,robot_1,-0.400,3.941
1776936834,525580904,robot_3,1.327,-0.303
1776936834,525617350,robot_1,-0.261,3.967
1776936834,525634844,robot_4,-1.905,1.301
1776936834,725961209,robot_3,1.327,-0.302
1776936834,725999025,robot_1,-0.261,3.967
1776936834,726016545,robot_4,-1.931,1.312
1776936834,936335340,robot_2,-3.168,-1.738
1776936834,936370750,robot_0,3.503,-3.255
1776936834,936387336,robot_4,-1.905,1.334
1776936834,936401947,robot_1,-0.400,3.941
1776936835,137195862,robot_2,-3.168,-1.738
1776936835,137251773,robot_0,3.503,-3.255
1776936835,137284283,robot_4,-1.941,1.352
1776936835,137310221,robot_1,-0.400,3.941
1776936835,345111374,robot_3,1.328,-0.301
1776936835,345147915,robot_1,-0.262,3.968
1776936835,345175909,robot_4,-2.042,1.358
1776936835,555293437,robot_2,-3.168,-1.737
1776936835,555328000,robot_0,3.503,-3.254
1776936835,555345686,robot_4,-2.015,1.388
1776936835,555359146,robot_1,-0.401,3.942
1776936835,756615086,robot_2,-3.168,-1.737
1776936835,756652094,robot_0,3.503,-3.253
1776936835,756669896,robot_4,-2.050,1.405
1776936835,756684796,robot_1,-0.401,3.942
1776936835,964097890,robot_3,1.328,-0.300
1776936835,964132031,robot_1,-0.263,3.969
1776936835,964147269,robot_4,-2.123,1.391
1776936836,165668000,robot_3,1.327,-0.300
1776936836,165700318,robot_1,-0.263,3.969
1776936836,165715375,robot_4,-2.124,1.392
1776936836,375895253,robot_2,-3.169,-1.736
1776936836,375935332,robot_0,3.503,-3.252
1776936836,375953577,robot_4,-2.057,1.409
1776936836,375968322,robot_1,-0.400,3.915
1776936836,585517417,robot_3,1.327,-0.299
1776936836,585574933,robot_1,-0.279,3.903
1776936836,585608333,robot_4,-2.126,1.392
1776936836,785802027,robot_3,1.326,-0.299
1776936836,785867584,robot_1,-0.288,3.864
1776936836,785901398,robot_4,-2.127,1.392
1776936836,987543590,robot_3,1.326,-0.299
1776936836,987593787,robot_1,-0.297,3.826
1776936836,987616747,robot_4,-2.128,1.392
1776936837,195506203,robot_2,-3.170,-1.738
1776936837,195542098,robot_0,3.502,-3.251
1776936837,195558339,robot_4,-2.061,1.410
1776936837,195571820,robot_1,-0.388,3.754
1776936837,395745216,robot_2,-3.170,-1.740
1776936837,395782542,robot_0,3.502,-3.251
1776936837,395800283,robot_4,-2.061,1.410
1776936837,395815150,robot_1,-0.385,3.714
1776936835,245381567,robot_3,1.328,-0.301
1776936835,245431071,robot_1,-0.262,3.968
1776936835,245461239,robot_4,-2.024,1.350
1776936835,454984269,robot_2,-3.168,-1.737
1776936835,455015255,robot_0,3.503,-3.254
1776936835,455031489,robot_4,-1.997,1.379
1776936835,455044393,robot_1,-0.401,3.942
1776936835,657591281,robot_2,-3.168,-1.737
1776936835,657628313,robot_0,3.503,-3.254
1776936835,657644134,robot_4,-2.033,1.396
1776936835,657655731,robot_1,-0.401,3.942
1776936835,864542999,robot_3,1.328,-0.300
1776936835,864586427,robot_1,-0.263,3.969
1776936835,864610938,robot_4,-2.122,1.391
1776936836,65615547,robot_3,1.328,-0.300
1776936836,65647443,robot_1,-0.263,3.969
1776936836,65663363,robot_4,-2.124,1.392
1776936836,275899384,robot_2,-3.169,-1.736
1776936836,275936020,robot_0,3.503,-3.252
1776936836,275952342,robot_4,-2.057,1.409
1776936836,275965405,robot_1,-0.402,3.935
1776936836,485972707,robot_3,1.327,-0.299
1776936836,486023903,robot_1,-0.274,3.922
1776936836,486048109,robot_4,-2.125,1.392
1776936836,686960076,robot_3,1.327,-0.299
1776936836,687002725,robot_1,-0.283,3.883
1776936836,687020374,robot_4,-2.126,1.392
1776936836,896554426,robot_2,-3.169,-1.736
1776936836,896591128,robot_0,3.502,-3.251
1776936836,896608036,robot_4,-2.060,1.409
1776936836,896622080,robot_1,-0.392,3.813
1776936837,105141959,robot_3,1.326,-0.299
1776936837,105193089,robot_1,-0.302,3.803
1776936837,105215032,robot_4,-2.128,1.393
1776936837,305984558,robot_3,1.325,-0.299
1776936837,306030227,robot_1,-0.311,3.764
1776936837,306050813,robot_4,-2.128,1.393
1776936837,518328362,robot_2,-3.170,-1.741
1776936837,518408325,robot_0,3.502,-3.251
1776936837,518451451,robot_4,-2.061,1.410
1776936837,518487881,robot_1,-0.384,3.707
1776936837,719249200,robot_2,-3.169,-1.743
1776936837,719285066,robot_0,3.502,-3.251
1776936837,719302722,robot_4,-2.061,1.410
1776936837,719316241,robot_1,-0.384,3.707
1776936837,924520591,robot_3,1.324,-0.299
1776936837,924555249,robot_1,-0.317,3.739
1776936837,924571587,robot_4,-2.129,1.393
1776936837,605549260,robot_3,1.325,-0.299
1776936837,605609373,robot_1,-0.316,3.740
1776936837,605642838,robot_4,-2.128,1.393
1776936837,815539309,robot_2,-3.169,-1.744
1776936837,815575925,robot_0,3.503,-3.252
1776936837,815593113,robot_4,-2.061,1.410
1776936837,815607613,robot_1,-0.384,3.707
1776936838,17223452,robot_2,-3.168,-1.745
1776936838,17288084,robot_0,3.503,-3.252
1776936838,17310122,robot_4,-2.062,1.410
1776936838,17327391,robot_1,-0.385,3.706
1776936838,224749721,robot_3,1.339,-0.319
1776936838,224784625,robot_1,-0.317,3.738
1776936838,224801619,robot_4,-2.129,1.393
1776936838,436456443,robot_2,-3.166,-1.747
1776936838,436496256,robot_0,3.503,-3.253
1776936838,436517888,robot_4,-2.062,1.410
1776936838,436536551,robot_1,-0.385,3.705
1776936838,644562045,robot_3,1.352,-0.338
1776936838,644599733,robot_1,-0.318,3.738
1776936838,644616714,robot_4,-2.129,1.393
1776936838,855016055,robot_2,-3.112,-1.767
1776936838,855049463,robot_0,3.503,-3.254
1776936838,855064955,robot_4,-2.063,1.410
1776936838,855076301,robot_1,-0.386,3.704
1776936839,55658259,robot_2,-3.075,-1.780
1776936839,55700361,robot_0,3.503,-3.254
1776936839,55716693,robot_4,-2.063,1.410
1776936839,55730552,robot_1,-0.386,3.704
1776936839,256236556,robot_2,-3.053,-1.788
1776936839,256282000,robot_0,3.503,-3.255
1776936839,256306312,robot_4,-2.063,1.410
1776936839,256326250,robot_1,-0.386,3.704
1776936839,465214888,robot_3,1.351,-0.340
1776936839,465251925,robot_1,-0.319,3.736
1776936839,465269127,robot_4,-2.130,1.392
1776936839,665385173,robot_3,1.351,-0.340
1776936839,665434921,robot_1,-0.319,3.736
1776936839,665459800,robot_4,-2.130,1.392
1776936839,874891205,robot_2,-3.053,-1.788
1776936839,874925231,robot_0,3.503,-3.255
1776936839,874941071,robot_4,-2.029,1.392
1776936839,874953477,robot_1,-0.385,3.702
1776936840,75345999,robot_2,-3.053,-1.789
1776936840,75376628,robot_0,3.502,-3.255
1776936840,75389902,robot_4,-1.994,1.375
1776936840,75400791,robot_1,-0.385,3.702
1776936840,275535964,robot_2,-3.053,-1.789
1776936840,275580130,robot_0,3.502,-3.255
1776936840,275603994,robot_4,-1.961,1.358
1776936840,275623542,robot_1,-0.385,3.702
1776936840,475561895,robot_2,-3.053,-1.789
1776936840,475598136,robot_0,3.502,-3.256
1776936840,475613898,robot_4,-1.960,1.357
1776936840,475626901,robot_1,-0.384,3.701
1776936838,136751088,robot_2,-3.168,-1.746
1776936838,136785912,robot_0,3.503,-3.252
1776936838,136801001,robot_4,-2.062,1.410
1776936838,136814558,robot_1,-0.385,3.706
1776936838,344634569,robot_3,1.351,-0.336
1776936838,344669386,robot_1,-0.317,3.738
1776936838,344685609,robot_4,-2.129,1.393
1776936838,555287455,robot_2,-3.165,-1.748
1776936838,555321297,robot_0,3.503,-3.253
1776936838,555337160,robot_4,-2.062,1.410
1776936838,555348965,robot_1,-0.385,3.705
1776936838,765318608,robot_3,1.352,-0.339
1776936838,765355901,robot_1,-0.318,3.738
1776936838,765372563,robot_4,-2.130,1.393
1776936838,975705083,robot_2,-3.089,-1.775
1776936838,975742877,robot_0,3.503,-3.254
1776936838,975758886,robot_4,-2.063,1.410
1776936838,975772545,robot_1,-0.386,3.704
1776936839,184100286,robot_3,1.351,-0.339
1776936839,184133317,robot_1,-0.319,3.737
1776936839,184146704,robot_4,-2.130,1.393
1776936839,384355318,robot_3,1.351,-0.340
1776936839,384406203,robot_1,-0.319,3.737
1776936839,384431547,robot_4,-2.130,1.392
1776936839,584645117,robot_3,1.351,-0.340
1776936839,584699034,robot_1,-0.319,3.736
1776936839,584725802,robot_4,-2.130,1.392
1776936839,795391097,robot_2,-3.053,-1.788
1776936839,795424570,robot_0,3.503,-3.255
1776936839,795439576,robot_4,-2.043,1.399
1776936839,795451672,robot_1,-0.385,3.702
1776936840,4851023,robot_3,1.351,-0.341
1776936840,4885732,robot_1,-0.319,3.735
1776936840,4902405,robot_4,-2.073,1.366
1776936840,205076755,robot_3,1.352,-0.341
1776936840,205109182,robot_1,-0.318,3.735
1776936840,205122233,robot_4,-2.038,1.349
1776936840,414726946,robot_2,-3.053,-1.789
1776936840,414753842,robot_0,3.502,-3.256
1776936840,414767635,robot_4,-1.960,1.357
1776936840,414777475,robot_1,-0.385,3.702
1776936840,624339165,robot_3,1.352,-0.342
1776936840,624371644,robot_1,-0.318,3.734
1776936840,624387103,robot_4,-2.026,1.344
1776936840,824378383,robot_3,1.353,-0.342
1776936840,824407719,robot_1,-0.317,3.734
1776936840,824420274,robot_4,-2.026,1.344
1776936841,24818380,robot_3,1.353,-0.342
1776936841,24851424,robot_1,-0.317,3.734
1776936841,24870840,robot_4,-2.026,1.343
1776936840,684662006,robot_3,1.352,-0.342
1776936840,684708950,robot_1,-0.318,3.734
1776936840,684734247,robot_4,-2.026,1.344
1776936840,895071884,robot_2,-3.052,-1.790
1776936840,895105158,robot_0,3.501,-3.256
1776936840,895120634,robot_4,-1.960,1.357
1776936840,895132740,robot_1,-0.384,3.701
1776936841,95504913,robot_2,-3.052,-1.790
1776936841,95538924,robot_0,3.500,-3.256
1776936841,95555421,robot_4,-1.960,1.357
1776936841,95568794,robot_1,-0.383,3.701
1776936841,304315703,robot_3,1.354,-0.342
1776936841,304347729,robot_1,-0.317,3.734
1776936841,304361275,robot_4,-2.026,1.343
1776936841,504577431,robot_3,1.354,-0.342
1776936841,504613397,robot_1,-0.313,3.746
1776936841,504628923,robot_4,-2.026,1.343
1776936841,714801972,robot_2,-3.051,-1.790
1776936841,714830324,robot_0,3.499,-3.255
1776936841,714843184,robot_4,-1.959,1.356
1776936841,714853217,robot_1,-0.383,3.755
1776936841,924019959,robot_3,1.355,-0.342
1776936841,924045855,robot_1,-0.288,3.825
1776936841,924057596,robot_4,-2.026,1.342
1776936842,124393994,robot_3,1.355,-0.342
1776936842,124417789,robot_1,-0.282,3.845
1776936842,124430280,robot_4,-2.025,1.342
1776936842,334221680,robot_2,-3.050,-1.789
1776936842,334246939,robot_0,3.499,-3.255
1776936842,334257685,robot_4,-1.958,1.355
1776936842,334266306,robot_1,-0.383,3.819
1776936842,543512521,robot_3,1.325,-0.292
1776936842,543535571,robot_1,-0.281,3.846
1776936842,543546297,robot_4,-2.025,1.342
1776936842,743705002,robot_3,1.322,-0.287
1776936842,743733908,robot_1,-0.281,3.846
1776936842,743747979,robot_4,-2.025,1.342
1776936842,954066427,robot_2,-3.052,-1.788
1776936842,954092871,robot_0,3.500,-3.255
1776936842,954106292,robot_4,-1.957,1.355
1776936842,954116128,robot_1,-0.382,3.819
1776936843,154888900,robot_2,-3.067,-1.781
1776936843,154915437,robot_0,3.501,-3.255
1776936843,154925120,robot_4,-1.957,1.355
1776936843,154933565,robot_1,-0.381,3.820
1776936843,363131246,robot_3,1.314,-0.277
1776936843,363151901,robot_1,-0.280,3.846
1776936843,363172237,robot_4,-2.024,1.342
1776936841,235165841,robot_2,-3.052,-1.790
1776936841,235197593,robot_0,3.500,-3.256
1776936841,235210194,robot_4,-1.960,1.356
1776936841,235220182,robot_1,-0.383,3.701
1776936841,436503931,robot_2,-3.052,-1.790
1776936841,436531426,robot_0,3.499,-3.256
1776936841,436544251,robot_4,-1.959,1.356
1776936841,436554239,robot_1,-0.383,3.703
1776936841,644548119,robot_3,1.354,-0.342
1776936841,644579267,robot_1,-0.305,3.772
1776936841,644593669,robot_4,-2.026,1.343
1776936841,854587399,robot_2,-3.051,-1.790
1776936841,854615276,robot_0,3.499,-3.255
1776936841,854629101,robot_4,-1.959,1.356
1776936841,854640825,robot_1,-0.383,3.783
1776936842,54834950,robot_2,-3.051,-1.790
1776936842,54862754,robot_0,3.499,-3.255
1776936842,54875602,robot_4,-1.959,1.355
1776936842,54886707,robot_1,-0.383,3.818
1776936842,254925898,robot_2,-3.050,-1.789
1776936842,254951130,robot_0,3.499,-3.255
1776936842,254962913,robot_4,-1.959,1.355
1776936842,254972901,robot_1,-0.383,3.818
1776936842,463769958,robot_3,1.328,-0.297
1776936842,463805672,robot_1,-0.281,3.846
1776936842,463827144,robot_4,-2.025,1.342
1776936842,664294870,robot_3,1.323,-0.289
1776936842,664324189,robot_1,-0.281,3.846
1776936842,664335456,robot_4,-2.025,1.342
1776936842,873927583,robot_2,-3.051,-1.788
1776936842,873950543,robot_0,3.500,-3.256
1776936842,873960591,robot_4,-1.958,1.355
1776936842,873968242,robot_1,-0.382,3.819
1776936843,73945109,robot_2,-3.054,-1.787
1776936843,73968629,robot_0,3.500,-3.255
1776936843,73979405,robot_4,-1.957,1.355
1776936843,73987476,robot_1,-0.381,3.819
1776936843,273992747,robot_2,-3.089,-1.771
1776936843,274018451,robot_0,3.501,-3.255
1776936843,274030562,robot_4,-1.957,1.355
1776936843,274040791,robot_1,-0.381,3.820
1776936843,474842638,robot_2,-3.126,-1.754
1776936843,474878501,robot_0,3.501,-3.255
1776936843,474896834,robot_4,-1.957,1.356
1776936843,474912256,robot_1,-0.381,3.820
1776936843,683511831,robot_3,1.308,-0.274
1776936843,683539519,robot_1,-0.279,3.847
1776936843,683551730,robot_4,-2.024,1.343
1776936843,893832195,robot_2,-3.202,-1.720
1776936843,893854350,robot_0,3.502,-3.254
1776936843,893863598,robot_4,-1.956,1.356
1776936843,893871040,robot_1,-0.381,3.821
1776936843,573627014,robot_2,-3.144,-1.746
1776936843,573648219,robot_0,3.501,-3.255
1776936843,573657548,robot_4,-1.957,1.356
1776936843,573665534,robot_1,-0.381,3.820
1776936843,773691155,robot_2,-3.180,-1.730
1776936843,773716353,robot_0,3.502,-3.255
1776936843,773727863,robot_4,-1.956,1.356
1776936843,773736778,robot_1,-0.381,3.821
1776936843,974781121,robot_2,-3.215,-1.714
1776936843,974813035,robot_0,3.502,-3.254
1776936843,974828191,robot_4,-1.956,1.356
1776936843,974840455,robot_1,-0.381,3.821
1776936844,175313741,robot_2,-3.217,-1.713
1776936844,175348242,robot_0,3.502,-3.254
1776936844,175363703,robot_4,-1.972,1.366
1776936844,175375171,robot_1,-0.381,3.822
1776936844,384076878,robot_3,1.293,-0.273
1776936844,384101821,robot_1,-0.279,3.848
1776936844,384111887,robot_4,-2.076,1.371
1776936844,593685802,robot_2,-3.217,-1.712
1776936844,593709733,robot_0,3.502,-3.253
1776936844,593719951,robot_4,-2.043,1.409
1776936844,593728307,robot_1,-0.381,3.822
1776936844,794634482,robot_2,-3.217,-1.712
1776936844,794665824,robot_0,3.502,-3.253
1776936844,794683211,robot_4,-2.056,1.417
1776936844,794697705,robot_1,-0.381,3.823
1776936845,3842026,robot_3,1.282,-0.279
1776936845,3865620,robot_1,-0.279,3.850
1776936845,3874608,robot_4,-2.126,1.398
1776936845,214527215,robot_2,-3.218,-1.712
1776936845,214552459,robot_0,3.502,-3.252
1776936845,214564828,robot_4,-2.056,1.417
1776936845,214574888,robot_1,-0.382,3.823
1776936845,423884037,robot_3,1.282,-0.279
1776936845,423911492,robot_1,-0.280,3.850
1776936845,423923016,robot_4,-2.127,1.398
1776936845,634898864,robot_2,-3.218,-1.711
1776936845,634928269,robot_0,3.501,-3.251
1776936845,634942866,robot_4,-2.058,1.418
1776936845,634955378,robot_1,-0.383,3.823
1776936845,843812465,robot_3,1.281,-0.279
1776936845,843845681,robot_1,-0.288,3.831
1776936845,843864273,robot_4,-2.128,1.399
1776936846,53554274,robot_2,-3.219,-1.711
1776936846,53574582,robot_0,3.501,-3.251
1776936846,53583364,robot_4,-2.058,1.418
1776936846,53591222,robot_1,-0.388,3.762
1776936846,254016624,robot_2,-3.219,-1.711
1776936846,254038847,robot_0,3.502,-3.252
1776936846,254049798,robot_4,-2.059,1.419
1776936846,254058019,robot_1,-0.392,3.722
1776936846,463590913,robot_3,1.286,-0.290
1776936846,463624607,robot_1,-0.334,3.718
1776936846,463641434,robot_4,-2.128,1.400
1776936844,94512860,robot_2,-3.217,-1.713
1776936844,94533387,robot_0,3.502,-3.254
1776936844,94542641,robot_4,-1.959,1.358
1776936844,94549742,robot_1,-0.381,3.821
1776936844,303308224,robot_3,1.296,-0.273
1776936844,303328165,robot_1,-0.279,3.848
1776936844,303337383,robot_4,-2.063,1.364
1776936844,503801074,robot_3,1.291,-0.274
1776936844,503826778,robot_1,-0.279,3.849
1776936844,503838134,robot_4,-2.097,1.382
1776936844,713557422,robot_2,-3.217,-1.712
1776936844,713578757,robot_0,3.502,-3.253
1776936844,713588864,robot_4,-2.056,1.417
1776936844,713600286,robot_1,-0.381,3.823
1776936844,914692709,robot_2,-3.217,-1.712
1776936844,914715441,robot_0,3.502,-3.252
1776936844,914725071,robot_4,-2.056,1.417
1776936844,914734086,robot_1,-0.382,3.823
1776936845,123415702,robot_3,1.282,-0.279
1776936845,123440055,robot_1,-0.279,3.850
1776936845,123452192,robot_4,-2.126,1.398
1776936845,334014093,robot_2,-3.218,-1.711
1776936845,334044672,robot_0,3.502,-3.252
1776936845,334061395,robot_4,-2.057,1.417
1776936845,334076218,robot_1,-0.382,3.823
1776936845,534090117,robot_2,-3.218,-1.711
1776936845,534121477,robot_0,3.501,-3.251
1776936845,534138619,robot_4,-2.058,1.418
1776936845,534152324,robot_1,-0.383,3.823
1776936845,734894168,robot_2,-3.218,-1.711
1776936845,734931682,robot_0,3.501,-3.251
1776936845,734949846,robot_4,-2.058,1.418
1776936845,734968352,robot_1,-0.383,3.822
1776936845,935911851,robot_2,-3.218,-1.711
1776936845,935943358,robot_0,3.501,-3.251
1776936845,935961008,robot_4,-2.058,1.418
1776936845,935975448,robot_1,-0.386,3.785
1776936846,143702666,robot_3,1.280,-0.279
1776936846,143726061,robot_1,-0.310,3.777
1776936846,143736167,robot_4,-2.128,1.399
1776936846,353614454,robot_2,-3.219,-1.711
1776936846,353635887,robot_0,3.502,-3.252
1776936846,353644907,robot_4,-2.059,1.419
1776936846,353651777,robot_1,-0.393,3.703
1776936846,554056986,robot_2,-3.219,-1.711
1776936846,554085585,robot_0,3.502,-3.252
1776936846,554097786,robot_4,-2.059,1.419
1776936846,554107582,robot_1,-0.396,3.663
1776936846,763556234,robot_3,1.304,-0.320
1776936846,763578596,robot_1,-0.347,3.685
1776936846,763589310,robot_4,-2.129,1.400
1776936846,974761964,robot_2,-3.220,-1.711
1776936846,974794110,robot_0,3.502,-3.253
1776936846,974811122,robot_4,-2.060,1.419
1776936846,974824761,robot_1,-0.398,3.645
1776936846,664233240,robot_3,1.304,-0.319
1776936846,664262658,robot_1,-0.347,3.686
1776936846,664274499,robot_4,-2.129,1.400
1776936846,874063856,robot_2,-3.220,-1.711
1776936846,874084874,robot_0,3.502,-3.253
1776936846,874095349,robot_4,-2.059,1.419
1776936846,874103442,robot_1,-0.398,3.646
1776936847,74330365,robot_2,-3.220,-1.711
1776936847,74352652,robot_0,3.502,-3.254
1776936847,74363667,robot_4,-2.060,1.419
1776936847,74372784,robot_1,-0.398,3.645
1776936847,283382112,robot_3,1.304,-0.321
1776936847,283409218,robot_1,-0.348,3.684
1776936847,283421929,robot_4,-2.129,1.400
1776936847,483944116,robot_3,1.304,-0.321
1776936847,483980363,robot_1,-0.349,3.684
1776936847,483997751,robot_4,-2.130,1.400
1776936847,684622380,robot_3,1.304,-0.321
1776936847,684647851,robot_1,-0.349,3.683
1776936847,684657889,robot_4,-2.130,1.400
1776936847,893381276,robot_2,-3.199,-1.724
1776936847,893403668,robot_0,3.501,-3.255
1776936847,893412543,robot_4,-2.061,1.419
1776936847,893419448,robot_1,-0.399,3.643
1776936848,93589690,robot_2,-3.164,-1.744
1776936848,93609996,robot_0,3.501,-3.255
1776936848,93619172,robot_4,-2.061,1.419
1776936848,93626402,robot_1,-0.399,3.643
1776936848,303975668,robot_3,1.304,-0.323
1776936848,303999997,robot_1,-0.350,3.682
1776936848,304010783,robot_4,-2.131,1.399
1776936848,504084862,robot_3,1.304,-0.323
1776936848,504121786,robot_1,-0.350,3.682
1776936848,504141384,robot_4,-2.131,1.399
1776936848,714040334,robot_2,-3.057,-1.804
1776936848,714063864,robot_0,3.501,-3.254
1776936848,714074099,robot_4,-2.056,1.415
1776936848,714082246,robot_1,-0.399,3.641
1776936848,915050175,robot_2,-3.023,-1.823
1776936848,915073561,robot_0,3.501,-3.253
1776936848,915083624,robot_4,-2.024,1.394
1776936848,915091708,robot_1,-0.399,3.641
1776936849,123101705,robot_3,1.307,-0.320
1776936849,123125704,robot_1,-0.350,3.681
1776936849,123134725,robot_4,-2.054,1.355
1776936849,324610340,robot_3,1.309,-0.316
1776936849,324642873,robot_1,-0.350,3.680
1776936849,324656640,robot_4,-2.032,1.342
1776936847,183678845,robot_3,1.304,-0.320
1776936847,183705498,robot_1,-0.348,3.685
1776936847,183719549,robot_4,-2.129,1.400
1776936847,393552435,robot_2,-3.220,-1.711
1776936847,393576391,robot_0,3.502,-3.254
1776936847,393587045,robot_4,-2.060,1.419
1776936847,393595235,robot_1,-0.399,3.644
1776936847,593628520,robot_2,-3.220,-1.712
1776936847,593652144,robot_0,3.501,-3.255
1776936847,593662656,robot_4,-2.061,1.419
1776936847,593670544,robot_1,-0.399,3.644
1776936847,794219037,robot_2,-3.216,-1.714
1776936847,794248050,robot_0,3.501,-3.255
1776936847,794262679,robot_4,-2.061,1.419
1776936847,794275404,robot_1,-0.399,3.643
1776936847,994404850,robot_2,-3.181,-1.734
1776936847,994427459,robot_0,3.501,-3.255
1776936847,994436016,robot_4,-2.061,1.419
1776936847,994443607,robot_1,-0.399,3.643
1776936848,204028106,robot_3,1.304,-0.322
1776936848,204054128,robot_1,-0.350,3.682
1776936848,204064502,robot_4,-2.131,1.399
1776936848,414499408,robot_2,-3.109,-1.775
1776936848,414518769,robot_0,3.501,-3.254
1776936848,414527339,robot_4,-2.062,1.419
1776936848,414534479,robot_1,-0.399,3.642
1776936848,623304588,robot_3,1.304,-0.323
1776936848,623331729,robot_1,-0.350,3.682
1776936848,623344781,robot_4,-2.131,1.399
1776936848,834079318,robot_2,-3.037,-1.816
1776936848,834111061,robot_0,3.501,-3.253
1776936848,834128324,robot_4,-2.037,1.402
1776936848,834142775,robot_1,-0.399,3.641
1776936849,34087728,robot_2,-3.002,-1.835
1776936849,34108240,robot_0,3.501,-3.253
1776936849,34121064,robot_4,-2.005,1.381
1776936849,34128407,robot_1,-0.399,3.641
1776936849,235474067,robot_2,-2.969,-1.854
1776936849,235501301,robot_0,3.501,-3.253
1776936849,235511969,robot_4,-1.972,1.359
1776936849,235519961,robot_1,-0.399,3.640
1776936849,436723618,robot_2,-2.962,-1.857
1776936849,436770001,robot_0,3.501,-3.252
1776936849,436791821,robot_4,-1.967,1.356
1776936849,436809584,robot_1,-0.399,3.640
1776936849,636760434,robot_2,-2.962,-1.858
1776936849,636808331,robot_0,3.501,-3.252
1776936849,636831848,robot_4,-1.966,1.356
1776936849,636851087,robot_1,-0.399,3.640
1776936849,844576234,robot_3,1.311,-0.306
1776936849,844609023,robot_1,-0.350,3.679
1776936849,844624689,robot_4,-2.029,1.341
1776936850,44906565,robot_3,1.311,-0.306
1776936850,44950458,robot_1,-0.349,3.679
1776936850,44974785,robot_4,-2.027,1.340
1776936849,525532706,robot_3,1.310,-0.312
1776936849,525580331,robot_1,-0.350,3.680
1776936849,525596326,robot_4,-2.031,1.342
1776936849,736899999,robot_2,-2.962,-1.858
1776936849,736947820,robot_0,3.501,-3.252
1776936849,736974861,robot_4,-1.966,1.356
1776936849,736997059,robot_1,-0.398,3.639
1776936849,944663214,robot_3,1.311,-0.306
1776936849,944692440,robot_1,-0.349,3.679
1776936849,944706406,robot_4,-2.028,1.340
1776936850,155521991,robot_2,-2.962,-1.858
1776936850,155553185,robot_0,3.500,-3.251
1776936850,155567569,robot_4,-1.964,1.355
1776936850,155578314,robot_1,-0.398,3.639
1776936850,364352110,robot_3,1.312,-0.305
1776936850,364394434,robot_1,-0.349,3.679
1776936850,364417734,robot_4,-2.025,1.340
1776936850,565445237,robot_3,1.294,-0.281
1776936850,565483539,robot_1,-0.338,3.701
1776936850,565500091,robot_4,-2.024,1.340
1776936850,774884978,robot_2,-2.962,-1.859
1776936850,774918029,robot_0,3.499,-3.251
1776936850,774933452,robot_4,-1.962,1.354
1776936850,774945455,robot_1,-0.387,3.704
1776936850,984795031,robot_3,1.248,-0.222
1776936850,984833985,robot_1,-0.301,3.775
1776936850,984851056,robot_4,-2.024,1.340
1776936851,195977533,robot_2,-2.961,-1.860
1776936851,196018938,robot_0,3.498,-3.252
1776936851,196041154,robot_4,-1.962,1.354
1776936851,196059116,robot_1,-0.373,3.786
1776936851,403564214,robot_3,1.217,-0.184
1776936851,403591906,robot_1,-0.270,3.836
1776936851,403605410,robot_4,-2.023,1.339
1776936851,604426640,robot_3,1.217,-0.184
1776936851,604460757,robot_1,-0.270,3.836
1776936851,604477587,robot_4,-2.023,1.339
1776936851,815412247,robot_2,-2.961,-1.860
1776936851,815449553,robot_0,3.497,-3.252
1776936851,815468160,robot_4,-1.961,1.353
1776936851,815481237,robot_1,-0.368,3.814
1776936852,15803417,robot_2,-2.960,-1.859
1776936852,15843638,robot_0,3.497,-3.252
1776936852,15863932,robot_4,-1.961,1.353
1776936852,15880726,robot_1,-0.368,3.814
1776936852,223651568,robot_3,1.218,-0.183
1776936852,223677857,robot_1,-0.268,3.837
1776936852,223691057,robot_4,-2.022,1.339
1776936852,423761484,robot_3,1.218,-0.182
1776936852,423790688,robot_1,-0.268,3.837
1776936852,423804706,robot_4,-2.022,1.340
1776936850,255927891,robot_2,-2.962,-1.859
1776936850,255973587,robot_0,3.500,-3.251
1776936850,255997806,robot_4,-1.964,1.355
1776936850,256017448,robot_1,-0.397,3.639
1776936850,457338760,robot_2,-2.962,-1.859
1776936850,457395450,robot_0,3.499,-3.251
1776936850,457420277,robot_4,-1.963,1.355
1776936850,457442589,robot_1,-0.397,3.643
1776936850,666583060,robot_3,1.283,-0.267
1776936850,666637179,robot_1,-0.329,3.718
1776936850,666666280,robot_4,-2.024,1.340
1776936850,875070195,robot_2,-2.962,-1.859
1776936850,875100252,robot_0,3.498,-3.251
1776936850,875114328,robot_4,-1.962,1.354
1776936850,875127103,robot_1,-0.383,3.724
1776936851,85094110,robot_3,1.237,-0.208
1776936851,85139124,robot_1,-0.292,3.793
1776936851,85173645,robot_4,-2.024,1.340
1776936851,294790194,robot_2,-2.961,-1.860
1776936851,294823355,robot_0,3.498,-3.252
1776936851,294838693,robot_4,-1.962,1.354
1776936851,294851176,robot_1,-0.370,3.806
1776936851,495885010,robot_2,-2.961,-1.860
1776936851,495919277,robot_0,3.497,-3.252
1776936851,495934048,robot_4,-1.961,1.354
1776936851,495946331,robot_1,-0.369,3.813
1776936851,695993972,robot_2,-2.961,-1.860
1776936851,696046837,robot_0,3.497,-3.252
1776936851,696071151,robot_4,-1.961,1.353
1776936851,696091367,robot_1,-0.369,3.813
1776936851,903701576,robot_3,1.217,-0.183
1776936851,903727157,robot_1,-0.269,3.837
1776936851,903738871,robot_4,-2.023,1.339
1776936852,103717912,robot_3,1.218,-0.183
1776936852,103746007,robot_1,-0.269,3.837
1776936852,103758210,robot_4,-2.022,1.339
1776936852,314296298,robot_2,-2.961,-1.857
1776936852,314321589,robot_0,3.498,-3.252
1776936852,314333629,robot_4,-1.960,1.354
1776936852,314342051,robot_1,-0.368,3.815
1776936852,524625897,robot_3,1.218,-0.182
1776936852,524664173,robot_1,-0.268,3.838
1776936852,524686284,robot_4,-2.022,1.340
1776936852,734968359,robot_2,-2.961,-1.854
1776936852,734996133,robot_0,3.499,-3.252
1776936852,735008905,robot_4,-1.960,1.354
1776936852,735019170,robot_1,-0.367,3.815
1776936852,944048461,robot_3,1.217,-0.181
1776936852,944079084,robot_1,-0.267,3.838
1776936852,944092804,robot_4,-2.021,1.340
1776936852,623809669,robot_3,1.218,-0.182
1776936852,623836227,robot_1,-0.268,3.838
1776936852,623848913,robot_4,-2.022,1.340
1776936852,834973100,robot_2,-2.962,-1.854
1776936852,834998633,robot_0,3.499,-3.252
1776936852,835009763,robot_4,-1.960,1.354
1776936852,835018712,robot_1,-0.367,3.815
1776936853,43785317,robot_3,1.217,-0.181
1776936853,43814439,robot_1,-0.267,3.838
1776936853,43827783,robot_4,-2.021,1.340
1776936853,253798118,robot_2,-3.009,-1.822
1776936853,253821277,robot_0,3.500,-3.252
1776936853,253832439,robot_4,-1.986,1.376
1776936853,253841483,robot_1,-0.367,3.816
1776936853,454407634,robot_2,-3.014,-1.819
1776936853,454434553,robot_0,3.500,-3.252
1776936853,454446915,robot_4,-2.003,1.389
1776936853,454457144,robot_1,-0.366,3.817
1776936853,655085027,robot_2,-3.014,-1.819
1776936853,655124747,robot_0,3.501,-3.252
1776936853,655144543,robot_4,-2.003,1.389
1776936853,655166165,robot_1,-0.367,3.817
1776936853,863269581,robot_3,1.215,-0.182
1776936853,863290111,robot_1,-0.267,3.840
1776936853,863299667,robot_4,-2.066,1.372
1776936854,73874574,robot_2,-3.014,-1.818
1776936854,73896109,robot_0,3.501,-3.253
1776936854,73905584,robot_4,-2.003,1.390
1776936854,73912890,robot_1,-0.367,3.818
1776936854,274503159,robot_2,-3.014,-1.818
1776936854,274534602,robot_0,3.501,-3.252
1776936854,274549843,robot_4,-2.003,1.390
1776936854,274562343,robot_1,-0.367,3.818
1776936854,483705015,robot_3,1.214,-0.193
1776936854,483744030,robot_1,-0.267,3.841
1776936854,483763250,robot_4,-2.066,1.373
1776936854,694238944,robot_2,-3.014,-1.817
1776936854,694262229,robot_0,3.500,-3.252
1776936854,694271490,robot_4,-2.004,1.390
1776936854,694278723,robot_1,-0.368,3.819
1776936854,894299391,robot_2,-3.014,-1.817
1776936854,894322858,robot_0,3.500,-3.252
1776936854,894333781,robot_4,-2.004,1.390
1776936854,894341518,robot_1,-0.368,3.819
1776936855,94320928,robot_2,-3.014,-1.817
1776936855,94351462,robot_0,3.499,-3.252
1776936855,94367222,robot_4,-2.005,1.391
1776936855,94380545,robot_1,-0.368,3.819
1776936855,294546318,robot_2,-3.015,-1.817
1776936855,294579525,robot_0,3.499,-3.252
1776936855,294596354,robot_4,-2.005,1.391
1776936855,294610693,robot_1,-0.376,3.789
1776936853,154487956,robot_2,-2.993,-1.833
1776936853,154517296,robot_0,3.500,-3.252
1776936853,154530404,robot_4,-1.971,1.363
1776936853,154541128,robot_1,-0.367,3.816
1776936853,354561815,robot_2,-3.014,-1.819
1776936853,354586535,robot_0,3.500,-3.252
1776936853,354598097,robot_4,-2.001,1.387
1776936853,354609159,robot_1,-0.366,3.816
1776936853,563994433,robot_3,1.216,-0.180
1776936853,564030259,robot_1,-0.267,3.839
1776936853,564049582,robot_4,-2.066,1.372
1776936853,773726704,robot_2,-3.014,-1.819
1776936853,773748231,robot_0,3.501,-3.252
1776936853,773757384,robot_4,-2.003,1.389
1776936853,773764975,robot_1,-0.367,3.817
1776936853,973958536,robot_2,-3.014,-1.818
1776936853,973999332,robot_0,3.501,-3.253
1776936853,974015894,robot_4,-2.003,1.389
1776936853,974028656,robot_1,-0.367,3.818
1776936854,174177555,robot_2,-3.014,-1.818
1776936854,174204845,robot_0,3.501,-3.253
1776936854,174215694,robot_4,-2.003,1.390
1776936854,174224432,robot_1,-0.367,3.818
1776936854,383021169,robot_3,1.214,-0.193
1776936854,383042370,robot_1,-0.267,3.841
1776936854,383052738,robot_4,-2.066,1.373
1776936854,583486945,robot_3,1.213,-0.193
1776936854,583522270,robot_1,-0.267,3.841
1776936854,583540580,robot_4,-2.067,1.373
1776936854,783521925,robot_3,1.213,-0.193
1776936854,783544152,robot_1,-0.267,3.842
1776936854,783554293,robot_4,-2.068,1.373
1776936854,984008271,robot_3,1.213,-0.193
1776936854,984034041,robot_1,-0.268,3.842
1776936854,984044469,robot_4,-2.068,1.373
1776936855,184044275,robot_3,1.214,-0.195
1776936855,184074867,robot_1,-0.273,3.834
1776936855,184085758,robot_4,-2.069,1.373
1776936855,393971952,robot_2,-3.015,-1.817
1776936855,393993462,robot_0,3.499,-3.252
1776936855,394002887,robot_4,-2.005,1.391
1776936855,394010485,robot_1,-0.381,3.770
1776936855,594522888,robot_2,-3.015,-1.817
1776936855,594547281,robot_0,3.498,-3.252
1776936855,594557293,robot_4,-2.005,1.391
1776936855,594566087,robot_1,-0.390,3.732
1776936855,804033385,robot_3,1.246,-0.228
1776936855,804070278,robot_1,-0.336,3.730
1776936855,804088679,robot_4,-2.069,1.373
1776936856,6652419,robot_3,1.246,-0.228
1776936856,6682284,robot_1,-0.356,3.695
1776936856,6694280,robot_4,-2.070,1.373
1776936855,495142074,robot_2,-3.015,-1.817
1776936855,495188404,robot_0,3.499,-3.252
1776936855,495208021,robot_4,-2.005,1.391
1776936855,495222704,robot_1,-0.385,3.751
1776936855,703433351,robot_3,1.246,-0.228
1776936855,703457504,robot_1,-0.326,3.746
1776936855,703467658,robot_4,-2.069,1.373
1776936855,903685133,robot_3,1.246,-0.228
1776936855,903722454,robot_1,-0.346,3.713
1776936855,903742818,robot_4,-2.070,1.373
1776936856,113968407,robot_2,-3.016,-1.817
1776936856,113991616,robot_0,3.498,-3.253
1776936856,114001851,robot_4,-2.006,1.391
1776936856,114009437,robot_1,-0.415,3.632
1776936856,323693625,robot_3,1.246,-0.229
1776936856,323727914,robot_1,-0.389,3.642
1776936856,323746760,robot_4,-2.070,1.373
1776936856,534232268,robot_2,-3.016,-1.817
1776936856,534255621,robot_0,3.497,-3.254
1776936856,534266637,robot_4,-2.007,1.391
1776936856,534276153,robot_1,-0.425,3.590
1776936856,734787443,robot_2,-3.017,-1.817
1776936856,734821511,robot_0,3.497,-3.254
1776936856,734839635,robot_4,-2.007,1.391
1776936856,734854872,robot_1,-0.425,3.590
1776936856,943348608,robot_3,1.246,-0.230
1776936856,943369011,robot_1,-0.391,3.640
1776936856,943377880,robot_4,-2.071,1.373
1776936857,143430636,robot_3,1.246,-0.230
1776936857,143454508,robot_1,-0.391,3.640
1776936857,143465752,robot_4,-2.071,1.373
1776936857,354064315,robot_2,-2.972,-1.853
1776936857,354085003,robot_0,3.498,-3.256
1776936857,354094872,robot_4,-1.982,1.369
1776936857,354101981,robot_1,-0.427,3.589
1776936857,563552511,robot_3,1.247,-0.231
1776936857,563588271,robot_1,-0.392,3.640
1776936857,563606758,robot_4,-2.025,1.338
1776936857,774380386,robot_2,-2.906,-1.904
1776936857,774403704,robot_0,3.498,-3.256
1776936857,774413645,robot_4,-1.964,1.353
1776936857,774421673,robot_1,-0.427,3.589
1776936857,983506440,robot_3,1.248,-0.231
1776936857,983529997,robot_1,-0.393,3.639
1776936857,983538124,robot_4,-2.025,1.337
1776936858,183968608,robot_3,1.248,-0.231
1776936858,183996281,robot_1,-0.393,3.639
1776936858,184006735,robot_4,-2.025,1.337
1776936858,393672790,robot_2,-2.828,-1.966
1776936858,393693427,robot_0,3.498,-3.255
1776936858,393702667,robot_4,-1.964,1.352
1776936858,393709179,robot_1,-0.428,3.587
1776936856,214014442,robot_2,-3.016,-1.817
1776936856,214039066,robot_0,3.497,-3.253
1776936856,214049181,robot_4,-2.006,1.391
1776936856,214056486,robot_1,-0.420,3.612
1776936856,414118747,robot_2,-3.016,-1.817
1776936856,414144761,robot_0,3.497,-3.254
1776936856,414163764,robot_4,-2.007,1.391
1776936856,414174043,robot_1,-0.425,3.590
1776936856,614129635,robot_2,-3.016,-1.817
1776936856,614153208,robot_0,3.497,-3.254
1776936856,614168347,robot_4,-2.007,1.391
1776936856,614176743,robot_1,-0.425,3.590
1776936856,814453965,robot_2,-3.017,-1.817
1776936856,814483728,robot_0,3.497,-3.254
1776936856,814498146,robot_4,-2.007,1.391
1776936856,814509989,robot_1,-0.426,3.590
1776936857,15909944,robot_2,-3.016,-1.818
1776936857,15965881,robot_0,3.497,-3.255
1776936857,15993112,robot_4,-2.007,1.391
1776936857,16015972,robot_1,-0.426,3.590
1776936857,223306296,robot_3,1.246,-0.230
1776936857,223330648,robot_1,-0.391,3.640
1776936857,223341916,robot_4,-2.064,1.367
1776936857,423554852,robot_3,1.246,-0.231
1776936857,423579662,robot_1,-0.392,3.640
1776936857,423591259,robot_4,-2.032,1.343
1776936857,634625003,robot_2,-2.928,-1.887
1776936857,634658401,robot_0,3.498,-3.256
1776936857,634676456,robot_4,-1.964,1.353
1776936857,634691536,robot_1,-0.427,3.589
1776936857,835105346,robot_2,-2.897,-1.912
1776936857,835126526,robot_0,3.498,-3.256
1776936857,835136526,robot_4,-1.964,1.353
1776936857,835144612,robot_1,-0.427,3.589
1776936858,35977888,robot_2,-2.866,-1.936
1776936858,36000476,robot_0,3.498,-3.256
1776936858,36011185,robot_4,-1.964,1.353
1776936858,36019012,robot_1,-0.428,3.588
1776936858,243448440,robot_3,1.248,-0.231
1776936858,243467595,robot_1,-0.393,3.639
1776936858,243476596,robot_4,-2.025,1.337
1776936858,453402556,robot_2,-2.828,-1.966
1776936858,453421856,robot_0,3.498,-3.255
1776936858,453430277,robot_4,-1.964,1.352
1776936858,453437142,robot_1,-0.428,3.587
1776936858,654764865,robot_2,-2.828,-1.966
1776936858,654790209,robot_0,3.497,-3.255
1776936858,654800167,robot_4,-1.964,1.352
1776936858,654807699,robot_1,-0.428,3.587
1776936858,863130660,robot_3,1.248,-0.225
1776936858,863152210,robot_1,-0.393,3.637
1776936858,863172365,robot_4,-2.025,1.336
1776936859,73866199,robot_2,-2.828,-1.967
1776936859,73886263,robot_0,3.498,-3.254
1776936859,73895060,robot_4,-1.961,1.353
1776936859,73902089,robot_1,-0.427,3.586
1776936858,594083575,robot_2,-2.828,-1.966
1776936858,594105881,robot_0,3.497,-3.255
1776936858,594115331,robot_4,-1.964,1.352
1776936858,594123036,robot_1,-0.428,3.587
1776936858,802942980,robot_3,1.248,-0.225
1776936858,802965272,robot_1,-0.393,3.638
1776936858,802974698,robot_4,-2.025,1.336
1776936859,3433887,robot_3,1.248,-0.224
1776936859,3457471,robot_1,-0.393,3.637
1776936859,3467064,robot_4,-2.024,1.337
1776936859,213825549,robot_2,-2.828,-1.967
1776936859,213846180,robot_0,3.498,-3.254
1776936859,213855344,robot_4,-1.961,1.353
1776936859,213862393,robot_1,-0.427,3.586
1776936859,423033532,robot_3,1.243,-0.219
1776936859,423058618,robot_1,-0.393,3.636
1776936859,423067921,robot_4,-2.023,1.337
1776936859,633586145,robot_2,-2.828,-1.968
1776936859,633605839,robot_0,3.498,-3.253
1776936859,633614251,robot_4,-1.961,1.352
1776936859,633621026,robot_1,-0.427,3.585
1776936859,834205019,robot_2,-2.827,-1.968
1776936859,834235247,robot_0,3.499,-3.252
1776936859,834251230,robot_4,-1.961,1.352
1776936859,834264273,robot_1,-0.426,3.585
1776936860,43209145,robot_3,1.157,-0.153
1776936860,43228830,robot_1,-0.392,3.635
1776936860,43237354,robot_4,-2.022,1.336
1776936860,243538451,robot_3,1.129,-0.131
1776936860,243559389,robot_1,-0.390,3.639
1776936860,243569128,robot_4,-2.022,1.336
1776936860,453437100,robot_2,-2.827,-1.968
1776936860,453457033,robot_0,3.499,-3.252
1776936860,453466332,robot_4,-1.960,1.352
1776936860,453473818,robot_1,-0.412,3.628
1776936860,653592735,robot_2,-2.826,-1.969
1776936860,653615993,robot_0,3.498,-3.253
1776936860,653625908,robot_4,-1.959,1.352
1776936860,653633960,robot_1,-0.399,3.665
1776936860,854292239,robot_2,-2.826,-1.969
1776936860,854318403,robot_0,3.498,-3.253
1776936860,854331577,robot_4,-1.959,1.352
1776936860,854341343,robot_1,-0.388,3.698
1776936861,63467891,robot_3,1.041,-0.066
1776936861,63489853,robot_1,-0.322,3.732
1776936861,63499600,robot_4,-2.021,1.337
1776936861,263617362,robot_3,1.041,-0.066
1776936861,263640249,robot_1,-0.322,3.732
1776936861,263649803,robot_4,-2.033,1.348
1776936861,464241631,robot_3,1.041,-0.066
1776936861,464282199,robot_1,-0.322,3.732
1776936861,464300449,robot_4,-2.063,1.372
1776936859,283247249,robot_3,1.249,-0.224
1776936859,283269090,robot_1,-0.393,3.637
1776936859,283277407,robot_4,-2.023,1.337
1776936859,484432712,robot_3,1.236,-0.213
1776936859,484457972,robot_1,-0.393,3.636
1776936859,484467886,robot_4,-2.023,1.337
1776936859,694261178,robot_2,-2.828,-1.968
1776936859,694288287,robot_0,3.498,-3.253
1776936859,694298099,robot_4,-1.961,1.352
1776936859,694306961,robot_1,-0.427,3.585
1776936859,903762032,robot_3,1.177,-0.167
1776936859,903792123,robot_1,-0.392,3.636
1776936859,903805008,robot_4,-2.022,1.336
1776936860,114309204,robot_2,-2.827,-1.968
1776936860,114330558,robot_0,3.499,-3.252
1776936860,114340195,robot_4,-1.960,1.352
1776936860,114347707,robot_1,-0.426,3.585
1776936860,322914032,robot_3,1.117,-0.122
1776936860,322934149,robot_1,-0.381,3.651
1776936860,322942238,robot_4,-2.022,1.336
1776936860,523366653,robot_3,1.088,-0.101
1776936860,523386957,robot_1,-0.358,3.683
1776936860,523396113,robot_4,-2.021,1.337
1776936860,734338702,robot_2,-2.826,-1.969
1776936860,734368492,robot_0,3.498,-3.253
1776936860,734384299,robot_4,-1.959,1.352
1776936860,734395905,robot_1,-0.394,3.680
1776936860,942851282,robot_3,1.041,-0.066
1776936860,942870181,robot_1,-0.322,3.732
1776936860,942879064,robot_4,-2.021,1.337
1776936861,143223820,robot_3,1.041,-0.066
1776936861,143243932,robot_1,-0.322,3.732
1776936861,143253699,robot_4,-2.021,1.337
1776936861,343401166,robot_3,1.041,-0.066
1776936861,343421493,robot_1,-0.322,3.732
1776936861,343430443,robot_4,-2.046,1.358
1776936861,553762780,robot_2,-2.826,-1.966
1776936861,553783800,robot_0,3.498,-3.254
1776936861,553793011,robot_4,-2.000,1.391
1776936861,553800666,robot_1,-0.387,3.698
1776936861,753821014,robot_2,-2.826,-1.966
1776936861,753843073,robot_0,3.498,-3.255
1776936861,753853178,robot_4,-2.000,1.391
1776936861,753861236,robot_1,-0.387,3.698
1776936861,953848414,robot_2,-2.825,-1.966
1776936861,953873885,robot_0,3.498,-3.255
1776936861,953883554,robot_4,-1.999,1.391
1776936861,953891482,robot_1,-0.386,3.699
1776936861,664411777,robot_3,1.041,-0.065
1776936861,664435826,robot_1,-0.321,3.732
1776936861,664445124,robot_4,-2.065,1.374
1776936861,873568892,robot_2,-2.825,-1.966
1776936861,873589448,robot_0,3.498,-3.255
1776936861,873598327,robot_4,-2.000,1.391
1776936861,873605506,robot_1,-0.386,3.698
1776936862,73649846,robot_2,-2.825,-1.966
1776936862,73673962,robot_0,3.498,-3.255
1776936862,73684593,robot_4,-1.999,1.391
1776936862,73692706,robot_1,-0.386,3.699
1776936862,274354693,robot_2,-2.838,-1.955
1776936862,274378990,robot_0,3.499,-3.256
1776936862,274389512,robot_4,-1.999,1.391
1776936862,274397386,robot_1,-0.386,3.699
1776936862,484026336,robot_3,1.041,-0.064
1776936862,484057488,robot_1,-0.320,3.733
1776936862,484071718,robot_4,-2.065,1.374
1776936862,694358010,robot_2,-2.900,-1.901
1776936862,694390190,robot_0,3.499,-3.256
1776936862,694407537,robot_4,-1.999,1.392
1776936862,694421862,robot_1,-0.385,3.700
1776936862,903496481,robot_3,1.034,-0.069
1776936862,903517869,robot_1,-0.319,3.733
1776936862,903528530,robot_4,-2.065,1.375
1776936863,114075362,robot_2,-2.913,-1.890
1776936863,114105731,robot_0,3.500,-3.256
1776936863,114121978,robot_4,-2.000,1.393
1776936863,114135268,robot_1,-0.385,3.701
1776936863,314246876,robot_2,-2.913,-1.890
1776936863,314284487,robot_0,3.501,-3.256
1776936863,314305902,robot_4,-2.001,1.392
1776936863,314323418,robot_1,-0.385,3.701
1776936863,523013179,robot_3,1.030,-0.079
1776936863,523034546,robot_1,-0.319,3.735
1776936863,523044612,robot_4,-2.067,1.374
1776936863,723019993,robot_3,1.030,-0.079
1776936863,723041078,robot_1,-0.319,3.735
1776936863,723050122,robot_4,-2.067,1.374
1776936863,923226617,robot_3,1.029,-0.079
1776936863,923247079,robot_1,-0.319,3.736
1776936863,923256498,robot_4,-2.068,1.374
1776936864,134192866,robot_2,-2.913,-1.888
1776936864,134214093,robot_0,3.502,-3.256
1776936864,134223908,robot_4,-2.003,1.392
1776936864,134231497,robot_1,-0.386,3.702
1776936864,343148451,robot_3,1.028,-0.080
1776936864,343180381,robot_1,-0.320,3.736
1776936864,343191001,robot_4,-2.068,1.374
1776936862,154540772,robot_2,-2.825,-1.966
1776936862,154566755,robot_0,3.499,-3.256
1776936862,154576462,robot_4,-1.999,1.391
1776936862,154585640,robot_1,-0.386,3.699
1776936862,363058725,robot_3,1.041,-0.064
1776936862,363080517,robot_1,-0.320,3.733
1776936862,363090694,robot_4,-2.065,1.374
1776936862,564163669,robot_3,1.039,-0.065
1776936862,564186568,robot_1,-0.320,3.733
1776936862,564196788,robot_4,-2.065,1.375
1776936862,774253559,robot_2,-2.911,-1.892
1776936862,774277742,robot_0,3.500,-3.256
1776936862,774287393,robot_4,-1.999,1.392
1776936862,774295697,robot_1,-0.385,3.700
1776936862,983854182,robot_3,1.033,-0.071
1776936862,983889803,robot_1,-0.319,3.734
1776936862,983905815,robot_4,-2.065,1.375
1776936863,184306528,robot_3,1.032,-0.075
1776936863,184331158,robot_1,-0.319,3.734
1776936863,184341112,robot_4,-2.066,1.375
1776936863,393815246,robot_2,-2.913,-1.889
1776936863,393836901,robot_0,3.501,-3.256
1776936863,393847802,robot_4,-2.002,1.392
1776936863,393855998,robot_1,-0.385,3.701
1776936863,602872853,robot_3,1.030,-0.079
1776936863,602892577,robot_1,-0.319,3.735
1776936863,602901696,robot_4,-2.067,1.374
1776936863,804398621,robot_3,1.029,-0.079
1776936863,804422106,robot_1,-0.319,3.735
1776936863,804431271,robot_4,-2.068,1.374
1776936864,13697844,robot_2,-2.913,-1.889
1776936864,13720763,robot_0,3.502,-3.256
1776936864,13730569,robot_4,-2.002,1.392
1776936864,13738285,robot_1,-0.386,3.702
1776936864,223032233,robot_3,1.029,-0.080
1776936864,223050878,robot_1,-0.320,3.736
1776936864,223059912,robot_4,-2.068,1.374
1776936864,423928438,robot_3,1.028,-0.080
1776936864,423951594,robot_1,-0.320,3.736
1776936864,423962505,robot_4,-2.068,1.374
1776936864,633569533,robot_2,-2.914,-1.888
1776936864,633589237,robot_0,3.501,-3.256
1776936864,633597898,robot_4,-2.003,1.392
1776936864,633605043,robot_1,-0.388,3.700
1776936864,834288106,robot_2,-2.914,-1.888
1776936864,834308592,robot_0,3.501,-3.256
1776936864,834318319,robot_4,-2.004,1.392
1776936864,834326014,robot_1,-0.403,3.665
1776936865,43441904,robot_3,1.081,-0.113
1776936865,43460292,robot_1,-0.361,3.689
1776936865,43469660,robot_4,-2.069,1.374
1776936864,543515403,robot_3,1.028,-0.080
1776936864,543537565,robot_1,-0.320,3.736
1776936864,543546536,robot_4,-2.069,1.374
1776936864,744024708,robot_3,1.037,-0.086
1776936864,744049870,robot_1,-0.335,3.719
1776936864,744061671,robot_4,-2.069,1.374
1776936864,953830419,robot_2,-2.914,-1.888
1776936864,953849056,robot_0,3.500,-3.256
1776936864,953858311,robot_4,-2.004,1.392
1776936864,953866606,robot_1,-0.411,3.646
1776936865,153973924,robot_2,-2.914,-1.887
1776936865,153993708,robot_0,3.500,-3.256
1776936865,154003626,robot_4,-2.004,1.391
1776936865,154011478,robot_1,-0.412,3.645
1776936865,363039774,robot_3,1.115,-0.132
1776936865,363063973,robot_1,-0.361,3.689
1776936865,363073141,robot_4,-2.069,1.373
1776936865,563425078,robot_3,1.115,-0.132
1776936865,563446889,robot_1,-0.361,3.689
1776936865,563456917,robot_4,-2.042,1.351
1776936865,763545375,robot_3,1.115,-0.132
1776936865,763574653,robot_1,-0.362,3.689
1776936865,763591539,robot_4,-2.012,1.325
1776936865,975118762,robot_2,-2.915,-1.891
1776936865,975162006,robot_0,3.498,-3.255
1776936865,975182114,robot_4,-1.921,1.311
1776936865,975197155,robot_1,-0.413,3.645
1776936866,184530105,robot_3,1.115,-0.133
1776936866,184563857,robot_1,-0.363,3.689
1776936866,184580087,robot_4,-1.948,1.272
1776936866,393886403,robot_2,-2.916,-1.891
1776936866,393908651,robot_0,3.499,-3.254
1776936866,393918531,robot_4,-1.880,1.272
1776936866,393926918,robot_1,-0.414,3.645
1776936866,603388722,robot_3,1.115,-0.134
1776936866,603408104,robot_1,-0.363,3.689
1776936866,603416903,robot_4,-1.937,1.263
1776936866,814317280,robot_2,-2.884,-1.922
1776936866,814339463,robot_0,3.546,-3.229
1776936866,814349168,robot_4,-1.881,1.271
1776936866,814356829,robot_1,-0.414,3.644
1776936867,22875209,robot_3,1.116,-0.135
1776936867,22894100,robot_1,-0.364,3.688
1776936867,22901921,robot_4,-1.937,1.262
1776936867,223276860,robot_3,1.116,-0.135
1776936867,223297051,robot_1,-0.364,3.688
1776936867,223306624,robot_4,-1.937,1.262
1776936867,423897134,robot_3,1.116,-0.135
1776936867,423926547,robot_1,-0.364,3.687
1776936867,423942183,robot_4,-1.937,1.262
1776936865,253522821,robot_2,-2.914,-1.887
1776936865,253542421,robot_0,3.500,-3.256
1776936865,253551633,robot_4,-2.004,1.391
1776936865,253559274,robot_1,-0.412,3.645
1776936865,453868749,robot_2,-2.915,-1.888
1776936865,453898780,robot_0,3.499,-3.256
1776936865,453915752,robot_4,-1.994,1.381
1776936865,453929336,robot_1,-0.412,3.645
1776936865,654768263,robot_2,-2.915,-1.890
1776936865,654807385,robot_0,3.499,-3.256
1776936865,654824151,robot_4,-1.966,1.354
1776936865,654839082,robot_1,-0.412,3.645
1776936865,862954648,robot_3,1.115,-0.133
1776936865,862973118,robot_1,-0.362,3.689
1776936865,862981589,robot_4,-1.996,1.313
1776936866,63110632,robot_3,1.115,-0.133
1776936866,63133812,robot_1,-0.362,3.689
1776936866,63145531,robot_4,-1.967,1.288
1776936866,263112907,robot_3,1.115,-0.133
1776936866,263135063,robot_1,-0.363,3.689
1776936866,263144311,robot_4,-1.938,1.264
1776936866,463391370,robot_3,1.115,-0.134
1776936866,463412716,robot_1,-0.363,3.689
1776936866,463422171,robot_4,-1.937,1.263
1776936866,663639161,robot_3,1.115,-0.134
1776936866,663670097,robot_1,-0.363,3.689
1776936866,663683937,robot_4,-1.937,1.263
1776936866,863898908,robot_3,1.115,-0.135
1776936866,863916555,robot_1,-0.364,3.688
1776936866,863925092,robot_4,-1.937,1.262
1776936867,73927017,robot_2,-2.847,-1.956
1776936867,73947709,robot_0,3.546,-3.229
1776936867,73956010,robot_4,-1.881,1.271
1776936867,73963141,robot_1,-0.415,3.643
1776936867,283301829,robot_3,1.116,-0.135
1776936867,283334905,robot_1,-0.364,3.687
1776936867,283351660,robot_4,-1.937,1.262
1776936867,484374551,robot_3,1.117,-0.133
1776936867,484399621,robot_1,-0.364,3.687
1776936867,484410251,robot_4,-1.936,1.262
1776936867,694262141,robot_2,-2.832,-1.971
1776936867,694285308,robot_0,3.548,-3.228
1776936867,694295139,robot_4,-1.878,1.271
1776936867,694303499,robot_1,-0.414,3.642
1776936867,902829606,robot_3,1.118,-0.129
1776936867,902848226,robot_1,-0.364,3.686
1776936867,902857212,robot_4,-1.932,1.263
1776936867,635096636,robot_2,-2.832,-1.971
1776936867,635117933,robot_0,3.548,-3.229
1776936867,635127629,robot_4,-1.878,1.270
1776936867,635135620,robot_1,-0.414,3.642
1776936867,843818902,robot_3,1.118,-0.129
1776936867,843854662,robot_1,-0.364,3.686
1776936867,843875635,robot_4,-1.932,1.263
1776936868,53358836,robot_2,-2.832,-1.972
1776936868,53378204,robot_0,3.549,-3.228
1776936868,53388393,robot_4,-1.874,1.272
1776936868,53396283,robot_1,-0.414,3.641
1776936868,254050671,robot_2,-2.832,-1.972
1776936868,254070950,robot_0,3.550,-3.228
1776936868,254081095,robot_4,-1.873,1.273
1776936868,254088526,robot_1,-0.414,3.641
1776936868,463420133,robot_3,1.120,-0.128
1776936868,463440082,robot_1,-0.364,3.685
1776936868,463448624,robot_4,-1.929,1.265
1776936868,664197527,robot_3,1.120,-0.128
1776936868,664231088,robot_1,-0.360,3.689
1776936868,664247833,robot_4,-1.929,1.265
1776936868,873809510,robot_2,-2.832,-1.973
1776936868,873840042,robot_0,3.551,-3.227
1776936868,873856631,robot_4,-1.872,1.273
1776936868,873870337,robot_1,-0.390,3.682
1776936869,74844994,robot_2,-2.832,-1.973
1776936869,74877702,robot_0,3.551,-3.227
1776936869,74894211,robot_4,-1.872,1.273
1776936869,74907679,robot_1,-0.384,3.694
1776936869,283148828,robot_3,1.105,-0.120
1776936869,283180917,robot_1,-0.319,3.727
1776936869,283191758,robot_4,-1.928,1.265
1776936869,483867773,robot_3,1.077,-0.108
1776936869,483894181,robot_1,-0.319,3.727
1776936869,483905406,robot_4,-1.928,1.265
1776936869,684792606,robot_3,1.077,-0.108
1776936869,684825510,robot_1,-0.318,3.727
1776936869,684837281,robot_4,-1.927,1.265
1776936869,893886065,robot_2,-2.831,-1.973
1776936869,893906475,robot_0,3.551,-3.225
1776936869,893915409,robot_4,-1.870,1.273
1776936869,893922723,robot_1,-0.382,3.695
1776936870,94235811,robot_2,-2.830,-1.972
1776936870,94260451,robot_0,3.551,-3.225
1776936870,94270608,robot_4,-1.873,1.276
1776936870,94278987,robot_1,-0.382,3.696
1776936870,303242205,robot_3,1.077,-0.107
1776936870,303266811,robot_1,-0.317,3.729
1776936870,303278128,robot_4,-1.960,1.294
1776936868,103306812,robot_3,1.119,-0.129
1776936868,103326267,robot_1,-0.364,3.686
1776936868,103335687,robot_4,-1.931,1.264
1776936868,313782893,robot_2,-2.832,-1.972
1776936868,313801534,robot_0,3.550,-3.228
1776936868,313810973,robot_4,-1.873,1.273
1776936868,313818020,robot_1,-0.414,3.641
1776936868,513896315,robot_2,-2.832,-1.972
1776936868,513915031,robot_0,3.550,-3.227
1776936868,513923192,robot_4,-1.872,1.273
1776936868,513929279,robot_1,-0.413,3.641
1776936868,722833819,robot_3,1.120,-0.128
1776936868,722854316,robot_1,-0.351,3.697
1776936868,722866472,robot_4,-1.929,1.265
1776936868,923183220,robot_3,1.120,-0.128
1776936868,923202682,robot_1,-0.323,3.724
1776936868,923211536,robot_4,-1.928,1.265
1776936869,134170739,robot_2,-2.832,-1.973
1776936869,134190498,robot_0,3.551,-3.227
1776936869,134200091,robot_4,-1.871,1.273
1776936869,134207000,robot_1,-0.384,3.694
1776936869,343163355,robot_3,1.095,-0.116
1776936869,343184860,robot_1,-0.319,3.727
1776936869,343193789,robot_4,-1.928,1.265
1776936869,553315463,robot_2,-2.831,-1.973
1776936869,553334219,robot_0,3.551,-3.226
1776936869,553342631,robot_4,-1.871,1.273
1776936869,553349001,robot_1,-0.383,3.694
1776936869,754033408,robot_2,-2.831,-1.973
1776936869,754054960,robot_0,3.551,-3.225
1776936869,754065324,robot_4,-1.871,1.273
1776936869,754074356,robot_1,-0.382,3.695
1776936869,963728101,robot_3,1.077,-0.108
1776936869,963755592,robot_1,-0.317,3.728
1776936869,963767917,robot_4,-1.927,1.265
1776936870,164512291,robot_3,1.077,-0.107
1776936870,164556632,robot_1,-0.317,3.728
1776936870,164574799,robot_4,-1.939,1.276
1776936870,373667620,robot_2,-2.831,-1.969
1776936870,373689531,robot_0,3.551,-3.224
1776936870,373698729,robot_4,-1.912,1.314
1776936870,373706499,robot_1,-0.381,3.697
1776936870,574518243,robot_2,-2.831,-1.968
1776936870,574555383,robot_0,3.551,-3.224
1776936870,574572702,robot_4,-1.939,1.341
1776936870,574587015,robot_1,-0.381,3.697
1776936870,783376064,robot_3,1.076,-0.106
1776936870,783395841,robot_1,-0.316,3.729
1776936870,783404533,robot_4,-2.013,1.341
1776936870,984842118,robot_3,1.076,-0.106
1776936870,984869027,robot_1,-0.316,3.730
1776936870,984880797,robot_4,-2.013,1.341
1776936870,504327987,robot_3,1.077,-0.106
1776936870,504355358,robot_1,-0.316,3.729
1776936870,504366677,robot_4,-1.990,1.320
1776936870,714555873,robot_2,-2.830,-1.968
1776936870,714581678,robot_0,3.551,-3.224
1776936870,714593555,robot_4,-1.952,1.354
1776936870,714603369,robot_1,-0.381,3.697
1776936870,923137801,robot_3,1.076,-0.106
1776936870,923164432,robot_1,-0.316,3.730
1776936870,923175946,robot_4,-2.013,1.341
1776936871,123264098,robot_3,1.076,-0.106
1776936871,123282918,robot_1,-0.315,3.730
1776936871,123292139,robot_4,-2.013,1.341
1776936871,324211848,robot_3,1.075,-0.105
1776936871,324235452,robot_1,-0.315,3.730
1776936871,324245857,robot_4,-2.013,1.341
1776936871,524460622,robot_3,1.075,-0.105
1776936871,524498256,robot_1,-0.315,3.731
1776936871,524518005,robot_4,-2.013,1.341
1776936871,735393116,robot_2,-2.830,-1.968
1776936871,735429391,robot_0,3.551,-3.225
1776936871,735450814,robot_4,-1.951,1.355
1776936871,735469125,robot_1,-0.381,3.699
1776936871,935566779,robot_2,-2.830,-1.968
1776936871,935592132,robot_0,3.551,-3.226
1776936871,935604544,robot_4,-1.951,1.355
1776936871,935615330,robot_1,-0.381,3.700
1776936872,144484009,robot_3,1.074,-0.105
1776936872,144520826,robot_1,-0.315,3.732
1776936872,144541283,robot_4,-2.013,1.342
1776936872,354496433,robot_2,-2.830,-1.967
1776936872,354518503,robot_0,3.550,-3.227
1776936872,354528661,robot_4,-1.954,1.354
1776936872,354537374,robot_1,-0.381,3.700
1776936872,563392147,robot_3,1.073,-0.106
1776936872,563414229,robot_1,-0.316,3.733
1776936872,563423570,robot_4,-2.016,1.340
1776936872,763911898,robot_3,1.073,-0.106
1776936872,763934147,robot_1,-0.316,3.733
1776936872,763944437,robot_4,-2.017,1.340
1776936872,964321873,robot_3,1.072,-0.106
1776936872,964343426,robot_1,-0.320,3.730
1776936872,964352872,robot_4,-2.017,1.340
1776936873,165344488,robot_3,1.073,-0.107
1776936873,165372322,robot_1,-0.350,3.705
1776936873,165383889,robot_4,-2.018,1.340
1776936873,374188098,robot_2,-2.831,-1.966
1776936873,374211752,robot_0,3.549,-3.227
1776936873,374221787,robot_4,-1.957,1.354
1776936873,374230633,robot_1,-0.414,3.653
1776936871,194079963,robot_2,-2.830,-1.968
1776936871,194102266,robot_0,3.551,-3.224
1776936871,194111582,robot_4,-1.951,1.354
1776936871,194119221,robot_1,-0.381,3.698
1776936871,395603073,robot_2,-2.830,-1.968
1776936871,395628242,robot_0,3.551,-3.225
1776936871,395638033,robot_4,-1.951,1.354
1776936871,395645933,robot_1,-0.381,3.699
1776936871,603911908,robot_3,1.075,-0.105
1776936871,603938831,robot_1,-0.315,3.731
1776936871,603948886,robot_4,-2.013,1.342
1776936871,814682673,robot_2,-2.830,-1.968
1776936871,814705580,robot_0,3.551,-3.226
1776936871,814716297,robot_4,-1.951,1.355
1776936871,814724274,robot_1,-0.381,3.699
1776936872,15016325,robot_2,-2.830,-1.967
1776936872,15040884,robot_0,3.551,-3.226
1776936872,15051168,robot_4,-1.951,1.355
1776936872,15060096,robot_1,-0.381,3.700
1776936872,215160656,robot_2,-2.830,-1.967
1776936872,215193783,robot_0,3.551,-3.226
1776936872,215206205,robot_4,-1.952,1.355
1776936872,215216105,robot_1,-0.381,3.700
1776936872,423834468,robot_3,1.073,-0.105
1776936872,423860524,robot_1,-0.316,3.733
1776936872,423872636,robot_4,-2.015,1.341
1776936872,635364436,robot_2,-2.830,-1.966
1776936872,635385430,robot_0,3.550,-3.227
1776936872,635395079,robot_4,-1.956,1.353
1776936872,635402562,robot_1,-0.382,3.701
1776936872,843696414,robot_3,1.072,-0.106
1776936872,843718887,robot_1,-0.316,3.733
1776936872,843728784,robot_4,-2.017,1.340
1776936873,53831508,robot_2,-2.830,-1.966
1776936873,53853165,robot_0,3.549,-3.227
1776936873,53863111,robot_4,-1.956,1.354
1776936873,53871299,robot_1,-0.395,3.682
1776936873,254382857,robot_2,-2.831,-1.966
1776936873,254404574,robot_0,3.549,-3.227
1776936873,254414500,robot_4,-1.957,1.354
1776936873,254422332,robot_1,-0.414,3.653
1776936873,454597242,robot_2,-2.831,-1.966
1776936873,454628841,robot_0,3.549,-3.227
1776936873,454646413,robot_4,-1.957,1.354
1776936873,454661621,robot_1,-0.414,3.653
1776936873,655408947,robot_2,-2.831,-1.966
1776936873,655435227,robot_0,3.550,-3.227
1776936873,655446959,robot_4,-1.957,1.354
1776936873,655457041,robot_1,-0.414,3.653
1776936873,863981945,robot_3,1.117,-0.124
1776936873,864013659,robot_1,-0.361,3.697
1776936873,864027875,robot_4,-2.018,1.340
1776936874,73676228,robot_2,-2.832,-1.965
1776936874,73700195,robot_0,3.550,-3.227
1776936874,73711172,robot_4,-1.958,1.353
1776936874,73719872,robot_1,-0.415,3.653
1776936873,583840916,robot_3,1.117,-0.123
1776936873,583877558,robot_1,-0.361,3.697
1776936873,583895987,robot_4,-2.018,1.340
1776936873,783952280,robot_3,1.117,-0.124
1776936873,783990788,robot_1,-0.361,3.697
1776936873,784010737,robot_4,-2.018,1.340
1776936873,984651139,robot_3,1.117,-0.124
1776936873,984674434,robot_1,-0.362,3.697
1776936873,984683336,robot_4,-2.019,1.340
1776936874,185284907,robot_3,1.117,-0.124
1776936874,185312505,robot_1,-0.362,3.697
1776936874,185323316,robot_4,-2.019,1.340
1776936874,393622802,robot_2,-2.832,-1.966
1776936874,393647400,robot_0,3.551,-3.226
1776936874,393658035,robot_4,-1.958,1.353
1776936874,393667392,robot_1,-0.416,3.653
1776936874,594301712,robot_2,-2.832,-1.967
1776936874,594326408,robot_0,3.551,-3.226
1776936874,594337112,robot_4,-1.956,1.350
1776936874,594345235,robot_1,-0.416,3.653
1776936874,803357295,robot_3,1.117,-0.126
1776936874,803379576,robot_1,-0.363,3.696
1776936874,803390832,robot_4,-1.987,1.310
1776936875,4460786,robot_3,1.118,-0.126
1776936875,4493620,robot_1,-0.363,3.696
1776936875,4511620,robot_4,-1.979,1.303
1776936875,213700938,robot_2,-2.830,-1.970
1776936875,213725349,robot_0,3.550,-3.224
1776936875,213736963,robot_4,-1.920,1.312
1776936875,213745763,robot_1,-0.417,3.651
1776936875,414042598,robot_2,-2.830,-1.970
1776936875,414074534,robot_0,3.550,-3.224
1776936875,414091484,robot_4,-1.920,1.312
1776936875,414106268,robot_1,-0.417,3.651
1776936875,614299275,robot_2,-2.830,-1.970
1776936875,614321452,robot_0,3.550,-3.224
1776936875,614329990,robot_4,-1.920,1.312
1776936875,614337326,robot_1,-0.417,3.650
1776936875,823200295,robot_3,1.119,-0.126
1776936875,823220299,robot_1,-0.364,3.695
1776936875,823229518,robot_4,-1.979,1.302
1776936876,23512117,robot_3,1.119,-0.124
1776936876,23541929,robot_1,-0.364,3.694
1776936876,23556424,robot_4,-1.979,1.302
1776936876,235144421,robot_2,-2.831,-1.971
1776936876,235177544,robot_0,3.549,-3.223
1776936876,235191611,robot_4,-1.920,1.311
1776936876,235200063,robot_1,-0.417,3.649
1776936876,443292501,robot_3,1.115,-0.115
1776936876,443313378,robot_1,-0.364,3.694
1776936876,443322903,robot_4,-1.979,1.301
1776936874,273800855,robot_2,-2.832,-1.966
1776936874,273822857,robot_0,3.550,-3.226
1776936874,273833558,robot_4,-1.958,1.353
1776936874,273842331,robot_1,-0.416,3.653
1776936874,484021569,robot_3,1.117,-0.125
1776936874,484048829,robot_1,-0.363,3.697
1776936874,484060398,robot_4,-2.019,1.339
1776936874,684386809,robot_3,1.117,-0.125
1776936874,684425220,robot_1,-0.363,3.697
1776936874,684444902,robot_4,-2.004,1.326
1776936874,893781593,robot_2,-2.831,-1.969
1776936874,893803179,robot_0,3.551,-3.225
1776936874,893813537,robot_4,-1.920,1.312
1776936874,893821711,robot_1,-0.416,3.652
1776936875,94135168,robot_2,-2.830,-1.970
1776936875,94164545,robot_0,3.550,-3.225
1776936875,94174696,robot_4,-1.920,1.312
1776936875,94183769,robot_1,-0.417,3.651
1776936875,303567327,robot_3,1.118,-0.126
1776936875,303588979,robot_1,-0.364,3.696
1776936875,303599115,robot_4,-1.979,1.302
1776936875,503794269,robot_3,1.119,-0.126
1776936875,503819828,robot_1,-0.364,3.696
1776936875,503831341,robot_4,-1.979,1.302
1776936875,714584680,robot_2,-2.831,-1.970
1776936875,714618829,robot_0,3.550,-3.224
1776936875,714636126,robot_4,-1.921,1.312
1776936875,714649921,robot_1,-0.417,3.650
1776936875,923423553,robot_3,1.120,-0.126
1776936875,923457351,robot_1,-0.364,3.695
1776936875,923474847,robot_4,-1.979,1.302
1776936876,134726041,robot_2,-2.831,-1.971
1776936876,134759309,robot_0,3.549,-3.223
1776936876,134777627,robot_4,-1.920,1.311
1776936876,134793592,robot_1,-0.417,3.649
1776936876,343135435,robot_3,1.117,-0.117
1776936876,343154287,robot_1,-0.364,3.694
1776936876,343168806,robot_4,-1.979,1.301
1776936876,543505885,robot_3,1.114,-0.113
1776936876,543535518,robot_1,-0.364,3.693
1776936876,543550975,robot_4,-1.979,1.301
1776936876,743596414,robot_3,1.111,-0.110
1776936876,743616066,robot_1,-0.364,3.693
1776936876,743625501,robot_4,-1.978,1.301
1776936876,953929990,robot_2,-2.830,-1.972
1776936876,953952979,robot_0,3.547,-3.223
1776936876,953964993,robot_4,-1.918,1.311
1776936876,953973995,robot_1,-0.416,3.648
1776936876,643499194,robot_3,1.113,-0.112
1776936876,643519841,robot_1,-0.364,3.693
1776936876,643529723,robot_4,-1.979,1.301
1776936876,843617172,robot_3,1.109,-0.109
1776936876,843648586,robot_1,-0.364,3.693
1776936876,843664242,robot_4,-1.978,1.302
1776936877,53587417,robot_2,-2.830,-1.972
1776936877,53608002,robot_0,3.547,-3.223
1776936877,53618249,robot_4,-1.918,1.311
1776936877,53626954,robot_1,-0.414,3.651
1776936877,253618457,robot_2,-2.830,-1.972
1776936877,253638502,robot_0,3.547,-3.223
1776936877,253648495,robot_4,-1.918,1.311
1776936877,253656304,robot_1,-0.391,3.682
1776936877,453718342,robot_2,-2.830,-1.972
1776936877,453740595,robot_0,3.548,-3.223
1776936877,453750768,robot_4,-1.918,1.311
1776936877,453758980,robot_1,-0.367,3.714
1776936877,654533051,robot_2,-2.830,-1.972
1776936877,654557419,robot_0,3.548,-3.223
1776936877,654567183,robot_4,-1.917,1.311
1776936877,654575917,robot_1,-0.344,3.746
1776936877,863342097,robot_3,0.996,-0.056
1776936877,863378199,robot_1,-0.233,3.789
1776936877,863387189,robot_4,-1.976,1.302
1776936878,63886159,robot_3,0.965,-0.042
1776936878,63921722,robot_1,-0.222,3.797
1776936878,63939058,robot_4,-1.976,1.302
1776936878,274058763,robot_2,-2.829,-1.972
1776936878,274090233,robot_0,3.549,-3.224
1776936878,274106679,robot_4,-1.916,1.311
1776936878,274120555,robot_1,-0.311,3.790
1776936878,483704234,robot_3,0.964,-0.041
1776936878,483728640,robot_1,-0.222,3.797
1776936878,483739768,robot_4,-1.975,1.302
1776936878,694091301,robot_2,-2.828,-1.972
1776936878,694113788,robot_0,3.550,-3.224
1776936878,694122488,robot_4,-1.930,1.327
1776936878,694129145,robot_1,-0.310,3.790
1776936878,903327074,robot_3,0.964,-0.040
1776936878,903348976,robot_1,-0.221,3.797
1776936878,903359297,robot_4,-2.021,1.348
1776936879,103554854,robot_3,0.964,-0.040
1776936879,103579437,robot_1,-0.220,3.797
1776936879,103591767,robot_4,-2.048,1.375
1776936879,313984269,robot_2,-2.828,-1.972
1776936879,314018184,robot_0,3.550,-3.225
1776936879,314034954,robot_4,-1.993,1.393
1776936879,314049425,robot_1,-0.309,3.791
1776936877,154066038,robot_2,-2.830,-1.972
1776936877,154087637,robot_0,3.547,-3.223
1776936877,154096869,robot_4,-1.918,1.311
1776936877,154103586,robot_1,-0.402,3.666
1776936877,363258785,robot_3,1.077,-0.093
1776936877,363280792,robot_1,-0.312,3.731
1776936877,363291032,robot_4,-1.977,1.302
1776936877,563612833,robot_3,1.044,-0.078
1776936877,563634197,robot_1,-0.280,3.754
1776936877,563644044,robot_4,-1.976,1.302
1776936877,774422904,robot_2,-2.829,-1.972
1776936877,774453048,robot_0,3.548,-3.223
1776936877,774468883,robot_4,-1.917,1.311
1776936877,774482196,robot_1,-0.330,3.765
1776936877,983710745,robot_3,0.976,-0.047
1776936877,983750250,robot_1,-0.222,3.797
1776936877,983760280,robot_4,-1.976,1.302
1776936878,185390876,robot_3,0.964,-0.042
1776936878,185429883,robot_1,-0.222,3.797
1776936878,185448060,robot_4,-1.976,1.302
1776936878,393999746,robot_2,-2.829,-1.972
1776936878,394023278,robot_0,3.550,-3.224
1776936878,394033586,robot_4,-1.916,1.311
1776936878,394041843,robot_1,-0.311,3.790
1776936878,594084875,robot_2,-2.828,-1.972
1776936878,594108604,robot_0,3.550,-3.224
1776936878,594119535,robot_4,-1.918,1.314
1776936878,594127135,robot_1,-0.311,3.790
1776936878,803008412,robot_3,0.964,-0.041
1776936878,803027274,robot_1,-0.221,3.797
1776936878,803035854,robot_4,-2.007,1.334
1776936879,3739760,robot_3,0.964,-0.040
1776936879,3763596,robot_1,-0.220,3.797
1776936879,3779027,robot_4,-2.034,1.361
1776936879,213582670,robot_2,-2.828,-1.972
1776936879,213607550,robot_0,3.550,-3.225
1776936879,213625248,robot_4,-1.993,1.393
1776936879,213640190,robot_1,-0.309,3.791
1776936879,414478995,robot_2,-2.829,-1.971
1776936879,414501708,robot_0,3.550,-3.225
1776936879,414511701,robot_4,-1.993,1.393
1776936879,414519722,robot_1,-0.309,3.791
1776936879,623440782,robot_3,0.963,-0.039
1776936879,623463608,robot_1,-0.219,3.797
1776936879,623473525,robot_4,-2.058,1.384
1776936879,834630879,robot_2,-2.830,-1.969
1776936879,834656043,robot_0,3.550,-3.225
1776936879,834667546,robot_4,-1.993,1.393
1776936879,834677272,robot_1,-0.308,3.791
1776936880,43270379,robot_3,0.962,-0.039
1776936880,43294556,robot_1,-0.218,3.798
1776936880,43304280,robot_4,-2.058,1.385
1776936879,523614853,robot_3,0.963,-0.039
1776936879,523635998,robot_1,-0.219,3.797
1776936879,523645964,robot_4,-2.058,1.384
1776936879,723653503,robot_3,0.963,-0.039
1776936879,723675318,robot_1,-0.219,3.798
1776936879,723685292,robot_4,-2.058,1.384
1776936879,933587418,robot_2,-2.830,-1.969
1776936879,933607029,robot_0,3.550,-3.225
1776936879,933617324,robot_4,-1.993,1.394
1776936879,933625553,robot_1,-0.308,3.792
1776936880,134783026,robot_2,-2.830,-1.969
1776936880,134805118,robot_0,3.550,-3.224
1776936880,134816018,robot_4,-1.993,1.394
1776936880,134826690,robot_1,-0.308,3.792
1776936880,343490135,robot_3,0.962,-0.039
1776936880,343512226,robot_1,-0.218,3.799
1776936880,343522474,robot_4,-2.058,1.385
1776936880,543531214,robot_3,0.961,-0.039
1776936880,543556175,robot_1,-0.218,3.799
1776936880,543565076,robot_4,-2.058,1.386
1776936880,743713104,robot_3,0.961,-0.039
1776936880,743735251,robot_1,-0.218,3.799
1776936880,743745380,robot_4,-2.058,1.386
1776936880,944954366,robot_3,0.961,-0.039
1776936880,944997505,robot_1,-0.218,3.800
1776936880,945021266,robot_4,-2.058,1.386
1776936881,155144560,robot_2,-2.830,-1.967
1776936881,155192141,robot_0,3.548,-3.224
1776936881,155209952,robot_4,-1.995,1.394
1776936881,155222248,robot_1,-0.308,3.794
1776936881,355321796,robot_2,-2.830,-1.967
1776936881,355353873,robot_0,3.547,-3.224
1776936881,355368581,robot_4,-1.995,1.394
1776936881,355379979,robot_1,-0.309,3.794
1776936881,564665793,robot_3,0.967,-0.047
1776936881,564697407,robot_1,-0.218,3.801
1776936881,564711119,robot_4,-2.060,1.384
1776936881,774868058,robot_2,-2.831,-1.967
1776936881,774897378,robot_0,3.546,-3.225
1776936881,774909368,robot_4,-1.996,1.394
1776936881,774918760,robot_1,-0.309,3.795
1776936881,975491155,robot_2,-2.831,-1.967
1776936881,975521660,robot_0,3.546,-3.225
1776936881,975534949,robot_4,-1.996,1.394
1776936881,975545044,robot_1,-0.326,3.774
1776936882,185868425,robot_3,0.969,-0.049
1776936882,185902471,robot_1,-0.266,3.769
1776936882,185918429,robot_4,-2.061,1.384
1776936882,395435239,robot_2,-2.832,-1.967
1776936882,395470159,robot_0,3.546,-3.226
1776936882,395485131,robot_4,-1.997,1.394
1776936882,395497967,robot_1,-0.345,3.750
1776936880,243702206,robot_3,0.962,-0.039
1776936880,243734506,robot_1,-0.218,3.798
1776936880,243751509,robot_4,-2.058,1.385
1776936880,453652330,robot_2,-2.830,-1.968
1776936880,453672152,robot_0,3.549,-3.224
1776936880,453681650,robot_4,-1.993,1.394
1776936880,453689084,robot_1,-0.308,3.793
1776936880,655111726,robot_2,-2.830,-1.968
1776936880,655137305,robot_0,3.549,-3.224
1776936880,655148341,robot_4,-1.993,1.395
1776936880,655162496,robot_1,-0.308,3.793
1776936880,864099656,robot_3,0.961,-0.039
1776936880,864134795,robot_1,-0.218,3.800
1776936880,864163306,robot_4,-2.058,1.386
1776936881,65246516,robot_3,0.960,-0.039
1776936881,65293870,robot_1,-0.218,3.800
1776936881,65316950,robot_4,-2.059,1.386
1776936881,275376450,robot_2,-2.830,-1.967
1776936881,275408279,robot_0,3.547,-3.224
1776936881,275422847,robot_4,-1.995,1.394
1776936881,275434709,robot_1,-0.309,3.794
1776936881,476317646,robot_2,-2.830,-1.967
1776936881,476370994,robot_0,3.547,-3.224
1776936881,476394609,robot_4,-1.995,1.394
1776936881,476415247,robot_1,-0.309,3.795
1776936881,684961319,robot_3,0.969,-0.049
1776936881,685007235,robot_1,-0.218,3.801
1776936881,685029543,robot_4,-2.061,1.384
1776936881,895590251,robot_2,-2.831,-1.967
1776936881,895618733,robot_0,3.546,-3.225
1776936881,895631154,robot_4,-1.996,1.394
1776936881,895641441,robot_1,-0.316,3.786
1776936882,103949711,robot_3,0.969,-0.049
1776936882,103979669,robot_1,-0.262,3.772
1776936882,103994553,robot_4,-2.061,1.384
1776936882,304574676,robot_3,0.969,-0.049
1776936882,304606349,robot_1,-0.266,3.769
1776936882,304621762,robot_4,-2.061,1.384
1776936882,505226471,robot_3,0.969,-0.049
1776936882,505263544,robot_1,-0.266,3.769
1776936882,505277941,robot_4,-2.062,1.384
1776936882,705354857,robot_3,0.969,-0.050
1776936882,705400960,robot_1,-0.267,3.769
1776936882,705425724,robot_4,-2.062,1.384
1776936882,916000553,robot_2,-2.832,-1.967
1776936882,916041514,robot_0,3.546,-3.227
1776936882,916057547,robot_4,-1.998,1.394
1776936882,916071058,robot_1,-0.346,3.750
1776936882,604579128,robot_3,0.969,-0.049
1776936882,604610801,robot_1,-0.267,3.769
1776936882,604626251,robot_4,-2.062,1.384
1776936882,804798643,robot_3,0.969,-0.050
1776936882,804833112,robot_1,-0.267,3.770
1776936882,804850155,robot_4,-2.062,1.384
1776936883,5827924,robot_3,0.969,-0.050
1776936883,5874307,robot_1,-0.267,3.770
1776936883,5899438,robot_4,-2.062,1.384
1776936883,206263687,robot_3,0.969,-0.051
1776936883,206318145,robot_1,-0.268,3.769
1776936883,206344776,robot_4,-2.062,1.384
1776936883,415518455,robot_2,-2.793,-2.038
1776936883,415576589,robot_0,3.546,-3.227
1776936883,415591589,robot_4,-1.998,1.394
1776936883,415605123,robot_1,-0.347,3.749
1776936883,616257786,robot_2,-2.778,-2.065
1776936883,616304803,robot_0,3.546,-3.227
1776936883,616330549,robot_4,-1.998,1.393
1776936883,616351582,robot_1,-0.348,3.749
1776936883,816532514,robot_2,-2.778,-2.065
1776936883,816568228,robot_0,3.546,-3.226
1776936883,816585427,robot_4,-1.998,1.393
1776936883,816598364,robot_1,-0.348,3.749
1776936884,18101730,robot_2,-2.778,-2.066
1776936884,18155092,robot_0,3.546,-3.226
1776936884,18187574,robot_4,-1.998,1.393
1776936884,18208383,robot_1,-0.348,3.749
1776936884,225614683,robot_3,0.971,-0.052
1776936884,225663572,robot_1,-0.270,3.768
1776936884,225691965,robot_4,-2.063,1.383
1776936884,436991724,robot_2,-2.776,-2.068
1776936884,437036307,robot_0,3.547,-3.225
1776936884,437062362,robot_4,-1.998,1.392
1776936884,437083332,robot_1,-0.349,3.748
1776936884,637454076,robot_2,-2.774,-2.069
1776936884,637489419,robot_0,3.547,-3.225
1776936884,637507941,robot_4,-1.998,1.392
1776936884,637521048,robot_1,-0.349,3.747
1776936884,838150949,robot_2,-2.773,-2.070
1776936884,838280376,robot_0,3.547,-3.224
1776936884,838313823,robot_4,-1.998,1.392
1776936884,838332833,robot_1,-0.349,3.747
1776936885,39008433,robot_2,-2.771,-2.071
1776936885,39047257,robot_0,3.548,-3.224
1776936885,39067471,robot_4,-1.998,1.391
1776936885,39085898,robot_1,-0.349,3.747
1776936885,246085510,robot_3,0.973,-0.051
1776936885,246121598,robot_1,-0.271,3.766
1776936885,246139161,robot_4,-2.062,1.382
1776936885,446678696,robot_3,0.973,-0.051
1776936885,446717562,robot_1,-0.270,3.766
1776936885,446735727,robot_4,-2.062,1.382
1776936883,116072902,robot_2,-2.820,-1.989
1776936883,116107720,robot_0,3.546,-3.227
1776936883,116123899,robot_4,-1.998,1.394
1776936883,116138633,robot_1,-0.347,3.750
1776936883,324615752,robot_3,0.969,-0.051
1776936883,324647260,robot_1,-0.268,3.769
1776936883,324662477,robot_4,-2.062,1.384
1776936883,525150253,robot_3,0.970,-0.051
1776936883,525190322,robot_1,-0.269,3.769
1776936883,525206138,robot_4,-2.062,1.384
1776936883,726021768,robot_3,0.970,-0.051
1776936883,726059101,robot_1,-0.269,3.769
1776936883,726076217,robot_4,-2.062,1.384
1776936883,936522431,robot_2,-2.778,-2.065
1776936883,936579325,robot_0,3.546,-3.226
1776936883,936593734,robot_4,-1.998,1.393
1776936883,936607237,robot_1,-0.348,3.749
1776936884,138022778,robot_2,-2.777,-2.066
1776936884,138074381,robot_0,3.546,-3.225
1776936884,138103660,robot_4,-1.998,1.393
1776936884,138129960,robot_1,-0.349,3.748
1776936884,344820384,robot_3,0.971,-0.052
1776936884,344853945,robot_1,-0.270,3.768
1776936884,344869589,robot_4,-2.062,1.383
1776936884,548320775,robot_3,0.971,-0.052
1776936884,548383881,robot_1,-0.270,3.768
1776936884,548415834,robot_4,-2.062,1.383
1776936884,756324668,robot_2,-2.773,-2.070
1776936884,756359892,robot_0,3.547,-3.224
1776936884,756376529,robot_4,-1.998,1.392
1776936884,756389611,robot_1,-0.349,3.747
1776936884,956779796,robot_2,-2.771,-2.070
1776936884,956812935,robot_0,3.548,-3.224
1776936884,956829212,robot_4,-1.998,1.391
1776936884,956843777,robot_1,-0.349,3.747
1776936885,161249376,robot_2,-2.770,-2.071
1776936885,161325092,robot_0,3.548,-3.224
1776936885,161364143,robot_4,-1.997,1.391
1776936885,161395769,robot_1,-0.349,3.746
1776936885,366631481,robot_3,0.973,-0.051
1776936885,366695763,robot_1,-0.270,3.766
1776936885,366733797,robot_4,-2.062,1.382
1776936885,576125599,robot_2,-2.770,-2.071
1776936885,576172137,robot_0,3.548,-3.224
1776936885,576191102,robot_4,-1.997,1.391
1776936885,576205807,robot_1,-0.348,3.746
1776936885,776535010,robot_2,-2.769,-2.071
1776936885,776574049,robot_0,3.548,-3.224
1776936885,776591405,robot_4,-1.997,1.391
1776936885,776604701,robot_1,-0.348,3.745
1776936885,977207576,robot_2,-2.769,-2.072
1776936885,977274365,robot_0,3.548,-3.224
1776936885,977312366,robot_4,-1.996,1.391
1776936885,977345281,robot_1,-0.343,3.751
1776936885,659212392,robot_2,-2.770,-2.071
1776936885,659279078,robot_0,3.548,-3.224
1776936885,659316569,robot_4,-1.997,1.391
1776936885,659348389,robot_1,-0.348,3.746
1776936885,865211880,robot_3,0.968,-0.047
1776936885,865247846,robot_1,-0.270,3.765
1776936885,865265804,robot_4,-2.061,1.382
1776936886,65582627,robot_3,0.938,-0.027
1776936886,65624198,robot_1,-0.249,3.778
1776936886,65646167,robot_4,-2.061,1.382
1776936886,266351776,robot_3,0.923,-0.018
1776936886,266383353,robot_1,-0.215,3.799
1776936886,266398941,robot_4,-2.061,1.382
1776936886,466744997,robot_3,0.923,-0.018
1776936886,466781140,robot_1,-0.181,3.819
1776936886,466799337,robot_4,-2.060,1.382
1776936886,668627120,robot_3,0.923,-0.017
1776936886,668672995,robot_1,-0.170,3.826
1776936886,668696139,robot_4,-2.060,1.382
1776936886,869967031,robot_3,0.923,-0.017
1776936886,870028585,robot_1,-0.170,3.826
1776936886,870066482,robot_4,-2.060,1.382
1776936887,76671234,robot_2,-2.768,-2.072
1776936887,76706129,robot_0,3.547,-3.226
1776936887,76721080,robot_4,-2.008,1.407
1776936887,76734281,robot_1,-0.270,3.833
1776936887,284911156,robot_3,0.923,-0.016
1776936887,284952675,robot_1,-0.169,3.825
1776936887,284972537,robot_4,-2.099,1.429
1776936887,486899370,robot_3,0.923,-0.015
1776936887,486973118,robot_1,-0.169,3.826
1776936887,487016163,robot_4,-2.125,1.459
1776936887,688289748,robot_3,0.923,-0.015
1776936887,688332835,robot_1,-0.168,3.826
1776936887,688350032,robot_4,-2.150,1.489
1776936887,896527414,robot_2,-2.809,-1.983
1776936887,896564191,robot_0,3.547,-3.228
1776936887,896581360,robot_4,-2.111,1.530
1776936887,896594506,robot_1,-0.268,3.834
1776936888,97343566,robot_2,-2.815,-1.969
1776936888,97410751,robot_0,3.547,-3.228
1776936888,97452656,robot_4,-2.137,1.560
1776936888,97486527,robot_1,-0.268,3.835
1776936888,297889492,robot_2,-2.815,-1.969
1776936888,297937309,robot_0,3.548,-3.228
1776936888,297962524,robot_4,-2.162,1.590
1776936888,297982593,robot_1,-0.268,3.835
1776936886,179766103,robot_2,-2.769,-2.072
1776936886,179807682,robot_0,3.548,-3.224
1776936886,179827168,robot_4,-1.996,1.391
1776936886,179841986,robot_1,-0.317,3.780
1776936886,386193158,robot_3,0.923,-0.018
1776936886,386262320,robot_1,-0.195,3.811
1776936886,386303015,robot_4,-2.060,1.382
1776936886,587944621,robot_3,0.923,-0.017
1776936886,588018939,robot_1,-0.170,3.826
1776936886,588060071,robot_4,-2.060,1.382
1776936886,796887525,robot_2,-2.768,-2.072
1776936886,796927621,robot_0,3.547,-3.225
1776936886,796949404,robot_4,-1.995,1.391
1776936886,796967337,robot_1,-0.270,3.833
1776936886,998413995,robot_2,-2.768,-2.072
1776936886,998448579,robot_0,3.547,-3.226
1776936886,998464377,robot_4,-1.998,1.395
1776936886,998481054,robot_1,-0.270,3.833
1776936887,199344915,robot_2,-2.768,-2.072
1776936887,199374105,robot_0,3.547,-3.226
1776936887,199389756,robot_4,-2.023,1.425
1776936887,199401810,robot_1,-0.270,3.833
1776936887,406405149,robot_3,0.923,-0.016
1776936887,406448051,robot_1,-0.169,3.826
1776936887,406470279,robot_4,-2.115,1.447
1776936887,616806744,robot_2,-2.785,-2.033
1776936887,616841822,robot_0,3.547,-3.227
1776936887,616858651,robot_4,-2.076,1.488
1776936887,616871994,robot_1,-0.269,3.833
1776936887,824533367,robot_3,0.923,-0.015
1776936887,824567435,robot_1,-0.168,3.826
1776936887,824583579,robot_4,-2.168,1.510
1776936888,25595163,robot_3,0.922,-0.015
1776936888,25635886,robot_1,-0.167,3.827
1776936888,25655441,robot_4,-2.193,1.540
1776936888,225738600,robot_3,0.922,-0.014
1776936888,225781131,robot_1,-0.167,3.827
1776936888,225802630,robot_4,-2.218,1.570
1776936888,436945107,robot_2,-2.815,-1.969
1776936888,436979906,robot_0,3.548,-3.228
1776936888,436996126,robot_4,-2.180,1.611
1776936888,437010743,robot_1,-0.268,3.835
1776936888,645876655,robot_3,0.921,-0.014
1776936888,645910373,robot_1,-0.166,3.828
1776936888,645927686,robot_4,-2.271,1.633
1776936888,856958079,robot_2,-2.815,-1.968
1776936888,856991471,robot_0,3.549,-3.229
1776936888,857008067,robot_4,-2.234,1.675
1776936888,857020878,robot_1,-0.267,3.836
1776936889,57701448,robot_2,-2.815,-1.968
1776936889,57744860,robot_0,3.549,-3.229
1776936889,57770101,robot_4,-2.259,1.704
1776936889,57791029,robot_1,-0.267,3.836
1776936888,505537026,robot_3,0.921,-0.014
1776936888,505580426,robot_1,-0.167,3.828
1776936888,505602371,robot_4,-2.254,1.612
1776936888,706458229,robot_3,0.921,-0.014
1776936888,706523592,robot_1,-0.166,3.828
1776936888,706563808,robot_4,-2.279,1.642
1776936888,915393264,robot_2,-2.815,-1.968
1776936888,915428418,robot_0,3.549,-3.229
1776936888,915443338,robot_4,-2.242,1.684
1776936888,915456177,robot_1,-0.267,3.836
1776936889,118092162,robot_2,-2.814,-1.968
1776936889,118170967,robot_0,3.549,-3.229
1776936889,118213760,robot_4,-2.261,1.706
1776936889,118245535,robot_1,-0.267,3.837
1776936889,324645202,robot_3,0.920,-0.015
1776936889,324684597,robot_1,-0.166,3.829
1776936889,324704901,robot_4,-2.325,1.696
1776936889,524655430,robot_3,0.919,-0.015
1776936889,524690174,robot_1,-0.166,3.829
1776936889,524706555,robot_4,-2.325,1.696
1776936889,725036689,robot_3,0.919,-0.015
1776936889,725072272,robot_1,-0.166,3.830
1776936889,725089289,robot_4,-2.326,1.697
1776936889,926084527,robot_3,0.919,-0.015
1776936889,926122272,robot_1,-0.166,3.830
1776936889,926141676,robot_4,-2.328,1.698
1776936890,137903769,robot_2,-2.820,-1.967
1776936890,137957313,robot_0,3.548,-3.228
1776936890,137989459,robot_4,-2.263,1.708
1776936890,138017592,robot_1,-0.268,3.839
1776936890,346249326,robot_3,0.967,-0.052
1776936890,346306815,robot_1,-0.168,3.830
1776936890,346328368,robot_4,-2.329,1.699
1776936890,555589395,robot_2,-2.821,-1.967
1776936890,555622711,robot_0,3.547,-3.227
1776936890,555639468,robot_4,-2.263,1.709
1776936890,555653808,robot_1,-0.298,3.808
1776936890,757083679,robot_2,-2.821,-1.967
1776936890,757134761,robot_0,3.547,-3.227
1776936890,757172172,robot_4,-2.263,1.709
1776936890,757192931,robot_1,-0.308,3.797
1776936890,965212575,robot_3,0.966,-0.053
1776936890,965249684,robot_1,-0.217,3.803
1776936890,965266902,robot_4,-2.329,1.700
1776936891,165827518,robot_3,0.966,-0.054
1776936891,165862599,robot_1,-0.217,3.804
1776936891,165879443,robot_4,-2.329,1.700
1776936891,374836109,robot_2,-2.822,-1.967
1776936891,374864696,robot_0,3.547,-3.226
1776936891,374878893,robot_4,-2.263,1.710
1776936891,374891219,robot_1,-0.309,3.798
1776936889,258030464,robot_2,-2.815,-1.968
1776936889,258096823,robot_0,3.549,-3.229
1776936889,258136473,robot_4,-2.261,1.706
1776936889,258224105,robot_1,-0.267,3.837
1776936889,465546193,robot_3,0.919,-0.015
1776936889,465585731,robot_1,-0.166,3.829
1776936889,465604676,robot_4,-2.325,1.696
1776936889,667348152,robot_3,0.919,-0.015
1776936889,667410063,robot_1,-0.166,3.830
1776936889,667446301,robot_4,-2.326,1.697
1776936889,875834224,robot_2,-2.820,-1.967
1776936889,875870922,robot_0,3.549,-3.228
1776936889,875890311,robot_4,-2.262,1.708
1776936889,875904839,robot_1,-0.267,3.838
1776936890,78348191,robot_2,-2.820,-1.967
1776936890,78409482,robot_0,3.548,-3.228
1776936890,78443356,robot_4,-2.263,1.708
1776936890,78472292,robot_1,-0.268,3.838
1776936890,285842065,robot_3,0.965,-0.051
1776936890,285883405,robot_1,-0.166,3.831
1776936890,285902412,robot_4,-2.329,1.699
1776936890,486309540,robot_3,0.967,-0.052
1776936890,486372147,robot_1,-0.191,3.817
1776936890,486395967,robot_4,-2.329,1.699
1776936890,686526155,robot_3,0.966,-0.053
1776936890,686590762,robot_1,-0.217,3.803
1776936890,686628326,robot_4,-2.329,1.699
1776936890,898017603,robot_2,-2.821,-1.967
1776936890,898083115,robot_0,3.547,-3.227
1776936890,898120433,robot_4,-2.263,1.709
1776936890,898153064,robot_1,-0.308,3.797
1776936891,104549058,robot_3,0.966,-0.053
1776936891,104577191,robot_1,-0.217,3.804
1776936891,104592333,robot_4,-2.329,1.700
1776936891,315275507,robot_2,-2.822,-1.967
1776936891,315305983,robot_0,3.547,-3.226
1776936891,315321037,robot_4,-2.263,1.710
1776936891,315333516,robot_1,-0.309,3.798
1776936891,515690210,robot_2,-2.822,-1.967
1776936891,515725273,robot_0,3.547,-3.226
1776936891,515740453,robot_4,-2.264,1.710
1776936891,515753777,robot_1,-0.309,3.798
1776936891,724130130,robot_3,0.967,-0.055
1776936891,724164159,robot_1,-0.218,3.804
1776936891,724179247,robot_4,-2.330,1.700
1776936891,924154977,robot_3,0.967,-0.055
1776936891,924188337,robot_1,-0.219,3.804
1776936891,924202464,robot_4,-2.330,1.700
1776936891,584030828,robot_3,0.966,-0.054
1776936891,584060821,robot_1,-0.218,3.804
1776936891,584076156,robot_4,-2.330,1.700
1776936891,784514945,robot_3,0.967,-0.055
1776936891,784552210,robot_1,-0.218,3.804
1776936891,784567756,robot_4,-2.330,1.700
1776936891,985254734,robot_3,0.967,-0.055
1776936891,985293155,robot_1,-0.219,3.804
1776936891,985309623,robot_4,-2.330,1.700
1776936892,195555539,robot_2,-2.785,-2.057
1776936892,195587635,robot_0,3.547,-3.227
1776936892,195601349,robot_4,-2.265,1.710
1776936892,195612395,robot_1,-0.311,3.797
1776936892,403288108,robot_3,0.968,-0.056
1776936892,403311239,robot_1,-0.219,3.803
1776936892,403321841,robot_4,-2.331,1.700
1776936892,603727231,robot_3,0.968,-0.056
1776936892,603763313,robot_1,-0.220,3.803
1776936892,603784016,robot_4,-2.331,1.700
1776936892,814093194,robot_2,-2.779,-2.071
1776936892,814118006,robot_0,3.548,-3.228
1776936892,814129513,robot_4,-2.265,1.710
1776936892,814139533,robot_1,-0.311,3.796
1776936893,15687503,robot_2,-2.779,-2.072
1776936893,15714007,robot_0,3.548,-3.228
1776936893,15726174,robot_4,-2.266,1.709
1776936893,15735962,robot_1,-0.311,3.796
1776936893,223757139,robot_3,0.969,-0.056
1776936893,223780628,robot_1,-0.221,3.802
1776936893,223791996,robot_4,-2.331,1.700
1776936893,435461555,robot_2,-2.780,-2.072
1776936893,435489962,robot_0,3.549,-3.228
1776936893,435505312,robot_4,-2.266,1.709
1776936893,435516909,robot_1,-0.312,3.795
1776936893,643989716,robot_3,0.970,-0.055
1776936893,644011911,robot_1,-0.221,3.801
1776936893,644022366,robot_4,-2.331,1.700
1776936893,854187827,robot_2,-2.780,-2.073
1776936893,854208001,robot_0,3.550,-3.228
1776936893,854216785,robot_4,-2.266,1.709
1776936893,854224053,robot_1,-0.311,3.794
1776936894,63625854,robot_3,0.970,-0.054
1776936894,63647877,robot_1,-0.221,3.800
1776936894,63658345,robot_4,-2.331,1.699
1776936894,263859115,robot_3,0.944,-0.029
1776936894,263881785,robot_1,-0.221,3.800
1776936894,263892814,robot_4,-2.330,1.699
1776936894,474433084,robot_2,-2.778,-2.073
1776936894,474465227,robot_0,3.551,-3.227
1776936894,474481810,robot_4,-2.264,1.708
1776936894,474495516,robot_1,-0.311,3.793
1776936892,135113987,robot_2,-2.789,-2.046
1776936892,135154947,robot_0,3.547,-3.226
1776936892,135185268,robot_4,-2.265,1.710
1776936892,135205807,robot_1,-0.311,3.797
1776936892,335386471,robot_2,-2.779,-2.071
1776936892,335415079,robot_0,3.547,-3.227
1776936892,335428890,robot_4,-2.265,1.710
1776936892,335440275,robot_1,-0.311,3.797
1776936892,543588921,robot_3,0.968,-0.056
1776936892,543615238,robot_1,-0.220,3.803
1776936892,543628609,robot_4,-2.331,1.700
1776936892,743625184,robot_3,0.968,-0.056
1776936892,743647709,robot_1,-0.220,3.803
1776936892,743657947,robot_4,-2.331,1.700
1776936892,954178952,robot_2,-2.779,-2.072
1776936892,954200022,robot_0,3.548,-3.228
1776936892,954209869,robot_4,-2.266,1.709
1776936892,954217552,robot_1,-0.311,3.796
1776936893,155119193,robot_2,-2.780,-2.072
1776936893,155149100,robot_0,3.549,-3.228
1776936893,155170182,robot_4,-2.266,1.709
1776936893,155179381,robot_1,-0.312,3.795
1776936893,363777122,robot_3,0.970,-0.056
1776936893,363803443,robot_1,-0.221,3.802
1776936893,363816529,robot_4,-2.331,1.700
1776936893,563945493,robot_3,0.970,-0.055
1776936893,563984296,robot_1,-0.221,3.801
1776936893,564005803,robot_4,-2.331,1.700
1776936893,774194862,robot_2,-2.780,-2.073
1776936893,774219415,robot_0,3.550,-3.228
1776936893,774230689,robot_4,-2.266,1.709
1776936893,774239922,robot_1,-0.311,3.794
1776936893,983517015,robot_3,0.970,-0.055
1776936893,983546408,robot_1,-0.221,3.801
1776936893,983557000,robot_4,-2.332,1.699
1776936894,185325135,robot_3,0.955,-0.040
1776936894,185365175,robot_1,-0.221,3.800
1776936894,185383609,robot_4,-2.331,1.699
1776936894,393906176,robot_2,-2.779,-2.073
1776936894,393926645,robot_0,3.551,-3.227
1776936894,393936609,robot_4,-2.264,1.708
1776936894,393945259,robot_1,-0.311,3.793
1776936894,603038374,robot_3,0.927,-0.013
1776936894,603056566,robot_1,-0.220,3.800
1776936894,603065427,robot_4,-2.330,1.698
1776936894,803190323,robot_3,0.927,-0.013
1776936894,803211873,robot_1,-0.220,3.800
1776936894,803221468,robot_4,-2.329,1.698
1776936895,5042144,robot_3,0.928,-0.012
1776936895,5066055,robot_1,-0.220,3.800
1776936895,5076963,robot_4,-2.329,1.698
1776936894,675083926,robot_2,-2.777,-2.072
1776936894,675107355,robot_0,3.551,-3.227
1776936894,675119807,robot_4,-2.264,1.707
1776936894,675127395,robot_1,-0.311,3.793
1776936894,882998007,robot_3,0.927,-0.013
1776936894,883022150,robot_1,-0.220,3.800
1776936894,883032180,robot_4,-2.329,1.698
1776936895,83782691,robot_3,0.928,-0.012
1776936895,83813048,robot_1,-0.220,3.800
1776936895,83824884,robot_4,-2.329,1.698
1776936895,293683177,robot_2,-2.776,-2.073
1776936895,293702541,robot_0,3.552,-3.226
1776936895,293711153,robot_4,-2.263,1.707
1776936895,293717383,robot_1,-0.310,3.793
1776936895,494476561,robot_2,-2.776,-2.073
1776936895,494501361,robot_0,3.552,-3.226
1776936895,494511976,robot_4,-2.263,1.706
1776936895,494520371,robot_1,-0.310,3.792
1776936895,694642452,robot_2,-2.775,-2.073
1776936895,694665144,robot_0,3.552,-3.226
1776936895,694673878,robot_4,-2.263,1.706
1776936895,694681095,robot_1,-0.309,3.792
1776936895,902988267,robot_3,0.927,-0.011
1776936895,903007291,robot_1,-0.219,3.799
1776936895,903015729,robot_4,-2.328,1.697
1776936896,103285603,robot_3,0.927,-0.010
1776936896,103306708,robot_1,-0.218,3.799
1776936896,103316730,robot_4,-2.328,1.697
1776936896,303721391,robot_3,0.927,-0.010
1776936896,303752391,robot_1,-0.218,3.799
1776936896,303768950,robot_4,-2.328,1.697
1776936896,513493071,robot_2,-2.804,-1.994
1776936896,513513725,robot_0,3.550,-3.227
1776936896,513523932,robot_4,-2.261,1.706
1776936896,513531040,robot_1,-0.308,3.794
1776936896,713704506,robot_2,-2.818,-1.958
1776936896,713723532,robot_0,3.550,-3.227
1776936896,713732148,robot_4,-2.261,1.707
1776936896,713738655,robot_1,-0.308,3.794
1776936896,913825362,robot_2,-2.832,-1.921
1776936896,913843575,robot_0,3.549,-3.228
1776936896,913852435,robot_4,-2.261,1.707
1776936896,913859136,robot_1,-0.308,3.795
1776936897,113899387,robot_2,-2.836,-1.908
1776936897,113920991,robot_0,3.549,-3.228
1776936897,113931974,robot_4,-2.261,1.707
1776936897,113940890,robot_1,-0.309,3.795
1776936897,314529761,robot_2,-2.836,-1.908
1776936897,314551389,robot_0,3.548,-3.228
1776936897,314561999,robot_4,-2.278,1.728
1776936897,314569746,robot_1,-0.309,3.796
1776936895,214646885,robot_2,-2.776,-2.073
1776936895,214670187,robot_0,3.552,-3.226
1776936895,214679794,robot_4,-2.263,1.707
1776936895,214688247,robot_1,-0.310,3.793
1776936895,423323763,robot_3,0.928,-0.012
1776936895,423353076,robot_1,-0.220,3.799
1776936895,423369163,robot_4,-2.329,1.697
1776936895,633966899,robot_2,-2.775,-2.073
1776936895,633986258,robot_0,3.552,-3.226
1776936895,633995061,robot_4,-2.263,1.706
1776936895,634002113,robot_1,-0.309,3.792
1776936895,843025222,robot_3,0.927,-0.011
1776936895,843045258,robot_1,-0.219,3.799
1776936895,843053587,robot_4,-2.328,1.697
1776936896,43312906,robot_3,0.927,-0.010
1776936896,43331540,robot_1,-0.218,3.799
1776936896,43339827,robot_4,-2.328,1.697
1776936896,253563476,robot_2,-2.786,-2.042
1776936896,253583703,robot_0,3.551,-3.227
1776936896,253591911,robot_4,-2.262,1.706
1776936896,253598009,robot_1,-0.308,3.793
1776936896,463445595,robot_3,0.927,-0.010
1776936896,463477502,robot_1,-0.218,3.799
1776936896,463510817,robot_4,-2.328,1.697
1776936896,663792008,robot_3,0.926,-0.010
1776936896,663827865,robot_1,-0.217,3.800
1776936896,663844553,robot_4,-2.327,1.697
1776936896,873670669,robot_2,-2.829,-1.928
1776936896,873692292,robot_0,3.549,-3.228
1776936896,873700881,robot_4,-2.261,1.707
1776936896,873708079,robot_1,-0.308,3.795
1776936897,84264448,robot_3,0.925,-0.009
1776936897,84291797,robot_1,-0.217,3.801
1776936897,84305755,robot_4,-2.327,1.697
1776936897,294168081,robot_2,-2.836,-1.908
1776936897,294198968,robot_0,3.548,-3.228
1776936897,294210916,robot_4,-2.275,1.725
1776936897,294218706,robot_1,-0.309,3.796
1776936897,494214116,robot_2,-2.836,-1.908
1776936897,494238387,robot_0,3.548,-3.228
1776936897,494247178,robot_4,-2.296,1.751
1776936897,494253838,robot_1,-0.309,3.796
1776936897,694253928,robot_2,-2.836,-1.908
1776936897,694278835,robot_0,3.548,-3.227
1776936897,694289520,robot_4,-2.296,1.751
1776936897,694299019,robot_1,-0.310,3.797
1776936897,902965874,robot_3,0.924,-0.010
1776936897,902985259,robot_1,-0.219,3.804
1776936897,902993739,robot_4,-2.360,1.745
1776936897,523352410,robot_3,0.924,-0.009
1776936897,523371486,robot_1,-0.218,3.803
1776936897,523381050,robot_4,-2.360,1.745
1776936897,723355094,robot_3,0.924,-0.010
1776936897,723376495,robot_1,-0.218,3.803
1776936897,723385717,robot_4,-2.360,1.745
1776936897,923845792,robot_3,0.924,-0.010
1776936897,923884179,robot_1,-0.219,3.804
1776936897,923905989,robot_4,-2.360,1.745
1776936898,123896522,robot_3,0.924,-0.010
1776936898,123927740,robot_1,-0.219,3.804
1776936898,123944840,robot_4,-2.360,1.745
1776936898,333952089,robot_2,-2.836,-1.907
1776936898,333974255,robot_0,3.548,-3.227
1776936898,333985515,robot_4,-2.295,1.752
1776936898,333994772,robot_1,-0.311,3.797
1776936898,534828415,robot_2,-2.836,-1.907
1776936898,534848077,robot_0,3.548,-3.227
1776936898,534856156,robot_4,-2.296,1.752
1776936898,534862760,robot_1,-0.340,3.773
1776936898,735013792,robot_2,-2.837,-1.907
1776936898,735039626,robot_0,3.547,-3.227
1776936898,735052459,robot_4,-2.298,1.752
1776936898,735062531,robot_1,-0.354,3.761
1776936898,944459443,robot_3,0.962,-0.057
1776936898,944478277,robot_1,-0.272,3.782
1776936898,944487167,robot_4,-2.361,1.747
1776936899,154666315,robot_2,-2.839,-1.907
1776936899,154689323,robot_0,3.547,-3.226
1776936899,154698873,robot_4,-2.298,1.753
1776936899,154707055,robot_1,-0.355,3.761
1776936899,364797759,robot_3,0.962,-0.057
1776936899,364824669,robot_1,-0.272,3.783
1776936899,364836027,robot_4,-2.361,1.747
1776936899,574807575,robot_2,-2.840,-1.906
1776936899,574841674,robot_0,3.546,-3.225
1776936899,574860831,robot_4,-2.298,1.754
1776936899,574876235,robot_1,-0.356,3.761
1776936899,783489703,robot_3,0.961,-0.058
1776936899,783511403,robot_1,-0.273,3.783
1776936899,783520370,robot_4,-2.362,1.747
1776936899,983870726,robot_3,0.962,-0.059
1776936899,983893259,robot_1,-0.274,3.783
1776936899,983903019,robot_4,-2.362,1.748
1776936900,194337525,robot_2,-2.841,-1.906
1776936900,194359691,robot_0,3.565,-3.228
1776936900,194369647,robot_4,-2.299,1.754
1776936900,194377467,robot_1,-0.357,3.761
1776936900,403298141,robot_3,0.962,-0.059
1776936900,403317336,robot_1,-0.274,3.783
1776936900,403326905,robot_4,-2.362,1.748
1776936898,103216961,robot_3,0.924,-0.010
1776936898,103236891,robot_1,-0.219,3.804
1776936898,103245276,robot_4,-2.360,1.745
1776936898,313522907,robot_2,-2.836,-1.907
1776936898,313544301,robot_0,3.548,-3.227
1776936898,313554007,robot_4,-2.295,1.752
1776936898,313561663,robot_1,-0.311,3.798
1776936898,513784571,robot_2,-2.836,-1.907
1776936898,513804978,robot_0,3.548,-3.227
1776936898,513813668,robot_4,-2.296,1.752
1776936898,513821140,robot_1,-0.337,3.776
1776936898,715044106,robot_2,-2.837,-1.907
1776936898,715071384,robot_0,3.547,-3.227
1776936898,715082786,robot_4,-2.298,1.752
1776936898,715090499,robot_1,-0.354,3.761
1776936898,915119780,robot_2,-2.838,-1.907
1776936898,915140625,robot_0,3.547,-3.227
1776936898,915150943,robot_4,-2.298,1.753
1776936898,915163063,robot_1,-0.354,3.761
1776936899,123351143,robot_3,0.962,-0.057
1776936899,123371801,robot_1,-0.272,3.782
1776936899,123382156,robot_4,-2.361,1.747
1776936899,323577109,robot_3,0.962,-0.057
1776936899,323598117,robot_1,-0.272,3.783
1776936899,323608222,robot_4,-2.361,1.747
1776936899,523721799,robot_3,0.961,-0.058
1776936899,523755451,robot_1,-0.273,3.783
1776936899,523774793,robot_4,-2.361,1.747
1776936899,734075507,robot_2,-2.840,-1.906
1776936899,734107451,robot_0,3.546,-3.225
1776936899,734124607,robot_4,-2.299,1.754
1776936899,734139907,robot_1,-0.356,3.761
1776936899,934271829,robot_2,-2.840,-1.906
1776936899,934292383,robot_0,3.546,-3.224
1776936899,934302565,robot_4,-2.299,1.754
1776936899,934310688,robot_1,-0.356,3.761
1776936900,143701088,robot_3,0.962,-0.059
1776936900,143724672,robot_1,-0.274,3.783
1776936900,143734474,robot_4,-2.362,1.748
1776936900,353890120,robot_2,-2.841,-1.906
1776936900,353909802,robot_0,3.596,-3.235
1776936900,353919808,robot_4,-2.300,1.754
1776936900,353927360,robot_1,-0.357,3.761
1776936900,553902772,robot_2,-2.841,-1.906
1776936900,553921657,robot_0,3.605,-3.237
1776936900,553929993,robot_4,-2.300,1.754
1776936900,553936987,robot_1,-0.358,3.761
1776936900,754095032,robot_2,-2.841,-1.906
1776936900,754124638,robot_0,3.605,-3.237
1776936900,754139822,robot_4,-2.300,1.754
1776936900,754152955,robot_1,-0.358,3.760
1776936900,963748092,robot_3,0.963,-0.060
1776936900,963771847,robot_1,-0.275,3.782
1776936900,963785149,robot_4,-2.363,1.748
1776936900,613783642,robot_2,-2.841,-1.906
1776936900,613810659,robot_0,3.605,-3.237
1776936900,613826790,robot_4,-2.300,1.754
1776936900,613839913,robot_1,-0.358,3.760
1776936900,822855509,robot_3,0.963,-0.060
1776936900,822873320,robot_1,-0.275,3.782
1776936900,822881999,robot_4,-2.363,1.748
1776936901,23415660,robot_3,0.963,-0.060
1776936901,23433934,robot_1,-0.276,3.782
1776936901,23442502,robot_4,-2.363,1.747
1776936901,234006801,robot_2,-2.819,-1.971
1776936901,234027101,robot_0,3.606,-3.238
1776936901,234036893,robot_4,-2.301,1.754
1776936901,234044468,robot_1,-0.358,3.759
1776936901,434524873,robot_2,-2.806,-2.008
1776936901,434545754,robot_0,3.606,-3.238
1776936901,434555633,robot_4,-2.283,1.729
1776936901,434562860,robot_1,-0.358,3.759
1776936901,634912747,robot_2,-2.794,-2.045
1776936901,634949906,robot_0,3.606,-3.239
1776936901,634971876,robot_4,-2.267,1.709
1776936901,634987788,robot_1,-0.358,3.758
1776936901,843839998,robot_3,0.965,-0.060
1776936901,843870600,robot_1,-0.276,3.781
1776936901,843888075,robot_4,-2.334,1.701
1776936902,53754255,robot_2,-2.767,-2.122
1776936902,53776311,robot_0,3.607,-3.239
1776936902,53785511,robot_4,-2.268,1.709
1776936902,53793501,robot_1,-0.357,3.758
1776936902,253830245,robot_2,-2.765,-2.127
1776936902,253851676,robot_0,3.607,-3.239
1776936902,253862453,robot_4,-2.268,1.708
1776936902,253870547,robot_1,-0.357,3.758
1776936902,463850179,robot_3,0.951,-0.039
1776936902,463871619,robot_1,-0.274,3.780
1776936902,463881185,robot_4,-2.334,1.701
1776936902,664094451,robot_3,0.928,-0.006
1776936902,664132523,robot_1,-0.274,3.780
1776936902,664149533,robot_4,-2.333,1.700
1776936902,864550987,robot_3,0.905,0.026
1776936902,864584958,robot_1,-0.273,3.780
1776936902,864594457,robot_4,-2.331,1.700
1776936903,73919687,robot_2,-2.766,-2.128
1776936903,73939916,robot_0,3.609,-3.239
1776936903,73949448,robot_4,-2.265,1.707
1776936903,73957456,robot_1,-0.355,3.758
1776936903,274441967,robot_2,-2.766,-2.128
1776936903,274474283,robot_0,3.609,-3.239
1776936903,274491711,robot_4,-2.265,1.707
1776936903,274505625,robot_1,-0.355,3.758
1776936901,164604021,robot_3,0.963,-0.060
1776936901,164641270,robot_1,-0.276,3.782
1776936901,164659112,robot_4,-2.363,1.747
1776936901,374117213,robot_2,-2.810,-1.997
1776936901,374138547,robot_0,3.606,-3.238
1776936901,374147253,robot_4,-2.290,1.739
1776936901,374158891,robot_1,-0.358,3.759
1776936901,583732019,robot_3,0.964,-0.060
1776936901,583769557,robot_1,-0.276,3.781
1776936901,583786968,robot_4,-2.334,1.702
1776936901,794174122,robot_2,-2.784,-2.074
1776936901,794197547,robot_0,3.606,-3.239
1776936901,794207175,robot_4,-2.267,1.709
1776936901,794214712,robot_1,-0.358,3.758
1776936901,994777638,robot_2,-2.771,-2.111
1776936901,994803779,robot_0,3.607,-3.239
1776936901,994813745,robot_4,-2.268,1.709
1776936901,994821306,robot_1,-0.358,3.758
1776936902,203436608,robot_3,0.965,-0.060
1776936902,203459063,robot_1,-0.275,3.780
1776936902,203468972,robot_4,-2.334,1.701
1776936902,403947784,robot_3,0.958,-0.049
1776936902,403967605,robot_1,-0.274,3.780
1776936902,403977197,robot_4,-2.334,1.701
1776936902,613718513,robot_2,-2.765,-2.128
1776936902,613741637,robot_0,3.608,-3.239
1776936902,613751469,robot_4,-2.268,1.708
1776936902,613758811,robot_1,-0.356,3.758
1776936902,814453769,robot_2,-2.766,-2.128
1776936902,814486239,robot_0,3.608,-3.239
1776936902,814502279,robot_4,-2.266,1.707
1776936902,814516114,robot_1,-0.355,3.759
1776936903,14929107,robot_2,-2.766,-2.128
1776936903,14955173,robot_0,3.609,-3.239
1776936903,14965086,robot_4,-2.265,1.707
1776936903,14973874,robot_1,-0.355,3.759
1776936903,223182604,robot_3,0.889,0.048
1776936903,223217228,robot_1,-0.273,3.780
1776936903,223227095,robot_4,-2.331,1.699
1776936903,433958559,robot_2,-2.766,-2.129
1776936903,433979826,robot_0,3.609,-3.239
1776936903,433989699,robot_4,-2.265,1.707
1776936903,433998097,robot_1,-0.354,3.758
1776936903,633980362,robot_2,-2.766,-2.129
1776936903,633998645,robot_0,3.610,-3.238
1776936903,634007517,robot_4,-2.265,1.706
1776936903,634014584,robot_1,-0.354,3.758
1776936903,843275931,robot_3,0.890,0.049
1776936903,843295340,robot_1,-0.272,3.779
1776936903,843304048,robot_4,-2.331,1.699
1776936904,43486870,robot_3,0.890,0.050
1776936904,43506207,robot_1,-0.271,3.779
1776936904,43515172,robot_4,-2.330,1.699
1776936903,484145712,robot_3,0.889,0.048
1776936903,484369333,robot_1,-0.272,3.779
1776936903,484442821,robot_4,-2.331,1.699
1776936903,685908066,robot_3,0.890,0.049
1776936903,685933799,robot_1,-0.272,3.779
1776936903,685945087,robot_4,-2.331,1.699
1776936903,893624595,robot_2,-2.766,-2.129
1776936903,893645453,robot_0,3.610,-3.238
1776936903,893654272,robot_4,-2.264,1.706
1776936903,893662397,robot_1,-0.353,3.758
1776936904,102805924,robot_3,0.890,0.050
1776936904,102823262,robot_1,-0.271,3.779
1776936904,102831756,robot_4,-2.330,1.699
1776936904,303806403,robot_3,0.890,0.050
1776936904,303829491,robot_1,-0.271,3.779
1776936904,303840589,robot_4,-2.330,1.698
1776936904,504454791,robot_3,0.890,0.051
1776936904,504479838,robot_1,-0.270,3.779
1776936904,504490283,robot_4,-2.330,1.698
1776936904,714107467,robot_2,-2.765,-2.130
1776936904,714128891,robot_0,3.547,-3.217
1776936904,714138643,robot_4,-2.263,1.706
1776936904,714147659,robot_1,-0.352,3.759
1776936904,923154803,robot_3,0.889,0.051
1776936904,923185747,robot_1,-0.270,3.779
1776936904,923196093,robot_4,-2.329,1.699
1776936905,123400515,robot_3,0.889,0.052
1776936905,123425709,robot_1,-0.269,3.780
1776936905,123439210,robot_4,-2.329,1.699
1776936905,334125130,robot_2,-2.764,-2.131
1776936905,334164565,robot_0,3.547,-3.216
1776936905,334182179,robot_4,-2.262,1.706
1776936905,334195817,robot_1,-0.351,3.760
1776936905,534488285,robot_2,-2.764,-2.131
1776936905,534508025,robot_0,3.547,-3.216
1776936905,534516865,robot_4,-2.262,1.706
1776936905,534523978,robot_1,-0.351,3.760
1776936905,743139860,robot_3,0.888,0.052
1776936905,743167620,robot_1,-0.269,3.781
1776936905,743178562,robot_4,-2.329,1.699
1776936905,953363264,robot_2,-2.764,-2.130
1776936905,953382822,robot_0,3.547,-3.215
1776936905,953391479,robot_4,-2.262,1.706
1776936905,953398660,robot_1,-0.351,3.761
1776936906,154536888,robot_2,-2.773,-2.100
1776936906,154560182,robot_0,3.546,-3.215
1776936906,154569796,robot_4,-2.262,1.707
1776936906,154576917,robot_1,-0.351,3.761
1776936906,364147079,robot_3,0.887,0.052
1776936906,364171288,robot_1,-0.269,3.782
1776936906,364180097,robot_4,-2.328,1.699
1776936904,243644556,robot_3,0.890,0.050
1776936904,243668445,robot_1,-0.271,3.779
1776936904,243679746,robot_4,-2.330,1.698
1776936904,454190154,robot_2,-2.766,-2.130
1776936904,454220663,robot_0,3.576,-3.227
1776936904,454236574,robot_4,-2.264,1.706
1776936904,454249196,robot_1,-0.352,3.758
1776936904,663828696,robot_3,0.890,0.051
1776936904,663858514,robot_1,-0.270,3.779
1776936904,663873736,robot_4,-2.330,1.698
1776936904,873274462,robot_2,-2.765,-2.130
1776936904,873292991,robot_0,3.547,-3.217
1776936904,873300867,robot_4,-2.263,1.706
1776936904,873307994,robot_1,-0.352,3.759
1776936905,74248216,robot_2,-2.765,-2.131
1776936905,74280152,robot_0,3.547,-3.217
1776936905,74295865,robot_4,-2.263,1.706
1776936905,74309443,robot_1,-0.351,3.759
1776936905,283886636,robot_3,0.889,0.052
1776936905,283916736,robot_1,-0.269,3.780
1776936905,283934116,robot_4,-2.329,1.699
1776936905,483932268,robot_3,0.888,0.052
1776936905,483961347,robot_1,-0.269,3.780
1776936905,483975335,robot_4,-2.329,1.699
1776936905,694461832,robot_2,-2.764,-2.131
1776936905,694484336,robot_0,3.547,-3.216
1776936905,694493541,robot_4,-2.262,1.706
1776936905,694500770,robot_1,-0.351,3.760
1776936905,903230071,robot_3,0.888,0.052
1776936905,903250156,robot_1,-0.269,3.781
1776936905,903260047,robot_4,-2.329,1.699
1776936906,103315407,robot_3,0.887,0.052
1776936906,103334852,robot_1,-0.269,3.782
1776936906,103343709,robot_4,-2.329,1.699
1776936906,303436477,robot_3,0.887,0.052
1776936906,303463512,robot_1,-0.269,3.782
1776936906,303475934,robot_4,-2.328,1.699
1776936906,503600352,robot_3,0.886,0.052
1776936906,503622520,robot_1,-0.269,3.782
1776936906,503631519,robot_4,-2.328,1.699
1776936906,714214657,robot_2,-2.796,-2.020
1776936906,714248558,robot_0,3.545,-3.214
1776936906,714261004,robot_4,-2.262,1.707
1776936906,714269630,robot_1,-0.365,3.754
1776936906,923099417,robot_3,0.906,0.014
1776936906,923119701,robot_1,-0.324,3.769
1776936906,923128882,robot_4,-2.328,1.700
1776936906,574356822,robot_2,-2.796,-2.022
1776936906,574387365,robot_0,3.545,-3.214
1776936906,574396921,robot_4,-2.262,1.707
1776936906,574405696,robot_1,-0.352,3.762
1776936906,783955304,robot_3,0.894,0.037
1776936906,783987690,robot_1,-0.297,3.776
1776936906,784004619,robot_4,-2.328,1.700
1776936906,983980278,robot_3,0.909,0.010
1776936906,984009120,robot_1,-0.327,3.768
1776936906,984024303,robot_4,-2.328,1.700
1776936907,184682653,robot_3,0.911,0.006
1776936907,184705355,robot_1,-0.327,3.769
1776936907,184714278,robot_4,-2.328,1.700
1776936907,394153697,robot_2,-2.796,-2.019
1776936907,394179999,robot_0,3.544,-3.215
1776936907,394189244,robot_4,-2.262,1.708
1776936907,394197148,robot_1,-0.404,3.732
1776936907,594194956,robot_2,-2.796,-2.019
1776936907,594215299,robot_0,3.543,-3.215
1776936907,594224578,robot_4,-2.262,1.709
1776936907,594232066,robot_1,-0.404,3.732
1776936907,803086060,robot_3,0.911,0.003
1776936907,803105507,robot_1,-0.328,3.770
1776936907,803116118,robot_4,-2.329,1.701
1776936908,3335183,robot_3,0.911,0.003
1776936908,3354601,robot_1,-0.328,3.770
1776936908,3363422,robot_4,-2.329,1.701
1776936908,203392225,robot_3,0.911,0.002
1776936908,203413087,robot_1,-0.329,3.770
1776936908,203422750,robot_4,-2.329,1.701
1776936908,413839864,robot_2,-2.795,-2.018
1776936908,413862077,robot_0,3.542,-3.216
1776936908,413871369,robot_4,-2.262,1.709
1776936908,413878748,robot_1,-0.406,3.732
1776936908,613932249,robot_2,-2.795,-2.017
1776936908,613952105,robot_0,3.542,-3.216
1776936908,613960750,robot_4,-2.262,1.709
1776936908,613967826,robot_1,-0.406,3.732
1776936908,823163737,robot_3,0.911,0.001
1776936908,823183952,robot_1,-0.330,3.770
1776936908,823193064,robot_4,-2.329,1.701
1776936909,23458080,robot_3,0.911,0.001
1776936909,23483050,robot_1,-0.331,3.770
1776936909,23494635,robot_4,-2.329,1.701
1776936909,234483928,robot_2,-2.796,-2.017
1776936909,234512285,robot_0,3.542,-3.217
1776936909,234527437,robot_4,-2.263,1.709
1776936909,234539979,robot_1,-0.407,3.731
1776936909,443635337,robot_3,0.912,-0.000
1776936909,443662991,robot_1,-0.331,3.769
1776936909,443678592,robot_4,-2.330,1.701
1776936907,123289640,robot_3,0.910,0.007
1776936907,123311864,robot_1,-0.327,3.768
1776936907,123322329,robot_4,-2.328,1.700
1776936907,323430148,robot_3,0.912,0.004
1776936907,323451217,robot_1,-0.327,3.769
1776936907,323461641,robot_4,-2.328,1.700
1776936907,523799393,robot_3,0.912,0.003
1776936907,523831196,robot_1,-0.328,3.769
1776936907,523848145,robot_4,-2.328,1.701
1776936907,734548924,robot_2,-2.795,-2.019
1776936907,734577344,robot_0,3.543,-3.215
1776936907,734591801,robot_4,-2.262,1.709
1776936907,734603644,robot_1,-0.404,3.732
1776936907,943123630,robot_3,0.911,0.003
1776936907,943144182,robot_1,-0.328,3.770
1776936907,943153227,robot_4,-2.329,1.701
1776936908,143894507,robot_3,0.911,0.002
1776936908,143920019,robot_1,-0.329,3.770
1776936908,143932184,robot_4,-2.329,1.701
1776936908,353671073,robot_2,-2.795,-2.018
1776936908,353688979,robot_0,3.542,-3.216
1776936908,353697072,robot_4,-2.262,1.709
1776936908,353703616,robot_1,-0.406,3.732
1776936908,553705301,robot_2,-2.795,-2.018
1776936908,553723837,robot_0,3.542,-3.216
1776936908,553731806,robot_4,-2.262,1.709
1776936908,553738056,robot_1,-0.406,3.732
1776936908,763133158,robot_3,0.911,0.001
1776936908,763154093,robot_1,-0.330,3.770
1776936908,763173093,robot_4,-2.329,1.701
1776936908,963708403,robot_3,0.911,0.001
1776936908,963725479,robot_1,-0.330,3.770
1776936908,963733751,robot_4,-2.329,1.701
1776936909,174416824,robot_2,-2.796,-2.017
1776936909,174440244,robot_0,3.542,-3.217
1776936909,174449420,robot_4,-2.263,1.709
1776936909,174456308,robot_1,-0.407,3.731
1776936909,383217381,robot_3,0.912,-0.000
1776936909,383236863,robot_1,-0.331,3.769
1776936909,383246176,robot_4,-2.330,1.701
1776936909,584645506,robot_3,0.912,-0.000
1776936909,584670714,robot_1,-0.331,3.769
1776936909,584680881,robot_4,-2.330,1.701
1776936909,785317563,robot_3,0.913,-0.000
1776936909,785357099,robot_1,-0.332,3.769
1776936909,785375441,robot_4,-2.330,1.701
1776936909,985855564,robot_3,0.913,-0.001
1776936909,985890927,robot_1,-0.332,3.768
1776936909,985906763,robot_4,-2.330,1.701
1776936909,644323553,robot_3,0.912,-0.000
1776936909,644347002,robot_1,-0.332,3.769
1776936909,644357053,robot_4,-2.330,1.701
1776936909,844771395,robot_3,0.913,-0.001
1776936909,844816241,robot_1,-0.332,3.769
1776936909,844837627,robot_4,-2.330,1.701
1776936910,44920811,robot_3,0.913,-0.001
1776936910,44956108,robot_1,-0.332,3.768
1776936910,44970391,robot_4,-2.331,1.701
1776936910,255897568,robot_2,-2.798,-2.017
1776936910,255927008,robot_0,3.543,-3.219
1776936910,255939986,robot_4,-2.265,1.709
1776936910,255950462,robot_1,-0.408,3.729
1776936910,464855426,robot_3,0.914,-0.001
1776936910,464901274,robot_1,-0.332,3.767
1776936910,464925032,robot_4,-2.331,1.701
1776936910,665373408,robot_3,0.914,-0.000
1776936910,665410846,robot_1,-0.332,3.767
1776936910,665427162,robot_4,-2.331,1.701
1776936910,875327986,robot_2,-2.798,-2.017
1776936910,875361590,robot_0,3.544,-3.219
1776936910,875376941,robot_4,-2.265,1.708
1776936910,875388095,robot_1,-0.401,3.732
1776936911,76106274,robot_2,-2.798,-2.017
1776936911,76141324,robot_0,3.545,-3.219
1776936911,76163675,robot_4,-2.265,1.708
1776936911,76177056,robot_1,-0.365,3.748
1776936911,284788180,robot_3,0.894,0.048
1776936911,284834821,robot_1,-0.245,3.779
1776936911,284859559,robot_4,-2.331,1.700
1776936911,496546359,robot_2,-2.798,-2.018
1776936911,496593646,robot_0,3.545,-3.219
1776936911,496619469,robot_4,-2.265,1.707
1776936911,496641505,robot_1,-0.302,3.779
1776936911,705831051,robot_3,0.865,0.118
1776936911,705888486,robot_1,-0.216,3.783
1776936911,705919677,robot_4,-2.331,1.699
1776936911,915203096,robot_2,-2.795,-2.020
1776936911,915237219,robot_0,3.546,-3.219
1776936911,915252179,robot_4,-2.265,1.707
1776936911,915263103,robot_1,-0.301,3.778
1776936912,115574654,robot_2,-2.794,-2.021
1776936912,115607185,robot_0,3.547,-3.218
1776936912,115622434,robot_4,-2.265,1.706
1776936912,115634738,robot_1,-0.301,3.778
1776936912,324660805,robot_3,0.834,0.191
1776936912,324704268,robot_1,-0.215,3.782
1776936912,324727902,robot_4,-2.331,1.699
1776936910,195621611,robot_2,-2.797,-2.017
1776936910,195657503,robot_0,3.543,-3.219
1776936910,195672766,robot_4,-2.265,1.709
1776936910,195685098,robot_1,-0.408,3.729
1776936910,395660023,robot_2,-2.798,-2.017
1776936910,395695869,robot_0,3.543,-3.219
1776936910,395712879,robot_4,-2.265,1.709
1776936910,395727002,robot_1,-0.408,3.729
1776936910,605137152,robot_3,0.914,-0.000
1776936910,605177114,robot_1,-0.332,3.767
1776936910,605191874,robot_4,-2.331,1.701
1776936910,815403560,robot_2,-2.798,-2.017
1776936910,815435047,robot_0,3.544,-3.219
1776936910,815449481,robot_4,-2.265,1.708
1776936910,815462104,robot_1,-0.407,3.729
1776936911,15717578,robot_2,-2.798,-2.017
1776936911,15751244,robot_0,3.544,-3.219
1776936911,15766374,robot_4,-2.265,1.708
1776936911,15778278,robot_1,-0.376,3.743
1776936911,216380735,robot_2,-2.798,-2.017
1776936911,216412586,robot_0,3.545,-3.219
1776936911,216427336,robot_4,-2.265,1.707
1776936911,216438732,robot_1,-0.340,3.760
1776936911,424952728,robot_3,0.885,0.072
1776936911,424983093,robot_1,-0.219,3.783
1776936911,425000214,robot_4,-2.331,1.700
1776936911,635585341,robot_2,-2.797,-2.018
1776936911,635624283,robot_0,3.546,-3.219
1776936911,635641316,robot_4,-2.265,1.707
1776936911,635653464,robot_1,-0.302,3.778
1776936911,835838298,robot_2,-2.795,-2.020
1776936911,835869596,robot_0,3.546,-3.219
1776936911,835886950,robot_4,-2.265,1.707
1776936911,835902487,robot_1,-0.301,3.778
1776936912,36625074,robot_2,-2.794,-2.020
1776936912,36658898,robot_0,3.546,-3.218
1776936912,36674966,robot_4,-2.265,1.707
1776936912,36687871,robot_1,-0.301,3.778
1776936912,245172894,robot_3,0.834,0.191
1776936912,245208333,robot_1,-0.215,3.782
1776936912,245224823,robot_4,-2.331,1.699
1776936912,445477413,robot_3,0.834,0.191
1776936912,445518351,robot_1,-0.215,3.782
1776936912,445542905,robot_4,-2.331,1.699
1776936912,656269023,robot_2,-2.794,-2.021
1776936912,656303808,robot_0,3.547,-3.217
1776936912,656319486,robot_4,-2.264,1.706
1776936912,656332198,robot_1,-0.300,3.777
1776936912,864708768,robot_3,0.834,0.192
1776936912,864749843,robot_1,-0.214,3.782
1776936912,864773100,robot_4,-2.330,1.698
1776936913,75177412,robot_2,-2.793,-2.022
1776936913,75219637,robot_0,3.547,-3.216
1776936913,75244530,robot_4,-2.263,1.706
1776936913,75264586,robot_1,-0.299,3.777
1776936912,525578961,robot_3,0.834,0.192
1776936912,525622035,robot_1,-0.215,3.782
1776936912,525644889,robot_4,-2.331,1.699
1776936912,726030419,robot_3,0.834,0.192
1776936912,726077479,robot_1,-0.215,3.782
1776936912,726102181,robot_4,-2.330,1.699
1776936912,935667743,robot_2,-2.793,-2.022
1776936912,935708388,robot_0,3.547,-3.217
1776936912,935732369,robot_4,-2.264,1.706
1776936912,935754621,robot_1,-0.299,3.777
1776936913,144459893,robot_3,0.835,0.193
1776936913,144491777,robot_1,-0.214,3.782
1776936913,144507666,robot_4,-2.330,1.698
1776936913,354906486,robot_2,-2.793,-2.022
1776936913,354936009,robot_0,3.547,-3.216
1776936913,354950477,robot_4,-2.263,1.706
1776936913,354962752,robot_1,-0.299,3.778
1776936913,555481125,robot_2,-2.793,-2.022
1776936913,555523440,robot_0,3.547,-3.215
1776936913,555546544,robot_4,-2.263,1.706
1776936913,555566452,robot_1,-0.298,3.778
1776936913,764451356,robot_3,0.835,0.194
1776936913,764476867,robot_1,-0.213,3.782
1776936913,764489128,robot_4,-2.329,1.699
1776936913,974557715,robot_2,-2.792,-2.022
1776936913,974587269,robot_0,3.546,-3.215
1776936913,974601500,robot_4,-2.262,1.706
1776936913,974612496,robot_1,-0.298,3.779
1776936914,176001499,robot_2,-2.792,-2.022
1776936914,176033346,robot_0,3.546,-3.215
1776936914,176045732,robot_4,-2.262,1.706
1776936914,176055112,robot_1,-0.297,3.779
1776936914,383741149,robot_3,0.834,0.195
1776936914,383774664,robot_1,-0.212,3.783
1776936914,383795382,robot_4,-2.329,1.699
1776936914,594709276,robot_2,-2.800,-1.983
1776936914,594737868,robot_0,3.546,-3.215
1776936914,594750606,robot_4,-2.262,1.706
1776936914,594760697,robot_1,-0.297,3.780
1776936914,803920294,robot_3,0.833,0.196
1776936914,803946313,robot_1,-0.212,3.784
1776936914,803960748,robot_4,-2.328,1.699
1776936915,4752504,robot_3,0.833,0.196
1776936915,4782158,robot_1,-0.212,3.784
1776936915,4796171,robot_4,-2.328,1.699
1776936915,215450928,robot_2,-2.826,-1.864
1776936915,215492421,robot_0,3.546,-3.216
1776936915,215514253,robot_4,-2.262,1.707
1776936915,215531501,robot_1,-0.299,3.780
1776936915,423707078,robot_3,0.831,0.187
1776936915,423735267,robot_1,-0.214,3.784
1776936915,423749415,robot_4,-2.328,1.700
1776936913,275204412,robot_2,-2.793,-2.022
1776936913,275235104,robot_0,3.547,-3.216
1776936913,275249805,robot_4,-2.263,1.706
1776936913,275261092,robot_1,-0.299,3.778
1776936913,485149891,robot_3,0.835,0.193
1776936913,485206782,robot_1,-0.213,3.782
1776936913,485232161,robot_4,-2.329,1.698
1776936913,695229615,robot_2,-2.792,-2.022
1776936913,695262720,robot_0,3.546,-3.215
1776936913,695276701,robot_4,-2.263,1.706
1776936913,695288485,robot_1,-0.298,3.778
1776936913,903682266,robot_3,0.835,0.194
1776936913,903706176,robot_1,-0.212,3.782
1776936913,903718034,robot_4,-2.329,1.699
1776936914,103910272,robot_3,0.834,0.195
1776936914,103934813,robot_1,-0.212,3.782
1776936914,103946261,robot_4,-2.329,1.699
1776936914,304022071,robot_3,0.834,0.195
1776936914,304047861,robot_1,-0.212,3.783
1776936914,304061443,robot_4,-2.329,1.699
1776936914,504439498,robot_3,0.834,0.195
1776936914,504470128,robot_1,-0.212,3.783
1776936914,504483774,robot_4,-2.329,1.699
1776936914,705276405,robot_3,0.834,0.195
1776936914,705318226,robot_1,-0.212,3.784
1776936914,705332702,robot_4,-2.329,1.699
1776936914,914360157,robot_2,-2.813,-1.921
1776936914,914385971,robot_0,3.546,-3.215
1776936914,914396337,robot_4,-2.262,1.707
1776936914,914405106,robot_1,-0.298,3.780
1776936915,115412096,robot_2,-2.821,-1.884
1776936915,115452373,robot_0,3.546,-3.215
1776936915,115471763,robot_4,-2.262,1.707
1776936915,115486511,robot_1,-0.299,3.780
1776936915,324014844,robot_3,0.831,0.189
1776936915,324040484,robot_1,-0.213,3.784
1776936915,324052138,robot_4,-2.328,1.700
1776936915,524269384,robot_3,0.831,0.185
1776936915,524295574,robot_1,-0.230,3.783
1776936915,524308622,robot_4,-2.328,1.700
1776936915,735106462,robot_2,-2.847,-1.766
1776936915,735132749,robot_0,3.547,-3.217
1776936915,735145890,robot_4,-2.262,1.708
1776936915,735162769,robot_1,-0.353,3.760
1776936915,935615272,robot_2,-2.856,-1.729
1776936915,935638957,robot_0,3.547,-3.217
1776936915,935649827,robot_4,-2.262,1.708
1776936915,935658385,robot_1,-0.390,3.746
1776936915,634307095,robot_2,-2.843,-1.785
1776936915,634329518,robot_0,3.547,-3.216
1776936915,634339997,robot_4,-2.262,1.708
1776936915,634349146,robot_1,-0.335,3.767
1776936915,835198261,robot_2,-2.851,-1.748
1776936915,835239103,robot_0,3.547,-3.217
1776936915,835261339,robot_4,-2.262,1.708
1776936915,835278870,robot_1,-0.372,3.753
1776936916,44311033,robot_3,0.835,0.173
1776936916,44338358,robot_1,-0.332,3.777
1776936916,44351786,robot_4,-2.328,1.701
1776936916,254164096,robot_2,-2.867,-1.680
1776936916,254188678,robot_0,3.546,-3.218
1776936916,254199104,robot_4,-2.262,1.709
1776936916,254208070,robot_1,-0.449,3.723
1776936916,454684403,robot_2,-2.867,-1.678
1776936916,454712275,robot_0,3.546,-3.218
1776936916,454725633,robot_4,-2.262,1.709
1776936916,454736516,robot_1,-0.464,3.718
1776936916,655126037,robot_2,-2.867,-1.678
1776936916,655163652,robot_0,3.546,-3.218
1776936916,655178623,robot_4,-2.263,1.709
1776936916,655188339,robot_1,-0.464,3.718
1776936916,863632736,robot_3,0.850,0.139
1776936916,863654577,robot_1,-0.389,3.774
1776936916,863665367,robot_4,-2.329,1.701
1776936917,64202809,robot_3,0.850,0.139
1776936917,64223799,robot_1,-0.389,3.775
1776936917,64234469,robot_4,-2.329,1.701
1776936917,274499713,robot_2,-2.866,-1.678
1776936917,274526644,robot_0,3.546,-3.217
1776936917,274538325,robot_4,-2.263,1.709
1776936917,274547282,robot_1,-0.465,3.719
1776936917,485263078,robot_3,0.850,0.138
1776936917,485290707,robot_1,-0.390,3.775
1776936917,485303154,robot_4,-2.330,1.701
1776936917,695951993,robot_2,-2.866,-1.677
1776936917,695982320,robot_0,3.546,-3.216
1776936917,695994485,robot_4,-2.264,1.709
1776936917,696004931,robot_1,-0.466,3.719
1776936917,903373723,robot_3,0.850,0.137
1776936917,903396677,robot_1,-0.391,3.776
1776936917,903407353,robot_4,-2.330,1.701
1776936918,103729089,robot_3,0.850,0.137
1776936918,103755944,robot_1,-0.391,3.776
1776936918,103769580,robot_4,-2.331,1.701
1776936918,314503577,robot_2,-2.866,-1.676
1776936918,314525218,robot_0,3.545,-3.215
1776936918,314534770,robot_4,-2.265,1.709
1776936918,314543294,robot_1,-0.467,3.719
1776936916,144566884,robot_3,0.842,0.158
1776936916,144610922,robot_1,-0.352,3.776
1776936916,144633003,robot_4,-2.328,1.701
1776936916,354917416,robot_2,-2.867,-1.679
1776936916,354940088,robot_0,3.546,-3.218
1776936916,354950270,robot_4,-2.262,1.709
1776936916,354958459,robot_1,-0.463,3.718
1776936916,563440760,robot_3,0.851,0.140
1776936916,563463329,robot_1,-0.389,3.774
1776936916,563473835,robot_4,-2.329,1.701
1776936916,763825233,robot_3,0.850,0.139
1776936916,763851737,robot_1,-0.389,3.774
1776936916,763865327,robot_4,-2.329,1.701
1776936916,964257615,robot_3,0.850,0.139
1776936916,964288976,robot_1,-0.389,3.774
1776936916,964303796,robot_4,-2.329,1.701
1776936917,164677544,robot_3,0.850,0.139
1776936917,164698782,robot_1,-0.389,3.775
1776936917,164708790,robot_4,-2.329,1.701
1776936917,374088227,robot_2,-2.866,-1.677
1776936917,374110820,robot_0,3.546,-3.217
1776936917,374120480,robot_4,-2.264,1.709
1776936917,374128833,robot_1,-0.465,3.719
1776936917,574115590,robot_2,-2.866,-1.677
1776936917,574145660,robot_0,3.546,-3.217
1776936917,574187895,robot_4,-2.264,1.709
1776936917,574197998,robot_1,-0.465,3.719
1776936917,774336634,robot_2,-2.866,-1.677
1776936917,774363956,robot_0,3.546,-3.216
1776936917,774376367,robot_4,-2.264,1.709
1776936917,774385818,robot_1,-0.466,3.719
1776936917,974367232,robot_2,-2.866,-1.677
1776936917,974393165,robot_0,3.546,-3.216
1776936917,974405175,robot_4,-2.264,1.709
1776936917,974414861,robot_1,-0.466,3.719
1776936918,175703876,robot_2,-2.866,-1.676
1776936918,175730703,robot_0,3.546,-3.216
1776936918,175740996,robot_4,-2.265,1.709
1776936918,175748938,robot_1,-0.467,3.719
1776936918,383188239,robot_3,0.850,0.136
1776936918,383210134,robot_1,-0.392,3.775
1776936918,383220405,robot_4,-2.331,1.701
1776936918,583587918,robot_3,0.851,0.136
1776936918,583623062,robot_1,-0.392,3.775
1776936918,583640755,robot_4,-2.331,1.701
1776936918,783706001,robot_3,0.851,0.136
1776936918,783732839,robot_1,-0.392,3.775
1776936918,783745265,robot_4,-2.331,1.701
1776936918,984068212,robot_3,0.851,0.136
1776936918,984113644,robot_1,-0.393,3.775
1776936918,984133703,robot_4,-2.331,1.701
1776936918,514975566,robot_2,-2.866,-1.676
1776936918,515011530,robot_0,3.545,-3.215
1776936918,515030362,robot_4,-2.265,1.709
1776936918,515045561,robot_1,-0.467,3.719
1776936918,723300955,robot_3,0.851,0.136
1776936918,723321546,robot_1,-0.392,3.775
1776936918,723331433,robot_4,-2.331,1.701
1776936918,923517537,robot_3,0.851,0.136
1776936918,923540529,robot_1,-0.393,3.775
1776936918,923552746,robot_4,-2.331,1.701
1776936919,134728378,robot_2,-2.867,-1.675
1776936919,134751330,robot_0,3.544,-3.215
1776936919,134761578,robot_4,-2.265,1.708
1776936919,134770584,robot_1,-0.468,3.718
1776936919,335645158,robot_2,-2.867,-1.675
1776936919,335666764,robot_0,3.543,-3.215
1776936919,335677368,robot_4,-2.265,1.708
1776936919,335686088,robot_1,-0.468,3.717
1776936919,543198933,robot_3,0.853,0.135
1776936919,543222011,robot_1,-0.393,3.774
1776936919,543233116,robot_4,-2.331,1.700
1776936919,743949903,robot_3,0.852,0.139
1776936919,743977576,robot_1,-0.392,3.773
1776936919,743990780,robot_4,-2.331,1.700
1776936919,953487884,robot_2,-2.867,-1.687
1776936919,953509706,robot_0,3.542,-3.216
1776936919,953519213,robot_4,-2.265,1.707
1776936919,953529391,robot_1,-0.466,3.716
1776936920,154181430,robot_2,-2.863,-1.726
1776936920,154205432,robot_0,3.542,-3.216
1776936920,154214536,robot_4,-2.265,1.707
1776936920,154222243,robot_1,-0.442,3.723
1776936920,363581970,robot_3,0.834,0.186
1776936920,363607765,robot_1,-0.325,3.771
1776936920,363618576,robot_4,-2.331,1.699
1776936920,564196415,robot_3,0.825,0.208
1776936920,564233187,robot_1,-0.285,3.770
1776936920,564252700,robot_4,-2.331,1.699
1776936920,764194982,robot_3,0.825,0.208
1776936920,764218012,robot_1,-0.272,3.770
1776936920,764228736,robot_4,-2.331,1.699
1776936920,974259731,robot_2,-2.849,-1.887
1776936920,974300633,robot_0,3.543,-3.215
1776936920,974318630,robot_4,-2.264,1.706
1776936920,974333734,robot_1,-0.351,3.749
1776936921,184315750,robot_3,0.826,0.208
1776936921,184354847,robot_1,-0.272,3.770
1776936921,184373226,robot_4,-2.330,1.699
1776936921,393929964,robot_2,-2.847,-1.908
1776936921,393950500,robot_0,3.544,-3.215
1776936921,393959438,robot_4,-2.264,1.706
1776936921,393966589,robot_1,-0.351,3.748
1776936919,184431199,robot_3,0.852,0.135
1776936919,184469826,robot_1,-0.393,3.775
1776936919,184488122,robot_4,-2.331,1.700
1776936919,393646111,robot_2,-2.867,-1.675
1776936919,393668001,robot_0,3.543,-3.215
1776936919,393677193,robot_4,-2.265,1.708
1776936919,393684605,robot_1,-0.468,3.717
1776936919,593991882,robot_2,-2.867,-1.675
1776936919,594012960,robot_0,3.543,-3.215
1776936919,594022378,robot_4,-2.265,1.707
1776936919,594030521,robot_1,-0.467,3.717
1776936919,794034830,robot_2,-2.868,-1.675
1776936919,794055900,robot_0,3.542,-3.216
1776936919,794064644,robot_4,-2.265,1.707
1776936919,794072347,robot_1,-0.467,3.716
1776936919,994926651,robot_2,-2.866,-1.695
1776936919,994953157,robot_0,3.542,-3.216
1776936919,994962402,robot_4,-2.265,1.707
1776936919,994969767,robot_1,-0.466,3.716
1776936920,203012835,robot_3,0.846,0.157
1776936920,203033977,robot_1,-0.357,3.772
1776936920,203042846,robot_4,-2.331,1.699
1776936920,403082761,robot_3,0.831,0.194
1776936920,403105292,robot_1,-0.317,3.771
1776936920,403114999,robot_4,-2.331,1.699
1776936920,603147314,robot_3,0.825,0.208
1776936920,603174973,robot_1,-0.277,3.770
1776936920,603185271,robot_4,-2.331,1.699
1776936920,803411437,robot_3,0.825,0.208
1776936920,803435412,robot_1,-0.272,3.770
1776936920,803447205,robot_4,-2.331,1.699
1776936921,5211295,robot_3,0.825,0.208
1776936921,5239735,robot_1,-0.272,3.770
1776936921,5251991,robot_4,-2.331,1.699
1776936921,214031407,robot_2,-2.847,-1.908
1776936921,214055026,robot_0,3.544,-3.215
1776936921,214065821,robot_4,-2.264,1.706
1776936921,214074199,robot_1,-0.351,3.749
1776936921,414406297,robot_2,-2.847,-1.908
1776936921,414438420,robot_0,3.544,-3.215
1776936921,414456809,robot_4,-2.264,1.706
1776936921,414472280,robot_1,-0.351,3.748
1776936921,623053248,robot_3,0.826,0.209
1776936921,623073834,robot_1,-0.271,3.769
1776936921,623083456,robot_4,-2.330,1.698
1776936921,823956403,robot_3,0.826,0.210
1776936921,823981680,robot_1,-0.271,3.769
1776936921,823992006,robot_4,-2.329,1.698
1776936922,34826088,robot_2,-2.848,-1.909
1776936922,34847995,robot_0,3.545,-3.218
1776936922,34857687,robot_4,-2.263,1.706
1776936922,34864974,robot_1,-0.349,3.748
1776936921,594164205,robot_2,-2.847,-1.908
1776936921,594251959,robot_0,3.544,-3.215
1776936921,594266500,robot_4,-2.263,1.706
1776936921,594275456,robot_1,-0.350,3.748
1776936921,804232298,robot_3,0.826,0.210
1776936921,804259602,robot_1,-0.271,3.769
1776936921,804271602,robot_4,-2.330,1.698
1776936922,14575963,robot_2,-2.848,-1.909
1776936922,14597460,robot_0,3.545,-3.217
1776936922,14608862,robot_4,-2.263,1.706
1776936922,14616815,robot_1,-0.349,3.748
1776936922,215231482,robot_2,-2.848,-1.909
1776936922,215255764,robot_0,3.544,-3.219
1776936922,215266538,robot_4,-2.262,1.706
1776936922,215275448,robot_1,-0.349,3.748
1776936922,423704838,robot_3,0.826,0.211
1776936922,423731418,robot_1,-0.270,3.768
1776936922,423744568,robot_4,-2.329,1.699
1776936922,624120427,robot_3,0.826,0.211
1776936922,624145949,robot_1,-0.269,3.768
1776936922,624169763,robot_4,-2.329,1.699
1776936922,824182508,robot_3,0.825,0.212
1776936922,824209297,robot_1,-0.269,3.768
1776936922,824222350,robot_4,-2.328,1.699
1776936923,24378660,robot_3,0.825,0.212
1776936923,24416690,robot_1,-0.269,3.768
1776936923,24438233,robot_4,-2.328,1.699
1776936923,234628311,robot_2,-2.848,-1.910
1776936923,234655952,robot_0,3.545,-3.219
1776936923,234668787,robot_4,-2.262,1.708
1776936923,234679847,robot_1,-0.347,3.749
1776936923,436162855,robot_2,-2.848,-1.911
1776936923,436241263,robot_0,3.545,-3.219
1776936923,436264114,robot_4,-2.262,1.708
1776936923,436276030,robot_1,-0.347,3.749
1776936923,643816117,robot_3,0.824,0.212
1776936923,643841836,robot_1,-0.268,3.769
1776936923,643853764,robot_4,-2.328,1.700
1776936923,843927849,robot_3,0.823,0.212
1776936923,843954183,robot_1,-0.267,3.770
1776936923,843967645,robot_4,-2.328,1.700
1776936924,43963500,robot_3,0.823,0.212
1776936924,43986187,robot_1,-0.267,3.770
1776936924,43997080,robot_4,-2.328,1.701
1776936924,244089421,robot_3,0.823,0.211
1776936924,244115211,robot_1,-0.267,3.770
1776936924,244128649,robot_4,-2.329,1.701
1776936924,444328241,robot_3,0.834,0.175
1776936924,444356809,robot_1,-0.270,3.771
1776936924,444369054,robot_4,-2.329,1.701
1776936922,243670088,robot_3,0.826,0.210
1776936922,243696029,robot_1,-0.270,3.768
1776936922,243708655,robot_4,-2.329,1.699
1776936922,443896936,robot_3,0.826,0.211
1776936922,443919316,robot_1,-0.270,3.768
1776936922,443929258,robot_4,-2.329,1.699
1776936922,644049804,robot_3,0.826,0.211
1776936922,644076843,robot_1,-0.269,3.768
1776936922,644089391,robot_4,-2.329,1.699
1776936922,854852978,robot_2,-2.848,-1.910
1776936922,854876916,robot_0,3.544,-3.219
1776936922,854887865,robot_4,-2.262,1.707
1776936922,854895735,robot_1,-0.348,3.748
1776936923,64325541,robot_3,0.825,0.212
1776936923,64351394,robot_1,-0.269,3.768
1776936923,64362148,robot_4,-2.328,1.699
1776936923,264468461,robot_3,0.825,0.212
1776936923,264498921,robot_1,-0.268,3.769
1776936923,264514350,robot_4,-2.328,1.700
1776936923,474587801,robot_2,-2.848,-1.911
1776936923,474615445,robot_0,3.545,-3.219
1776936923,474625531,robot_4,-2.262,1.708
1776936923,474633571,robot_1,-0.347,3.749
1776936923,675472016,robot_2,-2.848,-1.911
1776936923,675503596,robot_0,3.545,-3.220
1776936923,675517190,robot_4,-2.262,1.708
1776936923,675527208,robot_1,-0.347,3.750
1776936923,883727724,robot_3,0.823,0.212
1776936923,883752576,robot_1,-0.267,3.770
1776936923,883763460,robot_4,-2.328,1.701
1776936924,83840538,robot_3,0.823,0.212
1776936924,83866533,robot_1,-0.267,3.770
1776936924,83877301,robot_4,-2.328,1.701
1776936924,294532753,robot_2,-2.847,-1.911
1776936924,294560232,robot_0,3.545,-3.221
1776936924,294573027,robot_4,-2.262,1.709
1776936924,294583591,robot_1,-0.347,3.751
1776936924,504134079,robot_3,0.837,0.163
1776936924,504168035,robot_1,-0.280,3.772
1776936924,504179529,robot_4,-2.329,1.701
1776936924,704849809,robot_3,0.842,0.145
1776936924,704878683,robot_1,-0.320,3.776
1776936924,704891645,robot_4,-2.329,1.701
1776936924,914460916,robot_2,-2.846,-1.900
1776936924,914498169,robot_0,3.545,-3.222
1776936924,914516091,robot_4,-2.262,1.709
1776936924,914531122,robot_1,-0.406,3.739
1776936924,655001317,robot_2,-2.846,-1.909
1776936924,655028987,robot_0,3.545,-3.222
1776936924,655041633,robot_4,-2.262,1.709
1776936924,655050853,robot_1,-0.389,3.742
1776936924,863285686,robot_3,0.843,0.143
1776936924,863306343,robot_1,-0.327,3.777
1776936924,863316430,robot_4,-2.329,1.701
1776936925,63660448,robot_3,0.842,0.142
1776936925,63679903,robot_1,-0.328,3.777
1776936925,63689637,robot_4,-2.329,1.701
1776936925,263874979,robot_3,0.842,0.142
1776936925,263897560,robot_1,-0.328,3.777
1776936925,263909248,robot_4,-2.329,1.701
1776936925,475930576,robot_2,-2.846,-1.844
1776936925,475959192,robot_0,3.545,-3.222
1776936925,475969799,robot_4,-2.263,1.709
1776936925,475978080,robot_1,-0.408,3.739
1776936925,684927444,robot_3,0.841,0.141
1776936925,684957931,robot_1,-0.330,3.778
1776936925,684969951,robot_4,-2.330,1.701
1776936925,893836466,robot_2,-2.846,-1.841
1776936925,893862732,robot_0,3.545,-3.221
1776936925,893874425,robot_4,-2.264,1.709
1776936925,893883427,robot_1,-0.409,3.739
1776936926,103075349,robot_3,0.841,0.141
1776936926,103094945,robot_1,-0.331,3.778
1776936926,103104387,robot_4,-2.330,1.701
1776936926,303172580,robot_3,0.841,0.140
1776936926,303193086,robot_1,-0.331,3.778
1776936926,303203187,robot_4,-2.330,1.700
1776936926,503880443,robot_3,0.841,0.140
1776936926,503914563,robot_1,-0.331,3.778
1776936926,503931531,robot_4,-2.330,1.699
1776936926,704166473,robot_3,0.841,0.139
1776936926,704193786,robot_1,-0.332,3.778
1776936926,704205963,robot_4,-2.330,1.699
1776936926,914123054,robot_2,-2.846,-1.838
1776936926,914147343,robot_0,3.544,-3.219
1776936926,914163461,robot_4,-2.264,1.706
1776936926,914174553,robot_1,-0.411,3.739
1776936927,114853338,robot_2,-2.846,-1.838
1776936927,114879829,robot_0,3.544,-3.219
1776936927,114891112,robot_4,-2.264,1.706
1776936927,114899510,robot_1,-0.411,3.739
1776936927,323277190,robot_3,0.842,0.138
1776936927,323299922,robot_1,-0.333,3.778
1776936927,323310411,robot_4,-2.330,1.698
1776936925,124000323,robot_3,0.842,0.142
1776936925,124031127,robot_1,-0.328,3.777
1776936925,124045910,robot_4,-2.329,1.701
1776936925,334173585,robot_2,-2.846,-1.845
1776936925,334195588,robot_0,3.545,-3.222
1776936925,334204799,robot_4,-2.263,1.709
1776936925,334213149,robot_1,-0.407,3.739
1776936925,534287932,robot_2,-2.846,-1.844
1776936925,534320831,robot_0,3.545,-3.222
1776936925,534338464,robot_4,-2.263,1.709
1776936925,534353106,robot_1,-0.408,3.739
1776936925,735250069,robot_2,-2.846,-1.842
1776936925,735271651,robot_0,3.545,-3.222
1776936925,735281409,robot_4,-2.264,1.709
1776936925,735288235,robot_1,-0.408,3.739
1776936925,943043735,robot_3,0.841,0.141
1776936925,943062486,robot_1,-0.330,3.778
1776936925,943072961,robot_4,-2.330,1.701
1776936926,143608906,robot_3,0.841,0.141
1776936926,143632265,robot_1,-0.331,3.778
1776936926,143643172,robot_4,-2.330,1.701
1776936926,353706886,robot_2,-2.847,-1.839
1776936926,353731196,robot_0,3.545,-3.220
1776936926,353741960,robot_4,-2.263,1.707
1776936926,353750247,robot_1,-0.410,3.739
1776936926,554755607,robot_2,-2.847,-1.839
1776936926,554789797,robot_0,3.545,-3.220
1776936926,554807469,robot_4,-2.263,1.706
1776936926,554822105,robot_1,-0.410,3.739
1776936926,755457224,robot_2,-2.846,-1.838
1776936926,755480774,robot_0,3.544,-3.220
1776936926,755491984,robot_4,-2.263,1.706
1776936926,755500561,robot_1,-0.411,3.739
1776936926,963760645,robot_3,0.842,0.139
1776936926,963794475,robot_1,-0.332,3.778
1776936926,963812558,robot_4,-2.330,1.699
1776936927,164691698,robot_3,0.842,0.139
1776936927,164715375,robot_1,-0.333,3.778
1776936927,164725415,robot_4,-2.330,1.698
1776936927,374096040,robot_2,-2.846,-1.838
1776936927,374122443,robot_0,3.543,-3.219
1776936927,374133791,robot_4,-2.264,1.705
1776936927,374142480,robot_1,-0.412,3.738
1776936927,574312780,robot_2,-2.847,-1.837
1776936927,574334940,robot_0,3.543,-3.219
1776936927,574344926,robot_4,-2.264,1.705
1776936927,574352339,robot_1,-0.412,3.738
1776936927,784089993,robot_3,0.843,0.138
1776936927,784124869,robot_1,-0.334,3.777
1776936927,784136024,robot_4,-2.330,1.698
1776936927,995474278,robot_2,-2.847,-1.837
1776936927,995499129,robot_0,3.542,-3.219
1776936927,995508654,robot_4,-2.263,1.704
1776936927,995516836,robot_1,-0.412,3.737
1776936927,523965567,robot_3,0.843,0.138
1776936927,523990527,robot_1,-0.334,3.778
1776936927,524003029,robot_4,-2.330,1.698
1776936927,724107607,robot_3,0.843,0.138
1776936927,724141764,robot_1,-0.334,3.777
1776936927,724167463,robot_4,-2.330,1.698
1776936927,934334705,robot_2,-2.847,-1.837
1776936927,934356771,robot_0,3.542,-3.219
1776936927,934367186,robot_4,-2.263,1.704
1776936927,934377752,robot_1,-0.412,3.737
1776936928,134588646,robot_2,-2.847,-1.837
1776936928,134622578,robot_0,3.542,-3.219
1776936928,134640965,robot_4,-2.263,1.704
1776936928,134656863,robot_1,-0.412,3.737
1776936928,335050354,robot_2,-2.847,-1.836
1776936928,335071496,robot_0,3.541,-3.219
1776936928,335080935,robot_4,-2.263,1.704
1776936928,335088198,robot_1,-0.412,3.736
1776936928,543364924,robot_3,0.842,0.151
1776936928,543385038,robot_1,-0.332,3.775
1776936928,543394570,robot_4,-2.330,1.697
1776936928,744164101,robot_3,0.834,0.190
1776936928,744192199,robot_1,-0.295,3.769
1776936928,744205456,robot_4,-2.330,1.697
1776936928,944199308,robot_3,0.826,0.226
1776936928,944233413,robot_1,-0.278,3.766
1776936928,944251782,robot_4,-2.330,1.697
1776936929,154897777,robot_2,-2.849,-1.849
1776936929,154934518,robot_0,3.540,-3.220
1776936929,154948771,robot_4,-2.263,1.704
1776936929,154959642,robot_1,-0.355,3.743
1776936929,363913138,robot_3,0.822,0.246
1776936929,363937296,robot_1,-0.278,3.765
1776936929,363949364,robot_4,-2.329,1.697
1776936929,565185710,robot_3,0.823,0.246
1776936929,565215217,robot_1,-0.277,3.764
1776936929,565229546,robot_4,-2.329,1.697
1776936929,774610370,robot_2,-2.852,-1.894
1776936929,774637027,robot_0,3.540,-3.222
1776936929,774649395,robot_4,-2.262,1.704
1776936929,774658943,robot_1,-0.354,3.742
1776936929,983911440,robot_3,0.823,0.246
1776936929,983941965,robot_1,-0.277,3.764
1776936929,983956161,robot_4,-2.328,1.697
1776936930,184195002,robot_3,0.823,0.247
1776936930,184225381,robot_1,-0.276,3.764
1776936930,184238619,robot_4,-2.328,1.697
1776936930,384374593,robot_3,0.824,0.247
1776936930,384414526,robot_1,-0.276,3.764
1776936930,384433683,robot_4,-2.328,1.697
1776936928,203393246,robot_3,0.844,0.138
1776936928,203416608,robot_1,-0.334,3.776
1776936928,203428602,robot_4,-2.330,1.697
1776936928,403644936,robot_3,0.844,0.138
1776936928,403668611,robot_1,-0.334,3.776
1776936928,403679482,robot_4,-2.330,1.697
1776936928,603716250,robot_3,0.839,0.163
1776936928,603737916,robot_1,-0.322,3.774
1776936928,603747667,robot_4,-2.330,1.697
1776936928,804239959,robot_3,0.831,0.202
1776936928,804274125,robot_1,-0.283,3.766
1776936928,804295880,robot_4,-2.330,1.697
1776936929,14305402,robot_2,-2.848,-1.836
1776936929,14332390,robot_0,3.541,-3.220
1776936929,14343719,robot_4,-2.263,1.704
1776936929,14352152,robot_1,-0.355,3.743
1776936929,216837952,robot_2,-2.850,-1.861
1776936929,216878800,robot_0,3.540,-3.220
1776936929,216899710,robot_4,-2.263,1.704
1776936929,216916993,robot_1,-0.355,3.743
1776936929,424350451,robot_3,0.822,0.246
1776936929,424376021,robot_1,-0.278,3.765
1776936929,424389590,robot_4,-2.329,1.697
1776936929,635427931,robot_2,-2.852,-1.894
1776936929,635464632,robot_0,3.540,-3.221
1776936929,635485886,robot_4,-2.262,1.704
1776936929,635503006,robot_1,-0.355,3.742
1776936929,844204210,robot_3,0.823,0.246
1776936929,844231227,robot_1,-0.277,3.764
1776936929,844243892,robot_4,-2.328,1.697
1776936930,54022145,robot_2,-2.853,-1.894
1776936930,54043568,robot_0,3.540,-3.222
1776936930,54055126,robot_4,-2.261,1.704
1776936930,54063499,robot_1,-0.354,3.742
1776936930,254179040,robot_2,-2.853,-1.894
1776936930,254204117,robot_0,3.541,-3.223
1776936930,254217240,robot_4,-2.261,1.704
1776936930,254227630,robot_1,-0.353,3.742
1776936930,454715991,robot_2,-2.853,-1.894
1776936930,454742852,robot_0,3.541,-3.223
1776936930,454755559,robot_4,-2.261,1.704
1776936930,454766743,robot_1,-0.353,3.742
1776936930,655853613,robot_2,-2.852,-1.895
1776936930,655878743,robot_0,3.541,-3.223
1776936930,655888967,robot_4,-2.261,1.704
1776936930,655897642,robot_1,-0.352,3.742
1776936930,863725251,robot_3,0.824,0.248
1776936930,863746685,robot_1,-0.275,3.763
1776936930,863756916,robot_4,-2.327,1.697
1776936931,64314280,robot_3,0.824,0.249
1776936931,64336890,robot_1,-0.274,3.763
1776936931,64347343,robot_4,-2.327,1.698
1776936930,594120833,robot_2,-2.853,-1.895
1776936930,594144032,robot_0,3.541,-3.223
1776936930,594154784,robot_4,-2.261,1.704
1776936930,594169328,robot_1,-0.352,3.742
1776936930,795265520,robot_2,-2.852,-1.896
1776936930,795303834,robot_0,3.541,-3.223
1776936930,795323263,robot_4,-2.260,1.704
1776936930,795340028,robot_1,-0.352,3.742
1776936931,4299475,robot_3,0.824,0.248
1776936931,4335211,robot_1,-0.275,3.763
1776936931,4352672,robot_4,-2.327,1.697
1776936931,214602868,robot_2,-2.852,-1.897
1776936931,214628132,robot_0,3.542,-3.223
1776936931,214640509,robot_4,-2.260,1.705
1776936931,214650794,robot_1,-0.351,3.742
1776936931,423593282,robot_3,0.823,0.249
1776936931,423616436,robot_1,-0.274,3.764
1776936931,423628961,robot_4,-2.327,1.698
1776936931,623658203,robot_3,0.823,0.250
1776936931,623680967,robot_1,-0.273,3.764
1776936931,623692721,robot_4,-2.327,1.698
1776936931,834266264,robot_2,-2.852,-1.897
1776936931,834289026,robot_0,3.543,-3.224
1776936931,834300415,robot_4,-2.260,1.706
1776936931,834309196,robot_1,-0.350,3.743
1776936932,34285371,robot_2,-2.851,-1.898
1776936932,34321753,robot_0,3.543,-3.224
1776936932,34339428,robot_4,-2.261,1.706
1776936932,34354435,robot_1,-0.350,3.744
1776936932,234432533,robot_2,-2.851,-1.898
1776936932,234454451,robot_0,3.544,-3.223
1776936932,234463907,robot_4,-2.261,1.706
1776936932,234471329,robot_1,-0.350,3.744
1776936932,434763060,robot_2,-2.851,-1.898
1776936932,434787886,robot_0,3.544,-3.223
1776936932,434799126,robot_4,-2.286,1.691
1776936932,434808491,robot_1,-0.350,3.745
1776936932,643643224,robot_3,0.821,0.249
1776936932,643668834,robot_1,-0.272,3.766
1776936932,643680321,robot_4,-2.376,1.674
1776936932,854029728,robot_2,-2.850,-1.898
1776936932,854062261,robot_0,3.545,-3.223
1776936932,854080457,robot_4,-2.307,1.677
1776936932,854095495,robot_1,-0.373,3.743
1776936933,54427534,robot_2,-2.850,-1.898
1776936933,54460399,robot_0,3.545,-3.222
1776936933,54478822,robot_4,-2.307,1.678
1776936933,54494107,robot_1,-0.407,3.740
1776936933,254462893,robot_2,-2.846,-1.867
1776936933,254498543,robot_0,3.545,-3.222
1776936933,254516091,robot_4,-2.308,1.678
1776936933,254530878,robot_1,-0.408,3.740
1776936933,463635027,robot_3,0.836,0.137
1776936933,463658896,robot_1,-0.329,3.779
1776936933,463670723,robot_4,-2.376,1.675
1776936931,264330296,robot_3,0.823,0.249
1776936931,264350900,robot_1,-0.274,3.764
1776936931,264360782,robot_4,-2.327,1.698
1776936931,464410129,robot_3,0.823,0.249
1776936931,464435260,robot_1,-0.274,3.764
1776936931,464448393,robot_4,-2.327,1.698
1776936931,674541133,robot_2,-2.852,-1.897
1776936931,674566355,robot_0,3.542,-3.224
1776936931,674575648,robot_4,-2.260,1.706
1776936931,674584337,robot_1,-0.351,3.743
1776936931,883765112,robot_3,0.822,0.250
1776936931,883799107,robot_1,-0.273,3.764
1776936931,883817456,robot_4,-2.327,1.699
1776936932,84329661,robot_3,0.822,0.250
1776936932,84365340,robot_1,-0.273,3.765
1776936932,84384784,robot_4,-2.327,1.699
1776936932,294095266,robot_2,-2.851,-1.898
1776936932,294118636,robot_0,3.544,-3.223
1776936932,294127798,robot_4,-2.264,1.704
1776936932,294135890,robot_1,-0.350,3.744
1776936932,496411771,robot_2,-2.851,-1.898
1776936932,496440789,robot_0,3.544,-3.223
1776936932,496452339,robot_4,-2.296,1.684
1776936932,496461444,robot_1,-0.350,3.745
1776936932,696714019,robot_2,-2.851,-1.898
1776936932,696740210,robot_0,3.544,-3.223
1776936932,696749206,robot_4,-2.307,1.677
1776936932,696757335,robot_1,-0.350,3.745
1776936932,903215310,robot_3,0.823,0.235
1776936932,903236586,robot_1,-0.304,3.773
1776936932,903246460,robot_4,-2.376,1.674
1776936933,103879907,robot_3,0.827,0.200
1776936933,103899463,robot_1,-0.329,3.779
1776936933,103908673,robot_4,-2.376,1.675
1776936933,313921782,robot_2,-2.845,-1.855
1776936933,313946558,robot_0,3.545,-3.222
1776936933,313958152,robot_4,-2.308,1.678
1776936933,313966476,robot_1,-0.408,3.741
1776936933,515108620,robot_2,-2.841,-1.816
1776936933,515148353,robot_0,3.545,-3.221
1776936933,515174874,robot_4,-2.308,1.678
1776936933,515192157,robot_1,-0.408,3.741
1776936933,715152253,robot_2,-2.837,-1.777
1776936933,715196914,robot_0,3.545,-3.221
1776936933,715216222,robot_4,-2.308,1.678
1776936933,715232107,robot_1,-0.408,3.741
1776936933,923389219,robot_3,0.843,0.085
1776936933,923408453,robot_1,-0.329,3.780
1776936933,923417047,robot_4,-2.377,1.675
1776936933,663948001,robot_3,0.841,0.102
1776936933,663971376,robot_1,-0.329,3.779
1776936933,663981217,robot_4,-2.377,1.675
1776936933,873890876,robot_2,-2.833,-1.746
1776936933,873910914,robot_0,3.545,-3.220
1776936933,873920603,robot_4,-2.309,1.678
1776936933,873927735,robot_1,-0.408,3.742
1776936934,74162852,robot_2,-2.829,-1.707
1776936934,74186630,robot_0,3.545,-3.220
1776936934,74197943,robot_4,-2.309,1.678
1776936934,74207724,robot_1,-0.409,3.742
1776936934,283975033,robot_3,0.843,0.085
1776936934,284007002,robot_1,-0.330,3.780
1776936934,284024630,robot_4,-2.378,1.675
1776936934,484900483,robot_3,0.842,0.084
1776936934,484940750,robot_1,-0.330,3.780
1776936934,484959521,robot_4,-2.378,1.675
1776936934,695332378,robot_2,-2.816,-1.587
1776936934,695373851,robot_0,3.544,-3.219
1776936934,695394035,robot_4,-2.310,1.677
1776936934,695410880,robot_1,-0.410,3.741
1776936934,903236969,robot_3,0.842,0.084
1776936934,903260898,robot_1,-0.331,3.780
1776936934,903273061,robot_4,-2.378,1.674
1776936935,103354007,robot_3,0.842,0.083
1776936935,103373310,robot_1,-0.332,3.780
1776936935,103383466,robot_4,-2.378,1.674
1776936935,314063191,robot_2,-2.803,-1.465
1776936935,314098130,robot_0,3.544,-3.219
1776936935,314113294,robot_4,-2.310,1.677
1776936935,314125808,robot_1,-0.412,3.741
1776936935,515361647,robot_2,-2.799,-1.430
1776936935,515385683,robot_0,3.544,-3.219
1776936935,515396563,robot_4,-2.310,1.676
1776936935,515404886,robot_1,-0.412,3.741
1776936935,724436026,robot_3,0.842,0.082
1776936935,724473672,robot_1,-0.333,3.780
1776936935,724495149,robot_4,-2.379,1.673
1776936935,935034373,robot_2,-2.799,-1.428
1776936935,935072618,robot_0,3.544,-3.220
1776936935,935093427,robot_4,-2.310,1.676
1776936935,935111170,robot_1,-0.413,3.740
1776936936,135586120,robot_2,-2.799,-1.428
1776936936,135621700,robot_0,3.545,-3.221
1776936936,135641579,robot_4,-2.310,1.675
1776936936,135657898,robot_1,-0.413,3.740
1776936936,344211966,robot_3,0.842,0.081
1776936936,344240659,robot_1,-0.334,3.779
1776936936,344253786,robot_4,-2.378,1.673
1776936934,135183879,robot_2,-2.828,-1.695
1776936934,135219314,robot_0,3.545,-3.220
1776936934,135238154,robot_4,-2.309,1.678
1776936934,135254523,robot_1,-0.409,3.742
1776936934,343305201,robot_3,0.843,0.085
1776936934,343327627,robot_1,-0.330,3.780
1776936934,343339604,robot_4,-2.378,1.675
1776936934,544017799,robot_3,0.842,0.084
1776936934,544040513,robot_1,-0.330,3.780
1776936934,544051707,robot_4,-2.378,1.675
1776936934,744253766,robot_3,0.842,0.084
1776936934,744280530,robot_1,-0.331,3.780
1776936934,744291603,robot_4,-2.378,1.675
1776936934,954071528,robot_2,-2.811,-1.536
1776936934,954090791,robot_0,3.544,-3.219
1776936934,954099779,robot_4,-2.310,1.677
1776936934,954108434,robot_1,-0.411,3.741
1776936935,156085719,robot_2,-2.806,-1.497
1776936935,156110717,robot_0,3.544,-3.219
1776936935,156119429,robot_4,-2.310,1.677
1776936935,156127762,robot_1,-0.411,3.741
1776936935,364038011,robot_3,0.841,0.083
1776936935,364061792,robot_1,-0.332,3.780
1776936935,364071403,robot_4,-2.378,1.674
1776936935,564085385,robot_3,0.841,0.082
1776936935,564106769,robot_1,-0.333,3.780
1776936935,564117185,robot_4,-2.379,1.674
1776936935,764751924,robot_3,0.842,0.082
1776936935,764790464,robot_1,-0.333,3.780
1776936935,764810565,robot_4,-2.379,1.673
1776936935,975009677,robot_2,-2.799,-1.428
1776936935,975050263,robot_0,3.545,-3.220
1776936935,975070409,robot_4,-2.310,1.676
1776936935,975087302,robot_1,-0.413,3.740
1776936936,176511008,robot_2,-2.798,-1.428
1776936936,176541666,robot_0,3.545,-3.221
1776936936,176555580,robot_4,-2.310,1.675
1776936936,176566169,robot_1,-0.413,3.740
1776936936,383854474,robot_3,0.842,0.081
1776936936,383883672,robot_1,-0.334,3.779
1776936936,383896362,robot_4,-2.378,1.673
1776936936,594079776,robot_2,-2.798,-1.427
1776936936,594104840,robot_0,3.545,-3.222
1776936936,594117799,robot_4,-2.288,1.687
1776936936,594127983,robot_1,-0.413,3.739
1776936936,794529429,robot_2,-2.798,-1.427
1776936936,794552021,robot_0,3.544,-3.222
1776936936,794562596,robot_4,-2.259,1.703
1776936936,794570178,robot_1,-0.413,3.738
1776936936,995061175,robot_2,-2.798,-1.427
1776936936,995087147,robot_0,3.544,-3.223
1776936936,995097696,robot_4,-2.259,1.703
1776936936,995106102,robot_1,-0.402,3.739
1776936936,553800526,robot_2,-2.798,-1.428
1776936936,553822072,robot_0,3.545,-3.222
1776936936,553833310,robot_4,-2.295,1.683
1776936936,553842191,robot_1,-0.413,3.739
1776936936,754617319,robot_2,-2.798,-1.427
1776936936,754643354,robot_0,3.544,-3.222
1776936936,754656378,robot_4,-2.262,1.702
1776936936,754666928,robot_1,-0.413,3.739
1776936936,963626458,robot_3,0.843,0.080
1776936936,963648962,robot_1,-0.329,3.777
1776936936,963660100,robot_4,-2.326,1.696
1776936937,164420807,robot_3,0.844,0.084
1776936937,164458181,robot_1,-0.291,3.766
1776936937,164478899,robot_4,-2.326,1.696
1776936937,375743438,robot_2,-2.797,-1.426
1776936937,375768895,robot_0,3.544,-3.223
1776936937,375781150,robot_4,-2.259,1.703
1776936937,375790569,robot_1,-0.355,3.740
1776936937,583960811,robot_3,0.844,0.098
1776936937,583996175,robot_1,-0.279,3.762
1776936937,584015939,robot_4,-2.325,1.696
1776936937,784146710,robot_3,0.842,0.138
1776936937,784190652,robot_1,-0.279,3.762
1776936937,784209490,robot_4,-2.325,1.696
1776936937,985429372,robot_3,0.841,0.161
1776936937,985480095,robot_1,-0.279,3.762
1776936937,985497048,robot_4,-2.325,1.695
1776936938,194599198,robot_2,-2.798,-1.425
1776936938,194626916,robot_0,3.544,-3.222
1776936938,194638351,robot_4,-2.258,1.703
1776936938,194646997,robot_1,-0.355,3.739
1776936938,403523325,robot_3,0.841,0.166
1776936938,403546312,robot_1,-0.278,3.761
1776936938,403558265,robot_4,-2.324,1.695
1776936938,603570445,robot_3,0.841,0.166
1776936938,603602696,robot_1,-0.278,3.760
1776936938,603620606,robot_4,-2.324,1.696
1776936938,813621206,robot_2,-2.798,-1.425
1776936938,813641189,robot_0,3.544,-3.221
1776936938,813650171,robot_4,-2.257,1.703
1776936938,813657467,robot_1,-0.353,3.739
1776936939,13806960,robot_2,-2.799,-1.425
1776936939,13827632,robot_0,3.544,-3.220
1776936939,13836154,robot_4,-2.257,1.703
1776936939,13842916,robot_1,-0.353,3.739
1776936939,214601950,robot_2,-2.800,-1.430
1776936939,214638373,robot_0,3.544,-3.220
1776936939,214656351,robot_4,-2.257,1.704
1776936939,214671152,robot_1,-0.352,3.739
1776936939,423589070,robot_3,0.842,0.167
1776936939,423613223,robot_1,-0.276,3.761
1776936939,423624903,robot_4,-2.323,1.696
1776936937,195418822,robot_2,-2.797,-1.427
1776936937,195449083,robot_0,3.544,-3.223
1776936937,195461471,robot_4,-2.259,1.703
1776936937,195471995,robot_1,-0.362,3.740
1776936937,403650796,robot_3,0.845,0.089
1776936937,403676812,robot_1,-0.279,3.763
1776936937,403690026,robot_4,-2.325,1.696
1776936937,603694408,robot_3,0.844,0.102
1776936937,603718086,robot_1,-0.279,3.762
1776936937,603730504,robot_4,-2.325,1.696
1776936937,814650887,robot_2,-2.797,-1.426
1776936937,814675753,robot_0,3.544,-3.223
1776936937,814687273,robot_4,-2.258,1.703
1776936937,814697037,robot_1,-0.355,3.739
1776936938,14846045,robot_2,-2.798,-1.426
1776936938,14869167,robot_0,3.544,-3.222
1776936938,14878776,robot_4,-2.258,1.703
1776936938,14886582,robot_1,-0.355,3.739
1776936938,223572527,robot_3,0.840,0.166
1776936938,223593525,robot_1,-0.278,3.761
1776936938,223603653,robot_4,-2.324,1.695
1776936938,434330210,robot_2,-2.798,-1.425
1776936938,434363404,robot_0,3.544,-3.221
1776936938,434381627,robot_4,-2.257,1.703
1776936938,434396543,robot_1,-0.354,3.738
1776936938,634487052,robot_2,-2.798,-1.425
1776936938,634513178,robot_0,3.544,-3.221
1776936938,634529114,robot_4,-2.257,1.703
1776936938,634541644,robot_1,-0.354,3.738
1776936938,843668744,robot_3,0.841,0.166
1776936938,843698844,robot_1,-0.277,3.760
1776936938,843716799,robot_4,-2.323,1.696
1776936939,53365366,robot_2,-2.799,-1.425
1776936939,53384981,robot_0,3.544,-3.220
1776936939,53395414,robot_4,-2.257,1.703
1776936939,53402817,robot_1,-0.353,3.739
1776936939,254605400,robot_2,-2.802,-1.437
1776936939,254632329,robot_0,3.543,-3.220
1776936939,254645124,robot_4,-2.256,1.704
1776936939,254654511,robot_1,-0.352,3.739
1776936939,463509761,robot_3,0.842,0.167
1776936939,463530620,robot_1,-0.276,3.761
1776936939,463540625,robot_4,-2.323,1.696
1776936939,665820073,robot_3,0.842,0.168
1776936939,665862130,robot_1,-0.275,3.762
1776936939,665882015,robot_4,-2.323,1.697
1776936939,874195088,robot_2,-2.813,-1.485
1776936939,874223483,robot_0,3.542,-3.219
1776936939,874234282,robot_4,-2.256,1.705
1776936939,874242977,robot_1,-0.352,3.741
1776936940,75002208,robot_2,-2.814,-1.486
1776936940,75047389,robot_0,3.542,-3.219
1776936940,75067370,robot_4,-2.256,1.705
1776936940,75085458,robot_1,-0.352,3.742
1776936939,624021095,robot_3,0.842,0.167
1776936939,624047832,robot_1,-0.275,3.762
1776936939,624059393,robot_4,-2.323,1.697
1776936939,834998150,robot_2,-2.813,-1.484
1776936939,835024805,robot_0,3.542,-3.219
1776936939,835035601,robot_4,-2.256,1.705
1776936939,835044592,robot_1,-0.352,3.741
1776936940,35275651,robot_2,-2.814,-1.485
1776936940,35314184,robot_0,3.542,-3.219
1776936940,35335631,robot_4,-2.256,1.705
1776936940,35353850,robot_1,-0.352,3.742
1776936940,244094389,robot_3,0.842,0.169
1776936940,244123572,robot_1,-0.275,3.764
1776936940,244136614,robot_4,-2.323,1.697
1776936940,444097512,robot_3,0.842,0.169
1776936940,444123456,robot_1,-0.275,3.764
1776936940,444136540,robot_4,-2.323,1.698
1776936940,655557580,robot_2,-2.813,-1.491
1776936940,655587928,robot_0,3.541,-3.220
1776936940,655602519,robot_4,-2.257,1.705
1776936940,655613236,robot_1,-0.352,3.743
1776936940,863695187,robot_3,0.841,0.170
1776936940,863722178,robot_1,-0.274,3.765
1776936940,863735734,robot_4,-2.323,1.698
1776936941,63943746,robot_3,0.841,0.170
1776936941,63967191,robot_1,-0.274,3.765
1776936941,63978319,robot_4,-2.323,1.698
1776936941,264295087,robot_3,0.840,0.170
1776936941,264317217,robot_1,-0.298,3.773
1776936941,264327588,robot_4,-2.323,1.698
1776936941,464898964,robot_3,0.840,0.170
1776936941,464920486,robot_1,-0.329,3.783
1776936941,464931638,robot_4,-2.324,1.698
1776936941,675441846,robot_2,-2.813,-1.494
1776936941,675471207,robot_0,3.540,-3.220
1776936941,675481301,robot_4,-2.258,1.706
1776936941,675489524,robot_1,-0.410,3.745
1776936941,883803978,robot_3,0.838,0.143
1776936941,883825671,robot_1,-0.329,3.784
1776936941,883835802,robot_4,-2.324,1.698
1776936942,84398367,robot_3,0.837,0.106
1776936942,84421577,robot_1,-0.329,3.784
1776936942,84431869,robot_4,-2.324,1.699
1776936942,294657603,robot_2,-2.812,-1.495
1776936942,294687928,robot_0,3.542,-3.220
1776936942,294700007,robot_4,-2.259,1.706
1776936942,294709495,robot_1,-0.410,3.746
1776936940,284031298,robot_3,0.842,0.169
1776936940,284059603,robot_1,-0.275,3.764
1776936940,284072489,robot_4,-2.323,1.697
1776936940,485300100,robot_3,0.842,0.169
1776936940,485344817,robot_1,-0.275,3.764
1776936940,485366419,robot_4,-2.323,1.698
1776936940,694520146,robot_2,-2.812,-1.492
1776936940,694545723,robot_0,3.541,-3.220
1776936940,694557286,robot_4,-2.257,1.705
1776936940,694566069,robot_1,-0.352,3.744
1776936940,903419011,robot_3,0.841,0.170
1776936940,903443230,robot_1,-0.274,3.765
1776936940,903454225,robot_4,-2.323,1.698
1776936941,103578085,robot_3,0.841,0.170
1776936941,103602476,robot_1,-0.274,3.765
1776936941,103614605,robot_4,-2.323,1.698
1776936941,313839047,robot_2,-2.812,-1.493
1776936941,313860567,robot_0,3.540,-3.220
1776936941,313870737,robot_4,-2.257,1.706
1776936941,313878837,robot_1,-0.386,3.745
1776936941,514269511,robot_2,-2.813,-1.493
1776936941,514297678,robot_0,3.540,-3.220
1776936941,514309553,robot_4,-2.257,1.706
1776936941,514319160,robot_1,-0.410,3.745
1776936941,723861231,robot_3,0.840,0.170
1776936941,723881297,robot_1,-0.329,3.784
1776936941,723891405,robot_4,-2.324,1.698
1776936941,923955776,robot_3,0.838,0.135
1776936941,923980104,robot_1,-0.329,3.784
1776936941,923992640,robot_4,-2.324,1.699
1776936942,135144117,robot_2,-2.812,-1.494
1776936942,135191591,robot_0,3.541,-3.220
1776936942,135211037,robot_4,-2.258,1.706
1776936942,135227310,robot_1,-0.410,3.746
1776936942,335753151,robot_2,-2.812,-1.495
1776936942,335780152,robot_0,3.542,-3.220
1776936942,335792942,robot_4,-2.259,1.706
1776936942,335802389,robot_1,-0.410,3.746
1776936942,544381948,robot_3,0.834,0.024
1776936942,544409445,robot_1,-0.329,3.785
1776936942,544422273,robot_4,-2.325,1.698
1776936942,754312451,robot_2,-2.812,-1.495
1776936942,754337732,robot_0,3.543,-3.220
1776936942,754349758,robot_4,-2.259,1.706
1776936942,754358898,robot_1,-0.411,3.747
1776936942,964579511,robot_3,0.832,-0.049
1776936942,964610623,robot_1,-0.330,3.786
1776936942,964625022,robot_4,-2.310,1.666
1776936942,504691654,robot_3,0.834,0.031
1776936942,504721761,robot_1,-0.329,3.785
1776936942,504734307,robot_4,-2.325,1.698
1776936942,714139650,robot_2,-2.812,-1.495
1776936942,714166025,robot_0,3.543,-3.220
1776936942,714178162,robot_4,-2.259,1.706
1776936942,714186512,robot_1,-0.411,3.747
1776936942,914321085,robot_2,-2.812,-1.495
1776936942,914347378,robot_0,3.543,-3.220
1776936942,914360409,robot_4,-2.246,1.683
1776936942,914371743,robot_1,-0.411,3.747
1776936943,114695879,robot_2,-2.811,-1.495
1776936943,114718709,robot_0,3.543,-3.220
1776936943,114728573,robot_4,-2.226,1.649
1776936943,114737022,robot_1,-0.411,3.747
1776936943,323726818,robot_3,0.832,-0.050
1776936943,323753387,robot_1,-0.331,3.786
1776936943,323766889,robot_4,-2.281,1.603
1776936943,523768438,robot_3,0.831,-0.050
1776936943,523794797,robot_1,-0.331,3.786
1776936943,523807887,robot_4,-2.277,1.594
1776936943,734036437,robot_2,-2.793,-1.442
1776936943,734057752,robot_0,3.544,-3.221
1776936943,734067372,robot_4,-2.201,1.607
1776936943,734074900,robot_1,-0.413,3.747
1776936943,935357057,robot_2,-2.793,-1.442
1776936943,935392870,robot_0,3.544,-3.221
1776936943,935412865,robot_4,-2.201,1.607
1776936943,935429101,robot_1,-0.413,3.747
1776936944,135765384,robot_2,-2.792,-1.442
1776936944,135800058,robot_0,3.544,-3.221
1776936944,135819580,robot_4,-2.202,1.607
1776936944,135835305,robot_1,-0.414,3.747
1776936944,343594737,robot_3,0.830,-0.051
1776936944,343623139,robot_1,-0.333,3.786
1776936944,343637031,robot_4,-2.277,1.594
1776936944,543763446,robot_3,0.830,-0.051
1776936944,543785683,robot_1,-0.333,3.785
1776936944,543797164,robot_4,-2.277,1.593
1776936944,744040571,robot_3,0.830,-0.052
1776936944,744068809,robot_1,-0.333,3.785
1776936944,744083752,robot_4,-2.277,1.593
1776936944,954524098,robot_2,-2.792,-1.440
1776936944,954547486,robot_0,3.544,-3.222
1776936944,954557573,robot_4,-2.202,1.606
1776936944,954565812,robot_1,-0.414,3.745
1776936945,155947839,robot_2,-2.793,-1.439
1776936945,155988883,robot_0,3.544,-3.223
1776936945,156010732,robot_4,-2.202,1.605
1776936945,156028597,robot_1,-0.414,3.744
1776936945,363959218,robot_3,0.830,-0.053
1776936945,363985503,robot_1,-0.328,3.782
1776936945,363998361,robot_4,-2.277,1.592
1776936943,175286196,robot_2,-2.811,-1.495
1776936943,175312728,robot_0,3.543,-3.220
1776936943,175325136,robot_4,-2.220,1.639
1776936943,175334712,robot_1,-0.412,3.747
1776936943,383596333,robot_3,0.832,-0.050
1776936943,383630825,robot_1,-0.331,3.786
1776936943,383645938,robot_4,-2.277,1.595
1776936943,593988219,robot_2,-2.793,-1.442
1776936943,594010260,robot_0,3.544,-3.221
1776936943,594020385,robot_4,-2.201,1.607
1776936943,594029234,robot_1,-0.413,3.747
1776936943,794226789,robot_2,-2.793,-1.442
1776936943,794255026,robot_0,3.544,-3.221
1776936943,794266473,robot_4,-2.201,1.607
1776936943,794275834,robot_1,-0.413,3.747
1776936943,995362739,robot_2,-2.792,-1.442
1776936943,995404940,robot_0,3.544,-3.221
1776936943,995424913,robot_4,-2.202,1.607
1776936943,995442061,robot_1,-0.413,3.747
1776936944,196913441,robot_2,-2.792,-1.442
1776936944,196940462,robot_0,3.544,-3.221
1776936944,196953533,robot_4,-2.202,1.607
1776936944,196962802,robot_1,-0.414,3.747
1776936944,403753736,robot_3,0.830,-0.051
1776936944,403777716,robot_1,-0.333,3.786
1776936944,403789716,robot_4,-2.277,1.593
1776936944,604024893,robot_3,0.830,-0.052
1776936944,604061248,robot_1,-0.333,3.785
1776936944,604082528,robot_4,-2.277,1.593
1776936944,815113963,robot_2,-2.791,-1.441
1776936944,815144500,robot_0,3.544,-3.222
1776936944,815164855,robot_4,-2.202,1.606
1776936944,815176310,robot_1,-0.414,3.745
1776936945,15287860,robot_2,-2.792,-1.439
1776936945,15327779,robot_0,3.544,-3.222
1776936945,15348422,robot_4,-2.202,1.606
1776936945,15365458,robot_1,-0.414,3.745
1776936945,223910323,robot_3,0.830,-0.053
1776936945,223937649,robot_1,-0.333,3.784
1776936945,223950206,robot_4,-2.277,1.592
1776936945,434516842,robot_2,-2.794,-1.438
1776936945,434542627,robot_0,3.544,-3.223
1776936945,434554860,robot_4,-2.201,1.605
1776936945,434564860,robot_1,-0.395,3.743
1776936945,634969172,robot_2,-2.796,-1.437
1776936945,634995209,robot_0,3.544,-3.224
1776936945,635007220,robot_4,-2.201,1.605
1776936945,635017127,robot_1,-0.356,3.741
1776936945,844069009,robot_3,0.831,-0.054
1776936945,844103669,robot_1,-0.240,3.748
1776936945,844122909,robot_4,-2.277,1.592
1776936946,54261047,robot_2,-2.796,-1.436
1776936946,54286391,robot_0,3.543,-3.224
1776936946,54297734,robot_4,-2.201,1.604
1776936946,54307113,robot_1,-0.297,3.737
1776936945,564077873,robot_3,0.830,-0.054
1776936945,564100485,robot_1,-0.292,3.768
1776936945,564110349,robot_4,-2.277,1.592
1776936945,774168823,robot_2,-2.796,-1.436
1776936945,774195870,robot_0,3.544,-3.224
1776936945,774208025,robot_4,-2.201,1.605
1776936945,774218075,robot_1,-0.328,3.739
1776936945,974824066,robot_2,-2.796,-1.436
1776936945,974849672,robot_0,3.544,-3.224
1776936945,974860800,robot_4,-2.201,1.604
1776936945,974869003,robot_1,-0.297,3.737
1776936946,175015122,robot_2,-2.796,-1.436
1776936946,175055133,robot_0,3.543,-3.224
1776936946,175074481,robot_4,-2.200,1.604
1776936946,175090326,robot_1,-0.297,3.737
1776936946,384098997,robot_3,0.832,-0.054
1776936946,384133719,robot_1,-0.224,3.742
1776936946,384153401,robot_4,-2.276,1.592
1776936946,594165695,robot_2,-2.796,-1.435
1776936946,594198269,robot_0,3.543,-3.225
1776936946,594215433,robot_4,-2.200,1.604
1776936946,594229777,robot_1,-0.297,3.736
1776936946,803434905,robot_3,0.833,-0.054
1776936946,803457315,robot_1,-0.224,3.741
1776936946,803468364,robot_4,-2.276,1.592
1776936947,3870619,robot_3,0.831,-0.034
1776936947,3892231,robot_1,-0.224,3.741
1776936947,3901533,robot_4,-2.275,1.592
1776936947,213810328,robot_2,-2.797,-1.435
1776936947,213832711,robot_0,3.544,-3.224
1776936947,213844144,robot_4,-2.202,1.611
1776936947,213852196,robot_1,-0.296,3.735
1776936947,414218527,robot_2,-2.797,-1.435
1776936947,414256055,robot_0,3.544,-3.224
1776936947,414276750,robot_4,-2.221,1.646
1776936947,414293917,robot_1,-0.296,3.735
1776936947,623326451,robot_3,0.829,-0.007
1776936947,623347009,robot_1,-0.223,3.740
1776936947,623357623,robot_4,-2.309,1.672
1776936947,823991447,robot_3,0.830,-0.006
1776936947,824010629,robot_1,-0.222,3.739
1776936947,824020079,robot_4,-2.324,1.709
1776936948,34080174,robot_2,-2.816,-1.486
1776936948,34118837,robot_0,3.544,-3.222
1776936948,34140583,robot_4,-2.278,1.753
1776936948,34167341,robot_1,-0.294,3.735
1776936948,234508613,robot_2,-2.816,-1.486
1776936948,234539178,robot_0,3.544,-3.222
1776936948,234555260,robot_4,-2.281,1.758
1776936948,234568795,robot_1,-0.294,3.735
1776936948,443106030,robot_3,0.831,-0.005
1776936948,443125850,robot_1,-0.221,3.739
1776936948,443135142,robot_4,-2.342,1.751
1776936946,254471795,robot_2,-2.796,-1.436
1776936946,254504952,robot_0,3.543,-3.225
1776936946,254523324,robot_4,-2.200,1.604
1776936946,254539151,robot_1,-0.297,3.737
1776936946,463264225,robot_3,0.832,-0.054
1776936946,463287455,robot_1,-0.224,3.742
1776936946,463298917,robot_4,-2.276,1.592
1776936946,663655243,robot_3,0.832,-0.054
1776936946,663677516,robot_1,-0.224,3.741
1776936946,663687733,robot_4,-2.276,1.592
1776936946,875032325,robot_2,-2.796,-1.435
1776936946,875064371,robot_0,3.543,-3.224
1776936946,875081597,robot_4,-2.199,1.604
1776936946,875096178,robot_1,-0.296,3.736
1776936947,84284395,robot_3,0.830,-0.020
1776936947,84307156,robot_1,-0.224,3.740
1776936947,84318421,robot_4,-2.275,1.592
1776936947,293520583,robot_2,-2.797,-1.435
1776936947,293540782,robot_0,3.544,-3.224
1776936947,293549738,robot_4,-2.210,1.625
1776936947,293556931,robot_1,-0.296,3.735
1776936947,494698265,robot_2,-2.798,-1.437
1776936947,494720717,robot_0,3.544,-3.223
1776936947,494728715,robot_4,-2.228,1.660
1776936947,494735369,robot_1,-0.295,3.735
1776936947,703469875,robot_3,0.830,-0.007
1776936947,703490023,robot_1,-0.223,3.740
1776936947,703498154,robot_4,-2.315,1.687
1776936947,903917034,robot_3,0.830,-0.006
1776936947,903952124,robot_1,-0.222,3.739
1776936947,903970218,robot_4,-2.330,1.723
1776936948,114041490,robot_2,-2.816,-1.486
1776936948,114063052,robot_0,3.544,-3.222
1776936948,114073504,robot_4,-2.281,1.758
1776936948,114082309,robot_1,-0.294,3.735
1776936948,314093691,robot_2,-2.816,-1.486
1776936948,314130092,robot_0,3.544,-3.222
1776936948,314150903,robot_4,-2.281,1.758
1776936948,314175342,robot_1,-0.294,3.735
1776936948,514135090,robot_2,-2.817,-1.486
1776936948,514173442,robot_0,3.543,-3.221
1776936948,514190570,robot_4,-2.281,1.758
1776936948,514203649,robot_1,-0.293,3.735
1776936948,723065068,robot_3,0.831,-0.005
1776936948,723084082,robot_1,-0.221,3.740
1776936948,723092637,robot_4,-2.342,1.751
1776936948,923664604,robot_3,0.831,-0.004
1776936948,923693159,robot_1,-0.221,3.741
1776936948,923707420,robot_4,-2.342,1.752
1776936948,643902913,robot_3,0.831,-0.005
1776936948,643929317,robot_1,-0.221,3.740
1776936948,643943428,robot_4,-2.342,1.751
1776936948,853602054,robot_2,-2.817,-1.486
1776936948,853621122,robot_0,3.543,-3.221
1776936948,853629735,robot_4,-2.280,1.758
1776936948,853637346,robot_1,-0.293,3.736
1776936949,53996781,robot_2,-2.817,-1.487
1776936949,54016550,robot_0,3.542,-3.221
1776936949,54027144,robot_4,-2.280,1.759
1776936949,54034785,robot_1,-0.293,3.737
1776936949,263883853,robot_3,0.831,-0.004
1776936949,263915030,robot_1,-0.221,3.742
1776936949,263932281,robot_4,-2.342,1.752
1776936949,474108322,robot_2,-2.818,-1.487
1776936949,474138421,robot_0,3.542,-3.221
1776936949,474151987,robot_4,-2.280,1.759
1776936949,474167165,robot_1,-0.294,3.738
1776936949,684178997,robot_3,0.830,-0.003
1776936949,684213144,robot_1,-0.221,3.743
1776936949,684230216,robot_4,-2.342,1.753
1776936949,893968508,robot_2,-2.816,-1.488
1776936949,893988872,robot_0,3.541,-3.221
1776936949,893997966,robot_4,-2.280,1.760
1776936949,894006371,robot_1,-0.324,3.742
1776936950,103316388,robot_3,0.830,-0.002
1776936950,103335390,robot_1,-0.273,3.766
1776936950,103344068,robot_4,-2.342,1.753
1776936950,315959056,robot_2,-2.814,-1.489
1776936950,315988778,robot_0,3.541,-3.221
1776936950,316001358,robot_4,-2.281,1.760
1776936950,316011213,robot_1,-0.351,3.745
1776936950,524647995,robot_3,0.826,-0.010
1776936950,524695261,robot_1,-0.273,3.767
1776936950,524719871,robot_4,-2.342,1.754
1776936950,734011393,robot_2,-2.814,-1.490
1776936950,734033323,robot_0,3.542,-3.221
1776936950,734043643,robot_4,-2.281,1.761
1776936950,734050996,robot_1,-0.351,3.746
1776936950,934836450,robot_2,-2.813,-1.490
1776936950,934866099,robot_0,3.542,-3.221
1776936950,934883121,robot_4,-2.281,1.761
1776936950,934896820,robot_1,-0.351,3.747
1776936951,135532423,robot_2,-2.813,-1.490
1776936951,135552829,robot_0,3.543,-3.221
1776936951,135562597,robot_4,-2.282,1.761
1776936951,135570176,robot_1,-0.352,3.747
1776936951,343369219,robot_3,0.825,-0.109
1776936951,343389015,robot_1,-0.274,3.768
1776936951,343398195,robot_4,-2.343,1.754
1776936949,134708983,robot_2,-2.818,-1.487
1776936949,134737305,robot_0,3.542,-3.221
1776936949,134753021,robot_4,-2.280,1.759
1776936949,134766730,robot_1,-0.294,3.737
1776936949,334745657,robot_2,-2.818,-1.487
1776936949,334776115,robot_0,3.542,-3.221
1776936949,334792435,robot_4,-2.280,1.759
1776936949,334806521,robot_1,-0.294,3.738
1776936949,543422574,robot_3,0.831,-0.003
1776936949,543445990,robot_1,-0.221,3.742
1776936949,543456134,robot_4,-2.341,1.752
1776936949,743571056,robot_3,0.830,-0.003
1776936949,743602381,robot_1,-0.223,3.744
1776936949,743618947,robot_4,-2.342,1.753
1776936949,953359767,robot_2,-2.815,-1.489
1776936949,953378307,robot_0,3.541,-3.221
1776936949,953386221,robot_4,-2.280,1.760
1776936949,953393400,robot_1,-0.336,3.743
1776936950,154432392,robot_2,-2.814,-1.489
1776936950,154455105,robot_0,3.541,-3.221
1776936950,154464945,robot_4,-2.280,1.760
1776936950,154472450,robot_1,-0.351,3.745
1776936950,363852338,robot_3,0.827,-0.008
1776936950,363872761,robot_1,-0.273,3.766
1776936950,363882062,robot_4,-2.342,1.753
1776936950,573336566,robot_2,-2.814,-1.490
1776936950,573357199,robot_0,3.541,-3.221
1776936950,573366123,robot_4,-2.281,1.761
1776936950,573372866,robot_1,-0.351,3.746
1776936950,773651355,robot_2,-2.814,-1.490
1776936950,773672998,robot_0,3.542,-3.221
1776936950,773682800,robot_4,-2.281,1.761
1776936950,773690118,robot_1,-0.351,3.746
1776936950,974080820,robot_2,-2.813,-1.490
1776936950,974104346,robot_0,3.542,-3.221
1776936950,974113504,robot_4,-2.282,1.761
1776936950,974120742,robot_1,-0.352,3.747
1776936951,174603950,robot_2,-2.813,-1.490
1776936951,174628743,robot_0,3.543,-3.221
1776936951,174637937,robot_4,-2.282,1.761
1776936951,174645082,robot_1,-0.352,3.747
1776936951,383024816,robot_3,0.825,-0.116
1776936951,383046001,robot_1,-0.274,3.769
1776936951,383055323,robot_4,-2.343,1.754
1776936951,593971478,robot_2,-2.805,-1.472
1776936951,593990136,robot_0,3.543,-3.222
1776936951,593998480,robot_4,-2.283,1.761
1776936951,594005129,robot_1,-0.353,3.747
1776936951,794081750,robot_2,-2.790,-1.436
1776936951,794132244,robot_0,3.544,-3.222
1776936951,794145669,robot_4,-2.283,1.761
1776936951,794154353,robot_1,-0.353,3.748
1776936951,994794699,robot_2,-2.775,-1.399
1776936951,994821194,robot_0,3.544,-3.223
1776936951,994831069,robot_4,-2.283,1.761
1776936951,994838122,robot_1,-0.353,3.748
1776936951,553278659,robot_2,-2.808,-1.479
1776936951,553297538,robot_0,3.543,-3.222
1776936951,553305740,robot_4,-2.282,1.761
1776936951,553312843,robot_1,-0.352,3.747
1776936951,753819236,robot_2,-2.793,-1.443
1776936951,753837895,robot_0,3.544,-3.222
1776936951,753846210,robot_4,-2.283,1.761
1776936951,753853238,robot_1,-0.353,3.748
1776936951,963390174,robot_3,0.826,-0.182
1776936951,963409831,robot_1,-0.275,3.769
1776936951,963418787,robot_4,-2.344,1.754
1776936952,163631023,robot_3,0.826,-0.182
1776936952,163654681,robot_1,-0.275,3.769
1776936952,163665138,robot_4,-2.344,1.754
1776936952,364082493,robot_3,0.825,-0.183
1776936952,364113459,robot_1,-0.275,3.769
1776936952,364131365,robot_4,-2.344,1.753
1776936952,573672559,robot_2,-2.768,-1.383
1776936952,573695865,robot_0,3.544,-3.222
1776936952,573705647,robot_4,-2.283,1.760
1776936952,573713629,robot_1,-0.355,3.747
1776936952,783631531,robot_3,0.825,-0.183
1776936952,783663484,robot_1,-0.276,3.769
1776936952,783683026,robot_4,-2.344,1.753
1776936952,984041030,robot_3,0.825,-0.183
1776936952,984078794,robot_1,-0.277,3.769
1776936952,984096929,robot_4,-2.345,1.753
1776936953,185466946,robot_3,0.824,-0.184
1776936953,185507587,robot_1,-0.277,3.769
1776936953,185526660,robot_4,-2.345,1.752
1776936953,394033366,robot_2,-2.767,-1.383
1776936953,394054015,robot_0,3.542,-3.221
1776936953,394062847,robot_4,-2.284,1.759
1776936953,394070484,robot_1,-0.355,3.746
1776936953,594071062,robot_2,-2.767,-1.383
1776936953,594093089,robot_0,3.542,-3.221
1776936953,594102784,robot_4,-2.283,1.758
1776936953,594110623,robot_1,-0.355,3.745
1776936953,794116668,robot_2,-2.767,-1.382
1776936953,794140964,robot_0,3.541,-3.221
1776936953,794150683,robot_4,-2.283,1.758
1776936953,794168348,robot_1,-0.355,3.745
1776936953,994764367,robot_2,-2.766,-1.382
1776936953,994798765,robot_0,3.541,-3.221
1776936953,994815036,robot_4,-2.283,1.758
1776936953,994827944,robot_1,-0.325,3.740
1776936954,203483610,robot_3,0.824,-0.186
1776936954,203505058,robot_1,-0.213,3.734
1776936954,203515066,robot_4,-2.344,1.751
1776936954,413737076,robot_2,-2.768,-1.381
1776936954,413757076,robot_0,3.540,-3.222
1776936954,413766313,robot_4,-2.283,1.758
1776936954,413774010,robot_1,-0.244,3.725
1776936952,194951098,robot_2,-2.768,-1.383
1776936952,194972422,robot_0,3.544,-3.223
1776936952,194981297,robot_4,-2.283,1.760
1776936952,194988536,robot_1,-0.354,3.748
1776936952,403969838,robot_3,0.825,-0.183
1776936952,403998572,robot_1,-0.275,3.769
1776936952,404013583,robot_4,-2.344,1.753
1776936952,613844117,robot_2,-2.768,-1.383
1776936952,613876137,robot_0,3.543,-3.222
1776936952,613893008,robot_4,-2.283,1.760
1776936952,613907733,robot_1,-0.355,3.747
1776936952,813949151,robot_2,-2.768,-1.383
1776936952,813970960,robot_0,3.543,-3.222
1776936952,813980134,robot_4,-2.283,1.760
1776936952,813989135,robot_1,-0.355,3.747
1776936953,14823479,robot_2,-2.767,-1.383
1776936953,14845504,robot_0,3.543,-3.222
1776936953,14854871,robot_4,-2.284,1.759
1776936953,14861855,robot_1,-0.355,3.747
1776936953,223315382,robot_3,0.824,-0.184
1776936953,223335296,robot_1,-0.277,3.769
1776936953,223344947,robot_4,-2.345,1.752
1776936953,423660229,robot_3,0.824,-0.184
1776936953,423688465,robot_1,-0.277,3.768
1776936953,423703339,robot_4,-2.345,1.752
1776936953,634428108,robot_2,-2.767,-1.383
1776936953,634451864,robot_0,3.542,-3.221
1776936953,634462210,robot_4,-2.283,1.758
1776936953,634469378,robot_1,-0.355,3.745
1776936953,843572958,robot_3,0.824,-0.185
1776936953,843592667,robot_1,-0.275,3.766
1776936953,843601556,robot_4,-2.344,1.752
1776936954,53369204,robot_2,-2.766,-1.382
1776936954,53388307,robot_0,3.541,-3.221
1776936954,53397050,robot_4,-2.283,1.758
1776936954,53403763,robot_1,-0.313,3.738
1776936954,254574975,robot_2,-2.767,-1.382
1776936954,254601202,robot_0,3.540,-3.222
1776936954,254615796,robot_4,-2.283,1.758
1776936954,254625721,robot_1,-0.274,3.731
1776936954,463082222,robot_3,0.825,-0.186
1776936954,463102484,robot_1,-0.173,3.714
1776936954,463111923,robot_4,-2.344,1.751
1776936954,664038772,robot_3,0.825,-0.187
1776936954,664071556,robot_1,-0.173,3.714
1776936954,664087608,robot_4,-2.344,1.751
1776936954,873788695,robot_2,-2.768,-1.381
1776936954,873809848,robot_0,3.539,-3.223
1776936954,873819021,robot_4,-2.282,1.757
1776936954,873826355,robot_1,-0.240,3.724
1776936954,613975648,robot_2,-2.768,-1.381
1776936954,614006080,robot_0,3.540,-3.222
1776936954,614022582,robot_4,-2.283,1.758
1776936954,614035776,robot_1,-0.240,3.725
1776936954,813977829,robot_2,-2.768,-1.381
1776936954,813998842,robot_0,3.540,-3.222
1776936954,814008879,robot_4,-2.282,1.757
1776936954,814017356,robot_1,-0.240,3.724
1776936955,23195241,robot_3,0.827,-0.185
1776936955,23214053,robot_1,-0.173,3.713
1776936955,23223358,robot_4,-2.343,1.751
1776936955,223298556,robot_3,0.828,-0.181
1776936955,223319707,robot_1,-0.173,3.713
1776936955,223330611,robot_4,-2.343,1.751
1776936955,423342493,robot_3,0.829,-0.181
1776936955,423362566,robot_1,-0.173,3.712
1776936955,423372663,robot_4,-2.343,1.751
1776936955,634524059,robot_2,-2.769,-1.380
1776936955,634553011,robot_0,3.539,-3.224
1776936955,634568591,robot_4,-2.281,1.758
1776936955,634581184,robot_1,-0.239,3.723
1776936955,834602914,robot_2,-2.769,-1.380
1776936955,834624369,robot_0,3.539,-3.224
1776936955,834634200,robot_4,-2.281,1.758
1776936955,834642413,robot_1,-0.239,3.723
1776936956,43151967,robot_3,0.823,-0.083
1776936956,43182752,robot_1,-0.173,3.711
1776936956,43192738,robot_4,-2.342,1.751
1776936956,243479825,robot_3,0.823,-0.080
1776936956,243510197,robot_1,-0.172,3.711
1776936956,243526167,robot_4,-2.342,1.752
1776936956,453409343,robot_2,-2.770,-1.380
1776936956,453429167,robot_0,3.539,-3.224
1776936956,453438188,robot_4,-2.280,1.758
1776936956,453445848,robot_1,-0.238,3.722
1776936956,654519113,robot_2,-2.770,-1.380
1776936956,654544624,robot_0,3.539,-3.223
1776936956,654554337,robot_4,-2.280,1.759
1776936956,654561581,robot_1,-0.237,3.722
1776936956,863115548,robot_3,0.824,-0.080
1776936956,863135392,robot_1,-0.171,3.710
1776936956,863143707,robot_4,-2.342,1.752
1776936957,63370363,robot_3,0.824,-0.080
1776936957,63400241,robot_1,-0.171,3.711
1776936957,63416100,robot_4,-2.342,1.753
1776936957,273983910,robot_2,-2.771,-1.380
1776936957,274004752,robot_0,3.540,-3.222
1776936957,274013525,robot_4,-2.280,1.760
1776936957,274020840,robot_1,-0.236,3.723
1776936955,83864916,robot_3,0.827,-0.183
1776936955,83886070,robot_1,-0.173,3.713
1776936955,83895969,robot_4,-2.343,1.751
1776936955,294627751,robot_2,-2.769,-1.380
1776936955,294656377,robot_0,3.539,-3.223
1776936955,294669952,robot_4,-2.282,1.757
1776936955,294682027,robot_1,-0.240,3.723
1776936955,503722818,robot_3,0.829,-0.176
1776936955,503742905,robot_1,-0.173,3.712
1776936955,503752142,robot_4,-2.343,1.751
1776936955,713817543,robot_2,-2.769,-1.380
1776936955,713837595,robot_0,3.539,-3.224
1776936955,713846108,robot_4,-2.281,1.758
1776936955,713852912,robot_1,-0.239,3.723
1776936955,923129285,robot_3,0.825,-0.104
1776936955,923149687,robot_1,-0.173,3.711
1776936955,923165752,robot_4,-2.342,1.751
1776936956,134405384,robot_2,-2.770,-1.380
1776936956,134429937,robot_0,3.539,-3.224
1776936956,134441998,robot_4,-2.280,1.758
1776936956,134450765,robot_1,-0.238,3.722
1776936956,334470583,robot_2,-2.770,-1.380
1776936956,334491909,robot_0,3.539,-3.224
1776936956,334501653,robot_4,-2.280,1.758
1776936956,334509495,robot_1,-0.238,3.722
1776936956,535745215,robot_2,-2.770,-1.380
1776936956,535766409,robot_0,3.539,-3.223
1776936956,535775886,robot_4,-2.280,1.759
1776936956,535783715,robot_1,-0.238,3.722
1776936956,743393831,robot_3,0.824,-0.080
1776936956,743414033,robot_1,-0.171,3.710
1776936956,743423775,robot_4,-2.342,1.752
1776936956,953643669,robot_2,-2.770,-1.380
1776936956,953662018,robot_0,3.540,-3.222
1776936956,953670615,robot_4,-2.280,1.759
1776936956,953677772,robot_1,-0.237,3.722
1776936957,154410055,robot_2,-2.771,-1.380
1776936957,154457107,robot_0,3.540,-3.222
1776936957,154476972,robot_4,-2.280,1.760
1776936957,154492188,robot_1,-0.236,3.723
1776936957,363242568,robot_3,0.825,-0.079
1776936957,363263535,robot_1,-0.170,3.711
1776936957,363273326,robot_4,-2.342,1.753
1776936957,563413798,robot_3,0.825,-0.079
1776936957,563434268,robot_1,-0.170,3.711
1776936957,563444601,robot_4,-2.342,1.753
1776936957,773973099,robot_2,-2.771,-1.380
1776936957,773994087,robot_0,3.542,-3.222
1776936957,774003199,robot_4,-2.280,1.760
1776936957,774010447,robot_1,-0.236,3.724
1776936957,974222442,robot_2,-2.772,-1.381
1776936957,974243747,robot_0,3.542,-3.222
1776936957,974251925,robot_4,-2.280,1.760
1776936957,974258758,robot_1,-0.236,3.724
1776936957,483982908,robot_3,0.825,-0.079
1776936957,484006328,robot_1,-0.170,3.711
1776936957,484015199,robot_4,-2.342,1.753
1776936957,693862586,robot_2,-2.771,-1.380
1776936957,693884664,robot_0,3.541,-3.222
1776936957,693893542,robot_4,-2.280,1.760
1776936957,693900781,robot_1,-0.236,3.724
1776936957,893972174,robot_2,-2.771,-1.380
1776936957,893991579,robot_0,3.542,-3.222
1776936957,894001027,robot_4,-2.280,1.760
1776936957,894009000,robot_1,-0.236,3.724
1776936958,103236404,robot_3,0.825,-0.078
1776936958,103257089,robot_1,-0.169,3.712
1776936958,103266753,robot_4,-2.342,1.753
1776936958,303539833,robot_3,0.825,-0.077
1776936958,303568781,robot_1,-0.197,3.729
1776936958,303583062,robot_4,-2.342,1.753
1776936958,503676215,robot_3,0.825,-0.077
1776936958,503698640,robot_1,-0.231,3.749
1776936958,503708679,robot_4,-2.342,1.754
1776936958,713940554,robot_2,-2.770,-1.382
1776936958,713963726,robot_0,3.548,-3.275
1776936958,713973552,robot_4,-2.281,1.761
1776936958,713982367,robot_1,-0.346,3.750
1776936958,923023574,robot_3,0.824,-0.076
1776936958,923045339,robot_1,-0.270,3.772
1776936958,923055053,robot_4,-2.343,1.754
1776936959,123659137,robot_3,0.824,-0.076
1776936959,123677128,robot_1,-0.270,3.772
1776936959,123685835,robot_4,-2.343,1.754
1776936959,334024148,robot_2,-2.768,-1.382
1776936959,334043196,robot_0,3.547,-3.276
1776936959,334052188,robot_4,-2.282,1.761
1776936959,334059521,robot_1,-0.350,3.752
1776936959,534196345,robot_2,-2.768,-1.382
1776936959,534225674,robot_0,3.547,-3.276
1776936959,534236057,robot_4,-2.282,1.761
1776936959,534243874,robot_1,-0.350,3.753
1776936959,743069933,robot_3,0.820,-0.088
1776936959,743088759,robot_1,-0.270,3.773
1776936959,743097485,robot_4,-2.344,1.754
1776936959,953328039,robot_2,-2.754,-1.354
1776936959,953347357,robot_0,3.547,-3.277
1776936959,953356364,robot_4,-2.276,1.748
1776936959,953363353,robot_1,-0.350,3.753
1776936960,154884835,robot_2,-2.743,-1.332
1776936960,154908929,robot_0,3.547,-3.278
1776936960,154918369,robot_4,-2.259,1.714
1776936960,154925435,robot_1,-0.351,3.754
1776936960,363512932,robot_3,0.821,-0.196
1776936960,363533111,robot_1,-0.270,3.774
1776936960,363542980,robot_4,-2.323,1.703
1776936958,174379821,robot_2,-2.772,-1.381
1776936958,174403878,robot_0,3.544,-3.235
1776936958,174412701,robot_4,-2.281,1.760
1776936958,174419994,robot_1,-0.243,3.726
1776936958,383665974,robot_3,0.825,-0.077
1776936958,383696561,robot_1,-0.211,3.737
1776936958,383712935,robot_4,-2.342,1.754
1776936958,594038897,robot_2,-2.770,-1.381
1776936958,594066063,robot_0,3.548,-3.275
1776936958,594078469,robot_4,-2.281,1.761
1776936958,594089417,robot_1,-0.323,3.745
1776936958,804190961,robot_3,0.824,-0.076
1776936958,804210224,robot_1,-0.270,3.772
1776936958,804218906,robot_4,-2.342,1.754
1776936959,14364790,robot_2,-2.769,-1.382
1776936959,14396833,robot_0,3.548,-3.276
1776936959,14412521,robot_4,-2.282,1.761
1776936959,14425503,robot_1,-0.350,3.751
1776936959,222858333,robot_3,0.823,-0.076
1776936959,222876325,robot_1,-0.270,3.772
1776936959,222885211,robot_4,-2.343,1.754
1776936959,423583515,robot_3,0.822,-0.080
1776936959,423609884,robot_1,-0.270,3.773
1776936959,423622989,robot_4,-2.343,1.754
1776936959,634658187,robot_2,-2.768,-1.382
1776936959,634689540,robot_0,3.547,-3.277
1776936959,634705633,robot_4,-2.283,1.761
1776936959,634719108,robot_1,-0.350,3.753
1776936959,843175470,robot_3,0.820,-0.104
1776936959,843195407,robot_1,-0.270,3.773
1776936959,843204767,robot_4,-2.344,1.754
1776936960,43581107,robot_3,0.820,-0.140
1776936960,43601587,robot_1,-0.270,3.774
1776936960,43611245,robot_4,-2.332,1.724
1776936960,254079079,robot_2,-2.743,-1.332
1776936960,254102580,robot_0,3.547,-3.278
1776936960,254113907,robot_4,-2.258,1.712
1776936960,254122263,robot_1,-0.351,3.754
1776936960,463920863,robot_3,0.821,-0.214
1776936960,463942872,robot_1,-0.271,3.774
1776936960,463954041,robot_4,-2.323,1.703
1776936960,664067397,robot_3,0.822,-0.248
1776936960,664092980,robot_1,-0.271,3.775
1776936960,664104601,robot_4,-2.323,1.703
1776936960,873846915,robot_2,-2.742,-1.332
1776936960,873872264,robot_0,3.547,-3.279
1776936960,873883618,robot_4,-2.258,1.711
1776936960,873893328,robot_1,-0.352,3.754
1776936960,573739657,robot_2,-2.743,-1.332
1776936960,573760690,robot_0,3.547,-3.279
1776936960,573770604,robot_4,-2.258,1.712
1776936960,573778445,robot_1,-0.351,3.754
1776936960,773995965,robot_2,-2.742,-1.332
1776936960,774024929,robot_0,3.547,-3.279
1776936960,774041861,robot_4,-2.258,1.711
1776936960,774055908,robot_1,-0.352,3.754
1776936960,975100875,robot_2,-2.742,-1.332
1776936960,975127680,robot_0,3.547,-3.279
1776936960,975137635,robot_4,-2.258,1.711
1776936960,975145927,robot_1,-0.352,3.754
1776936961,175852386,robot_2,-2.742,-1.332
1776936961,175876718,robot_0,3.548,-3.280
1776936961,175887015,robot_4,-2.259,1.711
1776936961,175895084,robot_1,-0.353,3.754
1776936961,383602432,robot_3,0.821,-0.249
1776936961,383634441,robot_1,-0.272,3.775
1776936961,383651152,robot_4,-2.324,1.702
1776936961,584650571,robot_3,0.820,-0.249
1776936961,584689027,robot_1,-0.273,3.775
1776936961,584711417,robot_4,-2.324,1.701
1776936961,794355256,robot_2,-2.741,-1.331
1776936961,794379494,robot_0,3.549,-3.280
1776936961,794389390,robot_4,-2.259,1.710
1776936961,794397582,robot_1,-0.354,3.753
1776936961,995001823,robot_2,-2.741,-1.331
1776936961,995024813,robot_0,3.549,-3.280
1776936961,995033684,robot_4,-2.258,1.710
1776936961,995041108,robot_1,-0.354,3.753
1776936962,203013314,robot_3,0.820,-0.251
1776936962,203035066,robot_1,-0.274,3.774
1776936962,203044136,robot_4,-2.324,1.701
1776936962,403048328,robot_3,0.820,-0.251
1776936962,403069897,robot_1,-0.274,3.773
1776936962,403080234,robot_4,-2.324,1.700
1776936962,603360452,robot_3,0.820,-0.251
1776936962,603382791,robot_1,-0.247,3.755
1776936962,603392414,robot_4,-2.323,1.700
1776936962,803531822,robot_3,0.820,-0.252
1776936962,803561568,robot_1,-0.215,3.732
1776936962,803575412,robot_4,-2.323,1.700
1776936963,3897458,robot_3,0.820,-0.252
1776936963,3929281,robot_1,-0.182,3.709
1776936963,3943623,robot_4,-2.323,1.700
1776936963,213592093,robot_2,-2.742,-1.330
1776936963,213612892,robot_0,3.548,-3.279
1776936963,213621961,robot_4,-2.257,1.709
1776936963,213629618,robot_1,-0.242,3.716
1776936963,414356475,robot_2,-2.742,-1.329
1776936963,414390637,robot_0,3.547,-3.279
1776936963,414411767,robot_4,-2.257,1.709
1776936963,414428720,robot_1,-0.242,3.716
1776936961,83198776,robot_3,0.821,-0.249
1776936961,83220372,robot_1,-0.272,3.775
1776936961,83232826,robot_4,-2.324,1.702
1776936961,283287463,robot_3,0.821,-0.249
1776936961,283313566,robot_1,-0.272,3.775
1776936961,283326461,robot_4,-2.324,1.702
1776936961,483651354,robot_3,0.821,-0.249
1776936961,483676858,robot_1,-0.273,3.775
1776936961,483687007,robot_4,-2.324,1.702
1776936961,683701525,robot_3,0.820,-0.250
1776936961,683733310,robot_1,-0.273,3.775
1776936961,683748675,robot_4,-2.324,1.701
1776936961,893506852,robot_2,-2.741,-1.331
1776936961,893527645,robot_0,3.549,-3.280
1776936961,893536172,robot_4,-2.258,1.710
1776936961,893543712,robot_1,-0.354,3.753
1776936962,93953540,robot_2,-2.741,-1.331
1776936962,93973151,robot_0,3.549,-3.280
1776936962,93982423,robot_4,-2.258,1.709
1776936962,93990065,robot_1,-0.354,3.753
1776936962,303363090,robot_3,0.820,-0.251
1776936962,303386051,robot_1,-0.274,3.773
1776936962,303396026,robot_4,-2.324,1.701
1776936962,503601136,robot_3,0.820,-0.251
1776936962,503625896,robot_1,-0.263,3.766
1776936962,503636469,robot_4,-2.324,1.700
1776936962,714073913,robot_2,-2.741,-1.330
1776936962,714105265,robot_0,3.549,-3.280
1776936962,714121930,robot_4,-2.258,1.709
1776936962,714135634,robot_1,-0.302,3.735
1776936962,914588598,robot_2,-2.741,-1.329
1776936962,914620979,robot_0,3.548,-3.280
1776936962,914636681,robot_4,-2.257,1.709
1776936962,914650122,robot_1,-0.264,3.723
1776936963,123014827,robot_3,0.820,-0.252
1776936963,123034549,robot_1,-0.178,3.706
1776936963,123043312,robot_4,-2.323,1.700
1776936963,323785612,robot_3,0.820,-0.253
1776936963,323806762,robot_1,-0.178,3.706
1776936963,323817088,robot_4,-2.323,1.700
1776936963,534577445,robot_2,-2.743,-1.329
1776936963,534597521,robot_0,3.547,-3.279
1776936963,534606740,robot_4,-2.256,1.709
1776936963,534614101,robot_1,-0.242,3.716
1776936963,743132429,robot_3,0.821,-0.253
1776936963,743152452,robot_1,-0.178,3.705
1776936963,743168247,robot_4,-2.322,1.700
1776936963,943354359,robot_3,0.821,-0.253
1776936963,943373033,robot_1,-0.178,3.705
1776936963,943381745,robot_4,-2.322,1.700
1776936963,614707082,robot_2,-2.743,-1.329
1776936963,614734402,robot_0,3.547,-3.278
1776936963,614747335,robot_4,-2.256,1.709
1776936963,614758511,robot_1,-0.242,3.716
1776936963,823131785,robot_3,0.821,-0.253
1776936963,823151704,robot_1,-0.178,3.705
1776936963,823165431,robot_4,-2.322,1.700
1776936964,23322193,robot_3,0.822,-0.253
1776936964,23343050,robot_1,-0.178,3.705
1776936964,23352948,robot_4,-2.325,1.708
1776936964,223736265,robot_3,0.822,-0.253
1776936964,223774127,robot_1,-0.178,3.704
1776936964,223795730,robot_4,-2.339,1.744
1776936964,434104921,robot_2,-2.795,-1.424
1776936964,434135069,robot_0,3.547,-3.277
1776936964,434151466,robot_4,-2.280,1.757
1776936964,434170748,robot_1,-0.241,3.714
1776936964,634975380,robot_2,-2.799,-1.432
1776936964,634996669,robot_0,3.547,-3.277
1776936964,635006730,robot_4,-2.280,1.757
1776936964,635013593,robot_1,-0.241,3.714
1776936964,843035841,robot_3,0.816,-0.191
1776936964,843054033,robot_1,-0.177,3.703
1776936964,843062433,robot_4,-2.342,1.751
1776936965,43375156,robot_3,0.811,-0.156
1776936965,43396438,robot_1,-0.177,3.703
1776936965,43406169,robot_4,-2.341,1.751
1776936965,243782206,robot_3,0.806,-0.121
1776936965,243804771,robot_1,-0.176,3.703
1776936965,243816554,robot_4,-2.341,1.751
1776936965,453547758,robot_2,-2.800,-1.432
1776936965,453567921,robot_0,3.547,-3.278
1776936965,453577148,robot_4,-2.279,1.758
1776936965,453584636,robot_1,-0.239,3.714
1776936965,654840015,robot_2,-2.800,-1.432
1776936965,654862267,robot_0,3.548,-3.279
1776936965,654872427,robot_4,-2.279,1.759
1776936965,654879804,robot_1,-0.239,3.714
1776936965,863880449,robot_3,0.794,-0.048
1776936965,863911027,robot_1,-0.175,3.703
1776936965,863927440,robot_4,-2.341,1.752
1776936966,74044327,robot_2,-2.801,-1.432
1776936966,74064600,robot_0,3.548,-3.279
1776936966,74073198,robot_4,-2.279,1.759
1776936966,74080374,robot_1,-0.238,3.714
1776936966,283061523,robot_3,0.795,-0.048
1776936966,283082575,robot_1,-0.174,3.703
1776936966,283092109,robot_4,-2.341,1.752
1776936964,144480599,robot_3,0.822,-0.253
1776936964,144515828,robot_1,-0.178,3.705
1776936964,144533034,robot_4,-2.333,1.729
1776936964,353673608,robot_2,-2.787,-1.410
1776936964,353692496,robot_0,3.547,-3.277
1776936964,353700535,robot_4,-2.280,1.757
1776936964,353707714,robot_1,-0.242,3.714
1776936964,554236470,robot_2,-2.799,-1.432
1776936964,554257814,robot_0,3.547,-3.277
1776936964,554266748,robot_4,-2.280,1.757
1776936964,554274476,robot_1,-0.241,3.714
1776936964,763976074,robot_3,0.818,-0.206
1776936964,764007072,robot_1,-0.177,3.703
1776936964,764023342,robot_4,-2.342,1.750
1776936964,964008039,robot_3,0.813,-0.170
1776936964,964026170,robot_1,-0.177,3.703
1776936964,964034995,robot_4,-2.341,1.751
1776936965,164436203,robot_3,0.808,-0.135
1776936965,164469464,robot_1,-0.177,3.703
1776936965,164485335,robot_4,-2.341,1.751
1776936965,373667381,robot_2,-2.800,-1.432
1776936965,373688441,robot_0,3.547,-3.278
1776936965,373697228,robot_4,-2.279,1.758
1776936965,373704452,robot_1,-0.240,3.714
1776936965,583249207,robot_3,0.796,-0.061
1776936965,583269653,robot_1,-0.176,3.703
1776936965,583277950,robot_4,-2.341,1.751
1776936965,783560592,robot_3,0.794,-0.048
1776936965,783581780,robot_1,-0.175,3.703
1776936965,783592052,robot_4,-2.341,1.752
1776936965,984097769,robot_3,0.795,-0.048
1776936965,984133653,robot_1,-0.175,3.703
1776936965,984151735,robot_4,-2.341,1.752
1776936966,193605187,robot_2,-2.801,-1.432
1776936966,193628050,robot_0,3.549,-3.279
1776936966,193638817,robot_4,-2.279,1.760
1776936966,193647039,robot_1,-0.238,3.714
1776936966,394374234,robot_2,-2.801,-1.433
1776936966,394395373,robot_0,3.549,-3.279
1776936966,394404086,robot_4,-2.280,1.760
1776936966,394410880,robot_1,-0.238,3.715
1776936966,603002058,robot_3,0.796,-0.047
1776936966,603022343,robot_1,-0.174,3.704
1776936966,603031204,robot_4,-2.342,1.753
1776936966,803083629,robot_3,0.796,-0.047
1776936966,803104948,robot_1,-0.175,3.705
1776936966,803114022,robot_4,-2.342,1.753
1776936967,3789324,robot_3,0.796,-0.046
1776936967,3823258,robot_1,-0.186,3.714
1776936967,3839822,robot_4,-2.342,1.753
1776936966,484276944,robot_3,0.795,-0.047
1776936966,484316205,robot_1,-0.174,3.704
1776936966,484334211,robot_4,-2.341,1.753
1776936966,684695403,robot_3,0.796,-0.047
1776936966,684717631,robot_1,-0.174,3.704
1776936966,684727088,robot_4,-2.342,1.753
1776936966,895105532,robot_2,-2.801,-1.433
1776936966,895152159,robot_0,3.550,-3.279
1776936966,895187767,robot_4,-2.280,1.760
1776936966,895209436,robot_1,-0.239,3.716
1776936967,102893153,robot_3,0.796,-0.046
1776936967,102913031,robot_1,-0.202,3.727
1776936967,102921292,robot_4,-2.342,1.753
1776936967,302975329,robot_3,0.796,-0.046
1776936967,302997257,robot_1,-0.232,3.752
1776936967,303007919,robot_4,-2.342,1.753
1776936967,503514860,robot_3,0.796,-0.045
1776936967,503536668,robot_1,-0.263,3.777
1776936967,503545797,robot_4,-2.343,1.753
1776936967,703705335,robot_3,0.796,-0.045
1776936967,703727285,robot_1,-0.267,3.781
1776936967,703737599,robot_4,-2.343,1.753
1776936967,913426879,robot_2,-2.799,-1.434
1776936967,913447634,robot_0,3.551,-3.277
1776936967,913457564,robot_4,-2.282,1.760
1776936967,913465649,robot_1,-0.349,3.761
1776936968,114102668,robot_2,-2.799,-1.434
1776936968,114123415,robot_0,3.551,-3.277
1776936968,114132189,robot_4,-2.282,1.760
1776936968,114138812,robot_1,-0.349,3.762
1776936968,314145922,robot_2,-2.798,-1.434
1776936968,314180339,robot_0,3.552,-3.277
1776936968,314195320,robot_4,-2.282,1.760
1776936968,314206326,robot_1,-0.349,3.762
1776936968,523519543,robot_3,0.795,-0.044
1776936968,523541332,robot_1,-0.267,3.782
1776936968,523551576,robot_4,-2.344,1.753
1776936968,733761882,robot_2,-2.773,-1.393
1776936968,733784476,robot_0,3.552,-3.277
1776936968,733794390,robot_4,-2.282,1.760
1776936968,733802288,robot_1,-0.350,3.763
1776936968,934830685,robot_2,-2.768,-1.385
1776936968,934849197,robot_0,3.551,-3.277
1776936968,934858697,robot_4,-2.283,1.759
1776936968,934865772,robot_1,-0.350,3.763
1776936969,144410936,robot_3,0.794,-0.043
1776936969,144432576,robot_1,-0.267,3.784
1776936969,144441687,robot_4,-2.344,1.752
1776936969,354056410,robot_2,-2.768,-1.385
1776936969,354076831,robot_0,3.551,-3.278
1776936969,354086253,robot_4,-2.283,1.759
1776936969,354093089,robot_1,-0.351,3.764
1776936967,203795800,robot_3,0.796,-0.046
1776936967,203816902,robot_1,-0.217,3.740
1776936967,203826485,robot_4,-2.342,1.753
1776936967,413515264,robot_2,-2.800,-1.434
1776936967,413534344,robot_0,3.551,-3.278
1776936967,413543267,robot_4,-2.281,1.760
1776936967,413550641,robot_1,-0.328,3.752
1776936967,613940292,robot_2,-2.799,-1.433
1776936967,613960371,robot_0,3.551,-3.278
1776936967,613969838,robot_4,-2.281,1.760
1776936967,613977432,robot_1,-0.350,3.761
1776936967,814302647,robot_2,-2.799,-1.434
1776936967,814323803,robot_0,3.551,-3.278
1776936967,814332761,robot_4,-2.282,1.760
1776936967,814340847,robot_1,-0.349,3.761
1776936968,14335284,robot_2,-2.799,-1.434
1776936968,14358935,robot_0,3.551,-3.277
1776936968,14368622,robot_4,-2.282,1.760
1776936968,14376393,robot_1,-0.349,3.762
1776936968,223392780,robot_3,0.795,-0.044
1776936968,223416147,robot_1,-0.267,3.782
1776936968,223426287,robot_4,-2.343,1.753
1776936968,423414304,robot_3,0.795,-0.044
1776936968,423434634,robot_1,-0.267,3.782
1776936968,423443508,robot_4,-2.343,1.753
1776936968,634015472,robot_2,-2.783,-1.410
1776936968,634046478,robot_0,3.552,-3.277
1776936968,634062851,robot_4,-2.282,1.760
1776936968,634076747,robot_1,-0.350,3.763
1776936968,834468688,robot_2,-2.768,-1.385
1776936968,834491412,robot_0,3.552,-3.277
1776936968,834501418,robot_4,-2.283,1.760
1776936968,834509370,robot_1,-0.350,3.763
1776936969,43460052,robot_3,0.794,-0.043
1776936969,43479237,robot_1,-0.267,3.783
1776936969,43487858,robot_4,-2.344,1.752
1776936969,243542797,robot_3,0.793,-0.043
1776936969,243566448,robot_1,-0.267,3.784
1776936969,243577286,robot_4,-2.344,1.752
1776936969,453873926,robot_2,-2.768,-1.385
1776936969,453895487,robot_0,3.551,-3.278
1776936969,453905145,robot_4,-2.283,1.759
1776936969,453912231,robot_1,-0.351,3.764
1776936969,654464677,robot_2,-2.767,-1.385
1776936969,654487060,robot_0,3.551,-3.278
1776936969,654496004,robot_4,-2.283,1.758
1776936969,654502935,robot_1,-0.351,3.764
1776936969,863326870,robot_3,0.793,-0.043
1776936969,863348504,robot_1,-0.268,3.784
1776936969,863358969,robot_4,-2.344,1.751
1776936970,63523415,robot_3,0.792,-0.044
1776936970,63555231,robot_1,-0.269,3.785
1776936970,63572189,robot_4,-2.344,1.751
1776936969,563557851,robot_3,0.793,-0.043
1776936969,563590546,robot_1,-0.268,3.784
1776936969,563608206,robot_4,-2.344,1.752
1776936969,774074139,robot_2,-2.767,-1.385
1776936969,774093665,robot_0,3.550,-3.278
1776936969,774102874,robot_4,-2.283,1.758
1776936969,774110478,robot_1,-0.352,3.764
1776936969,974232982,robot_2,-2.767,-1.385
1776936969,974256369,robot_0,3.550,-3.279
1776936969,974267226,robot_4,-2.283,1.758
1776936969,974275526,robot_1,-0.352,3.764
1776936970,174751790,robot_2,-2.767,-1.385
1776936970,174775571,robot_0,3.550,-3.279
1776936970,174784766,robot_4,-2.282,1.758
1776936970,174792044,robot_1,-0.352,3.764
1776936970,382983101,robot_3,0.792,-0.044
1776936970,383009659,robot_1,-0.269,3.785
1776936970,383021463,robot_4,-2.325,1.759
1776936970,584362089,robot_3,0.792,-0.044
1776936970,584387114,robot_1,-0.270,3.784
1776936970,584397718,robot_4,-2.290,1.775
1776936970,784792269,robot_3,0.792,-0.045
1776936970,784823414,robot_1,-0.270,3.784
1776936970,784840260,robot_4,-2.254,1.791
1776936970,994571203,robot_2,-2.766,-1.384
1776936970,994607462,robot_0,3.549,-3.279
1776936970,994623738,robot_4,-2.165,1.832
1776936970,994637258,robot_1,-0.354,3.763
1776936971,195722933,robot_2,-2.766,-1.383
1776936971,195747130,robot_0,3.549,-3.279
1776936971,195756921,robot_4,-2.132,1.853
1776936971,195764995,robot_1,-0.354,3.763
1776936971,403546131,robot_3,0.791,-0.046
1776936971,403577335,robot_1,-0.246,3.759
1776936971,403593885,robot_4,-2.142,1.842
1776936971,613364853,robot_2,-2.766,-1.383
1776936971,613387426,robot_0,3.550,-3.279
1776936971,613398062,robot_4,-2.087,1.881
1776936971,613407411,robot_1,-0.285,3.728
1776936971,814842279,robot_2,-2.767,-1.383
1776936971,814877913,robot_0,3.550,-3.278
1776936971,814895325,robot_4,-2.087,1.881
1776936971,814909482,robot_1,-0.250,3.710
1776936972,14864920,robot_2,-2.769,-1.383
1776936972,14902258,robot_0,3.550,-3.278
1776936972,14919741,robot_4,-2.087,1.881
1776936972,14935205,robot_1,-0.245,3.707
1776936972,223616850,robot_3,0.795,-0.044
1776936972,223637142,robot_1,-0.183,3.698
1776936972,223646744,robot_4,-2.129,1.847
1776936972,424000368,robot_3,0.798,-0.041
1776936972,424026315,robot_1,-0.182,3.697
1776936972,424039151,robot_4,-2.129,1.847
1776936970,263918623,robot_3,0.792,-0.044
1776936970,263954267,robot_1,-0.269,3.785
1776936970,263975130,robot_4,-2.343,1.751
1776936970,473972075,robot_2,-2.766,-1.384
1776936970,473998588,robot_0,3.549,-3.279
1776936970,474008915,robot_4,-2.250,1.778
1776936970,474017284,robot_1,-0.353,3.764
1776936970,674125627,robot_2,-2.766,-1.384
1776936970,674149094,robot_0,3.549,-3.279
1776936970,674163732,robot_4,-2.218,1.798
1776936970,674171846,robot_1,-0.353,3.763
1776936970,883044430,robot_3,0.791,-0.045
1776936970,883070649,robot_1,-0.270,3.784
1776936970,883086276,robot_4,-2.236,1.799
1776936971,83718978,robot_3,0.791,-0.045
1776936971,83751203,robot_1,-0.271,3.784
1776936971,83769342,robot_4,-2.200,1.816
1776936971,293738092,robot_2,-2.766,-1.383
1776936971,293757617,robot_0,3.549,-3.279
1776936971,293765430,robot_4,-2.115,1.863
1776936971,293772241,robot_1,-0.342,3.757
1776936971,494192071,robot_2,-2.766,-1.383
1776936971,494217258,robot_0,3.549,-3.279
1776936971,494227116,robot_4,-2.087,1.881
1776936971,494234911,robot_1,-0.307,3.739
1776936971,694339091,robot_2,-2.767,-1.383
1776936971,694362450,robot_0,3.550,-3.278
1776936971,694371763,robot_4,-2.087,1.881
1776936971,694379284,robot_1,-0.271,3.721
1776936971,903060128,robot_3,0.792,-0.047
1776936971,903080683,robot_1,-0.183,3.698
1776936971,903090446,robot_4,-2.129,1.847
1776936972,103317348,robot_3,0.794,-0.046
1776936972,103339473,robot_1,-0.183,3.698
1776936972,103348824,robot_4,-2.129,1.847
1776936972,303733124,robot_3,0.797,-0.043
1776936972,303755048,robot_1,-0.183,3.698
1776936972,303764883,robot_4,-2.129,1.847
1776936972,504729702,robot_3,0.799,-0.040
1776936972,504754529,robot_1,-0.182,3.697
1776936972,504764880,robot_4,-2.129,1.847
1776936972,714980172,robot_2,-2.783,-1.404
1776936972,715005334,robot_0,3.551,-3.277
1776936972,715017599,robot_4,-2.086,1.881
1776936972,715026744,robot_1,-0.243,3.706
1776936972,923630078,robot_3,0.803,-0.032
1776936972,923658558,robot_1,-0.182,3.696
1776936972,923673132,robot_4,-2.128,1.846
1776936972,624019907,robot_3,0.801,-0.038
1776936972,624049583,robot_1,-0.182,3.697
1776936972,624064641,robot_4,-2.129,1.846
1776936972,834413003,robot_2,-2.796,-1.424
1776936972,834435709,robot_0,3.551,-3.276
1776936972,834447210,robot_4,-2.086,1.881
1776936972,834456307,robot_1,-0.243,3.705
1776936973,34662477,robot_2,-2.801,-1.432
1776936973,34695035,robot_0,3.551,-3.276
1776936973,34713867,robot_4,-2.085,1.881
1776936973,34729493,robot_1,-0.243,3.705
1776936973,243560562,robot_3,0.803,-0.032
1776936973,243579577,robot_1,-0.181,3.695
1776936973,243588652,robot_4,-2.128,1.847
1776936973,443726206,robot_3,0.803,-0.032
1776936973,443748936,robot_1,-0.181,3.695
1776936973,443759730,robot_4,-2.128,1.847
1776936973,656324664,robot_2,-2.802,-1.432
1776936973,656353215,robot_0,3.550,-3.275
1776936973,656363974,robot_4,-2.085,1.881
1776936973,656372163,robot_1,-0.242,3.704
1776936973,864011850,robot_3,0.789,0.013
1776936973,864044420,robot_1,-0.181,3.694
1776936973,864061935,robot_4,-2.127,1.847
1776936974,73433500,robot_2,-2.803,-1.432
1776936974,73453797,robot_0,3.549,-3.274
1776936974,73463625,robot_4,-2.084,1.882
1776936974,73470872,robot_1,-0.241,3.704
1776936974,274201786,robot_2,-2.803,-1.432
1776936974,274223062,robot_0,3.549,-3.274
1776936974,274232775,robot_4,-2.084,1.882
1776936974,274240652,robot_1,-0.240,3.704
1776936974,484191355,robot_3,0.790,0.014
1776936974,484218055,robot_1,-0.179,3.694
1776936974,484229018,robot_4,-2.127,1.848
1776936974,684758058,robot_3,0.790,0.015
1776936974,684797753,robot_1,-0.179,3.694
1776936974,684815724,robot_4,-2.127,1.848
1776936974,893637324,robot_2,-2.803,-1.433
1776936974,893658591,robot_0,3.548,-3.274
1776936974,893668053,robot_4,-2.084,1.883
1776936974,893675555,robot_1,-0.239,3.704
1776936975,103109069,robot_3,0.791,0.016
1776936975,103130928,robot_1,-0.178,3.694
1776936975,103141073,robot_4,-2.127,1.849
1776936975,303851784,robot_3,0.791,0.016
1776936975,303882562,robot_1,-0.178,3.694
1776936975,303898530,robot_4,-2.127,1.849
1776936973,133895603,robot_2,-2.801,-1.432
1776936973,133916022,robot_0,3.551,-3.276
1776936973,133924849,robot_4,-2.085,1.881
1776936973,133932120,robot_1,-0.242,3.705
1776936973,334645369,robot_2,-2.801,-1.432
1776936973,334664211,robot_0,3.550,-3.275
1776936973,334673217,robot_4,-2.085,1.881
1776936973,334681627,robot_1,-0.242,3.705
1776936973,543610102,robot_3,0.804,-0.032
1776936973,543642940,robot_1,-0.181,3.695
1776936973,543660360,robot_4,-2.127,1.847
1776936973,755826027,robot_2,-2.802,-1.432
1776936973,755851560,robot_0,3.550,-3.275
1776936973,755862991,robot_4,-2.084,1.881
1776936973,755873097,robot_1,-0.242,3.704
1776936973,963897211,robot_3,0.789,0.014
1776936973,963926999,robot_1,-0.180,3.694
1776936973,963943955,robot_4,-2.127,1.847
1776936974,174140979,robot_2,-2.803,-1.432
1776936974,174169459,robot_0,3.549,-3.274
1776936974,174179134,robot_4,-2.084,1.882
1776936974,174187343,robot_1,-0.241,3.704
1776936974,374210134,robot_2,-2.803,-1.432
1776936974,374243334,robot_0,3.549,-3.274
1776936974,374259537,robot_4,-2.084,1.882
1776936974,374273390,robot_1,-0.240,3.704
1776936974,583811149,robot_3,0.790,0.015
1776936974,583843475,robot_1,-0.179,3.694
1776936974,583860521,robot_4,-2.127,1.848
1776936974,784055477,robot_3,0.790,0.015
1776936974,784091039,robot_1,-0.179,3.694
1776936974,784109205,robot_4,-2.127,1.848
1776936974,994260249,robot_2,-2.803,-1.433
1776936974,994286413,robot_0,3.549,-3.274
1776936974,994297070,robot_4,-2.084,1.883
1776936974,994305199,robot_1,-0.239,3.704
1776936975,203095837,robot_3,0.791,0.016
1776936975,203117178,robot_1,-0.178,3.694
1776936975,203127350,robot_4,-2.127,1.849
1776936975,413883510,robot_2,-2.804,-1.433
1776936975,413904517,robot_0,3.549,-3.275
1776936975,413914763,robot_4,-2.090,1.880
1776936975,413922171,robot_1,-0.238,3.705
1776936975,614309638,robot_2,-2.804,-1.434
1776936975,614330925,robot_0,3.550,-3.275
1776936975,614340602,robot_4,-2.123,1.859
1776936975,614348586,robot_1,-0.251,3.713
1776936975,823292551,robot_3,0.790,0.017
1776936975,823312224,robot_1,-0.213,3.736
1776936975,823321581,robot_4,-2.176,1.826
1776936976,23454804,robot_3,0.790,0.017
1776936976,23479102,robot_1,-0.215,3.738
1776936976,23489772,robot_4,-2.176,1.826
1776936975,513702239,robot_2,-2.804,-1.434
1776936975,513720773,robot_0,3.550,-3.275
1776936975,513728822,robot_4,-2.107,1.870
1776936975,513736185,robot_1,-0.239,3.705
1776936975,714333436,robot_2,-2.803,-1.434
1776936975,714365256,robot_0,3.550,-3.275
1776936975,714383570,robot_4,-2.130,1.855
1776936975,714398521,robot_1,-0.268,3.723
1776936975,914892147,robot_2,-2.803,-1.434
1776936975,914916334,robot_0,3.550,-3.276
1776936975,914928512,robot_4,-2.130,1.855
1776936975,914938119,robot_1,-0.287,3.735
1776936976,115524955,robot_2,-2.803,-1.434
1776936976,115546308,robot_0,3.550,-3.276
1776936976,115556778,robot_4,-2.131,1.855
1776936976,115565527,robot_1,-0.287,3.735
1776936976,323591518,robot_3,0.790,0.018
1776936976,323614066,robot_1,-0.215,3.738
1776936976,323623952,robot_4,-2.177,1.827
1776936976,523882779,robot_3,0.789,0.018
1776936976,523908205,robot_1,-0.215,3.739
1776936976,523920132,robot_4,-2.177,1.827
1776936976,724053473,robot_3,0.789,0.018
1776936976,724077509,robot_1,-0.215,3.739
1776936976,724088085,robot_4,-2.178,1.825
1776936976,934902508,robot_2,-2.799,-1.431
1776936976,934935024,robot_0,3.550,-3.277
1776936976,934952730,robot_4,-2.133,1.853
1776936976,934968070,robot_1,-0.287,3.737
1776936977,135271646,robot_2,-2.799,-1.430
1776936977,135302917,robot_0,3.550,-3.277
1776936977,135313930,robot_4,-2.133,1.852
1776936977,135322152,robot_1,-0.287,3.737
1776936977,343520214,robot_3,0.787,0.012
1776936977,343544680,robot_1,-0.215,3.740
1776936977,343556661,robot_4,-2.179,1.821
1776936977,553532595,robot_2,-2.797,-1.429
1776936977,553552551,robot_0,3.550,-3.277
1776936977,553561414,robot_4,-2.133,1.851
1776936977,553568402,robot_1,-0.288,3.738
1776936977,753760451,robot_2,-2.797,-1.429
1776936977,753783034,robot_0,3.550,-3.276
1776936977,753794004,robot_4,-2.134,1.851
1776936977,753802587,robot_1,-0.288,3.738
1776936977,953785532,robot_2,-2.797,-1.429
1776936977,953804565,robot_0,3.550,-3.276
1776936977,953813309,robot_4,-2.134,1.851
1776936977,953820362,robot_1,-0.289,3.738
1776936978,154350205,robot_2,-2.796,-1.429
1776936978,154371380,robot_0,3.550,-3.276
1776936978,154380304,robot_4,-2.134,1.850
1776936978,154388946,robot_1,-0.289,3.739
1776936978,363753557,robot_3,0.804,-0.032
1776936978,363784371,robot_1,-0.216,3.742
1776936978,363799792,robot_4,-2.180,1.820
1776936976,234244340,robot_2,-2.803,-1.434
1776936976,234276664,robot_0,3.550,-3.276
1776936976,234293047,robot_4,-2.131,1.855
1776936976,234307141,robot_1,-0.287,3.736
1776936976,434442181,robot_2,-2.802,-1.434
1776936976,434464328,robot_0,3.550,-3.277
1776936976,434473729,robot_4,-2.131,1.855
1776936976,434481853,robot_1,-0.287,3.736
1776936976,635102923,robot_2,-2.801,-1.433
1776936976,635126717,robot_0,3.550,-3.277
1776936976,635138432,robot_4,-2.132,1.854
1776936976,635147278,robot_1,-0.287,3.736
1776936976,843731620,robot_3,0.789,0.018
1776936976,843756095,robot_1,-0.215,3.739
1776936976,843768021,robot_4,-2.179,1.824
1776936977,54059891,robot_2,-2.799,-1.430
1776936977,54081649,robot_0,3.550,-3.277
1776936977,54091724,robot_4,-2.133,1.852
1776936977,54100246,robot_1,-0.287,3.737
1776936977,263598914,robot_3,0.787,0.012
1776936977,263620663,robot_1,-0.215,3.740
1776936977,263631444,robot_4,-2.179,1.821
1776936977,473977037,robot_2,-2.797,-1.429
1776936977,474002229,robot_0,3.550,-3.277
1776936977,474012471,robot_4,-2.133,1.851
1776936977,474020504,robot_1,-0.288,3.738
1776936977,674186524,robot_2,-2.797,-1.429
1776936977,674213783,robot_0,3.550,-3.277
1776936977,674224368,robot_4,-2.133,1.851
1776936977,674232979,robot_1,-0.288,3.738
1776936977,874424471,robot_2,-2.797,-1.429
1776936977,874457886,robot_0,3.550,-3.276
1776936977,874475022,robot_4,-2.134,1.851
1776936977,874490068,robot_1,-0.289,3.738
1776936978,74454285,robot_2,-2.797,-1.429
1776936978,74486659,robot_0,3.550,-3.276
1776936978,74504149,robot_4,-2.134,1.850
1776936978,74518116,robot_1,-0.289,3.739
1776936978,283020697,robot_3,0.804,-0.032
1776936978,283041313,robot_1,-0.216,3.742
1776936978,283050974,robot_4,-2.180,1.820
1776936978,484365214,robot_3,0.804,-0.032
1776936978,484407150,robot_1,-0.217,3.742
1776936978,484425336,robot_4,-2.180,1.820
1776936978,694523837,robot_2,-2.796,-1.428
1776936978,694546181,robot_0,3.549,-3.275
1776936978,694555182,robot_4,-2.134,1.849
1776936978,694562048,robot_1,-0.290,3.738
1776936978,902955615,robot_3,0.803,-0.033
1776936978,902974147,robot_1,-0.217,3.742
1776936978,902983952,robot_4,-2.180,1.820
1776936978,563933870,robot_3,0.804,-0.033
1776936978,563964861,robot_1,-0.217,3.742
1776936978,563979874,robot_4,-2.180,1.820
1776936978,774210229,robot_2,-2.796,-1.428
1776936978,774241582,robot_0,3.549,-3.275
1776936978,774259075,robot_4,-2.134,1.849
1776936978,774274462,robot_1,-0.290,3.738
1776936978,984017328,robot_3,0.803,-0.033
1776936978,984040311,robot_1,-0.218,3.742
1776936978,984050791,robot_4,-2.180,1.819
1776936979,194043222,robot_2,-2.795,-1.428
1776936979,194063594,robot_0,3.548,-3.275
1776936979,194072694,robot_4,-2.134,1.849
1776936979,194079682,robot_1,-0.291,3.738
1776936979,403298209,robot_3,0.803,-0.034
1776936979,403317663,robot_1,-0.218,3.741
1776936979,403326070,robot_4,-2.180,1.819
1776936979,613857781,robot_2,-2.795,-1.427
1776936979,613876498,robot_0,3.547,-3.275
1776936979,613886555,robot_4,-2.111,1.862
1776936979,613893068,robot_1,-0.292,3.737
1776936979,814147934,robot_2,-2.795,-1.427
1776936979,814200498,robot_0,3.547,-3.276
1776936979,814219638,robot_4,-2.077,1.882
1776936979,814227631,robot_1,-0.279,3.729
1776936980,23006718,robot_3,0.804,-0.035
1776936980,23026554,robot_1,-0.184,3.697
1776936980,23036555,robot_4,-2.084,1.861
1776936980,223342197,robot_3,0.804,-0.036
1776936980,223363102,robot_1,-0.159,3.666
1776936980,223373501,robot_4,-2.075,1.865
1776936980,433864283,robot_2,-2.796,-1.426
1776936980,433883602,robot_0,3.546,-3.277
1776936980,433893054,robot_4,-2.036,1.907
1776936980,433900409,robot_1,-0.178,3.661
1776936980,634411202,robot_2,-2.796,-1.426
1776936980,634433964,robot_0,3.546,-3.277
1776936980,634443625,robot_4,-2.036,1.906
1776936980,634451663,robot_1,-0.147,3.640
1776936980,843242709,robot_3,0.805,-0.036
1776936980,843262833,robot_1,-0.109,3.603
1776936980,843272654,robot_4,-2.075,1.864
1776936981,53580819,robot_2,-2.832,-1.462
1776936981,53601784,robot_0,3.546,-3.277
1776936981,53611203,robot_4,-2.035,1.906
1776936981,53619552,robot_1,-0.146,3.638
1776936981,253908566,robot_2,-2.860,-1.491
1776936981,253933757,robot_0,3.546,-3.277
1776936981,253944797,robot_4,-2.035,1.906
1776936981,253953447,robot_1,-0.146,3.638
1776936981,462986482,robot_3,0.805,-0.030
1776936981,463010051,robot_1,-0.109,3.602
1776936981,463020097,robot_4,-2.074,1.864
1776936979,103322632,robot_3,0.803,-0.034
1776936979,103352825,robot_1,-0.218,3.742
1776936979,103370292,robot_4,-2.180,1.819
1776936979,303347017,robot_3,0.803,-0.034
1776936979,303368826,robot_1,-0.218,3.741
1776936979,303378680,robot_4,-2.180,1.819
1776936979,514439639,robot_2,-2.795,-1.427
1776936979,514459511,robot_0,3.547,-3.275
1776936979,514467497,robot_4,-2.128,1.852
1776936979,514474728,robot_1,-0.291,3.737
1776936979,723718926,robot_3,0.803,-0.035
1776936979,723749597,robot_1,-0.218,3.740
1776936979,723766678,robot_4,-2.137,1.838
1776936979,933773768,robot_2,-2.795,-1.427
1776936979,933794095,robot_0,3.546,-3.276
1776936979,933803588,robot_4,-2.057,1.894
1776936979,933811189,robot_1,-0.260,3.716
1776936980,135208002,robot_2,-2.796,-1.426
1776936980,135229167,robot_0,3.546,-3.276
1776936980,135238337,robot_4,-2.036,1.907
1776936980,135245396,robot_1,-0.227,3.694
1776936980,343316910,robot_3,0.804,-0.036
1776936980,343338672,robot_1,-0.144,3.648
1776936980,343347833,robot_4,-2.075,1.865
1776936980,554606229,robot_2,-2.796,-1.426
1776936980,554631429,robot_0,3.546,-3.277
1776936980,554641855,robot_4,-2.036,1.906
1776936980,554649999,robot_1,-0.158,3.647
1776936980,754708657,robot_2,-2.796,-1.426
1776936980,754735436,robot_0,3.546,-3.277
1776936980,754747305,robot_4,-2.036,1.906
1776936980,754758209,robot_1,-0.145,3.639
1776936980,963418272,robot_3,0.805,-0.036
1776936980,963455211,robot_1,-0.109,3.603
1776936980,963472425,robot_4,-2.075,1.864
1776936981,163638741,robot_3,0.806,-0.036
1776936981,163663308,robot_1,-0.109,3.603
1776936981,163674015,robot_4,-2.074,1.864
1776936981,363908772,robot_3,0.806,-0.032
1776936981,363940201,robot_1,-0.109,3.602
1776936981,363956479,robot_4,-2.074,1.864
1776936981,573955231,robot_2,-2.904,-1.537
1776936981,573990112,robot_0,3.546,-3.276
1776936981,574004864,robot_4,-2.034,1.906
1776936981,574016497,robot_1,-0.145,3.637
1776936981,783416498,robot_3,0.804,-0.023
1776936981,783438533,robot_1,-0.108,3.601
1776936981,783448219,robot_4,-2.074,1.864
1776936981,984284875,robot_3,0.799,-0.007
1776936981,984319719,robot_1,-0.108,3.601
1776936981,984336546,robot_4,-2.073,1.864
1776936981,663889458,robot_3,0.804,-0.025
1776936981,663915828,robot_1,-0.108,3.602
1776936981,663926214,robot_4,-2.074,1.864
1776936981,873841621,robot_2,-2.919,-1.552
1776936981,873862100,robot_0,3.547,-3.276
1776936981,873871492,robot_4,-2.034,1.906
1776936981,873879689,robot_1,-0.144,3.637
1776936982,74047336,robot_2,-2.919,-1.552
1776936982,74071387,robot_0,3.547,-3.275
1776936982,74082572,robot_4,-2.034,1.906
1776936982,74090589,robot_1,-0.144,3.637
1776936982,282920278,robot_3,0.790,0.023
1776936982,282941946,robot_1,-0.107,3.600
1776936982,282953981,robot_4,-2.073,1.864
1776936982,483718789,robot_3,0.791,0.023
1776936982,483742345,robot_1,-0.107,3.600
1776936982,483753337,robot_4,-2.073,1.864
1776936982,693714107,robot_2,-2.920,-1.552
1776936982,693736066,robot_0,3.549,-3.275
1776936982,693745199,robot_4,-2.033,1.907
1776936982,693752022,robot_1,-0.142,3.636
1776936982,894640344,robot_2,-2.920,-1.552
1776936982,894677890,robot_0,3.549,-3.275
1776936982,894699268,robot_4,-2.033,1.907
1776936982,894716499,robot_1,-0.142,3.636
1776936983,103398168,robot_3,0.792,0.024
1776936983,103419135,robot_1,-0.106,3.599
1776936983,103429150,robot_4,-2.072,1.865
1776936983,313899381,robot_2,-2.921,-1.552
1776936983,313920437,robot_0,3.549,-3.275
1776936983,313930161,robot_4,-2.033,1.908
1776936983,313938151,robot_1,-0.141,3.636
1776936983,522939612,robot_3,0.792,0.025
1776936983,522959017,robot_1,-0.105,3.599
1776936983,522968588,robot_4,-2.072,1.866
1776936983,723558983,robot_3,0.792,0.025
1776936983,723591259,robot_1,-0.104,3.599
1776936983,723609046,robot_4,-2.073,1.866
1776936983,933966190,robot_2,-2.922,-1.553
1776936983,933984778,robot_0,3.548,-3.276
1776936983,933992911,robot_4,-2.033,1.909
1776936983,934000334,robot_1,-0.140,3.636
1776936984,134512243,robot_2,-2.922,-1.553
1776936984,134531551,robot_0,3.548,-3.276
1776936984,134539956,robot_4,-2.060,1.894
1776936984,134547276,robot_1,-0.140,3.636
1776936984,343636070,robot_3,0.792,0.027
1776936984,343665964,robot_1,-0.103,3.600
1776936984,343681407,robot_4,-2.126,1.847
1776936982,193979735,robot_2,-2.919,-1.552
1776936982,194000359,robot_0,3.547,-3.275
1776936982,194009004,robot_4,-2.034,1.906
1776936982,194016462,robot_1,-0.143,3.637
1776936982,403261235,robot_3,0.791,0.023
1776936982,403280706,robot_1,-0.107,3.600
1776936982,403289494,robot_4,-2.073,1.864
1776936982,614232846,robot_2,-2.920,-1.552
1776936982,614264251,robot_0,3.548,-3.275
1776936982,614279668,robot_4,-2.033,1.907
1776936982,614291303,robot_1,-0.143,3.636
1776936982,822948768,robot_3,0.791,0.024
1776936982,822968240,robot_1,-0.106,3.600
1776936982,822977295,robot_4,-2.073,1.865
1776936983,22970067,robot_3,0.791,0.024
1776936983,22989496,robot_1,-0.106,3.599
1776936983,22999054,robot_4,-2.072,1.865
1776936983,223140866,robot_3,0.792,0.024
1776936983,223173480,robot_1,-0.105,3.599
1776936983,223185817,robot_4,-2.072,1.865
1776936983,434113088,robot_2,-2.921,-1.552
1776936983,434130939,robot_0,3.549,-3.275
1776936983,434139007,robot_4,-2.033,1.908
1776936983,434145606,robot_1,-0.141,3.636
1776936983,644346935,robot_3,0.792,0.025
1776936983,644366585,robot_1,-0.105,3.599
1776936983,644376049,robot_4,-2.073,1.866
1776936983,853563277,robot_2,-2.922,-1.552
1776936983,853583464,robot_0,3.548,-3.276
1776936983,853592686,robot_4,-2.033,1.909
1776936983,853599900,robot_1,-0.140,3.636
1776936984,53882438,robot_2,-2.922,-1.553
1776936984,53911449,robot_0,3.548,-3.276
1776936984,53928432,robot_4,-2.046,1.902
1776936984,53942446,robot_1,-0.140,3.636
1776936984,254343920,robot_2,-2.922,-1.553
1776936984,254374197,robot_0,3.547,-3.276
1776936984,254389891,robot_4,-2.080,1.884
1776936984,254403117,robot_1,-0.140,3.637
1776936984,462972167,robot_3,0.791,0.027
1776936984,462990373,robot_1,-0.103,3.600
1776936984,462998906,robot_4,-2.126,1.847
1776936984,664355605,robot_3,0.791,0.027
1776936984,664399245,robot_1,-0.118,3.620
1776936984,664419411,robot_4,-2.126,1.847
1776936984,874147876,robot_2,-2.922,-1.554
1776936984,874173043,robot_0,3.547,-3.277
1776936984,874182011,robot_4,-2.083,1.883
1776936984,874189059,robot_1,-0.185,3.672
1776936984,554031475,robot_2,-2.922,-1.553
1776936984,554051232,robot_0,3.547,-3.276
1776936984,554061102,robot_4,-2.083,1.882
1776936984,554068582,robot_1,-0.142,3.639
1776936984,763742715,robot_3,0.791,0.027
1776936984,763764457,robot_1,-0.129,3.636
1776936984,763774447,robot_4,-2.126,1.847
1776936984,973630609,robot_2,-2.922,-1.554
1776936984,973658643,robot_0,3.546,-3.277
1776936984,973672980,robot_4,-2.083,1.883
1776936984,973686487,robot_1,-0.185,3.672
1776936985,173952130,robot_2,-2.921,-1.554
1776936985,173976080,robot_0,3.546,-3.278
1776936985,173986262,robot_4,-2.083,1.883
1776936985,173994033,robot_1,-0.185,3.672
1776936985,374502524,robot_2,-2.921,-1.554
1776936985,374522110,robot_0,3.546,-3.278
1776936985,374531616,robot_4,-2.084,1.883
1776936985,374539165,robot_1,-0.185,3.672
1776936985,583468646,robot_3,0.789,0.028
1776936985,583501602,robot_1,-0.136,3.648
1776936985,583518363,robot_4,-2.127,1.848
1776936985,783921788,robot_3,0.789,0.026
1776936985,783943629,robot_1,-0.136,3.648
1776936985,783953159,robot_4,-2.128,1.848
1776936985,983999065,robot_3,0.791,0.016
1776936985,984023447,robot_1,-0.136,3.648
1776936985,984034136,robot_4,-2.128,1.848
1776936986,194011870,robot_2,-2.872,-1.512
1776936986,194035691,robot_0,3.547,-3.279
1776936986,194045224,robot_4,-2.085,1.883
1776936986,194053100,robot_1,-0.185,3.674
1776936986,403681393,robot_3,0.806,-0.057
1776936986,403709800,robot_1,-0.137,3.649
1776936986,403724273,robot_4,-2.128,1.847
1776936986,613708458,robot_2,-2.871,-1.512
1776936986,613727417,robot_0,3.548,-3.280
1776936986,613735922,robot_4,-2.085,1.882
1776936986,613742492,robot_1,-0.186,3.674
1776936986,814187253,robot_2,-2.871,-1.512
1776936986,814206823,robot_0,3.548,-3.280
1776936986,814215431,robot_4,-2.086,1.882
1776936986,814222220,robot_1,-0.187,3.675
1776936987,14527873,robot_2,-2.871,-1.512
1776936987,14552001,robot_0,3.548,-3.280
1776936987,14561965,robot_4,-2.086,1.882
1776936987,14569678,robot_1,-0.187,3.675
1776936987,215642171,robot_2,-2.870,-1.512
1776936987,215662171,robot_0,3.549,-3.280
1776936987,215670767,robot_4,-2.086,1.881
1776936987,215678034,robot_1,-0.188,3.675
1776936987,415734454,robot_2,-2.870,-1.512
1776936987,415763781,robot_0,3.549,-3.280
1776936987,415780144,robot_4,-2.086,1.881
1776936987,415793618,robot_1,-0.188,3.675
1776936985,83832536,robot_3,0.790,0.028
1776936985,83855653,robot_1,-0.137,3.647
1776936985,83866733,robot_4,-2.127,1.847
1776936985,293792984,robot_2,-2.921,-1.554
1776936985,293813181,robot_0,3.546,-3.278
1776936985,293821820,robot_4,-2.084,1.883
1776936985,293829402,robot_1,-0.185,3.672
1776936985,494756081,robot_2,-2.918,-1.552
1776936985,494779515,robot_0,3.546,-3.278
1776936985,494788491,robot_4,-2.084,1.883
1776936985,494796399,robot_1,-0.185,3.673
1776936985,703493312,robot_3,0.789,0.028
1776936985,703517019,robot_1,-0.136,3.648
1776936985,703527199,robot_4,-2.127,1.848
1776936985,903740987,robot_3,0.790,0.023
1776936985,903770176,robot_1,-0.136,3.648
1776936985,903785450,robot_4,-2.128,1.848
1776936986,114474606,robot_2,-2.873,-1.512
1776936986,114493811,robot_0,3.547,-3.279
1776936986,114501858,robot_4,-2.085,1.883
1776936986,114508821,robot_1,-0.185,3.674
1776936986,323166312,robot_3,0.803,-0.043
1776936986,323187106,robot_1,-0.137,3.649
1776936986,323197226,robot_4,-2.128,1.847
1776936986,534533337,robot_2,-2.871,-1.512
1776936986,534565021,robot_0,3.548,-3.280
1776936986,534581811,robot_4,-2.085,1.882
1776936986,534595312,robot_1,-0.186,3.674
1776936986,743540032,robot_3,0.818,-0.116
1776936986,743566778,robot_1,-0.137,3.650
1776936986,743580481,robot_4,-2.129,1.847
1776936986,953529772,robot_2,-2.871,-1.512
1776936986,953550705,robot_0,3.548,-3.280
1776936986,953560593,robot_4,-2.086,1.882
1776936986,953568697,robot_1,-0.187,3.675
1776936987,154657662,robot_2,-2.871,-1.512
1776936987,154693136,robot_0,3.548,-3.280
1776936987,154710016,robot_4,-2.086,1.882
1776936987,154724097,robot_1,-0.187,3.675
1776936987,363033927,robot_3,0.834,-0.188
1776936987,363053875,robot_1,-0.138,3.651
1776936987,363062723,robot_4,-2.129,1.846
1776936987,563326785,robot_3,0.834,-0.188
1776936987,563348155,robot_1,-0.139,3.651
1776936987,563357374,robot_4,-2.127,1.846
1776936987,764053005,robot_3,0.833,-0.188
1776936987,764074879,robot_1,-0.139,3.651
1776936987,764085226,robot_4,-2.127,1.846
1776936987,974077783,robot_2,-2.870,-1.511
1776936987,974104019,robot_0,3.550,-3.280
1776936987,974114266,robot_4,-2.083,1.881
1776936987,974122199,robot_1,-0.189,3.675
1776936987,623205335,robot_3,0.834,-0.188
1776936987,623224725,robot_1,-0.139,3.651
1776936987,623233870,robot_4,-2.127,1.846
1776936987,835067391,robot_2,-2.870,-1.511
1776936987,835089977,robot_0,3.550,-3.280
1776936987,835101075,robot_4,-2.084,1.881
1776936987,835109175,robot_1,-0.189,3.675
1776936988,43584853,robot_3,0.833,-0.188
1776936988,43607392,robot_1,-0.140,3.651
1776936988,43618351,robot_4,-2.127,1.845
1776936988,253484569,robot_2,-2.869,-1.511
1776936988,253503439,robot_0,3.551,-3.279
1776936988,253512564,robot_4,-2.083,1.881
1776936988,253520894,robot_1,-0.190,3.674
1776936988,453876940,robot_2,-2.869,-1.511
1776936988,453896271,robot_0,3.551,-3.279
1776936988,453904240,robot_4,-2.053,1.896
1776936988,453911237,robot_1,-0.190,3.674
1776936988,654777612,robot_2,-2.869,-1.510
1776936988,654801423,robot_0,3.551,-3.279
1776936988,654811445,robot_4,-2.020,1.914
1776936988,654819722,robot_1,-0.173,3.660
1776936988,863346032,robot_3,0.832,-0.190
1776936988,863368972,robot_1,-0.109,3.602
1776936988,863381705,robot_4,-2.019,1.880
1776936989,63812059,robot_3,0.832,-0.191
1776936989,63834707,robot_1,-0.109,3.602
1776936989,63845347,robot_4,-1.981,1.892
1776936989,273264399,robot_2,-2.869,-1.509
1776936989,273284108,robot_0,3.547,-3.277
1776936989,273292823,robot_4,-1.931,1.960
1776936989,273300233,robot_1,-0.146,3.637
1776936989,474757002,robot_2,-2.870,-1.509
1776936989,474793885,robot_0,3.546,-3.277
1776936989,474811282,robot_4,-1.931,1.960
1776936989,474824531,robot_1,-0.146,3.636
1776936989,674818146,robot_2,-2.883,-1.518
1776936989,674852798,robot_0,3.544,-3.276
1776936989,674869917,robot_4,-1.931,1.960
1776936989,674884655,robot_1,-0.146,3.636
1776936989,882893179,robot_3,0.833,-0.192
1776936989,882913225,robot_1,-0.110,3.601
1776936989,882922041,robot_4,-1.961,1.898
1776936990,83352458,robot_3,0.834,-0.192
1776936990,83372943,robot_1,-0.110,3.600
1776936990,83383349,robot_4,-1.961,1.898
1776936990,293708567,robot_2,-2.916,-1.541
1776936990,293729503,robot_0,3.542,-3.275
1776936990,293738935,robot_4,-1.930,1.959
1776936990,293747550,robot_1,-0.146,3.635
1776936988,174138670,robot_2,-2.869,-1.511
1776936988,174166244,robot_0,3.550,-3.279
1776936988,174174352,robot_4,-2.083,1.880
1776936988,174181433,robot_1,-0.189,3.675
1776936988,383244837,robot_3,0.833,-0.189
1776936988,383266168,robot_1,-0.140,3.650
1776936988,383275217,robot_4,-2.108,1.851
1776936988,594013678,robot_2,-2.869,-1.510
1776936988,594033470,robot_0,3.551,-3.279
1776936988,594042237,robot_4,-2.029,1.908
1776936988,594049743,robot_1,-0.182,3.667
1776936988,803095410,robot_3,0.832,-0.190
1776936988,803115494,robot_1,-0.112,3.607
1776936988,803124601,robot_4,-2.029,1.876
1776936989,4014193,robot_3,0.832,-0.190
1776936989,4035332,robot_1,-0.109,3.602
1776936989,4044223,robot_4,-1.992,1.888
1776936989,213866435,robot_2,-2.869,-1.509
1776936989,213885881,robot_0,3.548,-3.277
1776936989,213894163,robot_4,-1.931,1.960
1776936989,213901826,robot_1,-0.146,3.637
1776936989,414005935,robot_2,-2.870,-1.509
1776936989,414026233,robot_0,3.547,-3.277
1776936989,414035426,robot_4,-1.931,1.960
1776936989,414042849,robot_1,-0.146,3.636
1776936989,623314029,robot_3,0.833,-0.192
1776936989,623334065,robot_1,-0.110,3.601
1776936989,623344443,robot_4,-1.961,1.898
1776936989,823793474,robot_3,0.833,-0.192
1776936989,823830288,robot_1,-0.110,3.601
1776936989,823849980,robot_4,-1.961,1.898
1776936990,34204985,robot_2,-2.915,-1.540
1776936990,34249915,robot_0,3.543,-3.276
1776936990,34262663,robot_4,-1.930,1.959
1776936990,34271281,robot_1,-0.146,3.635
1776936990,234476250,robot_2,-2.915,-1.541
1776936990,234495825,robot_0,3.542,-3.275
1776936990,234504891,robot_4,-1.930,1.959
1776936990,234511612,robot_1,-0.146,3.635
1776936990,434615267,robot_2,-2.916,-1.541
1776936990,434645080,robot_0,3.542,-3.275
1776936990,434661158,robot_4,-1.930,1.959
1776936990,434674221,robot_1,-0.146,3.634
1776936990,643612206,robot_3,0.837,-0.181
1776936990,643643512,robot_1,-0.109,3.599
1776936990,643659703,robot_4,-1.960,1.898
1776936990,843650739,robot_3,0.837,-0.176
1776936990,843675930,robot_1,-0.109,3.599
1776936990,843688697,robot_4,-1.960,1.898
1776936991,43682889,robot_3,0.832,-0.140
1776936991,43711521,robot_1,-0.109,3.599
1776936991,43727621,robot_4,-1.959,1.898
1776936990,494405075,robot_2,-2.917,-1.542
1776936990,494429080,robot_0,3.542,-3.275
1776936990,494438663,robot_4,-1.929,1.959
1776936990,494446496,robot_1,-0.146,3.634
1776936990,703325446,robot_3,0.837,-0.180
1776936990,703347655,robot_1,-0.109,3.599
1776936990,703357969,robot_4,-1.960,1.898
1776936990,903540266,robot_3,0.836,-0.167
1776936990,903560667,robot_1,-0.109,3.599
1776936990,903570703,robot_4,-1.959,1.898
1776936991,103583918,robot_3,0.831,-0.129
1776936991,103613617,robot_1,-0.109,3.599
1776936991,103630593,robot_4,-1.959,1.898
1776936991,313815006,robot_2,-2.918,-1.542
1776936991,313835985,robot_0,3.541,-3.274
1776936991,313845342,robot_4,-1.928,1.960
1776936991,313852845,robot_1,-0.144,3.634
1776936991,514625208,robot_2,-2.918,-1.542
1776936991,514646227,robot_0,3.540,-3.274
1776936991,514655206,robot_4,-1.928,1.960
1776936991,514662027,robot_1,-0.143,3.634
1776936991,723083705,robot_3,0.823,-0.067
1776936991,723103505,robot_1,-0.107,3.598
1776936991,723112688,robot_4,-1.959,1.898
1776936991,923529505,robot_3,0.823,-0.067
1776936991,923554164,robot_1,-0.107,3.598
1776936991,923564777,robot_4,-1.958,1.898
1776936992,134162735,robot_2,-2.919,-1.542
1776936992,134182096,robot_0,3.539,-3.275
1776936992,134191334,robot_4,-1.928,1.961
1776936992,134197825,robot_1,-0.142,3.634
1776936992,343520980,robot_3,0.824,-0.066
1776936992,343540406,robot_1,-0.106,3.598
1776936992,343549990,robot_4,-1.958,1.899
1776936992,544093588,robot_3,0.824,-0.066
1776936992,544114971,robot_1,-0.106,3.599
1776936992,544125329,robot_4,-1.958,1.899
1776936992,753397964,robot_2,-2.920,-1.543
1776936992,753416351,robot_0,3.538,-3.276
1776936992,753424927,robot_4,-1.928,1.962
1776936992,753431647,robot_1,-0.158,3.650
1776936992,953980683,robot_2,-2.920,-1.544
1776936992,953999401,robot_0,3.548,-3.279
1776936992,954008465,robot_4,-1.928,1.962
1776936992,954016092,robot_1,-0.187,3.677
1776936993,154718133,robot_2,-2.919,-1.544
1776936993,154744408,robot_0,3.585,-3.291
1776936993,154754073,robot_4,-1.928,1.962
1776936993,154762088,robot_1,-0.217,3.703
1776936993,363642012,robot_3,0.824,-0.064
1776936993,363661475,robot_1,-0.178,3.722
1776936993,363670186,robot_4,-1.958,1.900
1776936991,253325282,robot_2,-2.918,-1.542
1776936991,253343820,robot_0,3.541,-3.274
1776936991,253352470,robot_4,-1.928,1.960
1776936991,253359569,robot_1,-0.144,3.634
1776936991,453666416,robot_2,-2.918,-1.542
1776936991,453686349,robot_0,3.540,-3.274
1776936991,453695135,robot_4,-1.928,1.960
1776936991,453702424,robot_1,-0.143,3.634
1776936991,654687300,robot_2,-2.919,-1.542
1776936991,654708033,robot_0,3.540,-3.274
1776936991,654717048,robot_4,-1.928,1.960
1776936991,654724377,robot_1,-0.143,3.634
1776936991,863151451,robot_3,0.823,-0.067
1776936991,863176603,robot_1,-0.107,3.598
1776936991,863185591,robot_4,-1.958,1.898
1776936992,63942245,robot_3,0.823,-0.067
1776936992,63961218,robot_1,-0.107,3.598
1776936992,63970410,robot_4,-1.958,1.899
1776936992,263985882,robot_3,0.824,-0.067
1776936992,264011560,robot_1,-0.106,3.598
1776936992,264024301,robot_4,-1.958,1.899
1776936992,473489716,robot_2,-2.919,-1.543
1776936992,473510962,robot_0,3.539,-3.276
1776936992,473519506,robot_4,-1.928,1.961
1776936992,473525924,robot_1,-0.142,3.635
1776936992,674007842,robot_2,-2.920,-1.543
1776936992,674032074,robot_0,3.538,-3.276
1776936992,674040271,robot_4,-1.928,1.962
1776936992,674047303,robot_1,-0.147,3.640
1776936992,883371755,robot_3,0.824,-0.065
1776936992,883403544,robot_1,-0.130,3.640
1776936992,883419677,robot_4,-1.958,1.900
1776936993,83826763,robot_3,0.824,-0.065
1776936993,83858698,robot_1,-0.150,3.675
1776936993,83875725,robot_4,-1.958,1.900
1776936993,293679071,robot_2,-2.919,-1.544
1776936993,293697999,robot_0,3.610,-3.299
1776936993,293706533,robot_4,-1.928,1.962
1776936993,293713002,robot_1,-0.237,3.722
1776936993,493888743,robot_2,-2.919,-1.544
1776936993,493910029,robot_0,3.646,-3.310
1776936993,493919342,robot_4,-1.928,1.962
1776936993,493926238,robot_1,-0.266,3.749
1776936993,694796493,robot_2,-2.901,-1.534
1776936993,694820607,robot_0,3.682,-3.321
1776936993,694831293,robot_4,-1.928,1.962
1776936993,694839543,robot_1,-0.296,3.775
1776936993,903030228,robot_3,0.824,-0.063
1776936993,903050259,robot_1,-0.225,3.802
1776936993,903060103,robot_4,-1.959,1.900
1776936993,564748573,robot_3,0.824,-0.064
1776936993,564794938,robot_1,-0.198,3.756
1776936993,564820150,robot_4,-1.958,1.900
1776936993,773532561,robot_2,-2.888,-1.526
1776936993,773553851,robot_0,3.696,-3.325
1776936993,773563031,robot_4,-1.928,1.962
1776936993,773570629,robot_1,-0.307,3.786
1776936993,973836111,robot_2,-2.869,-1.516
1776936993,973860549,robot_0,3.699,-3.326
1776936993,973870391,robot_4,-1.929,1.963
1776936993,973878462,robot_1,-0.316,3.794
1776936994,174431702,robot_2,-2.869,-1.516
1776936994,174459629,robot_0,3.699,-3.326
1776936994,174471605,robot_4,-1.929,1.962
1776936994,174481322,robot_1,-0.315,3.794
1776936994,383069155,robot_3,0.823,-0.063
1776936994,383101997,robot_1,-0.224,3.802
1776936994,383118874,robot_4,-1.960,1.899
1776936994,583289900,robot_3,0.823,-0.063
1776936994,583321012,robot_1,-0.224,3.803
1776936994,583337490,robot_4,-1.960,1.899
1776936994,783530713,robot_3,0.822,-0.062
1776936994,783564645,robot_1,-0.224,3.803
1776936994,783581992,robot_4,-1.961,1.899
1776936994,994235830,robot_2,-2.867,-1.515
1776936994,994260846,robot_0,3.699,-3.328
1776936994,994269985,robot_4,-1.931,1.961
1776936994,994276536,robot_1,-0.316,3.795
1776936995,195181247,robot_2,-2.867,-1.515
1776936995,195215664,robot_0,3.700,-3.328
1776936995,195233294,robot_4,-1.931,1.961
1776936995,195247457,robot_1,-0.316,3.796
1776936995,402858015,robot_3,0.823,-0.084
1776936995,402877481,robot_1,-0.225,3.804
1776936995,402886669,robot_4,-1.960,1.894
1776936995,603551891,robot_3,0.825,-0.111
1776936995,603587732,robot_1,-0.225,3.805
1776936995,603607252,robot_4,-1.950,1.856
1776936995,813418268,robot_2,-2.866,-1.514
1776936995,813438236,robot_0,3.701,-3.329
1776936995,813446846,robot_4,-1.892,1.885
1776936995,813454405,robot_1,-0.317,3.797
1776936996,14218972,robot_2,-2.866,-1.514
1776936996,14241373,robot_0,3.701,-3.329
1776936996,14251440,robot_4,-1.878,1.858
1776936996,14259390,robot_1,-0.317,3.797
1776936996,214499427,robot_2,-2.866,-1.514
1776936996,214532206,robot_0,3.702,-3.329
1776936996,214549364,robot_4,-1.878,1.858
1776936996,214563841,robot_1,-0.317,3.797
1776936996,423197978,robot_3,0.823,-0.111
1776936996,423218450,robot_1,-0.226,3.806
1776936996,423228243,robot_4,-1.931,1.786
1776936994,113818659,robot_2,-2.869,-1.516
1776936994,113837924,robot_0,3.699,-3.326
1776936994,113846347,robot_4,-1.929,1.963
1776936994,113852968,robot_1,-0.315,3.794
1776936994,313993428,robot_2,-2.869,-1.516
1776936994,314015047,robot_0,3.699,-3.327
1776936994,314024687,robot_4,-1.929,1.962
1776936994,314033030,robot_1,-0.315,3.794
1776936994,523380368,robot_3,0.823,-0.063
1776936994,523412302,robot_1,-0.224,3.802
1776936994,523428348,robot_4,-1.960,1.899
1776936994,723365623,robot_3,0.822,-0.063
1776936994,723386485,robot_1,-0.224,3.803
1776936994,723397352,robot_4,-1.961,1.899
1776936994,934140516,robot_2,-2.867,-1.515
1776936994,934170557,robot_0,3.699,-3.328
1776936994,934181377,robot_4,-1.930,1.961
1776936994,934190796,robot_1,-0.316,3.795
1776936995,143637231,robot_3,0.822,-0.062
1776936995,143669653,robot_1,-0.225,3.804
1776936995,143687089,robot_4,-1.961,1.899
1776936995,353785114,robot_2,-2.867,-1.515
1776936995,353804149,robot_0,3.700,-3.329
1776936995,353813679,robot_4,-1.931,1.961
1776936995,353820764,robot_1,-0.316,3.796
1776936995,553852582,robot_2,-2.866,-1.515
1776936995,553872131,robot_0,3.700,-3.329
1776936995,553881512,robot_4,-1.915,1.930
1776936995,553888735,robot_1,-0.316,3.796
1776936995,763504217,robot_3,0.825,-0.111
1776936995,763524299,robot_1,-0.225,3.805
1776936995,763533464,robot_4,-1.941,1.825
1776936995,973590393,robot_2,-2.866,-1.514
1776936995,973610752,robot_0,3.701,-3.329
1776936995,973619033,robot_4,-1.879,1.859
1776936995,973626053,robot_1,-0.317,3.797
1776936996,175813883,robot_2,-2.866,-1.514
1776936996,175838210,robot_0,3.701,-3.329
1776936996,175846855,robot_4,-1.878,1.858
1776936996,175854250,robot_1,-0.317,3.797
1776936996,383369410,robot_3,0.824,-0.111
1776936996,383389549,robot_1,-0.226,3.806
1776936996,383398225,robot_4,-1.931,1.786
1776936996,583507005,robot_3,0.823,-0.111
1776936996,583538290,robot_1,-0.226,3.806
1776936996,583553826,robot_4,-1.931,1.786
1776936996,793491727,robot_2,-2.865,-1.513
1776936996,793513686,robot_0,3.703,-3.328
1776936996,793523355,robot_4,-1.879,1.857
1776936996,793531244,robot_1,-0.319,3.797
1776936996,994065045,robot_2,-2.865,-1.513
1776936996,994087387,robot_0,3.703,-3.328
1776936996,994095372,robot_4,-1.879,1.857
1776936996,994102681,robot_1,-0.319,3.797
1776936996,634279156,robot_2,-2.865,-1.513
1776936996,634301791,robot_0,3.702,-3.329
1776936996,634314914,robot_4,-1.878,1.857
1776936996,634326191,robot_1,-0.318,3.797
1776936996,843320034,robot_3,0.823,-0.112
1776936996,843339964,robot_1,-0.227,3.806
1776936996,843349211,robot_4,-1.931,1.786
1776936997,54055228,robot_2,-2.865,-1.513
1776936997,54076431,robot_0,3.703,-3.328
1776936997,54086333,robot_4,-1.879,1.857
1776936997,54094400,robot_1,-0.319,3.797
1776936997,263615054,robot_3,0.823,-0.113
1776936997,263646158,robot_1,-0.228,3.806
1776936997,263663102,robot_4,-1.931,1.785
1776936997,474282702,robot_2,-2.865,-1.512
1776936997,474308231,robot_0,3.703,-3.327
1776936997,474317650,robot_4,-1.879,1.856
1776936997,474325000,robot_1,-0.320,3.797
1776936997,194415525,robot_2,-2.865,-1.513
1776936997,194439327,robot_0,3.703,-3.328
1776936997,194449640,robot_4,-1.879,1.856
1776936997,194458012,robot_1,-0.319,3.797
1776936997,402940941,robot_3,0.823,-0.113
1776936997,402960602,robot_1,-0.228,3.806
1776936997,402969313,robot_4,-1.931,1.785
