stamp_sec,stamp_nsec,robot,x,y
1777621800,999403762,robot_2,-3.250,-1.750
1777621800,999468983,robot_1,-2.357,-1.928
1777621800,999500728,robot_0,0.541,3.864
1777621801,409323705,robot_2,0.291,2.471
1777621801,409413706,robot_4,-0.158,-0.636
1777621801,409467194,robot_3,0.165,-4.006
1777621801,409511631,robot_0,3.500,-3.250
1777621803,127014662,robot_2,-3.250,-1.750
1777621803,127043976,robot_1,-2.357,-1.928
1777621803,127057405,robot_0,0.541,3.864
1777621803,346178925,robot_2,-3.250,-1.750
1777621803,346207328,robot_1,-2.357,-1.928
1777621803,346220139,robot_0,0.541,3.864
1777621803,563078204,robot_2,0.291,2.471
1777621803,563102661,robot_4,-0.159,-0.637
1777621803,563114167,robot_3,0.165,-4.005
1777621803,563124003,robot_0,3.499,-3.250
1777621803,765519070,robot_2,-3.250,-1.750
1777621803,765543797,robot_1,-2.357,-1.928
1777621803,765554206,robot_0,0.541,3.864
1777621803,982186037,robot_2,0.291,2.471
1777621803,982211138,robot_4,-0.158,-0.636
1777621803,982220864,robot_3,0.165,-4.006
1777621803,982229016,robot_0,3.500,-3.250
1777621804,185309915,robot_2,-3.250,-1.750
1777621804,185337063,robot_1,-2.357,-1.928
1777621804,185346858,robot_0,0.541,3.864
1777621804,385680582,robot_2,-3.250,-1.750
1777621804,385711705,robot_1,-2.357,-1.928
1777621804,385726778,robot_0,0.541,3.864
1777621804,586140304,robot_2,-3.250,-1.750
1777621804,586173646,robot_1,-2.357,-1.928
1777621804,586190876,robot_0,0.541,3.864
1777621804,802939020,robot_2,0.291,2.471
1777621804,802977647,robot_4,-0.158,-0.636
1777621804,802997437,robot_3,0.165,-4.006
1777621804,803014737,robot_0,3.500,-3.250
1777621805,3763483,robot_2,0.291,2.471
1777621805,3786893,robot_4,-0.158,-0.636
1777621805,3796047,robot_3,0.165,-4.006
1777621805,3804388,robot_0,3.500,-3.250
1777621805,205048935,robot_2,-3.250,-1.750
1777621805,205071190,robot_1,-2.357,-1.928
1777621805,205079410,robot_0,0.541,3.864
1777621805,405498998,robot_2,-3.250,-1.750
1777621805,405528643,robot_1,-2.357,-1.928
1777621805,405541704,robot_0,0.541,3.864
1777621805,605840976,robot_2,-3.250,-1.750
1777621805,605884601,robot_1,-2.357,-1.928
1777621805,605902356,robot_0,0.541,3.864
1777621805,821822032,robot_2,0.291,2.471
1777621805,821843769,robot_4,-0.158,-0.636
1777621805,821852483,robot_3,0.165,-4.006
1777621805,821859034,robot_0,3.500,-3.250
1777621806,22609336,robot_2,0.291,2.471
1777621806,22644487,robot_4,-0.158,-0.636
1777621806,22660454,robot_3,0.165,-4.006
1777621806,22674374,robot_0,3.500,-3.250
1777621806,225354708,robot_2,-3.250,-1.750
1777621806,225377174,robot_1,-2.357,-1.928
1777621806,225393273,robot_0,0.541,3.864
1777621806,425621773,robot_2,-3.250,-1.750
1777621806,425647111,robot_1,-2.357,-1.928
1777621806,425655429,robot_0,0.541,3.864
1777621806,625719783,robot_2,-3.250,-1.750
1777621806,625741761,robot_1,-2.357,-1.928
1777621806,625750137,robot_0,0.541,3.864
1777621806,842765949,robot_2,0.291,2.471
1777621806,842789137,robot_4,-0.158,-0.636
1777621806,842797984,robot_3,0.165,-4.006
1777621806,842805103,robot_0,3.500,-3.250
1777621807,45002540,robot_2,-3.250,-1.750
1777621807,45024562,robot_1,-2.357,-1.928
1777621807,45032753,robot_0,0.541,3.864
1777621807,245571799,robot_2,-3.250,-1.750
1777621807,245598604,robot_1,-2.357,-1.928
1777621807,245610096,robot_0,0.541,3.864
1777621807,445662840,robot_2,-3.250,-1.750
1777621807,445687694,robot_1,-2.357,-1.928
1777621807,445696681,robot_0,0.541,3.864
1777621807,662037977,robot_2,0.291,2.471
1777621807,662059789,robot_4,-0.158,-0.636
1777621807,662068461,robot_3,0.165,-4.006
1777621807,662086411,robot_0,3.500,-3.250
1777621807,865069042,robot_2,-3.250,-1.750
1777621807,865090357,robot_1,-2.357,-1.928
1777621807,865098233,robot_0,0.541,3.864
1777621808,65068168,robot_2,-3.250,-1.750
1777621808,65089725,robot_1,-2.357,-1.928
1777621808,65097604,robot_0,0.541,3.864
1777621808,265291914,robot_2,-3.250,-1.750
1777621808,265312163,robot_1,-2.357,-1.928
1777621808,265320211,robot_0,0.541,3.864
1777621808,465741290,robot_2,-3.250,-1.750
1777621808,465767329,robot_1,-2.357,-1.928
1777621808,465776420,robot_0,0.541,3.864
1777621808,682342265,robot_2,0.291,2.471
1777621808,682365286,robot_4,-0.158,-0.636
1777621808,682374461,robot_3,0.165,-4.006
1777621808,682385582,robot_0,3.500,-3.250
1777621808,883030442,robot_2,0.291,2.471
1777621808,883065877,robot_4,-0.158,-0.636
1777621808,883082126,robot_3,0.165,-4.006
1777621808,883094913,robot_0,3.500,-3.250
1777621809,85876421,robot_2,-3.250,-1.750
1777621809,85909955,robot_1,-2.357,-1.928
1777621809,85926743,robot_0,0.541,3.864
1777621809,302627548,robot_2,0.291,2.471
1777621809,302661417,robot_4,-0.158,-0.636
1777621809,302677210,robot_3,0.165,-4.006
1777621809,302690978,robot_0,3.500,-3.250
1777621809,505153196,robot_2,-3.250,-1.750
1777621809,505175059,robot_1,-2.357,-1.928
1777621809,505184045,robot_0,0.541,3.864
1777621809,722161039,robot_2,0.291,2.471
1777621809,722220105,robot_4,-0.158,-0.636
1777621809,722270067,robot_3,0.165,-4.006
1777621809,722289380,robot_0,3.500,-3.250
1777621809,924436951,robot_2,0.291,2.471
1777621809,924475245,robot_4,-0.158,-0.636
1777621809,924493048,robot_3,0.165,-4.006
1777621809,924508808,robot_0,3.500,-3.250
1777621810,125553379,robot_2,-3.250,-1.750
1777621810,125577602,robot_1,-2.357,-1.928
1777621810,125586497,robot_0,0.541,3.864
1777621810,342298665,robot_2,0.291,2.471
1777621810,342321879,robot_4,-0.158,-0.636
1777621810,342330509,robot_3,0.165,-4.006
1777621810,342337382,robot_0,3.500,-3.250
1777621810,542474961,robot_2,0.291,2.471
1777621810,542497662,robot_4,-0.158,-0.636
1777621810,542506624,robot_3,0.165,-4.006
1777621810,542514706,robot_0,3.500,-3.250
1777621810,745203021,robot_2,-3.250,-1.750
1777621810,745225869,robot_1,-2.357,-1.928
1777621810,745234412,robot_0,0.541,3.864
1777621810,945511861,robot_2,-3.250,-1.750
1777621810,945538419,robot_1,-2.357,-1.928
1777621810,945547938,robot_0,0.541,3.864
1777621811,161960762,robot_2,0.291,2.471
1777621811,161985759,robot_4,-0.158,-0.636
1777621811,161995705,robot_3,0.165,-4.006
1777621811,162003456,robot_0,3.500,-3.250
1777621811,362528636,robot_2,0.291,2.471
1777621811,362551496,robot_4,-0.158,-0.636
1777621811,362560824,robot_3,0.165,-4.006
1777621811,362568777,robot_0,3.500,-3.250
1777621811,564983688,robot_2,-3.250,-1.750
1777621811,565005202,robot_1,-2.357,-1.928
1777621811,565014117,robot_0,0.541,3.864
1777621811,765015575,robot_2,-3.250,-1.750
1777621811,765037929,robot_1,-2.357,-1.928
1777621811,765047461,robot_0,0.541,3.864
1777621811,965201098,robot_2,-3.250,-1.750
1777621811,965224131,robot_1,-2.357,-1.928
1777621811,965232629,robot_0,0.541,3.864
1777621812,181751355,robot_2,0.291,2.471
1777621812,181772170,robot_4,-0.158,-0.636
1777621812,181780148,robot_3,0.165,-4.006
1777621812,181787523,robot_0,3.500,-3.250
1777621812,381865700,robot_2,0.291,2.471
1777621812,381886917,robot_4,-0.158,-0.636
1777621812,381895045,robot_3,0.165,-4.006
1777621812,381902707,robot_0,3.500,-3.250
1777621812,585541048,robot_2,-3.250,-1.750
1777621812,585561964,robot_1,-2.357,-1.928
1777621812,585570559,robot_0,0.541,3.864
1777621812,803453248,robot_2,0.291,2.471
1777621812,803480267,robot_4,-0.158,-0.636
1777621812,803492046,robot_3,0.165,-4.006
1777621812,803503312,robot_0,3.500,-3.250
1777621813,5289249,robot_2,-3.250,-1.750
1777621813,5310228,robot_1,-2.357,-1.928
1777621813,5318828,robot_0,0.541,3.864
1777621813,221920749,robot_2,0.291,2.471
1777621813,221940795,robot_4,-0.158,-0.636
1777621813,221948675,robot_3,0.165,-4.006
1777621813,221956069,robot_0,3.500,-3.250
1777621813,422551412,robot_2,0.291,2.471
1777621813,422574244,robot_4,-0.158,-0.636
1777621813,422582867,robot_3,0.165,-4.006
1777621813,422589766,robot_0,3.500,-3.250
1777621813,625553257,robot_2,-3.250,-1.750
1777621813,625576804,robot_1,-2.357,-1.928
1777621813,625585432,robot_0,0.541,3.864
1777621813,826066905,robot_2,-3.250,-1.750
1777621813,826087427,robot_1,-2.357,-1.928
1777621813,826095536,robot_0,0.541,3.864
1777621814,42052442,robot_2,0.291,2.471
1777621814,42074928,robot_4,-0.158,-0.636
1777621814,42084952,robot_3,0.165,-4.006
1777621814,42092943,robot_0,3.500,-3.250
1777621814,245168878,robot_2,-3.250,-1.750
1777621814,245191496,robot_1,-2.357,-1.928
1777621814,245200339,robot_0,0.541,3.864
1777621814,445414480,robot_2,-3.250,-1.750
1777621814,445437804,robot_1,-2.357,-1.928
1777621814,445446218,robot_0,0.541,3.864
1777621814,662267930,robot_2,0.291,2.471
1777621814,662291997,robot_4,-0.158,-0.636
1777621814,662301666,robot_3,0.165,-4.006
1777621814,662309964,robot_0,3.500,-3.250
1777621814,864478742,robot_2,0.291,2.471
1777621814,864526665,robot_4,-0.158,-0.636
1777621814,864543216,robot_3,0.165,-4.006
1777621814,864557082,robot_0,3.500,-3.250
1777621815,64993145,robot_2,-3.250,-1.750
1777621815,65015083,robot_1,-2.357,-1.928
1777621815,65022880,robot_0,0.541,3.864
1777621815,265014923,robot_2,-3.250,-1.750
1777621815,265034802,robot_1,-2.357,-1.928
1777621815,265042660,robot_0,0.541,3.864
1777621815,465359396,robot_2,-3.250,-1.750
1777621815,465380620,robot_1,-2.357,-1.928
1777621815,465396623,robot_0,0.541,3.864
1777621815,682100036,robot_2,0.291,2.471
1777621815,682122504,robot_4,-0.158,-0.636
1777621815,682130321,robot_3,0.165,-4.006
1777621815,682136799,robot_0,3.500,-3.250
1777621815,882905876,robot_2,0.291,2.471
1777621815,882928894,robot_4,-0.158,-0.636
1777621815,882937261,robot_3,0.165,-4.006
1777621815,882943577,robot_0,3.500,-3.250
1777621816,85027738,robot_2,-3.250,-1.750
1777621816,85049001,robot_1,-2.357,-1.928
1777621816,85056785,robot_0,0.541,3.864
1777621816,285448318,robot_2,-3.250,-1.750
1777621816,285471887,robot_1,-2.357,-1.928
1777621816,285481517,robot_0,0.541,3.864
1777621816,502810198,robot_2,0.291,2.471
1777621816,502835070,robot_4,-0.158,-0.636
1777621816,502844764,robot_3,0.165,-4.006
1777621816,502852262,robot_0,3.500,-3.250
1777621816,705118198,robot_2,-3.250,-1.750
1777621816,705139534,robot_1,-2.357,-1.928
1777621816,705148512,robot_0,0.541,3.864
1777621816,922448138,robot_2,0.291,2.471
1777621816,922473600,robot_4,-0.158,-0.636
1777621816,922482146,robot_3,0.165,-4.006
1777621816,922489075,robot_0,3.500,-3.250
1777621817,122717314,robot_2,0.291,2.471
1777621817,122740526,robot_4,-0.158,-0.636
1777621817,122749854,robot_3,0.165,-4.006
1777621817,122757006,robot_0,3.500,-3.250
1777621817,325021686,robot_2,-3.250,-1.750
1777621817,325043045,robot_1,-2.357,-1.928
1777621817,325051308,robot_0,0.541,3.864
1777621817,525088372,robot_2,-3.250,-1.750
1777621817,525110221,robot_1,-2.357,-1.928
1777621817,525118456,robot_0,0.541,3.864
1777621817,741889596,robot_2,0.291,2.471
1777621817,741912273,robot_4,-0.158,-0.636
1777621817,741920676,robot_3,0.165,-4.006
1777621817,741928012,robot_0,3.500,-3.250
1777621817,942962778,robot_2,0.291,2.471
1777621817,942988741,robot_4,-0.158,-0.636
1777621817,942997898,robot_3,0.165,-4.006
1777621817,943004279,robot_0,3.500,-3.250
1777621818,145296568,robot_2,-3.250,-1.750
1777621818,145318031,robot_1,-2.357,-1.928
1777621818,145326515,robot_0,0.541,3.864
1777621818,362070890,robot_2,0.291,2.471
1777621818,362091278,robot_4,-0.158,-0.636
1777621818,362099039,robot_3,0.165,-4.006
1777621818,362106088,robot_0,3.500,-3.250
1777621818,564920047,robot_2,-3.250,-1.750
1777621818,564939517,robot_1,-2.357,-1.928
1777621818,564947702,robot_0,0.541,3.864
1777621818,765067421,robot_2,-3.250,-1.750
1777621818,765089010,robot_1,-2.357,-1.928
1777621818,765097759,robot_0,0.541,3.864
1777621818,982006994,robot_2,0.291,2.471
1777621818,982031579,robot_4,-0.158,-0.636
1777621818,982041984,robot_3,0.165,-4.006
1777621818,982050135,robot_0,3.500,-3.250
1777621819,182075872,robot_2,0.291,2.471
1777621819,182097362,robot_4,-0.158,-0.636
1777621819,182105621,robot_3,0.165,-4.006
1777621819,182112019,robot_0,3.500,-3.250
1777621819,382121757,robot_2,0.291,2.471
1777621819,382141900,robot_4,-0.158,-0.636
1777621819,382149378,robot_3,0.165,-4.006
1777621819,382155431,robot_0,3.500,-3.250
1777621819,582227036,robot_2,0.291,2.471
1777621819,582261335,robot_4,-0.158,-0.636
1777621819,582278251,robot_3,0.165,-4.006
1777621819,582292402,robot_0,3.500,-3.250
1777621819,783274366,robot_2,0.291,2.471
1777621819,783298219,robot_4,-0.158,-0.636
1777621819,783307299,robot_3,0.165,-4.006
1777621819,783314225,robot_0,3.500,-3.250
1777621819,985450601,robot_2,-3.250,-1.750
1777621819,985471758,robot_1,-2.357,-1.928
1777621819,985479476,robot_0,0.541,3.864
1777621820,185815458,robot_2,-3.250,-1.750
1777621820,185837311,robot_1,-2.357,-1.928
1777621820,185846306,robot_0,0.541,3.864
1777621820,402906904,robot_2,0.291,2.471
1777621820,402941704,robot_4,-0.158,-0.636
1777621820,402959251,robot_3,0.165,-4.006
1777621820,402973360,robot_0,3.500,-3.250
1777621820,603763869,robot_2,0.291,2.471
1777621820,603788925,robot_4,-0.158,-0.636
1777621820,603797233,robot_3,0.165,-4.006
1777621820,603804566,robot_0,3.500,-3.250
1777621820,805012879,robot_2,-3.250,-1.750
1777621820,805034319,robot_1,-2.357,-1.928
1777621820,805042287,robot_0,0.541,3.864
1777621821,5160031,robot_2,-3.250,-1.750
1777621821,5182686,robot_1,-2.357,-1.928
1777621821,5191419,robot_0,0.541,3.864
1777621821,221935344,robot_2,0.291,2.471
1777621821,221956770,robot_4,-0.158,-0.636
1777621821,221964948,robot_3,0.165,-4.006
1777621821,221972025,robot_0,3.500,-3.250
1777621821,422243810,robot_2,0.291,2.471
1777621821,422267784,robot_4,-0.158,-0.636
1777621821,422276280,robot_3,0.165,-4.006
1777621821,422283101,robot_0,3.500,-3.250
1777621821,623046480,robot_2,0.291,2.471
1777621821,623069735,robot_4,-0.158,-0.636
1777621821,623078576,robot_3,0.165,-4.006
1777621821,623085510,robot_0,3.500,-3.250
1777621821,825142320,robot_2,-3.250,-1.750
1777621821,825162901,robot_1,-2.357,-1.928
1777621821,825170958,robot_0,0.541,3.864
1777621822,25169582,robot_2,-3.250,-1.750
1777621822,25193005,robot_1,-2.357,-1.928
1777621822,25201442,robot_0,0.541,3.864
1777621822,225436022,robot_2,-3.250,-1.750
1777621822,225457372,robot_1,-2.357,-1.928
1777621822,225465398,robot_0,0.541,3.864
1777621822,442714154,robot_2,0.291,2.471
1777621822,442737758,robot_4,-0.158,-0.636
1777621822,442745951,robot_3,0.165,-4.006
1777621822,442753233,robot_0,3.500,-3.250
1777621822,645111717,robot_2,-3.250,-1.750
1777621822,645133701,robot_1,-2.357,-1.928
1777621822,645141942,robot_0,0.541,3.864
1777621822,845579134,robot_2,-3.250,-1.750
1777621822,845600045,robot_1,-2.357,-1.928
1777621822,845608026,robot_0,0.541,3.864
1777621823,62437893,robot_2,0.291,2.471
1777621823,62461894,robot_4,-0.158,-0.636
1777621823,62472375,robot_3,0.165,-4.006
1777621823,62480652,robot_0,3.500,-3.250
1777621823,265379319,robot_2,-3.250,-1.750
1777621823,265411720,robot_1,-2.357,-1.928
1777621823,265421436,robot_0,0.541,3.864
1777621823,465558867,robot_2,-3.250,-1.750
1777621823,465582435,robot_1,-2.357,-1.928
1777621823,465591931,robot_0,0.541,3.864
1777621823,682254543,robot_2,0.291,2.471
1777621823,682283991,robot_4,-0.158,-0.636
1777621823,682297275,robot_3,0.165,-4.006
1777621823,682305200,robot_0,3.500,-3.250
1777621823,885820005,robot_2,-3.250,-1.750
1777621823,885841859,robot_1,-2.357,-1.928
1777621823,885850637,robot_0,0.541,3.864
1777621824,86807730,robot_2,-3.250,-1.750
1777621824,86840757,robot_1,-2.357,-1.928
1777621824,86856802,robot_0,0.541,3.864
1777621824,302556068,robot_2,0.291,2.471
1777621824,302583977,robot_4,-0.158,-0.636
1777621824,302596306,robot_3,0.165,-4.006
1777621824,302606568,robot_0,3.500,-3.250
1777621824,503099738,robot_2,0.291,2.471
1777621824,503119949,robot_4,-0.158,-0.636
1777621824,503128284,robot_3,0.165,-4.006
1777621824,503135462,robot_0,3.500,-3.250
1777621824,703195634,robot_2,0.291,2.471
1777621824,703219712,robot_4,-0.158,-0.636
1777621824,703228677,robot_3,0.165,-4.006
1777621824,703236510,robot_0,3.500,-3.250
1777621824,905165413,robot_2,-3.250,-1.750
1777621824,905187983,robot_1,-2.357,-1.928
1777621824,905196493,robot_0,0.541,3.864
1777621825,105407583,robot_2,-3.250,-1.750
1777621825,105429945,robot_1,-2.357,-1.928
1777621825,105437968,robot_0,0.541,3.864
1777621825,322196181,robot_2,0.291,2.471
1777621825,322218010,robot_4,-0.158,-0.636
1777621825,322227219,robot_3,0.165,-4.006
1777621825,322234004,robot_0,3.500,-3.250
1777621825,525237702,robot_2,-3.250,-1.750
1777621825,525258580,robot_1,-2.357,-1.928
1777621825,525266337,robot_0,0.541,3.864
1777621825,742560714,robot_2,0.291,2.471
1777621825,742584967,robot_4,-0.158,-0.636
1777621825,742595081,robot_3,0.165,-4.006
1777621825,742603377,robot_0,3.500,-3.250
1777621825,942794314,robot_2,0.291,2.471
1777621825,942817847,robot_4,-0.158,-0.636
1777621825,942826743,robot_3,0.165,-4.006
1777621825,942833614,robot_0,3.500,-3.250
1777621826,145123328,robot_2,-3.250,-1.750
1777621826,145144977,robot_1,-2.357,-1.928
1777621826,145153451,robot_0,0.541,3.864
1777621826,345294805,robot_2,-3.250,-1.750
1777621826,345315638,robot_1,-2.357,-1.928
1777621826,345323671,robot_0,0.541,3.864
1777621826,561823069,robot_2,0.291,2.471
1777621826,561845315,robot_4,-0.158,-0.636
1777621826,561854593,robot_3,0.165,-4.006
1777621826,561862107,robot_0,3.500,-3.250
1777621826,765090928,robot_2,-3.250,-1.750
1777621826,765110649,robot_1,-2.357,-1.928
1777621826,765118484,robot_0,0.541,3.864
1777621826,965454724,robot_2,-3.250,-1.750
1777621826,965477146,robot_1,-2.357,-1.928
1777621826,965485318,robot_0,0.541,3.864
1777621827,181848695,robot_2,0.291,2.471
1777621827,181869301,robot_4,-0.158,-0.636
1777621827,181877715,robot_3,0.165,-4.006
1777621827,181884884,robot_0,3.500,-3.250
1777621827,381944177,robot_2,0.291,2.471
1777621827,381967964,robot_4,-0.158,-0.636
1777621827,381978420,robot_3,0.165,-4.006
1777621827,381987620,robot_0,3.500,-3.250
1777621827,585294114,robot_2,-3.250,-1.750
1777621827,585315431,robot_1,-2.357,-1.928
1777621827,585323643,robot_0,0.541,3.864
1777621827,785671421,robot_2,-3.250,-1.750
1777621827,785703575,robot_1,-2.357,-1.928
1777621827,785719178,robot_0,0.541,3.864
1777621827,986245666,robot_2,-3.250,-1.750
1777621827,986268731,robot_1,-2.357,-1.928
1777621827,986277380,robot_0,0.541,3.864
1777621828,202129872,robot_2,0.291,2.471
1777621828,202153436,robot_4,-0.158,-0.636
1777621828,202161837,robot_3,0.165,-4.006
1777621828,202168240,robot_0,3.500,-3.250
1777621828,402814785,robot_2,0.291,2.471
1777621828,402835471,robot_4,-0.158,-0.636
1777621828,402844371,robot_3,0.165,-4.006
1777621828,402851380,robot_0,3.500,-3.250
1777621828,602978501,robot_2,0.291,2.471
1777621828,603001696,robot_4,-0.158,-0.636
1777621828,603011063,robot_3,0.165,-4.006
1777621828,603018860,robot_0,3.500,-3.250
1777621828,805399639,robot_2,-3.250,-1.750
1777621828,805432863,robot_1,-2.357,-1.928
1777621828,805449374,robot_0,0.541,3.864
1777621829,5618602,robot_2,-3.250,-1.750
1777621829,5651122,robot_1,-2.357,-1.928
1777621829,5667155,robot_0,0.541,3.864
1777621829,222755567,robot_2,0.291,2.471
1777621829,222776673,robot_4,-0.158,-0.636
1777621829,222785156,robot_3,0.165,-4.006
1777621829,222792297,robot_0,3.500,-3.250
1777621829,425631899,robot_2,-3.250,-1.750
1777621829,425662410,robot_1,-2.357,-1.928
1777621829,425674369,robot_0,0.541,3.864
1777621829,642810042,robot_2,0.291,2.471
1777621829,642835311,robot_4,-0.158,-0.636
1777621829,642844897,robot_3,0.165,-4.006
1777621829,642852576,robot_0,3.500,-3.250
1777621829,845398918,robot_2,-3.250,-1.750
1777621829,845421752,robot_1,-2.357,-1.928
1777621829,845430893,robot_0,0.541,3.864
1777621830,45451204,robot_2,-3.250,-1.750
1777621830,45474755,robot_1,-2.357,-1.928
1777621830,45484038,robot_0,0.541,3.864
1777621830,262090490,robot_2,0.291,2.471
1777621830,262113294,robot_4,-0.158,-0.636
1777621830,262122587,robot_3,0.165,-4.006
1777621830,262129162,robot_0,3.500,-3.250
1777621830,462516157,robot_2,0.291,2.471
1777621830,462538547,robot_4,-0.158,-0.636
1777621830,462547794,robot_3,0.165,-4.006
1777621830,462554964,robot_0,3.500,-3.250
1777621830,665107452,robot_2,-3.250,-1.750
1777621830,665130029,robot_1,-2.357,-1.928
1777621830,665139036,robot_0,0.541,3.864
1777621830,865123660,robot_2,-3.250,-1.750
1777621830,865145998,robot_1,-2.357,-1.928
1777621830,865154863,robot_0,0.541,3.864
1777621831,65270842,robot_2,-3.250,-1.750
1777621831,65292294,robot_1,-2.357,-1.928
1777621831,65301175,robot_0,0.541,3.864
1777621831,281825174,robot_2,0.291,2.471
1777621831,281847681,robot_4,-0.158,-0.636
1777621831,281856698,robot_3,0.165,-4.006
1777621831,281864161,robot_0,3.500,-3.250
1777621831,481977974,robot_2,0.291,2.471
1777621831,481999412,robot_4,-0.158,-0.636
1777621831,482008413,robot_3,0.165,-4.006
1777621831,482015707,robot_0,3.500,-3.250
1777621831,685114363,robot_2,-3.250,-1.750
1777621831,685137527,robot_1,-2.357,-1.928
1777621831,685146002,robot_0,0.541,3.864
1777621831,885636237,robot_2,-3.250,-1.750
1777621831,885658740,robot_1,-2.357,-1.928
1777621831,885667623,robot_0,0.541,3.864
1777621832,102889223,robot_2,0.291,2.471
1777621832,102927306,robot_4,-0.158,-0.636
1777621832,102944888,robot_3,0.165,-4.006
1777621832,102960122,robot_0,3.500,-3.250
1777621832,305376232,robot_2,-3.250,-1.750
1777621832,305413783,robot_1,-2.357,-1.928
1777621832,305430004,robot_0,0.541,3.864
1777621832,522677343,robot_2,0.291,2.471
1777621832,522707926,robot_4,-0.158,-0.636
1777621832,522721668,robot_3,0.165,-4.006
1777621832,522732878,robot_0,3.500,-3.250
1777621832,725308009,robot_2,-3.250,-1.750
1777621832,725328580,robot_1,-2.357,-1.928
1777621832,725336652,robot_0,0.541,3.864
1777621832,925369229,robot_2,-3.250,-1.750
1777621832,925396943,robot_1,-2.357,-1.928
1777621832,925405515,robot_0,0.541,3.864
1777621833,125732690,robot_2,-3.250,-1.750
1777621833,125754390,robot_1,-2.357,-1.928
1777621833,125762925,robot_0,0.541,3.864
1777621833,342134231,robot_2,0.291,2.471
1777621833,342155700,robot_4,-0.158,-0.636
1777621833,342164302,robot_3,0.165,-4.006
1777621833,342170526,robot_0,3.500,-3.250
1777621833,545575932,robot_2,-3.250,-1.750
1777621833,545596182,robot_1,-2.357,-1.928
1777621833,545603889,robot_0,0.541,3.864
1777621833,762143101,robot_2,0.291,2.471
1777621833,762169535,robot_4,-0.158,-0.636
1777621833,762180800,robot_3,0.165,-4.006
1777621833,762189681,robot_0,3.500,-3.250
1777621833,965069820,robot_2,-3.250,-1.750
1777621833,965092389,robot_1,-2.357,-1.928
1777621833,965101224,robot_0,0.541,3.864
1777621834,165202251,robot_2,-3.250,-1.750
1777621834,165223288,robot_1,-2.357,-1.928
1777621834,165231885,robot_0,0.541,3.864
1777621834,365433691,robot_2,-3.250,-1.750
1777621834,365454872,robot_1,-2.357,-1.928
1777621834,365462462,robot_0,0.541,3.864
1777621834,582121869,robot_2,0.291,2.471
1777621834,582142256,robot_4,-0.158,-0.636
1777621834,582150416,robot_3,0.165,-4.006
1777621834,582156728,robot_0,3.500,-3.250
1777621834,785605588,robot_2,-3.250,-1.750
1777621834,785625187,robot_1,-2.357,-1.928
1777621834,785632933,robot_0,0.541,3.864
1777621834,985616640,robot_2,-3.250,-1.750
1777621834,985640432,robot_1,-2.357,-1.928
1777621834,985650122,robot_0,0.541,3.864
1777621835,201875927,robot_2,0.291,2.471
1777621835,201900884,robot_4,-0.158,-0.636
1777621835,201911846,robot_3,0.165,-4.006
1777621835,201921159,robot_0,3.500,-3.250
1777621835,402962963,robot_2,0.291,2.471
1777621835,402997036,robot_4,-0.158,-0.636
1777621835,403012830,robot_3,0.165,-4.006
1777621835,403027679,robot_0,3.500,-3.250
1777621835,603003750,robot_2,0.291,2.471
1777621835,603030681,robot_4,-0.158,-0.636
1777621835,603039430,robot_3,0.165,-4.006
1777621835,603045675,robot_0,3.500,-3.250
1777621835,804987126,robot_2,-3.250,-1.750
1777621835,805008799,robot_1,-2.357,-1.928
1777621835,805017306,robot_0,0.541,3.864
1777621836,5526026,robot_2,-3.250,-1.750
1777621836,5547538,robot_1,-2.357,-1.928
1777621836,5555979,robot_0,0.541,3.864
1777621836,222418960,robot_2,0.291,2.471
1777621836,222441881,robot_4,-0.158,-0.636
1777621836,222452013,robot_3,0.165,-4.006
1777621836,222459703,robot_0,3.500,-3.250
1777621836,422626533,robot_2,0.291,2.471
1777621836,422651826,robot_4,-0.158,-0.636
1777621836,422662108,robot_3,0.165,-4.006
1777621836,422670766,robot_0,3.500,-3.250
1777621836,623589445,robot_2,0.291,2.471
1777621836,623637372,robot_4,-0.158,-0.636
1777621836,623658124,robot_3,0.165,-4.006
1777621836,623674170,robot_0,3.500,-3.250
1777621836,825019274,robot_2,-3.250,-1.750
1777621836,825041191,robot_1,-2.357,-1.928
1777621836,825049473,robot_0,0.541,3.864
1777621837,25041747,robot_2,-3.250,-1.750
1777621837,25063296,robot_1,-2.357,-1.928
1777621837,25071429,robot_0,0.541,3.864
1777621837,225052000,robot_2,-3.250,-1.750
1777621837,225073492,robot_1,-2.357,-1.928
1777621837,225081703,robot_0,0.541,3.864
1777621837,425906093,robot_2,-3.250,-1.750
1777621837,425943136,robot_1,-2.357,-1.928
1777621837,425960673,robot_0,0.541,3.864
1777621837,642032095,robot_2,0.291,2.471
1777621837,642054853,robot_4,-0.158,-0.636
1777621837,642063840,robot_3,0.165,-4.006
1777621837,642070831,robot_0,3.500,-3.250
1777621837,842191276,robot_2,0.291,2.471
1777621837,842212267,robot_4,-0.158,-0.636
1777621837,842220871,robot_3,0.165,-4.006
1777621837,842227933,robot_0,3.500,-3.250
1777621838,45004847,robot_2,-3.250,-1.750
1777621838,45025572,robot_1,-2.357,-1.928
1777621838,45033546,robot_0,0.541,3.864
1777621838,245414075,robot_2,-3.250,-1.750
1777621838,245436173,robot_1,-2.357,-1.928
1777621838,245444186,robot_0,0.541,3.864
1777621838,445722230,robot_2,-3.250,-1.750
1777621838,445745227,robot_1,-2.357,-1.928
1777621838,445752814,robot_0,0.541,3.864
1777621838,662131014,robot_2,0.291,2.471
1777621838,662155513,robot_4,-0.158,-0.636
1777621838,662164326,robot_3,0.165,-4.006
1777621838,662171982,robot_0,3.500,-3.250
1777621838,865127729,robot_2,-3.250,-1.750
1777621838,865150239,robot_1,-2.357,-1.928
1777621838,865159419,robot_0,0.541,3.864
1777621839,65294944,robot_2,-3.250,-1.750
1777621839,65317926,robot_1,-2.357,-1.928
1777621839,65327074,robot_0,0.541,3.864
1777621839,265372971,robot_2,-3.250,-1.750
1777621839,265403731,robot_1,-2.357,-1.928
1777621839,265414269,robot_0,0.541,3.864
1777621839,482477516,robot_2,0.291,2.471
1777621839,482500720,robot_4,-0.158,-0.636
1777621839,482509808,robot_3,0.165,-4.006
1777621839,482516747,robot_0,3.500,-3.250
1777621839,685541121,robot_2,-3.250,-1.750
1777621839,685573253,robot_1,-2.357,-1.928
1777621839,685589109,robot_0,0.541,3.864
1777621839,885748030,robot_2,-3.250,-1.750
1777621839,885806035,robot_1,-2.357,-1.928
1777621839,885845175,robot_0,0.541,3.864
1777621840,86756254,robot_2,-3.250,-1.750
1777621840,86783019,robot_1,-2.357,-1.928
1777621840,86792997,robot_0,0.541,3.864
1777621840,302085115,robot_2,0.291,2.471
1777621840,302107568,robot_4,-0.158,-0.636
1777621840,302116947,robot_3,0.165,-4.006
1777621840,302124220,robot_0,3.500,-3.250
1777621840,502159266,robot_2,0.291,2.471
1777621840,502182503,robot_4,-0.158,-0.636
1777621840,502191810,robot_3,0.165,-4.006
1777621840,502199159,robot_0,3.500,-3.250
1777621840,702933845,robot_2,0.291,2.471
1777621840,702969259,robot_4,-0.158,-0.636
1777621840,702986062,robot_3,0.165,-4.006
1777621840,703000148,robot_0,3.500,-3.250
1777621840,905072475,robot_2,-3.250,-1.750
1777621840,905094328,robot_1,-2.357,-1.928
1777621840,905102562,robot_0,0.541,3.864
1777621841,105618252,robot_2,-3.250,-1.750
1777621841,105639207,robot_1,-2.357,-1.928
1777621841,105646670,robot_0,0.541,3.864
1777621841,322137515,robot_2,0.291,2.471
1777621841,322162728,robot_4,-0.158,-0.636
1777621841,322173020,robot_3,0.165,-4.006
1777621841,322181401,robot_0,3.500,-3.250
1777621841,522670688,robot_2,0.291,2.471
1777621841,522704513,robot_4,-0.158,-0.636
1777621841,522720120,robot_3,0.165,-4.006
1777621841,522733619,robot_0,3.500,-3.250
1777621841,722944746,robot_2,0.291,2.471
1777621841,722974221,robot_4,-0.158,-0.636
1777621841,722988133,robot_3,0.165,-4.006
1777621841,722998678,robot_0,3.500,-3.250
1777621841,925324406,robot_2,-3.250,-1.750
1777621841,925348838,robot_1,-2.357,-1.928
1777621841,925357203,robot_0,0.541,3.864
1777621842,125957695,robot_2,-3.250,-1.750
1777621842,125980968,robot_1,-2.357,-1.928
1777621842,125989688,robot_0,0.541,3.864
1777621842,341743432,robot_2,0.291,2.471
1777621842,341763516,robot_4,-0.158,-0.636
1777621842,341772183,robot_3,0.165,-4.006
1777621842,341779060,robot_0,3.500,-3.250
1777621842,542043480,robot_2,0.291,2.471
1777621842,542066343,robot_4,-0.158,-0.636
1777621842,542074883,robot_3,0.165,-4.006
1777621842,542082332,robot_0,3.500,-3.250
1777621842,745246160,robot_2,-3.250,-1.750
1777621842,745266822,robot_1,-2.357,-1.928
1777621842,745274508,robot_0,0.541,3.864
1777621842,945321948,robot_2,-3.250,-1.750
1777621842,945343647,robot_1,-2.357,-1.928
1777621842,945352612,robot_0,0.541,3.864
1777621843,162273075,robot_2,0.291,2.471
1777621843,162294436,robot_4,-0.158,-0.636
1777621843,162303358,robot_3,0.165,-4.006
1777621843,162310410,robot_0,3.500,-3.250
1777621843,364893273,robot_2,-3.250,-1.750
1777621843,364913245,robot_1,-2.357,-1.928
1777621843,364921288,robot_0,0.541,3.864
1777621843,565275806,robot_2,-3.250,-1.750
1777621843,565297140,robot_1,-2.357,-1.928
1777621843,565305558,robot_0,0.541,3.864
1777621843,782014496,robot_2,0.291,2.471
1777621843,782037525,robot_4,-0.158,-0.636
1777621843,782047078,robot_3,0.165,-4.006
1777621843,782054892,robot_0,3.500,-3.250
1777621843,986556014,robot_2,-3.250,-1.750
1777621843,986592316,robot_1,-2.357,-1.928
1777621843,986608544,robot_0,0.541,3.864
1777621844,202339883,robot_2,0.291,2.471
1777621844,202363947,robot_4,-0.158,-0.636
1777621844,202373650,robot_3,0.165,-4.006
1777621844,202381050,robot_0,3.500,-3.250
1777621844,402501464,robot_2,0.291,2.471
1777621844,402542885,robot_4,-0.158,-0.636
1777621844,402564776,robot_3,0.165,-4.006
1777621844,402582895,robot_0,3.500,-3.250
1777621844,603066726,robot_2,0.291,2.471
1777621844,603092325,robot_4,-0.158,-0.636
1777621844,603101067,robot_3,0.165,-4.006
1777621844,603108205,robot_0,3.500,-3.250
1777621844,805270912,robot_2,-3.250,-1.750
1777621844,805292862,robot_1,-2.357,-1.928
1777621844,805301877,robot_0,0.541,3.864
1777621845,5481930,robot_2,-3.250,-1.750
1777621845,5514626,robot_1,-2.357,-1.928
1777621845,5532096,robot_0,0.541,3.864
1777621845,221827921,robot_2,0.291,2.471
1777621845,221850534,robot_4,-0.158,-0.636
1777621845,221859473,robot_3,0.165,-4.006
1777621845,221867330,robot_0,3.500,-3.250
1777621845,423045165,robot_2,0.291,2.471
1777621845,423083242,robot_4,-0.158,-0.636
1777621845,423099574,robot_3,0.165,-4.006
1777621845,423114323,robot_0,3.500,-3.250
1777621845,625407009,robot_2,-3.250,-1.750
1777621845,625430662,robot_1,-2.357,-1.928
1777621845,625439425,robot_0,0.541,3.864
1777621845,825456737,robot_2,-3.250,-1.750
1777621845,825500143,robot_1,-2.357,-1.928
1777621845,825517034,robot_0,0.541,3.864
1777621846,25510961,robot_2,-3.250,-1.750
1777621846,25544669,robot_1,-2.357,-1.928
1777621846,25560253,robot_0,0.541,3.864
1777621846,242233207,robot_2,0.291,2.471
1777621846,242264607,robot_4,-0.158,-0.636
1777621846,242278849,robot_3,0.165,-4.006
1777621846,242290827,robot_0,3.500,-3.250
1777621846,442338093,robot_2,0.291,2.471
1777621846,442362784,robot_4,-0.158,-0.636
1777621846,442371100,robot_3,0.165,-4.006
1777621846,442377546,robot_0,3.500,-3.250
1777621846,642464972,robot_2,0.291,2.471
1777621846,642498920,robot_4,-0.158,-0.636
1777621846,642515426,robot_3,0.165,-4.006
1777621846,642529326,robot_0,3.500,-3.250
1777621846,845086424,robot_2,-3.250,-1.750
1777621846,845112707,robot_1,-2.357,-1.928
1777621846,845122109,robot_0,0.541,3.864
1777621847,45183314,robot_2,-3.250,-1.750
1777621847,45204429,robot_1,-2.357,-1.928
1777621847,45212500,robot_0,0.541,3.864
1777621847,261871236,robot_2,0.291,2.471
1777621847,261892351,robot_4,-0.158,-0.636
1777621847,261901241,robot_3,0.165,-4.006
1777621847,261907562,robot_0,3.500,-3.250
1777621847,462256377,robot_2,0.291,2.471
1777621847,462280576,robot_4,-0.158,-0.636
1777621847,462289242,robot_3,0.165,-4.006
1777621847,462296262,robot_0,3.500,-3.250
1777621847,665299082,robot_2,-3.250,-1.750
1777621847,665320736,robot_1,-2.357,-1.928
1777621847,665329494,robot_0,0.541,3.864
1777621847,882573691,robot_2,0.291,2.471
1777621847,882594594,robot_4,-0.158,-0.636
1777621847,882602784,robot_3,0.165,-4.006
1777621847,882609606,robot_0,3.500,-3.250
1777621848,85989719,robot_2,-3.250,-1.750
1777621848,86011989,robot_1,-2.357,-1.928
1777621848,86020473,robot_0,0.541,3.864
1777621848,302637325,robot_2,0.291,2.471
1777621848,302659135,robot_4,-0.158,-0.636
1777621848,302666762,robot_3,0.165,-4.006
1777621848,302673124,robot_0,3.500,-3.250
1777621848,502730578,robot_2,0.291,2.471
1777621848,502765443,robot_4,-0.158,-0.636
1777621848,502781804,robot_3,0.165,-4.006
1777621848,502796085,robot_0,3.500,-3.250
1777621848,702727242,robot_2,0.291,2.471
1777621848,702756848,robot_4,-0.158,-0.636
1777621848,702770035,robot_3,0.165,-4.006
1777621848,702781105,robot_0,3.500,-3.250
1777621848,905034344,robot_2,-3.250,-1.750
1777621848,905055990,robot_1,-2.357,-1.928
1777621848,905063842,robot_0,0.541,3.864
1777621849,105303607,robot_2,-3.250,-1.750
1777621849,105325363,robot_1,-2.357,-1.928
1777621849,105334003,robot_0,0.541,3.864
1777621849,321754847,robot_2,0.291,2.471
1777621849,321776122,robot_4,-0.158,-0.636
1777621849,321784991,robot_3,0.165,-4.006
1777621849,321791668,robot_0,3.500,-3.250
1777621849,522114150,robot_2,0.291,2.471
1777621849,522135394,robot_4,-0.158,-0.636
1777621849,522144024,robot_3,0.165,-4.006
1777621849,522151596,robot_0,3.500,-3.250
1777621849,722171684,robot_2,0.291,2.471
1777621849,722193383,robot_4,-0.158,-0.636
1777621849,722202166,robot_3,0.165,-4.006
1777621849,722209154,robot_0,3.500,-3.250
1777621849,923219866,robot_2,0.291,2.471
1777621849,923257313,robot_4,-0.158,-0.636
1777621849,923274769,robot_3,0.165,-4.006
1777621849,923289532,robot_0,3.500,-3.250
1777621850,126328683,robot_2,-3.250,-1.750
1777621850,126397895,robot_1,-2.357,-1.928
1777621850,126429545,robot_0,0.541,3.864
1777621850,341830998,robot_2,0.291,2.471
1777621850,341851764,robot_4,-0.158,-0.636
1777621850,341860956,robot_3,0.165,-4.006
1777621850,341868033,robot_0,3.500,-3.250
1777621850,542071850,robot_2,0.291,2.471
1777621850,542099396,robot_4,-0.158,-0.636
1777621850,542113181,robot_3,0.165,-4.006
1777621850,542125916,robot_0,3.500,-3.250
1777621850,745079870,robot_2,-3.250,-1.750
1777621850,745101278,robot_1,-2.357,-1.928
1777621850,745109557,robot_0,0.541,3.864
1777621850,945373340,robot_2,-3.250,-1.750
1777621850,945402374,robot_1,-2.357,-1.928
1777621850,945411169,robot_0,0.541,3.864
1777621851,162164233,robot_2,0.291,2.471
1777621851,162190175,robot_4,-0.158,-0.636
1777621851,162200018,robot_3,0.165,-4.006
1777621851,162211817,robot_0,3.500,-3.250
1777621851,362422995,robot_2,0.291,2.471
1777621851,362445507,robot_4,-0.158,-0.636
1777621851,362454792,robot_3,0.165,-4.006
1777621851,362461214,robot_0,3.500,-3.250
1777621851,566137292,robot_2,-3.250,-1.750
1777621851,566191165,robot_1,-2.357,-1.928
1777621851,566213238,robot_0,0.541,3.864
1777621851,781772288,robot_2,0.291,2.471
1777621851,781794596,robot_4,-0.158,-0.636
1777621851,781803969,robot_3,0.165,-4.006
1777621851,781810703,robot_0,3.500,-3.250
1777621851,982321308,robot_2,0.291,2.471
1777621851,982344913,robot_4,-0.158,-0.636
1777621851,982353256,robot_3,0.165,-4.006
1777621851,982359743,robot_0,3.500,-3.250
1777621852,185376806,robot_2,-3.250,-1.750
1777621852,185407447,robot_1,-2.357,-1.928
1777621852,185417620,robot_0,0.541,3.864
1777621852,385423182,robot_2,-3.250,-1.750
1777621852,385456221,robot_1,-2.357,-1.928
1777621852,385472549,robot_0,0.541,3.864
1777621852,603141183,robot_2,0.291,2.471
1777621852,603164691,robot_4,-0.158,-0.636
1777621852,603173884,robot_3,0.165,-4.006
1777621852,603181862,robot_0,3.500,-3.250
1777621852,803330628,robot_2,0.291,2.471
1777621852,803363802,robot_4,-0.158,-0.636
1777621852,803380970,robot_3,0.165,-4.006
1777621852,803399478,robot_0,3.500,-3.250
1777621853,5149409,robot_2,-3.250,-1.750
1777621853,5171905,robot_1,-2.357,-1.928
1777621853,5180851,robot_0,0.541,3.864
1777621853,222629640,robot_2,0.291,2.471
1777621853,222665285,robot_4,-0.158,-0.636
1777621853,222681593,robot_3,0.165,-4.006
1777621853,222694492,robot_0,3.500,-3.250
1777621853,425278575,robot_2,-3.250,-1.750
1777621853,425312110,robot_1,-2.357,-1.928
1777621853,425323451,robot_0,0.541,3.864
1777621853,625373319,robot_2,-3.250,-1.750
1777621853,625401882,robot_1,-2.357,-1.928
1777621853,625410080,robot_0,0.541,3.864
1777621853,841784404,robot_2,0.291,2.471
1777621853,841805137,robot_4,-0.158,-0.636
1777621853,841813239,robot_3,0.165,-4.006
1777621853,841820786,robot_0,3.500,-3.250
1777621854,41860942,robot_2,0.291,2.471
1777621854,41883022,robot_4,-0.158,-0.636
1777621854,41891512,robot_3,0.165,-4.006
1777621854,41897759,robot_0,3.500,-3.250
1777621854,242964297,robot_2,0.291,2.471
1777621854,242990543,robot_4,-0.158,-0.636
1777621854,243001346,robot_3,0.165,-4.006
1777621854,243010412,robot_0,3.500,-3.250
1777621854,445339227,robot_2,-3.250,-1.750
1777621854,445362092,robot_1,-2.357,-1.928
1777621854,445370983,robot_0,0.541,3.864
1777621854,662256687,robot_2,0.291,2.471
1777621854,662279422,robot_4,-0.158,-0.636
1777621854,662288357,robot_3,0.165,-4.006
1777621854,662294991,robot_0,3.500,-3.250
1777621854,863250998,robot_2,0.291,2.471
1777621854,863278884,robot_4,-0.158,-0.636
1777621854,863290891,robot_3,0.165,-4.006
1777621854,863300406,robot_0,3.500,-3.250
1777621855,65265777,robot_2,-3.250,-1.750
1777621855,65287912,robot_1,-2.357,-1.928
1777621855,65296822,robot_0,0.541,3.864
1777621855,282100626,robot_2,0.291,2.471
1777621855,282123835,robot_4,-0.158,-0.636
1777621855,282132963,robot_3,0.165,-4.006
1777621855,282139620,robot_0,3.500,-3.250
1777621855,483116201,robot_2,0.291,2.471
1777621855,483139347,robot_4,-0.158,-0.636
1777621855,483148927,robot_3,0.165,-4.006
1777621855,483156768,robot_0,3.500,-3.250
1777621855,685030731,robot_2,-3.250,-1.750
1777621855,685051872,robot_1,-2.357,-1.928
1777621855,685060007,robot_0,0.541,3.864
1777621855,885281385,robot_2,-3.250,-1.750
1777621855,885303941,robot_1,-2.357,-1.928
1777621855,885314709,robot_0,0.541,3.864
1777621856,103349367,robot_2,0.291,2.471
1777621856,103377686,robot_4,-0.158,-0.636
1777621856,103395243,robot_3,0.165,-4.006
1777621856,103403929,robot_0,3.500,-3.250
1777621856,303970003,robot_2,0.291,2.471
1777621856,303992816,robot_4,-0.158,-0.636
1777621856,304002101,robot_3,0.165,-4.006
1777621856,304008874,robot_0,3.500,-3.250
1777621856,505237942,robot_2,-3.250,-1.750
1777621856,505260965,robot_1,-2.357,-1.928
1777621856,505270656,robot_0,0.541,3.864
1777621856,722467686,robot_2,0.291,2.471
1777621856,722509802,robot_4,-0.158,-0.636
1777621856,722529079,robot_3,0.165,-4.006
1777621856,722544740,robot_0,3.500,-3.250
1777621856,923458202,robot_2,0.291,2.471
1777621856,923533307,robot_4,-0.158,-0.636
1777621856,923574550,robot_3,0.165,-4.006
1777621856,923608782,robot_0,3.500,-3.250
1777621857,125565296,robot_2,-3.250,-1.750
1777621857,125589344,robot_1,-2.357,-1.928
1777621857,125597890,robot_0,0.541,3.864
1777621857,341758379,robot_2,0.291,2.471
1777621857,341780874,robot_4,-0.158,-0.636
1777621857,341788855,robot_3,0.165,-4.006
1777621857,341795393,robot_0,3.500,-3.250
1777621857,541926532,robot_2,0.291,2.471
1777621857,541948838,robot_4,-0.158,-0.636
1777621857,541957479,robot_3,0.165,-4.006
1777621857,541963826,robot_0,3.500,-3.250
1777621857,742190937,robot_2,0.291,2.471
1777621857,742214498,robot_4,-0.158,-0.636
1777621857,742223808,robot_3,0.165,-4.006
1777621857,742231256,robot_0,3.500,-3.250
1777621857,943202473,robot_2,0.291,2.471
1777621857,943227446,robot_4,-0.158,-0.636
1777621857,943238391,robot_3,0.165,-4.006
1777621857,943246215,robot_0,3.500,-3.250
1777621858,145229490,robot_2,-3.250,-1.750
1777621858,145252961,robot_1,-2.357,-1.928
1777621858,145261320,robot_0,0.541,3.864
1777621858,362259246,robot_2,0.291,2.471
1777621858,362280816,robot_4,-0.158,-0.636
1777621858,362289898,robot_3,0.165,-4.006
1777621858,362296479,robot_0,3.500,-3.250
1777621858,565274547,robot_2,-3.250,-1.750
1777621858,565296741,robot_1,-2.357,-1.928
1777621858,565305212,robot_0,0.541,3.864
1777621858,782480355,robot_2,0.291,2.471
1777621858,782506379,robot_4,-0.158,-0.636
1777621858,782517632,robot_3,0.165,-4.006
1777621858,782526996,robot_0,3.500,-3.250
1777621858,985250038,robot_2,-3.250,-1.750
1777621858,985269729,robot_1,-2.357,-1.928
1777621858,985277651,robot_0,0.541,3.864
1777621859,185447580,robot_2,-3.250,-1.750
1777621859,185469537,robot_1,-2.357,-1.928
1777621859,185477686,robot_0,0.541,3.864
1777621859,385509386,robot_2,-3.250,-1.750
1777621859,385530414,robot_1,-2.357,-1.928
1777621859,385538109,robot_0,0.541,3.864
1777621859,602623801,robot_2,0.291,2.471
1777621859,602647253,robot_4,-0.158,-0.636
1777621859,602656381,robot_3,0.165,-4.006
1777621859,602662837,robot_0,3.500,-3.250
1777621859,802863364,robot_2,0.291,2.471
1777621859,802884280,robot_4,-0.158,-0.636
1777621859,802892547,robot_3,0.165,-4.006
1777621859,802899793,robot_0,3.500,-3.250
1777621860,3205901,robot_2,0.291,2.471
1777621860,3226100,robot_4,-0.158,-0.636
1777621860,3234632,robot_3,0.165,-4.006
1777621860,3241060,robot_0,3.500,-3.250
1777621860,205649204,robot_2,-3.250,-1.750
1777621860,205671534,robot_1,-2.357,-1.928
1777621860,205680262,robot_0,0.541,3.864
1777621860,423326753,robot_2,0.291,2.471
1777621860,423352762,robot_4,-0.158,-0.636
1777621860,423362628,robot_3,0.165,-4.006
1777621860,423370102,robot_0,3.500,-3.250
1777621860,625469772,robot_2,-3.250,-1.750
1777621860,625492042,robot_1,-2.357,-1.928
1777621860,625500660,robot_0,0.541,3.864
1777621860,841785818,robot_2,0.291,2.471
1777621860,841807086,robot_4,-0.158,-0.636
1777621860,841815623,robot_3,0.165,-4.006
1777621860,841822138,robot_0,3.500,-3.250
1777621861,41926113,robot_2,0.291,2.471
1777621861,41948051,robot_4,-0.158,-0.636
1777621861,41956204,robot_3,0.165,-4.006
1777621861,41962326,robot_0,3.500,-3.250
1777621861,242287451,robot_2,0.291,2.471
1777621861,242308997,robot_4,-0.158,-0.636
1777621861,242317460,robot_3,0.165,-4.006
1777621861,242323628,robot_0,3.500,-3.250
1777621861,442393719,robot_2,0.291,2.471
1777621861,442417080,robot_4,-0.158,-0.636
1777621861,442425694,robot_3,0.165,-4.006
1777621861,442432775,robot_0,3.500,-3.250
1777621861,645083225,robot_2,-3.250,-1.750
1777621861,645105262,robot_1,-2.357,-1.928
1777621861,645114136,robot_0,0.541,3.864
1777621861,862297394,robot_2,0.291,2.471
1777621861,862319558,robot_4,-0.158,-0.636
1777621861,862329557,robot_3,0.165,-4.006
1777621861,862338066,robot_0,3.500,-3.250
1777621862,62545620,robot_2,0.291,2.471
1777621862,62571606,robot_4,-0.158,-0.636
1777621862,62582416,robot_3,0.165,-4.006
1777621862,62592405,robot_0,3.500,-3.250
1777621862,264995431,robot_2,-3.250,-1.750
1777621862,265016967,robot_1,-2.357,-1.928
1777621862,265024649,robot_0,0.541,3.864
1777621862,482202583,robot_2,0.291,2.471
1777621862,482224498,robot_4,-0.158,-0.636
1777621862,482233507,robot_3,0.165,-4.006
1777621862,482239838,robot_0,3.500,-3.250
1777621862,685250132,robot_2,-3.250,-1.750
1777621862,685273087,robot_1,-2.357,-1.928
1777621862,685282396,robot_0,0.541,3.864
1777621862,902170817,robot_2,0.291,2.471
1777621862,902192805,robot_4,-0.158,-0.636
1777621862,902201312,robot_3,0.165,-4.006
1777621862,902207895,robot_0,3.500,-3.250
1777621863,103305796,robot_2,0.291,2.471
1777621863,103343774,robot_4,-0.158,-0.636
1777621863,103361426,robot_3,0.165,-4.006
1777621863,103374789,robot_0,3.500,-3.250
1777621863,305301544,robot_2,-3.250,-1.750
1777621863,305322394,robot_1,-2.357,-1.928
1777621863,305330323,robot_0,0.541,3.864
1777621863,521864838,robot_2,0.291,2.471
1777621863,521886915,robot_4,-0.158,-0.636
1777621863,521896420,robot_3,0.165,-4.006
1777621863,521903731,robot_0,3.500,-3.250
1777621863,721878364,robot_2,0.291,2.471
1777621863,721900270,robot_4,-0.158,-0.636
1777621863,721908814,robot_3,0.165,-4.006
1777621863,721915721,robot_0,3.500,-3.250
1777621863,922927029,robot_2,0.291,2.471
1777621863,922949410,robot_4,-0.158,-0.636
1777621863,922958281,robot_3,0.165,-4.006
1777621863,922965820,robot_0,3.500,-3.250
1777621864,123080613,robot_2,0.291,2.471
1777621864,123105026,robot_4,-0.158,-0.636
1777621864,123113604,robot_3,0.165,-4.006
1777621864,123120230,robot_0,3.500,-3.250
1777621864,325097149,robot_2,-3.250,-1.750
1777621864,325117894,robot_1,-2.357,-1.928
1777621864,325126298,robot_0,0.541,3.864
1777621864,525440688,robot_2,-3.250,-1.750
1777621864,525462962,robot_1,-2.357,-1.928
1777621864,525471720,robot_0,0.541,3.864
1777621864,741999036,robot_2,0.291,2.471
1777621864,742021163,robot_4,-0.158,-0.636
1777621864,742031133,robot_3,0.165,-4.006
1777621864,742038281,robot_0,3.500,-3.250
1777621864,943783875,robot_2,0.291,2.471
1777621864,943812216,robot_4,-0.158,-0.636
1777621864,943821133,robot_3,0.165,-4.006
1777621864,943828234,robot_0,3.500,-3.250
1777621865,145314846,robot_2,-3.250,-1.750
1777621865,145337343,robot_1,-2.357,-1.928
1777621865,145346615,robot_0,0.541,3.864
1777621865,361794940,robot_2,0.291,2.471
1777621865,361815189,robot_4,-0.158,-0.636
1777621865,361822943,robot_3,0.165,-4.006
1777621865,361829152,robot_0,3.500,-3.250
1777621865,561839664,robot_2,0.291,2.471
1777621865,561859353,robot_4,-0.158,-0.636
1777621865,561867044,robot_3,0.165,-4.006
1777621865,561873305,robot_0,3.500,-3.250
1777621865,762591708,robot_2,0.291,2.471
1777621865,762613922,robot_4,-0.158,-0.636
1777621865,762622691,robot_3,0.165,-4.006
1777621865,762631028,robot_0,3.500,-3.250
1777621865,963438960,robot_2,0.291,2.471
1777621865,963476690,robot_4,-0.158,-0.636
1777621865,963492922,robot_3,0.165,-4.006
1777621865,963507764,robot_0,3.500,-3.250
1777621866,165063566,robot_2,-3.250,-1.750
1777621866,165085025,robot_1,-2.357,-1.928
1777621866,165093405,robot_0,0.541,3.864
1777621866,381884383,robot_2,0.291,2.471
1777621866,381904804,robot_4,-0.158,-0.636
1777621866,381912798,robot_3,0.165,-4.006
1777621866,381919042,robot_0,3.500,-3.250
1777621866,585569145,robot_2,-3.250,-1.750
1777621866,585602916,robot_1,-2.357,-1.928
1777621866,585618352,robot_0,0.541,3.864
1777621866,785861208,robot_2,-3.250,-1.750
1777621866,785882166,robot_1,-2.357,-1.928
1777621866,785890502,robot_0,0.541,3.864
1777621866,985940326,robot_2,-3.250,-1.750
1777621866,985961085,robot_1,-2.357,-1.928
1777621866,985969940,robot_0,0.541,3.864
1777621867,202686659,robot_2,0.291,2.471
1777621867,202723736,robot_4,-0.158,-0.636
1777621867,202744174,robot_3,0.165,-4.006
1777621867,202761243,robot_0,3.500,-3.250
1777621867,405076165,robot_2,-3.250,-1.750
1777621867,405096678,robot_1,-2.357,-1.928
1777621867,405104705,robot_0,0.541,3.864
1777621867,605663940,robot_2,-3.250,-1.750
1777621867,605686831,robot_1,-2.357,-1.928
1777621867,605694930,robot_0,0.541,3.864
1777621867,805810497,robot_2,-3.250,-1.750
1777621867,805841275,robot_1,-2.357,-1.928
1777621867,805856137,robot_0,0.541,3.864
1777621868,22475863,robot_2,0.291,2.471
1777621868,22495471,robot_4,-0.158,-0.636
1777621868,22502787,robot_3,0.165,-4.006
1777621868,22510068,robot_0,3.500,-3.250
1777621868,225160719,robot_2,-3.250,-1.750
1777621868,225181837,robot_1,-2.357,-1.928
1777621868,225189711,robot_0,0.541,3.864
1777621868,425355397,robot_2,-3.250,-1.750
1777621868,425376849,robot_1,-2.357,-1.928
1777621868,425390758,robot_0,0.541,3.864
1777621868,625596416,robot_2,-3.250,-1.750
1777621868,625617113,robot_1,-2.357,-1.928
1777621868,625625575,robot_0,0.541,3.864
1777621868,841801222,robot_2,0.291,2.471
1777621868,841821868,robot_4,-0.158,-0.636
1777621868,841830226,robot_3,0.165,-4.006
1777621868,841837352,robot_0,3.500,-3.250
1777621869,42099388,robot_2,0.291,2.471
1777621869,42121753,robot_4,-0.158,-0.636
1777621869,42130538,robot_3,0.165,-4.006
1777621869,42138042,robot_0,3.500,-3.250
1777621869,242545016,robot_2,0.291,2.471
1777621869,242575110,robot_4,-0.158,-0.636
1777621869,242588746,robot_3,0.165,-4.006
1777621869,242599092,robot_0,3.500,-3.250
1777621869,442994430,robot_2,0.291,2.471
1777621869,443027203,robot_4,-0.158,-0.636
1777621869,443036375,robot_3,0.165,-4.006
1777621869,443043531,robot_0,3.500,-3.250
1777621869,645092689,robot_2,-3.250,-1.750
1777621869,645113656,robot_1,-2.357,-1.928
1777621869,645121721,robot_0,0.541,3.864
1777621869,845601920,robot_2,-3.250,-1.750
1777621869,845633643,robot_1,-2.357,-1.928
1777621869,845649070,robot_0,0.541,3.864
1777621870,47258534,robot_2,-3.250,-1.750
1777621870,47303758,robot_1,-2.357,-1.928
1777621870,47327447,robot_0,0.541,3.864
1777621870,262377511,robot_2,0.291,2.471
1777621870,262419148,robot_4,-0.158,-0.636
1777621870,262436305,robot_3,0.165,-4.006
1777621870,262449988,robot_0,3.500,-3.250
1777621870,465191028,robot_2,-3.250,-1.750
1777621870,465211300,robot_1,-2.357,-1.928
1777621870,465220180,robot_0,0.541,3.864
1777621870,665241332,robot_2,-3.250,-1.750
1777621870,665264373,robot_1,-2.357,-1.928
1777621870,665272667,robot_0,0.541,3.864
1777621870,881843963,robot_2,0.291,2.471
1777621870,881865705,robot_4,-0.158,-0.636
1777621870,881873908,robot_3,0.165,-4.006
1777621870,881881064,robot_0,3.500,-3.250
1777621871,81873234,robot_2,0.291,2.471
1777621871,81894205,robot_4,-0.158,-0.636
1777621871,81902707,robot_3,0.165,-4.006
1777621871,81909385,robot_0,3.500,-3.250
1777621871,285863898,robot_2,-3.250,-1.750
1777621871,285896383,robot_1,-2.357,-1.928
1777621871,285912540,robot_0,0.541,3.864
1777621871,501912647,robot_2,0.291,2.471
1777621871,501933727,robot_4,-0.158,-0.636
1777621871,501942123,robot_3,0.165,-4.006
1777621871,501948963,robot_0,3.500,-3.250
1777621871,702667476,robot_2,0.291,2.471
1777621871,702700092,robot_4,-0.158,-0.636
1777621871,702716350,robot_3,0.165,-4.006
1777621871,702729521,robot_0,3.500,-3.250
1777621871,905339487,robot_2,-3.250,-1.750
1777621871,905360525,robot_1,-2.357,-1.928
1777621871,905368354,robot_0,0.541,3.864
1777621872,105407834,robot_2,-3.250,-1.750
1777621872,105431810,robot_1,-2.357,-1.928
1777621872,105441776,robot_0,0.541,3.864
1777621872,305474728,robot_2,-3.250,-1.750
1777621872,305504928,robot_1,-2.357,-1.928
1777621872,305520113,robot_0,0.541,3.864
1777621872,505551985,robot_2,-3.250,-1.750
1777621872,505582570,robot_1,-2.357,-1.928
1777621872,505598280,robot_0,0.541,3.864
1777621872,721778853,robot_2,0.291,2.471
1777621872,721800512,robot_4,-0.158,-0.636
1777621872,721809356,robot_3,0.165,-4.006
1777621872,721815813,robot_0,3.500,-3.250
1777621872,922784416,robot_2,0.291,2.471
1777621872,922806144,robot_4,-0.158,-0.636
1777621872,922814647,robot_3,0.165,-4.006
1777621872,922821481,robot_0,3.500,-3.250
1777621873,122925951,robot_2,0.291,2.471
1777621873,122947987,robot_4,-0.158,-0.636
1777621873,122956133,robot_3,0.165,-4.006
1777621873,122962717,robot_0,3.500,-3.250
1777621873,325048049,robot_2,-3.250,-1.750
1777621873,325068006,robot_1,-2.357,-1.928
1777621873,325076289,robot_0,0.541,3.864
1777621873,525213170,robot_2,-3.250,-1.750
1777621873,525234664,robot_1,-2.357,-1.928
1777621873,525242995,robot_0,0.541,3.864
1777621873,725302511,robot_2,-3.250,-1.750
1777621873,725323302,robot_1,-2.357,-1.928
1777621873,725331445,robot_0,0.541,3.864
1777621873,925781065,robot_2,-3.250,-1.750
1777621873,925804289,robot_1,-2.357,-1.928
1777621873,925812733,robot_0,0.541,3.864
1777621874,125869695,robot_2,-3.250,-1.750
1777621874,125894413,robot_1,-2.357,-1.928
1777621874,125905026,robot_0,0.541,3.864
1777621874,342338703,robot_2,0.291,2.471
1777621874,342371288,robot_4,-0.158,-0.636
1777621874,342391713,robot_3,0.165,-4.006
1777621874,342405908,robot_0,3.500,-3.250
1777621874,546222938,robot_2,-3.250,-1.750
1777621874,546242595,robot_1,-2.357,-1.928
1777621874,546250203,robot_0,0.541,3.864
1777621874,762260052,robot_2,0.291,2.471
1777621874,762280962,robot_4,-0.158,-0.636
1777621874,762289437,robot_3,0.165,-4.006
1777621874,762296512,robot_0,3.500,-3.250
1777621874,962676691,robot_2,0.291,2.471
1777621874,962697209,robot_4,-0.158,-0.636
1777621874,962705525,robot_3,0.165,-4.006
1777621874,962711599,robot_0,3.500,-3.250
1777621875,162826312,robot_2,0.291,2.471
1777621875,162858181,robot_4,-0.158,-0.636
1777621875,162875902,robot_3,0.165,-4.006
1777621875,162884638,robot_0,3.500,-3.250
1777621875,365004452,robot_2,-3.250,-1.750
1777621875,365026389,robot_1,-2.357,-1.928
1777621875,365035084,robot_0,0.541,3.864
1777621875,565690342,robot_2,-3.250,-1.750
1777621875,565711032,robot_1,-2.357,-1.928
1777621875,565719413,robot_0,0.541,3.864
1777621875,782105215,robot_2,0.291,2.471
1777621875,782125239,robot_4,-0.158,-0.636
1777621875,782134334,robot_3,0.165,-4.006
1777621875,782142206,robot_0,3.500,-3.250
1777621875,982181688,robot_2,0.291,2.471
1777621875,982209410,robot_4,-0.158,-0.636
1777621875,982220730,robot_3,0.165,-4.006
1777621875,982230149,robot_0,3.500,-3.250
1777621876,185552802,robot_2,-3.250,-1.750
1777621876,185575849,robot_1,-2.357,-1.928
1777621876,185584556,robot_0,0.541,3.864
1777621876,403003769,robot_2,0.291,2.471
1777621876,403025031,robot_4,-0.158,-0.636
1777621876,403034028,robot_3,0.165,-4.006
1777621876,403041320,robot_0,3.500,-3.250
1777621876,603469533,robot_2,0.291,2.471
1777621876,603494477,robot_4,-0.158,-0.636
1777621876,603503432,robot_3,0.165,-4.006
1777621876,603510137,robot_0,3.500,-3.250
1777621876,806688174,robot_2,-3.250,-1.750
1777621876,806711410,robot_1,-2.357,-1.928
1777621876,806721495,robot_0,0.541,3.864
1777621877,23070094,robot_2,0.291,2.471
1777621877,23107473,robot_4,-0.158,-0.636
1777621877,23126876,robot_3,0.165,-4.006
1777621877,23143248,robot_0,3.500,-3.250
1777621877,225393682,robot_2,-3.250,-1.750
1777621877,225416466,robot_1,-2.357,-1.928
1777621877,225425216,robot_0,0.541,3.864
1777621877,425784898,robot_2,-3.250,-1.750
1777621877,425806265,robot_1,-2.357,-1.928
1777621877,425814195,robot_0,0.541,3.864
1777621877,625852032,robot_2,-3.250,-1.750
1777621877,625874814,robot_1,-2.357,-1.928
1777621877,625882805,robot_0,0.541,3.864
1777621877,841801357,robot_2,0.291,2.471
1777621877,841821748,robot_4,-0.158,-0.636
1777621877,841829642,robot_3,0.165,-4.006
1777621877,841836580,robot_0,3.500,-3.250
1777621878,42103033,robot_2,0.291,2.471
1777621878,42126482,robot_4,-0.158,-0.636
1777621878,42136041,robot_3,0.165,-4.006
1777621878,42143724,robot_0,3.500,-3.250
1777621878,245040903,robot_2,-3.250,-1.750
1777621878,245062576,robot_1,-2.357,-1.928
1777621878,245071387,robot_0,0.541,3.864
1777621878,446200066,robot_2,-3.250,-1.750
1777621878,446232300,robot_1,-2.357,-1.928
1777621878,446245536,robot_0,0.541,3.864
1777621878,662409214,robot_2,0.291,2.471
1777621878,662432655,robot_4,-0.158,-0.636
1777621878,662441562,robot_3,0.165,-4.006
1777621878,662448617,robot_0,3.500,-3.250
1777621878,865175048,robot_2,-3.250,-1.750
1777621878,865194644,robot_1,-2.357,-1.928
1777621878,865202424,robot_0,0.541,3.864
1777621879,82101279,robot_2,0.291,2.471
1777621879,82124211,robot_4,-0.158,-0.636
1777621879,82132572,robot_3,0.165,-4.006
1777621879,82140109,robot_0,3.500,-3.250
1777621879,285211986,robot_2,-3.250,-1.750
1777621879,285232718,robot_1,-2.357,-1.928
1777621879,285241404,robot_0,0.541,3.864
1777621879,485524246,robot_2,-3.250,-1.750
1777621879,485550346,robot_1,-2.357,-1.928
1777621879,485561750,robot_0,0.541,3.864
1777621879,686005097,robot_2,-3.250,-1.750
1777621879,686024087,robot_1,-2.357,-1.928
1777621879,686031886,robot_0,0.541,3.864
1777621879,886226559,robot_2,-3.250,-1.750
1777621879,886246678,robot_1,-2.357,-1.928
1777621879,886257717,robot_0,0.541,3.864
1777621880,87405063,robot_2,-3.250,-1.750
1777621880,87432808,robot_1,-2.357,-1.928
1777621880,87444933,robot_0,0.541,3.864
1777621880,302657834,robot_2,0.291,2.471
1777621880,302690580,robot_4,-0.158,-0.636
1777621880,302705741,robot_3,0.165,-4.006
1777621880,302717249,robot_0,3.500,-3.250
1777621880,503200478,robot_2,0.291,2.471
1777621880,503221216,robot_4,-0.158,-0.636
1777621880,503229625,robot_3,0.165,-4.006
1777621880,503236454,robot_0,3.500,-3.250
1777621880,705431522,robot_2,-3.250,-1.750
1777621880,705454151,robot_1,-2.357,-1.928
1777621880,705463068,robot_0,0.541,3.864
1777621880,905563494,robot_2,-3.250,-1.750
1777621880,905592182,robot_1,-2.357,-1.928
1777621880,905604959,robot_0,0.541,3.864
1777621881,106016474,robot_2,0.291,2.471
1777621881,106037683,robot_4,-0.158,-0.636
1777621881,106046448,robot_3,0.165,-4.006
1777621881,106053168,robot_0,3.500,-3.250
1777621881,323016035,robot_2,0.291,2.471
1777621881,323043262,robot_4,-0.158,-0.636
1777621881,323055194,robot_3,0.165,-4.006
1777621881,323064964,robot_0,3.500,-3.250
1777621881,525672853,robot_2,-3.250,-1.750
1777621881,525704566,robot_1,-2.357,-1.928
1777621881,525719892,robot_0,0.541,3.864
1777621881,741981563,robot_2,0.291,2.471
1777621881,742001348,robot_4,-0.158,-0.636
1777621881,742009430,robot_3,0.165,-4.006
1777621881,742015732,robot_0,3.500,-3.250
1777621881,943613893,robot_2,0.291,2.471
1777621881,943644380,robot_4,-0.158,-0.636
1777621881,943655956,robot_3,0.165,-4.006
1777621881,943664668,robot_0,3.500,-3.250
1777621882,145421409,robot_2,-3.250,-1.750
1777621882,145443150,robot_1,-2.357,-1.928
1777621882,145451430,robot_0,0.541,3.864
1777621882,362149619,robot_2,0.291,2.471
1777621882,362173017,robot_4,-0.158,-0.636
1777621882,362182580,robot_3,0.165,-4.006
1777621882,362191555,robot_0,3.500,-3.250
1777621882,565062028,robot_2,-3.250,-1.750
1777621882,565082353,robot_1,-2.357,-1.928
1777621882,565089974,robot_0,0.541,3.864
1777621882,781857889,robot_2,0.291,2.471
1777621882,781879409,robot_4,-0.158,-0.636
1777621882,781888415,robot_3,0.165,-4.006
1777621882,781895620,robot_0,3.500,-3.250
1777621882,982011275,robot_2,0.291,2.471
1777621882,982032723,robot_4,-0.158,-0.636
1777621882,982041536,robot_3,0.165,-4.006
1777621882,982049011,robot_0,3.500,-3.250
1777621883,182682052,robot_2,0.291,2.471
1777621883,182703269,robot_4,-0.158,-0.636
1777621883,182711740,robot_3,0.165,-4.006
1777621883,182718310,robot_0,3.500,-3.250
1777621883,385696091,robot_2,-3.250,-1.750
1777621883,385727962,robot_1,-2.357,-1.928
1777621883,385743012,robot_0,0.541,3.864
1777621883,603458107,robot_2,0.291,2.471
1777621883,603496082,robot_4,-0.158,-0.636
1777621883,603513135,robot_3,0.165,-4.006
1777621883,603527391,robot_0,3.500,-3.250
1777621883,805135271,robot_2,-3.250,-1.750
1777621883,805155298,robot_1,-2.357,-1.928
1777621883,805163921,robot_0,0.541,3.864
1777621884,5130567,robot_2,-3.250,-1.750
1777621884,5150992,robot_1,-2.357,-1.928
1777621884,5159627,robot_0,0.541,3.864
1777621884,205828933,robot_2,-3.250,-1.750
1777621884,205855447,robot_1,-2.357,-1.928
1777621884,205866759,robot_0,0.541,3.864
1777621884,423629608,robot_2,0.291,2.471
1777621884,423677662,robot_4,-0.158,-0.636
1777621884,423696170,robot_3,0.165,-4.006
1777621884,423712072,robot_0,3.500,-3.250
1777621884,624485819,robot_2,0.291,2.471
1777621884,624521214,robot_4,-0.158,-0.636
1777621884,624538147,robot_3,0.165,-4.006
1777621884,624551828,robot_0,3.500,-3.250
1777621884,825155689,robot_2,-3.250,-1.750
1777621884,825175323,robot_1,-2.357,-1.928
1777621884,825182456,robot_0,0.541,3.864
1777621885,41807997,robot_2,0.291,2.471
1777621885,41827866,robot_4,-0.158,-0.636
1777621885,41835331,robot_3,0.165,-4.006
1777621885,41841705,robot_0,3.500,-3.250
1777621885,241849124,robot_2,0.291,2.471
1777621885,241868541,robot_4,-0.158,-0.636
1777621885,241876425,robot_3,0.165,-4.006
1777621885,241882888,robot_0,3.500,-3.250
1777621885,443020438,robot_2,0.291,2.471
1777621885,443042573,robot_4,-0.158,-0.636
1777621885,443052015,robot_3,0.165,-4.006
1777621885,443058944,robot_0,3.500,-3.250
1777621885,645072973,robot_2,-3.250,-1.750
1777621885,645095049,robot_1,-2.357,-1.928
1777621885,645103034,robot_0,0.541,3.864
1777621885,845476096,robot_2,-3.250,-1.750
1777621885,845495728,robot_1,-2.357,-1.928
1777621885,845502981,robot_0,0.541,3.864
1777621886,45795463,robot_2,-3.250,-1.750
1777621886,45814977,robot_1,-2.357,-1.928
1777621886,45822834,robot_0,0.541,3.864
1777621886,261919635,robot_2,0.291,2.471
1777621886,261947251,robot_4,-0.158,-0.636
1777621886,261960724,robot_3,0.165,-4.006
1777621886,261971448,robot_0,3.500,-3.250
1777621886,462206190,robot_2,0.291,2.471
1777621886,462227989,robot_4,-0.158,-0.636
1777621886,462236544,robot_3,0.165,-4.006
1777621886,462243776,robot_0,3.500,-3.250
1777621886,663036951,robot_2,0.291,2.471
1777621886,663072075,robot_4,-0.158,-0.636
1777621886,663089140,robot_3,0.165,-4.006
1777621886,663103137,robot_0,3.500,-3.250
1777621886,864951995,robot_2,-3.250,-1.750
1777621886,864972171,robot_1,-2.357,-1.928
1777621886,864980327,robot_0,0.541,3.864
1777621887,65231590,robot_2,-3.250,-1.750
1777621887,65252176,robot_1,-2.357,-1.928
1777621887,65260068,robot_0,0.541,3.864
1777621887,265549917,robot_2,-3.250,-1.750
1777621887,265570749,robot_1,-2.357,-1.928
1777621887,265578779,robot_0,0.541,3.864
1777621887,481741901,robot_2,0.291,2.471
1777621887,481762312,robot_4,-0.158,-0.636
1777621887,481771243,robot_3,0.165,-4.006
1777621887,481777894,robot_0,3.500,-3.250
1777621887,681927031,robot_2,0.291,2.471
1777621887,681949532,robot_4,-0.158,-0.636
1777621887,681958612,robot_3,0.165,-4.006
1777621887,681966433,robot_0,3.500,-3.250
1777621887,882052087,robot_2,0.291,2.471
1777621887,882073587,robot_4,-0.158,-0.636
1777621887,882082054,robot_3,0.165,-4.006
1777621887,882089035,robot_0,3.500,-3.250
1777621888,85020100,robot_2,-3.250,-1.750
1777621888,85041501,robot_1,-2.357,-1.928
1777621888,85049630,robot_0,0.541,3.864
1777621888,285267949,robot_2,-3.250,-1.750
1777621888,285289211,robot_1,-2.357,-1.928
1777621888,285298100,robot_0,0.541,3.864
1777621888,485597469,robot_2,-3.250,-1.750
1777621888,485631266,robot_1,-2.357,-1.928
1777621888,485647866,robot_0,0.541,3.864
1777621888,702128085,robot_2,0.291,2.471
1777621888,702150669,robot_4,-0.158,-0.636
1777621888,702159388,robot_3,0.165,-4.006
1777621888,702165906,robot_0,3.500,-3.250
1777621888,902743927,robot_2,0.291,2.471
1777621888,902770055,robot_4,-0.158,-0.636
1777621888,902780972,robot_3,0.165,-4.006
1777621888,902790467,robot_0,3.500,-3.250
1777621889,104029459,robot_2,0.291,2.471
1777621889,104065272,robot_4,-0.158,-0.636
1777621889,104079263,robot_3,0.165,-4.006
1777621889,104089640,robot_0,3.500,-3.250
1777621889,305389300,robot_2,-3.250,-1.750
1777621889,305413204,robot_1,-2.357,-1.928
1777621889,305421332,robot_0,0.541,3.864
1777621889,505507878,robot_2,-3.250,-1.750
1777621889,505530446,robot_1,-2.357,-1.928
1777621889,505540047,robot_0,0.541,3.864
1777621889,723094624,robot_2,0.291,2.471
1777621889,723127771,robot_4,-0.158,-0.636
1777621889,723142415,robot_3,0.165,-4.006
1777621889,723154892,robot_0,3.500,-3.250
1777621889,923116561,robot_2,0.291,2.471
1777621889,923152602,robot_4,-0.158,-0.636
1777621889,923169256,robot_3,0.165,-4.006
1777621889,923182951,robot_0,3.500,-3.250
1777621890,125497103,robot_2,-3.250,-1.750
1777621890,125518661,robot_1,-2.357,-1.928
1777621890,125527225,robot_0,0.541,3.864
1777621890,342105718,robot_2,0.291,2.471
1777621890,342126323,robot_4,-0.158,-0.636
1777621890,342134534,robot_3,0.165,-4.006
1777621890,342141047,robot_0,3.500,-3.250
1777621890,542155376,robot_2,0.291,2.471
1777621890,542177928,robot_4,-0.158,-0.636
1777621890,542186488,robot_3,0.165,-4.006
1777621890,542193373,robot_0,3.500,-3.250
1777621890,742663165,robot_2,0.291,2.471
1777621890,742686414,robot_4,-0.158,-0.636
1777621890,742696030,robot_3,0.165,-4.006
1777621890,742704065,robot_0,3.500,-3.250
1777621890,945300201,robot_2,-3.250,-1.750
1777621890,945322734,robot_1,-2.357,-1.928
1777621890,945331265,robot_0,0.541,3.864
1777621891,162423521,robot_2,0.291,2.471
1777621891,162444148,robot_4,-0.158,-0.636
1777621891,162451941,robot_3,0.165,-4.006
1777621891,162459371,robot_0,3.500,-3.250
1777621891,364905676,robot_2,-3.250,-1.750
1777621891,364925647,robot_1,-2.357,-1.928
1777621891,364933381,robot_0,0.541,3.864
1777621891,581799574,robot_2,0.291,2.471
1777621891,581821939,robot_4,-0.158,-0.636
1777621891,581831931,robot_3,0.165,-4.006
1777621891,581839294,robot_0,3.500,-3.250
1777621891,782068006,robot_2,0.291,2.471
1777621891,782088177,robot_4,-0.158,-0.636
1777621891,782096267,robot_3,0.165,-4.006
1777621891,782102815,robot_0,3.500,-3.250
1777621891,982674125,robot_2,0.291,2.471
1777621891,982695596,robot_4,-0.158,-0.636
1777621891,982704260,robot_3,0.165,-4.006
1777621891,982710880,robot_0,3.500,-3.250
1777621892,184971544,robot_2,-3.250,-1.750
1777621892,184991478,robot_1,-2.357,-1.928
1777621892,184999747,robot_0,0.541,3.864
1777621892,385698431,robot_2,-3.250,-1.750
1777621892,385717555,robot_1,-2.357,-1.928
1777621892,385725226,robot_0,0.541,3.864
1777621892,585760147,robot_2,-3.250,-1.750
1777621892,585782698,robot_1,-2.357,-1.928
1777621892,585793122,robot_0,0.541,3.864
1777621892,802645474,robot_2,0.291,2.471
1777621892,802668103,robot_4,-0.158,-0.636
1777621892,802677650,robot_3,0.165,-4.006
1777621892,802685879,robot_0,3.500,-3.250
1777621893,5044401,robot_2,-3.250,-1.750
1777621893,5064933,robot_1,-2.357,-1.928
1777621893,5072745,robot_0,0.541,3.864
1777621893,205194450,robot_2,-3.250,-1.750
1777621893,205214658,robot_1,-2.357,-1.928
1777621893,205222352,robot_0,0.541,3.864
1777621893,422360565,robot_2,0.291,2.471
1777621893,422389106,robot_4,-0.158,-0.636
1777621893,422399176,robot_3,0.165,-4.006
1777621893,422406106,robot_0,3.500,-3.250
1777621893,622663046,robot_2,0.291,2.471
1777621893,622736681,robot_4,-0.158,-0.636
1777621893,622773227,robot_3,0.165,-4.006
1777621893,622788963,robot_0,3.500,-3.250
1777621893,824948896,robot_2,-3.250,-1.750
1777621893,824968829,robot_1,-2.357,-1.928
1777621893,824976854,robot_0,0.541,3.864
1777621894,25326781,robot_2,-3.250,-1.750
1777621894,25347981,robot_1,-2.357,-1.928
1777621894,25356312,robot_0,0.541,3.864
1777621894,241837174,robot_2,0.291,2.471
1777621894,241857863,robot_4,-0.158,-0.636
1777621894,241865937,robot_3,0.165,-4.006
1777621894,241872051,robot_0,3.500,-3.250
1777621894,443522333,robot_2,0.291,2.471
1777621894,443553773,robot_4,-0.158,-0.636
1777621894,443564879,robot_3,0.165,-4.006
1777621894,443575811,robot_0,3.500,-3.250
1777621894,645153531,robot_2,-3.250,-1.750
1777621894,645175417,robot_1,-2.357,-1.928
1777621894,645184312,robot_0,0.541,3.864
1777621894,862725792,robot_2,0.291,2.471
1777621894,862747087,robot_4,-0.158,-0.636
1777621894,862755286,robot_3,0.165,-4.006
1777621894,862762539,robot_0,3.500,-3.250
1777621895,65100535,robot_2,-3.250,-1.750
1777621895,65122747,robot_1,-2.357,-1.928
1777621895,65132074,robot_0,0.541,3.864
1777621895,281900046,robot_2,0.291,2.471
1777621895,281920988,robot_4,-0.158,-0.636
1777621895,281929452,robot_3,0.165,-4.006
1777621895,281936525,robot_0,3.500,-3.250
1777621895,481999839,robot_2,0.291,2.471
1777621895,482022867,robot_4,-0.158,-0.636
1777621895,482032183,robot_3,0.165,-4.006
1777621895,482039641,robot_0,3.500,-3.250
1777621895,682164276,robot_2,0.291,2.471
1777621895,682186376,robot_4,-0.158,-0.636
1777621895,682195174,robot_3,0.165,-4.006
1777621895,682201999,robot_0,3.500,-3.250
1777621895,882868856,robot_2,0.291,2.471
1777621895,882892979,robot_4,-0.158,-0.636
1777621895,882903286,robot_3,0.165,-4.006
1777621895,882911374,robot_0,3.500,-3.250
1777621896,85103391,robot_2,-3.250,-1.750
1777621896,85127584,robot_1,-2.357,-1.928
1777621896,85139570,robot_0,0.541,3.864
1777621896,285099062,robot_2,-3.250,-1.750
1777621896,285119109,robot_1,-2.357,-1.928
1777621896,285126747,robot_0,0.541,3.864
1777621896,485389848,robot_2,-3.250,-1.750
1777621896,485421565,robot_1,-2.357,-1.928
1777621896,485433874,robot_0,0.541,3.864
1777621896,685513675,robot_2,-3.250,-1.750
1777621896,685534834,robot_1,-2.357,-1.928
1777621896,685543330,robot_0,0.541,3.864
1777621896,902367486,robot_2,0.291,2.471
1777621896,902390473,robot_4,-0.158,-0.636
1777621896,902399660,robot_3,0.165,-4.006
1777621896,902406091,robot_0,3.500,-3.250
1777621897,103269069,robot_2,0.291,2.471
1777621897,103291893,robot_4,-0.158,-0.636
1777621897,103300340,robot_3,0.165,-4.006
1777621897,103307082,robot_0,3.500,-3.250
1777621897,305255388,robot_2,-3.250,-1.750
1777621897,305274447,robot_1,-2.357,-1.928
1777621897,305281992,robot_0,0.541,3.864
1777621897,505502636,robot_2,-3.250,-1.750
1777621897,505533413,robot_1,-2.357,-1.928
1777621897,505549776,robot_0,0.541,3.864
1777621897,705632914,robot_2,-3.250,-1.750
1777621897,705662529,robot_1,-2.357,-1.928
1777621897,705677639,robot_0,0.541,3.864
1777621897,906172136,robot_2,-3.250,-1.750
1777621897,906194601,robot_1,-2.357,-1.928
1777621897,906203298,robot_0,0.541,3.864
1777621898,122691832,robot_2,0.291,2.471
1777621898,122715535,robot_4,-0.158,-0.636
1777621898,122723375,robot_3,0.165,-4.006
1777621898,122729814,robot_0,3.500,-3.250
1777621898,322710010,robot_2,0.291,2.471
1777621898,322730135,robot_4,-0.158,-0.636
1777621898,322738837,robot_3,0.165,-4.006
1777621898,322745861,robot_0,3.500,-3.250
1777621898,524987833,robot_2,-3.250,-1.750
1777621898,525007313,robot_1,-2.357,-1.928
1777621898,525015290,robot_0,0.541,3.864
1777621898,725133788,robot_2,-3.250,-1.750
1777621898,725152456,robot_1,-2.357,-1.928
1777621898,725160536,robot_0,0.541,3.864
1777621898,925752679,robot_2,-3.250,-1.750
1777621898,925776472,robot_1,-2.357,-1.928
1777621898,925785550,robot_0,0.541,3.864
1777621899,127281865,robot_2,-3.250,-1.750
1777621899,127327648,robot_1,-2.357,-1.928
1777621899,127351009,robot_0,0.541,3.864
1777621899,342019378,robot_2,0.291,2.471
1777621899,342041218,robot_4,-0.158,-0.636
1777621899,342049689,robot_3,0.165,-4.006
1777621899,342057758,robot_0,3.500,-3.250
1777621899,542113258,robot_2,0.291,2.471
1777621899,542133929,robot_4,-0.158,-0.636
1777621899,542142555,robot_3,0.165,-4.006
1777621899,542150017,robot_0,3.500,-3.250
1777621899,744995450,robot_2,-3.250,-1.750
1777621899,745017112,robot_1,-2.357,-1.928
1777621899,745025139,robot_0,0.541,3.864
1777621899,945454751,robot_2,-3.250,-1.750
1777621899,945488020,robot_1,-2.357,-1.928
1777621899,945498006,robot_0,0.541,3.864
1777621900,162644560,robot_2,0.291,2.471
1777621900,162665963,robot_4,-0.158,-0.636
1777621900,162674368,robot_3,0.165,-4.006
1777621900,162680988,robot_0,3.500,-3.250
1777621900,365196004,robot_2,-3.250,-1.750
1777621900,365232520,robot_1,-2.357,-1.928
1777621900,365245449,robot_0,0.541,3.864
1777621900,582001727,robot_2,0.291,2.471
1777621900,582023037,robot_4,-0.158,-0.636
1777621900,582031743,robot_3,0.165,-4.006
1777621900,582039145,robot_0,3.500,-3.250
1777621900,782004887,robot_2,0.291,2.471
1777621900,782027203,robot_4,-0.158,-0.636
1777621900,782036840,robot_3,0.165,-4.006
1777621900,782044586,robot_0,3.500,-3.250
1777621900,985653008,robot_2,-3.250,-1.750
1777621900,985683703,robot_1,-2.357,-1.928
1777621900,985697687,robot_0,0.541,3.864
1777621901,185776829,robot_2,-3.250,-1.750
1777621901,185806798,robot_1,-2.357,-1.928
1777621901,185821924,robot_0,0.541,3.864
1777621901,385998619,robot_2,-3.250,-1.750
1777621901,386034268,robot_1,-2.357,-1.928
1777621901,386053996,robot_0,0.541,3.864
1777621901,586625512,robot_2,-3.250,-1.750
1777621901,586657144,robot_1,-2.357,-1.928
1777621901,586672362,robot_0,0.541,3.864
1777621901,802955333,robot_2,0.291,2.471
1777621901,802982585,robot_4,-0.158,-0.636
1777621901,802994977,robot_3,0.165,-4.006
1777621901,803003980,robot_0,3.500,-3.250
1777621902,3071556,robot_2,0.291,2.471
1777621902,3094515,robot_4,-0.158,-0.636
1777621902,3104845,robot_3,0.165,-4.006
1777621902,3112727,robot_0,3.500,-3.250
1777621902,205440958,robot_2,-3.250,-1.750
1777621902,205462083,robot_1,-2.357,-1.928
1777621902,205470108,robot_0,0.541,3.864
1777621902,406061983,robot_2,-3.250,-1.750
1777621902,406098296,robot_1,-2.357,-1.928
1777621902,406114324,robot_0,0.541,3.864
1777621902,606266849,robot_2,-3.250,-1.750
1777621902,606302321,robot_1,-2.357,-1.928
1777621902,606317780,robot_0,0.541,3.864
1777621902,822361930,robot_2,0.291,2.471
1777621902,822405550,robot_4,-0.158,-0.636
1777621902,822422747,robot_3,0.165,-4.006
1777621902,822436520,robot_0,3.500,-3.250
1777621903,22628103,robot_2,0.291,2.471
1777621903,22660912,robot_4,-0.158,-0.636
1777621903,22677376,robot_3,0.165,-4.006
1777621903,22691137,robot_0,3.500,-3.250
1777621903,225144455,robot_2,-3.250,-1.750
1777621903,225166037,robot_1,-2.357,-1.928
1777621903,225174518,robot_0,0.541,3.864
1777621903,425759038,robot_2,-3.250,-1.750
1777621903,425780281,robot_1,-2.357,-1.928
1777621903,425788868,robot_0,0.541,3.864
1777621903,642072454,robot_2,0.291,2.471
1777621903,642095402,robot_4,-0.158,-0.636
1777621903,642105220,robot_3,0.165,-4.006
1777621903,642113177,robot_0,3.500,-3.250
1777621903,842194849,robot_2,0.291,2.471
1777621903,842219338,robot_4,-0.158,-0.636
1777621903,842227758,robot_3,0.165,-4.006
1777621903,842234709,robot_0,3.500,-3.250
1777621904,42223846,robot_2,0.291,2.471
1777621904,42245410,robot_4,-0.158,-0.636
1777621904,42253461,robot_3,0.165,-4.006
1777621904,42260156,robot_0,3.500,-3.250
1777621904,245199096,robot_2,-3.250,-1.750
1777621904,245218271,robot_1,-2.357,-1.928
1777621904,245226059,robot_0,0.541,3.864
1777621904,445510944,robot_2,-3.250,-1.750
1777621904,445532827,robot_1,-2.357,-1.928
1777621904,445541754,robot_0,0.541,3.864
1777621904,661993323,robot_2,0.291,2.471
1777621904,662014787,robot_4,-0.158,-0.636
1777621904,662022946,robot_3,0.165,-4.006
1777621904,662029445,robot_0,3.500,-3.250
1777621904,864913831,robot_2,-3.250,-1.750
1777621904,864934916,robot_1,-2.357,-1.928
1777621904,864942815,robot_0,0.541,3.864
1777621905,64984481,robot_2,-3.250,-1.750
1777621905,65004069,robot_1,-2.357,-1.928
1777621905,65012633,robot_0,0.541,3.864
1777621905,265053282,robot_2,-3.250,-1.750
1777621905,265073510,robot_1,-2.357,-1.928
1777621905,265081634,robot_0,0.541,3.864
1777621905,466466983,robot_2,-3.250,-1.750
1777621905,466511983,robot_1,-2.357,-1.928
1777621905,466533362,robot_0,0.541,3.864
1777621905,681873839,robot_2,0.291,2.471
1777621905,681893633,robot_4,-0.158,-0.636
1777621905,681901944,robot_3,0.165,-4.006
1777621905,681908476,robot_0,3.500,-3.250
1777621905,882000679,robot_2,0.291,2.471
1777621905,882019591,robot_4,-0.158,-0.636
1777621905,882027392,robot_3,0.165,-4.006
1777621905,882034316,robot_0,3.500,-3.250
1777621906,84906662,robot_2,-3.250,-1.750
1777621906,84925576,robot_1,-2.357,-1.928
1777621906,84933483,robot_0,0.541,3.864
1777621906,285164223,robot_2,-3.250,-1.750
1777621906,285183946,robot_1,-2.357,-1.928
1777621906,285192393,robot_0,0.541,3.864
1777621906,485663492,robot_2,-3.250,-1.750
1777621906,485695986,robot_1,-2.357,-1.928
1777621906,485710815,robot_0,0.541,3.864
1777621906,703066090,robot_2,0.291,2.471
1777621906,703098553,robot_4,-0.158,-0.636
1777621906,703114666,robot_3,0.165,-4.006
1777621906,703128089,robot_0,3.500,-3.250
1777621906,904933127,robot_2,-3.250,-1.750
1777621906,904952631,robot_1,-2.357,-1.928
1777621906,904960077,robot_0,0.541,3.864
1777621907,105269192,robot_2,-3.250,-1.750
1777621907,105293599,robot_1,-2.357,-1.928
1777621907,105303657,robot_0,0.541,3.864
1777621907,305700997,robot_2,-3.250,-1.750
1777621907,305725913,robot_1,-2.357,-1.928
1777621907,305736462,robot_0,0.541,3.864
1777621907,522236681,robot_2,0.291,2.471
1777621907,522262269,robot_4,-0.158,-0.636
1777621907,522274717,robot_3,0.165,-4.006
1777621907,522284187,robot_0,3.500,-3.250
1777621907,722560270,robot_2,0.291,2.471
1777621907,722590306,robot_4,-0.158,-0.636
1777621907,722599767,robot_3,0.165,-4.006
1777621907,722607163,robot_0,3.500,-3.250
1777621907,922766673,robot_2,0.291,2.471
1777621907,922789646,robot_4,-0.158,-0.636
1777621907,922797935,robot_3,0.165,-4.006
1777621907,922804644,robot_0,3.500,-3.250
1777621908,122862143,robot_2,0.291,2.471
1777621908,122899452,robot_4,-0.158,-0.636
1777621908,122917055,robot_3,0.165,-4.006
1777621908,122930609,robot_0,3.500,-3.250
1777621908,325258135,robot_2,-3.250,-1.750
1777621908,325277782,robot_1,-2.357,-1.928
1777621908,325286696,robot_0,0.541,3.864
1777621908,541931248,robot_2,0.291,2.471
1777621908,541952125,robot_4,-0.158,-0.636
1777621908,541960360,robot_3,0.165,-4.006
1777621908,541967596,robot_0,3.500,-3.250
1777621908,742164254,robot_2,0.291,2.471
1777621908,742187082,robot_4,-0.158,-0.636
1777621908,742197427,robot_3,0.165,-4.006
1777621908,742205437,robot_0,3.500,-3.250
1777621908,942753597,robot_2,0.291,2.471
1777621908,942777579,robot_4,-0.158,-0.636
1777621908,942785471,robot_3,0.165,-4.006
1777621908,942792537,robot_0,3.500,-3.250
1777621909,145090635,robot_2,-3.250,-1.750
1777621909,145110046,robot_1,-2.357,-1.928
1777621909,145118825,robot_0,0.541,3.864
1777621909,361857039,robot_2,0.291,2.471
1777621909,361877838,robot_4,-0.158,-0.636
1777621909,361885875,robot_3,0.165,-4.006
1777621909,361892521,robot_0,3.500,-3.250
1777621909,562106714,robot_2,0.291,2.471
1777621909,562126626,robot_4,-0.158,-0.636
1777621909,562135328,robot_3,0.165,-4.006
1777621909,562141944,robot_0,3.500,-3.250
1777621909,762674031,robot_2,0.291,2.471
1777621909,762701481,robot_4,-0.158,-0.636
1777621909,762715199,robot_3,0.165,-4.006
1777621909,762727813,robot_0,3.500,-3.250
1777621909,965075431,robot_2,-3.250,-1.750
1777621909,965097614,robot_1,-2.357,-1.928
1777621909,965106276,robot_0,0.541,3.864
1777621910,181899990,robot_2,0.291,2.471
1777621910,181919290,robot_4,-0.158,-0.636
1777621910,181927719,robot_3,0.165,-4.006
1777621910,181934517,robot_0,3.500,-3.250
1777621910,383861689,robot_2,0.291,2.471
1777621910,383879955,robot_4,-0.158,-0.636
1777621910,383888094,robot_3,0.165,-4.006
1777621910,383894501,robot_0,3.500,-3.250
1777621910,585198026,robot_2,-3.250,-1.750
1777621910,585216617,robot_1,-2.357,-1.928
1777621910,585224776,robot_0,0.541,3.864
1777621910,785217966,robot_2,-3.250,-1.750
1777621910,785238928,robot_1,-2.357,-1.928
1777621910,785247255,robot_0,0.541,3.864
1777621911,1902646,robot_2,0.291,2.471
1777621911,1925277,robot_4,-0.158,-0.636
1777621911,1934005,robot_3,0.165,-4.006
1777621911,1941018,robot_0,3.500,-3.250
1777621911,202090743,robot_2,0.291,2.471
1777621911,202112599,robot_4,-0.158,-0.636
1777621911,202121508,robot_3,0.165,-4.006
1777621911,202129339,robot_0,3.500,-3.250
1777621911,402410161,robot_2,0.291,2.471
1777621911,402442719,robot_4,-0.158,-0.636
1777621911,402459397,robot_3,0.165,-4.006
1777621911,402473871,robot_0,3.500,-3.250
1777621911,603885223,robot_2,0.291,2.471
1777621911,603909162,robot_4,-0.158,-0.636
1777621911,603918977,robot_3,0.165,-4.006
1777621911,603927245,robot_0,3.500,-3.250
1777621911,805317658,robot_2,-3.250,-1.750
1777621911,805338536,robot_1,-2.357,-1.928
1777621911,805346301,robot_0,0.541,3.864
1777621912,22491324,robot_2,0.291,2.471
1777621912,22511845,robot_4,-0.158,-0.636
1777621912,22520548,robot_3,0.165,-4.006
1777621912,22527347,robot_0,3.500,-3.250
1777621912,225308406,robot_2,-3.250,-1.750
1777621912,225328861,robot_1,-2.357,-1.928
1777621912,225337273,robot_0,0.541,3.864
1777621912,425782439,robot_2,-3.250,-1.750
1777621912,425804348,robot_1,-2.357,-1.928
1777621912,425812003,robot_0,0.541,3.864
1777621912,627216834,robot_2,-3.250,-1.750
1777621912,627247821,robot_1,-2.357,-1.928
1777621912,627264266,robot_0,0.541,3.864
1777621912,842205133,robot_2,0.291,2.471
1777621912,842224895,robot_4,-0.158,-0.636
1777621912,842232427,robot_3,0.165,-4.006
1777621912,842238617,robot_0,3.500,-3.250
1777621913,45320194,robot_2,-3.250,-1.750
1777621913,45339853,robot_1,-2.357,-1.928
1777621913,45347091,robot_0,0.541,3.864
1777621913,262063963,robot_2,0.291,2.471
1777621913,262082979,robot_4,-0.158,-0.636
1777621913,262091542,robot_3,0.165,-4.006
1777621913,262098604,robot_0,3.500,-3.250
1777621913,462396074,robot_2,0.291,2.471
1777621913,462417935,robot_4,-0.158,-0.636
1777621913,462427161,robot_3,0.165,-4.006
1777621913,462434747,robot_0,3.500,-3.250
1777621913,665353050,robot_2,-3.250,-1.750
1777621913,665373787,robot_1,-2.357,-1.928
1777621913,665387964,robot_0,0.541,3.864
1777621913,882310387,robot_2,0.291,2.471
1777621913,882329322,robot_4,-0.158,-0.636
1777621913,882338434,robot_3,0.165,-4.006
1777621913,882345593,robot_0,3.500,-3.250
1777621914,82573638,robot_2,0.291,2.471
1777621914,82591435,robot_4,-0.158,-0.636
1777621914,82599649,robot_3,0.165,-4.006
1777621914,82606586,robot_0,3.500,-3.250
1777621914,283191748,robot_2,0.291,2.471
1777621914,283217807,robot_4,-0.158,-0.636
1777621914,283228748,robot_3,0.165,-4.006
1777621914,283237792,robot_0,3.500,-3.250
1777621914,485040167,robot_2,-3.250,-1.750
1777621914,485058117,robot_1,-2.357,-1.928
1777621914,485066247,robot_0,0.541,3.864
1777621914,685481489,robot_2,-3.250,-1.750
1777621914,685509985,robot_1,-2.357,-1.928
1777621914,685525562,robot_0,0.541,3.864
1777621914,902404435,robot_2,0.291,2.471
1777621914,902434004,robot_4,-0.158,-0.636
1777621914,902447272,robot_3,0.165,-4.006
1777621914,902458558,robot_0,3.500,-3.250
1777621915,102588804,robot_2,0.291,2.471
1777621915,102611471,robot_4,-0.158,-0.636
1777621915,102620571,robot_3,0.165,-4.006
1777621915,102627946,robot_0,3.500,-3.250
1777621915,302921153,robot_2,0.291,2.471
1777621915,302950248,robot_4,-0.158,-0.636
1777621915,302966367,robot_3,0.165,-4.006
1777621915,302979878,robot_0,3.500,-3.250
1777621915,505029492,robot_2,-3.250,-1.750
1777621915,505048336,robot_1,-2.357,-1.928
1777621915,505056154,robot_0,0.541,3.864
1777621915,721903977,robot_2,0.291,2.471
1777621915,721926620,robot_4,-0.158,-0.636
1777621915,721936052,robot_3,0.165,-4.006
1777621915,721945248,robot_0,3.500,-3.250
1777621915,923943790,robot_2,0.291,2.471
1777621915,923986298,robot_4,-0.158,-0.636
1777621915,924010169,robot_3,0.165,-4.006
1777621915,924027326,robot_0,3.500,-3.250
1777621916,125766096,robot_2,-3.250,-1.750
1777621916,125786506,robot_1,-2.357,-1.928
1777621916,125794348,robot_0,0.541,3.864
1777621916,325766117,robot_2,-3.250,-1.750
1777621916,325783645,robot_1,-2.357,-1.928
1777621916,325791702,robot_0,0.541,3.864
1777621916,541873743,robot_2,0.291,2.471
1777621916,541892917,robot_4,-0.158,-0.636
1777621916,541900976,robot_3,0.165,-4.006
1777621916,541907598,robot_0,3.500,-3.250
1777621916,742456770,robot_2,0.291,2.471
1777621916,742476029,robot_4,-0.158,-0.636
1777621916,742484491,robot_3,0.165,-4.006
1777621916,742491069,robot_0,3.500,-3.250
1777621916,942493642,robot_2,0.291,2.471
1777621916,942515938,robot_4,-0.158,-0.636
1777621916,942524254,robot_3,0.165,-4.006
1777621916,942530827,robot_0,3.500,-3.250
1777621917,142524605,robot_2,0.291,2.471
1777621917,142544228,robot_4,-0.158,-0.636
1777621917,142552509,robot_3,0.165,-4.006
1777621917,142559301,robot_0,3.500,-3.250
1777621917,345336163,robot_2,-3.250,-1.750
1777621917,345353049,robot_1,-2.357,-1.928
1777621917,345360865,robot_0,0.541,3.864
1777621917,561756479,robot_2,0.291,2.471
1777621917,561775074,robot_4,-0.158,-0.636
1777621917,561783342,robot_3,0.165,-4.006
1777621917,561789884,robot_0,3.500,-3.250
1777621917,762201950,robot_2,0.291,2.471
1777621917,762220243,robot_4,-0.158,-0.636
1777621917,762228533,robot_3,0.165,-4.006
1777621917,762235173,robot_0,3.500,-3.250
1777621917,962325098,robot_2,0.291,2.471
1777621917,962346960,robot_4,-0.158,-0.636
1777621917,962355914,robot_3,0.165,-4.006
1777621917,962363223,robot_0,3.500,-3.250
1777621918,165214984,robot_2,-3.250,-1.750
1777621918,165232119,robot_1,-2.357,-1.928
1777621918,165240093,robot_0,0.541,3.864
1777621918,365442199,robot_2,-3.250,-1.750
1777621918,365459541,robot_1,-2.357,-1.928
1777621918,365466727,robot_0,0.541,3.864
1777621918,581994916,robot_2,0.291,2.471
1777621918,582017877,robot_4,-0.158,-0.636
1777621918,582026956,robot_3,0.165,-4.006
1777621918,582034322,robot_0,3.500,-3.250
1777621918,782375864,robot_2,0.291,2.471
1777621918,782407032,robot_4,-0.158,-0.636
1777621918,782417601,robot_3,0.165,-4.006
1777621918,782425529,robot_0,3.500,-3.250
1777621918,985141451,robot_2,-3.250,-1.750
1777621918,985163469,robot_1,-2.357,-1.928
1777621918,985171753,robot_0,0.541,3.864
1777621919,185879891,robot_2,-3.250,-1.750
1777621919,185899430,robot_1,-2.357,-1.928
1777621919,185909088,robot_0,0.541,3.864
1777621919,402118486,robot_2,0.291,2.471
1777621919,402140731,robot_4,-0.158,-0.636
1777621919,402152850,robot_3,0.165,-4.006
1777621919,402165462,robot_0,3.500,-3.250
1777621919,602841225,robot_2,0.291,2.471
1777621919,602865895,robot_4,-0.158,-0.636
1777621919,602874408,robot_3,0.165,-4.006
1777621919,602881221,robot_0,3.500,-3.250
1777621919,802888822,robot_2,0.291,2.471
1777621919,802917370,robot_4,-0.158,-0.636
1777621919,802926813,robot_3,0.165,-4.006
1777621919,802933988,robot_0,3.500,-3.250
1777621920,2934389,robot_2,0.291,2.471
1777621920,2975853,robot_4,-0.158,-0.636
1777621920,2992999,robot_3,0.165,-4.006
1777621920,3007806,robot_0,3.500,-3.250
1777621920,203025512,robot_2,0.291,2.471
1777621920,203056436,robot_4,-0.158,-0.636
1777621920,203072446,robot_3,0.165,-4.006
1777621920,203085685,robot_0,3.500,-3.250
1777621920,405450114,robot_2,-3.250,-1.750
1777621920,405479791,robot_1,-2.357,-1.928
1777621920,405495724,robot_0,0.541,3.864
1777621920,605504160,robot_2,-3.250,-1.750
1777621920,605523372,robot_1,-2.357,-1.928
1777621920,605532288,robot_0,0.541,3.864
1777621920,822786312,robot_2,0.291,2.471
1777621920,822908531,robot_4,-0.158,-0.636
1777621920,822946067,robot_3,0.165,-4.006
1777621920,822961871,robot_0,3.500,-3.250
1777621921,25488715,robot_2,-3.250,-1.750
1777621921,25507932,robot_1,-2.357,-1.928
1777621921,25516100,robot_0,0.541,3.864
1777621921,242075932,robot_2,0.291,2.471
1777621921,242112933,robot_4,-0.158,-0.636
1777621921,242129322,robot_3,0.165,-4.006
1777621921,242146359,robot_0,3.500,-3.250
1777621921,442601248,robot_2,0.291,2.471
1777621921,442627410,robot_4,-0.158,-0.636
1777621921,442636800,robot_3,0.165,-4.006
1777621921,442644261,robot_0,3.500,-3.250
1777621921,645271514,robot_2,-3.250,-1.750
1777621921,645292221,robot_1,-2.357,-1.928
1777621921,645301108,robot_0,0.541,3.864
1777621921,845868606,robot_2,-3.250,-1.750
1777621921,845887632,robot_1,-2.357,-1.928
1777621921,845895488,robot_0,0.541,3.864
1777621922,61948830,robot_2,0.291,2.471
1777621922,61970570,robot_4,-0.158,-0.636
1777621922,61978426,robot_3,0.165,-4.006
1777621922,61985303,robot_0,3.500,-3.250
1777621922,262893580,robot_2,0.291,2.471
1777621922,262932768,robot_4,-0.158,-0.636
1777621922,262955521,robot_3,0.165,-4.006
1777621922,262974779,robot_0,3.500,-3.250
1777621922,465760699,robot_2,-3.250,-1.750
1777621922,465782429,robot_1,-2.357,-1.928
1777621922,465791424,robot_0,0.541,3.864
1777621922,682508953,robot_2,0.291,2.471
1777621922,682540142,robot_4,-0.158,-0.636
1777621922,682555093,robot_3,0.165,-4.006
1777621922,682568022,robot_0,3.500,-3.250
1777621922,883410039,robot_2,0.291,2.471
1777621922,883428138,robot_4,-0.158,-0.636
1777621922,883435895,robot_3,0.165,-4.006
1777621922,883442534,robot_0,3.500,-3.250
1777621923,85690733,robot_2,-3.250,-1.750
1777621923,85721856,robot_1,-2.357,-1.928
1777621923,85737407,robot_0,0.541,3.864
1777621923,302698126,robot_2,0.291,2.471
1777621923,302717751,robot_4,-0.158,-0.636
1777621923,302725980,robot_3,0.165,-4.006
1777621923,302732468,robot_0,3.500,-3.250
1777621923,505322023,robot_2,-3.250,-1.750
1777621923,505347643,robot_1,-2.357,-1.928
1777621923,505358870,robot_0,0.541,3.864
1777621923,721744396,robot_2,0.291,2.471
1777621923,721765235,robot_4,-0.158,-0.636
1777621923,721773375,robot_3,0.165,-4.006
1777621923,721782247,robot_0,3.500,-3.250
1777621923,924138932,robot_2,0.291,2.471
1777621923,924162180,robot_4,-0.158,-0.636
1777621923,924170774,robot_3,0.165,-4.006
1777621923,924177345,robot_0,3.500,-3.250
1777621924,125820903,robot_2,-3.250,-1.750
1777621924,125841830,robot_1,-2.357,-1.928
1777621924,125849445,robot_0,0.541,3.864
1777621924,342075431,robot_2,0.291,2.471
1777621924,342096090,robot_4,-0.158,-0.636
1777621924,342104151,robot_3,0.165,-4.006
1777621924,342110322,robot_0,3.500,-3.250
1777621924,544979008,robot_2,-3.250,-1.750
1777621924,544997596,robot_1,-2.357,-1.928
1777621924,545005464,robot_0,0.541,3.864
1777621924,761838772,robot_2,0.291,2.471
1777621924,761859155,robot_4,-0.158,-0.636
1777621924,761867253,robot_3,0.165,-4.006
1777621924,761873884,robot_0,3.500,-3.250
1777621924,962130278,robot_2,0.291,2.471
1777621924,962153335,robot_4,-0.158,-0.636
1777621924,962162406,robot_3,0.165,-4.006
1777621924,962168981,robot_0,3.500,-3.250
1777621925,162391834,robot_2,0.291,2.471
1777621925,162415703,robot_4,-0.158,-0.636
1777621925,162424661,robot_3,0.165,-4.006
1777621925,162431062,robot_0,3.500,-3.250
1777621925,364939777,robot_2,-3.250,-1.750
1777621925,364959524,robot_1,-2.357,-1.928
1777621925,364967254,robot_0,0.541,3.864
1777621925,565271404,robot_2,-3.250,-1.750
1777621925,565291932,robot_1,-2.357,-1.928
1777621925,565299485,robot_0,0.541,3.864
1777621925,765452069,robot_2,-3.250,-1.750
1777621925,765472522,robot_1,-2.357,-1.928
1777621925,765480502,robot_0,0.541,3.864
1777621925,966002133,robot_2,-3.250,-1.750
1777621925,966022775,robot_1,-2.357,-1.928
1777621925,966030972,robot_0,0.541,3.864
1777621926,182459353,robot_2,0.291,2.471
1777621926,182479328,robot_4,-0.158,-0.636
1777621926,182488329,robot_3,0.165,-4.006
1777621926,182494872,robot_0,3.500,-3.250
1777621926,382713514,robot_2,0.291,2.471
1777621926,382745060,robot_4,-0.158,-0.636
1777621926,382761444,robot_3,0.165,-4.006
1777621926,382775364,robot_0,3.500,-3.250
1777621926,585311708,robot_2,-3.250,-1.750
1777621926,585334458,robot_1,-2.357,-1.928
1777621926,585343576,robot_0,0.541,3.864
1777621926,785348554,robot_2,-3.250,-1.750
1777621926,785368690,robot_1,-2.357,-1.928
1777621926,785376530,robot_0,0.541,3.864
1777621927,1963547,robot_2,0.291,2.471
1777621927,1984966,robot_4,-0.158,-0.636
1777621927,1993068,robot_3,0.165,-4.006
1777621927,2000025,robot_0,3.500,-3.250
1777621927,202280154,robot_2,0.291,2.471
1777621927,202300270,robot_4,-0.158,-0.636
1777621927,202308789,robot_3,0.165,-4.006
1777621927,202315229,robot_0,3.500,-3.250
1777621927,405004594,robot_2,-3.250,-1.750
1777621927,405025323,robot_1,-2.357,-1.928
1777621927,405033833,robot_0,0.541,3.864
1777621927,605588078,robot_2,-3.250,-1.750
1777621927,605613361,robot_1,-2.357,-1.928
1777621927,605621867,robot_0,0.541,3.864
1777621927,821749561,robot_2,0.291,2.471
1777621927,821772011,robot_4,-0.158,-0.636
1777621927,821780607,robot_3,0.165,-4.006
1777621927,821787495,robot_0,3.500,-3.250
1777621928,22015411,robot_2,0.291,2.471
1777621928,22038362,robot_4,-0.158,-0.636
1777621928,22047707,robot_3,0.165,-4.006
1777621928,22054615,robot_0,3.500,-3.250
1777621928,225010704,robot_2,-3.250,-1.750
1777621928,225032760,robot_1,-2.357,-1.928
1777621928,225040889,robot_0,0.541,3.864
1777621928,425761442,robot_2,-3.250,-1.750
1777621928,425784955,robot_1,-2.357,-1.928
1777621928,425792972,robot_0,0.541,3.864
1777621928,642479063,robot_2,0.291,2.471
1777621928,642502396,robot_4,-0.158,-0.636
1777621928,642511640,robot_3,0.165,-4.006
1777621928,642518933,robot_0,3.500,-3.250
1777621928,843269278,robot_2,0.291,2.471
1777621928,843290245,robot_4,-0.158,-0.636
1777621928,843299475,robot_3,0.165,-4.006
1777621928,843307038,robot_0,3.500,-3.250
1777621929,44959651,robot_2,-3.250,-1.750
1777621929,44979664,robot_1,-2.357,-1.928
1777621929,44987588,robot_0,0.541,3.864
1777621929,244969767,robot_2,-3.250,-1.750
1777621929,244989504,robot_1,-2.357,-1.928
1777621929,244997275,robot_0,0.541,3.864
1777621929,445720068,robot_2,-3.250,-1.750
1777621929,445741330,robot_1,-2.357,-1.928
1777621929,445749200,robot_0,0.541,3.864
1777621929,661964957,robot_2,0.291,2.471
1777621929,661986322,robot_4,-0.158,-0.636
1777621929,661994713,robot_3,0.165,-4.006
1777621929,662001928,robot_0,3.500,-3.250
1777621929,862028358,robot_2,0.291,2.471
1777621929,862051493,robot_4,-0.158,-0.636
1777621929,862061784,robot_3,0.165,-4.006
1777621929,862069989,robot_0,3.500,-3.250
1777621930,62113877,robot_2,0.291,2.471
1777621930,62136463,robot_4,-0.158,-0.636
1777621930,62145200,robot_3,0.165,-4.006
1777621930,62152514,robot_0,3.500,-3.250
1777621930,262788143,robot_2,0.291,2.471
1777621930,262819901,robot_4,-0.158,-0.636
1777621930,262835515,robot_3,0.165,-4.006
1777621930,262848740,robot_0,3.500,-3.250
1777621930,465160447,robot_2,-3.250,-1.750
1777621930,465182152,robot_1,-2.357,-1.928
1777621930,465190551,robot_0,0.541,3.864
1777621930,665474646,robot_2,-3.250,-1.750
1777621930,665494599,robot_1,-2.357,-1.928
1777621930,665502352,robot_0,0.541,3.864
1777621930,881820885,robot_2,0.291,2.471
1777621930,881842375,robot_4,-0.158,-0.636
1777621930,881850874,robot_3,0.165,-4.006
1777621930,881857723,robot_0,3.500,-3.250
1777621931,81953870,robot_2,0.291,2.471
1777621931,81973572,robot_4,-0.158,-0.636
1777621931,81981546,robot_3,0.165,-4.006
1777621931,81988016,robot_0,3.500,-3.250
1777621931,282536695,robot_2,0.291,2.471
1777621931,282556164,robot_4,-0.158,-0.636
1777621931,282564080,robot_3,0.165,-4.006
1777621931,282570236,robot_0,3.500,-3.250
1777621931,485608041,robot_2,-3.250,-1.750
1777621931,485628743,robot_1,-2.357,-1.928
1777621931,485637036,robot_0,0.541,3.864
1777621931,702723373,robot_2,0.291,2.471
1777621931,702745377,robot_4,-0.158,-0.636
1777621931,702753797,robot_3,0.165,-4.006
1777621931,702760911,robot_0,3.500,-3.250
1777621931,903141556,robot_2,0.291,2.471
1777621931,903168151,robot_4,-0.158,-0.636
1777621931,903179731,robot_3,0.165,-4.006
1777621931,903190826,robot_0,3.500,-3.250
1777621932,105650293,robot_2,-3.250,-1.750
1777621932,105677092,robot_1,-2.357,-1.928
1777621932,105687828,robot_0,0.541,3.864
1777621932,321845881,robot_2,0.291,2.471
1777621932,321867044,robot_4,-0.158,-0.636
1777621932,321875377,robot_3,0.165,-4.006
1777621932,321883004,robot_0,3.500,-3.250
1777621932,522350762,robot_2,0.291,2.471
1777621932,522386562,robot_4,-0.158,-0.636
1777621932,522403015,robot_3,0.165,-4.006
1777621932,522416822,robot_0,3.500,-3.250
1777621932,725726896,robot_2,-3.250,-1.750
1777621932,725752771,robot_1,-2.357,-1.928
1777621932,725765090,robot_0,0.541,3.864
1777621932,942717888,robot_2,0.291,2.471
1777621932,942744365,robot_4,-0.158,-0.636
1777621932,942753522,robot_3,0.165,-4.006
1777621932,942761208,robot_0,3.500,-3.250
1777621933,145112441,robot_2,-3.250,-1.750
1777621933,145133433,robot_1,-2.357,-1.928
1777621933,145141774,robot_0,0.541,3.864
1777621933,362210063,robot_2,0.291,2.471
1777621933,362230448,robot_4,-0.158,-0.636
1777621933,362238468,robot_3,0.165,-4.006
1777621933,362244539,robot_0,3.500,-3.250
1777621933,562312897,robot_2,0.291,2.471
1777621933,562336799,robot_4,-0.158,-0.636
1777621933,562347236,robot_3,0.165,-4.006
1777621933,562355752,robot_0,3.500,-3.250
1777621933,765155169,robot_2,-3.250,-1.750
1777621933,765176892,robot_1,-2.357,-1.928
1777621933,765185341,robot_0,0.541,3.864
1777621933,965283112,robot_2,-3.250,-1.750
1777621933,965304884,robot_1,-2.357,-1.928
1777621933,965312805,robot_0,0.541,3.864
1777621934,165332589,robot_2,-3.250,-1.750
1777621934,165353540,robot_1,-2.357,-1.928
1777621934,165361344,robot_0,0.541,3.864
1777621934,381776558,robot_2,0.291,2.471
1777621934,381797599,robot_4,-0.158,-0.636
1777621934,381805717,robot_3,0.165,-4.006
1777621934,381812688,robot_0,3.500,-3.250
1777621934,582619385,robot_2,0.291,2.471
1777621934,582642247,robot_4,-0.158,-0.636
1777621934,582651359,robot_3,0.165,-4.006
1777621934,582659044,robot_0,3.500,-3.250
1777621934,785152406,robot_2,-3.250,-1.750
1777621934,785172917,robot_1,-2.357,-1.928
1777621934,785180731,robot_0,0.541,3.864
1777621934,985484310,robot_2,-3.250,-1.750
1777621934,985508145,robot_1,-2.357,-1.928
1777621934,985516598,robot_0,0.541,3.864
1777621935,187110557,robot_2,-3.250,-1.750
1777621935,187161355,robot_1,-2.357,-1.928
1777621935,187186541,robot_0,0.541,3.864
1777621935,402684895,robot_2,0.291,2.471
1777621935,402718371,robot_4,-0.158,-0.636
1777621935,402734731,robot_3,0.165,-4.006
1777621935,402748545,robot_0,3.500,-3.250
1777621935,602886968,robot_2,0.291,2.471
1777621935,602909298,robot_4,-0.158,-0.636
1777621935,602917698,robot_3,0.165,-4.006
1777621935,602924396,robot_0,3.500,-3.250
1777621935,805289243,robot_2,-3.250,-1.750
1777621935,805308932,robot_1,-2.357,-1.928
1777621935,805316650,robot_0,0.541,3.864
1777621936,22530525,robot_2,0.291,2.471
1777621936,22562648,robot_4,-0.158,-0.636
1777621936,22579095,robot_3,0.165,-4.006
1777621936,22590853,robot_0,3.500,-3.250
1777621936,225046296,robot_2,-3.250,-1.750
1777621936,225065990,robot_1,-2.357,-1.928
1777621936,225073227,robot_0,0.541,3.864
1777621936,425915236,robot_2,-3.250,-1.750
1777621936,425948722,robot_1,-2.357,-1.928
1777621936,425964639,robot_0,0.541,3.864
1777621936,626295902,robot_2,-3.250,-1.750
1777621936,626319706,robot_1,-2.357,-1.928
1777621936,626328646,robot_0,0.541,3.864
1777621936,842971943,robot_2,0.291,2.471
1777621936,842998161,robot_4,-0.158,-0.636
1777621936,843007916,robot_3,0.165,-4.006
1777621936,843015335,robot_0,3.500,-3.250
1777621937,45093735,robot_2,-3.250,-1.750
1777621937,45116864,robot_1,-2.357,-1.928
1777621937,45125621,robot_0,0.541,3.864
1777621937,245420040,robot_2,-3.250,-1.750
1777621937,245451671,robot_1,-2.357,-1.928
1777621937,245466925,robot_0,0.541,3.864
1777621937,445681161,robot_2,-3.250,-1.750
1777621937,445702224,robot_1,-2.357,-1.928
1777621937,445709910,robot_0,0.541,3.864
1777621937,661991843,robot_2,0.291,2.471
1777621937,662012245,robot_4,-0.158,-0.636
1777621937,662020243,robot_3,0.165,-4.006
1777621937,662026943,robot_0,3.500,-3.250
1777621937,865315814,robot_2,-3.250,-1.750
1777621937,865335273,robot_1,-2.357,-1.928
1777621937,865342497,robot_0,0.541,3.864
1777621938,81773538,robot_2,0.291,2.471
1777621938,81793911,robot_4,-0.158,-0.636
1777621938,81801532,robot_3,0.165,-4.006
1777621938,81808117,robot_0,3.500,-3.250
1777621938,281848735,robot_2,0.291,2.471
1777621938,281869211,robot_4,-0.158,-0.636
1777621938,281876850,robot_3,0.165,-4.006
1777621938,281883496,robot_0,3.500,-3.250
1777621938,482004940,robot_2,0.291,2.471
1777621938,482026276,robot_4,-0.158,-0.636
1777621938,482034218,robot_3,0.165,-4.006
1777621938,482040659,robot_0,3.500,-3.250
1777621938,682581701,robot_2,0.291,2.471
1777621938,682604761,robot_4,-0.158,-0.636
1777621938,682613372,robot_3,0.165,-4.006
1777621938,682620984,robot_0,3.500,-3.250
1777621938,885025243,robot_2,-3.250,-1.750
1777621938,885046321,robot_1,-2.357,-1.928
1777621938,885054435,robot_0,0.541,3.864
1777621939,85498823,robot_2,-3.250,-1.750
1777621939,85538924,robot_1,-2.357,-1.928
1777621939,85560767,robot_0,0.541,3.864
1777621939,285631440,robot_2,-3.250,-1.750
1777621939,285663564,robot_1,-2.357,-1.928
1777621939,285679210,robot_0,0.541,3.864
1777621939,502625178,robot_2,0.291,2.471
1777621939,502648967,robot_4,-0.158,-0.636
1777621939,502659931,robot_3,0.165,-4.006
1777621939,502668318,robot_0,3.500,-3.250
1777621939,705093170,robot_2,-3.250,-1.750
1777621939,705113633,robot_1,-2.357,-1.928
1777621939,705121931,robot_0,0.541,3.864
1777621939,922418534,robot_2,0.291,2.471
1777621939,922443061,robot_4,-0.158,-0.636
1777621939,922451922,robot_3,0.165,-4.006
1777621939,922458908,robot_0,3.500,-3.250
1777621940,122669695,robot_2,0.291,2.471
1777621940,122699005,robot_4,-0.158,-0.636
1777621940,122708233,robot_3,0.165,-4.006
1777621940,122714870,robot_0,3.500,-3.250
1777621940,324944428,robot_2,-3.250,-1.750
1777621940,324964765,robot_1,-2.357,-1.928
1777621940,324972185,robot_0,0.541,3.864
1777621940,525073028,robot_2,-3.250,-1.750
1777621940,525092750,robot_1,-2.357,-1.928
1777621940,525100281,robot_0,0.541,3.864
1777621940,742017781,robot_2,0.291,2.471
1777621940,742046230,robot_4,-0.158,-0.636
1777621940,742061309,robot_3,0.165,-4.006
1777621940,742073690,robot_0,3.500,-3.250
1777621940,942684734,robot_2,0.291,2.471
1777621940,942707507,robot_4,-0.158,-0.636
1777621940,942715641,robot_3,0.165,-4.006
1777621940,942722249,robot_0,3.500,-3.250
1777621941,145128222,robot_2,-3.250,-1.750
1777621941,145148901,robot_1,-2.357,-1.928
1777621941,145156273,robot_0,0.541,3.864
1777621941,345581442,robot_2,-3.250,-1.750
1777621941,345601656,robot_1,-2.357,-1.928
1777621941,345609783,robot_0,0.541,3.864
1777621941,545998698,robot_2,-3.250,-1.750
1777621941,546020251,robot_1,-2.357,-1.928
1777621941,546029494,robot_0,0.541,3.864
1777621941,762602763,robot_2,0.291,2.471
1777621941,762624503,robot_4,-0.158,-0.636
1777621941,762633966,robot_3,0.165,-4.006
1777621941,762641300,robot_0,3.500,-3.250
1777621941,965405578,robot_2,-3.250,-1.750
1777621941,965428026,robot_1,-2.357,-1.928
1777621941,965436576,robot_0,0.541,3.864
1777621942,182224424,robot_2,0.291,2.471
1777621942,182248468,robot_4,-0.158,-0.636
1777621942,182257435,robot_3,0.165,-4.006
1777621942,182264472,robot_0,3.500,-3.250
1777621942,384967203,robot_2,-3.250,-1.750
1777621942,384987971,robot_1,-2.357,-1.928
1777621942,384996643,robot_0,0.541,3.864
1777621942,585297802,robot_2,-3.250,-1.750
1777621942,585320701,robot_1,-2.357,-1.928
1777621942,585329119,robot_0,0.541,3.864
1777621942,785594443,robot_2,-3.250,-1.750
1777621942,785615112,robot_1,-2.357,-1.928
1777621942,785623307,robot_0,0.541,3.864
1777621942,985737224,robot_2,-3.250,-1.750
1777621942,985758715,robot_1,-2.357,-1.928
1777621942,985766601,robot_0,0.541,3.864
1777621943,185817115,robot_2,-3.250,-1.750
1777621943,185857122,robot_1,-2.357,-1.928
1777621943,185877861,robot_0,0.541,3.864
1777621943,403034079,robot_2,0.291,2.471
1777621943,403062725,robot_4,-0.158,-0.636
1777621943,403075061,robot_3,0.165,-4.006
1777621943,403084967,robot_0,3.500,-3.250
1777621943,603301475,robot_2,0.291,2.471
1777621943,603344146,robot_4,-0.158,-0.636
1777621943,603361480,robot_3,0.165,-4.006
1777621943,603376539,robot_0,3.500,-3.250
1777621943,805663444,robot_2,-3.250,-1.750
1777621943,805695105,robot_1,-2.357,-1.928
1777621943,805710439,robot_0,0.541,3.864
1777621944,21841413,robot_2,0.291,2.471
1777621944,21862547,robot_4,-0.158,-0.636
1777621944,21870863,robot_3,0.165,-4.006
1777621944,21877738,robot_0,3.500,-3.250
1777621944,223048761,robot_2,0.291,2.471
1777621944,223090722,robot_4,-0.158,-0.636
1777621944,223113222,robot_3,0.165,-4.006
1777621944,223133031,robot_0,3.500,-3.250
1777621944,426296908,robot_2,-3.250,-1.750
1777621944,426318605,robot_1,-2.357,-1.928
1777621944,426326168,robot_0,0.541,3.864
1777621944,628020878,robot_2,-3.250,-1.750
1777621944,628055516,robot_1,-2.357,-1.928
1777621944,628071104,robot_0,0.541,3.864
1777621944,841957974,robot_2,0.291,2.471
1777621944,841980517,robot_4,-0.158,-0.636
1777621944,841989625,robot_3,0.165,-4.006
1777621944,841996888,robot_0,3.500,-3.250
1777621945,42363906,robot_2,0.291,2.471
1777621945,42395425,robot_4,-0.158,-0.636
1777621945,42409109,robot_3,0.165,-4.006
1777621945,42418746,robot_0,3.500,-3.250
1777621945,245454912,robot_2,-3.250,-1.750
1777621945,245489548,robot_1,-2.357,-1.928
1777621945,245501333,robot_0,0.541,3.864
1777621945,445593360,robot_2,-3.250,-1.750
1777621945,445617176,robot_1,-2.357,-1.928
1777621945,445626481,robot_0,0.541,3.864
1777621945,662250273,robot_2,0.291,2.471
1777621945,662273983,robot_4,-0.158,-0.636
1777621945,662283847,robot_3,0.165,-4.006
1777621945,662291650,robot_0,3.500,-3.250
1777621945,864999394,robot_2,-3.250,-1.750
1777621945,865019753,robot_1,-2.357,-1.928
1777621945,865028448,robot_0,0.541,3.864
1777621946,65005350,robot_2,-3.250,-1.750
1777621946,65027031,robot_1,-2.357,-1.928
1777621946,65035143,robot_0,0.541,3.864
1777621946,281918801,robot_2,0.291,2.471
1777621946,281945332,robot_4,-0.158,-0.636
1777621946,281953760,robot_3,0.165,-4.006
1777621946,281960583,robot_0,3.500,-3.250
1777621946,485321540,robot_2,-3.250,-1.750
1777621946,485344114,robot_1,-2.357,-1.928
1777621946,485352362,robot_0,0.541,3.864
1777621946,685963635,robot_2,-3.250,-1.750
1777621946,685985247,robot_1,-2.357,-1.928
1777621946,685993392,robot_0,0.541,3.864
1777621946,886124248,robot_2,-3.250,-1.750
1777621946,886144220,robot_1,-2.357,-1.928
1777621946,886152410,robot_0,0.541,3.864
1777621947,102596070,robot_2,0.291,2.471
1777621947,102620379,robot_4,-0.158,-0.636
1777621947,102629444,robot_3,0.165,-4.006
1777621947,102636323,robot_0,3.500,-3.250
1777621947,305475796,robot_2,-3.250,-1.750
1777621947,305505201,robot_1,-2.357,-1.928
1777621947,305516868,robot_0,0.541,3.864
1777621947,522470250,robot_2,0.291,2.471
1777621947,522498947,robot_4,-0.158,-0.636
1777621947,522511441,robot_3,0.165,-4.006
1777621947,522521850,robot_0,3.500,-3.250
1777621947,723080362,robot_2,0.291,2.471
1777621947,723111342,robot_4,-0.158,-0.636
1777621947,723126855,robot_3,0.165,-4.006
1777621947,723140675,robot_0,3.500,-3.250
1777621947,925404950,robot_2,-3.250,-1.750
1777621947,925425546,robot_1,-2.357,-1.928
1777621947,925433156,robot_0,0.541,3.864
1777621948,125945733,robot_2,-3.250,-1.750
1777621948,125967913,robot_1,-2.357,-1.928
1777621948,125975385,robot_0,0.541,3.864
1777621948,341892697,robot_2,0.291,2.471
1777621948,341915938,robot_4,-0.158,-0.636
1777621948,341925347,robot_3,0.165,-4.006
1777621948,341932399,robot_0,3.500,-3.250
1777621948,542261831,robot_2,0.291,2.471
1777621948,542292072,robot_4,-0.158,-0.636
1777621948,542308577,robot_3,0.165,-4.006
1777621948,542321912,robot_0,3.500,-3.250
1777621948,743167373,robot_2,0.291,2.471
1777621948,743200784,robot_4,-0.158,-0.636
1777621948,743216937,robot_3,0.165,-4.006
1777621948,743230717,robot_0,3.500,-3.250
1777621948,945617568,robot_2,-3.250,-1.750
1777621948,945647533,robot_1,-2.357,-1.928
1777621948,945661933,robot_0,0.541,3.864
1777621949,162286288,robot_2,0.291,2.471
1777621949,162310405,robot_4,-0.158,-0.636
1777621949,162319739,robot_3,0.165,-4.006
1777621949,162327884,robot_0,3.500,-3.250
1777621949,362326371,robot_2,0.291,2.471
1777621949,362359460,robot_4,-0.158,-0.636
1777621949,362375834,robot_3,0.165,-4.006
1777621949,362394220,robot_0,3.500,-3.250
1777621949,562861380,robot_2,0.291,2.471
1777621949,562895283,robot_4,-0.158,-0.636
1777621949,562910866,robot_3,0.165,-4.006
1777621949,562925327,robot_0,3.500,-3.250
1777621949,765204034,robot_2,-3.250,-1.750
1777621949,765224511,robot_1,-2.357,-1.928
1777621949,765232059,robot_0,0.541,3.864
1777621949,965619392,robot_2,-3.250,-1.750
1777621949,965639159,robot_1,-2.357,-1.928
1777621949,965647471,robot_0,0.541,3.864
1777621950,182754588,robot_2,0.291,2.471
1777621950,182780055,robot_4,-0.158,-0.636
1777621950,182790966,robot_3,0.165,-4.006
1777621950,182800707,robot_0,3.500,-3.250
1777621950,385001464,robot_2,-3.250,-1.750
1777621950,385022477,robot_1,-2.357,-1.928
1777621950,385032441,robot_0,0.541,3.864
1777621950,585472037,robot_2,-3.250,-1.750
1777621950,585505393,robot_1,-2.357,-1.928
1777621950,585521154,robot_0,0.541,3.864
1777621950,786066662,robot_2,-3.250,-1.750
1777621950,786098425,robot_1,-2.357,-1.928
1777621950,786114164,robot_0,0.541,3.864
1777621951,2812490,robot_2,0.291,2.471
1777621951,2833754,robot_4,-0.158,-0.636
1777621951,2841803,robot_3,0.165,-4.006
1777621951,2848122,robot_0,3.500,-3.250
1777621951,202903465,robot_2,0.291,2.471
1777621951,202934642,robot_4,-0.158,-0.636
1777621951,202950035,robot_3,0.165,-4.006
1777621951,202962980,robot_0,3.500,-3.250
1777621951,403490505,robot_2,0.291,2.471
1777621951,403510361,robot_4,-0.158,-0.636
1777621951,403522925,robot_3,0.165,-4.006
1777621951,403535586,robot_0,3.500,-3.250
1777621951,605827624,robot_2,-3.250,-1.750
1777621951,605864922,robot_1,-2.357,-1.928
1777621951,605881001,robot_0,0.541,3.864
1777621951,821957780,robot_2,0.291,2.471
1777621951,821978994,robot_4,-0.158,-0.636
1777621951,821988371,robot_3,0.165,-4.006
1777621951,821995593,robot_0,3.500,-3.250
1777621952,25072757,robot_2,-3.250,-1.750
1777621952,25094136,robot_1,-2.357,-1.928
1777621952,25102594,robot_0,0.541,3.864
1777621952,242149245,robot_2,0.291,2.471
1777621952,242172813,robot_4,-0.158,-0.636
1777621952,242182556,robot_3,0.165,-4.006
1777621952,242190184,robot_0,3.500,-3.250
1777621952,442632885,robot_2,0.291,2.471
1777621952,442657689,robot_4,-0.158,-0.636
1777621952,442666441,robot_3,0.165,-4.006
1777621952,442673433,robot_0,3.500,-3.250
1777621952,645832829,robot_2,-3.250,-1.750
1777621952,645857426,robot_1,-2.357,-1.928
1777621952,645866340,robot_0,0.541,3.864
1777621952,861893392,robot_2,0.291,2.471
1777621952,861913934,robot_4,-0.158,-0.636
1777621952,861922117,robot_3,0.165,-4.006
1777621952,861928855,robot_0,3.500,-3.250
1777621953,62066309,robot_2,0.291,2.471
1777621953,62088131,robot_4,-0.158,-0.636
1777621953,62097409,robot_3,0.165,-4.006
1777621953,62104284,robot_0,3.500,-3.250
1777621953,262755605,robot_2,0.291,2.471
1777621953,262784795,robot_4,-0.158,-0.636
1777621953,262797817,robot_3,0.165,-4.006
1777621953,262809737,robot_0,3.500,-3.250
1777621953,465096170,robot_2,-3.250,-1.750
1777621953,465118633,robot_1,-2.357,-1.928
1777621953,465126813,robot_0,0.541,3.864
1777621953,665357633,robot_2,-3.250,-1.750
1777621953,665377611,robot_1,-2.357,-1.928
1777621953,665394121,robot_0,0.541,3.864
1777621953,865556984,robot_2,-3.250,-1.750
1777621953,865589113,robot_1,-2.357,-1.928
1777621953,865603829,robot_0,0.541,3.864
1777621954,82448537,robot_2,0.291,2.471
1777621954,82472460,robot_4,-0.158,-0.636
1777621954,82482759,robot_3,0.165,-4.006
1777621954,82490136,robot_0,3.500,-3.250
1777621954,285779572,robot_2,-3.250,-1.750
1777621954,285808095,robot_1,-2.357,-1.928
1777621954,285820848,robot_0,0.541,3.864
1777621954,502047714,robot_2,0.291,2.471
1777621954,502070719,robot_4,-0.158,-0.636
1777621954,502080838,robot_3,0.165,-4.006
1777621954,502090054,robot_0,3.500,-3.250
1777621954,702531936,robot_2,0.291,2.471
1777621954,702553313,robot_4,-0.158,-0.636
1777621954,702561835,robot_3,0.165,-4.006
1777621954,702568274,robot_0,3.500,-3.250
1777621954,902538419,robot_2,0.291,2.471
1777621954,902559217,robot_4,-0.158,-0.636
1777621954,902567472,robot_3,0.165,-4.006
1777621954,902573914,robot_0,3.500,-3.250
1777621955,103616259,robot_2,0.291,2.471
1777621955,103647805,robot_4,-0.158,-0.636
1777621955,103660345,robot_3,0.165,-4.006
1777621955,103670134,robot_0,3.500,-3.250
1777621955,305034446,robot_2,-3.250,-1.750
1777621955,305053294,robot_1,-2.357,-1.928
1777621955,305060972,robot_0,0.541,3.864
1777621955,505443052,robot_2,-3.250,-1.750
1777621955,505463386,robot_1,-2.357,-1.928
1777621955,505471036,robot_0,0.541,3.864
1777621955,722160080,robot_2,0.291,2.471
1777621955,722185406,robot_4,-0.158,-0.636
1777621955,722194965,robot_3,0.165,-4.006
1777621955,722203724,robot_0,3.500,-3.250
1777621955,922439874,robot_2,0.291,2.471
1777621955,922464284,robot_4,-0.158,-0.636
1777621955,922472939,robot_3,0.165,-4.006
1777621955,922479922,robot_0,3.500,-3.250
1777621956,122830675,robot_2,0.291,2.471
1777621956,122853068,robot_4,-0.158,-0.636
1777621956,122861747,robot_3,0.165,-4.006
1777621956,122868429,robot_0,3.500,-3.250
1777621956,325174355,robot_2,-3.250,-1.750
1777621956,325193784,robot_1,-2.357,-1.928
1777621956,325201595,robot_0,0.541,3.864
1777621956,525299623,robot_2,-3.250,-1.750
1777621956,525326711,robot_1,-2.357,-1.928
1777621956,525335504,robot_0,0.541,3.864
1777621956,741803342,robot_2,0.291,2.471
1777621956,741822999,robot_4,-0.158,-0.636
1777621956,741830533,robot_3,0.165,-4.006
1777621956,741837153,robot_0,3.500,-3.250
1777621956,942590790,robot_2,0.291,2.471
1777621956,942613922,robot_4,-0.158,-0.636
1777621956,942622051,robot_3,0.165,-4.006
1777621956,942628980,robot_0,3.500,-3.250
1777621957,142623826,robot_2,0.291,2.471
1777621957,142655141,robot_4,-0.158,-0.636
1777621957,142668912,robot_3,0.165,-4.006
1777621957,142676541,robot_0,3.500,-3.250
1777621957,345094862,robot_2,-3.250,-1.750
1777621957,345115993,robot_1,-2.357,-1.928
1777621957,345123833,robot_0,0.541,3.864
1777621957,562208616,robot_2,0.291,2.471
1777621957,562229526,robot_4,-0.158,-0.636
1777621957,562238311,robot_3,0.165,-4.006
1777621957,562244599,robot_0,3.500,-3.250
1777621957,764975883,robot_2,-3.250,-1.750
1777621957,764997051,robot_1,-2.357,-1.928
1777621957,765004428,robot_0,0.541,3.864
1777621957,965151736,robot_2,-3.250,-1.750
1777621957,965173890,robot_1,-2.357,-1.928
1777621957,965182309,robot_0,0.541,3.864
1777621958,181977753,robot_2,0.291,2.471
1777621958,181997765,robot_4,-0.158,-0.636
1777621958,182006692,robot_3,0.165,-4.006
1777621958,182013814,robot_0,3.500,-3.250
1777621958,382027276,robot_2,0.291,2.471
1777621958,382049313,robot_4,-0.158,-0.636
1777621958,382057797,robot_3,0.165,-4.006
1777621958,382064665,robot_0,3.500,-3.250
1777621958,585219682,robot_2,-3.250,-1.750
1777621958,585241331,robot_1,-2.357,-1.928
1777621958,585250378,robot_0,0.541,3.864
1777621958,786045978,robot_2,-3.250,-1.750
1777621958,786075785,robot_1,-2.357,-1.928
1777621958,786091527,robot_0,0.541,3.864
1777621959,2772752,robot_2,0.291,2.471
1777621959,2796801,robot_4,-0.158,-0.636
1777621959,2806969,robot_3,0.165,-4.006
1777621959,2815962,robot_0,3.500,-3.250
1777621959,203072105,robot_2,0.291,2.471
1777621959,203105685,robot_4,-0.158,-0.636
1777621959,203122529,robot_3,0.165,-4.006
1777621959,203136685,robot_0,3.500,-3.250
1777621959,403934418,robot_2,0.291,2.471
1777621959,403961940,robot_4,-0.158,-0.636
1777621959,403973019,robot_3,0.165,-4.006
1777621959,403982249,robot_0,3.500,-3.250
1777621959,605372116,robot_2,-3.250,-1.750
1777621959,605399994,robot_1,-2.357,-1.928
1777621959,605408398,robot_0,0.541,3.864
1777621959,821953861,robot_2,0.291,2.471
1777621959,821975064,robot_4,-0.158,-0.636
1777621959,821984412,robot_3,0.165,-4.006
1777621959,821992559,robot_0,3.500,-3.250
1777621960,22717551,robot_2,0.291,2.471
1777621960,22749008,robot_4,-0.158,-0.636
1777621960,22763513,robot_3,0.165,-4.006
1777621960,22775864,robot_0,3.500,-3.250
1777621960,225131943,robot_2,-3.250,-1.750
1777621960,225154962,robot_1,-2.357,-1.928
1777621960,225164279,robot_0,0.541,3.864
1777621960,425928409,robot_2,-3.250,-1.750
1777621960,425952815,robot_1,-2.357,-1.928
1777621960,425961383,robot_0,0.541,3.864
1777621960,642269052,robot_2,0.291,2.471
1777621960,642291602,robot_4,-0.158,-0.636
1777621960,642301016,robot_3,0.165,-4.006
1777621960,642308085,robot_0,3.500,-3.250
1777621960,845186859,robot_2,-3.250,-1.750
1777621960,845207035,robot_1,-2.357,-1.928
1777621960,845215035,robot_0,0.541,3.864
1777621961,45690269,robot_2,-3.250,-1.750
1777621961,45716935,robot_1,-2.357,-1.928
1777621961,45729541,robot_0,0.541,3.864
1777621961,261932741,robot_2,0.291,2.471
1777621961,261953935,robot_4,-0.158,-0.636
1777621961,261963232,robot_3,0.165,-4.006
1777621961,261970931,robot_0,3.500,-3.250
1777621961,461962290,robot_2,0.291,2.471
1777621961,461984275,robot_4,-0.158,-0.636
1777621961,461992605,robot_3,0.165,-4.006
1777621961,461999054,robot_0,3.500,-3.250
1777621961,663085289,robot_2,0.291,2.471
1777621961,663108937,robot_4,-0.158,-0.636
1777621961,663119514,robot_3,0.165,-4.006
1777621961,663128412,robot_0,3.500,-3.250
1777621961,865042153,robot_2,-3.250,-1.750
1777621961,865061056,robot_1,-2.357,-1.928
1777621961,865069893,robot_0,0.541,3.864
1777621962,65132763,robot_2,-3.250,-1.750
1777621962,65152806,robot_1,-2.357,-1.928
1777621962,65161498,robot_0,0.541,3.864
1777621962,283313509,robot_2,0.291,2.471
1777621962,283333864,robot_4,-0.158,-0.636
1777621962,283343722,robot_3,0.165,-4.006
1777621962,283351272,robot_0,3.500,-3.250
1777621962,485188182,robot_2,-3.250,-1.750
1777621962,485208028,robot_1,-2.357,-1.928
1777621962,485216122,robot_0,0.541,3.864
1777621962,685413901,robot_2,-3.250,-1.750
1777621962,685434213,robot_1,-2.357,-1.928
1777621962,685443540,robot_0,0.541,3.864
1777621962,885670280,robot_2,-3.250,-1.750
1777621962,885689906,robot_1,-2.357,-1.928
1777621962,885697988,robot_0,0.541,3.864
1777621963,103075046,robot_2,0.291,2.471
1777621963,103100713,robot_4,-0.158,-0.636
1777621963,103110808,robot_3,0.165,-4.006
1777621963,103117876,robot_0,3.500,-3.250
1777621963,305681667,robot_2,-3.250,-1.750
1777621963,305712091,robot_1,-2.357,-1.928
1777621963,305726930,robot_0,0.541,3.864
1777621963,522022942,robot_2,0.291,2.471
1777621963,522043936,robot_4,-0.158,-0.636
1777621963,522052129,robot_3,0.165,-4.006
1777621963,522058974,robot_0,3.500,-3.250
1777621963,725451176,robot_2,-3.250,-1.750
1777621963,725472129,robot_1,-2.357,-1.928
1777621963,725480319,robot_0,0.541,3.864
1777621963,925491193,robot_2,-3.250,-1.750
1777621963,925515931,robot_1,-2.357,-1.928
1777621963,925525280,robot_0,0.541,3.864
1777621964,125892844,robot_2,-3.250,-1.750
1777621964,125914972,robot_1,-2.357,-1.928
1777621964,125923492,robot_0,0.541,3.864
1777621964,342015776,robot_2,0.291,2.471
1777621964,342036945,robot_4,-0.158,-0.636
1777621964,342045554,robot_3,0.165,-4.006
1777621964,342053197,robot_0,3.500,-3.250
1777621964,544942393,robot_2,-3.250,-1.750
1777621964,544963386,robot_1,-2.357,-1.928
1777621964,544971632,robot_0,0.541,3.864
1777621964,745760867,robot_2,-3.250,-1.750
1777621964,745781420,robot_1,-2.357,-1.928
1777621964,745789301,robot_0,0.541,3.864
1777621964,945941199,robot_2,-3.250,-1.750
1777621964,945970359,robot_1,-2.357,-1.928
1777621964,945978894,robot_0,0.541,3.864
1777621965,162312476,robot_2,0.291,2.471
1777621965,162333697,robot_4,-0.158,-0.636
1777621965,162342379,robot_3,0.165,-4.006
1777621965,162349002,robot_0,3.500,-3.250
1777621965,365183016,robot_2,-3.250,-1.750
1777621965,365203745,robot_1,-2.357,-1.928
1777621965,365213066,robot_0,0.541,3.864
1777621965,582015132,robot_2,0.291,2.471
1777621965,582037116,robot_4,-0.158,-0.636
1777621965,582045789,robot_3,0.165,-4.006
1777621965,582053247,robot_0,3.500,-3.250
1777621965,782270616,robot_2,0.291,2.471
1777621965,782290650,robot_4,-0.158,-0.636
1777621965,782299315,robot_3,0.165,-4.006
1777621965,782306371,robot_0,3.500,-3.250
1777621965,982482534,robot_2,0.291,2.471
1777621965,982504542,robot_4,-0.158,-0.636
1777621965,982513117,robot_3,0.165,-4.006
1777621965,982520045,robot_0,3.500,-3.250
1777621966,183606560,robot_2,0.291,2.471
1777621966,183625939,robot_4,-0.158,-0.636
1777621966,183634733,robot_3,0.165,-4.006
1777621966,183641633,robot_0,3.500,-3.250
1777621966,385470434,robot_2,-3.250,-1.750
1777621966,385501239,robot_1,-2.357,-1.928
1777621966,385517127,robot_0,0.541,3.864
1777621966,585848289,robot_2,-3.250,-1.750
1777621966,585869593,robot_1,-2.357,-1.928
1777621966,585877831,robot_0,0.541,3.864
1777621966,786040955,robot_2,-3.250,-1.750
1777621966,786078497,robot_1,-2.357,-1.928
1777621966,786100038,robot_0,0.541,3.864
1777621967,2663792,robot_2,0.291,2.471
1777621967,2689695,robot_4,-0.158,-0.636
1777621967,2701522,robot_3,0.165,-4.006
1777621967,2711611,robot_0,3.500,-3.250
1777621967,203118512,robot_2,0.291,2.471
1777621967,203148796,robot_4,-0.158,-0.636
1777621967,203164394,robot_3,0.165,-4.006
1777621967,203177871,robot_0,3.500,-3.250
1777621967,406543639,robot_2,-3.250,-1.750
1777621967,406563947,robot_1,-2.357,-1.928
1777621967,406572266,robot_0,0.541,3.864
1777621967,622417851,robot_2,0.291,2.471
1777621967,622442128,robot_4,-0.158,-0.636
1777621967,622450522,robot_3,0.165,-4.006
1777621967,622457451,robot_0,3.500,-3.250
1777621967,825105067,robot_2,-3.250,-1.750
1777621967,825124227,robot_1,-2.357,-1.928
1777621967,825132431,robot_0,0.541,3.864
1777621968,41857850,robot_2,0.291,2.471
1777621968,41878312,robot_4,-0.158,-0.636
1777621968,41886998,robot_3,0.165,-4.006
1777621968,41893466,robot_0,3.500,-3.250
1777621968,242317363,robot_2,0.291,2.471
1777621968,242339683,robot_4,-0.158,-0.636
1777621968,242349119,robot_3,0.165,-4.006
1777621968,242356868,robot_0,3.500,-3.250
1777621968,442450730,robot_2,0.291,2.471
1777621968,442473984,robot_4,-0.158,-0.636
1777621968,442482468,robot_3,0.165,-4.006
1777621968,442489195,robot_0,3.500,-3.250
1777621968,645607948,robot_2,-3.250,-1.750
1777621968,645626640,robot_1,-2.357,-1.928
1777621968,645635164,robot_0,0.541,3.864
1777621968,845740901,robot_2,-3.250,-1.750
1777621968,845759177,robot_1,-2.357,-1.928
1777621968,845767505,robot_0,0.541,3.864
1777621969,62198749,robot_2,0.291,2.471
1777621969,62218056,robot_4,-0.158,-0.636
1777621969,62226135,robot_3,0.165,-4.006
1777621969,62232742,robot_0,3.500,-3.250
1777621969,262300580,robot_2,0.291,2.471
1777621969,262319439,robot_4,-0.158,-0.636
1777621969,262328595,robot_3,0.165,-4.006
1777621969,262335502,robot_0,3.500,-3.250
1777621969,462605381,robot_2,0.291,2.471
1777621969,462637641,robot_4,-0.158,-0.636
1777621969,462653881,robot_3,0.165,-4.006
1777621969,462667104,robot_0,3.500,-3.250
1777621969,664960774,robot_2,-3.250,-1.750
1777621969,664981596,robot_1,-2.357,-1.928
1777621969,664989613,robot_0,0.541,3.864
1777621969,865145128,robot_2,-3.250,-1.750
1777621969,865165739,robot_1,-2.357,-1.928
1777621969,865173489,robot_0,0.541,3.864
1777621970,82598400,robot_2,0.291,2.471
1777621970,82629680,robot_4,-0.158,-0.636
1777621970,82644971,robot_3,0.165,-4.006
1777621970,82658138,robot_0,3.500,-3.250
1777621970,283148102,robot_2,0.291,2.471
1777621970,283184614,robot_4,-0.158,-0.636
1777621970,283201019,robot_3,0.165,-4.006
1777621970,283215300,robot_0,3.500,-3.250
1777621970,485371879,robot_2,-3.250,-1.750
1777621970,485400023,robot_1,-2.357,-1.928
1777621970,485408114,robot_0,0.541,3.864
1777621970,686031809,robot_2,-3.250,-1.750
1777621970,686048948,robot_1,-2.357,-1.928
1777621970,686057057,robot_0,0.541,3.864
1777621970,901797166,robot_2,0.291,2.471
1777621970,901819615,robot_4,-0.158,-0.636
1777621970,901828321,robot_3,0.165,-4.006
1777621970,901835628,robot_0,3.500,-3.250
1777621971,103481981,robot_2,0.291,2.471
1777621971,103510790,robot_4,-0.158,-0.636
1777621971,103521940,robot_3,0.165,-4.006
1777621971,103531243,robot_0,3.500,-3.250
1777621971,305141182,robot_2,-3.250,-1.750
1777621971,305162621,robot_1,-2.357,-1.928
1777621971,305171910,robot_0,0.541,3.864
1777621971,505584047,robot_2,-3.250,-1.750
1777621971,505614073,robot_1,-2.357,-1.928
1777621971,505629776,robot_0,0.541,3.864
1777621971,705828637,robot_2,-3.250,-1.750
1777621971,705855187,robot_1,-2.357,-1.928
1777621971,705867075,robot_0,0.541,3.864
1777621971,923074727,robot_2,0.291,2.471
1777621971,923108898,robot_4,-0.158,-0.636
1777621971,923124874,robot_3,0.165,-4.006
1777621971,923138398,robot_0,3.500,-3.250
1777621972,123564468,robot_2,0.291,2.471
1777621972,123609765,robot_4,-0.158,-0.636
1777621972,123628960,robot_3,0.165,-4.006
1777621972,123643801,robot_0,3.500,-3.250
1777621972,325379475,robot_2,-3.250,-1.750
1777621972,325402919,robot_1,-2.357,-1.928
1777621972,325410577,robot_0,0.541,3.864
1777621972,542075587,robot_2,0.291,2.471
1777621972,542094987,robot_4,-0.158,-0.636
1777621972,542104266,robot_3,0.165,-4.006
1777621972,542112435,robot_0,3.500,-3.250
1777621972,745205568,robot_2,-3.250,-1.750
1777621972,745223356,robot_1,-2.357,-1.928
1777621972,745231308,robot_0,0.541,3.864
1777621972,946107657,robot_2,-3.250,-1.750
1777621972,946133683,robot_1,-2.357,-1.928
1777621972,946147272,robot_0,0.541,3.864
1777621973,162061467,robot_2,0.291,2.471
1777621973,162082117,robot_4,-0.158,-0.636
1777621973,162091938,robot_3,0.165,-4.006
1777621973,162099182,robot_0,3.500,-3.250
1777621973,365107848,robot_2,-3.250,-1.750
1777621973,365126894,robot_1,-2.357,-1.928
1777621973,365134350,robot_0,0.541,3.864
1777621973,565231810,robot_2,-3.250,-1.750
1777621973,565256680,robot_1,-2.357,-1.928
1777621973,565264332,robot_0,0.541,3.864
1777621973,782610340,robot_2,0.291,2.471
1777621973,782642873,robot_4,-0.158,-0.636
1777621973,782655997,robot_3,0.165,-4.006
1777621973,782667720,robot_0,3.500,-3.250
1777621973,983348806,robot_2,0.291,2.471
1777621973,983366843,robot_4,-0.158,-0.636
1777621973,983375056,robot_3,0.165,-4.006
1777621973,983385696,robot_0,3.500,-3.250
1777621974,186327160,robot_2,-3.250,-1.750
1777621974,186359267,robot_1,-2.357,-1.928
1777621974,186374923,robot_0,0.541,3.864
1777621974,386467667,robot_2,-3.250,-1.750
1777621974,386486001,robot_1,-2.357,-1.928
1777621974,386493323,robot_0,0.541,3.864
1777621974,603920448,robot_2,0.291,2.471
1777621974,603968902,robot_4,-0.158,-0.636
1777621974,603991625,robot_3,0.165,-4.006
1777621974,604011153,robot_0,3.500,-3.250
1777621974,805291320,robot_2,-3.250,-1.750
1777621974,805314048,robot_1,-2.357,-1.928
1777621974,805322431,robot_0,0.541,3.864
1777621975,21942925,robot_2,0.291,2.471
1777621975,21963299,robot_4,-0.158,-0.636
1777621975,21971444,robot_3,0.165,-4.006
1777621975,21978072,robot_0,3.500,-3.250
1777621975,222795749,robot_2,0.291,2.471
1777621975,222828574,robot_4,-0.158,-0.636
1777621975,222844158,robot_3,0.165,-4.006
1777621975,222857348,robot_0,3.500,-3.250
1777621975,423718490,robot_2,0.291,2.471
1777621975,423759726,robot_4,-0.158,-0.636
1777621975,423777798,robot_3,0.165,-4.006
1777621975,423792862,robot_0,3.500,-3.250
1777621975,625425171,robot_2,-3.250,-1.750
1777621975,625448578,robot_1,-2.357,-1.928
1777621975,625457059,robot_0,0.541,3.864
1777621975,825467712,robot_2,-3.250,-1.750
1777621975,825487076,robot_1,-2.357,-1.928
1777621975,825495547,robot_0,0.541,3.864
1777621976,42428817,robot_2,0.291,2.471
1777621976,42455896,robot_4,-0.158,-0.636
1777621976,42467337,robot_3,0.165,-4.006
1777621976,42476339,robot_0,3.500,-3.250
1777621976,244961040,robot_2,-3.250,-1.750
1777621976,244980695,robot_1,-2.357,-1.928
1777621976,244987844,robot_0,0.541,3.864
1777621976,445667143,robot_2,-3.250,-1.750
1777621976,445689064,robot_1,-2.357,-1.928
1777621976,445696896,robot_0,0.541,3.864
1777621976,662086466,robot_2,0.291,2.471
1777621976,662108649,robot_4,-0.158,-0.636
1777621976,662117072,robot_3,0.165,-4.006
1777621976,662123861,robot_0,3.500,-3.250
1777621976,864901375,robot_2,-3.250,-1.750
1777621976,864921515,robot_1,-2.357,-1.928
1777621976,864928820,robot_0,0.541,3.864
1777621977,65048130,robot_2,-3.250,-1.750
1777621977,65068104,robot_1,-2.357,-1.928
1777621977,65076644,robot_0,0.541,3.864
1777621977,281725928,robot_2,0.291,2.471
1777621977,281746451,robot_4,-0.158,-0.636
1777621977,281754058,robot_3,0.165,-4.006
1777621977,281760980,robot_0,3.500,-3.250
1777621977,481993068,robot_2,0.291,2.471
1777621977,482014347,robot_4,-0.158,-0.636
1777621977,482022124,robot_3,0.165,-4.006
1777621977,482029027,robot_0,3.500,-3.250
1777621977,682377529,robot_2,0.291,2.471
1777621977,682403208,robot_4,-0.158,-0.636
1777621977,682414057,robot_3,0.165,-4.006
1777621977,682423036,robot_0,3.500,-3.250
1777621977,885686277,robot_2,-3.250,-1.750
1777621977,885718931,robot_1,-2.357,-1.928
1777621977,885734148,robot_0,0.541,3.864
1777621978,102682810,robot_2,0.291,2.471
1777621978,102707907,robot_4,-0.158,-0.636
1777621978,102716411,robot_3,0.165,-4.006
1777621978,102723813,robot_0,3.500,-3.250
1777621978,303064245,robot_2,0.291,2.471
1777621978,303094959,robot_4,-0.158,-0.636
1777621978,303110489,robot_3,0.165,-4.006
1777621978,303122906,robot_0,3.500,-3.250
1777621978,503344017,robot_2,0.291,2.471
1777621978,503367914,robot_4,-0.158,-0.636
1777621978,503378225,robot_3,0.165,-4.006
1777621978,503390799,robot_0,3.500,-3.250
1777621978,705679320,robot_2,-3.250,-1.750
1777621978,705707660,robot_1,-2.357,-1.928
1777621978,705721181,robot_0,0.541,3.864
1777621978,922427116,robot_2,0.291,2.471
1777621978,922451531,robot_4,-0.158,-0.636
1777621978,922459638,robot_3,0.165,-4.006
1777621978,922466289,robot_0,3.500,-3.250
1777621979,123347366,robot_2,0.291,2.471
1777621979,123392498,robot_4,-0.158,-0.636
1777621979,123410172,robot_3,0.165,-4.006
1777621979,123424528,robot_0,3.500,-3.250
1777621979,324878120,robot_2,-3.250,-1.750
1777621979,324897194,robot_1,-2.357,-1.928
1777621979,324904367,robot_0,0.541,3.864
1777621979,524985481,robot_2,-3.250,-1.750
1777621979,525004254,robot_1,-2.357,-1.928
1777621979,525012112,robot_0,0.541,3.864
1777621979,725815640,robot_2,-3.250,-1.750
1777621979,725848388,robot_1,-2.357,-1.928
1777621979,725863222,robot_0,0.541,3.864
1777621979,925828134,robot_2,-3.250,-1.750
1777621979,925850486,robot_1,-2.357,-1.928
1777621979,925858356,robot_0,0.541,3.864
1777621980,142168237,robot_2,0.291,2.471
1777621980,142190078,robot_4,-0.158,-0.636
1777621980,142198750,robot_3,0.165,-4.006
1777621980,142206005,robot_0,3.500,-3.250
1777621980,345322216,robot_2,-3.250,-1.750
1777621980,345342523,robot_1,-2.357,-1.928
1777621980,345350614,robot_0,0.541,3.864
1777621980,562454462,robot_2,0.291,2.471
1777621980,562475193,robot_4,-0.158,-0.636
1777621980,562483256,robot_3,0.165,-4.006
1777621980,562489527,robot_0,3.500,-3.250
1777621980,764834320,robot_2,-3.250,-1.750
1777621980,764853413,robot_1,-2.357,-1.928
1777621980,764860958,robot_0,0.541,3.864
1777621980,965137980,robot_2,-3.250,-1.750
1777621980,965158771,robot_1,-2.357,-1.928
1777621980,965166858,robot_0,0.541,3.864
1777621981,165425126,robot_2,-3.250,-1.750
1777621981,165445386,robot_1,-2.357,-1.928
1777621981,165453962,robot_0,0.541,3.864
1777621981,381828511,robot_2,0.291,2.471
1777621981,381848630,robot_4,-0.158,-0.636
1777621981,381856751,robot_3,0.165,-4.006
1777621981,381863256,robot_0,3.500,-3.250
1777621981,581932260,robot_2,0.291,2.471
1777621981,581952887,robot_4,-0.158,-0.636
1777621981,581961236,robot_3,0.165,-4.006
1777621981,581969061,robot_0,3.500,-3.250
1777621981,782941085,robot_2,0.291,2.471
1777621981,782973351,robot_4,-0.158,-0.636
1777621981,782989567,robot_3,0.165,-4.006
1777621981,783002806,robot_0,3.500,-3.250
1777621981,984963461,robot_2,-3.250,-1.750
1777621981,984984715,robot_1,-2.357,-1.928
1777621981,984993089,robot_0,0.541,3.864
1777621982,185952294,robot_2,-3.250,-1.750
1777621982,185975828,robot_1,-2.357,-1.928
1777621982,185984576,robot_0,0.541,3.864
1777621982,402055424,robot_2,0.291,2.471
1777621982,402078955,robot_4,-0.158,-0.636
1777621982,402089137,robot_3,0.165,-4.006
1777621982,402097134,robot_0,3.500,-3.250
1777621982,603232787,robot_2,0.291,2.471
1777621982,603276857,robot_4,-0.158,-0.636
1777621982,603293950,robot_3,0.165,-4.006
1777621982,603308786,robot_0,3.500,-3.250
1777621982,803858377,robot_2,0.291,2.471
1777621982,803890264,robot_4,-0.158,-0.636
1777621982,803906073,robot_3,0.165,-4.006
1777621982,803919886,robot_0,3.500,-3.250
1777621983,5054222,robot_2,-3.250,-1.750
1777621983,5074357,robot_1,-2.357,-1.928
1777621983,5082462,robot_0,0.541,3.864
1777621983,222679718,robot_2,0.291,2.471
1777621983,222705277,robot_4,-0.158,-0.636
1777621983,222716789,robot_3,0.165,-4.006
1777621983,222725881,robot_0,3.500,-3.250
1777621983,425372780,robot_2,-3.250,-1.750
1777621983,425402080,robot_1,-2.357,-1.928
1777621983,425410659,robot_0,0.541,3.864
1777621983,625451838,robot_2,-3.250,-1.750
1777621983,625472606,robot_1,-2.357,-1.928
1777621983,625481147,robot_0,0.541,3.864
1777621983,841774360,robot_2,0.291,2.471
1777621983,841794224,robot_4,-0.158,-0.636
1777621983,841802162,robot_3,0.165,-4.006
1777621983,841808297,robot_0,3.500,-3.250
1777621984,42300532,robot_2,0.291,2.471
1777621984,42322752,robot_4,-0.158,-0.636
1777621984,42331364,robot_3,0.165,-4.006
1777621984,42338263,robot_0,3.500,-3.250
1777621984,245332063,robot_2,-3.250,-1.750
1777621984,245352393,robot_1,-2.357,-1.928
1777621984,245360579,robot_0,0.541,3.864
1777621984,445971231,robot_2,-3.250,-1.750
1777621984,446003832,robot_1,-2.357,-1.928
1777621984,446019541,robot_0,0.541,3.864
1777621984,662309044,robot_2,0.291,2.471
1777621984,662335035,robot_4,-0.158,-0.636
1777621984,662344567,robot_3,0.165,-4.006
1777621984,662353020,robot_0,3.500,-3.250
1777621984,862401314,robot_2,0.291,2.471
1777621984,862422364,robot_4,-0.158,-0.636
1777621984,862432081,robot_3,0.165,-4.006
1777621984,862440285,robot_0,3.500,-3.250
1777621985,62659602,robot_2,0.291,2.471
1777621985,62678331,robot_4,-0.158,-0.636
1777621985,62686875,robot_3,0.165,-4.006
1777621985,62694129,robot_0,3.500,-3.250
1777621985,265387776,robot_2,-3.250,-1.750
1777621985,265405987,robot_1,-2.357,-1.928
1777621985,265413728,robot_0,0.541,3.864
1777621985,465754815,robot_2,-3.250,-1.750
1777621985,465777046,robot_1,-2.357,-1.928
1777621985,465786302,robot_0,0.541,3.864
1777621985,681882799,robot_2,0.291,2.471
1777621985,681900117,robot_4,-0.158,-0.636
1777621985,681907777,robot_3,0.165,-4.006
1777621985,681914093,robot_0,3.500,-3.250
1777621985,885124449,robot_2,-3.250,-1.750
1777621985,885145664,robot_1,-2.357,-1.928
1777621985,885156177,robot_0,0.541,3.864
1777621986,85603825,robot_2,-3.250,-1.750
1777621986,85622151,robot_1,-2.357,-1.928
1777621986,85630274,robot_0,0.541,3.864
1777621986,285960640,robot_2,-3.250,-1.750
1777621986,285978549,robot_1,-2.357,-1.928
1777621986,285986470,robot_0,0.541,3.864
1777621986,502877199,robot_2,0.291,2.471
1777621986,502908412,robot_4,-0.158,-0.636
1777621986,502923013,robot_3,0.165,-4.006
1777621986,502935053,robot_0,3.500,-3.250
1777621986,703162826,robot_2,0.291,2.471
1777621986,703182853,robot_4,-0.158,-0.636
1777621986,703190607,robot_3,0.165,-4.006
1777621986,703197915,robot_0,3.500,-3.250
1777621986,905719081,robot_2,-3.250,-1.750
1777621986,905745003,robot_1,-2.357,-1.928
1777621986,905755603,robot_0,0.541,3.864
1777621987,123272920,robot_2,0.291,2.471
1777621987,123345199,robot_4,-0.158,-0.636
1777621987,123406654,robot_3,0.165,-4.006
1777621987,123442487,robot_0,3.500,-3.250
1777621987,326427295,robot_2,-3.250,-1.750
1777621987,326458975,robot_1,-2.357,-1.928
1777621987,326473570,robot_0,0.541,3.864
1777621987,542539721,robot_2,0.291,2.471
1777621987,542565631,robot_4,-0.158,-0.636
1777621987,542577698,robot_3,0.165,-4.006
1777621987,542587716,robot_0,3.500,-3.250
1777621987,745126619,robot_2,-3.250,-1.750
1777621987,745147203,robot_1,-2.357,-1.928
1777621987,745155617,robot_0,0.541,3.864
1777621987,945301578,robot_2,-3.250,-1.750
1777621987,945323830,robot_1,-2.357,-1.928
1777621987,945331803,robot_0,0.541,3.864
1777621988,161928391,robot_2,0.291,2.471
1777621988,161949283,robot_4,-0.158,-0.636
1777621988,161957804,robot_3,0.165,-4.006
1777621988,161964684,robot_0,3.500,-3.250
1777621988,364882093,robot_2,-3.250,-1.750
1777621988,364900894,robot_1,-2.357,-1.928
1777621988,364908015,robot_0,0.541,3.864
1777621988,565593974,robot_2,-3.250,-1.750
1777621988,565612164,robot_1,-2.357,-1.928
1777621988,565619563,robot_0,0.541,3.864
1777621988,782384735,robot_2,0.291,2.471
1777621988,782404567,robot_4,-0.158,-0.636
1777621988,782412681,robot_3,0.165,-4.006
1777621988,782419346,robot_0,3.500,-3.250
1777621988,982660460,robot_2,0.291,2.471
1777621988,982693048,robot_4,-0.158,-0.636
1777621988,982710037,robot_3,0.165,-4.006
1777621988,982723565,robot_0,3.500,-3.250
1777621989,185526843,robot_2,-3.250,-1.750
1777621989,185545633,robot_1,-2.357,-1.928
1777621989,185553260,robot_0,0.541,3.864
1777621989,385901324,robot_2,-3.250,-1.750
1777621989,385933473,robot_1,-2.357,-1.928
1777621989,385949475,robot_0,0.541,3.864
1777621989,602823501,robot_2,0.291,2.471
1777621989,602862306,robot_4,-0.158,-0.636
1777621989,602878654,robot_3,0.165,-4.006
1777621989,602893222,robot_0,3.500,-3.250
1777621989,803868627,robot_2,0.291,2.471
1777621989,803901950,robot_4,-0.158,-0.636
1777621989,803976146,robot_3,0.165,-4.006
1777621989,803991493,robot_0,3.500,-3.250
1777621990,5023373,robot_2,-3.250,-1.750
1777621990,5043469,robot_1,-2.357,-1.928
1777621990,5051629,robot_0,0.541,3.864
1777621990,205200237,robot_2,-3.250,-1.750
1777621990,205219973,robot_1,-2.357,-1.928
1777621990,205228265,robot_0,0.541,3.864
1777621990,422575007,robot_2,0.291,2.471
1777621990,422600849,robot_4,-0.158,-0.636
1777621990,422609749,robot_3,0.165,-4.006
1777621990,422618128,robot_0,3.500,-3.250
1777621990,623068240,robot_2,0.291,2.471
1777621990,623092436,robot_4,-0.158,-0.636
1777621990,623101286,robot_3,0.165,-4.006
1777621990,623108709,robot_0,3.500,-3.250
1777621990,825236935,robot_2,-3.250,-1.750
1777621990,825258015,robot_1,-2.357,-1.928
1777621990,825266809,robot_0,0.541,3.864
1777621991,25655467,robot_2,-3.250,-1.750
1777621991,25677408,robot_1,-2.357,-1.928
1777621991,25685424,robot_0,0.541,3.864
1777621991,225727285,robot_2,-3.250,-1.750
1777621991,225747909,robot_1,-2.357,-1.928
1777621991,225755608,robot_0,0.541,3.864
1777621991,443109897,robot_2,0.291,2.471
1777621991,443133085,robot_4,-0.158,-0.636
1777621991,443141343,robot_3,0.165,-4.006
1777621991,443148774,robot_0,3.500,-3.250
1777621991,645091576,robot_2,-3.250,-1.750
1777621991,645113076,robot_1,-2.357,-1.928
1777621991,645121512,robot_0,0.541,3.864
1777621991,845151369,robot_2,-3.250,-1.750
1777621991,845171738,robot_1,-2.357,-1.928
1777621991,845180282,robot_0,0.541,3.864
1777621992,62021873,robot_2,0.291,2.471
1777621992,62042548,robot_4,-0.158,-0.636
1777621992,62050326,robot_3,0.165,-4.006
1777621992,62056690,robot_0,3.500,-3.250
1777621992,264896834,robot_2,-3.250,-1.750
1777621992,264917081,robot_1,-2.357,-1.928
1777621992,264924990,robot_0,0.541,3.864
1777621992,465196258,robot_2,-3.250,-1.750
1777621992,465217910,robot_1,-2.357,-1.928
1777621992,465226338,robot_0,0.541,3.864
1777621992,682523779,robot_2,0.291,2.471
1777621992,682544493,robot_4,-0.158,-0.636
1777621992,682552942,robot_3,0.165,-4.006
1777621992,682560253,robot_0,3.500,-3.250
1777621992,885164281,robot_2,-3.250,-1.750
1777621992,885183437,robot_1,-2.357,-1.928
1777621992,885190917,robot_0,0.541,3.864
1777621993,85721940,robot_2,-3.250,-1.750
1777621993,85740130,robot_1,-2.357,-1.928
1777621993,85748073,robot_0,0.541,3.864
1777621993,285814591,robot_2,-3.250,-1.750
1777621993,285831480,robot_1,-2.357,-1.928
1777621993,285838943,robot_0,0.541,3.864
1777621993,502815477,robot_2,0.291,2.471
1777621993,502846862,robot_4,-0.158,-0.636
1777621993,502862697,robot_3,0.165,-4.006
1777621993,502876564,robot_0,3.500,-3.250
1777621993,703136826,robot_2,0.291,2.471
1777621993,703178108,robot_4,-0.158,-0.636
1777621993,703204115,robot_3,0.165,-4.006
1777621993,703218886,robot_0,3.500,-3.250
1777621993,904985456,robot_2,-3.250,-1.750
1777621993,905006720,robot_1,-2.357,-1.928
1777621993,905014565,robot_0,0.541,3.864
1777621994,105692173,robot_2,-3.250,-1.750
1777621994,105713094,robot_1,-2.357,-1.928
1777621994,105721276,robot_0,0.541,3.864
1777621994,322674489,robot_2,0.291,2.471
1777621994,322706315,robot_4,-0.158,-0.636
1777621994,322722765,robot_3,0.165,-4.006
1777621994,322736494,robot_0,3.500,-3.250
1777621994,525019603,robot_2,-3.250,-1.750
1777621994,525039241,robot_1,-2.357,-1.928
1777621994,525046603,robot_0,0.541,3.864
1777621994,725528106,robot_2,-3.250,-1.750
1777621994,725548282,robot_1,-2.357,-1.928
1777621994,725556129,robot_0,0.541,3.864
1777621994,925899998,robot_2,-3.250,-1.750
1777621994,925922167,robot_1,-2.357,-1.928
1777621994,925930018,robot_0,0.541,3.864
1777621995,141850583,robot_2,0.291,2.471
1777621995,141873070,robot_4,-0.158,-0.636
1777621995,141880803,robot_3,0.165,-4.006
1777621995,141887760,robot_0,3.500,-3.250
1777621995,342006908,robot_2,0.291,2.471
1777621995,342028538,robot_4,-0.158,-0.636
1777621995,342037849,robot_3,0.165,-4.006
1777621995,342044810,robot_0,3.500,-3.250
1777621995,542110607,robot_2,0.291,2.471
1777621995,542130497,robot_4,-0.158,-0.636
1777621995,542137925,robot_3,0.165,-4.006
1777621995,542144590,robot_0,3.500,-3.250
1777621995,746091086,robot_2,-3.250,-1.750
1777621995,746113264,robot_1,-2.357,-1.928
1777621995,746123053,robot_0,0.541,3.864
1777621995,962041420,robot_2,0.291,2.471
1777621995,962063725,robot_4,-0.158,-0.636
1777621995,962072207,robot_3,0.165,-4.006
1777621995,962079365,robot_0,3.500,-3.250
1777621996,165258478,robot_2,-3.250,-1.750
1777621996,165279029,robot_1,-2.357,-1.928
1777621996,165286994,robot_0,0.541,3.864
1777621996,382634905,robot_2,0.291,2.471
1777621996,382657599,robot_4,-0.158,-0.636
1777621996,382669662,robot_3,0.165,-4.006
1777621996,382678567,robot_0,3.500,-3.250
1777621996,583108854,robot_2,0.291,2.471
1777621996,583135913,robot_4,-0.158,-0.636
1777621996,583147713,robot_3,0.165,-4.006
1777621996,583156831,robot_0,3.500,-3.250
1777621996,785044477,robot_2,-3.250,-1.750
1777621996,785064187,robot_1,-2.357,-1.928
1777621996,785072801,robot_0,0.541,3.864
1777621996,985267933,robot_2,-3.250,-1.750
1777621996,985289784,robot_1,-2.357,-1.928
1777621996,985298849,robot_0,0.541,3.864
1777621997,185660781,robot_2,-3.250,-1.750
1777621997,185681435,robot_1,-2.357,-1.928
1777621997,185689835,robot_0,0.541,3.864
1777621997,386333036,robot_2,-3.250,-1.750
1777621997,386351864,robot_1,-2.357,-1.928
1777621997,386359609,robot_0,0.541,3.864
1777621997,586829047,robot_2,-3.250,-1.750
1777621997,586853283,robot_1,-2.357,-1.928
1777621997,586861144,robot_0,0.541,3.864
1777621997,803415640,robot_2,0.291,2.471
1777621997,803454369,robot_4,-0.158,-0.636
1777621997,803476164,robot_3,0.165,-4.006
1777621997,803494213,robot_0,3.500,-3.250
1777621998,5342849,robot_2,-3.250,-1.750
1777621998,5375087,robot_1,-2.357,-1.928
1777621998,5395756,robot_0,0.541,3.864
1777621998,205686714,robot_2,-3.250,-1.750
1777621998,205719192,robot_1,-2.357,-1.928
1777621998,205732923,robot_0,0.541,3.864
1777621998,425059793,robot_2,0.291,2.471
1777621998,425097130,robot_4,-0.158,-0.636
1777621998,425113186,robot_3,0.165,-4.006
1777621998,425126901,robot_0,3.500,-3.250
1777621998,626345198,robot_2,-3.250,-1.750
1777621998,626376905,robot_1,-2.357,-1.928
1777621998,626434313,robot_0,0.541,3.864
1777621998,841806754,robot_2,0.291,2.471
1777621998,841828479,robot_4,-0.158,-0.636
1777621998,841836922,robot_3,0.165,-4.006
1777621998,841843779,robot_0,3.500,-3.250
1777621999,42814192,robot_2,0.291,2.471
1777621999,42839481,robot_4,-0.158,-0.636
1777621999,42850289,robot_3,0.165,-4.006
1777621999,42858957,robot_0,3.500,-3.250
1777621999,245558835,robot_2,-3.250,-1.750
1777621999,245578972,robot_1,-2.357,-1.928
1777621999,245587791,robot_0,0.541,3.864
1777621999,462054959,robot_2,0.291,2.471
1777621999,462077200,robot_4,-0.158,-0.636
1777621999,462085235,robot_3,0.165,-4.006
1777621999,462092214,robot_0,3.500,-3.250
1777621999,665260194,robot_2,-3.250,-1.750
1777621999,665281232,robot_1,-2.357,-1.928
1777621999,665289662,robot_0,0.541,3.864
1777621999,865651880,robot_2,-3.250,-1.750
1777621999,865672616,robot_1,-2.357,-1.928
1777621999,865680644,robot_0,0.541,3.864
1777622000,82314114,robot_2,0.291,2.471
1777622000,82334046,robot_4,-0.158,-0.636
1777622000,82341993,robot_3,0.165,-4.006
1777622000,82348863,robot_0,3.500,-3.250
1777622000,285271236,robot_2,-3.250,-1.750
1777622000,285290264,robot_1,-2.357,-1.928
1777622000,285297764,robot_0,0.541,3.864
1777622000,501964939,robot_2,0.291,2.471
1777622000,501985725,robot_4,-0.158,-0.636
1777622000,501994409,robot_3,0.165,-4.006
1777622000,502001140,robot_0,3.500,-3.250
1777622000,702349729,robot_2,0.291,2.471
1777622000,702371468,robot_4,-0.158,-0.636
1777622000,702378983,robot_3,0.165,-4.006
1777622000,702390887,robot_0,3.500,-3.250
1777622000,902596695,robot_2,0.291,2.471
1777622000,902629466,robot_4,-0.158,-0.636
1777622000,902645691,robot_3,0.165,-4.006
1777622000,902659494,robot_0,3.500,-3.250
1777622001,103315268,robot_2,0.291,2.471
1777622001,103350619,robot_4,-0.158,-0.636
1777622001,103367097,robot_3,0.165,-4.006
1777622001,103381124,robot_0,3.500,-3.250
1777622001,305272030,robot_2,-3.250,-1.750
1777622001,305292326,robot_1,-2.357,-1.928
1777622001,305300817,robot_0,0.541,3.864
1777622001,505431426,robot_2,-3.250,-1.750
1777622001,505451703,robot_1,-2.357,-1.928
1777622001,505459892,robot_0,0.541,3.864
1777622001,706265856,robot_2,-3.250,-1.750
1777622001,706286076,robot_1,-2.357,-1.928
1777622001,706294015,robot_0,0.541,3.864
1777622001,923266955,robot_2,0.291,2.471
1777622001,923291203,robot_4,-0.158,-0.636
1777622001,923299592,robot_3,0.165,-4.006
1777622001,923306727,robot_0,3.500,-3.250
1777622002,125765885,robot_2,-3.250,-1.750
1777622002,125786957,robot_1,-2.357,-1.928
1777622002,125794957,robot_0,0.541,3.864
1777622002,341850142,robot_2,0.291,2.471
1777622002,341871143,robot_4,-0.158,-0.636
1777622002,341879047,robot_3,0.165,-4.006
1777622002,341885446,robot_0,3.500,-3.250
1777622002,542244373,robot_2,0.291,2.471
1777622002,542271577,robot_4,-0.158,-0.636
1777622002,542286221,robot_3,0.165,-4.006
1777622002,542298249,robot_0,3.500,-3.250
1777622002,744995713,robot_2,-3.250,-1.750
1777622002,745015933,robot_1,-2.357,-1.928
1777622002,745023800,robot_0,0.541,3.864
1777622002,945437620,robot_2,-3.250,-1.750
1777622002,945460740,robot_1,-2.357,-1.928
1777622002,945469429,robot_0,0.541,3.864
1777622003,162085736,robot_2,0.291,2.471
1777622003,162107487,robot_4,-0.158,-0.636
1777622003,162115834,robot_3,0.165,-4.006
1777622003,162123005,robot_0,3.500,-3.250
1777622003,362157578,robot_2,0.291,2.471
1777622003,362178433,robot_4,-0.158,-0.636
1777622003,362186687,robot_3,0.165,-4.006
1777622003,362193081,robot_0,3.500,-3.250
1777622003,562365715,robot_2,0.291,2.471
1777622003,562391757,robot_4,-0.158,-0.636
1777622003,562401773,robot_3,0.165,-4.006
1777622003,562408984,robot_0,3.500,-3.250
1777622003,762452115,robot_2,0.291,2.471
1777622003,762474322,robot_4,-0.158,-0.636
1777622003,762482806,robot_3,0.165,-4.006
1777622003,762490283,robot_0,3.500,-3.250
1777622003,962958850,robot_2,0.291,2.471
1777622003,962985714,robot_4,-0.158,-0.636
1777622003,962996623,robot_3,0.165,-4.006
1777622003,963005657,robot_0,3.500,-3.250
1777622004,165079229,robot_2,-3.250,-1.750
1777622004,165102740,robot_1,-2.357,-1.928
1777622004,165111301,robot_0,0.541,3.864
1777622004,381788356,robot_2,0.291,2.471
1777622004,381808645,robot_4,-0.158,-0.636
1777622004,381816406,robot_3,0.165,-4.006
1777622004,381822258,robot_0,3.500,-3.250
1777622004,582200344,robot_2,0.291,2.471
1777622004,582225196,robot_4,-0.158,-0.636
1777622004,582236907,robot_3,0.165,-4.006
1777622004,582246499,robot_0,3.500,-3.250
1777622004,782379155,robot_2,0.291,2.471
1777622004,782414937,robot_4,-0.158,-0.636
1777622004,782423128,robot_3,0.165,-4.006
1777622004,782429945,robot_0,3.500,-3.250
1777622004,985151260,robot_2,-3.250,-1.750
1777622004,985172629,robot_1,-2.357,-1.928
1777622004,985180711,robot_0,0.541,3.864
1777622005,185208724,robot_2,-3.250,-1.750
1777622005,185232051,robot_1,-2.357,-1.928
1777622005,185243046,robot_0,0.541,3.864
1777622005,385463743,robot_2,-3.250,-1.750
1777622005,385496552,robot_1,-2.357,-1.928
1777622005,385512547,robot_0,0.541,3.864
1777622005,586763775,robot_2,-3.250,-1.750
1777622005,586796627,robot_1,-2.357,-1.928
1777622005,586813000,robot_0,0.541,3.864
1777622005,802328429,robot_2,0.291,2.471
1777622005,802359455,robot_4,-0.158,-0.636
1777622005,802375559,robot_3,0.165,-4.006
1777622005,802397160,robot_0,3.500,-3.250
1777622006,2858300,robot_2,0.291,2.471
1777622006,2877255,robot_4,-0.158,-0.636
1777622006,2885850,robot_3,0.165,-4.006
1777622006,2892299,robot_0,3.500,-3.250
1777622006,203934687,robot_2,0.291,2.471
1777622006,203955962,robot_4,-0.158,-0.636
1777622006,203963686,robot_3,0.165,-4.006
1777622006,203970385,robot_0,3.500,-3.250
1777622006,405236815,robot_2,-3.250,-1.750
1777622006,405256860,robot_1,-2.357,-1.928
1777622006,405264730,robot_0,0.541,3.864
1777622006,605818734,robot_2,-3.250,-1.750
1777622006,605851847,robot_1,-2.357,-1.928
1777622006,605867476,robot_0,0.541,3.864
1777622006,822098708,robot_2,0.291,2.471
1777622006,822119104,robot_4,-0.158,-0.636
1777622006,822127800,robot_3,0.165,-4.006
1777622006,822134968,robot_0,3.500,-3.250
1777622007,23058889,robot_2,0.291,2.471
1777622007,23090579,robot_4,-0.158,-0.636
1777622007,23106627,robot_3,0.165,-4.006
1777622007,23120818,robot_0,3.500,-3.250
1777622007,225375648,robot_2,-3.250,-1.750
1777622007,225402946,robot_1,-2.357,-1.928
1777622007,225411138,robot_0,0.541,3.864
1777622007,426581262,robot_2,-3.250,-1.750
1777622007,426614887,robot_1,-2.357,-1.928
1777622007,426629831,robot_0,0.541,3.864
1777622007,642200424,robot_2,0.291,2.471
1777622007,642226543,robot_4,-0.158,-0.636
1777622007,642237121,robot_3,0.165,-4.006
1777622007,642246595,robot_0,3.500,-3.250
1777622007,842456860,robot_2,0.291,2.471
1777622007,842477582,robot_4,-0.158,-0.636
1777622007,842485742,robot_3,0.165,-4.006
1777622007,842491724,robot_0,3.500,-3.250
1777622008,45283880,robot_2,-3.250,-1.750
1777622008,45302692,robot_1,-2.357,-1.928
1777622008,45310562,robot_0,0.541,3.864
1777622008,262111676,robot_2,0.291,2.471
1777622008,262133259,robot_4,-0.158,-0.636
1777622008,262141822,robot_3,0.165,-4.006
1777622008,262149571,robot_0,3.500,-3.250
1777622008,465425999,robot_2,-3.250,-1.750
1777622008,465447862,robot_1,-2.357,-1.928
1777622008,465455613,robot_0,0.541,3.864
1777622008,665629509,robot_2,-3.250,-1.750
1777622008,665653721,robot_1,-2.357,-1.928
1777622008,665664050,robot_0,0.541,3.864
1777622008,866215424,robot_2,-3.250,-1.750
1777622008,866246848,robot_1,-2.357,-1.928
1777622008,866263532,robot_0,0.541,3.864
1777622009,81893504,robot_2,0.291,2.471
1777622009,81916207,robot_4,-0.158,-0.636
1777622009,81926017,robot_3,0.165,-4.006
1777622009,81934023,robot_0,3.500,-3.250
1777622009,281915761,robot_2,0.291,2.471
1777622009,281935090,robot_4,-0.158,-0.636
1777622009,281944035,robot_3,0.165,-4.006
1777622009,281950633,robot_0,3.500,-3.250
1777622009,486345715,robot_2,-3.250,-1.750
1777622009,486367728,robot_1,-2.357,-1.928
1777622009,486375346,robot_0,0.541,3.864
1777622009,703015551,robot_2,0.291,2.471
1777622009,703056558,robot_4,-0.158,-0.636
1777622009,703077852,robot_3,0.165,-4.006
1777622009,703092162,robot_0,3.500,-3.250
1777622009,904108869,robot_2,0.291,2.471
1777622009,904138505,robot_4,-0.158,-0.636
1777622009,904153315,robot_3,0.165,-4.006
1777622009,904166475,robot_0,3.500,-3.250
1777622010,105548478,robot_2,-3.250,-1.750
1777622010,105570741,robot_1,-2.357,-1.928
1777622010,105579714,robot_0,0.541,3.864
1777622010,321912568,robot_2,0.291,2.471
1777622010,321935036,robot_4,-0.158,-0.636
1777622010,321944012,robot_3,0.165,-4.006
1777622010,321952286,robot_0,3.500,-3.250
1777622010,525561015,robot_2,-3.250,-1.750
1777622010,525584933,robot_1,-2.357,-1.928
1777622010,525593178,robot_0,0.541,3.864
1777622010,725569401,robot_2,-3.250,-1.750
1777622010,725589006,robot_1,-2.357,-1.928
1777622010,725596934,robot_0,0.541,3.864
1777622010,926146046,robot_2,-3.250,-1.750
1777622010,926180562,robot_1,-2.357,-1.928
1777622010,926196857,robot_0,0.541,3.864
1777622011,126616991,robot_2,-3.250,-1.750
1777622011,126639458,robot_1,-2.357,-1.928
1777622011,126647923,robot_0,0.541,3.864
1777622011,342166758,robot_2,0.291,2.471
1777622011,342193526,robot_4,-0.158,-0.636
1777622011,342203936,robot_3,0.165,-4.006
1777622011,342212295,robot_0,3.500,-3.250
1777622011,542281194,robot_2,0.291,2.471
1777622011,542312634,robot_4,-0.158,-0.636
1777622011,542328964,robot_3,0.165,-4.006
1777622011,542343392,robot_0,3.500,-3.250
1777622011,742521550,robot_2,0.291,2.471
1777622011,742542073,robot_4,-0.158,-0.636
1777622011,742550282,robot_3,0.165,-4.006
1777622011,742557075,robot_0,3.500,-3.250
1777622011,944486371,robot_2,0.291,2.471
1777622011,944529058,robot_4,-0.158,-0.636
1777622011,944546483,robot_3,0.165,-4.006
1777622011,944560989,robot_0,3.500,-3.250
1777622012,145160844,robot_2,-3.250,-1.750
1777622012,145181344,robot_1,-2.357,-1.928
1777622012,145189475,robot_0,0.541,3.864
1777622012,362310423,robot_2,0.291,2.471
1777622012,362332854,robot_4,-0.158,-0.636
1777622012,362342285,robot_3,0.165,-4.006
1777622012,362349555,robot_0,3.500,-3.250
1777622012,562840720,robot_2,0.291,2.471
1777622012,562861248,robot_4,-0.158,-0.636
1777622012,562870033,robot_3,0.165,-4.006
1777622012,562877138,robot_0,3.500,-3.250
1777622012,764911180,robot_2,-3.250,-1.750
1777622012,764930396,robot_1,-2.357,-1.928
1777622012,764938104,robot_0,0.541,3.864
1777622012,964996641,robot_2,-3.250,-1.750
1777622012,965017822,robot_1,-2.357,-1.928
1777622012,965025952,robot_0,0.541,3.864
1777622013,165221232,robot_2,-3.250,-1.750
1777622013,165241681,robot_1,-2.357,-1.928
1777622013,165250503,robot_0,0.541,3.864
1777622013,382073723,robot_2,0.291,2.471
1777622013,382093620,robot_4,-0.158,-0.636
1777622013,382101633,robot_3,0.165,-4.006
1777622013,382107909,robot_0,3.500,-3.250
1777622013,585013695,robot_2,-3.250,-1.750
1777622013,585032001,robot_1,-2.357,-1.928
1777622013,585039590,robot_0,0.541,3.864
1777622013,785538488,robot_2,-3.250,-1.750
1777622013,785569315,robot_1,-2.357,-1.928
1777622013,785584746,robot_0,0.541,3.864
1777622013,985620094,robot_2,-3.250,-1.750
1777622013,985658267,robot_1,-2.357,-1.928
1777622013,985680813,robot_0,0.541,3.864
1777622014,202713801,robot_2,0.291,2.471
1777622014,202736632,robot_4,-0.158,-0.636
1777622014,202746751,robot_3,0.165,-4.006
1777622014,202754923,robot_0,3.500,-3.250
1777622014,405154812,robot_2,-3.250,-1.750
1777622014,405175474,robot_1,-2.357,-1.928
1777622014,405184341,robot_0,0.541,3.864
1777622014,605326885,robot_2,-3.250,-1.750
1777622014,605347646,robot_1,-2.357,-1.928
1777622014,605355590,robot_0,0.541,3.864
1777622014,805832583,robot_2,-3.250,-1.750
1777622014,805864408,robot_1,-2.357,-1.928
1777622014,805879044,robot_0,0.541,3.864
1777622015,22179484,robot_2,0.291,2.471
1777622015,22201231,robot_4,-0.158,-0.636
1777622015,22209636,robot_3,0.165,-4.006
1777622015,22215816,robot_0,3.500,-3.250
1777622015,222696931,robot_2,0.291,2.471
1777622015,222728957,robot_4,-0.158,-0.636
1777622015,222744354,robot_3,0.165,-4.006
1777622015,222757747,robot_0,3.500,-3.250
1777622015,423026104,robot_2,0.291,2.471
1777622015,423049140,robot_4,-0.158,-0.636
1777622015,423057104,robot_3,0.165,-4.006
1777622015,423064114,robot_0,3.500,-3.250
1777622015,625377988,robot_2,-3.250,-1.750
1777622015,625403933,robot_1,-2.357,-1.928
1777622015,625412551,robot_0,0.541,3.864
1777622015,843506144,robot_2,0.291,2.471
1777622015,843526008,robot_4,-0.158,-0.636
1777622015,843538316,robot_3,0.165,-4.006
1777622015,843554139,robot_0,3.500,-3.250
1777622016,45239407,robot_2,-3.250,-1.750
1777622016,45260386,robot_1,-2.357,-1.928
1777622016,45270642,robot_0,0.541,3.864
1777622016,262308502,robot_2,0.291,2.471
1777622016,262328932,robot_4,-0.158,-0.636
1777622016,262336739,robot_3,0.165,-4.006
1777622016,262343501,robot_0,3.500,-3.250
1777622016,465023553,robot_2,-3.250,-1.750
1777622016,465044520,robot_1,-2.357,-1.928
1777622016,465052530,robot_0,0.541,3.864
1777622016,681986996,robot_2,0.291,2.471
1777622016,682007602,robot_4,-0.158,-0.636
1777622016,682015426,robot_3,0.165,-4.006
1777622016,682023124,robot_0,3.500,-3.250
1777622016,882236513,robot_2,0.291,2.471
1777622016,882257871,robot_4,-0.158,-0.636
1777622016,882267245,robot_3,0.165,-4.006
1777622016,882274200,robot_0,3.500,-3.250
1777622017,85164083,robot_2,-3.250,-1.750
1777622017,85183183,robot_1,-2.357,-1.928
1777622017,85190898,robot_0,0.541,3.864
1777622017,285225837,robot_2,-3.250,-1.750
1777622017,285244260,robot_1,-2.357,-1.928
1777622017,285251435,robot_0,0.541,3.864
1777622017,485568627,robot_2,-3.250,-1.750
1777622017,485593732,robot_1,-2.357,-1.928
1777622017,485607067,robot_0,0.541,3.864
1777622017,685708676,robot_2,-3.250,-1.750
1777622017,685746004,robot_1,-2.357,-1.928
1777622017,685768182,robot_0,0.541,3.864
1777622017,886154789,robot_2,-3.250,-1.750
1777622017,886184833,robot_1,-2.357,-1.928
1777622017,886200254,robot_0,0.541,3.864
1777622018,103132905,robot_2,0.291,2.471
1777622018,103171992,robot_4,-0.158,-0.636
1777622018,103187663,robot_3,0.165,-4.006
1777622018,103201464,robot_0,3.500,-3.250
1777622018,305090638,robot_2,-3.250,-1.750
1777622018,305112163,robot_1,-2.357,-1.928
1777622018,305120552,robot_0,0.541,3.864
1777622018,505569357,robot_2,-3.250,-1.750
1777622018,505590460,robot_1,-2.357,-1.928
1777622018,505599046,robot_0,0.541,3.864
1777622018,721830111,robot_2,0.291,2.471
1777622018,721851996,robot_4,-0.158,-0.636
1777622018,721860531,robot_3,0.165,-4.006
1777622018,721867551,robot_0,3.500,-3.250
1777622018,922431472,robot_2,0.291,2.471
1777622018,922455330,robot_4,-0.158,-0.636
1777622018,922464075,robot_3,0.165,-4.006
1777622018,922471433,robot_0,3.500,-3.250
1777622019,122815053,robot_2,0.291,2.471
1777622019,122839613,robot_4,-0.158,-0.636
1777622019,122849826,robot_3,0.165,-4.006
1777622019,122857364,robot_0,3.500,-3.250
1777622019,323148489,robot_2,0.291,2.471
1777622019,323181937,robot_4,-0.158,-0.636
1777622019,323197001,robot_3,0.165,-4.006
1777622019,323209321,robot_0,3.500,-3.250
1777622019,523492996,robot_2,0.291,2.471
1777622019,523536124,robot_4,-0.158,-0.636
1777622019,523560542,robot_3,0.165,-4.006
1777622019,523581581,robot_0,3.500,-3.250
1777622019,725432361,robot_2,-3.250,-1.750
1777622019,725455769,robot_1,-2.357,-1.928
1777622019,725465972,robot_0,0.541,3.864
1777622019,925567298,robot_2,-3.250,-1.750
1777622019,925588926,robot_1,-2.357,-1.928
1777622019,925598177,robot_0,0.541,3.864
1777622020,142056461,robot_2,0.291,2.471
1777622020,142085820,robot_4,-0.158,-0.636
1777622020,142100454,robot_3,0.165,-4.006
1777622020,142113174,robot_0,3.500,-3.250
1777622020,345077436,robot_2,-3.250,-1.750
1777622020,345096756,robot_1,-2.357,-1.928
1777622020,345105458,robot_0,0.541,3.864
1777622020,545338662,robot_2,-3.250,-1.750
1777622020,545359588,robot_1,-2.357,-1.928
1777622020,545368518,robot_0,0.541,3.864
1777622020,745423476,robot_2,-3.250,-1.750
1777622020,745443623,robot_1,-2.357,-1.928
1777622020,745451791,robot_0,0.541,3.864
1777622020,962109287,robot_2,0.291,2.471
1777622020,962132336,robot_4,-0.158,-0.636
1777622020,962141281,robot_3,0.165,-4.006
1777622020,962147987,robot_0,3.500,-3.250
1777622021,165301380,robot_2,-3.250,-1.750
1777622021,165320890,robot_1,-2.357,-1.928
1777622021,165329058,robot_0,0.541,3.864
1777622021,382216498,robot_2,0.291,2.471
1777622021,382239460,robot_4,-0.158,-0.636
1777622021,382248542,robot_3,0.165,-4.006
1777622021,382255824,robot_0,3.500,-3.250
1777622021,585594136,robot_2,-3.250,-1.750
1777622021,585616410,robot_1,-2.357,-1.928
1777622021,585625935,robot_0,0.541,3.864
1777622021,803035231,robot_2,0.291,2.471
1777622021,803055856,robot_4,-0.158,-0.636
1777622021,803063932,robot_3,0.165,-4.006
1777622021,803070824,robot_0,3.500,-3.250
1777622022,4926834,robot_2,-3.250,-1.750
1777622022,4947559,robot_1,-2.357,-1.928
1777622022,4956045,robot_0,0.541,3.864
1777622022,205514338,robot_2,-3.250,-1.750
1777622022,205534709,robot_1,-2.357,-1.928
1777622022,205542932,robot_0,0.541,3.864
1777622022,422837185,robot_2,0.291,2.471
1777622022,422862217,robot_4,-0.158,-0.636
1777622022,422871666,robot_3,0.165,-4.006
1777622022,422879063,robot_0,3.500,-3.250
1777622022,625537906,robot_2,-3.250,-1.750
1777622022,625560830,robot_1,-2.357,-1.928
1777622022,625569153,robot_0,0.541,3.864
1777622022,825564674,robot_2,-3.250,-1.750
1777622022,825586505,robot_1,-2.357,-1.928
1777622022,825595263,robot_0,0.541,3.864
1777622023,25664464,robot_2,-3.250,-1.750
1777622023,25696295,robot_1,-2.357,-1.928
1777622023,25712019,robot_0,0.541,3.864
1777622023,241926870,robot_2,0.291,2.471
1777622023,241947292,robot_4,-0.158,-0.636
1777622023,241955634,robot_3,0.165,-4.006
1777622023,241962234,robot_0,3.500,-3.250
1777622023,442822003,robot_2,0.291,2.471
1777622023,442844583,robot_4,-0.158,-0.636
1777622023,442853600,robot_3,0.165,-4.006
1777622023,442861447,robot_0,3.500,-3.250
1777622023,645303362,robot_2,-3.250,-1.750
1777622023,645326558,robot_1,-2.357,-1.928
1777622023,645335513,robot_0,0.541,3.864
1777622023,845617190,robot_2,-3.250,-1.750
1777622023,845637930,robot_1,-2.357,-1.928
1777622023,845645963,robot_0,0.541,3.864
1777622024,61996012,robot_2,0.291,2.471
1777622024,62017512,robot_4,-0.158,-0.636
1777622024,62026432,robot_3,0.165,-4.006
1777622024,62033046,robot_0,3.500,-3.250
1777622024,262366869,robot_2,0.291,2.471
1777622024,262396172,robot_4,-0.158,-0.636
1777622024,262440495,robot_3,0.165,-4.006
1777622024,262471238,robot_0,3.500,-3.250
1777622024,465123989,robot_2,-3.250,-1.750
1777622024,465146899,robot_1,-2.357,-1.928
1777622024,465155595,robot_0,0.541,3.864
1777622024,682357334,robot_2,0.291,2.471
1777622024,682380164,robot_4,-0.158,-0.636
1777622024,682394337,robot_3,0.165,-4.006
1777622024,682401897,robot_0,3.500,-3.250
1777622024,886106456,robot_2,-3.250,-1.750
1777622024,886132945,robot_1,-2.357,-1.928
1777622024,886145498,robot_0,0.541,3.864
1777622025,102824433,robot_2,0.291,2.471
1777622025,102846847,robot_4,-0.158,-0.636
1777622025,102855196,robot_3,0.165,-4.006
1777622025,102861539,robot_0,3.500,-3.250
1777622025,303907093,robot_2,0.291,2.471
1777622025,303937713,robot_4,-0.158,-0.636
1777622025,303953242,robot_3,0.165,-4.006
1777622025,303967614,robot_0,3.500,-3.250
1777622025,505160055,robot_2,-3.250,-1.750
1777622025,505180155,robot_1,-2.357,-1.928
1777622025,505188068,robot_0,0.541,3.864
1777622025,705681579,robot_2,-3.250,-1.750
1777622025,705714277,robot_1,-2.357,-1.928
1777622025,705730340,robot_0,0.541,3.864
1777622025,923411142,robot_2,0.291,2.471
1777622025,923434147,robot_4,-0.158,-0.636
1777622025,923441806,robot_3,0.165,-4.006
1777622025,923448288,robot_0,3.500,-3.250
1777622026,125424198,robot_2,-3.250,-1.750
1777622026,125445682,robot_1,-2.357,-1.928
1777622026,125453455,robot_0,0.541,3.864
1777622026,342409428,robot_2,0.291,2.471
1777622026,342430956,robot_4,-0.158,-0.636
1777622026,342439434,robot_3,0.165,-4.006
1777622026,342446091,robot_0,3.500,-3.250
1777622026,545479713,robot_2,-3.250,-1.750
1777622026,545498817,robot_1,-2.357,-1.928
1777622026,545506704,robot_0,0.541,3.864
1777622026,745693168,robot_2,-3.250,-1.750
1777622026,745716671,robot_1,-2.357,-1.928
1777622026,745726909,robot_0,0.541,3.864
1777622026,945748719,robot_2,-3.250,-1.750
1777622026,945769937,robot_1,-2.357,-1.928
1777622026,945778573,robot_0,0.541,3.864
1777622027,161962729,robot_2,0.291,2.471
1777622027,161985759,robot_4,-0.158,-0.636
1777622027,161994563,robot_3,0.165,-4.006
1777622027,162001581,robot_0,3.500,-3.250
1777622027,362293438,robot_2,0.291,2.471
1777622027,362318027,robot_4,-0.158,-0.636
1777622027,362328731,robot_3,0.165,-4.006
1777622027,362337912,robot_0,3.500,-3.250
1777622027,562734492,robot_2,0.291,2.471
1777622027,562760666,robot_4,-0.158,-0.636
1777622027,562775022,robot_3,0.165,-4.006
1777622027,562785183,robot_0,3.500,-3.250
1777622027,765513646,robot_2,-3.250,-1.750
1777622027,765536094,robot_1,-2.357,-1.928
1777622027,765546094,robot_0,0.541,3.864
1777622027,981877233,robot_2,0.291,2.471
1777622027,981902907,robot_4,-0.158,-0.636
1777622027,981913341,robot_3,0.165,-4.006
1777622027,981921440,robot_0,3.500,-3.250
1777622028,182379411,robot_2,0.291,2.471
1777622028,182411894,robot_4,-0.158,-0.636
1777622028,182422057,robot_3,0.165,-4.006
1777622028,182428723,robot_0,3.500,-3.250
1777622028,382608178,robot_2,0.291,2.471
1777622028,382627367,robot_4,-0.158,-0.636
1777622028,382634881,robot_3,0.165,-4.006
1777622028,382641129,robot_0,3.500,-3.250
1777622028,584990251,robot_2,-3.250,-1.750
1777622028,585009582,robot_1,-2.357,-1.928
1777622028,585017196,robot_0,0.541,3.864
1777622028,785808364,robot_2,-3.250,-1.750
1777622028,785844648,robot_1,-2.357,-1.928
1777622028,785860416,robot_0,0.541,3.864
1777622029,2504812,robot_2,0.291,2.471
1777622029,2544439,robot_4,-0.158,-0.636
1777622029,2565344,robot_3,0.165,-4.006
1777622029,2583144,robot_0,3.500,-3.250
1777622029,202682072,robot_2,0.291,2.471
1777622029,202702014,robot_4,-0.158,-0.636
1777622029,202709916,robot_3,0.165,-4.006
1777622029,202715747,robot_0,3.500,-3.250
1777622029,402891271,robot_2,0.291,2.471
1777622029,402918524,robot_4,-0.158,-0.636
1777622029,402929697,robot_3,0.165,-4.006
1777622029,402939533,robot_0,3.500,-3.250
1777622029,603396414,robot_2,0.291,2.471
1777622029,603434345,robot_4,-0.158,-0.636
1777622029,603450339,robot_3,0.165,-4.006
1777622029,603463649,robot_0,3.500,-3.250
1777622029,803728208,robot_2,0.291,2.471
1777622029,803764201,robot_4,-0.158,-0.636
1777622029,803779657,robot_3,0.165,-4.006
1777622029,803791797,robot_0,3.500,-3.250
1777622030,4970595,robot_2,-3.250,-1.750
1777622030,4989923,robot_1,-2.357,-1.928
1777622030,4998114,robot_0,0.541,3.864
1777622030,205298962,robot_2,-3.250,-1.750
1777622030,205317766,robot_1,-2.357,-1.928
1777622030,205325321,robot_0,0.541,3.864
1777622030,405334109,robot_2,-3.250,-1.750
1777622030,405354845,robot_1,-2.357,-1.928
1777622030,405363565,robot_0,0.541,3.864
1777622030,606327432,robot_2,-3.250,-1.750
1777622030,606347464,robot_1,-2.357,-1.928
1777622030,606356471,robot_0,0.541,3.864
1777622030,822277870,robot_2,0.291,2.471
1777622030,822308450,robot_4,-0.158,-0.636
1777622030,822323905,robot_3,0.165,-4.006
1777622030,822337903,robot_0,3.500,-3.250
1777622031,25123543,robot_2,-3.250,-1.750
1777622031,25141256,robot_1,-2.357,-1.928
1777622031,25149025,robot_0,0.541,3.864
1777622031,241820229,robot_2,0.291,2.471
1777622031,241838971,robot_4,-0.158,-0.636
1777622031,241846688,robot_3,0.165,-4.006
1777622031,241853551,robot_0,3.500,-3.250
1777622031,443467998,robot_2,0.291,2.471
1777622031,443496010,robot_4,-0.158,-0.636
1777622031,443504702,robot_3,0.165,-4.006
1777622031,443511557,robot_0,3.500,-3.250
1777622031,645103137,robot_2,-3.250,-1.750
1777622031,645122558,robot_1,-2.357,-1.928
1777622031,645130911,robot_0,0.541,3.864
1777622031,861856731,robot_2,0.291,2.471
1777622031,861877067,robot_4,-0.158,-0.636
1777622031,861885538,robot_3,0.165,-4.006
1777622031,861892013,robot_0,3.500,-3.250
1777622032,62676514,robot_2,0.291,2.471
1777622032,62700579,robot_4,-0.158,-0.636
1777622032,62711272,robot_3,0.165,-4.006
1777622032,62720466,robot_0,3.500,-3.250
1777622032,262744410,robot_2,0.291,2.471
1777622032,262766906,robot_4,-0.158,-0.636
1777622032,262776143,robot_3,0.165,-4.006
1777622032,262784196,robot_0,3.500,-3.250
1777622032,465061672,robot_2,-3.250,-1.750
1777622032,465083281,robot_1,-2.357,-1.928
1777622032,465091373,robot_0,0.541,3.864
1777622032,682046261,robot_2,0.291,2.471
1777622032,682066467,robot_4,-0.158,-0.636
1777622032,682074282,robot_3,0.165,-4.006
1777622032,682081623,robot_0,3.500,-3.250
1777622032,884918466,robot_2,-3.250,-1.750
1777622032,884938606,robot_1,-2.357,-1.928
1777622032,884946526,robot_0,0.541,3.864
1777622033,84991500,robot_2,-3.250,-1.750
1777622033,85012604,robot_1,-2.357,-1.928
1777622033,85020298,robot_0,0.541,3.864
1777622033,285641574,robot_2,-3.250,-1.750
1777622033,285659991,robot_1,-2.357,-1.928
1777622033,285667624,robot_0,0.541,3.864
1777622033,501932791,robot_2,0.291,2.471
1777622033,501952624,robot_4,-0.158,-0.636
1777622033,501960310,robot_3,0.165,-4.006
1777622033,501966267,robot_0,3.500,-3.250
1777622033,702503172,robot_2,0.291,2.471
1777622033,702524287,robot_4,-0.158,-0.636
1777622033,702532484,robot_3,0.165,-4.006
1777622033,702539360,robot_0,3.500,-3.250
1777622033,902736596,robot_2,0.291,2.471
1777622033,902765892,robot_4,-0.158,-0.636
1777622033,902779015,robot_3,0.165,-4.006
1777622033,902790181,robot_0,3.500,-3.250
1777622034,103123788,robot_2,0.291,2.471
1777622034,103146290,robot_4,-0.158,-0.636
1777622034,103154490,robot_3,0.165,-4.006
1777622034,103160851,robot_0,3.500,-3.250
1777622034,305345606,robot_2,-3.250,-1.750
1777622034,305363426,robot_1,-2.357,-1.928
1777622034,305370985,robot_0,0.541,3.864
1777622034,522050949,robot_2,0.291,2.471
1777622034,522069984,robot_4,-0.158,-0.636
1777622034,522077928,robot_3,0.165,-4.006
1777622034,522084153,robot_0,3.500,-3.250
1777622034,722600713,robot_2,0.291,2.471
1777622034,722625312,robot_4,-0.158,-0.636
1777622034,722635306,robot_3,0.165,-4.006
1777622034,722643073,robot_0,3.500,-3.250
1777622034,922852462,robot_2,0.291,2.471
1777622034,922877395,robot_4,-0.158,-0.636
1777622034,922889381,robot_3,0.165,-4.006
1777622034,922898356,robot_0,3.500,-3.250
1777622035,125412949,robot_2,-3.250,-1.750
1777622035,125435121,robot_1,-2.357,-1.928
1777622035,125443667,robot_0,0.541,3.864
1777622035,341890484,robot_2,0.291,2.471
1777622035,341910513,robot_4,-0.158,-0.636
1777622035,341918506,robot_3,0.165,-4.006
1777622035,341925173,robot_0,3.500,-3.250
1777622035,542074278,robot_2,0.291,2.471
1777622035,542095826,robot_4,-0.158,-0.636
1777622035,542104292,robot_3,0.165,-4.006
1777622035,542110700,robot_0,3.500,-3.250
1777622035,742393344,robot_2,0.291,2.471
1777622035,742413064,robot_4,-0.158,-0.636
1777622035,742421837,robot_3,0.165,-4.006
1777622035,742428943,robot_0,3.500,-3.250
1777622035,942569598,robot_2,0.291,2.471
1777622035,942596908,robot_4,-0.158,-0.636
1777622035,942605399,robot_3,0.165,-4.006
1777622035,942612339,robot_0,3.500,-3.250
1777622036,145097452,robot_2,-3.250,-1.750
1777622036,145116343,robot_1,-2.357,-1.928
1777622036,145125085,robot_0,0.541,3.864
1777622036,345500497,robot_2,-3.250,-1.750
1777622036,345522463,robot_1,-2.357,-1.928
1777622036,345531491,robot_0,0.541,3.864
1777622036,562379526,robot_2,0.291,2.471
1777622036,562414553,robot_4,-0.158,-0.636
1777622036,562428210,robot_3,0.165,-4.006
1777622036,562439566,robot_0,3.500,-3.250
1777622036,765048916,robot_2,-3.250,-1.750
1777622036,765067988,robot_1,-2.357,-1.928
1777622036,765076597,robot_0,0.541,3.864
1777622036,965081060,robot_2,-3.250,-1.750
1777622036,965101692,robot_1,-2.357,-1.928
1777622036,965109528,robot_0,0.541,3.864
1777622037,182268885,robot_2,0.291,2.471
1777622037,182289318,robot_4,-0.158,-0.636
1777622037,182299092,robot_3,0.165,-4.006
1777622037,182307100,robot_0,3.500,-3.250
1777622037,385314559,robot_2,-3.250,-1.750
1777622037,385333266,robot_1,-2.357,-1.928
1777622037,385341929,robot_0,0.541,3.864
1777622037,585703563,robot_2,-3.250,-1.750
1777622037,585721678,robot_1,-2.357,-1.928
1777622037,585729815,robot_0,0.541,3.864
1777622037,785786787,robot_2,-3.250,-1.750
1777622037,785805881,robot_1,-2.357,-1.928
1777622037,785813513,robot_0,0.541,3.864
1777622038,2376520,robot_2,0.291,2.471
1777622038,2412029,robot_4,-0.158,-0.636
1777622038,2429788,robot_3,0.165,-4.006
1777622038,2444335,robot_0,3.500,-3.250
1777622038,202759058,robot_2,0.291,2.471
1777622038,202780217,robot_4,-0.158,-0.636
1777622038,202788217,robot_3,0.165,-4.006
1777622038,202794928,robot_0,3.500,-3.250
1777622038,403009076,robot_2,0.291,2.471
1777622038,403029979,robot_4,-0.158,-0.636
1777622038,403038090,robot_3,0.165,-4.006
1777622038,403044962,robot_0,3.500,-3.250
1777622038,605481967,robot_2,-3.250,-1.750
1777622038,605504850,robot_1,-2.357,-1.928
1777622038,605513710,robot_0,0.541,3.864
1777622038,822206180,robot_2,0.291,2.471
1777622038,822227584,robot_4,-0.158,-0.636
1777622038,822236884,robot_3,0.165,-4.006
1777622038,822244599,robot_0,3.500,-3.250
1777622039,23091535,robot_2,0.291,2.471
1777622039,23123626,robot_4,-0.158,-0.636
1777622039,23140083,robot_3,0.165,-4.006
1777622039,23153761,robot_0,3.500,-3.250
1777622039,225065941,robot_2,-3.250,-1.750
1777622039,225083285,robot_1,-2.357,-1.928
1777622039,225091613,robot_0,0.541,3.864
1777622039,425899690,robot_2,-3.250,-1.750
1777622039,425920855,robot_1,-2.357,-1.928
1777622039,425930217,robot_0,0.541,3.864
1777622039,626017998,robot_2,-3.250,-1.750
1777622039,626040811,robot_1,-2.357,-1.928
1777622039,626049646,robot_0,0.541,3.864
1777622039,842513516,robot_2,0.291,2.471
1777622039,842534043,robot_4,-0.158,-0.636
1777622039,842543707,robot_3,0.165,-4.006
1777622039,842551863,robot_0,3.500,-3.250
1777622040,45329116,robot_2,-3.250,-1.750
1777622040,45347601,robot_1,-2.357,-1.928
1777622040,45356139,robot_0,0.541,3.864
1777622040,262132179,robot_2,0.291,2.471
1777622040,262154998,robot_4,-0.158,-0.636
1777622040,262166698,robot_3,0.165,-4.006
1777622040,262175279,robot_0,3.500,-3.250
1777622040,462721490,robot_2,0.291,2.471
1777622040,462742746,robot_4,-0.158,-0.636
1777622040,462751435,robot_3,0.165,-4.006
1777622040,462758317,robot_0,3.500,-3.250
1777622040,665185449,robot_2,-3.250,-1.750
1777622040,665203394,robot_1,-2.357,-1.928
1777622040,665211220,robot_0,0.541,3.864
1777622040,882000555,robot_2,0.291,2.471
1777622040,882018996,robot_4,-0.158,-0.636
1777622040,882027082,robot_3,0.165,-4.006
1777622040,882034058,robot_0,3.500,-3.250
1777622041,82217696,robot_2,0.291,2.471
1777622041,82235823,robot_4,-0.158,-0.636
1777622041,82243841,robot_3,0.165,-4.006
1777622041,82250994,robot_0,3.500,-3.250
1777622041,284987685,robot_2,-3.250,-1.750
1777622041,285008220,robot_1,-2.357,-1.928
1777622041,285016701,robot_0,0.541,3.864
1777622041,485699975,robot_2,-3.250,-1.750
1777622041,485735255,robot_1,-2.357,-1.928
1777622041,485751777,robot_0,0.541,3.864
1777622041,702871183,robot_2,0.291,2.471
1777622041,702908809,robot_4,-0.158,-0.636
1777622041,702929384,robot_3,0.165,-4.006
1777622041,702943097,robot_0,3.500,-3.250
1777622041,903330235,robot_2,0.291,2.471
1777622041,903360431,robot_4,-0.158,-0.636
1777622041,903371226,robot_3,0.165,-4.006
1777622041,903380695,robot_0,3.500,-3.250
1777622042,103688054,robot_2,0.291,2.471
1777622042,103722353,robot_4,-0.158,-0.636
1777622042,103732915,robot_3,0.165,-4.006
1777622042,103740715,robot_0,3.500,-3.250
1777622042,305447036,robot_2,-3.250,-1.750
1777622042,305466069,robot_1,-2.357,-1.928
1777622042,305474156,robot_0,0.541,3.864
1777622042,522090924,robot_2,0.291,2.471
1777622042,522112648,robot_4,-0.158,-0.636
1777622042,522123112,robot_3,0.165,-4.006
1777622042,522131336,robot_0,3.500,-3.250
1777622042,725001684,robot_2,-3.250,-1.750
1777622042,725024288,robot_1,-2.357,-1.928
1777622042,725033188,robot_0,0.541,3.864
1777622042,925769617,robot_2,-3.250,-1.750
1777622042,925789553,robot_1,-2.357,-1.928
1777622042,925797955,robot_0,0.541,3.864
1777622043,142226547,robot_2,0.291,2.471
1777622043,142247804,robot_4,-0.158,-0.636
1777622043,142257905,robot_3,0.165,-4.006
1777622043,142264625,robot_0,3.500,-3.250
1777622043,342460374,robot_2,0.291,2.471
1777622043,342490785,robot_4,-0.158,-0.636
1777622043,342506384,robot_3,0.165,-4.006
1777622043,342519483,robot_0,3.500,-3.250
1777622043,545670272,robot_2,-3.250,-1.750
1777622043,545690725,robot_1,-2.357,-1.928
1777622043,545699843,robot_0,0.541,3.864
1777622043,761886033,robot_2,0.291,2.471
1777622043,761905563,robot_4,-0.158,-0.636
1777622043,761913610,robot_3,0.165,-4.006
1777622043,761920352,robot_0,3.500,-3.250
1777622043,962235256,robot_2,0.291,2.471
1777622043,962258545,robot_4,-0.158,-0.636
1777622043,962267272,robot_3,0.165,-4.006
1777622043,962274680,robot_0,3.500,-3.250
1777622044,165017047,robot_2,-3.250,-1.750
1777622044,165037207,robot_1,-2.357,-1.928
1777622044,165044714,robot_0,0.541,3.864
1777622044,365282463,robot_2,-3.250,-1.750
1777622044,365301522,robot_1,-2.357,-1.928
1777622044,365309686,robot_0,0.541,3.864
1777622044,581823265,robot_2,0.291,2.471
1777622044,581842561,robot_4,-0.158,-0.636
1777622044,581850652,robot_3,0.165,-4.006
1777622044,581857651,robot_0,3.500,-3.250
1777622044,785366018,robot_2,-3.250,-1.750
1777622044,785388133,robot_1,-2.357,-1.928
1777622044,785396216,robot_0,0.541,3.864
1777622045,1960293,robot_2,0.291,2.471
1777622045,1979595,robot_4,-0.158,-0.636
1777622045,1988080,robot_3,0.165,-4.006
1777622045,1994725,robot_0,3.500,-3.250
1777622045,202114393,robot_2,0.291,2.471
1777622045,202139231,robot_4,-0.158,-0.636
1777622045,202149961,robot_3,0.165,-4.006
1777622045,202158541,robot_0,3.500,-3.250
1777622045,402610263,robot_2,0.291,2.471
1777622045,402634457,robot_4,-0.158,-0.636
1777622045,402646134,robot_3,0.165,-4.006
1777622045,402655487,robot_0,3.500,-3.250
1777622045,602908158,robot_2,0.291,2.471
1777622045,602931083,robot_4,-0.158,-0.636
1777622045,602939297,robot_3,0.165,-4.006
1777622045,602946485,robot_0,3.500,-3.250
1777622045,804996415,robot_2,-3.250,-1.750
1777622045,805013810,robot_1,-2.357,-1.928
1777622045,805022133,robot_0,0.541,3.864
1777622046,5134031,robot_2,-3.250,-1.750
1777622046,5152208,robot_1,-2.357,-1.928
1777622046,5159757,robot_0,0.541,3.864
1777622046,205517670,robot_2,-3.250,-1.750
1777622046,205541716,robot_1,-2.357,-1.928
1777622046,205550066,robot_0,0.541,3.864
1777622046,405690313,robot_2,-3.250,-1.750
1777622046,405722775,robot_1,-2.357,-1.928
1777622046,405738205,robot_0,0.541,3.864
1777622046,623154221,robot_2,0.291,2.471
1777622046,623178997,robot_4,-0.158,-0.636
1777622046,623188252,robot_3,0.165,-4.006
1777622046,623195487,robot_0,3.500,-3.250
1777622046,825183325,robot_2,-3.250,-1.750
1777622046,825203575,robot_1,-2.357,-1.928
1777622046,825211842,robot_0,0.541,3.864
1777622047,42155292,robot_2,0.291,2.471
1777622047,42176423,robot_4,-0.158,-0.636
1777622047,42186823,robot_3,0.165,-4.006
1777622047,42194985,robot_0,3.500,-3.250
1777622047,245035677,robot_2,-3.250,-1.750
1777622047,245052430,robot_1,-2.357,-1.928
1777622047,245060254,robot_0,0.541,3.864
1777622047,445336525,robot_2,-3.250,-1.750
1777622047,445355561,robot_1,-2.357,-1.928
1777622047,445363802,robot_0,0.541,3.864
1777622047,661959237,robot_2,0.291,2.471
1777622047,661979738,robot_4,-0.158,-0.636
1777622047,661989011,robot_3,0.165,-4.006
1777622047,661996777,robot_0,3.500,-3.250
1777622047,862028697,robot_2,0.291,2.471
1777622047,862049307,robot_4,-0.158,-0.636
1777622047,862060642,robot_3,0.165,-4.006
1777622047,862069503,robot_0,3.500,-3.250
1777622048,65288993,robot_2,-3.250,-1.750
1777622048,65307781,robot_1,-2.357,-1.928
1777622048,65316095,robot_0,0.541,3.864
1777622048,282845955,robot_2,0.291,2.471
1777622048,282869899,robot_4,-0.158,-0.636
1777622048,282881981,robot_3,0.165,-4.006
1777622048,282891556,robot_0,3.500,-3.250
1777622048,485931951,robot_2,-3.250,-1.750
1777622048,485962303,robot_1,-2.357,-1.928
1777622048,485977676,robot_0,0.541,3.864
1777622048,686664616,robot_2,-3.250,-1.750
1777622048,686685175,robot_1,-2.357,-1.928
1777622048,686693943,robot_0,0.541,3.864
1777622048,902941891,robot_2,0.291,2.471
1777622048,902963293,robot_4,-0.158,-0.636
1777622048,902973207,robot_3,0.165,-4.006
1777622048,902980764,robot_0,3.500,-3.250
1777622049,103051557,robot_2,0.291,2.471
1777622049,103074239,robot_4,-0.158,-0.636
1777622049,103082254,robot_3,0.165,-4.006
1777622049,103088584,robot_0,3.500,-3.250
1777622049,305343018,robot_2,-3.250,-1.750
1777622049,305362179,robot_1,-2.357,-1.928
1777622049,305369666,robot_0,0.541,3.864
1777622049,505436642,robot_2,-3.250,-1.750
1777622049,505456229,robot_1,-2.357,-1.928
1777622049,505464672,robot_0,0.541,3.864
1777622049,722723759,robot_2,0.291,2.471
1777622049,722743981,robot_4,-0.158,-0.636
1777622049,722752749,robot_3,0.165,-4.006
1777622049,722760091,robot_0,3.500,-3.250
1777622049,922857150,robot_2,0.291,2.471
1777622049,922880006,robot_4,-0.158,-0.636
1777622049,922887737,robot_3,0.165,-4.006
1777622049,922894249,robot_0,3.500,-3.250
1777622050,125314491,robot_2,-3.250,-1.750
1777622050,125335819,robot_1,-2.357,-1.928
1777622050,125343854,robot_0,0.541,3.864
1777622050,342173330,robot_2,0.291,2.471
1777622050,342192920,robot_4,-0.158,-0.636
1777622050,342200755,robot_3,0.165,-4.006
1777622050,342208271,robot_0,3.500,-3.250
1777622050,544936434,robot_2,-3.250,-1.750
1777622050,544955350,robot_1,-2.357,-1.928
1777622050,544963378,robot_0,0.541,3.864
1777622050,744981827,robot_2,-3.250,-1.750
1777622050,745001141,robot_1,-2.357,-1.928
1777622050,745008292,robot_0,0.541,3.864
1777622050,945306137,robot_2,-3.250,-1.750
1777622050,945327519,robot_1,-2.357,-1.928
1777622050,945335655,robot_0,0.541,3.864
1777622051,162453789,robot_2,0.291,2.471
1777622051,162475521,robot_4,-0.158,-0.636
1777622051,162484726,robot_3,0.165,-4.006
1777622051,162492492,robot_0,3.500,-3.250
1777622051,364961506,robot_2,-3.250,-1.750
1777622051,364980674,robot_1,-2.357,-1.928
1777622051,364989187,robot_0,0.541,3.864
1777622051,565312610,robot_2,-3.250,-1.750
1777622051,565332854,robot_1,-2.357,-1.928
1777622051,565341367,robot_0,0.541,3.864
1777622051,765496995,robot_2,-3.250,-1.750
1777622051,765514276,robot_1,-2.357,-1.928
1777622051,765522249,robot_0,0.541,3.864
1777622051,981950888,robot_2,0.291,2.471
1777622051,981971007,robot_4,-0.158,-0.636
1777622051,981980937,robot_3,0.165,-4.006
1777622051,981989169,robot_0,3.500,-3.250
1777622052,185788832,robot_2,-3.250,-1.750
1777622052,185808109,robot_1,-2.357,-1.928
1777622052,185816159,robot_0,0.541,3.864
1777622052,401900213,robot_2,0.291,2.471
1777622052,401920061,robot_4,-0.158,-0.636
1777622052,401927820,robot_3,0.165,-4.006
1777622052,401934783,robot_0,3.500,-3.250
1777622052,603341061,robot_2,0.291,2.471
1777622052,603377953,robot_4,-0.158,-0.636
1777622052,603402299,robot_3,0.165,-4.006
1777622052,603416464,robot_0,3.500,-3.250
1777622052,804941704,robot_2,-3.250,-1.750
1777622052,804960551,robot_1,-2.357,-1.928
1777622052,804968747,robot_0,0.541,3.864
1777622053,5030279,robot_2,-3.250,-1.750
1777622053,5048159,robot_1,-2.357,-1.928
1777622053,5056250,robot_0,0.541,3.864
1777622053,205097408,robot_2,-3.250,-1.750
1777622053,205114491,robot_1,-2.357,-1.928
1777622053,205122642,robot_0,0.541,3.864
1777622053,405764886,robot_2,-3.250,-1.750
1777622053,405794683,robot_1,-2.357,-1.928
1777622053,405809741,robot_0,0.541,3.864
1777622053,622657015,robot_2,0.291,2.471
1777622053,622680115,robot_4,-0.158,-0.636
1777622053,622689136,robot_3,0.165,-4.006
1777622053,622695611,robot_0,3.500,-3.250
1777622053,825478620,robot_2,-3.250,-1.750
1777622053,825500461,robot_1,-2.357,-1.928
1777622053,825508719,robot_0,0.541,3.864
1777622054,25525383,robot_2,-3.250,-1.750
1777622054,25544241,robot_1,-2.357,-1.928
1777622054,25551882,robot_0,0.541,3.864
1777622054,242828487,robot_2,0.291,2.471
1777622054,242854510,robot_4,-0.158,-0.636
1777622054,242866794,robot_3,0.165,-4.006
1777622054,242876549,robot_0,3.500,-3.250
1777622054,445287116,robot_2,-3.250,-1.750
1777622054,445309456,robot_1,-2.357,-1.928
1777622054,445317941,robot_0,0.541,3.864
1777622054,662032069,robot_2,0.291,2.471
1777622054,662054318,robot_4,-0.158,-0.636
1777622054,662065156,robot_3,0.165,-4.006
1777622054,662073735,robot_0,3.500,-3.250
1777622054,865227140,robot_2,-3.250,-1.750
1777622054,865249183,robot_1,-2.357,-1.928
1777622054,865257850,robot_0,0.541,3.864
1777622055,81878701,robot_2,0.291,2.471
1777622055,81899714,robot_4,-0.158,-0.636
1777622055,81908546,robot_3,0.165,-4.006
1777622055,81915936,robot_0,3.500,-3.250
1777622055,282353146,robot_2,0.291,2.471
1777622055,282373244,robot_4,-0.158,-0.636
1777622055,282381186,robot_3,0.165,-4.006
1777622055,282392992,robot_0,3.500,-3.250
1777622055,482670822,robot_2,0.291,2.471
1777622055,482704562,robot_4,-0.158,-0.636
1777622055,482721664,robot_3,0.165,-4.006
1777622055,482734456,robot_0,3.500,-3.250
1777622055,685492761,robot_2,-3.250,-1.750
1777622055,685513748,robot_1,-2.357,-1.928
1777622055,685522492,robot_0,0.541,3.864
1777622055,886014179,robot_2,-3.250,-1.750
1777622055,886039269,robot_1,-2.357,-1.928
1777622055,886050920,robot_0,0.541,3.864
1777622056,86894629,robot_2,-3.250,-1.750
1777622056,86935934,robot_1,-2.357,-1.928
1777622056,86957801,robot_0,0.541,3.864
1777622056,302321812,robot_2,0.291,2.471
1777622056,302341553,robot_4,-0.158,-0.636
1777622056,302350455,robot_3,0.165,-4.006
1777622056,302356650,robot_0,3.500,-3.250
1777622056,503259890,robot_2,0.291,2.471
1777622056,503279455,robot_4,-0.158,-0.636
1777622056,503288280,robot_3,0.165,-4.006
1777622056,503295821,robot_0,3.500,-3.250
1777622056,705975427,robot_2,-3.250,-1.750
1777622056,706007257,robot_1,-2.357,-1.928
1777622056,706023037,robot_0,0.541,3.864
1777622056,922620932,robot_2,0.291,2.471
1777622056,922647866,robot_4,-0.158,-0.636
1777622056,922657642,robot_3,0.165,-4.006
1777622056,922664215,robot_0,3.500,-3.250
1777622057,123636626,robot_2,0.291,2.471
1777622057,123680654,robot_4,-0.158,-0.636
1777622057,123701407,robot_3,0.165,-4.006
1777622057,123718655,robot_0,3.500,-3.250
1777622057,325373620,robot_2,-3.250,-1.750
1777622057,325412299,robot_1,-2.357,-1.928
1777622057,325420447,robot_0,0.541,3.864
1777622057,542438942,robot_2,0.291,2.471
1777622057,542459860,robot_4,-0.158,-0.636
1777622057,542468023,robot_3,0.165,-4.006
1777622057,542474366,robot_0,3.500,-3.250
1777622057,745378111,robot_2,-3.250,-1.750
1777622057,745410261,robot_1,-2.357,-1.928
1777622057,745418937,robot_0,0.541,3.864
1777622057,945577857,robot_2,-3.250,-1.750
1777622057,945601320,robot_1,-2.357,-1.928
1777622057,945609562,robot_0,0.541,3.864
1777622058,145703725,robot_2,-3.250,-1.750
1777622058,145724139,robot_1,-2.357,-1.928
1777622058,145732990,robot_0,0.541,3.864
1777622058,362072775,robot_2,0.291,2.471
1777622058,362094299,robot_4,-0.158,-0.636
1777622058,362102922,robot_3,0.165,-4.006
1777622058,362110485,robot_0,3.500,-3.250
1777622058,565061697,robot_2,-3.250,-1.750
1777622058,565081355,robot_1,-2.357,-1.928
1777622058,565088636,robot_0,0.541,3.864
1777622058,782032981,robot_2,0.291,2.471
1777622058,782056173,robot_4,-0.158,-0.636
1777622058,782065778,robot_3,0.165,-4.006
1777622058,782074284,robot_0,3.500,-3.250
1777622058,985462252,robot_2,-3.250,-1.750
1777622058,985482161,robot_1,-2.357,-1.928
1777622058,985489683,robot_0,0.541,3.864
1777622059,202620104,robot_2,0.291,2.471
1777622059,202652398,robot_4,-0.158,-0.636
1777622059,202667184,robot_3,0.165,-4.006
1777622059,202678658,robot_0,3.500,-3.250
1777622059,403187163,robot_2,0.291,2.471
1777622059,403207343,robot_4,-0.158,-0.636
1777622059,403215693,robot_3,0.165,-4.006
1777622059,403222337,robot_0,3.500,-3.250
1777622059,605344476,robot_2,-3.250,-1.750
1777622059,605365800,robot_1,-2.357,-1.928
1777622059,605374018,robot_0,0.541,3.864
1777622059,806289374,robot_2,-3.250,-1.750
1777622059,806317395,robot_1,-2.357,-1.928
1777622059,806330805,robot_0,0.541,3.864
1777622060,21912016,robot_2,0.291,2.471
1777622060,21933378,robot_4,-0.158,-0.636
1777622060,21942026,robot_3,0.165,-4.006
1777622060,21949042,robot_0,3.500,-3.250
1777622060,222338720,robot_2,0.291,2.471
1777622060,222360719,robot_4,-0.158,-0.636
1777622060,222369454,robot_3,0.165,-4.006
1777622060,222376942,robot_0,3.500,-3.250
1777622060,422483356,robot_2,0.291,2.471
1777622060,422510451,robot_4,-0.158,-0.636
1777622060,422518732,robot_3,0.165,-4.006
1777622060,422525763,robot_0,3.500,-3.250
1777622060,622770371,robot_2,0.291,2.471
1777622060,622795985,robot_4,-0.158,-0.636
1777622060,622805528,robot_3,0.165,-4.006
1777622060,622813048,robot_0,3.500,-3.250
1777622060,825049371,robot_2,-3.250,-1.750
1777622060,825069363,robot_1,-2.357,-1.928
1777622060,825077611,robot_0,0.541,3.864
1777622061,25454279,robot_2,-3.250,-1.750
1777622061,25472752,robot_1,-2.357,-1.928
1777622061,25481116,robot_0,0.541,3.864
1777622061,241822864,robot_2,0.291,2.471
1777622061,241842052,robot_4,-0.158,-0.636
1777622061,241850237,robot_3,0.165,-4.006
1777622061,241856823,robot_0,3.500,-3.250
1777622061,442405810,robot_2,0.291,2.471
1777622061,442428455,robot_4,-0.158,-0.636
1777622061,442436431,robot_3,0.165,-4.006
1777622061,442443784,robot_0,3.500,-3.250
1777622061,644942418,robot_2,-3.250,-1.750
1777622061,644961200,robot_1,-2.357,-1.928
1777622061,644969037,robot_0,0.541,3.864
1777622061,845057578,robot_2,-3.250,-1.750
1777622061,845076316,robot_1,-2.357,-1.928
1777622061,845084060,robot_0,0.541,3.864
1777622062,45228246,robot_2,-3.250,-1.750
1777622062,45245191,robot_1,-2.357,-1.928
1777622062,45253015,robot_0,0.541,3.864
1777622062,245309508,robot_2,-3.250,-1.750
1777622062,245329554,robot_1,-2.357,-1.928
1777622062,245340139,robot_0,0.541,3.864
1777622062,445750634,robot_2,-3.250,-1.750
1777622062,445770118,robot_1,-2.357,-1.928
1777622062,445778233,robot_0,0.541,3.864
1777622062,661882589,robot_2,0.291,2.471
1777622062,661902661,robot_4,-0.158,-0.636
1777622062,661910969,robot_3,0.165,-4.006
1777622062,661917331,robot_0,3.500,-3.250
1777622062,862608394,robot_2,0.291,2.471
1777622062,862634450,robot_4,-0.158,-0.636
1777622062,862648804,robot_3,0.165,-4.006
1777622062,862660979,robot_0,3.500,-3.250
1777622063,65067972,robot_2,-3.250,-1.750
1777622063,65089077,robot_1,-2.357,-1.928
1777622063,65099108,robot_0,0.541,3.864
1777622063,265077148,robot_2,-3.250,-1.750
1777622063,265099070,robot_1,-2.357,-1.928
1777622063,265107722,robot_0,0.541,3.864
1777622063,465949521,robot_2,-3.250,-1.750
1777622063,465985292,robot_1,-2.357,-1.928
1777622063,466000439,robot_0,0.541,3.864
1777622063,681762587,robot_2,0.291,2.471
1777622063,681783468,robot_4,-0.158,-0.636
1777622063,681791621,robot_3,0.165,-4.006
1777622063,681797763,robot_0,3.500,-3.250
1777622063,881896925,robot_2,0.291,2.471
1777622063,881919423,robot_4,-0.158,-0.636
1777622063,881929001,robot_3,0.165,-4.006
1777622063,881936348,robot_0,3.500,-3.250
1777622064,82306612,robot_2,0.291,2.471
1777622064,82330703,robot_4,-0.158,-0.636
1777622064,82341006,robot_3,0.165,-4.006
1777622064,82349323,robot_0,3.500,-3.250
1777622064,285490848,robot_2,-3.250,-1.750
1777622064,285522707,robot_1,-2.357,-1.928
1777622064,285538320,robot_0,0.541,3.864
1777622064,485558852,robot_2,-3.250,-1.750
1777622064,485591307,robot_1,-2.357,-1.928
1777622064,485606898,robot_0,0.541,3.864
1777622064,685759657,robot_2,-3.250,-1.750
1777622064,685779690,robot_1,-2.357,-1.928
1777622064,685786643,robot_0,0.541,3.864
1777622064,886157856,robot_2,-3.250,-1.750
1777622064,886180720,robot_1,-2.357,-1.928
1777622064,886189189,robot_0,0.541,3.864
1777622065,103112810,robot_2,0.291,2.471
1777622065,103138440,robot_4,-0.158,-0.636
1777622065,103147422,robot_3,0.165,-4.006
1777622065,103154382,robot_0,3.500,-3.250
1777622065,304997956,robot_2,-3.250,-1.750
1777622065,305018446,robot_1,-2.357,-1.928
1777622065,305026206,robot_0,0.541,3.864
1777622065,521890094,robot_2,0.291,2.471
1777622065,521910833,robot_4,-0.158,-0.636
1777622065,521919325,robot_3,0.165,-4.006
1777622065,521926749,robot_0,3.500,-3.250
1777622065,722190741,robot_2,0.291,2.471
1777622065,722212587,robot_4,-0.158,-0.636
1777622065,722220935,robot_3,0.165,-4.006
1777622065,722227660,robot_0,3.500,-3.250
1777622065,922412685,robot_2,0.291,2.471
1777622065,922438488,robot_4,-0.158,-0.636
1777622065,922447419,robot_3,0.165,-4.006
1777622065,922456053,robot_0,3.500,-3.250
1777622066,123606654,robot_2,0.291,2.471
1777622066,123648810,robot_4,-0.158,-0.636
1777622066,123668352,robot_3,0.165,-4.006
1777622066,123684122,robot_0,3.500,-3.250
1777622066,325217296,robot_2,-3.250,-1.750
1777622066,325237091,robot_1,-2.357,-1.928
1777622066,325245062,robot_0,0.541,3.864
1777622066,525233788,robot_2,-3.250,-1.750
1777622066,525255176,robot_1,-2.357,-1.928
1777622066,525262849,robot_0,0.541,3.864
1777622066,725361462,robot_2,-3.250,-1.750
1777622066,725388923,robot_1,-2.357,-1.928
1777622066,725399398,robot_0,0.541,3.864
1777622066,925596303,robot_2,-3.250,-1.750
1777622066,925618342,robot_1,-2.357,-1.928
1777622066,925626723,robot_0,0.541,3.864
1777622067,126703718,robot_2,-3.250,-1.750
1777622067,126727592,robot_1,-2.357,-1.928
1777622067,126736253,robot_0,0.541,3.864
1777622067,342483719,robot_2,0.291,2.471
1777622067,342505876,robot_4,-0.158,-0.636
1777622067,342513796,robot_3,0.165,-4.006
1777622067,342520369,robot_0,3.500,-3.250
1777622067,543492608,robot_2,0.291,2.471
1777622067,543512699,robot_4,-0.158,-0.636
1777622067,543520706,robot_3,0.165,-4.006
1777622067,543527756,robot_0,3.500,-3.250
1777622067,745228211,robot_2,-3.250,-1.750
1777622067,745249743,robot_1,-2.357,-1.928
1777622067,745257852,robot_0,0.541,3.864
1777622067,945992115,robot_2,-3.250,-1.750
1777622067,946019322,robot_1,-2.357,-1.928
1777622067,946028223,robot_0,0.541,3.864
1777622068,162070853,robot_2,0.291,2.471
1777622068,162093224,robot_4,-0.158,-0.636
1777622068,162101744,robot_3,0.165,-4.006
1777622068,162108261,robot_0,3.500,-3.250
1777622068,364929455,robot_2,-3.250,-1.750
1777622068,364950474,robot_1,-2.357,-1.928
1777622068,364958793,robot_0,0.541,3.864
1777622068,564972760,robot_2,-3.250,-1.750
1777622068,564993821,robot_1,-2.357,-1.928
1777622068,565001892,robot_0,0.541,3.864
1777622068,765542016,robot_2,-3.250,-1.750
1777622068,765562854,robot_1,-2.357,-1.928
1777622068,765571504,robot_0,0.541,3.864
1777622068,982260779,robot_2,0.291,2.471
1777622068,982281987,robot_4,-0.158,-0.636
1777622068,982290643,robot_3,0.165,-4.006
1777622068,982297652,robot_0,3.500,-3.250
1777622069,186053268,robot_2,-3.250,-1.750
1777622069,186083165,robot_1,-2.357,-1.928
1777622069,186096538,robot_0,0.541,3.864
1777622069,386308124,robot_2,-3.250,-1.750
1777622069,386331550,robot_1,-2.357,-1.928
1777622069,386340568,robot_0,0.541,3.864
1777622069,603872869,robot_2,0.291,2.471
1777622069,603911195,robot_4,-0.158,-0.636
1777622069,603927473,robot_3,0.165,-4.006
1777622069,603941133,robot_0,3.500,-3.250
1777622069,805489115,robot_2,-3.250,-1.750
1777622069,805513376,robot_1,-2.357,-1.928
1777622069,805523137,robot_0,0.541,3.864
1777622070,5561776,robot_2,-3.250,-1.750
1777622070,5585253,robot_1,-2.357,-1.928
1777622070,5595521,robot_0,0.541,3.864
1777622070,222791088,robot_2,0.291,2.471
1777622070,222816779,robot_4,-0.158,-0.636
1777622070,222827804,robot_3,0.165,-4.006
1777622070,222837482,robot_0,3.500,-3.250
1777622070,423163205,robot_2,0.291,2.471
1777622070,423187281,robot_4,-0.158,-0.636
1777622070,423195628,robot_3,0.165,-4.006
1777622070,423202863,robot_0,3.500,-3.250
1777622070,625252325,robot_2,-3.250,-1.750
1777622070,625276621,robot_1,-2.357,-1.928
1777622070,625285322,robot_0,0.541,3.864
1777622070,825590538,robot_2,-3.250,-1.750
1777622070,825613193,robot_1,-2.357,-1.928
1777622070,825621365,robot_0,0.541,3.864
1777622071,42268044,robot_2,0.291,2.471
1777622071,42290796,robot_4,-0.158,-0.636
1777622071,42299449,robot_3,0.165,-4.006
1777622071,42306526,robot_0,3.500,-3.250
1777622071,245018327,robot_2,-3.250,-1.750
1777622071,245039525,robot_1,-2.357,-1.928
1777622071,245047605,robot_0,0.541,3.864
1777622071,445570352,robot_2,-3.250,-1.750
1777622071,445594515,robot_1,-2.357,-1.928
1777622071,445603419,robot_0,0.541,3.864
1777622071,662495387,robot_2,0.291,2.471
1777622071,662520702,robot_4,-0.158,-0.636
1777622071,662530074,robot_3,0.165,-4.006
1777622071,662537270,robot_0,3.500,-3.250
1777622071,865018123,robot_2,-3.250,-1.750
1777622071,865039192,robot_1,-2.357,-1.928
1777622071,865047345,robot_0,0.541,3.864
1777622072,65260418,robot_2,-3.250,-1.750
1777622072,65281447,robot_1,-2.357,-1.928
1777622072,65289741,robot_0,0.541,3.864
1777622072,281777476,robot_2,0.291,2.471
1777622072,281799430,robot_4,-0.158,-0.636
1777622072,281808061,robot_3,0.165,-4.006
1777622072,281814750,robot_0,3.500,-3.250
1777622072,482336226,robot_2,0.291,2.471
1777622072,482357667,robot_4,-0.158,-0.636
1777622072,482367027,robot_3,0.165,-4.006
1777622072,482374499,robot_0,3.500,-3.250
1777622072,685452329,robot_2,-3.250,-1.750
1777622072,685472780,robot_1,-2.357,-1.928
1777622072,685480913,robot_0,0.541,3.864
1777622072,885713412,robot_2,-3.250,-1.750
1777622072,885747409,robot_1,-2.357,-1.928
1777622072,885762700,robot_0,0.541,3.864
1777622073,103259253,robot_2,0.291,2.471
1777622073,103285487,robot_4,-0.158,-0.636
1777622073,103295398,robot_3,0.165,-4.006
1777622073,103303326,robot_0,3.500,-3.250
1777622073,303315150,robot_2,0.291,2.471
1777622073,303357246,robot_4,-0.158,-0.636
1777622073,303379035,robot_3,0.165,-4.006
1777622073,303403935,robot_0,3.500,-3.250
1777622073,505131730,robot_2,-3.250,-1.750
1777622073,505153317,robot_1,-2.357,-1.928
1777622073,505161880,robot_0,0.541,3.864
1777622073,705610525,robot_2,-3.250,-1.750
1777622073,705631965,robot_1,-2.357,-1.928
1777622073,705640705,robot_0,0.541,3.864
1777622073,922553418,robot_2,0.291,2.471
1777622073,922578772,robot_4,-0.158,-0.636
1777622073,922587570,robot_3,0.165,-4.006
1777622073,922594568,robot_0,3.500,-3.250
1777622074,122992287,robot_2,0.291,2.471
1777622074,123015635,robot_4,-0.158,-0.636
1777622074,123024178,robot_3,0.165,-4.006
1777622074,123030829,robot_0,3.500,-3.250
1777622074,325040886,robot_2,-3.250,-1.750
1777622074,325062181,robot_1,-2.357,-1.928
1777622074,325070525,robot_0,0.541,3.864
1777622074,542448662,robot_2,0.291,2.471
1777622074,542470722,robot_4,-0.158,-0.636
1777622074,542480048,robot_3,0.165,-4.006
1777622074,542487736,robot_0,3.500,-3.250
1777622074,743731386,robot_2,0.291,2.471
1777622074,743760066,robot_4,-0.158,-0.636
1777622074,743775552,robot_3,0.165,-4.006
1777622074,743785682,robot_0,3.500,-3.250
1777622074,946314514,robot_2,-3.250,-1.750
1777622074,946345834,robot_1,-2.357,-1.928
1777622074,946357682,robot_0,0.541,3.864
1777622075,162061811,robot_2,0.291,2.471
1777622075,162083610,robot_4,-0.158,-0.636
1777622075,162092721,robot_3,0.165,-4.006
1777622075,162099405,robot_0,3.500,-3.250
1777622075,365240987,robot_2,-3.250,-1.750
1777622075,365261855,robot_1,-2.357,-1.928
1777622075,365269542,robot_0,0.541,3.864
1777622075,565281634,robot_2,-3.250,-1.750
1777622075,565302511,robot_1,-2.357,-1.928
1777622075,565310992,robot_0,0.541,3.864
1777622075,781827100,robot_2,0.291,2.471
1777622075,781849653,robot_4,-0.158,-0.636
1777622075,781858427,robot_3,0.165,-4.006
1777622075,781865553,robot_0,3.500,-3.250
1777622075,985498300,robot_2,-3.250,-1.750
1777622075,985519326,robot_1,-2.357,-1.928
1777622075,985527706,robot_0,0.541,3.864
1777622076,202276672,robot_2,0.291,2.471
1777622076,202297826,robot_4,-0.158,-0.636
1777622076,202307474,robot_3,0.165,-4.006
1777622076,202315054,robot_0,3.500,-3.250
1777622076,402507167,robot_2,0.291,2.471
1777622076,402525911,robot_4,-0.158,-0.636
1777622076,402535286,robot_3,0.165,-4.006
1777622076,402542662,robot_0,3.500,-3.250
1777622076,604145418,robot_2,0.291,2.471
1777622076,604166929,robot_4,-0.158,-0.636
1777622076,604174911,robot_3,0.165,-4.006
1777622076,604181546,robot_0,3.500,-3.250
1777622076,805034172,robot_2,-3.250,-1.750
1777622076,805055155,robot_1,-2.357,-1.928
1777622076,805063391,robot_0,0.541,3.864
1777622077,5519050,robot_2,-3.250,-1.750
1777622077,5549187,robot_1,-2.357,-1.928
1777622077,5565408,robot_0,0.541,3.864
1777622077,221896585,robot_2,0.291,2.471
1777622077,221917936,robot_4,-0.158,-0.636
1777622077,221926357,robot_3,0.165,-4.006
1777622077,221933099,robot_0,3.500,-3.250
1777622077,423172539,robot_2,0.291,2.471
1777622077,423208478,robot_4,-0.158,-0.636
1777622077,423226341,robot_3,0.165,-4.006
1777622077,423240840,robot_0,3.500,-3.250
1777622077,623197054,robot_2,0.291,2.471
1777622077,623222630,robot_4,-0.158,-0.636
1777622077,623232043,robot_3,0.165,-4.006
1777622077,623238843,robot_0,3.500,-3.250
1777622077,825209299,robot_2,-3.250,-1.750
1777622077,825229880,robot_1,-2.357,-1.928
1777622077,825237738,robot_0,0.541,3.864
1777622078,41824446,robot_2,0.291,2.471
1777622078,41847771,robot_4,-0.158,-0.636
1777622078,41859150,robot_3,0.165,-4.006
1777622078,41869665,robot_0,3.500,-3.250
1777622078,242360243,robot_2,0.291,2.471
1777622078,242380614,robot_4,-0.158,-0.636
1777622078,242399987,robot_3,0.165,-4.006
1777622078,242407806,robot_0,3.500,-3.250
1777622078,442455882,robot_2,0.291,2.471
1777622078,442479222,robot_4,-0.158,-0.636
1777622078,442488591,robot_3,0.165,-4.006
1777622078,442495225,robot_0,3.500,-3.250
1777622078,642567334,robot_2,0.291,2.471
1777622078,642601052,robot_4,-0.158,-0.636
1777622078,642616895,robot_3,0.165,-4.006
1777622078,642630216,robot_0,3.500,-3.250
1777622078,842615301,robot_2,0.291,2.471
1777622078,842637739,robot_4,-0.158,-0.636
1777622078,842645975,robot_3,0.165,-4.006
1777622078,842652691,robot_0,3.500,-3.250
1777622079,44997685,robot_2,-3.250,-1.750
1777622079,45018278,robot_1,-2.357,-1.928
1777622079,45026705,robot_0,0.541,3.864
1777622079,245235174,robot_2,-3.250,-1.750
1777622079,245258287,robot_1,-2.357,-1.928
1777622079,245267909,robot_0,0.541,3.864
1777622079,445587573,robot_2,-3.250,-1.750
1777622079,445611243,robot_1,-2.357,-1.928
1777622079,445619726,robot_0,0.541,3.864
1777622079,662433927,robot_2,0.291,2.471
1777622079,662459851,robot_4,-0.158,-0.636
1777622079,662470116,robot_3,0.165,-4.006
1777622079,662478378,robot_0,3.500,-3.250
1777622079,865259639,robot_2,-3.250,-1.750
1777622079,865281420,robot_1,-2.357,-1.928
1777622079,865290385,robot_0,0.541,3.864
1777622080,65300408,robot_2,-3.250,-1.750
1777622080,65323799,robot_1,-2.357,-1.928
1777622080,65333166,robot_0,0.541,3.864
1777622080,281876841,robot_2,0.291,2.471
1777622080,281898338,robot_4,-0.158,-0.636
1777622080,281908153,robot_3,0.165,-4.006
1777622080,281915055,robot_0,3.500,-3.250
1777622080,482236796,robot_2,0.291,2.471
1777622080,482262447,robot_4,-0.158,-0.636
1777622080,482273059,robot_3,0.165,-4.006
1777622080,482282139,robot_0,3.500,-3.250
1777622080,682306104,robot_2,0.291,2.471
1777622080,682331487,robot_4,-0.158,-0.636
1777622080,682343526,robot_3,0.165,-4.006
1777622080,682353778,robot_0,3.500,-3.250
1777622080,882704814,robot_2,0.291,2.471
1777622080,882736935,robot_4,-0.158,-0.636
1777622080,882753057,robot_3,0.165,-4.006
1777622080,882764320,robot_0,3.500,-3.250
1777622081,85523768,robot_2,-3.250,-1.750
1777622081,85555574,robot_1,-2.357,-1.928
1777622081,85571632,robot_0,0.541,3.864
1777622081,303715397,robot_2,0.291,2.471
1777622081,303740281,robot_4,-0.158,-0.636
1777622081,303749906,robot_3,0.165,-4.006
1777622081,303757576,robot_0,3.500,-3.250
1777622081,505298144,robot_2,-3.250,-1.750
1777622081,505322582,robot_1,-2.357,-1.928
1777622081,505332333,robot_0,0.541,3.864
1777622081,722412688,robot_2,0.291,2.471
1777622081,722435472,robot_4,-0.158,-0.636
1777622081,722444071,robot_3,0.165,-4.006
1777622081,722451037,robot_0,3.500,-3.250
1777622081,922974271,robot_2,0.291,2.471
1777622081,922998929,robot_4,-0.158,-0.636
1777622081,923008290,robot_3,0.165,-4.006
1777622081,923016000,robot_0,3.500,-3.250
1777622082,123606841,robot_2,0.291,2.471
1777622082,123645864,robot_4,-0.158,-0.636
1777622082,123659027,robot_3,0.165,-4.006
1777622082,123668288,robot_0,3.500,-3.250
1777622082,325802611,robot_2,-3.250,-1.750
1777622082,325834206,robot_1,-2.357,-1.928
1777622082,325849117,robot_0,0.541,3.864
1777622082,542272210,robot_2,0.291,2.471
1777622082,542293590,robot_4,-0.158,-0.636
1777622082,542302455,robot_3,0.165,-4.006
1777622082,542309451,robot_0,3.500,-3.250
1777622082,744990700,robot_2,-3.250,-1.750
1777622082,745011838,robot_1,-2.357,-1.928
1777622082,745020627,robot_0,0.541,3.864
1777622082,945668088,robot_2,-3.250,-1.750
1777622082,945698043,robot_1,-2.357,-1.928
1777622082,945706064,robot_0,0.541,3.864
1777622083,162113366,robot_2,0.291,2.471
1777622083,162134849,robot_4,-0.158,-0.636
1777622083,162142755,robot_3,0.165,-4.006
1777622083,162149381,robot_0,3.500,-3.250
1777622083,362472671,robot_2,0.291,2.471
1777622083,362493070,robot_4,-0.158,-0.636
1777622083,362500796,robot_3,0.165,-4.006
1777622083,362507032,robot_0,3.500,-3.250
1777622083,565063569,robot_2,-3.250,-1.750
1777622083,565084007,robot_1,-2.357,-1.928
1777622083,565091544,robot_0,0.541,3.864
1777622083,765653372,robot_2,-3.250,-1.750
1777622083,765672488,robot_1,-2.357,-1.928
1777622083,765679968,robot_0,0.541,3.864
1777622083,982245164,robot_2,0.291,2.471
1777622083,982271202,robot_4,-0.158,-0.636
1777622083,982282709,robot_3,0.165,-4.006
1777622083,982293125,robot_0,3.500,-3.250
1777622084,182589333,robot_2,0.291,2.471
1777622084,182612197,robot_4,-0.158,-0.636
1777622084,182621495,robot_3,0.165,-4.006
1777622084,182628763,robot_0,3.500,-3.250
1777622084,385799836,robot_2,-3.250,-1.750
1777622084,385831610,robot_1,-2.357,-1.928
1777622084,385846249,robot_0,0.541,3.864
1777622084,603335937,robot_2,0.291,2.471
1777622084,603374873,robot_4,-0.158,-0.636
1777622084,603403672,robot_3,0.165,-4.006
1777622084,603418094,robot_0,3.500,-3.250
1777622084,805002124,robot_2,-3.250,-1.750
1777622084,805022988,robot_1,-2.357,-1.928
1777622084,805030922,robot_0,0.541,3.864
1777622085,21803262,robot_2,0.291,2.471
1777622085,21824336,robot_4,-0.158,-0.636
1777622085,21832464,robot_3,0.165,-4.006
1777622085,21838818,robot_0,3.500,-3.250
1777622085,221809208,robot_2,0.291,2.471
1777622085,221831069,robot_4,-0.158,-0.636
1777622085,221839104,robot_3,0.165,-4.006
1777622085,221845736,robot_0,3.500,-3.250
1777622085,422192975,robot_2,0.291,2.471
1777622085,422218020,robot_4,-0.158,-0.636
1777622085,422227224,robot_3,0.165,-4.006
1777622085,422235394,robot_0,3.500,-3.250
1777622085,623103609,robot_2,0.291,2.471
1777622085,623139268,robot_4,-0.158,-0.636
1777622085,623155489,robot_3,0.165,-4.006
1777622085,623169255,robot_0,3.500,-3.250
1777622085,825187360,robot_2,-3.250,-1.750
1777622085,825207420,robot_1,-2.357,-1.928
1777622085,825215294,robot_0,0.541,3.864
1777622086,25637388,robot_2,-3.250,-1.750
1777622086,25668258,robot_1,-2.357,-1.928
1777622086,25682552,robot_0,0.541,3.864
1777622086,241795964,robot_2,0.291,2.471
1777622086,241816970,robot_4,-0.158,-0.636
1777622086,241824713,robot_3,0.165,-4.006
1777622086,241830720,robot_0,3.500,-3.250
1777622086,444688399,robot_2,0.291,2.471
1777622086,444727502,robot_4,-0.158,-0.636
1777622086,444743482,robot_3,0.165,-4.006
1777622086,444757218,robot_0,3.500,-3.250
1777622086,645154595,robot_2,-3.250,-1.750
1777622086,645176971,robot_1,-2.357,-1.928
1777622086,645184907,robot_0,0.541,3.864
1777622086,862430833,robot_2,0.291,2.471
1777622086,862454062,robot_4,-0.158,-0.636
1777622086,862464321,robot_3,0.165,-4.006
1777622086,862471575,robot_0,3.500,-3.250
1777622087,65206785,robot_2,-3.250,-1.750
1777622087,65229461,robot_1,-2.357,-1.928
1777622087,65238492,robot_0,0.541,3.864
1777622087,282403263,robot_2,0.291,2.471
1777622087,282429873,robot_4,-0.158,-0.636
1777622087,282441525,robot_3,0.165,-4.006
1777622087,282451461,robot_0,3.500,-3.250
1777622087,485887369,robot_2,-3.250,-1.750
1777622087,485922161,robot_1,-2.357,-1.928
1777622087,485938180,robot_0,0.541,3.864
1777622087,702508232,robot_2,0.291,2.471
1777622087,702539618,robot_4,-0.158,-0.636
1777622087,702554196,robot_3,0.165,-4.006
1777622087,702566240,robot_0,3.500,-3.250
1777622087,904961857,robot_2,-3.250,-1.750
1777622087,904982240,robot_1,-2.357,-1.928
1777622087,904989668,robot_0,0.541,3.864
1777622088,105521995,robot_2,-3.250,-1.750
1777622088,105543328,robot_1,-2.357,-1.928
1777622088,105551788,robot_0,0.541,3.864
1777622088,321767713,robot_2,0.291,2.471
1777622088,321789569,robot_4,-0.158,-0.636
1777622088,321797988,robot_3,0.165,-4.006
1777622088,321804656,robot_0,3.500,-3.250
1777622088,522330334,robot_2,0.291,2.471
1777622088,522351981,robot_4,-0.158,-0.636
1777622088,522360220,robot_3,0.165,-4.006
1777622088,522367421,robot_0,3.500,-3.250
1777622088,725521099,robot_2,-3.250,-1.750
1777622088,725542651,robot_1,-2.357,-1.928
1777622088,725550479,robot_0,0.541,3.864
1777622088,925908785,robot_2,-3.250,-1.750
1777622088,925930626,robot_1,-2.357,-1.928
1777622088,925939006,robot_0,0.541,3.864
1777622089,126218945,robot_2,-3.250,-1.750
1777622089,126244305,robot_1,-2.357,-1.928
1777622089,126252555,robot_0,0.541,3.864
1777622089,341963253,robot_2,0.291,2.471
1777622089,341983598,robot_4,-0.158,-0.636
1777622089,341991927,robot_3,0.165,-4.006
1777622089,341998322,robot_0,3.500,-3.250
1777622089,542289385,robot_2,0.291,2.471
1777622089,542320659,robot_4,-0.158,-0.636
1777622089,542331551,robot_3,0.165,-4.006
1777622089,542340294,robot_0,3.500,-3.250
1777622089,745635561,robot_2,-3.250,-1.750
1777622089,745655682,robot_1,-2.357,-1.928
1777622089,745663969,robot_0,0.541,3.864
1777622089,962510319,robot_2,0.291,2.471
1777622089,962532502,robot_4,-0.158,-0.636
1777622089,962540430,robot_3,0.165,-4.006
1777622089,962547384,robot_0,3.500,-3.250
1777622090,166446877,robot_2,-3.250,-1.750
1777622090,166478223,robot_1,-2.357,-1.928
1777622090,166492761,robot_0,0.541,3.864
1777622090,366720828,robot_2,-3.250,-1.750
1777622090,366768868,robot_1,-2.357,-1.928
1777622090,366790932,robot_0,0.541,3.864
1777622090,582411763,robot_2,0.291,2.471
1777622090,582433785,robot_4,-0.158,-0.636
1777622090,582443624,robot_3,0.165,-4.006
1777622090,582451235,robot_0,3.500,-3.250
1777622090,782539462,robot_2,0.291,2.471
1777622090,782563857,robot_4,-0.158,-0.636
1777622090,782572707,robot_3,0.165,-4.006
1777622090,782580163,robot_0,3.500,-3.250
1777622090,986268371,robot_2,-3.250,-1.750
1777622090,986305835,robot_1,-2.357,-1.928
1777622090,986321268,robot_0,0.541,3.864
1777622091,202805087,robot_2,0.291,2.471
1777622091,202829809,robot_4,-0.158,-0.636
1777622091,202839484,robot_3,0.165,-4.006
1777622091,202848454,robot_0,3.500,-3.250
1777622091,405115632,robot_2,-3.250,-1.750
1777622091,405135753,robot_1,-2.357,-1.928
1777622091,405143929,robot_0,0.541,3.864
1777622091,606298004,robot_2,-3.250,-1.750
1777622091,606331582,robot_1,-2.357,-1.928
1777622091,606346564,robot_0,0.541,3.864
1777622091,822478470,robot_2,0.291,2.471
1777622091,822511483,robot_4,-0.158,-0.636
1777622091,822527368,robot_3,0.165,-4.006
1777622091,822540380,robot_0,3.500,-3.250
1777622092,22716493,robot_2,0.291,2.471
1777622092,22755712,robot_4,-0.158,-0.636
1777622092,22772234,robot_3,0.165,-4.006
1777622092,22784708,robot_0,3.500,-3.250
1777622092,225202101,robot_2,-3.250,-1.750
1777622092,225223005,robot_1,-2.357,-1.928
1777622092,225230923,robot_0,0.541,3.864
1777622092,425467214,robot_2,-3.250,-1.750
1777622092,425489677,robot_1,-2.357,-1.928
1777622092,425498033,robot_0,0.541,3.864
1777622092,642035683,robot_2,0.291,2.471
1777622092,642056847,robot_4,-0.158,-0.636
1777622092,642065608,robot_3,0.165,-4.006
1777622092,642072639,robot_0,3.500,-3.250
1777622092,842256511,robot_2,0.291,2.471
1777622092,842277238,robot_4,-0.158,-0.636
1777622092,842285187,robot_3,0.165,-4.006
1777622092,842292050,robot_0,3.500,-3.250
1777622093,42457282,robot_2,0.291,2.471
1777622093,42480484,robot_4,-0.158,-0.636
1777622093,42489446,robot_3,0.165,-4.006
1777622093,42496170,robot_0,3.500,-3.250
1777622093,244926684,robot_2,-3.250,-1.750
1777622093,244947514,robot_1,-2.357,-1.928
1777622093,244955259,robot_0,0.541,3.864
1777622093,445747239,robot_2,-3.250,-1.750
1777622093,445771771,robot_1,-2.357,-1.928
1777622093,445780228,robot_0,0.541,3.864
1777622093,661997838,robot_2,0.291,2.471
1777622093,662019576,robot_4,-0.158,-0.636
1777622093,662027727,robot_3,0.165,-4.006
1777622093,662034597,robot_0,3.500,-3.250
1777622093,862514388,robot_2,0.291,2.471
1777622093,862537626,robot_4,-0.158,-0.636
1777622093,862546600,robot_3,0.165,-4.006
1777622093,862554341,robot_0,3.500,-3.250
1777622094,62851114,robot_2,0.291,2.471
1777622094,62877784,robot_4,-0.158,-0.636
1777622094,62885989,robot_3,0.165,-4.006
1777622094,62893038,robot_0,3.500,-3.250
1777622094,265146377,robot_2,-3.250,-1.750
1777622094,265168596,robot_1,-2.357,-1.928
1777622094,265176035,robot_0,0.541,3.864
1777622094,465232388,robot_2,-3.250,-1.750
1777622094,465255199,robot_1,-2.357,-1.928
1777622094,465263685,robot_0,0.541,3.864
1777622094,665744073,robot_2,-3.250,-1.750
1777622094,665776813,robot_1,-2.357,-1.928
1777622094,665792320,robot_0,0.541,3.864
1777622094,882822978,robot_2,0.291,2.471
1777622094,882861494,robot_4,-0.158,-0.636
1777622094,882881517,robot_3,0.165,-4.006
1777622094,882898467,robot_0,3.500,-3.250
1777622095,85103033,robot_2,-3.250,-1.750
1777622095,85124078,robot_1,-2.357,-1.928
1777622095,85132211,robot_0,0.541,3.864
1777622095,285459831,robot_2,-3.250,-1.750
1777622095,285480268,robot_1,-2.357,-1.928
1777622095,285488136,robot_0,0.541,3.864
1777622095,485869856,robot_2,-3.250,-1.750
1777622095,485889965,robot_1,-2.357,-1.928
1777622095,485897987,robot_0,0.541,3.864
1777622095,702346867,robot_2,0.291,2.471
1777622095,702367419,robot_4,-0.158,-0.636
1777622095,702375909,robot_3,0.165,-4.006
1777622095,702387977,robot_0,3.500,-3.250
1777622095,905102623,robot_2,-3.250,-1.750
1777622095,905124185,robot_1,-2.357,-1.928
1777622095,905132351,robot_0,0.541,3.864
1777622096,105318794,robot_2,-3.250,-1.750
1777622096,105340310,robot_1,-2.357,-1.928
1777622096,105348849,robot_0,0.541,3.864
1777622096,322533940,robot_2,0.291,2.471
1777622096,322555908,robot_4,-0.158,-0.636
1777622096,322564416,robot_3,0.165,-4.006
1777622096,322571325,robot_0,3.500,-3.250
1777622096,525178818,robot_2,-3.250,-1.750
1777622096,525199880,robot_1,-2.357,-1.928
1777622096,525207053,robot_0,0.541,3.864
1777622096,742333578,robot_2,0.291,2.471
1777622096,742355618,robot_4,-0.158,-0.636
1777622096,742364135,robot_3,0.165,-4.006
1777622096,742370800,robot_0,3.500,-3.250
1777622096,944095523,robot_2,0.291,2.471
1777622096,944119161,robot_4,-0.158,-0.636
1777622096,944127443,robot_3,0.165,-4.006
1777622096,944133908,robot_0,3.500,-3.250
1777622097,145119007,robot_2,-3.250,-1.750
1777622097,145140023,robot_1,-2.357,-1.928
1777622097,145147843,robot_0,0.541,3.864
1777622097,361975417,robot_2,0.291,2.471
1777622097,361996768,robot_4,-0.158,-0.636
1777622097,362005410,robot_3,0.165,-4.006
1777622097,362011766,robot_0,3.500,-3.250
1777622097,565466178,robot_2,-3.250,-1.750
1777622097,565486367,robot_1,-2.357,-1.928
1777622097,565493927,robot_0,0.541,3.864
1777622097,781737632,robot_2,0.291,2.471
1777622097,781758230,robot_4,-0.158,-0.636
1777622097,781766582,robot_3,0.165,-4.006
1777622097,781772869,robot_0,3.500,-3.250
1777622097,981758352,robot_2,0.291,2.471
1777622097,981780222,robot_4,-0.158,-0.636
1777622097,981788852,robot_3,0.165,-4.006
1777622097,981796059,robot_0,3.500,-3.250
1777622098,182112034,robot_2,0.291,2.471
1777622098,182134339,robot_4,-0.158,-0.636
1777622098,182143187,robot_3,0.165,-4.006
1777622098,182150609,robot_0,3.500,-3.250
