[INFO] [launch]: All log files can be found below /home/ecem/.ros/log/2026-04-24-12-03-06-467241-ecem-pc-548130
[INFO] [launch]: Default logging verbosity is set to INFO
[INFO] [ign gazebo-1]: process started with pid [548145]
[INFO] [coverage_counter-2]: process started with pid [548147]
[INFO] [bump_counter-3]: process started with pid [548150]
[INFO] [parameter_bridge-4]: process started with pid [548152]
[INFO] [robot_state_publisher-5]: process started with pid [548154]
[INFO] [create-6]: process started with pid [548156]
[INFO] [robot_supervisor-7]: process started with pid [548158]
[INFO] [robot_state_publisher-8]: process started with pid [548160]
[INFO] [create-9]: process started with pid [548163]
[INFO] [robot_supervisor-10]: process started with pid [548165]
[INFO] [robot_state_publisher-11]: process started with pid [548168]
[INFO] [create-12]: process started with pid [548170]
[INFO] [robot_supervisor-13]: process started with pid [548172]
[INFO] [robot_state_publisher-14]: process started with pid [548174]
[INFO] [create-15]: process started with pid [548176]
[INFO] [robot_supervisor-16]: process started with pid [548178]
[INFO] [robot_state_publisher-17]: process started with pid [548180]
[INFO] [create-18]: process started with pid [548229]
[INFO] [robot_supervisor-19]: process started with pid [548238]
[INFO] [parameter_bridge-20]: process started with pid [548248]
[parameter_bridge-4] [ros_ign_bridge] is deprecated! Redirecting to use [ros_gz_bridge] instead!
[parameter_bridge-4] 
[create-15] [INFO] [1777024986.887939119] [robot_3.ros_gz_sim]: Requesting list of world names.
[create-6] [INFO] [1777024986.888239204] [robot_0.ros_gz_sim]: Requesting list of world names.
[create-12] [INFO] [1777024986.892885784] [robot_2.ros_gz_sim]: Requesting list of world names.
[create-9] [INFO] [1777024986.893479582] [robot_1.ros_gz_sim]: Requesting list of world names.
[robot_state_publisher-5] [INFO] [1777024986.893870475] [robot_0.robot_state_publisher]: got segment robot_0/antenna_link
[robot_state_publisher-5] [INFO] [1777024986.893939085] [robot_0.robot_state_publisher]: got segment robot_0/base_footprint
[robot_state_publisher-5] [INFO] [1777024986.893948800] [robot_0.robot_state_publisher]: got segment robot_0/base_link
[robot_state_publisher-5] [INFO] [1777024986.893955195] [robot_0.robot_state_publisher]: got segment robot_0/realsense_link
[robot_state_publisher-5] [INFO] [1777024986.893960666] [robot_0.robot_state_publisher]: got segment robot_0/rocker_L_link
[robot_state_publisher-5] [INFO] [1777024986.893965863] [robot_0.robot_state_publisher]: got segment robot_0/rocker_R_link
[robot_state_publisher-5] [INFO] [1777024986.893971119] [robot_0.robot_state_publisher]: got segment robot_0/wheel_FL_link
[robot_state_publisher-5] [INFO] [1777024986.893976352] [robot_0.robot_state_publisher]: got segment robot_0/wheel_FR_link
[robot_state_publisher-5] [INFO] [1777024986.893981607] [robot_0.robot_state_publisher]: got segment robot_0/wheel_RL_link
[robot_state_publisher-5] [INFO] [1777024986.893986825] [robot_0.robot_state_publisher]: got segment robot_0/wheel_RR_link
[robot_state_publisher-11] [INFO] [1777024986.894213184] [robot_2.robot_state_publisher]: got segment robot_2/antenna_link
[robot_state_publisher-11] [INFO] [1777024986.894269115] [robot_2.robot_state_publisher]: got segment robot_2/base_footprint
[robot_state_publisher-11] [INFO] [1777024986.894275421] [robot_2.robot_state_publisher]: got segment robot_2/base_link
[robot_state_publisher-11] [INFO] [1777024986.894279055] [robot_2.robot_state_publisher]: got segment robot_2/realsense_link
[robot_state_publisher-11] [INFO] [1777024986.894282370] [robot_2.robot_state_publisher]: got segment robot_2/rocker_L_link
[robot_state_publisher-11] [INFO] [1777024986.894285482] [robot_2.robot_state_publisher]: got segment robot_2/rocker_R_link
[robot_state_publisher-11] [INFO] [1777024986.894288477] [robot_2.robot_state_publisher]: got segment robot_2/wheel_FL_link
[robot_state_publisher-11] [INFO] [1777024986.894291651] [robot_2.robot_state_publisher]: got segment robot_2/wheel_FR_link
[robot_state_publisher-11] [INFO] [1777024986.894294602] [robot_2.robot_state_publisher]: got segment robot_2/wheel_RL_link
[robot_state_publisher-11] [INFO] [1777024986.894297709] [robot_2.robot_state_publisher]: got segment robot_2/wheel_RR_link
[robot_state_publisher-17] [INFO] [1777024986.897901142] [robot_4.robot_state_publisher]: got segment robot_4/antenna_link
[robot_state_publisher-17] [INFO] [1777024986.898021233] [robot_4.robot_state_publisher]: got segment robot_4/base_footprint
[robot_state_publisher-17] [INFO] [1777024986.898034836] [robot_4.robot_state_publisher]: got segment robot_4/base_link
[robot_state_publisher-17] [INFO] [1777024986.898044644] [robot_4.robot_state_publisher]: got segment robot_4/realsense_link
[robot_state_publisher-17] [INFO] [1777024986.898052873] [robot_4.robot_state_publisher]: got segment robot_4/rocker_L_link
[robot_state_publisher-17] [INFO] [1777024986.898060601] [robot_4.robot_state_publisher]: got segment robot_4/rocker_R_link
[robot_state_publisher-17] [INFO] [1777024986.898068087] [robot_4.robot_state_publisher]: got segment robot_4/wheel_FL_link
[robot_state_publisher-17] [INFO] [1777024986.898075676] [robot_4.robot_state_publisher]: got segment robot_4/wheel_FR_link
[robot_state_publisher-17] [INFO] [1777024986.898083235] [robot_4.robot_state_publisher]: got segment robot_4/wheel_RL_link
[robot_state_publisher-17] [INFO] [1777024986.898090573] [robot_4.robot_state_publisher]: got segment robot_4/wheel_RR_link
[robot_state_publisher-14] [INFO] [1777024986.902387767] [robot_3.robot_state_publisher]: got segment robot_3/antenna_link
[robot_state_publisher-14] [INFO] [1777024986.902480350] [robot_3.robot_state_publisher]: got segment robot_3/base_footprint
[robot_state_publisher-14] [INFO] [1777024986.902491110] [robot_3.robot_state_publisher]: got segment robot_3/base_link
[robot_state_publisher-14] [INFO] [1777024986.902497097] [robot_3.robot_state_publisher]: got segment robot_3/realsense_link
[robot_state_publisher-14] [INFO] [1777024986.902502881] [robot_3.robot_state_publisher]: got segment robot_3/rocker_L_link
[robot_state_publisher-14] [INFO] [1777024986.902508109] [robot_3.robot_state_publisher]: got segment robot_3/rocker_R_link
[robot_state_publisher-14] [INFO] [1777024986.902513136] [robot_3.robot_state_publisher]: got segment robot_3/wheel_FL_link
[robot_state_publisher-14] [INFO] [1777024986.902518263] [robot_3.robot_state_publisher]: got segment robot_3/wheel_FR_link
[robot_state_publisher-14] [INFO] [1777024986.902523676] [robot_3.robot_state_publisher]: got segment robot_3/wheel_RL_link
[robot_state_publisher-14] [INFO] [1777024986.902528954] [robot_3.robot_state_publisher]: got segment robot_3/wheel_RR_link
[robot_state_publisher-8] [INFO] [1777024986.903819815] [robot_1.robot_state_publisher]: got segment robot_1/antenna_link
[robot_state_publisher-8] [INFO] [1777024986.903888231] [robot_1.robot_state_publisher]: got segment robot_1/base_footprint
[robot_state_publisher-8] [INFO] [1777024986.903897376] [robot_1.robot_state_publisher]: got segment robot_1/base_link
[robot_state_publisher-8] [INFO] [1777024986.903902840] [robot_1.robot_state_publisher]: got segment robot_1/realsense_link
[robot_state_publisher-8] [INFO] [1777024986.903907472] [robot_1.robot_state_publisher]: got segment robot_1/rocker_L_link
[robot_state_publisher-8] [INFO] [1777024986.903912364] [robot_1.robot_state_publisher]: got segment robot_1/rocker_R_link
[robot_state_publisher-8] [INFO] [1777024986.903917957] [robot_1.robot_state_publisher]: got segment robot_1/wheel_FL_link
[robot_state_publisher-8] [INFO] [1777024986.903924040] [robot_1.robot_state_publisher]: got segment robot_1/wheel_FR_link
[robot_state_publisher-8] [INFO] [1777024986.903929018] [robot_1.robot_state_publisher]: got segment robot_1/wheel_RL_link
[robot_state_publisher-8] [INFO] [1777024986.903933704] [robot_1.robot_state_publisher]: got segment robot_1/wheel_RR_link
[create-18] [INFO] [1777024986.912715687] [robot_4.ros_gz_sim]: Requesting list of world names.
[parameter_bridge-4] [INFO] [1777024986.918052775] [all_robots_bridge]: Creating ROS->GZ Bridge: [/robot_0/cmd_vel (geometry_msgs/msg/Twist) -> /robot_0/cmd_vel (ignition.msgs.Twist)] (Lazy 0)
[parameter_bridge-4] [INFO] [1777024986.919442554] [all_robots_bridge]: Creating GZ->ROS Bridge: [/robot_0/odom (ignition.msgs.Odometry) -> /robot_0/odom (nav_msgs/msg/Odometry)] (Lazy 0)
[parameter_bridge-4] [INFO] [1777024986.920300083] [all_robots_bridge]: Creating GZ->ROS Bridge: [/robot_0/depth_camera/depth_image (ignition.msgs.Image) -> /robot_0/depth_camera/depth_image (sensor_msgs/msg/Image)] (Lazy 0)
[parameter_bridge-4] [INFO] [1777024986.921012832] [all_robots_bridge]: Creating GZ->ROS Bridge: [/world/random_world/model/robot_0/link/robot_0/base_footprint/sensor/contact_sensor/contact (ignition.msgs.Contacts) -> /world/random_world/model/robot_0/link/robot_0/base_footprint/sensor/contact_sensor/contact (ros_gz_interfaces/msg/Contacts)] (Lazy 0)
[parameter_bridge-4] [INFO] [1777024986.921648794] [all_robots_bridge]: Creating ROS->GZ Bridge: [/robot_1/cmd_vel (geometry_msgs/msg/Twist) -> /robot_1/cmd_vel (ignition.msgs.Twist)] (Lazy 0)
[parameter_bridge-4] [INFO] [1777024986.921954750] [all_robots_bridge]: Creating GZ->ROS Bridge: [/robot_1/odom (ignition.msgs.Odometry) -> /robot_1/odom (nav_msgs/msg/Odometry)] (Lazy 0)
[parameter_bridge-4] [INFO] [1777024986.922304702] [all_robots_bridge]: Creating GZ->ROS Bridge: [/robot_1/depth_camera/depth_image (ignition.msgs.Image) -> /robot_1/depth_camera/depth_image (sensor_msgs/msg/Image)] (Lazy 0)
[parameter_bridge-4] [INFO] [1777024986.922631367] [all_robots_bridge]: Creating GZ->ROS Bridge: [/world/random_world/model/robot_1/link/robot_1/base_footprint/sensor/contact_sensor/contact (ignition.msgs.Contacts) -> /world/random_world/model/robot_1/link/robot_1/base_footprint/sensor/contact_sensor/contact (ros_gz_interfaces/msg/Contacts)] (Lazy 0)
[parameter_bridge-4] [INFO] [1777024986.923233402] [all_robots_bridge]: Creating ROS->GZ Bridge: [/robot_2/cmd_vel (geometry_msgs/msg/Twist) -> /robot_2/cmd_vel (ignition.msgs.Twist)] (Lazy 0)
[parameter_bridge-4] [INFO] [1777024986.923559161] [all_robots_bridge]: Creating GZ->ROS Bridge: [/robot_2/odom (ignition.msgs.Odometry) -> /robot_2/odom (nav_msgs/msg/Odometry)] (Lazy 0)
[parameter_bridge-4] [INFO] [1777024986.923825918] [all_robots_bridge]: Creating GZ->ROS Bridge: [/robot_2/depth_camera/depth_image (ignition.msgs.Image) -> /robot_2/depth_camera/depth_image (sensor_msgs/msg/Image)] (Lazy 0)
[parameter_bridge-4] [INFO] [1777024986.924196313] [all_robots_bridge]: Creating GZ->ROS Bridge: [/world/random_world/model/robot_2/link/robot_2/base_footprint/sensor/contact_sensor/contact (ignition.msgs.Contacts) -> /world/random_world/model/robot_2/link/robot_2/base_footprint/sensor/contact_sensor/contact (ros_gz_interfaces/msg/Contacts)] (Lazy 0)
[parameter_bridge-4] [INFO] [1777024986.924666606] [all_robots_bridge]: Creating ROS->GZ Bridge: [/robot_3/cmd_vel (geometry_msgs/msg/Twist) -> /robot_3/cmd_vel (ignition.msgs.Twist)] (Lazy 0)
[parameter_bridge-4] [INFO] [1777024986.925054736] [all_robots_bridge]: Creating GZ->ROS Bridge: [/robot_3/odom (ignition.msgs.Odometry) -> /robot_3/odom (nav_msgs/msg/Odometry)] (Lazy 0)
[parameter_bridge-4] [INFO] [1777024986.925515354] [all_robots_bridge]: Creating GZ->ROS Bridge: [/robot_3/depth_camera/depth_image (ignition.msgs.Image) -> /robot_3/depth_camera/depth_image (sensor_msgs/msg/Image)] (Lazy 0)
[parameter_bridge-4] [INFO] [1777024986.925918086] [all_robots_bridge]: Creating GZ->ROS Bridge: [/world/random_world/model/robot_3/link/robot_3/base_footprint/sensor/contact_sensor/contact (ignition.msgs.Contacts) -> /world/random_world/model/robot_3/link/robot_3/base_footprint/sensor/contact_sensor/contact (ros_gz_interfaces/msg/Contacts)] (Lazy 0)
[parameter_bridge-4] [INFO] [1777024986.926329840] [all_robots_bridge]: Creating ROS->GZ Bridge: [/robot_4/cmd_vel (geometry_msgs/msg/Twist) -> /robot_4/cmd_vel (ignition.msgs.Twist)] (Lazy 0)
[parameter_bridge-4] [INFO] [1777024986.926624006] [all_robots_bridge]: Creating GZ->ROS Bridge: [/robot_4/odom (ignition.msgs.Odometry) -> /robot_4/odom (nav_msgs/msg/Odometry)] (Lazy 0)
[parameter_bridge-4] [INFO] [1777024986.927074492] [all_robots_bridge]: Creating GZ->ROS Bridge: [/robot_4/depth_camera/depth_image (ignition.msgs.Image) -> /robot_4/depth_camera/depth_image (sensor_msgs/msg/Image)] (Lazy 0)
[parameter_bridge-4] [INFO] [1777024986.927634598] [all_robots_bridge]: Creating GZ->ROS Bridge: [/world/random_world/model/robot_4/link/robot_4/base_footprint/sensor/contact_sensor/contact (ignition.msgs.Contacts) -> /world/random_world/model/robot_4/link/robot_4/base_footprint/sensor/contact_sensor/contact (ros_gz_interfaces/msg/Contacts)] (Lazy 0)
[parameter_bridge-4] [INFO] [1777024986.928230266] [all_robots_bridge]: Creating GZ->ROS Bridge: [/world/random_world/dynamic_pose/info (ignition.msgs.Pose_V) -> /world/random_world/dynamic_pose/info (tf2_msgs/msg/TFMessage)] (Lazy 0)
[parameter_bridge-20] [INFO] [1777024986.937306288] [clock_bridge]: Creating GZ->ROS Bridge: [/clock (ignition.msgs.Clock) -> /clock (rosgraph_msgs/msg/Clock)] (Lazy 0)
[bump_counter-3] [INFO] [1777024987.104351659] [bump_counter]: [global] global_mode=True cooldown(robot)=0.80s cooldown(obs)=0.50s Logging to /home/ecem/ros2_ws/src/Leo_sct/results_exp/explore_gpt54_repeat3_once/medium/prompt_4/run_3/middle_circle/trial_1/run_20260424_120306/bumps_global_120307.csv
[robot_supervisor-16] [INFO] [1777024987.158400762] [robot_3.robot_supervisor]: Loaded initial mission 'explore' from explicit YAML explore_sup_gpt_medium_4_run_3_261.yaml
[robot_supervisor-13] [INFO] [1777024987.164830008] [robot_2.robot_supervisor]: Loaded initial mission 'explore' from explicit YAML explore_sup_gpt_medium_4_run_3_261.yaml
[robot_supervisor-7] [INFO] [1777024987.180110701] [robot_0.robot_supervisor]: Loaded initial mission 'explore' from explicit YAML explore_sup_gpt_medium_4_run_3_261.yaml
[robot_supervisor-10] [INFO] [1777024987.209429132] [robot_1.robot_supervisor]: Loaded initial mission 'explore' from explicit YAML explore_sup_gpt_medium_4_run_3_261.yaml
[robot_supervisor-19] [INFO] [1777024987.213977216] [robot_4.robot_supervisor]: Loaded initial mission 'explore' from explicit YAML explore_sup_gpt_medium_4_run_3_261.yaml
[robot_supervisor-16] [INFO] [1777024987.263521074] [robot_3.robot_supervisor]: Selected controllable event: EV_random_walk
[parameter_bridge-4] [INFO] [1777024987.263795894] [all_robots_bridge]: Passing message from ROS geometry_msgs/msg/Twist to Gazebo gz.msgs.Twist (showing msg only once per type)
[robot_supervisor-13] [INFO] [1777024987.269439737] [robot_2.robot_supervisor]: Selected controllable event: EV_random_walk
[robot_supervisor-7] [INFO] [1777024987.284085291] [robot_0.robot_supervisor]: Selected controllable event: EV_random_walk
[robot_supervisor-10] [INFO] [1777024987.313206445] [robot_1.robot_supervisor]: Selected controllable event: EV_random_walk
[create-9] [INFO] [1777024987.317556405] [robot_1.ros_gz_sim]: Waiting messages on topic [/robot_1/robot_description].
[robot_supervisor-19] [INFO] [1777024987.318007646] [robot_4.robot_supervisor]: Selected controllable event: EV_random_walk
[create-12] [INFO] [1777024987.418192224] [robot_2.ros_gz_sim]: Waiting messages on topic [/robot_2/robot_description].
[create-18] [INFO] [1777024987.518349474] [robot_4.ros_gz_sim]: Waiting messages on topic [/robot_4/robot_description].
[robot_supervisor-16] [INFO] [1777024987.563396666] [robot_3.robot_supervisor]: Selected controllable event: EV_move_forward
[robot_supervisor-13] [INFO] [1777024987.569381815] [robot_2.robot_supervisor]: Selected controllable event: EV_move_forward
[robot_supervisor-7] [INFO] [1777024987.584041829] [robot_0.robot_supervisor]: Selected controllable event: EV_move_forward
[robot_supervisor-10] [INFO] [1777024987.613045877] [robot_1.robot_supervisor]: Selected controllable event: EV_move_forward
[robot_supervisor-19] [INFO] [1777024987.617908947] [robot_4.robot_supervisor]: Selected controllable event: EV_move_forward
[create-15] [INFO] [1777024987.618486809] [robot_3.ros_gz_sim]: Waiting messages on topic [/robot_3/robot_description].
[create-9] [INFO] [1777024987.717809989] [robot_1.ros_gz_sim]: Requested creation of entity.
[create-9] [INFO] [1777024987.717865058] [robot_1.ros_gz_sim]: OK creation of entity.
[create-18] [INFO] [1777024987.717913359] [robot_4.ros_gz_sim]: Requested creation of entity.
[create-18] [INFO] [1777024987.717994104] [robot_4.ros_gz_sim]: OK creation of entity.
[create-15] [INFO] [1777024987.717924100] [robot_3.ros_gz_sim]: Requested creation of entity.
[create-15] [INFO] [1777024987.717977427] [robot_3.ros_gz_sim]: OK creation of entity.
[create-12] [INFO] [1777024987.718054967] [robot_2.ros_gz_sim]: Requested creation of entity.
[create-12] [INFO] [1777024987.718137970] [robot_2.ros_gz_sim]: OK creation of entity.
[create-6] [INFO] [1777024987.718979517] [robot_0.ros_gz_sim]: Waiting messages on topic [/robot_0/robot_description].
[create-6] [INFO] [1777024987.722111010] [robot_0.ros_gz_sim]: Requested creation of entity.
[create-6] [INFO] [1777024987.722133610] [robot_0.ros_gz_sim]: OK creation of entity.
[robot_supervisor-16] [INFO] [1777024987.863372726] [robot_3.robot_supervisor]: Selected controllable event: EV_random_walk
[robot_supervisor-13] [INFO] [1777024987.869357104] [robot_2.robot_supervisor]: Selected controllable event: EV_random_walk
[robot_supervisor-7] [INFO] [1777024987.884039117] [robot_0.robot_supervisor]: Selected controllable event: EV_random_walk
[robot_supervisor-10] [INFO] [1777024987.912985966] [robot_1.robot_supervisor]: Selected controllable event: EV_random_walk
[robot_supervisor-19] [INFO] [1777024987.918013215] [robot_4.robot_supervisor]: Selected controllable event: EV_random_walk
[INFO] [create-9]: process has finished cleanly [pid 548163]
[INFO] [create-12]: process has finished cleanly [pid 548170]
[INFO] [create-18]: process has finished cleanly [pid 548229]
[INFO] [create-15]: process has finished cleanly [pid 548176]
[INFO] [create-6]: process has finished cleanly [pid 548156]
[bump_counter-3] [INFO] [1777024988.154047053] [bump_counter]: [global] subscribed: /world/random_world/model/robot_0/link/robot_0/base_footprint/sensor/contact_sensor/contact
[bump_counter-3] [INFO] [1777024988.155124087] [bump_counter]: [global] subscribed: /world/random_world/model/robot_1/link/robot_1/base_footprint/sensor/contact_sensor/contact
[bump_counter-3] [INFO] [1777024988.155890167] [bump_counter]: [global] subscribed: /world/random_world/model/robot_2/link/robot_2/base_footprint/sensor/contact_sensor/contact
[bump_counter-3] [INFO] [1777024988.157164779] [bump_counter]: [global] subscribed: /world/random_world/model/robot_3/link/robot_3/base_footprint/sensor/contact_sensor/contact
[bump_counter-3] [INFO] [1777024988.158012401] [bump_counter]: [global] subscribed: /world/random_world/model/robot_4/link/robot_4/base_footprint/sensor/contact_sensor/contact
[robot_supervisor-16] [INFO] [1777024988.163383623] [robot_3.robot_supervisor]: Selected controllable event: EV_move_forward
[robot_supervisor-13] [INFO] [1777024988.169396232] [robot_2.robot_supervisor]: Selected controllable event: EV_move_forward
[robot_supervisor-7] [INFO] [1777024988.184009978] [robot_0.robot_supervisor]: Selected controllable event: EV_move_forward
[robot_supervisor-10] [INFO] [1777024988.213678729] [robot_1.robot_supervisor]: Selected controllable event: EV_move_forward
[robot_supervisor-19] [INFO] [1777024988.217696804] [robot_4.robot_supervisor]: Selected controllable event: EV_move_forward
[robot_supervisor-16] [INFO] [1777024988.463589399] [robot_3.robot_supervisor]: Selected controllable event: EV_random_walk
[robot_supervisor-13] [INFO] [1777024988.469360424] [robot_2.robot_supervisor]: Selected controllable event: EV_random_walk
[robot_supervisor-7] [INFO] [1777024988.484026511] [robot_0.robot_supervisor]: Selected controllable event: EV_random_walk
[robot_supervisor-10] [INFO] [1777024988.512971483] [robot_1.robot_supervisor]: Selected controllable event: EV_random_walk
[robot_supervisor-19] [INFO] [1777024988.517968837] [robot_4.robot_supervisor]: Selected controllable event: EV_random_walk
[robot_supervisor-16] [INFO] [1777024988.763334974] [robot_3.robot_supervisor]: Selected controllable event: EV_move_forward
[robot_supervisor-13] [INFO] [1777024988.769320435] [robot_2.robot_supervisor]: Selected controllable event: EV_move_forward
[robot_supervisor-7] [INFO] [1777024988.784010683] [robot_0.robot_supervisor]: Selected controllable event: EV_move_forward
[robot_supervisor-10] [INFO] [1777024988.812949298] [robot_1.robot_supervisor]: Selected controllable event: EV_move_forward
[robot_supervisor-19] [INFO] [1777024988.817918906] [robot_4.robot_supervisor]: Selected controllable event: EV_move_forward
[INFO] [image_processor-21]: process started with pid [548542]
[INFO] [image_processor-22]: process started with pid [548544]
[INFO] [image_processor-23]: process started with pid [548546]
[INFO] [image_processor-24]: process started with pid [548548]
[INFO] [image_processor-25]: process started with pid [548550]
[image_processor-23] [INFO] [1777024988.909492400] [robot_2.image_processor]: image_processor: depth='/robot_2/depth_camera/depth_image' aruco_runtime=disabled
[image_processor-22] [INFO] [1777024988.909492475] [robot_1.image_processor]: image_processor: depth='/robot_1/depth_camera/depth_image' aruco_runtime=disabled
[image_processor-21] [INFO] [1777024988.911413217] [robot_0.image_processor]: image_processor: depth='/robot_0/depth_camera/depth_image' aruco_runtime=disabled
[image_processor-24] [INFO] [1777024988.914187891] [robot_3.image_processor]: image_processor: depth='/robot_3/depth_camera/depth_image' aruco_runtime=disabled
[image_processor-25] [INFO] [1777024988.927973819] [robot_4.image_processor]: image_processor: depth='/robot_4/depth_camera/depth_image' aruco_runtime=disabled
[robot_supervisor-16] [INFO] [1777024989.063392743] [robot_3.robot_supervisor]: Selected controllable event: EV_random_walk
[robot_supervisor-13] [INFO] [1777024989.069376861] [robot_2.robot_supervisor]: Selected controllable event: EV_random_walk
[robot_supervisor-7] [INFO] [1777024989.084194156] [robot_0.robot_supervisor]: Selected controllable event: EV_random_walk
[robot_supervisor-10] [INFO] [1777024989.113335591] [robot_1.robot_supervisor]: Selected controllable event: EV_random_walk
[robot_supervisor-19] [INFO] [1777024989.117868848] [robot_4.robot_supervisor]: Selected controllable event: EV_random_walk
[robot_supervisor-16] [INFO] [1777024989.363377979] [robot_3.robot_supervisor]: Selected controllable event: EV_move_forward
[robot_supervisor-13] [INFO] [1777024989.369363195] [robot_2.robot_supervisor]: Selected controllable event: EV_move_forward
[robot_supervisor-7] [INFO] [1777024989.384057032] [robot_0.robot_supervisor]: Selected controllable event: EV_move_forward
[robot_supervisor-10] [INFO] [1777024989.413238489] [robot_1.robot_supervisor]: Selected controllable event: EV_move_forward
[robot_supervisor-19] [INFO] [1777024989.417923328] [robot_4.robot_supervisor]: Selected controllable event: EV_move_forward
[robot_supervisor-16] [INFO] [1777024989.663419174] [robot_3.robot_supervisor]: Selected controllable event: EV_random_walk
[robot_supervisor-13] [INFO] [1777024989.669357796] [robot_2.robot_supervisor]: Selected controllable event: EV_random_walk
[robot_supervisor-7] [INFO] [1777024989.684048129] [robot_0.robot_supervisor]: Selected controllable event: EV_random_walk
[robot_supervisor-10] [INFO] [1777024989.713074967] [robot_1.robot_supervisor]: Selected controllable event: EV_random_walk
[robot_supervisor-19] [INFO] [1777024989.717911650] [robot_4.robot_supervisor]: Selected controllable event: EV_random_walk
[robot_supervisor-16] [INFO] [1777024989.963511151] [robot_3.robot_supervisor]: Selected controllable event: EV_move_forward
[robot_supervisor-13] [INFO] [1777024989.969383498] [robot_2.robot_supervisor]: Selected controllable event: EV_move_forward
[robot_supervisor-7] [INFO] [1777024989.984096280] [robot_0.robot_supervisor]: Selected controllable event: EV_move_forward
[robot_supervisor-10] [INFO] [1777024990.013065005] [robot_1.robot_supervisor]: Selected controllable event: EV_move_forward
[robot_supervisor-19] [INFO] [1777024990.017857304] [robot_4.robot_supervisor]: Selected controllable event: EV_move_forward
[robot_supervisor-16] [INFO] [1777024990.263431369] [robot_3.robot_supervisor]: Selected controllable event: EV_random_walk
[robot_supervisor-13] [INFO] [1777024990.269339356] [robot_2.robot_supervisor]: Selected controllable event: EV_random_walk
[robot_supervisor-7] [INFO] [1777024990.284056810] [robot_0.robot_supervisor]: Selected controllable event: EV_random_walk
[robot_supervisor-10] [INFO] [1777024990.313007622] [robot_1.robot_supervisor]: Selected controllable event: EV_random_walk
[robot_supervisor-19] [INFO] [1777024990.317811797] [robot_4.robot_supervisor]: Selected controllable event: EV_random_walk
[robot_supervisor-16] [INFO] [1777024990.563351547] [robot_3.robot_supervisor]: Selected controllable event: EV_move_forward
[robot_supervisor-13] [INFO] [1777024990.569604040] [robot_2.robot_supervisor]: Selected controllable event: EV_move_forward
[robot_supervisor-7] [INFO] [1777024990.584278598] [robot_0.robot_supervisor]: Selected controllable event: EV_move_forward
[robot_supervisor-10] [INFO] [1777024990.612955192] [robot_1.robot_supervisor]: Selected controllable event: EV_move_forward
[robot_supervisor-19] [INFO] [1777024990.617831970] [robot_4.robot_supervisor]: Selected controllable event: EV_move_forward
[robot_supervisor-16] [INFO] [1777024990.863160385] [robot_3.robot_supervisor]: Selected controllable event: EV_random_walk
[robot_supervisor-13] [INFO] [1777024990.869689048] [robot_2.robot_supervisor]: Selected controllable event: EV_random_walk
[robot_supervisor-7] [INFO] [1777024990.883635316] [robot_0.robot_supervisor]: Selected controllable event: EV_random_walk
[robot_supervisor-10] [INFO] [1777024990.912774272] [robot_1.robot_supervisor]: Selected controllable event: EV_random_walk
[robot_supervisor-19] [INFO] [1777024990.917892030] [robot_4.robot_supervisor]: Selected controllable event: EV_random_walk
[robot_supervisor-7] [INFO] [1777024991.085006614] [robot_0.robot_supervisor]: Selected controllable event: EV_move_forward
[robot_supervisor-16] [INFO] [1777024991.163184185] [robot_3.robot_supervisor]: Selected controllable event: EV_move_forward
[robot_supervisor-13] [INFO] [1777024991.169306881] [robot_2.robot_supervisor]: Selected controllable event: EV_move_forward
[robot_supervisor-10] [INFO] [1777024991.212967837] [robot_1.robot_supervisor]: Selected controllable event: EV_move_forward
[robot_supervisor-19] [INFO] [1777024991.217604491] [robot_4.robot_supervisor]: Selected controllable event: EV_move_forward
[robot_supervisor-7] [INFO] [1777024991.383666893] [robot_0.robot_supervisor]: Selected controllable event: EV_random_walk
[robot_supervisor-16] [INFO] [1777024991.463165041] [robot_3.robot_supervisor]: Selected controllable event: EV_random_walk
[robot_supervisor-13] [INFO] [1777024991.469380633] [robot_2.robot_supervisor]: Selected controllable event: EV_random_walk
[robot_supervisor-10] [INFO] [1777024991.512943688] [robot_1.robot_supervisor]: Selected controllable event: EV_random_walk
[robot_supervisor-19] [INFO] [1777024991.517612253] [robot_4.robot_supervisor]: Selected controllable event: EV_random_walk
[robot_supervisor-7] [INFO] [1777024991.684041566] [robot_0.robot_supervisor]: Selected controllable event: EV_move_forward
[robot_supervisor-16] [INFO] [1777024991.763331568] [robot_3.robot_supervisor]: Selected controllable event: EV_move_forward
[robot_supervisor-13] [INFO] [1777024991.769528190] [robot_2.robot_supervisor]: Selected controllable event: EV_move_forward
[robot_supervisor-10] [INFO] [1777024991.812987218] [robot_1.robot_supervisor]: Selected controllable event: EV_move_forward
[robot_supervisor-19] [INFO] [1777024991.817862672] [robot_4.robot_supervisor]: Selected controllable event: EV_move_forward
[robot_supervisor-7] [INFO] [1777024991.983956810] [robot_0.robot_supervisor]: Selected controllable event: EV_random_walk
[robot_supervisor-16] [INFO] [1777024992.063496420] [robot_3.robot_supervisor]: Selected controllable event: EV_random_walk
[robot_supervisor-13] [INFO] [1777024992.069307534] [robot_2.robot_supervisor]: Selected controllable event: EV_random_walk
[robot_supervisor-10] [INFO] [1777024992.112975359] [robot_1.robot_supervisor]: Selected controllable event: EV_random_walk
[robot_supervisor-19] [INFO] [1777024992.117705079] [robot_4.robot_supervisor]: Selected controllable event: EV_random_walk
[robot_supervisor-7] [INFO] [1777024992.284444457] [robot_0.robot_supervisor]: Selected controllable event: EV_move_forward
[image_processor-22] [INFO] [1777024992.346013094] [robot_1.image_processor]: Zone=CLEAR  left[p=2.765 near=0 v=7650]  front[p=3.181 near=0 v=13438]  right[p=2.246 near=0 v=7492]
[image_processor-23] [INFO] [1777024992.356603082] [robot_2.image_processor]: Zone=CLEAR  left[p=1.645 near=0 v=7650]  front[p=2.011 near=0 v=12572]  right[p=1.350 near=0 v=7719]
[robot_supervisor-16] [INFO] [1777024992.363116886] [robot_3.robot_supervisor]: Selected controllable event: EV_move_forward
[robot_supervisor-13] [INFO] [1777024992.369176178] [robot_2.robot_supervisor]: Selected controllable event: EV_move_forward
[image_processor-24] [INFO] [1777024992.370464065] [robot_3.image_processor]: Zone=CLEAR  left[p=2.656 near=0 v=7650]  front[p=2.779 near=0 v=13450]  right[p=2.696 near=0 v=7740]
[image_processor-21] [INFO] [1777024992.379076482] [robot_0.image_processor]: Zone=CLEAR  left[p=0.754 near=2076 v=7650]  front[p=1.177 near=0 v=13500]  right[p=1.771 near=0 v=7740]
[robot_supervisor-10] [INFO] [1777024992.412735031] [robot_1.robot_supervisor]: Selected controllable event: EV_move_forward
[robot_supervisor-19] [INFO] [1777024992.417869167] [robot_4.robot_supervisor]: Selected controllable event: EV_move_forward
[image_processor-25] [INFO] [1777024992.463847857] [robot_4.image_processor]: Zone=CLEAR  left[p=1.850 near=0 v=7343]  front[p=2.547 near=0 v=13479]  right[p=2.707 near=0 v=7740]
[robot_supervisor-7] [INFO] [1777024992.584118755] [robot_0.robot_supervisor]: Selected controllable event: EV_random_walk
[robot_supervisor-16] [INFO] [1777024992.663337316] [robot_3.robot_supervisor]: Selected controllable event: EV_random_walk
[robot_supervisor-13] [INFO] [1777024992.669330522] [robot_2.robot_supervisor]: Selected controllable event: EV_random_walk
[robot_supervisor-10] [INFO] [1777024992.712969551] [robot_1.robot_supervisor]: Selected controllable event: EV_random_walk
[robot_supervisor-19] [INFO] [1777024992.717604008] [robot_4.robot_supervisor]: Selected controllable event: EV_random_walk
[robot_supervisor-7] [INFO] [1777024992.884463705] [robot_0.robot_supervisor]: Selected controllable event: EV_move_forward
[robot_supervisor-16] [INFO] [1777024992.963493351] [robot_3.robot_supervisor]: Selected controllable event: EV_move_forward
[robot_supervisor-13] [INFO] [1777024992.969306175] [robot_2.robot_supervisor]: Selected controllable event: EV_move_forward
[robot_supervisor-10] [INFO] [1777024993.013046302] [robot_1.robot_supervisor]: Selected controllable event: EV_move_forward
[robot_supervisor-19] [INFO] [1777024993.017585212] [robot_4.robot_supervisor]: Selected controllable event: EV_move_forward
[robot_supervisor-7] [INFO] [1777024993.183938635] [robot_0.robot_supervisor]: Selected controllable event: EV_random_walk
[robot_supervisor-16] [INFO] [1777024993.263274467] [robot_3.robot_supervisor]: Selected controllable event: EV_random_walk
[robot_supervisor-13] [INFO] [1777024993.269397727] [robot_2.robot_supervisor]: Selected controllable event: EV_random_walk
[robot_supervisor-10] [INFO] [1777024993.313143926] [robot_1.robot_supervisor]: Selected controllable event: EV_random_walk
[robot_supervisor-19] [INFO] [1777024993.317609024] [robot_4.robot_supervisor]: Selected controllable event: EV_random_walk
[robot_supervisor-7] [INFO] [1777024993.483715164] [robot_0.robot_supervisor]: Selected controllable event: EV_move_forward
[robot_supervisor-16] [INFO] [1777024993.563081097] [robot_3.robot_supervisor]: Selected controllable event: EV_move_forward
[robot_supervisor-13] [INFO] [1777024993.569357372] [robot_2.robot_supervisor]: Selected controllable event: EV_move_forward
[robot_supervisor-10] [INFO] [1777024993.612766251] [robot_1.robot_supervisor]: Selected controllable event: EV_move_forward
[robot_supervisor-19] [INFO] [1777024993.617754563] [robot_4.robot_supervisor]: Selected controllable event: EV_move_forward
[robot_supervisor-7] [INFO] [1777024993.783808334] [robot_0.robot_supervisor]: Selected controllable event: EV_random_walk
[robot_supervisor-16] [INFO] [1777024993.863384790] [robot_3.robot_supervisor]: Selected controllable event: EV_random_walk
[robot_supervisor-13] [INFO] [1777024993.869392999] [robot_2.robot_supervisor]: Selected controllable event: EV_random_walk
[robot_supervisor-10] [INFO] [1777024993.912827394] [robot_1.robot_supervisor]: Selected controllable event: EV_random_walk
[robot_supervisor-19] [INFO] [1777024993.917945861] [robot_4.robot_supervisor]: Selected controllable event: EV_random_walk
[robot_supervisor-7] [INFO] [1777024994.084039377] [robot_0.robot_supervisor]: Selected controllable event: EV_move_forward
[robot_supervisor-16] [INFO] [1777024994.163333931] [robot_3.robot_supervisor]: Selected controllable event: EV_move_forward
[robot_supervisor-13] [INFO] [1777024994.169108377] [robot_2.robot_supervisor]: Selected controllable event: EV_move_forward
[robot_supervisor-10] [INFO] [1777024994.213233798] [robot_1.robot_supervisor]: Selected controllable event: EV_move_forward
[robot_supervisor-19] [INFO] [1777024994.217845901] [robot_4.robot_supervisor]: Selected controllable event: EV_move_forward
[robot_supervisor-7] [INFO] [1777024994.384014296] [robot_0.robot_supervisor]: Selected controllable event: EV_random_walk
[robot_supervisor-16] [INFO] [1777024994.463276328] [robot_3.robot_supervisor]: Selected controllable event: EV_random_walk
[robot_supervisor-13] [INFO] [1777024994.469323105] [robot_2.robot_supervisor]: Selected controllable event: EV_random_walk
[robot_supervisor-10] [INFO] [1777024994.513123385] [robot_1.robot_supervisor]: Selected controllable event: EV_random_walk
[robot_supervisor-19] [INFO] [1777024994.517856040] [robot_4.robot_supervisor]: Selected controllable event: EV_random_walk
[robot_supervisor-7] [INFO] [1777024994.683645670] [robot_0.robot_supervisor]: Selected controllable event: EV_move_forward
[robot_supervisor-16] [INFO] [1777024994.763351431] [robot_3.robot_supervisor]: Selected controllable event: EV_move_forward
[robot_supervisor-13] [INFO] [1777024994.769062015] [robot_2.robot_supervisor]: Selected controllable event: EV_move_forward
[robot_supervisor-10] [INFO] [1777024994.813179441] [robot_1.robot_supervisor]: Selected controllable event: EV_move_forward
[robot_supervisor-19] [INFO] [1777024994.817907469] [robot_4.robot_supervisor]: Selected controllable event: EV_move_forward
[image_processor-22] [INFO] [1777024994.843945445] [robot_1.image_processor]: Zone=CLEAR
[image_processor-23] [INFO] [1777024994.852610624] [robot_2.image_processor]: Zone=CLEAR
[image_processor-25] [INFO] [1777024994.860817861] [robot_4.image_processor]: Zone=CLEAR
[image_processor-24] [INFO] [1777024994.868232290] [robot_3.image_processor]: Zone=CLEAR
[image_processor-21] [INFO] [1777024994.876801525] [robot_0.image_processor]: Zone=LEFT  left[p=0.509 near=7650 v=7650]  front[p=0.759 near=2208 v=13500]  right[p=1.439 near=0 v=7740]
[robot_supervisor-7] [INFO] [1777024994.877486784] [robot_0.robot_supervisor]: Detected zone changed to LEFT
[robot_supervisor-7] [INFO] [1777024994.983939280] [robot_0.robot_supervisor]: Selected controllable event: EV_rotate_clockwise
[robot_supervisor-16] [INFO] [1777024995.063321265] [robot_3.robot_supervisor]: Selected controllable event: EV_random_walk
[robot_supervisor-13] [INFO] [1777024995.069446853] [robot_2.robot_supervisor]: Selected controllable event: EV_random_walk
[robot_supervisor-10] [INFO] [1777024995.112874184] [robot_1.robot_supervisor]: Selected controllable event: EV_random_walk
[robot_supervisor-19] [INFO] [1777024995.118102351] [robot_4.robot_supervisor]: Selected controllable event: EV_random_walk
[robot_supervisor-16] [INFO] [1777024995.363454664] [robot_3.robot_supervisor]: Selected controllable event: EV_move_forward
[robot_supervisor-13] [INFO] [1777024995.369606237] [robot_2.robot_supervisor]: Selected controllable event: EV_move_forward
[robot_supervisor-10] [INFO] [1777024995.413220684] [robot_1.robot_supervisor]: Selected controllable event: EV_move_forward
[robot_supervisor-19] [INFO] [1777024995.418105850] [robot_4.robot_supervisor]: Selected controllable event: EV_move_forward
[robot_supervisor-16] [INFO] [1777024995.663364055] [robot_3.robot_supervisor]: Selected controllable event: EV_random_walk
[robot_supervisor-13] [INFO] [1777024995.669192998] [robot_2.robot_supervisor]: Selected controllable event: EV_random_walk
[robot_supervisor-10] [INFO] [1777024995.713102672] [robot_1.robot_supervisor]: Selected controllable event: EV_random_walk
[robot_supervisor-19] [INFO] [1777024995.718107827] [robot_4.robot_supervisor]: Selected controllable event: EV_random_walk
[robot_supervisor-16] [INFO] [1777024995.963548873] [robot_3.robot_supervisor]: Selected controllable event: EV_move_forward
[robot_supervisor-13] [INFO] [1777024995.969548921] [robot_2.robot_supervisor]: Selected controllable event: EV_move_forward
[robot_supervisor-10] [INFO] [1777024996.012941659] [robot_1.robot_supervisor]: Selected controllable event: EV_move_forward
[robot_supervisor-19] [INFO] [1777024996.018062169] [robot_4.robot_supervisor]: Selected controllable event: EV_move_forward
[robot_supervisor-16] [INFO] [1777024996.263033531] [robot_3.robot_supervisor]: Selected controllable event: EV_random_walk
[robot_supervisor-13] [INFO] [1777024996.269335815] [robot_2.robot_supervisor]: Selected controllable event: EV_random_walk
[robot_supervisor-10] [INFO] [1777024996.312717765] [robot_1.robot_supervisor]: Selected controllable event: EV_random_walk
[robot_supervisor-19] [INFO] [1777024996.317924688] [robot_4.robot_supervisor]: Selected controllable event: EV_random_walk
[robot_supervisor-16] [INFO] [1777024996.563683735] [robot_3.robot_supervisor]: Selected controllable event: EV_move_forward
[robot_supervisor-13] [INFO] [1777024996.569457065] [robot_2.robot_supervisor]: Selected controllable event: EV_move_forward
[robot_supervisor-10] [INFO] [1777024996.612835207] [robot_1.robot_supervisor]: Selected controllable event: EV_move_forward
[robot_supervisor-19] [INFO] [1777024996.617764155] [robot_4.robot_supervisor]: Selected controllable event: EV_move_forward
[robot_supervisor-16] [INFO] [1777024996.863307941] [robot_3.robot_supervisor]: Selected controllable event: EV_random_walk
[robot_supervisor-13] [INFO] [1777024996.869663787] [robot_2.robot_supervisor]: Selected controllable event: EV_random_walk
[robot_supervisor-10] [INFO] [1777024996.913258396] [robot_1.robot_supervisor]: Selected controllable event: EV_random_walk
[robot_supervisor-19] [INFO] [1777024996.917875871] [robot_4.robot_supervisor]: Selected controllable event: EV_random_walk
[robot_supervisor-16] [INFO] [1777024997.163367115] [robot_3.robot_supervisor]: Selected controllable event: EV_move_forward
[robot_supervisor-13] [INFO] [1777024997.169335124] [robot_2.robot_supervisor]: Selected controllable event: EV_move_forward
[robot_supervisor-7] [INFO] [1777024997.183997802] [robot_0.robot_supervisor]: Selected controllable event: EV_rotate_clockwise
[robot_supervisor-7] [INFO] [1777024997.184365158] [robot_0.robot_supervisor]: rotate_90 blocked by recent completion; stopping this tick
[robot_supervisor-10] [INFO] [1777024997.212913382] [robot_1.robot_supervisor]: Selected controllable event: EV_move_forward
[robot_supervisor-19] [INFO] [1777024997.217856317] [robot_4.robot_supervisor]: Selected controllable event: EV_move_forward
[robot_supervisor-7] [INFO] [1777024997.283850968] [robot_0.robot_supervisor]: Selected controllable event: EV_rotate_clockwise
[robot_supervisor-7] [INFO] [1777024997.284087879] [robot_0.robot_supervisor]: rotate_90 blocked by recent completion; stopping this tick
[image_processor-22] [INFO] [1777024997.344711617] [robot_1.image_processor]: Zone=CLEAR
[image_processor-23] [INFO] [1777024997.357004872] [robot_2.image_processor]: Zone=CLEAR
[image_processor-25] [INFO] [1777024997.369569348] [robot_4.image_processor]: Zone=CLEAR
[image_processor-24] [INFO] [1777024997.377803548] [robot_3.image_processor]: Zone=CLEAR
[robot_supervisor-7] [INFO] [1777024997.383884485] [robot_0.robot_supervisor]: Selected controllable event: EV_rotate_clockwise
[image_processor-21] [INFO] [1777024997.387718303] [robot_0.image_processor]: Zone=LEFT
[robot_supervisor-16] [INFO] [1777024997.463308163] [robot_3.robot_supervisor]: Selected controllable event: EV_random_walk
[robot_supervisor-13] [INFO] [1777024997.469494579] [robot_2.robot_supervisor]: Selected controllable event: EV_random_walk
[robot_supervisor-10] [INFO] [1777024997.513121151] [robot_1.robot_supervisor]: Selected controllable event: EV_random_walk
[robot_supervisor-19] [INFO] [1777024997.517892772] [robot_4.robot_supervisor]: Selected controllable event: EV_random_walk
[robot_supervisor-16] [INFO] [1777024997.763383919] [robot_3.robot_supervisor]: Selected controllable event: EV_move_forward
[robot_supervisor-13] [INFO] [1777024997.769485536] [robot_2.robot_supervisor]: Selected controllable event: EV_move_forward
[robot_supervisor-10] [INFO] [1777024997.812915637] [robot_1.robot_supervisor]: Selected controllable event: EV_move_forward
[robot_supervisor-19] [INFO] [1777024997.818058229] [robot_4.robot_supervisor]: Selected controllable event: EV_move_forward
[robot_supervisor-16] [INFO] [1777024998.063257708] [robot_3.robot_supervisor]: Selected controllable event: EV_random_walk
[robot_supervisor-13] [INFO] [1777024998.069510314] [robot_2.robot_supervisor]: Selected controllable event: EV_random_walk
[robot_supervisor-10] [INFO] [1777024998.112728553] [robot_1.robot_supervisor]: Selected controllable event: EV_random_walk
[robot_supervisor-19] [INFO] [1777024998.118098175] [robot_4.robot_supervisor]: Selected controllable event: EV_random_walk
[robot_supervisor-16] [INFO] [1777024998.363333120] [robot_3.robot_supervisor]: Selected controllable event: EV_move_forward
[robot_supervisor-13] [INFO] [1777024998.369413845] [robot_2.robot_supervisor]: Selected controllable event: EV_move_forward
[robot_supervisor-10] [INFO] [1777024998.412859049] [robot_1.robot_supervisor]: Selected controllable event: EV_move_forward
[robot_supervisor-19] [INFO] [1777024998.418153021] [robot_4.robot_supervisor]: Selected controllable event: EV_move_forward
[robot_supervisor-16] [INFO] [1777024998.663290324] [robot_3.robot_supervisor]: Selected controllable event: EV_random_walk
[robot_supervisor-13] [INFO] [1777024998.669527079] [robot_2.robot_supervisor]: Selected controllable event: EV_random_walk
[robot_supervisor-10] [INFO] [1777024998.712983760] [robot_1.robot_supervisor]: Selected controllable event: EV_random_walk
[robot_supervisor-19] [INFO] [1777024998.717627135] [robot_4.robot_supervisor]: Selected controllable event: EV_random_walk
[robot_supervisor-16] [INFO] [1777024998.963325257] [robot_3.robot_supervisor]: Selected controllable event: EV_move_forward
[robot_supervisor-13] [INFO] [1777024998.969298924] [robot_2.robot_supervisor]: Selected controllable event: EV_move_forward
[robot_supervisor-10] [INFO] [1777024999.012968350] [robot_1.robot_supervisor]: Selected controllable event: EV_move_forward
[robot_supervisor-19] [INFO] [1777024999.017875982] [robot_4.robot_supervisor]: Selected controllable event: EV_move_forward
[robot_supervisor-16] [INFO] [1777024999.263507103] [robot_3.robot_supervisor]: Selected controllable event: EV_random_walk
[robot_supervisor-13] [INFO] [1777024999.269302038] [robot_2.robot_supervisor]: Selected controllable event: EV_random_walk
[robot_supervisor-10] [INFO] [1777024999.312933209] [robot_1.robot_supervisor]: Selected controllable event: EV_random_walk
[robot_supervisor-19] [INFO] [1777024999.317852100] [robot_4.robot_supervisor]: Selected controllable event: EV_random_walk
[robot_supervisor-7] [INFO] [1777024999.484071521] [robot_0.robot_supervisor]: Selected controllable event: EV_rotate_clockwise
[robot_supervisor-7] [INFO] [1777024999.484531771] [robot_0.robot_supervisor]: rotate_90 blocked by recent completion; stopping this tick
[robot_supervisor-16] [INFO] [1777024999.563234990] [robot_3.robot_supervisor]: Selected controllable event: EV_move_forward
[robot_supervisor-13] [INFO] [1777024999.569314590] [robot_2.robot_supervisor]: Selected controllable event: EV_move_forward
[robot_supervisor-7] [INFO] [1777024999.584013228] [robot_0.robot_supervisor]: Selected controllable event: EV_rotate_clockwise
[robot_supervisor-7] [INFO] [1777024999.584404562] [robot_0.robot_supervisor]: rotate_90 blocked by recent completion; stopping this tick
[robot_supervisor-10] [INFO] [1777024999.612921135] [robot_1.robot_supervisor]: Selected controllable event: EV_move_forward
[robot_supervisor-19] [INFO] [1777024999.618037591] [robot_4.robot_supervisor]: Selected controllable event: EV_move_forward
[robot_supervisor-7] [INFO] [1777024999.684205008] [robot_0.robot_supervisor]: Selected controllable event: EV_rotate_clockwise
[robot_supervisor-7] [INFO] [1777024999.684513239] [robot_0.robot_supervisor]: rotate_90 blocked by recent completion; stopping this tick
[robot_supervisor-7] [INFO] [1777024999.783764764] [robot_0.robot_supervisor]: Selected controllable event: EV_rotate_clockwise
[image_processor-22] [INFO] [1777024999.845132664] [robot_1.image_processor]: Zone=CLEAR
[image_processor-23] [INFO] [1777024999.854166879] [robot_2.image_processor]: Zone=LEFT  left[p=0.527 near=7650 v=7650]  front[p=0.672 near=4970 v=13500]  right[p=1.331 near=0 v=7740]
[robot_supervisor-13] [INFO] [1777024999.855254607] [robot_2.robot_supervisor]: Detected zone changed to LEFT
[robot_supervisor-16] [INFO] [1777024999.863117896] [robot_3.robot_supervisor]: Selected controllable event: EV_random_walk
[image_processor-25] [INFO] [1777024999.863504881] [robot_4.image_processor]: Zone=CLEAR
[robot_supervisor-13] [INFO] [1777024999.869426248] [robot_2.robot_supervisor]: Selected controllable event: EV_rotate_clockwise
[image_processor-24] [INFO] [1777024999.871797613] [robot_3.image_processor]: Zone=CLEAR
[image_processor-21] [INFO] [1777024999.887663142] [robot_0.image_processor]: Zone=CLEAR  left[p=2.484 near=0 v=5899]  front[p=3.218 near=0 v=9000]  right[p=3.218 near=0 v=5795]
[robot_supervisor-7] [INFO] [1777024999.888093824] [robot_0.robot_supervisor]: Detected zone changed to CLEAR
[robot_supervisor-10] [INFO] [1777024999.913223186] [robot_1.robot_supervisor]: Selected controllable event: EV_random_walk
[robot_supervisor-19] [INFO] [1777024999.917923538] [robot_4.robot_supervisor]: Selected controllable event: EV_random_walk
[robot_supervisor-16] [INFO] [1777025000.163010680] [robot_3.robot_supervisor]: Selected controllable event: EV_move_forward
[robot_supervisor-10] [INFO] [1777025000.213108752] [robot_1.robot_supervisor]: Selected controllable event: EV_move_forward
[robot_supervisor-19] [INFO] [1777025000.217859845] [robot_4.robot_supervisor]: Selected controllable event: EV_move_forward
[robot_supervisor-16] [INFO] [1777025000.463137648] [robot_3.robot_supervisor]: Selected controllable event: EV_random_walk
[robot_supervisor-10] [INFO] [1777025000.513013439] [robot_1.robot_supervisor]: Selected controllable event: EV_random_walk
[robot_supervisor-19] [INFO] [1777025000.517752122] [robot_4.robot_supervisor]: Selected controllable event: EV_random_walk
[robot_supervisor-16] [INFO] [1777025000.763610136] [robot_3.robot_supervisor]: Selected controllable event: EV_move_forward
[robot_supervisor-10] [INFO] [1777025000.812962105] [robot_1.robot_supervisor]: Selected controllable event: EV_move_forward
[robot_supervisor-19] [INFO] [1777025000.817734039] [robot_4.robot_supervisor]: Selected controllable event: EV_move_forward
[robot_supervisor-16] [INFO] [1777025001.063305114] [robot_3.robot_supervisor]: Selected controllable event: EV_random_walk
[robot_supervisor-10] [INFO] [1777025001.112974157] [robot_1.robot_supervisor]: Selected controllable event: EV_random_walk
[robot_supervisor-19] [INFO] [1777025001.117900184] [robot_4.robot_supervisor]: Selected controllable event: EV_random_walk
[robot_supervisor-16] [INFO] [1777025001.363522291] [robot_3.robot_supervisor]: Selected controllable event: EV_move_forward
[robot_supervisor-10] [INFO] [1777025001.412973087] [robot_1.robot_supervisor]: Selected controllable event: EV_move_forward
[robot_supervisor-19] [INFO] [1777025001.417786974] [robot_4.robot_supervisor]: Selected controllable event: EV_move_forward
[robot_supervisor-16] [INFO] [1777025001.663284121] [robot_3.robot_supervisor]: Selected controllable event: EV_random_walk
[robot_supervisor-10] [INFO] [1777025001.712954383] [robot_1.robot_supervisor]: Selected controllable event: EV_random_walk
[robot_supervisor-19] [INFO] [1777025001.718073964] [robot_4.robot_supervisor]: Selected controllable event: EV_random_walk
[robot_supervisor-7] [INFO] [1777025001.884466109] [robot_0.robot_supervisor]: Selected controllable event: EV_random_walk
[robot_supervisor-16] [INFO] [1777025001.963313191] [robot_3.robot_supervisor]: Selected controllable event: EV_move_forward
[robot_supervisor-13] [INFO] [1777025001.969090294] [robot_2.robot_supervisor]: Selected controllable event: EV_rotate_clockwise
[robot_supervisor-13] [INFO] [1777025001.969276605] [robot_2.robot_supervisor]: rotate_90 blocked by recent completion; stopping this tick
[robot_supervisor-10] [INFO] [1777025002.013024901] [robot_1.robot_supervisor]: Selected controllable event: EV_move_forward
[robot_supervisor-19] [INFO] [1777025002.017856529] [robot_4.robot_supervisor]: Selected controllable event: EV_move_forward
[robot_supervisor-13] [INFO] [1777025002.069330954] [robot_2.robot_supervisor]: Selected controllable event: EV_rotate_clockwise
[robot_supervisor-13] [INFO] [1777025002.069723152] [robot_2.robot_supervisor]: rotate_90 blocked by recent completion; stopping this tick
[robot_supervisor-13] [INFO] [1777025002.169050270] [robot_2.robot_supervisor]: Selected controllable event: EV_rotate_clockwise
[robot_supervisor-13] [INFO] [1777025002.169239189] [robot_2.robot_supervisor]: rotate_90 blocked by recent completion; stopping this tick
[robot_supervisor-7] [INFO] [1777025002.184080343] [robot_0.robot_supervisor]: Selected controllable event: EV_move_forward
[robot_supervisor-16] [INFO] [1777025002.263288797] [robot_3.robot_supervisor]: Selected controllable event: EV_random_walk
[robot_supervisor-13] [INFO] [1777025002.269017496] [robot_2.robot_supervisor]: Selected controllable event: EV_rotate_clockwise
[robot_supervisor-10] [INFO] [1777025002.312997315] [robot_1.robot_supervisor]: Selected controllable event: EV_random_walk
[robot_supervisor-19] [INFO] [1777025002.317875013] [robot_4.robot_supervisor]: Selected controllable event: EV_random_walk
[image_processor-22] [INFO] [1777025002.347578615] [robot_1.image_processor]: Zone=CLEAR
[image_processor-23] [INFO] [1777025002.357936777] [robot_2.image_processor]: Zone=CORNER  left[p=0.764 near=2470 v=7650]  front[p=0.713 near=5393 v=12329]  right[p=3.122 near=0 v=6014]
[robot_supervisor-13] [INFO] [1777025002.358448979] [robot_2.robot_supervisor]: Detected zone changed to CORNER
[image_processor-25] [INFO] [1777025002.366448643] [robot_4.image_processor]: Zone=CLEAR
[image_processor-24] [INFO] [1777025002.374014839] [robot_3.image_processor]: Zone=CLEAR
[image_processor-21] [INFO] [1777025002.387360850] [robot_0.image_processor]: Zone=CORNER  left[p=3.218 near=0 v=6922]  front[p=0.503 near=7711 v=12841]  right[p=0.402 near=7740 v=7740]
[robot_supervisor-7] [INFO] [1777025002.387758197] [robot_0.robot_supervisor]: Detected zone changed to CORNER
[robot_supervisor-7] [INFO] [1777025002.484079945] [robot_0.robot_supervisor]: Selected controllable event: EV_rotate_clockwise
[robot_supervisor-16] [INFO] [1777025002.563166213] [robot_3.robot_supervisor]: Selected controllable event: EV_move_forward
[robot_supervisor-10] [INFO] [1777025002.613118989] [robot_1.robot_supervisor]: Selected controllable event: EV_move_forward
[robot_supervisor-19] [INFO] [1777025002.617870199] [robot_4.robot_supervisor]: Selected controllable event: EV_move_forward
[robot_supervisor-16] [INFO] [1777025002.863173031] [robot_3.robot_supervisor]: Selected controllable event: EV_random_walk
[robot_supervisor-10] [INFO] [1777025002.912996427] [robot_1.robot_supervisor]: Selected controllable event: EV_random_walk
[robot_supervisor-19] [INFO] [1777025002.917821596] [robot_4.robot_supervisor]: Selected controllable event: EV_random_walk
[robot_supervisor-16] [INFO] [1777025003.163297241] [robot_3.robot_supervisor]: Selected controllable event: EV_move_forward
[robot_supervisor-10] [INFO] [1777025003.213007209] [robot_1.robot_supervisor]: Selected controllable event: EV_move_forward
[robot_supervisor-19] [INFO] [1777025003.218244688] [robot_4.robot_supervisor]: Selected controllable event: EV_move_forward
[robot_supervisor-16] [INFO] [1777025003.463553672] [robot_3.robot_supervisor]: Selected controllable event: EV_random_walk
[robot_supervisor-10] [INFO] [1777025003.512870991] [robot_1.robot_supervisor]: Selected controllable event: EV_random_walk
[robot_supervisor-19] [INFO] [1777025003.517715830] [robot_4.robot_supervisor]: Selected controllable event: EV_random_walk
[robot_supervisor-10] [INFO] [1777025003.713665020] [robot_1.robot_supervisor]: Selected controllable event: EV_move_forward
[robot_supervisor-16] [INFO] [1777025003.763316779] [robot_3.robot_supervisor]: Selected controllable event: EV_move_forward
[robot_supervisor-19] [INFO] [1777025003.817583567] [robot_4.robot_supervisor]: Selected controllable event: EV_move_forward
[robot_supervisor-10] [INFO] [1777025004.013200910] [robot_1.robot_supervisor]: Selected controllable event: EV_random_walk
[robot_supervisor-16] [INFO] [1777025004.063323553] [robot_3.robot_supervisor]: Selected controllable event: EV_random_walk
[robot_supervisor-19] [INFO] [1777025004.117571664] [robot_4.robot_supervisor]: Selected controllable event: EV_random_walk
[robot_supervisor-10] [INFO] [1777025004.312995384] [robot_1.robot_supervisor]: Selected controllable event: EV_move_forward
[robot_supervisor-16] [INFO] [1777025004.363220549] [robot_3.robot_supervisor]: Selected controllable event: EV_move_forward
[robot_supervisor-13] [INFO] [1777025004.369103156] [robot_2.robot_supervisor]: Selected controllable event: EV_rotate_clockwise
[robot_supervisor-13] [INFO] [1777025004.369292701] [robot_2.robot_supervisor]: rotate_90 blocked by recent completion; stopping this tick
[robot_supervisor-19] [INFO] [1777025004.417648012] [robot_4.robot_supervisor]: Selected controllable event: EV_move_forward
[robot_supervisor-13] [INFO] [1777025004.469387568] [robot_2.robot_supervisor]: Selected controllable event: EV_rotate_clockwise
[robot_supervisor-13] [INFO] [1777025004.469955282] [robot_2.robot_supervisor]: rotate_90 blocked by recent completion; stopping this tick
[robot_supervisor-13] [INFO] [1777025004.569351260] [robot_2.robot_supervisor]: Selected controllable event: EV_rotate_clockwise
[robot_supervisor-13] [INFO] [1777025004.569906420] [robot_2.robot_supervisor]: rotate_90 blocked by recent completion; stopping this tick
[robot_supervisor-7] [INFO] [1777025004.584117563] [robot_0.robot_supervisor]: Selected controllable event: EV_rotate_clockwise
[robot_supervisor-7] [INFO] [1777025004.584517024] [robot_0.robot_supervisor]: rotate_90 blocked by recent completion; stopping this tick
[robot_supervisor-10] [INFO] [1777025004.612929973] [robot_1.robot_supervisor]: Selected controllable event: EV_random_walk
[robot_supervisor-16] [INFO] [1777025004.663326405] [robot_3.robot_supervisor]: Selected controllable event: EV_random_walk
[robot_supervisor-13] [INFO] [1777025004.669179533] [robot_2.robot_supervisor]: Selected controllable event: EV_rotate_clockwise
[robot_supervisor-7] [INFO] [1777025004.684352411] [robot_0.robot_supervisor]: Selected controllable event: EV_rotate_clockwise
[robot_supervisor-7] [INFO] [1777025004.684780645] [robot_0.robot_supervisor]: rotate_90 blocked by recent completion; stopping this tick
[robot_supervisor-19] [INFO] [1777025004.717871087] [robot_4.robot_supervisor]: Selected controllable event: EV_random_walk
[robot_supervisor-7] [INFO] [1777025004.783734203] [robot_0.robot_supervisor]: Selected controllable event: EV_rotate_clockwise
[robot_supervisor-7] [INFO] [1777025004.783906184] [robot_0.robot_supervisor]: rotate_90 blocked by recent completion; stopping this tick
[image_processor-22] [INFO] [1777025004.847973427] [robot_1.image_processor]: Zone=CLEAR
[image_processor-23] [INFO] [1777025004.864410027] [robot_2.image_processor]: Zone=CLEAR  left[p=3.122 near=0 v=5667]  front[p=2.892 near=0 v=8270]  right[p=3.391 near=0 v=6178]
[robot_supervisor-13] [INFO] [1777025004.864917887] [robot_2.robot_supervisor]: Detected zone changed to CLEAR
[image_processor-25] [INFO] [1777025004.875268140] [robot_4.image_processor]: Zone=CORNER  left[p=0.662 near=7225 v=7650]  front[p=0.527 near=13500 v=13500]  right[p=0.461 near=7740 v=7740]
[robot_supervisor-19] [INFO] [1777025004.876087257] [robot_4.robot_supervisor]: Detected zone changed to CORNER
[robot_supervisor-7] [INFO] [1777025004.884034546] [robot_0.robot_supervisor]: Selected controllable event: EV_rotate_clockwise
[image_processor-24] [INFO] [1777025004.884347371] [robot_3.image_processor]: Zone=CORNER  left[p=0.320 near=7650 v=7650]  front[p=0.415 near=13500 v=13500]  right[p=1.001 near=412 v=7740]
[robot_supervisor-16] [INFO] [1777025004.884837684] [robot_3.robot_supervisor]: Detected zone changed to CORNER
[image_processor-21] [INFO] [1777025004.893993662] [robot_0.image_processor]: Zone=CORNER
[robot_supervisor-10] [INFO] [1777025004.912693358] [robot_1.robot_supervisor]: Selected controllable event: EV_move_forward
[robot_supervisor-16] [INFO] [1777025004.963333193] [robot_3.robot_supervisor]: Selected controllable event: EV_rotate_clockwise
[robot_supervisor-19] [INFO] [1777025005.017566920] [robot_4.robot_supervisor]: Selected controllable event: EV_rotate_clockwise
[robot_supervisor-10] [INFO] [1777025005.213124341] [robot_1.robot_supervisor]: Selected controllable event: EV_random_walk
[robot_supervisor-10] [INFO] [1777025005.512971056] [robot_1.robot_supervisor]: Selected controllable event: EV_move_forward
[robot_supervisor-10] [INFO] [1777025005.812915002] [robot_1.robot_supervisor]: Selected controllable event: EV_random_walk
[robot_supervisor-10] [INFO] [1777025006.112863935] [robot_1.robot_supervisor]: Selected controllable event: EV_move_forward
[robot_supervisor-10] [INFO] [1777025006.412973607] [robot_1.robot_supervisor]: Selected controllable event: EV_random_walk
[robot_supervisor-10] [INFO] [1777025006.712870860] [robot_1.robot_supervisor]: Selected controllable event: EV_move_forward
[robot_supervisor-13] [INFO] [1777025006.869653061] [robot_2.robot_supervisor]: Selected controllable event: EV_random_walk
[robot_supervisor-7] [INFO] [1777025006.983940119] [robot_0.robot_supervisor]: Selected controllable event: EV_rotate_clockwise
[robot_supervisor-7] [INFO] [1777025006.984382610] [robot_0.robot_supervisor]: rotate_90 blocked by recent completion; stopping this tick
[robot_supervisor-10] [INFO] [1777025007.013162822] [robot_1.robot_supervisor]: Selected controllable event: EV_random_walk
[robot_supervisor-7] [INFO] [1777025007.083893316] [robot_0.robot_supervisor]: Selected controllable event: EV_rotate_clockwise
[robot_supervisor-7] [INFO] [1777025007.084384924] [robot_0.robot_supervisor]: rotate_90 blocked by recent completion; stopping this tick
[robot_supervisor-16] [INFO] [1777025007.163432462] [robot_3.robot_supervisor]: Selected controllable event: EV_rotate_clockwise
[robot_supervisor-16] [INFO] [1777025007.163720223] [robot_3.robot_supervisor]: rotate_90 blocked by recent completion; stopping this tick
[robot_supervisor-13] [INFO] [1777025007.169506289] [robot_2.robot_supervisor]: Selected controllable event: EV_move_forward
[robot_supervisor-7] [INFO] [1777025007.184349636] [robot_0.robot_supervisor]: Selected controllable event: EV_rotate_clockwise
[robot_supervisor-7] [INFO] [1777025007.184703808] [robot_0.robot_supervisor]: rotate_90 blocked by recent completion; stopping this tick
[robot_supervisor-19] [INFO] [1777025007.217798936] [robot_4.robot_supervisor]: Selected controllable event: EV_rotate_clockwise
[robot_supervisor-19] [INFO] [1777025007.218065587] [robot_4.robot_supervisor]: rotate_90 blocked by recent completion; stopping this tick
[robot_supervisor-16] [INFO] [1777025007.263512885] [robot_3.robot_supervisor]: Selected controllable event: EV_rotate_clockwise
[robot_supervisor-16] [INFO] [1777025007.264008036] [robot_3.robot_supervisor]: rotate_90 blocked by recent completion; stopping this tick
[robot_supervisor-7] [INFO] [1777025007.283901538] [robot_0.robot_supervisor]: Selected controllable event: EV_rotate_clockwise
[robot_supervisor-10] [INFO] [1777025007.312922381] [robot_1.robot_supervisor]: Selected controllable event: EV_move_forward
[robot_supervisor-19] [INFO] [1777025007.317726100] [robot_4.robot_supervisor]: Selected controllable event: EV_rotate_clockwise
[robot_supervisor-19] [INFO] [1777025007.318031120] [robot_4.robot_supervisor]: rotate_90 blocked by recent completion; stopping this tick
[image_processor-22] [INFO] [1777025007.346779608] [robot_1.image_processor]: Zone=CORNER  left[p=0.163 near=7650 v=7650]  front[p=0.171 near=13500 v=13500]  right[p=0.182 near=7740 v=7740]
[robot_supervisor-10] [INFO] [1777025007.347488281] [robot_1.robot_supervisor]: Detected zone changed to CORNER
[image_processor-23] [INFO] [1777025007.358241841] [robot_2.image_processor]: Zone=RIGHT  left[p=3.391 near=0 v=7140]  front[p=0.678 near=4420 v=13463]  right[p=0.482 near=7740 v=7740]
[robot_supervisor-13] [INFO] [1777025007.358986316] [robot_2.robot_supervisor]: Detected zone changed to RIGHT
[robot_supervisor-16] [INFO] [1777025007.363608582] [robot_3.robot_supervisor]: Selected controllable event: EV_rotate_clockwise
[image_processor-25] [INFO] [1777025007.371197238] [robot_4.image_processor]: Zone=LEFT  left[p=0.527 near=6462 v=7650]  front[p=1.035 near=0 v=13092]  right[p=3.440 near=0 v=6197]
[robot_supervisor-19] [INFO] [1777025007.372305049] [robot_4.robot_supervisor]: Detected zone changed to LEFT
[bump_counter-3] [INFO] [1777025007.384445201] [bump_counter]: [global] bump #1 (obstacle) with: north_wall::link::collision
[image_processor-24] [INFO] [1777025007.384853848] [robot_3.image_processor]: Zone=CLEAR  left[p=1.058 near=0 v=7650]  front[p=1.648 near=0 v=12711]  right[p=2.607 near=0 v=5699]
[robot_supervisor-16] [INFO] [1777025007.385491930] [robot_3.robot_supervisor]: Detected zone changed to CLEAR
[image_processor-21] [INFO] [1777025007.395299235] [robot_0.image_processor]: Zone=CLEAR  left[p=2.583 near=0 v=7174]  front[p=3.038 near=0 v=11325]  right[p=2.543 near=0 v=6089]
[robot_supervisor-7] [INFO] [1777025007.395777417] [robot_0.robot_supervisor]: Detected zone changed to CLEAR
[robot_supervisor-19] [INFO] [1777025007.417920234] [robot_4.robot_supervisor]: Selected controllable event: EV_rotate_clockwise
[robot_supervisor-19] [INFO] [1777025007.418322261] [robot_4.robot_supervisor]: rotate_90 blocked by recent completion; stopping this tick
[robot_supervisor-13] [INFO] [1777025007.469100492] [robot_2.robot_supervisor]: Selected controllable event: EV_rotate_counterclockwise
[robot_supervisor-19] [INFO] [1777025007.517654952] [robot_4.robot_supervisor]: Selected controllable event: EV_rotate_clockwise
[robot_supervisor-10] [INFO] [1777025007.612828260] [robot_1.robot_supervisor]: Selected controllable event: EV_rotate_clockwise
[robot_supervisor-7] [INFO] [1777025009.383842401] [robot_0.robot_supervisor]: Selected controllable event: EV_random_walk
[robot_supervisor-16] [INFO] [1777025009.463569890] [robot_3.robot_supervisor]: Selected controllable event: EV_random_walk
[robot_supervisor-19] [INFO] [1777025009.617877609] [robot_4.robot_supervisor]: Selected controllable event: EV_rotate_clockwise
[robot_supervisor-19] [INFO] [1777025009.618258034] [robot_4.robot_supervisor]: rotate_90 blocked by recent completion; stopping this tick
[robot_supervisor-13] [INFO] [1777025009.669203091] [robot_2.robot_supervisor]: Selected controllable event: EV_rotate_counterclockwise
[robot_supervisor-13] [INFO] [1777025009.669668376] [robot_2.robot_supervisor]: rotate_90 blocked by recent completion; stopping this tick
[robot_supervisor-7] [INFO] [1777025009.683992526] [robot_0.robot_supervisor]: Selected controllable event: EV_move_forward
[robot_supervisor-19] [INFO] [1777025009.718055974] [robot_4.robot_supervisor]: Selected controllable event: EV_rotate_clockwise
[robot_supervisor-19] [INFO] [1777025009.718550136] [robot_4.robot_supervisor]: rotate_90 blocked by recent completion; stopping this tick
[robot_supervisor-16] [INFO] [1777025009.763006620] [robot_3.robot_supervisor]: Selected controllable event: EV_move_forward
[robot_supervisor-13] [INFO] [1777025009.769299163] [robot_2.robot_supervisor]: Selected controllable event: EV_rotate_counterclockwise
[robot_supervisor-13] [INFO] [1777025009.769743282] [robot_2.robot_supervisor]: rotate_90 blocked by recent completion; stopping this tick
[robot_supervisor-10] [INFO] [1777025009.813444883] [robot_1.robot_supervisor]: Selected controllable event: EV_rotate_clockwise
[robot_supervisor-10] [INFO] [1777025009.814002495] [robot_1.robot_supervisor]: rotate_90 blocked by recent completion; stopping this tick
[robot_supervisor-19] [INFO] [1777025009.817878670] [robot_4.robot_supervisor]: Selected controllable event: EV_rotate_clockwise
[robot_supervisor-19] [INFO] [1777025009.818247767] [robot_4.robot_supervisor]: rotate_90 blocked by recent completion; stopping this tick
[image_processor-23] [INFO] [1777025009.861853421] [robot_2.image_processor]: Zone=RIGHT
[robot_supervisor-13] [INFO] [1777025009.869190072] [robot_2.robot_supervisor]: Selected controllable event: EV_rotate_counterclockwise
[image_processor-25] [INFO] [1777025009.878533370] [robot_4.image_processor]: Zone=LEFT
[image_processor-24] [INFO] [1777025009.900232481] [robot_3.image_processor]: Zone=CLEAR
[robot_supervisor-10] [INFO] [1777025009.913106582] [robot_1.robot_supervisor]: Selected controllable event: EV_rotate_clockwise
[robot_supervisor-10] [INFO] [1777025009.913553447] [robot_1.robot_supervisor]: rotate_90 blocked by recent completion; stopping this tick
[image_processor-21] [INFO] [1777025009.914901762] [robot_0.image_processor]: Zone=CLEAR
[robot_supervisor-19] [INFO] [1777025009.917794088] [robot_4.robot_supervisor]: Selected controllable event: EV_rotate_clockwise
[image_processor-22] [INFO] [1777025009.947097378] [robot_1.image_processor]: Zone=CORNER
[robot_supervisor-7] [INFO] [1777025009.984013793] [robot_0.robot_supervisor]: Selected controllable event: EV_random_walk
[robot_supervisor-10] [INFO] [1777025010.013068704] [robot_1.robot_supervisor]: Selected controllable event: EV_rotate_clockwise
[robot_supervisor-16] [INFO] [1777025010.063150705] [robot_3.robot_supervisor]: Selected controllable event: EV_random_walk
[robot_supervisor-7] [INFO] [1777025010.284453505] [robot_0.robot_supervisor]: Selected controllable event: EV_move_forward
[robot_supervisor-16] [INFO] [1777025010.363176935] [robot_3.robot_supervisor]: Selected controllable event: EV_move_forward
[robot_supervisor-7] [INFO] [1777025010.584120191] [robot_0.robot_supervisor]: Selected controllable event: EV_random_walk
[robot_supervisor-16] [INFO] [1777025010.663008416] [robot_3.robot_supervisor]: Selected controllable event: EV_random_walk
[robot_supervisor-7] [INFO] [1777025010.883875430] [robot_0.robot_supervisor]: Selected controllable event: EV_move_forward
[robot_supervisor-16] [INFO] [1777025010.963571527] [robot_3.robot_supervisor]: Selected controllable event: EV_move_forward
[bump_counter-3] [INFO] [1777025011.123229934] [bump_counter]: [global] bump #2 (obstacle) with: north_wall::link::collision
[robot_supervisor-7] [INFO] [1777025011.184409670] [robot_0.robot_supervisor]: Selected controllable event: EV_random_walk
[robot_supervisor-16] [INFO] [1777025011.263515739] [robot_3.robot_supervisor]: Selected controllable event: EV_random_walk
[robot_supervisor-7] [INFO] [1777025011.484047604] [robot_0.robot_supervisor]: Selected controllable event: EV_move_forward
[robot_supervisor-16] [INFO] [1777025011.563531302] [robot_3.robot_supervisor]: Selected controllable event: EV_move_forward
[robot_supervisor-7] [INFO] [1777025011.784084572] [robot_0.robot_supervisor]: Selected controllable event: EV_random_walk
[robot_supervisor-16] [INFO] [1777025011.863809894] [robot_3.robot_supervisor]: Selected controllable event: EV_random_walk
[robot_supervisor-13] [INFO] [1777025011.969374036] [robot_2.robot_supervisor]: Selected controllable event: EV_rotate_counterclockwise
[robot_supervisor-13] [INFO] [1777025011.969740877] [robot_2.robot_supervisor]: rotate_90 blocked by recent completion; stopping this tick
[robot_supervisor-19] [INFO] [1777025012.017880148] [robot_4.robot_supervisor]: Selected controllable event: EV_rotate_clockwise
[robot_supervisor-19] [INFO] [1777025012.018295411] [robot_4.robot_supervisor]: rotate_90 blocked by recent completion; stopping this tick
[robot_supervisor-13] [INFO] [1777025012.069341792] [robot_2.robot_supervisor]: Selected controllable event: EV_rotate_counterclockwise
[robot_supervisor-13] [INFO] [1777025012.069717185] [robot_2.robot_supervisor]: rotate_90 blocked by recent completion; stopping this tick
[robot_supervisor-7] [INFO] [1777025012.083905606] [robot_0.robot_supervisor]: Selected controllable event: EV_move_forward
[robot_supervisor-10] [INFO] [1777025012.113110175] [robot_1.robot_supervisor]: Selected controllable event: EV_rotate_clockwise
[robot_supervisor-10] [INFO] [1777025012.113509771] [robot_1.robot_supervisor]: rotate_90 blocked by recent completion; stopping this tick
[robot_supervisor-19] [INFO] [1777025012.118069622] [robot_4.robot_supervisor]: Selected controllable event: EV_rotate_clockwise
[robot_supervisor-19] [INFO] [1777025012.118394510] [robot_4.robot_supervisor]: rotate_90 blocked by recent completion; stopping this tick
[robot_supervisor-16] [INFO] [1777025012.163323499] [robot_3.robot_supervisor]: Selected controllable event: EV_move_forward
[robot_supervisor-13] [INFO] [1777025012.169515386] [robot_2.robot_supervisor]: Selected controllable event: EV_rotate_counterclockwise
[robot_supervisor-13] [INFO] [1777025012.170008649] [robot_2.robot_supervisor]: rotate_90 blocked by recent completion; stopping this tick
[robot_supervisor-10] [INFO] [1777025012.212922034] [robot_1.robot_supervisor]: Selected controllable event: EV_rotate_clockwise
[robot_supervisor-10] [INFO] [1777025012.213349602] [robot_1.robot_supervisor]: rotate_90 blocked by recent completion; stopping this tick
[robot_supervisor-19] [INFO] [1777025012.217822950] [robot_4.robot_supervisor]: Selected controllable event: EV_rotate_clockwise
[robot_supervisor-19] [INFO] [1777025012.218220346] [robot_4.robot_supervisor]: rotate_90 blocked by recent completion; stopping this tick
[robot_supervisor-13] [INFO] [1777025012.269327051] [robot_2.robot_supervisor]: Selected controllable event: EV_rotate_counterclockwise
[robot_supervisor-10] [INFO] [1777025012.312963999] [robot_1.robot_supervisor]: Selected controllable event: EV_rotate_clockwise
[robot_supervisor-10] [INFO] [1777025012.313391753] [robot_1.robot_supervisor]: rotate_90 blocked by recent completion; stopping this tick
[robot_supervisor-19] [INFO] [1777025012.317877317] [robot_4.robot_supervisor]: Selected controllable event: EV_rotate_clockwise
[image_processor-22] [INFO] [1777025012.358629146] [robot_1.image_processor]: Zone=CLEAR  left[p=2.411 near=0 v=7416]  front[p=2.823 near=0 v=8007]  right[p=2.828 near=0 v=5005]
[robot_supervisor-10] [INFO] [1777025012.359182140] [robot_1.robot_supervisor]: Detected zone changed to CLEAR
[image_processor-23] [INFO] [1777025012.373284993] [robot_2.image_processor]: Zone=CLEAR  left[p=0.836 near=0 v=7650]  front[p=0.808 near=772 v=11812]  right[p=3.122 near=0 v=5968]
[robot_supervisor-13] [INFO] [1777025012.374002417] [robot_2.robot_supervisor]: Detected zone changed to CLEAR
[image_processor-25] [INFO] [1777025012.382931235] [robot_4.image_processor]: Zone=RIGHT  left[p=0.765 near=2050 v=7650]  front[p=1.059 near=0 v=13500]  right[p=0.753 near=1483 v=7740]
[robot_supervisor-19] [INFO] [1777025012.383601326] [robot_4.robot_supervisor]: Detected zone changed to RIGHT
[robot_supervisor-7] [INFO] [1777025012.384039203] [robot_0.robot_supervisor]: Selected controllable event: EV_random_walk
[image_processor-24] [INFO] [1777025012.396461711] [robot_3.image_processor]: Zone=CLEAR
[robot_supervisor-10] [INFO] [1777025012.412891513] [robot_1.robot_supervisor]: Selected controllable event: EV_random_walk
[image_processor-21] [INFO] [1777025012.415583969] [robot_0.image_processor]: Zone=CLEAR
[robot_supervisor-16] [INFO] [1777025012.463322177] [robot_3.robot_supervisor]: Selected controllable event: EV_random_walk
[robot_supervisor-7] [INFO] [1777025012.684406028] [robot_0.robot_supervisor]: Selected controllable event: EV_move_forward
[robot_supervisor-10] [INFO] [1777025012.713917466] [robot_1.robot_supervisor]: Selected controllable event: EV_move_forward
[robot_supervisor-16] [INFO] [1777025012.763110906] [robot_3.robot_supervisor]: Selected controllable event: EV_move_forward
[robot_supervisor-7] [INFO] [1777025012.983721206] [robot_0.robot_supervisor]: Selected controllable event: EV_random_walk
[robot_supervisor-10] [INFO] [1777025013.013166348] [robot_1.robot_supervisor]: Selected controllable event: EV_random_walk
[robot_supervisor-16] [INFO] [1777025013.063507358] [robot_3.robot_supervisor]: Selected controllable event: EV_random_walk
[robot_supervisor-7] [INFO] [1777025013.284100563] [robot_0.robot_supervisor]: Selected controllable event: EV_move_forward
[robot_supervisor-10] [INFO] [1777025013.312924752] [robot_1.robot_supervisor]: Selected controllable event: EV_move_forward
[robot_supervisor-16] [INFO] [1777025013.363677242] [robot_3.robot_supervisor]: Selected controllable event: EV_move_forward
[robot_supervisor-7] [INFO] [1777025013.584294594] [robot_0.robot_supervisor]: Selected controllable event: EV_random_walk
[robot_supervisor-10] [INFO] [1777025013.612970455] [robot_1.robot_supervisor]: Selected controllable event: EV_random_walk
[robot_supervisor-16] [INFO] [1777025013.663336131] [robot_3.robot_supervisor]: Selected controllable event: EV_random_walk
[robot_supervisor-7] [INFO] [1777025013.884224686] [robot_0.robot_supervisor]: Selected controllable event: EV_move_forward
[robot_supervisor-10] [INFO] [1777025013.912921586] [robot_1.robot_supervisor]: Selected controllable event: EV_move_forward
[robot_supervisor-16] [INFO] [1777025013.963401594] [robot_3.robot_supervisor]: Selected controllable event: EV_move_forward
[robot_supervisor-7] [INFO] [1777025014.184699791] [robot_0.robot_supervisor]: Selected controllable event: EV_random_walk
[robot_supervisor-10] [INFO] [1777025014.212991017] [robot_1.robot_supervisor]: Selected controllable event: EV_random_walk
[robot_supervisor-16] [INFO] [1777025014.263349766] [robot_3.robot_supervisor]: Selected controllable event: EV_random_walk
[robot_supervisor-13] [INFO] [1777025014.369486720] [robot_2.robot_supervisor]: Selected controllable event: EV_random_walk
[robot_supervisor-19] [INFO] [1777025014.418280673] [robot_4.robot_supervisor]: Selected controllable event: EV_rotate_counterclockwise
[robot_supervisor-19] [INFO] [1777025014.418776223] [robot_4.robot_supervisor]: rotate_90 blocked by recent completion; stopping this tick
[robot_supervisor-7] [INFO] [1777025014.483912943] [robot_0.robot_supervisor]: Selected controllable event: EV_move_forward
[robot_supervisor-10] [INFO] [1777025014.512947474] [robot_1.robot_supervisor]: Selected controllable event: EV_move_forward
[robot_supervisor-19] [INFO] [1777025014.517839364] [robot_4.robot_supervisor]: Selected controllable event: EV_rotate_counterclockwise
[robot_supervisor-19] [INFO] [1777025014.518199872] [robot_4.robot_supervisor]: rotate_90 blocked by recent completion; stopping this tick
[robot_supervisor-16] [INFO] [1777025014.563183229] [robot_3.robot_supervisor]: Selected controllable event: EV_move_forward
[robot_supervisor-19] [INFO] [1777025014.617834184] [robot_4.robot_supervisor]: Selected controllable event: EV_rotate_counterclockwise
[robot_supervisor-19] [INFO] [1777025014.618219936] [robot_4.robot_supervisor]: rotate_90 blocked by recent completion; stopping this tick
[robot_supervisor-13] [INFO] [1777025014.669288361] [robot_2.robot_supervisor]: Selected controllable event: EV_move_forward
[robot_supervisor-19] [INFO] [1777025014.718045440] [robot_4.robot_supervisor]: Selected controllable event: EV_rotate_counterclockwise
[robot_supervisor-7] [INFO] [1777025014.784014208] [robot_0.robot_supervisor]: Selected controllable event: EV_random_walk
[robot_supervisor-10] [INFO] [1777025014.812895347] [robot_1.robot_supervisor]: Selected controllable event: EV_random_walk
[image_processor-22] [INFO] [1777025014.855727832] [robot_1.image_processor]: Zone=CLEAR
[image_processor-23] [INFO] [1777025014.862883771] [robot_2.image_processor]: Zone=CORNER  left[p=0.385 near=7650 v=7650]  front[p=0.508 near=5437 v=13500]  right[p=1.320 near=0 v=7740]
[robot_supervisor-13] [INFO] [1777025014.863365677] [robot_2.robot_supervisor]: Detected zone changed to CORNER
[robot_supervisor-16] [INFO] [1777025014.863371823] [robot_3.robot_supervisor]: Selected controllable event: EV_random_walk
[image_processor-25] [INFO] [1777025014.876471173] [robot_4.image_processor]: Zone=CORNER  left[p=0.500 near=7650 v=7650]  front[p=0.474 near=13500 v=13500]  right[p=0.454 near=7740 v=7740]
[robot_supervisor-19] [INFO] [1777025014.877514681] [robot_4.robot_supervisor]: Detected zone changed to CORNER
[image_processor-24] [INFO] [1777025014.891827286] [robot_3.image_processor]: Zone=CLEAR
[image_processor-21] [INFO] [1777025014.909038254] [robot_0.image_processor]: Zone=CLEAR
[robot_supervisor-13] [INFO] [1777025014.969063673] [robot_2.robot_supervisor]: Selected controllable event: EV_rotate_clockwise
[robot_supervisor-7] [INFO] [1777025015.083913240] [robot_0.robot_supervisor]: Selected controllable event: EV_move_forward
[robot_supervisor-10] [INFO] [1777025015.113248342] [robot_1.robot_supervisor]: Selected controllable event: EV_move_forward
[robot_supervisor-16] [INFO] [1777025015.163270614] [robot_3.robot_supervisor]: Selected controllable event: EV_move_forward
[robot_supervisor-7] [INFO] [1777025015.384464628] [robot_0.robot_supervisor]: Selected controllable event: EV_random_walk
[robot_supervisor-10] [INFO] [1777025015.413044796] [robot_1.robot_supervisor]: Selected controllable event: EV_random_walk
[robot_supervisor-16] [INFO] [1777025015.463543437] [robot_3.robot_supervisor]: Selected controllable event: EV_random_walk
[robot_supervisor-7] [INFO] [1777025015.683926575] [robot_0.robot_supervisor]: Selected controllable event: EV_move_forward
[robot_supervisor-10] [INFO] [1777025015.712968365] [robot_1.robot_supervisor]: Selected controllable event: EV_move_forward
[robot_supervisor-16] [INFO] [1777025015.763383354] [robot_3.robot_supervisor]: Selected controllable event: EV_move_forward
[robot_supervisor-7] [INFO] [1777025015.983929994] [robot_0.robot_supervisor]: Selected controllable event: EV_random_walk
[robot_supervisor-10] [INFO] [1777025016.013152374] [robot_1.robot_supervisor]: Selected controllable event: EV_random_walk
[robot_supervisor-16] [INFO] [1777025016.063279832] [robot_3.robot_supervisor]: Selected controllable event: EV_random_walk
[robot_supervisor-7] [INFO] [1777025016.283913584] [robot_0.robot_supervisor]: Selected controllable event: EV_move_forward
[robot_supervisor-10] [INFO] [1777025016.312954317] [robot_1.robot_supervisor]: Selected controllable event: EV_move_forward
[robot_supervisor-16] [INFO] [1777025016.363748314] [robot_3.robot_supervisor]: Selected controllable event: EV_move_forward
[robot_supervisor-7] [INFO] [1777025016.584081143] [robot_0.robot_supervisor]: Selected controllable event: EV_random_walk
[robot_supervisor-10] [INFO] [1777025016.612894478] [robot_1.robot_supervisor]: Selected controllable event: EV_random_walk
[robot_supervisor-16] [INFO] [1777025016.663019560] [robot_3.robot_supervisor]: Selected controllable event: EV_random_walk
[robot_supervisor-7] [INFO] [1777025016.883719649] [robot_0.robot_supervisor]: Selected controllable event: EV_move_forward
[robot_supervisor-10] [INFO] [1777025016.913008901] [robot_1.robot_supervisor]: Selected controllable event: EV_move_forward
[robot_supervisor-19] [INFO] [1777025016.917949147] [robot_4.robot_supervisor]: Selected controllable event: EV_rotate_clockwise
[robot_supervisor-19] [INFO] [1777025016.918330417] [robot_4.robot_supervisor]: rotate_90 blocked by recent completion; stopping this tick
[robot_supervisor-16] [INFO] [1777025016.963367131] [robot_3.robot_supervisor]: Selected controllable event: EV_move_forward
[robot_supervisor-19] [INFO] [1777025017.017740238] [robot_4.robot_supervisor]: Selected controllable event: EV_rotate_clockwise
[robot_supervisor-19] [INFO] [1777025017.017938552] [robot_4.robot_supervisor]: rotate_90 blocked by recent completion; stopping this tick
[robot_supervisor-13] [INFO] [1777025017.069311072] [robot_2.robot_supervisor]: Selected controllable event: EV_rotate_clockwise
[robot_supervisor-13] [INFO] [1777025017.069676174] [robot_2.robot_supervisor]: rotate_90 blocked by recent completion; stopping this tick
[robot_supervisor-19] [INFO] [1777025017.119223967] [robot_4.robot_supervisor]: Selected controllable event: EV_rotate_clockwise
[robot_supervisor-13] [INFO] [1777025017.169265614] [robot_2.robot_supervisor]: Selected controllable event: EV_rotate_clockwise
[robot_supervisor-13] [INFO] [1777025017.169631122] [robot_2.robot_supervisor]: rotate_90 blocked by recent completion; stopping this tick
[robot_supervisor-7] [INFO] [1777025017.184770630] [robot_0.robot_supervisor]: Selected controllable event: EV_random_walk
[robot_supervisor-10] [INFO] [1777025017.212917578] [robot_1.robot_supervisor]: Selected controllable event: EV_random_walk
[robot_supervisor-16] [INFO] [1777025017.263261295] [robot_3.robot_supervisor]: Selected controllable event: EV_random_walk
[robot_supervisor-13] [INFO] [1777025017.269266735] [robot_2.robot_supervisor]: Selected controllable event: EV_rotate_clockwise
[robot_supervisor-13] [INFO] [1777025017.269617528] [robot_2.robot_supervisor]: rotate_90 blocked by recent completion; stopping this tick
[image_processor-22] [INFO] [1777025017.354977577] [robot_1.image_processor]: Zone=CLEAR
[image_processor-23] [INFO] [1777025017.367390648] [robot_2.image_processor]: Zone=CLEAR  left[p=0.864 near=0 v=7650]  front[p=0.814 near=513 v=12001]  right[p=3.122 near=0 v=5905]
[robot_supervisor-13] [INFO] [1777025017.367929229] [robot_2.robot_supervisor]: Detected zone changed to CLEAR
[robot_supervisor-13] [INFO] [1777025017.368986078] [robot_2.robot_supervisor]: Selected controllable event: EV_random_walk
[image_processor-25] [INFO] [1777025017.376037684] [robot_4.image_processor]: Zone=RIGHT  left[p=0.770 near=1791 v=7650]  front[p=1.094 near=0 v=13500]  right[p=0.689 near=2599 v=7740]
[robot_supervisor-19] [INFO] [1777025017.377629608] [robot_4.robot_supervisor]: Detected zone changed to RIGHT
[image_processor-24] [INFO] [1777025017.391337909] [robot_3.image_processor]: Zone=RIGHT  left[p=3.129 near=0 v=5613]  front[p=2.117 near=249 v=9056]  right[p=0.465 near=7740 v=7740]
[robot_supervisor-16] [INFO] [1777025017.391799438] [robot_3.robot_supervisor]: Detected zone changed to RIGHT
[image_processor-21] [INFO] [1777025017.402543828] [robot_0.image_processor]: Zone=CLEAR
[robot_supervisor-7] [INFO] [1777025017.484282448] [robot_0.robot_supervisor]: Selected controllable event: EV_move_forward
[robot_supervisor-10] [INFO] [1777025017.512938099] [robot_1.robot_supervisor]: Selected controllable event: EV_move_forward
[robot_supervisor-16] [INFO] [1777025017.563327166] [robot_3.robot_supervisor]: Selected controllable event: EV_rotate_counterclockwise
[robot_supervisor-13] [INFO] [1777025017.669209897] [robot_2.robot_supervisor]: Selected controllable event: EV_move_forward
[robot_supervisor-7] [INFO] [1777025017.783962810] [robot_0.robot_supervisor]: Selected controllable event: EV_random_walk
[robot_supervisor-10] [INFO] [1777025017.812842753] [robot_1.robot_supervisor]: Selected controllable event: EV_random_walk
[robot_supervisor-13] [INFO] [1777025017.969624300] [robot_2.robot_supervisor]: Selected controllable event: EV_random_walk
[robot_supervisor-7] [INFO] [1777025018.084522193] [robot_0.robot_supervisor]: Selected controllable event: EV_move_forward
[robot_supervisor-10] [INFO] [1777025018.112757995] [robot_1.robot_supervisor]: Selected controllable event: EV_move_forward
[robot_supervisor-13] [INFO] [1777025018.269507000] [robot_2.robot_supervisor]: Selected controllable event: EV_move_forward
[robot_supervisor-7] [INFO] [1777025018.384494563] [robot_0.robot_supervisor]: Selected controllable event: EV_random_walk
[robot_supervisor-10] [INFO] [1777025018.413028950] [robot_1.robot_supervisor]: Selected controllable event: EV_random_walk
[robot_supervisor-13] [INFO] [1777025018.569561181] [robot_2.robot_supervisor]: Selected controllable event: EV_random_walk
[robot_supervisor-7] [INFO] [1777025018.683942780] [robot_0.robot_supervisor]: Selected controllable event: EV_move_forward
[robot_supervisor-10] [INFO] [1777025018.712897053] [robot_1.robot_supervisor]: Selected controllable event: EV_move_forward
[robot_supervisor-13] [INFO] [1777025018.869407123] [robot_2.robot_supervisor]: Selected controllable event: EV_move_forward
[robot_supervisor-7] [INFO] [1777025018.983966184] [robot_0.robot_supervisor]: Selected controllable event: EV_random_walk
[robot_supervisor-10] [INFO] [1777025019.012983459] [robot_1.robot_supervisor]: Selected controllable event: EV_random_walk
[robot_supervisor-13] [INFO] [1777025019.169308617] [robot_2.robot_supervisor]: Selected controllable event: EV_random_walk
[robot_supervisor-19] [INFO] [1777025019.218139369] [robot_4.robot_supervisor]: Selected controllable event: EV_rotate_counterclockwise
[robot_supervisor-19] [INFO] [1777025019.218614409] [robot_4.robot_supervisor]: rotate_90 blocked by recent completion; stopping this tick
[robot_supervisor-7] [INFO] [1777025019.283906619] [robot_0.robot_supervisor]: Selected controllable event: EV_move_forward
[robot_supervisor-10] [INFO] [1777025019.312887172] [robot_1.robot_supervisor]: Selected controllable event: EV_move_forward
[robot_supervisor-19] [INFO] [1777025019.317860024] [robot_4.robot_supervisor]: Selected controllable event: EV_rotate_counterclockwise
[robot_supervisor-19] [INFO] [1777025019.318230531] [robot_4.robot_supervisor]: rotate_90 blocked by recent completion; stopping this tick
[robot_supervisor-19] [INFO] [1777025019.417675965] [robot_4.robot_supervisor]: Selected controllable event: EV_rotate_counterclockwise
[robot_supervisor-19] [INFO] [1777025019.417863353] [robot_4.robot_supervisor]: rotate_90 blocked by recent completion; stopping this tick
[robot_supervisor-13] [INFO] [1777025019.469580042] [robot_2.robot_supervisor]: Selected controllable event: EV_move_forward
[robot_supervisor-7] [INFO] [1777025019.484855339] [robot_0.robot_supervisor]: Selected controllable event: EV_random_walk
[robot_supervisor-19] [INFO] [1777025019.517561371] [robot_4.robot_supervisor]: Selected controllable event: EV_rotate_counterclockwise
[robot_supervisor-10] [INFO] [1777025019.613070662] [robot_1.robot_supervisor]: Selected controllable event: EV_random_walk
[robot_supervisor-16] [INFO] [1777025019.763256924] [robot_3.robot_supervisor]: Selected controllable event: EV_rotate_counterclockwise
[robot_supervisor-16] [INFO] [1777025019.763672431] [robot_3.robot_supervisor]: rotate_90 blocked by recent completion; stopping this tick
[robot_supervisor-13] [INFO] [1777025019.769311691] [robot_2.robot_supervisor]: Selected controllable event: EV_random_walk
[robot_supervisor-7] [INFO] [1777025019.783811243] [robot_0.robot_supervisor]: Selected controllable event: EV_move_forward
[image_processor-22] [INFO] [1777025019.856793362] [robot_1.image_processor]: Zone=CLEAR
[robot_supervisor-16] [INFO] [1777025019.863123405] [robot_3.robot_supervisor]: Selected controllable event: EV_rotate_counterclockwise
[robot_supervisor-16] [INFO] [1777025019.863350729] [robot_3.robot_supervisor]: rotate_90 blocked by recent completion; stopping this tick
[image_processor-23] [INFO] [1777025019.869040927] [robot_2.image_processor]: Zone=CORNER  left[p=0.406 near=7650 v=7650]  front[p=0.341 near=10823 v=12982]  right[p=2.655 near=0 v=6198]
[robot_supervisor-13] [INFO] [1777025019.869511532] [robot_2.robot_supervisor]: Detected zone changed to CORNER
[image_processor-25] [INFO] [1777025019.877612840] [robot_4.image_processor]: Zone=CORNER  left[p=0.549 near=7650 v=7650]  front[p=0.470 near=13500 v=13500]  right[p=0.425 near=7740 v=7740]
[robot_supervisor-19] [INFO] [1777025019.878664032] [robot_4.robot_supervisor]: Detected zone changed to CORNER
[image_processor-24] [INFO] [1777025019.889397977] [robot_3.image_processor]: Zone=RIGHT
[image_processor-21] [INFO] [1777025019.900904583] [robot_0.image_processor]: Zone=CLEAR
[robot_supervisor-10] [INFO] [1777025019.912782877] [robot_1.robot_supervisor]: Selected controllable event: EV_move_forward
[robot_supervisor-16] [INFO] [1777025019.963119694] [robot_3.robot_supervisor]: Selected controllable event: EV_rotate_counterclockwise
[robot_supervisor-13] [INFO] [1777025020.069326118] [robot_2.robot_supervisor]: Selected controllable event: EV_rotate_clockwise
[robot_supervisor-7] [INFO] [1777025020.084680962] [robot_0.robot_supervisor]: Selected controllable event: EV_random_walk
[robot_supervisor-10] [INFO] [1777025020.212982814] [robot_1.robot_supervisor]: Selected controllable event: EV_random_walk
[robot_supervisor-7] [INFO] [1777025020.384834768] [robot_0.robot_supervisor]: Selected controllable event: EV_move_forward
[robot_supervisor-10] [INFO] [1777025020.513050111] [robot_1.robot_supervisor]: Selected controllable event: EV_move_forward
[robot_supervisor-7] [INFO] [1777025020.683817171] [robot_0.robot_supervisor]: Selected controllable event: EV_random_walk
[robot_supervisor-10] [INFO] [1777025020.812989074] [robot_1.robot_supervisor]: Selected controllable event: EV_random_walk
[robot_supervisor-7] [INFO] [1777025020.984062085] [robot_0.robot_supervisor]: Selected controllable event: EV_move_forward
[robot_supervisor-10] [INFO] [1777025021.113085773] [robot_1.robot_supervisor]: Selected controllable event: EV_move_forward
[robot_supervisor-7] [INFO] [1777025021.284353368] [robot_0.robot_supervisor]: Selected controllable event: EV_random_walk
[robot_supervisor-10] [INFO] [1777025021.413014757] [robot_1.robot_supervisor]: Selected controllable event: EV_random_walk
[robot_supervisor-7] [INFO] [1777025021.584168219] [robot_0.robot_supervisor]: Selected controllable event: EV_move_forward
[robot_supervisor-19] [INFO] [1777025021.617872168] [robot_4.robot_supervisor]: Selected controllable event: EV_rotate_clockwise
[robot_supervisor-19] [INFO] [1777025021.618248091] [robot_4.robot_supervisor]: rotate_90 blocked by recent completion; stopping this tick
[robot_supervisor-10] [INFO] [1777025021.713060726] [robot_1.robot_supervisor]: Selected controllable event: EV_move_forward
[robot_supervisor-19] [INFO] [1777025021.717655493] [robot_4.robot_supervisor]: Selected controllable event: EV_rotate_clockwise
[robot_supervisor-19] [INFO] [1777025021.717869889] [robot_4.robot_supervisor]: rotate_90 blocked by recent completion; stopping this tick
[robot_supervisor-19] [INFO] [1777025021.818065806] [robot_4.robot_supervisor]: Selected controllable event: EV_rotate_clockwise
[robot_supervisor-19] [INFO] [1777025021.818560018] [robot_4.robot_supervisor]: rotate_90 blocked by recent completion; stopping this tick
[robot_supervisor-7] [INFO] [1777025021.884481584] [robot_0.robot_supervisor]: Selected controllable event: EV_random_walk
[robot_supervisor-19] [INFO] [1777025021.917652556] [robot_4.robot_supervisor]: Selected controllable event: EV_rotate_clockwise
[robot_supervisor-10] [INFO] [1777025022.013122377] [robot_1.robot_supervisor]: Selected controllable event: EV_random_walk
[robot_supervisor-16] [INFO] [1777025022.063075219] [robot_3.robot_supervisor]: Selected controllable event: EV_rotate_counterclockwise
[robot_supervisor-16] [INFO] [1777025022.063264023] [robot_3.robot_supervisor]: rotate_90 blocked by recent completion; stopping this tick
[robot_supervisor-16] [INFO] [1777025022.163028977] [robot_3.robot_supervisor]: Selected controllable event: EV_rotate_counterclockwise
[robot_supervisor-16] [INFO] [1777025022.163213295] [robot_3.robot_supervisor]: rotate_90 blocked by recent completion; stopping this tick
[robot_supervisor-7] [INFO] [1777025022.184013796] [robot_0.robot_supervisor]: Selected controllable event: EV_move_forward
[robot_supervisor-16] [INFO] [1777025022.263078394] [robot_3.robot_supervisor]: Selected controllable event: EV_rotate_counterclockwise
[robot_supervisor-16] [INFO] [1777025022.263343173] [robot_3.robot_supervisor]: rotate_90 blocked by recent completion; stopping this tick
[robot_supervisor-13] [INFO] [1777025022.269327209] [robot_2.robot_supervisor]: Selected controllable event: EV_rotate_clockwise
[robot_supervisor-13] [INFO] [1777025022.269696814] [robot_2.robot_supervisor]: rotate_90 blocked by recent completion; stopping this tick
[robot_supervisor-10] [INFO] [1777025022.312907566] [robot_1.robot_supervisor]: Selected controllable event: EV_move_forward
[image_processor-22] [INFO] [1777025022.356210841] [robot_1.image_processor]: Zone=CLEAR
[robot_supervisor-16] [INFO] [1777025022.363124622] [robot_3.robot_supervisor]: Selected controllable event: EV_rotate_counterclockwise
[robot_supervisor-13] [INFO] [1777025022.369586747] [robot_2.robot_supervisor]: Selected controllable event: EV_rotate_clockwise
[robot_supervisor-13] [INFO] [1777025022.370062731] [robot_2.robot_supervisor]: rotate_90 blocked by recent completion; stopping this tick
[image_processor-23] [INFO] [1777025022.373584465] [robot_2.image_processor]: Zone=CLEAR  left[p=3.122 near=0 v=5796]  front[p=2.368 near=0 v=7920]  right[p=2.925 near=0 v=5888]
[robot_supervisor-13] [INFO] [1777025022.374209424] [robot_2.robot_supervisor]: Detected zone changed to CLEAR
[image_processor-25] [INFO] [1777025022.380677153] [robot_4.image_processor]: Zone=RIGHT  left[p=0.800 near=780 v=7650]  front[p=1.153 near=0 v=13500]  right[p=0.569 near=5245 v=7740]
[robot_supervisor-19] [INFO] [1777025022.381411876] [robot_4.robot_supervisor]: Detected zone changed to RIGHT
[image_processor-24] [INFO] [1777025022.389840281] [robot_3.image_processor]: Zone=CLEAR  left[p=1.534 near=0 v=7650]  front[p=1.740 near=0 v=13500]  right[p=2.214 near=0 v=7740]
[robot_supervisor-16] [INFO] [1777025022.390453225] [robot_3.robot_supervisor]: Detected zone changed to CLEAR
[image_processor-21] [INFO] [1777025022.400004646] [robot_0.image_processor]: Zone=CLEAR
[robot_supervisor-13] [INFO] [1777025022.469376877] [robot_2.robot_supervisor]: Selected controllable event: EV_random_walk
[robot_supervisor-7] [INFO] [1777025022.484388675] [robot_0.robot_supervisor]: Selected controllable event: EV_random_walk
[robot_supervisor-10] [INFO] [1777025022.613080314] [robot_1.robot_supervisor]: Selected controllable event: EV_random_walk
[robot_supervisor-13] [INFO] [1777025022.769523619] [robot_2.robot_supervisor]: Selected controllable event: EV_move_forward
[robot_supervisor-7] [INFO] [1777025022.783914330] [robot_0.robot_supervisor]: Selected controllable event: EV_move_forward
[robot_supervisor-10] [INFO] [1777025022.912745552] [robot_1.robot_supervisor]: Selected controllable event: EV_move_forward
[robot_supervisor-13] [INFO] [1777025023.069328391] [robot_2.robot_supervisor]: Selected controllable event: EV_random_walk
[robot_supervisor-7] [INFO] [1777025023.084059222] [robot_0.robot_supervisor]: Selected controllable event: EV_random_walk
[robot_supervisor-10] [INFO] [1777025023.212923266] [robot_1.robot_supervisor]: Selected controllable event: EV_random_walk
[robot_supervisor-13] [INFO] [1777025023.369437380] [robot_2.robot_supervisor]: Selected controllable event: EV_move_forward
[robot_supervisor-7] [INFO] [1777025023.384324346] [robot_0.robot_supervisor]: Selected controllable event: EV_move_forward
[robot_supervisor-10] [INFO] [1777025023.513044390] [robot_1.robot_supervisor]: Selected controllable event: EV_move_forward
[robot_supervisor-13] [INFO] [1777025023.669342259] [robot_2.robot_supervisor]: Selected controllable event: EV_random_walk
[robot_supervisor-7] [INFO] [1777025023.684003345] [robot_0.robot_supervisor]: Selected controllable event: EV_random_walk
[robot_supervisor-10] [INFO] [1777025023.813065906] [robot_1.robot_supervisor]: Selected controllable event: EV_random_walk
[robot_supervisor-13] [INFO] [1777025023.969447634] [robot_2.robot_supervisor]: Selected controllable event: EV_move_forward
[robot_supervisor-7] [INFO] [1777025023.983888678] [robot_0.robot_supervisor]: Selected controllable event: EV_move_forward
[robot_supervisor-19] [INFO] [1777025024.018088652] [robot_4.robot_supervisor]: Selected controllable event: EV_rotate_counterclockwise
[robot_supervisor-19] [INFO] [1777025024.018630313] [robot_4.robot_supervisor]: rotate_90 blocked by recent completion; stopping this tick
[robot_supervisor-10] [INFO] [1777025024.112831148] [robot_1.robot_supervisor]: Selected controllable event: EV_move_forward
[robot_supervisor-19] [INFO] [1777025024.118098523] [robot_4.robot_supervisor]: Selected controllable event: EV_rotate_counterclockwise
[robot_supervisor-19] [INFO] [1777025024.118588838] [robot_4.robot_supervisor]: rotate_90 blocked by recent completion; stopping this tick
[robot_supervisor-19] [INFO] [1777025024.217595555] [robot_4.robot_supervisor]: Selected controllable event: EV_rotate_counterclockwise
[robot_supervisor-19] [INFO] [1777025024.217764514] [robot_4.robot_supervisor]: rotate_90 blocked by recent completion; stopping this tick
[robot_supervisor-13] [INFO] [1777025024.269538335] [robot_2.robot_supervisor]: Selected controllable event: EV_random_walk
[robot_supervisor-7] [INFO] [1777025024.283930652] [robot_0.robot_supervisor]: Selected controllable event: EV_random_walk
[robot_supervisor-19] [INFO] [1777025024.317847381] [robot_4.robot_supervisor]: Selected controllable event: EV_rotate_counterclockwise
[robot_supervisor-10] [INFO] [1777025024.413031597] [robot_1.robot_supervisor]: Selected controllable event: EV_random_walk
[robot_supervisor-16] [INFO] [1777025024.463082929] [robot_3.robot_supervisor]: Selected controllable event: EV_random_walk
[robot_supervisor-13] [INFO] [1777025024.569345019] [robot_2.robot_supervisor]: Selected controllable event: EV_move_forward
[robot_supervisor-7] [INFO] [1777025024.584350829] [robot_0.robot_supervisor]: Selected controllable event: EV_move_forward
[robot_supervisor-10] [INFO] [1777025024.713032546] [robot_1.robot_supervisor]: Selected controllable event: EV_move_forward
[robot_supervisor-16] [INFO] [1777025024.763383896] [robot_3.robot_supervisor]: Selected controllable event: EV_move_forward
[image_processor-22] [INFO] [1777025024.854001653] [robot_1.image_processor]: Zone=CLEAR
[robot_supervisor-13] [INFO] [1777025024.869239767] [robot_2.robot_supervisor]: Selected controllable event: EV_random_walk
[image_processor-23] [INFO] [1777025024.870551409] [robot_2.image_processor]: Zone=CLEAR
[image_processor-25] [INFO] [1777025024.878343468] [robot_4.image_processor]: Zone=CORNER  left[p=0.660 near=5991 v=7650]  front[p=0.472 near=13500 v=13500]  right[p=0.396 near=7740 v=7740]
[robot_supervisor-19] [INFO] [1777025024.879328983] [robot_4.robot_supervisor]: Detected zone changed to CORNER
[robot_supervisor-7] [INFO] [1777025024.883800058] [robot_0.robot_supervisor]: Selected controllable event: EV_random_walk
[image_processor-24] [INFO] [1777025024.890749966] [robot_3.image_processor]: Zone=CORNER  left[p=0.325 near=7650 v=7650]  front[p=0.443 near=6372 v=13500]  right[p=2.217 near=0 v=7740]
[robot_supervisor-16] [INFO] [1777025024.891325351] [robot_3.robot_supervisor]: Detected zone changed to CORNER
[image_processor-21] [INFO] [1777025024.899904450] [robot_0.image_processor]: Zone=CLEAR
[robot_supervisor-10] [INFO] [1777025025.013134709] [robot_1.robot_supervisor]: Selected controllable event: EV_random_walk
[robot_supervisor-16] [INFO] [1777025025.063305384] [robot_3.robot_supervisor]: Selected controllable event: EV_rotate_clockwise
[robot_supervisor-13] [INFO] [1777025025.169529867] [robot_2.robot_supervisor]: Selected controllable event: EV_move_forward
[robot_supervisor-7] [INFO] [1777025025.184190956] [robot_0.robot_supervisor]: Selected controllable event: EV_move_forward
[robot_supervisor-10] [INFO] [1777025025.312936515] [robot_1.robot_supervisor]: Selected controllable event: EV_move_forward
[robot_supervisor-13] [INFO] [1777025025.469436746] [robot_2.robot_supervisor]: Selected controllable event: EV_random_walk
[robot_supervisor-7] [INFO] [1777025025.484621899] [robot_0.robot_supervisor]: Selected controllable event: EV_random_walk
[robot_supervisor-10] [INFO] [1777025025.613036834] [robot_1.robot_supervisor]: Selected controllable event: EV_random_walk
[robot_supervisor-13] [INFO] [1777025025.769568773] [robot_2.robot_supervisor]: Selected controllable event: EV_move_forward
[robot_supervisor-7] [INFO] [1777025025.783917825] [robot_0.robot_supervisor]: Selected controllable event: EV_move_forward
[robot_supervisor-10] [INFO] [1777025025.912937054] [robot_1.robot_supervisor]: Selected controllable event: EV_move_forward
[robot_supervisor-13] [INFO] [1777025026.069529185] [robot_2.robot_supervisor]: Selected controllable event: EV_random_walk
[robot_supervisor-7] [INFO] [1777025026.083944134] [robot_0.robot_supervisor]: Selected controllable event: EV_random_walk
[robot_supervisor-10] [INFO] [1777025026.212973202] [robot_1.robot_supervisor]: Selected controllable event: EV_random_walk
[robot_supervisor-7] [INFO] [1777025026.284835016] [robot_0.robot_supervisor]: Selected controllable event: EV_move_forward
[robot_supervisor-13] [INFO] [1777025026.369398729] [robot_2.robot_supervisor]: Selected controllable event: EV_move_forward
[robot_supervisor-19] [INFO] [1777025026.417888457] [robot_4.robot_supervisor]: Selected controllable event: EV_rotate_clockwise
[robot_supervisor-19] [INFO] [1777025026.418176752] [robot_4.robot_supervisor]: rotate_90 blocked by recent completion; stopping this tick
[robot_supervisor-10] [INFO] [1777025026.513023621] [robot_1.robot_supervisor]: Selected controllable event: EV_move_forward
[robot_supervisor-19] [INFO] [1777025026.518072576] [robot_4.robot_supervisor]: Selected controllable event: EV_rotate_clockwise
[robot_supervisor-19] [INFO] [1777025026.518572670] [robot_4.robot_supervisor]: rotate_90 blocked by recent completion; stopping this tick
[robot_supervisor-7] [INFO] [1777025026.584506424] [robot_0.robot_supervisor]: Selected controllable event: EV_random_walk
[robot_supervisor-19] [INFO] [1777025026.617845175] [robot_4.robot_supervisor]: Selected controllable event: EV_rotate_clockwise
[robot_supervisor-19] [INFO] [1777025026.618222693] [robot_4.robot_supervisor]: rotate_90 blocked by recent completion; stopping this tick
[robot_supervisor-13] [INFO] [1777025026.669309999] [robot_2.robot_supervisor]: Selected controllable event: EV_random_walk
[robot_supervisor-19] [INFO] [1777025026.717864110] [robot_4.robot_supervisor]: Selected controllable event: EV_rotate_clockwise
[robot_supervisor-10] [INFO] [1777025026.812966710] [robot_1.robot_supervisor]: Selected controllable event: EV_random_walk
[robot_supervisor-7] [INFO] [1777025026.883817770] [robot_0.robot_supervisor]: Selected controllable event: EV_move_forward
[robot_supervisor-13] [INFO] [1777025026.969367671] [robot_2.robot_supervisor]: Selected controllable event: EV_move_forward
[robot_supervisor-10] [INFO] [1777025027.112973118] [robot_1.robot_supervisor]: Selected controllable event: EV_move_forward
[robot_supervisor-7] [INFO] [1777025027.184437364] [robot_0.robot_supervisor]: Selected controllable event: EV_random_walk
[robot_supervisor-16] [INFO] [1777025027.263304202] [robot_3.robot_supervisor]: Selected controllable event: EV_rotate_clockwise
[robot_supervisor-16] [INFO] [1777025027.263671523] [robot_3.robot_supervisor]: rotate_90 blocked by recent completion; stopping this tick
[robot_supervisor-13] [INFO] [1777025027.269234465] [robot_2.robot_supervisor]: Selected controllable event: EV_random_walk
[image_processor-22] [INFO] [1777025027.356721086] [robot_1.image_processor]: Zone=CLEAR
[robot_supervisor-16] [INFO] [1777025027.363405506] [robot_3.robot_supervisor]: Selected controllable event: EV_rotate_clockwise
[robot_supervisor-16] [INFO] [1777025027.363792257] [robot_3.robot_supervisor]: rotate_90 blocked by recent completion; stopping this tick
[image_processor-25] [INFO] [1777025027.383383768] [robot_4.image_processor]: Zone=RIGHT  left[p=0.862 near=0 v=7650]  front[p=0.884 near=300 v=13500]  right[p=0.485 near=7740 v=7740]
[robot_supervisor-19] [INFO] [1777025027.384134944] [robot_4.robot_supervisor]: Detected zone changed to RIGHT
[image_processor-24] [INFO] [1777025027.391572391] [robot_3.image_processor]: Zone=CLEAR  left[p=1.530 near=0 v=7650]  front[p=1.656 near=0 v=13500]  right[p=2.282 near=0 v=7740]
[robot_supervisor-16] [INFO] [1777025027.392161999] [robot_3.robot_supervisor]: Detected zone changed to CLEAR
[image_processor-21] [INFO] [1777025027.399306880] [robot_0.image_processor]: Zone=CLEAR
[robot_supervisor-10] [INFO] [1777025027.413090419] [robot_1.robot_supervisor]: Selected controllable event: EV_random_walk
[robot_supervisor-16] [INFO] [1777025027.463288736] [robot_3.robot_supervisor]: Selected controllable event: EV_random_walk
[image_processor-23] [INFO] [1777025027.476014048] [robot_2.image_processor]: Zone=CLEAR
[robot_supervisor-7] [INFO] [1777025027.483895345] [robot_0.robot_supervisor]: Selected controllable event: EV_move_forward
[robot_supervisor-13] [INFO] [1777025027.569270620] [robot_2.robot_supervisor]: Selected controllable event: EV_move_forward
[robot_supervisor-10] [INFO] [1777025027.712902351] [robot_1.robot_supervisor]: Selected controllable event: EV_move_forward
[robot_supervisor-16] [INFO] [1777025027.763265393] [robot_3.robot_supervisor]: Selected controllable event: EV_move_forward
[robot_supervisor-7] [INFO] [1777025027.784535800] [robot_0.robot_supervisor]: Selected controllable event: EV_random_walk
[robot_supervisor-13] [INFO] [1777025027.869150107] [robot_2.robot_supervisor]: Selected controllable event: EV_random_walk
[robot_supervisor-10] [INFO] [1777025028.013337192] [robot_1.robot_supervisor]: Selected controllable event: EV_random_walk
[robot_supervisor-16] [INFO] [1777025028.063274785] [robot_3.robot_supervisor]: Selected controllable event: EV_random_walk
[robot_supervisor-7] [INFO] [1777025028.083810891] [robot_0.robot_supervisor]: Selected controllable event: EV_move_forward
[robot_supervisor-13] [INFO] [1777025028.169290722] [robot_2.robot_supervisor]: Selected controllable event: EV_move_forward
[robot_supervisor-10] [INFO] [1777025028.312977798] [robot_1.robot_supervisor]: Selected controllable event: EV_move_forward
[robot_supervisor-16] [INFO] [1777025028.363452827] [robot_3.robot_supervisor]: Selected controllable event: EV_move_forward
[robot_supervisor-7] [INFO] [1777025028.385037398] [robot_0.robot_supervisor]: Selected controllable event: EV_random_walk
[robot_supervisor-13] [INFO] [1777025028.469377832] [robot_2.robot_supervisor]: Selected controllable event: EV_random_walk
[robot_supervisor-10] [INFO] [1777025028.612942289] [robot_1.robot_supervisor]: Selected controllable event: EV_random_walk
[robot_supervisor-16] [INFO] [1777025028.663258576] [robot_3.robot_supervisor]: Selected controllable event: EV_random_walk
[robot_supervisor-7] [INFO] [1777025028.684365424] [robot_0.robot_supervisor]: Selected controllable event: EV_move_forward
[robot_supervisor-13] [INFO] [1777025028.769524473] [robot_2.robot_supervisor]: Selected controllable event: EV_move_forward
[robot_supervisor-10] [INFO] [1777025028.912967923] [robot_1.robot_supervisor]: Selected controllable event: EV_move_forward
[robot_supervisor-19] [INFO] [1777025028.918122926] [robot_4.robot_supervisor]: Selected controllable event: EV_rotate_counterclockwise
[robot_supervisor-19] [INFO] [1777025028.918582292] [robot_4.robot_supervisor]: rotate_90 blocked by recent completion; stopping this tick
[robot_supervisor-16] [INFO] [1777025028.963369573] [robot_3.robot_supervisor]: Selected controllable event: EV_move_forward
[robot_supervisor-7] [INFO] [1777025028.984063909] [robot_0.robot_supervisor]: Selected controllable event: EV_random_walk
[robot_supervisor-19] [INFO] [1777025029.017729549] [robot_4.robot_supervisor]: Selected controllable event: EV_rotate_counterclockwise
[robot_supervisor-19] [INFO] [1777025029.017996066] [robot_4.robot_supervisor]: rotate_90 blocked by recent completion; stopping this tick
[robot_supervisor-13] [INFO] [1777025029.069311405] [robot_2.robot_supervisor]: Selected controllable event: EV_random_walk
[robot_supervisor-19] [INFO] [1777025029.118056810] [robot_4.robot_supervisor]: Selected controllable event: EV_rotate_counterclockwise
[robot_supervisor-10] [INFO] [1777025029.212924114] [robot_1.robot_supervisor]: Selected controllable event: EV_random_walk
[robot_supervisor-16] [INFO] [1777025029.263358298] [robot_3.robot_supervisor]: Selected controllable event: EV_random_walk
[robot_supervisor-7] [INFO] [1777025029.283898621] [robot_0.robot_supervisor]: Selected controllable event: EV_move_forward
[robot_supervisor-13] [INFO] [1777025029.369249686] [robot_2.robot_supervisor]: Selected controllable event: EV_move_forward
[robot_supervisor-10] [INFO] [1777025029.513302571] [robot_1.robot_supervisor]: Selected controllable event: EV_move_forward
[robot_supervisor-16] [INFO] [1777025029.563273034] [robot_3.robot_supervisor]: Selected controllable event: EV_move_forward
[robot_supervisor-7] [INFO] [1777025029.583933680] [robot_0.robot_supervisor]: Selected controllable event: EV_random_walk
[robot_supervisor-13] [INFO] [1777025029.669317946] [robot_2.robot_supervisor]: Selected controllable event: EV_random_walk
[robot_supervisor-10] [INFO] [1777025029.813108061] [robot_1.robot_supervisor]: Selected controllable event: EV_random_walk
[image_processor-22] [INFO] [1777025029.851081035] [robot_1.image_processor]: Zone=CLEAR
[robot_supervisor-16] [INFO] [1777025029.863371128] [robot_3.robot_supervisor]: Selected controllable event: EV_random_walk
[image_processor-23] [INFO] [1777025029.866413142] [robot_2.image_processor]: Zone=CLEAR
[image_processor-25] [INFO] [1777025029.874553609] [robot_4.image_processor]: Zone=CORNER  left[p=0.856 near=126 v=7650]  front[p=0.490 near=12864 v=13500]  right[p=0.383 near=7740 v=7740]
[robot_supervisor-19] [INFO] [1777025029.875602685] [robot_4.robot_supervisor]: Detected zone changed to CORNER
[image_processor-24] [INFO] [1777025029.882761187] [robot_3.image_processor]: Zone=CLEAR
[robot_supervisor-7] [INFO] [1777025029.884057955] [robot_0.robot_supervisor]: Selected controllable event: EV_move_forward
[robot_supervisor-13] [INFO] [1777025029.969139051] [robot_2.robot_supervisor]: Selected controllable event: EV_move_forward
[image_processor-21] [INFO] [1777025029.992486470] [robot_0.image_processor]: Zone=CLEAR
[robot_supervisor-10] [INFO] [1777025030.112889677] [robot_1.robot_supervisor]: Selected controllable event: EV_move_forward
[robot_supervisor-16] [INFO] [1777025030.163280465] [robot_3.robot_supervisor]: Selected controllable event: EV_move_forward
[robot_supervisor-7] [INFO] [1777025030.183803091] [robot_0.robot_supervisor]: Selected controllable event: EV_random_walk
[robot_supervisor-13] [INFO] [1777025030.269299730] [robot_2.robot_supervisor]: Selected controllable event: EV_random_walk
[robot_supervisor-10] [INFO] [1777025030.413016719] [robot_1.robot_supervisor]: Selected controllable event: EV_random_walk
[robot_supervisor-16] [INFO] [1777025030.463339628] [robot_3.robot_supervisor]: Selected controllable event: EV_random_walk
[robot_supervisor-7] [INFO] [1777025030.483998110] [robot_0.robot_supervisor]: Selected controllable event: EV_move_forward
[robot_supervisor-13] [INFO] [1777025030.569296094] [robot_2.robot_supervisor]: Selected controllable event: EV_move_forward
[robot_supervisor-10] [INFO] [1777025030.712945140] [robot_1.robot_supervisor]: Selected controllable event: EV_move_forward
[robot_supervisor-16] [INFO] [1777025030.763113755] [robot_3.robot_supervisor]: Selected controllable event: EV_move_forward
[robot_supervisor-7] [INFO] [1777025030.783684851] [robot_0.robot_supervisor]: Selected controllable event: EV_random_walk
[robot_supervisor-13] [INFO] [1777025030.869168630] [robot_2.robot_supervisor]: Selected controllable event: EV_random_walk
[robot_supervisor-10] [INFO] [1777025031.012934583] [robot_1.robot_supervisor]: Selected controllable event: EV_random_walk
[robot_supervisor-16] [INFO] [1777025031.063197912] [robot_3.robot_supervisor]: Selected controllable event: EV_random_walk
[robot_supervisor-7] [INFO] [1777025031.083841209] [robot_0.robot_supervisor]: Selected controllable event: EV_move_forward
[robot_supervisor-13] [INFO] [1777025031.169338598] [robot_2.robot_supervisor]: Selected controllable event: EV_move_forward
[robot_supervisor-10] [INFO] [1777025031.312919604] [robot_1.robot_supervisor]: Selected controllable event: EV_move_forward
[robot_supervisor-19] [INFO] [1777025031.317588653] [robot_4.robot_supervisor]: Selected controllable event: EV_rotate_clockwise
[robot_supervisor-19] [INFO] [1777025031.317755904] [robot_4.robot_supervisor]: rotate_90 blocked by recent completion; stopping this tick
[robot_supervisor-16] [INFO] [1777025031.363049423] [robot_3.robot_supervisor]: Selected controllable event: EV_move_forward
[robot_supervisor-7] [INFO] [1777025031.383918899] [robot_0.robot_supervisor]: Selected controllable event: EV_random_walk
[robot_supervisor-19] [INFO] [1777025031.418041042] [robot_4.robot_supervisor]: Selected controllable event: EV_rotate_clockwise
[robot_supervisor-19] [INFO] [1777025031.418240652] [robot_4.robot_supervisor]: rotate_90 blocked by recent completion; stopping this tick
[robot_supervisor-13] [INFO] [1777025031.469359563] [robot_2.robot_supervisor]: Selected controllable event: EV_random_walk
[robot_supervisor-19] [INFO] [1777025031.517545036] [robot_4.robot_supervisor]: Selected controllable event: EV_rotate_clockwise
[robot_supervisor-10] [INFO] [1777025031.612939224] [robot_1.robot_supervisor]: Selected controllable event: EV_random_walk
[robot_supervisor-16] [INFO] [1777025031.663009006] [robot_3.robot_supervisor]: Selected controllable event: EV_random_walk
[robot_supervisor-7] [INFO] [1777025031.683767106] [robot_0.robot_supervisor]: Selected controllable event: EV_move_forward
[robot_supervisor-13] [INFO] [1777025031.769323326] [robot_2.robot_supervisor]: Selected controllable event: EV_move_forward
[robot_supervisor-10] [INFO] [1777025031.912988458] [robot_1.robot_supervisor]: Selected controllable event: EV_move_forward
[robot_supervisor-16] [INFO] [1777025031.963133409] [robot_3.robot_supervisor]: Selected controllable event: EV_move_forward
[robot_supervisor-7] [INFO] [1777025031.983984807] [robot_0.robot_supervisor]: Selected controllable event: EV_random_walk
[robot_supervisor-13] [INFO] [1777025032.069310478] [robot_2.robot_supervisor]: Selected controllable event: EV_random_walk
[robot_supervisor-10] [INFO] [1777025032.212923922] [robot_1.robot_supervisor]: Selected controllable event: EV_random_walk
[robot_supervisor-16] [INFO] [1777025032.263009944] [robot_3.robot_supervisor]: Selected controllable event: EV_random_walk
[robot_supervisor-7] [INFO] [1777025032.283727466] [robot_0.robot_supervisor]: Selected controllable event: EV_move_forward
[image_processor-22] [INFO] [1777025032.350367715] [robot_1.image_processor]: Zone=CLEAR
[image_processor-23] [INFO] [1777025032.365464765] [robot_2.image_processor]: Zone=CLEAR
[robot_supervisor-13] [INFO] [1777025032.369189539] [robot_2.robot_supervisor]: Selected controllable event: EV_move_forward
[image_processor-25] [INFO] [1777025032.374271672] [robot_4.image_processor]: Zone=CORNER
[image_processor-24] [INFO] [1777025032.382199350] [robot_3.image_processor]: Zone=CLEAR
[image_processor-21] [INFO] [1777025032.390937406] [robot_0.image_processor]: Zone=LEFT  left[p=0.575 near=7650 v=7650]  front[p=0.643 near=13232 v=13500]  right[p=0.773 near=2021 v=7740]
[robot_supervisor-7] [INFO] [1777025032.391601803] [robot_0.robot_supervisor]: Detected zone changed to LEFT
[robot_supervisor-10] [INFO] [1777025032.512774954] [robot_1.robot_supervisor]: Selected controllable event: EV_move_forward
[robot_supervisor-16] [INFO] [1777025032.563413623] [robot_3.robot_supervisor]: Selected controllable event: EV_move_forward
[robot_supervisor-7] [INFO] [1777025032.584251828] [robot_0.robot_supervisor]: Selected controllable event: EV_rotate_clockwise
[robot_supervisor-13] [INFO] [1777025032.669302726] [robot_2.robot_supervisor]: Selected controllable event: EV_random_walk
[robot_supervisor-10] [INFO] [1777025032.813002426] [robot_1.robot_supervisor]: Selected controllable event: EV_random_walk
[robot_supervisor-16] [INFO] [1777025032.863088775] [robot_3.robot_supervisor]: Selected controllable event: EV_random_walk
[robot_supervisor-13] [INFO] [1777025032.969385961] [robot_2.robot_supervisor]: Selected controllable event: EV_move_forward
[robot_supervisor-10] [INFO] [1777025033.112913050] [robot_1.robot_supervisor]: Selected controllable event: EV_move_forward
[robot_supervisor-16] [INFO] [1777025033.163315885] [robot_3.robot_supervisor]: Selected controllable event: EV_move_forward
[robot_supervisor-13] [INFO] [1777025033.269324971] [robot_2.robot_supervisor]: Selected controllable event: EV_random_walk
[robot_supervisor-10] [INFO] [1777025033.413041064] [robot_1.robot_supervisor]: Selected controllable event: EV_random_walk
[robot_supervisor-16] [INFO] [1777025033.463345071] [robot_3.robot_supervisor]: Selected controllable event: EV_random_walk
[robot_supervisor-13] [INFO] [1777025033.569319703] [robot_2.robot_supervisor]: Selected controllable event: EV_move_forward
[robot_supervisor-19] [INFO] [1777025033.618082420] [robot_4.robot_supervisor]: Selected controllable event: EV_rotate_clockwise
[robot_supervisor-19] [INFO] [1777025033.618582433] [robot_4.robot_supervisor]: rotate_90 blocked by recent completion; stopping this tick
[robot_supervisor-10] [INFO] [1777025033.712924745] [robot_1.robot_supervisor]: Selected controllable event: EV_move_forward
[robot_supervisor-19] [INFO] [1777025033.717849237] [robot_4.robot_supervisor]: Selected controllable event: EV_rotate_clockwise
[robot_supervisor-19] [INFO] [1777025033.718204108] [robot_4.robot_supervisor]: rotate_90 blocked by recent completion; stopping this tick
[robot_supervisor-16] [INFO] [1777025033.763247668] [robot_3.robot_supervisor]: Selected controllable event: EV_move_forward
[robot_supervisor-19] [INFO] [1777025033.818112777] [robot_4.robot_supervisor]: Selected controllable event: EV_rotate_clockwise
[robot_supervisor-19] [INFO] [1777025033.818592909] [robot_4.robot_supervisor]: rotate_90 blocked by recent completion; stopping this tick
[robot_supervisor-13] [INFO] [1777025033.869684504] [robot_2.robot_supervisor]: Selected controllable event: EV_random_walk
[robot_supervisor-19] [INFO] [1777025033.918109779] [robot_4.robot_supervisor]: Selected controllable event: EV_rotate_clockwise
[robot_supervisor-10] [INFO] [1777025034.012968896] [robot_1.robot_supervisor]: Selected controllable event: EV_random_walk
[robot_supervisor-16] [INFO] [1777025034.063274678] [robot_3.robot_supervisor]: Selected controllable event: EV_random_walk
[robot_supervisor-13] [INFO] [1777025034.169600849] [robot_2.robot_supervisor]: Selected controllable event: EV_move_forward
[robot_supervisor-10] [INFO] [1777025034.312910251] [robot_1.robot_supervisor]: Selected controllable event: EV_move_forward
[robot_supervisor-16] [INFO] [1777025034.363290925] [robot_3.robot_supervisor]: Selected controllable event: EV_move_forward
[robot_supervisor-13] [INFO] [1777025034.469366055] [robot_2.robot_supervisor]: Selected controllable event: EV_random_walk
[robot_supervisor-10] [INFO] [1777025034.612960333] [robot_1.robot_supervisor]: Selected controllable event: EV_random_walk
[robot_supervisor-16] [INFO] [1777025034.663272495] [robot_3.robot_supervisor]: Selected controllable event: EV_random_walk
[robot_supervisor-13] [INFO] [1777025034.769256204] [robot_2.robot_supervisor]: Selected controllable event: EV_move_forward
[robot_supervisor-7] [INFO] [1777025034.784645371] [robot_0.robot_supervisor]: Selected controllable event: EV_rotate_clockwise
[robot_supervisor-7] [INFO] [1777025034.784954877] [robot_0.robot_supervisor]: rotate_90 blocked by recent completion; stopping this tick
[image_processor-22] [INFO] [1777025034.848026661] [robot_1.image_processor]: Zone=CLEAR
[image_processor-23] [INFO] [1777025034.861274221] [robot_2.image_processor]: Zone=CLEAR
[image_processor-25] [INFO] [1777025034.869928865] [robot_4.image_processor]: Zone=CORNER
[image_processor-24] [INFO] [1777025034.877415771] [robot_3.image_processor]: Zone=CORNER  left[p=0.310 near=7650 v=7650]  front[p=0.421 near=12246 v=13500]  right[p=1.170 near=0 v=7740]
[robot_supervisor-16] [INFO] [1777025034.878279091] [robot_3.robot_supervisor]: Detected zone changed to CORNER
[robot_supervisor-7] [INFO] [1777025034.884119929] [robot_0.robot_supervisor]: Selected controllable event: EV_rotate_clockwise
[robot_supervisor-7] [INFO] [1777025034.884532645] [robot_0.robot_supervisor]: rotate_90 blocked by recent completion; stopping this tick
[image_processor-21] [INFO] [1777025034.886563590] [robot_0.image_processor]: Zone=LEFT
[robot_supervisor-10] [INFO] [1777025034.912986280] [robot_1.robot_supervisor]: Selected controllable event: EV_move_forward
[robot_supervisor-16] [INFO] [1777025034.963484957] [robot_3.robot_supervisor]: Selected controllable event: EV_rotate_clockwise
[robot_supervisor-7] [INFO] [1777025034.984073291] [robot_0.robot_supervisor]: Selected controllable event: EV_rotate_clockwise
[robot_supervisor-13] [INFO] [1777025035.069141784] [robot_2.robot_supervisor]: Selected controllable event: EV_random_walk
[robot_supervisor-10] [INFO] [1777025035.212973320] [robot_1.robot_supervisor]: Selected controllable event: EV_random_walk
[robot_supervisor-13] [INFO] [1777025035.369602051] [robot_2.robot_supervisor]: Selected controllable event: EV_move_forward
[robot_supervisor-10] [INFO] [1777025035.513065390] [robot_1.robot_supervisor]: Selected controllable event: EV_move_forward
[robot_supervisor-13] [INFO] [1777025035.669196398] [robot_2.robot_supervisor]: Selected controllable event: EV_random_walk
[robot_supervisor-10] [INFO] [1777025035.812935635] [robot_1.robot_supervisor]: Selected controllable event: EV_random_walk
[robot_supervisor-13] [INFO] [1777025035.969365664] [robot_2.robot_supervisor]: Selected controllable event: EV_move_forward
[robot_supervisor-10] [INFO] [1777025036.113182250] [robot_1.robot_supervisor]: Selected controllable event: EV_move_forward
[robot_supervisor-19] [INFO] [1777025036.117654559] [robot_4.robot_supervisor]: Selected controllable event: EV_rotate_clockwise
[robot_supervisor-19] [INFO] [1777025036.117867764] [robot_4.robot_supervisor]: rotate_90 blocked by recent completion; stopping this tick
[robot_supervisor-19] [INFO] [1777025036.217843229] [robot_4.robot_supervisor]: Selected controllable event: EV_rotate_clockwise
[robot_supervisor-19] [INFO] [1777025036.218221460] [robot_4.robot_supervisor]: rotate_90 blocked by recent completion; stopping this tick
[robot_supervisor-13] [INFO] [1777025036.269310546] [robot_2.robot_supervisor]: Selected controllable event: EV_random_walk
[robot_supervisor-19] [INFO] [1777025036.317846420] [robot_4.robot_supervisor]: Selected controllable event: EV_rotate_clockwise
[robot_supervisor-10] [INFO] [1777025036.413025166] [robot_1.robot_supervisor]: Selected controllable event: EV_random_walk
[robot_supervisor-13] [INFO] [1777025036.569282983] [robot_2.robot_supervisor]: Selected controllable event: EV_move_forward
[robot_supervisor-10] [INFO] [1777025036.712952758] [robot_1.robot_supervisor]: Selected controllable event: EV_move_forward
[robot_supervisor-13] [INFO] [1777025036.869419969] [robot_2.robot_supervisor]: Selected controllable event: EV_random_walk
[robot_supervisor-10] [INFO] [1777025037.013050262] [robot_1.robot_supervisor]: Selected controllable event: EV_random_walk
[robot_supervisor-7] [INFO] [1777025037.084052979] [robot_0.robot_supervisor]: Selected controllable event: EV_rotate_clockwise
[robot_supervisor-7] [INFO] [1777025037.084425258] [robot_0.robot_supervisor]: rotate_90 blocked by recent completion; stopping this tick
[robot_supervisor-13] [INFO] [1777025037.169614195] [robot_2.robot_supervisor]: Selected controllable event: EV_move_forward
[robot_supervisor-7] [INFO] [1777025037.183829533] [robot_0.robot_supervisor]: Selected controllable event: EV_rotate_clockwise
[robot_supervisor-7] [INFO] [1777025037.184093668] [robot_0.robot_supervisor]: rotate_90 blocked by recent completion; stopping this tick
[robot_supervisor-16] [INFO] [1777025037.263270945] [robot_3.robot_supervisor]: Selected controllable event: EV_rotate_clockwise
[robot_supervisor-16] [INFO] [1777025037.263654533] [robot_3.robot_supervisor]: rotate_90 blocked by recent completion; stopping this tick
[robot_supervisor-7] [INFO] [1777025037.284013472] [robot_0.robot_supervisor]: Selected controllable event: EV_rotate_clockwise
[robot_supervisor-7] [INFO] [1777025037.284370559] [robot_0.robot_supervisor]: rotate_90 blocked by recent completion; stopping this tick
[robot_supervisor-10] [INFO] [1777025037.312948356] [robot_1.robot_supervisor]: Selected controllable event: EV_move_forward
[image_processor-22] [INFO] [1777025037.347451553] [robot_1.image_processor]: Zone=CLEAR
[image_processor-23] [INFO] [1777025037.361144398] [robot_2.image_processor]: Zone=CLEAR
[robot_supervisor-16] [INFO] [1777025037.364362270] [robot_3.robot_supervisor]: Selected controllable event: EV_rotate_clockwise
[robot_supervisor-16] [INFO] [1777025037.365163723] [robot_3.robot_supervisor]: rotate_90 blocked by recent completion; stopping this tick
[image_processor-25] [INFO] [1777025037.381975558] [robot_4.image_processor]: Zone=CLEAR  left[p=3.152 near=0 v=7257]  front[p=2.291 near=0 v=7542]  right[p=2.761 near=0 v=4927]
[robot_supervisor-19] [INFO] [1777025037.382582674] [robot_4.robot_supervisor]: Detected zone changed to CLEAR
[robot_supervisor-7] [INFO] [1777025037.384260177] [robot_0.robot_supervisor]: Selected controllable event: EV_rotate_clockwise
[image_processor-24] [INFO] [1777025037.394611629] [robot_3.image_processor]: Zone=CLEAR  left[p=1.283 near=0 v=7650]  front[p=2.042 near=0 v=12148]  right[p=2.808 near=0 v=5629]
[robot_supervisor-16] [INFO] [1777025037.395790429] [robot_3.robot_supervisor]: Detected zone changed to CLEAR
[image_processor-21] [INFO] [1777025037.412520230] [robot_0.image_processor]: Zone=CLEAR  left[p=3.218 near=0 v=5573]  front[p=2.604 near=0 v=8365]  right[p=2.433 near=0 v=6271]
[robot_supervisor-7] [INFO] [1777025037.413239930] [robot_0.robot_supervisor]: Detected zone changed to CLEAR
[robot_supervisor-16] [INFO] [1777025037.464251123] [robot_3.robot_supervisor]: Selected controllable event: EV_random_walk
[robot_supervisor-13] [INFO] [1777025037.469602733] [robot_2.robot_supervisor]: Selected controllable event: EV_random_walk
[robot_supervisor-10] [INFO] [1777025037.612772060] [robot_1.robot_supervisor]: Selected controllable event: EV_random_walk
[robot_supervisor-16] [INFO] [1777025037.764263598] [robot_3.robot_supervisor]: Selected controllable event: EV_move_forward
[robot_supervisor-13] [INFO] [1777025037.769395862] [robot_2.robot_supervisor]: Selected controllable event: EV_move_forward
[robot_supervisor-10] [INFO] [1777025037.913013969] [robot_1.robot_supervisor]: Selected controllable event: EV_move_forward
[robot_supervisor-16] [INFO] [1777025038.063325179] [robot_3.robot_supervisor]: Selected controllable event: EV_random_walk
[robot_supervisor-13] [INFO] [1777025038.069344758] [robot_2.robot_supervisor]: Selected controllable event: EV_random_walk
[robot_supervisor-10] [INFO] [1777025038.212966412] [robot_1.robot_supervisor]: Selected controllable event: EV_random_walk
[robot_supervisor-16] [INFO] [1777025038.363566657] [robot_3.robot_supervisor]: Selected controllable event: EV_move_forward
[robot_supervisor-13] [INFO] [1777025038.369107184] [robot_2.robot_supervisor]: Selected controllable event: EV_move_forward
[robot_supervisor-10] [INFO] [1777025038.512990369] [robot_1.robot_supervisor]: Selected controllable event: EV_move_forward
[robot_supervisor-19] [INFO] [1777025038.517901021] [robot_4.robot_supervisor]: Selected controllable event: EV_random_walk
[robot_supervisor-16] [INFO] [1777025038.663437637] [robot_3.robot_supervisor]: Selected controllable event: EV_random_walk
[robot_supervisor-13] [INFO] [1777025038.669533328] [robot_2.robot_supervisor]: Selected controllable event: EV_random_walk
[robot_supervisor-10] [INFO] [1777025038.812956620] [robot_1.robot_supervisor]: Selected controllable event: EV_random_walk
[robot_supervisor-19] [INFO] [1777025038.817857128] [robot_4.robot_supervisor]: Selected controllable event: EV_move_forward
[robot_supervisor-16] [INFO] [1777025038.963343364] [robot_3.robot_supervisor]: Selected controllable event: EV_move_forward
[robot_supervisor-13] [INFO] [1777025038.969372631] [robot_2.robot_supervisor]: Selected controllable event: EV_move_forward
[robot_supervisor-10] [INFO] [1777025039.112955846] [robot_1.robot_supervisor]: Selected controllable event: EV_move_forward
[robot_supervisor-19] [INFO] [1777025039.118016154] [robot_4.robot_supervisor]: Selected controllable event: EV_random_walk
[robot_supervisor-16] [INFO] [1777025039.263104235] [robot_3.robot_supervisor]: Selected controllable event: EV_random_walk
[robot_supervisor-13] [INFO] [1777025039.269398353] [robot_2.robot_supervisor]: Selected controllable event: EV_random_walk
[robot_supervisor-10] [INFO] [1777025039.413093775] [robot_1.robot_supervisor]: Selected controllable event: EV_random_walk
[robot_supervisor-19] [INFO] [1777025039.417812796] [robot_4.robot_supervisor]: Selected controllable event: EV_move_forward
[robot_supervisor-16] [INFO] [1777025039.563068420] [robot_3.robot_supervisor]: Selected controllable event: EV_move_forward
[robot_supervisor-13] [INFO] [1777025039.569533196] [robot_2.robot_supervisor]: Selected controllable event: EV_move_forward
[robot_supervisor-7] [INFO] [1777025039.583842229] [robot_0.robot_supervisor]: Selected controllable event: EV_random_walk
[robot_supervisor-10] [INFO] [1777025039.712931014] [robot_1.robot_supervisor]: Selected controllable event: EV_move_forward
[robot_supervisor-19] [INFO] [1777025039.717698131] [robot_4.robot_supervisor]: Selected controllable event: EV_random_walk
[image_processor-22] [INFO] [1777025039.850934795] [robot_1.image_processor]: Zone=CLEAR
[robot_supervisor-16] [INFO] [1777025039.863096462] [robot_3.robot_supervisor]: Selected controllable event: EV_random_walk
[image_processor-23] [INFO] [1777025039.864483746] [robot_2.image_processor]: Zone=CLEAR
[robot_supervisor-13] [INFO] [1777025039.869514201] [robot_2.robot_supervisor]: Selected controllable event: EV_random_walk
[image_processor-25] [INFO] [1777025039.881198853] [robot_4.image_processor]: Zone=CLEAR
[robot_supervisor-7] [INFO] [1777025039.883645936] [robot_0.robot_supervisor]: Selected controllable event: EV_move_forward
[image_processor-24] [INFO] [1777025039.890538995] [robot_3.image_processor]: Zone=CLEAR
[image_processor-21] [INFO] [1777025039.901226854] [robot_0.image_processor]: Zone=RIGHT  left[p=3.690 near=0 v=6983]  front[p=2.616 near=0 v=12989]  right[p=0.557 near=5695 v=7740]
[robot_supervisor-7] [INFO] [1777025039.901716875] [robot_0.robot_supervisor]: Detected zone changed to RIGHT
[robot_supervisor-10] [INFO] [1777025040.012980748] [robot_1.robot_supervisor]: Selected controllable event: EV_random_walk
[robot_supervisor-19] [INFO] [1777025040.017880263] [robot_4.robot_supervisor]: Selected controllable event: EV_move_forward
[robot_supervisor-16] [INFO] [1777025040.163236650] [robot_3.robot_supervisor]: Selected controllable event: EV_move_forward
[robot_supervisor-13] [INFO] [1777025040.169266740] [robot_2.robot_supervisor]: Selected controllable event: EV_move_forward
[robot_supervisor-7] [INFO] [1777025040.184059877] [robot_0.robot_supervisor]: Selected controllable event: EV_rotate_counterclockwise
[robot_supervisor-10] [INFO] [1777025040.313021137] [robot_1.robot_supervisor]: Selected controllable event: EV_move_forward
[robot_supervisor-19] [INFO] [1777025040.317576069] [robot_4.robot_supervisor]: Selected controllable event: EV_random_walk
[robot_supervisor-16] [INFO] [1777025040.463527957] [robot_3.robot_supervisor]: Selected controllable event: EV_random_walk
[robot_supervisor-13] [INFO] [1777025040.469308379] [robot_2.robot_supervisor]: Selected controllable event: EV_random_walk
[robot_supervisor-10] [INFO] [1777025040.612925892] [robot_1.robot_supervisor]: Selected controllable event: EV_random_walk
[robot_supervisor-19] [INFO] [1777025040.617855060] [robot_4.robot_supervisor]: Selected controllable event: EV_move_forward
[robot_supervisor-16] [INFO] [1777025040.763390369] [robot_3.robot_supervisor]: Selected controllable event: EV_move_forward
[robot_supervisor-13] [INFO] [1777025040.769295581] [robot_2.robot_supervisor]: Selected controllable event: EV_move_forward
[robot_supervisor-10] [INFO] [1777025040.912780695] [robot_1.robot_supervisor]: Selected controllable event: EV_move_forward
[robot_supervisor-19] [INFO] [1777025040.917933196] [robot_4.robot_supervisor]: Selected controllable event: EV_random_walk
[robot_supervisor-16] [INFO] [1777025041.063443112] [robot_3.robot_supervisor]: Selected controllable event: EV_random_walk
[robot_supervisor-13] [INFO] [1777025041.069513092] [robot_2.robot_supervisor]: Selected controllable event: EV_random_walk
[robot_supervisor-10] [INFO] [1777025041.212917471] [robot_1.robot_supervisor]: Selected controllable event: EV_random_walk
[robot_supervisor-19] [INFO] [1777025041.217825881] [robot_4.robot_supervisor]: Selected controllable event: EV_move_forward
[robot_supervisor-16] [INFO] [1777025041.363390992] [robot_3.robot_supervisor]: Selected controllable event: EV_move_forward
[robot_supervisor-13] [INFO] [1777025041.369595895] [robot_2.robot_supervisor]: Selected controllable event: EV_move_forward
[robot_supervisor-10] [INFO] [1777025041.512985647] [robot_1.robot_supervisor]: Selected controllable event: EV_move_forward
[robot_supervisor-19] [INFO] [1777025041.517871650] [robot_4.robot_supervisor]: Selected controllable event: EV_random_walk
[robot_supervisor-16] [INFO] [1777025041.663469977] [robot_3.robot_supervisor]: Selected controllable event: EV_random_walk
[robot_supervisor-13] [INFO] [1777025041.669318426] [robot_2.robot_supervisor]: Selected controllable event: EV_random_walk
[robot_supervisor-10] [INFO] [1777025041.812900061] [robot_1.robot_supervisor]: Selected controllable event: EV_random_walk
[robot_supervisor-19] [INFO] [1777025041.817664482] [robot_4.robot_supervisor]: Selected controllable event: EV_move_forward
[robot_supervisor-16] [INFO] [1777025041.963502526] [robot_3.robot_supervisor]: Selected controllable event: EV_move_forward
[robot_supervisor-13] [INFO] [1777025041.969339042] [robot_2.robot_supervisor]: Selected controllable event: EV_move_forward
[robot_supervisor-10] [INFO] [1777025042.113005820] [robot_1.robot_supervisor]: Selected controllable event: EV_move_forward
[robot_supervisor-19] [INFO] [1777025042.117867586] [robot_4.robot_supervisor]: Selected controllable event: EV_random_walk
[robot_supervisor-16] [INFO] [1777025042.263643681] [robot_3.robot_supervisor]: Selected controllable event: EV_random_walk
[robot_supervisor-13] [INFO] [1777025042.269530836] [robot_2.robot_supervisor]: Selected controllable event: EV_random_walk
[image_processor-22] [INFO] [1777025042.351643078] [robot_1.image_processor]: Zone=CLEAR
[image_processor-23] [INFO] [1777025042.363102538] [robot_2.image_processor]: Zone=CLEAR
[robot_supervisor-7] [INFO] [1777025042.383700764] [robot_0.robot_supervisor]: Selected controllable event: EV_rotate_counterclockwise
[robot_supervisor-7] [INFO] [1777025042.383880713] [robot_0.robot_supervisor]: rotate_90 blocked by recent completion; stopping this tick
[image_processor-25] [INFO] [1777025042.385328630] [robot_4.image_processor]: Zone=CLEAR
[image_processor-24] [INFO] [1777025042.395944838] [robot_3.image_processor]: Zone=CLEAR
[robot_supervisor-10] [INFO] [1777025042.413103770] [robot_1.robot_supervisor]: Selected controllable event: EV_random_walk
[image_processor-21] [INFO] [1777025042.413309906] [robot_0.image_processor]: Zone=RIGHT
[robot_supervisor-19] [INFO] [1777025042.418201666] [robot_4.robot_supervisor]: Selected controllable event: EV_move_forward
[robot_supervisor-7] [INFO] [1777025042.484084595] [robot_0.robot_supervisor]: Selected controllable event: EV_rotate_counterclockwise
[robot_supervisor-7] [INFO] [1777025042.484468869] [robot_0.robot_supervisor]: rotate_90 blocked by recent completion; stopping this tick
[robot_supervisor-16] [INFO] [1777025042.563198502] [robot_3.robot_supervisor]: Selected controllable event: EV_move_forward
[robot_supervisor-13] [INFO] [1777025042.569433741] [robot_2.robot_supervisor]: Selected controllable event: EV_move_forward
[robot_supervisor-7] [INFO] [1777025042.584396792] [robot_0.robot_supervisor]: Selected controllable event: EV_rotate_counterclockwise
[robot_supervisor-10] [INFO] [1777025042.712936120] [robot_1.robot_supervisor]: Selected controllable event: EV_move_forward
[robot_supervisor-19] [INFO] [1777025042.717835590] [robot_4.robot_supervisor]: Selected controllable event: EV_random_walk
[robot_supervisor-16] [INFO] [1777025042.863075554] [robot_3.robot_supervisor]: Selected controllable event: EV_random_walk
[robot_supervisor-13] [INFO] [1777025042.869622081] [robot_2.robot_supervisor]: Selected controllable event: EV_random_walk
[robot_supervisor-10] [INFO] [1777025043.012929443] [robot_1.robot_supervisor]: Selected controllable event: EV_random_walk
[robot_supervisor-19] [INFO] [1777025043.017602493] [robot_4.robot_supervisor]: Selected controllable event: EV_move_forward
[robot_supervisor-16] [INFO] [1777025043.163253664] [robot_3.robot_supervisor]: Selected controllable event: EV_move_forward
[robot_supervisor-13] [INFO] [1777025043.169205986] [robot_2.robot_supervisor]: Selected controllable event: EV_move_forward
[robot_supervisor-10] [INFO] [1777025043.312911683] [robot_1.robot_supervisor]: Selected controllable event: EV_move_forward
[robot_supervisor-19] [INFO] [1777025043.317621973] [robot_4.robot_supervisor]: Selected controllable event: EV_random_walk
[robot_supervisor-16] [INFO] [1777025043.463249406] [robot_3.robot_supervisor]: Selected controllable event: EV_random_walk
[robot_supervisor-13] [INFO] [1777025043.469353921] [robot_2.robot_supervisor]: Selected controllable event: EV_random_walk
[robot_supervisor-10] [INFO] [1777025043.612961664] [robot_1.robot_supervisor]: Selected controllable event: EV_random_walk
[robot_supervisor-19] [INFO] [1777025043.617628667] [robot_4.robot_supervisor]: Selected controllable event: EV_move_forward
[robot_supervisor-16] [INFO] [1777025043.763355300] [robot_3.robot_supervisor]: Selected controllable event: EV_move_forward
[robot_supervisor-13] [INFO] [1777025043.769305776] [robot_2.robot_supervisor]: Selected controllable event: EV_move_forward
[robot_supervisor-10] [INFO] [1777025043.912994743] [robot_1.robot_supervisor]: Selected controllable event: EV_move_forward
[robot_supervisor-19] [INFO] [1777025043.917924661] [robot_4.robot_supervisor]: Selected controllable event: EV_random_walk
[robot_supervisor-16] [INFO] [1777025044.063307296] [robot_3.robot_supervisor]: Selected controllable event: EV_random_walk
[robot_supervisor-13] [INFO] [1777025044.069321216] [robot_2.robot_supervisor]: Selected controllable event: EV_random_walk
[robot_supervisor-10] [INFO] [1777025044.212900797] [robot_1.robot_supervisor]: Selected controllable event: EV_random_walk
[robot_supervisor-19] [INFO] [1777025044.217931406] [robot_4.robot_supervisor]: Selected controllable event: EV_move_forward
[robot_supervisor-16] [INFO] [1777025044.363621634] [robot_3.robot_supervisor]: Selected controllable event: EV_move_forward
[robot_supervisor-13] [INFO] [1777025044.369400296] [robot_2.robot_supervisor]: Selected controllable event: EV_move_forward
[robot_supervisor-10] [INFO] [1777025044.512939890] [robot_1.robot_supervisor]: Selected controllable event: EV_move_forward
[robot_supervisor-19] [INFO] [1777025044.517859116] [robot_4.robot_supervisor]: Selected controllable event: EV_random_walk
[robot_supervisor-16] [INFO] [1777025044.663311157] [robot_3.robot_supervisor]: Selected controllable event: EV_random_walk
[robot_supervisor-13] [INFO] [1777025044.669298081] [robot_2.robot_supervisor]: Selected controllable event: EV_random_walk
[robot_supervisor-7] [INFO] [1777025044.783901310] [robot_0.robot_supervisor]: Selected controllable event: EV_rotate_counterclockwise
[robot_supervisor-7] [INFO] [1777025044.784282846] [robot_0.robot_supervisor]: rotate_90 blocked by recent completion; stopping this tick
[robot_supervisor-10] [INFO] [1777025044.812828268] [robot_1.robot_supervisor]: Selected controllable event: EV_random_walk
[robot_supervisor-19] [INFO] [1777025044.817817850] [robot_4.robot_supervisor]: Selected controllable event: EV_move_forward
[image_processor-22] [INFO] [1777025044.845767936] [robot_1.image_processor]: Zone=CLEAR
[image_processor-23] [INFO] [1777025044.854712916] [robot_2.image_processor]: Zone=CLEAR
[image_processor-25] [INFO] [1777025044.869012841] [robot_4.image_processor]: Zone=CLEAR
[image_processor-24] [INFO] [1777025044.876796855] [robot_3.image_processor]: Zone=LEFT  left[p=0.566 near=7312 v=7650]  front[p=0.893 near=12 v=13313]  right[p=1.316 near=0 v=7209]
[robot_supervisor-16] [INFO] [1777025044.877559968] [robot_3.robot_supervisor]: Detected zone changed to LEFT
[robot_supervisor-7] [INFO] [1777025044.884108270] [robot_0.robot_supervisor]: Selected controllable event: EV_rotate_counterclockwise
[robot_supervisor-7] [INFO] [1777025044.884376792] [robot_0.robot_supervisor]: rotate_90 blocked by recent completion; stopping this tick
[image_processor-21] [INFO] [1777025044.885404667] [robot_0.image_processor]: Zone=CLEAR  left[p=2.411 near=0 v=7650]  front[p=1.789 near=0 v=12830]  right[p=3.217 near=0 v=5861]
[robot_supervisor-7] [INFO] [1777025044.885766631] [robot_0.robot_supervisor]: Detected zone changed to CLEAR
[robot_supervisor-16] [INFO] [1777025044.963306751] [robot_3.robot_supervisor]: Selected controllable event: EV_rotate_clockwise
[robot_supervisor-13] [INFO] [1777025044.969529897] [robot_2.robot_supervisor]: Selected controllable event: EV_move_forward
[robot_supervisor-7] [INFO] [1777025044.983899964] [robot_0.robot_supervisor]: Selected controllable event: EV_random_walk
[robot_supervisor-10] [INFO] [1777025045.112893876] [robot_1.robot_supervisor]: Selected controllable event: EV_move_forward
[robot_supervisor-19] [INFO] [1777025045.117894905] [robot_4.robot_supervisor]: Selected controllable event: EV_random_walk
[robot_supervisor-13] [INFO] [1777025045.269511199] [robot_2.robot_supervisor]: Selected controllable event: EV_random_walk
[robot_supervisor-7] [INFO] [1777025045.283903965] [robot_0.robot_supervisor]: Selected controllable event: EV_move_forward
[robot_supervisor-10] [INFO] [1777025045.413041984] [robot_1.robot_supervisor]: Selected controllable event: EV_random_walk
[robot_supervisor-19] [INFO] [1777025045.417669167] [robot_4.robot_supervisor]: Selected controllable event: EV_move_forward
[robot_supervisor-13] [INFO] [1777025045.569314124] [robot_2.robot_supervisor]: Selected controllable event: EV_move_forward
[robot_supervisor-7] [INFO] [1777025045.583990167] [robot_0.robot_supervisor]: Selected controllable event: EV_random_walk
[robot_supervisor-10] [INFO] [1777025045.713144378] [robot_1.robot_supervisor]: Selected controllable event: EV_move_forward
[robot_supervisor-19] [INFO] [1777025045.717980829] [robot_4.robot_supervisor]: Selected controllable event: EV_random_walk
[robot_supervisor-13] [INFO] [1777025045.869286094] [robot_2.robot_supervisor]: Selected controllable event: EV_random_walk
[robot_supervisor-7] [INFO] [1777025045.884156642] [robot_0.robot_supervisor]: Selected controllable event: EV_move_forward
[robot_supervisor-10] [INFO] [1777025046.012907756] [robot_1.robot_supervisor]: Selected controllable event: EV_random_walk
[robot_supervisor-19] [INFO] [1777025046.017613104] [robot_4.robot_supervisor]: Selected controllable event: EV_move_forward
[robot_supervisor-13] [INFO] [1777025046.169306055] [robot_2.robot_supervisor]: Selected controllable event: EV_move_forward
[robot_supervisor-7] [INFO] [1777025046.183897803] [robot_0.robot_supervisor]: Selected controllable event: EV_random_walk
[robot_supervisor-10] [INFO] [1777025046.312893575] [robot_1.robot_supervisor]: Selected controllable event: EV_move_forward
[robot_supervisor-19] [INFO] [1777025046.317649399] [robot_4.robot_supervisor]: Selected controllable event: EV_random_walk
[robot_supervisor-13] [INFO] [1777025046.469348282] [robot_2.robot_supervisor]: Selected controllable event: EV_random_walk
[robot_supervisor-7] [INFO] [1777025046.483919444] [robot_0.robot_supervisor]: Selected controllable event: EV_move_forward
[robot_supervisor-10] [INFO] [1777025046.613316049] [robot_1.robot_supervisor]: Selected controllable event: EV_random_walk
[robot_supervisor-19] [INFO] [1777025046.617875683] [robot_4.robot_supervisor]: Selected controllable event: EV_move_forward
[robot_supervisor-13] [INFO] [1777025046.769372359] [robot_2.robot_supervisor]: Selected controllable event: EV_move_forward
[robot_supervisor-7] [INFO] [1777025046.784184749] [robot_0.robot_supervisor]: Selected controllable event: EV_random_walk
[robot_supervisor-10] [INFO] [1777025046.912996186] [robot_1.robot_supervisor]: Selected controllable event: EV_move_forward
[robot_supervisor-19] [INFO] [1777025046.917753189] [robot_4.robot_supervisor]: Selected controllable event: EV_random_walk
[robot_supervisor-16] [INFO] [1777025047.063478540] [robot_3.robot_supervisor]: Selected controllable event: EV_rotate_clockwise
[robot_supervisor-16] [INFO] [1777025047.063975595] [robot_3.robot_supervisor]: rotate_90 blocked by recent completion; stopping this tick
[robot_supervisor-13] [INFO] [1777025047.069306170] [robot_2.robot_supervisor]: Selected controllable event: EV_random_walk
[robot_supervisor-7] [INFO] [1777025047.084094547] [robot_0.robot_supervisor]: Selected controllable event: EV_move_forward
[robot_supervisor-16] [INFO] [1777025047.163252592] [robot_3.robot_supervisor]: Selected controllable event: EV_rotate_clockwise
[robot_supervisor-16] [INFO] [1777025047.163474656] [robot_3.robot_supervisor]: rotate_90 blocked by recent completion; stopping this tick
[robot_supervisor-10] [INFO] [1777025047.213083444] [robot_1.robot_supervisor]: Selected controllable event: EV_random_walk
[robot_supervisor-19] [INFO] [1777025047.217632953] [robot_4.robot_supervisor]: Selected controllable event: EV_move_forward
[robot_supervisor-16] [INFO] [1777025047.263029937] [robot_3.robot_supervisor]: Selected controllable event: EV_rotate_clockwise
[robot_supervisor-16] [INFO] [1777025047.263255843] [robot_3.robot_supervisor]: rotate_90 blocked by recent completion; stopping this tick
[image_processor-22] [INFO] [1777025047.347255751] [robot_1.image_processor]: Zone=CLEAR
[image_processor-23] [INFO] [1777025047.357899043] [robot_2.image_processor]: Zone=CLEAR
[robot_supervisor-16] [INFO] [1777025047.363125413] [robot_3.robot_supervisor]: Selected controllable event: EV_rotate_clockwise
[robot_supervisor-13] [INFO] [1777025047.369142463] [robot_2.robot_supervisor]: Selected controllable event: EV_move_forward
[image_processor-25] [INFO] [1777025047.372434920] [robot_4.image_processor]: Zone=CLEAR
[robot_supervisor-7] [INFO] [1777025047.383653925] [robot_0.robot_supervisor]: Selected controllable event: EV_random_walk
[image_processor-24] [INFO] [1777025047.388601786] [robot_3.image_processor]: Zone=LEFT
[image_processor-21] [INFO] [1777025047.397257052] [robot_0.image_processor]: Zone=CLEAR
[robot_supervisor-10] [INFO] [1777025047.512975358] [robot_1.robot_supervisor]: Selected controllable event: EV_move_forward
[robot_supervisor-19] [INFO] [1777025047.517895787] [robot_4.robot_supervisor]: Selected controllable event: EV_random_walk
[robot_supervisor-13] [INFO] [1777025047.669514122] [robot_2.robot_supervisor]: Selected controllable event: EV_random_walk
[robot_supervisor-7] [INFO] [1777025047.683908390] [robot_0.robot_supervisor]: Selected controllable event: EV_move_forward
[robot_supervisor-10] [INFO] [1777025047.812923862] [robot_1.robot_supervisor]: Selected controllable event: EV_random_walk
[robot_supervisor-19] [INFO] [1777025047.817843882] [robot_4.robot_supervisor]: Selected controllable event: EV_move_forward
[robot_supervisor-13] [INFO] [1777025047.969384131] [robot_2.robot_supervisor]: Selected controllable event: EV_move_forward
[robot_supervisor-7] [INFO] [1777025047.984051886] [robot_0.robot_supervisor]: Selected controllable event: EV_random_walk
[robot_supervisor-10] [INFO] [1777025048.112858040] [robot_1.robot_supervisor]: Selected controllable event: EV_move_forward
[robot_supervisor-19] [INFO] [1777025048.117850795] [robot_4.robot_supervisor]: Selected controllable event: EV_random_walk
[robot_supervisor-13] [INFO] [1777025048.269229874] [robot_2.robot_supervisor]: Selected controllable event: EV_random_walk
[robot_supervisor-7] [INFO] [1777025048.284281289] [robot_0.robot_supervisor]: Selected controllable event: EV_move_forward
[robot_supervisor-10] [INFO] [1777025048.412848764] [robot_1.robot_supervisor]: Selected controllable event: EV_random_walk
[robot_supervisor-19] [INFO] [1777025048.417996901] [robot_4.robot_supervisor]: Selected controllable event: EV_move_forward
[robot_supervisor-13] [INFO] [1777025048.569347322] [robot_2.robot_supervisor]: Selected controllable event: EV_move_forward
[robot_supervisor-7] [INFO] [1777025048.583910578] [robot_0.robot_supervisor]: Selected controllable event: EV_random_walk
[robot_supervisor-10] [INFO] [1777025048.713356480] [robot_1.robot_supervisor]: Selected controllable event: EV_move_forward
[robot_supervisor-19] [INFO] [1777025048.717945980] [robot_4.robot_supervisor]: Selected controllable event: EV_random_walk
[robot_supervisor-13] [INFO] [1777025048.869237883] [robot_2.robot_supervisor]: Selected controllable event: EV_random_walk
[robot_supervisor-7] [INFO] [1777025048.883984928] [robot_0.robot_supervisor]: Selected controllable event: EV_move_forward
[robot_supervisor-10] [INFO] [1777025049.012902557] [robot_1.robot_supervisor]: Selected controllable event: EV_random_walk
[robot_supervisor-19] [INFO] [1777025049.018063082] [robot_4.robot_supervisor]: Selected controllable event: EV_move_forward
[robot_supervisor-13] [INFO] [1777025049.169330186] [robot_2.robot_supervisor]: Selected controllable event: EV_move_forward
[robot_supervisor-7] [INFO] [1777025049.183706518] [robot_0.robot_supervisor]: Selected controllable event: EV_random_walk
[robot_supervisor-10] [INFO] [1777025049.312923027] [robot_1.robot_supervisor]: Selected controllable event: EV_move_forward
[robot_supervisor-19] [INFO] [1777025049.318031092] [robot_4.robot_supervisor]: Selected controllable event: EV_random_walk
[robot_supervisor-16] [INFO] [1777025049.463282187] [robot_3.robot_supervisor]: Selected controllable event: EV_rotate_clockwise
[robot_supervisor-16] [INFO] [1777025049.463615913] [robot_3.robot_supervisor]: rotate_90 blocked by recent completion; stopping this tick
[robot_supervisor-13] [INFO] [1777025049.469121983] [robot_2.robot_supervisor]: Selected controllable event: EV_random_walk
[robot_supervisor-7] [INFO] [1777025049.484598473] [robot_0.robot_supervisor]: Selected controllable event: EV_move_forward
[robot_supervisor-16] [INFO] [1777025049.563260525] [robot_3.robot_supervisor]: Selected controllable event: EV_rotate_clockwise
[robot_supervisor-16] [INFO] [1777025049.563609839] [robot_3.robot_supervisor]: rotate_90 blocked by recent completion; stopping this tick
[robot_supervisor-10] [INFO] [1777025049.613039784] [robot_1.robot_supervisor]: Selected controllable event: EV_random_walk
[robot_supervisor-19] [INFO] [1777025049.617621484] [robot_4.robot_supervisor]: Selected controllable event: EV_move_forward
[robot_supervisor-16] [INFO] [1777025049.663261894] [robot_3.robot_supervisor]: Selected controllable event: EV_rotate_clockwise
[robot_supervisor-16] [INFO] [1777025049.663622687] [robot_3.robot_supervisor]: rotate_90 blocked by recent completion; stopping this tick
[robot_supervisor-16] [INFO] [1777025049.763295711] [robot_3.robot_supervisor]: Selected controllable event: EV_rotate_clockwise
[robot_supervisor-13] [INFO] [1777025049.769308153] [robot_2.robot_supervisor]: Selected controllable event: EV_move_forward
[robot_supervisor-7] [INFO] [1777025049.784007366] [robot_0.robot_supervisor]: Selected controllable event: EV_random_walk
[image_processor-22] [INFO] [1777025049.848984451] [robot_1.image_processor]: Zone=CLEAR
[image_processor-23] [INFO] [1777025049.857664934] [robot_2.image_processor]: Zone=CLEAR
[image_processor-25] [INFO] [1777025049.868661182] [robot_4.image_processor]: Zone=CLEAR
[image_processor-24] [INFO] [1777025049.881142788] [robot_3.image_processor]: Zone=CLEAR  left[p=2.237 near=0 v=5790]  front[p=1.625 near=0 v=13050]  right[p=1.357 near=0 v=7740]
[robot_supervisor-16] [INFO] [1777025049.881796611] [robot_3.robot_supervisor]: Detected zone changed to CLEAR
[image_processor-21] [INFO] [1777025049.888202671] [robot_0.image_processor]: Zone=CLEAR
[robot_supervisor-10] [INFO] [1777025049.912922385] [robot_1.robot_supervisor]: Selected controllable event: EV_move_forward
[robot_supervisor-19] [INFO] [1777025049.918164600] [robot_4.robot_supervisor]: Selected controllable event: EV_random_walk
[robot_supervisor-13] [INFO] [1777025050.069304808] [robot_2.robot_supervisor]: Selected controllable event: EV_random_walk
[robot_supervisor-7] [INFO] [1777025050.084035157] [robot_0.robot_supervisor]: Selected controllable event: EV_move_forward
[robot_supervisor-10] [INFO] [1777025050.212947688] [robot_1.robot_supervisor]: Selected controllable event: EV_random_walk
[robot_supervisor-19] [INFO] [1777025050.218001612] [robot_4.robot_supervisor]: Selected controllable event: EV_move_forward
[robot_supervisor-13] [INFO] [1777025050.369099885] [robot_2.robot_supervisor]: Selected controllable event: EV_move_forward
[robot_supervisor-7] [INFO] [1777025050.383884085] [robot_0.robot_supervisor]: Selected controllable event: EV_random_walk
[robot_supervisor-10] [INFO] [1777025050.512937247] [robot_1.robot_supervisor]: Selected controllable event: EV_move_forward
[robot_supervisor-19] [INFO] [1777025050.517678288] [robot_4.robot_supervisor]: Selected controllable event: EV_random_walk
[robot_supervisor-13] [INFO] [1777025050.669287268] [robot_2.robot_supervisor]: Selected controllable event: EV_random_walk
[robot_supervisor-7] [INFO] [1777025050.683579964] [robot_0.robot_supervisor]: Selected controllable event: EV_move_forward
[robot_supervisor-10] [INFO] [1777025050.812895904] [robot_1.robot_supervisor]: Selected controllable event: EV_random_walk
[robot_supervisor-19] [INFO] [1777025050.817824560] [robot_4.robot_supervisor]: Selected controllable event: EV_move_forward
[robot_supervisor-13] [INFO] [1777025050.969204072] [robot_2.robot_supervisor]: Selected controllable event: EV_move_forward
[robot_supervisor-7] [INFO] [1777025050.983789909] [robot_0.robot_supervisor]: Selected controllable event: EV_random_walk
[robot_supervisor-10] [INFO] [1777025051.113167874] [robot_1.robot_supervisor]: Selected controllable event: EV_move_forward
[robot_supervisor-19] [INFO] [1777025051.117988358] [robot_4.robot_supervisor]: Selected controllable event: EV_random_walk
[robot_supervisor-13] [INFO] [1777025051.269073932] [robot_2.robot_supervisor]: Selected controllable event: EV_random_walk
[robot_supervisor-7] [INFO] [1777025051.283946632] [robot_0.robot_supervisor]: Selected controllable event: EV_move_forward
[robot_supervisor-10] [INFO] [1777025051.412900876] [robot_1.robot_supervisor]: Selected controllable event: EV_random_walk
[robot_supervisor-19] [INFO] [1777025051.417831437] [robot_4.robot_supervisor]: Selected controllable event: EV_move_forward
[robot_supervisor-13] [INFO] [1777025051.569335131] [robot_2.robot_supervisor]: Selected controllable event: EV_move_forward
[robot_supervisor-7] [INFO] [1777025051.585002494] [robot_0.robot_supervisor]: Selected controllable event: EV_random_walk
[robot_supervisor-10] [INFO] [1777025051.713125560] [robot_1.robot_supervisor]: Selected controllable event: EV_move_forward
[robot_supervisor-19] [INFO] [1777025051.717987262] [robot_4.robot_supervisor]: Selected controllable event: EV_random_walk
[robot_supervisor-16] [INFO] [1777025051.863403848] [robot_3.robot_supervisor]: Selected controllable event: EV_random_walk
[robot_supervisor-13] [INFO] [1777025051.869290087] [robot_2.robot_supervisor]: Selected controllable event: EV_random_walk
[bump_counter-3] [INFO] [1777025051.873439494] [bump_counter]: [global] bump #3 (obstacle) with: box2::link::collision
[robot_supervisor-7] [INFO] [1777025051.885342520] [robot_0.robot_supervisor]: Selected controllable event: EV_move_forward
[robot_supervisor-10] [INFO] [1777025052.012954197] [robot_1.robot_supervisor]: Selected controllable event: EV_random_walk
[robot_supervisor-19] [INFO] [1777025052.017554049] [robot_4.robot_supervisor]: Selected controllable event: EV_move_forward
[robot_supervisor-16] [INFO] [1777025052.163022669] [robot_3.robot_supervisor]: Selected controllable event: EV_move_forward
[robot_supervisor-13] [INFO] [1777025052.169543548] [robot_2.robot_supervisor]: Selected controllable event: EV_move_forward
[robot_supervisor-7] [INFO] [1777025052.183788262] [robot_0.robot_supervisor]: Selected controllable event: EV_random_walk
[robot_supervisor-10] [INFO] [1777025052.312905881] [robot_1.robot_supervisor]: Selected controllable event: EV_move_forward
[robot_supervisor-19] [INFO] [1777025052.318076673] [robot_4.robot_supervisor]: Selected controllable event: EV_random_walk
[image_processor-22] [INFO] [1777025052.346618089] [robot_1.image_processor]: Zone=CLEAR
[image_processor-23] [INFO] [1777025052.353055088] [robot_2.image_processor]: Zone=CLEAR
[image_processor-25] [INFO] [1777025052.361355704] [robot_4.image_processor]: Zone=CLEAR
[image_processor-24] [INFO] [1777025052.371485518] [robot_3.image_processor]: Zone=CORNER  left[p=0.882 near=0 v=7650]  front[p=0.589 near=11427 v=13500]  right[p=0.483 near=7740 v=7740]
[robot_supervisor-16] [INFO] [1777025052.371910159] [robot_3.robot_supervisor]: Detected zone changed to CORNER
[image_processor-21] [INFO] [1777025052.378528913] [robot_0.image_processor]: Zone=CORNER  left[p=0.165 near=7650 v=7650]  front[p=0.244 near=13272 v=13500]  right[p=2.958 near=127 v=7722]
[robot_supervisor-7] [INFO] [1777025052.379134932] [robot_0.robot_supervisor]: Detected zone changed to CORNER
[robot_supervisor-16] [INFO] [1777025052.463294409] [robot_3.robot_supervisor]: Selected controllable event: EV_rotate_clockwise
[robot_supervisor-13] [INFO] [1777025052.469090708] [robot_2.robot_supervisor]: Selected controllable event: EV_random_walk
[robot_supervisor-7] [INFO] [1777025052.484086983] [robot_0.robot_supervisor]: Selected controllable event: EV_rotate_clockwise
[robot_supervisor-10] [INFO] [1777025052.612691442] [robot_1.robot_supervisor]: Selected controllable event: EV_random_walk
[robot_supervisor-19] [INFO] [1777025052.618180590] [robot_4.robot_supervisor]: Selected controllable event: EV_move_forward
[robot_supervisor-13] [INFO] [1777025052.769354140] [robot_2.robot_supervisor]: Selected controllable event: EV_move_forward
[robot_supervisor-10] [INFO] [1777025052.913009415] [robot_1.robot_supervisor]: Selected controllable event: EV_move_forward
[robot_supervisor-19] [INFO] [1777025052.918064694] [robot_4.robot_supervisor]: Selected controllable event: EV_random_walk
[robot_supervisor-13] [INFO] [1777025053.069314087] [robot_2.robot_supervisor]: Selected controllable event: EV_random_walk
[robot_supervisor-10] [INFO] [1777025053.213026770] [robot_1.robot_supervisor]: Selected controllable event: EV_random_walk
[robot_supervisor-19] [INFO] [1777025053.217919381] [robot_4.robot_supervisor]: Selected controllable event: EV_move_forward
[robot_supervisor-13] [INFO] [1777025053.369241437] [robot_2.robot_supervisor]: Selected controllable event: EV_move_forward
[robot_supervisor-10] [INFO] [1777025053.512957615] [robot_1.robot_supervisor]: Selected controllable event: EV_move_forward
[robot_supervisor-19] [INFO] [1777025053.517660335] [robot_4.robot_supervisor]: Selected controllable event: EV_random_walk
[robot_supervisor-13] [INFO] [1777025053.669508873] [robot_2.robot_supervisor]: Selected controllable event: EV_random_walk
[robot_supervisor-10] [INFO] [1777025053.812933741] [robot_1.robot_supervisor]: Selected controllable event: EV_random_walk
[robot_supervisor-19] [INFO] [1777025053.817861047] [robot_4.robot_supervisor]: Selected controllable event: EV_move_forward
[robot_supervisor-13] [INFO] [1777025053.969416303] [robot_2.robot_supervisor]: Selected controllable event: EV_move_forward
[robot_supervisor-10] [INFO] [1777025054.113228102] [robot_1.robot_supervisor]: Selected controllable event: EV_move_forward
[robot_supervisor-19] [INFO] [1777025054.117628838] [robot_4.robot_supervisor]: Selected controllable event: EV_random_walk
[robot_supervisor-13] [INFO] [1777025054.269424002] [robot_2.robot_supervisor]: Selected controllable event: EV_random_walk
[robot_supervisor-10] [INFO] [1777025054.413183334] [robot_1.robot_supervisor]: Selected controllable event: EV_random_walk
[robot_supervisor-19] [INFO] [1777025054.418118821] [robot_4.robot_supervisor]: Selected controllable event: EV_move_forward
[robot_supervisor-16] [INFO] [1777025054.563254209] [robot_3.robot_supervisor]: Selected controllable event: EV_rotate_clockwise
[robot_supervisor-16] [INFO] [1777025054.563613309] [robot_3.robot_supervisor]: rotate_90 blocked by recent completion; stopping this tick
[robot_supervisor-13] [INFO] [1777025054.569284666] [robot_2.robot_supervisor]: Selected controllable event: EV_move_forward
[robot_supervisor-16] [INFO] [1777025054.663467931] [robot_3.robot_supervisor]: Selected controllable event: EV_rotate_clockwise
[robot_supervisor-16] [INFO] [1777025054.663813215] [robot_3.robot_supervisor]: rotate_90 blocked by recent completion; stopping this tick
[robot_supervisor-7] [INFO] [1777025054.683930280] [robot_0.robot_supervisor]: Selected controllable event: EV_rotate_clockwise
[robot_supervisor-7] [INFO] [1777025054.684336668] [robot_0.robot_supervisor]: rotate_90 blocked by recent completion; stopping this tick
[robot_supervisor-10] [INFO] [1777025054.713158285] [robot_1.robot_supervisor]: Selected controllable event: EV_move_forward
[robot_supervisor-19] [INFO] [1777025054.718054174] [robot_4.robot_supervisor]: Selected controllable event: EV_random_walk
[robot_supervisor-16] [INFO] [1777025054.763268619] [robot_3.robot_supervisor]: Selected controllable event: EV_rotate_clockwise
[robot_supervisor-16] [INFO] [1777025054.763702796] [robot_3.robot_supervisor]: rotate_90 blocked by recent completion; stopping this tick
[robot_supervisor-7] [INFO] [1777025054.784026433] [robot_0.robot_supervisor]: Selected controllable event: EV_rotate_clockwise
[robot_supervisor-7] [INFO] [1777025054.784634432] [robot_0.robot_supervisor]: rotate_90 blocked by recent completion; stopping this tick
[image_processor-22] [INFO] [1777025054.846250170] [robot_1.image_processor]: Zone=CORNER  left[p=0.316 near=7650 v=7650]  front[p=0.336 near=13500 v=13500]  right[p=0.367 near=7740 v=7740]
[robot_supervisor-10] [INFO] [1777025054.847193321] [robot_1.robot_supervisor]: Detected zone changed to CORNER
[image_processor-23] [INFO] [1777025054.855852748] [robot_2.image_processor]: Zone=LEFT  left[p=0.493 near=4667 v=7650]  front[p=1.882 near=0 v=13500]  right[p=1.229 near=0 v=7740]
[robot_supervisor-13] [INFO] [1777025054.856333573] [robot_2.robot_supervisor]: Detected zone changed to LEFT
[image_processor-25] [INFO] [1777025054.863111711] [robot_4.image_processor]: Zone=CLEAR
[robot_supervisor-16] [INFO] [1777025054.863530507] [robot_3.robot_supervisor]: Selected controllable event: EV_rotate_clockwise
[robot_supervisor-13] [INFO] [1777025054.869085414] [robot_2.robot_supervisor]: Selected controllable event: EV_rotate_clockwise
[image_processor-24] [INFO] [1777025054.876533011] [robot_3.image_processor]: Zone=LEFT  left[p=0.531 near=7358 v=7650]  front[p=0.910 near=0 v=12780]  right[p=1.367 near=0 v=7592]
[robot_supervisor-16] [INFO] [1777025054.877478368] [robot_3.robot_supervisor]: Detected zone changed to LEFT
[robot_supervisor-7] [INFO] [1777025054.883831149] [robot_0.robot_supervisor]: Selected controllable event: EV_rotate_clockwise
[image_processor-21] [INFO] [1777025054.885676553] [robot_0.image_processor]: Zone=LEFT  left[p=0.249 near=7650 v=7650]  front[p=0.850 near=902 v=11057]  right[p=3.013 near=0 v=6015]
[robot_supervisor-7] [INFO] [1777025054.886036089] [robot_0.robot_supervisor]: Detected zone changed to LEFT
[robot_supervisor-10] [INFO] [1777025055.012938966] [robot_1.robot_supervisor]: Selected controllable event: EV_rotate_clockwise
[robot_supervisor-19] [INFO] [1777025055.018056819] [robot_4.robot_supervisor]: Selected controllable event: EV_move_forward
[robot_supervisor-19] [INFO] [1777025055.317867589] [robot_4.robot_supervisor]: Selected controllable event: EV_random_walk
[robot_supervisor-19] [INFO] [1777025055.617816180] [robot_4.robot_supervisor]: Selected controllable event: EV_move_forward
[robot_supervisor-19] [INFO] [1777025055.917870520] [robot_4.robot_supervisor]: Selected controllable event: EV_random_walk
[robot_supervisor-19] [INFO] [1777025056.217748044] [robot_4.robot_supervisor]: Selected controllable event: EV_move_forward
[robot_supervisor-19] [INFO] [1777025056.517902262] [robot_4.robot_supervisor]: Selected controllable event: EV_random_walk
[robot_supervisor-19] [INFO] [1777025056.817816833] [robot_4.robot_supervisor]: Selected controllable event: EV_move_forward
[robot_supervisor-16] [INFO] [1777025056.963525987] [robot_3.robot_supervisor]: Selected controllable event: EV_rotate_clockwise
[robot_supervisor-16] [INFO] [1777025056.963899301] [robot_3.robot_supervisor]: rotate_90 blocked by recent completion; stopping this tick
[robot_supervisor-13] [INFO] [1777025056.969361250] [robot_2.robot_supervisor]: Selected controllable event: EV_rotate_clockwise
[robot_supervisor-13] [INFO] [1777025056.969724071] [robot_2.robot_supervisor]: rotate_90 blocked by recent completion; stopping this tick
[robot_supervisor-7] [INFO] [1777025056.984337732] [robot_0.robot_supervisor]: Selected controllable event: EV_rotate_clockwise
[robot_supervisor-7] [INFO] [1777025056.984722999] [robot_0.robot_supervisor]: rotate_90 blocked by recent completion; stopping this tick
[robot_supervisor-16] [INFO] [1777025057.063457186] [robot_3.robot_supervisor]: Selected controllable event: EV_rotate_clockwise
[robot_supervisor-16] [INFO] [1777025057.063863873] [robot_3.robot_supervisor]: rotate_90 blocked by recent completion; stopping this tick
[robot_supervisor-13] [INFO] [1777025057.069322884] [robot_2.robot_supervisor]: Selected controllable event: EV_rotate_clockwise
[robot_supervisor-13] [INFO] [1777025057.069689141] [robot_2.robot_supervisor]: rotate_90 blocked by recent completion; stopping this tick
[robot_supervisor-7] [INFO] [1777025057.084107795] [robot_0.robot_supervisor]: Selected controllable event: EV_rotate_clockwise
[robot_supervisor-7] [INFO] [1777025057.084495239] [robot_0.robot_supervisor]: rotate_90 blocked by recent completion; stopping this tick
[robot_supervisor-19] [INFO] [1777025057.117854817] [robot_4.robot_supervisor]: Selected controllable event: EV_random_walk
[robot_supervisor-16] [INFO] [1777025057.163248046] [robot_3.robot_supervisor]: Selected controllable event: EV_rotate_clockwise
[robot_supervisor-16] [INFO] [1777025057.163631606] [robot_3.robot_supervisor]: rotate_90 blocked by recent completion; stopping this tick
[robot_supervisor-13] [INFO] [1777025057.169310871] [robot_2.robot_supervisor]: Selected controllable event: EV_rotate_clockwise
[robot_supervisor-13] [INFO] [1777025057.169661194] [robot_2.robot_supervisor]: rotate_90 blocked by recent completion; stopping this tick
[robot_supervisor-7] [INFO] [1777025057.184054778] [robot_0.robot_supervisor]: Selected controllable event: EV_rotate_clockwise
[robot_supervisor-7] [INFO] [1777025057.184436893] [robot_0.robot_supervisor]: rotate_90 blocked by recent completion; stopping this tick
[robot_supervisor-10] [INFO] [1777025057.213137448] [robot_1.robot_supervisor]: Selected controllable event: EV_rotate_clockwise
[robot_supervisor-10] [INFO] [1777025057.213447868] [robot_1.robot_supervisor]: rotate_90 blocked by recent completion; stopping this tick
[robot_supervisor-16] [INFO] [1777025057.263169954] [robot_3.robot_supervisor]: Selected controllable event: EV_rotate_clockwise
[robot_supervisor-13] [INFO] [1777025057.269434551] [robot_2.robot_supervisor]: Selected controllable event: EV_rotate_clockwise
[robot_supervisor-7] [INFO] [1777025057.283904319] [robot_0.robot_supervisor]: Selected controllable event: EV_rotate_clockwise
[robot_supervisor-10] [INFO] [1777025057.313166250] [robot_1.robot_supervisor]: Selected controllable event: EV_rotate_clockwise
[robot_supervisor-10] [INFO] [1777025057.313642592] [robot_1.robot_supervisor]: rotate_90 blocked by recent completion; stopping this tick
[image_processor-22] [INFO] [1777025057.350439126] [robot_1.image_processor]: Zone=LEFT  left[p=0.564 near=4117 v=7650]  front[p=2.020 near=0 v=12897]  right[p=3.301 near=0 v=6143]
[robot_supervisor-10] [INFO] [1777025057.351239545] [robot_1.robot_supervisor]: Detected zone changed to LEFT
[image_processor-23] [INFO] [1777025057.365420095] [robot_2.image_processor]: Zone=LEFT
[image_processor-25] [INFO] [1777025057.375347598] [robot_4.image_processor]: Zone=CLEAR
[image_processor-24] [INFO] [1777025057.393543910] [robot_3.image_processor]: Zone=LEFT
[robot_supervisor-10] [INFO] [1777025057.413073123] [robot_1.robot_supervisor]: Selected controllable event: EV_rotate_clockwise
[image_processor-21] [INFO] [1777025057.413605904] [robot_0.image_processor]: Zone=LEFT
[robot_supervisor-19] [INFO] [1777025057.417924021] [robot_4.robot_supervisor]: Selected controllable event: EV_move_forward
[bump_counter-3] [INFO] [1777025057.614364118] [bump_counter]: [global] bump #4 (obstacle) with: box2::link::collision
[robot_supervisor-19] [INFO] [1777025057.717843963] [robot_4.robot_supervisor]: Selected controllable event: EV_random_walk
[robot_supervisor-19] [INFO] [1777025058.018811682] [robot_4.robot_supervisor]: Selected controllable event: EV_move_forward
[robot_supervisor-19] [INFO] [1777025058.318786539] [robot_4.robot_supervisor]: Selected controllable event: EV_random_walk
[robot_supervisor-19] [INFO] [1777025058.618804558] [robot_4.robot_supervisor]: Selected controllable event: EV_move_forward
[robot_supervisor-19] [INFO] [1777025058.917814586] [robot_4.robot_supervisor]: Selected controllable event: EV_random_walk
[robot_supervisor-19] [INFO] [1777025059.218056614] [robot_4.robot_supervisor]: Selected controllable event: EV_move_forward
[robot_supervisor-16] [INFO] [1777025059.363313050] [robot_3.robot_supervisor]: Selected controllable event: EV_rotate_clockwise
[robot_supervisor-16] [INFO] [1777025059.363616325] [robot_3.robot_supervisor]: rotate_90 blocked by recent completion; stopping this tick
[robot_supervisor-13] [INFO] [1777025059.369339316] [robot_2.robot_supervisor]: Selected controllable event: EV_rotate_clockwise
[robot_supervisor-13] [INFO] [1777025059.369617241] [robot_2.robot_supervisor]: rotate_90 blocked by recent completion; stopping this tick
[robot_supervisor-7] [INFO] [1777025059.384305165] [robot_0.robot_supervisor]: Selected controllable event: EV_rotate_clockwise
[robot_supervisor-7] [INFO] [1777025059.384656610] [robot_0.robot_supervisor]: rotate_90 blocked by recent completion; stopping this tick
[robot_supervisor-16] [INFO] [1777025059.463364635] [robot_3.robot_supervisor]: Selected controllable event: EV_rotate_clockwise
[robot_supervisor-16] [INFO] [1777025059.463721841] [robot_3.robot_supervisor]: rotate_90 blocked by recent completion; stopping this tick
[robot_supervisor-13] [INFO] [1777025059.469311716] [robot_2.robot_supervisor]: Selected controllable event: EV_rotate_clockwise
[robot_supervisor-13] [INFO] [1777025059.469668208] [robot_2.robot_supervisor]: rotate_90 blocked by recent completion; stopping this tick
[robot_supervisor-7] [INFO] [1777025059.483886374] [robot_0.robot_supervisor]: Selected controllable event: EV_rotate_clockwise
[robot_supervisor-7] [INFO] [1777025059.484293192] [robot_0.robot_supervisor]: rotate_90 blocked by recent completion; stopping this tick
[robot_supervisor-10] [INFO] [1777025059.513147715] [robot_1.robot_supervisor]: Selected controllable event: EV_rotate_clockwise
[robot_supervisor-10] [INFO] [1777025059.513552971] [robot_1.robot_supervisor]: rotate_90 blocked by recent completion; stopping this tick
[robot_supervisor-19] [INFO] [1777025059.518075000] [robot_4.robot_supervisor]: Selected controllable event: EV_random_walk
[robot_supervisor-16] [INFO] [1777025059.563386569] [robot_3.robot_supervisor]: Selected controllable event: EV_rotate_clockwise
[robot_supervisor-16] [INFO] [1777025059.563763016] [robot_3.robot_supervisor]: rotate_90 blocked by recent completion; stopping this tick
[robot_supervisor-13] [INFO] [1777025059.569272557] [robot_2.robot_supervisor]: Selected controllable event: EV_rotate_clockwise
[robot_supervisor-13] [INFO] [1777025059.569620868] [robot_2.robot_supervisor]: rotate_90 blocked by recent completion; stopping this tick
[robot_supervisor-7] [INFO] [1777025059.583616865] [robot_0.robot_supervisor]: Selected controllable event: EV_rotate_clockwise
[robot_supervisor-7] [INFO] [1777025059.583779994] [robot_0.robot_supervisor]: rotate_90 blocked by recent completion; stopping this tick
[robot_supervisor-10] [INFO] [1777025059.612854386] [robot_1.robot_supervisor]: Selected controllable event: EV_rotate_clockwise
[robot_supervisor-10] [INFO] [1777025059.613176963] [robot_1.robot_supervisor]: rotate_90 blocked by recent completion; stopping this tick
[robot_supervisor-16] [INFO] [1777025059.663239104] [robot_3.robot_supervisor]: Selected controllable event: EV_rotate_clockwise
[robot_supervisor-13] [INFO] [1777025059.669038987] [robot_2.robot_supervisor]: Selected controllable event: EV_rotate_clockwise
[robot_supervisor-7] [INFO] [1777025059.683901409] [robot_0.robot_supervisor]: Selected controllable event: EV_rotate_clockwise
[robot_supervisor-10] [INFO] [1777025059.713070628] [robot_1.robot_supervisor]: Selected controllable event: EV_rotate_clockwise
[robot_supervisor-10] [INFO] [1777025059.713538742] [robot_1.robot_supervisor]: rotate_90 blocked by recent completion; stopping this tick
[robot_supervisor-10] [INFO] [1777025059.813146377] [robot_1.robot_supervisor]: Selected controllable event: EV_rotate_clockwise
[robot_supervisor-19] [INFO] [1777025059.817839212] [robot_4.robot_supervisor]: Selected controllable event: EV_move_forward
[image_processor-22] [INFO] [1777025059.856213965] [robot_1.image_processor]: Zone=LEFT
[image_processor-23] [INFO] [1777025059.876717498] [robot_2.image_processor]: Zone=CLEAR  left[p=2.892 near=0 v=5377]  front[p=2.594 near=0 v=7635]  right[p=1.889 near=0 v=7482]
[robot_supervisor-13] [INFO] [1777025059.877208296] [robot_2.robot_supervisor]: Detected zone changed to CLEAR
[image_processor-25] [INFO] [1777025059.885548818] [robot_4.image_processor]: Zone=CLEAR
[image_processor-24] [INFO] [1777025059.898631835] [robot_3.image_processor]: Zone=CLEAR  left[p=3.721 near=0 v=7085]  front[p=1.517 near=0 v=13485]  right[p=1.100 near=0 v=7740]
[robot_supervisor-16] [INFO] [1777025059.899755207] [robot_3.robot_supervisor]: Detected zone changed to CLEAR
[image_processor-21] [INFO] [1777025059.909291173] [robot_0.image_processor]: Zone=CLEAR  left[p=1.515 near=0 v=7514]  front[p=0.910 near=0 v=13500]  right[p=0.833 near=128 v=7740]
[robot_supervisor-7] [INFO] [1777025059.909771052] [robot_0.robot_supervisor]: Detected zone changed to CLEAR
[robot_supervisor-19] [INFO] [1777025060.117727377] [robot_4.robot_supervisor]: Selected controllable event: EV_random_walk
[robot_supervisor-19] [INFO] [1777025060.417938832] [robot_4.robot_supervisor]: Selected controllable event: EV_move_forward
[robot_supervisor-19] [INFO] [1777025060.717867894] [robot_4.robot_supervisor]: Selected controllable event: EV_random_walk
[robot_supervisor-19] [INFO] [1777025061.017893432] [robot_4.robot_supervisor]: Selected controllable event: EV_move_forward
[robot_supervisor-19] [INFO] [1777025061.317870307] [robot_4.robot_supervisor]: Selected controllable event: EV_random_walk
[robot_supervisor-19] [INFO] [1777025061.617877991] [robot_4.robot_supervisor]: Selected controllable event: EV_move_forward
[robot_supervisor-7] [INFO] [1777025061.783917488] [robot_0.robot_supervisor]: Selected controllable event: EV_random_walk
[robot_supervisor-16] [INFO] [1777025061.863363279] [robot_3.robot_supervisor]: Selected controllable event: EV_random_walk
[robot_supervisor-13] [INFO] [1777025061.869403006] [robot_2.robot_supervisor]: Selected controllable event: EV_random_walk
[robot_supervisor-10] [INFO] [1777025061.912955191] [robot_1.robot_supervisor]: Selected controllable event: EV_rotate_clockwise
[robot_supervisor-10] [INFO] [1777025061.913346765] [robot_1.robot_supervisor]: rotate_90 blocked by recent completion; stopping this tick
[robot_supervisor-19] [INFO] [1777025061.918014825] [robot_4.robot_supervisor]: Selected controllable event: EV_random_walk
[robot_supervisor-10] [INFO] [1777025062.013042214] [robot_1.robot_supervisor]: Selected controllable event: EV_rotate_clockwise
[robot_supervisor-10] [INFO] [1777025062.013442600] [robot_1.robot_supervisor]: rotate_90 blocked by recent completion; stopping this tick
[robot_supervisor-7] [INFO] [1777025062.083904265] [robot_0.robot_supervisor]: Selected controllable event: EV_move_forward
[robot_supervisor-10] [INFO] [1777025062.112870188] [robot_1.robot_supervisor]: Selected controllable event: EV_rotate_clockwise
[robot_supervisor-10] [INFO] [1777025062.113228065] [robot_1.robot_supervisor]: rotate_90 blocked by recent completion; stopping this tick
[robot_supervisor-16] [INFO] [1777025062.163383596] [robot_3.robot_supervisor]: Selected controllable event: EV_move_forward
[robot_supervisor-13] [INFO] [1777025062.168990000] [robot_2.robot_supervisor]: Selected controllable event: EV_move_forward
[robot_supervisor-10] [INFO] [1777025062.212849707] [robot_1.robot_supervisor]: Selected controllable event: EV_rotate_clockwise
[robot_supervisor-19] [INFO] [1777025062.217860555] [robot_4.robot_supervisor]: Selected controllable event: EV_move_forward
[image_processor-22] [INFO] [1777025062.351757224] [robot_1.image_processor]: Zone=CORNER  left[p=1.635 near=0 v=7419]  front[p=0.630 near=3310 v=13100]  right[p=0.336 near=7740 v=7740]
[robot_supervisor-10] [INFO] [1777025062.352486100] [robot_1.robot_supervisor]: Detected zone changed to CORNER
[image_processor-23] [INFO] [1777025062.359696520] [robot_2.image_processor]: Zone=CORNER  left[p=2.514 near=0 v=7049]  front[p=0.384 near=13113 v=13500]  right[p=0.346 near=7740 v=7740]
[robot_supervisor-13] [INFO] [1777025062.360244769] [robot_2.robot_supervisor]: Detected zone changed to CORNER
[image_processor-25] [INFO] [1777025062.368104219] [robot_4.image_processor]: Zone=CLEAR
[image_processor-24] [INFO] [1777025062.377497508] [robot_3.image_processor]: Zone=CORNER  left[p=0.616 near=7650 v=7650]  front[p=0.482 near=13500 v=13500]  right[p=0.419 near=7740 v=7740]
[robot_supervisor-16] [INFO] [1777025062.377979134] [robot_3.robot_supervisor]: Detected zone changed to CORNER
[robot_supervisor-7] [INFO] [1777025062.384351845] [robot_0.robot_supervisor]: Selected controllable event: EV_random_walk
[image_processor-21] [INFO] [1777025062.385213282] [robot_0.image_processor]: Zone=CORNER  left[p=2.214 near=0 v=7650]  front[p=0.466 near=4943 v=13500]  right[p=0.237 near=7740 v=7740]
[robot_supervisor-7] [INFO] [1777025062.385564625] [robot_0.robot_supervisor]: Detected zone changed to CORNER
[robot_supervisor-16] [INFO] [1777025062.463285900] [robot_3.robot_supervisor]: Selected controllable event: EV_rotate_clockwise
[robot_supervisor-13] [INFO] [1777025062.469293738] [robot_2.robot_supervisor]: Selected controllable event: EV_rotate_clockwise
[bump_counter-3] [INFO] [1777025062.473335486] [bump_counter]: [global] bump #5 (obstacle) with: box2::link::collision
[robot_supervisor-19] [INFO] [1777025062.517804314] [robot_4.robot_supervisor]: Selected controllable event: EV_random_walk
[robot_supervisor-7] [INFO] [1777025062.683905934] [robot_0.robot_supervisor]: Selected controllable event: EV_rotate_clockwise
[robot_supervisor-19] [INFO] [1777025062.817827601] [robot_4.robot_supervisor]: Selected controllable event: EV_move_forward
[robot_supervisor-19] [INFO] [1777025063.118120056] [robot_4.robot_supervisor]: Selected controllable event: EV_random_walk
[robot_supervisor-19] [INFO] [1777025063.417929981] [robot_4.robot_supervisor]: Selected controllable event: EV_move_forward
[robot_supervisor-19] [INFO] [1777025063.717709162] [robot_4.robot_supervisor]: Selected controllable event: EV_random_walk
[robot_supervisor-19] [INFO] [1777025064.018010385] [robot_4.robot_supervisor]: Selected controllable event: EV_move_forward
[robot_supervisor-19] [INFO] [1777025064.317986106] [robot_4.robot_supervisor]: Selected controllable event: EV_random_walk
[robot_supervisor-10] [INFO] [1777025064.413032255] [robot_1.robot_supervisor]: Selected controllable event: EV_rotate_clockwise
[robot_supervisor-10] [INFO] [1777025064.413421718] [robot_1.robot_supervisor]: rotate_90 blocked by recent completion; stopping this tick
[robot_supervisor-10] [INFO] [1777025064.512935842] [robot_1.robot_supervisor]: Selected controllable event: EV_rotate_clockwise
[robot_supervisor-10] [INFO] [1777025064.513258303] [robot_1.robot_supervisor]: rotate_90 blocked by recent completion; stopping this tick
[robot_supervisor-16] [INFO] [1777025064.563195022] [robot_3.robot_supervisor]: Selected controllable event: EV_rotate_clockwise
[robot_supervisor-16] [INFO] [1777025064.563432355] [robot_3.robot_supervisor]: rotate_90 blocked by recent completion; stopping this tick
[robot_supervisor-10] [INFO] [1777025064.612935273] [robot_1.robot_supervisor]: Selected controllable event: EV_rotate_clockwise
[robot_supervisor-19] [INFO] [1777025064.618116546] [robot_4.robot_supervisor]: Selected controllable event: EV_move_forward
[robot_supervisor-16] [INFO] [1777025064.663285079] [robot_3.robot_supervisor]: Selected controllable event: EV_rotate_clockwise
[robot_supervisor-16] [INFO] [1777025064.663637375] [robot_3.robot_supervisor]: rotate_90 blocked by recent completion; stopping this tick
[robot_supervisor-13] [INFO] [1777025064.669345089] [robot_2.robot_supervisor]: Selected controllable event: EV_rotate_clockwise
[robot_supervisor-13] [INFO] [1777025064.669751976] [robot_2.robot_supervisor]: rotate_90 blocked by recent completion; stopping this tick
[robot_supervisor-16] [INFO] [1777025064.763457632] [robot_3.robot_supervisor]: Selected controllable event: EV_rotate_clockwise
[robot_supervisor-16] [INFO] [1777025064.763657586] [robot_3.robot_supervisor]: rotate_90 blocked by recent completion; stopping this tick
[robot_supervisor-13] [INFO] [1777025064.769244147] [robot_2.robot_supervisor]: Selected controllable event: EV_rotate_clockwise
[robot_supervisor-13] [INFO] [1777025064.769553353] [robot_2.robot_supervisor]: rotate_90 blocked by recent completion; stopping this tick
[image_processor-22] [INFO] [1777025064.848047446] [robot_1.image_processor]: Zone=CORNER
[image_processor-23] [INFO] [1777025064.856320789] [robot_2.image_processor]: Zone=LEFT  left[p=0.676 near=814 v=7650]  front[p=2.034 near=0 v=13500]  right[p=1.084 near=0 v=7740]
[robot_supervisor-13] [INFO] [1777025064.857130558] [robot_2.robot_supervisor]: Detected zone changed to LEFT
[robot_supervisor-16] [INFO] [1777025064.863049706] [robot_3.robot_supervisor]: Selected controllable event: EV_rotate_clockwise
[image_processor-25] [INFO] [1777025064.864494475] [robot_4.image_processor]: Zone=CLEAR
[robot_supervisor-13] [INFO] [1777025064.869236740] [robot_2.robot_supervisor]: Selected controllable event: EV_rotate_clockwise
[image_processor-24] [INFO] [1777025064.876094141] [robot_3.image_processor]: Zone=LEFT  left[p=0.493 near=7370 v=7650]  front[p=0.935 near=0 v=12484]  right[p=1.484 near=0 v=7407]
[robot_supervisor-16] [INFO] [1777025064.876588538] [robot_3.robot_supervisor]: Detected zone changed to LEFT
[robot_supervisor-7] [INFO] [1777025064.884084012] [robot_0.robot_supervisor]: Selected controllable event: EV_rotate_clockwise
[robot_supervisor-7] [INFO] [1777025064.884459571] [robot_0.robot_supervisor]: rotate_90 blocked by recent completion; stopping this tick
[image_processor-21] [INFO] [1777025064.886124162] [robot_0.image_processor]: Zone=CORNER
[robot_supervisor-19] [INFO] [1777025064.918146217] [robot_4.robot_supervisor]: Selected controllable event: EV_random_walk
[robot_supervisor-7] [INFO] [1777025064.983886066] [robot_0.robot_supervisor]: Selected controllable event: EV_rotate_clockwise
[robot_supervisor-7] [INFO] [1777025064.984149467] [robot_0.robot_supervisor]: rotate_90 blocked by recent completion; stopping this tick
[robot_supervisor-7] [INFO] [1777025065.084056301] [robot_0.robot_supervisor]: Selected controllable event: EV_rotate_clockwise
[robot_supervisor-19] [INFO] [1777025065.217856051] [robot_4.robot_supervisor]: Selected controllable event: EV_move_forward
[robot_supervisor-19] [INFO] [1777025065.517856860] [robot_4.robot_supervisor]: Selected controllable event: EV_random_walk
[robot_supervisor-19] [INFO] [1777025065.817806461] [robot_4.robot_supervisor]: Selected controllable event: EV_move_forward
[robot_supervisor-19] [INFO] [1777025066.117872110] [robot_4.robot_supervisor]: Selected controllable event: EV_random_walk
[robot_supervisor-19] [INFO] [1777025066.417715045] [robot_4.robot_supervisor]: Selected controllable event: EV_move_forward
[robot_supervisor-10] [INFO] [1777025066.713374137] [robot_1.robot_supervisor]: Selected controllable event: EV_rotate_clockwise
[robot_supervisor-10] [INFO] [1777025066.713953045] [robot_1.robot_supervisor]: rotate_90 blocked by recent completion; stopping this tick
[robot_supervisor-19] [INFO] [1777025066.718064815] [robot_4.robot_supervisor]: Selected controllable event: EV_random_walk
[robot_supervisor-10] [INFO] [1777025066.812919870] [robot_1.robot_supervisor]: Selected controllable event: EV_rotate_clockwise
[robot_supervisor-10] [INFO] [1777025066.813508691] [robot_1.robot_supervisor]: rotate_90 blocked by recent completion; stopping this tick
[robot_supervisor-10] [INFO] [1777025066.913080817] [robot_1.robot_supervisor]: Selected controllable event: EV_rotate_clockwise
[robot_supervisor-10] [INFO] [1777025066.913448479] [robot_1.robot_supervisor]: rotate_90 blocked by recent completion; stopping this tick
[robot_supervisor-16] [INFO] [1777025066.963302620] [robot_3.robot_supervisor]: Selected controllable event: EV_rotate_clockwise
[robot_supervisor-16] [INFO] [1777025066.963662582] [robot_3.robot_supervisor]: rotate_90 blocked by recent completion; stopping this tick
[robot_supervisor-13] [INFO] [1777025066.969523406] [robot_2.robot_supervisor]: Selected controllable event: EV_rotate_clockwise
[robot_supervisor-13] [INFO] [1777025066.969872537] [robot_2.robot_supervisor]: rotate_90 blocked by recent completion; stopping this tick
[robot_supervisor-10] [INFO] [1777025067.012723459] [robot_1.robot_supervisor]: Selected controllable event: EV_rotate_clockwise
[robot_supervisor-19] [INFO] [1777025067.017905307] [robot_4.robot_supervisor]: Selected controllable event: EV_move_forward
[robot_supervisor-16] [INFO] [1777025067.063298088] [robot_3.robot_supervisor]: Selected controllable event: EV_rotate_clockwise
[robot_supervisor-16] [INFO] [1777025067.063677075] [robot_3.robot_supervisor]: rotate_90 blocked by recent completion; stopping this tick
[robot_supervisor-13] [INFO] [1777025067.069603177] [robot_2.robot_supervisor]: Selected controllable event: EV_rotate_clockwise
[robot_supervisor-13] [INFO] [1777025067.070088445] [robot_2.robot_supervisor]: rotate_90 blocked by recent completion; stopping this tick
[robot_supervisor-16] [INFO] [1777025067.163319400] [robot_3.robot_supervisor]: Selected controllable event: EV_rotate_clockwise
[robot_supervisor-16] [INFO] [1777025067.163688161] [robot_3.robot_supervisor]: rotate_90 blocked by recent completion; stopping this tick
[robot_supervisor-13] [INFO] [1777025067.169515040] [robot_2.robot_supervisor]: Selected controllable event: EV_rotate_clockwise
[robot_supervisor-13] [INFO] [1777025067.169998150] [robot_2.robot_supervisor]: rotate_90 blocked by recent completion; stopping this tick
[robot_supervisor-16] [INFO] [1777025067.263242654] [robot_3.robot_supervisor]: Selected controllable event: EV_rotate_clockwise
[robot_supervisor-13] [INFO] [1777025067.269055104] [robot_2.robot_supervisor]: Selected controllable event: EV_rotate_clockwise
[robot_supervisor-7] [INFO] [1777025067.283689330] [robot_0.robot_supervisor]: Selected controllable event: EV_rotate_clockwise
[robot_supervisor-7] [INFO] [1777025067.283972635] [robot_0.robot_supervisor]: rotate_90 blocked by recent completion; stopping this tick
[robot_supervisor-19] [INFO] [1777025067.317631252] [robot_4.robot_supervisor]: Selected controllable event: EV_random_walk
[image_processor-22] [INFO] [1777025067.350457262] [robot_1.image_processor]: Zone=CLEAR  left[p=1.272 near=0 v=7650]  front[p=2.769 near=0 v=11420]  right[p=1.299 near=0 v=5200]
[robot_supervisor-10] [INFO] [1777025067.351184744] [robot_1.robot_supervisor]: Detected zone changed to CLEAR
[image_processor-23] [INFO] [1777025067.364935584] [robot_2.image_processor]: Zone=LEFT
[image_processor-25] [INFO] [1777025067.374112009] [robot_4.image_processor]: Zone=CLEAR
[robot_supervisor-7] [INFO] [1777025067.383866532] [robot_0.robot_supervisor]: Selected controllable event: EV_rotate_clockwise
[robot_supervisor-7] [INFO] [1777025067.384167533] [robot_0.robot_supervisor]: rotate_90 blocked by recent completion; stopping this tick
[image_processor-24] [INFO] [1777025067.391694907] [robot_3.image_processor]: Zone=LEFT
[image_processor-21] [INFO] [1777025067.407273979] [robot_0.image_processor]: Zone=CLEAR  left[p=2.824 near=0 v=4990]  front[p=2.823 near=0 v=8861]  right[p=3.298 near=0 v=6730]
[robot_supervisor-7] [INFO] [1777025067.407756374] [robot_0.robot_supervisor]: Detected zone changed to CLEAR
[robot_supervisor-7] [INFO] [1777025067.484011435] [robot_0.robot_supervisor]: Selected controllable event: EV_random_walk
[robot_supervisor-19] [INFO] [1777025067.617885807] [robot_4.robot_supervisor]: Selected controllable event: EV_move_forward
[robot_supervisor-7] [INFO] [1777025067.783716006] [robot_0.robot_supervisor]: Selected controllable event: EV_move_forward
[robot_supervisor-19] [INFO] [1777025067.917920010] [robot_4.robot_supervisor]: Selected controllable event: EV_random_walk
[robot_supervisor-7] [INFO] [1777025067.984818303] [robot_0.robot_supervisor]: Selected controllable event: EV_random_walk
[robot_supervisor-19] [INFO] [1777025068.217896123] [robot_4.robot_supervisor]: Selected controllable event: EV_move_forward
[robot_supervisor-7] [INFO] [1777025068.283995015] [robot_0.robot_supervisor]: Selected controllable event: EV_move_forward
[robot_supervisor-19] [INFO] [1777025068.517636669] [robot_4.robot_supervisor]: Selected controllable event: EV_random_walk
[robot_supervisor-7] [INFO] [1777025068.583906144] [robot_0.robot_supervisor]: Selected controllable event: EV_random_walk
[robot_supervisor-19] [INFO] [1777025068.817917608] [robot_4.robot_supervisor]: Selected controllable event: EV_move_forward
[robot_supervisor-7] [INFO] [1777025068.884037375] [robot_0.robot_supervisor]: Selected controllable event: EV_move_forward
[robot_supervisor-10] [INFO] [1777025069.113047645] [robot_1.robot_supervisor]: Selected controllable event: EV_random_walk
[robot_supervisor-19] [INFO] [1777025069.117947932] [robot_4.robot_supervisor]: Selected controllable event: EV_random_walk
[robot_supervisor-7] [INFO] [1777025069.184003538] [robot_0.robot_supervisor]: Selected controllable event: EV_random_walk
[robot_supervisor-10] [INFO] [1777025069.413020674] [robot_1.robot_supervisor]: Selected controllable event: EV_move_forward
[robot_supervisor-19] [INFO] [1777025069.418164741] [robot_4.robot_supervisor]: Selected controllable event: EV_move_forward
[robot_supervisor-16] [INFO] [1777025069.463336451] [robot_3.robot_supervisor]: Selected controllable event: EV_rotate_clockwise
[robot_supervisor-16] [INFO] [1777025069.463849081] [robot_3.robot_supervisor]: rotate_90 blocked by recent completion; stopping this tick
[robot_supervisor-13] [INFO] [1777025069.469264597] [robot_2.robot_supervisor]: Selected controllable event: EV_rotate_clockwise
[robot_supervisor-13] [INFO] [1777025069.469543129] [robot_2.robot_supervisor]: rotate_90 blocked by recent completion; stopping this tick
[robot_supervisor-7] [INFO] [1777025069.483868339] [robot_0.robot_supervisor]: Selected controllable event: EV_move_forward
[robot_supervisor-16] [INFO] [1777025069.563460556] [robot_3.robot_supervisor]: Selected controllable event: EV_rotate_clockwise
[robot_supervisor-16] [INFO] [1777025069.563783279] [robot_3.robot_supervisor]: rotate_90 blocked by recent completion; stopping this tick
[robot_supervisor-13] [INFO] [1777025069.569193409] [robot_2.robot_supervisor]: Selected controllable event: EV_rotate_clockwise
[robot_supervisor-13] [INFO] [1777025069.569456468] [robot_2.robot_supervisor]: rotate_90 blocked by recent completion; stopping this tick
[robot_supervisor-16] [INFO] [1777025069.663454054] [robot_3.robot_supervisor]: Selected controllable event: EV_rotate_clockwise
[robot_supervisor-13] [INFO] [1777025069.668983695] [robot_2.robot_supervisor]: Selected controllable event: EV_rotate_clockwise
[robot_supervisor-10] [INFO] [1777025069.712896018] [robot_1.robot_supervisor]: Selected controllable event: EV_random_walk
[robot_supervisor-19] [INFO] [1777025069.717898810] [robot_4.robot_supervisor]: Selected controllable event: EV_random_walk
[robot_supervisor-7] [INFO] [1777025069.783741774] [robot_0.robot_supervisor]: Selected controllable event: EV_random_walk
[image_processor-22] [INFO] [1777025069.853821136] [robot_1.image_processor]: Zone=CLEAR
[image_processor-23] [INFO] [1777025069.869153553] [robot_2.image_processor]: Zone=CLEAR  left[p=2.892 near=0 v=5036]  front[p=2.395 near=0 v=9485]  right[p=2.136 near=0 v=7397]
[robot_supervisor-13] [INFO] [1777025069.869751294] [robot_2.robot_supervisor]: Detected zone changed to CLEAR
[image_processor-25] [INFO] [1777025069.877515997] [robot_4.image_processor]: Zone=CLEAR
[image_processor-24] [INFO] [1777025069.886453103] [robot_3.image_processor]: Zone=RIGHT  left[p=2.006 near=0 v=7650]  front[p=1.544 near=0 v=13500]  right[p=0.724 near=1936 v=7740]
[robot_supervisor-16] [INFO] [1777025069.887072722] [robot_3.robot_supervisor]: Detected zone changed to RIGHT
[image_processor-21] [INFO] [1777025069.904388336] [robot_0.image_processor]: Zone=CLEAR
[robot_supervisor-10] [INFO] [1777025070.013310795] [robot_1.robot_supervisor]: Selected controllable event: EV_move_forward
[robot_supervisor-19] [INFO] [1777025070.018098080] [robot_4.robot_supervisor]: Selected controllable event: EV_move_forward
[robot_supervisor-7] [INFO] [1777025070.084264885] [robot_0.robot_supervisor]: Selected controllable event: EV_move_forward
[robot_supervisor-10] [INFO] [1777025070.313112294] [robot_1.robot_supervisor]: Selected controllable event: EV_random_walk
[robot_supervisor-19] [INFO] [1777025070.317906723] [robot_4.robot_supervisor]: Selected controllable event: EV_random_walk
[robot_supervisor-7] [INFO] [1777025070.383971997] [robot_0.robot_supervisor]: Selected controllable event: EV_random_walk
[robot_supervisor-10] [INFO] [1777025070.612903684] [robot_1.robot_supervisor]: Selected controllable event: EV_move_forward
[robot_supervisor-19] [INFO] [1777025070.617859142] [robot_4.robot_supervisor]: Selected controllable event: EV_move_forward
[robot_supervisor-7] [INFO] [1777025070.684202084] [robot_0.robot_supervisor]: Selected controllable event: EV_move_forward
[robot_supervisor-10] [INFO] [1777025070.912994404] [robot_1.robot_supervisor]: Selected controllable event: EV_random_walk
[robot_supervisor-19] [INFO] [1777025070.917924904] [robot_4.robot_supervisor]: Selected controllable event: EV_random_walk
[robot_supervisor-7] [INFO] [1777025070.984079254] [robot_0.robot_supervisor]: Selected controllable event: EV_random_walk
[robot_supervisor-10] [INFO] [1777025071.213117821] [robot_1.robot_supervisor]: Selected controllable event: EV_move_forward
[robot_supervisor-19] [INFO] [1777025071.217670515] [robot_4.robot_supervisor]: Selected controllable event: EV_move_forward
[robot_supervisor-7] [INFO] [1777025071.284217789] [robot_0.robot_supervisor]: Selected controllable event: EV_move_forward
[robot_supervisor-10] [INFO] [1777025071.512883178] [robot_1.robot_supervisor]: Selected controllable event: EV_random_walk
[robot_supervisor-19] [INFO] [1777025071.518019668] [robot_4.robot_supervisor]: Selected controllable event: EV_random_walk
[robot_supervisor-7] [INFO] [1777025071.583641463] [robot_0.robot_supervisor]: Selected controllable event: EV_random_walk
[robot_supervisor-10] [INFO] [1777025071.812895655] [robot_1.robot_supervisor]: Selected controllable event: EV_move_forward
[robot_supervisor-19] [INFO] [1777025071.817562211] [robot_4.robot_supervisor]: Selected controllable event: EV_move_forward
[robot_supervisor-16] [INFO] [1777025071.863101581] [robot_3.robot_supervisor]: Selected controllable event: EV_rotate_counterclockwise
[robot_supervisor-16] [INFO] [1777025071.863298928] [robot_3.robot_supervisor]: rotate_90 blocked by recent completion; stopping this tick
[robot_supervisor-13] [INFO] [1777025071.869110171] [robot_2.robot_supervisor]: Selected controllable event: EV_random_walk
[robot_supervisor-7] [INFO] [1777025071.883926845] [robot_0.robot_supervisor]: Selected controllable event: EV_move_forward
[robot_supervisor-16] [INFO] [1777025071.963294924] [robot_3.robot_supervisor]: Selected controllable event: EV_rotate_counterclockwise
[robot_supervisor-16] [INFO] [1777025071.963649134] [robot_3.robot_supervisor]: rotate_90 blocked by recent completion; stopping this tick
[robot_supervisor-16] [INFO] [1777025072.063310701] [robot_3.robot_supervisor]: Selected controllable event: EV_rotate_counterclockwise
[robot_supervisor-10] [INFO] [1777025072.113089395] [robot_1.robot_supervisor]: Selected controllable event: EV_random_walk
[robot_supervisor-19] [INFO] [1777025072.117598485] [robot_4.robot_supervisor]: Selected controllable event: EV_random_walk
[robot_supervisor-13] [INFO] [1777025072.169304524] [robot_2.robot_supervisor]: Selected controllable event: EV_move_forward
[robot_supervisor-7] [INFO] [1777025072.183894794] [robot_0.robot_supervisor]: Selected controllable event: EV_random_walk
[image_processor-22] [INFO] [1777025072.350998722] [robot_1.image_processor]: Zone=CLEAR
[image_processor-23] [INFO] [1777025072.362682049] [robot_2.image_processor]: Zone=CORNER  left[p=0.356 near=5511 v=7650]  front[p=0.294 near=13500 v=13500]  right[p=0.295 near=7740 v=7740]
[robot_supervisor-13] [INFO] [1777025072.363421792] [robot_2.robot_supervisor]: Detected zone changed to CORNER
[image_processor-25] [INFO] [1777025072.373552560] [robot_4.image_processor]: Zone=CLEAR
[image_processor-24] [INFO] [1777025072.384596311] [robot_3.image_processor]: Zone=CORNER  left[p=0.523 near=7650 v=7650]  front[p=0.450 near=13500 v=13500]  right[p=0.409 near=7740 v=7740]
[robot_supervisor-16] [INFO] [1777025072.385329809] [robot_3.robot_supervisor]: Detected zone changed to CORNER
[image_processor-21] [INFO] [1777025072.398963492] [robot_0.image_processor]: Zone=CLEAR
[robot_supervisor-10] [INFO] [1777025072.412755945] [robot_1.robot_supervisor]: Selected controllable event: EV_move_forward
[robot_supervisor-19] [INFO] [1777025072.417888008] [robot_4.robot_supervisor]: Selected controllable event: EV_move_forward
[robot_supervisor-13] [INFO] [1777025072.469630233] [robot_2.robot_supervisor]: Selected controllable event: EV_rotate_clockwise
[robot_supervisor-7] [INFO] [1777025072.483948109] [robot_0.robot_supervisor]: Selected controllable event: EV_move_forward
[robot_supervisor-10] [INFO] [1777025072.713071599] [robot_1.robot_supervisor]: Selected controllable event: EV_random_walk
[robot_supervisor-19] [INFO] [1777025072.717869331] [robot_4.robot_supervisor]: Selected controllable event: EV_random_walk
[robot_supervisor-7] [INFO] [1777025072.783898379] [robot_0.robot_supervisor]: Selected controllable event: EV_random_walk
[robot_supervisor-10] [INFO] [1777025073.012936548] [robot_1.robot_supervisor]: Selected controllable event: EV_move_forward
[robot_supervisor-19] [INFO] [1777025073.017849713] [robot_4.robot_supervisor]: Selected controllable event: EV_move_forward
[robot_supervisor-7] [INFO] [1777025073.084435261] [robot_0.robot_supervisor]: Selected controllable event: EV_move_forward
[robot_supervisor-10] [INFO] [1777025073.313111358] [robot_1.robot_supervisor]: Selected controllable event: EV_random_walk
[robot_supervisor-19] [INFO] [1777025073.317846344] [robot_4.robot_supervisor]: Selected controllable event: EV_random_walk
[robot_supervisor-7] [INFO] [1777025073.384606002] [robot_0.robot_supervisor]: Selected controllable event: EV_random_walk
[robot_supervisor-10] [INFO] [1777025073.613111124] [robot_1.robot_supervisor]: Selected controllable event: EV_move_forward
[robot_supervisor-19] [INFO] [1777025073.617842212] [robot_4.robot_supervisor]: Selected controllable event: EV_move_forward
[robot_supervisor-7] [INFO] [1777025073.683966812] [robot_0.robot_supervisor]: Selected controllable event: EV_move_forward
[robot_supervisor-10] [INFO] [1777025073.913179278] [robot_1.robot_supervisor]: Selected controllable event: EV_random_walk
[robot_supervisor-19] [INFO] [1777025073.917911535] [robot_4.robot_supervisor]: Selected controllable event: EV_random_walk
[robot_supervisor-7] [INFO] [1777025073.984304834] [robot_0.robot_supervisor]: Selected controllable event: EV_random_walk
[robot_supervisor-10] [INFO] [1777025074.212936340] [robot_1.robot_supervisor]: Selected controllable event: EV_move_forward
[robot_supervisor-19] [INFO] [1777025074.217859800] [robot_4.robot_supervisor]: Selected controllable event: EV_move_forward
[robot_supervisor-16] [INFO] [1777025074.263446348] [robot_3.robot_supervisor]: Selected controllable event: EV_rotate_clockwise
[robot_supervisor-16] [INFO] [1777025074.263925437] [robot_3.robot_supervisor]: rotate_90 blocked by recent completion; stopping this tick
[robot_supervisor-7] [INFO] [1777025074.284471521] [robot_0.robot_supervisor]: Selected controllable event: EV_move_forward
[robot_supervisor-16] [INFO] [1777025074.363382672] [robot_3.robot_supervisor]: Selected controllable event: EV_rotate_clockwise
[robot_supervisor-16] [INFO] [1777025074.363610851] [robot_3.robot_supervisor]: rotate_90 blocked by recent completion; stopping this tick
[robot_supervisor-16] [INFO] [1777025074.463516392] [robot_3.robot_supervisor]: Selected controllable event: EV_rotate_clockwise
[robot_supervisor-10] [INFO] [1777025074.512948010] [robot_1.robot_supervisor]: Selected controllable event: EV_random_walk
[robot_supervisor-19] [INFO] [1777025074.517830857] [robot_4.robot_supervisor]: Selected controllable event: EV_random_walk
[robot_supervisor-7] [INFO] [1777025074.583950917] [robot_0.robot_supervisor]: Selected controllable event: EV_random_walk
[robot_supervisor-13] [INFO] [1777025074.669288846] [robot_2.robot_supervisor]: Selected controllable event: EV_rotate_clockwise
[robot_supervisor-13] [INFO] [1777025074.669652687] [robot_2.robot_supervisor]: rotate_90 blocked by recent completion; stopping this tick
[robot_supervisor-13] [INFO] [1777025074.769061396] [robot_2.robot_supervisor]: Selected controllable event: EV_rotate_clockwise
[robot_supervisor-13] [INFO] [1777025074.769276786] [robot_2.robot_supervisor]: rotate_90 blocked by recent completion; stopping this tick
[robot_supervisor-10] [INFO] [1777025074.813032865] [robot_1.robot_supervisor]: Selected controllable event: EV_move_forward
[robot_supervisor-19] [INFO] [1777025074.817853646] [robot_4.robot_supervisor]: Selected controllable event: EV_move_forward
[image_processor-22] [INFO] [1777025074.852375398] [robot_1.image_processor]: Zone=CLEAR
[image_processor-23] [INFO] [1777025074.861241344] [robot_2.image_processor]: Zone=CLEAR  left[p=1.378 near=0 v=7650]  front[p=2.102 near=0 v=13500]  right[p=1.033 near=0 v=7740]
[robot_supervisor-13] [INFO] [1777025074.861811343] [robot_2.robot_supervisor]: Detected zone changed to CLEAR
[robot_supervisor-13] [INFO] [1777025074.869109734] [robot_2.robot_supervisor]: Selected controllable event: EV_random_walk
[image_processor-25] [INFO] [1777025074.869527858] [robot_4.image_processor]: Zone=CLEAR
[image_processor-24] [INFO] [1777025074.878048881] [robot_3.image_processor]: Zone=RIGHT  left[p=1.710 near=0 v=7650]  front[p=1.422 near=0 v=13500]  right[p=0.598 near=4384 v=7740]
[robot_supervisor-16] [INFO] [1777025074.878541323] [robot_3.robot_supervisor]: Detected zone changed to RIGHT
[robot_supervisor-7] [INFO] [1777025074.883986417] [robot_0.robot_supervisor]: Selected controllable event: EV_move_forward
[image_processor-21] [INFO] [1777025074.894115805] [robot_0.image_processor]: Zone=CLEAR
[robot_supervisor-10] [INFO] [1777025075.113070070] [robot_1.robot_supervisor]: Selected controllable event: EV_random_walk
[robot_supervisor-19] [INFO] [1777025075.117890583] [robot_4.robot_supervisor]: Selected controllable event: EV_random_walk
[robot_supervisor-13] [INFO] [1777025075.169042592] [robot_2.robot_supervisor]: Selected controllable event: EV_move_forward
[robot_supervisor-7] [INFO] [1777025075.184099882] [robot_0.robot_supervisor]: Selected controllable event: EV_random_walk
[robot_supervisor-10] [INFO] [1777025075.412762490] [robot_1.robot_supervisor]: Selected controllable event: EV_move_forward
[robot_supervisor-19] [INFO] [1777025075.417954507] [robot_4.robot_supervisor]: Selected controllable event: EV_move_forward
[robot_supervisor-13] [INFO] [1777025075.469430861] [robot_2.robot_supervisor]: Selected controllable event: EV_random_walk
[robot_supervisor-7] [INFO] [1777025075.483953387] [robot_0.robot_supervisor]: Selected controllable event: EV_move_forward
[robot_supervisor-10] [INFO] [1777025075.713119385] [robot_1.robot_supervisor]: Selected controllable event: EV_random_walk
[robot_supervisor-19] [INFO] [1777025075.717836102] [robot_4.robot_supervisor]: Selected controllable event: EV_random_walk
[robot_supervisor-13] [INFO] [1777025075.769080629] [robot_2.robot_supervisor]: Selected controllable event: EV_move_forward
[robot_supervisor-7] [INFO] [1777025075.784181860] [robot_0.robot_supervisor]: Selected controllable event: EV_random_walk
[robot_supervisor-10] [INFO] [1777025076.012934554] [robot_1.robot_supervisor]: Selected controllable event: EV_move_forward
[robot_supervisor-19] [INFO] [1777025076.018050846] [robot_4.robot_supervisor]: Selected controllable event: EV_move_forward
[robot_supervisor-13] [INFO] [1777025076.069387185] [robot_2.robot_supervisor]: Selected controllable event: EV_random_walk
[robot_supervisor-7] [INFO] [1777025076.084120758] [robot_0.robot_supervisor]: Selected controllable event: EV_move_forward
[robot_supervisor-10] [INFO] [1777025076.313283272] [robot_1.robot_supervisor]: Selected controllable event: EV_random_walk
[robot_supervisor-19] [INFO] [1777025076.317600418] [robot_4.robot_supervisor]: Selected controllable event: EV_random_walk
[robot_supervisor-13] [INFO] [1777025076.370282152] [robot_2.robot_supervisor]: Selected controllable event: EV_move_forward
[robot_supervisor-7] [INFO] [1777025076.383761136] [robot_0.robot_supervisor]: Selected controllable event: EV_random_walk
[robot_supervisor-10] [INFO] [1777025076.612910971] [robot_1.robot_supervisor]: Selected controllable event: EV_move_forward
[robot_supervisor-19] [INFO] [1777025076.617838551] [robot_4.robot_supervisor]: Selected controllable event: EV_move_forward
[robot_supervisor-16] [INFO] [1777025076.663274511] [robot_3.robot_supervisor]: Selected controllable event: EV_rotate_counterclockwise
[robot_supervisor-16] [INFO] [1777025076.663723359] [robot_3.robot_supervisor]: rotate_90 blocked by recent completion; stopping this tick
[robot_supervisor-13] [INFO] [1777025076.669600613] [robot_2.robot_supervisor]: Selected controllable event: EV_random_walk
[robot_supervisor-7] [INFO] [1777025076.683918346] [robot_0.robot_supervisor]: Selected controllable event: EV_move_forward
[robot_supervisor-16] [INFO] [1777025076.763353494] [robot_3.robot_supervisor]: Selected controllable event: EV_rotate_counterclockwise
[robot_supervisor-16] [INFO] [1777025076.763734381] [robot_3.robot_supervisor]: rotate_90 blocked by recent completion; stopping this tick
[robot_supervisor-16] [INFO] [1777025076.863496263] [robot_3.robot_supervisor]: Selected controllable event: EV_rotate_counterclockwise
[robot_supervisor-10] [INFO] [1777025076.912992218] [robot_1.robot_supervisor]: Selected controllable event: EV_random_walk
[robot_supervisor-19] [INFO] [1777025076.917624429] [robot_4.robot_supervisor]: Selected controllable event: EV_random_walk
[robot_supervisor-13] [INFO] [1777025076.969567508] [robot_2.robot_supervisor]: Selected controllable event: EV_move_forward
[robot_supervisor-7] [INFO] [1777025076.984361695] [robot_0.robot_supervisor]: Selected controllable event: EV_random_walk
[robot_supervisor-10] [INFO] [1777025077.212950089] [robot_1.robot_supervisor]: Selected controllable event: EV_move_forward
[robot_supervisor-19] [INFO] [1777025077.217895106] [robot_4.robot_supervisor]: Selected controllable event: EV_move_forward
[robot_supervisor-13] [INFO] [1777025077.269558235] [robot_2.robot_supervisor]: Selected controllable event: EV_random_walk
[robot_supervisor-7] [INFO] [1777025077.283924233] [robot_0.robot_supervisor]: Selected controllable event: EV_move_forward
[image_processor-22] [INFO] [1777025077.351087742] [robot_1.image_processor]: Zone=CLEAR
[image_processor-23] [INFO] [1777025077.359780137] [robot_2.image_processor]: Zone=CLEAR
[image_processor-25] [INFO] [1777025077.369165379] [robot_4.image_processor]: Zone=CLEAR
[image_processor-24] [INFO] [1777025077.378658025] [robot_3.image_processor]: Zone=CORNER  left[p=0.623 near=7150 v=7650]  front[p=0.452 near=13500 v=13500]  right[p=0.381 near=7740 v=7740]
[robot_supervisor-16] [INFO] [1777025077.379203495] [robot_3.robot_supervisor]: Detected zone changed to CORNER
[image_processor-21] [INFO] [1777025077.390385634] [robot_0.image_processor]: Zone=CLEAR
[robot_supervisor-10] [INFO] [1777025077.512893612] [robot_1.robot_supervisor]: Selected controllable event: EV_random_walk
[robot_supervisor-19] [INFO] [1777025077.517753455] [robot_4.robot_supervisor]: Selected controllable event: EV_random_walk
[robot_supervisor-13] [INFO] [1777025077.569306618] [robot_2.robot_supervisor]: Selected controllable event: EV_move_forward
[robot_supervisor-7] [INFO] [1777025077.583799779] [robot_0.robot_supervisor]: Selected controllable event: EV_random_walk
[robot_supervisor-10] [INFO] [1777025077.812968947] [robot_1.robot_supervisor]: Selected controllable event: EV_move_forward
[robot_supervisor-19] [INFO] [1777025077.817752033] [robot_4.robot_supervisor]: Selected controllable event: EV_move_forward
[robot_supervisor-13] [INFO] [1777025077.869471126] [robot_2.robot_supervisor]: Selected controllable event: EV_random_walk
[robot_supervisor-7] [INFO] [1777025077.883847803] [robot_0.robot_supervisor]: Selected controllable event: EV_move_forward
[robot_supervisor-10] [INFO] [1777025078.112958710] [robot_1.robot_supervisor]: Selected controllable event: EV_random_walk
[robot_supervisor-19] [INFO] [1777025078.118053760] [robot_4.robot_supervisor]: Selected controllable event: EV_random_walk
[robot_supervisor-13] [INFO] [1777025078.169289866] [robot_2.robot_supervisor]: Selected controllable event: EV_move_forward
[robot_supervisor-7] [INFO] [1777025078.184030037] [robot_0.robot_supervisor]: Selected controllable event: EV_random_walk
[robot_supervisor-10] [INFO] [1777025078.412981375] [robot_1.robot_supervisor]: Selected controllable event: EV_move_forward
[robot_supervisor-19] [INFO] [1777025078.418243009] [robot_4.robot_supervisor]: Selected controllable event: EV_move_forward
[robot_supervisor-13] [INFO] [1777025078.469057715] [robot_2.robot_supervisor]: Selected controllable event: EV_random_walk
[robot_supervisor-7] [INFO] [1777025078.483745904] [robot_0.robot_supervisor]: Selected controllable event: EV_move_forward
[robot_supervisor-10] [INFO] [1777025078.712969422] [robot_1.robot_supervisor]: Selected controllable event: EV_random_walk
[robot_supervisor-19] [INFO] [1777025078.717537747] [robot_4.robot_supervisor]: Selected controllable event: EV_random_walk
[robot_supervisor-13] [INFO] [1777025078.769291300] [robot_2.robot_supervisor]: Selected controllable event: EV_move_forward
[robot_supervisor-7] [INFO] [1777025078.784139999] [robot_0.robot_supervisor]: Selected controllable event: EV_random_walk
[robot_supervisor-16] [INFO] [1777025078.963492120] [robot_3.robot_supervisor]: Selected controllable event: EV_rotate_clockwise
[robot_supervisor-16] [INFO] [1777025078.963970199] [robot_3.robot_supervisor]: rotate_90 blocked by recent completion; stopping this tick
[robot_supervisor-10] [INFO] [1777025079.013380118] [robot_1.robot_supervisor]: Selected controllable event: EV_move_forward
[robot_supervisor-19] [INFO] [1777025079.018207780] [robot_4.robot_supervisor]: Selected controllable event: EV_move_forward
[robot_supervisor-16] [INFO] [1777025079.063456779] [robot_3.robot_supervisor]: Selected controllable event: EV_rotate_clockwise
[robot_supervisor-16] [INFO] [1777025079.063936695] [robot_3.robot_supervisor]: rotate_90 blocked by recent completion; stopping this tick
[robot_supervisor-13] [INFO] [1777025079.069525047] [robot_2.robot_supervisor]: Selected controllable event: EV_random_walk
[robot_supervisor-7] [INFO] [1777025079.084226912] [robot_0.robot_supervisor]: Selected controllable event: EV_move_forward
[robot_supervisor-16] [INFO] [1777025079.163256551] [robot_3.robot_supervisor]: Selected controllable event: EV_rotate_clockwise
[robot_supervisor-16] [INFO] [1777025079.163637264] [robot_3.robot_supervisor]: rotate_90 blocked by recent completion; stopping this tick
[robot_supervisor-16] [INFO] [1777025079.263402610] [robot_3.robot_supervisor]: Selected controllable event: EV_rotate_clockwise
[robot_supervisor-10] [INFO] [1777025079.312854204] [robot_1.robot_supervisor]: Selected controllable event: EV_random_walk
[robot_supervisor-19] [INFO] [1777025079.317585580] [robot_4.robot_supervisor]: Selected controllable event: EV_random_walk
[robot_supervisor-13] [INFO] [1777025079.369668273] [robot_2.robot_supervisor]: Selected controllable event: EV_move_forward
[robot_supervisor-7] [INFO] [1777025079.384044878] [robot_0.robot_supervisor]: Selected controllable event: EV_random_walk
[robot_supervisor-10] [INFO] [1777025079.612725772] [robot_1.robot_supervisor]: Selected controllable event: EV_move_forward
[robot_supervisor-19] [INFO] [1777025079.617853840] [robot_4.robot_supervisor]: Selected controllable event: EV_move_forward
[robot_supervisor-13] [INFO] [1777025079.669152366] [robot_2.robot_supervisor]: Selected controllable event: EV_random_walk
[robot_supervisor-7] [INFO] [1777025079.683734401] [robot_0.robot_supervisor]: Selected controllable event: EV_move_forward
[image_processor-22] [INFO] [1777025079.848846425] [robot_1.image_processor]: Zone=CLEAR
[image_processor-23] [INFO] [1777025079.857291692] [robot_2.image_processor]: Zone=CLEAR
[image_processor-25] [INFO] [1777025079.866667124] [robot_4.image_processor]: Zone=CORNER  left[p=0.401 near=7650 v=7650]  front[p=0.508 near=12633 v=13500]  right[p=0.863 near=74 v=7740]
[robot_supervisor-19] [INFO] [1777025079.867190999] [robot_4.robot_supervisor]: Detected zone changed to CORNER
[image_processor-24] [INFO] [1777025079.874817435] [robot_3.image_processor]: Zone=RIGHT  left[p=1.467 near=0 v=7650]  front[p=0.967 near=0 v=13500]  right[p=0.498 near=7217 v=7740]
[robot_supervisor-16] [INFO] [1777025079.875769054] [robot_3.robot_supervisor]: Detected zone changed to RIGHT
[image_processor-21] [INFO] [1777025079.883191172] [robot_0.image_processor]: Zone=CLEAR
[robot_supervisor-10] [INFO] [1777025079.912957373] [robot_1.robot_supervisor]: Selected controllable event: EV_random_walk
[robot_supervisor-19] [INFO] [1777025079.917616407] [robot_4.robot_supervisor]: Selected controllable event: EV_rotate_clockwise
[robot_supervisor-13] [INFO] [1777025079.969311348] [robot_2.robot_supervisor]: Selected controllable event: EV_move_forward
[robot_supervisor-7] [INFO] [1777025079.983883126] [robot_0.robot_supervisor]: Selected controllable event: EV_random_walk
[robot_supervisor-10] [INFO] [1777025080.212895941] [robot_1.robot_supervisor]: Selected controllable event: EV_move_forward
[robot_supervisor-13] [INFO] [1777025080.269382226] [robot_2.robot_supervisor]: Selected controllable event: EV_random_walk
[robot_supervisor-7] [INFO] [1777025080.283910594] [robot_0.robot_supervisor]: Selected controllable event: EV_move_forward
[robot_supervisor-10] [INFO] [1777025080.512778922] [robot_1.robot_supervisor]: Selected controllable event: EV_random_walk
[robot_supervisor-13] [INFO] [1777025080.569315060] [robot_2.robot_supervisor]: Selected controllable event: EV_move_forward
[robot_supervisor-7] [INFO] [1777025080.584377527] [robot_0.robot_supervisor]: Selected controllable event: EV_random_walk
[robot_supervisor-10] [INFO] [1777025080.812937766] [robot_1.robot_supervisor]: Selected controllable event: EV_move_forward
[robot_supervisor-13] [INFO] [1777025080.869501395] [robot_2.robot_supervisor]: Selected controllable event: EV_random_walk
[robot_supervisor-7] [INFO] [1777025080.884166702] [robot_0.robot_supervisor]: Selected controllable event: EV_move_forward
[robot_supervisor-10] [INFO] [1777025081.112923702] [robot_1.robot_supervisor]: Selected controllable event: EV_random_walk
[robot_supervisor-13] [INFO] [1777025081.169001219] [robot_2.robot_supervisor]: Selected controllable event: EV_move_forward
[robot_supervisor-7] [INFO] [1777025081.184170358] [robot_0.robot_supervisor]: Selected controllable event: EV_random_walk
[robot_supervisor-16] [INFO] [1777025081.363669324] [robot_3.robot_supervisor]: Selected controllable event: EV_rotate_counterclockwise
[robot_supervisor-16] [INFO] [1777025081.364260308] [robot_3.robot_supervisor]: rotate_90 blocked by recent completion; stopping this tick
[robot_supervisor-10] [INFO] [1777025081.413009295] [robot_1.robot_supervisor]: Selected controllable event: EV_move_forward
[robot_supervisor-16] [INFO] [1777025081.463108026] [robot_3.robot_supervisor]: Selected controllable event: EV_rotate_counterclockwise
[robot_supervisor-16] [INFO] [1777025081.463296057] [robot_3.robot_supervisor]: rotate_90 blocked by recent completion; stopping this tick
[robot_supervisor-13] [INFO] [1777025081.469394892] [robot_2.robot_supervisor]: Selected controllable event: EV_random_walk
[robot_supervisor-7] [INFO] [1777025081.483740634] [robot_0.robot_supervisor]: Selected controllable event: EV_move_forward
[robot_supervisor-16] [INFO] [1777025081.563021195] [robot_3.robot_supervisor]: Selected controllable event: EV_rotate_counterclockwise
[robot_supervisor-16] [INFO] [1777025081.563198471] [robot_3.robot_supervisor]: rotate_90 blocked by recent completion; stopping this tick
[robot_supervisor-16] [INFO] [1777025081.663287508] [robot_3.robot_supervisor]: Selected controllable event: EV_rotate_counterclockwise
[robot_supervisor-10] [INFO] [1777025081.712936811] [robot_1.robot_supervisor]: Selected controllable event: EV_random_walk
[robot_supervisor-13] [INFO] [1777025081.769319986] [robot_2.robot_supervisor]: Selected controllable event: EV_move_forward
[robot_supervisor-7] [INFO] [1777025081.783712734] [robot_0.robot_supervisor]: Selected controllable event: EV_random_walk
[robot_supervisor-10] [INFO] [1777025082.013035125] [robot_1.robot_supervisor]: Selected controllable event: EV_move_forward
[robot_supervisor-13] [INFO] [1777025082.069109163] [robot_2.robot_supervisor]: Selected controllable event: EV_random_walk
[robot_supervisor-7] [INFO] [1777025082.083935528] [robot_0.robot_supervisor]: Selected controllable event: EV_move_forward
[robot_supervisor-19] [INFO] [1777025082.117980807] [robot_4.robot_supervisor]: Selected controllable event: EV_rotate_clockwise
[robot_supervisor-19] [INFO] [1777025082.118282730] [robot_4.robot_supervisor]: rotate_90 blocked by recent completion; stopping this tick
[robot_supervisor-19] [INFO] [1777025082.218052208] [robot_4.robot_supervisor]: Selected controllable event: EV_rotate_clockwise
[robot_supervisor-19] [INFO] [1777025082.218543642] [robot_4.robot_supervisor]: rotate_90 blocked by recent completion; stopping this tick
[robot_supervisor-10] [INFO] [1777025082.312742038] [robot_1.robot_supervisor]: Selected controllable event: EV_random_walk
[robot_supervisor-19] [INFO] [1777025082.317736680] [robot_4.robot_supervisor]: Selected controllable event: EV_rotate_clockwise
[image_processor-22] [INFO] [1777025082.350874451] [robot_1.image_processor]: Zone=CLEAR
[image_processor-23] [INFO] [1777025082.359283814] [robot_2.image_processor]: Zone=CLEAR
[robot_supervisor-13] [INFO] [1777025082.369108437] [robot_2.robot_supervisor]: Selected controllable event: EV_move_forward
[image_processor-25] [INFO] [1777025082.369467137] [robot_4.image_processor]: Zone=RIGHT  left[p=1.549 near=0 v=7650]  front[p=0.917 near=289 v=13500]  right[p=0.589 near=7737 v=7740]
[robot_supervisor-19] [INFO] [1777025082.369887440] [robot_4.robot_supervisor]: Detected zone changed to RIGHT
[image_processor-24] [INFO] [1777025082.378336803] [robot_3.image_processor]: Zone=CORNER  left[p=0.804 near=694 v=7650]  front[p=0.468 near=13383 v=13500]  right[p=0.368 near=7740 v=7740]
[robot_supervisor-16] [INFO] [1777025082.378830788] [robot_3.robot_supervisor]: Detected zone changed to CORNER
[robot_supervisor-7] [INFO] [1777025082.383941609] [robot_0.robot_supervisor]: Selected controllable event: EV_random_walk
[image_processor-21] [INFO] [1777025082.387512674] [robot_0.image_processor]: Zone=CLEAR
[robot_supervisor-10] [INFO] [1777025082.612914474] [robot_1.robot_supervisor]: Selected controllable event: EV_move_forward
[robot_supervisor-13] [INFO] [1777025082.669376528] [robot_2.robot_supervisor]: Selected controllable event: EV_random_walk
[robot_supervisor-7] [INFO] [1777025082.683683002] [robot_0.robot_supervisor]: Selected controllable event: EV_move_forward
[robot_supervisor-10] [INFO] [1777025082.913198176] [robot_1.robot_supervisor]: Selected controllable event: EV_random_walk
[robot_supervisor-13] [INFO] [1777025082.969272754] [robot_2.robot_supervisor]: Selected controllable event: EV_move_forward
[robot_supervisor-7] [INFO] [1777025082.984459384] [robot_0.robot_supervisor]: Selected controllable event: EV_random_walk
[robot_supervisor-10] [INFO] [1777025083.212936311] [robot_1.robot_supervisor]: Selected controllable event: EV_move_forward
[robot_supervisor-13] [INFO] [1777025083.269391597] [robot_2.robot_supervisor]: Selected controllable event: EV_random_walk
[robot_supervisor-7] [INFO] [1777025083.283901844] [robot_0.robot_supervisor]: Selected controllable event: EV_move_forward
[robot_supervisor-10] [INFO] [1777025083.512995916] [robot_1.robot_supervisor]: Selected controllable event: EV_random_walk
[robot_supervisor-13] [INFO] [1777025083.569520229] [robot_2.robot_supervisor]: Selected controllable event: EV_move_forward
[robot_supervisor-7] [INFO] [1777025083.584215321] [robot_0.robot_supervisor]: Selected controllable event: EV_random_walk
[robot_supervisor-10] [INFO] [1777025083.812862920] [robot_1.robot_supervisor]: Selected controllable event: EV_move_forward
[robot_supervisor-16] [INFO] [1777025083.863405656] [robot_3.robot_supervisor]: Selected controllable event: EV_rotate_clockwise
[robot_supervisor-16] [INFO] [1777025083.863769627] [robot_3.robot_supervisor]: rotate_90 blocked by recent completion; stopping this tick
[robot_supervisor-13] [INFO] [1777025083.869308172] [robot_2.robot_supervisor]: Selected controllable event: EV_random_walk
[robot_supervisor-7] [INFO] [1777025083.884004688] [robot_0.robot_supervisor]: Selected controllable event: EV_move_forward
[robot_supervisor-16] [INFO] [1777025083.963260620] [robot_3.robot_supervisor]: Selected controllable event: EV_rotate_clockwise
[robot_supervisor-16] [INFO] [1777025083.963622256] [robot_3.robot_supervisor]: rotate_90 blocked by recent completion; stopping this tick
[robot_supervisor-16] [INFO] [1777025084.063291679] [robot_3.robot_supervisor]: Selected controllable event: EV_rotate_clockwise
[robot_supervisor-10] [INFO] [1777025084.112914814] [robot_1.robot_supervisor]: Selected controllable event: EV_random_walk
[robot_supervisor-13] [INFO] [1777025084.169286393] [robot_2.robot_supervisor]: Selected controllable event: EV_move_forward
[robot_supervisor-7] [INFO] [1777025084.183677664] [robot_0.robot_supervisor]: Selected controllable event: EV_random_walk
[robot_supervisor-10] [INFO] [1777025084.413460214] [robot_1.robot_supervisor]: Selected controllable event: EV_move_forward
[robot_supervisor-19] [INFO] [1777025084.417910975] [robot_4.robot_supervisor]: Selected controllable event: EV_rotate_counterclockwise
[robot_supervisor-19] [INFO] [1777025084.418331255] [robot_4.robot_supervisor]: rotate_90 blocked by recent completion; stopping this tick
[robot_supervisor-13] [INFO] [1777025084.469108710] [robot_2.robot_supervisor]: Selected controllable event: EV_random_walk
[robot_supervisor-7] [INFO] [1777025084.483855044] [robot_0.robot_supervisor]: Selected controllable event: EV_move_forward
[robot_supervisor-19] [INFO] [1777025084.517815946] [robot_4.robot_supervisor]: Selected controllable event: EV_rotate_counterclockwise
[robot_supervisor-19] [INFO] [1777025084.518184870] [robot_4.robot_supervisor]: rotate_90 blocked by recent completion; stopping this tick
[robot_supervisor-19] [INFO] [1777025084.617815171] [robot_4.robot_supervisor]: Selected controllable event: EV_rotate_counterclockwise
[robot_supervisor-19] [INFO] [1777025084.618186393] [robot_4.robot_supervisor]: rotate_90 blocked by recent completion; stopping this tick
[robot_supervisor-10] [INFO] [1777025084.712885341] [robot_1.robot_supervisor]: Selected controllable event: EV_random_walk
[robot_supervisor-19] [INFO] [1777025084.717999589] [robot_4.robot_supervisor]: Selected controllable event: EV_rotate_counterclockwise
[robot_supervisor-13] [INFO] [1777025084.769435117] [robot_2.robot_supervisor]: Selected controllable event: EV_move_forward
[robot_supervisor-7] [INFO] [1777025084.783770266] [robot_0.robot_supervisor]: Selected controllable event: EV_random_walk
[image_processor-22] [INFO] [1777025084.848832194] [robot_1.image_processor]: Zone=CLEAR
[image_processor-25] [INFO] [1777025084.878954306] [robot_4.image_processor]: Zone=RIGHT
[image_processor-24] [INFO] [1777025084.888800104] [robot_3.image_processor]: Zone=CORNER
[image_processor-21] [INFO] [1777025084.896124642] [robot_0.image_processor]: Zone=CLEAR
[image_processor-23] [INFO] [1777025084.958445952] [robot_2.image_processor]: Zone=RIGHT  left[p=0.631 near=5094 v=7650]  front[p=0.627 near=9632 v=13500]  right[p=0.514 near=7740 v=7740]
[robot_supervisor-13] [INFO] [1777025084.959505483] [robot_2.robot_supervisor]: Detected zone changed to RIGHT
[robot_supervisor-10] [INFO] [1777025085.012899501] [robot_1.robot_supervisor]: Selected controllable event: EV_move_forward
[robot_supervisor-13] [INFO] [1777025085.069356811] [robot_2.robot_supervisor]: Selected controllable event: EV_rotate_counterclockwise
[robot_supervisor-7] [INFO] [1777025085.083904949] [robot_0.robot_supervisor]: Selected controllable event: EV_move_forward
[robot_supervisor-10] [INFO] [1777025085.313009493] [robot_1.robot_supervisor]: Selected controllable event: EV_random_walk
[robot_supervisor-7] [INFO] [1777025085.384038886] [robot_0.robot_supervisor]: Selected controllable event: EV_random_walk
[robot_supervisor-10] [INFO] [1777025085.612831870] [robot_1.robot_supervisor]: Selected controllable event: EV_move_forward
[robot_supervisor-7] [INFO] [1777025085.683920420] [robot_0.robot_supervisor]: Selected controllable event: EV_move_forward
[robot_supervisor-10] [INFO] [1777025085.912776388] [robot_1.robot_supervisor]: Selected controllable event: EV_random_walk
[robot_supervisor-7] [INFO] [1777025085.984204912] [robot_0.robot_supervisor]: Selected controllable event: EV_random_walk
[robot_supervisor-10] [INFO] [1777025086.212931162] [robot_1.robot_supervisor]: Selected controllable event: EV_move_forward
[robot_supervisor-16] [INFO] [1777025086.263369248] [robot_3.robot_supervisor]: Selected controllable event: EV_rotate_clockwise
[robot_supervisor-16] [INFO] [1777025086.263753214] [robot_3.robot_supervisor]: rotate_90 blocked by recent completion; stopping this tick
[robot_supervisor-7] [INFO] [1777025086.284009684] [robot_0.robot_supervisor]: Selected controllable event: EV_move_forward
[robot_supervisor-16] [INFO] [1777025086.363067671] [robot_3.robot_supervisor]: Selected controllable event: EV_rotate_clockwise
[robot_supervisor-16] [INFO] [1777025086.363253110] [robot_3.robot_supervisor]: rotate_90 blocked by recent completion; stopping this tick
[robot_supervisor-16] [INFO] [1777025086.463006965] [robot_3.robot_supervisor]: Selected controllable event: EV_rotate_clockwise
[robot_supervisor-10] [INFO] [1777025086.513118659] [robot_1.robot_supervisor]: Selected controllable event: EV_random_walk
[robot_supervisor-7] [INFO] [1777025086.584082081] [robot_0.robot_supervisor]: Selected controllable event: EV_random_walk
[robot_supervisor-10] [INFO] [1777025086.813084459] [robot_1.robot_supervisor]: Selected controllable event: EV_move_forward
[robot_supervisor-19] [INFO] [1777025086.817844533] [robot_4.robot_supervisor]: Selected controllable event: EV_rotate_counterclockwise
[robot_supervisor-19] [INFO] [1777025086.818241927] [robot_4.robot_supervisor]: rotate_90 blocked by recent completion; stopping this tick
[robot_supervisor-7] [INFO] [1777025086.884700322] [robot_0.robot_supervisor]: Selected controllable event: EV_move_forward
[robot_supervisor-19] [INFO] [1777025086.917923330] [robot_4.robot_supervisor]: Selected controllable event: EV_rotate_counterclockwise
[robot_supervisor-19] [INFO] [1777025086.918302646] [robot_4.robot_supervisor]: rotate_90 blocked by recent completion; stopping this tick
[robot_supervisor-19] [INFO] [1777025087.017799243] [robot_4.robot_supervisor]: Selected controllable event: EV_rotate_counterclockwise
[robot_supervisor-19] [INFO] [1777025087.018245019] [robot_4.robot_supervisor]: rotate_90 blocked by recent completion; stopping this tick
[robot_supervisor-10] [INFO] [1777025087.113070485] [robot_1.robot_supervisor]: Selected controllable event: EV_random_walk
[robot_supervisor-19] [INFO] [1777025087.117808750] [robot_4.robot_supervisor]: Selected controllable event: EV_rotate_counterclockwise
[robot_supervisor-7] [INFO] [1777025087.183637475] [robot_0.robot_supervisor]: Selected controllable event: EV_random_walk
[robot_supervisor-13] [INFO] [1777025087.269240672] [robot_2.robot_supervisor]: Selected controllable event: EV_rotate_counterclockwise
[robot_supervisor-13] [INFO] [1777025087.269618551] [robot_2.robot_supervisor]: rotate_90 blocked by recent completion; stopping this tick
[image_processor-22] [INFO] [1777025087.351289020] [robot_1.image_processor]: Zone=CLEAR
[image_processor-23] [INFO] [1777025087.364320905] [robot_2.image_processor]: Zone=CORNER  left[p=1.075 near=0 v=7650]  front[p=0.677 near=6647 v=13500]  right[p=0.544 near=7740 v=7740]
[robot_supervisor-13] [INFO] [1777025087.365230828] [robot_2.robot_supervisor]: Detected zone changed to CORNER
[robot_supervisor-13] [INFO] [1777025087.369359253] [robot_2.robot_supervisor]: Selected controllable event: EV_rotate_clockwise
[robot_supervisor-13] [INFO] [1777025087.369676150] [robot_2.robot_supervisor]: rotate_90 blocked by recent completion; stopping this tick
[image_processor-25] [INFO] [1777025087.376683985] [robot_4.image_processor]: Zone=RIGHT
[image_processor-24] [INFO] [1777025087.384819657] [robot_3.image_processor]: Zone=CORNER
[image_processor-21] [INFO] [1777025087.393603121] [robot_0.image_processor]: Zone=CLEAR
[robot_supervisor-10] [INFO] [1777025087.412982598] [robot_1.robot_supervisor]: Selected controllable event: EV_move_forward
[robot_supervisor-13] [INFO] [1777025087.469621373] [robot_2.robot_supervisor]: Selected controllable event: EV_rotate_clockwise
[robot_supervisor-7] [INFO] [1777025087.483920405] [robot_0.robot_supervisor]: Selected controllable event: EV_move_forward
[robot_supervisor-10] [INFO] [1777025087.712865512] [robot_1.robot_supervisor]: Selected controllable event: EV_random_walk
[robot_supervisor-7] [INFO] [1777025087.783831489] [robot_0.robot_supervisor]: Selected controllable event: EV_random_walk
[robot_supervisor-10] [INFO] [1777025088.012804306] [robot_1.robot_supervisor]: Selected controllable event: EV_move_forward
[robot_supervisor-7] [INFO] [1777025088.083970014] [robot_0.robot_supervisor]: Selected controllable event: EV_move_forward
[robot_supervisor-10] [INFO] [1777025088.312911343] [robot_1.robot_supervisor]: Selected controllable event: EV_random_walk
[robot_supervisor-7] [INFO] [1777025088.384531048] [robot_0.robot_supervisor]: Selected controllable event: EV_random_walk
[robot_supervisor-10] [INFO] [1777025088.612901928] [robot_1.robot_supervisor]: Selected controllable event: EV_move_forward
[robot_supervisor-16] [INFO] [1777025088.663206558] [robot_3.robot_supervisor]: Selected controllable event: EV_rotate_clockwise
[robot_supervisor-16] [INFO] [1777025088.663527571] [robot_3.robot_supervisor]: rotate_90 blocked by recent completion; stopping this tick
[robot_supervisor-7] [INFO] [1777025088.683630313] [robot_0.robot_supervisor]: Selected controllable event: EV_move_forward
[robot_supervisor-16] [INFO] [1777025088.763327821] [robot_3.robot_supervisor]: Selected controllable event: EV_rotate_clockwise
[robot_supervisor-16] [INFO] [1777025088.763701332] [robot_3.robot_supervisor]: rotate_90 blocked by recent completion; stopping this tick
[robot_supervisor-16] [INFO] [1777025088.863366328] [robot_3.robot_supervisor]: Selected controllable event: EV_rotate_clockwise
[robot_supervisor-10] [INFO] [1777025088.913231639] [robot_1.robot_supervisor]: Selected controllable event: EV_random_walk
[robot_supervisor-7] [INFO] [1777025088.984315683] [robot_0.robot_supervisor]: Selected controllable event: EV_random_walk
[robot_supervisor-10] [INFO] [1777025089.213012640] [robot_1.robot_supervisor]: Selected controllable event: EV_move_forward
[robot_supervisor-7] [INFO] [1777025089.284027869] [robot_0.robot_supervisor]: Selected controllable event: EV_move_forward
[robot_supervisor-19] [INFO] [1777025089.317855654] [robot_4.robot_supervisor]: Selected controllable event: EV_rotate_counterclockwise
[robot_supervisor-19] [INFO] [1777025089.318229910] [robot_4.robot_supervisor]: rotate_90 blocked by recent completion; stopping this tick
[robot_supervisor-19] [INFO] [1777025089.417952183] [robot_4.robot_supervisor]: Selected controllable event: EV_rotate_counterclockwise
[robot_supervisor-19] [INFO] [1777025089.418340247] [robot_4.robot_supervisor]: rotate_90 blocked by recent completion; stopping this tick
[robot_supervisor-10] [INFO] [1777025089.513205598] [robot_1.robot_supervisor]: Selected controllable event: EV_random_walk
[robot_supervisor-19] [INFO] [1777025089.517935787] [robot_4.robot_supervisor]: Selected controllable event: EV_rotate_counterclockwise
[robot_supervisor-7] [INFO] [1777025089.583986923] [robot_0.robot_supervisor]: Selected controllable event: EV_random_walk
[robot_supervisor-13] [INFO] [1777025089.669254283] [robot_2.robot_supervisor]: Selected controllable event: EV_rotate_clockwise
[robot_supervisor-13] [INFO] [1777025089.669612949] [robot_2.robot_supervisor]: rotate_90 blocked by recent completion; stopping this tick
[robot_supervisor-13] [INFO] [1777025089.769142594] [robot_2.robot_supervisor]: Selected controllable event: EV_rotate_clockwise
[robot_supervisor-13] [INFO] [1777025089.769320341] [robot_2.robot_supervisor]: rotate_90 blocked by recent completion; stopping this tick
[robot_supervisor-10] [INFO] [1777025089.813022671] [robot_1.robot_supervisor]: Selected controllable event: EV_move_forward
[image_processor-22] [INFO] [1777025089.849781506] [robot_1.image_processor]: Zone=CLEAR
[image_processor-23] [INFO] [1777025089.858678799] [robot_2.image_processor]: Zone=CORNER
[image_processor-25] [INFO] [1777025089.865896352] [robot_4.image_processor]: Zone=CORNER  left[p=0.393 near=7650 v=7650]  front[p=0.474 near=13500 v=13500]  right[p=0.682 near=4725 v=7740]
[robot_supervisor-19] [INFO] [1777025089.866666152] [robot_4.robot_supervisor]: Detected zone changed to CORNER
[robot_supervisor-13] [INFO] [1777025089.869426102] [robot_2.robot_supervisor]: Selected controllable event: EV_rotate_clockwise
[image_processor-24] [INFO] [1777025089.884391889] [robot_3.image_processor]: Zone=CLEAR  left[p=1.576 near=0 v=7024]  front[p=1.750 near=0 v=8783]  right[p=2.897 near=0 v=4870]
[robot_supervisor-7] [INFO] [1777025089.884881430] [robot_0.robot_supervisor]: Selected controllable event: EV_move_forward
[robot_supervisor-16] [INFO] [1777025089.884984704] [robot_3.robot_supervisor]: Detected zone changed to CLEAR
[image_processor-21] [INFO] [1777025089.894484721] [robot_0.image_processor]: Zone=CLEAR
[robot_supervisor-10] [INFO] [1777025090.113122263] [robot_1.robot_supervisor]: Selected controllable event: EV_random_walk
[robot_supervisor-7] [INFO] [1777025090.183778428] [robot_0.robot_supervisor]: Selected controllable event: EV_random_walk
[robot_supervisor-10] [INFO] [1777025090.412702508] [robot_1.robot_supervisor]: Selected controllable event: EV_move_forward
[robot_supervisor-7] [INFO] [1777025090.484014931] [robot_0.robot_supervisor]: Selected controllable event: EV_move_forward
[robot_supervisor-10] [INFO] [1777025090.713019768] [robot_1.robot_supervisor]: Selected controllable event: EV_random_walk
[robot_supervisor-7] [INFO] [1777025090.783921230] [robot_0.robot_supervisor]: Selected controllable event: EV_random_walk
[robot_supervisor-16] [INFO] [1777025090.963327882] [robot_3.robot_supervisor]: Selected controllable event: EV_random_walk
[robot_supervisor-10] [INFO] [1777025091.012891600] [robot_1.robot_supervisor]: Selected controllable event: EV_move_forward
[robot_supervisor-7] [INFO] [1777025091.083980642] [robot_0.robot_supervisor]: Selected controllable event: EV_move_forward
[robot_supervisor-16] [INFO] [1777025091.263407797] [robot_3.robot_supervisor]: Selected controllable event: EV_move_forward
[robot_supervisor-10] [INFO] [1777025091.313099620] [robot_1.robot_supervisor]: Selected controllable event: EV_random_walk
[robot_supervisor-7] [INFO] [1777025091.384243082] [robot_0.robot_supervisor]: Selected controllable event: EV_random_walk
[robot_supervisor-16] [INFO] [1777025091.563281218] [robot_3.robot_supervisor]: Selected controllable event: EV_random_walk
[robot_supervisor-10] [INFO] [1777025091.613049581] [robot_1.robot_supervisor]: Selected controllable event: EV_move_forward
[robot_supervisor-7] [INFO] [1777025091.684055308] [robot_0.robot_supervisor]: Selected controllable event: EV_move_forward
[robot_supervisor-19] [INFO] [1777025091.717628638] [robot_4.robot_supervisor]: Selected controllable event: EV_rotate_clockwise
[robot_supervisor-19] [INFO] [1777025091.717802445] [robot_4.robot_supervisor]: rotate_90 blocked by recent completion; stopping this tick
[robot_supervisor-19] [INFO] [1777025091.817812778] [robot_4.robot_supervisor]: Selected controllable event: EV_rotate_clockwise
[robot_supervisor-19] [INFO] [1777025091.818193665] [robot_4.robot_supervisor]: rotate_90 blocked by recent completion; stopping this tick
[robot_supervisor-16] [INFO] [1777025091.863108483] [robot_3.robot_supervisor]: Selected controllable event: EV_move_forward
[robot_supervisor-10] [INFO] [1777025091.913194201] [robot_1.robot_supervisor]: Selected controllable event: EV_random_walk
[robot_supervisor-19] [INFO] [1777025091.917912550] [robot_4.robot_supervisor]: Selected controllable event: EV_rotate_clockwise
[robot_supervisor-7] [INFO] [1777025091.984186378] [robot_0.robot_supervisor]: Selected controllable event: EV_random_walk
[robot_supervisor-13] [INFO] [1777025092.069316634] [robot_2.robot_supervisor]: Selected controllable event: EV_rotate_clockwise
[robot_supervisor-13] [INFO] [1777025092.069672453] [robot_2.robot_supervisor]: rotate_90 blocked by recent completion; stopping this tick
[robot_supervisor-16] [INFO] [1777025092.163441442] [robot_3.robot_supervisor]: Selected controllable event: EV_random_walk
[robot_supervisor-13] [INFO] [1777025092.169292784] [robot_2.robot_supervisor]: Selected controllable event: EV_rotate_clockwise
[robot_supervisor-13] [INFO] [1777025092.169731025] [robot_2.robot_supervisor]: rotate_90 blocked by recent completion; stopping this tick
[robot_supervisor-10] [INFO] [1777025092.212945978] [robot_1.robot_supervisor]: Selected controllable event: EV_move_forward
[robot_supervisor-13] [INFO] [1777025092.269493193] [robot_2.robot_supervisor]: Selected controllable event: EV_rotate_clockwise
[robot_supervisor-7] [INFO] [1777025092.284020913] [robot_0.robot_supervisor]: Selected controllable event: EV_move_forward
[image_processor-22] [INFO] [1777025092.353005492] [robot_1.image_processor]: Zone=CORNER  left[p=0.401 near=7650 v=7650]  front[p=0.425 near=13500 v=13500]  right[p=0.458 near=5976 v=7740]
[robot_supervisor-10] [INFO] [1777025092.354044196] [robot_1.robot_supervisor]: Detected zone changed to CORNER
[image_processor-23] [INFO] [1777025092.368386487] [robot_2.image_processor]: Zone=LEFT  left[p=0.551 near=6852 v=7650]  front[p=0.886 near=0 v=13464]  right[p=0.567 near=7045 v=7740]
[robot_supervisor-13] [INFO] [1777025092.369038182] [robot_2.robot_supervisor]: Detected zone changed to LEFT
[image_processor-25] [INFO] [1777025092.376882581] [robot_4.image_processor]: Zone=CORNER
[image_processor-24] [INFO] [1777025092.396515846] [robot_3.image_processor]: Zone=CLEAR
[image_processor-21] [INFO] [1777025092.404858570] [robot_0.image_processor]: Zone=RIGHT  left[p=1.698 near=0 v=7650]  front[p=1.038 near=908 v=13500]  right[p=0.328 near=7740 v=7740]
[robot_supervisor-7] [INFO] [1777025092.405527055] [robot_0.robot_supervisor]: Detected zone changed to RIGHT
[robot_supervisor-16] [INFO] [1777025092.463505770] [robot_3.robot_supervisor]: Selected controllable event: EV_move_forward
[robot_supervisor-10] [INFO] [1777025092.512925442] [robot_1.robot_supervisor]: Selected controllable event: EV_rotate_clockwise
[robot_supervisor-7] [INFO] [1777025092.583915950] [robot_0.robot_supervisor]: Selected controllable event: EV_rotate_counterclockwise
[robot_supervisor-16] [INFO] [1777025092.763285528] [robot_3.robot_supervisor]: Selected controllable event: EV_random_walk
[robot_supervisor-16] [INFO] [1777025093.063502584] [robot_3.robot_supervisor]: Selected controllable event: EV_move_forward
[robot_supervisor-16] [INFO] [1777025093.363493904] [robot_3.robot_supervisor]: Selected controllable event: EV_random_walk
[robot_supervisor-16] [INFO] [1777025093.663344779] [robot_3.robot_supervisor]: Selected controllable event: EV_move_forward
[robot_supervisor-16] [INFO] [1777025093.963348391] [robot_3.robot_supervisor]: Selected controllable event: EV_random_walk
[robot_supervisor-19] [INFO] [1777025094.117896978] [robot_4.robot_supervisor]: Selected controllable event: EV_rotate_clockwise
[robot_supervisor-19] [INFO] [1777025094.118323009] [robot_4.robot_supervisor]: rotate_90 blocked by recent completion; stopping this tick
[robot_supervisor-19] [INFO] [1777025094.217651364] [robot_4.robot_supervisor]: Selected controllable event: EV_rotate_clockwise
[robot_supervisor-19] [INFO] [1777025094.217820256] [robot_4.robot_supervisor]: rotate_90 blocked by recent completion; stopping this tick
[robot_supervisor-16] [INFO] [1777025094.263278604] [robot_3.robot_supervisor]: Selected controllable event: EV_move_forward
[robot_supervisor-19] [INFO] [1777025094.317571006] [robot_4.robot_supervisor]: Selected controllable event: EV_rotate_clockwise
[robot_supervisor-13] [INFO] [1777025094.369465824] [robot_2.robot_supervisor]: Selected controllable event: EV_rotate_clockwise
[robot_supervisor-13] [INFO] [1777025094.369668751] [robot_2.robot_supervisor]: rotate_90 blocked by recent completion; stopping this tick
[robot_supervisor-13] [INFO] [1777025094.469100127] [robot_2.robot_supervisor]: Selected controllable event: EV_rotate_clockwise
[robot_supervisor-13] [INFO] [1777025094.469323756] [robot_2.robot_supervisor]: rotate_90 blocked by recent completion; stopping this tick
[robot_supervisor-16] [INFO] [1777025094.563359892] [robot_3.robot_supervisor]: Selected controllable event: EV_random_walk
[robot_supervisor-13] [INFO] [1777025094.569142553] [robot_2.robot_supervisor]: Selected controllable event: EV_rotate_clockwise
[robot_supervisor-13] [INFO] [1777025094.569396805] [robot_2.robot_supervisor]: rotate_90 blocked by recent completion; stopping this tick
[robot_supervisor-10] [INFO] [1777025094.612995017] [robot_1.robot_supervisor]: Selected controllable event: EV_rotate_clockwise
[robot_supervisor-10] [INFO] [1777025094.613380495] [robot_1.robot_supervisor]: rotate_90 blocked by recent completion; stopping this tick
[robot_supervisor-13] [INFO] [1777025094.669283542] [robot_2.robot_supervisor]: Selected controllable event: EV_rotate_clockwise
[robot_supervisor-7] [INFO] [1777025094.683823713] [robot_0.robot_supervisor]: Selected controllable event: EV_rotate_counterclockwise
[robot_supervisor-7] [INFO] [1777025094.684067818] [robot_0.robot_supervisor]: rotate_90 blocked by recent completion; stopping this tick
[robot_supervisor-10] [INFO] [1777025094.712920531] [robot_1.robot_supervisor]: Selected controllable event: EV_rotate_clockwise
[robot_supervisor-10] [INFO] [1777025094.713347686] [robot_1.robot_supervisor]: rotate_90 blocked by recent completion; stopping this tick
[robot_supervisor-7] [INFO] [1777025094.783839100] [robot_0.robot_supervisor]: Selected controllable event: EV_rotate_counterclockwise
[robot_supervisor-7] [INFO] [1777025094.784132809] [robot_0.robot_supervisor]: rotate_90 blocked by recent completion; stopping this tick
[robot_supervisor-10] [INFO] [1777025094.812888643] [robot_1.robot_supervisor]: Selected controllable event: EV_rotate_clockwise
[robot_supervisor-10] [INFO] [1777025094.813350355] [robot_1.robot_supervisor]: rotate_90 blocked by recent completion; stopping this tick
[image_processor-22] [INFO] [1777025094.849670944] [robot_1.image_processor]: Zone=CLEAR  left[p=1.796 near=0 v=7650]  front[p=1.695 near=0 v=13260]  right[p=2.785 near=0 v=7410]
[robot_supervisor-10] [INFO] [1777025094.850333935] [robot_1.robot_supervisor]: Detected zone changed to CLEAR
[robot_supervisor-16] [INFO] [1777025094.863179055] [robot_3.robot_supervisor]: Selected controllable event: EV_move_forward
[image_processor-23] [INFO] [1777025094.865073806] [robot_2.image_processor]: Zone=LEFT
[image_processor-25] [INFO] [1777025094.872944695] [robot_4.image_processor]: Zone=CORNER
[robot_supervisor-7] [INFO] [1777025094.883977949] [robot_0.robot_supervisor]: Selected controllable event: EV_rotate_counterclockwise
[robot_supervisor-7] [INFO] [1777025094.884348510] [robot_0.robot_supervisor]: rotate_90 blocked by recent completion; stopping this tick
[image_processor-24] [INFO] [1777025094.892206458] [robot_3.image_processor]: Zone=CLEAR
[image_processor-21] [INFO] [1777025094.907185433] [robot_0.image_processor]: Zone=RIGHT
[robot_supervisor-10] [INFO] [1777025094.912711499] [robot_1.robot_supervisor]: Selected controllable event: EV_random_walk
[robot_supervisor-7] [INFO] [1777025094.983935754] [robot_0.robot_supervisor]: Selected controllable event: EV_rotate_counterclockwise
[robot_supervisor-16] [INFO] [1777025095.163472880] [robot_3.robot_supervisor]: Selected controllable event: EV_random_walk
[robot_supervisor-10] [INFO] [1777025095.213020751] [robot_1.robot_supervisor]: Selected controllable event: EV_move_forward
[robot_supervisor-16] [INFO] [1777025095.463308900] [robot_3.robot_supervisor]: Selected controllable event: EV_move_forward
[robot_supervisor-10] [INFO] [1777025095.512942670] [robot_1.robot_supervisor]: Selected controllable event: EV_random_walk
[robot_supervisor-16] [INFO] [1777025095.763278729] [robot_3.robot_supervisor]: Selected controllable event: EV_random_walk
[robot_supervisor-10] [INFO] [1777025095.813108335] [robot_1.robot_supervisor]: Selected controllable event: EV_move_forward
[robot_supervisor-16] [INFO] [1777025096.063528953] [robot_3.robot_supervisor]: Selected controllable event: EV_move_forward
[robot_supervisor-10] [INFO] [1777025096.113019514] [robot_1.robot_supervisor]: Selected controllable event: EV_random_walk
[robot_supervisor-16] [INFO] [1777025096.363392540] [robot_3.robot_supervisor]: Selected controllable event: EV_random_walk
[robot_supervisor-10] [INFO] [1777025096.412887883] [robot_1.robot_supervisor]: Selected controllable event: EV_move_forward
[robot_supervisor-19] [INFO] [1777025096.518226480] [robot_4.robot_supervisor]: Selected controllable event: EV_rotate_clockwise
[robot_supervisor-19] [INFO] [1777025096.518716614] [robot_4.robot_supervisor]: rotate_90 blocked by recent completion; stopping this tick
[robot_supervisor-19] [INFO] [1777025096.617842626] [robot_4.robot_supervisor]: Selected controllable event: EV_rotate_clockwise
[robot_supervisor-19] [INFO] [1777025096.618221587] [robot_4.robot_supervisor]: rotate_90 blocked by recent completion; stopping this tick
[robot_supervisor-16] [INFO] [1777025096.663309095] [robot_3.robot_supervisor]: Selected controllable event: EV_move_forward
[robot_supervisor-10] [INFO] [1777025096.713022441] [robot_1.robot_supervisor]: Selected controllable event: EV_random_walk
[robot_supervisor-19] [INFO] [1777025096.717839870] [robot_4.robot_supervisor]: Selected controllable event: EV_rotate_clockwise
[robot_supervisor-13] [INFO] [1777025096.869202172] [robot_2.robot_supervisor]: Selected controllable event: EV_rotate_clockwise
[robot_supervisor-13] [INFO] [1777025096.869400866] [robot_2.robot_supervisor]: rotate_90 blocked by recent completion; stopping this tick
[robot_supervisor-16] [INFO] [1777025096.963054087] [robot_3.robot_supervisor]: Selected controllable event: EV_random_walk
[robot_supervisor-13] [INFO] [1777025096.969347018] [robot_2.robot_supervisor]: Selected controllable event: EV_rotate_clockwise
[robot_supervisor-13] [INFO] [1777025096.969937218] [robot_2.robot_supervisor]: rotate_90 blocked by recent completion; stopping this tick
[robot_supervisor-10] [INFO] [1777025097.013056393] [robot_1.robot_supervisor]: Selected controllable event: EV_move_forward
[robot_supervisor-13] [INFO] [1777025097.069356096] [robot_2.robot_supervisor]: Selected controllable event: EV_rotate_clockwise
[robot_supervisor-7] [INFO] [1777025097.083922194] [robot_0.robot_supervisor]: Selected controllable event: EV_rotate_counterclockwise
[robot_supervisor-7] [INFO] [1777025097.084271858] [robot_0.robot_supervisor]: rotate_90 blocked by recent completion; stopping this tick
[robot_supervisor-7] [INFO] [1777025097.184489177] [robot_0.robot_supervisor]: Selected controllable event: EV_rotate_counterclockwise
[robot_supervisor-7] [INFO] [1777025097.184765938] [robot_0.robot_supervisor]: rotate_90 blocked by recent completion; stopping this tick
[robot_supervisor-16] [INFO] [1777025097.263226602] [robot_3.robot_supervisor]: Selected controllable event: EV_move_forward
[robot_supervisor-7] [INFO] [1777025097.284298390] [robot_0.robot_supervisor]: Selected controllable event: EV_rotate_counterclockwise
[robot_supervisor-7] [INFO] [1777025097.284634298] [robot_0.robot_supervisor]: rotate_90 blocked by recent completion; stopping this tick
[robot_supervisor-10] [INFO] [1777025097.313026158] [robot_1.robot_supervisor]: Selected controllable event: EV_random_walk
[image_processor-22] [INFO] [1777025097.350966451] [robot_1.image_processor]: Zone=CLEAR
[image_processor-23] [INFO] [1777025097.359462494] [robot_2.image_processor]: Zone=CORNER  left[p=0.775 near=2005 v=7650]  front[p=0.664 near=13061 v=13500]  right[p=0.602 near=7740 v=7740]
[robot_supervisor-13] [INFO] [1777025097.360231540] [robot_2.robot_supervisor]: Detected zone changed to CORNER
[image_processor-25] [INFO] [1777025097.374853716] [robot_4.image_processor]: Zone=CORNER
[robot_supervisor-7] [INFO] [1777025097.383748721] [robot_0.robot_supervisor]: Selected controllable event: EV_rotate_counterclockwise
[image_processor-24] [INFO] [1777025097.394412576] [robot_3.image_processor]: Zone=CLEAR
[image_processor-21] [INFO] [1777025097.407769254] [robot_0.image_processor]: Zone=CLEAR  left[p=2.508 near=0 v=7587]  front[p=2.322 near=0 v=8857]  right[p=2.824 near=0 v=4972]
[robot_supervisor-7] [INFO] [1777025097.408236440] [robot_0.robot_supervisor]: Detected zone changed to CLEAR
[robot_supervisor-16] [INFO] [1777025097.563306910] [robot_3.robot_supervisor]: Selected controllable event: EV_random_walk
[robot_supervisor-10] [INFO] [1777025097.612882070] [robot_1.robot_supervisor]: Selected controllable event: EV_move_forward
[robot_supervisor-16] [INFO] [1777025097.863288726] [robot_3.robot_supervisor]: Selected controllable event: EV_move_forward
[robot_supervisor-10] [INFO] [1777025097.913292287] [robot_1.robot_supervisor]: Selected controllable event: EV_random_walk
[robot_supervisor-16] [INFO] [1777025098.163314858] [robot_3.robot_supervisor]: Selected controllable event: EV_random_walk
[robot_supervisor-10] [INFO] [1777025098.213122507] [robot_1.robot_supervisor]: Selected controllable event: EV_move_forward
[robot_supervisor-16] [INFO] [1777025098.463310058] [robot_3.robot_supervisor]: Selected controllable event: EV_move_forward
[robot_supervisor-10] [INFO] [1777025098.512993741] [robot_1.robot_supervisor]: Selected controllable event: EV_random_walk
[robot_supervisor-16] [INFO] [1777025098.763588544] [robot_3.robot_supervisor]: Selected controllable event: EV_random_walk
[robot_supervisor-10] [INFO] [1777025098.812826361] [robot_1.robot_supervisor]: Selected controllable event: EV_move_forward
[robot_supervisor-19] [INFO] [1777025098.917942233] [robot_4.robot_supervisor]: Selected controllable event: EV_rotate_clockwise
[robot_supervisor-19] [INFO] [1777025098.918322942] [robot_4.robot_supervisor]: rotate_90 blocked by recent completion; stopping this tick
[robot_supervisor-19] [INFO] [1777025099.017879217] [robot_4.robot_supervisor]: Selected controllable event: EV_rotate_clockwise
[robot_supervisor-19] [INFO] [1777025099.018262921] [robot_4.robot_supervisor]: rotate_90 blocked by recent completion; stopping this tick
[robot_supervisor-16] [INFO] [1777025099.063275805] [robot_3.robot_supervisor]: Selected controllable event: EV_move_forward
[robot_supervisor-10] [INFO] [1777025099.113041773] [robot_1.robot_supervisor]: Selected controllable event: EV_random_walk
[robot_supervisor-19] [INFO] [1777025099.117868799] [robot_4.robot_supervisor]: Selected controllable event: EV_rotate_clockwise
[robot_supervisor-13] [INFO] [1777025099.269526123] [robot_2.robot_supervisor]: Selected controllable event: EV_rotate_clockwise
[robot_supervisor-13] [INFO] [1777025099.269912993] [robot_2.robot_supervisor]: rotate_90 blocked by recent completion; stopping this tick
[robot_supervisor-16] [INFO] [1777025099.363155895] [robot_3.robot_supervisor]: Selected controllable event: EV_random_walk
[robot_supervisor-13] [INFO] [1777025099.369451910] [robot_2.robot_supervisor]: Selected controllable event: EV_rotate_clockwise
[robot_supervisor-13] [INFO] [1777025099.369755190] [robot_2.robot_supervisor]: rotate_90 blocked by recent completion; stopping this tick
[robot_supervisor-10] [INFO] [1777025099.413234187] [robot_1.robot_supervisor]: Selected controllable event: EV_move_forward
[robot_supervisor-13] [INFO] [1777025099.469621907] [robot_2.robot_supervisor]: Selected controllable event: EV_rotate_clockwise
[robot_supervisor-7] [INFO] [1777025099.584425124] [robot_0.robot_supervisor]: Selected controllable event: EV_random_walk
[robot_supervisor-16] [INFO] [1777025099.663281048] [robot_3.robot_supervisor]: Selected controllable event: EV_move_forward
[robot_supervisor-10] [INFO] [1777025099.713137816] [robot_1.robot_supervisor]: Selected controllable event: EV_random_walk
[image_processor-22] [INFO] [1777025099.850147514] [robot_1.image_processor]: Zone=CORNER  left[p=1.096 near=0 v=7650]  front[p=0.500 near=11955 v=13500]  right[p=0.471 near=7740 v=7740]
[robot_supervisor-10] [INFO] [1777025099.851226529] [robot_1.robot_supervisor]: Detected zone changed to CORNER
[image_processor-23] [INFO] [1777025099.858439673] [robot_2.image_processor]: Zone=CORNER
[image_processor-25] [INFO] [1777025099.873486379] [robot_4.image_processor]: Zone=CLEAR  left[p=2.927 near=0 v=4589]  front[p=2.927 near=0 v=7929]  right[p=1.642 near=0 v=7023]
[robot_supervisor-19] [INFO] [1777025099.874580510] [robot_4.robot_supervisor]: Detected zone changed to CLEAR
[robot_supervisor-7] [INFO] [1777025099.883765137] [robot_0.robot_supervisor]: Selected controllable event: EV_move_forward
[image_processor-24] [INFO] [1777025099.888915801] [robot_3.image_processor]: Zone=CLEAR
[image_processor-21] [INFO] [1777025099.897915966] [robot_0.image_processor]: Zone=CORNER  left[p=0.305 near=7650 v=7650]  front[p=0.518 near=5511 v=13500]  right[p=2.063 near=0 v=7740]
[robot_supervisor-7] [INFO] [1777025099.898367954] [robot_0.robot_supervisor]: Detected zone changed to CORNER
[robot_supervisor-16] [INFO] [1777025099.963058436] [robot_3.robot_supervisor]: Selected controllable event: EV_random_walk
[robot_supervisor-10] [INFO] [1777025100.013107810] [robot_1.robot_supervisor]: Selected controllable event: EV_rotate_clockwise
[robot_supervisor-7] [INFO] [1777025100.184658479] [robot_0.robot_supervisor]: Selected controllable event: EV_rotate_clockwise
[robot_supervisor-16] [INFO] [1777025100.263446760] [robot_3.robot_supervisor]: Selected controllable event: EV_move_forward
[robot_supervisor-16] [INFO] [1777025100.563484913] [robot_3.robot_supervisor]: Selected controllable event: EV_random_walk
[robot_supervisor-16] [INFO] [1777025100.863099813] [robot_3.robot_supervisor]: Selected controllable event: EV_move_forward
[robot_supervisor-16] [INFO] [1777025101.163285631] [robot_3.robot_supervisor]: Selected controllable event: EV_random_walk
[robot_supervisor-19] [INFO] [1777025101.317871464] [robot_4.robot_supervisor]: Selected controllable event: EV_random_walk
[robot_supervisor-16] [INFO] [1777025101.463365661] [robot_3.robot_supervisor]: Selected controllable event: EV_move_forward
[robot_supervisor-13] [INFO] [1777025101.569315349] [robot_2.robot_supervisor]: Selected controllable event: EV_rotate_clockwise
[robot_supervisor-13] [INFO] [1777025101.569708043] [robot_2.robot_supervisor]: rotate_90 blocked by recent completion; stopping this tick
[robot_supervisor-19] [INFO] [1777025101.617854752] [robot_4.robot_supervisor]: Selected controllable event: EV_move_forward
[robot_supervisor-13] [INFO] [1777025101.669275828] [robot_2.robot_supervisor]: Selected controllable event: EV_rotate_clockwise
[robot_supervisor-13] [INFO] [1777025101.669608657] [robot_2.robot_supervisor]: rotate_90 blocked by recent completion; stopping this tick
[robot_supervisor-16] [INFO] [1777025101.763481018] [robot_3.robot_supervisor]: Selected controllable event: EV_random_walk
[robot_supervisor-13] [INFO] [1777025101.769151492] [robot_2.robot_supervisor]: Selected controllable event: EV_rotate_clockwise
[robot_supervisor-13] [INFO] [1777025101.769342507] [robot_2.robot_supervisor]: rotate_90 blocked by recent completion; stopping this tick
[robot_supervisor-13] [INFO] [1777025101.869506809] [robot_2.robot_supervisor]: Selected controllable event: EV_rotate_clockwise
[robot_supervisor-19] [INFO] [1777025101.917947718] [robot_4.robot_supervisor]: Selected controllable event: EV_random_walk
[robot_supervisor-16] [INFO] [1777025102.063296623] [robot_3.robot_supervisor]: Selected controllable event: EV_move_forward
[robot_supervisor-19] [INFO] [1777025102.217848524] [robot_4.robot_supervisor]: Selected controllable event: EV_move_forward
[robot_supervisor-10] [INFO] [1777025102.312879978] [robot_1.robot_supervisor]: Selected controllable event: EV_rotate_clockwise
[robot_supervisor-10] [INFO] [1777025102.313176345] [robot_1.robot_supervisor]: rotate_90 blocked by recent completion; stopping this tick
[image_processor-22] [INFO] [1777025102.351904827] [robot_1.image_processor]: Zone=CLEAR  left[p=2.418 near=0 v=7650]  front[p=2.430 near=0 v=10927]  right[p=3.044 near=0 v=5450]
[robot_supervisor-10] [INFO] [1777025102.352815732] [robot_1.robot_supervisor]: Detected zone changed to CLEAR
[robot_supervisor-16] [INFO] [1777025102.363342593] [robot_3.robot_supervisor]: Selected controllable event: EV_random_walk
[image_processor-23] [INFO] [1777025102.370792450] [robot_2.image_processor]: Zone=CORNER
[image_processor-25] [INFO] [1777025102.382482238] [robot_4.image_processor]: Zone=CORNER  left[p=1.581 near=0 v=6696]  front[p=0.418 near=9674 v=13500]  right[p=0.283 near=7740 v=7740]
[robot_supervisor-7] [INFO] [1777025102.383755045] [robot_0.robot_supervisor]: Selected controllable event: EV_rotate_clockwise
[robot_supervisor-7] [INFO] [1777025102.384039269] [robot_0.robot_supervisor]: rotate_90 blocked by recent completion; stopping this tick
[robot_supervisor-19] [INFO] [1777025102.384267062] [robot_4.robot_supervisor]: Detected zone changed to CORNER
[image_processor-24] [INFO] [1777025102.396421803] [robot_3.image_processor]: Zone=CLEAR
[image_processor-21] [INFO] [1777025102.408567265] [robot_0.image_processor]: Zone=CLEAR  left[p=2.375 near=0 v=7627]  front[p=2.634 near=0 v=8947]  right[p=2.192 near=0 v=4941]
[robot_supervisor-7] [INFO] [1777025102.409078192] [robot_0.robot_supervisor]: Detected zone changed to CLEAR
[robot_supervisor-10] [INFO] [1777025102.413304431] [robot_1.robot_supervisor]: Selected controllable event: EV_random_walk
[robot_supervisor-7] [INFO] [1777025102.483916343] [robot_0.robot_supervisor]: Selected controllable event: EV_random_walk
[robot_supervisor-19] [INFO] [1777025102.518104989] [robot_4.robot_supervisor]: Selected controllable event: EV_rotate_clockwise
[robot_supervisor-16] [INFO] [1777025102.663228299] [robot_3.robot_supervisor]: Selected controllable event: EV_move_forward
[robot_supervisor-10] [INFO] [1777025102.712935573] [robot_1.robot_supervisor]: Selected controllable event: EV_move_forward
[robot_supervisor-7] [INFO] [1777025102.783892397] [robot_0.robot_supervisor]: Selected controllable event: EV_move_forward
[robot_supervisor-16] [INFO] [1777025102.963535546] [robot_3.robot_supervisor]: Selected controllable event: EV_random_walk
[robot_supervisor-10] [INFO] [1777025103.012977706] [robot_1.robot_supervisor]: Selected controllable event: EV_random_walk
[robot_supervisor-7] [INFO] [1777025103.083893587] [robot_0.robot_supervisor]: Selected controllable event: EV_random_walk
[robot_supervisor-16] [INFO] [1777025103.263629970] [robot_3.robot_supervisor]: Selected controllable event: EV_move_forward
[robot_supervisor-10] [INFO] [1777025103.312908738] [robot_1.robot_supervisor]: Selected controllable event: EV_move_forward
[robot_supervisor-7] [INFO] [1777025103.384616559] [robot_0.robot_supervisor]: Selected controllable event: EV_move_forward
[robot_supervisor-16] [INFO] [1777025103.563481888] [robot_3.robot_supervisor]: Selected controllable event: EV_random_walk
[robot_supervisor-10] [INFO] [1777025103.613039137] [robot_1.robot_supervisor]: Selected controllable event: EV_random_walk
[robot_supervisor-7] [INFO] [1777025103.683907977] [robot_0.robot_supervisor]: Selected controllable event: EV_random_walk
[robot_supervisor-16] [INFO] [1777025103.863607500] [robot_3.robot_supervisor]: Selected controllable event: EV_move_forward
[robot_supervisor-10] [INFO] [1777025103.912997692] [robot_1.robot_supervisor]: Selected controllable event: EV_move_forward
[robot_supervisor-13] [INFO] [1777025103.969579872] [robot_2.robot_supervisor]: Selected controllable event: EV_rotate_clockwise
[robot_supervisor-13] [INFO] [1777025103.969873800] [robot_2.robot_supervisor]: rotate_90 blocked by recent completion; stopping this tick
[robot_supervisor-7] [INFO] [1777025103.984022691] [robot_0.robot_supervisor]: Selected controllable event: EV_move_forward
[robot_supervisor-13] [INFO] [1777025104.069272457] [robot_2.robot_supervisor]: Selected controllable event: EV_rotate_clockwise
[robot_supervisor-13] [INFO] [1777025104.069540121] [robot_2.robot_supervisor]: rotate_90 blocked by recent completion; stopping this tick
[robot_supervisor-16] [INFO] [1777025104.163431745] [robot_3.robot_supervisor]: Selected controllable event: EV_random_walk
[robot_supervisor-13] [INFO] [1777025104.169486374] [robot_2.robot_supervisor]: Selected controllable event: EV_rotate_clockwise
[robot_supervisor-13] [INFO] [1777025104.169953842] [robot_2.robot_supervisor]: rotate_90 blocked by recent completion; stopping this tick
[robot_supervisor-10] [INFO] [1777025104.212957307] [robot_1.robot_supervisor]: Selected controllable event: EV_random_walk
[robot_supervisor-13] [INFO] [1777025104.269561787] [robot_2.robot_supervisor]: Selected controllable event: EV_rotate_clockwise
[robot_supervisor-7] [INFO] [1777025104.284211664] [robot_0.robot_supervisor]: Selected controllable event: EV_random_walk
[robot_supervisor-16] [INFO] [1777025104.463506660] [robot_3.robot_supervisor]: Selected controllable event: EV_move_forward
[robot_supervisor-10] [INFO] [1777025104.513146848] [robot_1.robot_supervisor]: Selected controllable event: EV_move_forward
[robot_supervisor-7] [INFO] [1777025104.583891846] [robot_0.robot_supervisor]: Selected controllable event: EV_move_forward
[robot_supervisor-19] [INFO] [1777025104.718094254] [robot_4.robot_supervisor]: Selected controllable event: EV_rotate_clockwise
[robot_supervisor-19] [INFO] [1777025104.718655993] [robot_4.robot_supervisor]: rotate_90 blocked by recent completion; stopping this tick
[robot_supervisor-16] [INFO] [1777025104.763270315] [robot_3.robot_supervisor]: Selected controllable event: EV_random_walk
[robot_supervisor-10] [INFO] [1777025104.812918313] [robot_1.robot_supervisor]: Selected controllable event: EV_random_walk
[robot_supervisor-19] [INFO] [1777025104.818011587] [robot_4.robot_supervisor]: Selected controllable event: EV_rotate_clockwise
[robot_supervisor-19] [INFO] [1777025104.818495091] [robot_4.robot_supervisor]: rotate_90 blocked by recent completion; stopping this tick
[image_processor-22] [INFO] [1777025104.848889497] [robot_1.image_processor]: Zone=CLEAR
[image_processor-23] [INFO] [1777025104.863820284] [robot_2.image_processor]: Zone=RIGHT  left[p=1.818 near=0 v=5077]  front[p=1.333 near=0 v=11423]  right[p=0.703 near=2844 v=7740]
[robot_supervisor-13] [INFO] [1777025104.865006847] [robot_2.robot_supervisor]: Detected zone changed to RIGHT
[image_processor-25] [INFO] [1777025104.872292964] [robot_4.image_processor]: Zone=CORNER
[robot_supervisor-7] [INFO] [1777025104.884280466] [robot_0.robot_supervisor]: Selected controllable event: EV_random_walk
[image_processor-24] [INFO] [1777025104.887409716] [robot_3.image_processor]: Zone=CLEAR
[image_processor-21] [INFO] [1777025104.899811532] [robot_0.image_processor]: Zone=CLEAR
[robot_supervisor-19] [INFO] [1777025104.917833383] [robot_4.robot_supervisor]: Selected controllable event: EV_rotate_clockwise
[robot_supervisor-16] [INFO] [1777025105.063291674] [robot_3.robot_supervisor]: Selected controllable event: EV_move_forward
[robot_supervisor-10] [INFO] [1777025105.113269074] [robot_1.robot_supervisor]: Selected controllable event: EV_move_forward
[robot_supervisor-7] [INFO] [1777025105.183907429] [robot_0.robot_supervisor]: Selected controllable event: EV_move_forward
[robot_supervisor-16] [INFO] [1777025105.363379793] [robot_3.robot_supervisor]: Selected controllable event: EV_random_walk
[robot_supervisor-10] [INFO] [1777025105.412946855] [robot_1.robot_supervisor]: Selected controllable event: EV_random_walk
[robot_supervisor-7] [INFO] [1777025105.483866322] [robot_0.robot_supervisor]: Selected controllable event: EV_random_walk
[robot_supervisor-16] [INFO] [1777025105.663063214] [robot_3.robot_supervisor]: Selected controllable event: EV_move_forward
[robot_supervisor-10] [INFO] [1777025105.712800399] [robot_1.robot_supervisor]: Selected controllable event: EV_move_forward
[robot_supervisor-7] [INFO] [1777025105.784125024] [robot_0.robot_supervisor]: Selected controllable event: EV_move_forward
[robot_supervisor-16] [INFO] [1777025105.963308597] [robot_3.robot_supervisor]: Selected controllable event: EV_random_walk
[robot_supervisor-10] [INFO] [1777025106.012993110] [robot_1.robot_supervisor]: Selected controllable event: EV_random_walk
[robot_supervisor-7] [INFO] [1777025106.084331354] [robot_0.robot_supervisor]: Selected controllable event: EV_random_walk
[robot_supervisor-16] [INFO] [1777025106.263275928] [robot_3.robot_supervisor]: Selected controllable event: EV_move_forward
[robot_supervisor-10] [INFO] [1777025106.312667512] [robot_1.robot_supervisor]: Selected controllable event: EV_move_forward
[robot_supervisor-13] [INFO] [1777025106.369386517] [robot_2.robot_supervisor]: Selected controllable event: EV_rotate_counterclockwise
[robot_supervisor-13] [INFO] [1777025106.369742054] [robot_2.robot_supervisor]: rotate_90 blocked by recent completion; stopping this tick
[robot_supervisor-7] [INFO] [1777025106.383926848] [robot_0.robot_supervisor]: Selected controllable event: EV_move_forward
[robot_supervisor-13] [INFO] [1777025106.469365179] [robot_2.robot_supervisor]: Selected controllable event: EV_rotate_counterclockwise
[robot_supervisor-13] [INFO] [1777025106.469796261] [robot_2.robot_supervisor]: rotate_90 blocked by recent completion; stopping this tick
[robot_supervisor-16] [INFO] [1777025106.563032295] [robot_3.robot_supervisor]: Selected controllable event: EV_random_walk
[robot_supervisor-13] [INFO] [1777025106.569086386] [robot_2.robot_supervisor]: Selected controllable event: EV_rotate_counterclockwise
[robot_supervisor-13] [INFO] [1777025106.569306914] [robot_2.robot_supervisor]: rotate_90 blocked by recent completion; stopping this tick
[robot_supervisor-10] [INFO] [1777025106.613206035] [robot_1.robot_supervisor]: Selected controllable event: EV_random_walk
[robot_supervisor-13] [INFO] [1777025106.669300015] [robot_2.robot_supervisor]: Selected controllable event: EV_rotate_counterclockwise
[robot_supervisor-7] [INFO] [1777025106.684042462] [robot_0.robot_supervisor]: Selected controllable event: EV_random_walk
[robot_supervisor-16] [INFO] [1777025106.863500668] [robot_3.robot_supervisor]: Selected controllable event: EV_move_forward
[robot_supervisor-10] [INFO] [1777025106.913013378] [robot_1.robot_supervisor]: Selected controllable event: EV_move_forward
[robot_supervisor-7] [INFO] [1777025106.984034858] [robot_0.robot_supervisor]: Selected controllable event: EV_move_forward
[robot_supervisor-19] [INFO] [1777025107.117864133] [robot_4.robot_supervisor]: Selected controllable event: EV_rotate_clockwise
[robot_supervisor-19] [INFO] [1777025107.118188854] [robot_4.robot_supervisor]: rotate_90 blocked by recent completion; stopping this tick
[robot_supervisor-16] [INFO] [1777025107.163230516] [robot_3.robot_supervisor]: Selected controllable event: EV_random_walk
[robot_supervisor-10] [INFO] [1777025107.213061522] [robot_1.robot_supervisor]: Selected controllable event: EV_random_walk
[robot_supervisor-19] [INFO] [1777025107.217939591] [robot_4.robot_supervisor]: Selected controllable event: EV_rotate_clockwise
[robot_supervisor-19] [INFO] [1777025107.218313248] [robot_4.robot_supervisor]: rotate_90 blocked by recent completion; stopping this tick
[robot_supervisor-7] [INFO] [1777025107.284092294] [robot_0.robot_supervisor]: Selected controllable event: EV_random_walk
[robot_supervisor-19] [INFO] [1777025107.317872433] [robot_4.robot_supervisor]: Selected controllable event: EV_rotate_clockwise
[image_processor-22] [INFO] [1777025107.346648604] [robot_1.image_processor]: Zone=CLEAR
[image_processor-23] [INFO] [1777025107.356360401] [robot_2.image_processor]: Zone=CORNER  left[p=1.178 near=0 v=7650]  front[p=0.686 near=5711 v=13500]  right[p=0.540 near=7740 v=7740]
[robot_supervisor-13] [INFO] [1777025107.356868222] [robot_2.robot_supervisor]: Detected zone changed to CORNER
[image_processor-25] [INFO] [1777025107.369124317] [robot_4.image_processor]: Zone=CLEAR  left[p=1.710 near=0 v=7650]  front[p=0.979 near=0 v=13500]  right[p=0.963 near=0 v=7740]
[robot_supervisor-19] [INFO] [1777025107.369802747] [robot_4.robot_supervisor]: Detected zone changed to CLEAR
[image_processor-24] [INFO] [1777025107.381598760] [robot_3.image_processor]: Zone=CLEAR
[robot_supervisor-16] [INFO] [1777025107.463508894] [robot_3.robot_supervisor]: Selected controllable event: EV_move_forward
[image_processor-21] [INFO] [1777025107.497603333] [robot_0.image_processor]: Zone=CLEAR
[robot_supervisor-10] [INFO] [1777025107.512942270] [robot_1.robot_supervisor]: Selected controllable event: EV_move_forward
[robot_supervisor-7] [INFO] [1777025107.584533889] [robot_0.robot_supervisor]: Selected controllable event: EV_move_forward
[robot_supervisor-16] [INFO] [1777025107.763196333] [robot_3.robot_supervisor]: Selected controllable event: EV_random_walk
[robot_supervisor-10] [INFO] [1777025107.813114926] [robot_1.robot_supervisor]: Selected controllable event: EV_random_walk
[robot_supervisor-7] [INFO] [1777025107.884231683] [robot_0.robot_supervisor]: Selected controllable event: EV_random_walk
[robot_supervisor-16] [INFO] [1777025108.063276105] [robot_3.robot_supervisor]: Selected controllable event: EV_move_forward
[robot_supervisor-10] [INFO] [1777025108.113188391] [robot_1.robot_supervisor]: Selected controllable event: EV_move_forward
[robot_supervisor-7] [INFO] [1777025108.183838171] [robot_0.robot_supervisor]: Selected controllable event: EV_move_forward
[robot_supervisor-16] [INFO] [1777025108.363398303] [robot_3.robot_supervisor]: Selected controllable event: EV_random_walk
[robot_supervisor-10] [INFO] [1777025108.412885131] [robot_1.robot_supervisor]: Selected controllable event: EV_random_walk
[robot_supervisor-7] [INFO] [1777025108.483675992] [robot_0.robot_supervisor]: Selected controllable event: EV_random_walk
[robot_supervisor-16] [INFO] [1777025108.663036210] [robot_3.robot_supervisor]: Selected controllable event: EV_move_forward
[robot_supervisor-10] [INFO] [1777025108.713169674] [robot_1.robot_supervisor]: Selected controllable event: EV_move_forward
[robot_supervisor-7] [INFO] [1777025108.783658249] [robot_0.robot_supervisor]: Selected controllable event: EV_move_forward
[robot_supervisor-13] [INFO] [1777025108.869146900] [robot_2.robot_supervisor]: Selected controllable event: EV_rotate_clockwise
[robot_supervisor-13] [INFO] [1777025108.869358483] [robot_2.robot_supervisor]: rotate_90 blocked by recent completion; stopping this tick
[robot_supervisor-16] [INFO] [1777025108.963330832] [robot_3.robot_supervisor]: Selected controllable event: EV_random_walk
[robot_supervisor-13] [INFO] [1777025108.969214630] [robot_2.robot_supervisor]: Selected controllable event: EV_rotate_clockwise
[robot_supervisor-13] [INFO] [1777025108.969528602] [robot_2.robot_supervisor]: rotate_90 blocked by recent completion; stopping this tick
[robot_supervisor-10] [INFO] [1777025109.013244651] [robot_1.robot_supervisor]: Selected controllable event: EV_random_walk
[robot_supervisor-13] [INFO] [1777025109.069076357] [robot_2.robot_supervisor]: Selected controllable event: EV_rotate_clockwise
[robot_supervisor-7] [INFO] [1777025109.084265518] [robot_0.robot_supervisor]: Selected controllable event: EV_random_walk
[robot_supervisor-16] [INFO] [1777025109.263600519] [robot_3.robot_supervisor]: Selected controllable event: EV_move_forward
[robot_supervisor-10] [INFO] [1777025109.313190281] [robot_1.robot_supervisor]: Selected controllable event: EV_move_forward
[robot_supervisor-7] [INFO] [1777025109.384384424] [robot_0.robot_supervisor]: Selected controllable event: EV_move_forward
[robot_supervisor-19] [INFO] [1777025109.417692474] [robot_4.robot_supervisor]: Selected controllable event: EV_random_walk
[robot_supervisor-16] [INFO] [1777025109.563298855] [robot_3.robot_supervisor]: Selected controllable event: EV_random_walk
[robot_supervisor-10] [INFO] [1777025109.612818624] [robot_1.robot_supervisor]: Selected controllable event: EV_random_walk
[robot_supervisor-7] [INFO] [1777025109.683961026] [robot_0.robot_supervisor]: Selected controllable event: EV_random_walk
[robot_supervisor-19] [INFO] [1777025109.718095641] [robot_4.robot_supervisor]: Selected controllable event: EV_move_forward
[image_processor-22] [INFO] [1777025109.845770085] [robot_1.image_processor]: Zone=CLEAR
[image_processor-23] [INFO] [1777025109.858247176] [robot_2.image_processor]: Zone=RIGHT  left[p=1.530 near=0 v=5658]  front[p=1.046 near=0 v=12405]  right[p=0.620 near=5284 v=7740]
[robot_supervisor-13] [INFO] [1777025109.858989219] [robot_2.robot_supervisor]: Detected zone changed to RIGHT
[robot_supervisor-16] [INFO] [1777025109.863057880] [robot_3.robot_supervisor]: Selected controllable event: EV_move_forward
[image_processor-25] [INFO] [1777025109.874043206] [robot_4.image_processor]: Zone=CLEAR
[image_processor-24] [INFO] [1777025109.885119656] [robot_3.image_processor]: Zone=CLEAR
[image_processor-21] [INFO] [1777025109.896375483] [robot_0.image_processor]: Zone=CLEAR
[robot_supervisor-10] [INFO] [1777025109.913023181] [robot_1.robot_supervisor]: Selected controllable event: EV_move_forward
[robot_supervisor-7] [INFO] [1777025109.983640898] [robot_0.robot_supervisor]: Selected controllable event: EV_move_forward
[robot_supervisor-19] [INFO] [1777025110.017720660] [robot_4.robot_supervisor]: Selected controllable event: EV_random_walk
[robot_supervisor-16] [INFO] [1777025110.163447845] [robot_3.robot_supervisor]: Selected controllable event: EV_random_walk
[robot_supervisor-10] [INFO] [1777025110.212968259] [robot_1.robot_supervisor]: Selected controllable event: EV_random_walk
[robot_supervisor-7] [INFO] [1777025110.283918701] [robot_0.robot_supervisor]: Selected controllable event: EV_random_walk
[robot_supervisor-19] [INFO] [1777025110.317852336] [robot_4.robot_supervisor]: Selected controllable event: EV_move_forward
[robot_supervisor-16] [INFO] [1777025110.463513149] [robot_3.robot_supervisor]: Selected controllable event: EV_move_forward
[robot_supervisor-10] [INFO] [1777025110.512856190] [robot_1.robot_supervisor]: Selected controllable event: EV_move_forward
[robot_supervisor-7] [INFO] [1777025110.584155464] [robot_0.robot_supervisor]: Selected controllable event: EV_move_forward
[robot_supervisor-19] [INFO] [1777025110.617662833] [robot_4.robot_supervisor]: Selected controllable event: EV_random_walk
[robot_supervisor-16] [INFO] [1777025110.763116008] [robot_3.robot_supervisor]: Selected controllable event: EV_random_walk
[robot_supervisor-10] [INFO] [1777025110.812982122] [robot_1.robot_supervisor]: Selected controllable event: EV_random_walk
[robot_supervisor-7] [INFO] [1777025110.884098180] [robot_0.robot_supervisor]: Selected controllable event: EV_random_walk
[robot_supervisor-19] [INFO] [1777025110.917859887] [robot_4.robot_supervisor]: Selected controllable event: EV_move_forward
[robot_supervisor-16] [INFO] [1777025111.063288741] [robot_3.robot_supervisor]: Selected controllable event: EV_move_forward
[robot_supervisor-10] [INFO] [1777025111.113101042] [robot_1.robot_supervisor]: Selected controllable event: EV_move_forward
[robot_supervisor-13] [INFO] [1777025111.169505885] [robot_2.robot_supervisor]: Selected controllable event: EV_rotate_counterclockwise
[robot_supervisor-13] [INFO] [1777025111.169982000] [robot_2.robot_supervisor]: rotate_90 blocked by recent completion; stopping this tick
[robot_supervisor-7] [INFO] [1777025111.184003755] [robot_0.robot_supervisor]: Selected controllable event: EV_move_forward
[robot_supervisor-19] [INFO] [1777025111.217623725] [robot_4.robot_supervisor]: Selected controllable event: EV_random_walk
[robot_supervisor-13] [INFO] [1777025111.269525387] [robot_2.robot_supervisor]: Selected controllable event: EV_rotate_counterclockwise
[robot_supervisor-13] [INFO] [1777025111.270002441] [robot_2.robot_supervisor]: rotate_90 blocked by recent completion; stopping this tick
[robot_supervisor-16] [INFO] [1777025111.363078704] [robot_3.robot_supervisor]: Selected controllable event: EV_random_walk
[robot_supervisor-13] [INFO] [1777025111.369437800] [robot_2.robot_supervisor]: Selected controllable event: EV_rotate_counterclockwise
[robot_supervisor-13] [INFO] [1777025111.369786827] [robot_2.robot_supervisor]: rotate_90 blocked by recent completion; stopping this tick
[robot_supervisor-10] [INFO] [1777025111.412704090] [robot_1.robot_supervisor]: Selected controllable event: EV_random_walk
[robot_supervisor-13] [INFO] [1777025111.469574252] [robot_2.robot_supervisor]: Selected controllable event: EV_rotate_counterclockwise
[robot_supervisor-7] [INFO] [1777025111.484244839] [robot_0.robot_supervisor]: Selected controllable event: EV_random_walk
[robot_supervisor-19] [INFO] [1777025111.518051479] [robot_4.robot_supervisor]: Selected controllable event: EV_move_forward
[robot_supervisor-16] [INFO] [1777025111.663259411] [robot_3.robot_supervisor]: Selected controllable event: EV_move_forward
[robot_supervisor-10] [INFO] [1777025111.713240070] [robot_1.robot_supervisor]: Selected controllable event: EV_move_forward
[robot_supervisor-7] [INFO] [1777025111.783904965] [robot_0.robot_supervisor]: Selected controllable event: EV_move_forward
[robot_supervisor-19] [INFO] [1777025111.817604455] [robot_4.robot_supervisor]: Selected controllable event: EV_random_walk
[robot_supervisor-16] [INFO] [1777025111.963503558] [robot_3.robot_supervisor]: Selected controllable event: EV_random_walk
[robot_supervisor-10] [INFO] [1777025112.012956256] [robot_1.robot_supervisor]: Selected controllable event: EV_random_walk
[robot_supervisor-7] [INFO] [1777025112.084261970] [robot_0.robot_supervisor]: Selected controllable event: EV_random_walk
[robot_supervisor-19] [INFO] [1777025112.118086517] [robot_4.robot_supervisor]: Selected controllable event: EV_move_forward
[robot_supervisor-16] [INFO] [1777025112.263325693] [robot_3.robot_supervisor]: Selected controllable event: EV_move_forward
[robot_supervisor-10] [INFO] [1777025112.313041369] [robot_1.robot_supervisor]: Selected controllable event: EV_move_forward
[image_processor-22] [INFO] [1777025112.349731529] [robot_1.image_processor]: Zone=LEFT  left[p=0.518 near=5615 v=7650]  front[p=2.405 near=0 v=13318]  right[p=3.604 near=0 v=7071]
[robot_supervisor-10] [INFO] [1777025112.350285522] [robot_1.robot_supervisor]: Detected zone changed to LEFT
[image_processor-23] [INFO] [1777025112.362981328] [robot_2.image_processor]: Zone=CORNER  left[p=1.370 near=0 v=7377]  front[p=0.733 near=3237 v=13500]  right[p=0.537 near=7740 v=7740]
[robot_supervisor-13] [INFO] [1777025112.363771733] [robot_2.robot_supervisor]: Detected zone changed to CORNER
[image_processor-25] [INFO] [1777025112.375708751] [robot_4.image_processor]: Zone=CLEAR
[robot_supervisor-7] [INFO] [1777025112.383980710] [robot_0.robot_supervisor]: Selected controllable event: EV_move_forward
[image_processor-24] [INFO] [1777025112.387264336] [robot_3.image_processor]: Zone=CLEAR
[image_processor-21] [INFO] [1777025112.398623681] [robot_0.image_processor]: Zone=CLEAR
[robot_supervisor-19] [INFO] [1777025112.418237537] [robot_4.robot_supervisor]: Selected controllable event: EV_random_walk
[robot_supervisor-16] [INFO] [1777025112.563103167] [robot_3.robot_supervisor]: Selected controllable event: EV_random_walk
[robot_supervisor-10] [INFO] [1777025112.612931546] [robot_1.robot_supervisor]: Selected controllable event: EV_rotate_clockwise
[robot_supervisor-7] [INFO] [1777025112.684038596] [robot_0.robot_supervisor]: Selected controllable event: EV_random_walk
[robot_supervisor-19] [INFO] [1777025112.717856156] [robot_4.robot_supervisor]: Selected controllable event: EV_move_forward
[robot_supervisor-16] [INFO] [1777025112.863424926] [robot_3.robot_supervisor]: Selected controllable event: EV_move_forward
[robot_supervisor-7] [INFO] [1777025112.984240642] [robot_0.robot_supervisor]: Selected controllable event: EV_move_forward
[robot_supervisor-19] [INFO] [1777025113.018055782] [robot_4.robot_supervisor]: Selected controllable event: EV_random_walk
[robot_supervisor-16] [INFO] [1777025113.163111605] [robot_3.robot_supervisor]: Selected controllable event: EV_random_walk
[robot_supervisor-7] [INFO] [1777025113.283910538] [robot_0.robot_supervisor]: Selected controllable event: EV_random_walk
[robot_supervisor-19] [INFO] [1777025113.318097178] [robot_4.robot_supervisor]: Selected controllable event: EV_move_forward
[robot_supervisor-16] [INFO] [1777025113.463521208] [robot_3.robot_supervisor]: Selected controllable event: EV_move_forward
[robot_supervisor-7] [INFO] [1777025113.584047006] [robot_0.robot_supervisor]: Selected controllable event: EV_move_forward
[robot_supervisor-19] [INFO] [1777025113.617906824] [robot_4.robot_supervisor]: Selected controllable event: EV_random_walk
[robot_supervisor-13] [INFO] [1777025113.669123762] [robot_2.robot_supervisor]: Selected controllable event: EV_rotate_clockwise
[robot_supervisor-13] [INFO] [1777025113.669385281] [robot_2.robot_supervisor]: rotate_90 blocked by recent completion; stopping this tick
[robot_supervisor-16] [INFO] [1777025113.763064178] [robot_3.robot_supervisor]: Selected controllable event: EV_random_walk
[robot_supervisor-13] [INFO] [1777025113.769516765] [robot_2.robot_supervisor]: Selected controllable event: EV_rotate_clockwise
[robot_supervisor-13] [INFO] [1777025113.770002256] [robot_2.robot_supervisor]: rotate_90 blocked by recent completion; stopping this tick
[robot_supervisor-13] [INFO] [1777025113.869404249] [robot_2.robot_supervisor]: Selected controllable event: EV_rotate_clockwise
[robot_supervisor-7] [INFO] [1777025113.883673937] [robot_0.robot_supervisor]: Selected controllable event: EV_random_walk
[robot_supervisor-19] [INFO] [1777025113.917800757] [robot_4.robot_supervisor]: Selected controllable event: EV_move_forward
[robot_supervisor-16] [INFO] [1777025114.063151033] [robot_3.robot_supervisor]: Selected controllable event: EV_move_forward
[robot_supervisor-7] [INFO] [1777025114.183837066] [robot_0.robot_supervisor]: Selected controllable event: EV_move_forward
[robot_supervisor-19] [INFO] [1777025114.217899490] [robot_4.robot_supervisor]: Selected controllable event: EV_random_walk
[robot_supervisor-16] [INFO] [1777025114.363312549] [robot_3.robot_supervisor]: Selected controllable event: EV_random_walk
[robot_supervisor-7] [INFO] [1777025114.484389097] [robot_0.robot_supervisor]: Selected controllable event: EV_random_walk
[robot_supervisor-19] [INFO] [1777025114.517885551] [robot_4.robot_supervisor]: Selected controllable event: EV_move_forward
[robot_supervisor-16] [INFO] [1777025114.663212292] [robot_3.robot_supervisor]: Selected controllable event: EV_move_forward
[robot_supervisor-7] [INFO] [1777025114.784282611] [robot_0.robot_supervisor]: Selected controllable event: EV_move_forward
[robot_supervisor-10] [INFO] [1777025114.812937046] [robot_1.robot_supervisor]: Selected controllable event: EV_rotate_clockwise
[robot_supervisor-10] [INFO] [1777025114.813314881] [robot_1.robot_supervisor]: rotate_90 blocked by recent completion; stopping this tick
[robot_supervisor-19] [INFO] [1777025114.817570194] [robot_4.robot_supervisor]: Selected controllable event: EV_random_walk
[image_processor-22] [INFO] [1777025114.853729975] [robot_1.image_processor]: Zone=LEFT
[image_processor-23] [INFO] [1777025114.863755835] [robot_2.image_processor]: Zone=RIGHT  left[p=1.354 near=0 v=5513]  front[p=0.878 near=72 v=13472]  right[p=0.570 near=7496 v=7740]
[robot_supervisor-13] [INFO] [1777025114.864479470] [robot_2.robot_supervisor]: Detected zone changed to RIGHT
[image_processor-25] [INFO] [1777025114.876019987] [robot_4.image_processor]: Zone=CLEAR
[image_processor-24] [INFO] [1777025114.884513040] [robot_3.image_processor]: Zone=CLEAR
[image_processor-21] [INFO] [1777025114.894557320] [robot_0.image_processor]: Zone=CLEAR
[robot_supervisor-10] [INFO] [1777025114.912733148] [robot_1.robot_supervisor]: Selected controllable event: EV_rotate_clockwise
[robot_supervisor-10] [INFO] [1777025114.912921194] [robot_1.robot_supervisor]: rotate_90 blocked by recent completion; stopping this tick
[robot_supervisor-16] [INFO] [1777025114.963275704] [robot_3.robot_supervisor]: Selected controllable event: EV_random_walk
[robot_supervisor-10] [INFO] [1777025115.012915613] [robot_1.robot_supervisor]: Selected controllable event: EV_rotate_clockwise
[robot_supervisor-7] [INFO] [1777025115.084228739] [robot_0.robot_supervisor]: Selected controllable event: EV_random_walk
[robot_supervisor-19] [INFO] [1777025115.117619209] [robot_4.robot_supervisor]: Selected controllable event: EV_move_forward
[robot_supervisor-16] [INFO] [1777025115.263479855] [robot_3.robot_supervisor]: Selected controllable event: EV_move_forward
[robot_supervisor-7] [INFO] [1777025115.384294472] [robot_0.robot_supervisor]: Selected controllable event: EV_move_forward
[robot_supervisor-19] [INFO] [1777025115.417921618] [robot_4.robot_supervisor]: Selected controllable event: EV_random_walk
[robot_supervisor-16] [INFO] [1777025115.563316616] [robot_3.robot_supervisor]: Selected controllable event: EV_random_walk
[robot_supervisor-7] [INFO] [1777025115.683664466] [robot_0.robot_supervisor]: Selected controllable event: EV_random_walk
[robot_supervisor-19] [INFO] [1777025115.717764519] [robot_4.robot_supervisor]: Selected controllable event: EV_move_forward
[robot_supervisor-16] [INFO] [1777025115.863167323] [robot_3.robot_supervisor]: Selected controllable event: EV_move_forward
[robot_supervisor-7] [INFO] [1777025115.983996860] [robot_0.robot_supervisor]: Selected controllable event: EV_move_forward
[robot_supervisor-19] [INFO] [1777025116.018289422] [robot_4.robot_supervisor]: Selected controllable event: EV_random_walk
[robot_supervisor-13] [INFO] [1777025116.069314680] [robot_2.robot_supervisor]: Selected controllable event: EV_rotate_counterclockwise
[robot_supervisor-13] [INFO] [1777025116.069690531] [robot_2.robot_supervisor]: rotate_90 blocked by recent completion; stopping this tick
[robot_supervisor-16] [INFO] [1777025116.162991086] [robot_3.robot_supervisor]: Selected controllable event: EV_random_walk
[robot_supervisor-13] [INFO] [1777025116.169285504] [robot_2.robot_supervisor]: Selected controllable event: EV_rotate_counterclockwise
[robot_supervisor-13] [INFO] [1777025116.169762012] [robot_2.robot_supervisor]: rotate_90 blocked by recent completion; stopping this tick
[robot_supervisor-13] [INFO] [1777025116.269477316] [robot_2.robot_supervisor]: Selected controllable event: EV_rotate_counterclockwise
[robot_supervisor-7] [INFO] [1777025116.283894045] [robot_0.robot_supervisor]: Selected controllable event: EV_random_walk
[robot_supervisor-19] [INFO] [1777025116.318070382] [robot_4.robot_supervisor]: Selected controllable event: EV_move_forward
[robot_supervisor-16] [INFO] [1777025116.463253538] [robot_3.robot_supervisor]: Selected controllable event: EV_move_forward
[robot_supervisor-7] [INFO] [1777025116.584070011] [robot_0.robot_supervisor]: Selected controllable event: EV_move_forward
[robot_supervisor-19] [INFO] [1777025116.617999395] [robot_4.robot_supervisor]: Selected controllable event: EV_random_walk
[robot_supervisor-16] [INFO] [1777025116.763418531] [robot_3.robot_supervisor]: Selected controllable event: EV_random_walk
[robot_supervisor-7] [INFO] [1777025116.884081545] [robot_0.robot_supervisor]: Selected controllable event: EV_random_walk
[robot_supervisor-19] [INFO] [1777025116.918231201] [robot_4.robot_supervisor]: Selected controllable event: EV_move_forward
[robot_supervisor-16] [INFO] [1777025117.063453353] [robot_3.robot_supervisor]: Selected controllable event: EV_move_forward
[robot_supervisor-10] [INFO] [1777025117.113261105] [robot_1.robot_supervisor]: Selected controllable event: EV_rotate_clockwise
[robot_supervisor-10] [INFO] [1777025117.113764118] [robot_1.robot_supervisor]: rotate_90 blocked by recent completion; stopping this tick
[robot_supervisor-7] [INFO] [1777025117.183911300] [robot_0.robot_supervisor]: Selected controllable event: EV_move_forward
[robot_supervisor-10] [INFO] [1777025117.213124270] [robot_1.robot_supervisor]: Selected controllable event: EV_rotate_clockwise
[robot_supervisor-10] [INFO] [1777025117.213628070] [robot_1.robot_supervisor]: rotate_90 blocked by recent completion; stopping this tick
[robot_supervisor-19] [INFO] [1777025117.217888133] [robot_4.robot_supervisor]: Selected controllable event: EV_random_walk
[robot_supervisor-10] [INFO] [1777025117.312987399] [robot_1.robot_supervisor]: Selected controllable event: EV_rotate_clockwise
[robot_supervisor-10] [INFO] [1777025117.313381203] [robot_1.robot_supervisor]: rotate_90 blocked by recent completion; stopping this tick
[image_processor-22] [INFO] [1777025117.350769138] [robot_1.image_processor]: Zone=CLEAR  left[p=2.477 near=0 v=7281]  front[p=1.579 near=0 v=12596]  right[p=1.294 near=0 v=7740]
[robot_supervisor-10] [INFO] [1777025117.351524939] [robot_1.robot_supervisor]: Detected zone changed to CLEAR
[robot_supervisor-16] [INFO] [1777025117.363295888] [robot_3.robot_supervisor]: Selected controllable event: EV_random_walk
[image_processor-23] [INFO] [1777025117.367314913] [robot_2.image_processor]: Zone=RIGHT
[image_processor-25] [INFO] [1777025117.388560418] [robot_4.image_processor]: Zone=CLEAR
[image_processor-24] [INFO] [1777025117.400529785] [robot_3.image_processor]: Zone=CLEAR
[image_processor-21] [INFO] [1777025117.412883048] [robot_0.image_processor]: Zone=CLEAR
[robot_supervisor-10] [INFO] [1777025117.413144184] [robot_1.robot_supervisor]: Selected controllable event: EV_random_walk
[robot_supervisor-7] [INFO] [1777025117.483940162] [robot_0.robot_supervisor]: Selected controllable event: EV_random_walk
[robot_supervisor-19] [INFO] [1777025117.517800553] [robot_4.robot_supervisor]: Selected controllable event: EV_move_forward
[robot_supervisor-16] [INFO] [1777025117.663345869] [robot_3.robot_supervisor]: Selected controllable event: EV_move_forward
[robot_supervisor-10] [INFO] [1777025117.713237119] [robot_1.robot_supervisor]: Selected controllable event: EV_move_forward
[robot_supervisor-7] [INFO] [1777025117.784159171] [robot_0.robot_supervisor]: Selected controllable event: EV_move_forward
[robot_supervisor-19] [INFO] [1777025117.817838932] [robot_4.robot_supervisor]: Selected controllable event: EV_random_walk
[robot_supervisor-16] [INFO] [1777025117.963450872] [robot_3.robot_supervisor]: Selected controllable event: EV_random_walk
[robot_supervisor-10] [INFO] [1777025118.013202264] [robot_1.robot_supervisor]: Selected controllable event: EV_random_walk
[robot_supervisor-7] [INFO] [1777025118.084166843] [robot_0.robot_supervisor]: Selected controllable event: EV_random_walk
[robot_supervisor-19] [INFO] [1777025118.117912313] [robot_4.robot_supervisor]: Selected controllable event: EV_move_forward
[robot_supervisor-16] [INFO] [1777025118.263296764] [robot_3.robot_supervisor]: Selected controllable event: EV_move_forward
[robot_supervisor-10] [INFO] [1777025118.312947103] [robot_1.robot_supervisor]: Selected controllable event: EV_move_forward
[robot_supervisor-13] [INFO] [1777025118.369153341] [robot_2.robot_supervisor]: Selected controllable event: EV_rotate_counterclockwise
[robot_supervisor-13] [INFO] [1777025118.369434444] [robot_2.robot_supervisor]: rotate_90 blocked by recent completion; stopping this tick
[robot_supervisor-7] [INFO] [1777025118.384072009] [robot_0.robot_supervisor]: Selected controllable event: EV_move_forward
[robot_supervisor-19] [INFO] [1777025118.417664562] [robot_4.robot_supervisor]: Selected controllable event: EV_random_walk
[robot_supervisor-13] [INFO] [1777025118.469299799] [robot_2.robot_supervisor]: Selected controllable event: EV_rotate_counterclockwise
[robot_supervisor-13] [INFO] [1777025118.469847615] [robot_2.robot_supervisor]: rotate_90 blocked by recent completion; stopping this tick
[robot_supervisor-16] [INFO] [1777025118.563135836] [robot_3.robot_supervisor]: Selected controllable event: EV_random_walk
[robot_supervisor-13] [INFO] [1777025118.569272243] [robot_2.robot_supervisor]: Selected controllable event: EV_rotate_counterclockwise
[robot_supervisor-13] [INFO] [1777025118.569826256] [robot_2.robot_supervisor]: rotate_90 blocked by recent completion; stopping this tick
[robot_supervisor-10] [INFO] [1777025118.612997471] [robot_1.robot_supervisor]: Selected controllable event: EV_random_walk
[robot_supervisor-13] [INFO] [1777025118.669246203] [robot_2.robot_supervisor]: Selected controllable event: EV_rotate_counterclockwise
[robot_supervisor-7] [INFO] [1777025118.683914464] [robot_0.robot_supervisor]: Selected controllable event: EV_random_walk
[robot_supervisor-19] [INFO] [1777025118.718067363] [robot_4.robot_supervisor]: Selected controllable event: EV_move_forward
[robot_supervisor-16] [INFO] [1777025118.863114094] [robot_3.robot_supervisor]: Selected controllable event: EV_move_forward
[robot_supervisor-10] [INFO] [1777025118.912983231] [robot_1.robot_supervisor]: Selected controllable event: EV_move_forward
[robot_supervisor-7] [INFO] [1777025118.984212631] [robot_0.robot_supervisor]: Selected controllable event: EV_move_forward
[robot_supervisor-19] [INFO] [1777025119.017757580] [robot_4.robot_supervisor]: Selected controllable event: EV_random_walk
[robot_supervisor-16] [INFO] [1777025119.163290894] [robot_3.robot_supervisor]: Selected controllable event: EV_random_walk
[robot_supervisor-10] [INFO] [1777025119.212883738] [robot_1.robot_supervisor]: Selected controllable event: EV_random_walk
[robot_supervisor-7] [INFO] [1777025119.283885546] [robot_0.robot_supervisor]: Selected controllable event: EV_random_walk
[robot_supervisor-19] [INFO] [1777025119.317892375] [robot_4.robot_supervisor]: Selected controllable event: EV_move_forward
[robot_supervisor-16] [INFO] [1777025119.463483499] [robot_3.robot_supervisor]: Selected controllable event: EV_move_forward
[robot_supervisor-10] [INFO] [1777025119.512832446] [robot_1.robot_supervisor]: Selected controllable event: EV_move_forward
[robot_supervisor-7] [INFO] [1777025119.583706048] [robot_0.robot_supervisor]: Selected controllable event: EV_move_forward
[robot_supervisor-19] [INFO] [1777025119.617861827] [robot_4.robot_supervisor]: Selected controllable event: EV_random_walk
[robot_supervisor-16] [INFO] [1777025119.763306234] [robot_3.robot_supervisor]: Selected controllable event: EV_random_walk
[robot_supervisor-10] [INFO] [1777025119.813060364] [robot_1.robot_supervisor]: Selected controllable event: EV_random_walk
[image_processor-22] [INFO] [1777025119.846117166] [robot_1.image_processor]: Zone=CLEAR
[image_processor-23] [INFO] [1777025119.866803684] [robot_2.image_processor]: Zone=CORNER  left[p=0.729 near=5533 v=7650]  front[p=0.701 near=4181 v=9406]  right[p=2.891 near=0 v=4811]
[robot_supervisor-13] [INFO] [1777025119.867491221] [robot_2.robot_supervisor]: Detected zone changed to CORNER
[image_processor-25] [INFO] [1777025119.879496200] [robot_4.image_processor]: Zone=CLEAR
[robot_supervisor-7] [INFO] [1777025119.884569909] [robot_0.robot_supervisor]: Selected controllable event: EV_random_walk
[image_processor-24] [INFO] [1777025119.889533302] [robot_3.image_processor]: Zone=CORNER  left[p=0.915 near=208 v=7613]  front[p=0.339 near=13369 v=13500]  right[p=0.511 near=4704 v=7740]
[robot_supervisor-16] [INFO] [1777025119.890215379] [robot_3.robot_supervisor]: Detected zone changed to CORNER
[image_processor-21] [INFO] [1777025119.898179368] [robot_0.image_processor]: Zone=LEFT  left[p=0.440 near=7650 v=7650]  front[p=0.735 near=2332 v=13368]  right[p=1.600 near=0 v=7740]
[robot_supervisor-7] [INFO] [1777025119.898873418] [robot_0.robot_supervisor]: Detected zone changed to LEFT
[robot_supervisor-19] [INFO] [1777025119.917918441] [robot_4.robot_supervisor]: Selected controllable event: EV_move_forward
[robot_supervisor-16] [INFO] [1777025120.063017060] [robot_3.robot_supervisor]: Selected controllable event: EV_rotate_clockwise
[robot_supervisor-10] [INFO] [1777025120.112821944] [robot_1.robot_supervisor]: Selected controllable event: EV_move_forward
[robot_supervisor-7] [INFO] [1777025120.183843954] [robot_0.robot_supervisor]: Selected controllable event: EV_rotate_clockwise
[robot_supervisor-19] [INFO] [1777025120.217860101] [robot_4.robot_supervisor]: Selected controllable event: EV_random_walk
[robot_supervisor-10] [INFO] [1777025120.412846935] [robot_1.robot_supervisor]: Selected controllable event: EV_random_walk
[robot_supervisor-19] [INFO] [1777025120.517935975] [robot_4.robot_supervisor]: Selected controllable event: EV_move_forward
[robot_supervisor-10] [INFO] [1777025120.712991059] [robot_1.robot_supervisor]: Selected controllable event: EV_move_forward
[robot_supervisor-19] [INFO] [1777025120.818105337] [robot_4.robot_supervisor]: Selected controllable event: EV_random_walk
[robot_supervisor-13] [INFO] [1777025120.869309197] [robot_2.robot_supervisor]: Selected controllable event: EV_rotate_clockwise
[robot_supervisor-13] [INFO] [1777025120.869578546] [robot_2.robot_supervisor]: rotate_90 blocked by recent completion; stopping this tick
[robot_supervisor-13] [INFO] [1777025120.969317671] [robot_2.robot_supervisor]: Selected controllable event: EV_rotate_clockwise
[robot_supervisor-13] [INFO] [1777025120.969676325] [robot_2.robot_supervisor]: rotate_90 blocked by recent completion; stopping this tick
[robot_supervisor-10] [INFO] [1777025121.012824787] [robot_1.robot_supervisor]: Selected controllable event: EV_random_walk
[robot_supervisor-13] [INFO] [1777025121.069309812] [robot_2.robot_supervisor]: Selected controllable event: EV_rotate_clockwise
[robot_supervisor-19] [INFO] [1777025121.117838902] [robot_4.robot_supervisor]: Selected controllable event: EV_move_forward
[robot_supervisor-10] [INFO] [1777025121.312955584] [robot_1.robot_supervisor]: Selected controllable event: EV_move_forward
[robot_supervisor-19] [INFO] [1777025121.417958183] [robot_4.robot_supervisor]: Selected controllable event: EV_random_walk
[robot_supervisor-10] [INFO] [1777025121.613114055] [robot_1.robot_supervisor]: Selected controllable event: EV_random_walk
[robot_supervisor-19] [INFO] [1777025121.717743501] [robot_4.robot_supervisor]: Selected controllable event: EV_move_forward
[robot_supervisor-10] [INFO] [1777025121.913215630] [robot_1.robot_supervisor]: Selected controllable event: EV_move_forward
[robot_supervisor-19] [INFO] [1777025122.017962982] [robot_4.robot_supervisor]: Selected controllable event: EV_random_walk
[robot_supervisor-16] [INFO] [1777025122.063520080] [robot_3.robot_supervisor]: Selected controllable event: EV_rotate_clockwise
[robot_supervisor-16] [INFO] [1777025122.064010293] [robot_3.robot_supervisor]: rotate_90 blocked by recent completion; stopping this tick
[robot_supervisor-16] [INFO] [1777025122.163268875] [robot_3.robot_supervisor]: Selected controllable event: EV_rotate_clockwise
[robot_supervisor-16] [INFO] [1777025122.163619359] [robot_3.robot_supervisor]: rotate_90 blocked by recent completion; stopping this tick
[robot_supervisor-10] [INFO] [1777025122.213235115] [robot_1.robot_supervisor]: Selected controllable event: EV_random_walk
[robot_supervisor-16] [INFO] [1777025122.263349255] [robot_3.robot_supervisor]: Selected controllable event: EV_rotate_clockwise
[robot_supervisor-16] [INFO] [1777025122.263749544] [robot_3.robot_supervisor]: rotate_90 blocked by recent completion; stopping this tick
[robot_supervisor-19] [INFO] [1777025122.317575559] [robot_4.robot_supervisor]: Selected controllable event: EV_move_forward
[image_processor-22] [INFO] [1777025122.348142047] [robot_1.image_processor]: Zone=RIGHT  left[p=1.551 near=0 v=7472]  front[p=0.818 near=1134 v=13249]  right[p=0.508 near=7698 v=7740]
[robot_supervisor-10] [INFO] [1777025122.348838187] [robot_1.robot_supervisor]: Detected zone changed to RIGHT
[robot_supervisor-16] [INFO] [1777025122.363085132] [robot_3.robot_supervisor]: Selected controllable event: EV_rotate_clockwise
[image_processor-23] [INFO] [1777025122.369779518] [robot_2.image_processor]: Zone=LEFT  left[p=0.602 near=7354 v=7650]  front[p=0.964 near=0 v=6824]  right[p=1.338 near=0 v=5645]
[robot_supervisor-13] [INFO] [1777025122.370398331] [robot_2.robot_supervisor]: Detected zone changed to LEFT
[robot_supervisor-7] [INFO] [1777025122.383957528] [robot_0.robot_supervisor]: Selected controllable event: EV_rotate_clockwise
[robot_supervisor-7] [INFO] [1777025122.384527514] [robot_0.robot_supervisor]: rotate_90 blocked by recent completion; stopping this tick
[image_processor-24] [INFO] [1777025122.395968409] [robot_3.image_processor]: Zone=CLEAR  left[p=2.063 near=0 v=7624]  front[p=2.525 near=0 v=10757]  right[p=3.399 near=0 v=6681]
[robot_supervisor-16] [INFO] [1777025122.396441284] [robot_3.robot_supervisor]: Detected zone changed to CLEAR
[image_processor-21] [INFO] [1777025122.415316823] [robot_0.image_processor]: Zone=LEFT
[image_processor-25] [INFO] [1777025122.480823705] [robot_4.image_processor]: Zone=CLEAR
[robot_supervisor-7] [INFO] [1777025122.483961695] [robot_0.robot_supervisor]: Selected controllable event: EV_rotate_clockwise
[robot_supervisor-7] [INFO] [1777025122.484327708] [robot_0.robot_supervisor]: rotate_90 blocked by recent completion; stopping this tick
[robot_supervisor-10] [INFO] [1777025122.512938219] [robot_1.robot_supervisor]: Selected controllable event: EV_rotate_counterclockwise
[robot_supervisor-7] [INFO] [1777025122.583893975] [robot_0.robot_supervisor]: Selected controllable event: EV_rotate_clockwise
[robot_supervisor-19] [INFO] [1777025122.617842009] [robot_4.robot_supervisor]: Selected controllable event: EV_random_walk
[robot_supervisor-19] [INFO] [1777025122.917991558] [robot_4.robot_supervisor]: Selected controllable event: EV_move_forward
[robot_supervisor-19] [INFO] [1777025123.217664963] [robot_4.robot_supervisor]: Selected controllable event: EV_random_walk
[robot_supervisor-13] [INFO] [1777025123.269591721] [robot_2.robot_supervisor]: Selected controllable event: EV_rotate_clockwise
[robot_supervisor-13] [INFO] [1777025123.270082367] [robot_2.robot_supervisor]: rotate_90 blocked by recent completion; stopping this tick
[robot_supervisor-13] [INFO] [1777025123.369392325] [robot_2.robot_supervisor]: Selected controllable event: EV_rotate_clockwise
[robot_supervisor-13] [INFO] [1777025123.369766274] [robot_2.robot_supervisor]: rotate_90 blocked by recent completion; stopping this tick
[robot_supervisor-13] [INFO] [1777025123.469590302] [robot_2.robot_supervisor]: Selected controllable event: EV_rotate_clockwise
[robot_supervisor-19] [INFO] [1777025123.517872617] [robot_4.robot_supervisor]: Selected controllable event: EV_move_forward
[robot_supervisor-19] [INFO] [1777025123.817900047] [robot_4.robot_supervisor]: Selected controllable event: EV_random_walk
[robot_supervisor-19] [INFO] [1777025124.118042447] [robot_4.robot_supervisor]: Selected controllable event: EV_move_forward
[robot_supervisor-19] [INFO] [1777025124.417971423] [robot_4.robot_supervisor]: Selected controllable event: EV_random_walk
[robot_supervisor-16] [INFO] [1777025124.563314117] [robot_3.robot_supervisor]: Selected controllable event: EV_random_walk
[robot_supervisor-10] [INFO] [1777025124.713050828] [robot_1.robot_supervisor]: Selected controllable event: EV_rotate_counterclockwise
[robot_supervisor-10] [INFO] [1777025124.713436474] [robot_1.robot_supervisor]: rotate_90 blocked by recent completion; stopping this tick
[robot_supervisor-19] [INFO] [1777025124.718085549] [robot_4.robot_supervisor]: Selected controllable event: EV_move_forward
[robot_supervisor-7] [INFO] [1777025124.784037590] [robot_0.robot_supervisor]: Selected controllable event: EV_rotate_clockwise
[robot_supervisor-7] [INFO] [1777025124.784396100] [robot_0.robot_supervisor]: rotate_90 blocked by recent completion; stopping this tick
[robot_supervisor-10] [INFO] [1777025124.812779670] [robot_1.robot_supervisor]: Selected controllable event: EV_rotate_counterclockwise
[robot_supervisor-10] [INFO] [1777025124.813096059] [robot_1.robot_supervisor]: rotate_90 blocked by recent completion; stopping this tick
[image_processor-22] [INFO] [1777025124.856122285] [robot_1.image_processor]: Zone=RIGHT
[robot_supervisor-16] [INFO] [1777025124.863277825] [robot_3.robot_supervisor]: Selected controllable event: EV_move_forward
[image_processor-23] [INFO] [1777025124.864492560] [robot_2.image_processor]: Zone=CORNER  left[p=1.379 near=0 v=7650]  front[p=0.707 near=4371 v=13500]  right[p=0.536 near=7740 v=7740]
[robot_supervisor-13] [INFO] [1777025124.865234015] [robot_2.robot_supervisor]: Detected zone changed to CORNER
[image_processor-25] [INFO] [1777025124.875135548] [robot_4.image_processor]: Zone=CLEAR
[robot_supervisor-7] [INFO] [1777025124.883745507] [robot_0.robot_supervisor]: Selected controllable event: EV_rotate_clockwise
[robot_supervisor-7] [INFO] [1777025124.883967262] [robot_0.robot_supervisor]: rotate_90 blocked by recent completion; stopping this tick
[image_processor-24] [INFO] [1777025124.889387999] [robot_3.image_processor]: Zone=CLEAR
[image_processor-21] [INFO] [1777025124.903726967] [robot_0.image_processor]: Zone=CLEAR  left[p=2.571 near=0 v=5534]  front[p=2.802 near=0 v=11499]  right[p=2.755 near=0 v=7724]
[robot_supervisor-7] [INFO] [1777025124.904261385] [robot_0.robot_supervisor]: Detected zone changed to CLEAR
[robot_supervisor-10] [INFO] [1777025124.912987701] [robot_1.robot_supervisor]: Selected controllable event: EV_rotate_counterclockwise
[robot_supervisor-7] [INFO] [1777025124.984325898] [robot_0.robot_supervisor]: Selected controllable event: EV_random_walk
[robot_supervisor-19] [INFO] [1777025125.017886626] [robot_4.robot_supervisor]: Selected controllable event: EV_random_walk
[robot_supervisor-16] [INFO] [1777025125.163276896] [robot_3.robot_supervisor]: Selected controllable event: EV_random_walk
[robot_supervisor-7] [INFO] [1777025125.284107848] [robot_0.robot_supervisor]: Selected controllable event: EV_move_forward
[robot_supervisor-19] [INFO] [1777025125.317899869] [robot_4.robot_supervisor]: Selected controllable event: EV_move_forward
[robot_supervisor-16] [INFO] [1777025125.463645582] [robot_3.robot_supervisor]: Selected controllable event: EV_move_forward
[robot_supervisor-13] [INFO] [1777025125.569519782] [robot_2.robot_supervisor]: Selected controllable event: EV_rotate_clockwise
[robot_supervisor-13] [INFO] [1777025125.569887512] [robot_2.robot_supervisor]: rotate_90 blocked by recent completion; stopping this tick
[robot_supervisor-7] [INFO] [1777025125.583812622] [robot_0.robot_supervisor]: Selected controllable event: EV_random_walk
[robot_supervisor-19] [INFO] [1777025125.618103215] [robot_4.robot_supervisor]: Selected controllable event: EV_random_walk
[robot_supervisor-13] [INFO] [1777025125.669301012] [robot_2.robot_supervisor]: Selected controllable event: EV_rotate_clockwise
[robot_supervisor-13] [INFO] [1777025125.669646848] [robot_2.robot_supervisor]: rotate_90 blocked by recent completion; stopping this tick
[robot_supervisor-16] [INFO] [1777025125.763286310] [robot_3.robot_supervisor]: Selected controllable event: EV_random_walk
[robot_supervisor-13] [INFO] [1777025125.769287220] [robot_2.robot_supervisor]: Selected controllable event: EV_rotate_clockwise
[robot_supervisor-13] [INFO] [1777025125.769632045] [robot_2.robot_supervisor]: rotate_90 blocked by recent completion; stopping this tick
[robot_supervisor-13] [INFO] [1777025125.869695558] [robot_2.robot_supervisor]: Selected controllable event: EV_rotate_clockwise
[robot_supervisor-7] [INFO] [1777025125.884088684] [robot_0.robot_supervisor]: Selected controllable event: EV_move_forward
[robot_supervisor-19] [INFO] [1777025125.917895956] [robot_4.robot_supervisor]: Selected controllable event: EV_move_forward
[robot_supervisor-16] [INFO] [1777025126.063190561] [robot_3.robot_supervisor]: Selected controllable event: EV_move_forward
[robot_supervisor-7] [INFO] [1777025126.184166524] [robot_0.robot_supervisor]: Selected controllable event: EV_random_walk
[robot_supervisor-19] [INFO] [1777025126.217994789] [robot_4.robot_supervisor]: Selected controllable event: EV_random_walk
[robot_supervisor-16] [INFO] [1777025126.363598833] [robot_3.robot_supervisor]: Selected controllable event: EV_random_walk
[robot_supervisor-7] [INFO] [1777025126.484053601] [robot_0.robot_supervisor]: Selected controllable event: EV_move_forward
[robot_supervisor-19] [INFO] [1777025126.517598717] [robot_4.robot_supervisor]: Selected controllable event: EV_move_forward
[robot_supervisor-16] [INFO] [1777025126.663353155] [robot_3.robot_supervisor]: Selected controllable event: EV_move_forward
[robot_supervisor-7] [INFO] [1777025126.784522006] [robot_0.robot_supervisor]: Selected controllable event: EV_random_walk
[robot_supervisor-19] [INFO] [1777025126.817867150] [robot_4.robot_supervisor]: Selected controllable event: EV_random_walk
[robot_supervisor-16] [INFO] [1777025126.963066718] [robot_3.robot_supervisor]: Selected controllable event: EV_random_walk
[robot_supervisor-7] [INFO] [1777025127.084045499] [robot_0.robot_supervisor]: Selected controllable event: EV_move_forward
[robot_supervisor-10] [INFO] [1777025127.112861888] [robot_1.robot_supervisor]: Selected controllable event: EV_rotate_counterclockwise
[robot_supervisor-10] [INFO] [1777025127.113236007] [robot_1.robot_supervisor]: rotate_90 blocked by recent completion; stopping this tick
[robot_supervisor-19] [INFO] [1777025127.117570792] [robot_4.robot_supervisor]: Selected controllable event: EV_move_forward
[robot_supervisor-10] [INFO] [1777025127.212894080] [robot_1.robot_supervisor]: Selected controllable event: EV_rotate_counterclockwise
[robot_supervisor-10] [INFO] [1777025127.213222448] [robot_1.robot_supervisor]: rotate_90 blocked by recent completion; stopping this tick
[robot_supervisor-16] [INFO] [1777025127.263293429] [robot_3.robot_supervisor]: Selected controllable event: EV_move_forward
[robot_supervisor-10] [INFO] [1777025127.312950069] [robot_1.robot_supervisor]: Selected controllable event: EV_rotate_counterclockwise
[image_processor-22] [INFO] [1777025127.346557043] [robot_1.image_processor]: Zone=CLEAR  left[p=1.240 near=0 v=7650]  front[p=1.301 near=0 v=12325]  right[p=2.349 near=0 v=6021]
[robot_supervisor-10] [INFO] [1777025127.347460332] [robot_1.robot_supervisor]: Detected zone changed to CLEAR
[image_processor-23] [INFO] [1777025127.356384790] [robot_2.image_processor]: Zone=CORNER
[image_processor-25] [INFO] [1777025127.368383516] [robot_4.image_processor]: Zone=RIGHT  left[p=2.721 near=0 v=6024]  front[p=0.989 near=0 v=12357]  right[p=0.477 near=7129 v=7740]
[robot_supervisor-19] [INFO] [1777025127.369121518] [robot_4.robot_supervisor]: Detected zone changed to RIGHT
[image_processor-24] [INFO] [1777025127.380411702] [robot_3.image_processor]: Zone=CLEAR
[robot_supervisor-7] [INFO] [1777025127.383791885] [robot_0.robot_supervisor]: Selected controllable event: EV_random_walk
[image_processor-21] [INFO] [1777025127.390878361] [robot_0.image_processor]: Zone=CLEAR
[robot_supervisor-19] [INFO] [1777025127.417912776] [robot_4.robot_supervisor]: Selected controllable event: EV_rotate_counterclockwise
[robot_supervisor-16] [INFO] [1777025127.563506929] [robot_3.robot_supervisor]: Selected controllable event: EV_random_walk
[robot_supervisor-7] [INFO] [1777025127.683794507] [robot_0.robot_supervisor]: Selected controllable event: EV_move_forward
[robot_supervisor-16] [INFO] [1777025127.863451384] [robot_3.robot_supervisor]: Selected controllable event: EV_move_forward
[robot_supervisor-7] [INFO] [1777025127.984200293] [robot_0.robot_supervisor]: Selected controllable event: EV_random_walk
[robot_supervisor-13] [INFO] [1777025128.069422089] [robot_2.robot_supervisor]: Selected controllable event: EV_rotate_clockwise
[robot_supervisor-13] [INFO] [1777025128.069804057] [robot_2.robot_supervisor]: rotate_90 blocked by recent completion; stopping this tick
[robot_supervisor-16] [INFO] [1777025128.163290528] [robot_3.robot_supervisor]: Selected controllable event: EV_random_walk
[robot_supervisor-13] [INFO] [1777025128.169278382] [robot_2.robot_supervisor]: Selected controllable event: EV_rotate_clockwise
[robot_supervisor-13] [INFO] [1777025128.169627280] [robot_2.robot_supervisor]: rotate_90 blocked by recent completion; stopping this tick
[robot_supervisor-13] [INFO] [1777025128.269070121] [robot_2.robot_supervisor]: Selected controllable event: EV_rotate_clockwise
[robot_supervisor-7] [INFO] [1777025128.284258638] [robot_0.robot_supervisor]: Selected controllable event: EV_move_forward
[robot_supervisor-16] [INFO] [1777025128.463498430] [robot_3.robot_supervisor]: Selected controllable event: EV_move_forward
[robot_supervisor-7] [INFO] [1777025128.583902886] [robot_0.robot_supervisor]: Selected controllable event: EV_random_walk
[robot_supervisor-16] [INFO] [1777025128.763201896] [robot_3.robot_supervisor]: Selected controllable event: EV_random_walk
[robot_supervisor-7] [INFO] [1777025128.884625984] [robot_0.robot_supervisor]: Selected controllable event: EV_move_forward
[robot_supervisor-16] [INFO] [1777025129.063298255] [robot_3.robot_supervisor]: Selected controllable event: EV_move_forward
[robot_supervisor-7] [INFO] [1777025129.183828675] [robot_0.robot_supervisor]: Selected controllable event: EV_random_walk
[robot_supervisor-16] [INFO] [1777025129.363611762] [robot_3.robot_supervisor]: Selected controllable event: EV_random_walk
[robot_supervisor-10] [INFO] [1777025129.413061628] [robot_1.robot_supervisor]: Selected controllable event: EV_random_walk
[robot_supervisor-7] [INFO] [1777025129.483899950] [robot_0.robot_supervisor]: Selected controllable event: EV_move_forward
[robot_supervisor-19] [INFO] [1777025129.617863087] [robot_4.robot_supervisor]: Selected controllable event: EV_rotate_counterclockwise
[robot_supervisor-19] [INFO] [1777025129.618238791] [robot_4.robot_supervisor]: rotate_90 blocked by recent completion; stopping this tick
[robot_supervisor-16] [INFO] [1777025129.663502427] [robot_3.robot_supervisor]: Selected controllable event: EV_move_forward
[robot_supervisor-10] [INFO] [1777025129.712834225] [robot_1.robot_supervisor]: Selected controllable event: EV_move_forward
[robot_supervisor-19] [INFO] [1777025129.717599004] [robot_4.robot_supervisor]: Selected controllable event: EV_rotate_counterclockwise
[robot_supervisor-19] [INFO] [1777025129.717782684] [robot_4.robot_supervisor]: rotate_90 blocked by recent completion; stopping this tick
[robot_supervisor-7] [INFO] [1777025129.783958778] [robot_0.robot_supervisor]: Selected controllable event: EV_random_walk
[robot_supervisor-19] [INFO] [1777025129.817691701] [robot_4.robot_supervisor]: Selected controllable event: EV_rotate_counterclockwise
[image_processor-22] [INFO] [1777025129.853149651] [robot_1.image_processor]: Zone=LEFT  left[p=0.417 near=7650 v=7650]  front[p=0.634 near=3384 v=13500]  right[p=1.558 near=0 v=7740]
[robot_supervisor-10] [INFO] [1777025129.853816222] [robot_1.robot_supervisor]: Detected zone changed to LEFT
[image_processor-23] [INFO] [1777025129.866502011] [robot_2.image_processor]: Zone=RIGHT  left[p=0.561 near=6484 v=7650]  front[p=0.886 near=9 v=13473]  right[p=0.559 near=7380 v=7740]
[robot_supervisor-13] [INFO] [1777025129.867034499] [robot_2.robot_supervisor]: Detected zone changed to RIGHT
[image_processor-25] [INFO] [1777025129.885646987] [robot_4.image_processor]: Zone=RIGHT
[image_processor-24] [INFO] [1777025129.897714282] [robot_3.image_processor]: Zone=CLEAR
[image_processor-21] [INFO] [1777025129.906021540] [robot_0.image_processor]: Zone=CLEAR
[robot_supervisor-16] [INFO] [1777025129.963497851] [robot_3.robot_supervisor]: Selected controllable event: EV_random_walk
[robot_supervisor-10] [INFO] [1777025130.012803690] [robot_1.robot_supervisor]: Selected controllable event: EV_rotate_clockwise
[robot_supervisor-7] [INFO] [1777025130.084093106] [robot_0.robot_supervisor]: Selected controllable event: EV_move_forward
[robot_supervisor-16] [INFO] [1777025130.263281417] [robot_3.robot_supervisor]: Selected controllable event: EV_move_forward
[robot_supervisor-13] [INFO] [1777025130.369394541] [robot_2.robot_supervisor]: Selected controllable event: EV_rotate_counterclockwise
[robot_supervisor-13] [INFO] [1777025130.369761680] [robot_2.robot_supervisor]: rotate_90 blocked by recent completion; stopping this tick
[robot_supervisor-7] [INFO] [1777025130.383949254] [robot_0.robot_supervisor]: Selected controllable event: EV_random_walk
[robot_supervisor-13] [INFO] [1777025130.469315258] [robot_2.robot_supervisor]: Selected controllable event: EV_rotate_counterclockwise
[robot_supervisor-13] [INFO] [1777025130.469680744] [robot_2.robot_supervisor]: rotate_90 blocked by recent completion; stopping this tick
[robot_supervisor-16] [INFO] [1777025130.563279090] [robot_3.robot_supervisor]: Selected controllable event: EV_random_walk
[robot_supervisor-13] [INFO] [1777025130.569513837] [robot_2.robot_supervisor]: Selected controllable event: EV_rotate_counterclockwise
[robot_supervisor-13] [INFO] [1777025130.569854320] [robot_2.robot_supervisor]: rotate_90 blocked by recent completion; stopping this tick
[robot_supervisor-13] [INFO] [1777025130.669345033] [robot_2.robot_supervisor]: Selected controllable event: EV_rotate_counterclockwise
[robot_supervisor-7] [INFO] [1777025130.683652934] [robot_0.robot_supervisor]: Selected controllable event: EV_move_forward
[robot_supervisor-16] [INFO] [1777025130.863414158] [robot_3.robot_supervisor]: Selected controllable event: EV_move_forward
[robot_supervisor-7] [INFO] [1777025130.983654894] [robot_0.robot_supervisor]: Selected controllable event: EV_random_walk
[robot_supervisor-16] [INFO] [1777025131.163278878] [robot_3.robot_supervisor]: Selected controllable event: EV_random_walk
[robot_supervisor-7] [INFO] [1777025131.284364419] [robot_0.robot_supervisor]: Selected controllable event: EV_move_forward
[robot_supervisor-16] [INFO] [1777025131.463372226] [robot_3.robot_supervisor]: Selected controllable event: EV_move_forward
[robot_supervisor-7] [INFO] [1777025131.584114052] [robot_0.robot_supervisor]: Selected controllable event: EV_random_walk
[robot_supervisor-16] [INFO] [1777025131.763267774] [robot_3.robot_supervisor]: Selected controllable event: EV_random_walk
[robot_supervisor-7] [INFO] [1777025131.883884663] [robot_0.robot_supervisor]: Selected controllable event: EV_move_forward
[robot_supervisor-19] [INFO] [1777025131.917815472] [robot_4.robot_supervisor]: Selected controllable event: EV_rotate_counterclockwise
[robot_supervisor-19] [INFO] [1777025131.918086761] [robot_4.robot_supervisor]: rotate_90 blocked by recent completion; stopping this tick
[robot_supervisor-19] [INFO] [1777025132.017811729] [robot_4.robot_supervisor]: Selected controllable event: EV_rotate_counterclockwise
[robot_supervisor-19] [INFO] [1777025132.018174427] [robot_4.robot_supervisor]: rotate_90 blocked by recent completion; stopping this tick
[robot_supervisor-16] [INFO] [1777025132.063337689] [robot_3.robot_supervisor]: Selected controllable event: EV_move_forward
[robot_supervisor-10] [INFO] [1777025132.112906031] [robot_1.robot_supervisor]: Selected controllable event: EV_rotate_clockwise
[robot_supervisor-10] [INFO] [1777025132.113309244] [robot_1.robot_supervisor]: rotate_90 blocked by recent completion; stopping this tick
[robot_supervisor-19] [INFO] [1777025132.117779918] [robot_4.robot_supervisor]: Selected controllable event: EV_rotate_counterclockwise
[robot_supervisor-19] [INFO] [1777025132.118093468] [robot_4.robot_supervisor]: rotate_90 blocked by recent completion; stopping this tick
[robot_supervisor-7] [INFO] [1777025132.184078594] [robot_0.robot_supervisor]: Selected controllable event: EV_random_walk
[robot_supervisor-10] [INFO] [1777025132.212923909] [robot_1.robot_supervisor]: Selected controllable event: EV_rotate_clockwise
[robot_supervisor-10] [INFO] [1777025132.213352232] [robot_1.robot_supervisor]: rotate_90 blocked by recent completion; stopping this tick
[robot_supervisor-19] [INFO] [1777025132.217616747] [robot_4.robot_supervisor]: Selected controllable event: EV_rotate_counterclockwise
[robot_supervisor-10] [INFO] [1777025132.312929480] [robot_1.robot_supervisor]: Selected controllable event: EV_rotate_clockwise
[robot_supervisor-10] [INFO] [1777025132.313342277] [robot_1.robot_supervisor]: rotate_90 blocked by recent completion; stopping this tick
[image_processor-22] [INFO] [1777025132.346273527] [robot_1.image_processor]: Zone=LEFT
[image_processor-23] [INFO] [1777025132.355536696] [robot_2.image_processor]: Zone=CORNER  left[p=0.509 near=7650 v=7650]  front[p=0.573 near=13500 v=13500]  right[p=0.698 near=6487 v=7740]
[robot_supervisor-13] [INFO] [1777025132.356519619] [robot_2.robot_supervisor]: Detected zone changed to CORNER
[robot_supervisor-16] [INFO] [1777025132.363321373] [robot_3.robot_supervisor]: Selected controllable event: EV_random_walk
[image_processor-25] [INFO] [1777025132.366350036] [robot_4.image_processor]: Zone=CLEAR  left[p=1.738 near=0 v=7650]  front[p=2.583 near=0 v=12528]  right[p=2.896 near=0 v=7141]
[robot_supervisor-19] [INFO] [1777025132.366800818] [robot_4.robot_supervisor]: Detected zone changed to CLEAR
[image_processor-24] [INFO] [1777025132.379974000] [robot_3.image_processor]: Zone=CLEAR
[image_processor-21] [INFO] [1777025132.387976096] [robot_0.image_processor]: Zone=CLEAR
[robot_supervisor-10] [INFO] [1777025132.413183082] [robot_1.robot_supervisor]: Selected controllable event: EV_rotate_clockwise
[robot_supervisor-7] [INFO] [1777025132.483864613] [robot_0.robot_supervisor]: Selected controllable event: EV_move_forward
[robot_supervisor-16] [INFO] [1777025132.663352914] [robot_3.robot_supervisor]: Selected controllable event: EV_move_forward
[robot_supervisor-7] [INFO] [1777025132.783808584] [robot_0.robot_supervisor]: Selected controllable event: EV_random_walk
[robot_supervisor-13] [INFO] [1777025132.869397199] [robot_2.robot_supervisor]: Selected controllable event: EV_rotate_clockwise
[robot_supervisor-13] [INFO] [1777025132.869754038] [robot_2.robot_supervisor]: rotate_90 blocked by recent completion; stopping this tick
[robot_supervisor-16] [INFO] [1777025132.963458752] [robot_3.robot_supervisor]: Selected controllable event: EV_random_walk
[robot_supervisor-13] [INFO] [1777025132.969518567] [robot_2.robot_supervisor]: Selected controllable event: EV_rotate_clockwise
[robot_supervisor-13] [INFO] [1777025132.969939560] [robot_2.robot_supervisor]: rotate_90 blocked by recent completion; stopping this tick
[robot_supervisor-13] [INFO] [1777025133.069519569] [robot_2.robot_supervisor]: Selected controllable event: EV_rotate_clockwise
[robot_supervisor-7] [INFO] [1777025133.083890658] [robot_0.robot_supervisor]: Selected controllable event: EV_move_forward
[robot_supervisor-16] [INFO] [1777025133.263431106] [robot_3.robot_supervisor]: Selected controllable event: EV_move_forward
[robot_supervisor-7] [INFO] [1777025133.383977873] [robot_0.robot_supervisor]: Selected controllable event: EV_random_walk
[robot_supervisor-16] [INFO] [1777025133.563349481] [robot_3.robot_supervisor]: Selected controllable event: EV_random_walk
[robot_supervisor-7] [INFO] [1777025133.584712127] [robot_0.robot_supervisor]: Selected controllable event: EV_move_forward
[robot_supervisor-16] [INFO] [1777025133.863142846] [robot_3.robot_supervisor]: Selected controllable event: EV_move_forward
[robot_supervisor-7] [INFO] [1777025133.883674615] [robot_0.robot_supervisor]: Selected controllable event: EV_random_walk
[robot_supervisor-16] [INFO] [1777025134.163363749] [robot_3.robot_supervisor]: Selected controllable event: EV_random_walk
[robot_supervisor-7] [INFO] [1777025134.184774992] [robot_0.robot_supervisor]: Selected controllable event: EV_move_forward
[robot_supervisor-19] [INFO] [1777025134.418107007] [robot_4.robot_supervisor]: Selected controllable event: EV_random_walk
[robot_supervisor-16] [INFO] [1777025134.463350479] [robot_3.robot_supervisor]: Selected controllable event: EV_move_forward
[robot_supervisor-7] [INFO] [1777025134.484265908] [robot_0.robot_supervisor]: Selected controllable event: EV_random_walk
[robot_supervisor-10] [INFO] [1777025134.612845929] [robot_1.robot_supervisor]: Selected controllable event: EV_rotate_clockwise
[robot_supervisor-10] [INFO] [1777025134.613199472] [robot_1.robot_supervisor]: rotate_90 blocked by recent completion; stopping this tick
[robot_supervisor-10] [INFO] [1777025134.712819041] [robot_1.robot_supervisor]: Selected controllable event: EV_rotate_clockwise
[robot_supervisor-10] [INFO] [1777025134.713080408] [robot_1.robot_supervisor]: rotate_90 blocked by recent completion; stopping this tick
[robot_supervisor-19] [INFO] [1777025134.717880166] [robot_4.robot_supervisor]: Selected controllable event: EV_move_forward
[robot_supervisor-16] [INFO] [1777025134.763424803] [robot_3.robot_supervisor]: Selected controllable event: EV_random_walk
[robot_supervisor-7] [INFO] [1777025134.784151892] [robot_0.robot_supervisor]: Selected controllable event: EV_move_forward
[robot_supervisor-10] [INFO] [1777025134.812975414] [robot_1.robot_supervisor]: Selected controllable event: EV_rotate_clockwise
[image_processor-22] [INFO] [1777025134.853567053] [robot_1.image_processor]: Zone=CLEAR  left[p=3.044 near=0 v=5504]  front[p=2.825 near=0 v=8145]  right[p=1.656 near=0 v=7229]
[robot_supervisor-10] [INFO] [1777025134.854561333] [robot_1.robot_supervisor]: Detected zone changed to CLEAR
[image_processor-23] [INFO] [1777025134.866649069] [robot_2.image_processor]: Zone=CORNER
[image_processor-25] [INFO] [1777025134.874214468] [robot_4.image_processor]: Zone=CORNER  left[p=0.297 near=7650 v=7650]  front[p=0.503 near=3420 v=13500]  right[p=1.608 near=0 v=7740]
[robot_supervisor-19] [INFO] [1777025134.874834092] [robot_4.robot_supervisor]: Detected zone changed to CORNER
[image_processor-24] [INFO] [1777025134.884930920] [robot_3.image_processor]: Zone=CLEAR
[image_processor-21] [INFO] [1777025134.897980186] [robot_0.image_processor]: Zone=CLEAR
[robot_supervisor-19] [INFO] [1777025135.017857683] [robot_4.robot_supervisor]: Selected controllable event: EV_rotate_clockwise
[robot_supervisor-16] [INFO] [1777025135.063256433] [robot_3.robot_supervisor]: Selected controllable event: EV_move_forward
[robot_supervisor-7] [INFO] [1777025135.084399259] [robot_0.robot_supervisor]: Selected controllable event: EV_random_walk
[robot_supervisor-13] [INFO] [1777025135.169110382] [robot_2.robot_supervisor]: Selected controllable event: EV_rotate_clockwise
[robot_supervisor-13] [INFO] [1777025135.169351558] [robot_2.robot_supervisor]: rotate_90 blocked by recent completion; stopping this tick
[robot_supervisor-13] [INFO] [1777025135.269115893] [robot_2.robot_supervisor]: Selected controllable event: EV_rotate_clockwise
[robot_supervisor-13] [INFO] [1777025135.269374629] [robot_2.robot_supervisor]: rotate_90 blocked by recent completion; stopping this tick
[robot_supervisor-16] [INFO] [1777025135.363435073] [robot_3.robot_supervisor]: Selected controllable event: EV_random_walk
[robot_supervisor-13] [INFO] [1777025135.369121901] [robot_2.robot_supervisor]: Selected controllable event: EV_rotate_clockwise
[robot_supervisor-13] [INFO] [1777025135.369314912] [robot_2.robot_supervisor]: rotate_90 blocked by recent completion; stopping this tick
[robot_supervisor-7] [INFO] [1777025135.384101935] [robot_0.robot_supervisor]: Selected controllable event: EV_move_forward
[robot_supervisor-13] [INFO] [1777025135.469274692] [robot_2.robot_supervisor]: Selected controllable event: EV_rotate_clockwise
[robot_supervisor-16] [INFO] [1777025135.663294871] [robot_3.robot_supervisor]: Selected controllable event: EV_move_forward
[robot_supervisor-7] [INFO] [1777025135.683816817] [robot_0.robot_supervisor]: Selected controllable event: EV_random_walk
[robot_supervisor-16] [INFO] [1777025135.963266679] [robot_3.robot_supervisor]: Selected controllable event: EV_random_walk
[robot_supervisor-7] [INFO] [1777025135.983895422] [robot_0.robot_supervisor]: Selected controllable event: EV_move_forward
[robot_supervisor-16] [INFO] [1777025136.263285363] [robot_3.robot_supervisor]: Selected controllable event: EV_move_forward
[robot_supervisor-7] [INFO] [1777025136.283617955] [robot_0.robot_supervisor]: Selected controllable event: EV_random_walk
[robot_supervisor-16] [INFO] [1777025136.563450810] [robot_3.robot_supervisor]: Selected controllable event: EV_random_walk
[robot_supervisor-7] [INFO] [1777025136.583893857] [robot_0.robot_supervisor]: Selected controllable event: EV_move_forward
[robot_supervisor-16] [INFO] [1777025136.863347088] [robot_3.robot_supervisor]: Selected controllable event: EV_move_forward
[robot_supervisor-7] [INFO] [1777025136.884328534] [robot_0.robot_supervisor]: Selected controllable event: EV_random_walk
[robot_supervisor-10] [INFO] [1777025137.012915219] [robot_1.robot_supervisor]: Selected controllable event: EV_random_walk
[robot_supervisor-16] [INFO] [1777025137.163179500] [robot_3.robot_supervisor]: Selected controllable event: EV_random_walk
[robot_supervisor-7] [INFO] [1777025137.183939334] [robot_0.robot_supervisor]: Selected controllable event: EV_move_forward
[robot_supervisor-19] [INFO] [1777025137.217815669] [robot_4.robot_supervisor]: Selected controllable event: EV_rotate_clockwise
[robot_supervisor-19] [INFO] [1777025137.218275008] [robot_4.robot_supervisor]: rotate_90 blocked by recent completion; stopping this tick
[robot_supervisor-10] [INFO] [1777025137.312871533] [robot_1.robot_supervisor]: Selected controllable event: EV_move_forward
[robot_supervisor-19] [INFO] [1777025137.317846059] [robot_4.robot_supervisor]: Selected controllable event: EV_rotate_clockwise
[robot_supervisor-19] [INFO] [1777025137.318200421] [robot_4.robot_supervisor]: rotate_90 blocked by recent completion; stopping this tick
[image_processor-22] [INFO] [1777025137.349324793] [robot_1.image_processor]: Zone=CORNER  left[p=1.672 near=0 v=7253]  front[p=0.517 near=4704 v=13482]  right[p=0.342 near=7740 v=7740]
[robot_supervisor-10] [INFO] [1777025137.350125290] [robot_1.robot_supervisor]: Detected zone changed to CORNER
[image_processor-23] [INFO] [1777025137.365310729] [robot_2.image_processor]: Zone=CLEAR  left[p=2.436 near=0 v=4336]  front[p=1.708 near=0 v=9908]  right[p=0.924 near=0 v=7740]
[robot_supervisor-13] [INFO] [1777025137.365885240] [robot_2.robot_supervisor]: Detected zone changed to CLEAR
[image_processor-25] [INFO] [1777025137.373965005] [robot_4.image_processor]: Zone=CLEAR  left[p=1.654 near=0 v=7650]  front[p=2.502 near=0 v=12502]  right[p=2.966 near=0 v=7102]
[robot_supervisor-19] [INFO] [1777025137.374603738] [robot_4.robot_supervisor]: Detected zone changed to CLEAR
[image_processor-24] [INFO] [1777025137.385041845] [robot_3.image_processor]: Zone=CLEAR
[image_processor-21] [INFO] [1777025137.393889923] [robot_0.image_processor]: Zone=CLEAR
[robot_supervisor-19] [INFO] [1777025137.417726754] [robot_4.robot_supervisor]: Selected controllable event: EV_random_walk
[robot_supervisor-16] [INFO] [1777025137.463567463] [robot_3.robot_supervisor]: Selected controllable event: EV_move_forward
[robot_supervisor-7] [INFO] [1777025137.484273653] [robot_0.robot_supervisor]: Selected controllable event: EV_random_walk
[robot_supervisor-10] [INFO] [1777025137.612998002] [robot_1.robot_supervisor]: Selected controllable event: EV_rotate_clockwise
[robot_supervisor-13] [INFO] [1777025137.669295426] [robot_2.robot_supervisor]: Selected controllable event: EV_random_walk
[robot_supervisor-19] [INFO] [1777025137.717879011] [robot_4.robot_supervisor]: Selected controllable event: EV_move_forward
[robot_supervisor-16] [INFO] [1777025137.763488163] [robot_3.robot_supervisor]: Selected controllable event: EV_random_walk
[robot_supervisor-7] [INFO] [1777025137.783890468] [robot_0.robot_supervisor]: Selected controllable event: EV_move_forward
[robot_supervisor-13] [INFO] [1777025137.969549213] [robot_2.robot_supervisor]: Selected controllable event: EV_move_forward
[robot_supervisor-19] [INFO] [1777025138.017750259] [robot_4.robot_supervisor]: Selected controllable event: EV_random_walk
[robot_supervisor-16] [INFO] [1777025138.063176752] [robot_3.robot_supervisor]: Selected controllable event: EV_move_forward
[robot_supervisor-7] [INFO] [1777025138.084070761] [robot_0.robot_supervisor]: Selected controllable event: EV_random_walk
[robot_supervisor-13] [INFO] [1777025138.269499177] [robot_2.robot_supervisor]: Selected controllable event: EV_random_walk
[robot_supervisor-19] [INFO] [1777025138.317834197] [robot_4.robot_supervisor]: Selected controllable event: EV_move_forward
[robot_supervisor-16] [INFO] [1777025138.363637583] [robot_3.robot_supervisor]: Selected controllable event: EV_random_walk
[robot_supervisor-7] [INFO] [1777025138.384550044] [robot_0.robot_supervisor]: Selected controllable event: EV_move_forward
[robot_supervisor-13] [INFO] [1777025138.569495237] [robot_2.robot_supervisor]: Selected controllable event: EV_move_forward
[robot_supervisor-19] [INFO] [1777025138.618082853] [robot_4.robot_supervisor]: Selected controllable event: EV_random_walk
[robot_supervisor-16] [INFO] [1777025138.663537165] [robot_3.robot_supervisor]: Selected controllable event: EV_move_forward
[robot_supervisor-7] [INFO] [1777025138.683744877] [robot_0.robot_supervisor]: Selected controllable event: EV_random_walk
[robot_supervisor-13] [INFO] [1777025138.869413941] [robot_2.robot_supervisor]: Selected controllable event: EV_random_walk
[robot_supervisor-19] [INFO] [1777025138.917899460] [robot_4.robot_supervisor]: Selected controllable event: EV_move_forward
[robot_supervisor-16] [INFO] [1777025138.963571002] [robot_3.robot_supervisor]: Selected controllable event: EV_random_walk
[robot_supervisor-7] [INFO] [1777025138.984061383] [robot_0.robot_supervisor]: Selected controllable event: EV_move_forward
[robot_supervisor-13] [INFO] [1777025139.169437326] [robot_2.robot_supervisor]: Selected controllable event: EV_move_forward
[robot_supervisor-19] [INFO] [1777025139.217832488] [robot_4.robot_supervisor]: Selected controllable event: EV_random_walk
[robot_supervisor-16] [INFO] [1777025139.263117045] [robot_3.robot_supervisor]: Selected controllable event: EV_move_forward
[robot_supervisor-7] [INFO] [1777025139.283975212] [robot_0.robot_supervisor]: Selected controllable event: EV_random_walk
[robot_supervisor-13] [INFO] [1777025139.469340584] [robot_2.robot_supervisor]: Selected controllable event: EV_random_walk
[robot_supervisor-19] [INFO] [1777025139.517812974] [robot_4.robot_supervisor]: Selected controllable event: EV_move_forward
[robot_supervisor-16] [INFO] [1777025139.563040226] [robot_3.robot_supervisor]: Selected controllable event: EV_random_walk
[robot_supervisor-7] [INFO] [1777025139.583895727] [robot_0.robot_supervisor]: Selected controllable event: EV_move_forward
[robot_supervisor-13] [INFO] [1777025139.769519324] [robot_2.robot_supervisor]: Selected controllable event: EV_move_forward
[robot_supervisor-10] [INFO] [1777025139.813042051] [robot_1.robot_supervisor]: Selected controllable event: EV_rotate_clockwise
[robot_supervisor-10] [INFO] [1777025139.813616528] [robot_1.robot_supervisor]: rotate_90 blocked by recent completion; stopping this tick
[robot_supervisor-19] [INFO] [1777025139.817835982] [robot_4.robot_supervisor]: Selected controllable event: EV_random_walk
[image_processor-22] [INFO] [1777025139.849191803] [robot_1.image_processor]: Zone=CORNER
[image_processor-23] [INFO] [1777025139.862538382] [robot_2.image_processor]: Zone=CLEAR
[robot_supervisor-16] [INFO] [1777025139.863334061] [robot_3.robot_supervisor]: Selected controllable event: EV_move_forward
[image_processor-25] [INFO] [1777025139.871618956] [robot_4.image_processor]: Zone=CLEAR
[image_processor-24] [INFO] [1777025139.883192106] [robot_3.image_processor]: Zone=CLEAR
[robot_supervisor-7] [INFO] [1777025139.884064757] [robot_0.robot_supervisor]: Selected controllable event: EV_random_walk
[image_processor-21] [INFO] [1777025139.892442447] [robot_0.image_processor]: Zone=CLEAR
[robot_supervisor-10] [INFO] [1777025139.912958686] [robot_1.robot_supervisor]: Selected controllable event: EV_rotate_clockwise
[robot_supervisor-10] [INFO] [1777025139.913287117] [robot_1.robot_supervisor]: rotate_90 blocked by recent completion; stopping this tick
[robot_supervisor-10] [INFO] [1777025140.012868448] [robot_1.robot_supervisor]: Selected controllable event: EV_rotate_clockwise
[robot_supervisor-13] [INFO] [1777025140.069308212] [robot_2.robot_supervisor]: Selected controllable event: EV_random_walk
[robot_supervisor-19] [INFO] [1777025140.117938261] [robot_4.robot_supervisor]: Selected controllable event: EV_move_forward
[robot_supervisor-16] [INFO] [1777025140.163367328] [robot_3.robot_supervisor]: Selected controllable event: EV_random_walk
[robot_supervisor-7] [INFO] [1777025140.183946168] [robot_0.robot_supervisor]: Selected controllable event: EV_move_forward
[robot_supervisor-13] [INFO] [1777025140.369385967] [robot_2.robot_supervisor]: Selected controllable event: EV_move_forward
[robot_supervisor-19] [INFO] [1777025140.417699931] [robot_4.robot_supervisor]: Selected controllable event: EV_random_walk
[robot_supervisor-16] [INFO] [1777025140.463280288] [robot_3.robot_supervisor]: Selected controllable event: EV_move_forward
[robot_supervisor-7] [INFO] [1777025140.483945465] [robot_0.robot_supervisor]: Selected controllable event: EV_random_walk
[robot_supervisor-13] [INFO] [1777025140.669487539] [robot_2.robot_supervisor]: Selected controllable event: EV_random_walk
[robot_supervisor-19] [INFO] [1777025140.717956228] [robot_4.robot_supervisor]: Selected controllable event: EV_move_forward
[robot_supervisor-16] [INFO] [1777025140.763278401] [robot_3.robot_supervisor]: Selected controllable event: EV_random_walk
[robot_supervisor-7] [INFO] [1777025140.784542865] [robot_0.robot_supervisor]: Selected controllable event: EV_move_forward
[robot_supervisor-13] [INFO] [1777025140.969618181] [robot_2.robot_supervisor]: Selected controllable event: EV_move_forward
[robot_supervisor-19] [INFO] [1777025141.017598641] [robot_4.robot_supervisor]: Selected controllable event: EV_random_walk
[robot_supervisor-16] [INFO] [1777025141.063210607] [robot_3.robot_supervisor]: Selected controllable event: EV_move_forward
[robot_supervisor-7] [INFO] [1777025141.084397011] [robot_0.robot_supervisor]: Selected controllable event: EV_random_walk
[robot_supervisor-13] [INFO] [1777025141.269157100] [robot_2.robot_supervisor]: Selected controllable event: EV_random_walk
[robot_supervisor-19] [INFO] [1777025141.317610003] [robot_4.robot_supervisor]: Selected controllable event: EV_move_forward
[robot_supervisor-16] [INFO] [1777025141.363365484] [robot_3.robot_supervisor]: Selected controllable event: EV_random_walk
[robot_supervisor-7] [INFO] [1777025141.384402371] [robot_0.robot_supervisor]: Selected controllable event: EV_move_forward
[robot_supervisor-13] [INFO] [1777025141.569367878] [robot_2.robot_supervisor]: Selected controllable event: EV_move_forward
[robot_supervisor-19] [INFO] [1777025141.617754258] [robot_4.robot_supervisor]: Selected controllable event: EV_random_walk
[robot_supervisor-16] [INFO] [1777025141.663307417] [robot_3.robot_supervisor]: Selected controllable event: EV_move_forward
[robot_supervisor-7] [INFO] [1777025141.683961076] [robot_0.robot_supervisor]: Selected controllable event: EV_random_walk
[robot_supervisor-13] [INFO] [1777025141.869432667] [robot_2.robot_supervisor]: Selected controllable event: EV_random_walk
[robot_supervisor-19] [INFO] [1777025141.917923911] [robot_4.robot_supervisor]: Selected controllable event: EV_move_forward
[robot_supervisor-16] [INFO] [1777025141.963312079] [robot_3.robot_supervisor]: Selected controllable event: EV_random_walk
[robot_supervisor-7] [INFO] [1777025141.983780939] [robot_0.robot_supervisor]: Selected controllable event: EV_move_forward
[robot_supervisor-10] [INFO] [1777025142.112965498] [robot_1.robot_supervisor]: Selected controllable event: EV_rotate_clockwise
[robot_supervisor-10] [INFO] [1777025142.113489004] [robot_1.robot_supervisor]: rotate_90 blocked by recent completion; stopping this tick
[robot_supervisor-13] [INFO] [1777025142.169263566] [robot_2.robot_supervisor]: Selected controllable event: EV_move_forward
[robot_supervisor-7] [INFO] [1777025142.184322963] [robot_0.robot_supervisor]: Selected controllable event: EV_random_walk
[robot_supervisor-10] [INFO] [1777025142.212869679] [robot_1.robot_supervisor]: Selected controllable event: EV_rotate_clockwise
[robot_supervisor-10] [INFO] [1777025142.213250709] [robot_1.robot_supervisor]: rotate_90 blocked by recent completion; stopping this tick
[robot_supervisor-19] [INFO] [1777025142.217830010] [robot_4.robot_supervisor]: Selected controllable event: EV_random_walk
[robot_supervisor-16] [INFO] [1777025142.263257088] [robot_3.robot_supervisor]: Selected controllable event: EV_move_forward
[robot_supervisor-10] [INFO] [1777025142.312931498] [robot_1.robot_supervisor]: Selected controllable event: EV_rotate_clockwise
[robot_supervisor-10] [INFO] [1777025142.313326995] [robot_1.robot_supervisor]: rotate_90 blocked by recent completion; stopping this tick
[image_processor-22] [INFO] [1777025142.348608051] [robot_1.image_processor]: Zone=CLEAR  left[p=1.216 near=0 v=7650]  front[p=2.193 near=0 v=11189]  right[p=2.871 near=0 v=5577]
[robot_supervisor-10] [INFO] [1777025142.349174332] [robot_1.robot_supervisor]: Detected zone changed to CLEAR
[image_processor-23] [INFO] [1777025142.359441669] [robot_2.image_processor]: Zone=CLEAR
[image_processor-24] [INFO] [1777025142.379218029] [robot_3.image_processor]: Zone=CLEAR
[image_processor-21] [INFO] [1777025142.388254246] [robot_0.image_processor]: Zone=RIGHT  left[p=1.755 near=0 v=7650]  front[p=1.617 near=0 v=13500]  right[p=0.316 near=4938 v=7740]
[robot_supervisor-7] [INFO] [1777025142.388657099] [robot_0.robot_supervisor]: Detected zone changed to RIGHT
[robot_supervisor-10] [INFO] [1777025142.413058324] [robot_1.robot_supervisor]: Selected controllable event: EV_random_walk
[image_processor-25] [INFO] [1777025142.467109702] [robot_4.image_processor]: Zone=CLEAR
[robot_supervisor-13] [INFO] [1777025142.469313445] [robot_2.robot_supervisor]: Selected controllable event: EV_random_walk
[robot_supervisor-7] [INFO] [1777025142.484400382] [robot_0.robot_supervisor]: Selected controllable event: EV_rotate_counterclockwise
[bump_counter-3] [INFO] [1777025142.493635669] [bump_counter]: [global] bump #6 (obstacle) with: box4::link::collision
[robot_supervisor-19] [INFO] [1777025142.517857216] [robot_4.robot_supervisor]: Selected controllable event: EV_move_forward
[robot_supervisor-16] [INFO] [1777025142.563293428] [robot_3.robot_supervisor]: Selected controllable event: EV_random_walk
[robot_supervisor-10] [INFO] [1777025142.712982802] [robot_1.robot_supervisor]: Selected controllable event: EV_move_forward
[robot_supervisor-13] [INFO] [1777025142.769274661] [robot_2.robot_supervisor]: Selected controllable event: EV_move_forward
[robot_supervisor-19] [INFO] [1777025142.817855436] [robot_4.robot_supervisor]: Selected controllable event: EV_random_walk
[robot_supervisor-16] [INFO] [1777025142.863468561] [robot_3.robot_supervisor]: Selected controllable event: EV_move_forward
[robot_supervisor-10] [INFO] [1777025143.013167020] [robot_1.robot_supervisor]: Selected controllable event: EV_random_walk
[robot_supervisor-13] [INFO] [1777025143.069322238] [robot_2.robot_supervisor]: Selected controllable event: EV_random_walk
[robot_supervisor-19] [INFO] [1777025143.117864853] [robot_4.robot_supervisor]: Selected controllable event: EV_move_forward
[robot_supervisor-16] [INFO] [1777025143.163422288] [robot_3.robot_supervisor]: Selected controllable event: EV_random_walk
[robot_supervisor-10] [INFO] [1777025143.313140269] [robot_1.robot_supervisor]: Selected controllable event: EV_move_forward
[robot_supervisor-13] [INFO] [1777025143.369637639] [robot_2.robot_supervisor]: Selected controllable event: EV_move_forward
[robot_supervisor-19] [INFO] [1777025143.417878098] [robot_4.robot_supervisor]: Selected controllable event: EV_random_walk
[robot_supervisor-16] [INFO] [1777025143.463210653] [robot_3.robot_supervisor]: Selected controllable event: EV_move_forward
[robot_supervisor-10] [INFO] [1777025143.613248474] [robot_1.robot_supervisor]: Selected controllable event: EV_random_walk
[robot_supervisor-13] [INFO] [1777025143.669492134] [robot_2.robot_supervisor]: Selected controllable event: EV_random_walk
[robot_supervisor-19] [INFO] [1777025143.717878299] [robot_4.robot_supervisor]: Selected controllable event: EV_move_forward
[robot_supervisor-16] [INFO] [1777025143.763288283] [robot_3.robot_supervisor]: Selected controllable event: EV_random_walk
[robot_supervisor-10] [INFO] [1777025143.913046919] [robot_1.robot_supervisor]: Selected controllable event: EV_move_forward
[robot_supervisor-13] [INFO] [1777025143.969556138] [robot_2.robot_supervisor]: Selected controllable event: EV_move_forward
[robot_supervisor-19] [INFO] [1777025144.017652264] [robot_4.robot_supervisor]: Selected controllable event: EV_random_walk
[robot_supervisor-16] [INFO] [1777025144.063245830] [robot_3.robot_supervisor]: Selected controllable event: EV_move_forward
[robot_supervisor-10] [INFO] [1777025144.212931115] [robot_1.robot_supervisor]: Selected controllable event: EV_random_walk
[bump_counter-3] [INFO] [1777025144.254550854] [bump_counter]: [global] bump #7 (obstacle) with: box4::link::collision
[robot_supervisor-13] [INFO] [1777025144.269589474] [robot_2.robot_supervisor]: Selected controllable event: EV_random_walk
[robot_supervisor-19] [INFO] [1777025144.318016383] [robot_4.robot_supervisor]: Selected controllable event: EV_move_forward
[robot_supervisor-16] [INFO] [1777025144.363279863] [robot_3.robot_supervisor]: Selected controllable event: EV_random_walk
[robot_supervisor-10] [INFO] [1777025144.513044481] [robot_1.robot_supervisor]: Selected controllable event: EV_move_forward
[robot_supervisor-13] [INFO] [1777025144.569490712] [robot_2.robot_supervisor]: Selected controllable event: EV_move_forward
[robot_supervisor-7] [INFO] [1777025144.583979685] [robot_0.robot_supervisor]: Selected controllable event: EV_rotate_counterclockwise
[robot_supervisor-7] [INFO] [1777025144.584237851] [robot_0.robot_supervisor]: rotate_90 blocked by recent completion; stopping this tick
[robot_supervisor-19] [INFO] [1777025144.617832406] [robot_4.robot_supervisor]: Selected controllable event: EV_random_walk
[robot_supervisor-16] [INFO] [1777025144.663405121] [robot_3.robot_supervisor]: Selected controllable event: EV_move_forward
[robot_supervisor-7] [INFO] [1777025144.683896102] [robot_0.robot_supervisor]: Selected controllable event: EV_rotate_counterclockwise
[robot_supervisor-7] [INFO] [1777025144.684257158] [robot_0.robot_supervisor]: rotate_90 blocked by recent completion; stopping this tick
[robot_supervisor-7] [INFO] [1777025144.784005950] [robot_0.robot_supervisor]: Selected controllable event: EV_rotate_counterclockwise
[robot_supervisor-7] [INFO] [1777025144.784463492] [robot_0.robot_supervisor]: rotate_90 blocked by recent completion; stopping this tick
[bump_counter-3] [INFO] [1777025144.804236531] [bump_counter]: [global] bump #8 (obstacle) with: cylinder2::link::collision
[robot_supervisor-10] [INFO] [1777025144.812906140] [robot_1.robot_supervisor]: Selected controllable event: EV_random_walk
[image_processor-22] [INFO] [1777025144.850104268] [robot_1.image_processor]: Zone=CLEAR
[image_processor-23] [INFO] [1777025144.861312585] [robot_2.image_processor]: Zone=CORNER  left[p=0.151 near=7650 v=7650]  front[p=0.163 near=13500 v=13500]  right[p=0.213 near=7740 v=7740]
[robot_supervisor-13] [INFO] [1777025144.861842054] [robot_2.robot_supervisor]: Detected zone changed to CORNER
[image_processor-25] [INFO] [1777025144.869007851] [robot_4.image_processor]: Zone=CLEAR
[robot_supervisor-13] [INFO] [1777025144.869158581] [robot_2.robot_supervisor]: Selected controllable event: EV_rotate_clockwise
[image_processor-24] [INFO] [1777025144.878783081] [robot_3.image_processor]: Zone=CLEAR
[robot_supervisor-7] [INFO] [1777025144.884258330] [robot_0.robot_supervisor]: Selected controllable event: EV_rotate_counterclockwise
[image_processor-21] [INFO] [1777025144.895529772] [robot_0.image_processor]: Zone=RIGHT
[robot_supervisor-19] [INFO] [1777025144.917820487] [robot_4.robot_supervisor]: Selected controllable event: EV_move_forward
[robot_supervisor-16] [INFO] [1777025144.963493629] [robot_3.robot_supervisor]: Selected controllable event: EV_random_walk
[robot_supervisor-10] [INFO] [1777025145.113211675] [robot_1.robot_supervisor]: Selected controllable event: EV_move_forward
[robot_supervisor-19] [INFO] [1777025145.218052885] [robot_4.robot_supervisor]: Selected controllable event: EV_random_walk
[robot_supervisor-16] [INFO] [1777025145.263400634] [robot_3.robot_supervisor]: Selected controllable event: EV_move_forward
[robot_supervisor-10] [INFO] [1777025145.412964423] [robot_1.robot_supervisor]: Selected controllable event: EV_random_walk
[robot_supervisor-19] [INFO] [1777025145.517825520] [robot_4.robot_supervisor]: Selected controllable event: EV_move_forward
[robot_supervisor-16] [INFO] [1777025145.563345356] [robot_3.robot_supervisor]: Selected controllable event: EV_random_walk
[robot_supervisor-10] [INFO] [1777025145.712855034] [robot_1.robot_supervisor]: Selected controllable event: EV_move_forward
[robot_supervisor-19] [INFO] [1777025145.817676581] [robot_4.robot_supervisor]: Selected controllable event: EV_random_walk
[robot_supervisor-16] [INFO] [1777025145.863542347] [robot_3.robot_supervisor]: Selected controllable event: EV_move_forward
[robot_supervisor-10] [INFO] [1777025146.013112028] [robot_1.robot_supervisor]: Selected controllable event: EV_random_walk
[robot_supervisor-19] [INFO] [1777025146.117627092] [robot_4.robot_supervisor]: Selected controllable event: EV_move_forward
[robot_supervisor-16] [INFO] [1777025146.163244364] [robot_3.robot_supervisor]: Selected controllable event: EV_random_walk
[robot_supervisor-10] [INFO] [1777025146.312844978] [robot_1.robot_supervisor]: Selected controllable event: EV_move_forward
[robot_supervisor-19] [INFO] [1777025146.417869198] [robot_4.robot_supervisor]: Selected controllable event: EV_random_walk
[robot_supervisor-16] [INFO] [1777025146.463464077] [robot_3.robot_supervisor]: Selected controllable event: EV_move_forward
[robot_supervisor-10] [INFO] [1777025146.612933364] [robot_1.robot_supervisor]: Selected controllable event: EV_random_walk
[robot_supervisor-19] [INFO] [1777025146.717831811] [robot_4.robot_supervisor]: Selected controllable event: EV_move_forward
[robot_supervisor-16] [INFO] [1777025146.763238335] [robot_3.robot_supervisor]: Selected controllable event: EV_random_walk
[robot_supervisor-10] [INFO] [1777025146.913288145] [robot_1.robot_supervisor]: Selected controllable event: EV_move_forward
[robot_supervisor-19] [INFO] [1777025147.017874033] [robot_4.robot_supervisor]: Selected controllable event: EV_random_walk
[robot_supervisor-16] [INFO] [1777025147.063215375] [robot_3.robot_supervisor]: Selected controllable event: EV_move_forward
[robot_supervisor-13] [INFO] [1777025147.069485074] [robot_2.robot_supervisor]: Selected controllable event: EV_rotate_clockwise
[robot_supervisor-13] [INFO] [1777025147.069846779] [robot_2.robot_supervisor]: rotate_90 blocked by recent completion; stopping this tick
[robot_supervisor-7] [INFO] [1777025147.083915728] [robot_0.robot_supervisor]: Selected controllable event: EV_rotate_counterclockwise
[robot_supervisor-7] [INFO] [1777025147.084272062] [robot_0.robot_supervisor]: rotate_90 blocked by recent completion; stopping this tick
[robot_supervisor-13] [INFO] [1777025147.169362032] [robot_2.robot_supervisor]: Selected controllable event: EV_rotate_clockwise
[robot_supervisor-13] [INFO] [1777025147.169771673] [robot_2.robot_supervisor]: rotate_90 blocked by recent completion; stopping this tick
[robot_supervisor-7] [INFO] [1777025147.183892247] [robot_0.robot_supervisor]: Selected controllable event: EV_rotate_counterclockwise
[robot_supervisor-7] [INFO] [1777025147.184256677] [robot_0.robot_supervisor]: rotate_90 blocked by recent completion; stopping this tick
[robot_supervisor-10] [INFO] [1777025147.212903488] [robot_1.robot_supervisor]: Selected controllable event: EV_random_walk
[robot_supervisor-13] [INFO] [1777025147.269274407] [robot_2.robot_supervisor]: Selected controllable event: EV_rotate_clockwise
[robot_supervisor-7] [INFO] [1777025147.284640768] [robot_0.robot_supervisor]: Selected controllable event: EV_rotate_counterclockwise
[robot_supervisor-19] [INFO] [1777025147.317603247] [robot_4.robot_supervisor]: Selected controllable event: EV_move_forward
[image_processor-22] [INFO] [1777025147.350543434] [robot_1.image_processor]: Zone=CLEAR
[image_processor-23] [INFO] [1777025147.359173805] [robot_2.image_processor]: Zone=CORNER
[robot_supervisor-16] [INFO] [1777025147.363326643] [robot_3.robot_supervisor]: Selected controllable event: EV_random_walk
[image_processor-25] [INFO] [1777025147.367468776] [robot_4.image_processor]: Zone=CLEAR
[image_processor-24] [INFO] [1777025147.377825238] [robot_3.image_processor]: Zone=CLEAR
[image_processor-21] [INFO] [1777025147.388965586] [robot_0.image_processor]: Zone=CLEAR  left[p=1.892 near=0 v=7650]  front[p=2.841 near=0 v=11125]  right[p=1.669 near=0 v=5458]
[robot_supervisor-7] [INFO] [1777025147.389449276] [robot_0.robot_supervisor]: Detected zone changed to CLEAR
[robot_supervisor-10] [INFO] [1777025147.512938183] [robot_1.robot_supervisor]: Selected controllable event: EV_move_forward
[robot_supervisor-19] [INFO] [1777025147.617841003] [robot_4.robot_supervisor]: Selected controllable event: EV_random_walk
[robot_supervisor-16] [INFO] [1777025147.663167482] [robot_3.robot_supervisor]: Selected controllable event: EV_move_forward
[robot_supervisor-10] [INFO] [1777025147.813088159] [robot_1.robot_supervisor]: Selected controllable event: EV_random_walk
[robot_supervisor-19] [INFO] [1777025147.917886935] [robot_4.robot_supervisor]: Selected controllable event: EV_move_forward
[robot_supervisor-16] [INFO] [1777025147.963307897] [robot_3.robot_supervisor]: Selected controllable event: EV_random_walk
[robot_supervisor-10] [INFO] [1777025148.112874109] [robot_1.robot_supervisor]: Selected controllable event: EV_move_forward
[robot_supervisor-19] [INFO] [1777025148.217948962] [robot_4.robot_supervisor]: Selected controllable event: EV_random_walk
[robot_supervisor-16] [INFO] [1777025148.263297437] [robot_3.robot_supervisor]: Selected controllable event: EV_move_forward
[robot_supervisor-10] [INFO] [1777025148.412797494] [robot_1.robot_supervisor]: Selected controllable event: EV_random_walk
[robot_supervisor-19] [INFO] [1777025148.517855786] [robot_4.robot_supervisor]: Selected controllable event: EV_move_forward
[robot_supervisor-16] [INFO] [1777025148.563344216] [robot_3.robot_supervisor]: Selected controllable event: EV_random_walk
[robot_supervisor-10] [INFO] [1777025148.712837136] [robot_1.robot_supervisor]: Selected controllable event: EV_move_forward
[robot_supervisor-19] [INFO] [1777025148.817817060] [robot_4.robot_supervisor]: Selected controllable event: EV_random_walk
[robot_supervisor-16] [INFO] [1777025148.863586670] [robot_3.robot_supervisor]: Selected controllable event: EV_move_forward
[robot_supervisor-10] [INFO] [1777025149.012972665] [robot_1.robot_supervisor]: Selected controllable event: EV_random_walk
[robot_supervisor-19] [INFO] [1777025149.117911478] [robot_4.robot_supervisor]: Selected controllable event: EV_move_forward
[robot_supervisor-16] [INFO] [1777025149.163318481] [robot_3.robot_supervisor]: Selected controllable event: EV_random_walk
[robot_supervisor-10] [INFO] [1777025149.312968805] [robot_1.robot_supervisor]: Selected controllable event: EV_move_forward
[robot_supervisor-13] [INFO] [1777025149.369387281] [robot_2.robot_supervisor]: Selected controllable event: EV_rotate_clockwise
[robot_supervisor-13] [INFO] [1777025149.369753604] [robot_2.robot_supervisor]: rotate_90 blocked by recent completion; stopping this tick
[robot_supervisor-19] [INFO] [1777025149.417718382] [robot_4.robot_supervisor]: Selected controllable event: EV_random_walk
[robot_supervisor-16] [INFO] [1777025149.463102047] [robot_3.robot_supervisor]: Selected controllable event: EV_move_forward
[robot_supervisor-13] [INFO] [1777025149.469553573] [robot_2.robot_supervisor]: Selected controllable event: EV_rotate_clockwise
[robot_supervisor-13] [INFO] [1777025149.470021826] [robot_2.robot_supervisor]: rotate_90 blocked by recent completion; stopping this tick
[robot_supervisor-7] [INFO] [1777025149.484060040] [robot_0.robot_supervisor]: Selected controllable event: EV_random_walk
[robot_supervisor-13] [INFO] [1777025149.569588875] [robot_2.robot_supervisor]: Selected controllable event: EV_rotate_clockwise
[robot_supervisor-13] [INFO] [1777025149.569934338] [robot_2.robot_supervisor]: rotate_90 blocked by recent completion; stopping this tick
[robot_supervisor-10] [INFO] [1777025149.613006248] [robot_1.robot_supervisor]: Selected controllable event: EV_random_walk
[robot_supervisor-13] [INFO] [1777025149.669490291] [robot_2.robot_supervisor]: Selected controllable event: EV_rotate_clockwise
[robot_supervisor-19] [INFO] [1777025149.717570938] [robot_4.robot_supervisor]: Selected controllable event: EV_move_forward
[robot_supervisor-16] [INFO] [1777025149.763269583] [robot_3.robot_supervisor]: Selected controllable event: EV_random_walk
[robot_supervisor-7] [INFO] [1777025149.784248901] [robot_0.robot_supervisor]: Selected controllable event: EV_move_forward
[image_processor-22] [INFO] [1777025149.849563792] [robot_1.image_processor]: Zone=CLEAR
[image_processor-23] [INFO] [1777025149.858446097] [robot_2.image_processor]: Zone=LEFT  left[p=0.744 near=1561 v=7650]  front[p=1.985 near=0 v=13500]  right[p=1.128 near=0 v=7740]
[robot_supervisor-13] [INFO] [1777025149.859010559] [robot_2.robot_supervisor]: Detected zone changed to LEFT
[image_processor-25] [INFO] [1777025149.866546793] [robot_4.image_processor]: Zone=LEFT  left[p=0.468 near=7650 v=7650]  front[p=0.768 near=1863 v=13500]  right[p=2.642 near=0 v=7740]
[robot_supervisor-19] [INFO] [1777025149.867023809] [robot_4.robot_supervisor]: Detected zone changed to LEFT
[image_processor-24] [INFO] [1777025149.875519863] [robot_3.image_processor]: Zone=CLEAR
[image_processor-21] [INFO] [1777025149.883878006] [robot_0.image_processor]: Zone=CORNER  left[p=0.187 near=6206 v=7650]  front[p=0.229 near=13500 v=13500]  right[p=0.551 near=3630 v=7740]
[robot_supervisor-7] [INFO] [1777025149.884349918] [robot_0.robot_supervisor]: Detected zone changed to CORNER
[robot_supervisor-10] [INFO] [1777025149.913103671] [robot_1.robot_supervisor]: Selected controllable event: EV_move_forward
[bump_counter-3] [INFO] [1777025150.004019419] [bump_counter]: [global] bump #9 (obstacle) with: box4::link::collision
[robot_supervisor-19] [INFO] [1777025150.017858188] [robot_4.robot_supervisor]: Selected controllable event: EV_rotate_clockwise
[robot_supervisor-16] [INFO] [1777025150.063446583] [robot_3.robot_supervisor]: Selected controllable event: EV_move_forward
[robot_supervisor-7] [INFO] [1777025150.084231604] [robot_0.robot_supervisor]: Selected controllable event: EV_rotate_clockwise
[robot_supervisor-10] [INFO] [1777025150.212909760] [robot_1.robot_supervisor]: Selected controllable event: EV_random_walk
[robot_supervisor-16] [INFO] [1777025150.363385555] [robot_3.robot_supervisor]: Selected controllable event: EV_random_walk
[robot_supervisor-10] [INFO] [1777025150.513176067] [robot_1.robot_supervisor]: Selected controllable event: EV_move_forward
[robot_supervisor-16] [INFO] [1777025150.663459035] [robot_3.robot_supervisor]: Selected controllable event: EV_move_forward
[robot_supervisor-10] [INFO] [1777025150.813185336] [robot_1.robot_supervisor]: Selected controllable event: EV_random_walk
[robot_supervisor-16] [INFO] [1777025150.963348485] [robot_3.robot_supervisor]: Selected controllable event: EV_random_walk
[robot_supervisor-10] [INFO] [1777025151.112964779] [robot_1.robot_supervisor]: Selected controllable event: EV_move_forward
[robot_supervisor-16] [INFO] [1777025151.263448369] [robot_3.robot_supervisor]: Selected controllable event: EV_move_forward
[robot_supervisor-10] [INFO] [1777025151.412974405] [robot_1.robot_supervisor]: Selected controllable event: EV_random_walk
[robot_supervisor-16] [INFO] [1777025151.563513155] [robot_3.robot_supervisor]: Selected controllable event: EV_random_walk
[robot_supervisor-10] [INFO] [1777025151.713113575] [robot_1.robot_supervisor]: Selected controllable event: EV_move_forward
[robot_supervisor-16] [INFO] [1777025151.863185359] [robot_3.robot_supervisor]: Selected controllable event: EV_move_forward
[robot_supervisor-13] [INFO] [1777025151.869150907] [robot_2.robot_supervisor]: Selected controllable event: EV_rotate_clockwise
[robot_supervisor-13] [INFO] [1777025151.869331590] [robot_2.robot_supervisor]: rotate_90 blocked by recent completion; stopping this tick
[robot_supervisor-13] [INFO] [1777025151.969292971] [robot_2.robot_supervisor]: Selected controllable event: EV_rotate_clockwise
[robot_supervisor-13] [INFO] [1777025151.969647069] [robot_2.robot_supervisor]: rotate_90 blocked by recent completion; stopping this tick
[robot_supervisor-10] [INFO] [1777025152.013133061] [robot_1.robot_supervisor]: Selected controllable event: EV_random_walk
[robot_supervisor-13] [INFO] [1777025152.069280149] [robot_2.robot_supervisor]: Selected controllable event: EV_rotate_clockwise
[robot_supervisor-19] [INFO] [1777025152.117981301] [robot_4.robot_supervisor]: Selected controllable event: EV_rotate_clockwise
[robot_supervisor-19] [INFO] [1777025152.118374827] [robot_4.robot_supervisor]: rotate_90 blocked by recent completion; stopping this tick
[robot_supervisor-16] [INFO] [1777025152.163263573] [robot_3.robot_supervisor]: Selected controllable event: EV_random_walk
[robot_supervisor-7] [INFO] [1777025152.184277343] [robot_0.robot_supervisor]: Selected controllable event: EV_rotate_clockwise
[robot_supervisor-7] [INFO] [1777025152.184628134] [robot_0.robot_supervisor]: rotate_90 blocked by recent completion; stopping this tick
[robot_supervisor-19] [INFO] [1777025152.218071864] [robot_4.robot_supervisor]: Selected controllable event: EV_rotate_clockwise
[robot_supervisor-19] [INFO] [1777025152.218556720] [robot_4.robot_supervisor]: rotate_90 blocked by recent completion; stopping this tick
[robot_supervisor-7] [INFO] [1777025152.283821922] [robot_0.robot_supervisor]: Selected controllable event: EV_rotate_clockwise
[robot_supervisor-7] [INFO] [1777025152.284080971] [robot_0.robot_supervisor]: rotate_90 blocked by recent completion; stopping this tick
[robot_supervisor-10] [INFO] [1777025152.313084616] [robot_1.robot_supervisor]: Selected controllable event: EV_move_forward
[robot_supervisor-19] [INFO] [1777025152.318150074] [robot_4.robot_supervisor]: Selected controllable event: EV_rotate_clockwise
[robot_supervisor-19] [INFO] [1777025152.318631360] [robot_4.robot_supervisor]: rotate_90 blocked by recent completion; stopping this tick
[image_processor-22] [INFO] [1777025152.349592237] [robot_1.image_processor]: Zone=CLEAR
[image_processor-23] [INFO] [1777025152.367720925] [robot_2.image_processor]: Zone=RIGHT  left[p=1.232 near=0 v=7411]  front[p=2.076 near=0 v=6597]  right[p=0.304 near=6749 v=7335]
[robot_supervisor-13] [INFO] [1777025152.368305486] [robot_2.robot_supervisor]: Detected zone changed to RIGHT
[robot_supervisor-7] [INFO] [1777025152.384333266] [robot_0.robot_supervisor]: Selected controllable event: EV_rotate_clockwise
[image_processor-25] [INFO] [1777025152.384581006] [robot_4.image_processor]: Zone=LEFT
[robot_supervisor-7] [INFO] [1777025152.384726493] [robot_0.robot_supervisor]: rotate_90 blocked by recent completion; stopping this tick
[image_processor-24] [INFO] [1777025152.393087060] [robot_3.image_processor]: Zone=CLEAR
[image_processor-21] [INFO] [1777025152.404911007] [robot_0.image_processor]: Zone=CLEAR  left[p=0.855 near=297 v=7650]  front[p=2.293 near=0 v=13219]  right[p=2.068 near=0 v=5662]
[robot_supervisor-7] [INFO] [1777025152.405620023] [robot_0.robot_supervisor]: Detected zone changed to CLEAR
[robot_supervisor-19] [INFO] [1777025152.418134093] [robot_4.robot_supervisor]: Selected controllable event: EV_rotate_clockwise
[robot_supervisor-16] [INFO] [1777025152.463310257] [robot_3.robot_supervisor]: Selected controllable event: EV_move_forward
[robot_supervisor-7] [INFO] [1777025152.483884543] [robot_0.robot_supervisor]: Selected controllable event: EV_random_walk
[robot_supervisor-10] [INFO] [1777025152.613109325] [robot_1.robot_supervisor]: Selected controllable event: EV_random_walk
[robot_supervisor-16] [INFO] [1777025152.763313000] [robot_3.robot_supervisor]: Selected controllable event: EV_random_walk
[robot_supervisor-7] [INFO] [1777025152.784163454] [robot_0.robot_supervisor]: Selected controllable event: EV_move_forward
[robot_supervisor-10] [INFO] [1777025152.913252704] [robot_1.robot_supervisor]: Selected controllable event: EV_move_forward
[robot_supervisor-16] [INFO] [1777025153.063488057] [robot_3.robot_supervisor]: Selected controllable event: EV_move_forward
[robot_supervisor-7] [INFO] [1777025153.083949209] [robot_0.robot_supervisor]: Selected controllable event: EV_random_walk
[robot_supervisor-10] [INFO] [1777025153.213114148] [robot_1.robot_supervisor]: Selected controllable event: EV_random_walk
[robot_supervisor-16] [INFO] [1777025153.363229815] [robot_3.robot_supervisor]: Selected controllable event: EV_random_walk
[robot_supervisor-7] [INFO] [1777025153.384181506] [robot_0.robot_supervisor]: Selected controllable event: EV_move_forward
[robot_supervisor-10] [INFO] [1777025153.513337849] [robot_1.robot_supervisor]: Selected controllable event: EV_move_forward
[robot_supervisor-16] [INFO] [1777025153.663374610] [robot_3.robot_supervisor]: Selected controllable event: EV_move_forward
[robot_supervisor-7] [INFO] [1777025153.684228671] [robot_0.robot_supervisor]: Selected controllable event: EV_random_walk
[robot_supervisor-10] [INFO] [1777025153.812895499] [robot_1.robot_supervisor]: Selected controllable event: EV_random_walk
[robot_supervisor-16] [INFO] [1777025153.963580478] [robot_3.robot_supervisor]: Selected controllable event: EV_random_walk
[robot_supervisor-7] [INFO] [1777025153.984039278] [robot_0.robot_supervisor]: Selected controllable event: EV_move_forward
[robot_supervisor-10] [INFO] [1777025154.112962665] [robot_1.robot_supervisor]: Selected controllable event: EV_move_forward
[robot_supervisor-16] [INFO] [1777025154.263145485] [robot_3.robot_supervisor]: Selected controllable event: EV_move_forward
[robot_supervisor-13] [INFO] [1777025154.269241207] [robot_2.robot_supervisor]: Selected controllable event: EV_rotate_counterclockwise
[robot_supervisor-13] [INFO] [1777025154.269509910] [robot_2.robot_supervisor]: rotate_90 blocked by recent completion; stopping this tick
[robot_supervisor-7] [INFO] [1777025154.284272975] [robot_0.robot_supervisor]: Selected controllable event: EV_random_walk
[robot_supervisor-13] [INFO] [1777025154.369379376] [robot_2.robot_supervisor]: Selected controllable event: EV_rotate_counterclockwise
[robot_supervisor-13] [INFO] [1777025154.369572828] [robot_2.robot_supervisor]: rotate_90 blocked by recent completion; stopping this tick
[robot_supervisor-10] [INFO] [1777025154.413290442] [robot_1.robot_supervisor]: Selected controllable event: EV_random_walk
[robot_supervisor-13] [INFO] [1777025154.469521554] [robot_2.robot_supervisor]: Selected controllable event: EV_rotate_counterclockwise
[robot_supervisor-19] [INFO] [1777025154.518066619] [robot_4.robot_supervisor]: Selected controllable event: EV_rotate_clockwise
[robot_supervisor-19] [INFO] [1777025154.518564847] [robot_4.robot_supervisor]: rotate_90 blocked by recent completion; stopping this tick
[robot_supervisor-16] [INFO] [1777025154.563322549] [robot_3.robot_supervisor]: Selected controllable event: EV_random_walk
[robot_supervisor-7] [INFO] [1777025154.583693912] [robot_0.robot_supervisor]: Selected controllable event: EV_move_forward
[robot_supervisor-19] [INFO] [1777025154.617763034] [robot_4.robot_supervisor]: Selected controllable event: EV_rotate_clockwise
[robot_supervisor-19] [INFO] [1777025154.618030967] [robot_4.robot_supervisor]: rotate_90 blocked by recent completion; stopping this tick
[robot_supervisor-10] [INFO] [1777025154.713202973] [robot_1.robot_supervisor]: Selected controllable event: EV_move_forward
[robot_supervisor-19] [INFO] [1777025154.717601777] [robot_4.robot_supervisor]: Selected controllable event: EV_rotate_clockwise
[robot_supervisor-19] [INFO] [1777025154.717817139] [robot_4.robot_supervisor]: rotate_90 blocked by recent completion; stopping this tick
[robot_supervisor-19] [INFO] [1777025154.817555811] [robot_4.robot_supervisor]: Selected controllable event: EV_rotate_clockwise
[image_processor-22] [INFO] [1777025154.850716679] [robot_1.image_processor]: Zone=CLEAR
[image_processor-23] [INFO] [1777025154.861963779] [robot_2.image_processor]: Zone=CORNER  left[p=0.242 near=7650 v=7650]  front[p=0.257 near=13500 v=13500]  right[p=0.356 near=7740 v=7740]
[robot_supervisor-13] [INFO] [1777025154.862722769] [robot_2.robot_supervisor]: Detected zone changed to CORNER
[robot_supervisor-16] [INFO] [1777025154.863623715] [robot_3.robot_supervisor]: Selected controllable event: EV_move_forward
[image_processor-25] [INFO] [1777025154.877629628] [robot_4.image_processor]: Zone=CLEAR  left[p=2.927 near=0 v=4769]  front[p=3.004 near=0 v=10372]  right[p=1.300 near=0 v=7551]
[robot_supervisor-19] [INFO] [1777025154.879040941] [robot_4.robot_supervisor]: Detected zone changed to CLEAR
[robot_supervisor-7] [INFO] [1777025154.884534090] [robot_0.robot_supervisor]: Selected controllable event: EV_random_walk
[image_processor-24] [INFO] [1777025154.885997456] [robot_3.image_processor]: Zone=CLEAR
[image_processor-21] [INFO] [1777025154.897567408] [robot_0.image_processor]: Zone=CLEAR
[robot_supervisor-10] [INFO] [1777025155.013092836] [robot_1.robot_supervisor]: Selected controllable event: EV_random_walk
[robot_supervisor-16] [INFO] [1777025155.163442939] [robot_3.robot_supervisor]: Selected controllable event: EV_random_walk
[robot_supervisor-7] [INFO] [1777025155.184232868] [robot_0.robot_supervisor]: Selected controllable event: EV_move_forward
[robot_supervisor-10] [INFO] [1777025155.313173136] [robot_1.robot_supervisor]: Selected controllable event: EV_move_forward
[robot_supervisor-16] [INFO] [1777025155.463636222] [robot_3.robot_supervisor]: Selected controllable event: EV_move_forward
[robot_supervisor-7] [INFO] [1777025155.484076120] [robot_0.robot_supervisor]: Selected controllable event: EV_random_walk
[robot_supervisor-10] [INFO] [1777025155.613058806] [robot_1.robot_supervisor]: Selected controllable event: EV_random_walk
[robot_supervisor-16] [INFO] [1777025155.763650270] [robot_3.robot_supervisor]: Selected controllable event: EV_random_walk
[robot_supervisor-7] [INFO] [1777025155.783905032] [robot_0.robot_supervisor]: Selected controllable event: EV_move_forward
[robot_supervisor-10] [INFO] [1777025155.912986664] [robot_1.robot_supervisor]: Selected controllable event: EV_move_forward
[robot_supervisor-16] [INFO] [1777025156.063273487] [robot_3.robot_supervisor]: Selected controllable event: EV_move_forward
[robot_supervisor-7] [INFO] [1777025156.083897501] [robot_0.robot_supervisor]: Selected controllable event: EV_random_walk
[robot_supervisor-10] [INFO] [1777025156.212720761] [robot_1.robot_supervisor]: Selected controllable event: EV_random_walk
[robot_supervisor-16] [INFO] [1777025156.363387145] [robot_3.robot_supervisor]: Selected controllable event: EV_random_walk
[robot_supervisor-7] [INFO] [1777025156.384081643] [robot_0.robot_supervisor]: Selected controllable event: EV_move_forward
[robot_supervisor-10] [INFO] [1777025156.512922694] [robot_1.robot_supervisor]: Selected controllable event: EV_move_forward
[robot_supervisor-16] [INFO] [1777025156.663222993] [robot_3.robot_supervisor]: Selected controllable event: EV_move_forward
[robot_supervisor-13] [INFO] [1777025156.669500366] [robot_2.robot_supervisor]: Selected controllable event: EV_rotate_clockwise
[robot_supervisor-13] [INFO] [1777025156.669794168] [robot_2.robot_supervisor]: rotate_90 blocked by recent completion; stopping this tick
[robot_supervisor-7] [INFO] [1777025156.684057283] [robot_0.robot_supervisor]: Selected controllable event: EV_random_walk
[robot_supervisor-13] [INFO] [1777025156.769390613] [robot_2.robot_supervisor]: Selected controllable event: EV_rotate_clockwise
[robot_supervisor-13] [INFO] [1777025156.769769606] [robot_2.robot_supervisor]: rotate_90 blocked by recent completion; stopping this tick
[robot_supervisor-10] [INFO] [1777025156.812971248] [robot_1.robot_supervisor]: Selected controllable event: EV_random_walk
[robot_supervisor-13] [INFO] [1777025156.869411541] [robot_2.robot_supervisor]: Selected controllable event: EV_rotate_clockwise
[robot_supervisor-19] [INFO] [1777025156.917876010] [robot_4.robot_supervisor]: Selected controllable event: EV_random_walk
[robot_supervisor-16] [INFO] [1777025156.963294974] [robot_3.robot_supervisor]: Selected controllable event: EV_random_walk
[robot_supervisor-7] [INFO] [1777025156.983893738] [robot_0.robot_supervisor]: Selected controllable event: EV_move_forward
[robot_supervisor-10] [INFO] [1777025157.113272574] [robot_1.robot_supervisor]: Selected controllable event: EV_move_forward
[robot_supervisor-19] [INFO] [1777025157.217761482] [robot_4.robot_supervisor]: Selected controllable event: EV_move_forward
[robot_supervisor-16] [INFO] [1777025157.263207998] [robot_3.robot_supervisor]: Selected controllable event: EV_move_forward
[robot_supervisor-7] [INFO] [1777025157.284206797] [robot_0.robot_supervisor]: Selected controllable event: EV_random_walk
[image_processor-22] [INFO] [1777025157.348234759] [robot_1.image_processor]: Zone=CLEAR
[image_processor-23] [INFO] [1777025157.370572352] [robot_2.image_processor]: Zone=CORNER
[image_processor-25] [INFO] [1777025157.379194700] [robot_4.image_processor]: Zone=CORNER  left[p=0.521 near=7650 v=7650]  front[p=0.395 near=13500 v=13500]  right[p=0.339 near=7740 v=7740]
[robot_supervisor-19] [INFO] [1777025157.379890874] [robot_4.robot_supervisor]: Detected zone changed to CORNER
[image_processor-21] [INFO] [1777025157.400559414] [robot_0.image_processor]: Zone=CLEAR
[robot_supervisor-10] [INFO] [1777025157.412971069] [robot_1.robot_supervisor]: Selected controllable event: EV_random_walk
[image_processor-24] [INFO] [1777025157.490140568] [robot_3.image_processor]: Zone=CLEAR
[robot_supervisor-19] [INFO] [1777025157.517865511] [robot_4.robot_supervisor]: Selected controllable event: EV_rotate_clockwise
[robot_supervisor-16] [INFO] [1777025157.563334442] [robot_3.robot_supervisor]: Selected controllable event: EV_random_walk
[robot_supervisor-7] [INFO] [1777025157.583861834] [robot_0.robot_supervisor]: Selected controllable event: EV_move_forward
[robot_supervisor-10] [INFO] [1777025157.713119068] [robot_1.robot_supervisor]: Selected controllable event: EV_move_forward
[robot_supervisor-16] [INFO] [1777025157.863100215] [robot_3.robot_supervisor]: Selected controllable event: EV_move_forward
[robot_supervisor-7] [INFO] [1777025157.883673952] [robot_0.robot_supervisor]: Selected controllable event: EV_random_walk
[robot_supervisor-10] [INFO] [1777025158.013120085] [robot_1.robot_supervisor]: Selected controllable event: EV_random_walk
[robot_supervisor-16] [INFO] [1777025158.163297397] [robot_3.robot_supervisor]: Selected controllable event: EV_random_walk
[robot_supervisor-7] [INFO] [1777025158.184574874] [robot_0.robot_supervisor]: Selected controllable event: EV_move_forward
[robot_supervisor-10] [INFO] [1777025158.312823740] [robot_1.robot_supervisor]: Selected controllable event: EV_move_forward
[robot_supervisor-16] [INFO] [1777025158.463288559] [robot_3.robot_supervisor]: Selected controllable event: EV_move_forward
[robot_supervisor-7] [INFO] [1777025158.484080109] [robot_0.robot_supervisor]: Selected controllable event: EV_random_walk
[robot_supervisor-10] [INFO] [1777025158.612913010] [robot_1.robot_supervisor]: Selected controllable event: EV_random_walk
[robot_supervisor-16] [INFO] [1777025158.763279547] [robot_3.robot_supervisor]: Selected controllable event: EV_random_walk
[robot_supervisor-7] [INFO] [1777025158.783611533] [robot_0.robot_supervisor]: Selected controllable event: EV_move_forward
[robot_supervisor-10] [INFO] [1777025158.913016868] [robot_1.robot_supervisor]: Selected controllable event: EV_move_forward
[robot_supervisor-7] [INFO] [1777025158.984408559] [robot_0.robot_supervisor]: Selected controllable event: EV_random_walk
[robot_supervisor-16] [INFO] [1777025159.063486927] [robot_3.robot_supervisor]: Selected controllable event: EV_move_forward
[robot_supervisor-13] [INFO] [1777025159.069142029] [robot_2.robot_supervisor]: Selected controllable event: EV_rotate_clockwise
[robot_supervisor-13] [INFO] [1777025159.069392550] [robot_2.robot_supervisor]: rotate_90 blocked by recent completion; stopping this tick
[robot_supervisor-13] [INFO] [1777025159.169494817] [robot_2.robot_supervisor]: Selected controllable event: EV_rotate_clockwise
[robot_supervisor-13] [INFO] [1777025159.169873230] [robot_2.robot_supervisor]: rotate_90 blocked by recent completion; stopping this tick
[robot_supervisor-10] [INFO] [1777025159.213095740] [robot_1.robot_supervisor]: Selected controllable event: EV_random_walk
[robot_supervisor-13] [INFO] [1777025159.269245125] [robot_2.robot_supervisor]: Selected controllable event: EV_rotate_clockwise
[robot_supervisor-7] [INFO] [1777025159.284033790] [robot_0.robot_supervisor]: Selected controllable event: EV_move_forward
[robot_supervisor-16] [INFO] [1777025159.363589286] [robot_3.robot_supervisor]: Selected controllable event: EV_random_walk
[robot_supervisor-10] [INFO] [1777025159.512991615] [robot_1.robot_supervisor]: Selected controllable event: EV_move_forward
[robot_supervisor-7] [INFO] [1777025159.583994560] [robot_0.robot_supervisor]: Selected controllable event: EV_random_walk
[robot_supervisor-16] [INFO] [1777025159.663350762] [robot_3.robot_supervisor]: Selected controllable event: EV_move_forward
[robot_supervisor-19] [INFO] [1777025159.718104999] [robot_4.robot_supervisor]: Selected controllable event: EV_rotate_clockwise
[robot_supervisor-19] [INFO] [1777025159.718600501] [robot_4.robot_supervisor]: rotate_90 blocked by recent completion; stopping this tick
[robot_supervisor-10] [INFO] [1777025159.813171808] [robot_1.robot_supervisor]: Selected controllable event: EV_random_walk
[robot_supervisor-19] [INFO] [1777025159.818002411] [robot_4.robot_supervisor]: Selected controllable event: EV_rotate_clockwise
[robot_supervisor-19] [INFO] [1777025159.818444108] [robot_4.robot_supervisor]: rotate_90 blocked by recent completion; stopping this tick
[image_processor-22] [INFO] [1777025159.846198309] [robot_1.image_processor]: Zone=CLEAR
[image_processor-23] [INFO] [1777025159.856072994] [robot_2.image_processor]: Zone=CORNER
[image_processor-25] [INFO] [1777025159.866339159] [robot_4.image_processor]: Zone=CORNER
[image_processor-24] [INFO] [1777025159.875250009] [robot_3.image_processor]: Zone=CORNER  left[p=0.461 near=7650 v=7650]  front[p=0.324 near=13500 v=13500]  right[p=0.270 near=7740 v=7740]
[robot_supervisor-16] [INFO] [1777025159.875886898] [robot_3.robot_supervisor]: Detected zone changed to CORNER
[robot_supervisor-7] [INFO] [1777025159.883652940] [robot_0.robot_supervisor]: Selected controllable event: EV_move_forward
[image_processor-21] [INFO] [1777025159.883870534] [robot_0.image_processor]: Zone=CLEAR
[robot_supervisor-19] [INFO] [1777025159.917976782] [robot_4.robot_supervisor]: Selected controllable event: EV_rotate_clockwise
[robot_supervisor-16] [INFO] [1777025159.963093350] [robot_3.robot_supervisor]: Selected controllable event: EV_rotate_clockwise
[robot_supervisor-10] [INFO] [1777025160.112868062] [robot_1.robot_supervisor]: Selected controllable event: EV_move_forward
[robot_supervisor-7] [INFO] [1777025160.184170289] [robot_0.robot_supervisor]: Selected controllable event: EV_random_walk
[robot_supervisor-10] [INFO] [1777025160.412946405] [robot_1.robot_supervisor]: Selected controllable event: EV_random_walk
[robot_supervisor-7] [INFO] [1777025160.484169498] [robot_0.robot_supervisor]: Selected controllable event: EV_move_forward
[robot_supervisor-10] [INFO] [1777025160.712944888] [robot_1.robot_supervisor]: Selected controllable event: EV_move_forward
[robot_supervisor-7] [INFO] [1777025160.783834589] [robot_0.robot_supervisor]: Selected controllable event: EV_random_walk
[robot_supervisor-10] [INFO] [1777025161.012983088] [robot_1.robot_supervisor]: Selected controllable event: EV_random_walk
[robot_supervisor-7] [INFO] [1777025161.084396430] [robot_0.robot_supervisor]: Selected controllable event: EV_move_forward
[robot_supervisor-10] [INFO] [1777025161.312975051] [robot_1.robot_supervisor]: Selected controllable event: EV_move_forward
[robot_supervisor-13] [INFO] [1777025161.369190385] [robot_2.robot_supervisor]: Selected controllable event: EV_rotate_clockwise
[robot_supervisor-13] [INFO] [1777025161.369424455] [robot_2.robot_supervisor]: rotate_90 blocked by recent completion; stopping this tick
[robot_supervisor-7] [INFO] [1777025161.383637829] [robot_0.robot_supervisor]: Selected controllable event: EV_random_walk
[robot_supervisor-13] [INFO] [1777025161.469337020] [robot_2.robot_supervisor]: Selected controllable event: EV_rotate_clockwise
[robot_supervisor-13] [INFO] [1777025161.469710653] [robot_2.robot_supervisor]: rotate_90 blocked by recent completion; stopping this tick
[robot_supervisor-13] [INFO] [1777025161.569446145] [robot_2.robot_supervisor]: Selected controllable event: EV_rotate_clockwise
[robot_supervisor-13] [INFO] [1777025161.569966490] [robot_2.robot_supervisor]: rotate_90 blocked by recent completion; stopping this tick
[robot_supervisor-10] [INFO] [1777025161.612651548] [robot_1.robot_supervisor]: Selected controllable event: EV_random_walk
[robot_supervisor-13] [INFO] [1777025161.669277815] [robot_2.robot_supervisor]: Selected controllable event: EV_rotate_clockwise
[robot_supervisor-7] [INFO] [1777025161.683931894] [robot_0.robot_supervisor]: Selected controllable event: EV_move_forward
[robot_supervisor-10] [INFO] [1777025161.912966333] [robot_1.robot_supervisor]: Selected controllable event: EV_move_forward
[robot_supervisor-7] [INFO] [1777025161.983935864] [robot_0.robot_supervisor]: Selected controllable event: EV_random_walk
[robot_supervisor-19] [INFO] [1777025162.018077438] [robot_4.robot_supervisor]: Selected controllable event: EV_rotate_clockwise
[robot_supervisor-19] [INFO] [1777025162.018436617] [robot_4.robot_supervisor]: rotate_90 blocked by recent completion; stopping this tick
[robot_supervisor-19] [INFO] [1777025162.117855707] [robot_4.robot_supervisor]: Selected controllable event: EV_rotate_clockwise
[robot_supervisor-19] [INFO] [1777025162.118234260] [robot_4.robot_supervisor]: rotate_90 blocked by recent completion; stopping this tick
[robot_supervisor-16] [INFO] [1777025162.163258911] [robot_3.robot_supervisor]: Selected controllable event: EV_rotate_clockwise
[robot_supervisor-16] [INFO] [1777025162.163625719] [robot_3.robot_supervisor]: rotate_90 blocked by recent completion; stopping this tick
[robot_supervisor-10] [INFO] [1777025162.213062117] [robot_1.robot_supervisor]: Selected controllable event: EV_random_walk
[robot_supervisor-19] [INFO] [1777025162.217832780] [robot_4.robot_supervisor]: Selected controllable event: EV_rotate_clockwise
[robot_supervisor-19] [INFO] [1777025162.218208186] [robot_4.robot_supervisor]: rotate_90 blocked by recent completion; stopping this tick
[robot_supervisor-16] [INFO] [1777025162.263304849] [robot_3.robot_supervisor]: Selected controllable event: EV_rotate_clockwise
[robot_supervisor-16] [INFO] [1777025162.263664688] [robot_3.robot_supervisor]: rotate_90 blocked by recent completion; stopping this tick
[robot_supervisor-7] [INFO] [1777025162.283893059] [robot_0.robot_supervisor]: Selected controllable event: EV_move_forward
[robot_supervisor-19] [INFO] [1777025162.317634070] [robot_4.robot_supervisor]: Selected controllable event: EV_rotate_clockwise
[image_processor-22] [INFO] [1777025162.349613489] [robot_1.image_processor]: Zone=LEFT  left[p=0.491 near=7650 v=7650]  front[p=0.706 near=3554 v=13500]  right[p=1.837 near=0 v=7740]
[robot_supervisor-10] [INFO] [1777025162.350347553] [robot_1.robot_supervisor]: Detected zone changed to LEFT
[image_processor-23] [INFO] [1777025162.361878122] [robot_2.image_processor]: Zone=CORNER
[robot_supervisor-16] [INFO] [1777025162.363358386] [robot_3.robot_supervisor]: Selected controllable event: EV_rotate_clockwise
[image_processor-25] [INFO] [1777025162.384938001] [robot_4.image_processor]: Zone=CLEAR  left[p=1.403 near=0 v=7461]  front[p=2.641 near=0 v=10000]  right[p=2.927 near=0 v=4779]
[robot_supervisor-19] [INFO] [1777025162.385708646] [robot_4.robot_supervisor]: Detected zone changed to CLEAR
[image_processor-24] [INFO] [1777025162.399605924] [robot_3.image_processor]: Zone=CORNER
[image_processor-21] [INFO] [1777025162.408150910] [robot_0.image_processor]: Zone=LEFT  left[p=0.587 near=7600 v=7650]  front[p=0.843 near=395 v=13500]  right[p=2.186 near=0 v=7109]
[robot_supervisor-7] [INFO] [1777025162.408624122] [robot_0.robot_supervisor]: Detected zone changed to LEFT
[robot_supervisor-10] [INFO] [1777025162.513224188] [robot_1.robot_supervisor]: Selected controllable event: EV_rotate_clockwise
[robot_supervisor-7] [INFO] [1777025162.583703579] [robot_0.robot_supervisor]: Selected controllable event: EV_rotate_clockwise
[robot_supervisor-13] [INFO] [1777025163.869138065] [robot_2.robot_supervisor]: Selected controllable event: EV_rotate_clockwise
[robot_supervisor-13] [INFO] [1777025163.869338758] [robot_2.robot_supervisor]: rotate_90 blocked by recent completion; stopping this tick
[robot_supervisor-13] [INFO] [1777025163.969367837] [robot_2.robot_supervisor]: Selected controllable event: EV_rotate_clockwise
[robot_supervisor-13] [INFO] [1777025163.969737118] [robot_2.robot_supervisor]: rotate_90 blocked by recent completion; stopping this tick
[robot_supervisor-13] [INFO] [1777025164.069291265] [robot_2.robot_supervisor]: Selected controllable event: EV_rotate_clockwise
[robot_supervisor-19] [INFO] [1777025164.417704130] [robot_4.robot_supervisor]: Selected controllable event: EV_random_walk
[robot_supervisor-16] [INFO] [1777025164.563054235] [robot_3.robot_supervisor]: Selected controllable event: EV_rotate_clockwise
[robot_supervisor-16] [INFO] [1777025164.563246936] [robot_3.robot_supervisor]: rotate_90 blocked by recent completion; stopping this tick
[robot_supervisor-10] [INFO] [1777025164.613144141] [robot_1.robot_supervisor]: Selected controllable event: EV_rotate_clockwise
[robot_supervisor-10] [INFO] [1777025164.613607119] [robot_1.robot_supervisor]: rotate_90 blocked by recent completion; stopping this tick
[robot_supervisor-16] [INFO] [1777025164.663109399] [robot_3.robot_supervisor]: Selected controllable event: EV_rotate_clockwise
[robot_supervisor-16] [INFO] [1777025164.663342957] [robot_3.robot_supervisor]: rotate_90 blocked by recent completion; stopping this tick
[robot_supervisor-10] [INFO] [1777025164.712985223] [robot_1.robot_supervisor]: Selected controllable event: EV_rotate_clockwise
[robot_supervisor-10] [INFO] [1777025164.713431744] [robot_1.robot_supervisor]: rotate_90 blocked by recent completion; stopping this tick
[robot_supervisor-19] [INFO] [1777025164.717912524] [robot_4.robot_supervisor]: Selected controllable event: EV_move_forward
[robot_supervisor-16] [INFO] [1777025164.763501089] [robot_3.robot_supervisor]: Selected controllable event: EV_rotate_clockwise
[robot_supervisor-7] [INFO] [1777025164.784311342] [robot_0.robot_supervisor]: Selected controllable event: EV_rotate_clockwise
[robot_supervisor-7] [INFO] [1777025164.784666175] [robot_0.robot_supervisor]: rotate_90 blocked by recent completion; stopping this tick
[robot_supervisor-10] [INFO] [1777025164.812935466] [robot_1.robot_supervisor]: Selected controllable event: EV_rotate_clockwise
[robot_supervisor-10] [INFO] [1777025164.813322407] [robot_1.robot_supervisor]: rotate_90 blocked by recent completion; stopping this tick
[image_processor-22] [INFO] [1777025164.852922549] [robot_1.image_processor]: Zone=LEFT
[image_processor-23] [INFO] [1777025164.872184195] [robot_2.image_processor]: Zone=CLEAR  left[p=1.590 near=0 v=7650]  front[p=1.461 near=0 v=13254]  right[p=1.580 near=0 v=6284]
[robot_supervisor-13] [INFO] [1777025164.872890180] [robot_2.robot_supervisor]: Detected zone changed to CLEAR
[robot_supervisor-7] [INFO] [1777025164.883960818] [robot_0.robot_supervisor]: Selected controllable event: EV_rotate_clockwise
[robot_supervisor-7] [INFO] [1777025164.884351805] [robot_0.robot_supervisor]: rotate_90 blocked by recent completion; stopping this tick
[image_processor-25] [INFO] [1777025164.891880916] [robot_4.image_processor]: Zone=CLEAR
[robot_supervisor-10] [INFO] [1777025164.913012104] [robot_1.robot_supervisor]: Selected controllable event: EV_rotate_clockwise
[image_processor-24] [INFO] [1777025164.913640141] [robot_3.image_processor]: Zone=CLEAR  left[p=2.698 near=92 v=4532]  front[p=2.698 near=0 v=6732]  right[p=3.056 near=0 v=6090]
[robot_supervisor-16] [INFO] [1777025164.914659736] [robot_3.robot_supervisor]: Detected zone changed to CLEAR
[image_processor-21] [INFO] [1777025164.927281089] [robot_0.image_processor]: Zone=LEFT
[robot_supervisor-7] [INFO] [1777025164.983897200] [robot_0.robot_supervisor]: Selected controllable event: EV_rotate_clockwise
[robot_supervisor-19] [INFO] [1777025165.017871413] [robot_4.robot_supervisor]: Selected controllable event: EV_random_walk
[robot_supervisor-19] [INFO] [1777025165.317858076] [robot_4.robot_supervisor]: Selected controllable event: EV_move_forward
[robot_supervisor-19] [INFO] [1777025165.617848759] [robot_4.robot_supervisor]: Selected controllable event: EV_random_walk
[robot_supervisor-19] [INFO] [1777025165.918097991] [robot_4.robot_supervisor]: Selected controllable event: EV_move_forward
[robot_supervisor-19] [INFO] [1777025166.217945816] [robot_4.robot_supervisor]: Selected controllable event: EV_random_walk
[robot_supervisor-13] [INFO] [1777025166.269253412] [robot_2.robot_supervisor]: Selected controllable event: EV_random_walk
[robot_supervisor-19] [INFO] [1777025166.517739753] [robot_4.robot_supervisor]: Selected controllable event: EV_move_forward
[robot_supervisor-13] [INFO] [1777025166.569525318] [robot_2.robot_supervisor]: Selected controllable event: EV_move_forward
[bump_counter-3] [INFO] [1777025166.813730083] [bump_counter]: [global] bump #10 (obstacle) with: cylinder2::link::collision
[robot_supervisor-19] [INFO] [1777025166.817859295] [robot_4.robot_supervisor]: Selected controllable event: EV_random_walk
[robot_supervisor-16] [INFO] [1777025166.863405526] [robot_3.robot_supervisor]: Selected controllable event: EV_random_walk
[robot_supervisor-13] [INFO] [1777025166.869376982] [robot_2.robot_supervisor]: Selected controllable event: EV_random_walk
[robot_supervisor-10] [INFO] [1777025167.012934846] [robot_1.robot_supervisor]: Selected controllable event: EV_rotate_clockwise
[robot_supervisor-10] [INFO] [1777025167.013266310] [robot_1.robot_supervisor]: rotate_90 blocked by recent completion; stopping this tick
[robot_supervisor-7] [INFO] [1777025167.084245818] [robot_0.robot_supervisor]: Selected controllable event: EV_rotate_clockwise
[robot_supervisor-7] [INFO] [1777025167.084723451] [robot_0.robot_supervisor]: rotate_90 blocked by recent completion; stopping this tick
[robot_supervisor-10] [INFO] [1777025167.113040934] [robot_1.robot_supervisor]: Selected controllable event: EV_rotate_clockwise
[robot_supervisor-10] [INFO] [1777025167.113506532] [robot_1.robot_supervisor]: rotate_90 blocked by recent completion; stopping this tick
[robot_supervisor-19] [INFO] [1777025167.117697180] [robot_4.robot_supervisor]: Selected controllable event: EV_move_forward
[robot_supervisor-16] [INFO] [1777025167.163255669] [robot_3.robot_supervisor]: Selected controllable event: EV_move_forward
[robot_supervisor-13] [INFO] [1777025167.169322607] [robot_2.robot_supervisor]: Selected controllable event: EV_move_forward
[robot_supervisor-7] [INFO] [1777025167.183646178] [robot_0.robot_supervisor]: Selected controllable event: EV_rotate_clockwise
[robot_supervisor-7] [INFO] [1777025167.183826655] [robot_0.robot_supervisor]: rotate_90 blocked by recent completion; stopping this tick
[robot_supervisor-10] [INFO] [1777025167.213240686] [robot_1.robot_supervisor]: Selected controllable event: EV_rotate_clockwise
[robot_supervisor-10] [INFO] [1777025167.213641539] [robot_1.robot_supervisor]: rotate_90 blocked by recent completion; stopping this tick
[robot_supervisor-7] [INFO] [1777025167.284294382] [robot_0.robot_supervisor]: Selected controllable event: EV_rotate_clockwise
[robot_supervisor-7] [INFO] [1777025167.284739202] [robot_0.robot_supervisor]: rotate_90 blocked by recent completion; stopping this tick
[robot_supervisor-10] [INFO] [1777025167.312936123] [robot_1.robot_supervisor]: Selected controllable event: EV_rotate_clockwise
[image_processor-22] [INFO] [1777025167.351692617] [robot_1.image_processor]: Zone=CLEAR  left[p=2.825 near=0 v=4915]  front[p=2.412 near=0 v=9362]  right[p=2.410 near=0 v=7208]
[robot_supervisor-10] [INFO] [1777025167.352411874] [robot_1.robot_supervisor]: Detected zone changed to CLEAR
[image_processor-23] [INFO] [1777025167.372701414] [robot_2.image_processor]: Zone=RIGHT  left[p=1.291 near=0 v=6427]  front[p=2.468 near=181 v=6566]  right[p=0.236 near=7698 v=7740]
[robot_supervisor-13] [INFO] [1777025167.373444001] [robot_2.robot_supervisor]: Detected zone changed to RIGHT
[robot_supervisor-7] [INFO] [1777025167.383843178] [robot_0.robot_supervisor]: Selected controllable event: EV_rotate_clockwise
[image_processor-25] [INFO] [1777025167.383854203] [robot_4.image_processor]: Zone=CLEAR
[image_processor-24] [INFO] [1777025167.391056621] [robot_3.image_processor]: Zone=CORNER  left[p=0.218 near=7650 v=7650]  front[p=0.199 near=12667 v=13500]  right[p=0.694 near=2094 v=7740]
[robot_supervisor-16] [INFO] [1777025167.391843134] [robot_3.robot_supervisor]: Detected zone changed to CORNER
[image_processor-21] [INFO] [1777025167.404527597] [robot_0.image_processor]: Zone=CLEAR  left[p=2.023 near=0 v=5274]  front[p=1.276 near=0 v=12867]  right[p=0.847 near=0 v=7740]
[robot_supervisor-7] [INFO] [1777025167.404955998] [robot_0.robot_supervisor]: Detected zone changed to CLEAR
[robot_supervisor-19] [INFO] [1777025167.417647871] [robot_4.robot_supervisor]: Selected controllable event: EV_random_walk
[robot_supervisor-16] [INFO] [1777025167.463295248] [robot_3.robot_supervisor]: Selected controllable event: EV_rotate_clockwise
[robot_supervisor-13] [INFO] [1777025167.469293500] [robot_2.robot_supervisor]: Selected controllable event: EV_rotate_counterclockwise
[bump_counter-3] [INFO] [1777025167.663196768] [bump_counter]: [global] bump #11 (obstacle) with: box4::link::collision
[robot_supervisor-19] [INFO] [1777025167.717897247] [robot_4.robot_supervisor]: Selected controllable event: EV_move_forward
[robot_supervisor-19] [INFO] [1777025168.017804364] [robot_4.robot_supervisor]: Selected controllable event: EV_random_walk
[robot_supervisor-19] [INFO] [1777025168.318081817] [robot_4.robot_supervisor]: Selected controllable event: EV_move_forward
[bump_counter-3] [INFO] [1777025168.484831464] [bump_counter]: [global] bump #12 (obstacle) with: cylinder2::link::collision
[robot_supervisor-19] [INFO] [1777025168.617822438] [robot_4.robot_supervisor]: Selected controllable event: EV_random_walk
[robot_supervisor-19] [INFO] [1777025168.917629434] [robot_4.robot_supervisor]: Selected controllable event: EV_move_forward
[robot_supervisor-19] [INFO] [1777025169.217811661] [robot_4.robot_supervisor]: Selected controllable event: EV_random_walk
[robot_supervisor-10] [INFO] [1777025169.513079226] [robot_1.robot_supervisor]: Selected controllable event: EV_random_walk
[robot_supervisor-19] [INFO] [1777025169.517786288] [robot_4.robot_supervisor]: Selected controllable event: EV_move_forward
[robot_supervisor-16] [INFO] [1777025169.563274746] [robot_3.robot_supervisor]: Selected controllable event: EV_rotate_clockwise
[robot_supervisor-16] [INFO] [1777025169.563634209] [robot_3.robot_supervisor]: rotate_90 blocked by recent completion; stopping this tick
[robot_supervisor-13] [INFO] [1777025169.569314868] [robot_2.robot_supervisor]: Selected controllable event: EV_rotate_counterclockwise
[robot_supervisor-13] [INFO] [1777025169.569758335] [robot_2.robot_supervisor]: rotate_90 blocked by recent completion; stopping this tick
[robot_supervisor-7] [INFO] [1777025169.584079966] [robot_0.robot_supervisor]: Selected controllable event: EV_random_walk
[robot_supervisor-16] [INFO] [1777025169.663276804] [robot_3.robot_supervisor]: Selected controllable event: EV_rotate_clockwise
[robot_supervisor-16] [INFO] [1777025169.663640177] [robot_3.robot_supervisor]: rotate_90 blocked by recent completion; stopping this tick
[robot_supervisor-13] [INFO] [1777025169.669261336] [robot_2.robot_supervisor]: Selected controllable event: EV_rotate_counterclockwise
[robot_supervisor-13] [INFO] [1777025169.669694864] [robot_2.robot_supervisor]: rotate_90 blocked by recent completion; stopping this tick
[robot_supervisor-16] [INFO] [1777025169.763264290] [robot_3.robot_supervisor]: Selected controllable event: EV_rotate_clockwise
[robot_supervisor-16] [INFO] [1777025169.763627806] [robot_3.robot_supervisor]: rotate_90 blocked by recent completion; stopping this tick
[robot_supervisor-13] [INFO] [1777025169.769304466] [robot_2.robot_supervisor]: Selected controllable event: EV_rotate_counterclockwise
[robot_supervisor-13] [INFO] [1777025169.769864221] [robot_2.robot_supervisor]: rotate_90 blocked by recent completion; stopping this tick
[robot_supervisor-10] [INFO] [1777025169.812897259] [robot_1.robot_supervisor]: Selected controllable event: EV_move_forward
[robot_supervisor-19] [INFO] [1777025169.818043654] [robot_4.robot_supervisor]: Selected controllable event: EV_random_walk
[image_processor-22] [INFO] [1777025169.848651207] [robot_1.image_processor]: Zone=CORNER  left[p=0.927 near=0 v=7650]  front[p=0.513 near=11674 v=13500]  right[p=0.398 near=7740 v=7740]
[robot_supervisor-10] [INFO] [1777025169.849409554] [robot_1.robot_supervisor]: Detected zone changed to CORNER
[image_processor-23] [INFO] [1777025169.859998647] [robot_2.image_processor]: Zone=RIGHT
[robot_supervisor-16] [INFO] [1777025169.863101469] [robot_3.robot_supervisor]: Selected controllable event: EV_rotate_clockwise
[robot_supervisor-13] [INFO] [1777025169.869214059] [robot_2.robot_supervisor]: Selected controllable event: EV_rotate_counterclockwise
[image_processor-25] [INFO] [1777025169.869481541] [robot_4.image_processor]: Zone=CLEAR
[image_processor-24] [INFO] [1777025169.877568070] [robot_3.image_processor]: Zone=CORNER
[robot_supervisor-7] [INFO] [1777025169.884206599] [robot_0.robot_supervisor]: Selected controllable event: EV_move_forward
[image_processor-21] [INFO] [1777025169.890062117] [robot_0.image_processor]: Zone=RIGHT  left[p=0.652 near=988 v=7650]  front[p=0.660 near=6276 v=13500]  right[p=0.510 near=7740 v=7740]
[robot_supervisor-7] [INFO] [1777025169.890508876] [robot_0.robot_supervisor]: Detected zone changed to RIGHT
[robot_supervisor-10] [INFO] [1777025170.113001779] [robot_1.robot_supervisor]: Selected controllable event: EV_rotate_clockwise
[robot_supervisor-19] [INFO] [1777025170.118018679] [robot_4.robot_supervisor]: Selected controllable event: EV_move_forward
[robot_supervisor-7] [INFO] [1777025170.184179154] [robot_0.robot_supervisor]: Selected controllable event: EV_rotate_counterclockwise
[robot_supervisor-19] [INFO] [1777025170.417922408] [robot_4.robot_supervisor]: Selected controllable event: EV_random_walk
[robot_supervisor-19] [INFO] [1777025170.717855432] [robot_4.robot_supervisor]: Selected controllable event: EV_move_forward
[robot_supervisor-19] [INFO] [1777025171.017645128] [robot_4.robot_supervisor]: Selected controllable event: EV_random_walk
[bump_counter-3] [INFO] [1777025171.293480192] [bump_counter]: [global] bump #13 (obstacle) with: box4::link::collision
[robot_supervisor-19] [INFO] [1777025171.317871100] [robot_4.robot_supervisor]: Selected controllable event: EV_move_forward
[robot_supervisor-19] [INFO] [1777025171.617884395] [robot_4.robot_supervisor]: Selected controllable event: EV_random_walk
[robot_supervisor-19] [INFO] [1777025171.917942706] [robot_4.robot_supervisor]: Selected controllable event: EV_move_forward
[robot_supervisor-16] [INFO] [1777025171.963489222] [robot_3.robot_supervisor]: Selected controllable event: EV_rotate_clockwise
[robot_supervisor-16] [INFO] [1777025171.963926869] [robot_3.robot_supervisor]: rotate_90 blocked by recent completion; stopping this tick
[robot_supervisor-13] [INFO] [1777025171.969466185] [robot_2.robot_supervisor]: Selected controllable event: EV_rotate_counterclockwise
[robot_supervisor-13] [INFO] [1777025171.969865996] [robot_2.robot_supervisor]: rotate_90 blocked by recent completion; stopping this tick
[robot_supervisor-16] [INFO] [1777025172.063363806] [robot_3.robot_supervisor]: Selected controllable event: EV_rotate_clockwise
[robot_supervisor-16] [INFO] [1777025172.063751733] [robot_3.robot_supervisor]: rotate_90 blocked by recent completion; stopping this tick
[robot_supervisor-13] [INFO] [1777025172.069328403] [robot_2.robot_supervisor]: Selected controllable event: EV_rotate_counterclockwise
[robot_supervisor-13] [INFO] [1777025172.069683888] [robot_2.robot_supervisor]: rotate_90 blocked by recent completion; stopping this tick
[robot_supervisor-16] [INFO] [1777025172.163296663] [robot_3.robot_supervisor]: Selected controllable event: EV_rotate_clockwise
[robot_supervisor-16] [INFO] [1777025172.163653662] [robot_3.robot_supervisor]: rotate_90 blocked by recent completion; stopping this tick
[robot_supervisor-13] [INFO] [1777025172.169067472] [robot_2.robot_supervisor]: Selected controllable event: EV_rotate_counterclockwise
[robot_supervisor-13] [INFO] [1777025172.169283294] [robot_2.robot_supervisor]: rotate_90 blocked by recent completion; stopping this tick
[robot_supervisor-19] [INFO] [1777025172.217764593] [robot_4.robot_supervisor]: Selected controllable event: EV_random_walk
[robot_supervisor-16] [INFO] [1777025172.263259222] [robot_3.robot_supervisor]: Selected controllable event: EV_rotate_clockwise
[robot_supervisor-13] [INFO] [1777025172.269306842] [robot_2.robot_supervisor]: Selected controllable event: EV_rotate_counterclockwise
[robot_supervisor-10] [INFO] [1777025172.313033266] [robot_1.robot_supervisor]: Selected controllable event: EV_rotate_clockwise
[robot_supervisor-10] [INFO] [1777025172.313418451] [robot_1.robot_supervisor]: rotate_90 blocked by recent completion; stopping this tick
[image_processor-22] [INFO] [1777025172.347255666] [robot_1.image_processor]: Zone=CORNER
[image_processor-23] [INFO] [1777025172.354633912] [robot_2.image_processor]: Zone=CORNER  left[p=0.534 near=7650 v=7650]  front[p=0.640 near=9855 v=13500]  right[p=0.909 near=0 v=7740]
[robot_supervisor-13] [INFO] [1777025172.355360637] [robot_2.robot_supervisor]: Detected zone changed to CORNER
[image_processor-25] [INFO] [1777025172.365018492] [robot_4.image_processor]: Zone=CLEAR
[image_processor-24] [INFO] [1777025172.374236553] [robot_3.image_processor]: Zone=CORNER
[robot_supervisor-7] [INFO] [1777025172.383806709] [robot_0.robot_supervisor]: Selected controllable event: EV_rotate_counterclockwise
[robot_supervisor-7] [INFO] [1777025172.384086762] [robot_0.robot_supervisor]: rotate_90 blocked by recent completion; stopping this tick
[image_processor-21] [INFO] [1777025172.389964635] [robot_0.image_processor]: Zone=RIGHT
[robot_supervisor-10] [INFO] [1777025172.412999549] [robot_1.robot_supervisor]: Selected controllable event: EV_rotate_clockwise
[robot_supervisor-10] [INFO] [1777025172.413371667] [robot_1.robot_supervisor]: rotate_90 blocked by recent completion; stopping this tick
[robot_supervisor-7] [INFO] [1777025172.484026178] [robot_0.robot_supervisor]: Selected controllable event: EV_rotate_counterclockwise
[robot_supervisor-7] [INFO] [1777025172.484395967] [robot_0.robot_supervisor]: rotate_90 blocked by recent completion; stopping this tick
[robot_supervisor-10] [INFO] [1777025172.512916525] [robot_1.robot_supervisor]: Selected controllable event: EV_rotate_clockwise
[robot_supervisor-19] [INFO] [1777025172.517872360] [robot_4.robot_supervisor]: Selected controllable event: EV_move_forward
[robot_supervisor-7] [INFO] [1777025172.584066587] [robot_0.robot_supervisor]: Selected controllable event: EV_rotate_counterclockwise
[robot_supervisor-19] [INFO] [1777025172.817869059] [robot_4.robot_supervisor]: Selected controllable event: EV_random_walk
[robot_supervisor-19] [INFO] [1777025173.117854404] [robot_4.robot_supervisor]: Selected controllable event: EV_move_forward
[robot_supervisor-19] [INFO] [1777025173.418181255] [robot_4.robot_supervisor]: Selected controllable event: EV_random_walk
[robot_supervisor-19] [INFO] [1777025173.717857505] [robot_4.robot_supervisor]: Selected controllable event: EV_move_forward
[robot_supervisor-19] [INFO] [1777025174.018140453] [robot_4.robot_supervisor]: Selected controllable event: EV_random_walk
[robot_supervisor-19] [INFO] [1777025174.317867628] [robot_4.robot_supervisor]: Selected controllable event: EV_move_forward
[robot_supervisor-16] [INFO] [1777025174.363370672] [robot_3.robot_supervisor]: Selected controllable event: EV_rotate_clockwise
[robot_supervisor-16] [INFO] [1777025174.363741382] [robot_3.robot_supervisor]: rotate_90 blocked by recent completion; stopping this tick
[robot_supervisor-13] [INFO] [1777025174.369370465] [robot_2.robot_supervisor]: Selected controllable event: EV_rotate_clockwise
[robot_supervisor-13] [INFO] [1777025174.369725276] [robot_2.robot_supervisor]: rotate_90 blocked by recent completion; stopping this tick
[robot_supervisor-16] [INFO] [1777025174.463312028] [robot_3.robot_supervisor]: Selected controllable event: EV_rotate_clockwise
[robot_supervisor-16] [INFO] [1777025174.463784958] [robot_3.robot_supervisor]: rotate_90 blocked by recent completion; stopping this tick
[robot_supervisor-13] [INFO] [1777025174.469259669] [robot_2.robot_supervisor]: Selected controllable event: EV_rotate_clockwise
[robot_supervisor-13] [INFO] [1777025174.469717969] [robot_2.robot_supervisor]: rotate_90 blocked by recent completion; stopping this tick
[robot_supervisor-16] [INFO] [1777025174.563245202] [robot_3.robot_supervisor]: Selected controllable event: EV_rotate_clockwise
[robot_supervisor-16] [INFO] [1777025174.563596420] [robot_3.robot_supervisor]: rotate_90 blocked by recent completion; stopping this tick
[robot_supervisor-13] [INFO] [1777025174.568980856] [robot_2.robot_supervisor]: Selected controllable event: EV_rotate_clockwise
[robot_supervisor-13] [INFO] [1777025174.569155608] [robot_2.robot_supervisor]: rotate_90 blocked by recent completion; stopping this tick
[robot_supervisor-19] [INFO] [1777025174.617799402] [robot_4.robot_supervisor]: Selected controllable event: EV_random_walk
[robot_supervisor-16] [INFO] [1777025174.663191093] [robot_3.robot_supervisor]: Selected controllable event: EV_rotate_clockwise
[robot_supervisor-13] [INFO] [1777025174.669035148] [robot_2.robot_supervisor]: Selected controllable event: EV_rotate_clockwise
[robot_supervisor-7] [INFO] [1777025174.684141327] [robot_0.robot_supervisor]: Selected controllable event: EV_rotate_counterclockwise
[robot_supervisor-7] [INFO] [1777025174.684440727] [robot_0.robot_supervisor]: rotate_90 blocked by recent completion; stopping this tick
[robot_supervisor-10] [INFO] [1777025174.712929695] [robot_1.robot_supervisor]: Selected controllable event: EV_rotate_clockwise
[robot_supervisor-10] [INFO] [1777025174.713323773] [robot_1.robot_supervisor]: rotate_90 blocked by recent completion; stopping this tick
[robot_supervisor-7] [INFO] [1777025174.783915091] [robot_0.robot_supervisor]: Selected controllable event: EV_rotate_counterclockwise
[robot_supervisor-7] [INFO] [1777025174.784504515] [robot_0.robot_supervisor]: rotate_90 blocked by recent completion; stopping this tick
[robot_supervisor-10] [INFO] [1777025174.812956915] [robot_1.robot_supervisor]: Selected controllable event: EV_rotate_clockwise
[robot_supervisor-10] [INFO] [1777025174.813326717] [robot_1.robot_supervisor]: rotate_90 blocked by recent completion; stopping this tick
[image_processor-22] [INFO] [1777025174.853152273] [robot_1.image_processor]: Zone=CLEAR  left[p=2.077 near=0 v=7387]  front[p=1.347 near=0 v=9223]  right[p=1.324 near=0 v=5192]
[robot_supervisor-10] [INFO] [1777025174.853773194] [robot_1.robot_supervisor]: Detected zone changed to CLEAR
[image_processor-23] [INFO] [1777025174.861266395] [robot_2.image_processor]: Zone=CORNER
[image_processor-25] [INFO] [1777025174.873383634] [robot_4.image_processor]: Zone=CLEAR
[robot_supervisor-7] [INFO] [1777025174.883900751] [robot_0.robot_supervisor]: Selected controllable event: EV_rotate_counterclockwise
[robot_supervisor-7] [INFO] [1777025174.884297033] [robot_0.robot_supervisor]: rotate_90 blocked by recent completion; stopping this tick
[image_processor-24] [INFO] [1777025174.890717633] [robot_3.image_processor]: Zone=CLEAR  left[p=2.802 near=147 v=5298]  front[p=2.615 near=0 v=6326]  right[p=2.594 near=0 v=5026]
[robot_supervisor-16] [INFO] [1777025174.891205772] [robot_3.robot_supervisor]: Detected zone changed to CLEAR
[image_processor-21] [INFO] [1777025174.904684069] [robot_0.image_processor]: Zone=RIGHT
[robot_supervisor-10] [INFO] [1777025174.912946330] [robot_1.robot_supervisor]: Selected controllable event: EV_random_walk
[robot_supervisor-19] [INFO] [1777025174.918170715] [robot_4.robot_supervisor]: Selected controllable event: EV_move_forward
[robot_supervisor-7] [INFO] [1777025174.983910374] [robot_0.robot_supervisor]: Selected controllable event: EV_rotate_counterclockwise
[robot_supervisor-10] [INFO] [1777025175.212959166] [robot_1.robot_supervisor]: Selected controllable event: EV_move_forward
[robot_supervisor-19] [INFO] [1777025175.217877558] [robot_4.robot_supervisor]: Selected controllable event: EV_random_walk
[robot_supervisor-10] [INFO] [1777025175.513108264] [robot_1.robot_supervisor]: Selected controllable event: EV_random_walk
[robot_supervisor-19] [INFO] [1777025175.518048421] [robot_4.robot_supervisor]: Selected controllable event: EV_move_forward
[robot_supervisor-10] [INFO] [1777025175.812973356] [robot_1.robot_supervisor]: Selected controllable event: EV_move_forward
[robot_supervisor-19] [INFO] [1777025175.817813270] [robot_4.robot_supervisor]: Selected controllable event: EV_random_walk
[robot_supervisor-10] [INFO] [1777025176.112951333] [robot_1.robot_supervisor]: Selected controllable event: EV_random_walk
[robot_supervisor-19] [INFO] [1777025176.118044843] [robot_4.robot_supervisor]: Selected controllable event: EV_move_forward
[robot_supervisor-10] [INFO] [1777025176.412939496] [robot_1.robot_supervisor]: Selected controllable event: EV_move_forward
[robot_supervisor-19] [INFO] [1777025176.418114634] [robot_4.robot_supervisor]: Selected controllable event: EV_random_walk
[robot_supervisor-10] [INFO] [1777025176.712775003] [robot_1.robot_supervisor]: Selected controllable event: EV_random_walk
[robot_supervisor-19] [INFO] [1777025176.718041221] [robot_4.robot_supervisor]: Selected controllable event: EV_move_forward
[robot_supervisor-16] [INFO] [1777025176.863140446] [robot_3.robot_supervisor]: Selected controllable event: EV_random_walk
[robot_supervisor-13] [INFO] [1777025176.869366301] [robot_2.robot_supervisor]: Selected controllable event: EV_rotate_clockwise
[robot_supervisor-13] [INFO] [1777025176.869810801] [robot_2.robot_supervisor]: rotate_90 blocked by recent completion; stopping this tick
[robot_supervisor-13] [INFO] [1777025176.969342902] [robot_2.robot_supervisor]: Selected controllable event: EV_rotate_clockwise
[robot_supervisor-13] [INFO] [1777025176.969699442] [robot_2.robot_supervisor]: rotate_90 blocked by recent completion; stopping this tick
[robot_supervisor-10] [INFO] [1777025177.012907101] [robot_1.robot_supervisor]: Selected controllable event: EV_move_forward
[robot_supervisor-19] [INFO] [1777025177.017834885] [robot_4.robot_supervisor]: Selected controllable event: EV_random_walk
[robot_supervisor-13] [INFO] [1777025177.069137379] [robot_2.robot_supervisor]: Selected controllable event: EV_rotate_clockwise
[robot_supervisor-16] [INFO] [1777025177.163262393] [robot_3.robot_supervisor]: Selected controllable event: EV_move_forward
[robot_supervisor-7] [INFO] [1777025177.184362440] [robot_0.robot_supervisor]: Selected controllable event: EV_rotate_counterclockwise
[robot_supervisor-7] [INFO] [1777025177.184536852] [robot_0.robot_supervisor]: rotate_90 blocked by recent completion; stopping this tick
[bump_counter-3] [INFO] [1777025177.234344356] [bump_counter]: [global] bump #14 (obstacle) with: box4::link::collision
[robot_supervisor-7] [INFO] [1777025177.284156357] [robot_0.robot_supervisor]: Selected controllable event: EV_rotate_counterclockwise
[robot_supervisor-7] [INFO] [1777025177.284508820] [robot_0.robot_supervisor]: rotate_90 blocked by recent completion; stopping this tick
[robot_supervisor-10] [INFO] [1777025177.312776258] [robot_1.robot_supervisor]: Selected controllable event: EV_random_walk
[robot_supervisor-19] [INFO] [1777025177.317858251] [robot_4.robot_supervisor]: Selected controllable event: EV_move_forward
[image_processor-22] [INFO] [1777025177.350956818] [robot_1.image_processor]: Zone=CLEAR
[image_processor-23] [INFO] [1777025177.359231560] [robot_2.image_processor]: Zone=CORNER
[image_processor-25] [INFO] [1777025177.368684015] [robot_4.image_processor]: Zone=CORNER  left[p=0.431 near=7650 v=7650]  front[p=0.542 near=11439 v=13500]  right[p=0.900 near=0 v=7740]
[robot_supervisor-19] [INFO] [1777025177.369215971] [robot_4.robot_supervisor]: Detected zone changed to CORNER
[image_processor-24] [INFO] [1777025177.379593079] [robot_3.image_processor]: Zone=CORNER  left[p=0.351 near=6107 v=7644]  front[p=0.157 near=13500 v=13500]  right[p=0.209 near=5042 v=7740]
[robot_supervisor-16] [INFO] [1777025177.380344557] [robot_3.robot_supervisor]: Detected zone changed to CORNER
[robot_supervisor-7] [INFO] [1777025177.383805795] [robot_0.robot_supervisor]: Selected controllable event: EV_rotate_counterclockwise
[image_processor-21] [INFO] [1777025177.388210168] [robot_0.image_processor]: Zone=CORNER  left[p=0.463 near=7650 v=7650]  front[p=0.664 near=4547 v=13500]  right[p=2.070 near=0 v=7075]
[robot_supervisor-7] [INFO] [1777025177.388615717] [robot_0.robot_supervisor]: Detected zone changed to CORNER
[robot_supervisor-16] [INFO] [1777025177.463315595] [robot_3.robot_supervisor]: Selected controllable event: EV_rotate_clockwise
[robot_supervisor-10] [INFO] [1777025177.612809987] [robot_1.robot_supervisor]: Selected controllable event: EV_move_forward
[robot_supervisor-19] [INFO] [1777025177.617858169] [robot_4.robot_supervisor]: Selected controllable event: EV_rotate_clockwise
[robot_supervisor-10] [INFO] [1777025177.912733696] [robot_1.robot_supervisor]: Selected controllable event: EV_random_walk
[robot_supervisor-10] [INFO] [1777025178.213058453] [robot_1.robot_supervisor]: Selected controllable event: EV_move_forward
[robot_supervisor-10] [INFO] [1777025178.512968312] [robot_1.robot_supervisor]: Selected controllable event: EV_random_walk
[robot_supervisor-10] [INFO] [1777025178.812929799] [robot_1.robot_supervisor]: Selected controllable event: EV_move_forward
[robot_supervisor-10] [INFO] [1777025179.112875877] [robot_1.robot_supervisor]: Selected controllable event: EV_random_walk
[robot_supervisor-13] [INFO] [1777025179.269327377] [robot_2.robot_supervisor]: Selected controllable event: EV_rotate_clockwise
[robot_supervisor-13] [INFO] [1777025179.269783471] [robot_2.robot_supervisor]: rotate_90 blocked by recent completion; stopping this tick
[robot_supervisor-13] [INFO] [1777025179.369383742] [robot_2.robot_supervisor]: Selected controllable event: EV_rotate_clockwise
[robot_supervisor-13] [INFO] [1777025179.369752538] [robot_2.robot_supervisor]: rotate_90 blocked by recent completion; stopping this tick
[robot_supervisor-10] [INFO] [1777025179.412950808] [robot_1.robot_supervisor]: Selected controllable event: EV_move_forward
[robot_supervisor-13] [INFO] [1777025179.469292383] [robot_2.robot_supervisor]: Selected controllable event: EV_rotate_clockwise
[robot_supervisor-7] [INFO] [1777025179.483822055] [robot_0.robot_supervisor]: Selected controllable event: EV_rotate_clockwise
[robot_supervisor-7] [INFO] [1777025179.484132358] [robot_0.robot_supervisor]: rotate_90 blocked by recent completion; stopping this tick
[robot_supervisor-7] [INFO] [1777025179.583762199] [robot_0.robot_supervisor]: Selected controllable event: EV_rotate_clockwise
[robot_supervisor-7] [INFO] [1777025179.584018398] [robot_0.robot_supervisor]: rotate_90 blocked by recent completion; stopping this tick
[robot_supervisor-16] [INFO] [1777025179.663486808] [robot_3.robot_supervisor]: Selected controllable event: EV_rotate_clockwise
[robot_supervisor-16] [INFO] [1777025179.663961039] [robot_3.robot_supervisor]: rotate_90 blocked by recent completion; stopping this tick
[robot_supervisor-7] [INFO] [1777025179.683828708] [robot_0.robot_supervisor]: Selected controllable event: EV_rotate_clockwise
[robot_supervisor-7] [INFO] [1777025179.684226386] [robot_0.robot_supervisor]: rotate_90 blocked by recent completion; stopping this tick
[robot_supervisor-10] [INFO] [1777025179.712887744] [robot_1.robot_supervisor]: Selected controllable event: EV_random_walk
[robot_supervisor-19] [INFO] [1777025179.717873373] [robot_4.robot_supervisor]: Selected controllable event: EV_rotate_clockwise
[robot_supervisor-19] [INFO] [1777025179.718308303] [robot_4.robot_supervisor]: rotate_90 blocked by recent completion; stopping this tick
[robot_supervisor-16] [INFO] [1777025179.763441180] [robot_3.robot_supervisor]: Selected controllable event: EV_rotate_clockwise
[robot_supervisor-16] [INFO] [1777025179.763991586] [robot_3.robot_supervisor]: rotate_90 blocked by recent completion; stopping this tick
[robot_supervisor-7] [INFO] [1777025179.783880352] [robot_0.robot_supervisor]: Selected controllable event: EV_rotate_clockwise
[robot_supervisor-19] [INFO] [1777025179.817867469] [robot_4.robot_supervisor]: Selected controllable event: EV_rotate_clockwise
[robot_supervisor-19] [INFO] [1777025179.818276127] [robot_4.robot_supervisor]: rotate_90 blocked by recent completion; stopping this tick
[image_processor-22] [INFO] [1777025179.851900714] [robot_1.image_processor]: Zone=CORNER  left[p=3.241 near=0 v=7452]  front[p=0.419 near=9578 v=12542]  right[p=0.357 near=7740 v=7740]
[robot_supervisor-10] [INFO] [1777025179.852584101] [robot_1.robot_supervisor]: Detected zone changed to CORNER
[image_processor-23] [INFO] [1777025179.862359217] [robot_2.image_processor]: Zone=CLEAR  left[p=1.586 near=0 v=7650]  front[p=1.289 near=0 v=13500]  right[p=1.217 near=0 v=7740]
[robot_supervisor-13] [INFO] [1777025179.863050795] [robot_2.robot_supervisor]: Detected zone changed to CLEAR
[robot_supervisor-16] [INFO] [1777025179.863300700] [robot_3.robot_supervisor]: Selected controllable event: EV_rotate_clockwise
[image_processor-25] [INFO] [1777025179.871157168] [robot_4.image_processor]: Zone=CORNER
[image_processor-24] [INFO] [1777025179.887241830] [robot_3.image_processor]: Zone=CORNER
[image_processor-21] [INFO] [1777025179.901586411] [robot_0.image_processor]: Zone=CORNER
[robot_supervisor-19] [INFO] [1777025179.918164261] [robot_4.robot_supervisor]: Selected controllable event: EV_rotate_clockwise
[robot_supervisor-19] [INFO] [1777025179.918635198] [robot_4.robot_supervisor]: rotate_90 blocked by recent completion; stopping this tick
[robot_supervisor-10] [INFO] [1777025180.013043959] [robot_1.robot_supervisor]: Selected controllable event: EV_rotate_clockwise
[robot_supervisor-19] [INFO] [1777025180.018030684] [robot_4.robot_supervisor]: Selected controllable event: EV_rotate_clockwise
[bump_counter-3] [INFO] [1777025181.493313775] [bump_counter]: [global] bump #15 (obstacle) with: box4::link::collision
[robot_supervisor-13] [INFO] [1777025181.569332392] [robot_2.robot_supervisor]: Selected controllable event: EV_random_walk
[robot_supervisor-13] [INFO] [1777025181.869602373] [robot_2.robot_supervisor]: Selected controllable event: EV_move_forward
[robot_supervisor-7] [INFO] [1777025181.984487488] [robot_0.robot_supervisor]: Selected controllable event: EV_rotate_clockwise
[robot_supervisor-7] [INFO] [1777025181.984901188] [robot_0.robot_supervisor]: rotate_90 blocked by recent completion; stopping this tick
[robot_supervisor-16] [INFO] [1777025182.063298409] [robot_3.robot_supervisor]: Selected controllable event: EV_rotate_clockwise
[robot_supervisor-16] [INFO] [1777025182.063660827] [robot_3.robot_supervisor]: rotate_90 blocked by recent completion; stopping this tick
[robot_supervisor-7] [INFO] [1777025182.084222311] [robot_0.robot_supervisor]: Selected controllable event: EV_rotate_clockwise
[robot_supervisor-7] [INFO] [1777025182.084575937] [robot_0.robot_supervisor]: rotate_90 blocked by recent completion; stopping this tick
[robot_supervisor-10] [INFO] [1777025182.113028295] [robot_1.robot_supervisor]: Selected controllable event: EV_rotate_clockwise
[robot_supervisor-10] [INFO] [1777025182.113438343] [robot_1.robot_supervisor]: rotate_90 blocked by recent completion; stopping this tick
[robot_supervisor-19] [INFO] [1777025182.117797930] [robot_4.robot_supervisor]: Selected controllable event: EV_rotate_clockwise
[robot_supervisor-19] [INFO] [1777025182.118069522] [robot_4.robot_supervisor]: rotate_90 blocked by recent completion; stopping this tick
[robot_supervisor-16] [INFO] [1777025182.163152034] [robot_3.robot_supervisor]: Selected controllable event: EV_rotate_clockwise
[robot_supervisor-16] [INFO] [1777025182.163407008] [robot_3.robot_supervisor]: rotate_90 blocked by recent completion; stopping this tick
[robot_supervisor-13] [INFO] [1777025182.169362926] [robot_2.robot_supervisor]: Selected controllable event: EV_random_walk
[robot_supervisor-7] [INFO] [1777025182.184082701] [robot_0.robot_supervisor]: Selected controllable event: EV_rotate_clockwise
[robot_supervisor-10] [INFO] [1777025182.213016892] [robot_1.robot_supervisor]: Selected controllable event: EV_rotate_clockwise
[robot_supervisor-10] [INFO] [1777025182.213387691] [robot_1.robot_supervisor]: rotate_90 blocked by recent completion; stopping this tick
[robot_supervisor-19] [INFO] [1777025182.217841485] [robot_4.robot_supervisor]: Selected controllable event: EV_rotate_clockwise
[robot_supervisor-19] [INFO] [1777025182.218170665] [robot_4.robot_supervisor]: rotate_90 blocked by recent completion; stopping this tick
[robot_supervisor-16] [INFO] [1777025182.263154708] [robot_3.robot_supervisor]: Selected controllable event: EV_rotate_clockwise
[robot_supervisor-10] [INFO] [1777025182.312976287] [robot_1.robot_supervisor]: Selected controllable event: EV_rotate_clockwise
[robot_supervisor-10] [INFO] [1777025182.313345958] [robot_1.robot_supervisor]: rotate_90 blocked by recent completion; stopping this tick
[robot_supervisor-19] [INFO] [1777025182.317570849] [robot_4.robot_supervisor]: Selected controllable event: EV_rotate_clockwise
[robot_supervisor-19] [INFO] [1777025182.317732418] [robot_4.robot_supervisor]: rotate_90 blocked by recent completion; stopping this tick
[image_processor-22] [INFO] [1777025182.349803877] [robot_1.image_processor]: Zone=LEFT  left[p=0.427 near=2735 v=6230]  front[p=2.589 near=0 v=10029]  right[p=2.701 near=0 v=7141]
[robot_supervisor-10] [INFO] [1777025182.350424120] [robot_1.robot_supervisor]: Detected zone changed to LEFT
[image_processor-23] [INFO] [1777025182.371924180] [robot_2.image_processor]: Zone=RIGHT  left[p=1.197 near=0 v=6439]  front[p=2.634 near=0 v=6549]  right[p=0.310 near=3754 v=6386]
[robot_supervisor-13] [INFO] [1777025182.372681844] [robot_2.robot_supervisor]: Detected zone changed to RIGHT
[image_processor-24] [INFO] [1777025182.392677861] [robot_3.image_processor]: Zone=CORNER
[image_processor-21] [INFO] [1777025182.400522459] [robot_0.image_processor]: Zone=CORNER
[robot_supervisor-10] [INFO] [1777025182.412896266] [robot_1.robot_supervisor]: Selected controllable event: EV_rotate_clockwise
[robot_supervisor-19] [INFO] [1777025182.418178889] [robot_4.robot_supervisor]: Selected controllable event: EV_rotate_clockwise
[robot_supervisor-13] [INFO] [1777025182.469295524] [robot_2.robot_supervisor]: Selected controllable event: EV_rotate_counterclockwise
[image_processor-25] [INFO] [1777025182.480523252] [robot_4.image_processor]: Zone=CLEAR  left[p=0.840 near=90 v=7650]  front[p=2.105 near=0 v=11295]  right[p=3.162 near=0 v=5726]
[robot_supervisor-19] [INFO] [1777025182.481201863] [robot_4.robot_supervisor]: Detected zone changed to CLEAR
[bump_counter-3] [INFO] [1777025183.163426755] [bump_counter]: [global] bump #16 (obstacle) with: cylinder2::link::collision
[robot_supervisor-7] [INFO] [1777025184.384570939] [robot_0.robot_supervisor]: Selected controllable event: EV_rotate_clockwise
[robot_supervisor-7] [INFO] [1777025184.385072607] [robot_0.robot_supervisor]: rotate_90 blocked by recent completion; stopping this tick
[robot_supervisor-16] [INFO] [1777025184.463591634] [robot_3.robot_supervisor]: Selected controllable event: EV_rotate_clockwise
[robot_supervisor-16] [INFO] [1777025184.464118694] [robot_3.robot_supervisor]: rotate_90 blocked by recent completion; stopping this tick
[robot_supervisor-7] [INFO] [1777025184.484814753] [robot_0.robot_supervisor]: Selected controllable event: EV_rotate_clockwise
[robot_supervisor-7] [INFO] [1777025184.485296615] [robot_0.robot_supervisor]: rotate_90 blocked by recent completion; stopping this tick
[robot_supervisor-10] [INFO] [1777025184.513201938] [robot_1.robot_supervisor]: Selected controllable event: EV_rotate_clockwise
[robot_supervisor-10] [INFO] [1777025184.513584908] [robot_1.robot_supervisor]: rotate_90 blocked by recent completion; stopping this tick
[robot_supervisor-16] [INFO] [1777025184.563440557] [robot_3.robot_supervisor]: Selected controllable event: EV_rotate_clockwise
[robot_supervisor-16] [INFO] [1777025184.563806804] [robot_3.robot_supervisor]: rotate_90 blocked by recent completion; stopping this tick
[robot_supervisor-7] [INFO] [1777025184.584530235] [robot_0.robot_supervisor]: Selected controllable event: EV_rotate_clockwise
[robot_supervisor-10] [INFO] [1777025184.612973296] [robot_1.robot_supervisor]: Selected controllable event: EV_rotate_clockwise
[robot_supervisor-10] [INFO] [1777025184.613348223] [robot_1.robot_supervisor]: rotate_90 blocked by recent completion; stopping this tick
[robot_supervisor-19] [INFO] [1777025184.617870880] [robot_4.robot_supervisor]: Selected controllable event: EV_random_walk
[robot_supervisor-16] [INFO] [1777025184.663313375] [robot_3.robot_supervisor]: Selected controllable event: EV_rotate_clockwise
[robot_supervisor-13] [INFO] [1777025184.669325836] [robot_2.robot_supervisor]: Selected controllable event: EV_rotate_counterclockwise
[robot_supervisor-13] [INFO] [1777025184.669709891] [robot_2.robot_supervisor]: rotate_90 blocked by recent completion; stopping this tick
[robot_supervisor-10] [INFO] [1777025184.712975606] [robot_1.robot_supervisor]: Selected controllable event: EV_rotate_clockwise
[robot_supervisor-10] [INFO] [1777025184.713341507] [robot_1.robot_supervisor]: rotate_90 blocked by recent completion; stopping this tick
[robot_supervisor-13] [INFO] [1777025184.769526395] [robot_2.robot_supervisor]: Selected controllable event: EV_rotate_counterclockwise
[robot_supervisor-13] [INFO] [1777025184.770007070] [robot_2.robot_supervisor]: rotate_90 blocked by recent completion; stopping this tick
[robot_supervisor-10] [INFO] [1777025184.813033245] [robot_1.robot_supervisor]: Selected controllable event: EV_rotate_clockwise
[image_processor-22] [INFO] [1777025184.847068500] [robot_1.image_processor]: Zone=LEFT
[image_processor-23] [INFO] [1777025184.855716383] [robot_2.image_processor]: Zone=RIGHT
[robot_supervisor-13] [INFO] [1777025184.869350548] [robot_2.robot_supervisor]: Selected controllable event: EV_rotate_counterclockwise
[image_processor-25] [INFO] [1777025184.875691978] [robot_4.image_processor]: Zone=CORNER  left[p=2.926 near=0 v=4618]  front[p=0.546 near=7017 v=12159]  right[p=0.378 near=7740 v=7740]
[robot_supervisor-19] [INFO] [1777025184.876716867] [robot_4.robot_supervisor]: Detected zone changed to CORNER
[image_processor-24] [INFO] [1777025184.893309516] [robot_3.image_processor]: Zone=CLEAR  left[p=3.045 near=0 v=5122]  front[p=2.624 near=0 v=6453]  right[p=2.621 near=0 v=5378]
[robot_supervisor-16] [INFO] [1777025184.893911656] [robot_3.robot_supervisor]: Detected zone changed to CLEAR
[image_processor-21] [INFO] [1777025184.909151299] [robot_0.image_processor]: Zone=CLEAR  left[p=1.762 near=0 v=6234]  front[p=2.625 near=0 v=6767]  right[p=2.071 near=0 v=5067]
[robot_supervisor-7] [INFO] [1777025184.909810948] [robot_0.robot_supervisor]: Detected zone changed to CLEAR
[robot_supervisor-19] [INFO] [1777025184.918031158] [robot_4.robot_supervisor]: Selected controllable event: EV_rotate_clockwise
[bump_counter-3] [INFO] [1777025186.053507364] [bump_counter]: [global] bump #17 (obstacle) with: cylinder2::link::collision
[robot_supervisor-7] [INFO] [1777025186.783993333] [robot_0.robot_supervisor]: Selected controllable event: EV_random_walk
[INFO] [image_processor-25]: sending signal 'SIGINT' to process[image_processor-25]
[ERROR] [ign gazebo-1]: process has died [pid 548145, exit code -15, cmd 'ruby /usr/bin/ign gazebo /home/ecem/ros2_ws/install/swarm_basics/share/swarm_basics/worlds/random_world.sdf -s -r --force-version 6'].
[ERROR] [parameter_bridge-4]: process has died [pid 548152, exit code -15, cmd '/opt/ros/humble/lib/ros_ign_bridge/parameter_bridge /robot_0/cmd_vel@geometry_msgs/msg/Twist]ignition.msgs.Twist /robot_0/odom@nav_msgs/msg/Odometry[ignition.msgs.Odometry /robot_0/depth_camera/depth_image@sensor_msgs/msg/Image[ignition.msgs.Image /world/random_world/model/robot_0/link/robot_0/base_footprint/sensor/contact_sensor/contact@ros_gz_interfaces/msg/Contacts[ignition.msgs.Contacts /robot_1/cmd_vel@geometry_msgs/msg/Twist]ignition.msgs.Twist /robot_1/odom@nav_msgs/msg/Odometry[ignition.msgs.Odometry /robot_1/depth_camera/depth_image@sensor_msgs/msg/Image[ignition.msgs.Image /world/random_world/model/robot_1/link/robot_1/base_footprint/sensor/contact_sensor/contact@ros_gz_interfaces/msg/Contacts[ignition.msgs.Contacts /robot_2/cmd_vel@geometry_msgs/msg/Twist]ignition.msgs.Twist /robot_2/odom@nav_msgs/msg/Odometry[ignition.msgs.Odometry /robot_2/depth_camera/depth_image@sensor_msgs/msg/Image[ignition.msgs.Image /world/random_world/model/robot_2/link/robot_2/base_footprint/sensor/contact_sensor/contact@ros_gz_interfaces/msg/Contacts[ignition.msgs.Contacts /robot_3/cmd_vel@geometry_msgs/msg/Twist]ignition.msgs.Twist /robot_3/odom@nav_msgs/msg/Odometry[ignition.msgs.Odometry /robot_3/depth_camera/depth_image@sensor_msgs/msg/Image[ignition.msgs.Image /world/random_world/model/robot_3/link/robot_3/base_footprint/sensor/contact_sensor/contact@ros_gz_interfaces/msg/Contacts[ignition.msgs.Contacts /robot_4/cmd_vel@geometry_msgs/msg/Twist]ignition.msgs.Twist /robot_4/odom@nav_msgs/msg/Odometry[ignition.msgs.Odometry /robot_4/depth_camera/depth_image@sensor_msgs/msg/Image[ignition.msgs.Image /world/random_world/model/robot_4/link/robot_4/base_footprint/sensor/contact_sensor/contact@ros_gz_interfaces/msg/Contacts[ignition.msgs.Contacts /world/random_world/dynamic_pose/info@tf2_msgs/msg/TFMessage[ignition.msgs.Pose_V --ros-args -r __node:=all_robots_bridge --params-file /tmp/launch_params_057ibrut'].
[INFO] [parameter_bridge-20]: process has finished cleanly [pid 548248]
[INFO] [image_processor-24]: sending signal 'SIGINT' to process[image_processor-24]
[INFO] [bash-26]: process started with pid [548736]
[INFO] [image_processor-23]: sending signal 'SIGINT' to process[image_processor-23]
[INFO] [image_processor-22]: sending signal 'SIGINT' to process[image_processor-22]
[INFO] [image_processor-21]: sending signal 'SIGINT' to process[image_processor-21]
[INFO] [robot_supervisor-19]: sending signal 'SIGINT' to process[robot_supervisor-19]
[INFO] [robot_state_publisher-17]: sending signal 'SIGINT' to process[robot_state_publisher-17]
[INFO] [robot_supervisor-16]: sending signal 'SIGINT' to process[robot_supervisor-16]
[INFO] [robot_state_publisher-14]: sending signal 'SIGINT' to process[robot_state_publisher-14]
[ERROR] [bash-26]: process has died [pid 548736, exit code -15, cmd 'bash -lc pkill -f parameter_bridge || true'].
[INFO] [robot_supervisor-13]: sending signal 'SIGINT' to process[robot_supervisor-13]
[INFO] [robot_state_publisher-11]: sending signal 'SIGINT' to process[robot_state_publisher-11]
[INFO] [robot_supervisor-10]: sending signal 'SIGINT' to process[robot_supervisor-10]
[INFO] [robot_state_publisher-8]: sending signal 'SIGINT' to process[robot_state_publisher-8]
[INFO] [robot_supervisor-7]: sending signal 'SIGINT' to process[robot_supervisor-7]
[INFO] [robot_state_publisher-5]: sending signal 'SIGINT' to process[robot_state_publisher-5]
[INFO] [bump_counter-3]: sending signal 'SIGINT' to process[bump_counter-3]
[INFO] [coverage_counter-2]: sending signal 'SIGINT' to process[coverage_counter-2]
[robot_supervisor-16] [INFO] [1777025186.863474332] [robot_3.robot_supervisor]: Selected controllable event: EV_random_walk
[robot_supervisor-16] [INFO] [1777025187.163539900] [robot_3.robot_supervisor]: Selected controllable event: EV_move_forward
[robot_supervisor-16] [INFO] [1777025187.463281345] [robot_3.robot_supervisor]: Selected controllable event: EV_random_walk
[robot_supervisor-10] [INFO] [1777025186.913050945] [robot_1.robot_supervisor]: Selected controllable event: EV_rotate_clockwise
[robot_supervisor-10] [INFO] [1777025186.913431635] [robot_1.robot_supervisor]: rotate_90 blocked by recent completion; stopping this tick
[robot_supervisor-10] [INFO] [1777025187.013003101] [robot_1.robot_supervisor]: Selected controllable event: EV_rotate_clockwise
[robot_supervisor-10] [INFO] [1777025187.013474629] [robot_1.robot_supervisor]: rotate_90 blocked by recent completion; stopping this tick
[robot_supervisor-10] [INFO] [1777025187.112923145] [robot_1.robot_supervisor]: Selected controllable event: EV_rotate_clockwise
[robot_supervisor-10] [INFO] [1777025187.113282596] [robot_1.robot_supervisor]: rotate_90 blocked by recent completion; stopping this tick
[robot_supervisor-10] [INFO] [1777025187.212967340] [robot_1.robot_supervisor]: Selected controllable event: EV_rotate_clockwise
[robot_supervisor-19] [INFO] [1777025186.917954737] [robot_4.robot_supervisor]: Selected controllable event: EV_rotate_clockwise
[robot_supervisor-19] [INFO] [1777025186.918338197] [robot_4.robot_supervisor]: rotate_90 blocked by recent completion; stopping this tick
[robot_supervisor-19] [INFO] [1777025187.018146333] [robot_4.robot_supervisor]: Selected controllable event: EV_rotate_clockwise
[robot_supervisor-19] [INFO] [1777025187.018623019] [robot_4.robot_supervisor]: rotate_90 blocked by recent completion; stopping this tick
[robot_supervisor-19] [INFO] [1777025187.118091619] [robot_4.robot_supervisor]: Selected controllable event: EV_rotate_clockwise
[robot_supervisor-19] [INFO] [1777025187.118573149] [robot_4.robot_supervisor]: rotate_90 blocked by recent completion; stopping this tick
[robot_supervisor-19] [INFO] [1777025187.218069504] [robot_4.robot_supervisor]: Selected controllable event: EV_rotate_clockwise
[parameter_bridge-20] [INFO] [1777025186.933603486] [rclcpp]: signal_handler(SIGINT/SIGTERM)
[parameter_bridge-4] [INFO] [1777025186.933741369] [rclcpp]: signal_handler(SIGINT/SIGTERM)
[robot_supervisor-13] [INFO] [1777025186.969441773] [robot_2.robot_supervisor]: Selected controllable event: EV_rotate_counterclockwise
[robot_supervisor-13] [INFO] [1777025186.969841376] [robot_2.robot_supervisor]: rotate_90 blocked by recent completion; stopping this tick
[robot_supervisor-13] [INFO] [1777025187.069369701] [robot_2.robot_supervisor]: Selected controllable event: EV_rotate_counterclockwise
[robot_supervisor-13] [INFO] [1777025187.069735045] [robot_2.robot_supervisor]: rotate_90 blocked by recent completion; stopping this tick
[robot_supervisor-13] [INFO] [1777025187.169394538] [robot_2.robot_supervisor]: Selected controllable event: EV_rotate_counterclockwise
[robot_supervisor-13] [INFO] [1777025187.169747805] [robot_2.robot_supervisor]: rotate_90 blocked by recent completion; stopping this tick
[robot_supervisor-13] [INFO] [1777025187.269051006] [robot_2.robot_supervisor]: Selected controllable event: EV_rotate_counterclockwise
[robot_supervisor-7] [INFO] [1777025187.083995891] [robot_0.robot_supervisor]: Selected controllable event: EV_move_forward
[robot_supervisor-7] [INFO] [1777025187.384050851] [robot_0.robot_supervisor]: Selected controllable event: EV_random_walk
[INFO] [launch]: process[ign gazebo-1] was required: shutting down launched system
[image_processor-25] [INFO] [1777025187.626602487] [rclcpp]: signal_handler(SIGINT/SIGTERM)
[image_processor-24] [INFO] [1777025187.633166452] [rclcpp]: signal_handler(SIGINT/SIGTERM)
[image_processor-23] [INFO] [1777025187.635332737] [rclcpp]: signal_handler(SIGINT/SIGTERM)
[image_processor-22] [INFO] [1777025187.639060828] [rclcpp]: signal_handler(SIGINT/SIGTERM)
[image_processor-21] [INFO] [1777025187.642506050] [rclcpp]: signal_handler(SIGINT/SIGTERM)
[robot_supervisor-19] Traceback (most recent call last):
[robot_supervisor-19]   File "/home/ecem/ros2_ws/install/swarm_basics/lib/swarm_basics/robot_supervisor", line 33, in <module>
[robot_supervisor-19]     sys.exit(load_entry_point('swarm-basics==0.0.0', 'console_scripts', 'robot_supervisor')())
[robot_supervisor-19]   File "/home/ecem/ros2_ws/install/swarm_basics/lib/python3.10/site-packages/swarm_basics/robot_supervisor.py", line 867, in main
[robot_supervisor-19]     rclpy.spin(node)
[robot_supervisor-19]   File "/opt/ros/humble/local/lib/python3.10/dist-packages/rclpy/__init__.py", line 229, in spin
[robot_supervisor-19]     executor.spin_once()
[robot_supervisor-19]   File "/opt/ros/humble/local/lib/python3.10/dist-packages/rclpy/executors.py", line 773, in spin_once
[robot_supervisor-19]     self._spin_once_impl(timeout_sec)
[robot_supervisor-19]   File "/opt/ros/humble/local/lib/python3.10/dist-packages/rclpy/executors.py", line 762, in _spin_once_impl
[robot_supervisor-19]     handler, entity, node = self.wait_for_ready_callbacks(timeout_sec=timeout_sec)
[robot_supervisor-19]   File "/opt/ros/humble/local/lib/python3.10/dist-packages/rclpy/executors.py", line 745, in wait_for_ready_callbacks
[robot_supervisor-19]     return next(self._cb_iter)
[robot_supervisor-19]   File "/opt/ros/humble/local/lib/python3.10/dist-packages/rclpy/executors.py", line 642, in _wait_for_ready_callbacks
[robot_supervisor-19]     wait_set.wait(timeout_nsec)
[robot_supervisor-19] KeyboardInterrupt
[robot_state_publisher-17] [INFO] [1777025187.653177660] [rclcpp]: signal_handler(SIGINT/SIGTERM)
[robot_supervisor-16] Traceback (most recent call last):
[robot_supervisor-16]   File "/home/ecem/ros2_ws/install/swarm_basics/lib/swarm_basics/robot_supervisor", line 33, in <module>
[robot_supervisor-16]     sys.exit(load_entry_point('swarm-basics==0.0.0', 'console_scripts', 'robot_supervisor')())
[robot_supervisor-16]   File "/home/ecem/ros2_ws/install/swarm_basics/lib/python3.10/site-packages/swarm_basics/robot_supervisor.py", line 867, in main
[robot_supervisor-16]     rclpy.spin(node)
[robot_supervisor-16]   File "/opt/ros/humble/local/lib/python3.10/dist-packages/rclpy/__init__.py", line 229, in spin
[robot_supervisor-16]     executor.spin_once()
[robot_supervisor-16]   File "/opt/ros/humble/local/lib/python3.10/dist-packages/rclpy/executors.py", line 773, in spin_once
[robot_supervisor-16]     self._spin_once_impl(timeout_sec)
[robot_supervisor-16]   File "/opt/ros/humble/local/lib/python3.10/dist-packages/rclpy/executors.py", line 762, in _spin_once_impl
[robot_supervisor-16]     handler, entity, node = self.wait_for_ready_callbacks(timeout_sec=timeout_sec)
[robot_supervisor-16]   File "/opt/ros/humble/local/lib/python3.10/dist-packages/rclpy/executors.py", line 745, in wait_for_ready_callbacks
[robot_supervisor-16]     return next(self._cb_iter)
[robot_supervisor-16]   File "/opt/ros/humble/local/lib/python3.10/dist-packages/rclpy/executors.py", line 642, in _wait_for_ready_callbacks
[robot_supervisor-16]     wait_set.wait(timeout_nsec)
[robot_supervisor-16] KeyboardInterrupt
[robot_state_publisher-14] [INFO] [1777025187.660709391] [rclcpp]: signal_handler(SIGINT/SIGTERM)
[robot_supervisor-13] Traceback (most recent call last):
[robot_supervisor-13]   File "/home/ecem/ros2_ws/install/swarm_basics/lib/swarm_basics/robot_supervisor", line 33, in <module>
[robot_supervisor-13]     sys.exit(load_entry_point('swarm-basics==0.0.0', 'console_scripts', 'robot_supervisor')())
[robot_supervisor-13]   File "/home/ecem/ros2_ws/install/swarm_basics/lib/python3.10/site-packages/swarm_basics/robot_supervisor.py", line 867, in main
[robot_supervisor-13]     rclpy.spin(node)
[robot_supervisor-13]   File "/opt/ros/humble/local/lib/python3.10/dist-packages/rclpy/__init__.py", line 229, in spin
[robot_supervisor-13]     executor.spin_once()
[robot_supervisor-13]   File "/opt/ros/humble/local/lib/python3.10/dist-packages/rclpy/executors.py", line 773, in spin_once
[robot_supervisor-13]     self._spin_once_impl(timeout_sec)
[robot_supervisor-13]   File "/opt/ros/humble/local/lib/python3.10/dist-packages/rclpy/executors.py", line 762, in _spin_once_impl
[robot_supervisor-13]     handler, entity, node = self.wait_for_ready_callbacks(timeout_sec=timeout_sec)
[robot_supervisor-13]   File "/opt/ros/humble/local/lib/python3.10/dist-packages/rclpy/executors.py", line 745, in wait_for_ready_callbacks
[robot_supervisor-13]     return next(self._cb_iter)
[robot_supervisor-13]   File "/opt/ros/humble/local/lib/python3.10/dist-packages/rclpy/executors.py", line 642, in _wait_for_ready_callbacks
[robot_supervisor-13]     wait_set.wait(timeout_nsec)
[robot_supervisor-13] KeyboardInterrupt
[robot_state_publisher-11] [INFO] [1777025187.668554870] [rclcpp]: signal_handler(SIGINT/SIGTERM)
[robot_supervisor-10] Traceback (most recent call last):
[robot_supervisor-10]   File "/home/ecem/ros2_ws/install/swarm_basics/lib/swarm_basics/robot_supervisor", line 33, in <module>
[robot_supervisor-10]     sys.exit(load_entry_point('swarm-basics==0.0.0', 'console_scripts', 'robot_supervisor')())
[robot_supervisor-10]   File "/home/ecem/ros2_ws/install/swarm_basics/lib/python3.10/site-packages/swarm_basics/robot_supervisor.py", line 867, in main
[robot_supervisor-10]     rclpy.spin(node)
[robot_supervisor-10]   File "/opt/ros/humble/local/lib/python3.10/dist-packages/rclpy/__init__.py", line 229, in spin
[robot_supervisor-10]     executor.spin_once()
[robot_supervisor-10]   File "/opt/ros/humble/local/lib/python3.10/dist-packages/rclpy/executors.py", line 773, in spin_once
[robot_supervisor-10]     self._spin_once_impl(timeout_sec)
[robot_supervisor-10]   File "/opt/ros/humble/local/lib/python3.10/dist-packages/rclpy/executors.py", line 762, in _spin_once_impl
[robot_supervisor-10]     handler, entity, node = self.wait_for_ready_callbacks(timeout_sec=timeout_sec)
[robot_supervisor-10]   File "/opt/ros/humble/local/lib/python3.10/dist-packages/rclpy/executors.py", line 745, in wait_for_ready_callbacks
[robot_supervisor-10]     return next(self._cb_iter)
[robot_supervisor-10]   File "/opt/ros/humble/local/lib/python3.10/dist-packages/rclpy/executors.py", line 642, in _wait_for_ready_callbacks
[robot_supervisor-10]     wait_set.wait(timeout_nsec)
[robot_supervisor-10] KeyboardInterrupt
[robot_state_publisher-8] [INFO] [1777025187.676411345] [rclcpp]: signal_handler(SIGINT/SIGTERM)
[robot_supervisor-7] Traceback (most recent call last):
[robot_supervisor-7]   File "/home/ecem/ros2_ws/install/swarm_basics/lib/swarm_basics/robot_supervisor", line 33, in <module>
[robot_supervisor-7]     sys.exit(load_entry_point('swarm-basics==0.0.0', 'console_scripts', 'robot_supervisor')())
[robot_supervisor-7]   File "/home/ecem/ros2_ws/install/swarm_basics/lib/python3.10/site-packages/swarm_basics/robot_supervisor.py", line 867, in main
[robot_supervisor-7]     rclpy.spin(node)
[robot_supervisor-7]   File "/opt/ros/humble/local/lib/python3.10/dist-packages/rclpy/__init__.py", line 229, in spin
[robot_supervisor-7]     executor.spin_once()
[robot_supervisor-7]   File "/opt/ros/humble/local/lib/python3.10/dist-packages/rclpy/executors.py", line 773, in spin_once
[robot_supervisor-7]     self._spin_once_impl(timeout_sec)
[robot_supervisor-7]   File "/opt/ros/humble/local/lib/python3.10/dist-packages/rclpy/executors.py", line 762, in _spin_once_impl
[robot_supervisor-7]     handler, entity, node = self.wait_for_ready_callbacks(timeout_sec=timeout_sec)
[robot_supervisor-7]   File "/opt/ros/humble/local/lib/python3.10/dist-packages/rclpy/executors.py", line 745, in wait_for_ready_callbacks
[robot_supervisor-7]     return next(self._cb_iter)
[robot_supervisor-7]   File "/opt/ros/humble/local/lib/python3.10/dist-packages/rclpy/executors.py", line 642, in _wait_for_ready_callbacks
[robot_supervisor-7]     wait_set.wait(timeout_nsec)
[robot_supervisor-7] KeyboardInterrupt
[robot_state_publisher-5] [INFO] [1777025187.683906590] [rclcpp]: signal_handler(SIGINT/SIGTERM)
[ERROR] [launch]: Caught exception in launch (see debug for traceback): ExecuteLocal action 'bash-27': executed more than once: <launch.actions.execute_process.ExecuteProcess object at 0x7659f7384850>
[INFO] [image_processor-25]: process has finished cleanly [pid 548550]
[INFO] [image_processor-23]: process has finished cleanly [pid 548546]
[INFO] [image_processor-24]: process has finished cleanly [pid 548548]
[INFO] [image_processor-22]: process has finished cleanly [pid 548544]
[INFO] [image_processor-21]: process has finished cleanly [pid 548542]
[INFO] [robot_state_publisher-17]: process has finished cleanly [pid 548180]
[INFO] [robot_state_publisher-14]: process has finished cleanly [pid 548174]
[INFO] [robot_state_publisher-11]: process has finished cleanly [pid 548168]
[INFO] [robot_state_publisher-8]: process has finished cleanly [pid 548160]
[INFO] [robot_state_publisher-5]: process has finished cleanly [pid 548154]
[coverage_counter-2] Traceback (most recent call last):
[coverage_counter-2]   File "/home/ecem/ros2_ws/install/swarm_basics/lib/python3.10/site-packages/swarm_basics/coverage_counter.py", line 418, in main
[coverage_counter-2]     rclpy.spin(node)
[coverage_counter-2]   File "/opt/ros/humble/local/lib/python3.10/dist-packages/rclpy/__init__.py", line 229, in spin
[coverage_counter-2]     executor.spin_once()
[coverage_counter-2]   File "/opt/ros/humble/local/lib/python3.10/dist-packages/rclpy/executors.py", line 773, in spin_once
[coverage_counter-2]     self._spin_once_impl(timeout_sec)
[coverage_counter-2]   File "/opt/ros/humble/local/lib/python3.10/dist-packages/rclpy/executors.py", line 768, in _spin_once_impl
[coverage_counter-2]     handler()
[coverage_counter-2]   File "/opt/ros/humble/local/lib/python3.10/dist-packages/rclpy/task.py", line 254, in __call__
[coverage_counter-2]     self._handler.send(None)
[coverage_counter-2]   File "/opt/ros/humble/local/lib/python3.10/dist-packages/rclpy/executors.py", line 463, in handler
[coverage_counter-2]     await call_coroutine(entity, arg)
[coverage_counter-2]   File "/opt/ros/humble/local/lib/python3.10/dist-packages/rclpy/executors.py", line 371, in _execute_timer
[coverage_counter-2]     await await_or_execute(tmr.callback)
[coverage_counter-2]   File "/opt/ros/humble/local/lib/python3.10/dist-packages/rclpy/executors.py", line 107, in await_or_execute
[coverage_counter-2]     return callback(*args)
[coverage_counter-2]   File "/home/ecem/ros2_ws/install/swarm_basics/lib/python3.10/site-packages/swarm_basics/coverage_counter.py", line 152, in _on_timeout_timer
[coverage_counter-2]     self.shutdown_and_save()
[coverage_counter-2]   File "/home/ecem/ros2_ws/install/swarm_basics/lib/python3.10/site-packages/swarm_basics/coverage_counter.py", line 174, in shutdown_and_save
[coverage_counter-2]     rclpy.shutdown()
[coverage_counter-2]   File "/opt/ros/humble/local/lib/python3.10/dist-packages/rclpy/__init__.py", line 130, in shutdown
[coverage_counter-2]     _shutdown(context=context)
[coverage_counter-2]   File "/opt/ros/humble/local/lib/python3.10/dist-packages/rclpy/utilities.py", line 58, in shutdown
[coverage_counter-2]     return context.shutdown()
[coverage_counter-2]   File "/opt/ros/humble/local/lib/python3.10/dist-packages/rclpy/context.py", line 103, in shutdown
[coverage_counter-2]     self._call_on_shutdown_callbacks()
[coverage_counter-2]   File "/opt/ros/humble/local/lib/python3.10/dist-packages/rclpy/context.py", line 92, in _call_on_shutdown_callbacks
[coverage_counter-2]     callback = weak_method()
[coverage_counter-2]   File "/opt/ros/humble/local/lib/python3.10/dist-packages/rclpy/__init__.py", line 111, in reset_executor
[coverage_counter-2]     __executor.shutdown()
[coverage_counter-2]   File "/opt/ros/humble/local/lib/python3.10/dist-packages/rclpy/executors.py", line 227, in shutdown
[coverage_counter-2]     if not self._work_tracker.wait(timeout_sec):
[coverage_counter-2]   File "/opt/ros/humble/local/lib/python3.10/dist-packages/rclpy/executors.py", line 94, in wait
[coverage_counter-2]     if not self._work_condition.wait_for(
[coverage_counter-2]   File "/usr/lib/python3.10/threading.py", line 355, in wait_for
[coverage_counter-2]     self.wait(waittime)
[coverage_counter-2]   File "/usr/lib/python3.10/threading.py", line 320, in wait
[coverage_counter-2]     waiter.acquire()
[coverage_counter-2] KeyboardInterrupt
[coverage_counter-2] 
[coverage_counter-2] During handling of the above exception, another exception occurred:
[coverage_counter-2] 
[coverage_counter-2] Traceback (most recent call last):
[coverage_counter-2]   File "/home/ecem/ros2_ws/install/swarm_basics/lib/swarm_basics/coverage_counter", line 33, in <module>
[coverage_counter-2]     sys.exit(load_entry_point('swarm-basics==0.0.0', 'console_scripts', 'coverage_counter')())
[coverage_counter-2]   File "/home/ecem/ros2_ws/install/swarm_basics/lib/python3.10/site-packages/swarm_basics/coverage_counter.py", line 421, in main
[coverage_counter-2]     node.shutdown_and_save()
[coverage_counter-2]   File "/home/ecem/ros2_ws/install/swarm_basics/lib/python3.10/site-packages/swarm_basics/coverage_counter.py", line 174, in shutdown_and_save
[coverage_counter-2]     rclpy.shutdown()
[coverage_counter-2]   File "/opt/ros/humble/local/lib/python3.10/dist-packages/rclpy/__init__.py", line 130, in shutdown
[coverage_counter-2]     _shutdown(context=context)
[coverage_counter-2]   File "/opt/ros/humble/local/lib/python3.10/dist-packages/rclpy/utilities.py", line 58, in shutdown
[coverage_counter-2]     return context.shutdown()
[coverage_counter-2]   File "/opt/ros/humble/local/lib/python3.10/dist-packages/rclpy/context.py", line 100, in shutdown
[coverage_counter-2]     raise RuntimeError('Context must be initialized before it can be shutdown')
[coverage_counter-2] RuntimeError: Context must be initialized before it can be shutdown
[bump_counter-3] Traceback (most recent call last):
[bump_counter-3]   File "/home/ecem/ros2_ws/install/swarm_basics/lib/swarm_basics/bump_counter", line 33, in <module>
[bump_counter-3]     sys.exit(load_entry_point('swarm-basics==0.0.0', 'console_scripts', 'bump_counter')())
[bump_counter-3]   File "/home/ecem/ros2_ws/install/swarm_basics/lib/python3.10/site-packages/swarm_basics/bump_counter.py", line 384, in main
[bump_counter-3]     rclpy.shutdown()
[bump_counter-3]   File "/opt/ros/humble/local/lib/python3.10/dist-packages/rclpy/__init__.py", line 130, in shutdown
[bump_counter-3]     _shutdown(context=context)
[bump_counter-3]   File "/opt/ros/humble/local/lib/python3.10/dist-packages/rclpy/utilities.py", line 58, in shutdown
[bump_counter-3]     return context.shutdown()
[bump_counter-3]   File "/opt/ros/humble/local/lib/python3.10/dist-packages/rclpy/context.py", line 102, in shutdown
[bump_counter-3]     self.__context.shutdown()
[bump_counter-3] rclpy._rclpy_pybind11.RCLError: failed to shutdown: rcl_shutdown already called on the given context, at ./src/rcl/init.c:241
[ERROR] [coverage_counter-2]: process has died [pid 548147, exit code 1, cmd '/home/ecem/ros2_ws/install/swarm_basics/lib/swarm_basics/coverage_counter --ros-args -r __node:=coverage_counter --params-file /tmp/launch_params_o81dxl89 --params-file /tmp/launch_params_4e5z8128 --params-file /tmp/launch_params_i8qr2dfv --params-file /tmp/launch_params_fhkuuni9 --params-file /tmp/launch_params_6u4autlc --params-file /tmp/launch_params_gk3mify8'].
[ERROR] [bump_counter-3]: process has died [pid 548150, exit code 1, cmd '/home/ecem/ros2_ws/install/swarm_basics/lib/swarm_basics/bump_counter --ros-args -r __node:=bump_counter --params-file /tmp/launch_params_g8oit5g1 --params-file /tmp/launch_params_541tqenp --params-file /tmp/launch_params_irw4wf5m'].
[ERROR] [robot_supervisor-16]: process has died [pid 548178, exit code -2, cmd '/home/ecem/ros2_ws/install/swarm_basics/lib/swarm_basics/robot_supervisor --ros-args -r __node:=robot_supervisor -r __ns:=/robot_3 --params-file /tmp/launch_params_se3ws83z --params-file /tmp/launch_params_j_psgnbm --params-file /tmp/launch_params_ucfi4jih --params-file /tmp/launch_params_iaquurwp'].
[ERROR] [robot_supervisor-13]: process has died [pid 548172, exit code -2, cmd '/home/ecem/ros2_ws/install/swarm_basics/lib/swarm_basics/robot_supervisor --ros-args -r __node:=robot_supervisor -r __ns:=/robot_2 --params-file /tmp/launch_params_qiurad47 --params-file /tmp/launch_params_70_245ft --params-file /tmp/launch_params_p08ihf_j --params-file /tmp/launch_params_hvtqub9_'].
[ERROR] [robot_supervisor-19]: process has died [pid 548238, exit code -2, cmd '/home/ecem/ros2_ws/install/swarm_basics/lib/swarm_basics/robot_supervisor --ros-args -r __node:=robot_supervisor -r __ns:=/robot_4 --params-file /tmp/launch_params_ud5me8fn --params-file /tmp/launch_params_ivnk2l7h --params-file /tmp/launch_params_3ap096cu --params-file /tmp/launch_params_h6c6ft1b'].
[ERROR] [robot_supervisor-7]: process has died [pid 548158, exit code -2, cmd '/home/ecem/ros2_ws/install/swarm_basics/lib/swarm_basics/robot_supervisor --ros-args -r __node:=robot_supervisor -r __ns:=/robot_0 --params-file /tmp/launch_params_9qhhqzcr --params-file /tmp/launch_params_edc6snez --params-file /tmp/launch_params_1du9ktvd --params-file /tmp/launch_params_5znd057p'].
[ERROR] [robot_supervisor-10]: process has died [pid 548165, exit code -2, cmd '/home/ecem/ros2_ws/install/swarm_basics/lib/swarm_basics/robot_supervisor --ros-args -r __node:=robot_supervisor -r __ns:=/robot_1 --params-file /tmp/launch_params_qhg80lef --params-file /tmp/launch_params_2fxemvjv --params-file /tmp/launch_params_88m9ejls --params-file /tmp/launch_params_7icl13oh'].
