stamp_sec,stamp_nsec,robot,x,y
1776937006,443072863,robot_3,1.250,-0.250
1776937006,443114793,robot_4,-1.750,1.250
1776937006,443135153,robot_0,3.500,-3.250
1776937006,443152455,robot_1,-0.250,3.500
1776937006,443175857,robot_2,-3.250,-1.750
1776937006,643390880,robot_3,1.286,-0.250
1776937006,643414273,robot_4,-1.718,1.250
1776937006,643423869,robot_0,3.525,-3.250
1776937006,643432908,robot_1,-0.229,3.500
1776937006,643441013,robot_2,-3.228,-1.750
1776937007,62958119,robot_3,1.381,-0.250
1776937007,62981142,robot_4,-1.628,1.250
1776937007,62989551,robot_0,3.654,-3.250
1776937007,62996913,robot_1,-0.144,3.500
1776937007,63003578,robot_2,-3.151,-1.750
1776937007,263361958,robot_3,1.439,-0.250
1776937007,263381504,robot_4,-1.572,1.250
1776937007,263390714,robot_0,3.704,-3.250
1776937007,263397268,robot_1,-0.101,3.500
1776937007,263403887,robot_2,-3.115,-1.749
1776937007,463442014,robot_3,1.482,-0.250
1776937007,463464198,robot_4,-1.536,1.250
1776937007,463473314,robot_0,3.752,-3.250
1776937007,463481024,robot_1,-0.061,3.499
1776937007,463488598,robot_2,-3.075,-1.749
1776937007,663718719,robot_3,1.529,-0.250
1776937007,663741131,robot_4,-1.500,1.250
1776937007,663750580,robot_0,3.822,-3.250
1776937007,663758286,robot_1,-0.024,3.498
1776937007,663765777,robot_2,-3.023,-1.748
1776937007,864323252,robot_3,1.590,-0.250
1776937007,864346049,robot_4,-1.462,1.249
1776937007,864355507,robot_0,3.872,-3.250
1776937007,864363385,robot_1,0.012,3.497
1776937007,864445372,robot_2,-2.976,-1.747
1776937008,283318513,robot_3,1.689,-0.250
1776937008,283339016,robot_4,-1.378,1.248
1776937008,283346963,robot_0,3.976,-3.250
1776937008,283353917,robot_1,0.088,3.500
1776937008,283360708,robot_2,-2.885,-1.746
1776937008,484079058,robot_3,1.760,-0.250
1776937008,484100391,robot_4,-1.349,1.247
1776937008,484109396,robot_0,4.016,-3.250
1776937008,484125912,robot_1,0.116,3.501
1776937008,484133329,robot_2,-2.840,-1.745
1776937008,684244818,robot_3,1.805,-0.250
1776937008,684284284,robot_4,-1.311,1.245
1776937008,684301587,robot_0,4.062,-3.250
1776937008,684316003,robot_1,0.156,3.502
1776937008,684329684,robot_2,-2.800,-1.745
1776937009,103474899,robot_3,1.864,-0.248
1776937009,103497658,robot_4,-1.197,1.240
1776937009,103506400,robot_0,4.163,-3.250
1776937009,103514923,robot_1,0.236,3.505
1776937009,103522247,robot_2,-2.700,-1.743
1776937009,724371338,robot_3,2.029,-0.232
1776937009,724426659,robot_4,-1.078,1.231
1776937009,724443264,robot_0,4.290,-3.249
1776937009,724458418,robot_1,0.352,3.509
1776937009,724472435,robot_2,-2.541,-1.741
1776937009,927264495,robot_3,2.069,-0.228
1776937009,927305484,robot_4,-1.029,1.226
1776937009,927324347,robot_0,4.338,-3.248
1776937009,927341713,robot_1,0.393,3.510
1776937009,927358924,robot_2,-2.498,-1.740
1776937010,345615801,robot_3,2.197,-0.215
1776937010,345656561,robot_4,-0.932,1.217
1776937010,345698098,robot_0,4.376,-3.247
1776937010,345715516,robot_1,0.462,3.511
1776937010,345731606,robot_2,-2.385,-1.738
1776937010,763568542,robot_3,2.283,-0.207
1776937010,763593490,robot_4,-0.820,1.208
1776937010,763604305,robot_0,4.376,-3.247
1776937010,763613201,robot_1,0.552,3.511
1776937010,763620898,robot_2,-2.302,-1.738
1776937010,964266010,robot_3,2.324,-0.203
1776937010,964292645,robot_4,-0.780,1.205
1776937010,964303766,robot_0,4.376,-3.248
1776937010,964312069,robot_1,0.595,3.512
1776937010,964320517,robot_2,-2.261,-1.739
1776937011,165108352,robot_3,2.364,-0.199
1776937011,165143618,robot_4,-0.729,1.201
1776937011,165162919,robot_0,4.376,-3.248
1776937011,165174503,robot_1,0.633,3.514
1776937011,165185148,robot_2,-2.213,-1.740
1776937011,366009288,robot_3,2.427,-0.194
1776937011,366061214,robot_4,-0.679,1.198
1776937011,366085522,robot_0,4.376,-3.248
1776937011,366100045,robot_1,0.671,3.516
1776937011,366114450,robot_2,-2.155,-1.743
1776937011,785782769,robot_3,2.532,-0.187
1776937011,785822875,robot_4,-0.585,1.197
1776937011,785840855,robot_0,4.377,-3.248
1776937011,785855530,robot_1,0.758,3.521
1776937011,785869017,robot_2,-2.071,-1.747
1776937011,987807745,robot_3,2.557,-0.186
1776937011,987877198,robot_4,-0.536,1.197
1776937011,987918895,robot_0,4.377,-3.248
1776937011,987951674,robot_1,0.788,3.523
1776937011,987982593,robot_2,-2.024,-1.749
1776937012,604757564,robot_3,2.676,-0.173
1776937012,604786440,robot_4,-0.402,1.198
1776937012,604800246,robot_0,4.378,-3.248
1776937012,604810831,robot_1,0.940,3.533
1776937012,604821440,robot_2,-1.915,-1.755
1776937013,24708187,robot_3,2.702,-0.170
1776937013,24734814,robot_4,-0.307,1.201
1776937013,24747219,robot_0,4.378,-3.248
1776937013,24758005,robot_1,1.042,3.543
1776937013,24779596,robot_2,-1.913,-1.755
1776937013,645029537,robot_3,2.703,-0.169
1776937013,645063456,robot_4,-0.181,1.206
1776937013,645080244,robot_0,4.379,-3.247
1776937013,645091661,robot_1,1.217,3.561
1776937013,645103992,robot_2,-1.913,-1.756
1776937013,845708840,robot_3,2.703,-0.169
1776937013,845738779,robot_4,-0.148,1.207
1776937013,845750254,robot_0,4.379,-3.246
1776937013,845759270,robot_1,1.289,3.570
1776937013,845767920,robot_2,-1.913,-1.756
1776937014,45818435,robot_3,2.703,-0.169
1776937014,45848507,robot_4,-0.106,1.208
1776937014,45861286,robot_0,4.379,-3.246
1776937014,45872598,robot_1,1.335,3.575
1776937014,45882126,robot_2,-1.913,-1.756
1776937014,665162912,robot_3,2.704,-0.168
1776937014,665199084,robot_4,0.033,1.212
1776937014,665230499,robot_0,4.378,-3.245
1776937014,665243477,robot_1,1.486,3.595
1776937014,665255032,robot_2,-1.912,-1.756
1776937015,285415763,robot_3,2.705,-0.168
1776937015,285460996,robot_4,0.193,1.213
1776937015,285483636,robot_0,4.378,-3.245
1776937015,285502713,robot_1,1.593,3.610
1776937015,285521948,robot_2,-1.912,-1.756
1776937015,487487100,robot_3,2.705,-0.168
1776937015,487524825,robot_4,0.257,1.212
1776937015,487547327,robot_0,4.377,-3.245
1776937015,487565628,robot_1,1.630,3.615
1776937015,487583250,robot_2,-1.911,-1.756
1776937016,103564734,robot_3,2.705,-0.168
1776937016,103588553,robot_4,0.393,1.206
1776937016,103598081,robot_0,4.377,-3.245
1776937016,103606293,robot_1,1.738,3.634
1776937016,103614282,robot_2,-1.911,-1.756
1776937016,304727081,robot_3,2.705,-0.168
1776937016,304760811,robot_4,0.433,1.204
1776937016,304779768,robot_0,4.377,-3.245
1776937016,304795209,robot_1,1.786,3.642
1776937016,304809412,robot_2,-1.910,-1.756
1776937016,723537375,robot_3,2.705,-0.168
1776937016,723558529,robot_4,0.549,1.197
1776937016,723567547,robot_0,4.376,-3.245
1776937016,723574405,robot_1,1.865,3.656
1776937016,723581331,robot_2,-1.910,-1.755
1776937016,924002112,robot_3,2.705,-0.168
1776937016,924024796,robot_4,0.590,1.195
1776937016,924034597,robot_0,4.376,-3.245
1776937016,924042758,robot_1,1.898,3.662
1776937016,924049751,robot_2,-1.910,-1.755
1776937017,543206091,robot_3,2.705,-0.168
1776937017,543227024,robot_4,0.767,1.184
1776937017,543235770,robot_0,4.375,-3.246
1776937017,543242807,robot_1,2.059,3.691
1776937017,543257927,robot_2,-1.910,-1.755
1776937018,163684193,robot_3,2.705,-0.168
1776937018,163708612,robot_4,0.919,1.177
1776937018,163719881,robot_0,4.375,-3.247
1776937018,163729175,robot_1,2.162,3.709
1776937018,163738631,robot_2,-1.910,-1.755
1776937018,584585690,robot_3,2.705,-0.168
1776937018,584606850,robot_4,1.041,1.174
1776937018,584624489,robot_0,4.375,-3.247
1776937018,584631181,robot_1,2.237,3.724
1776937018,584637555,robot_2,-1.910,-1.755
1776937019,204366513,robot_3,2.705,-0.168
1776937019,204386559,robot_4,1.184,1.170
1776937019,204395692,robot_0,4.376,-3.247
1776937019,204402681,robot_1,2.346,3.745
1776937019,204409836,robot_2,-1.910,-1.755
1776937019,823046956,robot_3,2.705,-0.168
1776937019,823067711,robot_4,1.320,1.166
1776937019,823077440,robot_0,4.377,-3.248
1776937019,823084352,robot_1,2.491,3.773
1776937019,823091127,robot_2,-1.910,-1.755
1776937020,26634589,robot_3,2.705,-0.168
1776937020,26667310,robot_4,1.362,1.164
1776937020,26684290,robot_0,4.377,-3.248
1776937020,26698019,robot_1,2.536,3.782
1776937020,26711149,robot_2,-1.910,-1.755
1776937020,642830131,robot_3,2.705,-0.168
1776937020,642848581,robot_4,1.503,1.159
1776937020,642856165,robot_0,4.378,-3.248
1776937020,642862621,robot_1,2.567,3.788
1776937020,642868591,robot_2,-1.910,-1.755
1776937020,843074958,robot_3,2.705,-0.168
1776937020,843094334,robot_4,1.562,1.158
1776937020,843102624,robot_0,4.378,-3.248
1776937020,843109827,robot_1,2.567,3.787
1776937020,843117293,robot_2,-1.910,-1.755
1776937021,43577531,robot_3,2.705,-0.168
1776937021,43597834,robot_4,1.617,1.157
1776937021,43605396,robot_0,4.378,-3.248
1776937021,43611613,robot_1,2.568,3.787
1776937021,43617179,robot_2,-1.910,-1.755
1776937021,663121852,robot_3,2.705,-0.168
1776937021,663138871,robot_4,1.727,1.155
1776937021,663146117,robot_0,4.379,-3.247
1776937021,663151664,robot_1,2.568,3.787
1776937021,663162838,robot_2,-1.910,-1.755
1776937021,863316927,robot_3,2.705,-0.168
1776937021,863335460,robot_4,1.767,1.155
1776937021,863342713,robot_0,4.379,-3.247
1776937021,863349472,robot_1,2.569,3.787
1776937021,863355878,robot_2,-1.910,-1.755
1776937022,63463794,robot_3,2.705,-0.168
1776937022,63483546,robot_4,1.801,1.154
1776937022,63492498,robot_0,4.379,-3.247
1776937022,63498872,robot_1,2.569,3.787
1776937022,63505456,robot_2,-1.910,-1.755
1776937022,264725593,robot_3,2.705,-0.168
1776937022,264756274,robot_4,1.839,1.153
1776937022,264771586,robot_0,4.379,-3.246
1776937022,264784996,robot_1,2.569,3.787
1776937022,264797165,robot_2,-1.910,-1.755
1776937022,683567401,robot_3,2.705,-0.168
1776937022,683597093,robot_4,1.876,1.153
1776937022,683612021,robot_0,4.379,-3.246
1776937022,683623988,robot_1,2.556,3.841
1776937022,683636456,robot_2,-1.910,-1.755
1776937022,883739742,robot_3,2.705,-0.168
1776937022,883768990,robot_4,1.876,1.153
1776937022,883784576,robot_0,4.379,-3.245
1776937022,883797288,robot_1,2.542,3.891
1776937022,883809513,robot_2,-1.910,-1.755
1776937023,304031706,robot_3,2.705,-0.168
1776937023,304051549,robot_4,1.877,1.152
1776937023,304061288,robot_0,4.378,-3.245
1776937023,304068776,robot_1,2.511,3.999
1776937023,304075534,robot_2,-1.910,-1.755
1776937023,504852288,robot_3,2.705,-0.168
1776937023,504882189,robot_4,1.877,1.152
1776937023,504897357,robot_0,4.378,-3.245
1776937023,504909396,robot_1,2.497,4.047
1776937023,504936650,robot_2,-1.910,-1.755
1776937024,123860855,robot_3,2.705,-0.168
1776937024,123878325,robot_4,1.878,1.151
1776937024,123886362,robot_0,4.377,-3.245
1776937024,123892402,robot_1,2.455,4.195
1776937024,123898831,robot_2,-1.910,-1.755
1776937025,144107843,robot_3,2.705,-0.168
1776937025,144126455,robot_4,1.879,1.151
1776937025,144135058,robot_0,4.377,-3.245
1776937025,144141238,robot_1,2.379,4.461
1776937025,144147636,robot_2,-1.910,-1.755
1776937025,963006206,robot_3,2.705,-0.168
1776937025,963027630,robot_4,1.880,1.152
1776937025,963036301,robot_0,4.377,-3.245
1776937025,963043660,robot_1,2.374,4.482
1776937025,963050549,robot_2,-1.910,-1.755
1776937026,163880490,robot_3,2.705,-0.168
1776937026,163915651,robot_4,1.880,1.152
1776937026,163932359,robot_0,4.377,-3.245
1776937026,163946225,robot_1,2.374,4.482
1776937026,163959000,robot_2,-1.910,-1.755
1776937026,783854517,robot_3,2.705,-0.168
1776937026,783874191,robot_4,1.880,1.154
1776937026,783883774,robot_0,4.377,-3.245
1776937026,783891038,robot_1,2.374,4.483
1776937026,783898026,robot_2,-1.910,-1.755
1776937027,204016845,robot_3,2.705,-0.168
1776937027,204046098,robot_4,1.880,1.154
1776937027,204061843,robot_0,4.377,-3.245
1776937027,204075144,robot_1,2.374,4.483
1776937027,204087797,robot_2,-1.910,-1.755
1776937027,623528682,robot_3,2.705,-0.168
1776937027,623559342,robot_4,1.879,1.155
1776937027,623575928,robot_0,4.377,-3.245
1776937027,623589632,robot_1,2.374,4.483
1776937027,623602415,robot_2,-1.910,-1.755
1776937027,824059074,robot_3,2.705,-0.168
1776937027,824076645,robot_4,1.879,1.155
1776937027,824083881,robot_0,4.377,-3.245
1776937027,824089759,robot_1,2.374,4.483
1776937027,824095802,robot_2,-1.910,-1.755
1776937028,25128875,robot_3,2.705,-0.168
1776937028,25145332,robot_4,1.879,1.155
1776937028,25153704,robot_0,4.377,-3.245
1776937028,25164694,robot_1,2.373,4.484
1776937028,25172772,robot_2,-1.910,-1.755
1776937028,642857958,robot_3,2.705,-0.168
1776937028,642876527,robot_4,1.874,1.110
1776937028,642884676,robot_0,4.377,-3.245
1776937028,642890782,robot_1,2.373,4.484
1776937028,642896222,robot_2,-1.910,-1.755
1776937028,843122681,robot_3,2.705,-0.168
1776937028,843141037,robot_4,1.871,1.074
1776937028,843149536,robot_0,4.377,-3.245
1776937028,843163054,robot_1,2.372,4.484
1776937028,843168887,robot_2,-1.910,-1.755
1776937029,44386886,robot_3,2.705,-0.168
1776937029,44415785,robot_4,1.868,1.046
1776937029,44429281,robot_0,4.377,-3.245
1776937029,44439209,robot_1,2.372,4.484
1776937029,44449042,robot_2,-1.910,-1.755
1776937029,663442742,robot_3,2.705,-0.168
1776937029,663460465,robot_4,1.859,0.956
1776937029,663477376,robot_0,4.377,-3.245
1776937029,663483556,robot_1,2.371,4.484
1776937029,663489530,robot_2,-1.910,-1.755
1776937029,863680128,robot_3,2.705,-0.168
1776937029,863704273,robot_4,1.856,0.923
1776937029,863716341,robot_0,4.377,-3.245
1776937029,863726101,robot_1,2.371,4.483
1776937029,863735600,robot_2,-1.910,-1.755
1776937030,683504940,robot_3,2.705,-0.168
1776937030,683536040,robot_4,1.842,0.752
1776937030,683552186,robot_0,4.377,-3.245
1776937030,683565868,robot_1,2.371,4.482
1776937030,683579003,robot_2,-1.910,-1.755
1776937030,883880948,robot_3,2.705,-0.168
1776937030,883908207,robot_4,1.841,0.731
1776937030,883920286,robot_0,4.377,-3.245
1776937030,883931106,robot_1,2.371,4.482
1776937030,883941389,robot_2,-1.910,-1.755
1776937031,84292817,robot_3,2.705,-0.168
1776937031,84333305,robot_4,1.839,0.702
1776937031,84356517,robot_0,4.377,-3.245
1776937031,84375978,robot_1,2.371,4.482
1776937031,84393634,robot_2,-1.910,-1.755
1776937031,702744359,robot_3,2.705,-0.168
1776937031,702764425,robot_4,1.831,0.589
1776937031,702772741,robot_0,4.377,-3.245
1776937031,702778950,robot_1,2.371,4.482
1776937031,702784627,robot_2,-1.910,-1.755
1776937031,903628053,robot_3,2.705,-0.168
1776937031,903651607,robot_4,1.828,0.553
1776937031,903660613,robot_0,4.377,-3.245
1776937031,903667838,robot_1,2.371,4.483
1776937031,903673825,robot_2,-1.910,-1.755
1776937032,104224867,robot_3,2.705,-0.168
1776937032,104253321,robot_4,1.825,0.510
1776937032,104268212,robot_0,4.377,-3.245
1776937032,104278622,robot_1,2.371,4.483
1776937032,104289318,robot_2,-1.910,-1.755
1776937032,923710746,robot_3,2.705,-0.168
1776937032,923733310,robot_4,1.817,0.352
1776937032,923741456,robot_0,4.377,-3.245
1776937032,923748424,robot_1,2.372,4.484
1776937032,923754335,robot_2,-1.910,-1.755
1776937033,542949941,robot_3,2.705,-0.168
1776937033,542971475,robot_4,1.817,0.270
1776937033,542980040,robot_0,4.377,-3.245
1776937033,542986710,robot_1,2.373,4.484
1776937033,542993434,robot_2,-1.910,-1.755
1776937033,744409882,robot_3,2.705,-0.168
1776937033,744441086,robot_4,1.816,0.229
1776937033,744457175,robot_0,4.377,-3.245
1776937033,744471060,robot_1,2.373,4.484
1776937033,744483574,robot_2,-1.910,-1.755
1776937034,164410656,robot_3,2.705,-0.168
1776937034,164462779,robot_4,1.815,0.132
1776937034,164486319,robot_0,4.377,-3.245
1776937034,164505677,robot_1,2.373,4.484
1776937034,164525051,robot_2,-1.910,-1.755
1776937034,582889298,robot_3,2.705,-0.168
1776937034,582909025,robot_4,1.815,0.059
1776937034,582916488,robot_0,4.377,-3.245
1776937034,582923435,robot_1,2.373,4.484
1776937034,582929883,robot_2,-1.910,-1.755
1776937034,784355653,robot_3,2.705,-0.168
1776937034,784384033,robot_4,1.815,0.024
1776937034,784398369,robot_0,4.377,-3.245
1776937034,784408544,robot_1,2.373,4.484
1776937034,784417973,robot_2,-1.910,-1.755
1776937034,985074928,robot_3,2.705,-0.168
1776937034,985094624,robot_4,1.814,-0.021
1776937034,985103046,robot_0,4.377,-3.245
1776937034,985109887,robot_1,2.373,4.484
1776937034,985116810,robot_2,-1.910,-1.755
1776937035,603697593,robot_3,2.705,-0.168
1776937035,603724472,robot_4,1.813,-0.168
1776937035,603736400,robot_0,4.377,-3.245
1776937035,603746786,robot_1,2.373,4.484
1776937035,603755985,robot_2,-1.910,-1.755
1776937036,222970009,robot_3,2.705,-0.168
1776937036,222992483,robot_4,1.812,-0.291
1776937036,223001468,robot_0,4.377,-3.245
1776937036,223008977,robot_1,2.373,4.484
1776937036,223015914,robot_2,-1.910,-1.755
1776937036,425142943,robot_3,2.705,-0.168
1776937036,425205523,robot_4,1.812,-0.315
1776937036,425225502,robot_0,4.377,-3.245
1776937036,425241990,robot_1,2.373,4.484
1776937036,425257920,robot_2,-1.910,-1.755
1776937036,843755282,robot_3,2.705,-0.168
1776937036,843778923,robot_4,1.811,-0.405
1776937036,843789286,robot_0,4.377,-3.245
1776937036,843797554,robot_1,2.373,4.484
1776937036,843805776,robot_2,-1.910,-1.755
1776937037,663010205,robot_3,2.705,-0.168
1776937037,663032701,robot_4,1.801,-0.564
1776937037,663041781,robot_0,4.377,-3.245
1776937037,663049747,robot_1,2.373,4.484
1776937037,663057093,robot_2,-1.910,-1.755
1776937037,864230826,robot_3,2.705,-0.168
1776937037,864252252,robot_4,1.798,-0.599
1776937037,864261744,robot_0,4.377,-3.245
1776937037,864268623,robot_1,2.373,4.484
1776937037,864275836,robot_2,-1.910,-1.755
1776937038,283874954,robot_3,2.705,-0.168
1776937038,283897858,robot_4,1.789,-0.707
1776937038,283907175,robot_0,4.377,-3.245
1776937038,283915042,robot_1,2.373,4.484
1776937038,283921879,robot_2,-1.910,-1.755
1776937038,484559960,robot_3,2.705,-0.168
1776937038,484580342,robot_4,1.785,-0.743
1776937038,484588586,robot_0,4.377,-3.245
1776937038,484595314,robot_1,2.373,4.484
1776937038,484601505,robot_2,-1.910,-1.755
1776937038,684810038,robot_3,2.705,-0.168
1776937038,684829894,robot_4,1.778,-0.802
1776937038,684838351,robot_0,4.377,-3.245
1776937038,684844984,robot_1,2.373,4.484
1776937038,684850877,robot_2,-1.910,-1.755
1776937039,103334067,robot_3,2.705,-0.168
1776937039,103360486,robot_4,1.768,-0.889
1776937039,103368485,robot_0,4.377,-3.245
1776937039,103374964,robot_1,2.373,4.484
1776937039,103381321,robot_2,-1.910,-1.755
1776937039,303957383,robot_3,2.705,-0.168
1776937039,303987192,robot_4,1.761,-0.954
1776937039,304002163,robot_0,4.377,-3.245
1776937039,304014544,robot_1,2.373,4.484
1776937039,304025686,robot_2,-1.910,-1.755
1776937040,122985329,robot_3,2.705,-0.168
1776937040,123005345,robot_4,1.742,-1.116
1776937040,123023015,robot_0,4.377,-3.245
1776937040,123029912,robot_1,2.373,4.484
1776937040,123036247,robot_2,-1.910,-1.755
1776937040,324625989,robot_3,2.705,-0.168
1776937040,324647931,robot_4,1.739,-1.149
1776937040,324657100,robot_0,4.377,-3.245
1776937040,324663802,robot_1,2.373,4.484
1776937040,324670558,robot_2,-1.910,-1.755
1776937040,743467352,robot_3,2.705,-0.168
1776937040,743492240,robot_4,1.732,-1.212
1776937040,743501777,robot_0,4.377,-3.245
1776937040,743509805,robot_1,2.373,4.484
1776937040,743516726,robot_2,-1.910,-1.755
1776937040,944903315,robot_3,2.705,-0.168
1776937040,944937704,robot_4,1.727,-1.253
1776937040,944954160,robot_0,4.377,-3.245
1776937040,944967626,robot_1,2.373,4.484
1776937040,944980450,robot_2,-1.910,-1.755
1776937041,364176890,robot_3,2.705,-0.168
1776937041,364204114,robot_4,1.716,-1.351
1776937041,364213023,robot_0,4.377,-3.245
1776937041,364220728,robot_1,2.373,4.484
1776937041,364227284,robot_2,-1.910,-1.755
1776937041,784370822,robot_3,2.705,-0.168
1776937041,784395886,robot_4,1.710,-1.409
1776937041,784406736,robot_0,4.377,-3.245
1776937041,784416246,robot_1,2.373,4.484
1776937041,784425411,robot_2,-1.910,-1.755
1776937041,984681677,robot_3,2.705,-0.168
1776937041,984713058,robot_4,1.708,-1.443
1776937041,984728861,robot_0,4.377,-3.245
1776937041,984742126,robot_1,2.373,4.484
1776937041,984754618,robot_2,-1.910,-1.755
1776937042,602963703,robot_3,2.705,-0.168
1776937042,602986525,robot_4,1.703,-1.541
1776937042,602994674,robot_0,4.377,-3.245
1776937042,603001679,robot_1,2.373,4.484
1776937042,603007785,robot_2,-1.910,-1.755
1776937042,803945405,robot_3,2.705,-0.168
1776937042,803963721,robot_4,1.699,-1.600
1776937042,803971496,robot_0,4.377,-3.245
1776937042,803978097,robot_1,2.373,4.484
1776937042,803983866,robot_2,-1.910,-1.755
1776937043,223727021,robot_3,2.705,-0.168
1776937043,223756998,robot_4,1.691,-1.684
1776937043,223770803,robot_0,4.377,-3.245
1776937043,223782011,robot_1,2.373,4.484
1776937043,223792883,robot_2,-1.910,-1.755
1776937043,426220566,robot_3,2.705,-0.168
1776937043,426258657,robot_4,1.686,-1.737
1776937043,426276284,robot_0,4.377,-3.245
1776937043,426290785,robot_1,2.373,4.484
1776937043,426304871,robot_2,-1.910,-1.755
1776937043,843533507,robot_3,2.705,-0.168
1776937043,843553048,robot_4,1.679,-1.810
1776937043,843560927,robot_0,4.377,-3.245
1776937043,843567467,robot_1,2.373,4.484
1776937043,843573594,robot_2,-1.910,-1.755
1776937044,662615030,robot_3,2.705,-0.168
1776937044,662631658,robot_4,1.662,-1.952
1776937044,662638921,robot_0,4.377,-3.245
1776937044,662645183,robot_1,2.373,4.484
1776937044,662651297,robot_2,-1.910,-1.755
1776937044,862642706,robot_3,2.705,-0.168
1776937044,862662309,robot_4,1.657,-1.987
1776937044,862669528,robot_0,4.377,-3.245
1776937044,862675258,robot_1,2.373,4.484
1776937044,862681218,robot_2,-1.910,-1.755
1776937045,64251865,robot_3,2.705,-0.168
1776937045,64293440,robot_4,1.653,-2.020
1776937045,64333190,robot_0,4.377,-3.245
1776937045,64347953,robot_1,2.373,4.484
1776937045,64361918,robot_2,-1.910,-1.755
1776937045,684154888,robot_3,2.705,-0.168
1776937045,684230249,robot_4,1.636,-2.134
1776937045,684246435,robot_0,4.377,-3.245
1776937045,684254382,robot_1,2.373,4.484
1776937045,684261938,robot_2,-1.910,-1.755
1776937046,502725419,robot_3,2.705,-0.168
1776937046,502743943,robot_4,1.614,-2.263
1776937046,502753403,robot_0,4.377,-3.245
1776937046,502760827,robot_1,2.373,4.484
1776937046,502767153,robot_2,-1.910,-1.755
1776937047,123601445,robot_3,2.705,-0.168
1776937047,123632130,robot_4,1.593,-2.350
1776937047,123646998,robot_0,4.377,-3.245
1776937047,123658857,robot_1,2.373,4.484
1776937047,123670274,robot_2,-1.910,-1.755
1776937047,543575892,robot_3,2.705,-0.168
1776937047,543595177,robot_4,1.581,-2.402
1776937047,543603311,robot_0,4.377,-3.245
1776937047,543609453,robot_1,2.373,4.484
1776937047,543614973,robot_2,-1.910,-1.755
1776937048,163238134,robot_3,2.705,-0.168
1776937048,163261872,robot_4,1.551,-2.531
1776937048,163271613,robot_0,4.377,-3.245
1776937048,163279501,robot_1,2.373,4.484
1776937048,163286562,robot_2,-1.910,-1.755
1776937048,584412869,robot_3,2.705,-0.168
1776937048,584445355,robot_4,1.532,-2.613
1776937048,584461078,robot_0,4.377,-3.245
1776937048,584474102,robot_1,2.373,4.484
1776937048,584486795,robot_2,-1.910,-1.755
1776937049,203050501,robot_3,2.705,-0.168
1776937049,203070233,robot_4,1.500,-2.758
1776937049,203077863,robot_0,4.377,-3.245
1776937049,203084629,robot_1,2.373,4.484
1776937049,203090490,robot_2,-1.910,-1.755
1776937049,403313620,robot_3,2.705,-0.168
1776937049,403338318,robot_4,1.489,-2.808
1776937049,403346484,robot_0,4.377,-3.245
1776937049,403353356,robot_1,2.373,4.484
1776937049,403359528,robot_2,-1.910,-1.755
1776937050,23394596,robot_3,2.705,-0.168
1776937050,23416836,robot_4,1.454,-2.952
1776937050,23426276,robot_0,4.377,-3.245
1776937050,23434272,robot_1,2.373,4.484
1776937050,23441081,robot_2,-1.910,-1.755
1776937050,224123600,robot_3,2.705,-0.168
1776937050,224151577,robot_4,1.444,-2.986
1776937050,224168400,robot_0,4.377,-3.245
1776937050,224178861,robot_1,2.373,4.484
1776937050,224188556,robot_2,-1.910,-1.755
1776937050,425440353,robot_3,2.705,-0.168
1776937050,425463957,robot_4,1.434,-3.022
1776937050,425480490,robot_0,4.377,-3.245
1776937050,425487302,robot_1,2.373,4.484
1776937050,425493155,robot_2,-1.910,-1.755
1776937050,843124194,robot_3,2.705,-0.168
1776937050,843142276,robot_4,1.415,-3.096
1776937050,843149564,robot_0,4.377,-3.245
1776937050,843159169,robot_1,2.373,4.484
1776937050,843166507,robot_2,-1.910,-1.755
1776937051,43555368,robot_3,2.705,-0.168
1776937051,43577923,robot_4,1.403,-3.142
1776937051,43587334,robot_0,4.377,-3.245
1776937051,43594457,robot_1,2.373,4.484
1776937051,43601887,robot_2,-1.910,-1.755
1776937051,663532149,robot_3,2.705,-0.168
1776937051,663550918,robot_4,1.377,-3.245
1776937051,663558767,robot_0,4.377,-3.245
1776937051,663565198,robot_1,2.373,4.484
1776937051,663570896,robot_2,-1.910,-1.755
1776937051,863691245,robot_3,2.705,-0.168
1776937051,863711048,robot_4,1.369,-3.274
1776937051,863719214,robot_0,4.377,-3.245
1776937051,863725975,robot_1,2.373,4.484
1776937051,863732973,robot_2,-1.910,-1.755
1776937052,63727327,robot_3,2.705,-0.168
1776937052,63768546,robot_4,1.359,-3.308
1776937052,63777973,robot_0,4.377,-3.245
1776937052,63785813,robot_1,2.373,4.484
1776937052,63793717,robot_2,-1.910,-1.755
1776937052,263835614,robot_3,2.705,-0.168
1776937052,263858308,robot_4,1.344,-3.362
1776937052,263867855,robot_0,4.377,-3.245
1776937052,263875396,robot_1,2.373,4.484
1776937052,263882346,robot_2,-1.910,-1.755
1776937052,464012637,robot_3,2.705,-0.168
1776937052,464038168,robot_4,1.331,-3.408
1776937052,464048736,robot_0,4.377,-3.245
1776937052,464057475,robot_1,2.373,4.484
1776937052,464065781,robot_2,-1.910,-1.755
1776937052,883094546,robot_3,2.705,-0.168
1776937052,883115436,robot_4,1.306,-3.496
1776937052,883123932,robot_0,4.377,-3.245
1776937052,883130357,robot_1,2.373,4.484
1776937052,883136731,robot_2,-1.910,-1.755
1776937053,84931671,robot_3,2.705,-0.168
1776937053,84970799,robot_4,1.293,-3.535
1776937053,84989198,robot_0,4.377,-3.245
1776937053,85004028,robot_1,2.373,4.484
1776937053,85017799,robot_2,-1.910,-1.755
1776937053,285423829,robot_3,2.705,-0.168
1776937053,285452046,robot_4,1.282,-3.568
1776937053,285462199,robot_0,4.377,-3.245
1776937053,285470398,robot_1,2.373,4.484
1776937053,285478483,robot_2,-1.910,-1.755
1776937053,485620639,robot_3,2.705,-0.168
1776937053,485655189,robot_4,1.271,-3.600
1776937053,485669454,robot_0,4.377,-3.245
1776937053,485680936,robot_1,2.373,4.484
1776937053,485690675,robot_2,-1.910,-1.755
1776937053,685749128,robot_3,2.705,-0.168
1776937053,685795801,robot_4,1.261,-3.633
1776937053,685817641,robot_0,4.377,-3.245
1776937053,685836650,robot_1,2.373,4.484
1776937053,685855774,robot_2,-1.910,-1.755
1776937054,104257480,robot_3,2.705,-0.168
1776937054,104282414,robot_4,1.243,-3.687
1776937054,104292865,robot_0,4.377,-3.245
1776937054,104301145,robot_1,2.373,4.484
1776937054,104308415,robot_2,-1.910,-1.755
1776937054,723583905,robot_3,2.705,-0.168
1776937054,723616824,robot_4,1.209,-3.789
1776937054,723634614,robot_0,4.377,-3.245
1776937054,723649276,robot_1,2.373,4.484
1776937054,723662926,robot_2,-1.910,-1.755
1776937054,924559675,robot_3,2.705,-0.168
1776937054,924586006,robot_4,1.198,-3.823
1776937054,924596508,robot_0,4.377,-3.245
1776937054,924605709,robot_1,2.373,4.484
1776937054,924614228,robot_2,-1.910,-1.755
1776937055,543805593,robot_3,2.705,-0.168
1776937055,543827924,robot_4,1.160,-3.937
1776937055,543838114,robot_0,4.377,-3.245
1776937055,543846485,robot_1,2.373,4.484
1776937055,543854130,robot_2,-1.910,-1.755
1776937056,163258126,robot_3,2.705,-0.168
1776937056,163279969,robot_4,1.128,-4.036
1776937056,163297568,robot_0,4.377,-3.245
1776937056,163304035,robot_1,2.373,4.484
1776937056,163310140,robot_2,-1.910,-1.755
1776937056,363601602,robot_3,2.705,-0.168
1776937056,363622888,robot_4,1.117,-4.068
1776937056,363631064,robot_0,4.377,-3.245
1776937056,363638145,robot_1,2.373,4.484
1776937056,363644758,robot_2,-1.910,-1.755
1776937056,784018755,robot_3,2.705,-0.168
1776937056,784060358,robot_4,1.092,-4.136
1776937056,784082408,robot_0,4.377,-3.245
1776937056,784101522,robot_1,2.373,4.484
1776937056,784118968,robot_2,-1.910,-1.755
1776937057,203791911,robot_3,2.705,-0.168
1776937057,203812269,robot_4,1.065,-4.205
1776937057,203820175,robot_0,4.377,-3.245
1776937057,203826616,robot_1,2.373,4.484
1776937057,203833391,robot_2,-1.910,-1.755
1776937057,624166145,robot_3,2.705,-0.168
1776937057,624186971,robot_4,1.049,-4.246
1776937057,624197141,robot_0,4.377,-3.245
1776937057,624205175,robot_1,2.373,4.484
1776937057,624212259,robot_2,-1.910,-1.755
1776937058,43126065,robot_3,2.705,-0.168
1776937058,43147384,robot_4,1.049,-4.247
1776937058,43162169,robot_0,4.377,-3.245
1776937058,43172021,robot_1,2.373,4.484
1776937058,43178803,robot_2,-1.910,-1.755
1776937058,243654733,robot_3,2.705,-0.168
1776937058,243683363,robot_4,1.049,-4.247
1776937058,243696609,robot_0,4.377,-3.245
1776937058,243707871,robot_1,2.373,4.484
1776937058,243718522,robot_2,-1.910,-1.755
1776937058,443784271,robot_3,2.705,-0.168
1776937058,443807634,robot_4,1.050,-4.247
1776937058,443816742,robot_0,4.377,-3.245
1776937058,443824541,robot_1,2.373,4.484
1776937058,443831145,robot_2,-1.910,-1.755
1776937059,64094532,robot_3,2.705,-0.168
1776937059,64118275,robot_4,1.050,-4.249
1776937059,64128492,robot_0,4.377,-3.245
1776937059,64136977,robot_1,2.373,4.484
1776937059,64144415,robot_2,-1.910,-1.755
1776937059,684229031,robot_3,2.705,-0.168
1776937059,684261113,robot_4,1.050,-4.249
1776937059,684277927,robot_0,4.377,-3.245
1776937059,684292995,robot_1,2.373,4.484
1776937059,684307063,robot_2,-1.910,-1.755
1776937060,103394527,robot_3,2.705,-0.168
1776937060,103412768,robot_4,1.050,-4.249
1776937060,103420897,robot_0,4.377,-3.245
1776937060,103428028,robot_1,2.373,4.484
1776937060,103434690,robot_2,-1.910,-1.755
1776937060,523909184,robot_3,2.705,-0.168
1776937060,523932224,robot_4,1.049,-4.250
1776937060,523942957,robot_0,4.377,-3.245
1776937060,523952284,robot_1,2.373,4.484
1776937060,523960866,robot_2,-1.910,-1.755
1776937061,143824318,robot_3,2.705,-0.168
1776937061,143842988,robot_4,1.048,-4.251
1776937061,143851517,robot_0,4.377,-3.245
1776937061,143858041,robot_1,2.373,4.484
1776937061,143863524,robot_2,-1.910,-1.755
1776937061,763891487,robot_3,2.705,-0.168
1776937061,763911528,robot_4,1.047,-4.250
1776937061,763920430,robot_0,4.377,-3.245
1776937061,763927724,robot_1,2.373,4.484
1776937061,763934528,robot_2,-1.910,-1.755
1776937061,964021673,robot_3,2.705,-0.168
1776937061,964057558,robot_4,1.046,-4.250
1776937061,964074721,robot_0,4.377,-3.245
1776937061,964088834,robot_1,2.373,4.484
1776937061,964101114,robot_2,-1.910,-1.755
1776937062,384545470,robot_3,2.705,-0.168
1776937062,384571977,robot_4,1.070,-4.201
1776937062,384584583,robot_0,4.377,-3.245
1776937062,384594814,robot_1,2.373,4.484
1776937062,384603852,robot_2,-1.910,-1.755
1776937062,803588284,robot_3,2.705,-0.168
1776937062,803608956,robot_4,1.107,-4.121
1776937062,803617557,robot_0,4.377,-3.245
1776937062,803624169,robot_1,2.373,4.484
1776937062,803630630,robot_2,-1.910,-1.755
1776937063,622747463,robot_3,2.705,-0.168
1776937063,622768830,robot_4,1.196,-3.930
1776937063,622776862,robot_0,4.377,-3.245
1776937063,622783496,robot_1,2.373,4.484
1776937063,622789815,robot_2,-1.910,-1.755
1776937063,823178685,robot_3,2.705,-0.168
1776937063,823196974,robot_4,1.210,-3.897
1776937063,823206217,robot_0,4.377,-3.245
1776937063,823213212,robot_1,2.373,4.484
1776937063,823219844,robot_2,-1.910,-1.755
1776937064,23901449,robot_3,2.705,-0.168
1776937064,23920730,robot_4,1.224,-3.863
1776937064,23930095,robot_0,4.377,-3.245
1776937064,23937974,robot_1,2.373,4.484
1776937064,23945924,robot_2,-1.910,-1.755
1776937064,224140658,robot_3,2.705,-0.168
1776937064,224163586,robot_4,1.239,-3.828
1776937064,224171823,robot_0,4.377,-3.245
1776937064,224178163,robot_1,2.373,4.484
1776937064,224183984,robot_2,-1.910,-1.755
1776937064,643159609,robot_3,2.705,-0.168
1776937064,643181837,robot_4,1.276,-3.741
1776937064,643191025,robot_0,4.377,-3.245
1776937064,643197430,robot_1,2.373,4.484
1776937064,643203670,robot_2,-1.910,-1.755
1776937064,843464018,robot_3,2.705,-0.168
1776937064,843488171,robot_4,1.298,-3.690
1776937064,843499518,robot_0,4.377,-3.245
1776937064,843507405,robot_1,2.373,4.484
1776937064,843515729,robot_2,-1.910,-1.755
1776937065,43787845,robot_3,2.705,-0.168
1776937065,43817378,robot_4,1.312,-3.657
1776937065,43830432,robot_0,4.377,-3.245
1776937065,43840521,robot_1,2.373,4.484
1776937065,43849609,robot_2,-1.910,-1.755
1776937065,244003770,robot_3,2.705,-0.168
1776937065,244038526,robot_4,1.313,-3.654
1776937065,244056653,robot_0,4.377,-3.245
1776937065,244071403,robot_1,2.373,4.484
1776937065,244084545,robot_2,-1.910,-1.755
1776937065,664527543,robot_3,2.705,-0.168
1776937065,664558100,robot_4,1.313,-3.654
1776937065,664573140,robot_0,4.377,-3.245
1776937065,664584017,robot_1,2.373,4.484
1776937065,664595508,robot_2,-1.910,-1.755
1776937066,84069967,robot_3,2.705,-0.168
1776937066,84101931,robot_4,1.314,-3.654
1776937066,84118116,robot_0,4.377,-3.245
1776937066,84131594,robot_1,2.373,4.484
1776937066,84144405,robot_2,-1.910,-1.755
1776937066,903473334,robot_3,2.705,-0.168
1776937066,903500862,robot_4,1.315,-3.653
1776937066,903509999,robot_0,4.377,-3.245
1776937066,903518465,robot_1,2.373,4.484
1776937066,903525506,robot_2,-1.910,-1.755
1776937067,523333928,robot_3,2.705,-0.168
1776937067,523355152,robot_4,1.307,-3.650
1776937067,523363867,robot_0,4.377,-3.245
1776937067,523371418,robot_1,2.373,4.484
1776937067,523378293,robot_2,-1.910,-1.755
1776937068,145241734,robot_3,2.705,-0.168
1776937068,145262189,robot_4,1.206,-3.614
1776937068,145271395,robot_0,4.377,-3.245
1776937068,145278925,robot_1,2.373,4.484
1776937068,145285305,robot_2,-1.910,-1.755
1776937069,162962660,robot_3,2.705,-0.168
1776937069,162980957,robot_4,1.020,-3.553
1776937069,162989955,robot_0,4.377,-3.245
1776937069,162996780,robot_1,2.373,4.484
1776937069,163003348,robot_2,-1.910,-1.755
1776937069,364021095,robot_3,2.705,-0.168
1776937069,364062758,robot_4,0.979,-3.540
1776937069,364106398,robot_0,4.377,-3.245
1776937069,364124486,robot_1,2.373,4.484
1776937069,364141400,robot_2,-1.910,-1.755
1776937069,784838842,robot_3,2.705,-0.168
1776937069,784870517,robot_4,0.886,-3.512
1776937069,784884028,robot_0,4.377,-3.245
1776937069,784894040,robot_1,2.373,4.484
1776937069,784903306,robot_2,-1.910,-1.755
1776937070,203471435,robot_3,2.705,-0.168
1776937070,203491183,robot_4,0.776,-3.479
1776937070,203500272,robot_0,4.377,-3.245
1776937070,203507730,robot_1,2.373,4.484
1776937070,203514092,robot_2,-1.910,-1.755
1776937070,406113577,robot_3,2.705,-0.168
1776937070,406136572,robot_4,0.742,-3.469
1776937070,406145602,robot_0,4.377,-3.245
1776937070,406153208,robot_1,2.373,4.484
1776937070,406162956,robot_2,-1.910,-1.755
1776937071,23433181,robot_3,2.705,-0.168
1776937071,23452235,robot_4,0.627,-3.430
1776937071,23461043,robot_0,4.377,-3.245
1776937071,23468357,robot_1,2.373,4.484
1776937071,23475030,robot_2,-1.910,-1.755
1776937071,223469863,robot_3,2.705,-0.168
1776937071,223491404,robot_4,0.598,-3.419
1776937071,223499394,robot_0,4.377,-3.245
1776937071,223505611,robot_1,2.373,4.484
1776937071,223511607,robot_2,-1.910,-1.755
1776937071,424167005,robot_3,2.705,-0.168
1776937071,424191583,robot_4,0.568,-3.407
1776937071,424201133,robot_0,4.377,-3.245
1776937071,424208199,robot_1,2.373,4.484
1776937071,424214297,robot_2,-1.910,-1.755
1776937072,643958107,robot_3,2.705,-0.168
1776937072,643984575,robot_4,0.350,-3.307
1776937072,643998143,robot_0,4.377,-3.245
1776937072,644009810,robot_1,2.373,4.484
1776937072,644020054,robot_2,-1.910,-1.755
1776937072,844642758,robot_3,2.705,-0.168
1776937072,844659604,robot_4,0.318,-3.292
1776937072,844666800,robot_0,4.377,-3.245
1776937072,844673234,robot_1,2.373,4.484
1776937072,844679146,robot_2,-1.910,-1.755
1776937073,664111357,robot_3,2.705,-0.168
1776937073,664131929,robot_4,0.215,-3.240
1776937073,664139905,robot_0,4.377,-3.245
1776937073,664146314,robot_1,2.373,4.484
1776937073,664152530,robot_2,-1.910,-1.755
1776937074,84261371,robot_3,2.705,-0.168
1776937074,84293246,robot_4,0.158,-3.211
1776937074,84310130,robot_0,4.377,-3.245
1776937074,84323513,robot_1,2.373,4.484
1776937074,84335614,robot_2,-1.910,-1.755
1776937074,284531143,robot_3,2.705,-0.168
1776937074,284565466,robot_4,0.108,-3.186
1776937074,284582322,robot_0,4.377,-3.245
1776937074,284596858,robot_1,2.373,4.484
1776937074,284609968,robot_2,-1.910,-1.755
1776937075,103820151,robot_3,2.705,-0.168
1776937075,103854503,robot_4,-0.038,-3.111
1776937075,103886421,robot_0,4.377,-3.245
1776937075,103899992,robot_1,2.373,4.484
1776937075,103911927,robot_2,-1.910,-1.755
1776937075,724186192,robot_3,2.705,-0.168
1776937075,724204820,robot_4,-0.038,-3.110
1776937075,724212991,robot_0,4.377,-3.245
1776937075,724219745,robot_1,2.373,4.484
1776937075,724226162,robot_2,-1.910,-1.755
1776937076,143383998,robot_3,2.705,-0.168
1776937076,143410587,robot_4,-0.038,-3.109
1776937076,143418340,robot_0,4.377,-3.245
1776937076,143425625,robot_1,2.373,4.484
1776937076,143431679,robot_2,-1.910,-1.755
1776937076,343963523,robot_3,2.705,-0.168
1776937076,343984639,robot_4,-0.038,-3.109
1776937076,343993745,robot_0,4.377,-3.245
1776937076,344000975,robot_1,2.373,4.484
1776937076,344007670,robot_2,-1.910,-1.755
1776937076,763217262,robot_3,2.705,-0.168
1776937076,763240919,robot_4,-0.039,-3.108
1776937076,763252024,robot_0,4.377,-3.245
1776937076,763260881,robot_1,2.373,4.484
1776937076,763268583,robot_2,-1.910,-1.755
1776937076,963368368,robot_3,2.705,-0.168
1776937076,963390512,robot_4,-0.039,-3.108
1776937076,963399752,robot_0,4.377,-3.245
1776937076,963406560,robot_1,2.373,4.484
1776937076,963413410,robot_2,-1.910,-1.755
1776937077,164262746,robot_3,2.705,-0.168
1776937077,164295825,robot_4,-0.039,-3.108
1776937077,164313067,robot_0,4.377,-3.245
1776937077,164327760,robot_1,2.373,4.484
1776937077,164342358,robot_2,-1.910,-1.755
1776937077,583247281,robot_3,2.705,-0.168
1776937077,583265871,robot_4,-0.039,-3.108
1776937077,583273367,robot_0,4.377,-3.245
1776937077,583279624,robot_1,2.373,4.484
1776937077,583285259,robot_2,-1.910,-1.755
1776937078,603328490,robot_3,2.705,-0.168
1776937078,603349685,robot_4,-0.041,-3.108
1776937078,603358887,robot_0,4.377,-3.245
1776937078,603366764,robot_1,2.373,4.484
1776937078,603373980,robot_2,-1.910,-1.755
1776937078,803644844,robot_3,2.705,-0.168
1776937078,803665303,robot_4,-0.041,-3.109
1776937078,803672880,robot_0,4.377,-3.245
1776937078,803678759,robot_1,2.373,4.484
1776937078,803684552,robot_2,-1.910,-1.755
1776937079,4602206,robot_3,2.705,-0.168
1776937079,4624182,robot_4,-0.041,-3.109
1776937079,4632575,robot_0,4.377,-3.245
1776937079,4638722,robot_1,2.373,4.484
1776937079,4644859,robot_2,-1.910,-1.755
1776937079,204777803,robot_3,2.705,-0.168
1776937079,204805934,robot_4,-0.041,-3.109
1776937079,204819434,robot_0,4.377,-3.245
1776937079,204832635,robot_1,2.373,4.484
1776937079,204847115,robot_2,-1.910,-1.755
1776937079,405902989,robot_3,2.705,-0.168
1776937079,405955069,robot_4,-0.042,-3.110
1776937079,405980802,robot_0,4.377,-3.245
1776937079,406001235,robot_1,2.373,4.484
1776937079,406021012,robot_2,-1.910,-1.755
1776937079,823954671,robot_3,2.705,-0.168
1776937079,823976838,robot_4,-0.042,-3.110
1776937079,823984879,robot_0,4.377,-3.245
1776937079,823991573,robot_1,2.373,4.484
1776937079,823997588,robot_2,-1.910,-1.755
1776937080,444821401,robot_3,2.705,-0.168
1776937080,444846337,robot_4,-0.042,-3.110
1776937080,444855191,robot_0,4.377,-3.245
1776937080,444862503,robot_1,2.373,4.484
1776937080,444868683,robot_2,-1.910,-1.755
1776937080,863715418,robot_3,2.705,-0.168
1776937080,863738806,robot_4,-0.042,-3.110
1776937080,863749510,robot_0,4.377,-3.245
1776937080,863758395,robot_1,2.373,4.484
1776937080,863766102,robot_2,-1.910,-1.755
1776937081,683433311,robot_3,2.705,-0.168
1776937081,683454963,robot_4,-0.042,-3.110
1776937081,683464005,robot_0,4.377,-3.245
1776937081,683471558,robot_1,2.373,4.484
1776937081,683478669,robot_2,-1.910,-1.755
1776937081,884117921,robot_3,2.705,-0.168
1776937081,884149428,robot_4,-0.042,-3.110
1776937081,884173262,robot_0,4.377,-3.245
1776937081,884186965,robot_1,2.373,4.484
1776937081,884199168,robot_2,-1.910,-1.755
1776937082,703630032,robot_3,2.705,-0.168
1776937082,703652761,robot_4,-0.042,-3.110
1776937082,703661868,robot_0,4.377,-3.245
1776937082,703668848,robot_1,2.373,4.484
1776937082,703675152,robot_2,-1.910,-1.755
1776937083,123629111,robot_3,2.705,-0.168
1776937083,123649471,robot_4,-0.042,-3.110
1776937083,123658845,robot_0,4.377,-3.245
1776937083,123666144,robot_1,2.373,4.484
1776937083,123673434,robot_2,-1.910,-1.755
1776937084,144069575,robot_3,2.705,-0.168
1776937084,144096989,robot_4,-0.042,-3.110
1776937084,144109502,robot_0,4.377,-3.245
1776937084,144119744,robot_1,2.373,4.484
1776937084,144129122,robot_2,-1.910,-1.755
1776937085,564372057,robot_3,2.705,-0.168
1776937085,564403422,robot_4,-0.042,-3.110
1776937085,564415601,robot_0,4.377,-3.245
1776937085,564426581,robot_1,2.373,4.484
1776937085,564436752,robot_2,-1.910,-1.755
1776937085,765977886,robot_3,2.705,-0.168
1776937085,766022891,robot_4,-0.042,-3.110
1776937085,766046163,robot_0,4.377,-3.245
1776937085,766066141,robot_1,2.373,4.484
1776937085,766083815,robot_2,-1.910,-1.755
1776937085,967975025,robot_3,2.705,-0.168
1776937085,968025409,robot_4,-0.042,-3.110
1776937085,968049423,robot_0,4.377,-3.245
1776937085,968068618,robot_1,2.373,4.484
1776937085,968085859,robot_2,-1.910,-1.755
1776937086,968518872,robot_3,2.705,-0.168
1776937086,968551565,robot_4,-0.042,-3.110
1776937086,968565623,robot_0,4.377,-3.245
1776937086,968577412,robot_1,2.373,4.484
1776937086,968588077,robot_2,-1.910,-1.755
1776937087,185060304,robot_3,2.705,-0.168
1776937087,185100231,robot_4,-0.042,-3.110
1776937087,185121408,robot_0,4.377,-3.245
1776937087,185138485,robot_1,2.373,4.484
1776937087,185154738,robot_2,-1.910,-1.755
1776937087,385567291,robot_3,2.705,-0.168
1776937087,385671607,robot_4,-0.042,-3.110
1776937087,385705523,robot_0,4.377,-3.245
1776937087,385726140,robot_1,2.373,4.484
1776937087,385744332,robot_2,-1.910,-1.755
1776937087,804249896,robot_3,2.705,-0.168
1776937087,804274246,robot_4,-0.042,-3.110
1776937087,804285871,robot_0,4.377,-3.245
1776937087,804294939,robot_1,2.373,4.484
1776937087,804303770,robot_2,-1.910,-1.755
1776937088,224093903,robot_3,2.705,-0.168
1776937088,224121066,robot_4,-0.042,-3.110
1776937088,224134143,robot_0,4.377,-3.245
1776937088,224144798,robot_1,2.373,4.484
1776937088,224154265,robot_2,-1.910,-1.755
1776937088,424547342,robot_3,2.705,-0.168
1776937088,424578816,robot_4,-0.042,-3.110
1776937088,424593545,robot_0,4.377,-3.245
1776937088,424605711,robot_1,2.373,4.484
1776937088,424616218,robot_2,-1.910,-1.755
1776937088,844211222,robot_3,2.705,-0.168
1776937088,844235604,robot_4,-0.042,-3.110
1776937088,844246562,robot_0,4.377,-3.245
1776937088,844256344,robot_1,2.373,4.484
1776937088,844264786,robot_2,-1.910,-1.755
1776937089,263039709,robot_3,2.705,-0.168
1776937089,263061327,robot_4,-0.042,-3.110
1776937089,263070173,robot_0,4.377,-3.245
1776937089,263077536,robot_1,2.373,4.484
1776937089,263084360,robot_2,-1.910,-1.755
1776937089,464346770,robot_3,2.705,-0.168
1776937089,464368484,robot_4,-0.042,-3.110
1776937089,464378388,robot_0,4.377,-3.245
1776937089,464387460,robot_1,2.373,4.484
1776937089,464394990,robot_2,-1.910,-1.755
1776937090,83855302,robot_3,2.705,-0.168
1776937090,83876021,robot_4,-0.042,-3.110
1776937090,83885099,robot_0,4.377,-3.245
1776937090,83891840,robot_1,2.373,4.484
1776937090,83898478,robot_2,-1.910,-1.755
1776937090,284114751,robot_3,2.705,-0.168
1776937090,284141877,robot_4,-0.042,-3.110
1776937090,284160414,robot_0,4.377,-3.245
1776937090,284173641,robot_1,2.373,4.484
1776937090,284186032,robot_2,-1.910,-1.755
1776937090,703669049,robot_3,2.705,-0.168
1776937090,703688828,robot_4,-0.042,-3.110
1776937090,703696694,robot_0,4.377,-3.245
1776937090,703702850,robot_1,2.373,4.484
1776937090,703708486,robot_2,-1.910,-1.755
1776937091,123144796,robot_3,2.705,-0.168
1776937091,123171993,robot_4,-0.042,-3.110
1776937091,123181491,robot_0,4.377,-3.245
1776937091,123188534,robot_1,2.373,4.484
1776937091,123195054,robot_2,-1.910,-1.755
1776937091,324053638,robot_3,2.705,-0.168
1776937091,324069765,robot_4,-0.042,-3.110
1776937091,324077050,robot_0,4.377,-3.245
1776937091,324083377,robot_1,2.373,4.484
1776937091,324089660,robot_2,-1.910,-1.755
1776937092,143575185,robot_3,2.705,-0.168
1776937092,143593833,robot_4,-0.042,-3.110
1776937092,143602296,robot_0,4.377,-3.245
1776937092,143608952,robot_1,2.373,4.484
1776937092,143614396,robot_2,-1.910,-1.755
1776937092,563664652,robot_3,2.705,-0.168
1776937092,563688434,robot_4,-0.042,-3.110
1776937092,563699085,robot_0,4.377,-3.245
1776937092,563707979,robot_1,2.373,4.484
1776937092,563716424,robot_2,-1.910,-1.755
1776937092,764481590,robot_3,2.705,-0.168
1776937092,764498999,robot_4,-0.042,-3.110
1776937092,764508202,robot_0,4.377,-3.245
1776937092,764515333,robot_1,2.373,4.484
1776937092,764522527,robot_2,-1.910,-1.755
1776937093,183512976,robot_3,2.705,-0.168
1776937093,183532204,robot_4,-0.042,-3.110
1776937093,183540318,robot_0,4.377,-3.245
1776937093,183546752,robot_1,2.373,4.484
1776937093,183552459,robot_2,-1.910,-1.755
1776937093,384426476,robot_3,2.705,-0.168
1776937093,384465359,robot_4,-0.042,-3.110
1776937093,384487491,robot_0,4.377,-3.245
1776937093,384505999,robot_1,2.373,4.484
1776937093,384522658,robot_2,-1.910,-1.755
1776937094,203686310,robot_3,2.705,-0.168
1776937094,203705977,robot_4,-0.042,-3.110
1776937094,203713754,robot_0,4.377,-3.245
1776937094,203720718,robot_1,2.373,4.484
1776937094,203727419,robot_2,-1.910,-1.755
1776937094,404117783,robot_3,2.705,-0.168
1776937094,404151534,robot_4,-0.042,-3.110
1776937094,404223341,robot_0,4.377,-3.245
1776937094,404249993,robot_1,2.373,4.484
1776937094,404258467,robot_2,-1.910,-1.755
1776937094,823752107,robot_3,2.705,-0.168
1776937094,823774804,robot_4,-0.042,-3.110
1776937094,823785518,robot_0,4.377,-3.245
1776937094,823793061,robot_1,2.373,4.484
1776937094,823800602,robot_2,-1.910,-1.755
1776937095,24025468,robot_3,2.705,-0.168
1776937095,24055963,robot_4,-0.042,-3.110
1776937095,24070647,robot_0,4.377,-3.245
1776937095,24081877,robot_1,2.373,4.484
1776937095,24094676,robot_2,-1.910,-1.755
1776937095,643451606,robot_3,2.705,-0.168
1776937095,643470925,robot_4,-0.042,-3.110
1776937095,643478700,robot_0,4.377,-3.245
1776937095,643485596,robot_1,2.373,4.484
1776937095,643492347,robot_2,-1.910,-1.755
1776937096,63862864,robot_3,2.705,-0.168
1776937096,63883127,robot_4,-0.042,-3.110
1776937096,63891862,robot_0,4.377,-3.245
1776937096,63899348,robot_1,2.373,4.484
1776937096,63906716,robot_2,-1.910,-1.755
1776937096,683791393,robot_3,2.705,-0.168
1776937096,683815352,robot_4,-0.042,-3.110
1776937096,683825893,robot_0,4.377,-3.245
1776937096,683834673,robot_1,2.373,4.484
1776937096,683843286,robot_2,-1.910,-1.755
1776937096,884131717,robot_3,2.705,-0.168
1776937096,884150559,robot_4,-0.042,-3.110
1776937096,884166050,robot_0,4.377,-3.245
1776937096,884172962,robot_1,2.373,4.484
1776937096,884178966,robot_2,-1.910,-1.755
1776937097,503568380,robot_3,2.705,-0.168
1776937097,503597082,robot_4,-0.042,-3.110
1776937097,503612652,robot_0,4.377,-3.245
1776937097,503625806,robot_1,2.373,4.484
1776937097,503637074,robot_2,-1.910,-1.755
1776937097,704471313,robot_3,2.705,-0.168
1776937097,704488256,robot_4,-0.042,-3.110
1776937097,704495899,robot_0,4.377,-3.245
1776937097,704502106,robot_1,2.373,4.484
1776937097,704508187,robot_2,-1.910,-1.755
1776937097,904782055,robot_3,2.705,-0.168
1776937097,904799188,robot_4,-0.042,-3.110
1776937097,904807292,robot_0,4.377,-3.245
1776937097,904813448,robot_1,2.373,4.484
1776937097,904818956,robot_2,-1.910,-1.755
1776937098,723889372,robot_3,2.705,-0.168
1776937098,723910841,robot_4,-0.042,-3.110
1776937098,723921640,robot_0,4.377,-3.245
1776937098,723930260,robot_1,2.373,4.484
1776937098,723938255,robot_2,-1.910,-1.755
1776937099,143735171,robot_3,2.705,-0.168
1776937099,143758692,robot_4,-0.042,-3.110
1776937099,143769437,robot_0,4.377,-3.245
1776937099,143778616,robot_1,2.373,4.484
1776937099,143787186,robot_2,-1.910,-1.755
1776937099,562710771,robot_3,2.705,-0.168
1776937099,562731133,robot_4,-0.042,-3.110
1776937099,562739432,robot_0,4.377,-3.245
1776937099,562745853,robot_1,2.373,4.484
1776937099,562751818,robot_2,-1.910,-1.755
1776937099,762833380,robot_3,2.705,-0.168
1776937099,762853270,robot_4,-0.042,-3.110
1776937099,762860836,robot_0,4.377,-3.245
1776937099,762866971,robot_1,2.373,4.484
1776937099,762872643,robot_2,-1.910,-1.755
1776937099,963125328,robot_3,2.705,-0.168
1776937099,963146155,robot_4,-0.042,-3.110
1776937099,963155487,robot_0,4.377,-3.245
1776937099,963167095,robot_1,2.373,4.484
1776937099,963173072,robot_2,-1.910,-1.755
1776937100,163444204,robot_3,2.705,-0.168
1776937100,163473819,robot_4,-0.042,-3.110
1776937100,163489683,robot_0,4.377,-3.245
1776937100,163502286,robot_1,2.373,4.484
1776937100,163514221,robot_2,-1.910,-1.755
1776937100,364006481,robot_3,2.705,-0.168
1776937100,364030334,robot_4,-0.042,-3.110
1776937100,364043021,robot_0,4.377,-3.245
1776937100,364054661,robot_1,2.373,4.484
1776937100,364064256,robot_2,-1.910,-1.755
1776937100,784212273,robot_3,2.705,-0.168
1776937100,784242934,robot_4,-0.042,-3.110
1776937100,784258495,robot_0,4.377,-3.245
1776937100,784271649,robot_1,2.373,4.484
1776937100,784283535,robot_2,-1.910,-1.755
1776937101,203592661,robot_3,2.705,-0.168
1776937101,203618840,robot_4,-0.042,-3.110
1776937101,203631256,robot_0,4.377,-3.245
1776937101,203640519,robot_1,2.373,4.484
1776937101,203650368,robot_2,-1.910,-1.755
1776937101,403940887,robot_3,2.705,-0.168
1776937101,403963378,robot_4,-0.042,-3.110
1776937101,403972275,robot_0,4.377,-3.245
1776937101,403978852,robot_1,2.373,4.484
1776937101,403984871,robot_2,-1.910,-1.755
1776937101,823091370,robot_3,2.705,-0.168
1776937101,823110984,robot_4,-0.042,-3.110
1776937101,823119375,robot_0,4.377,-3.245
1776937101,823126263,robot_1,2.373,4.484
1776937101,823132327,robot_2,-1.910,-1.755
1776937102,23438029,robot_3,2.705,-0.168
1776937102,23470084,robot_4,-0.042,-3.110
1776937102,23485679,robot_0,4.377,-3.245
1776937102,23499065,robot_1,2.373,4.484
1776937102,23511836,robot_2,-1.910,-1.755
1776937102,644309869,robot_3,2.705,-0.168
1776937102,644338977,robot_4,-0.042,-3.110
1776937102,644353941,robot_0,4.377,-3.245
1776937102,644367046,robot_1,2.373,4.484
1776937102,644379078,robot_2,-1.910,-1.755
1776937103,263847704,robot_3,2.705,-0.168
1776937103,263868597,robot_4,-0.042,-3.110
1776937103,263877683,robot_0,4.377,-3.245
1776937103,263884797,robot_1,2.373,4.484
1776937103,263891468,robot_2,-1.910,-1.755
1776937103,463919592,robot_3,2.705,-0.168
1776937103,463939905,robot_4,-0.042,-3.110
1776937103,463949208,robot_0,4.377,-3.245
1776937103,463955998,robot_1,2.373,4.484
1776937103,463962883,robot_2,-1.910,-1.755
1776937103,884475720,robot_3,2.705,-0.168
1776937103,884500200,robot_4,-0.042,-3.110
1776937103,884511815,robot_0,4.377,-3.245
1776937103,884521066,robot_1,2.373,4.484
1776937103,884529635,robot_2,-1.910,-1.755
1776937104,508026845,robot_3,2.705,-0.168
1776937104,508056705,robot_4,-0.042,-3.110
1776937104,508069366,robot_0,4.377,-3.245
1776937104,508079284,robot_1,2.373,4.484
1776937104,508089418,robot_2,-1.910,-1.755
1776937104,924498291,robot_3,2.705,-0.168
1776937104,924530042,robot_4,-0.042,-3.110
1776937104,924546487,robot_0,4.377,-3.245
1776937104,924558689,robot_1,2.373,4.484
1776937104,924572319,robot_2,-1.910,-1.755
1776937105,124573533,robot_3,2.705,-0.168
1776937105,124600936,robot_4,-0.042,-3.110
1776937105,124613203,robot_0,4.377,-3.245
1776937105,124623325,robot_1,2.373,4.484
1776937105,124632422,robot_2,-1.910,-1.755
1776937105,324722728,robot_3,2.705,-0.168
1776937105,324752718,robot_4,-0.042,-3.110
1776937105,324766325,robot_0,4.377,-3.245
1776937105,324777354,robot_1,2.373,4.484
1776937105,324787834,robot_2,-1.910,-1.755
1776937105,525040430,robot_3,2.705,-0.168
1776937105,525072025,robot_4,-0.042,-3.110
1776937105,525086867,robot_0,4.377,-3.245
1776937105,525098113,robot_1,2.373,4.484
1776937105,525108705,robot_2,-1.910,-1.755
1776937106,144250089,robot_3,2.705,-0.168
1776937106,144277371,robot_4,-0.042,-3.110
1776937106,144290363,robot_0,4.377,-3.245
1776937106,144300148,robot_1,2.373,4.484
1776937106,144310205,robot_2,-1.910,-1.755
1776937106,964892725,robot_3,2.705,-0.168
1776937106,964921018,robot_4,-0.042,-3.110
1776937106,964932015,robot_0,4.377,-3.245
1776937106,964940975,robot_1,2.373,4.484
1776937106,964950049,robot_2,-1.910,-1.755
1776937107,385503496,robot_3,2.705,-0.168
1776937107,385546988,robot_4,-0.042,-3.110
1776937107,385568810,robot_0,4.377,-3.245
1776937107,385587032,robot_1,2.373,4.484
1776937107,385603264,robot_2,-1.910,-1.755
1776937107,804836062,robot_3,2.705,-0.168
1776937107,804867987,robot_4,-0.042,-3.110
1776937107,804881671,robot_0,4.377,-3.245
1776937107,804893536,robot_1,2.373,4.484
1776937107,804904662,robot_2,-1.910,-1.755
1776937108,5268263,robot_3,2.705,-0.168
1776937108,5304136,robot_4,-0.042,-3.110
1776937108,5319674,robot_0,4.377,-3.245
1776937108,5331697,robot_1,2.373,4.484
1776937108,5343491,robot_2,-1.910,-1.755
1776937108,624840405,robot_3,2.705,-0.168
1776937108,624879577,robot_4,-0.042,-3.110
1776937108,624900051,robot_0,4.377,-3.245
1776937108,624917887,robot_1,2.373,4.484
1776937108,624933683,robot_2,-1.910,-1.755
1776937109,43469478,robot_3,2.705,-0.168
1776937109,43491343,robot_4,-0.042,-3.110
1776937109,43500982,robot_0,4.377,-3.245
1776937109,43508548,robot_1,2.373,4.484
1776937109,43515976,robot_2,-1.910,-1.755
1776937109,243771319,robot_3,2.705,-0.168
1776937109,243793744,robot_4,-0.042,-3.110
1776937109,243803381,robot_0,4.377,-3.245
1776937109,243811914,robot_1,2.373,4.484
1776937109,243819704,robot_2,-1.910,-1.755
1776937109,444803280,robot_3,2.705,-0.168
1776937109,444842750,robot_4,-0.042,-3.110
1776937109,444862227,robot_0,4.377,-3.245
1776937109,444877890,robot_1,2.373,4.484
1776937109,444892263,robot_2,-1.910,-1.755
1776937110,64647627,robot_3,2.705,-0.168
1776937110,64676658,robot_4,-0.042,-3.110
1776937110,64689933,robot_0,4.377,-3.245
1776937110,64701221,robot_1,2.373,4.484
1776937110,64710374,robot_2,-1.910,-1.755
1776937110,684815732,robot_3,2.705,-0.168
1776937110,684843489,robot_4,-0.042,-3.110
1776937110,684857510,robot_0,4.377,-3.245
1776937110,684868742,robot_1,2.373,4.484
1776937110,684878036,robot_2,-1.910,-1.755
1776937110,885378821,robot_3,2.705,-0.168
1776937110,885403365,robot_4,-0.042,-3.110
1776937110,885414282,robot_0,4.377,-3.245
1776937110,885421972,robot_1,2.373,4.484
1776937110,885429547,robot_2,-1.910,-1.755
1776937111,303688102,robot_3,2.705,-0.168
1776937111,303722428,robot_4,-0.042,-3.110
1776937111,303736791,robot_0,4.377,-3.245
1776937111,303749757,robot_1,2.373,4.484
1776937111,303760701,robot_2,-1.910,-1.755
1776937111,504560797,robot_3,2.705,-0.168
1776937111,504586119,robot_4,-0.042,-3.110
1776937111,504597472,robot_0,4.377,-3.245
1776937111,504606474,robot_1,2.373,4.484
1776937111,504615443,robot_2,-1.910,-1.755
1776937111,704692361,robot_3,2.705,-0.168
1776937111,704721400,robot_4,-0.042,-3.110
1776937111,704733069,robot_0,4.377,-3.245
1776937111,704742482,robot_1,2.373,4.484
1776937111,704750855,robot_2,-1.910,-1.755
1776937111,907352830,robot_3,2.705,-0.168
1776937111,907386324,robot_4,-0.042,-3.110
1776937111,907400990,robot_0,4.377,-3.245
1776937111,907412157,robot_1,2.373,4.484
1776937111,907422322,robot_2,-1.910,-1.755
1776937112,324766885,robot_3,2.705,-0.168
1776937112,324798313,robot_4,-0.042,-3.110
1776937112,324813492,robot_0,4.377,-3.245
1776937112,324825624,robot_1,2.373,4.484
1776937112,324836531,robot_2,-1.910,-1.755
1776937113,145163556,robot_3,2.705,-0.168
1776937113,145208277,robot_4,-0.042,-3.110
1776937113,145229272,robot_0,4.377,-3.245
1776937113,145246601,robot_1,2.373,4.484
1776937113,145263253,robot_2,-1.910,-1.755
1776937113,564405031,robot_3,2.705,-0.168
1776937113,564431142,robot_4,-0.042,-3.110
1776937113,564441443,robot_0,4.377,-3.245
1776937113,564450605,robot_1,2.373,4.484
1776937113,564458714,robot_2,-1.910,-1.755
1776937114,385527852,robot_3,2.705,-0.168
1776937114,385558056,robot_4,-0.042,-3.110
1776937114,385572539,robot_0,4.377,-3.245
1776937114,385583457,robot_1,2.373,4.484
1776937114,385594167,robot_2,-1.910,-1.755
1776937114,803619016,robot_3,2.705,-0.168
1776937114,803642500,robot_4,-0.042,-3.110
1776937114,803652519,robot_0,4.377,-3.245
1776937114,803660808,robot_1,2.373,4.484
1776937114,803668917,robot_2,-1.910,-1.755
1776937115,4205003,robot_3,2.705,-0.168
1776937115,4227947,robot_4,-0.042,-3.110
1776937115,4238443,robot_0,4.377,-3.245
1776937115,4246652,robot_1,2.373,4.484
1776937115,4254174,robot_2,-1.910,-1.755
1776937115,623400047,robot_3,2.705,-0.168
1776937115,623421629,robot_4,-0.042,-3.110
1776937115,623430878,robot_0,4.377,-3.245
1776937115,623439003,robot_1,2.373,4.484
1776937115,623445875,robot_2,-1.910,-1.755
1776937115,823811272,robot_3,2.705,-0.168
1776937115,823834684,robot_4,-0.042,-3.110
1776937115,823844722,robot_0,4.377,-3.245
1776937115,823853533,robot_1,2.373,4.484
1776937115,823861846,robot_2,-1.910,-1.755
1776937116,24536244,robot_3,2.705,-0.168
1776937116,24565787,robot_4,-0.042,-3.110
1776937116,24581009,robot_0,4.377,-3.245
1776937116,24595128,robot_1,2.373,4.484
1776937116,24605925,robot_2,-1.910,-1.755
1776937116,643848141,robot_3,2.705,-0.168
1776937116,643871612,robot_4,-0.042,-3.110
1776937116,643880660,robot_0,4.377,-3.245
1776937116,643888812,robot_1,2.373,4.484
1776937116,643896048,robot_2,-1.910,-1.755
1776937117,63697643,robot_3,2.705,-0.168
1776937117,63718491,robot_4,-0.042,-3.110
1776937117,63727477,robot_0,4.377,-3.245
1776937117,63734259,robot_1,2.373,4.484
1776937117,63740750,robot_2,-1.910,-1.755
1776937117,684340057,robot_3,2.705,-0.168
1776937117,684362885,robot_4,-0.042,-3.110
1776937117,684372507,robot_0,4.377,-3.245
1776937117,684380272,robot_1,2.373,4.484
1776937117,684387319,robot_2,-1.910,-1.755
1776937117,884759293,robot_3,2.705,-0.168
1776937117,884779413,robot_4,-0.042,-3.110
1776937117,884787860,robot_0,4.377,-3.245
1776937117,884794456,robot_1,2.373,4.484
1776937117,884801202,robot_2,-1.910,-1.755
1776937118,303063209,robot_3,2.705,-0.168
1776937118,303085126,robot_4,-0.042,-3.110
1776937118,303094774,robot_0,4.377,-3.245
1776937118,303103472,robot_1,2.373,4.484
1776937118,303110718,robot_2,-1.910,-1.755
1776937118,503286777,robot_3,2.705,-0.168
1776937118,503307024,robot_4,-0.042,-3.110
1776937118,503316388,robot_0,4.377,-3.245
1776937118,503322949,robot_1,2.373,4.484
1776937118,503329708,robot_2,-1.910,-1.755
1776937118,703580836,robot_3,2.705,-0.168
1776937118,703605124,robot_4,-0.042,-3.110
1776937118,703616524,robot_0,4.377,-3.245
1776937118,703626662,robot_1,2.373,4.484
1776937118,703634084,robot_2,-1.910,-1.755
1776937118,904521595,robot_3,2.705,-0.168
1776937118,904543257,robot_4,-0.042,-3.110
1776937118,904551887,robot_0,4.377,-3.245
1776937118,904558169,robot_1,2.373,4.484
1776937118,904564264,robot_2,-1.910,-1.755
1776937119,523041792,robot_3,2.705,-0.168
1776937119,523063109,robot_4,-0.042,-3.110
1776937119,523074036,robot_0,4.377,-3.245
1776937119,523081989,robot_1,2.373,4.484
1776937119,523089043,robot_2,-1.910,-1.755
1776937120,543647026,robot_3,2.705,-0.168
1776937120,543669994,robot_4,-0.042,-3.110
1776937120,543679281,robot_0,4.377,-3.245
1776937120,543686602,robot_1,2.373,4.484
1776937120,543694363,robot_2,-1.910,-1.755
1776937120,744293366,robot_3,2.705,-0.168
1776937120,744319469,robot_4,-0.042,-3.110
1776937120,744330425,robot_0,4.377,-3.245
1776937120,744339795,robot_1,2.373,4.484
1776937120,744347842,robot_2,-1.910,-1.755
1776937120,944939364,robot_3,2.705,-0.168
1776937120,944967144,robot_4,-0.042,-3.110
1776937120,944980138,robot_0,4.377,-3.245
1776937120,944989434,robot_1,2.373,4.484
1776937120,944998522,robot_2,-1.910,-1.755
1776937121,145936692,robot_3,2.705,-0.168
1776937121,145975469,robot_4,-0.042,-3.110
1776937121,145994766,robot_0,4.377,-3.245
1776937121,146009382,robot_1,2.373,4.484
1776937121,146022714,robot_2,-1.910,-1.755
1776937121,563894356,robot_3,2.705,-0.168
1776937121,563919351,robot_4,-0.042,-3.110
1776937121,563930492,robot_0,4.377,-3.245
1776937121,563939085,robot_1,2.373,4.484
1776937121,563946667,robot_2,-1.910,-1.755
1776937121,765998593,robot_3,2.705,-0.168
1776937121,766048353,robot_4,-0.042,-3.110
1776937121,766074639,robot_0,4.377,-3.245
1776937121,766098587,robot_1,2.373,4.484
1776937121,766119404,robot_2,-1.910,-1.755
1776937122,184605172,robot_3,2.705,-0.168
1776937122,184632327,robot_4,-0.042,-3.110
1776937122,184645268,robot_0,4.377,-3.245
1776937122,184656207,robot_1,2.373,4.484
1776937122,184665714,robot_2,-1.910,-1.755
1776937123,3531372,robot_3,2.705,-0.168
1776937123,3555598,robot_4,-0.042,-3.110
1776937123,3565896,robot_0,4.377,-3.245
1776937123,3575581,robot_1,2.373,4.484
1776937123,3583857,robot_2,-1.910,-1.755
1776937123,623221603,robot_3,2.705,-0.168
1776937123,623244149,robot_4,-0.042,-3.110
1776937123,623254054,robot_0,4.377,-3.245
1776937123,623262140,robot_1,2.373,4.484
1776937123,623269489,robot_2,-1.910,-1.755
1776937123,823645250,robot_3,2.705,-0.168
1776937123,823666449,robot_4,-0.042,-3.110
1776937123,823676359,robot_0,4.377,-3.245
1776937123,823683461,robot_1,2.373,4.484
1776937123,823689833,robot_2,-1.910,-1.755
1776937124,24488439,robot_3,2.705,-0.168
1776937124,24517371,robot_4,-0.042,-3.110
1776937124,24535523,robot_0,4.377,-3.245
1776937124,24546895,robot_1,2.373,4.484
1776937124,24558427,robot_2,-1.910,-1.755
1776937124,644255424,robot_3,2.705,-0.168
1776937124,644280541,robot_4,-0.042,-3.110
1776937124,644292943,robot_0,4.377,-3.245
1776937124,644301755,robot_1,2.373,4.484
1776937124,644309963,robot_2,-1.910,-1.755
1776937125,63567425,robot_3,2.705,-0.168
1776937125,63603002,robot_4,-0.042,-3.110
1776937125,63621792,robot_0,4.377,-3.245
1776937125,63637650,robot_1,2.373,4.484
1776937125,63651843,robot_2,-1.910,-1.755
1776937125,263602710,robot_3,2.705,-0.168
1776937125,263636259,robot_4,-0.042,-3.110
1776937125,263652283,robot_0,4.377,-3.245
1776937125,263664180,robot_1,2.373,4.484
1776937125,263676728,robot_2,-1.910,-1.755
1776937125,464342664,robot_3,2.705,-0.168
1776937125,464367294,robot_4,-0.042,-3.110
1776937125,464377186,robot_0,4.377,-3.245
1776937125,464385226,robot_1,2.373,4.484
1776937125,464393007,robot_2,-1.910,-1.755
1776937126,284598479,robot_3,2.705,-0.168
1776937126,284637188,robot_4,-0.042,-3.110
1776937126,284657162,robot_0,4.377,-3.245
1776937126,284673773,robot_1,2.373,4.484
1776937126,284690058,robot_2,-1.910,-1.755
1776937126,485492579,robot_3,2.705,-0.168
1776937126,485533620,robot_4,-0.042,-3.110
1776937126,485553497,robot_0,4.377,-3.245
1776937126,485571273,robot_1,2.373,4.484
1776937126,485587550,robot_2,-1.910,-1.755
1776937127,103697448,robot_3,2.705,-0.168
1776937127,103721713,robot_4,-0.042,-3.110
1776937127,103732042,robot_0,4.377,-3.245
1776937127,103739978,robot_1,2.373,4.484
1776937127,103754254,robot_2,-1.910,-1.755
1776937127,724392515,robot_3,2.705,-0.168
1776937127,724420657,robot_4,-0.042,-3.110
1776937127,724433494,robot_0,4.377,-3.245
1776937127,724444187,robot_1,2.373,4.484
1776937127,724453514,robot_2,-1.910,-1.755
1776937127,925019479,robot_3,2.705,-0.168
1776937127,925048817,robot_4,-0.042,-3.110
1776937127,925062365,robot_0,4.377,-3.245
1776937127,925073363,robot_1,2.373,4.484
1776937127,925082831,robot_2,-1.910,-1.755
1776937128,543127066,robot_3,2.705,-0.168
1776937128,543148171,robot_4,-0.042,-3.110
1776937128,543162763,robot_0,4.377,-3.245
1776937128,543171145,robot_1,2.373,4.484
1776937128,543178226,robot_2,-1.910,-1.755
1776937128,744694039,robot_3,2.705,-0.168
1776937128,744730646,robot_4,-0.042,-3.110
1776937128,744750335,robot_0,4.377,-3.245
1776937128,744767127,robot_1,2.373,4.484
1776937128,744782729,robot_2,-1.910,-1.755
1776937129,163694846,robot_3,2.705,-0.168
1776937129,163724814,robot_4,-0.042,-3.110
1776937129,163734140,robot_0,4.377,-3.245
1776937129,163741540,robot_1,2.373,4.484
1776937129,163747762,robot_2,-1.910,-1.755
1776937130,184265429,robot_3,2.705,-0.168
1776937130,184300764,robot_4,-0.042,-3.110
1776937130,184316761,robot_0,4.377,-3.245
1776937130,184331025,robot_1,2.373,4.484
1776937130,184343999,robot_2,-1.910,-1.755
1776937130,384465584,robot_3,2.705,-0.168
1776937130,384498163,robot_4,-0.042,-3.110
1776937130,384514583,robot_0,4.377,-3.245
1776937130,384528693,robot_1,2.373,4.484
1776937130,384541167,robot_2,-1.910,-1.755
1776937130,584582684,robot_3,2.705,-0.168
1776937130,584615485,robot_4,-0.042,-3.110
1776937130,584632657,robot_0,4.377,-3.245
1776937130,584646115,robot_1,2.373,4.484
1776937130,584658485,robot_2,-1.910,-1.755
1776937131,3866515,robot_3,2.705,-0.168
1776937131,3894150,robot_4,-0.042,-3.110
1776937131,3906314,robot_0,4.377,-3.245
1776937131,3915927,robot_1,2.373,4.484
1776937131,3924222,robot_2,-1.910,-1.755
1776937131,204129391,robot_3,2.705,-0.168
1776937131,204160165,robot_4,-0.042,-3.110
1776937131,204174892,robot_0,4.377,-3.245
1776937131,204184925,robot_1,2.373,4.484
1776937131,204193323,robot_2,-1.910,-1.755
1776937131,623631954,robot_3,2.705,-0.168
1776937131,623657056,robot_4,-0.042,-3.110
1776937131,623669087,robot_0,4.377,-3.245
1776937131,623678025,robot_1,2.373,4.484
1776937131,623686053,robot_2,-1.910,-1.755
1776937131,824052902,robot_3,2.705,-0.168
1776937131,824081939,robot_4,-0.042,-3.110
1776937131,824096383,robot_0,4.377,-3.245
1776937131,824108317,robot_1,2.373,4.484
1776937131,824118533,robot_2,-1.910,-1.755
1776937132,24167793,robot_3,2.705,-0.168
1776937132,24195256,robot_4,-0.042,-3.110
1776937132,24206868,robot_0,4.377,-3.245
1776937132,24216380,robot_1,2.373,4.484
1776937132,24225647,robot_2,-1.910,-1.755
1776937132,643935754,robot_3,2.705,-0.168
1776937132,643959460,robot_4,-0.042,-3.110
1776937132,643969988,robot_0,4.377,-3.245
1776937132,643977909,robot_1,2.373,4.484
1776937132,643985452,robot_2,-1.910,-1.755
1776937133,663912432,robot_3,2.705,-0.168
1776937133,663938562,robot_4,-0.042,-3.110
1776937133,663951446,robot_0,4.377,-3.245
1776937133,663962776,robot_1,2.373,4.484
1776937133,663972281,robot_2,-1.910,-1.755
1776937134,284522031,robot_3,2.705,-0.168
1776937134,284546787,robot_4,-0.042,-3.110
1776937134,284558825,robot_0,4.377,-3.245
1776937134,284567561,robot_1,2.373,4.484
1776937134,284575570,robot_2,-1.910,-1.755
1776937134,704358731,robot_3,2.705,-0.168
1776937134,704381696,robot_4,-0.042,-3.110
1776937134,704390969,robot_0,4.377,-3.245
1776937134,704398774,robot_1,2.373,4.484
1776937134,704406555,robot_2,-1.910,-1.755
1776937134,905196071,robot_3,2.705,-0.168
1776937134,905234193,robot_4,-0.042,-3.110
1776937134,905250697,robot_0,4.377,-3.245
1776937134,905265338,robot_1,2.373,4.484
1776937134,905278958,robot_2,-1.910,-1.755
1776937135,524557794,robot_3,2.705,-0.168
1776937135,524611522,robot_4,-0.042,-3.110
1776937135,524634397,robot_0,4.377,-3.245
1776937135,524644936,robot_1,2.373,4.484
1776937135,524653475,robot_2,-1.910,-1.755
1776937135,928107523,robot_3,2.705,-0.168
1776937135,928133332,robot_4,-0.042,-3.110
1776937135,928143914,robot_0,4.377,-3.245
1776937135,928151774,robot_1,2.373,4.484
1776937135,928163794,robot_2,-1.910,-1.755
1776937136,143639163,robot_3,2.705,-0.168
1776937136,143660918,robot_4,-0.042,-3.110
1776937136,143670390,robot_0,4.377,-3.245
1776937136,143678315,robot_1,2.373,4.484
1776937136,143685381,robot_2,-1.910,-1.755
1776937136,343638329,robot_3,2.705,-0.168
1776937136,343659051,robot_4,-0.042,-3.110
1776937136,343668410,robot_0,4.377,-3.245
1776937136,343675432,robot_1,2.373,4.484
1776937136,343682087,robot_2,-1.910,-1.755
1776937136,763152275,robot_3,2.705,-0.168
1776937136,763179548,robot_4,-0.042,-3.110
1776937136,763191129,robot_0,4.377,-3.245
1776937136,763200806,robot_1,2.373,4.484
1776937136,763209048,robot_2,-1.910,-1.755
1776937136,963365475,robot_3,2.705,-0.168
1776937136,963387540,robot_4,-0.042,-3.110
1776937136,963396518,robot_0,4.377,-3.245
1776937136,963403318,robot_1,2.373,4.484
1776937136,963409882,robot_2,-1.910,-1.755
1776937137,163642024,robot_3,2.705,-0.168
1776937137,163667730,robot_4,-0.042,-3.110
1776937137,163678813,robot_0,4.377,-3.245
1776937137,163689026,robot_1,2.373,4.484
1776937137,163698313,robot_2,-1.910,-1.755
1776937137,583737354,robot_3,2.705,-0.168
1776937137,583771189,robot_4,-0.042,-3.110
1776937137,583787877,robot_0,4.377,-3.245
1776937137,583802184,robot_1,2.373,4.484
1776937137,583814831,robot_2,-1.910,-1.755
1776937138,603575903,robot_3,2.705,-0.168
1776937138,603601102,robot_4,-0.042,-3.110
1776937138,603611842,robot_0,4.377,-3.245
1776937138,603621846,robot_1,2.373,4.484
1776937138,603630023,robot_2,-1.910,-1.755
1776937138,803602659,robot_3,2.705,-0.168
1776937138,803627595,robot_4,-0.042,-3.110
1776937138,803638105,robot_0,4.377,-3.245
1776937138,803649744,robot_1,2.373,4.484
1776937138,803659876,robot_2,-1.910,-1.755
1776937139,824173737,robot_3,2.705,-0.168
1776937139,824200106,robot_4,-0.042,-3.110
1776937139,824210110,robot_0,4.377,-3.245
1776937139,824218376,robot_1,2.373,4.484
1776937139,824226021,robot_2,-1.910,-1.755
1776937140,24525921,robot_3,2.705,-0.168
1776937140,24567726,robot_4,-0.042,-3.110
1776937140,24588333,robot_0,4.377,-3.245
1776937140,24607406,robot_1,2.373,4.484
1776937140,24625672,robot_2,-1.910,-1.755
1776937140,643842794,robot_3,2.705,-0.168
1776937140,643866242,robot_4,-0.042,-3.110
1776937140,643876767,robot_0,4.377,-3.245
1776937140,643885726,robot_1,2.373,4.484
1776937140,643894142,robot_2,-1.910,-1.755
1776937141,663361330,robot_3,2.705,-0.168
1776937141,663384828,robot_4,-0.042,-3.110
1776937141,663394351,robot_0,4.377,-3.245
1776937141,663403475,robot_1,2.373,4.484
1776937141,663411007,robot_2,-1.910,-1.755
1776937142,283119814,robot_3,2.705,-0.168
1776937142,283144003,robot_4,-0.042,-3.110
1776937142,283152340,robot_0,4.377,-3.245
1776937142,283166145,robot_1,2.373,4.484
1776937142,283173877,robot_2,-1.910,-1.755
1776937142,483626518,robot_3,2.705,-0.168
1776937142,483647297,robot_4,-0.042,-3.110
1776937142,483656622,robot_0,4.377,-3.245
1776937142,483663263,robot_1,2.373,4.484
1776937142,483670004,robot_2,-1.910,-1.755
1776937142,684101128,robot_3,2.705,-0.168
1776937142,684122453,robot_4,-0.042,-3.110
1776937142,684131481,robot_0,4.377,-3.245
1776937142,684138860,robot_1,2.373,4.484
1776937142,684146010,robot_2,-1.910,-1.755
1776937143,102858329,robot_3,2.705,-0.168
1776937143,102879345,robot_4,-0.042,-3.110
1776937143,102888070,robot_0,4.377,-3.245
1776937143,102895514,robot_1,2.373,4.484
1776937143,102902360,robot_2,-1.910,-1.755
1776937143,303472222,robot_3,2.705,-0.168
1776937143,303494360,robot_4,-0.042,-3.110
1776937143,303503373,robot_0,4.377,-3.245
1776937143,303511287,robot_1,2.373,4.484
1776937143,303518512,robot_2,-1.910,-1.755
1776937143,504284016,robot_3,2.705,-0.168
1776937143,504307867,robot_4,-0.042,-3.110
1776937143,504317432,robot_0,4.377,-3.245
1776937143,504326279,robot_1,2.373,4.484
1776937143,504333755,robot_2,-1.910,-1.755
1776937144,124590743,robot_3,2.705,-0.168
1776937144,124617897,robot_4,-0.042,-3.110
1776937144,124629869,robot_0,4.377,-3.245
1776937144,124639823,robot_1,2.373,4.484
1776937144,124648317,robot_2,-1.910,-1.755
1776937144,744420967,robot_3,2.705,-0.168
1776937144,744444139,robot_4,-0.042,-3.110
1776937144,744454161,robot_0,4.377,-3.245
1776937144,744462207,robot_1,2.373,4.484
1776937144,744469004,robot_2,-1.910,-1.755
1776937144,945498990,robot_3,2.705,-0.168
1776937144,945539200,robot_4,-0.042,-3.110
1776937144,945559659,robot_0,4.377,-3.245
1776937144,945577042,robot_1,2.373,4.484
1776937144,945592337,robot_2,-1.910,-1.755
1776937145,363505788,robot_3,2.705,-0.168
1776937145,363529524,robot_4,-0.042,-3.110
1776937145,363539079,robot_0,4.377,-3.245
1776937145,363547217,robot_1,2.373,4.484
1776937145,363554595,robot_2,-1.910,-1.755
1776937145,564336909,robot_3,2.705,-0.168
1776937145,564366382,robot_4,-0.042,-3.110
1776937145,564379815,robot_0,4.377,-3.245
1776937145,564389437,robot_1,2.373,4.484
1776937145,564398736,robot_2,-1.910,-1.755
1776937145,764408395,robot_3,2.705,-0.168
1776937145,764436743,robot_4,-0.042,-3.110
1776937145,764448948,robot_0,4.377,-3.245
1776937145,764460249,robot_1,2.373,4.484
1776937145,764469998,robot_2,-1.910,-1.755
1776937145,965842739,robot_3,2.705,-0.168
1776937145,965868378,robot_4,-0.042,-3.110
1776937145,965878804,robot_0,4.377,-3.245
1776937145,965887400,robot_1,2.373,4.484
1776937145,965895831,robot_2,-1.910,-1.755
1776937146,383832163,robot_3,2.705,-0.168
1776937146,383856242,robot_4,-0.042,-3.110
1776937146,383866938,robot_0,4.377,-3.245
1776937146,383874633,robot_1,2.373,4.484
1776937146,383882885,robot_2,-1.910,-1.755
1776937146,584304970,robot_3,2.705,-0.168
1776937146,584341512,robot_4,-0.042,-3.110
1776937146,584360325,robot_0,4.377,-3.245
1776937146,584375906,robot_1,2.373,4.484
1776937146,584390697,robot_2,-1.910,-1.755
1776937146,784516328,robot_3,2.705,-0.168
1776937146,784550038,robot_4,-0.042,-3.110
1776937146,784566746,robot_0,4.377,-3.245
1776937146,784581444,robot_1,2.373,4.484
1776937146,784595463,robot_2,-1.910,-1.755
1776937147,203712975,robot_3,2.705,-0.168
1776937147,203734883,robot_4,-0.042,-3.110
1776937147,203743937,robot_0,4.377,-3.245
1776937147,203751236,robot_1,2.373,4.484
1776937147,203758436,robot_2,-1.910,-1.755
1776937147,404608306,robot_3,2.705,-0.168
1776937147,404642990,robot_4,-0.042,-3.110
1776937147,404660955,robot_0,4.377,-3.245
1776937147,404675609,robot_1,2.373,4.484
1776937147,404688815,robot_2,-1.910,-1.755
1776937148,424635897,robot_3,2.705,-0.168
1776937148,424663168,robot_4,-0.042,-3.110
1776937148,424675002,robot_0,4.377,-3.245
1776937148,424685288,robot_1,2.373,4.484
1776937148,424695160,robot_2,-1.910,-1.755
1776937148,844498513,robot_3,2.705,-0.168
1776937148,844522454,robot_4,-0.042,-3.110
1776937148,844533604,robot_0,4.377,-3.245
1776937148,844542167,robot_1,2.373,4.484
1776937148,844550226,robot_2,-1.910,-1.755
1776937149,263981787,robot_3,2.705,-0.168
1776937149,264008977,robot_4,-0.042,-3.110
1776937149,264021582,robot_0,4.377,-3.245
1776937149,264031576,robot_1,2.373,4.484
1776937149,264041624,robot_2,-1.910,-1.755
1776937149,465382489,robot_3,2.705,-0.168
1776937149,465424646,robot_4,-0.042,-3.110
1776937149,465444773,robot_0,4.377,-3.245
1776937149,465462500,robot_1,2.373,4.484
1776937149,465478289,robot_2,-1.910,-1.755
1776937150,84890552,robot_3,2.705,-0.168
1776937150,84921660,robot_4,-0.042,-3.110
1776937150,84935331,robot_0,4.377,-3.245
1776937150,84946089,robot_1,2.373,4.484
1776937150,84956776,robot_2,-1.910,-1.755
1776937150,284935548,robot_3,2.705,-0.168
1776937150,284962760,robot_4,-0.042,-3.110
1776937150,284975342,robot_0,4.377,-3.245
1776937150,284986310,robot_1,2.373,4.484
1776937150,284995606,robot_2,-1.910,-1.755
1776937150,485062004,robot_3,2.705,-0.168
1776937150,485103195,robot_4,-0.042,-3.110
1776937150,485124573,robot_0,4.377,-3.245
1776937150,485142919,robot_1,2.373,4.484
1776937150,485169057,robot_2,-1.910,-1.755
1776937151,704921159,robot_3,2.705,-0.168
1776937151,704956617,robot_4,-0.042,-3.110
1776937151,704973339,robot_0,4.377,-3.245
1776937151,704988098,robot_1,2.373,4.484
1776937151,705001240,robot_2,-1.910,-1.755
1776937152,124522131,robot_3,2.705,-0.168
1776937152,124545459,robot_4,-0.042,-3.110
1776937152,124555882,robot_0,4.377,-3.245
1776937152,124564617,robot_1,2.373,4.484
1776937152,124572870,robot_2,-1.910,-1.755
1776937153,143291104,robot_3,2.705,-0.168
1776937153,143312296,robot_4,-0.042,-3.110
1776937153,143321005,robot_0,4.377,-3.245
1776937153,143328701,robot_1,2.373,4.484
1776937153,143335772,robot_2,-1.910,-1.755
1776937154,164088230,robot_3,2.705,-0.168
1776937154,164111271,robot_4,-0.042,-3.110
1776937154,164121316,robot_0,4.377,-3.245
1776937154,164129106,robot_1,2.373,4.484
1776937154,164135390,robot_2,-1.910,-1.755
1776937154,583732667,robot_3,2.705,-0.168
1776937154,583757319,robot_4,-0.042,-3.110
1776937154,583768302,robot_0,4.377,-3.245
1776937154,583776851,robot_1,2.373,4.484
1776937154,583785623,robot_2,-1.910,-1.755
1776937155,603284889,robot_3,2.705,-0.168
1776937155,603306972,robot_4,-0.042,-3.110
1776937155,603316033,robot_0,4.377,-3.245
1776937155,603324060,robot_1,2.373,4.484
1776937155,603333109,robot_2,-1.910,-1.755
1776937155,804397251,robot_3,2.705,-0.168
1776937155,804417702,robot_4,-0.042,-3.110
1776937155,804427108,robot_0,4.377,-3.245
1776937155,804434565,robot_1,2.373,4.484
1776937155,804441857,robot_2,-1.910,-1.755
1776937156,223750141,robot_3,2.705,-0.168
1776937156,223774611,robot_4,-0.042,-3.110
1776937156,223785096,robot_0,4.377,-3.245
1776937156,223792976,robot_1,2.373,4.484
1776937156,223800217,robot_2,-1.910,-1.755
1776937156,425003180,robot_3,2.705,-0.168
1776937156,425038258,robot_4,-0.042,-3.110
1776937156,425055031,robot_0,4.377,-3.245
1776937156,425068913,robot_1,2.373,4.484
1776937156,425081628,robot_2,-1.910,-1.755
1776937157,244141397,robot_3,2.705,-0.168
1776937157,244178800,robot_4,-0.042,-3.110
1776937157,244195726,robot_0,4.377,-3.245
1776937157,244208059,robot_1,2.373,4.484
1776937157,244219773,robot_2,-1.910,-1.755
1776937157,863534237,robot_3,2.705,-0.168
1776937157,863557136,robot_4,-0.042,-3.110
1776937157,863566886,robot_0,4.377,-3.245
1776937157,863574462,robot_1,2.373,4.484
1776937157,863581682,robot_2,-1.910,-1.755
1776937158,63736423,robot_3,2.705,-0.168
1776937158,63762194,robot_4,-0.042,-3.110
1776937158,63773288,robot_0,4.377,-3.245
1776937158,63783911,robot_1,2.373,4.484
1776937158,63791659,robot_2,-1.910,-1.755
1776937158,685111047,robot_3,2.705,-0.168
1776937158,685143960,robot_4,-0.042,-3.110
1776937158,685170191,robot_0,4.377,-3.245
1776937158,685185347,robot_1,2.373,4.484
1776937158,685195555,robot_2,-1.910,-1.755
1776937158,887460294,robot_3,2.705,-0.168
1776937158,887519874,robot_4,-0.042,-3.110
1776937158,887548448,robot_0,4.377,-3.245
1776937158,887572260,robot_1,2.373,4.484
1776937158,887595225,robot_2,-1.910,-1.755
1776937159,505275735,robot_3,2.705,-0.168
1776937159,505307100,robot_4,-0.042,-3.110
1776937159,505320081,robot_0,4.377,-3.245
1776937159,505330904,robot_1,2.373,4.484
1776937159,505341309,robot_2,-1.910,-1.755
1776937160,124368281,robot_3,2.705,-0.168
1776937160,124398165,robot_4,-0.042,-3.110
1776937160,124413038,robot_0,4.377,-3.245
1776937160,124424724,robot_1,2.373,4.484
1776937160,124436711,robot_2,-1.910,-1.755
1776937160,324551437,robot_3,2.705,-0.168
1776937160,324582144,robot_4,-0.042,-3.110
1776937160,324595944,robot_0,4.377,-3.245
1776937160,324608111,robot_1,2.373,4.484
1776937160,324618246,robot_2,-1.910,-1.755
1776937160,525072616,robot_3,2.705,-0.168
1776937160,525101905,robot_4,-0.042,-3.110
1776937160,525116539,robot_0,4.377,-3.245
1776937160,525128338,robot_1,2.373,4.484
1776937160,525139916,robot_2,-1.910,-1.755
1776937161,144322061,robot_3,2.705,-0.168
1776937161,144348424,robot_4,-0.042,-3.110
1776937161,144361593,robot_0,4.377,-3.245
1776937161,144372036,robot_1,2.373,4.484
1776937161,144380768,robot_2,-1.910,-1.755
1776937161,344531379,robot_3,2.705,-0.168
1776937161,344562372,robot_4,-0.042,-3.110
1776937161,344574442,robot_0,4.377,-3.245
1776937161,344583280,robot_1,2.373,4.484
1776937161,344591489,robot_2,-1.910,-1.755
1776937161,545055302,robot_3,2.705,-0.168
1776937161,545082326,robot_4,-0.042,-3.110
1776937161,545093514,robot_0,4.377,-3.245
1776937161,545103198,robot_1,2.373,4.484
1776937161,545111478,robot_2,-1.910,-1.755
1776937162,563815198,robot_3,2.705,-0.168
1776937162,563838514,robot_4,-0.042,-3.110
1776937162,563849076,robot_0,4.377,-3.245
1776937162,563857189,robot_1,2.373,4.484
1776937162,563865059,robot_2,-1.910,-1.755
1776937163,184119680,robot_3,2.705,-0.168
1776937163,184143647,robot_4,-0.042,-3.110
1776937163,184154683,robot_0,4.377,-3.245
1776937163,184170933,robot_1,2.373,4.484
1776937163,184179223,robot_2,-1.910,-1.755
1776937163,384850478,robot_3,2.705,-0.168
1776937163,384890392,robot_4,-0.042,-3.110
1776937163,384910513,robot_0,4.377,-3.245
1776937163,384927014,robot_1,2.373,4.484
1776937163,384941948,robot_2,-1.910,-1.755
1776937163,584866389,robot_3,2.705,-0.168
1776937163,584901024,robot_4,-0.042,-3.110
1776937163,584918922,robot_0,4.377,-3.245
1776937163,584935815,robot_1,2.373,4.484
1776937163,584950644,robot_2,-1.910,-1.755
1776937164,4370303,robot_3,2.705,-0.168
1776937164,4397845,robot_4,-0.042,-3.110
1776937164,4411315,robot_0,4.377,-3.245
1776937164,4421191,robot_1,2.373,4.484
1776937164,4430558,robot_2,-1.910,-1.755
1776937164,624145928,robot_3,2.705,-0.168
1776937164,624175919,robot_4,-0.042,-3.110
1776937164,624185382,robot_0,4.377,-3.245
1776937164,624193472,robot_1,2.373,4.484
1776937164,624199860,robot_2,-1.910,-1.755
1776937164,824210576,robot_3,2.705,-0.168
1776937164,824233967,robot_4,-0.042,-3.110
1776937164,824244557,robot_0,4.377,-3.245
1776937164,824253077,robot_1,2.373,4.484
1776937164,824260763,robot_2,-1.910,-1.755
1776937165,243569313,robot_3,2.705,-0.168
1776937165,243595042,robot_4,-0.042,-3.110
1776937165,243605908,robot_0,4.377,-3.245
1776937165,243614495,robot_1,2.373,4.484
1776937165,243622902,robot_2,-1.910,-1.755
1776937165,444680456,robot_3,2.705,-0.168
1776937165,444723510,robot_4,-0.042,-3.110
1776937165,444741717,robot_0,4.377,-3.245
1776937165,444756776,robot_1,2.373,4.484
1776937165,444770854,robot_2,-1.910,-1.755
1776937166,64332732,robot_3,2.705,-0.168
1776937166,64356958,robot_4,-0.042,-3.110
1776937166,64368904,robot_0,4.377,-3.245
1776937166,64378508,robot_1,2.373,4.484
1776937166,64387125,robot_2,-1.910,-1.755
1776937166,264357251,robot_3,2.705,-0.168
1776937166,264383012,robot_4,-0.042,-3.110
1776937166,264395609,robot_0,4.377,-3.245
1776937166,264405888,robot_1,2.373,4.484
1776937166,264414984,robot_2,-1.910,-1.755
1776937166,684462818,robot_3,2.705,-0.168
1776937166,684500069,robot_4,-0.042,-3.110
1776937166,684520172,robot_0,4.377,-3.245
1776937166,684537953,robot_1,2.373,4.484
1776937166,684553257,robot_2,-1.910,-1.755
1776937167,303420903,robot_3,2.705,-0.168
1776937167,303440709,robot_4,-0.042,-3.110
1776937167,303449166,robot_0,4.377,-3.245
1776937167,303456124,robot_1,2.373,4.484
1776937167,303462998,robot_2,-1.910,-1.755
1776937167,503446050,robot_3,2.705,-0.168
1776937167,503468627,robot_4,-0.042,-3.110
1776937167,503479144,robot_0,4.377,-3.245
1776937167,503487784,robot_1,2.373,4.484
1776937167,503496129,robot_2,-1.910,-1.755
1776937168,123700663,robot_3,2.705,-0.168
1776937168,123719651,robot_4,-0.042,-3.110
1776937168,123728393,robot_0,4.377,-3.245
1776937168,123735629,robot_1,2.373,4.484
1776937168,123742737,robot_2,-1.910,-1.755
1776937168,543530062,robot_3,2.705,-0.168
1776937168,543555621,robot_4,-0.042,-3.110
1776937168,543564377,robot_0,4.377,-3.245
1776937168,543572148,robot_1,2.373,4.484
1776937168,543578850,robot_2,-1.910,-1.755
1776937169,163110019,robot_3,2.705,-0.168
1776937169,163131356,robot_4,-0.042,-3.110
1776937169,163140290,robot_0,4.377,-3.245
1776937169,163147368,robot_1,2.373,4.484
1776937169,163154249,robot_2,-1.910,-1.755
1776937169,584089524,robot_3,2.705,-0.168
1776937169,584111949,robot_4,-0.042,-3.110
1776937169,584120649,robot_0,4.377,-3.245
1776937169,584128929,robot_1,2.373,4.484
1776937169,584136262,robot_2,-1.910,-1.755
1776937169,784217838,robot_3,2.705,-0.168
1776937169,784251922,robot_4,-0.042,-3.110
1776937169,784268692,robot_0,4.377,-3.245
1776937169,784281959,robot_1,2.373,4.484
1776937169,784294771,robot_2,-1.910,-1.755
1776937169,984241630,robot_3,2.705,-0.168
1776937169,984276868,robot_4,-0.042,-3.110
1776937169,984294643,robot_0,4.377,-3.245
1776937169,984309933,robot_1,2.373,4.484
1776937169,984323154,robot_2,-1.910,-1.755
1776937170,603675447,robot_3,2.705,-0.168
1776937170,603701517,robot_4,-0.042,-3.110
1776937170,603711329,robot_0,4.377,-3.245
1776937170,603720100,robot_1,2.373,4.484
1776937170,603728675,robot_2,-1.910,-1.755
1776937171,23765791,robot_3,2.705,-0.168
1776937171,23791253,robot_4,-0.042,-3.110
1776937171,23803661,robot_0,4.377,-3.245
1776937171,23812655,robot_1,2.373,4.484
1776937171,23822113,robot_2,-1.910,-1.755
1776937171,223929623,robot_3,2.705,-0.168
1776937171,223961004,robot_4,-0.042,-3.110
1776937171,223977340,robot_0,4.377,-3.245
1776937171,223989093,robot_1,2.373,4.484
1776937171,223999415,robot_2,-1.910,-1.755
1776937171,424080791,robot_3,2.705,-0.168
1776937171,424106084,robot_4,-0.042,-3.110
1776937171,424116575,robot_0,4.377,-3.245
1776937171,424125609,robot_1,2.373,4.484
1776937171,424133301,robot_2,-1.910,-1.755
1776937172,428999699,robot_3,2.705,-0.168
1776937172,429023870,robot_4,-0.042,-3.110
1776937172,429035582,robot_0,4.377,-3.245
1776937172,429045960,robot_1,2.373,4.484
1776937172,429054953,robot_2,-1.910,-1.755
1776937172,643922342,robot_3,2.705,-0.168
1776937172,643947325,robot_4,-0.042,-3.110
1776937172,643959072,robot_0,4.377,-3.245
1776937172,643968761,robot_1,2.373,4.484
1776937172,643977261,robot_2,-1.910,-1.755
1776937173,263180556,robot_3,2.705,-0.168
1776937173,263201693,robot_4,-0.042,-3.110
1776937173,263212066,robot_0,4.377,-3.245
1776937173,263220164,robot_1,2.373,4.484
1776937173,263226955,robot_2,-1.910,-1.755
1776937173,464187170,robot_3,2.705,-0.168
1776937173,464210754,robot_4,-0.042,-3.110
1776937173,464220313,robot_0,4.377,-3.245
1776937173,464227559,robot_1,2.373,4.484
1776937173,464234867,robot_2,-1.910,-1.755
1776937173,884022116,robot_3,2.705,-0.168
1776937173,884059316,robot_4,-0.042,-3.110
1776937173,884078006,robot_0,4.377,-3.245
1776937173,884093554,robot_1,2.373,4.484
1776937173,884108260,robot_2,-1.910,-1.755
1776937174,703621583,robot_3,2.705,-0.168
1776937174,703643704,robot_4,-0.042,-3.110
1776937174,703652882,robot_0,4.377,-3.245
1776937174,703660490,robot_1,2.373,4.484
1776937174,703667748,robot_2,-1.910,-1.755
1776937174,903853498,robot_3,2.705,-0.168
1776937174,903877716,robot_4,-0.042,-3.110
1776937174,903886998,robot_0,4.377,-3.245
1776937174,903895407,robot_1,2.373,4.484
1776937174,903903620,robot_2,-1.910,-1.755
1776937175,323641132,robot_3,2.705,-0.168
1776937175,323665734,robot_4,-0.042,-3.110
1776937175,323675106,robot_0,4.377,-3.245
1776937175,323682650,robot_1,2.373,4.484
1776937175,323689408,robot_2,-1.910,-1.755
1776937175,946326695,robot_3,2.705,-0.168
1776937175,946356514,robot_4,-0.042,-3.110
1776937175,946369889,robot_0,4.377,-3.245
1776937175,946380309,robot_1,2.373,4.484
1776937175,946390008,robot_2,-1.910,-1.755
1776937176,564266260,robot_3,2.705,-0.168
1776937176,564296398,robot_4,-0.042,-3.110
1776937176,564310592,robot_0,4.377,-3.245
1776937176,564322873,robot_1,2.373,4.484
1776937176,564334401,robot_2,-1.910,-1.755
1776937176,764348986,robot_3,2.705,-0.168
1776937176,764371477,robot_4,-0.042,-3.110
1776937176,764381671,robot_0,4.377,-3.245
1776937176,764390514,robot_1,2.373,4.484
1776937176,764398279,robot_2,-1.910,-1.755
1776937177,184272511,robot_3,2.705,-0.168
1776937177,184299701,robot_4,-0.042,-3.110
1776937177,184309754,robot_0,4.377,-3.245
1776937177,184318348,robot_1,2.373,4.484
1776937177,184325870,robot_2,-1.910,-1.755
1776937177,385327560,robot_3,2.705,-0.168
1776937177,385353026,robot_4,-0.042,-3.110
1776937177,385364626,robot_0,4.377,-3.245
1776937177,385374135,robot_1,2.373,4.484
1776937177,385382402,robot_2,-1.910,-1.755
1776937177,803439104,robot_3,2.705,-0.168
1776937177,803460532,robot_4,-0.042,-3.110
1776937177,803470193,robot_0,4.377,-3.245
1776937177,803478507,robot_1,2.373,4.484
1776937177,803485744,robot_2,-1.910,-1.755
1776937178,3779217,robot_3,2.705,-0.168
1776937178,3801016,robot_4,-0.042,-3.110
1776937178,3810652,robot_0,4.377,-3.245
1776937178,3817869,robot_1,2.373,4.484
1776937178,3825359,robot_2,-1.910,-1.755
1776937178,623751702,robot_3,2.705,-0.168
1776937178,623780360,robot_4,-0.042,-3.110
1776937178,623793973,robot_0,4.377,-3.245
1776937178,623805649,robot_1,2.373,4.484
1776937178,623815290,robot_2,-1.910,-1.755
1776937178,823830382,robot_3,2.705,-0.168
1776937178,823855450,robot_4,-0.042,-3.110
1776937178,823865900,robot_0,4.377,-3.245
1776937178,823873818,robot_1,2.373,4.484
1776937178,823881132,robot_2,-1.910,-1.755
1776937179,24023081,robot_3,2.705,-0.168
1776937179,24047589,robot_4,-0.042,-3.110
1776937179,24057846,robot_0,4.377,-3.245
1776937179,24066634,robot_1,2.373,4.484
1776937179,24074644,robot_2,-1.910,-1.755
1776937179,224051507,robot_3,2.705,-0.168
1776937179,224094529,robot_4,-0.042,-3.110
1776937179,224116517,robot_0,4.377,-3.245
1776937179,224133907,robot_1,2.373,4.484
1776937179,224150993,robot_2,-1.910,-1.755
1776937179,428525597,robot_3,2.705,-0.168
1776937179,428551632,robot_4,-0.042,-3.110
1776937179,428562596,robot_0,4.377,-3.245
1776937179,428571574,robot_1,2.373,4.484
1776937179,428578723,robot_2,-1.910,-1.755
1776937179,644950992,robot_3,2.705,-0.168
1776937179,644985895,robot_4,-0.042,-3.110
1776937179,645005343,robot_0,4.377,-3.245
1776937179,645021537,robot_1,2.373,4.484
1776937179,645036577,robot_2,-1.910,-1.755
1776937180,64434759,robot_3,2.705,-0.168
1776937180,64463581,robot_4,-0.042,-3.110
1776937180,64476392,robot_0,4.377,-3.245
1776937180,64487474,robot_1,2.373,4.484
1776937180,64497446,robot_2,-1.910,-1.755
1776937180,264641512,robot_3,2.705,-0.168
1776937180,264666765,robot_4,-0.042,-3.110
1776937180,264678699,robot_0,4.377,-3.245
1776937180,264687636,robot_1,2.373,4.484
1776937180,264695291,robot_2,-1.910,-1.755
1776937180,683445961,robot_3,2.705,-0.168
1776937180,683467403,robot_4,-0.042,-3.110
1776937180,683475649,robot_0,4.377,-3.245
1776937180,683482912,robot_1,2.373,4.484
1776937180,683490149,robot_2,-1.910,-1.755
1776937180,884297191,robot_3,2.705,-0.168
1776937180,884324668,robot_4,-0.042,-3.110
1776937180,884338538,robot_0,4.377,-3.245
1776937180,884350186,robot_1,2.373,4.484
1776937180,884360705,robot_2,-1.910,-1.755
1776937181,904791928,robot_3,2.705,-0.168
1776937181,904817630,robot_4,-0.042,-3.110
1776937181,904827540,robot_0,4.377,-3.245
1776937181,904836067,robot_1,2.373,4.484
1776937181,904843724,robot_2,-1.910,-1.755
1776937182,523512425,robot_3,2.705,-0.168
1776937182,523532817,robot_4,-0.042,-3.110
1776937182,523544600,robot_0,4.377,-3.245
1776937182,523553269,robot_1,2.373,4.484
1776937182,523561778,robot_2,-1.910,-1.755
1776937182,724284242,robot_3,2.705,-0.168
1776937182,724311225,robot_4,-0.042,-3.110
1776937182,724320696,robot_0,4.377,-3.245
1776937182,724328067,robot_1,2.373,4.484
1776937182,724336125,robot_2,-1.910,-1.755
1776937183,143950398,robot_3,2.705,-0.168
1776937183,143982941,robot_4,-0.042,-3.110
1776937183,143998344,robot_0,4.377,-3.245
1776937183,144010989,robot_1,2.373,4.484
1776937183,144023027,robot_2,-1.910,-1.755
1776937183,763878670,robot_3,2.705,-0.168
1776937183,763899146,robot_4,-0.042,-3.110
1776937183,763908595,robot_0,4.377,-3.245
1776937183,763915817,robot_1,2.373,4.484
1776937183,763922557,robot_2,-1.910,-1.755
1776937183,964296685,robot_3,2.705,-0.168
1776937183,964320607,robot_4,-0.042,-3.110
1776937183,964330771,robot_0,4.377,-3.245
1776937183,964340183,robot_1,2.373,4.484
1776937183,964348075,robot_2,-1.910,-1.755
1776937184,985521853,robot_3,2.705,-0.168
1776937184,985561970,robot_4,-0.042,-3.110
1776937184,985583169,robot_0,4.377,-3.245
1776937184,985600915,robot_1,2.373,4.484
1776937184,985616842,robot_2,-1.910,-1.755
1776937185,804929065,robot_3,2.705,-0.168
1776937185,804960717,robot_4,-0.042,-3.110
1776937185,804974827,robot_0,4.377,-3.245
1776937185,804985251,robot_1,2.373,4.484
1776937185,804996364,robot_2,-1.910,-1.755
1776937186,5067619,robot_3,2.705,-0.168
1776937186,5099755,robot_4,-0.042,-3.110
1776937186,5114576,robot_0,4.377,-3.245
1776937186,5126802,robot_1,2.373,4.484
1776937186,5137175,robot_2,-1.910,-1.755
1776937186,205352310,robot_3,2.705,-0.168
1776937186,205381622,robot_4,-0.042,-3.110
1776937186,205395495,robot_0,4.377,-3.245
1776937186,205407019,robot_1,2.373,4.484
1776937186,205418530,robot_2,-1.910,-1.755
1776937186,405811084,robot_3,2.705,-0.168
1776937186,405843159,robot_4,-0.042,-3.110
1776937186,405857902,robot_0,4.377,-3.245
1776937186,405870875,robot_1,2.373,4.484
1776937186,405881765,robot_2,-1.910,-1.755
1776937186,823746830,robot_3,2.705,-0.168
1776937186,823771484,robot_4,-0.042,-3.110
1776937186,823781830,robot_0,4.377,-3.245
1776937186,823790966,robot_1,2.373,4.484
1776937186,823798813,robot_2,-1.910,-1.755
1776937187,24101242,robot_3,2.705,-0.168
1776937187,24125933,robot_4,-0.042,-3.110
1776937187,24137759,robot_0,4.377,-3.245
1776937187,24146469,robot_1,2.373,4.484
1776937187,24154656,robot_2,-1.910,-1.755
1776937187,224288335,robot_3,2.705,-0.168
1776937187,224313777,robot_4,-0.042,-3.110
1776937187,224324177,robot_0,4.377,-3.245
1776937187,224333047,robot_1,2.373,4.484
1776937187,224341452,robot_2,-1.910,-1.755
1776937187,425850204,robot_3,2.705,-0.168
1776937187,425892864,robot_4,-0.042,-3.110
1776937187,425913246,robot_0,4.377,-3.245
1776937187,425930765,robot_1,2.373,4.484
1776937187,425946646,robot_2,-1.910,-1.755
1776937187,844012150,robot_3,2.705,-0.168
1776937187,844036575,robot_4,-0.042,-3.110
1776937187,844048386,robot_0,4.377,-3.245
1776937187,844057191,robot_1,2.373,4.484
1776937187,844065676,robot_2,-1.910,-1.755
1776937188,663588873,robot_3,2.705,-0.168
1776937188,663612746,robot_4,-0.042,-3.110
1776937188,663622736,robot_0,4.377,-3.245
1776937188,663632621,robot_1,2.373,4.484
1776937188,663640998,robot_2,-1.910,-1.755
1776937188,863880487,robot_3,2.705,-0.168
1776937188,863901715,robot_4,-0.042,-3.110
1776937188,863911771,robot_0,4.377,-3.245
1776937188,863920113,robot_1,2.373,4.484
1776937188,863928080,robot_2,-1.910,-1.755
1776937189,64018370,robot_3,2.705,-0.168
1776937189,64043091,robot_4,-0.042,-3.110
1776937189,64053693,robot_0,4.377,-3.245
1776937189,64062598,robot_1,2.373,4.484
1776937189,64070964,robot_2,-1.910,-1.755
1776937189,683501114,robot_3,2.705,-0.168
1776937189,683523634,robot_4,-0.042,-3.110
1776937189,683532919,robot_0,4.377,-3.245
1776937189,683540687,robot_1,2.373,4.484
1776937189,683547315,robot_2,-1.910,-1.755
1776937189,884247961,robot_3,2.705,-0.168
1776937189,884272488,robot_4,-0.042,-3.110
1776937189,884288198,robot_0,4.377,-3.245
1776937189,884302968,robot_1,2.373,4.484
1776937189,884316092,robot_2,-1.910,-1.755
1776937190,503548059,robot_3,2.705,-0.168
1776937190,503571025,robot_4,-0.042,-3.110
1776937190,503580412,robot_0,4.377,-3.245
1776937190,503588079,robot_1,2.373,4.484
1776937190,503595415,robot_2,-1.910,-1.755
1776937190,703727626,robot_3,2.705,-0.168
1776937190,703750625,robot_4,-0.042,-3.110
1776937190,703761195,robot_0,4.377,-3.245
1776937190,703770741,robot_1,2.373,4.484
1776937190,703779671,robot_2,-1.910,-1.755
1776937190,904494180,robot_3,2.705,-0.168
1776937190,904517564,robot_4,-0.042,-3.110
1776937190,904529381,robot_0,4.377,-3.245
1776937190,904538036,robot_1,2.373,4.484
1776937190,904546469,robot_2,-1.910,-1.755
1776937191,524068229,robot_3,2.705,-0.168
1776937191,524103080,robot_4,-0.042,-3.110
1776937191,524113418,robot_0,4.377,-3.245
1776937191,524122649,robot_1,2.373,4.484
1776937191,524130309,robot_2,-1.910,-1.755
1776937191,724703781,robot_3,2.705,-0.168
1776937191,724732818,robot_4,-0.042,-3.110
1776937191,724746881,robot_0,4.377,-3.245
1776937191,724758706,robot_1,2.373,4.484
1776937191,724769758,robot_2,-1.910,-1.755
1776937192,143548394,robot_3,2.705,-0.168
1776937192,143572255,robot_4,-0.042,-3.110
1776937192,143582579,robot_0,4.377,-3.245
1776937192,143590675,robot_1,2.373,4.484
1776937192,143598258,robot_2,-1.910,-1.755
1776937192,344771597,robot_3,2.705,-0.168
1776937192,344795989,robot_4,-0.042,-3.110
1776937192,344807508,robot_0,4.377,-3.245
1776937192,344817511,robot_1,2.373,4.484
1776937192,344826197,robot_2,-1.910,-1.755
1776937193,163253690,robot_3,2.705,-0.168
1776937193,163276428,robot_4,-0.042,-3.110
1776937193,163287235,robot_0,4.377,-3.245
1776937193,163295397,robot_1,2.373,4.484
1776937193,163302629,robot_2,-1.910,-1.755
1776937193,363637437,robot_3,2.705,-0.168
1776937193,363662576,robot_4,-0.042,-3.110
1776937193,363674337,robot_0,4.377,-3.245
1776937193,363682813,robot_1,2.373,4.484
1776937193,363690941,robot_2,-1.910,-1.755
1776937193,783687523,robot_3,2.705,-0.168
1776937193,783709018,robot_4,-0.042,-3.110
1776937193,783719168,robot_0,4.377,-3.245
1776937193,783726978,robot_1,2.373,4.484
1776937193,783733615,robot_2,-1.910,-1.755
1776937193,984413491,robot_3,2.705,-0.168
1776937193,984438006,robot_4,-0.042,-3.110
1776937193,984448545,robot_0,4.377,-3.245
1776937193,984456628,robot_1,2.373,4.484
1776937193,984464628,robot_2,-1.910,-1.755
1776937194,184601205,robot_3,2.705,-0.168
1776937194,184625523,robot_4,-0.042,-3.110
1776937194,184635702,robot_0,4.377,-3.245
1776937194,184643182,robot_1,2.373,4.484
1776937194,184651099,robot_2,-1.910,-1.755
1776937194,603034168,robot_3,2.705,-0.168
1776937194,603056426,robot_4,-0.042,-3.110
1776937194,603066871,robot_0,4.377,-3.245
1776937194,603074937,robot_1,2.373,4.484
1776937194,603082610,robot_2,-1.910,-1.755
1776937194,803305515,robot_3,2.705,-0.168
1776937194,803326833,robot_4,-0.042,-3.110
1776937194,803336435,robot_0,4.377,-3.245
1776937194,803344135,robot_1,2.373,4.484
1776937194,803350738,robot_2,-1.910,-1.755
1776937195,4312889,robot_3,2.705,-0.168
1776937195,4334257,robot_4,-0.042,-3.110
1776937195,4342978,robot_0,4.377,-3.245
1776937195,4350298,robot_1,2.373,4.484
1776937195,4357094,robot_2,-1.910,-1.755
1776937195,205940047,robot_3,2.705,-0.168
1776937195,205970256,robot_4,-0.042,-3.110
1776937195,205985968,robot_0,4.377,-3.245
1776937195,205999187,robot_1,2.373,4.484
1776937195,206011631,robot_2,-1.910,-1.755
1776937195,406740606,robot_3,2.705,-0.168
1776937195,406772599,robot_4,-0.042,-3.110
1776937195,406788575,robot_0,4.377,-3.245
1776937195,406802738,robot_1,2.373,4.484
1776937195,406815207,robot_2,-1.910,-1.755
1776937195,823371345,robot_3,2.705,-0.168
1776937195,823394640,robot_4,-0.042,-3.110
1776937195,823405672,robot_0,4.377,-3.245
1776937195,823414151,robot_1,2.373,4.484
1776937195,823421904,robot_2,-1.910,-1.755
1776937196,244019929,robot_3,2.705,-0.168
1776937196,244039914,robot_4,-0.042,-3.110
1776937196,244049402,robot_0,4.377,-3.245
1776937196,244056800,robot_1,2.373,4.484
1776937196,244063410,robot_2,-1.910,-1.755
1776937196,663291307,robot_3,2.705,-0.168
1776937196,663312048,robot_4,-0.042,-3.110
1776937196,663322019,robot_0,4.377,-3.245
1776937196,663329431,robot_1,2.373,4.484
1776937196,663336886,robot_2,-1.910,-1.755
1776937197,83807474,robot_3,2.705,-0.168
1776937197,83840670,robot_4,-0.042,-3.110
1776937197,83856937,robot_0,4.377,-3.245
1776937197,83870625,robot_1,2.373,4.484
1776937197,83882680,robot_2,-1.910,-1.755
1776937197,284450509,robot_3,2.705,-0.168
1776937197,284482839,robot_4,-0.042,-3.110
1776937197,284498488,robot_0,4.377,-3.245
1776937197,284511755,robot_1,2.373,4.484
1776937197,284523431,robot_2,-1.910,-1.755
1776937197,702897925,robot_3,2.705,-0.168
1776937197,702917492,robot_4,-0.042,-3.110
1776937197,702925271,robot_0,4.377,-3.245
1776937197,702931547,robot_1,2.373,4.484
1776937197,702937674,robot_2,-1.910,-1.755
1776937197,902927369,robot_3,2.705,-0.168
1776937197,902948367,robot_4,-0.042,-3.110
1776937197,902956774,robot_0,4.377,-3.245
1776937197,902963002,robot_1,2.373,4.484
1776937197,902969856,robot_2,-1.910,-1.755
1776937198,103418262,robot_3,2.705,-0.168
1776937198,103440749,robot_4,-0.042,-3.110
1776937198,103450248,robot_0,4.377,-3.245
1776937198,103458577,robot_1,2.373,4.484
1776937198,103465717,robot_2,-1.910,-1.755
1776937198,523761249,robot_3,2.705,-0.168
1776937198,523781807,robot_4,-0.042,-3.110
1776937198,523790300,robot_0,4.377,-3.245
1776937198,523797831,robot_1,2.373,4.484
1776937198,523804010,robot_2,-1.910,-1.755
1776937198,723822104,robot_3,2.705,-0.168
1776937198,723842538,robot_4,-0.042,-3.110
1776937198,723851869,robot_0,4.377,-3.245
1776937198,723859019,robot_1,2.373,4.484
1776937198,723865667,robot_2,-1.910,-1.755
1776937198,923920441,robot_3,2.705,-0.168
1776937198,923943181,robot_4,-0.042,-3.110
1776937198,923952319,robot_0,4.377,-3.245
1776937198,923958938,robot_1,2.373,4.484
1776937198,923965097,robot_2,-1.910,-1.755
1776937199,544300924,robot_3,2.705,-0.168
1776937199,544326115,robot_4,-0.042,-3.110
1776937199,544336868,robot_0,4.377,-3.245
1776937199,544345719,robot_1,2.373,4.484
1776937199,544353327,robot_2,-1.910,-1.755
1776937200,164124932,robot_3,2.705,-0.168
1776937200,164163981,robot_4,-0.042,-3.110
1776937200,164181844,robot_0,4.377,-3.245
1776937200,164194814,robot_1,2.373,4.484
1776937200,164206052,robot_2,-1.910,-1.755
1776937200,783531072,robot_3,2.705,-0.168
1776937200,783550917,robot_4,-0.042,-3.110
1776937200,783559098,robot_0,4.377,-3.245
1776937200,783566021,robot_1,2.373,4.484
1776937200,783572350,robot_2,-1.910,-1.755
1776937200,983913220,robot_3,2.705,-0.168
1776937200,983934966,robot_4,-0.042,-3.110
1776937200,983943718,robot_0,4.377,-3.245
1776937200,983951405,robot_1,2.373,4.484
1776937200,983958955,robot_2,-1.910,-1.755
