stamp_sec,stamp_nsec,robot,x,y
1776825888,335135302,robot_4,0.371,-1.141
1776825888,335180338,robot_2,-0.971,0.705
1776825888,335204050,robot_3,-0.971,-0.705
1776825888,335221491,robot_0,1.200,-0.000
1776825888,335239309,robot_1,0.371,1.141
1776825889,563596778,robot_4,0.371,-1.141
1776825889,563618948,robot_2,-0.971,0.705
1776825889,563627361,robot_3,-0.971,-0.705
1776825889,563633709,robot_0,1.200,0.000
1776825889,563640322,robot_1,0.371,1.141
1776825889,764608678,robot_4,0.379,-1.165
1776825889,764626792,robot_2,-0.998,0.725
1776825889,764634272,robot_3,-0.991,-0.720
1776825889,764646065,robot_0,1.225,0.000
1776825889,764652436,robot_1,0.377,1.161
1776825889,984944757,robot_4,0.392,-1.207
1776825889,984962303,robot_2,-1.034,0.751
1776825889,984976907,robot_3,-1.027,-0.745
1776825889,984988705,robot_0,1.269,0.000
1776825889,984994808,robot_1,0.391,1.203
1776825890,203996553,robot_4,0.412,-1.268
1776825890,204020500,robot_2,-1.063,0.772
1776825890,204030466,robot_3,-1.049,-0.761
1776825890,204037444,robot_0,1.325,0.000
1776825890,204045579,robot_1,0.402,1.236
1776825890,404335455,robot_4,0.427,-1.315
1776825890,404356469,robot_2,-1.089,0.792
1776825890,404364516,robot_3,-1.077,-0.780
1776825890,404371627,robot_0,1.373,0.000
1776825890,404378719,robot_1,0.413,1.272
1776825890,624132290,robot_4,0.441,-1.359
1776825890,624150804,robot_2,-1.125,0.817
1776825890,624158825,robot_3,-1.115,-0.807
1776825890,624164382,robot_0,1.417,0.000
1776825890,624170589,robot_1,0.427,1.315
1776825890,824528950,robot_4,0.460,-1.417
1776825890,824548738,robot_2,-1.151,0.836
1776825890,824555860,robot_3,-1.163,-0.841
1776825890,824561742,robot_0,1.487,-0.000
1776825890,824576044,robot_1,0.442,1.357
1776825891,24610803,robot_4,0.475,-1.463
1776825891,24631999,robot_2,-1.180,0.855
1776825891,24641543,robot_3,-1.202,-0.869
1776825891,24648872,robot_0,1.551,-0.000
1776825891,24656014,robot_1,0.455,1.396
1776825891,243002787,robot_4,0.489,-1.504
1776825891,243023437,robot_2,-1.217,0.880
1776825891,243030703,robot_3,-1.241,-0.896
1776825891,243036677,robot_0,1.595,-0.000
1776825891,243042284,robot_1,0.470,1.436
1776825891,443080628,robot_4,0.500,-1.539
1776825891,443099684,robot_2,-1.244,0.898
1776825891,443106715,robot_3,-1.289,-0.930
1776825891,443112299,robot_0,1.668,-0.000
1776825891,443118463,robot_1,0.482,1.470
1776825891,645203379,robot_4,0.512,-1.576
1776825891,645236154,robot_2,-1.274,0.919
1776825891,645252654,robot_3,-1.326,-0.956
1776825891,645265240,robot_0,1.728,-0.000
1776825891,645278385,robot_1,0.493,1.508
1776825891,863648579,robot_4,0.523,-1.612
1776825891,863666836,robot_2,-1.312,0.944
1776825891,863674185,robot_3,-1.367,-0.985
1776825891,863679848,robot_0,1.774,-0.000
1776825891,863685826,robot_1,0.503,1.544
1776825892,83122948,robot_4,0.530,-1.636
1776825892,83141194,robot_2,-1.367,0.982
1776825892,83148325,robot_3,-1.421,-1.023
1776825892,83161020,robot_0,1.829,-0.000
1776825892,83167157,robot_1,0.511,1.570
1776825892,283953636,robot_4,0.540,-1.673
1776825892,283972360,robot_2,-1.406,1.008
1776825892,283987138,robot_3,-1.455,-1.047
1776825892,283992754,robot_0,1.872,-0.000
1776825892,283998743,robot_1,0.522,1.609
1776825892,504098871,robot_4,0.556,-1.729
1776825892,504121056,robot_2,-1.443,1.032
1776825892,504129500,robot_3,-1.503,-1.081
1776825892,504136646,robot_0,1.923,-0.000
1776825892,504143839,robot_1,0.534,1.649
1776825892,723421937,robot_4,0.575,-1.800
1776825892,723440015,robot_2,-1.479,1.057
1776825892,723446952,robot_3,-1.566,-1.125
1776825892,723452821,robot_0,1.992,-0.000
1776825892,723458786,robot_1,0.546,1.690
1776825892,923433378,robot_4,0.586,-1.839
1776825892,923453116,robot_2,-1.512,1.079
1776825892,923462238,robot_3,-1.599,-1.148
1776825892,923470716,robot_0,2.034,-0.000
1776825892,923487346,robot_1,0.557,1.728
1776825893,123836035,robot_4,0.595,-1.871
1776825893,123858729,robot_2,-1.551,1.106
1776825893,123866969,robot_3,-1.623,-1.166
1776825893,123874273,robot_0,2.075,-0.000
1776825893,123881435,robot_1,0.567,1.764
1776825893,324625324,robot_4,0.602,-1.901
1776825893,324654292,robot_2,-1.601,1.139
1776825893,324667445,robot_3,-1.645,-1.182
1776825893,324677944,robot_0,2.115,-0.000
1776825893,324688433,robot_1,0.578,1.801
1776825893,544334568,robot_4,0.611,-1.944
1776825893,544363484,robot_2,-1.639,1.165
1776825893,544376177,robot_3,-1.679,-1.210
1776825893,544385954,robot_0,2.159,-0.000
1776825893,544395980,robot_1,0.590,1.843
1776825893,764160050,robot_4,0.622,-1.998
1776825893,764188213,robot_2,-1.688,1.198
1776825893,764199618,robot_3,-1.729,-1.253
1776825893,764208896,robot_0,2.203,0.000
1776825893,764230509,robot_1,0.599,1.872
1776825893,984062204,robot_4,0.633,-2.049
1776825893,984090054,robot_2,-1.748,1.239
1776825893,984096836,robot_3,-1.778,-1.294
1776825893,984102167,robot_0,2.248,0.002
1776825893,984107691,robot_1,0.610,1.906
1776825894,184104908,robot_4,0.642,-2.088
1776825894,184122590,robot_2,-1.781,1.261
1776825894,184129724,robot_3,-1.809,-1.320
1776825894,184135488,robot_0,2.287,0.005
1776825894,184140996,robot_1,0.623,1.944
1776825894,403955195,robot_4,0.656,-2.151
1776825894,403979438,robot_2,-1.827,1.291
1776825894,403989707,robot_3,-1.864,-1.367
1776825894,403998052,robot_0,2.303,0.007
1776825894,404006562,robot_1,0.640,1.993
1776825894,624909315,robot_4,0.667,-2.204
1776825894,624954091,robot_2,-1.870,1.321
1776825894,624972407,robot_3,-1.910,-1.405
1776825894,624986791,robot_0,2.303,0.007
1776825894,624999643,robot_1,0.653,2.038
1776825894,843410768,robot_4,0.677,-2.250
1776825894,843427607,robot_2,-1.907,1.346
1776825894,843434733,robot_3,-1.944,-1.434
1776825894,843440497,robot_0,2.303,0.007
1776825894,843445783,robot_1,0.665,2.081
1776825895,43606018,robot_4,0.690,-2.304
1776825895,43631303,robot_2,-1.933,1.364
1776825895,43639276,robot_3,-1.977,-1.462
1776825895,43646188,robot_0,2.303,0.008
1776825895,43652422,robot_1,0.676,2.121
1776825895,263192436,robot_4,0.704,-2.351
1776825895,263211162,robot_2,-1.965,1.388
1776825895,263218329,robot_3,-2.011,-1.490
1776825895,263231047,robot_0,2.303,0.008
1776825895,263236772,robot_1,0.688,2.164
1776825895,464955880,robot_4,0.717,-2.394
1776825895,464980679,robot_2,-1.998,1.413
1776825895,464990791,robot_3,-2.048,-1.521
1776825895,465000462,robot_0,2.303,0.008
1776825895,465009970,robot_1,0.697,2.196
1776825895,683252245,robot_4,0.735,-2.451
1776825895,683273640,robot_2,-2.056,1.459
1776825895,683291407,robot_3,-2.107,-1.570
1776825895,683299312,robot_0,2.304,0.008
1776825895,683307070,robot_1,0.704,2.222
1776825895,883332417,robot_4,0.747,-2.490
1776825895,883352694,robot_2,-2.096,1.489
1776825895,883359600,robot_3,-2.142,-1.597
1776825895,883365177,robot_0,2.304,0.009
1776825895,883370723,robot_1,0.715,2.261
1776825896,83370439,robot_4,0.760,-2.530
1776825896,83391562,robot_2,-2.126,1.513
1776825896,83399059,robot_3,-2.169,-1.617
1776825896,83405491,robot_0,2.304,0.009
1776825896,83411434,robot_1,0.729,2.312
1776825896,283479676,robot_4,0.773,-2.570
1776825896,283497455,robot_2,-2.154,1.535
1776825896,283503958,robot_3,-2.188,-1.632
1776825896,283509774,robot_0,2.305,0.009
1776825896,283515205,robot_1,0.745,2.378
1776825896,484121723,robot_4,0.787,-2.608
1776825896,484156396,robot_2,-2.184,1.558
1776825896,484172770,robot_3,-2.217,-1.658
1776825896,484186280,robot_0,2.305,0.009
1776825896,484198366,robot_1,0.754,2.418
1776825896,704353049,robot_4,0.806,-2.662
1776825896,704377094,robot_2,-2.216,1.583
1776825896,704387393,robot_3,-2.252,-1.688
1776825896,704394645,robot_0,2.305,0.009
1776825896,704402162,robot_1,0.768,2.479
1776825896,924754736,robot_4,0.831,-2.730
1776825896,924783353,robot_2,-2.239,1.602
1776825896,924794844,robot_3,-2.288,-1.720
1776825896,924803154,robot_0,2.305,0.009
1776825896,924811425,robot_1,0.784,2.551
1776825897,143249213,robot_4,0.846,-2.771
1776825897,143268571,robot_2,-2.272,1.629
1776825897,143274723,robot_3,-2.321,-1.749
1776825897,143283765,robot_0,2.305,0.009
1776825897,143290627,robot_1,0.794,2.594
1776825897,343844958,robot_4,0.855,-2.796
1776825897,343864183,robot_2,-2.308,1.659
1776825897,343871450,robot_3,-2.341,-1.766
1776825897,343877524,robot_0,2.306,0.008
1776825897,343883060,robot_1,0.808,2.657
1776825897,544560626,robot_4,0.863,-2.820
1776825897,544587325,robot_2,-2.348,1.693
1776825897,544597523,robot_3,-2.361,-1.783
1776825897,544605955,robot_0,2.306,0.008
1776825897,544613593,robot_1,0.822,2.722
1776825897,764531716,robot_4,0.878,-2.862
1776825897,764564877,robot_2,-2.382,1.721
1776825897,764581940,robot_3,-2.394,-1.812
1776825897,764596162,robot_0,2.306,0.008
1776825897,764609078,robot_1,0.830,2.766
1776825897,984984793,robot_4,0.895,-2.908
1776825897,985008685,robot_2,-2.412,1.746
1776825897,985019235,robot_3,-2.435,-1.847
1776825897,985028033,robot_0,2.306,0.008
1776825897,985037216,robot_1,0.844,2.836
1776825898,204228427,robot_4,0.911,-2.951
1776825898,204261066,robot_2,-2.441,1.771
1776825898,204272163,robot_3,-2.472,-1.880
1776825898,204281793,robot_0,2.307,0.007
1776825898,204291580,robot_1,0.855,2.894
1776825898,423037211,robot_4,0.926,-2.995
1776825898,423055905,robot_2,-2.475,1.799
1776825898,423063327,robot_3,-2.507,-1.910
1776825898,423069296,robot_0,2.307,0.007
1776825898,423074756,robot_1,0.863,2.934
1776825898,623938357,robot_4,0.949,-3.058
1776825898,623976505,robot_2,-2.495,1.816
1776825898,623985830,robot_3,-2.549,-1.947
1776825898,623994502,robot_0,2.307,0.007
1776825898,624002566,robot_1,0.869,2.963
1776825898,842926460,robot_4,0.966,-3.111
1776825898,842952815,robot_2,-2.521,1.838
1776825898,842960129,robot_3,-2.586,-1.980
1776825898,842966133,robot_0,2.307,0.006
1776825898,842972380,robot_1,0.877,3.003
1776825899,44721254,robot_4,0.980,-3.154
1776825899,44743309,robot_2,-2.552,1.863
1776825899,44752779,robot_3,-2.620,-2.009
1776825899,44772191,robot_0,2.307,0.006
1776825899,44779203,robot_1,0.884,3.037
1776825899,264029781,robot_4,1.002,-3.226
1776825899,264065973,robot_2,-2.579,1.887
1776825899,264076442,robot_3,-2.679,-2.060
1776825899,264085993,robot_0,2.307,0.006
1776825899,264094859,robot_1,0.888,3.059
1776825899,484300641,robot_4,1.016,-3.275
1776825899,484321674,robot_2,-2.592,1.899
1776825899,484330008,robot_3,-2.717,-2.094
1776825899,484336856,robot_0,2.307,0.006
1776825899,484344285,robot_1,0.894,3.101
1776825899,705950369,robot_4,1.027,-3.316
1776825899,705975092,robot_2,-2.592,1.899
1776825899,705989149,robot_3,-2.758,-2.129
1776825899,706001840,robot_0,2.307,0.006
1776825899,706013088,robot_1,0.902,3.153
1776825899,925011867,robot_4,1.038,-3.355
1776825899,925048227,robot_2,-2.593,1.898
1776825899,925064679,robot_3,-2.805,-2.170
1776825899,925077021,robot_0,2.306,0.005
1776825899,925089204,robot_1,0.911,3.207
1776825900,144776694,robot_4,1.049,-3.398
1776825900,144800288,robot_2,-2.593,1.898
1776825900,144811451,robot_3,-2.838,-2.199
1776825900,144819287,robot_0,2.306,0.005
1776825900,144827064,robot_1,0.917,3.250
1776825900,363517324,robot_4,1.065,-3.457
1776825900,363535574,robot_2,-2.594,1.898
1776825900,363542722,robot_3,-2.884,-2.240
1776825900,363548477,robot_0,2.306,0.005
1776825900,363554048,robot_1,0.922,3.283
1776825900,563973324,robot_4,1.080,-3.509
1776825900,563995177,robot_2,-2.594,1.898
1776825900,564002070,robot_3,-2.924,-2.278
1776825900,564007661,robot_0,2.305,0.005
1776825900,564013190,robot_1,0.928,3.317
1776825900,784073720,robot_4,1.091,-3.552
1776825900,784091872,robot_2,-2.595,1.898
1776825900,784098635,robot_3,-2.956,-2.309
1776825900,784104286,robot_0,2.305,0.005
1776825900,784110144,robot_1,0.934,3.361
1776825901,3008933,robot_4,1.111,-3.625
1776825901,3036969,robot_2,-2.595,1.899
1776825901,3044649,robot_3,-2.999,-2.351
1776825901,3050056,robot_0,2.305,0.005
1776825901,3055915,robot_1,0.947,3.440
1776825901,204830639,robot_4,1.126,-3.683
1776825901,204860116,robot_2,-2.595,1.899
1776825901,204874353,robot_3,-3.035,-2.383
1776825901,204896338,robot_0,2.305,0.014
1776825901,204906871,robot_1,0.955,3.497
1776825901,423860638,robot_4,1.137,-3.727
1776825901,423879362,robot_2,-2.595,1.899
1776825901,423886511,robot_3,-3.067,-2.410
1776825901,423892495,robot_0,2.309,0.082
1776825901,423898980,robot_1,0.961,3.537
1776825901,643781780,robot_4,1.153,-3.789
1776825901,643800821,robot_2,-2.595,1.899
1776825901,643808617,robot_3,-3.088,-2.428
1776825901,643814778,robot_0,2.311,0.129
1776825901,643821414,robot_1,0.966,3.564
1776825901,845493059,robot_4,1.166,-3.831
1776825901,845520034,robot_2,-2.595,1.899
1776825901,845531891,robot_3,-3.116,-2.452
1776825901,845542955,robot_0,2.313,0.152
1776825901,845552897,robot_1,0.971,3.602
1776825902,63721412,robot_4,1.181,-3.881
1776825902,63743721,robot_2,-2.596,1.899
1776825902,63750948,robot_3,-3.150,-2.481
1776825902,63757076,robot_0,2.313,0.152
1776825902,63763013,robot_1,0.977,3.643
1776825902,264776754,robot_4,1.202,-3.946
1776825902,264798279,robot_2,-2.596,1.900
1776825902,264808299,robot_3,-3.183,-2.508
1776825902,264816136,robot_0,2.312,0.152
1776825902,264824486,robot_1,0.981,3.678
1776825902,483952620,robot_4,1.217,-3.994
1776825902,483972733,robot_2,-2.596,1.900
1776825902,483979606,robot_3,-3.217,-2.537
1776825902,483984978,robot_0,2.312,0.152
1776825902,483990420,robot_1,0.987,3.722
1776825902,703387884,robot_4,1.232,-4.044
1776825902,703415954,robot_2,-2.596,1.901
1776825902,703422466,robot_3,-3.257,-2.571
1776825902,703428433,robot_0,2.312,0.152
1776825902,703433700,robot_1,0.992,3.754
1776825902,903746952,robot_4,1.248,-4.096
1776825902,903763940,robot_2,-2.596,1.901
1776825902,903770667,robot_3,-3.301,-2.608
1776825902,903776274,robot_0,2.311,0.153
1776825902,903781830,robot_1,0.995,3.779
1776825903,103999090,robot_4,1.260,-4.134
1776825903,104023448,robot_2,-2.596,1.901
1776825903,104032820,robot_3,-3.332,-2.634
1776825903,104040086,robot_0,2.311,0.153
1776825903,104047027,robot_1,1.001,3.818
1776825903,304378680,robot_4,1.273,-4.175
1776825903,304411494,robot_2,-2.596,1.902
1776825903,304422849,robot_3,-3.374,-2.670
1776825903,304430614,robot_0,2.311,0.153
1776825903,304438865,robot_1,1.008,3.871
1776825903,524403616,robot_4,1.287,-4.223
1776825903,524436210,robot_2,-2.595,1.902
1776825903,524452236,robot_3,-3.435,-2.721
1776825903,524464314,robot_0,2.311,0.154
1776825903,524477776,robot_1,1.017,3.935
1776825903,743332794,robot_4,1.298,-4.266
1776825903,743351609,robot_2,-2.595,1.902
1776825903,743358946,robot_3,-3.469,-2.750
1776825903,743364626,robot_0,2.311,0.154
1776825903,743370739,robot_1,1.023,3.978
1776825903,943723090,robot_4,1.311,-4.313
1776825903,943745583,robot_2,-2.595,1.903
1776825903,943754490,robot_3,-3.499,-2.775
1776825903,943761300,robot_0,2.311,0.154
1776825903,943767597,robot_1,1.031,4.038
1776825904,143727188,robot_4,1.325,-4.359
1776825904,143746740,robot_2,-2.595,1.903
1776825904,143755022,robot_3,-3.525,-2.796
1776825904,143761104,robot_0,2.311,0.154
1776825904,143767800,robot_1,1.037,4.096
1776825904,344318916,robot_4,1.325,-4.361
1776825904,344346392,robot_2,-2.595,1.903
1776825904,344358692,robot_3,-3.525,-2.796
1776825904,344369010,robot_0,2.311,0.154
1776825904,344378916,robot_1,1.041,4.136
1776825904,564421529,robot_4,1.325,-4.361
1776825904,564444555,robot_2,-2.594,1.903
1776825904,564452710,robot_3,-3.525,-2.797
1776825904,564458877,robot_0,2.311,0.154
1776825904,564465719,robot_1,1.047,4.203
1776825904,765439691,robot_4,1.326,-4.361
1776825904,765457942,robot_2,-2.594,1.903
1776825904,765464890,robot_3,-3.525,-2.797
1776825904,765471041,robot_0,2.311,0.155
1776825904,765476751,robot_1,1.052,4.259
1776825904,983774283,robot_4,1.326,-4.361
1776825904,983793871,robot_2,-2.594,1.903
1776825904,983801579,robot_3,-3.525,-2.798
1776825904,983807661,robot_0,2.311,0.155
1776825904,983813832,robot_1,1.056,4.303
1776825905,183993233,robot_4,1.327,-4.362
1776825905,184011488,robot_2,-2.593,1.903
1776825905,184018636,robot_3,-3.525,-2.798
1776825905,184024491,robot_0,2.312,0.155
1776825905,184030388,robot_1,1.061,4.362
1776825905,384365482,robot_4,1.327,-4.362
1776825905,384386498,robot_2,-2.593,1.903
1776825905,384393901,robot_3,-3.525,-2.798
1776825905,384399712,robot_0,2.312,0.156
1776825905,384406476,robot_1,1.066,4.410
1776825905,585167338,robot_4,1.327,-4.362
1776825905,585188287,robot_2,-2.592,1.903
1776825905,585196257,robot_3,-3.525,-2.799
1776825905,585202576,robot_0,2.312,0.156
1776825905,585208058,robot_1,1.070,4.451
1776825905,804262657,robot_4,1.327,-4.362
1776825905,804295334,robot_2,-2.592,1.902
1776825905,804305411,robot_3,-3.525,-2.799
1776825905,804313138,robot_0,2.313,0.156
1776825905,804320388,robot_1,1.076,4.526
1776825906,23736810,robot_4,1.328,-4.363
1776825906,23759102,robot_2,-2.592,1.902
1776825906,23768244,robot_3,-3.526,-2.799
1776825906,23775273,robot_0,2.313,0.156
1776825906,23782338,robot_1,1.081,4.582
1776825906,224601820,robot_4,1.328,-4.363
1776825906,224624740,robot_2,-2.600,1.895
1776825906,224635942,robot_3,-3.526,-2.799
1776825906,224643431,robot_0,2.314,0.156
1776825906,224651479,robot_1,1.086,4.626
1776825906,443708998,robot_4,1.328,-4.363
1776825906,443726962,robot_2,-2.660,1.848
1776825906,443734461,robot_3,-3.526,-2.799
1776825906,443739677,robot_0,2.314,0.156
1776825906,443745162,robot_1,1.092,4.693
1776825906,644870624,robot_4,1.328,-4.363
1776825906,644890498,robot_2,-2.694,1.822
1776825906,644898594,robot_3,-3.526,-2.799
1776825906,644905634,robot_0,2.314,0.156
1776825906,644916103,robot_1,1.097,4.735
1776825906,845076901,robot_4,1.328,-4.363
1776825906,845102462,robot_2,-2.714,1.807
1776825906,845112480,robot_3,-3.526,-2.800
1776825906,845120820,robot_0,2.314,0.156
1776825906,845129380,robot_1,1.116,4.749
1776825907,63935733,robot_4,1.328,-4.364
1776825907,63958871,robot_2,-2.714,1.807
1776825907,63966237,robot_3,-3.526,-2.800
1776825907,63972535,robot_0,2.314,0.156
1776825907,63978645,robot_1,1.102,4.737
1776825907,283464417,robot_4,1.328,-4.364
1776825907,283485460,robot_2,-2.714,1.807
1776825907,283494368,robot_3,-3.527,-2.800
1776825907,283501704,robot_0,2.314,0.155
1776825907,283508796,robot_1,1.082,4.718
1776825907,484353003,robot_4,1.328,-4.364
1776825907,484375943,robot_2,-2.714,1.807
1776825907,484385472,robot_3,-3.527,-2.800
1776825907,484393932,robot_0,2.315,0.155
1776825907,484402567,robot_1,1.085,4.701
1776825907,704097687,robot_4,1.327,-4.365
1776825907,704130881,robot_2,-2.715,1.807
1776825907,704141127,robot_3,-3.528,-2.800
1776825907,704151536,robot_0,2.315,0.155
1776825907,704161160,robot_1,1.094,4.683
1776825907,924421975,robot_4,1.327,-4.365
1776825907,924443690,robot_2,-2.715,1.807
1776825907,924452519,robot_3,-3.528,-2.799
1776825907,924459381,robot_0,2.315,0.154
1776825907,924465595,robot_1,1.110,4.668
1776825908,125174866,robot_4,1.327,-4.365
1776825908,125207304,robot_2,-2.716,1.807
1776825908,125222791,robot_3,-3.528,-2.799
1776825908,125235774,robot_0,2.315,0.154
1776825908,125247410,robot_1,1.116,4.663
1776825908,345150244,robot_4,1.326,-4.365
1776825908,345173583,robot_2,-2.716,1.807
1776825908,345183193,robot_3,-3.529,-2.799
1776825908,345191036,robot_0,2.315,0.154
1776825908,345199031,robot_1,1.115,4.663
1776825908,566180661,robot_4,1.326,-4.365
1776825908,566218346,robot_2,-2.716,1.807
1776825908,566232356,robot_3,-3.523,-2.795
1776825908,566245054,robot_0,2.315,0.153
1776825908,566256815,robot_1,1.114,4.663
1776825908,783891380,robot_4,1.326,-4.365
1776825908,783908587,robot_2,-2.717,1.807
1776825908,783918957,robot_3,-3.505,-2.782
1776825908,783924393,robot_0,2.283,0.160
1776825908,783929917,robot_1,1.114,4.664
1776825908,983977384,robot_4,1.326,-4.365
1776825908,984005346,robot_2,-2.717,1.807
1776825908,984018447,robot_3,-3.474,-2.760
1776825908,984028155,robot_0,2.215,0.172
1776825908,984038453,robot_1,1.114,4.664
1776825909,203456885,robot_4,1.326,-4.365
1776825909,203476622,robot_2,-2.717,1.807
1776825909,203483765,robot_3,-3.425,-2.726
1776825909,203489683,robot_0,2.172,0.180
1776825909,203495356,robot_1,1.114,4.664
1776825909,424163545,robot_4,1.325,-4.365
1776825909,424195843,robot_2,-2.717,1.807
1776825909,424212452,robot_3,-3.359,-2.680
1776825909,424225036,robot_0,2.138,0.186
1776825909,424237289,robot_1,1.114,4.664
1776825909,624195336,robot_4,1.325,-4.365
1776825909,624220049,robot_2,-2.717,1.806
1776825909,624230345,robot_3,-3.325,-2.656
1776825909,624239069,robot_0,2.103,0.192
1776825909,624247187,robot_1,1.114,4.664
1776825909,824633406,robot_4,1.325,-4.365
1776825909,824675161,robot_2,-2.717,1.806
1776825909,824697887,robot_3,-3.293,-2.634
1776825909,824716915,robot_0,2.064,0.199
1776825909,824735317,robot_1,1.114,4.665
1776825910,44012254,robot_4,1.324,-4.365
1776825910,44034809,robot_2,-2.717,1.806
1776825910,44042490,robot_3,-3.258,-2.610
1776825910,44049480,robot_0,2.015,0.207
1776825910,44055600,robot_1,1.114,4.665
1776825910,244778267,robot_4,1.324,-4.365
1776825910,244800446,robot_2,-2.717,1.805
1776825910,244809582,robot_3,-3.226,-2.587
1776825910,244816743,robot_0,1.974,0.214
1776825910,244824120,robot_1,1.114,4.665
1776825910,464693924,robot_4,1.324,-4.365
1776825910,464716318,robot_2,-2.717,1.805
1776825910,464727363,robot_3,-3.174,-2.551
1776825910,464736441,robot_0,1.928,0.221
1776825910,464745827,robot_1,1.113,4.665
1776825910,683935732,robot_4,1.324,-4.364
1776825910,683961611,robot_2,-2.717,1.804
1776825910,683973386,robot_3,-3.124,-2.516
1776825910,683983035,robot_0,1.858,0.232
1776825910,683992605,robot_1,1.110,4.664
1776825910,904302948,robot_4,1.324,-4.364
1776825910,904323598,robot_2,-2.717,1.804
1776825910,904331477,robot_3,-3.087,-2.491
1776825910,904338303,robot_0,1.807,0.241
1776825910,904344686,robot_1,1.109,4.666
1776825911,124205103,robot_4,1.324,-4.364
1776825911,124225789,robot_2,-2.717,1.804
1776825911,124234133,robot_3,-3.049,-2.463
1776825911,124240983,robot_0,1.759,0.248
1776825911,124247096,robot_1,1.109,4.668
1776825911,343171511,robot_4,1.324,-4.364
1776825911,343189101,robot_2,-2.717,1.804
1776825911,343195860,robot_3,-3.012,-2.438
1776825911,343201567,robot_0,1.703,0.256
1776825911,343206544,robot_1,1.109,4.668
1776825911,545587740,robot_4,1.324,-4.364
1776825911,545620259,robot_2,-2.717,1.804
1776825911,545636429,robot_3,-2.982,-2.417
1776825911,545650829,robot_0,1.663,0.260
1776825911,545665011,robot_1,1.109,4.668
1776825911,763429002,robot_4,1.324,-4.363
1776825911,763447427,robot_2,-2.717,1.804
1776825911,763455415,robot_3,-2.959,-2.401
1776825911,763461655,robot_0,1.603,0.266
1776825911,763467382,robot_1,1.109,4.668
1776825911,965173996,robot_4,1.324,-4.363
1776825911,965196085,robot_2,-2.716,1.803
1776825911,965205656,robot_3,-2.928,-2.380
1776825911,965213544,robot_0,1.538,0.272
1776825911,965220722,robot_1,1.109,4.670
1776825912,183891956,robot_4,1.324,-4.363
1776825912,183910884,robot_2,-2.716,1.803
1776825912,183922810,robot_3,-2.896,-2.357
1776825912,183929467,robot_0,1.494,0.276
1776825912,183935532,robot_1,1.110,4.671
1776825912,385321246,robot_4,1.324,-4.362
1776825912,385343977,robot_2,-2.716,1.803
1776825912,385353905,robot_3,-2.871,-2.340
1776825912,385361619,robot_0,1.432,0.282
1776825912,385369495,robot_1,1.111,4.671
1776825912,603901832,robot_4,1.324,-4.362
1776825912,603929899,robot_2,-2.715,1.803
1776825912,603940313,robot_3,-2.834,-2.316
1776825912,603948811,robot_0,1.362,0.289
1776825912,603956992,robot_1,1.113,4.666
1776825912,805200964,robot_4,1.325,-4.362
1776825912,805225197,robot_2,-2.715,1.803
1776825912,805235762,robot_3,-2.788,-2.286
1776825912,805243921,robot_0,1.322,0.293
1776825912,805251930,robot_1,1.117,4.663
1776825913,24257718,robot_4,1.325,-4.361
1776825913,24284055,robot_2,-2.715,1.803
1776825913,24296352,robot_3,-2.722,-2.242
1776825913,24305011,robot_0,1.253,0.299
1776825913,24314723,robot_1,1.118,4.663
1776825913,244656518,robot_4,1.325,-4.361
1776825913,244681686,robot_2,-2.714,1.803
1776825913,244692265,robot_3,-2.684,-2.217
1776825913,244701362,robot_0,1.192,0.305
1776825913,244709502,robot_1,1.118,4.662
1776825913,463656686,robot_4,1.326,-4.361
1776825913,463674765,robot_2,-2.714,1.804
1776825913,463682224,robot_3,-2.640,-2.186
1776825913,463687692,robot_0,1.150,0.309
1776825913,463693365,robot_1,1.118,4.662
1776825913,665246197,robot_4,1.326,-4.361
1776825913,665269210,robot_2,-2.715,1.805
1776825913,665278688,robot_3,-2.602,-2.158
1776825913,665285833,robot_0,1.119,0.312
1776825913,665293483,robot_1,1.118,4.662
1776825913,884271881,robot_4,1.326,-4.361
1776825913,884300798,robot_2,-2.736,1.825
1776825913,884314613,robot_3,-2.567,-2.131
1776825913,884326099,robot_0,1.078,0.316
1776825913,884335829,robot_1,1.063,4.655
1776825914,85367168,robot_4,1.326,-4.361
1776825914,85403265,robot_2,-2.764,1.849
1776825914,85419226,robot_3,-2.524,-2.098
1776825914,85432947,robot_0,1.035,0.320
1776825914,85445608,robot_1,1.007,4.647
1776825914,305011073,robot_4,1.326,-4.361
1776825914,305031858,robot_2,-2.792,1.873
1776825914,305039593,robot_3,-2.483,-2.066
1776825914,305047022,robot_0,0.979,0.327
1776825914,305063659,robot_1,0.965,4.642
1776825914,524282004,robot_4,1.327,-4.362
1776825914,524309016,robot_2,-2.792,1.873
1776825914,524319534,robot_3,-2.447,-2.037
1776825914,524328419,robot_0,0.934,0.335
1776825914,524337869,robot_1,0.964,4.642
1776825914,743349387,robot_4,1.327,-4.362
1776825914,743368129,robot_2,-2.793,1.873
1776825914,743374812,robot_3,-2.393,-1.997
1776825914,743380339,robot_0,0.897,0.342
1776825914,743386353,robot_1,0.964,4.642
1776825914,944614216,robot_4,1.327,-4.362
1776825914,944637697,robot_2,-2.793,1.873
1776825914,944647960,robot_3,-2.355,-1.971
1776825914,944655926,robot_0,0.867,0.346
1776825914,944663913,robot_1,0.964,4.643
1776825915,164930730,robot_4,1.327,-4.362
1776825915,164959473,robot_2,-2.793,1.872
1776825915,164973991,robot_3,-2.318,-1.946
1776825915,164986092,robot_0,0.823,0.352
1776825915,164997112,robot_1,0.963,4.643
1776825915,384058199,robot_4,1.328,-4.363
1776825915,384075975,robot_2,-2.794,1.872
1776825915,384082827,robot_3,-2.281,-1.922
1776825915,384088105,robot_0,0.788,0.356
1776825915,384093380,robot_1,0.963,4.643
1776825915,603915106,robot_4,1.328,-4.363
1776825915,603943942,robot_2,-2.794,1.872
1776825915,603954009,robot_3,-2.245,-1.897
1776825915,603962181,robot_0,0.752,0.360
1776825915,603970399,robot_1,0.962,4.644
1776825915,804469678,robot_4,1.328,-4.363
1776825915,804506045,robot_2,-2.795,1.873
1776825915,804518994,robot_3,-2.214,-1.877
1776825915,804529032,robot_0,0.712,0.365
1776825915,804540186,robot_1,0.962,4.644
1776825916,4474266,robot_4,1.328,-4.363
1776825916,4505619,robot_2,-2.795,1.873
1776825916,4517673,robot_3,-2.184,-1.857
1776825916,4526677,robot_0,0.662,0.371
1776825916,4537224,robot_1,0.962,4.644
1776825916,224317803,robot_4,1.328,-4.363
1776825916,224347243,robot_2,-2.796,1.873
1776825916,224360310,robot_3,-2.148,-1.833
1776825916,224370973,robot_0,0.611,0.378
1776825916,224382236,robot_1,0.961,4.644
1776825916,444430392,robot_4,1.328,-4.364
1776825916,444452244,robot_2,-2.796,1.873
1776825916,444463282,robot_3,-2.093,-1.797
1776825916,444473313,robot_0,0.567,0.383
1776825916,444481862,robot_1,0.961,4.644
1776825916,665828676,robot_4,1.328,-4.364
1776825916,665854488,robot_2,-2.795,1.874
1776825916,665867432,robot_3,-2.033,-1.757
1776825916,665879444,robot_0,0.524,0.388
1776825916,665889757,robot_1,0.961,4.644
1776825916,883344008,robot_4,1.327,-4.364
1776825916,883362183,robot_2,-2.774,1.897
1776825916,883370392,robot_3,-1.997,-1.733
1776825916,883376190,robot_0,0.480,0.393
1776825916,883382544,robot_1,0.961,4.644
1776825917,83940500,robot_4,1.327,-4.365
1776825917,83964293,robot_2,-2.750,1.924
1776825917,83974333,robot_3,-1.939,-1.695
1776825917,83981519,robot_0,0.436,0.399
1776825917,83988925,robot_1,0.961,4.644
1776825917,284062485,robot_4,1.327,-4.365
1776825917,284091395,robot_2,-2.724,1.953
1776825917,284105832,robot_3,-1.888,-1.662
1776825917,284117050,robot_0,0.374,0.406
1776825917,284128067,robot_1,0.960,4.643
1776825917,503174270,robot_4,1.327,-4.365
1776825917,503192093,robot_2,-2.699,1.982
1776825917,503198387,robot_3,-1.851,-1.639
1776825917,503203814,robot_0,0.324,0.412
1776825917,503209445,robot_1,0.960,4.643
1776825917,703820901,robot_4,1.326,-4.365
1776825917,703840519,robot_2,-2.674,2.011
1776825917,703857792,robot_3,-1.833,-1.627
1776825917,703863980,robot_0,0.276,0.418
1776825917,703870004,robot_1,0.960,4.643
1776825917,903875040,robot_4,1.326,-4.365
1776825917,903899961,robot_2,-2.644,2.045
1776825917,903910512,robot_3,-1.806,-1.610
1776825917,903922626,robot_0,0.202,0.426
1776825917,903931090,robot_1,0.959,4.642
1776825918,124110661,robot_4,1.326,-4.365
1776825918,124137397,robot_2,-2.602,2.093
1776825918,124148980,robot_3,-1.770,-1.588
1776825918,124158453,robot_0,0.148,0.432
1776825918,124167676,robot_1,0.959,4.642
1776825918,343544213,robot_4,1.325,-4.360
1776825918,343563309,robot_2,-2.573,2.128
1776825918,343570358,robot_3,-1.742,-1.571
1776825918,343575444,robot_0,0.092,0.438
1776825918,343581029,robot_1,0.959,4.641
1776825918,544180790,robot_4,1.322,-4.295
1776825918,544222663,robot_2,-2.546,2.159
1776825918,544244230,robot_3,-1.710,-1.551
1776825918,544262619,robot_0,0.026,0.444
1776825918,544279674,robot_1,0.959,4.641
1776825918,744673912,robot_4,1.319,-4.244
1776825918,744700350,robot_2,-2.519,2.191
1776825918,744711684,robot_3,-1.676,-1.530
1776825918,744721202,robot_0,-0.014,0.449
1776825918,744729623,robot_1,0.959,4.641
1776825918,963125635,robot_4,1.317,-4.204
1776825918,963142543,robot_2,-2.491,2.224
1776825918,963149584,robot_3,-1.639,-1.507
1776825918,963155270,robot_0,-0.071,0.454
1776825918,963161190,robot_1,0.959,4.641
1776825919,164331651,robot_4,1.315,-4.174
1776825919,164361484,robot_2,-2.459,2.262
1776825919,164376406,robot_3,-1.605,-1.486
1776825919,164389695,robot_0,-0.129,0.460
1776825919,164401556,robot_1,0.959,4.641
1776825919,383353457,robot_4,1.313,-4.131
1776825919,383373055,robot_2,-2.421,2.307
1776825919,383380444,robot_3,-1.565,-1.462
1776825919,383385625,robot_0,-0.172,0.465
1776825919,383391391,robot_1,0.959,4.640
1776825919,583896310,robot_4,1.311,-4.095
1776825919,583920575,robot_2,-2.418,2.310
1776825919,583928536,robot_3,-1.527,-1.439
1776825919,583934824,robot_0,-0.200,0.468
1776825919,583941119,robot_1,0.960,4.640
1776825919,803643443,robot_4,1.309,-4.059
1776825919,803672125,robot_2,-2.419,2.310
1776825919,803681621,robot_3,-1.490,-1.416
1776825919,803689399,robot_0,-0.232,0.472
1776825919,803697673,robot_1,0.960,4.640
1776825920,25644775,robot_4,1.306,-4.015
1776825920,25677623,robot_2,-2.419,2.311
1776825920,25694183,robot_3,-1.437,-1.383
1776825920,25706828,robot_0,-0.275,0.478
1776825920,25719734,robot_1,0.960,4.639
1776825920,244359360,robot_4,1.304,-3.971
1776825920,244379896,robot_2,-2.419,2.311
1776825920,244388837,robot_3,-1.372,-1.343
1776825920,244396085,robot_0,-0.336,0.486
1776825920,244403425,robot_1,0.961,4.639
1776825920,444443349,robot_4,1.302,-3.931
1776825920,444467985,robot_2,-2.419,2.312
1776825920,444478896,robot_3,-1.338,-1.322
1776825920,444488754,robot_0,-0.383,0.493
1776825920,444498354,robot_1,0.961,4.639
1776825920,663997448,robot_4,1.299,-3.887
1776825920,664018621,robot_2,-2.419,2.312
1776825920,664026854,robot_3,-1.309,-1.305
1776825920,664033719,robot_0,-0.429,0.499
1776825920,664040932,robot_1,0.961,4.639
1776825920,864415332,robot_4,1.298,-3.860
1776825920,864436046,robot_2,-2.419,2.312
1776825920,864444852,robot_3,-1.281,-1.288
1776825920,864451644,robot_0,-0.503,0.509
1776825920,864458460,robot_1,0.962,4.639
1776825921,64641879,robot_4,1.296,-3.831
1776825921,64684300,robot_2,-2.419,2.313
1776825921,64706349,robot_3,-1.246,-1.268
1776825921,64724013,robot_0,-0.559,0.517
1776825921,64741885,robot_1,0.962,4.639
1776825921,284124456,robot_4,1.294,-3.787
1776825921,284153878,robot_2,-2.418,2.313
1776825921,284168521,robot_3,-1.182,-1.232
1776825921,284179442,robot_0,-0.607,0.524
1776825921,284190142,robot_1,0.962,4.639
1776825921,484920349,robot_4,1.292,-3.750
1776825921,484945870,robot_2,-2.418,2.313
1776825921,484955837,robot_3,-1.126,-1.200
1776825921,484964543,robot_0,-0.673,0.533
1776825921,484973020,robot_1,0.962,4.639
1776825921,704151159,robot_4,1.290,-3.707
1776825921,704180986,robot_2,-2.413,2.309
1776825921,704194563,robot_3,-1.087,-1.178
1776825921,704207467,robot_0,-0.724,0.540
1776825921,704213961,robot_1,0.962,4.639
1776825921,904551267,robot_4,1.287,-3.667
1776825921,904591691,robot_2,-2.370,2.270
1776825921,904614159,robot_3,-1.027,-1.144
1776825921,904632628,robot_0,-0.759,0.544
1776825921,904649564,robot_1,0.962,4.639
1776825922,124194592,robot_4,1.283,-3.600
1776825922,124217709,robot_2,-2.332,2.238
1776825922,124226875,robot_3,-0.975,-1.114
1776825922,124243909,robot_0,-0.786,0.547
1776825922,124251694,robot_1,0.962,4.639
1776825922,343212081,robot_4,1.279,-3.548
1776825922,343230338,robot_2,-2.293,2.205
1776825922,343236768,robot_3,-0.932,-1.090
1776825922,343242827,robot_0,-0.829,0.553
1776825922,343248093,robot_1,0.961,4.639
1776825922,543539117,robot_4,1.276,-3.512
1776825922,543559554,robot_2,-2.251,2.170
1776825922,543568364,robot_3,-0.875,-1.057
1776825922,543576278,robot_0,-0.884,0.560
1776825922,543584146,robot_1,0.961,4.640
1776825922,744180612,robot_4,1.274,-3.486
1776825922,744205508,robot_2,-2.220,2.145
1776825922,744216206,robot_3,-0.834,-1.034
1776825922,744225683,robot_0,-0.958,0.569
1776825922,744234606,robot_1,0.960,4.640
1776825922,963266291,robot_4,1.270,-3.445
1776825922,963284086,robot_2,-2.180,2.111
1776825922,963290995,robot_3,-0.791,-1.009
1776825922,963297906,robot_0,-1.005,0.575
1776825922,963305092,robot_1,0.960,4.640
1776825923,163696334,robot_4,1.266,-3.405
1776825923,163716970,robot_2,-2.140,2.078
1776825923,163723652,robot_3,-0.742,-0.981
1776825923,163729384,robot_0,-1.038,0.580
1776825923,163734813,robot_1,0.960,4.641
1776825923,364678488,robot_4,1.263,-3.363
1776825923,364700990,robot_2,-2.110,2.052
1776825923,364710807,robot_3,-0.705,-0.960
1776825923,364718399,robot_0,-1.069,0.584
1776825923,364725397,robot_1,0.959,4.641
1776825923,566232150,robot_4,1.259,-3.323
1776825923,566252133,robot_2,-2.080,2.028
1776825923,566259342,robot_3,-0.674,-0.943
1776825923,566265248,robot_0,-1.109,0.589
1776825923,566270906,robot_1,0.959,4.641
1776825923,783612760,robot_4,1.255,-3.276
1776825923,783635758,robot_2,-2.048,2.001
1776825923,783645353,robot_3,-0.651,-0.930
1776825923,783654173,robot_0,-1.162,0.595
1776825923,783661919,robot_1,0.959,4.641
1776825923,984576190,robot_4,1.251,-3.228
1776825923,984596030,robot_2,-2.017,1.976
1776825923,984604212,robot_3,-0.618,-0.910
1776825923,984610971,robot_0,-1.210,0.602
1776825923,984617381,robot_1,0.959,4.641
1776825924,184934473,robot_4,1.247,-3.188
1776825924,184961029,robot_2,-1.994,1.956
1776825924,184975046,robot_3,-0.573,-0.883
1776825924,184984762,robot_0,-1.250,0.607
1776825924,184994983,robot_1,0.959,4.642
1776825924,385705493,robot_4,1.244,-3.145
1776825924,385736593,robot_2,-1.971,1.937
1776825924,385751108,robot_3,-0.508,-0.845
1776825924,385765564,robot_0,-1.275,0.610
1776825924,385773036,robot_1,0.959,4.642
1776825924,604195049,robot_4,1.238,-3.094
1776825924,604214845,robot_2,-1.937,1.909
1776825924,604221750,robot_3,-0.465,-0.820
1776825924,604227272,robot_0,-1.304,0.614
1776825924,604232508,robot_1,0.959,4.642
1776825924,824266547,robot_4,1.231,-3.051
1776825924,824298646,robot_2,-1.899,1.877
1776825924,824314171,robot_3,-0.438,-0.804
1776825924,824327026,robot_0,-1.347,0.619
1776825924,824339076,robot_1,0.960,4.643
1776825925,24991884,robot_4,1.226,-3.022
1776825925,25027203,robot_2,-1.865,1.849
1776825925,25039628,robot_3,-0.418,-0.792
1776825925,25049849,robot_0,-1.396,0.625
1776825925,25058656,robot_1,0.960,4.643
1776825925,244135719,robot_4,1.221,-2.992
1776825925,244183772,robot_2,-1.831,1.821
1776825925,244208816,robot_3,-0.382,-0.767
1776825925,244221078,robot_0,-1.445,0.632
1776825925,244233789,robot_1,0.960,4.644
1776825925,444869217,robot_4,1.215,-2.952
1776825925,444889246,robot_2,-1.806,1.801
1776825925,444895853,robot_3,-0.329,-0.733
1776825925,444901555,robot_0,-1.486,0.637
1776825925,444907443,robot_1,0.961,4.644
1776825925,664098409,robot_4,1.205,-2.891
1776825925,664118481,robot_2,-1.775,1.775
1776825925,664125462,robot_3,-0.267,-0.691
1776825925,664131637,robot_0,-1.547,0.646
1776825925,664137006,robot_1,0.961,4.644
1776825925,883233456,robot_4,1.196,-2.832
1776825925,883251124,robot_2,-1.738,1.745
1776825925,883257525,robot_3,-0.230,-0.667
1776825925,883263570,robot_0,-1.596,0.655
1776825925,883269230,robot_1,0.962,4.644
1776825926,83903291,robot_4,1.189,-2.793
1776825926,83932673,robot_2,-1.692,1.707
1776825926,83941198,robot_3,-0.185,-0.637
1776825926,83948265,robot_0,-1.638,0.663
1776825926,83955631,robot_1,0.962,4.644
1776825926,302931607,robot_4,1.182,-2.751
1776825926,302950341,robot_2,-1.653,1.675
1776825926,302957128,robot_3,-0.142,-0.607
1776825926,302963207,robot_0,-1.692,0.675
1776825926,302968824,robot_1,0.962,4.644
1776825926,503765817,robot_4,1.176,-2.712
1776825926,503783011,robot_2,-1.620,1.648
1776825926,503789951,robot_3,-0.109,-0.584
1776825926,503795511,robot_0,-1.733,0.683
1776825926,503801057,robot_1,0.962,4.644
1776825926,704416527,robot_4,1.170,-2.672
1776825926,704438723,robot_2,-1.582,1.617
1776825926,704448048,robot_3,-0.054,-0.546
1776825926,704456685,robot_0,-1.780,0.693
1776825926,704464450,robot_1,0.962,4.644
1776825926,904531212,robot_4,1.159,-2.606
1776825926,904554563,robot_2,-1.550,1.591
1776825926,904565001,robot_3,-0.010,-0.515
1776825926,904572821,robot_0,-1.846,0.707
1776825926,904580489,robot_1,0.963,4.644
1776825927,123609545,robot_4,1.150,-2.549
1776825927,123628744,robot_2,-1.518,1.565
1776825927,123635621,robot_3,0.028,-0.489
1776825927,123649360,robot_0,-1.894,0.718
1776825927,123654423,robot_1,0.963,4.644
1776825927,324111157,robot_4,1.143,-2.507
1776825927,324130382,robot_2,-1.491,1.543
1776825927,324137283,robot_3,0.082,-0.450
1776825927,324142906,robot_0,-1.931,0.726
1776825927,324148572,robot_1,0.963,4.644
1776825927,524804753,robot_4,1.132,-2.436
1776825927,524834513,robot_2,-1.460,1.518
1776825927,524850792,robot_3,0.123,-0.421
1776825927,524864145,robot_0,-1.964,0.734
1776825927,524876861,robot_1,0.964,4.644
1776825927,743782692,robot_4,1.122,-2.379
1776825927,743807191,robot_2,-1.423,1.488
1776825927,743814588,robot_3,0.161,-0.393
1776825927,743821001,robot_0,-2.006,0.747
1776825927,743834101,robot_1,0.964,4.643
1776825927,944318069,robot_4,1.117,-2.343
1776825927,944338861,robot_2,-1.385,1.458
1776825927,944347961,robot_3,0.202,-0.364
1776825927,944355345,robot_0,-2.044,0.760
1776825927,944362045,robot_1,0.964,4.643
1776825928,163004125,robot_4,1.112,-2.315
1776825928,163024342,robot_2,-1.351,1.430
1776825928,163031302,robot_3,0.239,-0.337
1776825928,163037386,robot_0,-2.086,0.773
1776825928,163043363,robot_1,0.965,4.642
1776825928,363262909,robot_4,1.106,-2.277
1776825928,363281689,robot_2,-1.309,1.395
1776825928,363288840,robot_3,0.273,-0.312
1776825928,363295305,robot_0,-2.124,0.785
1776825928,363300469,robot_1,0.965,4.642
1776825928,563750927,robot_4,1.098,-2.231
1776825928,563771884,robot_2,-1.258,1.352
1776825928,563779071,robot_3,0.310,-0.285
1776825928,563785610,robot_0,-2.156,0.796
1776825928,563791379,robot_1,0.951,4.640
1776825928,783191767,robot_4,1.089,-2.163
1776825928,783208407,robot_2,-1.224,1.322
1776825928,783214338,robot_3,0.345,-0.259
1776825928,783220402,robot_0,-2.191,0.807
1776825928,783225789,robot_1,0.893,4.633
1776825928,983980569,robot_4,1.085,-2.121
1776825928,984003066,robot_2,-1.189,1.289
1776825928,984012033,robot_3,0.378,-0.234
1776825928,984019694,robot_0,-2.229,0.819
1776825928,984026378,robot_1,0.854,4.628
1776825929,202926025,robot_4,1.081,-2.077
1776825929,202943425,robot_2,-1.149,1.255
1776825929,202950582,robot_3,0.415,-0.207
1776825929,202956810,robot_0,-2.266,0.831
1776825929,202962247,robot_1,0.822,4.624
1776825929,403495501,robot_4,1.077,-2.036
1776825929,403516689,robot_2,-1.117,1.230
1776825929,403524641,robot_3,0.447,-0.183
1776825929,403530694,robot_0,-2.302,0.842
1776825929,403536267,robot_1,0.804,4.621
1776825929,603943454,robot_4,1.074,-1.996
1776825929,603973473,robot_2,-1.090,1.208
1776825929,603979900,robot_3,0.490,-0.151
1776825929,603985979,robot_0,-2.340,0.854
1776825929,603991919,robot_1,0.804,4.621
1776825929,804122001,robot_4,1.069,-1.943
1776825929,804140978,robot_2,-1.061,1.186
1776825929,804148294,robot_3,0.544,-0.111
1776825929,804154360,robot_0,-2.395,0.871
1776825929,804159865,robot_1,0.804,4.622
1776825930,5067741,robot_4,1.065,-1.876
1776825930,5096040,robot_2,-1.028,1.163
1776825930,5110013,robot_3,0.577,-0.086
1776825930,5120712,robot_0,-2.447,0.888
1776825930,5131508,robot_1,0.804,4.622
1776825930,224793956,robot_4,1.063,-1.830
1776825930,224825172,robot_2,-1.005,1.146
1776825930,224843451,robot_3,0.628,-0.048
1776825930,224861854,robot_0,-2.489,0.901
1776825930,224874456,robot_1,0.804,4.622
1776825930,444099722,robot_4,1.061,-1.766
1776825930,444120115,robot_2,-0.978,1.126
1776825930,444138077,robot_3,0.691,-0.001
1776825930,444145885,robot_0,-2.515,0.909
1776825930,444152499,robot_1,0.803,4.623
1776825930,663183803,robot_4,1.058,-1.696
1776825930,663201624,robot_2,-0.941,1.100
1776825930,663209216,robot_3,0.726,0.025
1776825930,663214675,robot_0,-2.550,0.920
1776825930,663219943,robot_1,0.803,4.623
1776825930,864457869,robot_4,1.057,-1.657
1776825930,864481609,robot_2,-0.894,1.066
1776825930,864492822,robot_3,0.779,0.065
1776825930,864501640,robot_0,-2.586,0.932
1776825930,864511115,robot_1,0.802,4.623
1776825931,65844661,robot_4,1.054,-1.590
1776825931,65867897,robot_2,-0.855,1.038
1776825931,65877686,robot_3,0.833,0.105
1776825931,65885449,robot_0,-2.617,0.942
1776825931,65892149,robot_1,0.802,4.623
1776825931,284210999,robot_4,1.051,-1.519
1776825931,284232020,robot_2,-0.820,1.012
1776825931,284240979,robot_3,0.868,0.132
1776825931,284248217,robot_0,-2.655,0.956
1776825931,284254763,robot_1,0.802,4.623
1776825931,504328541,robot_4,1.049,-1.474
1776825931,504364193,robot_2,-0.785,0.987
1776825931,504385237,robot_3,0.901,0.156
1776825931,504403604,robot_0,-2.692,0.971
1776825931,504422262,robot_1,0.801,4.623
1776825931,723384659,robot_4,1.048,-1.426
1776825931,723404528,robot_2,-0.748,0.963
1776825931,723412602,robot_3,0.936,0.181
1776825931,723419327,robot_0,-2.721,0.982
1776825931,723425697,robot_1,0.801,4.623
1776825931,924966176,robot_4,1.046,-1.385
1776825931,924984924,robot_2,-0.714,0.942
1776825931,924992523,robot_3,0.968,0.204
1776825931,924998307,robot_0,-2.724,0.983
1776825931,925004121,robot_1,0.801,4.623
1776825932,125069191,robot_4,1.044,-1.346
1776825932,125111216,robot_2,-0.682,0.922
1776825932,125134143,robot_3,0.995,0.223
1776825932,125153206,robot_0,-2.724,0.983
1776825932,125171349,robot_1,0.801,4.623
1776825932,345393382,robot_4,1.043,-1.311
1776825932,345416083,robot_2,-0.645,0.898
1776825932,345426656,robot_3,1.029,0.248
1776825932,345435639,robot_0,-2.725,0.983
1776825932,345443638,robot_1,0.801,4.623
1776825932,545435182,robot_4,1.041,-1.273
1776825932,545462458,robot_2,-0.602,0.871
1776825932,545473531,robot_3,1.058,0.268
1776825932,545483893,robot_0,-2.725,0.982
1776825932,545493280,robot_1,0.800,4.622
1776825932,764272558,robot_4,1.039,-1.221
1776825932,764295606,robot_2,-0.546,0.833
1776825932,764305938,robot_3,1.076,0.281
1776825932,764314300,robot_0,-2.725,0.982
1776825932,764321706,robot_1,0.800,4.622
1776825932,964361312,robot_4,1.037,-1.157
1776825932,964385340,robot_2,-0.513,0.809
1776825932,964395787,robot_3,1.106,0.303
1776825932,964405280,robot_0,-2.726,0.982
1776825932,964412905,robot_1,0.800,4.622
1776825933,183448971,robot_4,1.035,-1.109
1776825933,183466540,robot_2,-0.462,0.770
1776825933,183473202,robot_3,1.136,0.324
1776825933,183478330,robot_0,-2.726,0.982
1776825933,183483382,robot_1,0.800,4.621
1776825933,384411250,robot_4,1.034,-1.074
1776825933,384428609,robot_2,-0.404,0.726
1776825933,384435696,robot_3,1.155,0.338
1776825933,384441094,robot_0,-2.727,0.982
1776825933,384447049,robot_1,0.800,4.621
1776825933,584634656,robot_4,1.032,-1.044
1776825933,584654057,robot_2,-0.372,0.701
1776825933,584660978,robot_3,1.186,0.362
1776825933,584666596,robot_0,-2.727,0.982
1776825933,584672608,robot_1,0.800,4.621
1776825933,803937863,robot_4,1.027,-1.000
1776825933,803961574,robot_2,-0.339,0.676
1776825933,803971647,robot_3,1.217,0.386
1776825933,803978920,robot_0,-2.727,0.982
1776825933,803987511,robot_1,0.800,4.620
1776825934,23183683,robot_4,1.023,-0.963
1776825934,23200799,robot_2,-0.306,0.650
1776825934,23207532,robot_3,1.245,0.409
1776825934,23213479,robot_0,-2.727,0.982
1776825934,23219428,robot_1,0.800,4.620
1776825934,224133912,robot_4,1.019,-0.931
1776825934,224161828,robot_2,-0.274,0.626
1776825934,224175426,robot_3,1.276,0.435
1776825934,224186464,robot_0,-2.727,0.982
1776825934,224197770,robot_1,0.800,4.620
1776825934,424724736,robot_4,1.015,-0.892
1776825934,424771398,robot_2,-0.253,0.609
1776825934,424797531,robot_3,1.301,0.457
1776825934,424819651,robot_0,-2.727,0.983
1776825934,424836124,robot_1,0.800,4.620
1776825934,624978010,robot_4,1.009,-0.837
1776825934,625005539,robot_2,-0.228,0.590
1776825934,625016924,robot_3,1.325,0.478
1776825934,625025875,robot_0,-2.728,0.983
1776825934,625034684,robot_1,0.800,4.620
1776825934,843412854,robot_4,1.003,-0.770
1776825934,843430929,robot_2,-0.193,0.563
1776825934,843438330,robot_3,1.359,0.506
1776825934,843444402,robot_0,-2.728,0.983
1776825934,843450236,robot_1,0.800,4.621
1776825935,43724012,robot_4,1.001,-0.730
1776825935,43743650,robot_2,-0.153,0.533
1776825935,43750861,robot_3,1.382,0.526
1776825935,43756784,robot_0,-2.728,0.983
1776825935,43764211,robot_1,0.800,4.621
1776825935,244089338,robot_4,0.998,-0.677
1776825935,244113023,robot_2,-0.117,0.505
1776825935,244123687,robot_3,1.404,0.546
1776825935,244132411,robot_0,-2.728,0.984
1776825935,244141596,robot_1,0.800,4.622
1776825935,444198855,robot_4,0.995,-0.623
1776825935,444219099,robot_2,-0.086,0.481
1776825935,444227356,robot_3,1.434,0.573
1776825935,444233425,robot_0,-2.728,0.984
1776825935,444239358,robot_1,0.800,4.622
1776825935,664049421,robot_4,0.992,-0.579
1776825935,664073247,robot_2,-0.052,0.455
1776825935,664084052,robot_3,1.472,0.606
1776825935,664092744,robot_0,-2.728,0.984
1776825935,664101061,robot_1,0.801,4.622
1776825935,883509223,robot_4,0.990,-0.542
1776825935,883528410,robot_2,-0.017,0.428
1776825935,883535090,robot_3,1.509,0.639
1776825935,883541183,robot_0,-2.728,0.985
1776825935,883546679,robot_1,0.801,4.623
1776825936,83941385,robot_4,0.989,-0.506
1776825936,83962871,robot_2,0.014,0.405
1776825936,83969603,robot_3,1.538,0.665
1776825936,83975604,robot_0,-2.728,0.985
1776825936,83981094,robot_1,0.802,4.623
1776825936,284865783,robot_4,0.988,-0.466
1776825936,284890586,robot_2,0.043,0.382
1776825936,284903381,robot_3,1.580,0.702
1776825936,284917335,robot_0,-2.728,0.985
1776825936,284927156,robot_1,0.802,4.623
1776825936,503929437,robot_4,0.987,-0.417
1776825936,503947564,robot_2,0.075,0.354
1776825936,503954308,robot_3,1.620,0.738
1776825936,503959974,robot_0,-2.728,0.985
1776825936,503965919,robot_1,0.802,4.623
1776825936,704264469,robot_4,0.986,-0.375
1776825936,704288708,robot_2,0.106,0.326
1776825936,704298765,robot_3,1.649,0.764
1776825936,704307302,robot_0,-2.728,0.985
1776825936,704315458,robot_1,0.802,4.623
1776825936,904325533,robot_4,0.985,-0.336
1776825936,904345874,robot_2,0.138,0.298
1776825936,904354178,robot_3,1.652,0.766
1776825936,904361672,robot_0,-2.728,0.986
1776825936,904368643,robot_1,0.802,4.623
1776825937,124756764,robot_4,0.984,-0.296
1776825937,124782909,robot_2,0.172,0.270
1776825937,124793439,robot_3,1.652,0.766
1776825937,124802163,robot_0,-2.727,0.986
1776825937,124811038,robot_1,0.803,4.623
1776825937,344969099,robot_4,0.984,-0.253
1776825937,344994594,robot_2,0.204,0.243
1776825937,345001413,robot_3,1.653,0.766
1776825937,345008132,robot_0,-2.727,0.986
1776825937,345014079,robot_1,0.803,4.623
1776825937,563571024,robot_4,0.985,-0.204
1776825937,563591213,robot_2,0.234,0.219
1776825937,563598208,robot_3,1.653,0.766
1776825937,563603859,robot_0,-2.727,0.986
1776825937,563609083,robot_1,0.804,4.622
1776825937,783892369,robot_4,0.986,-0.141
1776825937,783921567,robot_2,0.268,0.191
1776825937,783933130,robot_3,1.653,0.766
1776825937,783943571,robot_0,-2.726,0.986
1776825937,783952894,robot_1,0.804,4.622
1776825937,984631606,robot_4,0.986,-0.100
1776825937,984650619,robot_2,0.296,0.167
1776825937,984658062,robot_3,1.654,0.766
1776825937,984663814,robot_0,-2.726,0.986
1776825937,984669473,robot_1,0.804,4.622
1776825938,185262711,robot_4,0.987,-0.068
1776825938,185283423,robot_2,0.326,0.145
1776825938,185291880,robot_3,1.654,0.766
1776825938,185299119,robot_0,-2.726,0.986
1776825938,185306294,robot_1,0.805,4.621
1776825938,403378446,robot_4,0.988,-0.042
1776825938,403395883,robot_2,0.361,0.119
1776825938,403402618,robot_3,1.654,0.766
1776825938,403408059,robot_0,-2.725,0.986
1776825938,403413455,robot_1,0.805,4.621
1776825938,604641723,robot_4,0.992,-0.002
1776825938,604661108,robot_2,0.393,0.096
1776825938,604667197,robot_3,1.655,0.766
1776825938,604673094,robot_0,-2.725,0.986
1776825938,604678966,robot_1,0.805,4.621
1776825938,824280710,robot_4,0.996,0.033
1776825938,824314853,robot_2,0.428,0.070
1776825938,824332865,robot_3,1.655,0.766
1776825938,824348373,robot_0,-2.732,0.975
1776825938,824362816,robot_1,0.772,4.616
1776825939,25124711,robot_4,1.013,0.060
1776825939,25149389,robot_2,0.457,0.047
1776825939,25160631,robot_3,1.655,0.767
1776825939,25169811,robot_0,-2.752,0.944
1776825939,25179477,robot_1,0.711,4.608
1776825939,244939763,robot_4,1.058,0.099
1776825939,244962669,robot_2,0.492,-0.001
1776825939,244972725,robot_3,1.655,0.766
1776825939,244980996,robot_0,-2.776,0.907
1776825939,244989625,robot_1,0.668,4.603
1776825939,464717405,robot_4,1.097,0.128
1776825939,464738229,robot_2,0.523,-0.044
1776825939,464745758,robot_3,1.655,0.767
1776825939,464751699,robot_0,-2.789,0.887
1776825939,464758823,robot_1,0.657,4.601
1776825939,684008680,robot_4,1.129,0.159
1776825939,684030181,robot_2,0.549,-0.078
1776825939,684040021,robot_3,1.655,0.767
1776825939,684047939,robot_0,-2.789,0.887
1776825939,684055448,robot_1,0.657,4.602
1776825939,903779093,robot_4,1.145,0.203
1776825939,903796582,robot_2,0.565,-0.097
1776825939,903803155,robot_3,1.655,0.767
1776825939,903808690,robot_0,-2.789,0.887
1776825939,903814914,robot_1,0.656,4.602
1776825940,104147203,robot_4,1.152,0.261
1776825940,104171945,robot_2,0.595,-0.117
1776825940,104182047,robot_3,1.655,0.768
1776825940,104189753,robot_0,-2.789,0.887
1776825940,104197157,robot_1,0.656,4.602
1776825940,304592303,robot_4,1.157,0.310
1776825940,304613057,robot_2,0.626,-0.139
1776825940,304621411,robot_3,1.655,0.768
1776825940,304628296,robot_0,-2.790,0.887
1776825940,304635788,robot_1,0.656,4.603
1776825940,524655695,robot_4,1.162,0.356
1776825940,524678724,robot_2,0.657,-0.161
1776825940,524688296,robot_3,1.655,0.768
1776825940,524696218,robot_0,-2.790,0.887
1776825940,524704060,robot_1,0.655,4.603
1776825940,744232809,robot_4,1.169,0.433
1776825940,744266505,robot_2,0.693,-0.186
1776825940,744278149,robot_3,1.655,0.769
1776825940,744286625,robot_0,-2.790,0.887
1776825940,744295629,robot_1,0.655,4.603
1776825940,963774708,robot_4,1.154,0.486
1776825940,963796493,robot_2,0.720,-0.205
1776825940,963806052,robot_3,1.662,0.784
1776825940,963813137,robot_0,-2.791,0.887
1776825940,963821010,robot_1,0.655,4.603
1776825941,164895747,robot_4,1.123,0.536
1776825941,164928172,robot_2,0.738,-0.217
1776825941,164943580,robot_3,1.669,0.792
1776825941,164955280,robot_0,-2.791,0.887
1776825941,164966546,robot_1,0.654,4.603
1776825941,365233956,robot_4,1.093,0.601
1776825941,365259531,robot_2,0.770,-0.240
1776825941,365271415,robot_3,1.676,0.798
1776825941,365281372,robot_0,-2.791,0.886
1776825941,365290625,robot_1,0.654,4.603
1776825941,583363402,robot_4,1.087,0.650
1776825941,583382347,robot_2,0.822,-0.277
1776825941,583388366,robot_3,1.677,0.798
1776825941,583393840,robot_0,-2.791,0.886
1776825941,583399476,robot_1,0.654,4.603
1776825941,783875782,robot_4,1.093,0.701
1776825941,783896012,robot_2,0.876,-0.316
1776825941,783905222,robot_3,1.675,0.797
1776825941,783917645,robot_0,-2.791,0.886
1776825941,783928035,robot_1,0.654,4.603
1776825941,986329563,robot_4,1.103,0.772
1776825941,986360142,robot_2,0.908,-0.340
1776825941,986376657,robot_3,1.673,0.795
1776825941,986389832,robot_0,-2.791,0.886
1776825941,986401975,robot_1,0.654,4.603
1776825942,204531430,robot_4,1.110,0.820
1776825942,204557075,robot_2,0.963,-0.382
1776825942,204567805,robot_3,1.671,0.793
1776825942,204576994,robot_0,-2.791,0.886
1776825942,204585570,robot_1,0.653,4.603
1776825942,404982332,robot_4,1.116,0.861
1776825942,405006060,robot_2,1.018,-0.423
1776825942,405016436,robot_3,1.670,0.791
1776825942,405024821,robot_0,-2.791,0.886
1776825942,405033537,robot_1,0.653,4.603
1776825942,623870841,robot_4,1.123,0.908
1776825942,623897259,robot_2,1.053,-0.450
1776825942,623908389,robot_3,1.669,0.788
1776825942,623924929,robot_0,-2.791,0.885
1776825942,623932996,robot_1,0.653,4.602
1776825942,825726323,robot_4,1.128,0.947
1776825942,825756480,robot_2,1.105,-0.489
1776825942,825769848,robot_3,1.669,0.787
1776825942,825781076,robot_0,-2.791,0.885
1776825942,825792156,robot_1,0.652,4.602
1776825943,44601076,robot_4,1.136,1.002
1776825943,44632816,robot_2,1.156,-0.527
1776825943,44640093,robot_3,1.669,0.786
1776825943,44645834,robot_0,-2.791,0.885
1776825943,44651568,robot_1,0.652,4.602
1776825943,263497326,robot_4,1.141,1.057
1776825943,263514224,robot_2,1.193,-0.555
1776825943,263520719,robot_3,1.670,0.786
1776825943,263525883,robot_0,-2.791,0.885
1776825943,263531019,robot_1,0.652,4.601
1776825943,464323154,robot_4,1.145,1.097
1776825943,464349646,robot_2,1.238,-0.588
1776825943,464361058,robot_3,1.671,0.786
1776825943,464370113,robot_0,-2.791,0.884
1776825943,464380677,robot_1,0.652,4.601
1776825943,665796726,robot_4,1.149,1.127
1776825943,665819509,robot_2,1.276,-0.614
1776825943,665829254,robot_3,1.671,0.786
1776825943,665837659,robot_0,-2.790,0.884
1776825943,665845047,robot_1,0.652,4.600
1776825943,883413568,robot_4,1.155,1.164
1776825943,883432508,robot_2,1.311,-0.638
1776825943,883439239,robot_3,1.671,0.786
1776825943,883445510,robot_0,-2.790,0.884
1776825943,883451039,robot_1,0.652,4.600
1776825944,83468153,robot_4,1.161,1.204
1776825944,83485988,robot_2,1.339,-0.656
1776825944,83492683,robot_3,1.671,0.786
1776825944,83498308,robot_0,-2.790,0.884
1776825944,83503583,robot_1,0.652,4.600
1776825944,284036445,robot_4,1.171,1.267
1776825944,284054693,robot_2,1.371,-0.678
1776825944,284061253,robot_3,1.670,0.786
1776825944,284066589,robot_0,-2.776,0.912
1776825944,284071884,robot_1,0.652,4.600
1776825944,502805537,robot_4,1.181,1.327
1776825944,502823155,robot_2,1.413,-0.706
1776825944,502829938,robot_3,1.670,0.786
1776825944,502835918,robot_0,-2.750,0.967
1776825944,502841528,robot_1,0.652,4.600
1776825944,704444249,robot_4,1.188,1.367
1776825944,704463719,robot_2,1.475,-0.748
1776825944,704471396,robot_3,1.670,0.785
1776825944,704477473,robot_0,-2.733,1.004
1776825944,704483061,robot_1,0.653,4.599
1776825944,904881248,robot_4,1.197,1.423
1776825944,904909026,robot_2,1.518,-0.777
1776825944,904929792,robot_3,1.670,0.785
1776825944,904939859,robot_0,-2.719,1.037
1776825944,904949011,robot_1,0.653,4.599
1776825945,124537533,robot_4,1.207,1.474
1776825945,124556205,robot_2,1.561,-0.807
1776825945,124563268,robot_3,1.670,0.785
1776825945,124569751,robot_0,-2.702,1.074
1776825945,124575851,robot_1,0.653,4.599
1776825945,344242681,robot_4,1.217,1.516
1776825945,344264239,robot_2,1.618,-0.847
1776825945,344274275,robot_3,1.670,0.784
1776825945,344282673,robot_0,-2.684,1.115
1776825945,344290934,robot_1,0.654,4.599
1776825945,544427108,robot_4,1.224,1.552
1776825945,544447167,robot_2,1.651,-0.871
1776825945,544454913,robot_3,1.670,0.784
1776825945,544461029,robot_0,-2.667,1.153
1776825945,544466674,robot_1,0.654,4.599
1776825945,763991846,robot_4,1.234,1.594
1776825945,764009854,robot_2,1.690,-0.901
1776825945,764017242,robot_3,1.671,0.784
1776825945,764022885,robot_0,-2.649,1.194
1776825945,764028686,robot_1,0.654,4.598
1776825945,983706131,robot_4,1.241,1.631
1776825945,983726420,robot_2,1.730,-0.933
1776825945,983735270,robot_3,1.671,0.783
1776825945,983742604,robot_0,-2.630,1.237
1776825945,983749459,robot_1,0.655,4.599
1776825946,203192217,robot_4,1.247,1.658
1776825946,203210077,robot_2,1.762,-0.963
1776825946,203216216,robot_3,1.671,0.783
1776825946,203221673,robot_0,-2.604,1.292
1776825946,203226973,robot_1,0.655,4.599
1776825946,405218806,robot_4,1.256,1.697
1776825946,405250407,robot_2,1.805,-1.001
1776825946,405264934,robot_3,1.671,0.783
1776825946,405277411,robot_0,-2.585,1.329
1776825946,405289861,robot_1,0.655,4.599
1776825946,623632706,robot_4,1.266,1.742
1776825946,623654189,robot_2,1.850,-1.040
1776825946,623662114,robot_3,1.671,0.783
1776825946,623669893,robot_0,-2.563,1.369
1776825946,623676678,robot_1,0.655,4.599
1776825946,825071471,robot_4,1.274,1.782
1776825946,825105732,robot_2,1.881,-1.066
1776825946,825120890,robot_3,1.671,0.784
1776825946,825139506,robot_0,-2.542,1.405
1776825946,825156399,robot_1,0.655,4.599
1776825947,45138325,robot_4,1.284,1.825
1776825947,45156387,robot_2,1.933,-1.109
1776825947,45162987,robot_3,1.671,0.784
1776825947,45168778,robot_0,-2.518,1.442
1776825947,45173897,robot_1,0.655,4.599
1776825947,265699447,robot_4,1.294,1.875
1776825947,265718456,robot_2,1.976,-1.147
1776825947,265726011,robot_3,1.670,0.785
1776825947,265733398,robot_0,-2.485,1.491
1776825947,265739636,robot_1,0.654,4.599
1776825947,484208750,robot_4,1.305,1.923
1776825947,484227475,robot_2,2.010,-1.176
1776825947,484242951,robot_3,1.670,0.785
1776825947,484248859,robot_0,-2.447,1.546
1776825947,484255284,robot_1,0.654,4.599
1776825947,684727504,robot_4,1.313,1.962
1776825947,684746792,robot_2,2.041,-1.203
1776825947,684755064,robot_3,1.670,0.786
1776825947,684762504,robot_0,-2.425,1.579
1776825947,684769990,robot_1,0.653,4.599
1776825947,903218849,robot_4,1.321,2.000
1776825947,903246464,robot_2,2.076,-1.230
1776825947,903252262,robot_3,1.671,0.786
1776825947,903257836,robot_0,-2.396,1.620
1776825947,903262871,robot_1,0.653,4.600
1776825948,105093305,robot_4,1.329,2.037
1776825948,105121177,robot_2,2.111,-1.255
1776825948,105133579,robot_3,1.671,0.786
1776825948,105143645,robot_0,-2.371,1.656
1776825948,105153609,robot_1,0.653,4.600
1776825948,325461184,robot_4,1.339,2.080
1776825948,325487196,robot_2,2.155,-1.288
1776825948,325499655,robot_3,1.671,0.787
1776825948,325509056,robot_0,-2.346,1.692
1776825948,325515448,robot_1,0.652,4.600
1776825948,544259821,robot_4,1.348,2.120
1776825948,544279791,robot_2,2.191,-1.314
1776825948,544286393,robot_3,1.671,0.787
1776825948,544291949,robot_0,-2.307,1.748
1776825948,544297096,robot_1,0.652,4.601
1776825948,763069415,robot_4,1.359,2.162
1776825948,763084467,robot_2,2.232,-1.344
1776825948,763090115,robot_3,1.671,0.787
1776825948,763095523,robot_0,-2.275,1.794
1776825948,763100499,robot_1,0.652,4.601
1776825948,963291471,robot_4,1.370,2.200
1776825948,963307493,robot_2,2.271,-1.372
1776825948,963314033,robot_3,1.671,0.787
1776825948,963319423,robot_0,-2.252,1.827
1776825948,963324548,robot_1,0.652,4.601
1776825949,164495762,robot_4,1.381,2.238
1776825949,164521572,robot_2,2.303,-1.396
1776825949,164533332,robot_3,1.672,0.787
1776825949,164542564,robot_0,-2.232,1.856
1776825949,164551173,robot_1,0.652,4.601
1776825949,364514603,robot_4,1.391,2.276
1776825949,364532471,robot_2,2.347,-1.428
1776825949,364540277,robot_3,1.672,0.787
1776825949,364548049,robot_0,-2.222,1.870
1776825949,364554721,robot_1,0.652,4.601
1776825949,583695736,robot_4,1.404,2.320
1776825949,583715494,robot_2,2.402,-1.468
1776825949,583721579,robot_3,1.673,0.787
1776825949,583726812,robot_0,-2.223,1.870
1776825949,583732666,robot_1,0.652,4.602
1776825949,784847448,robot_4,1.415,2.360
1776825949,784869889,robot_2,2.434,-1.491
1776825949,784880042,robot_3,1.673,0.787
1776825949,784888221,robot_0,-2.223,1.870
1776825949,784896384,robot_1,0.652,4.602
1776825950,5113529,robot_4,1.427,2.403
1776825950,5144745,robot_2,2.466,-1.515
1776825950,5160087,robot_3,1.673,0.787
1776825950,5173213,robot_0,-2.223,1.870
1776825950,5185722,robot_1,0.653,4.603
1776825950,224043210,robot_4,1.444,2.464
1776825950,224063153,robot_2,2.499,-1.539
1776825950,224071391,robot_3,1.674,0.787
1776825950,224077869,robot_0,-2.223,1.871
1776825950,224084802,robot_1,0.653,4.603
1776825950,424566994,robot_4,1.464,2.534
1776825950,424591650,robot_2,2.532,-1.563
1776825950,424602458,robot_3,1.674,0.787
1776825950,424611172,robot_0,-2.223,1.871
1776825950,424620459,robot_1,0.653,4.603
1776825950,625796811,robot_4,1.475,2.574
1776825950,625814807,robot_2,2.586,-1.603
1776825950,625821755,robot_3,1.675,0.786
1776825950,625827536,robot_0,-2.223,1.872
1776825950,625832699,robot_1,0.654,4.604
1776825950,844516462,robot_4,1.492,2.636
1776825950,844544808,robot_2,2.643,-1.644
1776825950,844557953,robot_3,1.671,0.783
1776825950,844568586,robot_0,-2.223,1.872
1776825950,844578642,robot_1,0.654,4.604
1776825951,46408243,robot_4,1.508,2.699
1776825951,46427982,robot_2,2.675,-1.668
1776825951,46434791,robot_3,1.627,0.742
1776825951,46440147,robot_0,-2.223,1.872
1776825951,46445597,robot_1,0.655,4.604
1776825951,263540900,robot_4,1.518,2.742
1776825951,263562441,robot_2,2.720,-1.700
1776825951,263572408,robot_3,1.589,0.707
1776825951,263580363,robot_0,-2.223,1.873
1776825951,263589600,robot_1,0.655,4.604
1776825951,464240691,robot_4,1.528,2.783
1776825951,464261612,robot_2,2.755,-1.726
1776825951,464269623,robot_3,1.555,0.673
1776825951,464276337,robot_0,-2.223,1.873
1776825951,464282915,robot_1,0.655,4.604
1776825951,684422042,robot_4,1.539,2.828
1776825951,684443052,robot_2,2.788,-1.750
1776825951,684451315,robot_3,1.501,0.620
1776825951,684458076,robot_0,-2.223,1.873
1776825951,684466216,robot_1,0.655,4.604
1776825951,884610545,robot_4,1.548,2.867
1776825951,884630262,robot_2,2.789,-1.750
1776825951,884638188,robot_3,1.470,0.590
1776825951,884645340,robot_0,-2.223,1.873
1776825951,884651818,robot_1,0.655,4.604
1776825952,85107071,robot_4,1.564,2.935
1776825952,85126537,robot_2,2.789,-1.750
1776825952,85133133,robot_3,1.437,0.559
1776825952,85139186,robot_0,-2.222,1.873
1776825952,85145271,robot_1,0.656,4.604
1776825952,303488084,robot_4,1.580,3.000
1776825952,303510940,robot_2,2.789,-1.750
1776825952,303520558,robot_3,1.399,0.519
1776825952,303529844,robot_0,-2.222,1.873
1776825952,303536973,robot_1,0.656,4.603
1776825952,503985888,robot_4,1.589,3.040
1776825952,504004669,robot_2,2.790,-1.750
1776825952,504011536,robot_3,1.372,0.489
1776825952,504017555,robot_0,-2.222,1.873
1776825952,504022784,robot_1,0.657,4.603
1776825952,724603921,robot_4,1.601,3.091
1776825952,724634819,robot_2,2.790,-1.749
1776825952,724650067,robot_3,1.348,0.463
1776825952,724662772,robot_0,-2.221,1.873
1776825952,724674416,robot_1,0.657,4.603
1776825952,943732575,robot_4,1.612,3.137
1776825952,943750385,robot_2,2.791,-1.749
1776825952,943756874,robot_3,1.328,0.437
1776825952,943762851,robot_0,-2.221,1.873
1776825952,943768008,robot_1,0.657,4.602
1776825953,144381669,robot_4,1.620,3.172
1776825953,144400752,robot_2,2.791,-1.750
1776825953,144408268,robot_3,1.303,0.406
1776825953,144414528,robot_0,-2.221,1.873
1776825953,144420854,robot_1,0.657,4.602
1776825953,344487439,robot_4,1.626,3.195
1776825953,344505812,robot_2,2.792,-1.750
1776825953,344513349,robot_3,1.269,0.362
1776825953,344519029,robot_0,-2.220,1.873
1776825953,344525091,robot_1,0.657,4.601
1776825953,545921472,robot_4,1.634,3.230
1776825953,545942319,robot_2,2.792,-1.750
1776825953,545949072,robot_3,1.235,0.318
1776825953,545955167,robot_0,-2.220,1.873
1776825953,545960222,robot_1,0.649,4.600
1776825953,764181934,robot_4,1.646,3.281
1776825953,764199721,robot_2,2.792,-1.750
1776825953,764207202,robot_3,1.208,0.283
1776825953,764213334,robot_0,-2.220,1.873
1776825953,764219596,robot_1,0.580,4.591
1776825953,983144858,robot_4,1.664,3.354
1776825953,983161282,robot_2,2.792,-1.750
1776825953,983167384,robot_3,1.165,0.227
1776825953,983172927,robot_0,-2.220,1.873
1776825953,983178253,robot_1,0.533,4.585
1776825954,204598831,robot_4,1.675,3.400
1776825954,204621704,robot_2,2.792,-1.750
1776825954,204631965,robot_3,1.128,0.175
1776825954,204640322,robot_0,-2.220,1.873
1776825954,204649351,robot_1,0.488,4.579
1776825954,423499412,robot_4,1.688,3.457
1776825954,423518104,robot_2,2.793,-1.750
1776825954,423524616,robot_3,1.101,0.137
1776825954,423530739,robot_0,-2.219,1.872
1776825954,423536720,robot_1,0.446,4.574
1776825954,624652892,robot_4,1.702,3.515
1776825954,624684118,robot_2,2.793,-1.751
1776825954,624699668,robot_3,1.063,0.083
1776825954,624712341,robot_0,-2.219,1.872
1776825954,624724122,robot_1,0.445,4.574
1776825954,844351646,robot_4,1.712,3.558
1776825954,844377500,robot_2,2.793,-1.751
1776825954,844387896,robot_3,1.034,0.037
1776825954,844397124,robot_0,-2.219,1.872
1776825954,844405658,robot_1,0.445,4.574
1776825955,63619348,robot_4,1.728,3.627
1776825955,63639333,robot_2,2.793,-1.752
1776825955,63645725,robot_3,1.007,-0.006
1776825955,63651096,robot_0,-2.219,1.871
1776825955,63655985,robot_1,0.445,4.575
1776825955,283261509,robot_4,1.745,3.695
1776825955,283277972,robot_2,2.793,-1.752
1776825955,283284188,robot_3,0.973,-0.064
1776825955,283290359,robot_0,-2.219,1.871
1776825955,283295708,robot_1,0.445,4.575
1776825955,483818580,robot_4,1.754,3.734
1776825955,483838578,robot_2,2.793,-1.753
1776825955,483847601,robot_3,0.954,-0.101
1776825955,483854671,robot_0,-2.219,1.871
1776825955,483861871,robot_1,0.444,4.575
1776825955,704166940,robot_4,1.766,3.785
1776825955,704185911,robot_2,2.793,-1.753
1776825955,704192791,robot_3,0.928,-0.150
1776825955,704198569,robot_0,-2.219,1.870
1776825955,704204853,robot_1,0.444,4.575
1776825955,924675217,robot_4,1.780,3.830
1776825955,924710565,robot_2,2.793,-1.754
1776825955,924730113,robot_3,0.898,-0.207
1776825955,924743997,robot_0,-2.220,1.870
1776825955,924756293,robot_1,0.443,4.576
1776825956,125339030,robot_4,1.792,3.867
1776825956,125379539,robot_2,2.792,-1.754
1776825956,125401061,robot_3,0.879,-0.242
1776825956,125420669,robot_0,-2.220,1.870
1776825956,125439216,robot_1,0.443,4.576
1776825956,345043901,robot_4,1.805,3.904
1776825956,345063028,robot_2,2.792,-1.754
1776825956,345071203,robot_3,0.860,-0.279
1776825956,345077771,robot_0,-2.247,1.895
1776825956,345084372,robot_1,0.442,4.576
1776825956,563335465,robot_4,1.820,3.944
1776825956,563353993,robot_2,2.792,-1.754
1776825956,563360356,robot_3,0.840,-0.316
1776825956,563367256,robot_0,-2.280,1.925
1776825956,563372720,robot_1,0.442,4.576
1776825956,784686119,robot_4,1.841,3.996
1776825956,784702405,robot_2,2.792,-1.754
1776825956,784708723,robot_3,0.820,-0.355
1776825956,784714095,robot_0,-2.316,1.957
1776825956,784719363,robot_1,0.442,4.576
1776825957,4239369,robot_4,1.871,4.069
1776825957,4268522,robot_2,2.792,-1.754
1776825957,4277689,robot_3,0.790,-0.413
1776825957,4285642,robot_0,-2.363,2.000
1776825957,4292769,robot_1,0.442,4.576
1776825957,224296850,robot_4,1.890,4.112
1776825957,224325304,robot_2,2.791,-1.754
1776825957,224337467,robot_3,0.764,-0.461
1776825957,224348516,robot_0,-2.396,2.033
1776825957,224358024,robot_1,0.442,4.575
1776825957,443225057,robot_4,1.904,4.146
1776825957,443241815,robot_2,2.791,-1.754
1776825957,443248075,robot_3,0.743,-0.502
1776825957,443253321,robot_0,-2.432,2.072
1776825957,443257936,robot_1,0.442,4.575
1776825957,663631418,robot_4,1.918,4.180
1776825957,663650084,robot_2,2.790,-1.754
1776825957,663658815,robot_3,0.717,-0.552
1776825957,663665078,robot_0,-2.473,2.115
1776825957,663672464,robot_1,0.441,4.575
1776825957,883280493,robot_4,1.936,4.220
1776825957,883296645,robot_2,2.790,-1.754
1776825957,883303442,robot_3,0.696,-0.593
1776825957,883308943,robot_0,-2.503,2.147
1776825957,883314567,robot_1,0.441,4.575
1776825958,83298271,robot_4,1.949,4.251
1776825958,83317623,robot_2,2.789,-1.754
1776825958,83324180,robot_3,0.673,-0.640
1776825958,83329703,robot_0,-2.532,2.178
1776825958,83334647,robot_1,0.441,4.574
1776825958,303017047,robot_4,1.966,4.288
1776825958,303033622,robot_2,2.789,-1.754
1776825958,303039737,robot_3,0.636,-0.713
1776825958,303045650,robot_0,-2.564,2.212
1776825958,303051346,robot_1,0.441,4.574
1776825958,504304107,robot_4,1.983,4.324
1776825958,504337587,robot_2,2.789,-1.754
1776825958,504354170,robot_3,0.617,-0.751
1776825958,504368955,robot_0,-2.592,2.241
1776825958,504383433,robot_1,0.441,4.573
1776825958,723111092,robot_4,1.993,4.345
1776825958,723129625,robot_2,2.803,-1.739
1776825958,723136330,robot_3,0.594,-0.797
1776825958,723142113,robot_0,-2.623,2.274
1776825958,723147184,robot_1,0.441,4.573
1776825958,942881253,robot_4,2.009,4.378
1776825958,942906296,robot_2,2.827,-1.714
1776825958,942914628,robot_3,0.570,-0.844
1776825958,942920772,robot_0,-2.654,2.305
1776825958,942927505,robot_1,0.441,4.573
1776825959,143953840,robot_4,2.024,4.409
1776825959,143975938,robot_2,2.855,-1.686
1776825959,143985209,robot_3,0.552,-0.880
1776825959,143993321,robot_0,-2.684,2.333
1776825959,144001251,robot_1,0.441,4.573
1776825959,363673174,robot_4,2.024,4.410
1776825959,363691324,robot_2,2.859,-1.682
1776825959,363697762,robot_3,0.523,-0.939
1776825959,363703253,robot_0,-2.738,2.387
1776825959,363708606,robot_1,0.441,4.573
1776825959,583385274,robot_4,2.024,4.410
1776825959,583404218,robot_2,2.859,-1.682
1776825959,583410542,robot_3,0.496,-0.998
1776825959,583416969,robot_0,-2.779,2.426
1776825959,583422239,robot_1,0.441,4.573
1776825959,803385201,robot_4,2.024,4.410
1776825959,803402756,robot_2,2.860,-1.682
1776825959,803409203,robot_3,0.478,-1.039
1776825959,803414801,robot_0,-2.810,2.457
1776825959,803420384,robot_1,0.441,4.573
1776825960,4842582,robot_4,2.023,4.411
1776825960,4864686,robot_2,2.860,-1.682
1776825960,4874573,robot_3,0.452,-1.102
1776825960,4882106,robot_0,-2.837,2.484
1776825960,4889990,robot_1,0.441,4.574
1776825960,223334458,robot_4,2.023,4.411
1776825960,223351521,robot_2,2.861,-1.682
1776825960,223357955,robot_3,0.431,-1.158
1776825960,223363582,robot_0,-2.866,2.516
1776825960,223368940,robot_1,0.441,4.574
1776825960,424777382,robot_4,2.023,4.411
1776825960,424807794,robot_2,2.861,-1.682
1776825960,424823142,robot_3,0.417,-1.195
1776825960,424835060,robot_0,-2.889,2.544
1776825960,424847385,robot_1,0.441,4.575
1776825960,644174785,robot_4,2.023,4.412
1776825960,644198629,robot_2,2.862,-1.682
1776825960,644208731,robot_3,0.402,-1.234
1776825960,644216695,robot_0,-2.912,2.570
1776825960,644223833,robot_1,0.442,4.575
1776825960,844445147,robot_4,2.023,4.412
1776825960,844462788,robot_2,2.862,-1.682
1776825960,844468994,robot_3,0.389,-1.272
1776825960,844474197,robot_0,-2.939,2.601
1776825960,844479531,robot_1,0.442,4.575
1776825961,44938505,robot_4,2.023,4.413
1776825961,44970821,robot_2,2.862,-1.682
1776825961,44983766,robot_3,0.373,-1.314
1776825961,44994521,robot_0,-2.974,2.641
1776825961,45005511,robot_1,0.443,4.575
1776825961,263436786,robot_4,2.023,4.413
1776825961,263453492,robot_2,2.862,-1.681
1776825961,263459984,robot_3,0.348,-1.380
1776825961,263466471,robot_0,-3.022,2.697
1776825961,263479525,robot_1,0.443,4.575
1776825961,482943042,robot_4,2.023,4.413
1776825961,482958749,robot_2,2.862,-1.681
1776825961,482965062,robot_3,0.331,-1.426
1776825961,482970818,robot_0,-3.051,2.730
1776825961,482976082,robot_1,0.443,4.575
1776825961,683060155,robot_4,2.023,4.413
1776825961,683077419,robot_2,2.862,-1.681
1776825961,683083522,robot_3,0.313,-1.475
1776825961,683089638,robot_0,-3.080,2.764
1776825961,683094981,robot_1,0.443,4.575
1776825961,883349353,robot_4,2.024,4.413
1776825961,883367280,robot_2,2.863,-1.681
1776825961,883374150,robot_3,0.288,-1.545
1776825961,883380145,robot_0,-3.108,2.797
1776825961,883385774,robot_1,0.443,4.575
1776825962,83360969,robot_4,2.024,4.413
1776825962,83379516,robot_2,2.863,-1.681
1776825962,83386269,robot_3,0.272,-1.587
1776825962,83392325,robot_0,-3.135,2.827
1776825962,83397931,robot_1,0.444,4.575
1776825962,284273157,robot_4,2.024,4.413
1776825962,284291795,robot_2,2.863,-1.681
1776825962,284298377,robot_3,0.254,-1.636
1776825962,284304351,robot_0,-3.154,2.850
1776825962,284309629,robot_1,0.444,4.575
1776825962,503260251,robot_4,2.025,4.414
1776825962,503277786,robot_2,2.863,-1.680
1776825962,503284492,robot_3,0.225,-1.713
1776825962,503289974,robot_0,-3.177,2.876
1776825962,503295586,robot_1,0.445,4.575
1776825962,703404097,robot_4,2.025,4.414
1776825962,703422199,robot_2,2.863,-1.680
1776825962,703428995,robot_3,0.210,-1.754
1776825962,703434472,robot_0,-3.203,2.906
1776825962,703439941,robot_1,0.445,4.575
1776825962,924260623,robot_4,2.025,4.414
1776825962,924291280,robot_2,2.863,-1.679
1776825962,924305955,robot_3,0.192,-1.802
1776825962,924320102,robot_0,-3.247,2.958
1776825962,924331735,robot_1,0.445,4.575
1776825963,143259405,robot_4,2.026,4.414
1776825963,143277495,robot_2,2.863,-1.679
1776825963,143284838,robot_3,0.173,-1.851
1776825963,143290274,robot_0,-3.287,3.004
1776825963,143305497,robot_1,0.446,4.574
1776825963,343910699,robot_4,2.026,4.414
1776825963,343947012,robot_2,2.862,-1.679
1776825963,343962521,robot_3,0.158,-1.888
1776825963,343974507,robot_0,-3.313,3.034
1776825963,343986736,robot_1,0.446,4.574
1776825963,546655287,robot_4,2.027,4.413
1776825963,546681585,robot_2,2.862,-1.678
1776825963,546692205,robot_3,0.143,-1.924
1776825963,546701335,robot_0,-3.339,3.064
1776825963,546710168,robot_1,0.446,4.573
1776825963,763035325,robot_4,2.022,4.406
1776825963,763050563,robot_2,2.862,-1.678
1776825963,763057255,robot_3,0.127,-1.964
1776825963,763063013,robot_0,-3.367,3.097
1776825963,763068101,robot_1,0.446,4.573
1776825963,964174860,robot_4,1.991,4.354
1776825963,964196406,robot_2,2.862,-1.678
1776825963,964205295,robot_3,0.112,-2.001
1776825963,964212978,robot_0,-3.392,3.126
1776825963,964219772,robot_1,0.408,4.569
1776825964,184091521,robot_4,1.966,4.313
1776825964,184108998,robot_2,2.862,-1.678
1776825964,184116356,robot_3,0.085,-2.065
1776825964,184121951,robot_0,-3.411,3.147
1776825964,184127124,robot_1,0.360,4.564
1776825964,384557878,robot_4,1.940,4.270
1776825964,384576389,robot_2,2.862,-1.678
1776825964,384582999,robot_3,0.064,-2.117
1776825964,384588677,robot_0,-3.435,3.175
1776825964,384594494,robot_1,0.321,4.562
1776825964,603861023,robot_4,1.904,4.211
1776825964,603878113,robot_2,2.861,-1.678
1776825964,603884402,robot_3,0.063,-2.118
1776825964,603890547,robot_0,-3.461,3.206
1776825964,603895927,robot_1,0.317,4.562
1776825964,804337632,robot_4,1.883,4.176
1776825964,804365351,robot_2,2.861,-1.678
1776825964,804373845,robot_3,0.063,-2.118
1776825964,804381589,robot_0,-3.483,3.230
1776825964,804388457,robot_1,0.317,4.562
1776825965,23522979,robot_4,1.855,4.130
1776825965,23541713,robot_2,2.860,-1.678
1776825965,23549032,robot_3,0.063,-2.118
1776825965,23555351,robot_0,-3.511,3.263
1776825965,23560782,robot_1,0.317,4.562
1776825965,224647455,robot_4,1.828,4.084
1776825965,224677850,robot_2,2.860,-1.678
1776825965,224693539,robot_3,0.062,-2.118
1776825965,224705971,robot_0,-3.537,3.294
1776825965,224717664,robot_1,0.316,4.563
1776825965,425115226,robot_4,1.807,4.050
1776825965,425142687,robot_2,2.860,-1.678
1776825965,425155092,robot_3,0.062,-2.118
1776825965,425165311,robot_0,-3.564,3.326
1776825965,425175486,robot_1,0.316,4.563
1776825965,643546411,robot_4,1.784,4.013
1776825965,643565598,robot_2,2.859,-1.678
1776825965,643573479,robot_3,0.061,-2.119
1776825965,643580053,robot_0,-3.592,3.360
1776825965,643586705,robot_1,0.316,4.563
1776825965,843754784,robot_4,1.762,3.980
1776825965,843771839,robot_2,2.859,-1.679
1776825965,843778641,robot_3,0.061,-2.119
1776825965,843784530,robot_0,-3.626,3.403
1776825965,843790149,robot_1,0.315,4.564
1776825966,44718941,robot_4,1.738,3.947
1776825966,44744177,robot_2,2.859,-1.679
1776825966,44754734,robot_3,0.061,-2.119
1776825966,44763307,robot_0,-3.670,3.458
1776825966,44771834,robot_1,0.315,4.564
1776825966,264782960,robot_4,1.700,3.896
1776825966,264803923,robot_2,2.873,-1.689
1776825966,264815473,robot_3,0.061,-2.120
1776825966,264824667,robot_0,-3.698,3.494
1776825966,264833176,robot_1,0.314,4.564
1776825966,484606418,robot_4,1.662,3.847
1776825966,484625783,robot_2,2.904,-1.714
1776825966,484634341,robot_3,0.061,-2.120
1776825966,484642270,robot_0,-3.731,3.536
1776825966,484649291,robot_1,0.314,4.564
1776825966,703675985,robot_4,1.635,3.813
1776825966,703693857,robot_2,2.939,-1.741
1776825966,703701741,robot_3,0.061,-2.120
1776825966,703708151,robot_0,-3.764,3.577
1776825966,703713890,robot_1,0.314,4.564
1776825966,903807332,robot_4,1.622,3.797
1776825966,903824928,robot_2,2.949,-1.749
1776825966,903832340,robot_3,0.061,-2.120
1776825966,903838138,robot_0,-3.788,3.608
1776825966,903843777,robot_1,0.314,4.564
1776825967,123834276,robot_4,1.599,3.770
1776825967,123851699,robot_2,2.949,-1.749
1776825967,123858672,robot_3,0.061,-2.120
1776825967,123864350,robot_0,-3.827,3.657
1776825967,123869671,robot_1,0.314,4.564
1776825967,324410789,robot_4,1.572,3.739
1776825967,324439187,robot_2,2.950,-1.749
1776825967,324453933,robot_3,0.061,-2.121
1776825967,324467030,robot_0,-3.859,3.697
1776825967,324478233,robot_1,0.313,4.563
1776825967,524621278,robot_4,1.541,3.705
1776825967,524646646,robot_2,2.950,-1.749
1776825967,524659472,robot_3,0.061,-2.121
1776825967,524670276,robot_0,-3.884,3.728
1776825967,524680857,robot_1,0.313,4.563
1776825967,725000744,robot_4,1.514,3.673
1776825967,725030304,robot_2,2.950,-1.749
1776825967,725044604,robot_3,0.061,-2.121
1776825967,725056460,robot_0,-3.915,3.768
1776825967,725068439,robot_1,0.313,4.563
1776825967,945041155,robot_4,1.481,3.636
1776825967,945072658,robot_2,2.951,-1.749
1776825967,945086843,robot_3,0.061,-2.122
1776825967,945098263,robot_0,-3.945,3.809
1776825967,945110114,robot_1,0.313,4.563
1776825968,163200547,robot_4,1.431,3.582
1776825968,163218033,robot_2,2.951,-1.749
1776825968,163224940,robot_3,0.061,-2.122
1776825968,163230467,robot_0,-3.971,3.847
1776825968,163236411,robot_1,0.312,4.562
1776825968,364283514,robot_4,1.399,3.548
1776825968,364301774,robot_2,2.952,-1.749
1776825968,364309166,robot_3,0.062,-2.122
1776825968,364315026,robot_0,-4.000,3.889
1776825968,364328535,robot_1,0.312,4.562
1776825968,565566177,robot_4,1.367,3.517
1776825968,565588025,robot_2,2.952,-1.749
1776825968,565597423,robot_3,0.062,-2.122
1776825968,565605155,robot_0,-4.025,3.926
1776825968,565612709,robot_1,0.312,4.561
1776825968,783296700,robot_4,1.324,3.475
1776825968,783313469,robot_2,2.953,-1.749
1776825968,783320234,robot_3,0.062,-2.122
1776825968,783325963,robot_0,-4.053,3.966
1776825968,783331105,robot_1,0.312,4.561
1776825968,983801266,robot_4,1.295,3.446
1776825968,983818039,robot_2,2.953,-1.750
1776825968,983825181,robot_3,0.062,-2.123
1776825968,983831061,robot_0,-4.091,4.021
1776825968,983845378,robot_1,0.312,4.561
1776825969,184311966,robot_4,1.261,3.413
1776825969,184331522,robot_2,2.953,-1.750
1776825969,184340981,robot_3,0.066,-2.109
1776825969,184348060,robot_0,-4.119,4.061
1776825969,184354882,robot_1,0.312,4.561
1776825969,404482761,robot_4,1.216,3.368
1776825969,404507874,robot_2,2.953,-1.750
1776825969,404520047,robot_3,0.081,-2.059
1776825969,404530067,robot_0,-4.145,4.099
1776825969,404540329,robot_1,0.312,4.561
1776825969,625563183,robot_4,1.185,3.337
1776825969,625580438,robot_2,2.953,-1.750
1776825969,625587412,robot_3,0.094,-2.017
1776825969,625593092,robot_0,-4.173,4.139
1776825969,625598117,robot_1,0.312,4.561
1776825969,844116253,robot_4,1.161,3.314
1776825969,844138548,robot_2,2.953,-1.750
1776825969,844147935,robot_3,0.109,-1.967
1776825969,844155889,robot_0,-4.198,4.175
1776825969,844163793,robot_1,0.312,4.562
1776825970,44840371,robot_4,1.140,3.293
1776825970,44879236,robot_2,2.953,-1.751
1776825970,44896834,robot_3,0.124,-1.922
1776825970,44916322,robot_0,-4.227,4.217
1776825970,44931684,robot_1,0.313,4.562
1776825970,246125860,robot_4,1.111,3.265
1776825970,246162505,robot_2,2.953,-1.751
1776825970,246180363,robot_3,0.138,-1.885
1776825970,246195080,robot_0,-4.259,4.266
1776825970,246208801,robot_1,0.313,4.562
1776825970,464973135,robot_4,1.086,3.239
1776825970,465002214,robot_2,2.953,-1.752
1776825970,465016593,robot_3,0.148,-1.858
1776825970,465028645,robot_0,-4.284,4.303
1776825970,465039906,robot_1,0.313,4.563
1776825970,683778330,robot_4,1.059,3.213
1776825970,683809416,robot_2,2.953,-1.752
1776825970,683824324,robot_3,0.159,-1.829
1776825970,683836352,robot_0,-4.317,4.355
1776825970,683847568,robot_1,0.314,4.563
1776825970,886223024,robot_4,1.030,3.185
1776825970,886257469,robot_2,2.953,-1.753
1776825970,886275531,robot_3,0.173,-1.792
1776825970,886290827,robot_0,-4.349,4.408
1776825970,886306057,robot_1,0.314,4.563
1776825971,104833914,robot_4,0.989,3.144
1776825971,104854601,robot_2,2.953,-1.753
1776825971,104863564,robot_3,0.192,-1.740
1776825971,104870518,robot_0,-4.371,4.447
1776825971,104876852,robot_1,0.315,4.563
1776825971,324382034,robot_4,0.954,3.109
1776825971,324409918,robot_2,2.952,-1.753
1776825971,324423180,robot_3,0.209,-1.695
1776825971,324433292,robot_0,-4.396,4.493
1776825971,324443688,robot_1,0.315,4.563
1776825971,524637693,robot_4,0.926,3.081
1776825971,524667583,robot_2,2.952,-1.753
1776825971,524681341,robot_3,0.223,-1.659
1776825971,524692479,robot_0,-4.417,4.531
1776825971,524705335,robot_1,0.315,4.563
1776825971,744165184,robot_4,0.896,3.052
1776825971,744189738,robot_2,2.952,-1.753
1776825971,744200577,robot_3,0.233,-1.632
1776825971,744210854,robot_0,-4.437,4.569
1776825971,744219287,robot_1,0.315,4.563
1776825971,944822392,robot_4,0.868,3.025
1776825971,944854830,robot_2,2.952,-1.753
1776825971,944869397,robot_3,0.246,-1.598
1776825971,944881655,robot_0,-4.439,4.573
1776825971,944893050,robot_1,0.315,4.563
1776825972,144863706,robot_4,0.836,2.993
1776825972,144891384,robot_2,2.952,-1.754
1776825972,144904215,robot_3,0.258,-1.564
1776825972,144924056,robot_0,-4.440,4.573
1776825972,144936197,robot_1,0.316,4.563
1776825972,364495710,robot_4,0.780,2.937
1776825972,364518566,robot_2,2.951,-1.754
1776825972,364528381,robot_3,0.266,-1.542
1776825972,364536893,robot_0,-4.440,4.573
1776825972,364545155,robot_1,0.316,4.563
1776825972,584075965,robot_4,0.743,2.901
1776825972,584095489,robot_2,2.951,-1.754
1776825972,584101947,robot_3,0.279,-1.503
1776825972,584107491,robot_0,-4.440,4.573
1776825972,584113194,robot_1,0.316,4.563
1776825972,805289367,robot_4,0.704,2.862
1776825972,805321525,robot_2,2.950,-1.754
1776825972,805332637,robot_3,0.297,-1.446
1776825972,805341798,robot_0,-4.441,4.573
1776825972,805350265,robot_1,0.317,4.563
1776825973,24743638,robot_4,0.657,2.816
1776825973,24774127,robot_2,2.950,-1.754
1776825973,24788546,robot_3,0.321,-1.369
1776825973,24799915,robot_0,-4.441,4.573
1776825973,24811095,robot_1,0.317,4.562
1776825973,244988166,robot_4,0.626,2.786
1776825973,245012331,robot_2,2.949,-1.753
1776825973,245023533,robot_3,0.335,-1.326
1776825973,245032822,robot_0,-4.441,4.573
1776825973,245041508,robot_1,0.317,4.562
1776825973,464867553,robot_4,0.578,2.739
1776825973,464888115,robot_2,2.949,-1.753
1776825973,464896697,robot_3,0.354,-1.268
1776825973,464903474,robot_0,-4.442,4.574
1776825973,464910162,robot_1,0.317,4.561
1776825973,684024491,robot_4,0.532,2.693
1776825973,684043557,robot_2,2.952,-1.750
1776825973,684052020,robot_3,0.374,-1.213
1776825973,684059118,robot_0,-4.442,4.574
1776825973,684066313,robot_1,0.317,4.561
1776825973,884840851,robot_4,0.504,2.665
1776825973,884865474,robot_2,2.998,-1.707
1776825973,884876583,robot_3,0.389,-1.176
1776825973,884886262,robot_0,-4.442,4.574
1776825973,884895601,robot_1,0.317,4.561
1776825974,85687181,robot_4,0.459,2.621
1776825974,85707987,robot_2,3.038,-1.669
1776825974,85723358,robot_3,0.411,-1.123
1776825974,85729015,robot_0,-4.442,4.574
1776825974,85734367,robot_1,0.317,4.561
1776825974,303214014,robot_4,0.417,2.579
1776825974,303231112,robot_2,3.065,-1.644
1776825974,303237804,robot_3,0.432,-1.072
1776825974,303242719,robot_0,-4.442,4.574
1776825974,303248085,robot_1,0.317,4.561
1776825974,503948967,robot_4,0.389,2.551
1776825974,503971442,robot_2,3.065,-1.644
1776825974,503981590,robot_3,0.448,-1.034
1776825974,503989828,robot_0,-4.442,4.574
1776825974,503997924,robot_1,0.317,4.560
1776825974,723145735,robot_4,0.372,2.535
1776825974,723163122,robot_2,3.065,-1.644
1776825974,723171506,robot_3,0.469,-0.984
1776825974,723178048,robot_0,-4.442,4.575
1776825974,723183707,robot_1,0.317,4.560
1776825974,924454326,robot_4,0.349,2.513
1776825974,924474042,robot_2,3.065,-1.643
1776825974,924481080,robot_3,0.485,-0.945
1776825974,924486809,robot_0,-4.442,4.575
1776825974,924492106,robot_1,0.317,4.559
1776825975,124763562,robot_4,0.321,2.486
1776825975,124796373,robot_2,3.065,-1.643
1776825975,124811470,robot_3,0.502,-0.905
1776825975,124824155,robot_0,-4.442,4.575
1776825975,124836067,robot_1,0.317,4.559
1776825975,344168427,robot_4,0.302,2.467
1776825975,344203807,robot_2,3.065,-1.642
1776825975,344220257,robot_3,0.531,-0.834
1776825975,344227333,robot_0,-4.442,4.576
1776825975,344234320,robot_1,0.316,4.559
1776825975,545771487,robot_4,0.276,2.440
1776825975,545798600,robot_2,3.065,-1.642
1776825975,545808678,robot_3,0.551,-0.788
1776825975,545816748,robot_0,-4.442,4.576
1776825975,545824044,robot_1,0.316,4.558
1776825975,764894584,robot_4,0.249,2.412
1776825975,764922800,robot_2,3.065,-1.641
1776825975,764935367,robot_3,0.566,-0.751
1776825975,764944734,robot_0,-4.441,4.576
1776825975,764954319,robot_1,0.315,4.558
1776825975,984746828,robot_4,0.229,2.391
1776825975,984777391,robot_2,3.065,-1.641
1776825975,984791880,robot_3,0.580,-0.720
1776825975,984805246,robot_0,-4.441,4.577
1776825975,984817239,robot_1,0.315,4.558
1776825976,206467853,robot_4,0.199,2.360
1776825976,206499273,robot_2,3.066,-1.641
1776825976,206514444,robot_3,0.599,-0.681
1776825976,206526759,robot_0,-4.441,4.577
1776825976,206538833,robot_1,0.315,4.558
1776825976,425127489,robot_4,0.161,2.320
1776825976,425153750,robot_2,3.066,-1.640
1776825976,425165536,robot_3,0.619,-0.641
1776825976,425174907,robot_0,-4.441,4.577
1776825976,425185077,robot_1,0.315,4.558
1776825976,644371212,robot_4,0.118,2.279
1776825976,644398445,robot_2,3.066,-1.640
1776825976,644413858,robot_3,0.639,-0.602
1776825976,644427527,robot_0,-4.441,4.577
1776825976,644439688,robot_1,0.315,4.558
1776825976,863241618,robot_4,0.085,2.250
1776825976,863259240,robot_2,3.066,-1.640
1776825976,863266104,robot_3,0.659,-0.563
1776825976,863271645,robot_0,-4.441,4.577
1776825976,863276753,robot_1,0.315,4.558
1776825977,64635852,robot_4,0.039,2.209
1776825977,64664872,robot_2,3.066,-1.640
1776825977,64678632,robot_3,0.688,-0.504
1776825977,64688919,robot_0,-4.440,4.577
1776825977,64699291,robot_1,0.315,4.559
1776825977,285079282,robot_4,-0.008,2.165
1776825977,285116382,robot_2,3.067,-1.640
1776825977,285126803,robot_3,0.720,-0.441
1776825977,285135461,robot_0,-4.440,4.577
1776825977,285145269,robot_1,0.316,4.559
1776825977,503156278,robot_4,-0.040,2.134
1776825977,503174541,robot_2,3.067,-1.640
1776825977,503181197,robot_3,0.740,-0.401
1776825977,503187252,robot_0,-4.440,4.577
1776825977,503193476,robot_1,0.316,4.559
1776825977,703868153,robot_4,-0.092,2.084
1776825977,703887523,robot_2,3.068,-1.640
1776825977,703894259,robot_3,0.760,-0.362
1776825977,703900250,robot_0,-4.439,4.577
1776825977,703905941,robot_1,0.316,4.559
1776825977,904086021,robot_4,-0.134,2.043
1776825977,904104220,robot_2,3.068,-1.640
1776825977,904111193,robot_3,0.778,-0.325
1776825977,904116572,robot_0,-4.439,4.576
1776825977,904121708,robot_1,0.317,4.560
1776825978,125572265,robot_4,-0.164,2.014
1776825978,125603806,robot_2,3.069,-1.640
1776825978,125617881,robot_3,0.799,-0.283
1776825978,125630671,robot_0,-4.439,4.576
1776825978,125643762,robot_1,0.317,4.560
1776825978,325741874,robot_4,-0.187,1.991
1776825978,325775662,robot_2,3.069,-1.641
1776825978,325784354,robot_3,0.829,-0.225
1776825978,325791315,robot_0,-4.438,4.576
1776825978,325798002,robot_1,0.317,4.561
1776825978,546185758,robot_4,-0.219,1.964
1776825978,546212027,robot_2,3.069,-1.641
1776825978,546222806,robot_3,0.853,-0.177
1776825978,546231644,robot_0,-4.438,4.575
1776825978,546240404,robot_1,0.317,4.561
1776825978,764532902,robot_4,-0.259,1.931
1776825978,764570646,robot_2,3.070,-1.641
1776825978,764586747,robot_3,0.876,-0.130
1776825978,764599335,robot_0,-4.457,4.568
1776825978,764611472,robot_1,0.317,4.561
1776825978,983126227,robot_4,-0.319,1.881
1776825978,983144536,robot_2,3.070,-1.641
1776825978,983152241,robot_3,0.912,-0.062
1776825978,983158180,robot_0,-4.498,4.555
1776825978,983164003,robot_1,0.317,4.561
1776825979,184024224,robot_4,-0.352,1.852
1776825979,184041375,robot_2,3.070,-1.641
1776825979,184049019,robot_3,0.933,-0.022
1776825979,184054722,robot_0,-4.537,4.544
1776825979,184060478,robot_1,0.317,4.561
1776825979,384960552,robot_4,-0.378,1.830
1776825979,384981790,robot_2,3.070,-1.641
1776825979,384991234,robot_3,0.956,0.018
1776825979,384998470,robot_0,-4.551,4.540
1776825979,385005282,robot_1,0.317,4.560
1776825979,585011880,robot_4,-0.398,1.813
1776825979,585042995,robot_2,3.070,-1.642
1776825979,585058432,robot_3,0.982,0.065
1776825979,585071687,robot_0,-4.551,4.540
1776825979,585084599,robot_1,0.316,4.560
1776825979,804256901,robot_4,-0.431,1.784
1776825979,804287871,robot_2,3.070,-1.642
1776825979,804298804,robot_3,1.003,0.105
1776825979,804308012,robot_0,-4.551,4.540
1776825979,804316268,robot_1,0.316,4.559
1776825980,4791170,robot_4,-0.459,1.760
1776825980,4825029,robot_2,3.070,-1.643
1776825980,4839473,robot_3,1.019,0.133
1776825980,4850226,robot_0,-4.551,4.539
1776825980,4860209,robot_1,0.316,4.559
1776825980,205143908,robot_4,-0.486,1.736
1776825980,205168271,robot_2,3.070,-1.643
1776825980,205181253,robot_3,1.032,0.157
1776825980,205191233,robot_0,-4.551,4.539
1776825980,205200571,robot_1,0.315,4.559
1776825980,423659243,robot_4,-0.519,1.706
1776825980,423676922,robot_2,3.070,-1.644
1776825980,423683886,robot_3,1.053,0.196
1776825980,423689295,robot_0,-4.552,4.539
1776825980,423694602,robot_1,0.315,4.559
1776825980,624611080,robot_4,-0.554,1.675
1776825980,624639808,robot_2,3.069,-1.644
1776825980,624652688,robot_3,1.073,0.232
1776825980,624664716,robot_0,-4.552,4.538
1776825980,624675014,robot_1,0.314,4.558
1776825980,844415801,robot_4,-0.594,1.640
1776825980,844439228,robot_2,3.069,-1.644
1776825980,844449266,robot_3,1.094,0.273
1776825980,844457229,robot_0,-4.552,4.538
1776825980,844464979,robot_1,0.314,4.558
1776825981,64759702,robot_4,-0.627,1.611
1776825981,64779819,robot_2,3.069,-1.645
1776825981,64786853,robot_3,1.112,0.314
1776825981,64793191,robot_0,-4.553,4.538
1776825981,64799124,robot_1,0.314,4.558
1776825981,283290113,robot_4,-0.679,1.565
1776825981,283309516,robot_2,3.057,-1.627
1776825981,283316769,robot_3,1.140,0.377
1776825981,283322578,robot_0,-4.553,4.538
1776825981,283328225,robot_1,0.314,4.558
1776825981,484033162,robot_4,-0.722,1.527
1776825981,484056532,robot_2,3.036,-1.596
1776825981,484066921,robot_3,1.163,0.430
1776825981,484075583,robot_0,-4.553,4.538
1776825981,484084167,robot_1,0.314,4.558
1776825981,684419863,robot_4,-0.752,1.500
1776825981,684443315,robot_2,3.015,-1.562
1776825981,684453965,robot_3,1.179,0.466
1776825981,684462635,robot_0,-4.553,4.538
1776825981,684470967,robot_1,0.314,4.559
1776825981,884630928,robot_4,-0.780,1.475
1776825981,884658840,robot_2,3.000,-1.539
1776825981,884671200,robot_3,1.196,0.503
1776825981,884681366,robot_0,-4.553,4.538
1776825981,884691094,robot_1,0.315,4.559
1776825982,84665640,robot_4,-0.809,1.449
1776825982,84686066,robot_2,2.986,-1.518
1776825982,84694748,robot_3,1.214,0.539
1776825982,84701106,robot_0,-4.553,4.538
1776825982,84707099,robot_1,0.315,4.559
1776825982,304636912,robot_4,-0.843,1.420
1776825982,304658902,robot_2,2.963,-1.481
1776825982,304667844,robot_3,1.235,0.578
1776825982,304675175,robot_0,-4.554,4.538
1776825982,304683474,robot_1,0.315,4.559
1776825982,524927163,robot_4,-0.883,1.384
1776825982,524949394,robot_2,2.928,-1.426
1776825982,524957796,robot_3,1.259,0.622
1776825982,524964624,robot_0,-4.554,4.538
1776825982,524971541,robot_1,0.316,4.560
1776825982,743786550,robot_4,-0.918,1.353
1776825982,743804599,robot_2,2.896,-1.375
1776825982,743810888,robot_3,1.280,0.662
1776825982,743816510,robot_0,-4.554,4.538
1776825982,743822057,robot_1,0.316,4.560
1776825982,944398617,robot_4,-0.952,1.323
1776825982,944422175,robot_2,2.875,-1.342
1776825982,944432766,robot_3,1.300,0.697
1776825982,944442306,robot_0,-4.555,4.538
1776825982,944450373,robot_1,0.316,4.561
1776825983,144693720,robot_4,-1.007,1.274
1776825983,144713324,robot_2,2.857,-1.314
1776825983,144721061,robot_3,1.320,0.734
1776825983,144727545,robot_0,-4.555,4.539
1776825983,144733373,robot_1,0.316,4.561
1776825983,364280571,robot_4,-1.049,1.236
1776825983,364300955,robot_2,2.834,-1.281
1776825983,364310100,robot_3,1.341,0.773
1776825983,364317418,robot_0,-4.555,4.539
1776825983,364324471,robot_1,0.316,4.561
1776825983,566142702,robot_4,-1.083,1.204
1776825983,566169924,robot_2,2.810,-1.247
1776825983,566181735,robot_3,1.364,0.816
1776825983,566192226,robot_0,-4.555,4.539
1776825983,566202239,robot_1,0.316,4.561
1776825983,783515269,robot_4,-1.135,1.158
1776825983,783532209,robot_2,2.773,-1.195
1776825983,783539751,robot_3,1.404,0.889
1776825983,783545169,robot_0,-4.555,4.540
1776825983,783550485,robot_1,0.316,4.561
1776825983,983801226,robot_4,-1.166,1.129
1776825983,983819219,robot_2,2.747,-1.157
1776825983,983826307,robot_3,1.426,0.930
1776825983,983832056,robot_0,-4.555,4.540
1776825983,983837513,robot_1,0.316,4.561
1776825984,184572961,robot_4,-1.204,1.095
1776825984,184595763,robot_2,2.725,-1.127
1776825984,184605840,robot_3,1.445,0.966
1776825984,184613893,robot_0,-4.555,4.540
1776825984,184621954,robot_1,0.316,4.560
1776825984,403952123,robot_4,-1.260,1.044
1776825984,403968993,robot_2,2.708,-1.102
1776825984,403976028,robot_3,1.467,1.005
1776825984,403981591,robot_0,-4.555,4.540
1776825984,403987306,robot_1,0.315,4.560
1776825984,624155304,robot_4,-1.294,1.013
1776825984,624181644,robot_2,2.686,-1.067
1776825984,624192726,robot_3,1.488,1.044
1776825984,624202173,robot_0,-4.555,4.540
1776825984,624211608,robot_1,0.315,4.560
1776825984,844540390,robot_4,-1.341,0.970
1776825984,844558558,robot_2,2.666,-1.035
1776825984,844565855,robot_3,1.507,1.080
1776825984,844571263,robot_0,-4.555,4.541
1776825984,844577009,robot_1,0.315,4.559
1776825985,63525922,robot_4,-1.390,0.923
1776825985,63546797,robot_2,2.650,-1.008
1776825985,63554108,robot_3,1.527,1.116
1776825985,63559259,robot_0,-4.555,4.541
1776825985,63564323,robot_1,0.314,4.559
1776825985,284111336,robot_4,-1.421,0.892
1776825985,284128424,robot_2,2.627,-0.970
1776825985,284135820,robot_3,1.549,1.155
1776825985,284142086,robot_0,-4.555,4.541
1776825985,284147688,robot_1,0.314,4.559
1776825985,484322934,robot_4,-1.458,0.854
1776825985,484343386,robot_2,2.596,-0.920
1776825985,484350915,robot_3,1.570,1.193
1776825985,484356359,robot_0,-4.554,4.542
1776825985,484362212,robot_1,0.313,4.559
1776825985,684751543,robot_4,-1.491,0.820
1776825985,684776149,robot_2,2.562,-0.863
1776825985,684785478,robot_3,1.589,1.231
1776825985,684793390,robot_0,-4.554,4.542
1776825985,684801619,robot_1,0.313,4.559
1776825985,885403966,robot_4,-1.519,0.792
1776825985,885434399,robot_2,2.542,-0.829
1776825985,885448491,robot_3,1.607,1.266
1776825985,885461332,robot_0,-4.554,4.542
1776825985,885475698,robot_1,0.313,4.559
1776825986,86583269,robot_4,-1.559,0.751
1776825986,86605730,robot_2,2.514,-0.781
1776825986,86612579,robot_3,1.618,1.288
1776825986,86618081,robot_0,-4.553,4.542
1776825986,86623474,robot_1,0.313,4.559
1776825986,304228902,robot_4,-1.597,0.712
1776825986,304251161,robot_2,2.483,-0.727
1776825986,304258289,robot_3,1.634,1.319
1776825986,304263802,robot_0,-4.553,4.542
1776825986,304269399,robot_1,0.313,4.559
1776825986,523341004,robot_4,-1.626,0.682
1776825986,523358179,robot_2,2.460,-0.689
1776825986,523365418,robot_3,1.654,1.359
1776825986,523371155,robot_0,-4.553,4.542
1776825986,523376639,robot_1,0.312,4.559
1776825986,723485705,robot_4,-1.645,0.664
1776825986,723505623,robot_2,2.444,-0.660
1776825986,723514544,robot_3,1.672,1.398
1776825986,723521196,robot_0,-4.553,4.542
1776825986,723527442,robot_1,0.312,4.559
1776825986,924626561,robot_4,-1.671,0.641
1776825986,924644001,robot_2,2.425,-0.630
1776825986,924650623,robot_3,1.688,1.436
1776825986,924656594,robot_0,-4.553,4.542
1776825986,924662131,robot_1,0.312,4.559
1776825987,145133781,robot_4,-1.707,0.610
1776825987,145158557,robot_2,2.403,-0.592
1776825987,145170406,robot_3,1.705,1.477
1776825987,145179544,robot_0,-4.553,4.542
1776825987,145188708,robot_1,0.311,4.560
1776825987,365096306,robot_4,-1.752,0.573
1776825987,365124954,robot_2,2.378,-0.551
1776825987,365136141,robot_3,1.722,1.519
1776825987,365145369,robot_0,-4.552,4.542
1776825987,365154419,robot_1,0.311,4.560
1776825987,566986006,robot_4,-1.784,0.546
1776825987,567018606,robot_2,2.357,-0.516
1776825987,567031374,robot_3,1.737,1.556
1776825987,567040825,robot_0,-4.552,4.541
1776825987,567049894,robot_1,0.311,4.561
1776825987,783343398,robot_4,-1.816,0.518
1776825987,783360972,robot_2,2.333,-0.475
1776825987,783368698,robot_3,1.751,1.591
1776825987,783374297,robot_0,-4.552,4.541
1776825987,783380065,robot_1,0.311,4.561
1776825988,3027092,robot_4,-1.847,0.491
1776825988,3063117,robot_2,2.301,-0.422
1776825988,3079202,robot_3,1.761,1.618
1776825988,3091535,robot_0,-4.551,4.541
1776825988,3103752,robot_1,0.311,4.561
1776825988,204358328,robot_4,-1.876,0.463
1776825988,204380380,robot_2,2.278,-0.384
1776825988,204389526,robot_3,1.776,1.655
1776825988,204396914,robot_0,-4.551,4.540
1776825988,204405089,robot_1,0.311,4.562
1776825988,423850039,robot_4,-1.920,0.420
1776825988,423869488,robot_2,2.250,-0.338
1776825988,423877735,robot_3,1.788,1.686
1776825988,423883220,robot_0,-4.551,4.540
1776825988,423889195,robot_1,0.311,4.562
1776825988,645447589,robot_4,-1.973,0.367
1776825988,645474208,robot_2,2.209,-0.269
1776825988,645489255,robot_3,1.798,1.714
1776825988,645503288,robot_0,-4.551,4.540
1776825988,645517236,robot_1,0.311,4.562
1776825988,864082631,robot_4,-2.005,0.336
1776825988,864111090,robot_2,2.185,-0.229
1776825988,864123372,robot_3,1.811,1.756
1776825988,864133394,robot_0,-4.551,4.540
1776825988,864143997,robot_1,0.311,4.562
1776825989,83460867,robot_4,-2.043,0.298
1776825989,83479188,robot_2,2.160,-0.186
1776825989,83485705,robot_3,1.823,1.792
1776825989,83490923,robot_0,-4.551,4.540
1776825989,83496289,robot_1,0.311,4.563
1776825989,284475549,robot_4,-2.075,0.267
1776825989,284499768,robot_2,2.136,-0.147
1776825989,284510521,robot_3,1.832,1.827
1776825989,284518100,robot_0,-4.551,4.540
1776825989,284526743,robot_1,0.311,4.563
1776825989,503813850,robot_4,-2.106,0.236
1776825989,503830556,robot_2,2.113,-0.110
1776825989,503836940,robot_3,1.842,1.870
1776825989,503842151,robot_0,-4.551,4.540
1776825989,503847330,robot_1,0.312,4.563
1776825989,704531974,robot_4,-2.126,0.217
1776825989,704553987,robot_2,2.082,-0.057
1776825989,704562905,robot_3,1.848,1.897
1776825989,704571327,robot_0,-4.552,4.540
1776825989,704579376,robot_1,0.312,4.564
1776825989,923730245,robot_4,-2.153,0.190
1776825989,923749601,robot_2,2.048,-0.000
1776825989,923757797,robot_3,1.857,1.934
1776825989,923763874,robot_0,-4.552,4.541
1776825989,923770152,robot_1,0.313,4.564
1776825990,123738750,robot_4,-2.182,0.162
1776825990,123759516,robot_2,2.027,0.034
1776825990,123767095,robot_3,1.866,1.972
1776825990,123772971,robot_0,-4.552,4.541
1776825990,123778952,robot_1,0.313,4.564
1776825990,324996426,robot_4,-2.210,0.134
1776825990,325018999,robot_2,2.003,0.074
1776825990,325029336,robot_3,1.874,2.007
1776825990,325036349,robot_0,-4.552,4.541
1776825990,325044138,robot_1,0.313,4.564
1776825990,545028984,robot_4,-2.242,0.103
1776825990,545049141,robot_2,1.978,0.116
1776825990,545055914,robot_3,1.884,2.049
1776825990,545061760,robot_0,-4.553,4.541
1776825990,545067612,robot_1,0.314,4.564
1776825990,745023215,robot_4,-2.273,0.072
1776825990,745043373,robot_2,1.958,0.150
1776825990,745052272,robot_3,1.892,2.084
1776825990,745059068,robot_0,-4.553,4.541
1776825990,745065497,robot_1,0.311,4.532
1776825990,945414817,robot_4,-2.313,0.033
1776825990,945446430,robot_2,1.930,0.196
1776825990,945459700,robot_3,1.898,2.107
1776825990,945470617,robot_0,-4.553,4.541
1776825990,945482149,robot_1,0.309,4.488
1776825991,163140199,robot_4,-2.347,-0.001
1776825991,163166949,robot_2,1.905,0.240
1776825991,163172943,robot_3,1.907,2.145
1776825991,163178347,robot_0,-4.553,4.541
1776825991,163183443,robot_1,0.308,4.444
1776825991,363195581,robot_4,-2.381,-0.035
1776825991,363212993,robot_2,1.885,0.277
1776825991,363219890,robot_3,1.915,2.179
1776825991,363225835,robot_0,-4.553,4.541
1776825991,363231373,robot_1,0.307,4.421
1776825991,563690369,robot_4,-2.435,-0.088
1776825991,563709714,robot_2,1.852,0.335
1776825991,563716865,robot_3,1.920,2.202
1776825991,563722065,robot_0,-4.553,4.541
1776825991,563727623,robot_1,0.304,4.392
1776825991,763879546,robot_4,-2.471,-0.123
1776825991,763897089,robot_2,1.824,0.382
1776825991,763904350,robot_3,1.929,2.238
1776825991,763915399,robot_0,-4.553,4.541
1776825991,763921937,robot_1,0.300,4.352
1776825991,964935954,robot_4,-2.504,-0.156
1776825991,964960855,robot_2,1.802,0.417
1776825991,964972354,robot_3,1.938,2.280
1776825991,964982579,robot_0,-4.553,4.541
1776825991,964991873,robot_1,0.295,4.306
1776825992,183020944,robot_4,-2.555,-0.205
1776825992,183038758,robot_2,1.761,0.480
1776825992,183045810,robot_3,1.950,2.329
1776825992,183051579,robot_0,-4.552,4.541
1776825992,183057731,robot_1,0.292,4.259
1776825992,384665825,robot_4,-2.585,-0.234
1776825992,384689518,robot_2,1.734,0.523
1776825992,384699976,robot_3,1.960,2.368
1776825992,384707655,robot_0,-4.552,4.540
1776825992,384715760,robot_1,0.291,4.218
1776825992,603686908,robot_4,-2.616,-0.263
1776825992,603708265,robot_2,1.710,0.560
1776825992,603715909,robot_3,1.970,2.406
1776825992,603722477,robot_0,-4.552,4.540
1776825992,603728740,robot_1,0.287,4.149
1776825992,804112680,robot_4,-2.644,-0.290
1776825992,804139464,robot_2,1.689,0.595
1776825992,804147721,robot_3,1.978,2.437
1776825992,804154080,robot_0,-4.552,4.540
1776825992,804160710,robot_1,0.283,4.100
1776825993,4438397,robot_4,-2.672,-0.318
1776825993,4471569,robot_2,1.670,0.631
1776825993,4479181,robot_3,1.989,2.476
1776825993,4485397,robot_0,-4.551,4.539
1776825993,4491476,robot_1,0.278,4.058
1776825993,224266215,robot_4,-2.700,-0.344
1776825993,224286463,robot_2,1.645,0.678
1776825993,224293485,robot_3,1.999,2.511
1776825993,224298676,robot_0,-4.551,4.539
1776825993,224304304,robot_1,0.272,4.003
1776825993,424716834,robot_4,-2.723,-0.366
1776825993,424734787,robot_2,1.611,0.740
1776825993,424742242,robot_3,2.007,2.542
1776825993,424758829,robot_0,-4.551,4.539
1776825993,424764731,robot_1,0.267,3.961
1776825993,643677703,robot_4,-2.755,-0.397
1776825993,643696658,robot_2,1.586,0.785
1776825993,643704014,robot_3,2.019,2.584
1776825993,643709863,robot_0,-4.551,4.539
1776825993,643715863,robot_1,0.262,3.913
1776825993,844296186,robot_4,-2.798,-0.438
1776825993,844320627,robot_2,1.564,0.822
1776825993,844332028,robot_3,2.028,2.615
1776825993,844341172,robot_0,-4.551,4.539
1776825993,844350316,robot_1,0.254,3.861
1776825994,63971736,robot_4,-2.848,-0.484
1776825994,63990243,robot_2,1.539,0.864
1776825994,63997176,robot_3,2.038,2.651
1776825994,64002781,robot_0,-4.551,4.539
1776825994,64009309,robot_1,0.246,3.816
1776825994,283146595,robot_4,-2.880,-0.514
1776825994,283163478,robot_2,1.517,0.902
1776825994,283170856,robot_3,2.050,2.694
1776825994,283176701,robot_0,-4.552,4.539
1776825994,283182364,robot_1,0.237,3.772
1776825994,484341811,robot_4,-2.929,-0.560
1776825994,484365584,robot_2,1.501,0.927
1776825994,484375898,robot_3,2.061,2.733
1776825994,484385057,robot_0,-4.552,4.540
1776825994,484394245,robot_1,0.228,3.731
1776825994,685079660,robot_4,-2.976,-0.602
1776825994,685108739,robot_2,1.487,0.952
1776825994,685118952,robot_3,2.074,2.772
1776825994,685127818,robot_0,-4.552,4.540
1776825994,685136524,robot_1,0.220,3.692
1776825994,903770704,robot_4,-3.009,-0.632
1776825994,903799372,robot_2,1.464,0.990
1776825994,903805987,robot_3,2.089,2.812
1776825994,903811717,robot_0,-4.552,4.540
1776825994,903817984,robot_1,0.212,3.654
1776825995,104321160,robot_4,-3.056,-0.672
1776825995,104345079,robot_2,1.431,1.045
1776825995,104354435,robot_3,2.099,2.841
1776825995,104362560,robot_0,-4.553,4.540
1776825995,104370647,robot_1,0.206,3.621
1776825995,325030169,robot_4,-3.097,-0.708
1776825995,325053972,robot_2,1.393,1.107
1776825995,325064806,robot_3,2.111,2.880
1776825995,325074816,robot_0,-4.553,4.540
1776825995,325083217,robot_1,0.197,3.578
1776825995,544666243,robot_4,-3.134,-0.740
1776825995,544690372,robot_2,1.371,1.145
1776825995,544699022,robot_3,2.123,2.918
1776825995,544706807,robot_0,-4.553,4.540
1776825995,544714314,robot_1,0.186,3.529
1776825995,745361143,robot_4,-3.178,-0.777
1776825995,745399464,robot_2,1.353,1.175
1776825995,745419473,robot_3,2.131,2.943
1776825995,745436396,robot_0,-4.554,4.540
1776825995,745453030,robot_1,0.177,3.485
1776825995,945453468,robot_4,-3.214,-0.805
1776825995,945474696,robot_2,1.333,1.208
1776825995,945482962,robot_3,2.142,2.979
1776825995,945489406,robot_0,-4.554,4.540
1776825995,945497166,robot_1,0.169,3.446
1776825996,164433045,robot_4,-3.252,-0.834
1776825996,164456445,robot_2,1.310,1.247
1776825996,164466937,robot_3,2.157,3.029
1776825996,164485804,robot_0,-4.554,4.540
1776825996,164493654,robot_1,0.155,3.380
1776825996,385045177,robot_4,-3.297,-0.868
1776825996,385063774,robot_2,1.279,1.298
1776825996,385070747,robot_3,2.182,3.108
1776825996,385076298,robot_0,-4.553,4.540
1776825996,385082785,robot_1,0.143,3.322
1776825996,604357299,robot_4,-3.332,-0.895
1776825996,604387929,robot_2,1.255,1.340
1776825996,604402001,robot_3,2.196,3.156
1776825996,604412345,robot_0,-4.553,4.540
1776825996,604423582,robot_1,0.134,3.279
1776825996,823293240,robot_4,-3.379,-0.931
1776825996,823318756,robot_2,1.230,1.384
1776825996,823327119,robot_3,2.215,3.216
1776825996,823333888,robot_0,-4.553,4.540
1776825996,823340522,robot_1,0.125,3.235
1776825997,23610436,robot_4,-3.429,-0.969
1776825997,23628094,robot_2,1.203,1.434
1776825997,23634964,robot_3,2.235,3.283
1776825997,23640109,robot_0,-4.552,4.540
1776825997,23645622,robot_1,0.117,3.196
1776825997,223994589,robot_4,-3.461,-0.993
1776825997,224025072,robot_2,1.185,1.472
1776825997,224040002,robot_3,2.247,3.322
1776825997,224052185,robot_0,-4.552,4.540
1776825997,224063410,robot_1,0.109,3.154
1776825997,443966178,robot_4,-3.496,-1.019
1776825997,444002627,robot_2,1.165,1.515
1776825997,444012985,robot_3,2.257,3.355
1776825997,444021423,robot_0,-4.552,4.539
1776825997,444029549,robot_1,0.097,3.100
1776825997,644224681,robot_4,-3.528,-1.043
1776825997,644243856,robot_2,1.144,1.557
1776825997,644251568,robot_3,2.265,3.384
1776825997,644258299,robot_0,-4.552,4.539
1776825997,644265038,robot_1,0.089,3.059
1776825997,863072880,robot_4,-3.563,-1.069
1776825997,863090600,robot_2,1.123,1.595
1776825997,863096648,robot_3,2.275,3.427
1776825997,863102139,robot_0,-4.552,4.539
1776825997,863107449,robot_1,0.078,3.005
1776825998,64486656,robot_4,-3.617,-1.107
1776825998,64510945,robot_2,1.095,1.645
1776825998,64519707,robot_3,2.283,3.462
1776825998,64527597,robot_0,-4.552,4.538
1776825998,64534910,robot_1,0.064,2.936
1776825998,283295322,robot_4,-3.675,-1.148
1776825998,283313294,robot_2,1.056,1.715
1776825998,283319714,robot_3,2.292,3.502
1776825998,283325113,robot_0,-4.552,4.538
1776825998,283330322,robot_1,0.056,2.887
1776825998,484282486,robot_4,-3.707,-1.172
1776825998,484312494,robot_2,1.037,1.751
1776825998,484325577,robot_3,2.300,3.541
1776825998,484338986,robot_0,-4.552,4.538
1776825998,484350338,robot_1,0.050,2.854
1776825998,703847120,robot_4,-3.767,-1.215
1776825998,703866964,robot_2,1.018,1.784
1776825998,703874961,robot_3,2.317,3.615
1776825998,703881797,robot_0,-4.552,4.538
1776825998,703887993,robot_1,0.046,2.820
1776825998,904133240,robot_4,-3.813,-1.248
1776825998,904151900,robot_2,1.001,1.815
1776825998,904159399,robot_3,2.329,3.673
1776825998,904164701,robot_0,-4.552,4.538
1776825998,904170062,robot_1,0.043,2.780
1776825999,124274257,robot_4,-3.850,-1.275
1776825999,124312741,robot_2,0.979,1.853
1776825999,124334412,robot_3,2.338,3.718
1776825999,124350811,robot_0,-4.552,4.539
1776825999,124368046,robot_1,0.040,2.744
1776825999,343935477,robot_4,-3.893,-1.305
1776825999,343956421,robot_2,0.966,1.878
1776825999,343965037,robot_3,2.351,3.778
1776825999,343972095,robot_0,-4.552,4.539
1776825999,343979256,robot_1,0.037,2.708
1776825999,543949566,robot_4,-3.927,-1.330
1776825999,543970834,robot_2,0.950,1.906
1776825999,543977333,robot_3,2.360,3.821
1776825999,543982885,robot_0,-4.552,4.539
1776825999,543988762,robot_1,0.035,2.668
1776825999,763972122,robot_4,-3.970,-1.361
1776825999,763988697,robot_2,0.929,1.945
1776825999,763995623,robot_3,2.369,3.867
1776825999,764001637,robot_0,-4.553,4.539
1776825999,764007175,robot_1,0.031,2.610
1776825999,983082914,robot_4,-4.037,-1.409
1776825999,983107216,robot_2,0.907,1.986
1776825999,983113383,robot_3,2.380,3.920
1776825999,983118649,robot_0,-4.553,4.539
1776825999,983123945,robot_1,0.027,2.558
1776826000,202997953,robot_4,-4.077,-1.438
1776826000,203016218,robot_2,0.888,2.026
1776826000,203023282,robot_3,2.389,3.963
1776826000,203028151,robot_0,-4.553,4.539
1776826000,203033160,robot_1,0.024,2.511
1776826000,423503077,robot_4,-4.108,-1.460
1776826000,423523078,robot_2,0.869,2.069
1776826000,423530798,robot_3,2.396,3.998
1776826000,423536450,robot_0,-4.554,4.539
1776826000,423542099,robot_1,0.019,2.444
1776826000,623650489,robot_4,-4.134,-1.478
1776826000,623669056,robot_2,0.850,2.112
1776826000,623676170,robot_3,2.401,4.028
1776826000,623681689,robot_0,-4.554,4.539
1776826000,623687414,robot_1,0.016,2.398
1776826000,842900574,robot_4,-4.170,-1.504
1776826000,842922820,robot_2,0.832,2.153
1776826000,842929705,robot_3,2.407,4.071
1776826000,842934938,robot_0,-4.554,4.539
1776826000,842939864,robot_1,0.013,2.360
1776826001,43717032,robot_4,-4.193,-1.521
1776826001,43738582,robot_2,0.812,2.198
1776826001,43748245,robot_3,2.415,4.129
1776826001,43755303,robot_0,-4.554,4.539
1776826001,43763064,robot_1,0.011,2.336
1776826001,263121393,robot_4,-4.219,-1.540
1776826001,263139068,robot_2,0.785,2.255
1776826001,263146128,robot_3,2.424,4.195
1776826001,263151773,robot_0,-4.554,4.539
1776826001,263156830,robot_1,0.007,2.295
1776826001,463286794,robot_4,-4.251,-1.563
1776826001,463304478,robot_2,0.767,2.291
1776826001,463310885,robot_3,2.430,4.234
1776826001,463315819,robot_0,-4.553,4.539
1776826001,463320925,robot_1,0.002,2.251
1776826001,683068708,robot_4,-4.307,-1.602
1776826001,683085862,robot_2,0.738,2.349
1776826001,683092664,robot_3,2.433,4.261
1776826001,683098295,robot_0,-4.553,4.539
1776826001,683103596,robot_1,-0.005,2.200
1776826001,883923821,robot_4,-4.352,-1.632
1776826001,883942631,robot_2,0.708,2.411
1776826001,883949749,robot_3,2.435,4.274
1776826001,883954544,robot_0,-4.552,4.539
1776826001,883959728,robot_1,-0.012,2.160
1776826002,103287451,robot_4,-4.353,-1.633
1776826002,103306502,robot_2,0.688,2.451
1776826002,103313764,robot_3,2.435,4.274
1776826002,103318567,robot_0,-4.552,4.539
1776826002,103323496,robot_1,-0.018,2.126
1776826002,304256480,robot_4,-4.353,-1.633
1776826002,304293083,robot_2,0.677,2.473
1776826002,304304488,robot_3,2.434,4.274
1776826002,304313093,robot_0,-4.552,4.538
1776826002,304322709,robot_1,-0.023,2.099
1776826002,524551875,robot_4,-4.353,-1.632
1776826002,524569598,robot_2,0.664,2.501
1776826002,524576837,robot_3,2.434,4.274
1776826002,524582936,robot_0,-4.552,4.538
1776826002,524588779,robot_1,-0.032,2.056
1776826002,743981220,robot_4,-4.353,-1.632
1776826002,744006675,robot_2,0.644,2.540
1776826002,744018205,robot_3,2.434,4.274
1776826002,744027838,robot_0,-4.552,4.538
1776826002,744036805,robot_1,-0.038,2.025
1776826002,944057114,robot_4,-4.354,-1.632
1776826002,944082528,robot_2,0.634,2.560
1776826002,944094973,robot_3,2.433,4.275
1776826002,944103828,robot_0,-4.552,4.537
1776826002,944113061,robot_1,-0.043,1.994
1776826003,163281185,robot_4,-4.354,-1.632
1776826003,163297574,robot_2,0.618,2.592
1776826003,163304256,robot_3,2.433,4.275
1776826003,163309706,robot_0,-4.552,4.537
1776826003,163314840,robot_1,-0.049,1.950
1776826003,363333793,robot_4,-4.354,-1.632
1776826003,363350868,robot_2,0.600,2.628
1776826003,363357793,robot_3,2.433,4.276
1776826003,363363283,robot_0,-4.552,4.537
1776826003,363368589,robot_1,-0.053,1.923
1776826003,564021468,robot_4,-4.355,-1.632
1776826003,564042501,robot_2,0.580,2.669
1776826003,564049551,robot_3,2.433,4.276
1776826003,564055423,robot_0,-4.552,4.537
1776826003,564061114,robot_1,-0.056,1.891
1776826003,764228404,robot_4,-4.355,-1.632
1776826003,764257953,robot_2,0.561,2.707
1776826003,764273829,robot_3,2.433,4.276
1776826003,764285025,robot_0,-4.552,4.537
1776826003,764296408,robot_1,-0.060,1.851
1776826003,984259458,robot_4,-4.355,-1.633
1776826003,984276162,robot_2,0.543,2.743
1776826003,984283384,robot_3,2.433,4.277
1776826003,984289116,robot_0,-4.552,4.536
1776826003,984294940,robot_1,-0.065,1.808
1776826004,203088622,robot_4,-4.355,-1.633
1776826004,203105838,robot_2,0.532,2.765
1776826004,203112789,robot_3,2.433,4.277
1776826004,203118310,robot_0,-4.552,4.536
1776826004,203123920,robot_1,-0.071,1.765
1776826004,403174906,robot_4,-4.355,-1.633
1776826004,403192492,robot_2,0.517,2.798
1776826004,403199295,robot_3,2.433,4.277
1776826004,403204933,robot_0,-4.552,4.536
1776826004,403210408,robot_1,-0.076,1.723
1776826004,603379749,robot_4,-4.355,-1.633
1776826004,603399657,robot_2,0.502,2.831
1776826004,603407647,robot_3,2.433,4.276
1776826004,603414519,robot_0,-4.553,4.536
1776826004,603420857,robot_1,-0.085,1.649
1776826004,824325908,robot_4,-4.356,-1.633
1776826004,824357086,robot_2,0.488,2.861
1776826004,824371696,robot_3,2.433,4.276
1776826004,824382929,robot_0,-4.553,4.535
1776826004,824394298,robot_1,-0.093,1.588
1776826005,24660519,robot_4,-4.356,-1.633
1776826005,24690306,robot_2,0.472,2.896
1776826005,24704878,robot_3,2.433,4.276
1776826005,24717472,robot_0,-4.553,4.535
1776826005,24728834,robot_1,-0.098,1.549
1776826005,224775352,robot_4,-4.356,-1.634
1776826005,224806066,robot_2,0.456,2.931
1776826005,224820980,robot_3,2.434,4.275
1776826005,224833227,robot_0,-4.554,4.535
1776826005,224844220,robot_1,-0.103,1.513
1776826005,444269040,robot_4,-4.356,-1.634
1776826005,444286546,robot_2,0.439,2.969
1776826005,444293463,robot_3,2.434,4.275
1776826005,444299444,robot_0,-4.554,4.535
1776826005,444304869,robot_1,-0.109,1.470
1776826005,664071068,robot_4,-4.356,-1.634
1776826005,664091467,robot_2,0.424,3.011
1776826005,664099982,robot_3,2.434,4.275
1776826005,664106707,robot_0,-4.554,4.535
1776826005,664113068,robot_1,-0.114,1.425
1776826005,864409152,robot_4,-4.356,-1.635
1776826005,864434726,robot_2,0.405,3.065
1776826005,864448321,robot_3,2.434,4.275
1776826005,864458380,robot_0,-4.554,4.535
1776826005,864467552,robot_1,-0.120,1.383
1776826006,83549768,robot_4,-4.356,-1.635
1776826006,83570343,robot_2,0.378,3.139
1776826006,83577901,robot_3,2.435,4.274
1776826006,83583942,robot_0,-4.554,4.535
1776826006,83589522,robot_1,-0.125,1.339
1776826006,284259996,robot_4,-4.355,-1.635
1776826006,284278131,robot_2,0.364,3.177
1776826006,284284963,robot_3,2.435,4.274
1776826006,284290218,robot_0,-4.555,4.535
1776826006,284295246,robot_1,-0.132,1.288
1776826006,503608903,robot_4,-4.355,-1.635
1776826006,503629263,robot_2,0.353,3.209
1776826006,503637677,robot_3,2.435,4.274
1776826006,503645008,robot_0,-4.555,4.536
1776826006,503653054,robot_1,-0.140,1.223
1776826006,704310494,robot_4,-4.341,-1.623
1776826006,704339099,robot_2,0.342,3.239
1776826006,704348472,robot_3,2.435,4.274
1776826006,704356573,robot_0,-4.555,4.536
1776826006,704363774,robot_1,-0.145,1.184
1776826006,905046067,robot_4,-4.284,-1.576
1776826006,905066102,robot_2,0.329,3.276
1776826006,905075137,robot_3,2.435,4.274
1776826006,905083144,robot_0,-4.555,4.536
1776826006,905089586,robot_1,-0.152,1.128
1776826007,125036465,robot_4,-4.248,-1.546
1776826007,125063732,robot_2,0.311,3.328
1776826007,125075131,robot_3,2.436,4.274
1776826007,125085152,robot_0,-4.556,4.537
1776826007,125094644,robot_1,-0.161,1.061
1776826007,344014061,robot_4,-4.206,-1.511
1776826007,344042104,robot_2,0.296,3.376
1776826007,344055991,robot_3,2.436,4.275
1776826007,344066742,robot_0,-4.556,4.537
1776826007,344076908,robot_1,-0.167,1.018
1776826007,565580090,robot_4,-4.164,-1.477
1776826007,565640854,robot_2,0.285,3.420
1776826007,565673357,robot_3,2.436,4.275
1776826007,565702328,robot_0,-4.556,4.537
1776826007,565729630,robot_1,-0.172,0.974
1776826007,784973292,robot_4,-4.130,-1.448
1776826007,784996324,robot_2,0.272,3.469
1776826007,785006850,robot_3,2.437,4.275
1776826007,785014109,robot_0,-4.556,4.538
1776826007,785022542,robot_1,-0.176,0.931
1776826008,5100317,robot_4,-4.090,-1.415
1776826008,5133845,robot_2,0.260,3.513
1776826008,5146208,robot_3,2.437,4.275
1776826008,5155658,robot_0,-4.556,4.538
1776826008,5164346,robot_1,-0.179,0.889
1776826008,223612501,robot_4,-4.054,-1.385
1776826008,223630651,robot_2,0.248,3.559
1776826008,223637691,robot_3,2.437,4.276
1776826008,223643336,robot_0,-4.556,4.538
1776826008,223649142,robot_1,-0.181,0.858
1776826008,425453860,robot_4,-4.023,-1.359
1776826008,425484285,robot_2,0.236,3.608
1776826008,425499619,robot_3,2.437,4.276
1776826008,425511587,robot_0,-4.556,4.538
1776826008,425524646,robot_1,-0.183,0.821
1776826008,625976915,robot_4,-3.990,-1.332
1776826008,626017455,robot_2,0.228,3.649
1776826008,626038148,robot_3,2.437,4.276
1776826008,626055293,robot_0,-4.556,4.538
1776826008,626071501,robot_1,-0.186,0.780
1776826008,844501741,robot_4,-3.956,-1.304
1776826008,844529183,robot_2,0.217,3.704
1776826008,844540935,robot_3,2.437,4.277
1776826008,844549692,robot_0,-4.555,4.538
1776826008,844559214,robot_1,-0.190,0.732
1776826009,63486754,robot_4,-3.923,-1.276
1776826009,63505515,robot_2,0.203,3.780
1776826009,63511924,robot_3,2.437,4.277
1776826009,63517786,robot_0,-4.555,4.539
1776826009,63523446,robot_1,-0.193,0.688
1776826009,263722571,robot_4,-3.894,-1.252
1776826009,263743827,robot_2,0.196,3.820
1776826009,263751724,robot_3,2.437,4.276
1776826009,263758229,robot_0,-4.555,4.539
1776826009,263764642,robot_1,-0.196,0.637
1776826009,484039682,robot_4,-3.860,-1.225
1776826009,484065678,robot_2,0.190,3.856
1776826009,484077643,robot_3,2.437,4.276
1776826009,484086998,robot_0,-4.555,4.539
1776826009,484096938,robot_1,-0.199,0.563
1776826009,703186969,robot_4,-3.825,-1.195
1776826009,703207162,robot_2,0.185,3.891
1776826009,703215149,robot_3,2.437,4.276
1776826009,703221487,robot_0,-4.554,4.539
1776826009,703227241,robot_1,-0.200,0.517
1776826009,922970781,robot_4,-3.787,-1.164
1776826009,922988813,robot_2,0.182,3.935
1776826009,922995904,robot_3,2.437,4.275
1776826009,923001846,robot_0,-4.554,4.539
1776826009,923007184,robot_1,-0.201,0.463
1776826010,124273279,robot_4,-3.757,-1.138
1776826010,124300606,robot_2,0.180,3.963
1776826010,124317461,robot_3,2.436,4.275
1776826010,124333547,robot_0,-4.553,4.539
1776826010,124341515,robot_1,-0.202,0.413
1776826010,324691102,robot_4,-3.731,-1.117
1776826010,324709041,robot_2,0.177,3.995
1776826010,324715731,robot_3,2.436,4.275
1776826010,324720832,robot_0,-4.554,4.526
1776826010,324725976,robot_1,-0.202,0.373
1776826010,524711418,robot_4,-3.706,-1.096
1776826010,524735232,robot_2,0.174,4.035
1776826010,524742585,robot_3,2.436,4.275
1776826010,524749121,robot_0,-4.558,4.472
1776826010,524754291,robot_1,-0.203,0.310
1776826010,745133172,robot_4,-3.672,-1.068
1776826010,745158084,robot_2,0.171,4.078
1776826010,745170683,robot_3,2.435,4.275
1776826010,745179539,robot_0,-4.561,4.427
1776826010,745188518,robot_1,-0.204,0.235
1776826010,964560976,robot_4,-3.627,-1.031
1776826010,964579848,robot_2,0.170,4.122
1776826010,964588531,robot_3,2.435,4.275
1776826010,964594544,robot_0,-4.563,4.392
1776826010,964600881,robot_1,-0.204,0.191
1776826011,183939933,robot_4,-3.584,-0.997
1776826011,183958794,robot_2,0.171,4.169
1776826011,183966250,robot_3,2.434,4.275
1776826011,183972191,robot_0,-4.567,4.360
1776826011,183977299,robot_1,-0.206,0.120
1776826011,384423224,robot_4,-3.552,-0.973
1776826011,384439903,robot_2,0.172,4.231
1776826011,384446228,robot_3,2.434,4.275
1776826011,384451584,robot_0,-4.572,4.320
1776826011,384456859,robot_1,-0.209,0.066
1776826011,603356011,robot_4,-3.511,-0.941
1776826011,603374793,robot_2,0.172,4.283
1776826011,603381966,robot_3,2.434,4.275
1776826011,603387859,robot_0,-4.577,4.285
1776826011,603393572,robot_1,-0.212,0.024
1776826011,804170601,robot_4,-3.477,-0.915
1776826011,804203535,robot_2,0.173,4.325
1776826011,804216773,robot_3,2.435,4.275
1776826011,804226738,robot_0,-4.581,4.263
1776826011,804236747,robot_1,-0.215,-0.006
1776826012,23438722,robot_4,-3.444,-0.890
1776826012,23456278,robot_2,0.173,4.374
1776826012,23463208,robot_3,2.435,4.275
1776826012,23469014,robot_0,-4.581,4.263
1776826012,23474136,robot_1,-0.218,-0.047
1776826012,224760912,robot_4,-3.427,-0.877
1776826012,224791652,robot_2,0.172,4.414
1776826012,224805268,robot_3,2.435,4.275
1776826012,224815388,robot_0,-4.581,4.263
1776826012,224825997,robot_1,-0.222,-0.086
1776826012,425165547,robot_4,-3.401,-0.857
1776826012,425203656,robot_2,0.171,4.457
1776826012,425224418,robot_3,2.436,4.275
1776826012,425242113,robot_0,-4.581,4.263
1776826012,425259522,robot_1,-0.225,-0.121
1776826012,625697393,robot_4,-3.367,-0.831
1776826012,625727623,robot_2,0.170,4.504
1776826012,625741580,robot_3,2.436,4.275
1776826012,625753210,robot_0,-4.582,4.263
1776826012,625765207,robot_1,-0.228,-0.160
1776826012,843886525,robot_4,-3.315,-0.791
1776826012,843910535,robot_2,0.169,4.548
1776826012,843924988,robot_3,2.436,4.276
1776826012,843933994,robot_0,-4.582,4.263
1776826012,843941994,robot_1,-0.232,-0.213
1776826013,46331799,robot_4,-3.280,-0.764
1776826013,46351918,robot_2,0.168,4.590
1776826013,46359459,robot_3,2.437,4.276
1776826013,46365216,robot_0,-4.582,4.262
1776826013,46370922,robot_1,-0.239,-0.285
1776826013,263467160,robot_4,-3.239,-0.733
1776826013,263484585,robot_2,0.166,4.638
1776826013,263491566,robot_3,2.437,4.276
1776826013,263496958,robot_0,-4.583,4.262
1776826013,263501570,robot_1,-0.243,-0.337
1776826013,463904074,robot_4,-3.187,-0.693
1776826013,463933366,robot_2,0.165,4.678
1776826013,463943148,robot_3,2.437,4.277
1776826013,463951256,robot_0,-4.583,4.262
1776826013,463959041,robot_1,-0.246,-0.375
1776826013,664743795,robot_4,-3.152,-0.666
1776826013,664766203,robot_2,0.164,4.718
1776826013,664775634,robot_3,2.437,4.277
1776826013,664784568,robot_0,-4.583,4.262
1776826013,664792789,robot_1,-0.249,-0.412
1776826013,884233025,robot_4,-3.123,-0.644
1776826013,884251499,robot_2,0.169,4.751
1776826013,884258958,robot_3,2.437,4.277
1776826013,884264033,robot_0,-4.583,4.261
1776826013,884269345,robot_1,-0.253,-0.456
1776826014,84988370,robot_4,-3.106,-0.631
1776826014,85008543,robot_2,0.169,4.751
1776826014,85015162,robot_3,2.437,4.277
1776826014,85020120,robot_0,-4.583,4.261
1776826014,85025620,robot_1,-0.257,-0.506
1776826014,306806172,robot_4,-3.073,-0.604
1776826014,306830791,robot_2,0.167,4.747
1776826014,306843160,robot_3,2.437,4.276
1776826014,306854781,robot_0,-4.583,4.261
1776826014,306864669,robot_1,-0.263,-0.569
1776826014,524201516,robot_4,-3.036,-0.574
1776826014,524228243,robot_2,0.168,4.730
1776826014,524240517,robot_3,2.436,4.276
1776826014,524250439,robot_0,-4.583,4.261
1776826014,524259807,robot_1,-0.266,-0.613
1776826014,743149078,robot_4,-3.000,-0.544
1776826014,743167135,robot_2,0.170,4.711
1776826014,743173534,robot_3,2.436,4.276
1776826014,743178626,robot_0,-4.583,4.261
1776826014,743184194,robot_1,-0.270,-0.653
1776826014,944046852,robot_4,-2.969,-0.518
1776826014,944073899,robot_2,0.176,4.694
1776826014,944084558,robot_3,2.436,4.275
1776826014,944093771,robot_0,-4.583,4.260
1776826014,944102838,robot_1,-0.273,-0.689
1776826015,144162913,robot_4,-2.930,-0.486
1776826015,144189509,robot_2,0.187,4.679
1776826015,144201838,robot_3,2.435,4.275
1776826015,144210792,robot_0,-4.583,4.260
1776826015,144219959,robot_1,-0.276,-0.729
1776826015,344487262,robot_4,-2.889,-0.455
1776826015,344525229,robot_2,0.205,4.666
1776826015,344543775,robot_3,2.435,4.275
1776826015,344559665,robot_0,-4.582,4.260
1776826015,344575365,robot_1,-0.278,-0.756
1776826015,546074025,robot_4,-2.856,-0.432
1776826015,546099285,robot_2,0.213,4.664
1776826015,546109363,robot_3,2.434,4.275
1776826015,546117496,robot_0,-4.582,4.260
1776826015,546125355,robot_1,-0.280,-0.786
1776826015,764279915,robot_4,-2.819,-0.406
1776826015,764307425,robot_2,0.216,4.667
1776826015,764321566,robot_3,2.434,4.275
1776826015,764333625,robot_0,-4.582,4.260
1776826015,764344639,robot_1,-0.282,-0.830
1776826015,983343989,robot_4,-2.781,-0.381
1776826015,983364382,robot_2,0.220,4.670
1776826015,983373692,robot_3,2.434,4.275
1776826015,983380863,robot_0,-4.581,4.259
1776826015,983387563,robot_1,-0.285,-0.886
1776826016,184529916,robot_4,-2.747,-0.359
1776826016,184548390,robot_2,0.222,4.671
1776826016,184556424,robot_3,2.434,4.275
1776826016,184562075,robot_0,-4.581,4.259
1776826016,184568234,robot_1,-0.289,-0.931
1776826016,404713468,robot_4,-2.682,-0.318
1776826016,404743499,robot_2,0.222,4.671
1776826016,404755220,robot_3,2.434,4.275
1776826016,404764599,robot_0,-4.581,4.259
1776826016,404773961,robot_1,-0.295,-0.977
1776826016,623564564,robot_4,-2.629,-0.284
1776826016,623584177,robot_2,0.222,4.671
1776826016,623592075,robot_3,2.434,4.275
1776826016,623598685,robot_0,-4.581,4.259
1776826016,623605363,robot_1,-0.304,-1.058
1776826016,844347787,robot_4,-2.596,-0.262
1776826016,844369464,robot_2,0.224,4.671
1776826016,844378812,robot_3,2.434,4.275
1776826016,844386618,robot_0,-4.581,4.259
1776826016,844393436,robot_1,-0.311,-1.115
1776826017,63476860,robot_4,-2.576,-0.249
1776826017,63496738,robot_2,0.228,4.672
1776826017,63503643,robot_3,2.435,4.275
1776826017,63509552,robot_0,-4.581,4.259
1776826017,63514833,robot_1,-0.316,-1.158
1776826017,283088881,robot_4,-2.542,-0.227
1776826017,283106272,robot_2,0.232,4.672
1776826017,283112921,robot_3,2.435,4.275
1776826017,283118077,robot_0,-4.581,4.260
1776826017,283123306,robot_1,-0.322,-1.199
1776826017,502987123,robot_4,-2.493,-0.195
1776826017,503004640,robot_2,0.236,4.671
1776826017,503011150,robot_3,2.435,4.276
1776826017,503015812,robot_0,-4.582,4.260
1776826017,503021687,robot_1,-0.330,-1.242
1776826017,703995851,robot_4,-2.434,-0.158
1776826017,704018392,robot_2,0.234,4.664
1776826017,704027444,robot_3,2.436,4.276
1776826017,704034050,robot_0,-4.582,4.260
1776826017,704041361,robot_1,-0.336,-1.270
1776826017,904085691,robot_4,-2.398,-0.137
1776826017,904109417,robot_2,0.236,4.662
1776826017,904119983,robot_3,2.436,4.276
1776826017,904128295,robot_0,-4.582,4.260
1776826017,904136555,robot_1,-0.341,-1.294
1776826018,124499808,robot_4,-2.367,-0.119
1776826018,124526157,robot_2,0.238,4.660
1776826018,124537601,robot_3,2.436,4.277
1776826018,124546733,robot_0,-4.582,4.261
1776826018,124556287,robot_1,-0.349,-1.338
1776826018,344037085,robot_4,-2.338,-0.102
1776826018,344057058,robot_2,0.240,4.657
1776826018,344065052,robot_3,2.436,4.277
1776826018,344071310,robot_0,-4.583,4.261
1776826018,344077080,robot_1,-0.360,-1.391
1776826018,544596870,robot_4,-2.304,-0.082
1776826018,544620815,robot_2,0.240,4.656
1776826018,544629545,robot_3,2.436,4.277
1776826018,544636850,robot_0,-4.583,4.262
1776826018,544643716,robot_1,-0.367,-1.437
1776826018,764265697,robot_4,-2.276,-0.066
1776826018,764286675,robot_2,0.240,4.656
1776826018,764296776,robot_3,2.436,4.277
1776826018,764304278,robot_0,-4.583,4.262
1776826018,764312048,robot_1,-0.373,-1.481
1776826018,983034322,robot_4,-2.246,-0.048
1776826018,983051413,robot_2,0.240,4.656
1776826018,983058637,robot_3,2.436,4.277
1776826018,983064070,robot_0,-4.583,4.262
1776826018,983069991,robot_1,-0.376,-1.506
1776826019,183048376,robot_4,-2.211,-0.028
1776826019,183066007,robot_2,0.241,4.655
1776826019,183072617,robot_3,2.436,4.277
1776826019,183077986,robot_0,-4.583,4.262
1776826019,183083438,robot_1,-0.378,-1.536
1776826019,384891249,robot_4,-2.158,0.003
1776826019,384913694,robot_2,0.241,4.655
1776826019,384921887,robot_3,2.435,4.276
1776826019,384928436,robot_0,-4.582,4.262
1776826019,384935190,robot_1,-0.381,-1.576
1776826019,603582982,robot_4,-2.106,0.032
1776826019,603602893,robot_2,0.241,4.654
1776826019,603610451,robot_3,2.435,4.276
1776826019,603615991,robot_0,-4.582,4.262
1776826019,603621705,robot_1,-0.382,-1.579
1776826019,804363760,robot_4,-2.072,0.051
1776826019,804396451,robot_2,0.242,4.654
1776826019,804407525,robot_3,2.435,4.276
1776826019,804413998,robot_0,-4.582,4.263
1776826019,804419933,robot_1,-0.381,-1.580
1776826020,23322271,robot_4,-2.037,0.069
1776826020,23340087,robot_2,0.242,4.654
1776826020,23346866,robot_3,2.434,4.275
1776826020,23352144,robot_0,-4.582,4.263
1776826020,23357008,robot_1,-0.381,-1.580
1776826020,223578642,robot_4,-2.003,0.088
1776826020,223597702,robot_2,0.243,4.653
1776826020,223604318,robot_3,2.434,4.275
1776826020,223609580,robot_0,-4.582,4.263
1776826020,223616204,robot_1,-0.380,-1.580
1776826020,423588343,robot_4,-1.967,0.108
1776826020,423606821,robot_2,0.243,4.653
1776826020,423613626,robot_3,2.433,4.275
1776826020,423619442,robot_0,-4.581,4.263
1776826020,423624854,robot_1,-0.380,-1.580
1776826020,643348264,robot_4,-1.919,0.134
1776826020,643367095,robot_2,0.243,4.652
1776826020,643374308,robot_3,2.433,4.275
1776826020,643379464,robot_0,-4.581,4.263
1776826020,643385207,robot_1,-0.380,-1.581
1776826020,845165384,robot_4,-1.883,0.157
1776826020,845185541,robot_2,0.243,4.652
1776826020,845192311,robot_3,2.433,4.275
1776826020,845197772,robot_0,-4.581,4.264
1776826020,845203443,robot_1,-0.380,-1.581
1776826021,64963313,robot_4,-1.844,0.182
1776826021,64986972,robot_2,0.242,4.651
1776826021,64994612,robot_3,2.433,4.275
1776826021,65000151,robot_0,-4.580,4.263
1776826021,65010577,robot_1,-0.379,-1.582
1776826021,283334017,robot_4,-1.800,0.211
1776826021,283350295,robot_2,0.210,4.652
1776826021,283357030,robot_3,2.433,4.275
1776826021,283362066,robot_0,-4.583,4.242
1776826021,283367904,robot_1,-0.379,-1.582
1776826021,484711793,robot_4,-1.767,0.233
1776826021,484732611,robot_2,0.173,4.653
1776826021,484740387,robot_3,2.433,4.275
1776826021,484747462,robot_0,-4.587,4.207
1776826021,484754599,robot_1,-0.380,-1.583
1776826021,705013732,robot_4,-1.729,0.258
1776826021,705041669,robot_2,0.136,4.654
1776826021,705053742,robot_3,2.434,4.275
1776826021,705063440,robot_0,-4.593,4.164
1776826021,705074144,robot_1,-0.380,-1.583
1776826021,923928188,robot_4,-1.692,0.282
1776826021,923946959,robot_2,0.136,4.654
1776826021,923955232,robot_3,2.434,4.276
1776826021,923961673,robot_0,-4.594,4.152
1776826021,923967952,robot_1,-0.380,-1.583
1776826022,143173082,robot_4,-1.655,0.307
1776826022,143190552,robot_2,0.135,4.654
1776826022,143197805,robot_3,2.434,4.276
1776826022,143203177,robot_0,-4.595,4.152
1776826022,143208565,robot_1,-0.380,-1.583
1776826022,343427982,robot_4,-1.628,0.324
1776826022,343445704,robot_2,0.135,4.655
1776826022,343452469,robot_3,2.435,4.276
1776826022,343457844,robot_0,-4.595,4.152
1776826022,343463355,robot_1,-0.380,-1.583
1776826022,544434051,robot_4,-1.600,0.342
1776826022,544455507,robot_2,0.135,4.655
1776826022,544462187,robot_3,2.435,4.277
1776826022,544468324,robot_0,-4.595,4.152
1776826022,544473902,robot_1,-0.380,-1.584
1776826022,745009817,robot_4,-1.565,0.362
1776826022,745041122,robot_2,0.135,4.655
1776826022,745055648,robot_3,2.435,4.277
1776826022,745068327,robot_0,-4.596,4.152
1776826022,745080825,robot_1,-0.380,-1.584
1776826022,964081487,robot_4,-1.515,0.391
1776826022,964100337,robot_2,0.134,4.656
1776826022,964107914,robot_3,2.435,4.277
1776826022,964113715,robot_0,-4.596,4.152
1776826022,964119019,robot_1,-0.381,-1.584
1776826023,164229076,robot_4,-1.471,0.417
1776826023,164258366,robot_2,0.134,4.656
1776826023,164277242,robot_3,2.435,4.278
1776826023,164294293,robot_0,-4.596,4.152
1776826023,164309992,robot_1,-0.381,-1.584
1776826023,384013104,robot_4,-1.433,0.440
1776826023,384030585,robot_2,0.133,4.656
1776826023,384037807,robot_3,2.435,4.278
1776826023,384043335,robot_0,-4.596,4.151
1776826023,384048317,robot_1,-0.382,-1.585
1776826023,603560468,robot_4,-1.367,0.479
1776826023,603583132,robot_2,0.133,4.656
1776826023,603590674,robot_3,2.435,4.278
1776826023,603596744,robot_0,-4.596,4.151
1776826023,603603195,robot_1,-0.382,-1.585
1776826023,803939732,robot_4,-1.315,0.510
1776826023,803964885,robot_2,0.133,4.656
1776826023,803975645,robot_3,2.435,4.277
1776826023,803984014,robot_0,-4.596,4.151
1776826023,803993326,robot_1,-0.383,-1.585
1776826024,4473101,robot_4,-1.280,0.530
1776826024,4496329,robot_2,0.133,4.656
1776826024,4507080,robot_3,2.435,4.277
1776826024,4515709,robot_0,-4.596,4.151
1776826024,4523450,robot_1,-0.383,-1.585
1776826024,225245679,robot_4,-1.242,0.552
1776826024,225265964,robot_2,0.133,4.656
1776826024,225274431,robot_3,2.435,4.276
1776826024,225281344,robot_0,-4.596,4.151
1776826024,225288030,robot_1,-0.383,-1.585
1776826024,444152756,robot_4,-1.205,0.575
1776826024,444174148,robot_2,0.132,4.656
1776826024,444182595,robot_3,2.434,4.276
1776826024,444189195,robot_0,-4.596,4.151
1776826024,444195832,robot_1,-0.383,-1.585
1776826024,663261214,robot_4,-1.172,0.594
1776826024,663279574,robot_2,0.132,4.656
1776826024,663285958,robot_3,2.434,4.276
1776826024,663291851,robot_0,-4.596,4.150
1776826024,663297298,robot_1,-0.383,-1.584
1776826024,864248021,robot_4,-1.154,0.604
1776826024,864270140,robot_2,0.131,4.656
1776826024,864279042,robot_3,2.433,4.276
1776826024,864286518,robot_0,-4.596,4.150
1776826024,864293202,robot_1,-0.384,-1.584
1776826025,84569301,robot_4,-1.118,0.622
1776826025,84589042,robot_2,0.131,4.655
1776826025,84596857,robot_3,2.433,4.276
1776826025,84602968,robot_0,-4.596,4.150
1776826025,84608771,robot_1,-0.384,-1.584
1776826025,304651277,robot_4,-1.065,0.649
1776826025,304688595,robot_2,0.131,4.655
1776826025,304701809,robot_3,2.433,4.276
1776826025,304712069,robot_0,-4.596,4.149
1776826025,304722772,robot_1,-0.384,-1.583
1776826025,525289462,robot_4,-0.993,0.685
1776826025,525312808,robot_2,0.131,4.654
1776826025,525321771,robot_3,2.432,4.276
1776826025,525328424,robot_0,-4.595,4.149
1776826025,525335820,robot_1,-0.385,-1.583
1776826025,744350008,robot_4,-0.953,0.705
1776826025,744379409,robot_2,0.130,4.654
1776826025,744389120,robot_3,2.432,4.276
1776826025,744399378,robot_0,-4.595,4.149
1776826025,744407677,robot_1,-0.385,-1.582
1776826025,963124835,robot_4,-0.928,0.717
1776826025,963144277,robot_2,0.130,4.653
1776826025,963151960,robot_3,2.432,4.276
1776826025,963157913,robot_0,-4.595,4.149
1776826025,963163992,robot_1,-0.385,-1.582
1776826026,163240388,robot_4,-0.904,0.730
1776826026,163257886,robot_2,0.130,4.653
1776826026,163264712,robot_3,2.432,4.276
1776826026,163270309,robot_0,-4.594,4.149
1776826026,163275461,robot_1,-0.385,-1.581
1776826026,364073779,robot_4,-0.868,0.747
1776826026,364094954,robot_2,0.130,4.653
1776826026,364104658,robot_3,2.433,4.276
1776826026,364111738,robot_0,-4.594,4.149
1776826026,364119545,robot_1,-0.385,-1.581
1776826026,564643331,robot_4,-0.833,0.765
1776826026,564662273,robot_2,0.130,4.653
1776826026,564668753,robot_3,2.433,4.276
1776826026,564674199,robot_0,-4.594,4.149
1776826026,564679279,robot_1,-0.385,-1.581
1776826026,784127175,robot_4,-0.794,0.786
1776826026,784152382,robot_2,0.130,4.653
1776826026,784159637,robot_3,2.433,4.276
1776826026,784165226,robot_0,-4.594,4.149
1776826026,784171189,robot_1,-0.385,-1.581
1776826026,984318187,robot_4,-0.759,0.805
1776826026,984346583,robot_2,0.131,4.652
1776826026,984360429,robot_3,2.434,4.276
1776826026,984370796,robot_0,-4.594,4.149
1776826026,984379374,robot_1,-0.384,-1.581
1776826027,185241051,robot_4,-0.706,0.834
1776826027,185271838,robot_2,0.131,4.652
1776826027,185287553,robot_3,2.434,4.277
1776826027,185299470,robot_0,-4.594,4.149
1776826027,185310290,robot_1,-0.384,-1.581
1776826027,404132224,robot_4,-0.656,0.862
1776826027,404160502,robot_2,0.131,4.652
1776826027,404173374,robot_3,2.434,4.277
1776826027,404183711,robot_0,-4.593,4.149
1776826027,404194700,robot_1,-0.384,-1.580
1776826027,624565129,robot_4,-0.618,0.884
1776826027,624587838,robot_2,0.132,4.651
1776826027,624597687,robot_3,2.434,4.277
1776826027,624604948,robot_0,-4.593,4.149
1776826027,624612916,robot_1,-0.383,-1.580
1776826027,824721893,robot_4,-0.584,0.904
1776826027,824750783,robot_2,0.132,4.651
1776826027,824765928,robot_3,2.434,4.278
1776826027,824779711,robot_0,-4.593,4.150
1776826027,824789978,robot_1,-0.383,-1.580
1776826028,44605906,robot_4,-0.546,0.926
1776826028,44642394,robot_2,0.132,4.651
1776826028,44660314,robot_3,2.434,4.278
1776826028,44673171,robot_0,-4.593,4.150
1776826028,44687172,robot_1,-0.383,-1.579
1776826028,264069250,robot_4,-0.503,0.950
1776826028,264087862,robot_2,0.133,4.651
1776826028,264095111,robot_3,2.434,4.278
1776826028,264100676,robot_0,-4.593,4.150
1776826028,264106299,robot_1,-0.382,-1.579
1776826028,464435942,robot_4,-0.454,0.978
1776826028,464458053,robot_2,0.133,4.651
1776826028,464467084,robot_3,2.434,4.278
1776826028,464474690,robot_0,-4.593,4.151
1776826028,464482319,robot_1,-0.382,-1.579
1776826028,684170235,robot_4,-0.413,1.001
1776826028,684188608,robot_2,0.134,4.651
1776826028,684195787,robot_3,2.434,4.277
1776826028,684201687,robot_0,-4.593,4.151
1776826028,684207250,robot_1,-0.381,-1.580
1776826028,885147361,robot_4,-0.369,1.027
1776826028,885171665,robot_2,0.134,4.651
1776826028,885178752,robot_3,2.434,4.277
1776826028,885184154,robot_0,-4.593,4.151
1776826028,885189629,robot_1,-0.394,-1.627
1776826029,103176883,robot_4,-0.305,1.063
1776826029,103195156,robot_2,0.133,4.651
1776826029,103202254,robot_3,2.434,4.277
1776826029,103207306,robot_0,-4.593,4.151
1776826029,103212749,robot_1,-0.396,-1.668
1776826029,303992593,robot_4,-0.269,1.084
1776826029,304012303,robot_2,0.133,4.651
1776826029,304019545,robot_3,2.433,4.276
1776826029,304025882,robot_0,-4.593,4.151
1776826029,304031492,robot_1,-0.401,-1.687
1776826029,505109111,robot_4,-0.229,1.107
1776826029,505148616,robot_2,0.133,4.651
1776826029,505168018,robot_3,2.433,4.276
1776826029,505183811,robot_0,-4.593,4.151
1776826029,505198703,robot_1,-0.401,-1.688
1776826029,724543078,robot_4,-0.180,1.135
1776826029,724572289,robot_2,0.132,4.651
1776826029,724586083,robot_3,2.433,4.276
1776826029,724596403,robot_0,-4.593,4.150
1776826029,724607207,robot_1,-0.401,-1.688
1776826029,943704577,robot_4,-0.142,1.157
1776826029,943724345,robot_2,0.132,4.652
1776826029,943731639,robot_3,2.432,4.276
1776826029,943739699,robot_0,-4.593,4.150
1776826029,943745550,robot_1,-0.393,-1.686
1776826030,145181302,robot_4,-0.113,1.173
1776826030,145209230,robot_2,0.131,4.652
1776826030,145221706,robot_3,2.432,4.276
1776826030,145231394,robot_0,-4.594,4.150
1776826030,145241265,robot_1,-0.378,-1.675
1776826030,364193202,robot_4,-0.079,1.192
1776826030,364214568,robot_2,0.131,4.652
1776826030,364224926,robot_3,2.431,4.276
1776826030,364232624,robot_0,-4.594,4.149
1776826030,364241040,robot_1,-0.364,-1.661
1776826030,585415705,robot_4,-0.041,1.214
1776826030,585438075,robot_2,0.131,4.653
1776826030,585446926,robot_3,2.431,4.276
1776826030,585453510,robot_0,-4.594,4.149
1776826030,585460771,robot_1,-0.357,-1.644
1776826030,803886934,robot_4,0.010,1.244
1776826030,803904583,robot_2,0.131,4.654
1776826030,803911196,robot_3,2.431,4.276
1776826030,803920829,robot_0,-4.595,4.149
1776826030,803926794,robot_1,-0.360,-1.629
1776826031,4119199,robot_4,0.051,1.267
1776826031,4145429,robot_2,0.131,4.654
1776826031,4157202,robot_3,2.431,4.276
1776826031,4167098,robot_0,-4.595,4.149
1776826031,4177479,robot_1,-0.360,-1.628
1776826031,224363778,robot_4,0.090,1.289
1776826031,224392439,robot_2,0.131,4.654
1776826031,224404580,robot_3,2.431,4.276
1776826031,224413368,robot_0,-4.595,4.149
1776826031,224422375,robot_1,-0.360,-1.629
1776826031,443135775,robot_4,0.134,1.314
1776826031,443152966,robot_2,0.131,4.654
1776826031,443158965,robot_3,2.430,4.277
1776826031,443165104,robot_0,-4.595,4.149
1776826031,443170258,robot_1,-0.360,-1.629
1776826031,644056368,robot_4,0.169,1.335
1776826031,644077317,robot_2,0.131,4.654
1776826031,644085403,robot_3,2.430,4.277
1776826031,644092541,robot_0,-4.595,4.149
1776826031,644099157,robot_1,-0.360,-1.629
1776826031,863581925,robot_4,0.212,1.359
1776826031,863611128,robot_2,0.131,4.655
1776826031,863624506,robot_3,2.430,4.277
1776826031,863636282,robot_0,-4.595,4.149
1776826031,863647198,robot_1,-0.360,-1.629
1776826032,64830432,robot_4,0.259,1.384
1776826032,64856628,robot_2,0.131,4.655
1776826032,64867807,robot_3,2.430,4.278
1776826032,64876052,robot_0,-4.596,4.149
1776826032,64884691,robot_1,-0.360,-1.629
1776826032,283925336,robot_4,0.300,1.405
1776826032,283953229,robot_2,0.131,4.656
1776826032,283966892,robot_3,2.430,4.278
1776826032,283978045,robot_0,-4.596,4.150
1776826032,283988771,robot_1,-0.360,-1.630
1776826032,484254434,robot_4,0.344,1.425
1776826032,484279736,robot_2,0.132,4.656
1776826032,484291015,robot_3,2.430,4.279
1776826032,484300133,robot_0,-4.596,4.150
1776826032,484309090,robot_1,-0.360,-1.630
1776826032,702895660,robot_4,0.402,1.453
1776826032,702920197,robot_2,0.132,4.656
1776826032,702928048,robot_3,2.430,4.279
1776826032,702934157,robot_0,-4.597,4.150
1776826032,702939664,robot_1,-0.361,-1.630
1776826032,904389815,robot_4,0.438,1.470
1776826032,904408105,robot_2,0.133,4.657
1776826032,904414935,robot_3,2.430,4.279
1776826032,904420523,robot_0,-4.597,4.151
1776826032,904425879,robot_1,-0.361,-1.631
1776826033,105009044,robot_4,0.476,1.488
1776826033,105044034,robot_2,0.133,4.657
1776826033,105061409,robot_3,2.430,4.279
1776826033,105075309,robot_0,-4.597,4.151
1776826033,105088259,robot_1,-0.362,-1.631
1776826033,325425579,robot_4,0.519,1.508
1776826033,325450368,robot_2,0.134,4.657
1776826033,325461803,robot_3,2.430,4.279
1776826033,325471597,robot_0,-4.597,4.151
1776826033,325480448,robot_1,-0.356,-1.631
1776826033,525509049,robot_4,0.555,1.525
1776826033,525538859,robot_2,0.134,4.657
1776826033,525553842,robot_3,2.430,4.280
1776826033,525566165,robot_0,-4.597,4.152
1776826033,525578955,robot_1,-0.356,-1.632
1776826033,744262521,robot_4,0.608,1.550
1776826033,744282662,robot_2,0.134,4.657
1776826033,744291648,robot_3,2.430,4.280
1776826033,744299038,robot_0,-4.597,4.152
1776826033,744306497,robot_1,-0.357,-1.632
1776826033,963213308,robot_4,0.662,1.577
1776826033,963230784,robot_2,0.134,4.657
1776826033,963237922,robot_3,2.431,4.280
1776826033,963243536,robot_0,-4.597,4.152
1776826033,963249131,robot_1,-0.357,-1.632
1776826034,164153587,robot_4,0.698,1.595
1776826034,164176320,robot_2,0.134,4.657
1776826034,164185588,robot_3,2.431,4.280
1776826034,164192473,robot_0,-4.597,4.152
1776826034,164199488,robot_1,-0.357,-1.632
1776826034,384558689,robot_4,0.752,1.622
1776826034,384577514,robot_2,0.135,4.656
1776826034,384584605,robot_3,2.431,4.281
1776826034,384590640,robot_0,-4.597,4.152
1776826034,384596698,robot_1,-0.357,-1.633
1776826034,603355726,robot_4,0.800,1.647
1776826034,603376922,robot_2,0.135,4.656
1776826034,603383034,robot_3,2.432,4.281
1776826034,603389226,robot_0,-4.596,4.153
1776826034,603394749,robot_1,-0.358,-1.633
1776826034,804340710,robot_4,0.836,1.665
1776826034,804367282,robot_2,0.136,4.656
1776826034,804379425,robot_3,2.432,4.281
1776826034,804389356,robot_0,-4.596,4.153
1776826034,804399166,robot_1,-0.358,-1.633
1776826035,24577128,robot_4,0.897,1.696
1776826035,24601506,robot_2,0.136,4.655
1776826035,24613522,robot_3,2.433,4.281
1776826035,24623231,robot_0,-4.596,4.153
1776826035,24634487,robot_1,-0.359,-1.632
1776826035,243941174,robot_4,0.944,1.720
1776826035,243963430,robot_2,0.136,4.655
1776826035,243973016,robot_3,2.425,4.248
1776826035,243980612,robot_0,-4.595,4.153
1776826035,243988292,robot_1,-0.359,-1.632
1776826035,463925422,robot_4,0.990,1.744
1776826035,463943378,robot_2,0.136,4.654
1776826035,463950128,robot_3,2.408,4.175
1776826035,463956675,robot_0,-4.595,4.153
1776826035,463962134,robot_1,-0.359,-1.629
1776826035,664250890,robot_4,1.049,1.774
1776826035,664279059,robot_2,0.136,4.654
1776826035,664292631,robot_3,2.398,4.136
1776826035,664302358,robot_0,-4.595,4.153
1776826035,664311974,robot_1,-0.359,-1.628
1776826035,864459852,robot_4,1.089,1.794
1776826035,864483982,robot_2,0.136,4.653
1776826035,864495436,robot_3,2.384,4.073
1776826035,864504781,robot_0,-4.595,4.151
1776826035,864513921,robot_1,-0.359,-1.627
1776826036,85435705,robot_4,1.123,1.811
1776826036,85471265,robot_2,0.136,4.653
1776826036,85485963,robot_3,2.368,4.004
1776826036,85498218,robot_0,-4.601,4.100
1776826036,85509870,robot_1,-0.359,-1.627
1776826036,304346972,robot_4,1.149,1.825
1776826036,304375379,robot_2,0.136,4.653
1776826036,304385833,robot_3,2.359,3.962
1776826036,304393339,robot_0,-4.607,4.054
1776826036,304401523,robot_1,-0.359,-1.627
1776826036,524242626,robot_4,1.187,1.846
1776826036,524279853,robot_2,0.136,4.653
1776826036,524301095,robot_3,2.354,3.937
1776826036,524318815,robot_0,-4.612,4.014
1776826036,524331958,robot_1,-0.359,-1.627
1776826036,724651408,robot_4,1.213,1.861
1776826036,724672449,robot_2,0.136,4.652
1776826036,724681145,robot_3,2.347,3.904
1776826036,724687859,robot_0,-4.617,3.981
1776826036,724694478,robot_1,-0.359,-1.627
1776826036,944615413,robot_4,1.240,1.875
1776826036,944637156,robot_2,0.136,4.652
1776826036,944646104,robot_3,2.338,3.865
1776826036,944654036,robot_0,-4.617,3.976
1776826036,944660768,robot_1,-0.359,-1.626
1776826037,163814947,robot_4,1.278,1.896
1776826037,163841454,robot_2,0.135,4.652
1776826037,163853716,robot_3,2.334,3.842
1776826037,163864300,robot_0,-4.617,3.976
1776826037,163873609,robot_1,-0.358,-1.626
1776826037,363889918,robot_4,1.304,1.910
1776826037,363908095,robot_2,0.135,4.651
1776826037,363918829,robot_3,2.328,3.806
1776826037,363924560,robot_0,-4.618,3.976
1776826037,363930008,robot_1,-0.358,-1.626
1776826037,565190371,robot_4,1.333,1.924
1776826037,565224976,robot_2,0.134,4.651
1776826037,565241929,robot_3,2.323,3.760
1776826037,565255427,robot_0,-4.618,3.976
1776826037,565268557,robot_1,-0.357,-1.625
1776826037,784002797,robot_4,1.373,1.943
1776826037,784029422,robot_2,0.134,4.651
1776826037,784041416,robot_3,2.314,3.696
1776826037,784050552,robot_0,-4.618,3.976
1776826037,784059214,robot_1,-0.357,-1.625
1776826037,984100640,robot_4,1.436,1.972
1776826037,984128587,robot_2,0.133,4.651
1776826037,984142280,robot_3,2.309,3.655
1776826037,984151951,robot_0,-4.619,3.975
1776826037,984162462,robot_1,-0.357,-1.625
1776826038,184166779,robot_4,1.493,1.998
1776826038,184192557,robot_2,0.133,4.651
1776826038,184204941,robot_3,2.302,3.604
1776826038,184214719,robot_0,-4.619,3.975
1776826038,184223777,robot_1,-0.356,-1.625
1776826038,403975774,robot_4,1.534,2.017
1776826038,404000885,robot_2,0.133,4.651
1776826038,404011968,robot_3,2.292,3.522
1776826038,404021264,robot_0,-4.619,3.975
1776826038,404030001,robot_1,-0.356,-1.625
1776826038,604188634,robot_4,1.592,2.044
1776826038,604211730,robot_2,0.133,4.651
1776826038,604221641,robot_3,2.286,3.479
1776826038,604229553,robot_0,-4.619,3.974
1776826038,604237374,robot_1,-0.356,-1.628
1776826038,824491390,robot_4,1.643,2.070
1776826038,824520595,robot_2,0.133,4.651
1776826038,824535637,robot_3,2.279,3.422
1776826038,824546902,robot_0,-4.619,3.974
1776826038,824559127,robot_1,-0.368,-1.662
1776826039,44727986,robot_4,1.680,2.091
1776826039,44751090,robot_2,0.132,4.651
1776826039,44761358,robot_3,2.273,3.358
1776826039,44768996,robot_0,-4.619,3.974
1776826039,44776232,robot_1,-0.373,-1.692
1776826039,264340595,robot_4,1.716,2.110
1776826039,264358561,robot_2,0.132,4.652
1776826039,264366441,robot_3,2.271,3.314
1776826039,264372762,robot_0,-4.619,3.974
1776826039,264378664,robot_1,-0.378,-1.707
1776826039,484486333,robot_4,1.754,2.130
1776826039,484507601,robot_2,0.131,4.652
1776826039,484516943,robot_3,2.268,3.247
1776826039,484523796,robot_0,-4.619,3.974
1776826039,484530800,robot_1,-0.377,-1.707
1776826039,685116510,robot_4,1.783,2.146
1776826039,685154370,robot_2,0.131,4.652
1776826039,685171593,robot_3,2.265,3.190
1776826039,685186352,robot_0,-4.619,3.974
1776826039,685200711,robot_1,-0.377,-1.708
1776826039,885210259,robot_4,1.805,2.158
1776826039,885239622,robot_2,0.131,4.653
1776826039,885254291,robot_3,2.261,3.151
1776826039,885266006,robot_0,-4.619,3.973
1776826039,885278691,robot_1,-0.365,-1.703
1776826040,104243155,robot_4,1.843,2.178
1776826040,104264902,robot_2,0.131,4.653
1776826040,104273768,robot_3,2.256,3.078
1776826040,104280277,robot_0,-4.619,3.973
1776826040,104288358,robot_1,-0.348,-1.691
1776826040,324312037,robot_4,1.891,2.204
1776826040,324338327,robot_2,0.131,4.654
1776826040,324351527,robot_3,2.253,3.018
1776826040,324361447,robot_0,-4.618,3.973
1776826040,324372179,robot_1,-0.335,-1.677
1776826040,525379275,robot_4,1.937,2.229
1776826040,525405467,robot_2,0.131,4.654
1776826040,525417296,robot_3,2.251,2.976
1776826040,525427495,robot_0,-4.618,3.973
1776826040,525437069,robot_1,-0.329,-1.661
1776826040,742957609,robot_4,1.976,2.250
1776826040,742974881,robot_2,0.131,4.654
1776826040,742982310,robot_3,2.248,2.894
1776826040,742987288,robot_0,-4.618,3.973
1776826040,742992900,robot_1,-0.331,-1.651
1776826040,943621989,robot_4,2.031,2.279
1776826040,943639945,robot_2,0.131,4.654
1776826040,943647200,robot_3,2.247,2.841
1776826040,943652511,robot_0,-4.618,3.972
1776826040,943657728,robot_1,-0.331,-1.651
1776826041,143899897,robot_4,2.118,2.258
1776826041,143929247,robot_2,0.131,4.655
1776826041,143940151,robot_3,2.265,2.821
1776826041,143948428,robot_0,-4.617,3.972
1776826041,143956415,robot_1,-0.331,-1.651
1776826041,344373697,robot_4,2.188,2.216
1776826041,344409618,robot_2,0.131,4.655
1776826041,344424655,robot_3,2.267,2.788
1776826041,344436670,robot_0,-4.617,3.972
1776826041,344448461,robot_1,-0.331,-1.651
1776826041,544568622,robot_4,2.269,2.191
1776826041,544592217,robot_2,0.131,4.655
1776826041,544603228,robot_3,2.265,2.764
1776826041,544610521,robot_0,-4.617,3.972
1776826041,544618083,robot_1,-0.331,-1.651
1776826041,763497978,robot_4,2.355,2.175
1776826041,763515442,robot_2,0.131,4.656
1776826041,763522753,robot_3,2.264,2.742
1776826041,763528359,robot_0,-4.617,3.972
1776826041,763533966,robot_1,-0.331,-1.651
1776826041,963622257,robot_4,2.375,2.152
1776826041,963642093,robot_2,0.132,4.656
1776826041,963650312,robot_3,2.264,2.745
1776826041,963657467,robot_0,-4.617,3.972
1776826041,963664304,robot_1,-0.331,-1.652
1776826042,164395280,robot_4,2.391,2.131
1776826042,164413545,robot_2,0.132,4.656
1776826042,164421139,robot_3,2.265,2.753
1776826042,164426950,robot_0,-4.617,3.973
1776826042,164432719,robot_1,-0.331,-1.652
1776826042,364964185,robot_4,2.403,2.121
1776826042,364984853,robot_2,0.133,4.657
1776826042,364993723,robot_3,2.266,2.756
1776826042,365000769,robot_0,-4.616,3.973
1776826042,365007541,robot_1,-0.331,-1.653
1776826042,565386270,robot_4,2.406,2.118
1776826042,565417561,robot_2,0.133,4.657
1776826042,565430770,robot_3,2.265,2.755
1776826042,565441740,robot_0,-4.616,3.973
1776826042,565452789,robot_1,-0.332,-1.653
1776826042,784725727,robot_4,2.407,2.118
1776826042,784744521,robot_2,0.134,4.657
1776826042,784751939,robot_3,2.262,2.752
1776826042,784757616,robot_0,-4.616,3.973
1776826042,784763900,robot_1,-0.332,-1.653
1776826042,985267089,robot_4,2.407,2.117
1776826042,985287872,robot_2,0.134,4.657
1776826042,985296990,robot_3,2.260,2.749
1776826042,985304566,robot_0,-4.616,3.973
1776826042,985311809,robot_1,-0.333,-1.653
1776826043,204589909,robot_4,2.408,2.118
1776826043,204618421,robot_2,0.131,4.636
1776826043,204631664,robot_3,2.256,2.746
1776826043,204641282,robot_0,-4.616,3.974
1776826043,204651530,robot_1,-0.328,-1.653
1776826043,424130129,robot_4,2.408,2.118
1776826043,424148260,robot_2,0.124,4.601
1776826043,424155279,robot_3,2.252,2.744
1776826043,424160744,robot_0,-4.615,3.974
1776826043,424166403,robot_1,-0.328,-1.653
1776826043,643246774,robot_4,2.408,2.118
1776826043,643265736,robot_2,0.114,4.558
1776826043,643273749,robot_3,2.249,2.743
1776826043,643280601,robot_0,-4.615,3.974
1776826043,643286370,robot_1,-0.329,-1.653
1776826043,863150735,robot_4,2.409,2.118
1776826043,863166775,robot_2,0.102,4.499
1776826043,863173286,robot_3,2.248,2.743
1776826043,863178338,robot_0,-4.615,3.974
1776826043,863184180,robot_1,-0.329,-1.653
1776826044,64208187,robot_4,2.409,2.118
1776826044,64227085,robot_2,0.092,4.454
1776826044,64234186,robot_3,2.248,2.743
1776826044,64239622,robot_0,-4.615,3.974
1776826044,64245090,robot_1,-0.329,-1.653
1776826044,284128027,robot_4,2.409,2.118
1776826044,284147705,robot_2,0.083,4.412
1776826044,284155981,robot_3,2.208,2.746
1776826044,284162576,robot_0,-4.615,3.974
1776826044,284169294,robot_1,-0.329,-1.653
1776826044,484275425,robot_4,2.409,2.118
1776826044,484297891,robot_2,0.075,4.374
1776826044,484309120,robot_3,2.162,2.749
1776826044,484317351,robot_0,-4.616,3.974
1776826044,484325764,robot_1,-0.329,-1.652
1776826044,704312733,robot_4,2.409,2.119
1776826044,704340450,robot_2,0.065,4.331
1776826044,704350182,robot_3,2.117,2.752
1776826044,704358485,robot_0,-4.616,3.974
1776826044,704363999,robot_1,-0.330,-1.652
1776826044,925610679,robot_4,2.409,2.119
1776826044,925641551,robot_2,0.057,4.292
1776826044,925656520,robot_3,2.061,2.756
1776826044,925667727,robot_0,-4.616,3.973
1776826044,925678872,robot_1,-0.330,-1.652
1776826045,144448974,robot_4,2.410,2.119
1776826045,144478115,robot_2,0.050,4.257
1776826045,144487090,robot_3,2.013,2.760
1776826045,144493576,robot_0,-4.616,3.973
1776826045,144499953,robot_1,-0.330,-1.651
1776826045,344740331,robot_4,2.410,2.120
1776826045,344762757,robot_2,0.043,4.217
1776826045,344775360,robot_3,1.970,2.763
1776826045,344784663,robot_0,-4.617,3.973
1776826045,344793811,robot_1,-0.331,-1.651
1776826045,545044206,robot_4,2.410,2.120
1776826045,545070096,robot_2,0.038,4.184
1776826045,545081325,robot_3,1.920,2.767
1776826045,545090312,robot_0,-4.617,3.973
1776826045,545099340,robot_1,-0.331,-1.650
1776826045,763944310,robot_4,2.409,2.121
1776826045,763961990,robot_2,0.033,4.152
1776826045,763969066,robot_3,1.874,2.770
1776826045,763975278,robot_0,-4.617,3.973
1776826045,763981570,robot_1,-0.331,-1.650
1776826045,964067607,robot_4,2.409,2.121
1776826045,964085313,robot_2,0.027,4.112
1776826045,964092575,robot_3,1.830,2.773
1776826045,964098188,robot_0,-4.618,3.973
1776826045,964103543,robot_1,-0.330,-1.649
1776826046,164811140,robot_4,2.409,2.121
1776826046,164831466,robot_2,0.021,4.070
1776826046,164840099,robot_3,1.778,2.778
1776826046,164846285,robot_0,-4.618,3.973
1776826046,164852585,robot_1,-0.330,-1.649
1776826046,385272648,robot_4,2.409,2.122
1776826046,385297183,robot_2,0.015,4.024
1776826046,385307704,robot_3,1.732,2.784
1776826046,385316462,robot_0,-4.618,3.973
1776826046,385325300,robot_1,-0.330,-1.649
1776826046,604463506,robot_4,2.409,2.122
1776826046,604490210,robot_2,0.009,3.980
1776826046,604502853,robot_3,1.698,2.789
1776826046,604512841,robot_0,-4.618,3.973
1776826046,604521848,robot_1,-0.330,-1.649
1776826046,823890853,robot_4,2.409,2.122
1776826046,823907814,robot_2,0.002,3.914
1776826046,823917754,robot_3,1.672,2.793
1776826046,823923046,robot_0,-4.618,3.973
1776826046,823928482,robot_1,-0.330,-1.648
1776826047,25422592,robot_4,2.409,2.122
1776826047,25455264,robot_2,-0.005,3.858
1776826047,25498353,robot_3,1.633,2.801
1776826047,25511350,robot_0,-4.618,3.973
1776826047,25533536,robot_1,-0.330,-1.648
1776826047,244779980,robot_4,2.408,2.122
1776826047,244801734,robot_2,-0.011,3.814
1776826047,244811664,robot_3,1.601,2.807
1776826047,244819611,robot_0,-4.619,3.973
1776826047,244828152,robot_1,-0.329,-1.648
1776826047,444791838,robot_4,2.408,2.122
1776826047,444814216,robot_2,-0.019,3.745
1776826047,444824052,robot_3,1.573,2.812
1776826047,444831559,robot_0,-4.619,3.973
1776826047,444838496,robot_1,-0.329,-1.647
1776826047,663957605,robot_4,2.407,2.122
1776826047,663979331,robot_2,-0.025,3.680
1776826047,663989202,robot_3,1.530,2.821
1776826047,663996416,robot_0,-4.619,3.974
1776826047,664003549,robot_1,-0.328,-1.647
1776826047,864948608,robot_4,2.407,2.122
1776826047,864980979,robot_2,-0.029,3.638
1776826047,864996965,robot_3,1.495,2.827
1776826047,865009671,robot_0,-4.619,3.974
1776826047,865022271,robot_1,-0.328,-1.647
1776826048,86021626,robot_4,2.406,2.122
1776826048,86056213,robot_2,-0.035,3.569
1776826048,86072187,robot_3,1.455,2.835
1776826048,86084249,robot_0,-4.620,3.974
1776826048,86097025,robot_1,-0.327,-1.647
1776826048,304221210,robot_4,2.406,2.122
1776826048,304245621,robot_2,-0.036,3.517
1776826048,304256126,robot_3,1.411,2.844
1776826048,304264785,robot_0,-4.620,3.975
1776826048,304274012,robot_1,-0.327,-1.647
1776826048,504306236,robot_4,2.406,2.122
1776826048,504327023,robot_2,-0.037,3.478
1776826048,504335764,robot_3,1.350,2.856
1776826048,504342284,robot_0,-4.620,3.975
1776826048,504349091,robot_1,-0.327,-1.647
1776826048,723399238,robot_4,2.420,2.103
1776826048,723415137,robot_2,-0.038,3.438
1776826048,723421771,robot_3,1.296,2.866
1776826048,723427358,robot_0,-4.620,3.975
1776826048,723432709,robot_1,-0.335,-1.669
1776826048,924075162,robot_4,2.451,2.065
1776826048,924098259,robot_2,-0.038,3.399
1776826048,924108932,robot_3,1.256,2.874
1776826048,924117548,robot_0,-4.620,3.975
1776826048,924125864,robot_1,-0.343,-1.701
1776826049,143083173,robot_4,2.478,2.031
1776826049,143101471,robot_2,-0.039,3.361
1776826049,143108984,robot_3,1.207,2.884
1776826049,143114829,robot_0,-4.619,3.975
1776826049,143120624,robot_1,-0.349,-1.723
1776826049,345793861,robot_4,2.488,2.019
1776826049,345829518,robot_2,-0.039,3.334
1776826049,345849641,robot_3,1.167,2.894
1776826049,345866830,robot_0,-4.619,3.976
1776826049,345883396,robot_1,-0.351,-1.729
1776826049,564490708,robot_4,2.488,2.019
1776826049,564526355,robot_2,-0.038,3.290
1776826049,564543108,robot_3,1.125,2.904
1776826049,564556701,robot_0,-4.619,3.976
1776826049,564569219,robot_1,-0.350,-1.729
1776826049,785583433,robot_4,2.489,2.019
1776826049,785614072,robot_2,-0.037,3.226
1776826049,785627508,robot_3,1.086,2.915
1776826049,785638424,robot_0,-4.619,3.976
1776826049,785649117,robot_1,-0.345,-1.729
1776826050,4314306,robot_4,2.489,2.019
1776826050,4343428,robot_2,-0.035,3.152
1776826050,4356267,robot_3,1.044,2.929
1776826050,4367561,robot_0,-4.618,3.976
1776826050,4378734,robot_1,-0.328,-1.720
1776826050,224415489,robot_4,2.490,2.019
1776826050,224439057,robot_2,-0.035,3.108
1776826050,224449209,robot_3,1.002,2.943
1776826050,224456874,robot_0,-4.618,3.977
1776826050,224464592,robot_1,-0.313,-1.707
1776826050,442985490,robot_4,2.490,2.019
1776826050,443003654,robot_2,-0.034,3.060
1776826050,443011347,robot_3,0.961,2.958
1776826050,443016656,robot_0,-4.618,3.977
1776826050,443022328,robot_1,-0.303,-1.691
1776826050,645461352,robot_4,2.491,2.019
1776826050,645491616,robot_2,-0.033,3.018
1776826050,645505908,robot_3,0.923,2.971
1776826050,645517212,robot_0,-4.617,3.977
1776826050,645528392,robot_1,-0.302,-1.676
1776826050,864837413,robot_4,2.491,2.019
1776826050,864859538,robot_2,-0.032,2.973
1776826050,864868717,robot_3,0.879,2.986
1776826050,864876468,robot_0,-4.617,3.977
1776826050,864884198,robot_1,-0.302,-1.674
1776826051,83952337,robot_4,2.492,2.018
1776826051,83971983,robot_2,-0.031,2.894
1776826051,83978864,robot_3,0.836,3.000
1776826051,83984310,robot_0,-4.617,3.977
1776826051,83989385,robot_1,-0.303,-1.674
1776826051,304354183,robot_4,2.492,2.018
1776826051,304371982,robot_2,-0.031,2.836
1776826051,304378866,robot_3,0.794,3.015
1776826051,304384943,robot_0,-4.617,3.977
1776826051,304390670,robot_1,-0.303,-1.675
1776826051,504879879,robot_4,2.492,2.018
1776826051,504906457,robot_2,-0.032,2.791
1776826051,504917629,robot_3,0.754,3.029
1776826051,504925579,robot_0,-4.617,3.977
1776826051,504932565,robot_1,-0.303,-1.675
1776826051,724416443,robot_4,2.471,2.003
1776826051,724452448,robot_2,-0.032,2.722
1776826051,724468170,robot_3,0.730,3.037
1776826051,724481170,robot_0,-4.617,3.976
1776826051,724493462,robot_1,-0.303,-1.675
1776826051,924549771,robot_4,2.415,1.965
1776826051,924597556,robot_2,-0.032,2.679
1776826051,924611572,robot_3,0.730,3.036
1776826051,924623858,robot_0,-4.616,3.976
1776826051,924635354,robot_1,-0.303,-1.675
1776826052,144843517,robot_4,2.378,1.941
1776826052,144862031,robot_2,-0.033,2.621
1776826052,144869312,robot_3,0.730,3.036
1776826052,144875023,robot_0,-4.616,3.976
1776826052,144880754,robot_1,-0.303,-1.675
1776826052,364177208,robot_4,2.331,1.911
1776826052,364201408,robot_2,-0.033,2.543
1776826052,364212364,robot_3,0.730,3.036
1776826052,364220633,robot_0,-4.616,3.976
1776826052,364228934,robot_1,-0.303,-1.676
1776826052,564226304,robot_4,2.290,1.885
1776826052,564246939,robot_2,-0.033,2.502
1776826052,564253918,robot_3,0.729,3.035
1776826052,564259859,robot_0,-4.616,3.975
1776826052,564266054,robot_1,-0.304,-1.676
1776826052,783783614,robot_4,2.255,1.863
1776826052,783801458,robot_2,-0.034,2.447
1776826052,783808530,robot_3,0.729,3.035
1776826052,783814048,robot_0,-4.615,3.975
1776826052,783819748,robot_1,-0.304,-1.676
1776826052,983847854,robot_4,2.226,1.844
1776826052,983876367,robot_2,-0.035,2.394
1776826052,983890588,robot_3,0.728,3.035
1776826052,983902596,robot_0,-4.615,3.975
1776826052,983918450,robot_1,-0.305,-1.676
1776826053,204930938,robot_4,2.189,1.820
1776826053,204957070,robot_2,-0.037,2.350
1776826053,204969115,robot_3,0.728,3.035
1776826053,204979221,robot_0,-4.616,3.974
1776826053,204989016,robot_1,-0.300,-1.676
1776826053,424487247,robot_4,2.144,1.792
1776826053,424511130,robot_2,-0.038,2.312
1776826053,424523353,robot_3,0.727,3.035
1776826053,424532816,robot_0,-4.616,3.974
1776826053,424541697,robot_1,-0.300,-1.676
1776826053,644104818,robot_4,2.096,1.761
1776826053,644131492,robot_2,-0.039,2.271
1776826053,644143510,robot_3,0.727,3.035
1776826053,644152768,robot_0,-4.616,3.974
1776826053,644161330,robot_1,-0.301,-1.676
1776826053,863052969,robot_4,2.059,1.738
1776826053,863072271,robot_2,-0.039,2.229
1776826053,863079287,robot_3,0.727,3.035
1776826053,863101219,robot_0,-4.616,3.974
1776826053,863107003,robot_1,-0.301,-1.676
1776826054,63468689,robot_4,2.004,1.702
1776826054,63487102,robot_2,-0.039,2.200
1776826054,63494150,robot_3,0.727,3.035
1776826054,63499466,robot_0,-4.616,3.974
1776826054,63504943,robot_1,-0.301,-1.676
1776826054,263988516,robot_4,1.948,1.667
1776826054,264008289,robot_2,-0.040,2.164
1776826054,264016388,robot_3,0.727,3.035
1776826054,264023740,robot_0,-4.616,3.973
1776826054,264030958,robot_1,-0.301,-1.676
1776826054,483068911,robot_4,1.911,1.643
1776826054,483085395,robot_2,-0.043,2.117
1776826054,483092456,robot_3,0.726,3.036
1776826054,483098515,robot_0,-4.616,3.973
1776826054,483104097,robot_1,-0.301,-1.676
1776826054,684073600,robot_4,1.867,1.615
1776826054,684091888,robot_2,-0.048,2.044
1776826054,684098527,robot_3,0.726,3.036
1776826054,684104513,robot_0,-4.617,3.973
1776826054,684110273,robot_1,-0.302,-1.675
1776826054,884372955,robot_4,1.827,1.590
1776826054,884391133,robot_2,-0.050,1.991
1776826054,884397675,robot_3,0.726,3.036
1776826054,884403387,robot_0,-4.617,3.973
1776826054,884408705,robot_1,-0.302,-1.675
1776826055,103713223,robot_4,1.789,1.566
1776826055,103740882,robot_2,-0.053,1.950
1776826055,103753404,robot_3,0.725,3.037
1776826055,103763087,robot_0,-4.617,3.973
1776826055,103772486,robot_1,-0.302,-1.674
1776826055,303980727,robot_4,1.743,1.537
1776826055,304022880,robot_2,-0.054,1.918
1776826055,304030790,robot_3,0.725,3.037
1776826055,304037151,robot_0,-4.618,3.973
1776826055,304044994,robot_1,-0.302,-1.674
1776826055,504007418,robot_4,1.703,1.514
1776826055,504027645,robot_2,-0.056,1.879
1776826055,504036310,robot_3,0.725,3.038
1776826055,504043971,robot_0,-4.618,3.973
1776826055,504050455,robot_1,-0.303,-1.673
1776826055,704871640,robot_4,1.667,1.494
1776826055,704901030,robot_2,-0.059,1.835
1776826055,704920952,robot_3,0.725,3.038
1776826055,704935273,robot_0,-4.618,3.973
1776826055,704947978,robot_1,-0.303,-1.673
1776826055,924346642,robot_4,1.619,1.467
1776826055,924363338,robot_2,-0.062,1.776
1776826055,924369597,robot_3,0.725,3.039
1776826055,924375541,robot_0,-4.618,3.973
1776826055,924381278,robot_1,-0.302,-1.672
1776826056,144254360,robot_4,1.578,1.443
1776826056,144286616,robot_2,-0.065,1.731
1776826056,144301090,robot_3,0.725,3.039
1776826056,144313241,robot_0,-4.618,3.973
1776826056,144325150,robot_1,-0.302,-1.672
1776826056,344742195,robot_4,1.539,1.421
1776826056,344761310,robot_2,-0.067,1.696
1776826056,344769870,robot_3,0.725,3.039
1776826056,344776811,robot_0,-4.618,3.973
1776826056,344783411,robot_1,-0.302,-1.672
1776826056,564177882,robot_4,1.475,1.383
1776826056,564196774,robot_2,-0.069,1.662
1776826056,564205735,robot_3,0.726,3.039
1776826056,564211591,robot_0,-4.619,3.973
1776826056,564217383,robot_1,-0.302,-1.672
1776826056,764254857,robot_4,1.436,1.359
1776826056,764281003,robot_2,-0.071,1.622
1776826056,764292941,robot_3,0.726,3.039
1776826056,764303037,robot_0,-4.619,3.973
1776826056,764312494,robot_1,-0.302,-1.672
1776826056,984655778,robot_4,1.405,1.339
1776826056,984677254,robot_2,-0.073,1.589
1776826056,984686685,robot_3,0.726,3.040
1776826056,984694356,robot_0,-4.619,3.974
1776826056,984701408,robot_1,-0.302,-1.671
1776826057,204953459,robot_4,1.382,1.324
1776826057,204975142,robot_2,-0.075,1.558
1776826057,204984699,robot_3,0.726,3.040
1776826057,204992706,robot_0,-4.619,3.974
1776826057,205001086,robot_1,-0.301,-1.671
1776826057,424279469,robot_4,1.345,1.299
1776826057,424312450,robot_2,-0.077,1.514
1776826057,424327950,robot_3,0.727,3.040
1776826057,424339926,robot_0,-4.620,3.974
1776826057,424353063,robot_1,-0.301,-1.671
1776826057,644554484,robot_4,1.300,1.269
1776826057,644580319,robot_2,-0.081,1.451
1776826057,644592731,robot_3,0.727,3.040
1776826057,644602793,robot_0,-4.620,3.975
1776826057,644612370,robot_1,-0.300,-1.671
1776826057,863602379,robot_4,1.256,1.237
1776826057,863621164,robot_2,-0.084,1.396
1776826057,863629064,robot_3,0.728,3.041
1776826057,863634948,robot_0,-4.619,3.975
1776826057,863641065,robot_1,-0.300,-1.671
1776826058,63646538,robot_4,1.224,1.213
1776826058,63668390,robot_2,-0.086,1.355
1776826058,63677219,robot_3,0.728,3.040
1776826058,63683862,robot_0,-4.619,3.975
1776826058,63690388,robot_1,-0.299,-1.671
1776826058,264877710,robot_4,1.202,1.195
1776826058,264907934,robot_2,-0.090,1.281
1776826058,264928287,robot_3,0.729,3.040
1776826058,264940745,robot_0,-4.619,3.975
1776826058,264952308,robot_1,-0.299,-1.671
1776826058,483772023,robot_4,1.175,1.172
1776826058,483792284,robot_2,-0.094,1.219
1776826058,483800809,robot_3,0.729,3.040
1776826058,483807741,robot_0,-4.619,3.975
1776826058,483814979,robot_1,-0.299,-1.671
1776826058,702984978,robot_4,1.142,1.142
1776826058,703002134,robot_2,-0.096,1.180
1776826058,703009408,robot_3,0.722,3.026
1776826058,703015364,robot_0,-4.619,3.976
1776826058,703021165,robot_1,-0.309,-1.695
1776826058,903073480,robot_4,1.115,1.117
1776826058,903091514,robot_2,-0.097,1.158
1776826058,903098485,robot_3,0.707,2.995
1776826058,903103749,robot_0,-4.619,3.976
1776826058,903109296,robot_1,-0.320,-1.745
1776826059,103931742,robot_4,1.086,1.091
1776826059,103952894,robot_2,-0.099,1.122
1776826059,103959234,robot_3,0.690,2.959
1776826059,103964912,robot_0,-4.619,3.976
1776826059,103971026,robot_1,-0.327,-1.762
1776826059,304536932,robot_4,1.056,1.064
1776826059,304567715,robot_2,-0.102,1.079
1776826059,304582403,robot_3,0.677,2.930
1776826059,304593768,robot_0,-4.619,3.976
1776826059,304605285,robot_1,-0.329,-1.768
1776826059,505523803,robot_4,1.024,1.036
1776826059,505554930,robot_2,-0.105,1.032
1776826059,505568838,robot_3,0.665,2.908
1776826059,505580386,robot_0,-4.618,3.977
1776826059,505591108,robot_1,-0.325,-1.768
1776826059,725471247,robot_4,0.991,1.005
1776826059,725502187,robot_2,-0.108,0.987
1776826059,725516463,robot_3,0.644,2.870
1776826059,725528539,robot_0,-4.618,3.977
1776826059,725537751,robot_1,-0.310,-1.760
1776826059,944909517,robot_4,0.957,0.974
1776826059,944958076,robot_2,-0.110,0.951
1776826059,944973497,robot_3,0.616,2.819
1776826059,944985078,robot_0,-4.617,3.977
1776826059,944997763,robot_1,-0.293,-1.750
1776826060,163538236,robot_4,0.917,0.938
1776826060,163556023,robot_2,-0.112,0.924
1776826060,163563309,robot_3,0.587,2.766
1776826060,163568801,robot_0,-4.617,3.977
1776826060,163573976,robot_1,-0.277,-1.738
1776826060,383613472,robot_4,0.884,0.908
1776826060,383631582,robot_2,-0.114,0.880
1776826060,383638744,robot_3,0.565,2.728
1776826060,383644375,robot_0,-4.617,3.977
1776826060,383649636,robot_1,-0.267,-1.722
1776826060,584823925,robot_4,0.849,0.876
1776826060,584847571,robot_2,-0.116,0.851
1776826060,584854444,robot_3,0.537,2.677
1776826060,584859869,robot_0,-4.617,3.977
1776826060,584865992,robot_1,-0.268,-1.706
1776826060,802960625,robot_4,0.805,0.836
1776826060,802977030,robot_2,-0.118,0.821
1776826060,802984004,robot_3,0.510,2.628
1776826060,802989900,robot_0,-4.617,3.977
1776826060,802995573,robot_1,-0.268,-1.705
1776826061,4065409,robot_4,0.776,0.809
1776826061,4082674,robot_2,-0.121,0.781
1776826061,4090897,robot_3,0.490,2.592
1776826061,4096849,robot_0,-4.617,3.977
1776826061,4102892,robot_1,-0.268,-1.706
1776826061,223197958,robot_4,0.751,0.787
1776826061,223215955,robot_2,-0.123,0.742
1776826061,223222663,robot_3,0.459,2.536
1776826061,223228288,robot_0,-4.616,3.976
1776826061,223233789,robot_1,-0.268,-1.706
1776826061,424847161,robot_4,0.732,0.770
1776826061,424867275,robot_2,-0.125,0.705
1776826061,424875911,robot_3,0.436,2.494
1776826061,424882506,robot_0,-4.616,3.976
1776826061,424889277,robot_1,-0.268,-1.706
1776826061,644137851,robot_4,0.698,0.743
1776826061,644155592,robot_2,-0.128,0.661
1776826061,644164005,robot_3,0.412,2.451
1776826061,644170607,robot_0,-4.616,3.976
1776826061,644176375,robot_1,-0.268,-1.706
1776826061,844583447,robot_4,0.686,0.733
1776826061,844602993,robot_2,-0.132,0.605
1776826061,844610837,robot_3,0.376,2.387
1776826061,844616750,robot_0,-4.616,3.975
1776826061,844623424,robot_1,-0.268,-1.706
1776826062,44739756,robot_4,0.686,0.733
1776826062,44759771,robot_2,-0.137,0.556
1776826062,44766346,robot_3,0.351,2.343
1776826062,44771875,robot_0,-4.616,3.975
1776826062,44777908,robot_1,-0.269,-1.707
1776826062,263545993,robot_4,0.685,0.733
1776826062,263564520,robot_2,-0.142,0.511
1776826062,263572305,robot_3,0.326,2.297
1776826062,263578624,robot_0,-4.615,3.975
1776826062,263584554,robot_1,-0.269,-1.707
1776826062,483765749,robot_4,0.685,0.734
1776826062,483783502,robot_2,-0.151,0.443
1776826062,483790285,robot_3,0.285,2.224
1776826062,483795887,robot_0,-4.615,3.974
1776826062,483801361,robot_1,-0.269,-1.707
1776826062,684675187,robot_4,0.685,0.734
1776826062,684693782,robot_2,-0.156,0.396
1776826062,684701532,robot_3,0.263,2.185
1776826062,684707120,robot_0,-4.616,3.974
1776826062,684712757,robot_1,-0.270,-1.707
1776826062,905253836,robot_4,0.684,0.734
1776826062,905274793,robot_2,-0.161,0.355
1776826062,905283245,robot_3,0.236,2.135
1776826062,905290854,robot_0,-4.616,3.974
1776826062,905298070,robot_1,-0.270,-1.708
1776826063,124524865,robot_4,0.684,0.734
1776826063,124543597,robot_2,-0.166,0.322
1776826063,124550551,robot_3,0.202,2.075
1776826063,124556769,robot_0,-4.616,3.974
1776826063,124563473,robot_1,-0.266,-1.708
1776826063,326579891,robot_4,0.683,0.734
1776826063,326599030,robot_2,-0.172,0.283
1776826063,326606562,robot_3,0.183,2.040
1776826063,326612695,robot_0,-4.616,3.974
1776826063,326618644,robot_1,-0.266,-1.707
1776826063,527613413,robot_4,0.683,0.733
1776826063,527665634,robot_2,-0.177,0.250
1776826063,527692787,robot_3,0.154,1.988
1776826063,527713866,robot_0,-4.616,3.974
1776826063,527733692,robot_1,-0.267,-1.707
1776826063,744180325,robot_4,0.682,0.733
1776826063,744199374,robot_2,-0.181,0.222
1776826063,744209591,robot_3,0.118,1.921
1776826063,744216924,robot_0,-4.616,3.973
1776826063,744223091,robot_1,-0.267,-1.707
1776826063,944907978,robot_4,0.682,0.733
1776826063,944934268,robot_2,-0.186,0.183
1776826063,944943382,robot_3,0.098,1.886
1776826063,944951638,robot_0,-4.616,3.973
1776826063,944958871,robot_1,-0.267,-1.707
1776826064,164021937,robot_4,0.682,0.733
1776826064,164047904,robot_2,-0.194,0.122
1776826064,164058429,robot_3,0.071,1.835
1776826064,164067011,robot_0,-4.617,3.973
1776826064,164075123,robot_1,-0.267,-1.707
1776826064,364035063,robot_4,0.682,0.733
1776826064,364053844,robot_2,-0.202,0.048
1776826064,364061946,robot_3,0.046,1.790
1776826064,364068567,robot_0,-4.617,3.973
1776826064,364075210,robot_1,-0.267,-1.707
1776826064,586312912,robot_4,0.682,0.733
1776826064,586338907,robot_2,-0.208,0.002
1776826064,586351286,robot_3,0.026,1.751
1776826064,586360501,robot_0,-4.617,3.973
1776826064,586368163,robot_1,-0.268,-1.707
1776826064,804367801,robot_4,0.682,0.732
1776826064,804391282,robot_2,-0.212,-0.029
1776826064,804401365,robot_3,0.014,1.730
1776826064,804410177,robot_0,-4.618,3.973
1776826064,804418197,robot_1,-0.268,-1.706
1776826065,5058573,robot_4,0.682,0.732
1776826065,5090985,robot_2,-0.215,-0.058
1776826065,5103264,robot_3,-0.001,1.702
1776826065,5113590,robot_0,-4.618,3.973
1776826065,5123399,robot_1,-0.268,-1.706
1776826065,224837724,robot_4,0.682,0.731
1776826065,224862465,robot_2,-0.220,-0.102
1776826065,224873989,robot_3,-0.021,1.665
1776826065,224884246,robot_0,-4.619,3.973
1776826065,224892959,robot_1,-0.268,-1.705
1776826065,442987823,robot_4,0.682,0.731
1776826065,443004763,robot_2,-0.224,-0.129
1776826065,443011950,robot_3,-0.038,1.634
1776826065,443018116,robot_0,-4.619,3.973
1776826065,443023587,robot_1,-0.268,-1.705
1776826065,644509986,robot_4,0.682,0.730
1776826065,644535628,robot_2,-0.227,-0.160
1776826065,644545978,robot_3,-0.056,1.600
1776826065,644553941,robot_0,-4.619,3.973
1776826065,644561231,robot_1,-0.268,-1.704
1776826065,844848279,robot_4,0.682,0.730
1776826065,844870725,robot_2,-0.232,-0.200
1776826065,844880843,robot_3,-0.076,1.564
1776826065,844889840,robot_0,-4.619,3.973
1776826065,844897462,robot_1,-0.268,-1.704
1776826066,46049392,robot_4,0.682,0.730
1776826066,46077664,robot_2,-0.240,-0.263
1776826066,46091133,robot_3,-0.096,1.526
1776826066,46100797,robot_0,-4.619,3.973
1776826066,46110562,robot_1,-0.268,-1.703
1776826066,264760190,robot_4,0.683,0.730
1776826066,264787031,robot_2,-0.247,-0.320
1776826066,264799672,robot_3,-0.117,1.486
1776826066,264809358,robot_0,-4.619,3.973
1776826066,264819234,robot_1,-0.268,-1.703
1776826066,485312084,robot_4,0.683,0.730
1776826066,485331341,robot_2,-0.252,-0.366
1776826066,485339506,robot_3,-0.137,1.450
1776826066,485345901,robot_0,-4.619,3.974
1776826066,485352714,robot_1,-0.268,-1.703
1776826066,703030922,robot_4,0.683,0.729
1776826066,703055946,robot_2,-0.259,-0.420
1776826066,703063920,robot_3,-0.156,1.414
1776826066,703070080,robot_0,-4.619,3.974
1776826066,703076106,robot_1,-0.268,-1.703
1776826066,904215522,robot_4,0.683,0.729
1776826066,904237681,robot_2,-0.264,-0.462
1776826066,904247371,robot_3,-0.175,1.379
1776826066,904255637,robot_0,-4.620,3.975
1776826066,904263683,robot_1,-0.267,-1.703
1776826067,124098108,robot_4,0.683,0.729
1776826067,124117260,robot_2,-0.269,-0.509
1776826067,124125387,robot_3,-0.195,1.343
1776826067,124131647,robot_0,-4.620,3.975
1776826067,124138300,robot_1,-0.267,-1.702
1776826067,343164075,robot_4,0.684,0.729
1776826067,343187991,robot_2,-0.276,-0.562
1776826067,343194816,robot_3,-0.214,1.308
1776826067,343200311,robot_0,-4.619,3.975
1776826067,343206750,robot_1,-0.267,-1.702
1776826067,543485381,robot_4,0.684,0.729
1776826067,543504660,robot_2,-0.280,-0.602
1776826067,543511280,robot_3,-0.233,1.272
1776826067,543517238,robot_0,-4.619,3.976
1776826067,543522627,robot_1,-0.266,-1.702
1776826067,743839501,robot_4,0.685,0.729
1776826067,743858629,robot_2,-0.285,-0.637
1776826067,743865114,robot_3,-0.263,1.217
1776826067,743870130,robot_0,-4.602,3.967
1776826067,743875192,robot_1,-0.266,-1.702
1776826067,944115014,robot_4,0.685,0.729
1776826067,944135276,robot_2,-0.288,-0.668
1776826067,944144209,robot_3,-0.296,1.155
1776826067,944151016,robot_0,-4.545,3.938
1776826067,944157708,robot_1,-0.265,-1.702
1776826068,144253505,robot_4,0.685,0.729
1776826068,144274963,robot_2,-0.293,-0.708
1776826068,144283753,robot_3,-0.316,1.120
1776826068,144291391,robot_0,-4.508,3.920
1776826068,144298796,robot_1,-0.265,-1.702
1776826068,364152549,robot_4,0.686,0.730
1776826068,364179569,robot_2,-0.301,-0.768
1776826068,364192964,robot_3,-0.348,1.060
1776826068,364204028,robot_0,-4.460,3.895
1776826068,364214648,robot_1,-0.264,-1.702
1776826068,564500875,robot_4,0.686,0.730
1776826068,564521004,robot_2,-0.309,-0.837
1776826068,564528200,robot_3,-0.378,1.004
1776826068,564533354,robot_0,-4.413,3.871
1776826068,564540231,robot_1,-0.271,-1.714
1776826068,784447325,robot_4,0.668,0.747
1776826068,784468643,robot_2,-0.315,-0.881
1776826068,784478791,robot_3,-0.399,0.966
1776826068,784486824,robot_0,-4.374,3.852
1776826068,784494723,robot_1,-0.303,-1.768
1776826068,985209063,robot_4,0.644,0.769
1776826068,985231703,robot_2,-0.321,-0.927
1776826068,985241756,robot_3,-0.431,0.905
1776826068,985250170,robot_0,-4.319,3.824
1776826068,985258754,robot_1,-0.307,-1.785
1776826069,204310772,robot_4,0.611,0.799
1776826069,204330052,robot_2,-0.327,-0.977
1776826069,204337967,robot_3,-0.462,0.847
1776826069,204343734,robot_0,-4.253,3.792
1776826069,204350155,robot_1,-0.306,-1.790
1776826069,423817248,robot_4,0.577,0.831
1776826069,423834394,robot_2,-0.332,-1.021
1776826069,423841635,robot_3,-0.484,0.806
1776826069,423847690,robot_0,-4.214,3.774
1776826069,423853271,robot_1,-0.306,-1.790
1776826069,624946582,robot_4,0.547,0.859
1776826069,624976182,robot_2,-0.339,-1.072
1776826069,624988815,robot_3,-0.509,0.756
1776826069,624999514,robot_0,-4.151,3.745
1776826069,625009729,robot_1,-0.303,-1.789
1776826069,845453716,robot_4,0.511,0.893
1776826069,845478226,robot_2,-0.347,-1.123
1776826069,845488767,robot_3,-0.532,0.712
1776826069,845497844,robot_0,-4.091,3.717
1776826069,845507241,robot_1,-0.290,-1.782
1776826070,65901510,robot_4,0.453,0.944
1776826070,65928368,robot_2,-0.354,-1.167
1776826070,65937941,robot_3,-0.552,0.674
1776826070,65946646,robot_0,-4.049,3.697
1776826070,65953831,robot_1,-0.272,-1.773
1776826070,284127330,robot_4,0.414,0.978
1776826070,284145312,robot_2,-0.370,-1.227
1776826070,284152262,robot_3,-0.571,0.638
1776826070,284158406,robot_0,-3.979,3.664
1776826070,284163299,robot_1,-0.248,-1.776
1776826070,504292286,robot_4,0.370,1.016
1776826070,504311505,robot_2,-0.390,-1.274
1776826070,504319059,robot_3,-0.591,0.599
1776826070,504325420,robot_0,-3.929,3.639
1776826070,504331239,robot_1,-0.217,-1.796
1776826070,704731115,robot_4,0.319,1.060
1776826070,704753069,robot_2,-0.406,-1.306
1776826070,704762967,robot_3,-0.613,0.557
1776826070,704771924,robot_0,-3.887,3.618
1776826070,704778886,robot_1,-0.190,-1.817
1776826070,923644000,robot_4,0.284,1.089
1776826070,923661624,robot_2,-0.423,-1.327
1776826070,923668739,robot_3,-0.640,0.506
1776826070,923675228,robot_0,-3.825,3.584
1776826070,923680752,robot_1,-0.167,-1.835
1776826071,124846306,robot_4,0.250,1.118
1776826071,124876016,robot_2,-0.442,-1.357
1776826071,124889018,robot_3,-0.658,0.471
1776826071,124900205,robot_0,-3.789,3.562
1776826071,124910709,robot_1,-0.144,-1.865
1776826071,325675854,robot_4,0.216,1.147
1776826071,325706480,robot_2,-0.457,-1.389
1776826071,325720640,robot_3,-0.681,0.427
1776826071,325733205,robot_0,-3.758,3.543
1776826071,325744693,robot_1,-0.123,-1.897
1776826071,543839447,robot_4,0.182,1.176
1776826071,543857747,robot_2,-0.470,-1.431
1776826071,543865034,robot_3,-0.706,0.378
1776826071,543870753,robot_0,-3.728,3.525
1776826071,543876498,robot_1,-0.111,-1.932
1776826071,744547003,robot_4,0.143,1.209
1776826071,744574767,robot_2,-0.481,-1.470
1776826071,744586778,robot_3,-0.725,0.343
1776826071,744594929,robot_0,-3.693,3.505
1776826071,744603131,robot_1,-0.104,-1.964
1776826071,944715295,robot_4,0.104,1.242
1776826071,944746976,robot_2,-0.490,-1.493
1776826071,944762397,robot_3,-0.751,0.292
1776826071,944775115,robot_0,-3.652,3.482
1776826071,944786490,robot_1,-0.096,-1.990
1776826072,164077796,robot_4,0.071,1.271
1776826072,164096381,robot_2,-0.495,-1.488
1776826072,164103500,robot_3,-0.780,0.236
1776826072,164109130,robot_0,-3.602,3.454
1776826072,164114042,robot_1,-0.078,-2.014
1776826072,364934348,robot_4,0.050,1.288
1776826072,364955368,robot_2,-0.494,-1.485
1776826072,364964104,robot_3,-0.799,0.201
1776826072,364971579,robot_0,-3.567,3.435
1776826072,364980052,robot_1,-0.065,-2.007
1776826072,565073223,robot_4,0.028,1.308
1776826072,565096804,robot_2,-0.492,-1.483
1776826072,565104853,robot_3,-0.828,0.144
1776826072,565112253,robot_0,-3.535,3.417
1776826072,565119361,robot_1,-0.062,-1.997
1776826072,783813862,robot_4,-0.005,1.338
1776826072,783838249,robot_2,-0.491,-1.482
1776826072,783849248,robot_3,-0.857,0.084
1776826072,783858521,robot_0,-3.499,3.397
1776826072,783867552,robot_1,-0.063,-1.997
1776826073,3633178,robot_4,-0.055,1.383
1776826073,3664443,robot_2,-0.491,-1.483
1776826073,3675868,robot_3,-0.876,0.044
1776826073,3684644,robot_0,-3.461,3.375
1776826073,3693145,robot_1,-0.063,-1.998
1776826073,203948755,robot_4,-0.094,1.418
1776826073,203973604,robot_2,-0.490,-1.483
1776826073,203983697,robot_3,-0.885,0.025
1776826073,203992236,robot_0,-3.403,3.343
1776826073,204000880,robot_1,-0.063,-1.998
1776826073,423263221,robot_4,-0.129,1.450
1776826073,423287186,robot_2,-0.490,-1.484
1776826073,423294339,robot_3,-0.899,-0.008
1776826073,423299257,robot_0,-3.340,3.308
1776826073,423305420,robot_1,-0.064,-1.998
1776826073,624344943,robot_4,-0.184,1.499
1776826073,624370451,robot_2,-0.490,-1.484
1776826073,624381896,robot_3,-0.917,-0.046
1776826073,624391686,robot_0,-3.306,3.288
1776826073,624400019,robot_1,-0.064,-1.998
1776826073,824614217,robot_4,-0.226,1.537
1776826073,824645270,robot_2,-0.490,-1.485
1776826073,824660275,robot_3,-0.942,-0.101
1776826073,824672844,robot_0,-3.269,3.268
1776826073,824684892,robot_1,-0.065,-1.998
1776826074,43331124,robot_4,-0.256,1.565
1776826074,43351041,robot_2,-0.490,-1.485
1776826074,43357797,robot_3,-0.963,-0.148
1776826074,43362833,robot_0,-3.229,3.247
1776826074,43367884,robot_1,-0.065,-1.998
1776826074,262869834,robot_4,-0.279,1.585
1776826074,262886477,robot_2,-0.492,-1.485
1776826074,262892956,robot_3,-0.979,-0.183
1776826074,262898489,robot_0,-3.192,3.228
1776826074,262903479,robot_1,-0.065,-1.998
1776826074,464248337,robot_4,-0.309,1.608
1776826074,464280132,robot_2,-0.549,-1.473
1776826074,464294869,robot_3,-0.989,-0.205
1776826074,464306758,robot_0,-3.190,3.227
1776826074,464318576,robot_1,-0.065,-1.998
1776826074,683997837,robot_4,-0.353,1.643
1776826074,684018836,robot_2,-0.609,-1.460
1776826074,684027747,robot_3,-1.006,-0.243
1776826074,684034961,robot_0,-3.190,3.227
1776826074,684041889,robot_1,-0.065,-1.998
1776826074,885448993,robot_4,-0.412,1.689
1776826074,885472528,robot_2,-0.652,-1.451
1776826074,885482179,robot_3,-1.026,-0.289
1776826074,885490092,robot_0,-3.190,3.227
1776826074,885498740,robot_1,-0.065,-1.999
1776826075,103462117,robot_4,-0.452,1.720
1776826075,103482054,robot_2,-0.722,-1.436
1776826075,103489700,robot_3,-1.055,-0.355
1776826075,103495728,robot_0,-3.190,3.227
1776826075,103501683,robot_1,-0.061,-2.000
1776826075,304341512,robot_4,-0.491,1.751
1776826075,304376917,robot_2,-0.768,-1.426
1776826075,304390522,robot_3,-1.072,-0.392
1776826075,304400010,robot_0,-3.189,3.228
1776826075,304409282,robot_1,-0.061,-2.000
1776826075,504398248,robot_4,-0.538,1.788
1776826075,504416785,robot_2,-0.802,-1.419
1776826075,504424078,robot_3,-1.093,-0.438
1776826075,504430351,robot_0,-3.189,3.228
1776826075,504436305,robot_1,-0.062,-2.000
1776826075,705155173,robot_4,-0.569,1.812
1776826075,705174658,robot_2,-0.823,-1.414
1776826075,705182661,robot_3,-1.119,-0.493
1776826075,705188871,robot_0,-3.189,3.228
1776826075,705194795,robot_1,-0.062,-1.999
1776826075,924683997,robot_4,-0.618,1.851
1776826075,924711775,robot_2,-0.863,-1.406
1776826075,924724898,robot_3,-1.137,-0.533
1776826075,924735783,robot_0,-3.188,3.228
1776826075,924745768,robot_1,-0.062,-1.999
1776826076,125055101,robot_4,-0.672,1.893
1776826076,125086692,robot_2,-0.898,-1.399
1776826076,125102852,robot_3,-1.159,-0.581
1776826076,125115358,robot_0,-3.188,3.227
1776826076,125127093,robot_1,-0.062,-1.998
1776826076,344183949,robot_4,-0.707,1.920
1776826076,344201313,robot_2,-0.929,-1.391
1776826076,344208356,robot_3,-1.183,-0.637
1776826076,344214132,robot_0,-3.187,3.227
1776826076,344219452,robot_1,-0.062,-1.998
1776826076,563943079,robot_4,-0.736,1.943
1776826076,563961656,robot_2,-0.972,-1.379
1776826076,563967980,robot_3,-1.198,-0.678
1776826076,563973470,robot_0,-3.187,3.227
1776826076,563978957,robot_1,-0.062,-1.998
1776826076,784964578,robot_4,-0.767,1.967
1776826076,784992041,robot_2,-1.004,-1.370
1776826076,785003898,robot_3,-1.202,-0.689
1776826076,785014497,robot_0,-3.187,3.227
1776826076,785024486,robot_1,-0.062,-1.998
1776826077,4056472,robot_4,-0.802,1.995
1776826077,4087398,robot_2,-1.035,-1.361
1776826077,4098620,robot_3,-1.202,-0.689
1776826077,4106495,robot_0,-3.187,3.227
1776826077,4114661,robot_1,-0.062,-1.997
1776826077,204328480,robot_4,-0.851,2.033
1776826077,204368165,robot_2,-1.074,-1.350
1776826077,204382245,robot_3,-1.202,-0.689
1776826077,204393617,robot_0,-3.187,3.227
1776826077,204404051,robot_1,-0.062,-1.997
1776826077,423732282,robot_4,-0.894,2.068
1776826077,423750866,robot_2,-1.112,-1.339
1776826077,423757089,robot_3,-1.201,-0.690
1776826077,423763082,robot_0,-3.187,3.227
1776826077,423768081,robot_1,-0.062,-1.996
1776826077,644086875,robot_4,-0.931,2.098
1776826077,644115235,robot_2,-1.153,-1.330
1776826077,644128200,robot_3,-1.201,-0.690
1776826077,644138949,robot_0,-3.187,3.226
1776826077,644149282,robot_1,-0.062,-1.996
1776826077,844276569,robot_4,-0.973,2.132
1776826077,844297153,robot_2,-1.192,-1.323
1776826077,844305117,robot_3,-1.201,-0.691
1776826077,844311589,robot_0,-3.187,3.226
1776826077,844318696,robot_1,-0.061,-1.996
1776826078,45011727,robot_4,-1.006,2.159
1776826078,45051991,robot_2,-1.217,-1.318
1776826078,45061139,robot_3,-1.201,-0.691
1776826078,45069427,robot_0,-3.187,3.225
1776826078,45077278,robot_1,-0.061,-1.995
1776826078,263944791,robot_4,-1.038,2.185
1776826078,263969056,robot_2,-1.253,-1.310
1776826078,263979351,robot_3,-1.201,-0.692
1776826078,263988900,robot_0,-3.187,3.225
1776826078,263997081,robot_1,-0.060,-1.995
1776826078,483197575,robot_4,-1.065,2.206
1776826078,483213831,robot_2,-1.299,-1.298
1776826078,483220261,robot_3,-1.201,-0.692
1776826078,483226343,robot_0,-3.187,3.225
1776826078,483232395,robot_1,-0.060,-1.995
1776826078,704216807,robot_4,-1.100,2.233
1776826078,704250342,robot_2,-1.370,-1.282
1776826078,704260818,robot_3,-1.201,-0.693
1776826078,704270362,robot_0,-3.187,3.224
1776826078,704280343,robot_1,-0.060,-1.995
1776826078,924023982,robot_4,-1.126,2.252
1776826078,924048434,robot_2,-1.420,-1.272
1776826078,924059916,robot_3,-1.201,-0.693
1776826078,924068810,robot_0,-3.187,3.224
1776826078,924077496,robot_1,-0.060,-1.995
1776826079,126095848,robot_4,-1.141,2.263
1776826079,126114840,robot_2,-1.458,-1.266
1776826079,126122220,robot_3,-1.201,-0.693
1776826079,126128598,robot_0,-3.187,3.224
1776826079,126134648,robot_1,-0.060,-1.995
1776826079,344307179,robot_4,-1.141,2.263
1776826079,344338093,robot_2,-1.496,-1.259
1776826079,344349990,robot_3,-1.201,-0.693
1776826079,344359697,robot_0,-3.187,3.224
1776826079,344369803,robot_1,-0.059,-1.995
1776826079,544609503,robot_4,-1.141,2.263
1776826079,544638490,robot_2,-1.535,-1.253
1776826079,544651631,robot_3,-1.202,-0.693
1776826079,544664180,robot_0,-3.187,3.224
1776826079,544675541,robot_1,-0.059,-1.995
1776826079,763782944,robot_4,-1.140,2.263
1776826079,763803616,robot_2,-1.575,-1.246
1776826079,763811978,robot_3,-1.202,-0.694
1776826079,763818643,robot_0,-3.188,3.224
1776826079,763825289,robot_1,-0.058,-1.995
1776826079,964184917,robot_4,-1.140,2.264
1776826079,964207186,robot_2,-1.609,-1.240
1776826079,964216410,robot_3,-1.202,-0.694
1776826079,964224167,robot_0,-3.188,3.224
1776826079,964231654,robot_1,-0.058,-1.996
1776826080,164752924,robot_4,-1.140,2.264
1776826080,164791010,robot_2,-1.649,-1.233
1776826080,164810048,robot_3,-1.203,-0.694
1776826080,164825699,robot_0,-3.188,3.224
1776826080,164840689,robot_1,-0.058,-1.996
1776826080,365378806,robot_4,-1.141,2.265
1776826080,365410178,robot_2,-1.703,-1.224
1776826080,365425308,robot_3,-1.203,-0.694
1776826080,365438140,robot_0,-3.189,3.224
1776826080,365451345,robot_1,-0.057,-1.996
1776826080,585077686,robot_4,-1.141,2.265
1776826080,585111921,robot_2,-1.774,-1.210
1776826080,585127667,robot_3,-1.204,-0.694
1776826080,585140470,robot_0,-3.189,3.224
1776826080,585152683,robot_1,-0.057,-1.997
1776826080,805229664,robot_4,-1.141,2.266
1776826080,805252476,robot_2,-1.817,-1.201
1776826080,805261912,robot_3,-1.204,-0.694
1776826080,805269095,robot_0,-3.190,3.224
1776826080,805276817,robot_1,-0.057,-1.997
1776826081,25192453,robot_4,-1.141,2.266
1776826081,25232284,robot_2,-1.887,-1.185
1776826081,25254036,robot_3,-1.205,-0.694
1776826081,25272403,robot_0,-3.190,3.224
1776826081,25289841,robot_1,-0.057,-1.998
1776826081,245047294,robot_4,-1.142,2.266
1776826081,245067330,robot_2,-1.956,-1.170
1776826081,245075671,robot_3,-1.205,-0.694
1776826081,245082573,robot_0,-3.190,3.225
1776826081,245089053,robot_1,-0.057,-1.998
1776826081,464138836,robot_4,-1.142,2.266
1776826081,464157476,robot_2,-2.000,-1.160
1776826081,464165260,robot_3,-1.205,-0.694
1776826081,464171192,robot_0,-3.161,3.266
1776826081,464177259,robot_1,-0.057,-1.998
1776826081,664440089,robot_4,-1.142,2.266
1776826081,664469655,robot_2,-2.067,-1.145
1776826081,664483305,robot_3,-1.205,-0.694
1776826081,664494732,robot_0,-3.137,3.304
1776826081,664505278,robot_1,-0.057,-1.998
1776826081,884053714,robot_4,-1.142,2.266
1776826081,884074705,robot_2,-2.124,-1.132
1776826081,884082724,robot_3,-1.205,-0.693
1776826081,884089235,robot_0,-3.116,3.337
1776826081,884095932,robot_1,-0.057,-1.997
1776826082,84172174,robot_4,-1.142,2.266
1776826082,84198395,robot_2,-2.167,-1.123
1776826082,84210963,robot_3,-1.206,-0.693
1776826082,84216504,robot_0,-3.116,3.337
1776826082,84221820,robot_1,-0.057,-1.997
1776826082,303822661,robot_4,-1.143,2.266
1776826082,303841686,robot_2,-2.245,-1.106
1776826082,303848949,robot_3,-1.206,-0.693
1776826082,303854763,robot_0,-3.116,3.337
1776826082,303860239,robot_1,-0.057,-1.997
1776826082,504374198,robot_4,-1.143,2.266
1776826082,504395924,robot_2,-2.293,-1.095
1776826082,504404483,robot_3,-1.206,-0.692
1776826082,504411137,robot_0,-3.116,3.337
1776826082,504416953,robot_1,-0.058,-1.996
1776826082,723237915,robot_4,-1.144,2.266
1776826082,723255239,robot_2,-2.346,-1.083
1776826082,723261715,robot_3,-1.206,-0.692
1776826082,723267540,robot_0,-3.117,3.338
1776826082,723273106,robot_1,-0.058,-1.996
1776826082,942924459,robot_4,-1.144,2.266
1776826082,942941566,robot_2,-2.420,-1.067
1776826082,942948396,robot_3,-1.206,-0.691
1776826082,942953553,robot_0,-3.117,3.338
1776826082,942958306,robot_1,-0.059,-1.996
1776826083,143971876,robot_4,-1.144,2.266
1776826083,143999206,robot_2,-2.461,-1.058
1776826083,144012176,robot_3,-1.206,-0.691
1776826083,144022711,robot_0,-3.117,3.339
1776826083,144032328,robot_1,-0.059,-1.996
1776826083,344245129,robot_4,-1.145,2.265
1776826083,344270049,robot_2,-2.514,-1.046
1776826083,344276815,robot_3,-1.206,-0.690
1776826083,344282472,robot_0,-3.117,3.339
1776826083,344287595,robot_1,-0.060,-1.996
1776826083,544799409,robot_4,-1.145,2.265
1776826083,544818937,robot_2,-2.587,-1.030
1776826083,544825491,robot_3,-1.206,-0.690
1776826083,544831237,robot_0,-3.116,3.339
1776826083,544836620,robot_1,-0.060,-1.996
1776826083,763123969,robot_4,-1.145,2.265
1776826083,763140255,robot_2,-2.634,-1.020
1776826083,763146847,robot_3,-1.178,-0.705
1776826083,763152068,robot_0,-3.116,3.340
1776826083,763156839,robot_1,-0.060,-1.996
1776826083,964187669,robot_4,-1.145,2.265
1776826083,964210797,robot_2,-2.664,-1.013
1776826083,964220400,robot_3,-1.140,-0.726
1776826083,964228924,robot_0,-3.116,3.340
1776826083,964237043,robot_1,-0.060,-1.996
1776826084,183015868,robot_4,-1.145,2.265
1776826084,183032633,robot_2,-2.692,-1.007
1776826084,183039410,robot_3,-1.102,-0.747
1776826084,183045105,robot_0,-3.116,3.340
1776826084,183050130,robot_1,-0.059,-1.996
1776826084,384794031,robot_4,-1.145,2.264
1776826084,384812067,robot_2,-2.732,-0.998
1776826084,384819024,robot_3,-1.049,-0.776
1776826084,384823994,robot_0,-3.116,3.340
1776826084,384830050,robot_1,-0.059,-1.996
1776826084,603520464,robot_4,-1.145,2.264
1776826084,603541683,robot_2,-2.782,-0.987
1776826084,603549699,robot_3,-0.998,-0.800
1776826084,603556347,robot_0,-3.116,3.340
1776826084,603562636,robot_1,-0.058,-1.996
1776826084,805097431,robot_4,-1.145,2.264
1776826084,805130165,robot_2,-2.828,-0.977
1776826084,805143887,robot_3,-0.963,-0.816
1776826084,805154507,robot_0,-3.116,3.340
1776826084,805164082,robot_1,-0.058,-1.996
1776826085,24412264,robot_4,-1.145,2.263
1776826085,24433523,robot_2,-2.871,-0.967
1776826085,24441926,robot_3,-0.938,-0.827
1776826085,24449304,robot_0,-3.115,3.340
1776826085,24455683,robot_1,-0.058,-1.997
1776826085,244577986,robot_4,-1.145,2.263
1776826085,244598558,robot_2,-2.944,-0.951
1776826085,244607109,robot_3,-0.903,-0.843
1776826085,244614256,robot_0,-3.115,3.341
1776826085,244621204,robot_1,-0.057,-1.997
1776826085,444617975,robot_4,-1.145,2.262
1776826085,444641054,robot_2,-3.005,-0.937
1776826085,444650478,robot_3,-0.865,-0.859
1776826085,444658949,robot_0,-3.115,3.341
1776826085,444666412,robot_1,-0.057,-1.998
1776826085,662995332,robot_4,-1.144,2.262
1776826085,663012958,robot_2,-3.049,-0.927
1776826085,663020848,robot_3,-0.819,-0.879
1776826085,663027094,robot_0,-3.114,3.341
1776826085,663032538,robot_1,-0.057,-1.998
1776826085,863086841,robot_4,-1.144,2.262
1776826085,863104080,robot_2,-3.101,-0.916
1776826085,863111003,robot_3,-0.782,-0.896
1776826085,863116427,robot_0,-3.114,3.340
1776826085,863121387,robot_1,-0.057,-1.999
