stamp_sec,stamp_nsec,robot,x,y
1776766344,7701031,robot_3,-0.971,-0.705
1776766344,7744979,robot_1,0.371,1.141
1776766344,7765989,robot_4,0.371,-1.141
1776766344,7784270,robot_0,1.200,-0.000
1776766344,7803026,robot_2,-0.971,0.705
1776766345,164371657,robot_3,-0.971,-0.705
1776766345,164398473,robot_1,0.371,1.141
1776766345,164410267,robot_4,0.371,-1.141
1776766345,164418607,robot_0,1.200,0.000
1776766345,164427501,robot_2,-0.971,0.705
1776766345,383611717,robot_3,-0.971,-0.705
1776766345,383630043,robot_1,0.371,1.141
1776766345,383639191,robot_4,0.371,-1.141
1776766345,383645851,robot_0,1.200,0.000
1776766345,383653273,robot_2,-0.971,0.705
1776766345,602696518,robot_3,-0.971,-0.705
1776766345,602714548,robot_1,0.371,1.141
1776766345,602723092,robot_4,0.371,-1.142
1776766345,602729854,robot_0,1.200,-0.000
1776766345,602745452,robot_2,-0.971,0.706
1776766345,803858048,robot_3,-0.972,-0.705
1776766345,803882130,robot_1,0.372,1.141
1776766345,803894582,robot_4,0.370,-1.142
1776766345,803905754,robot_0,1.200,-0.001
1776766345,803915747,robot_2,-0.971,0.706
1776766346,22432140,robot_3,-0.972,-0.705
1776766346,22447774,robot_1,0.372,1.141
1776766346,22454364,robot_4,0.370,-1.142
1776766346,22459615,robot_0,1.201,-0.001
1776766346,22464927,robot_2,-0.971,0.707
1776766346,223752527,robot_3,-0.972,-0.705
1776766346,223785307,robot_1,0.370,1.160
1776766346,223802088,robot_4,0.370,-1.143
1776766346,223816168,robot_0,1.201,-0.001
1776766346,223829046,robot_2,-0.971,0.707
1776766346,424308704,robot_3,-0.973,-0.705
1776766346,424327218,robot_1,0.367,1.207
1776766346,424336066,robot_4,0.370,-1.143
1776766346,424343232,robot_0,1.211,0.007
1776766346,424350209,robot_2,-0.971,0.707
1776766346,624401402,robot_3,-0.973,-0.710
1776766346,624420731,robot_1,0.367,1.213
1776766346,624429992,robot_4,0.370,-1.143
1776766346,624437093,robot_0,1.242,0.032
1776766346,624443997,robot_2,-0.979,0.705
1776766346,843361370,robot_3,-0.976,-0.760
1776766346,843382397,robot_1,0.367,1.213
1776766346,843392572,robot_4,0.370,-1.143
1776766346,843400638,robot_0,1.299,0.077
1776766346,843408296,robot_2,-1.021,0.690
1776766347,63689346,robot_3,-0.976,-0.774
1776766347,63711700,robot_1,0.368,1.213
1776766347,63722349,robot_4,0.370,-1.143
1776766347,63730891,robot_0,1.339,0.109
1776766347,63739473,robot_2,-1.028,0.688
1776766347,283616978,robot_3,-0.976,-0.772
1776766347,283636000,robot_1,0.369,1.212
1776766347,283644382,robot_4,0.368,-1.143
1776766347,283651628,robot_0,1.338,0.108
1776766347,283659010,robot_2,-1.028,0.688
1776766347,484972784,robot_3,-0.977,-0.772
1776766347,485001947,robot_1,0.370,1.212
1776766347,485017460,robot_4,0.367,-1.144
1776766347,485030519,robot_0,1.338,0.107
1776766347,485042302,robot_2,-1.027,0.689
1776766347,703934084,robot_3,-0.978,-0.772
1776766347,703953392,robot_1,0.370,1.212
1776766347,703962437,robot_4,0.367,-1.144
1776766347,703969254,robot_0,1.339,0.107
1776766347,703975669,robot_2,-1.028,0.690
1776766347,904227759,robot_3,-0.978,-0.772
1776766347,904247002,robot_1,0.370,1.213
1776766347,904255959,robot_4,0.367,-1.144
1776766347,904264024,robot_0,1.339,0.107
1776766347,904270664,robot_2,-1.028,0.690
1776766348,124301355,robot_3,-0.978,-0.772
1776766348,124334611,robot_1,0.370,1.213
1776766348,124352846,robot_4,0.368,-1.145
1776766348,124368099,robot_0,1.340,0.107
1776766348,124382979,robot_2,-1.029,0.690
1776766348,343609109,robot_3,-0.978,-0.773
1776766348,343631020,robot_1,0.370,1.213
1776766348,343642092,robot_4,0.368,-1.145
1776766348,343651229,robot_0,1.340,0.107
1776766348,343659312,robot_2,-1.029,0.690
1776766348,562709249,robot_3,-0.979,-0.773
1776766348,562729021,robot_1,0.370,1.214
1776766348,562738884,robot_4,0.368,-1.145
1776766348,562746578,robot_0,1.341,0.107
1776766348,562754189,robot_2,-1.030,0.690
1776766348,763545839,robot_3,-0.979,-0.774
1776766348,763569162,robot_1,0.370,1.214
1776766348,763581057,robot_4,0.369,-1.146
1776766348,763591189,robot_0,1.341,0.107
1776766348,763600935,robot_2,-1.030,0.690
1776766348,983089040,robot_3,-0.979,-0.774
1776766348,983108457,robot_1,0.370,1.215
1776766348,983118154,robot_4,0.369,-1.146
1776766348,983125971,robot_0,1.341,0.108
1776766348,983133626,robot_2,-1.030,0.690
1776766349,203274677,robot_3,-0.978,-0.775
1776766349,203292138,robot_1,0.369,1.215
1776766349,203299584,robot_4,0.370,-1.146
1776766349,203305629,robot_0,1.342,0.108
1776766349,203311819,robot_2,-1.031,0.689
1776766349,403329302,robot_3,-0.978,-0.775
1776766349,403349429,robot_1,0.369,1.215
1776766349,403358597,robot_4,0.370,-1.146
1776766349,403365750,robot_0,1.342,0.108
1776766349,403373201,robot_2,-1.031,0.689
1776766349,603768069,robot_3,-0.978,-0.775
1776766349,603787590,robot_1,0.369,1.215
1776766349,603796713,robot_4,0.371,-1.145
1776766349,603803930,robot_0,1.342,0.109
1776766349,603810528,robot_2,-1.031,0.689
1776766349,822608615,robot_3,-0.978,-0.776
1776766349,822625708,robot_1,0.368,1.216
1776766349,822633164,robot_4,0.371,-1.145
1776766349,822638667,robot_0,1.342,0.109
1776766349,822644225,robot_2,-1.031,0.688
1776766350,23868091,robot_3,-0.977,-0.776
1776766350,23891357,robot_1,0.368,1.216
1776766350,23903716,robot_4,0.371,-1.145
1776766350,23913674,robot_0,1.342,0.110
1776766350,23922145,robot_2,-1.032,0.688
1776766350,242466793,robot_3,-0.977,-0.776
1776766350,242483026,robot_1,0.368,1.213
1776766350,242489716,robot_4,0.371,-1.144
1776766350,242495977,robot_0,1.342,0.110
1776766350,242501145,robot_2,-1.032,0.687
1776766350,443935180,robot_3,-0.976,-0.776
1776766350,443956754,robot_1,0.366,1.175
1776766350,443966444,robot_4,0.368,-1.142
1776766350,443975686,robot_0,1.342,0.110
1776766350,443983562,robot_2,-1.031,0.687
1776766350,663124802,robot_3,-0.976,-0.776
1776766350,663144380,robot_1,0.364,1.115
1776766350,663151476,robot_4,0.332,-1.118
1776766350,663157507,robot_0,1.341,0.111
1776766350,663162502,robot_2,-1.031,0.687
1776766350,882343296,robot_3,-0.972,-0.739
1776766350,882359060,robot_1,0.360,1.055
1776766350,882366026,robot_4,0.321,-1.111
1776766350,882371327,robot_0,1.321,0.097
1776766350,882376506,robot_2,-0.992,0.697
1776766351,84357429,robot_3,-0.969,-0.716
1776766351,84376735,robot_1,0.360,1.053
1776766351,84385909,robot_4,0.321,-1.111
1776766351,84393910,robot_0,1.292,0.077
1776766351,84400976,robot_2,-0.941,0.711
1776766351,303213082,robot_3,-0.969,-0.716
1776766351,303238275,robot_1,0.359,1.053
1776766351,303251069,robot_4,0.322,-1.110
1776766351,303260945,robot_0,1.292,0.077
1776766351,303270615,robot_2,-0.882,0.727
1776766351,503873826,robot_3,-0.969,-0.716
1776766351,503896799,robot_1,0.359,1.053
1776766351,503907516,robot_4,0.322,-1.110
1776766351,503916888,robot_0,1.291,0.077
1776766351,503925586,robot_2,-0.843,0.737
1776766351,722520011,robot_3,-0.968,-0.716
1776766351,722547294,robot_1,0.359,1.053
1776766351,722555749,robot_4,0.322,-1.110
1776766351,722561489,robot_0,1.291,0.077
1776766351,722566642,robot_2,-0.829,0.741
1776766351,923925301,robot_3,-0.968,-0.716
1776766351,923942908,robot_1,0.358,1.052
1776766351,923951872,robot_4,0.321,-1.109
1776766351,923958698,robot_0,1.291,0.077
1776766351,923965753,robot_2,-0.828,0.741
1776766352,124509788,robot_3,-0.968,-0.716
1776766352,124535840,robot_1,0.358,1.052
1776766352,124553956,robot_4,0.321,-1.109
1776766352,124563770,robot_0,1.290,0.077
1776766352,124573701,robot_2,-0.828,0.740
1776766352,342408402,robot_3,-0.967,-0.715
1776766352,342428906,robot_1,0.358,1.052
1776766352,342436276,robot_4,0.321,-1.108
1776766352,342442391,robot_0,1.290,0.077
1776766352,342447991,robot_2,-0.828,0.740
1776766352,542631516,robot_3,-0.967,-0.715
1776766352,542646924,robot_1,0.358,1.051
1776766352,542654108,robot_4,0.321,-1.108
1776766352,542659290,robot_0,1.289,0.077
1776766352,542664237,robot_2,-0.828,0.740
1776766352,743491732,robot_3,-0.967,-0.715
1776766352,743510768,robot_1,0.357,1.051
1776766352,743519087,robot_4,0.320,-1.108
1776766352,743526005,robot_0,1.289,0.077
1776766352,743532446,robot_2,-0.827,0.740
1776766352,963367422,robot_3,-0.967,-0.714
1776766352,963387397,robot_1,0.357,1.050
1776766352,963396659,robot_4,0.320,-1.108
1776766352,963403593,robot_0,1.289,0.077
1776766352,963410462,robot_2,-0.827,0.739
1776766353,182643743,robot_3,-0.967,-0.714
1776766353,182662506,robot_1,0.358,1.050
1776766353,182669592,robot_4,0.319,-1.108
1776766353,182675430,robot_0,1.288,0.077
1776766353,182680915,robot_2,-0.826,0.739
1776766353,383246486,robot_3,-0.967,-0.713
1776766353,383266891,robot_1,0.358,1.050
1776766353,383278157,robot_4,0.319,-1.108
1776766353,383286754,robot_0,1.288,0.076
1776766353,383296028,robot_2,-0.826,0.739
1776766353,583481517,robot_3,-0.967,-0.713
1776766353,583496966,robot_1,0.358,1.049
1776766353,583504685,robot_4,0.319,-1.108
1776766353,583509782,robot_0,1.288,0.076
1776766353,583515020,robot_2,-0.825,0.740
1776766353,783662383,robot_3,-0.967,-0.712
1776766353,783696045,robot_1,0.358,1.049
1776766353,783712149,robot_4,0.318,-1.108
1776766353,783725457,robot_0,1.288,0.076
1776766353,783737146,robot_2,-0.825,0.740
1776766353,983715818,robot_3,-0.968,-0.712
1776766353,983740352,robot_1,0.359,1.049
1776766353,983753003,robot_4,0.318,-1.108
1776766353,983763242,robot_0,1.288,0.075
1776766353,983773597,robot_2,-0.825,0.740
1776766354,203427190,robot_3,-0.968,-0.712
1776766354,203449823,robot_1,0.359,1.048
1776766354,203457272,robot_4,0.317,-1.108
1776766354,203463581,robot_0,1.288,0.075
1776766354,203469528,robot_2,-0.824,0.740
1776766354,403659193,robot_3,-0.969,-0.712
1776766354,403686475,robot_1,0.359,1.048
1776766354,403698980,robot_4,0.317,-1.109
1776766354,403709195,robot_0,1.288,0.074
1776766354,403719340,robot_2,-0.824,0.741
1776766354,604033718,robot_3,-0.969,-0.712
1776766354,604070618,robot_1,0.360,1.048
1776766354,604089127,robot_4,0.330,-1.119
1776766354,604104398,robot_0,1.288,0.074
1776766354,604118441,robot_2,-0.824,0.741
1776766354,824078776,robot_3,-0.969,-0.712
1776766354,824118244,robot_1,0.368,1.084
1776766354,824140515,robot_4,0.385,-1.165
1776766354,824159531,robot_0,1.288,0.074
1776766354,824177242,robot_2,-0.824,0.742
1776766355,43048137,robot_3,-0.973,-0.732
1776766355,43069629,robot_1,0.382,1.146
1776766355,43078905,robot_4,0.418,-1.195
1776766355,43086163,robot_0,1.321,0.093
1776766355,43093299,robot_2,-0.824,0.742
1776766355,262571553,robot_3,-0.976,-0.751
1776766355,262586463,robot_1,0.399,1.223
1776766355,262592902,robot_4,0.431,-1.207
1776766355,262599438,robot_0,1.343,0.105
1776766355,262604915,robot_2,-0.825,0.742
1776766355,463217203,robot_3,-0.976,-0.751
1776766355,463240326,robot_1,0.402,1.234
1776766355,463250233,robot_4,0.431,-1.207
1776766355,463258966,robot_0,1.343,0.105
1776766355,463267013,robot_2,-0.877,0.733
1776766355,663735272,robot_3,-0.977,-0.751
1776766355,663755028,robot_1,0.402,1.234
1776766355,663762210,robot_4,0.431,-1.207
1776766355,663767367,robot_0,1.343,0.105
1776766355,663772528,robot_2,-0.928,0.724
1776766355,883805881,robot_3,-0.977,-0.751
1776766355,883825820,robot_1,0.403,1.234
1776766355,883835100,robot_4,0.431,-1.208
1776766355,883842139,robot_0,1.344,0.105
1776766355,883849289,robot_2,-0.928,0.724
1776766356,102952522,robot_3,-0.978,-0.751
1776766356,102970948,robot_1,0.403,1.235
1776766356,102979287,robot_4,0.430,-1.208
1776766356,102985676,robot_0,1.344,0.104
1776766356,102991349,robot_2,-0.928,0.724
1776766356,303397037,robot_3,-0.978,-0.751
1776766356,303420053,robot_1,0.404,1.235
1776766356,303431566,robot_4,0.431,-1.209
1776766356,303440350,robot_0,1.345,0.104
1776766356,303449239,robot_2,-0.929,0.725
1776766356,503745904,robot_3,-0.978,-0.752
1776766356,503766078,robot_1,0.404,1.235
1776766356,503776130,robot_4,0.431,-1.209
1776766356,503783912,robot_0,1.345,0.104
1776766356,503791292,robot_2,-0.929,0.725
1776766356,724023738,robot_3,-0.978,-0.752
1776766356,724053698,robot_1,0.404,1.235
1776766356,724068666,robot_4,0.431,-1.210
1776766356,724080292,robot_0,1.345,0.104
1776766356,724092659,robot_2,-0.929,0.725
1776766356,942364292,robot_3,-0.978,-0.752
1776766356,942379930,robot_1,0.404,1.236
1776766356,942387317,robot_4,0.431,-1.210
1776766356,942393358,robot_0,1.346,0.104
1776766356,942398550,robot_2,-0.930,0.725
1776766357,143150406,robot_3,-0.978,-0.753
1776766357,143170636,robot_1,0.405,1.236
1776766357,143177565,robot_4,0.431,-1.210
1776766357,143183231,robot_0,1.346,0.105
1776766357,143188786,robot_2,-0.930,0.725
1776766357,344256224,robot_3,-0.978,-0.753
1776766357,344278632,robot_1,0.405,1.237
1776766357,344289757,robot_4,0.432,-1.210
1776766357,344299022,robot_0,1.347,0.105
1776766357,344307617,robot_2,-0.931,0.725
1776766357,563169229,robot_3,-0.978,-0.754
1776766357,563185592,robot_1,0.405,1.237
1776766357,563192948,robot_4,0.432,-1.211
1776766357,563198820,robot_0,1.347,0.105
1776766357,563203930,robot_2,-0.931,0.725
1776766357,764292994,robot_3,-0.978,-0.754
1776766357,764313000,robot_1,0.404,1.238
1776766357,764321463,robot_4,0.433,-1.211
1776766357,764328789,robot_0,1.347,0.106
1776766357,764335575,robot_2,-0.931,0.725
1776766357,984066838,robot_3,-0.978,-0.754
1776766357,984082280,robot_1,0.404,1.238
1776766357,984089109,robot_4,0.433,-1.211
1776766357,984094530,robot_0,1.347,0.106
1776766357,984100139,robot_2,-0.932,0.725
1776766358,202708974,robot_3,-0.977,-0.755
1776766358,202727090,robot_1,0.404,1.238
1776766358,202735208,robot_4,0.434,-1.211
1776766358,202743278,robot_0,1.347,0.107
1776766358,202750035,robot_2,-0.932,0.725
1776766358,404578021,robot_3,-0.977,-0.755
1776766358,404605418,robot_1,0.404,1.239
1776766358,404618073,robot_4,0.434,-1.210
1776766358,404628725,robot_0,1.347,0.107
1776766358,404638985,robot_2,-0.932,0.724
1776766358,623899131,robot_3,-0.977,-0.755
1776766358,623916958,robot_1,0.403,1.239
1776766358,623923522,robot_4,0.434,-1.210
1776766358,623928589,robot_0,1.347,0.107
1776766358,623934126,robot_2,-0.933,0.724
1776766358,824195968,robot_3,-0.976,-0.755
1776766358,824216377,robot_1,0.403,1.239
1776766358,824226627,robot_4,0.435,-1.210
1776766358,824235188,robot_0,1.347,0.108
1776766358,824242692,robot_2,-0.933,0.723
1776766359,43268013,robot_3,-0.976,-0.755
1776766359,43291433,robot_1,0.402,1.237
1776766359,43302067,robot_4,0.421,-1.195
1776766359,43310321,robot_0,1.332,0.101
1776766359,43318067,robot_2,-0.933,0.723
1776766359,244160866,robot_3,-0.970,-0.727
1776766359,244189896,robot_1,0.391,1.200
1776766359,244202716,robot_4,0.398,-1.170
1776766359,244213367,robot_0,1.295,0.083
1776766359,244223545,robot_2,-0.933,0.723
1776766359,444636618,robot_3,-0.963,-0.696
1776766359,444658090,robot_1,0.385,1.182
1776766359,444668651,robot_4,0.371,-1.140
1776766359,444676582,robot_0,1.246,0.060
1776766359,444684066,robot_2,-0.933,0.722
1776766359,662944469,robot_3,-0.963,-0.696
1776766359,662964040,robot_1,0.385,1.182
1776766359,662972596,robot_4,0.359,-1.128
1776766359,662979471,robot_0,1.200,0.039
1776766359,662986897,robot_2,-0.896,0.726
1776766359,882312278,robot_3,-0.963,-0.696
1776766359,882327444,robot_1,0.384,1.182
1776766359,882334037,robot_4,0.359,-1.128
1776766359,882339263,robot_0,1.164,0.021
1776766359,882344625,robot_2,-0.873,0.728
1776766360,83165120,robot_3,-0.962,-0.696
1776766360,83186514,robot_1,0.384,1.182
1776766360,83197398,robot_4,0.359,-1.127
1776766360,83205992,robot_0,1.139,0.010
1776766360,83213878,robot_2,-0.873,0.728
1776766360,283683234,robot_3,-0.962,-0.696
1776766360,283700510,robot_1,0.383,1.181
1776766360,283708738,robot_4,0.360,-1.127
1776766360,283715204,robot_0,1.105,-0.006
1776766360,283721163,robot_2,-0.873,0.728
1776766360,483856484,robot_3,-0.961,-0.696
1776766360,483871534,robot_1,0.383,1.181
1776766360,483878665,robot_4,0.360,-1.126
1776766360,483884573,robot_0,1.066,-0.025
1776766360,483890300,robot_2,-0.872,0.728
1776766360,686067415,robot_3,-0.961,-0.696
1776766360,686086718,robot_1,0.383,1.181
1776766360,686093931,robot_4,0.360,-1.126
1776766360,686099843,robot_0,1.017,-0.047
1776766360,686105636,robot_2,-0.872,0.727
1776766360,902355192,robot_3,-0.961,-0.695
1776766360,902370336,robot_1,0.382,1.181
1776766360,902377139,robot_4,0.360,-1.126
1776766360,902382569,robot_0,0.995,-0.058
1776766360,902395231,robot_2,-0.872,0.727
1776766361,102419933,robot_3,-0.961,-0.695
1776766361,102438161,robot_1,0.382,1.180
1776766361,102446802,robot_4,0.359,-1.125
1776766361,102454047,robot_0,0.995,-0.058
1776766361,102460644,robot_2,-0.871,0.727
1776766361,303192362,robot_3,-0.961,-0.695
1776766361,303212609,robot_1,0.382,1.180
1776766361,303220505,robot_4,0.359,-1.125
1776766361,303226346,robot_0,0.995,-0.057
1776766361,303231867,robot_2,-0.871,0.727
1776766361,524279303,robot_3,-0.961,-0.694
1776766361,524295956,robot_1,0.382,1.179
1776766361,524303618,robot_4,0.359,-1.124
1776766361,524310020,robot_0,0.995,-0.057
1776766361,524315943,robot_2,-0.871,0.727
1776766361,743968202,robot_3,-0.961,-0.694
1776766361,743987547,robot_1,0.382,1.179
1776766361,743996247,robot_4,0.358,-1.124
1776766361,744003388,robot_0,0.994,-0.057
1776766361,744010962,robot_2,-0.870,0.727
1776766361,962120414,robot_3,-0.961,-0.693
1776766361,962134857,robot_1,0.382,1.178
1776766361,962141094,robot_4,0.358,-1.124
1776766361,962146573,robot_0,0.994,-0.057
1776766361,962151589,robot_2,-0.870,0.727
1776766362,164281977,robot_3,-0.961,-0.693
1776766362,164302697,robot_1,0.382,1.178
1776766362,164309450,robot_4,0.358,-1.124
1776766362,164315610,robot_0,0.993,-0.057
1776766362,164320996,robot_2,-0.869,0.727
1776766362,382894349,robot_3,-0.961,-0.692
1776766362,382913617,robot_1,0.383,1.178
1776766362,382922537,robot_4,0.357,-1.124
1776766362,382930652,robot_0,0.993,-0.057
1776766362,382938414,robot_2,-0.869,0.727
1776766362,583434060,robot_3,-0.962,-0.692
1776766362,583453597,robot_1,0.383,1.177
1776766362,583462677,robot_4,0.357,-1.124
1776766362,583470479,robot_0,0.992,-0.057
1776766362,583477881,robot_2,-0.869,0.728
1776766362,784480211,robot_3,-0.962,-0.692
1776766362,784502916,robot_1,0.383,1.177
1776766362,784514406,robot_4,0.356,-1.124
1776766362,784524316,robot_0,0.992,-0.057
1776766362,784533324,robot_2,-0.868,0.728
1776766362,984760876,robot_3,-0.962,-0.692
1776766362,984777922,robot_1,0.384,1.177
1776766362,984785517,robot_4,0.356,-1.124
1776766362,984791583,robot_0,0.992,-0.057
1776766362,984797333,robot_2,-0.868,0.728
1776766363,202956391,robot_3,-0.963,-0.694
1776766363,202974643,robot_1,0.389,1.190
1776766363,202981972,robot_4,0.356,-1.124
1776766363,202987890,robot_0,0.991,-0.058
1776766363,202993456,robot_2,-0.868,0.729
1776766363,422564764,robot_3,-0.972,-0.722
1776766363,422586653,robot_1,0.411,1.245
1776766363,422595814,robot_4,0.356,-1.125
1776766363,422602852,robot_0,0.991,-0.058
1776766363,422609536,robot_2,-0.868,0.729
1776766363,623496437,robot_3,-0.983,-0.758
1776766363,623514395,robot_1,0.426,1.282
1776766363,623523433,robot_4,0.369,-1.142
1776766363,623530042,robot_0,0.991,-0.058
1776766363,623541410,robot_2,-0.868,0.729
1776766363,842533746,robot_3,-0.993,-0.791
1776766363,842556390,robot_1,0.449,1.340
1776766363,842564868,robot_4,0.408,-1.196
1776766363,842570636,robot_0,0.991,-0.059
1776766363,842576075,robot_2,-0.879,0.729
1776766364,43596847,robot_3,-0.994,-0.791
1776766364,43619055,robot_1,0.476,1.405
1776766364,43629961,robot_4,0.431,-1.229
1776766364,43638855,robot_0,0.991,-0.059
1776766364,43647597,robot_2,-0.906,0.728
1776766364,243748066,robot_3,-0.994,-0.791
1776766364,243765556,robot_1,0.481,1.418
1776766364,243773124,robot_4,0.441,-1.243
1776766364,243779137,robot_0,0.991,-0.060
1776766364,243784506,robot_2,-0.909,0.728
1776766364,463156746,robot_3,-0.994,-0.791
1776766364,463179758,robot_1,0.481,1.417
1776766364,463192191,robot_4,0.440,-1.243
1776766364,463201571,robot_0,0.991,-0.060
1776766364,463210428,robot_2,-0.909,0.728
1776766364,664626180,robot_3,-0.995,-0.791
1776766364,664658440,robot_1,0.482,1.417
1776766364,664671188,robot_4,0.440,-1.243
1776766364,664680917,robot_0,1.011,-0.053
1776766364,664690684,robot_2,-0.909,0.729
1776766364,882148434,robot_3,-0.995,-0.792
1776766364,882163178,robot_1,0.482,1.418
1776766364,882170026,robot_4,0.440,-1.244
1776766364,882175253,robot_0,1.055,-0.036
1776766364,882180171,robot_2,-0.910,0.729
1776766365,82961769,robot_3,-0.996,-0.792
1776766365,82981214,robot_1,0.483,1.418
1776766365,82990687,robot_4,0.440,-1.244
1776766365,82998490,robot_0,1.105,-0.017
1776766365,83006043,robot_2,-0.910,0.729
1776766365,283642290,robot_3,-0.996,-0.792
1776766365,283659263,robot_1,0.483,1.418
1776766365,283666960,robot_4,0.440,-1.244
1776766365,283673224,robot_0,1.127,-0.009
1776766365,283679073,robot_2,-0.910,0.730
1776766365,503629693,robot_3,-0.996,-0.792
1776766365,503644739,robot_1,0.483,1.418
1776766365,503652286,robot_4,0.440,-1.245
1776766365,503658313,robot_0,1.127,-0.009
1776766365,503664612,robot_2,-0.911,0.730
1776766365,722633297,robot_3,-0.996,-0.793
1776766365,722649290,robot_1,0.484,1.419
1776766365,722656491,robot_4,0.440,-1.245
1776766365,722661703,robot_0,1.128,-0.009
1776766365,722666868,robot_2,-0.911,0.730
1776766365,923561138,robot_3,-0.996,-0.793
1776766365,923581153,robot_1,0.484,1.419
1776766365,923590735,robot_4,0.440,-1.246
1776766365,923598534,robot_0,1.128,-0.010
1776766365,923606894,robot_2,-0.912,0.730
1776766366,123589580,robot_3,-0.996,-0.794
1776766366,123619069,robot_1,0.484,1.419
1776766366,123633515,robot_4,0.440,-1.246
1776766366,123646260,robot_0,1.128,-0.010
1776766366,123659234,robot_2,-0.912,0.730
1776766366,343310500,robot_3,-0.996,-0.794
1776766366,343344964,robot_1,0.484,1.420
1776766366,343365636,robot_4,0.441,-1.246
1776766366,343380649,robot_0,1.129,-0.010
1776766366,343394870,robot_2,-0.912,0.729
1776766366,562341141,robot_3,-0.996,-0.795
1776766366,562357477,robot_1,0.484,1.420
1776766366,562365075,robot_4,0.441,-1.247
1776766366,562370745,robot_0,1.129,-0.010
1776766366,562375847,robot_2,-0.913,0.729
1776766366,762648029,robot_3,-0.996,-0.795
1776766366,762666485,robot_1,0.484,1.421
1776766366,762675392,robot_4,0.441,-1.247
1776766366,762682002,robot_0,1.130,-0.010
1776766366,762688589,robot_2,-0.913,0.729
1776766366,983593800,robot_3,-0.995,-0.795
1776766366,983621244,robot_1,0.484,1.421
1776766366,983629626,robot_4,0.442,-1.247
1776766366,983636123,robot_0,1.130,-0.010
1776766366,983643013,robot_2,-0.913,0.729
1776766367,184252682,robot_3,-0.995,-0.796
1776766367,184280075,robot_1,0.483,1.421
1776766367,184292628,robot_4,0.442,-1.247
1776766367,184303226,robot_0,1.131,-0.010
1776766367,184312317,robot_2,-0.914,0.728
1776766367,384973221,robot_3,-0.995,-0.796
1776766367,384990395,robot_1,0.483,1.422
1776766367,384998648,robot_4,0.443,-1.247
1776766367,385004749,robot_0,1.131,-0.010
1776766367,385011007,robot_2,-0.914,0.728
1776766367,604020662,robot_3,-0.994,-0.794
1776766367,604045554,robot_1,0.483,1.422
1776766367,604056937,robot_4,0.443,-1.247
1776766367,604066570,robot_0,1.131,-0.009
1776766367,604075589,robot_2,-0.914,0.727
1776766367,823775095,robot_3,-0.968,-0.734
1776766367,823799610,robot_1,0.482,1.421
1776766367,823813028,robot_4,0.443,-1.245
1776766367,823823326,robot_0,1.132,-0.009
1776766367,823832439,robot_2,-0.885,0.726
1776766368,24454815,robot_3,-0.952,-0.699
1776766368,24496632,robot_1,0.466,1.389
1776766368,24521154,robot_4,0.414,-1.196
1776766368,24548068,robot_0,1.132,-0.009
1776766368,24563631,robot_2,-0.854,0.725
1776766368,243353229,robot_3,-0.952,-0.699
1776766368,243374433,robot_1,0.445,1.347
1776766368,243384748,robot_4,0.381,-1.143
1776766368,243392495,robot_0,1.132,-0.008
1776766368,243400831,robot_2,-0.854,0.725
1776766368,443649468,robot_3,-0.952,-0.699
1776766368,443673982,robot_1,0.425,1.308
1776766368,443686833,robot_4,0.358,-1.106
1776766368,443697652,robot_0,1.132,-0.008
1776766368,443708063,robot_2,-0.853,0.725
1776766368,663031643,robot_3,-0.952,-0.699
1776766368,663049000,robot_1,0.406,1.269
1776766368,663056202,robot_4,0.320,-1.044
1776766368,663062522,robot_0,1.132,-0.007
1776766368,663067573,robot_2,-0.853,0.724
1776766368,884685716,robot_3,-0.951,-0.699
1776766368,884703917,robot_1,0.389,1.235
1776766368,884712897,robot_4,0.304,-1.017
1776766368,884719237,robot_0,1.132,-0.007
1776766368,884725198,robot_2,-0.853,0.724
1776766369,102486455,robot_3,-0.951,-0.699
1776766369,102503905,robot_1,0.372,1.200
1776766369,102510400,robot_4,0.304,-1.017
1776766369,102515800,robot_0,1.132,-0.007
1776766369,102521646,robot_2,-0.853,0.724
1776766369,302943777,robot_3,-0.950,-0.699
1776766369,302959043,robot_1,0.354,1.165
1776766369,302966329,robot_4,0.304,-1.017
1776766369,302972033,robot_0,1.132,-0.007
1776766369,302977379,robot_2,-0.852,0.723
1776766369,522716763,robot_3,-0.950,-0.699
1776766369,522739049,robot_1,0.351,1.158
1776766369,522750667,robot_4,0.305,-1.016
1776766369,522760727,robot_0,1.132,-0.007
1776766369,522770178,robot_2,-0.852,0.723
1776766369,725041683,robot_3,-0.950,-0.698
1776766369,725076760,robot_1,0.350,1.158
1776766369,725095517,robot_4,0.305,-1.016
1776766369,725111036,robot_0,1.131,-0.006
1776766369,725125275,robot_2,-0.852,0.723
1776766369,942574012,robot_3,-0.950,-0.698
1776766369,942589472,robot_1,0.350,1.158
1776766369,942596864,robot_4,0.305,-1.016
1776766369,942602436,robot_0,1.131,-0.006
1776766369,942607930,robot_2,-0.851,0.723
1776766370,143251034,robot_3,-0.949,-0.697
1776766370,143268898,robot_1,0.349,1.158
1776766370,143276099,robot_4,0.305,-1.015
1776766370,143282129,robot_0,1.131,-0.006
1776766370,143287639,robot_2,-0.851,0.723
1776766370,362941273,robot_3,-0.949,-0.697
1776766370,362956258,robot_1,0.349,1.158
1776766370,362963179,robot_4,0.305,-1.015
1776766370,362968848,robot_0,1.130,-0.006
1776766370,362974445,robot_2,-0.850,0.723
1776766370,564043122,robot_3,-0.949,-0.697
1776766370,564076459,robot_1,0.349,1.158
1776766370,564096013,robot_4,0.305,-1.014
1776766370,564112273,robot_0,1.130,-0.005
1776766370,564127580,robot_2,-0.850,0.723
1776766370,784492767,robot_3,-0.950,-0.696
1776766370,784516264,robot_1,0.348,1.158
1776766370,784527357,robot_4,0.304,-1.014
1776766370,784535693,robot_0,1.129,-0.005
1776766370,784549542,robot_2,-0.849,0.724
1776766371,4400297,robot_3,-0.950,-0.696
1776766371,4429124,robot_1,0.348,1.157
1776766371,4442422,robot_4,0.304,-1.014
1776766371,4452734,robot_0,1.129,-0.006
1776766371,4462387,robot_2,-0.849,0.724
1776766371,223981491,robot_3,-0.950,-0.695
1776766371,223999328,robot_1,0.348,1.157
1776766371,224007066,robot_4,0.304,-1.013
1776766371,224013672,robot_0,1.128,-0.006
1776766371,224019691,robot_2,-0.849,0.725
1776766371,444168716,robot_3,-0.950,-0.695
1776766371,444193191,robot_1,0.348,1.157
1776766371,444203943,robot_4,0.303,-1.013
1776766371,444212144,robot_0,1.128,-0.006
1776766371,444220089,robot_2,-0.849,0.725
1776766371,647922577,robot_3,-0.951,-0.695
1776766371,647960255,robot_1,0.347,1.156
1776766371,647973027,robot_4,0.303,-1.013
1776766371,647984907,robot_0,1.128,-0.006
1776766371,647996563,robot_2,-0.849,0.725
1776766371,862181847,robot_3,-0.967,-0.724
1776766371,862198890,robot_1,0.347,1.156
1776766371,862205440,robot_4,0.302,-1.013
1776766371,862212952,robot_0,1.127,-0.007
1776766371,862218762,robot_2,-0.904,0.732
1776766372,62523076,robot_3,-0.992,-0.767
1776766372,62546955,robot_1,0.348,1.155
1776766372,62556152,robot_4,0.302,-1.013
1776766372,62562948,robot_0,1.127,-0.007
1776766372,62568151,robot_2,-0.961,0.738
1776766372,263462575,robot_3,-1.025,-0.822
1776766372,263498272,robot_1,0.348,1.155
1776766372,263508465,robot_4,0.302,-1.013
1776766372,263516973,robot_0,1.127,-0.007
1776766372,263525239,robot_2,-1.000,0.743
1776766372,482994793,robot_3,-1.051,-0.861
1776766372,483010930,robot_1,0.348,1.155
1776766372,483017691,robot_4,0.301,-1.013
1776766372,483022904,robot_0,1.127,-0.008
1776766372,483027944,robot_2,-1.032,0.746
1776766372,683531296,robot_3,-1.069,-0.887
1776766372,683556366,robot_1,0.348,1.154
1776766372,683564809,robot_4,0.314,-1.041
1776766372,683570653,robot_0,1.127,-0.008
1776766372,683576818,robot_2,-1.045,0.748
1776766372,903296865,robot_3,-1.083,-0.908
1776766372,903322147,robot_1,0.349,1.154
1776766372,903334912,robot_4,0.337,-1.090
1776766372,903345245,robot_0,1.127,-0.009
1776766372,903355975,robot_2,-1.045,0.748
1776766373,103498102,robot_3,-1.083,-0.908
1776766373,103519254,robot_1,0.349,1.154
1776766373,103526378,robot_4,0.362,-1.143
1776766373,103532033,robot_0,1.156,-0.003
1776766373,103540110,robot_2,-1.045,0.748
1776766373,323642852,robot_3,-1.083,-0.908
1776766373,323662727,robot_1,0.349,1.154
1776766373,323672076,robot_4,0.367,-1.156
1776766373,323679611,robot_0,1.186,0.003
1776766373,323686649,robot_2,-1.045,0.749
1776766373,523856919,robot_3,-1.084,-0.907
1776766373,523885532,robot_1,0.349,1.154
1776766373,523900710,robot_4,0.367,-1.156
1776766373,523911601,robot_0,1.186,0.003
1776766373,523923244,robot_2,-1.045,0.749
1776766373,724477768,robot_3,-1.084,-0.907
1776766373,724501894,robot_1,0.349,1.154
1776766373,724513167,robot_4,0.367,-1.157
1776766373,724521756,robot_0,1.186,0.003
1776766373,724531865,robot_2,-1.046,0.750
1776766373,943036880,robot_3,-1.085,-0.907
1776766373,943054663,robot_1,0.350,1.154
1776766373,943063323,robot_4,0.367,-1.157
1776766373,943070323,robot_0,1.187,0.002
1776766373,943077542,robot_2,-1.046,0.750
1776766374,143892759,robot_3,-1.085,-0.908
1776766374,143917144,robot_1,0.350,1.154
1776766374,143926451,robot_4,0.366,-1.157
1776766374,143934167,robot_0,1.187,0.002
1776766374,143941642,robot_2,-1.046,0.750
1776766374,362291148,robot_3,-1.085,-0.908
1776766374,362307547,robot_1,0.350,1.154
1776766374,362315596,robot_4,0.366,-1.158
1776766374,362321913,robot_0,1.187,0.002
1776766374,362327504,robot_2,-1.047,0.750
1776766374,562357280,robot_3,-1.086,-0.908
1776766374,562376758,robot_1,0.351,1.154
1776766374,562383223,robot_4,0.366,-1.158
1776766374,562388117,robot_0,1.188,0.002
1776766374,562393132,robot_2,-1.047,0.750
1776766374,763408912,robot_3,-1.086,-0.908
1776766374,763434234,robot_1,0.351,1.154
1776766374,763444273,robot_4,0.366,-1.159
1776766374,763452496,robot_0,1.188,0.002
1776766374,763460858,robot_2,-1.048,0.750
1776766374,984579004,robot_3,-1.086,-0.909
1776766374,984596607,robot_1,0.352,1.154
1776766374,984604640,robot_4,0.367,-1.159
1776766374,984610236,robot_0,1.189,0.002
1776766374,984615742,robot_2,-1.048,0.750
1776766375,202568071,robot_3,-1.086,-0.909
1776766375,202584811,robot_1,0.352,1.155
1776766375,202591587,robot_4,0.367,-1.160
1776766375,202597214,robot_0,1.189,0.002
1776766375,202602372,robot_2,-1.048,0.750
1776766375,403490033,robot_3,-1.086,-0.910
1776766375,403511470,robot_1,0.352,1.155
1776766375,403520936,robot_4,0.367,-1.160
1776766375,403529318,robot_0,1.190,0.002
1776766375,403541372,robot_2,-1.049,0.750
1776766375,603953017,robot_3,-1.086,-0.910
1776766375,603970833,robot_1,0.352,1.156
1776766375,603979253,robot_4,0.367,-1.160
1776766375,603985895,robot_0,1.190,0.002
1776766375,603991911,robot_2,-1.049,0.749
1776766375,822447093,robot_3,-1.086,-0.911
1776766375,822461533,robot_1,0.352,1.156
1776766375,822467965,robot_4,0.368,-1.160
1776766375,822473018,robot_0,1.190,0.002
1776766375,822477944,robot_2,-1.049,0.749
1776766376,23663610,robot_3,-1.086,-0.911
1776766376,23683229,robot_1,0.352,1.156
1776766376,23691637,robot_4,0.368,-1.160
1776766376,23698370,robot_0,1.191,0.003
1776766376,23705490,robot_2,-1.050,0.748
1776766376,223774304,robot_3,-1.086,-0.911
1776766376,223794309,robot_1,0.352,1.157
1776766376,223802495,robot_4,0.369,-1.161
1776766376,223809417,robot_0,1.191,0.003
1776766376,223815352,robot_2,-1.050,0.748
1776766376,423861890,robot_3,-1.086,-0.912
1776766376,423898058,robot_1,0.352,1.157
1776766376,423919429,robot_4,0.369,-1.160
1776766376,423937540,robot_0,1.191,0.003
1776766376,423954492,robot_2,-1.041,0.746
1776766376,646328570,robot_3,-1.085,-0.912
1776766376,646351653,robot_1,0.352,1.158
1776766376,646359497,robot_4,0.369,-1.160
1776766376,646366097,robot_0,1.191,0.004
1776766376,646372124,robot_2,-0.998,0.738
1776766376,862097371,robot_3,-1.085,-0.912
1776766376,862118393,robot_1,0.351,1.158
1776766376,862125164,robot_4,0.370,-1.160
1776766376,862130353,robot_0,1.191,0.004
1776766376,862135773,robot_2,-0.991,0.736
1776766377,62888691,robot_3,-1.065,-0.886
1776766377,62909728,robot_1,0.351,1.158
1776766377,62919766,robot_4,0.370,-1.160
1776766377,62928549,robot_0,1.191,0.004
1776766377,62936372,robot_2,-0.991,0.736
1776766377,282272760,robot_3,-1.047,-0.865
1776766377,282288395,robot_1,0.346,1.151
1776766377,282295215,robot_4,0.359,-1.131
1776766377,282300725,robot_0,1.191,0.004
1776766377,282305980,robot_2,-0.991,0.736
1776766377,482396198,robot_3,-1.047,-0.865
1776766377,482411969,robot_1,0.319,1.115
1776766377,482418749,robot_4,0.342,-1.086
1776766377,482424394,robot_0,1.191,0.004
1776766377,482429486,robot_2,-0.990,0.735
1776766377,683317318,robot_3,-1.047,-0.865
1776766377,683334882,robot_1,0.311,1.105
1776766377,683342451,robot_4,0.321,-1.028
1776766377,683349091,robot_0,1.191,0.005
1776766377,683354273,robot_2,-0.990,0.735
1776766377,884615081,robot_3,-1.047,-0.865
1776766377,884639272,robot_1,0.311,1.105
1776766377,884650553,robot_4,0.314,-1.009
1776766377,884659393,robot_0,1.191,0.005
1776766377,884668542,robot_2,-0.990,0.734
1776766378,103391876,robot_3,-1.046,-0.865
1776766378,103413352,robot_1,0.311,1.105
1776766378,103423348,robot_4,0.314,-1.008
1776766378,103431782,robot_0,1.190,0.006
1776766378,103440256,robot_2,-0.990,0.734
1776766378,322596084,robot_3,-1.046,-0.865
1776766378,322612958,robot_1,0.310,1.105
1776766378,322620191,robot_4,0.314,-1.008
1776766378,322626592,robot_0,1.190,0.006
1776766378,322632550,robot_2,-0.989,0.734
1776766378,524026312,robot_3,-1.045,-0.865
1776766378,524049091,robot_1,0.310,1.105
1776766378,524060860,robot_4,0.315,-1.008
1776766378,524070578,robot_0,1.190,0.006
1776766378,524079650,robot_2,-0.989,0.734
1776766378,743451086,robot_3,-1.045,-0.865
1776766378,743466393,robot_1,0.309,1.105
1776766378,743473643,robot_4,0.315,-1.007
1776766378,743479409,robot_0,1.189,0.006
1776766378,743484824,robot_2,-0.988,0.734
1776766378,943672730,robot_3,-1.044,-0.865
1776766378,943689280,robot_1,0.309,1.105
1776766378,943696755,robot_4,0.315,-1.007
1776766378,943702909,robot_0,1.189,0.006
1776766378,943708246,robot_2,-0.988,0.734
1776766379,144186545,robot_3,-1.044,-0.864
1776766379,144203392,robot_1,0.308,1.105
1776766379,144210541,robot_4,0.315,-1.007
1776766379,144215903,robot_0,1.188,0.006
1776766379,144220929,robot_2,-0.987,0.734
1776766379,344453906,robot_3,-1.044,-0.864
1776766379,344473306,robot_1,0.308,1.104
1776766379,344482029,robot_4,0.315,-1.006
1776766379,344490084,robot_0,1.188,0.006
1776766379,344496632,robot_2,-0.987,0.734
1776766379,563651335,robot_3,-1.044,-0.864
1776766379,563675409,robot_1,0.308,1.104
1776766379,563686782,robot_4,0.315,-1.006
1776766379,563695523,robot_0,1.187,0.006
1776766379,563703833,robot_2,-0.987,0.734
1776766379,783686966,robot_3,-1.044,-0.863
1776766379,783701960,robot_1,0.308,1.104
1776766379,783708481,robot_4,0.315,-1.005
1776766379,783713988,robot_0,1.187,0.006
1776766379,783718856,robot_2,-0.986,0.735
1776766379,984287365,robot_3,-1.044,-0.863
1776766379,984305874,robot_1,0.307,1.103
1776766379,984312438,robot_4,0.315,-1.005
1776766379,984317769,robot_0,1.187,0.005
1776766379,984323418,robot_2,-0.986,0.735
1776766380,184989486,robot_3,-1.044,-0.862
1776766380,185017580,robot_1,0.307,1.103
1776766380,185031701,robot_4,0.314,-1.005
1776766380,185044822,robot_0,1.187,0.005
1776766380,185056299,robot_2,-0.986,0.735
1776766380,402313555,robot_3,-1.044,-0.862
1776766380,402328907,robot_1,0.307,1.102
1776766380,402337548,robot_4,0.314,-1.004
1776766380,402345021,robot_0,1.186,0.005
1776766380,402351775,robot_2,-0.991,0.737
1776766380,604480330,robot_3,-1.044,-0.862
1776766380,604498446,robot_1,0.308,1.102
1776766380,604505764,robot_4,0.313,-1.004
1776766380,604512012,robot_0,1.186,0.004
1776766380,604518549,robot_2,-1.021,0.745
1776766380,824092715,robot_3,-1.045,-0.861
1776766380,824124578,robot_1,0.308,1.101
1776766380,824142285,robot_4,0.313,-1.004
1776766380,824154328,robot_0,1.186,0.004
1776766380,824162144,robot_2,-1.062,0.756
1776766381,43219941,robot_3,-1.045,-0.861
1776766381,43244644,robot_1,0.308,1.101
1776766381,43255651,robot_4,0.313,-1.004
1776766381,43264741,robot_0,1.186,0.004
1776766381,43273300,robot_2,-1.101,0.765
1776766381,243847639,robot_3,-1.070,-0.888
1776766381,243869211,robot_1,0.308,1.101
1776766381,243878946,robot_4,0.312,-1.004
1776766381,243886913,robot_0,1.187,0.004
1776766381,243894688,robot_2,-1.134,0.773
1776766381,444330732,robot_3,-1.106,-0.925
1776766381,444349195,robot_1,0.310,1.103
1776766381,444357758,robot_4,0.312,-1.004
1776766381,444364667,robot_0,1.242,0.005
1776766381,444371032,robot_2,-1.172,0.783
1776766381,645245796,robot_3,-1.107,-0.926
1776766381,645277669,robot_1,0.337,1.130
1776766381,645292908,robot_4,0.313,-1.008
1776766381,645304147,robot_0,1.303,0.007
1776766381,645315253,robot_2,-1.199,0.790
1776766381,862159022,robot_3,-1.107,-0.926
1776766381,862174616,robot_1,0.367,1.159
1776766381,862181158,robot_4,0.325,-1.049
1776766381,862186276,robot_0,1.344,0.009
1776766381,862191610,robot_2,-1.199,0.790
1776766382,62903165,robot_3,-1.108,-0.925
1776766382,62920853,robot_1,0.388,1.182
1776766382,62928108,robot_4,0.334,-1.085
1776766382,62933800,robot_0,1.346,0.009
1776766382,62939327,robot_2,-1.199,0.790
1776766382,263013141,robot_3,-1.108,-0.925
1776766382,263033761,robot_1,0.389,1.182
1776766382,263046895,robot_4,0.342,-1.113
1776766382,263058288,robot_0,1.346,0.008
1776766382,263068026,robot_2,-1.199,0.791
1776766382,463052506,robot_3,-1.108,-0.925
1776766382,463074462,robot_1,0.389,1.182
1776766382,463088316,robot_4,0.342,-1.113
1776766382,463099098,robot_0,1.346,0.008
1776766382,463108234,robot_2,-1.199,0.791
1776766382,663410593,robot_3,-1.109,-0.925
1776766382,663436561,robot_1,0.389,1.182
1776766382,663443492,robot_4,0.342,-1.113
1776766382,663449422,robot_0,1.346,0.008
1776766382,663455322,robot_2,-1.199,0.791
1776766382,883508573,robot_3,-1.109,-0.926
1776766382,883576325,robot_1,0.390,1.182
1776766382,883632922,robot_4,0.342,-1.113
1776766382,883640858,robot_0,1.346,0.007
1776766382,883646914,robot_2,-1.199,0.792
1776766383,103990016,robot_3,-1.110,-0.926
1776766383,104011728,robot_1,0.390,1.182
1776766383,104021836,robot_4,0.341,-1.114
1776766383,104030459,robot_0,1.347,0.007
1776766383,104038160,robot_2,-1.200,0.792
1776766383,324826825,robot_3,-1.110,-0.926
1776766383,324853006,robot_1,0.391,1.182
1776766383,324860912,robot_4,0.341,-1.114
1776766383,324867196,robot_0,1.347,0.007
1776766383,324873097,robot_2,-1.200,0.792
1776766383,543724893,robot_3,-1.110,-0.927
1776766383,543751304,robot_1,0.391,1.182
1776766383,543765856,robot_4,0.341,-1.115
1776766383,543786366,robot_0,1.348,0.007
1776766383,543793872,robot_2,-1.201,0.792
1776766383,763126975,robot_3,-1.110,-0.927
1776766383,763148799,robot_1,0.392,1.182
1776766383,763159457,robot_4,0.341,-1.115
1776766383,763167871,robot_0,1.348,0.007
1776766383,763175946,robot_2,-1.201,0.792
1776766383,983965372,robot_3,-1.111,-0.927
1776766383,983985516,robot_1,0.392,1.183
1776766383,983997241,robot_4,0.341,-1.115
1776766383,984006785,robot_0,1.349,0.007
1776766383,984015566,robot_2,-1.202,0.792
1776766384,203477867,robot_3,-1.111,-0.928
1776766384,203496558,robot_1,0.392,1.183
1776766384,203506186,robot_4,0.341,-1.116
1776766384,203512443,robot_0,1.349,0.007
1776766384,203518460,robot_2,-1.202,0.792
1776766384,422579709,robot_3,-1.110,-0.928
1776766384,422595133,robot_1,0.392,1.184
1776766384,422602179,robot_4,0.341,-1.116
1776766384,422607420,robot_0,1.349,0.007
1776766384,422612715,robot_2,-1.202,0.792
1776766384,642613446,robot_3,-1.110,-0.929
1776766384,642630823,robot_1,0.392,1.184
1776766384,642663337,robot_4,0.341,-1.117
1776766384,642668767,robot_0,1.350,0.007
1776766384,642674267,robot_2,-1.203,0.792
1776766384,844203424,robot_3,-1.110,-0.929
1776766384,844228736,robot_1,0.392,1.184
1776766384,844239956,robot_4,0.342,-1.117
1776766384,844248159,robot_0,1.350,0.008
1776766384,844257298,robot_2,-1.203,0.791
1776766385,44336870,robot_3,-1.110,-0.929
1776766385,44364058,robot_1,0.392,1.185
1776766385,44376467,robot_4,0.342,-1.117
1776766385,44385686,robot_0,1.350,0.008
1776766385,44395575,robot_2,-1.203,0.791
1776766385,262270540,robot_3,-1.110,-0.929
1776766385,262286123,robot_1,0.392,1.185
1776766385,262292731,robot_4,0.343,-1.117
1776766385,262297898,robot_0,1.350,0.009
1776766385,262303079,robot_2,-1.203,0.790
1776766385,462485446,robot_3,-1.100,-0.921
1776766385,462506833,robot_1,0.392,1.186
1776766385,462513552,robot_4,0.343,-1.117
1776766385,462518900,robot_0,1.350,0.009
1776766385,462524116,robot_2,-1.185,0.784
1776766385,662702139,robot_3,-1.070,-0.894
1776766385,662720215,robot_1,0.391,1.186
1776766385,662727581,robot_4,0.343,-1.117
1776766385,662733439,robot_0,1.350,0.009
1776766385,662739051,robot_2,-1.128,0.765
1776766385,863105323,robot_3,-1.065,-0.890
1776766385,863122787,robot_1,0.391,1.186
1776766385,863130158,robot_4,0.344,-1.117
1776766385,863136927,robot_0,1.324,0.010
1776766385,863142814,robot_2,-1.117,0.761
1776766386,84031393,robot_3,-1.065,-0.890
1776766386,84062235,robot_1,0.370,1.166
1776766386,84077241,robot_4,0.338,-1.087
1776766386,84090378,robot_0,1.246,0.014
1776766386,84102814,robot_2,-1.117,0.761
1776766386,303399995,robot_3,-1.064,-0.890
1776766386,303417652,robot_1,0.347,1.145
1776766386,303425142,robot_4,0.331,-1.052
1776766386,303431211,robot_0,1.202,0.016
1776766386,303436889,robot_2,-1.117,0.760
1776766386,503590297,robot_3,-1.064,-0.890
1776766386,503612199,robot_1,0.347,1.145
1776766386,503623159,robot_4,0.327,-1.031
1776766386,503631518,robot_0,1.153,0.019
1776766386,503639295,robot_2,-1.117,0.760
1776766386,723080070,robot_3,-1.063,-0.890
1776766386,723099178,robot_1,0.346,1.146
1776766386,723106082,robot_4,0.321,-0.988
1776766386,723111893,robot_0,1.111,0.021
1776766386,723117526,robot_2,-1.117,0.760
1776766386,924030170,robot_3,-1.063,-0.890
1776766386,924055054,robot_1,0.346,1.146
1776766386,924061760,robot_4,0.318,-0.969
1776766386,924067044,robot_0,1.111,0.021
1776766386,924072067,robot_2,-1.116,0.759
1776766387,144358296,robot_3,-1.062,-0.890
1776766387,144385960,robot_1,0.346,1.146
1776766387,144400555,robot_4,0.318,-0.969
1776766387,144411474,robot_0,1.111,0.021
1776766387,144421273,robot_2,-1.116,0.759
1776766387,362745904,robot_3,-1.062,-0.890
1776766387,362762078,robot_1,0.345,1.146
1776766387,362768813,robot_4,0.318,-0.969
1776766387,362774660,robot_0,1.111,0.022
1776766387,362780052,robot_2,-1.116,0.759
1776766387,583715160,robot_3,-1.062,-0.890
1776766387,583735544,robot_1,0.345,1.146
1776766387,583745624,robot_4,0.319,-0.968
1776766387,583753335,robot_0,1.111,0.022
1776766387,583760449,robot_2,-1.115,0.758
1776766387,784406985,robot_3,-1.061,-0.889
1776766387,784442629,robot_1,0.344,1.146
1776766387,784464202,robot_4,0.319,-0.968
1776766387,784483300,robot_0,1.110,0.023
1776766387,784501150,robot_2,-1.115,0.758
1776766388,2471622,robot_3,-1.061,-0.889
1776766388,2485035,robot_1,0.344,1.145
1776766388,2491596,robot_4,0.319,-0.968
1776766388,2496679,robot_0,1.110,0.023
1776766388,2502052,robot_2,-1.114,0.758
1776766388,204479272,robot_3,-1.061,-0.888
1776766388,204503343,robot_1,0.344,1.145
1776766388,204514639,robot_4,0.320,-0.967
1776766388,204525657,robot_0,1.110,0.023
1776766388,204534751,robot_2,-1.114,0.758
1776766388,424051476,robot_3,-1.061,-0.888
1776766388,424071793,robot_1,0.343,1.145
1776766388,424080594,robot_4,0.320,-0.967
1776766388,424087794,robot_0,1.109,0.023
1776766388,424094474,robot_2,-1.114,0.759
1776766388,624204033,robot_3,-1.061,-0.888
1776766388,624227847,robot_1,0.343,1.144
1776766388,624242988,robot_4,0.320,-0.966
1776766388,624250542,robot_0,1.109,0.023
1776766388,624258839,robot_2,-1.113,0.759
1776766388,842532906,robot_3,-1.061,-0.887
1776766388,842554645,robot_1,0.343,1.144
1776766388,842561297,robot_4,0.320,-0.966
1776766388,842566728,robot_0,1.108,0.023
1776766388,842571531,robot_2,-1.113,0.759
1776766389,62485092,robot_3,-1.061,-0.887
1776766389,62500210,robot_1,0.343,1.144
1776766389,62507227,robot_4,0.319,-0.966
1776766389,62512748,robot_0,1.108,0.023
1776766389,62518300,robot_2,-1.113,0.760
1776766389,263003589,robot_3,-1.061,-0.886
1776766389,263021401,robot_1,0.343,1.143
1776766389,263028759,robot_4,0.319,-0.965
1776766389,263034928,robot_0,1.107,0.023
1776766389,263040063,robot_2,-1.112,0.760
1776766389,482889683,robot_3,-1.062,-0.887
1776766389,482908944,robot_1,0.343,1.143
1776766389,482919075,robot_4,0.319,-0.965
1776766389,482927892,robot_0,1.107,0.023
1776766389,482935966,robot_2,-1.112,0.760
1776766389,683446519,robot_3,-1.100,-0.915
1776766389,683475739,robot_1,0.343,1.142
1776766389,683491654,robot_4,0.318,-0.965
1776766389,683504477,robot_0,1.107,0.022
1776766389,683516594,robot_2,-1.132,0.768
1776766389,903231860,robot_3,-1.142,-0.947
1776766389,903248721,robot_1,0.344,1.142
1776766389,903256619,robot_4,0.318,-0.964
1776766389,903262629,robot_0,1.107,0.022
1776766389,903268781,robot_2,-1.172,0.786
1776766390,104008720,robot_3,-1.172,-0.969
1776766390,104025439,robot_1,0.344,1.142
1776766390,104033029,robot_4,0.318,-0.964
1776766390,104038861,robot_0,1.106,0.021
1776766390,104044888,robot_2,-1.209,0.801
1776766390,323759279,robot_3,-1.174,-0.970
1776766390,323796265,robot_1,0.363,1.157
1776766390,323816649,robot_4,0.317,-0.964
1776766390,323833982,robot_0,1.106,0.021
1776766390,323850391,robot_2,-1.223,0.807
1776766390,524510792,robot_3,-1.174,-0.970
1776766390,524530568,robot_1,0.389,1.177
1776766390,524544831,robot_4,0.317,-0.964
1776766390,524552445,robot_0,1.139,0.017
1776766390,524560323,robot_2,-1.223,0.808
1776766390,744388688,robot_3,-1.174,-0.970
1776766390,744419826,robot_1,0.422,1.202
1776766390,744437162,robot_4,0.319,-0.994
1776766390,744451593,robot_0,1.166,0.013
1776766390,744465001,robot_2,-1.223,0.808
1776766390,962342181,robot_3,-1.175,-0.970
1776766390,962356333,robot_1,0.424,1.203
1776766390,962362731,robot_4,0.325,-1.063
1776766390,962368564,robot_0,1.166,0.013
1776766390,962373428,robot_2,-1.223,0.809
1776766391,164020047,robot_3,-1.175,-0.970
1776766391,164051501,robot_1,0.424,1.203
1776766391,164065508,robot_4,0.325,-1.068
1776766391,164077547,robot_0,1.166,0.013
1776766391,164088486,robot_2,-1.223,0.809
1776766391,383442355,robot_3,-1.176,-0.970
1776766391,383456621,robot_1,0.424,1.203
1776766391,383463455,robot_4,0.325,-1.069
1776766391,383468799,robot_0,1.166,0.012
1776766391,383473781,robot_2,-1.223,0.809
1776766391,583942114,robot_3,-1.176,-0.970
1776766391,583959184,robot_1,0.425,1.203
1776766391,583966659,robot_4,0.324,-1.069
1776766391,583972937,robot_0,1.166,0.012
1776766391,583978744,robot_2,-1.223,0.810
1776766391,784756620,robot_3,-1.176,-0.970
1776766391,784789012,robot_1,0.425,1.203
1776766391,784800038,robot_4,0.324,-1.069
1776766391,784808490,robot_0,1.167,0.011
1776766391,784816857,robot_2,-1.224,0.810
1776766392,4168424,robot_3,-1.177,-0.970
1776766392,4186966,robot_1,0.425,1.203
1776766392,4195598,robot_4,0.324,-1.069
1776766392,4202705,robot_0,1.167,0.011
1776766392,4209619,robot_2,-1.224,0.810
1776766392,223764710,robot_3,-1.177,-0.970
1776766392,223789680,robot_1,0.426,1.203
1776766392,223801262,robot_4,0.323,-1.070
1776766392,223811422,robot_0,1.167,0.011
1776766392,223820813,robot_2,-1.224,0.810
1776766392,424016759,robot_3,-1.177,-0.971
1776766392,424044079,robot_1,0.426,1.203
1776766392,424057863,robot_4,0.323,-1.070
1776766392,424069428,robot_0,1.168,0.011
1776766392,424080002,robot_2,-1.225,0.811
1776766392,643199504,robot_3,-1.178,-0.971
1776766392,643219864,robot_1,0.427,1.203
1776766392,643228420,robot_4,0.323,-1.071
1776766392,643234525,robot_0,1.168,0.011
1776766392,643240548,robot_2,-1.225,0.811
1776766392,862277816,robot_3,-1.178,-0.972
1776766392,862294659,robot_1,0.427,1.204
1776766392,862303211,robot_4,0.323,-1.071
1776766392,862309386,robot_0,1.169,0.011
1776766392,862315189,robot_2,-1.226,0.810
1776766393,62786785,robot_3,-1.178,-0.972
1776766393,62806964,robot_1,0.427,1.204
1776766393,62817565,robot_4,0.323,-1.071
1776766393,62824908,robot_0,1.169,0.011
1776766393,62832498,robot_2,-1.226,0.810
1776766393,263450721,robot_3,-1.178,-0.973
1776766393,263474764,robot_1,0.427,1.204
1776766393,263486827,robot_4,0.323,-1.072
1776766393,263495987,robot_0,1.170,0.011
1776766393,263505366,robot_2,-1.227,0.810
1776766393,484107225,robot_3,-1.177,-0.973
1776766393,484144955,robot_1,0.428,1.205
1776766393,484160952,robot_4,0.324,-1.072
1776766393,484174365,robot_0,1.170,0.011
1776766393,484186547,robot_2,-1.227,0.810
1776766393,703538804,robot_3,-1.177,-0.973
1776766393,703556627,robot_1,0.428,1.205
1776766393,703564469,robot_4,0.324,-1.073
1776766393,703571610,robot_0,1.170,0.012
1776766393,703578252,robot_2,-1.227,0.809
1776766393,923719549,robot_3,-1.177,-0.973
1776766393,923744102,robot_1,0.427,1.206
1776766393,923756551,robot_4,0.324,-1.073
1776766393,923766882,robot_0,1.171,0.012
1776766393,923776191,robot_2,-1.227,0.809
1776766394,123853716,robot_3,-1.177,-0.974
1776766394,123880241,robot_1,0.427,1.206
1776766394,123893728,robot_4,0.325,-1.073
1776766394,123904648,robot_0,1.171,0.012
1776766394,123923592,robot_2,-1.219,0.805
1776766394,343817333,robot_3,-1.177,-0.974
1776766394,343846900,robot_1,0.427,1.206
1776766394,343862610,robot_4,0.325,-1.073
1776766394,343876301,robot_0,1.171,0.013
1776766394,343887992,robot_2,-1.180,0.784
1776766394,562737673,robot_3,-1.176,-0.974
1776766394,562754660,robot_1,0.423,1.204
1776766394,562761495,robot_4,0.326,-1.073
1776766394,562766662,robot_0,1.168,0.013
1776766394,562772516,robot_2,-1.174,0.781
1776766394,764185339,robot_3,-1.176,-0.974
1776766394,764210190,robot_1,0.391,1.183
1776766394,764220456,robot_4,0.326,-1.046
1776766394,764229082,robot_0,1.115,0.025
1776766394,764237507,robot_2,-1.174,0.781
1776766394,983191896,robot_3,-1.175,-0.974
1776766394,983207948,robot_1,0.380,1.176
1776766394,983215106,robot_4,0.326,-1.006
1776766394,983220787,robot_0,1.063,0.036
1776766394,983226155,robot_2,-1.174,0.780
1776766395,183230323,robot_3,-1.175,-0.974
1776766395,183249117,robot_1,0.380,1.176
1776766395,183256998,robot_4,0.326,-0.986
1776766395,183263578,robot_0,1.029,0.043
1776766395,183269699,robot_2,-1.174,0.780
1776766395,384067327,robot_3,-1.175,-0.974
1776766395,384087980,robot_1,0.379,1.176
1776766395,384097659,robot_4,0.326,-0.986
1776766395,384105508,robot_0,1.028,0.043
1776766395,384112799,robot_2,-1.174,0.779
1776766395,602403909,robot_3,-1.174,-0.974
1776766395,602419556,robot_1,0.379,1.177
1776766395,602428191,robot_4,0.326,-0.986
1776766395,602434999,robot_0,1.028,0.044
1776766395,602442131,robot_2,-1.174,0.779
1776766395,803135801,robot_3,-1.174,-0.974
1776766395,803159449,robot_1,0.379,1.177
1776766395,803171053,robot_4,0.327,-0.986
1776766395,803180304,robot_0,1.028,0.044
1776766395,803189151,robot_2,-1.174,0.778
1776766396,22405334,robot_3,-1.174,-0.974
1776766396,22421202,robot_1,0.378,1.177
1776766396,22427574,robot_4,0.327,-0.986
1776766396,22433252,robot_0,1.028,0.045
1776766396,22438358,robot_2,-1.173,0.778
1776766396,223660394,robot_3,-1.174,-0.974
1776766396,223681738,robot_1,0.378,1.177
1776766396,223691177,robot_4,0.327,-0.986
1776766396,223698787,robot_0,1.028,0.045
1776766396,223706327,robot_2,-1.173,0.778
1776766396,423750844,robot_3,-1.174,-0.974
1776766396,423791642,robot_1,0.377,1.177
1776766396,423812955,robot_4,0.328,-0.985
1776766396,423831060,robot_0,1.028,0.045
1776766396,423847962,robot_2,-1.173,0.778
1776766396,642875084,robot_3,-1.173,-0.973
1776766396,642891438,robot_1,0.377,1.177
1776766396,642898066,robot_4,0.328,-0.985
1776766396,642903151,robot_0,1.027,0.046
1776766396,642907978,robot_2,-1.172,0.778
1776766396,843427034,robot_3,-1.173,-0.973
1776766396,843442080,robot_1,0.377,1.176
1776766396,843448831,robot_4,0.328,-0.985
1776766396,843454812,robot_0,1.027,0.046
1776766396,843459915,robot_2,-1.172,0.778
1776766397,43471910,robot_3,-1.173,-0.973
1776766397,43494572,robot_1,0.376,1.176
1776766397,43505493,robot_4,0.328,-0.984
1776766397,43514699,robot_0,1.027,0.046
1776766397,43523166,robot_2,-1.171,0.778
1776766397,243624951,robot_3,-1.173,-0.972
1776766397,243649943,robot_1,0.376,1.176
1776766397,243663607,robot_4,0.328,-0.984
1776766397,243675280,robot_0,1.026,0.046
1776766397,243685687,robot_2,-1.171,0.778
1776766397,443887152,robot_3,-1.173,-0.972
1776766397,443904817,robot_1,0.376,1.175
1776766397,443913308,robot_4,0.328,-0.983
1776766397,443920758,robot_0,1.026,0.046
1776766397,443927749,robot_2,-1.171,0.778
1776766397,644324647,robot_3,-1.173,-0.971
1776766397,644350530,robot_1,0.376,1.175
1776766397,644361016,robot_4,0.328,-0.983
1776766397,644369171,robot_0,1.025,0.046
1776766397,644377493,robot_2,-1.170,0.778
1776766397,862435696,robot_3,-1.173,-0.971
1776766397,862457404,robot_1,0.376,1.174
1776766397,862463831,robot_4,0.328,-0.983
1776766397,862469310,robot_0,1.025,0.046
1776766397,862475378,robot_2,-1.170,0.779
1776766398,62710612,robot_3,-1.173,-0.971
1776766398,62725853,robot_1,0.376,1.174
1776766398,62732660,robot_4,0.327,-0.982
1776766398,62738304,robot_0,1.025,0.045
1776766398,62743881,robot_2,-1.170,0.779
1776766398,282626563,robot_3,-1.174,-0.970
1776766398,282642412,robot_1,0.376,1.174
1776766398,282649202,robot_4,0.327,-0.982
1776766398,282654162,robot_0,1.024,0.045
1776766398,282659117,robot_2,-1.216,0.809
1776766398,483736681,robot_3,-1.174,-0.970
1776766398,483765718,robot_1,0.376,1.173
1776766398,483780630,robot_4,0.327,-0.982
1776766398,483792888,robot_0,1.024,0.045
1776766398,483804288,robot_2,-1.245,0.827
1776766398,704159210,robot_3,-1.174,-0.970
1776766398,704185984,robot_1,0.376,1.173
1776766398,704194036,robot_4,0.326,-0.982
1776766398,704200469,robot_0,1.024,0.044
1776766398,704206438,robot_2,-1.245,0.827
1776766398,904204182,robot_3,-1.175,-0.970
1776766398,904230604,robot_1,0.388,1.179
1776766398,904243941,robot_4,0.326,-0.982
1776766398,904254430,robot_0,1.032,0.042
1776766398,904263135,robot_2,-1.245,0.828
1776766399,123915550,robot_3,-1.175,-0.970
1776766399,123954580,robot_1,0.426,1.200
1776766399,123969993,robot_4,0.322,-1.000
1776766399,123982143,robot_0,1.075,0.029
1776766399,123994148,robot_2,-1.245,0.828
1776766399,324275454,robot_3,-1.176,-0.970
1776766399,324295150,robot_1,0.429,1.202
1776766399,324304498,robot_4,0.314,-1.038
1776766399,324312032,robot_0,1.113,0.017
1776766399,324319511,robot_2,-1.245,0.828
1776766399,544055556,robot_3,-1.176,-0.970
1776766399,544078700,robot_1,0.429,1.201
1776766399,544090129,robot_4,0.314,-1.041
1776766399,544099987,robot_0,1.139,0.009
1776766399,544108770,robot_2,-1.245,0.829
1776766399,763300437,robot_3,-1.177,-0.970
1776766399,763322814,robot_1,0.430,1.201
1776766399,763333575,robot_4,0.313,-1.041
1776766399,763343088,robot_0,1.139,0.009
1776766399,763351352,robot_2,-1.245,0.829
1776766399,982652853,robot_3,-1.177,-0.970
1776766399,982667262,robot_1,0.430,1.201
1776766399,982674633,robot_4,0.313,-1.041
1776766399,982680255,robot_0,1.139,0.009
1776766399,982685127,robot_2,-1.245,0.830
1776766400,202686178,robot_3,-1.177,-0.970
1776766400,202702140,robot_1,0.430,1.201
1776766400,202708703,robot_4,0.313,-1.041
1776766400,202714411,robot_0,1.139,0.008
1776766400,202719308,robot_2,-1.246,0.830
1776766400,404461024,robot_3,-1.177,-0.971
1776766400,404482922,robot_1,0.431,1.201
1776766400,404493834,robot_4,0.312,-1.041
1776766400,404502999,robot_0,1.139,0.008
1776766400,404512234,robot_2,-1.246,0.830
1776766400,623598170,robot_3,-1.177,-0.971
1776766400,623620281,robot_1,0.431,1.201
1776766400,623631820,robot_4,0.312,-1.041
1776766400,623641565,robot_0,1.140,0.007
1776766400,623650266,robot_2,-1.247,0.830
1776766400,824179130,robot_3,-1.178,-0.971
1776766400,824197356,robot_1,0.432,1.201
1776766400,824204647,robot_4,0.312,-1.042
1776766400,824211035,robot_0,1.140,0.007
1776766400,824217037,robot_2,-1.247,0.830
1776766401,43328175,robot_3,-1.178,-0.972
1776766401,43347840,robot_1,0.432,1.201
1776766401,43354821,robot_4,0.311,-1.042
1776766401,43360393,robot_0,1.140,0.007
1776766401,43365550,robot_2,-1.248,0.830
1776766401,244384790,robot_3,-1.178,-0.972
1776766401,244408260,robot_1,0.433,1.201
1776766401,244420040,robot_4,0.311,-1.043
1776766401,244428868,robot_0,1.141,0.007
1776766401,244437527,robot_2,-1.248,0.830
1776766401,463401760,robot_3,-1.178,-0.973
1776766401,463423288,robot_1,0.433,1.202
1776766401,463434560,robot_4,0.311,-1.043
1776766401,463442835,robot_0,1.141,0.006
1776766401,463450941,robot_2,-1.248,0.830
1776766401,683573819,robot_3,-1.177,-0.973
1776766401,683595133,robot_1,0.433,1.202
1776766401,683608804,robot_4,0.311,-1.043
1776766401,683620323,robot_0,1.142,0.006
1776766401,683631371,robot_2,-1.249,0.830
1776766401,883779820,robot_3,-1.177,-0.974
1776766401,883798627,robot_1,0.433,1.202
1776766401,883808184,robot_4,0.311,-1.044
1776766401,883815764,robot_0,1.142,0.006
1776766401,883820494,robot_2,-1.249,0.830
1776766402,103362047,robot_3,-1.177,-0.974
1776766402,103380596,robot_1,0.433,1.203
1776766402,103389317,robot_4,0.312,-1.044
1776766402,103396911,robot_0,1.143,0.007
1776766402,103403783,robot_2,-1.249,0.829
1776766402,324414251,robot_3,-1.152,-0.955
1776766402,324434498,robot_1,0.433,1.203
1776766402,324443261,robot_4,0.312,-1.045
1776766402,324450455,robot_0,1.143,0.007
1776766402,324458174,robot_2,-1.249,0.829
1776766402,544160032,robot_3,-1.103,-0.920
1776766402,544186844,robot_1,0.433,1.204
1776766402,544200112,robot_4,0.312,-1.045
1776766402,544210015,robot_0,1.143,0.007
1776766402,544219416,robot_2,-1.223,0.809
1776766402,763058628,robot_3,-1.068,-0.894
1776766402,763079029,robot_1,0.433,1.204
1776766402,763091384,robot_4,0.313,-1.045
1776766402,763102056,robot_0,1.144,0.007
1776766402,763112412,robot_2,-1.177,0.774
1776766402,963510245,robot_3,-1.013,-0.854
1776766402,963528480,robot_1,0.433,1.204
1776766402,963541088,robot_4,0.313,-1.045
1776766402,963548238,robot_0,1.144,0.008
1776766402,963555181,robot_2,-1.122,0.733
1776766403,182839742,robot_3,-0.965,-0.819
1776766403,182858286,robot_1,0.408,1.193
1776766403,182864965,robot_4,0.313,-1.045
1776766403,182870804,robot_0,1.144,0.008
1776766403,182876890,robot_2,-1.086,0.706
1776766403,383534772,robot_3,-0.965,-0.818
1776766403,383556101,robot_1,0.373,1.178
1776766403,383564876,robot_4,0.324,-1.009
1776766403,383572399,robot_0,1.139,0.010
1776766403,383579334,robot_2,-1.071,0.694
1776766403,604160662,robot_3,-0.964,-0.819
1776766403,604181582,robot_1,0.332,1.160
1776766403,604189578,robot_4,0.335,-0.969
1776766403,604196088,robot_0,1.098,0.025
1776766403,604202096,robot_2,-1.071,0.694
1776766403,823001911,robot_3,-0.964,-0.819
1776766403,823017049,robot_1,0.306,1.149
1776766403,823023897,robot_4,0.335,-0.969
1776766403,823029571,robot_0,1.087,0.029
1776766403,823034697,robot_2,-1.071,0.693
1776766404,43609343,robot_3,-0.963,-0.819
1776766404,43624682,robot_1,0.294,1.144
1776766404,43631484,robot_4,0.336,-0.969
1776766404,43637208,robot_0,1.087,0.030
1776766404,43642626,robot_2,-1.071,0.693
1776766404,263572409,robot_3,-0.963,-0.819
1776766404,263589382,robot_1,0.294,1.144
1776766404,263596584,robot_4,0.336,-0.969
1776766404,263602686,robot_0,1.087,0.030
1776766404,263608304,robot_2,-1.071,0.692
1776766404,483233950,robot_3,-0.962,-0.819
1776766404,483248847,robot_1,0.294,1.145
1776766404,483257146,robot_4,0.336,-0.969
1776766404,483264184,robot_0,1.086,0.030
1776766404,483270629,robot_2,-1.071,0.692
1776766404,684250163,robot_3,-0.962,-0.819
1776766404,684269741,robot_1,0.294,1.145
1776766404,684277197,robot_4,0.337,-0.969
1776766404,684282579,robot_0,1.086,0.031
1776766404,684287721,robot_2,-1.071,0.692
1776766404,902603998,robot_3,-0.962,-0.819
1776766404,902618394,robot_1,0.293,1.145
1776766404,902625062,robot_4,0.337,-0.968
1776766404,902630109,robot_0,1.086,0.031
1776766404,902635219,robot_2,-1.070,0.691
1776766405,103399766,robot_3,-0.961,-0.819
1776766405,103422048,robot_1,0.293,1.145
1776766405,103433236,robot_4,0.337,-0.968
1776766405,103442592,robot_0,1.086,0.031
1776766405,103451487,robot_2,-1.070,0.691
1776766405,304292074,robot_3,-0.961,-0.818
1776766405,304324149,robot_1,0.293,1.145
1776766405,304339006,robot_4,0.338,-0.967
1776766405,304351454,robot_0,1.085,0.032
1776766405,304363399,robot_2,-1.070,0.691
1776766405,524246978,robot_3,-0.961,-0.818
1776766405,524263319,robot_1,0.292,1.145
1776766405,524270061,robot_4,0.338,-0.967
1776766405,524275536,robot_0,1.085,0.032
1776766405,524280581,robot_2,-1.069,0.691
1776766405,742174952,robot_3,-0.961,-0.817
1776766405,742190182,robot_1,0.292,1.145
1776766405,742196897,robot_4,0.338,-0.967
1776766405,742202037,robot_0,1.084,0.032
1776766405,742207577,robot_2,-1.069,0.690
1776766405,942766720,robot_3,-0.961,-0.817
1776766405,942790929,robot_1,0.291,1.145
1776766405,942804983,robot_4,0.338,-0.966
1776766405,942817126,robot_0,1.084,0.032
1776766405,942827953,robot_2,-1.068,0.690
1776766406,162815855,robot_3,-0.961,-0.816
1776766406,162835438,robot_1,0.291,1.145
1776766406,162841986,robot_4,0.338,-0.966
1776766406,162847968,robot_0,1.083,0.032
1776766406,162852901,robot_2,-1.068,0.690
1776766406,363328924,robot_3,-0.961,-0.816
1776766406,363348105,robot_1,0.291,1.145
1776766406,363357267,robot_4,0.337,-0.965
1776766406,363364552,robot_0,1.083,0.032
1776766406,363371233,robot_2,-1.068,0.691
1776766406,563506088,robot_3,-0.961,-0.816
1776766406,563527196,robot_1,0.290,1.144
1776766406,563540687,robot_4,0.337,-0.965
1776766406,563549945,robot_0,1.083,0.031
1776766406,563557751,robot_2,-1.067,0.691
1776766406,782592399,robot_3,-0.962,-0.816
1776766406,782607320,robot_1,0.290,1.144
1776766406,782613739,robot_4,0.337,-0.965
1776766406,782619179,robot_0,1.082,0.031
1776766406,782624296,robot_2,-1.067,0.691
1776766407,3391269,robot_3,-0.996,-0.837
1776766407,3420148,robot_1,0.290,1.144
1776766407,3434628,robot_4,0.336,-0.964
1776766407,3447642,robot_0,1.082,0.031
1776766407,3459558,robot_2,-1.067,0.691
1776766407,222942756,robot_3,-1.024,-0.854
1776766407,222966061,robot_1,0.290,1.143
1776766407,222975972,robot_4,0.336,-0.964
1776766407,222984723,robot_0,1.082,0.030
1776766407,222992913,robot_2,-1.073,0.697
1776766407,423464215,robot_3,-1.041,-0.865
1776766407,423488842,robot_1,0.290,1.143
1776766407,423500871,robot_4,0.330,-0.982
1776766407,423510407,robot_0,1.112,0.018
1776766407,423519265,robot_2,-1.112,0.732
1776766407,623693160,robot_3,-1.041,-0.865
1776766407,623722241,robot_1,0.290,1.142
1776766407,623737031,robot_4,0.316,-1.021
1776766407,623748783,robot_0,1.159,-0.001
1776766407,623762009,robot_2,-1.143,0.760
1776766407,843528935,robot_3,-1.041,-0.865
1776766407,843556585,robot_1,0.292,1.143
1776766407,843566883,robot_4,0.294,-1.084
1776766407,843575516,robot_0,1.224,-0.027
1776766407,843583632,robot_2,-1.173,0.787
1776766408,62454054,robot_3,-1.042,-0.865
1776766408,62470313,robot_1,0.334,1.152
1776766408,62476762,robot_4,0.277,-1.132
1776766408,62482175,robot_0,1.237,-0.033
1776766408,62487072,robot_2,-1.199,0.811
1776766408,263415666,robot_3,-1.042,-0.864
1776766408,263437339,robot_1,0.349,1.155
1776766408,263448321,robot_4,0.263,-1.174
1776766408,263457834,robot_0,1.237,-0.033
1776766408,263466817,robot_2,-1.200,0.812
1776766408,484183484,robot_3,-1.042,-0.864
1776766408,484204470,robot_1,0.349,1.154
1776766408,484214872,robot_4,0.244,-1.232
1776766408,484222537,robot_0,1.237,-0.034
1776766408,484230943,robot_2,-1.200,0.812
1776766408,703397679,robot_3,-1.043,-0.864
1776766408,703417220,robot_1,0.349,1.154
1776766408,703425683,robot_4,0.232,-1.277
1776766408,703431967,robot_0,1.237,-0.034
1776766408,703438208,robot_2,-1.200,0.813
1776766408,923319579,robot_3,-1.043,-0.865
1776766408,923333730,robot_1,0.349,1.154
1776766408,923340519,robot_4,0.226,-1.301
1776766408,923345873,robot_0,1.237,-0.034
1776766408,923351134,robot_2,-1.200,0.813
1776766409,124048899,robot_3,-1.044,-0.865
1776766409,124070004,robot_1,0.350,1.153
1776766409,124080581,robot_4,0.226,-1.301
1776766409,124088473,robot_0,1.237,-0.035
1776766409,124096596,robot_2,-1.200,0.814
1776766409,344294071,robot_3,-1.044,-0.865
1776766409,344322575,robot_1,0.350,1.153
1776766409,344337332,robot_4,0.225,-1.301
1776766409,344349652,robot_0,1.238,-0.035
1776766409,344361675,robot_2,-1.200,0.814
1776766409,563367531,robot_3,-1.044,-0.865
1776766409,563383136,robot_1,0.351,1.153
1776766409,563389707,robot_4,0.225,-1.301
1776766409,563394988,robot_0,1.238,-0.035
1776766409,563400770,robot_2,-1.200,0.814
1776766409,763821101,robot_3,-1.045,-0.866
1776766409,763840042,robot_1,0.351,1.153
1776766409,763849764,robot_4,0.224,-1.301
1776766409,763857084,robot_0,1.238,-0.036
1776766409,763864015,robot_2,-1.200,0.815
1776766409,982373119,robot_3,-1.045,-0.866
1776766409,982388487,robot_1,0.352,1.153
1776766409,982395109,robot_4,0.224,-1.301
1776766409,982401113,robot_0,1.239,-0.036
1776766409,982407062,robot_2,-1.200,0.815
1776766410,185312763,robot_3,-1.045,-0.867
1776766410,185329450,robot_1,0.352,1.153
1776766410,185336476,robot_4,0.224,-1.302
1776766410,185341514,robot_0,1.239,-0.036
1776766410,185346751,robot_2,-1.201,0.816
1776766410,403204193,robot_3,-1.045,-0.867
1776766410,403218953,robot_1,0.352,1.153
1776766410,403225867,robot_4,0.223,-1.302
1776766410,403230797,robot_0,1.240,-0.036
1776766410,403235440,robot_2,-1.201,0.816
1776766410,623641629,robot_3,-1.045,-0.868
1776766410,623671605,robot_1,0.353,1.154
1776766410,623685908,robot_4,0.223,-1.303
1776766410,623698348,robot_0,1.240,-0.036
1776766410,623709543,robot_2,-1.202,0.816
1776766410,842432035,robot_3,-1.044,-0.868
1776766410,842447579,robot_1,0.353,1.154
1776766410,842455027,robot_4,0.223,-1.303
1776766410,842460477,robot_0,1.241,-0.035
1776766410,842466106,robot_2,-1.202,0.816
1776766411,43176078,robot_3,-1.044,-0.868
1776766411,43197196,robot_1,0.353,1.154
1776766411,43207562,robot_4,0.223,-1.303
1776766411,43214913,robot_0,1.241,-0.035
1776766411,43223286,robot_2,-1.202,0.816
1776766411,243347694,robot_3,-1.037,-0.864
1776766411,243365673,robot_1,0.353,1.155
1776766411,243373756,robot_4,0.223,-1.304
1776766411,243380099,robot_0,1.241,-0.035
1776766411,243386813,robot_2,-1.203,0.816
1776766411,462887613,robot_3,-0.999,-0.841
1776766411,462904801,robot_1,0.354,1.155
1776766411,462912951,robot_4,0.223,-1.304
1776766411,462919399,robot_0,1.242,-0.034
1776766411,462925861,robot_2,-1.203,0.816
1776766411,663824401,robot_3,-0.943,-0.808
1776766411,663844669,robot_1,0.353,1.156
1776766411,663851840,robot_4,0.223,-1.305
1776766411,663857947,robot_0,1.239,-0.033
1776766411,663863134,robot_2,-1.204,0.816
1776766411,882482912,robot_3,-0.890,-0.777
1776766411,882508153,robot_1,0.353,1.156
1776766411,882521278,robot_4,0.224,-1.305
1776766411,882531867,robot_0,1.201,-0.014
1776766411,882545995,robot_2,-1.204,0.815
1776766412,83213415,robot_3,-0.856,-0.757
1776766412,83228104,robot_1,0.322,1.152
1776766412,83234308,robot_4,0.224,-1.305
1776766412,83239968,robot_0,1.188,-0.007
1776766412,83244794,robot_2,-1.192,0.798
1776766412,283240853,robot_3,-0.853,-0.755
1776766412,283256526,robot_1,0.278,1.144
1776766412,283263724,robot_4,0.224,-1.305
1776766412,283269569,robot_0,1.188,-0.007
1776766412,283274772,robot_2,-1.167,0.764
1776766412,502259068,robot_3,-0.853,-0.755
1776766412,502273731,robot_1,0.235,1.136
1776766412,502280081,robot_4,0.225,-1.306
1776766412,502286615,robot_0,1.188,-0.007
1776766412,502292015,robot_2,-1.125,0.703
1776766412,702486530,robot_3,-0.852,-0.756
1776766412,702505897,robot_1,0.193,1.127
1776766412,702512802,robot_4,0.230,-1.290
1776766412,702518097,robot_0,1.188,-0.006
1776766412,702523468,robot_2,-1.097,0.664
1776766412,922725901,robot_3,-0.852,-0.756
1776766412,922740046,robot_1,0.165,1.122
1776766412,922746582,robot_4,0.249,-1.234
1776766412,922751827,robot_0,1.188,-0.006
1776766412,922757049,robot_2,-1.076,0.635
1776766413,122997598,robot_3,-0.851,-0.756
1776766413,123012067,robot_1,0.165,1.122
1776766413,123019061,robot_4,0.252,-1.228
1776766413,123024468,robot_0,1.188,-0.005
1776766413,123029359,robot_2,-1.076,0.635
1776766413,323264529,robot_3,-0.851,-0.756
1776766413,323289503,robot_1,0.165,1.122
1776766413,323303031,robot_4,0.252,-1.228
1776766413,323314326,robot_0,1.187,-0.005
1776766413,323324930,robot_2,-1.077,0.634
1776766413,523867370,robot_3,-0.851,-0.756
1776766413,523899731,robot_1,0.164,1.123
1776766413,523918846,robot_4,0.252,-1.228
1776766413,523934717,robot_0,1.187,-0.005
1776766413,523949608,robot_2,-1.077,0.634
1776766413,743757186,robot_3,-0.850,-0.756
1776766413,743775727,robot_1,0.164,1.123
1776766413,743784573,robot_4,0.253,-1.227
1776766413,743791921,robot_0,1.187,-0.004
1776766413,743798648,robot_2,-1.077,0.634
1776766413,963047492,robot_3,-0.850,-0.756
1776766413,963062142,robot_1,0.164,1.123
1776766413,963069403,robot_4,0.253,-1.227
1776766413,963074608,robot_0,1.186,-0.004
1776766413,963080312,robot_2,-1.077,0.633
1776766414,183851724,robot_3,-0.849,-0.755
1776766414,183869894,robot_1,0.163,1.123
1776766414,183876829,robot_4,0.254,-1.227
1776766414,183882651,robot_0,1.186,-0.004
1776766414,183887766,robot_2,-1.077,0.633
1776766414,403699225,robot_3,-0.849,-0.755
1776766414,403717367,robot_1,0.163,1.123
1776766414,403726622,robot_4,0.254,-1.227
1776766414,403734658,robot_0,1.185,-0.004
1776766414,403742767,robot_2,-1.077,0.632
1776766414,623054361,robot_3,-0.849,-0.755
1776766414,623074407,robot_1,0.162,1.123
1776766414,623083772,robot_4,0.254,-1.226
1776766414,623091708,robot_0,1.185,-0.004
1776766414,623099847,robot_2,-1.077,0.632
1776766414,843800264,robot_3,-0.849,-0.754
1776766414,843826757,robot_1,0.162,1.123
1776766414,843840415,robot_4,0.254,-1.226
1776766414,843851470,robot_0,1.185,-0.004
1776766414,843862048,robot_2,-1.077,0.631
1776766415,44954518,robot_3,-0.849,-0.754
1776766415,44971523,robot_1,0.162,1.123
1776766415,44978692,robot_4,0.255,-1.225
1776766415,44984283,robot_0,1.184,-0.004
1776766415,44989232,robot_2,-1.076,0.631
1776766415,262991556,robot_3,-0.849,-0.753
1776766415,263011934,robot_1,0.161,1.123
1776766415,263021325,robot_4,0.255,-1.225
1776766415,263030068,robot_0,1.184,-0.005
1776766415,263037653,robot_2,-1.076,0.631
1776766415,482749591,robot_3,-0.849,-0.753
1776766415,482769464,robot_1,0.161,1.122
1776766415,482779169,robot_4,0.254,-1.225
1776766415,482787816,robot_0,1.183,-0.005
1776766415,482795304,robot_2,-1.076,0.631
1776766415,683493031,robot_3,-0.849,-0.753
1776766415,683517929,robot_1,0.161,1.122
1776766415,683530376,robot_4,0.254,-1.224
1776766415,683544466,robot_0,1.183,-0.005
1776766415,683554289,robot_2,-1.075,0.631
1776766415,903551820,robot_3,-0.872,-0.764
1776766415,903571615,robot_1,0.160,1.122
1776766415,903580909,robot_4,0.254,-1.224
1776766415,903588618,robot_0,1.218,-0.026
1776766415,903595865,robot_2,-1.075,0.631
1776766416,123777100,robot_3,-0.937,-0.795
1776766416,123805035,robot_1,0.160,1.121
1776766416,123819446,robot_4,0.254,-1.223
1776766416,123831980,robot_0,1.278,-0.060
1776766416,123842697,robot_2,-1.074,0.631
1776766416,342696477,robot_3,-0.944,-0.798
1776766416,342711786,robot_1,0.160,1.121
1776766416,342718221,robot_4,0.253,-1.223
1776766416,342723607,robot_0,1.316,-0.081
1776766416,342728944,robot_2,-1.074,0.631
1776766416,543214160,robot_3,-0.944,-0.798
1776766416,543235206,robot_1,0.160,1.121
1776766416,543244598,robot_4,0.253,-1.223
1776766416,543251533,robot_0,1.342,-0.096
1776766416,543258233,robot_2,-1.073,0.631
1776766416,743432642,robot_3,-0.944,-0.798
1776766416,743459038,robot_1,0.160,1.120
1776766416,743467092,robot_4,0.251,-1.226
1776766416,743473533,robot_0,1.357,-0.104
1776766416,743479833,robot_2,-1.073,0.631
1776766416,962122558,robot_3,-0.945,-0.798
1776766416,962136357,robot_1,0.185,1.123
1776766416,962142737,robot_4,0.234,-1.266
1776766416,962147680,robot_0,1.357,-0.105
1776766416,962152139,robot_2,-1.090,0.660
1776766417,163692943,robot_3,-0.945,-0.797
1776766417,163712296,robot_1,0.221,1.128
1776766417,163718893,robot_4,0.217,-1.305
1776766417,163724421,robot_0,1.357,-0.105
1776766417,163730033,robot_2,-1.110,0.692
1776766417,383451579,robot_3,-0.946,-0.797
1776766417,383468680,robot_1,0.247,1.131
1776766417,383477915,robot_4,0.200,-1.347
1776766417,383483695,robot_0,1.357,-0.105
1776766417,383489096,robot_2,-1.131,0.728
1776766417,584275048,robot_3,-0.946,-0.797
1776766417,584295135,robot_1,0.285,1.135
1776766417,584304780,robot_4,0.186,-1.384
1776766417,584312067,robot_0,1.357,-0.106
1776766417,584319346,robot_2,-1.131,0.730
1776766417,802252832,robot_3,-0.946,-0.797
1776766417,802267950,robot_1,0.339,1.141
1776766417,802274633,robot_4,0.161,-1.450
1776766417,802280194,robot_0,1.357,-0.106
1776766417,802285498,robot_2,-1.131,0.730
1776766418,23947792,robot_3,-0.947,-0.798
1776766418,23974999,robot_1,0.413,1.152
1776766418,23989269,robot_4,0.142,-1.499
1776766418,24000800,robot_0,1.357,-0.107
1776766418,24012517,robot_2,-1.131,0.730
1776766418,224063215,robot_3,-0.947,-0.798
1776766418,224081489,robot_1,0.454,1.158
1776766418,224090321,robot_4,0.141,-1.499
1776766418,224098203,robot_0,1.357,-0.107
1776766418,224105356,robot_2,-1.131,0.731
1776766418,443668020,robot_3,-0.948,-0.798
1776766418,443689565,robot_1,0.477,1.162
1776766418,443699733,robot_4,0.141,-1.499
1776766418,443708478,robot_0,1.358,-0.107
1776766418,443716640,robot_2,-1.131,0.731
1776766418,663676411,robot_3,-0.948,-0.799
1776766418,663696350,robot_1,0.477,1.162
1776766418,663703557,robot_4,0.140,-1.499
1776766418,663709118,robot_0,1.358,-0.108
1776766418,663714660,robot_2,-1.131,0.732
1776766418,884178002,robot_3,-0.948,-0.799
1776766418,884195789,robot_1,0.477,1.161
1776766418,884204615,robot_4,0.140,-1.499
1776766418,884211345,robot_0,1.358,-0.108
1776766418,884217586,robot_2,-1.131,0.732
1776766419,104039345,robot_3,-0.948,-0.799
1776766419,104059474,robot_1,0.477,1.161
1776766419,104069602,robot_4,0.140,-1.499
1776766419,104078310,robot_0,1.359,-0.108
1776766419,104085919,robot_2,-1.131,0.732
1776766419,324141728,robot_3,-0.948,-0.800
1776766419,324170180,robot_1,0.477,1.161
1776766419,324184375,robot_4,0.139,-1.500
1776766419,324195242,robot_0,1.359,-0.108
1776766419,324206862,robot_2,-1.131,0.733
1776766419,524231194,robot_3,-0.948,-0.800
1776766419,524259330,robot_1,0.478,1.160
1776766419,524274931,robot_4,0.139,-1.500
1776766419,524287106,robot_0,1.360,-0.108
1776766419,524294852,robot_2,-1.131,0.733
1776766419,743741617,robot_3,-0.948,-0.801
1776766419,743768907,robot_1,0.478,1.160
1776766419,743777201,robot_4,0.139,-1.500
1776766419,743784211,robot_0,1.360,-0.107
1776766419,743791155,robot_2,-1.132,0.734
1776766419,963046212,robot_3,-0.936,-0.796
1776766419,963064074,robot_1,0.479,1.160
1776766419,963070762,robot_4,0.139,-1.501
1776766419,963076435,robot_0,1.361,-0.107
1776766419,963081788,robot_2,-1.132,0.734
1776766420,183655989,robot_3,-0.895,-0.780
1776766420,183671957,robot_1,0.479,1.160
1776766420,183679007,robot_4,0.139,-1.501
1776766420,183685149,robot_0,1.361,-0.107
1776766420,183690557,robot_2,-1.132,0.734
1776766420,402252441,robot_3,-0.851,-0.763
1776766420,402266585,robot_1,0.480,1.160
1776766420,402272733,robot_4,0.139,-1.502
1776766420,402278550,robot_0,1.354,-0.102
1776766420,402283890,robot_2,-1.133,0.734
1776766420,604692877,robot_3,-0.831,-0.755
1776766420,604716044,robot_1,0.480,1.161
1776766420,604729435,robot_4,0.139,-1.502
1776766420,604739592,robot_0,1.320,-0.079
1776766420,604749457,robot_2,-1.133,0.734
1776766420,823821008,robot_3,-0.831,-0.755
1776766420,823842153,robot_1,0.480,1.161
1776766420,823852344,robot_4,0.139,-1.502
1776766420,823861529,robot_0,1.311,-0.073
1776766420,823870664,robot_2,-1.134,0.734
1776766421,44245264,robot_3,-0.831,-0.756
1776766421,44264067,robot_1,0.481,1.161
1776766421,44271590,robot_4,0.139,-1.503
1776766421,44277205,robot_0,1.311,-0.073
1776766421,44283319,robot_2,-1.134,0.734
1776766421,263052482,robot_3,-0.831,-0.756
1776766421,263068113,robot_1,0.481,1.162
1776766421,263074960,robot_4,0.140,-1.503
1776766421,263081042,robot_0,1.311,-0.072
1776766421,263086405,robot_2,-1.134,0.733
1776766421,463711247,robot_3,-0.830,-0.756
1776766421,463737082,robot_1,0.481,1.162
1776766421,463752478,robot_4,0.140,-1.503
1776766421,463765676,robot_0,1.311,-0.072
1776766421,463778110,robot_2,-1.123,0.709
1776766421,684481588,robot_3,-0.830,-0.757
1776766421,684513211,robot_1,0.481,1.162
1776766421,684528478,robot_4,0.140,-1.503
1776766421,684546052,robot_0,1.311,-0.071
1776766421,684612636,robot_2,-1.117,0.696
1776766421,903392564,robot_3,-0.829,-0.757
1776766421,903422198,robot_1,0.481,1.163
1776766421,903436613,robot_4,0.155,-1.472
1776766421,903447709,robot_0,1.311,-0.071
1776766421,903460255,robot_2,-1.117,0.696
1776766422,123742153,robot_3,-0.829,-0.757
1776766422,123757990,robot_1,0.481,1.163
1776766422,123765064,robot_4,0.166,-1.449
1776766422,123771019,robot_0,1.311,-0.070
1776766422,123777159,robot_2,-1.117,0.696
1776766422,342427240,robot_3,-0.829,-0.756
1776766422,342441839,robot_1,0.481,1.163
1776766422,342448844,robot_4,0.166,-1.449
1776766422,342453987,robot_0,1.311,-0.070
1776766422,342459224,robot_2,-1.117,0.696
1776766422,542834932,robot_3,-0.828,-0.756
1776766422,542851614,robot_1,0.481,1.163
1776766422,542858901,robot_4,0.167,-1.449
1776766422,542864571,robot_0,1.310,-0.070
1776766422,542869809,robot_2,-1.118,0.695
1776766422,743224220,robot_3,-0.828,-0.756
1776766422,743243043,robot_1,0.481,1.163
1776766422,743251988,robot_4,0.167,-1.449
1776766422,743258610,robot_0,1.310,-0.070
1776766422,743265819,robot_2,-1.118,0.695
1776766422,943522231,robot_3,-0.828,-0.756
1776766422,943541774,robot_1,0.481,1.164
1776766422,943550825,robot_4,0.168,-1.449
1776766422,943558054,robot_0,1.310,-0.069
1776766422,943564807,robot_2,-1.118,0.695
1776766423,162674561,robot_3,-0.827,-0.755
1776766423,162691378,robot_1,0.481,1.164
1776766423,162698435,robot_4,0.168,-1.449
1776766423,162704302,robot_0,1.309,-0.069
1776766423,162709958,robot_2,-1.118,0.694
1776766423,362816884,robot_3,-0.827,-0.755
1776766423,362840066,robot_1,0.480,1.164
1776766423,362849970,robot_4,0.168,-1.449
1776766423,362858424,robot_0,1.309,-0.069
1776766423,362866457,robot_2,-1.118,0.694
1776766423,563301898,robot_3,-0.827,-0.755
1776766423,563319883,robot_1,0.480,1.165
1776766423,563328880,robot_4,0.169,-1.449
1776766423,563335792,robot_0,1.308,-0.070
1776766423,563342247,robot_2,-1.118,0.693
1776766423,783408692,robot_3,-0.827,-0.754
1776766423,783434591,robot_1,0.480,1.165
1776766423,783447924,robot_4,0.169,-1.448
1776766423,783459147,robot_0,1.308,-0.070
1776766423,783468789,robot_2,-1.117,0.693
1776766424,3755227,robot_3,-0.827,-0.754
1776766424,3772508,robot_1,0.479,1.165
1776766424,3780776,robot_4,0.169,-1.448
1776766424,3787764,robot_0,1.307,-0.070
1776766424,3794690,robot_2,-1.117,0.692
1776766424,222684928,robot_3,-0.827,-0.753
1776766424,222701675,robot_1,0.479,1.165
1776766424,222708409,robot_4,0.169,-1.447
1776766424,222714074,robot_0,1.307,-0.070
1776766424,222719290,robot_2,-1.117,0.692
1776766424,424153056,robot_3,-0.832,-0.755
1776766424,424186645,robot_1,0.478,1.165
1776766424,424206627,robot_4,0.169,-1.447
1776766424,424223705,robot_0,1.317,-0.079
1776766424,424239658,robot_2,-1.116,0.692
1776766424,642692833,robot_3,-0.874,-0.767
1776766424,642710099,robot_1,0.478,1.165
1776766424,642717754,robot_4,0.169,-1.446
1776766424,642723509,robot_0,1.356,-0.109
1776766424,642728931,robot_2,-1.116,0.692
1776766424,843721330,robot_3,-0.885,-0.771
1776766424,843739322,robot_1,0.477,1.164
1776766424,843748142,robot_4,0.169,-1.446
1776766424,843755241,robot_0,1.388,-0.134
1776766424,843762372,robot_2,-1.115,0.692
1776766425,43987437,robot_3,-0.885,-0.770
1776766425,44018737,robot_1,0.477,1.164
1776766425,44033721,robot_4,0.169,-1.446
1776766425,44045430,robot_0,1.429,-0.165
1776766425,44056953,robot_2,-1.115,0.692
1776766425,263360478,robot_3,-0.885,-0.770
1776766425,263385106,robot_1,0.477,1.164
1776766425,263397165,robot_4,0.169,-1.445
1776766425,263406848,robot_0,1.483,-0.207
1776766425,263416743,robot_2,-1.115,0.693
1776766425,483914720,robot_3,-0.886,-0.770
1776766425,483932752,robot_1,0.477,1.163
1776766425,483941451,robot_4,0.168,-1.445
1776766425,483948705,robot_0,1.490,-0.213
1776766425,483955912,robot_2,-1.126,0.731
1776766425,684320819,robot_3,-0.886,-0.769
1776766425,684343108,robot_1,0.476,1.163
1776766425,684352465,robot_4,0.168,-1.445
1776766425,684360009,robot_0,1.490,-0.213
1776766425,684367443,robot_2,-1.132,0.750
1776766425,903705182,robot_3,-0.886,-0.769
1776766425,903725398,robot_1,0.476,1.163
1776766425,903734713,robot_4,0.168,-1.445
1776766425,903742128,robot_0,1.490,-0.214
1776766425,903748909,robot_2,-1.132,0.750
1776766426,123500137,robot_3,-0.887,-0.769
1776766426,123533828,robot_1,0.476,1.162
1776766426,123558432,robot_4,0.168,-1.445
1776766426,123572514,robot_0,1.490,-0.214
1776766426,123586484,robot_2,-1.131,0.750
1776766426,323964971,robot_3,-0.887,-0.769
1776766426,323984982,robot_1,0.496,1.162
1776766426,323992544,robot_4,0.168,-1.445
1776766426,323999862,robot_0,1.490,-0.215
1776766426,324005714,robot_2,-1.131,0.750
1776766426,524285837,robot_3,-0.888,-0.769
1776766426,524315830,robot_1,0.567,1.162
1776766426,524330706,robot_4,0.169,-1.446
1776766426,524343825,robot_0,1.490,-0.215
1776766426,524355329,robot_2,-1.131,0.751
1776766426,743485191,robot_3,-0.888,-0.769
1776766426,743508457,robot_1,0.585,1.162
1776766426,743520685,robot_4,0.169,-1.446
1776766426,743530105,robot_0,1.490,-0.215
1776766426,743543345,robot_2,-1.131,0.751
1776766426,962351424,robot_3,-0.888,-0.770
1776766426,962365831,robot_1,0.585,1.162
1776766426,962372384,robot_4,0.169,-1.447
1776766426,962377441,robot_0,1.490,-0.216
1776766426,962382767,robot_2,-1.131,0.752
1776766427,162795985,robot_3,-0.889,-0.770
1776766427,162816962,robot_1,0.586,1.161
1776766427,162824348,robot_4,0.169,-1.447
1776766427,162830137,robot_0,1.491,-0.216
1776766427,162836066,robot_2,-1.130,0.752
1776766427,364506379,robot_3,-0.889,-0.770
1776766427,364531985,robot_1,0.586,1.161
1776766427,364549396,robot_4,0.169,-1.448
1776766427,364562766,robot_0,1.491,-0.216
1776766427,364574421,robot_2,-1.131,0.752
1776766427,584261932,robot_3,-0.889,-0.771
1776766427,584281436,robot_1,0.586,1.161
1776766427,584290902,robot_4,0.169,-1.448
1776766427,584298787,robot_0,1.491,-0.216
1776766427,584306123,robot_2,-1.131,0.753
1776766427,803081107,robot_3,-0.889,-0.771
1776766427,803104645,robot_1,0.586,1.160
1776766427,803115510,robot_4,0.169,-1.448
1776766427,803124059,robot_0,1.492,-0.216
1776766427,803133106,robot_2,-1.131,0.753
1776766428,3245966,robot_3,-0.889,-0.771
1776766428,3267945,robot_1,0.587,1.160
1776766428,3279480,robot_4,0.168,-1.449
1776766428,3288147,robot_0,1.492,-0.216
1776766428,3297255,robot_2,-1.131,0.754
1776766428,223131425,robot_3,-0.889,-0.772
1776766428,223147255,robot_1,0.587,1.160
1776766428,223154051,robot_4,0.168,-1.449
1776766428,223159265,robot_0,1.493,-0.216
1776766428,223164738,robot_2,-1.132,0.754
1776766428,424215161,robot_3,-0.884,-0.771
1776766428,424235460,robot_1,0.588,1.160
1776766428,424245547,robot_4,0.169,-1.448
1776766428,424253593,robot_0,1.493,-0.216
1776766428,424261264,robot_2,-1.132,0.754
1776766428,643327011,robot_3,-0.817,-0.758
1776766428,643351343,robot_1,0.588,1.160
1776766428,643361961,robot_4,0.169,-1.448
1776766428,643370842,robot_0,1.494,-0.216
1776766428,643378446,robot_2,-1.132,0.754
1776766428,844445906,robot_3,-0.769,-0.750
1776766428,844462804,robot_1,0.589,1.160
1776766428,844470360,robot_4,0.169,-1.447
1776766428,844476579,robot_0,1.494,-0.216
1776766428,844482135,robot_2,-1.133,0.754
1776766429,62337034,robot_3,-0.738,-0.745
1776766429,62353668,robot_1,0.589,1.161
1776766429,62360386,robot_4,0.169,-1.447
1776766429,62365268,robot_0,1.494,-0.216
1776766429,62370235,robot_2,-1.133,0.754
1776766429,263358263,robot_3,-0.738,-0.745
1776766429,263378517,robot_1,0.589,1.161
1776766429,263387183,robot_4,0.169,-1.447
1776766429,263395487,robot_0,1.478,-0.201
1776766429,263402662,robot_2,-1.134,0.754
1776766429,482521320,robot_3,-0.738,-0.745
1776766429,482540364,robot_1,0.590,1.161
1776766429,482549081,robot_4,0.168,-1.446
1776766429,482555452,robot_0,1.450,-0.175
1776766429,482561698,robot_2,-1.129,0.730
1776766429,682755389,robot_3,-0.738,-0.746
1776766429,682776363,robot_1,0.590,1.162
1776766429,682783352,robot_4,0.168,-1.446
1776766429,682788905,robot_0,1.449,-0.175
1776766429,682794288,robot_2,-1.118,0.681
1776766429,883324877,robot_3,-0.738,-0.746
1776766429,883349309,robot_1,0.590,1.162
1776766429,883363011,robot_4,0.168,-1.446
1776766429,883373288,robot_0,1.450,-0.175
1776766429,883383811,robot_2,-1.117,0.676
1776766430,84179994,robot_3,-0.737,-0.746
1776766430,84195191,robot_1,0.590,1.162
1776766430,84201658,robot_4,0.167,-1.445
1776766430,84207344,robot_0,1.450,-0.174
1776766430,84212896,robot_2,-1.117,0.676
1776766430,284472907,robot_3,-0.737,-0.747
1776766430,284495560,robot_1,0.590,1.163
1776766430,284506304,robot_4,0.167,-1.445
1776766430,284516229,robot_0,1.450,-0.174
1776766430,284524020,robot_2,-1.118,0.676
1776766430,484673851,robot_3,-0.737,-0.747
1776766430,484692182,robot_1,0.590,1.163
1776766430,484701060,robot_4,0.166,-1.445
1776766430,484707935,robot_0,1.450,-0.173
1776766430,484714979,robot_2,-1.118,0.676
1776766430,702393524,robot_3,-0.736,-0.747
1776766430,702412288,robot_1,0.557,1.165
1776766430,702419062,robot_4,0.166,-1.445
1776766430,702424325,robot_0,1.450,-0.173
1776766430,702429767,robot_2,-1.118,0.675
1776766430,903331998,robot_3,-0.736,-0.747
1776766430,903349100,robot_1,0.530,1.167
1776766430,903357804,robot_4,0.166,-1.445
1776766430,903365171,robot_0,1.450,-0.173
1776766430,903371990,robot_2,-1.118,0.675
1776766431,123247124,robot_3,-0.735,-0.747
1776766431,123269691,robot_1,0.530,1.168
1776766431,123280823,robot_4,0.165,-1.446
1776766431,123289147,robot_0,1.449,-0.172
1776766431,123297527,robot_2,-1.118,0.674
1776766431,323614117,robot_3,-0.735,-0.746
1776766431,323633973,robot_1,0.530,1.168
1776766431,323644070,robot_4,0.165,-1.446
1776766431,323652460,robot_0,1.449,-0.172
1776766431,323659874,robot_2,-1.119,0.674
1776766431,542479309,robot_3,-0.734,-0.746
1776766431,542494696,robot_1,0.530,1.168
1776766431,542501715,robot_4,0.165,-1.446
1776766431,542506843,robot_0,1.449,-0.172
1776766431,542511972,robot_2,-1.118,0.674
1776766431,743542904,robot_3,-0.734,-0.746
1776766431,743563595,robot_1,0.530,1.169
1776766431,743573978,robot_4,0.164,-1.446
1776766431,743582521,robot_0,1.448,-0.171
1776766431,743590447,robot_2,-1.118,0.673
1776766431,943993017,robot_3,-0.734,-0.745
1776766431,944010314,robot_1,0.529,1.169
1776766431,944019143,robot_4,0.164,-1.446
1776766431,944026324,robot_0,1.448,-0.171
1776766431,944032942,robot_2,-1.118,0.673
1776766432,163048217,robot_3,-0.734,-0.745
1776766432,163067487,robot_1,0.529,1.169
1776766432,163075039,robot_4,0.165,-1.446
1776766432,163080730,robot_0,1.447,-0.171
1776766432,163086495,robot_2,-1.118,0.672
1776766432,363180461,robot_3,-0.734,-0.745
1776766432,363197240,robot_1,0.529,1.170
1776766432,363206057,robot_4,0.165,-1.446
1776766432,363212399,robot_0,1.447,-0.171
1776766432,363219167,robot_2,-1.118,0.672
1776766432,563220102,robot_3,-0.734,-0.744
1776766432,563247827,robot_1,0.528,1.170
1776766432,563262541,robot_4,0.165,-1.446
1776766432,563274463,robot_0,1.447,-0.171
1776766432,563285093,robot_2,-1.117,0.672
1776766432,783517343,robot_3,-0.746,-0.745
1776766432,783536203,robot_1,0.528,1.170
1776766432,783548412,robot_4,0.166,-1.446
1776766432,783555815,robot_0,1.446,-0.172
1776766432,783562800,robot_2,-1.117,0.672
1776766432,983533713,robot_3,-0.769,-0.747
1776766432,983552705,robot_1,0.527,1.170
1776766432,983558810,robot_4,0.166,-1.446
1776766432,983564353,robot_0,1.446,-0.172
1776766432,983570452,robot_2,-1.116,0.672
1776766433,202598107,robot_3,-0.770,-0.747
1776766433,202614351,robot_1,0.527,1.170
1776766433,202621927,robot_4,0.167,-1.446
1776766433,202628175,robot_0,1.446,-0.172
1776766433,202633692,robot_2,-1.116,0.672
1776766433,404153988,robot_3,-0.770,-0.747
1776766433,404176885,robot_1,0.526,1.169
1776766433,404188021,robot_4,0.167,-1.446
1776766433,404197131,robot_0,1.469,-0.197
1776766433,404206462,robot_2,-1.116,0.672
1776766433,622713091,robot_3,-0.771,-0.746
1776766433,622727982,robot_1,0.526,1.169
1776766433,622734926,robot_4,0.168,-1.446
1776766433,622740505,robot_0,1.506,-0.233
1776766433,622745839,robot_2,-1.119,0.700
1776766433,823308260,robot_3,-0.771,-0.746
1776766433,823326714,robot_1,0.526,1.169
1776766433,823336034,robot_4,0.168,-1.446
1776766433,823343060,robot_0,1.535,-0.260
1776766433,823349718,robot_2,-1.124,0.737
1776766434,23777142,robot_3,-0.771,-0.746
1776766434,23805775,robot_1,0.526,1.168
1776766434,23820546,robot_4,0.167,-1.447
1776766434,23832990,robot_0,1.582,-0.305
1776766434,23844770,robot_2,-1.129,0.769
1776766434,242494995,robot_3,-0.772,-0.746
1776766434,242509754,robot_1,0.525,1.168
1776766434,242516379,robot_4,0.152,-1.466
1776766434,242521732,robot_0,1.623,-0.343
1776766434,242526324,robot_2,-1.134,0.812
1776766434,443661883,robot_3,-0.772,-0.746
1776766434,443681677,robot_1,0.525,1.168
1776766434,443691846,robot_4,0.148,-1.471
1776766434,443699498,robot_0,1.623,-0.344
1776766434,443708096,robot_2,-1.138,0.839
1776766434,664330144,robot_3,-0.773,-0.746
1776766434,664347667,robot_1,0.530,1.167
1776766434,664354365,robot_4,0.148,-1.471
1776766434,664359440,robot_0,1.623,-0.344
1776766434,664364690,robot_2,-1.138,0.839
1776766434,882273694,robot_3,-0.773,-0.746
1776766434,882288748,robot_1,0.601,1.157
1776766434,882295334,robot_4,0.147,-1.471
1776766434,882300665,robot_0,1.623,-0.345
1776766434,882305441,robot_2,-1.137,0.839
1776766435,83890947,robot_3,-0.773,-0.746
1776766435,83914896,robot_1,0.651,1.150
1776766435,83926739,robot_4,0.147,-1.471
1776766435,83935985,robot_0,1.623,-0.345
1776766435,83945266,robot_2,-1.137,0.840
1776766435,303817563,robot_3,-0.774,-0.746
1776766435,303850754,robot_1,0.682,1.146
1776766435,303866699,robot_4,0.147,-1.471
1776766435,303878698,robot_0,1.623,-0.346
1776766435,303890807,robot_2,-1.137,0.840
1776766435,523457359,robot_3,-0.774,-0.746
1776766435,523484787,robot_1,0.682,1.146
1776766435,523498892,robot_4,0.146,-1.471
1776766435,523511081,robot_0,1.623,-0.346
1776766435,523523419,robot_2,-1.136,0.840
1776766435,723608276,robot_3,-0.774,-0.747
1776766435,723638136,robot_1,0.682,1.146
1776766435,723653052,robot_4,0.146,-1.471
1776766435,723665746,robot_0,1.623,-0.346
1776766435,723677973,robot_2,-1.136,0.841
1776766435,943923782,robot_3,-0.775,-0.747
1776766435,943945302,robot_1,0.682,1.146
1776766435,943956307,robot_4,0.145,-1.471
1776766435,943965857,robot_0,1.623,-0.347
1776766435,943974248,robot_2,-1.136,0.841
1776766436,162754429,robot_3,-0.775,-0.747
1776766436,162773048,robot_1,0.682,1.145
1776766436,162779670,robot_4,0.145,-1.472
1776766436,162785537,robot_0,1.624,-0.347
1776766436,162790783,robot_2,-1.136,0.842
1776766436,363797208,robot_3,-0.775,-0.748
1776766436,363822690,robot_1,0.682,1.145
1776766436,363836227,robot_4,0.145,-1.472
1776766436,363847732,robot_0,1.624,-0.347
1776766436,363858146,robot_2,-1.136,0.842
1776766436,564155459,robot_3,-0.775,-0.748
1776766436,564183253,robot_1,0.683,1.145
1776766436,564197843,robot_4,0.145,-1.472
1776766436,564212472,robot_0,1.624,-0.347
1776766436,564225653,robot_2,-1.136,0.842
1776766436,784234746,robot_3,-0.774,-0.748
1776766436,784253920,robot_1,0.683,1.144
1776766436,784262562,robot_4,0.144,-1.473
1776766436,784269827,robot_0,1.625,-0.348
1776766436,784277313,robot_2,-1.136,0.843
1776766437,3418592,robot_3,-0.734,-0.747
1776766437,3433285,robot_1,0.684,1.144
1776766437,3439475,robot_4,0.144,-1.473
1776766437,3445009,robot_0,1.625,-0.348
1776766437,3450688,robot_2,-1.137,0.843
1776766437,223472615,robot_3,-0.715,-0.746
1776766437,223489564,robot_1,0.684,1.144
1776766437,223497113,robot_4,0.144,-1.474
1776766437,223503371,robot_0,1.626,-0.347
1776766437,223509728,robot_2,-1.137,0.843
1776766437,423505721,robot_3,-0.715,-0.746
1776766437,423524665,robot_1,0.684,1.144
1776766437,423534405,robot_4,0.145,-1.474
1776766437,423547277,robot_0,1.626,-0.347
1776766437,423554953,robot_2,-1.137,0.844
1776766437,642797774,robot_3,-0.714,-0.747
1776766437,642816056,robot_1,0.685,1.144
1776766437,642822943,robot_4,0.145,-1.474
1776766437,642828346,robot_0,1.627,-0.347
1776766437,642833792,robot_2,-1.138,0.844
1776766437,862359032,robot_3,-0.714,-0.747
1776766437,862374420,robot_1,0.685,1.144
1776766437,862381593,robot_4,0.145,-1.475
1776766437,862387387,robot_0,1.627,-0.347
1776766437,862392456,robot_2,-1.138,0.844
1776766438,62991246,robot_3,-0.714,-0.747
1776766438,63013019,robot_1,0.686,1.145
1776766438,63024118,robot_4,0.145,-1.475
1776766438,63034047,robot_0,1.625,-0.345
1776766438,63043056,robot_2,-1.139,0.843
1776766438,284316626,robot_3,-0.714,-0.748
1776766438,284335212,robot_1,0.686,1.145
1776766438,284342755,robot_4,0.167,-1.453
1776766438,284348627,robot_0,1.597,-0.313
1776766438,284354619,robot_2,-1.137,0.817
1776766438,503445783,robot_3,-0.713,-0.748
1776766438,503467334,robot_1,0.686,1.145
1776766438,503476724,robot_4,0.199,-1.419
1776766438,503485218,robot_0,1.551,-0.262
1776766438,503492883,robot_2,-1.135,0.779
1776766438,704138515,robot_3,-0.713,-0.748
1776766438,704162278,robot_1,0.686,1.146
1776766438,704173164,robot_4,0.230,-1.386
1776766438,704182096,robot_0,1.508,-0.215
1776766438,704189787,robot_2,-1.134,0.744
1776766438,923167428,robot_3,-0.712,-0.748
1776766438,923182803,robot_1,0.686,1.146
1776766438,923189674,robot_4,0.260,-1.354
1776766438,923194860,robot_0,1.478,-0.182
1776766438,923200216,robot_2,-1.134,0.744
1776766439,124289950,robot_3,-0.712,-0.748
1776766439,124321885,robot_1,0.667,1.150
1776766439,124337091,robot_4,0.298,-1.315
1776766439,124349129,robot_0,1.473,-0.177
1776766439,124361706,robot_2,-1.134,0.744
1776766439,342901842,robot_3,-0.711,-0.748
1776766439,342916469,robot_1,0.596,1.165
1776766439,342923662,robot_4,0.347,-1.265
1776766439,342929950,robot_0,1.474,-0.177
1776766439,342934949,robot_2,-1.134,0.743
1776766439,562498874,robot_3,-0.711,-0.748
1776766439,562516804,robot_1,0.585,1.167
1776766439,562525036,robot_4,0.379,-1.234
1776766439,562531596,robot_0,1.474,-0.176
1776766439,562542236,robot_2,-1.135,0.743
1776766439,763949123,robot_3,-0.711,-0.747
1776766439,763970100,robot_1,0.585,1.167
1776766439,763980524,robot_4,0.422,-1.192
1776766439,763988954,robot_0,1.474,-0.176
1776766439,763996673,robot_2,-1.135,0.743
1776766439,963983622,robot_3,-0.710,-0.747
1776766439,964000357,robot_1,0.585,1.168
1776766439,964008450,robot_4,0.468,-1.149
1776766439,964015694,robot_0,1.474,-0.176
1776766439,964021926,robot_2,-1.135,0.742
1776766440,182896229,robot_3,-0.710,-0.747
1776766440,182914485,robot_1,0.585,1.168
1776766440,182921104,robot_4,0.501,-1.119
1776766440,182926355,robot_0,1.474,-0.175
1776766440,182931621,robot_2,-1.136,0.742
1776766440,383474083,robot_3,-0.710,-0.746
1776766440,383491364,robot_1,0.585,1.168
1776766440,383499176,robot_4,0.508,-1.113
1776766440,383505707,robot_0,1.474,-0.175
1776766440,383512180,robot_2,-1.136,0.742
1776766440,584506910,robot_3,-0.710,-0.746
1776766440,584528655,robot_1,0.585,1.169
1776766440,584546316,robot_4,0.508,-1.113
1776766440,584555656,robot_0,1.474,-0.174
1776766440,584562973,robot_2,-1.136,0.741
1776766440,802123177,robot_3,-0.710,-0.746
1776766440,802139129,robot_1,0.584,1.169
1776766440,802145649,robot_4,0.509,-1.114
1776766440,802151185,robot_0,1.473,-0.174
1776766440,802156367,robot_2,-1.136,0.741
1776766441,2160843,robot_3,-0.712,-0.745
1776766441,2175184,robot_1,0.584,1.169
1776766441,2182055,robot_4,0.509,-1.114
1776766441,2188028,robot_0,1.473,-0.174
1776766441,2193280,robot_2,-1.135,0.740
1776766441,203562323,robot_3,-0.754,-0.744
1776766441,203582669,robot_1,0.584,1.169
1776766441,203591140,robot_4,0.509,-1.114
1776766441,203599157,robot_0,1.473,-0.173
1776766441,203606510,robot_2,-1.135,0.740
1776766441,423249419,robot_3,-0.799,-0.742
1776766441,423274147,robot_1,0.583,1.169
1776766441,423286779,robot_4,0.510,-1.114
1776766441,423297886,robot_0,1.472,-0.173
1776766441,423308375,robot_2,-1.135,0.739
1776766441,623422359,robot_3,-0.835,-0.740
1776766441,623446276,robot_1,0.583,1.169
1776766441,623458689,robot_4,0.510,-1.114
1776766441,623468849,robot_0,1.472,-0.173
1776766441,623477867,robot_2,-1.135,0.739
1776766441,824224556,robot_3,-0.857,-0.739
1776766441,824239731,robot_1,0.582,1.169
1776766441,824247059,robot_4,0.511,-1.114
1776766441,824253396,robot_0,1.471,-0.173
1776766441,824259119,robot_2,-1.134,0.739
1776766442,42745919,robot_3,-0.863,-0.739
1776766442,42761154,robot_1,0.582,1.169
1776766442,42767852,robot_4,0.511,-1.113
1776766442,42773380,robot_0,1.471,-0.173
1776766442,42778797,robot_2,-1.134,0.739
1776766442,243261075,robot_3,-0.863,-0.738
1776766442,243280878,robot_1,0.581,1.169
1776766442,243290050,robot_4,0.511,-1.113
1776766442,243297784,robot_0,1.471,-0.173
1776766442,243304287,robot_2,-1.133,0.739
1776766442,443332323,robot_3,-0.863,-0.738
1776766442,443350617,robot_1,0.581,1.169
1776766442,443359736,robot_4,0.512,-1.113
1776766442,443367113,robot_0,1.470,-0.174
1776766442,443374238,robot_2,-1.133,0.739
1776766442,643549927,robot_3,-0.863,-0.738
1776766442,643576278,robot_1,0.581,1.168
1776766442,643583358,robot_4,0.512,-1.112
1776766442,643588786,robot_0,1.470,-0.174
1776766442,643594506,robot_2,-1.132,0.767
1776766442,844061895,robot_3,-0.863,-0.737
1776766442,844082544,robot_1,0.581,1.168
1776766442,844091059,robot_4,0.512,-1.112
1776766442,844097268,robot_0,1.470,-0.174
1776766442,844104044,robot_2,-1.130,0.789
1776766443,62319774,robot_3,-0.864,-0.737
1776766443,62335444,robot_1,0.581,1.168
1776766443,62342029,robot_4,0.512,-1.111
1776766443,62347423,robot_0,1.507,-0.222
1776766443,62352444,robot_2,-1.130,0.789
1776766443,262403875,robot_3,-0.864,-0.737
1776766443,262418507,robot_1,0.605,1.161
1776766443,262424579,robot_4,0.512,-1.111
1776766443,262430006,robot_0,1.532,-0.255
1776766443,262435346,robot_2,-1.130,0.789
1776766443,464143229,robot_3,-0.864,-0.737
1776766443,464160141,robot_1,0.638,1.151
1776766443,464168000,robot_4,0.512,-1.111
1776766443,464174902,robot_0,1.532,-0.255
1776766443,464181036,robot_2,-1.130,0.789
1776766443,682371564,robot_3,-0.865,-0.736
1776766443,682390614,robot_1,0.639,1.151
1776766443,682397562,robot_4,0.512,-1.110
1776766443,682403555,robot_0,1.532,-0.256
1776766443,682408598,robot_2,-1.129,0.789
1776766443,883893675,robot_3,-0.865,-0.736
1776766443,883907947,robot_1,0.639,1.150
1776766443,883914220,robot_4,0.511,-1.110
1776766443,883919472,robot_0,1.532,-0.256
1776766443,883924375,robot_2,-1.129,0.790
1776766444,84557880,robot_3,-0.866,-0.736
1776766444,84586777,robot_1,0.639,1.150
1776766444,84602004,robot_4,0.511,-1.110
1776766444,84613558,robot_0,1.532,-0.257
1776766444,84625802,robot_2,-1.129,0.790
1776766444,304026080,robot_3,-0.866,-0.737
1776766444,304046854,robot_1,0.639,1.150
1776766444,304056920,robot_4,0.511,-1.110
1776766444,304064767,robot_0,1.532,-0.257
1776766444,304072940,robot_2,-1.128,0.790
1776766444,523754398,robot_3,-0.866,-0.737
1776766444,523775865,robot_1,0.639,1.149
1776766444,523786596,robot_4,0.511,-1.110
1776766444,523795099,robot_0,1.532,-0.258
1776766444,523803896,robot_2,-1.128,0.791
1776766444,724152828,robot_3,-0.867,-0.737
1776766444,724173586,robot_1,0.639,1.149
1776766444,724183211,robot_4,0.511,-1.109
1776766444,724190952,robot_0,1.532,-0.258
1776766444,724198791,robot_2,-1.128,0.791
1776766444,943198322,robot_3,-0.867,-0.737
1776766444,943220019,robot_1,0.640,1.148
1776766444,943230897,robot_4,0.511,-1.109
1776766444,943240480,robot_0,1.532,-0.258
1776766444,943249446,robot_2,-1.128,0.792
1776766445,163142803,robot_3,-0.867,-0.738
1776766445,163168957,robot_1,0.640,1.148
1776766445,163180734,robot_4,0.510,-1.109
1776766445,163190120,robot_0,1.532,-0.259
1776766445,163198674,robot_2,-1.128,0.792
1776766445,384064264,robot_3,-0.867,-0.738
1776766445,384094613,robot_1,0.640,1.148
1776766445,384111944,robot_4,0.510,-1.109
1776766445,384124740,robot_0,1.533,-0.259
1776766445,384137053,robot_2,-1.128,0.792
1776766445,603232319,robot_3,-0.867,-0.739
1776766445,603253323,robot_1,0.641,1.148
1776766445,603263433,robot_4,0.509,-1.109
1776766445,603272878,robot_0,1.533,-0.259
1776766445,603281222,robot_2,-1.129,0.793
1776766445,823579153,robot_3,-0.843,-0.742
1776766445,823596807,robot_1,0.641,1.148
1776766445,823604939,robot_4,0.509,-1.109
1776766445,823611819,robot_0,1.533,-0.259
1776766445,823617910,robot_2,-1.129,0.793
1776766446,24060781,robot_3,-0.800,-0.747
1776766446,24077266,robot_1,0.642,1.148
1776766446,24084196,robot_4,0.508,-1.109
1776766446,24089489,robot_0,1.534,-0.259
1776766446,24094347,robot_2,-1.129,0.794
1776766446,243686962,robot_3,-0.745,-0.754
1776766446,243713392,robot_1,0.642,1.148
1776766446,243727727,robot_4,0.508,-1.110
1776766446,243739921,robot_0,1.534,-0.259
1776766446,243752177,robot_2,-1.130,0.794
1776766446,462423489,robot_3,-0.700,-0.760
1776766446,462439418,robot_1,0.642,1.149
1776766446,462446032,robot_4,0.508,-1.110
1776766446,462451826,robot_0,1.535,-0.259
1776766446,462456860,robot_2,-1.130,0.794
1776766446,663023308,robot_3,-0.654,-0.766
1776766446,663042386,robot_1,0.643,1.149
1776766446,663049321,robot_4,0.507,-1.110
1776766446,663054667,robot_0,1.535,-0.259
1776766446,663059905,robot_2,-1.130,0.793
1776766446,863230057,robot_3,-0.598,-0.773
1776766446,863253375,robot_1,0.643,1.149
1776766446,863265066,robot_4,0.507,-1.111
1776766446,863274286,robot_0,1.535,-0.259
1776766446,863279097,robot_2,-1.138,0.758
1776766447,63385918,robot_3,-0.584,-0.775
1776766447,63408937,robot_1,0.643,1.150
1776766447,63423726,robot_4,0.507,-1.111
1776766447,63435040,robot_0,1.536,-0.259
1776766447,63445171,robot_2,-1.149,0.704
1776766447,283469591,robot_3,-0.584,-0.776
1776766447,283498813,robot_1,0.636,1.153
1776766447,283513640,robot_4,0.507,-1.112
1776766447,283525285,robot_0,1.535,-0.259
1776766447,283541269,robot_2,-1.165,0.630
1776766447,502158398,robot_3,-0.584,-0.776
1776766447,502177507,robot_1,0.605,1.164
1776766447,502184352,robot_4,0.507,-1.112
1776766447,502189967,robot_0,1.536,-0.259
1776766447,502195172,robot_2,-1.168,0.617
1776766447,703008438,robot_3,-0.584,-0.776
1776766447,703034001,robot_1,0.602,1.165
1776766447,703046302,robot_4,0.508,-1.113
1776766447,703055701,robot_0,1.536,-0.259
1776766447,703064735,robot_2,-1.168,0.617
1776766447,924392841,robot_3,-0.583,-0.777
1776766447,924424472,robot_1,0.602,1.166
1776766447,924441816,robot_4,0.509,-1.112
1776766447,924456362,robot_0,1.536,-0.258
1776766447,924470088,robot_2,-1.169,0.617
1776766448,142666145,robot_3,-0.583,-0.777
1776766448,142683092,robot_1,0.602,1.166
1776766448,142689967,robot_4,0.541,-1.092
1776766448,142696020,robot_0,1.536,-0.258
1776766448,142701810,robot_2,-1.169,0.617
1776766448,342756229,robot_3,-0.583,-0.777
1776766448,342770832,robot_1,0.602,1.167
1776766448,342777662,robot_4,0.574,-1.071
1776766448,342784249,robot_0,1.536,-0.257
1776766448,342789350,robot_2,-1.170,0.617
1776766448,543245220,robot_3,-0.582,-0.778
1776766448,543260029,robot_1,0.602,1.167
1776766448,543266408,robot_4,0.611,-1.048
1776766448,543271826,robot_0,1.536,-0.257
1776766448,543276894,robot_2,-1.170,0.617
1776766448,762273649,robot_3,-0.582,-0.778
1776766448,762289577,robot_1,0.602,1.167
1776766448,762296127,robot_4,0.668,-1.012
1776766448,762301156,robot_0,1.536,-0.256
1776766448,762306056,robot_2,-1.170,0.616
1776766448,963428718,robot_3,-0.581,-0.778
1776766448,963450333,robot_1,0.601,1.168
1776766448,963458627,robot_4,0.706,-0.988
1776766448,963465366,robot_0,1.536,-0.256
1776766448,963472358,robot_2,-1.170,0.616
1776766449,183667126,robot_3,-0.581,-0.778
1776766449,183696409,robot_1,0.601,1.168
1776766449,183710035,robot_4,0.734,-0.970
1776766449,183721671,robot_0,1.536,-0.256
1776766449,183732777,robot_2,-1.170,0.615
1776766449,402185302,robot_3,-0.581,-0.777
1776766449,402199521,robot_1,0.601,1.168
1776766449,402205754,robot_4,0.734,-0.970
1776766449,402210911,robot_0,1.535,-0.255
1776766449,402215771,robot_2,-1.171,0.615
1776766449,622198136,robot_3,-0.580,-0.777
1776766449,622213260,robot_1,0.600,1.168
1776766449,622220202,robot_4,0.734,-0.970
1776766449,622225755,robot_0,1.535,-0.255
1776766449,622231127,robot_2,-1.170,0.614
1776766449,823262632,robot_3,-0.580,-0.777
1776766449,823278402,robot_1,0.600,1.168
1776766449,823285184,robot_4,0.735,-0.971
1776766449,823290746,robot_0,1.535,-0.255
1776766449,823295928,robot_2,-1.170,0.614
1776766450,24325110,robot_3,-0.580,-0.777
1776766450,24350873,robot_1,0.599,1.168
1776766450,24361291,robot_4,0.735,-0.971
1776766450,24369086,robot_0,1.534,-0.255
1776766450,24376107,robot_2,-1.170,0.614
1776766450,243325018,robot_3,-0.579,-0.776
1776766450,243341948,robot_1,0.599,1.168
1776766450,243349152,robot_4,0.736,-0.971
1776766450,243355442,robot_0,1.534,-0.255
1776766450,243361579,robot_2,-1.170,0.613
1776766450,463569855,robot_3,-0.579,-0.776
1776766450,463589724,robot_1,0.598,1.168
1776766450,463597243,robot_4,0.736,-0.971
1776766450,463604291,robot_0,1.533,-0.255
1776766450,463611242,robot_2,-1.169,0.613
1776766450,684832106,robot_3,-0.579,-0.776
1776766450,684866155,robot_1,0.598,1.168
1776766450,684885376,robot_4,0.737,-0.971
1776766450,684891881,robot_0,1.533,-0.255
1776766450,684898199,robot_2,-1.169,0.613
1776766450,903074386,robot_3,-0.579,-0.776
1776766450,903090987,robot_1,0.598,1.167
1776766450,903098126,robot_4,0.737,-0.971
1776766450,903104633,robot_0,1.533,-0.255
1776766450,903110092,robot_2,-1.169,0.613
1776766451,103337514,robot_3,-0.579,-0.776
1776766451,103356600,robot_1,0.598,1.167
1776766451,103365937,robot_4,0.737,-0.970
1776766451,103373992,robot_0,1.546,-0.281
1776766451,103380775,robot_2,-1.167,0.618
1776766451,324013357,robot_3,-0.579,-0.775
1776766451,324036225,robot_1,0.597,1.167
1776766451,324047417,robot_4,0.738,-0.970
1776766451,324056437,robot_0,1.565,-0.316
1776766451,324064958,robot_2,-1.155,0.660
1776766451,524024125,robot_3,-0.579,-0.775
1776766451,524047379,robot_1,0.613,1.159
1776766451,524056500,robot_4,0.738,-0.970
1776766451,524063969,robot_0,1.580,-0.343
1776766451,524071381,robot_2,-1.151,0.670
1776766451,743894595,robot_3,-0.579,-0.774
1776766451,743917607,robot_1,0.650,1.142
1776766451,743929347,robot_4,0.738,-0.969
1776766451,743939420,robot_0,1.600,-0.382
1776766451,743948534,robot_2,-1.151,0.670
1776766451,962293920,robot_3,-0.580,-0.774
1776766451,962308945,robot_1,0.671,1.132
1776766451,962315402,robot_4,0.738,-0.969
1776766451,962320396,robot_0,1.611,-0.402
1776766451,962325400,robot_2,-1.151,0.670
1776766452,163416052,robot_3,-0.580,-0.774
1776766452,163435147,robot_1,0.703,1.118
1776766452,163442344,robot_4,0.738,-0.968
1776766452,163447754,robot_0,1.611,-0.402
1776766452,163452842,robot_2,-1.150,0.670
1776766452,363917192,robot_3,-0.580,-0.773
1776766452,363936446,robot_1,0.743,1.101
1776766452,363945598,robot_4,0.738,-0.968
1776766452,363953151,robot_0,1.611,-0.403
1776766452,363960421,robot_2,-1.150,0.671
1776766452,584027713,robot_3,-0.581,-0.773
1776766452,584043809,robot_1,0.796,1.079
1776766452,584050602,robot_4,0.738,-0.968
1776766452,584055844,robot_0,1.611,-0.403
1776766452,584060962,robot_2,-1.149,0.671
1776766452,803126238,robot_3,-0.581,-0.773
1776766452,803145758,robot_1,0.838,1.061
1776766452,803154858,robot_4,0.738,-0.967
1776766452,803162038,robot_0,1.610,-0.403
1776766452,803169110,robot_2,-1.149,0.671
1776766453,3409351,robot_3,-0.582,-0.773
1776766453,3425772,robot_1,0.870,1.047
1776766453,3434056,robot_4,0.692,-0.991
1776766453,3440994,robot_0,1.610,-0.404
1776766453,3446977,robot_2,-1.149,0.671
1776766453,223872869,robot_3,-0.582,-0.773
1776766453,223892821,robot_1,0.899,1.035
1776766453,223902289,robot_4,0.638,-1.018
1776766453,223909945,robot_0,1.610,-0.404
1776766453,223918189,robot_2,-1.149,0.672
1776766453,424269934,robot_3,-0.582,-0.773
1776766453,424293567,robot_1,0.900,1.034
1776766453,424305730,robot_4,0.637,-1.018
1776766453,424316381,robot_0,1.610,-0.405
1776766453,424326139,robot_2,-1.149,0.672
1776766453,644677001,robot_3,-0.583,-0.773
1776766453,644709794,robot_1,0.900,1.034
1776766453,644724477,robot_4,0.637,-1.018
1776766453,644736672,robot_0,1.611,-0.405
1776766453,644747686,robot_2,-1.149,0.673
1776766453,863276723,robot_3,-0.583,-0.774
1776766453,863304804,robot_1,0.900,1.033
1776766453,863319942,robot_4,0.636,-1.018
1776766453,863333023,robot_0,1.611,-0.406
1776766453,863345041,robot_2,-1.149,0.673
1776766454,63805065,robot_3,-0.583,-0.774
1776766454,63827046,robot_1,0.900,1.033
1776766454,63837645,robot_4,0.636,-1.017
1776766454,63847300,robot_0,1.611,-0.406
1776766454,63855928,robot_2,-1.149,0.674
1776766454,284150879,robot_3,-0.584,-0.774
1776766454,284166911,robot_1,0.901,1.033
1776766454,284174299,robot_4,0.636,-1.017
1776766454,284181234,robot_0,1.611,-0.406
1776766454,284186675,robot_2,-1.149,0.674
1776766454,502511574,robot_3,-0.584,-0.775
1776766454,502526319,robot_1,0.901,1.032
1776766454,502532983,robot_4,0.635,-1.017
1776766454,502542814,robot_0,1.612,-0.406
1776766454,502549058,robot_2,-1.149,0.674
1776766454,723913028,robot_3,-0.560,-0.782
1776766454,723949011,robot_1,0.901,1.032
1776766454,723958145,robot_4,0.635,-1.017
1776766454,723965795,robot_0,1.612,-0.407
1776766454,723973308,robot_2,-1.150,0.675
1776766454,942169877,robot_3,-0.526,-0.792
1776766454,942184355,robot_1,0.901,1.031
1776766454,942190938,robot_4,0.634,-1.017
1776766454,942196332,robot_0,1.613,-0.407
1776766454,942206278,robot_2,-1.150,0.675
1776766455,143139880,robot_3,-0.526,-0.792
1776766455,143162715,robot_1,0.902,1.031
1776766455,143169855,robot_4,0.634,-1.018
1776766455,143175699,robot_0,1.613,-0.407
1776766455,143181248,robot_2,-1.150,0.675
1776766455,362614740,robot_3,-0.526,-0.793
1776766455,362632929,robot_1,0.902,1.031
1776766455,362639993,robot_4,0.633,-1.018
1776766455,362644937,robot_0,1.614,-0.406
1776766455,362650383,robot_2,-1.155,0.663
1776766455,582604735,robot_3,-0.526,-0.793
1776766455,582620214,robot_1,0.903,1.031
1776766455,582627733,robot_4,0.633,-1.018
1776766455,582633451,robot_0,1.614,-0.406
1776766455,582639291,robot_2,-1.166,0.632
1776766455,784296211,robot_3,-0.526,-0.794
1776766455,784321639,robot_1,0.903,1.031
1776766455,784333571,robot_4,0.633,-1.019
1776766455,784342944,robot_0,1.603,-0.380
1776766455,784351584,robot_2,-1.179,0.594
1776766456,2308786,robot_3,-0.526,-0.794
1776766456,2322925,robot_1,0.904,1.031
1776766456,2329388,robot_4,0.633,-1.019
1776766456,2334395,robot_0,1.584,-0.331
1776766456,2340004,robot_2,-1.189,0.561
1776766456,203133889,robot_3,-0.526,-0.794
1776766456,203154781,robot_1,0.904,1.032
1776766456,203165042,robot_4,0.633,-1.019
1776766456,203173350,robot_0,1.571,-0.293
1776766456,203181261,robot_2,-1.199,0.531
1776766456,403377805,robot_3,-0.525,-0.795
1776766456,403397608,robot_1,0.904,1.032
1776766456,403406875,robot_4,0.633,-1.020
1776766456,403414624,robot_0,1.568,-0.282
1776766456,403422019,robot_2,-1.210,0.492
1776766456,623814890,robot_3,-0.525,-0.795
1776766456,623837558,robot_1,0.905,1.032
1776766456,623846609,robot_4,0.633,-1.020
1776766456,623854199,robot_0,1.568,-0.282
1776766456,623860786,robot_2,-1.214,0.478
1776766456,824644162,robot_3,-0.524,-0.795
1776766456,824673680,robot_1,0.905,1.032
1776766456,824688778,robot_4,0.634,-1.020
1776766456,824701814,robot_0,1.568,-0.282
1776766456,824713051,robot_2,-1.214,0.478
1776766457,42442068,robot_3,-0.524,-0.795
1776766457,42458019,robot_1,0.903,1.034
1776766457,42465006,robot_4,0.673,-1.007
1776766457,42470670,robot_0,1.569,-0.282
1776766457,42476325,robot_2,-1.215,0.478
1776766457,244321462,robot_3,-0.524,-0.795
1776766457,244350545,robot_1,0.869,1.052
1776766457,244366071,robot_4,0.690,-1.001
1776766457,244379010,robot_0,1.569,-0.281
1776766457,244391703,robot_2,-1.215,0.477
1776766457,463000489,robot_3,-0.523,-0.795
1776766457,463016523,robot_1,0.810,1.083
1776766457,463024378,robot_4,0.690,-1.001
1776766457,463030379,robot_0,1.569,-0.281
1776766457,463036206,robot_2,-1.216,0.477
1776766457,665540571,robot_3,-0.523,-0.795
1776766457,665569809,robot_1,0.747,1.116
1776766457,665581025,robot_4,0.690,-1.002
1776766457,665590607,robot_0,1.569,-0.281
1776766457,665599513,robot_2,-1.216,0.477
1776766457,883374041,robot_3,-0.522,-0.794
1776766457,883403247,robot_1,0.737,1.121
1776766457,883417311,robot_4,0.690,-1.002
1776766457,883430695,robot_0,1.569,-0.280
1776766457,883442623,robot_2,-1.216,0.477
1776766458,83524723,robot_3,-0.522,-0.794
1776766458,83552153,robot_1,0.737,1.121
1776766458,83565507,robot_4,0.691,-1.002
1776766458,83576486,robot_0,1.569,-0.280
1776766458,83586193,robot_2,-1.217,0.476
1776766458,284327142,robot_3,-0.522,-0.794
1776766458,284343820,robot_1,0.737,1.122
1776766458,284350558,robot_4,0.691,-1.002
1776766458,284355639,robot_0,1.569,-0.279
1776766458,284360653,robot_2,-1.217,0.476
1776766458,503022709,robot_3,-0.522,-0.793
1776766458,503041246,robot_1,0.737,1.122
1776766458,503048798,robot_4,0.692,-1.002
1776766458,503056079,robot_0,1.569,-0.279
1776766458,503062001,robot_2,-1.217,0.476
1776766458,703323388,robot_3,-0.524,-0.792
1776766458,703342190,robot_1,0.737,1.123
1776766458,703351280,robot_4,0.692,-1.002
1776766458,703357449,robot_0,1.568,-0.279
1776766458,703363941,robot_2,-1.217,0.475
1776766458,923566448,robot_3,-0.585,-0.768
1776766458,923586969,robot_1,0.737,1.123
1776766458,923597535,robot_4,0.693,-1.002
1776766458,923606003,robot_0,1.568,-0.278
1776766458,923614496,robot_2,-1.217,0.475
1776766459,124291521,robot_3,-0.632,-0.750
1776766459,124315794,robot_1,0.737,1.123
1776766459,124327608,robot_4,0.693,-1.002
1776766459,124338086,robot_0,1.568,-0.278
1776766459,124348817,robot_2,-1.217,0.474
1776766459,342519811,robot_3,-0.679,-0.732
1776766459,342541150,robot_1,0.736,1.124
1776766459,342550492,robot_4,0.693,-1.002
1776766459,342557992,robot_0,1.567,-0.278
1776766459,342564136,robot_2,-1.216,0.474
1776766459,544126861,robot_3,-0.733,-0.710
1776766459,544148379,robot_1,0.736,1.124
1776766459,544159050,robot_4,0.694,-1.002
1776766459,544167899,robot_0,1.567,-0.278
1776766459,544175422,robot_2,-1.216,0.474
1776766459,762183716,robot_3,-0.754,-0.702
1776766459,762197872,robot_1,0.736,1.124
1776766459,762204368,robot_4,0.694,-1.001
1776766459,762210212,robot_0,1.566,-0.278
1776766459,762215295,robot_2,-1.216,0.473
1776766459,963177674,robot_3,-0.754,-0.702
1776766459,963194779,robot_1,0.735,1.124
1776766459,963203133,robot_4,0.694,-1.001
1776766459,963210488,robot_0,1.566,-0.278
1776766459,963217291,robot_2,-1.215,0.473
1776766460,163776506,robot_3,-0.754,-0.702
1776766460,163806874,robot_1,0.735,1.124
1776766460,163821073,robot_4,0.694,-1.001
1776766460,163832969,robot_0,1.570,-0.295
1776766460,163843600,robot_2,-1.215,0.473
1776766460,383122400,robot_3,-0.754,-0.701
1776766460,383149596,robot_1,0.734,1.124
1776766460,383162178,robot_4,0.694,-1.000
1776766460,383172454,robot_0,1.577,-0.322
1776766460,383183364,robot_2,-1.208,0.491
1776766460,583857706,robot_3,-0.754,-0.701
1776766460,583881502,robot_1,0.734,1.124
1776766460,583893151,robot_4,0.694,-1.000
1776766460,583905470,robot_0,1.577,-0.322
1776766460,583916960,robot_2,-1.196,0.524
1776766460,784491897,robot_3,-0.754,-0.700
1776766460,784514472,robot_1,0.734,1.124
1776766460,784525943,robot_4,0.694,-0.999
1776766460,784535317,robot_0,1.577,-0.322
1776766460,784549745,robot_2,-1.182,0.561
1776766461,3346966,robot_3,-0.755,-0.700
1776766461,3368554,robot_1,0.733,1.123
1776766461,3380162,robot_4,0.679,-1.003
1776766461,3389597,robot_0,1.577,-0.322
1776766461,3397757,robot_2,-1.161,0.614
1776766461,223898791,robot_3,-0.755,-0.700
1776766461,223918888,robot_1,0.733,1.123
1776766461,223928228,robot_4,0.619,-1.020
1776766461,223936387,robot_0,1.576,-0.323
1776766461,223943413,robot_2,-1.141,0.668
1776766461,443395047,robot_3,-0.755,-0.699
1776766461,443409927,robot_1,0.735,1.122
1776766461,443417283,robot_4,0.577,-1.033
1776766461,443423591,robot_0,1.576,-0.323
1776766461,443429569,robot_2,-1.126,0.710
1776766461,665196452,robot_3,-0.756,-0.699
1776766461,665217242,robot_1,0.771,1.099
1776766461,665224323,robot_4,0.561,-1.038
1776766461,665230031,robot_0,1.576,-0.323
1776766461,665235822,robot_2,-1.124,0.716
1776766461,882119906,robot_3,-0.756,-0.699
1776766461,882134540,robot_1,0.784,1.091
1776766461,882141051,robot_4,0.560,-1.038
1776766461,882146510,robot_0,1.576,-0.324
1776766461,882151666,robot_2,-1.124,0.716
1776766462,82645918,robot_3,-0.757,-0.699
1776766462,82661206,robot_1,0.784,1.091
1776766462,82667739,robot_4,0.560,-1.038
1776766462,82673240,robot_0,1.576,-0.324
1776766462,82678584,robot_2,-1.123,0.716
1776766462,283474692,robot_3,-0.757,-0.699
1776766462,283494943,robot_1,0.784,1.090
1776766462,283506176,robot_4,0.560,-1.038
1776766462,283514185,robot_0,1.576,-0.325
1776766462,283523044,robot_2,-1.123,0.716
1776766462,503691278,robot_3,-0.758,-0.700
1776766462,503711282,robot_1,0.783,1.090
1776766462,503718720,robot_4,0.560,-1.037
1776766462,503725232,robot_0,1.576,-0.325
1776766462,503730786,robot_2,-1.122,0.717
1776766462,722129207,robot_3,-0.758,-0.700
1776766462,722144668,robot_1,0.784,1.089
1776766462,722151468,robot_4,0.559,-1.037
1776766462,722157029,robot_0,1.577,-0.326
1776766462,722162166,robot_2,-1.122,0.717
1776766462,923253013,robot_3,-0.758,-0.700
1776766462,923272412,robot_1,0.784,1.089
1776766462,923282835,robot_4,0.559,-1.037
1776766462,923291422,robot_0,1.577,-0.326
1776766462,923299800,robot_2,-1.122,0.717
1776766463,124169850,robot_3,-0.759,-0.701
1776766463,124197985,robot_1,0.784,1.088
1776766463,124214117,robot_4,0.558,-1.037
1776766463,124226479,robot_0,1.577,-0.326
1776766463,124238487,robot_2,-1.121,0.717
1776766463,343709495,robot_3,-0.759,-0.701
1776766463,343723184,robot_1,0.784,1.088
1776766463,343729453,robot_4,0.558,-1.037
1776766463,343735090,robot_0,1.578,-0.326
1776766463,343740431,robot_2,-1.121,0.718
1776766463,563908483,robot_3,-0.729,-0.715
1776766463,563924401,robot_1,0.784,1.088
1776766463,563931432,robot_4,0.557,-1.037
1776766463,563937184,robot_0,1.578,-0.326
1776766463,563942569,robot_2,-1.121,0.718
1776766463,784251330,robot_3,-0.679,-0.739
1776766463,784272511,robot_1,0.785,1.088
1776766463,784282597,robot_4,0.557,-1.037
1776766463,784290806,robot_0,1.579,-0.326
1776766463,784298203,robot_2,-1.121,0.719
1776766464,3155707,robot_3,-0.619,-0.767
1776766464,3176564,robot_1,0.785,1.087
1776766464,3186839,robot_4,0.557,-1.038
1776766464,3195325,robot_0,1.579,-0.326
1776766464,3204157,robot_2,-1.121,0.719
1776766464,223487262,robot_3,-0.611,-0.770
1776766464,223502958,robot_1,0.786,1.087
1776766464,223509966,robot_4,0.556,-1.038
1776766464,223515705,robot_0,1.579,-0.326
1776766464,223521263,robot_2,-1.121,0.720
1776766464,442562749,robot_3,-0.611,-0.771
1776766464,442577211,robot_1,0.786,1.087
1776766464,442584050,robot_4,0.556,-1.039
1776766464,442589810,robot_0,1.579,-0.326
1776766464,442595268,robot_2,-1.121,0.720
1776766464,644502328,robot_3,-0.611,-0.771
1776766464,644531769,robot_1,0.787,1.087
1776766464,644549671,robot_4,0.556,-1.039
1776766464,644561390,robot_0,1.579,-0.326
1776766464,644572144,robot_2,-1.122,0.720
1776766464,862839903,robot_3,-0.611,-0.772
1776766464,862861710,robot_1,0.787,1.088
1776766464,862873588,robot_4,0.556,-1.039
1776766464,862882938,robot_0,1.580,-0.326
1776766464,862893089,robot_2,-1.122,0.721
1776766465,83806464,robot_3,-0.611,-0.772
1776766465,83826932,robot_1,0.787,1.088
1776766465,83837132,robot_4,0.556,-1.040
1776766465,83844387,robot_0,1.580,-0.325
1776766465,83852591,robot_2,-1.122,0.721
1776766465,302459698,robot_3,-0.611,-0.772
1776766465,302480583,robot_1,0.788,1.088
1776766465,302488949,robot_4,0.556,-1.040
1776766465,302494624,robot_0,1.580,-0.325
1776766465,302500216,robot_2,-1.125,0.716
1776766465,502843557,robot_3,-0.610,-0.773
1776766465,502861957,robot_1,0.788,1.088
1776766465,502870915,robot_4,0.556,-1.040
1776766465,502878727,robot_0,1.581,-0.325
1776766465,502886370,robot_2,-1.142,0.679
1776766465,724054387,robot_3,-0.610,-0.773
1776766465,724080023,robot_1,0.787,1.089
1776766465,724092449,robot_4,0.612,-1.027
1776766465,724102288,robot_0,1.581,-0.324
1776766465,724111676,robot_2,-1.160,0.639
1776766465,944224550,robot_3,-0.610,-0.773
1776766465,944241987,robot_1,0.765,1.105
1776766465,944250711,robot_4,0.667,-1.015
1776766465,944257339,robot_0,1.581,-0.324
1776766465,944264905,robot_2,-1.182,0.592
1776766466,163010279,robot_3,-0.609,-0.773
1776766466,163031434,robot_1,0.757,1.111
1776766466,163039443,robot_4,0.715,-1.004
1776766466,163045462,robot_0,1.581,-0.323
1776766466,163050684,robot_2,-1.207,0.536
1776766466,382233042,robot_3,-0.609,-0.773
1776766466,382248233,robot_1,0.757,1.112
1776766466,382254693,robot_4,0.773,-0.990
1776766466,382260395,robot_0,1.581,-0.323
1776766466,382265516,robot_2,-1.211,0.527
1776766466,602481772,robot_3,-0.608,-0.773
1776766466,602496660,robot_1,0.757,1.112
1776766466,602502960,robot_4,0.790,-0.987
1776766466,602508716,robot_0,1.580,-0.322
1776766466,602514180,robot_2,-1.212,0.527
1776766466,803324168,robot_3,-0.608,-0.773
1776766466,803346770,robot_1,0.757,1.113
1776766466,803357746,robot_4,0.790,-0.987
1776766466,803366920,robot_0,1.580,-0.322
1776766466,803375440,robot_2,-1.212,0.527
1776766467,24051887,robot_3,-0.607,-0.773
1776766467,24080913,robot_1,0.757,1.113
1776766467,24096366,robot_4,0.790,-0.987
1776766467,24109034,robot_0,1.580,-0.322
1776766467,24120682,robot_2,-1.212,0.527
1776766467,243583272,robot_3,-0.607,-0.772
1776766467,243604163,robot_1,0.757,1.113
1776766467,243611989,robot_4,0.790,-0.988
1776766467,243618784,robot_0,1.579,-0.322
1776766467,243624622,robot_2,-1.213,0.527
1776766467,462452964,robot_3,-0.607,-0.772
1776766467,462466391,robot_1,0.757,1.114
1776766467,462473322,robot_4,0.791,-0.988
1776766467,462478518,robot_0,1.579,-0.322
1776766467,462484072,robot_2,-1.213,0.527
1776766467,663561362,robot_3,-0.607,-0.772
1776766467,663580430,robot_1,0.757,1.114
1776766467,663587326,robot_4,0.791,-0.988
1776766467,663592874,robot_0,1.578,-0.321
1776766467,663597953,robot_2,-1.214,0.527
1776766467,883816855,robot_3,-0.639,-0.754
1776766467,883832630,robot_1,0.756,1.115
1776766467,883839967,robot_4,0.792,-0.988
1776766467,883845872,robot_0,1.578,-0.321
1776766467,883851949,robot_2,-1.214,0.526
1776766468,102121439,robot_3,-0.687,-0.727
1776766468,102135350,robot_1,0.756,1.115
1776766468,102142156,robot_4,0.792,-0.988
1776766468,102147540,robot_0,1.578,-0.321
1776766468,102152686,robot_2,-1.214,0.526
1776766468,303433427,robot_3,-0.733,-0.700
1776766468,303451080,robot_1,0.756,1.115
1776766468,303459579,robot_4,0.793,-0.988
1776766468,303466403,robot_0,1.578,-0.321
1776766468,303473239,robot_2,-1.214,0.526
1776766468,523215661,robot_3,-0.738,-0.697
1776766468,523234466,robot_1,0.755,1.115
1776766468,523240999,robot_4,0.793,-0.988
1776766468,523247597,robot_0,1.578,-0.322
1776766468,523252859,robot_2,-1.214,0.525
1776766468,742481368,robot_3,-0.738,-0.696
1776766468,742495726,robot_1,0.755,1.115
1776766468,742502429,robot_4,0.793,-0.988
1776766468,742507488,robot_0,1.577,-0.322
1776766468,742512716,robot_2,-1.214,0.525
1776766468,943455283,robot_3,-0.738,-0.696
1776766468,943472255,robot_1,0.754,1.115
1776766468,943480062,robot_4,0.794,-0.988
1776766468,943487441,robot_0,1.577,-0.322
1776766468,943494388,robot_2,-1.214,0.524
1776766469,144574818,robot_3,-0.738,-0.696
1776766469,144596792,robot_1,0.754,1.115
1776766469,144608842,robot_4,0.794,-0.987
1776766469,144616343,robot_0,1.577,-0.322
1776766469,144622558,robot_2,-1.214,0.524
1776766469,362038092,robot_3,-0.738,-0.695
1776766469,362052766,robot_1,0.753,1.114
1776766469,362059619,robot_4,0.794,-0.987
1776766469,362065116,robot_0,1.576,-0.322
1776766469,362069965,robot_2,-1.214,0.523
1776766469,562550759,robot_3,-0.738,-0.695
1776766469,562567283,robot_1,0.753,1.114
1776766469,562573894,robot_4,0.794,-0.986
1776766469,562579586,robot_0,1.576,-0.323
1776766469,562584784,robot_2,-1.213,0.523
1776766469,763227089,robot_3,-0.738,-0.694
1776766469,763245308,robot_1,0.753,1.114
1776766469,763253371,robot_4,0.794,-0.986
1776766469,763259899,robot_0,1.576,-0.323
1776766469,763266113,robot_2,-1.213,0.523
1776766469,984634657,robot_3,-0.738,-0.694
1776766469,984659654,robot_1,0.775,1.095
1776766469,984670764,robot_4,0.794,-0.985
1776766469,984679814,robot_0,1.576,-0.324
1776766469,984688817,robot_2,-1.203,0.541
1776766470,205545388,robot_3,-0.738,-0.694
1776766470,205575893,robot_1,0.799,1.075
1776766470,205590604,robot_4,0.794,-0.985
1776766470,205603177,robot_0,1.576,-0.324
1776766470,205614345,robot_2,-1.179,0.584
1776766470,423572226,robot_3,-0.739,-0.693
1776766470,423590008,robot_1,0.799,1.075
1776766470,423599047,robot_4,0.793,-0.985
1776766470,423605756,robot_0,1.576,-0.325
1776766470,423612939,robot_2,-1.147,0.643
1776766470,643704390,robot_3,-0.739,-0.693
1776766470,643734595,robot_1,0.799,1.075
1776766470,643749401,robot_4,0.752,-0.991
1776766470,643762260,robot_0,1.576,-0.325
1776766470,643773752,robot_2,-1.136,0.665
1776766470,844189624,robot_3,-0.740,-0.693
1776766470,844210943,robot_1,0.799,1.074
1776766470,844221223,robot_4,0.708,-0.998
1776766470,844229732,robot_0,1.577,-0.325
1776766470,844237829,robot_2,-1.135,0.665
1776766471,62352079,robot_3,-0.740,-0.693
1776766471,62366998,robot_1,0.799,1.074
1776766471,62373992,robot_4,0.659,-1.004
1776766471,62379230,robot_0,1.577,-0.326
1776766471,62384372,robot_2,-1.135,0.665
1776766471,265492759,robot_3,-0.741,-0.693
1776766471,265510670,robot_1,0.799,1.074
1776766471,265519016,robot_4,0.620,-1.008
1776766471,265525601,robot_0,1.577,-0.326
1776766471,265533046,robot_2,-1.135,0.665
1776766471,484497390,robot_3,-0.741,-0.693
1776766471,484517908,robot_1,0.799,1.073
1776766471,484527023,robot_4,0.564,-1.014
1776766471,484534731,robot_0,1.578,-0.326
1776766471,484549940,robot_2,-1.134,0.665
1776766471,703957457,robot_3,-0.741,-0.694
1776766471,703972610,robot_1,0.799,1.073
1776766471,703979439,robot_4,0.513,-1.020
1776766471,703984750,robot_0,1.578,-0.326
1776766471,703989831,robot_2,-1.134,0.665
1776766471,923068148,robot_3,-0.742,-0.694
1776766471,923082116,robot_1,0.799,1.072
1776766471,923088566,robot_4,0.471,-1.027
1776766471,923094041,robot_0,1.579,-0.326
1776766471,923099218,robot_2,-1.133,0.665
1776766472,124616098,robot_3,-0.742,-0.694
1776766472,124639613,robot_1,0.800,1.072
1776766472,124650537,robot_4,0.468,-1.027
1776766472,124659190,robot_0,1.579,-0.326
1776766472,124667735,robot_2,-1.133,0.666
1776766472,343622313,robot_3,-0.719,-0.712
1776766472,343637882,robot_1,0.800,1.072
1776766472,343645445,robot_4,0.468,-1.027
1776766472,343651543,robot_0,1.579,-0.326
1776766472,343657514,robot_2,-1.133,0.666
1776766472,562366554,robot_3,-0.689,-0.735
1776766472,562381947,robot_1,0.801,1.072
1776766472,562388982,robot_4,0.468,-1.026
1776766472,562394134,robot_0,1.579,-0.326
1776766472,562399421,robot_2,-1.133,0.667
1776766472,762679189,robot_3,-0.669,-0.751
1776766472,762698011,robot_1,0.801,1.072
1776766472,762707036,robot_4,0.468,-1.026
1776766472,762713967,robot_0,1.579,-0.326
1776766472,762720960,robot_2,-1.133,0.667
1776766472,963371310,robot_3,-0.667,-0.753
1776766472,963393319,robot_1,0.802,1.072
1776766472,963404591,robot_4,0.467,-1.026
1776766472,963413626,robot_0,1.580,-0.326
1776766472,963422113,robot_2,-1.133,0.667
1776766473,183680335,robot_3,-0.667,-0.753
1776766473,183702035,robot_1,0.802,1.072
1776766473,183710226,robot_4,0.467,-1.025
1776766473,183717638,robot_0,1.580,-0.326
1776766473,183724710,robot_2,-1.133,0.668
1776766473,383814960,robot_3,-0.667,-0.753
1776766473,383835263,robot_1,0.802,1.072
1776766473,383845582,robot_4,0.467,-1.025
1776766473,383853609,robot_0,1.580,-0.325
1776766473,383861121,robot_2,-1.133,0.668
1776766473,584130265,robot_3,-0.667,-0.754
1776766473,584159262,robot_1,0.803,1.072
1776766473,584178755,robot_4,0.466,-1.025
1776766473,584191018,robot_0,1.580,-0.325
1776766473,584201941,robot_2,-1.133,0.669
1776766473,803386579,robot_3,-0.667,-0.754
1776766473,803402275,robot_1,0.803,1.073
1776766473,803409200,robot_4,0.466,-1.025
1776766473,803415036,robot_0,1.581,-0.325
1776766473,803420212,robot_2,-1.134,0.669
1776766474,3937333,robot_3,-0.667,-0.755
1776766474,3958195,robot_1,0.782,1.094
1776766474,3969005,robot_4,0.465,-1.025
1776766474,3978526,robot_0,1.581,-0.324
1776766474,3987722,robot_2,-1.134,0.669
1776766474,204329108,robot_3,-0.667,-0.755
1776766474,204347181,robot_1,0.755,1.120
1776766474,204354517,robot_4,0.465,-1.025
1776766474,204360926,robot_0,1.581,-0.324
1776766474,204366926,robot_2,-1.137,0.665
1776766474,422305311,robot_3,-0.667,-0.755
1776766474,422318731,robot_1,0.724,1.150
1776766474,422325630,robot_4,0.465,-1.026
1776766474,422331030,robot_0,1.581,-0.323
1776766474,422336315,robot_2,-1.160,0.628
1776766474,622752393,robot_3,-0.667,-0.756
1776766474,622767608,robot_1,0.721,1.153
1776766474,622774579,robot_4,0.464,-1.026
1776766474,622779700,robot_0,1.580,-0.323
1776766474,622784830,robot_2,-1.166,0.619
1776766474,843045443,robot_3,-0.666,-0.756
1776766474,843061502,robot_1,0.721,1.153
1776766474,843068699,robot_4,0.464,-1.026
1776766474,843074186,robot_0,1.580,-0.322
1776766474,843080325,robot_2,-1.167,0.619
1776766475,62133916,robot_3,-0.666,-0.756
1776766475,62148301,robot_1,0.722,1.154
1776766475,62155605,robot_4,0.464,-1.027
1776766475,62161061,robot_0,1.580,-0.322
1776766475,62167553,robot_2,-1.167,0.619
1776766475,262924976,robot_3,-0.665,-0.756
1776766475,262943747,robot_1,0.722,1.154
1776766475,262951056,robot_4,0.464,-1.027
1776766475,262957069,robot_0,1.580,-0.322
1776766475,262963313,robot_2,-1.168,0.619
1776766475,464368611,robot_3,-0.665,-0.756
1776766475,464395784,robot_1,0.722,1.155
1776766475,464408826,robot_4,0.464,-1.028
1776766475,464419141,robot_0,1.579,-0.322
1776766475,464429673,robot_2,-1.168,0.619
1776766475,685416932,robot_3,-0.665,-0.756
1776766475,685435890,robot_1,0.722,1.155
1776766475,685443029,robot_4,0.475,-1.027
1776766475,685448557,robot_0,1.579,-0.321
1776766475,685453471,robot_2,-1.168,0.619
1776766475,904137252,robot_3,-0.664,-0.756
1776766475,904172201,robot_1,0.721,1.155
1776766475,904189289,robot_4,0.552,-1.022
1776766475,904204766,robot_0,1.578,-0.321
1776766475,904218384,robot_2,-1.169,0.618
1776766476,123980731,robot_3,-0.664,-0.756
1776766476,123997697,robot_1,0.721,1.156
1776766476,124005456,robot_4,0.574,-1.021
1776766476,124011839,robot_0,1.576,-0.354
1776766476,124017826,robot_2,-1.169,0.618
1776766476,324192327,robot_3,-0.663,-0.756
1776766476,324209360,robot_1,0.721,1.156
1776766476,324217053,robot_4,0.574,-1.021
1776766476,324223315,robot_0,1.574,-0.382
1776766476,324228820,robot_2,-1.170,0.618
1776766476,542744728,robot_3,-0.663,-0.755
1776766476,542764693,robot_1,0.721,1.156
1776766476,542774748,robot_4,0.575,-1.022
1776766476,542783191,robot_0,1.574,-0.382
1776766476,542790416,robot_2,-1.170,0.617
1776766476,743177986,robot_3,-0.663,-0.755
1776766476,743199665,robot_1,0.720,1.157
1776766476,743210516,robot_4,0.575,-1.022
1776766476,743218874,robot_0,1.574,-0.382
1776766476,743236519,robot_2,-1.170,0.617
1776766476,943742051,robot_3,-0.663,-0.755
1776766476,943756828,robot_1,0.720,1.157
1776766476,943764168,robot_4,0.575,-1.022
1776766476,943770153,robot_0,1.574,-0.382
1776766476,943775915,robot_2,-1.170,0.617
1776766477,144034122,robot_3,-0.663,-0.755
1776766477,144054734,robot_1,0.719,1.157
1776766477,144064573,robot_4,0.575,-1.023
1776766477,144072363,robot_0,1.573,-0.382
1776766477,144080709,robot_2,-1.170,0.616
1776766477,363412416,robot_3,-0.663,-0.755
1776766477,363428848,robot_1,0.719,1.157
1776766477,363436665,robot_4,0.576,-1.023
1776766477,363442603,robot_0,1.573,-0.382
1776766477,363448234,robot_2,-1.170,0.616
1776766477,584585305,robot_3,-0.663,-0.754
1776766477,584606679,robot_1,0.718,1.157
1776766477,584617105,robot_4,0.576,-1.023
1776766477,584625296,robot_0,1.573,-0.383
1776766477,584632915,robot_2,-1.170,0.615
1776766477,803173908,robot_3,-0.663,-0.754
1776766477,803192896,robot_1,0.718,1.156
1776766477,803202044,robot_4,0.577,-1.023
1776766477,803209309,robot_0,1.572,-0.383
1776766477,803216456,robot_2,-1.169,0.615
1776766478,3750336,robot_3,-0.663,-0.753
1776766478,3770365,robot_1,0.718,1.156
1776766478,3780393,robot_4,0.577,-1.023
1776766478,3788750,robot_0,1.572,-0.383
1776766478,3796734,robot_2,-1.169,0.615
1776766478,223616306,robot_3,-0.663,-0.753
1776766478,223645615,robot_1,0.725,1.147
1776766478,223660779,robot_4,0.578,-1.023
1776766478,223673912,robot_0,1.572,-0.384
1776766478,223685559,robot_2,-1.169,0.614
1776766478,443639534,robot_3,-0.663,-0.753
1776766478,443661409,robot_1,0.740,1.131
1776766478,443670241,robot_4,0.578,-1.023
1776766478,443677331,robot_0,1.572,-0.384
1776766478,443685240,robot_2,-1.160,0.625
1776766478,663252716,robot_3,-0.663,-0.752
1776766478,663271421,robot_1,0.740,1.131
1776766478,663278579,robot_4,0.578,-1.022
1776766478,663283850,robot_0,1.572,-0.385
1776766478,663289009,robot_2,-1.125,0.672
1776766478,863637598,robot_3,-0.664,-0.752
1776766478,863657037,robot_1,0.739,1.130
1776766478,863666038,robot_4,0.579,-1.022
1776766478,863672868,robot_0,1.573,-0.385
1776766478,863680577,robot_2,-1.100,0.704
1776766479,63844013,robot_3,-0.664,-0.752
1776766479,63861255,robot_1,0.739,1.130
1776766479,63869680,robot_4,0.579,-1.022
1776766479,63876287,robot_0,1.573,-0.386
1776766479,63882012,robot_2,-1.086,0.723
1776766479,283955144,robot_3,-0.665,-0.752
1776766479,283984660,robot_1,0.739,1.130
1776766479,283999253,robot_4,0.579,-1.021
1776766479,284010762,robot_0,1.573,-0.386
1776766479,284022158,robot_2,-1.086,0.723
1776766479,502690860,robot_3,-0.665,-0.752
1776766479,502705303,robot_1,0.739,1.129
1776766479,502713624,robot_4,0.579,-1.021
1776766479,502720647,robot_0,1.574,-0.386
1776766479,502726824,robot_2,-1.086,0.722
1776766479,703267952,robot_3,-0.665,-0.752
1776766479,703292418,robot_1,0.739,1.129
1776766479,703305214,robot_4,0.579,-1.020
1776766479,703315174,robot_0,1.574,-0.386
1776766479,703324611,robot_2,-1.085,0.722
1776766479,922259512,robot_3,-0.666,-0.752
1776766479,922273928,robot_1,0.739,1.128
1776766479,922280463,robot_4,0.560,-1.020
1776766479,922286326,robot_0,1.574,-0.386
1776766479,922291200,robot_2,-1.085,0.722
1776766480,124132220,robot_3,-0.666,-0.752
1776766480,124155120,robot_1,0.739,1.128
1776766480,124167970,robot_4,0.521,-1.019
1776766480,124177754,robot_0,1.576,-0.375
1776766480,124187507,robot_2,-1.084,0.722
1776766480,343271480,robot_3,-0.667,-0.752
1776766480,343286558,robot_1,0.740,1.127
1776766480,343293364,robot_4,0.519,-1.019
1776766480,343299075,robot_0,1.581,-0.343
1776766480,343304211,robot_2,-1.084,0.723
1776766480,543669239,robot_3,-0.667,-0.752
1776766480,543692580,robot_1,0.740,1.127
1776766480,543704674,robot_4,0.519,-1.019
1776766480,543714749,robot_0,1.586,-0.303
1776766480,543723563,robot_2,-1.084,0.723
1776766480,763318638,robot_3,-0.645,-0.777
1776766480,763333560,robot_1,0.740,1.127
1776766480,763340630,robot_4,0.519,-1.019
1776766480,763346046,robot_0,1.594,-0.252
1776766480,763351075,robot_2,-1.083,0.723
1776766480,963856665,robot_3,-0.617,-0.807
1776766480,963885915,robot_1,0.741,1.127
1776766480,963901236,robot_4,0.518,-1.018
1776766480,963913123,robot_0,1.601,-0.202
1776766480,963925044,robot_2,-1.083,0.724
1776766481,182615479,robot_3,-0.585,-0.841
1776766481,182632143,robot_1,0.741,1.127
1776766481,182638746,robot_4,0.518,-1.018
1776766481,182644624,robot_0,1.607,-0.158
1776766481,182649809,robot_2,-1.083,0.724
1776766481,382930115,robot_3,-0.558,-0.870
1776766481,382944400,robot_1,0.742,1.127
1776766481,382950926,robot_4,0.518,-1.018
1776766481,382956070,robot_0,1.613,-0.119
1776766481,382961656,robot_2,-1.083,0.724
1776766481,602872507,robot_3,-0.543,-0.888
1776766481,602891807,robot_1,0.742,1.127
1776766481,602901670,robot_4,0.517,-1.017
1776766481,602908788,robot_0,1.619,-0.076
1776766481,602915945,robot_2,-1.083,0.725
1776766481,803290812,robot_3,-0.543,-0.888
1776766481,803311868,robot_1,0.742,1.127
1776766481,803321947,robot_4,0.517,-1.017
1776766481,803330928,robot_0,1.625,-0.037
1776766481,803339457,robot_2,-1.083,0.725
1776766482,22332072,robot_3,-0.543,-0.888
1776766482,22347428,robot_1,0.743,1.127
1776766482,22353943,robot_4,0.516,-1.017
1776766482,22359319,robot_0,1.627,-0.026
1776766482,22364295,robot_2,-1.083,0.726
1776766482,222449657,robot_3,-0.543,-0.888
1776766482,222465175,robot_1,0.743,1.127
1776766482,222471620,robot_4,0.516,-1.017
1776766482,222477070,robot_0,1.627,-0.026
1776766482,222482256,robot_2,-1.083,0.726
1776766482,423600189,robot_3,-0.543,-0.889
1776766482,423617884,robot_1,0.733,1.141
1776766482,423626841,robot_4,0.516,-1.017
1776766482,423634210,robot_0,1.627,-0.025
1776766482,423640925,robot_2,-1.083,0.726
1776766482,642695080,robot_3,-0.543,-0.889
1776766482,642716558,robot_1,0.705,1.179
1776766482,642724777,robot_4,0.515,-1.018
1776766482,642731453,robot_0,1.628,-0.025
1776766482,642737482,robot_2,-1.083,0.727
1776766482,844299465,robot_3,-0.543,-0.890
1776766482,844323593,robot_1,0.669,1.229
1776766482,844335819,robot_4,0.515,-1.018
1776766482,844346083,robot_0,1.628,-0.025
1776766482,844356747,robot_2,-1.084,0.727
1776766483,62510702,robot_3,-0.543,-0.890
1776766483,62526508,robot_1,0.638,1.271
1776766483,62533541,robot_4,0.515,-1.018
1776766483,62544282,robot_0,1.629,-0.025
1776766483,62549607,robot_2,-1.096,0.713
1776766483,262951828,robot_3,-0.543,-0.890
1776766483,262966956,robot_1,0.611,1.308
1776766483,262973601,robot_4,0.514,-1.019
1776766483,262978888,robot_0,1.629,-0.024
1776766483,262984196,robot_2,-1.132,0.673
1776766483,483123700,robot_3,-0.543,-0.891
1776766483,483137880,robot_1,0.568,1.365
1776766483,483144751,robot_4,0.514,-1.019
1776766483,483150576,robot_0,1.629,-0.024
1776766483,483155683,robot_2,-1.137,0.667
1776766483,684551709,robot_3,-0.542,-0.891
1776766483,684576586,robot_1,0.540,1.401
1776766483,684584006,robot_4,0.514,-1.019
1776766483,684589578,robot_0,1.629,-0.024
1776766483,684595033,robot_2,-1.138,0.667
1776766483,903669764,robot_3,-0.542,-0.891
1776766483,903684981,robot_1,0.520,1.425
1776766483,903692550,robot_4,0.514,-1.020
1776766483,903698309,robot_0,1.629,-0.023
1776766483,903704224,robot_2,-1.138,0.667
1776766484,104040568,robot_3,-0.541,-0.891
1776766484,104057539,robot_1,0.520,1.425
1776766484,104065351,robot_4,0.542,-1.022
1776766484,104072042,robot_0,1.629,-0.023
1776766484,104078023,robot_2,-1.139,0.667
1776766484,322660670,robot_3,-0.541,-0.891
1776766484,322682744,robot_1,0.520,1.426
1776766484,322694791,robot_4,0.581,-1.026
1776766484,322704832,robot_0,1.629,-0.022
1776766484,322713604,robot_2,-1.139,0.667
1776766484,543085052,robot_3,-0.540,-0.891
1776766484,543099759,robot_1,0.521,1.426
1776766484,543106657,robot_4,0.621,-1.030
1776766484,543111964,robot_0,1.629,-0.022
1776766484,543117280,robot_2,-1.139,0.667
1776766484,744326329,robot_3,-0.540,-0.891
1776766484,744350323,robot_1,0.521,1.427
1776766484,744361679,robot_4,0.622,-1.030
1776766484,744370978,robot_0,1.629,-0.021
1776766484,744379569,robot_2,-1.140,0.667
1776766484,963305330,robot_3,-0.540,-0.891
1776766484,963320217,robot_1,0.521,1.427
1776766484,963326596,robot_4,0.622,-1.031
1776766484,963332450,robot_0,1.628,-0.021
1776766484,963337230,robot_2,-1.140,0.667
1776766485,163392896,robot_3,-0.539,-0.891
1776766485,163411825,robot_1,0.521,1.427
1776766485,163418693,robot_4,0.622,-1.031
1776766485,163424577,robot_0,1.628,-0.021
1776766485,163430007,robot_2,-1.141,0.667
1776766485,363637647,robot_3,-0.548,-0.880
1776766485,363663864,robot_1,0.521,1.428
1776766485,363675672,robot_4,0.622,-1.031
1776766485,363685850,robot_0,1.627,-0.021
1776766485,363695532,robot_2,-1.141,0.666
1776766485,564161777,robot_3,-0.583,-0.834
1776766485,564190100,robot_1,0.520,1.428
1776766485,564204754,robot_4,0.622,-1.032
1776766485,564217142,robot_0,1.627,-0.021
1776766485,564228834,robot_2,-1.141,0.666
1776766485,764163638,robot_3,-0.593,-0.822
1776766485,764185257,robot_1,0.520,1.429
1776766485,764196226,robot_4,0.623,-1.032
1776766485,764206581,robot_0,1.627,-0.021
1776766485,764214871,robot_2,-1.141,0.666
1776766485,984343995,robot_3,-0.593,-0.822
1776766485,984370487,robot_1,0.520,1.429
1776766485,984382931,robot_4,0.623,-1.032
1776766485,984393686,robot_0,1.627,-0.021
1776766485,984403930,robot_2,-1.141,0.665
1776766486,202706032,robot_3,-0.592,-0.821
1776766486,202722054,robot_1,0.519,1.429
1776766486,202728961,robot_4,0.623,-1.033
1776766486,202734636,robot_0,1.627,-0.021
1776766486,202739756,robot_2,-1.141,0.665
1776766486,403481936,robot_3,-0.592,-0.821
1776766486,403503072,robot_1,0.519,1.429
1776766486,403513737,robot_4,0.624,-1.033
1776766486,403523048,robot_0,1.626,-0.021
1776766486,403532005,robot_2,-1.141,0.664
1776766486,604216130,robot_3,-0.592,-0.820
1776766486,604244293,robot_1,0.519,1.429
1776766486,604259045,robot_4,0.624,-1.033
1776766486,604271628,robot_0,1.626,-0.021
1776766486,604282593,robot_2,-1.141,0.664
1776766486,823902684,robot_3,-0.592,-0.820
1776766486,823924463,robot_1,0.518,1.429
1776766486,823934379,robot_4,0.625,-1.033
1776766486,823942132,robot_0,1.626,-0.021
1776766486,823950234,robot_2,-1.140,0.663
1776766487,42778342,robot_3,-0.592,-0.819
1776766487,42802233,robot_1,0.518,1.429
1776766487,42813690,robot_4,0.625,-1.032
1776766487,42823421,robot_0,1.625,-0.021
1776766487,42832054,robot_2,-1.140,0.663
1776766487,244064018,robot_3,-0.592,-0.819
1776766487,244087583,robot_1,0.517,1.429
1776766487,244100080,robot_4,0.625,-1.032
1776766487,244110838,robot_0,1.625,-0.022
1776766487,244120448,robot_2,-1.140,0.663
1776766487,463450561,robot_3,-0.593,-0.819
1776766487,463467993,robot_1,0.517,1.429
1776766487,463474145,robot_4,0.626,-1.032
1776766487,463479715,robot_0,1.625,-0.022
1776766487,463485160,robot_2,-1.140,0.663
1776766487,663768079,robot_3,-0.593,-0.818
1776766487,663789915,robot_1,0.520,1.424
1776766487,663798702,robot_4,0.626,-1.031
1776766487,663805260,robot_0,1.625,-0.022
1776766487,663811471,robot_2,-1.140,0.663
1776766487,883681252,robot_3,-0.593,-0.818
1776766487,883709001,robot_1,0.557,1.369
1776766487,883724165,robot_4,0.626,-1.031
1776766487,883736288,robot_0,1.624,-0.023
1776766487,883747944,robot_2,-1.140,0.663
1776766488,103756815,robot_3,-0.594,-0.818
1776766488,103785143,robot_1,0.573,1.346
1776766488,103798387,robot_4,0.626,-1.031
1776766488,103809627,robot_0,1.624,-0.023
1776766488,103820655,robot_2,-1.139,0.663
1776766488,322677366,robot_3,-0.594,-0.818
1776766488,322691846,robot_1,0.573,1.346
1776766488,322698644,robot_4,0.625,-1.030
1776766488,322704164,robot_0,1.625,-0.024
1776766488,322709177,robot_2,-1.139,0.663
1776766488,523124866,robot_3,-0.595,-0.818
1776766488,523146031,robot_1,0.572,1.345
1776766488,523155741,robot_4,0.594,-1.025
1776766488,523163591,robot_0,1.625,-0.024
1776766488,523171239,robot_2,-1.138,0.663
1776766488,723766866,robot_3,-0.595,-0.818
1776766488,723788745,robot_1,0.572,1.345
1776766488,723799509,robot_4,0.557,-1.018
1776766488,723808645,robot_0,1.625,-0.025
1776766488,723817308,robot_2,-1.138,0.663
1776766488,943253274,robot_3,-0.596,-0.818
1776766488,943270186,robot_1,0.572,1.345
1776766488,943278787,robot_4,0.514,-1.010
1776766488,943286014,robot_0,1.625,-0.025
1776766488,943292746,robot_2,-1.137,0.663
1776766489,162632016,robot_3,-0.596,-0.818
1776766489,162654543,robot_1,0.572,1.344
1776766489,162661215,robot_4,0.471,-1.002
1776766489,162666916,robot_0,1.626,-0.025
1776766489,162672086,robot_2,-1.137,0.663
1776766489,364222142,robot_3,-0.596,-0.818
1776766489,364251847,robot_1,0.572,1.344
1776766489,364264735,robot_4,0.431,-0.995
1776766489,364275175,robot_0,1.626,-0.025
1776766489,364284641,robot_2,-1.137,0.664
1776766489,583264411,robot_3,-0.576,-0.849
1776766489,583281628,robot_1,0.572,1.343
1776766489,583290875,robot_4,0.394,-0.988
1776766489,583297317,robot_0,1.626,-0.025
1776766489,583302948,robot_2,-1.137,0.664
1776766489,802261715,robot_3,-0.541,-0.902
1776766489,802280374,robot_1,0.572,1.343
1776766489,802286469,robot_4,0.368,-0.983
1776766489,802291638,robot_0,1.626,-0.025
1776766489,802296658,robot_2,-1.136,0.664
1776766490,3103885,robot_3,-0.502,-0.962
1776766490,3123281,robot_1,0.573,1.342
1776766490,3133523,robot_4,0.329,-0.976
1776766490,3141672,robot_0,1.626,-0.025
1776766490,3150380,robot_2,-1.136,0.665
1776766490,223744079,robot_3,-0.477,-1.000
1776766490,223773640,robot_1,0.573,1.342
1776766490,223789618,robot_4,0.304,-0.972
1776766490,223802675,robot_0,1.627,-0.026
1776766490,223814753,robot_2,-1.136,0.665
1776766490,442947759,robot_3,-0.469,-1.012
1776766490,442974634,robot_1,0.573,1.342
1776766490,442982209,robot_4,0.304,-0.972
1776766490,442988881,robot_0,1.627,-0.026
1776766490,442995103,robot_2,-1.137,0.666
1776766490,645836869,robot_3,-0.469,-1.012
1776766490,645856346,robot_1,0.574,1.342
1776766490,645863451,robot_4,0.304,-0.971
1776766490,645869495,robot_0,1.628,-0.025
1776766490,645874581,robot_2,-1.137,0.666
1776766490,863246683,robot_3,-0.469,-1.013
1776766490,863270042,robot_1,0.574,1.342
1776766490,863282478,robot_4,0.304,-0.971
1776766490,863292293,robot_0,1.628,-0.025
1776766490,863301359,robot_2,-1.137,0.667
1776766491,63291833,robot_3,-0.469,-1.013
1776766491,63315000,robot_1,0.575,1.342
1776766491,63325998,robot_4,0.304,-0.970
1776766491,63335033,robot_0,1.628,-0.025
1776766491,63344092,robot_2,-1.138,0.666
1776766491,283438074,robot_3,-0.470,-1.014
1776766491,283458489,robot_1,0.575,1.342
1776766491,283470092,robot_4,0.304,-0.970
1776766491,283477771,robot_0,1.629,-0.025
1776766491,283487242,robot_2,-1.169,0.641
1776766491,502858153,robot_3,-0.470,-1.014
1776766491,502873180,robot_1,0.576,1.342
1776766491,502880154,robot_4,0.303,-0.970
1776766491,502885510,robot_0,1.629,-0.024
1776766491,502891559,robot_2,-1.202,0.615
1776766491,722913026,robot_3,-0.470,-1.015
1776766491,722937078,robot_1,0.576,1.342
1776766491,722948599,robot_4,0.303,-0.970
1776766491,722959364,robot_0,1.629,-0.024
1776766491,722964685,robot_2,-1.235,0.589
1776766491,924000232,robot_3,-0.469,-1.015
1776766491,924015076,robot_1,0.567,1.357
1776766491,924022183,robot_4,0.303,-0.969
1776766491,924028386,robot_0,1.629,-0.023
1776766491,924034033,robot_2,-1.266,0.564
1776766492,143785480,robot_3,-0.469,-1.015
1776766492,143807407,robot_1,0.547,1.393
1776766492,143817272,robot_4,0.302,-0.969
1776766492,143824673,robot_0,1.629,-0.023
1776766492,143832177,robot_2,-1.275,0.557
1776766492,344262039,robot_3,-0.469,-1.016
1776766492,344288507,robot_1,0.546,1.395
1776766492,344299594,robot_4,0.302,-0.969
1776766492,344308164,robot_0,1.629,-0.023
1776766492,344317477,robot_2,-1.275,0.557
1776766492,562327955,robot_3,-0.469,-1.016
1776766492,562343001,robot_1,0.546,1.395
1776766492,562349494,robot_4,0.301,-0.969
1776766492,562355114,robot_0,1.629,-0.022
1776766492,562360180,robot_2,-1.275,0.557
1776766492,763130160,robot_3,-0.468,-1.016
1776766492,763146089,robot_1,0.547,1.395
1776766492,763152768,robot_4,0.301,-0.970
1776766492,763158274,robot_0,1.629,-0.022
1776766492,763164393,robot_2,-1.276,0.557
1776766492,963905476,robot_3,-0.468,-1.016
1776766492,963919718,robot_1,0.547,1.395
1776766492,963926050,robot_4,0.301,-0.970
1776766492,963931523,robot_0,1.629,-0.021
1776766492,963936272,robot_2,-1.276,0.557
1776766493,184050633,robot_3,-0.467,-1.016
1776766493,184070373,robot_1,0.547,1.396
1776766493,184078763,robot_4,0.300,-0.970
1776766493,184085502,robot_0,1.628,-0.021
1776766493,184091355,robot_2,-1.277,0.557
1776766493,384123271,robot_3,-0.467,-1.016
1776766493,384140576,robot_1,0.547,1.396
1776766493,384148349,robot_4,0.300,-0.971
1776766493,384154589,robot_0,1.628,-0.021
1776766493,384161640,robot_2,-1.277,0.557
1776766493,603756865,robot_3,-0.467,-1.016
1776766493,603787769,robot_1,0.547,1.397
1776766493,603802718,robot_4,0.300,-0.971
1776766493,603815353,robot_0,1.624,-0.029
1776766493,603827440,robot_2,-1.278,0.557
1776766493,823571310,robot_3,-0.466,-1.016
1776766493,823601856,robot_1,0.547,1.397
1776766493,823616726,robot_4,0.301,-0.972
1776766493,823628750,robot_0,1.599,-0.091
1776766493,823640374,robot_2,-1.278,0.557
1776766494,24046665,robot_3,-0.466,-1.016
1776766494,24074269,robot_1,0.547,1.398
1776766494,24089443,robot_4,0.335,-0.981
1776766494,24101418,robot_0,1.591,-0.108
1776766494,24113009,robot_2,-1.278,0.557
1776766494,244240907,robot_3,-0.466,-1.016
1776766494,244257778,robot_1,0.547,1.398
1776766494,244265482,robot_4,0.377,-0.992
1776766494,244272182,robot_0,1.591,-0.108
1776766494,244278619,robot_2,-1.279,0.556
1776766494,462298767,robot_3,-0.466,-1.016
1776766494,462318011,robot_1,0.546,1.398
1776766494,462324265,robot_4,0.413,-1.002
1776766494,462329758,robot_0,1.591,-0.108
1776766494,462334541,robot_2,-1.279,0.556
1776766494,663195751,robot_3,-0.465,-1.016
1776766494,663217630,robot_1,0.546,1.399
1776766494,663226065,robot_4,0.413,-1.002
1776766494,663232968,robot_0,1.590,-0.108
1776766494,663239370,robot_2,-1.279,0.555
1776766494,883510683,robot_3,-0.465,-1.015
1776766494,883527703,robot_1,0.545,1.399
1776766494,883535189,robot_4,0.413,-1.002
1776766494,883544151,robot_0,1.590,-0.108
1776766494,883550387,robot_2,-1.279,0.555
1776766495,84201060,robot_3,-0.465,-1.015
1776766495,84218503,robot_1,0.545,1.399
1776766495,84226669,robot_4,0.413,-1.002
1776766495,84233557,robot_0,1.589,-0.109
1776766495,84239724,robot_2,-1.279,0.554
1776766495,304137168,robot_3,-0.465,-1.014
1776766495,304165952,robot_1,0.545,1.399
1776766495,304180115,robot_4,0.413,-1.003
1776766495,304191332,robot_0,1.589,-0.109
1776766495,304202370,robot_2,-1.279,0.554
1776766495,523529589,robot_3,-0.465,-1.014
1776766495,523569150,robot_1,0.544,1.399
1776766495,523582082,robot_4,0.413,-1.003
1776766495,523591698,robot_0,1.589,-0.109
1776766495,523601784,robot_2,-1.279,0.554
1776766495,743294946,robot_3,-0.465,-1.013
1776766495,743324046,robot_1,0.544,1.399
1776766495,743338833,robot_4,0.413,-1.004
1776766495,743351736,robot_0,1.589,-0.110
1776766495,743363977,robot_2,-1.278,0.553
1776766495,963236098,robot_3,-0.465,-1.013
1776766495,963256589,robot_1,0.546,1.394
1776766495,963267684,robot_4,0.414,-1.004
1776766495,963276645,robot_0,1.588,-0.110
1776766495,963285552,robot_2,-1.267,0.561
1776766496,163773462,robot_3,-0.465,-1.013
1776766496,163805980,robot_1,0.569,1.344
1776766496,163821469,robot_4,0.414,-1.004
1776766496,163834650,robot_0,1.588,-0.111
1776766496,163846575,robot_2,-1.239,0.580
1776766496,363741982,robot_3,-0.465,-1.013
1776766496,363757423,robot_1,0.581,1.318
1776766496,363765140,robot_4,0.414,-1.004
1776766496,363771786,robot_0,1.588,-0.111
1776766496,363777031,robot_2,-1.206,0.602
1776766496,584149228,robot_3,-0.465,-1.013
1776766496,584178167,robot_1,0.581,1.318
1776766496,584192210,robot_4,0.415,-1.004
1776766496,584204277,robot_0,1.589,-0.111
1776766496,584215440,robot_2,-1.203,0.604
1776766496,804564639,robot_3,-0.466,-1.012
1776766496,804589486,robot_1,0.580,1.318
1776766496,804602938,robot_4,0.415,-1.004
1776766496,804613999,robot_0,1.589,-0.112
1776766496,804623617,robot_2,-1.203,0.604
1776766497,23077751,robot_3,-0.466,-1.012
1776766497,23098344,robot_1,0.580,1.317
1776766497,23108306,robot_4,0.416,-1.004
1776766497,23116547,robot_0,1.589,-0.112
1776766497,23124708,robot_2,-1.203,0.603
1776766497,223193771,robot_3,-0.466,-1.012
1776766497,223209206,robot_1,0.580,1.317
1776766497,223216574,robot_4,0.416,-1.004
1776766497,223222275,robot_0,1.589,-0.112
1776766497,223227358,robot_2,-1.202,0.603
1776766497,423435703,robot_3,-0.467,-1.012
1776766497,423453168,robot_1,0.580,1.316
1776766497,423461886,robot_4,0.416,-1.004
1776766497,423468907,robot_0,1.590,-0.113
1776766497,423475385,robot_2,-1.202,0.603
1776766497,644734341,robot_3,-0.467,-1.012
1776766497,644754353,robot_1,0.580,1.316
1776766497,644762407,robot_4,0.417,-1.003
1776766497,644768426,robot_0,1.590,-0.112
1776766497,644774779,robot_2,-1.201,0.603
1776766497,863424409,robot_3,-0.468,-1.012
1776766497,863441620,robot_1,0.580,1.315
1776766497,863450698,robot_4,0.417,-1.003
1776766497,863457491,robot_0,1.609,-0.076
1776766497,863463452,robot_2,-1.201,0.603
1776766498,84025960,robot_3,-0.468,-1.012
1776766498,84053209,robot_1,0.580,1.315
1776766498,84068630,robot_4,0.417,-1.003
1776766498,84080061,robot_0,1.617,-0.059
1776766498,84091358,robot_2,-1.200,0.603
1776766498,302245631,robot_3,-0.469,-1.012
1776766498,302261053,robot_1,0.580,1.315
1776766498,302268425,robot_4,0.417,-1.002
1776766498,302274388,robot_0,1.617,-0.059
1776766498,302279844,robot_2,-1.200,0.604
1776766498,503441244,robot_3,-0.469,-1.013
1776766498,503462599,robot_1,0.580,1.314
1776766498,503473217,robot_4,0.402,-0.997
1776766498,503481996,robot_0,1.618,-0.059
1776766498,503490773,robot_2,-1.200,0.604
1776766498,704595079,robot_3,-0.469,-1.013
1776766498,704619163,robot_1,0.581,1.314
1776766498,704631345,robot_4,0.344,-0.978
1776766498,704640977,robot_0,1.618,-0.059
1776766498,704649838,robot_2,-1.199,0.604
1776766498,923690071,robot_3,-0.469,-1.013
1776766498,923709252,robot_1,0.581,1.314
1776766498,923719296,robot_4,0.330,-0.973
1776766498,923726842,robot_0,1.619,-0.059
1776766498,923734710,robot_2,-1.199,0.605
1776766499,124058802,robot_3,-0.469,-1.014
1776766499,124083869,robot_1,0.582,1.314
1776766499,124091406,robot_4,0.330,-0.972
1776766499,124097650,robot_0,1.619,-0.059
1776766499,124103997,robot_2,-1.199,0.605
1776766499,344217167,robot_3,-0.470,-1.014
1776766499,344235201,robot_1,0.582,1.314
1776766499,344243493,robot_4,0.330,-0.972
1776766499,344251602,robot_0,1.620,-0.059
1776766499,344257958,robot_2,-1.199,0.606
1776766499,563142287,robot_3,-0.469,-1.015
1776766499,563157365,robot_1,0.582,1.314
1776766499,563164011,robot_4,0.330,-0.971
1776766499,563169265,robot_0,1.620,-0.058
1776766499,563174328,robot_2,-1.199,0.606
1776766499,763723621,robot_3,-0.469,-1.015
1776766499,763748865,robot_1,0.583,1.314
1776766499,763756897,robot_4,0.330,-0.971
1776766499,763763628,robot_0,1.620,-0.058
1776766499,763769133,robot_2,-1.199,0.606
1776766499,982606372,robot_3,-0.469,-1.015
1776766499,982621083,robot_1,0.580,1.322
1776766499,982627893,robot_4,0.329,-0.971
1776766499,982633272,robot_0,1.620,-0.058
1776766499,982639185,robot_2,-1.199,0.607
1776766500,183901156,robot_3,-0.469,-1.015
1776766500,183920228,robot_1,0.566,1.360
1776766500,183927249,robot_4,0.329,-0.970
1776766500,183932647,robot_0,1.620,-0.057
1776766500,183937981,robot_2,-1.202,0.606
1776766500,384790626,robot_3,-0.469,-1.015
1776766500,384813744,robot_1,0.544,1.419
1776766500,384826276,robot_4,0.329,-0.970
1776766500,384836514,robot_0,1.621,-0.057
1776766500,384846474,robot_2,-1.239,0.584
1776766500,603484143,robot_3,-0.469,-1.016
1776766500,603502159,robot_1,0.523,1.478
1776766500,603510690,robot_4,0.328,-0.970
1776766500,603518119,robot_0,1.620,-0.056
1776766500,603524786,robot_2,-1.260,0.573
1776766500,822684638,robot_3,-0.469,-1.016
1776766500,822699910,robot_1,0.522,1.479
1776766500,822706906,robot_4,0.328,-0.970
1776766500,822712502,robot_0,1.620,-0.056
1776766500,822718273,robot_2,-1.260,0.573
1776766501,23242311,robot_3,-0.468,-1.016
1776766501,23261342,robot_1,0.522,1.480
1776766501,23268437,robot_4,0.327,-0.970
1776766501,23275526,robot_0,1.620,-0.056
1776766501,23282141,robot_2,-1.260,0.573
1776766501,223712921,robot_3,-0.468,-1.016
1776766501,223740656,robot_1,0.523,1.480
1776766501,223754558,robot_4,0.327,-0.970
1776766501,223765626,robot_0,1.620,-0.055
1776766501,223776418,robot_2,-1.261,0.573
1776766501,442800225,robot_3,-0.467,-1.016
1776766501,442813960,robot_1,0.523,1.480
1776766501,442820875,robot_4,0.326,-0.970
1776766501,442826484,robot_0,1.619,-0.055
1776766501,442831848,robot_2,-1.261,0.574
1776766501,663830963,robot_3,-0.467,-1.016
1776766501,663864585,robot_1,0.523,1.481
1776766501,663879980,robot_4,0.326,-0.970
1776766501,663892345,robot_0,1.618,-0.057
1776766501,663903804,robot_2,-1.262,0.574
1776766501,864470945,robot_3,-0.467,-1.016
1776766501,864503141,robot_1,0.523,1.481
1776766501,864517846,robot_4,0.326,-0.971
1776766501,864529978,robot_0,1.587,-0.108
1776766501,864553921,robot_2,-1.262,0.574
1776766502,83478805,robot_3,-0.466,-1.016
1776766502,83494776,robot_1,0.523,1.482
1776766502,83501116,robot_4,0.325,-0.971
1776766502,83506524,robot_0,1.557,-0.161
1776766502,83511361,robot_2,-1.263,0.574
1776766502,284131630,robot_3,-0.466,-1.016
1776766502,284150512,robot_1,0.523,1.482
1776766502,284158750,robot_4,0.325,-0.971
1776766502,284165409,robot_0,1.535,-0.200
1776766502,284171206,robot_2,-1.263,0.574
1776766502,503456155,robot_3,-0.466,-1.016
1776766502,503478264,robot_1,0.523,1.482
1776766502,503489002,robot_4,0.325,-0.971
1776766502,503498520,robot_0,1.499,-0.264
1776766502,503507768,robot_2,-1.263,0.573
1776766502,703604488,robot_3,-0.466,-1.016
1776766502,703625589,robot_1,0.523,1.483
1776766502,703634157,robot_4,0.325,-0.972
1776766502,703641918,robot_0,1.485,-0.288
1776766502,703648330,robot_2,-1.264,0.573
1776766502,923180567,robot_3,-0.465,-1.016
1776766502,923195014,robot_1,0.523,1.483
1776766502,923201614,robot_4,0.325,-0.972
1776766502,923206839,robot_0,1.485,-0.288
1776766502,923211766,robot_2,-1.264,0.573
1776766503,143575539,robot_3,-0.465,-1.015
1776766503,143593975,robot_1,0.522,1.483
1776766503,143600646,robot_4,0.325,-0.972
1776766503,143606864,robot_0,1.484,-0.288
1776766503,143612180,robot_2,-1.264,0.572
1776766503,343857826,robot_3,-0.465,-1.015
1776766503,343878848,robot_1,0.522,1.484
1776766503,343889886,robot_4,0.325,-0.973
1776766503,343898287,robot_0,1.484,-0.288
1776766503,343907289,robot_2,-1.264,0.572
1776766503,562928140,robot_3,-0.465,-1.014
1776766503,562956867,robot_1,0.521,1.484
1776766503,562972070,robot_4,0.325,-0.973
1776766503,562983556,robot_0,1.484,-0.288
1776766503,562995417,robot_2,-1.264,0.571
1776766503,782234998,robot_3,-0.465,-1.014
1776766503,782250446,robot_1,0.521,1.484
1776766503,782256958,robot_4,0.326,-0.974
1776766503,782262225,robot_0,1.483,-0.288
1776766503,782267347,robot_2,-1.264,0.571
1776766503,983814015,robot_3,-0.465,-1.014
1776766503,983841081,robot_1,0.520,1.484
1776766503,983855335,robot_4,0.326,-0.974
1776766503,983867070,robot_0,1.483,-0.288
1776766503,983877514,robot_2,-1.264,0.570
1776766504,184506655,robot_3,-0.465,-1.013
1776766504,184526397,robot_1,0.520,1.484
1776766504,184533389,robot_4,0.326,-0.974
1776766504,184543763,robot_0,1.482,-0.288
1776766504,184549769,robot_2,-1.262,0.571
1776766504,402720620,robot_3,-0.465,-1.013
1776766504,402735863,robot_1,0.520,1.484
1776766504,402743248,robot_4,0.327,-0.974
1776766504,402749471,robot_0,1.482,-0.289
1776766504,402754808,robot_2,-1.223,0.589
1776766504,603225180,robot_3,-0.466,-1.012
1776766504,603247840,robot_1,0.529,1.452
1776766504,603258162,robot_4,0.327,-0.975
1776766504,603267515,robot_0,1.482,-0.289
1776766504,603276398,robot_2,-1.192,0.604
1776766504,803699894,robot_3,-0.466,-1.012
1776766504,803725372,robot_1,0.536,1.426
1776766504,803737953,robot_4,0.327,-0.974
1776766504,803748679,robot_0,1.482,-0.290
1776766504,803758389,robot_2,-1.167,0.616
1776766505,24556254,robot_3,-0.466,-1.012
1776766505,24573523,robot_1,0.536,1.426
1776766505,24580549,robot_4,0.338,-0.950
1776766505,24586275,robot_0,1.482,-0.290
1776766505,24591598,robot_2,-1.167,0.616
1776766505,243407539,robot_3,-0.467,-1.012
1776766505,243426757,robot_1,0.536,1.425
1776766505,243436371,robot_4,0.353,-0.914
1776766505,243443588,robot_0,1.482,-0.291
1776766505,243450601,robot_2,-1.167,0.616
1776766505,463348861,robot_3,-0.467,-1.012
1776766505,463373482,robot_1,0.536,1.425
1776766505,463386387,robot_4,0.370,-0.873
1776766505,463397206,robot_0,1.482,-0.291
1776766505,463406467,robot_2,-1.167,0.615
1776766505,683744324,robot_3,-0.468,-1.012
1776766505,683762381,robot_1,0.535,1.425
1776766505,683769280,robot_4,0.389,-0.831
1776766505,683774987,robot_0,1.482,-0.291
1776766505,683779672,robot_2,-1.166,0.615
1776766505,902207596,robot_3,-0.468,-1.012
1776766505,902221823,robot_1,0.535,1.424
1776766505,902227949,robot_4,0.406,-0.790
1776766505,902233072,robot_0,1.483,-0.292
1776766505,902238189,robot_2,-1.166,0.615
1776766506,103800361,robot_3,-0.468,-1.012
1776766506,103823079,robot_1,0.535,1.424
1776766506,103831937,robot_4,0.423,-0.750
1776766506,103837874,robot_0,1.483,-0.292
1776766506,103843288,robot_2,-1.165,0.615
1776766506,323576796,robot_3,-0.458,-1.034
1776766506,323593871,robot_1,0.535,1.423
1776766506,323600583,robot_4,0.443,-0.703
1776766506,323606439,robot_0,1.483,-0.292
1776766506,323611741,robot_2,-1.165,0.615
1776766506,524176173,robot_3,-0.443,-1.070
1776766506,524203776,robot_1,0.535,1.423
1776766506,524216359,robot_4,0.445,-0.699
1776766506,524226606,robot_0,1.502,-0.265
1776766506,524236343,robot_2,-1.164,0.615
1776766506,743071606,robot_3,-0.426,-1.110
1776766506,743090486,robot_1,0.535,1.423
1776766506,743099475,robot_4,0.446,-0.699
1776766506,743106628,robot_0,1.532,-0.219
1776766506,743113882,robot_2,-1.164,0.615
1776766506,943586385,robot_3,-0.422,-1.121
1776766506,943606805,robot_1,0.535,1.422
1776766506,943617322,robot_4,0.446,-0.699
1776766506,943625603,robot_0,1.566,-0.170
1776766506,943633349,robot_2,-1.164,0.616
1776766507,144776586,robot_3,-0.422,-1.121
1776766507,144807484,robot_1,0.536,1.422
1776766507,144823769,robot_4,0.446,-0.699
1776766507,144836653,robot_0,1.573,-0.160
1776766507,144849297,robot_2,-1.163,0.616
1776766507,345001216,robot_3,-0.423,-1.121
1776766507,345026769,robot_1,0.536,1.422
1776766507,345040085,robot_4,0.447,-0.699
1776766507,345052172,robot_0,1.573,-0.160
1776766507,345063326,robot_2,-1.163,0.616
1776766507,563198826,robot_3,-0.423,-1.122
1776766507,563223091,robot_1,0.536,1.421
1776766507,563235664,robot_4,0.447,-0.698
1776766507,563244758,robot_0,1.574,-0.160
1776766507,563254085,robot_2,-1.163,0.617
1776766507,763341440,robot_3,-0.423,-1.122
1776766507,763366043,robot_1,0.537,1.421
1776766507,763378504,robot_4,0.448,-0.698
1776766507,763388616,robot_0,1.574,-0.160
1776766507,763397339,robot_2,-1.163,0.617
1776766507,984113978,robot_3,-0.423,-1.122
1776766507,984142212,robot_1,0.537,1.421
1776766507,984156873,robot_4,0.448,-0.698
1776766507,984169564,robot_0,1.574,-0.160
1776766507,984181614,robot_2,-1.163,0.618
1776766508,203683604,robot_3,-0.423,-1.123
1776766508,203702387,robot_1,0.538,1.421
1776766508,203710343,robot_4,0.448,-0.697
1776766508,203717643,robot_0,1.575,-0.160
1776766508,203724198,robot_2,-1.163,0.618
1776766508,424051917,robot_3,-0.423,-1.123
1776766508,424071308,robot_1,0.538,1.421
1776766508,424081055,robot_4,0.448,-0.697
1776766508,424088501,robot_0,1.575,-0.160
1776766508,424095744,robot_2,-1.163,0.618
1776766508,642796094,robot_3,-0.423,-1.124
1776766508,642817287,robot_1,0.537,1.424
1776766508,642823749,robot_4,0.448,-0.696
1776766508,642828866,robot_0,1.576,-0.160
1776766508,642833637,robot_2,-1.175,0.614
1776766508,843438418,robot_3,-0.423,-1.124
1776766508,843456502,robot_1,0.527,1.476
1776766508,843464757,robot_4,0.448,-0.696
1776766508,843472049,robot_0,1.576,-0.159
1776766508,843478806,robot_2,-1.213,0.600
1776766509,43867524,robot_3,-0.423,-1.124
1776766509,43886633,robot_1,0.518,1.523
1776766509,43894641,robot_4,0.448,-0.696
1776766509,43901344,robot_0,1.576,-0.159
1776766509,43907649,robot_2,-1.267,0.579
1776766509,263453935,robot_3,-0.423,-1.125
1776766509,263471817,robot_1,0.509,1.572
1776766509,263482277,robot_4,0.448,-0.695
1776766509,263494167,robot_0,1.576,-0.158
1776766509,263503694,robot_2,-1.311,0.562
1776766509,483552833,robot_3,-0.422,-1.125
1776766509,483583028,robot_1,0.493,1.649
1776766509,483602240,robot_4,0.448,-0.695
1776766509,483615139,robot_0,1.576,-0.158
1776766509,483626285,robot_2,-1.311,0.563
1776766509,703123906,robot_3,-0.422,-1.125
1776766509,703141006,robot_1,0.487,1.681
1776766509,703147602,robot_4,0.447,-0.695
1776766509,703153126,robot_0,1.576,-0.157
1776766509,703158252,robot_2,-1.311,0.563
1776766509,903923647,robot_3,-0.421,-1.125
1776766509,903948443,robot_1,0.487,1.681
1776766509,903959782,robot_4,0.447,-0.694
1776766509,903965752,robot_0,1.576,-0.157
1776766509,903971348,robot_2,-1.312,0.563
1776766510,123757498,robot_3,-0.421,-1.125
1776766510,123780493,robot_1,0.488,1.681
1776766510,123793070,robot_4,0.446,-0.696
1776766510,123804895,robot_0,1.576,-0.157
1776766510,123816876,robot_2,-1.312,0.563
1776766510,323922995,robot_3,-0.420,-1.125
1776766510,323949004,robot_1,0.488,1.681
1776766510,323962508,robot_4,0.429,-0.729
1776766510,323974218,robot_0,1.576,-0.156
1776766510,323984759,robot_2,-1.312,0.564
1776766510,543490758,robot_3,-0.420,-1.125
1776766510,543513872,robot_1,0.488,1.682
1776766510,543525259,robot_4,0.419,-0.747
1776766510,543534388,robot_0,1.575,-0.156
1776766510,543549792,robot_2,-1.313,0.564
1776766510,762467435,robot_3,-0.420,-1.125
1776766510,762482433,robot_1,0.489,1.682
1776766510,762489215,robot_4,0.419,-0.747
1776766510,762494415,robot_0,1.562,-0.172
1776766510,762499327,robot_2,-1.313,0.564
1776766510,963704599,robot_3,-0.420,-1.125
1776766510,963729314,robot_1,0.489,1.683
1776766510,963741553,robot_4,0.418,-0.747
1776766510,963751563,robot_0,1.538,-0.201
1776766510,963761643,robot_2,-1.314,0.564
1776766511,182753971,robot_3,-0.420,-1.125
1776766511,182772290,robot_1,0.489,1.683
1776766511,182778745,robot_4,0.418,-0.747
1776766511,182784691,robot_0,1.537,-0.202
1776766511,182789551,robot_2,-1.314,0.563
1776766511,383732039,robot_3,-0.419,-1.125
1776766511,383751697,robot_1,0.489,1.684
1776766511,383761119,robot_4,0.417,-0.747
1776766511,383769124,robot_0,1.537,-0.202
1776766511,383776821,robot_2,-1.315,0.563
1776766511,584308802,robot_3,-0.419,-1.124
1776766511,584327848,robot_1,0.489,1.684
1776766511,584337171,robot_4,0.417,-0.747
1776766511,584343772,robot_0,1.537,-0.202
1776766511,584350656,robot_2,-1.315,0.563
1776766511,802280686,robot_3,-0.419,-1.124
1776766511,802301929,robot_1,0.489,1.684
1776766511,802310721,robot_4,0.416,-0.748
1776766511,802316681,robot_0,1.536,-0.202
1776766511,802323332,robot_2,-1.315,0.563
1776766512,3474592,robot_3,-0.419,-1.123
1776766512,3496388,robot_1,0.488,1.685
1776766512,3507780,robot_4,0.416,-0.748
1776766512,3517106,robot_0,1.536,-0.202
1776766512,3525961,robot_2,-1.315,0.562
1776766512,222553010,robot_3,-0.419,-1.123
1776766512,222569171,robot_1,0.488,1.685
1776766512,222575973,robot_4,0.416,-0.748
1776766512,222581681,robot_0,1.535,-0.202
1776766512,222586452,robot_2,-1.315,0.562
1776766512,423995471,robot_3,-0.419,-1.123
1776766512,424010817,robot_1,0.488,1.685
1776766512,424017649,robot_4,0.416,-0.749
1776766512,424023101,robot_0,1.535,-0.202
1776766512,424028291,robot_2,-1.315,0.561
1776766512,642838288,robot_3,-0.419,-1.122
1776766512,642858708,robot_1,0.487,1.685
1776766512,642865543,robot_4,0.415,-0.749
1776766512,642871157,robot_0,1.534,-0.203
1776766512,642876053,robot_2,-1.315,0.561
1776766512,843235201,robot_3,-0.419,-1.122
1776766512,843257418,robot_1,0.487,1.685
1776766512,843268467,robot_4,0.415,-0.750
1776766512,843277451,robot_0,1.534,-0.203
1776766512,843285545,robot_2,-1.315,0.560
1776766513,62273931,robot_3,-0.437,-1.128
1776766513,62290139,robot_1,0.486,1.685
1776766513,62297003,robot_4,0.416,-0.750
1776766513,62303969,robot_0,1.534,-0.203
1776766513,62309074,robot_2,-1.315,0.561
1776766513,262975168,robot_3,-0.448,-1.132
1776766513,262991292,robot_1,0.486,1.685
1776766513,262998572,robot_4,0.416,-0.750
1776766513,263004590,robot_0,1.534,-0.204
1776766513,263010615,robot_2,-1.280,0.571
1776766513,463806995,robot_3,-0.448,-1.132
1776766513,463826611,robot_1,0.489,1.661
1776766513,463836077,robot_4,0.416,-0.751
1776766513,463844284,robot_0,1.534,-0.204
1776766513,463851380,robot_2,-1.257,0.577
1776766513,683719321,robot_3,-0.448,-1.132
1776766513,683738870,robot_1,0.493,1.626
1776766513,683747051,robot_4,0.416,-0.751
1776766513,683753195,robot_0,1.534,-0.205
1776766513,683759598,robot_2,-1.257,0.577
1776766513,904000849,robot_3,-0.448,-1.132
1776766513,904021775,robot_1,0.493,1.626
1776766513,904031509,robot_4,0.416,-0.752
1776766513,904039205,robot_0,1.534,-0.205
1776766513,904046521,robot_2,-1.257,0.577
1776766514,123783550,robot_3,-0.449,-1.131
1776766514,123798524,robot_1,0.492,1.625
1776766514,123804803,robot_4,0.417,-0.752
1776766514,123810362,robot_0,1.534,-0.206
1776766514,123815653,robot_2,-1.257,0.576
1776766514,343077878,robot_3,-0.449,-1.131
1776766514,343091767,robot_1,0.492,1.625
1776766514,343098420,robot_4,0.419,-0.749
1776766514,343104103,robot_0,1.534,-0.206
1776766514,343108924,robot_2,-1.256,0.576
1776766514,543279010,robot_3,-0.449,-1.131
1776766514,543294255,robot_1,0.492,1.625
1776766514,543300634,robot_4,0.442,-0.711
1776766514,543305896,robot_0,1.534,-0.206
1776766514,543311053,robot_2,-1.256,0.576
1776766514,743344452,robot_3,-0.450,-1.131
1776766514,743365018,robot_1,0.491,1.625
1776766514,743374540,robot_4,0.463,-0.674
1776766514,743381972,robot_0,1.535,-0.206
1776766514,743390063,robot_2,-1.256,0.576
1776766514,963450346,robot_3,-0.450,-1.131
1776766514,963464340,robot_1,0.491,1.624
1776766514,963471117,robot_4,0.481,-0.639
1776766514,963476563,robot_0,1.553,-0.188
1776766514,963481451,robot_2,-1.255,0.576
1776766515,165266292,robot_3,-0.451,-1.131
1776766515,165286219,robot_1,0.491,1.624
1776766515,165293120,robot_4,0.493,-0.618
1776766515,165299204,robot_0,1.577,-0.164
1776766515,165304545,robot_2,-1.255,0.576
1776766515,384000616,robot_3,-0.451,-1.132
1776766515,384018294,robot_1,0.491,1.623
1776766515,384026641,robot_4,0.495,-0.613
1776766515,384033327,robot_0,1.611,-0.130
1776766515,384039263,robot_2,-1.254,0.576
1776766515,584293058,robot_3,-0.451,-1.132
1776766515,584313127,robot_1,0.491,1.623
1776766515,584323329,robot_4,0.496,-0.613
1776766515,584331417,robot_0,1.652,-0.091
1776766515,584338735,robot_2,-1.254,0.576
1776766515,784968945,robot_3,-0.452,-1.132
1776766515,784996089,robot_1,0.491,1.623
1776766515,785009565,robot_4,0.496,-0.613
1776766515,785020350,robot_0,1.671,-0.072
1776766515,785030524,robot_2,-1.254,0.576
1776766516,3576997,robot_3,-0.452,-1.133
1776766516,3595835,robot_1,0.491,1.622
1776766516,3605514,robot_4,0.497,-0.613
1776766516,3613993,robot_0,1.671,-0.073
1776766516,3621445,robot_2,-1.253,0.577
1776766516,223614368,robot_3,-0.452,-1.133
1776766516,223641672,robot_1,0.492,1.622
1776766516,223654297,robot_4,0.497,-0.613
1776766516,223664405,robot_0,1.671,-0.073
1776766516,223675785,robot_2,-1.253,0.577
1776766516,442759305,robot_3,-0.452,-1.134
1776766516,442779126,robot_1,0.492,1.621
1776766516,442787016,robot_4,0.497,-0.613
1776766516,442793594,robot_0,1.672,-0.073
1776766516,442799735,robot_2,-1.253,0.578
1776766516,643081150,robot_3,-0.452,-1.134
1776766516,643107540,robot_1,0.492,1.621
1776766516,643119630,robot_4,0.498,-0.613
1776766516,643129174,robot_0,1.672,-0.073
1776766516,643137917,robot_2,-1.253,0.578
1776766516,843633785,robot_3,-0.452,-1.134
1776766516,843653605,robot_1,0.493,1.621
1776766516,843662434,robot_4,0.498,-0.613
1776766516,843669682,robot_0,1.673,-0.073
1776766516,843677359,robot_2,-1.253,0.578
1776766517,45759816,robot_3,-0.452,-1.134
1776766517,45781711,robot_1,0.493,1.621
1776766517,45792147,robot_4,0.498,-0.612
1776766517,45800976,robot_0,1.673,-0.073
1776766517,45808678,robot_2,-1.253,0.579
1776766517,264303067,robot_3,-0.452,-1.134
1776766517,264323531,robot_1,0.494,1.621
1776766517,264332861,robot_4,0.499,-0.612
1776766517,264340821,robot_0,1.674,-0.073
1776766517,264347447,robot_2,-1.295,0.570
1776766517,484448345,robot_3,-0.452,-1.135
1776766517,484471712,robot_1,0.493,1.630
1776766517,484483380,robot_4,0.499,-0.611
1776766517,484493611,robot_0,1.674,-0.072
1776766517,484503256,robot_2,-1.341,0.560
1776766517,702704812,robot_3,-0.451,-1.135
1776766517,702725022,robot_1,0.491,1.688
1776766517,702733361,robot_4,0.499,-0.611
1776766517,702739494,robot_0,1.674,-0.072
1776766517,702745691,robot_2,-1.379,0.552
1776766517,903366530,robot_3,-0.451,-1.135
1776766517,903390295,robot_1,0.490,1.729
1776766517,903402621,robot_4,0.499,-0.610
1776766517,903413089,robot_0,1.675,-0.072
1776766517,903422016,robot_2,-1.380,0.552
1776766518,103939704,robot_3,-0.451,-1.136
1776766518,103955304,robot_1,0.489,1.760
1776766518,103964924,robot_4,0.499,-0.610
1776766518,103972071,robot_0,1.675,-0.071
1776766518,103978819,robot_2,-1.380,0.553
1776766518,303985782,robot_3,-0.450,-1.136
1776766518,304006060,robot_1,0.488,1.781
1776766518,304015853,robot_4,0.498,-0.610
1776766518,304024284,robot_0,1.675,-0.071
1776766518,304033012,robot_2,-1.380,0.553
1776766518,504027099,robot_3,-0.450,-1.136
1776766518,504058037,robot_1,0.487,1.820
1776766518,504080081,robot_4,0.498,-0.609
1776766518,504096448,robot_0,1.675,-0.070
1776766518,504113843,robot_2,-1.380,0.553
1776766518,722431960,robot_3,-0.449,-1.136
1776766518,722447541,robot_1,0.485,1.877
1776766518,722454092,robot_4,0.498,-0.609
1776766518,722458877,robot_0,1.675,-0.070
1776766518,722464143,robot_2,-1.381,0.554
1776766518,923901098,robot_3,-0.449,-1.136
1776766518,923918036,robot_1,0.483,1.942
1776766518,923925784,robot_4,0.497,-0.609
1776766518,923932295,robot_0,1.675,-0.070
1776766518,923938797,robot_2,-1.381,0.554
1776766519,143630084,robot_3,-0.449,-1.136
1776766519,143647522,robot_1,0.483,1.957
1776766519,143654314,robot_4,0.497,-0.609
1776766519,143660098,robot_0,1.674,-0.069
1776766519,143665608,robot_2,-1.382,0.554
1776766519,343930745,robot_3,-0.449,-1.136
1776766519,343947955,robot_1,0.483,1.958
1776766519,343956199,robot_4,0.497,-0.609
1776766519,343962699,robot_0,1.674,-0.069
1776766519,343969604,robot_2,-1.382,0.554
1776766519,563895061,robot_3,-0.448,-1.135
1776766519,563914645,robot_1,0.484,1.958
1776766519,563924859,robot_4,0.497,-0.609
1776766519,563932794,robot_0,1.674,-0.069
1776766519,563940360,robot_2,-1.382,0.554
1776766519,764486567,robot_3,-0.448,-1.135
1776766519,764509256,robot_1,0.484,1.958
1776766519,764520020,robot_4,0.497,-0.609
1776766519,764528690,robot_0,1.658,-0.082
1776766519,764539762,robot_2,-1.383,0.554
1776766519,983254736,robot_3,-0.448,-1.135
1776766519,983278909,robot_1,0.484,1.958
1776766519,983292610,robot_4,0.496,-0.609
1776766519,983303130,robot_0,1.628,-0.107
1776766519,983312769,robot_2,-1.383,0.554
1776766520,184453566,robot_3,-0.447,-1.134
1776766520,184486167,robot_1,0.484,1.959
1776766520,184502331,robot_4,0.496,-0.609
1776766520,184516270,robot_0,1.628,-0.107
1776766520,184527546,robot_2,-1.384,0.553
1776766520,403294281,robot_3,-0.447,-1.134
1776766520,403313795,robot_1,0.485,1.959
1776766520,403323208,robot_4,0.496,-0.609
1776766520,403330763,robot_0,1.627,-0.107
1776766520,403337552,robot_2,-1.384,0.553
1776766520,622358502,robot_3,-0.447,-1.133
1776766520,622373211,robot_1,0.485,1.959
1776766520,622379500,robot_4,0.495,-0.609
1776766520,622384815,robot_0,1.627,-0.107
1776766520,622389903,robot_2,-1.384,0.553
1776766520,823289841,robot_3,-0.447,-1.133
1776766520,823305481,robot_1,0.485,1.960
1776766520,823312309,robot_4,0.495,-0.609
1776766520,823317161,robot_0,1.627,-0.107
1776766520,823322676,robot_2,-1.384,0.552
1776766521,43304786,robot_3,-0.447,-1.133
1776766521,43319519,robot_1,0.485,1.960
1776766521,43326341,robot_4,0.494,-0.610
1776766521,43331984,robot_0,1.626,-0.107
1776766521,43337380,robot_2,-1.384,0.552
1776766521,243910813,robot_3,-0.448,-1.132
1776766521,243935665,robot_1,0.485,1.961
1776766521,243949115,robot_4,0.494,-0.610
1776766521,243961968,robot_0,1.626,-0.107
1776766521,243972987,robot_2,-1.384,0.551
1776766521,462189798,robot_3,-0.448,-1.132
1776766521,462204134,robot_1,0.484,1.961
1776766521,462210551,robot_4,0.494,-0.610
1776766521,462215811,robot_0,1.625,-0.107
1776766521,462220965,robot_2,-1.384,0.551
1776766521,662937703,robot_3,-0.448,-1.132
1776766521,662956671,robot_1,0.484,1.961
1776766521,662963174,robot_4,0.494,-0.611
1776766521,662968428,robot_0,1.625,-0.107
1776766521,662973506,robot_2,-1.352,0.555
1776766521,882132374,robot_3,-0.449,-1.131
1776766521,882148480,robot_1,0.484,1.962
1776766521,882156009,robot_4,0.494,-0.611
1776766521,882163041,robot_0,1.624,-0.107
1776766521,882169516,robot_2,-1.311,0.560
1776766522,82224636,robot_3,-0.449,-1.131
1776766522,82240074,robot_1,0.483,1.962
1776766522,82246472,robot_4,0.494,-0.612
1776766522,82251595,robot_0,1.624,-0.108
1776766522,82256656,robot_2,-1.269,0.566
1776766522,284023753,robot_3,-0.450,-1.131
1776766522,284050464,robot_1,0.483,1.962
1776766522,284064829,robot_4,0.494,-0.612
1776766522,284076245,robot_0,1.624,-0.108
1776766522,284087951,robot_2,-1.222,0.572
1776766522,484298941,robot_3,-0.450,-1.131
1776766522,484320834,robot_1,0.483,1.962
1776766522,484332541,robot_4,0.494,-0.612
1776766522,484342507,robot_0,1.624,-0.108
1776766522,484351422,robot_2,-1.197,0.575
1776766522,702748482,robot_3,-0.450,-1.131
1776766522,702769271,robot_1,0.482,1.949
1776766522,702776442,robot_4,0.495,-0.613
1776766522,702782416,robot_0,1.624,-0.109
1776766522,702788558,robot_2,-1.197,0.575
1776766522,904357174,robot_3,-0.451,-1.131
1776766522,904375559,robot_1,0.480,1.909
1776766522,904384729,robot_4,0.495,-0.613
1776766522,904392280,robot_0,1.624,-0.109
1776766522,904399817,robot_2,-1.197,0.574
1776766523,123953287,robot_3,-0.451,-1.131
1776766523,123983377,robot_1,0.476,1.840
1776766523,124000848,robot_4,0.507,-0.598
1776766523,124014813,robot_0,1.624,-0.110
1776766523,124026942,robot_2,-1.196,0.574
1776766523,342393507,robot_3,-0.451,-1.131
1776766523,342407691,robot_1,0.474,1.793
1776766523,342414071,robot_4,0.536,-0.560
1776766523,342420128,robot_0,1.624,-0.110
1776766523,342425224,robot_2,-1.196,0.574
1776766523,562196247,robot_3,-0.451,-1.132
1776766523,562211870,robot_1,0.474,1.793
1776766523,562218840,robot_4,0.578,-0.506
1776766523,562224225,robot_0,1.624,-0.110
1776766523,562229188,robot_2,-1.196,0.573
1776766523,764169958,robot_3,-0.451,-1.132
1776766523,764190274,robot_1,0.474,1.793
1776766523,764199266,robot_4,0.595,-0.484
1776766523,764206707,robot_0,1.624,-0.111
1776766523,764214203,robot_2,-1.195,0.573
1776766523,983755777,robot_3,-0.452,-1.132
1776766523,983774450,robot_1,0.473,1.793
1776766523,983783756,robot_4,0.595,-0.484
1776766523,983791485,robot_0,1.624,-0.111
1776766523,983799068,robot_2,-1.195,0.573
1776766524,184188115,robot_3,-0.452,-1.133
1776766524,184209562,robot_1,0.473,1.793
1776766524,184216710,robot_4,0.596,-0.484
1776766524,184222472,robot_0,1.624,-0.111
1776766524,184228021,robot_2,-1.194,0.573
1776766524,403596592,robot_3,-0.452,-1.133
1776766524,403614091,robot_1,0.473,1.792
1776766524,403622959,robot_4,0.596,-0.484
1776766524,403629276,robot_0,1.625,-0.111
1776766524,403636004,robot_2,-1.194,0.573
1776766524,623844966,robot_3,-0.452,-1.134
1776766524,623865676,robot_1,0.472,1.792
1776766524,623876714,robot_4,0.597,-0.484
1776766524,623886359,robot_0,1.625,-0.111
1776766524,623895504,robot_2,-1.193,0.573
1776766524,844388213,robot_3,-0.452,-1.134
1776766524,844417309,robot_1,0.472,1.792
1776766524,844432189,robot_4,0.597,-0.484
1776766524,844443885,robot_0,1.625,-0.111
1776766524,844454390,robot_2,-1.193,0.574
1776766525,63376623,robot_3,-0.452,-1.134
1776766525,63392540,robot_1,0.472,1.791
1776766525,63399743,robot_4,0.597,-0.484
1776766525,63405699,robot_0,1.626,-0.111
1776766525,63411325,robot_2,-1.193,0.574
1776766525,264202984,robot_3,-0.452,-1.135
1776766525,264221051,robot_1,0.472,1.791
1776766525,264231147,robot_4,0.598,-0.484
1776766525,264239982,robot_0,1.626,-0.111
1776766525,264248524,robot_2,-1.192,0.574
1776766525,483521011,robot_3,-0.452,-1.135
1776766525,483551414,robot_1,0.472,1.790
1776766525,483566944,robot_4,0.598,-0.483
1776766525,483579516,robot_0,1.627,-0.111
1776766525,483590752,robot_2,-1.192,0.575
1776766525,703615588,robot_3,-0.451,-1.135
1776766525,703638718,robot_1,0.472,1.790
1776766525,703649939,robot_4,0.598,-0.483
1776766525,703658839,robot_0,1.627,-0.111
1776766525,703667179,robot_2,-1.192,0.575
1776766525,923437673,robot_3,-0.451,-1.135
1776766525,923451568,robot_1,0.473,1.789
1776766525,923458374,robot_4,0.599,-0.483
1776766525,923464275,robot_0,1.628,-0.111
1776766525,923469413,robot_2,-1.192,0.576
1776766526,144492293,robot_3,-0.451,-1.136
1776766526,144510875,robot_1,0.473,1.789
1776766526,144517263,robot_4,0.599,-0.482
1776766526,144522893,robot_0,1.628,-0.111
1776766526,144527936,robot_2,-1.192,0.576
1776766526,362114325,robot_3,-0.450,-1.136
1776766526,362129341,robot_1,0.473,1.789
1776766526,362135883,robot_4,0.599,-0.482
1776766526,362141558,robot_0,1.628,-0.110
1776766526,362146970,robot_2,-1.209,0.575
1776766526,563358755,robot_3,-0.450,-1.136
1776766526,563373846,robot_1,0.474,1.789
1776766526,563380642,robot_4,0.599,-0.481
1776766526,563385584,robot_0,1.628,-0.110
1776766526,563390605,robot_2,-1.248,0.573
1776766526,764238257,robot_3,-0.449,-1.136
1776766526,764257502,robot_1,0.474,1.789
1776766526,764266254,robot_4,0.598,-0.481
1776766526,764273567,robot_0,1.628,-0.109
1776766526,764280907,robot_2,-1.252,0.573
1776766526,964482892,robot_3,-0.449,-1.136
1776766526,964506143,robot_1,0.474,1.789
1776766526,964516859,robot_4,0.598,-0.480
1776766526,964526521,robot_0,1.628,-0.109
1776766526,964535383,robot_2,-1.252,0.573
1776766527,182703730,robot_3,-0.449,-1.136
1776766527,182724528,robot_1,0.474,1.789
1776766527,182731930,robot_4,0.598,-0.480
1776766527,182737370,robot_0,1.628,-0.108
1776766527,182743125,robot_2,-1.252,0.574
1776766527,384332267,robot_3,-0.448,-1.135
1776766527,384348405,robot_1,0.474,1.789
1776766527,384355337,robot_4,0.598,-0.480
1776766527,384361153,robot_0,1.628,-0.108
1776766527,384366184,robot_2,-1.253,0.574
1776766527,602158108,robot_3,-0.448,-1.135
1776766527,602172329,robot_1,0.475,1.789
1776766527,602179153,robot_4,0.598,-0.480
1776766527,602184448,robot_0,1.628,-0.108
1776766527,602189028,robot_2,-1.253,0.575
1776766527,803003894,robot_3,-0.448,-1.135
1776766527,803019538,robot_1,0.475,1.789
1776766527,803026014,robot_4,0.598,-0.480
1776766527,803031217,robot_0,1.628,-0.108
1776766527,803037081,robot_2,-1.253,0.575
1776766528,4511000,robot_3,-0.447,-1.134
1776766528,4532930,robot_1,0.475,1.789
1776766528,4552129,robot_4,0.597,-0.480
1776766528,4562229,robot_0,1.620,-0.112
1776766528,4571472,robot_2,-1.254,0.575
1776766528,222449970,robot_3,-0.447,-1.134
1776766528,222464993,robot_1,0.476,1.789
1776766528,222471422,robot_4,0.597,-0.480
1776766528,222477258,robot_0,1.553,-0.151
1776766528,222483093,robot_2,-1.254,0.575
1776766528,424444704,robot_3,-0.447,-1.133
1776766528,424457770,robot_1,0.476,1.789
1776766528,424464073,robot_4,0.597,-0.480
1776766528,424469771,robot_0,1.529,-0.165
1776766528,424474710,robot_2,-1.255,0.575
1776766528,643738079,robot_3,-0.447,-1.133
1776766528,643756879,robot_1,0.476,1.790
1776766528,643763636,robot_4,0.596,-0.480
1776766528,643768896,robot_0,1.528,-0.165
1776766528,643774696,robot_2,-1.255,0.575
1776766528,843960523,robot_3,-0.447,-1.133
1776766528,843978746,robot_1,0.477,1.790
1776766528,843992117,robot_4,0.596,-0.480
1776766528,844000671,robot_0,1.528,-0.165
1776766528,844007764,robot_2,-1.255,0.575
1776766529,63852098,robot_3,-0.447,-1.133
1776766529,63868982,robot_1,0.477,1.791
1776766529,63876310,robot_4,0.595,-0.480
1776766529,63882789,robot_0,1.528,-0.165
1776766529,63888415,robot_2,-1.256,0.575
1776766529,284317920,robot_3,-0.448,-1.133
1776766529,284343594,robot_1,0.477,1.791
1776766529,284356065,robot_4,0.595,-0.480
1776766529,284367197,robot_0,1.527,-0.164
1776766529,284376465,robot_2,-1.256,0.574
1776766529,503016509,robot_3,-0.448,-1.132
1776766529,503031018,robot_1,0.477,1.791
1776766529,503037587,robot_4,0.595,-0.480
1776766529,503042790,robot_0,1.527,-0.164
1776766529,503047992,robot_2,-1.257,0.574
1776766529,703123144,robot_3,-0.448,-1.132
1776766529,703152580,robot_1,0.477,1.792
1776766529,703166513,robot_4,0.594,-0.481
1776766529,703178310,robot_0,1.526,-0.164
1776766529,703187755,robot_2,-1.257,0.574
1776766529,903146728,robot_3,-0.448,-1.132
1776766529,903165066,robot_1,0.476,1.792
1776766529,903173507,robot_4,0.594,-0.481
1776766529,903180403,robot_0,1.526,-0.164
1776766529,903186803,robot_2,-1.257,0.573
1776766530,103194701,robot_3,-0.449,-1.131
1776766530,103212565,robot_1,0.476,1.793
1776766530,103220580,robot_4,0.594,-0.481
1776766530,103227003,robot_0,1.526,-0.165
1776766530,103232882,robot_2,-1.257,0.573
1776766530,304566185,robot_3,-0.449,-1.131
1776766530,304595046,robot_1,0.476,1.793
1776766530,304609522,robot_4,0.594,-0.482
1776766530,304621086,robot_0,1.525,-0.165
1776766530,304632200,robot_2,-1.252,0.572
1776766530,522586181,robot_3,-0.450,-1.131
1776766530,522601094,robot_1,0.475,1.793
1776766530,522607907,robot_4,0.594,-0.482
1776766530,522613060,robot_0,1.525,-0.165
1776766530,522618388,robot_2,-1.184,0.569
1776766530,723561235,robot_3,-0.450,-1.131
1776766530,723583883,robot_1,0.475,1.793
1776766530,723593244,robot_4,0.594,-0.483
1776766530,723600617,robot_0,1.525,-0.166
1776766530,723607947,robot_2,-1.153,0.567
1776766530,942195187,robot_3,-0.450,-1.131
1776766530,942209472,robot_1,0.475,1.793
1776766530,942216382,robot_4,0.594,-0.483
1776766530,942221869,robot_0,1.524,-0.166
1776766530,942227156,robot_2,-1.153,0.566
1776766531,143151612,robot_3,-0.451,-1.131
1776766531,143171522,robot_1,0.470,1.773
1776766531,143178011,robot_4,0.595,-0.483
1776766531,143184841,robot_0,1.524,-0.166
1776766531,143191058,robot_2,-1.153,0.566
1776766531,362491545,robot_3,-0.451,-1.131
1776766531,362505826,robot_1,0.461,1.729
1776766531,362512103,robot_4,0.600,-0.479
1776766531,362517425,robot_0,1.524,-0.167
1776766531,362522582,robot_2,-1.153,0.566
1776766531,562721931,robot_3,-0.451,-1.132
1776766531,562738334,robot_1,0.452,1.687
1776766531,562745534,robot_4,0.629,-0.452
1776766531,562751488,robot_0,1.524,-0.167
1776766531,562757245,robot_2,-1.153,0.565
1776766531,783197580,robot_3,-0.451,-1.132
1776766531,783212767,robot_1,0.443,1.643
1776766531,783219395,robot_4,0.639,-0.443
1776766531,783225301,robot_0,1.525,-0.168
1776766531,783230743,robot_2,-1.152,0.565
1776766531,983338357,robot_3,-0.452,-1.132
1776766531,983366121,robot_1,0.434,1.601
1776766531,983381438,robot_4,0.639,-0.443
1776766531,983393260,robot_0,1.525,-0.168
1776766531,983405118,robot_2,-1.152,0.565
1776766532,202524605,robot_3,-0.452,-1.133
1776766532,202546161,robot_1,0.421,1.549
1776766532,202555367,robot_4,0.639,-0.443
1776766532,202561222,robot_0,1.551,-0.155
1776766532,202566507,robot_2,-1.152,0.564
1776766532,423700064,robot_3,-0.452,-1.133
1776766532,423727414,robot_1,0.419,1.538
1776766532,423743109,robot_4,0.640,-0.443
1776766532,423756670,robot_0,1.579,-0.142
1776766532,423768588,robot_2,-1.151,0.564
1776766532,624655817,robot_3,-0.452,-1.134
1776766532,624684801,robot_1,0.419,1.538
1776766532,624700055,robot_4,0.640,-0.443
1776766532,624713443,robot_0,1.579,-0.142
1776766532,624724606,robot_2,-1.151,0.564
1776766532,825069469,robot_3,-0.452,-1.134
1776766532,825102318,robot_1,0.418,1.538
1776766532,825118641,robot_4,0.641,-0.443
1776766532,825132006,robot_0,1.579,-0.142
1776766532,825144722,robot_2,-1.150,0.564
1776766533,43093628,robot_3,-0.452,-1.134
1776766533,43109423,robot_1,0.418,1.538
1776766533,43117291,robot_4,0.641,-0.443
1776766533,43123354,robot_0,1.580,-0.143
1776766533,43128703,robot_2,-1.150,0.564
1776766533,244527545,robot_3,-0.452,-1.135
1776766533,244560267,robot_1,0.417,1.538
1776766533,244574880,robot_4,0.642,-0.443
1776766533,244585815,robot_0,1.580,-0.143
1776766533,244596589,robot_2,-1.149,0.565
1776766533,463844964,robot_3,-0.451,-1.135
1776766533,463865586,robot_1,0.417,1.538
1776766533,463876053,robot_4,0.642,-0.443
1776766533,463884224,robot_0,1.580,-0.143
1776766533,463893208,robot_2,-1.149,0.565
1776766533,664765048,robot_3,-0.451,-1.135
1776766533,664784965,robot_1,0.417,1.537
1776766533,664792619,robot_4,0.642,-0.442
1776766533,664797770,robot_0,1.581,-0.143
1776766533,664803297,robot_2,-1.149,0.565
1776766533,883302309,robot_3,-0.451,-1.136
1776766533,883327491,robot_1,0.416,1.537
1776766533,883340153,robot_4,0.642,-0.442
1776766533,883350400,robot_0,1.581,-0.143
1776766533,883359752,robot_2,-1.149,0.565
1776766534,83909842,robot_3,-0.450,-1.136
1776766534,83938278,robot_1,0.416,1.537
1776766534,83953079,robot_4,0.643,-0.442
1776766534,83964713,robot_0,1.582,-0.143
1776766534,83976265,robot_2,-1.148,0.566
1776766534,302377103,robot_3,-0.450,-1.136
1776766534,302391979,robot_1,0.416,1.536
1776766534,302398815,robot_4,0.643,-0.441
1776766534,302404450,robot_0,1.582,-0.143
1776766534,302409671,robot_2,-1.148,0.566
1776766534,504296740,robot_3,-0.449,-1.136
1776766534,504314934,robot_1,0.416,1.536
1776766534,504323325,robot_4,0.643,-0.441
1776766534,504330111,robot_0,1.583,-0.143
1776766534,504337445,robot_2,-1.153,0.567
1776766534,704494376,robot_3,-0.449,-1.136
1776766534,704520637,robot_1,0.416,1.535
1776766534,704532726,robot_4,0.643,-0.440
1776766534,704550907,robot_0,1.583,-0.142
1776766534,704563459,robot_2,-1.192,0.575
1776766534,923324372,robot_3,-0.449,-1.136
1776766534,923347171,robot_1,0.416,1.535
1776766534,923358755,robot_4,0.643,-0.440
1776766534,923368505,robot_0,1.583,-0.142
1776766534,923377505,robot_2,-1.207,0.578
1776766535,124089574,robot_3,-0.449,-1.136
1776766535,124116938,robot_1,0.416,1.535
1776766535,124132201,robot_4,0.642,-0.440
1776766535,124143307,robot_0,1.583,-0.141
1776766535,124153352,robot_2,-1.207,0.578
1776766535,342558169,robot_3,-0.449,-1.136
1776766535,342572946,robot_1,0.417,1.534
1776766535,342579166,robot_4,0.642,-0.439
1776766535,342584756,robot_0,1.583,-0.141
1776766535,342589878,robot_2,-1.207,0.579
1776766535,542912660,robot_3,-0.450,-1.136
1776766535,542932150,robot_1,0.417,1.534
1776766535,542941126,robot_4,0.642,-0.439
1776766535,542948523,robot_0,1.583,-0.141
1776766535,542956242,robot_2,-1.208,0.579
1776766535,762823222,robot_3,-0.450,-1.136
1776766535,762840963,robot_1,0.417,1.534
1776766535,762849943,robot_4,0.622,-0.455
1776766535,762856688,robot_0,1.583,-0.140
1776766535,762863599,robot_2,-1.208,0.579
1776766535,982415453,robot_3,-0.451,-1.135
1776766535,982430563,robot_1,0.418,1.534
1776766535,982437288,robot_4,0.597,-0.475
1776766535,982443568,robot_0,1.583,-0.140
1776766535,982449718,robot_2,-1.208,0.580
1776766536,184499172,robot_3,-0.451,-1.135
1776766536,184517335,robot_1,0.418,1.534
1776766536,184524491,robot_4,0.597,-0.475
1776766536,184529950,robot_0,1.583,-0.140
1776766536,184535211,robot_2,-1.208,0.580
1776766536,402482500,robot_3,-0.451,-1.135
1776766536,402497156,robot_1,0.431,1.564
1776766536,402504118,robot_4,0.597,-0.475
1776766536,402509333,robot_0,1.547,-0.154
1776766536,402514106,robot_2,-1.209,0.580
1776766536,604162736,robot_3,-0.452,-1.134
1776766536,604184011,robot_1,0.449,1.603
1776766536,604193362,robot_4,0.596,-0.474
1776766536,604201867,robot_0,1.492,-0.175
1776766536,604209245,robot_2,-1.209,0.580
1776766536,822797151,robot_3,-0.452,-1.134
1776766536,822812985,robot_1,0.470,1.649
1776766536,822819991,robot_4,0.596,-0.474
1776766536,822825779,robot_0,1.451,-0.191
1776766536,822830591,robot_2,-1.210,0.580
1776766537,23336052,robot_3,-0.452,-1.133
1776766537,23354090,robot_1,0.472,1.654
1776766537,23362580,robot_4,0.595,-0.474
1776766537,23369242,robot_0,1.445,-0.194
1776766537,23375567,robot_2,-1.210,0.580
1776766537,223839494,robot_3,-0.452,-1.133
1776766537,223860023,robot_1,0.473,1.654
1776766537,223870138,robot_4,0.595,-0.474
1776766537,223878076,robot_0,1.444,-0.194
1776766537,223885999,robot_2,-1.210,0.580
1776766537,443832064,robot_3,-0.452,-1.134
1776766537,443858574,robot_1,0.473,1.654
1776766537,443871756,robot_4,0.595,-0.474
1776766537,443884183,robot_0,1.444,-0.193
1776766537,443894953,robot_2,-1.211,0.580
1776766537,645855092,robot_3,-0.452,-1.134
1776766537,645878032,robot_1,0.473,1.654
1776766537,645888836,robot_4,0.594,-0.474
1776766537,645896518,robot_0,1.444,-0.193
1776766537,645904589,robot_2,-1.211,0.580
1776766537,864153817,robot_3,-0.451,-1.134
1776766537,864169269,robot_1,0.474,1.654
1776766537,864175874,robot_4,0.594,-0.475
1776766537,864181148,robot_0,1.443,-0.193
1776766537,864186583,robot_2,-1.212,0.580
1776766538,83223080,robot_3,-0.451,-1.135
1776766538,83247534,robot_1,0.474,1.655
1776766538,83259512,robot_4,0.593,-0.475
1776766538,83269543,robot_0,1.443,-0.193
1776766538,83278983,robot_2,-1.212,0.579
1776766538,302142906,robot_3,-0.451,-1.135
1776766538,302157524,robot_1,0.475,1.655
1776766538,302164319,robot_4,0.593,-0.475
1776766538,302170056,robot_0,1.443,-0.193
1776766538,302175453,robot_2,-1.212,0.579
1776766538,502203050,robot_3,-0.450,-1.135
1776766538,502216718,robot_1,0.475,1.655
1776766538,502223354,robot_4,0.593,-0.476
1776766538,502228632,robot_0,1.442,-0.193
1776766538,502233565,robot_2,-1.212,0.578
1776766538,703359026,robot_3,-0.450,-1.135
1776766538,703378869,robot_1,0.475,1.656
1776766538,703386719,robot_4,0.593,-0.476
1776766538,703394328,robot_0,1.442,-0.193
1776766538,703401698,robot_2,-1.212,0.578
1776766538,903876017,robot_3,-0.449,-1.135
1776766538,903902571,robot_1,0.475,1.656
1776766538,903915751,robot_4,0.593,-0.477
1776766538,903926472,robot_0,1.441,-0.193
1776766538,903936418,robot_2,-1.184,0.571
1776766539,123852201,robot_3,-0.449,-1.135
1776766539,123871182,robot_1,0.475,1.657
1776766539,123879882,robot_4,0.593,-0.477
1776766539,123886761,robot_0,1.441,-0.193
1776766539,123894965,robot_2,-1.138,0.560
1776766539,343255106,robot_3,-0.448,-1.135
1776766539,343273723,robot_1,0.475,1.657
1776766539,343282577,robot_4,0.593,-0.478
1776766539,343289428,robot_0,1.441,-0.194
1776766539,343296157,robot_2,-1.137,0.559
1776766539,543613223,robot_3,-0.448,-1.134
1776766539,543635899,robot_1,0.475,1.657
1776766539,543648018,robot_4,0.593,-0.478
1776766539,543657161,robot_0,1.440,-0.194
1776766539,543665784,robot_2,-1.137,0.559
1776766539,763131308,robot_3,-0.448,-1.134
1776766539,763148791,robot_1,0.475,1.658
1776766539,763157028,robot_4,0.593,-0.478
1776766539,763162811,robot_0,1.440,-0.194
1776766539,763168826,robot_2,-1.137,0.558
1776766539,983343379,robot_3,-0.448,-1.134
1776766539,983357719,robot_1,0.474,1.658
1776766539,983364256,robot_4,0.619,-0.461
1776766539,983369636,robot_0,1.440,-0.195
1776766539,983374348,robot_2,-1.137,0.558
1776766540,183940971,robot_3,-0.447,-1.133
1776766540,183965538,robot_1,0.474,1.658
1776766540,183973470,robot_4,0.644,-0.445
1776766540,183979420,robot_0,1.440,-0.195
1776766540,183985393,robot_2,-1.136,0.558
1776766540,403610660,robot_3,-0.447,-1.133
1776766540,403635482,robot_1,0.474,1.659
1776766540,403646082,robot_4,0.644,-0.445
1776766540,403654956,robot_0,1.440,-0.196
1776766540,403663689,robot_2,-1.136,0.557
1776766540,603610183,robot_3,-0.447,-1.132
1776766540,603630701,robot_1,0.467,1.647
1776766540,603639935,robot_4,0.644,-0.445
1776766540,603648326,robot_0,1.440,-0.196
1776766540,603655542,robot_2,-1.136,0.557
1776766540,823627892,robot_3,-0.447,-1.132
1776766540,823655369,robot_1,0.447,1.609
1776766540,823669734,robot_4,0.644,-0.445
1776766540,823682823,robot_0,1.440,-0.196
1776766540,823694497,robot_2,-1.135,0.557
1776766541,24670925,robot_3,-0.447,-1.132
1776766541,24694198,robot_1,0.445,1.606
1776766541,24706372,robot_4,0.645,-0.445
1776766541,24715068,robot_0,1.462,-0.190
1776766541,24723635,robot_2,-1.135,0.557
1776766541,243580285,robot_3,-0.447,-1.132
1776766541,243606107,robot_1,0.444,1.606
1776766541,243621304,robot_4,0.645,-0.446
1776766541,243632417,robot_0,1.476,-0.185
1776766541,243642378,robot_2,-1.134,0.557
1776766541,444152020,robot_3,-0.447,-1.133
1776766541,444167893,robot_1,0.444,1.606
1776766541,444176677,robot_4,0.646,-0.446
1776766541,444183228,robot_0,1.476,-0.185
1776766541,444189722,robot_2,-1.134,0.557
