stamp_sec,stamp_nsec,robot,x,y
1777296226,576847794,robot_4,2.156,1.196
1777296226,576891416,robot_1,2.788,3.663
1777296226,576911630,robot_2,-1.753,-1.727
1777296226,576930516,robot_0,4.578,-3.243
1777296226,576948705,robot_3,4.579,-0.008
1777296226,789165043,robot_4,2.156,1.196
1777296226,789189176,robot_1,2.788,3.663
1777296226,789197820,robot_2,-1.753,-1.727
1777296226,789205342,robot_0,4.578,-3.243
1777296226,789211785,robot_3,4.579,-0.008
1777296226,994080621,robot_4,2.156,1.196
1777296226,994099986,robot_1,2.786,3.658
1777296226,994106823,robot_2,-1.741,-1.728
1777296226,994112978,robot_0,4.611,-3.240
1777296226,994124215,robot_3,4.590,-0.008
1777296227,195443875,robot_4,2.157,1.196
1777296227,195474856,robot_1,2.783,3.653
1777296227,195487656,robot_2,-1.728,-1.728
1777296227,195500037,robot_0,4.672,-3.235
1777296227,195512138,robot_3,4.602,-0.007
1777296227,396185123,robot_4,2.157,1.196
1777296227,396203081,robot_1,2.780,3.650
1777296227,396211342,robot_2,-1.721,-1.728
1777296227,396217876,robot_0,4.732,-3.228
1777296227,396224054,robot_3,4.610,-0.007
1777296227,596304245,robot_4,2.157,1.196
1777296227,596321926,robot_1,2.780,3.650
1777296227,596329256,robot_2,-1.721,-1.728
1777296227,596335138,robot_0,4.734,-3.222
1777296227,596341334,robot_3,4.610,-0.007
1777296227,815675465,robot_4,2.157,1.196
1777296227,815692693,robot_1,2.780,3.650
1777296227,815699902,robot_2,-1.721,-1.728
1777296227,815705224,robot_0,4.733,-3.220
1777296227,815710743,robot_3,4.610,-0.007
1777296228,15944907,robot_4,2.157,1.197
1777296228,15992261,robot_1,2.780,3.650
1777296228,16024431,robot_2,-1.721,-1.728
1777296228,16043584,robot_0,4.723,-3.219
1777296228,16060044,robot_3,4.610,-0.007
1777296228,434935594,robot_4,2.157,1.197
1777296228,434956677,robot_1,2.780,3.650
1777296228,434964726,robot_2,-1.721,-1.728
1777296228,434971972,robot_0,4.688,-3.210
1777296228,434978183,robot_3,4.610,-0.007
1777296229,254156565,robot_4,2.157,1.198
1777296229,254178424,robot_1,2.779,3.650
1777296229,254186494,robot_2,-1.721,-1.729
1777296229,254193238,robot_0,4.663,-3.187
1777296229,254199758,robot_3,4.610,-0.007
1777296229,454997539,robot_4,2.157,1.198
1777296229,455025653,robot_1,2.779,3.650
1777296229,455037449,robot_2,-1.721,-1.729
1777296229,455046474,robot_0,4.663,-3.187
1777296229,455054737,robot_3,4.610,-0.007
1777296229,655072914,robot_4,2.157,1.198
1777296229,655096257,robot_1,2.779,3.650
1777296229,655105743,robot_2,-1.721,-1.729
1777296229,655113398,robot_0,4.664,-3.188
1777296229,655121526,robot_3,4.610,-0.007
1777296230,276379280,robot_4,2.157,1.199
1777296230,276408253,robot_1,2.779,3.650
1777296230,276422866,robot_2,-1.721,-1.729
1777296230,276435377,robot_0,4.664,-3.188
1777296230,276446643,robot_3,4.610,-0.007
1777296230,894080854,robot_4,2.157,1.199
1777296230,894101695,robot_1,2.779,3.650
1777296230,894109674,robot_2,-1.721,-1.729
1777296230,894115930,robot_0,4.665,-3.187
1777296230,894121821,robot_3,4.610,-0.007
1777296231,94487210,robot_4,2.157,1.199
1777296231,94511158,robot_1,2.779,3.650
1777296231,94519077,robot_2,-1.721,-1.729
1777296231,94525254,robot_0,4.665,-3.187
1777296231,94531625,robot_3,4.610,-0.007
1777296231,295222886,robot_4,2.157,1.199
1777296231,295257294,robot_1,2.779,3.650
1777296231,295273751,robot_2,-1.721,-1.729
1777296231,295285604,robot_0,4.666,-3.187
1777296231,295297462,robot_3,4.610,-0.007
1777296231,496138545,robot_4,2.158,1.199
1777296231,496158020,robot_1,2.779,3.650
1777296231,496165459,robot_2,-1.721,-1.729
1777296231,496171887,robot_0,4.664,-3.191
1777296231,496178015,robot_3,4.610,-0.007
1777296231,915645504,robot_4,2.158,1.199
1777296231,915678361,robot_1,2.779,3.650
1777296231,915696302,robot_2,-1.721,-1.729
1777296231,915712080,robot_0,4.668,-3.193
1777296231,915726218,robot_3,4.610,-0.007
1777296232,335271472,robot_4,2.158,1.200
1777296232,335295314,robot_1,2.779,3.650
1777296232,335305183,robot_2,-1.721,-1.729
1777296232,335313259,robot_0,4.670,-3.193
1777296232,335321307,robot_3,4.610,-0.007
1777296232,756326813,robot_4,2.158,1.200
1777296232,756370480,robot_1,2.779,3.650
1777296232,756386641,robot_2,-1.721,-1.729
1777296232,756400353,robot_0,4.650,-3.192
1777296232,756412657,robot_3,4.610,-0.008
1777296233,176075510,robot_4,2.158,1.200
1777296233,176100249,robot_1,2.779,3.650
1777296233,176110659,robot_2,-1.721,-1.729
1777296233,176119537,robot_0,4.565,-3.190
1777296233,176128147,robot_3,4.610,-0.008
1777296233,795580607,robot_4,2.158,1.200
1777296233,795604320,robot_1,2.779,3.650
1777296233,795614589,robot_2,-1.721,-1.729
1777296233,795622784,robot_0,4.420,-3.186
1777296233,795631720,robot_3,4.610,-0.008
1777296234,414430422,robot_4,2.158,1.201
1777296234,414454076,robot_1,2.779,3.650
1777296234,414463997,robot_2,-1.721,-1.729
1777296234,414471713,robot_0,4.406,-3.186
1777296234,414479094,robot_3,4.610,-0.008
1777296234,834636552,robot_4,2.158,1.201
1777296234,834658642,robot_1,2.779,3.650
1777296234,834666864,robot_2,-1.720,-1.730
1777296234,834673450,robot_0,4.406,-3.185
1777296234,834680170,robot_3,4.610,-0.008
1777296235,35752883,robot_4,2.158,1.201
1777296235,35781186,robot_1,2.779,3.650
1777296235,35792392,robot_2,-1.720,-1.730
1777296235,35801112,robot_0,4.406,-3.184
1777296235,35809611,robot_3,4.610,-0.008
1777296235,454838407,robot_4,2.158,1.202
1777296235,454862045,robot_1,2.779,3.650
1777296235,454871185,robot_2,-1.720,-1.730
1777296235,454878144,robot_0,4.405,-3.184
1777296235,454885441,robot_3,4.610,-0.008
1777296235,654996641,robot_4,2.158,1.202
1777296235,655025310,robot_1,2.779,3.650
1777296235,655035545,robot_2,-1.719,-1.730
1777296235,655043542,robot_0,4.404,-3.184
1777296235,655051265,robot_3,4.610,-0.008
1777296236,275243467,robot_4,2.158,1.202
1777296236,275279910,robot_1,2.779,3.650
1777296236,275297886,robot_2,-1.726,-1.710
1777296236,275311671,robot_0,4.405,-3.215
1777296236,275324651,robot_3,4.610,-0.008
1777296236,475470697,robot_4,2.158,1.202
1777296236,475495233,robot_1,2.779,3.650
1777296236,475505602,robot_2,-1.738,-1.673
1777296236,475514069,robot_0,4.406,-3.252
1777296236,475521863,robot_3,4.610,-0.008
1777296237,295902529,robot_4,2.158,1.202
1777296237,295938026,robot_1,2.779,3.650
1777296237,295954090,robot_2,-1.796,-1.488
1777296237,295966165,robot_0,4.410,-3.440
1777296237,295977716,robot_3,4.610,-0.008
1777296237,915174680,robot_4,2.158,1.203
1777296237,915200576,robot_1,2.779,3.650
1777296237,915210949,robot_2,-1.831,-1.385
1777296237,915219584,robot_0,4.414,-3.590
1777296237,915227448,robot_3,4.610,-0.008
1777296238,116100358,robot_4,2.158,1.203
1777296238,116120734,robot_1,2.779,3.650
1777296238,116127969,robot_2,-1.848,-1.335
1777296238,116135063,robot_0,4.416,-3.665
1777296238,116140791,robot_3,4.610,-0.008
1777296238,734218293,robot_4,2.158,1.203
1777296238,734240134,robot_1,2.779,3.650
1777296238,734248795,robot_2,-1.887,-1.220
1777296238,734255561,robot_0,4.421,-3.846
1777296238,734262189,robot_3,4.611,-0.008
1777296238,935525763,robot_4,2.158,1.204
1777296238,935558303,robot_1,2.779,3.650
1777296238,935573978,robot_2,-1.898,-1.186
1777296238,935587966,robot_0,4.422,-3.891
1777296238,935601456,robot_3,4.611,-0.008
1777296239,355358761,robot_4,2.158,1.204
1777296239,355396884,robot_1,2.779,3.650
1777296239,355411572,robot_2,-1.924,-1.103
1777296239,355424315,robot_0,4.424,-3.990
1777296239,355435435,robot_3,4.611,-0.008
1777296239,775347888,robot_4,2.158,1.204
1777296239,775369095,robot_1,2.779,3.650
1777296239,775377942,robot_2,-1.951,-1.023
1777296239,775384177,robot_0,4.427,-4.089
1777296239,775399482,robot_3,4.611,-0.008
1777296240,594358039,robot_4,2.158,1.204
1777296240,594380375,robot_1,2.779,3.650
1777296240,594387569,robot_2,-2.006,-0.869
1777296240,594402942,robot_0,4.432,-4.274
1777296240,594409560,robot_3,4.611,-0.008
1777296240,795126402,robot_4,2.159,1.205
1777296240,795147152,robot_1,2.779,3.650
1777296240,795155498,robot_2,-2.021,-0.831
1777296240,795162118,robot_0,4.433,-4.314
1777296240,795168344,robot_3,4.611,-0.008
1777296240,995353860,robot_4,2.159,1.205
1777296240,995373892,robot_1,2.779,3.650
1777296240,995382006,robot_2,-2.035,-0.795
1777296240,995388574,robot_0,4.434,-4.354
1777296240,995395084,robot_3,4.611,-0.008
1777296241,815465156,robot_4,2.159,1.205
1777296241,815487907,robot_1,2.779,3.650
1777296241,815498034,robot_2,-2.101,-0.621
1777296241,815505987,robot_0,4.436,-4.388
1777296241,815513667,robot_3,4.611,-0.008
1777296242,235072322,robot_4,2.159,1.206
1777296242,235094823,robot_1,2.779,3.650
1777296242,235103187,robot_2,-2.135,-0.535
1777296242,235110116,robot_0,4.435,-4.388
1777296242,235117132,robot_3,4.611,-0.008
1777296242,655199344,robot_4,2.159,1.206
1777296242,655220344,robot_1,2.779,3.650
1777296242,655228110,robot_2,-2.170,-0.444
1777296242,655234400,robot_0,4.435,-4.388
1777296242,655240532,robot_3,4.611,-0.008
1777296242,855801346,robot_4,2.159,1.206
1777296242,855821210,robot_1,2.779,3.650
1777296242,855829473,robot_2,-2.188,-0.399
1777296242,855836660,robot_0,4.434,-4.389
1777296242,855843813,robot_3,4.611,-0.008
1777296243,275065480,robot_4,2.159,1.206
1777296243,275097149,robot_1,2.779,3.650
1777296243,275113611,robot_2,-2.224,-0.308
1777296243,275127426,robot_0,4.434,-4.390
1777296243,275140736,robot_3,4.611,-0.008
1777296243,475622537,robot_4,2.159,1.206
1777296243,475651797,robot_1,2.779,3.650
1777296243,475665469,robot_2,-2.238,-0.270
1777296243,475677243,robot_0,4.434,-4.390
1777296243,475687429,robot_3,4.611,-0.008
1777296243,676255484,robot_4,2.159,1.206
1777296243,676285528,robot_1,2.779,3.650
1777296243,676300723,robot_2,-2.254,-0.227
1777296243,676313504,robot_0,4.434,-4.390
1777296243,676324964,robot_3,4.611,-0.008
1777296244,294966869,robot_4,2.159,1.206
1777296244,294999596,robot_1,2.779,3.650
1777296244,295020137,robot_2,-2.307,-0.084
1777296244,295033677,robot_0,4.434,-4.390
1777296244,295045992,robot_3,4.611,-0.008
1777296244,495123836,robot_4,2.159,1.207
1777296244,495151221,robot_1,2.779,3.650
1777296244,495158783,robot_2,-2.321,-0.046
1777296244,495165640,robot_0,4.434,-4.391
1777296244,495172075,robot_3,4.611,-0.008
1777296244,915221937,robot_4,2.159,1.207
1777296244,915242070,robot_1,2.779,3.650
1777296244,915249882,robot_2,-2.351,0.038
1777296244,915266074,robot_0,4.435,-4.391
1777296244,915272919,robot_3,4.611,-0.008
1777296245,534513125,robot_4,2.159,1.207
1777296245,534535901,robot_1,2.779,3.650
1777296245,534543273,robot_2,-2.390,0.144
1777296245,534549646,robot_0,4.436,-4.392
1777296245,534555791,robot_3,4.611,-0.008
1777296245,734770528,robot_4,2.159,1.207
1777296245,734796574,robot_1,2.779,3.650
1777296245,734808704,robot_2,-2.403,0.182
1777296245,734818802,robot_0,4.436,-4.392
1777296245,734827311,robot_3,4.611,-0.008
1777296245,934781953,robot_4,2.159,1.207
1777296245,934808102,robot_1,2.779,3.650
1777296245,934819902,robot_2,-2.416,0.222
1777296245,934830058,robot_0,4.437,-4.392
1777296245,934839043,robot_3,4.611,-0.008
1777296246,755198098,robot_4,2.159,1.208
1777296246,755230816,robot_1,2.779,3.650
1777296246,755240514,robot_2,-2.469,0.375
1777296246,755249192,robot_0,4.437,-4.392
1777296246,755257149,robot_3,4.611,-0.008
1777296247,774636404,robot_4,2.159,1.209
1777296247,774658402,robot_1,2.779,3.649
1777296247,774666696,robot_2,-2.532,0.556
1777296247,774674194,robot_0,4.439,-4.391
1777296247,774680936,robot_3,4.611,-0.008
1777296247,975335656,robot_4,2.159,1.209
1777296247,975368482,robot_1,2.779,3.649
1777296247,975383205,robot_2,-2.546,0.598
1777296247,975396080,robot_0,4.439,-4.390
1777296247,975408809,robot_3,4.611,-0.009
1777296248,394968246,robot_4,2.159,1.209
1777296248,394999830,robot_1,2.779,3.649
1777296248,395009885,robot_2,-2.580,0.702
1777296248,395016741,robot_0,4.439,-4.389
1777296248,395023470,robot_3,4.611,-0.009
1777296248,814954933,robot_4,2.159,1.209
1777296248,814985228,robot_1,2.779,3.649
1777296248,815000227,robot_2,-2.605,0.780
1777296248,815017121,robot_0,4.439,-4.389
1777296248,815029249,robot_3,4.611,-0.009
1777296249,434438281,robot_4,2.159,1.209
1777296249,434459476,robot_1,2.779,3.649
1777296249,434467615,robot_2,-2.643,0.887
1777296249,434474495,robot_0,4.439,-4.389
1777296249,434481105,robot_3,4.611,-0.009
1777296249,635491121,robot_4,2.159,1.209
1777296249,635514884,robot_1,2.779,3.649
1777296249,635525825,robot_2,-2.656,0.923
1777296249,635534560,robot_0,4.439,-4.390
1777296249,635542823,robot_3,4.611,-0.009
1777296250,256984294,robot_4,2.159,1.210
1777296250,257015324,robot_1,2.779,3.649
1777296250,257026438,robot_2,-2.702,1.047
1777296250,257046954,robot_0,4.438,-4.391
1777296250,257055124,robot_3,4.611,-0.009
1777296251,475923536,robot_4,2.159,1.211
1777296251,475957188,robot_1,2.779,3.649
1777296251,475972661,robot_2,-2.707,1.057
1777296251,475985986,robot_0,4.417,-4.304
1777296251,475997589,robot_3,4.611,-0.009
1777296251,675931596,robot_4,2.159,1.211
1777296251,675965026,robot_1,2.779,3.649
1777296251,675981520,robot_2,-2.707,1.057
1777296251,675996211,robot_0,4.409,-4.265
1777296251,676016179,robot_3,4.611,-0.009
1777296252,294624606,robot_4,2.159,1.211
1777296252,294644175,robot_1,2.779,3.649
1777296252,294651444,robot_2,-2.707,1.058
1777296252,294658190,robot_0,4.369,-4.096
1777296252,294664580,robot_3,4.611,-0.009
1777296252,495694924,robot_4,2.159,1.211
1777296252,495715276,robot_1,2.779,3.649
1777296252,495722939,robot_2,-2.663,1.071
1777296252,495729717,robot_0,4.362,-4.064
1777296252,495736396,robot_3,4.611,-0.009
1777296253,315769107,robot_4,2.160,1.211
1777296253,315800755,robot_1,2.779,3.649
1777296253,315809344,robot_2,-2.505,1.124
1777296253,315816929,robot_0,4.321,-3.904
1777296253,315824482,robot_3,4.612,-0.009
1777296253,734996033,robot_4,2.160,1.211
1777296253,735022077,robot_1,2.779,3.649
1777296253,735030554,robot_2,-2.434,1.150
1777296253,735037486,robot_0,4.294,-3.801
1777296253,735044469,robot_3,4.612,-0.009
1777296254,755844338,robot_4,2.160,1.212
1777296254,755876367,robot_1,2.779,3.649
1777296254,755890076,robot_2,-2.213,1.232
1777296254,755902300,robot_0,4.229,-3.574
1777296254,755913902,robot_3,4.612,-0.009
1777296254,955900051,robot_4,2.160,1.212
1777296254,955928560,robot_1,2.779,3.649
1777296254,955941673,robot_2,-2.169,1.249
1777296254,955953023,robot_0,4.208,-3.510
1777296254,955962702,robot_3,4.612,-0.009
1777296255,376060829,robot_4,2.160,1.212
1777296255,376081991,robot_1,2.779,3.649
1777296255,376091169,robot_2,-2.087,1.282
1777296255,376098600,robot_0,4.176,-3.414
1777296255,376105589,robot_3,4.612,-0.009
1777296255,994666365,robot_4,2.160,1.213
1777296255,994689121,robot_1,2.779,3.649
1777296255,994697509,robot_2,-1.960,1.333
1777296255,994714611,robot_0,4.121,-3.247
1777296255,994722116,robot_3,4.612,-0.009
1777296256,194973360,robot_4,2.160,1.213
1777296256,194996854,robot_1,2.779,3.649
1777296256,195008920,robot_2,-1.913,1.351
1777296256,195017325,robot_0,4.100,-3.182
1777296256,195025202,robot_3,4.612,-0.009
1777296256,814887047,robot_4,2.160,1.213
1777296256,814911694,robot_1,2.779,3.649
1777296256,814921966,robot_2,-1.780,1.401
1777296256,814930866,robot_0,4.090,-3.151
1777296256,814939320,robot_3,4.612,-0.009
1777296257,234829797,robot_4,2.160,1.213
1777296257,234851457,robot_1,2.779,3.649
1777296257,234860205,robot_2,-1.701,1.431
1777296257,234867601,robot_0,4.091,-3.151
1777296257,234874702,robot_3,4.613,-0.008
1777296257,434947366,robot_4,2.160,1.214
1777296257,434971348,robot_1,2.779,3.649
1777296257,434981135,robot_2,-1.662,1.446
1777296257,434989826,robot_0,4.091,-3.150
1777296257,434998597,robot_3,4.613,-0.008
1777296258,255630740,robot_4,2.160,1.214
1777296258,255653935,robot_1,2.779,3.649
1777296258,255662929,robot_2,-1.523,1.499
1777296258,255670281,robot_0,4.091,-3.149
1777296258,255677812,robot_3,4.613,-0.007
1777296258,874881824,robot_4,2.160,1.214
1777296258,874906747,robot_1,2.779,3.649
1777296258,874918230,robot_2,-1.385,1.551
1777296258,874927116,robot_0,4.091,-3.148
1777296258,874935959,robot_3,4.603,-0.007
1777296259,75592638,robot_4,2.160,1.214
1777296259,75618563,robot_1,2.779,3.649
1777296259,75627840,robot_2,-1.345,1.567
1777296259,75634880,robot_0,4.091,-3.148
1777296259,75641908,robot_3,4.592,-0.007
1777296259,275745805,robot_4,2.160,1.214
1777296259,275778326,robot_1,2.779,3.649
1777296259,275792995,robot_2,-1.306,1.582
1777296259,275806154,robot_0,4.090,-3.148
1777296259,275816724,robot_3,4.580,-0.008
1777296259,695397443,robot_4,2.160,1.214
1777296259,695418351,robot_1,2.779,3.649
1777296259,695425925,robot_2,-1.232,1.610
1777296259,695432510,robot_0,4.090,-3.147
1777296259,695438663,robot_3,4.554,-0.012
1777296260,315656676,robot_4,2.160,1.215
1777296260,315690975,robot_1,2.779,3.649
1777296260,315706674,robot_2,-1.112,1.654
1777296260,315718508,robot_0,4.088,-3.147
1777296260,315729857,robot_3,4.516,-0.020
1777296260,734509489,robot_4,2.160,1.215
1777296260,734531732,robot_1,2.779,3.649
1777296260,734539986,robot_2,-1.033,1.685
1777296260,734546072,robot_0,4.088,-3.148
1777296260,734552715,robot_3,4.490,-0.029
1777296260,934807534,robot_4,2.160,1.215
1777296260,934828071,robot_1,2.779,3.649
1777296260,934836061,robot_2,-0.989,1.702
1777296260,934851531,robot_0,4.099,-3.174
1777296260,934857543,robot_3,4.479,-0.033
1777296261,136069705,robot_4,2.160,1.215
1777296261,136100460,robot_1,2.779,3.649
1777296261,136115405,robot_2,-0.948,1.717
1777296261,136128526,robot_0,4.114,-3.206
1777296261,136140773,robot_3,4.458,-0.041
1777296261,755245285,robot_4,2.160,1.215
1777296261,755264190,robot_1,2.779,3.649
1777296261,755271963,robot_2,-0.827,1.764
1777296261,755279018,robot_0,4.168,-3.336
1777296261,755285447,robot_3,4.354,-0.080
1777296262,775579727,robot_4,2.160,1.216
1777296262,775612230,robot_1,2.779,3.649
1777296262,775628598,robot_2,-0.646,1.849
1777296262,775643017,robot_0,4.232,-3.500
1777296262,775655920,robot_3,4.158,-0.153
1777296263,395451605,robot_4,2.160,1.216
1777296263,395477055,robot_1,2.779,3.649
1777296263,395488310,robot_2,-0.545,1.897
1777296263,395497208,robot_0,4.284,-3.626
1777296263,395505971,robot_3,3.992,-0.205
1777296264,15385916,robot_4,2.160,1.217
1777296264,15416540,robot_1,2.779,3.649
1777296264,15432211,robot_2,-0.437,1.949
1777296264,15445532,robot_0,4.314,-3.696
1777296264,15458410,robot_3,3.880,-0.241
1777296264,634855848,robot_4,2.160,1.217
1777296264,634875394,robot_1,2.779,3.649
1777296264,634882693,robot_2,-0.340,1.997
1777296264,634889366,robot_0,4.315,-3.696
1777296264,634895502,robot_3,3.738,-0.288
1777296265,255591315,robot_4,2.160,1.217
1777296265,255610650,robot_1,2.779,3.649
1777296265,255618454,robot_2,-0.194,2.067
1777296265,255632611,robot_0,4.316,-3.697
1777296265,255638662,robot_3,3.591,-0.336
1777296265,675284164,robot_4,2.160,1.217
1777296265,675315972,robot_1,2.779,3.649
1777296265,675332108,robot_2,-0.089,2.111
1777296265,675345852,robot_0,4.317,-3.697
1777296265,675358635,robot_3,3.497,-0.365
1777296265,875454372,robot_4,2.160,1.217
1777296265,875474491,robot_1,2.779,3.649
1777296265,875482070,robot_2,-0.030,2.136
1777296265,875489840,robot_0,4.317,-3.698
1777296265,875496031,robot_3,3.456,-0.378
1777296266,76293320,robot_4,2.160,1.218
1777296266,76319067,robot_1,2.779,3.649
1777296266,76326505,robot_2,0.007,2.151
1777296266,76343149,robot_0,4.317,-3.698
1777296266,76350286,robot_3,3.406,-0.393
1777296266,494053865,robot_4,2.160,1.218
1777296266,494072871,robot_1,2.779,3.649
1777296266,494080576,robot_2,0.102,2.191
1777296266,494087495,robot_0,4.254,-3.720
1777296266,494093424,robot_3,3.325,-0.418
1777296266,694324641,robot_4,2.160,1.218
1777296266,694344827,robot_1,2.779,3.649
1777296266,694352171,robot_2,0.139,2.207
1777296266,694358931,robot_0,4.217,-3.734
1777296266,694365525,robot_3,3.290,-0.430
1777296266,895658570,robot_4,2.160,1.218
1777296266,895682871,robot_1,2.779,3.649
1777296266,895692839,robot_2,0.182,2.225
1777296266,895701389,robot_0,4.205,-3.738
1777296266,895709076,robot_3,3.251,-0.443
1777296267,314595654,robot_4,2.160,1.218
1777296267,314616916,robot_1,2.779,3.649
1777296267,314625250,robot_2,0.259,2.260
1777296267,314632402,robot_0,4.166,-3.752
1777296267,314638512,robot_3,3.134,-0.482
1777296267,734726763,robot_4,2.160,1.218
1777296267,734748504,robot_1,2.779,3.649
1777296267,734757113,robot_2,0.338,2.296
1777296267,734764043,robot_0,4.073,-3.785
1777296267,734770981,robot_3,3.041,-0.512
1777296268,154068190,robot_4,2.160,1.218
1777296268,154088277,robot_1,2.779,3.649
1777296268,154095761,robot_2,0.431,2.338
1777296268,154102124,robot_0,4.068,-3.787
1777296268,154108056,robot_3,2.949,-0.542
1777296268,355033991,robot_4,2.160,1.218
1777296268,355060472,robot_1,2.779,3.649
1777296268,355071176,robot_2,0.468,2.355
1777296268,355080589,robot_0,4.068,-3.787
1777296268,355089149,robot_3,2.912,-0.553
1777296268,775060548,robot_4,2.160,1.219
1777296268,775082366,robot_1,2.778,3.649
1777296268,775090918,robot_2,0.561,2.394
1777296268,775098641,robot_0,4.068,-3.787
1777296268,775106009,robot_3,2.836,-0.577
1777296268,975358864,robot_4,2.160,1.219
1777296268,975386588,robot_1,2.778,3.649
1777296268,975399271,robot_2,0.598,2.408
1777296268,975409920,robot_0,4.067,-3.786
1777296268,975419815,robot_3,2.789,-0.592
1777296269,394838977,robot_4,2.160,1.219
1777296269,394865930,robot_1,2.778,3.649
1777296269,394875709,robot_2,0.686,2.438
1777296269,394884449,robot_0,4.067,-3.786
1777296269,394892284,robot_3,2.699,-0.618
1777296269,595345604,robot_4,2.160,1.219
1777296269,595367799,robot_1,2.778,3.649
1777296269,595375021,robot_2,0.724,2.450
1777296269,595382339,robot_0,4.066,-3.786
1777296269,595388285,robot_3,2.667,-0.628
1777296269,795822052,robot_4,2.160,1.219
1777296269,795855542,robot_1,2.778,3.649
1777296269,795871776,robot_2,0.769,2.465
1777296269,795884271,robot_0,4.066,-3.786
1777296269,795896387,robot_3,2.631,-0.639
1777296270,214190210,robot_4,2.160,1.219
1777296270,214210568,robot_1,2.778,3.649
1777296270,214217550,robot_2,0.858,2.495
1777296270,214224331,robot_0,4.065,-3.786
1777296270,214229851,robot_3,2.540,-0.667
1777296270,414822853,robot_4,2.160,1.219
1777296270,414844564,robot_1,2.778,3.649
1777296270,414852988,robot_2,0.904,2.511
1777296270,414860903,robot_0,4.065,-3.786
1777296270,414867681,robot_3,2.488,-0.684
1777296270,615238659,robot_4,2.160,1.219
1777296270,615271795,robot_1,2.778,3.649
1777296270,615287328,robot_2,0.951,2.527
1777296270,615300875,robot_0,4.065,-3.786
1777296270,615313184,robot_3,2.450,-0.696
1777296270,815275940,robot_4,2.160,1.219
1777296270,815304064,robot_1,2.778,3.649
1777296270,815311225,robot_2,0.989,2.539
1777296270,815318262,robot_0,4.065,-3.786
1777296270,815323789,robot_3,2.424,-0.704
1777296271,435140445,robot_4,2.160,1.220
1777296271,435166944,robot_1,2.778,3.649
1777296271,435178897,robot_2,1.106,2.580
1777296271,435199697,robot_0,4.066,-3.786
1777296271,435208701,robot_3,2.295,-0.742
1777296271,854838032,robot_4,2.160,1.220
1777296271,854857755,robot_1,2.778,3.649
1777296271,854865476,robot_2,1.201,2.614
1777296271,854871804,robot_0,4.067,-3.787
1777296271,854877984,robot_3,2.197,-0.771
1777296272,55473020,robot_4,2.160,1.220
1777296272,55500112,robot_1,2.778,3.648
1777296272,55512101,robot_2,1.239,2.627
1777296272,55521341,robot_0,4.068,-3.787
1777296272,55530024,robot_3,2.137,-0.789
1777296272,676043484,robot_4,2.161,1.220
1777296272,676079524,robot_1,2.778,3.648
1777296272,676098700,robot_2,1.353,2.668
1777296272,676114774,robot_0,4.068,-3.788
1777296272,676130039,robot_3,1.976,-0.836
1777296273,94115242,robot_4,2.161,1.220
1777296273,94136139,robot_1,2.778,3.648
1777296273,94144157,robot_2,1.452,2.703
1777296273,94150594,robot_0,4.068,-3.788
1777296273,94156804,robot_3,1.881,-0.864
1777296273,294960113,robot_4,2.161,1.220
1777296273,294983624,robot_1,2.778,3.648
1777296273,294992906,robot_2,1.490,2.716
1777296273,295000415,robot_0,4.068,-3.788
1777296273,295010715,robot_3,1.826,-0.881
1777296273,494960297,robot_4,2.161,1.220
1777296273,494981672,robot_1,2.778,3.648
1777296273,494989859,robot_2,1.516,2.725
1777296273,494997035,robot_0,4.068,-3.788
1777296273,495004266,robot_3,1.784,-0.893
1777296274,113940101,robot_4,2.161,1.221
1777296274,113961367,robot_1,2.778,3.648
1777296274,113969304,robot_2,1.660,2.776
1777296274,113975549,robot_0,4.067,-3.787
1777296274,113981858,robot_3,1.651,-0.934
1777296274,314585969,robot_4,2.161,1.221
1777296274,314605945,robot_1,2.778,3.648
1777296274,314613782,robot_2,1.711,2.794
1777296274,314620211,robot_0,4.067,-3.787
1777296274,314626417,robot_3,1.606,-0.949
1777296274,515421524,robot_4,2.161,1.221
1777296274,515454084,robot_1,2.778,3.648
1777296274,515467498,robot_2,1.751,2.808
1777296274,515479885,robot_0,4.066,-3.787
1777296274,515497375,robot_3,1.544,-0.969
1777296274,935122036,robot_4,2.161,1.221
1777296274,935159246,robot_1,2.778,3.648
1777296274,935176402,robot_2,1.863,2.846
1777296274,935188407,robot_0,4.066,-3.787
1777296274,935198340,robot_3,1.462,-0.994
1777296275,355156881,robot_4,2.161,1.221
1777296275,355188367,robot_1,2.778,3.648
1777296275,355199512,robot_2,1.936,2.870
1777296275,355208554,robot_0,4.065,-3.787
1777296275,355218104,robot_3,1.400,-1.015
1777296275,775031036,robot_4,2.161,1.222
1777296275,775065690,robot_1,2.778,3.648
1777296275,775082257,robot_2,2.016,2.898
1777296275,775115170,robot_0,4.065,-3.787
1777296275,775127780,robot_3,1.299,-1.048
1777296275,975273203,robot_4,2.161,1.222
1777296275,975307526,robot_1,2.778,3.648
1777296275,975323830,robot_2,2.060,2.912
1777296275,975337671,robot_0,4.065,-3.787
1777296275,975349425,robot_3,1.261,-1.061
1777296276,794213713,robot_4,2.161,1.222
1777296276,794234503,robot_1,2.778,3.648
1777296276,794241922,robot_2,2.235,2.966
1777296276,794247586,robot_0,4.067,-3.787
1777296276,794253520,robot_3,1.063,-1.128
1777296277,415430314,robot_4,2.161,1.222
1777296277,415450884,robot_1,2.778,3.648
1777296277,415458509,robot_2,2.366,3.005
1777296277,415464504,robot_0,4.068,-3.788
1777296277,415471029,robot_3,0.917,-1.178
1777296278,35060808,robot_4,2.161,1.222
1777296278,35087699,robot_1,2.778,3.648
1777296278,35098245,robot_2,2.433,3.024
1777296278,35106614,robot_0,4.068,-3.789
1777296278,35115190,robot_3,0.798,-1.217
1777296278,654985644,robot_4,2.161,1.223
1777296278,655005623,robot_1,2.778,3.648
1777296278,655018002,robot_2,2.433,3.024
1777296278,655023682,robot_0,4.068,-3.788
1777296278,655030317,robot_3,0.667,-1.259
1777296279,274941657,robot_4,2.161,1.223
1777296279,274971855,robot_1,2.778,3.648
1777296279,274986430,robot_2,2.433,3.024
1777296279,274998630,robot_0,4.067,-3.788
1777296279,275014651,robot_3,0.542,-1.300
1777296279,476168944,robot_4,2.161,1.223
1777296279,476199697,robot_1,2.778,3.648
1777296279,476215259,robot_2,2.433,3.024
1777296279,476228685,robot_0,4.067,-3.788
1777296279,476240949,robot_3,0.504,-1.312
1777296279,676804643,robot_4,2.161,1.223
1777296279,676824085,robot_1,2.778,3.648
1777296279,676831587,robot_2,2.433,3.024
1777296279,676838449,robot_0,4.066,-3.788
1777296279,676844515,robot_3,0.452,-1.329
1777296280,896848223,robot_4,2.161,1.223
1777296280,896872717,robot_1,2.778,3.648
1777296280,896882661,robot_2,2.433,3.024
1777296280,896890366,robot_0,4.065,-3.788
1777296280,896898041,robot_3,0.166,-1.422
1777296281,715666724,robot_4,2.161,1.224
1777296281,715709518,robot_1,2.778,3.648
1777296281,715729747,robot_2,2.433,3.023
1777296281,715746812,robot_0,4.067,-3.788
1777296281,715762769,robot_3,0.099,-1.445
1777296282,135820871,robot_4,2.161,1.224
1777296282,135847096,robot_1,2.778,3.651
1777296282,135857099,robot_2,2.433,3.023
1777296282,135865781,robot_0,4.068,-3.789
1777296282,135874148,robot_3,0.099,-1.445
1777296282,754727420,robot_4,2.161,1.224
1777296282,754753254,robot_1,2.778,3.651
1777296282,754763511,robot_2,2.433,3.023
1777296282,754772233,robot_0,4.068,-3.790
1777296282,754780220,robot_3,0.098,-1.446
1777296282,955364404,robot_4,2.161,1.224
1777296282,955397308,robot_1,2.778,3.652
1777296282,955412727,robot_2,2.433,3.023
1777296282,955425578,robot_0,4.068,-3.790
1777296282,955438114,robot_3,0.098,-1.447
1777296283,155778041,robot_4,2.161,1.224
1777296283,155797833,robot_1,2.778,3.654
1777296283,155805110,robot_2,2.433,3.023
1777296283,155810309,robot_0,4.068,-3.790
1777296283,155816737,robot_3,0.097,-1.447
1777296283,355932349,robot_4,2.161,1.224
1777296283,355953519,robot_1,2.778,3.656
1777296283,355962046,robot_2,2.433,3.023
1777296283,355968122,robot_0,4.068,-3.790
1777296283,355975390,robot_3,0.097,-1.447
1777296283,775486098,robot_4,2.161,1.224
1777296283,775519087,robot_1,2.778,3.660
1777296283,775534248,robot_2,2.433,3.023
1777296283,775546553,robot_0,4.068,-3.789
1777296283,775557936,robot_3,0.097,-1.447
1777296283,975647719,robot_4,2.161,1.225
1777296283,975670284,robot_1,2.778,3.661
1777296283,975679100,robot_2,2.433,3.023
1777296283,975686045,robot_0,4.068,-3.789
1777296283,975693318,robot_3,0.097,-1.447
1777296284,395578401,robot_4,2.161,1.225
1777296284,395604392,robot_1,2.778,3.664
1777296284,395616254,robot_2,2.433,3.023
1777296284,395625354,robot_0,4.067,-3.788
1777296284,395635005,robot_3,0.096,-1.447
1777296285,14950189,robot_4,2.161,1.225
1777296285,14981877,robot_1,2.777,3.668
1777296285,14993420,robot_2,2.433,3.023
1777296285,15001761,robot_0,4.065,-3.789
1777296285,15017487,robot_3,0.095,-1.446
1777296285,434232993,robot_4,2.161,1.225
1777296285,434252890,robot_1,2.777,3.669
1777296285,434260472,robot_2,2.433,3.023
1777296285,434266526,robot_0,4.065,-3.789
1777296285,434272489,robot_3,0.095,-1.446
1777296285,634646341,robot_4,2.161,1.225
1777296285,634666623,robot_1,2.777,3.669
1777296285,634674546,robot_2,2.434,3.023
1777296285,634680597,robot_0,4.065,-3.789
1777296285,634687286,robot_3,0.095,-1.445
1777296285,835756338,robot_4,2.161,1.225
1777296285,835787188,robot_1,2.777,3.669
1777296285,835802588,robot_2,2.434,3.023
1777296285,835815930,robot_0,4.065,-3.789
1777296285,835827916,robot_3,0.123,-1.437
1777296286,255599175,robot_4,2.161,1.225
1777296286,255621152,robot_1,2.777,3.671
1777296286,255629479,robot_2,2.434,3.023
1777296286,255636121,robot_0,4.066,-3.789
1777296286,255642650,robot_3,0.202,-1.415
1777296286,675980793,robot_4,2.161,1.225
1777296286,676012734,robot_1,2.777,3.673
1777296286,676024193,robot_2,2.434,3.023
1777296286,676032447,robot_0,4.067,-3.789
1777296286,676041073,robot_3,0.300,-1.386
1777296287,294162644,robot_4,2.161,1.226
1777296287,294184142,robot_1,2.777,3.675
1777296287,294192015,robot_2,2.434,3.023
1777296287,294198314,robot_0,4.068,-3.790
1777296287,294205039,robot_3,0.418,-1.349
1777296287,494376609,robot_4,2.161,1.226
1777296287,494398883,robot_1,2.777,3.675
1777296287,494408556,robot_2,2.434,3.023
1777296287,494415563,robot_0,4.068,-3.790
1777296287,494423146,robot_3,0.459,-1.336
1777296287,695199350,robot_4,2.161,1.226
1777296287,695219125,robot_1,2.777,3.676
1777296287,695226619,robot_2,2.434,3.023
1777296287,695233997,robot_0,4.068,-3.791
1777296287,695240271,robot_3,0.499,-1.322
1777296288,315257967,robot_4,2.161,1.226
1777296288,315291444,robot_1,2.777,3.677
1777296288,315310926,robot_2,2.434,3.023
1777296288,315325704,robot_0,4.068,-3.791
1777296288,315337665,robot_3,0.629,-1.278
1777296288,934724107,robot_4,2.161,1.226
1777296288,934743999,robot_1,2.777,3.677
1777296288,934751395,robot_2,2.434,3.023
1777296288,934757936,robot_0,4.068,-3.790
1777296288,934763726,robot_3,0.740,-1.241
1777296289,354932902,robot_4,2.161,1.226
1777296289,354955277,robot_1,2.776,3.678
1777296289,354964834,robot_2,2.434,3.023
1777296289,354971937,robot_0,4.067,-3.789
1777296289,354979625,robot_3,0.812,-1.218
1777296289,556341558,robot_4,2.161,1.226
1777296289,556370439,robot_1,2.776,3.678
1777296289,556380577,robot_2,2.434,3.023
1777296289,556389533,robot_0,4.067,-3.789
1777296289,556398740,robot_3,0.845,-1.207
1777296289,975145047,robot_4,2.161,1.227
1777296289,975169028,robot_1,2.776,3.679
1777296289,975179578,robot_2,2.434,3.023
1777296289,975187595,robot_0,4.066,-3.789
1777296289,975196182,robot_3,0.940,-1.175
1777296290,175673240,robot_4,2.161,1.227
1777296290,175708068,robot_1,2.776,3.679
1777296290,175724143,robot_2,2.434,3.023
1777296290,175737556,robot_0,4.065,-3.789
1777296290,175750644,robot_3,0.993,-1.157
1777296290,375774487,robot_4,2.161,1.227
1777296290,375805866,robot_1,2.776,3.679
1777296290,375822078,robot_2,2.434,3.023
1777296290,375833207,robot_0,4.065,-3.789
1777296290,375842411,robot_3,1.031,-1.144
1777296290,794631444,robot_4,2.161,1.227
1777296290,794655345,robot_1,2.776,3.680
1777296290,794665799,robot_2,2.434,3.023
1777296290,794673788,robot_0,4.065,-3.789
1777296290,794681817,robot_3,1.149,-1.105
1777296290,994849331,robot_4,2.161,1.227
1777296290,994870671,robot_1,2.776,3.680
1777296290,994878896,robot_2,2.434,3.023
1777296290,994885064,robot_0,4.066,-3.789
1777296290,994891457,robot_3,1.187,-1.093
1777296291,195099137,robot_4,2.161,1.227
1777296291,195129297,robot_1,2.776,3.680
1777296291,195142085,robot_2,2.434,3.023
1777296291,195151042,robot_0,4.066,-3.789
1777296291,195159903,robot_3,1.237,-1.077
1777296291,395543432,robot_4,2.161,1.227
1777296291,395565945,robot_1,2.776,3.680
1777296291,395574133,robot_2,2.434,3.023
1777296291,395580587,robot_0,4.067,-3.789
1777296291,395587457,robot_3,1.270,-1.065
1777296292,15244429,robot_4,2.161,1.227
1777296292,15270533,robot_1,2.776,3.680
1777296292,15281225,robot_2,2.434,3.023
1777296292,15289698,robot_0,4.068,-3.790
1777296292,15297535,robot_3,1.403,-1.020
1777296292,215851922,robot_4,2.161,1.227
1777296292,215876902,robot_1,2.776,3.680
1777296292,215885851,robot_2,2.434,3.023
1777296292,215893344,robot_0,4.068,-3.791
1777296292,215900311,robot_3,1.445,-1.006
1777296292,634538287,robot_4,2.161,1.227
1777296292,634559898,robot_1,2.776,3.680
1777296292,634567835,robot_2,2.434,3.023
1777296292,634574049,robot_0,4.069,-3.791
1777296292,634580711,robot_3,1.528,-0.977
1777296292,834654239,robot_4,2.161,1.227
1777296292,834676321,robot_1,2.776,3.680
1777296292,834685472,robot_2,2.434,3.023
1777296292,834692405,robot_0,4.069,-3.791
1777296292,834699600,robot_3,1.560,-0.965
1777296293,39633122,robot_4,2.161,1.227
1777296293,39671288,robot_1,2.776,3.680
1777296293,39687974,robot_2,2.434,3.023
1777296293,39701504,robot_0,4.069,-3.791
1777296293,39714621,robot_3,1.595,-0.952
1777296293,455480764,robot_4,2.161,1.228
1777296293,455516987,robot_1,2.776,3.680
1777296293,455531701,robot_2,2.434,3.023
1777296293,455543038,robot_0,4.068,-3.791
1777296293,455554763,robot_3,1.685,-0.917
1777296293,656538254,robot_4,2.161,1.228
1777296293,656558971,robot_1,2.776,3.680
1777296293,656567184,robot_2,2.434,3.023
1777296293,656573884,robot_0,4.068,-3.791
1777296293,656580668,robot_3,1.746,-0.893
1777296294,275987622,robot_4,2.161,1.228
1777296294,276028552,robot_1,2.776,3.680
1777296294,276043750,robot_2,2.434,3.023
1777296294,276055980,robot_0,4.067,-3.790
1777296294,276068832,robot_3,1.886,-0.839
1777296295,295053944,robot_4,2.161,1.228
1777296295,295082531,robot_1,2.776,3.680
1777296295,295090257,robot_2,2.435,3.023
1777296295,295096864,robot_0,4.065,-3.790
1777296295,295103272,robot_3,2.138,-0.732
1777296295,915037199,robot_4,2.161,1.228
1777296295,915057354,robot_1,2.776,3.680
1777296295,915065195,robot_2,2.436,3.023
1777296295,915070887,robot_0,4.066,-3.790
1777296295,915077011,robot_3,2.290,-0.663
1777296296,115742480,robot_4,2.161,1.228
1777296296,115762420,robot_1,2.776,3.680
1777296296,115770052,robot_2,2.436,3.024
1777296296,115775794,robot_0,4.066,-3.790
1777296296,115782018,robot_3,2.342,-0.639
1777296296,934862636,robot_4,2.161,1.229
1777296296,934895416,robot_1,2.776,3.680
1777296296,934911245,robot_2,2.436,3.024
1777296296,934923797,robot_0,4.068,-3.791
1777296296,934936149,robot_3,2.504,-0.566
1777296297,135023531,robot_4,2.161,1.229
1777296297,135044169,robot_1,2.776,3.680
1777296297,135052070,robot_2,2.436,3.024
1777296297,135057839,robot_0,4.068,-3.791
1777296297,135064645,robot_3,2.549,-0.546
1777296297,337206232,robot_4,2.161,1.229
1777296297,337226321,robot_1,2.777,3.679
1777296297,337234777,robot_2,2.436,3.024
1777296297,337242158,robot_0,4.068,-3.792
1777296297,337249108,robot_3,2.583,-0.530
1777296297,754717483,robot_4,2.161,1.229
1777296297,754741796,robot_1,2.777,3.679
1777296297,754751702,robot_2,2.436,3.025
1777296297,754759825,robot_0,4.069,-3.792
1777296297,754767765,robot_3,2.678,-0.485
1777296297,954827440,robot_4,2.161,1.229
1777296297,954857630,robot_1,2.778,3.679
1777296297,954873262,robot_2,2.436,3.025
1777296297,954887079,robot_0,4.069,-3.792
1777296297,954899823,robot_3,2.734,-0.459
1777296298,155108570,robot_4,2.161,1.229
1777296298,155147554,robot_1,2.778,3.678
1777296298,155163768,robot_2,2.436,3.026
1777296298,155176232,robot_0,4.069,-3.792
1777296298,155189219,robot_3,2.781,-0.436
1777296298,974824286,robot_4,2.161,1.229
1777296298,974847347,robot_1,2.774,3.677
1777296298,974856787,robot_2,2.403,2.951
1777296298,974864199,robot_0,4.068,-3.791
1777296298,974871338,robot_3,2.903,-0.376
1777296299,175197355,robot_4,2.161,1.230
1777296299,175233624,robot_1,2.769,3.688
1777296299,175255585,robot_2,2.386,2.915
1777296299,175274041,robot_0,4.067,-3.791
1777296299,175292336,robot_3,2.903,-0.376
1777296299,376885004,robot_4,2.161,1.230
1777296299,376907460,robot_1,2.747,3.730
1777296299,376917072,robot_2,2.367,2.871
1777296299,376925460,robot_0,4.067,-3.791
1777296299,376933515,robot_3,2.903,-0.376
1777296299,794334443,robot_4,2.161,1.230
1777296299,794354635,robot_1,2.707,3.804
1777296299,794362110,robot_2,2.333,2.787
1777296299,794368189,robot_0,4.066,-3.791
1777296299,794374216,robot_3,2.903,-0.375
1777296299,995740094,robot_4,2.161,1.230
1777296299,995765544,robot_1,2.677,3.857
1777296299,995777454,robot_2,2.312,2.734
1777296299,995786302,robot_0,4.066,-3.791
1777296299,995794977,robot_3,2.904,-0.374
1777296300,414788308,robot_4,2.161,1.230
1777296300,414814715,robot_1,2.634,3.932
1777296300,414825471,robot_2,2.276,2.643
1777296300,414834983,robot_0,4.065,-3.791
1777296300,414843589,robot_3,2.904,-0.374
1777296300,615244081,robot_4,2.161,1.230
1777296300,615270133,robot_1,2.605,3.984
1777296300,615280229,robot_2,2.262,2.610
1777296300,615288791,robot_0,4.065,-3.791
1777296300,615296345,robot_3,2.904,-0.374
1777296300,815581502,robot_4,2.161,1.230
1777296300,815609321,robot_1,2.582,4.023
1777296300,815633977,robot_2,2.250,2.577
1777296300,815644082,robot_0,4.066,-3.791
1777296300,815653579,robot_3,2.905,-0.374
1777296301,15709865,robot_4,2.161,1.230
1777296301,15741575,robot_1,2.554,4.073
1777296301,15751899,robot_2,2.235,2.539
1777296301,15759847,robot_0,4.066,-3.791
1777296301,15768053,robot_3,2.923,-0.410
1777296301,434841755,robot_4,2.161,1.230
1777296301,434860204,robot_1,2.500,4.169
1777296301,434868153,robot_2,2.206,2.461
1777296301,434874051,robot_0,4.067,-3.791
1777296301,434880615,robot_3,2.972,-0.505
1777296302,254552106,robot_4,2.161,1.230
1777296302,254583431,robot_1,2.457,4.244
1777296302,254599859,robot_2,2.135,2.277
1777296302,254613549,robot_0,4.068,-3.792
1777296302,254626260,robot_3,3.076,-0.692
1777296302,454891888,robot_4,2.161,1.230
1777296302,454918976,robot_1,2.457,4.245
1777296302,454930341,robot_2,2.111,2.218
1777296302,454939486,robot_0,4.069,-3.793
1777296302,454948705,robot_3,3.099,-0.731
1777296303,74957367,robot_4,2.161,1.231
1777296303,74980922,robot_1,2.458,4.246
1777296303,74989288,robot_2,2.064,2.099
1777296303,74995894,robot_0,4.069,-3.793
1777296303,75001546,robot_3,3.121,-0.769
1777296303,894549317,robot_4,2.161,1.231
1777296303,894568716,robot_1,2.457,4.248
1777296303,894576216,robot_2,2.007,1.951
1777296303,894582081,robot_0,4.068,-3.792
1777296303,894587861,robot_3,3.122,-0.769
1777296304,95174243,robot_4,2.161,1.231
1777296304,95193763,robot_1,2.457,4.248
1777296304,95200680,robot_2,2.007,1.951
1777296304,95206720,robot_0,4.067,-3.792
1777296304,95213004,robot_3,3.122,-0.769
1777296304,515912653,robot_4,2.161,1.231
1777296304,515952163,robot_1,2.457,4.248
1777296304,515967402,robot_2,2.007,1.951
1777296304,515980803,robot_0,4.067,-3.792
1777296304,515993458,robot_3,3.123,-0.770
1777296304,935341029,robot_4,2.161,1.231
1777296304,935363570,robot_1,2.456,4.248
1777296304,935372279,robot_2,2.008,1.950
1777296304,935379775,robot_0,4.066,-3.792
1777296304,935387942,robot_3,3.092,-0.787
1777296305,135473479,robot_4,2.161,1.231
1777296305,135498507,robot_1,2.456,4.249
1777296305,135508282,robot_2,2.008,1.950
1777296305,135515636,robot_0,4.065,-3.792
1777296305,135524159,robot_3,3.044,-0.816
1777296305,755077549,robot_4,2.161,1.231
1777296305,755109889,robot_1,2.455,4.248
1777296305,755120950,robot_2,2.007,1.949
1777296305,755129723,robot_0,4.066,-3.792
1777296305,755140027,robot_3,2.913,-0.892
1777296306,175722494,robot_4,2.161,1.232
1777296306,175751183,robot_1,2.454,4.248
1777296306,175763234,robot_2,1.959,1.970
1777296306,175785523,robot_0,4.066,-3.792
1777296306,175795164,robot_3,2.822,-0.945
1777296306,376122841,robot_4,2.161,1.232
1777296306,376143659,robot_1,2.456,4.244
1777296306,376151146,robot_2,1.918,1.989
1777296306,376157255,robot_0,4.067,-3.792
1777296306,376163263,robot_3,2.787,-0.966
1777296306,576231510,robot_4,2.161,1.232
1777296306,576268299,robot_1,2.471,4.224
1777296306,576285014,robot_2,1.884,2.004
1777296306,576299311,robot_0,4.067,-3.792
1777296306,576312575,robot_3,2.750,-0.988
1777296307,394685036,robot_4,2.161,1.232
1777296307,394716802,robot_1,2.581,4.068
1777296307,394732920,robot_2,1.737,2.070
1777296307,394747819,robot_0,4.069,-3.794
1777296307,394761372,robot_3,2.594,-1.077
1777296307,595340004,robot_4,2.161,1.232
1777296307,595362096,robot_1,2.601,4.040
1777296307,595369829,robot_2,1.700,2.088
1777296307,595376324,robot_0,4.069,-3.794
1777296307,595383429,robot_3,2.553,-1.101
1777296307,796021155,robot_4,2.161,1.232
1777296307,796070441,robot_1,2.603,4.037
1777296307,796094370,robot_2,1.657,2.107
1777296307,796113877,robot_0,4.069,-3.794
1777296307,796130736,robot_3,2.513,-1.124
1777296308,215389951,robot_4,2.161,1.232
1777296308,215413776,robot_1,2.603,4.037
1777296308,215423755,robot_2,1.544,2.161
1777296308,215431409,robot_0,4.069,-3.794
1777296308,215438647,robot_3,2.397,-1.189
1777296308,636493549,robot_4,2.161,1.232
1777296308,636513789,robot_1,2.603,4.037
1777296308,636521275,robot_2,1.466,2.198
1777296308,636527256,robot_0,4.068,-3.793
1777296308,636533476,robot_3,2.302,-1.243
1777296309,255784295,robot_4,2.161,1.232
1777296309,255813527,robot_1,2.603,4.037
1777296309,255822350,robot_2,1.363,2.249
1777296309,255829545,robot_0,4.067,-3.793
1777296309,255837283,robot_3,2.179,-1.312
1777296309,875565975,robot_4,2.161,1.233
1777296309,875595954,robot_1,2.603,4.037
1777296309,875610577,robot_2,1.213,2.326
1777296309,875623424,robot_0,4.066,-3.793
1777296309,875635708,robot_3,2.086,-1.361
1777296310,76375770,robot_4,2.161,1.233
1777296310,76412805,robot_1,2.603,4.037
1777296310,76428776,robot_2,1.177,2.343
1777296310,76441958,robot_0,4.065,-3.793
1777296310,76454417,robot_3,2.051,-1.380
1777296310,494618412,robot_4,2.161,1.233
1777296310,494648406,robot_1,2.603,4.037
1777296310,494663482,robot_2,1.096,2.383
1777296310,494676550,robot_0,4.065,-3.793
1777296310,494688489,robot_3,1.979,-1.417
1777296310,914614722,robot_4,2.161,1.233
1777296310,914637626,robot_1,2.603,4.037
1777296310,914646836,robot_2,1.011,2.422
1777296310,914654876,robot_0,4.066,-3.793
1777296310,914662657,robot_3,1.918,-1.449
1777296311,115063466,robot_4,2.161,1.233
1777296311,115082487,robot_1,2.603,4.037
1777296311,115089285,robot_2,0.971,2.442
1777296311,115096171,robot_0,4.067,-3.793
1777296311,115102529,robot_3,1.890,-1.464
1777296311,315561932,robot_4,2.161,1.233
1777296311,315582168,robot_1,2.603,4.037
1777296311,315591147,robot_2,0.935,2.459
1777296311,315598043,robot_0,4.067,-3.793
1777296311,315605122,robot_3,1.860,-1.480
1777296311,934770023,robot_4,2.161,1.233
1777296311,934788446,robot_1,2.603,4.037
1777296311,934795575,robot_2,0.826,2.515
1777296311,934802074,robot_0,4.068,-3.794
1777296311,934807456,robot_3,1.756,-1.543
1777296312,754346747,robot_4,2.161,1.233
1777296312,754374345,robot_1,2.603,4.037
1777296312,754382426,robot_2,0.679,2.591
1777296312,754389445,robot_0,4.069,-3.795
1777296312,754395409,robot_3,1.601,-1.638
1777296312,954775617,robot_4,2.161,1.233
1777296312,954798807,robot_1,2.603,4.037
1777296312,954808613,robot_2,0.641,2.611
1777296312,954817815,robot_0,4.069,-3.795
1777296312,954825502,robot_3,1.571,-1.656
1777296313,776929394,robot_4,2.161,1.234
1777296313,776959193,robot_1,2.603,4.037
1777296313,776974708,robot_2,0.455,2.709
1777296313,776987740,robot_0,4.068,-3.794
1777296313,777000018,robot_3,1.410,-1.753
1777296314,194144426,robot_4,2.161,1.234
1777296314,194163788,robot_1,2.603,4.037
1777296314,194171106,robot_2,0.387,2.744
1777296314,194177696,robot_0,4.067,-3.793
1777296314,194183542,robot_3,1.325,-1.804
1777296314,394831425,robot_4,2.161,1.234
1777296314,394853620,robot_1,2.603,4.037
1777296314,394862283,robot_2,0.350,2.763
1777296314,394871239,robot_0,4.067,-3.793
1777296314,394878788,robot_3,1.280,-1.831
1777296314,814967039,robot_4,2.161,1.234
1777296314,814990375,robot_1,2.603,4.037
1777296314,815000022,robot_2,0.266,2.808
1777296314,815012422,robot_0,4.066,-3.793
1777296314,815073014,robot_3,1.187,-1.887
1777296315,234305970,robot_4,2.161,1.234
1777296315,234324839,robot_1,2.603,4.037
1777296315,234332608,robot_2,0.169,2.859
1777296315,234339254,robot_0,4.086,-3.841
1777296315,234345796,robot_3,1.113,-1.932
1777296315,435059786,robot_4,2.161,1.234
1777296315,435079540,robot_1,2.603,4.037
1777296315,435087287,robot_2,0.134,2.879
1777296315,435094570,robot_0,4.111,-3.896
1777296315,435100707,robot_3,1.073,-1.956
1777296315,855394706,robot_4,2.161,1.234
1777296315,855434154,robot_1,2.603,4.037
1777296315,855448948,robot_2,0.038,2.932
1777296315,855462668,robot_0,4.112,-3.898
1777296315,855474203,robot_3,0.995,-2.002
1777296316,275608136,robot_4,2.161,1.234
1777296316,275627535,robot_1,2.603,4.037
1777296316,275635134,robot_2,-0.046,2.977
1777296316,275641579,robot_0,4.113,-3.898
1777296316,275647209,robot_3,0.906,-2.058
1777296316,475717364,robot_4,2.161,1.234
1777296316,475740048,robot_1,2.603,4.037
1777296316,475749978,robot_2,-0.099,3.005
1777296316,475770987,robot_0,4.114,-3.898
1777296316,475779770,robot_3,0.877,-2.077
1777296317,294080834,robot_4,2.161,1.234
1777296317,294100775,robot_1,2.603,4.037
1777296317,294107780,robot_2,-0.254,3.087
1777296317,294114025,robot_0,4.115,-3.900
1777296317,294120062,robot_3,0.720,-2.180
1777296317,494335944,robot_4,2.161,1.234
1777296317,494355474,robot_1,2.603,4.037
1777296317,494364080,robot_2,-0.289,3.105
1777296317,494370327,robot_0,4.115,-3.900
1777296317,494376686,robot_3,0.670,-2.213
1777296318,113994877,robot_4,2.161,1.235
1777296318,114021811,robot_1,2.603,4.037
1777296318,114029029,robot_2,-0.401,3.165
1777296318,114036253,robot_0,4.115,-3.900
1777296318,114042517,robot_3,0.527,-2.309
1777296318,316495909,robot_4,2.161,1.235
1777296318,316527225,robot_1,2.603,4.037
1777296318,316542421,robot_2,-0.439,3.187
1777296318,316554981,robot_0,4.115,-3.900
1777296318,316566009,robot_3,0.482,-2.338
1777296318,934592716,robot_4,2.161,1.235
1777296318,934619519,robot_1,2.603,4.037
1777296318,934630744,robot_2,-0.568,3.264
1777296318,934640890,robot_0,4.115,-3.899
1777296318,934649710,robot_3,0.410,-2.387
1777296319,135155928,robot_4,2.161,1.235
1777296319,135174689,robot_1,2.603,4.037
1777296319,135181994,robot_2,-0.602,3.284
1777296319,135189098,robot_0,4.114,-3.899
1777296319,135194881,robot_3,0.410,-2.387
1777296319,955450555,robot_4,2.161,1.235
1777296319,955468836,robot_1,2.603,4.037
1777296319,955475558,robot_2,-0.608,3.286
1777296319,955481659,robot_0,4.112,-3.899
1777296319,955487198,robot_3,0.408,-2.387
1777296320,156563024,robot_4,2.161,1.235
1777296320,156582492,robot_1,2.603,4.037
1777296320,156589818,robot_2,-0.608,3.286
1777296320,156597077,robot_0,4.113,-3.900
1777296320,156603372,robot_3,0.408,-2.387
1777296320,774797702,robot_4,2.161,1.235
1777296320,774817318,robot_1,2.603,4.037
1777296320,774825524,robot_2,-0.609,3.286
1777296320,774832318,robot_0,4.151,-3.991
1777296320,774838142,robot_3,0.407,-2.387
1777296320,975210774,robot_4,2.161,1.235
1777296320,975230019,robot_1,2.603,4.037
1777296320,975238023,robot_2,-0.609,3.286
1777296320,975244135,robot_0,4.152,-3.991
1777296320,975250048,robot_3,0.407,-2.387
1777296321,175470221,robot_4,2.161,1.235
1777296321,175490948,robot_1,2.603,4.037
1777296321,175498327,robot_2,-0.610,3.287
1777296321,175505133,robot_0,4.152,-3.991
1777296321,175511117,robot_3,0.407,-2.387
1777296321,795940492,robot_4,2.161,1.235
1777296321,795962039,robot_1,2.603,4.037
1777296321,795970238,robot_2,-0.539,3.398
1777296321,795977860,robot_0,4.154,-3.992
1777296321,795984675,robot_3,0.407,-2.388
1777296322,815526748,robot_4,2.161,1.236
1777296322,815561477,robot_1,2.603,4.037
1777296322,815580149,robot_2,-0.406,3.602
1777296322,815596809,robot_0,4.154,-3.993
1777296322,815612171,robot_3,0.407,-2.389
1777296323,434880256,robot_4,2.161,1.236
1777296323,434898230,robot_1,2.603,4.037
1777296323,434906100,robot_2,-0.345,3.700
1777296323,434913146,robot_0,4.154,-3.993
1777296323,434919220,robot_3,0.448,-2.361
1777296323,635168469,robot_4,2.161,1.236
1777296323,635191110,robot_1,2.603,4.037
1777296323,635200548,robot_2,-0.325,3.734
1777296323,635209072,robot_0,4.154,-3.992
1777296323,635216794,robot_3,0.480,-2.338
1777296323,835817904,robot_4,2.161,1.236
1777296323,835836144,robot_1,2.603,4.037
1777296323,835843769,robot_2,-0.306,3.764
1777296323,835850544,robot_0,4.154,-3.992
1777296323,835856840,robot_3,0.517,-2.311
1777296324,37665694,robot_4,2.161,1.236
1777296324,37705718,robot_1,2.603,4.037
1777296324,37724469,robot_2,-0.286,3.796
1777296324,37741597,robot_0,4.153,-3.992
1777296324,37756962,robot_3,0.558,-2.281
1777296324,455197019,robot_4,2.161,1.236
1777296324,455220247,robot_1,2.603,4.036
1777296324,455230164,robot_2,-0.235,3.880
1777296324,455239650,robot_0,4.153,-3.992
1777296324,455247721,robot_3,0.628,-2.228
1777296325,275074280,robot_4,2.161,1.236
1777296325,275096856,robot_1,2.603,4.036
1777296325,275106312,robot_2,-0.150,4.013
1777296325,275126272,robot_0,4.151,-3.992
1777296325,275134103,robot_3,0.780,-2.114
1777296325,894836146,robot_4,2.161,1.236
1777296325,894868142,robot_1,2.603,4.036
1777296325,894883517,robot_2,-0.077,4.123
1777296325,894896515,robot_0,4.152,-3.992
1777296325,894908565,robot_3,0.890,-2.034
1777296326,95228132,robot_4,2.161,1.236
1777296326,95248623,robot_1,2.603,4.036
1777296326,95256421,robot_2,-0.052,4.160
1777296326,95263581,robot_0,4.152,-3.992
1777296326,95270236,robot_3,0.922,-2.010
1777296326,715423943,robot_4,2.161,1.236
1777296326,715447448,robot_1,2.603,4.036
1777296326,715459243,robot_2,-0.019,4.205
1777296326,715469115,robot_0,4.153,-3.992
1777296326,715478759,robot_3,1.040,-1.923
1777296326,915891567,robot_4,2.161,1.237
1777296326,915927308,robot_1,2.603,4.036
1777296326,915940607,robot_2,-0.019,4.205
1777296326,915951959,robot_0,4.154,-3.993
1777296326,915962688,robot_3,1.088,-1.887
1777296327,934744543,robot_4,2.161,1.237
1777296327,934763416,robot_1,2.603,4.036
1777296327,934770018,robot_2,-0.019,4.207
1777296327,934776709,robot_0,4.155,-3.994
1777296327,934782231,robot_3,1.275,-1.747
1777296328,135477938,robot_4,2.161,1.237
1777296328,135497535,robot_1,2.603,4.036
1777296328,135505793,robot_2,-0.018,4.207
1777296328,135512697,robot_0,4.155,-3.994
1777296328,135518624,robot_3,1.313,-1.717
1777296328,755203416,robot_4,2.161,1.237
1777296328,755228667,robot_1,2.603,4.036
1777296328,755240313,robot_2,-0.018,4.207
1777296328,755250212,robot_0,4.154,-3.993
1777296328,755259423,robot_3,1.416,-1.636
1777296328,955233956,robot_4,2.161,1.237
1777296328,955255397,robot_1,2.603,4.036
1777296328,955264468,robot_2,-0.018,4.207
1777296328,955271887,robot_0,4.154,-3.993
1777296328,955279466,robot_3,1.447,-1.611
1777296329,375160618,robot_4,2.161,1.237
1777296329,375179600,robot_1,2.603,4.036
1777296329,375187267,robot_2,-0.017,4.207
1777296329,375194195,robot_0,4.153,-3.993
1777296329,375200039,robot_3,1.505,-1.562
1777296329,795447113,robot_4,2.161,1.237
1777296329,795472069,robot_1,2.603,4.036
1777296329,795481727,robot_2,-0.017,4.208
1777296329,795491215,robot_0,4.152,-3.993
1777296329,795499537,robot_3,1.576,-1.505
1777296330,415163447,robot_4,2.161,1.237
1777296330,415199641,robot_1,2.603,4.036
1777296330,415213807,robot_2,-0.016,4.207
1777296330,415226722,robot_0,4.151,-3.993
1777296330,415237898,robot_3,1.689,-1.408
1777296330,615368527,robot_4,2.161,1.237
1777296330,615391329,robot_1,2.603,4.036
1777296330,615398955,robot_2,-0.015,4.207
1777296330,615405644,robot_0,4.151,-3.993
1777296330,615411888,robot_3,1.729,-1.373
1777296331,635212201,robot_4,2.161,1.237
1777296331,635232988,robot_1,2.602,4.036
1777296331,635241484,robot_2,-0.156,4.061
1777296331,635248535,robot_0,4.153,-3.993
1777296331,635254524,robot_3,1.876,-1.249
1777296331,835920144,robot_4,2.161,1.237
1777296331,835937323,robot_1,2.602,4.036
1777296331,835943831,robot_2,-0.184,4.032
1777296331,835950559,robot_0,4.154,-3.993
1777296331,835956731,robot_3,1.902,-1.227
1777296332,255416552,robot_4,2.161,1.237
1777296332,255441100,robot_1,2.602,4.036
1777296332,255451040,robot_2,-0.245,3.968
1777296332,255459343,robot_0,4.154,-3.994
1777296332,255467626,robot_3,1.966,-1.170
1777296332,875483553,robot_4,2.161,1.238
1777296332,875504879,robot_1,2.602,4.036
1777296332,875514371,robot_2,-0.327,3.885
1777296332,875522762,robot_0,4.155,-3.995
1777296332,875529946,robot_3,2.061,-1.085
1777296333,294879069,robot_4,2.161,1.238
1777296333,294898533,robot_1,2.602,4.036
1777296333,294905844,robot_2,-0.392,3.821
1777296333,294912842,robot_0,4.155,-3.995
1777296333,294919208,robot_3,2.122,-1.029
1777296333,714688856,robot_4,2.161,1.238
1777296333,714719325,robot_1,2.602,4.036
1777296333,714729748,robot_2,-0.459,3.762
1777296333,714738606,robot_0,4.154,-3.994
1777296333,714747233,robot_3,2.189,-0.970
1777296333,915534219,robot_4,2.161,1.238
1777296333,915562917,robot_1,2.602,4.036
1777296333,915572383,robot_2,-0.503,3.725
1777296333,915581951,robot_0,4.154,-3.994
1777296333,915589317,robot_3,2.218,-0.945
1777296334,935581624,robot_4,2.161,1.238
1777296334,935601544,robot_1,2.602,4.036
1777296334,935609040,robot_2,-0.664,3.594
1777296334,935615921,robot_0,4.152,-3.994
1777296334,935622099,robot_3,2.347,-0.833
1777296335,135630215,robot_4,2.161,1.238
1777296335,135659810,robot_1,2.602,4.036
1777296335,135674887,robot_2,-0.695,3.570
1777296335,135688888,robot_0,4.151,-3.994
1777296335,135701861,robot_3,2.378,-0.806
1777296335,756147892,robot_4,2.161,1.238
1777296335,756167466,robot_1,2.602,4.036
1777296335,756174880,robot_2,-0.784,3.500
1777296335,756181838,robot_0,4.151,-3.994
1777296335,756187873,robot_3,2.465,-0.731
1777296336,775795095,robot_4,2.161,1.238
1777296336,775825431,robot_1,2.602,4.036
1777296336,775841286,robot_2,-0.838,3.459
1777296336,775854724,robot_0,4.154,-3.994
1777296336,775867081,robot_3,2.609,-0.610
1777296336,975962352,robot_4,2.161,1.238
1777296336,975981282,robot_1,2.602,4.036
1777296336,975988662,robot_2,-0.838,3.459
1777296336,975995018,robot_0,4.154,-3.994
1777296336,976000474,robot_3,2.639,-0.585
1777296337,176725529,robot_4,2.161,1.238
1777296337,176744704,robot_1,2.602,4.036
1777296337,176752266,robot_2,-0.838,3.459
1777296337,176758786,robot_0,4.154,-3.995
1777296337,176764872,robot_3,2.672,-0.557
1777296337,795227129,robot_4,2.161,1.238
1777296337,795247520,robot_1,2.602,4.036
1777296337,795256031,robot_2,-0.839,3.459
1777296337,795264172,robot_0,4.155,-3.996
1777296337,795270935,robot_3,2.781,-0.469
1777296338,414142501,robot_4,2.161,1.239
1777296338,414161470,robot_1,2.602,4.036
1777296338,414168261,robot_2,-0.839,3.459
1777296338,414174179,robot_0,4.155,-3.995
1777296338,414180721,robot_3,2.879,-0.393
1777296338,614988005,robot_4,2.161,1.239
1777296338,615011271,robot_1,2.602,4.036
1777296338,615019230,robot_2,-0.839,3.459
1777296338,615026627,robot_0,4.154,-3.995
1777296338,615032764,robot_3,2.910,-0.368
1777296339,234401699,robot_4,2.161,1.239
1777296339,234420296,robot_1,2.602,4.036
1777296339,234428117,robot_2,-0.839,3.459
1777296339,234435387,robot_0,4.153,-3.994
1777296339,234441359,robot_3,2.939,-0.344
1777296339,434498403,robot_4,2.161,1.239
1777296339,434518206,robot_1,2.602,4.036
1777296339,434525762,robot_2,-0.839,3.459
1777296339,434532435,robot_0,4.153,-3.994
1777296339,434538438,robot_3,2.939,-0.344
1777296339,635188400,robot_4,2.161,1.239
1777296339,635207265,robot_1,2.602,4.036
1777296339,635215357,robot_2,-0.839,3.459
1777296339,635222099,robot_0,4.152,-3.994
1777296339,635228675,robot_3,2.939,-0.344
1777296340,255433516,robot_4,2.161,1.239
1777296340,255467702,robot_1,2.602,4.036
1777296340,255486032,robot_2,-0.839,3.459
1777296340,255502162,robot_0,4.151,-3.994
1777296340,255516162,robot_3,2.939,-0.342
1777296340,675499381,robot_4,2.161,1.239
1777296340,675526646,robot_1,2.602,4.036
1777296340,675538475,robot_2,-0.839,3.459
1777296340,675548279,robot_0,4.151,-3.994
1777296340,675558095,robot_3,2.940,-0.342
1777296341,295186475,robot_4,2.161,1.239
1777296341,295207565,robot_1,2.602,4.036
1777296341,295215806,robot_2,-0.839,3.460
1777296341,295223489,robot_0,4.153,-3.994
1777296341,295230642,robot_3,2.961,-0.368
1777296341,713981870,robot_4,2.161,1.239
1777296341,714001169,robot_1,2.602,4.036
1777296341,714011668,robot_2,-0.839,3.460
1777296341,714018850,robot_0,4.154,-3.995
1777296341,714025060,robot_3,3.030,-0.458
1777296341,916275085,robot_4,2.161,1.239
1777296341,916301138,robot_1,2.602,4.036
1777296341,916308696,robot_2,-0.839,3.460
1777296341,916316189,robot_0,4.154,-3.995
1777296341,916323583,robot_3,3.055,-0.489
1777296342,735169479,robot_4,2.161,1.239
1777296342,735194169,robot_1,2.602,4.036
1777296342,735204501,robot_2,-0.839,3.460
1777296342,735213836,robot_0,4.155,-3.996
1777296342,735222471,robot_3,3.150,-0.616
1777296343,154709996,robot_4,2.161,1.239
1777296343,154729986,robot_1,2.602,4.036
1777296343,154737481,robot_2,-0.839,3.460
1777296343,154743854,robot_0,4.155,-3.996
1777296343,154750008,robot_3,3.210,-0.693
1777296343,775020092,robot_4,2.161,1.239
1777296343,775049883,robot_1,2.602,4.036
1777296343,775061933,robot_2,-0.839,3.460
1777296343,775072548,robot_0,4.154,-3.996
1777296343,775082394,robot_3,3.300,-0.808
1777296344,194068004,robot_4,2.161,1.239
1777296344,194087519,robot_1,2.602,4.036
1777296344,194094637,robot_2,-0.839,3.460
1777296344,194101276,robot_0,4.153,-3.995
1777296344,194107934,robot_3,3.324,-0.838
1777296344,394738992,robot_4,2.161,1.240
1777296344,394761316,robot_1,2.602,4.036
1777296344,394771103,robot_2,-0.839,3.460
1777296344,394780026,robot_0,4.153,-3.995
1777296344,394787917,robot_3,3.324,-0.838
1777296344,594999434,robot_4,2.161,1.240
1777296344,595035962,robot_1,2.602,4.036
1777296344,595052458,robot_2,-0.839,3.460
1777296344,595066958,robot_0,4.153,-3.995
1777296344,595080045,robot_3,3.324,-0.838
1777296344,795785783,robot_4,2.161,1.240
1777296344,795806426,robot_1,2.602,4.036
1777296344,795814317,robot_2,-0.840,3.460
1777296344,795821280,robot_0,4.152,-3.995
1777296344,795827621,robot_3,3.324,-0.838
1777296345,615026223,robot_4,2.161,1.240
1777296345,615049756,robot_1,2.602,4.036
1777296345,615058569,robot_2,-0.841,3.459
1777296345,615065466,robot_0,4.152,-3.995
1777296345,615071803,robot_3,3.324,-0.839
1777296345,815069376,robot_4,2.161,1.240
1777296345,815088867,robot_1,2.602,4.036
1777296345,815098090,robot_2,-0.841,3.459
1777296345,815106447,robot_0,4.152,-3.995
1777296345,815113458,robot_3,3.324,-0.839
1777296346,15875776,robot_4,2.161,1.240
1777296346,15897853,robot_1,2.602,4.036
1777296346,15908274,robot_2,-0.841,3.459
1777296346,15916533,robot_0,4.152,-3.995
1777296346,15924264,robot_3,3.324,-0.839
1777296346,834249325,robot_4,2.161,1.240
1777296346,834269140,robot_1,2.602,4.036
1777296346,834277411,robot_2,-0.841,3.458
1777296346,834284950,robot_0,4.154,-3.996
1777296346,834291773,robot_3,3.324,-0.839
1777296347,37497737,robot_4,2.161,1.240
1777296347,37531811,robot_1,2.602,4.036
1777296347,37547252,robot_2,-0.841,3.457
1777296347,37561213,robot_0,4.154,-3.996
1777296347,37574389,robot_3,3.324,-0.839
1777296347,855516260,robot_4,2.161,1.240
1777296347,855535178,robot_1,2.602,4.035
1777296347,855542597,robot_2,-0.830,3.470
1777296347,855548868,robot_0,4.155,-3.997
1777296347,855555218,robot_3,3.324,-0.839
1777296348,56774470,robot_4,2.161,1.240
1777296348,56796798,robot_1,2.602,4.035
1777296348,56804837,robot_2,-0.824,3.481
1777296348,56811731,robot_0,4.155,-3.997
1777296348,56817598,robot_3,3.324,-0.839
1777296348,675233998,robot_4,2.161,1.240
1777296348,675256808,robot_1,2.602,4.035
1777296348,675266302,robot_2,-0.816,3.533
1777296348,675274288,robot_0,4.154,-3.997
1777296348,675281890,robot_3,3.323,-0.839
1777296349,294175948,robot_4,2.161,1.240
1777296349,294196660,robot_1,2.602,4.035
1777296349,294206101,robot_2,-0.803,3.664
1777296349,294213889,robot_0,4.153,-3.996
1777296349,294220982,robot_3,3.323,-0.839
1777296349,913921305,robot_4,2.161,1.240
1777296349,913939236,robot_1,2.602,4.035
1777296349,913946237,robot_2,-0.792,3.785
1777296349,913952050,robot_0,4.152,-3.996
1777296349,913957930,robot_3,3.323,-0.839
1777296350,114242756,robot_4,2.161,1.240
1777296350,114261439,robot_1,2.602,4.035
1777296350,114268436,robot_2,-0.788,3.826
1777296350,114274744,robot_0,4.152,-3.996
1777296350,114281373,robot_3,3.323,-0.839
1777296350,314804127,robot_4,2.161,1.240
1777296350,314825714,robot_1,2.602,4.035
1777296350,314834651,robot_2,-0.784,3.865
1777296350,314842423,robot_0,4.152,-3.996
1777296350,314849688,robot_3,3.323,-0.839
1777296350,515079560,robot_4,2.161,1.240
1777296350,515098380,robot_1,2.602,4.035
1777296350,515105101,robot_2,-0.779,3.907
1777296350,515110813,robot_0,4.152,-3.996
1777296350,515116108,robot_3,3.323,-0.839
1777296351,538165327,robot_4,2.161,1.241
1777296351,538192523,robot_1,2.602,4.035
1777296351,538203645,robot_2,-0.754,4.125
1777296351,538212631,robot_0,4.153,-3.996
1777296351,538221069,robot_3,3.323,-0.839
1777296351,954870838,robot_4,2.161,1.241
1777296351,954891248,robot_1,2.602,4.035
1777296351,954899644,robot_2,-0.743,4.206
1777296351,954907065,robot_0,4.154,-3.997
1777296351,954913868,robot_3,3.323,-0.839
1777296352,155205699,robot_4,2.161,1.241
1777296352,155225721,robot_1,2.602,4.035
1777296352,155233642,robot_2,-0.737,4.248
1777296352,155242679,robot_0,4.155,-3.997
1777296352,155250356,robot_3,3.323,-0.839
1777296352,775415733,robot_4,2.161,1.241
1777296352,775439793,robot_1,2.602,4.035
1777296352,775450200,robot_2,-0.734,4.272
1777296352,775458657,robot_0,4.155,-3.998
1777296352,775467447,robot_3,3.323,-0.839
1777296352,976308901,robot_4,2.161,1.241
1777296352,976335066,robot_1,2.602,4.035
1777296352,976346483,robot_2,-0.734,4.273
1777296352,976356616,robot_0,4.155,-3.998
1777296352,976366890,robot_3,3.323,-0.839
1777296353,176889211,robot_4,2.161,1.241
1777296353,176907265,robot_1,2.602,4.035
1777296353,176914351,robot_2,-0.734,4.273
1777296353,176920741,robot_0,4.155,-3.998
1777296353,176926638,robot_3,3.323,-0.839
1777296353,795106344,robot_4,2.161,1.241
1777296353,795134949,robot_1,2.603,4.034
1777296353,795150628,robot_2,-0.735,4.274
1777296353,795164216,robot_0,4.154,-3.997
1777296353,795176536,robot_3,3.323,-0.839
1777296353,995202398,robot_4,2.161,1.241
1777296353,995233369,robot_1,2.603,4.033
1777296353,995248186,robot_2,-0.735,4.274
1777296353,995261603,robot_0,4.154,-3.997
1777296353,995273689,robot_3,3.323,-0.839
1777296354,414510412,robot_4,2.161,1.241
1777296354,414537001,robot_1,2.604,4.033
1777296354,414551039,robot_2,-0.732,4.274
1777296354,414563013,robot_0,4.153,-3.997
1777296354,414573765,robot_3,3.323,-0.839
1777296354,614937957,robot_4,2.161,1.241
1777296354,614959858,robot_1,2.604,4.033
1777296354,614968696,robot_2,-0.709,4.269
1777296354,614977092,robot_0,4.153,-3.997
1777296354,614984419,robot_3,3.323,-0.839
1777296355,437575294,robot_4,2.161,1.241
1777296355,437594270,robot_1,2.604,4.033
1777296355,437601824,robot_2,-0.672,4.261
1777296355,437609172,robot_0,4.152,-3.997
1777296355,437614947,robot_3,3.323,-0.839
1777296355,854688775,robot_4,2.161,1.241
1777296355,854710147,robot_1,2.604,4.033
1777296355,854717610,robot_2,-0.671,4.261
1777296355,854724767,robot_0,4.152,-3.997
1777296355,854732391,robot_3,3.323,-0.839
1777296356,55080588,robot_4,2.161,1.241
1777296356,55100302,robot_1,2.603,4.033
1777296356,55107976,robot_2,-0.671,4.261
1777296356,55114881,robot_0,4.152,-3.997
1777296356,55121063,robot_3,3.323,-0.839
1777296356,675079154,robot_4,2.161,1.241
1777296356,675100764,robot_1,2.603,4.035
1777296356,675109692,robot_2,-0.670,4.261
1777296356,675118045,robot_0,4.154,-3.997
1777296356,675124966,robot_3,3.323,-0.839
1777296356,876112114,robot_4,2.161,1.241
1777296356,876134237,robot_1,2.602,4.035
1777296356,876143473,robot_2,-0.669,4.261
1777296356,876151024,robot_0,4.154,-3.998
1777296356,876158229,robot_3,3.323,-0.839
1777296357,76498970,robot_4,2.161,1.241
1777296357,76521352,robot_1,2.602,4.036
1777296357,76529686,robot_2,-0.675,4.242
1777296357,76536651,robot_0,4.155,-3.998
1777296357,76542742,robot_3,3.323,-0.839
1777296357,894037258,robot_4,2.161,1.241
1777296357,894056316,robot_1,2.603,4.037
1777296357,894063404,robot_2,-0.735,4.063
1777296357,894070349,robot_0,4.155,-3.999
1777296357,894076505,robot_3,3.323,-0.840
1777296358,94339586,robot_4,2.161,1.241
1777296358,94360329,robot_1,2.603,4.037
1777296358,94367729,robot_2,-0.748,4.025
1777296358,94374111,robot_0,4.155,-3.999
1777296358,94380332,robot_3,3.323,-0.840
1777296358,295384116,robot_4,2.161,1.241
1777296358,295410114,robot_1,2.603,4.037
1777296358,295422123,robot_2,-0.759,3.993
1777296358,295431933,robot_0,4.155,-3.999
1777296358,295441085,robot_3,3.323,-0.840
1777296358,496400742,robot_4,2.161,1.241
1777296358,496421341,robot_1,2.603,4.037
1777296358,496429038,robot_2,-0.770,3.962
1777296358,496436221,robot_0,4.155,-3.999
1777296358,496442302,robot_3,3.323,-0.840
1777296358,915085372,robot_4,2.161,1.241
1777296358,915114624,robot_1,2.603,4.037
1777296358,915128634,robot_2,-0.793,3.893
1777296358,915142472,robot_0,4.154,-3.998
1777296358,915155121,robot_3,3.323,-0.840
1777296359,536850167,robot_4,2.161,1.241
1777296359,536872625,robot_1,2.603,4.037
1777296359,536879897,robot_2,-0.831,3.780
1777296359,536886398,robot_0,4.153,-3.998
1777296359,536892984,robot_3,3.323,-0.840
1777296360,356106899,robot_4,2.161,1.242
1777296360,356138782,robot_1,2.603,4.037
1777296360,356154976,robot_2,-0.840,3.754
1777296360,356168608,robot_0,4.152,-3.998
1777296360,356180751,robot_3,3.323,-0.840
1777296360,774889506,robot_4,2.161,1.242
1777296360,774917114,robot_1,2.603,4.037
1777296360,774931110,robot_2,-0.841,3.754
1777296360,774943924,robot_0,4.152,-3.998
1777296360,774955317,robot_3,3.323,-0.840
1777296360,975631630,robot_4,2.161,1.242
1777296360,975662001,robot_1,2.603,4.037
1777296360,975675423,robot_2,-0.841,3.753
1777296360,975688161,robot_0,4.152,-3.998
1777296360,975698968,robot_3,3.323,-0.840
1777296361,394641591,robot_4,2.161,1.242
1777296361,394669555,robot_1,2.603,4.037
1777296361,394681070,robot_2,-0.841,3.753
1777296361,394691308,robot_0,4.153,-3.998
1777296361,394701140,robot_3,3.323,-0.840
1777296361,594660962,robot_4,2.161,1.242
1777296361,594681831,robot_1,2.603,4.037
1777296361,594689019,robot_2,-0.841,3.753
1777296361,594695812,robot_0,4.154,-3.998
1777296361,594701849,robot_3,3.323,-0.840
1777296361,795984091,robot_4,2.161,1.242
1777296361,796031405,robot_1,2.603,4.037
1777296361,796045830,robot_2,-0.842,3.752
1777296361,796058565,robot_0,4.154,-3.998
1777296361,796070154,robot_3,3.323,-0.840
1777296361,996906483,robot_4,2.161,1.242
1777296361,996935399,robot_1,2.603,4.037
1777296361,996949928,robot_2,-0.842,3.752
1777296361,996963109,robot_0,4.154,-3.999
1777296361,996974931,robot_3,3.323,-0.840
1777296362,415068174,robot_4,2.161,1.242
1777296362,415094996,robot_1,2.603,4.037
1777296362,415108221,robot_2,-0.823,3.747
1777296362,415119460,robot_0,4.155,-3.999
1777296362,415131005,robot_3,3.323,-0.840
1777296362,835078005,robot_4,2.161,1.242
1777296362,835098346,robot_1,2.603,4.036
1777296362,835108052,robot_2,-0.801,3.742
1777296362,835115954,robot_0,4.155,-4.000
1777296362,835123277,robot_3,3.323,-0.840
1777296363,35215253,robot_4,2.161,1.242
1777296363,35236106,robot_1,2.603,4.036
1777296363,35244357,robot_2,-0.788,3.740
1777296363,35251573,robot_0,4.155,-4.000
1777296363,35257686,robot_3,3.323,-0.840
1777296363,235713140,robot_4,2.161,1.242
1777296363,235732031,robot_1,2.603,4.036
1777296363,235739293,robot_2,-0.776,3.738
1777296363,235745412,robot_0,4.155,-4.000
1777296363,235751018,robot_3,3.323,-0.840
1777296364,454852793,robot_4,2.161,1.242
1777296364,454873163,robot_1,2.603,4.036
1777296364,454881275,robot_2,-0.700,3.740
1777296364,454888512,robot_0,4.153,-3.998
1777296364,454895461,robot_3,3.323,-0.840
1777296364,875871495,robot_4,2.161,1.242
1777296364,875893853,robot_1,2.603,4.036
1777296364,875902995,robot_2,-0.639,3.748
1777296364,875911892,robot_0,4.152,-3.998
1777296364,875919339,robot_3,3.323,-0.840
1777296365,294779346,robot_4,2.161,1.242
1777296365,294799607,robot_1,2.603,4.036
1777296365,294807579,robot_2,-0.555,3.760
1777296365,294815889,robot_0,4.152,-3.999
1777296365,294822353,robot_3,3.323,-0.840
1777296365,715599679,robot_4,2.161,1.242
1777296365,715628215,robot_1,2.603,4.036
1777296365,715640946,robot_2,-0.462,3.773
1777296365,715651541,robot_0,4.152,-3.999
1777296365,715661637,robot_3,3.323,-0.841
1777296366,334899177,robot_4,2.161,1.242
1777296366,334924795,robot_1,2.603,4.036
1777296366,334934941,robot_2,-0.337,3.790
1777296366,334943424,robot_0,4.153,-3.999
1777296366,334951826,robot_3,3.324,-0.841
1777296366,535043050,robot_4,2.161,1.242
1777296366,535070051,robot_1,2.603,4.036
1777296366,535079765,robot_2,-0.291,3.797
1777296366,535087817,robot_0,4.154,-3.999
1777296366,535095198,robot_3,3.324,-0.841
1777296367,155202824,robot_4,2.161,1.242
1777296367,155221738,robot_1,2.603,4.036
1777296367,155229357,robot_2,-0.170,3.814
1777296367,155236270,robot_0,4.155,-4.000
1777296367,155242551,robot_3,3.325,-0.841
1777296367,776275394,robot_4,2.161,1.242
1777296367,776306702,robot_1,2.603,4.036
1777296367,776321501,robot_2,-0.056,3.831
1777296367,776335204,robot_0,4.155,-4.001
1777296367,776347102,robot_3,3.292,-0.736
1777296368,395191945,robot_4,2.161,1.242
1777296368,395216489,robot_1,2.603,4.036
1777296368,395223912,robot_2,0.068,3.853
1777296368,395242231,robot_0,4.155,-4.000
1777296368,395249129,robot_3,3.245,-0.585
1777296368,595273880,robot_4,2.161,1.242
1777296368,595304963,robot_1,2.603,4.036
1777296368,595319951,robot_2,0.109,3.860
1777296368,595333856,robot_0,4.155,-4.000
1777296368,595347020,robot_3,3.235,-0.551
1777296369,215199016,robot_4,2.161,1.242
1777296369,215228714,robot_1,2.603,4.036
1777296369,215243964,robot_2,0.257,3.887
1777296369,215257501,robot_0,4.154,-3.999
1777296369,215270029,robot_3,3.193,-0.417
1777296370,35474957,robot_4,2.161,1.243
1777296370,35504348,robot_1,2.603,4.036
1777296370,35515680,robot_2,0.460,3.925
1777296370,35526086,robot_0,4.152,-3.999
1777296370,35535297,robot_3,3.166,-0.335
1777296370,854478755,robot_4,2.161,1.243
1777296370,854499431,robot_1,2.603,4.036
1777296370,854507276,robot_2,0.686,3.970
1777296370,854514280,robot_0,4.152,-3.999
1777296370,854520891,robot_3,3.166,-0.335
1777296371,55601942,robot_4,2.161,1.243
1777296371,55635207,robot_1,2.603,4.036
1777296371,55651130,robot_2,0.729,3.980
1777296371,55665477,robot_0,4.153,-3.999
1777296371,55678374,robot_3,3.166,-0.335
1777296371,475293578,robot_4,2.161,1.243
1777296371,475325713,robot_1,2.603,4.036
1777296371,475341884,robot_2,0.805,3.997
1777296371,475355672,robot_0,4.154,-4.000
1777296371,475368124,robot_3,3.166,-0.334
1777296371,675315737,robot_4,2.161,1.243
1777296371,675344657,robot_1,2.603,4.036
1777296371,675358526,robot_2,0.843,4.005
1777296371,675385459,robot_0,4.154,-4.000
1777296371,675397065,robot_3,3.166,-0.334
1777296371,875553735,robot_4,2.161,1.243
1777296371,875584256,robot_1,2.603,4.036
1777296371,875599622,robot_2,0.876,4.013
1777296371,875626524,robot_0,4.154,-4.000
1777296371,875639426,robot_3,3.166,-0.334
1777296372,294644292,robot_4,2.161,1.243
1777296372,294664489,robot_1,2.603,4.036
1777296372,294673565,robot_2,0.945,4.031
1777296372,294681156,robot_0,4.155,-4.001
1777296372,294688292,robot_3,3.166,-0.334
1777296372,495687483,robot_4,2.161,1.243
1777296372,495708583,robot_1,2.603,4.036
1777296372,495716255,robot_2,0.995,4.043
1777296372,495724357,robot_0,4.155,-4.001
1777296372,495730698,robot_3,3.166,-0.334
1777296372,914802344,robot_4,2.161,1.243
1777296372,914826064,robot_1,2.603,4.036
1777296372,914836103,robot_2,1.111,4.073
1777296372,914856634,robot_0,4.155,-4.001
1777296372,914865100,robot_3,3.166,-0.334
1777296373,115008826,robot_4,2.161,1.243
1777296373,115031075,robot_1,2.603,4.036
1777296373,115039478,robot_2,1.151,4.083
1777296373,115046020,robot_0,4.155,-4.001
1777296373,115052380,robot_3,3.166,-0.334
1777296373,535253109,robot_4,2.161,1.243
1777296373,535283577,robot_1,2.603,4.036
1777296373,535297402,robot_2,1.229,4.103
1777296373,535309360,robot_0,4.155,-4.001
1777296373,535321207,robot_3,3.166,-0.334
1777296374,155519287,robot_4,2.161,1.243
1777296374,155540213,robot_1,2.603,4.035
1777296374,155547519,robot_2,1.380,4.139
1777296374,155554187,robot_0,4.154,-4.000
1777296374,155561146,robot_3,3.167,-0.334
1777296374,775816362,robot_4,2.161,1.243
1777296374,775834739,robot_1,2.603,4.034
1777296374,775841992,robot_2,1.516,4.170
1777296374,775848383,robot_0,4.153,-4.000
1777296374,775854280,robot_3,3.167,-0.334
1777296375,395114876,robot_4,2.161,1.243
1777296375,395134748,robot_1,2.605,4.034
1777296375,395143980,robot_2,1.650,4.201
1777296375,395152199,robot_0,4.152,-4.000
1777296375,395160499,robot_3,3.167,-0.334
1777296375,595907996,robot_4,2.161,1.243
1777296375,595929841,robot_1,2.605,4.033
1777296375,595937853,robot_2,1.703,4.212
1777296375,595943687,robot_0,4.152,-4.000
1777296375,595949783,robot_3,3.167,-0.334
1777296376,14711729,robot_4,2.161,1.243
1777296376,14744373,robot_1,2.605,4.033
1777296376,14756141,robot_2,1.793,4.232
1777296376,14766218,robot_0,4.153,-4.000
1777296376,14777461,robot_3,3.167,-0.334
1777296376,215055179,robot_4,2.161,1.243
1777296376,215074416,robot_1,2.606,4.033
1777296376,215083455,robot_2,1.818,4.237
1777296376,215091348,robot_0,4.153,-4.000
1777296376,215098324,robot_3,3.167,-0.334
1777296376,415543399,robot_4,2.161,1.243
1777296376,415561581,robot_1,2.606,4.033
1777296376,415569908,robot_2,1.819,4.237
1777296376,415576707,robot_0,4.154,-4.000
1777296376,415584241,robot_3,3.167,-0.334
1777296377,235871475,robot_4,2.161,1.243
1777296377,235902353,robot_1,2.604,4.034
1777296377,235917334,robot_2,1.820,4.236
1777296377,235930251,robot_0,4.155,-4.002
1777296377,235942557,robot_3,3.167,-0.334
1777296377,654111952,robot_4,2.161,1.243
1777296377,654131032,robot_1,2.603,4.034
1777296377,654138278,robot_2,1.821,4.236
1777296377,654143957,robot_0,4.155,-4.002
1777296377,654150616,robot_3,3.167,-0.334
1777296377,856002122,robot_4,2.161,1.243
1777296377,856026319,robot_1,2.603,4.035
1777296377,856034331,robot_2,1.821,4.236
1777296377,856040527,robot_0,4.155,-4.002
1777296377,856048163,robot_3,3.167,-0.334
1777296378,56463395,robot_4,2.161,1.243
1777296378,56498037,robot_1,2.603,4.035
1777296378,56513286,robot_2,1.821,4.236
1777296378,56526283,robot_0,4.155,-4.002
1777296378,56538646,robot_3,3.167,-0.334
1777296378,874767806,robot_4,2.161,1.243
1777296378,874797228,robot_1,2.603,4.037
1777296378,874813032,robot_2,1.822,4.236
1777296378,874826195,robot_0,4.155,-4.001
1777296378,874838328,robot_3,3.167,-0.334
1777296379,75313248,robot_4,2.161,1.243
1777296379,75332376,robot_1,2.603,4.037
1777296379,75340096,robot_2,1.822,4.236
1777296379,75346769,robot_0,4.154,-4.001
1777296379,75353171,robot_3,3.167,-0.334
1777296379,275617133,robot_4,2.161,1.243
1777296379,275643335,robot_1,2.603,4.037
1777296379,275657264,robot_2,1.822,4.236
1777296379,275669023,robot_0,4.154,-4.001
1777296379,275680225,robot_3,3.167,-0.334
1777296379,894764258,robot_4,2.161,1.243
1777296379,894790099,robot_1,2.603,4.036
1777296379,894803960,robot_2,1.822,4.236
1777296379,894815982,robot_0,4.153,-4.001
1777296379,894827346,robot_3,3.167,-0.333
1777296380,95252441,robot_4,2.161,1.243
1777296380,95271684,robot_1,2.603,4.035
1777296380,95278706,robot_2,1.822,4.236
1777296380,95284450,robot_0,4.152,-4.001
1777296380,95290652,robot_3,3.167,-0.333
1777296380,295360139,robot_4,2.161,1.243
1777296380,295378791,robot_1,2.603,4.035
1777296380,295385356,robot_2,1.822,4.236
1777296380,295391367,robot_0,4.152,-4.001
1777296380,295397160,robot_3,3.167,-0.333
1777296380,914924460,robot_4,2.161,1.243
1777296380,914951320,robot_1,2.605,4.034
1777296380,914963725,robot_2,1.822,4.236
1777296380,914975146,robot_0,4.152,-4.001
1777296380,914985606,robot_3,3.167,-0.332
1777296381,115513033,robot_4,2.161,1.243
1777296381,115543021,robot_1,2.605,4.034
1777296381,115557417,robot_2,1.822,4.236
1777296381,115568195,robot_0,4.153,-4.001
1777296381,115580188,robot_3,3.167,-0.332
1777296381,315560346,robot_4,2.161,1.243
1777296381,315583842,robot_1,2.605,4.034
1777296381,315594459,robot_2,1.822,4.236
1777296381,315604407,robot_0,4.153,-4.001
1777296381,315613388,robot_3,3.167,-0.332
1777296381,734160707,robot_4,2.161,1.243
1777296381,734181319,robot_1,2.605,4.034
1777296381,734189187,robot_2,1.822,4.236
1777296381,734195490,robot_0,4.154,-4.001
1777296381,734202196,robot_3,3.166,-0.332
1777296381,934295382,robot_4,2.161,1.243
1777296381,934316111,robot_1,2.605,4.034
1777296381,934323151,robot_2,1.822,4.236
1777296381,934328981,robot_0,4.155,-4.002
1777296381,934334951,robot_3,3.166,-0.332
1777296382,135170160,robot_4,2.161,1.243
1777296382,135189139,robot_1,2.605,4.034
1777296382,135197440,robot_2,1.822,4.236
1777296382,135203908,robot_0,4.155,-4.002
1777296382,135210492,robot_3,3.166,-0.331
1777296382,754930564,robot_4,2.161,1.243
1777296382,754951303,robot_1,2.604,4.035
1777296382,754960633,robot_2,1.822,4.236
1777296382,754968552,robot_0,4.155,-4.003
1777296382,754976724,robot_3,3.165,-0.331
1777296382,955800313,robot_4,2.161,1.243
1777296382,955817810,robot_1,2.603,4.036
1777296382,955824805,robot_2,1.822,4.236
1777296382,955830763,robot_0,4.155,-4.003
1777296382,955837230,robot_3,3.165,-0.332
1777296383,375013461,robot_4,2.161,1.243
1777296383,375045201,robot_1,2.603,4.037
1777296383,375060646,robot_2,1.822,4.236
1777296383,375073895,robot_0,4.155,-4.003
1777296383,375086635,robot_3,3.164,-0.332
1777296383,794860009,robot_4,2.161,1.243
1777296383,794880902,robot_1,2.603,4.037
1777296383,794890934,robot_2,1.822,4.237
1777296383,794897941,robot_0,4.155,-4.002
1777296383,794906032,robot_3,3.204,-0.368
1777296384,214606966,robot_4,2.161,1.243
1777296384,214625704,robot_1,2.603,4.038
1777296384,214633505,robot_2,1.822,4.237
1777296384,214639509,robot_0,4.154,-4.002
1777296384,214645342,robot_3,3.279,-0.434
1777296384,416092204,robot_4,2.161,1.243
1777296384,416131022,robot_1,2.603,4.038
1777296384,416145469,robot_2,1.822,4.237
1777296384,416156880,robot_0,4.154,-4.002
1777296384,416168856,robot_3,3.333,-0.482
1777296385,37243638,robot_4,2.161,1.243
1777296385,37276486,robot_1,2.603,4.038
1777296385,37290212,robot_2,1.822,4.237
1777296385,37301184,robot_0,4.152,-4.002
1777296385,37311657,robot_3,3.425,-0.562
1777296385,454043208,robot_4,2.161,1.244
1777296385,454062028,robot_1,2.603,4.038
1777296385,454069234,robot_2,1.822,4.237
1777296385,454075130,robot_0,4.152,-4.002
1777296385,454081054,robot_3,3.474,-0.606
1777296385,655012666,robot_4,2.161,1.244
1777296385,655036478,robot_1,2.603,4.038
1777296385,655046557,robot_2,1.822,4.237
1777296385,655055294,robot_0,4.152,-4.002
1777296385,655063851,robot_3,3.474,-0.606
1777296386,275658366,robot_4,2.161,1.244
1777296386,275689308,robot_1,2.603,4.038
1777296386,275704198,robot_2,1.822,4.237
1777296386,275717706,robot_0,4.153,-4.002
1777296386,275730604,robot_3,3.474,-0.606
1777296386,695283738,robot_4,2.161,1.244
1777296386,695315556,robot_1,2.603,4.038
1777296386,695331700,robot_2,1.822,4.237
1777296386,695344427,robot_0,4.154,-4.002
1777296386,695356555,robot_3,3.474,-0.606
1777296387,115023825,robot_4,2.161,1.244
1777296387,115051506,robot_1,2.603,4.038
1777296387,115062940,robot_2,1.822,4.237
1777296387,115071809,robot_0,4.155,-4.003
1777296387,115081300,robot_3,3.474,-0.606
1777296387,534772711,robot_4,2.161,1.244
1777296387,534797936,robot_1,2.603,4.038
1777296387,534808121,robot_2,1.822,4.237
1777296387,534815026,robot_0,4.155,-4.004
1777296387,534823632,robot_3,3.474,-0.606
1777296388,154593313,robot_4,2.161,1.244
1777296388,154614124,robot_1,2.603,4.038
1777296388,154622004,robot_2,1.822,4.237
1777296388,154629158,robot_0,4.155,-4.004
1777296388,154635414,robot_3,3.474,-0.606
1777296388,775241555,robot_4,2.161,1.244
1777296388,775261367,robot_1,2.603,4.038
1777296388,775269583,robot_2,1.822,4.237
1777296388,775277054,robot_0,4.155,-4.003
1777296388,775284431,robot_3,3.474,-0.606
1777296388,975801850,robot_4,2.161,1.244
1777296388,975826607,robot_1,2.603,4.038
1777296388,975836784,robot_2,1.822,4.237
1777296388,975845606,robot_0,4.155,-4.003
1777296388,975855599,robot_3,3.474,-0.606
1777296389,395332970,robot_4,2.161,1.244
1777296389,395361808,robot_1,2.603,4.038
1777296389,395375597,robot_2,1.822,4.237
1777296389,395387628,robot_0,4.154,-4.003
1777296389,395399326,robot_3,3.474,-0.606
1777296390,214892002,robot_4,2.161,1.244
1777296390,214914263,robot_1,2.603,4.038
1777296390,214935520,robot_2,1.823,4.237
1777296390,214941857,robot_0,4.152,-4.003
1777296390,214948496,robot_3,3.474,-0.606
1777296390,635082337,robot_4,2.161,1.244
1777296390,635109759,robot_1,2.603,4.038
1777296390,635116832,robot_2,1.823,4.237
1777296390,635123201,robot_0,4.152,-4.003
1777296390,635129393,robot_3,3.474,-0.606
1777296391,254661981,robot_4,2.161,1.244
1777296391,254682738,robot_1,2.603,4.038
1777296391,254690990,robot_2,1.823,4.237
1777296391,254697597,robot_0,4.153,-4.003
1777296391,254704498,robot_3,3.474,-0.606
1777296391,455771930,robot_4,2.161,1.244
1777296391,455800932,robot_1,2.603,4.038
1777296391,455812977,robot_2,1.823,4.237
1777296391,455822959,robot_0,4.154,-4.003
1777296391,455832856,robot_3,3.474,-0.606
1777296392,276171556,robot_4,2.161,1.244
1777296392,276204176,robot_1,2.603,4.038
1777296392,276219267,robot_2,1.823,4.238
1777296392,276230944,robot_0,4.155,-4.004
1777296392,276243165,robot_3,3.474,-0.606
1777296392,476303502,robot_4,2.161,1.244
1777296392,476321146,robot_1,2.603,4.038
1777296392,476327912,robot_2,1.823,4.238
1777296392,476333786,robot_0,4.155,-4.004
1777296392,476339725,robot_3,3.474,-0.606
1777296392,894755172,robot_4,2.161,1.244
1777296392,894791013,robot_1,2.603,4.038
1777296392,894806485,robot_2,1.823,4.238
1777296392,894820312,robot_0,4.156,-4.005
1777296392,894832389,robot_3,3.474,-0.606
1777296393,95420931,robot_4,2.161,1.244
1777296393,95446130,robot_1,2.603,4.038
1777296393,95456279,robot_2,1.822,4.239
1777296393,95463789,robot_0,4.156,-4.005
1777296393,95471709,robot_3,3.474,-0.606
1777296393,514739309,robot_4,2.161,1.244
1777296393,514764312,robot_1,2.603,4.038
1777296393,514771309,robot_2,1.822,4.239
1777296393,514777091,robot_0,4.155,-4.004
1777296393,514782792,robot_3,3.474,-0.606
1777296393,715067423,robot_4,2.161,1.244
1777296393,715098252,robot_1,2.603,4.038
1777296393,715108507,robot_2,1.822,4.239
1777296393,715118188,robot_0,4.155,-4.004
1777296393,715126986,robot_3,3.474,-0.606
1777296393,915764313,robot_4,2.161,1.244
1777296393,915781996,robot_1,2.603,4.038
1777296393,915788942,robot_2,1.822,4.239
1777296393,915795284,robot_0,4.155,-4.004
1777296393,915801364,robot_3,3.474,-0.606
1777296394,335051728,robot_4,2.161,1.244
1777296394,335077447,robot_1,2.603,4.037
1777296394,335088171,robot_2,1.822,4.239
1777296394,335096753,robot_0,4.154,-4.003
1777296394,335105416,robot_3,3.474,-0.606
1777296394,536958238,robot_4,2.161,1.244
1777296394,536979858,robot_1,2.603,4.037
1777296394,536987336,robot_2,1.821,4.239
1777296394,536993152,robot_0,4.154,-4.003
1777296394,536998826,robot_3,3.474,-0.606
1777296394,954149810,robot_4,2.161,1.244
1777296394,954170557,robot_1,2.603,4.036
1777296394,954178345,robot_2,1.821,4.239
1777296394,954185092,robot_0,4.153,-4.003
1777296394,954191914,robot_3,3.474,-0.606
1777296395,154580106,robot_4,2.161,1.244
1777296395,154600784,robot_1,2.604,4.036
1777296395,154608337,robot_2,1.820,4.239
1777296395,154615256,robot_0,4.152,-4.004
1777296395,154621309,robot_3,3.474,-0.606
1777296395,355071961,robot_4,2.161,1.244
1777296395,355092095,robot_1,2.604,4.036
1777296395,355100326,robot_2,1.820,4.239
1777296395,355106420,robot_0,4.152,-4.004
1777296395,355113190,robot_3,3.474,-0.606
1777296395,557507515,robot_4,2.161,1.244
1777296395,557528971,robot_1,2.604,4.035
1777296395,557536397,robot_2,1.820,4.239
1777296395,557542842,robot_0,4.152,-4.004
1777296395,557549533,robot_3,3.474,-0.606
1777296396,175842599,robot_4,2.161,1.244
1777296396,175873266,robot_1,2.605,4.035
1777296396,175888647,robot_2,1.829,4.233
1777296396,175902093,robot_0,4.153,-4.003
1777296396,175914492,robot_3,3.474,-0.606
1777296396,376094351,robot_4,2.161,1.244
1777296396,376132644,robot_1,2.605,4.035
1777296396,376152801,robot_2,1.865,4.212
1777296396,376170729,robot_0,4.154,-4.004
1777296396,376187336,robot_3,3.474,-0.607
1777296396,794930899,robot_4,2.161,1.244
1777296396,794954940,robot_1,2.605,4.035
1777296396,794964632,robot_2,1.933,4.171
1777296396,794972196,robot_0,4.154,-4.004
1777296396,794980240,robot_3,3.474,-0.607
1777296397,415494740,robot_4,2.161,1.244
1777296397,415526394,robot_1,2.604,4.036
1777296397,415540650,robot_2,2.017,4.121
1777296397,415553100,robot_0,4.155,-4.005
1777296397,415565760,robot_3,3.474,-0.607
1777296397,834816475,robot_4,2.161,1.244
1777296397,834838693,robot_1,2.638,3.957
1777296397,834846299,robot_2,2.012,4.143
1777296397,834852155,robot_0,4.156,-4.005
1777296397,834858421,robot_3,3.474,-0.607
1777296398,37548011,robot_4,2.161,1.244
1777296398,37582778,robot_1,2.641,3.934
1777296398,37597024,robot_2,2.007,4.150
1777296398,37610138,robot_0,4.156,-4.005
1777296398,37622807,robot_3,3.474,-0.607
1777296398,654897277,robot_4,2.161,1.244
1777296398,654926512,robot_1,2.635,3.934
1777296398,654942247,robot_2,2.010,4.150
1777296398,654954908,robot_0,4.155,-4.005
1777296398,654967464,robot_3,3.474,-0.607
1777296398,855324947,robot_4,2.161,1.244
1777296398,855362801,robot_1,2.635,3.935
1777296398,855377640,robot_2,2.010,4.150
1777296398,855389769,robot_0,4.155,-4.005
1777296398,855401685,robot_3,3.474,-0.608
1777296399,275856463,robot_4,2.161,1.244
1777296399,275887352,robot_1,2.635,3.935
1777296399,275902460,robot_2,2.011,4.149
1777296399,275914712,robot_0,4.154,-4.004
1777296399,275927092,robot_3,3.475,-0.608
1777296399,476601382,robot_4,2.161,1.244
1777296399,476625460,robot_1,2.635,3.935
1777296399,476636158,robot_2,2.011,4.149
1777296399,476644759,robot_0,4.154,-4.004
1777296399,476654080,robot_3,3.475,-0.608
1777296399,676730291,robot_4,2.161,1.244
1777296399,676750251,robot_1,2.635,3.935
1777296399,676757908,robot_2,2.011,4.149
1777296399,676764371,robot_0,4.153,-4.004
1777296399,676770594,robot_3,3.475,-0.608
1777296399,877004009,robot_4,2.161,1.244
1777296399,877026694,robot_1,2.635,3.935
1777296399,877034410,robot_2,1.995,4.123
1777296399,877040348,robot_0,4.153,-4.004
1777296399,877046594,robot_3,3.475,-0.608
1777296400,78758330,robot_4,2.161,1.244
1777296400,78788877,robot_1,2.635,3.935
1777296400,78804302,robot_2,1.973,4.089
1777296400,78817614,robot_0,4.152,-4.004
1777296400,78829678,robot_3,3.476,-0.600
1777296400,494294275,robot_4,2.161,1.244
1777296400,494314430,robot_1,2.635,3.935
1777296400,494322239,robot_2,1.932,4.025
1777296400,494328459,robot_0,4.152,-4.004
1777296400,494334356,robot_3,3.479,-0.569
1777296400,694886087,robot_4,2.161,1.244
1777296400,694916185,robot_1,2.635,3.935
1777296400,694930960,robot_2,1.912,3.992
1777296400,694959447,robot_0,4.152,-4.004
1777296400,694972380,robot_3,3.479,-0.569
1777296400,895502280,robot_4,2.161,1.244
1777296400,895522887,robot_1,2.635,3.935
1777296400,895530904,robot_2,1.891,3.959
1777296400,895537567,robot_0,4.153,-4.004
1777296400,895544762,robot_3,3.479,-0.569
1777296401,315057747,robot_4,2.161,1.244
1777296401,315087531,robot_1,2.635,3.935
1777296401,315097930,robot_2,1.855,3.904
1777296401,315105912,robot_0,4.154,-4.004
1777296401,315113373,robot_3,3.478,-0.569
1777296401,934569139,robot_4,2.161,1.244
1777296401,934590303,robot_1,2.635,3.935
1777296401,934598758,robot_2,1.798,3.813
1777296401,934605705,robot_0,4.155,-4.005
1777296401,934612142,robot_3,3.478,-0.568
1777296402,135204303,robot_4,2.161,1.244
1777296402,135230780,robot_1,2.635,3.935
1777296402,135241640,robot_2,1.774,3.776
1777296402,135251432,robot_0,4.155,-4.006
1777296402,135261546,robot_3,3.478,-0.568
1777296402,754664813,robot_4,2.161,1.244
1777296402,754685159,robot_1,2.635,3.935
1777296402,754693126,robot_2,1.688,3.646
1777296402,754699150,robot_0,4.156,-4.006
1777296402,754705453,robot_3,3.478,-0.567
1777296403,776351522,robot_4,2.161,1.244
1777296403,776374072,robot_1,2.635,3.935
1777296403,776382386,robot_2,1.564,3.461
1777296403,776388905,robot_0,4.155,-4.006
1777296403,776395246,robot_3,3.478,-0.568
1777296403,976473089,robot_4,2.161,1.244
1777296403,976505513,robot_1,2.635,3.935
1777296403,976520208,robot_2,1.543,3.431
1777296403,976531889,robot_0,4.155,-4.005
1777296403,976544714,robot_3,3.478,-0.568
1777296404,394728325,robot_4,2.161,1.244
1777296404,394757249,robot_1,2.635,3.935
1777296404,394770714,robot_2,1.498,3.365
1777296404,394782466,robot_0,4.154,-4.005
1777296404,394793590,robot_3,3.479,-0.568
1777296404,595199924,robot_4,2.161,1.244
1777296404,595222599,robot_1,2.635,3.935
1777296404,595230617,robot_2,1.472,3.326
1777296404,595237640,robot_0,4.153,-4.005
1777296404,595244289,robot_3,3.479,-0.569
1777296405,15390948,robot_4,2.161,1.244
1777296405,15430378,robot_1,2.635,3.935
1777296405,15451696,robot_2,1.418,3.246
1777296405,15469068,robot_0,4.153,-4.005
1777296405,15485695,robot_3,3.480,-0.569
1777296405,434595540,robot_4,2.161,1.244
1777296405,434617236,robot_1,2.635,3.935
1777296405,434626128,robot_2,1.385,3.196
1777296405,434633070,robot_0,4.152,-4.005
1777296405,434639929,robot_3,3.480,-0.569
1777296405,634812675,robot_4,2.161,1.244
1777296405,634836518,robot_1,2.635,3.935
1777296405,634846315,robot_2,1.363,3.163
1777296405,634855201,robot_0,4.152,-4.005
1777296405,634863360,robot_3,3.479,-0.568
1777296405,835573095,robot_4,2.161,1.244
1777296405,835601310,robot_1,2.635,3.935
1777296405,835614811,robot_2,1.346,3.138
1777296405,835625011,robot_0,4.153,-4.005
1777296405,835634808,robot_3,3.479,-0.568
1777296406,255074101,robot_4,2.161,1.244
1777296406,255104565,robot_1,2.635,3.935
1777296406,255117822,robot_2,1.303,3.074
1777296406,255128638,robot_0,4.154,-4.005
1777296406,255138809,robot_3,3.478,-0.568
1777296406,875652778,robot_4,2.161,1.244
1777296406,875683487,robot_1,2.635,3.935
1777296406,875698671,robot_2,1.216,2.947
1777296406,875711957,robot_0,4.155,-4.006
1777296406,875724083,robot_3,3.478,-0.567
1777296407,295246274,robot_4,2.161,1.244
1777296407,295265843,robot_1,2.635,3.935
1777296407,295273090,robot_2,1.153,2.857
1777296407,295279223,robot_0,4.156,-4.007
1777296407,295285407,robot_3,3.478,-0.566
1777296407,495899951,robot_4,2.161,1.244
1777296407,495918686,robot_1,2.635,3.935
1777296407,495926578,robot_2,1.129,2.824
1777296407,495932790,robot_0,4.156,-4.007
1777296407,495939012,robot_3,3.478,-0.566
1777296408,114289535,robot_4,2.161,1.244
1777296408,114310995,robot_1,2.635,3.935
1777296408,114318418,robot_2,1.058,2.725
1777296408,114325096,robot_0,4.156,-4.007
1777296408,114331581,robot_3,3.478,-0.567
1777296408,316237233,robot_4,2.161,1.244
1777296408,316273661,robot_1,2.635,3.935
1777296408,316292544,robot_2,1.041,2.702
1777296408,316309731,robot_0,4.156,-4.007
1777296408,316324995,robot_3,3.478,-0.567
1777296408,734791713,robot_4,2.161,1.244
1777296408,734812450,robot_1,2.635,3.935
1777296408,734820762,robot_2,0.992,2.634
1777296408,734827687,robot_0,4.155,-4.006
1777296408,734833851,robot_3,3.479,-0.567
1777296409,155143906,robot_4,2.161,1.244
1777296409,155173929,robot_1,2.635,3.935
1777296409,155187885,robot_2,0.916,2.527
1777296409,155200445,robot_0,4.154,-4.006
1777296409,155211772,robot_3,3.479,-0.568
1777296409,355777440,robot_4,2.161,1.244
1777296409,355794558,robot_1,2.635,3.934
1777296409,355801530,robot_2,0.892,2.493
1777296409,355807972,robot_0,4.154,-4.006
1777296409,355813849,robot_3,3.480,-0.568
1777296409,555960198,robot_4,2.161,1.244
1777296409,555996501,robot_1,2.635,3.934
1777296409,556016265,robot_2,0.871,2.464
1777296409,556031507,robot_0,4.154,-4.006
1777296409,556045700,robot_3,3.480,-0.568
1777296409,975360471,robot_4,2.161,1.244
1777296409,975379904,robot_1,2.635,3.934
1777296409,975386952,robot_2,0.822,2.395
1777296409,975393509,robot_0,4.153,-4.006
1777296409,975400085,robot_3,3.480,-0.568
1777296410,794185929,robot_4,2.161,1.244
1777296410,794205024,robot_1,2.635,3.934
1777296410,794212095,robot_2,0.704,2.237
1777296410,794218101,robot_0,4.153,-4.006
1777296410,794223670,robot_3,3.479,-0.567
1777296410,994747680,robot_4,2.161,1.244
1777296410,994770642,robot_1,2.635,3.934
1777296410,994781280,robot_2,0.679,2.205
1777296410,994791372,robot_0,4.153,-4.006
1777296410,994801160,robot_3,3.479,-0.567
1777296411,614108892,robot_4,2.161,1.244
1777296411,614129290,robot_1,2.635,3.934
1777296411,614136499,robot_2,0.609,2.115
1777296411,614142285,robot_0,4.155,-4.006
1777296411,614147506,robot_3,3.478,-0.566
1777296411,815420999,robot_4,2.161,1.244
1777296411,815440024,robot_1,2.635,3.934
1777296411,815447087,robot_2,0.583,2.081
1777296411,815453419,robot_0,4.155,-4.007
1777296411,815459225,robot_3,3.478,-0.566
1777296412,234842847,robot_4,2.161,1.244
1777296412,234864839,robot_1,2.635,3.934
1777296412,234873193,robot_2,0.528,2.010
1777296412,234879932,robot_0,4.156,-4.007
1777296412,234886891,robot_3,3.478,-0.565
1777296412,855672235,robot_4,2.161,1.244
1777296412,855701752,robot_1,2.635,3.934
1777296412,855712096,robot_2,0.440,1.898
1777296412,855734833,robot_0,4.156,-4.008
1777296412,855743796,robot_3,3.479,-0.566
1777296413,275069969,robot_4,2.161,1.244
1777296413,275097084,robot_1,2.635,3.934
1777296413,275108570,robot_2,0.361,1.797
1777296413,275118378,robot_0,4.156,-4.008
1777296413,275127720,robot_3,3.479,-0.567
1777296413,476413946,robot_4,2.161,1.244
1777296413,476434176,robot_1,2.635,3.934
1777296413,476441742,robot_2,0.337,1.766
1777296413,476448526,robot_0,4.156,-4.008
1777296413,476454686,robot_3,3.479,-0.567
1777296414,294858137,robot_4,2.161,1.244
1777296414,294877104,robot_1,2.635,3.934
1777296414,294885348,robot_2,0.241,1.644
1777296414,294891739,robot_0,4.154,-4.007
1777296414,294898004,robot_3,3.480,-0.567
1777296414,494858524,robot_4,2.161,1.244
1777296414,494875970,robot_1,2.635,3.934
1777296414,494882920,robot_2,0.215,1.614
1777296414,494888580,robot_0,4.154,-4.007
1777296414,494894217,robot_3,3.480,-0.567
1777296415,115555161,robot_4,2.161,1.244
1777296415,115578891,robot_1,2.635,3.934
1777296415,115587692,robot_2,0.135,1.525
1777296415,115595731,robot_0,4.153,-4.007
1777296415,115603721,robot_3,3.480,-0.567
1777296415,934924557,robot_4,2.161,1.244
1777296415,934946131,robot_1,2.635,3.934
1777296415,934955019,robot_2,0.039,1.418
1777296415,934962952,robot_0,4.153,-4.007
1777296415,934969719,robot_3,3.479,-0.566
1777296416,135306319,robot_4,2.161,1.244
1777296416,135335869,robot_1,2.635,3.934
1777296416,135348732,robot_2,0.017,1.393
1777296416,135360289,robot_0,4.154,-4.007
1777296416,135371398,robot_3,3.479,-0.565
1777296416,754376941,robot_4,2.161,1.244
1777296416,754396404,robot_1,2.635,3.934
1777296416,754404368,robot_2,-0.093,1.272
1777296416,754411316,robot_0,4.155,-4.007
1777296416,754417345,robot_3,3.479,-0.565
1777296416,955153848,robot_4,2.161,1.244
1777296416,955173026,robot_1,2.635,3.934
1777296416,955180289,robot_2,-0.126,1.235
1777296416,955186371,robot_0,4.155,-4.008
1777296416,955192462,robot_3,3.479,-0.565
1777296417,155163170,robot_4,2.161,1.244
1777296417,155186097,robot_1,2.635,3.934
1777296417,155195761,robot_2,-0.152,1.206
1777296417,155203995,robot_0,4.156,-4.008
1777296417,155211994,robot_3,3.479,-0.565
1777296417,774855916,robot_4,2.161,1.244
1777296417,774877972,robot_1,2.635,3.934
1777296417,774886235,robot_2,-0.237,1.109
1777296417,774893063,robot_0,4.156,-4.009
1777296417,774900120,robot_3,3.479,-0.566
1777296417,975500141,robot_4,2.161,1.244
1777296417,975522707,robot_1,2.635,3.934
1777296417,975531640,robot_2,-0.256,1.088
1777296417,975539876,robot_0,4.156,-4.009
1777296417,975546932,robot_3,3.479,-0.566
1777296418,594650162,robot_4,2.161,1.244
1777296418,594669339,robot_1,2.635,3.934
1777296418,594676769,robot_2,-0.351,0.982
1777296418,594693519,robot_0,4.156,-4.008
1777296418,594699540,robot_3,3.480,-0.566
1777296418,794869065,robot_4,2.161,1.244
1777296418,794899600,robot_1,2.635,3.934
1777296418,794914820,robot_2,-0.379,0.954
1777296418,794928269,robot_0,4.155,-4.008
1777296418,794941325,robot_3,3.480,-0.566
1777296418,994878683,robot_4,2.161,1.244
1777296418,994901261,robot_1,2.635,3.934
1777296418,994910968,robot_2,-0.413,0.921
1777296418,994919688,robot_0,4.155,-4.008
1777296418,994928524,robot_3,3.481,-0.566
1777296419,414359381,robot_4,2.161,1.244
1777296419,414379059,robot_1,2.635,3.934
1777296419,414386325,robot_2,-0.481,0.854
1777296419,414392433,robot_0,4.154,-4.008
1777296419,414398970,robot_3,3.481,-0.566
1777296419,614392278,robot_4,2.161,1.244
1777296419,614411903,robot_1,2.635,3.934
1777296419,614421209,robot_2,-0.516,0.820
1777296419,614427606,robot_0,4.154,-4.007
1777296419,614433022,robot_3,3.480,-0.566
1777296419,815097751,robot_4,2.161,1.244
1777296419,815119180,robot_1,2.635,3.934
1777296419,815127605,robot_2,-0.551,0.784
1777296419,815134521,robot_0,4.153,-4.008
1777296419,815140801,robot_3,3.480,-0.566
1777296420,434772092,robot_4,2.161,1.244
1777296420,434797338,robot_1,2.635,3.934
1777296420,434807992,robot_2,-0.651,0.682
1777296420,434816828,robot_0,4.153,-4.008
1777296420,434825288,robot_3,3.479,-0.565
1777296420,855260268,robot_4,2.161,1.244
1777296420,855282730,robot_1,2.635,3.934
1777296420,855292149,robot_2,-0.726,0.607
1777296420,855300573,robot_0,4.153,-4.008
1777296420,855308706,robot_3,3.479,-0.565
1777296421,274618512,robot_4,2.161,1.244
1777296421,274636730,robot_1,2.635,3.934
1777296421,274643829,robot_2,-0.799,0.533
1777296421,274650107,robot_0,4.154,-4.008
1777296421,274655691,robot_3,3.479,-0.564
1777296421,475094281,robot_4,2.161,1.244
1777296421,475123310,robot_1,2.635,3.934
1777296421,475137357,robot_2,-0.836,0.495
1777296421,475149876,robot_0,4.154,-4.008
1777296421,475161626,robot_3,3.479,-0.564
1777296421,675657446,robot_4,2.161,1.244
1777296421,675679346,robot_1,2.635,3.934
1777296421,675688589,robot_2,-0.868,0.462
1777296421,675696358,robot_0,4.155,-4.008
1777296421,675704636,robot_3,3.479,-0.564
1777296422,94044498,robot_4,2.161,1.244
1777296422,94064945,robot_1,2.635,3.934
1777296422,94071532,robot_2,-0.918,0.411
1777296422,94078103,robot_0,4.155,-4.009
1777296422,94083656,robot_3,3.479,-0.564
1777296422,294375833,robot_4,2.161,1.244
1777296422,294395009,robot_1,2.635,3.934
1777296422,294402269,robot_2,-0.943,0.385
1777296422,294409100,robot_0,4.156,-4.009
1777296422,294415085,robot_3,3.479,-0.565
1777296422,914884544,robot_4,2.161,1.244
1777296422,914904261,robot_1,2.635,3.934
1777296422,914911641,robot_2,-1.051,0.275
1777296422,914928007,robot_0,4.156,-4.010
1777296422,914934208,robot_3,3.480,-0.565
1777296423,115966227,robot_4,2.161,1.244
1777296423,115994161,robot_1,2.635,3.934
1777296423,116010822,robot_2,-1.081,0.245
1777296423,116022962,robot_0,4.156,-4.010
1777296423,116034115,robot_3,3.480,-0.565
1777296423,734964854,robot_4,2.161,1.244
1777296423,734983664,robot_1,2.635,3.934
1777296423,734991535,robot_2,-1.208,0.119
1777296423,734998919,robot_0,4.155,-4.009
1777296423,735005042,robot_3,3.481,-0.565
1777296423,936150072,robot_4,2.161,1.244
1777296423,936177473,robot_1,2.635,3.934
1777296423,936190637,robot_2,-1.252,0.076
1777296423,936203216,robot_0,4.155,-4.009
1777296423,936214221,robot_3,3.481,-0.565
1777296424,754825018,robot_4,2.161,1.244
1777296424,754845268,robot_1,2.635,3.933
1777296424,754853219,robot_2,-1.409,-0.082
1777296424,754870229,robot_0,4.153,-4.008
1777296424,754877112,robot_3,3.480,-0.565
1777296425,175179339,robot_4,2.161,1.244
1777296425,175198514,robot_1,2.636,3.932
1777296425,175205716,robot_2,-1.472,-0.147
1777296425,175212831,robot_0,4.153,-4.009
1777296425,175219367,robot_3,3.480,-0.564
1777296425,995312455,robot_4,2.161,1.244
1777296425,995338170,robot_1,2.637,3.932
1777296425,995349678,robot_2,-1.580,-0.258
1777296425,995359166,robot_0,4.153,-4.008
1777296425,995368758,robot_3,3.479,-0.563
1777296426,613892585,robot_4,2.161,1.244
1777296426,613913067,robot_1,2.639,4.038
1777296426,613921143,robot_2,-1.652,-0.331
1777296426,613927389,robot_0,4.155,-4.009
1777296426,613933402,robot_3,3.479,-0.563
1777296426,815508107,robot_4,2.161,1.244
1777296426,815528102,robot_1,2.639,4.049
1777296426,815535144,robot_2,-1.688,-0.368
1777296426,815542316,robot_0,4.155,-4.009
1777296426,815548498,robot_3,3.479,-0.564
1777296427,234582427,robot_4,2.161,1.244
1777296427,234600399,robot_1,2.638,4.049
1777296427,234607455,robot_2,-1.760,-0.440
1777296427,234613948,robot_0,4.156,-4.010
1777296427,234620538,robot_3,3.480,-0.564
1777296427,434895999,robot_4,2.161,1.244
1777296427,434920261,robot_1,2.638,4.049
1777296427,434929706,robot_2,-1.801,-0.480
1777296427,434937973,robot_0,4.156,-4.010
1777296427,434946253,robot_3,3.480,-0.564
1777296427,854002795,robot_4,2.161,1.244
1777296427,854027768,robot_1,2.637,4.050
1777296427,854034325,robot_2,-1.880,-0.558
1777296427,854041111,robot_0,4.156,-4.010
1777296427,854047154,robot_3,3.480,-0.565
1777296428,55246668,robot_4,2.161,1.244
1777296428,55271272,robot_1,2.637,4.050
1777296428,55280668,robot_2,-1.921,-0.598
1777296428,55288806,robot_0,4.156,-4.010
1777296428,55296202,robot_3,3.481,-0.565
1777296428,255367696,robot_4,2.161,1.244
1777296428,255396526,robot_1,2.637,4.051
1777296428,255409937,robot_2,-1.959,-0.636
1777296428,255420895,robot_0,4.156,-4.010
1777296428,255431785,robot_3,3.481,-0.565
1777296428,875440523,robot_4,2.161,1.244
1777296428,875459761,robot_1,2.637,4.052
1777296428,875467203,robot_2,-2.080,-0.756
1777296428,875473550,robot_0,4.155,-4.010
1777296428,875479627,robot_3,3.481,-0.565
1777296429,294576832,robot_4,2.161,1.244
1777296429,294598436,robot_1,2.637,4.052
1777296429,294606606,robot_2,-2.143,-0.819
1777296429,294613867,robot_0,4.154,-4.009
1777296429,294620162,robot_3,3.481,-0.565
1777296429,495453534,robot_4,2.161,1.244
1777296429,495477956,robot_1,2.637,4.052
1777296429,495485173,robot_2,-2.172,-0.849
1777296429,495492112,robot_0,4.154,-4.009
1777296429,495497796,robot_3,3.480,-0.564
1777296430,513977608,robot_4,2.161,1.244
1777296430,513996536,robot_1,2.637,4.053
1777296430,514003582,robot_2,-2.339,-1.018
1777296430,514021686,robot_0,4.153,-4.009
1777296430,514027462,robot_3,3.480,-0.563
1777296430,715705584,robot_4,2.161,1.244
1777296430,715734704,robot_1,2.637,4.053
1777296430,715748642,robot_2,-2.370,-1.049
1777296430,715761044,robot_0,4.153,-4.009
1777296430,715773087,robot_3,3.480,-0.562
1777296431,135369081,robot_4,2.161,1.244
1777296431,135400521,robot_1,2.637,4.053
1777296431,135415629,robot_2,-2.451,-1.130
1777296431,135429501,robot_0,4.154,-4.009
1777296431,135441771,robot_3,3.480,-0.562
1777296431,335551525,robot_4,2.161,1.244
1777296431,335576993,robot_1,2.637,4.053
1777296431,335585512,robot_2,-2.489,-1.167
1777296431,335593295,robot_0,4.154,-4.009
1777296431,335600065,robot_3,3.480,-0.562
1777296431,754877807,robot_4,2.161,1.244
1777296431,754900437,robot_1,2.637,4.052
1777296431,754909227,robot_2,-2.573,-1.250
1777296431,754916189,robot_0,4.155,-4.010
1777296431,754923211,robot_3,3.480,-0.562
1777296431,955347703,robot_4,2.161,1.244
1777296431,955373660,robot_1,2.637,4.052
1777296431,955383136,robot_2,-2.604,-1.280
1777296431,955391164,robot_0,4.155,-4.010
1777296431,955399484,robot_3,3.480,-0.561
1777296432,156613514,robot_4,2.161,1.244
1777296432,156636910,robot_1,2.637,4.052
1777296432,156646037,robot_2,-2.636,-1.311
1777296432,156654324,robot_0,4.156,-4.011
1777296432,156664103,robot_3,3.480,-0.561
1777296432,778072140,robot_4,2.161,1.244
1777296432,778136830,robot_1,2.637,4.052
1777296432,778154737,robot_2,-2.746,-1.423
1777296432,778168463,robot_0,4.156,-4.011
1777296432,778181913,robot_3,3.481,-0.561
1777296433,197941103,robot_4,2.161,1.244
1777296433,197992661,robot_1,2.637,4.052
1777296433,198026615,robot_2,-2.817,-1.494
1777296433,198048289,robot_0,4.156,-4.011
1777296433,198067829,robot_3,3.482,-0.561
1777296433,816575142,robot_4,2.161,1.244
1777296433,816607571,robot_1,2.637,4.052
1777296433,816620808,robot_2,-2.914,-1.591
1777296433,816632746,robot_0,4.156,-4.011
1777296433,816644073,robot_3,3.482,-0.561
1777296434,436302290,robot_4,2.161,1.244
1777296434,436334247,robot_1,2.637,4.052
1777296434,436348327,robot_2,-3.037,-1.714
1777296434,436376246,robot_0,4.154,-4.010
1777296434,436387975,robot_3,3.482,-0.561
1777296434,636719579,robot_4,2.161,1.244
1777296434,636752289,robot_1,2.637,4.052
1777296434,636766843,robot_2,-3.078,-1.755
1777296434,636778311,robot_0,4.154,-4.010
1777296434,636789301,robot_3,3.482,-0.561
1777296435,255814656,robot_4,2.161,1.244
1777296435,255852234,robot_1,2.637,4.052
1777296435,255872488,robot_2,-3.182,-1.856
1777296435,255889922,robot_0,4.153,-4.010
1777296435,255906059,robot_3,3.482,-0.561
1777296435,675447292,robot_4,2.161,1.244
1777296435,675476350,robot_1,2.637,4.052
1777296435,675489672,robot_2,-3.246,-1.916
1777296435,675501662,robot_0,4.153,-4.010
1777296435,675513112,robot_3,3.482,-0.561
1777296435,875910105,robot_4,2.161,1.244
1777296435,875935300,robot_1,2.637,4.052
1777296435,875945634,robot_2,-3.275,-1.944
1777296435,875954549,robot_0,4.153,-4.010
1777296435,875962586,robot_3,3.482,-0.561
1777296436,76184198,robot_4,2.161,1.244
1777296436,76209585,robot_1,2.637,4.052
1777296436,76218695,robot_2,-3.305,-1.973
1777296436,76227522,robot_0,4.153,-4.010
1777296436,76235043,robot_3,3.482,-0.561
1777296436,694261829,robot_4,2.161,1.244
1777296436,694281621,robot_1,2.637,4.052
1777296436,694289082,robot_2,-3.412,-2.076
1777296436,694303915,robot_0,4.155,-4.010
1777296436,694310306,robot_3,3.482,-0.561
1777296436,894611552,robot_4,2.161,1.244
1777296436,894633302,robot_1,2.637,4.052
1777296436,894642222,robot_2,-3.441,-2.105
1777296436,894649219,robot_0,4.155,-4.011
1777296436,894656466,robot_3,3.482,-0.561
1777296437,94952181,robot_4,2.161,1.244
1777296437,94978122,robot_1,2.637,4.052
1777296437,94985996,robot_2,-3.478,-2.142
1777296437,94992973,robot_0,4.156,-4.011
1777296437,94999053,robot_3,3.482,-0.561
1777296437,295260969,robot_4,2.161,1.244
1777296437,295291591,robot_1,2.637,4.052
1777296437,295306512,robot_2,-3.511,-2.174
1777296437,295319611,robot_0,4.156,-4.011
1777296437,295331876,robot_3,3.482,-0.561
1777296437,915322197,robot_4,2.161,1.244
1777296437,915344672,robot_1,2.637,4.052
1777296437,915354053,robot_2,-3.600,-2.258
1777296437,915361826,robot_0,4.156,-4.012
1777296437,915369383,robot_3,3.481,-0.561
1777296438,115594172,robot_4,2.161,1.244
1777296438,115620113,robot_1,2.637,4.052
1777296438,115632147,robot_2,-3.631,-2.288
1777296438,115640150,robot_0,4.156,-4.012
1777296438,115647239,robot_3,3.481,-0.561
1777296438,535665959,robot_4,2.161,1.244
1777296438,535693391,robot_1,2.637,4.052
1777296438,535701455,robot_2,-3.727,-2.380
1777296438,535708827,robot_0,4.156,-4.012
1777296438,535715096,robot_3,3.481,-0.561
1777296439,155211610,robot_4,2.161,1.244
1777296439,155276613,robot_1,2.637,4.052
1777296439,155314393,robot_2,-3.752,-2.404
1777296439,155345497,robot_0,4.155,-4.011
1777296439,155374879,robot_3,3.481,-0.561
1777296439,356353578,robot_4,2.161,1.244
1777296439,356391908,robot_1,2.637,4.051
1777296439,356403333,robot_2,-3.752,-2.405
1777296439,356412520,robot_0,4.154,-4.011
1777296439,356421911,robot_3,3.481,-0.561
1777296439,977553531,robot_4,2.161,1.244
1777296439,977606008,robot_1,2.638,4.050
1777296439,977623965,robot_2,-3.751,-2.406
1777296439,977640510,robot_0,4.153,-4.011
1777296439,977655836,robot_3,3.481,-0.561
1777296440,796141344,robot_4,2.161,1.244
1777296440,796179757,robot_1,2.639,4.050
1777296440,796200848,robot_2,-3.752,-2.408
1777296440,796218785,robot_0,4.153,-4.011
1777296440,796236022,robot_3,3.481,-0.561
1777296441,615240083,robot_4,2.161,1.244
1777296441,615266250,robot_1,2.638,4.050
1777296441,615277193,robot_2,-3.753,-2.408
1777296441,615285360,robot_0,4.155,-4.011
1777296441,615293195,robot_3,3.481,-0.561
1777296441,816848368,robot_4,2.161,1.244
1777296441,816880322,robot_1,2.638,4.050
1777296441,816892949,robot_2,-3.753,-2.408
1777296441,816903692,robot_0,4.155,-4.012
1777296441,816913646,robot_3,3.481,-0.561
1777296442,236976064,robot_4,2.161,1.244
1777296442,237017281,robot_1,2.637,4.051
1777296442,237031815,robot_2,-3.754,-2.408
1777296442,237042450,robot_0,4.156,-4.012
1777296442,237053567,robot_3,3.481,-0.561
1777296442,656855423,robot_4,2.161,1.244
1777296442,656899963,robot_1,2.637,4.052
1777296442,656921489,robot_2,-3.755,-2.408
1777296442,656939745,robot_0,4.156,-4.013
1777296442,656957029,robot_3,3.481,-0.561
1777296443,677017889,robot_4,2.161,1.244
1777296443,677054246,robot_1,2.637,4.053
1777296443,677071804,robot_2,-3.678,-2.348
1777296443,677082807,robot_0,4.156,-4.012
1777296443,677092854,robot_3,3.481,-0.561
1777296444,295739220,robot_4,2.161,1.244
1777296444,295770319,robot_1,2.638,4.054
1777296444,295783887,robot_2,-3.582,-2.282
1777296444,295795962,robot_0,4.155,-4.012
1777296444,295806280,robot_3,3.481,-0.561
1777296444,496518333,robot_4,2.161,1.244
1777296444,496551222,robot_1,2.639,4.055
1777296444,496566337,robot_2,-3.544,-2.255
1777296444,496577266,robot_0,4.154,-4.012
1777296444,496588302,robot_3,3.481,-0.561
1777296444,915194226,robot_4,2.161,1.244
1777296444,915219277,robot_1,2.639,4.055
1777296444,915230339,robot_2,-3.470,-2.204
1777296444,915238670,robot_0,4.153,-4.012
1777296444,915246579,robot_3,3.481,-0.561
1777296445,115763331,robot_4,2.161,1.244
1777296445,115793986,robot_1,2.640,4.055
1777296445,115806150,robot_2,-3.431,-2.177
1777296445,115816208,robot_0,4.153,-4.012
1777296445,115826099,robot_3,3.481,-0.561
1777296446,335139843,robot_4,2.161,1.244
1777296446,335162036,robot_1,2.641,4.054
1777296446,335170895,robot_2,-3.187,-2.003
1777296446,335178290,robot_0,4.154,-4.012
1777296446,335186367,robot_3,3.481,-0.561
1777296446,536723188,robot_4,2.161,1.244
1777296446,536770607,robot_1,2.642,4.054
1777296446,536793436,robot_2,-3.148,-1.975
1777296446,536813983,robot_0,4.155,-4.012
1777296446,536833076,robot_3,3.481,-0.561
1777296446,955000730,robot_4,2.161,1.244
1777296446,955024868,robot_1,2.642,4.053
1777296446,955033256,robot_2,-3.085,-1.931
1777296446,955040190,robot_0,4.156,-4.013
1777296446,955047342,robot_3,3.481,-0.561
1777296447,155146356,robot_4,2.161,1.244
1777296447,155166873,robot_1,2.642,4.053
1777296447,155174800,robot_2,-3.049,-1.906
1777296447,155181574,robot_0,4.156,-4.013
1777296447,155188682,robot_3,3.481,-0.561
1777296447,775299375,robot_4,2.161,1.244
1777296447,775326164,robot_1,2.642,4.051
1777296447,775338084,robot_2,-2.930,-1.827
1777296447,775348208,robot_0,4.156,-4.014
1777296447,775357137,robot_3,3.481,-0.561
1777296448,394366391,robot_4,2.161,1.244
1777296448,394389768,robot_1,2.579,4.080
1777296448,394397985,robot_2,-2.821,-1.758
1777296448,394404527,robot_0,4.156,-4.014
1777296448,394411149,robot_3,3.481,-0.561
1777296448,594705223,robot_4,2.161,1.244
1777296448,594728450,robot_1,2.543,4.097
1777296448,594736504,robot_2,-2.788,-1.738
1777296448,594743368,robot_0,4.156,-4.013
1777296448,594750053,robot_3,3.481,-0.561
1777296448,795621871,robot_4,2.161,1.244
1777296448,795644936,robot_1,2.504,4.115
1777296448,795654185,robot_2,-2.757,-1.718
1777296448,795661197,robot_0,4.156,-4.013
1777296448,795668365,robot_3,3.481,-0.561
1777296449,214889731,robot_4,2.161,1.244
1777296449,214913188,robot_1,2.425,4.154
1777296449,214922926,robot_2,-2.679,-1.670
1777296449,214931967,robot_0,4.155,-4.013
1777296449,214940454,robot_3,3.481,-0.561
1777296449,416788656,robot_4,2.161,1.244
1777296449,416816429,robot_1,2.390,4.172
1777296449,416825920,robot_2,-2.633,-1.641
1777296449,416833462,robot_0,4.155,-4.013
1777296449,416841091,robot_3,3.481,-0.561
1777296449,834767632,robot_4,2.161,1.244
1777296449,834786636,robot_1,2.313,4.208
1777296449,834793468,robot_2,-2.547,-1.588
1777296449,834799063,robot_0,4.154,-4.012
1777296449,834804564,robot_3,3.481,-0.561
1777296450,255248530,robot_4,2.161,1.244
1777296450,255276107,robot_1,2.274,4.226
1777296450,255284863,robot_2,-2.463,-1.534
1777296450,255292205,robot_0,4.153,-4.013
1777296450,255298700,robot_3,3.481,-0.561
1777296450,875167279,robot_4,2.161,1.244
1777296450,875198870,robot_1,2.274,4.227
1777296450,875213821,robot_2,-2.358,-1.468
1777296450,875226977,robot_0,4.153,-4.013
1777296450,875238869,robot_3,3.480,-0.562
1777296451,75805775,robot_4,2.161,1.244
1777296451,75843957,robot_1,2.274,4.227
1777296451,75863508,robot_2,-2.319,-1.443
1777296451,75879613,robot_0,4.154,-4.013
1777296451,75894871,robot_3,3.480,-0.562
1777296451,694272102,robot_4,2.161,1.244
1777296451,694291909,robot_1,2.274,4.228
1777296451,694299075,robot_2,-2.195,-1.366
1777296451,694304885,robot_0,4.155,-4.013
1777296451,694310554,robot_3,3.480,-0.562
1777296451,895419653,robot_4,2.161,1.244
1777296451,895447610,robot_1,2.274,4.229
1777296451,895456823,robot_2,-2.150,-1.339
1777296451,895465514,robot_0,4.155,-4.013
1777296451,895473973,robot_3,3.480,-0.562
1777296452,314996057,robot_4,2.161,1.244
1777296452,315020454,robot_1,2.273,4.229
1777296452,315029785,robot_2,-2.067,-1.290
1777296452,315038307,robot_0,4.156,-4.014
1777296452,315045539,robot_3,3.480,-0.562
1777296452,734270772,robot_4,2.161,1.244
1777296452,734290333,robot_1,2.247,4.175
1777296452,734297919,robot_2,-1.982,-1.241
1777296452,734304535,robot_0,4.156,-4.015
1777296452,734310133,robot_3,3.480,-0.562
1777296452,935368247,robot_4,2.161,1.244
1777296452,935387222,robot_1,2.232,4.138
1777296452,935394311,robot_2,-1.951,-1.223
1777296452,935400305,robot_0,4.156,-4.015
1777296452,935406850,robot_3,3.480,-0.562
1777296453,354400674,robot_4,2.161,1.244
1777296453,354420692,robot_1,2.191,4.045
1777296453,354428499,robot_2,-1.888,-1.185
1777296453,354435128,robot_0,4.156,-4.015
1777296453,354440857,robot_3,3.480,-0.562
1777296453,554989075,robot_4,2.161,1.244
1777296453,555017253,robot_1,2.172,4.008
1777296453,555024868,robot_2,-1.845,-1.158
1777296453,555031415,robot_0,4.156,-4.014
1777296453,555037268,robot_3,3.480,-0.562
1777296453,755204136,robot_4,2.161,1.244
1777296453,755236368,robot_1,2.152,3.967
1777296453,755251680,robot_2,-1.799,-1.130
1777296453,755265277,robot_0,4.156,-4.014
1777296453,755277504,robot_3,3.480,-0.562
1777296453,955380380,robot_4,2.161,1.244
1777296453,955399492,robot_1,2.130,3.924
1777296453,955406786,robot_2,-1.763,-1.107
1777296453,955412918,robot_0,4.156,-4.014
1777296453,955419156,robot_3,3.480,-0.562
1777296454,156178509,robot_4,2.161,1.244
1777296454,156210902,robot_1,2.112,3.888
1777296454,156225212,robot_2,-1.717,-1.079
1777296454,156236351,robot_0,4.155,-4.014
1777296454,156248218,robot_3,3.480,-0.562
1777296454,774853704,robot_4,2.161,1.244
1777296454,774874253,robot_1,2.048,3.769
1777296454,774881715,robot_2,-1.598,-1.007
1777296454,774887700,robot_0,4.154,-4.013
1777296454,774894028,robot_3,3.480,-0.562
1777296455,794437987,robot_4,2.161,1.244
1777296455,794460518,robot_1,1.946,3.597
1777296455,794468467,robot_2,-1.391,-0.881
1777296455,794475679,robot_0,4.153,-4.014
1777296455,794482393,robot_3,3.480,-0.562
1777296455,994480187,robot_4,2.161,1.244
1777296455,994499970,robot_1,1.925,3.561
1777296455,994507053,robot_2,-1.351,-0.857
1777296455,994513115,robot_0,4.154,-4.013
1777296455,994519271,robot_3,3.480,-0.562
1777296456,194917107,robot_4,2.161,1.244
1777296456,194942134,robot_1,1.900,3.519
1777296456,194953376,robot_2,-1.309,-0.831
1777296456,194962612,robot_0,4.154,-4.013
1777296456,194970963,robot_3,3.480,-0.562
1777296456,614715345,robot_4,2.161,1.244
1777296456,614742047,robot_1,1.854,3.440
1777296456,614753843,robot_2,-1.248,-0.794
1777296456,614763826,robot_0,4.155,-4.014
1777296456,614773482,robot_3,3.480,-0.562
1777296456,815123782,robot_4,2.161,1.244
1777296456,815144933,robot_1,1.823,3.387
1777296456,815153442,robot_2,-1.209,-0.771
1777296456,815160274,robot_0,4.155,-4.014
1777296456,815166805,robot_3,3.480,-0.562
1777296457,15442077,robot_4,2.161,1.244
1777296457,15475306,robot_1,1.795,3.339
1777296457,15490571,robot_2,-1.176,-0.753
1777296457,15506366,robot_0,4.156,-4.014
1777296457,15523055,robot_3,3.480,-0.562
1777296457,835042943,robot_4,2.161,1.244
1777296457,835065727,robot_1,1.710,3.192
1777296457,835074903,robot_2,-1.028,-0.665
1777296457,835082663,robot_0,4.156,-4.015
1777296457,835090258,robot_3,3.480,-0.562
1777296458,35373839,robot_4,2.161,1.244
1777296458,35409153,robot_1,1.689,3.154
1777296458,35425511,robot_2,-0.986,-0.640
1777296458,35455584,robot_0,4.156,-4.015
1777296458,35468859,robot_3,3.480,-0.562
1777296458,855066205,robot_4,2.161,1.244
1777296458,855094202,robot_1,1.594,2.984
1777296458,855106918,robot_2,-0.841,-0.553
1777296458,855118102,robot_0,4.156,-4.015
1777296458,855129802,robot_3,3.480,-0.562
1777296459,275630681,robot_4,2.161,1.244
1777296459,275662221,robot_1,1.558,2.911
1777296459,275677979,robot_2,-0.777,-0.515
1777296459,275692310,robot_0,4.155,-4.014
1777296459,275706062,robot_3,3.480,-0.562
1777296459,476499308,robot_4,2.161,1.244
1777296459,476517751,robot_1,1.543,2.878
1777296459,476524856,robot_2,-0.744,-0.495
1777296459,476531548,robot_0,4.155,-4.014
1777296459,476537970,robot_3,3.480,-0.562
1777296460,295030568,robot_4,2.161,1.244
1777296460,295051920,robot_1,1.483,2.735
1777296460,295060643,robot_2,-0.589,-0.402
1777296460,295068887,robot_0,4.153,-4.014
1777296460,295076095,robot_3,3.480,-0.562
1777296460,715555636,robot_4,2.161,1.244
1777296460,715577934,robot_1,1.444,2.640
1777296460,715586785,robot_2,-0.510,-0.354
1777296460,715594771,robot_0,4.153,-4.014
1777296460,715602449,robot_3,3.480,-0.562
1777296461,334415963,robot_4,2.161,1.244
1777296461,334436285,robot_1,1.391,2.510
1777296461,334444587,robot_2,-0.393,-0.282
1777296461,334451649,robot_0,4.155,-4.014
1777296461,334458713,robot_3,3.480,-0.562
1777296461,954742035,robot_4,2.161,1.244
1777296461,954764855,robot_1,1.351,2.415
1777296461,954774300,robot_2,-0.275,-0.209
1777296461,954782267,robot_0,4.156,-4.015
1777296461,954790303,robot_3,3.480,-0.562
1777296462,575826634,robot_4,2.161,1.244
1777296462,575873055,robot_1,1.296,2.298
1777296462,575897054,robot_2,-0.144,-0.128
1777296462,575913166,robot_0,4.157,-4.016
1777296462,575927981,robot_3,3.480,-0.563
1777296463,195093089,robot_4,2.161,1.244
1777296463,195120887,robot_1,1.242,2.196
1777296463,195132713,robot_2,-0.032,-0.056
1777296463,195142866,robot_0,4.157,-4.016
1777296463,195152114,robot_3,3.481,-0.564
1777296463,814053353,robot_4,2.161,1.244
1777296463,814073416,robot_1,1.191,2.091
1777296463,814080587,robot_2,0.078,0.012
1777296463,814096322,robot_0,4.156,-4.015
1777296463,814102827,robot_3,3.482,-0.564
1777296464,15876510,robot_4,2.161,1.244
1777296464,15907673,robot_1,1.176,2.058
1777296464,15917437,robot_2,0.109,0.031
1777296464,15926657,robot_0,4.156,-4.015
1777296464,15935786,robot_3,3.482,-0.564
1777296464,634300683,robot_4,2.161,1.244
1777296464,634319041,robot_1,1.127,1.944
1777296464,634326374,robot_2,0.224,0.099
1777296464,634332979,robot_0,4.154,-4.015
1777296464,634338813,robot_3,3.482,-0.564
1777296464,834810685,robot_4,2.161,1.244
1777296464,834840137,robot_1,1.111,1.908
1777296464,834856061,robot_2,0.261,0.120
1777296464,834869733,robot_0,4.154,-4.015
1777296464,834882262,robot_3,3.481,-0.564
1777296465,36189165,robot_4,2.161,1.244
1777296465,36211431,robot_1,1.094,1.869
1777296465,36219159,robot_2,0.305,0.147
1777296465,36226385,robot_0,4.153,-4.015
1777296465,36233135,robot_3,3.481,-0.564
1777296465,655281889,robot_4,2.161,1.244
1777296465,655306099,robot_1,1.021,1.705
1777296465,655315444,robot_2,0.430,0.224
1777296465,655323228,robot_0,4.153,-4.015
1777296465,655330713,robot_3,3.480,-0.563
1777296466,276187681,robot_4,2.161,1.244
1777296466,276226705,robot_1,0.969,1.587
1777296466,276247639,robot_2,0.570,0.315
1777296466,276265729,robot_0,4.155,-4.015
1777296466,276282586,robot_3,3.480,-0.562
1777296466,694019669,robot_4,2.161,1.244
1777296466,694037860,robot_1,0.933,1.506
1777296466,694045614,robot_2,0.640,0.363
1777296466,694052494,robot_0,4.156,-4.016
1777296466,694058778,robot_3,3.480,-0.562
1777296466,894886829,robot_4,2.161,1.244
1777296466,894908804,robot_1,0.914,1.464
1777296466,894919260,robot_2,0.669,0.382
1777296466,894926983,robot_0,4.156,-4.016
1777296466,894934742,robot_3,3.480,-0.562
1777296467,515220497,robot_4,2.161,1.244
1777296467,515244680,robot_1,0.855,1.331
1777296467,515254826,robot_2,0.765,0.445
1777296467,515262472,robot_0,4.157,-4.017
1777296467,515270901,robot_3,3.480,-0.562
1777296468,134214132,robot_4,2.161,1.244
1777296468,134233683,robot_1,0.793,1.191
1777296468,134241125,robot_2,0.891,0.524
1777296468,134247383,robot_0,4.157,-4.017
1777296468,134253605,robot_3,3.481,-0.562
1777296468,334932390,robot_4,2.161,1.244
1777296468,334958524,robot_1,0.777,1.153
1777296468,334970102,robot_2,0.926,0.543
1777296468,334981570,robot_0,4.157,-4.017
1777296468,334991433,robot_3,3.481,-0.563
1777296468,754308324,robot_4,2.161,1.244
1777296468,754328614,robot_1,0.743,1.074
1777296468,754336922,robot_2,1.011,0.583
1777296468,754352861,robot_0,4.156,-4.016
1777296468,754358918,robot_3,3.481,-0.563
1777296468,955134161,robot_4,2.161,1.244
1777296468,955161448,robot_1,0.722,1.047
1777296468,955172324,robot_2,1.053,0.589
1777296468,955181692,robot_0,4.156,-4.016
1777296468,955192701,robot_3,3.481,-0.563
1777296469,155235212,robot_4,2.161,1.244
1777296469,155263376,robot_1,0.695,1.014
1777296469,155276641,robot_2,1.093,0.590
1777296469,155287228,robot_0,4.155,-4.016
1777296469,155299132,robot_3,3.482,-0.563
1777296469,775392888,robot_4,2.161,1.244
1777296469,775417987,robot_1,0.638,0.897
1777296469,775428528,robot_2,1.211,0.632
1777296469,775437899,robot_0,4.154,-4.016
1777296469,775446129,robot_3,3.482,-0.563
1777296470,395423598,robot_4,2.161,1.244
1777296470,395452556,robot_1,0.580,0.744
1777296470,395465916,robot_2,1.330,0.696
1777296470,395476592,robot_0,4.153,-4.016
1777296470,395486989,robot_3,3.482,-0.563
1777296471,214703513,robot_4,2.161,1.244
1777296471,214730333,robot_1,0.520,0.569
1777296471,214739563,robot_2,1.494,0.786
1777296471,214745958,robot_0,4.155,-4.016
1777296471,214752887,robot_3,3.481,-0.562
1777296471,415295825,robot_4,2.161,1.244
1777296471,415325642,robot_1,0.498,0.506
1777296471,415341851,robot_2,1.532,0.806
1777296471,415354560,robot_0,4.155,-4.016
1777296471,415367793,robot_3,3.481,-0.562
1777296471,834935158,robot_4,2.161,1.244
1777296471,834952485,robot_1,0.464,0.405
1777296471,834959245,robot_2,1.600,0.840
1777296471,834965173,robot_0,4.156,-4.017
1777296471,834970405,robot_3,3.481,-0.561
1777296472,254833280,robot_4,2.161,1.244
1777296472,254862602,robot_1,0.427,0.309
1777296472,254873311,robot_2,1.600,0.839
1777296472,254882385,robot_0,4.156,-4.017
1777296472,254890705,robot_3,3.481,-0.561
1777296472,455553885,robot_4,2.161,1.244
1777296472,455585848,robot_1,0.414,0.275
1777296472,455601161,robot_2,1.601,0.839
1777296472,455614669,robot_0,4.157,-4.018
1777296472,455627193,robot_3,3.481,-0.561
1777296473,274831157,robot_4,2.161,1.244
1777296473,274851066,robot_1,0.353,0.125
1777296473,274858920,robot_2,1.603,0.838
1777296473,274865072,robot_0,4.157,-4.018
1777296473,274871370,robot_3,3.481,-0.562
1777296473,474894743,robot_4,2.161,1.244
1777296473,474924611,robot_1,0.336,0.084
1777296473,474938826,robot_2,1.603,0.838
1777296473,474950680,robot_0,4.157,-4.018
1777296473,474962254,robot_3,3.481,-0.562
1777296473,675523713,robot_4,2.161,1.244
1777296473,675546946,robot_1,0.310,0.022
1777296473,675556793,robot_2,1.604,0.838
1777296473,675564705,robot_0,4.156,-4.017
1777296473,675573058,robot_3,3.482,-0.562
1777296474,294170072,robot_4,2.161,1.244
1777296474,294189349,robot_1,0.258,-0.104
1777296474,294207071,robot_2,1.604,0.839
1777296474,294213799,robot_0,4.155,-4.017
1777296474,294220248,robot_3,3.483,-0.563
1777296474,495553500,robot_4,2.161,1.244
1777296474,495576551,robot_1,0.243,-0.141
1777296474,495587134,robot_2,1.605,0.839
1777296474,495595107,robot_0,4.155,-4.017
1777296474,495603713,robot_3,3.483,-0.563
1777296474,914453103,robot_4,2.161,1.244
1777296474,914473144,robot_1,0.203,-0.237
1777296474,914480738,robot_2,1.605,0.840
1777296474,914487553,robot_0,4.154,-4.017
1777296474,914493260,robot_3,3.482,-0.563
1777296476,134796677,robot_4,2.161,1.244
1777296476,134816965,robot_1,0.115,-0.451
1777296476,134825320,robot_2,1.605,0.843
1777296476,134831474,robot_0,4.154,-4.017
1777296476,134838188,robot_3,3.481,-0.561
1777296476,755579145,robot_4,2.161,1.244
1777296476,755610576,robot_1,0.065,-0.578
1777296476,755626511,robot_2,1.527,0.795
1777296476,755639962,robot_0,4.156,-4.017
1777296476,755653262,robot_3,3.481,-0.560
1777296477,375215328,robot_4,2.161,1.244
1777296477,375247880,robot_1,-0.006,-0.736
1777296477,375259823,robot_2,1.398,0.721
1777296477,375269418,robot_0,4.157,-4.018
1777296477,375279317,robot_3,3.481,-0.561
1777296477,794695485,robot_4,2.161,1.244
1777296477,794716923,robot_1,-0.042,-0.817
1777296477,794725541,robot_2,1.325,0.679
1777296477,794732688,robot_0,4.157,-4.019
1777296477,794739417,robot_3,3.481,-0.561
1777296477,994894716,robot_4,2.161,1.244
1777296477,994913619,robot_1,-0.059,-0.853
1777296477,994921038,robot_2,1.293,0.660
1777296477,994926663,robot_0,4.157,-4.019
1777296477,994932563,robot_3,3.482,-0.561
1777296478,414499665,robot_4,2.161,1.244
1777296478,414522849,robot_1,-0.088,-0.909
1777296478,414533464,robot_2,1.220,0.618
1777296478,414542520,robot_0,4.157,-4.019
1777296478,414550836,robot_3,3.482,-0.562
