stamp_sec,stamp_nsec,robot,x,y
1783599765,803738310,robot_2,0.452,-1.233
1783599765,803771521,robot_0,2.764,-1.712
1783599765,803785792,robot_1,-0.570,0.528
1783599765,803798004,robot_4,-1.364,3.974
1783599765,803809820,robot_3,-2.635,-1.347
1783599766,976402776,robot_2,0.452,-1.233
1783599766,976426452,robot_0,2.764,-1.712
1783599766,976434760,robot_1,-0.570,0.528
1783599766,976441528,robot_4,-1.364,3.974
1783599766,976447798,robot_3,-2.635,-1.347
1783599767,176527907,robot_2,0.452,-1.233
1783599767,176560850,robot_0,2.764,-1.712
1783599767,176570808,robot_1,-0.571,0.525
1783599767,176579961,robot_4,-1.364,3.974
1783599767,176588656,robot_3,-2.636,-1.347
1783599767,397242061,robot_2,0.452,-1.233
1783599767,397264226,robot_0,2.765,-1.712
1783599767,397274920,robot_1,-0.571,0.525
1783599767,397283552,robot_4,-1.364,3.974
1783599767,397291530,robot_3,-2.635,-1.347
1783599767,616551415,robot_2,0.452,-1.233
1783599767,616571608,robot_0,2.765,-1.711
1783599767,616580208,robot_1,-0.571,0.525
1783599767,616587226,robot_4,-1.364,3.974
1783599767,616593670,robot_3,-2.636,-1.348
1783599767,836412589,robot_2,0.432,-1.229
1783599767,836441291,robot_0,2.773,-1.735
1783599767,836453773,robot_1,-0.592,0.496
1783599767,836464526,robot_4,-1.364,3.974
1783599767,836475179,robot_3,-2.636,-1.348
1783599768,37847549,robot_2,0.412,-1.227
1783599768,37868945,robot_0,2.779,-1.767
1783599768,37877763,robot_1,-0.622,0.454
1783599768,37885950,robot_4,-1.364,3.974
1783599768,37892922,robot_3,-2.636,-1.348
1783599768,255560595,robot_2,0.390,-1.226
1783599768,255580438,robot_0,2.781,-1.803
1783599768,255587857,robot_1,-0.639,0.431
1783599768,255593821,robot_4,-1.370,3.974
1783599768,255600706,robot_3,-2.641,-1.347
1783599768,456406043,robot_2,0.370,-1.227
1783599768,456430149,robot_0,2.775,-1.844
1783599768,456437737,robot_1,-0.652,0.413
1783599768,456443423,robot_4,-1.392,3.978
1783599768,456449053,robot_3,-2.690,-1.334
1783599768,656889237,robot_2,0.350,-1.229
1783599768,656918250,robot_0,2.761,-1.898
1783599768,656930678,robot_1,-0.670,0.386
1783599768,656941776,robot_4,-1.414,3.983
1783599768,656952625,robot_3,-2.739,-1.325
1783599768,875038831,robot_2,0.324,-1.234
1783599768,875056863,robot_0,2.740,-1.957
1783599768,875063532,robot_1,-0.689,0.356
1783599768,875070552,robot_4,-1.438,3.990
1783599768,875077786,robot_3,-2.794,-1.322
1783599769,75745807,robot_2,0.268,-1.248
1783599769,75789773,robot_0,2.716,-2.007
1783599769,75824099,robot_1,-0.708,0.331
1783599769,75839043,robot_4,-1.458,3.998
1783599769,75851941,robot_3,-2.843,-1.326
1783599769,276709365,robot_2,0.217,-1.261
1783599769,276735214,robot_0,2.687,-2.056
1783599769,276746567,robot_1,-0.730,0.307
1783599769,276756342,robot_4,-1.479,4.007
1783599769,276776890,robot_3,-2.892,-1.336
1783599769,496533027,robot_2,0.185,-1.268
1783599769,496554140,robot_0,2.650,-2.105
1783599769,496561677,robot_1,-0.756,0.284
1783599769,496567925,robot_4,-1.500,4.019
1783599769,496573747,robot_3,-2.943,-1.354
1783599769,696697857,robot_2,0.156,-1.272
1783599769,696724095,robot_0,2.612,-2.147
1783599769,696736117,robot_1,-0.782,0.265
1783599769,696746272,robot_4,-1.519,4.032
1783599769,696755831,robot_3,-2.987,-1.376
1783599769,916711027,robot_2,0.123,-1.272
1783599769,916737112,robot_0,2.568,-2.187
1783599769,916743894,robot_1,-0.815,0.250
1783599769,916750507,robot_4,-1.539,4.047
1783599769,916756172,robot_3,-3.030,-1.405
1783599770,136124371,robot_2,0.091,-1.268
1783599770,136147242,robot_0,2.522,-2.224
1783599770,136156352,robot_1,-0.864,0.235
1783599770,136164231,robot_4,-1.562,4.065
1783599770,136171703,robot_3,-3.069,-1.435
1783599770,336795648,robot_2,0.089,-1.268
1783599770,336825018,robot_0,2.507,-2.235
1783599770,336839740,robot_1,-0.878,0.231
1783599770,336852289,robot_4,-1.605,4.099
1783599770,336864249,robot_3,-3.071,-1.437
1783599770,556976751,robot_2,0.089,-1.268
1783599770,557010618,robot_0,2.507,-2.235
1783599770,557027252,robot_1,-0.878,0.231
1783599770,557041461,robot_4,-1.648,4.133
1783599770,557054623,robot_3,-3.071,-1.437
1783599770,775959177,robot_2,0.089,-1.268
1783599770,775977110,robot_0,2.507,-2.235
1783599770,775984170,robot_1,-0.878,0.231
1783599770,775990687,robot_4,-1.672,4.150
1783599770,775996695,robot_3,-3.071,-1.437
1783599770,976067175,robot_2,0.089,-1.269
1783599770,976090643,robot_0,2.507,-2.235
1783599770,976097548,robot_1,-0.878,0.232
1783599770,976103881,robot_4,-1.697,4.165
1783599770,976109416,robot_3,-3.071,-1.437
1783599771,176913787,robot_2,0.089,-1.269
1783599771,176936372,robot_0,2.507,-2.235
1783599771,176946517,robot_1,-0.878,0.232
1783599771,176956549,robot_4,-1.702,4.168
1783599771,176965165,robot_3,-3.071,-1.437
1783599771,377088861,robot_2,0.089,-1.269
1783599771,377139836,robot_0,2.506,-2.235
1783599771,377162664,robot_1,-0.879,0.232
1783599771,377182307,robot_4,-1.727,4.174
1783599771,377196836,robot_3,-3.071,-1.437
1783599771,596305555,robot_2,0.089,-1.269
1783599771,596337149,robot_0,2.506,-2.234
1783599771,596352702,robot_1,-0.879,0.232
1783599771,596365059,robot_4,-1.759,4.177
1783599771,596378625,robot_3,-3.071,-1.438
1783599771,796614045,robot_2,0.088,-1.269
1783599771,796634217,robot_0,2.506,-2.234
1783599771,796642046,robot_1,-0.879,0.232
1783599771,796648616,robot_4,-1.789,4.175
1783599771,796654650,robot_3,-3.071,-1.438
1783599772,16419556,robot_2,0.088,-1.269
1783599772,16443303,robot_0,2.506,-2.234
1783599772,16452429,robot_1,-0.879,0.232
1783599772,16460600,robot_4,-1.831,4.165
1783599772,16468352,robot_3,-3.071,-1.438
1783599772,216930757,robot_2,0.088,-1.269
1783599772,216964279,robot_0,2.505,-2.239
1783599772,216981665,robot_1,-0.880,0.232
1783599772,216997765,robot_4,-1.862,4.155
1783599772,217012554,robot_3,-3.071,-1.438
1783599772,417018447,robot_2,0.087,-1.269
1783599772,417051113,robot_0,2.500,-2.282
1783599772,417066649,robot_1,-0.880,0.232
1783599772,417080050,robot_4,-1.913,4.136
1783599772,417092644,robot_3,-3.071,-1.438
1783599772,636399607,robot_2,0.087,-1.269
1783599772,636434806,robot_0,2.497,-2.308
1783599772,636451369,robot_1,-0.880,0.232
1783599772,636465720,robot_4,-1.945,4.125
1783599772,636479307,robot_3,-3.071,-1.439
1783599772,836878756,robot_2,0.087,-1.269
1783599772,836913676,robot_0,2.492,-2.351
1783599772,836930124,robot_1,-0.880,0.232
1783599772,836944272,robot_4,-1.992,4.109
1783599772,836957007,robot_3,-3.071,-1.439
1783599773,56815409,robot_2,0.087,-1.269
1783599773,56847891,robot_0,2.489,-2.386
1783599773,56863033,robot_1,-0.881,0.232
1783599773,56876871,robot_4,-2.050,4.094
1783599773,56905841,robot_3,-3.071,-1.438
1783599773,275802176,robot_2,0.080,-1.240
1783599773,275822319,robot_0,2.483,-2.437
1783599773,275829761,robot_1,-0.871,0.215
1783599773,275836684,robot_4,-2.110,4.085
1783599773,275843445,robot_3,-3.103,-1.449
1783599773,476262118,robot_2,0.063,-1.184
1783599773,476294372,robot_0,2.477,-2.500
1783599773,476310789,robot_1,-0.843,0.174
1783599773,476324522,robot_4,-2.154,4.081
1783599773,476337108,robot_3,-3.154,-1.471
1783599773,696576185,robot_2,0.042,-1.131
1783599773,696603139,robot_0,2.473,-2.535
1783599773,696614191,robot_1,-0.812,0.132
1783599773,696623478,robot_4,-2.178,4.080
1783599773,696632689,robot_3,-3.206,-1.500
1783599773,916104003,robot_2,0.029,-1.105
1783599773,916133849,robot_0,2.466,-2.567
1783599773,916148133,robot_1,-0.779,0.091
1783599773,916160717,robot_4,-2.201,4.082
1783599773,916172043,robot_3,-3.255,-1.536
1783599774,116757547,robot_2,0.016,-1.079
1783599774,116777065,robot_0,2.453,-2.615
1783599774,116784139,robot_1,-0.743,0.045
1783599774,116790640,robot_4,-2.222,4.085
1783599774,116796566,robot_3,-3.296,-1.572
1783599774,336222857,robot_2,-0.000,-1.050
1783599774,336286936,robot_0,2.433,-2.680
1783599774,336306585,robot_1,-0.719,0.015
1783599774,336325015,robot_4,-2.245,4.089
1783599774,336342525,robot_3,-3.323,-1.602
1783599774,555830681,robot_2,-0.020,-1.022
1783599774,555855517,robot_0,2.415,-2.738
1783599774,555865959,robot_1,-0.703,-0.008
1783599774,555885375,robot_4,-2.293,4.103
1783599774,555893927,robot_3,-3.348,-1.634
1783599774,776478019,robot_2,-0.044,-0.999
1783599774,776500759,robot_0,2.397,-2.797
1783599774,776510472,robot_1,-0.691,-0.034
1783599774,776518195,robot_4,-2.354,4.127
1783599774,776525388,robot_3,-3.378,-1.674
1783599774,977262165,robot_2,-0.083,-0.971
1783599774,977305090,robot_0,2.378,-2.853
1783599774,977327417,robot_1,-0.683,-0.058
1783599774,977347059,robot_4,-2.383,4.140
1783599774,977365993,robot_3,-3.401,-1.713
1783599775,197505963,robot_2,-0.128,-0.945
1783599775,197535619,robot_0,2.354,-2.913
1783599775,197544853,robot_1,-0.679,-0.083
1783599775,197551040,robot_4,-2.403,4.151
1783599775,197557650,robot_3,-3.417,-1.747
1783599775,416023409,robot_2,-0.129,-0.944
1783599775,416045120,robot_0,2.325,-2.970
1783599775,416053619,robot_1,-0.678,-0.083
1783599775,416059502,robot_4,-2.424,4.162
1783599775,416066235,robot_3,-3.417,-1.747
1783599775,616253300,robot_2,-0.129,-0.944
1783599775,616287357,robot_0,2.296,-3.015
1783599775,616318415,robot_1,-0.680,-0.095
1783599775,616330603,robot_4,-2.433,4.167
1783599775,616342840,robot_3,-3.418,-1.747
1783599775,838162139,robot_2,-0.129,-0.944
1783599775,838190359,robot_0,2.282,-3.035
1783599775,838200794,robot_1,-0.680,-0.095
1783599775,838209800,robot_4,-2.480,4.192
1783599775,838217882,robot_3,-3.418,-1.747
1783599776,56769922,robot_2,-0.129,-0.943
1783599776,56790545,robot_0,2.264,-3.059
1783599776,56798261,robot_1,-0.680,-0.095
1783599776,56805140,robot_4,-2.523,4.216
1783599776,56811480,robot_3,-3.418,-1.747
1783599776,275831199,robot_2,-0.129,-0.943
1783599776,275862857,robot_0,2.240,-3.090
1783599776,275879768,robot_1,-0.680,-0.095
1783599776,275893420,robot_4,-2.536,4.222
1783599776,275906144,robot_3,-3.422,-1.771
1783599776,477239453,robot_2,-0.129,-0.943
1783599776,477275523,robot_0,2.222,-3.114
1783599776,477292706,robot_1,-0.680,-0.095
1783599776,477306333,robot_4,-2.579,4.246
1783599776,477319777,robot_3,-3.430,-1.803
1783599776,696363067,robot_2,-0.129,-0.943
1783599776,696387680,robot_0,2.204,-3.135
1783599776,696405046,robot_1,-0.680,-0.095
1783599776,696414224,robot_4,-2.611,4.263
1783599776,696422833,robot_3,-3.435,-1.822
1783599776,915777691,robot_2,-0.129,-0.943
1783599776,915794825,robot_0,2.184,-3.154
1783599776,915802767,robot_1,-0.680,-0.095
1783599776,915809263,robot_4,-2.646,4.282
1783599776,915815590,robot_3,-3.443,-1.858
1783599777,116203037,robot_2,-0.129,-0.943
1783599777,116232803,robot_0,2.164,-3.170
1783599777,116249041,robot_1,-0.680,-0.102
1783599777,116263847,robot_4,-2.664,4.292
1783599777,116277027,robot_3,-3.447,-1.876
1783599777,316204724,robot_2,-0.129,-0.943
1783599777,316222132,robot_0,2.143,-3.183
1783599777,316229513,robot_1,-0.677,-0.150
1783599777,316235960,robot_4,-2.664,4.292
1783599777,316242211,robot_3,-3.454,-1.906
1783599777,517093513,robot_2,-0.129,-0.943
1783599777,517125850,robot_0,2.120,-3.195
1783599777,517142880,robot_1,-0.677,-0.155
1783599777,517156607,robot_4,-2.664,4.291
1783599777,517170424,robot_3,-3.461,-1.936
1783599777,737563445,robot_2,-0.129,-0.943
1783599777,737583818,robot_0,2.094,-3.204
1783599777,737591627,robot_1,-0.677,-0.155
1783599777,737597592,robot_4,-2.664,4.291
1783599777,737603823,robot_3,-3.464,-1.956
1783599777,956761228,robot_2,-0.129,-0.943
1783599777,956780508,robot_0,2.057,-3.212
1783599777,956787886,robot_1,-0.678,-0.155
1783599777,956794864,robot_4,-2.665,4.291
1783599777,956800766,robot_3,-3.464,-1.991
1783599778,175577189,robot_2,-0.130,-0.942
1783599778,175602655,robot_0,2.004,-3.220
1783599778,175611740,robot_1,-0.678,-0.155
1783599778,175621187,robot_4,-2.665,4.291
1783599778,175630465,robot_3,-3.461,-2.010
1783599778,375733568,robot_2,-0.130,-0.942
1783599778,375761108,robot_0,1.955,-3.229
1783599778,375790334,robot_1,-0.678,-0.155
1783599778,375802282,robot_4,-2.665,4.291
1783599778,375814411,robot_3,-3.453,-2.041
1783599778,595968402,robot_2,-0.130,-0.942
1783599778,596001034,robot_0,1.903,-3.243
1783599778,596017485,robot_1,-0.678,-0.155
1783599778,596031608,robot_4,-2.666,4.290
1783599778,596045076,robot_3,-3.444,-2.063
1783599778,796705908,robot_2,-0.156,-0.960
1783599778,796726545,robot_0,1.857,-3.261
1783599778,796734462,robot_1,-0.678,-0.155
1783599778,796740665,robot_4,-2.666,4.290
1783599778,796746226,robot_3,-3.424,-2.094
1783599779,15462814,robot_2,-0.187,-0.983
1783599779,15482369,robot_0,1.809,-3.287
1783599779,15489958,robot_1,-0.678,-0.156
1783599779,15496117,robot_4,-2.667,4.290
1783599779,15501902,robot_3,-3.386,-2.145
1783599779,216088125,robot_2,-0.212,-1.008
1783599779,216109183,robot_0,1.767,-3.314
1783599779,216119414,robot_1,-0.679,-0.156
1783599779,216128343,robot_4,-2.667,4.291
1783599779,216137807,robot_3,-3.372,-2.165
1783599779,416745194,robot_2,-0.238,-1.037
1783599779,416777479,robot_0,1.728,-3.345
1783599779,416794732,robot_1,-0.679,-0.156
1783599779,416808445,robot_4,-2.667,4.291
1783599779,416821108,robot_3,-3.359,-2.188
1783599779,636402249,robot_2,-0.247,-1.049
1783599779,636423245,robot_0,1.686,-3.386
1783599779,636431113,robot_1,-0.679,-0.156
1783599779,636437148,robot_4,-2.668,4.291
1783599779,636443149,robot_3,-3.348,-2.214
1783599779,836842662,robot_2,-0.247,-1.050
1783599779,836867609,robot_0,1.647,-3.423
1783599779,836878309,robot_1,-0.642,-0.164
1783599779,836887366,robot_4,-2.668,4.291
1783599779,836895841,robot_3,-3.341,-2.239
1783599780,55891277,robot_2,-0.247,-1.050
1783599780,55925648,robot_0,1.605,-3.467
1783599780,55941882,robot_1,-0.598,-0.171
1783599780,55955854,robot_4,-2.668,4.291
1783599780,55968326,robot_3,-3.336,-2.262
1783599780,257040300,robot_2,-0.247,-1.050
1783599780,257069564,robot_0,1.570,-3.508
1783599780,257083149,robot_1,-0.554,-0.180
1783599780,257095427,robot_4,-2.668,4.291
1783599780,257106793,robot_3,-3.336,-2.262
1783599780,457119493,robot_2,-0.247,-1.050
1783599780,457154928,robot_0,1.537,-3.552
1783599780,457171719,robot_1,-0.500,-0.189
1783599780,457185608,robot_4,-2.668,4.291
1783599780,457198784,robot_3,-3.336,-2.262
1783599780,676266400,robot_2,-0.247,-1.050
1783599780,676295289,robot_0,1.505,-3.603
1783599780,676309956,robot_1,-0.466,-0.196
1783599780,676322518,robot_4,-2.668,4.291
1783599780,676334056,robot_3,-3.336,-2.262
1783599780,896888731,robot_2,-0.246,-1.051
1783599780,896916760,robot_0,1.476,-3.657
1783599780,896931707,robot_1,-0.407,-0.206
1783599780,896944067,robot_4,-2.668,4.291
1783599780,896956046,robot_3,-3.337,-2.262
1783599781,116051877,robot_2,-0.246,-1.051
1783599781,116070253,robot_0,1.452,-3.712
1783599781,116078226,robot_1,-0.373,-0.213
1783599781,116084508,robot_4,-2.668,4.291
1783599781,116090562,robot_3,-3.337,-2.262
1783599781,316752513,robot_2,-0.274,-1.059
1783599781,316779197,robot_0,1.434,-3.761
1783599781,316793747,robot_1,-0.341,-0.218
1783599781,316805876,robot_4,-2.668,4.291
1783599781,316817136,robot_3,-3.329,-2.276
1783599781,537745800,robot_2,-0.297,-1.065
1783599781,537776096,robot_0,1.422,-3.800
1783599781,537791285,robot_1,-0.316,-0.223
1783599781,537801852,robot_4,-2.669,4.292
1783599781,537812743,robot_3,-3.304,-2.311
1783599781,756243009,robot_2,-0.333,-1.071
1783599781,756263293,robot_0,1.411,-3.836
1783599781,756271555,robot_1,-0.301,-0.226
1783599781,756278931,robot_4,-2.669,4.292
1783599781,756285377,robot_3,-3.273,-2.347
1783599781,957127881,robot_2,-0.366,-1.073
1783599781,957148591,robot_0,1.398,-3.882
1783599781,957156358,robot_1,-0.262,-0.233
1783599781,957163042,robot_4,-2.669,4.292
1783599781,957169055,robot_3,-3.228,-2.394
1783599782,176248321,robot_2,-0.389,-1.073
1783599782,176270238,robot_0,1.383,-3.933
1783599782,176280307,robot_1,-0.236,-0.237
1783599782,176288980,robot_4,-2.657,4.297
1783599782,176297125,robot_3,-3.195,-2.427
1783599782,397340019,robot_2,-0.427,-1.071
1783599782,397360955,robot_0,1.367,-3.984
1783599782,397370336,robot_1,-0.195,-0.245
1783599782,397378057,robot_4,-2.600,4.315
1783599782,397385078,robot_3,-3.145,-2.478
1783599782,616462470,robot_2,-0.437,-1.070
1783599782,616489572,robot_0,1.355,-4.026
1783599782,616517496,robot_1,-0.152,-0.253
1783599782,616528114,robot_4,-2.573,4.321
1783599782,616538476,robot_3,-3.108,-2.516
1783599782,816708049,robot_2,-0.437,-1.070
1783599782,816730145,robot_0,1.345,-4.059
1783599782,816743255,robot_1,-0.113,-0.260
1783599782,816753758,robot_4,-2.536,4.324
1783599782,816763408,robot_3,-3.070,-2.556
1783599783,16989991,robot_2,-0.437,-1.070
1783599783,17012008,robot_0,1.335,-4.091
1783599783,17021430,robot_1,-0.080,-0.266
1783599783,17029448,robot_4,-2.497,4.324
1783599783,17036742,robot_3,-3.031,-2.601
1783599783,217338934,robot_2,-0.437,-1.070
1783599783,217361665,robot_0,1.326,-4.123
1783599783,217372854,robot_1,-0.048,-0.270
1783599783,217383602,robot_4,-2.474,4.321
1783599783,217412532,robot_3,-2.997,-2.649
1783599783,438372346,robot_2,-0.437,-1.070
1783599783,438409082,robot_0,1.313,-4.166
1783599783,438427082,robot_1,0.017,-0.274
1783599783,438459903,robot_4,-2.431,4.310
1783599783,438474549,robot_3,-2.979,-2.678
1783599783,655540782,robot_2,-0.437,-1.069
1783599783,655567903,robot_0,1.309,-4.179
1783599783,655580681,robot_1,0.065,-0.273
1783599783,655591519,robot_4,-2.409,4.302
1783599783,655601669,robot_3,-2.961,-2.709
1783599783,856362515,robot_2,-0.437,-1.069
1783599783,856383529,robot_0,1.309,-4.179
1783599783,856398720,robot_1,0.123,-0.264
1783599783,856410236,robot_4,-2.368,4.281
1783599783,856417590,robot_3,-2.930,-2.761
1783599784,56909508,robot_2,-0.437,-1.069
1783599784,56926849,robot_0,1.309,-4.179
1783599784,56934210,robot_1,0.170,-0.253
1783599784,56940317,robot_4,-2.320,4.252
1783599784,56946570,robot_3,-2.896,-2.811
1783599784,276695496,robot_2,-0.437,-1.069
1783599784,276718546,robot_0,1.309,-4.179
1783599784,276728955,robot_1,0.224,-0.233
1783599784,276737757,robot_4,-2.277,4.224
1783599784,276745966,robot_3,-2.855,-2.863
1783599784,496187189,robot_2,-0.437,-1.069
1783599784,496209015,robot_0,1.309,-4.179
1783599784,496216838,robot_1,0.268,-0.212
1783599784,496224023,robot_4,-2.216,4.186
1783599784,496230243,robot_3,-2.809,-2.911
1783599784,696624777,robot_2,-0.444,-1.071
1783599784,696643988,robot_0,1.309,-4.179
1783599784,696651698,robot_1,0.285,-0.201
1783599784,696658418,robot_4,-2.159,4.155
1783599784,696664035,robot_3,-2.764,-2.951
1783599784,916753137,robot_2,-0.473,-1.084
1783599784,916770421,robot_0,1.309,-4.179
1783599784,916777472,robot_1,0.315,-0.177
1783599784,916783494,robot_4,-2.094,4.125
1783599784,916788752,robot_3,-2.712,-2.991
1783599785,116820339,robot_2,-0.498,-1.098
1783599785,116850308,robot_0,1.308,-4.179
1783599785,116866242,robot_1,0.339,-0.153
1783599785,116872851,robot_4,-2.034,4.100
1783599785,116879744,robot_3,-2.670,-3.019
1783599785,317073884,robot_2,-0.522,-1.113
1783599785,317093218,robot_0,1.308,-4.179
1783599785,317100991,robot_1,0.361,-0.126
1783599785,317107725,robot_4,-1.973,4.078
1783599785,317113996,robot_3,-2.637,-3.038
1783599785,536609621,robot_2,-0.547,-1.132
1783599785,536642940,robot_0,1.308,-4.179
1783599785,536659653,robot_1,0.381,-0.094
1783599785,536674019,robot_4,-1.904,4.058
1783599785,536687039,robot_3,-2.587,-3.067
1783599785,737386234,robot_2,-0.579,-1.160
1783599785,737432926,robot_0,1.308,-4.179
1783599785,737455227,robot_1,0.396,-0.062
1783599785,737474675,robot_4,-1.845,4.044
1783599785,737492588,robot_3,-2.536,-3.094
1783599785,937617141,robot_2,-0.621,-1.203
1783599785,937657402,robot_0,1.308,-4.179
1783599785,937679930,robot_1,0.409,-0.027
1783599785,937699674,robot_4,-1.821,4.039
1783599785,937716876,robot_3,-2.483,-3.116
1783599786,156630615,robot_2,-0.663,-1.254
1783599786,156658141,robot_0,1.308,-4.179
1783599786,156671344,robot_1,0.421,0.017
1783599786,156696398,robot_4,-1.795,4.033
1783599786,156705893,robot_3,-2.424,-3.134
1783599786,375628381,robot_2,-0.701,-1.308
1783599786,375647818,robot_0,1.308,-4.179
1783599786,375656100,robot_1,0.434,0.071
1783599786,375663304,robot_4,-1.770,4.024
1783599786,375669617,robot_3,-2.366,-3.146
1783599786,575704368,robot_2,-0.731,-1.360
1783599786,575726691,robot_0,1.308,-4.179
1783599786,575736931,robot_1,0.449,0.127
1783599786,575745170,robot_4,-1.748,4.013
1783599786,575751923,robot_3,-2.321,-3.150
1783599786,795316773,robot_2,-0.760,-1.419
1783599786,795335832,robot_0,1.308,-4.179
1783599786,795342765,robot_1,0.463,0.182
1783599786,795349129,robot_4,-1.725,3.998
1783599786,795354293,robot_3,-2.271,-3.147
1783599786,995947027,robot_2,-0.782,-1.475
1783599786,995968246,robot_0,1.308,-4.179
1783599786,995975478,robot_1,0.475,0.229
1783599786,995982477,robot_4,-1.707,3.983
1783599786,995988791,robot_3,-2.226,-3.138
1783599787,196118229,robot_2,-0.800,-1.534
1783599787,196138020,robot_0,1.308,-4.179
1783599787,196144654,robot_1,0.482,0.258
1783599787,196151264,robot_4,-1.689,3.965
1783599787,196156554,robot_3,-2.183,-3.124
1783599787,416130612,robot_2,-0.819,-1.596
1783599787,416158627,robot_0,1.308,-4.179
1783599787,416171197,robot_1,0.488,0.281
1783599787,416181329,robot_4,-1.669,3.941
1783599787,416190771,robot_3,-2.139,-3.101
1783599787,637940168,robot_2,-0.842,-1.654
1783599787,637965122,robot_0,1.307,-4.179
1783599787,637978733,robot_1,0.502,0.335
1783599787,637989536,robot_4,-1.649,3.915
1783599787,637998877,robot_3,-2.098,-3.072
1783599787,855967882,robot_2,-0.871,-1.709
1783599787,855987816,robot_0,1.307,-4.179
1783599787,855994827,robot_1,0.522,0.395
1783599787,856001262,robot_4,-1.627,3.892
1783599787,856007053,robot_3,-2.062,-3.039
1783599788,56052948,robot_2,-0.892,-1.742
1783599788,56086205,robot_0,1.307,-4.179
1783599788,56102425,robot_1,0.545,0.449
1783599788,56116988,robot_4,-1.611,3.878
1783599788,56130891,robot_3,-2.033,-3.005
1783599788,256285508,robot_2,-0.927,-1.782
1783599788,256314813,robot_0,1.307,-4.180
1783599788,256329136,robot_1,0.572,0.500
1783599788,256341093,robot_4,-1.606,3.874
1783599788,256352008,robot_3,-2.006,-2.970
1783599788,476060035,robot_2,-0.969,-1.823
1783599788,476081706,robot_0,1.306,-4.180
1783599788,476089268,robot_1,0.607,0.553
1783599788,476095175,robot_4,-1.577,3.860
1783599788,476101045,robot_3,-1.988,-2.942
1783599788,677009417,robot_2,-0.993,-1.842
1783599788,677036072,robot_0,1.323,-4.187
1783599788,677047523,robot_1,0.643,0.598
1783599788,677057470,robot_4,-1.550,3.849
1783599788,677066925,robot_3,-1.974,-2.921
1783599788,897071249,robot_2,-1.028,-1.866
1783599788,897113074,robot_0,1.384,-4.210
1783599788,897124662,robot_1,0.686,0.644
1783599788,897133724,robot_4,-1.485,3.833
1783599788,897142494,robot_3,-1.945,-2.875
1783599789,115367766,robot_2,-1.047,-1.879
1783599789,115387214,robot_0,1.423,-4.224
1783599789,115405243,robot_1,0.719,0.674
1783599789,115413041,robot_4,-1.436,3.821
1783599789,115419957,robot_3,-1.909,-2.826
1783599789,316001810,robot_2,-1.080,-1.900
1783599789,316031359,robot_0,1.478,-4.243
1783599789,316046821,robot_1,0.740,0.689
1783599789,316059574,robot_4,-1.410,3.816
1783599789,316071031,robot_3,-1.873,-2.785
1783599789,536509707,robot_2,-1.138,-1.939
1783599789,536530705,robot_0,1.531,-4.262
1783599789,536538461,robot_1,0.786,0.723
1783599789,536544939,robot_4,-1.341,3.800
1783599789,536551363,robot_3,-1.828,-2.743
1783599789,737729170,robot_2,-1.193,-1.975
1783599789,737751268,robot_0,1.571,-4.277
1783599789,737760777,robot_1,0.839,0.757
1783599789,737768683,robot_4,-1.317,3.794
1783599789,737776061,robot_3,-1.784,-2.710
1783599789,937938474,robot_2,-1.205,-1.983
1783599789,937965163,robot_0,1.627,-4.297
1783599789,937973046,robot_1,0.894,0.789
1783599789,937980009,robot_4,-1.290,3.788
1783599789,937991733,robot_3,-1.757,-2.692
1783599790,156725142,robot_2,-1.205,-1.983
1783599790,156745121,robot_0,1.665,-4.309
1783599790,156752284,robot_1,0.956,0.820
1783599790,156758241,robot_4,-1.242,3.778
1783599790,156763618,robot_3,-1.753,-2.690
1783599790,375784449,robot_2,-1.206,-1.983
1783599790,375812583,robot_0,1.727,-4.326
1783599790,375827262,robot_1,0.971,0.827
1783599790,375840540,robot_4,-1.229,3.775
1783599790,375852094,robot_3,-1.721,-2.678
1783599790,575842734,robot_2,-1.206,-1.983
1783599790,575863431,robot_0,1.769,-4.334
1783599790,575870787,robot_1,0.971,0.827
1783599790,575877547,robot_4,-1.229,3.775
1783599790,575883468,robot_3,-1.699,-2.669
1783599790,797095525,robot_2,-1.206,-1.983
1783599790,797112999,robot_0,1.827,-4.338
1783599790,797120159,robot_1,0.971,0.827
1783599790,797126251,robot_4,-1.229,3.774
1783599790,797131744,robot_3,-1.699,-2.669
1783599790,997521528,robot_2,-1.206,-1.983
1783599790,997547586,robot_0,1.884,-4.337
1783599790,997557685,robot_1,0.971,0.827
1783599790,997567034,robot_4,-1.229,3.774
1783599790,997573755,robot_3,-1.699,-2.669
1783599791,216784941,robot_2,-1.206,-1.983
1783599791,216802666,robot_0,1.927,-4.331
1783599791,216808989,robot_1,0.971,0.828
1783599791,216815486,robot_4,-1.215,3.775
1783599791,216820841,robot_3,-1.687,-2.662
1783599791,417256697,robot_2,-1.206,-1.983
1783599791,417294719,robot_0,1.980,-4.320
1783599791,417311597,robot_1,0.971,0.828
1783599791,417325859,robot_4,-1.189,3.777
1783599791,417338964,robot_3,-1.661,-2.643
1783599791,617635178,robot_2,-1.212,-1.995
1783599791,617670535,robot_0,1.995,-4.316
1783599791,617687285,robot_1,0.971,0.828
1783599791,617700582,robot_4,-1.179,3.778
1783599791,617712868,robot_3,-1.648,-2.632
1783599791,836939753,robot_2,-1.234,-2.047
1783599791,836967687,robot_0,2.033,-4.305
1783599791,836995634,robot_1,0.972,0.829
1783599791,837007160,robot_4,-1.179,3.778
1783599791,837017815,robot_3,-1.648,-2.632
1783599792,37376154,robot_2,-1.247,-2.077
1783599792,37418247,robot_0,2.071,-4.294
1783599792,37435111,robot_1,0.972,0.829
1783599792,37449797,robot_4,-1.179,3.778
1783599792,37462654,robot_3,-1.648,-2.632
1783599792,256755754,robot_2,-1.256,-2.099
1783599792,256791898,robot_0,2.107,-4.283
1783599792,256808770,robot_1,0.972,0.829
1783599792,256823518,robot_4,-1.179,3.778
1783599792,256836186,robot_3,-1.647,-2.632
1783599792,457792839,robot_2,-1.277,-2.147
1783599792,457840417,robot_0,2.154,-4.273
1783599792,457860569,robot_1,0.972,0.829
1783599792,457876922,robot_4,-1.179,3.777
1783599792,457891954,robot_3,-1.647,-2.632
1783599792,676237439,robot_2,-1.297,-2.195
1783599792,676267627,robot_0,2.207,-4.268
1783599792,676283444,robot_1,0.972,0.829
1783599792,676296768,robot_4,-1.178,3.777
1783599792,676308840,robot_3,-1.649,-2.633
1783599792,877050946,robot_2,-1.303,-2.212
1783599792,877081754,robot_0,2.256,-4.269
1783599792,877097393,robot_1,0.972,0.829
1783599792,877111083,robot_4,-1.178,3.777
1783599792,877123539,robot_3,-1.663,-2.662
1783599793,96198928,robot_2,-1.286,-2.181
1783599793,96219432,robot_0,2.308,-4.276
1783599793,96228553,robot_1,0.972,0.830
1783599793,96236299,robot_4,-1.177,3.777
1783599793,96243532,robot_3,-1.666,-2.697
1783599793,296869436,robot_2,-1.269,-2.154
1783599793,296902538,robot_0,2.352,-4.287
1783599793,296922598,robot_1,0.972,0.830
1783599793,296937051,robot_4,-1.151,3.813
1783599793,296949768,robot_3,-1.664,-2.729
1783599793,497995049,robot_2,-1.251,-2.127
1783599793,498019832,robot_0,2.391,-4.300
1783599793,498029321,robot_1,0.972,0.829
1783599793,498037197,robot_4,-1.121,3.863
1783599793,498044664,robot_3,-1.657,-2.760
1783599793,716011410,robot_2,-1.234,-2.097
1783599793,716039213,robot_0,2.418,-4.310
1783599793,716053878,robot_1,0.972,0.829
1783599793,716066542,robot_4,-1.100,3.899
1783599793,716078794,robot_3,-1.645,-2.793
1783599793,937701286,robot_2,-1.223,-2.064
1783599793,937732027,robot_0,2.465,-4.325
1783599793,937746996,robot_1,0.972,0.829
1783599793,937760197,robot_4,-1.067,3.956
1783599793,937773338,robot_3,-1.629,-2.822
1783599794,137920662,robot_2,-1.225,-2.080
1783599794,137964152,robot_0,2.486,-4.332
1783599794,137986389,robot_1,0.972,0.828
1783599794,138006304,robot_4,-1.049,3.987
1783599794,138023975,robot_3,-1.632,-2.818
1783599794,357986544,robot_2,-1.234,-2.136
1783599794,358031994,robot_0,2.537,-4.345
1783599794,358053696,robot_1,0.972,0.828
1783599794,358072058,robot_4,-1.030,4.021
1783599794,358088426,robot_3,-1.664,-2.779
1783599794,576662351,robot_2,-1.237,-2.161
1783599794,576692432,robot_0,2.572,-4.352
1783599794,576709166,robot_1,0.972,0.828
1783599794,576723413,robot_4,-1.004,4.066
1783599794,576735961,robot_3,-1.674,-2.767
1783599794,777586047,robot_2,-1.243,-2.198
1783599794,777614065,robot_0,2.572,-4.352
1783599794,777627721,robot_1,0.993,0.833
1783599794,777638567,robot_4,-1.004,4.067
1783599794,777649350,robot_3,-1.686,-2.756
1783599794,996833195,robot_2,-1.247,-2.227
1783599794,996868777,robot_0,2.572,-4.352
1783599794,996885130,robot_1,1.045,0.847
1783599794,996916985,robot_4,-1.004,4.067
1783599794,996930124,robot_3,-1.689,-2.753
1783599795,216857698,robot_2,-1.252,-2.267
1783599795,216885462,robot_0,2.572,-4.353
1783599795,216902774,robot_1,1.087,0.858
1783599795,216917855,robot_4,-1.004,4.067
1783599795,216931438,robot_3,-1.688,-2.753
1783599795,436505594,robot_2,-1.263,-2.340
1783599795,436540189,robot_0,2.572,-4.353
1783599795,436556903,robot_1,1.112,0.865
1783599795,436570557,robot_4,-1.004,4.067
1783599795,436582965,robot_3,-1.699,-2.748
1783599795,638020542,robot_2,-1.268,-2.370
1783599795,638052876,robot_0,2.572,-4.353
1783599795,638069086,robot_1,1.136,0.873
1783599795,638082638,robot_4,-1.004,4.067
1783599795,638094924,robot_3,-1.720,-2.755
1783599795,855916054,robot_2,-1.262,-2.353
1783599795,855944908,robot_0,2.572,-4.353
1783599795,855958709,robot_1,1.168,0.887
1783599795,855970536,robot_4,-1.004,4.067
1783599795,855981480,robot_3,-1.691,-2.768
1783599796,56415502,robot_2,-1.251,-2.323
1783599796,56438448,robot_0,2.572,-4.353
1783599796,56446992,robot_1,1.207,0.904
1783599796,56454930,robot_4,-1.004,4.067
1783599796,56461637,robot_3,-1.659,-2.770
1783599796,275780018,robot_2,-1.234,-2.292
1783599796,275803877,robot_0,2.572,-4.354
1783599796,275811450,robot_1,1.262,0.928
1783599796,275817266,robot_4,-1.004,4.067
1783599796,275823178,robot_3,-1.624,-2.768
1783599796,477248383,robot_2,-1.218,-2.264
1783599796,477286234,robot_0,2.573,-4.354
1783599796,477304552,robot_1,1.302,0.945
1783599796,477318798,robot_4,-1.003,4.067
1783599796,477332302,robot_3,-1.593,-2.761
1783599796,695799428,robot_2,-1.203,-2.232
1783599796,695818111,robot_0,2.573,-4.354
1783599796,695826035,robot_1,1.336,0.961
1783599796,695832532,robot_4,-1.003,4.067
1783599796,695838308,robot_3,-1.560,-2.748
1783599796,896930904,robot_2,-1.196,-2.210
1783599796,896961794,robot_0,2.573,-4.354
1783599796,896976581,robot_1,1.378,0.979
1783599796,896989870,robot_4,-1.002,4.067
1783599796,897001769,robot_3,-1.543,-2.739
1783599797,97241163,robot_2,-1.198,-2.221
1783599797,97267227,robot_0,2.573,-4.354
1783599797,97280694,robot_1,1.425,0.997
1783599797,97292857,robot_4,-1.002,4.067
1783599797,97302472,robot_3,-1.557,-2.749
1783599797,315490921,robot_2,-1.205,-2.268
1783599797,315511635,robot_0,2.573,-4.354
1783599797,315521440,robot_1,1.478,1.012
1783599797,315538745,robot_4,-1.002,4.067
1783599797,315546519,robot_3,-1.577,-2.764
1783599797,515633407,robot_2,-1.211,-2.309
1783599797,515656141,robot_0,2.573,-4.354
1783599797,515664204,robot_1,1.527,1.022
1783599797,515670483,robot_4,-1.001,4.067
1783599797,515676477,robot_3,-1.597,-2.779
1783599797,716140235,robot_2,-1.211,-2.338
1783599797,716169962,robot_0,2.573,-4.354
1783599797,716185783,robot_1,1.577,1.027
1783599797,716199119,robot_4,-1.001,4.067
1783599797,716211369,robot_3,-1.607,-2.787
1783599797,936456894,robot_2,-1.199,-2.312
1783599797,936487690,robot_0,2.572,-4.353
1783599797,936502608,robot_1,1.632,1.029
1783599797,936514395,robot_4,-1.001,4.067
1783599797,936525665,robot_3,-1.587,-2.772
1783599798,136504822,robot_2,-1.182,-2.285
1783599798,136543199,robot_0,2.572,-4.353
1783599798,136557967,robot_1,1.682,1.026
1783599798,136571260,robot_4,-1.001,4.068
1783599798,136583033,robot_3,-1.565,-2.749
1783599798,337415543,robot_2,-1.162,-2.260
1783599798,337447019,robot_0,2.572,-4.353
1783599798,337462740,robot_1,1.724,1.021
1783599798,337476197,robot_4,-1.001,4.068
1783599798,337488937,robot_3,-1.546,-2.723
1783599798,556783233,robot_2,-1.136,-2.236
1783599798,556814151,robot_0,2.572,-4.352
1783599798,556829520,robot_1,1.768,1.014
1783599798,556842591,robot_4,-1.000,4.068
1783599798,556854789,robot_3,-1.529,-2.692
1783599798,756777884,robot_2,-1.109,-2.214
1783599798,756797123,robot_0,2.572,-4.352
1783599798,756805186,robot_1,1.774,1.014
1783599798,756810958,robot_4,-1.024,4.080
1783599798,756816634,robot_3,-1.528,-2.663
1783599798,975903130,robot_2,-1.079,-2.197
1783599798,975924964,robot_0,2.572,-4.351
1783599798,975933573,robot_1,1.774,1.014
1783599798,975940006,robot_4,-1.065,4.096
1783599798,975946352,robot_3,-1.522,-2.629
1783599799,195665032,robot_2,-1.049,-2.179
1783599799,195684660,robot_0,2.572,-4.351
1783599799,195692459,robot_1,1.774,1.014
1783599799,195698592,robot_4,-1.089,4.100
1783599799,195704575,robot_3,-1.521,-2.594
1783599799,396497394,robot_2,-1.025,-2.160
1783599799,396526091,robot_0,2.572,-4.351
1783599799,396540505,robot_1,1.774,1.014
1783599799,396552961,robot_4,-1.130,4.102
1783599799,396564808,robot_3,-1.524,-2.562
1783599799,616102033,robot_2,-1.002,-2.134
1783599799,616133113,robot_0,2.573,-4.350
1783599799,616149009,robot_1,1.774,1.014
1783599799,616162032,robot_4,-1.157,4.101
1783599799,616174424,robot_3,-1.533,-2.528
1783599799,816583930,robot_2,-0.985,-2.108
1783599799,816622952,robot_0,2.573,-4.350
1783599799,816634316,robot_1,1.774,1.015
1783599799,816644627,robot_4,-1.196,4.098
1783599799,816653849,robot_3,-1.545,-2.499
1783599800,16820215,robot_2,-0.982,-2.104
1783599800,16839872,robot_0,2.573,-4.350
1783599800,16848064,robot_1,1.774,1.015
1783599800,16854698,robot_4,-1.236,4.095
1783599800,16861025,robot_3,-1.551,-2.486
1783599800,217583656,robot_2,-1.000,-2.147
1783599800,217612626,robot_0,2.573,-4.350
1783599800,217625101,robot_1,1.775,1.015
1783599800,217635013,robot_4,-1.258,4.093
1783599800,217644342,robot_3,-1.544,-2.501
1783599800,436120130,robot_2,-1.014,-2.182
1783599800,436152976,robot_0,2.573,-4.350
1783599800,436169864,robot_1,1.775,1.015
1783599800,436183276,robot_4,-1.304,4.092
1783599800,436195639,robot_3,-1.522,-2.549
1783599800,657511974,robot_2,-1.021,-2.199
1783599800,657531844,robot_0,2.573,-4.350
1783599800,657539784,robot_1,1.775,1.015
1783599800,657546762,robot_4,-1.329,4.093
1783599800,657553487,robot_3,-1.506,-2.581
1783599800,875637235,robot_2,-1.032,-2.225
1783599800,875657236,robot_0,2.573,-4.350
1783599800,875666994,robot_1,1.775,1.015
1783599800,875674538,robot_4,-1.367,4.101
1783599800,875681853,robot_3,-1.480,-2.637
1783599801,75693799,robot_2,-1.038,-2.237
1783599801,75719048,robot_0,2.573,-4.350
1783599801,75728618,robot_1,1.775,1.015
1783599801,75736639,robot_4,-1.392,4.108
1783599801,75743583,robot_3,-1.459,-2.682
1783599801,276452243,robot_2,-1.054,-2.258
1783599801,276472108,robot_0,2.573,-4.351
1783599801,276479884,robot_1,1.775,1.015
1783599801,276486045,robot_4,-1.428,4.119
1783599801,276492057,robot_3,-1.448,-2.704
1783599801,477532265,robot_2,-1.069,-2.273
1783599801,477568459,robot_0,2.573,-4.351
1783599801,477585110,robot_1,1.776,1.015
1783599801,477598830,robot_4,-1.482,4.138
1783599801,477612328,robot_3,-1.436,-2.730
1783599801,696187060,robot_2,-1.101,-2.291
1783599801,696218200,robot_0,2.585,-4.355
1783599801,696233327,robot_1,1.776,1.015
1783599801,696245848,robot_4,-1.535,4.163
1783599801,696257384,robot_3,-1.428,-2.748
1783599801,896231239,robot_2,-1.146,-2.323
1783599801,896261784,robot_0,2.621,-4.366
1783599801,896277594,robot_1,1.775,1.015
1783599801,896291189,robot_4,-1.587,4.193
1783599801,896303654,robot_3,-1.454,-2.801
1783599802,116121405,robot_2,-1.128,-2.317
1783599802,116139397,robot_0,2.644,-4.373
1783599802,116147539,robot_1,1.775,1.015
1783599802,116153894,robot_4,-1.623,4.216
1783599802,116160409,robot_3,-1.490,-2.786
1783599802,316238484,robot_2,-1.098,-2.307
1783599802,316267968,robot_0,2.644,-4.373
1783599802,316281751,robot_1,1.775,1.015
1783599802,316293609,robot_4,-1.668,4.245
1783599802,316304939,robot_3,-1.517,-2.760
1783599802,516337605,robot_2,-1.066,-2.302
1783599802,516368420,robot_0,2.644,-4.373
1783599802,516384322,robot_1,1.775,1.015
1783599802,516401067,robot_4,-1.717,4.275
1783599802,516414001,robot_3,-1.543,-2.728
1783599802,716383609,robot_2,-1.034,-2.302
1783599802,716418823,robot_0,2.644,-4.373
1783599802,716430935,robot_1,1.775,1.015
1783599802,716440905,robot_4,-1.723,4.279
1783599802,716450149,robot_3,-1.570,-2.693
1783599802,916433183,robot_2,-1.002,-2.306
1783599802,916462978,robot_0,2.644,-4.373
1783599802,916479256,robot_1,1.775,1.015
1783599802,916492626,robot_4,-1.723,4.279
1783599802,916504497,robot_3,-1.583,-2.658
1783599803,116961760,robot_2,-0.971,-2.314
1783599803,116981780,robot_0,2.645,-4.372
1783599803,116991065,robot_1,1.775,1.015
1783599803,116998832,robot_4,-1.723,4.279
1783599803,117007490,robot_3,-1.572,-2.630
1783599803,337639115,robot_2,-0.939,-2.329
1783599803,337658181,robot_0,2.645,-4.372
1783599803,337666296,robot_1,1.775,1.015
1783599803,337672781,robot_4,-1.723,4.279
1783599803,337679201,robot_3,-1.554,-2.602
1783599803,556310052,robot_2,-0.910,-2.348
1783599803,556335526,robot_0,2.645,-4.372
1783599803,556346286,robot_1,1.775,1.015
1783599803,556355510,robot_4,-1.723,4.279
1783599803,556363867,robot_3,-1.532,-2.577
1783599803,756355904,robot_2,-0.886,-2.369
1783599803,756386950,robot_0,2.646,-4.371
1783599803,756407371,robot_1,1.775,1.015
1783599803,756421049,robot_4,-1.723,4.279
1783599803,756433359,robot_3,-1.508,-2.557
1783599803,956411288,robot_2,-0.878,-2.377
1783599803,956436291,robot_0,2.646,-4.371
1783599803,956446996,robot_1,1.775,1.015
1783599803,956454384,robot_4,-1.724,4.279
1783599803,956462111,robot_3,-1.508,-2.556
1783599804,176296447,robot_2,-0.895,-2.352
1783599804,176332271,robot_0,2.646,-4.371
1783599804,176348026,robot_1,1.775,1.015
1783599804,176361087,robot_4,-1.724,4.279
1783599804,176372809,robot_3,-1.524,-2.564
1783599804,376312992,robot_2,-0.927,-2.306
1783599804,376330355,robot_0,2.646,-4.371
1783599804,376338381,robot_1,1.776,1.015
1783599804,376344620,robot_4,-1.724,4.278
1783599804,376350633,robot_3,-1.551,-2.572
1783599804,577179305,robot_2,-0.946,-2.278
1783599804,577207705,robot_0,2.646,-4.371
1783599804,577222124,robot_1,1.776,1.015
1783599804,577234224,robot_4,-1.724,4.278
1783599804,577245691,robot_3,-1.570,-2.577
1783599804,795559915,robot_2,-0.981,-2.228
1783599804,795579982,robot_0,2.646,-4.371
1783599804,795588006,robot_1,1.776,1.016
1783599804,795594806,robot_4,-1.725,4.278
1783599804,795601023,robot_3,-1.594,-2.583
1783599804,996889347,robot_2,-1.008,-2.189
1783599804,996929308,robot_0,2.646,-4.371
1783599804,996947139,robot_1,1.776,1.016
1783599804,996963436,robot_4,-1.725,4.278
1783599804,996978328,robot_3,-1.621,-2.589
1783599805,197831826,robot_2,-1.014,-2.180
1783599805,197861223,robot_0,2.647,-4.371
1783599805,197871813,robot_1,1.777,1.012
1783599805,197881158,robot_4,-1.725,4.278
1783599805,197889775,robot_3,-1.635,-2.592
1783599805,416659779,robot_2,-1.051,-2.125
1783599805,416692509,robot_0,2.646,-4.371
1783599805,416708721,robot_1,1.781,0.978
1783599805,416722283,robot_4,-1.725,4.278
1783599805,416734832,robot_3,-1.659,-2.598
1783599805,617518254,robot_2,-1.085,-2.073
1783599805,617555952,robot_0,2.646,-4.371
1783599805,617573401,robot_1,1.785,0.946
1783599805,617588758,robot_4,-1.725,4.278
1783599805,617602759,robot_3,-1.670,-2.601
1783599805,837173147,robot_2,-1.117,-2.015
1783599805,837208605,robot_0,2.646,-4.371
1783599805,837226086,robot_1,1.789,0.909
1783599805,837240340,robot_4,-1.725,4.278
1783599805,837253795,robot_3,-1.708,-2.610
1783599806,37862798,robot_2,-1.137,-1.972
1783599806,37895747,robot_0,2.646,-4.372
1783599806,37909108,robot_1,1.791,0.884
1783599806,37920223,robot_4,-1.724,4.278
1783599806,37929626,robot_3,-1.744,-2.618
1783599806,256816797,robot_2,-1.156,-1.914
1783599806,256841156,robot_0,2.645,-4.372
1783599806,256851918,robot_1,1.788,0.854
1783599806,256860530,robot_4,-1.724,4.279
1783599806,256868714,robot_3,-1.777,-2.626
1783599806,457641090,robot_2,-1.170,-1.857
1783599806,457666345,robot_0,2.645,-4.372
1783599806,457676340,robot_1,1.783,0.820
1783599806,457684014,robot_4,-1.724,4.279
1783599806,457691506,robot_3,-1.839,-2.640
1783599806,676075448,robot_2,-1.176,-1.808
1783599806,676106444,robot_0,2.645,-4.372
1783599806,676122756,robot_1,1.779,0.800
1783599806,676136160,robot_4,-1.724,4.279
1783599806,676148621,robot_3,-1.863,-2.646
1783599806,876585748,robot_2,-1.178,-1.749
1783599806,876618466,robot_0,2.645,-4.372
1783599806,876629784,robot_1,1.768,0.767
1783599806,876638700,robot_4,-1.724,4.279
1783599806,876646543,robot_3,-1.903,-2.655
1783599807,96600674,robot_2,-1.179,-1.735
1783599807,96623691,robot_0,2.645,-4.372
1783599807,96633159,robot_1,1.760,0.747
1783599807,96641740,robot_4,-1.724,4.279
1783599807,96649616,robot_3,-1.930,-2.661
1783599807,296926214,robot_2,-1.179,-1.712
1783599807,296956739,robot_0,2.645,-4.372
1783599807,296968382,robot_1,1.740,0.706
1783599807,296978372,robot_4,-1.724,4.279
1783599807,296987278,robot_3,-1.961,-2.663
1783599807,499227793,robot_2,-1.181,-1.696
1783599807,499272077,robot_0,2.645,-4.372
1783599807,499291535,robot_1,1.715,0.655
1783599807,499310652,robot_4,-1.724,4.279
1783599807,499326603,robot_3,-1.997,-2.660
1783599807,717205265,robot_2,-1.184,-1.676
1783599807,717240449,robot_0,2.645,-4.372
1783599807,717259536,robot_1,1.709,0.641
1783599807,717270898,robot_4,-1.725,4.278
1783599807,717280498,robot_3,-2.004,-2.659
1783599807,938229589,robot_2,-1.190,-1.652
1783599807,938267262,robot_0,2.646,-4.372
1783599807,938284552,robot_1,1.685,0.592
1783599807,938296791,robot_4,-1.725,4.278
1783599807,938306242,robot_3,-2.038,-2.643
1783599808,138447998,robot_2,-1.194,-1.641
1783599808,138489836,robot_0,2.646,-4.372
1783599808,138509117,robot_1,1.664,0.546
1783599808,138526123,robot_4,-1.725,4.278
1783599808,138541508,robot_3,-2.068,-2.622
1783599808,357648070,robot_2,-1.207,-1.612
1783599808,357689800,robot_0,2.646,-4.371
1783599808,357711278,robot_1,1.642,0.496
1783599808,357729149,robot_4,-1.726,4.278
1783599808,357745716,robot_3,-2.094,-2.597
1783599808,577656756,robot_2,-1.215,-1.594
1783599808,577697123,robot_0,2.646,-4.371
1783599808,577717889,robot_1,1.626,0.443
1783599808,577736408,robot_4,-1.726,4.278
1783599808,577753278,robot_3,-2.111,-2.576
1783599808,797040294,robot_2,-1.230,-1.563
1783599808,797068442,robot_0,2.647,-4.371
1783599808,797081360,robot_1,1.617,0.389
1783599808,797093211,robot_4,-1.726,4.278
1783599808,797103400,robot_3,-2.125,-2.553
1783599808,998342871,robot_2,-1.240,-1.543
1783599808,998385693,robot_0,2.647,-4.371
1783599808,998414264,robot_1,1.616,0.339
1783599808,998431885,robot_4,-1.726,4.278
1783599808,998447471,robot_3,-2.140,-2.525
1783599809,199416845,robot_2,-1.253,-1.524
1783599809,199454831,robot_0,2.647,-4.371
1783599809,199474613,robot_1,1.621,0.288
1783599809,199491705,robot_4,-1.726,4.278
1783599809,199507770,robot_3,-2.151,-2.495
1783599809,417170991,robot_2,-1.275,-1.498
1783599809,417209029,robot_0,2.648,-4.371
1783599809,417228005,robot_1,1.634,0.229
1783599809,417244830,robot_4,-1.726,4.278
1783599809,417260301,robot_3,-2.161,-2.462
1783599809,637878646,robot_2,-1.288,-1.485
1783599809,637921408,robot_0,2.648,-4.371
1783599809,637941682,robot_1,1.650,0.167
1783599809,637960636,robot_4,-1.726,4.278
1783599809,637977805,robot_3,-2.166,-2.443
1783599809,857357554,robot_2,-1.315,-1.465
1783599809,857396021,robot_0,2.648,-4.371
1783599809,857415144,robot_1,1.666,0.100
1783599809,857430801,robot_4,-1.727,4.278
1783599809,857445406,robot_3,-2.183,-2.381
1783599810,76787858,robot_2,-1.330,-1.455
1783599810,76812272,robot_0,2.648,-4.371
1783599810,76824476,robot_1,1.678,0.053
1783599810,76834603,robot_4,-1.727,4.279
1783599810,76843883,robot_3,-2.200,-2.318
1783599810,297706400,robot_2,-1.356,-1.442
1783599810,297741119,robot_0,2.647,-4.371
1783599810,297759418,robot_1,1.689,0.010
1783599810,297771610,robot_4,-1.727,4.279
1783599810,297782995,robot_3,-2.208,-2.287
1783599810,516487887,robot_2,-1.372,-1.435
1783599810,516512054,robot_0,2.647,-4.371
1783599810,516521652,robot_1,1.698,-0.026
1783599810,516542275,robot_4,-1.727,4.279
1783599810,516550379,robot_3,-2.213,-2.269
1783599810,716868631,robot_2,-1.405,-1.421
1783599810,716897998,robot_0,2.647,-4.371
1783599810,716912915,robot_1,1.705,-0.053
1783599810,716926006,robot_4,-1.728,4.279
1783599810,716937570,robot_3,-2.213,-2.269
1783599810,936683022,robot_2,-1.448,-1.403
1783599810,936717161,robot_0,2.647,-4.371
1783599810,936733537,robot_1,1.716,-0.096
1783599810,936747422,robot_4,-1.728,4.279
1783599810,936760457,robot_3,-2.212,-2.269
1783599811,138314898,robot_2,-1.470,-1.394
1783599811,138350850,robot_0,2.647,-4.371
1783599811,138368120,robot_1,1.721,-0.116
1783599811,138384279,robot_4,-1.728,4.279
1783599811,138404568,robot_3,-2.212,-2.269
1783599811,355776609,robot_2,-1.531,-1.374
1783599811,355798490,robot_0,2.647,-4.371
1783599811,355807689,robot_1,1.731,-0.159
1783599811,355814969,robot_4,-1.728,4.280
1783599811,355822311,robot_3,-2.212,-2.268
1783599811,556059409,robot_2,-1.588,-1.361
1783599811,556081897,robot_0,2.647,-4.371
1783599811,556091003,robot_1,1.738,-0.184
1783599811,556098687,robot_4,-1.728,4.280
1783599811,556105391,robot_3,-2.212,-2.268
1783599811,756800915,robot_2,-1.646,-1.353
1783599811,756839659,robot_0,2.647,-4.371
1783599811,756858081,robot_1,1.749,-0.228
1783599811,756873920,robot_4,-1.728,4.280
1783599811,756888558,robot_3,-2.212,-2.268
1783599811,956846674,robot_2,-1.704,-1.349
1783599811,956872125,robot_0,2.647,-4.371
1783599811,956881596,robot_1,1.762,-0.283
1783599811,956891162,robot_4,-1.728,4.279
1783599811,956898844,robot_3,-2.212,-2.268
1783599812,156852031,robot_2,-1.762,-1.351
1783599812,156877470,robot_0,2.648,-4.371
1783599812,156887381,robot_1,1.770,-0.314
1783599812,156896515,robot_4,-1.728,4.279
1783599812,156905448,robot_3,-2.216,-2.267
1783599812,376598797,robot_2,-1.821,-1.357
1783599812,376629318,robot_0,2.648,-4.371
1783599812,376646541,robot_1,1.787,-0.371
1783599812,376661140,robot_4,-1.727,4.279
1783599812,376674425,robot_3,-2.252,-2.265
1783599812,576977689,robot_2,-1.844,-1.361
1783599812,576998173,robot_0,2.648,-4.371
1783599812,577008217,robot_1,1.806,-0.417
1783599812,577016364,robot_4,-1.727,4.279
1783599812,577024569,robot_3,-2.276,-2.265
1783599812,797033371,robot_2,-1.874,-1.367
1783599812,797067582,robot_0,2.648,-4.371
1783599812,797085648,robot_1,1.802,-0.456
1783599812,797100209,robot_4,-1.727,4.279
1783599812,797114086,robot_3,-2.303,-2.271
1783599812,997671667,robot_2,-1.904,-1.372
1783599812,997710575,robot_0,2.649,-4.372
1783599812,997728613,robot_1,1.778,-0.434
1783599812,997743967,robot_4,-1.726,4.279
1783599812,997758489,robot_3,-2.334,-2.281
1783599813,216511665,robot_2,-1.917,-1.375
1783599813,216533369,robot_0,2.649,-4.372
1783599813,216543531,robot_1,1.758,-0.406
1783599813,216551596,robot_4,-1.726,4.279
1783599813,216558807,robot_3,-2.351,-2.290
1783599813,417516603,robot_2,-1.956,-1.382
1783599813,417554230,robot_0,2.649,-4.372
1783599813,417571720,robot_1,1.742,-0.378
1783599813,417586357,robot_4,-1.726,4.279
1783599813,417599893,robot_3,-2.385,-2.312
1783599813,618113723,robot_2,-1.994,-1.391
1783599813,618144439,robot_0,2.649,-4.372
1783599813,618159093,robot_1,1.731,-0.348
1783599813,618170564,robot_4,-1.726,4.279
1783599813,618181690,robot_3,-2.409,-2.331
1783599813,818271270,robot_2,-2.031,-1.404
1783599813,818314031,robot_0,2.649,-4.372
1783599813,818336358,robot_1,1.724,-0.317
1783599813,818354954,robot_4,-1.726,4.279
1783599813,818371632,robot_3,-2.444,-2.359
1783599814,39044810,robot_2,-2.069,-1.425
1783599814,39093827,robot_0,2.649,-4.372
1783599814,39116704,robot_1,1.723,-0.310
1783599814,39135959,robot_4,-1.725,4.279
1783599814,39154088,robot_3,-2.485,-2.396
1783599814,239171535,robot_2,-2.094,-1.443
1783599814,239218960,robot_0,2.649,-4.372
1783599814,239241767,robot_1,1.723,-0.338
1783599814,239260838,robot_4,-1.725,4.279
1783599814,239278770,robot_3,-2.489,-2.399
1783599814,439712897,robot_2,-2.109,-1.457
1783599814,439763203,robot_0,2.649,-4.372
1783599814,439787276,robot_1,1.724,-0.374
1783599814,439809117,robot_4,-1.725,4.279
1783599814,439829554,robot_3,-2.490,-2.399
1783599814,639940001,robot_2,-2.135,-1.483
1783599814,639994445,robot_0,2.649,-4.372
1783599814,640018184,robot_1,1.729,-0.409
1783599814,640038409,robot_4,-1.724,4.279
1783599814,640057492,robot_3,-2.490,-2.399
1783599814,859027140,robot_2,-2.161,-1.509
1783599814,859066599,robot_0,2.649,-4.372
1783599814,859083142,robot_1,1.737,-0.447
1783599814,859096568,robot_4,-1.724,4.279
1783599814,859108892,robot_3,-2.501,-2.425
1783599815,78104356,robot_2,-2.161,-1.509
1783599815,78145013,robot_0,2.649,-4.372
1783599815,78166693,robot_1,1.750,-0.484
1783599815,78186616,robot_4,-1.724,4.279
1783599815,78206176,robot_3,-2.519,-2.471
1783599815,297772142,robot_2,-2.161,-1.509
1783599815,297812880,robot_0,2.649,-4.372
1783599815,297834976,robot_1,1.766,-0.519
1783599815,297853001,robot_4,-1.724,4.279
1783599815,297869913,robot_3,-2.525,-2.494
1783599815,498905132,robot_2,-2.161,-1.509
1783599815,498932211,robot_0,2.650,-4.372
1783599815,498943299,robot_1,1.779,-0.543
1783599815,498952603,robot_4,-1.724,4.279
1783599815,498961755,robot_3,-2.532,-2.520
1783599815,716643511,robot_2,-2.171,-1.530
1783599815,716671638,robot_0,2.650,-4.373
1783599815,716684125,robot_1,1.793,-0.564
1783599815,716694637,robot_4,-1.724,4.279
1783599815,716705459,robot_3,-2.537,-2.537
1783599815,919030140,robot_2,-2.179,-1.556
1783599815,919052319,robot_0,2.650,-4.373
1783599815,919062771,robot_1,1.807,-0.586
1783599815,919071212,robot_4,-1.724,4.279
1783599815,919078861,robot_3,-2.545,-2.570
1783599816,137881833,robot_2,-2.183,-1.586
1783599816,137905233,robot_0,2.642,-4.375
1783599816,137915286,robot_1,1.822,-0.609
1783599816,137923645,robot_4,-1.724,4.280
1783599816,137931732,robot_3,-2.558,-2.614
1783599816,358075780,robot_2,-2.183,-1.615
1783599816,358097734,robot_0,2.577,-4.384
1783599816,358107392,robot_1,1.841,-0.638
1783599816,358114862,robot_4,-1.724,4.280
1783599816,358122026,robot_3,-2.574,-2.657
1783599816,576057394,robot_2,-2.174,-1.664
1783599816,576076927,robot_0,2.520,-4.389
1783599816,576085944,robot_1,1.859,-0.666
1783599816,576093069,robot_4,-1.723,4.280
1783599816,576099988,robot_3,-2.596,-2.698
1783599816,776119237,robot_2,-2.160,-1.722
1783599816,776158432,robot_0,2.492,-4.391
1783599816,776175242,robot_1,1.871,-0.685
1783599816,776189242,robot_4,-1.723,4.280
1783599816,776202182,robot_3,-2.620,-2.733
1783599816,976930324,robot_2,-2.145,-1.779
1783599816,976964901,robot_0,2.465,-4.394
1783599816,976980006,robot_1,1.882,-0.703
1783599816,976993656,robot_4,-1.723,4.280
1783599816,977006273,robot_3,-2.647,-2.764
1783599817,195925711,robot_2,-2.125,-1.838
1783599817,195949442,robot_0,2.449,-4.395
1783599817,195960027,robot_1,1.895,-0.721
1783599817,195968765,robot_4,-1.734,4.284
1783599817,195977173,robot_3,-2.681,-2.795
1783599817,415602681,robot_2,-2.100,-1.896
1783599817,415621910,robot_0,2.418,-4.398
1783599817,415630723,robot_1,1.909,-0.738
1783599817,415638858,robot_4,-1.773,4.297
1783599817,415646099,robot_3,-2.719,-2.823
1783599817,636161639,robot_2,-2.069,-1.951
1783599817,636179799,robot_0,2.388,-4.400
1783599817,636187673,robot_1,1.925,-0.753
1783599817,636194118,robot_4,-1.809,4.309
1783599817,636199787,robot_3,-2.769,-2.851
1783599817,837101410,robot_2,-2.036,-1.997
1783599817,837128822,robot_0,2.340,-4.404
1783599817,837142913,robot_1,1.942,-0.765
1783599817,837154931,robot_4,-1.841,4.320
1783599817,837166220,robot_3,-2.774,-2.853
1783599818,56652780,robot_2,-1.995,-2.045
1783599818,56683343,robot_0,2.303,-4.407
1783599818,56697498,robot_1,1.953,-0.771
1783599818,56710777,robot_4,-1.861,4.327
1783599818,56723373,robot_3,-2.774,-2.853
1783599818,257161041,robot_2,-1.956,-2.084
1783599818,257185896,robot_0,2.267,-4.404
1783599818,257197646,robot_1,1.971,-0.778
1783599818,257207100,robot_4,-1.881,4.334
1783599818,257216102,robot_3,-2.774,-2.853
1783599818,476118029,robot_2,-1.914,-2.119
1783599818,476139979,robot_0,2.218,-4.394
1783599818,476147702,robot_1,1.999,-0.786
1783599818,476154761,robot_4,-1.909,4.343
1783599818,476161614,robot_3,-2.774,-2.853
1783599818,676586819,robot_2,-1.874,-2.151
1783599818,676606038,robot_0,2.196,-4.385
1783599818,676614251,robot_1,2.001,-0.786
1783599818,676620952,robot_4,-1.922,4.347
1783599818,676627962,robot_3,-2.774,-2.853
1783599818,896716672,robot_2,-1.826,-2.190
1783599818,896746780,robot_0,2.152,-4.360
1783599818,896762085,robot_1,2.001,-0.786
1783599818,896775220,robot_4,-1.949,4.356
1783599818,896787674,robot_3,-2.774,-2.853
1783599819,97331570,robot_2,-1.786,-2.222
1783599819,97361590,robot_0,2.131,-4.345
1783599819,97376871,robot_1,2.001,-0.786
1783599819,97394649,robot_4,-1.964,4.361
1783599819,97456527,robot_3,-2.774,-2.853
1783599819,316480432,robot_2,-1.751,-2.248
1783599819,316500211,robot_0,2.093,-4.304
1783599819,316509752,robot_1,2.001,-0.786
1783599819,316517900,robot_4,-1.993,4.371
1783599819,316525107,robot_3,-2.774,-2.853
1783599819,516931685,robot_2,-1.719,-2.270
1783599819,516956139,robot_0,2.055,-4.256
1783599819,516965923,robot_1,2.001,-0.787
1783599819,516974690,robot_4,-2.021,4.377
1783599819,516982465,robot_3,-2.774,-2.853
1783599819,717217152,robot_2,-1.685,-2.289
1783599819,717250372,robot_0,2.018,-4.210
1783599819,717266737,robot_1,2.001,-0.787
1783599819,717281534,robot_4,-2.039,4.379
1783599819,717294446,robot_3,-2.774,-2.853
1783599819,937232510,robot_2,-1.642,-2.309
1783599819,937256275,robot_0,1.979,-4.160
1783599819,937265527,robot_1,2.001,-0.787
1783599819,937273757,robot_4,-2.072,4.379
1783599819,937281098,robot_3,-2.774,-2.853
1783599820,137845657,robot_2,-1.612,-2.324
1783599820,137882402,robot_0,1.938,-4.107
1783599820,137901640,robot_1,2.001,-0.787
1783599820,137917428,robot_4,-2.088,4.378
1783599820,137932518,robot_3,-2.774,-2.853
1783599820,357644613,robot_2,-1.586,-2.340
1783599820,357679329,robot_0,1.892,-4.049
1783599820,357698133,robot_1,2.001,-0.788
1783599820,357714262,robot_4,-2.120,4.370
1783599820,357729843,robot_3,-2.774,-2.853
1783599820,578440231,robot_2,-1.557,-2.361
1783599820,578475333,robot_0,1.853,-3.999
1783599820,578495126,robot_1,2.001,-0.788
1783599820,578509620,robot_4,-2.142,4.363
1783599820,578523403,robot_3,-2.774,-2.853
1783599820,797112179,robot_2,-1.556,-2.362
1783599820,797139832,robot_0,1.814,-3.950
1783599820,797152297,robot_1,1.984,-0.799
1783599820,797163591,robot_4,-2.176,4.347
1783599820,797174210,robot_3,-2.774,-2.853
1783599820,998727252,robot_2,-1.556,-2.361
1783599820,998773083,robot_0,1.780,-3.907
1783599820,998794513,robot_1,1.954,-0.809
1783599820,998811977,robot_4,-2.215,4.327
1783599820,998828499,robot_3,-2.774,-2.853
1783599821,217449488,robot_2,-1.556,-2.361
1783599821,217495555,robot_0,1.738,-3.863
1783599821,217515142,robot_1,1.920,-0.818
1783599821,217532762,robot_4,-2.239,4.313
1783599821,217550396,robot_3,-2.774,-2.853
1783599821,437488302,robot_2,-1.555,-2.361
1783599821,437527966,robot_0,1.692,-3.823
1783599821,437547742,robot_1,1.885,-0.821
1783599821,437563977,robot_4,-2.279,4.284
1783599821,437579379,robot_3,-2.774,-2.853
1783599821,640284781,robot_2,-1.555,-2.361
1783599821,640325584,robot_0,1.648,-3.790
1783599821,640346612,robot_1,1.853,-0.820
1783599821,640363841,robot_4,-2.312,4.251
1783599821,640379769,robot_3,-2.774,-2.853
1783599821,857549370,robot_2,-1.555,-2.361
1783599821,857574958,robot_0,1.596,-3.758
1783599821,857585651,robot_1,1.819,-0.812
1783599821,857594329,robot_4,-2.345,4.210
1783599821,857603019,robot_3,-2.774,-2.853
1783599822,58742476,robot_2,-1.555,-2.361
1783599822,58772008,robot_0,1.546,-3.734
1783599822,58783818,robot_1,1.816,-0.811
1783599822,58793248,robot_4,-2.354,4.197
1783599822,58802501,robot_3,-2.774,-2.853
1783599822,277411621,robot_2,-1.556,-2.361
1783599822,277441116,robot_0,1.489,-3.712
1783599822,277455815,robot_1,1.851,-0.827
1783599822,277468531,robot_4,-2.354,4.197
1783599822,277480442,robot_3,-2.774,-2.853
1783599822,479326865,robot_2,-1.556,-2.362
1783599822,479358865,robot_0,1.439,-3.697
1783599822,479372259,robot_1,1.887,-0.842
1783599822,479383378,robot_4,-2.354,4.197
1783599822,479405579,robot_3,-2.774,-2.854
1783599822,697638473,robot_2,-1.556,-2.362
1783599822,697677703,robot_0,1.385,-3.683
1783599822,697699016,robot_1,1.910,-0.852
1783599822,697716567,robot_4,-2.355,4.197
1783599822,697732668,robot_3,-2.774,-2.854
1783599822,897724344,robot_2,-1.556,-2.362
1783599822,897769760,robot_0,1.358,-3.675
1783599822,897791281,robot_1,1.947,-0.867
1783599822,897810170,robot_4,-2.355,4.197
1783599822,897827312,robot_3,-2.774,-2.854
1783599823,97938127,robot_2,-1.556,-2.362
1783599823,97977011,robot_0,1.334,-3.668
1783599823,97997799,robot_1,1.966,-0.875
1783599823,98015870,robot_4,-2.355,4.197
1783599823,98032352,robot_3,-2.774,-2.854
1783599823,317651214,robot_2,-1.556,-2.361
1783599823,317689353,robot_0,1.333,-3.668
1783599823,317709441,robot_1,2.006,-0.892
1783599823,317726986,robot_4,-2.355,4.197
1783599823,317742976,robot_3,-2.774,-2.854
1783599823,538148869,robot_2,-1.556,-2.361
1783599823,538190270,robot_0,1.333,-3.668
1783599823,538210907,robot_1,2.048,-0.910
1783599823,538228867,robot_4,-2.355,4.197
1783599823,538245865,robot_3,-2.774,-2.854
1783599823,738975042,robot_2,-1.555,-2.361
1783599823,739014705,robot_0,1.333,-3.668
1783599823,739034512,robot_1,2.085,-0.926
1783599823,739051802,robot_4,-2.354,4.197
1783599823,739067767,robot_3,-2.774,-2.854
1783599823,957877862,robot_2,-1.555,-2.361
1783599823,957902607,robot_0,1.333,-3.668
1783599823,957912397,robot_1,2.150,-0.955
1783599823,957922623,robot_4,-2.354,4.197
1783599823,957931109,robot_3,-2.774,-2.854
1783599824,157951480,robot_2,-1.555,-2.361
1783599824,157988541,robot_0,1.333,-3.668
1783599824,158008054,robot_1,2.187,-0.974
1783599824,158025240,robot_4,-2.354,4.197
1783599824,158041860,robot_3,-2.774,-2.854
1783599824,376196939,robot_2,-1.555,-2.361
1783599824,376218994,robot_0,1.333,-3.669
1783599824,376228102,robot_1,2.246,-1.012
1783599824,376236553,robot_4,-2.354,4.197
1783599824,376244118,robot_3,-2.774,-2.854
1783599824,577055451,robot_2,-1.556,-2.361
1783599824,577091498,robot_0,1.333,-3.669
1783599824,577110619,robot_1,2.283,-1.036
1783599824,577126451,robot_4,-2.353,4.196
1783599824,577141440,robot_3,-2.774,-2.854
1783599824,777085458,robot_2,-1.556,-2.361
1783599824,777130828,robot_0,1.333,-3.669
1783599824,777149752,robot_1,2.316,-1.058
1783599824,777167175,robot_4,-2.353,4.196
1783599824,777182615,robot_3,-2.774,-2.854
1783599824,977442361,robot_2,-1.556,-2.362
1783599824,977483361,robot_0,1.332,-3.670
1783599824,977503486,robot_1,2.348,-1.080
1783599824,977520132,robot_4,-2.353,4.196
1783599824,977535458,robot_3,-2.774,-2.854
1783599825,197605150,robot_2,-1.556,-2.362
1783599825,197642855,robot_0,1.322,-3.649
1783599825,197663520,robot_1,2.369,-1.094
1783599825,197680618,robot_4,-2.354,4.197
1783599825,197696461,robot_3,-2.774,-2.854
1783599825,397666128,robot_2,-1.556,-2.362
1783599825,397707115,robot_0,1.303,-3.603
1783599825,397727573,robot_1,2.403,-1.116
1783599825,397745205,robot_4,-2.354,4.197
1783599825,397761109,robot_3,-2.774,-2.854
1783599825,598350349,robot_2,-1.556,-2.362
1783599825,598381922,robot_0,1.299,-3.591
1783599825,598403613,robot_1,2.420,-1.128
1783599825,598415195,robot_4,-2.354,4.197
1783599825,598426313,robot_3,-2.774,-2.854
1783599825,817709326,robot_2,-1.556,-2.362
1783599825,817741798,robot_0,1.293,-3.563
1783599825,817755978,robot_1,2.456,-1.152
1783599825,817767918,robot_4,-2.354,4.197
1783599825,817779540,robot_3,-2.774,-2.854
1783599826,19048758,robot_2,-1.556,-2.362
1783599826,19098768,robot_0,1.286,-3.531
1783599826,19123331,robot_1,2.482,-1.169
1783599826,19144481,robot_4,-2.354,4.197
1783599826,19164360,robot_3,-2.774,-2.854
1783599826,237812420,robot_2,-1.556,-2.362
1783599826,237842858,robot_0,1.281,-3.505
1783599826,237857390,robot_1,2.512,-1.189
1783599826,237869710,robot_4,-2.355,4.197
1783599826,237881898,robot_3,-2.774,-2.854
1783599826,438233055,robot_2,-1.556,-2.363
1783599826,438264992,robot_0,1.270,-3.469
1783599826,438279703,robot_1,2.545,-1.211
1783599826,438291793,robot_4,-2.355,4.197
1783599826,438303391,robot_3,-2.774,-2.854
1783599826,658787963,robot_2,-1.556,-2.363
1783599826,658837125,robot_0,1.254,-3.432
1783599826,658857246,robot_1,2.556,-1.218
1783599826,658874896,robot_4,-2.355,4.197
1783599826,658893345,robot_3,-2.774,-2.854
1783599826,877336081,robot_2,-1.557,-2.363
1783599826,877366093,robot_0,1.231,-3.398
1783599826,877380079,robot_1,2.583,-1.237
1783599826,877396041,robot_4,-2.355,4.197
1783599826,877406364,robot_3,-2.774,-2.854
1783599827,97314500,robot_2,-1.557,-2.363
1783599827,97354613,robot_0,1.202,-3.368
1783599827,97375246,robot_1,2.616,-1.261
1783599827,97397271,robot_4,-2.355,4.197
1783599827,97414557,robot_3,-2.774,-2.854
1783599827,298451840,robot_2,-1.557,-2.364
1783599827,298481578,robot_0,1.166,-3.340
1783599827,298495606,robot_1,2.643,-1.288
1783599827,298506372,robot_4,-2.355,4.197
1783599827,298516875,robot_3,-2.774,-2.854
1783599827,518067449,robot_2,-1.557,-2.364
1783599827,518097543,robot_0,1.123,-3.311
1783599827,518110233,robot_1,2.667,-1.321
1783599827,518120719,robot_4,-2.356,4.197
1783599827,518131363,robot_3,-2.774,-2.854
1783599827,739177841,robot_2,-1.557,-2.363
1783599827,739214358,robot_0,1.122,-3.310
1783599827,739234702,robot_1,2.685,-1.358
1783599827,739251132,robot_4,-2.356,4.197
1783599827,739266749,robot_3,-2.774,-2.854
1783599827,959806211,robot_2,-1.556,-2.363
1783599827,959851113,robot_0,1.122,-3.310
1783599827,959873247,robot_1,2.697,-1.397
1783599827,959890198,robot_4,-2.356,4.197
1783599827,959906641,robot_3,-2.774,-2.854
1783599828,177869676,robot_2,-1.556,-2.362
1783599828,177907848,robot_0,1.122,-3.310
1783599828,177929211,robot_1,2.702,-1.436
1783599828,177947093,robot_4,-2.356,4.197
1783599828,177963290,robot_3,-2.774,-2.854
1783599828,396842271,robot_2,-1.556,-2.362
1783599828,396868633,robot_0,1.121,-3.310
1783599828,396880256,robot_1,2.701,-1.464
1783599828,396890203,robot_4,-2.356,4.197
1783599828,396899681,robot_3,-2.774,-2.853
1783599828,597385652,robot_2,-1.556,-2.362
1783599828,597415957,robot_0,1.119,-3.308
1783599828,597426190,robot_1,2.699,-1.491
1783599828,597434550,robot_4,-2.355,4.197
1783599828,597443677,robot_3,-2.774,-2.853
1783599828,817246066,robot_2,-1.555,-2.361
1783599828,817273899,robot_0,1.094,-3.287
1783599828,817286659,robot_1,2.696,-1.525
1783599828,817296624,robot_4,-2.355,4.197
1783599828,817305817,robot_3,-2.774,-2.853
1783599829,18377371,robot_2,-1.555,-2.361
1783599829,18419161,robot_0,1.074,-3.271
1783599829,18431926,robot_1,2.693,-1.554
1783599829,18443618,robot_4,-2.355,4.197
1783599829,18454121,robot_3,-2.775,-2.853
1783599829,237726364,robot_2,-1.555,-2.361
1783599829,237754781,robot_0,1.068,-3.266
1783599829,237768363,robot_1,2.691,-1.584
1783599829,237778644,robot_4,-2.355,4.197
1783599829,237788232,robot_3,-2.775,-2.853
1783599829,438992925,robot_2,-1.555,-2.361
1783599829,439022117,robot_0,1.026,-3.232
1783599829,439034667,robot_1,2.692,-1.611
1783599829,439043981,robot_4,-2.354,4.197
1783599829,439054110,robot_3,-2.775,-2.853
1783599829,657369402,robot_2,-1.555,-2.361
1783599829,657429355,robot_0,0.986,-3.197
1783599829,657451534,robot_1,2.698,-1.640
1783599829,657471044,robot_4,-2.354,4.197
1783599829,657489312,robot_3,-2.775,-2.853
1783599829,860978281,robot_2,-1.555,-2.361
1783599829,861024546,robot_0,0.953,-3.162
1783599829,861046573,robot_1,2.713,-1.679
1783599829,861064702,robot_4,-2.355,4.197
1783599829,861078873,robot_3,-2.775,-2.853
1783599830,83239474,robot_2,-1.555,-2.361
1783599830,83278261,robot_0,0.930,-3.133
1783599830,83294692,robot_1,2.745,-1.745
1783599830,83311810,robot_4,-2.355,4.197
1783599830,83328321,robot_3,-2.775,-2.853
1783599830,301943861,robot_2,-1.555,-2.361
1783599830,301993389,robot_0,0.907,-3.094
1783599830,302015934,robot_1,2.775,-1.806
1783599830,302034440,robot_4,-2.355,4.197
1783599830,302052649,robot_3,-2.775,-2.853
1783599830,526552484,robot_2,-1.554,-2.361
1783599830,526588721,robot_0,0.886,-3.049
1783599830,526606553,robot_1,2.799,-1.866
1783599830,526620555,robot_4,-2.355,4.197
1783599830,526633134,robot_3,-2.775,-2.853
1783599830,738721532,robot_2,-1.549,-2.384
1783599830,738756559,robot_0,0.877,-3.017
1783599830,738774407,robot_1,2.817,-1.928
1783599830,738788155,robot_4,-2.356,4.197
1783599830,738801539,robot_3,-2.775,-2.853
1783599830,942289178,robot_2,-1.548,-2.408
1783599830,942359463,robot_0,0.866,-2.960
1783599830,942456536,robot_1,2.830,-1.990
1783599830,942492237,robot_4,-2.356,4.197
1783599830,942525190,robot_3,-2.775,-2.853
1783599831,159858183,robot_2,-1.549,-2.423
1783599831,159890978,robot_0,0.861,-2.918
1783599831,159906521,robot_1,2.842,-2.062
1783599831,159919227,robot_4,-2.356,4.197
1783599831,159930780,robot_3,-2.775,-2.853
1783599831,360215312,robot_2,-1.554,-2.446
1783599831,360273271,robot_0,0.861,-2.859
1783599831,360308367,robot_1,2.850,-2.115
1783599831,360337791,robot_4,-2.356,4.197
1783599831,360365839,robot_3,-2.776,-2.853
1783599831,561033249,robot_2,-1.557,-2.458
1783599831,561071286,robot_0,0.865,-2.799
1783599831,561088912,robot_1,2.858,-2.166
1783599831,561103919,robot_4,-2.356,4.197
1783599831,561117833,robot_3,-2.776,-2.853
1783599831,779202413,robot_2,-1.569,-2.480
1783599831,779242309,robot_0,0.874,-2.734
1783599831,779263912,robot_1,2.863,-2.193
1783599831,779276151,robot_4,-2.356,4.197
1783599831,779294997,robot_3,-2.776,-2.892
1783599831,982497165,robot_2,-1.581,-2.499
1783599831,982532036,robot_0,0.888,-2.676
1783599831,982550460,robot_1,2.867,-2.217
1783599831,982564352,robot_4,-2.349,4.153
1783599831,982577835,robot_3,-2.776,-2.960
1783599832,199606824,robot_2,-1.598,-2.525
1783599832,199639026,robot_0,0.908,-2.614
1783599832,199653071,robot_1,2.872,-2.250
1783599832,199665418,robot_4,-2.339,4.086
1783599832,199677810,robot_3,-2.776,-3.010
1783599832,418623979,robot_2,-1.616,-2.552
1783599832,418660403,robot_0,0.934,-2.552
1783599832,418676012,robot_1,2.877,-2.280
1783599832,418689248,robot_4,-2.330,4.019
1783599832,418700862,robot_3,-2.776,-3.084
1783599832,639873929,robot_2,-1.650,-2.605
1783599832,639912319,robot_0,0.961,-2.491
1783599832,639927105,robot_1,2.880,-2.303
1783599832,639939832,robot_4,-2.320,3.952
1783599832,639968498,robot_3,-2.776,-3.104
1783599832,842152307,robot_2,-1.684,-2.656
1783599832,842206805,robot_0,0.980,-2.439
1783599832,842238150,robot_1,2.886,-2.335
1783599832,842261191,robot_4,-2.314,3.910
1783599832,842284171,robot_3,-2.776,-3.134
1783599833,59622119,robot_2,-1.721,-2.714
1783599833,59666075,robot_0,0.995,-2.380
1783599833,59693758,robot_1,2.897,-2.408
1783599833,59712991,robot_4,-2.311,3.874
1783599833,59732632,robot_3,-2.776,-3.199
1783599833,277842148,robot_2,-1.753,-2.773
1783599833,277882691,robot_0,1.003,-2.320
1783599833,277929915,robot_1,2.906,-2.463
1783599833,277949263,robot_4,-2.313,3.838
1783599833,277967266,robot_3,-2.776,-3.241
1783599833,479216121,robot_2,-1.779,-2.828
1783599833,479258926,robot_0,1.004,-2.265
1783599833,479281248,robot_1,2.912,-2.510
1783599833,479300482,robot_4,-2.320,3.806
1783599833,479319094,robot_3,-2.775,-3.265
1783599833,679666649,robot_2,-1.801,-2.886
1783599833,679711975,robot_0,1.001,-2.210
1783599833,679735208,robot_1,2.912,-2.547
1783599833,679752370,robot_4,-2.331,3.775
1783599833,679767565,robot_3,-2.773,-3.278
1783599833,899280418,robot_2,-1.820,-2.950
1783599833,899333245,robot_0,0.996,-2.182
1783599833,899357145,robot_1,2.907,-2.578
1783599833,899376550,robot_4,-2.348,3.743
1783599833,899407321,robot_3,-2.762,-3.315
1783599834,117922999,robot_2,-1.834,-3.016
1783599834,117991320,robot_0,0.991,-2.158
1783599834,118012426,robot_1,2.902,-2.594
1783599834,118031627,robot_4,-2.369,3.715
1783599834,118049191,robot_3,-2.752,-3.337
1783599834,337960918,robot_2,-1.840,-3.057
1783599834,338002648,robot_0,0.985,-2.133
1783599834,338024288,robot_1,2.879,-2.639
1783599834,338042152,robot_4,-2.389,3.695
1783599834,338058781,robot_3,-2.730,-3.365
1783599834,538446174,robot_2,-1.841,-3.077
1783599834,538491508,robot_0,0.979,-2.104
1783599834,538512414,robot_1,2.858,-2.670
1783599834,538529804,robot_4,-2.411,3.675
1783599834,538546366,robot_3,-2.706,-3.388
1783599834,757564109,robot_2,-1.834,-3.111
1783599834,757600475,robot_0,0.969,-2.055
1783599834,757620307,robot_1,2.834,-2.693
1783599834,757636691,robot_4,-2.466,3.625
1783599834,757653094,robot_3,-2.687,-3.400
1783599834,959377429,robot_2,-1.824,-3.142
1783599834,959437557,robot_0,0.966,-2.010
1783599834,959464464,robot_1,2.807,-2.715
1783599834,959487288,robot_4,-2.512,3.583
1783599834,959508558,robot_3,-2.676,-3.406
1783599835,175990073,robot_2,-1.813,-3.161
1783599835,176012413,robot_0,0.969,-1.960
1783599835,176023119,robot_1,2.789,-2.729
1783599835,176031953,robot_4,-2.551,3.548
1783599835,176040659,robot_3,-2.676,-3.406
1783599835,376260938,robot_2,-1.792,-3.189
1783599835,376282887,robot_0,0.978,-1.916
1783599835,376292949,robot_1,2.757,-2.754
1783599835,376300708,robot_4,-2.588,3.514
1783599835,376308145,robot_3,-2.676,-3.406
1783599835,577334981,robot_2,-1.781,-3.201
1783599835,577365869,robot_0,0.993,-1.873
1783599835,577382180,robot_1,2.725,-2.778
1783599835,577399583,robot_4,-2.627,3.479
1783599835,577412222,robot_3,-2.675,-3.406
1783599835,797065238,robot_2,-1.747,-3.226
1783599835,797100487,robot_0,1.016,-1.829
1783599835,797134300,robot_1,2.692,-2.806
1783599835,797147545,robot_4,-2.674,3.436
1783599835,797160368,robot_3,-2.675,-3.406
1783599835,998578100,robot_2,-1.722,-3.243
1783599835,998599015,robot_0,1.043,-1.792
1783599835,998607442,robot_1,2.662,-2.836
1783599835,998614370,robot_4,-2.715,3.396
1783599835,998621014,robot_3,-2.647,-3.435
1783599836,216676936,robot_2,-1.687,-3.267
1783599836,216704124,robot_0,1.076,-1.755
1783599836,216718165,robot_1,2.631,-2.872
1783599836,216730135,robot_4,-2.724,3.387
1783599836,216741482,robot_3,-2.619,-3.468
1783599836,417129236,robot_2,-1.639,-3.305
1783599836,417166178,robot_0,1.110,-1.725
1783599836,417186864,robot_1,2.605,-2.907
1783599836,417203668,robot_4,-2.724,3.387
1783599836,417218609,robot_3,-2.589,-3.516
1783599836,636961020,robot_2,-1.608,-3.332
1783599836,636988458,robot_0,1.150,-1.696
1783599836,637002897,robot_1,2.580,-2.947
1783599836,637014705,robot_4,-2.725,3.387
1783599836,637025638,robot_3,-2.574,-3.543
1783599836,837574631,robot_2,-1.566,-3.376
1783599836,837603499,robot_0,1.188,-1.672
1783599836,837612342,robot_1,2.560,-2.986
1783599836,837625992,robot_4,-2.725,3.387
1783599836,837632742,robot_3,-2.556,-3.584
1783599837,56279908,robot_2,-1.539,-3.409
1783599837,56303469,robot_0,1.233,-1.651
1783599837,56313442,robot_1,2.541,-3.030
1783599837,56321690,robot_4,-2.725,3.388
1783599837,56329470,robot_3,-2.531,-3.638
1783599837,276236192,robot_2,-1.503,-3.452
1783599837,276255799,robot_0,1.280,-1.634
1783599837,276264775,robot_1,2.526,-3.075
1783599837,276272577,robot_4,-2.727,3.358
1783599837,276279711,robot_3,-2.513,-3.678
1783599837,476716517,robot_2,-1.479,-3.482
1783599837,476774387,robot_0,1.324,-1.622
1783599837,476801863,robot_1,2.516,-3.114
1783599837,476818433,robot_4,-2.728,3.319
1783599837,476825987,robot_3,-2.489,-3.729
1783599837,696625431,robot_2,-1.459,-3.506
1783599837,696647344,robot_0,1.377,-1.613
1783599837,696656180,robot_1,2.507,-3.155
1783599837,696663486,robot_4,-2.727,3.278
1783599837,696670807,robot_3,-2.467,-3.777
1783599837,915523397,robot_2,-1.427,-3.545
1783599837,915541303,robot_0,1.427,-1.605
1783599837,915548653,robot_1,2.496,-3.195
1783599837,915554777,robot_4,-2.727,3.238
1783599837,915560408,robot_3,-2.448,-3.815
1783599838,118126230,robot_2,-1.412,-3.563
1783599838,118159756,robot_0,1.461,-1.599
1783599838,118175365,robot_1,2.482,-3.231
1783599838,118187909,robot_4,-2.727,3.191
1783599838,118199906,robot_3,-2.413,-3.868
1783599838,336570939,robot_2,-1.379,-3.604
1783599838,336602218,robot_0,1.506,-1.592
1783599838,336617920,robot_1,2.465,-3.269
1783599838,336631377,robot_4,-2.726,3.132
1783599838,336643819,robot_3,-2.369,-3.928
1783599838,556802666,robot_2,-1.359,-3.628
1783599838,556835832,robot_0,1.573,-1.583
1783599838,556851689,robot_1,2.444,-3.306
1783599838,556864804,robot_4,-2.726,3.095
1783599838,556877018,robot_3,-2.351,-3.953
1783599838,776642903,robot_2,-1.328,-3.666
1783599838,776670925,robot_0,1.636,-1.580
1783599838,776685889,robot_1,2.420,-3.341
1783599838,776698396,robot_4,-2.725,3.069
1783599838,776710081,robot_3,-2.334,-3.975
1783599838,976895285,robot_2,-1.301,-3.699
1783599838,976930571,robot_0,1.693,-1.582
1783599838,976946201,robot_1,2.386,-3.382
1783599838,976959576,robot_4,-2.725,3.034
1783599838,976971716,robot_3,-2.321,-3.993
1783599839,196294502,robot_2,-1.294,-3.707
1783599839,196324701,robot_0,1.756,-1.590
1783599839,196339879,robot_1,2.340,-3.436
1783599839,196353584,robot_4,-2.721,2.993
1783599839,196382613,robot_3,-2.299,-4.023
1783599839,416232813,robot_2,-1.270,-3.737
1783599839,416257575,robot_0,1.817,-1.605
1783599839,416269622,robot_1,2.302,-3.486
1783599839,416279183,robot_4,-2.711,2.953
1783599839,416289036,robot_3,-2.259,-4.073
1783599839,636763105,robot_2,-1.248,-3.768
1783599839,636800965,robot_0,1.877,-1.625
1783599839,636821425,robot_1,2.269,-3.540
1783599839,636839300,robot_4,-2.694,2.916
1783599839,636855552,robot_3,-2.218,-4.117
1783599839,836793546,robot_2,-1.232,-3.797
1783599839,836813709,robot_0,1.926,-1.648
1783599839,836821691,robot_1,2.244,-3.591
1783599839,836828562,robot_4,-2.673,2.885
1783599839,836835062,robot_3,-2.212,-4.123
1783599840,56201415,robot_2,-1.223,-3.817
1783599840,56232529,robot_0,1.978,-1.678
1783599840,56248098,robot_1,2.221,-3.650
1783599840,56261437,robot_4,-2.645,2.856
1783599840,56274328,robot_3,-2.212,-4.123
1783599840,256260233,robot_2,-1.212,-3.848
1783599840,256290755,robot_0,2.021,-1.711
1783599840,256305768,robot_1,2.206,-3.705
1783599840,256318370,robot_4,-2.611,2.831
1783599840,256330558,robot_3,-2.185,-4.135
1783599840,457559469,robot_2,-1.203,-3.878
1783599840,457587691,robot_0,2.061,-1.747
1783599840,457600519,robot_1,2.198,-3.749
1783599840,457612324,robot_4,-2.564,2.805
1783599840,457623509,robot_3,-2.132,-4.154
1783599840,675289285,robot_2,-1.197,-3.900
1783599840,675307924,robot_0,2.100,-1.793
1783599840,675316027,robot_1,2.192,-3.798
1783599840,675322497,robot_4,-2.547,2.796
1783599840,675328775,robot_3,-2.096,-4.164
1783599840,875585092,robot_2,-1.189,-3.927
1783599840,875618572,robot_0,2.131,-1.837
1783599840,875633432,robot_1,2.186,-3.852
1783599840,875645480,robot_4,-2.547,2.796
1783599840,875656707,robot_3,-2.070,-4.168
1783599841,75798142,robot_2,-1.185,-3.939
1783599841,75814930,robot_0,2.157,-1.885
1783599841,75822527,robot_1,2.185,-3.901
1783599841,75828978,robot_4,-2.547,2.797
1783599841,75835033,robot_3,-2.053,-4.170
1783599841,276577376,robot_2,-1.172,-3.983
1783599841,276609822,robot_0,2.177,-1.931
1783599841,276623696,robot_1,2.191,-3.950
1783599841,276634959,robot_4,-2.547,2.797
1783599841,276645845,robot_3,-2.014,-4.175
1783599841,496153913,robot_2,-1.157,-4.031
1783599841,496186889,robot_0,2.193,-1.980
1783599841,496194298,robot_1,2.204,-4.002
1783599841,496201708,robot_4,-2.520,2.762
1783599841,496207933,robot_3,-1.945,-4.185
1783599841,696453261,robot_2,-1.157,-4.032
1783599841,696482032,robot_0,2.211,-2.035
1783599841,696495834,robot_1,2.222,-4.047
1783599841,696507378,robot_4,-2.493,2.717
1783599841,696518877,robot_3,-1.907,-4.190
1783599841,915700982,robot_2,-1.157,-4.032
1783599841,915726833,robot_0,2.233,-2.101
1783599841,915740926,robot_1,2.249,-4.094
1783599841,915752653,robot_4,-2.475,2.678
1783599841,915764140,robot_3,-1.841,-4.196
1783599842,117055887,robot_2,-1.158,-4.032
1783599842,117083916,robot_0,2.247,-2.143
1783599842,117098219,robot_1,2.279,-4.132
1783599842,117110042,robot_4,-2.464,2.641
1783599842,117121401,robot_3,-1.797,-4.197
1783599842,336642094,robot_2,-1.158,-4.032
1783599842,336667509,robot_0,2.259,-2.180
1783599842,336680745,robot_1,2.317,-4.168
1783599842,336692384,robot_4,-2.463,2.638
1783599842,336703577,robot_3,-1.738,-4.192
1783599842,556872537,robot_2,-1.142,-4.020
1783599842,556900647,robot_0,2.277,-2.236
1783599842,556914576,robot_1,2.345,-4.191
1783599842,556925798,robot_4,-2.463,2.638
1783599842,556936063,robot_3,-1.687,-4.189
1783599842,756919639,robot_2,-1.157,-3.990
1783599842,756948033,robot_0,2.295,-2.290
1783599842,756961606,robot_1,2.345,-4.191
1783599842,756972978,robot_4,-2.463,2.638
1783599842,756983492,robot_3,-1.704,-4.197
1783599842,977077903,robot_2,-1.185,-3.969
1783599842,977100209,robot_0,2.306,-2.324
1783599842,977107207,robot_1,2.345,-4.192
1783599842,977113287,robot_4,-2.463,2.638
1783599842,977118884,robot_3,-1.736,-4.212
1783599843,196434632,robot_2,-1.217,-3.954
1783599843,196462633,robot_0,2.317,-2.357
1783599843,196477871,robot_1,2.368,-4.201
1783599843,196490252,robot_4,-2.464,2.638
1783599843,196501032,robot_3,-1.765,-4.231
1783599843,397015812,robot_2,-1.247,-3.945
1783599843,397037054,robot_0,2.331,-2.400
1783599843,397045977,robot_1,2.416,-4.215
1783599843,397053269,robot_4,-2.464,2.638
1783599843,397059680,robot_3,-1.790,-4.252
1783599843,615927913,robot_2,-1.282,-3.939
1783599843,615953096,robot_0,2.345,-2.443
1783599843,615963190,robot_1,2.440,-4.221
1783599843,615970753,robot_4,-2.463,2.637
1783599843,615978227,robot_3,-1.817,-4.274
1783599843,816261392,robot_2,-1.303,-3.939
1783599843,816291861,robot_0,2.354,-2.469
1783599843,816307970,robot_1,2.440,-4.221
1783599843,816321511,robot_4,-2.442,2.611
1783599843,816333873,robot_3,-1.832,-4.284
1783599844,36762209,robot_2,-1.303,-3.939
1783599844,36796463,robot_0,2.364,-2.501
1783599844,36811938,robot_1,2.440,-4.221
1783599844,36825360,robot_4,-2.416,2.580
1783599844,36837556,robot_3,-1.832,-4.284
1783599844,256082175,robot_2,-1.303,-3.939
1783599844,256103872,robot_0,2.376,-2.540
1783599844,256111406,robot_1,2.440,-4.221
1783599844,256118276,robot_4,-2.416,2.579
1783599844,256124872,robot_3,-1.832,-4.284
1783599844,456891467,robot_2,-1.303,-3.939
1783599844,456914996,robot_0,2.383,-2.577
1783599844,456923452,robot_1,2.440,-4.222
1783599844,456930195,robot_4,-2.416,2.579
1783599844,456937249,robot_3,-1.831,-4.284
1783599844,677142702,robot_2,-1.303,-3.939
1783599844,677168386,robot_0,2.388,-2.618
1783599844,677180982,robot_1,2.440,-4.222
1783599844,677192555,robot_4,-2.416,2.579
1783599844,677201260,robot_3,-1.831,-4.285
1783599844,897409070,robot_2,-1.303,-3.939
1783599844,897438843,robot_0,2.389,-2.659
1783599844,897453368,robot_1,2.440,-4.222
1783599844,897466311,robot_4,-2.416,2.579
1783599844,897478093,robot_3,-1.831,-4.285
1783599845,116622880,robot_2,-1.303,-3.938
1783599845,116641096,robot_0,2.386,-2.700
1783599845,116649125,robot_1,2.440,-4.222
1783599845,116655461,robot_4,-2.416,2.579
1783599845,116662245,robot_3,-1.830,-4.284
1783599845,337467239,robot_2,-1.299,-3.923
1783599845,337499319,robot_0,2.379,-2.740
1783599845,337514399,robot_1,2.440,-4.222
1783599845,337527519,robot_4,-2.416,2.579
1783599845,337539902,robot_3,-1.821,-4.244
1783599845,537675701,robot_2,-1.321,-3.904
1783599845,537709867,robot_0,2.365,-2.794
1783599845,537725335,robot_1,2.440,-4.222
1783599845,537738615,robot_4,-2.416,2.579
1783599845,537750839,robot_3,-1.825,-4.260
1783599845,757047282,robot_2,-1.349,-3.887
1783599845,757076496,robot_0,2.346,-2.859
1783599845,757092466,robot_1,2.440,-4.222
1783599845,757105780,robot_4,-2.416,2.579
1783599845,757118206,robot_3,-1.827,-4.297
1783599845,976719411,robot_2,-1.373,-3.866
1783599845,976740048,robot_0,2.325,-2.928
1783599845,976749449,robot_1,2.440,-4.222
1783599845,976757082,robot_4,-2.416,2.579
1783599845,976764321,robot_3,-1.824,-4.333
1783599846,196056266,robot_2,-1.394,-3.840
1783599846,196078146,robot_0,2.306,-2.995
1783599846,196088041,robot_1,2.440,-4.223
1783599846,196095719,robot_4,-2.402,2.570
1783599846,196103193,robot_3,-1.814,-4.368
1783599846,397023429,robot_2,-1.408,-3.815
1783599846,397050815,robot_0,2.298,-3.024
1783599846,397064704,robot_1,2.440,-4.223
1783599846,397076914,robot_4,-2.364,2.553
1783599846,397088596,robot_3,-1.800,-4.399
1783599846,616127527,robot_2,-1.416,-3.796
1783599846,616155216,robot_0,2.292,-3.056
1783599846,616169374,robot_1,2.440,-4.223
1783599846,616181820,robot_4,-2.339,2.544
1783599846,616192685,robot_3,-1.789,-4.417
1783599846,816478560,robot_2,-1.404,-3.846
1783599846,816508063,robot_0,2.290,-3.085
1783599846,816524425,robot_1,2.440,-4.223
1783599846,816539025,robot_4,-2.301,2.539
1783599846,816553107,robot_3,-1.809,-4.393
1783599847,36639205,robot_2,-1.395,-3.890
1783599847,36671131,robot_0,2.292,-3.117
1783599847,36686686,robot_1,2.440,-4.223
1783599847,36700217,robot_4,-2.263,2.539
1783599847,36713313,robot_3,-1.824,-4.375
1783599847,237248423,robot_2,-1.387,-3.928
1783599847,237277131,robot_0,2.298,-3.146
1783599847,237291251,robot_1,2.440,-4.223
1783599847,237304503,robot_4,-2.241,2.543
1783599847,237316226,robot_3,-1.833,-4.364
1783599847,456183059,robot_2,-1.380,-3.960
1783599847,456204501,robot_0,2.308,-3.176
1783599847,456212684,robot_1,2.440,-4.223
1783599847,456219674,robot_4,-2.202,2.556
1783599847,456226284,robot_3,-1.850,-4.345
1783599847,656522528,robot_2,-1.380,-3.960
1783599847,656551305,robot_0,2.321,-3.203
1783599847,656565841,robot_1,2.441,-4.223
1783599847,656578542,robot_4,-2.185,2.565
1783599847,656590207,robot_3,-1.857,-4.336
1783599847,856802500,robot_2,-1.380,-3.960
1783599847,856831306,robot_0,2.351,-3.253
1783599847,856846592,robot_1,2.441,-4.223
1783599847,856859635,robot_4,-2.155,2.587
1783599847,856871923,robot_3,-1.872,-4.319
1783599848,56894703,robot_2,-1.380,-3.960
1783599848,56922277,robot_0,2.376,-3.295
1783599848,56937109,robot_1,2.441,-4.223
1783599848,56949390,robot_4,-2.134,2.608
1783599848,56961280,robot_3,-1.884,-4.305
1783599848,276082580,robot_2,-1.380,-3.960
1783599848,276109781,robot_0,2.398,-3.345
1783599848,276123486,robot_1,2.441,-4.223
1783599848,276135138,robot_4,-2.117,2.632
1783599848,276146007,robot_3,-1.896,-4.290
1783599848,479102724,robot_2,-1.380,-3.960
1783599848,479144461,robot_0,2.416,-3.399
1783599848,479164701,robot_1,2.441,-4.223
1783599848,479181453,robot_4,-2.099,2.673
1783599848,479197081,robot_3,-1.932,-4.248
1783599848,696173160,robot_2,-1.380,-3.960
1783599848,696194519,robot_0,2.424,-3.431
1783599848,696203357,robot_1,2.449,-4.199
1783599848,696211098,robot_4,-2.085,2.714
1783599848,696218589,robot_3,-1.965,-4.210
1783599848,896192197,robot_2,-1.379,-3.961
1783599848,896212101,robot_0,2.426,-3.460
1783599848,896219917,robot_1,2.461,-4.163
1783599848,896226599,robot_4,-2.067,2.774
1783599848,896232919,robot_3,-2.010,-4.157
1783599849,96911189,robot_2,-1.379,-3.968
1783599849,96937267,robot_0,2.426,-3.475
1783599849,96950284,robot_1,2.466,-4.146
1783599849,96961373,robot_4,-2.049,2.833
1783599849,96970728,robot_3,-2.045,-4.115
1783599849,297239688,robot_2,-1.378,-3.990
1783599849,297267669,robot_0,2.419,-3.503
1783599849,297281245,robot_1,2.477,-4.114
1783599849,297293331,robot_4,-2.036,2.877
1783599849,297304596,robot_3,-2.083,-4.071
1783599849,516282569,robot_2,-1.377,-4.006
1783599849,516303607,robot_0,2.414,-3.514
1783599849,516312496,robot_1,2.486,-4.099
1783599849,516319213,robot_4,-2.030,2.900
1783599849,516326297,robot_3,-2.132,-4.013
1783599849,716573701,robot_2,-1.377,-4.006
1783599849,716602522,robot_0,2.427,-3.488
1783599849,716618388,robot_1,2.472,-4.125
1783599849,716631510,robot_4,-2.027,2.921
1783599849,716644216,robot_3,-2.160,-3.980
1783599849,916586035,robot_2,-1.377,-4.006
1783599849,916604100,robot_0,2.446,-3.462
1783599849,916611670,robot_1,2.454,-4.151
1783599849,916618261,robot_4,-2.026,2.943
1783599849,916624490,robot_3,-2.179,-3.957
1783599850,136481676,robot_2,-1.377,-4.006
1783599850,136510021,robot_0,2.470,-3.437
1783599850,136523546,robot_1,2.429,-4.176
1783599850,136535473,robot_4,-2.027,2.966
1783599850,136546520,robot_3,-2.189,-3.946
1783599850,357450601,robot_2,-1.377,-4.006
1783599850,357476186,robot_0,2.499,-3.416
1783599850,357489754,robot_1,2.401,-4.197
1783599850,357501350,robot_4,-2.031,2.989
1783599850,357512353,robot_3,-2.230,-3.898
1783599850,576018558,robot_2,-1.377,-4.006
1783599850,576038479,robot_0,2.530,-3.400
1783599850,576046276,robot_1,2.369,-4.213
1783599850,576052425,robot_4,-2.037,3.012
1783599850,576058734,robot_3,-2.271,-3.850
1783599850,776450025,robot_2,-1.377,-4.006
1783599850,776481680,robot_0,2.543,-3.395
1783599850,776495425,robot_1,2.354,-4.219
1783599850,776505987,robot_4,-2.049,3.040
1783599850,776516559,robot_3,-2.299,-3.818
1783599850,977483957,robot_2,-1.377,-4.006
1783599850,977518976,robot_0,2.487,-3.408
1783599850,977534694,robot_1,2.354,-4.219
1783599850,977547276,robot_4,-2.073,3.089
1783599850,977559443,robot_3,-2.333,-3.780
1783599851,196727325,robot_2,-1.377,-4.006
1783599851,196761625,robot_0,2.443,-3.417
1783599851,196777130,robot_1,2.354,-4.219
1783599851,196791458,robot_4,-2.098,3.143
1783599851,196804850,robot_3,-2.354,-3.756
1783599851,416493603,robot_2,-1.377,-4.006
1783599851,416522985,robot_0,2.374,-3.432
1783599851,416538207,robot_1,2.354,-4.219
1783599851,416550938,robot_4,-2.117,3.199
1783599851,416562581,robot_3,-2.392,-3.714
1783599851,636799290,robot_2,-1.378,-4.006
1783599851,636819938,robot_0,2.330,-3.442
1783599851,636829819,robot_1,2.354,-4.219
1783599851,636837221,robot_4,-2.129,3.257
1783599851,636844371,robot_3,-2.416,-3.688
1783599851,856142113,robot_2,-1.378,-4.006
1783599851,856170987,robot_0,2.262,-3.457
1783599851,856185959,robot_1,2.354,-4.219
1783599851,856198323,robot_4,-2.134,3.316
1783599851,856209877,robot_3,-2.446,-3.655
1783599852,56778385,robot_2,-1.378,-4.007
1783599852,56810573,robot_0,2.214,-3.468
1783599852,56825332,robot_1,2.354,-4.219
1783599852,56838266,robot_4,-2.132,3.370
1783599852,56850371,robot_3,-2.471,-3.627
1783599852,257713562,robot_2,-1.378,-4.007
1783599852,257738209,robot_0,2.174,-3.476
1783599852,257747382,robot_1,2.354,-4.219
1783599852,257754912,robot_4,-2.126,3.417
1783599852,257762848,robot_3,-2.488,-3.609
1783599852,458456481,robot_2,-1.378,-4.007
1783599852,458496542,robot_0,2.143,-3.483
1783599852,458514065,robot_1,2.354,-4.219
1783599852,458528796,robot_4,-2.119,3.450
1783599852,458542210,robot_3,-2.512,-3.582
1783599852,677523137,robot_2,-1.378,-4.007
1783599852,677560605,robot_0,2.120,-3.488
1783599852,677578841,robot_1,2.355,-4.220
1783599852,677593924,robot_4,-2.111,3.484
1783599852,677607882,robot_3,-2.523,-3.569
1783599852,896850166,robot_2,-1.378,-4.007
1783599852,896874041,robot_0,2.053,-3.503
1783599852,896884305,robot_1,2.355,-4.220
1783599852,896892579,robot_4,-2.104,3.514
1783599852,896900282,robot_3,-2.551,-3.539
1783599853,97143359,robot_2,-1.379,-4.007
1783599853,97169264,robot_0,2.014,-3.511
1783599853,97182322,robot_1,2.355,-4.220
1783599853,97192701,robot_4,-2.094,3.555
1783599853,97202117,robot_3,-2.575,-3.512
1783599853,297621752,robot_2,-1.379,-4.007
1783599853,297649716,robot_0,1.969,-3.521
1783599853,297661066,robot_1,2.356,-4.220
1783599853,297670651,robot_4,-2.081,3.611
1783599853,297679191,robot_3,-2.601,-3.484
1783599853,518447449,robot_2,-1.378,-4.007
1783599853,518481477,robot_0,1.909,-3.534
1783599853,518499178,robot_1,2.356,-4.220
1783599853,518512441,robot_4,-2.069,3.664
1783599853,518524398,robot_3,-2.637,-3.444
1783599853,737644831,robot_2,-1.378,-4.006
1783599853,737678151,robot_0,1.860,-3.541
1783599853,737694765,robot_1,2.364,-4.192
1783599853,737708832,robot_4,-2.060,3.712
1783599853,737721882,robot_3,-2.657,-3.421
1783599853,956974715,robot_2,-1.378,-4.006
1783599853,956998197,robot_0,1.794,-3.544
1783599853,957009134,robot_1,2.375,-4.150
1783599853,957016549,robot_4,-2.057,3.761
1783599853,957023764,robot_3,-2.694,-3.380
1783599854,175802448,robot_2,-1.377,-4.006
1783599854,175825146,robot_0,1.748,-3.542
1783599854,175834739,robot_1,2.380,-4.131
1783599854,175842536,robot_4,-2.061,3.810
1783599854,175850187,robot_3,-2.714,-3.358
1783599854,375933650,robot_2,-1.377,-4.006
1783599854,375957047,robot_0,1.689,-3.533
1783599854,375966322,robot_1,2.387,-4.105
1783599854,375975519,robot_4,-2.069,3.853
1783599854,375984610,robot_3,-2.752,-3.316
1783599854,576506921,robot_2,-1.377,-4.006
1783599854,576527341,robot_0,1.643,-3.523
1783599854,576536353,robot_1,2.390,-4.092
1783599854,576544332,robot_4,-2.082,3.896
1783599854,576551424,robot_3,-2.784,-3.280
1783599854,776798567,robot_2,-1.377,-4.006
1783599854,776824780,robot_0,1.592,-3.505
1783599854,776833783,robot_1,2.403,-4.047
1783599854,776840988,robot_4,-2.100,3.936
1783599854,776847912,robot_3,-2.791,-3.273
1783599854,977033702,robot_2,-1.377,-4.006
1783599854,977056484,robot_0,1.536,-3.480
1783599854,977065332,robot_1,2.418,-3.988
1783599854,977071858,robot_4,-2.128,3.984
1783599854,977078528,robot_3,-2.834,-3.226
1783599855,197159625,robot_2,-1.377,-4.006
1783599855,197179523,robot_0,1.519,-3.472
1783599855,197188087,robot_1,2.428,-3.940
1783599855,197195389,robot_4,-2.161,4.036
1783599855,197202404,robot_3,-2.883,-3.171
1783599855,416186364,robot_2,-1.378,-4.006
1783599855,416209930,robot_0,1.489,-3.456
1783599855,416221612,robot_1,2.435,-3.874
1783599855,416231148,robot_4,-2.187,4.086
1783599855,416240393,robot_3,-2.932,-3.117
1783599855,616329167,robot_2,-1.378,-4.006
1783599855,616347850,robot_0,1.466,-3.444
1783599855,616355900,robot_1,2.437,-3.831
1783599855,616362879,robot_4,-2.204,4.132
1783599855,616369624,robot_3,-2.963,-3.082
1783599855,816760822,robot_2,-1.378,-4.007
1783599855,816787286,robot_0,1.437,-3.429
1783599855,816801393,robot_1,2.432,-3.771
1783599855,816812810,robot_4,-2.213,4.172
1783599855,816823446,robot_3,-2.963,-3.082
1783599856,37481611,robot_2,-1.378,-4.007
1783599856,37501107,robot_0,1.412,-3.416
1783599856,37510014,robot_1,2.423,-3.712
1783599856,37516718,robot_4,-2.220,4.213
1783599856,37523244,robot_3,-2.963,-3.082
1783599856,255377295,robot_2,-1.378,-4.007
1783599856,255399313,robot_0,1.387,-3.403
1783599856,255406646,robot_1,2.408,-3.659
1783599856,255412415,robot_4,-2.220,4.213
1783599856,255418157,robot_3,-2.963,-3.082
1783599856,457231611,robot_2,-1.378,-4.007
1783599856,457259581,robot_0,1.357,-3.387
1783599856,457273921,robot_1,2.389,-3.611
1783599856,457285462,robot_4,-2.220,4.213
1783599856,457296678,robot_3,-2.963,-3.082
1783599856,657529423,robot_2,-1.378,-4.007
1783599856,657558744,robot_0,1.342,-3.380
1783599856,657573355,robot_1,2.365,-3.566
1783599856,657585306,robot_4,-2.221,4.213
1783599856,657596121,robot_3,-2.967,-3.078
1783599856,875968484,robot_2,-1.378,-4.006
1783599856,875993355,robot_0,1.309,-3.363
1783599856,876001475,robot_1,2.332,-3.520
1783599856,876008133,robot_4,-2.221,4.213
1783599856,876014668,robot_3,-3.001,-3.050
1783599857,76661169,robot_2,-1.377,-4.006
1783599857,76681229,robot_0,1.292,-3.354
1783599857,76689736,robot_1,2.298,-3.482
1783599857,76697323,robot_4,-2.221,4.213
1783599857,76704789,robot_3,-3.018,-3.036
1783599857,277088934,robot_2,-1.377,-4.006
1783599857,277110819,robot_0,1.263,-3.339
1783599857,277121761,robot_1,2.259,-3.449
1783599857,277130391,robot_4,-2.221,4.213
1783599857,277138749,robot_3,-3.035,-3.022
1783599857,499410230,robot_2,-1.377,-4.006
1783599857,499446618,robot_0,1.232,-3.323
1783599857,499462909,robot_1,2.215,-3.419
1783599857,499475625,robot_4,-2.221,4.213
1783599857,499487824,robot_3,-3.064,-2.997
1783599857,718036256,robot_2,-1.377,-4.006
1783599857,718058735,robot_0,1.231,-3.322
1783599857,718069911,robot_1,2.211,-3.416
1783599857,718080882,robot_4,-2.222,4.213
1783599857,718089521,robot_3,-3.069,-2.994
1783599857,939004985,robot_2,-1.377,-4.006
1783599857,939034369,robot_0,1.231,-3.322
1783599857,939050359,robot_1,2.211,-3.416
1783599857,939062893,robot_4,-2.222,4.213
1783599857,939074476,robot_3,-3.069,-2.994
1783599858,156003241,robot_2,-1.377,-4.006
1783599858,156030431,robot_0,1.231,-3.322
1783599858,156045974,robot_1,2.211,-3.416
1783599858,156058866,robot_4,-2.222,4.213
1783599858,156070780,robot_3,-3.069,-2.994
1783599858,356101021,robot_2,-1.377,-4.006
1783599858,356120970,robot_0,1.231,-3.322
1783599858,356129806,robot_1,2.211,-3.415
1783599858,356137768,robot_4,-2.222,4.213
1783599858,356145398,robot_3,-3.069,-2.994
1783599858,576605531,robot_2,-1.378,-4.006
1783599858,576643860,robot_0,1.231,-3.322
1783599858,576659331,robot_1,2.211,-3.415
1783599858,576672888,robot_4,-2.222,4.214
1783599858,576685931,robot_3,-3.069,-2.994
1783599858,795504064,robot_2,-1.378,-4.007
1783599858,795522440,robot_0,1.231,-3.321
1783599858,795529753,robot_1,2.211,-3.415
1783599858,795535782,robot_4,-2.222,4.214
1783599858,795541147,robot_3,-3.069,-2.994
1783599858,997584769,robot_2,-1.378,-4.007
1783599858,997605346,robot_0,1.231,-3.321
1783599858,997613459,robot_1,2.211,-3.414
1783599858,997620027,robot_4,-2.222,4.214
1783599858,997625670,robot_3,-3.069,-2.994
1783599859,215491733,robot_2,-1.378,-4.007
1783599859,215509629,robot_0,1.231,-3.321
1783599859,215517409,robot_1,2.210,-3.414
1783599859,215523579,robot_4,-2.222,4.214
1783599859,215529147,robot_3,-3.069,-2.994
1783599859,415867972,robot_2,-1.378,-4.007
1783599859,415889662,robot_0,1.231,-3.320
1783599859,415900127,robot_1,2.210,-3.414
1783599859,415909129,robot_4,-2.223,4.214
1783599859,415916656,robot_3,-3.069,-2.994
1783599859,616201754,robot_2,-1.378,-4.007
1783599859,616232422,robot_0,1.231,-3.320
1783599859,616248542,robot_1,2.210,-3.414
1783599859,616261711,robot_4,-2.223,4.214
1783599859,616273879,robot_3,-3.069,-2.994
1783599859,817499121,robot_2,-1.378,-4.007
1783599859,817520459,robot_0,1.231,-3.320
1783599859,817528515,robot_1,2.210,-3.414
1783599859,817534404,robot_4,-2.223,4.214
1783599859,817540767,robot_3,-3.069,-2.994
1783599860,36601547,robot_2,-1.378,-4.007
1783599860,36633314,robot_0,1.231,-3.320
1783599860,36648829,robot_1,2.210,-3.414
1783599860,36662434,robot_4,-2.223,4.214
1783599860,36675369,robot_3,-3.069,-2.994
1783599860,238148215,robot_2,-1.378,-4.007
1783599860,238174721,robot_0,1.231,-3.320
1783599860,238189589,robot_1,2.210,-3.414
1783599860,238202559,robot_4,-2.222,4.214
1783599860,238213040,robot_3,-3.069,-2.995
1783599860,455953465,robot_2,-1.379,-4.007
1783599860,455975094,robot_0,1.231,-3.320
1783599860,455983250,robot_1,2.210,-3.414
1783599860,455989085,robot_4,-2.222,4.214
1783599860,455995126,robot_3,-3.073,-2.979
1783599860,656381156,robot_2,-1.363,-4.021
1783599860,656410522,robot_0,1.231,-3.320
1783599860,656424220,robot_1,2.211,-3.414
1783599860,656435694,robot_4,-2.222,4.214
1783599860,656446028,robot_3,-3.075,-2.969
1783599860,856476918,robot_2,-1.330,-4.046
1783599860,856495730,robot_0,1.231,-3.320
1783599860,856504625,robot_1,2.211,-3.414
1783599860,856511647,robot_4,-2.221,4.213
1783599860,856519198,robot_3,-3.074,-2.942
1783599861,76350219,robot_2,-1.310,-4.060
1783599861,76376510,robot_0,1.231,-3.320
1783599861,76392455,robot_1,2.210,-3.415
1783599861,76426596,robot_4,-2.221,4.213
1783599861,76450474,robot_3,-3.066,-2.895
1783599861,296697684,robot_2,-1.267,-4.089
1783599861,296725702,robot_0,1.231,-3.320
1783599861,296738054,robot_1,2.150,-3.428
1783599861,296749875,robot_4,-2.220,4.213
1783599861,296760979,robot_3,-3.058,-2.854
1783599861,516230003,robot_2,-1.233,-4.109
1783599861,516253691,robot_0,1.230,-3.319
1783599861,516315466,robot_1,2.086,-3.441
1783599861,516333377,robot_4,-2.220,4.213
1783599861,516347567,robot_3,-3.047,-2.797
1783599861,716886697,robot_2,-1.199,-4.124
1783599861,716911858,robot_0,1.230,-3.319
1783599861,716926137,robot_1,2.044,-3.450
1783599861,716936964,robot_4,-2.220,4.213
1783599861,716947261,robot_3,-3.042,-2.775
1783599861,936633604,robot_2,-1.152,-4.145
1783599861,936665805,robot_0,1.230,-3.319
1783599861,936682295,robot_1,2.000,-3.459
1783599861,936696069,robot_4,-2.220,4.214
1783599861,936708107,robot_3,-3.036,-2.745
1783599862,136847559,robot_2,-1.146,-4.147
1783599862,136876778,robot_0,1.226,-3.327
1783599862,136892172,robot_1,1.982,-3.462
1783599862,136904716,robot_4,-2.220,4.214
1783599862,136916946,robot_3,-3.034,-2.731
1783599862,337507221,robot_2,-1.146,-4.147
1783599862,337534084,robot_0,1.212,-3.360
1783599862,337549831,robot_1,1.952,-3.468
1783599862,337567349,robot_4,-2.220,4.214
1783599862,337583844,robot_3,-3.026,-2.695
1783599862,556381434,robot_2,-1.146,-4.148
1783599862,556412747,robot_0,1.201,-3.385
1783599862,556427178,robot_1,1.932,-3.473
1783599862,556439123,robot_4,-2.219,4.214
1783599862,556450506,robot_3,-3.019,-2.661
1783599862,757047504,robot_2,-1.146,-4.148
1783599862,757075963,robot_0,1.189,-3.412
1783599862,757090308,robot_1,1.895,-3.480
1783599862,757102452,robot_4,-2.219,4.214
1783599862,757113371,robot_3,-3.015,-2.639
1783599862,958828108,robot_2,-1.146,-4.148
1783599862,958859435,robot_0,1.175,-3.445
1783599862,958873134,robot_1,1.852,-3.489
1783599862,958885103,robot_4,-2.219,4.214
1783599862,958896236,robot_3,-3.008,-2.604
1783599863,175811278,robot_2,-1.146,-4.148
1783599863,175838209,robot_0,1.172,-3.451
1783599863,175853697,robot_1,1.845,-3.490
1783599863,175867228,robot_4,-2.219,4.214
1783599863,175879540,robot_3,-3.004,-2.583
1783599863,376378244,robot_2,-1.146,-4.148
1783599863,376398786,robot_0,1.159,-3.481
1783599863,376406762,robot_1,1.845,-3.490
1783599863,376412841,robot_4,-2.219,4.214
1783599863,376418557,robot_3,-2.997,-2.548
1783599863,595505030,robot_2,-1.146,-4.148
1783599863,595523636,robot_0,1.150,-3.502
1783599863,595531452,robot_1,1.846,-3.491
1783599863,595538030,robot_4,-2.219,4.214
1783599863,595543965,robot_3,-2.991,-2.522
1783599863,796497281,robot_2,-1.146,-4.148
1783599863,796517295,robot_0,1.142,-3.521
1783599863,796524938,robot_1,1.845,-3.491
1783599863,796530895,robot_4,-2.219,4.214
1783599863,796537258,robot_3,-2.986,-2.495
1783599864,16789487,robot_2,-1.146,-4.148
1783599864,16809630,robot_0,1.135,-3.537
1783599864,16817625,robot_1,1.845,-3.491
1783599864,16823904,robot_4,-2.219,4.214
1783599864,16829886,robot_3,-2.979,-2.462
1783599864,217006731,robot_2,-1.146,-4.148
1783599864,217037558,robot_0,1.129,-3.551
1783599864,217053859,robot_1,1.845,-3.491
1783599864,217067530,robot_4,-2.219,4.214
1783599864,217080068,robot_3,-2.976,-2.448
1783599864,438490206,robot_2,-1.146,-4.149
1783599864,438516310,robot_0,1.120,-3.572
1783599864,438528821,robot_1,1.845,-3.491
1783599864,438539034,robot_4,-2.219,4.214
1783599864,438548070,robot_3,-2.971,-2.420
1783599864,656418412,robot_2,-1.146,-4.149
1783599864,656438008,robot_0,1.115,-3.583
1783599864,656446697,robot_1,1.845,-3.491
1783599864,656453336,robot_4,-2.219,4.214
1783599864,656460995,robot_3,-2.968,-2.404
1783599864,876253028,robot_2,-1.146,-4.149
1783599864,876269519,robot_0,1.099,-3.621
1783599864,876276807,robot_1,1.845,-3.491
1783599864,876283113,robot_4,-2.219,4.214
1783599864,876288533,robot_3,-2.956,-2.345
1783599865,95960261,robot_2,-1.146,-4.150
1783599865,95982998,robot_0,1.078,-3.669
1783599865,95993567,robot_1,1.842,-3.490
1783599865,96001702,robot_4,-2.219,4.214
1783599865,96010147,robot_3,-2.946,-2.296
1783599865,296871384,robot_2,-1.145,-4.150
1783599865,296907343,robot_0,1.052,-3.729
1783599865,296927273,robot_1,1.805,-3.484
1783599865,296943876,robot_4,-2.220,4.214
1783599865,296958915,robot_3,-2.937,-2.251
1783599865,497905626,robot_2,-1.145,-4.150
1783599865,497947874,robot_0,1.026,-3.790
1783599865,497968196,robot_1,1.771,-3.478
1783599865,497984881,robot_4,-2.220,4.214
1783599865,498000858,robot_3,-2.925,-2.194
1783599865,716014089,robot_2,-1.145,-4.150
1783599865,716042145,robot_0,1.006,-3.835
1783599865,716057432,robot_1,1.744,-3.473
1783599865,716070510,robot_4,-2.220,4.214
1783599865,716082661,robot_3,-2.917,-2.156
1783599865,916487038,robot_2,-1.145,-4.150
1783599865,916516664,robot_0,0.982,-3.890
1783599865,916533053,robot_1,1.707,-3.466
1783599865,916547029,robot_4,-2.221,4.214
1783599865,916559516,robot_3,-2.906,-2.100
1783599866,116541164,robot_2,-1.146,-4.150
1783599866,116566641,robot_0,0.968,-3.923
1783599866,116579850,robot_1,1.688,-3.463
1783599866,116591087,robot_4,-2.221,4.214
1783599866,116601001,robot_3,-2.901,-2.077
1783599866,317538793,robot_2,-1.146,-4.149
1783599866,317567023,robot_0,0.951,-3.963
1783599866,317581603,robot_1,1.651,-3.457
1783599866,317593177,robot_4,-2.221,4.214
1783599866,317603943,robot_3,-2.897,-2.056
1783599866,536100956,robot_2,-1.146,-4.149
1783599866,536132019,robot_0,0.938,-3.992
1783599866,536148014,robot_1,1.623,-3.451
1783599866,536161389,robot_4,-2.221,4.214
1783599866,536173339,robot_3,-2.884,-1.992
1783599866,755809781,robot_2,-1.146,-4.148
1783599866,755836399,robot_0,0.938,-3.992
1783599866,755850604,robot_1,1.593,-3.442
1783599866,755862286,robot_4,-2.221,4.214
1783599866,755872974,robot_3,-2.871,-1.925
1783599866,957776073,robot_2,-1.146,-4.148
1783599866,957801177,robot_0,0.938,-3.992
1783599866,957812689,robot_1,1.561,-3.429
1783599866,957821184,robot_4,-2.221,4.214
1783599866,957830106,robot_3,-2.859,-1.872
1783599867,177373819,robot_2,-1.146,-4.147
1783599867,177403994,robot_0,0.937,-3.992
1783599867,177417631,robot_1,1.542,-3.419
1783599867,177428348,robot_4,-2.220,4.214
1783599867,177438065,robot_3,-2.842,-1.815
1783599867,395515469,robot_2,-1.145,-4.147
1783599867,395538571,robot_0,0.937,-3.992
1783599867,395549058,robot_1,1.509,-3.398
1783599867,395557443,robot_4,-2.220,4.214
1783599867,395565318,robot_3,-2.820,-1.760
1783599867,596404955,robot_2,-1.138,-4.151
1783599867,596428204,robot_0,0.937,-3.992
1783599867,596438680,robot_1,1.495,-3.387
1783599867,596446115,robot_4,-2.220,4.214
1783599867,596454364,robot_3,-2.797,-1.711
1783599867,796510948,robot_2,-1.095,-4.174
1783599867,796541600,robot_0,0.937,-3.992
1783599867,796557760,robot_1,1.462,-3.355
1783599867,796570704,robot_4,-2.220,4.214
1783599867,796582491,robot_3,-2.770,-1.663
1783599867,996880506,robot_2,-1.061,-4.196
1783599867,996913548,robot_0,0.937,-3.992
1783599867,996930095,robot_1,1.428,-3.321
1783599867,996943414,robot_4,-2.220,4.214
1783599867,996955586,robot_3,-2.739,-1.618
1783599868,216162682,robot_2,-1.060,-4.196
1783599868,216191769,robot_0,0.937,-3.992
1783599868,216207829,robot_1,1.403,-3.295
1783599868,216220815,robot_4,-2.220,4.214
1783599868,216232695,robot_3,-2.703,-1.572
1783599868,436667860,robot_2,-1.060,-4.195
1783599868,436700793,robot_0,0.937,-3.992
1783599868,436716806,robot_1,1.364,-3.255
1783599868,436730123,robot_4,-2.220,4.214
1783599868,436742697,robot_3,-2.697,-1.565
1783599868,637095630,robot_2,-1.060,-4.195
1783599868,637128780,robot_0,0.937,-3.992
1783599868,637144797,robot_1,1.345,-3.235
1783599868,637158546,robot_4,-2.221,4.214
1783599868,637170705,robot_3,-2.697,-1.565
1783599868,856218127,robot_2,-1.060,-4.195
1783599868,856238490,robot_0,0.937,-3.992
1783599868,856247578,robot_1,1.304,-3.193
1783599868,856254578,robot_4,-2.221,4.214
1783599868,856261077,robot_3,-2.697,-1.565
1783599869,57096403,robot_2,-1.060,-4.195
1783599869,57127685,robot_0,0.937,-3.992
1783599869,57145625,robot_1,1.275,-3.163
1783599869,57160052,robot_4,-2.220,4.214
1783599869,57174638,robot_3,-2.697,-1.565
1783599869,276185254,robot_2,-1.059,-4.195
1783599869,276204952,robot_0,0.937,-3.992
1783599869,276214603,robot_1,1.238,-3.125
1783599869,276221832,robot_4,-2.220,4.214
1783599869,276229858,robot_3,-2.696,-1.565
1783599869,476490151,robot_2,-1.059,-4.195
1783599869,476511806,robot_0,0.937,-3.992
1783599869,476519922,robot_1,1.213,-3.099
1783599869,476526740,robot_4,-2.220,4.214
1783599869,476533130,robot_3,-2.696,-1.566
1783599869,696159539,robot_2,-1.059,-4.195
1783599869,696182953,robot_0,0.937,-3.992
1783599869,696193275,robot_1,1.196,-3.081
1783599869,696201209,robot_4,-2.220,4.214
1783599869,696208907,robot_3,-2.696,-1.566
1783599869,896188226,robot_2,-1.059,-4.195
1783599869,896208039,robot_0,0.937,-3.992
1783599869,896217053,robot_1,1.170,-3.054
1783599869,896224196,robot_4,-2.220,4.214
1783599869,896230707,robot_3,-2.696,-1.566
1783599870,96274499,robot_2,-1.059,-4.195
1783599870,96295283,robot_0,0.937,-3.992
1783599870,96304864,robot_1,1.156,-3.040
1783599870,96313309,robot_4,-2.220,4.214
1783599870,96320767,robot_3,-2.695,-1.566
1783599870,316779691,robot_2,-1.059,-4.195
1783599870,316802829,robot_0,0.937,-3.992
1783599870,316811554,robot_1,1.127,-3.010
1783599870,316819639,robot_4,-2.219,4.214
1783599870,316826352,robot_3,-2.695,-1.566
1783599870,537983748,robot_2,-1.058,-4.195
1783599870,538007530,robot_0,0.937,-3.992
1783599870,538017487,robot_1,1.106,-2.988
1783599870,538025863,robot_4,-2.219,4.214
1783599870,538033984,robot_3,-2.695,-1.566
1783599870,756330490,robot_2,-1.058,-4.195
1783599870,756354284,robot_0,0.937,-3.992
1783599870,756365835,robot_1,1.082,-2.964
1783599870,756375438,robot_4,-2.219,4.214
1783599870,756384814,robot_3,-2.695,-1.566
1783599870,957181996,robot_2,-1.057,-4.195
1783599870,957215419,robot_0,0.944,-3.989
1783599870,957226380,robot_1,1.053,-2.934
1783599870,957234716,robot_4,-2.219,4.215
1783599870,957242133,robot_3,-2.696,-1.565
1783599871,176300545,robot_2,-1.057,-4.195
1783599871,176334224,robot_0,0.967,-3.947
1783599871,176350708,robot_1,1.036,-2.916
1783599871,176363593,robot_4,-2.219,4.215
1783599871,176375731,robot_3,-2.696,-1.565
1783599871,377490375,robot_2,-1.056,-4.196
1783599871,377513485,robot_0,0.981,-3.903
1783599871,377523057,robot_1,1.011,-2.890
1783599871,377530296,robot_4,-2.219,4.215
1783599871,377537453,robot_3,-2.697,-1.565
1783599871,577559699,robot_2,-1.056,-4.196
1783599871,577584091,robot_0,0.991,-3.851
1783599871,577594847,robot_1,0.998,-2.876
1783599871,577602685,robot_4,-2.219,4.215
1783599871,577610898,robot_3,-2.697,-1.565
1783599871,796445587,robot_2,-1.056,-4.197
1783599871,796477242,robot_0,0.993,-3.794
1783599871,796494779,robot_1,0.955,-2.832
1783599871,796508621,robot_4,-2.219,4.215
1783599871,796521413,robot_3,-2.697,-1.565
1783599871,998151195,robot_2,-1.056,-4.197
1783599871,998186944,robot_0,0.987,-3.747
1783599871,998204004,robot_1,0.910,-2.786
1783599871,998218174,robot_4,-2.219,4.215
1783599871,998231040,robot_3,-2.697,-1.565
1783599872,198626205,robot_2,-1.078,-4.203
1783599872,198652644,robot_0,0.973,-3.701
1783599872,198663219,robot_1,0.885,-2.759
1783599872,198672050,robot_4,-2.219,4.215
1783599872,198681460,robot_3,-2.697,-1.565
1783599872,418013053,robot_2,-1.112,-4.206
1783599872,418062150,robot_0,0.951,-3.655
1783599872,418078723,robot_1,0.854,-2.718
1783599872,418089163,robot_4,-2.219,4.215
1783599872,418099213,robot_3,-2.697,-1.565
1783599872,617976972,robot_2,-1.127,-4.205
1783599872,618008414,robot_0,0.924,-3.631
1783599872,618021849,robot_1,0.842,-2.697
1783599872,618032159,robot_4,-2.219,4.215
1783599872,618041467,robot_3,-2.696,-1.565
1783599872,837850507,robot_2,-1.160,-4.197
1783599872,837889276,robot_0,0.901,-3.629
1783599872,837908531,robot_1,0.826,-2.650
1783599872,837924959,robot_4,-2.219,4.215
1783599872,837940056,robot_3,-2.696,-1.565
1783599873,37978553,robot_2,-1.176,-4.191
1783599873,38017721,robot_0,0.892,-3.629
1783599873,38037596,robot_1,0.819,-2.615
1783599873,38053089,robot_4,-2.219,4.215
1783599873,38068127,robot_3,-2.696,-1.565
1783599873,258944256,robot_2,-1.219,-4.162
1783599873,258985223,robot_0,0.890,-3.630
1783599873,259005747,robot_1,0.818,-2.576
1783599873,259023254,robot_4,-2.219,4.214
1783599873,259038832,robot_3,-2.695,-1.565
1783599873,478371164,robot_2,-1.269,-4.121
1783599873,478401983,robot_0,0.888,-3.630
1783599873,478413834,robot_1,0.824,-2.530
1783599873,478421904,robot_4,-2.219,4.214
1783599873,478429649,robot_3,-2.695,-1.565
1783599873,678970289,robot_2,-1.311,-4.080
1783599873,679014248,robot_0,0.885,-3.630
1783599873,679034779,robot_1,0.829,-2.508
1783599873,679051980,robot_4,-2.219,4.214
1783599873,679067742,robot_3,-2.696,-1.565
1783599873,897254377,robot_2,-1.353,-4.032
1783599873,897291893,robot_0,0.872,-3.633
1783599873,897313009,robot_1,0.837,-2.477
1783599873,897330948,robot_4,-2.220,4.214
1783599873,897347161,robot_3,-2.696,-1.565
1783599874,98188475,robot_2,-1.387,-3.984
1783599874,98241796,robot_0,0.853,-3.638
1783599874,98263424,robot_1,0.843,-2.457
1783599874,98282138,robot_4,-2.220,4.214
1783599874,98299560,robot_3,-2.696,-1.565
1783599874,317631152,robot_2,-1.420,-3.929
1783599874,317659540,robot_0,0.839,-3.642
1783599874,317673320,robot_1,0.853,-2.436
1783599874,317684411,robot_4,-2.220,4.214
1783599874,317694946,robot_3,-2.697,-1.565
1783599874,518878566,robot_2,-1.446,-3.876
1783599874,518908145,robot_0,0.840,-3.643
1783599874,518924053,robot_1,0.863,-2.418
1783599874,518935279,robot_4,-2.220,4.214
1783599874,518946337,robot_3,-2.697,-1.564
1783599874,737619077,robot_2,-1.460,-3.841
1783599874,737646130,robot_0,0.840,-3.643
1783599874,737657942,robot_1,0.877,-2.399
1783599874,737667755,robot_4,-2.220,4.214
1783599874,737677404,robot_3,-2.697,-1.564
1783599874,957738547,robot_2,-1.470,-3.809
1783599874,957777863,robot_0,0.840,-3.643
1783599874,957797906,robot_1,0.892,-2.382
1783599874,957814215,robot_4,-2.221,4.214
1783599874,957829434,robot_3,-2.693,-1.561
1783599875,176707973,robot_2,-1.492,-3.738
1783599875,176730671,robot_0,0.840,-3.643
1783599875,176742432,robot_1,0.910,-2.367
1783599875,176751369,robot_4,-2.221,4.214
1783599875,176759827,robot_3,-2.668,-1.546
1783599875,376808237,robot_2,-1.512,-3.677
1783599875,376836979,robot_0,0.840,-3.643
1783599875,376853648,robot_1,0.937,-2.349
1783599875,376866962,robot_4,-2.221,4.214
1783599875,376879389,robot_3,-2.625,-1.520
1783599875,577089007,robot_2,-1.519,-3.655
1783599875,577123157,robot_0,0.840,-3.643
1783599875,577140378,robot_1,0.973,-2.328
1783599875,577154502,robot_4,-2.220,4.214
1783599875,577168092,robot_3,-2.588,-1.498
1783599875,777892164,robot_2,-1.528,-3.634
1783599875,777936443,robot_0,0.840,-3.643
1783599875,778023475,robot_1,1.005,-2.310
1783599875,778048954,robot_4,-2.220,4.214
1783599875,778067839,robot_3,-2.554,-1.478
1783599875,978315054,robot_2,-1.540,-3.615
1783599875,978360987,robot_0,0.840,-3.643
1783599875,978384956,robot_1,1.033,-2.294
1783599875,978436290,robot_4,-2.220,4.214
1783599875,978455362,robot_3,-2.501,-1.446
1783599876,196227697,robot_2,-1.561,-3.591
1783599876,196256618,robot_0,0.840,-3.643
1783599876,196273021,robot_1,1.082,-2.267
1783599876,196286673,robot_4,-2.220,4.214
1783599876,196299286,robot_3,-2.465,-1.425
1783599876,397419705,robot_2,-1.602,-3.556
1783599876,397458484,robot_0,0.840,-3.643
1783599876,397476245,robot_1,1.135,-2.240
1783599876,397491718,robot_4,-2.219,4.215
1783599876,397505298,robot_3,-2.421,-1.400
1783599876,616456890,robot_2,-1.651,-3.523
1783599876,616483070,robot_0,0.840,-3.643
1783599876,616496485,robot_1,1.195,-2.215
1783599876,616506328,robot_4,-2.219,4.215
1783599876,616516148,robot_3,-2.385,-1.385
1783599876,816699015,robot_2,-1.695,-3.499
1783599876,816733194,robot_0,0.840,-3.643
1783599876,816752159,robot_1,1.251,-2.198
1783599876,816767755,robot_4,-2.219,4.215
1783599876,816782120,robot_3,-2.344,-1.375
1783599877,16854456,robot_2,-1.736,-3.481
1783599877,16879448,robot_0,0.840,-3.643
1783599877,16890483,robot_1,1.309,-2.185
1783599877,16899692,robot_4,-2.219,4.215
1783599877,16908223,robot_3,-2.295,-1.370
1783599877,217224569,robot_2,-1.787,-3.460
1783599877,217249228,robot_0,0.840,-3.643
1783599877,217259129,robot_1,1.367,-2.176
1783599877,217266853,robot_4,-2.219,4.215
1783599877,217278050,robot_3,-2.274,-1.370
1783599877,417672629,robot_2,-1.845,-3.434
1783599877,417696534,robot_0,0.840,-3.643
1783599877,417707378,robot_1,1.426,-2.173
1783599877,417716384,robot_4,-2.219,4.215
1783599877,417725076,robot_3,-2.249,-1.373
1783599877,637139996,robot_2,-1.908,-3.402
1783599877,637165892,robot_0,0.841,-3.643
1783599877,637176904,robot_1,1.482,-2.174
1783599877,637185718,robot_4,-2.223,4.217
1783599877,637194889,robot_3,-2.233,-1.376
1783599877,839626614,robot_2,-1.963,-3.369
1783599877,839649522,robot_0,0.841,-3.643
1783599877,839659417,robot_1,1.530,-2.177
1783599877,839666943,robot_4,-2.272,4.236
1783599877,839674511,robot_3,-2.188,-1.382
1783599878,56524382,robot_2,-2.022,-3.330
1783599878,56549164,robot_0,0.841,-3.643
1783599878,56563111,robot_1,1.595,-2.181
1783599878,56574208,robot_4,-2.322,4.252
1783599878,56584804,robot_3,-2.131,-1.391
1783599878,257792254,robot_2,-2.073,-3.291
1783599878,257836730,robot_0,0.841,-3.643
1783599878,257856470,robot_1,1.655,-2.182
1783599878,257872594,robot_4,-2.358,4.258
1783599878,257887280,robot_3,-2.092,-1.400
1783599878,478360359,robot_2,-2.126,-3.245
1783599878,478403604,robot_0,0.841,-3.643
1783599878,478423202,robot_1,1.721,-2.178
1783599878,478437905,robot_4,-2.412,4.264
1783599878,478451728,robot_3,-2.029,-1.418
1783599878,697601810,robot_2,-2.170,-3.203
1783599878,697636556,robot_0,0.841,-3.643
1783599878,697654737,robot_1,1.786,-2.169
1783599878,697669816,robot_4,-2.438,4.267
1783599878,697684303,robot_3,-1.991,-1.433
1783599878,897897740,robot_2,-2.207,-3.165
1783599878,897936143,robot_0,0.841,-3.643
1783599878,897955348,robot_1,1.828,-2.160
1783599878,897971584,robot_4,-2.474,4.271
1783599878,897986898,robot_3,-1.937,-1.459
1783599879,98655725,robot_2,-2.233,-3.140
1783599879,98708570,robot_0,0.841,-3.643
1783599879,98732498,robot_1,1.860,-2.152
1783599879,98753431,robot_4,-2.495,4.273
1783599879,98771254,robot_3,-1.885,-1.489
1783599879,317555146,robot_2,-2.258,-3.114
1783599879,317585481,robot_0,0.841,-3.643
1783599879,317599652,robot_1,1.901,-2.143
1783599879,317610360,robot_4,-2.546,4.279
1783599879,317621011,robot_3,-1.831,-1.526
1783599879,518010117,robot_2,-2.284,-3.087
1783599879,518041163,robot_0,0.841,-3.643
1783599879,518054525,robot_1,1.940,-2.136
1783599879,518066114,robot_4,-2.599,4.284
1783599879,518076878,robot_3,-1.803,-1.549
1783599879,718628733,robot_2,-2.308,-3.059
1783599879,718674974,robot_0,0.841,-3.643
1783599879,718697809,robot_1,1.980,-2.135
1783599879,718716665,robot_4,-2.632,4.288
1783599879,718734331,robot_3,-1.778,-1.573
1783599879,942879663,robot_2,-2.330,-3.024
1783599879,942910394,robot_0,0.841,-3.643
1783599879,942923750,robot_1,2.023,-2.140
1783599879,942934227,robot_4,-2.693,4.294
1783599879,942944732,robot_3,-1.754,-1.602
1783599880,157302815,robot_2,-2.348,-2.987
1783599880,157334179,robot_0,0.841,-3.643
1783599880,157348374,robot_1,2.065,-2.151
1783599880,157360173,robot_4,-2.729,4.298
1783599880,157371734,robot_3,-1.732,-1.633
1783599880,358808744,robot_2,-2.360,-2.952
1783599880,358841994,robot_0,0.841,-3.643
1783599880,358855945,robot_1,2.101,-2.167
1783599880,358867322,robot_4,-2.785,4.304
1783599880,358878497,robot_3,-1.715,-1.663
1783599880,577825767,robot_2,-2.368,-2.911
1783599880,577852757,robot_0,0.841,-3.643
1783599880,577865062,robot_1,2.138,-2.191
1783599880,577876083,robot_4,-2.832,4.309
1783599880,577886082,robot_3,-1.699,-1.698
1783599880,797197604,robot_2,-2.370,-2.864
1783599880,797223738,robot_0,0.841,-3.643
1783599880,797237258,robot_1,2.173,-2.218
1783599880,797247710,robot_4,-2.851,4.311
1783599880,797256444,robot_3,-1.687,-1.734
1783599880,998744209,robot_2,-2.368,-2.796
1783599880,998790568,robot_0,0.841,-3.643
1783599880,998814040,robot_1,2.203,-2.242
1783599880,998833117,robot_4,-2.918,4.318
1783599880,998851523,robot_3,-1.681,-1.759
1783599881,199160942,robot_2,-2.366,-2.768
1783599881,199200536,robot_0,0.841,-3.643
1783599881,199220962,robot_1,2.231,-2.266
1783599881,199236962,robot_4,-2.984,4.325
1783599881,199253254,robot_3,-1.675,-1.785
1783599881,417518094,robot_2,-2.366,-2.768
1783599881,417555065,robot_0,0.841,-3.643
1783599881,417575361,robot_1,2.273,-2.300
1783599881,417593242,robot_4,-3.057,4.333
1783599881,417630278,robot_3,-1.665,-1.812
1783599881,617733616,robot_2,-2.366,-2.768
1783599881,617763716,robot_0,0.841,-3.643
1783599881,617778736,robot_1,2.314,-2.334
1783599881,617790567,robot_4,-3.097,4.337
1783599881,617802253,robot_3,-1.653,-1.835
1783599881,818273611,robot_2,-2.366,-2.768
1783599881,818314544,robot_0,0.841,-3.643
1783599881,818337010,robot_1,2.342,-2.357
1783599881,818355062,robot_4,-3.097,4.337
1783599881,818371948,robot_3,-1.637,-1.856
1783599882,21910341,robot_2,-2.366,-2.768
1783599882,21955808,robot_0,0.841,-3.643
1783599882,21978105,robot_1,2.366,-2.376
1783599882,21996747,robot_4,-3.097,4.337
1783599882,22014206,robot_3,-1.618,-1.875
1783599882,238817395,robot_2,-2.366,-2.768
1783599882,238847398,robot_0,0.841,-3.643
1783599882,238863091,robot_1,2.404,-2.407
1783599882,238876195,robot_4,-3.097,4.337
1783599882,238889831,robot_3,-1.595,-1.891
1783599882,458648444,robot_2,-2.367,-2.768
1783599882,458700214,robot_0,0.841,-3.643
1783599882,458730773,robot_1,2.448,-2.437
1783599882,458756614,robot_4,-3.097,4.337
1783599882,458780591,robot_3,-1.570,-1.903
1783599882,659071375,robot_2,-2.367,-2.768
1783599882,659118096,robot_0,0.841,-3.643
1783599882,659141351,robot_1,2.491,-2.459
1783599882,659161000,robot_4,-3.097,4.337
1783599882,659178937,robot_3,-1.543,-1.914
1783599882,878382390,robot_2,-2.353,-2.742
1783599882,878421784,robot_0,0.841,-3.643
1783599882,878436109,robot_1,2.541,-2.476
1783599882,878447902,robot_4,-3.097,4.337
1783599882,878458701,robot_3,-1.478,-1.941
1783599883,79655158,robot_2,-2.333,-2.711
1783599883,79706900,robot_0,0.841,-3.643
1783599883,79733438,robot_1,2.588,-2.485
1783599883,79755871,robot_4,-3.097,4.337
1783599883,79777067,robot_3,-1.420,-1.969
1783599883,298678573,robot_2,-2.318,-2.692
1783599883,298712114,robot_0,0.841,-3.643
1783599883,298730037,robot_1,2.641,-2.488
1783599883,298743867,robot_4,-3.097,4.337
1783599883,298756303,robot_3,-1.360,-2.003
1783599883,499928511,robot_2,-2.308,-2.680
1783599883,499989151,robot_0,0.841,-3.643
1783599883,500022310,robot_1,2.689,-2.484
1783599883,500048826,robot_4,-3.097,4.337
1783599883,500071362,robot_3,-1.307,-2.037
1783599883,720537709,robot_2,-2.278,-2.645
1783599883,720588321,robot_0,0.841,-3.643
1783599883,720616008,robot_1,2.725,-2.477
1783599883,720637410,robot_4,-3.097,4.337
1783599883,720658023,robot_3,-1.261,-2.071
1783599883,941032057,robot_2,-2.234,-2.595
1783599883,941093034,robot_0,0.841,-3.643
1783599883,941125724,robot_1,2.753,-2.468
1783599883,941152894,robot_4,-3.097,4.337
1783599883,941178521,robot_3,-1.234,-2.093
1783599884,159762935,robot_2,-2.208,-2.565
1783599884,159798849,robot_0,0.841,-3.643
1783599884,159817017,robot_1,2.780,-2.456
1783599884,159833299,robot_4,-3.097,4.337
1783599884,159852247,robot_3,-1.224,-2.101
1783599884,360535223,robot_2,-2.165,-2.516
1783599884,360574308,robot_0,0.841,-3.643
1783599884,360594076,robot_1,2.804,-2.443
1783599884,360611140,robot_4,-3.097,4.337
1783599884,360627093,robot_3,-1.224,-2.101
1783599884,562845358,robot_2,-2.134,-2.480
1783599884,562896376,robot_0,0.841,-3.643
1783599884,562921683,robot_1,2.827,-2.428
1783599884,562941412,robot_4,-3.097,4.337
1783599884,562958719,robot_3,-1.224,-2.101
1783599884,778006411,robot_2,-2.092,-2.429
1783599884,778034855,robot_0,0.841,-3.643
1783599884,778049941,robot_1,2.850,-2.410
1783599884,778062178,robot_4,-3.097,4.337
1783599884,778073547,robot_3,-1.224,-2.101
1783599884,980303337,robot_2,-2.059,-2.384
1783599884,980366013,robot_0,0.841,-3.643
1783599884,980411720,robot_1,2.869,-2.391
1783599884,980442501,robot_4,-3.097,4.337
1783599884,980470408,robot_3,-1.224,-2.101
1783599885,198565283,robot_2,-2.034,-2.340
1783599885,198596313,robot_0,0.841,-3.643
1783599885,198612679,robot_1,2.905,-2.350
1783599885,198625380,robot_4,-3.097,4.337
1783599885,198637339,robot_3,-1.224,-2.101
1783599885,399791543,robot_2,-2.007,-2.281
1783599885,399832849,robot_0,0.841,-3.643
1783599885,399849708,robot_1,2.947,-2.297
1783599885,399870444,robot_4,-3.097,4.337
1783599885,399883319,robot_3,-1.224,-2.101
1783599885,618516205,robot_2,-1.997,-2.256
1783599885,618559880,robot_0,0.841,-3.643
1783599885,618581319,robot_1,2.984,-2.252
1783599885,618598150,robot_4,-3.097,4.337
1783599885,618613760,robot_3,-1.224,-2.101
1783599885,818579866,robot_2,-1.979,-2.214
1783599885,818611966,robot_0,0.841,-3.643
1783599885,818628278,robot_1,3.014,-2.215
1783599885,818657676,robot_4,-3.097,4.337
1783599885,818670422,robot_3,-1.223,-2.101
1783599886,20361101,robot_2,-1.956,-2.161
1783599886,20412871,robot_0,0.841,-3.643
1783599886,20431317,robot_1,3.054,-2.165
1783599886,20446993,robot_4,-3.097,4.337
1783599886,20460983,robot_3,-1.223,-2.101
1783599886,238806163,robot_2,-1.938,-2.119
1783599886,238846054,robot_0,0.841,-3.643
1783599886,238867778,robot_1,3.101,-2.106
1783599886,238881909,robot_4,-3.097,4.338
1783599886,238897914,robot_3,-1.223,-2.101
1783599886,440176837,robot_2,-1.917,-2.069
1783599886,440229182,robot_0,0.841,-3.643
1783599886,440259582,robot_1,3.123,-2.078
1783599886,440285180,robot_4,-3.097,4.338
1783599886,440307964,robot_3,-1.223,-2.101
1783599886,658770482,robot_2,-1.897,-2.022
1783599886,658803859,robot_0,0.841,-3.643
1783599886,658820572,robot_1,3.138,-2.056
1783599886,658832954,robot_4,-3.098,4.338
1783599886,658845202,robot_3,-1.223,-2.101
1783599886,877644571,robot_2,-1.874,-1.969
1783599886,877676189,robot_0,0.841,-3.643
1783599886,877693554,robot_1,3.152,-2.033
1783599886,877706542,robot_4,-3.098,4.339
1783599886,877720504,robot_3,-1.223,-2.101
1783599887,79189047,robot_2,-1.866,-1.949
1783599887,79242154,robot_0,0.841,-3.643
1783599887,79273440,robot_1,3.162,-2.011
1783599887,79299669,robot_4,-3.098,4.339
1783599887,79324848,robot_3,-1.223,-2.101
1783599887,298096984,robot_2,-1.852,-1.915
1783599887,298128265,robot_0,0.841,-3.643
1783599887,298143430,robot_1,3.171,-1.986
1783599887,298175082,robot_4,-3.098,4.339
1783599887,298186476,robot_3,-1.223,-2.101
1783599887,500039822,robot_2,-1.843,-1.893
1783599887,500090896,robot_0,0.841,-3.643
1783599887,500119586,robot_1,3.177,-1.963
1783599887,500141853,robot_4,-3.098,4.339
1783599887,500161656,robot_3,-1.223,-2.101
1783599887,717849903,robot_2,-1.836,-1.868
1783599887,717893482,robot_0,0.841,-3.643
1783599887,717919234,robot_1,3.182,-1.934
1783599887,717940667,robot_4,-3.110,4.327
1783599887,717960906,robot_3,-1.223,-2.101
1783599887,918524240,robot_2,-1.830,-1.837
1783599887,918559695,robot_0,0.841,-3.643
1783599887,918581252,robot_1,3.183,-1.898
1783599887,918599257,robot_4,-3.136,4.297
1783599887,918617076,robot_3,-1.223,-2.101
1783599888,120746665,robot_2,-1.828,-1.821
1783599888,120793282,robot_0,0.841,-3.643
1783599888,120817524,robot_1,3.179,-1.842
1783599888,120838589,robot_4,-3.150,4.278
1783599888,120857560,robot_3,-1.223,-2.101
1783599888,338068331,robot_2,-1.826,-1.787
1783599888,338140620,robot_0,0.841,-3.643
1783599888,338164225,robot_1,3.174,-1.791
1783599888,338184204,robot_4,-3.178,4.243
1783599888,338201886,robot_3,-1.223,-2.101
1783599888,539658319,robot_2,-1.826,-1.770
1783599888,539693001,robot_0,0.841,-3.643
1783599888,539709744,robot_1,3.168,-1.737
1783599888,539721430,robot_4,-3.201,4.214
1783599888,539734053,robot_3,-1.222,-2.101
1783599888,758006664,robot_2,-1.831,-1.724
1783599888,758042310,robot_0,0.841,-3.643
1783599888,758059220,robot_1,3.164,-1.692
1783599888,758072917,robot_4,-3.220,4.190
1783599888,758087659,robot_3,-1.222,-2.101
1783599888,960519610,robot_2,-1.841,-1.673
1783599888,960574054,robot_0,0.841,-3.643
1783599888,960597281,robot_1,3.160,-1.653
1783599888,960618108,robot_4,-3.247,4.157
1783599888,960637017,robot_3,-1.222,-2.101
1783599889,177954466,robot_2,-1.854,-1.637
1783599889,177993368,robot_0,0.841,-3.643
1783599889,178015637,robot_1,3.159,-1.649
1783599889,178033883,robot_4,-3.262,4.137
1783599889,178050973,robot_3,-1.225,-2.108
1783599889,398995003,robot_2,-1.880,-1.584
1783599889,399037361,robot_0,0.841,-3.643
1783599889,399062254,robot_1,3.159,-1.649
1783599889,399082845,robot_4,-3.299,4.091
1783599889,399099375,robot_3,-1.254,-2.163
1783599889,618483802,robot_2,-1.901,-1.553
1783599889,618522089,robot_0,0.841,-3.643
1783599889,618542006,robot_1,3.159,-1.649
1783599889,618558457,robot_4,-3.330,4.051
1783599889,618577466,robot_3,-1.271,-2.192
1783599889,837665102,robot_2,-1.946,-1.503
1783599889,837692246,robot_0,0.841,-3.643
1783599889,837705968,robot_1,3.159,-1.649
1783599889,837716979,robot_4,-3.372,3.998
1783599889,837740837,robot_3,-1.296,-2.227
1783599890,57399763,robot_2,-1.979,-1.468
1783599890,57438675,robot_0,0.841,-3.643
1783599890,57459866,robot_1,3.159,-1.649
1783599890,57478116,robot_4,-3.407,3.948
1783599890,57495083,robot_3,-1.321,-2.261
1783599890,277109471,robot_2,-1.994,-1.452
1783599890,277136581,robot_0,0.841,-3.643
1783599890,277147396,robot_1,3.159,-1.648
1783599890,277156459,robot_4,-3.430,3.912
1783599890,277165537,robot_3,-1.327,-2.269
1783599890,479798900,robot_2,-2.005,-1.439
1783599890,479840235,robot_0,0.841,-3.643
1783599890,479858808,robot_1,3.158,-1.648
1783599890,479872455,robot_4,-3.451,3.877
1783599890,479884074,robot_3,-1.351,-2.304
1783599890,697087290,robot_2,-2.013,-1.425
1783599890,697118265,robot_0,0.841,-3.643
1783599890,697134351,robot_1,3.158,-1.648
1783599890,697147732,robot_4,-3.474,3.838
1783599890,697156270,robot_3,-1.374,-2.346
1783599890,917307026,robot_2,-2.021,-1.404
1783599890,917338086,robot_0,0.841,-3.643
1783599890,917355657,robot_1,3.158,-1.648
1783599890,917370251,robot_4,-3.504,3.787
1783599890,917384005,robot_3,-1.391,-2.390
1783599891,138479925,robot_2,-2.027,-1.383
1783599891,138503737,robot_0,0.841,-3.643
1783599891,138514607,robot_1,3.158,-1.648
1783599891,138523432,robot_4,-3.539,3.735
1783599891,138531710,robot_3,-1.405,-2.434
1783599891,356806025,robot_2,-2.029,-1.360
1783599891,356836999,robot_0,0.841,-3.643
1783599891,356854454,robot_1,3.158,-1.648
1783599891,356868596,robot_4,-3.577,3.688
1783599891,356881458,robot_3,-1.421,-2.478
1783599891,576683367,robot_2,-2.028,-1.334
1783599891,576705344,robot_0,0.841,-3.643
1783599891,576715345,robot_1,3.158,-1.648
1783599891,576723546,robot_4,-3.620,3.646
1783599891,576731168,robot_3,-1.443,-2.519
1783599891,796408617,robot_2,-2.019,-1.279
1783599891,796432655,robot_0,0.841,-3.643
1783599891,796443164,robot_1,3.158,-1.648
1783599891,796451366,robot_4,-3.668,3.608
1783599891,796459487,robot_3,-1.472,-2.556
1783599891,998214473,robot_2,-2.009,-1.226
1783599891,998241891,robot_0,0.841,-3.643
1783599891,998252582,robot_1,3.158,-1.648
1783599891,998261155,robot_4,-3.715,3.579
1783599891,998268582,robot_3,-1.504,-2.584
1783599892,216580376,robot_2,-1.996,-1.162
1783599892,216602584,robot_0,0.841,-3.643
1783599892,216611848,robot_1,3.158,-1.648
1783599892,216619360,robot_4,-3.769,3.553
1783599892,216627147,robot_3,-1.543,-2.609
1783599892,417121892,robot_2,-1.987,-1.112
1783599892,417145345,robot_0,0.841,-3.643
1783599892,417155804,robot_1,3.158,-1.648
1783599892,417163627,robot_4,-3.813,3.537
1783599892,417171641,robot_3,-1.578,-2.625
1783599892,617349593,robot_2,-1.980,-1.071
1783599892,617372733,robot_0,0.841,-3.643
1783599892,617383418,robot_1,3.157,-1.648
1783599892,617401388,robot_4,-3.853,3.526
1783599892,617410862,robot_3,-1.613,-2.636
1783599892,837010488,robot_2,-1.975,-1.026
1783599892,837044174,robot_0,0.841,-3.643
1783599892,837061660,robot_1,3.157,-1.648
1783599892,837075803,robot_4,-3.895,3.516
1783599892,837088400,robot_3,-1.651,-2.644
1783599893,37465877,robot_2,-1.972,-1.002
1783599893,37493146,robot_0,0.841,-3.643
1783599893,37503046,robot_1,3.157,-1.648
1783599893,37510692,robot_4,-3.934,3.507
1783599893,37518333,robot_3,-1.687,-2.649
1783599893,257431686,robot_2,-1.972,-1.002
1783599893,257481822,robot_0,0.841,-3.643
1783599893,257498524,robot_1,3.157,-1.648
1783599893,257507468,robot_4,-3.985,3.494
1783599893,257515439,robot_3,-1.726,-2.651
1783599893,478786551,robot_2,-1.972,-1.002
1783599893,478811818,robot_0,0.841,-3.643
1783599893,478822053,robot_1,3.157,-1.648
1783599893,478829774,robot_4,-4.038,3.481
1783599893,478849285,robot_3,-1.766,-2.650
1783599893,696545477,robot_2,-1.972,-1.002
1783599893,696568035,robot_0,0.841,-3.643
1783599893,696577543,robot_1,3.157,-1.648
1783599893,696585900,robot_4,-4.103,3.466
1783599893,696593414,robot_3,-1.805,-2.647
1783599893,896611116,robot_2,-1.971,-1.002
1783599893,896630997,robot_0,0.841,-3.643
1783599893,896639099,robot_1,3.157,-1.648
1783599893,896645792,robot_4,-4.158,3.458
1783599893,896652174,robot_3,-1.853,-2.638
1783599894,96724667,robot_2,-1.971,-1.002
1783599894,96758935,robot_0,0.841,-3.643
1783599894,96775132,robot_1,3.157,-1.648
1783599894,96789202,robot_4,-4.216,3.455
1783599894,96801670,robot_3,-1.902,-2.631
1783599894,296785239,robot_2,-1.972,-1.002
1783599894,296805298,robot_0,0.841,-3.643
1783599894,296816429,robot_1,3.157,-1.648
1783599894,296828077,robot_4,-4.247,3.455
1783599894,296839425,robot_3,-1.949,-2.628
1783599894,496999900,robot_2,-1.972,-1.002
1783599894,497024032,robot_0,0.841,-3.643
1783599894,497032748,robot_1,3.157,-1.648
1783599894,497041192,robot_4,-4.272,3.456
1783599894,497048557,robot_3,-1.995,-2.632
1783599894,717043739,robot_2,-1.967,-0.980
1783599894,717086417,robot_0,0.841,-3.643
1783599894,717097226,robot_1,3.157,-1.647
1783599894,717106128,robot_4,-4.273,3.456
1783599894,717116930,robot_3,-2.045,-2.643
1783599894,918336052,robot_2,-1.959,-0.955
1783599894,918366690,robot_0,0.841,-3.643
1783599894,918383005,robot_1,3.157,-1.647
1783599894,918399713,robot_4,-4.273,3.456
1783599894,918410862,robot_3,-2.089,-2.661
1783599895,138646657,robot_2,-1.951,-0.942
1783599895,138685173,robot_0,0.841,-3.643
1783599895,138705428,robot_1,3.166,-1.643
1783599895,138721887,robot_4,-4.273,3.456
1783599895,138737631,robot_3,-2.133,-2.687
1783599895,338683163,robot_2,-1.936,-0.922
1783599895,338725309,robot_0,0.841,-3.643
1783599895,338746026,robot_1,3.221,-1.621
1783599895,338776541,robot_4,-4.273,3.456
1783599895,338792725,robot_3,-2.159,-2.707
1783599895,557261790,robot_2,-1.926,-0.911
1783599895,557296186,robot_0,0.841,-3.643
1783599895,557309940,robot_1,3.271,-1.605
1783599895,557320486,robot_4,-4.273,3.455
1783599895,557330343,robot_3,-2.176,-2.724
1783599895,758511622,robot_2,-1.907,-0.895
1783599895,758559155,robot_0,0.841,-3.643
1783599895,758580860,robot_1,3.321,-1.594
1783599895,758599759,robot_4,-4.273,3.455
1783599895,758616739,robot_3,-2.206,-2.755
1783599895,960712424,robot_2,-1.888,-0.882
1783599895,960739988,robot_0,0.841,-3.643
1783599895,960752681,robot_1,3.384,-1.586
1783599895,960761797,robot_4,-4.273,3.455
1783599895,960771092,robot_3,-2.245,-2.795
1783599896,178115015,robot_2,-1.873,-0.874
1783599896,178155968,robot_0,0.841,-3.643
1783599896,178177535,robot_1,3.436,-1.581
1783599896,178195809,robot_4,-4.273,3.455
1783599896,178213148,robot_3,-2.290,-2.843
1783599896,378292887,robot_2,-1.850,-0.864
1783599896,378326755,robot_0,0.841,-3.643
1783599896,378346552,robot_1,3.494,-1.575
1783599896,378360250,robot_4,-4.273,3.455
1783599896,378375420,robot_3,-2.332,-2.887
1783599896,598204513,robot_2,-1.824,-0.856
1783599896,598242807,robot_0,0.841,-3.643
1783599896,598263350,robot_1,3.528,-1.572
1783599896,598321802,robot_4,-4.274,3.454
1783599896,598357738,robot_3,-2.375,-2.931
1783599896,817460720,robot_2,-1.784,-0.849
1783599896,817503004,robot_0,0.841,-3.643
1783599896,817517120,robot_1,3.566,-1.569
1783599896,817527686,robot_4,-4.274,3.454
1783599896,817538278,robot_3,-2.421,-2.972
1783599897,37434181,robot_2,-1.740,-0.842
1783599897,37471668,robot_0,0.841,-3.643
1783599897,37491177,robot_1,3.598,-1.566
1783599897,37507744,robot_4,-4.275,3.454
1783599897,37523542,robot_3,-2.470,-3.009
1783599897,237994438,robot_2,-1.683,-0.833
1783599897,238030648,robot_0,0.841,-3.643
1783599897,238050435,robot_1,3.631,-1.563
1783599897,238066420,robot_4,-4.275,3.454
1783599897,238080887,robot_3,-2.518,-3.038
1783599897,457760751,robot_2,-1.621,-0.818
1783599897,457784727,robot_0,0.841,-3.643
1783599897,457795688,robot_1,3.668,-1.559
1783599897,457804340,robot_4,-4.275,3.454
1783599897,457812483,robot_3,-2.574,-3.064
1783599897,677200028,robot_2,-1.560,-0.798
1783599897,677235100,robot_0,0.841,-3.643
1783599897,677253691,robot_1,3.740,-1.552
1783599897,677269942,robot_4,-4.276,3.454
1783599897,677284253,robot_3,-2.624,-3.083
1783599897,896546753,robot_2,-1.502,-0.772
1783599897,896571024,robot_0,0.841,-3.643
1783599897,896582883,robot_1,3.813,-1.546
1783599897,896591435,robot_4,-4.276,3.454
1783599897,896599734,robot_3,-2.625,-3.084
1783599898,98589051,robot_2,-1.451,-0.744
1783599898,98631671,robot_0,0.841,-3.643
1783599898,98650360,robot_1,3.837,-1.544
1783599898,98667090,robot_4,-4.277,3.454
1783599898,98682891,robot_3,-2.625,-3.084
1783599898,317007945,robot_2,-1.398,-0.708
1783599898,317031965,robot_0,0.841,-3.643
1783599898,317042326,robot_1,3.860,-1.544
1783599898,317050824,robot_4,-4.277,3.454
1783599898,317058415,robot_3,-2.625,-3.084
1783599898,517609219,robot_2,-1.352,-0.671
1783599898,517633361,robot_0,0.841,-3.643
1783599898,517644121,robot_1,3.882,-1.548
1783599898,517652327,robot_4,-4.277,3.454
1783599898,517660557,robot_3,-2.625,-3.084
1783599898,737927364,robot_2,-1.310,-0.630
1783599898,737953243,robot_0,0.841,-3.643
1783599898,737963821,robot_1,3.904,-1.557
1783599898,737972265,robot_4,-4.277,3.454
1783599898,737980412,robot_3,-2.625,-3.084
1783599898,957976424,robot_2,-1.273,-0.585
1783599898,958014544,robot_0,0.841,-3.643
1783599898,958033919,robot_1,3.925,-1.568
1783599898,958051441,robot_4,-4.277,3.455
1783599898,958067123,robot_3,-2.625,-3.084
1783599899,158008520,robot_2,-1.245,-0.540
1783599899,158054207,robot_0,0.841,-3.643
1783599899,158067937,robot_1,3.942,-1.582
1783599899,158079370,robot_4,-4.271,3.460
1783599899,158099192,robot_3,-2.625,-3.083
1783599899,377228928,robot_2,-1.221,-0.488
1783599899,377256594,robot_0,0.841,-3.643
1783599899,377269541,robot_1,3.968,-1.613
1783599899,377280525,robot_4,-4.225,3.495
1783599899,377290500,robot_3,-2.625,-3.083
1783599899,577841932,robot_2,-1.204,-0.438
1783599899,577881065,robot_0,0.841,-3.643
1783599899,577902280,robot_1,4.003,-1.664
1783599899,577940150,robot_4,-4.191,3.517
1783599899,577956027,robot_3,-2.626,-3.083
1783599899,798036712,robot_2,-1.193,-0.389
1783599899,798076853,robot_0,0.841,-3.643
1783599899,798097589,robot_1,4.039,-1.719
1783599899,798114789,robot_4,-4.143,3.539
1783599899,798130118,robot_3,-2.626,-3.083
1783599899,999596078,robot_2,-1.190,-0.346
1783599899,999629836,robot_0,0.841,-3.643
1783599899,999643679,robot_1,4.071,-1.768
1783599899,999655010,robot_4,-4.084,3.564
1783599899,999665854,robot_3,-2.626,-3.083
1783599900,216922530,robot_2,-1.192,-0.299
1783599900,216951593,robot_0,0.841,-3.643
1783599900,216965366,robot_1,4.107,-1.823
1783599900,216976795,robot_4,-4.050,3.578
1783599900,216987200,robot_3,-2.626,-3.083
1783599900,417251178,robot_2,-1.200,-0.256
1783599900,417288735,robot_0,0.841,-3.643
1783599900,417308647,robot_1,4.140,-1.873
1783599900,417326102,robot_4,-4.017,3.591
1783599900,417341562,robot_3,-2.626,-3.083
1783599900,617421358,robot_2,-1.213,-0.215
1783599900,617463920,robot_0,0.841,-3.643
1783599900,617484161,robot_1,4.159,-1.902
1783599900,617501697,robot_4,-3.990,3.602
1783599900,617517848,robot_3,-2.626,-3.083
1783599900,817953511,robot_2,-1.231,-0.176
1783599900,817996969,robot_0,0.841,-3.643
1783599900,818017727,robot_1,4.192,-1.952
1783599900,818035618,robot_4,-3.966,3.613
1783599900,818051749,robot_3,-2.626,-3.083
1783599901,38360420,robot_2,-1.256,-0.136
1783599901,38434740,robot_0,0.841,-3.643
1783599901,38473678,robot_1,4.222,-1.997
1783599901,38485227,robot_4,-3.941,3.627
1783599901,38494277,robot_3,-2.625,-3.083
1783599901,239493435,robot_2,-1.280,-0.105
1783599901,239524351,robot_0,0.841,-3.643
1783599901,239537751,robot_1,4.222,-1.998
1783599901,239548278,robot_4,-3.920,3.642
1783599901,239558943,robot_3,-2.625,-3.083
1783599901,458413500,robot_2,-1.304,-0.077
1783599901,458454491,robot_0,0.841,-3.643
1783599901,458475582,robot_1,4.222,-1.998
1783599901,458492668,robot_4,-3.898,3.660
1783599901,458508634,robot_3,-2.625,-3.084
1783599901,678414439,robot_2,-1.305,-0.076
1783599901,678457822,robot_0,0.841,-3.643
1783599901,678478027,robot_1,4.222,-1.998
1783599901,678495545,robot_4,-3.877,3.679
1783599901,678511433,robot_3,-2.625,-3.084
1783599901,897207377,robot_2,-1.305,-0.077
1783599901,897232735,robot_0,0.841,-3.643
1783599901,897242530,robot_1,4.222,-1.998
1783599901,897250441,robot_4,-3.858,3.701
1783599901,897257640,robot_3,-2.625,-3.084
1783599902,117222223,robot_2,-1.310,-0.066
1783599902,117250667,robot_0,0.841,-3.643
1783599902,117264974,robot_1,4.222,-1.998
1783599902,117275481,robot_4,-3.844,3.720
1783599902,117288541,robot_3,-2.625,-3.084
1783599902,338461887,robot_2,-1.325,-0.030
1783599902,338487201,robot_0,0.841,-3.643
1783599902,338496700,robot_1,4.222,-1.998
1783599902,338505869,robot_4,-3.829,3.739
1783599902,338514426,robot_3,-2.625,-3.084
1783599902,557872246,robot_2,-1.332,-0.008
1783599902,557911542,robot_0,0.841,-3.643
1783599902,557931374,robot_1,4.222,-1.998
1783599902,557948231,robot_4,-3.812,3.756
1783599902,557963698,robot_3,-2.625,-3.084
1783599902,776649764,robot_2,-1.338,0.022
1783599902,776685218,robot_0,0.841,-3.643
1783599902,776693773,robot_1,4.222,-1.998
1783599902,776702144,robot_4,-3.793,3.770
1783599902,776709547,robot_3,-2.625,-3.084
1783599902,977158044,robot_2,-1.340,0.043
1783599902,977184209,robot_0,0.841,-3.643
1783599902,977202240,robot_1,4.222,-1.998
1783599902,977210823,robot_4,-3.774,3.781
1783599902,977219578,robot_3,-2.625,-3.084
1783599903,177675939,robot_2,-1.339,0.060
1783599903,177710526,robot_0,0.841,-3.643
1783599903,177729296,robot_1,4.222,-1.998
1783599903,177739936,robot_4,-3.754,3.790
1783599903,177756760,robot_3,-2.625,-3.084
1783599903,397138894,robot_2,-1.334,0.088
1783599903,397164359,robot_0,0.841,-3.643
1783599903,397174988,robot_1,4.222,-1.998
1783599903,397184088,robot_4,-3.706,3.801
1783599903,397192605,robot_3,-2.625,-3.084
1783599903,617821407,robot_2,-1.330,0.103
1783599903,617860311,robot_0,0.841,-3.643
1783599903,617879444,robot_1,4.222,-1.998
1783599903,617894306,robot_4,-3.654,3.806
1783599903,617909560,robot_3,-2.625,-3.084
1783599903,838286975,robot_2,-1.318,0.128
1783599903,838312734,robot_0,0.841,-3.643
1783599903,838322752,robot_1,4.222,-1.998
1783599903,838331372,robot_4,-3.603,3.802
1783599903,838339351,robot_3,-2.625,-3.084
1783599904,58948638,robot_2,-1.310,0.142
1783599904,58990465,robot_0,0.841,-3.643
1783599904,59010229,robot_1,4.223,-1.998
1783599904,59027204,robot_4,-3.552,3.791
1783599904,59042433,robot_3,-2.625,-3.084
1783599904,276525227,robot_2,-1.282,0.175
1783599904,276548339,robot_0,0.841,-3.643
1783599904,276557888,robot_1,4.229,-2.045
1783599904,276576140,robot_4,-3.504,3.772
1783599904,276583743,robot_3,-2.625,-3.084
1783599904,478863709,robot_2,-1.257,0.203
1783599904,478894467,robot_0,0.841,-3.643
1783599904,478907150,robot_1,4.231,-2.098
1783599904,478917839,robot_4,-3.482,3.760
1783599904,478927056,robot_3,-2.625,-3.084
1783599904,696868590,robot_2,-1.235,0.228
1783599904,696899737,robot_0,0.841,-3.643
1783599904,696915813,robot_1,4.228,-2.133
1783599904,696929428,robot_4,-3.462,3.746
1783599904,696941862,robot_3,-2.625,-3.084
1783599904,896893519,robot_2,-1.217,0.253
1783599904,896916167,robot_0,0.841,-3.643
1783599904,896925562,robot_1,4.221,-2.171
1783599904,896933677,robot_4,-3.433,3.726
1783599904,896942910,robot_3,-2.625,-3.084
1783599905,97283537,robot_2,-1.202,0.279
1783599905,97315683,robot_0,0.841,-3.643
1783599905,97331773,robot_1,4.217,-2.190
1783599905,97345319,robot_4,-3.402,3.708
1783599905,97358405,robot_3,-2.625,-3.084
1783599905,297712086,robot_2,-1.189,0.306
1783599905,297746767,robot_0,0.841,-3.643
1783599905,297762893,robot_1,4.209,-2.221
1783599905,297776979,robot_4,-3.371,3.693
1783599905,297790003,robot_3,-2.625,-3.084
1783599905,517367473,robot_2,-1.177,0.338
1783599905,517405660,robot_0,0.841,-3.643
1783599905,517422399,robot_1,4.194,-2.258
1783599905,517436091,robot_4,-3.334,3.680
1783599905,517448368,robot_3,-2.625,-3.084
1783599905,738050608,robot_2,-1.169,0.370
1783599905,738077700,robot_0,0.841,-3.643
1783599905,738093180,robot_1,4.179,-2.289
1783599905,738106076,robot_4,-3.297,3.671
1783599905,738118630,robot_3,-2.625,-3.085
1783599905,957466886,robot_2,-1.163,0.405
1783599905,957497878,robot_0,0.841,-3.643
1783599905,957512324,robot_1,4.159,-2.329
1783599905,957524353,robot_4,-3.258,3.665
1783599905,957535537,robot_3,-2.625,-3.085
1783599906,176405891,robot_2,-1.160,0.456
1783599906,176438048,robot_0,0.841,-3.643
1783599906,176454009,robot_1,4.142,-2.370
1783599906,176467800,robot_4,-3.223,3.664
1783599906,176480040,robot_3,-2.625,-3.085
1783599906,376768578,robot_2,-1.156,0.502
1783599906,376807273,robot_0,0.841,-3.643
1783599906,376821769,robot_1,4.129,-2.409
1783599906,376834645,robot_4,-3.194,3.665
1783599906,376846345,robot_3,-2.625,-3.085
1783599906,596976296,robot_2,-1.145,0.550
1783599906,597006406,robot_0,0.841,-3.643
1783599906,597021610,robot_1,4.118,-2.452
1783599906,597034410,robot_4,-3.157,3.666
1783599906,597046091,robot_3,-2.625,-3.085
1783599906,815872198,robot_2,-1.127,0.596
1783599906,815891903,robot_0,0.841,-3.643
1783599906,815899759,robot_1,4.111,-2.496
1783599906,815906126,robot_4,-3.115,3.666
1783599906,815912024,robot_3,-2.625,-3.085
1783599907,16078887,robot_2,-1.104,0.634
1783599907,16104510,robot_0,0.841,-3.643
1783599907,16116497,robot_1,4.108,-2.537
1783599907,16126187,robot_4,-3.077,3.661
1783599907,16135401,robot_3,-2.625,-3.086
1783599907,216819194,robot_2,-1.075,0.669
1783599907,216838371,robot_0,0.841,-3.643
1783599907,216846776,robot_1,4.107,-2.578
1783599907,216853239,robot_4,-3.041,3.649
1783599907,216859876,robot_3,-2.635,-3.081
1783599907,417542000,robot_2,-1.050,0.693
1783599907,417568712,robot_0,0.841,-3.643
1783599907,417582651,robot_1,4.110,-2.623
1783599907,417593124,robot_4,-3.007,3.632
1783599907,417602294,robot_3,-2.655,-3.072
1783599907,637062978,robot_2,-1.022,0.718
1783599907,637085421,robot_0,0.841,-3.643
1783599907,637094021,robot_1,4.114,-2.674
1783599907,637100683,robot_4,-2.973,3.608
1783599907,637107323,robot_3,-2.667,-3.065
1783599907,856207419,robot_2,-0.971,0.763
1783599907,856233706,robot_0,0.841,-3.643
1783599907,856245132,robot_1,4.117,-2.700
1783599907,856255442,robot_4,-2.944,3.577
1783599907,856264126,robot_3,-2.686,-3.051
1783599908,75991824,robot_2,-0.925,0.809
1783599908,76020195,robot_0,0.841,-3.643
1783599908,76034473,robot_1,4.119,-2.713
1783599908,76046342,robot_4,-2.910,3.527
1783599908,76058078,robot_3,-2.705,-3.036
1783599908,276536165,robot_2,-0.887,0.855
1783599908,276562031,robot_0,0.841,-3.643
1783599908,276574285,robot_1,4.125,-2.732
1783599908,276586879,robot_4,-2.877,3.470
1783599908,276597342,robot_3,-2.722,-3.021
1783599908,476957876,robot_2,-0.852,0.903
1783599908,476992426,robot_0,0.841,-3.643
1783599908,477008459,robot_1,4.132,-2.749
1783599908,477021869,robot_4,-2.856,3.432
1783599908,477033819,robot_3,-2.754,-2.993
1783599908,696354006,robot_2,-0.819,0.959
1783599908,696382873,robot_0,0.841,-3.643
1783599908,696401561,robot_1,4.139,-2.760
1783599908,696414816,robot_4,-2.853,3.427
1783599908,696425975,robot_3,-2.763,-2.985
1783599908,916922424,robot_2,-0.791,1.018
1783599908,916967785,robot_0,0.841,-3.643
1783599908,916980386,robot_1,4.152,-2.778
1783599908,916991876,robot_4,-2.853,3.427
1783599908,917003121,robot_3,-2.802,-2.952
1783599909,136913887,robot_2,-0.768,1.077
1783599909,136936370,robot_0,0.841,-3.643
1783599909,136945729,robot_1,4.155,-2.781
1783599909,136953420,robot_4,-2.853,3.427
1783599909,136960447,robot_3,-2.857,-2.909
1783599909,356148444,robot_2,-0.752,1.138
1783599909,356179969,robot_0,0.841,-3.643
1783599909,356195732,robot_1,4.155,-2.781
1783599909,356209062,robot_4,-2.850,3.421
1783599909,356221607,robot_3,-2.915,-2.870
1783599909,576795834,robot_2,-0.742,1.199
1783599909,576827466,robot_0,0.841,-3.643
1783599909,576843035,robot_1,4.156,-2.783
1783599909,576856868,robot_4,-2.818,3.363
1783599909,576869410,robot_3,-2.975,-2.835
1783599909,796718619,robot_2,-0.738,1.262
1783599909,796747880,robot_0,0.841,-3.643
1783599909,796762614,robot_1,4.165,-2.810
1783599909,796775198,robot_4,-2.784,3.308
1783599909,796787251,robot_3,-3.038,-2.804
1783599910,16764521,robot_2,-0.740,1.324
1783599910,16788031,robot_0,0.841,-3.643
1783599910,16797702,robot_1,4.169,-2.833
1783599910,16806306,robot_4,-2.747,3.257
1783599910,16813902,robot_3,-3.102,-2.777
1783599910,216806350,robot_2,-0.747,1.381
1783599910,216831929,robot_0,0.841,-3.643
1783599910,216842785,robot_1,4.169,-2.833
1783599910,216852227,robot_4,-2.709,3.214
1783599910,216860951,robot_3,-3.147,-2.761
1783599910,416854604,robot_2,-0.760,1.436
1783599910,416888787,robot_0,0.841,-3.643
1783599910,416906480,robot_1,4.170,-2.833
1783599910,416920934,robot_4,-2.668,3.174
1783599910,416934174,robot_3,-3.181,-2.750
1783599910,637723129,robot_2,-0.780,1.496
1783599910,637745540,robot_0,0.841,-3.643
1783599910,637754830,robot_1,4.170,-2.833
1783599910,637762441,robot_4,-2.618,3.135
1783599910,637769522,robot_3,-3.227,-2.736
1783599910,837811971,robot_2,-0.802,1.549
1783599910,837844228,robot_0,0.841,-3.643
1783599910,837861357,robot_1,4.170,-2.833
1783599910,837875822,robot_4,-2.587,3.115
1783599910,837889337,robot_3,-3.269,-2.727
1783599911,56708252,robot_2,-0.826,1.608
1783599911,56730486,robot_0,0.841,-3.643
1783599911,56739576,robot_1,4.170,-2.833
1783599911,56748209,robot_4,-2.567,3.103
1783599911,56755090,robot_3,-3.317,-2.724
1783599911,257543932,robot_2,-0.844,1.664
1783599911,257586882,robot_0,0.841,-3.643
1783599911,257604380,robot_1,4.170,-2.833
1783599911,257619483,robot_4,-2.534,3.086
1783599911,257633430,robot_3,-3.361,-2.728
1783599911,476923740,robot_2,-0.859,1.726
1783599911,476949192,robot_0,0.841,-3.643
1783599911,476958321,robot_1,4.170,-2.833
1783599911,476966865,robot_4,-2.534,3.085
1783599911,476974872,robot_3,-3.408,-2.735
1783599911,677139622,robot_2,-0.868,1.783
1783599911,677182337,robot_0,0.841,-3.643
1783599911,677198331,robot_1,4.170,-2.833
1783599911,677212599,robot_4,-2.534,3.085
1783599911,677225019,robot_3,-3.421,-2.737
1783599911,896661786,robot_2,-0.872,1.847
1783599911,896689291,robot_0,0.841,-3.643
1783599911,896704260,robot_1,4.169,-2.833
1783599911,896716566,robot_4,-2.534,3.085
1783599911,896727987,robot_3,-3.421,-2.737
1783599912,96732163,robot_2,-0.871,1.908
1783599912,96761448,robot_0,0.841,-3.643
1783599912,96777192,robot_1,4.169,-2.833
1783599912,96790145,robot_4,-2.534,3.085
1783599912,96802096,robot_3,-3.421,-2.737
1783599912,315900845,robot_2,-0.867,1.984
1783599912,315927635,robot_0,0.841,-3.643
1783599912,315941993,robot_1,4.169,-2.833
1783599912,315954128,robot_4,-2.534,3.085
1783599912,315965401,robot_3,-3.421,-2.737
1783599912,516112829,robot_2,-0.863,2.046
1783599912,516146364,robot_0,0.841,-3.643
1783599912,516153541,robot_1,4.169,-2.833
1783599912,516160332,robot_4,-2.534,3.085
1783599912,516166878,robot_3,-3.421,-2.737
1783599912,716120440,robot_2,-0.861,2.099
1783599912,716139705,robot_0,0.841,-3.643
1783599912,716147491,robot_1,4.169,-2.833
1783599912,716153945,robot_4,-2.534,3.085
1783599912,716159883,robot_3,-3.421,-2.737
1783599912,937221488,robot_2,-0.863,2.157
1783599912,937254008,robot_0,0.841,-3.643
1783599912,937269811,robot_1,4.169,-2.833
1783599912,937283707,robot_4,-2.534,3.085
1783599912,937296541,robot_3,-3.421,-2.737
1783599913,156239962,robot_2,-0.870,2.215
1783599913,156270938,robot_0,0.841,-3.643
1783599913,156286701,robot_1,4.169,-2.833
1783599913,156299977,robot_4,-2.534,3.085
1783599913,156312330,robot_3,-3.421,-2.737
1783599913,376711739,robot_2,-0.882,2.272
1783599913,376743682,robot_0,0.841,-3.643
1783599913,376759010,robot_1,4.169,-2.833
1783599913,376771770,robot_4,-2.534,3.085
1783599913,376783320,robot_3,-3.421,-2.736
1783599913,596644092,robot_2,-0.895,2.314
1783599913,596673743,robot_0,0.841,-3.643
1783599913,596689547,robot_1,4.169,-2.833
1783599913,596702572,robot_4,-2.534,3.085
1783599913,596714457,robot_3,-3.421,-2.736
1783599913,796882617,robot_2,-0.906,2.348
1783599913,796901797,robot_0,0.841,-3.643
1783599913,796910237,robot_1,4.169,-2.833
1783599913,796917172,robot_4,-2.534,3.085
1783599913,796923789,robot_3,-3.422,-2.736
1783599914,16733615,robot_2,-0.916,2.380
1783599914,16766565,robot_0,0.841,-3.643
1783599914,16782825,robot_1,4.169,-2.833
1783599914,16796750,robot_4,-2.534,3.085
1783599914,16809753,robot_3,-3.422,-2.736
1783599914,238116806,robot_2,-0.924,2.411
1783599914,238139463,robot_0,0.841,-3.643
1783599914,238148268,robot_1,4.169,-2.833
1783599914,238155044,robot_4,-2.534,3.085
1783599914,238161475,robot_3,-3.422,-2.736
1783599914,439761338,robot_2,-0.927,2.441
1783599914,439783817,robot_0,0.841,-3.643
1783599914,439792622,robot_1,4.169,-2.833
1783599914,439800004,robot_4,-2.534,3.085
1783599914,439807357,robot_3,-3.422,-2.736
1783599914,658600419,robot_2,-0.926,2.473
1783599914,658626494,robot_0,0.841,-3.643
1783599914,658638024,robot_1,4.169,-2.833
1783599914,658646670,robot_4,-2.534,3.085
1783599914,658655653,robot_3,-3.422,-2.736
1783599914,877149378,robot_2,-0.921,2.505
1783599914,877184509,robot_0,0.841,-3.643
1783599914,877202059,robot_1,4.169,-2.833
1783599914,877216540,robot_4,-2.534,3.085
1783599914,877230223,robot_3,-3.422,-2.736
1783599915,96478131,robot_2,-0.911,2.536
1783599915,96502648,robot_0,0.841,-3.643
1783599915,96513953,robot_1,4.169,-2.833
1783599915,96523443,robot_4,-2.534,3.085
1783599915,96532400,robot_3,-3.422,-2.736
1783599915,297399359,robot_2,-0.899,2.563
1783599915,297423966,robot_0,0.841,-3.643
1783599915,297435106,robot_1,4.169,-2.833
1783599915,297444036,robot_4,-2.534,3.085
1783599915,297452749,robot_3,-3.422,-2.736
1783599915,516959411,robot_2,-0.879,2.595
1783599915,516984609,robot_0,0.841,-3.643
1783599915,516994699,robot_1,4.169,-2.833
1783599915,517002699,robot_4,-2.534,3.084
1783599915,517010802,robot_3,-3.422,-2.736
1783599915,737688437,robot_2,-0.857,2.625
1783599915,737716095,robot_0,0.841,-3.643
1783599915,737729526,robot_1,4.169,-2.833
1783599915,737741492,robot_4,-2.534,3.084
1783599915,737751944,robot_3,-3.422,-2.736
1783599915,937724271,robot_2,-0.838,2.652
1783599915,937751163,robot_0,0.841,-3.643
1783599915,937762522,robot_1,4.169,-2.833
1783599915,937770948,robot_4,-2.534,3.084
1783599915,937779696,robot_3,-3.422,-2.736
1783599916,137982382,robot_2,-0.820,2.677
1783599916,138021389,robot_0,0.841,-3.643
1783599916,138040108,robot_1,4.169,-2.833
1783599916,138056897,robot_4,-2.534,3.083
1783599916,138072129,robot_3,-3.423,-2.736
1783599916,338071666,robot_2,-0.803,2.701
1783599916,338105947,robot_0,0.841,-3.643
1783599916,338119535,robot_1,4.169,-2.833
1783599916,338129536,robot_4,-2.534,3.083
1783599916,338139796,robot_3,-3.423,-2.735
1783599916,557464883,robot_2,-0.777,2.738
1783599916,557502132,robot_0,0.841,-3.643
1783599916,557521702,robot_1,4.170,-2.833
1783599916,557538297,robot_4,-2.534,3.083
1783599916,557553328,robot_3,-3.423,-2.735
1783599916,757893774,robot_2,-0.773,2.743
1783599916,757934455,robot_0,0.841,-3.643
1783599916,757954396,robot_1,4.170,-2.833
1783599916,757972445,robot_4,-2.534,3.083
1783599916,757989191,robot_3,-3.424,-2.736
1783599916,958033231,robot_2,-0.772,2.743
1783599916,958074945,robot_0,0.841,-3.643
1783599916,958096775,robot_1,4.170,-2.833
1783599916,958114755,robot_4,-2.534,3.083
1783599916,958131483,robot_3,-3.424,-2.736
1783599917,177729182,robot_2,-0.772,2.743
1783599917,177754399,robot_0,0.841,-3.643
1783599917,177766081,robot_1,4.171,-2.833
1783599917,177775064,robot_4,-2.533,3.083
1783599917,177783523,robot_3,-3.424,-2.736
1783599917,378961011,robot_2,-0.772,2.743
1783599917,378991824,robot_0,0.841,-3.643
1783599917,379004532,robot_1,4.171,-2.834
1783599917,379015965,robot_4,-2.533,3.082
1783599917,379026614,robot_3,-3.424,-2.736
1783599917,597362395,robot_2,-0.772,2.743
1783599917,597398169,robot_0,0.841,-3.643
1783599917,597417414,robot_1,4.171,-2.834
1783599917,597429231,robot_4,-2.533,3.082
1783599917,597440151,robot_3,-3.424,-2.736
1783599917,797753665,robot_2,-0.771,2.743
1783599917,797783682,robot_0,0.841,-3.643
1783599917,797797790,robot_1,4.171,-2.834
1783599917,797809657,robot_4,-2.533,3.082
1783599917,797821519,robot_3,-3.412,-2.752
1783599918,1232025,robot_2,-0.771,2.743
1783599918,1276324,robot_0,0.841,-3.643
1783599918,1297819,robot_1,4.171,-2.834
1783599918,1315455,robot_4,-2.532,3.082
1783599918,1332239,robot_3,-3.395,-2.769
1783599918,216829847,robot_2,-0.774,2.781
1783599918,216864976,robot_0,0.841,-3.643
1783599918,216884820,robot_1,4.171,-2.834
1783599918,216901247,robot_4,-2.532,3.082
1783599918,216916955,robot_3,-3.384,-2.778
1783599918,437329880,robot_2,-0.782,2.835
1783599918,437369192,robot_0,0.841,-3.643
1783599918,437387087,robot_1,4.171,-2.834
1783599918,437408004,robot_4,-2.532,3.082
1783599918,437422670,robot_3,-3.352,-2.798
1783599918,657289177,robot_2,-0.790,2.865
1783599918,657321598,robot_0,0.841,-3.643
1783599918,657338926,robot_1,4.171,-2.834
1783599918,657354177,robot_4,-2.531,3.082
1783599918,657367993,robot_3,-3.327,-2.811
1783599918,876553646,robot_2,-0.809,2.918
1783599918,876577483,robot_0,0.841,-3.643
1783599918,876586778,robot_1,4.171,-2.834
1783599918,876595291,robot_4,-2.531,3.082
1783599918,876602568,robot_3,-3.277,-2.838
1783599919,76798774,robot_2,-0.820,2.943
1783599919,76840371,robot_0,0.841,-3.643
1783599919,76857738,robot_1,4.171,-2.834
1783599919,76904898,robot_4,-2.530,3.082
1783599919,76931095,robot_3,-3.238,-2.859
1783599919,295729115,robot_2,-0.848,2.989
1783599919,295749570,robot_0,0.841,-3.643
1783599919,295758062,robot_1,4.171,-2.834
1783599919,295765430,robot_4,-2.530,3.082
1783599919,295772095,robot_3,-3.225,-2.865
1783599919,497099500,robot_2,-0.864,3.011
1783599919,497153113,robot_0,0.841,-3.643
1783599919,497167923,robot_1,4.171,-2.834
1783599919,497180871,robot_4,-2.530,3.082
1783599919,497193198,robot_3,-3.177,-2.891
1783599919,716859402,robot_2,-0.877,3.029
1783599919,716879769,robot_0,0.841,-3.643
1783599919,716888355,robot_1,4.171,-2.834
1783599919,716895193,robot_4,-2.530,3.082
1783599919,716902176,robot_3,-3.130,-2.916
1783599919,938095806,robot_2,-0.890,3.049
1783599919,938123869,robot_0,0.841,-3.643
1783599919,938138969,robot_1,4.171,-2.834
1783599919,938150603,robot_4,-2.541,3.106
1783599919,938160175,robot_3,-3.085,-2.940
1783599920,156219001,robot_2,-0.900,3.069
1783599920,156239504,robot_0,0.841,-3.643
1783599920,156248079,robot_1,4.171,-2.833
1783599920,156255480,robot_4,-2.564,3.156
1783599920,156262376,robot_3,-3.058,-2.953
1783599920,357334180,robot_2,-0.906,3.088
1783599920,357361568,robot_0,0.841,-3.643
1783599920,357371209,robot_1,4.170,-2.833
1783599920,357378991,robot_4,-2.589,3.211
1783599920,357387133,robot_3,-3.033,-2.963
1783599920,578071679,robot_2,-0.911,3.111
1783599920,578107252,robot_0,0.841,-3.643
1783599920,578126229,robot_1,4.170,-2.833
1783599920,578142367,robot_4,-2.617,3.273
1783599920,578157185,robot_3,-3.004,-2.971
1783599920,796628659,robot_2,-0.914,3.133
1783599920,796648094,robot_0,0.841,-3.643
1783599920,796656678,robot_1,4.170,-2.833
1783599920,796663173,robot_4,-2.643,3.331
1783599920,796669910,robot_3,-2.975,-2.976
1783599920,997154722,robot_2,-0.913,3.165
1783599920,997188452,robot_0,0.841,-3.643
1783599920,997204192,robot_1,4.170,-2.833
1783599920,997217405,robot_4,-2.667,3.383
1783599920,997229507,robot_3,-2.947,-2.977
1783599921,216239618,robot_2,-0.911,3.203
1783599921,216268571,robot_0,0.841,-3.643
1783599921,216282733,robot_1,4.170,-2.833
1783599921,216295620,robot_4,-2.679,3.411
1783599921,216306740,robot_3,-2.918,-2.975
1783599921,416911562,robot_2,-0.912,3.238
1783599921,416939607,robot_0,0.841,-3.643
1783599921,416953504,robot_1,4.169,-2.833
1783599921,416965142,robot_4,-2.690,3.436
1783599921,416975875,robot_3,-2.891,-2.971
1783599921,637168768,robot_2,-0.916,3.276
1783599921,637191487,robot_0,0.841,-3.643
1783599921,637200011,robot_1,4.169,-2.833
1783599921,637208136,robot_4,-2.704,3.465
1783599921,637214998,robot_3,-2.866,-2.964
1783599921,837551751,robot_2,-0.924,3.310
1783599921,837576268,robot_0,0.841,-3.643
1783599921,837587358,robot_1,4.169,-2.833
1783599921,837596332,robot_4,-2.717,3.495
1783599921,837604841,robot_3,-2.844,-2.958
1783599922,57157647,robot_2,-0.937,3.345
1783599922,57181566,robot_0,0.841,-3.643
1783599922,57192732,robot_1,4.169,-2.833
1783599922,57203359,robot_4,-2.739,3.547
1783599922,57211347,robot_3,-2.819,-2.952
1783599922,277123005,robot_2,-0.954,3.379
1783599922,277152107,robot_0,0.841,-3.643
1783599922,277166596,robot_1,4.183,-2.871
1783599922,277179581,robot_4,-2.755,3.599
1783599922,277190779,robot_3,-2.794,-2.948
1783599922,477735064,robot_2,-0.982,3.422
1783599922,477780226,robot_0,0.841,-3.643
1783599922,477796314,robot_1,4.202,-2.922
1783599922,477810075,robot_4,-2.763,3.648
1783599922,477823276,robot_3,-2.771,-2.946
1783599922,696222699,robot_2,-1.020,3.473
1783599922,696243418,robot_0,0.841,-3.643
1783599922,696251542,robot_1,4.222,-2.965
1783599922,696257986,robot_4,-2.764,3.702
1783599922,696264408,robot_3,-2.745,-2.946
1783599922,896550746,robot_2,-1.051,3.521
1783599922,896571067,robot_0,0.841,-3.643
1783599922,896579457,robot_1,4.251,-3.016
1783599922,896594916,robot_4,-2.759,3.751
1783599922,896601148,robot_3,-2.722,-2.948
1783599923,96848270,robot_2,-1.078,3.571
1783599923,96870494,robot_0,0.841,-3.643
1783599923,96879241,robot_1,4.271,-3.046
1783599923,96886369,robot_4,-2.747,3.799
1783599923,96893947,robot_3,-2.684,-2.952
1783599923,316939398,robot_2,-1.102,3.629
1783599923,316969486,robot_0,0.841,-3.643
1783599923,316984702,robot_1,4.271,-3.046
1783599923,316997217,robot_4,-2.728,3.848
1783599923,317009217,robot_3,-2.641,-2.957
1783599923,517239914,robot_2,-1.118,3.684
1783599923,517274197,robot_0,0.841,-3.643
1783599923,517289812,robot_1,4.271,-3.047
1783599923,517303091,robot_4,-2.707,3.890
1783599923,517315419,robot_3,-2.602,-2.958
1783599923,737296838,robot_2,-1.131,3.744
1783599923,737319179,robot_0,0.841,-3.643
1783599923,737328785,robot_1,4.270,-3.047
1783599923,737336184,robot_4,-2.680,3.942
1783599923,737343437,robot_3,-2.559,-2.953
1783599923,957146938,robot_2,-1.134,3.772
1783599923,957180288,robot_0,0.841,-3.643
1783599923,957197968,robot_1,4.270,-3.047
1783599923,957211341,robot_4,-2.657,3.993
1783599923,957223176,robot_3,-2.517,-2.944
1783599924,177112415,robot_2,-1.137,3.798
1783599924,177132521,robot_0,0.841,-3.643
1783599924,177140961,robot_1,4.270,-3.048
1783599924,177148380,robot_4,-2.642,4.045
1783599924,177155633,robot_3,-2.476,-2.929
1783599924,395996547,robot_2,-1.140,3.826
1783599924,396015348,robot_0,0.841,-3.643
1783599924,396023660,robot_1,4.270,-3.048
1783599924,396029821,robot_4,-2.634,4.099
1783599924,396036331,robot_3,-2.424,-2.902
1783599924,596105400,robot_2,-1.145,3.851
1783599924,596128798,robot_0,0.841,-3.643
1783599924,596140363,robot_1,4.270,-3.048
1783599924,596149765,robot_4,-2.633,4.149
1783599924,596158696,robot_3,-2.375,-2.875
1783599924,796471619,robot_2,-1.152,3.875
1783599924,796499946,robot_0,0.841,-3.643
1783599924,796511495,robot_1,4.270,-3.048
1783599924,796520960,robot_4,-2.638,4.188
1783599924,796530181,robot_3,-2.324,-2.850
1783599924,997019808,robot_2,-1.162,3.899
1783599924,997052530,robot_0,0.841,-3.643
1783599924,997067776,robot_1,4.270,-3.048
1783599924,997081810,robot_4,-2.649,4.227
1783599924,997093964,robot_3,-2.272,-2.830
1783599925,216248648,robot_2,-1.176,3.924
1783599925,216280739,robot_0,0.841,-3.643
1783599925,216298476,robot_1,4.270,-3.048
1783599925,216313579,robot_4,-2.660,4.253
1783599925,216327899,robot_3,-2.213,-2.812
1783599925,416742843,robot_2,-1.190,3.945
1783599925,416771327,robot_0,0.841,-3.643
1783599925,416785532,robot_1,4.270,-3.049
1783599925,416794947,robot_4,-2.659,4.254
1783599925,416804032,robot_3,-2.158,-2.799
1783599925,637058810,robot_2,-1.218,3.977
1783599925,637089800,robot_0,0.841,-3.643
1783599925,637105353,robot_1,4.270,-3.049
1783599925,637118569,robot_4,-2.659,4.254
1783599925,637130343,robot_3,-2.095,-2.790
1783599925,856515842,robot_2,-1.262,4.022
1783599925,856534893,robot_0,0.841,-3.643
1783599925,856543316,robot_1,4.270,-3.049
1783599925,856550765,robot_4,-2.659,4.254
1783599925,856557119,robot_3,-2.021,-2.784
1783599926,56831867,robot_2,-1.292,4.052
1783599926,56861559,robot_0,0.841,-3.643
1783599926,56876840,robot_1,4.270,-3.049
1783599926,56890851,robot_4,-2.659,4.254
1783599926,56903355,robot_3,-1.959,-2.778
1783599926,276505676,robot_2,-1.316,4.078
1783599926,276524689,robot_0,0.841,-3.643
1783599926,276532545,robot_1,4.270,-3.048
1783599926,276539220,robot_4,-2.658,4.255
1783599926,276544948,robot_3,-1.894,-2.767
1783599926,477495395,robot_2,-1.335,4.098
1783599926,477521372,robot_0,0.841,-3.643
1783599926,477533444,robot_1,4.270,-3.048
1783599926,477543369,robot_4,-2.658,4.255
1783599926,477552402,robot_3,-1.836,-2.752
1783599926,696848314,robot_2,-1.335,4.098
1783599926,696874839,robot_0,0.841,-3.643
1783599926,696886519,robot_1,4.270,-3.048
1783599926,696896597,robot_4,-2.676,4.258
1783599926,696906562,robot_3,-1.775,-2.731
1783599926,916079088,robot_2,-1.335,4.097
1783599926,916106904,robot_0,0.841,-3.643
1783599926,916120886,robot_1,4.270,-3.047
1783599926,916132119,robot_4,-2.735,4.264
1783599926,916142581,robot_3,-1.723,-2.708
1783599927,117230216,robot_2,-1.335,4.097
1783599927,117258945,robot_0,0.841,-3.643
1783599927,117272927,robot_1,4.271,-3.047
1783599927,117285548,robot_4,-2.771,4.264
1783599927,117296450,robot_3,-1.692,-2.691
1783599927,336737622,robot_2,-1.336,4.097
1783599927,336775469,robot_0,0.841,-3.643
1783599927,336796277,robot_1,4.271,-3.047
1783599927,336813713,robot_4,-2.827,4.256
1783599927,336830274,robot_3,-1.642,-2.658
1783599927,556762560,robot_2,-1.336,4.097
1783599927,556803853,robot_0,0.841,-3.643
1783599927,556820829,robot_1,4.271,-3.047
1783599927,556835365,robot_4,-2.878,4.242
1783599927,556849306,robot_3,-1.602,-2.632
1783599927,756922775,robot_2,-1.336,4.097
1783599927,756949691,robot_0,0.841,-3.643
1783599927,756958038,robot_1,4.271,-3.047
1783599927,756965011,robot_4,-2.904,4.234
1783599927,756971569,robot_3,-1.582,-2.619
1783599927,976686313,robot_2,-1.337,4.097
1783599927,976708108,robot_0,0.841,-3.643
1783599927,976715675,robot_1,4.271,-3.047
1783599927,976722266,robot_4,-2.935,4.224
1783599927,976729298,robot_3,-1.542,-2.593
1783599928,177013358,robot_2,-1.337,4.097
1783599928,177048157,robot_0,0.841,-3.643
1783599928,177064839,robot_1,4.271,-3.047
1783599928,177076969,robot_4,-2.948,4.218
1783599928,177086419,robot_3,-1.524,-2.581
1783599928,377585294,robot_2,-1.338,4.097
1783599928,377619310,robot_0,0.841,-3.643
1783599928,377636212,robot_1,4.271,-3.047
1783599928,377649450,robot_4,-2.973,4.202
1783599928,377661900,robot_3,-1.496,-2.563
1783599928,596288349,robot_2,-1.338,4.097
1783599928,596318174,robot_0,0.841,-3.643
1783599928,596333395,robot_1,4.271,-3.047
1783599928,596345591,robot_4,-3.008,4.171
1783599928,596357005,robot_3,-1.477,-2.550
1783599928,797146839,robot_2,-1.338,4.097
1783599928,797167668,robot_0,0.841,-3.643
1783599928,797175895,robot_1,4.271,-3.047
1783599928,797182413,robot_4,-3.052,4.126
1783599928,797189062,robot_3,-1.449,-2.532
1783599928,998213172,robot_2,-1.338,4.098
1783599928,998248495,robot_0,0.841,-3.643
1783599928,998265200,robot_1,4.271,-3.048
1783599928,998278845,robot_4,-3.093,4.083
1783599928,998291197,robot_3,-1.415,-2.510
1783599929,216705574,robot_2,-1.339,4.098
1783599929,216732794,robot_0,0.841,-3.643
1783599929,216745109,robot_1,4.271,-3.048
1783599929,216755967,robot_4,-3.138,4.045
1783599929,216765524,robot_3,-1.395,-2.496
1783599929,437359038,robot_2,-1.339,4.098
1783599929,437394844,robot_0,0.841,-3.643
1783599929,437411461,robot_1,4.271,-3.048
1783599929,437424864,robot_4,-3.187,4.012
1783599929,437436679,robot_3,-1.357,-2.472
1783599929,656201147,robot_2,-1.339,4.098
1783599929,656239584,robot_0,0.841,-3.643
1783599929,656256565,robot_1,4.270,-3.048
1783599929,656270158,robot_4,-3.241,3.985
1783599929,656282068,robot_3,-1.337,-2.458
1783599929,857176804,robot_2,-1.339,4.098
1783599929,857195064,robot_0,0.841,-3.643
1783599929,857202737,robot_1,4.271,-3.048
1783599929,857208462,robot_4,-3.298,3.963
1783599929,857214706,robot_3,-1.303,-2.436
1783599930,76050031,robot_2,-1.336,4.101
1783599930,76076724,robot_0,0.841,-3.643
1783599930,76086724,robot_1,4.271,-3.048
1783599930,76094699,robot_4,-3.325,3.954
1783599930,76102525,robot_3,-1.277,-2.419
1783599930,276336561,robot_2,-1.296,4.122
1783599930,276368297,robot_0,0.841,-3.643
1783599930,276381673,robot_1,4.271,-3.049
1783599930,276398338,robot_4,-3.325,3.954
1783599930,276407648,robot_3,-1.256,-2.405
1783599930,476741715,robot_2,-1.246,4.147
1783599930,476765581,robot_0,0.841,-3.643
1783599930,476773904,robot_1,4.271,-3.049
1783599930,476780432,robot_4,-3.325,3.954
1783599930,476786999,robot_3,-1.227,-2.386
1783599930,696371192,robot_2,-1.204,4.168
1783599930,696395668,robot_0,0.841,-3.643
1783599930,696405746,robot_1,4.271,-3.049
1783599930,696414273,robot_4,-3.325,3.954
1783599930,696421878,robot_3,-1.209,-2.374
1783599930,896495569,robot_2,-1.150,4.195
1783599930,896527689,robot_0,0.841,-3.643
1783599930,896543021,robot_1,4.271,-3.049
1783599930,896556380,robot_4,-3.325,3.954
1783599930,896568393,robot_3,-1.180,-2.355
1783599931,116083475,robot_2,-1.113,4.213
1783599931,116105755,robot_0,0.841,-3.643
1783599931,116115792,robot_1,4.271,-3.049
1783599931,116124173,robot_4,-3.325,3.954
1783599931,116131966,robot_3,-1.161,-2.343
1783599931,338915781,robot_2,-1.054,4.243
1783599931,338980777,robot_0,0.841,-3.643
1783599931,339019310,robot_1,4.271,-3.049
1783599931,339052442,robot_4,-3.325,3.954
1783599931,339081690,robot_3,-1.129,-2.322
1783599931,556681703,robot_2,-1.013,4.263
1783599931,556711717,robot_0,0.841,-3.643
1783599931,556726683,robot_1,4.271,-3.049
1783599931,556738799,robot_4,-3.325,3.953
1783599931,556750009,robot_3,-1.070,-2.283
1783599931,776346936,robot_2,-0.963,4.289
1783599931,776380567,robot_0,0.841,-3.643
1783599931,776388297,robot_1,4.271,-3.049
1783599931,776400474,robot_4,-3.325,3.953
1783599931,776407952,robot_3,-1.028,-2.256
1783599931,976718344,robot_2,-0.921,4.310
1783599931,976741678,robot_0,0.841,-3.643
1783599931,976753319,robot_1,4.271,-3.049
1783599931,976767574,robot_4,-3.325,3.952
1783599931,976780174,robot_3,-0.987,-2.229
1783599932,196519529,robot_2,-0.919,4.310
1783599932,196541809,robot_0,0.841,-3.643
1783599932,196551091,robot_1,4.271,-3.049
1783599932,196558509,robot_4,-3.325,3.952
1783599932,196565676,robot_3,-0.962,-2.212
1783599932,397204681,robot_2,-0.919,4.310
1783599932,397228026,robot_0,0.841,-3.643
1783599932,397238280,robot_1,4.271,-3.049
1783599932,397247270,robot_4,-3.325,3.952
1783599932,397255302,robot_3,-0.917,-2.183
1783599932,615657307,robot_2,-0.919,4.310
1783599932,615677590,robot_0,0.841,-3.643
1783599932,615686758,robot_1,4.271,-3.048
1783599932,615693821,robot_4,-3.325,3.951
1783599932,615700589,robot_3,-0.868,-2.151
1783599932,817412000,robot_2,-0.919,4.310
1783599932,817441340,robot_0,0.841,-3.643
1783599932,817454502,robot_1,4.271,-3.048
1783599932,817465391,robot_4,-3.325,3.951
1783599932,817473676,robot_3,-0.825,-2.119
1783599933,36214525,robot_2,-0.919,4.310
1783599933,36237771,robot_0,0.841,-3.643
1783599933,36248229,robot_1,4.271,-3.048
1783599933,36256553,robot_4,-3.325,3.951
1783599933,36264906,robot_3,-0.782,-2.081
1783599933,237541361,robot_2,-0.918,4.309
1783599933,237563721,robot_0,0.841,-3.643
1783599933,237572183,robot_1,4.271,-3.048
1783599933,237579601,robot_4,-3.325,3.951
1783599933,237586235,robot_3,-0.747,-2.041
1783599933,456419430,robot_2,-0.918,4.309
1783599933,456441579,robot_0,0.841,-3.643
1783599933,456450855,robot_1,4.271,-3.047
1783599933,456458602,robot_4,-3.325,3.951
1783599933,456466302,robot_3,-0.720,-2.001
1783599933,656999234,robot_2,-0.918,4.309
1783599933,657025821,robot_0,0.841,-3.643
1783599933,657034019,robot_1,4.271,-3.047
1783599933,657041130,robot_4,-3.325,3.951
1783599933,657047159,robot_3,-0.702,-1.965
1783599933,857343085,robot_2,-0.918,4.309
1783599933,857363240,robot_0,0.841,-3.643
1783599933,857370977,robot_1,4.271,-3.047
1783599933,857378373,robot_4,-3.325,3.951
1783599933,857385686,robot_3,-0.691,-1.927
1783599934,76817227,robot_2,-0.917,4.309
1783599934,76846804,robot_0,0.841,-3.643
1783599934,76860658,robot_1,4.271,-3.047
1783599934,76872287,robot_4,-3.325,3.951
1783599934,76881305,robot_3,-0.684,-1.884
1783599934,277083702,robot_2,-0.917,4.309
1783599934,277124943,robot_0,0.841,-3.643
1783599934,277141936,robot_1,4.271,-3.047
1783599934,277156732,robot_4,-3.325,3.951
1783599934,277170431,robot_3,-0.685,-1.844
1783599934,496728706,robot_2,-0.916,4.309
1783599934,496759363,robot_0,0.841,-3.643
1783599934,496773870,robot_1,4.271,-3.047
1783599934,496785985,robot_4,-3.326,3.951
1783599934,496797513,robot_3,-0.693,-1.800
1783599934,716127125,robot_2,-0.916,4.309
1783599934,716171221,robot_0,0.841,-3.643
1783599934,716186698,robot_1,4.271,-3.047
1783599934,716200030,robot_4,-3.326,3.951
1783599934,716212138,robot_3,-0.708,-1.758
1783599934,916575189,robot_2,-0.916,4.309
1783599934,916593553,robot_0,0.841,-3.643
1783599934,916601341,robot_1,4.271,-3.047
1783599934,916607739,robot_4,-3.326,3.951
1783599934,916613985,robot_3,-0.733,-1.712
1783599935,116950951,robot_2,-0.915,4.310
1783599935,116979785,robot_0,0.841,-3.643
1783599935,116993512,robot_1,4.271,-3.047
1783599935,117005932,robot_4,-3.327,3.952
1783599935,117017993,robot_3,-0.761,-1.667
1783599935,336571833,robot_2,-0.915,4.310
1783599935,336592613,robot_0,0.841,-3.643
1783599935,336600864,robot_1,4.271,-3.047
1783599935,336607675,robot_4,-3.350,4.007
1783599935,336614246,robot_3,-0.789,-1.616
1783599935,556214052,robot_2,-0.916,4.309
1783599935,556246033,robot_0,0.841,-3.643
1783599935,556262126,robot_1,4.271,-3.047
1783599935,556275722,robot_4,-3.370,4.065
1783599935,556287771,robot_3,-0.812,-1.562
1783599935,756208047,robot_2,-0.916,4.309
1783599935,756229881,robot_0,0.841,-3.643
1783599935,756240104,robot_1,4.271,-3.047
1783599935,756248076,robot_4,-3.371,4.067
1783599935,756256620,robot_3,-0.829,-1.512
1783599935,957266214,robot_2,-0.916,4.309
1783599935,957293973,robot_0,0.841,-3.643
1783599935,957303820,robot_1,4.271,-3.048
1783599935,957312266,robot_4,-3.371,4.067
1783599935,957320604,robot_3,-0.841,-1.460
1783599936,176771972,robot_2,-0.917,4.309
1783599936,176812818,robot_0,0.841,-3.643
1783599936,176829292,robot_1,4.271,-3.048
1783599936,176843510,robot_4,-3.371,4.067
1783599936,176856687,robot_3,-0.849,-1.402
1783599936,377196561,robot_2,-0.917,4.309
1783599936,377225352,robot_0,0.841,-3.643
1783599936,377239355,robot_1,4.271,-3.048
1783599936,377251060,robot_4,-3.371,4.067
1783599936,377261528,robot_3,-0.850,-1.373
1783599936,595492773,robot_2,-0.918,4.309
1783599936,595511415,robot_0,0.841,-3.643
1783599936,595519444,robot_1,4.271,-3.048
1783599936,595526408,robot_4,-3.371,4.067
1783599936,595533050,robot_3,-0.849,-1.349
1783599936,797655998,robot_2,-0.918,4.309
1783599936,797683552,robot_0,0.841,-3.643
1783599936,797697135,robot_1,4.271,-3.048
1783599936,797709111,robot_4,-3.371,4.067
1783599936,797719806,robot_3,-0.845,-1.328
1783599937,16192813,robot_2,-0.918,4.309
1783599937,16215588,robot_0,0.841,-3.643
1783599937,16225636,robot_1,4.271,-3.048
1783599937,16233737,robot_4,-3.371,4.068
1783599937,16240962,robot_3,-0.840,-1.305
1783599937,216753184,robot_2,-0.918,4.309
1783599937,216779835,robot_0,0.841,-3.643
1783599937,216791917,robot_1,4.271,-3.047
1783599937,216802657,robot_4,-3.370,4.068
1783599937,216814197,robot_3,-0.832,-1.284
1783599937,436399132,robot_2,-0.918,4.309
1783599937,436429259,robot_0,0.841,-3.643
1783599937,436443518,robot_1,4.271,-3.047
1783599937,436455810,robot_4,-3.370,4.068
1783599937,436467673,robot_3,-0.822,-1.263
1783599937,636757312,robot_2,-0.917,4.309
1783599937,636785776,robot_0,0.841,-3.643
1783599937,636799373,robot_1,4.271,-3.047
1783599937,636810993,robot_4,-3.370,4.068
1783599937,636821624,robot_3,-0.809,-1.243
1783599937,838540772,robot_2,-0.917,4.309
1783599937,838560716,robot_0,0.841,-3.643
1783599937,838568799,robot_1,4.271,-3.047
1783599937,838575634,robot_4,-3.370,4.069
1783599937,838581966,robot_3,-0.773,-1.193
1783599938,57399914,robot_2,-0.916,4.309
1783599938,57428892,robot_0,0.841,-3.643
1783599938,57443662,robot_1,4.271,-3.047
1783599938,57456494,robot_4,-3.370,4.069
1783599938,57469278,robot_3,-0.734,-1.141
1783599938,276498686,robot_2,-0.916,4.310
1783599938,276527304,robot_0,0.841,-3.643
1783599938,276535831,robot_1,4.271,-3.047
1783599938,276543353,robot_4,-3.370,4.070
1783599938,276549731,robot_3,-0.712,-1.113
1783599938,498182396,robot_2,-0.916,4.310
1783599938,498209847,robot_0,0.841,-3.643
1783599938,498219200,robot_1,4.271,-3.047
1783599938,498226106,robot_4,-3.370,4.070
1783599938,498233071,robot_3,-0.692,-1.086
1783599938,716028001,robot_2,-0.915,4.310
1783599938,716049110,robot_0,0.841,-3.643
1783599938,716057728,robot_1,4.271,-3.048
1783599938,716064584,robot_4,-3.370,4.070
1783599938,716071160,robot_3,-0.673,-1.062
1783599938,916741792,robot_2,-0.915,4.310
1783599938,916760980,robot_0,0.841,-3.643
1783599938,916770031,robot_1,4.271,-3.048
1783599938,916776489,robot_4,-3.370,4.070
1783599938,916783604,robot_3,-0.653,-1.043
1783599939,116897246,robot_2,-0.915,4.310
1783599939,116919084,robot_0,0.841,-3.643
1783599939,116928219,robot_1,4.271,-3.048
1783599939,116935921,robot_4,-3.370,4.070
1783599939,116942808,robot_3,-0.630,-1.027
1783599939,338324252,robot_2,-0.915,4.310
1783599939,338342781,robot_0,0.841,-3.643
1783599939,338350291,robot_1,4.271,-3.048
1783599939,338356463,robot_4,-3.370,4.071
1783599939,338362427,robot_3,-0.604,-1.012
1783599939,557008464,robot_2,-0.916,4.310
1783599939,557029297,robot_0,0.841,-3.643
1783599939,557037205,robot_1,4.271,-3.048
1783599939,557044137,robot_4,-3.370,4.071
1783599939,557050809,robot_3,-0.575,-1.002
1783599939,776152519,robot_2,-0.916,4.310
1783599939,776180379,robot_0,0.841,-3.643
1783599939,776195898,robot_1,4.271,-3.048
1783599939,776210061,robot_4,-3.393,4.053
1783599939,776222908,robot_3,-0.540,-0.995
1783599939,997695034,robot_2,-0.916,4.310
1783599939,997729269,robot_0,0.841,-3.643
1783599939,997744621,robot_1,4.271,-3.048
1783599939,997758593,robot_4,-3.413,4.032
1783599939,997770478,robot_3,-0.491,-0.990
1783599940,215576947,robot_2,-0.917,4.310
1783599940,215597571,robot_0,0.841,-3.643
1783599940,215605993,robot_1,4.271,-3.048
1783599940,215612687,robot_4,-3.423,4.019
1783599940,215618744,robot_3,-0.442,-0.986
1783599940,415959907,robot_2,-0.917,4.310
1783599940,415980048,robot_0,0.841,-3.643
1783599940,415989689,robot_1,4.271,-3.049
1783599940,415997313,robot_4,-3.440,3.997
1783599940,416005201,robot_3,-0.399,-0.978
1783599940,616732059,robot_2,-0.916,4.310
1783599940,616753031,robot_0,0.841,-3.643
1783599940,616761686,robot_1,4.271,-3.049
1783599940,616768909,robot_4,-3.449,3.986
1783599940,616774930,robot_3,-0.348,-0.963
1783599940,836244717,robot_2,-0.916,4.310
1783599940,836264008,robot_0,0.841,-3.643
1783599940,836272143,robot_1,4.272,-3.049
1783599940,836278461,robot_4,-3.464,3.966
1783599940,836284437,robot_3,-0.285,-0.941
1783599941,36976644,robot_2,-0.916,4.310
1783599941,36998702,robot_0,0.841,-3.643
1783599941,37007197,robot_1,4.272,-3.050
1783599941,37014576,robot_4,-3.481,3.944
1783599941,37021088,robot_3,-0.233,-0.922
1783599941,256194399,robot_2,-0.915,4.310
1783599941,256225702,robot_0,0.841,-3.643
1783599941,256240913,robot_1,4.272,-3.050
1783599941,256254587,robot_4,-3.518,3.897
1783599941,256266658,robot_3,-0.178,-0.902
1783599941,456308461,robot_2,-0.915,4.311
1783599941,456328532,robot_0,0.841,-3.643
1783599941,456336594,robot_1,4.272,-3.050
1783599941,456343562,robot_4,-3.547,3.859
1783599941,456349907,robot_3,-0.128,-0.883
1783599941,656640519,robot_2,-0.915,4.311
1783599941,656670799,robot_0,0.841,-3.643
1783599941,656686099,robot_1,4.276,-3.035
1783599941,656699443,robot_4,-3.566,3.834
1783599941,656711806,robot_3,-0.077,-0.865
1783599941,876248852,robot_2,-0.915,4.311
1783599941,876278625,robot_0,0.841,-3.643
1783599941,876293799,robot_1,4.284,-2.985
1783599941,876306535,robot_4,-3.595,3.797
1783599941,876318240,robot_3,-0.035,-0.849
1783599942,96770079,robot_2,-0.915,4.311
1783599942,96794200,robot_0,0.841,-3.643
1783599942,96803907,robot_1,4.285,-2.954
1783599942,96812010,robot_4,-3.637,3.743
1783599942,96819024,robot_3,0.003,-0.839
1783599942,298215432,robot_2,-0.915,4.311
1783599942,298243901,robot_0,0.841,-3.643
1783599942,298258446,robot_1,4.279,-2.912
1783599942,298270624,robot_4,-3.676,3.692
1783599942,298281457,robot_3,0.040,-0.834
1783599942,516206621,robot_2,-0.915,4.312
1783599942,516230785,robot_0,0.841,-3.643
1783599942,516240939,robot_1,4.270,-2.878
1783599942,516249657,robot_4,-3.718,3.643
1783599942,516257945,robot_3,0.080,-0.835
1783599942,717602800,robot_2,-0.955,4.322
1783599942,717641540,robot_0,0.841,-3.643
1783599942,717663196,robot_1,4.269,-2.872
1783599942,717681777,robot_4,-3.758,3.603
1783599942,717698679,robot_3,0.116,-0.841
1783599942,938321089,robot_2,-1.017,4.334
1783599942,938348773,robot_0,0.841,-3.643
1783599942,938361282,robot_1,4.250,-2.817
1783599942,938369967,robot_4,-3.806,3.563
1783599942,938378518,robot_3,0.154,-0.853
1783599943,156117408,robot_2,-1.056,4.338
1783599943,156147059,robot_0,0.841,-3.643
1783599943,156161198,robot_1,4.226,-2.766
1783599943,156173240,robot_4,-3.858,3.528
1783599943,156184268,robot_3,0.193,-0.874
1783599943,357024542,robot_2,-1.111,4.341
1783599943,357053136,robot_0,0.841,-3.643
1783599943,357064100,robot_1,4.199,-2.722
1783599943,357072015,robot_4,-3.908,3.502
1783599943,357079261,robot_3,0.240,-0.907
1783599943,558132531,robot_2,-1.134,4.341
1783599943,558173864,robot_0,0.841,-3.643
1783599943,558196131,robot_1,4.167,-2.682
1783599943,558215398,robot_4,-3.960,3.479
1783599943,558232636,robot_3,0.286,-0.941
1783599943,776909876,robot_2,-1.178,4.340
1783599943,776942517,robot_0,0.841,-3.643
1783599943,776957839,robot_1,4.126,-2.642
1783599943,776971406,robot_4,-4.016,3.462
1783599943,776983852,robot_3,0.340,-0.976
1783599943,996621237,robot_2,-1.215,4.339
1783599943,996645673,robot_0,0.841,-3.643
1783599943,996654488,robot_1,4.081,-2.608
1783599943,996662732,robot_4,-4.070,3.450
1783599943,996670423,robot_3,0.396,-1.006
1783599944,197125995,robot_2,-1.252,4.339
1783599944,197154065,robot_0,0.841,-3.643
1783599944,197166916,robot_1,4.050,-2.590
1783599944,197179053,robot_4,-4.118,3.441
1783599944,197189736,robot_3,0.449,-1.028
1783599944,398450819,robot_2,-1.316,4.338
1783599944,398476112,robot_0,0.841,-3.643
1783599944,398484776,robot_1,4.028,-2.579
1783599944,398491581,robot_4,-4.167,3.434
1783599944,398498450,robot_3,0.504,-1.046
1783599944,617050490,robot_2,-1.361,4.337
1783599944,617069968,robot_0,0.841,-3.643
1783599944,617078664,robot_1,4.005,-2.568
1783599944,617085391,robot_4,-4.220,3.433
1783599944,617092254,robot_3,0.554,-1.058
1783599944,836196265,robot_2,-1.430,4.335
1783599944,836225302,robot_0,0.841,-3.643
1783599944,836239335,robot_1,3.982,-2.556
1783599944,836250763,robot_4,-4.248,3.435
1783599944,836261954,robot_3,0.588,-1.064
1783599945,36372389,robot_2,-1.476,4.335
1783599945,36396574,robot_0,0.841,-3.643
1783599945,36404585,robot_1,3.963,-2.543
1783599945,36410867,robot_4,-4.267,3.438
1783599945,36417030,robot_3,0.618,-1.071
1783599945,256511700,robot_2,-1.539,4.333
1783599945,256531753,robot_0,0.841,-3.643
1783599945,256540602,robot_1,3.944,-2.527
1783599945,256547552,robot_4,-4.267,3.438
1783599945,256553798,robot_3,0.652,-1.082
1783599945,457345992,robot_2,-1.600,4.332
1783599945,457369850,robot_0,0.841,-3.643
1783599945,457380124,robot_1,3.927,-2.510
1783599945,457388335,robot_4,-4.267,3.438
1783599945,457399111,robot_3,0.681,-1.093
1783599945,676514845,robot_2,-1.630,4.332
1783599945,676552664,robot_0,0.841,-3.643
1783599945,676567566,robot_1,3.912,-2.490
1783599945,676579835,robot_4,-4.267,3.438
1783599945,676591971,robot_3,0.712,-1.108
1783599945,876762073,robot_2,-1.660,4.331
1783599945,876795212,robot_0,0.841,-3.643
1783599945,876810341,robot_1,3.899,-2.471
1783599945,876821144,robot_4,-4.267,3.437
1783599945,876828087,robot_3,0.740,-1.123
1783599946,77098167,robot_2,-1.675,4.331
1783599946,77124618,robot_0,0.841,-3.643
1783599946,77137475,robot_1,3.888,-2.449
1783599946,77150350,robot_4,-4.267,3.437
1783599946,77159885,robot_3,0.772,-1.144
1783599946,297189856,robot_2,-1.742,4.330
1783599946,297220173,robot_0,0.841,-3.643
1783599946,297235299,robot_1,3.877,-2.425
1783599946,297248022,robot_4,-4.267,3.438
1783599946,297260066,robot_3,0.807,-1.168
1783599946,516941200,robot_2,-1.785,4.329
1783599946,516963498,robot_0,0.841,-3.643
1783599946,516972614,robot_1,3.865,-2.400
1783599946,516979773,robot_4,-4.267,3.438
1783599946,516986720,robot_3,0.856,-1.201
1783599946,736536589,robot_2,-1.828,4.328
1783599946,736568950,robot_0,0.841,-3.643
1783599946,736584597,robot_1,3.849,-2.378
1783599946,736597625,robot_4,-4.267,3.438
1783599946,736609228,robot_3,0.904,-1.234
1783599946,937222659,robot_2,-1.863,4.327
1783599946,937255717,robot_0,0.841,-3.643
1783599946,937272303,robot_1,3.831,-2.361
1783599946,937286256,robot_4,-4.267,3.439
1783599946,937298542,robot_3,0.934,-1.253
1783599947,157257941,robot_2,-1.884,4.324
1783599947,157282306,robot_0,0.841,-3.643
1783599947,157295677,robot_1,3.809,-2.345
1783599947,157304949,robot_4,-4.267,3.439
1783599947,157315393,robot_3,0.968,-1.273
1783599947,375983175,robot_2,-1.922,4.313
1783599947,376001905,robot_0,0.841,-3.643
1783599947,376009360,robot_1,3.784,-2.333
1783599947,376015463,robot_4,-4.267,3.439
1783599947,376021139,robot_3,1.003,-1.290
1783599947,576435557,robot_2,-1.938,4.306
1783599947,576455654,robot_0,0.841,-3.643
1783599947,576464180,robot_1,3.751,-2.324
1783599947,576471552,robot_4,-4.267,3.439
1783599947,576478265,robot_3,1.037,-1.303
1783599947,796613568,robot_2,-1.971,4.284
1783599947,796644174,robot_0,0.841,-3.643
1783599947,796659209,robot_1,3.707,-2.317
1783599947,796672053,robot_4,-4.267,3.439
1783599947,796684320,robot_3,1.074,-1.316
1783599947,997293431,robot_2,-1.991,4.266
1783599947,997326039,robot_0,0.841,-3.643
1783599947,997340963,robot_1,3.674,-2.313
1783599947,997353478,robot_4,-4.267,3.439
1783599947,997365570,robot_3,1.109,-1.325
1783599948,216456118,robot_2,-2.009,4.243
1783599948,216476371,robot_0,0.841,-3.643
1783599948,216486286,robot_1,3.642,-2.308
1783599948,216493442,robot_4,-4.267,3.439
1783599948,216500217,robot_3,1.148,-1.332
1783599948,436481036,robot_2,-2.028,4.210
1783599948,436520315,robot_0,0.841,-3.643
1783599948,436542077,robot_1,3.592,-2.301
1783599948,436561492,robot_4,-4.267,3.438
1783599948,436579431,robot_3,1.206,-1.340
1783599948,637287715,robot_2,-2.043,4.178
1783599948,637309209,robot_0,0.841,-3.643
1783599948,637317452,robot_1,3.543,-2.295
1783599948,637324777,robot_4,-4.267,3.438
1783599948,637331678,robot_3,1.257,-1.346
1783599948,856337417,robot_2,-2.073,4.115
1783599948,856358886,robot_0,0.841,-3.643
1783599948,856367417,robot_1,3.476,-2.286
1783599948,856374588,robot_4,-4.267,3.438
1783599948,856381070,robot_3,1.280,-1.349
1783599949,56703423,robot_2,-2.099,4.059
1783599949,56726449,robot_0,0.841,-3.643
1783599949,56736522,robot_1,3.419,-2.282
1783599949,56744214,robot_4,-4.267,3.438
1783599949,56753287,robot_3,1.305,-1.352
1783599949,256902485,robot_2,-2.121,4.013
1783599949,256927651,robot_0,0.841,-3.643
1783599949,256938919,robot_1,3.361,-2.283
1783599949,256947179,robot_4,-4.267,3.438
1783599949,256954994,robot_3,1.349,-1.358
1783599949,457702472,robot_2,-2.141,3.969
1783599949,457726317,robot_0,0.841,-3.643
1783599949,457734928,robot_1,3.304,-2.290
1783599949,457741459,robot_4,-4.267,3.438
1783599949,457747763,robot_3,1.398,-1.363
1783599949,677070237,robot_2,-2.160,3.931
1783599949,677098164,robot_0,0.841,-3.643
1783599949,677106996,robot_1,3.241,-2.302
1783599949,677114495,robot_4,-4.267,3.438
1783599949,677121354,robot_3,1.468,-1.372
1783599949,877634537,robot_2,-2.180,3.898
1783599949,877656975,robot_0,0.841,-3.643
1783599949,877666780,robot_1,3.186,-2.319
1783599949,877675050,robot_4,-4.267,3.438
1783599949,877683107,robot_3,1.523,-1.379
1783599950,96640197,robot_2,-2.211,3.862
1783599950,96660435,robot_0,0.841,-3.643
1783599950,96668357,robot_1,3.127,-2.342
1783599950,96675363,robot_4,-4.267,3.438
1783599950,96682464,robot_3,1.545,-1.381
1783599950,315980126,robot_2,-2.255,3.820
1783599950,315998062,robot_0,0.841,-3.643
1783599950,316005628,robot_1,3.070,-2.372
1783599950,316011817,robot_4,-4.268,3.437
1783599950,316017830,robot_3,1.568,-1.380
1783599950,516988790,robot_2,-2.289,3.789
1783599950,517009709,robot_0,0.841,-3.643
1783599950,517018252,robot_1,3.048,-2.384
1783599950,517025251,robot_4,-4.268,3.437
1783599950,517031552,robot_3,1.588,-1.377
1783599950,717055012,robot_2,-2.313,3.766
1783599950,717080881,robot_0,0.841,-3.643
1783599950,717095435,robot_1,3.020,-2.402
1783599950,717107225,robot_4,-4.268,3.437
1783599950,717118248,robot_3,1.608,-1.371
1783599950,917477704,robot_2,-2.346,3.737
1783599950,917496317,robot_0,0.841,-3.643
1783599950,917504973,robot_1,2.976,-2.432
1783599950,917510871,robot_4,-4.268,3.437
1783599950,917516880,robot_3,1.627,-1.362
1783599951,136334255,robot_2,-2.398,3.692
1783599951,136355271,robot_0,0.841,-3.643
1783599951,136363819,robot_1,2.949,-2.456
1783599951,136370806,robot_4,-4.268,3.437
1783599951,136377674,robot_3,1.663,-1.337
1783599951,337156640,robot_2,-2.448,3.655
1783599951,337196939,robot_0,0.841,-3.643
1783599951,337218557,robot_1,2.915,-2.496
1783599951,337237796,robot_4,-4.268,3.437
1783599951,337255347,robot_3,1.715,-1.295
1783599951,537356738,robot_2,-2.500,3.621
1783599951,537408916,robot_0,0.841,-3.643
1783599951,537432572,robot_1,2.890,-2.532
1783599951,537450768,robot_4,-4.268,3.437
1783599951,537467630,robot_3,1.750,-1.267
1783599951,737782751,robot_2,-2.554,3.590
1783599951,737822426,robot_0,0.841,-3.643
1783599951,737843365,robot_1,2.871,-2.570
1783599951,737860253,robot_4,-4.268,3.437
1783599951,737876508,robot_3,1.768,-1.252
1783599951,958192783,robot_2,-2.616,3.560
1783599951,958214684,robot_0,0.841,-3.643
1783599951,958224522,robot_1,2.847,-2.628
1783599951,958232187,robot_4,-4.268,3.437
1783599951,958239584,robot_3,1.798,-1.228
1783599952,177073895,robot_2,-2.680,3.535
1783599952,177100083,robot_0,0.841,-3.643
1783599952,177113366,robot_1,2.835,-2.656
1783599952,177123646,robot_4,-4.268,3.437
1783599952,177133691,robot_3,1.810,-1.218
1783599952,396458973,robot_2,-2.732,3.518
1783599952,396476412,robot_0,0.841,-3.643
1783599952,396484510,robot_1,2.821,-2.689
1783599952,396490684,robot_4,-4.268,3.437
1783599952,396497047,robot_3,1.810,-1.218
1783599952,597226191,robot_2,-2.776,3.504
1783599952,597252422,robot_0,0.841,-3.643
1783599952,597266641,robot_1,2.815,-2.704
1783599952,597277753,robot_4,-4.268,3.437
1783599952,597288653,robot_3,1.810,-1.218
1783599952,816935567,robot_2,-2.822,3.484
1783599952,816967798,robot_0,0.841,-3.643
1783599952,816984709,robot_1,2.801,-2.736
1783599952,816996408,robot_4,-4.268,3.437
1783599952,817004544,robot_3,1.810,-1.217
1783599953,36925641,robot_2,-2.865,3.458
1783599953,36946127,robot_0,0.841,-3.643
1783599953,36954108,robot_1,2.791,-2.760
1783599953,36961239,robot_4,-4.268,3.437
1783599953,36967482,robot_3,1.810,-1.217
1783599953,237069793,robot_2,-2.901,3.429
1783599953,237105601,robot_0,0.841,-3.643
1783599953,237121812,robot_1,2.781,-2.784
1783599953,237134760,robot_4,-4.268,3.437
1783599953,237146821,robot_3,1.810,-1.217
1783599953,438602150,robot_2,-2.933,3.396
1783599953,438623383,robot_0,0.841,-3.643
1783599953,438632057,robot_1,2.768,-2.814
1783599953,438639727,robot_4,-4.268,3.437
1783599953,438647554,robot_3,1.810,-1.217
1783599953,656867296,robot_2,-2.962,3.358
1783599953,656898416,robot_0,0.841,-3.643
1783599953,656913685,robot_1,2.761,-2.831
1783599953,656925530,robot_4,-4.269,3.436
1783599953,656937143,robot_3,1.815,-1.216
1783599953,877343759,robot_2,-2.974,3.337
1783599953,877374612,robot_0,0.841,-3.643
1783599953,877392813,robot_1,2.748,-2.864
1783599953,877405707,robot_4,-4.269,3.436
1783599953,877417913,robot_3,1.862,-1.212
1783599954,96480224,robot_2,-2.989,3.308
1783599954,96501179,robot_0,0.841,-3.643
1783599954,96510553,robot_1,2.728,-2.909
1783599954,96517785,robot_4,-4.269,3.436
1783599954,96525597,robot_3,1.892,-1.210
1783599954,296549889,robot_2,-3.015,3.259
1783599954,296578602,robot_0,0.841,-3.643
1783599954,296592875,robot_1,2.700,-2.960
1783599954,296604393,robot_4,-4.269,3.436
1783599954,296615518,robot_3,1.924,-1.207
1783599954,497035042,robot_2,-3.042,3.207
1783599954,497068180,robot_0,0.841,-3.643
1783599954,497083678,robot_1,2.673,-3.008
1783599954,497095926,robot_4,-4.269,3.436
1783599954,497107805,robot_3,1.959,-1.204
1783599954,716266924,robot_2,-3.074,3.144
1783599954,716289796,robot_0,0.841,-3.643
1783599954,716300954,robot_1,2.654,-3.043
1783599954,716310878,robot_4,-4.268,3.437
1783599954,716320064,robot_3,1.980,-1.202
1783599954,917290398,robot_2,-3.098,3.099
1783599954,917321672,robot_0,0.841,-3.643
1783599954,917337715,robot_1,2.631,-3.083
1783599954,917351473,robot_4,-4.268,3.437
1783599954,917364037,robot_3,2.008,-1.200
1783599955,136691769,robot_2,-3.109,3.077
1783599955,136718926,robot_0,0.841,-3.643
1783599955,136733938,robot_1,2.618,-3.104
1783599955,136745594,robot_4,-4.268,3.437
1783599955,136756844,robot_3,2.026,-1.198
1783599955,337037658,robot_2,-3.127,3.043
1783599955,337069870,robot_0,0.841,-3.643
1783599955,337087372,robot_1,2.594,-3.137
1783599955,337102331,robot_4,-4.268,3.437
1783599955,337116576,robot_3,2.072,-1.194
1783599955,556590146,robot_2,-3.157,2.986
1783599955,556630839,robot_0,0.841,-3.643
1783599955,556641571,robot_1,2.564,-3.170
1783599955,556652188,robot_4,-4.268,3.437
1783599955,556662219,robot_3,2.122,-1.190
1783599955,776351055,robot_2,-3.177,2.947
1783599955,776386568,robot_0,0.841,-3.643
1783599955,776406905,robot_1,2.530,-3.199
1783599955,776420709,robot_4,-4.268,3.437
1783599955,776432789,robot_3,2.123,-1.190
1783599955,977033960,robot_2,-3.188,2.922
1783599955,977069363,robot_0,0.841,-3.643
1783599955,977085854,robot_1,2.496,-3.222
1783599955,977098980,robot_4,-4.268,3.437
1783599955,977111108,robot_3,2.123,-1.190
1783599956,196702996,robot_2,-3.198,2.893
1783599956,196721030,robot_0,0.841,-3.643
1783599956,196729233,robot_1,2.457,-3.244
1783599956,196736562,robot_4,-4.268,3.437
1783599956,196743492,robot_3,2.123,-1.190
1783599956,396921429,robot_2,-3.203,2.866
1783599956,396938384,robot_0,0.841,-3.643
1783599956,396946692,robot_1,2.417,-3.260
1783599956,396952888,robot_4,-4.268,3.437
1783599956,396958934,robot_3,2.123,-1.190
1783599956,597034823,robot_2,-3.206,2.839
1783599956,597057790,robot_0,0.841,-3.643
1783599956,597069424,robot_1,2.364,-3.278
1783599956,597078945,robot_4,-4.269,3.437
1783599956,597087865,robot_3,2.123,-1.190
1783599956,816090797,robot_2,-3.206,2.809
1783599956,816117338,robot_0,0.841,-3.643
1783599956,816131132,robot_1,2.306,-3.297
1783599956,816142440,robot_4,-4.269,3.436
1783599956,816153441,robot_3,2.168,-1.192
1783599957,17067895,robot_2,-3.203,2.782
1783599957,17099008,robot_0,0.841,-3.643
1783599957,17114044,robot_1,2.255,-3.319
1783599957,17126528,robot_4,-4.269,3.436
1783599957,17137647,robot_3,2.219,-1.198
1783599957,237130064,robot_2,-3.192,2.738
1783599957,237158567,robot_0,0.841,-3.643
1783599957,237173136,robot_1,2.202,-3.349
1783599957,237185675,robot_4,-4.269,3.436
1783599957,237196598,robot_3,2.252,-1.205
1783599957,456411872,robot_2,-3.172,2.675
1783599957,456443210,robot_0,0.841,-3.643
1783599957,456459066,robot_1,2.153,-3.385
1783599957,456472855,robot_4,-4.270,3.436
1783599957,456485522,robot_3,2.308,-1.220
1783599957,676102656,robot_2,-3.151,2.611
1783599957,676141829,robot_0,0.841,-3.643
1783599957,676157154,robot_1,2.107,-3.425
1783599957,676170106,robot_4,-4.270,3.436
1783599957,676182216,robot_3,2.340,-1.229
1783599957,877325352,robot_2,-3.132,2.552
1783599957,877347703,robot_0,0.841,-3.643
1783599957,877356764,robot_1,2.071,-3.465
1783599957,877364832,robot_4,-4.270,3.436
1783599957,877372201,robot_3,2.404,-1.246
1783599958,96345056,robot_2,-3.116,2.503
1783599958,96373709,robot_0,0.841,-3.643
1783599958,96393650,robot_1,2.046,-3.498
1783599958,96407594,robot_4,-4.270,3.436
1783599958,96420206,robot_3,2.463,-1.262
1783599958,296724808,robot_2,-3.106,2.464
1783599958,296750332,robot_0,0.841,-3.643
1783599958,296764400,robot_1,2.023,-3.529
1783599958,296775905,robot_4,-4.269,3.436
1783599958,296787076,robot_3,2.518,-1.277
1783599958,516795886,robot_2,-3.102,2.419
1783599958,516815849,robot_0,0.841,-3.643
1783599958,516824598,robot_1,1.995,-3.559
1783599958,516831589,robot_4,-4.269,3.436
1783599958,516838010,robot_3,2.552,-1.286
1783599958,717238216,robot_2,-3.105,2.378
1783599958,717267009,robot_0,0.841,-3.643
1783599958,717282441,robot_1,1.967,-3.585
1783599958,717288793,robot_4,-4.269,3.437
1783599958,717295518,robot_3,2.565,-1.289
1783599958,936418647,robot_2,-3.115,2.334
1783599958,936449431,robot_0,0.841,-3.643
1783599958,936464771,robot_1,1.933,-3.609
1783599958,936478627,robot_4,-4.269,3.437
1783599958,936490949,robot_3,2.589,-1.296
1783599959,137989291,robot_2,-3.123,2.315
1783599959,138028167,robot_0,0.841,-3.643
1783599959,138044825,robot_1,1.900,-3.628
1783599959,138057990,robot_4,-4.268,3.437
1783599959,138071156,robot_3,2.599,-1.299
1783599959,357094490,robot_2,-3.147,2.276
1783599959,357123319,robot_0,0.841,-3.643
1783599959,357137932,robot_1,1.862,-3.644
1783599959,357149452,robot_4,-4.268,3.437
1783599959,357160438,robot_3,2.644,-1.311
1783599959,557147291,robot_2,-3.161,2.258
1783599959,557174253,robot_0,0.841,-3.643
1783599959,557188722,robot_1,1.815,-3.659
1783599959,557200558,robot_4,-4.268,3.437
1783599959,557211848,robot_3,2.682,-1.321
1783599959,776541314,robot_2,-3.200,2.224
1783599959,776565813,robot_0,0.841,-3.643
1783599959,776578727,robot_1,1.783,-3.668
1783599959,776589181,robot_4,-4.268,3.437
1783599959,776598717,robot_3,2.718,-1.330
1783599959,997626345,robot_2,-3.252,2.178
1783599959,997658299,robot_0,0.841,-3.643
1783599959,997673097,robot_1,1.783,-3.668
1783599959,997685946,robot_4,-4.268,3.438
1783599959,997698461,robot_3,2.778,-1.347
1783599960,216142967,robot_2,-3.308,2.130
1783599960,216165254,robot_0,0.841,-3.643
1783599960,216177085,robot_1,1.783,-3.669
1783599960,216186086,robot_4,-4.268,3.438
1783599960,216195629,robot_3,2.815,-1.357
1783599960,416681906,robot_2,-3.345,2.099
1783599960,416709101,robot_0,0.841,-3.643
1783599960,416724601,robot_1,1.783,-3.669
1783599960,416738067,robot_4,-4.268,3.438
1783599960,416750675,robot_3,2.870,-1.372
1783599960,616778505,robot_2,-3.381,2.070
1783599960,616796520,robot_0,0.841,-3.643
1783599960,616804783,robot_1,1.783,-3.670
1783599960,616811851,robot_4,-4.268,3.438
1783599960,616818838,robot_3,2.908,-1.382
1783599960,816903013,robot_2,-3.420,2.044
1783599960,816928704,robot_0,0.841,-3.643
1783599960,816942636,robot_1,1.783,-3.670
1783599960,816954356,robot_4,-4.268,3.438
1783599960,816965235,robot_3,2.956,-1.395
1783599961,36134343,robot_2,-3.464,2.019
1783599961,36153764,robot_0,0.841,-3.643
1783599961,36162762,robot_1,1.782,-3.670
1783599961,36169769,robot_4,-4.267,3.439
1783599961,36176419,robot_3,3.015,-1.410
1783599961,237333030,robot_2,-3.506,1.998
1783599961,237381533,robot_0,0.841,-3.643
1783599961,237402131,robot_1,1.775,-3.664
1783599961,237415247,robot_4,-4.267,3.439
1783599961,237427544,robot_3,3.046,-1.419
1783599961,457718315,robot_2,-3.553,1.979
1783599961,457739740,robot_0,0.841,-3.643
1783599961,457748615,robot_1,1.747,-3.635
1783599961,457756311,robot_4,-4.267,3.439
1783599961,457762943,robot_3,3.099,-1.433
1783599961,677749422,robot_2,-3.601,1.963
1783599961,677773744,robot_0,0.841,-3.643
1783599961,677782278,robot_1,1.714,-3.600
1783599961,677788748,robot_4,-4.267,3.438
1783599961,677796009,robot_3,3.133,-1.442
1783599961,896665972,robot_2,-3.635,1.954
1783599961,896691557,robot_0,0.841,-3.643
1783599961,896703634,robot_1,1.681,-3.558
1783599961,896713078,robot_4,-4.268,3.438
1783599961,896721841,robot_3,3.190,-1.458
1783599962,116011990,robot_2,-3.663,1.947
1783599962,116039601,robot_0,0.841,-3.643
1783599962,116054703,robot_1,1.664,-3.533
1783599962,116067267,robot_4,-4.268,3.438
1783599962,116079136,robot_3,3.215,-1.464
1783599962,316528127,robot_2,-3.718,1.935
1783599962,316546242,robot_0,0.841,-3.643
1783599962,316554820,robot_1,1.646,-3.488
1783599962,316561172,robot_4,-4.268,3.437
1783599962,316567889,robot_3,3.246,-1.473
1783599962,538059177,robot_2,-3.783,1.919
1783599962,538088012,robot_0,0.841,-3.643
1783599962,538101782,robot_1,1.631,-3.435
1783599962,538113631,robot_4,-4.268,3.437
1783599962,538124751,robot_3,3.278,-1.481
1783599962,756720563,robot_2,-3.813,1.912
1783599962,756743495,robot_0,0.841,-3.643
1783599962,756754784,robot_1,1.627,-3.422
1783599962,756763562,robot_4,-4.269,3.437
1783599962,756772304,robot_3,3.312,-1.490
1783599962,957069846,robot_2,-3.837,1.904
1783599962,957094300,robot_0,0.841,-3.643
1783599962,957105745,robot_1,1.620,-3.391
1783599962,957114399,robot_4,-4.269,3.437
1783599962,957122995,robot_3,3.346,-1.499
1783599963,157115766,robot_2,-3.860,1.894
1783599963,157145835,robot_0,0.841,-3.643
1783599963,157161801,robot_1,1.610,-3.350
1783599963,157176197,robot_4,-4.269,3.437
1783599963,157190256,robot_3,3.380,-1.504
1783599963,376475767,robot_2,-3.883,1.879
1783599963,376503457,robot_0,0.841,-3.643
1783599963,376510987,robot_1,1.596,-3.287
1783599963,376517312,robot_4,-4.269,3.437
1783599963,376523983,robot_3,3.425,-1.505
1783599963,597046433,robot_2,-3.905,1.862
1783599963,597068281,robot_0,0.841,-3.643
1783599963,597076923,robot_1,1.586,-3.247
1783599963,597082936,robot_4,-4.269,3.437
1783599963,597089220,robot_3,3.489,-1.500
1783599963,815780852,robot_2,-3.924,1.843
1783599963,815801311,robot_0,0.841,-3.643
1783599963,815811345,robot_1,1.580,-3.223
1783599963,815819332,robot_4,-4.269,3.437
1783599963,815827065,robot_3,3.552,-1.493
1783599964,19354575,robot_2,-3.945,1.816
1783599964,19401958,robot_0,0.841,-3.643
1783599964,19424252,robot_1,1.574,-3.196
1783599964,19441887,robot_4,-4.269,3.436
1783599964,19458607,robot_3,3.607,-1.486
1783599964,237664484,robot_2,-3.971,1.773
1783599964,237704230,robot_0,0.841,-3.643
1783599964,237726104,robot_1,1.567,-3.167
1783599964,237744225,robot_4,-4.270,3.436
1783599964,237761909,robot_3,3.667,-1.473
1783599964,458744391,robot_2,-3.994,1.728
1783599964,458777742,robot_0,0.841,-3.643
1783599964,458793252,robot_1,1.559,-3.135
1783599964,458805727,robot_4,-4.270,3.436
1783599964,458818165,robot_3,3.725,-1.456
1783599964,676160086,robot_2,-4.011,1.680
1783599964,676205920,robot_0,0.841,-3.643
1783599964,676218759,robot_1,1.555,-3.118
1783599964,676229656,robot_4,-4.271,3.436
1783599964,676240402,robot_3,3.782,-1.434
1783599964,876369727,robot_2,-4.022,1.636
1783599964,876387190,robot_0,0.841,-3.643
1783599964,876404783,robot_1,1.550,-3.096
1783599964,876413021,robot_4,-4.271,3.436
1783599964,876419199,robot_3,3.833,-1.410
1783599965,76811164,robot_2,-4.028,1.590
1783599965,76831208,robot_0,0.841,-3.643
1783599965,76840412,robot_1,1.548,-3.085
1783599965,76848089,robot_4,-4.271,3.437
1783599965,76854912,robot_3,3.881,-1.383
1783599965,276909065,robot_2,-4.030,1.544
1783599965,276934917,robot_0,0.841,-3.643
1783599965,276945198,robot_1,1.542,-3.063
1783599965,276952708,robot_4,-4.271,3.437
1783599965,276959636,robot_3,3.932,-1.349
1783599965,477473421,robot_2,-4.029,1.511
1783599965,477506684,robot_0,0.841,-3.643
1783599965,477521785,robot_1,1.538,-3.043
1783599965,477533759,robot_4,-4.271,3.437
1783599965,477546282,robot_3,3.982,-1.311
1783599965,697218243,robot_2,-4.026,1.481
1783599965,697241556,robot_0,0.841,-3.643
1783599965,697252112,robot_1,1.534,-3.028
1783599965,697261526,robot_4,-4.271,3.437
1783599965,697270338,robot_3,4.034,-1.266
1783599965,916231535,robot_2,-4.023,1.447
1783599965,916254220,robot_0,0.841,-3.643
1783599965,916262461,robot_1,1.528,-3.004
1783599965,916269092,robot_4,-4.271,3.437
1783599965,916275529,robot_3,4.083,-1.217
1783599966,116663558,robot_2,-4.020,1.416
1783599966,116686991,robot_0,0.841,-3.643
1783599966,116699225,robot_1,1.526,-2.993
1783599966,116708761,robot_4,-4.271,3.436
1783599966,116718278,robot_3,4.124,-1.170
1783599966,337856469,robot_2,-4.015,1.362
1783599966,337877302,robot_0,0.841,-3.643
1783599966,337887033,robot_1,1.515,-2.947
1783599966,337894526,robot_4,-4.270,3.436
1783599966,337902116,robot_3,4.165,-1.115
1783599966,555924276,robot_2,-4.010,1.307
1783599966,555942742,robot_0,0.841,-3.643
1783599966,555951542,robot_1,1.506,-2.910
1783599966,555957831,robot_4,-4.270,3.437
1783599966,555964542,robot_3,4.201,-1.061
1783599966,755957116,robot_2,-4.004,1.254
1783599966,755975842,robot_0,0.841,-3.643
1783599966,755984716,robot_1,1.506,-2.910
1783599966,755991619,robot_4,-4.270,3.437
1783599966,755998167,robot_3,4.224,-1.022
1783599966,960024693,robot_2,-3.993,1.201
1783599966,960049914,robot_0,0.841,-3.643
1783599966,960062777,robot_1,1.506,-2.910
1783599966,960072851,robot_4,-4.270,3.437
1783599966,960082436,robot_3,4.255,-0.969
1783599967,176136447,robot_2,-3.976,1.145
1783599967,176165588,robot_0,0.841,-3.643
1783599967,176181784,robot_1,1.506,-2.910
1783599967,176194879,robot_4,-4.271,3.437
1783599967,176207846,robot_3,4.263,-0.955
1783599967,376890538,robot_2,-3.956,1.096
1783599967,376919509,robot_0,0.841,-3.643
1783599967,376934860,robot_1,1.506,-2.910
1783599967,376947349,robot_4,-4.271,3.437
1783599967,376959125,robot_3,4.263,-0.955
1783599967,576935532,robot_2,-3.932,1.052
1783599967,576962815,robot_0,0.841,-3.643
1783599967,576973919,robot_1,1.506,-2.910
1783599967,576982430,robot_4,-4.271,3.437
1783599967,576991447,robot_3,4.263,-0.955
1783599967,796314639,robot_2,-3.905,1.007
1783599967,796345706,robot_0,0.841,-3.643
1783599967,796361213,robot_1,1.506,-2.910
1783599967,796374608,robot_4,-4.272,3.437
1783599967,796386968,robot_3,4.263,-0.955
1783599967,996946755,robot_2,-3.883,0.971
1783599967,996981064,robot_0,0.841,-3.643
1783599967,996989093,robot_1,1.505,-2.910
1783599967,996996293,robot_4,-4.272,3.437
1783599967,997004682,robot_3,4.263,-0.955
1783599968,197079056,robot_2,-3.862,0.936
1783599968,197109467,robot_0,0.841,-3.643
1783599968,197124941,robot_1,1.505,-2.910
1783599968,197137992,robot_4,-4.272,3.437
1783599968,197150398,robot_3,4.263,-0.955
1783599968,397979870,robot_2,-3.840,0.898
1783599968,398002941,robot_0,0.841,-3.643
1783599968,398010897,robot_1,1.505,-2.910
1783599968,398018214,robot_4,-4.272,3.437
1783599968,398024730,robot_3,4.263,-0.955
1783599968,616539703,robot_2,-3.818,0.855
1783599968,616561759,robot_0,0.841,-3.643
1783599968,616572364,robot_1,1.504,-2.910
1783599968,616580574,robot_4,-4.272,3.437
1783599968,616588512,robot_3,4.263,-0.955
1783599968,837305266,robot_2,-3.800,0.809
1783599968,837335787,robot_0,0.841,-3.643
1783599968,837350417,robot_1,1.504,-2.910
1783599968,837363030,robot_4,-4.271,3.437
1783599968,837374820,robot_3,4.263,-0.955
1783599969,37335653,robot_2,-3.789,0.766
1783599969,37366881,robot_0,0.841,-3.643
1783599969,37381960,robot_1,1.504,-2.909
1783599969,37403347,robot_4,-4.271,3.437
1783599969,37416096,robot_3,4.263,-0.955
1783599969,237445383,robot_2,-3.781,0.723
1783599969,237467274,robot_0,0.841,-3.643
1783599969,237475527,robot_1,1.504,-2.909
1783599969,237482453,robot_4,-4.271,3.437
1783599969,237489441,robot_3,4.262,-0.955
1783599969,457034477,robot_2,-3.778,0.674
1783599969,457055849,robot_0,0.841,-3.643
1783599969,457065328,robot_1,1.504,-2.909
1783599969,457071931,robot_4,-4.271,3.437
1783599969,457078391,robot_3,4.262,-0.955
1783599969,657192394,robot_2,-3.780,0.630
1783599969,657210873,robot_0,0.841,-3.643
1783599969,657219225,robot_1,1.504,-2.910
1783599969,657226161,robot_4,-4.271,3.437
1783599969,657233439,robot_3,4.262,-0.955
1783599969,876520027,robot_2,-3.788,0.575
1783599969,876537910,robot_0,0.841,-3.643
1783599969,876545878,robot_1,1.504,-2.910
1783599969,876552221,robot_4,-4.271,3.437
1783599969,876559404,robot_3,4.262,-0.954
1783599970,77300956,robot_2,-3.802,0.523
1783599970,77337800,robot_0,0.841,-3.643
1783599970,77355048,robot_1,1.505,-2.910
1783599970,77369878,robot_4,-4.270,3.437
1783599970,77382147,robot_3,4.262,-0.954
1783599970,296372331,robot_2,-3.823,0.469
1783599970,296396613,robot_0,0.841,-3.643
1783599970,296406028,robot_1,1.505,-2.910
1783599970,296413359,robot_4,-4.270,3.437
1783599970,296420339,robot_3,4.262,-0.954
1783599970,498288435,robot_2,-3.848,0.422
1783599970,498310787,robot_0,0.841,-3.643
1783599970,498320017,robot_1,1.505,-2.910
1783599970,498327825,robot_4,-4.270,3.437
1783599970,498335048,robot_3,4.262,-0.954
1783599970,716082996,robot_2,-3.881,0.374
1783599970,716109789,robot_0,0.841,-3.643
1783599970,716124040,robot_1,1.505,-2.910
1783599970,716135470,robot_4,-4.270,3.437
1783599970,716146286,robot_3,4.262,-0.954
1783599970,916453079,robot_2,-3.916,0.334
1783599970,916473790,robot_0,0.841,-3.643
1783599970,916481900,robot_1,1.505,-2.910
1783599970,916489076,robot_4,-4.270,3.437
1783599970,916495529,robot_3,4.262,-0.954
1783599971,136514012,robot_2,-3.959,0.295
1783599971,136546186,robot_0,0.841,-3.643
1783599971,136561721,robot_1,1.505,-2.910
1783599971,136574552,robot_4,-4.271,3.437
1783599971,136587115,robot_3,4.262,-0.954
1783599971,337858694,robot_2,-3.981,0.278
1783599971,337880897,robot_0,0.841,-3.643
1783599971,337889823,robot_1,1.505,-2.910
1783599971,337897233,robot_4,-4.271,3.437
1783599971,337904458,robot_3,4.262,-0.953
1783599971,556401123,robot_2,-4.005,0.263
1783599971,556452287,robot_0,0.841,-3.643
1783599971,556467313,robot_1,1.505,-2.910
1783599971,556479928,robot_4,-4.271,3.437
1783599971,556492097,robot_3,4.262,-0.953
1783599971,756462651,robot_2,-4.025,0.249
1783599971,756494869,robot_0,0.841,-3.643
1783599971,756510835,robot_1,1.504,-2.910
1783599971,756524205,robot_4,-4.271,3.437
1783599971,756537123,robot_3,4.262,-0.953
1783599971,956830584,robot_2,-4.044,0.232
1783599971,956864120,robot_0,0.841,-3.643
1783599971,956880730,robot_1,1.504,-2.910
1783599971,956894804,robot_4,-4.272,3.437
1783599971,956907871,robot_3,4.262,-0.953
1783599972,176231498,robot_2,-4.060,0.210
1783599972,176251682,robot_0,0.841,-3.643
1783599972,176260670,robot_1,1.504,-2.909
1783599972,176268056,robot_4,-4.272,3.437
1783599972,176274354,robot_3,4.262,-0.953
1783599972,395694866,robot_2,-4.073,0.186
1783599972,395714716,robot_0,0.841,-3.643
1783599972,395722355,robot_1,1.504,-2.909
1783599972,395728956,robot_4,-4.272,3.437
1783599972,395735237,robot_3,4.262,-0.953
1783599972,596706408,robot_2,-4.077,0.173
1783599972,596727190,robot_0,0.841,-3.643
1783599972,596735063,robot_1,1.504,-2.909
1783599972,596741427,robot_4,-4.272,3.438
1783599972,596747563,robot_3,4.262,-0.953
1783599972,816966314,robot_2,-4.087,0.114
1783599972,817001318,robot_0,0.841,-3.643
1783599972,817022264,robot_1,1.504,-2.909
1783599972,817039696,robot_4,-4.247,3.485
1783599972,817055730,robot_3,4.262,-0.953
1783599973,37119724,robot_2,-4.092,0.070
1783599973,37146351,robot_0,0.841,-3.643
1783599973,37155605,robot_1,1.504,-2.909
1783599973,37162410,robot_4,-4.220,3.540
1783599973,37168512,robot_3,4.262,-0.953
1783599973,255766255,robot_2,-4.099,0.014
1783599973,255786170,robot_0,0.841,-3.643
1783599973,255795411,robot_1,1.510,-2.899
1783599973,255802999,robot_4,-4.218,3.543
1783599973,255809651,robot_3,4.262,-0.954
1783599973,456600796,robot_2,-4.105,-0.042
1783599973,456638162,robot_0,0.841,-3.643
1783599973,456647804,robot_1,1.525,-2.872
1783599973,456656477,robot_4,-4.218,3.543
1783599973,456664902,robot_3,4.262,-0.954
1783599973,656772692,robot_2,-4.110,-0.078
1783599973,656795793,robot_0,0.841,-3.643
1783599973,656805667,robot_1,1.526,-2.870
1783599973,656813369,robot_4,-4.218,3.543
1783599973,656820473,robot_3,4.262,-0.954
1783599973,856867460,robot_2,-4.116,-0.137
1783599973,856903989,robot_0,0.841,-3.643
1783599973,856920451,robot_1,1.527,-2.870
1783599973,856934038,robot_4,-4.218,3.543
1783599973,856946904,robot_3,4.262,-0.954
1783599974,77568059,robot_2,-4.121,-0.178
1783599974,77598774,robot_0,0.841,-3.643
1783599974,77615263,robot_1,1.527,-2.870
1783599974,77629834,robot_4,-4.217,3.543
1783599974,77643199,robot_3,4.262,-0.954
1783599974,296754961,robot_2,-4.129,-0.240
1783599974,296784778,robot_0,0.841,-3.643
1783599974,296800021,robot_1,1.527,-2.870
1783599974,296813300,robot_4,-4.217,3.543
1783599974,296825939,robot_3,4.262,-0.955
1783599974,497184376,robot_2,-4.134,-0.290
1783599974,497217067,robot_0,0.841,-3.643
1783599974,497232088,robot_1,1.527,-2.870
1783599974,497244704,robot_4,-4.217,3.543
1783599974,497256665,robot_3,4.262,-0.955
1783599974,715924896,robot_2,-4.138,-0.336
1783599974,715945864,robot_0,0.841,-3.643
1783599974,715956752,robot_1,1.528,-2.870
1783599974,715963031,robot_4,-4.217,3.543
1783599974,715968950,robot_3,4.263,-0.955
1783599974,916081541,robot_2,-4.138,-0.392
1783599974,916110370,robot_0,0.841,-3.643
1783599974,916126294,robot_1,1.528,-2.870
1783599974,916139760,robot_4,-4.217,3.543
1783599974,916152300,robot_3,4.263,-0.955
1783599975,117160671,robot_2,-4.135,-0.422
1783599975,117186077,robot_0,0.841,-3.643
1783599975,117200013,robot_1,1.528,-2.870
1783599975,117211750,robot_4,-4.216,3.543
1783599975,117222771,robot_3,4.263,-0.955
1783599975,337209867,robot_2,-4.124,-0.482
1783599975,337234554,robot_0,0.841,-3.643
1783599975,337246201,robot_1,1.528,-2.870
1783599975,337254900,robot_4,-4.216,3.543
1783599975,337264320,robot_3,4.275,-0.904
1783599975,538263875,robot_2,-4.115,-0.519
1783599975,538294525,robot_0,0.841,-3.643
1783599975,538309158,robot_1,1.528,-2.870
1783599975,538320971,robot_4,-4.216,3.543
1783599975,538332030,robot_3,4.287,-0.851
1783599975,755817047,robot_2,-4.105,-0.541
1783599975,755835071,robot_0,0.841,-3.643
1783599975,755843137,robot_1,1.528,-2.870
1783599975,755849610,robot_4,-4.217,3.543
1783599975,755855535,robot_3,4.295,-0.812
1783599975,958365862,robot_2,-4.078,-0.596
1783599975,958422609,robot_0,0.841,-3.643
1783599975,958441050,robot_1,1.528,-2.870
1783599975,958453847,robot_4,-4.217,3.543
1783599975,958465077,robot_3,4.308,-0.757
1783599976,176287991,robot_2,-4.044,-0.659
1783599976,176315482,robot_0,0.841,-3.643
1783599976,176329826,robot_1,1.528,-2.870
1783599976,176341339,robot_4,-4.217,3.543
1783599976,176352219,robot_3,4.316,-0.720
1783599976,377833658,robot_2,-4.012,-0.716
1783599976,377860799,robot_0,0.841,-3.643
1783599976,377875084,robot_1,1.528,-2.870
1783599976,377886584,robot_4,-4.218,3.543
1783599976,377897781,robot_3,4.328,-0.665
1783599976,596646967,robot_2,-3.978,-0.779
1783599976,596696489,robot_0,0.841,-3.643
1783599976,596711032,robot_1,1.528,-2.870
1783599976,596724059,robot_4,-4.218,3.543
1783599976,596735927,robot_3,4.338,-0.617
1783599976,816387495,robot_2,-3.957,-0.817
1783599976,816419283,robot_0,0.841,-3.643
1783599976,816434026,robot_1,1.528,-2.870
1783599976,816446834,robot_4,-4.218,3.544
1783599976,816458754,robot_3,4.349,-0.569
1783599977,16741212,robot_2,-3.942,-0.845
1783599977,16770965,robot_0,0.841,-3.643
1783599977,16785886,robot_1,1.529,-2.870
1783599977,16798029,robot_4,-4.218,3.543
1783599977,16809774,robot_3,4.360,-0.518
1783599977,236184158,robot_2,-3.924,-0.877
1783599977,236214902,robot_0,0.841,-3.643
1783599977,236230519,robot_1,1.529,-2.870
1783599977,236243522,robot_4,-4.218,3.543
1783599977,236255964,robot_3,4.368,-0.483
1783599977,437399187,robot_2,-3.911,-0.908
1783599977,437422181,robot_0,0.841,-3.643
1783599977,437430700,robot_1,1.529,-2.870
1783599977,437438890,robot_4,-4.217,3.543
1783599977,437445405,robot_3,4.381,-0.426
1783599977,656946697,robot_2,-3.900,-0.944
1783599977,656966004,robot_0,0.841,-3.643
1783599977,656975384,robot_1,1.521,-2.862
1783599977,656982408,robot_4,-4.217,3.543
1783599977,656988962,robot_3,4.391,-0.379
1783599977,876702400,robot_2,-3.895,-0.980
1783599977,876720392,robot_0,0.841,-3.643
1783599977,876728738,robot_1,1.499,-2.843
1783599977,876735021,robot_4,-4.217,3.544
1783599977,876741964,robot_3,4.404,-0.319
1783599978,76747259,robot_2,-3.894,-1.014
1783599978,76771772,robot_0,0.841,-3.643
1783599978,76781918,robot_1,1.489,-2.834
1783599978,76789399,robot_4,-4.216,3.544
1783599978,76796841,robot_3,4.407,-0.305
1783599978,297280386,robot_2,-3.898,-1.051
1783599978,297305295,robot_0,0.841,-3.643
1783599978,297317644,robot_1,1.467,-2.816
1783599978,297327614,robot_4,-4.216,3.544
1783599978,297337894,robot_3,4.411,-0.286
1783599978,497718490,robot_2,-3.908,-1.091
1783599978,497753103,robot_0,0.841,-3.643
1783599978,497769243,robot_1,1.449,-2.801
1783599978,497782421,robot_4,-4.216,3.544
1783599978,497794480,robot_3,4.416,-0.265
1783599978,716402260,robot_2,-3.931,-1.156
1783599978,716421923,robot_0,0.841,-3.643
1783599978,716431121,robot_1,1.434,-2.789
1783599978,716438698,robot_4,-4.216,3.544
1783599978,716445921,robot_3,4.416,-0.263
1783599978,936878193,robot_2,-3.950,-1.208
1783599978,936898120,robot_0,0.841,-3.643
1783599978,936906449,robot_1,1.412,-2.770
1783599978,936913953,robot_4,-4.216,3.544
1783599978,936920147,robot_3,4.416,-0.263
1783599979,157494016,robot_2,-3.962,-1.242
1783599979,157522966,robot_0,0.841,-3.643
1783599979,157537496,robot_1,1.399,-2.760
1783599979,157550140,robot_4,-4.217,3.544
1783599979,157561957,robot_3,4.417,-0.263
1783599979,378234012,robot_2,-3.975,-1.276
1783599979,378261849,robot_0,0.841,-3.643
1783599979,378277212,robot_1,1.358,-2.727
1783599979,378289765,robot_4,-4.217,3.544
1783599979,378301236,robot_3,4.417,-0.263
1783599979,596610766,robot_2,-3.988,-1.311
1783599979,596641834,robot_0,0.841,-3.643
1783599979,596657199,robot_1,1.332,-2.708
1783599979,596669906,robot_4,-4.218,3.544
1783599979,596681179,robot_3,4.417,-0.263
1783599979,797256776,robot_2,-4.004,-1.355
1783599979,797290294,robot_0,0.841,-3.643
1783599979,797298672,robot_1,1.290,-2.687
1783599979,797305498,robot_4,-4.218,3.544
1783599979,797312329,robot_3,4.417,-0.263
1783599979,998263950,robot_2,-4.018,-1.403
1783599979,998298651,robot_0,0.841,-3.643
1783599979,998315267,robot_1,1.247,-2.670
1783599979,998329303,robot_4,-4.218,3.544
1783599979,998342454,robot_3,4.417,-0.263
1783599980,216106206,robot_2,-4.030,-1.456
1783599980,216135653,robot_0,0.841,-3.643
1783599980,216151357,robot_1,1.216,-2.662
1783599980,216164008,robot_4,-4.218,3.544
1783599980,216176302,robot_3,4.417,-0.263
1783599980,416277828,robot_2,-4.036,-1.506
1783599980,416297942,robot_0,0.841,-3.643
1783599980,416307590,robot_1,1.164,-2.655
1783599980,416316161,robot_4,-4.218,3.544
1783599980,416323803,robot_3,4.417,-0.263
1783599980,616475021,robot_2,-4.039,-1.555
1783599980,616493756,robot_0,0.841,-3.643
1783599980,616502520,robot_1,1.126,-2.653
1783599980,616510519,robot_4,-4.218,3.544
1783599980,616518065,robot_3,4.418,-0.263
1783599980,816859848,robot_2,-4.037,-1.605
1783599980,816886462,robot_0,0.841,-3.643
1783599980,816900536,robot_1,1.068,-2.657
1783599980,816911820,robot_4,-4.218,3.544
1783599980,816922424,robot_3,4.418,-0.263
1783599981,36634145,robot_2,-4.031,-1.659
1783599981,36662709,robot_0,0.841,-3.643
1783599981,36677273,robot_1,1.013,-2.665
1783599981,36688871,robot_4,-4.218,3.544
1783599981,36700557,robot_3,4.418,-0.263
1783599981,237558618,robot_2,-4.019,-1.717
1783599981,237584278,robot_0,0.841,-3.643
1783599981,237595671,robot_1,0.971,-2.676
1783599981,237604607,robot_4,-4.218,3.544
1783599981,237612257,robot_3,4.418,-0.262
1783599981,456378870,robot_2,-4.001,-1.789
1783599981,456402939,robot_0,0.841,-3.643
1783599981,456411367,robot_1,0.915,-2.692
1783599981,456417930,robot_4,-4.219,3.544
1783599981,456423505,robot_3,4.419,-0.262
1783599981,656708640,robot_2,-3.985,-1.850
1783599981,656730454,robot_0,0.841,-3.643
1783599981,656740916,robot_1,0.905,-2.695
1783599981,656749142,robot_4,-4.214,3.551
1783599981,656757223,robot_3,4.419,-0.262
1783599981,877303593,robot_2,-3.969,-1.915
1783599981,877333893,robot_0,0.841,-3.643
1783599981,877347052,robot_1,0.905,-2.695
1783599981,877355866,robot_4,-4.187,3.590
1783599981,877365605,robot_3,4.419,-0.262
1783599982,96013703,robot_2,-3.956,-1.966
1783599982,96041474,robot_0,0.841,-3.643
1783599982,96056042,robot_1,0.905,-2.695
1783599982,96068275,robot_4,-4.173,3.609
1783599982,96079043,robot_3,4.419,-0.262
1783599982,297338179,robot_2,-3.946,-2.009
1783599982,297357920,robot_0,0.841,-3.643
1783599982,297365943,robot_1,0.904,-2.694
1783599982,297372297,robot_4,-4.153,3.636
1783599982,297378509,robot_3,4.418,-0.262
1783599982,498027149,robot_2,-3.934,-2.056
1783599982,498050592,robot_0,0.841,-3.643
1783599982,498059682,robot_1,0.904,-2.694
1783599982,498066360,robot_4,-4.131,3.667
1783599982,498073091,robot_3,4.418,-0.262
1783599982,716572586,robot_2,-3.925,-2.109
1783599982,716606572,robot_0,0.841,-3.643
1783599982,716625586,robot_1,0.904,-2.694
1783599982,716641498,robot_4,-4.124,3.675
1783599982,716656369,robot_3,4.418,-0.262
1783599982,936614874,robot_2,-3.921,-2.163
1783599982,936641584,robot_0,0.841,-3.643
1783599982,936653782,robot_1,0.904,-2.694
1783599982,936663209,robot_4,-4.141,3.652
1783599982,936672918,robot_3,4.418,-0.262
1783599983,137074027,robot_2,-3.922,-2.212
1783599983,137093782,robot_0,0.841,-3.643
1783599983,137102564,robot_1,0.903,-2.694
1783599983,137109629,robot_4,-4.163,3.629
1783599983,137116514,robot_3,4.418,-0.262
1783599983,356282669,robot_2,-3.929,-2.265
1783599983,356310365,robot_0,0.841,-3.643
1783599983,356326159,robot_1,0.903,-2.694
1783599983,356339125,robot_4,-4.191,3.608
1783599983,356351585,robot_3,4.418,-0.262
1783599983,576916604,robot_2,-3.940,-2.313
1783599983,576944917,robot_0,0.841,-3.643
1783599983,576960204,robot_1,0.903,-2.693
1783599983,576972457,robot_4,-4.222,3.591
1783599983,576983312,robot_3,4.418,-0.262
1783599983,796449177,robot_2,-3.940,-2.315
1783599983,796467872,robot_0,0.841,-3.643
1783599983,796475989,robot_1,0.902,-2.693
1783599983,796482202,robot_4,-4.256,3.580
1783599983,796488782,robot_3,4.418,-0.262
1783599983,997394780,robot_2,-3.940,-2.316
1783599983,997449659,robot_0,0.841,-3.643
1783599983,997462280,robot_1,0.902,-2.693
1783599983,997470582,robot_4,-4.269,3.576
1783599983,997478111,robot_3,4.418,-0.262
1783599984,216288724,robot_2,-3.940,-2.316
1783599984,216315398,robot_0,0.841,-3.643
1783599984,216330265,robot_1,0.908,-2.717
1783599984,216342610,robot_4,-4.249,3.578
1783599984,216354434,robot_3,4.418,-0.263
1783599984,416790025,robot_2,-3.940,-2.316
1783599984,416809285,robot_0,0.841,-3.643
1783599984,416818681,robot_1,0.920,-2.750
1783599984,416826100,robot_4,-4.202,3.581
1783599984,416832673,robot_3,4.418,-0.263
1783599984,617041494,robot_2,-3.940,-2.315
1783599984,617069912,robot_0,0.841,-3.643
1783599984,617085870,robot_1,0.927,-2.766
1783599984,617098919,robot_4,-4.151,3.585
1783599984,617110953,robot_3,4.417,-0.263
1783599984,837023345,robot_2,-3.940,-2.315
1783599984,837051707,robot_0,0.841,-3.643
1783599984,837066547,robot_1,0.947,-2.795
1783599984,837078686,robot_4,-4.089,3.589
1783599984,837090151,robot_3,4.417,-0.263
1783599985,37506341,robot_2,-3.941,-2.315
1783599985,37533523,robot_0,0.841,-3.643
1783599985,37546857,robot_1,0.959,-2.809
1783599985,37557674,robot_4,-4.032,3.594
1783599985,37568030,robot_3,4.417,-0.263
1783599985,255843780,robot_2,-3.941,-2.315
1783599985,255860016,robot_0,0.841,-3.643
1783599985,255868614,robot_1,0.977,-2.828
1783599985,255875188,robot_4,-3.994,3.596
1783599985,255881347,robot_3,4.417,-0.263
1783599985,456418811,robot_2,-3.941,-2.315
1783599985,456439079,robot_0,0.841,-3.643
1783599985,456448426,robot_1,0.996,-2.849
1783599985,456455647,robot_4,-3.974,3.598
1783599985,456462160,robot_3,4.417,-0.263
1783599985,677286485,robot_2,-3.942,-2.315
1783599985,677313303,robot_0,0.841,-3.643
1783599985,677324507,robot_1,1.010,-2.864
1783599985,677332535,robot_4,-3.935,3.600
1783599985,677341352,robot_3,4.417,-0.263
1783599985,896787608,robot_2,-3.942,-2.315
1783599985,896821374,robot_0,0.841,-3.643
1783599985,896836934,robot_1,1.038,-2.896
1783599985,896850361,robot_4,-3.892,3.603
1783599985,896862616,robot_3,4.416,-0.263
1783599986,116995752,robot_2,-3.942,-2.316
1783599986,117025632,robot_0,0.841,-3.643
1783599986,117041714,robot_1,1.054,-2.913
1783599986,117056005,robot_4,-3.851,3.606
1783599986,117069574,robot_3,4.416,-0.263
1783599986,337813715,robot_2,-3.942,-2.316
1783599986,337842333,robot_0,0.841,-3.643
1783599986,337858119,robot_1,1.102,-2.965
1783599986,337871302,robot_4,-3.851,3.606
1783599986,337883190,robot_3,4.416,-0.263
1783599986,556285145,robot_2,-3.942,-2.316
1783599986,556313437,robot_0,0.841,-3.643
1783599986,556329660,robot_1,1.143,-3.010
1783599986,556342633,robot_4,-3.851,3.606
1783599986,556354891,robot_3,4.416,-0.263
1783599986,757243751,robot_2,-3.942,-2.316
1783599986,757279763,robot_0,0.841,-3.643
1783599986,757296796,robot_1,1.184,-3.055
1783599986,757310564,robot_4,-3.851,3.606
1783599986,757323223,robot_3,4.415,-0.263
1783599986,977927939,robot_2,-3.942,-2.316
1783599986,977960753,robot_0,0.841,-3.643
1783599986,977976018,robot_1,1.231,-3.107
1783599986,977988827,robot_4,-3.851,3.606
1783599986,978001531,robot_3,4.415,-0.262
1783599987,195990072,robot_2,-3.942,-2.316
1783599987,196008904,robot_0,0.841,-3.643
1783599987,196016578,robot_1,1.264,-3.142
1783599987,196023282,robot_4,-3.851,3.606
1783599987,196028942,robot_3,4.415,-0.262
1783599987,396565026,robot_2,-3.942,-2.316
1783599987,396586539,robot_0,0.841,-3.643
1783599987,396596641,robot_1,1.308,-3.191
1783599987,396604703,robot_4,-3.851,3.606
1783599987,396612179,robot_3,4.415,-0.262
1783599987,615879975,robot_2,-3.943,-2.316
1783599987,615898437,robot_0,0.841,-3.643
1783599987,615906595,robot_1,1.340,-3.226
1783599987,615912546,robot_4,-3.851,3.606
1783599987,615918887,robot_3,4.414,-0.262
1783599987,815985848,robot_2,-3.943,-2.316
1783599987,816002813,robot_0,0.841,-3.643
1783599987,816011104,robot_1,1.384,-3.273
1783599987,816017594,robot_4,-3.851,3.606
1783599987,816024046,robot_3,4.414,-0.261
1783599988,16830714,robot_2,-3.943,-2.316
1783599988,16849446,robot_0,0.841,-3.643
1783599988,16858278,robot_1,1.423,-3.316
1783599988,16865345,robot_4,-3.851,3.606
1783599988,16871794,robot_3,4.414,-0.261
1783599988,217064768,robot_2,-3.933,-2.323
1783599988,217090646,robot_0,0.841,-3.643
1783599988,217103575,robot_1,1.450,-3.346
1783599988,217112910,robot_4,-3.851,3.606
1783599988,217122487,robot_3,4.414,-0.261
1783599988,436357992,robot_2,-3.896,-2.341
1783599988,436376339,robot_0,0.841,-3.643
1783599988,436385189,robot_1,1.478,-3.377
1783599988,436397537,robot_4,-3.851,3.606
1783599988,436403611,robot_3,4.414,-0.261
1783599988,655923346,robot_2,-3.858,-2.354
1783599988,655950127,robot_0,0.841,-3.643
1783599988,655964370,robot_1,1.495,-3.395
1783599988,655976485,robot_4,-3.851,3.606
1783599988,655987235,robot_3,4.414,-0.260
1783599988,876140041,robot_2,-3.818,-2.362
1783599988,876158835,robot_0,0.841,-3.643
1783599988,876166532,robot_1,1.533,-3.437
1783599988,876172480,robot_4,-3.851,3.606
1783599988,876178278,robot_3,4.414,-0.260
1783599989,95737740,robot_2,-3.797,-2.363
1783599989,95757537,robot_0,0.841,-3.643
1783599989,95765836,robot_1,1.556,-3.462
1783599989,95772932,robot_4,-3.851,3.607
1783599989,95779075,robot_3,4.414,-0.260
1783599989,296166369,robot_2,-3.753,-2.358
1783599989,296186613,robot_0,0.841,-3.643
1783599989,296194391,robot_1,1.577,-3.485
1783599989,296201013,robot_4,-3.827,3.604
1783599989,296207738,robot_3,4.414,-0.260
1783599989,497062814,robot_2,-3.710,-2.347
1783599989,497095792,robot_0,0.841,-3.643
1783599989,497111794,robot_1,1.592,-3.501
1783599989,497125029,robot_4,-3.801,3.598
1783599989,497137091,robot_3,4.414,-0.260
1783599989,697213812,robot_2,-3.670,-2.330
1783599989,697254356,robot_0,0.841,-3.643
1783599989,697276376,robot_1,1.602,-3.512
1783599989,697294338,robot_4,-3.776,3.590
1783599989,697311630,robot_3,4.414,-0.260
1783599989,917018678,robot_2,-3.629,-2.304
1783599989,917048076,robot_0,0.841,-3.643
1783599989,917063290,robot_1,1.634,-3.547
1783599989,917075724,robot_4,-3.748,3.577
1783599989,917087448,robot_3,4.414,-0.260
1783599990,136550683,robot_2,-3.592,-2.273
1783599990,136579701,robot_0,0.841,-3.643
1783599990,136595037,robot_1,1.660,-3.572
1783599990,136607893,robot_4,-3.689,3.543
1783599990,136619255,robot_3,4.414,-0.260
1783599990,336613951,robot_2,-3.564,-2.239
1783599990,336632319,robot_0,0.841,-3.643
1783599990,336640429,robot_1,1.704,-3.607
1783599990,336647188,robot_4,-3.637,3.510
1783599990,336652684,robot_3,4.414,-0.260
1783599990,538325062,robot_2,-3.546,-2.211
1783599990,538356271,robot_0,0.841,-3.643
1783599990,538371948,robot_1,1.741,-3.632
1783599990,538385074,robot_4,-3.619,3.499
1783599990,538429755,robot_3,4.414,-0.260
1783599990,756551046,robot_2,-3.537,-2.189
1783599990,756569073,robot_0,0.841,-3.643
1783599990,756576630,robot_1,1.782,-3.654
1783599990,756583097,robot_4,-3.594,3.483
1783599990,756588812,robot_3,4.414,-0.260
1783599990,957618684,robot_2,-3.530,-2.169
1783599990,957645384,robot_0,0.841,-3.643
1783599990,957655772,robot_1,1.833,-3.676
1783599990,957664423,robot_4,-3.546,3.455
1783599990,957672791,robot_3,4.414,-0.260
1783599991,176994326,robot_2,-3.524,-2.146
1783599991,177021685,robot_0,0.841,-3.643
1783599991,177035574,robot_1,1.846,-3.681
1783599991,177047191,robot_4,-3.492,3.427
1783599991,177058830,robot_3,4.414,-0.260
1783599991,395678951,robot_2,-3.522,-2.122
1783599991,395698236,robot_0,0.841,-3.643
1783599991,395705743,robot_1,1.890,-3.691
1783599991,395712033,robot_4,-3.436,3.403
1783599991,395717729,robot_3,4.414,-0.260
1783599991,617116223,robot_2,-3.521,-2.099
1783599991,617141664,robot_0,0.841,-3.643
1783599991,617155255,robot_1,1.932,-3.698
1783599991,617166398,robot_4,-3.378,3.383
1783599991,617175783,robot_3,4.414,-0.260
1783599991,837876615,robot_2,-3.524,-2.074
1783599991,837932516,robot_0,0.841,-3.643
1783599991,837945754,robot_1,1.966,-3.705
1783599991,837956083,robot_4,-3.320,3.367
1783599991,837966331,robot_3,4.414,-0.260
1783599992,57020116,robot_2,-3.534,-2.023
1783599992,57047991,robot_0,0.841,-3.643
1783599992,57063486,robot_1,2.017,-3.714
1783599992,57076809,robot_4,-3.260,3.355
1783599992,57089263,robot_3,4.414,-0.261
1783599992,275965653,robot_2,-3.546,-1.968
1783599992,275984120,robot_0,0.841,-3.643
1783599992,275992763,robot_1,2.076,-3.724
1783599992,275999547,robot_4,-3.192,3.346
1783599992,276005847,robot_3,4.414,-0.261
1783599992,476600879,robot_2,-3.558,-1.914
1783599992,476623080,robot_0,0.841,-3.643
1783599992,476632701,robot_1,2.130,-3.728
1783599992,476639655,robot_4,-3.131,3.337
1783599992,476646588,robot_3,4.414,-0.261
1783599992,696386440,robot_2,-3.571,-1.857
1783599992,696416589,robot_0,0.841,-3.643
1783599992,696424695,robot_1,2.174,-3.728
1783599992,696431261,robot_4,-3.064,3.323
1783599992,696437731,robot_3,4.414,-0.261
1783599992,915677584,robot_2,-3.581,-1.803
1783599992,915699945,robot_0,0.841,-3.643
1783599992,915707725,robot_1,2.206,-3.723
1783599992,915713771,robot_4,-2.998,3.305
1783599992,915719717,robot_3,4.415,-0.261
1783599993,116266662,robot_2,-3.587,-1.753
1783599993,116287300,robot_0,0.841,-3.643
1783599993,116296484,robot_1,2.246,-3.711
1783599993,116303486,robot_4,-2.940,3.283
1783599993,116310033,robot_3,4.414,-0.261
1783599993,317398492,robot_2,-3.589,-1.703
1783599993,317428351,robot_0,0.841,-3.643
1783599993,317445882,robot_1,2.248,-3.711
1783599993,317459202,robot_4,-2.883,3.258
1783599993,317472964,robot_3,4.414,-0.261
1783599993,537379718,robot_2,-3.586,-1.649
1783599993,537442893,robot_0,0.841,-3.643
1783599993,537481918,robot_1,2.249,-3.711
1783599993,537490024,robot_4,-2.823,3.227
1783599993,537496646,robot_3,4.414,-0.261
1783599993,757112881,robot_2,-3.579,-1.594
1783599993,757141607,robot_0,0.841,-3.643
1783599993,757157228,robot_1,2.249,-3.711
1783599993,757169883,robot_4,-2.776,3.198
1783599993,757181765,robot_3,4.414,-0.260
1783599993,957442498,robot_2,-3.568,-1.546
1783599993,957465276,robot_0,0.841,-3.643
1783599993,957473828,robot_1,2.249,-3.711
1783599993,957480691,robot_4,-2.738,3.175
1783599993,957487682,robot_3,4.414,-0.260
1783599994,176166139,robot_2,-3.551,-1.492
1783599994,176196277,robot_0,0.841,-3.643
1783599994,176212799,robot_1,2.248,-3.711
1783599994,176226181,robot_4,-2.693,3.152
1783599994,176238619,robot_3,4.415,-0.259
1783599994,376795361,robot_2,-3.532,-1.442
1783599994,376832571,robot_0,0.841,-3.643
1783599994,376847996,robot_1,2.248,-3.711
1783599994,376859997,robot_4,-2.651,3.138
1783599994,376871622,robot_3,4.415,-0.259
1783599994,596412694,robot_2,-3.509,-1.385
1783599994,596443236,robot_0,0.841,-3.643
1783599994,596458538,robot_1,2.248,-3.711
1783599994,596471187,robot_4,-2.602,3.127
1783599994,596482865,robot_3,4.415,-0.259
1783599994,815570765,robot_2,-3.485,-1.324
1783599994,815591544,robot_0,0.841,-3.643
1783599994,815600457,robot_1,2.248,-3.710
1783599994,815608245,robot_4,-2.552,3.123
1783599994,815615535,robot_3,4.415,-0.259
1783599995,16222283,robot_2,-3.462,-1.265
1783599995,16242271,robot_0,0.841,-3.643
1783599995,16250413,robot_1,2.248,-3.710
1783599995,16256516,robot_4,-2.507,3.125
1783599995,16263182,robot_3,4.415,-0.259
1783599995,236494316,robot_2,-3.439,-1.202
1783599995,236532269,robot_0,0.841,-3.643
1783599995,236553721,robot_1,2.248,-3.710
1783599995,236571394,robot_4,-2.446,3.137
1783599995,236587081,robot_3,4.415,-0.259
1783599995,437731087,robot_2,-3.424,-1.145
1783599995,437757756,robot_0,0.841,-3.643
1783599995,437770150,robot_1,2.248,-3.710
1783599995,437778922,robot_4,-2.379,3.153
1783599995,437787568,robot_3,4.415,-0.259
1783599995,655856015,robot_2,-3.412,-1.082
1783599995,655874804,robot_0,0.841,-3.643
1783599995,655881935,robot_1,2.248,-3.710
1783599995,655888494,robot_4,-2.327,3.166
1783599995,655895309,robot_3,4.415,-0.259
1783599995,856319856,robot_2,-3.406,-1.023
1783599995,856349721,robot_0,0.841,-3.643
1783599995,856364914,robot_1,2.248,-3.710
1783599995,856377829,robot_4,-2.287,3.176
1783599995,856394217,robot_3,4.415,-0.259
1783599996,76851783,robot_2,-3.406,-0.959
1783599996,76873931,robot_0,0.841,-3.643
1783599996,76883481,robot_1,2.248,-3.710
1783599996,76891905,robot_4,-2.243,3.187
1783599996,76899446,robot_3,4.415,-0.260
1783599996,296685546,robot_2,-3.411,-0.894
1783599996,296704764,robot_0,0.841,-3.643
1783599996,296712622,robot_1,2.248,-3.710
1783599996,296718629,robot_4,-2.200,3.201
1783599996,296724738,robot_3,4.415,-0.260
1783599996,496819387,robot_2,-3.419,-0.842
1783599996,496840036,robot_0,0.841,-3.643
1783599996,496848369,robot_1,2.248,-3.710
1783599996,496855167,robot_4,-2.162,3.218
1783599996,496862135,robot_3,4.414,-0.260
1783599996,716969221,robot_2,-3.433,-0.794
1783599996,716993891,robot_0,0.841,-3.643
1783599996,717005306,robot_1,2.248,-3.710
1783599996,717014113,robot_4,-2.122,3.240
1783599996,717022353,robot_3,4.414,-0.260
1783599996,938868042,robot_2,-3.456,-0.739
1783599996,938888405,robot_0,0.841,-3.643
1783599996,938896069,robot_1,2.248,-3.710
1783599996,938902812,robot_4,-2.084,3.265
1783599996,938909553,robot_3,4.415,-0.260
1783599997,157052544,robot_2,-3.461,-0.728
1783599997,157081267,robot_0,0.841,-3.643
1783599997,157093590,robot_1,2.248,-3.710
1783599997,157103707,robot_4,-2.048,3.294
1783599997,157112057,robot_3,4.415,-0.261
1783599997,376315224,robot_2,-3.493,-0.685
1783599997,376353443,robot_0,0.841,-3.643
1783599997,376369191,robot_1,2.248,-3.709
1783599997,376382071,robot_4,-2.010,3.333
1783599997,376398334,robot_3,4.415,-0.261
1783599997,596324681,robot_2,-3.534,-0.642
1783599997,596359893,robot_0,0.841,-3.643
1783599997,596376762,robot_1,2.248,-3.709
1783599997,596395152,robot_4,-1.961,3.387
1783599997,596408368,robot_3,4.415,-0.261
1783599997,796628341,robot_2,-3.575,-0.607
1783599997,796658363,robot_0,0.841,-3.643
1783599997,796672357,robot_1,2.249,-3.709
1783599997,796684372,robot_4,-1.928,3.424
1783599997,796695916,robot_3,4.415,-0.261
1783599997,997874363,robot_2,-3.617,-0.578
1783599997,997912153,robot_0,0.841,-3.643
1783599997,997927692,robot_1,2.249,-3.709
1783599997,997940444,robot_4,-1.911,3.445
1783599997,997952402,robot_3,4.415,-0.261
1783599998,215531560,robot_2,-3.660,-0.554
1783599998,215548898,robot_0,0.841,-3.643
1783599998,215557391,robot_1,2.249,-3.709
1783599998,215565228,robot_4,-1.895,3.468
1783599998,215571330,robot_3,4.415,-0.261
1783599998,416931245,robot_2,-3.692,-0.536
1783599998,416954978,robot_0,0.841,-3.643
1783599998,416965145,robot_1,2.249,-3.709
1783599998,416973140,robot_4,-1.882,3.492
1783599998,416980992,robot_3,4.415,-0.261
1783599998,617075124,robot_2,-3.717,-0.524
1783599998,617101965,robot_0,0.841,-3.643
1783599998,617115431,robot_1,2.254,-3.712
1783599998,617126864,robot_4,-1.871,3.516
1783599998,617137243,robot_3,4.415,-0.261
1783599998,817237848,robot_2,-3.742,-0.513
1783599998,817263416,robot_0,0.841,-3.643
1783599998,817271308,robot_1,2.310,-3.741
1783599998,817278255,robot_4,-1.863,3.541
1783599998,817284976,robot_3,4.415,-0.261
1783599999,36728599,robot_2,-3.771,-0.505
1783599999,36760607,robot_0,0.841,-3.643
1783599999,36775619,robot_1,2.366,-3.770
1783599999,36788273,robot_4,-1.856,3.569
1783599999,36800534,robot_3,4.415,-0.261
1783599999,237146717,robot_2,-3.798,-0.501
1783599999,237179084,robot_0,0.841,-3.643
1783599999,237196402,robot_1,2.368,-3.771
1783599999,237210515,robot_4,-1.851,3.606
1783599999,237223781,robot_3,4.415,-0.261
1783599999,456341608,robot_2,-3.828,-0.499
1783599999,456363939,robot_0,0.841,-3.643
1783599999,456373042,robot_1,2.368,-3.771
1783599999,456379544,robot_4,-1.846,3.653
1783599999,456385926,robot_3,4.415,-0.262
1783599999,676314815,robot_2,-3.858,-0.500
1783599999,676346289,robot_0,0.841,-3.643
1783599999,676362280,robot_1,2.368,-3.772
1783599999,676375774,robot_4,-1.843,3.681
1783599999,676388177,robot_3,4.415,-0.262
1783599999,876983163,robot_2,-3.897,-0.506
1783599999,877012751,robot_0,0.841,-3.643
1783599999,877028203,robot_1,2.367,-3.772
1783599999,877041283,robot_4,-1.839,3.703
1783599999,877053588,robot_3,4.416,-0.262
1783600000,99973835,robot_2,-3.945,-0.516
1783600000,100016863,robot_0,0.841,-3.643
1783600000,100037853,robot_1,2.367,-3.772
1783600000,100056258,robot_4,-1.831,3.727
1783600000,100072526,robot_3,4.416,-0.262
1783600000,316335130,robot_2,-3.990,-0.526
1783600000,316355067,robot_0,0.841,-3.643
1783600000,316362680,robot_1,2.367,-3.772
1783600000,316369093,robot_4,-1.820,3.748
1783600000,316375491,robot_3,4.416,-0.262
1783600000,516368954,robot_2,-4.029,-0.538
1783600000,516409960,robot_0,0.841,-3.643
1783600000,516427020,robot_1,2.367,-3.772
1783600000,516440722,robot_4,-1.807,3.767
1783600000,516453734,robot_3,4.416,-0.262
1783600000,716404542,robot_2,-4.067,-0.554
1783600000,716423130,robot_0,0.841,-3.643
1783600000,716430609,robot_1,2.367,-3.772
1783600000,716437857,robot_4,-1.792,3.783
1783600000,716443427,robot_3,4.416,-0.262
1783600000,916406754,robot_2,-4.102,-0.576
1783600000,916425722,robot_0,0.841,-3.643
1783600000,916433476,robot_1,2.367,-3.772
1783600000,916439248,robot_4,-1.775,3.797
1783600000,916444657,robot_3,4.416,-0.262
1783600001,135631928,robot_2,-4.137,-0.605
1783600001,135652114,robot_0,0.841,-3.643
1783600001,135660182,robot_1,2.367,-3.772
1783600001,135666441,robot_4,-1.754,3.811
1783600001,135673057,robot_3,4.416,-0.262
1783600001,336287355,robot_2,-4.164,-0.636
1783600001,336322718,robot_0,0.841,-3.643
1783600001,336336857,robot_1,2.367,-3.772
1783600001,336348677,robot_4,-1.734,3.822
1783600001,336359777,robot_3,4.416,-0.262
1783600001,556490048,robot_2,-4.180,-0.657
1783600001,556516163,robot_0,0.841,-3.643
1783600001,556527290,robot_1,2.367,-3.772
1783600001,556536043,robot_4,-1.714,3.835
1783600001,556545134,robot_3,4.416,-0.262
1783600001,775764607,robot_2,-4.198,-0.697
1783600001,775787192,robot_0,0.841,-3.643
1783600001,775797200,robot_1,2.367,-3.772
1783600001,775805924,robot_4,-1.696,3.852
1783600001,775813084,robot_3,4.416,-0.262
1783600001,976931589,robot_2,-4.210,-0.731
1783600001,976964051,robot_0,0.841,-3.643
1783600001,976979109,robot_1,2.367,-3.772
1783600001,976992048,robot_4,-1.681,3.869
1783600001,977004503,robot_3,4.417,-0.262
1783600002,196837880,robot_2,-4.222,-0.766
1783600002,196870172,robot_0,0.841,-3.643
1783600002,196885279,robot_1,2.367,-3.772
1783600002,196896288,robot_4,-1.667,3.889
1783600002,196902646,robot_3,4.417,-0.262
1783600002,417072147,robot_2,-4.240,-0.828
1783600002,417098417,robot_0,0.841,-3.643
1783600002,417111089,robot_1,2.367,-3.772
1783600002,417121116,robot_4,-1.655,3.913
1783600002,417130213,robot_3,4.417,-0.262
1783600002,636299043,robot_2,-4.247,-0.871
1783600002,636319806,robot_0,0.841,-3.643
1783600002,636328492,robot_1,2.367,-3.772
1783600002,636334858,robot_4,-1.636,3.972
1783600002,636341037,robot_3,4.417,-0.262
1783600002,838346003,robot_2,-4.251,-0.930
1783600002,838368373,robot_0,0.841,-3.643
1783600002,838377033,robot_1,2.367,-3.772
1783600002,838383430,robot_4,-1.624,4.029
1783600002,838395281,robot_3,4.417,-0.262
1783600003,56732573,robot_2,-4.250,-0.977
1783600003,56756812,robot_0,0.841,-3.643
1783600003,56768520,robot_1,2.367,-3.772
1783600003,56777467,robot_4,-1.617,4.078
1783600003,56786657,robot_3,4.417,-0.262
1783600003,276793886,robot_2,-4.241,-1.037
1783600003,276819767,robot_0,0.841,-3.643
1783600003,276828236,robot_1,2.367,-3.772
1783600003,276834553,robot_4,-1.614,4.121
1783600003,276841374,robot_3,4.417,-0.262
1783600003,478135043,robot_2,-4.228,-1.091
1783600003,478171275,robot_0,0.841,-3.643
1783600003,478187328,robot_1,2.367,-3.772
1783600003,478201022,robot_4,-1.610,4.160
1783600003,478214020,robot_3,4.417,-0.262
1783600003,696379389,robot_2,-4.211,-1.138
1783600003,696415473,robot_0,0.841,-3.643
1783600003,696433671,robot_1,2.367,-3.772
1783600003,696447753,robot_4,-1.602,4.197
1783600003,696461399,robot_3,4.417,-0.262
1783600003,896571055,robot_2,-4.185,-1.199
1783600003,896591842,robot_0,0.841,-3.643
1783600003,896601081,robot_1,2.368,-3.772
1783600003,896608000,robot_4,-1.593,4.223
1783600003,896614449,robot_3,4.417,-0.262
1783600004,116139713,robot_2,-4.169,-1.237
1783600004,116165496,robot_0,0.841,-3.643
1783600004,116177276,robot_1,2.368,-3.771
1783600004,116186734,robot_4,-1.587,4.236
1783600004,116196249,robot_3,4.417,-0.262
1783600004,316579910,robot_2,-4.155,-1.271
1783600004,316611042,robot_0,0.841,-3.643
1783600004,316626299,robot_1,2.368,-3.771
1783600004,316639828,robot_4,-1.587,4.236
1783600004,316652764,robot_3,4.417,-0.262
1783600004,516930312,robot_2,-4.140,-1.305
1783600004,516952444,robot_0,0.841,-3.643
1783600004,516961005,robot_1,2.368,-3.771
1783600004,516968158,robot_4,-1.587,4.236
1783600004,516975902,robot_3,4.417,-0.262
1783600004,717090937,robot_2,-4.126,-1.338
1783600004,717114963,robot_0,0.841,-3.643
1783600004,717126992,robot_1,2.368,-3.771
1783600004,717135722,robot_4,-1.587,4.236
1783600004,717144522,robot_3,4.417,-0.262
1783600004,936575474,robot_2,-4.107,-1.382
1783600004,936595425,robot_0,0.841,-3.643
1783600004,936603218,robot_1,2.368,-3.771
1783600004,936609855,robot_4,-1.587,4.236
1783600004,936616203,robot_3,4.417,-0.262
1783600005,137640943,robot_2,-4.087,-1.420
1783600005,137670698,robot_0,0.841,-3.643
1783600005,137686322,robot_1,2.377,-3.777
1783600005,137699161,robot_4,-1.587,4.236
1783600005,137711035,robot_3,4.417,-0.262
1783600005,356210578,robot_2,-4.060,-1.459
1783600005,356241220,robot_0,0.841,-3.643
1783600005,356256801,robot_1,2.402,-3.794
1783600005,356269400,robot_4,-1.586,4.236
1783600005,356281415,robot_3,4.418,-0.262
1783600005,556392177,robot_2,-4.031,-1.491
1783600005,556425096,robot_0,0.841,-3.643
1783600005,556440431,robot_1,2.413,-3.802
1783600005,556453972,robot_4,-1.586,4.236
1783600005,556466535,robot_3,4.418,-0.262
1783600005,756565193,robot_2,-3.998,-1.520
1783600005,756592917,robot_0,0.841,-3.643
1783600005,756606838,robot_1,2.450,-3.827
1783600005,756618412,robot_4,-1.586,4.236
1783600005,756629008,robot_3,4.418,-0.262
1783600005,976985665,robot_2,-3.959,-1.547
1783600005,977019426,robot_0,0.841,-3.643
1783600005,977035163,robot_1,2.500,-3.862
1783600005,977049006,robot_4,-1.585,4.236
1783600005,977062057,robot_3,4.418,-0.262
1783600006,197972681,robot_2,-3.912,-1.570
1783600006,198008059,robot_0,0.841,-3.643
1783600006,198026685,robot_1,2.507,-3.866
1783600006,198042100,robot_4,-1.585,4.236
1783600006,198056469,robot_3,4.418,-0.262
1783600006,416512301,robot_2,-3.853,-1.592
1783600006,416539264,robot_0,0.841,-3.643
1783600006,416551753,robot_1,2.507,-3.866
1783600006,416561708,robot_4,-1.585,4.236
1783600006,416571351,robot_3,4.418,-0.262
1783600006,637719422,robot_2,-3.791,-1.609
1783600006,637756860,robot_0,0.841,-3.643
1783600006,637778402,robot_1,2.507,-3.866
1783600006,637796349,robot_4,-1.585,4.236
1783600006,637812961,robot_3,4.418,-0.262
1783600006,855958570,robot_2,-3.729,-1.619
1783600006,855987193,robot_0,0.841,-3.643
1783600006,856001944,robot_1,2.507,-3.867
1783600006,856014189,robot_4,-1.585,4.236
1783600006,856025123,robot_3,4.418,-0.262
1783600007,56670633,robot_2,-3.671,-1.623
1783600007,56691143,robot_0,0.841,-3.643
1783600007,56699734,robot_1,2.507,-3.867
1783600007,56706901,robot_4,-1.585,4.236
1783600007,56713611,robot_3,4.418,-0.262
1783600007,257236492,robot_2,-3.613,-1.622
1783600007,257264337,robot_0,0.841,-3.643
1783600007,257277663,robot_1,2.507,-3.867
1783600007,257288834,robot_4,-1.585,4.236
1783600007,257299143,robot_3,4.418,-0.261
1783600007,458213312,robot_2,-3.558,-1.617
1783600007,458235214,robot_0,0.841,-3.643
1783600007,458243092,robot_1,2.507,-3.868
1783600007,458249821,robot_4,-1.585,4.236
1783600007,458256105,robot_3,4.419,-0.261
1783600007,676919165,robot_2,-3.498,-1.608
1783600007,676938793,robot_0,0.841,-3.643
1783600007,676947926,robot_1,2.507,-3.868
1783600007,676954552,robot_4,-1.585,4.236
1783600007,676960929,robot_3,4.419,-0.261
1783600007,877137640,robot_2,-3.448,-1.601
1783600007,877167535,robot_0,0.841,-3.643
1783600007,877182121,robot_1,2.507,-3.868
1783600007,877194178,robot_4,-1.585,4.236
1783600007,877205218,robot_3,4.419,-0.261
1783600008,97251462,robot_2,-3.396,-1.589
1783600008,97272398,robot_0,0.841,-3.643
1783600008,97281155,robot_1,2.507,-3.867
1783600008,97287747,robot_4,-1.584,4.236
1783600008,97294384,robot_3,4.419,-0.261
1783600008,316793672,robot_2,-3.346,-1.570
1783600008,316815965,robot_0,0.841,-3.643
1783600008,316826023,robot_1,2.507,-3.867
1783600008,316834438,robot_4,-1.584,4.237
1783600008,316841973,robot_3,4.419,-0.260
1783600008,517304853,robot_2,-3.303,-1.547
1783600008,517326685,robot_0,0.841,-3.643
1783600008,517336331,robot_1,2.507,-3.867
1783600008,517343052,robot_4,-1.584,4.237
1783600008,517349802,robot_3,4.419,-0.260
1783600008,736335371,robot_2,-3.260,-1.516
1783600008,736367372,robot_0,0.841,-3.643
1783600008,736383295,robot_1,2.507,-3.866
1783600008,736401616,robot_4,-1.584,4.237
1783600008,736414405,robot_3,4.419,-0.260
1783600008,936495254,robot_2,-3.225,-1.482
1783600008,936518640,robot_0,0.841,-3.643
1783600008,936528432,robot_1,2.507,-3.866
1783600008,936536300,robot_4,-1.584,4.236
1783600008,936543950,robot_3,4.419,-0.260
1783600009,136655911,robot_2,-3.195,-1.444
1783600009,136685497,robot_0,0.841,-3.643
1783600009,136700376,robot_1,2.515,-3.872
1783600009,136712506,robot_4,-1.585,4.236
1783600009,136724060,robot_3,4.419,-0.260
1783600009,336926936,robot_2,-3.179,-1.416
1783600009,336958074,robot_0,0.841,-3.643
1783600009,336974084,robot_1,2.543,-3.898
1783600009,336986799,robot_4,-1.585,4.236
1783600009,336999882,robot_3,4.419,-0.259
1783600009,556541550,robot_2,-3.162,-1.379
1783600009,556570628,robot_0,0.841,-3.643
1783600009,556586385,robot_1,2.562,-3.919
1783600009,556599574,robot_4,-1.586,4.236
1783600009,556611451,robot_3,4.419,-0.259
1783600009,775890053,robot_2,-3.145,-1.336
1783600009,775913370,robot_0,0.841,-3.643
1783600009,775923101,robot_1,2.584,-3.949
1783600009,775931334,robot_4,-1.586,4.236
1783600009,775939669,robot_3,4.419,-0.259
1783600009,976292558,robot_2,-3.122,-1.278
1783600009,976312874,robot_0,0.841,-3.643
1783600009,976321639,robot_1,2.603,-3.980
1783600009,976328505,robot_4,-1.586,4.236
1783600009,976335202,robot_3,4.419,-0.259
1783600010,176527136,robot_2,-3.098,-1.219
1783600010,176555441,robot_0,0.841,-3.643
1783600010,176566763,robot_1,2.613,-3.998
1783600010,176574874,robot_4,-1.586,4.236
1783600010,176584282,robot_3,4.419,-0.259
1783600010,377114593,robot_2,-3.074,-1.161
1783600010,377150209,robot_0,0.841,-3.643
1783600010,377168115,robot_1,2.629,-4.034
1783600010,377181473,robot_4,-1.586,4.236
1783600010,377193605,robot_3,4.419,-0.259
1783600010,595858686,robot_2,-3.044,-1.099
1783600010,595878700,robot_0,0.841,-3.643
1783600010,595886450,robot_1,2.638,-4.054
1783600010,595893374,robot_4,-1.586,4.236
1783600010,595899897,robot_3,4.419,-0.259
1783600010,796204884,robot_2,-3.013,-1.046
1783600010,796233358,robot_0,0.841,-3.643
1783600010,796247486,robot_1,2.638,-4.054
1783600010,796259360,robot_4,-1.586,4.236
1783600010,796270055,robot_3,4.419,-0.260
1783600010,996307121,robot_2,-2.979,-0.994
1783600010,996340474,robot_0,0.841,-3.643
1783600010,996347935,robot_1,2.639,-4.054
1783600010,996354691,robot_4,-1.586,4.236
1783600010,996360940,robot_3,4.419,-0.260
1783600011,196423773,robot_2,-2.964,-0.973
1783600011,196451775,robot_0,0.841,-3.643
1783600011,196466078,robot_1,2.639,-4.054
1783600011,196478431,robot_4,-1.586,4.236
1783600011,196489406,robot_3,4.419,-0.260
1783600011,397439807,robot_2,-2.964,-0.973
1783600011,397461515,robot_0,0.841,-3.643
1783600011,397470611,robot_1,2.639,-4.054
1783600011,397477269,robot_4,-1.586,4.236
1783600011,397483516,robot_3,4.419,-0.260
1783600011,616231255,robot_2,-2.964,-0.973
1783600011,616252040,robot_0,0.841,-3.643
1783600011,616260297,robot_1,2.640,-4.054
1783600011,616268050,robot_4,-1.586,4.236
1783600011,616274507,robot_3,4.419,-0.260
1783600011,816375035,robot_2,-2.964,-0.973
1783600011,816397824,robot_0,0.841,-3.643
1783600011,816406729,robot_1,2.640,-4.054
1783600011,816413256,robot_4,-1.586,4.236
1783600011,816419824,robot_3,4.419,-0.260
1783600012,16753212,robot_2,-2.964,-0.973
1783600012,16787359,robot_0,0.841,-3.643
1783600012,16802411,robot_1,2.640,-4.055
1783600012,16816379,robot_4,-1.586,4.236
1783600012,16828803,robot_3,4.419,-0.260
1783600012,236654510,robot_2,-2.964,-0.973
1783600012,236684509,robot_0,0.841,-3.643
1783600012,236695986,robot_1,2.640,-4.055
1783600012,236704246,robot_4,-1.586,4.236
1783600012,236711913,robot_3,4.419,-0.260
1783600012,457035681,robot_2,-2.964,-0.973
1783600012,457057844,robot_0,0.841,-3.643
1783600012,457066255,robot_1,2.641,-4.055
1783600012,457072891,robot_4,-1.586,4.236
1783600012,457079122,robot_3,4.419,-0.260
1783600012,677253400,robot_2,-2.964,-0.973
1783600012,677285864,robot_0,0.841,-3.643
1783600012,677298395,robot_1,2.641,-4.055
1783600012,677308845,robot_4,-1.586,4.236
1783600012,677318426,robot_3,4.419,-0.260
1783600012,877371157,robot_2,-2.963,-0.973
1783600012,877409289,robot_0,0.841,-3.643
1783600012,877421190,robot_1,2.641,-4.055
1783600012,877431965,robot_4,-1.586,4.236
1783600012,877441050,robot_3,4.418,-0.259
1783600013,96436074,robot_2,-2.963,-0.973
1783600013,96467887,robot_0,0.841,-3.643
1783600013,96483813,robot_1,2.638,-4.057
1783600013,96496907,robot_4,-1.587,4.236
1783600013,96509597,robot_3,4.418,-0.259
1783600013,315966403,robot_2,-2.963,-0.973
1783600013,315985198,robot_0,0.841,-3.643
1783600013,315992797,robot_1,2.591,-4.083
1783600013,315999293,robot_4,-1.587,4.236
1783600013,316005354,robot_3,4.418,-0.259
1783600013,517107629,robot_2,-2.962,-0.974
1783600013,517145088,robot_0,0.841,-3.643
1783600013,517178364,robot_1,2.546,-4.101
1783600013,517198147,robot_4,-1.587,4.237
1783600013,517212036,robot_3,4.418,-0.258
1783600013,736869885,robot_2,-2.962,-0.973
1783600013,736894577,robot_0,0.841,-3.643
1783600013,736906050,robot_1,2.505,-4.110
1783600013,736915663,robot_4,-1.588,4.237
1783600013,736924391,robot_3,4.418,-0.258
1783600013,957479072,robot_2,-2.962,-0.973
1783600013,957513296,robot_0,0.841,-3.643
1783600013,957528589,robot_1,2.447,-4.117
1783600013,957541349,robot_4,-1.588,4.237
1783600013,957553124,robot_3,4.417,-0.258
1783600014,177527057,robot_2,-2.962,-0.973
1783600014,177557457,robot_0,0.841,-3.643
1783600014,177571443,robot_1,2.433,-4.118
1783600014,177582732,robot_4,-1.588,4.237
1783600014,177593356,robot_3,4.417,-0.258
1783600014,395809396,robot_2,-2.962,-0.973
1783600014,395827911,robot_0,0.841,-3.643
1783600014,395836377,robot_1,2.392,-4.113
1783600014,395842653,robot_4,-1.588,4.238
1783600014,395848956,robot_3,4.409,-0.294
1783600014,597013313,robot_2,-2.962,-0.973
1783600014,597035436,robot_0,0.841,-3.643
1783600014,597045246,robot_1,2.348,-4.107
1783600014,597052565,robot_4,-1.588,4.238
1783600014,597059920,robot_3,4.399,-0.339
1783600014,816072421,robot_2,-2.963,-0.973
1783600014,816091213,robot_0,0.841,-3.643
1783600014,816100197,robot_1,2.298,-4.101
1783600014,816107458,robot_4,-1.588,4.238
1783600014,816113646,robot_3,4.386,-0.394
1783600015,16685843,robot_2,-2.963,-0.973
1783600015,16719481,robot_0,0.841,-3.643
1783600015,16735335,robot_1,2.237,-4.093
1783600015,16749096,robot_4,-1.588,4.238
1783600015,16761365,robot_3,4.375,-0.446
1783600015,217059758,robot_2,-2.963,-0.973
1783600015,217087417,robot_0,0.841,-3.643
1783600015,217102408,robot_1,2.171,-4.085
1783600015,217114752,robot_4,-1.588,4.238
1783600015,217126346,robot_3,4.369,-0.471
1783600015,437533367,robot_2,-2.963,-0.973
1783600015,437553740,robot_0,0.841,-3.643
1783600015,437562515,robot_1,2.120,-4.078
1783600015,437569334,robot_4,-1.588,4.238
1783600015,437576235,robot_3,4.360,-0.512
1783600015,656604031,robot_2,-2.964,-0.973
1783600015,656631889,robot_0,0.841,-3.643
1783600015,656646954,robot_1,2.074,-4.073
1783600015,656659230,robot_4,-1.582,4.240
1783600015,656670442,robot_3,4.355,-0.535
1783600015,878043787,robot_2,-2.964,-0.973
1783600015,878079931,robot_0,0.841,-3.643
1783600015,878094391,robot_1,2.043,-4.069
1783600015,878106530,robot_4,-1.547,4.249
1783600015,878118196,robot_3,4.340,-0.599
1783600016,96754959,robot_2,-2.964,-0.973
1783600016,96785348,robot_0,0.841,-3.643
1783600016,96797591,robot_1,2.012,-4.069
1783600016,96807914,robot_4,-1.525,4.254
1783600016,96819017,robot_3,4.328,-0.655
1783600016,317657405,robot_2,-2.964,-0.973
1783600016,317686899,robot_0,0.841,-3.643
1783600016,317704132,robot_1,1.981,-4.073
1783600016,317718990,robot_4,-1.492,4.256
1783600016,317732868,robot_3,4.314,-0.713
1783600016,537254704,robot_2,-2.964,-0.973
1783600016,537286696,robot_0,0.841,-3.643
1783600016,537302578,robot_1,1.955,-4.081
1783600016,537316061,robot_4,-1.462,4.257
1783600016,537327808,robot_3,4.294,-0.780
1783600016,756660362,robot_2,-2.964,-0.973
1783600016,756690016,robot_0,0.841,-3.643
1783600016,756706506,robot_1,1.935,-4.090
1783600016,756720379,robot_4,-1.453,4.257
1783600016,756733413,robot_3,4.271,-0.846
1783600016,976855650,robot_2,-2.964,-0.973
1783600016,976893784,robot_0,0.841,-3.643
1783600016,976910887,robot_1,1.907,-4.104
1783600016,976925286,robot_4,-1.393,4.257
1783600016,976938275,robot_3,4.243,-0.910
1783600017,177055660,robot_2,-2.964,-0.973
1783600017,177078386,robot_0,0.841,-3.643
1783600017,177089558,robot_1,1.877,-4.120
1783600017,177098776,robot_4,-1.337,4.257
1783600017,177106733,robot_3,4.212,-0.970
1783600017,377075215,robot_2,-2.964,-0.973
1783600017,377099490,robot_0,0.841,-3.643
1783600017,377107992,robot_1,1.848,-4.137
1783600017,377114282,robot_4,-1.278,4.257
1783600017,377120198,robot_3,4.184,-1.026
1783600017,596569084,robot_2,-2.964,-0.973
1783600017,596590491,robot_0,0.841,-3.643
1783600017,596599558,robot_1,1.830,-4.147
1783600017,596606978,robot_4,-1.233,4.257
1783600017,596614389,robot_3,4.161,-1.084
1783600017,816450092,robot_2,-2.964,-0.973
1783600017,816470194,robot_0,0.841,-3.643
1783600017,816479381,robot_1,1.798,-4.166
1783600017,816487679,robot_4,-1.180,4.255
1783600017,816495836,robot_3,4.143,-1.143
1783600018,36784317,robot_2,-2.964,-0.973
1783600018,36822745,robot_0,0.841,-3.643
1783600018,36844492,robot_1,1.774,-4.180
1783600018,36862743,robot_4,-1.122,4.253
1783600018,36880034,robot_3,4.131,-1.204
1783600018,256427043,robot_2,-2.964,-0.973
1783600018,256460044,robot_0,0.841,-3.643
1783600018,256476782,robot_1,1.747,-4.196
1783600018,256490199,robot_4,-1.119,4.253
1783600018,256503027,robot_3,4.126,-1.266
1783600018,457518648,robot_2,-2.964,-0.973
1783600018,457558149,robot_0,0.841,-3.643
1783600018,457576313,robot_1,1.705,-4.221
1783600018,457591233,robot_4,-1.119,4.253
1783600018,457605758,robot_3,4.127,-1.323
1783600018,677594594,robot_2,-2.963,-0.973
1783600018,677624711,robot_0,0.841,-3.643
1783600018,677637279,robot_1,1.696,-4.226
1783600018,677646614,robot_4,-1.118,4.254
1783600018,677654839,robot_3,4.131,-1.370
1783600018,896684443,robot_2,-2.963,-0.973
1783600018,896714241,robot_0,0.841,-3.643
1783600018,896729199,robot_1,1.655,-4.250
1783600018,896741510,robot_4,-1.118,4.254
1783600018,896752961,robot_3,4.139,-1.408
1783600019,116000273,robot_2,-2.963,-0.973
1783600019,116018770,robot_0,0.841,-3.643
1783600019,116026347,robot_1,1.617,-4.272
1783600019,116033320,robot_4,-1.118,4.254
1783600019,116039524,robot_3,4.145,-1.436
1783600019,336804046,robot_2,-2.963,-0.973
1783600019,336832618,robot_0,0.841,-3.643
1783600019,336848301,robot_1,1.616,-4.272
1783600019,336861550,robot_4,-1.118,4.254
1783600019,336874394,robot_3,4.151,-1.466
1783600019,536822078,robot_2,-2.963,-0.973
1783600019,536843908,robot_0,0.841,-3.643
1783600019,536852751,robot_1,1.616,-4.272
1783600019,536859680,robot_4,-1.118,4.254
1783600019,536866092,robot_3,4.162,-1.527
1783600019,756602434,robot_2,-2.963,-0.973
1783600019,756633701,robot_0,0.841,-3.643
1783600019,756649454,robot_1,1.616,-4.272
1783600019,756662743,robot_4,-1.118,4.254
1783600019,756675685,robot_3,4.171,-1.592
1783600019,977303172,robot_2,-2.963,-0.973
1783600019,977325911,robot_0,0.841,-3.643
1783600019,977333878,robot_1,1.616,-4.271
1783600019,977340349,robot_4,-1.118,4.254
1783600019,977347107,robot_3,4.174,-1.657
1783600020,196429791,robot_2,-2.964,-0.973
1783600020,196452928,robot_0,0.841,-3.643
1783600020,196462687,robot_1,1.616,-4.271
1783600020,196470633,robot_4,-1.118,4.254
1783600020,196478454,robot_3,4.171,-1.723
1783600020,416835284,robot_2,-2.964,-0.973
1783600020,416855484,robot_0,0.841,-3.643
1783600020,416864732,robot_1,1.616,-4.271
1783600020,416871867,robot_4,-1.118,4.253
1783600020,416878534,robot_3,4.162,-1.788
1783600020,636561034,robot_2,-2.964,-0.972
1783600020,636582349,robot_0,0.841,-3.643
1783600020,636591529,robot_1,1.616,-4.271
1783600020,636598518,robot_4,-1.118,4.253
1783600020,636605307,robot_3,4.149,-1.852
1783600020,837001048,robot_2,-2.964,-0.972
1783600020,837022863,robot_0,0.841,-3.643
1783600020,837031715,robot_1,1.616,-4.271
1783600020,837040891,robot_4,-1.118,4.253
1783600020,837049177,robot_3,4.132,-1.909
1783600021,37423632,robot_2,-2.964,-0.972
1783600021,37456465,robot_0,0.841,-3.643
1783600021,37472300,robot_1,1.616,-4.271
1783600021,37485938,robot_4,-1.118,4.253
1783600021,37498871,robot_3,4.118,-1.945
1783600021,256673282,robot_2,-2.964,-0.973
1783600021,256691805,robot_0,0.841,-3.643
1783600021,256700663,robot_1,1.615,-4.271
1783600021,256707157,robot_4,-1.087,4.257
1783600021,256713686,robot_3,4.100,-1.989
1783600021,457236321,robot_2,-2.964,-0.973
1783600021,457257835,robot_0,0.841,-3.643
1783600021,457266714,robot_1,1.615,-4.271
1783600021,457273901,robot_4,-1.027,4.264
1783600021,457280662,robot_3,4.077,-2.042
1783600021,677259889,robot_2,-2.964,-0.973
1783600021,677278491,robot_0,0.841,-3.643
1783600021,677287088,robot_1,1.615,-4.271
1783600021,677293955,robot_4,-1.004,4.267
1783600021,677300627,robot_3,4.053,-2.101
1783600021,896279794,robot_2,-2.963,-0.973
1783600021,896300731,robot_0,0.841,-3.643
1783600021,896309104,robot_1,1.615,-4.271
1783600021,896316227,robot_4,-1.004,4.267
1783600021,896322844,robot_3,4.028,-2.159
1783600022,116204038,robot_2,-2.963,-0.973
1783600022,116223374,robot_0,0.841,-3.643
1783600022,116232173,robot_1,1.615,-4.271
1783600022,116240245,robot_4,-1.004,4.267
1783600022,116247326,robot_3,4.009,-2.204
1783600022,316236558,robot_2,-2.963,-0.973
1783600022,316254284,robot_0,0.841,-3.643
1783600022,316262664,robot_1,1.615,-4.271
1783600022,316269375,robot_4,-1.004,4.267
1783600022,316276493,robot_3,3.997,-2.229
1783600022,516339324,robot_2,-2.963,-0.973
1783600022,516369678,robot_0,0.841,-3.643
1783600022,516385765,robot_1,1.615,-4.271
1783600022,516404877,robot_4,-1.004,4.267
1783600022,516418379,robot_3,3.983,-2.252
1783600022,737693470,robot_2,-2.963,-0.973
1783600022,737712369,robot_0,0.841,-3.643
1783600022,737720884,robot_1,1.615,-4.271
1783600022,737728059,robot_4,-1.004,4.268
1783600022,737734808,robot_3,3.964,-2.276
1783600022,957166004,robot_2,-2.963,-0.973
1783600022,957185672,robot_0,0.841,-3.643
1783600022,957193985,robot_1,1.615,-4.271
1783600022,957200950,robot_4,-1.004,4.268
1783600022,957207422,robot_3,3.941,-2.296
1783600023,175947180,robot_2,-2.963,-0.973
1783600023,175975109,robot_0,0.841,-3.643
1783600023,175989388,robot_1,1.615,-4.271
1783600023,176001536,robot_4,-1.004,4.268
1783600023,176012289,robot_3,3.916,-2.314
1783600023,376227357,robot_2,-2.962,-0.973
1783600023,376252414,robot_0,0.841,-3.643
1783600023,376265011,robot_1,1.615,-4.271
1783600023,376276145,robot_4,-1.004,4.268
1783600023,376286195,robot_3,3.891,-2.326
1783600023,576889935,robot_2,-2.962,-0.973
1783600023,576919144,robot_0,0.841,-3.643
1783600023,576934488,robot_1,1.615,-4.271
1783600023,576947788,robot_4,-1.004,4.268
1783600023,576960314,robot_3,3.856,-2.338
1783600023,797052265,robot_2,-2.961,-0.973
1783600023,797079833,robot_0,0.841,-3.643
1783600023,797094120,robot_1,1.615,-4.271
1783600023,797105671,robot_4,-1.004,4.269
1783600023,797116758,robot_3,3.815,-2.346
1783600023,998201586,robot_2,-2.961,-0.973
1783600023,998230573,robot_0,0.841,-3.643
1783600023,998241102,robot_1,1.615,-4.271
1783600023,998249383,robot_4,-1.004,4.269
1783600023,998257750,robot_3,3.778,-2.348
1783600024,216704399,robot_2,-2.977,-0.943
1783600024,216724104,robot_0,0.841,-3.643
1783600024,216736317,robot_1,1.615,-4.271
1783600024,216746383,robot_4,-1.003,4.269
1783600024,216756564,robot_3,3.736,-2.345
1783600024,416792203,robot_2,-3.004,-0.902
1783600024,416811826,robot_0,0.841,-3.643
1783600024,416820236,robot_1,1.615,-4.271
1783600024,416827105,robot_4,-1.003,4.270
1783600024,416833679,robot_3,3.689,-2.335
1783600024,636336772,robot_2,-3.021,-0.878
1783600024,636367471,robot_0,0.841,-3.643
1783600024,636383434,robot_1,1.615,-4.271
1783600024,636401362,robot_4,-1.002,4.270
1783600024,636414753,robot_3,3.626,-2.315
1783600024,837332061,robot_2,-3.043,-0.849
1783600024,837351299,robot_0,0.841,-3.643
1783600024,837360060,robot_1,1.615,-4.271
1783600024,837367246,robot_4,-1.002,4.270
1783600024,837373886,robot_3,3.582,-2.301
1783600025,56639117,robot_2,-3.056,-0.830
1783600025,56669824,robot_0,0.841,-3.643
1783600025,56685225,robot_1,1.615,-4.271
1783600025,56698215,robot_4,-1.002,4.270
1783600025,56711180,robot_3,3.543,-2.289
1783600025,276452964,robot_2,-3.084,-0.793
1783600025,276478757,robot_0,0.841,-3.643
1783600025,276494469,robot_1,1.615,-4.271
1783600025,276507605,robot_4,-1.000,4.225
1783600025,276520176,robot_3,3.487,-2.271
1783600025,477269968,robot_2,-3.113,-0.753
1783600025,477304823,robot_0,0.841,-3.643
1783600025,477320468,robot_1,1.615,-4.271
1783600025,477333696,robot_4,-1.000,4.185
1783600025,477346403,robot_3,3.431,-2.253
1783600025,696509997,robot_2,-3.154,-0.699
1783600025,696541102,robot_0,0.841,-3.643
1783600025,696556160,robot_1,1.615,-4.271
1783600025,696568907,robot_4,-1.001,4.164
1783600025,696581201,robot_3,3.368,-2.233
1783600025,897101172,robot_2,-3.192,-0.658
1783600025,897125244,robot_0,0.841,-3.643
1783600025,897136645,robot_1,1.615,-4.271
1783600025,897145526,robot_4,-1.005,4.129
1783600025,897153668,robot_3,3.309,-2.214
1783600026,116749295,robot_2,-3.237,-0.617
1783600026,116776534,robot_0,0.841,-3.643
1783600026,116791025,robot_1,1.614,-4.271
1783600026,116803540,robot_4,-1.009,4.107
1783600026,116815274,robot_3,3.273,-2.203
1783600026,337280498,robot_2,-3.286,-0.582
1783600026,337302231,robot_0,0.841,-3.643
1783600026,337312299,robot_1,1.614,-4.271
1783600026,337320446,robot_4,-1.020,4.071
1783600026,337328497,robot_3,3.242,-2.193
1783600026,557528191,robot_2,-3.340,-0.551
1783600026,557548576,robot_0,0.841,-3.643
1783600026,557557471,robot_1,1.614,-4.271
1783600026,557564150,robot_4,-1.030,4.042
1783600026,557571090,robot_3,3.210,-2.182
1783600026,776531814,robot_2,-3.396,-0.527
1783600026,776556237,robot_0,0.841,-3.643
1783600026,776569234,robot_1,1.613,-4.271
1783600026,776578935,robot_4,-1.046,4.008
1783600026,776588979,robot_3,3.177,-2.172
1783600026,977158389,robot_2,-3.449,-0.510
1783600026,977190492,robot_0,0.841,-3.643
1783600026,977205817,robot_1,1.613,-4.272
1783600026,977219489,robot_4,-1.072,3.966
1783600026,977231561,robot_3,3.145,-2.165
1783600027,196993714,robot_2,-3.519,-0.494
1783600027,197017027,robot_0,0.841,-3.643
1783600027,197027438,robot_1,1.613,-4.272
1783600027,197035693,robot_4,-1.105,3.924
1783600027,197044240,robot_3,3.111,-2.164
1783600027,415432470,robot_2,-3.590,-0.480
1783600027,415450799,robot_0,0.841,-3.643
1783600027,415458739,robot_1,1.613,-4.272
1783600027,415465596,robot_4,-1.143,3.886
1783600027,415471906,robot_3,3.076,-2.169
1783600027,617071165,robot_2,-3.652,-0.465
1783600027,617098276,robot_0,0.841,-3.643
1783600027,617109842,robot_1,1.613,-4.272
1783600027,617120799,robot_4,-1.182,3.856
1783600027,617131382,robot_3,3.046,-2.179
1783600027,836529170,robot_2,-3.721,-0.446
1783600027,836549795,robot_0,0.841,-3.643
1783600027,836559810,robot_1,1.613,-4.272
1783600027,836567693,robot_4,-1.228,3.828
1783600027,836576256,robot_3,3.012,-2.197
1783600028,36737124,robot_2,-3.787,-0.427
1783600028,36757818,robot_0,0.841,-3.643
1783600028,36765789,robot_1,1.613,-4.272
1783600028,36772688,robot_4,-1.273,3.808
1783600028,36779118,robot_3,2.982,-2.217
1783600028,256714613,robot_2,-3.857,-0.408
1783600028,256736070,robot_0,0.841,-3.643
1783600028,256746220,robot_1,1.613,-4.272
1783600028,256754059,robot_4,-1.315,3.794
1783600028,256761524,robot_3,2.950,-2.240
1783600028,476859794,robot_2,-3.914,-0.393
1783600028,476894523,robot_0,0.841,-3.643
1783600028,476910580,robot_1,1.613,-4.272
1783600028,476923642,robot_4,-1.355,3.783
1783600028,476935864,robot_3,2.915,-2.260
1783600028,696910527,robot_2,-3.969,-0.385
1783600028,696941104,robot_0,0.841,-3.643
1783600028,696957341,robot_1,1.613,-4.272
1783600028,696970079,robot_4,-1.395,3.770
1783600028,696982597,robot_3,2.879,-2.276
1783600028,916034707,robot_2,-4.026,-0.383
1783600028,916061002,robot_0,0.841,-3.643
1783600028,916074570,robot_1,1.613,-4.271
1783600028,916085943,robot_4,-1.432,3.750
1783600028,916096728,robot_3,2.841,-2.287
1783600029,116076065,robot_2,-4.077,-0.389
1783600029,116102158,robot_0,0.841,-3.643
1783600029,116117021,robot_1,1.613,-4.271
1783600029,116129436,robot_4,-1.463,3.728
1783600029,116140547,robot_3,2.805,-2.295
1783600029,316090248,robot_2,-4.127,-0.400
1783600029,316116621,robot_0,0.841,-3.643
1783600029,316130301,robot_1,1.614,-4.271
1783600029,316141630,robot_4,-1.490,3.702
1783600029,316152111,robot_3,2.755,-2.299
1783600029,516518211,robot_2,-4.175,-0.417
1783600029,516544494,robot_0,0.841,-3.643
1783600029,516557328,robot_1,1.614,-4.271
1783600029,516566016,robot_4,-1.513,3.673
1783600029,516574428,robot_3,2.705,-2.297
1783600029,716622550,robot_2,-4.203,-0.430
1783600029,716649524,robot_0,0.841,-3.643
1783600029,716663924,robot_1,1.614,-4.271
1783600029,716675789,robot_4,-1.526,3.652
1783600029,716687439,robot_3,2.655,-2.289
1783600029,916772422,robot_2,-4.225,-0.445
1783600029,916792950,robot_0,0.841,-3.643
1783600029,916802023,robot_1,1.614,-4.271
1783600029,916809610,robot_4,-1.538,3.629
1783600029,916817764,robot_3,2.607,-2.275
1783600030,139637242,robot_2,-4.228,-0.447
1783600030,139659733,robot_0,0.841,-3.643
1783600030,139670452,robot_1,1.614,-4.271
1783600030,139678871,robot_4,-1.566,3.578
1783600030,139686869,robot_3,2.557,-2.253
1783600030,357104203,robot_2,-4.228,-0.447
1783600030,357134567,robot_0,0.841,-3.643
1783600030,357149578,robot_1,1.614,-4.271
1783600030,357161287,robot_4,-1.591,3.531
1783600030,357171509,robot_3,2.510,-2.223
1783600030,576192444,robot_2,-4.228,-0.448
1783600030,576220782,robot_0,0.841,-3.643
1783600030,576236039,robot_1,1.614,-4.271
1783600030,576248131,robot_4,-1.612,3.493
1783600030,576259462,robot_3,2.472,-2.192
1783600030,776719463,robot_2,-4.228,-0.448
1783600030,776753327,robot_0,0.841,-3.643
1783600030,776773157,robot_1,1.614,-4.271
1783600030,776789683,robot_4,-1.628,3.464
1783600030,776804888,robot_3,2.453,-2.172
1783600030,996530560,robot_2,-4.227,-0.449
1783600030,996551950,robot_0,0.841,-3.643
1783600030,996559827,robot_1,1.614,-4.271
1783600030,996567255,robot_4,-1.641,3.438
1783600030,996573524,robot_3,2.427,-2.144
1783600031,197111984,robot_2,-4.228,-0.449
1783600031,197142422,robot_0,0.841,-3.643
1783600031,197158598,robot_1,1.614,-4.271
1783600031,197171953,robot_4,-1.659,3.405
1783600031,197184778,robot_3,2.398,-2.111
1783600031,417240420,robot_2,-4.228,-0.449
1783600031,417256716,robot_0,0.841,-3.643
1783600031,417266119,robot_1,1.615,-4.271
1783600031,417273837,robot_4,-1.684,3.353
1783600031,417280420,robot_3,2.373,-2.082
1783600031,636406035,robot_2,-4.228,-0.450
1783600031,636436550,robot_0,0.841,-3.643
1783600031,636452824,robot_1,1.615,-4.271
1783600031,636466384,robot_4,-1.702,3.302
1783600031,636478675,robot_3,2.355,-2.061
1783600031,839083185,robot_2,-4.228,-0.450
1783600031,839149130,robot_0,0.841,-3.643
1783600031,839187769,robot_1,1.615,-4.271
1783600031,839219000,robot_4,-1.711,3.253
1783600031,839249570,robot_3,2.330,-2.034
1783600032,57084018,robot_2,-4.228,-0.450
1783600032,57109270,robot_0,0.841,-3.643
1783600032,57122116,robot_1,1.616,-4.272
1783600032,57132972,robot_4,-1.715,3.199
1783600032,57142705,robot_3,2.299,-1.998
1783600032,277339661,robot_2,-4.228,-0.450
1783600032,277383944,robot_0,0.841,-3.643
1783600032,277412674,robot_1,1.616,-4.272
1783600032,277432459,robot_4,-1.710,3.144
1783600032,277444593,robot_3,2.277,-1.973
1783600032,497940627,robot_2,-4.228,-0.450
1783600032,497970804,robot_0,0.841,-3.643
1783600032,497981837,robot_1,1.616,-4.272
1783600032,497990879,robot_4,-1.698,3.091
1783600032,497999828,robot_3,2.260,-1.951
1783600032,716199551,robot_2,-4.228,-0.451
1783600032,716218448,robot_0,0.841,-3.643
1783600032,716226940,robot_1,1.616,-4.271
1783600032,716234659,robot_4,-1.683,3.051
1783600032,716241366,robot_3,2.245,-1.927
1783600032,916415926,robot_2,-4.228,-0.451
1783600032,916443389,robot_0,0.841,-3.643
1783600032,916459045,robot_1,1.615,-4.271
1783600032,916472254,robot_4,-1.669,3.025
1783600032,916485055,robot_3,2.228,-1.888
1783600033,116826941,robot_2,-4.229,-0.451
1783600033,116865479,robot_0,0.841,-3.643
1783600033,116887236,robot_1,1.615,-4.271
1783600033,116906829,robot_4,-1.652,3.001
1783600033,116924113,robot_3,2.211,-1.848
1783600033,337302127,robot_2,-4.229,-0.451
1783600033,337322221,robot_0,0.841,-3.643
1783600033,337331031,robot_1,1.615,-4.271
1783600033,337337844,robot_4,-1.630,2.977
1783600033,337353168,robot_3,2.192,-1.802
1783600033,557092300,robot_2,-4.229,-0.451
1783600033,557118215,robot_0,0.841,-3.643
1783600033,557132465,robot_1,1.615,-4.271
1783600033,557144350,robot_4,-1.605,2.956
1783600033,557155660,robot_3,2.174,-1.760
1783600033,775419593,robot_2,-4.229,-0.451
1783600033,775436758,robot_0,0.841,-3.643
1783600033,775444572,robot_1,1.615,-4.271
1783600033,775451246,robot_4,-1.577,2.940
1783600033,775458248,robot_3,2.162,-1.731
1783600033,976901595,robot_2,-4.228,-0.451
1783600033,976924452,robot_0,0.841,-3.643
1783600033,976932886,robot_1,1.615,-4.271
1783600033,976939747,robot_4,-1.550,2.928
1783600033,976946279,robot_3,2.147,-1.695
1783600034,196436715,robot_2,-4.228,-0.451
1783600034,196467171,robot_0,0.841,-3.643
1783600034,196482822,robot_1,1.615,-4.271
1783600034,196495923,robot_4,-1.523,2.920
1783600034,196509003,robot_3,2.121,-1.628
1783600034,396957242,robot_2,-4.228,-0.450
1783600034,396977080,robot_0,0.841,-3.643
1783600034,396984970,robot_1,1.615,-4.271
1783600034,396991942,robot_4,-1.500,2.916
1783600034,396998602,robot_3,2.100,-1.566
1783600034,616569271,robot_2,-4.228,-0.450
1783600034,616588510,robot_0,0.841,-3.643
1783600034,616596466,robot_1,1.615,-4.271
1783600034,616603375,robot_4,-1.473,2.911
1783600034,616609958,robot_3,2.080,-1.497
1783600034,836525554,robot_2,-4.228,-0.450
1783600034,836555408,robot_0,0.841,-3.643
1783600034,836572314,robot_1,1.615,-4.271
1783600034,836585865,robot_4,-1.444,2.908
1783600034,836598551,robot_3,2.064,-1.426
1783600035,37570905,robot_2,-4.228,-0.450
1783600035,37588546,robot_0,0.841,-3.643
1783600035,37596531,robot_1,1.615,-4.271
1783600035,37602613,robot_4,-1.410,2.908
1783600035,37609043,robot_3,2.053,-1.362
1783600035,256093924,robot_2,-4.228,-0.451
1783600035,256111801,robot_0,0.841,-3.643
1783600035,256120579,robot_1,1.614,-4.271
1783600035,256127380,robot_4,-1.370,2.910
1783600035,256134037,robot_3,2.046,-1.308
1783600035,476931229,robot_2,-4.228,-0.451
1783600035,476965475,robot_0,0.841,-3.643
1783600035,476982501,robot_1,1.614,-4.271
1783600035,476995737,robot_4,-1.338,2.913
1783600035,477007869,robot_3,2.042,-1.268
1783600035,677188029,robot_2,-4.229,-0.451
1783600035,677208487,robot_0,0.841,-3.643
1783600035,677219166,robot_1,1.614,-4.271
1783600035,677226668,robot_4,-1.311,2.915
1783600035,677235140,robot_3,2.041,-1.259
1783600035,895887717,robot_2,-4.229,-0.451
1783600035,895906854,robot_0,0.841,-3.643
1783600035,895914753,robot_1,1.614,-4.272
1783600035,895920650,robot_4,-1.265,2.918
1783600035,895926517,robot_3,2.041,-1.259
1783600036,96402939,robot_2,-4.232,-0.445
1783600036,96425927,robot_0,0.841,-3.643
1783600036,96436323,robot_1,1.613,-4.272
1783600036,96446325,robot_4,-1.223,2.926
1783600036,96455312,robot_3,2.041,-1.259
1783600036,296468833,robot_2,-4.242,-0.417
1783600036,296490965,robot_0,0.841,-3.643
1783600036,296499302,robot_1,1.613,-4.272
1783600036,296505859,robot_4,-1.182,2.938
1783600036,296511888,robot_3,2.041,-1.259
1783600036,497031720,robot_2,-4.253,-0.367
1783600036,497064831,robot_0,0.841,-3.643
1783600036,497081446,robot_1,1.613,-4.272
1783600036,497095076,robot_4,-1.156,2.949
1783600036,497107983,robot_3,2.041,-1.259
1783600036,716301528,robot_2,-4.263,-0.319
1783600036,716328827,robot_0,0.841,-3.643
1783600036,716344430,robot_1,1.613,-4.272
1783600036,716357372,robot_4,-1.128,2.964
1783600036,716369484,robot_3,2.040,-1.259
1783600036,916521719,robot_2,-4.275,-0.260
1783600036,916539137,robot_0,0.841,-3.643
1783600036,916547377,robot_1,1.613,-4.273
1783600036,916554444,robot_4,-1.095,2.982
1783600036,916560710,robot_3,2.040,-1.259
1783600037,116753121,robot_2,-4.282,-0.226
1783600037,116784732,robot_0,0.841,-3.643
1783600037,116802656,robot_1,1.613,-4.273
1783600037,116818119,robot_4,-1.065,2.998
1783600037,116833101,robot_3,2.040,-1.259
1783600037,335989626,robot_2,-4.296,-0.162
1783600037,336007605,robot_0,0.841,-3.643
1783600037,336015425,robot_1,1.613,-4.273
1783600037,336021128,robot_4,-1.064,2.999
1783600037,336027120,robot_3,2.040,-1.259
1783600037,536439838,robot_2,-4.304,-0.123
1783600037,536471569,robot_0,0.841,-3.643
1783600037,536487426,robot_1,1.612,-4.273
1783600037,536500444,robot_4,-1.064,2.999
1783600037,536512343,robot_3,2.041,-1.259
1783600037,736637455,robot_2,-4.307,-0.106
1783600037,736678077,robot_0,0.841,-3.643
1783600037,736693799,robot_1,1.650,-4.278
1783600037,736707963,robot_4,-1.064,2.999
1783600037,736721042,robot_3,2.041,-1.259
1783600037,957770889,robot_2,-4.316,-0.063
1783600037,957790829,robot_0,0.841,-3.643
1783600037,957798189,robot_1,1.709,-4.282
1783600037,957804131,robot_4,-1.064,2.999
1783600037,957810226,robot_3,2.041,-1.259
1783600038,176446154,robot_2,-4.321,-0.039
1783600038,176488888,robot_0,0.841,-3.643
1783600038,176503196,robot_1,1.738,-4.281
1783600038,176510490,robot_4,-1.064,2.999
1783600038,176516743,robot_3,2.040,-1.259
1783600038,395972238,robot_2,-4.333,0.023
1783600038,396000323,robot_0,0.841,-3.643
1783600038,396015313,robot_1,1.792,-4.280
1783600038,396027029,robot_4,-1.064,2.999
1783600038,396037909,robot_3,2.040,-1.259
1783600038,596350248,robot_2,-4.346,0.082
1783600038,596379218,robot_0,0.841,-3.643
1783600038,596398065,robot_1,1.818,-4.280
1783600038,596410539,robot_4,-1.064,2.999
1783600038,596422140,robot_3,2.040,-1.259
1783600038,796917001,robot_2,-4.358,0.140
1783600038,796945172,robot_0,0.841,-3.643
1783600038,796959401,robot_1,1.864,-4.279
1783600038,796971353,robot_4,-1.064,2.999
1783600038,796983296,robot_3,2.040,-1.259
1783600038,997257288,robot_2,-4.368,0.190
1783600038,997292226,robot_0,0.841,-3.643
1783600038,997308222,robot_1,1.909,-4.278
1783600038,997322047,robot_4,-1.064,2.999
1783600038,997335098,robot_3,2.040,-1.259
1783600039,216618689,robot_2,-4.378,0.239
1783600039,216648058,robot_0,0.841,-3.643
1783600039,216663326,robot_1,1.946,-4.277
1783600039,216676078,robot_4,-1.064,2.999
1783600039,216687850,robot_3,2.040,-1.259
1783600039,416632196,robot_2,-4.390,0.298
1783600039,416654117,robot_0,0.841,-3.643
1783600039,416662733,robot_1,1.977,-4.277
1783600039,416670060,robot_4,-1.064,2.999
1783600039,416676497,robot_3,2.040,-1.259
1783600039,637332037,robot_2,-4.398,0.338
1783600039,637364647,robot_0,0.841,-3.643
1783600039,637380872,robot_1,1.993,-4.276
1783600039,637400217,robot_4,-1.064,2.999
1783600039,637413674,robot_3,2.040,-1.259
1783600039,856252123,robot_2,-4.411,0.403
1783600039,856279110,robot_0,0.841,-3.643
1783600039,856291703,robot_1,2.037,-4.275
1783600039,856302297,robot_4,-1.064,2.999
1783600039,856313269,robot_3,2.040,-1.259
1783600040,56293906,robot_2,-4.418,0.437
1783600040,56314305,robot_0,0.841,-3.643
1783600040,56322517,robot_1,2.063,-4.275
1783600040,56329625,robot_4,-1.064,2.999
1783600040,56336531,robot_3,2.040,-1.259
1783600040,276598194,robot_2,-4.423,0.457
1783600040,276623241,robot_0,0.841,-3.643
1783600040,276635652,robot_1,2.102,-4.275
1783600040,276644917,robot_4,-1.064,2.999
1783600040,276653526,robot_3,2.040,-1.259
1783600040,496144292,robot_2,-4.434,0.512
1783600040,496166119,robot_0,0.841,-3.643
1783600040,496174307,robot_1,2.144,-4.277
1783600040,496181103,robot_4,-1.064,3.000
1783600040,496187904,robot_3,2.040,-1.259
1783600040,697401991,robot_2,-4.446,0.570
1783600040,697431614,robot_0,0.841,-3.643
1783600040,697446068,robot_1,2.167,-4.281
1783600040,697458042,robot_4,-1.064,3.000
1783600040,697469677,robot_3,2.040,-1.259
1783600040,917306053,robot_2,-4.454,0.608
1783600040,917336299,robot_0,0.841,-3.643
1783600040,917352051,robot_1,2.211,-4.292
1783600040,917365381,robot_4,-1.064,3.000
1783600040,917378066,robot_3,2.040,-1.259
1783600041,137567979,robot_2,-4.457,0.626
1783600041,137596519,robot_0,0.841,-3.643
1783600041,137611200,robot_1,2.233,-4.299
1783600041,137623387,robot_4,-1.064,3.000
1783600041,137634914,robot_3,2.040,-1.259
1783600041,356634216,robot_2,-4.470,0.689
1783600041,356661302,robot_0,0.841,-3.643
1783600041,356674971,robot_1,2.294,-4.321
1783600041,356686250,robot_4,-1.064,3.000
1783600041,356696716,robot_3,2.040,-1.259
1783600041,576837498,robot_2,-4.478,0.729
1783600041,576860907,robot_0,0.841,-3.643
1783600041,576871669,robot_1,2.333,-4.335
1783600041,576881489,robot_4,-1.064,3.000
1783600041,576889346,robot_3,2.040,-1.259
1783600041,796185665,robot_2,-4.483,0.753
1783600041,796213577,robot_0,0.841,-3.643
1783600041,796222443,robot_1,2.383,-4.346
1783600041,796229830,robot_4,-1.064,3.000
1783600041,796236264,robot_3,2.040,-1.259
1783600041,996924261,robot_2,-4.486,0.767
1783600041,996955945,robot_0,0.841,-3.643
1783600041,996972046,robot_1,2.431,-4.352
1783600041,996986122,robot_4,-1.064,3.000
1783600041,996998756,robot_3,2.040,-1.259
1783600042,216517946,robot_2,-4.486,0.768
1783600042,216536853,robot_0,0.841,-3.643
1783600042,216544534,robot_1,2.436,-4.353
1783600042,216550886,robot_4,-1.064,3.000
1783600042,216556740,robot_3,2.040,-1.259
1783600042,417177115,robot_2,-4.486,0.768
1783600042,417196779,robot_0,0.841,-3.643
1783600042,417204889,robot_1,2.436,-4.353
1783600042,417211348,robot_4,-1.064,3.000
1783600042,417217494,robot_3,2.040,-1.259
1783600042,617447733,robot_2,-4.486,0.768
1783600042,617471672,robot_0,0.841,-3.643
1783600042,617482233,robot_1,2.436,-4.353
1783600042,617490595,robot_4,-1.064,3.000
1783600042,617499396,robot_3,2.040,-1.259
1783600042,837301084,robot_2,-4.485,0.768
1783600042,837334187,robot_0,0.841,-3.643
1783600042,837353446,robot_1,2.436,-4.354
1783600042,837369036,robot_4,-1.064,3.000
1783600042,837383539,robot_3,2.040,-1.259
1783600043,55974561,robot_2,-4.485,0.768
1783600043,55995870,robot_0,0.841,-3.643
1783600043,56004009,robot_1,2.436,-4.354
1783600043,56011928,robot_4,-1.064,3.000
1783600043,56019805,robot_3,2.040,-1.259
1783600043,276847128,robot_2,-4.485,0.769
1783600043,276883299,robot_0,0.841,-3.643
1783600043,276897564,robot_1,2.436,-4.354
1783600043,276910159,robot_4,-1.064,3.001
1783600043,276921769,robot_3,2.040,-1.259
1783600043,496831454,robot_2,-4.485,0.769
1783600043,496866072,robot_0,0.841,-3.643
1783600043,496883260,robot_1,2.436,-4.354
1783600043,496896956,robot_4,-1.064,3.001
1783600043,496909701,robot_3,2.040,-1.259
1783600043,716595682,robot_2,-4.484,0.769
1783600043,716627687,robot_0,0.841,-3.643
1783600043,716643039,robot_1,2.436,-4.354
1783600043,716656514,robot_4,-1.044,2.989
1783600043,716669422,robot_3,2.040,-1.259
1783600043,937279990,robot_2,-4.484,0.770
1783600043,937309789,robot_0,0.841,-3.643
1783600043,937324528,robot_1,2.436,-4.354
1783600043,937337187,robot_4,-1.005,2.958
1783600043,937348552,robot_3,2.040,-1.259
1783600044,156855516,robot_2,-4.484,0.770
1783600044,156883294,robot_0,0.841,-3.643
1783600044,156897759,robot_1,2.436,-4.353
1783600044,156910228,robot_4,-0.991,2.944
1783600044,156922740,robot_3,2.040,-1.258
1783600044,357870995,robot_2,-4.484,0.770
1783600044,357889172,robot_0,0.841,-3.643
1783600044,357897338,robot_1,2.436,-4.353
1783600044,357903729,robot_4,-0.972,2.917
1783600044,357909822,robot_3,2.039,-1.258
1783600044,575876001,robot_2,-4.484,0.770
1783600044,575898120,robot_0,0.841,-3.643
1783600044,575906819,robot_1,2.436,-4.353
1783600044,575914237,robot_4,-0.960,2.894
1783600044,575921869,robot_3,2.039,-1.258
1783600044,776367600,robot_2,-4.484,0.770
1783600044,776395437,robot_0,0.841,-3.643
1783600044,776408464,robot_1,2.436,-4.352
1783600044,776416869,robot_4,-0.952,2.869
1783600044,776424896,robot_3,2.039,-1.258
1783600044,977142731,robot_2,-4.484,0.770
1783600044,977176885,robot_0,0.841,-3.643
1783600044,977192155,robot_1,2.436,-4.352
1783600044,977205793,robot_4,-0.945,2.837
1783600044,977217901,robot_3,2.039,-1.258
1783600045,195992397,robot_2,-4.484,0.769
1783600045,196013172,robot_0,0.841,-3.643
1783600045,196022342,robot_1,2.439,-4.353
1783600045,196029412,robot_4,-0.943,2.791
1783600045,196036802,robot_3,2.039,-1.258
1783600045,396312365,robot_2,-4.485,0.769
1783600045,396333780,robot_0,0.841,-3.643
1783600045,396342479,robot_1,2.489,-4.381
1783600045,396350380,robot_4,-0.942,2.749
1783600045,396357174,robot_3,2.039,-1.258
1783600045,596418523,robot_2,-4.485,0.769
1783600045,596438373,robot_0,0.841,-3.643
1783600045,596446337,robot_1,2.542,-4.414
1783600045,596453876,robot_4,-0.942,2.700
1783600045,596460426,robot_3,2.039,-1.258
1783600045,816444223,robot_2,-4.485,0.769
1783600045,816464969,robot_0,0.841,-3.643
1783600045,816473838,robot_1,2.549,-4.419
1783600045,816481727,robot_4,-0.942,2.647
1783600045,816488888,robot_3,2.039,-1.258
1783600046,17114922,robot_2,-4.485,0.768
1783600046,17153128,robot_0,0.841,-3.643
1783600046,17170563,robot_1,2.549,-4.419
1783600046,17184749,robot_4,-0.942,2.597
1783600046,17198258,robot_3,2.039,-1.258
1783600046,238067440,robot_2,-4.485,0.769
1783600046,238095703,robot_0,0.841,-3.643
1783600046,238110038,robot_1,2.549,-4.419
1783600046,238121532,robot_4,-0.936,2.545
1783600046,238132644,robot_3,2.039,-1.258
1783600046,440468317,robot_2,-4.485,0.769
1783600046,440499215,robot_0,0.841,-3.643
1783600046,440514773,robot_1,2.549,-4.420
1783600046,440527821,robot_4,-0.924,2.499
1783600046,440540074,robot_3,2.039,-1.258
1783600046,656568480,robot_2,-4.485,0.769
1783600046,656598586,robot_0,0.841,-3.643
1783600046,656612795,robot_1,2.549,-4.420
1783600046,656624979,robot_4,-0.904,2.450
1783600046,656636077,robot_3,2.039,-1.258
1783600046,857251358,robot_2,-4.485,0.769
1783600046,857286809,robot_0,0.841,-3.643
1783600046,857300784,robot_1,2.549,-4.420
1783600046,857311978,robot_4,-0.879,2.410
1783600046,857323498,robot_3,2.039,-1.258
1783600047,75935649,robot_2,-4.485,0.769
1783600047,75964378,robot_0,0.841,-3.643
1783600047,75975433,robot_1,2.549,-4.420
1783600047,75985686,robot_4,-0.846,2.369
1783600047,75993188,robot_3,2.039,-1.257
1783600047,277300784,robot_2,-4.485,0.770
1783600047,277329434,robot_0,0.841,-3.643
1783600047,277343720,robot_1,2.549,-4.420
1783600047,277355584,robot_4,-0.815,2.340
1783600047,277366906,robot_3,2.039,-1.257
1783600047,496276618,robot_2,-4.485,0.770
1783600047,496297955,robot_0,0.841,-3.643
1783600047,496306735,robot_1,2.549,-4.421
1783600047,496314221,robot_4,-0.782,2.317
1783600047,496321344,robot_3,2.039,-1.257
1783600047,715623716,robot_2,-4.485,0.770
1783600047,715643898,robot_0,0.841,-3.643
1783600047,715651474,robot_1,2.549,-4.421
1783600047,715658716,robot_4,-0.750,2.294
1783600047,715665814,robot_3,2.039,-1.256
1783600047,916003728,robot_2,-4.485,0.770
1783600047,916032380,robot_0,0.841,-3.643
1783600047,916047014,robot_1,2.549,-4.421
1783600047,916059587,robot_4,-0.721,2.272
1783600047,916070796,robot_3,2.081,-1.266
1783600048,116763922,robot_2,-4.485,0.770
1783600048,116794581,robot_0,0.841,-3.643
1783600048,116810022,robot_1,2.549,-4.421
1783600048,116822153,robot_4,-0.694,2.248
1783600048,116834407,robot_3,2.128,-1.283
1783600048,337541872,robot_2,-4.485,0.770
1783600048,337571280,robot_0,0.841,-3.643
1783600048,337584558,robot_1,2.549,-4.421
1783600048,337595800,robot_4,-0.667,2.219
1783600048,337605182,robot_3,2.180,-1.308
1783600048,556151733,robot_2,-4.485,0.770
1783600048,556180897,robot_0,0.841,-3.643
1783600048,556195640,robot_1,2.549,-4.421
1783600048,556207491,robot_4,-0.642,2.188
1783600048,556218791,robot_3,2.226,-1.332
1783600048,756536340,robot_2,-4.485,0.770
1783600048,756560209,robot_0,0.841,-3.643
1783600048,756571054,robot_1,2.549,-4.421
1783600048,756580652,robot_4,-0.623,2.162
1783600048,756588946,robot_3,2.256,-1.349
1783600048,976122203,robot_2,-4.485,0.770
1783600048,976144744,robot_0,0.841,-3.643
1783600048,976153046,robot_1,2.549,-4.421
1783600048,976159405,robot_4,-0.608,2.138
1783600048,976165436,robot_3,2.304,-1.375
1783600049,196074091,robot_2,-4.485,0.770
1783600049,196092739,robot_0,0.841,-3.643
1783600049,196101451,robot_1,2.549,-4.421
1783600049,196107958,robot_4,-0.590,2.109
1783600049,196114388,robot_3,2.324,-1.385
1783600049,396881488,robot_2,-4.485,0.770
1783600049,396909675,robot_0,0.841,-3.643
1783600049,396923513,robot_1,2.549,-4.421
1783600049,396935414,robot_4,-0.568,2.077
1783600049,396946707,robot_3,2.357,-1.402
1783600049,596912120,robot_2,-4.485,0.770
1783600049,596939746,robot_0,0.841,-3.643
1783600049,596953714,robot_1,2.549,-4.421
1783600049,596964861,robot_4,-0.544,2.047
1783600049,596976828,robot_3,2.391,-1.415
1783600049,817213866,robot_2,-4.485,0.770
1783600049,817244434,robot_0,0.841,-3.643
1783600049,817260399,robot_1,2.549,-4.421
1783600049,817273475,robot_4,-0.515,2.017
1783600049,817285888,robot_3,2.431,-1.426
1783600050,36378920,robot_2,-4.485,0.770
1783600050,36416940,robot_0,0.841,-3.643
1783600050,36432825,robot_1,2.549,-4.421
1783600050,36446424,robot_4,-0.482,1.990
1783600050,36459538,robot_3,2.471,-1.432
1783600050,237283815,robot_2,-4.485,0.770
1783600050,237313686,robot_0,0.841,-3.643
1783600050,237328739,robot_1,2.550,-4.421
1783600050,237341299,robot_4,-0.451,1.968
1783600050,237352538,robot_3,2.510,-1.434
1783600050,457155671,robot_2,-4.485,0.770
1783600050,457176835,robot_0,0.841,-3.643
1783600050,457185344,robot_1,2.550,-4.422
1783600050,457192675,robot_4,-0.414,1.947
1783600050,457199411,robot_3,2.574,-1.430
1783600050,658329354,robot_2,-4.485,0.770
1783600050,658357144,robot_0,0.841,-3.643
1783600050,658371578,robot_1,2.550,-4.422
1783600050,658382864,robot_4,-0.373,1.930
1783600050,658396048,robot_3,2.633,-1.422
1783600050,876502113,robot_2,-4.485,0.770
1783600050,876525494,robot_0,0.841,-3.643
1783600050,876536643,robot_1,2.550,-4.422
1783600050,876545297,robot_4,-0.314,1.908
1783600050,876553822,robot_3,2.701,-1.408
1783600051,77329482,robot_2,-4.485,0.769
1783600051,77349398,robot_0,0.841,-3.643
1783600051,77358485,robot_1,2.551,-4.422
1783600051,77365409,robot_4,-0.261,1.887
1783600051,77371947,robot_3,2.753,-1.396
1783600051,297680640,robot_2,-4.485,0.769
1783600051,297700842,robot_0,0.841,-3.643
1783600051,297708905,robot_1,2.551,-4.422
1783600051,297715856,robot_4,-0.204,1.858
1783600051,297722593,robot_3,2.756,-1.396
1783600051,517347512,robot_2,-4.485,0.769
1783600051,517370002,robot_0,0.841,-3.643
1783600051,517378861,robot_1,2.551,-4.422
1783600051,517386862,robot_4,-0.151,1.824
1783600051,517409675,robot_3,2.756,-1.396
1783600051,736926259,robot_2,-4.485,0.769
1783600051,736959166,robot_0,0.841,-3.643
1783600051,736974986,robot_1,2.551,-4.422
1783600051,736988470,robot_4,-0.101,1.785
1783600051,737000926,robot_3,2.756,-1.396
1783600051,956089136,robot_2,-4.485,0.768
1783600051,956109624,robot_0,0.841,-3.643
1783600051,956117740,robot_1,2.551,-4.422
1783600051,956124199,robot_4,-0.055,1.742
1783600051,956130592,robot_3,2.756,-1.396
1783600052,156658665,robot_2,-4.486,0.768
1783600052,156692813,robot_0,0.841,-3.643
1783600052,156710007,robot_1,2.551,-4.422
1783600052,156721968,robot_4,-0.016,1.697
1783600052,156733939,robot_3,2.756,-1.396
1783600052,375735700,robot_2,-4.486,0.768
1783600052,375754488,robot_0,0.841,-3.643
1783600052,375762408,robot_1,2.551,-4.422
1783600052,375768747,robot_4,0.029,1.639
1783600052,375783763,robot_3,2.756,-1.396
1783600052,577110172,robot_2,-4.486,0.768
1783600052,577141962,robot_0,0.841,-3.643
1783600052,577158037,robot_1,2.551,-4.422
1783600052,577170935,robot_4,0.066,1.591
1783600052,577182268,robot_3,2.756,-1.396
1783600052,796513862,robot_2,-4.486,0.768
1783600052,796542468,robot_0,0.841,-3.643
1783600052,796556160,robot_1,2.551,-4.422
1783600052,796567862,robot_4,0.103,1.546
1783600052,796578978,robot_3,2.756,-1.397
1783600053,16840436,robot_2,-4.486,0.768
1783600053,16873440,robot_0,0.841,-3.643
1783600053,16889350,robot_1,2.551,-4.422
1783600053,16902465,robot_4,0.145,1.504
1783600053,16914712,robot_3,2.757,-1.397
1783600053,217184654,robot_2,-4.487,0.768
1783600053,217213597,robot_0,0.841,-3.643
1783600053,217228216,robot_1,2.551,-4.422
1783600053,217239745,robot_4,0.187,1.470
1783600053,217250754,robot_3,2.757,-1.397
1783600053,439267490,robot_2,-4.487,0.768
1783600053,439297176,robot_0,0.841,-3.643
1783600053,439311365,robot_1,2.551,-4.422
1783600053,439323213,robot_4,0.236,1.438
1783600053,439334723,robot_3,2.757,-1.397
1783600053,656095539,robot_2,-4.487,0.768
1783600053,656126757,robot_0,0.841,-3.643
1783600053,656142527,robot_1,2.551,-4.422
1783600053,656155708,robot_4,0.288,1.410
1783600053,656168015,robot_3,2.757,-1.397
1783600053,856740882,robot_2,-4.487,0.768
1783600053,856762475,robot_0,0.841,-3.643
1783600053,856772118,robot_1,2.551,-4.422
1783600053,856780152,robot_4,0.337,1.390
1783600053,856788073,robot_3,2.758,-1.397
1783600054,56878822,robot_2,-4.488,0.768
1783600054,56909157,robot_0,0.841,-3.643
1783600054,56924792,robot_1,2.551,-4.422
1783600054,56938399,robot_4,0.375,1.378
1783600054,56950530,robot_3,2.758,-1.397
1783600054,257168625,robot_2,-4.486,0.788
1783600054,257190593,robot_0,0.841,-3.643
1783600054,257200367,robot_1,2.550,-4.422
1783600054,257208399,robot_4,0.408,1.369
1783600054,257215590,robot_3,2.758,-1.397
1783600054,458415765,robot_2,-4.483,0.829
1783600054,458458093,robot_0,0.841,-3.643
1783600054,458480277,robot_1,2.550,-4.422
1783600054,458498990,robot_4,0.449,1.359
1783600054,458515091,robot_3,2.758,-1.397
1783600054,677338206,robot_2,-4.481,0.854
1783600054,677359520,robot_0,0.841,-3.643
1783600054,677368866,robot_1,2.550,-4.422
1783600054,677376527,robot_4,0.494,1.350
1783600054,677383565,robot_3,2.758,-1.397
1783600054,897031916,robot_2,-4.478,0.899
1783600054,897059228,robot_0,0.841,-3.643
1783600054,897071407,robot_1,2.550,-4.422
1783600054,897083758,robot_4,0.540,1.347
1783600054,897093661,robot_3,2.759,-1.397
1783600055,116747986,robot_2,-4.474,0.944
1783600055,116768063,robot_0,0.841,-3.643
1783600055,116775548,robot_1,2.550,-4.421
1783600055,116782209,robot_4,0.587,1.349
1783600055,116788592,robot_3,2.759,-1.397
1783600055,336640418,robot_2,-4.470,0.989
1783600055,336680043,robot_0,0.841,-3.643
1783600055,336701342,robot_1,2.550,-4.421
1783600055,336719793,robot_4,0.633,1.357
1783600055,336737711,robot_3,2.759,-1.396
1783600055,536970357,robot_2,-4.468,1.013
1783600055,537002937,robot_0,0.841,-3.643
1783600055,537018735,robot_1,2.549,-4.421
1783600055,537032005,robot_4,0.673,1.369
1783600055,537044797,robot_3,2.759,-1.396
1783600055,756976808,robot_2,-4.464,1.067
1783600055,757000141,robot_0,0.841,-3.643
1783600055,757010872,robot_1,2.549,-4.421
1783600055,757019278,robot_4,0.716,1.387
1783600055,757027585,robot_3,2.738,-1.386
1783600055,976812557,robot_2,-4.459,1.126
1783600055,976851337,robot_0,0.841,-3.643
1783600055,976869003,robot_1,2.549,-4.421
1783600055,976882890,robot_4,0.768,1.417
1783600055,976896580,robot_3,2.698,-1.373
1783600056,196096050,robot_2,-4.456,1.168
1783600056,196116906,robot_0,0.841,-3.643
1783600056,196127533,robot_1,2.549,-4.421
1783600056,196135139,robot_4,0.818,1.453
1783600056,196142457,robot_3,2.676,-1.370
1783600056,397583528,robot_2,-4.452,1.216
1783600056,397602763,robot_0,0.841,-3.643
1783600056,397610844,robot_1,2.550,-4.421
1783600056,397616694,robot_4,0.861,1.490
1783600056,397622122,robot_3,2.631,-1.371
1783600056,616473260,robot_2,-4.450,1.237
1783600056,616500472,robot_0,0.841,-3.643
1783600056,616514047,robot_1,2.550,-4.421
1783600056,616525484,robot_4,0.903,1.536
1783600056,616536238,robot_3,2.586,-1.377
1783600056,837760518,robot_2,-4.447,1.282
1783600056,837789136,robot_0,0.841,-3.643
1783600056,837802981,robot_1,2.550,-4.421
1783600056,837814940,robot_4,0.941,1.585
1783600056,837825952,robot_3,2.548,-1.384
1783600057,56113233,robot_2,-4.444,1.313
1783600057,56138829,robot_0,0.841,-3.643
1783600057,56150458,robot_1,2.550,-4.422
1783600057,56160143,robot_4,0.973,1.638
1783600057,56168572,robot_3,2.517,-1.389
1783600057,257150339,robot_2,-4.440,1.369
1783600057,257169913,robot_0,0.841,-3.643
1783600057,257177920,robot_1,2.550,-4.422
1783600057,257184488,robot_4,0.998,1.689
1783600057,257190309,robot_3,2.474,-1.396
1783600057,476300281,robot_2,-4.434,1.437
1783600057,476321244,robot_0,0.841,-3.643
1783600057,476330410,robot_1,2.550,-4.422
1783600057,476337547,robot_4,1.011,1.723
1783600057,476344037,robot_3,2.420,-1.406
1783600057,677241695,robot_2,-4.431,1.480
1783600057,677267104,robot_0,0.841,-3.643
1783600057,677281122,robot_1,2.550,-4.422
1783600057,677293384,robot_4,1.018,1.745
1783600057,677304596,robot_3,2.379,-1.413
1783600057,896867318,robot_2,-4.426,1.540
1783600057,896892678,robot_0,0.841,-3.643
1783600057,896904492,robot_1,2.550,-4.422
1783600057,896914363,robot_4,1.027,1.769
1783600057,896924491,robot_3,2.336,-1.423
1783600058,96931694,robot_2,-4.424,1.570
1783600058,96960731,robot_0,0.841,-3.643
1783600058,96975395,robot_1,2.550,-4.422
1783600058,96987214,robot_4,1.037,1.790
1783600058,96999003,robot_3,2.298,-1.435
1783600058,316370266,robot_2,-4.419,1.630
1783600058,316402456,robot_0,0.841,-3.643
1783600058,316415974,robot_1,2.550,-4.421
1783600058,316427532,robot_4,1.051,1.811
1783600058,316437719,robot_3,2.257,-1.451
1783600058,537345526,robot_2,-4.415,1.673
1783600058,537377714,robot_0,0.841,-3.643
1783600058,537398125,robot_1,2.550,-4.421
1783600058,537412071,robot_4,1.068,1.830
1783600058,537424438,robot_3,2.217,-1.471
1783600058,756242769,robot_2,-4.411,1.726
1783600058,756269407,robot_0,0.841,-3.643
1783600058,756277901,robot_1,2.549,-4.421
1783600058,756284472,robot_4,1.087,1.846
1783600058,756290172,robot_3,2.179,-1.494
1783600058,957120630,robot_2,-4.407,1.778
1783600058,957155362,robot_0,0.841,-3.643
1783600058,957171204,robot_1,2.549,-4.421
1783600058,957184280,robot_4,1.107,1.859
1783600058,957196624,robot_3,2.147,-1.517
1783600059,176601387,robot_2,-4.404,1.812
1783600059,176629385,robot_0,0.841,-3.643
1783600059,176644919,robot_1,2.549,-4.421
1783600059,176657523,robot_4,1.129,1.870
1783600059,176669455,robot_3,2.099,-1.556
1783600059,396415243,robot_2,-4.398,1.861
1783600059,396445681,robot_0,0.841,-3.643
1783600059,396460698,robot_1,2.549,-4.421
1783600059,396472665,robot_4,1.153,1.878
1783600059,396484249,robot_3,2.047,-1.601
1783600059,597468950,robot_2,-4.396,1.883
1783600059,597499947,robot_0,0.841,-3.643
1783600059,597515421,robot_1,2.549,-4.421
1783600059,597528476,robot_4,1.176,1.883
1783600059,597540435,robot_3,2.009,-1.633
1783600059,816338183,robot_2,-4.390,1.931
1783600059,816358616,robot_0,0.841,-3.643
1783600059,816367613,robot_1,2.549,-4.421
1783600059,816375620,robot_4,1.201,1.885
1783600059,816382058,robot_3,1.966,-1.666
1783600060,36957176,robot_2,-4.387,1.962
1783600060,36989696,robot_0,0.841,-3.643
1783600060,37006266,robot_1,2.549,-4.421
1783600060,37020482,robot_4,1.230,1.884
1783600060,37032968,robot_3,1.921,-1.695
1783600060,256330768,robot_2,-4.382,2.006
1783600060,256360763,robot_0,0.841,-3.643
1783600060,256368360,robot_1,2.549,-4.421
1783600060,256374620,robot_4,1.281,1.878
1783600060,256381273,robot_3,1.874,-1.721
1783600060,457160925,robot_2,-4.378,2.047
1783600060,457182049,robot_0,0.841,-3.643
1783600060,457189933,robot_1,2.549,-4.421
1783600060,457195984,robot_4,1.330,1.870
1783600060,457202835,robot_3,1.830,-1.741
1783600060,676787667,robot_2,-4.374,2.075
1783600060,676809499,robot_0,0.841,-3.643
1783600060,676819601,robot_1,2.549,-4.421
1783600060,676828243,robot_4,1.387,1.861
1783600060,676836360,robot_3,1.779,-1.760
1783600060,877036993,robot_2,-4.370,2.117
1783600060,877068224,robot_0,0.841,-3.643
1783600060,877083735,robot_1,2.549,-4.421
1783600060,877096351,robot_4,1.428,1.855
1783600060,877107884,robot_3,1.730,-1.775
1783600061,77183435,robot_2,-4.367,2.138
1783600061,77213817,robot_0,0.841,-3.643
1783600061,77230058,robot_1,2.549,-4.421
1783600061,77243232,robot_4,1.451,1.851
1783600061,77256673,robot_3,1.677,-1.789
1783600061,296611148,robot_2,-4.362,2.183
1783600061,296642707,robot_0,0.841,-3.643
1783600061,296659263,robot_1,2.549,-4.421
1783600061,296672664,robot_4,1.492,1.845
1783600061,296685116,robot_3,1.621,-1.807
1783600061,515777530,robot_2,-4.359,2.216
1783600061,515798906,robot_0,0.841,-3.643
1783600061,515807392,robot_1,2.549,-4.421
1783600061,515814079,robot_4,1.551,1.836
1783600061,515819849,robot_3,1.569,-1.831
1783600061,717365704,robot_2,-4.355,2.250
1783600061,717398685,robot_0,0.841,-3.643
1783600061,717414231,robot_1,2.549,-4.421
1783600061,717426908,robot_4,1.595,1.829
1783600061,717438700,robot_3,1.524,-1.858
1783600061,936842900,robot_2,-4.350,2.295
1783600061,936875112,robot_0,0.841,-3.643
1783600061,936891236,robot_1,2.549,-4.420
1783600061,936904644,robot_4,1.637,1.824
1783600061,936917736,robot_3,1.478,-1.894
1783600062,156594598,robot_2,-4.349,2.302
1783600062,156615254,robot_0,0.841,-3.643
1783600062,156623942,robot_1,2.549,-4.420
1783600062,156631142,robot_4,1.680,1.823
1783600062,156637934,robot_3,1.437,-1.935
1783600062,357579279,robot_2,-4.345,2.341
1783600062,357599217,robot_0,0.841,-3.643
1783600062,357607648,robot_1,2.549,-4.420
1783600062,357615135,robot_4,1.719,1.825
1783600062,357621195,robot_3,1.405,-1.977
1783600062,577218176,robot_2,-4.342,2.373
1783600062,577248942,robot_0,0.841,-3.643
1783600062,577265683,robot_1,2.549,-4.420
1783600062,577279494,robot_4,1.762,1.831
1783600062,577293173,robot_3,1.373,-2.026
1783600062,795658494,robot_2,-4.338,2.406
1783600062,795677289,robot_0,0.841,-3.643
1783600062,795685255,robot_1,2.549,-4.420
1783600062,795692293,robot_4,1.804,1.841
1783600062,795698366,robot_3,1.349,-2.067
1783600062,997279442,robot_2,-4.335,2.433
1783600062,997311971,robot_0,0.841,-3.643
1783600062,997328522,robot_1,2.549,-4.421
1783600062,997342289,robot_4,1.841,1.852
1783600062,997355507,robot_3,1.336,-2.088
1783600063,215644944,robot_2,-4.333,2.446
1783600063,215665346,robot_0,0.841,-3.643
1783600063,215674736,robot_1,2.550,-4.421
1783600063,215681719,robot_4,1.875,1.867
1783600063,215687792,robot_3,1.317,-2.120
1783600063,416442352,robot_2,-4.328,2.499
1783600063,416473866,robot_0,0.841,-3.643
1783600063,416490346,robot_1,2.550,-4.421
1783600063,416503517,robot_4,1.905,1.884
1783600063,416515338,robot_3,1.294,-2.160
