stamp_sec,stamp_nsec,robot,x,y
1770733000,210712604,robot_0,2.000,-0.000
1770733000,210755794,robot_2,-2.000,0.000
1770733000,210770060,robot_1,0.000,2.000
1770733000,210784416,robot_3,-0.000,-2.000
1770733001,239298895,robot_0,2.000,0.000
1770733001,239320155,robot_2,-2.000,-0.000
1770733001,239336694,robot_1,0.000,2.000
1770733001,239343236,robot_3,-0.000,-2.000
1770733002,370024028,robot_0,2.000,0.000
1770733002,370051380,robot_2,-2.000,-0.000
1770733002,370064389,robot_1,-0.000,2.000
1770733002,370088285,robot_3,0.000,-2.000
1770733002,572872558,robot_0,2.000,0.000
1770733002,572897686,robot_2,-2.000,-0.000
1770733002,572914386,robot_1,-0.000,2.000
1770733002,572920802,robot_3,0.000,-2.000
1770733002,775344729,robot_0,2.000,-0.000
1770733002,775401337,robot_2,-2.000,-0.000
1770733002,775416811,robot_1,0.000,2.000
1770733002,775430295,robot_3,-0.000,-2.000
1770733002,976632116,robot_0,2.000,-0.001
1770733002,976656027,robot_2,-2.000,0.000
1770733002,976663838,robot_1,0.001,2.000
1770733002,976675780,robot_3,-0.001,-2.000
1770733003,176786989,robot_0,2.001,-0.001
1770733003,176814325,robot_2,-2.000,0.000
1770733003,176821807,robot_1,0.001,2.001
1770733003,176828280,robot_3,-0.001,-2.001
1770733003,378335599,robot_0,2.001,-0.002
1770733003,378356566,robot_2,-2.000,0.001
1770733003,378372544,robot_1,0.002,2.001
1770733003,378378816,robot_3,-0.002,-2.001
1770733003,579962985,robot_0,2.002,-0.002
1770733003,579992682,robot_2,-2.001,0.002
1770733003,580007031,robot_1,0.002,2.002
1770733003,580017921,robot_3,-0.002,-2.002
1770733003,780659672,robot_0,2.003,-0.002
1770733003,780685878,robot_2,-2.002,0.002
1770733003,780692634,robot_1,0.002,2.003
1770733003,780698965,robot_3,-0.002,-2.003
1770733003,981478065,robot_0,2.004,-0.001
1770733003,981500296,robot_2,-2.002,0.002
1770733003,981506974,robot_1,0.001,2.004
1770733003,981512275,robot_3,-0.001,-2.004
1770733004,184145386,robot_0,2.004,-0.001
1770733004,184167540,robot_2,-2.003,0.002
1770733004,184175305,robot_1,0.001,2.004
1770733004,184181871,robot_3,-0.001,-2.004
1770733004,404480804,robot_0,2.004,-0.001
1770733004,404502673,robot_2,-2.004,0.001
1770733004,404510217,robot_1,-0.019,1.984
1770733004,404526031,robot_3,-0.001,-2.004
1770733004,604834271,robot_0,2.005,-0.000
1770733004,604856613,robot_2,-2.004,0.000
1770733004,604863881,robot_1,-0.046,1.954
1770733004,604870087,robot_3,-0.001,-2.007
1770733004,806269641,robot_0,2.005,0.000
1770733004,806290532,robot_2,-2.005,-0.000
1770733004,806297668,robot_1,-0.073,1.925
1770733004,806303818,robot_3,0.001,-2.007
1770733005,6897811,robot_0,2.005,0.001
1770733005,6920820,robot_2,-2.005,-0.001
1770733005,6927367,robot_1,-0.100,1.896
1770733005,6933171,robot_3,0.001,-2.007
1770733005,207354027,robot_0,2.004,0.002
1770733005,207384879,robot_2,-2.004,-0.002
1770733005,207397637,robot_1,-0.127,1.866
1770733005,207407747,robot_3,0.002,-2.007
1770733005,410497404,robot_0,2.004,0.002
1770733005,410554863,robot_2,-1.976,0.010
1770733005,410572270,robot_1,-0.149,1.842
1770733005,410586345,robot_3,0.003,-2.006
1770733005,610429376,robot_0,2.003,0.003
1770733005,610490548,robot_2,-1.940,0.027
1770733005,610513792,robot_1,-0.171,1.819
1770733005,610536803,robot_3,0.003,-2.005
1770733005,830793506,robot_0,2.002,0.003
1770733005,830815752,robot_2,-1.906,0.042
1770733005,830823196,robot_1,-0.198,1.793
1770733005,830829180,robot_3,0.003,-2.004
1770733006,32325155,robot_0,2.001,0.002
1770733006,32359095,robot_2,-1.882,0.054
1770733006,32372861,robot_1,-0.226,1.767
1770733006,32384608,robot_3,0.003,-2.004
1770733006,232415951,robot_0,2.001,0.002
1770733006,232441862,robot_2,-1.859,0.068
1770733006,232450665,robot_1,-0.255,1.744
1770733006,232457549,robot_3,0.002,-2.003
1770733006,432859087,robot_0,2.000,0.001
1770733006,432878050,robot_2,-1.828,0.093
1770733006,432885341,robot_1,-0.279,1.729
1770733006,432891354,robot_3,0.001,-2.003
1770733006,633445573,robot_0,2.000,0.001
1770733006,633473015,robot_2,-1.798,0.120
1770733006,633481542,robot_1,-0.304,1.715
1770733006,633487453,robot_3,0.001,-2.002
1770733006,833892033,robot_0,2.010,-0.001
1770733006,833915224,robot_2,-1.773,0.142
1770733006,833922892,robot_1,-0.319,1.708
1770733006,833928457,robot_3,-0.000,-2.015
1770733007,34819521,robot_0,2.032,-0.004
1770733007,34839728,robot_2,-1.751,0.160
1770733007,34847676,robot_1,-0.319,1.708
1770733007,34854051,robot_3,-0.002,-2.055
1770733007,235302836,robot_0,2.054,-0.007
1770733007,235321789,robot_2,-1.727,0.176
1770733007,235329156,robot_1,-0.319,1.708
1770733007,235334958,robot_3,-0.003,-2.095
1770733007,437023547,robot_0,2.054,-0.007
1770733007,437046479,robot_2,-1.692,0.192
1770733007,437054299,robot_1,-0.319,1.709
1770733007,437060254,robot_3,-0.003,-2.118
1770733007,637555371,robot_0,2.054,-0.007
1770733007,637588993,robot_2,-1.656,0.207
1770733007,637599676,robot_1,-0.319,1.709
1770733007,637608319,robot_3,-0.003,-2.141
1770733007,857066573,robot_0,2.054,-0.007
1770733007,857085963,robot_2,-1.636,0.216
1770733007,857093151,robot_1,-0.320,1.709
1770733007,857098881,robot_3,-0.003,-2.175
1770733008,58001480,robot_0,2.055,-0.008
1770733008,58020578,robot_2,-1.636,0.215
1770733008,58027285,robot_1,-0.321,1.709
1770733008,58032868,robot_3,-0.003,-2.215
1770733008,260075564,robot_0,2.055,-0.009
1770733008,260105876,robot_2,-1.635,0.215
1770733008,260118489,robot_1,-0.322,1.709
1770733008,260129708,robot_3,-0.002,-2.254
1770733008,460992102,robot_0,2.056,-0.009
1770733008,461016355,robot_2,-1.634,0.215
1770733008,461024847,robot_1,-0.322,1.708
1770733008,461032105,robot_3,-0.002,-2.258
1770733008,661134109,robot_0,2.057,-0.009
1770733008,661189617,robot_2,-1.633,0.215
1770733008,661209623,robot_1,-0.323,1.708
1770733008,661222029,robot_3,-0.003,-2.258
1770733008,861535691,robot_0,2.058,-0.009
1770733008,861565485,robot_2,-1.633,0.215
1770733008,861576006,robot_1,-0.323,1.707
1770733008,861583802,robot_3,-0.003,-2.258
1770733009,62744131,robot_0,2.058,-0.008
1770733009,62780130,robot_2,-1.632,0.216
1770733009,62788605,robot_1,-0.322,1.706
1770733009,62796035,robot_3,-0.004,-2.259
1770733009,263132538,robot_0,2.059,-0.007
1770733009,263155528,robot_2,-1.632,0.217
1770733009,263162577,robot_1,-0.320,1.707
1770733009,263168001,robot_3,-0.004,-2.259
1770733009,464351259,robot_0,2.059,-0.006
1770733009,464375038,robot_2,-1.632,0.218
1770733009,464383309,robot_1,-0.300,1.719
1770733009,464389602,robot_3,-0.004,-2.260
1770733009,664490841,robot_0,2.059,-0.006
1770733009,664510896,robot_2,-1.632,0.219
1770733009,664517787,robot_1,-0.279,1.730
1770733009,664523378,robot_3,-0.004,-2.261
1770733009,864572272,robot_0,2.039,-0.010
1770733009,864592378,robot_2,-1.633,0.219
1770733009,864599031,robot_1,-0.254,1.742
1770733009,864604095,robot_3,-0.004,-2.262
1770733010,65441381,robot_0,2.000,-0.019
1770733010,65492874,robot_2,-1.633,0.220
1770733010,65499646,robot_1,-0.228,1.753
1770733010,65505890,robot_3,-0.003,-2.262
1770733010,267301627,robot_0,1.961,-0.028
1770733010,267323739,robot_2,-1.634,0.220
1770733010,267331337,robot_1,-0.203,1.765
1770733010,267337025,robot_3,-0.002,-2.262
1770733010,468216654,robot_0,1.922,-0.037
1770733010,468239400,robot_2,-1.634,0.220
1770733010,468246759,robot_1,-0.181,1.778
1770733010,468253142,robot_3,-0.001,-2.262
1770733010,687799837,robot_0,1.879,-0.047
1770733010,687819591,robot_2,-1.635,0.220
1770733010,687826612,robot_1,-0.157,1.794
1770733010,687831946,robot_3,-0.001,-2.262
1770733010,891121503,robot_0,1.847,-0.054
1770733010,891180139,robot_2,-1.635,0.220
1770733010,891199374,robot_1,-0.127,1.810
1770733010,891214154,robot_3,-0.010,-2.242
1770733011,108910001,robot_0,1.813,-0.060
1770733011,108931109,robot_2,-1.636,0.219
1770733011,108938174,robot_1,-0.092,1.828
1770733011,108944538,robot_3,-0.032,-2.207
1770733011,309371711,robot_0,1.782,-0.061
1770733011,309391294,robot_2,-1.637,0.218
1770733011,309398631,robot_1,-0.067,1.844
1770733011,309404622,robot_3,-0.057,-2.179
1770733011,511504915,robot_0,1.751,-0.060
1770733011,511527007,robot_2,-1.637,0.217
1770733011,511534939,robot_1,-0.050,1.857
1770733011,511540954,robot_3,-0.088,-2.153
1770733011,712602562,robot_0,1.720,-0.057
1770733011,712633868,robot_2,-1.636,0.216
1770733011,712644990,robot_1,-0.033,1.871
1770733011,712652170,robot_3,-0.120,-2.129
1770733011,932882577,robot_0,1.678,-0.049
1770733011,932904038,robot_2,-1.636,0.216
1770733011,932911106,robot_1,-0.012,1.889
1770733011,932916743,robot_3,-0.143,-2.113
1770733012,152263372,robot_0,1.637,-0.037
1770733012,152283457,robot_2,-1.635,0.215
1770733012,152289909,robot_1,0.011,1.907
1770733012,152303675,robot_3,-0.164,-2.099
1770733012,353062614,robot_0,1.602,-0.019
1770733012,353083054,robot_2,-1.634,0.215
1770733012,353090078,robot_1,0.032,1.920
1770733012,353095700,robot_3,-0.192,-2.086
1770733012,553691580,robot_0,1.567,0.002
1770733012,553722389,robot_2,-1.633,0.215
1770733012,553728696,robot_1,0.056,1.931
1770733012,553734638,robot_3,-0.229,-2.070
1770733012,754418797,robot_0,1.534,0.023
1770733012,754446780,robot_2,-1.634,0.217
1770733012,754454227,robot_1,0.080,1.937
1770733012,754460499,robot_3,-0.266,-2.054
1770733012,956013903,robot_0,1.501,0.045
1770733012,956042214,robot_2,-1.646,0.253
1770733012,956049241,robot_1,0.080,1.938
1770733012,956055094,robot_3,-0.302,-2.038
1770733013,175599559,robot_0,1.466,0.070
1770733013,175619286,robot_2,-1.662,0.294
1770733013,175625768,robot_1,0.080,1.938
1770733013,175632086,robot_3,-0.343,-2.021
1770733013,376343958,robot_0,1.434,0.094
1770733013,376369362,robot_2,-1.676,0.332
1770733013,376377728,robot_1,0.080,1.938
1770733013,376386185,robot_3,-0.375,-2.007
1770733013,577127091,robot_0,1.402,0.119
1770733013,577160311,robot_2,-1.690,0.369
1770733013,577167499,robot_1,0.080,1.938
1770733013,577173729,robot_3,-0.404,-1.993
1770733013,777962485,robot_0,1.372,0.142
1770733013,777982825,robot_2,-1.704,0.407
1770733013,777989228,robot_1,0.081,1.937
1770733013,777994829,robot_3,-0.429,-1.976
1770733013,979269190,robot_0,1.349,0.160
1770733013,979305099,robot_2,-1.718,0.444
1770733013,979321623,robot_1,0.081,1.937
1770733013,979336060,robot_3,-0.446,-1.962
1770733014,199813353,robot_0,1.325,0.184
1770733014,199835422,robot_2,-1.733,0.486
1770733014,199842062,robot_1,0.082,1.936
1770733014,199847465,robot_3,-0.462,-1.944
1770733014,403683594,robot_0,1.320,0.189
1770733014,403708643,robot_2,-1.746,0.521
1770733014,403717355,robot_1,0.083,1.936
1770733014,403724170,robot_3,-0.483,-1.922
1770733014,620408692,robot_0,1.320,0.189
1770733014,620433830,robot_2,-1.760,0.560
1770733014,620443385,robot_1,0.084,1.937
1770733014,620451151,robot_3,-0.507,-1.895
1770733014,821634264,robot_0,1.320,0.189
1770733014,821655870,robot_2,-1.769,0.590
1770733014,821662641,robot_1,0.084,1.937
1770733014,821668414,robot_3,-0.522,-1.875
1770733015,22133142,robot_0,1.320,0.189
1770733015,22156195,robot_2,-1.775,0.612
1770733015,22163563,robot_1,0.085,1.938
1770733015,22169155,robot_3,-0.523,-1.875
1770733015,222613712,robot_0,1.321,0.190
1770733015,222632370,robot_2,-1.778,0.635
1770733015,222639065,robot_1,0.085,1.938
1770733015,222645032,robot_3,-0.523,-1.875
1770733015,426163807,robot_0,1.321,0.191
1770733015,426211702,robot_2,-1.779,0.638
1770733015,426222637,robot_1,0.053,1.945
1770733015,426229757,robot_3,-0.522,-1.875
1770733015,645097420,robot_0,1.320,0.192
1770733015,645127467,robot_2,-1.779,0.638
1770733015,645138419,robot_1,0.010,1.953
1770733015,645149265,robot_3,-0.522,-1.874
1770733015,846206202,robot_0,1.320,0.192
1770733015,846239188,robot_2,-1.779,0.638
1770733015,846253204,robot_1,-0.020,1.958
1770733015,846263495,robot_3,-0.522,-1.874
1770733016,47704422,robot_0,1.319,0.193
1770733016,47758859,robot_2,-1.778,0.638
1770733016,47774861,robot_1,-0.042,1.962
1770733016,47792337,robot_3,-0.522,-1.873
1770733016,249894238,robot_0,1.318,0.193
1770733016,249937402,robot_2,-1.778,0.639
1770733016,249952177,robot_1,-0.064,1.963
1770733016,249964052,robot_3,-0.523,-1.872
1770733016,452841411,robot_0,1.317,0.193
1770733016,452900546,robot_2,-1.777,0.640
1770733016,452931825,robot_1,-0.103,1.962
1770733016,452956760,robot_3,-0.523,-1.872
1770733016,671003685,robot_0,1.317,0.192
1770733016,671044965,robot_2,-1.777,0.641
1770733016,671061289,robot_1,-0.147,1.961
1770733016,671075790,robot_3,-0.524,-1.872
1770733016,891561462,robot_0,1.317,0.192
1770733016,891602715,robot_2,-1.778,0.641
1770733016,891621735,robot_1,-0.165,1.960
1770733016,891637530,robot_3,-0.525,-1.872
1770733017,93181699,robot_0,1.316,0.192
1770733017,93222810,robot_2,-1.778,0.642
1770733017,93241120,robot_1,-0.165,1.960
1770733017,93255841,robot_3,-0.526,-1.872
1770733017,313148316,robot_0,1.316,0.191
1770733017,313184758,robot_2,-1.779,0.642
1770733017,313201096,robot_1,-0.165,1.961
1770733017,313214242,robot_3,-0.522,-1.877
1770733017,523082449,robot_0,1.316,0.191
1770733017,523121840,robot_2,-1.780,0.643
1770733017,523140984,robot_1,-0.165,1.961
1770733017,523155228,robot_3,-0.510,-1.891
1770733017,723784499,robot_0,1.316,0.190
1770733017,723826402,robot_2,-1.780,0.642
1770733017,723847007,robot_1,-0.166,1.961
1770733017,723862618,robot_3,-0.489,-1.915
1770733017,924304330,robot_0,1.316,0.189
1770733017,924345063,robot_2,-1.775,0.611
1770733017,924363667,robot_1,-0.166,1.962
1770733017,924378172,robot_3,-0.483,-1.922
1770733018,125415558,robot_0,1.317,0.189
1770733018,125458192,robot_2,-1.766,0.572
1770733018,125492749,robot_1,-0.167,1.962
1770733018,125507212,robot_3,-0.483,-1.922
1770733018,326128675,robot_0,1.318,0.188
1770733018,326176731,robot_2,-1.759,0.541
1770733018,326197211,robot_1,-0.168,1.961
1770733018,326212712,robot_3,-0.483,-1.922
1770733018,526661891,robot_0,1.319,0.188
1770733018,526708414,robot_2,-1.753,0.518
1770733018,526730590,robot_1,-0.169,1.961
1770733018,526748641,robot_3,-0.483,-1.922
1770733018,728406895,robot_0,1.319,0.188
1770733018,728449547,robot_2,-1.745,0.495
1770733018,728479206,robot_1,-0.169,1.960
1770733018,728496960,robot_3,-0.483,-1.923
1770733018,928737289,robot_0,1.320,0.189
1770733018,928786920,robot_2,-1.733,0.464
1770733018,928806580,robot_1,-0.169,1.959
1770733018,928821890,robot_3,-0.483,-1.924
1770733019,128877883,robot_0,1.320,0.189
1770733019,128917450,robot_2,-1.721,0.432
1770733019,128935645,robot_1,-0.169,1.959
1770733019,128949262,robot_3,-0.483,-1.924
1770733019,329862747,robot_0,1.321,0.190
1770733019,329905895,robot_2,-1.713,0.403
1770733019,329924421,robot_1,-0.157,1.962
1770733019,329938872,robot_3,-0.483,-1.925
1770733019,534269938,robot_0,1.321,0.190
1770733019,534316974,robot_2,-1.707,0.378
1770733019,534335082,robot_1,-0.123,1.973
1770733019,534350500,robot_3,-0.482,-1.925
1770733019,754741829,robot_0,1.321,0.191
1770733019,754790658,robot_2,-1.700,0.348
1770733019,754815017,robot_1,-0.082,1.986
1770733019,754836833,robot_3,-0.481,-1.926
1770733019,957741217,robot_0,1.321,0.191
1770733019,957790441,robot_2,-1.695,0.329
1770733019,957808025,robot_1,-0.060,1.994
1770733019,957822900,robot_3,-0.480,-1.926
1770733020,174806642,robot_0,1.320,0.192
1770733020,174850832,robot_2,-1.689,0.307
1770733020,174869096,robot_1,-0.035,2.002
1770733020,174885732,robot_3,-0.480,-1.925
1770733020,378738895,robot_0,1.319,0.193
1770733020,378824012,robot_2,-1.683,0.275
1770733020,378871788,robot_1,-0.001,2.011
1770733020,378912774,robot_3,-0.480,-1.925
1770733021,45157394,robot_0,1.319,0.193
1770733021,45196386,robot_2,-1.677,0.243
1770733021,45212948,robot_1,0.030,2.020
1770733021,45226546,robot_3,-0.479,-1.925
1770733021,246970096,robot_0,1.318,0.193
1770733021,247023043,robot_2,-1.671,0.212
1770733021,247046750,robot_1,0.037,2.022
1770733021,247064394,robot_3,-0.479,-1.924
1770733021,467492475,robot_0,1.317,0.192
1770733021,467536208,robot_2,-1.671,0.210
1770733021,467555514,robot_1,0.037,2.022
1770733021,467570916,robot_3,-0.479,-1.924
1770733021,667611257,robot_0,1.317,0.192
1770733021,667656304,robot_2,-1.672,0.209
1770733021,667679317,robot_1,0.037,2.021
1770733021,667693289,robot_3,-0.479,-1.923
1770733021,887320123,robot_0,1.334,0.175
1770733021,887357785,robot_2,-1.672,0.209
1770733021,887375940,robot_1,0.038,2.021
1770733021,887389467,robot_3,-0.479,-1.922
1770733022,88730073,robot_0,1.363,0.148
1770733022,88771566,robot_2,-1.673,0.208
1770733022,88790944,robot_1,0.039,2.021
1770733022,88807136,robot_3,-0.480,-1.922
1770733022,290001226,robot_0,1.393,0.121
1770733022,290044797,robot_2,-1.673,0.207
1770733022,290061806,robot_1,0.040,2.021
1770733022,290076314,robot_3,-0.481,-1.921
1770733022,490281849,robot_0,1.422,0.094
1770733022,490321355,robot_2,-1.672,0.206
1770733022,490340582,robot_1,0.040,2.021
1770733022,490355472,robot_3,-0.481,-1.921
1770733022,690798924,robot_0,1.452,0.067
1770733022,690840053,robot_2,-1.672,0.206
1770733022,690858872,robot_1,0.041,2.022
1770733022,690875753,robot_3,-0.482,-1.921
1770733022,892311699,robot_0,1.481,0.040
1770733022,892358969,robot_2,-1.671,0.205
1770733022,892380277,robot_1,0.041,2.023
1770733022,892397250,robot_3,-0.475,-1.943
1770733023,92536999,robot_0,1.511,0.013
1770733023,92574347,robot_2,-1.670,0.205
1770733023,92591432,robot_1,0.041,2.023
1770733023,92604321,robot_3,-0.462,-1.980
1770733023,295954653,robot_0,1.539,-0.013
1770733023,296010614,robot_2,-1.669,0.205
1770733023,296032195,robot_1,0.035,2.023
1770733023,296049356,robot_3,-0.449,-2.018
1770733023,514401101,robot_0,1.566,-0.039
1770733023,514443001,robot_2,-1.669,0.206
1770733023,514460235,robot_1,-0.007,2.015
1770733023,514485170,robot_3,-0.434,-2.060
1770733023,716505132,robot_0,1.588,-0.066
1770733023,716545384,robot_2,-1.668,0.206
1770733023,716563534,robot_1,-0.044,2.003
1770733023,716579259,robot_3,-0.421,-2.097
1770733023,917149712,robot_0,1.603,-0.088
1770733023,917193167,robot_2,-1.668,0.206
1770733023,917212260,robot_1,-0.070,1.991
1770733023,917228275,robot_3,-0.417,-2.108
1770733024,360731002,robot_0,1.612,-0.105
1770733024,360773392,robot_2,-1.668,0.207
1770733024,360792593,robot_1,-0.087,1.982
1770733024,360807931,robot_3,-0.417,-2.108
1770733024,580265153,robot_0,1.621,-0.133
1770733024,580304344,robot_2,-1.668,0.207
1770733024,580322146,robot_1,-0.090,1.980
1770733024,580337099,robot_3,-0.417,-2.108
1770733024,781221446,robot_0,1.627,-0.163
1770733024,781257681,robot_2,-1.668,0.208
1770733024,781273379,robot_1,-0.090,1.980
1770733024,781286742,robot_3,-0.418,-2.109
1770733024,985032538,robot_0,1.637,-0.201
1770733024,985074849,robot_2,-1.668,0.209
1770733024,985093260,robot_1,-0.090,1.980
1770733024,985107845,robot_3,-0.418,-2.109
1770733025,185821064,robot_0,1.649,-0.239
1770733025,185863025,robot_2,-1.669,0.210
1770733025,185881768,robot_1,-0.091,1.981
1770733025,185897341,robot_3,-0.418,-2.110
1770733025,407700864,robot_0,1.660,-0.264
1770733025,407743494,robot_2,-1.669,0.210
1770733025,407761334,robot_1,-0.092,1.981
1770733025,407776703,robot_3,-0.418,-2.111
1770733025,625794623,robot_0,1.672,-0.283
1770733025,625832536,robot_2,-1.670,0.210
1770733025,625850616,robot_1,-0.093,1.981
1770733025,625865258,robot_3,-0.417,-2.112
1770733025,826913676,robot_0,1.679,-0.292
1770733025,826957765,robot_2,-1.671,0.210
1770733025,826978873,robot_1,-0.093,1.980
1770733025,826996551,robot_3,-0.416,-2.112
1770733026,28123812,robot_0,1.679,-0.292
1770733026,28164112,robot_2,-1.672,0.209
1770733026,28180358,robot_1,-0.094,1.979
1770733026,28194748,robot_3,-0.415,-2.112
1770733026,248490822,robot_0,1.678,-0.293
1770733026,248536597,robot_2,-1.672,0.209
1770733026,248557305,robot_1,-0.094,1.979
1770733026,248574461,robot_3,-0.415,-2.112
1770733026,921164942,robot_0,1.678,-0.294
1770733026,921211056,robot_2,-1.672,0.209
1770733026,921231583,robot_1,-0.094,1.978
1770733026,921247777,robot_3,-0.415,-2.112
1770733027,139209795,robot_0,1.679,-0.294
1770733027,139247652,robot_2,-1.673,0.208
1770733027,139265296,robot_1,-0.073,1.984
1770733027,139279138,robot_3,-0.414,-2.112
1770733027,340132289,robot_0,1.679,-0.295
1770733027,340171363,robot_2,-1.673,0.207
1770733027,340188956,robot_1,-0.062,1.988
1770733027,340202941,robot_3,-0.414,-2.111
1770733027,549980675,robot_0,1.680,-0.295
1770733027,550061683,robot_2,-1.673,0.207
1770733027,550108628,robot_1,-0.062,1.988
1770733027,550145564,robot_3,-0.414,-2.111
1770733027,768636918,robot_0,1.681,-0.296
1770733027,768676916,robot_2,-1.672,0.206
1770733027,768696832,robot_1,-0.061,1.987
1770733027,768711187,robot_3,-0.413,-2.110
1770733027,971640226,robot_0,1.681,-0.295
1770733027,971688622,robot_2,-1.671,0.205
1770733027,971712507,robot_1,-0.061,1.987
1770733027,971731282,robot_3,-0.413,-2.109
1770733028,171893019,robot_0,1.682,-0.295
1770733028,171973516,robot_2,-1.671,0.205
1770733028,172018675,robot_1,-0.060,1.987
1770733028,172056660,robot_3,-0.414,-2.109
1770733028,372033124,robot_0,1.682,-0.295
1770733028,372077041,robot_2,-1.670,0.205
1770733028,372097916,robot_1,-0.059,1.987
1770733028,372114583,robot_3,-0.414,-2.108
1770733028,590741917,robot_0,1.683,-0.295
1770733028,590781027,robot_2,-1.669,0.205
1770733028,590799000,robot_1,-0.058,1.988
1770733028,590815168,robot_3,-0.415,-2.108
1770733028,792885754,robot_0,1.683,-0.294
1770733028,792938719,robot_2,-1.672,0.211
1770733028,792963677,robot_1,-0.058,1.989
1770733028,792984775,robot_3,-0.416,-2.111
1770733028,995926882,robot_0,1.683,-0.293
1770733028,996006826,robot_2,-1.691,0.246
1770733028,996052682,robot_1,-0.058,1.989
1770733028,996090488,robot_3,-0.424,-2.149
1770733029,215824368,robot_0,1.683,-0.293
1770733029,215867036,robot_2,-1.713,0.284
1770733029,215885863,robot_1,-0.058,1.990
1770733029,215902012,robot_3,-0.432,-2.192
1770733029,416543194,robot_0,1.683,-0.292
1770733029,416587434,robot_2,-1.734,0.319
1770733029,416606727,robot_1,-0.059,1.991
1770733029,416622793,robot_3,-0.440,-2.232
1770733029,636163275,robot_0,1.682,-0.291
1770733029,636213862,robot_2,-1.756,0.357
1770733029,636231729,robot_1,-0.059,1.991
1770733029,636246263,robot_3,-0.448,-2.275
1770733029,836186291,robot_0,1.681,-0.291
1770733029,836223180,robot_2,-1.771,0.383
1770733029,836240252,robot_1,-0.060,1.992
1770733029,836255270,robot_3,-0.454,-2.301
1770733030,79824283,robot_0,1.680,-0.291
1770733030,79874371,robot_2,-1.780,0.398
1770733030,79893804,robot_1,-0.060,1.992
1770733030,79910534,robot_3,-0.454,-2.301
1770733030,298426445,robot_0,1.680,-0.291
1770733030,298489137,robot_2,-1.791,0.412
1770733030,298509118,robot_1,-0.061,1.992
1770733030,298524945,robot_3,-0.454,-2.301
1770733030,499277917,robot_0,1.679,-0.292
1770733030,499316899,robot_2,-1.790,0.412
1770733030,499335526,robot_1,-0.061,1.991
1770733030,499349810,robot_3,-0.454,-2.301
1770733030,699985795,robot_0,1.679,-0.292
1770733030,700026658,robot_2,-1.790,0.413
1770733030,700045386,robot_1,-0.062,1.991
1770733030,700059790,robot_3,-0.454,-2.301
1770733030,901514379,robot_0,1.702,-0.306
1770733030,901553864,robot_2,-1.790,0.414
1770733030,901571312,robot_1,-0.062,1.990
1770733030,901585959,robot_3,-0.455,-2.302
1770733031,121336760,robot_0,1.739,-0.324
1770733031,121378523,robot_2,-1.790,0.415
1770733031,121398953,robot_1,-0.063,1.989
1770733031,121414042,robot_3,-0.455,-2.302
1770733031,322462585,robot_0,1.768,-0.336
1770733031,322518844,robot_2,-1.791,0.416
1770733031,322538227,robot_1,-0.063,1.989
1770733031,322552626,robot_3,-0.455,-2.302
1770733031,522650704,robot_0,1.791,-0.342
1770733031,522689688,robot_2,-1.791,0.416
1770733031,522707803,robot_1,-0.062,1.988
1770733031,522722731,robot_3,-0.455,-2.302
1770733031,724032521,robot_0,1.813,-0.350
1770733031,724074448,robot_2,-1.792,0.416
1770733031,724091466,robot_1,-0.061,1.987
1770733031,724105652,robot_3,-0.455,-2.302
1770733031,924221927,robot_0,1.839,-0.362
1770733031,924259543,robot_2,-1.793,0.416
1770733031,924276519,robot_1,-0.061,1.987
1770733031,924290118,robot_3,-0.456,-2.302
1770733032,126909450,robot_0,1.864,-0.375
1770733032,126988070,robot_2,-1.794,0.416
1770733032,127034340,robot_1,-0.060,1.987
1770733032,127072289,robot_3,-0.456,-2.302
1770733032,347419196,robot_0,1.878,-0.383
1770733032,347462603,robot_2,-1.795,0.415
1770733032,347488297,robot_1,-0.061,2.002
1770733032,347506093,robot_3,-0.456,-2.302
1770733032,547657180,robot_0,1.878,-0.383
1770733032,547698022,robot_2,-1.795,0.414
1770733032,547716342,robot_1,-0.065,2.038
1770733032,547732258,robot_3,-0.456,-2.303
1770733032,749828593,robot_0,1.878,-0.384
1770733032,749873579,robot_2,-1.794,0.413
1770733032,749894881,robot_1,-0.073,2.073
1770733032,749911461,robot_3,-0.456,-2.303
1770733032,950150273,robot_0,1.878,-0.385
1770733032,950193884,robot_2,-1.769,0.411
1770733032,950212837,robot_1,-0.073,2.076
1770733032,950227604,robot_3,-0.429,-2.316
1770733033,152371237,robot_0,1.879,-0.385
1770733033,152416287,robot_2,-1.744,0.408
1770733033,152437375,robot_1,-0.073,2.076
1770733033,152454870,robot_3,-0.399,-2.331
1770733033,372387048,robot_0,1.879,-0.386
1770733033,372436829,robot_2,-1.706,0.406
1770733033,372475712,robot_1,-0.072,2.077
1770733033,372497302,robot_3,-0.364,-2.348
1770733033,574208536,robot_0,1.880,-0.386
1770733033,574249263,robot_2,-1.666,0.403
1770733033,574267431,robot_1,-0.072,2.078
1770733033,574281470,robot_3,-0.331,-2.365
1770733033,956012842,robot_0,1.880,-0.386
1770733033,956057153,robot_2,-1.662,0.403
1770733033,956076451,robot_1,-0.072,2.078
1770733033,956091967,robot_3,-0.328,-2.367
1770733034,159906452,robot_0,1.881,-0.385
1770733034,159982987,robot_2,-1.638,0.401
1770733034,160029270,robot_1,-0.072,2.079
1770733034,160067308,robot_3,-0.308,-2.378
1770733034,377682445,robot_0,1.882,-0.385
1770733034,377723731,robot_2,-1.604,0.396
1770733034,377743644,robot_1,-0.072,2.079
1770733034,377760039,robot_3,-0.299,-2.384
1770733034,577989880,robot_0,1.882,-0.384
1770733034,578034420,robot_2,-1.569,0.386
1770733034,578053592,robot_1,-0.073,2.080
1770733034,578070262,robot_3,-0.299,-2.384
1770733034,778391803,robot_0,1.878,-0.382
1770733034,778431940,robot_2,-1.535,0.371
1770733034,778448585,robot_1,-0.074,2.080
1770733034,778462778,robot_3,-0.299,-2.385
1770733034,980037332,robot_0,1.848,-0.373
1770733034,980078171,robot_2,-1.500,0.351
1770733034,980097148,robot_1,-0.074,2.080
1770733034,980114073,robot_3,-0.299,-2.386
1770733035,199958854,robot_0,1.814,-0.365
1770733035,199998730,robot_2,-1.463,0.328
1770733035,200017425,robot_1,-0.075,2.080
1770733035,200033684,robot_3,-0.298,-2.386
1770733035,401617800,robot_0,1.806,-0.363
1770733035,401660152,robot_2,-1.453,0.322
1770733035,401679206,robot_1,-0.067,2.056
1770733035,401696605,robot_3,-0.298,-2.387
1770733035,603419682,robot_0,1.806,-0.363
1770733035,603463817,robot_2,-1.454,0.322
1770733035,603494565,robot_1,-0.053,2.024
1770733035,603509398,robot_3,-0.297,-2.387
1770733035,823597543,robot_0,1.806,-0.362
1770733035,823675679,robot_2,-1.454,0.322
1770733035,823721086,robot_1,-0.040,2.001
1770733035,823758697,robot_3,-0.296,-2.387
1770733036,24429068,robot_0,1.805,-0.362
1770733036,24475225,robot_2,-1.454,0.321
1770733036,24495114,robot_1,-0.040,2.001
1770733036,24509192,robot_3,-0.295,-2.386
1770733036,226905595,robot_0,1.805,-0.361
1770733036,226947802,robot_2,-1.453,0.320
1770733036,226966834,robot_1,-0.041,2.000
1770733036,226981441,robot_3,-0.295,-2.385
1770733036,446211332,robot_0,1.804,-0.361
1770733036,446251016,robot_2,-1.452,0.319
1770733036,446268043,robot_1,-0.041,1.999
1770733036,446281840,robot_3,-0.295,-2.384
1770733036,648744577,robot_0,1.803,-0.362
1770733036,648788068,robot_2,-1.452,0.319
1770733036,648807988,robot_1,-0.040,1.998
1770733036,648824042,robot_3,-0.295,-2.384
1770733036,848932958,robot_0,1.802,-0.362
1770733036,848975216,robot_2,-1.451,0.319
1770733036,848993359,robot_1,-0.040,1.998
1770733036,849009934,robot_3,-0.309,-2.387
1770733037,51507272,robot_0,1.802,-0.363
1770733037,51554136,robot_2,-1.450,0.319
1770733037,51572300,robot_1,-0.039,1.997
1770733037,51587490,robot_3,-0.346,-2.398
1770733037,274894524,robot_0,1.802,-0.364
1770733037,274961836,robot_2,-1.449,0.320
1770733037,274987022,robot_1,-0.038,1.997
1770733037,275005957,robot_3,-0.386,-2.415
1770733037,491911199,robot_0,1.802,-0.365
1770733037,491953700,robot_2,-1.449,0.321
1770733037,491973598,robot_1,-0.037,1.997
1770733037,491988335,robot_3,-0.424,-2.436
1770733037,692649502,robot_0,1.802,-0.365
1770733037,692687036,robot_2,-1.449,0.321
1770733037,692703561,robot_1,-0.037,1.998
1770733037,692717515,robot_3,-0.459,-2.457
1770733037,895944681,robot_0,1.818,-0.356
1770733037,895990477,robot_2,-1.449,0.322
1770733037,896009327,robot_1,-0.036,1.998
1770733037,896025243,robot_3,-0.474,-2.466
1770733038,97160172,robot_0,1.839,-0.343
1770733038,97220158,robot_2,-1.449,0.322
1770733038,97252977,robot_1,-0.036,1.999
1770733038,97278050,robot_3,-0.473,-2.466
1770733038,297189147,robot_0,1.862,-0.328
1770733038,297231030,robot_2,-1.449,0.323
1770733038,297249186,robot_1,-0.036,1.999
1770733038,297264442,robot_3,-0.477,-2.467
1770733038,499229994,robot_0,1.890,-0.309
1770733038,499286813,robot_2,-1.450,0.323
1770733038,499311400,robot_1,-0.036,2.000
1770733038,499335446,robot_3,-0.496,-2.474
1770733038,699954681,robot_0,1.917,-0.287
1770733038,700007109,robot_2,-1.450,0.324
1770733038,700027296,robot_1,-0.036,2.000
1770733038,700044990,robot_3,-0.515,-2.481
1770733038,901475513,robot_0,1.942,-0.261
1770733038,901521408,robot_2,-1.451,0.324
1770733038,901541152,robot_1,-0.036,2.001
1770733038,901559259,robot_3,-0.538,-2.491
1770733039,124579414,robot_0,1.968,-0.231
1770733039,124634075,robot_2,-1.452,0.324
1770733039,124654722,robot_1,-0.037,2.001
1770733039,124677950,robot_3,-0.564,-2.505
1770733039,341838753,robot_0,1.984,-0.213
1770733039,341881256,robot_2,-1.453,0.323
1770733039,341900704,robot_1,-0.038,2.002
1770733039,341915197,robot_3,-0.591,-2.519
1770733039,543293336,robot_0,1.984,-0.213
1770733039,543336348,robot_2,-1.453,0.322
1770733039,543356758,robot_1,-0.039,2.002
1770733039,543372134,robot_3,-0.617,-2.532
1770733039,746293624,robot_0,1.984,-0.213
1770733039,746370279,robot_2,-1.453,0.322
1770733039,746414930,robot_1,-0.039,2.001
1770733039,746452431,robot_3,-0.641,-2.547
1770733039,946459862,robot_0,1.985,-0.213
1770733039,946510634,robot_2,-1.453,0.321
1770733039,946529536,robot_1,-0.040,2.001
1770733039,946543555,robot_3,-0.670,-2.570
1770733040,167222139,robot_0,1.985,-0.213
1770733040,167281314,robot_2,-1.453,0.320
1770733040,167311773,robot_1,-0.040,2.000
1770733040,167333369,robot_3,-0.700,-2.598
1770733040,385669952,robot_0,1.986,-0.213
1770733040,385710249,robot_2,-1.453,0.320
1770733040,385729212,robot_1,-0.040,1.999
1770733040,385745682,robot_3,-0.723,-2.617
1770733040,587319424,robot_0,1.987,-0.213
1770733040,587359800,robot_2,-1.453,0.319
1770733040,587375743,robot_1,-0.040,1.998
1770733040,587391147,robot_3,-0.740,-2.630
1770733040,789787798,robot_0,1.987,-0.212
1770733040,789831850,robot_2,-1.452,0.319
1770733040,789850735,robot_1,-0.036,2.000
1770733040,789865877,robot_3,-0.754,-2.641
1770733041,8824692,robot_0,1.988,-0.211
1770733041,8860413,robot_2,-1.451,0.319
1770733041,8875958,robot_1,-0.011,2.015
1770733041,8889385,robot_3,-0.714,-2.600
1770733041,209829141,robot_0,1.988,-0.211
1770733041,209869336,robot_2,-1.450,0.319
1770733041,209887981,robot_1,0.008,2.031
1770733041,209903625,robot_3,-0.662,-2.546
1770733041,411209138,robot_0,1.987,-0.210
1770733041,411247656,robot_2,-1.449,0.320
1770733041,411265561,robot_1,0.029,2.057
1770733041,411279386,robot_3,-0.623,-2.506
1770733041,616766382,robot_0,1.987,-0.209
1770733041,616854571,robot_2,-1.449,0.320
1770733041,616912209,robot_1,0.048,2.087
1770733041,616960565,robot_3,-0.641,-2.523
1770733041,833394422,robot_0,1.977,-0.220
1770733041,833439807,robot_2,-1.449,0.321
1770733041,833460054,robot_1,0.058,2.109
1770733041,833490445,robot_3,-0.663,-2.543
1770733042,53960078,robot_0,1.948,-0.252
1770733042,53996817,robot_2,-1.449,0.322
1770733042,54013600,robot_1,0.059,2.109
1770733042,54027183,robot_3,-0.663,-2.543
1770733042,256852063,robot_0,1.921,-0.282
1770733042,256894642,robot_2,-1.449,0.323
1770733042,256912222,robot_1,0.060,2.109
1770733042,256927636,robot_3,-0.664,-2.544
1770733042,476319599,robot_0,1.893,-0.313
1770733042,476364480,robot_2,-1.450,0.324
1770733042,476385533,robot_1,0.060,2.109
1770733042,476402539,robot_3,-0.682,-2.559
1770733042,678261083,robot_0,1.866,-0.338
1770733042,678307432,robot_2,-1.450,0.324
1770733042,678326925,robot_1,0.061,2.110
1770733042,678341537,robot_3,-0.700,-2.572
1770733042,879190811,robot_0,1.837,-0.360
1770733042,879237161,robot_2,-1.459,0.301
1770733042,879256586,robot_1,0.061,2.111
1770733042,879271285,robot_3,-0.708,-2.577
1770733043,79846576,robot_0,1.807,-0.380
1770733043,79890835,robot_2,-1.473,0.263
1770733043,79910502,robot_1,0.061,2.111
1770733043,79926462,robot_3,-0.708,-2.577
1770733043,281740935,robot_0,1.777,-0.402
1770733043,281791769,robot_2,-1.486,0.226
1770733043,281811642,robot_1,0.061,2.112
1770733043,281827795,robot_3,-0.705,-2.576
1770733043,485664672,robot_0,1.745,-0.425
1770733043,485712615,robot_2,-1.500,0.188
1770733043,485734308,robot_1,0.060,2.113
1770733043,485751114,robot_3,-0.647,-2.559
1770733043,687203596,robot_0,1.712,-0.449
1770733043,687245405,robot_2,-1.513,0.150
1770733043,687264028,robot_1,0.059,2.113
1770733043,687279213,robot_3,-0.575,-2.538
1770733043,889755497,robot_0,1.690,-0.465
1770733043,889841874,robot_2,-1.518,0.136
1770733043,889895528,robot_1,0.059,2.113
1770733043,889933738,robot_3,-0.516,-2.520
1770733044,265358846,robot_0,1.678,-0.474
1770733044,265445503,robot_2,-1.518,0.136
1770733044,265504562,robot_1,0.058,2.113
1770733044,265542851,robot_3,-0.519,-2.521
1770733044,482957816,robot_0,1.653,-0.495
1770733044,483003179,robot_2,-1.519,0.136
1770733044,483022079,robot_1,0.058,2.113
1770733044,483038539,robot_3,-0.482,-2.510
1770733044,684314459,robot_0,1.632,-0.517
1770733044,684360437,robot_2,-1.519,0.136
1770733044,684380530,robot_1,0.057,2.112
1770733044,684396505,robot_3,-0.410,-2.489
1770733044,971568906,robot_0,1.625,-0.525
1770733044,971618009,robot_2,-1.520,0.136
1770733044,971640093,robot_1,0.057,2.112
1770733044,971659294,robot_3,-0.381,-2.480
1770733045,172177458,robot_0,1.614,-0.543
1770733045,172268079,robot_2,-1.520,0.135
1770733045,172316286,robot_1,0.057,2.111
1770733045,172355743,robot_3,-0.309,-2.459
1770733045,374233337,robot_0,1.610,-0.549
1770733045,374286096,robot_2,-1.521,0.135
1770733045,374311802,robot_1,0.057,2.111
1770733045,374332648,robot_3,-0.246,-2.440
1770733045,618608566,robot_0,1.610,-0.549
1770733045,618661141,robot_2,-1.521,0.134
1770733045,618684019,robot_1,0.057,2.110
1770733045,618702691,robot_3,-0.241,-2.439
1770733045,836506129,robot_0,1.610,-0.549
1770733045,836550777,robot_2,-1.521,0.133
1770733045,836571116,robot_1,0.057,2.109
1770733045,836588010,robot_3,-0.228,-2.435
1770733046,37583486,robot_0,1.609,-0.549
1770733046,37626540,robot_2,-1.521,0.132
1770733046,37646703,robot_1,0.058,2.109
1770733046,37664186,robot_3,-0.158,-2.414
1770733046,238700797,robot_0,1.609,-0.549
1770733046,238743570,robot_2,-1.520,0.132
1770733046,238764242,robot_1,0.058,2.109
1770733046,238781912,robot_3,-0.086,-2.393
1770733046,458054263,robot_0,1.608,-0.549
1770733046,458096973,robot_2,-1.489,0.151
1770733046,458114429,robot_1,0.059,2.109
1770733046,458128239,robot_3,-0.007,-2.369
1770733046,658907391,robot_0,1.607,-0.550
1770733046,658951363,robot_2,-1.459,0.170
1770733046,658970197,robot_1,0.060,2.109
1770733046,658985793,robot_3,0.065,-2.348
1770733046,862796486,robot_0,1.607,-0.551
1770733046,862838224,robot_2,-1.424,0.187
1770733046,862857835,robot_1,0.052,2.126
1770733046,862874510,robot_3,0.137,-2.327
1770733047,79956325,robot_0,1.608,-0.552
1770733047,79996320,robot_2,-1.383,0.202
1770733047,80013764,robot_1,0.033,2.165
1770733047,80027974,robot_3,0.216,-2.303
1770733047,282417252,robot_0,1.608,-0.553
1770733047,282476601,robot_2,-1.345,0.216
1770733047,282497907,robot_1,0.016,2.200
1770733047,282513299,robot_3,0.287,-2.282
1770733047,502403651,robot_0,1.609,-0.553
1770733047,502442245,robot_2,-1.303,0.230
1770733047,502460656,robot_1,-0.001,2.236
1770733047,502478875,robot_3,0.312,-2.275
1770733047,723131833,robot_0,1.609,-0.553
1770733047,723171438,robot_2,-1.262,0.245
1770733047,723190863,robot_1,-0.019,2.272
1770733047,723205856,robot_3,0.280,-2.286
1770733047,943170493,robot_0,1.619,-0.518
1770733047,943211393,robot_2,-1.235,0.254
1770733047,943231646,robot_1,-0.038,2.311
1770733047,943246843,robot_3,0.298,-2.279
1770733048,143626516,robot_0,1.630,-0.480
1770733048,143674620,robot_2,-1.211,0.260
1770733048,143693175,robot_1,-0.055,2.347
1770733048,143707352,robot_3,0.368,-2.251
1770733048,345006482,robot_0,1.640,-0.441
1770733048,345045286,robot_2,-1.199,0.262
1770733048,345062037,robot_1,-0.068,2.375
1770733048,345079504,robot_3,0.432,-2.225
1770733048,545082364,robot_0,1.648,-0.402
1770733048,545117518,robot_2,-1.199,0.263
1770733048,545134071,robot_1,-0.078,2.396
1770733048,545147226,robot_3,0.432,-2.226
1770733048,749077123,robot_0,1.653,-0.364
1770733048,749132688,robot_2,-1.199,0.263
1770733048,749154209,robot_1,-0.088,2.416
1770733048,749170627,robot_3,0.408,-2.240
1770733048,974480977,robot_0,1.653,-0.339
1770733048,974538052,robot_2,-1.199,0.262
1770733048,974557999,robot_1,-0.088,2.417
1770733048,974589821,robot_3,0.406,-2.241
1770733049,189921056,robot_0,1.653,-0.314
1770733049,189961486,robot_2,-1.199,0.262
1770733049,189979616,robot_1,-0.088,2.417
1770733049,189994338,robot_3,0.406,-2.241
1770733049,391955225,robot_0,1.655,-0.278
1770733049,391999346,robot_2,-1.198,0.261
1770733049,392019662,robot_1,-0.088,2.417
1770733049,392036730,robot_3,0.406,-2.241
1770733049,593552339,robot_0,1.659,-0.238
1770733049,593608480,robot_2,-1.197,0.261
1770733049,593643663,robot_1,-0.087,2.418
1770733049,593669612,robot_3,0.406,-2.241
1770733049,813829969,robot_0,1.662,-0.205
1770733049,813870962,robot_2,-1.197,0.261
1770733049,813889135,robot_1,-0.087,2.419
1770733049,813904121,robot_3,0.405,-2.241
1770733050,15011809,robot_0,1.663,-0.205
1770733050,15053026,robot_2,-1.196,0.261
1770733050,15072981,robot_1,-0.088,2.420
1770733050,15088123,robot_3,0.405,-2.241
1770733050,216989252,robot_0,1.663,-0.205
1770733050,217033697,robot_2,-1.195,0.261
1770733050,217054120,robot_1,-0.088,2.420
1770733050,217070493,robot_3,0.404,-2.241
1770733050,419525646,robot_0,1.663,-0.204
1770733050,419566795,robot_2,-1.195,0.262
1770733050,419584512,robot_1,-0.089,2.421
1770733050,419598937,robot_3,0.403,-2.241
1770733050,639653991,robot_0,1.664,-0.204
1770733050,639699677,robot_2,-1.194,0.263
1770733050,639722191,robot_1,-0.090,2.421
1770733050,639738580,robot_3,0.402,-2.242
1770733050,840027435,robot_0,1.664,-0.203
1770733050,840066394,robot_2,-1.194,0.263
1770733050,840087939,robot_1,-0.091,2.420
1770733050,840106694,robot_3,0.402,-2.242
1770733051,44338834,robot_0,1.665,-0.202
1770733051,44428821,robot_2,-1.194,0.263
1770733051,44504514,robot_1,-0.091,2.420
1770733051,44545584,robot_3,0.402,-2.243
1770733051,260017922,robot_0,1.664,-0.201
1770733051,260056872,robot_2,-1.195,0.264
1770733051,260074327,robot_1,-0.092,2.420
1770733051,260089494,robot_3,0.402,-2.244
1770733051,461652356,robot_0,1.664,-0.201
1770733051,461693220,robot_2,-1.195,0.265
1770733051,461710079,robot_1,-0.092,2.419
1770733051,461723509,robot_3,0.403,-2.245
1770733051,664636442,robot_0,1.663,-0.200
1770733051,664715345,robot_2,-1.196,0.265
1770733051,664761248,robot_1,-0.092,2.419
1770733051,664799458,robot_3,0.403,-2.245
1770733051,882334749,robot_0,1.662,-0.200
1770733051,882374955,robot_2,-1.197,0.265
1770733051,882392714,robot_1,-0.092,2.418
1770733051,882405632,robot_3,0.410,-2.232
1770733052,86552704,robot_0,1.662,-0.200
1770733052,86593656,robot_2,-1.198,0.265
1770733052,86613021,robot_1,-0.092,2.417
1770733052,86628299,robot_3,0.420,-2.209
1770733052,304336446,robot_0,1.663,-0.208
1770733052,304373740,robot_2,-1.198,0.265
1770733052,304390284,robot_1,-0.091,2.417
1770733052,304403719,robot_3,0.428,-2.189
1770733052,506265830,robot_0,1.673,-0.237
1770733052,506308148,robot_2,-1.199,0.264
1770733052,506326869,robot_1,-0.091,2.416
1770733052,506343544,robot_3,0.429,-2.189
1770733052,707441735,robot_0,1.682,-0.266
1770733052,707488699,robot_2,-1.199,0.263
1770733052,707507012,robot_1,-0.090,2.416
1770733052,707521959,robot_3,0.429,-2.189
1770733052,909740033,robot_0,1.690,-0.305
1770733052,909780828,robot_2,-1.199,0.262
1770733052,909799504,robot_1,-0.089,2.416
1770733052,909814563,robot_3,0.430,-2.189
1770733053,129265885,robot_0,1.696,-0.348
1770733053,129307338,robot_2,-1.199,0.262
1770733053,129326228,robot_1,-0.088,2.417
1770733053,129341260,robot_3,0.430,-2.189
1770733053,349964831,robot_0,1.701,-0.384
1770733053,350002860,robot_2,-1.199,0.261
1770733053,350021919,robot_1,-0.088,2.418
1770733053,350036438,robot_3,0.431,-2.188
1770733053,570259301,robot_0,1.704,-0.413
1770733053,570300234,robot_2,-1.198,0.261
1770733053,570318102,robot_1,-0.087,2.418
1770733053,570333247,robot_3,0.431,-2.187
1770733053,772675589,robot_0,1.702,-0.441
1770733053,772718295,robot_2,-1.198,0.261
1770733053,772738424,robot_1,-0.091,2.419
1770733053,772754009,robot_3,0.431,-2.186
1770733053,975491390,robot_0,1.695,-0.474
1770733053,975573949,robot_2,-1.197,0.260
1770733053,975619987,robot_1,-0.111,2.419
1770733053,975657860,robot_3,0.430,-2.186
1770733054,193054672,robot_0,1.682,-0.510
1770733054,193094081,robot_2,-1.196,0.261
1770733054,193112303,robot_1,-0.133,2.415
1770733054,193128064,robot_3,0.430,-2.185
1770733054,394607608,robot_0,1.677,-0.520
1770733054,394648454,robot_2,-1.195,0.261
1770733054,394665625,robot_1,-0.138,2.414
1770733054,394680486,robot_3,0.429,-2.185
1770733054,615218747,robot_0,1.677,-0.520
1770733054,615286751,robot_2,-1.195,0.262
1770733054,615310510,robot_1,-0.138,2.415
1770733054,615331070,robot_3,0.428,-2.185
1770733054,835963671,robot_0,1.677,-0.520
1770733054,836004860,robot_2,-1.194,0.263
1770733054,836023043,robot_1,-0.139,2.415
1770733054,836038128,robot_3,0.430,-2.193
1770733055,56901665,robot_0,1.677,-0.520
1770733055,56948983,robot_2,-1.194,0.264
1770733055,56971705,robot_1,-0.140,2.415
1770733055,56990387,robot_3,0.436,-2.215
1770733055,258150064,robot_0,1.676,-0.520
1770733055,258201243,robot_2,-1.195,0.264
1770733055,258220566,robot_1,-0.141,2.415
1770733055,258237699,robot_3,0.443,-2.235
1770733055,459677897,robot_0,1.675,-0.520
1770733055,459718652,robot_2,-1.196,0.265
1770733055,459737409,robot_1,-0.141,2.415
1770733055,459752277,robot_3,0.460,-2.271
1770733055,679604779,robot_0,1.674,-0.520
1770733055,679647279,robot_2,-1.196,0.265
1770733055,679666672,robot_1,-0.142,2.414
1770733055,679682619,robot_3,0.478,-2.311
1770733055,880212922,robot_0,1.674,-0.521
1770733055,880251475,robot_2,-1.202,0.251
1770733055,880268527,robot_1,-0.142,2.413
1770733055,880282257,robot_3,0.494,-2.344
1770733056,80316881,robot_0,1.674,-0.522
1770733056,80354989,robot_2,-1.208,0.229
1770733056,80372517,robot_1,-0.142,2.413
1770733056,80386305,robot_3,0.511,-2.376
1770733056,280951187,robot_0,1.674,-0.523
1770733056,280990274,robot_2,-1.209,0.202
1770733056,281007846,robot_1,-0.142,2.412
1770733056,281024416,robot_3,0.531,-2.405
1770733056,482342410,robot_0,1.674,-0.523
1770733056,482385614,robot_2,-1.206,0.163
1770733056,482406018,robot_1,-0.141,2.411
1770733056,482421633,robot_3,0.552,-2.429
1770733056,682988652,robot_0,1.675,-0.524
1770733056,683027053,robot_2,-1.201,0.123
1770733056,683044767,robot_1,-0.141,2.411
1770733056,683059654,robot_3,0.577,-2.450
1770733056,885543617,robot_0,1.691,-0.506
1770733056,885587887,robot_2,-1.195,0.083
1770733056,885606342,robot_1,-0.140,2.411
1770733056,885621765,robot_3,0.587,-2.457
1770733057,104767307,robot_0,1.719,-0.472
1770733057,104801557,robot_2,-1.189,0.040
1770733057,104817682,robot_1,-0.140,2.411
1770733057,104830478,robot_3,0.587,-2.457
1770733057,307801148,robot_0,1.745,-0.441
1770733057,307842683,robot_2,-1.184,0.006
1770733057,307860849,robot_1,-0.139,2.411
1770733057,307876468,robot_3,0.587,-2.458
1770733057,509454068,robot_0,1.771,-0.411
1770733057,509503973,robot_2,-1.180,-0.020
1770733057,509524072,robot_1,-0.138,2.411
1770733057,509539830,robot_3,0.588,-2.459
1770733057,728079796,robot_0,1.799,-0.377
1770733057,728115370,robot_2,-1.175,-0.049
1770733057,728131106,robot_1,-0.138,2.412
1770733057,728145193,robot_3,0.589,-2.459
1770733057,928874160,robot_0,1.803,-0.373
1770733057,928912118,robot_2,-1.174,-0.050
1770733057,928929534,robot_1,-0.138,2.412
1770733057,928944183,robot_3,0.589,-2.460
1770733058,131325346,robot_0,1.803,-0.373
1770733058,131367397,robot_2,-1.175,-0.051
1770733058,131386550,robot_1,-0.137,2.413
1770733058,131402153,robot_3,0.590,-2.460
1770733058,333501626,robot_0,1.803,-0.373
1770733058,333545077,robot_2,-1.175,-0.051
1770733058,333569217,robot_1,-0.138,2.414
1770733058,333590772,robot_3,0.591,-2.459
1770733058,537440606,robot_0,1.804,-0.373
1770733058,537496716,robot_2,-1.176,-0.052
1770733058,537517839,robot_1,-0.138,2.415
1770733058,537533848,robot_3,0.591,-2.459
1770733058,749067609,robot_0,1.805,-0.373
1770733058,749110801,robot_2,-1.176,-0.052
1770733058,749128654,robot_1,-0.139,2.415
1770733058,749145001,robot_3,0.592,-2.458
1770733058,952178358,robot_0,1.805,-0.373
1770733058,952220770,robot_2,-1.176,-0.053
1770733058,952239849,robot_1,-0.140,2.415
1770733058,952257142,robot_3,0.592,-2.457
1770733059,153320197,robot_0,1.806,-0.372
1770733059,153368408,robot_2,-1.176,-0.054
1770733059,153389577,robot_1,-0.140,2.415
1770733059,153406604,robot_3,0.592,-2.457
1770733059,355939628,robot_0,1.806,-0.371
1770733059,355985509,robot_2,-1.175,-0.054
1770733059,356005147,robot_1,-0.140,2.415
1770733059,356021738,robot_3,0.592,-2.456
1770733059,556141685,robot_0,1.806,-0.371
1770733059,556187742,robot_2,-1.174,-0.055
1770733059,556207826,robot_1,-0.141,2.415
1770733059,556224353,robot_3,0.592,-2.456
1770733059,757069757,robot_0,1.806,-0.370
1770733059,757113873,robot_2,-1.174,-0.055
1770733059,757133931,robot_1,-0.141,2.415
1770733059,757149854,robot_3,0.591,-2.456
1770733060,201050122,robot_0,1.805,-0.370
1770733060,201089272,robot_2,-1.173,-0.055
1770733060,201105959,robot_1,-0.141,2.415
1770733060,201119572,robot_3,0.591,-2.456
1770733060,401351395,robot_0,1.805,-0.369
1770733060,401395127,robot_2,-1.173,-0.055
1770733060,401412403,robot_1,-0.142,2.414
1770733060,401428532,robot_3,0.590,-2.455
1770733060,604741410,robot_0,1.804,-0.369
1770733060,604782205,robot_2,-1.172,-0.055
1770733060,604799958,robot_1,-0.142,2.413
1770733060,604816816,robot_3,0.590,-2.455
1770733060,808012638,robot_0,1.803,-0.369
1770733060,808068450,robot_2,-1.171,-0.054
1770733060,808094841,robot_1,-0.142,2.413
1770733060,808113624,robot_3,0.589,-2.455
1770733061,25905445,robot_0,1.802,-0.369
1770733061,25946496,robot_2,-1.171,-0.053
1770733061,25965987,robot_1,-0.142,2.412
1770733061,25982035,robot_3,0.588,-2.456
1770733061,233392999,robot_0,1.802,-0.370
1770733061,233515974,robot_2,-1.171,-0.052
1770733061,233574940,robot_1,-0.141,2.411
1770733061,233627924,robot_3,0.588,-2.456
1770733061,448574637,robot_0,1.801,-0.370
1770733061,448620108,robot_2,-1.172,-0.051
1770733061,448639589,robot_1,-0.140,2.411
1770733061,448657213,robot_3,0.587,-2.457
1770733061,669986852,robot_0,1.801,-0.371
1770733061,670029104,robot_2,-1.172,-0.051
1770733061,670046879,robot_1,-0.140,2.411
1770733061,670061098,robot_3,0.587,-2.458
1770733061,888359349,robot_0,1.802,-0.372
1770733061,888396858,robot_2,-1.173,-0.050
1770733061,888415259,robot_1,-0.139,2.411
1770733061,888430871,robot_3,0.601,-2.456
1770733062,91390745,robot_0,1.802,-0.373
1770733062,91436550,robot_2,-1.174,-0.050
1770733062,91453105,robot_1,-0.139,2.411
1770733062,91474345,robot_3,0.623,-2.452
1770733062,292745734,robot_0,1.803,-0.373
1770733062,292788425,robot_2,-1.175,-0.051
1770733062,292808623,robot_1,-0.138,2.411
1770733062,292824031,robot_3,0.646,-2.450
1770733062,511513607,robot_0,1.804,-0.373
1770733062,511570463,robot_2,-1.175,-0.051
1770733062,511593452,robot_1,-0.138,2.412
1770733062,511615231,robot_3,0.678,-2.450
1770733062,713562457,robot_0,1.804,-0.373
1770733062,713604531,robot_2,-1.176,-0.052
1770733062,713624361,robot_1,-0.138,2.413
1770733062,713639188,robot_3,0.707,-2.452
1770733062,915152172,robot_0,1.804,-0.373
1770733062,915191918,robot_2,-1.154,-0.065
1770733062,915209438,robot_1,-0.138,2.413
1770733062,915222776,robot_3,0.715,-2.453
1770733063,135432498,robot_0,1.805,-0.373
1770733063,135481292,robot_2,-1.124,-0.082
1770733063,135499779,robot_1,-0.138,2.414
1770733063,135514076,robot_3,0.715,-2.453
1770733063,336777417,robot_0,1.805,-0.373
1770733063,336849937,robot_2,-1.098,-0.100
1770733063,336892314,robot_1,-0.138,2.415
1770733063,336929522,robot_3,0.715,-2.453
1770733063,537284821,robot_0,1.806,-0.372
1770733063,537326984,robot_2,-1.076,-0.120
1770733063,537344961,robot_1,-0.139,2.415
1770733063,537359290,robot_3,0.715,-2.454
1770733063,756762627,robot_0,1.806,-0.371
1770733063,756808237,robot_2,-1.055,-0.145
1770733063,756830728,robot_1,-0.140,2.415
1770733063,756844642,robot_3,0.716,-2.455
1770733063,958115255,robot_0,1.806,-0.370
1770733063,958156282,robot_2,-1.043,-0.165
1770733063,958174577,robot_1,-0.141,2.415
1770733063,958189711,robot_3,0.717,-2.455
1770733064,158880510,robot_0,1.805,-0.370
1770733064,158929380,robot_2,-1.034,-0.186
1770733064,158952682,robot_1,-0.141,2.415
1770733064,158970456,robot_3,0.717,-2.455
1770733064,378867054,robot_0,1.805,-0.369
1770733064,378906950,robot_2,-1.030,-0.195
1770733064,378925191,robot_1,-0.142,2.414
1770733064,378941042,robot_3,0.718,-2.455
1770733064,579858893,robot_0,1.804,-0.369
1770733064,579897636,robot_2,-1.030,-0.195
1770733064,579915004,robot_1,-0.142,2.414
1770733064,579939255,robot_3,0.719,-2.454
1770733064,812236926,robot_0,1.803,-0.369
1770733064,812272606,robot_2,-1.031,-0.195
1770733064,812288304,robot_1,-0.142,2.414
1770733064,812301623,robot_3,0.719,-2.454
1770733065,14947126,robot_0,1.803,-0.369
1770733065,14987890,robot_2,-1.031,-0.195
1770733065,15006516,robot_1,-0.142,2.413
1770733065,15021782,robot_3,0.720,-2.453
1770733065,235536294,robot_0,1.802,-0.370
1770733065,235590463,robot_2,-1.031,-0.195
1770733065,235609984,robot_1,-0.142,2.412
1770733065,235624689,robot_3,0.720,-2.453
1770733065,446711112,robot_0,1.802,-0.370
1770733065,446755237,robot_2,-1.032,-0.196
1770733065,446771419,robot_1,-0.142,2.412
1770733065,446785231,robot_3,0.700,-2.454
1770733065,648724565,robot_0,1.801,-0.370
1770733065,648768748,robot_2,-1.032,-0.197
1770733065,648787434,robot_1,-0.141,2.411
1770733065,648801831,robot_3,0.670,-2.457
1770733065,868132511,robot_0,1.801,-0.371
1770733065,868178195,robot_2,-1.032,-0.198
1770733065,868203668,robot_1,-0.140,2.411
1770733065,868222555,robot_3,0.637,-2.462
1770733066,87859090,robot_0,1.801,-0.372
1770733066,87894095,robot_2,-1.031,-0.199
1770733066,87910435,robot_1,-0.139,2.411
1770733066,87923481,robot_3,0.604,-2.471
1770733066,290261734,robot_0,1.802,-0.373
1770733066,290300652,robot_2,-1.030,-0.199
1770733066,290317896,robot_1,-0.139,2.411
1770733066,290331872,robot_3,0.575,-2.484
1770733066,491020792,robot_0,1.802,-0.373
1770733066,491088832,robot_2,-1.029,-0.199
1770733066,491116206,robot_1,-0.138,2.412
1770733066,491136480,robot_3,0.549,-2.500
1770733066,691995092,robot_0,1.803,-0.373
1770733066,692030741,robot_2,-1.029,-0.199
1770733066,692047808,robot_1,-0.138,2.412
1770733066,692060760,robot_3,0.523,-2.517
1770733066,911166675,robot_0,1.804,-0.373
1770733066,911210529,robot_2,-1.031,-0.172
1770733066,911235982,robot_1,-0.161,2.425
1770733066,911257604,robot_3,0.512,-2.524
1770733067,112436810,robot_0,1.805,-0.373
1770733067,112478970,robot_2,-1.035,-0.137
1770733067,112494888,robot_1,-0.192,2.441
1770733067,112507739,robot_3,0.512,-2.524
1770733067,312607661,robot_0,1.806,-0.372
1770733067,312643102,robot_2,-1.036,-0.112
1770733067,312660046,robot_1,-0.225,2.458
1770733067,312674180,robot_3,0.512,-2.524
1770733067,513678918,robot_0,1.806,-0.372
1770733067,513714069,robot_2,-1.037,-0.112
1770733067,513729870,robot_1,-0.260,2.476
1770733067,513743533,robot_3,0.512,-2.524
1770733067,715909287,robot_0,1.806,-0.371
1770733067,715981529,robot_2,-1.037,-0.112
1770733067,716023007,robot_1,-0.296,2.494
1770733067,716060215,robot_3,0.511,-2.523
1770733067,922136430,robot_0,1.776,-0.367
1770733067,922233154,robot_2,-1.028,-0.085
1770733067,922286318,robot_1,-0.319,2.505
1770733067,922328670,robot_3,0.510,-2.523
1770733068,141799070,robot_0,1.732,-0.365
1770733068,141836054,robot_2,-1.012,-0.047
1770733068,141851485,robot_1,-0.341,2.518
1770733068,141864566,robot_3,0.509,-2.524
1770733068,358501102,robot_0,1.691,-0.371
1770733068,358551764,robot_2,-1.001,-0.028
1770733068,358573170,robot_1,-0.368,2.541
1770733068,358589327,robot_3,0.509,-2.524
1770733068,560592495,robot_0,1.657,-0.380
1770733068,560636114,robot_2,-1.002,-0.028
1770733068,560654432,robot_1,-0.397,2.568
1770733068,560668999,robot_3,0.508,-2.525
1770733068,763325966,robot_0,1.626,-0.392
1770733068,763362004,robot_2,-1.002,-0.028
1770733068,763378226,robot_1,-0.424,2.595
1770733068,763391576,robot_3,0.508,-2.526
1770733068,982682616,robot_0,1.624,-0.392
1770733068,982720985,robot_2,-1.002,-0.028
1770733068,982738173,robot_1,-0.444,2.614
1770733068,982751731,robot_3,0.509,-2.527
1770733069,188354471,robot_0,1.624,-0.391
1770733069,188393421,robot_2,-1.002,-0.027
1770733069,188410561,robot_1,-0.463,2.629
1770733069,188424824,robot_3,0.509,-2.527
1770733069,419753448,robot_0,1.623,-0.391
1770733069,419805385,robot_2,-0.981,-0.015
1770733069,419848126,robot_1,-0.469,2.633
1770733069,419863392,robot_3,0.509,-2.528
1770733069,638731704,robot_0,1.622,-0.391
1770733069,638779698,robot_2,-0.943,0.007
1770733069,638828269,robot_1,-0.469,2.634
1770733069,638849831,robot_3,0.509,-2.528
1770733069,839056628,robot_0,1.622,-0.391
1770733069,839095492,robot_2,-0.908,0.027
1770733069,839114017,robot_1,-0.469,2.634
1770733069,839128936,robot_3,0.510,-2.528
1770733070,48257620,robot_0,1.621,-0.392
1770733070,48300602,robot_2,-0.877,0.044
1770733070,48320937,robot_1,-0.470,2.635
1770733070,48336812,robot_3,0.511,-2.528
1770733070,250262152,robot_0,1.621,-0.392
1770733070,250310022,robot_2,-0.843,0.063
1770733070,250328590,robot_1,-0.470,2.636
1770733070,250343818,robot_3,0.512,-2.528
1770733070,538968805,robot_0,1.620,-0.393
1770733070,539050338,robot_2,-0.824,0.075
1770733070,539095501,robot_1,-0.471,2.636
1770733070,539132326,robot_3,0.512,-2.527
1770733070,756025524,robot_0,1.620,-0.394
1770733070,756066747,robot_2,-0.802,0.091
1770733070,756084694,robot_1,-0.472,2.636
1770733070,756099779,robot_3,0.513,-2.527
1770733070,956199547,robot_0,1.621,-0.395
1770733070,956236538,robot_2,-0.777,0.115
1770733070,956253158,robot_1,-0.473,2.635
1770733070,956267034,robot_3,0.513,-2.526
1770733071,159042679,robot_0,1.621,-0.395
1770733071,159084020,robot_2,-0.752,0.142
1770733071,159103172,robot_1,-0.473,2.635
1770733071,159119103,robot_3,0.513,-2.525
1770733071,378431459,robot_0,1.637,-0.377
1770733071,378475006,robot_2,-0.741,0.154
1770733071,378493051,robot_1,-0.474,2.634
1770733071,378509350,robot_3,0.512,-2.524
1770733071,677552682,robot_0,1.658,-0.352
1770733071,677590297,robot_2,-0.741,0.154
1770733071,677606153,robot_1,-0.474,2.633
1770733071,677619239,robot_3,0.512,-2.524
1770733071,896048535,robot_0,1.686,-0.319
1770733071,896083688,robot_2,-0.772,0.127
1770733071,896099237,robot_1,-0.448,2.634
1770733071,896111738,robot_3,0.501,-2.542
1770733072,98790330,robot_0,1.712,-0.288
1770733072,98865922,robot_2,-0.829,0.078
1770733072,98911671,robot_1,-0.408,2.639
1770733072,98948277,robot_3,0.486,-2.571
1770733072,298824100,robot_0,1.734,-0.261
1770733072,298864647,robot_2,-0.885,0.031
1770733072,298883693,robot_1,-0.368,2.644
1770733072,298898684,robot_3,0.472,-2.598
1770733072,499616250,robot_0,1.751,-0.239
1770733072,499659708,robot_2,-0.898,0.020
1770733072,499678181,robot_1,-0.329,2.650
1770733072,499693636,robot_3,0.462,-2.615
1770733072,701611426,robot_0,1.767,-0.217
1770733072,701650166,robot_2,-0.898,0.020
1770733072,701666879,robot_1,-0.289,2.655
1770733072,701680316,robot_3,0.452,-2.632
1770733072,902839032,robot_0,1.771,-0.212
1770733072,902886600,robot_2,-0.898,0.020
1770733072,902908736,robot_1,-0.261,2.659
1770733072,902928835,robot_3,0.432,-2.660
1770733073,103106125,robot_0,1.771,-0.212
1770733073,103150925,robot_2,-0.898,0.020
1770733073,103168098,robot_1,-0.234,2.660
1770733073,103182234,robot_3,0.409,-2.691
1770733073,304294710,robot_0,1.772,-0.212
1770733073,304358842,robot_2,-0.904,0.014
1770733073,304383369,robot_1,-0.203,2.658
1770733073,304403563,robot_3,0.385,-2.722
1770733073,506656921,robot_0,1.773,-0.212
1770733073,506713557,robot_2,-0.957,-0.031
1770733073,506739981,robot_1,-0.168,2.651
1770733073,506758978,robot_3,0.360,-2.754
1770733073,725393862,robot_0,1.773,-0.211
1770733073,725437805,robot_2,-1.020,-0.085
1770733073,725458622,robot_1,-0.128,2.642
1770733073,725484710,robot_3,0.333,-2.788
1770733073,926187355,robot_0,1.774,-0.210
1770733073,926224450,robot_2,-1.054,-0.114
1770733073,926242377,robot_1,-0.122,2.641
1770733073,926256796,robot_3,0.316,-2.809
1770733074,126492938,robot_0,1.774,-0.209
1770733074,126543007,robot_2,-1.054,-0.114
1770733074,126563635,robot_1,-0.122,2.640
1770733074,126579185,robot_3,0.298,-2.828
1770733074,328150257,robot_0,1.774,-0.209
1770733074,328191088,robot_2,-1.054,-0.114
1770733074,328209799,robot_1,-0.122,2.640
1770733074,328226154,robot_3,0.285,-2.840
1770733074,534108702,robot_0,1.773,-0.208
1770733074,534158843,robot_2,-1.054,-0.114
1770733074,534178551,robot_1,-0.122,2.639
1770733074,534192918,robot_3,0.285,-2.841
1770733074,752881483,robot_0,1.773,-0.207
1770733074,752944161,robot_2,-1.053,-0.113
1770733074,752965216,robot_1,-0.121,2.639
1770733074,752979814,robot_3,0.285,-2.840
1770733074,971180424,robot_0,1.772,-0.207
1770733074,971217200,robot_2,-1.023,-0.086
1770733074,971233550,robot_1,-0.120,2.639
1770733074,971247225,robot_3,0.284,-2.840
1770733075,171441157,robot_0,1.771,-0.207
1770733075,171484484,robot_2,-0.995,-0.058
1770733075,171502096,robot_1,-0.119,2.639
1770733075,171515716,robot_3,0.284,-2.840
1770733075,374540280,robot_0,1.772,-0.229
1770733075,374577438,robot_2,-0.975,-0.037
1770733075,374593644,robot_1,-0.119,2.639
1770733075,374607257,robot_3,0.283,-2.840
1770733075,575041370,robot_0,1.776,-0.269
1770733075,575082773,robot_2,-0.959,-0.018
1770733075,575101129,robot_1,-0.118,2.640
1770733075,575116099,robot_3,0.282,-2.840
1770733075,776098689,robot_0,1.779,-0.309
1770733075,776142576,robot_2,-0.945,-0.002
1770733075,776162448,robot_1,-0.118,2.640
1770733075,776178397,robot_3,0.282,-2.840
1770733075,977312924,robot_0,1.783,-0.349
1770733075,977372123,robot_2,-0.945,-0.002
1770733075,977394023,robot_1,-0.118,2.641
1770733075,977409168,robot_3,0.281,-2.841
1770733076,178076524,robot_0,1.786,-0.389
1770733076,178117069,robot_2,-0.945,-0.002
1770733076,178134126,robot_1,-0.118,2.642
1770733076,178147514,robot_3,0.281,-2.842
1770733076,397512828,robot_0,1.790,-0.433
1770733076,397562212,robot_2,-0.974,-0.032
1770733076,397583838,robot_1,-0.118,2.642
1770733076,397600328,robot_3,0.281,-2.843
1770733076,598986584,robot_0,1.793,-0.473
1770733076,599022659,robot_2,-1.027,-0.085
1770733076,599038050,robot_1,-0.118,2.642
1770733076,599051183,robot_3,0.281,-2.843
1770733076,799544248,robot_0,1.797,-0.510
1770733076,799586865,robot_2,-1.079,-0.138
1770733076,799607398,robot_1,-0.119,2.643
1770733076,799624615,robot_3,0.285,-2.841
1770733077,1601646,robot_0,1.800,-0.546
1770733077,1640289,robot_2,-1.132,-0.192
1770733077,1657483,robot_1,-0.119,2.643
1770733077,1672340,robot_3,0.319,-2.821
1770733077,220803731,robot_0,1.803,-0.584
1770733077,220842812,robot_2,-1.190,-0.250
1770733077,220859869,robot_1,-0.120,2.643
1770733077,220873570,robot_3,0.357,-2.797
1770733077,422910713,robot_0,1.804,-0.606
1770733077,422948103,robot_2,-1.243,-0.303
1770733077,422964482,robot_1,-0.121,2.643
1770733077,422977307,robot_3,0.387,-2.779
1770733077,624728070,robot_0,1.807,-0.627
1770733077,624772505,robot_2,-1.296,-0.357
1770733077,624791447,robot_1,-0.122,2.642
1770733077,624806617,robot_3,0.416,-2.760
1770733077,843721559,robot_0,1.808,-0.640
1770733077,843757955,robot_2,-1.354,-0.415
1770733077,843773459,robot_1,-0.122,2.642
1770733077,843786004,robot_3,0.445,-2.741
1770733078,45316180,robot_0,1.808,-0.640
1770733078,45354999,robot_2,-1.406,-0.469
1770733078,45372719,robot_1,-0.122,2.641
1770733078,45388680,robot_3,0.468,-2.726
1770733078,266210940,robot_0,1.808,-0.640
1770733078,266256796,robot_2,-1.464,-0.527
1770733078,266278589,robot_1,-0.122,2.640
1770733078,266295082,robot_3,0.494,-2.711
1770733078,468378624,robot_0,1.807,-0.641
1770733078,468426193,robot_2,-1.517,-0.581
1770733078,468450303,robot_1,-0.122,2.639
1770733078,468482130,robot_3,0.513,-2.702
1770733078,688046818,robot_0,1.807,-0.641
1770733078,688084810,robot_2,-1.575,-0.639
1770733078,688101008,robot_1,-0.121,2.639
1770733078,688114524,robot_3,0.536,-2.695
1770733078,889494614,robot_0,1.807,-0.642
1770733078,889570588,robot_2,-1.614,-0.679
1770733078,889614407,robot_1,-0.111,2.653
1770733078,889650704,robot_3,0.570,-2.691
1770733079,90352961,robot_0,1.807,-0.643
1770733079,90394428,robot_2,-1.615,-0.679
1770733079,90413032,robot_1,-0.098,2.674
1770733079,90427337,robot_3,0.610,-2.689
1770733079,309341749,robot_0,1.808,-0.644
1770733079,309389387,robot_2,-1.623,-0.687
1770733079,309408478,robot_1,-0.085,2.696
1770733079,309424643,robot_3,0.649,-2.687
1770733079,511122651,robot_0,1.809,-0.644
1770733079,511163655,robot_2,-1.673,-0.738
1770733079,511182369,robot_1,-0.074,2.714
1770733079,511198864,robot_3,0.672,-2.686
1770733079,711280887,robot_0,1.809,-0.644
1770733079,711324173,robot_2,-1.726,-0.791
1770733079,711341394,robot_1,-0.063,2.732
1770733079,711356851,robot_3,0.696,-2.682
1770733079,912576415,robot_0,1.810,-0.644
1770733079,912612220,robot_2,-1.778,-0.844
1770733079,912628043,robot_1,-0.061,2.734
1770733079,912641863,robot_3,0.701,-2.681
1770733080,112850641,robot_0,1.811,-0.643
1770733080,112889377,robot_2,-1.831,-0.898
1770733080,112907386,robot_1,-0.061,2.734
1770733080,112921713,robot_3,0.702,-2.682
1770733080,313080244,robot_0,1.804,-0.636
1770733080,313115551,robot_2,-1.884,-0.951
1770733080,313132065,robot_1,-0.061,2.734
1770733080,313145312,robot_3,0.702,-2.682
1770733080,514957926,robot_0,1.777,-0.606
1770733080,514994957,robot_2,-1.937,-1.004
1770733080,515034075,robot_1,-0.060,2.734
1770733080,515048392,robot_3,0.703,-2.683
1770733080,715520171,robot_0,1.750,-0.577
1770733080,715555357,robot_2,-1.990,-1.058
1770733080,715573458,robot_1,-0.060,2.734
1770733080,715586954,robot_3,0.704,-2.683
1770733080,916837587,robot_0,1.730,-0.557
1770733080,916874689,robot_2,-2.022,-1.090
1770733080,916907464,robot_1,-0.059,2.735
1770733080,916920702,robot_3,0.704,-2.682
1770733081,136896107,robot_0,1.709,-0.537
1770733081,136934754,robot_2,-2.022,-1.090
1770733081,136950951,robot_1,-0.058,2.735
1770733081,136965899,robot_3,0.705,-2.682
1770733081,337257508,robot_0,1.689,-0.518
1770733081,337309859,robot_2,-2.021,-1.091
1770733081,337336642,robot_1,-0.058,2.736
1770733081,337354971,robot_3,0.705,-2.681
1770733081,538855974,robot_0,1.666,-0.501
1770733081,538950324,robot_2,-2.020,-1.091
1770733081,539003531,robot_1,-0.058,2.737
1770733081,539045319,robot_3,0.706,-2.680
1770733081,759595755,robot_0,1.640,-0.486
1770733081,759634040,robot_2,-2.019,-1.090
1770733081,759650689,robot_1,-0.059,2.738
1770733081,759664561,robot_3,0.705,-2.679
1770733081,959644394,robot_0,1.617,-0.478
1770733081,959695894,robot_2,-2.019,-1.090
1770733081,959720706,robot_1,-0.059,2.738
1770733081,959741568,robot_3,0.705,-2.679
1770733082,162745682,robot_0,1.594,-0.472
1770733082,162820187,robot_2,-2.018,-1.089
1770733082,162863938,robot_1,-0.060,2.739
1770733082,162900080,robot_3,0.704,-2.678
1770733082,362948818,robot_0,1.560,-0.468
1770733082,362993977,robot_2,-2.018,-1.088
1770733082,363012225,robot_1,-0.060,2.739
1770733082,363027959,robot_3,0.697,-2.689
1770733082,563249581,robot_0,1.520,-0.465
1770733082,563285045,robot_2,-2.018,-1.087
1770733082,563300483,robot_1,-0.060,2.739
1770733082,563313812,robot_3,0.685,-2.713
1770733082,763829756,robot_0,1.480,-0.461
1770733082,763867140,robot_2,-2.019,-1.087
1770733082,763883669,robot_1,-0.061,2.739
1770733082,763899832,robot_3,0.677,-2.738
1770733082,968537234,robot_0,1.440,-0.458
1770733082,968588550,robot_2,-2.019,-1.086
1770733082,968605753,robot_1,-0.062,2.739
1770733082,968619770,robot_3,0.672,-2.778
1770733083,188114475,robot_0,1.397,-0.455
1770733083,188154093,robot_2,-2.020,-1.086
1770733083,188170978,robot_1,-0.062,2.738
1770733083,188184901,robot_3,0.670,-2.822
1770733083,388196001,robot_0,1.362,-0.452
1770733083,388254664,robot_2,-2.029,-1.111
1770733083,388281007,robot_1,-0.063,2.737
1770733083,388297641,robot_3,0.668,-2.861
1770733083,607333371,robot_0,1.324,-0.450
1770733083,607375042,robot_2,-2.043,-1.152
1770733083,607391712,robot_1,-0.063,2.736
1770733083,607406436,robot_3,0.669,-2.904
1770733083,809417068,robot_0,1.296,-0.448
1770733083,809456021,robot_2,-2.055,-1.190
1770733083,809482463,robot_1,-0.063,2.735
1770733083,809499229,robot_3,0.673,-2.940
1770733084,13337919,robot_0,1.274,-0.447
1770733084,13420111,robot_2,-2.068,-1.228
1770733084,13464115,robot_1,-0.062,2.735
1770733084,13517090,robot_3,0.679,-2.970
1770733084,214205551,robot_0,1.253,-0.444
1770733084,214286897,robot_2,-2.080,-1.266
1770733084,214332189,robot_1,-0.061,2.734
1770733084,214370441,robot_3,0.686,-2.999
1770733084,414972995,robot_0,1.249,-0.444
1770733084,415014731,robot_2,-2.083,-1.275
1770733084,415033380,robot_1,-0.060,2.734
1770733084,415048762,robot_3,0.697,-3.033
1770733084,632841681,robot_0,1.249,-0.444
1770733084,632886300,robot_2,-2.084,-1.275
1770733084,632909195,robot_1,-0.060,2.734
1770733084,632924966,robot_3,0.711,-3.072
1770733084,834856840,robot_0,1.249,-0.444
1770733084,834895006,robot_2,-2.084,-1.275
1770733084,834913679,robot_1,-0.059,2.734
1770733084,834928025,robot_3,0.722,-3.101
1770733085,37239777,robot_0,1.249,-0.444
1770733085,37322952,robot_2,-2.085,-1.275
1770733085,37364787,robot_1,-0.059,2.735
1770733085,37402222,robot_3,0.731,-3.121
1770733085,256173906,robot_0,1.249,-0.443
1770733085,256208833,robot_2,-2.086,-1.276
1770733085,256223500,robot_1,-0.059,2.735
1770733085,256237431,robot_3,0.742,-3.142
1770733085,456395464,robot_0,1.248,-0.442
1770733085,456439129,robot_2,-2.086,-1.277
1770733085,456462699,robot_1,-0.058,2.736
1770733085,456489026,robot_3,0.742,-3.142
1770733085,657428314,robot_0,1.247,-0.442
1770733085,657482212,robot_2,-2.086,-1.278
1770733085,657505493,robot_1,-0.058,2.736
1770733085,657525155,robot_3,0.741,-3.143
1770733085,877367412,robot_0,1.247,-0.442
1770733085,877410459,robot_2,-2.086,-1.279
1770733085,877429069,robot_1,-0.058,2.737
1770733085,877446312,robot_3,0.741,-3.143
1770733086,79297542,robot_0,1.246,-0.442
1770733086,79346863,robot_2,-2.085,-1.279
1770733086,79367959,robot_1,-0.059,2.738
1770733086,79386478,robot_3,0.741,-3.144
1770733086,285523810,robot_0,1.245,-0.442
1770733086,285608568,robot_2,-2.084,-1.280
1770733086,285655102,robot_1,-0.059,2.739
1770733086,285692401,robot_3,0.741,-3.145
1770733086,499746335,robot_0,1.245,-0.443
1770733086,499788632,robot_2,-2.084,-1.280
1770733086,499806852,robot_1,-0.060,2.739
1770733086,499822548,robot_3,0.742,-3.146
1770733086,700270692,robot_0,1.244,-0.444
1770733086,700316646,robot_2,-2.083,-1.280
1770733086,700342762,robot_1,-0.061,2.739
1770733086,700363051,robot_3,0.742,-3.146
1770733086,901764939,robot_0,1.272,-0.452
1770733086,901804984,robot_2,-2.083,-1.280
1770733086,901821385,robot_1,-0.062,2.738
1770733086,901835049,robot_3,0.743,-3.146
1770733087,103086347,robot_0,1.310,-0.463
1770733087,103127702,robot_2,-2.082,-1.280
1770733087,103148034,robot_1,-0.062,2.738
1770733087,103164764,robot_3,0.744,-3.146
1770733087,304473475,robot_0,1.349,-0.473
1770733087,304515262,robot_2,-2.082,-1.279
1770733087,304534682,robot_1,-0.063,2.738
1770733087,304551838,robot_3,0.745,-3.146
1770733087,505148319,robot_0,1.387,-0.484
1770733087,505206608,robot_2,-2.081,-1.279
1770733087,505222906,robot_1,-0.063,2.737
1770733087,505236641,robot_3,0.745,-3.145
1770733087,707483107,robot_0,1.426,-0.495
1770733087,707521718,robot_2,-2.081,-1.278
1770733087,707539661,robot_1,-0.063,2.737
1770733087,707553900,robot_3,0.745,-3.145
1770733087,929597998,robot_0,1.468,-0.506
1770733087,929637420,robot_2,-2.081,-1.277
1770733087,929653892,robot_1,-0.063,2.736
1770733087,929668987,robot_3,0.746,-3.144
1770733088,149012990,robot_0,1.511,-0.518
1770733088,149053739,robot_2,-2.082,-1.276
1770733088,149070463,robot_1,-0.062,2.735
1770733088,149084740,robot_3,0.746,-3.144
1770733088,349131208,robot_0,1.549,-0.529
1770733088,349172361,robot_2,-2.082,-1.275
1770733088,349191224,robot_1,-0.062,2.735
1770733088,349207139,robot_3,0.746,-3.143
1770733088,551620245,robot_0,1.588,-0.540
1770733088,551664372,robot_2,-2.083,-1.275
1770733088,551683503,robot_1,-0.061,2.734
1770733088,551698800,robot_3,0.745,-3.143
1770733088,752992181,robot_0,1.625,-0.550
1770733088,753038717,robot_2,-2.084,-1.275
1770733088,753060831,robot_1,-0.060,2.734
1770733088,753079432,robot_3,0.745,-3.142
1770733088,953362579,robot_0,1.627,-0.551
1770733088,953402433,robot_2,-2.085,-1.276
1770733088,953419852,robot_1,-0.059,2.735
1770733088,953435630,robot_3,0.744,-3.142
1770733089,157426098,robot_0,1.627,-0.551
1770733089,157490190,robot_2,-2.085,-1.276
1770733089,157512417,robot_1,-0.059,2.735
1770733089,157529693,robot_3,0.743,-3.142
1770733089,364396780,robot_0,1.627,-0.551
1770733089,364443845,robot_2,-2.081,-1.281
1770733089,364463331,robot_1,-0.059,2.736
1770733089,364494532,robot_3,0.742,-3.142
1770733089,564596002,robot_0,1.628,-0.552
1770733089,564648417,robot_2,-2.057,-1.303
1770733089,564672661,robot_1,-0.058,2.736
1770733089,564692825,robot_3,0.742,-3.142
1770733089,767215988,robot_0,1.628,-0.553
1770733089,767266242,robot_2,-2.032,-1.320
1770733089,767291101,robot_1,-0.058,2.737
1770733089,767313403,robot_3,0.741,-3.143
1770733089,969354824,robot_0,1.629,-0.553
1770733089,969413409,robot_2,-2.032,-1.321
1770733089,969441801,robot_1,-0.058,2.737
1770733089,969463636,robot_3,0.741,-3.144
1770733090,169418507,robot_0,1.630,-0.553
1770733090,169482680,robot_2,-2.032,-1.322
1770733090,169508227,robot_1,-0.058,2.738
1770733090,169528446,robot_3,0.741,-3.145
1770733090,504573534,robot_0,1.630,-0.553
1770733090,504620697,robot_2,-2.032,-1.322
1770733090,504642378,robot_1,-0.059,2.738
1770733090,504660775,robot_3,0.751,-3.143
1770733090,706558547,robot_0,1.631,-0.553
1770733090,706638629,robot_2,-2.032,-1.323
1770733090,706681967,robot_1,-0.060,2.739
1770733090,706719223,robot_3,0.787,-3.138
1770733090,924834893,robot_0,1.632,-0.552
1770733090,924883911,robot_2,-2.031,-1.324
1770733090,924904482,robot_1,-0.060,2.739
1770733090,924920966,robot_3,0.801,-3.136
1770733091,255303932,robot_0,1.632,-0.552
1770733091,255349143,robot_2,-2.030,-1.324
1770733091,255370084,robot_1,-0.061,2.739
1770733091,255387405,robot_3,0.801,-3.136
1770733091,474808454,robot_0,1.598,-0.538
1770733091,474853814,robot_2,-2.029,-1.324
1770733091,474875240,robot_1,-0.062,2.739
1770733091,474892628,robot_3,0.801,-3.136
1770733091,676040083,robot_0,1.561,-0.526
1770733091,676077510,robot_2,-2.029,-1.324
1770733091,676094251,robot_1,-0.062,2.738
1770733091,676109115,robot_3,0.801,-3.137
1770733091,951580875,robot_0,1.547,-0.523
1770733091,951619515,robot_2,-2.028,-1.323
1770733091,951636659,robot_1,-0.062,2.738
1770733091,951650436,robot_3,0.801,-3.137
1770733092,152666162,robot_0,1.545,-0.522
1770733092,152707052,robot_2,-2.028,-1.323
1770733092,152726847,robot_1,-0.063,2.737
1770733092,152743585,robot_3,0.802,-3.137
1770733092,355578068,robot_0,1.545,-0.522
1770733092,355699693,robot_2,-2.041,-1.314
1770733092,355729947,robot_1,-0.045,2.734
1770733092,355746930,robot_3,0.802,-3.138
1770733092,574998635,robot_0,1.545,-0.521
1770733092,575044008,robot_2,-2.072,-1.298
1770733092,575065789,robot_1,-0.001,2.732
1770733092,575084368,robot_3,0.803,-3.138
1770733092,776376156,robot_0,1.544,-0.521
1770733092,776412534,robot_2,-2.103,-1.285
1770733092,776428922,robot_1,0.039,2.731
1770733092,776442631,robot_3,0.804,-3.138
1770733092,995030196,robot_0,1.544,-0.520
1770733092,995068743,robot_2,-2.142,-1.266
1770733092,995087958,robot_1,0.083,2.731
1770733092,995102942,robot_3,0.805,-3.137
1770733093,195970187,robot_0,1.543,-0.520
1770733093,196009251,robot_2,-2.178,-1.248
1770733093,196028026,robot_1,0.123,2.731
1770733093,196043839,robot_3,0.805,-3.137
1770733093,397091922,robot_0,1.542,-0.520
1770733093,397129062,robot_2,-2.214,-1.231
1770733093,397145386,robot_1,0.136,2.731
1770733093,397160061,robot_3,0.785,-3.123
1770733093,609008340,robot_0,1.541,-0.520
1770733093,609058265,robot_2,-2.250,-1.213
1770733093,609080564,robot_1,0.136,2.731
1770733093,609099691,robot_3,0.752,-3.101
1770733093,830081684,robot_0,1.541,-0.520
1770733093,830126583,robot_2,-2.277,-1.200
1770733093,830147035,robot_1,0.137,2.731
1770733093,830164246,robot_3,0.715,-3.076
1770733094,33971380,robot_0,1.540,-0.521
1770733094,34013353,robot_2,-2.277,-1.200
1770733094,34030435,robot_1,0.137,2.730
1770733094,34044794,robot_3,0.682,-3.054
1770733094,253206730,robot_0,1.541,-0.522
1770733094,253243988,robot_2,-2.277,-1.200
1770733094,253259766,robot_1,0.138,2.730
1770733094,253273000,robot_3,0.645,-3.030
1770733094,472024770,robot_0,1.579,-0.537
1770733094,472066323,robot_2,-2.277,-1.199
1770733094,472085247,robot_1,0.139,2.730
1770733094,472101498,robot_3,0.621,-3.014
1770733094,672826827,robot_0,1.617,-0.551
1770733094,672873156,robot_2,-2.277,-1.198
1770733094,672903292,robot_1,0.139,2.730
1770733094,672924840,robot_3,0.600,-2.997
1770733094,874658396,robot_0,1.643,-0.562
1770733094,874694486,robot_2,-2.278,-1.198
1770733094,874709764,robot_1,0.140,2.730
1770733094,874722905,robot_3,0.591,-2.988
1770733095,75935717,robot_0,1.665,-0.571
1770733095,75980263,robot_2,-2.278,-1.197
1770733095,76000471,robot_1,0.141,2.731
1770733095,76016600,robot_3,0.590,-2.988
1770733095,295903893,robot_0,1.689,-0.584
1770733095,295946347,robot_2,-2.279,-1.197
1770733095,295966010,robot_1,0.141,2.732
1770733095,295981139,robot_3,0.590,-2.988
1770733095,496495805,robot_0,1.716,-0.600
1770733095,496534497,robot_2,-2.280,-1.198
1770733095,496551636,robot_1,0.141,2.732
1770733095,496566350,robot_3,0.590,-2.988
1770733095,697138468,robot_0,1.742,-0.616
1770733095,697180586,robot_2,-2.281,-1.198
1770733095,697200546,robot_1,0.141,2.733
1770733095,697216761,robot_3,0.591,-2.987
1770733095,898307499,robot_0,1.748,-0.620
1770733095,898347805,robot_2,-2.281,-1.199
1770733095,898365388,robot_1,0.119,2.724
1770733095,898380016,robot_3,0.591,-2.986
1770733096,100932898,robot_0,1.748,-0.620
1770733096,100970363,robot_2,-2.281,-1.200
1770733096,100987122,robot_1,0.088,2.710
1770733096,101000153,robot_3,0.591,-2.986
1770733096,319898946,robot_0,1.748,-0.621
1770733096,319937345,robot_2,-2.269,-1.201
1770733096,319954528,robot_1,0.053,2.694
1770733096,319969382,robot_3,0.591,-2.985
1770733096,522686596,robot_0,1.748,-0.621
1770733096,522729209,robot_2,-2.229,-1.201
1770733096,522760177,robot_1,0.022,2.679
1770733096,522780686,robot_3,0.590,-2.984
1770733096,742013746,robot_0,1.748,-0.622
1770733096,742050206,robot_2,-2.185,-1.202
1770733096,742067005,robot_1,-0.011,2.657
1770733096,742080012,robot_3,0.589,-2.984
1770733096,942163538,robot_0,1.749,-0.623
1770733096,942198452,robot_2,-2.145,-1.202
1770733096,942214134,robot_1,-0.037,2.634
1770733096,942226969,robot_3,0.588,-2.984
1770733097,143119554,robot_0,1.750,-0.623
1770733097,143154488,robot_2,-2.105,-1.202
1770733097,143172825,robot_1,-0.060,2.608
1770733097,143189962,robot_3,0.588,-2.984
1770733097,344796676,robot_0,1.750,-0.623
1770733097,344832954,robot_2,-2.082,-1.202
1770733097,344849825,robot_1,-0.076,2.587
1770733097,344863304,robot_3,0.592,-2.994
1770733097,546006438,robot_0,1.751,-0.623
1770733097,546040281,robot_2,-2.082,-1.203
1770733097,546056348,robot_1,-0.087,2.570
1770733097,546070555,robot_3,0.602,-3.017
1770733097,747786887,robot_0,1.752,-0.622
1770733097,747859720,robot_2,-2.082,-1.203
1770733097,747902311,robot_1,-0.097,2.553
1770733097,747938100,robot_3,0.612,-3.040
1770733097,967074365,robot_0,1.752,-0.621
1770733097,967108957,robot_2,-2.081,-1.204
1770733097,967124657,robot_1,-0.097,2.552
1770733097,967137398,robot_3,0.622,-3.080
1770733098,188414113,robot_0,1.752,-0.621
1770733098,188447587,robot_2,-2.081,-1.204
1770733098,188470411,robot_1,-0.098,2.552
1770733098,188493583,robot_3,0.630,-3.120
1770733098,409457479,robot_0,1.735,-0.619
1770733098,409503590,robot_2,-2.080,-1.204
1770733098,409520710,robot_1,-0.098,2.552
1770733098,409534201,robot_3,0.636,-3.163
1770733098,631047475,robot_0,1.713,-0.617
1770733098,631088795,robot_2,-2.079,-1.204
1770733098,631109095,robot_1,-0.099,2.552
1770733098,631126121,robot_3,0.641,-3.207
1770733098,849749298,robot_0,1.686,-0.612
1770733098,849784626,robot_2,-2.078,-1.204
1770733098,849800661,robot_1,-0.100,2.551
1770733098,849813383,robot_3,0.646,-3.250
1770733099,52776449,robot_0,1.657,-0.603
1770733099,52814217,robot_2,-2.077,-1.203
1770733099,52830935,robot_1,-0.100,2.550
1770733099,52843927,robot_3,0.652,-3.287
1770733099,252799502,robot_0,1.630,-0.590
1770733099,252838693,robot_2,-2.077,-1.202
1770733099,252858806,robot_1,-0.100,2.550
1770733099,252873636,robot_3,0.660,-3.324
1770733099,472678807,robot_0,1.599,-0.573
1770733099,472718721,robot_2,-2.077,-1.201
1770733099,472736195,robot_1,-0.099,2.549
1770733099,472751455,robot_3,0.668,-3.354
1770733099,673635890,robot_0,1.572,-0.556
1770733099,673675732,robot_2,-2.077,-1.201
1770733099,673696327,robot_1,-0.099,2.548
1770733099,673713172,robot_3,0.675,-3.381
1770733099,877587547,robot_0,1.538,-0.539
1770733099,877669651,robot_2,-2.093,-1.207
1770733099,877716717,robot_1,-0.098,2.548
1770733099,877755946,robot_3,0.680,-3.415
1770733100,99463252,robot_0,1.498,-0.521
1770733100,99571116,robot_2,-2.117,-1.219
1770733100,99594213,robot_1,-0.097,2.548
1770733100,99610055,robot_3,0.680,-3.458
1770733100,318001373,robot_0,1.464,-0.507
1770733100,318050691,robot_2,-2.147,-1.235
1770733100,318068246,robot_1,-0.098,2.557
1770733100,318083601,robot_3,0.679,-3.496
1770733100,537420714,robot_0,1.442,-0.497
1770733100,537457302,robot_2,-2.186,-1.256
1770733100,537483037,robot_1,-0.104,2.590
1770733100,537501439,robot_3,0.677,-3.521
1770733100,738593139,robot_0,1.421,-0.489
1770733100,738635098,robot_2,-2.221,-1.276
1770733100,738653098,robot_1,-0.113,2.620
1770733100,738668143,robot_3,0.672,-3.544
1770733100,939089700,robot_0,1.395,-0.478
1770733100,939126824,robot_2,-2.256,-1.295
1770733100,939144174,robot_1,-0.113,2.622
1770733100,939158093,robot_3,0.662,-3.568
1770733101,140049322,robot_0,1.369,-0.469
1770733101,140089162,robot_2,-2.290,-1.315
1770733101,140108190,robot_1,-0.113,2.623
1770733101,140123724,robot_3,0.650,-3.592
1770733101,342054846,robot_0,1.335,-0.462
1770733101,342095949,robot_2,-2.311,-1.326
1770733101,342112762,robot_1,-0.112,2.623
1770733101,342127382,robot_3,0.642,-3.607
1770733101,542649725,robot_0,1.297,-0.456
1770733101,542693966,robot_2,-2.311,-1.326
1770733101,542711568,robot_1,-0.112,2.624
1770733101,542724492,robot_3,0.642,-3.607
1770733101,763891463,robot_0,1.256,-0.450
1770733101,763932010,robot_2,-2.311,-1.326
1770733101,763949699,robot_1,-0.113,2.625
1770733101,763964025,robot_3,0.642,-3.606
1770733101,982766011,robot_0,1.229,-0.445
1770733101,982805302,robot_2,-2.312,-1.325
1770733101,982823553,robot_1,-0.113,2.626
1770733101,982838196,robot_3,0.641,-3.606
1770733102,185396057,robot_0,1.205,-0.443
1770733102,185431237,robot_2,-2.313,-1.325
1770733102,185448185,robot_1,-0.114,2.626
1770733102,185461574,robot_3,0.640,-3.607
1770733102,404717670,robot_0,1.165,-0.444
1770733102,404760161,robot_2,-2.314,-1.326
1770733102,404779681,robot_1,-0.115,2.626
1770733102,404818482,robot_3,0.640,-3.607
1770733102,606039927,robot_0,1.125,-0.449
1770733102,606077790,robot_2,-2.314,-1.326
1770733102,606094121,robot_1,-0.115,2.626
1770733102,606106916,robot_3,0.639,-3.608
1770733102,806340716,robot_0,1.085,-0.454
1770733102,806377132,robot_2,-2.315,-1.327
1770733102,806393550,robot_1,-0.116,2.626
1770733102,806406682,robot_3,0.639,-3.609
1770733103,24049176,robot_0,1.046,-0.458
1770733103,24138785,robot_2,-2.315,-1.328
1770733103,24186117,robot_1,-0.117,2.625
1770733103,24226035,robot_3,0.639,-3.610
1770733103,241912846,robot_0,1.002,-0.464
1770733103,241991503,robot_2,-2.315,-1.329
1770733103,242035359,robot_1,-0.117,2.625
1770733103,242071397,robot_3,0.640,-3.610
1770733103,442751312,robot_0,0.962,-0.469
1770733103,442810267,robot_2,-2.314,-1.329
1770733103,442825497,robot_1,-0.117,2.624
1770733103,442837845,robot_3,0.641,-3.611
1770733103,662900845,robot_0,0.919,-0.474
1770733103,662938937,robot_2,-2.314,-1.330
1770733103,662957040,robot_1,-0.117,2.624
1770733103,662971525,robot_3,0.641,-3.611
1770733103,883731632,robot_0,0.875,-0.479
1770733103,883771506,robot_2,-2.302,-1.315
1770733103,883791383,robot_1,-0.117,2.623
1770733103,883807943,robot_3,0.644,-3.595
1770733104,104564040,robot_0,0.831,-0.484
1770733104,104604157,robot_2,-2.285,-1.290
1770733104,104625844,robot_1,-0.116,2.622
1770733104,104640458,robot_3,0.649,-3.565
1770733104,304713235,robot_0,0.800,-0.488
1770733104,304752380,robot_2,-2.269,-1.263
1770733104,304770050,robot_1,-0.116,2.622
1770733104,304785488,robot_3,0.653,-3.543
1770733104,506043636,robot_0,0.800,-0.488
1770733104,506080814,robot_2,-2.251,-1.227
1770733104,506098287,robot_1,-0.115,2.622
1770733104,506112412,robot_3,0.653,-3.543
1770733104,707039423,robot_0,0.800,-0.488
1770733104,707077307,robot_2,-2.232,-1.192
1770733104,707094029,robot_1,-0.114,2.622
1770733104,707108217,robot_3,0.653,-3.543
1770733104,907639894,robot_0,0.800,-0.488
1770733104,907679935,robot_2,-2.217,-1.162
1770733104,907698381,robot_1,-0.113,2.622
1770733104,907714412,robot_3,0.653,-3.543
1770733105,109013419,robot_0,0.800,-0.487
1770733105,109055369,robot_2,-2.204,-1.132
1770733105,109075372,robot_1,-0.113,2.623
1770733105,109090139,robot_3,0.653,-3.543
1770733105,310668007,robot_0,0.800,-0.487
1770733105,310706734,robot_2,-2.194,-1.098
1770733105,310723567,robot_1,-0.113,2.624
1770733105,310737641,robot_3,0.654,-3.542
1770733105,511629626,robot_0,0.800,-0.487
1770733105,511713720,robot_2,-2.185,-1.059
1770733105,511731069,robot_1,-0.113,2.624
1770733105,511745760,robot_3,0.655,-3.542
1770733105,713344772,robot_0,0.800,-0.487
1770733105,713389772,robot_2,-2.177,-1.020
1770733105,713408919,robot_1,-0.113,2.625
1770733105,713424361,robot_3,0.655,-3.541
1770733105,913493143,robot_0,0.787,-0.499
1770733105,913531467,robot_2,-2.175,-1.011
1770733105,913548585,robot_1,-0.134,2.619
1770733105,913562377,robot_3,0.655,-3.540
1770733106,134168024,robot_0,0.771,-0.515
1770733106,134205224,robot_2,-2.175,-1.011
1770733106,134221887,robot_1,-0.163,2.610
1770733106,134235666,robot_3,0.655,-3.540
1770733106,334934085,robot_0,0.753,-0.531
1770733106,334971747,robot_2,-2.174,-1.011
1770733106,334989735,robot_1,-0.185,2.601
1770733106,335004538,robot_3,0.655,-3.539
1770733106,537157415,robot_0,0.730,-0.548
1770733106,537238625,robot_2,-2.173,-1.010
1770733106,537284510,robot_1,-0.203,2.591
1770733106,537322766,robot_3,0.654,-3.538
1770733106,756650529,robot_0,0.703,-0.563
1770733106,756725746,robot_2,-2.173,-1.010
1770733106,756770001,robot_1,-0.223,2.578
1770733106,756806077,robot_3,0.653,-3.539
1770733106,977399101,robot_0,0.669,-0.578
1770733106,977435799,robot_2,-2.172,-1.009
1770733106,977454318,robot_1,-0.245,2.557
1770733106,977474831,robot_3,0.638,-3.575
1770733107,177929876,robot_0,0.638,-0.590
1770733107,177973206,robot_2,-2.172,-1.008
1770733107,177994011,robot_1,-0.265,2.536
1770733107,178010966,robot_3,0.623,-3.613
1770733107,385698562,robot_0,0.627,-0.594
1770733107,385745716,robot_2,-2.173,-1.007
1770733107,385765524,robot_1,-0.272,2.529
1770733107,385781353,robot_3,0.609,-3.648
1770733107,603096348,robot_0,0.626,-0.594
1770733107,603134518,robot_2,-2.173,-1.006
1770733107,603154153,robot_1,-0.272,2.529
1770733107,603169396,robot_3,0.591,-3.686
1770733107,803620421,robot_0,0.626,-0.594
1770733107,803663384,robot_2,-2.174,-1.006
1770733107,803682776,robot_1,-0.273,2.529
1770733107,803698829,robot_3,0.571,-3.719
1770733108,4796249,robot_0,0.626,-0.593
1770733108,4835153,robot_2,-2.175,-1.006
1770733108,4852734,robot_1,-0.273,2.529
1770733108,4865798,robot_3,0.546,-3.750
1770733108,225291137,robot_0,0.625,-0.593
1770733108,225333254,robot_2,-2.176,-1.006
1770733108,225353438,robot_1,-0.274,2.529
1770733108,225370558,robot_3,0.517,-3.783
1770733108,426804074,robot_0,0.624,-0.593
1770733108,426857975,robot_2,-2.169,-1.038
1770733108,426883509,robot_1,-0.275,2.528
1770733108,426906371,robot_3,0.491,-3.813
1770733108,647268501,robot_0,0.623,-0.594
1770733108,647308140,robot_2,-2.159,-1.077
1770733108,647327523,robot_1,-0.275,2.528
1770733108,647351136,robot_3,0.464,-3.844
1770733108,866278734,robot_0,0.623,-0.595
1770733108,866315992,robot_2,-2.149,-1.119
1770733108,866333729,robot_1,-0.276,2.527
1770733108,866347839,robot_3,0.442,-3.869
1770733109,69588774,robot_0,0.622,-0.595
1770733109,69634139,robot_2,-2.140,-1.158
1770733109,69654440,robot_1,-0.275,2.526
1770733109,69671708,robot_3,0.428,-3.887
1770733109,289378767,robot_0,0.623,-0.596
1770733109,289417663,robot_2,-2.130,-1.198
1770733109,289435733,robot_1,-0.275,2.525
1770733109,289450256,robot_3,0.415,-3.910
1770733109,490067253,robot_0,0.623,-0.597
1770733109,490116317,robot_2,-2.123,-1.229
1770733109,490142031,robot_1,-0.274,2.525
1770733109,490163496,robot_3,0.405,-3.934
1770733109,690726828,robot_0,0.623,-0.597
1770733109,690782297,robot_2,-2.118,-1.260
1770733109,690809657,robot_1,-0.274,2.525
1770733109,690832557,robot_3,0.400,-3.960
1770733109,892920197,robot_0,0.636,-0.585
1770733109,893013172,robot_2,-2.116,-1.269
1770733109,893033299,robot_1,-0.266,2.550
1770733109,893049548,robot_3,0.399,-3.985
1770733110,95049012,robot_0,0.654,-0.567
1770733110,95091613,robot_2,-2.116,-1.269
1770733110,95111882,robot_1,-0.255,2.588
1770733110,95128011,robot_3,0.402,-4.009
1770733110,295200556,robot_0,0.674,-0.547
1770733110,295242414,robot_2,-2.116,-1.269
1770733110,295262577,robot_1,-0.245,2.623
1770733110,295278036,robot_3,0.406,-4.028
1770733110,497486112,robot_0,0.699,-0.525
1770733110,497534748,robot_2,-2.117,-1.270
1770733110,497555295,robot_1,-0.238,2.648
1770733110,497573231,robot_3,0.406,-4.028
1770733110,699719535,robot_0,0.725,-0.504
1770733110,699796530,robot_2,-2.117,-1.270
1770733110,699840042,robot_1,-0.227,2.672
1770733110,699876887,robot_3,0.406,-4.029
1770733110,901535738,robot_0,0.744,-0.490
1770733110,901578685,robot_2,-2.118,-1.271
1770733110,901597654,robot_1,-0.207,2.703
1770733110,901614147,robot_3,0.405,-4.029
1770733111,120884225,robot_0,0.764,-0.477
1770733111,120927959,robot_2,-2.118,-1.272
1770733111,120947959,robot_1,-0.179,2.737
1770733111,120965183,robot_3,0.405,-4.030
1770733111,321240834,robot_0,0.783,-0.465
1770733111,321282468,robot_2,-2.117,-1.273
1770733111,321301322,robot_1,-0.160,2.759
1770733111,321318131,robot_3,0.405,-4.031
1770733111,522230301,robot_0,0.803,-0.452
1770733111,522286307,robot_2,-2.117,-1.273
1770733111,522313385,robot_1,-0.160,2.759
1770733111,522335079,robot_3,0.406,-4.032
1770733111,723446426,robot_0,0.823,-0.438
1770733111,723496963,robot_2,-2.116,-1.274
1770733111,723516957,robot_1,-0.160,2.759
1770733111,723532257,robot_3,0.406,-4.032
1770733111,924624181,robot_0,0.842,-0.424
1770733111,924665337,robot_2,-2.115,-1.274
1770733111,924683901,robot_1,-0.159,2.759
1770733111,924699777,robot_3,0.407,-4.032
1770733112,126584270,robot_0,0.861,-0.410
1770733112,126628720,robot_2,-2.114,-1.274
1770733112,126648320,robot_1,-0.158,2.759
1770733112,126664754,robot_3,0.408,-4.032
1770733112,346491776,robot_0,0.873,-0.402
1770733112,346539083,robot_2,-2.114,-1.273
1770733112,346557243,robot_1,-0.157,2.759
1770733112,346578655,robot_3,0.409,-4.032
1770733112,547678117,robot_0,0.873,-0.402
1770733112,547738274,robot_2,-2.114,-1.273
1770733112,547762069,robot_1,-0.157,2.760
1770733112,547783214,robot_3,0.409,-4.031
1770733112,748807417,robot_0,0.873,-0.402
1770733112,748847434,robot_2,-2.113,-1.273
1770733112,748865145,robot_1,-0.157,2.761
1770733112,748879362,robot_3,0.410,-4.031
1770733112,950058789,robot_0,0.873,-0.402
1770733112,950099557,robot_2,-2.113,-1.272
1770733112,950117960,robot_1,-0.157,2.761
1770733112,950132873,robot_3,0.410,-4.031
1770733113,152075882,robot_0,0.873,-0.403
1770733113,152115329,robot_2,-2.113,-1.271
1770733113,152132347,robot_1,-0.157,2.762
1770733113,152146892,robot_3,0.410,-4.030
1770733113,353024326,robot_0,0.874,-0.403
1770733113,353066925,robot_2,-2.113,-1.270
1770733113,353086153,robot_1,-0.158,2.763
1770733113,353101888,robot_3,0.410,-4.030
1770733113,554394822,robot_0,0.875,-0.403
1770733113,554431596,robot_2,-2.114,-1.269
1770733113,554448712,robot_1,-0.158,2.763
1770733113,554462282,robot_3,0.409,-4.029
1770733113,758242983,robot_0,0.876,-0.403
1770733113,758318527,robot_2,-2.114,-1.269
1770733113,758362411,robot_1,-0.159,2.762
1770733113,758400030,robot_3,0.409,-4.028
1770733113,977496623,robot_0,0.876,-0.402
1770733113,977540302,robot_2,-2.115,-1.269
1770733113,977559834,robot_1,-0.171,2.723
1770733113,977575628,robot_3,0.408,-4.028
1770733114,181422152,robot_0,0.877,-0.401
1770733114,181482412,robot_2,-2.116,-1.269
1770733114,181509081,robot_1,-0.181,2.688
1770733114,181528807,robot_3,0.407,-4.028
1770733114,381585673,robot_0,0.877,-0.401
1770733114,381625340,robot_2,-2.117,-1.270
1770733114,381645501,robot_1,-0.189,2.662
1770733114,381660803,robot_3,0.407,-4.028
1770733114,586522055,robot_0,0.877,-0.400
1770733114,586592902,robot_2,-2.117,-1.270
1770733114,586622337,robot_1,-0.194,2.642
1770733114,586644595,robot_3,0.406,-4.029
1770733114,787933963,robot_0,0.872,-0.401
1770733114,787988103,robot_2,-2.118,-1.270
1770733114,788008852,robot_1,-0.197,2.618
1770733114,788024382,robot_3,0.405,-4.029
1770733115,5988864,robot_0,0.833,-0.415
1770733115,6041763,robot_2,-2.118,-1.271
1770733115,6066399,robot_1,-0.200,2.574
1770733115,6083605,robot_3,0.405,-4.030
1770733115,226073031,robot_0,0.801,-0.426
1770733115,226111006,robot_2,-2.118,-1.271
1770733115,226130534,robot_1,-0.201,2.538
1770733115,226146472,robot_3,0.405,-4.031
1770733115,426394021,robot_0,0.795,-0.429
1770733115,426433966,robot_2,-2.118,-1.272
1770733115,426451973,robot_1,-0.202,2.531
1770733115,426472988,robot_3,0.405,-4.031
1770733115,629028196,robot_0,0.795,-0.429
1770733115,629081700,robot_2,-2.117,-1.273
1770733115,629107621,robot_1,-0.202,2.531
1770733115,629129402,robot_3,0.405,-4.031
1770733115,864275149,robot_0,0.795,-0.428
1770733115,864317793,robot_2,-2.117,-1.273
1770733115,864337978,robot_1,-0.202,2.531
1770733115,864355434,robot_3,0.406,-4.031
1770733116,68536949,robot_0,0.774,-0.437
1770733116,68603848,robot_2,-2.116,-1.274
1770733116,68633745,robot_1,-0.203,2.530
1770733116,68652167,robot_3,0.406,-4.032
1770733116,288799693,robot_0,0.752,-0.447
1770733116,288907748,robot_2,-2.116,-1.274
1770733116,288957255,robot_1,-0.203,2.530
1770733116,288998062,robot_3,0.407,-4.032
1770733117,143480821,robot_0,0.752,-0.447
1770733117,143562839,robot_2,-2.115,-1.274
1770733117,143606675,robot_1,-0.203,2.530
1770733117,143643578,robot_3,0.407,-4.032
1770733117,355750234,robot_0,0.736,-0.456
1770733117,355789123,robot_2,-2.119,-1.257
1770733117,355806782,robot_1,-0.204,2.529
1770733117,355822502,robot_3,0.408,-4.032
1770733117,556408054,robot_0,0.708,-0.474
1770733117,556447735,robot_2,-2.134,-1.222
1770733117,556471371,robot_1,-0.204,2.528
1770733117,556486301,robot_3,0.409,-4.032
1770733118,266419900,robot_0,0.697,-0.482
1770733118,266537726,robot_2,-2.142,-1.208
1770733118,266588783,robot_1,-0.204,2.528
1770733118,266633098,robot_3,0.409,-4.032
1770733118,479645805,robot_0,0.692,-0.485
1770733118,479687961,robot_2,-2.162,-1.179
1770733118,479708276,robot_1,-0.175,2.533
1770733118,479725006,robot_3,0.409,-4.032
1770733118,688134673,robot_0,0.692,-0.485
1770733118,688211896,robot_2,-2.179,-1.154
1770733118,688255185,robot_1,-0.146,2.542
1770733118,688292071,robot_3,0.410,-4.031
1770733119,115049116,robot_0,0.692,-0.485
1770733119,115101309,robot_2,-2.185,-1.145
1770733119,115122481,robot_1,-0.133,2.547
1770733119,115140020,robot_3,0.410,-4.031
1770733119,334394056,robot_0,0.692,-0.485
1770733119,334438136,robot_2,-2.186,-1.145
1770733119,334459290,robot_1,-0.101,2.560
1770733119,334485223,robot_3,0.410,-4.030
1770733119,535817204,robot_0,0.692,-0.484
1770733119,535855631,robot_2,-2.186,-1.145
1770733119,535873766,robot_1,-0.082,2.569
1770733119,535890412,robot_3,0.410,-4.029
1770733119,927975908,robot_0,0.691,-0.484
1770733119,928017700,robot_2,-2.186,-1.145
1770733119,928037570,robot_1,-0.074,2.572
1770733119,928053380,robot_3,0.409,-4.029
1770733120,128572256,robot_0,0.691,-0.484
1770733120,128640292,robot_2,-2.186,-1.145
1770733120,128660560,robot_1,-0.049,2.581
1770733120,128675560,robot_3,0.409,-4.028
1770733120,329598724,robot_0,0.691,-0.484
1770733120,329642001,robot_2,-2.185,-1.144
1770733120,329661615,robot_1,-0.034,2.587
1770733120,329699350,robot_3,0.408,-4.028
1770733120,531117406,robot_0,0.691,-0.484
1770733120,531157204,robot_2,-2.185,-1.143
1770733120,531175731,robot_1,-0.034,2.586
1770733120,531191729,robot_3,0.407,-4.028
1770733120,741125920,robot_0,0.691,-0.484
1770733120,741172251,robot_2,-2.185,-1.143
1770733120,741203672,robot_1,-0.033,2.586
1770733120,741237369,robot_3,0.407,-4.028
1770733120,956568867,robot_0,0.687,-0.519
1770733120,956646413,robot_2,-2.185,-1.142
1770733120,956690264,robot_1,-0.033,2.586
1770733120,956727014,robot_3,0.410,-4.050
1770733121,177588074,robot_0,0.683,-0.558
1770733121,177672613,robot_2,-2.185,-1.141
1770733121,177717427,robot_1,-0.032,2.585
1770733121,177754650,robot_3,0.415,-4.075
1770733121,381948572,robot_0,0.677,-0.589
1770733121,382031860,robot_2,-2.186,-1.141
1770733121,382079609,robot_1,-0.031,2.585
1770733121,382121637,robot_3,0.421,-4.098
1770733121,926457370,robot_0,0.675,-0.597
1770733121,926504700,robot_2,-2.186,-1.141
1770733121,926521876,robot_1,-0.031,2.586
1770733121,926536885,robot_3,0.422,-4.105
1770733122,129653627,robot_0,0.665,-0.635
1770733122,129695281,robot_2,-2.186,-1.140
1770733122,129719414,robot_1,-0.030,2.586
1770733122,129740636,robot_3,0.431,-4.142
1770733122,346218616,robot_0,0.654,-0.678
1770733122,346255905,robot_2,-2.187,-1.140
1770733122,346275158,robot_1,-0.030,2.587
1770733122,346292495,robot_3,0.441,-4.185
1770733122,547242372,robot_0,0.643,-0.716
1770733122,547281448,robot_2,-2.188,-1.140
1770733122,547299060,robot_1,-0.029,2.587
1770733122,547312833,robot_3,0.450,-4.224
1770733122,749436321,robot_0,0.633,-0.754
1770733122,749487378,robot_2,-2.188,-1.141
1770733122,749505243,robot_1,-0.029,2.588
1770733122,749518903,robot_3,0.459,-4.263
1770733122,949770996,robot_0,0.632,-0.758
1770733122,949809960,robot_2,-2.189,-1.141
1770733122,949827550,robot_1,-0.029,2.588
1770733122,949842487,robot_3,0.461,-4.268
1770733123,169138832,robot_0,0.632,-0.758
1770733123,169180635,robot_2,-2.189,-1.142
1770733123,169199127,robot_1,-0.029,2.588
1770733123,169213561,robot_3,0.460,-4.268
1770733123,370569654,robot_0,0.631,-0.758
1770733123,370617398,robot_2,-2.190,-1.143
1770733123,370637438,robot_1,-0.030,2.589
1770733123,370654577,robot_3,0.460,-4.268
1770733123,571626111,robot_0,0.631,-0.758
1770733123,571665272,robot_2,-2.189,-1.143
1770733123,571683295,robot_1,-0.030,2.589
1770733123,571697813,robot_3,0.460,-4.269
1770733123,772970140,robot_0,0.630,-0.759
1770733123,773008921,robot_2,-2.186,-1.143
1770733123,773027114,robot_1,-0.031,2.590
1770733123,773041572,robot_3,0.459,-4.269
1770733123,974692266,robot_0,0.630,-0.759
1770733123,974732941,robot_2,-2.163,-1.132
1770733123,974752023,robot_1,-0.031,2.590
1770733123,974767052,robot_3,0.459,-4.270
1770733124,188775132,robot_0,0.630,-0.760
1770733124,188865742,robot_2,-2.140,-1.120
1770733124,188913384,robot_1,-0.032,2.590
1770733124,188952754,robot_3,0.460,-4.271
1770733124,406267758,robot_0,0.630,-0.761
1770733124,406308476,robot_2,-2.118,-1.109
1770733124,406327383,robot_1,-0.033,2.589
1770733124,406344337,robot_3,0.460,-4.272
1770733124,877480020,robot_0,0.630,-0.762
1770733124,877524188,robot_2,-2.104,-1.102
1770733124,877545533,robot_1,-0.033,2.589
1770733124,877564019,robot_3,0.461,-4.272
1770733125,96452675,robot_0,0.631,-0.762
1770733125,96497888,robot_2,-2.102,-1.101
1770733125,96515804,robot_1,-0.034,2.588
1770733125,96531102,robot_3,0.461,-4.272
1770733125,297125351,robot_0,0.631,-0.762
1770733125,297163007,robot_2,-2.102,-1.101
1770733125,297180881,robot_1,-0.034,2.588
1770733125,297195231,robot_3,0.462,-4.268
1770733125,507047469,robot_0,0.632,-0.763
1770733125,507086802,robot_2,-2.101,-1.101
1770733125,507103696,robot_1,-0.034,2.587
1770733125,507118972,robot_3,0.459,-4.228
1770733125,707559382,robot_0,0.633,-0.763
1770733125,707605159,robot_2,-2.101,-1.102
1770733125,707628384,robot_1,-0.034,2.586
1770733125,707649645,robot_3,0.453,-4.189
1770733125,908435672,robot_0,0.633,-0.762
1770733125,908476957,robot_2,-2.100,-1.102
1770733125,908494898,robot_1,-0.033,2.586
1770733125,908507859,robot_3,0.448,-4.150
1770733126,109117827,robot_0,0.634,-0.762
1770733126,109168822,robot_2,-2.099,-1.102
1770733126,109200374,robot_1,-0.032,2.586
1770733126,109218453,robot_3,0.443,-4.112
1770733126,311522032,robot_0,0.634,-0.761
1770733126,311564041,robot_2,-2.098,-1.101
1770733126,311580342,robot_1,-0.031,2.585
1770733126,311595558,robot_3,0.440,-4.079
1770733126,530952786,robot_0,0.634,-0.760
1770733126,530992165,robot_2,-2.098,-1.101
1770733126,531010018,robot_1,-0.031,2.586
1770733126,531023940,robot_3,0.438,-4.057
1770733126,732955378,robot_0,0.634,-0.759
1770733126,733007263,robot_2,-2.097,-1.100
1770733126,733029157,robot_1,-0.030,2.586
1770733126,733045432,robot_3,0.435,-4.037
1770733126,933784886,robot_0,0.634,-0.759
1770733126,933821373,robot_2,-2.097,-1.099
1770733126,933837913,robot_1,-0.030,2.587
1770733126,933851319,robot_3,0.425,-4.004
1770733127,134320905,robot_0,0.633,-0.758
1770733127,134357403,robot_2,-2.097,-1.098
1770733127,134374083,robot_1,-0.029,2.588
1770733127,134387221,robot_3,0.410,-3.972
1770733127,334778453,robot_0,0.632,-0.758
1770733127,334822157,robot_2,-2.109,-1.103
1770733127,334842817,robot_1,-0.030,2.588
1770733127,334859609,robot_3,0.388,-3.941
1770733127,544995119,robot_0,0.631,-0.758
1770733127,545030729,robot_2,-2.135,-1.114
1770733127,545048397,robot_1,-0.030,2.589
1770733127,545061248,robot_3,0.361,-3.912
1770733127,747314455,robot_0,0.631,-0.758
1770733127,747356777,robot_2,-2.161,-1.128
1770733127,747377569,robot_1,-0.030,2.589
1770733127,747395744,robot_3,0.332,-3.884
1770733127,949425613,robot_0,0.631,-0.758
1770733127,949558257,robot_2,-2.196,-1.147
1770733127,949648908,robot_1,-0.030,2.590
1770733127,949674465,robot_3,0.311,-3.864
1770733128,170436225,robot_0,0.631,-0.758
1770733128,170488487,robot_2,-2.234,-1.169
1770733128,170507864,robot_1,-0.031,2.590
1770733128,170525328,robot_3,0.287,-3.842
1770733128,370827006,robot_0,0.619,-0.731
1770733128,370887530,robot_2,-2.269,-1.189
1770733128,370908493,robot_1,-0.031,2.590
1770733128,370923770,robot_3,0.263,-3.822
1770733128,570987569,robot_0,0.590,-0.661
1770733128,571024345,robot_2,-2.304,-1.209
1770733128,571041359,robot_1,-0.032,2.590
1770733128,571054698,robot_3,0.236,-3.801
1770733128,771372959,robot_0,0.562,-0.592
1770733128,771412140,robot_2,-2.336,-1.227
1770733128,771430638,robot_1,-0.033,2.590
1770733128,771446231,robot_3,0.208,-3.781
1770733128,991749851,robot_0,0.530,-0.516
1770733128,991790489,robot_2,-2.336,-1.227
1770733128,991809125,robot_1,-0.034,2.589
1770733128,991824847,robot_3,0.172,-3.757
1770733129,192786625,robot_0,0.501,-0.447
1770733129,192822421,robot_2,-2.337,-1.227
1770733129,192839448,robot_1,-0.034,2.588
1770733129,192852524,robot_3,0.138,-3.735
1770733129,394879384,robot_0,0.496,-0.400
1770733129,394919069,robot_2,-2.337,-1.227
1770733129,394937542,robot_1,-0.034,2.587
1770733129,394951682,robot_3,0.107,-3.715
1770733129,615206636,robot_0,0.513,-0.420
1770733129,615258459,robot_2,-2.338,-1.226
1770733129,615278156,robot_1,-0.033,2.587
1770733129,615294980,robot_3,0.074,-3.694
1770733129,835820852,robot_0,0.523,-0.438
1770733129,835870475,robot_2,-2.339,-1.227
1770733129,835891480,robot_1,-0.033,2.586
1770733129,835908725,robot_3,0.041,-3.673
1770733130,36951791,robot_0,0.523,-0.441
1770733130,36990624,robot_2,-2.340,-1.227
1770733130,37008021,robot_1,-0.032,2.586
1770733130,37021174,robot_3,0.011,-3.655
1770733130,257303982,robot_0,0.523,-0.441
1770733130,257346080,robot_2,-2.340,-1.228
1770733130,257366676,robot_1,-0.031,2.587
1770733130,257382979,robot_3,-0.024,-3.638
1770733130,458287975,robot_0,0.523,-0.442
1770733130,458329066,robot_2,-2.341,-1.229
1770733130,458349235,robot_1,-0.025,2.623
1770733130,458366198,robot_3,-0.026,-3.636
1770733130,660747698,robot_0,0.527,-0.440
1770733130,660792375,robot_2,-2.340,-1.229
1770733130,660809905,robot_1,-0.018,2.661
1770733130,660828938,robot_3,-0.026,-3.636
1770733130,861576252,robot_0,0.533,-0.438
1770733130,861627232,robot_2,-2.340,-1.230
1770733130,861650799,robot_1,-0.014,2.680
1770733130,861669892,robot_3,-0.026,-3.635
1770733131,64136640,robot_0,0.533,-0.439
1770733131,64176172,robot_2,-2.340,-1.231
1770733131,64194054,robot_1,-0.014,2.680
1770733131,64209420,robot_3,-0.027,-3.635
1770733131,264349416,robot_0,0.534,-0.440
1770733131,264388701,robot_2,-2.338,-1.229
1770733131,264405446,robot_1,-0.014,2.680
1770733131,264420224,robot_3,-0.027,-3.634
1770733131,719117269,robot_0,0.534,-0.440
1770733131,719161524,robot_2,-2.324,-1.210
1770733131,719182103,robot_1,-0.013,2.680
1770733131,719199932,robot_3,-0.028,-3.634
1770733131,938985510,robot_0,0.535,-0.439
1770733131,939030969,robot_2,-2.308,-1.187
1770733131,939056022,robot_1,-0.013,2.680
1770733131,939080025,robot_3,-0.029,-3.634
1770733132,141271897,robot_0,0.536,-0.439
1770733132,141310355,robot_2,-2.295,-1.166
1770733132,141327357,robot_1,-0.012,2.680
1770733132,141341356,robot_3,-0.030,-3.634
1770733132,342175579,robot_0,0.536,-0.439
1770733132,342251960,robot_2,-2.288,-1.155
1770733132,342297209,robot_1,-0.011,2.681
1770733132,342334483,robot_3,-0.030,-3.634
1770733132,560799382,robot_0,0.536,-0.439
1770733132,560841464,robot_2,-2.288,-1.155
1770733132,560858930,robot_1,-0.011,2.682
1770733132,560872820,robot_3,-0.031,-3.635
1770733132,766331095,robot_0,0.535,-0.437
1770733132,766410148,robot_2,-2.287,-1.155
1770733132,766455119,robot_1,-0.011,2.683
1770733132,766510719,robot_3,-0.031,-3.635
1770733132,982662133,robot_0,0.530,-0.421
1770733132,982714726,robot_2,-2.286,-1.155
1770733132,982733153,robot_1,-0.011,2.683
1770733132,982750116,robot_3,-0.091,-3.616
1770733133,185269404,robot_0,0.531,-0.420
1770733133,185306639,robot_2,-2.286,-1.154
1770733133,185323368,robot_1,-0.012,2.684
1770733133,185336672,robot_3,-0.162,-3.593
1770733133,405333812,robot_0,0.534,-0.415
1770733133,405374455,robot_2,-2.285,-1.153
1770733133,405393406,robot_1,-0.034,2.666
1770733133,405413405,robot_3,-0.225,-3.572
1770733133,605794281,robot_0,0.541,-0.397
1770733133,605831469,robot_2,-2.285,-1.153
1770733133,605848330,robot_1,-0.065,2.641
1770733133,605862026,robot_3,-0.206,-3.578
1770733133,806148191,robot_0,0.545,-0.372
1770733133,806187973,robot_2,-2.285,-1.152
1770733133,806205126,robot_1,-0.095,2.615
1770733133,806221275,robot_3,-0.182,-3.586
1770733134,7555776,robot_0,0.548,-0.347
1770733134,7598379,robot_2,-2.285,-1.151
1770733134,7619781,robot_1,-0.126,2.589
1770733134,7636752,robot_3,-0.182,-3.586
1770733134,208343298,robot_0,0.550,-0.322
1770733134,208383800,robot_2,-2.286,-1.150
1770733134,208403019,robot_1,-0.156,2.563
1770733134,208418154,robot_3,-0.182,-3.586
1770733134,410463572,robot_0,0.572,-0.337
1770733134,410509658,robot_2,-2.287,-1.150
1770733134,410529383,robot_1,-0.179,2.544
1770733134,410544166,robot_3,-0.182,-3.586
1770733134,629097032,robot_0,0.628,-0.398
1770733134,629130949,robot_2,-2.288,-1.150
1770733134,629147435,robot_1,-0.202,2.522
1770733134,629160326,robot_3,-0.182,-3.586
1770733134,829877957,robot_0,0.678,-0.454
1770733134,829916694,robot_2,-2.287,-1.161
1770733134,829935019,robot_1,-0.223,2.498
1770733134,829951189,robot_3,-0.173,-3.589
1770733135,32246825,robot_0,0.729,-0.509
1770733135,32289675,robot_2,-2.284,-1.185
1770733135,32312854,robot_1,-0.246,2.470
1770733135,32331701,robot_3,-0.144,-3.599
1770733135,252234478,robot_0,0.784,-0.570
1770733135,252273510,robot_2,-2.280,-1.213
1770733135,252291742,robot_1,-0.272,2.441
1770733135,252306320,robot_3,-0.112,-3.611
1770733135,452382166,robot_0,0.835,-0.625
1770733135,452422894,robot_2,-2.276,-1.250
1770733135,452441337,robot_1,-0.301,2.416
1770733135,452456084,robot_3,-0.109,-3.612
1770733135,654385798,robot_0,0.885,-0.681
1770733135,654508273,robot_2,-2.271,-1.288
1770733135,654568302,robot_1,-0.334,2.397
1770733135,654616633,robot_3,-0.109,-3.612
1770733135,874881549,robot_0,0.932,-0.732
1770733135,874923821,robot_2,-2.266,-1.320
1770733135,874943886,robot_1,-0.352,2.388
1770733135,874959913,robot_3,-0.109,-3.613
1770733136,76183212,robot_0,0.933,-0.734
1770733136,76226774,robot_2,-2.264,-1.344
1770733136,76245531,robot_1,-0.352,2.388
1770733136,76260366,robot_3,-0.109,-3.613
1770733136,297090721,robot_0,0.929,-0.729
1770733136,297131277,robot_2,-2.264,-1.373
1770733136,297151124,robot_1,-0.352,2.388
1770733136,297166261,robot_3,-0.109,-3.614
1770733136,497142458,robot_0,0.907,-0.704
1770733136,497179107,robot_2,-2.267,-1.402
1770733136,497195485,robot_1,-0.352,2.388
1770733136,497209411,robot_3,-0.108,-3.614
1770733136,698374551,robot_0,0.886,-0.678
1770733136,698411667,robot_2,-2.272,-1.431
1770733136,698437300,robot_1,-0.353,2.389
1770733136,698456237,robot_3,-0.107,-3.615
1770733136,898928615,robot_0,0.869,-0.655
1770733136,898970334,robot_2,-2.281,-1.466
1770733136,898993884,robot_1,-0.353,2.389
1770733136,899038012,robot_3,-0.107,-3.614
1770733137,99333956,robot_0,0.853,-0.631
1770733137,99369527,robot_2,-2.290,-1.502
1770733137,99386501,robot_1,-0.354,2.389
1770733137,99399990,robot_3,-0.106,-3.614
1770733137,301717126,robot_0,0.843,-0.613
1770733137,301773348,robot_2,-2.297,-1.534
1770733137,301794891,robot_1,-0.355,2.389
1770733137,301810882,robot_3,-0.105,-3.613
1770733137,521362081,robot_0,0.843,-0.613
1770733137,521400326,robot_2,-2.301,-1.556
1770733137,521418020,robot_1,-0.356,2.389
1770733137,521431925,robot_3,-0.105,-3.613
1770733137,723322122,robot_0,0.843,-0.613
1770733137,723362397,robot_2,-2.303,-1.576
1770733137,723379094,robot_1,-0.356,2.388
1770733137,723392767,robot_3,-0.105,-3.612
1770733137,923394438,robot_0,0.843,-0.613
1770733137,923433821,robot_2,-2.308,-1.609
1770733137,923452236,robot_1,-0.357,2.387
1770733137,923474347,robot_3,-0.105,-3.612
1770733138,124053077,robot_0,0.843,-0.613
1770733138,124092316,robot_2,-2.309,-1.643
1770733138,124112331,robot_1,-0.357,2.387
1770733138,124127655,robot_3,-0.105,-3.611
1770733138,326449706,robot_0,0.849,-0.625
1770733138,326503549,robot_2,-2.307,-1.672
1770733138,326521759,robot_1,-0.346,2.387
1770733138,326535355,robot_3,-0.105,-3.611
1770733138,546792709,robot_0,0.880,-0.699
1770733138,546828702,robot_2,-2.301,-1.699
1770733138,546846554,robot_1,-0.315,2.391
1770733138,546860041,robot_3,-0.106,-3.610
1770733138,748116010,robot_0,0.910,-0.768
1770733138,748155677,robot_2,-2.294,-1.724
1770733138,748174994,robot_1,-0.285,2.396
1770733138,748189532,robot_3,-0.107,-3.610
1770733138,972318660,robot_0,0.943,-0.843
1770733138,972368066,robot_2,-2.281,-1.760
1770733138,972391026,robot_1,-0.244,2.406
1770733138,972406149,robot_3,-0.108,-3.610
1770733139,190277601,robot_0,0.975,-0.919
1770733139,190319868,robot_2,-2.269,-1.796
1770733139,190339092,robot_1,-0.204,2.419
1770733139,190354789,robot_3,-0.108,-3.610
1770733139,392210629,robot_0,0.997,-0.970
1770733139,392249691,robot_2,-2.265,-1.807
1770733139,392267642,robot_1,-0.171,2.432
1770733139,392282849,robot_3,-0.109,-3.611
1770733139,610758732,robot_0,0.997,-0.971
1770733139,610796720,robot_2,-2.265,-1.807
1770733139,610813781,robot_1,-0.135,2.447
1770733139,610829366,robot_3,-0.109,-3.612
1770733139,811035251,robot_0,0.997,-0.971
1770733139,811069181,robot_2,-2.265,-1.807
1770733139,811084286,robot_1,-0.104,2.457
1770733139,811098069,robot_3,-0.109,-3.613
1770733140,15081354,robot_0,0.997,-0.971
1770733140,15118246,robot_2,-2.266,-1.807
1770733140,15136166,robot_1,-0.075,2.463
1770733140,15149927,robot_3,-0.109,-3.613
1770733140,234437846,robot_0,0.998,-0.971
1770733140,234534176,robot_2,-2.266,-1.808
1770733140,234589434,robot_1,-0.042,2.467
1770733140,234608654,robot_3,-0.109,-3.614
1770733140,435840990,robot_0,1.018,-1.019
1770733140,435912216,robot_2,-2.267,-1.809
1770733140,435927476,robot_1,-0.002,2.467
1770733140,435942998,robot_3,-0.109,-3.614
1770733140,654318846,robot_0,1.051,-1.095
1770733140,654356407,robot_2,-2.267,-1.809
1770733140,654373298,robot_1,0.042,2.467
1770733140,654387254,robot_3,-0.109,-3.614
1770733140,860015155,robot_0,1.077,-1.156
1770733140,860053517,robot_2,-2.267,-1.810
1770733140,860070881,robot_1,0.076,2.467
1770733140,860086027,robot_3,-0.096,-3.605
1770733141,78388751,robot_0,1.071,-1.141
1770733141,78430045,robot_2,-2.266,-1.811
1770733141,78448258,robot_1,0.110,2.469
1770733141,78471235,robot_3,-0.064,-3.581
1770733141,279831037,robot_0,1.060,-1.114
1770733141,279879614,robot_2,-2.266,-1.812
1770733141,279902795,robot_1,0.142,2.473
1770733141,279923537,robot_3,-0.037,-3.560
1770733141,499136008,robot_0,1.080,-1.163
1770733141,499178899,robot_2,-2.265,-1.812
1770733141,499198558,robot_1,0.186,2.481
1770733141,499214695,robot_3,-0.036,-3.560
1770733141,700331201,robot_0,1.108,-1.232
1770733141,700366018,robot_2,-2.264,-1.812
1770733141,700384023,robot_1,0.225,2.489
1770733141,700399476,robot_3,-0.036,-3.560
1770733141,901880328,robot_0,1.128,-1.280
1770733141,901922469,robot_2,-2.263,-1.784
1770733141,901941401,robot_1,0.236,2.491
1770733141,901957352,robot_3,-0.035,-3.560
1770733142,105313329,robot_0,1.117,-1.254
1770733142,105392328,robot_2,-2.261,-1.744
1770733142,105435595,robot_1,0.236,2.491
1770733142,105483999,robot_3,-0.034,-3.560
1770733142,307169341,robot_0,1.104,-1.222
1770733142,307219562,robot_2,-2.260,-1.710
1770733142,307237706,robot_1,0.236,2.490
1770733142,307253054,robot_3,-0.034,-3.560
1770733142,523293620,robot_0,1.094,-1.195
1770733142,523329372,robot_2,-2.259,-1.685
1770733142,523346724,robot_1,0.237,2.490
1770733142,523362182,robot_3,-0.033,-3.559
1770733142,724831539,robot_0,1.088,-1.171
1770733142,724869510,robot_2,-2.260,-1.663
1770733142,724886490,robot_1,0.237,2.489
1770733142,724902676,robot_3,-0.033,-3.559
1770733142,926338508,robot_0,1.086,-1.144
1770733142,926378746,robot_2,-2.262,-1.626
1770733142,926397218,robot_1,0.238,2.489
1770733142,926416035,robot_3,-0.032,-3.558
1770733143,126854202,robot_0,1.086,-1.117
1770733143,126891078,robot_2,-2.265,-1.590
1770733143,126908308,robot_1,0.239,2.490
1770733143,126922398,robot_3,-0.033,-3.557
1770733143,347375018,robot_0,1.086,-1.080
1770733143,347425971,robot_2,-2.267,-1.556
1770733143,347445383,robot_1,0.240,2.490
1770733143,347463607,robot_3,-0.033,-3.556
1770733143,548172515,robot_0,1.084,-1.040
1770733143,548209896,robot_2,-2.269,-1.530
1770733143,548225217,robot_1,0.240,2.491
1770733143,548238214,robot_3,-0.034,-3.556
1770733143,749869131,robot_0,1.082,-1.001
1770733143,749905718,robot_2,-2.275,-1.503
1770733143,749922008,robot_1,0.240,2.492
1770733143,749936718,robot_3,-0.034,-3.556
1770733143,950249567,robot_0,1.080,-0.967
1770733143,950285049,robot_2,-2.287,-1.465
1770733143,950301516,robot_1,0.240,2.493
1770733143,950314374,robot_3,-0.043,-3.579
1770733144,170127628,robot_0,1.076,-0.931
1770733144,170163963,robot_2,-2.303,-1.424
1770733144,170181112,robot_1,0.240,2.493
1770733144,170195501,robot_3,-0.054,-3.607
1770733144,371299364,robot_0,1.071,-0.893
1770733144,371336802,robot_2,-2.309,-1.408
1770733144,371353162,robot_1,0.229,2.486
1770733144,371366360,robot_3,-0.060,-3.619
1770733144,593436408,robot_0,1.063,-0.850
1770733144,593523420,robot_2,-2.309,-1.408
1770733144,593568104,robot_1,0.211,2.472
1770733144,593603965,robot_3,-0.059,-3.619
1770733144,813516569,robot_0,1.056,-0.806
1770733144,813559360,robot_2,-2.309,-1.407
1770733144,813578453,robot_1,0.191,2.458
1770733144,813594805,robot_3,-0.059,-3.619
1770733145,13519441,robot_0,1.050,-0.767
1770733145,13556892,robot_2,-2.308,-1.407
1770733145,13572608,robot_1,0.170,2.446
1770733145,13585290,robot_3,-0.060,-3.619
1770733145,216534859,robot_0,1.043,-0.727
1770733145,216600657,robot_2,-2.308,-1.406
1770733145,216618453,robot_1,0.148,2.435
1770733145,216633083,robot_3,-0.060,-3.619
1770733145,434958627,robot_0,1.036,-0.684
1770733145,434994082,robot_2,-2.308,-1.405
1770733145,435008922,robot_1,0.108,2.422
1770733145,435021900,robot_3,-0.060,-3.619
1770733145,636666325,robot_0,1.029,-0.644
1770733145,636702696,robot_2,-2.309,-1.404
1770733145,636717914,robot_1,0.070,2.411
1770733145,636730982,robot_3,-0.060,-3.619
1770733145,837771346,robot_0,1.023,-0.606
1770733145,837811999,robot_2,-2.309,-1.404
1770733145,837829412,robot_1,0.037,2.401
1770733145,837844447,robot_3,-0.062,-3.630
1770733146,40853277,robot_0,1.018,-0.567
1770733146,40893829,robot_2,-2.310,-1.403
1770733146,40913594,robot_1,0.008,2.393
1770733146,40930268,robot_3,-0.067,-3.666
1770733146,259679874,robot_0,1.019,-0.526
1770733146,259723505,robot_2,-2.311,-1.403
1770733146,259744508,robot_1,-0.025,2.384
1770733146,259762742,robot_3,-0.074,-3.705
1770733146,483060820,robot_0,1.025,-0.491
1770733146,483101339,robot_2,-2.312,-1.404
1770733146,483119247,robot_1,-0.068,2.373
1770733146,483134249,robot_3,-0.074,-3.708
1770733146,701310118,robot_0,1.036,-0.458
1770733146,701350389,robot_2,-2.312,-1.404
1770733146,701370569,robot_1,-0.110,2.363
1770733146,701387563,robot_3,-0.074,-3.708
1770733146,901369413,robot_0,1.048,-0.432
1770733146,901409980,robot_2,-2.292,-1.424
1770733146,901434221,robot_1,-0.121,2.360
1770733146,901453691,robot_3,-0.078,-3.732
1770733147,103216265,robot_0,1.062,-0.408
1770733147,103252816,robot_2,-2.263,-1.452
1770733147,103267914,robot_1,-0.121,2.360
1770733147,103281547,robot_3,-0.085,-3.771
1770733147,304707557,robot_0,1.079,-0.386
1770733147,304756042,robot_2,-2.234,-1.479
1770733147,304779355,robot_1,-0.121,2.360
1770733147,304799929,robot_3,-0.091,-3.811
1770733147,524756251,robot_0,1.099,-0.364
1770733147,524794720,robot_2,-2.202,-1.509
1770733147,524811768,robot_1,-0.122,2.361
1770733147,524827022,robot_3,-0.098,-3.854
1770733147,725454026,robot_0,1.117,-0.344
1770733147,725495284,robot_2,-2.173,-1.537
1770733147,725511070,robot_1,-0.123,2.361
1770733147,725524167,robot_3,-0.102,-3.894
1770733147,925807039,robot_0,1.140,-0.313
1770733147,925845507,robot_2,-2.146,-1.563
1770733147,925864131,robot_1,-0.124,2.361
1770733147,925876640,robot_3,-0.106,-3.933
1770733148,126214877,robot_0,1.162,-0.279
1770733148,126249434,robot_2,-2.121,-1.590
1770733148,126266309,robot_1,-0.124,2.361
1770733148,126279494,robot_3,-0.110,-3.972
1770733148,329194667,robot_0,1.183,-0.245
1770733148,329229844,robot_2,-2.105,-1.607
1770733148,329245435,robot_1,-0.125,2.360
1770733148,329258725,robot_3,-0.117,-4.011
1770733148,547591965,robot_0,1.206,-0.208
1770733148,547630701,robot_2,-2.105,-1.607
1770733148,547646256,robot_1,-0.125,2.359
1770733148,547659787,robot_3,-0.125,-4.054
1770733148,749106256,robot_0,1.227,-0.174
1770733148,749149776,robot_2,-2.106,-1.607
1770733148,749170381,robot_1,-0.125,2.359
1770733148,749186339,robot_3,-0.133,-4.093
1770733148,950235983,robot_0,1.245,-0.145
1770733148,950273600,robot_2,-2.106,-1.608
1770733148,950290977,robot_1,-0.125,2.358
1770733148,950304654,robot_3,-0.138,-4.119
1770733149,170623933,robot_0,1.261,-0.111
1770733149,170660630,robot_2,-2.106,-1.609
1770733149,170678116,robot_1,-0.125,2.357
1770733149,170692610,robot_3,-0.141,-4.147
1770733149,372787090,robot_0,1.270,-0.087
1770733149,372826268,robot_2,-2.106,-1.610
1770733149,372845204,robot_1,-0.112,2.367
1770733149,372860447,robot_3,-0.142,-4.159
1770733149,592749585,robot_0,1.276,-0.064
1770733149,592792198,robot_2,-2.106,-1.610
1770733149,592812915,robot_1,-0.092,2.386
1770733149,592829406,robot_3,-0.142,-4.159
1770733149,793416672,robot_0,1.284,-0.039
1770733149,793452080,robot_2,-2.105,-1.611
1770733149,793476222,robot_1,-0.073,2.408
1770733149,793490024,robot_3,-0.143,-4.159
1770733149,994205375,robot_0,1.297,-0.006
1770733149,994258498,robot_2,-2.104,-1.611
1770733149,994279269,robot_1,-0.049,2.440
1770733149,994295385,robot_3,-0.143,-4.160
1770733150,196718100,robot_0,1.315,0.025
1770733150,196767571,robot_2,-2.103,-1.611
1770733150,196787983,robot_1,-0.026,2.473
1770733150,196804005,robot_3,-0.143,-4.161
1770733150,398532717,robot_0,1.322,0.034
1770733150,398570229,robot_2,-2.102,-1.611
1770733150,398585966,robot_1,-0.006,2.499
1770733150,398598521,robot_3,-0.143,-4.162
1770733150,598682217,robot_0,1.321,0.035
1770733150,598719867,robot_2,-2.102,-1.611
1770733150,598736235,robot_1,0.013,2.523
1770733150,598750471,robot_3,-0.143,-4.162
1770733150,817246746,robot_0,1.322,0.035
1770733150,817285390,robot_2,-2.111,-1.602
1770733150,817302418,robot_1,0.034,2.546
1770733150,817315829,robot_3,-0.142,-4.163
1770733151,19377317,robot_0,1.322,0.034
1770733151,19419618,robot_2,-2.141,-1.576
1770733151,19437833,robot_1,0.050,2.563
1770733151,19453300,robot_3,-0.141,-4.163
1770733151,220187518,robot_0,1.322,0.034
1770733151,220229906,robot_2,-2.171,-1.550
1770733151,220250311,robot_1,0.066,2.579
1770733151,220263544,robot_3,-0.141,-4.163
1770733151,425019776,robot_0,1.323,0.034
1770733151,425075096,robot_2,-2.191,-1.533
1770733151,425104706,robot_1,0.086,2.601
1770733151,425124590,robot_3,-0.140,-4.163
1770733151,641102232,robot_0,1.324,0.034
1770733151,641138951,robot_2,-2.212,-1.517
1770733151,641154533,robot_1,0.107,2.626
1770733151,641168548,robot_3,-0.139,-4.162
1770733151,841629727,robot_0,1.324,0.035
1770733151,841668893,robot_2,-2.240,-1.500
1770733151,841688183,robot_1,0.125,2.657
1770733151,841703830,robot_3,-0.149,-4.154
1770733152,42319757,robot_0,1.324,0.036
1770733152,42361277,robot_2,-2.275,-1.480
1770733152,42380414,robot_1,0.142,2.693
1770733152,42398334,robot_3,-0.180,-4.129
1770733152,245648796,robot_0,1.324,0.036
1770733152,245700353,robot_2,-2.309,-1.461
1770733152,245724232,robot_1,0.158,2.729
1770733152,245744223,robot_3,-0.212,-4.105
1770733152,465586436,robot_0,1.324,0.037
1770733152,465627058,robot_2,-2.313,-1.459
1770733152,465646293,robot_1,0.171,2.763
1770733152,465660957,robot_3,-0.216,-4.102
1770733152,668145547,robot_0,1.324,0.037
1770733152,668220277,robot_2,-2.313,-1.458
1770733152,668261850,robot_1,0.181,2.794
1770733152,668297534,robot_3,-0.216,-4.102
1770733152,873144561,robot_0,1.312,0.030
1770733152,873228442,robot_2,-2.313,-1.458
1770733152,873274842,robot_1,0.187,2.820
1770733152,873314035,robot_3,-0.216,-4.102
1770733153,89018372,robot_0,1.291,0.014
1770733153,89059286,robot_2,-2.313,-1.457
1770733153,89077054,robot_1,0.189,2.845
1770733153,89091298,robot_3,-0.216,-4.102
1770733153,311639564,robot_0,1.264,-0.002
1770733153,311677566,robot_2,-2.314,-1.456
1770733153,311695405,robot_1,0.188,2.864
1770733153,311710699,robot_3,-0.220,-4.097
1770733153,529687001,robot_0,1.224,-0.021
1770733153,529732587,robot_2,-2.314,-1.456
1770733153,529754227,robot_1,0.189,2.864
1770733153,529771701,robot_3,-0.232,-4.069
1770733153,730792511,robot_0,1.187,-0.036
1770733153,730829502,robot_2,-2.315,-1.456
1770733153,730845828,robot_1,0.189,2.864
1770733153,730860142,robot_3,-0.242,-4.043
1770733153,931814618,robot_0,1.153,-0.050
1770733153,931852687,robot_2,-2.316,-1.456
1770733153,931869790,robot_1,0.190,2.865
1770733153,931883315,robot_3,-0.243,-4.038
1770733154,132865143,robot_0,1.119,-0.061
1770733154,132903747,robot_2,-2.317,-1.456
1770733154,132922064,robot_1,0.190,2.866
1770733154,132937828,robot_3,-0.244,-4.038
1770733154,333315234,robot_0,1.081,-0.069
1770733154,333353697,robot_2,-2.317,-1.457
1770733154,333373142,robot_1,0.190,2.866
1770733154,333388468,robot_3,-0.244,-4.029
1770733154,537199369,robot_0,1.042,-0.076
1770733154,537282210,robot_2,-2.318,-1.458
1770733154,537327756,robot_1,0.190,2.867
1770733154,537367377,robot_3,-0.242,-4.003
1770733154,755959471,robot_0,0.999,-0.082
1770733154,756003366,robot_2,-2.318,-1.458
1770733154,756024285,robot_1,0.189,2.868
1770733154,756041868,robot_3,-0.235,-3.974
1770733154,961088190,robot_0,0.974,-0.086
1770733154,961127695,robot_2,-2.318,-1.458
1770733154,961147360,robot_1,0.188,2.868
1770733154,961162942,robot_3,-0.225,-3.952
1770733155,181310635,robot_0,0.943,-0.087
1770733155,181346035,robot_2,-2.318,-1.459
1770733155,181363055,robot_1,0.187,2.868
1770733155,181376687,robot_3,-0.209,-3.927
1770733155,555895032,robot_0,0.924,-0.086
1770733155,555935940,robot_2,-2.317,-1.459
1770733155,555955283,robot_1,0.187,2.868
1770733155,555971007,robot_3,-0.193,-3.909
1770733155,756438731,robot_0,0.903,-0.082
1770733155,756488600,robot_2,-2.317,-1.460
1770733155,756508335,robot_1,0.187,2.866
1770733155,756523444,robot_3,-0.170,-3.888
1770733155,956755901,robot_0,0.903,-0.082
1770733155,956792307,robot_2,-2.316,-1.460
1770733155,956808397,robot_1,0.211,2.838
1770733155,956822273,robot_3,-0.168,-3.886
1770733156,159064515,robot_0,0.903,-0.081
1770733156,159100248,robot_2,-2.315,-1.460
1770733156,159115707,robot_1,0.240,2.811
1770733156,159129099,robot_3,-0.168,-3.886
1770733156,382827207,robot_0,0.903,-0.081
1770733156,382868139,robot_2,-2.314,-1.460
1770733156,382887953,robot_1,0.272,2.781
1770733156,382903833,robot_3,-0.156,-3.880
1770733156,598415032,robot_0,0.903,-0.081
1770733156,598457081,robot_2,-2.313,-1.459
1770733156,598483608,robot_1,0.302,2.750
1770733156,598497486,robot_3,-0.132,-3.868
1770733156,803422365,robot_0,0.903,-0.081
1770733156,803508485,robot_2,-2.313,-1.459
1770733156,803552481,robot_1,0.326,2.719
1770733156,803589432,robot_3,-0.109,-3.854
1770733157,20720579,robot_0,0.903,-0.081
1770733157,20758211,robot_2,-2.313,-1.458
1770733157,20776234,robot_1,0.348,2.684
1770733157,20791691,robot_3,-0.077,-3.832
1770733157,221435283,robot_0,0.903,-0.080
1770733157,221489343,robot_2,-2.313,-1.457
1770733157,221510837,robot_1,0.368,2.651
1770733157,221524102,robot_3,-0.048,-3.812
1770733157,422486535,robot_0,0.903,-0.080
1770733157,422527554,robot_2,-2.313,-1.457
1770733157,422548411,robot_1,0.384,2.624
1770733157,422700995,robot_3,-0.014,-3.792
1770733157,622909287,robot_0,0.903,-0.080
1770733157,622948122,robot_2,-2.313,-1.457
1770733157,622966291,robot_1,0.399,2.596
1770733157,622980675,robot_3,0.022,-3.774
1770733157,824495895,robot_0,0.903,-0.080
1770733157,824536670,robot_2,-2.314,-1.456
1770733157,824555475,robot_1,0.410,2.565
1770733157,824572794,robot_3,0.057,-3.756
1770733158,24569130,robot_0,0.903,-0.080
1770733158,24603631,robot_2,-2.314,-1.456
1770733158,24619830,robot_1,0.418,2.532
1770733158,24632776,robot_3,0.093,-3.738
1770733158,225172435,robot_0,0.903,-0.080
1770733158,225218217,robot_2,-2.315,-1.455
1770733158,225238708,robot_1,0.421,2.499
1770733158,225255801,robot_3,0.129,-3.720
1770733158,426339893,robot_0,0.883,-0.101
1770733158,426376827,robot_2,-2.316,-1.456
1770733158,426393159,robot_1,0.420,2.477
1770733158,426406593,robot_3,0.150,-3.709
1770733158,647250113,robot_0,0.856,-0.131
1770733158,647292935,robot_2,-2.317,-1.456
1770733158,647314844,robot_1,0.418,2.454
1770733158,647332310,robot_3,0.171,-3.701
1770733158,847479059,robot_0,0.835,-0.152
1770733158,847518506,robot_2,-2.317,-1.457
1770733158,847537958,robot_1,0.417,2.429
1770733158,847553825,robot_3,0.199,-3.694
1770733159,47749251,robot_0,0.814,-0.168
1770733159,47784091,robot_2,-2.318,-1.458
1770733159,47799711,robot_1,0.417,2.403
1770733159,47812004,robot_3,0.234,-3.689
1770733159,249143925,robot_0,0.792,-0.181
1770733159,249185022,robot_2,-2.318,-1.459
1770733159,249203462,robot_1,0.418,2.376
1770733159,249219256,robot_3,0.269,-3.684
1770733159,451030105,robot_0,0.792,-0.182
1770733159,451101775,robot_2,-2.317,-1.459
1770733159,451142009,robot_1,0.417,2.337
1770733159,451176185,robot_3,0.298,-3.680
1770733159,673230805,robot_0,0.792,-0.182
1770733159,673268810,robot_2,-2.317,-1.460
1770733159,673285699,robot_1,0.413,2.295
1770733159,673298805,robot_3,0.329,-3.676
1770733159,873325601,robot_0,0.792,-0.182
1770733159,873361037,robot_2,-2.316,-1.460
1770733159,873376678,robot_1,0.406,2.268
1770733159,873389314,robot_3,0.344,-3.675
1770733160,93315655,robot_0,0.792,-0.182
1770733160,93356672,robot_2,-2.316,-1.460
1770733160,93375785,robot_1,0.397,2.246
1770733160,93391200,robot_3,0.344,-3.675
1770733160,312964236,robot_0,0.785,-0.185
1770733160,313002960,robot_2,-2.315,-1.461
1770733160,313021126,robot_1,0.385,2.218
1770733160,313035338,robot_3,0.344,-3.675
1770733160,514091642,robot_0,0.764,-0.192
1770733160,514126709,robot_2,-2.314,-1.460
1770733160,514143389,robot_1,0.369,2.181
1770733160,514157394,robot_3,0.344,-3.676
1770733160,715223713,robot_0,0.742,-0.197
1770733160,715258743,robot_2,-2.314,-1.460
1770733160,715275231,robot_1,0.353,2.144
1770733160,715288021,robot_3,0.344,-3.676
1770733160,915232312,robot_0,0.739,-0.198
1770733160,915265940,robot_2,-2.313,-1.459
1770733160,915284556,robot_1,0.343,2.122
1770733160,915298444,robot_3,0.345,-3.677
1770733161,118012383,robot_0,0.739,-0.198
1770733161,118051143,robot_2,-2.313,-1.458
1770733161,118068562,robot_1,0.335,2.101
1770733161,118082799,robot_3,0.346,-3.677
1770733161,319358894,robot_0,0.739,-0.198
1770733161,319432247,robot_2,-2.313,-1.458
1770733161,319488769,robot_1,0.331,2.088
1770733161,319526804,robot_3,0.347,-3.676
1770733161,521764931,robot_0,0.739,-0.198
1770733161,521838648,robot_2,-2.313,-1.457
1770733161,521883069,robot_1,0.331,2.088
1770733161,521920312,robot_3,0.347,-3.676
1770733161,721728126,robot_0,0.739,-0.198
1770733161,721769167,robot_2,-2.314,-1.456
1770733161,721787429,robot_1,0.330,2.088
1770733161,721801490,robot_3,0.348,-3.675
1770733161,922837868,robot_0,0.717,-0.200
1770733161,922893017,robot_2,-2.314,-1.456
1770733161,922928127,robot_1,0.330,2.087
1770733161,922958407,robot_3,0.348,-3.674
1770733162,142438238,robot_0,0.691,-0.202
1770733162,142493120,robot_2,-2.315,-1.456
1770733162,142513278,robot_1,0.329,2.087
1770733162,142529944,robot_3,0.348,-3.674
1770733162,344408466,robot_0,0.686,-0.202
1770733162,344513827,robot_2,-2.317,-1.470
1770733162,344543153,robot_1,0.329,2.086
1770733162,344562921,robot_3,0.336,-3.676
1770733162,565397731,robot_0,0.761,-0.193
1770733162,565438814,robot_2,-2.319,-1.505
1770733162,565457403,robot_1,0.329,2.085
1770733162,565485644,robot_3,0.293,-3.687
1770733162,766610530,robot_0,0.836,-0.185
1770733162,766652863,robot_2,-2.323,-1.539
1770733162,766671246,robot_1,0.329,2.084
1770733162,766686210,robot_3,0.256,-3.697
1770733162,985763332,robot_0,0.857,-0.183
1770733162,985799039,robot_2,-2.334,-1.581
1770733162,985815422,robot_1,0.330,2.084
1770733162,985829471,robot_3,0.221,-3.706
1770733163,186311653,robot_0,0.831,-0.190
1770733163,186353712,robot_2,-2.348,-1.618
1770733163,186373250,robot_1,0.331,2.083
1770733163,186389284,robot_3,0.190,-3.714
1770733163,389695464,robot_0,0.824,-0.192
1770733163,389738974,robot_2,-2.360,-1.643
1770733163,389758826,robot_1,0.331,2.083
1770733163,389774969,robot_3,0.153,-3.721
1770733163,608397047,robot_0,0.823,-0.192
1770733163,608434572,robot_2,-2.375,-1.668
1770733163,608451289,robot_1,0.332,2.083
1770733163,608471284,robot_3,0.110,-3.730
1770733163,808652036,robot_0,0.816,-0.196
1770733163,808687383,robot_2,-2.385,-1.682
1770733163,808703445,robot_1,0.332,2.084
1770733163,808716680,robot_3,0.077,-3.737
1770733164,9563491,robot_0,0.795,-0.211
1770733164,9608900,robot_2,-2.384,-1.682
1770733164,9627653,robot_1,0.333,2.084
1770733164,9646877,robot_3,0.077,-3.737
1770733164,211313789,robot_0,0.775,-0.227
1770733164,211362565,robot_2,-2.385,-1.682
1770733164,211380561,robot_1,0.333,2.084
1770733164,211396890,robot_3,0.077,-3.737
1770733164,412226033,robot_0,0.771,-0.230
1770733164,412265734,robot_2,-2.385,-1.682
1770733164,412285242,robot_1,0.333,2.085
1770733164,412300049,robot_3,0.077,-3.736
1770733164,613405360,robot_0,0.771,-0.230
1770733164,613443128,robot_2,-2.386,-1.682
1770733164,613460011,robot_1,0.334,2.086
1770733164,613478368,robot_3,0.076,-3.736
1770733164,815671931,robot_0,0.771,-0.230
1770733164,815747762,robot_2,-2.387,-1.682
1770733164,815791042,robot_1,0.333,2.086
1770733164,815827338,robot_3,0.075,-3.736
1770733165,35506787,robot_0,0.771,-0.230
1770733165,35546442,robot_2,-2.387,-1.682
1770733165,35604043,robot_1,0.333,2.087
1770733165,35648000,robot_3,0.075,-3.736
1770733165,255849265,robot_0,0.769,-0.231
1770733165,255889505,robot_2,-2.388,-1.683
1770733165,255908429,robot_1,0.332,2.088
1770733165,255924024,robot_3,0.074,-3.736
1770733165,475176989,robot_0,0.754,-0.250
1770733165,475210738,robot_2,-2.388,-1.684
1770733165,475226264,robot_1,0.331,2.088
1770733165,475238915,robot_3,0.073,-3.737
1770733165,676108253,robot_0,0.740,-0.267
1770733165,676143618,robot_2,-2.388,-1.685
1770733165,676159967,robot_1,0.330,2.087
1770733165,676173204,robot_3,0.073,-3.738
1770733165,876955392,robot_0,0.722,-0.290
1770733165,876988487,robot_2,-2.387,-1.686
1770733165,877003903,robot_1,0.330,2.087
1770733165,877015670,robot_3,0.073,-3.739
1770733166,78883730,robot_0,0.704,-0.315
1770733166,78925447,robot_2,-2.387,-1.686
1770733166,78944837,robot_1,0.329,2.086
1770733166,78960483,robot_3,0.073,-3.739
1770733166,281338828,robot_0,0.690,-0.337
1770733166,281383734,robot_2,-2.384,-1.683
1770733166,281400483,robot_1,0.329,2.086
1770733166,281413962,robot_3,0.074,-3.740
1770733166,503613220,robot_0,0.718,-0.289
1770733166,503649600,robot_2,-2.372,-1.662
1770733166,503665472,robot_1,0.329,2.086
1770733166,503679292,robot_3,0.074,-3.740
1770733166,721166589,robot_0,0.759,-0.217
1770733166,721201789,robot_2,-2.360,-1.641
1770733166,721218838,robot_1,0.329,2.085
1770733166,721232899,robot_3,0.074,-3.740
1770733166,921512161,robot_0,0.796,-0.152
1770733166,921546595,robot_2,-2.359,-1.639
1770733166,921563346,robot_1,0.329,2.085
1770733166,921576428,robot_3,0.074,-3.740
1770733167,124971343,robot_0,0.834,-0.087
1770733167,125015843,robot_2,-2.359,-1.640
1770733167,125036139,robot_1,0.329,2.084
1770733167,125053763,robot_3,0.074,-3.740
1770733167,346612585,robot_0,0.872,-0.022
1770733167,346691560,robot_2,-2.358,-1.640
1770733167,346737059,robot_1,0.330,2.083
1770733167,346773434,robot_3,0.080,-3.730
1770733167,566481385,robot_0,0.867,-0.030
1770733167,566523183,robot_2,-2.357,-1.639
1770733167,566540839,robot_1,0.331,2.083
1770733167,566555404,robot_3,0.097,-3.696
1770733167,788519276,robot_0,0.854,-0.052
1770733167,788598455,robot_2,-2.356,-1.639
1770733167,788644254,robot_1,0.332,2.083
1770733167,788680739,robot_3,0.113,-3.659
1770733168,6331913,robot_0,0.854,-0.052
1770733168,6368742,robot_2,-2.356,-1.638
1770733168,6387426,robot_1,0.333,2.084
1770733168,6402673,robot_3,0.129,-3.618
1770733168,208226601,robot_0,0.854,-0.052
1770733168,208265015,robot_2,-2.356,-1.637
1770733168,208281477,robot_1,0.333,2.084
1770733168,208295593,robot_3,0.143,-3.580
1770733168,408358450,robot_0,0.854,-0.052
1770733168,408397094,robot_2,-2.356,-1.636
1770733168,408415615,robot_1,0.333,2.085
1770733168,408430149,robot_3,0.155,-3.547
1770733168,609568665,robot_0,0.853,-0.053
1770733168,609613906,robot_2,-2.356,-1.636
1770733168,609637056,robot_1,0.333,2.086
1770733168,609656033,robot_3,0.165,-3.513
1770733168,812776662,robot_0,0.852,-0.053
1770733168,812832241,robot_2,-2.357,-1.635
1770733168,812860324,robot_1,0.325,2.085
1770733168,812883397,robot_3,0.172,-3.477
1770733169,31083015,robot_0,0.852,-0.054
1770733169,31120918,robot_2,-2.358,-1.635
1770733169,31138149,robot_1,0.282,2.076
1770733169,31151502,robot_3,0.176,-3.434
1770733169,235873776,robot_0,0.852,-0.054
1770733169,235914046,robot_2,-2.358,-1.635
1770733169,235934127,robot_1,0.243,2.068
1770733169,235950295,robot_3,0.179,-3.394
1770733169,453459391,robot_0,0.852,-0.055
1770733169,453510250,robot_2,-2.361,-1.665
1770733169,453533037,robot_1,0.205,2.061
1770733169,453548214,robot_3,0.183,-3.350
1770733169,653772117,robot_0,0.853,-0.056
1770733169,653810592,robot_2,-2.364,-1.695
1770733169,653826250,robot_1,0.170,2.058
1770733169,653842209,robot_3,0.186,-3.310
1770733169,854634065,robot_0,0.853,-0.056
1770733169,854675703,robot_2,-2.368,-1.722
1770733169,854702496,robot_1,0.131,2.059
1770733169,854727160,robot_3,0.189,-3.270
1770733170,55697095,robot_0,0.854,-0.056
1770733170,55739618,robot_2,-2.375,-1.747
1770733170,55761542,robot_1,0.092,2.064
1770733170,55781753,robot_3,0.192,-3.230
1770733170,259217035,robot_0,0.854,-0.054
1770733170,259267350,robot_2,-2.385,-1.771
1770733170,259293739,robot_1,0.054,2.070
1770733170,259314809,robot_3,0.195,-3.190
1770733170,479586692,robot_0,0.856,-0.012
1770733170,479628245,robot_2,-2.400,-1.795
1770733170,479646454,robot_1,0.051,2.070
1770733170,479661401,robot_3,0.199,-3.146
1770733170,680867215,robot_0,0.857,0.028
1770733170,680938152,robot_2,-2.415,-1.816
1770733170,680956935,robot_1,0.051,2.071
1770733170,680974187,robot_3,0.202,-3.107
1770733170,880978109,robot_0,0.859,0.064
1770733170,881014851,robot_2,-2.419,-1.823
1770733170,881032294,robot_1,0.051,2.071
1770733170,881046182,robot_3,0.205,-3.075
1770733171,83657844,robot_0,0.862,0.100
1770733171,83696485,robot_2,-2.420,-1.822
1770733171,83714407,robot_1,0.050,2.072
1770733171,83727902,robot_3,0.206,-3.049
1770733171,284098206,robot_0,0.869,0.133
1770733171,284134983,robot_2,-2.421,-1.822
1770733171,284153489,robot_1,0.050,2.072
1770733171,284168025,robot_3,0.208,-3.021
1770733171,485430765,robot_0,0.878,0.162
1770733171,485540415,robot_2,-2.421,-1.823
1770733171,485587313,robot_1,0.049,2.072
1770733171,485625520,robot_3,0.210,-2.988
1770733171,685749113,robot_0,0.888,0.191
1770733171,685794055,robot_2,-2.422,-1.823
1770733171,685814186,robot_1,0.048,2.072
1770733171,685830369,robot_3,0.208,-2.955
1770733171,886306236,robot_0,0.900,0.227
1770733171,886346364,robot_2,-2.422,-1.824
1770733171,886365454,robot_1,0.048,2.072
1770733171,886381913,robot_3,0.204,-2.930
1770733172,87238044,robot_0,0.912,0.266
1770733172,87281542,robot_2,-2.423,-1.825
1770733172,87301122,robot_1,0.047,2.071
1770733172,87319504,robot_3,0.198,-2.909
1770733172,398065541,robot_0,0.914,0.273
1770733172,398107807,robot_2,-2.423,-1.825
1770733172,398127354,robot_1,0.047,2.071
1770733172,398144970,robot_3,0.196,-2.905
1770733172,616577721,robot_0,0.926,0.311
1770733172,616618362,robot_2,-2.422,-1.826
1770733172,616638475,robot_1,0.047,2.070
1770733172,616654729,robot_3,0.196,-2.903
1770733172,818098912,robot_0,0.938,0.340
1770733172,818145878,robot_2,-2.422,-1.827
1770733172,818169823,robot_1,0.057,2.070
1770733172,818189250,robot_3,0.196,-2.902
1770733173,39414143,robot_0,0.949,0.360
1770733173,39452737,robot_2,-2.421,-1.827
1770733173,39491044,robot_1,0.089,2.071
1770733173,39505983,robot_3,0.197,-2.902
1770733173,259862916,robot_0,0.970,0.385
1770733173,259902818,robot_2,-2.420,-1.825
1770733173,259924412,robot_1,0.132,2.076
1770733173,259942116,robot_3,0.197,-2.901
1770733173,479438883,robot_0,0.997,0.409
1770733173,479487105,robot_2,-2.412,-1.803
1770733173,479505223,robot_1,0.176,2.081
1770733173,479525878,robot_3,0.197,-2.900
1770733173,680110701,robot_0,1.023,0.429
1770733173,680149011,robot_2,-2.405,-1.782
1770733173,680164544,robot_1,0.216,2.085
1770733173,680179161,robot_3,0.197,-2.899
1770733173,880273923,robot_0,1.033,0.436
1770733173,880318133,robot_2,-2.403,-1.776
1770733173,880337532,robot_1,0.254,2.090
1770733173,880352714,robot_3,0.196,-2.899
1770733174,80980371,robot_0,1.033,0.436
1770733174,81016746,robot_2,-2.403,-1.776
1770733174,81032748,robot_1,0.292,2.096
1770733174,81045968,robot_3,0.195,-2.899
1770733174,285525563,robot_0,1.033,0.436
1770733174,285604726,robot_2,-2.403,-1.776
1770733174,285637184,robot_1,0.325,2.104
1770733174,285665586,robot_3,0.195,-2.898
1770733174,502969413,robot_0,1.034,0.436
1770733174,503019136,robot_2,-2.402,-1.776
1770733174,503042779,robot_1,0.326,2.103
1770733174,503060989,robot_3,0.194,-2.899
1770733174,704251232,robot_0,1.035,0.436
1770733174,704289258,robot_2,-2.401,-1.775
1770733174,704305137,robot_1,0.326,2.103
1770733174,704319535,robot_3,0.193,-2.899
1770733174,909073613,robot_0,1.035,0.437
1770733174,909120075,robot_2,-2.401,-1.775
1770733174,909140530,robot_1,0.327,2.103
1770733174,909157390,robot_3,0.193,-2.899
1770733175,111870353,robot_0,1.036,0.437
1770733175,111953775,robot_2,-2.400,-1.774
1770733175,111999408,robot_1,0.327,2.102
1770733175,112038889,robot_3,0.193,-2.899
1770733175,328537546,robot_0,1.036,0.438
1770733175,328578195,robot_2,-2.400,-1.773
1770733175,328597376,robot_1,0.328,2.102
1770733175,328613024,robot_3,0.193,-2.899
1770733175,531232262,robot_0,1.036,0.439
1770733175,531275102,robot_2,-2.401,-1.772
1770733175,531293661,robot_1,0.329,2.103
1770733175,531309251,robot_3,0.193,-2.900
1770733175,753086304,robot_0,1.035,0.439
1770733175,753130162,robot_2,-2.401,-1.772
1770733175,753148145,robot_1,0.329,2.103
1770733175,753163655,robot_3,0.192,-2.900
1770733175,954982880,robot_0,1.034,0.440
1770733175,955081701,robot_2,-2.402,-1.771
1770733175,955129570,robot_1,0.330,2.104
1770733175,955169019,robot_3,0.192,-2.900
1770733176,156014575,robot_0,1.034,0.440
1770733176,156094110,robot_2,-2.403,-1.771
1770733176,156140895,robot_1,0.330,2.105
1770733176,156180048,robot_3,0.192,-2.900
1770733176,374083520,robot_0,1.034,0.440
1770733176,374124070,robot_2,-2.403,-1.771
1770733176,374143292,robot_1,0.329,2.106
1770733176,374159911,robot_3,0.209,-2.905
1770733176,581139988,robot_0,1.033,0.440
1770733176,581179952,robot_2,-2.403,-1.771
1770733176,581204535,robot_1,0.329,2.106
1770733176,581219421,robot_3,0.238,-2.913
1770733176,783353032,robot_0,1.033,0.440
1770733176,783396984,robot_2,-2.404,-1.771
1770733176,783416596,robot_1,0.326,2.103
1770733176,783433407,robot_3,0.273,-2.919
1770733176,985792548,robot_0,1.032,0.439
1770733176,985835005,robot_2,-2.405,-1.772
1770733176,985852797,robot_1,0.301,2.072
1770733176,985867864,robot_3,0.274,-2.920
1770733177,200896761,robot_0,1.032,0.439
1770733177,200935810,robot_2,-2.405,-1.772
1770733177,200953853,robot_1,0.294,2.063
1770733177,200966841,robot_3,0.274,-2.920
1770733177,401369867,robot_0,1.032,0.439
1770733177,401410083,robot_2,-2.405,-1.773
1770733177,401427401,robot_1,0.276,2.040
1770733177,401441997,robot_3,0.274,-2.920
1770733177,601615892,robot_0,1.032,0.438
1770733177,601654013,robot_2,-2.405,-1.774
1770733177,601672116,robot_1,0.261,2.018
1770733177,601687313,robot_3,0.275,-2.921
1770733177,896281614,robot_0,1.032,0.438
1770733177,896321483,robot_2,-2.405,-1.774
1770733177,896338198,robot_1,0.256,2.009
1770733177,896351775,robot_3,0.275,-2.921
1770733178,116190439,robot_0,1.032,0.437
1770733178,116268964,robot_2,-2.405,-1.775
1770733178,116316038,robot_1,0.242,1.982
1770733178,116354334,robot_3,0.276,-2.922
1770733178,334633965,robot_0,1.033,0.436
1770733178,334671058,robot_2,-2.404,-1.775
1770733178,334687636,robot_1,0.234,1.956
1770733178,334700018,robot_3,0.276,-2.922
1770733179,101212449,robot_0,1.033,0.436
1770733179,101255052,robot_2,-2.404,-1.776
1770733179,101272301,robot_1,0.233,1.950
1770733179,101288125,robot_3,0.277,-2.922
1770733179,303242961,robot_0,1.041,0.450
1770733179,303280327,robot_2,-2.403,-1.776
1770733179,303296626,robot_1,0.229,1.918
1770733179,303311228,robot_3,0.277,-2.921
1770733179,523158431,robot_0,1.042,0.450
1770733179,523229023,robot_2,-2.402,-1.776
1770733179,523269540,robot_1,0.225,1.874
1770733179,523304910,robot_3,0.278,-2.921
1770733179,750121299,robot_0,1.042,0.450
1770733179,750202739,robot_2,-2.402,-1.776
1770733179,750247897,robot_1,0.223,1.859
1770733179,750286739,robot_3,0.278,-2.921
1770733179,966960546,robot_0,1.043,0.450
1770733179,966995198,robot_2,-2.401,-1.775
1770733179,967010671,robot_1,0.220,1.824
1770733179,967024731,robot_3,0.279,-2.920
1770733180,167695994,robot_0,1.043,0.451
1770733180,167762711,robot_2,-2.401,-1.774
1770733180,167782417,robot_1,0.219,1.793
1770733180,167798555,robot_3,0.278,-2.919
1770733180,367631854,robot_0,1.044,0.451
1770733180,367665215,robot_2,-2.400,-1.774
1770733180,367680858,robot_1,0.219,1.779
1770733180,367693533,robot_3,0.278,-2.918
1770733180,569366942,robot_0,1.044,0.452
1770733180,569411860,robot_2,-2.400,-1.773
1770733180,569427828,robot_1,0.219,1.779
1770733180,569442242,robot_3,0.278,-2.918
1770733180,774238445,robot_0,1.044,0.453
1770733180,774344464,robot_2,-2.401,-1.772
1770733180,774392066,robot_1,0.218,1.779
1770733180,774431608,robot_3,0.277,-2.917
1770733180,992948241,robot_0,1.043,0.453
1770733180,992989084,robot_2,-2.401,-1.771
1770733180,993007764,robot_1,0.218,1.778
1770733180,993023601,robot_3,0.276,-2.917
1770733181,193472200,robot_0,1.043,0.454
1770733181,193513309,robot_2,-2.402,-1.771
1770733181,193530815,robot_1,0.218,1.777
1770733181,193545305,robot_3,0.275,-2.917
1770733181,400299644,robot_0,1.042,0.454
1770733181,400345939,robot_2,-2.402,-1.771
1770733181,400364808,robot_1,0.218,1.777
1770733181,400379324,robot_3,0.275,-2.918
1770733181,619433750,robot_0,1.041,0.454
1770733181,619477083,robot_2,-2.403,-1.771
1770733181,619494125,robot_1,0.218,1.776
1770733181,619508076,robot_3,0.274,-2.918
1770733181,820448391,robot_0,1.041,0.454
1770733181,820497173,robot_2,-2.403,-1.771
1770733181,820515099,robot_1,0.218,1.775
1770733181,820529588,robot_3,0.281,-2.923
1770733182,21288983,robot_0,1.041,0.454
1770733182,21330841,robot_2,-2.404,-1.771
1770733182,21348661,robot_1,0.219,1.775
1770733182,21363018,robot_3,0.317,-2.940
1770733182,222454991,robot_0,1.041,0.454
1770733182,222504957,robot_2,-2.405,-1.772
1770733182,222525584,robot_1,0.220,1.774
1770733182,222541181,robot_3,0.354,-2.956
1770733182,422557805,robot_0,1.051,0.428
1770733182,422596153,robot_2,-2.405,-1.772
1770733182,422613980,robot_1,0.221,1.775
1770733182,422627067,robot_3,0.380,-2.968
1770733182,625566429,robot_0,1.064,0.397
1770733182,625602918,robot_2,-2.405,-1.773
1770733182,625619758,robot_1,0.221,1.775
1770733182,625633616,robot_3,0.405,-2.977
1770733182,830074320,robot_0,1.071,0.377
1770733182,830155797,robot_2,-2.405,-1.774
1770733182,830202495,robot_1,0.215,1.786
1770733182,830242172,robot_3,0.423,-2.982
1770733183,47749962,robot_0,1.072,0.377
1770733183,47792581,robot_2,-2.404,-1.775
1770733183,47811871,robot_1,0.192,1.823
1770733183,47829221,robot_3,0.423,-2.982
1770733183,251961331,robot_0,1.072,0.377
1770733183,252004643,robot_2,-2.404,-1.775
1770733183,252022812,robot_1,0.172,1.857
1770733183,252039067,robot_3,0.423,-2.983
1770733183,473160015,robot_0,1.072,0.377
1770733183,473200524,robot_2,-2.403,-1.776
1770733183,473218514,robot_1,0.157,1.880
1770733183,473233655,robot_3,0.424,-2.984
1770733183,690343419,robot_0,1.071,0.376
1770733183,690382247,robot_2,-2.402,-1.776
1770733183,690399793,robot_1,0.140,1.903
1770733183,690415659,robot_3,0.424,-2.984
1770733183,891533741,robot_0,1.079,0.357
1770733183,891577347,robot_2,-2.405,-1.751
1770733183,891596218,robot_1,0.120,1.925
1770733183,891612814,robot_3,0.425,-2.984
1770733184,95271427,robot_0,1.091,0.330
1770733184,95323877,robot_2,-2.413,-1.714
1770733184,95345204,robot_1,0.098,1.947
1770733184,95363587,robot_3,0.426,-2.984
1770733184,314100246,robot_0,1.101,0.301
1770733184,314144966,robot_2,-2.421,-1.684
1770733184,314164781,robot_1,0.073,1.974
1770733184,314182031,robot_3,0.427,-2.983
1770733185,220267518,robot_0,1.102,0.296
1770733185,220307391,robot_2,-2.421,-1.684
1770733185,220327322,robot_1,0.068,1.981
1770733185,220342980,robot_3,0.427,-2.983
1770733185,420387225,robot_0,1.107,0.274
1770733185,420430324,robot_2,-2.420,-1.684
1770733185,420451350,robot_1,0.063,1.986
1770733185,420470968,robot_3,0.427,-2.983
1770733185,620626250,robot_0,1.110,0.251
1770733185,620666689,robot_2,-2.420,-1.683
1770733185,620686181,robot_1,0.063,1.986
1770733185,620700695,robot_3,0.427,-2.982
1770733185,841867478,robot_0,1.114,0.228
1770733185,841918290,robot_2,-2.419,-1.682
1770733185,841940116,robot_1,0.064,1.987
1770733185,841958048,robot_3,0.427,-2.981
1770733186,61498093,robot_0,1.118,0.205
1770733186,61539808,robot_2,-2.419,-1.681
1770733186,61560970,robot_1,0.064,1.988
1770733186,61578420,robot_3,0.426,-2.980
1770733186,264968283,robot_0,1.119,0.186
1770733186,265047338,robot_2,-2.420,-1.681
1770733186,265091928,robot_1,0.064,1.988
1770733186,265131519,robot_3,0.426,-2.980
1770733186,468671694,robot_0,1.119,0.186
1770733186,468712141,robot_2,-2.420,-1.680
1770733186,468730805,robot_1,0.063,1.989
1770733186,468746115,robot_3,0.425,-2.980
1770733186,686354270,robot_0,1.119,0.186
1770733186,686420971,robot_2,-2.421,-1.679
1770733186,686441961,robot_1,0.062,1.990
1770733186,686458651,robot_3,0.424,-2.980
1770733186,888608808,robot_0,1.119,0.186
1770733186,888687525,robot_2,-2.421,-1.679
1770733186,888729782,robot_1,0.062,1.990
1770733186,888766049,robot_3,0.423,-2.980
1770733187,110739848,robot_0,1.119,0.186
1770733187,110793316,robot_2,-2.421,-1.679
1770733187,110813627,robot_1,0.061,1.990
1770733187,110830452,robot_3,0.423,-2.981
1770733187,506109548,robot_0,1.119,0.185
1770733187,506183872,robot_2,-2.422,-1.679
1770733187,506227892,robot_1,0.061,1.990
1770733187,506265674,robot_3,0.423,-2.981
1770733187,725735725,robot_0,1.118,0.185
1770733187,725776633,robot_2,-2.423,-1.679
1770733187,725793595,robot_1,0.060,1.990
1770733187,725808760,robot_3,0.423,-2.982
1770733187,947064179,robot_0,1.118,0.184
1770733187,947103697,robot_2,-2.423,-1.680
1770733187,947121299,robot_1,0.060,1.989
1770733187,947136765,robot_3,0.457,-2.975
1770733188,166190112,robot_0,1.118,0.183
1770733188,166233397,robot_2,-2.424,-1.681
1770733188,166253416,robot_1,0.059,1.989
1770733188,166269688,robot_3,0.498,-2.960
1770733188,368446547,robot_0,1.118,0.183
1770733188,368490452,robot_2,-2.424,-1.681
1770733188,368508286,robot_1,0.059,1.988
1770733188,368522341,robot_3,0.517,-2.951
1770733188,569463763,robot_0,1.118,0.182
1770733188,569564107,robot_2,-2.424,-1.682
1770733188,569584747,robot_1,0.059,1.987
1770733188,569598388,robot_3,0.518,-2.951
1770733188,770334453,robot_0,1.119,0.182
1770733188,770399044,robot_2,-2.424,-1.683
1770733188,770426968,robot_1,0.060,1.986
1770733188,770450349,robot_3,0.518,-2.952
1770733188,973017426,robot_0,1.119,0.182
1770733188,973059190,robot_2,-2.423,-1.684
1770733188,973076814,robot_1,0.060,1.986
1770733188,973092730,robot_3,0.518,-2.952
1770733189,278214242,robot_0,1.119,0.182
1770733189,278250908,robot_2,-2.423,-1.684
1770733189,278266268,robot_1,0.060,1.986
1770733189,278280010,robot_3,0.518,-2.952
1770733189,478886576,robot_0,1.119,0.182
1770733189,478941429,robot_2,-2.412,-1.664
1770733189,478968931,robot_1,0.061,1.985
1770733189,478990854,robot_3,0.519,-2.952
1770733189,683334359,robot_0,1.120,0.182
1770733189,683421033,robot_2,-2.402,-1.642
1770733189,683477758,robot_1,0.062,1.985
1770733189,683518136,robot_3,0.520,-2.952
1770733190,44441224,robot_0,1.120,0.182
1770733190,44567551,robot_2,-2.396,-1.627
1770733190,44614935,robot_1,0.062,1.989
1770733190,44655868,robot_3,0.520,-2.952
1770733190,259657571,robot_0,1.121,0.182
1770733190,259708037,robot_2,-2.381,-1.588
1770733190,259727150,robot_1,0.061,2.024
1770733190,259744044,robot_3,0.521,-2.951
1770733190,460853649,robot_0,1.121,0.183
1770733190,460895262,robot_2,-2.372,-1.564
1770733190,460913448,robot_1,0.058,2.047
1770733190,460929868,robot_3,0.521,-2.951
1770733190,665735874,robot_0,1.121,0.183
1770733190,665775231,robot_2,-2.366,-1.542
1770733190,665795928,robot_1,0.055,2.067
1770733190,665810248,robot_3,0.522,-2.950
1770733190,866938915,robot_0,1.121,0.184
1770733190,866984265,robot_2,-2.361,-1.509
1770733190,867012149,robot_1,0.053,2.076
1770733190,867031772,robot_3,0.503,-2.948
1770733191,67594043,robot_0,1.121,0.185
1770733191,67643809,robot_2,-2.359,-1.473
1770733191,67666920,robot_1,0.053,2.076
1770733191,67685658,robot_3,0.464,-2.944
1770733191,270039808,robot_0,1.121,0.185
1770733191,270076111,robot_2,-2.358,-1.436
1770733191,270092504,robot_1,0.054,2.076
1770733191,270106063,robot_3,0.424,-2.941
1770733191,470599170,robot_0,1.121,0.185
1770733191,470644822,robot_2,-2.354,-1.396
1770733191,470665608,robot_1,0.054,2.077
1770733191,470682542,robot_3,0.384,-2.937
1770733192,315390165,robot_0,1.121,0.185
1770733192,315428935,robot_2,-2.352,-1.376
1770733192,315446916,robot_1,0.054,2.077
1770733192,315461346,robot_3,0.364,-2.935
1770733192,534953898,robot_0,1.120,0.186
1770733192,535000653,robot_2,-2.351,-1.369
1770733192,535031899,robot_1,0.054,2.078
1770733192,535046724,robot_3,0.357,-2.935
1770733192,738812392,robot_0,1.120,0.186
1770733192,738860273,robot_2,-2.351,-1.369
1770733192,738877632,robot_1,0.054,2.079
1770733192,738892467,robot_3,0.357,-2.935
1770733192,956871867,robot_0,1.119,0.185
1770733192,956923536,robot_2,-2.350,-1.368
1770733192,956948541,robot_1,0.054,2.079
1770733192,956969340,robot_3,0.357,-2.934
1770733193,161973203,robot_0,1.118,0.185
1770733193,162026246,robot_2,-2.349,-1.368
1770733193,162047233,robot_1,0.054,2.080
1770733193,162066271,robot_3,0.356,-2.933
1770733193,383711285,robot_0,1.118,0.184
1770733193,383769701,robot_2,-2.349,-1.367
1770733193,383801364,robot_1,0.053,2.080
1770733193,383824924,robot_3,0.355,-2.933
1770733193,602297020,robot_0,1.118,0.184
1770733193,602339465,robot_2,-2.349,-1.366
1770733193,602358943,robot_1,0.053,2.080
1770733193,602376134,robot_3,0.355,-2.933
1770733193,803129621,robot_0,1.126,0.183
1770733193,803204558,robot_2,-2.349,-1.365
1770733193,803247683,robot_1,0.052,2.080
1770733193,803284396,robot_3,0.354,-2.933
1770733194,17907585,robot_0,1.157,0.180
1770733194,17980823,robot_2,-2.349,-1.365
1770733194,18022721,robot_1,0.052,2.080
1770733194,18059562,robot_3,0.353,-2.933
1770733194,218920880,robot_0,1.196,0.177
1770733194,218999686,robot_2,-2.350,-1.364
1770733194,219046257,robot_1,0.051,2.080
1770733194,219087945,robot_3,0.353,-2.934
1770733194,420025098,robot_0,1.221,0.172
1770733194,420066377,robot_2,-2.366,-1.382
1770733194,420084197,robot_1,0.050,2.079
1770733194,420098207,robot_3,0.352,-2.935
1770733194,638732521,robot_0,1.246,0.166
1770733194,638772586,robot_2,-2.387,-1.405
1770733194,638790957,robot_1,0.050,2.079
1770733194,638806281,robot_3,0.352,-2.935
1770733194,839732872,robot_0,1.271,0.160
1770733194,839775390,robot_2,-2.396,-1.416
1770733194,839794504,robot_1,0.050,2.078
1770733194,839811823,robot_3,0.364,-2.935
1770733195,86875976,robot_0,1.276,0.160
1770733195,86919672,robot_2,-2.396,-1.416
1770733195,86940197,robot_1,0.050,2.078
1770733195,86956577,robot_3,0.371,-2.934
1770733195,308173370,robot_0,1.302,0.156
1770733195,308217989,robot_2,-2.396,-1.416
1770733195,308239053,robot_1,0.050,2.077
1770733195,308256739,robot_3,0.402,-2.928
1770733195,527105322,robot_0,1.326,0.152
1770733195,527142321,robot_2,-2.397,-1.415
1770733195,527158521,robot_1,0.051,2.076
1770733195,527172523,robot_3,0.403,-2.929
1770733195,729458965,robot_0,1.348,0.149
1770733195,729511812,robot_2,-2.398,-1.416
1770733195,729528346,robot_1,0.051,2.076
1770733195,729544794,robot_3,0.403,-2.929
1770733195,948098411,robot_0,1.349,0.149
1770733195,948148262,robot_2,-2.399,-1.416
1770733195,948171706,robot_1,0.052,2.076
1770733195,948191377,robot_3,0.404,-2.929
1770733196,150258551,robot_0,1.349,0.148
1770733196,150333009,robot_2,-2.399,-1.416
1770733196,150376467,robot_1,0.052,2.076
1770733196,150412293,robot_3,0.405,-2.930
1770733196,369614838,robot_0,1.349,0.148
1770733196,369653987,robot_2,-2.400,-1.417
1770733196,369670757,robot_1,0.053,2.076
1770733196,369684731,robot_3,0.405,-2.929
1770733196,570185073,robot_0,1.349,0.147
1770733196,570226322,robot_2,-2.400,-1.418
1770733196,570244684,robot_1,0.054,2.076
1770733196,570261293,robot_3,0.406,-2.929
1770733196,771756789,robot_0,1.350,0.147
1770733196,771797842,robot_2,-2.400,-1.419
1770733196,771814761,robot_1,0.054,2.077
1770733196,771830616,robot_3,0.407,-2.928
1770733196,973197270,robot_0,1.350,0.147
1770733196,973243167,robot_2,-2.399,-1.420
1770733196,973267036,robot_1,0.054,2.078
1770733196,973290599,robot_3,0.407,-2.927
1770733197,180340034,robot_0,1.351,0.147
1770733197,180446017,robot_2,-2.399,-1.420
1770733197,180527431,robot_1,0.054,2.078
1770733197,180578241,robot_3,0.407,-2.927
1770733197,396277936,robot_0,1.352,0.147
1770733197,396315165,robot_2,-2.398,-1.420
1770733197,396332764,robot_1,0.054,2.079
1770733197,396347057,robot_3,0.406,-2.926
1770733197,596571068,robot_0,1.352,0.148
1770733197,596611670,robot_2,-2.398,-1.420
1770733197,596630826,robot_1,0.054,2.080
1770733197,596647116,robot_3,0.406,-2.925
1770733197,797484207,robot_0,1.352,0.148
1770733197,797523669,robot_2,-2.397,-1.421
1770733197,797543605,robot_1,0.053,2.080
1770733197,797558344,robot_3,0.403,-2.929
1770733197,998342398,robot_0,1.352,0.149
1770733197,998386404,robot_2,-2.396,-1.420
1770733197,998405361,robot_1,0.052,2.080
1770733197,998420711,robot_3,0.384,-2.960
1770733198,513230233,robot_0,1.352,0.149
1770733198,513357667,robot_2,-2.396,-1.420
1770733198,513378695,robot_1,0.052,2.080
1770733198,513396217,robot_3,0.375,-2.976
1770733198,730099277,robot_0,1.352,0.150
1770733198,730137046,robot_2,-2.395,-1.419
1770733198,730154895,robot_1,0.051,2.080
1770733198,730170536,robot_3,0.359,-3.010
1770733198,930945832,robot_0,1.352,0.150
1770733198,930986722,robot_2,-2.395,-1.419
1770733198,931004244,robot_1,0.051,2.080
1770733198,931019458,robot_3,0.357,-3.016
1770733199,133165714,robot_0,1.352,0.150
1770733199,133207001,robot_2,-2.395,-1.418
1770733199,133225040,robot_1,0.050,2.079
1770733199,133238450,robot_3,0.356,-3.016
1770733199,354047911,robot_0,1.351,0.151
1770733199,354085665,robot_2,-2.395,-1.417
1770733199,354101991,robot_1,0.050,2.078
1770733199,354116909,robot_3,0.355,-3.016
1770733199,570237606,robot_0,1.350,0.151
1770733199,570278763,robot_2,-2.396,-1.416
1770733199,570295586,robot_1,0.050,2.078
1770733199,570311467,robot_3,0.355,-3.017
1770733199,789922536,robot_0,1.349,0.150
1770733199,789961311,robot_2,-2.400,-1.421
1770733199,789979725,robot_1,0.050,2.077
1770733199,789996256,robot_3,0.354,-3.017
1770733199,994552285,robot_0,1.349,0.150
1770733199,994595237,robot_2,-2.425,-1.452
1770733199,994613577,robot_1,0.051,2.076
1770733199,994629930,robot_3,0.354,-3.018
1770733200,211763750,robot_0,1.349,0.149
1770733200,211810386,robot_2,-2.452,-1.487
1770733200,211829614,robot_1,0.052,2.076
1770733200,211845406,robot_3,0.354,-3.019
1770733200,412263741,robot_0,1.349,0.148
1770733200,412315604,robot_2,-2.476,-1.519
1770733200,412334035,robot_1,0.053,2.076
1770733200,412348476,robot_3,0.355,-3.020
1770733200,612477262,robot_0,1.349,0.148
1770733200,612518014,robot_2,-2.500,-1.551
1770733200,612537020,robot_1,0.053,2.076
1770733200,612551524,robot_3,0.355,-3.020
1770733200,813008616,robot_0,1.356,0.151
1770733200,813058790,robot_2,-2.518,-1.574
1770733200,813089236,robot_1,0.053,2.076
1770733200,813120194,robot_3,0.356,-3.020
1770733201,16957158,robot_0,1.375,0.160
1770733201,16991685,robot_2,-2.518,-1.574
1770733201,17007272,robot_1,0.054,2.076
1770733201,17020783,robot_3,0.357,-3.020
1770733201,236411888,robot_0,1.396,0.170
1770733201,236448065,robot_2,-2.518,-1.574
1770733201,236472684,robot_1,0.054,2.077
1770733201,236489702,robot_3,0.358,-3.020
1770733201,456062225,robot_0,1.397,0.171
1770733201,456101386,robot_2,-2.519,-1.574
1770733201,456120778,robot_1,0.055,2.077
1770733201,456134407,robot_3,0.358,-3.020
1770733201,658020505,robot_0,1.397,0.171
1770733201,658059486,robot_2,-2.520,-1.574
1770733201,658078913,robot_1,0.055,2.078
1770733201,658093145,robot_3,0.358,-3.020
1770733201,859482096,robot_0,1.397,0.171
1770733201,859518019,robot_2,-2.520,-1.575
1770733201,859534395,robot_1,0.054,2.079
1770733201,859548378,robot_3,0.359,-3.019
1770733202,79016614,robot_0,1.397,0.170
1770733202,79054470,robot_2,-2.521,-1.575
1770733202,79072802,robot_1,0.054,2.080
1770733202,79087545,robot_3,0.359,-3.018
1770733202,279347690,robot_0,1.398,0.170
1770733202,279424430,robot_2,-2.521,-1.576
1770733202,279482451,robot_1,0.053,2.080
1770733202,279523385,robot_3,0.359,-3.017
1770733202,480619616,robot_0,1.398,0.170
1770733202,480659172,robot_2,-2.521,-1.577
1770733202,480675851,robot_1,0.052,2.080
1770733202,480691620,robot_3,0.358,-3.017
1770733202,701174398,robot_0,1.399,0.170
1770733202,701215032,robot_2,-2.521,-1.578
1770733202,701233280,robot_1,0.051,2.080
1770733202,701249653,robot_3,0.358,-3.016
1770733202,904380197,robot_0,1.400,0.171
1770733202,904453758,robot_2,-2.520,-1.578
1770733202,904511225,robot_1,0.051,2.080
1770733202,904550693,robot_3,0.357,-3.016
1770733203,113339205,robot_0,1.400,0.171
1770733203,113414198,robot_2,-2.519,-1.579
1770733203,113458120,robot_1,0.050,2.079
1770733203,113506568,robot_3,0.356,-3.016
1770733203,313870577,robot_0,1.400,0.172
1770733203,313941285,robot_2,-2.516,-1.569
1770733203,313982110,robot_1,0.058,2.074
1770733203,314017794,robot_3,0.355,-3.016
1770733203,514389332,robot_0,1.400,0.172
1770733203,514435384,robot_2,-2.508,-1.530
1770733203,514454362,robot_1,0.082,2.061
1770733203,514480005,robot_3,0.355,-3.017
1770733203,733008038,robot_0,1.400,0.173
1770733203,733047354,robot_2,-2.499,-1.487
1770733203,733065213,robot_1,0.109,2.047
1770733203,733080979,robot_3,0.354,-3.017
1770733203,933678097,robot_0,1.400,0.173
1770733203,933722186,robot_2,-2.492,-1.456
1770733203,933740225,robot_1,0.142,2.030
1770733203,933754471,robot_3,0.381,-3.032
1770733204,135215310,robot_0,1.400,0.173
1770733204,135260409,robot_2,-2.483,-1.425
1770733204,135279906,robot_1,0.176,2.015
1770733204,135298970,robot_3,0.416,-3.051
1770733204,336144308,robot_0,1.399,0.174
1770733204,336181706,robot_2,-2.466,-1.392
1770733204,336199098,robot_1,0.211,2.002
1770733204,336216221,robot_3,0.452,-3.070
1770733204,537238984,robot_0,1.399,0.174
1770733204,537276921,robot_2,-2.445,-1.359
1770733204,537294725,robot_1,0.246,1.991
1770733204,537307953,robot_3,0.487,-3.088
1770733204,740000567,robot_0,1.398,0.174
1770733204,740040870,robot_2,-2.422,-1.327
1770733204,740062833,robot_1,0.282,1.981
1770733204,740077762,robot_3,0.522,-3.107
1770733204,940783953,robot_0,1.397,0.174
1770733204,940823621,robot_2,-2.405,-1.303
1770733204,940841647,robot_1,0.286,1.979
1770733204,940855396,robot_3,0.552,-3.123
1770733205,641040993,robot_0,1.397,0.173
1770733205,641083737,robot_2,-2.394,-1.290
1770733205,641103468,robot_1,0.286,1.979
1770733205,641120546,robot_3,0.570,-3.132
1770733205,862126303,robot_0,1.397,0.173
1770733205,862214417,robot_2,-2.391,-1.287
1770733205,862261267,robot_1,0.286,1.979
1770733205,862302171,robot_3,0.599,-3.148
1770733206,79528512,robot_0,1.396,0.172
1770733206,79573313,robot_2,-2.391,-1.287
1770733206,79593316,robot_1,0.287,1.978
1770733206,79611016,robot_3,0.630,-3.168
1770733206,527086275,robot_0,1.396,0.172
1770733206,527124995,robot_2,-2.391,-1.287
1770733206,527143938,robot_1,0.287,1.978
1770733206,527159564,robot_3,0.638,-3.174
1770733206,730177497,robot_0,1.428,0.171
1770733206,730214118,robot_2,-2.391,-1.287
1770733206,730230532,robot_1,0.288,1.977
1770733206,730244689,robot_3,0.643,-3.177
1770733206,931863163,robot_0,1.453,0.172
1770733206,931939083,robot_2,-2.390,-1.287
1770733206,931982349,robot_1,0.288,1.977
1770733206,932016698,robot_3,0.643,-3.177
1770733207,159912442,robot_0,1.465,0.173
1770733207,159953808,robot_2,-2.390,-1.287
1770733207,159971766,robot_1,0.289,1.977
1770733207,159986812,robot_3,0.643,-3.177
1770733207,362308076,robot_0,1.489,0.176
1770733207,362347754,robot_2,-2.389,-1.287
1770733207,362366722,robot_1,0.289,1.977
1770733207,362381676,robot_3,0.642,-3.177
1770733207,563933190,robot_0,1.511,0.181
1770733207,563984478,robot_2,-2.388,-1.286
1770733207,564008078,robot_1,0.290,1.977
1770733207,564026405,robot_3,0.642,-3.178
1770733207,766738274,robot_0,1.534,0.187
1770733207,766823739,robot_2,-2.390,-1.284
1770733207,766869904,robot_1,0.290,1.978
1770733207,766909078,robot_3,0.643,-3.179
1770733207,983818316,robot_0,1.560,0.195
1770733207,983859316,robot_2,-2.413,-1.262
1770733207,983876012,robot_1,0.291,1.978
1770733207,983889258,robot_3,0.643,-3.180
1770733208,188970976,robot_0,1.583,0.205
1770733208,189121186,robot_2,-2.434,-1.241
1770733208,189194269,robot_1,0.291,1.979
1770733208,189212736,robot_3,0.644,-3.180
1770733208,407682332,robot_0,1.616,0.228
1770733208,407773513,robot_2,-2.441,-1.235
1770733208,407797165,robot_1,0.291,1.980
1770733208,407814411,robot_3,0.645,-3.180
1770733208,625987757,robot_0,1.648,0.258
1770733208,626028391,robot_2,-2.441,-1.235
1770733208,626046886,robot_1,0.290,1.981
1770733208,626063975,robot_3,0.645,-3.180
1770733208,827337695,robot_0,1.667,0.275
1770733208,827382667,robot_2,-2.441,-1.235
1770733208,827405322,robot_1,0.290,1.981
1770733208,827424929,robot_3,0.646,-3.180
1770733209,29190467,robot_0,1.667,0.275
1770733209,29228885,robot_2,-2.441,-1.235
1770733209,29244747,robot_1,0.289,1.981
1770733209,29258975,robot_3,0.646,-3.180
1770733209,584458862,robot_0,1.667,0.275
1770733209,584509312,robot_2,-2.440,-1.234
1770733209,584529317,robot_1,0.288,1.981
1770733209,584545104,robot_3,0.646,-3.180
1770733209,803364607,robot_0,1.667,0.274
1770733209,803402532,robot_2,-2.440,-1.234
1770733209,803418950,robot_1,0.291,1.974
1770733209,803432103,robot_3,0.647,-3.179
1770733210,5629738,robot_0,1.668,0.274
1770733210,5746518,robot_2,-2.440,-1.233
1770733210,5873700,robot_1,0.304,1.948
1770733210,5947157,robot_3,0.647,-3.179
1770733210,224878563,robot_0,1.669,0.275
1770733210,224919142,robot_2,-2.441,-1.232
1770733210,224936902,robot_1,0.325,1.923
1770733210,224951105,robot_3,0.647,-3.178
1770733210,425016664,robot_0,1.669,0.275
1770733210,425060332,robot_2,-2.441,-1.231
1770733210,425078378,robot_1,0.355,1.897
1770733210,425097307,robot_3,0.647,-3.177
1770733210,627245196,robot_0,1.670,0.276
1770733210,627282975,robot_2,-2.442,-1.231
1770733210,627301407,robot_1,0.387,1.874
1770733210,627316307,robot_3,0.646,-3.176
1770733210,846287231,robot_0,1.670,0.276
1770733210,846333057,robot_2,-2.447,-1.245
1770733210,846352861,robot_1,0.424,1.849
1770733210,846367583,robot_3,0.645,-3.176
1770733211,51040187,robot_0,1.670,0.277
1770733211,51097870,robot_2,-2.455,-1.271
1770733211,51121342,robot_1,0.457,1.826
1770733211,51141259,robot_3,0.645,-3.176
1770733211,251366820,robot_0,1.669,0.277
1770733211,251407457,robot_2,-2.459,-1.300
1770733211,251426607,robot_1,0.489,1.804
1770733211,251443280,robot_3,0.644,-3.176
1770733211,470768002,robot_0,1.669,0.278
1770733211,470806360,robot_2,-2.459,-1.341
1770733211,470822676,robot_1,0.492,1.802
1770733211,470836576,robot_3,0.650,-3.206
1770733211,673406588,robot_0,1.669,0.278
1770733211,673444861,robot_2,-2.458,-1.379
1770733211,673461693,robot_1,0.492,1.802
1770733211,673485872,robot_3,0.660,-3.235
1770733211,873977921,robot_0,1.669,0.278
1770733211,874021780,robot_2,-2.460,-1.418
1770733211,874042034,robot_1,0.492,1.801
1770733211,874058616,robot_3,0.674,-3.263
1770733212,74379201,robot_0,1.668,0.278
1770733212,74420352,robot_2,-2.462,-1.457
1770733212,74438235,robot_1,0.492,1.801
1770733212,74454550,robot_3,0.694,-3.288
1770733212,294203603,robot_0,1.667,0.278
1770733212,294257159,robot_2,-2.464,-1.495
1770733212,294281487,robot_1,0.493,1.800
1770733212,294301302,robot_3,0.715,-3.310
1770733212,509247258,robot_0,1.667,0.278
1770733212,509286390,robot_2,-2.466,-1.535
1770733212,509303111,robot_1,0.493,1.799
1770733212,509317004,robot_3,0.738,-3.328
1770733212,721475526,robot_0,1.666,0.277
1770733212,721514759,robot_2,-2.468,-1.572
1770733212,721533298,robot_1,0.494,1.799
1770733212,721547282,robot_3,0.760,-3.342
1770733212,924941693,robot_0,1.666,0.277
1770733212,925020917,robot_2,-2.470,-1.604
1770733212,925063402,robot_1,0.495,1.799
1770733212,925098930,robot_3,0.782,-3.357
1770733213,125433696,robot_0,1.666,0.276
1770733213,125480437,robot_2,-2.471,-1.636
1770733213,125498474,robot_1,0.496,1.799
1770733213,125513706,robot_3,0.805,-3.370
1770733213,326978248,robot_0,1.666,0.275
1770733213,327023326,robot_2,-2.470,-1.655
1770733213,327043238,robot_1,0.496,1.800
1770733213,327060022,robot_3,0.834,-3.381
1770733213,528405614,robot_0,1.667,0.275
1770733213,528451215,robot_2,-2.471,-1.655
1770733213,528479300,robot_1,0.497,1.801
1770733213,528538403,robot_3,0.870,-3.391
1770733213,729941951,robot_0,1.667,0.275
1770733213,730016044,robot_2,-2.471,-1.655
1770733213,730059231,robot_1,0.497,1.801
1770733213,730096085,robot_3,0.908,-3.394
1770733213,930104081,robot_0,1.667,0.274
1770733213,930149120,robot_2,-2.472,-1.656
1770733213,930175116,robot_1,0.465,1.808
1770733213,930193398,robot_3,0.945,-3.392
1770733214,351994841,robot_0,1.668,0.274
1770733214,352039272,robot_2,-2.472,-1.657
1770733214,352059025,robot_1,0.426,1.817
1770733214,352075506,robot_3,0.982,-3.387
1770733214,552367270,robot_0,1.668,0.274
1770733214,552422066,robot_2,-2.472,-1.658
1770733214,552447128,robot_1,0.387,1.825
1770733214,552475959,robot_3,1.017,-3.381
1770733214,755640646,robot_0,1.669,0.275
1770733214,755684511,robot_2,-2.472,-1.659
1770733214,755703894,robot_1,0.349,1.833
1770733214,755720877,robot_3,1.053,-3.376
1770733215,86402709,robot_0,1.669,0.275
1770733215,86448740,robot_2,-2.472,-1.659
1770733215,86485720,robot_1,0.339,1.835
1770733215,86500703,robot_3,1.058,-3.375
1770733215,286524987,robot_0,1.670,0.275
1770733215,286601528,robot_2,-2.471,-1.659
1770733215,286646449,robot_1,0.322,1.838
1770733215,286683420,robot_3,1.058,-3.375
1770733215,507127798,robot_0,1.670,0.276
1770733215,507171056,robot_2,-2.470,-1.660
1770733215,507190108,robot_1,0.322,1.838
1770733215,507205834,robot_3,1.058,-3.376
1770733215,708925774,robot_0,1.670,0.277
1770733215,708965917,robot_2,-2.470,-1.660
1770733215,708984853,robot_1,0.322,1.839
1770733215,709001765,robot_3,1.058,-3.376
1770733215,910091705,robot_0,1.669,0.277
1770733215,910131087,robot_2,-2.468,-1.632
1770733215,910149531,robot_1,0.321,1.840
1770733215,910165357,robot_3,1.058,-3.376
1770733216,110440003,robot_0,1.669,0.278
1770733216,110488368,robot_2,-2.466,-1.596
1770733216,110507406,robot_1,0.321,1.840
1770733216,110522046,robot_3,1.059,-3.377
1770733216,313882287,robot_0,1.662,0.270
1770733216,313961621,robot_2,-2.462,-1.566
1770733216,314007585,robot_1,0.320,1.840
1770733216,314045972,robot_3,1.060,-3.377
1770733216,532024628,robot_0,1.638,0.234
1770733216,532064984,robot_2,-2.458,-1.543
1770733216,532082649,robot_1,0.319,1.840
1770733216,532097219,robot_3,1.061,-3.377
1770733216,734638389,robot_0,1.620,0.198
1770733216,734674737,robot_2,-2.454,-1.521
1770733216,734692792,robot_1,0.318,1.840
1770733216,734707243,robot_3,1.061,-3.376
1770733216,953537242,robot_0,1.607,0.156
1770733216,953694181,robot_2,-2.453,-1.478
1770733216,953713174,robot_1,0.318,1.839
1770733216,953728314,robot_3,1.062,-3.376
1770733217,236577290,robot_0,1.600,0.125
1770733217,236616275,robot_2,-2.455,-1.446
1770733217,236633709,robot_1,0.317,1.838
1770733217,236648813,robot_3,1.062,-3.375
1770733217,453137332,robot_0,1.590,0.082
1770733217,453176044,robot_2,-2.457,-1.406
1770733217,453193202,robot_1,0.317,1.837
1770733217,453208474,robot_3,1.062,-3.375
1770733217,654878656,robot_0,1.581,0.043
1770733217,654924125,robot_2,-2.458,-1.371
1770733217,654946807,robot_1,0.318,1.837
1770733217,654965171,robot_3,1.062,-3.374
1770733217,855046152,robot_0,1.572,0.004
1770733217,855086361,robot_2,-2.456,-1.336
1770733217,855104101,robot_1,0.318,1.837
1770733217,855118288,robot_3,1.062,-3.373
1770733218,56661193,robot_0,1.564,-0.035
1770733218,56704765,robot_2,-2.455,-1.301
1770733218,56722499,robot_1,0.318,1.836
1770733218,56737743,robot_3,1.061,-3.373
1770733218,258683576,robot_0,1.555,-0.074
1770733218,258722939,robot_2,-2.456,-1.266
1770733218,258740191,robot_1,0.318,1.836
1770733218,258754909,robot_3,1.061,-3.372
1770733218,460352220,robot_0,1.546,-0.111
1770733218,460399127,robot_2,-2.460,-1.226
1770733218,460419390,robot_1,0.319,1.836
1770733218,460437703,robot_3,1.060,-3.372
1770733218,679516755,robot_0,1.538,-0.152
1770733218,679556309,robot_2,-2.465,-1.183
1770733218,679574857,robot_1,0.320,1.836
1770733218,679589315,robot_3,1.059,-3.373
1770733218,880617661,robot_0,1.531,-0.191
1770733218,880658762,robot_2,-2.469,-1.154
1770733218,880676595,robot_1,0.321,1.836
1770733218,880693984,robot_3,1.058,-3.373
1770733219,84335585,robot_0,1.524,-0.230
1770733219,84398206,robot_2,-2.471,-1.130
1770733219,84420997,robot_1,0.321,1.836
1770733219,84436978,robot_3,1.058,-3.374
1770733219,284346487,robot_0,1.517,-0.270
1770733219,284388970,robot_2,-2.473,-1.110
1770733219,284406576,robot_1,0.322,1.837
1770733219,284421207,robot_3,1.058,-3.375
1770733219,507567106,robot_0,1.509,-0.313
1770733219,507606932,robot_2,-2.473,-1.110
1770733219,507626039,robot_1,0.322,1.838
1770733219,507642050,robot_3,1.058,-3.376
1770733219,725893564,robot_0,1.502,-0.356
1770733219,725935935,robot_2,-2.473,-1.110
1770733219,725955827,robot_1,0.322,1.839
1770733219,725972643,robot_3,1.058,-3.376
1770733219,926909012,robot_0,1.496,-0.391
1770733219,927024130,robot_2,-2.472,-1.110
1770733219,927046278,robot_1,0.321,1.839
1770733219,927064194,robot_3,1.075,-3.366
1770733220,129177245,robot_0,1.491,-0.429
1770733220,129221505,robot_2,-2.472,-1.109
1770733220,129238949,robot_1,0.321,1.840
1770733220,129253436,robot_3,1.099,-3.351
1770733220,727249029,robot_0,1.488,-0.453
1770733220,727291756,robot_2,-2.471,-1.109
1770733220,727309572,robot_1,0.319,1.838
1770733220,727323588,robot_3,1.115,-3.338
1770733220,946577758,robot_0,1.488,-0.455
1770733220,946614815,robot_2,-2.471,-1.108
1770733220,946631112,robot_1,0.318,1.837
1770733220,946645779,robot_3,1.148,-3.309
1770733221,150009069,robot_0,1.488,-0.455
1770733221,150058657,robot_2,-2.472,-1.107
1770733221,150078471,robot_1,0.318,1.837
1770733221,150093177,robot_3,1.177,-3.282
1770733221,352132629,robot_0,1.487,-0.456
1770733221,352172706,robot_2,-2.472,-1.106
1770733221,352192952,robot_1,0.317,1.837
1770733221,352207439,robot_3,1.196,-3.265
1770733221,570515044,robot_0,1.487,-0.456
1770733221,570554581,robot_2,-2.473,-1.106
1770733221,570572693,robot_1,0.316,1.836
1770733221,570587679,robot_3,1.196,-3.265
1770733221,778447758,robot_0,1.486,-0.457
1770733221,778534143,robot_2,-2.474,-1.107
1770733221,778577107,robot_1,0.316,1.836
1770733221,778613080,robot_3,1.196,-3.265
1770733221,979996927,robot_0,1.486,-0.458
1770733221,980076769,robot_2,-2.487,-1.140
1770733221,980120872,robot_1,0.315,1.835
1770733221,980157002,robot_3,1.197,-3.265
1770733222,197519433,robot_0,1.487,-0.458
1770733222,197560161,robot_2,-2.504,-1.180
1770733222,197578802,robot_1,0.315,1.834
1770733222,197593747,robot_3,1.197,-3.265
1770733222,398182116,robot_0,1.487,-0.459
1770733222,398219288,robot_2,-2.523,-1.215
1770733222,398236369,robot_1,0.316,1.834
1770733222,398251400,robot_3,1.198,-3.265
1770733222,599011781,robot_0,1.488,-0.459
1770733222,599050421,robot_2,-2.546,-1.248
1770733222,599067988,robot_1,0.316,1.833
1770733222,599083407,robot_3,1.199,-3.264
1770733222,801334903,robot_0,1.489,-0.459
1770733222,801411371,robot_2,-2.568,-1.279
1770733222,801454454,robot_1,0.317,1.833
1770733222,801502036,robot_3,1.199,-3.264
1770733223,2255014,robot_0,1.489,-0.459
1770733223,2295444,robot_2,-2.587,-1.307
1770733223,2318732,robot_1,0.318,1.832
1770733223,2334803,robot_3,1.199,-3.263
1770733223,222632870,robot_0,1.490,-0.459
1770733223,222673909,robot_2,-2.604,-1.340
1770733223,222692572,robot_1,0.318,1.832
1770733223,222709616,robot_3,1.199,-3.262
1770733223,424134488,robot_0,1.473,-0.431
1770733223,424171970,robot_2,-2.619,-1.377
1770733223,424190311,robot_1,0.316,1.853
1770733223,424206740,robot_3,1.198,-3.261
1770733223,643021179,robot_0,1.449,-0.394
1770733223,643063303,robot_2,-2.632,-1.419
1770733223,643081135,robot_1,0.314,1.879
1770733223,643095388,robot_3,1.198,-3.261
1770733223,844695499,robot_0,1.429,-0.362
1770733223,844736623,robot_2,-2.640,-1.441
1770733223,844755779,robot_1,0.313,1.891
1770733223,844772715,robot_3,1.193,-3.270
1770733224,45493548,robot_0,1.410,-0.330
1770733224,45536517,robot_2,-2.640,-1.441
1770733224,45555022,robot_1,0.312,1.891
1770733224,45570945,robot_3,1.185,-3.292
1770733224,246717427,robot_0,1.396,-0.296
1770733224,246774100,robot_2,-2.640,-1.441
1770733224,246804422,robot_1,0.312,1.891
1770733224,246829210,robot_3,1.179,-3.316
1770733224,449389171,robot_0,1.391,-0.273
1770733224,449463841,robot_2,-2.641,-1.441
1770733224,449574673,robot_1,0.312,1.891
1770733224,449595556,robot_3,1.177,-3.344
1770733224,667493069,robot_0,1.387,-0.247
1770733224,667543386,robot_2,-2.642,-1.442
1770733224,667563444,robot_1,0.313,1.891
1770733224,667579214,robot_3,1.180,-3.374
1770733224,868429114,robot_0,1.381,-0.213
1770733224,868463469,robot_2,-2.642,-1.442
1770733224,868487971,robot_1,0.314,1.891
1770733224,868499766,robot_3,1.190,-3.408
1770733225,92011689,robot_0,1.372,-0.169
1770733225,92058109,robot_2,-2.642,-1.443
1770733225,92075651,robot_1,0.314,1.892
1770733225,92089588,robot_3,1.208,-3.448
1770733225,310345486,robot_0,1.364,-0.128
1770733225,310382989,robot_2,-2.642,-1.444
1770733225,310398882,robot_1,0.314,1.893
1770733225,310412691,robot_3,1.226,-3.484
1770733225,510587605,robot_0,1.356,-0.094
1770733225,510629125,robot_2,-2.642,-1.445
1770733225,510647396,robot_1,0.314,1.894
1770733225,510663171,robot_3,1.238,-3.508
1770733225,714639678,robot_0,1.348,-0.060
1770733225,714715953,robot_2,-2.641,-1.445
1770733225,714761492,robot_1,0.314,1.894
1770733225,714798879,robot_3,1.251,-3.533
1770733225,932242796,robot_0,1.346,-0.052
1770733225,932282028,robot_2,-2.640,-1.446
1770733225,932301250,robot_1,0.313,1.895
1770733225,932316854,robot_3,1.254,-3.539
1770733226,134141481,robot_0,1.346,-0.052
1770733226,134180613,robot_2,-2.640,-1.446
1770733226,134199302,robot_1,0.313,1.895
1770733226,134215574,robot_3,1.254,-3.539
1770733226,338104916,robot_0,1.346,-0.052
1770733226,338153328,robot_2,-2.641,-1.432
1770733226,338176925,robot_1,0.309,1.885
1770733226,338195480,robot_3,1.253,-3.540
1770733226,538763086,robot_0,1.347,-0.051
1770733226,538804554,robot_2,-2.646,-1.398
1770733226,538823083,robot_1,0.301,1.861
1770733226,538838481,robot_3,1.253,-3.540
1770733226,739030627,robot_0,1.347,-0.051
1770733226,739071512,robot_2,-2.654,-1.365
1770733226,739090823,robot_1,0.292,1.838
1770733226,739106833,robot_3,1.253,-3.541
1770733227,38788883,robot_0,1.347,-0.050
1770733227,38832504,robot_2,-2.656,-1.358
1770733227,38852796,robot_1,0.292,1.836
1770733227,38870572,robot_3,1.253,-3.541
1770733227,239579199,robot_0,1.347,-0.050
1770733227,239629177,robot_2,-2.666,-1.328
1770733227,239648013,robot_1,0.292,1.836
1770733227,239662026,robot_3,1.253,-3.542
1770733227,440591032,robot_0,1.346,-0.049
1770733227,440628342,robot_2,-2.675,-1.303
1770733227,440645550,robot_1,0.292,1.836
1770733227,440659622,robot_3,1.254,-3.543
1770733227,656847458,robot_0,1.346,-0.049
1770733227,656891320,robot_2,-2.682,-1.285
1770733227,656912714,robot_1,0.291,1.836
1770733227,656928658,robot_3,1.254,-3.543
1770733227,878680861,robot_0,1.345,-0.049
1770733227,878720511,robot_2,-2.686,-1.275
1770733227,878737371,robot_1,0.291,1.836
1770733227,878751768,robot_3,1.255,-3.543
1770733228,97589794,robot_0,1.345,-0.049
1770733228,97631979,robot_2,-2.686,-1.274
1770733228,97652136,robot_1,0.290,1.835
1770733228,97667976,robot_3,1.256,-3.543
1770733228,456522841,robot_0,1.344,-0.049
1770733228,456560830,robot_2,-2.686,-1.274
1770733228,456576016,robot_1,0.290,1.835
1770733228,456588259,robot_3,1.256,-3.543
1770733228,676647501,robot_0,1.348,-0.084
1770733228,676689804,robot_2,-2.685,-1.273
1770733228,676811617,robot_1,0.289,1.835
1770733228,676845237,robot_3,1.248,-3.512
1770733228,877415964,robot_0,1.352,-0.112
1770733228,877460556,robot_2,-2.685,-1.272
1770733228,877489722,robot_1,0.289,1.834
1770733228,877506246,robot_3,1.236,-3.475
1770733229,77837230,robot_0,1.355,-0.134
1770733229,77873667,robot_2,-2.686,-1.272
1770733229,77890025,robot_1,0.289,1.833
1770733229,77904352,robot_3,1.223,-3.437
1770733229,280748619,robot_0,1.356,-0.161
1770733229,280789907,robot_2,-2.686,-1.271
1770733229,280806947,robot_1,0.289,1.833
1770733229,280821571,robot_3,1.210,-3.399
1770733229,499829305,robot_0,1.354,-0.205
1770733229,499871168,robot_2,-2.687,-1.271
1770733229,499890201,robot_1,0.290,1.832
1770733229,499905828,robot_3,1.196,-3.358
1770733229,700389482,robot_0,1.352,-0.245
1770733229,700426647,robot_2,-2.688,-1.270
1770733229,700443091,robot_1,0.290,1.832
1770733229,700459420,robot_3,1.183,-3.320
1770733229,904121323,robot_0,1.351,-0.272
1770733229,904194178,robot_2,-2.689,-1.271
1770733229,904235966,robot_1,0.291,1.832
1770733229,904271767,robot_3,1.170,-3.282
1770733230,105854569,robot_0,1.352,-0.296
1770733230,105935893,robot_2,-2.689,-1.271
1770733230,105981831,robot_1,0.291,1.832
1770733230,106018298,robot_3,1.158,-3.244
1770733230,326251130,robot_0,1.357,-0.323
1770733230,326292402,robot_2,-2.681,-1.280
1770733230,326311205,robot_1,0.292,1.832
1770733230,326325315,robot_3,1.144,-3.202
1770733230,543375832,robot_0,1.365,-0.349
1770733230,543414619,robot_2,-2.651,-1.312
1770733230,543433307,robot_1,0.293,1.832
1770733230,543449470,robot_3,1.129,-3.160
1770733230,746075138,robot_0,1.375,-0.372
1770733230,746108874,robot_2,-2.623,-1.340
1770733230,746124682,robot_1,0.293,1.833
1770733230,746136779,robot_3,1.117,-3.123
1770733230,965385198,robot_0,1.387,-0.407
1770733230,965423164,robot_2,-2.620,-1.343
1770733230,965440314,robot_1,0.294,1.834
1770733230,965454856,robot_3,1.102,-3.081
1770733231,168816235,robot_0,1.400,-0.438
1770733231,168862143,robot_2,-2.621,-1.343
1770733231,168883345,robot_1,0.294,1.835
1770733231,168899512,robot_3,1.090,-3.043
1770733231,387200094,robot_0,1.415,-0.470
1770733231,387236705,robot_2,-2.621,-1.344
1770733231,387254169,robot_1,0.293,1.835
1770733231,387269291,robot_3,1.079,-3.011
1770733231,588201645,robot_0,1.430,-0.497
1770733231,588235530,robot_2,-2.621,-1.345
1770733231,588250334,robot_1,0.293,1.836
1770733231,588264657,robot_3,1.070,-2.986
1770733231,789537025,robot_0,1.448,-0.525
1770733231,789573724,robot_2,-2.621,-1.345
1770733231,789590604,robot_1,0.292,1.836
1770733231,789605678,robot_3,1.059,-2.959
1770733231,991648311,robot_0,1.470,-0.555
1770733231,991689165,robot_2,-2.620,-1.346
1770733231,991724201,robot_1,0.292,1.836
1770733231,991742242,robot_3,1.043,-2.923
1770733232,210917040,robot_0,1.499,-0.585
1770733232,210950696,robot_2,-2.619,-1.346
1770733232,210966702,robot_1,0.291,1.836
1770733232,210979269,robot_3,1.025,-2.882
1770733232,411134902,robot_0,1.518,-0.599
1770733232,411171031,robot_2,-2.618,-1.347
1770733232,411186728,robot_1,0.291,1.836
1770733232,411202827,robot_3,1.009,-2.846
1770733232,717863007,robot_0,1.523,-0.603
1770733232,717911106,robot_2,-2.618,-1.347
1770733232,717933741,robot_1,0.290,1.836
1770733232,717952050,robot_3,1.004,-2.835
1770733232,938523517,robot_0,1.559,-0.624
1770733232,938565477,robot_2,-2.617,-1.346
1770733232,938589551,robot_1,0.290,1.836
1770733232,938614908,robot_3,0.989,-2.798
1770733233,141285679,robot_0,1.593,-0.640
1770733233,141324362,robot_2,-2.617,-1.346
1770733233,141341217,robot_1,0.289,1.835
1770733233,141356832,robot_3,0.977,-2.763
1770733233,342847225,robot_0,1.614,-0.648
1770733233,342889518,robot_2,-2.628,-1.334
1770733233,342908684,robot_1,0.289,1.834
1770733233,342924894,robot_3,0.970,-2.731
1770733233,562271226,robot_0,1.614,-0.648
1770733233,562308689,robot_2,-2.658,-1.302
1770733233,562326298,robot_1,0.289,1.833
1770733233,562340429,robot_3,0.966,-2.699
1770733233,764249588,robot_0,1.614,-0.649
1770733233,764287103,robot_2,-2.683,-1.277
1770733233,764302475,robot_1,0.290,1.833
1770733233,764316506,robot_3,0.962,-2.672
1770733233,964381572,robot_0,1.614,-0.649
1770733233,964420636,robot_2,-2.698,-1.261
1770733233,964436166,robot_1,0.290,1.832
1770733233,964450367,robot_3,0.953,-2.633
1770733234,165529754,robot_0,1.615,-0.650
1770733234,165569974,robot_2,-2.712,-1.246
1770733234,165588047,robot_1,0.291,1.832
1770733234,165602985,robot_3,0.943,-2.594
1770733234,365628473,robot_0,1.616,-0.650
1770733234,365674333,robot_2,-2.727,-1.231
1770733234,365694722,robot_1,0.297,1.850
1770733234,365713102,robot_3,0.932,-2.556
1770733234,587798603,robot_0,1.616,-0.650
1770733234,587840773,robot_2,-2.743,-1.216
1770733234,587858910,robot_1,0.310,1.889
1770733234,587873766,robot_3,0.920,-2.513
1770733234,810417609,robot_0,1.617,-0.649
1770733234,810479219,robot_2,-2.762,-1.201
1770733234,810579566,robot_1,0.320,1.925
1770733234,810599471,robot_3,0.909,-2.474
1770733235,28495680,robot_0,1.617,-0.649
1770733235,28538050,robot_2,-2.786,-1.185
1770733235,28557339,robot_1,0.327,1.952
1770733235,28573262,robot_3,0.900,-2.442
1770733235,229192307,robot_0,1.617,-0.648
1770733235,229231112,robot_2,-2.807,-1.169
1770733235,229247258,robot_1,0.336,1.977
1770733235,229261545,robot_3,0.892,-2.414
1770733235,430000741,robot_0,1.617,-0.647
1770733235,430047519,robot_2,-2.837,-1.144
1770733235,430067878,robot_1,0.350,2.006
1770733235,430089734,robot_3,0.884,-2.382
1770733235,630180488,robot_0,1.617,-0.647
1770733235,630223230,robot_2,-2.867,-1.117
1770733235,630241681,robot_1,0.368,2.035
1770733235,630257996,robot_3,0.877,-2.350
1770733235,830670633,robot_0,1.605,-0.654
1770733235,830708761,robot_2,-2.886,-1.100
1770733235,830727251,robot_1,0.384,2.059
1770733235,830743351,robot_3,0.875,-2.314
1770733236,31282896,robot_0,1.570,-0.673
1770733236,31321058,robot_2,-2.886,-1.100
1770733236,31337551,robot_1,0.400,2.078
1770733236,31351563,robot_3,0.875,-2.274
1770733236,231966609,robot_0,1.536,-0.694
1770733236,232054550,robot_2,-2.886,-1.100
1770733236,232074402,robot_1,0.419,2.093
1770733236,232090156,robot_3,0.877,-2.235
1770733236,433719321,robot_0,1.512,-0.707
1770733236,433763100,robot_2,-2.886,-1.099
1770733236,433782464,robot_1,0.438,2.105
1770733236,433798145,robot_3,0.879,-2.195
1770733236,654101432,robot_0,1.485,-0.721
1770733236,654136983,robot_2,-2.886,-1.098
1770733236,654155013,robot_1,0.459,2.115
1770733236,654169333,robot_3,0.881,-2.151
1770733236,854667363,robot_0,1.454,-0.737
1770733236,854701958,robot_2,-2.886,-1.097
1770733236,854716875,robot_1,0.488,2.129
1770733236,854728833,robot_3,0.883,-2.111
1770733237,55175900,robot_0,1.417,-0.754
1770733237,55212201,robot_2,-2.887,-1.097
1770733237,55229672,robot_1,0.523,2.149
1770733237,55243974,robot_3,0.885,-2.071
1770733237,261199442,robot_0,1.381,-0.771
1770733237,261245834,robot_2,-2.888,-1.097
1770733237,261266029,robot_1,0.557,2.169
1770733237,261283643,robot_3,0.887,-2.031
1770733237,477415853,robot_0,1.341,-0.789
1770733237,477451401,robot_2,-2.889,-1.097
1770733237,477480039,robot_1,0.596,2.190
1770733237,477496636,robot_3,0.888,-2.009
1770733237,678522062,robot_0,1.305,-0.806
1770733237,678566945,robot_2,-2.890,-1.097
1770733237,678585531,robot_1,0.630,2.210
1770733237,678600819,robot_3,0.890,-1.989
1770733237,879388122,robot_0,1.269,-0.823
1770733237,879422287,robot_2,-2.890,-1.098
1770733237,879438391,robot_1,0.645,2.219
1770733237,879451500,robot_3,0.893,-1.962
1770733238,79665501,robot_0,1.233,-0.840
1770733238,79700320,robot_2,-2.890,-1.098
1770733238,79715105,robot_1,0.645,2.218
1770733238,79727452,robot_3,0.898,-1.932
1770733238,281156591,robot_0,1.201,-0.855
1770733238,281198779,robot_2,-2.886,-1.100
1770733238,281219424,robot_1,0.646,2.218
1770733238,281235791,robot_3,0.906,-1.905
1770733238,482703322,robot_0,1.201,-0.855
1770733238,482742920,robot_2,-2.860,-1.107
1770733238,482759318,robot_1,0.646,2.218
1770733238,482772206,robot_3,0.914,-1.884
1770733238,683076931,robot_0,1.201,-0.855
1770733238,683131537,robot_2,-2.834,-1.110
1770733238,683159498,robot_1,0.647,2.218
1770733238,683186337,robot_3,0.925,-1.865
1770733238,884694741,robot_0,1.200,-0.854
1770733238,884732053,robot_2,-2.797,-1.107
1770733238,884748764,robot_1,0.648,2.218
1770733238,884764349,robot_3,0.938,-1.849
1770733239,86998252,robot_0,1.200,-0.854
1770733239,87074956,robot_2,-2.758,-1.099
1770733239,87116649,robot_1,0.649,2.218
1770733239,87152305,robot_3,0.953,-1.834
1770733239,287668878,robot_0,1.199,-0.854
1770733239,287710839,robot_2,-2.723,-1.091
1770733239,287728477,robot_1,0.649,2.219
1770733239,287743848,robot_3,0.970,-1.819
1770733239,488269252,robot_0,1.198,-0.854
1770733239,488304911,robot_2,-2.696,-1.085
1770733239,488321676,robot_1,0.649,2.220
1770733239,488336287,robot_3,0.994,-1.793
1770733239,708949776,robot_0,1.198,-0.855
1770733239,709026385,robot_2,-2.667,-1.078
1770733239,709070511,robot_1,0.649,2.221
1770733239,709107904,robot_3,1.016,-1.760
1770733239,909549036,robot_0,1.197,-0.856
1770733239,909605532,robot_2,-2.644,-1.073
1770733239,909630332,robot_1,0.649,2.221
1770733239,909649830,robot_3,1.029,-1.732
1770733240,111387057,robot_0,1.197,-0.856
1770733240,111423518,robot_2,-2.621,-1.070
1770733240,111438978,robot_1,0.648,2.222
1770733240,111451915,robot_3,1.039,-1.703
1770733240,330681437,robot_0,1.198,-0.857
1770733240,330721949,robot_2,-2.587,-1.070
1770733240,330738708,robot_1,0.641,2.212
1770733240,330752901,robot_3,1.049,-1.667
1770733240,530774898,robot_0,1.198,-0.858
1770733240,530812654,robot_2,-2.547,-1.075
1770733240,530827620,robot_1,0.617,2.180
1770733240,530840720,robot_3,1.057,-1.628
1770733240,733731206,robot_0,1.198,-0.858
1770733240,733770872,robot_2,-2.508,-1.081
1770733240,733788557,robot_1,0.593,2.148
1770733240,733803664,robot_3,1.065,-1.589
1770733240,952943391,robot_0,1.223,-0.829
1770733240,952981206,robot_2,-2.480,-1.086
1770733240,952999998,robot_1,0.571,2.117
1770733240,953014042,robot_3,1.074,-1.545
1770733241,154680761,robot_0,1.249,-0.798
1770733241,154717860,robot_2,-2.456,-1.092
1770733241,154734700,robot_1,0.551,2.089
1770733241,154748662,robot_3,1.082,-1.506
1770733241,357203643,robot_0,1.272,-0.770
1770733241,357241115,robot_2,-2.446,-1.095
1770733241,357256880,robot_1,0.530,2.058
1770733241,357271494,robot_3,1.090,-1.470
1770733241,576317807,robot_0,1.296,-0.742
1770733241,576352634,robot_2,-2.446,-1.095
1770733241,576368984,robot_1,0.504,2.022
1770733241,576385013,robot_3,1.100,-1.431
1770733241,779586757,robot_0,1.317,-0.719
1770733241,779625342,robot_2,-2.446,-1.095
1770733241,779641511,robot_1,0.484,1.992
1770733241,779655933,robot_3,1.114,-1.397
1770733241,998158390,robot_0,1.334,-0.702
1770733241,998194530,robot_2,-2.446,-1.096
1770733241,998210202,robot_1,0.483,1.992
1770733241,998222920,robot_3,1.137,-1.360
1770733242,200576429,robot_0,1.351,-0.688
1770733242,200614236,robot_2,-2.446,-1.096
1770733242,200630921,robot_1,0.483,1.992
1770733242,200646188,robot_3,1.159,-1.327
1770733242,401021645,robot_0,1.372,-0.673
1770733242,401056911,robot_2,-2.445,-1.097
1770733242,401072953,robot_1,0.482,1.992
1770733242,401087099,robot_3,1.179,-1.298
1770733242,601395267,robot_0,1.394,-0.659
1770733242,601442286,robot_2,-2.444,-1.097
1770733242,601463390,robot_1,0.481,1.992
1770733242,601486314,robot_3,1.198,-1.271
1770733242,801929021,robot_0,1.415,-0.645
1770733242,801968174,robot_2,-2.443,-1.098
1770733242,801988512,robot_1,0.481,1.991
1770733242,802004241,robot_3,1.214,-1.248
1770733243,9516277,robot_0,1.433,-0.631
1770733243,9558940,robot_2,-2.443,-1.097
1770733243,9575307,robot_1,0.480,1.991
1770733243,9590273,robot_3,1.187,-1.286
1770733243,226393388,robot_0,1.453,-0.614
1770733243,226438843,robot_2,-2.442,-1.097
1770733243,226460044,robot_1,0.480,1.990
1770733243,226487823,robot_3,1.139,-1.353
1770733243,445405854,robot_0,1.482,-0.583
1770733243,445441674,robot_2,-2.441,-1.096
1770733243,445458796,robot_1,0.480,1.989
1770733243,445478794,robot_3,1.110,-1.393
1770733243,645717326,robot_0,1.509,-0.554
1770733243,645751517,robot_2,-2.441,-1.096
1770733243,645766512,robot_1,0.480,1.988
1770733243,645778384,robot_3,1.123,-1.370
1770733243,847784979,robot_0,1.525,-0.536
1770733243,847826621,robot_2,-2.457,-1.091
1770733243,847845595,robot_1,0.481,1.988
1770733243,847862720,robot_3,1.130,-1.358
1770733244,48197165,robot_0,1.525,-0.537
1770733244,48247452,robot_2,-2.496,-1.083
1770733244,48294698,robot_1,0.482,1.987
1770733244,48326654,robot_3,1.109,-1.418
1770733244,252130979,robot_0,1.525,-0.537
1770733244,252196582,robot_2,-2.534,-1.075
1770733244,252226763,robot_1,0.482,1.988
1770733244,252251173,robot_3,1.085,-1.489
1770733244,470417989,robot_0,1.526,-0.537
1770733244,470455315,robot_2,-2.570,-1.066
1770733244,470485786,robot_1,0.489,2.026
1770733244,470499864,robot_3,1.072,-1.528
1770733244,689721121,robot_0,1.526,-0.537
1770733244,689760184,robot_2,-2.606,-1.055
1770733244,689778776,robot_1,0.498,2.068
1770733244,689795251,robot_3,1.072,-1.528
1770733244,890638898,robot_0,1.527,-0.536
1770733244,890674977,robot_2,-2.641,-1.041
1770733244,890690757,robot_1,0.510,2.106
1770733244,890704794,robot_3,1.078,-1.510
1770733245,93945095,robot_0,1.527,-0.536
1770733245,94022870,robot_2,-2.677,-1.025
1770733245,94065094,robot_1,0.526,2.142
1770733245,94101811,robot_3,1.086,-1.482
1770733245,314644162,robot_0,1.528,-0.535
1770733245,314682733,robot_2,-2.714,-1.012
1770733245,314700389,robot_1,0.548,2.179
1770733245,314715990,robot_3,1.090,-1.456
1770733245,537768359,robot_0,1.528,-0.534
1770733245,537812516,robot_2,-2.748,-1.005
1770733245,537835157,robot_1,0.574,2.215
1770733245,537854039,robot_3,1.091,-1.456
1770733245,755542053,robot_0,1.527,-0.534
1770733245,755588358,robot_2,-2.783,-0.999
1770733245,755609781,robot_1,0.599,2.249
1770733245,755627036,robot_3,1.091,-1.456
1770733245,960565580,robot_0,1.527,-0.533
1770733245,960616959,robot_2,-2.821,-0.990
1770733245,960635660,robot_1,0.614,2.270
1770733245,960650686,robot_3,1.091,-1.456
1770733246,177588237,robot_0,1.526,-0.533
1770733246,177625359,robot_2,-2.861,-0.978
1770733246,177642166,robot_1,0.630,2.294
1770733246,177655861,robot_3,1.091,-1.456
1770733246,379839561,robot_0,1.518,-0.556
1770733246,379874533,robot_2,-2.898,-0.963
1770733246,379891426,robot_1,0.647,2.325
1770733246,379905637,robot_3,1.090,-1.482
1770733246,598993495,robot_0,1.505,-0.597
1770733246,599028407,robot_2,-2.939,-0.946
1770733246,599043892,robot_1,0.667,2.365
1770733246,599057253,robot_3,1.088,-1.565
1770733246,799427924,robot_0,1.492,-0.634
1770733246,799463740,robot_2,-2.970,-0.933
1770733246,799488257,robot_1,0.683,2.396
1770733246,799502179,robot_3,1.087,-1.639
1770733247,654961,robot_0,1.478,-0.672
1770733247,693410,robot_2,-2.989,-0.925
1770733247,710653,robot_1,0.693,2.415
1770733247,724710,robot_3,1.087,-1.659
1770733247,202978986,robot_0,1.464,-0.709
1770733247,203074245,robot_2,-3.007,-0.914
1770733247,203159174,robot_1,0.705,2.433
1770733247,203176791,robot_3,1.091,-1.632
1770733247,422575717,robot_0,1.448,-0.750
1770733247,422611886,robot_2,-3.010,-0.912
1770733247,422628167,robot_1,0.725,2.453
1770733247,422642371,robot_3,1.086,-1.643
1770733247,624818459,robot_0,1.434,-0.788
1770733247,624898541,robot_2,-3.010,-0.912
1770733247,624941032,robot_1,0.744,2.470
1770733247,624977615,robot_3,1.062,-1.714
1770733247,826334473,robot_0,1.421,-0.821
1770733247,826412363,robot_2,-3.010,-0.912
1770733247,826454842,robot_1,0.757,2.481
1770733247,826503316,robot_3,1.040,-1.783
1770733248,44950668,robot_0,1.409,-0.854
1770733248,44988109,robot_2,-3.010,-0.912
1770733248,45006203,robot_1,0.757,2.480
1770733248,45019553,robot_3,1.040,-1.785
1770733248,247974064,robot_0,1.400,-0.884
1770733248,248019551,robot_2,-3.010,-0.911
1770733248,248041076,robot_1,0.757,2.480
1770733248,248060824,robot_3,1.055,-1.757
1770733248,449633300,robot_0,1.392,-0.919
1770733248,449675174,robot_2,-3.010,-0.910
1770733248,449692862,robot_1,0.758,2.480
1770733248,449707560,robot_3,1.056,-1.753
1770733248,650230147,robot_0,1.385,-0.955
1770733248,650273918,robot_2,-3.010,-0.909
1770733248,650291979,robot_1,0.759,2.480
1770733248,650308304,robot_3,1.056,-1.753
1770733248,850228006,robot_0,1.382,-0.973
1770733248,850262615,robot_2,-3.011,-0.909
1770733248,850279903,robot_1,0.759,2.480
1770733248,850293289,robot_3,1.056,-1.753
1770733249,50996225,robot_0,1.381,-0.973
1770733249,51035292,robot_2,-3.012,-0.908
1770733249,51052566,robot_1,0.760,2.481
1770733249,51067434,robot_3,1.056,-1.753
1770733249,253833262,robot_0,1.381,-0.973
1770733249,253882592,robot_2,-3.013,-0.908
1770733249,253907985,robot_1,0.760,2.482
1770733249,253927084,robot_3,1.056,-1.753
1770733249,472359297,robot_0,1.381,-0.974
1770733249,472399985,robot_2,-3.014,-0.909
1770733249,472418449,robot_1,0.760,2.483
1770733249,472433204,robot_3,1.019,-1.800
1770733249,673774006,robot_0,1.380,-0.974
1770733249,673811227,robot_2,-3.014,-0.909
1770733249,673827799,robot_1,0.760,2.483
1770733249,673841566,robot_3,0.973,-1.860
1770733249,874562334,robot_0,1.380,-0.975
1770733249,874600280,robot_2,-3.001,-0.925
1770733249,874617138,robot_1,0.760,2.484
1770733249,874631710,robot_3,0.927,-1.919
1770733250,95224202,robot_0,1.380,-0.976
1770733250,95265296,robot_2,-2.977,-0.954
1770733250,95286530,robot_1,0.759,2.484
1770733250,95305935,robot_3,0.876,-1.984
1770733250,295455667,robot_0,1.380,-0.976
1770733250,295506371,robot_2,-2.960,-0.976
1770733250,295522456,robot_1,0.759,2.485
1770733250,295535539,robot_3,0.831,-2.043
1770733250,496708417,robot_0,1.381,-0.977
1770733250,496749689,robot_2,-2.960,-0.975
1770733250,496764418,robot_1,0.758,2.485
1770733250,496776898,robot_3,0.819,-2.058
1770733250,697300852,robot_0,1.381,-0.977
1770733250,697345972,robot_2,-2.960,-0.975
1770733250,697363696,robot_1,0.758,2.485
1770733250,697377894,robot_3,0.838,-2.039
1770733250,899753455,robot_0,1.382,-0.977
1770733250,899792356,robot_2,-2.960,-0.976
1770733250,899809643,robot_1,0.757,2.484
1770733250,899823235,robot_3,0.867,-2.019
1770733251,103587684,robot_0,1.383,-0.977
1770733251,103628267,robot_2,-2.960,-0.976
1770733251,103645402,robot_1,0.757,2.484
1770733251,103659041,robot_3,0.901,-2.002
1770733251,325075982,robot_0,1.379,-0.967
1770733251,325166557,robot_2,-2.961,-0.977
1770733251,325215478,robot_1,0.756,2.483
1770733251,325311490,robot_3,0.934,-1.991
1770733251,525865545,robot_0,1.365,-0.940
1770733251,525908692,robot_2,-2.961,-0.978
1770733251,525927778,robot_1,0.756,2.482
1770733251,525944667,robot_3,0.886,-1.996
1770733251,726286294,robot_0,1.349,-0.914
1770733251,726324295,robot_2,-2.961,-0.978
1770733251,726342406,robot_1,0.756,2.482
1770733251,726356329,robot_3,0.811,-2.002
1770733251,946636749,robot_0,1.347,-0.910
1770733251,946679098,robot_2,-2.960,-0.979
1770733251,946697912,robot_1,0.756,2.481
1770733251,946713026,robot_3,0.762,-2.007
1770733252,165091253,robot_0,1.347,-0.910
1770733252,165128056,robot_2,-2.959,-0.980
1770733252,165145928,robot_1,0.757,2.480
1770733252,165160441,robot_3,0.790,-2.006
1770733252,367612255,robot_0,1.347,-0.909
1770733252,367685187,robot_2,-2.958,-0.980
1770733252,367728866,robot_1,0.758,2.480
1770733252,367765767,robot_3,0.796,-2.006
1770733252,586290950,robot_0,1.347,-0.908
1770733252,586329391,robot_2,-2.958,-0.980
1770733252,586346502,robot_1,0.759,2.480
1770733252,586360517,robot_3,0.720,-1.999
1770733252,786922946,robot_0,1.347,-0.908
1770733252,786963814,robot_2,-2.959,-0.974
1770733252,786981592,robot_1,0.758,2.485
1770733252,786996099,robot_3,0.645,-1.993
1770733252,991478192,robot_0,1.347,-0.907
1770733252,991521773,robot_2,-2.967,-0.951
1770733252,991539395,robot_1,0.747,2.522
1770733252,991554680,robot_3,0.619,-1.990
1770733253,194225727,robot_0,1.346,-0.907
1770733253,194301789,robot_2,-2.976,-0.929
1770733253,194345149,robot_1,0.731,2.557
1770733253,194381210,robot_3,0.619,-1.990
1770733253,411714013,robot_0,1.345,-0.907
1770733253,411759565,robot_2,-2.979,-0.923
1770733253,411783500,robot_1,0.725,2.570
1770733253,411802651,robot_3,0.582,-1.987
1770733253,633142240,robot_0,1.345,-0.907
1770733253,633181859,robot_2,-2.978,-0.923
1770733253,633198843,robot_1,0.725,2.571
1770733253,633214341,robot_3,0.499,-1.980
1770733253,851451395,robot_0,1.344,-0.908
1770733253,851495137,robot_2,-2.978,-0.922
1770733253,851511028,robot_1,0.725,2.572
1770733253,851525835,robot_3,0.417,-1.973
1770733254,52735274,robot_0,1.344,-0.908
1770733254,52770982,robot_2,-2.977,-0.922
1770733254,52788219,robot_1,0.725,2.572
1770733254,52803269,robot_3,0.342,-1.966
1770733254,258026197,robot_0,1.345,-0.909
1770733254,258072129,robot_2,-2.978,-0.921
1770733254,258097863,robot_1,0.725,2.573
1770733254,258113383,robot_3,0.268,-1.959
1770733254,476063795,robot_0,1.384,-0.921
1770733254,476104974,robot_2,-2.978,-0.920
1770733254,476124026,robot_1,0.724,2.574
1770733254,476139852,robot_3,0.232,-1.956
1770733254,697201293,robot_0,1.426,-0.933
1770733254,697241832,robot_2,-2.979,-0.919
1770733254,697259105,robot_1,0.724,2.574
1770733254,697272802,robot_3,0.270,-1.961
1770733254,917948373,robot_0,1.469,-0.945
1770733254,917985813,robot_2,-2.980,-0.919
1770733254,918002842,robot_1,0.723,2.574
1770733254,918016693,robot_3,0.310,-1.967
1770733255,118717347,robot_0,1.507,-0.956
1770733255,118757089,robot_2,-2.980,-0.919
1770733255,118779792,robot_1,0.722,2.574
1770733255,118796666,robot_3,0.347,-1.972
1770733255,320367204,robot_0,1.538,-0.965
1770733255,320407510,robot_2,-2.981,-0.919
1770733255,320426563,robot_1,0.721,2.573
1770733255,320442987,robot_3,0.376,-1.972
1770733255,522084555,robot_0,1.558,-0.970
1770733255,522124646,robot_2,-2.982,-0.920
1770733255,522141971,robot_1,0.721,2.573
1770733255,522155481,robot_3,0.376,-1.973
1770733255,739849318,robot_0,1.581,-0.973
1770733255,739887795,robot_2,-2.982,-0.920
1770733255,739906111,robot_1,0.721,2.572
1770733255,739920286,robot_3,0.376,-1.973
1770733255,941340270,robot_0,1.618,-0.971
1770733255,941381937,robot_2,-2.982,-0.921
1770733255,941398881,robot_1,0.756,2.563
1770733255,941412559,robot_3,0.377,-1.974
1770733256,141911557,robot_0,1.656,-0.966
1770733256,141949976,robot_2,-2.982,-0.921
1770733256,141965649,robot_1,0.795,2.554
1770733256,141979849,robot_3,0.378,-1.974
1770733256,343576240,robot_0,1.678,-0.962
1770733256,343622165,robot_2,-2.983,-0.922
1770733256,343642411,robot_1,0.824,2.547
1770733256,343659359,robot_3,0.379,-1.974
1770733256,543898911,robot_0,1.678,-0.963
1770733256,543933082,robot_2,-2.982,-0.923
1770733256,543948970,robot_1,0.844,2.543
1770733256,543961518,robot_3,0.379,-1.973
1770733256,747131617,robot_0,1.678,-0.963
1770733256,747171902,robot_2,-2.982,-0.923
1770733256,747188591,robot_1,0.865,2.540
1770733256,747204272,robot_3,0.380,-1.973
1770733256,964956993,robot_0,1.679,-0.963
1770733256,964997084,robot_2,-2.981,-0.924
1770733256,965016024,robot_1,0.908,2.537
1770733256,965030694,robot_3,0.380,-1.972
1770733257,165131506,robot_0,1.679,-0.964
1770733257,165166440,robot_2,-2.980,-0.924
1770733257,165182093,robot_1,0.948,2.535
1770733257,165195063,robot_3,0.380,-1.971
1770733257,366884745,robot_0,1.680,-0.964
1770733257,366924251,robot_2,-2.979,-0.924
1770733257,366943634,robot_1,0.985,2.533
1770733257,366958993,robot_3,0.380,-1.970
1770733257,567491535,robot_0,1.681,-0.963
1770733257,567537382,robot_2,-2.978,-0.923
1770733257,567558552,robot_1,1.020,2.532
1770733257,567683650,robot_3,0.379,-1.970
1770733257,768574859,robot_0,1.681,-0.963
1770733257,768610332,robot_2,-2.978,-0.922
1770733257,768625795,robot_1,1.053,2.533
1770733257,768638448,robot_3,0.378,-1.970
1770733257,969423850,robot_0,1.681,-0.962
1770733257,969483860,robot_2,-2.978,-0.922
1770733257,969507517,robot_1,1.055,2.533
1770733257,969523383,robot_3,0.363,-1.990
1770733258,170427321,robot_0,1.681,-0.961
1770733258,170492601,robot_2,-2.978,-0.921
1770733258,170514761,robot_1,1.055,2.532
1770733258,170529268,robot_3,0.348,-2.011
1770733258,370535372,robot_0,1.681,-0.961
1770733258,370570240,robot_2,-2.998,-0.922
1770733258,370584595,robot_1,1.055,2.532
1770733258,370597100,robot_3,0.329,-2.039
1770733258,578916097,robot_0,1.681,-0.960
1770733258,578970353,robot_2,-3.033,-0.926
1770733258,578993701,robot_1,1.056,2.531
1770733258,579008180,robot_3,0.307,-2.073
1770733258,779107671,robot_0,1.678,-0.962
1770733258,779198312,robot_2,-3.064,-0.930
1770733258,779244816,robot_1,1.057,2.531
1770733258,779284146,robot_3,0.285,-2.106
1770733258,999622165,robot_0,1.661,-0.982
1770733258,999706851,robot_2,-3.065,-0.930
1770733258,999754792,robot_1,1.057,2.531
1770733258,999794417,robot_3,0.261,-2.143
1770733259,200378620,robot_0,1.646,-1.001
1770733259,200435410,robot_2,-3.065,-0.930
1770733259,200477224,robot_1,1.058,2.532
1770733259,200498913,robot_3,0.239,-2.176
1770733259,412366844,robot_0,1.635,-1.017
1770733259,412407032,robot_2,-3.066,-0.929
1770733259,412424026,robot_1,1.059,2.532
1770733259,412437946,robot_3,0.223,-2.199
1770733259,615288095,robot_0,1.623,-1.033
1770733259,615381984,robot_2,-3.066,-0.929
1770733259,615426905,robot_1,1.059,2.533
1770733259,615480666,robot_3,0.207,-2.220
1770733259,831924017,robot_0,1.608,-1.053
1770733259,831961250,robot_2,-3.067,-0.929
1770733259,831978676,robot_1,1.059,2.534
1770733259,831992713,robot_3,0.186,-2.242
1770733260,32204161,robot_0,1.593,-1.072
1770733260,32240761,robot_2,-3.068,-0.929
1770733260,32257425,robot_1,1.059,2.535
1770733260,32270854,robot_3,0.164,-2.260
1770733260,234019941,robot_0,1.578,-1.091
1770733260,234054686,robot_2,-3.069,-0.930
1770733260,234073088,robot_1,1.058,2.535
1770733260,234087872,robot_3,0.141,-2.278
1770733260,453568926,robot_0,1.561,-1.113
1770733260,453606707,robot_2,-3.069,-0.930
1770733260,453625416,robot_1,1.058,2.535
1770733260,453638938,robot_3,0.106,-2.301
1770733260,655987918,robot_0,1.545,-1.132
1770733260,656024070,robot_2,-3.070,-0.931
1770733260,656042230,robot_1,1.058,2.536
1770733260,656055023,robot_3,0.074,-2.324
1770733260,878102682,robot_0,1.537,-1.140
1770733260,878175606,robot_2,-3.069,-0.932
1770733260,878219639,robot_1,1.057,2.536
1770733260,878255295,robot_3,0.057,-2.338
1770733261,96844940,robot_0,1.537,-1.141
1770733261,96885240,robot_2,-3.069,-0.933
1770733261,96902763,robot_1,1.056,2.536
1770733261,96916472,robot_3,0.056,-2.338
1770733261,297984448,robot_0,1.537,-1.141
1770733261,298026937,robot_2,-3.069,-0.933
1770733261,298047745,robot_1,1.055,2.535
1770733261,298062856,robot_3,0.055,-2.338
1770733261,499511460,robot_0,1.536,-1.140
1770733261,499549744,robot_2,-3.069,-0.933
1770733261,499567626,robot_1,1.055,2.535
1770733261,499581321,robot_3,0.055,-2.338
1770733261,719305358,robot_0,1.536,-1.140
1770733261,719338180,robot_2,-3.068,-0.934
1770733261,719352830,robot_1,1.055,2.534
1770733261,719364186,robot_3,0.054,-2.339
1770733261,919371523,robot_0,1.535,-1.140
1770733261,919407259,robot_2,-3.067,-0.934
1770733261,919423668,robot_1,1.054,2.533
1770733261,919435813,robot_3,0.054,-2.339
1770733262,122678098,robot_0,1.535,-1.140
1770733262,122719786,robot_2,-3.066,-0.934
1770733262,122738371,robot_1,1.055,2.532
1770733262,122753269,robot_3,0.053,-2.340
1770733262,342722341,robot_0,1.534,-1.141
1770733262,342761165,robot_2,-3.065,-0.933
1770733262,342779334,robot_1,1.055,2.532
1770733262,342794685,robot_3,0.053,-2.341
1770733262,563212679,robot_0,1.534,-1.141
1770733262,563259768,robot_2,-3.065,-0.932
1770733262,563280847,robot_1,1.056,2.531
1770733262,563297264,robot_3,0.054,-2.342
1770733262,763964412,robot_0,1.534,-1.142
1770733262,764011815,robot_2,-3.065,-0.932
1770733262,764032489,robot_1,1.056,2.531
1770733262,764050412,robot_3,0.055,-2.342
1770733262,965004335,robot_0,1.534,-1.143
1770733262,965039107,robot_2,-3.065,-0.931
1770733262,965055969,robot_1,1.057,2.531
1770733262,965069962,robot_3,0.055,-2.342
1770733263,168843886,robot_0,1.534,-1.143
1770733263,168882262,robot_2,-3.065,-0.930
1770733263,168900572,robot_1,1.057,2.531
1770733263,168915079,robot_3,0.056,-2.342
1770733263,386688916,robot_0,1.555,-1.131
1770733263,386732346,robot_2,-3.066,-0.929
1770733263,386753084,robot_1,1.058,2.531
1770733263,386770280,robot_3,0.055,-2.322
1770733263,606846082,robot_0,1.593,-1.108
1770733263,606889955,robot_2,-3.067,-0.929
1770733263,606910078,robot_1,1.059,2.532
1770733263,606927333,robot_3,0.051,-2.282
1770733263,808091657,robot_0,1.627,-1.087
1770733263,808126691,robot_2,-3.069,-0.936
1770733263,808143409,robot_1,1.059,2.533
1770733263,808156268,robot_3,0.050,-2.244
1770733264,10195167,robot_0,1.661,-1.066
1770733264,10249965,robot_2,-3.073,-0.957
1770733264,10278283,robot_1,1.059,2.534
1770733264,10301711,robot_3,0.052,-2.205
1770733264,212160808,robot_0,1.695,-1.046
1770733264,212205570,robot_2,-3.078,-0.977
1770733264,212229239,robot_1,1.059,2.534
1770733264,212247559,robot_3,0.053,-2.165
1770733264,432074031,robot_0,1.729,-1.025
1770733264,432153287,robot_2,-3.078,-0.980
1770733264,432199235,robot_1,1.058,2.535
1770733264,432237190,robot_3,0.055,-2.121
1770733264,651576701,robot_0,1.764,-1.007
1770733264,651615098,robot_2,-3.078,-0.980
1770733264,651632320,robot_1,1.058,2.535
1770733264,651646185,robot_3,0.057,-2.077
1770733264,851898680,robot_0,1.795,-0.995
1770733264,851976586,robot_2,-3.079,-0.980
1770733264,851995046,robot_1,1.057,2.536
1770733264,852008312,robot_3,0.058,-2.051
1770733265,61437590,robot_0,1.804,-0.993
1770733265,61489901,robot_2,-3.079,-0.980
1770733265,61510533,robot_1,1.056,2.536
1770733265,61527455,robot_3,0.058,-2.051
1770733265,265797281,robot_0,1.834,-0.986
1770733265,265839721,robot_2,-3.079,-0.980
1770733265,265859255,robot_1,1.056,2.533
1770733265,265874691,robot_3,0.058,-2.051
1770733265,481955423,robot_0,1.869,-0.985
1770733265,481992092,robot_2,-3.080,-0.980
1770733265,482007504,robot_1,1.069,2.494
1770733265,482021171,robot_3,0.059,-2.051
1770733265,684165594,robot_0,1.900,-0.986
1770733265,684242190,robot_2,-3.081,-0.981
1770733265,684289694,robot_1,1.084,2.456
1770733265,684328925,robot_3,0.059,-2.051
1770733265,903268123,robot_0,1.938,-0.986
1770733265,903317635,robot_2,-3.081,-0.982
1770733265,903343835,robot_1,1.100,2.416
1770733265,903365157,robot_3,0.060,-2.050
1770733266,105049643,robot_0,1.974,-0.985
1770733266,105087527,robot_2,-3.081,-0.983
1770733266,105104254,robot_1,1.115,2.378
1770733266,105118078,robot_3,0.060,-2.049
1770733266,324946978,robot_0,2.001,-0.986
1770733266,324982789,robot_2,-3.081,-0.984
1770733266,324999875,robot_1,1.127,2.349
1770733266,325015283,robot_3,0.060,-2.048
1770733266,526981757,robot_0,2.001,-0.986
1770733266,527016095,robot_2,-3.081,-0.984
1770733266,527031395,robot_1,1.127,2.349
1770733266,527043970,robot_3,0.059,-2.048
1770733266,727553331,robot_0,2.001,-0.986
1770733266,727591449,robot_2,-3.080,-0.984
1770733266,727610096,robot_1,1.126,2.349
1770733266,727624234,robot_3,0.059,-2.047
1770733266,947717629,robot_0,2.001,-0.986
1770733266,947764896,robot_2,-3.055,-0.956
1770733266,947783755,robot_1,1.126,2.349
1770733266,947799396,robot_3,0.058,-2.047
1770733267,147880220,robot_0,2.002,-0.987
1770733267,147914604,robot_2,-3.029,-0.926
1770733267,147930600,robot_1,1.126,2.348
1770733267,147944007,robot_3,0.057,-2.047
1770733267,348729406,robot_0,2.002,-0.987
1770733267,348773117,robot_2,-3.002,-0.895
1770733267,348793928,robot_1,1.126,2.347
1770733267,348810923,robot_3,0.058,-2.061
1770733267,550392975,robot_0,2.003,-0.987
1770733267,550431547,robot_2,-2.976,-0.865
1770733267,550449783,robot_1,1.126,2.346
1770733267,550463284,robot_3,0.063,-2.101
1770733267,751422291,robot_0,2.004,-0.987
1770733267,751476288,robot_2,-2.951,-0.836
1770733267,751497313,robot_1,1.127,2.346
1770733267,751516523,robot_3,0.069,-2.141
1770733267,953390258,robot_0,2.004,-0.987
1770733267,953431527,robot_2,-2.949,-0.834
1770733267,953450795,robot_1,1.127,2.345
1770733267,953474230,robot_3,0.074,-2.180
1770733268,173534611,robot_0,2.005,-0.986
1770733268,173577261,robot_2,-2.949,-0.834
1770733268,173596695,robot_1,1.128,2.345
1770733268,173613066,robot_3,0.080,-2.224
1770733268,374342465,robot_0,2.005,-0.986
1770733268,374382503,robot_2,-2.948,-0.834
1770733268,374399124,robot_1,1.129,2.346
1770733268,374412590,robot_3,0.085,-2.264
1770733268,575593042,robot_0,2.005,-0.985
1770733268,575629336,robot_2,-2.948,-0.834
1770733268,575646668,robot_1,1.130,2.346
1770733268,575660241,robot_3,0.090,-2.303
1770733268,776443747,robot_0,2.002,-0.985
1770733268,776497135,robot_2,-2.947,-0.834
1770733268,776514707,robot_1,1.128,2.349
1770733268,776531656,robot_3,0.095,-2.340
1770733268,978535254,robot_0,1.963,-0.991
1770733268,978574415,robot_2,-2.946,-0.833
1770733268,978593059,robot_1,1.107,2.368
1770733268,978607858,robot_3,0.096,-2.342
1770733269,180586525,robot_0,1.924,-0.998
1770733269,180623286,robot_2,-2.946,-0.832
1770733269,180640684,robot_1,1.087,2.388
1770733269,180655304,robot_3,0.095,-2.342
1770733269,399507157,robot_0,1.895,-1.003
1770733269,399547174,robot_2,-2.946,-0.832
1770733269,399563815,robot_1,1.067,2.411
1770733269,399577560,robot_3,0.095,-2.342
1770733269,602603429,robot_0,1.873,-1.008
1770733269,602665514,robot_2,-2.946,-0.831
1770733269,602689425,robot_1,1.052,2.433
1770733269,602705936,robot_3,0.094,-2.343
1770733269,821230379,robot_0,1.841,-1.016
1770733269,821275054,robot_2,-2.947,-0.830
1770733269,821295674,robot_1,1.036,2.459
1770733269,821311530,robot_3,0.094,-2.344
1770733270,41942617,robot_0,1.799,-1.028
1770733270,41993045,robot_2,-2.947,-0.829
1770733270,42019727,robot_1,1.021,2.488
1770733270,42041145,robot_3,0.094,-2.345
1770733270,243843352,robot_0,1.760,-1.038
1770733270,243889568,robot_2,-2.948,-0.830
1770733270,243906436,robot_1,1.006,2.513
1770733270,243919815,robot_3,0.095,-2.346
1770733270,446322063,robot_0,1.722,-1.049
1770733270,446366008,robot_2,-2.957,-0.859
1770733270,446386778,robot_1,1.006,2.515
1770733270,446401732,robot_3,0.095,-2.346
1770733270,664584796,robot_0,1.679,-1.061
1770733270,664626550,robot_2,-2.967,-0.894
1770733270,664644612,robot_1,1.006,2.515
1770733270,664661961,robot_3,0.096,-2.346
1770733270,864586070,robot_0,1.641,-1.072
1770733270,864619869,robot_2,-2.982,-0.929
1770733270,864636111,robot_1,1.006,2.516
1770733270,864648306,robot_3,0.097,-2.346
1770733271,66330038,robot_0,1.602,-1.082
1770733271,66369836,robot_2,-2.999,-0.965
1770733271,66388636,robot_1,1.006,2.517
1770733271,66403778,robot_3,0.097,-2.346
1770733271,268492709,robot_0,1.567,-1.092
1770733271,268537933,robot_2,-3.017,-1.001
1770733271,268582342,robot_1,1.006,2.517
1770733271,268601858,robot_3,0.097,-2.345
1770733271,487513986,robot_0,1.539,-1.099
1770733271,487551029,robot_2,-3.036,-1.041
1770733271,487567679,robot_1,1.005,2.518
1770733271,487581171,robot_3,0.075,-2.310
1770733271,688313123,robot_0,1.513,-1.104
1770733271,688351668,robot_2,-3.054,-1.077
1770733271,688368439,robot_1,1.004,2.518
1770733271,688382933,robot_3,0.054,-2.276
1770733271,890043720,robot_0,1.506,-1.105
1770733271,890082158,robot_2,-3.060,-1.088
1770733271,890100481,robot_1,1.003,2.518
1770733271,890117420,robot_3,0.037,-2.251
1770733272,109844266,robot_0,1.506,-1.105
1770733272,109881255,robot_2,-3.060,-1.088
1770733272,109896708,robot_1,1.003,2.518
1770733272,109909468,robot_3,0.019,-2.227
1770733272,315607815,robot_0,1.506,-1.105
1770733272,315646581,robot_2,-3.060,-1.088
1770733272,315666994,robot_1,1.002,2.517
1770733272,315680668,robot_3,-0.003,-2.206
1770733272,530662945,robot_0,1.506,-1.105
1770733272,530697076,robot_2,-3.061,-1.088
1770733272,530714147,robot_1,1.002,2.516
1770733272,530728406,robot_3,-0.038,-2.180
1770733272,734100718,robot_0,1.505,-1.104
1770733272,734146308,robot_2,-3.062,-1.089
1770733272,734163994,robot_1,1.002,2.516
1770733272,734178362,robot_3,-0.072,-2.158
1770733272,953358444,robot_0,1.504,-1.104
1770733272,953402065,robot_2,-3.062,-1.090
1770733272,953422812,robot_1,1.002,2.516
1770733272,953437565,robot_3,-0.109,-2.135
1770733273,154035645,robot_0,1.504,-1.104
1770733273,154071743,robot_2,-3.063,-1.091
1770733273,154087800,robot_1,1.002,2.515
1770733273,154100476,robot_3,-0.143,-2.114
1770733273,355961867,robot_0,1.503,-1.104
1770733273,355997885,robot_2,-3.063,-1.091
1770733273,356013765,robot_1,1.002,2.515
1770733273,356027229,robot_3,-0.169,-2.097
1770733273,556549602,robot_0,1.503,-1.105
1770733273,556590123,robot_2,-3.062,-1.092
1770733273,556608496,robot_1,1.003,2.514
1770733273,556623783,robot_3,-0.187,-2.086
1770733273,756828608,robot_0,1.502,-1.105
1770733273,756865984,robot_2,-3.061,-1.093
1770733273,756883035,robot_1,1.003,2.514
1770733273,756896439,robot_3,-0.205,-2.073
1770733273,959663375,robot_0,1.502,-1.106
1770733273,959711126,robot_2,-3.061,-1.093
1770733273,959733110,robot_1,1.004,2.514
1770733273,959751318,robot_3,-0.237,-2.049
1770733274,165702199,robot_0,1.502,-1.106
1770733274,165739289,robot_2,-3.060,-1.093
1770733274,165755557,robot_1,1.005,2.514
1770733274,165768754,robot_3,-0.269,-2.025
1770733274,368120116,robot_0,1.522,-1.102
1770733274,368162098,robot_2,-3.060,-1.093
1770733274,368183571,robot_1,1.006,2.514
1770733274,368199778,robot_3,-0.301,-2.002
1770733274,587497132,robot_0,1.565,-1.091
1770733274,587537583,robot_2,-3.059,-1.093
1770733274,587557370,robot_1,1.006,2.515
1770733274,587574744,robot_3,-0.336,-1.975
1770733274,800670259,robot_0,1.595,-1.083
1770733274,800708918,robot_2,-3.059,-1.093
1770733274,800726076,robot_1,1.006,2.516
1770733274,800741053,robot_3,-0.364,-1.955
1770733275,1082386,robot_0,1.595,-1.083
1770733275,1121189,robot_2,-3.058,-1.092
1770733275,1137449,robot_1,1.006,2.517
1770733275,1150089,robot_3,-0.365,-1.954
1770733275,202762513,robot_0,1.595,-1.083
1770733275,202807057,robot_2,-3.058,-1.091
1770733275,202824722,robot_1,1.006,2.517
1770733275,202840460,robot_3,-0.365,-1.954
1770733275,403424185,robot_0,1.595,-1.083
1770733275,403463333,robot_2,-3.058,-1.090
1770733275,403494368,robot_1,0.985,2.506
1770733275,403511109,robot_3,-0.364,-1.954
1770733275,603945603,robot_0,1.596,-1.084
1770733275,603993447,robot_2,-3.058,-1.090
1770733275,604024507,robot_1,0.958,2.490
1770733275,604041828,robot_3,-0.365,-1.953
1770733275,804981289,robot_0,1.597,-1.084
1770733275,805017668,robot_2,-3.059,-1.089
1770733275,805033362,robot_1,0.930,2.471
1770733275,805048056,robot_3,-0.365,-1.952
1770733276,5996290,robot_0,1.597,-1.083
1770733276,6036200,robot_2,-3.059,-1.089
1770733276,6053348,robot_1,0.897,2.448
1770733276,6069771,robot_3,-0.366,-1.952
1770733276,210215996,robot_0,1.598,-1.083
1770733276,210266900,robot_2,-3.060,-1.088
1770733276,210289264,robot_1,0.864,2.426
1770733276,210307974,robot_3,-0.366,-1.951
1770733276,431775810,robot_0,1.598,-1.082
1770733276,431833933,robot_2,-3.061,-1.089
1770733276,431863784,robot_1,0.831,2.409
1770733276,431884171,robot_3,-0.367,-1.951
1770733276,650830126,robot_0,1.598,-1.082
1770733276,650903178,robot_2,-3.062,-1.089
1770733276,650943603,robot_1,0.800,2.392
1770733276,650979909,robot_3,-0.368,-1.952
1770733276,869706920,robot_0,1.598,-1.081
1770733276,869743850,robot_2,-3.054,-1.101
1770733276,869760225,robot_1,0.773,2.378
1770733276,869774397,robot_3,-0.369,-1.952
1770733277,70028357,robot_0,1.598,-1.080
1770733277,70068345,robot_2,-3.040,-1.119
1770733277,70086534,robot_1,0.752,2.365
1770733277,70101015,robot_3,-0.369,-1.953
1770733277,272940995,robot_0,1.595,-1.082
1770733277,273016763,robot_2,-3.030,-1.135
1770733277,273061806,robot_1,0.735,2.351
1770733277,273100059,robot_3,-0.368,-1.954
1770733277,492208306,robot_0,1.575,-1.099
1770733277,492245397,robot_2,-3.029,-1.135
1770733277,492261712,robot_1,0.735,2.352
1770733277,492276649,robot_3,-0.341,-1.959
1770733277,693189496,robot_0,1.556,-1.114
1770733277,693227875,robot_2,-3.029,-1.135
1770733277,693244286,robot_1,0.734,2.352
1770733277,693259683,robot_3,-0.317,-1.965
1770733277,893822995,robot_0,1.527,-1.136
1770733277,893859865,robot_2,-3.030,-1.135
1770733277,893875356,robot_1,0.733,2.352
1770733277,893889014,robot_3,-0.288,-1.972
1770733278,96104399,robot_0,1.495,-1.160
1770733278,96147342,robot_2,-3.030,-1.136
1770733278,96164754,robot_1,0.732,2.352
1770733278,96180706,robot_3,-0.258,-1.980
1770733278,297047424,robot_0,1.464,-1.183
1770733278,297088505,robot_2,-3.030,-1.137
1770733278,297107104,robot_1,0.732,2.351
1770733278,297122902,robot_3,-0.232,-1.984
1770733278,516558423,robot_0,1.434,-1.204
1770733278,516600570,robot_2,-3.030,-1.138
1770733278,516616836,robot_1,0.731,2.350
1770733278,516630240,robot_3,-0.232,-1.985
1770733278,716932156,robot_0,1.406,-1.223
1770733278,716968503,robot_2,-3.030,-1.138
1770733278,716985532,robot_1,0.731,2.350
1770733278,717000063,robot_3,-0.232,-1.986
1770733278,920001627,robot_0,1.372,-1.244
1770733278,920079111,robot_2,-3.029,-1.139
1770733278,920121992,robot_1,0.732,2.349
1770733278,920158013,robot_3,-0.231,-1.986
1770733279,119944814,robot_0,1.338,-1.265
1770733279,119985141,robot_2,-3.028,-1.139
1770733279,120001567,robot_1,0.732,2.348
1770733279,120015015,robot_3,-0.231,-1.987
1770733279,339090071,robot_0,1.304,-1.286
1770733279,339129108,robot_2,-3.027,-1.139
1770733279,339144474,robot_1,0.733,2.348
1770733279,339157631,robot_3,-0.230,-1.987
1770733279,540836512,robot_0,1.277,-1.304
1770733279,540874645,robot_2,-3.027,-1.139
1770733279,540891534,robot_1,0.733,2.347
1770733279,540905607,robot_3,-0.229,-1.986
1770733279,762281303,robot_0,1.250,-1.325
1770733279,762334837,robot_2,-3.027,-1.137
1770733279,762364723,robot_1,0.734,2.347
1770733279,762383080,robot_3,-0.228,-1.986
1770733279,965263746,robot_0,1.250,-1.325
1770733279,965312098,robot_2,-3.048,-1.105
1770733279,965329690,robot_1,0.734,2.347
1770733279,965345520,robot_3,-0.228,-1.985
1770733280,182567352,robot_0,1.249,-1.325
1770733280,182606225,robot_2,-3.073,-1.069
1770733280,182621873,robot_1,0.735,2.348
1770733280,182636210,robot_3,-0.228,-1.984
1770733280,384999440,robot_0,1.249,-1.325
1770733280,385035809,robot_2,-3.094,-1.038
1770733280,385052683,robot_1,0.735,2.348
1770733280,385066653,robot_3,-0.228,-1.983
1770733280,585985994,robot_0,1.248,-1.325
1770733280,586038587,robot_2,-3.117,-1.009
1770733280,586060442,robot_1,0.736,2.349
1770733280,586080531,robot_3,-0.228,-1.983
1770733280,789130111,robot_0,1.247,-1.325
1770733280,789170056,robot_2,-3.141,-0.985
1770733280,789189526,robot_1,0.736,2.349
1770733280,789206608,robot_3,-0.231,-1.985
1770733281,8100381,robot_0,1.247,-1.326
1770733281,8173812,robot_2,-3.165,-0.967
1770733281,8217370,robot_1,0.736,2.350
1770733281,8253753,robot_3,-0.249,-2.004
1770733281,209873417,robot_0,1.247,-1.327
1770733281,209913495,robot_2,-3.189,-0.953
1770733281,209930883,robot_1,0.735,2.351
1770733281,209946503,robot_3,-0.266,-2.021
1770733281,428743984,robot_0,1.247,-1.327
1770733281,428781817,robot_2,-3.226,-0.934
1770733281,428797727,robot_1,0.735,2.352
1770733281,428811765,robot_3,-0.270,-2.025
1770733281,628941163,robot_0,1.247,-1.328
1770733281,628979382,robot_2,-3.262,-0.916
1770733281,628997565,robot_1,0.734,2.352
1770733281,629011615,robot_3,-0.270,-2.025
1770733281,831253598,robot_0,1.247,-1.328
1770733281,831300023,robot_2,-3.291,-0.902
1770733281,831321957,robot_1,0.733,2.352
1770733281,831339358,robot_3,-0.270,-2.025
1770733282,32226773,robot_0,1.248,-1.329
1770733282,32262032,robot_2,-3.311,-0.891
1770733282,32278128,robot_1,0.732,2.351
1770733282,32291972,robot_3,-0.271,-2.025
1770733282,232655251,robot_0,1.249,-1.329
1770733282,232693380,robot_2,-3.331,-0.878
1770733282,232709915,robot_1,0.732,2.351
1770733282,232724658,robot_3,-0.272,-2.025
1770733282,451993515,robot_0,1.255,-1.291
1770733282,452033281,robot_2,-3.360,-0.854
1770733282,452051280,robot_1,0.752,2.326
1770733282,452065366,robot_3,-0.273,-2.025
1770733282,653629535,robot_0,1.262,-1.252
1770733282,653673674,robot_2,-3.386,-0.831
1770733282,653691155,robot_1,0.772,2.300
1770733282,653705476,robot_3,-0.273,-2.026
1770733282,874265402,robot_0,1.268,-1.211
1770733282,874310790,robot_2,-3.412,-0.810
1770733282,874328417,robot_1,0.793,2.265
1770733282,874343047,robot_3,-0.274,-2.026
1770733283,74665470,robot_0,1.273,-1.175
1770733283,74704910,robot_2,-3.434,-0.793
1770733283,74723931,robot_1,0.810,2.229
1770733283,74741923,robot_3,-0.274,-2.027
1770733283,278045180,robot_0,1.277,-1.138
1770733283,278083586,robot_2,-3.457,-0.776
1770733283,278100554,robot_1,0.826,2.192
1770733283,278113648,robot_3,-0.273,-2.028
1770733283,498367936,robot_0,1.282,-1.094
1770733283,498406831,robot_2,-3.486,-0.755
1770733283,498424638,robot_1,0.843,2.152
1770733283,498440416,robot_3,-0.273,-2.029
1770733283,698861506,robot_0,1.286,-1.055
1770733283,698897483,robot_2,-3.512,-0.736
1770733283,698914796,robot_1,0.859,2.115
1770733283,698928584,robot_3,-0.272,-2.029
1770733283,918329995,robot_0,1.290,-1.011
1770733283,918363307,robot_2,-3.519,-0.732
1770733283,918379049,robot_1,0.864,2.103
1770733283,918392197,robot_3,-0.272,-2.029
1770733284,121805576,robot_0,1.294,-0.971
1770733284,121856505,robot_2,-3.519,-0.732
1770733284,121875022,robot_1,0.864,2.103
1770733284,121890229,robot_3,-0.272,-2.029
1770733284,339920387,robot_0,1.297,-0.933
1770733284,339955919,robot_2,-3.519,-0.731
1770733284,339971912,robot_1,0.864,2.102
1770733284,339985274,robot_3,-0.271,-2.029
1770733284,541438889,robot_0,1.299,-0.902
1770733284,541486771,robot_2,-3.519,-0.730
1770733284,541504771,robot_1,0.863,2.102
1770733284,541519437,robot_3,-0.270,-2.029
1770733284,742362136,robot_0,1.299,-0.871
1770733284,742411031,robot_2,-3.519,-0.729
1770733284,742433581,robot_1,0.863,2.101
1770733284,742448125,robot_3,-0.270,-2.029
1770733284,962431792,robot_0,1.297,-0.828
1770733284,962476360,robot_2,-3.520,-0.729
1770733284,962494761,robot_1,0.863,2.100
1770733284,962509885,robot_3,-0.269,-2.028
1770733285,163420936,robot_0,1.291,-0.789
1770733285,163457605,robot_2,-3.521,-0.728
1770733285,163486498,robot_1,0.864,2.099
1770733285,163501076,robot_3,-0.269,-2.027
1770733285,364366881,robot_0,1.288,-0.770
1770733285,364406055,robot_2,-3.522,-0.729
1770733285,364425173,robot_1,0.865,2.099
1770733285,364440590,robot_3,-0.269,-2.026
1770733285,564637724,robot_0,1.288,-0.769
1770733285,564673793,robot_2,-3.522,-0.729
1770733285,564689842,robot_1,0.865,2.099
1770733285,564702755,robot_3,-0.270,-2.026
1770733285,765872923,robot_0,1.289,-0.769
1770733285,765909871,robot_2,-3.523,-0.729
1770733285,765925631,robot_1,0.866,2.099
1770733285,765938457,robot_3,-0.270,-2.025
1770733285,966532674,robot_0,1.289,-0.769
1770733285,966569213,robot_2,-3.523,-0.730
1770733285,966586586,robot_1,0.867,2.099
1770733285,966600752,robot_3,-0.271,-2.025
1770733286,167496876,robot_0,1.289,-0.768
1770733286,167549883,robot_2,-3.524,-0.731
1770733286,167574035,robot_1,0.867,2.100
1770733286,167595171,robot_3,-0.272,-2.025
1770733286,367796738,robot_0,1.289,-0.767
1770733286,367830792,robot_2,-3.502,-0.734
1770733286,367847128,robot_1,0.852,2.114
1770733286,367862443,robot_3,-0.271,-2.037
1770733286,569478609,robot_0,1.289,-0.767
1770733286,569517576,robot_2,-3.465,-0.737
1770733286,569533665,robot_1,0.822,2.140
1770733286,569549105,robot_3,-0.269,-2.059
1770733286,771358058,robot_0,1.288,-0.766
1770733286,771404678,robot_2,-3.429,-0.741
1770733286,771425774,robot_1,0.792,2.166
1770733286,771443840,robot_3,-0.268,-2.083
1770733286,993703189,robot_0,1.288,-0.766
1770733286,993752984,robot_2,-3.397,-0.744
1770733286,993775273,robot_1,0.759,2.195
1770733286,993793964,robot_3,-0.269,-2.120
1770733287,211717260,robot_0,1.287,-0.766
1770733287,211752992,robot_2,-3.366,-0.748
1770733287,211770752,robot_1,0.726,2.224
1770733287,211784705,robot_3,-0.272,-2.158
1770733287,414474284,robot_0,1.286,-0.766
1770733287,414516380,robot_2,-3.327,-0.754
1770733287,414538042,robot_1,0.719,2.230
1770733287,414555526,robot_3,-0.272,-2.168
1770733287,633219401,robot_0,1.286,-0.767
1770733287,633255491,robot_2,-3.284,-0.760
1770733287,633271682,robot_1,0.719,2.231
1770733287,633285038,robot_3,-0.272,-2.168
1770733287,835036931,robot_0,1.296,-0.776
1770733287,835077009,robot_2,-3.244,-0.766
1770733287,835093835,robot_1,0.720,2.231
1770733287,835109557,robot_3,-0.273,-2.168
1770733288,54246600,robot_0,1.330,-0.805
1770733288,54286714,robot_2,-3.200,-0.772
1770733288,54304668,robot_1,0.720,2.232
1770733288,54319491,robot_3,-0.274,-2.168
1770733288,257176213,robot_0,1.361,-0.830
1770733288,257217154,robot_2,-3.162,-0.777
1770733288,257237325,robot_1,0.719,2.233
1770733288,257252317,robot_3,-0.274,-2.169
1770733288,459497127,robot_0,1.390,-0.855
1770733288,459543116,robot_2,-3.160,-0.778
1770733288,459563551,robot_1,0.719,2.233
1770733288,459579640,robot_3,-0.274,-2.169
1770733288,677717488,robot_0,1.419,-0.885
1770733288,677754794,robot_2,-3.160,-0.778
1770733288,677771164,robot_1,0.718,2.234
1770733288,677789606,robot_3,-0.274,-2.170
1770733288,881175657,robot_0,1.443,-0.917
1770733288,881214894,robot_2,-3.159,-0.779
1770733288,881232868,robot_1,0.717,2.234
1770733288,881248353,robot_3,-0.274,-2.171
1770733289,99272711,robot_0,1.467,-0.953
1770733289,99310484,robot_2,-3.159,-0.780
1770733289,99327961,robot_1,0.716,2.233
1770733289,99342531,robot_3,-0.273,-2.172
1770733289,299693962,robot_0,1.484,-0.980
1770733289,299730867,robot_2,-3.158,-0.780
1770733289,299746489,robot_1,0.716,2.233
1770733289,299760243,robot_3,-0.273,-2.172
1770733289,501458022,robot_0,1.484,-0.980
1770733289,501511628,robot_2,-3.157,-0.780
1770733289,501531286,robot_1,0.715,2.232
1770733289,501546353,robot_3,-0.272,-2.172
1770733289,705504698,robot_0,1.484,-0.980
1770733289,705559225,robot_2,-3.156,-0.780
1770733289,705579965,robot_1,0.715,2.232
1770733289,705597865,robot_3,-0.271,-2.172
1770733289,925337203,robot_0,1.484,-0.980
1770733289,925378604,robot_2,-3.156,-0.780
1770733289,925397197,robot_1,0.739,2.224
1770733289,925411689,robot_3,-0.277,-2.151
1770733290,143375797,robot_0,1.484,-0.981
1770733290,143414521,robot_2,-3.155,-0.779
1770733290,143431581,robot_1,0.771,2.215
1770733290,143447286,robot_3,-0.287,-2.122
1770733290,344832092,robot_0,1.484,-0.982
1770733290,344871460,robot_2,-3.155,-0.778
1770733290,344889982,robot_1,0.785,2.211
1770733290,344905835,robot_3,-0.301,-2.094
1770733290,546692934,robot_0,1.484,-0.982
1770733290,546740619,robot_2,-3.155,-0.777
1770733290,546761202,robot_1,0.785,2.211
1770733290,546779120,robot_3,-0.319,-2.064
1770733290,747585337,robot_0,1.485,-0.983
1770733290,747633699,robot_2,-3.156,-0.777
1770733290,747654753,robot_1,0.785,2.210
1770733290,747670762,robot_3,-0.335,-2.034
1770733290,966653313,robot_0,1.486,-0.983
1770733290,966691989,robot_2,-3.196,-0.788
1770733290,966709334,robot_1,0.786,2.210
1770733290,966724003,robot_3,-0.338,-2.030
1770733291,169427349,robot_0,1.486,-0.983
1770733291,169462895,robot_2,-3.234,-0.799
1770733291,169485194,robot_1,0.786,2.209
1770733291,169498256,robot_3,-0.338,-2.030
1770733291,373644611,robot_0,1.487,-0.983
1770733291,373678857,robot_2,-3.246,-0.802
1770733291,373693864,robot_1,0.786,2.209
1770733291,373705878,robot_3,-0.338,-2.030
1770733291,575311861,robot_0,1.487,-0.982
1770733291,575347357,robot_2,-3.284,-0.814
1770733291,575364236,robot_1,0.787,2.209
1770733291,575378585,robot_3,-0.338,-2.030
1770733291,795532201,robot_0,1.483,-0.978
1770733291,795568156,robot_2,-3.318,-0.823
1770733291,795583989,robot_1,0.788,2.208
1770733291,795597563,robot_3,-0.337,-2.029
1770733291,998135700,robot_0,1.460,-0.961
1770733291,998175558,robot_2,-3.318,-0.823
1770733291,998193362,robot_1,0.789,2.209
1770733291,998207639,robot_3,-0.337,-2.029
1770733292,198507033,robot_0,1.436,-0.946
1770733292,198543394,robot_2,-3.318,-0.823
1770733292,198558769,robot_1,0.789,2.209
1770733292,198571354,robot_3,-0.337,-2.028
1770733292,399918466,robot_0,1.431,-0.942
1770733292,399991628,robot_2,-3.319,-0.823
1770733292,400033260,robot_1,0.790,2.210
1770733292,400070083,robot_3,-0.337,-2.027
1770733292,620063483,robot_0,1.431,-0.942
1770733292,620119605,robot_2,-3.319,-0.822
1770733292,620141411,robot_1,0.790,2.210
1770733292,620159456,robot_3,-0.337,-2.026
1770733292,823232271,robot_0,1.431,-0.941
1770733292,823276109,robot_2,-3.320,-0.822
1770733292,823296549,robot_1,0.790,2.211
1770733292,823313030,robot_3,-0.338,-2.026
1770733293,42091139,robot_0,1.431,-0.940
1770733293,42133559,robot_2,-3.321,-0.822
1770733293,42152417,robot_1,0.790,2.211
1770733293,42168826,robot_3,-0.339,-2.025
1770733293,245813139,robot_0,1.430,-0.940
1770733293,245892787,robot_2,-3.322,-0.823
1770733293,245938662,robot_1,0.790,2.212
1770733293,245978498,robot_3,-0.339,-2.026
1770733293,462246406,robot_0,1.429,-0.940
1770733293,462282418,robot_2,-3.322,-0.824
1770733293,462297999,robot_1,0.789,2.212
1770733293,462311166,robot_3,-0.342,-2.064
1770733293,663303273,robot_0,1.429,-0.940
1770733293,663345521,robot_2,-3.323,-0.825
1770733293,663367447,robot_1,0.789,2.213
1770733293,663382585,robot_3,-0.344,-2.104
1770733293,866783155,robot_0,1.428,-0.940
1770733293,866821224,robot_2,-3.322,-0.825
1770733293,866837358,robot_1,0.788,2.213
1770733293,866851942,robot_3,-0.346,-2.143
1770733294,86540046,robot_0,1.427,-0.940
1770733294,86577842,robot_2,-3.322,-0.826
1770733294,86596386,robot_1,0.787,2.213
1770733294,86610305,robot_3,-0.349,-2.187
1770733294,289422186,robot_0,1.427,-0.941
1770733294,289463509,robot_2,-3.317,-0.822
1770733294,289494874,robot_1,0.786,2.212
1770733294,289513960,robot_3,-0.351,-2.225
1770733294,506723119,robot_0,1.427,-0.941
1770733294,506765454,robot_2,-3.296,-0.804
1770733294,506784778,robot_1,0.786,2.212
1770733294,506801435,robot_3,-0.352,-2.243
1770733294,712023447,robot_0,1.427,-0.942
1770733294,712097047,robot_2,-3.267,-0.777
1770733294,712138750,robot_1,0.786,2.211
1770733294,712174221,robot_3,-0.354,-2.269
1770733294,992773713,robot_0,1.461,-0.938
1770733294,992818551,robot_2,-3.234,-0.747
1770733294,992838381,robot_1,0.786,2.210
1770733294,992855372,robot_3,-0.360,-2.310
1770733295,212311205,robot_0,1.504,-0.931
1770733295,212346153,robot_2,-3.202,-0.717
1770733295,212361639,robot_1,0.786,2.210
1770733295,212374807,robot_3,-0.366,-2.354
1770733295,415134982,robot_0,1.539,-0.925
1770733295,415169928,robot_2,-3.195,-0.711
1770733295,415186933,robot_1,0.786,2.209
1770733295,415201262,robot_3,-0.370,-2.387
1770733295,634783837,robot_0,1.576,-0.916
1770733295,634824697,robot_2,-3.195,-0.711
1770733295,634842848,robot_1,0.786,2.209
1770733295,634858423,robot_3,-0.373,-2.422
1770733295,835970232,robot_0,1.595,-0.909
1770733295,836011960,robot_2,-3.194,-0.711
1770733295,836032272,robot_1,0.787,2.209
1770733295,836048200,robot_3,-0.372,-2.444
1770733296,71699663,robot_0,1.596,-0.909
1770733296,71744451,robot_2,-3.194,-0.711
1770733296,71764296,robot_1,0.787,2.208
1770733296,71780886,robot_3,-0.372,-2.444
1770733296,272020419,robot_0,1.596,-0.910
1770733296,272061432,robot_2,-3.193,-0.711
1770733296,272077994,robot_1,0.788,2.208
1770733296,272092435,robot_3,-0.372,-2.445
1770733296,492930252,robot_0,1.597,-0.910
1770733296,492966625,robot_2,-3.192,-0.711
1770733296,492982267,robot_1,0.789,2.209
1770733296,492997450,robot_3,-0.361,-2.472
1770733296,695377983,robot_0,1.597,-0.910
1770733296,695415389,robot_2,-3.191,-0.710
1770733296,695431549,robot_1,0.790,2.209
1770733296,695445268,robot_3,-0.348,-2.496
1770733296,913993918,robot_0,1.598,-0.910
1770733296,914037330,robot_2,-3.191,-0.709
1770733296,914057526,robot_1,0.790,2.210
1770733296,914075180,robot_3,-0.343,-2.505
1770733297,284886749,robot_0,1.598,-0.909
1770733297,284929003,robot_2,-3.191,-0.708
1770733297,284947390,robot_1,0.790,2.211
1770733297,284963479,robot_3,-0.343,-2.505
1770733297,502903254,robot_0,1.599,-0.909
1770733297,502940460,robot_2,-3.191,-0.708
1770733297,502956765,robot_1,0.790,2.212
1770733297,502970314,robot_3,-0.343,-2.505
1770733297,704139362,robot_0,1.599,-0.908
1770733297,704179429,robot_2,-3.192,-0.707
1770733297,704198095,robot_1,0.789,2.212
1770733297,704212488,robot_3,-0.343,-2.505
