wall_time,source,target,decision,skip_reason,source_zone,source_zone_active,source_zone_age_s,target_zone,target_zone_active,target_zone_age_s,distance_m,warning_distance_m,source_pose_fresh,target_pose_fresh,source_pose_age_s,target_pose_age_s,warning_zone,bearing_deg,zone_reason
1783526867.277138,robot_0,robot_3,skipped,target_zone_active,CORNER,true,0.100656,LEFT,true,0.036971,0.001500,1.000000,true,true,0.042622,0.042965,CORNER,-179.432828,critical_distance
1783526867.277138,robot_0,robot_1,skipped,target_zone_active,CORNER,true,0.100656,CORNER,true,0.047080,0.001500,1.000000,true,true,0.042622,0.042473,CORNER,-179.037655,critical_distance
1783526867.277138,robot_0,robot_2,skipped,target_zone_active,CORNER,true,0.100656,CORNER,true,0.056047,0.001500,1.000000,true,true,0.042622,0.042237,CORNER,-179.561700,critical_distance
1783526867.277138,robot_0,robot_4,skipped,target_zone_active,CORNER,true,0.100656,CORNER,true,0.119836,0.003500,1.000000,true,true,0.042622,0.042016,CORNER,-0.852067,critical_distance
1783526867.377165,robot_0,robot_3,skipped,target_zone_active,CORNER,true,0.200683,LEFT,true,0.136998,0.025454,1.000000,true,true,0.041929,0.041255,CORNER,179.282226,critical_distance
1783526867.377165,robot_0,robot_1,skipped,target_zone_active,CORNER,true,0.200683,CORNER,true,0.147107,0.019200,1.000000,true,true,0.041929,0.041509,CORNER,179.196445,critical_distance
1783526867.377165,robot_0,robot_2,skipped,target_zone_active,CORNER,true,0.200683,CORNER,true,0.156075,0.015642,1.000000,true,true,0.041929,0.041378,CORNER,-179.975448,critical_distance
1783526867.377165,robot_0,robot_4,skipped,target_zone_active,CORNER,true,0.200683,CORNER,true,0.219864,0.004988,1.000000,true,true,0.041929,0.041114,CORNER,-2.886339,critical_distance
1783526867.477169,robot_0,robot_3,skipped,target_zone_active,CORNER,true,0.300687,LEFT,true,0.237002,0.043785,1.000000,true,true,0.041939,0.042435,CORNER,179.252381,critical_distance
1783526867.477169,robot_0,robot_1,skipped,target_zone_active,CORNER,true,0.300687,CORNER,true,0.247111,0.021680,1.000000,true,true,0.041939,0.041803,CORNER,178.708340,critical_distance
1783526867.477169,robot_0,robot_2,skipped,target_zone_active,CORNER,true,0.300687,CORNER,true,0.256078,0.015892,1.000000,true,true,0.041939,0.041675,CORNER,-179.975835,critical_distance
1783526867.477169,robot_0,robot_4,skipped,target_zone_active,CORNER,true,0.300687,CORNER,true,0.319868,0.004988,1.000000,true,true,0.041939,0.041542,CORNER,-5.555523,critical_distance
1783526867.577170,robot_0,robot_3,skipped,target_zone_active,CORNER,true,0.400688,LEFT,true,0.337003,0.062088,1.000000,true,true,0.041902,0.041502,CORNER,179.472773,critical_distance
1783526867.577170,robot_0,robot_1,skipped,target_zone_active,CORNER,true,0.400688,CORNER,true,0.347112,0.021680,1.000000,true,true,0.041902,0.041682,CORNER,179.825608,critical_distance
1783526867.577170,robot_0,robot_2,skipped,target_zone_active,CORNER,true,0.400688,CORNER,true,0.356080,0.015892,1.000000,true,true,0.041902,0.042685,CORNER,-179.975835,critical_distance
1783526867.577170,robot_0,robot_4,skipped,target_zone_active,CORNER,true,0.400688,CORNER,true,0.419869,0.004988,1.000000,true,true,0.041902,0.041331,CORNER,-8.224707,critical_distance
1783526867.677275,robot_0,robot_3,skipped,target_zone_active,CORNER,true,0.500793,LEFT,true,0.437108,0.080390,1.000000,true,true,0.042336,0.041982,CORNER,179.592811,critical_distance
1783526867.677275,robot_0,robot_1,skipped,target_zone_active,CORNER,true,0.500793,CORNER,true,0.447217,0.021680,1.000000,true,true,0.042336,0.042151,CORNER,-177.373018,critical_distance
1783526867.677275,robot_0,robot_2,skipped,target_zone_active,CORNER,true,0.500793,CORNER,true,0.017691,0.015892,1.000000,true,true,0.042336,0.042986,CORNER,-179.975835,critical_distance
1783526867.677275,robot_0,robot_4,skipped,target_zone_active,CORNER,true,0.500793,CORNER,true,0.519974,0.004988,1.000000,true,true,0.042336,0.041812,CORNER,-10.893892,critical_distance
1783526867.777258,robot_0,robot_3,skipped,target_zone_active,CORNER,true,0.600776,CORNER,true,0.093959,0.096193,1.000000,true,true,0.040392,0.039846,CORNER,179.490492,critical_distance
1783526867.777258,robot_0,robot_1,sent,,CORNER,true,0.600776,CLEAR,false,0.007721,0.021680,1.000000,true,true,0.040392,0.041448,CORNER,-174.023161,critical_distance
1783526867.777258,robot_0,robot_2,skipped,target_zone_active,CORNER,true,0.600776,CORNER,true,0.117674,0.015892,1.000000,true,true,0.040392,0.040077,CORNER,-179.975835,critical_distance
1783526867.777258,robot_0,robot_4,sent,,CORNER,true,0.600776,CLEAR,false,0.069231,0.004988,1.000000,true,true,0.040392,0.039614,CORNER,-13.563076,critical_distance
1783526867.877241,robot_0,robot_3,skipped,source_zone_inactive,CLEAR,false,0.031671,CORNER,true,0.193942,0.097184,1.000000,true,true,0.040398,0.039907,CORNER,177.863688,critical_distance
1783526867.877241,robot_0,robot_1,skipped,source_zone_inactive,CLEAR,false,0.031671,CLEAR,false,0.107703,0.021680,1.000000,true,true,0.040398,0.040226,CORNER,-170.673303,critical_distance
1783526867.877241,robot_0,robot_2,skipped,source_zone_inactive,CLEAR,false,0.031671,CORNER,true,0.217657,0.015892,1.000000,true,true,0.040398,0.040069,CORNER,-179.975835,critical_distance
1783526867.877241,robot_0,robot_4,skipped,source_zone_inactive,CLEAR,false,0.031671,CLEAR,false,0.169213,0.004988,1.000000,true,true,0.040398,0.041001,CORNER,-16.232261,critical_distance
1783526867.977203,robot_0,robot_3,skipped,source_zone_inactive,CLEAR,false,0.131634,CORNER,true,0.293904,0.097184,1.000000,true,true,0.041445,0.042253,CORNER,174.760738,critical_distance
1783526867.977203,robot_0,robot_1,skipped,source_zone_inactive,CLEAR,false,0.131634,CLEAR,false,0.207665,0.021680,1.000000,true,true,0.041445,0.041218,CORNER,-167.323446,critical_distance
1783526867.977203,robot_0,robot_2,skipped,source_zone_inactive,CLEAR,false,0.131634,CORNER,true,0.317619,0.015892,1.000000,true,true,0.041445,0.041018,CORNER,-179.975835,critical_distance
1783526867.977203,robot_0,robot_4,skipped,source_zone_inactive,CLEAR,false,0.131634,CLEAR,false,0.269175,0.004988,1.000000,true,true,0.041445,0.040824,CORNER,-18.901445,critical_distance
1783526868.077133,robot_0,robot_3,skipped,source_zone_inactive,CLEAR,false,0.231564,CORNER,true,0.393834,0.097184,1.000000,true,true,0.040966,0.040584,CORNER,171.648812,critical_distance
1783526868.077133,robot_0,robot_1,skipped,source_zone_inactive,CLEAR,false,0.231564,CLEAR,false,0.307596,0.021680,1.000000,true,true,0.040966,0.040750,CORNER,-163.973589,critical_distance
1783526868.077133,robot_0,robot_2,skipped,source_zone_inactive,CLEAR,false,0.231564,CORNER,true,0.417549,0.015892,1.000000,true,true,0.040966,0.041691,CORNER,-179.975835,critical_distance
1783526868.077133,robot_0,robot_4,skipped,source_zone_inactive,CLEAR,false,0.231564,CLEAR,false,0.369106,0.004988,1.000000,true,true,0.040966,0.040396,CORNER,-21.570630,critical_distance
1783526868.177217,robot_0,robot_3,skipped,source_zone_inactive,CLEAR,false,0.331648,CORNER,true,0.493918,0.097184,1.000000,true,true,0.041793,0.041038,CORNER,169.997928,critical_distance
1783526868.177217,robot_0,robot_1,skipped,source_zone_inactive,CLEAR,false,0.331648,CLEAR,false,0.005354,0.021680,1.000000,true,true,0.041793,0.041410,CORNER,-160.623732,critical_distance
1783526868.177217,robot_0,robot_2,skipped,source_zone_inactive,CLEAR,false,0.331648,CORNER,true,0.017550,0.015892,1.000000,true,true,0.041793,0.042382,CORNER,-179.975835,critical_distance
1783526868.177217,robot_0,robot_4,skipped,source_zone_inactive,CLEAR,false,0.331648,CLEAR,false,0.469190,0.004988,1.000000,true,true,0.041793,0.040756,CORNER,-24.239814,critical_distance
1783526868.277180,robot_0,robot_3,skipped,source_zone_inactive,CLEAR,false,0.062799,CORNER,true,0.091121,0.097184,1.000000,true,true,0.041382,0.040975,CORNER,169.817064,critical_distance
1783526868.277180,robot_0,robot_1,skipped,source_zone_inactive,CLEAR,false,0.062799,CLEAR,false,0.105317,0.021680,1.000000,true,true,0.041382,0.041237,CORNER,-157.273874,critical_distance
1783526868.277180,robot_0,robot_2,skipped,source_zone_inactive,CLEAR,false,0.062799,CORNER,true,0.117512,0.015892,1.000000,true,true,0.041382,0.041109,CORNER,-179.975835,critical_distance
1783526868.277180,robot_0,robot_4,skipped,source_zone_inactive,CLEAR,false,0.062799,CLEAR,false,0.078021,0.004988,1.000000,true,true,0.041382,0.042117,CORNER,-26.908998,critical_distance
1783526868.377182,robot_0,robot_3,skipped,source_zone_inactive,CLEAR,false,0.162801,CORNER,true,0.191123,0.097184,1.000000,true,true,0.041015,0.040509,CORNER,169.817064,critical_distance
1783526868.377182,robot_0,robot_1,skipped,source_zone_inactive,CLEAR,false,0.162801,CLEAR,false,0.205318,0.021680,1.000000,true,true,0.041015,0.042124,CORNER,-153.924017,critical_distance
1783526868.377182,robot_0,robot_2,skipped,source_zone_inactive,CLEAR,false,0.162801,CORNER,true,0.217514,0.015892,1.000000,true,true,0.041015,0.040737,CORNER,-179.975835,critical_distance
1783526868.377182,robot_0,robot_4,skipped,source_zone_inactive,CLEAR,false,0.162801,CLEAR,false,0.178022,0.004988,1.000000,true,true,0.041015,0.040278,CORNER,-29.578183,critical_distance
1783526868.477156,robot_0,robot_3,skipped,source_zone_inactive,CLEAR,false,0.262775,CORNER,true,0.291097,0.097184,1.000000,true,true,0.041419,0.040888,CORNER,169.817064,critical_distance
1783526868.477156,robot_0,robot_1,skipped,source_zone_inactive,CLEAR,false,0.262775,CLEAR,false,0.305293,0.021680,1.000000,true,true,0.041419,0.042063,CORNER,-150.574160,critical_distance
1783526868.477156,robot_0,robot_2,skipped,source_zone_inactive,CLEAR,false,0.262775,CORNER,true,0.317488,0.015892,1.000000,true,true,0.041419,0.041154,CORNER,-179.975835,critical_distance
1783526868.477156,robot_0,robot_4,skipped,source_zone_inactive,CLEAR,false,0.262775,CLEAR,false,0.277997,0.004988,1.000000,true,true,0.041419,0.040613,CORNER,-32.247367,critical_distance
1783526868.577172,robot_0,robot_3,skipped,source_zone_inactive,CLEAR,false,0.362791,CORNER,true,0.391113,0.097184,1.000000,true,true,0.041433,0.040937,CORNER,169.817064,critical_distance
1783526868.577172,robot_0,robot_1,skipped,source_zone_inactive,CLEAR,false,0.362791,CLEAR,false,0.405309,0.021680,1.000000,true,true,0.041433,0.041178,CORNER,-147.224303,critical_distance
1783526868.577172,robot_0,robot_2,skipped,source_zone_inactive,CLEAR,false,0.362791,CORNER,true,0.417504,0.015892,1.000000,true,true,0.041433,0.042576,CORNER,-179.975835,critical_distance
1783526868.577172,robot_0,robot_4,skipped,source_zone_inactive,CLEAR,false,0.362791,CLEAR,false,0.378013,0.004988,1.000000,true,true,0.041433,0.040704,CORNER,-34.916552,critical_distance
1783526868.677177,robot_0,robot_3,skipped,source_zone_inactive,CLEAR,false,0.462797,CORNER,true,0.491118,0.097184,1.000000,true,true,0.040733,0.040233,CORNER,169.817064,critical_distance
1783526868.677177,robot_0,robot_1,skipped,source_zone_inactive,CLEAR,false,0.462797,CLEAR,false,0.011293,0.021680,1.000000,true,true,0.040733,0.041511,CORNER,-143.874445,critical_distance
1783526868.677177,robot_0,robot_2,skipped,source_zone_inactive,CLEAR,false,0.462797,CORNER,true,0.021533,0.015892,1.000000,true,true,0.040733,0.040461,CORNER,179.405371,critical_distance
1783526868.677177,robot_0,robot_4,skipped,source_zone_inactive,CLEAR,false,0.462797,CLEAR,false,0.478018,0.004988,1.000000,true,true,0.040733,0.040021,CORNER,-37.413849,critical_distance
1783526868.777168,robot_0,robot_3,skipped,source_zone_inactive,CLEAR,false,0.058258,CORNER,true,0.094814,0.097184,1.000000,true,true,0.042489,0.041562,CORNER,169.817064,critical_distance
1783526868.777168,robot_0,robot_1,skipped,source_zone_inactive,CLEAR,false,0.058258,CLEAR,false,0.111284,0.021680,1.000000,true,true,0.042489,0.041912,CORNER,-140.696475,critical_distance
1783526868.777168,robot_0,robot_2,skipped,source_zone_inactive,CLEAR,false,0.058258,CORNER,true,0.121524,0.015892,1.000000,true,true,0.042489,0.041732,CORNER,177.478677,critical_distance
1783526868.777168,robot_0,robot_4,skipped,source_zone_inactive,CLEAR,false,0.058258,CLEAR,false,0.077084,0.004988,1.000000,true,true,0.042489,0.041389,CORNER,-38.450103,critical_distance
1783526868.877214,robot_0,robot_3,skipped,source_zone_inactive,CLEAR,false,0.158303,CORNER,true,0.194860,0.097184,1.000000,true,true,0.042774,0.041436,CORNER,169.817064,critical_distance
1783526868.877214,robot_0,robot_1,skipped,source_zone_inactive,CLEAR,false,0.158303,CLEAR,false,0.211330,0.021680,1.000000,true,true,0.042774,0.041936,CORNER,-138.979548,critical_distance
1783526868.877214,robot_0,robot_2,skipped,source_zone_inactive,CLEAR,false,0.158303,CORNER,true,0.221570,0.015892,1.000000,true,true,0.042774,0.041675,CORNER,174.956676,critical_distance
1783526868.877214,robot_0,robot_4,skipped,source_zone_inactive,CLEAR,false,0.158303,CLEAR,false,0.177130,0.004988,1.000000,true,true,0.042774,0.041228,CORNER,-38.459191,critical_distance
1783526868.977272,robot_0,robot_3,skipped,source_zone_inactive,CLEAR,false,0.258361,CORNER,true,0.294918,0.097184,1.000000,true,true,0.042436,0.041179,CORNER,169.817064,critical_distance
1783526868.977272,robot_0,robot_1,skipped,source_zone_inactive,CLEAR,false,0.258361,CLEAR,false,0.311388,0.021680,1.000000,true,true,0.042436,0.041614,CORNER,-138.765662,critical_distance
1783526868.977272,robot_0,robot_2,skipped,source_zone_inactive,CLEAR,false,0.258361,CORNER,true,0.321627,0.015892,1.000000,true,true,0.042436,0.041380,CORNER,172.105031,critical_distance
1783526868.977272,robot_0,robot_4,skipped,source_zone_inactive,CLEAR,false,0.258361,CLEAR,false,0.277188,0.004988,1.000000,true,true,0.042436,0.040986,CORNER,-38.459191,critical_distance
1783526869.077277,robot_0,robot_3,skipped,source_zone_inactive,CLEAR,false,0.358366,CORNER,true,0.394923,0.097184,1.000000,true,true,0.041404,0.042124,CORNER,169.817064,critical_distance
1783526869.077277,robot_0,robot_1,skipped,source_zone_inactive,CLEAR,false,0.358366,CLEAR,false,0.411393,0.021680,1.000000,true,true,0.041404,0.041198,CORNER,-138.765662,critical_distance
1783526869.077277,robot_0,robot_2,skipped,source_zone_inactive,CLEAR,false,0.358366,CORNER,true,0.421633,0.015892,1.000000,true,true,0.041404,0.042385,CORNER,169.253385,critical_distance
1783526869.077277,robot_0,robot_4,skipped,source_zone_inactive,CLEAR,false,0.358366,CLEAR,false,0.377193,0.004988,1.000000,true,true,0.041404,0.041003,CORNER,-38.459191,critical_distance
1783526869.177210,robot_0,robot_3,skipped,source_zone_inactive,CLEAR,false,0.458299,CORNER,true,0.494855,0.097184,1.000000,true,true,0.041164,0.041955,CORNER,169.817064,critical_distance
1783526869.177210,robot_0,robot_1,skipped,source_zone_inactive,CLEAR,false,0.458299,CLEAR,false,0.005200,0.021680,1.000000,true,true,0.041164,0.040944,CORNER,-138.765662,critical_distance
1783526869.177210,robot_0,robot_2,skipped,source_zone_inactive,CLEAR,false,0.458299,CORNER,true,0.016389,0.015892,1.000000,true,true,0.041164,0.040747,CORNER,166.401740,critical_distance
1783526869.177210,robot_0,robot_4,skipped,source_zone_inactive,CLEAR,false,0.458299,CLEAR,false,0.477125,0.004988,1.000000,true,true,0.041164,0.040554,CORNER,-38.459191,critical_distance
1783526869.277262,robot_0,robot_3,skipped,source_zone_inactive,CLEAR,false,0.061153,CORNER,true,0.090504,0.097184,1.000000,true,true,0.040694,0.040224,CORNER,169.988951,critical_distance
1783526869.277262,robot_0,robot_1,skipped,source_zone_inactive,CLEAR,false,0.061153,CLEAR,false,0.105253,0.021680,1.000000,true,true,0.040694,0.040445,CORNER,-138.765662,critical_distance
1783526869.277262,robot_0,robot_2,skipped,source_zone_inactive,CLEAR,false,0.061153,CORNER,true,0.116442,0.015892,1.000000,true,true,0.040694,0.041511,CORNER,163.550095,critical_distance
1783526869.277262,robot_0,robot_4,skipped,source_zone_inactive,CLEAR,false,0.061153,CLEAR,false,0.076167,0.004988,1.000000,true,true,0.040694,0.040025,CORNER,-38.459191,critical_distance
1783526869.377235,robot_0,robot_3,skipped,source_zone_inactive,CLEAR,false,0.161127,CORNER,true,0.190478,0.097184,1.000000,true,true,0.040853,0.041734,CORNER,171.621881,critical_distance
1783526869.377235,robot_0,robot_1,skipped,source_zone_inactive,CLEAR,false,0.161127,CLEAR,false,0.205226,0.021680,1.000000,true,true,0.040853,0.042068,CORNER,-138.765662,critical_distance
1783526869.377235,robot_0,robot_2,skipped,source_zone_inactive,CLEAR,false,0.161127,CORNER,true,0.216415,0.015892,1.000000,true,true,0.040853,0.040601,CORNER,160.698449,critical_distance
1783526869.377235,robot_0,robot_4,skipped,source_zone_inactive,CLEAR,false,0.161127,CLEAR,false,0.176141,0.004988,1.000000,true,true,0.040853,0.040391,CORNER,-38.459191,critical_distance
1783526869.477174,robot_0,robot_3,skipped,source_zone_inactive,CLEAR,false,0.261065,CORNER,true,0.290416,0.097184,1.000000,true,true,0.042472,0.041390,CORNER,174.973684,critical_distance
1783526869.477174,robot_0,robot_1,skipped,source_zone_inactive,CLEAR,false,0.261065,CLEAR,false,0.305164,0.021680,1.000000,true,true,0.042472,0.041793,CORNER,-138.765662,critical_distance
1783526869.477174,robot_0,robot_2,skipped,source_zone_inactive,CLEAR,false,0.261065,CORNER,true,0.316354,0.015892,1.000000,true,true,0.042472,0.041592,CORNER,157.846804,critical_distance
1783526869.477174,robot_0,robot_4,skipped,source_zone_inactive,CLEAR,false,0.261065,CLEAR,false,0.276079,0.004988,1.000000,true,true,0.042472,0.041183,CORNER,-38.459191,critical_distance
1783526869.577122,robot_0,robot_3,skipped,source_zone_inactive,CLEAR,false,0.361014,CORNER,true,0.390365,0.097184,1.000000,true,true,0.042081,0.041724,CORNER,179.829272,critical_distance
1783526869.577122,robot_0,robot_1,skipped,source_zone_inactive,CLEAR,false,0.361014,CLEAR,false,0.405113,0.021680,1.000000,true,true,0.042081,0.042728,CORNER,-138.937549,critical_distance
1783526869.577122,robot_0,robot_2,skipped,source_zone_inactive,CLEAR,false,0.361014,CORNER,true,0.416302,0.015892,1.000000,true,true,0.042081,0.041897,CORNER,154.995158,critical_distance
1783526869.577122,robot_0,robot_4,skipped,source_zone_inactive,CLEAR,false,0.361014,CLEAR,false,0.376027,0.004988,1.000000,true,true,0.042081,0.041573,CORNER,-38.459191,critical_distance
1783526869.677158,robot_0,robot_3,skipped,source_zone_inactive,CLEAR,false,0.461050,CORNER,true,0.490401,0.097184,1.000000,true,true,0.039524,0.038580,CORNER,-175.100509,critical_distance
1783526869.677158,robot_0,robot_1,skipped,source_zone_inactive,CLEAR,false,0.461050,CLEAR,false,0.505149,0.021680,1.000000,true,true,0.039524,0.040655,CORNER,-140.570479,critical_distance
1783526869.677158,robot_0,robot_2,skipped,source_zone_inactive,CLEAR,false,0.461050,CORNER,true,0.002571,0.015892,1.000000,true,true,0.039524,0.039243,CORNER,152.143513,critical_distance
1783526869.677158,robot_0,robot_4,skipped,source_zone_inactive,CLEAR,false,0.461050,CLEAR,false,0.476063,0.004988,1.000000,true,true,0.039524,0.038346,CORNER,-38.459191,critical_distance
1783526869.777277,robot_0,robot_3,skipped,source_zone_inactive,CLEAR,false,0.030632,CORNER,true,0.070767,0.097184,1.000000,true,true,0.039651,0.038901,CORNER,-170.030290,critical_distance
1783526869.777277,robot_0,robot_1,skipped,source_zone_inactive,CLEAR,false,0.030632,CLEAR,false,0.084174,0.021680,1.000000,true,true,0.039651,0.039360,CORNER,-143.922282,critical_distance
1783526869.777277,robot_0,robot_2,skipped,source_zone_inactive,CLEAR,false,0.030632,CORNER,true,0.102690,0.015892,1.000000,true,true,0.039651,0.039116,CORNER,149.291868,critical_distance
1783526869.777277,robot_0,robot_4,skipped,source_zone_inactive,CLEAR,false,0.030632,CLEAR,false,0.576182,0.004988,1.000000,true,true,0.039651,0.040611,CORNER,-38.459191,critical_distance
1783526869.877167,robot_0,robot_3,skipped,source_zone_inactive,CLEAR,false,0.130522,CORNER,true,0.170656,0.097184,1.000000,true,true,0.040221,0.039797,CORNER,-164.960072,critical_distance
1783526869.877167,robot_0,robot_1,skipped,source_zone_inactive,CLEAR,false,0.130522,CLEAR,false,0.184064,0.021680,1.000000,true,true,0.040221,0.039958,CORNER,-148.760675,critical_distance
1783526869.877167,robot_0,robot_2,skipped,source_zone_inactive,CLEAR,false,0.130522,CORNER,true,0.202580,0.015892,1.000000,true,true,0.040221,0.040835,CORNER,146.440222,critical_distance
1783526869.877167,robot_0,robot_4,skipped,source_zone_inactive,CLEAR,false,0.130522,CLEAR,false,0.051010,0.004988,1.000000,true,true,0.040221,0.039603,CORNER,-38.459191,critical_distance
1783526869.977112,robot_0,robot_3,skipped,source_zone_inactive,CLEAR,false,0.230467,CORNER,true,0.270602,0.097184,1.000000,true,true,0.041952,0.041550,CORNER,-159.889853,critical_distance
1783526869.977112,robot_0,robot_1,skipped,source_zone_inactive,CLEAR,false,0.230467,CLEAR,false,0.284009,0.021680,1.000000,true,true,0.041952,0.041747,CORNER,-153.796503,critical_distance
1783526869.977112,robot_0,robot_2,skipped,source_zone_inactive,CLEAR,false,0.230467,CORNER,true,0.302525,0.015892,1.000000,true,true,0.041952,0.042529,CORNER,143.588577,critical_distance
1783526869.977112,robot_0,robot_4,skipped,source_zone_inactive,CLEAR,false,0.230467,CLEAR,false,0.150955,0.004988,1.000000,true,true,0.041952,0.041347,CORNER,-38.459191,critical_distance
1783526870.077140,robot_0,robot_3,skipped,source_zone_inactive,CLEAR,false,0.330494,CORNER,true,0.370629,0.097184,1.000000,true,true,0.041613,0.040932,CORNER,-154.819635,critical_distance
1783526870.077140,robot_0,robot_1,skipped,source_zone_inactive,CLEAR,false,0.330494,CLEAR,false,0.384037,0.021680,1.000000,true,true,0.041613,0.041234,CORNER,-158.660444,critical_distance
1783526870.077140,robot_0,robot_2,skipped,source_zone_inactive,CLEAR,false,0.330494,CORNER,true,0.402553,0.015892,1.000000,true,true,0.041613,0.042593,CORNER,140.736932,critical_distance
1783526870.077140,robot_0,robot_4,skipped,source_zone_inactive,CLEAR,false,0.330494,CLEAR,false,0.250983,0.004988,1.000000,true,true,0.041613,0.040652,CORNER,-38.459191,critical_distance
1783526870.177050,robot_0,robot_3,skipped,source_zone_inactive,CLEAR,false,0.430405,CORNER,true,0.470540,0.097184,1.000000,true,true,0.041453,0.041023,CORNER,-149.749416,critical_distance
1783526870.177050,robot_0,robot_1,skipped,source_zone_inactive,CLEAR,false,0.430405,CLEAR,false,0.001285,0.021680,1.000000,true,true,0.041453,0.042173,CORNER,-162.063343,critical_distance
1783526870.177050,robot_0,robot_2,skipped,source_zone_inactive,CLEAR,false,0.430405,CORNER,true,0.013910,0.015892,1.000000,true,true,0.041453,0.041218,CORNER,137.885286,critical_distance
1783526870.177050,robot_0,robot_4,skipped,source_zone_inactive,CLEAR,false,0.430405,CLEAR,false,0.350893,0.004988,1.000000,true,true,0.041453,0.040834,CORNER,-38.459191,critical_distance
1783526870.277111,robot_0,robot_3,skipped,source_zone_inactive,CLEAR,false,0.053074,LEFT,true,0.087857,0.099253,1.000000,true,true,0.041275,0.040811,CORNER,-145.497863,critical_distance
1783526870.277111,robot_0,robot_1,skipped,source_zone_inactive,CLEAR,false,0.053074,CLEAR,false,0.101346,0.021680,1.000000,true,true,0.041275,0.041036,CORNER,-163.747368,critical_distance
1783526870.277111,robot_0,robot_2,skipped,source_zone_inactive,CLEAR,false,0.053074,CORNER,true,0.113971,0.015892,1.000000,true,true,0.041275,0.041974,CORNER,135.033641,critical_distance
1783526870.277111,robot_0,robot_4,skipped,source_zone_inactive,CLEAR,false,0.053074,CLEAR,false,0.071619,0.004988,1.000000,true,true,0.041275,0.040591,CORNER,-38.287304,critical_distance
1783526870.377121,robot_0,robot_3,skipped,source_zone_inactive,CLEAR,false,0.153085,LEFT,true,0.187868,0.109018,1.000000,true,true,0.042532,0.041681,CORNER,-144.208616,critical_distance
1783526870.377121,robot_0,robot_1,skipped,source_zone_inactive,CLEAR,false,0.153085,CLEAR,false,0.201356,0.021680,1.000000,true,true,0.042532,0.041984,CORNER,-163.944803,critical_distance
1783526870.377121,robot_0,robot_2,skipped,source_zone_inactive,CLEAR,false,0.153085,CORNER,true,0.213982,0.015892,1.000000,true,true,0.042532,0.041822,CORNER,132.800790,critical_distance
1783526870.377121,robot_0,robot_4,skipped,source_zone_inactive,CLEAR,false,0.153085,CLEAR,false,0.171630,0.004988,1.000000,true,true,0.042532,0.041539,CORNER,-36.654374,critical_distance
1783526870.477123,robot_0,robot_3,skipped,source_zone_inactive,CLEAR,false,0.253086,LEFT,true,0.287869,0.118612,1.000000,true,true,0.042306,0.041962,CORNER,-142.716008,critical_distance
1783526870.477123,robot_0,robot_1,skipped,source_zone_inactive,CLEAR,false,0.253086,CLEAR,false,0.301358,0.021680,1.000000,true,true,0.042306,0.042133,CORNER,-164.116690,critical_distance
1783526870.477123,robot_0,robot_2,skipped,source_zone_inactive,CLEAR,false,0.253086,CORNER,true,0.313983,0.015892,1.000000,true,true,0.042306,0.042834,CORNER,132.238347,critical_distance
1783526870.477123,robot_0,robot_4,skipped,source_zone_inactive,CLEAR,false,0.253086,CLEAR,false,0.271631,0.004988,1.000000,true,true,0.042306,0.041798,CORNER,-33.765484,critical_distance
1783526870.577180,robot_0,robot_3,skipped,source_zone_inactive,CLEAR,false,0.353143,LEFT,true,0.387927,0.128007,1.000000,true,true,0.041866,0.041414,CORNER,-141.068735,critical_distance
1783526870.577180,robot_0,robot_1,skipped,source_zone_inactive,CLEAR,false,0.353143,CLEAR,false,0.401415,0.021680,1.000000,true,true,0.041866,0.041631,CORNER,-165.749620,critical_distance
1783526870.577180,robot_0,robot_2,skipped,source_zone_inactive,CLEAR,false,0.353143,CORNER,true,0.414041,0.015892,1.000000,true,true,0.041866,0.042583,CORNER,132.238347,critical_distance
1783526870.577180,robot_0,robot_4,skipped,source_zone_inactive,CLEAR,false,0.353143,CLEAR,false,0.371689,0.004988,1.000000,true,true,0.041866,0.041221,CORNER,-30.817154,critical_distance
1783526870.677266,robot_0,robot_3,skipped,source_zone_inactive,CLEAR,false,0.453229,LEFT,true,0.488012,0.135272,1.000000,true,true,0.041241,0.040705,CORNER,-138.792891,critical_distance
1783526870.677266,robot_0,robot_1,skipped,source_zone_inactive,CLEAR,false,0.453229,CLEAR,false,0.501500,0.021680,1.000000,true,true,0.041241,0.042226,CORNER,-168.704686,critical_distance
1783526870.677266,robot_0,robot_2,skipped,source_zone_inactive,CLEAR,false,0.453229,CORNER,true,0.012771,0.015892,1.000000,true,true,0.041241,0.040944,CORNER,132.238347,critical_distance
1783526870.677266,robot_0,robot_4,skipped,source_zone_inactive,CLEAR,false,0.453229,CLEAR,false,0.471774,0.004988,1.000000,true,true,0.041241,0.040443,CORNER,-27.868824,critical_distance
1783526870.777122,robot_0,robot_3,skipped,source_zone_inactive,CLEAR,false,0.042941,LEFT,true,0.078352,0.135272,1.000000,true,true,0.041174,0.040742,CORNER,-135.355602,critical_distance
1783526870.777122,robot_0,robot_1,skipped,source_zone_inactive,CLEAR,false,0.042941,CLEAR,false,0.098591,0.021680,1.000000,true,true,0.041174,0.041023,CORNER,-171.747553,critical_distance
1783526870.777122,robot_0,robot_2,skipped,source_zone_inactive,CLEAR,false,0.042941,CORNER,true,0.112628,0.015892,1.000000,true,true,0.041174,0.040879,CORNER,131.619552,critical_distance
1783526870.777122,robot_0,robot_4,skipped,source_zone_inactive,CLEAR,false,0.042941,CLEAR,false,0.063034,0.004988,1.000000,true,true,0.041174,0.041662,CORNER,-24.920494,critical_distance
1783526870.877173,robot_0,robot_3,skipped,source_zone_inactive,CLEAR,false,0.142991,LEFT,true,0.178402,0.137014,1.000000,true,true,0.041489,0.041156,CORNER,-134.391809,critical_distance
1783526870.877173,robot_0,robot_1,skipped,source_zone_inactive,CLEAR,false,0.142991,CLEAR,false,0.198642,0.021680,1.000000,true,true,0.041489,0.041309,CORNER,-174.790420,critical_distance
1783526870.877173,robot_0,robot_2,skipped,source_zone_inactive,CLEAR,false,0.142991,CORNER,true,0.212678,0.015892,1.000000,true,true,0.041489,0.042050,CORNER,129.407864,critical_distance
1783526870.877173,robot_0,robot_4,skipped,source_zone_inactive,CLEAR,false,0.142991,CLEAR,false,0.163085,0.004988,1.000000,true,true,0.041489,0.041008,CORNER,-21.972163,critical_distance
1783526870.977242,robot_0,robot_3,skipped,source_zone_inactive,CLEAR,false,0.243060,LEFT,true,0.278471,0.154434,1.000000,true,true,0.042179,0.040853,CORNER,-140.479851,critical_distance
1783526870.977242,robot_0,robot_1,skipped,source_zone_inactive,CLEAR,false,0.243060,CLEAR,false,0.298711,0.021680,1.000000,true,true,0.042179,0.041351,CORNER,-177.833288,critical_distance
1783526870.977242,robot_0,robot_2,skipped,source_zone_inactive,CLEAR,false,0.243060,CORNER,true,0.312747,0.015892,1.000000,true,true,0.042179,0.041094,CORNER,126.843700,critical_distance
1783526870.977242,robot_0,robot_4,skipped,source_zone_inactive,CLEAR,false,0.243060,CLEAR,false,0.263153,0.004988,1.000000,true,true,0.042179,0.040622,CORNER,-19.023833,critical_distance
1783526871.077179,robot_0,robot_3,skipped,source_zone_inactive,CLEAR,false,0.342997,LEFT,true,0.378408,0.179841,1.000000,true,true,0.041590,0.040801,CORNER,-146.876129,critical_distance
1783526871.077179,robot_0,robot_1,skipped,source_zone_inactive,CLEAR,false,0.342997,CLEAR,false,0.398648,0.021680,1.000000,true,true,0.041590,0.041232,CORNER,179.123845,critical_distance
1783526871.077179,robot_0,robot_2,skipped,source_zone_inactive,CLEAR,false,0.342997,CORNER,true,0.412684,0.015892,1.000000,true,true,0.041590,0.040992,CORNER,124.279536,critical_distance
1783526871.077179,robot_0,robot_4,skipped,source_zone_inactive,CLEAR,false,0.342997,CLEAR,false,0.363091,0.004988,1.000000,true,true,0.041590,0.042396,CORNER,-16.075503,critical_distance
1783526871.177084,robot_0,robot_3,skipped,source_zone_inactive,CLEAR,false,0.442902,LEFT,true,0.478313,0.196742,1.000000,true,true,0.041948,0.041445,CORNER,-150.032523,critical_distance
1783526871.177084,robot_0,robot_1,skipped,source_zone_inactive,CLEAR,false,0.442902,CLEAR,false,0.003043,0.021680,1.000000,true,true,0.041948,0.041699,CORNER,176.080978,critical_distance
1783526871.177084,robot_0,robot_2,skipped,source_zone_inactive,CLEAR,false,0.442902,RIGHT,true,0.014690,0.015892,1.000000,true,true,0.041948,0.042771,CORNER,121.715372,critical_distance
1783526871.177084,robot_0,robot_4,skipped,source_zone_inactive,CLEAR,false,0.442902,CLEAR,false,0.462995,0.004988,1.000000,true,true,0.041948,0.041215,CORNER,-13.127173,critical_distance
1783526871.277105,robot_0,robot_3,skipped,source_zone_inactive,CLEAR,false,0.054193,CLEAR,false,0.088316,0.213981,1.000000,true,true,0.042562,0.041910,CORNER,-152.660231,critical_distance
1783526871.277105,robot_0,robot_1,skipped,source_zone_inactive,CLEAR,false,0.054193,CLEAR,false,0.103064,0.021680,1.000000,true,true,0.042562,0.042146,CORNER,173.038111,critical_distance
1783526871.277105,robot_0,robot_2,skipped,source_zone_inactive,CLEAR,false,0.054193,RIGHT,true,0.114711,0.015892,1.000000,true,true,0.042562,0.042023,CORNER,119.151208,critical_distance
1783526871.277105,robot_0,robot_4,skipped,source_zone_inactive,CLEAR,false,0.054193,CLEAR,false,0.073493,0.004988,1.000000,true,true,0.042562,0.041801,CORNER,-10.178843,critical_distance
1783526871.377273,robot_0,robot_3,skipped,source_zone_inactive,CLEAR,false,0.154361,CLEAR,false,0.188484,0.229341,1.000000,true,true,0.041205,0.040830,CORNER,-154.627180,critical_distance
1783526871.377273,robot_0,robot_1,skipped,source_zone_inactive,CLEAR,false,0.154361,CLEAR,false,0.203232,0.021680,1.000000,true,true,0.041205,0.042075,CORNER,169.995244,critical_distance
1783526871.377273,robot_0,robot_2,skipped,source_zone_inactive,CLEAR,false,0.154361,RIGHT,true,0.214879,0.020883,1.000000,true,true,0.041205,0.041005,CORNER,136.701031,critical_distance
1783526871.377273,robot_0,robot_4,skipped,source_zone_inactive,CLEAR,false,0.154361,CLEAR,false,0.173661,0.004988,1.000000,true,true,0.041205,0.040659,CORNER,-7.230513,critical_distance
1783526871.477159,robot_0,robot_3,skipped,source_zone_inactive,CLEAR,false,0.254247,CLEAR,false,0.288371,0.230600,1.000000,true,true,0.041992,0.042511,CORNER,-154.775375,critical_distance
1783526871.477159,robot_0,robot_1,skipped,source_zone_inactive,CLEAR,false,0.254247,CLEAR,false,0.303118,0.021680,1.000000,true,true,0.041992,0.041783,CORNER,166.952376,critical_distance
1783526871.477159,robot_0,robot_2,skipped,source_zone_inactive,CLEAR,false,0.254247,RIGHT,true,0.314765,0.032788,1.000000,true,true,0.041992,0.041579,CORNER,152.162788,critical_distance
1783526871.477159,robot_0,robot_4,skipped,source_zone_inactive,CLEAR,false,0.254247,CLEAR,false,0.273548,0.004988,1.000000,true,true,0.041992,0.041367,CORNER,-4.282184,critical_distance
1783526871.577178,robot_0,robot_3,skipped,source_zone_inactive,CLEAR,false,0.354266,CLEAR,false,0.388390,0.230600,1.000000,true,true,0.041148,0.040354,CORNER,-154.775375,critical_distance
1783526871.577178,robot_0,robot_1,skipped,source_zone_inactive,CLEAR,false,0.354266,CLEAR,false,0.403137,0.021680,1.000000,true,true,0.041148,0.040865,CORNER,163.909509,critical_distance
1783526871.577178,robot_0,robot_2,skipped,source_zone_inactive,CLEAR,false,0.354266,RIGHT,true,0.414785,0.053508,1.000000,true,true,0.041148,0.040610,CORNER,161.970680,critical_distance
1783526871.577178,robot_0,robot_4,skipped,source_zone_inactive,CLEAR,false,0.354266,CLEAR,false,0.373567,0.004988,1.000000,true,true,0.041148,0.041995,CORNER,-1.333854,critical_distance
1783526871.677141,robot_0,robot_3,skipped,source_zone_inactive,CLEAR,false,0.454229,CLEAR,false,0.488353,0.230600,1.000000,true,true,0.041552,0.041049,CORNER,-154.775375,critical_distance
1783526871.677141,robot_0,robot_1,skipped,source_zone_inactive,CLEAR,false,0.454229,CLEAR,false,0.002227,0.021680,1.000000,true,true,0.041552,0.041260,CORNER,160.866642,critical_distance
1783526871.677141,robot_0,robot_2,skipped,source_zone_inactive,CLEAR,false,0.454229,RIGHT,true,0.016060,0.081083,1.000000,true,true,0.041552,0.042652,CORNER,167.961674,critical_distance
1783526871.677141,robot_0,robot_4,skipped,source_zone_inactive,CLEAR,false,0.454229,CLEAR,false,0.473530,0.004988,1.000000,true,true,0.041552,0.040841,CORNER,1.442589,critical_distance
1783526871.777241,robot_0,robot_3,skipped,source_zone_inactive,CLEAR,false,0.044603,CLEAR,false,0.084086,0.230600,1.000000,true,true,0.041574,0.042413,CORNER,-154.775375,critical_distance
1783526871.777241,robot_0,robot_1,skipped,source_zone_inactive,CLEAR,false,0.044603,CLEAR,false,0.102327,0.021680,1.000000,true,true,0.041574,0.041351,CORNER,157.823775,critical_distance
1783526871.777241,robot_0,robot_2,skipped,source_zone_inactive,CLEAR,false,0.044603,RIGHT,true,0.116160,0.100259,1.000000,true,true,0.041574,0.041157,CORNER,170.289217,critical_distance
1783526871.777241,robot_0,robot_4,skipped,source_zone_inactive,CLEAR,false,0.044603,CLEAR,false,0.066421,0.004988,1.000000,true,true,0.041574,0.040969,CORNER,2.757989,critical_distance
1783526871.877244,robot_0,robot_3,skipped,source_zone_inactive,CLEAR,false,0.144606,CLEAR,false,0.184089,0.230600,1.000000,true,true,0.041443,0.041033,CORNER,-154.775375,critical_distance
1783526871.877244,robot_0,robot_1,skipped,source_zone_inactive,CLEAR,false,0.144606,CLEAR,false,0.202330,0.021680,1.000000,true,true,0.041443,0.041239,CORNER,154.952795,critical_distance
1783526871.877244,robot_0,robot_2,skipped,source_zone_inactive,CLEAR,false,0.144606,RIGHT,true,0.216163,0.112869,1.000000,true,true,0.041443,0.042214,CORNER,171.382922,critical_distance
1783526871.877244,robot_0,robot_4,skipped,source_zone_inactive,CLEAR,false,0.144606,CLEAR,false,0.166424,0.004988,1.000000,true,true,0.041443,0.040843,CORNER,2.817429,critical_distance
1783526871.977256,robot_0,robot_3,skipped,source_zone_inactive,CLEAR,false,0.244618,CLEAR,false,0.284101,0.230600,1.000000,true,true,0.042162,0.040822,CORNER,-154.775375,critical_distance
1783526871.977256,robot_0,robot_1,skipped,source_zone_inactive,CLEAR,false,0.244618,CLEAR,false,0.302342,0.021680,1.000000,true,true,0.042162,0.041258,CORNER,153.542858,critical_distance
1783526871.977256,robot_0,robot_2,skipped,source_zone_inactive,CLEAR,false,0.244618,RIGHT,true,0.316175,0.134286,1.000000,true,true,0.042162,0.041021,CORNER,172.765306,critical_distance
1783526871.977256,robot_0,robot_4,skipped,source_zone_inactive,CLEAR,false,0.244618,CLEAR,false,0.266436,0.004988,1.000000,true,true,0.042162,0.040631,CORNER,2.817429,critical_distance
1783526872.077165,robot_0,robot_3,skipped,source_zone_inactive,CLEAR,false,0.344528,CLEAR,false,0.384011,0.230600,1.000000,true,true,0.041245,0.040599,CORNER,-154.775375,critical_distance
1783526872.077165,robot_0,robot_1,skipped,source_zone_inactive,CLEAR,false,0.344528,CLEAR,false,0.402251,0.021680,1.000000,true,true,0.041245,0.041025,CORNER,153.455057,critical_distance
1783526872.077165,robot_0,robot_2,skipped,source_zone_inactive,CLEAR,false,0.344528,RIGHT,true,0.416084,0.152305,1.000000,true,true,0.041245,0.040812,CORNER,173.625020,critical_distance
1783526872.077165,robot_0,robot_4,skipped,source_zone_inactive,CLEAR,false,0.344528,CLEAR,false,0.366345,0.004988,1.000000,true,true,0.041245,0.041946,CORNER,2.817429,critical_distance
1783526872.177166,robot_0,robot_3,skipped,source_zone_inactive,CLEAR,false,0.444528,CLEAR,false,0.484011,0.230600,1.000000,true,true,0.041888,0.041443,CORNER,-154.775375,critical_distance
1783526872.177166,robot_0,robot_1,skipped,source_zone_inactive,CLEAR,false,0.444528,CLEAR,false,0.003265,0.021680,1.000000,true,true,0.041888,0.041645,CORNER,153.455057,critical_distance
1783526872.177166,robot_0,robot_2,skipped,source_zone_inactive,CLEAR,false,0.444528,RIGHT,true,0.016617,0.170351,1.000000,true,true,0.041888,0.042665,CORNER,174.302715,critical_distance
1783526872.177166,robot_0,robot_4,skipped,source_zone_inactive,CLEAR,false,0.444528,CLEAR,false,0.466346,0.004988,1.000000,true,true,0.041888,0.041266,CORNER,2.817429,critical_distance
1783526872.277239,robot_0,robot_3,skipped,source_zone_inactive,CLEAR,false,0.046362,CLEAR,false,0.088279,0.230600,1.000000,true,true,0.042184,0.040929,CORNER,-154.775375,critical_distance
1783526872.277239,robot_0,robot_1,skipped,source_zone_inactive,CLEAR,false,0.046362,CLEAR,false,0.103338,0.021680,1.000000,true,true,0.042184,0.041389,CORNER,153.455057,critical_distance
1783526872.277239,robot_0,robot_2,skipped,source_zone_inactive,CLEAR,false,0.046362,RIGHT,true,0.116690,0.179639,1.000000,true,true,0.042184,0.041139,CORNER,174.598183,critical_distance
1783526872.277239,robot_0,robot_4,skipped,source_zone_inactive,CLEAR,false,0.046362,CLEAR,false,0.070920,0.004988,1.000000,true,true,0.042184,0.040732,CORNER,2.817429,critical_distance
1783526872.377218,robot_0,robot_3,skipped,source_zone_inactive,CLEAR,false,0.146340,CLEAR,false,0.188257,0.230600,1.000000,true,true,0.042705,0.041437,CORNER,-154.775375,critical_distance
1783526872.377218,robot_0,robot_1,skipped,source_zone_inactive,CLEAR,false,0.146340,CLEAR,false,0.203317,0.021680,1.000000,true,true,0.042705,0.041902,CORNER,153.455057,critical_distance
1783526872.377218,robot_0,robot_2,skipped,source_zone_inactive,CLEAR,false,0.146340,RIGHT,true,0.216668,0.188600,1.000000,true,true,0.042705,0.041661,CORNER,174.855576,critical_distance
1783526872.377218,robot_0,robot_4,skipped,source_zone_inactive,CLEAR,false,0.146340,CLEAR,false,0.170898,0.004988,1.000000,true,true,0.042705,0.041234,CORNER,2.817430,critical_distance
1783526872.477192,robot_0,robot_3,skipped,source_zone_inactive,CLEAR,false,0.246315,CLEAR,false,0.288232,0.230600,1.000000,true,true,0.041444,0.040868,CORNER,-154.775375,critical_distance
1783526872.477192,robot_0,robot_1,skipped,source_zone_inactive,CLEAR,false,0.246315,CLEAR,false,0.303291,0.021680,1.000000,true,true,0.041444,0.041252,CORNER,153.455056,critical_distance
1783526872.477192,robot_0,robot_2,skipped,source_zone_inactive,CLEAR,false,0.246315,RIGHT,true,0.316643,0.217103,1.000000,true,true,0.041444,0.041057,CORNER,175.532446,critical_distance
1783526872.477192,robot_0,robot_4,skipped,source_zone_inactive,CLEAR,false,0.246315,CLEAR,false,0.270873,0.004988,1.000000,true,true,0.041444,0.042263,CORNER,2.817430,critical_distance
1783526872.577170,robot_0,robot_3,skipped,source_zone_inactive,CLEAR,false,0.346292,CLEAR,false,0.388210,0.230600,1.000000,true,true,0.041669,0.042416,CORNER,-154.775375,critical_distance
1783526872.577170,robot_0,robot_1,skipped,source_zone_inactive,CLEAR,false,0.346292,CLEAR,false,0.403269,0.021680,1.000000,true,true,0.041669,0.041487,CORNER,153.455056,critical_distance
1783526872.577170,robot_0,robot_2,skipped,source_zone_inactive,CLEAR,false,0.346292,RIGHT,true,0.416620,0.247194,1.000000,true,true,0.041669,0.041310,CORNER,176.077190,critical_distance
1783526872.577170,robot_0,robot_4,skipped,source_zone_inactive,CLEAR,false,0.346292,CLEAR,false,0.370851,0.004988,1.000000,true,true,0.041669,0.041146,CORNER,2.817430,critical_distance
1783526872.677066,robot_0,robot_3,skipped,source_zone_inactive,CLEAR,false,0.446189,CLEAR,false,0.488106,0.230600,1.000000,true,true,0.039431,0.039813,CORNER,-154.775375,critical_distance
1783526872.677066,robot_0,robot_1,skipped,source_zone_inactive,CLEAR,false,0.446189,CLEAR,false,0.001174,0.021680,1.000000,true,true,0.039431,0.039276,CORNER,153.455056,critical_distance
1783526872.677066,robot_0,robot_2,skipped,source_zone_inactive,CLEAR,false,0.446189,RIGHT,true,0.016972,0.277302,1.000000,true,true,0.039431,0.042051,CORNER,176.503674,critical_distance
1783526872.677066,robot_0,robot_4,skipped,source_zone_inactive,CLEAR,false,0.446189,CLEAR,false,0.470747,0.004988,1.000000,true,true,0.039431,0.041428,CORNER,2.817430,critical_distance
1783526872.777180,robot_0,robot_3,skipped,source_zone_inactive,CLEAR,false,0.043228,CLEAR,false,0.085238,0.230600,1.000000,true,true,0.041201,0.041781,CORNER,-154.775375,critical_distance
1783526872.777180,robot_0,robot_1,skipped,source_zone_inactive,CLEAR,false,0.043228,CLEAR,false,0.101288,0.021680,1.000000,true,true,0.041201,0.041032,CORNER,153.455057,critical_distance
1783526872.777180,robot_0,robot_2,skipped,source_zone_inactive,CLEAR,false,0.043228,RIGHT,true,0.117085,0.296187,1.000000,true,true,0.041201,0.040873,CORNER,175.963639,critical_distance
1783526872.777180,robot_0,robot_4,skipped,source_zone_inactive,CLEAR,false,0.043228,CLEAR,false,0.067714,0.004988,1.000000,true,true,0.041201,0.040732,CORNER,2.817430,critical_distance
1783526872.877130,robot_0,robot_3,skipped,source_zone_inactive,CLEAR,false,0.143178,CLEAR,false,0.185188,0.230600,1.000000,true,true,0.041515,0.040901,CORNER,-154.775375,critical_distance
1783526872.877130,robot_0,robot_1,skipped,source_zone_inactive,CLEAR,false,0.143178,CLEAR,false,0.201238,0.021680,1.000000,true,true,0.041515,0.041309,CORNER,153.455057,critical_distance
1783526872.877130,robot_0,robot_2,skipped,source_zone_inactive,CLEAR,false,0.143178,RIGHT,true,0.217036,0.308056,1.000000,true,true,0.041515,0.041101,CORNER,173.860036,critical_distance
1783526872.877130,robot_0,robot_4,skipped,source_zone_inactive,CLEAR,false,0.143178,CLEAR,false,0.167665,0.004988,1.000000,true,true,0.041515,0.042020,CORNER,2.817430,critical_distance
1783526872.977141,robot_0,robot_3,skipped,source_zone_inactive,CLEAR,false,0.243188,CLEAR,false,0.285199,0.230600,1.000000,true,true,0.041538,0.040666,CORNER,-154.775375,critical_distance
1783526872.977141,robot_0,robot_1,skipped,source_zone_inactive,CLEAR,false,0.243188,CLEAR,false,0.301249,0.021680,1.000000,true,true,0.041538,0.041236,CORNER,153.455057,critical_distance
1783526872.977141,robot_0,robot_2,skipped,source_zone_inactive,CLEAR,false,0.243188,RIGHT,true,0.317046,0.338288,1.000000,true,true,0.041538,0.040954,CORNER,172.455514,critical_distance
1783526872.977141,robot_0,robot_4,skipped,source_zone_inactive,CLEAR,false,0.243188,CLEAR,false,0.267675,0.004988,1.000000,true,true,0.041538,0.042413,CORNER,2.817429,critical_distance
1783526873.077183,robot_0,robot_3,skipped,source_zone_inactive,CLEAR,false,0.343230,CLEAR,false,0.385241,0.230600,1.000000,true,true,0.042133,0.041788,CORNER,-154.947262,critical_distance
1783526873.077183,robot_0,robot_1,skipped,source_zone_inactive,CLEAR,false,0.343230,CLEAR,false,0.401291,0.021680,1.000000,true,true,0.042133,0.042722,CORNER,153.455057,critical_distance
1783526873.077183,robot_0,robot_2,skipped,source_zone_inactive,CLEAR,false,0.343230,RIGHT,true,0.417088,0.369777,1.000000,true,true,0.042133,0.041954,CORNER,171.357756,critical_distance
1783526873.077183,robot_0,robot_4,skipped,source_zone_inactive,CLEAR,false,0.343230,CLEAR,false,0.367717,0.004988,1.000000,true,true,0.042133,0.041626,CORNER,2.817429,critical_distance
1783526873.177139,robot_0,robot_3,skipped,source_zone_inactive,CLEAR,false,0.443187,CLEAR,false,0.485197,0.230600,1.000000,true,true,0.042354,0.042057,CORNER,-156.580192,critical_distance
1783526873.177139,robot_0,robot_1,skipped,source_zone_inactive,CLEAR,false,0.443187,CLEAR,false,0.004886,0.021680,1.000000,true,true,0.042354,0.042937,CORNER,153.455057,critical_distance
1783526873.177139,robot_0,robot_2,skipped,source_zone_inactive,CLEAR,false,0.443187,CLEAR,false,0.017592,0.401176,1.000000,true,true,0.042354,0.042197,CORNER,170.289240,critical_distance
1783526873.177139,robot_0,robot_4,skipped,source_zone_inactive,CLEAR,false,0.443187,CLEAR,false,0.467674,0.004988,1.000000,true,true,0.042354,0.041921,CORNER,2.817429,critical_distance
1783526873.277220,robot_0,robot_3,skipped,source_zone_inactive,CLEAR,false,0.543268,CLEAR,false,0.089218,0.230600,1.000000,true,true,0.041663,0.042514,CORNER,-159.531147,critical_distance
1783526873.277220,robot_0,robot_1,skipped,source_zone_inactive,CLEAR,false,0.543268,CLEAR,false,0.104967,0.021680,1.000000,true,true,0.041663,0.041453,CORNER,153.455057,critical_distance
1783526873.277220,robot_0,robot_2,skipped,source_zone_inactive,CLEAR,false,0.543268,CLEAR,false,0.117673,0.425337,1.000000,true,true,0.041663,0.041253,CORNER,168.516807,critical_distance
1783526873.277220,robot_0,robot_4,skipped,source_zone_inactive,CLEAR,false,0.543268,CLEAR,false,0.071368,0.004988,1.000000,true,true,0.041663,0.041059,CORNER,2.817429,critical_distance
1783526873.377151,robot_0,robot_3,skipped,source_zone_inactive,CLEAR,false,0.045637,CLEAR,false,0.189149,0.230600,1.000000,true,true,0.042626,0.042275,CORNER,-162.568141,critical_distance
1783526873.377151,robot_0,robot_1,skipped,source_zone_inactive,CLEAR,false,0.045637,CLEAR,false,0.204898,0.021680,1.000000,true,true,0.042626,0.042506,CORNER,153.455057,critical_distance
1783526873.377151,robot_0,robot_2,skipped,source_zone_inactive,CLEAR,false,0.045637,CLEAR,false,0.217603,0.443268,1.000000,true,true,0.042626,0.042384,CORNER,166.484195,critical_distance
1783526873.377151,robot_0,robot_4,skipped,source_zone_inactive,CLEAR,false,0.045637,CLEAR,false,0.171299,0.004988,1.000000,true,true,0.042626,0.042974,CORNER,2.817429,critical_distance
1783526873.477204,robot_0,robot_3,skipped,source_zone_inactive,CLEAR,false,0.145691,CLEAR,false,0.289202,0.230600,1.000000,true,true,0.041754,0.041104,CORNER,-165.605135,critical_distance
1783526873.477204,robot_0,robot_1,skipped,source_zone_inactive,CLEAR,false,0.145691,CLEAR,false,0.304951,0.021680,1.000000,true,true,0.041754,0.041521,CORNER,153.283169,critical_distance
1783526873.477204,robot_0,robot_2,skipped,source_zone_inactive,CLEAR,false,0.145691,CLEAR,false,0.317657,0.474010,1.000000,true,true,0.041754,0.041304,CORNER,165.578538,critical_distance
1783526873.477204,robot_0,robot_4,skipped,source_zone_inactive,CLEAR,false,0.145691,CLEAR,false,0.271352,0.004988,1.000000,true,true,0.041754,0.042678,CORNER,2.817429,critical_distance
1783526873.577198,robot_0,robot_3,skipped,source_zone_inactive,CLEAR,false,0.245684,CLEAR,false,0.389196,0.230600,1.000000,true,true,0.042305,0.041922,CORNER,-168.642130,critical_distance
1783526873.577198,robot_0,robot_1,skipped,source_zone_inactive,CLEAR,false,0.245684,CLEAR,false,0.404945,0.021680,1.000000,true,true,0.042305,0.043007,CORNER,151.651490,critical_distance
1783526873.577198,robot_0,robot_2,skipped,source_zone_inactive,CLEAR,false,0.245684,CLEAR,false,0.417650,0.504753,1.000000,true,true,0.042305,0.042103,CORNER,164.710795,critical_distance
1783526873.577198,robot_0,robot_4,skipped,source_zone_inactive,CLEAR,false,0.245684,CLEAR,false,0.371346,0.004988,1.000000,true,true,0.042305,0.041747,CORNER,2.817429,critical_distance
1783526873.677053,robot_0,robot_3,skipped,source_zone_inactive,CLEAR,false,0.345539,CLEAR,false,0.489051,0.230600,1.000000,true,true,0.041506,0.041064,CORNER,-171.679124,critical_distance
1783526873.677053,robot_0,robot_1,skipped,source_zone_inactive,CLEAR,false,0.345539,CLEAR,false,0.001498,0.021680,1.000000,true,true,0.041506,0.042306,CORNER,149.257574,critical_distance
1783526873.677053,robot_0,robot_2,skipped,source_zone_inactive,CLEAR,false,0.345539,CLEAR,false,0.015934,0.535369,1.000000,true,true,0.041506,0.041271,CORNER,163.838070,critical_distance
1783526873.677053,robot_0,robot_4,skipped,source_zone_inactive,CLEAR,false,0.345539,CLEAR,false,0.471201,0.004988,1.000000,true,true,0.041506,0.040885,CORNER,2.817429,critical_distance
1783526873.777194,robot_0,robot_3,skipped,source_zone_inactive,CLEAR,false,0.046576,CLEAR,false,0.589193,0.230600,1.000000,true,true,0.041703,0.041315,CORNER,-174.716118,critical_distance
1783526873.777194,robot_0,robot_1,skipped,source_zone_inactive,CLEAR,false,0.046576,CLEAR,false,0.101640,0.021680,1.000000,true,true,0.041703,0.042311,CORNER,146.863657,critical_distance
1783526873.777194,robot_0,robot_2,skipped,source_zone_inactive,CLEAR,false,0.046576,CLEAR,false,0.116075,0.565849,1.000000,true,true,0.041703,0.041510,LEFT,162.961190,side_sector
1783526873.777194,robot_0,robot_4,skipped,source_zone_inactive,CLEAR,false,0.046576,CLEAR,false,0.066860,0.004988,1.000000,true,true,0.041703,0.041141,CORNER,2.817429,critical_distance
1783526873.877122,robot_0,robot_3,skipped,source_zone_inactive,CLEAR,false,0.146504,CLEAR,false,0.084994,0.232452,1.000000,true,true,0.041828,0.041405,CORNER,-177.876253,critical_distance
1783526873.877122,robot_0,robot_1,skipped,source_zone_inactive,CLEAR,false,0.146504,CLEAR,false,0.201568,0.023025,1.000000,true,true,0.041828,0.041679,CORNER,148.200155,critical_distance
1783526873.877122,robot_0,robot_2,skipped,source_zone_inactive,CLEAR,false,0.146504,CLEAR,false,0.216003,0.596011,1.000000,true,true,0.041828,0.041547,LEFT,162.150881,side_sector
1783526873.877122,robot_0,robot_4,skipped,source_zone_inactive,CLEAR,false,0.146504,CLEAR,false,0.166788,0.003241,1.000000,true,true,0.041828,0.042318,CORNER,4.313858,critical_distance
1783526873.977178,robot_0,robot_3,skipped,source_zone_inactive,CLEAR,false,0.246559,CLEAR,false,0.185049,0.235412,1.000000,true,true,0.042602,0.041218,CORNER,176.606240,critical_distance
1783526873.977178,robot_0,robot_1,skipped,source_zone_inactive,CLEAR,false,0.246559,CLEAR,false,0.301623,0.025949,1.000000,true,true,0.042602,0.041749,CORNER,177.589566,critical_distance
1783526873.977178,robot_0,robot_2,skipped,source_zone_inactive,CLEAR,false,0.246559,CLEAR,false,0.316058,0.621875,1.000000,true,true,0.042602,0.041467,LEFT,162.939263,side_sector
1783526873.977178,robot_0,robot_4,skipped,source_zone_inactive,CLEAR,false,0.246559,CLEAR,false,0.266843,0.009172,1.000000,true,true,0.042602,0.041028,CORNER,4.581238,critical_distance
1783526874.077136,robot_0,robot_3,skipped,source_zone_inactive,CLEAR,false,0.346517,CLEAR,false,0.285007,0.229302,1.000000,true,true,0.042394,0.042996,CORNER,169.171147,critical_distance
1783526874.077136,robot_0,robot_1,skipped,source_zone_inactive,CLEAR,false,0.346517,CLEAR,false,0.401581,0.032555,1.000000,true,true,0.042394,0.042166,CORNER,-143.108974,critical_distance
1783526874.077136,robot_0,robot_2,skipped,source_zone_inactive,CLEAR,false,0.346517,CLEAR,false,0.416016,0.645802,1.000000,true,true,0.042394,0.041999,LEFT,164.844077,side_sector
1783526874.077136,robot_0,robot_4,skipped,source_zone_inactive,CLEAR,false,0.346517,CLEAR,false,0.366801,0.027108,1.000000,true,true,0.042394,0.041839,CORNER,4.306018,critical_distance
1783526874.177167,robot_0,robot_3,skipped,source_zone_inactive,CLEAR,false,0.446548,CLEAR,false,0.385038,0.224317,1.000000,true,true,0.042243,0.042957,CORNER,161.767095,critical_distance
1783526874.177167,robot_0,robot_1,skipped,source_zone_inactive,CLEAR,false,0.446548,CLEAR,false,0.501612,0.049722,1.000000,true,true,0.042243,0.042029,CORNER,-124.107512,critical_distance
1783526874.177167,robot_0,robot_2,skipped,source_zone_inactive,CLEAR,false,0.446548,CLEAR,false,0.016194,0.672003,1.000000,true,true,0.042243,0.041847,LEFT,166.558628,side_sector
1783526874.177167,robot_0,robot_4,skipped,source_zone_inactive,CLEAR,false,0.446548,CLEAR,false,0.466832,0.039461,1.000000,true,true,0.042243,0.041690,CORNER,2.920604,critical_distance
1783526874.277070,robot_0,robot_3,skipped,source_zone_inactive,CLEAR,false,0.054632,LEFT,true,0.091534,0.220776,1.000000,true,true,0.041408,0.040924,CORNER,154.764603,critical_distance
1783526874.277070,robot_0,robot_1,skipped,source_zone_inactive,CLEAR,false,0.054632,LEFT,true,0.003635,0.070826,1.000000,true,true,0.041408,0.042101,CORNER,-116.979432,critical_distance
1783526874.277070,robot_0,robot_2,skipped,source_zone_inactive,CLEAR,false,0.054632,CLEAR,false,0.116096,0.693573,1.000000,true,true,0.041408,0.041157,LEFT,167.951007,side_sector
1783526874.277070,robot_0,robot_4,skipped,source_zone_inactive,CLEAR,false,0.054632,CLEAR,false,0.074566,0.051032,1.000000,true,true,0.041408,0.040696,CORNER,-1.259540,critical_distance
1783526874.377122,robot_0,robot_3,skipped,source_zone_inactive,CLEAR,false,0.154684,LEFT,true,0.191587,0.225709,1.000000,true,true,0.041933,0.041228,CORNER,151.780615,critical_distance
1783526874.377122,robot_0,robot_1,skipped,source_zone_inactive,CLEAR,false,0.154684,LEFT,true,0.103688,0.089366,1.000000,true,true,0.041933,0.042824,CORNER,-121.054772,critical_distance
1783526874.377122,robot_0,robot_2,skipped,source_zone_inactive,CLEAR,false,0.154684,CLEAR,false,0.216149,0.708873,1.000000,true,true,0.041933,0.041532,LEFT,169.498898,side_sector
1783526874.377122,robot_0,robot_4,skipped,source_zone_inactive,CLEAR,false,0.154684,CLEAR,false,0.174618,0.052837,1.000000,true,true,0.041933,0.040997,CORNER,-6.765069,critical_distance
1783526874.477147,robot_0,robot_3,skipped,source_zone_inactive,CLEAR,false,0.254709,LEFT,true,0.291612,0.241199,1.000000,true,true,0.041740,0.041329,CORNER,153.293698,critical_distance
1783526874.477147,robot_0,robot_1,skipped,source_zone_inactive,CLEAR,false,0.254709,LEFT,true,0.203713,0.104903,1.000000,true,true,0.041740,0.041529,CORNER,-131.441976,critical_distance
1783526874.477147,robot_0,robot_2,skipped,source_zone_inactive,CLEAR,false,0.254709,CLEAR,false,0.316174,0.724923,1.000000,true,true,0.041740,0.042374,LEFT,170.024245,side_sector
1783526874.477147,robot_0,robot_4,skipped,source_zone_inactive,CLEAR,false,0.254709,CLEAR,false,0.274643,0.054692,1.000000,true,true,0.041740,0.041174,CORNER,-10.923288,critical_distance
1783526874.577121,robot_0,robot_3,skipped,source_zone_inactive,CLEAR,false,0.354682,LEFT,true,0.391585,0.258127,1.000000,true,true,0.042451,0.041407,CORNER,155.168916,critical_distance
1783526874.577121,robot_0,robot_1,skipped,source_zone_inactive,CLEAR,false,0.354682,LEFT,true,0.303686,0.122638,1.000000,true,true,0.042451,0.041790,CORNER,-140.117071,critical_distance
1783526874.577121,robot_0,robot_2,skipped,source_zone_inactive,CLEAR,false,0.354682,CLEAR,false,0.416147,0.741052,1.000000,true,true,0.042451,0.041593,LEFT,170.243512,side_sector
1783526874.577121,robot_0,robot_4,skipped,source_zone_inactive,CLEAR,false,0.354682,CLEAR,false,0.374616,0.054692,1.000000,true,true,0.042451,0.041272,CORNER,-14.852438,critical_distance
1783526874.677152,robot_0,robot_3,skipped,source_zone_inactive,CLEAR,false,0.454714,LEFT,true,0.491617,0.270876,1.000000,true,true,0.042528,0.043096,CORNER,156.410611,critical_distance
1783526874.677152,robot_0,robot_1,skipped,source_zone_inactive,CLEAR,false,0.454714,LEFT,true,0.004441,0.142454,1.000000,true,true,0.042528,0.042331,CORNER,-146.494157,critical_distance
1783526874.677152,robot_0,robot_2,skipped,source_zone_inactive,CLEAR,false,0.454714,CLEAR,false,0.015374,0.757496,1.000000,true,true,0.042528,0.042165,LEFT,170.457306,side_sector
1783526874.677152,robot_0,robot_4,skipped,source_zone_inactive,CLEAR,false,0.454714,CLEAR,false,0.474648,0.054692,1.000000,true,true,0.042528,0.042005,CORNER,-18.781588,critical_distance
1783526874.777174,robot_0,robot_3,skipped,source_zone_inactive,CLEAR,false,0.057018,LEFT,true,0.093228,0.273670,1.000000,true,true,0.042215,0.041851,CORNER,156.665774,critical_distance
1783526874.777174,robot_0,robot_1,skipped,source_zone_inactive,CLEAR,false,0.057018,LEFT,true,0.104463,0.163598,1.000000,true,true,0.042215,0.042851,CORNER,-151.270277,critical_distance
1783526874.777174,robot_0,robot_2,skipped,source_zone_inactive,CLEAR,false,0.057018,CLEAR,false,0.115396,0.765539,1.000000,true,true,0.042215,0.042026,LEFT,170.558495,side_sector
1783526874.777174,robot_0,robot_4,skipped,source_zone_inactive,CLEAR,false,0.057018,CLEAR,false,0.079183,0.054692,1.000000,true,true,0.042215,0.041685,CORNER,-22.710738,critical_distance
1783526874.877198,robot_0,robot_3,skipped,source_zone_inactive,CLEAR,false,0.157041,LEFT,true,0.193252,0.288368,1.000000,true,true,0.043038,0.041688,CORNER,157.919736,critical_distance
1783526874.877198,robot_0,robot_1,skipped,source_zone_inactive,CLEAR,false,0.157041,LEFT,true,0.204486,0.185615,1.000000,true,true,0.043038,0.042096,CORNER,-154.934064,critical_distance
1783526874.877198,robot_0,robot_2,skipped,source_zone_inactive,CLEAR,false,0.157041,CLEAR,false,0.215419,0.774025,1.000000,true,true,0.043038,0.041893,LEFT,170.662939,side_sector
1783526874.877198,robot_0,robot_4,skipped,source_zone_inactive,CLEAR,false,0.157041,CLEAR,false,0.179206,0.054692,1.000000,true,true,0.043038,0.042761,CORNER,-26.639889,critical_distance
1783526874.977230,robot_0,robot_3,skipped,source_zone_inactive,CLEAR,false,0.257073,LEFT,true,0.293284,0.306037,1.000000,true,true,0.042149,0.041808,CORNER,159.255442,critical_distance
1783526874.977230,robot_0,robot_1,skipped,source_zone_inactive,CLEAR,false,0.257073,LEFT,true,0.304519,0.210064,1.000000,true,true,0.042149,0.041973,CORNER,-158.015697,critical_distance
1783526874.977230,robot_0,robot_2,skipped,source_zone_inactive,CLEAR,false,0.257073,CLEAR,false,0.315452,0.790565,1.000000,true,true,0.042149,0.042859,LEFT,170.859970,side_sector
1783526874.977230,robot_0,robot_4,skipped,source_zone_inactive,CLEAR,false,0.257073,CLEAR,false,0.279239,0.054692,1.000000,true,true,0.042149,0.041648,CORNER,-30.569039,critical_distance
1783526875.077242,robot_0,robot_3,skipped,source_zone_inactive,CLEAR,false,0.357085,LEFT,true,0.393296,0.331535,1.000000,true,true,0.042348,0.041435,CORNER,160.915606,critical_distance
1783526875.077242,robot_0,robot_1,skipped,source_zone_inactive,CLEAR,false,0.357085,LEFT,true,0.404531,0.238924,1.000000,true,true,0.042348,0.041795,CORNER,-160.783824,critical_distance
1783526875.077242,robot_0,robot_2,skipped,source_zone_inactive,CLEAR,false,0.357085,CLEAR,false,0.415464,0.807113,1.000000,true,true,0.042348,0.041610,LEFT,171.048925,side_sector
1783526875.077242,robot_0,robot_4,skipped,source_zone_inactive,CLEAR,false,0.357085,CLEAR,false,0.379251,0.054692,1.000000,true,true,0.042348,0.041277,CORNER,-34.498189,critical_distance
1783526875.177049,robot_0,robot_3,skipped,source_zone_inactive,CLEAR,false,0.456892,LEFT,true,0.493103,0.354891,1.000000,true,true,0.041749,0.041448,CORNER,162.215179,critical_distance
1783526875.177049,robot_0,robot_1,skipped,source_zone_inactive,CLEAR,false,0.456892,LEFT,true,0.003428,0.265833,1.000000,true,true,0.041749,0.041584,CORNER,-162.793441,critical_distance
1783526875.177049,robot_0,robot_2,skipped,source_zone_inactive,CLEAR,false,0.456892,CLEAR,false,0.016180,0.823670,1.000000,true,true,0.041749,0.042348,LEFT,171.230284,side_sector
1783526875.177049,robot_0,robot_4,skipped,source_zone_inactive,CLEAR,false,0.456892,CLEAR,false,0.479058,0.054692,1.000000,true,true,0.041749,0.041310,CORNER,-38.427339,critical_distance
1783526875.277116,robot_0,robot_3,skipped,source_zone_inactive,CLEAR,false,0.054871,LEFT,true,0.090832,0.362867,1.000000,true,true,0.042732,0.042511,CORNER,162.618726,critical_distance
1783526875.277116,robot_0,robot_1,skipped,source_zone_inactive,CLEAR,false,0.054871,LEFT,true,0.103495,0.277389,1.000000,true,true,0.042732,0.042616,CORNER,-163.531148,critical_distance
1783526875.277116,robot_0,robot_2,skipped,source_zone_inactive,CLEAR,false,0.054871,CLEAR,false,0.116248,0.831730,1.000000,true,true,0.042732,0.043105,LEFT,171.315938,side_sector
1783526875.277116,robot_0,robot_4,skipped,source_zone_inactive,CLEAR,false,0.054871,CLEAR,false,0.075211,0.054692,1.000000,true,true,0.042732,0.042397,CORNER,-42.356490,critical_distance
1783526875.377126,robot_0,robot_3,skipped,source_zone_inactive,CLEAR,false,0.154881,LEFT,true,0.190842,0.385231,1.000000,true,true,0.042131,0.041489,CORNER,163.656997,critical_distance
1783526875.377126,robot_0,robot_1,skipped,source_zone_inactive,CLEAR,false,0.154881,LEFT,true,0.203506,0.302985,1.000000,true,true,0.042131,0.041779,CORNER,-164.956986,critical_distance
1783526875.377126,robot_0,robot_2,skipped,source_zone_inactive,CLEAR,false,0.154881,CLEAR,false,0.216258,0.840227,1.000000,true,true,0.042131,0.042975,LEFT,170.788729,side_sector
1783526875.377126,robot_0,robot_4,skipped,source_zone_inactive,CLEAR,false,0.154881,CLEAR,false,0.175221,0.054692,1.000000,true,true,0.042131,0.041206,CORNER,-46.285640,critical_distance
1783526875.477158,robot_0,robot_3,skipped,source_zone_inactive,CLEAR,false,0.254913,LEFT,true,0.290873,0.411323,1.000000,true,true,0.041919,0.041558,CORNER,164.719952,critical_distance
1783526875.477158,robot_0,robot_1,skipped,source_zone_inactive,CLEAR,false,0.254913,LEFT,true,0.303537,0.331684,1.000000,true,true,0.041919,0.041730,CORNER,-166.285318,critical_distance
1783526875.477158,robot_0,robot_2,skipped,source_zone_inactive,CLEAR,false,0.254913,CLEAR,false,0.316290,0.856721,1.000000,true,true,0.041919,0.042474,LEFT,168.667258,side_sector
1783526875.477158,robot_0,robot_4,skipped,source_zone_inactive,CLEAR,false,0.254913,CLEAR,false,0.275253,0.054692,1.000000,true,true,0.041919,0.041376,CORNER,-50.214790,critical_distance
1783526875.577169,robot_0,robot_3,skipped,source_zone_inactive,CLEAR,false,0.354924,LEFT,true,0.390884,0.437540,1.000000,true,true,0.041505,0.040922,CORNER,165.655814,critical_distance
1783526875.577169,robot_0,robot_1,skipped,source_zone_inactive,CLEAR,false,0.354924,LEFT,true,0.403548,0.360533,1.000000,true,true,0.041505,0.041263,CORNER,-167.401594,critical_distance
1783526875.577169,robot_0,robot_2,skipped,source_zone_inactive,CLEAR,false,0.354924,CLEAR,false,0.416301,0.873040,1.000000,true,true,0.041505,0.041086,LEFT,164.896117,side_sector
1783526875.577169,robot_0,robot_4,skipped,source_zone_inactive,CLEAR,false,0.354924,CLEAR,false,0.375264,0.054692,1.000000,true,true,0.041505,0.042275,CORNER,-53.972053,critical_distance
1783526875.677165,robot_0,robot_3,skipped,source_zone_inactive,CLEAR,false,0.454920,LEFT,true,0.490880,0.461430,1.000000,true,true,0.042495,0.041407,CORNER,166.413129,critical_distance
1783526875.677165,robot_0,robot_1,skipped,source_zone_inactive,CLEAR,false,0.454920,RIGHT,true,0.004302,0.387050,1.000000,true,true,0.042495,0.041827,CORNER,-168.277445,critical_distance
1783526875.677165,robot_0,robot_2,skipped,source_zone_inactive,CLEAR,false,0.454920,CLEAR,false,0.015989,0.889037,1.000000,true,true,0.042495,0.041601,LEFT,160.576210,side_sector
1783526875.677165,robot_0,robot_4,skipped,source_zone_inactive,CLEAR,false,0.454920,CLEAR,false,0.475260,0.054692,1.000000,true,true,0.042495,0.041193,CORNER,-56.268274,critical_distance
1783526875.777201,robot_0,robot_3,skipped,source_zone_inactive,CLEAR,false,0.060555,LEFT,true,0.094061,0.469568,1.000000,true,true,0.042328,0.042010,CORNER,166.652973,critical_distance
1783526875.777201,robot_0,robot_1,skipped,source_zone_inactive,CLEAR,false,0.060555,RIGHT,true,0.104338,0.397705,1.000000,true,true,0.042328,0.042164,CORNER,-168.766826,critical_distance
1783526875.777201,robot_0,robot_2,skipped,source_zone_inactive,CLEAR,false,0.060555,CLEAR,false,0.116025,0.896668,1.000000,true,true,0.042328,0.042901,LEFT,156.117453,side_sector
1783526875.777201,robot_0,robot_4,skipped,source_zone_inactive,CLEAR,false,0.060555,CLEAR,false,0.080913,0.054692,1.000000,true,true,0.042328,0.041859,CORNER,-56.867661,critical_distance
1783526875.877194,robot_0,robot_3,skipped,source_zone_inactive,CLEAR,false,0.160549,LEFT,true,0.194054,0.492333,1.000000,true,true,0.042280,0.041887,CORNER,167.280753,critical_distance
1783526875.877194,robot_0,robot_1,skipped,source_zone_inactive,CLEAR,false,0.160549,RIGHT,true,0.204332,0.423173,1.000000,true,true,0.042280,0.042065,CORNER,-171.037446,critical_distance
1783526875.877194,robot_0,robot_2,skipped,source_zone_inactive,CLEAR,false,0.160549,CLEAR,false,0.216018,0.904349,1.000000,true,true,0.042280,0.043135,LEFT,152.339263,side_sector
1783526875.877194,robot_0,robot_4,skipped,source_zone_inactive,CLEAR,false,0.160549,CLEAR,false,0.180906,0.054692,1.000000,true,true,0.042280,0.041706,CORNER,-56.867661,critical_distance
1783526875.977192,robot_0,robot_3,skipped,source_zone_inactive,CLEAR,false,0.260546,LEFT,true,0.294051,0.518820,1.000000,true,true,0.042456,0.041600,CORNER,167.940121,critical_distance
1783526875.977192,robot_0,robot_1,skipped,source_zone_inactive,CLEAR,false,0.260546,RIGHT,true,0.304329,0.451265,1.000000,true,true,0.042456,0.041911,CORNER,-174.448588,critical_distance
1783526875.977192,robot_0,robot_2,skipped,source_zone_inactive,CLEAR,false,0.260546,CLEAR,false,0.316016,0.919044,1.000000,true,true,0.042456,0.041749,LEFT,150.522380,side_sector
1783526875.977192,robot_0,robot_4,skipped,source_zone_inactive,CLEAR,false,0.260546,CLEAR,false,0.280904,0.054692,1.000000,true,true,0.042456,0.041446,CORNER,-57.039549,critical_distance
1783526876.077117,robot_0,robot_3,skipped,source_zone_inactive,CLEAR,false,0.360471,LEFT,true,0.393977,0.545368,1.000000,true,true,0.042418,0.043135,CORNER,168.535367,critical_distance
1783526876.077117,robot_0,robot_1,skipped,source_zone_inactive,CLEAR,false,0.360471,RIGHT,true,0.404254,0.477512,1.000000,true,true,0.042418,0.042194,CORNER,-178.239833,critical_distance
1783526876.077117,robot_0,robot_2,skipped,source_zone_inactive,CLEAR,false,0.360471,CLEAR,false,0.415941,0.941224,1.000000,true,true,0.042418,0.041981,LEFT,150.693934,side_sector
1783526876.077117,robot_0,robot_4,skipped,source_zone_inactive,CLEAR,false,0.360471,CLEAR,false,0.380829,0.054692,1.000000,true,true,0.042418,0.041806,CORNER,-58.672478,critical_distance
1783526876.177186,robot_0,robot_3,skipped,source_zone_inactive,CLEAR,false,0.460540,LEFT,true,0.494045,0.569515,1.000000,true,true,0.041332,0.042266,LEFT,169.027631,side_sector
1783526876.177186,robot_0,robot_1,skipped,source_zone_inactive,CLEAR,false,0.460540,LEFT,true,0.006834,0.502258,1.000000,true,true,0.041332,0.041017,CORNER,177.800235,critical_distance
1783526876.177186,robot_0,robot_2,skipped,source_zone_inactive,CLEAR,false,0.460540,CLEAR,false,0.018631,0.970988,1.000000,true,true,0.041332,0.040834,LEFT,152.649619,side_sector
1783526876.177186,robot_0,robot_4,skipped,source_zone_inactive,CLEAR,false,0.460540,CLEAR,false,0.480898,0.054692,1.000000,true,true,0.041332,0.040653,CORNER,-61.425267,critical_distance
1783526876.277108,robot_0,robot_3,skipped,source_zone_inactive,CLEAR,false,0.063475,CLEAR,false,0.096926,0.577731,1.000000,true,true,0.042093,0.042900,LEFT,169.014146,side_sector
1783526876.277108,robot_0,robot_1,skipped,source_zone_inactive,CLEAR,false,0.063475,LEFT,true,0.106756,0.513098,1.000000,true,true,0.042093,0.041870,CORNER,173.343924,critical_distance
1783526876.277108,robot_0,robot_2,skipped,source_zone_inactive,CLEAR,false,0.063475,CLEAR,false,0.118553,0.993267,1.000000,true,true,0.042093,0.041669,LEFT,155.981419,side_sector
1783526876.277108,robot_0,robot_4,skipped,source_zone_inactive,CLEAR,false,0.063475,CLEAR,false,0.083819,0.054692,1.000000,true,true,0.042093,0.041474,CORNER,-64.200189,critical_distance
1783526876.377168,robot_0,robot_3,skipped,source_zone_inactive,CLEAR,false,0.163535,CLEAR,false,0.196986,0.600632,1.000000,true,true,0.042672,0.041425,LEFT,168.176213,side_sector
1783526876.377168,robot_0,robot_1,skipped,source_zone_inactive,CLEAR,false,0.163535,LEFT,true,0.206816,0.538558,1.000000,true,true,0.042672,0.041788,CORNER,170.705065,critical_distance
1783526876.377168,robot_0,robot_2,skipped,source_zone_inactive,CLEAR,false,0.163535,CLEAR,false,0.218613,1.009786,1.000000,true,true,0.042672,0.041601,LEFT,160.630139,side_sector
1783526876.377168,robot_0,robot_4,skipped,source_zone_inactive,CLEAR,false,0.163535,CLEAR,false,0.183879,0.054692,1.000000,true,true,0.042672,0.041226,CORNER,-66.975111,critical_distance
1783526876.477127,robot_0,robot_3,skipped,source_zone_inactive,CLEAR,false,0.263494,CLEAR,false,0.296945,0.625754,1.000000,true,true,0.042091,0.041838,LEFT,168.579104,side_sector
1783526876.477127,robot_0,robot_1,skipped,source_zone_inactive,CLEAR,false,0.263494,LEFT,true,0.306775,0.567745,1.000000,true,true,0.042091,0.041960,LEFT,169.861055,side_sector
1783526876.477127,robot_0,robot_2,skipped,source_zone_inactive,CLEAR,false,0.263494,CLEAR,false,0.318572,1.037221,1.000000,true,true,0.042091,0.042588,LEFT,163.906359,side_sector
1783526876.477127,robot_0,robot_4,skipped,source_zone_inactive,CLEAR,false,0.263494,CLEAR,false,0.283838,0.054692,1.000000,true,true,0.042091,0.041712,CORNER,-69.750033,critical_distance
1783526876.577153,robot_0,robot_3,skipped,source_zone_inactive,CLEAR,false,0.363520,CLEAR,false,0.396971,0.647710,1.000000,true,true,0.042298,0.043041,LEFT,170.599576,side_sector
1783526876.577153,robot_0,robot_1,skipped,source_zone_inactive,CLEAR,false,0.363520,LEFT,true,0.406801,0.597044,1.000000,true,true,0.042298,0.042009,LEFT,170.360359,side_sector
1783526876.577153,robot_0,robot_2,skipped,source_zone_inactive,CLEAR,false,0.363520,CLEAR,false,0.418598,1.068257,1.000000,true,true,0.042298,0.041740,LEFT,166.273195,side_sector
1783526876.577153,robot_0,robot_4,skipped,source_zone_inactive,CLEAR,false,0.363520,CLEAR,false,0.383864,0.055292,1.000000,true,true,0.042298,0.041481,CORNER,-72.994591,critical_distance
1783526876.677060,robot_0,robot_3,skipped,source_zone_inactive,CLEAR,false,0.463427,CLEAR,false,0.496878,0.653655,1.000000,true,true,0.042108,0.041438,LEFT,174.246089,side_sector
1783526876.677060,robot_0,robot_1,skipped,source_zone_inactive,CLEAR,false,0.463427,LEFT,true,0.007994,0.627007,1.000000,true,true,0.042108,0.042997,LEFT,172.084837,side_sector
1783526876.677060,robot_0,robot_2,skipped,source_zone_inactive,CLEAR,false,0.463427,CLEAR,false,0.021019,1.111961,1.000000,true,true,0.042108,0.041759,LEFT,168.120838,side_sector
1783526876.677060,robot_0,robot_4,skipped,source_zone_inactive,CLEAR,false,0.463427,CLEAR,false,0.483771,0.067278,1.000000,true,true,0.042108,0.041150,CORNER,-83.647003,critical_distance
1783526876.777150,robot_0,robot_3,skipped,source_zone_inactive,CLEAR,false,0.057937,CLEAR,false,0.095777,0.643200,1.000000,true,true,0.042334,0.042065,LEFT,178.087485,side_sector
1783526876.777150,robot_0,robot_1,skipped,source_zone_inactive,CLEAR,false,0.057937,LEFT,true,0.108085,0.642653,1.000000,true,true,0.042334,0.042197,LEFT,173.595084,side_sector
1783526876.777150,robot_0,robot_2,skipped,source_zone_inactive,CLEAR,false,0.057937,CLEAR,false,0.121109,1.149202,1.000000,true,true,0.042334,0.042758,LEFT,168.899937,side_sector
1783526876.777150,robot_0,robot_4,skipped,source_zone_inactive,CLEAR,false,0.057937,CLEAR,false,0.081903,0.081062,1.000000,true,true,0.042334,0.041931,CORNER,-92.918240,critical_distance
1783526876.877191,robot_0,robot_3,skipped,source_zone_inactive,CLEAR,false,0.157977,CLEAR,false,0.195817,0.660610,1.000000,true,true,0.041878,0.042457,RIGHT,-178.341778,side_sector
1783526876.877191,robot_0,robot_1,skipped,source_zone_inactive,CLEAR,false,0.157977,LEFT,true,0.208125,0.667862,1.000000,true,true,0.041878,0.041708,LEFT,174.066614,side_sector
1783526876.877191,robot_0,robot_2,skipped,source_zone_inactive,CLEAR,false,0.157977,CLEAR,false,0.221149,1.169796,1.000000,true,true,0.041878,0.041549,LEFT,169.159717,side_sector
1783526876.877191,robot_0,robot_4,skipped,source_zone_inactive,CLEAR,false,0.157977,CLEAR,false,0.181943,0.083639,1.000000,true,true,0.041878,0.041390,CORNER,-96.762979,critical_distance
1783526876.977132,robot_0,robot_3,skipped,source_zone_inactive,CLEAR,false,0.257918,CLEAR,false,0.295758,0.668208,1.000000,true,true,0.042468,0.042043,RIGHT,-174.678898,side_sector
1783526876.977132,robot_0,robot_1,skipped,source_zone_inactive,CLEAR,false,0.257918,LEFT,true,0.308066,0.699432,1.000000,true,true,0.042468,0.042245,LEFT,175.350781,side_sector
1783526876.977132,robot_0,robot_2,skipped,source_zone_inactive,CLEAR,false,0.257918,CLEAR,false,0.321091,1.215824,1.000000,true,true,0.042468,0.043086,LEFT,169.813362,side_sector
1783526876.977132,robot_0,robot_4,skipped,source_zone_inactive,CLEAR,false,0.257918,CLEAR,false,0.281884,0.096007,1.000000,true,true,0.042468,0.041806,CORNER,-104.529374,critical_distance
1783526877.077106,robot_0,robot_3,skipped,source_zone_inactive,CLEAR,false,0.357892,CLEAR,false,0.395732,0.670040,1.000000,true,true,0.042425,0.042190,RIGHT,-172.359027,side_sector
1783526877.077106,robot_0,robot_1,skipped,source_zone_inactive,CLEAR,false,0.357892,LEFT,true,0.408040,0.733726,1.000000,true,true,0.042425,0.041909,LEFT,176.684509,side_sector
1783526877.077106,robot_0,robot_4,skipped,source_zone_inactive,CLEAR,false,0.357892,CLEAR,false,0.381858,0.111141,1.000000,true,true,0.042425,0.042781,CORNER,-112.316049,critical_distance
1783526877.177165,robot_0,robot_3,skipped,source_zone_inactive,CLEAR,false,0.457952,CLEAR,false,0.495792,0.658505,1.000000,true,true,0.041816,0.041457,RIGHT,-171.002755,side_sector
1783526877.177165,robot_0,robot_1,skipped,source_zone_inactive,CLEAR,false,0.457952,LEFT,true,0.005236,0.774456,1.000000,true,true,0.041816,0.042420,LEFT,178.615109,side_sector
1783526877.177165,robot_0,robot_4,skipped,source_zone_inactive,CLEAR,false,0.457952,CLEAR,false,0.481917,0.138110,1.000000,true,true,0.041816,0.041302,CORNER,-121.712317,critical_distance
1783526877.277172,robot_0,robot_3,skipped,source_zone_inactive,CLEAR,false,0.061604,CLEAR,false,0.091112,0.633494,1.000000,true,true,0.042129,0.042911,RIGHT,-169.539355,side_sector
1783526877.277172,robot_0,robot_1,skipped,source_zone_inactive,CLEAR,false,0.061604,LEFT,true,0.105243,0.801928,1.000000,true,true,0.042129,0.041933,RIGHT,-179.534751,side_sector
1783526877.277172,robot_0,robot_4,skipped,source_zone_inactive,CLEAR,false,0.061604,CLEAR,false,0.082246,0.168455,1.000000,true,true,0.042129,0.041601,CORNER,-129.448344,critical_distance
1783526877.377139,robot_0,robot_3,skipped,source_zone_inactive,CLEAR,false,0.161570,CLEAR,false,0.191079,0.637356,1.000000,true,true,0.043285,0.042528,RIGHT,-168.871970,side_sector
1783526877.377139,robot_0,robot_1,skipped,source_zone_inactive,CLEAR,false,0.161570,LEFT,true,0.205209,0.832409,1.000000,true,true,0.043285,0.041691,RIGHT,-178.679464,side_sector
1783526877.377139,robot_0,robot_4,skipped,source_zone_inactive,CLEAR,false,0.161570,CLEAR,false,0.182213,0.184085,1.000000,true,true,0.043285,0.042257,CORNER,-134.116083,critical_distance
1783526877.477127,robot_0,robot_3,skipped,source_zone_inactive,CLEAR,false,0.261558,CLEAR,false,0.291067,0.635445,1.000000,true,true,0.042394,0.041978,RIGHT,-166.324470,side_sector
1783526877.477127,robot_0,robot_1,skipped,source_zone_inactive,CLEAR,false,0.261558,LEFT,true,0.305197,0.872165,1.000000,true,true,0.042394,0.043117,RIGHT,-177.394784,side_sector
1783526877.477127,robot_0,robot_4,skipped,source_zone_inactive,CLEAR,false,0.261558,CLEAR,false,0.282201,0.209662,1.000000,true,true,0.042394,0.041803,CORNER,-139.174926,critical_distance
1783526877.577208,robot_0,robot_3,skipped,source_zone_inactive,CLEAR,false,0.361639,CLEAR,false,0.391147,0.627686,1.000000,true,true,0.042928,0.042413,RIGHT,-161.773492,side_sector
1783526877.577208,robot_0,robot_1,skipped,source_zone_inactive,CLEAR,false,0.361639,LEFT,true,0.405278,0.917226,1.000000,true,true,0.042928,0.041628,RIGHT,-175.909852,side_sector
1783526877.577208,robot_0,robot_4,skipped,source_zone_inactive,CLEAR,false,0.361639,CLEAR,false,0.382282,0.242305,1.000000,true,true,0.042928,0.042207,CORNER,-142.667611,critical_distance
1783526877.677201,robot_0,robot_3,skipped,source_zone_inactive,CLEAR,false,0.461632,CLEAR,false,0.491140,0.619726,1.000000,true,true,0.042218,0.041677,RIGHT,-156.502004,side_sector
1783526877.677201,robot_0,robot_1,skipped,source_zone_inactive,CLEAR,false,0.461632,LEFT,true,0.008612,0.960356,1.000000,true,true,0.042218,0.041934,RIGHT,-174.550670,side_sector
1783526877.677201,robot_0,robot_4,skipped,source_zone_inactive,CLEAR,false,0.461632,CLEAR,false,0.482275,0.275258,1.000000,true,true,0.042218,0.041416,CORNER,-144.480035,critical_distance
1783526877.777146,robot_0,robot_3,skipped,source_zone_inactive,CLEAR,false,0.063613,CLEAR,false,0.095509,0.611963,1.000000,true,true,0.041530,0.040951,RIGHT,-151.375345,side_sector
1783526877.777146,robot_0,robot_1,skipped,source_zone_inactive,CLEAR,false,0.063613,LEFT,true,0.108558,0.989087,1.000000,true,true,0.041530,0.041305,RIGHT,-173.240978,side_sector
1783526877.777146,robot_0,robot_4,skipped,source_zone_inactive,CLEAR,false,0.063613,CLEAR,false,0.084165,0.307688,1.000000,true,true,0.041530,0.042187,CORNER,-145.858632,critical_distance
1783526877.877114,robot_0,robot_3,skipped,source_zone_inactive,CLEAR,false,0.163581,CLEAR,false,0.195477,0.616782,1.000000,true,true,0.043025,0.041710,RIGHT,-147.285331,side_sector
1783526877.877114,robot_0,robot_1,skipped,source_zone_inactive,CLEAR,false,0.163581,LEFT,true,0.208526,1.020692,1.000000,true,true,0.043025,0.042134,RIGHT,-172.734671,side_sector
1783526877.877114,robot_0,robot_4,skipped,source_zone_inactive,CLEAR,false,0.163581,CLEAR,false,0.184133,0.324047,1.000000,true,true,0.043025,0.041513,CORNER,-146.447231,critical_distance
1783526877.977141,robot_0,robot_3,skipped,source_zone_inactive,CLEAR,false,0.263608,CLEAR,false,0.295504,0.615138,1.000000,true,true,0.042549,0.043228,RIGHT,-142.925607,side_sector
1783526877.977141,robot_0,robot_1,skipped,source_zone_inactive,CLEAR,false,0.263608,LEFT,true,0.308553,1.059730,1.000000,true,true,0.042549,0.042203,RIGHT,-172.021775,side_sector
1783526877.977141,robot_0,robot_4,skipped,source_zone_inactive,CLEAR,false,0.263608,CLEAR,false,0.284160,0.347344,1.000000,true,true,0.042549,0.041642,CORNER,-147.188120,critical_distance
1783526878.077147,robot_0,robot_3,skipped,source_zone_inactive,CLEAR,false,0.363614,CLEAR,false,0.395509,0.610694,1.000000,true,true,0.043139,0.041661,RIGHT,-138.547294,side_sector
1783526878.077147,robot_0,robot_1,skipped,source_zone_inactive,CLEAR,false,0.363614,LEFT,true,0.408558,1.100697,1.000000,true,true,0.043139,0.042186,RIGHT,-171.279794,side_sector
1783526878.077147,robot_0,robot_4,skipped,source_zone_inactive,CLEAR,false,0.363614,CLEAR,false,0.384166,0.373007,1.000000,true,true,0.043139,0.041472,CORNER,-147.895502,critical_distance
1783526878.177229,robot_0,robot_3,skipped,source_zone_inactive,CLEAR,false,0.463696,CLEAR,false,0.495592,0.605237,1.000000,true,true,0.041782,0.040990,RIGHT,-134.274745,side_sector
1783526878.177229,robot_0,robot_1,skipped,source_zone_inactive,CLEAR,false,0.463696,LEFT,true,0.508641,1.139370,1.000000,true,true,0.041782,0.041479,RIGHT,-170.570617,side_sector
1783526878.177229,robot_0,robot_4,skipped,source_zone_inactive,CLEAR,false,0.463696,CLEAR,false,0.484248,0.398719,1.000000,true,true,0.041782,0.043331,CORNER,-148.511735,critical_distance
1783526878.277108,robot_0,robot_3,skipped,source_zone_inactive,CLEAR,false,0.063774,CLEAR,false,0.094199,0.599277,1.000000,true,true,0.042085,0.041769,RIGHT,-130.146198,side_sector
1783526878.277108,robot_0,robot_1,skipped,source_zone_inactive,CLEAR,false,0.063774,LEFT,true,0.008172,1.160949,1.000000,true,true,0.042085,0.042749,RIGHT,-169.785060,side_sector
1783526878.277108,robot_0,robot_4,skipped,source_zone_inactive,CLEAR,false,0.063774,CLEAR,false,0.085160,0.423729,1.000000,true,true,0.042085,0.041626,CORNER,-149.038578,critical_distance
1783526878.377124,robot_0,robot_3,skipped,source_zone_inactive,CLEAR,false,0.163790,CLEAR,false,0.194215,0.605412,1.000000,true,true,0.043231,0.042415,RIGHT,-127.052941,side_sector
1783526878.377124,robot_0,robot_1,skipped,source_zone_inactive,CLEAR,false,0.163790,LEFT,true,0.108188,1.170232,1.000000,true,true,0.043231,0.042740,RIGHT,-169.534433,side_sector
1783526878.377124,robot_0,robot_4,skipped,source_zone_inactive,CLEAR,false,0.163790,CLEAR,false,0.185176,0.432432,1.000000,true,true,0.043231,0.042262,CORNER,-149.207468,critical_distance
1783526878.477153,robot_0,robot_3,skipped,source_zone_inactive,CLEAR,false,0.263819,CLEAR,false,0.294244,0.603398,1.000000,true,true,0.042305,0.041867,RIGHT,-123.553034,side_sector
1783526878.477153,robot_0,robot_1,skipped,source_zone_inactive,CLEAR,false,0.263819,LEFT,true,0.208217,1.202998,1.000000,true,true,0.042305,0.043037,RIGHT,-169.177378,side_sector
1783526878.477153,robot_0,robot_4,skipped,source_zone_inactive,CLEAR,false,0.263819,CLEAR,false,0.285205,0.449790,1.000000,true,true,0.042305,0.041696,CORNER,-149.524383,critical_distance
1783526878.577101,robot_0,robot_3,skipped,source_zone_inactive,CLEAR,false,0.363767,CLEAR,false,0.394192,0.596705,1.000000,true,true,0.042623,0.042030,RIGHT,-119.933182,side_sector
1783526878.577101,robot_0,robot_1,skipped,source_zone_inactive,CLEAR,false,0.363767,LEFT,true,0.308166,1.240987,1.000000,true,true,0.042623,0.041371,RIGHT,-168.733480,side_sector
1783526878.577101,robot_0,robot_4,skipped,source_zone_inactive,CLEAR,false,0.363767,CLEAR,false,0.385154,0.471252,1.000000,true,true,0.042623,0.041239,CORNER,-149.858246,critical_distance
1783526878.677201,robot_0,robot_3,skipped,source_zone_inactive,CLEAR,false,0.463866,CLEAR,false,0.494292,0.588334,1.000000,true,true,0.042421,0.042099,RIGHT,-116.464182,side_sector
1783526878.677201,robot_0,robot_4,skipped,source_zone_inactive,CLEAR,false,0.463866,CLEAR,false,0.485253,0.492803,1.000000,true,true,0.042421,0.042948,CORNER,-150.246920,critical_distance
1783526878.777131,robot_0,robot_3,skipped,source_zone_inactive,CLEAR,false,0.056659,CLEAR,false,0.087950,0.578216,1.000000,true,true,0.042130,0.041656,RIGHT,-113.167295,side_sector
1783526878.777131,robot_0,robot_4,skipped,source_zone_inactive,CLEAR,false,0.056659,CLEAR,false,0.077141,0.514416,1.000000,true,true,0.042130,0.041467,CORNER,-151.972239,critical_distance
1783526878.877210,robot_0,robot_3,skipped,source_zone_inactive,CLEAR,false,0.156739,CLEAR,false,0.188030,0.565542,1.000000,true,true,0.042744,0.041635,RIGHT,-109.986464,side_sector
1783526878.877210,robot_0,robot_4,skipped,source_zone_inactive,CLEAR,false,0.156739,CLEAR,false,0.177221,0.536043,1.000000,true,true,0.042744,0.042328,CORNER,-155.159530,critical_distance
1783526878.977211,robot_0,robot_3,skipped,source_zone_inactive,CLEAR,false,0.256739,CLEAR,false,0.288030,0.548984,1.000000,true,true,0.042252,0.041838,CORNER,-107.671359,critical_distance
1783526878.977211,robot_0,robot_4,skipped,source_zone_inactive,CLEAR,false,0.256739,CLEAR,false,0.277221,0.557643,1.000000,true,true,0.042252,0.041693,RIGHT,-158.544760,side_sector
1783526879.077256,robot_0,robot_3,skipped,source_zone_inactive,CLEAR,false,0.356784,CLEAR,false,0.388076,0.531799,1.000000,true,true,0.042024,0.041554,CORNER,-107.196120,critical_distance
1783526879.077256,robot_0,robot_4,skipped,source_zone_inactive,CLEAR,false,0.356784,CLEAR,false,0.377267,0.579180,1.000000,true,true,0.042024,0.042788,RIGHT,-161.844106,side_sector
1783526879.177164,robot_0,robot_3,skipped,source_zone_inactive,CLEAR,false,0.456693,CLEAR,false,0.487984,0.514299,1.000000,true,true,0.042133,0.041797,CORNER,-107.663508,critical_distance
1783526879.177164,robot_0,robot_4,skipped,source_zone_inactive,CLEAR,false,0.456693,CLEAR,false,0.477175,0.600620,1.000000,true,true,0.042133,0.041640,RIGHT,-165.067090,side_sector
1783526879.277061,robot_0,robot_3,skipped,source_zone_inactive,CLEAR,false,0.058067,CLEAR,false,0.091004,0.497266,1.000000,true,true,0.042900,0.042622,CORNER,-108.501615,critical_distance
1783526879.277061,robot_0,robot_4,skipped,source_zone_inactive,CLEAR,false,0.058067,CLEAR,false,0.080978,0.621933,1.000000,true,true,0.042900,0.043205,RIGHT,-168.221963,side_sector
1783526879.377144,robot_0,robot_3,skipped,source_zone_inactive,CLEAR,false,0.158151,CLEAR,false,0.191088,0.481758,1.000000,true,true,0.042659,0.042026,CORNER,-110.037126,critical_distance
1783526879.377144,robot_0,robot_4,skipped,source_zone_inactive,CLEAR,false,0.158151,CLEAR,false,0.181061,0.645560,1.000000,true,true,0.042659,0.043276,RIGHT,-171.351405,side_sector
1783526879.477087,robot_0,robot_3,skipped,source_zone_inactive,CLEAR,false,0.258094,CLEAR,false,0.291031,0.466524,1.000000,true,true,0.042197,0.041457,CORNER,-111.790397,critical_distance
1783526879.477087,robot_0,robot_4,skipped,source_zone_inactive,CLEAR,false,0.258094,CLEAR,false,0.281004,0.688528,1.000000,true,true,0.042197,0.043090,RIGHT,-174.530401,side_sector
1783526879.577086,robot_0,robot_3,skipped,source_zone_inactive,CLEAR,false,0.358093,CLEAR,false,0.391030,0.451736,1.000000,true,true,0.042962,0.041800,CORNER,-113.781445,critical_distance
1783526879.577086,robot_0,robot_4,skipped,source_zone_inactive,CLEAR,false,0.358093,CLEAR,false,0.381004,0.736552,1.000000,true,true,0.042962,0.041640,RIGHT,-177.440351,side_sector
1783526879.677104,robot_0,robot_3,skipped,source_zone_inactive,CLEAR,false,0.458111,CLEAR,false,0.491048,0.438682,1.000000,true,true,0.042039,0.041740,CORNER,-116.151694,critical_distance
1783526879.677104,robot_0,robot_4,skipped,source_zone_inactive,CLEAR,false,0.458111,CLEAR,false,0.481022,0.784395,1.000000,true,true,0.042039,0.041632,LEFT,179.788089,side_sector
1783526879.777112,robot_0,robot_3,skipped,source_zone_inactive,CLEAR,false,0.061193,CLEAR,false,0.098185,0.431424,1.000000,true,true,0.041945,0.041573,CORNER,-118.866682,critical_distance
1783526879.777112,robot_0,robot_4,skipped,source_zone_inactive,CLEAR,false,0.061193,CLEAR,false,0.080960,0.832682,1.000000,true,true,0.041945,0.042634,LEFT,177.149311,side_sector
1783526879.877142,robot_0,robot_3,skipped,source_zone_inactive,CLEAR,false,0.161223,CLEAR,false,0.198214,0.416193,1.000000,true,true,0.041766,0.041346,CORNER,-121.068340,critical_distance
1783526879.877142,robot_0,robot_4,skipped,source_zone_inactive,CLEAR,false,0.161223,CLEAR,false,0.180989,0.889110,1.000000,true,true,0.041766,0.041188,LEFT,174.804261,side_sector
1783526879.977077,robot_0,robot_3,skipped,source_zone_inactive,CLEAR,false,0.261158,CLEAR,false,0.298149,0.401854,1.000000,true,true,0.039562,0.039803,CORNER,-123.165311,critical_distance
1783526879.977077,robot_0,robot_4,skipped,source_zone_inactive,CLEAR,false,0.261158,CLEAR,false,0.280924,0.945779,1.000000,true,true,0.039562,0.039468,LEFT,172.462148,side_sector
1783526880.077137,robot_0,robot_3,skipped,source_zone_inactive,CLEAR,false,0.361218,CLEAR,false,0.398209,0.389876,1.000000,true,true,0.041418,0.041031,CORNER,-125.585554,critical_distance
1783526880.077137,robot_0,robot_4,skipped,source_zone_inactive,CLEAR,false,0.361218,CLEAR,false,0.380985,0.999957,1.000000,true,true,0.041418,0.040846,LEFT,170.106576,side_sector
1783526880.177120,robot_0,robot_3,skipped,source_zone_inactive,CLEAR,false,0.461201,CLEAR,false,0.498192,0.381092,1.000000,true,true,0.042621,0.043117,CORNER,-128.141063,critical_distance
1783526880.177120,robot_0,robot_4,skipped,source_zone_inactive,CLEAR,false,0.461201,CLEAR,false,0.480967,1.039486,1.000000,true,true,0.042621,0.041411,LEFT,168.815262,side_sector
1783526880.277113,robot_0,robot_3,skipped,source_zone_inactive,CLEAR,false,0.064250,CLEAR,false,0.098296,0.374127,1.000000,true,true,0.042103,0.041533,CORNER,-130.881645,critical_distance
1783526880.277113,robot_0,robot_4,skipped,source_zone_inactive,CLEAR,false,0.064250,CLEAR,false,0.084842,1.078649,1.000000,true,true,0.042103,0.041340,LEFT,168.987877,side_sector
1783526880.377205,robot_0,robot_3,skipped,source_zone_inactive,CLEAR,false,0.164341,CLEAR,false,0.198388,0.369083,1.000000,true,true,0.042825,0.041841,CORNER,-133.777948,critical_distance
1783526880.377205,robot_0,robot_4,skipped,source_zone_inactive,CLEAR,false,0.164341,CLEAR,false,0.184933,1.118132,1.000000,true,true,0.042825,0.041620,LEFT,169.355711,side_sector
1783526880.477212,robot_0,robot_3,skipped,source_zone_inactive,CLEAR,false,0.264348,CLEAR,false,0.298395,0.366073,1.000000,true,true,0.042139,0.041836,CORNER,-136.788599,critical_distance
1783526880.477212,robot_0,robot_4,skipped,source_zone_inactive,CLEAR,false,0.264348,CLEAR,false,0.284940,1.158862,1.000000,true,true,0.042139,0.041698,LEFT,169.642004,side_sector
1783526880.577107,robot_0,robot_3,skipped,source_zone_inactive,CLEAR,false,0.364244,CLEAR,false,0.398290,0.365180,1.000000,true,true,0.042265,0.041605,CORNER,-139.864788,critical_distance
1783526880.577107,robot_0,robot_4,skipped,source_zone_inactive,CLEAR,false,0.364244,CLEAR,false,0.384836,1.201295,1.000000,true,true,0.042265,0.041381,LEFT,169.858420,side_sector
1783526880.677218,robot_0,robot_3,skipped,source_zone_inactive,CLEAR,false,0.464354,CLEAR,false,0.498401,0.366442,1.000000,true,true,0.043391,0.042824,CORNER,-142.953215,critical_distance
1783526880.677218,robot_0,robot_4,skipped,source_zone_inactive,CLEAR,false,0.464354,CLEAR,false,0.484946,1.243802,1.000000,true,true,0.043391,0.042708,LEFT,169.998418,side_sector
1783526880.777244,robot_0,robot_3,skipped,source_zone_inactive,CLEAR,false,0.064344,CLEAR,false,0.099230,0.369860,1.000000,true,true,0.042345,0.042951,CORNER,-145.999796,critical_distance
1783526880.877112,robot_0,robot_3,skipped,source_zone_inactive,CLEAR,false,0.164213,CLEAR,false,0.199099,0.375388,1.000000,true,true,0.042020,0.041279,CORNER,-148.953502,critical_distance
1783526880.977139,robot_0,robot_3,skipped,source_zone_inactive,CLEAR,false,0.264240,CLEAR,false,0.299126,0.382945,1.000000,true,true,0.042593,0.043181,CORNER,-151.769675,critical_distance
1783526881.077170,robot_0,robot_3,skipped,source_zone_inactive,CLEAR,false,0.364270,CLEAR,false,0.399157,0.391302,1.000000,true,true,0.042541,0.043084,CORNER,-154.102722,critical_distance
1783526881.177200,robot_0,robot_3,skipped,source_zone_inactive,CLEAR,false,0.464300,CLEAR,false,0.499186,0.389457,1.000000,true,true,0.043206,0.042307,CORNER,-156.124430,critical_distance
1783526881.277187,robot_0,robot_3,skipped,source_zone_inactive,CLEAR,false,0.062762,CLEAR,false,0.098519,0.387661,1.000000,true,true,0.043148,0.042121,CORNER,-159.742889,critical_distance
1783526881.377108,robot_0,robot_3,skipped,source_zone_inactive,CLEAR,false,0.162682,CLEAR,false,0.198440,0.389119,1.000000,true,true,0.042795,0.042574,CORNER,-163.500123,critical_distance
1783526881.477150,robot_0,robot_3,skipped,source_zone_inactive,CLEAR,false,0.262725,CLEAR,false,0.298482,0.392204,1.000000,true,true,0.041399,0.042057,CORNER,-167.197728,critical_distance
1783526881.577165,robot_0,robot_3,skipped,source_zone_inactive,CLEAR,false,0.362739,CLEAR,false,0.398497,0.397517,1.000000,true,true,0.041540,0.041070,CORNER,-170.836289,critical_distance
1783526881.677115,robot_0,robot_3,skipped,source_zone_inactive,CLEAR,false,0.462689,CLEAR,false,0.498447,0.404589,1.000000,true,true,0.041806,0.041353,CORNER,-174.262751,critical_distance
1783526881.777121,robot_0,robot_3,sent,,RIGHT,true,0.063455,CLEAR,false,0.096013,0.414438,1.000000,true,true,0.042168,0.041842,CORNER,-176.715217,critical_distance
1783526881.877075,robot_0,robot_3,sent,,RIGHT,true,0.163409,CLEAR,false,0.195967,0.422509,1.000000,true,true,0.042144,0.041024,CORNER,-178.872630,critical_distance
1783526881.977072,robot_0,robot_3,sent,,RIGHT,true,0.263406,CLEAR,false,0.295965,0.419809,1.000000,true,true,0.042409,0.042944,CORNER,-179.524387,critical_distance
1783526882.077140,robot_0,robot_3,sent,,RIGHT,true,0.363474,CLEAR,false,0.396032,0.417645,1.000000,true,true,0.042545,0.042946,CORNER,-179.498761,critical_distance
1783526882.177186,robot_0,robot_3,sent,,RIGHT,true,0.463520,CLEAR,false,0.496079,0.416213,1.000000,true,true,0.041968,0.041458,CORNER,-179.352511,critical_distance
1783526882.277091,robot_0,robot_3,sent,,CORNER,true,0.063157,CLEAR,false,0.094396,0.415396,1.000000,true,true,0.042889,0.043231,CORNER,-179.114638,critical_distance
1783526882.377234,robot_0,robot_3,sent,,CORNER,true,0.163301,CLEAR,false,0.194539,0.415334,1.000000,true,true,0.041976,0.041495,CORNER,-177.067498,critical_distance
1783526882.477231,robot_0,robot_3,sent,,CORNER,true,0.263298,CLEAR,false,0.294536,0.415334,1.000000,true,true,0.042520,0.041600,CORNER,-174.776573,critical_distance
1783526882.577115,robot_0,robot_3,sent,,CORNER,true,0.363181,CLEAR,false,0.394420,0.415334,1.000000,true,true,0.043061,0.042293,CORNER,-172.485649,critical_distance
1783526882.677224,robot_0,robot_3,sent,,CORNER,true,0.463290,CLEAR,false,0.494529,0.415334,1.000000,true,true,0.041677,0.040893,CORNER,-170.194725,critical_distance
1783526882.777104,robot_0,robot_3,sent,,CORNER,true,0.062362,CLEAR,false,0.098772,0.415334,1.000000,true,true,0.042158,0.042623,CORNER,-167.903801,critical_distance
1783526882.877109,robot_0,robot_3,sent,,CORNER,true,0.162368,CLEAR,false,0.198777,0.415334,1.000000,true,true,0.042903,0.042296,CORNER,-165.612876,critical_distance
1783526882.977092,robot_0,robot_3,sent,,CORNER,true,0.262351,CLEAR,false,0.298760,0.415334,1.000000,true,true,0.042348,0.041935,CORNER,-163.321952,critical_distance
1783526883.077150,robot_0,robot_3,sent,,CORNER,true,0.362409,CLEAR,false,0.398818,0.415334,1.000000,true,true,0.041768,0.041142,CORNER,-161.031028,critical_distance
1783526883.177075,robot_0,robot_3,sent,,CORNER,true,0.462334,CLEAR,false,0.498743,0.415334,1.000000,true,true,0.042395,0.041869,CORNER,-158.740104,critical_distance
1783526883.277113,robot_0,robot_3,sent,,CORNER,true,0.065697,CLEAR,false,0.095689,0.415334,1.000000,true,true,0.042335,0.042010,CORNER,-156.621067,critical_distance
1783526883.377145,robot_0,robot_3,sent,,CORNER,true,0.165729,CLEAR,false,0.195721,0.415334,1.000000,true,true,0.043277,0.042166,CORNER,-155.951522,critical_distance
1783526883.477186,robot_0,robot_3,sent,,CORNER,true,0.265770,CLEAR,false,0.295762,0.415334,1.000000,true,true,0.042555,0.041659,CORNER,-155.951522,critical_distance
1783526883.577076,robot_0,robot_3,sent,,CORNER,true,0.365660,CLEAR,false,0.395652,0.415334,1.000000,true,true,0.042526,0.042218,CORNER,-155.951522,critical_distance
1783526883.677260,robot_0,robot_3,sent,,CORNER,true,0.465844,CLEAR,false,0.495836,0.415334,1.000000,true,true,0.043088,0.041960,CORNER,-155.951522,critical_distance
1783526883.777077,robot_0,robot_3,sent,,CORNER,true,0.070004,CLEAR,false,0.098149,0.415334,1.000000,true,true,0.043048,0.042099,CORNER,-155.951522,critical_distance
1783526883.877170,robot_0,robot_3,sent,,CORNER,true,0.170097,CLEAR,false,0.198242,0.415334,1.000000,true,true,0.041811,0.042474,CORNER,-155.951522,critical_distance
1783526883.977139,robot_0,robot_3,sent,,CORNER,true,0.270065,CLEAR,false,0.298210,0.415334,1.000000,true,true,0.042465,0.042096,CORNER,-155.951522,critical_distance
1783526884.077256,robot_0,robot_3,sent,,CORNER,true,0.370183,CLEAR,false,0.398328,0.415334,1.000000,true,true,0.042426,0.042126,CORNER,-155.951522,critical_distance
1783526884.177094,robot_0,robot_3,sent,,CORNER,true,0.470020,CLEAR,false,0.498165,0.415334,1.000000,true,true,0.041974,0.041626,CORNER,-155.951522,critical_distance
1783526884.277186,robot_0,robot_3,sent,,RIGHT,true,0.064334,CLEAR,false,0.095206,0.415334,1.000000,true,true,0.042799,0.042164,CORNER,-155.951522,critical_distance
1783526884.377126,robot_0,robot_3,sent,,RIGHT,true,0.164274,CLEAR,false,0.195147,0.415679,1.000000,true,true,0.041665,0.041300,CORNER,-156.043376,critical_distance
1783526884.477180,robot_0,robot_3,sent,,RIGHT,true,0.264328,CLEAR,false,0.295201,0.423370,1.000000,true,true,0.041556,0.041369,CORNER,-157.582437,critical_distance
1783526884.577141,robot_0,robot_3,sent,,RIGHT,true,0.364289,CLEAR,false,0.395162,0.433875,1.000000,true,true,0.042567,0.042225,CORNER,-157.736534,critical_distance
1783526884.677252,robot_0,robot_3,sent,,RIGHT,true,0.464400,CLEAR,false,0.495273,0.446209,1.000000,true,true,0.040944,0.040339,CORNER,-156.367389,critical_distance
1783526884.777162,robot_0,robot_3,sent,,RIGHT,true,0.065385,CLEAR,false,0.098671,0.461120,1.000000,true,true,0.041657,0.041332,CORNER,-154.987967,critical_distance
1783526884.877139,robot_0,robot_3,sent,,RIGHT,true,0.165361,CLEAR,false,0.198647,0.476913,1.000000,true,true,0.042340,0.042930,CORNER,-154.875439,critical_distance
1783526884.977112,robot_0,robot_3,sent,,RIGHT,true,0.265335,CLEAR,false,0.298621,0.493171,1.000000,true,true,0.043171,0.042218,CORNER,-155.974866,critical_distance
1783526885.077127,robot_0,robot_3,sent,,RIGHT,true,0.365349,CLEAR,false,0.398635,0.510299,1.000000,true,true,0.043147,0.042288,CORNER,-157.131220,critical_distance
1783526885.177225,robot_0,robot_3,sent,,RIGHT,true,0.465448,CLEAR,false,0.498734,0.536412,1.000000,true,true,0.043066,0.042630,CORNER,-158.729757,critical_distance
1783526885.277084,robot_0,robot_3,skipped,source_zone_inactive,CLEAR,false,0.061493,CLEAR,false,0.096966,0.547533,1.000000,true,true,0.042409,0.042035,CORNER,-159.357545,critical_distance
1783526885.377148,robot_0,robot_3,skipped,source_zone_inactive,CLEAR,false,0.161557,CLEAR,false,0.197030,0.548196,1.000000,true,true,0.043083,0.041530,CORNER,-159.394120,critical_distance
1783526885.477150,robot_0,robot_3,skipped,source_zone_inactive,CLEAR,false,0.261559,CLEAR,false,0.297032,0.564752,1.000000,true,true,0.042397,0.041468,RIGHT,-160.300270,side_sector
1783526885.577097,robot_0,robot_3,skipped,source_zone_inactive,CLEAR,false,0.361506,CLEAR,false,0.396980,0.590846,1.000000,true,true,0.042325,0.041508,RIGHT,-161.541034,side_sector
1783526885.677135,robot_0,robot_3,skipped,source_zone_inactive,CLEAR,false,0.461544,CLEAR,false,0.497017,0.614633,1.000000,true,true,0.041830,0.041386,RIGHT,-161.222272,side_sector
1783526885.777097,robot_0,robot_3,skipped,source_zone_inactive,CLEAR,false,0.063099,CLEAR,false,0.098912,0.637747,1.000000,true,true,0.042053,0.042776,RIGHT,-159.266971,side_sector
1783526885.877095,robot_0,robot_3,skipped,source_zone_inactive,CLEAR,false,0.163097,CLEAR,false,0.198910,0.662669,1.000000,true,true,0.042140,0.043083,RIGHT,-156.975759,side_sector
1783526885.977073,robot_0,robot_3,skipped,source_zone_inactive,CLEAR,false,0.263075,CLEAR,false,0.298888,0.705206,1.000000,true,true,0.042354,0.040503,RIGHT,-155.550194,side_sector
1783526886.077113,robot_0,robot_3,skipped,source_zone_inactive,CLEAR,false,0.363115,CLEAR,false,0.398928,0.752307,1.000000,true,true,0.041368,0.041155,RIGHT,-154.639273,side_sector
1783526886.177090,robot_0,robot_3,skipped,source_zone_inactive,CLEAR,false,0.463092,CLEAR,false,0.498905,0.798892,1.000000,true,true,0.042672,0.042259,RIGHT,-153.657041,side_sector
1783526886.277118,robot_0,robot_3,skipped,source_zone_inactive,CLEAR,false,0.059225,CLEAR,false,0.091843,0.844914,1.000000,true,true,0.042770,0.042519,RIGHT,-152.615959,side_sector
1783526886.377143,robot_0,robot_3,skipped,source_zone_inactive,CLEAR,false,0.159250,CLEAR,false,0.191868,0.890327,1.000000,true,true,0.042632,0.042241,RIGHT,-151.525765,side_sector
1783526886.477127,robot_0,robot_3,skipped,source_zone_inactive,CLEAR,false,0.259234,CLEAR,false,0.291852,0.935089,1.000000,true,true,0.042541,0.041527,RIGHT,-150.394176,side_sector
1783526886.577117,robot_0,robot_3,skipped,source_zone_inactive,CLEAR,false,0.359224,CLEAR,false,0.391842,0.978941,1.000000,true,true,0.042420,0.041454,RIGHT,-149.215758,side_sector
1783526886.677064,robot_0,robot_3,skipped,source_zone_inactive,CLEAR,false,0.459171,CLEAR,false,0.000471,1.014189,1.000000,true,true,0.041868,0.042970,RIGHT,-147.592033,side_sector
1783526886.777115,robot_0,robot_3,skipped,source_zone_inactive,CLEAR,false,0.066468,CLEAR,false,0.100522,1.046902,1.000000,true,true,0.042013,0.041337,RIGHT,-145.864989,side_sector
1783526886.877177,robot_0,robot_3,skipped,source_zone_inactive,CLEAR,false,0.166530,CLEAR,false,0.200584,1.079246,1.000000,true,true,0.041470,0.040915,RIGHT,-144.127549,side_sector
1783526886.977129,robot_0,robot_3,skipped,source_zone_inactive,CLEAR,false,0.266482,CLEAR,false,0.300536,1.111879,1.000000,true,true,0.042360,0.041899,RIGHT,-142.406669,side_sector
1783526887.077209,robot_0,robot_3,skipped,source_zone_inactive,CLEAR,false,0.366562,CLEAR,false,0.400616,1.156118,1.000000,true,true,0.042448,0.043116,RIGHT,-142.204888,side_sector
1783526887.177177,robot_0,robot_3,skipped,source_zone_inactive,CLEAR,false,0.466531,CLEAR,false,0.500585,1.202471,1.000000,true,true,0.042095,0.041858,RIGHT,-143.639917,side_sector
1783526887.277086,robot_0,robot_3,skipped,source_zone_inactive,CLEAR,false,0.566439,CLEAR,false,0.098995,1.249310,1.000000,true,true,0.042028,0.041454,RIGHT,-145.409904,side_sector
1783526992.077163,robot_0,robot_1,skipped,source_zone_inactive,CLEAR,false,0.375283,CORNER,true,0.411669,1.236653,1.000000,true,true,0.042654,0.043205,RIGHT,-176.420098,side_sector
1783526992.177152,robot_0,robot_1,skipped,source_zone_inactive,CLEAR,false,0.475272,LEFT,true,0.007012,1.212915,1.000000,true,true,0.040816,0.040467,RIGHT,-173.494102,side_sector
1783526992.277112,robot_0,robot_1,skipped,source_zone_inactive,CLEAR,false,0.072623,LEFT,true,0.106972,1.191130,1.000000,true,true,0.042025,0.042844,RIGHT,-170.642685,side_sector
1783526992.377147,robot_0,robot_1,skipped,source_zone_inactive,CLEAR,false,0.172658,LEFT,true,0.207007,1.189183,1.000000,true,true,0.042043,0.041769,RIGHT,-168.127846,side_sector
1783526992.477133,robot_0,robot_1,skipped,source_zone_inactive,CLEAR,false,0.272644,LEFT,true,0.306993,1.194258,1.000000,true,true,0.043234,0.042271,RIGHT,-166.109109,side_sector
1783526992.577086,robot_0,robot_1,skipped,source_zone_inactive,CLEAR,false,0.372597,LEFT,true,0.406946,1.198778,1.000000,true,true,0.042467,0.042223,RIGHT,-164.219727,side_sector
1783526992.677184,robot_0,robot_1,skipped,source_zone_inactive,CLEAR,false,0.472696,LEFT,true,0.011072,1.200895,1.000000,true,true,0.042124,0.041904,RIGHT,-162.280230,side_sector
1783526992.777086,robot_0,robot_1,skipped,source_zone_inactive,CLEAR,false,0.071797,LEFT,true,0.110974,1.187892,1.000000,true,true,0.042457,0.042208,RIGHT,-160.010272,side_sector
1783526992.877246,robot_0,robot_1,skipped,source_zone_inactive,CLEAR,false,0.171957,LEFT,true,0.211134,1.188225,1.000000,true,true,0.042492,0.043037,RIGHT,-158.288961,side_sector
1783526992.977205,robot_0,robot_1,skipped,source_zone_inactive,CLEAR,false,0.271916,LEFT,true,0.311093,1.191427,1.000000,true,true,0.043015,0.042310,RIGHT,-156.936052,side_sector
1783526993.077149,robot_0,robot_1,skipped,source_zone_inactive,CLEAR,false,0.371860,LEFT,true,0.411037,1.194712,1.000000,true,true,0.041326,0.042287,RIGHT,-155.706778,side_sector
1783526993.177079,robot_0,robot_1,skipped,source_zone_inactive,CLEAR,false,0.471790,LEFT,true,0.011353,1.196171,1.000000,true,true,0.042187,0.042014,RIGHT,-154.582459,side_sector
1783526993.277238,robot_0,robot_1,skipped,source_zone_inactive,CLEAR,false,0.069444,LEFT,true,0.111512,1.182847,1.000000,true,true,0.043185,0.042590,RIGHT,-154.495000,side_sector
1783526993.377243,robot_0,robot_1,skipped,source_zone_inactive,CLEAR,false,0.169448,LEFT,true,0.211516,1.179705,1.000000,true,true,0.041809,0.041612,RIGHT,-155.512984,side_sector
1783526993.477118,robot_0,robot_1,skipped,source_zone_inactive,CLEAR,false,0.269324,LEFT,true,0.311391,1.177742,1.000000,true,true,0.042392,0.041490,RIGHT,-156.556463,side_sector
1783526993.577149,robot_0,robot_1,skipped,source_zone_inactive,CLEAR,false,0.369355,LEFT,true,0.411423,1.176264,1.000000,true,true,0.042369,0.042193,RIGHT,-157.575298,side_sector
1783526993.677376,robot_0,robot_1,skipped,source_zone_inactive,CLEAR,false,0.469582,LEFT,true,0.004967,1.182053,1.000000,true,true,0.041533,0.041090,RIGHT,-158.284302,side_sector
1783526993.777428,robot_0,robot_1,skipped,source_zone_inactive,CLEAR,false,0.068238,LEFT,true,0.105019,1.174430,1.000000,true,true,0.041286,0.042608,RIGHT,-158.696280,side_sector
1783526993.877421,robot_0,robot_1,skipped,source_zone_inactive,CLEAR,false,0.168231,LEFT,true,0.205012,1.180895,1.000000,true,true,0.041657,0.041398,RIGHT,-159.373087,side_sector
1783526993.977679,robot_0,robot_1,skipped,source_zone_inactive,CLEAR,false,0.268489,LEFT,true,0.305270,1.192800,1.000000,true,true,0.041061,0.040779,RIGHT,-160.126618,side_sector
1783526994.077457,robot_0,robot_1,skipped,source_zone_inactive,CLEAR,false,0.368267,LEFT,true,0.405048,1.213883,1.000000,true,true,0.039603,0.041695,RIGHT,-160.977347,side_sector
1783526994.177144,robot_0,robot_1,skipped,source_zone_inactive,CLEAR,false,0.467954,LEFT,true,0.012823,1.232616,1.000000,true,true,0.042231,0.041637,RIGHT,-161.742685,side_sector
1783526994.277149,robot_0,robot_1,skipped,source_zone_inactive,CLEAR,false,0.070317,LEFT,true,0.112828,1.235767,1.000000,true,true,0.041743,0.041546,RIGHT,-162.229835,side_sector
1783526994.677243,robot_0,robot_1,skipped,source_zone_inactive,CLEAR,false,0.470410,LEFT,true,0.010298,1.245826,1.000000,true,true,0.042389,0.043040,RIGHT,-163.847739,side_sector
1783526994.777433,robot_0,robot_1,skipped,source_zone_inactive,CLEAR,false,0.069608,LEFT,true,0.110489,1.235295,1.000000,true,true,0.042865,0.041586,RIGHT,-164.004559,side_sector
1783526994.878086,robot_0,robot_1,skipped,source_zone_inactive,CLEAR,false,0.170260,LEFT,true,0.211141,1.243086,1.000000,true,true,0.042101,0.043196,RIGHT,-164.373501,side_sector
1783526995.777124,robot_0,robot_1,skipped,source_zone_inactive,CLEAR,false,0.054692,CORNER,true,0.100123,1.246567,1.000000,true,true,0.042313,0.041902,RIGHT,-153.467553,side_sector
1783526995.877183,robot_0,robot_1,skipped,source_zone_inactive,CLEAR,false,0.154752,CORNER,true,0.200182,1.226393,1.000000,true,true,0.041653,0.041295,RIGHT,-151.158605,side_sector
1783526995.977104,robot_0,robot_1,skipped,source_zone_inactive,CLEAR,false,0.254672,CORNER,true,0.300103,1.206831,1.000000,true,true,0.042030,0.041704,RIGHT,-148.849257,side_sector
1783526996.077138,robot_0,robot_1,skipped,source_zone_inactive,CLEAR,false,0.354706,CORNER,true,0.400136,1.187280,1.000000,true,true,0.041722,0.042358,RIGHT,-146.533992,side_sector
1783526996.177108,robot_0,robot_1,skipped,source_zone_inactive,CLEAR,false,0.454676,CORNER,true,0.005389,1.167743,1.000000,true,true,0.042667,0.041730,RIGHT,-144.212519,side_sector
1783526996.277115,robot_0,robot_1,skipped,distance_above_warning_threshold,CORNER,true,0.061538,CORNER,true,0.105396,1.147484,1.000000,true,true,0.042371,0.043057,RIGHT,-141.876933,side_sector
1783526996.377097,robot_0,robot_1,skipped,distance_above_warning_threshold,CORNER,true,0.161520,CORNER,true,0.205378,1.119721,1.000000,true,true,0.042762,0.042369,RIGHT,-139.452738,side_sector
1783526996.477196,robot_0,robot_1,skipped,distance_above_warning_threshold,CORNER,true,0.261620,CORNER,true,0.305477,1.109330,1.000000,true,true,0.042411,0.042239,RIGHT,-137.208902,side_sector
1783526996.577285,robot_0,robot_1,skipped,distance_above_warning_threshold,CORNER,true,0.361708,CORNER,true,0.405566,1.109330,1.000000,true,true,0.042261,0.042035,RIGHT,-135.251018,side_sector
1783526996.677083,robot_0,robot_1,skipped,distance_above_warning_threshold,CORNER,true,0.461506,CORNER,true,0.505364,1.109330,1.000000,true,true,0.041591,0.042305,RIGHT,-134.716035,side_sector
1783526996.777177,robot_0,robot_1,skipped,distance_above_warning_threshold,CORNER,true,0.047681,CORNER,true,0.091447,1.109330,1.000000,true,true,0.042115,0.041941,RIGHT,-134.716035,side_sector
1783526996.877231,robot_0,robot_1,skipped,distance_above_warning_threshold,CORNER,true,0.147735,CORNER,true,0.191501,1.109330,1.000000,true,true,0.041261,0.041064,RIGHT,-134.716035,side_sector
1783526996.977122,robot_0,robot_1,skipped,distance_above_warning_threshold,CORNER,true,0.247625,CORNER,true,0.291392,1.109330,1.000000,true,true,0.041351,0.041184,RIGHT,-134.716035,side_sector
1783526997.077154,robot_0,robot_1,skipped,distance_above_warning_threshold,CORNER,true,0.347658,CORNER,true,0.391424,1.109330,1.000000,true,true,0.041814,0.042650,RIGHT,-134.716035,side_sector
1783526997.177013,robot_0,robot_1,skipped,distance_above_warning_threshold,CORNER,true,0.447517,CORNER,true,0.001511,1.109330,1.000000,true,true,0.041413,0.042435,RIGHT,-134.716035,side_sector
1783526997.277174,robot_0,robot_1,skipped,distance_above_warning_threshold,CORNER,true,0.056387,CORNER,true,0.101672,1.109330,1.000000,true,true,0.042248,0.042085,RIGHT,-134.716035,side_sector
1783526997.377094,robot_0,robot_1,skipped,distance_above_warning_threshold,CORNER,true,0.156307,CORNER,true,0.201592,1.109330,1.000000,true,true,0.042475,0.043106,RIGHT,-134.544148,side_sector
1783526997.477219,robot_0,robot_1,skipped,distance_above_warning_threshold,CORNER,true,0.256433,CORNER,true,0.301717,1.109330,1.000000,true,true,0.041349,0.041175,RIGHT,-132.911218,side_sector
1783526997.577207,robot_0,robot_1,skipped,distance_above_warning_threshold,CORNER,true,0.356421,CORNER,true,0.401706,1.109330,1.000000,true,true,0.041712,0.042423,RIGHT,-129.920368,side_sector
1783526997.677255,robot_0,robot_1,skipped,distance_above_warning_threshold,CORNER,true,0.456469,CORNER,true,0.501753,1.109330,1.000000,true,true,0.042824,0.043312,RIGHT,-126.826378,side_sector
1783526997.777107,robot_0,robot_1,skipped,distance_above_warning_threshold,CORNER,true,0.060481,CORNER,true,0.601605,1.109330,1.000000,true,true,0.042533,0.043047,RIGHT,-123.732389,side_sector
1783526997.877125,robot_0,robot_1,skipped,distance_above_warning_threshold,CORNER,true,0.160499,CORNER,true,0.099698,1.109330,1.000000,true,true,0.042668,0.042396,RIGHT,-120.638399,side_sector
1783526997.977101,robot_0,robot_1,skipped,distance_above_warning_threshold,CORNER,true,0.260475,CORNER,true,0.199673,1.109330,1.000000,true,true,0.042351,0.042079,RIGHT,-117.544410,side_sector
1783526998.077209,robot_0,robot_1,skipped,distance_above_warning_threshold,CORNER,true,0.360583,CORNER,true,0.299781,1.109330,1.000000,true,true,0.041419,0.042199,RIGHT,-114.450420,side_sector
1783526998.177126,robot_0,robot_1,skipped,distance_above_warning_threshold,CORNER,true,0.460500,CORNER,true,0.002701,1.109330,1.000000,true,true,0.042238,0.042013,RIGHT,-111.356431,side_sector
1783526998.277263,robot_0,robot_1,skipped,distance_above_warning_threshold,CORNER,true,0.058890,CORNER,true,0.102838,1.109330,1.000000,true,true,0.042415,0.042245,RIGHT,-108.262441,side_sector
1783526998.377184,robot_0,robot_1,skipped,distance_above_warning_threshold,CORNER,true,0.158810,CORNER,true,0.202759,1.109330,1.000000,true,true,0.042275,0.042083,RIGHT,-105.168452,side_sector
1783526998.477083,robot_0,robot_1,skipped,distance_above_warning_threshold,CORNER,true,0.258710,CORNER,true,0.302658,1.109330,1.000000,true,true,0.042573,0.042309,RIGHT,-102.074462,side_sector
1783526998.577240,robot_0,robot_1,skipped,distance_above_warning_threshold,CORNER,true,0.358866,CORNER,true,0.402815,1.109330,1.000000,true,true,0.042451,0.042263,RIGHT,-98.980472,side_sector
1783526998.677061,robot_0,robot_1,skipped,distance_above_warning_threshold,CORNER,true,0.458688,LEFT,true,0.003682,1.109330,1.000000,true,true,0.042099,0.042728,RIGHT,-95.886483,side_sector
1783526998.777232,robot_0,robot_1,skipped,distance_above_warning_threshold,CORNER,true,0.060837,LEFT,true,0.103853,1.109475,1.000000,true,true,0.042029,0.041850,RIGHT,-92.921389,side_sector
1783526998.877167,robot_0,robot_1,skipped,distance_above_warning_threshold,CORNER,true,0.160772,LEFT,true,0.203787,1.110154,1.000000,true,true,0.042823,0.042109,RIGHT,-91.129733,side_sector
1783526998.977217,robot_0,robot_1,skipped,distance_above_warning_threshold,CORNER,true,0.260823,LEFT,true,0.303838,1.110593,1.000000,true,true,0.041946,0.041757,RIGHT,-91.043502,side_sector
1783526999.077223,robot_0,robot_1,skipped,distance_above_warning_threshold,CORNER,true,0.360828,LEFT,true,0.403844,1.111355,1.000000,true,true,0.042230,0.042020,RIGHT,-92.314110,side_sector
1783526999.177055,robot_0,robot_1,skipped,distance_above_warning_threshold,CORNER,true,0.460660,LEFT,true,0.000807,1.112592,1.000000,true,true,0.041285,0.041053,RIGHT,-93.556728,side_sector
1783526999.277180,robot_0,robot_1,skipped,distance_above_warning_threshold,CORNER,true,0.055698,LEFT,true,0.100932,1.113100,1.000000,true,true,0.042794,0.043205,RIGHT,-93.955259,side_sector
1783526999.377135,robot_0,robot_1,skipped,distance_above_warning_threshold,CORNER,true,0.155653,LEFT,true,0.200886,1.113854,1.000000,true,true,0.042723,0.041516,RIGHT,-94.481032,side_sector
1783526999.477157,robot_0,robot_1,skipped,distance_above_warning_threshold,CORNER,true,0.255675,LEFT,true,0.300909,1.114701,1.000000,true,true,0.042339,0.043078,RIGHT,-95.006049,side_sector
1783526999.577141,robot_0,robot_1,skipped,distance_above_warning_threshold,CORNER,true,0.355659,LEFT,true,0.400893,1.115642,1.000000,true,true,0.042315,0.042131,RIGHT,-95.530225,side_sector
1783526999.677064,robot_0,robot_1,skipped,distance_above_warning_threshold,CORNER,true,0.455581,LEFT,true,0.002380,1.116415,1.000000,true,true,0.041825,0.040917,RIGHT,-95.925886,side_sector
1783526999.777149,robot_0,robot_1,skipped,distance_above_warning_threshold,CORNER,true,0.061655,LEFT,true,0.102465,1.116676,1.000000,true,true,0.042377,0.042229,RIGHT,-96.053474,side_sector
1783526999.877230,robot_0,robot_1,skipped,distance_above_warning_threshold,CORNER,true,0.161736,LEFT,true,0.202547,1.117803,1.000000,true,true,0.042293,0.042112,RIGHT,-96.575711,side_sector
1783526999.977114,robot_0,robot_1,skipped,distance_above_warning_threshold,CORNER,true,0.261621,LEFT,true,0.302431,1.119022,1.000000,true,true,0.042211,0.042080,RIGHT,-97.096854,side_sector
1783527000.077195,robot_0,robot_1,skipped,distance_above_warning_threshold,CORNER,true,0.361701,LEFT,true,0.402512,1.120334,1.000000,true,true,0.041431,0.041179,RIGHT,-97.616818,side_sector
1783527000.177232,robot_0,robot_1,skipped,distance_above_warning_threshold,CORNER,true,0.461738,LEFT,true,0.502548,1.121387,1.000000,true,true,0.042049,0.041868,RIGHT,-98.009075,side_sector
1783527000.277179,robot_0,robot_1,skipped,distance_above_warning_threshold,CORNER,true,0.051647,LEFT,true,0.097891,1.121738,1.000000,true,true,0.042202,0.041609,RIGHT,-98.135524,side_sector
1783527000.377218,robot_0,robot_1,skipped,distance_above_warning_threshold,CORNER,true,0.151686,LEFT,true,0.197930,1.123234,1.000000,true,true,0.042048,0.042754,RIGHT,-98.652891,side_sector
1783527000.477157,robot_0,robot_1,skipped,distance_above_warning_threshold,CORNER,true,0.251625,LEFT,true,0.297869,1.124821,1.000000,true,true,0.041800,0.041619,RIGHT,-99.168839,side_sector
1783527000.577118,robot_0,robot_1,skipped,distance_above_warning_threshold,CORNER,true,0.351586,LEFT,true,0.397830,1.126499,1.000000,true,true,0.042515,0.041914,RIGHT,-99.683293,side_sector
1783527000.677165,robot_0,robot_1,skipped,distance_above_warning_threshold,CORNER,true,0.451633,LEFT,true,0.497877,1.127827,1.000000,true,true,0.041576,0.041266,RIGHT,-100.071175,side_sector
1783527000.777119,robot_0,robot_1,skipped,distance_above_warning_threshold,CORNER,true,0.047114,LEFT,true,0.096548,1.128267,1.000000,true,true,0.041669,0.041517,RIGHT,-100.196174,side_sector
1783527000.877113,robot_0,robot_1,skipped,distance_above_warning_threshold,CORNER,true,0.147109,LEFT,true,0.196543,1.132237,1.000000,true,true,0.042430,0.041474,RIGHT,-101.258478,side_sector
1783527000.977148,robot_0,robot_1,skipped,distance_above_warning_threshold,CORNER,true,0.247143,LEFT,true,0.296577,1.137425,1.000000,true,true,0.042107,0.041801,RIGHT,-102.503317,side_sector
1783527001.077132,robot_0,robot_1,skipped,distance_above_warning_threshold,CORNER,true,0.347127,LEFT,true,0.396561,1.143453,1.000000,true,true,0.042146,0.041894,RIGHT,-103.799561,side_sector
1783527001.177031,robot_0,robot_1,skipped,distance_above_warning_threshold,CORNER,true,0.447026,LEFT,true,0.002851,1.149983,1.000000,true,true,0.041873,0.041685,RIGHT,-105.067145,side_sector
1783527001.277111,robot_0,robot_1,skipped,distance_above_warning_threshold,CORNER,true,0.054101,LEFT,true,0.102931,1.152609,1.000000,true,true,0.042349,0.042147,RIGHT,-105.544552,side_sector
1783527001.377200,robot_0,robot_1,skipped,distance_above_warning_threshold,CORNER,true,0.154190,LEFT,true,0.203020,1.159543,1.000000,true,true,0.041781,0.041557,RIGHT,-106.732178,side_sector
1783527001.477203,robot_0,robot_1,skipped,distance_above_warning_threshold,CORNER,true,0.254193,LEFT,true,0.303023,1.168376,1.000000,true,true,0.041909,0.042806,RIGHT,-108.117412,side_sector
1783527001.577159,robot_0,robot_1,skipped,distance_above_warning_threshold,CORNER,true,0.354149,LEFT,true,0.402979,1.178280,1.000000,true,true,0.041726,0.041550,RIGHT,-109.535948,side_sector
1783527001.677185,robot_0,robot_1,skipped,distance_above_warning_threshold,CORNER,true,0.454175,LEFT,true,0.004057,1.188004,1.000000,true,true,0.042274,0.041611,RIGHT,-110.817380,side_sector
1783527001.777150,robot_0,robot_1,skipped,distance_above_warning_threshold,CORNER,true,0.053738,LEFT,true,0.104022,1.192300,1.000000,true,true,0.042120,0.041939,RIGHT,-111.353734,side_sector
1783527001.877162,robot_0,robot_1,skipped,distance_above_warning_threshold,CORNER,true,0.153751,LEFT,true,0.204035,1.202713,1.000000,true,true,0.041839,0.041662,RIGHT,-112.588621,side_sector
1783527001.977177,robot_0,robot_1,skipped,distance_above_warning_threshold,CORNER,true,0.253765,LEFT,true,0.304049,1.215736,1.000000,true,true,0.041782,0.041465,RIGHT,-114.021009,side_sector
1783527002.077149,robot_0,robot_1,skipped,distance_above_warning_threshold,CORNER,true,0.353737,LEFT,true,0.404021,1.229503,1.000000,true,true,0.042257,0.042847,RIGHT,-115.422182,side_sector
1783527002.177127,robot_0,robot_1,skipped,distance_above_warning_threshold,CORNER,true,0.453715,LEFT,true,0.006093,1.242863,1.000000,true,true,0.042157,0.041512,RIGHT,-116.688649,side_sector
1783527002.277095,robot_0,robot_1,skipped,distance_above_warning_threshold,CORNER,true,0.053715,LEFT,true,0.106062,1.249281,1.000000,true,true,0.042314,0.042111,RIGHT,-117.268395,side_sector
1783527007.677210,robot_0,robot_1,skipped,source_zone_inactive,CLEAR,false,0.427943,CLEAR,false,0.006477,1.231215,1.000000,true,true,0.041444,0.039919,RIGHT,-78.647963,side_sector
1783527007.777198,robot_0,robot_1,skipped,source_zone_inactive,CLEAR,false,0.056875,CLEAR,false,0.106465,1.198688,1.000000,true,true,0.039491,0.040322,RIGHT,-82.656897,side_sector
1783527007.877214,robot_0,robot_1,skipped,source_zone_inactive,CLEAR,false,0.156891,CLEAR,false,0.206481,1.168968,1.000000,true,true,0.041469,0.040722,RIGHT,-87.319927,side_sector
1783527007.977232,robot_0,robot_1,skipped,source_zone_inactive,CLEAR,false,0.256909,CLEAR,false,0.306499,1.142137,1.000000,true,true,0.040977,0.040073,RIGHT,-92.153112,side_sector
1783527008.077284,robot_0,robot_1,skipped,source_zone_inactive,CLEAR,false,0.356961,CLEAR,false,0.406551,1.118478,1.000000,true,true,0.039408,0.039065,RIGHT,-97.136499,side_sector
1783527008.177241,robot_0,robot_1,skipped,source_zone_inactive,CLEAR,false,0.456918,CLEAR,false,0.003901,1.098270,1.000000,true,true,0.041324,0.041089,RIGHT,-102.258889,side_sector
1783527008.277277,robot_0,robot_1,skipped,source_zone_inactive,CLEAR,false,0.053358,CLEAR,false,0.103938,1.081473,1.000000,true,true,0.041286,0.042033,RIGHT,-107.873309,side_sector
1783527008.377279,robot_0,robot_1,skipped,source_zone_inactive,CLEAR,false,0.153359,CLEAR,false,0.203939,1.064594,1.000000,true,true,0.041953,0.041198,RIGHT,-114.345045,side_sector
1783527008.477292,robot_0,robot_1,skipped,source_zone_inactive,CLEAR,false,0.253373,CLEAR,false,0.303952,1.049110,1.000000,true,true,0.041249,0.040994,RIGHT,-120.950222,side_sector
1783527008.577251,robot_0,robot_1,skipped,source_zone_inactive,CLEAR,false,0.353331,CLEAR,false,0.403911,1.036237,1.000000,true,true,0.041505,0.040480,RIGHT,-127.594829,side_sector
1783527008.677114,robot_0,robot_1,skipped,source_zone_inactive,CLEAR,false,0.453194,CLEAR,false,0.002002,1.026188,1.000000,true,true,0.040701,0.040467,RIGHT,-134.207171,side_sector
1783527008.777270,robot_0,robot_1,skipped,source_zone_inactive,CLEAR,false,0.054630,CLEAR,false,0.102158,1.024115,1.000000,true,true,0.041398,0.041148,RIGHT,-140.429240,side_sector
1783527008.877305,robot_0,robot_1,skipped,source_zone_inactive,CLEAR,false,0.154665,CLEAR,false,0.202193,1.023770,1.000000,true,true,0.041605,0.042469,RIGHT,-146.585561,side_sector
1783527008.977278,robot_0,robot_1,skipped,source_zone_inactive,CLEAR,false,0.254638,CLEAR,false,0.302167,1.024822,1.000000,true,true,0.040885,0.039920,RIGHT,-152.676203,side_sector
1783527009.077272,robot_0,robot_1,skipped,source_zone_inactive,CLEAR,false,0.354632,CLEAR,false,0.402161,1.026690,1.000000,true,true,0.041662,0.040676,RIGHT,-158.722407,side_sector
1783527009.177132,robot_0,robot_1,skipped,source_zone_inactive,CLEAR,false,0.454492,CLEAR,false,0.000655,1.027819,1.000000,true,true,0.041046,0.040145,RIGHT,-164.848324,side_sector
1783527009.277304,robot_0,robot_1,skipped,source_zone_inactive,CLEAR,false,0.049480,CLEAR,false,0.100828,1.030705,1.000000,true,true,0.040680,0.040289,RIGHT,-170.923980,side_sector
1783527009.377280,robot_0,robot_1,skipped,source_zone_inactive,CLEAR,false,0.149457,CLEAR,false,0.200804,1.035694,1.000000,true,true,0.040841,0.040652,RIGHT,-176.955764,side_sector
1783527009.477202,robot_0,robot_1,skipped,source_zone_inactive,CLEAR,false,0.249378,CLEAR,false,0.300725,1.042735,1.000000,true,true,0.041299,0.041037,LEFT,177.066137,side_sector
1783527009.577200,robot_0,robot_1,skipped,source_zone_inactive,CLEAR,false,0.349376,CLEAR,false,0.400723,1.051693,1.000000,true,true,0.041142,0.040843,LEFT,171.152336,side_sector
1783527009.677215,robot_0,robot_1,skipped,source_zone_inactive,CLEAR,false,0.449391,CLEAR,false,0.500739,1.062419,1.000000,true,true,0.041496,0.040484,LEFT,165.311547,side_sector
1783527009.777266,robot_0,robot_1,skipped,source_zone_inactive,CLEAR,false,0.047400,CLEAR,false,0.090990,1.075559,1.000000,true,true,0.040449,0.041332,LEFT,159.737159,side_sector
1783527009.877265,robot_0,robot_1,skipped,source_zone_inactive,CLEAR,false,0.147399,CLEAR,false,0.190989,1.091395,1.000000,true,true,0.040789,0.040539,LEFT,155.725826,side_sector
1783527009.977241,robot_0,robot_1,skipped,source_zone_inactive,CLEAR,false,0.247375,CLEAR,false,0.290965,1.108808,1.000000,true,true,0.040630,0.040254,LEFT,153.493890,side_sector
1783527010.077284,robot_0,robot_1,skipped,source_zone_inactive,CLEAR,false,0.347418,CLEAR,false,0.391008,1.127979,1.000000,true,true,0.041140,0.040949,LEFT,152.581905,side_sector
1783527010.177296,robot_0,robot_1,skipped,source_zone_inactive,CLEAR,false,0.447430,CLEAR,false,0.491020,1.151168,1.000000,true,true,0.040670,0.041544,LEFT,151.837411,side_sector
1783527010.277340,robot_0,robot_1,skipped,distance_above_warning_threshold,LEFT,true,0.030514,CLEAR,false,0.089667,1.185666,1.000000,true,true,0.039601,0.039327,LEFT,151.393481,side_sector
1783527010.377223,robot_0,robot_1,skipped,distance_above_warning_threshold,LEFT,true,0.130397,CLEAR,false,0.189550,1.221850,1.000000,true,true,0.041234,0.041923,LEFT,150.997730,side_sector
1783527161.677162,robot_0,robot_4,skipped,distance_above_warning_threshold,CORNER,true,0.478513,CLEAR,false,0.490542,1.242085,1.000000,true,true,0.041919,0.041381,CORNER,30.499256,front_sector
1783527161.777069,robot_0,robot_4,skipped,distance_above_warning_threshold,CORNER,true,0.070479,CLEAR,false,0.083632,1.226012,1.000000,true,true,0.043084,0.042439,CORNER,31.115117,front_sector
1783527161.877114,robot_0,robot_4,skipped,distance_above_warning_threshold,CORNER,true,0.170525,CLEAR,false,0.183677,1.208537,1.000000,true,true,0.043200,0.042159,CORNER,33.262952,front_sector
1783527161.977292,robot_0,robot_4,skipped,distance_above_warning_threshold,CORNER,true,0.270702,CLEAR,false,0.283855,1.191667,1.000000,true,true,0.042066,0.042616,CORNER,37.180374,front_sector
1783527162.077157,robot_0,robot_4,skipped,distance_above_warning_threshold,CORNER,true,0.370567,CLEAR,false,0.383720,1.175811,1.000000,true,true,0.041543,0.041002,CORNER,42.255815,front_sector
1783527162.177226,robot_0,robot_4,skipped,distance_above_warning_threshold,CORNER,true,0.470637,CLEAR,false,0.483789,1.161195,1.000000,true,true,0.042811,0.042278,CORNER,47.422124,front_sector
1783527162.277056,robot_0,robot_4,skipped,distance_above_warning_threshold,CORNER,true,0.068384,CLEAR,false,0.077781,1.147957,1.000000,true,true,0.042045,0.042848,LEFT,52.659821,side_sector
1783527162.377217,robot_0,robot_4,skipped,distance_above_warning_threshold,CORNER,true,0.168546,CLEAR,false,0.177943,1.136226,1.000000,true,true,0.040998,0.040480,LEFT,57.963746,side_sector
1783527162.477239,robot_0,robot_4,skipped,distance_above_warning_threshold,CORNER,true,0.268568,CLEAR,false,0.277965,1.126122,1.000000,true,true,0.041060,0.041797,LEFT,63.327393,side_sector
1783527162.577224,robot_0,robot_4,skipped,distance_above_warning_threshold,CORNER,true,0.368553,CLEAR,false,0.377949,1.117749,1.000000,true,true,0.040966,0.041600,LEFT,68.742946,side_sector
1783527162.677142,robot_0,robot_4,skipped,distance_above_warning_threshold,CORNER,true,0.468471,CLEAR,false,0.477868,1.111199,1.000000,true,true,0.042378,0.042947,LEFT,74.201365,side_sector
1783527162.777111,robot_0,robot_4,skipped,distance_above_warning_threshold,CORNER,true,0.060661,CLEAR,false,0.076888,1.106544,1.000000,true,true,0.041561,0.041339,LEFT,79.692544,side_sector
1783527162.877180,robot_0,robot_4,skipped,distance_above_warning_threshold,CORNER,true,0.160730,CLEAR,false,0.176957,1.103835,1.000000,true,true,0.042335,0.041681,LEFT,85.205525,side_sector
1783527162.977177,robot_0,robot_4,skipped,distance_above_warning_threshold,CORNER,true,0.260727,CLEAR,false,0.276955,1.103104,1.000000,true,true,0.042132,0.041576,LEFT,90.728764,side_sector
1783527163.077120,robot_0,robot_4,skipped,distance_above_warning_threshold,CORNER,true,0.360670,CLEAR,false,0.376898,1.104359,1.000000,true,true,0.042439,0.041864,LEFT,96.250439,side_sector
1783527163.177138,robot_0,robot_4,skipped,distance_above_warning_threshold,CORNER,true,0.460688,CLEAR,false,0.476915,1.107294,1.000000,true,true,0.042553,0.042049,LEFT,101.510864,side_sector
1783527163.277118,robot_0,robot_4,skipped,distance_above_warning_threshold,CORNER,true,0.065546,CLEAR,false,0.077840,1.111129,1.000000,true,true,0.042186,0.041370,LEFT,105.158219,side_sector
1783527163.377143,robot_0,robot_4,skipped,distance_above_warning_threshold,CORNER,true,0.165571,CLEAR,false,0.177865,1.115737,1.000000,true,true,0.040734,0.041950,LEFT,107.073091,side_sector
1783527163.477189,robot_0,robot_4,skipped,distance_above_warning_threshold,CORNER,true,0.265616,CLEAR,false,0.277910,1.120633,1.000000,true,true,0.042663,0.041972,LEFT,107.261175,side_sector
1783527163.577192,robot_0,robot_4,skipped,distance_above_warning_threshold,CORNER,true,0.365619,CLEAR,false,0.377913,1.120633,1.000000,true,true,0.142666,0.141975,LEFT,107.261175,side_sector
1783527163.677203,robot_0,robot_4,skipped,distance_above_warning_threshold,CORNER,true,0.465631,CLEAR,false,0.477925,1.120633,1.000000,true,true,0.242677,0.241987,LEFT,107.261175,side_sector
1783527163.777189,robot_0,robot_4,skipped,distance_above_warning_threshold,CORNER,true,0.565617,CLEAR,false,0.577911,1.120633,1.000000,true,true,0.342663,0.341973,LEFT,107.261175,side_sector
1783527163.877162,robot_0,robot_4,skipped,distance_above_warning_threshold,CORNER,true,0.665589,CLEAR,false,0.677883,1.120633,1.000000,true,true,0.442636,0.441945,LEFT,107.261175,side_sector
1783527163.977183,robot_0,robot_4,skipped,distance_above_warning_threshold,CORNER,true,0.765610,CLEAR,false,0.777904,1.120633,1.000000,true,true,0.542656,0.541966,LEFT,107.261175,side_sector
