Starting >>> leo_image
Starting >>> swarm_basics
Finished <<< leo_image [0.32s]
Finished <<< swarm_basics [0.92s]

Summary: 2 packages finished [1.59s]
[INFO] [launch]: All log files can be found below /home/ecem/.ros/log/2026-04-17-17-16-08-591828-ecem-pc-379677
[INFO] [launch]: Default logging verbosity is set to INFO
[INFO] [ign gazebo-1]: process started with pid [379741]
[INFO] [coverage_counter-2]: process started with pid [379743]
[INFO] [bump_counter-3]: process started with pid [379746]
[INFO] [parameter_bridge-4]: process started with pid [379748]
[INFO] [robot_state_publisher-5]: process started with pid [379750]
[INFO] [create-6]: process started with pid [379752]
[INFO] [robot_supervisor-7]: process started with pid [379754]
[INFO] [robot_state_publisher-8]: process started with pid [379756]
[INFO] [create-9]: process started with pid [379759]
[INFO] [robot_supervisor-10]: process started with pid [379762]
[INFO] [robot_state_publisher-11]: process started with pid [379764]
[INFO] [create-12]: process started with pid [379766]
[INFO] [robot_supervisor-13]: process started with pid [379768]
[INFO] [robot_state_publisher-14]: process started with pid [379770]
[INFO] [create-15]: process started with pid [379772]
[INFO] [robot_supervisor-16]: process started with pid [379774]
[INFO] [robot_state_publisher-17]: process started with pid [379777]
[INFO] [create-18]: process started with pid [379821]
[INFO] [robot_supervisor-19]: process started with pid [379826]
[INFO] [parameter_bridge-20]: process started with pid [379835]
[parameter_bridge-4] [ros_ign_bridge] is deprecated! Redirecting to use [ros_gz_bridge] instead!
[parameter_bridge-4] 
[robot_state_publisher-17] [INFO] [1776438969.252834219] [robot_4.robot_state_publisher]: got segment robot_4/antenna_link
[robot_state_publisher-17] [INFO] [1776438969.252964576] [robot_4.robot_state_publisher]: got segment robot_4/base_footprint
[robot_state_publisher-17] [INFO] [1776438969.252978697] [robot_4.robot_state_publisher]: got segment robot_4/base_link
[robot_state_publisher-17] [INFO] [1776438969.252987441] [robot_4.robot_state_publisher]: got segment robot_4/realsense_link
[robot_state_publisher-17] [INFO] [1776438969.252993029] [robot_4.robot_state_publisher]: got segment robot_4/rocker_L_link
[robot_state_publisher-17] [INFO] [1776438969.252997971] [robot_4.robot_state_publisher]: got segment robot_4/rocker_R_link
[robot_state_publisher-17] [INFO] [1776438969.253003001] [robot_4.robot_state_publisher]: got segment robot_4/wheel_FL_link
[robot_state_publisher-17] [INFO] [1776438969.253008190] [robot_4.robot_state_publisher]: got segment robot_4/wheel_FR_link
[robot_state_publisher-17] [INFO] [1776438969.253013282] [robot_4.robot_state_publisher]: got segment robot_4/wheel_RL_link
[robot_state_publisher-17] [INFO] [1776438969.253018205] [robot_4.robot_state_publisher]: got segment robot_4/wheel_RR_link
[robot_state_publisher-8] [INFO] [1776438969.259541246] [robot_1.robot_state_publisher]: got segment robot_1/antenna_link
[robot_state_publisher-8] [INFO] [1776438969.259663384] [robot_1.robot_state_publisher]: got segment robot_1/base_footprint
[robot_state_publisher-8] [INFO] [1776438969.259673546] [robot_1.robot_state_publisher]: got segment robot_1/base_link
[robot_state_publisher-8] [INFO] [1776438969.259679609] [robot_1.robot_state_publisher]: got segment robot_1/realsense_link
[robot_state_publisher-8] [INFO] [1776438969.259684979] [robot_1.robot_state_publisher]: got segment robot_1/rocker_L_link
[robot_state_publisher-8] [INFO] [1776438969.259689902] [robot_1.robot_state_publisher]: got segment robot_1/rocker_R_link
[robot_state_publisher-8] [INFO] [1776438969.259695024] [robot_1.robot_state_publisher]: got segment robot_1/wheel_FL_link
[robot_state_publisher-8] [INFO] [1776438969.259700101] [robot_1.robot_state_publisher]: got segment robot_1/wheel_FR_link
[robot_state_publisher-8] [INFO] [1776438969.259705073] [robot_1.robot_state_publisher]: got segment robot_1/wheel_RL_link
[robot_state_publisher-8] [INFO] [1776438969.259710011] [robot_1.robot_state_publisher]: got segment robot_1/wheel_RR_link
[robot_state_publisher-14] [INFO] [1776438969.266317931] [robot_3.robot_state_publisher]: got segment robot_3/antenna_link
[robot_state_publisher-14] [INFO] [1776438969.266530672] [robot_3.robot_state_publisher]: got segment robot_3/base_footprint
[robot_state_publisher-14] [INFO] [1776438969.266559410] [robot_3.robot_state_publisher]: got segment robot_3/base_link
[robot_state_publisher-14] [INFO] [1776438969.266588937] [robot_3.robot_state_publisher]: got segment robot_3/realsense_link
[robot_state_publisher-14] [INFO] [1776438969.266605991] [robot_3.robot_state_publisher]: got segment robot_3/rocker_L_link
[robot_state_publisher-14] [INFO] [1776438969.266621836] [robot_3.robot_state_publisher]: got segment robot_3/rocker_R_link
[robot_state_publisher-14] [INFO] [1776438969.266635926] [robot_3.robot_state_publisher]: got segment robot_3/wheel_FL_link
[robot_state_publisher-14] [INFO] [1776438969.266649757] [robot_3.robot_state_publisher]: got segment robot_3/wheel_FR_link
[robot_state_publisher-14] [INFO] [1776438969.266670437] [robot_3.robot_state_publisher]: got segment robot_3/wheel_RL_link
[robot_state_publisher-14] [INFO] [1776438969.266683743] [robot_3.robot_state_publisher]: got segment robot_3/wheel_RR_link
[robot_state_publisher-5] [INFO] [1776438969.269535261] [robot_0.robot_state_publisher]: got segment robot_0/antenna_link
[robot_state_publisher-5] [INFO] [1776438969.269767658] [robot_0.robot_state_publisher]: got segment robot_0/base_footprint
[robot_state_publisher-5] [INFO] [1776438969.269795043] [robot_0.robot_state_publisher]: got segment robot_0/base_link
[robot_state_publisher-5] [INFO] [1776438969.269813160] [robot_0.robot_state_publisher]: got segment robot_0/realsense_link
[robot_state_publisher-5] [INFO] [1776438969.269828704] [robot_0.robot_state_publisher]: got segment robot_0/rocker_L_link
[robot_state_publisher-5] [INFO] [1776438969.269843733] [robot_0.robot_state_publisher]: got segment robot_0/rocker_R_link
[robot_state_publisher-5] [INFO] [1776438969.269858639] [robot_0.robot_state_publisher]: got segment robot_0/wheel_FL_link
[robot_state_publisher-5] [INFO] [1776438969.269873469] [robot_0.robot_state_publisher]: got segment robot_0/wheel_FR_link
[robot_state_publisher-5] [INFO] [1776438969.269887260] [robot_0.robot_state_publisher]: got segment robot_0/wheel_RL_link
[robot_state_publisher-5] [INFO] [1776438969.269901485] [robot_0.robot_state_publisher]: got segment robot_0/wheel_RR_link
[robot_state_publisher-11] [INFO] [1776438969.271548724] [robot_2.robot_state_publisher]: got segment robot_2/antenna_link
[robot_state_publisher-11] [INFO] [1776438969.271785271] [robot_2.robot_state_publisher]: got segment robot_2/base_footprint
[robot_state_publisher-11] [INFO] [1776438969.271816552] [robot_2.robot_state_publisher]: got segment robot_2/base_link
[robot_state_publisher-11] [INFO] [1776438969.271830672] [robot_2.robot_state_publisher]: got segment robot_2/realsense_link
[robot_state_publisher-11] [INFO] [1776438969.271842633] [robot_2.robot_state_publisher]: got segment robot_2/rocker_L_link
[robot_state_publisher-11] [INFO] [1776438969.271853983] [robot_2.robot_state_publisher]: got segment robot_2/rocker_R_link
[robot_state_publisher-11] [INFO] [1776438969.271864890] [robot_2.robot_state_publisher]: got segment robot_2/wheel_FL_link
[robot_state_publisher-11] [INFO] [1776438969.271875782] [robot_2.robot_state_publisher]: got segment robot_2/wheel_FR_link
[robot_state_publisher-11] [INFO] [1776438969.271886939] [robot_2.robot_state_publisher]: got segment robot_2/wheel_RL_link
[robot_state_publisher-11] [INFO] [1776438969.271897374] [robot_2.robot_state_publisher]: got segment robot_2/wheel_RR_link
[bump_counter-3] [INFO] [1776438969.761313896] [bump_counter]: [global] global_mode=True cooldown(robot)=0.80s cooldown(obs)=0.50s Logging to /home/ecem/ros2_ws/src/Leo_sct/results_exp/explore/long/prompt_2/run_1/spread/trial_2/run_20260417_171608/bumps_global_171609.csv
[robot_supervisor-10] [INFO] [1776438969.828587886] [robot_1.robot_supervisor]: Loaded initial mission 'explore' from explicit YAML explore_sup_gpt_long_2_run_1_69.yaml
[robot_supervisor-16] [INFO] [1776438969.853088114] [robot_3.robot_supervisor]: Loaded initial mission 'explore' from explicit YAML explore_sup_gpt_long_2_run_1_69.yaml
[robot_supervisor-13] [INFO] [1776438969.856490205] [robot_2.robot_supervisor]: Loaded initial mission 'explore' from explicit YAML explore_sup_gpt_long_2_run_1_69.yaml
[robot_supervisor-19] [INFO] [1776438969.898187875] [robot_4.robot_supervisor]: Loaded initial mission 'explore' from explicit YAML explore_sup_gpt_long_2_run_1_69.yaml
[robot_supervisor-7] [INFO] [1776438969.919080912] [robot_0.robot_supervisor]: Loaded initial mission 'explore' from explicit YAML explore_sup_gpt_long_2_run_1_69.yaml
[robot_supervisor-10] [INFO] [1776438969.941913206] [robot_1.robot_supervisor]: Selected controllable event: EV_random_walk
[robot_supervisor-16] [INFO] [1776438969.960681035] [robot_3.robot_supervisor]: Selected controllable event: EV_random_walk
[robot_supervisor-13] [INFO] [1776438969.969159513] [robot_2.robot_supervisor]: Selected controllable event: EV_random_walk
[robot_supervisor-19] [INFO] [1776438970.006829538] [robot_4.robot_supervisor]: Selected controllable event: EV_random_walk
[robot_supervisor-7] [INFO] [1776438970.028553268] [robot_0.robot_supervisor]: Selected controllable event: EV_random_walk
[robot_supervisor-10] [INFO] [1776438970.241139123] [robot_1.robot_supervisor]: Selected controllable event: EV_move_forward
[robot_supervisor-16] [INFO] [1776438970.260460938] [robot_3.robot_supervisor]: Selected controllable event: EV_move_forward
[robot_supervisor-13] [INFO] [1776438970.268395225] [robot_2.robot_supervisor]: Selected controllable event: EV_move_forward
[robot_supervisor-19] [INFO] [1776438970.306484931] [robot_4.robot_supervisor]: Selected controllable event: EV_move_forward
[robot_supervisor-7] [INFO] [1776438970.328433452] [robot_0.robot_supervisor]: Selected controllable event: EV_move_forward
[robot_supervisor-10] [INFO] [1776438970.541154433] [robot_1.robot_supervisor]: Selected controllable event: EV_random_walk
[robot_supervisor-16] [INFO] [1776438970.560818637] [robot_3.robot_supervisor]: Selected controllable event: EV_random_walk
[robot_supervisor-13] [INFO] [1776438970.568706876] [robot_2.robot_supervisor]: Selected controllable event: EV_random_walk
[robot_supervisor-19] [INFO] [1776438970.606108567] [robot_4.robot_supervisor]: Selected controllable event: EV_random_walk
[robot_supervisor-7] [INFO] [1776438970.628259734] [robot_0.robot_supervisor]: Selected controllable event: EV_random_walk
[robot_supervisor-10] [INFO] [1776438970.841133096] [robot_1.robot_supervisor]: Selected controllable event: EV_move_forward
[robot_supervisor-16] [INFO] [1776438970.860788774] [robot_3.robot_supervisor]: Selected controllable event: EV_move_forward
[robot_supervisor-13] [INFO] [1776438970.868228590] [robot_2.robot_supervisor]: Selected controllable event: EV_move_forward
[robot_supervisor-19] [INFO] [1776438970.906084210] [robot_4.robot_supervisor]: Selected controllable event: EV_move_forward
[robot_supervisor-7] [INFO] [1776438970.928237617] [robot_0.robot_supervisor]: Selected controllable event: EV_move_forward
[robot_supervisor-10] [INFO] [1776438971.140995929] [robot_1.robot_supervisor]: Selected controllable event: EV_random_walk
[robot_supervisor-16] [INFO] [1776438971.160308431] [robot_3.robot_supervisor]: Selected controllable event: EV_random_walk
[robot_supervisor-13] [INFO] [1776438971.168360362] [robot_2.robot_supervisor]: Selected controllable event: EV_random_walk
[INFO] [image_processor-21]: process started with pid [380083]
[robot_supervisor-19] [INFO] [1776438971.205746610] [robot_4.robot_supervisor]: Selected controllable event: EV_random_walk
[INFO] [image_processor-22]: process started with pid [380085]
[INFO] [image_processor-23]: process started with pid [380087]
[INFO] [image_processor-24]: process started with pid [380089]
[INFO] [image_processor-25]: process started with pid [380091]
[robot_supervisor-7] [INFO] [1776438971.228204065] [robot_0.robot_supervisor]: Selected controllable event: EV_random_walk
[image_processor-21] [INFO] [1776438971.288086904] [robot_0.image_processor]: image_processor: depth='/robot_0/depth_camera/depth_image' aruco_runtime=disabled
[image_processor-24] [INFO] [1776438971.290489734] [robot_3.image_processor]: image_processor: depth='/robot_3/depth_camera/depth_image' aruco_runtime=disabled
[image_processor-23] [INFO] [1776438971.295773750] [robot_2.image_processor]: image_processor: depth='/robot_2/depth_camera/depth_image' aruco_runtime=disabled
[image_processor-22] [INFO] [1776438971.304767741] [robot_1.image_processor]: image_processor: depth='/robot_1/depth_camera/depth_image' aruco_runtime=disabled
[image_processor-25] [INFO] [1776438971.310376621] [robot_4.image_processor]: image_processor: depth='/robot_4/depth_camera/depth_image' aruco_runtime=disabled
[robot_supervisor-10] [INFO] [1776438971.441126638] [robot_1.robot_supervisor]: Selected controllable event: EV_move_forward
[robot_supervisor-16] [INFO] [1776438971.460512000] [robot_3.robot_supervisor]: Selected controllable event: EV_move_forward
[robot_supervisor-13] [INFO] [1776438971.468390828] [robot_2.robot_supervisor]: Selected controllable event: EV_move_forward
[robot_supervisor-19] [INFO] [1776438971.505745170] [robot_4.robot_supervisor]: Selected controllable event: EV_move_forward
[robot_supervisor-7] [INFO] [1776438971.528237261] [robot_0.robot_supervisor]: Selected controllable event: EV_move_forward
[robot_supervisor-10] [INFO] [1776438971.741171660] [robot_1.robot_supervisor]: Selected controllable event: EV_random_walk
[robot_supervisor-16] [INFO] [1776438971.760918904] [robot_3.robot_supervisor]: Selected controllable event: EV_random_walk
[robot_supervisor-13] [INFO] [1776438971.768333722] [robot_2.robot_supervisor]: Selected controllable event: EV_random_walk
[robot_supervisor-19] [INFO] [1776438971.806073134] [robot_4.robot_supervisor]: Selected controllable event: EV_random_walk
[robot_supervisor-7] [INFO] [1776438971.828593707] [robot_0.robot_supervisor]: Selected controllable event: EV_random_walk
[robot_supervisor-10] [INFO] [1776438972.041049602] [robot_1.robot_supervisor]: Selected controllable event: EV_move_forward
[robot_supervisor-16] [INFO] [1776438972.060695371] [robot_3.robot_supervisor]: Selected controllable event: EV_move_forward
[robot_supervisor-13] [INFO] [1776438972.068130045] [robot_2.robot_supervisor]: Selected controllable event: EV_move_forward
[robot_supervisor-19] [INFO] [1776438972.105748162] [robot_4.robot_supervisor]: Selected controllable event: EV_move_forward
[robot_supervisor-7] [INFO] [1776438972.128477016] [robot_0.robot_supervisor]: Selected controllable event: EV_move_forward
[robot_supervisor-10] [INFO] [1776438972.341098009] [robot_1.robot_supervisor]: Selected controllable event: EV_random_walk
[robot_supervisor-16] [INFO] [1776438972.360961839] [robot_3.robot_supervisor]: Selected controllable event: EV_random_walk
[robot_supervisor-13] [INFO] [1776438972.368282042] [robot_2.robot_supervisor]: Selected controllable event: EV_random_walk
[robot_supervisor-19] [INFO] [1776438972.406084470] [robot_4.robot_supervisor]: Selected controllable event: EV_random_walk
[robot_supervisor-7] [INFO] [1776438972.428739612] [robot_0.robot_supervisor]: Selected controllable event: EV_random_walk
[robot_supervisor-10] [INFO] [1776438972.641129572] [robot_1.robot_supervisor]: Selected controllable event: EV_move_forward
[robot_supervisor-16] [INFO] [1776438972.660452391] [robot_3.robot_supervisor]: Selected controllable event: EV_move_forward
[robot_supervisor-13] [INFO] [1776438972.668311250] [robot_2.robot_supervisor]: Selected controllable event: EV_move_forward
[robot_supervisor-19] [INFO] [1776438972.705859754] [robot_4.robot_supervisor]: Selected controllable event: EV_move_forward
[robot_supervisor-7] [INFO] [1776438972.728445411] [robot_0.robot_supervisor]: Selected controllable event: EV_move_forward
[robot_supervisor-10] [INFO] [1776438972.941111784] [robot_1.robot_supervisor]: Selected controllable event: EV_random_walk
[robot_supervisor-16] [INFO] [1776438972.960542329] [robot_3.robot_supervisor]: Selected controllable event: EV_random_walk
[robot_supervisor-13] [INFO] [1776438972.968253142] [robot_2.robot_supervisor]: Selected controllable event: EV_random_walk
[robot_supervisor-19] [INFO] [1776438973.005785098] [robot_4.robot_supervisor]: Selected controllable event: EV_random_walk
[robot_supervisor-7] [INFO] [1776438973.028226773] [robot_0.robot_supervisor]: Selected controllable event: EV_random_walk
[robot_supervisor-10] [INFO] [1776438973.240880609] [robot_1.robot_supervisor]: Selected controllable event: EV_move_forward
[robot_supervisor-16] [INFO] [1776438973.260596288] [robot_3.robot_supervisor]: Selected controllable event: EV_move_forward
[robot_supervisor-13] [INFO] [1776438973.268273349] [robot_2.robot_supervisor]: Selected controllable event: EV_move_forward
[robot_supervisor-19] [INFO] [1776438973.305782084] [robot_4.robot_supervisor]: Selected controllable event: EV_move_forward
[robot_supervisor-7] [INFO] [1776438973.328412781] [robot_0.robot_supervisor]: Selected controllable event: EV_move_forward
[robot_supervisor-10] [INFO] [1776438973.541090850] [robot_1.robot_supervisor]: Selected controllable event: EV_random_walk
[robot_supervisor-16] [INFO] [1776438973.560478425] [robot_3.robot_supervisor]: Selected controllable event: EV_random_walk
[robot_supervisor-13] [INFO] [1776438973.568165499] [robot_2.robot_supervisor]: Selected controllable event: EV_random_walk
[robot_supervisor-19] [INFO] [1776438973.605746598] [robot_4.robot_supervisor]: Selected controllable event: EV_random_walk
[robot_supervisor-7] [INFO] [1776438973.628230926] [robot_0.robot_supervisor]: Selected controllable event: EV_random_walk
[robot_supervisor-10] [INFO] [1776438973.841201990] [robot_1.robot_supervisor]: Selected controllable event: EV_move_forward
[robot_supervisor-16] [INFO] [1776438973.860458427] [robot_3.robot_supervisor]: Selected controllable event: EV_move_forward
[robot_supervisor-13] [INFO] [1776438973.868271563] [robot_2.robot_supervisor]: Selected controllable event: EV_move_forward
[robot_supervisor-19] [INFO] [1776438973.905844029] [robot_4.robot_supervisor]: Selected controllable event: EV_move_forward
[robot_supervisor-7] [INFO] [1776438973.928224625] [robot_0.robot_supervisor]: Selected controllable event: EV_move_forward
[robot_supervisor-10] [INFO] [1776438974.141139618] [robot_1.robot_supervisor]: Selected controllable event: EV_random_walk
[robot_supervisor-16] [INFO] [1776438974.160677064] [robot_3.robot_supervisor]: Selected controllable event: EV_random_walk
[robot_supervisor-13] [INFO] [1776438974.169105185] [robot_2.robot_supervisor]: Selected controllable event: EV_random_walk
[robot_supervisor-19] [INFO] [1776438974.205830911] [robot_4.robot_supervisor]: Selected controllable event: EV_random_walk
[robot_supervisor-7] [INFO] [1776438974.228254611] [robot_0.robot_supervisor]: Selected controllable event: EV_random_walk
[robot_supervisor-10] [INFO] [1776438974.441058983] [robot_1.robot_supervisor]: Selected controllable event: EV_move_forward
[robot_supervisor-16] [INFO] [1776438974.460437591] [robot_3.robot_supervisor]: Selected controllable event: EV_move_forward
[robot_supervisor-13] [INFO] [1776438974.468254156] [robot_2.robot_supervisor]: Selected controllable event: EV_move_forward
[robot_supervisor-19] [INFO] [1776438974.505799731] [robot_4.robot_supervisor]: Selected controllable event: EV_move_forward
[robot_supervisor-7] [INFO] [1776438974.528094276] [robot_0.robot_supervisor]: Selected controllable event: EV_move_forward
[robot_supervisor-10] [INFO] [1776438974.741214876] [robot_1.robot_supervisor]: Selected controllable event: EV_random_walk
[robot_supervisor-16] [INFO] [1776438974.760608185] [robot_3.robot_supervisor]: Selected controllable event: EV_random_walk
[robot_supervisor-13] [INFO] [1776438974.768321052] [robot_2.robot_supervisor]: Selected controllable event: EV_random_walk
[robot_supervisor-19] [INFO] [1776438974.805552631] [robot_4.robot_supervisor]: Selected controllable event: EV_random_walk
[robot_supervisor-7] [INFO] [1776438974.828034399] [robot_0.robot_supervisor]: Selected controllable event: EV_random_walk
[robot_supervisor-10] [INFO] [1776438975.041031733] [robot_1.robot_supervisor]: Selected controllable event: EV_move_forward
[robot_supervisor-16] [INFO] [1776438975.060353285] [robot_3.robot_supervisor]: Selected controllable event: EV_move_forward
[robot_supervisor-13] [INFO] [1776438975.068231645] [robot_2.robot_supervisor]: Selected controllable event: EV_move_forward
[robot_supervisor-19] [INFO] [1776438975.105755912] [robot_4.robot_supervisor]: Selected controllable event: EV_move_forward
[robot_supervisor-7] [INFO] [1776438975.128409207] [robot_0.robot_supervisor]: Selected controllable event: EV_move_forward
[robot_supervisor-10] [INFO] [1776438975.341055198] [robot_1.robot_supervisor]: Selected controllable event: EV_random_walk
[robot_supervisor-16] [INFO] [1776438975.360460614] [robot_3.robot_supervisor]: Selected controllable event: EV_random_walk
[robot_supervisor-13] [INFO] [1776438975.368259395] [robot_2.robot_supervisor]: Selected controllable event: EV_random_walk
[robot_supervisor-19] [INFO] [1776438975.405645997] [robot_4.robot_supervisor]: Selected controllable event: EV_random_walk
[robot_supervisor-7] [INFO] [1776438975.428439406] [robot_0.robot_supervisor]: Selected controllable event: EV_random_walk
[robot_supervisor-10] [INFO] [1776438975.641126171] [robot_1.robot_supervisor]: Selected controllable event: EV_move_forward
[robot_supervisor-16] [INFO] [1776438975.660402132] [robot_3.robot_supervisor]: Selected controllable event: EV_move_forward
[robot_supervisor-13] [INFO] [1776438975.668231652] [robot_2.robot_supervisor]: Selected controllable event: EV_move_forward
[robot_supervisor-19] [INFO] [1776438975.705873529] [robot_4.robot_supervisor]: Selected controllable event: EV_move_forward
[robot_supervisor-7] [INFO] [1776438975.728224054] [robot_0.robot_supervisor]: Selected controllable event: EV_move_forward
[robot_supervisor-10] [INFO] [1776438975.941140001] [robot_1.robot_supervisor]: Selected controllable event: EV_random_walk
[robot_supervisor-16] [INFO] [1776438975.961307111] [robot_3.robot_supervisor]: Selected controllable event: EV_random_walk
[robot_supervisor-13] [INFO] [1776438975.968285981] [robot_2.robot_supervisor]: Selected controllable event: EV_random_walk
[robot_supervisor-19] [INFO] [1776438976.005923522] [robot_4.robot_supervisor]: Selected controllable event: EV_random_walk
[robot_supervisor-7] [INFO] [1776438976.028095077] [robot_0.robot_supervisor]: Selected controllable event: EV_random_walk
[robot_supervisor-10] [INFO] [1776438976.241120405] [robot_1.robot_supervisor]: Selected controllable event: EV_move_forward
[robot_supervisor-16] [INFO] [1776438976.261715022] [robot_3.robot_supervisor]: Selected controllable event: EV_move_forward
[robot_supervisor-13] [INFO] [1776438976.268071692] [robot_2.robot_supervisor]: Selected controllable event: EV_move_forward
[robot_supervisor-19] [INFO] [1776438976.305854460] [robot_4.robot_supervisor]: Selected controllable event: EV_move_forward
[robot_supervisor-7] [INFO] [1776438976.328041104] [robot_0.robot_supervisor]: Selected controllable event: EV_move_forward
[robot_supervisor-10] [INFO] [1776438976.541046663] [robot_1.robot_supervisor]: Selected controllable event: EV_random_walk
[robot_supervisor-16] [INFO] [1776438976.561310944] [robot_3.robot_supervisor]: Selected controllable event: EV_random_walk
[robot_supervisor-13] [INFO] [1776438976.568065186] [robot_2.robot_supervisor]: Selected controllable event: EV_random_walk
[robot_supervisor-19] [INFO] [1776438976.606006260] [robot_4.robot_supervisor]: Selected controllable event: EV_random_walk
[robot_supervisor-7] [INFO] [1776438976.628037915] [robot_0.robot_supervisor]: Selected controllable event: EV_random_walk
[robot_supervisor-10] [INFO] [1776438976.841126084] [robot_1.robot_supervisor]: Selected controllable event: EV_move_forward
[robot_supervisor-16] [INFO] [1776438976.861000179] [robot_3.robot_supervisor]: Selected controllable event: EV_move_forward
[robot_supervisor-13] [INFO] [1776438976.868547331] [robot_2.robot_supervisor]: Selected controllable event: EV_move_forward
[robot_supervisor-19] [INFO] [1776438976.905948538] [robot_4.robot_supervisor]: Selected controllable event: EV_move_forward
[robot_supervisor-7] [INFO] [1776438976.928033532] [robot_0.robot_supervisor]: Selected controllable event: EV_move_forward
[robot_supervisor-10] [INFO] [1776438977.141259941] [robot_1.robot_supervisor]: Selected controllable event: EV_random_walk
[robot_supervisor-16] [INFO] [1776438977.161289909] [robot_3.robot_supervisor]: Selected controllable event: EV_random_walk
[robot_supervisor-13] [INFO] [1776438977.168240972] [robot_2.robot_supervisor]: Selected controllable event: EV_random_walk
[robot_supervisor-19] [INFO] [1776438977.205653502] [robot_4.robot_supervisor]: Selected controllable event: EV_random_walk
[robot_supervisor-7] [INFO] [1776438977.228207967] [robot_0.robot_supervisor]: Selected controllable event: EV_random_walk
[robot_supervisor-10] [INFO] [1776438977.441335519] [robot_1.robot_supervisor]: Selected controllable event: EV_move_forward
[robot_supervisor-16] [INFO] [1776438977.460589412] [robot_3.robot_supervisor]: Selected controllable event: EV_move_forward
[robot_supervisor-13] [INFO] [1776438977.468188631] [robot_2.robot_supervisor]: Selected controllable event: EV_move_forward
[robot_supervisor-19] [INFO] [1776438977.505936933] [robot_4.robot_supervisor]: Selected controllable event: EV_move_forward
[robot_supervisor-7] [INFO] [1776438977.528478764] [robot_0.robot_supervisor]: Selected controllable event: EV_move_forward
[robot_supervisor-10] [INFO] [1776438977.741151136] [robot_1.robot_supervisor]: Selected controllable event: EV_random_walk
[robot_supervisor-16] [INFO] [1776438977.760283855] [robot_3.robot_supervisor]: Selected controllable event: EV_random_walk
[robot_supervisor-13] [INFO] [1776438977.768092710] [robot_2.robot_supervisor]: Selected controllable event: EV_random_walk
[robot_supervisor-19] [INFO] [1776438977.805768537] [robot_4.robot_supervisor]: Selected controllable event: EV_random_walk
[robot_supervisor-7] [INFO] [1776438977.828320802] [robot_0.robot_supervisor]: Selected controllable event: EV_random_walk
[robot_supervisor-10] [INFO] [1776438978.041178525] [robot_1.robot_supervisor]: Selected controllable event: EV_move_forward
[robot_supervisor-16] [INFO] [1776438978.060686946] [robot_3.robot_supervisor]: Selected controllable event: EV_move_forward
[robot_supervisor-13] [INFO] [1776438978.068247820] [robot_2.robot_supervisor]: Selected controllable event: EV_move_forward
[robot_supervisor-19] [INFO] [1776438978.105967520] [robot_4.robot_supervisor]: Selected controllable event: EV_move_forward
[robot_supervisor-7] [INFO] [1776438978.128438876] [robot_0.robot_supervisor]: Selected controllable event: EV_move_forward
[robot_supervisor-10] [INFO] [1776438978.341100951] [robot_1.robot_supervisor]: Selected controllable event: EV_random_walk
[robot_supervisor-16] [INFO] [1776438978.360490597] [robot_3.robot_supervisor]: Selected controllable event: EV_random_walk
[robot_supervisor-13] [INFO] [1776438978.368249219] [robot_2.robot_supervisor]: Selected controllable event: EV_random_walk
[robot_supervisor-19] [INFO] [1776438978.405702581] [robot_4.robot_supervisor]: Selected controllable event: EV_random_walk
[robot_supervisor-7] [INFO] [1776438978.428084096] [robot_0.robot_supervisor]: Selected controllable event: EV_random_walk
[robot_supervisor-10] [INFO] [1776438978.641251779] [robot_1.robot_supervisor]: Selected controllable event: EV_move_forward
[robot_supervisor-16] [INFO] [1776438978.660500190] [robot_3.robot_supervisor]: Selected controllable event: EV_move_forward
[robot_supervisor-13] [INFO] [1776438978.668077670] [robot_2.robot_supervisor]: Selected controllable event: EV_move_forward
[robot_supervisor-19] [INFO] [1776438978.705545509] [robot_4.robot_supervisor]: Selected controllable event: EV_move_forward
[robot_supervisor-7] [INFO] [1776438978.728227282] [robot_0.robot_supervisor]: Selected controllable event: EV_move_forward
[robot_supervisor-10] [INFO] [1776438978.941122556] [robot_1.robot_supervisor]: Selected controllable event: EV_random_walk
[robot_supervisor-16] [INFO] [1776438978.960437063] [robot_3.robot_supervisor]: Selected controllable event: EV_random_walk
[robot_supervisor-13] [INFO] [1776438978.968359692] [robot_2.robot_supervisor]: Selected controllable event: EV_random_walk
[robot_supervisor-19] [INFO] [1776438979.005618366] [robot_4.robot_supervisor]: Selected controllable event: EV_random_walk
[robot_supervisor-7] [INFO] [1776438979.028099947] [robot_0.robot_supervisor]: Selected controllable event: EV_random_walk
[robot_supervisor-10] [INFO] [1776438979.241112282] [robot_1.robot_supervisor]: Selected controllable event: EV_move_forward
[robot_supervisor-16] [INFO] [1776438979.260755047] [robot_3.robot_supervisor]: Selected controllable event: EV_move_forward
[robot_supervisor-13] [INFO] [1776438979.268107166] [robot_2.robot_supervisor]: Selected controllable event: EV_move_forward
[robot_supervisor-19] [INFO] [1776438979.305530731] [robot_4.robot_supervisor]: Selected controllable event: EV_move_forward
[robot_supervisor-7] [INFO] [1776438979.328312067] [robot_0.robot_supervisor]: Selected controllable event: EV_move_forward
[robot_supervisor-10] [INFO] [1776438979.541154545] [robot_1.robot_supervisor]: Selected controllable event: EV_random_walk
[robot_supervisor-16] [INFO] [1776438979.560462158] [robot_3.robot_supervisor]: Selected controllable event: EV_random_walk
[robot_supervisor-13] [INFO] [1776438979.568188384] [robot_2.robot_supervisor]: Selected controllable event: EV_random_walk
[robot_supervisor-19] [INFO] [1776438979.605780560] [robot_4.robot_supervisor]: Selected controllable event: EV_random_walk
[robot_supervisor-7] [INFO] [1776438979.628249881] [robot_0.robot_supervisor]: Selected controllable event: EV_random_walk
[robot_supervisor-10] [INFO] [1776438979.840995219] [robot_1.robot_supervisor]: Selected controllable event: EV_move_forward
[robot_supervisor-16] [INFO] [1776438979.860273212] [robot_3.robot_supervisor]: Selected controllable event: EV_move_forward
[robot_supervisor-13] [INFO] [1776438979.868089203] [robot_2.robot_supervisor]: Selected controllable event: EV_move_forward
[robot_supervisor-19] [INFO] [1776438979.905582960] [robot_4.robot_supervisor]: Selected controllable event: EV_move_forward
[robot_supervisor-7] [INFO] [1776438979.928145699] [robot_0.robot_supervisor]: Selected controllable event: EV_move_forward
[robot_supervisor-10] [INFO] [1776438980.141089140] [robot_1.robot_supervisor]: Selected controllable event: EV_random_walk
[robot_supervisor-16] [INFO] [1776438980.160434618] [robot_3.robot_supervisor]: Selected controllable event: EV_random_walk
[robot_supervisor-13] [INFO] [1776438980.168157561] [robot_2.robot_supervisor]: Selected controllable event: EV_random_walk
[robot_supervisor-19] [INFO] [1776438980.205533484] [robot_4.robot_supervisor]: Selected controllable event: EV_random_walk
[robot_supervisor-7] [INFO] [1776438980.228269566] [robot_0.robot_supervisor]: Selected controllable event: EV_random_walk
[robot_supervisor-10] [INFO] [1776438980.441129843] [robot_1.robot_supervisor]: Selected controllable event: EV_move_forward
[robot_supervisor-16] [INFO] [1776438980.460454473] [robot_3.robot_supervisor]: Selected controllable event: EV_move_forward
[robot_supervisor-13] [INFO] [1776438980.468193695] [robot_2.robot_supervisor]: Selected controllable event: EV_move_forward
[robot_supervisor-19] [INFO] [1776438980.506191249] [robot_4.robot_supervisor]: Selected controllable event: EV_move_forward
[robot_supervisor-7] [INFO] [1776438980.528078700] [robot_0.robot_supervisor]: Selected controllable event: EV_move_forward
[robot_supervisor-10] [INFO] [1776438980.741112757] [robot_1.robot_supervisor]: Selected controllable event: EV_random_walk
[robot_supervisor-16] [INFO] [1776438980.760428828] [robot_3.robot_supervisor]: Selected controllable event: EV_random_walk
[robot_supervisor-13] [INFO] [1776438980.768367073] [robot_2.robot_supervisor]: Selected controllable event: EV_random_walk
[robot_supervisor-19] [INFO] [1776438980.805764738] [robot_4.robot_supervisor]: Selected controllable event: EV_random_walk
[robot_supervisor-7] [INFO] [1776438980.828226507] [robot_0.robot_supervisor]: Selected controllable event: EV_random_walk
[robot_supervisor-10] [INFO] [1776438981.040981089] [robot_1.robot_supervisor]: Selected controllable event: EV_move_forward
[robot_supervisor-16] [INFO] [1776438981.060473937] [robot_3.robot_supervisor]: Selected controllable event: EV_move_forward
[robot_supervisor-13] [INFO] [1776438981.068141901] [robot_2.robot_supervisor]: Selected controllable event: EV_move_forward
[robot_supervisor-19] [INFO] [1776438981.105555456] [robot_4.robot_supervisor]: Selected controllable event: EV_move_forward
[robot_supervisor-7] [INFO] [1776438981.128058223] [robot_0.robot_supervisor]: Selected controllable event: EV_move_forward
[robot_supervisor-10] [INFO] [1776438981.341137739] [robot_1.robot_supervisor]: Selected controllable event: EV_random_walk
[robot_supervisor-16] [INFO] [1776438981.360453594] [robot_3.robot_supervisor]: Selected controllable event: EV_random_walk
[robot_supervisor-13] [INFO] [1776438981.368300082] [robot_2.robot_supervisor]: Selected controllable event: EV_random_walk
[robot_supervisor-19] [INFO] [1776438981.405676711] [robot_4.robot_supervisor]: Selected controllable event: EV_random_walk
[robot_supervisor-7] [INFO] [1776438981.428229858] [robot_0.robot_supervisor]: Selected controllable event: EV_random_walk
[robot_supervisor-10] [INFO] [1776438981.640946645] [robot_1.robot_supervisor]: Selected controllable event: EV_move_forward
[robot_supervisor-16] [INFO] [1776438981.660432274] [robot_3.robot_supervisor]: Selected controllable event: EV_move_forward
[robot_supervisor-13] [INFO] [1776438981.668275918] [robot_2.robot_supervisor]: Selected controllable event: EV_move_forward
[robot_supervisor-19] [INFO] [1776438981.705828544] [robot_4.robot_supervisor]: Selected controllable event: EV_move_forward
[robot_supervisor-7] [INFO] [1776438981.728235008] [robot_0.robot_supervisor]: Selected controllable event: EV_move_forward
[robot_supervisor-10] [INFO] [1776438981.941143627] [robot_1.robot_supervisor]: Selected controllable event: EV_random_walk
[robot_supervisor-16] [INFO] [1776438981.960418125] [robot_3.robot_supervisor]: Selected controllable event: EV_random_walk
[robot_supervisor-13] [INFO] [1776438981.968190761] [robot_2.robot_supervisor]: Selected controllable event: EV_random_walk
[robot_supervisor-19] [INFO] [1776438982.005808402] [robot_4.robot_supervisor]: Selected controllable event: EV_random_walk
[robot_supervisor-7] [INFO] [1776438982.028211796] [robot_0.robot_supervisor]: Selected controllable event: EV_random_walk
[robot_supervisor-10] [INFO] [1776438982.241154811] [robot_1.robot_supervisor]: Selected controllable event: EV_move_forward
[robot_supervisor-16] [INFO] [1776438982.260456315] [robot_3.robot_supervisor]: Selected controllable event: EV_move_forward
[robot_supervisor-13] [INFO] [1776438982.268281523] [robot_2.robot_supervisor]: Selected controllable event: EV_move_forward
[robot_supervisor-19] [INFO] [1776438982.305863046] [robot_4.robot_supervisor]: Selected controllable event: EV_move_forward
[robot_supervisor-7] [INFO] [1776438982.328102382] [robot_0.robot_supervisor]: Selected controllable event: EV_move_forward
[robot_supervisor-10] [INFO] [1776438982.541104663] [robot_1.robot_supervisor]: Selected controllable event: EV_random_walk
[robot_supervisor-16] [INFO] [1776438982.560493408] [robot_3.robot_supervisor]: Selected controllable event: EV_random_walk
[robot_supervisor-13] [INFO] [1776438982.568047513] [robot_2.robot_supervisor]: Selected controllable event: EV_random_walk
[robot_supervisor-19] [INFO] [1776438982.606008669] [robot_4.robot_supervisor]: Selected controllable event: EV_random_walk
[robot_supervisor-7] [INFO] [1776438982.628269436] [robot_0.robot_supervisor]: Selected controllable event: EV_random_walk
[robot_supervisor-10] [INFO] [1776438982.841019252] [robot_1.robot_supervisor]: Selected controllable event: EV_move_forward
[robot_supervisor-16] [INFO] [1776438982.860458795] [robot_3.robot_supervisor]: Selected controllable event: EV_move_forward
[robot_supervisor-13] [INFO] [1776438982.868246365] [robot_2.robot_supervisor]: Selected controllable event: EV_move_forward
[robot_supervisor-19] [INFO] [1776438982.905988611] [robot_4.robot_supervisor]: Selected controllable event: EV_move_forward
[robot_supervisor-7] [INFO] [1776438982.928091320] [robot_0.robot_supervisor]: Selected controllable event: EV_move_forward
[robot_supervisor-10] [INFO] [1776438983.141135924] [robot_1.robot_supervisor]: Selected controllable event: EV_random_walk
[robot_supervisor-16] [INFO] [1776438983.160327615] [robot_3.robot_supervisor]: Selected controllable event: EV_random_walk
[robot_supervisor-13] [INFO] [1776438983.168033364] [robot_2.robot_supervisor]: Selected controllable event: EV_random_walk
[robot_supervisor-19] [INFO] [1776438983.206026582] [robot_4.robot_supervisor]: Selected controllable event: EV_random_walk
[robot_supervisor-7] [INFO] [1776438983.228326332] [robot_0.robot_supervisor]: Selected controllable event: EV_random_walk
[robot_supervisor-10] [INFO] [1776438983.441124751] [robot_1.robot_supervisor]: Selected controllable event: EV_move_forward
[robot_supervisor-16] [INFO] [1776438983.460722610] [robot_3.robot_supervisor]: Selected controllable event: EV_move_forward
[robot_supervisor-13] [INFO] [1776438983.468313208] [robot_2.robot_supervisor]: Selected controllable event: EV_move_forward
[robot_supervisor-19] [INFO] [1776438983.505750762] [robot_4.robot_supervisor]: Selected controllable event: EV_move_forward
[robot_supervisor-7] [INFO] [1776438983.528033684] [robot_0.robot_supervisor]: Selected controllable event: EV_move_forward
[robot_supervisor-10] [INFO] [1776438983.741339472] [robot_1.robot_supervisor]: Selected controllable event: EV_random_walk
[robot_supervisor-16] [INFO] [1776438983.760227759] [robot_3.robot_supervisor]: Selected controllable event: EV_random_walk
[robot_supervisor-13] [INFO] [1776438983.768247333] [robot_2.robot_supervisor]: Selected controllable event: EV_random_walk
[robot_supervisor-19] [INFO] [1776438983.805542687] [robot_4.robot_supervisor]: Selected controllable event: EV_random_walk
[robot_supervisor-7] [INFO] [1776438983.828446613] [robot_0.robot_supervisor]: Selected controllable event: EV_random_walk
[robot_supervisor-10] [INFO] [1776438984.041333650] [robot_1.robot_supervisor]: Selected controllable event: EV_move_forward
[robot_supervisor-16] [INFO] [1776438984.060663128] [robot_3.robot_supervisor]: Selected controllable event: EV_move_forward
[robot_supervisor-13] [INFO] [1776438984.068252464] [robot_2.robot_supervisor]: Selected controllable event: EV_move_forward
[robot_supervisor-19] [INFO] [1776438984.105986699] [robot_4.robot_supervisor]: Selected controllable event: EV_move_forward
[robot_supervisor-7] [INFO] [1776438984.128318410] [robot_0.robot_supervisor]: Selected controllable event: EV_move_forward
[robot_supervisor-10] [INFO] [1776438984.341165078] [robot_1.robot_supervisor]: Selected controllable event: EV_random_walk
[robot_supervisor-16] [INFO] [1776438984.360334976] [robot_3.robot_supervisor]: Selected controllable event: EV_random_walk
[robot_supervisor-13] [INFO] [1776438984.368239995] [robot_2.robot_supervisor]: Selected controllable event: EV_random_walk
[robot_supervisor-19] [INFO] [1776438984.405757955] [robot_4.robot_supervisor]: Selected controllable event: EV_random_walk
[robot_supervisor-7] [INFO] [1776438984.428157495] [robot_0.robot_supervisor]: Selected controllable event: EV_random_walk
[robot_supervisor-10] [INFO] [1776438984.641115596] [robot_1.robot_supervisor]: Selected controllable event: EV_move_forward
[robot_supervisor-16] [INFO] [1776438984.660706473] [robot_3.robot_supervisor]: Selected controllable event: EV_move_forward
[robot_supervisor-13] [INFO] [1776438984.668145081] [robot_2.robot_supervisor]: Selected controllable event: EV_move_forward
[robot_supervisor-19] [INFO] [1776438984.705602739] [robot_4.robot_supervisor]: Selected controllable event: EV_move_forward
[robot_supervisor-7] [INFO] [1776438984.728258360] [robot_0.robot_supervisor]: Selected controllable event: EV_move_forward
[robot_supervisor-10] [INFO] [1776438984.941169688] [robot_1.robot_supervisor]: Selected controllable event: EV_random_walk
[robot_supervisor-16] [INFO] [1776438984.960397142] [robot_3.robot_supervisor]: Selected controllable event: EV_random_walk
[robot_supervisor-13] [INFO] [1776438984.968589677] [robot_2.robot_supervisor]: Selected controllable event: EV_random_walk
[robot_supervisor-19] [INFO] [1776438985.005745357] [robot_4.robot_supervisor]: Selected controllable event: EV_random_walk
[robot_supervisor-7] [INFO] [1776438985.028439984] [robot_0.robot_supervisor]: Selected controllable event: EV_random_walk
[robot_supervisor-10] [INFO] [1776438985.240936965] [robot_1.robot_supervisor]: Selected controllable event: EV_move_forward
[robot_supervisor-16] [INFO] [1776438985.260807244] [robot_3.robot_supervisor]: Selected controllable event: EV_move_forward
[robot_supervisor-13] [INFO] [1776438985.268102505] [robot_2.robot_supervisor]: Selected controllable event: EV_move_forward
[robot_supervisor-19] [INFO] [1776438985.305865890] [robot_4.robot_supervisor]: Selected controllable event: EV_move_forward
[robot_supervisor-7] [INFO] [1776438985.328069113] [robot_0.robot_supervisor]: Selected controllable event: EV_move_forward
[create-18] [INFO] [1776438985.452187240] [robot_4.ros_gz_sim]: Requesting list of world names.
[create-6] [INFO] [1776438985.452343397] [robot_0.ros_gz_sim]: Requesting list of world names.
[create-9] [INFO] [1776438985.452377477] [robot_1.ros_gz_sim]: Requesting list of world names.
[create-12] [INFO] [1776438985.452606571] [robot_2.ros_gz_sim]: Requesting list of world names.
[create-15] [INFO] [1776438985.452739981] [robot_3.ros_gz_sim]: Requesting list of world names.
[parameter_bridge-4] [INFO] [1776438985.453543464] [all_robots_bridge]: Creating ROS->GZ Bridge: [/robot_0/cmd_vel (geometry_msgs/msg/Twist) -> /robot_0/cmd_vel (ignition.msgs.Twist)] (Lazy 0)
[parameter_bridge-20] [INFO] [1776438985.453543116] [clock_bridge]: Creating GZ->ROS Bridge: [/clock (ignition.msgs.Clock) -> /clock (rosgraph_msgs/msg/Clock)] (Lazy 0)
[parameter_bridge-4] [INFO] [1776438985.454984002] [all_robots_bridge]: Creating GZ->ROS Bridge: [/robot_0/odom (ignition.msgs.Odometry) -> /robot_0/odom (nav_msgs/msg/Odometry)] (Lazy 0)
[parameter_bridge-4] [INFO] [1776438985.455803693] [all_robots_bridge]: Creating GZ->ROS Bridge: [/robot_0/depth_camera/depth_image (ignition.msgs.Image) -> /robot_0/depth_camera/depth_image (sensor_msgs/msg/Image)] (Lazy 0)
[parameter_bridge-4] [INFO] [1776438985.456704458] [all_robots_bridge]: Creating GZ->ROS Bridge: [/world/random_world/model/robot_0/link/robot_0/base_footprint/sensor/contact_sensor/contact (ignition.msgs.Contacts) -> /world/random_world/model/robot_0/link/robot_0/base_footprint/sensor/contact_sensor/contact (ros_gz_interfaces/msg/Contacts)] (Lazy 0)
[parameter_bridge-4] [INFO] [1776438985.457493790] [all_robots_bridge]: Creating ROS->GZ Bridge: [/robot_1/cmd_vel (geometry_msgs/msg/Twist) -> /robot_1/cmd_vel (ignition.msgs.Twist)] (Lazy 0)
[parameter_bridge-4] [INFO] [1776438985.457887379] [all_robots_bridge]: Creating GZ->ROS Bridge: [/robot_1/odom (ignition.msgs.Odometry) -> /robot_1/odom (nav_msgs/msg/Odometry)] (Lazy 0)
[parameter_bridge-4] [INFO] [1776438985.458355907] [all_robots_bridge]: Creating GZ->ROS Bridge: [/robot_1/depth_camera/depth_image (ignition.msgs.Image) -> /robot_1/depth_camera/depth_image (sensor_msgs/msg/Image)] (Lazy 0)
[parameter_bridge-4] [INFO] [1776438985.458917359] [all_robots_bridge]: Creating GZ->ROS Bridge: [/world/random_world/model/robot_1/link/robot_1/base_footprint/sensor/contact_sensor/contact (ignition.msgs.Contacts) -> /world/random_world/model/robot_1/link/robot_1/base_footprint/sensor/contact_sensor/contact (ros_gz_interfaces/msg/Contacts)] (Lazy 0)
[parameter_bridge-4] [INFO] [1776438985.459741544] [all_robots_bridge]: Creating ROS->GZ Bridge: [/robot_2/cmd_vel (geometry_msgs/msg/Twist) -> /robot_2/cmd_vel (ignition.msgs.Twist)] (Lazy 0)
[parameter_bridge-4] [INFO] [1776438985.460258840] [all_robots_bridge]: Creating GZ->ROS Bridge: [/robot_2/odom (ignition.msgs.Odometry) -> /robot_2/odom (nav_msgs/msg/Odometry)] (Lazy 0)
[parameter_bridge-4] [INFO] [1776438985.460853150] [all_robots_bridge]: Creating GZ->ROS Bridge: [/robot_2/depth_camera/depth_image (ignition.msgs.Image) -> /robot_2/depth_camera/depth_image (sensor_msgs/msg/Image)] (Lazy 0)
[parameter_bridge-4] [INFO] [1776438985.461423838] [all_robots_bridge]: Creating GZ->ROS Bridge: [/world/random_world/model/robot_2/link/robot_2/base_footprint/sensor/contact_sensor/contact (ignition.msgs.Contacts) -> /world/random_world/model/robot_2/link/robot_2/base_footprint/sensor/contact_sensor/contact (ros_gz_interfaces/msg/Contacts)] (Lazy 0)
[parameter_bridge-4] [INFO] [1776438985.462228313] [all_robots_bridge]: Creating ROS->GZ Bridge: [/robot_3/cmd_vel (geometry_msgs/msg/Twist) -> /robot_3/cmd_vel (ignition.msgs.Twist)] (Lazy 0)
[parameter_bridge-4] [INFO] [1776438985.462854115] [all_robots_bridge]: Creating GZ->ROS Bridge: [/robot_3/odom (ignition.msgs.Odometry) -> /robot_3/odom (nav_msgs/msg/Odometry)] (Lazy 0)
[parameter_bridge-4] [INFO] [1776438985.463471348] [all_robots_bridge]: Creating GZ->ROS Bridge: [/robot_3/depth_camera/depth_image (ignition.msgs.Image) -> /robot_3/depth_camera/depth_image (sensor_msgs/msg/Image)] (Lazy 0)
[parameter_bridge-4] [INFO] [1776438985.464025121] [all_robots_bridge]: Creating GZ->ROS Bridge: [/world/random_world/model/robot_3/link/robot_3/base_footprint/sensor/contact_sensor/contact (ignition.msgs.Contacts) -> /world/random_world/model/robot_3/link/robot_3/base_footprint/sensor/contact_sensor/contact (ros_gz_interfaces/msg/Contacts)] (Lazy 0)
[parameter_bridge-4] [INFO] [1776438985.464654102] [all_robots_bridge]: Creating ROS->GZ Bridge: [/robot_4/cmd_vel (geometry_msgs/msg/Twist) -> /robot_4/cmd_vel (ignition.msgs.Twist)] (Lazy 0)
[parameter_bridge-4] [INFO] [1776438985.465139939] [all_robots_bridge]: Creating GZ->ROS Bridge: [/robot_4/odom (ignition.msgs.Odometry) -> /robot_4/odom (nav_msgs/msg/Odometry)] (Lazy 0)
[parameter_bridge-4] [INFO] [1776438985.465812719] [all_robots_bridge]: Creating GZ->ROS Bridge: [/robot_4/depth_camera/depth_image (ignition.msgs.Image) -> /robot_4/depth_camera/depth_image (sensor_msgs/msg/Image)] (Lazy 0)
[parameter_bridge-4] [INFO] [1776438985.466464528] [all_robots_bridge]: Creating GZ->ROS Bridge: [/world/random_world/model/robot_4/link/robot_4/base_footprint/sensor/contact_sensor/contact (ignition.msgs.Contacts) -> /world/random_world/model/robot_4/link/robot_4/base_footprint/sensor/contact_sensor/contact (ros_gz_interfaces/msg/Contacts)] (Lazy 0)
[parameter_bridge-4] [INFO] [1776438985.467210161] [all_robots_bridge]: Creating GZ->ROS Bridge: [/world/random_world/dynamic_pose/info (ignition.msgs.Pose_V) -> /world/random_world/dynamic_pose/info (tf2_msgs/msg/TFMessage)] (Lazy 0)
[parameter_bridge-4] [INFO] [1776438985.468530120] [all_robots_bridge]: Passing message from ROS geometry_msgs/msg/Twist to Gazebo gz.msgs.Twist (showing msg only once per type)
[robot_supervisor-10] [INFO] [1776438985.541131620] [robot_1.robot_supervisor]: Selected controllable event: EV_random_walk
[robot_supervisor-16] [INFO] [1776438985.560264365] [robot_3.robot_supervisor]: Selected controllable event: EV_random_walk
[robot_supervisor-13] [INFO] [1776438985.568273897] [robot_2.robot_supervisor]: Selected controllable event: EV_random_walk
[robot_supervisor-19] [INFO] [1776438985.606045796] [robot_4.robot_supervisor]: Selected controllable event: EV_random_walk
[robot_supervisor-7] [INFO] [1776438985.628168446] [robot_0.robot_supervisor]: Selected controllable event: EV_random_walk
[create-12] [INFO] [1776438985.736659104] [robot_2.ros_gz_sim]: Waiting messages on topic [/robot_2/robot_description].
[robot_supervisor-16] [INFO] [1776438985.762141786] [robot_3.robot_supervisor]: Selected controllable event: EV_move_forward
[bump_counter-3] [INFO] [1776438985.832569641] [bump_counter]: [global] subscribed: /world/random_world/model/robot_0/link/robot_0/base_footprint/sensor/contact_sensor/contact
[bump_counter-3] [INFO] [1776438985.833469351] [bump_counter]: [global] subscribed: /world/random_world/model/robot_1/link/robot_1/base_footprint/sensor/contact_sensor/contact
[bump_counter-3] [INFO] [1776438985.834265404] [bump_counter]: [global] subscribed: /world/random_world/model/robot_2/link/robot_2/base_footprint/sensor/contact_sensor/contact
[bump_counter-3] [INFO] [1776438985.836803288] [bump_counter]: [global] subscribed: /world/random_world/model/robot_3/link/robot_3/base_footprint/sensor/contact_sensor/contact
[bump_counter-3] [INFO] [1776438985.837644356] [bump_counter]: [global] subscribed: /world/random_world/model/robot_4/link/robot_4/base_footprint/sensor/contact_sensor/contact
[create-15] [INFO] [1776438985.837645313] [robot_3.ros_gz_sim]: Waiting messages on topic [/robot_3/robot_description].
[robot_supervisor-10] [INFO] [1776438985.841026625] [robot_1.robot_supervisor]: Selected controllable event: EV_move_forward
[robot_supervisor-13] [INFO] [1776438985.868242853] [robot_2.robot_supervisor]: Selected controllable event: EV_move_forward
[robot_supervisor-19] [INFO] [1776438985.906047584] [robot_4.robot_supervisor]: Selected controllable event: EV_move_forward
[robot_supervisor-7] [INFO] [1776438985.928263157] [robot_0.robot_supervisor]: Selected controllable event: EV_move_forward
[create-9] [INFO] [1776438985.937434378] [robot_1.ros_gz_sim]: Waiting messages on topic [/robot_1/robot_description].
[create-6] [INFO] [1776438986.037340989] [robot_0.ros_gz_sim]: Waiting messages on topic [/robot_0/robot_description].
[robot_supervisor-16] [INFO] [1776438986.060626922] [robot_3.robot_supervisor]: Selected controllable event: EV_random_walk
[create-9] [INFO] [1776438986.136832828] [robot_1.ros_gz_sim]: Requested creation of entity.
[create-9] [INFO] [1776438986.136896041] [robot_1.ros_gz_sim]: OK creation of entity.
[create-6] [INFO] [1776438986.136965214] [robot_0.ros_gz_sim]: Requested creation of entity.
[create-6] [INFO] [1776438986.137021993] [robot_0.ros_gz_sim]: OK creation of entity.
[create-12] [INFO] [1776438986.137068567] [robot_2.ros_gz_sim]: Requested creation of entity.
[create-12] [INFO] [1776438986.137127768] [robot_2.ros_gz_sim]: OK creation of entity.
[create-15] [INFO] [1776438986.137068101] [robot_3.ros_gz_sim]: Requested creation of entity.
[create-15] [INFO] [1776438986.137126959] [robot_3.ros_gz_sim]: OK creation of entity.
[create-18] [INFO] [1776438986.137865243] [robot_4.ros_gz_sim]: Waiting messages on topic [/robot_4/robot_description].
[robot_supervisor-10] [INFO] [1776438986.141598105] [robot_1.robot_supervisor]: Selected controllable event: EV_random_walk
[create-18] [INFO] [1776438986.141751141] [robot_4.ros_gz_sim]: Requested creation of entity.
[create-18] [INFO] [1776438986.141782558] [robot_4.ros_gz_sim]: OK creation of entity.
[robot_supervisor-13] [INFO] [1776438986.168182442] [robot_2.robot_supervisor]: Selected controllable event: EV_random_walk
[robot_supervisor-19] [INFO] [1776438986.205799288] [robot_4.robot_supervisor]: Selected controllable event: EV_random_walk
[robot_supervisor-7] [INFO] [1776438986.228249086] [robot_0.robot_supervisor]: Selected controllable event: EV_random_walk
[INFO] [create-18]: process has finished cleanly [pid 379821]
[INFO] [create-12]: process has finished cleanly [pid 379766]
[INFO] [create-6]: process has finished cleanly [pid 379752]
[INFO] [create-15]: process has finished cleanly [pid 379772]
[INFO] [create-9]: process has finished cleanly [pid 379759]
[robot_supervisor-16] [INFO] [1776438986.360256226] [robot_3.robot_supervisor]: Selected controllable event: EV_move_forward
[robot_supervisor-10] [INFO] [1776438986.441111066] [robot_1.robot_supervisor]: Selected controllable event: EV_move_forward
[robot_supervisor-13] [INFO] [1776438986.468482636] [robot_2.robot_supervisor]: Selected controllable event: EV_move_forward
[robot_supervisor-19] [INFO] [1776438986.505680879] [robot_4.robot_supervisor]: Selected controllable event: EV_move_forward
[robot_supervisor-7] [INFO] [1776438986.528220829] [robot_0.robot_supervisor]: Selected controllable event: EV_move_forward
[robot_supervisor-16] [INFO] [1776438986.660550911] [robot_3.robot_supervisor]: Selected controllable event: EV_random_walk
[robot_supervisor-10] [INFO] [1776438986.741137843] [robot_1.robot_supervisor]: Selected controllable event: EV_random_walk
[robot_supervisor-13] [INFO] [1776438986.768170947] [robot_2.robot_supervisor]: Selected controllable event: EV_random_walk
[robot_supervisor-19] [INFO] [1776438986.805746341] [robot_4.robot_supervisor]: Selected controllable event: EV_random_walk
[robot_supervisor-7] [INFO] [1776438986.828454581] [robot_0.robot_supervisor]: Selected controllable event: EV_random_walk
[robot_supervisor-16] [INFO] [1776438986.960513716] [robot_3.robot_supervisor]: Selected controllable event: EV_move_forward
[robot_supervisor-10] [INFO] [1776438987.041103382] [robot_1.robot_supervisor]: Selected controllable event: EV_move_forward
[robot_supervisor-13] [INFO] [1776438987.068277534] [robot_2.robot_supervisor]: Selected controllable event: EV_move_forward
[robot_supervisor-19] [INFO] [1776438987.105797887] [robot_4.robot_supervisor]: Selected controllable event: EV_move_forward
[robot_supervisor-7] [INFO] [1776438987.128248220] [robot_0.robot_supervisor]: Selected controllable event: EV_move_forward
[robot_supervisor-16] [INFO] [1776438987.260351472] [robot_3.robot_supervisor]: Selected controllable event: EV_random_walk
[robot_supervisor-10] [INFO] [1776438987.340970652] [robot_1.robot_supervisor]: Selected controllable event: EV_random_walk
[robot_supervisor-13] [INFO] [1776438987.368230687] [robot_2.robot_supervisor]: Selected controllable event: EV_random_walk
[robot_supervisor-19] [INFO] [1776438987.405796995] [robot_4.robot_supervisor]: Selected controllable event: EV_random_walk
[robot_supervisor-7] [INFO] [1776438987.428361289] [robot_0.robot_supervisor]: Selected controllable event: EV_random_walk
[robot_supervisor-16] [INFO] [1776438987.560354511] [robot_3.robot_supervisor]: Selected controllable event: EV_move_forward
[robot_supervisor-10] [INFO] [1776438987.641242313] [robot_1.robot_supervisor]: Selected controllable event: EV_move_forward
[robot_supervisor-13] [INFO] [1776438987.668283514] [robot_2.robot_supervisor]: Selected controllable event: EV_move_forward
[robot_supervisor-19] [INFO] [1776438987.705620566] [robot_4.robot_supervisor]: Selected controllable event: EV_move_forward
[robot_supervisor-7] [INFO] [1776438987.728261114] [robot_0.robot_supervisor]: Selected controllable event: EV_move_forward
[robot_supervisor-16] [INFO] [1776438987.860481801] [robot_3.robot_supervisor]: Selected controllable event: EV_random_walk
[robot_supervisor-10] [INFO] [1776438987.941005142] [robot_1.robot_supervisor]: Selected controllable event: EV_random_walk
[robot_supervisor-13] [INFO] [1776438987.968239939] [robot_2.robot_supervisor]: Selected controllable event: EV_random_walk
[robot_supervisor-19] [INFO] [1776438988.005806762] [robot_4.robot_supervisor]: Selected controllable event: EV_random_walk
[robot_supervisor-7] [INFO] [1776438988.028309175] [robot_0.robot_supervisor]: Selected controllable event: EV_random_walk
[robot_supervisor-16] [INFO] [1776438988.160486584] [robot_3.robot_supervisor]: Selected controllable event: EV_move_forward
[robot_supervisor-10] [INFO] [1776438988.241045747] [robot_1.robot_supervisor]: Selected controllable event: EV_move_forward
[robot_supervisor-13] [INFO] [1776438988.268283195] [robot_2.robot_supervisor]: Selected controllable event: EV_move_forward
[robot_supervisor-19] [INFO] [1776438988.305841635] [robot_4.robot_supervisor]: Selected controllable event: EV_move_forward
[robot_supervisor-7] [INFO] [1776438988.328253582] [robot_0.robot_supervisor]: Selected controllable event: EV_move_forward
[robot_supervisor-16] [INFO] [1776438988.460499431] [robot_3.robot_supervisor]: Selected controllable event: EV_random_walk
[robot_supervisor-10] [INFO] [1776438988.541616545] [robot_1.robot_supervisor]: Selected controllable event: EV_random_walk
[robot_supervisor-13] [INFO] [1776438988.568507336] [robot_2.robot_supervisor]: Selected controllable event: EV_random_walk
[robot_supervisor-19] [INFO] [1776438988.605913108] [robot_4.robot_supervisor]: Selected controllable event: EV_random_walk
[robot_supervisor-7] [INFO] [1776438988.628206684] [robot_0.robot_supervisor]: Selected controllable event: EV_random_walk
[robot_supervisor-16] [INFO] [1776438988.760837707] [robot_3.robot_supervisor]: Selected controllable event: EV_move_forward
[robot_supervisor-10] [INFO] [1776438988.841381752] [robot_1.robot_supervisor]: Selected controllable event: EV_move_forward
[robot_supervisor-13] [INFO] [1776438988.868532880] [robot_2.robot_supervisor]: Selected controllable event: EV_move_forward
[robot_supervisor-19] [INFO] [1776438988.905803589] [robot_4.robot_supervisor]: Selected controllable event: EV_move_forward
[robot_supervisor-7] [INFO] [1776438988.928314880] [robot_0.robot_supervisor]: Selected controllable event: EV_move_forward
[robot_supervisor-16] [INFO] [1776438989.060945144] [robot_3.robot_supervisor]: Selected controllable event: EV_random_walk
[robot_supervisor-10] [INFO] [1776438989.141361421] [robot_1.robot_supervisor]: Selected controllable event: EV_random_walk
[robot_supervisor-13] [INFO] [1776438989.168274659] [robot_2.robot_supervisor]: Selected controllable event: EV_random_walk
[robot_supervisor-19] [INFO] [1776438989.205974190] [robot_4.robot_supervisor]: Selected controllable event: EV_random_walk
[robot_supervisor-7] [INFO] [1776438989.228277363] [robot_0.robot_supervisor]: Selected controllable event: EV_random_walk
[robot_supervisor-16] [INFO] [1776438989.360723772] [robot_3.robot_supervisor]: Selected controllable event: EV_move_forward
[robot_supervisor-10] [INFO] [1776438989.441703394] [robot_1.robot_supervisor]: Selected controllable event: EV_move_forward
[robot_supervisor-13] [INFO] [1776438989.468427125] [robot_2.robot_supervisor]: Selected controllable event: EV_move_forward
[robot_supervisor-19] [INFO] [1776438989.505764218] [robot_4.robot_supervisor]: Selected controllable event: EV_move_forward
[robot_supervisor-7] [INFO] [1776438989.528199929] [robot_0.robot_supervisor]: Selected controllable event: EV_move_forward
[robot_supervisor-16] [INFO] [1776438989.660663663] [robot_3.robot_supervisor]: Selected controllable event: EV_random_walk
[robot_supervisor-10] [INFO] [1776438989.742015878] [robot_1.robot_supervisor]: Selected controllable event: EV_random_walk
[robot_supervisor-13] [INFO] [1776438989.768485452] [robot_2.robot_supervisor]: Selected controllable event: EV_random_walk
[robot_supervisor-19] [INFO] [1776438989.805978627] [robot_4.robot_supervisor]: Selected controllable event: EV_random_walk
[robot_supervisor-7] [INFO] [1776438989.828462404] [robot_0.robot_supervisor]: Selected controllable event: EV_random_walk
[robot_supervisor-16] [INFO] [1776438989.960669928] [robot_3.robot_supervisor]: Selected controllable event: EV_move_forward
[robot_supervisor-10] [INFO] [1776438990.041019288] [robot_1.robot_supervisor]: Selected controllable event: EV_move_forward
[robot_supervisor-13] [INFO] [1776438990.068505816] [robot_2.robot_supervisor]: Selected controllable event: EV_move_forward
[robot_supervisor-19] [INFO] [1776438990.105956394] [robot_4.robot_supervisor]: Selected controllable event: EV_move_forward
[robot_supervisor-7] [INFO] [1776438990.128422895] [robot_0.robot_supervisor]: Selected controllable event: EV_move_forward
[robot_supervisor-16] [INFO] [1776438990.260449022] [robot_3.robot_supervisor]: Selected controllable event: EV_random_walk
[robot_supervisor-10] [INFO] [1776438990.341227545] [robot_1.robot_supervisor]: Selected controllable event: EV_random_walk
[robot_supervisor-13] [INFO] [1776438990.368747815] [robot_2.robot_supervisor]: Selected controllable event: EV_random_walk
[robot_supervisor-19] [INFO] [1776438990.405987623] [robot_4.robot_supervisor]: Selected controllable event: EV_random_walk
[robot_supervisor-7] [INFO] [1776438990.428254946] [robot_0.robot_supervisor]: Selected controllable event: EV_random_walk
[robot_supervisor-16] [INFO] [1776438990.560481301] [robot_3.robot_supervisor]: Selected controllable event: EV_move_forward
[robot_supervisor-10] [INFO] [1776438990.641197456] [robot_1.robot_supervisor]: Selected controllable event: EV_move_forward
[robot_supervisor-13] [INFO] [1776438990.668452489] [robot_2.robot_supervisor]: Selected controllable event: EV_move_forward
[robot_supervisor-19] [INFO] [1776438990.705912099] [robot_4.robot_supervisor]: Selected controllable event: EV_move_forward
[robot_supervisor-7] [INFO] [1776438990.728443180] [robot_0.robot_supervisor]: Selected controllable event: EV_move_forward
[robot_supervisor-16] [INFO] [1776438990.860546527] [robot_3.robot_supervisor]: Selected controllable event: EV_random_walk
[robot_supervisor-10] [INFO] [1776438990.941194433] [robot_1.robot_supervisor]: Selected controllable event: EV_random_walk
[robot_supervisor-13] [INFO] [1776438990.968139850] [robot_2.robot_supervisor]: Selected controllable event: EV_random_walk
[robot_supervisor-19] [INFO] [1776438991.005651389] [robot_4.robot_supervisor]: Selected controllable event: EV_random_walk
[robot_supervisor-7] [INFO] [1776438991.028398763] [robot_0.robot_supervisor]: Selected controllable event: EV_random_walk
[robot_supervisor-16] [INFO] [1776438991.160376085] [robot_3.robot_supervisor]: Selected controllable event: EV_move_forward
[robot_supervisor-10] [INFO] [1776438991.241046754] [robot_1.robot_supervisor]: Selected controllable event: EV_move_forward
[robot_supervisor-13] [INFO] [1776438991.268239512] [robot_2.robot_supervisor]: Selected controllable event: EV_move_forward
[robot_supervisor-19] [INFO] [1776438991.305661720] [robot_4.robot_supervisor]: Selected controllable event: EV_move_forward
[robot_supervisor-7] [INFO] [1776438991.328650735] [robot_0.robot_supervisor]: Selected controllable event: EV_move_forward
[image_processor-23] [INFO] [1776438991.413005987] [robot_2.image_processor]: Zone=CLEAR  left[p=3.171 near=0 v=4997]  front[p=1.320 near=0 v=8651]  right[p=1.285 near=0 v=6876]
[image_processor-24] [INFO] [1776438991.426827504] [robot_3.image_processor]: Zone=CLEAR  left[p=0.944 near=0 v=7650]  front[p=2.103 near=0 v=13500]  right[p=1.790 near=0 v=7740]
[image_processor-22] [INFO] [1776438991.437074832] [robot_1.image_processor]: Zone=CLEAR  left[p=1.667 near=0 v=7650]  front[p=2.700 near=0 v=12547]  right[p=2.339 near=0 v=7671]
[image_processor-21] [INFO] [1776438991.448750732] [robot_0.image_processor]: Zone=CLEAR  left[p=0.889 near=0 v=7650]  front[p=0.883 near=0 v=13500]  right[p=0.877 near=0 v=7740]
[robot_supervisor-16] [INFO] [1776438991.460409942] [robot_3.robot_supervisor]: Selected controllable event: EV_random_walk
[image_processor-25] [INFO] [1776438991.470434420] [robot_4.image_processor]: Zone=CLEAR  left[p=3.740 near=0 v=6600]  front[p=3.413 near=0 v=10136]  right[p=2.763 near=0 v=5590]
[robot_supervisor-10] [INFO] [1776438991.541757772] [robot_1.robot_supervisor]: Selected controllable event: EV_random_walk
[robot_supervisor-13] [INFO] [1776438991.568372475] [robot_2.robot_supervisor]: Selected controllable event: EV_random_walk
[robot_supervisor-19] [INFO] [1776438991.605947545] [robot_4.robot_supervisor]: Selected controllable event: EV_random_walk
[robot_supervisor-7] [INFO] [1776438991.628443463] [robot_0.robot_supervisor]: Selected controllable event: EV_random_walk
[robot_supervisor-16] [INFO] [1776438991.760351624] [robot_3.robot_supervisor]: Selected controllable event: EV_move_forward
[robot_supervisor-10] [INFO] [1776438991.841394477] [robot_1.robot_supervisor]: Selected controllable event: EV_move_forward
[robot_supervisor-13] [INFO] [1776438991.868442956] [robot_2.robot_supervisor]: Selected controllable event: EV_move_forward
[robot_supervisor-19] [INFO] [1776438991.906001553] [robot_4.robot_supervisor]: Selected controllable event: EV_move_forward
[robot_supervisor-7] [INFO] [1776438991.928518652] [robot_0.robot_supervisor]: Selected controllable event: EV_move_forward
[robot_supervisor-16] [INFO] [1776438992.060578503] [robot_3.robot_supervisor]: Selected controllable event: EV_random_walk
[robot_supervisor-10] [INFO] [1776438992.140999582] [robot_1.robot_supervisor]: Selected controllable event: EV_random_walk
[robot_supervisor-13] [INFO] [1776438992.168455234] [robot_2.robot_supervisor]: Selected controllable event: EV_random_walk
[robot_supervisor-19] [INFO] [1776438992.205710900] [robot_4.robot_supervisor]: Selected controllable event: EV_random_walk
[robot_supervisor-7] [INFO] [1776438992.228090105] [robot_0.robot_supervisor]: Selected controllable event: EV_random_walk
[robot_supervisor-10] [INFO] [1776438992.341919464] [robot_1.robot_supervisor]: Selected controllable event: EV_move_forward
[robot_supervisor-16] [INFO] [1776438992.360768215] [robot_3.robot_supervisor]: Selected controllable event: EV_move_forward
[robot_supervisor-13] [INFO] [1776438992.468277183] [robot_2.robot_supervisor]: Selected controllable event: EV_move_forward
[robot_supervisor-19] [INFO] [1776438992.505673683] [robot_4.robot_supervisor]: Selected controllable event: EV_move_forward
[robot_supervisor-7] [INFO] [1776438992.528272671] [robot_0.robot_supervisor]: Selected controllable event: EV_move_forward
[robot_supervisor-10] [INFO] [1776438992.641422387] [robot_1.robot_supervisor]: Selected controllable event: EV_random_walk
[robot_supervisor-16] [INFO] [1776438992.660384681] [robot_3.robot_supervisor]: Selected controllable event: EV_random_walk
[robot_supervisor-13] [INFO] [1776438992.768421559] [robot_2.robot_supervisor]: Selected controllable event: EV_random_walk
[robot_supervisor-19] [INFO] [1776438992.805688004] [robot_4.robot_supervisor]: Selected controllable event: EV_random_walk
[robot_supervisor-7] [INFO] [1776438992.828211008] [robot_0.robot_supervisor]: Selected controllable event: EV_random_walk
[robot_supervisor-10] [INFO] [1776438992.941446207] [robot_1.robot_supervisor]: Selected controllable event: EV_move_forward
[robot_supervisor-16] [INFO] [1776438992.960723163] [robot_3.robot_supervisor]: Selected controllable event: EV_move_forward
[robot_supervisor-13] [INFO] [1776438993.068310048] [robot_2.robot_supervisor]: Selected controllable event: EV_move_forward
[robot_supervisor-19] [INFO] [1776438993.105960146] [robot_4.robot_supervisor]: Selected controllable event: EV_move_forward
[robot_supervisor-7] [INFO] [1776438993.128449143] [robot_0.robot_supervisor]: Selected controllable event: EV_move_forward
[robot_supervisor-10] [INFO] [1776438993.241038267] [robot_1.robot_supervisor]: Selected controllable event: EV_random_walk
[robot_supervisor-16] [INFO] [1776438993.260313855] [robot_3.robot_supervisor]: Selected controllable event: EV_random_walk
[robot_supervisor-13] [INFO] [1776438993.368389200] [robot_2.robot_supervisor]: Selected controllable event: EV_random_walk
[robot_supervisor-19] [INFO] [1776438993.405948731] [robot_4.robot_supervisor]: Selected controllable event: EV_random_walk
[robot_supervisor-7] [INFO] [1776438993.428425812] [robot_0.robot_supervisor]: Selected controllable event: EV_random_walk
[robot_supervisor-10] [INFO] [1776438993.441636347] [robot_1.robot_supervisor]: Selected controllable event: EV_move_forward
[robot_supervisor-16] [INFO] [1776438993.560582423] [robot_3.robot_supervisor]: Selected controllable event: EV_move_forward
[robot_supervisor-13] [INFO] [1776438993.668483774] [robot_2.robot_supervisor]: Selected controllable event: EV_move_forward
[robot_supervisor-19] [INFO] [1776438993.705653662] [robot_4.robot_supervisor]: Selected controllable event: EV_move_forward
[robot_supervisor-7] [INFO] [1776438993.728353885] [robot_0.robot_supervisor]: Selected controllable event: EV_move_forward
[robot_supervisor-10] [INFO] [1776438993.741379356] [robot_1.robot_supervisor]: Selected controllable event: EV_random_walk
[robot_supervisor-16] [INFO] [1776438993.860730250] [robot_3.robot_supervisor]: Selected controllable event: EV_random_walk
[image_processor-23] [INFO] [1776438993.912206759] [robot_2.image_processor]: Zone=CLEAR
[image_processor-24] [INFO] [1776438993.923078803] [robot_3.image_processor]: Zone=CLEAR
[image_processor-22] [INFO] [1776438993.933062375] [robot_1.image_processor]: Zone=CLEAR
[image_processor-21] [INFO] [1776438993.942024831] [robot_0.image_processor]: Zone=CORNER  left[p=0.368 near=7650 v=7650]  front[p=0.366 near=13500 v=13500]  right[p=0.364 near=7740 v=7740]
[robot_supervisor-7] [INFO] [1776438993.942903785] [robot_0.robot_supervisor]: Detected zone changed to CORNER
[image_processor-25] [INFO] [1776438993.959686381] [robot_4.image_processor]: Zone=CLEAR
[robot_supervisor-13] [INFO] [1776438993.968450974] [robot_2.robot_supervisor]: Selected controllable event: EV_random_walk
[robot_supervisor-19] [INFO] [1776438994.005754841] [robot_4.robot_supervisor]: Selected controllable event: EV_random_walk
[robot_supervisor-7] [INFO] [1776438994.028180031] [robot_0.robot_supervisor]: Selected controllable event: EV_rotate_clockwise
[robot_supervisor-10] [INFO] [1776438994.041325122] [robot_1.robot_supervisor]: Selected controllable event: EV_move_forward
[robot_supervisor-16] [INFO] [1776438994.160369766] [robot_3.robot_supervisor]: Selected controllable event: EV_move_forward
[robot_supervisor-13] [INFO] [1776438994.268450757] [robot_2.robot_supervisor]: Selected controllable event: EV_move_forward
[robot_supervisor-19] [INFO] [1776438994.305687662] [robot_4.robot_supervisor]: Selected controllable event: EV_move_forward
[robot_supervisor-10] [INFO] [1776438994.341174556] [robot_1.robot_supervisor]: Selected controllable event: EV_random_walk
[robot_supervisor-16] [INFO] [1776438994.460734603] [robot_3.robot_supervisor]: Selected controllable event: EV_random_walk
[robot_supervisor-13] [INFO] [1776438994.568301766] [robot_2.robot_supervisor]: Selected controllable event: EV_random_walk
[robot_supervisor-19] [INFO] [1776438994.605664693] [robot_4.robot_supervisor]: Selected controllable event: EV_random_walk
[robot_supervisor-10] [INFO] [1776438994.641281654] [robot_1.robot_supervisor]: Selected controllable event: EV_move_forward
[robot_supervisor-16] [INFO] [1776438994.760406097] [robot_3.robot_supervisor]: Selected controllable event: EV_move_forward
[robot_supervisor-13] [INFO] [1776438994.868169675] [robot_2.robot_supervisor]: Selected controllable event: EV_move_forward
[robot_supervisor-19] [INFO] [1776438994.905734103] [robot_4.robot_supervisor]: Selected controllable event: EV_move_forward
[robot_supervisor-10] [INFO] [1776438994.941349195] [robot_1.robot_supervisor]: Selected controllable event: EV_random_walk
[robot_supervisor-16] [INFO] [1776438995.060731863] [robot_3.robot_supervisor]: Selected controllable event: EV_random_walk
[robot_supervisor-13] [INFO] [1776438995.168416491] [robot_2.robot_supervisor]: Selected controllable event: EV_random_walk
[robot_supervisor-19] [INFO] [1776438995.205675440] [robot_4.robot_supervisor]: Selected controllable event: EV_random_walk
[robot_supervisor-10] [INFO] [1776438995.241324341] [robot_1.robot_supervisor]: Selected controllable event: EV_move_forward
[robot_supervisor-16] [INFO] [1776438995.360424388] [robot_3.robot_supervisor]: Selected controllable event: EV_move_forward
[robot_supervisor-13] [INFO] [1776438995.468543090] [robot_2.robot_supervisor]: Selected controllable event: EV_move_forward
[robot_supervisor-19] [INFO] [1776438995.505700469] [robot_4.robot_supervisor]: Selected controllable event: EV_move_forward
[robot_supervisor-10] [INFO] [1776438995.541248403] [robot_1.robot_supervisor]: Selected controllable event: EV_random_walk
[robot_supervisor-16] [INFO] [1776438995.660546350] [robot_3.robot_supervisor]: Selected controllable event: EV_random_walk
[robot_supervisor-13] [INFO] [1776438995.768447038] [robot_2.robot_supervisor]: Selected controllable event: EV_random_walk
[robot_supervisor-19] [INFO] [1776438995.805814580] [robot_4.robot_supervisor]: Selected controllable event: EV_random_walk
[robot_supervisor-10] [INFO] [1776438995.841996988] [robot_1.robot_supervisor]: Selected controllable event: EV_move_forward
[robot_supervisor-16] [INFO] [1776438995.960550028] [robot_3.robot_supervisor]: Selected controllable event: EV_move_forward
[robot_supervisor-13] [INFO] [1776438996.068470809] [robot_2.robot_supervisor]: Selected controllable event: EV_move_forward
[robot_supervisor-19] [INFO] [1776438996.105629008] [robot_4.robot_supervisor]: Selected controllable event: EV_move_forward
[robot_supervisor-10] [INFO] [1776438996.141452886] [robot_1.robot_supervisor]: Selected controllable event: EV_random_walk
[robot_supervisor-7] [INFO] [1776438996.228437062] [robot_0.robot_supervisor]: Selected controllable event: EV_rotate_clockwise
[robot_supervisor-7] [INFO] [1776438996.228899759] [robot_0.robot_supervisor]: rotate_90 blocked by recent completion; stopping this tick
[robot_supervisor-16] [INFO] [1776438996.260740357] [robot_3.robot_supervisor]: Selected controllable event: EV_random_walk
[robot_supervisor-7] [INFO] [1776438996.328281318] [robot_0.robot_supervisor]: Selected controllable event: EV_rotate_clockwise
[robot_supervisor-7] [INFO] [1776438996.328736943] [robot_0.robot_supervisor]: rotate_90 blocked by recent completion; stopping this tick
[robot_supervisor-13] [INFO] [1776438996.368465205] [robot_2.robot_supervisor]: Selected controllable event: EV_random_walk
[robot_supervisor-19] [INFO] [1776438996.405808831] [robot_4.robot_supervisor]: Selected controllable event: EV_random_walk
[image_processor-23] [INFO] [1776438996.414848494] [robot_2.image_processor]: Zone=CORNER  left[p=3.243 near=0 v=5521]  front[p=0.501 near=4511 v=10757]  right[p=0.342 near=7740 v=7740]
[robot_supervisor-13] [INFO] [1776438996.415919265] [robot_2.robot_supervisor]: Detected zone changed to CORNER
[image_processor-24] [INFO] [1776438996.426685948] [robot_3.image_processor]: Zone=CLEAR
[robot_supervisor-7] [INFO] [1776438996.428184021] [robot_0.robot_supervisor]: Selected controllable event: EV_rotate_clockwise
[image_processor-22] [INFO] [1776438996.441047602] [robot_1.image_processor]: Zone=CLEAR
[robot_supervisor-10] [INFO] [1776438996.441402788] [robot_1.robot_supervisor]: Selected controllable event: EV_move_forward
[image_processor-21] [INFO] [1776438996.451253413] [robot_0.image_processor]: Zone=LEFT  left[p=0.516 near=5400 v=7650]  front[p=1.399 near=0 v=13500]  right[p=1.651 near=0 v=7740]
[robot_supervisor-7] [INFO] [1776438996.451939572] [robot_0.robot_supervisor]: Detected zone changed to LEFT
[image_processor-25] [INFO] [1776438996.463926618] [robot_4.image_processor]: Zone=CLEAR
[robot_supervisor-16] [INFO] [1776438996.560705228] [robot_3.robot_supervisor]: Selected controllable event: EV_move_forward
[robot_supervisor-13] [INFO] [1776438996.668343610] [robot_2.robot_supervisor]: Selected controllable event: EV_rotate_clockwise
[robot_supervisor-19] [INFO] [1776438996.705905720] [robot_4.robot_supervisor]: Selected controllable event: EV_move_forward
[robot_supervisor-10] [INFO] [1776438996.741473239] [robot_1.robot_supervisor]: Selected controllable event: EV_random_walk
[robot_supervisor-16] [INFO] [1776438996.860373258] [robot_3.robot_supervisor]: Selected controllable event: EV_random_walk
[robot_supervisor-19] [INFO] [1776438997.006024858] [robot_4.robot_supervisor]: Selected controllable event: EV_random_walk
[robot_supervisor-10] [INFO] [1776438997.041451115] [robot_1.robot_supervisor]: Selected controllable event: EV_move_forward
[robot_supervisor-16] [INFO] [1776438997.160752512] [robot_3.robot_supervisor]: Selected controllable event: EV_move_forward
[robot_supervisor-19] [INFO] [1776438997.305606655] [robot_4.robot_supervisor]: Selected controllable event: EV_move_forward
[robot_supervisor-10] [INFO] [1776438997.341053038] [robot_1.robot_supervisor]: Selected controllable event: EV_random_walk
[robot_supervisor-16] [INFO] [1776438997.460538882] [robot_3.robot_supervisor]: Selected controllable event: EV_random_walk
[robot_supervisor-19] [INFO] [1776438997.605722339] [robot_4.robot_supervisor]: Selected controllable event: EV_random_walk
[robot_supervisor-10] [INFO] [1776438997.641313770] [robot_1.robot_supervisor]: Selected controllable event: EV_move_forward
[robot_supervisor-16] [INFO] [1776438997.760874457] [robot_3.robot_supervisor]: Selected controllable event: EV_move_forward
[robot_supervisor-19] [INFO] [1776438997.905698617] [robot_4.robot_supervisor]: Selected controllable event: EV_move_forward
[robot_supervisor-10] [INFO] [1776438997.941205330] [robot_1.robot_supervisor]: Selected controllable event: EV_random_walk
[robot_supervisor-16] [INFO] [1776438998.060343993] [robot_3.robot_supervisor]: Selected controllable event: EV_random_walk
[robot_supervisor-19] [INFO] [1776438998.205727228] [robot_4.robot_supervisor]: Selected controllable event: EV_random_walk
[robot_supervisor-10] [INFO] [1776438998.241270515] [robot_1.robot_supervisor]: Selected controllable event: EV_move_forward
[robot_supervisor-16] [INFO] [1776438998.360460984] [robot_3.robot_supervisor]: Selected controllable event: EV_move_forward
[robot_supervisor-19] [INFO] [1776438998.505951748] [robot_4.robot_supervisor]: Selected controllable event: EV_move_forward
[robot_supervisor-10] [INFO] [1776438998.541139004] [robot_1.robot_supervisor]: Selected controllable event: EV_random_walk
[robot_supervisor-7] [INFO] [1776438998.628443429] [robot_0.robot_supervisor]: Selected controllable event: EV_rotate_clockwise
[robot_supervisor-7] [INFO] [1776438998.628925465] [robot_0.robot_supervisor]: rotate_90 blocked by recent completion; stopping this tick
[robot_supervisor-16] [INFO] [1776438998.660467435] [robot_3.robot_supervisor]: Selected controllable event: EV_random_walk
[robot_supervisor-7] [INFO] [1776438998.728423847] [robot_0.robot_supervisor]: Selected controllable event: EV_rotate_clockwise
[robot_supervisor-7] [INFO] [1776438998.728853303] [robot_0.robot_supervisor]: rotate_90 blocked by recent completion; stopping this tick
[robot_supervisor-19] [INFO] [1776438998.805676329] [robot_4.robot_supervisor]: Selected controllable event: EV_random_walk
[robot_supervisor-7] [INFO] [1776438998.828463278] [robot_0.robot_supervisor]: Selected controllable event: EV_rotate_clockwise
[robot_supervisor-10] [INFO] [1776438998.841333986] [robot_1.robot_supervisor]: Selected controllable event: EV_move_forward
[robot_supervisor-13] [INFO] [1776438998.868700721] [robot_2.robot_supervisor]: Selected controllable event: EV_rotate_clockwise
[robot_supervisor-13] [INFO] [1776438998.869220327] [robot_2.robot_supervisor]: rotate_90 blocked by recent completion; stopping this tick
[image_processor-23] [INFO] [1776438998.906571090] [robot_2.image_processor]: Zone=CORNER
[image_processor-24] [INFO] [1776438998.916058336] [robot_3.image_processor]: Zone=CLEAR
[image_processor-22] [INFO] [1776438998.927461267] [robot_1.image_processor]: Zone=CLEAR
[image_processor-21] [INFO] [1776438998.945495588] [robot_0.image_processor]: Zone=LEFT
[robot_supervisor-16] [INFO] [1776438998.960436090] [robot_3.robot_supervisor]: Selected controllable event: EV_move_forward
[image_processor-25] [INFO] [1776438998.964253283] [robot_4.image_processor]: Zone=CLEAR
[robot_supervisor-13] [INFO] [1776438998.968143311] [robot_2.robot_supervisor]: Selected controllable event: EV_rotate_clockwise
[robot_supervisor-13] [INFO] [1776438998.968423151] [robot_2.robot_supervisor]: rotate_90 blocked by recent completion; stopping this tick
[robot_supervisor-13] [INFO] [1776438999.068430997] [robot_2.robot_supervisor]: Selected controllable event: EV_rotate_clockwise
[robot_supervisor-19] [INFO] [1776438999.105895714] [robot_4.robot_supervisor]: Selected controllable event: EV_move_forward
[robot_supervisor-10] [INFO] [1776438999.141717946] [robot_1.robot_supervisor]: Selected controllable event: EV_random_walk
[robot_supervisor-16] [INFO] [1776438999.260347703] [robot_3.robot_supervisor]: Selected controllable event: EV_random_walk
[robot_supervisor-19] [INFO] [1776438999.405637375] [robot_4.robot_supervisor]: Selected controllable event: EV_random_walk
[robot_supervisor-10] [INFO] [1776438999.441915166] [robot_1.robot_supervisor]: Selected controllable event: EV_move_forward
[robot_supervisor-16] [INFO] [1776438999.560634393] [robot_3.robot_supervisor]: Selected controllable event: EV_move_forward
[robot_supervisor-19] [INFO] [1776438999.706105962] [robot_4.robot_supervisor]: Selected controllable event: EV_move_forward
[robot_supervisor-10] [INFO] [1776438999.741479470] [robot_1.robot_supervisor]: Selected controllable event: EV_random_walk
[robot_supervisor-16] [INFO] [1776438999.860620944] [robot_3.robot_supervisor]: Selected controllable event: EV_random_walk
[robot_supervisor-19] [INFO] [1776439000.005621015] [robot_4.robot_supervisor]: Selected controllable event: EV_random_walk
[robot_supervisor-10] [INFO] [1776439000.041000911] [robot_1.robot_supervisor]: Selected controllable event: EV_move_forward
[robot_supervisor-16] [INFO] [1776439000.160484849] [robot_3.robot_supervisor]: Selected controllable event: EV_move_forward
[robot_supervisor-19] [INFO] [1776439000.305974766] [robot_4.robot_supervisor]: Selected controllable event: EV_move_forward
[robot_supervisor-10] [INFO] [1776439000.341227461] [robot_1.robot_supervisor]: Selected controllable event: EV_random_walk
[robot_supervisor-16] [INFO] [1776439000.460441164] [robot_3.robot_supervisor]: Selected controllable event: EV_random_walk
[robot_supervisor-19] [INFO] [1776439000.605866476] [robot_4.robot_supervisor]: Selected controllable event: EV_random_walk
[robot_supervisor-10] [INFO] [1776439000.641413608] [robot_1.robot_supervisor]: Selected controllable event: EV_move_forward
[robot_supervisor-16] [INFO] [1776439000.760637276] [robot_3.robot_supervisor]: Selected controllable event: EV_move_forward
[robot_supervisor-19] [INFO] [1776439000.905704410] [robot_4.robot_supervisor]: Selected controllable event: EV_move_forward
[robot_supervisor-7] [INFO] [1776439000.928310576] [robot_0.robot_supervisor]: Selected controllable event: EV_rotate_clockwise
[robot_supervisor-7] [INFO] [1776439000.928649609] [robot_0.robot_supervisor]: rotate_90 blocked by recent completion; stopping this tick
[robot_supervisor-10] [INFO] [1776439000.941326360] [robot_1.robot_supervisor]: Selected controllable event: EV_random_walk
[robot_supervisor-7] [INFO] [1776439001.028452641] [robot_0.robot_supervisor]: Selected controllable event: EV_rotate_clockwise
[robot_supervisor-7] [INFO] [1776439001.029015509] [robot_0.robot_supervisor]: rotate_90 blocked by recent completion; stopping this tick
[robot_supervisor-16] [INFO] [1776439001.060666678] [robot_3.robot_supervisor]: Selected controllable event: EV_random_walk
[robot_supervisor-7] [INFO] [1776439001.128715527] [robot_0.robot_supervisor]: Selected controllable event: EV_rotate_clockwise
[robot_supervisor-7] [INFO] [1776439001.129314134] [robot_0.robot_supervisor]: rotate_90 blocked by recent completion; stopping this tick
[robot_supervisor-19] [INFO] [1776439001.205986000] [robot_4.robot_supervisor]: Selected controllable event: EV_random_walk
[robot_supervisor-7] [INFO] [1776439001.228703821] [robot_0.robot_supervisor]: Selected controllable event: EV_rotate_clockwise
[robot_supervisor-10] [INFO] [1776439001.241389915] [robot_1.robot_supervisor]: Selected controllable event: EV_move_forward
[robot_supervisor-13] [INFO] [1776439001.268139297] [robot_2.robot_supervisor]: Selected controllable event: EV_rotate_clockwise
[robot_supervisor-13] [INFO] [1776439001.268408984] [robot_2.robot_supervisor]: rotate_90 blocked by recent completion; stopping this tick
[robot_supervisor-16] [INFO] [1776439001.360391714] [robot_3.robot_supervisor]: Selected controllable event: EV_move_forward
[robot_supervisor-13] [INFO] [1776439001.368295739] [robot_2.robot_supervisor]: Selected controllable event: EV_rotate_clockwise
[robot_supervisor-13] [INFO] [1776439001.368841280] [robot_2.robot_supervisor]: rotate_90 blocked by recent completion; stopping this tick
[image_processor-24] [INFO] [1776439001.418442877] [robot_3.image_processor]: Zone=CLEAR
[image_processor-22] [INFO] [1776439001.428739669] [robot_1.image_processor]: Zone=CORNER  left[p=0.513 near=4321 v=7650]  front[p=0.515 near=8941 v=13500]  right[p=1.295 near=0 v=7740]
[robot_supervisor-10] [INFO] [1776439001.429695238] [robot_1.robot_supervisor]: Detected zone changed to CORNER
[image_processor-21] [INFO] [1776439001.446674216] [robot_0.image_processor]: Zone=CORNER  left[p=0.596 near=7645 v=7645]  front[p=0.668 near=7135 v=13145]  right[p=0.400 near=7740 v=7740]
[robot_supervisor-7] [INFO] [1776439001.447274362] [robot_0.robot_supervisor]: Detected zone changed to CORNER
[image_processor-25] [INFO] [1776439001.462419517] [robot_4.image_processor]: Zone=CLEAR
[robot_supervisor-13] [INFO] [1776439001.468253849] [robot_2.robot_supervisor]: Selected controllable event: EV_rotate_clockwise
[robot_supervisor-19] [INFO] [1776439001.506102378] [robot_4.robot_supervisor]: Selected controllable event: EV_move_forward
[image_processor-23] [INFO] [1776439001.507369953] [robot_2.image_processor]: Zone=CLEAR  left[p=1.771 near=0 v=7650]  front[p=3.059 near=0 v=13500]  right[p=2.366 near=0 v=7740]
[robot_supervisor-13] [INFO] [1776439001.508042411] [robot_2.robot_supervisor]: Detected zone changed to CLEAR
[robot_supervisor-10] [INFO] [1776439001.541797359] [robot_1.robot_supervisor]: Selected controllable event: EV_rotate_clockwise
[robot_supervisor-16] [INFO] [1776439001.660296198] [robot_3.robot_supervisor]: Selected controllable event: EV_random_walk
[robot_supervisor-19] [INFO] [1776439001.805908264] [robot_4.robot_supervisor]: Selected controllable event: EV_random_walk
[robot_supervisor-16] [INFO] [1776439001.960342334] [robot_3.robot_supervisor]: Selected controllable event: EV_move_forward
[robot_supervisor-19] [INFO] [1776439002.105777918] [robot_4.robot_supervisor]: Selected controllable event: EV_move_forward
[robot_supervisor-16] [INFO] [1776439002.260624131] [robot_3.robot_supervisor]: Selected controllable event: EV_random_walk
[robot_supervisor-19] [INFO] [1776439002.406040648] [robot_4.robot_supervisor]: Selected controllable event: EV_random_walk
[robot_supervisor-16] [INFO] [1776439002.560751089] [robot_3.robot_supervisor]: Selected controllable event: EV_move_forward
[robot_supervisor-19] [INFO] [1776439002.705636603] [robot_4.robot_supervisor]: Selected controllable event: EV_move_forward
[robot_supervisor-16] [INFO] [1776439002.860656847] [robot_3.robot_supervisor]: Selected controllable event: EV_random_walk
[robot_supervisor-19] [INFO] [1776439003.005940856] [robot_4.robot_supervisor]: Selected controllable event: EV_random_walk
[robot_supervisor-16] [INFO] [1776439003.160402529] [robot_3.robot_supervisor]: Selected controllable event: EV_move_forward
[robot_supervisor-19] [INFO] [1776439003.305962444] [robot_4.robot_supervisor]: Selected controllable event: EV_move_forward
[robot_supervisor-7] [INFO] [1776439003.428209326] [robot_0.robot_supervisor]: Selected controllable event: EV_rotate_clockwise
[robot_supervisor-7] [INFO] [1776439003.428536701] [robot_0.robot_supervisor]: rotate_90 blocked by recent completion; stopping this tick
[robot_supervisor-16] [INFO] [1776439003.460758641] [robot_3.robot_supervisor]: Selected controllable event: EV_random_walk
[robot_supervisor-7] [INFO] [1776439003.528374117] [robot_0.robot_supervisor]: Selected controllable event: EV_rotate_clockwise
[robot_supervisor-7] [INFO] [1776439003.528765418] [robot_0.robot_supervisor]: rotate_90 blocked by recent completion; stopping this tick
[robot_supervisor-13] [INFO] [1776439003.568239456] [robot_2.robot_supervisor]: Selected controllable event: EV_rotate_clockwise
[robot_supervisor-13] [INFO] [1776439003.568587607] [robot_2.robot_supervisor]: rotate_90 blocked by recent completion; stopping this tick
[robot_supervisor-19] [INFO] [1776439003.605696927] [robot_4.robot_supervisor]: Selected controllable event: EV_random_walk
[robot_supervisor-7] [INFO] [1776439003.628436043] [robot_0.robot_supervisor]: Selected controllable event: EV_rotate_clockwise
[robot_supervisor-10] [INFO] [1776439003.641091376] [robot_1.robot_supervisor]: Selected controllable event: EV_rotate_clockwise
[robot_supervisor-10] [INFO] [1776439003.641428728] [robot_1.robot_supervisor]: rotate_90 blocked by recent completion; stopping this tick
[robot_supervisor-13] [INFO] [1776439003.668192954] [robot_2.robot_supervisor]: Selected controllable event: EV_random_walk
[robot_supervisor-10] [INFO] [1776439003.741357827] [robot_1.robot_supervisor]: Selected controllable event: EV_rotate_clockwise
[robot_supervisor-10] [INFO] [1776439003.741871982] [robot_1.robot_supervisor]: rotate_90 blocked by recent completion; stopping this tick
[robot_supervisor-16] [INFO] [1776439003.760749358] [robot_3.robot_supervisor]: Selected controllable event: EV_move_forward
[robot_supervisor-10] [INFO] [1776439003.841132014] [robot_1.robot_supervisor]: Selected controllable event: EV_rotate_clockwise
[robot_supervisor-10] [INFO] [1776439003.841449852] [robot_1.robot_supervisor]: rotate_90 blocked by recent completion; stopping this tick
[robot_supervisor-19] [INFO] [1776439003.905673289] [robot_4.robot_supervisor]: Selected controllable event: EV_move_forward
[image_processor-23] [INFO] [1776439003.911884818] [robot_2.image_processor]: Zone=CLEAR
[image_processor-24] [INFO] [1776439003.924779912] [robot_3.image_processor]: Zone=CORNER  left[p=0.345 near=7650 v=7650]  front[p=0.361 near=13500 v=13500]  right[p=0.383 near=7740 v=7740]
[robot_supervisor-16] [INFO] [1776439003.925833995] [robot_3.robot_supervisor]: Detected zone changed to CORNER
[robot_supervisor-10] [INFO] [1776439003.941151804] [robot_1.robot_supervisor]: Selected controllable event: EV_rotate_clockwise
[image_processor-22] [INFO] [1776439003.947861963] [robot_1.image_processor]: Zone=CLEAR  left[p=1.001 near=0 v=7650]  front[p=1.719 near=0 v=9541]  right[p=2.995 near=0 v=4987]
[robot_supervisor-10] [INFO] [1776439003.948506119] [robot_1.robot_supervisor]: Detected zone changed to CLEAR
[image_processor-21] [INFO] [1776439003.960259214] [robot_0.image_processor]: Zone=CORNER
[robot_supervisor-13] [INFO] [1776439003.968313799] [robot_2.robot_supervisor]: Selected controllable event: EV_move_forward
[image_processor-25] [INFO] [1776439003.972752190] [robot_4.image_processor]: Zone=CLEAR
[robot_supervisor-16] [INFO] [1776439004.060634983] [robot_3.robot_supervisor]: Selected controllable event: EV_rotate_clockwise
[robot_supervisor-19] [INFO] [1776439004.205795776] [robot_4.robot_supervisor]: Selected controllable event: EV_random_walk
[robot_supervisor-13] [INFO] [1776439004.268177645] [robot_2.robot_supervisor]: Selected controllable event: EV_random_walk
[robot_supervisor-19] [INFO] [1776439004.505786758] [robot_4.robot_supervisor]: Selected controllable event: EV_move_forward
[robot_supervisor-13] [INFO] [1776439004.568295068] [robot_2.robot_supervisor]: Selected controllable event: EV_move_forward
[robot_supervisor-19] [INFO] [1776439004.806318839] [robot_4.robot_supervisor]: Selected controllable event: EV_random_walk
[robot_supervisor-13] [INFO] [1776439004.868280684] [robot_2.robot_supervisor]: Selected controllable event: EV_random_walk
[robot_supervisor-19] [INFO] [1776439005.105837482] [robot_4.robot_supervisor]: Selected controllable event: EV_move_forward
[robot_supervisor-13] [INFO] [1776439005.168111963] [robot_2.robot_supervisor]: Selected controllable event: EV_move_forward
[robot_supervisor-19] [INFO] [1776439005.405687864] [robot_4.robot_supervisor]: Selected controllable event: EV_random_walk
[robot_supervisor-13] [INFO] [1776439005.468267069] [robot_2.robot_supervisor]: Selected controllable event: EV_random_walk
[robot_supervisor-19] [INFO] [1776439005.705676214] [robot_4.robot_supervisor]: Selected controllable event: EV_move_forward
[robot_supervisor-7] [INFO] [1776439005.728746843] [robot_0.robot_supervisor]: Selected controllable event: EV_rotate_clockwise
[robot_supervisor-7] [INFO] [1776439005.729265217] [robot_0.robot_supervisor]: rotate_90 blocked by recent completion; stopping this tick
[robot_supervisor-13] [INFO] [1776439005.768094181] [robot_2.robot_supervisor]: Selected controllable event: EV_move_forward
[robot_supervisor-7] [INFO] [1776439005.828674514] [robot_0.robot_supervisor]: Selected controllable event: EV_rotate_clockwise
[robot_supervisor-7] [INFO] [1776439005.829189826] [robot_0.robot_supervisor]: rotate_90 blocked by recent completion; stopping this tick
[robot_supervisor-7] [INFO] [1776439005.928454323] [robot_0.robot_supervisor]: Selected controllable event: EV_rotate_clockwise
[robot_supervisor-7] [INFO] [1776439005.929043711] [robot_0.robot_supervisor]: rotate_90 blocked by recent completion; stopping this tick
[robot_supervisor-19] [INFO] [1776439006.005547114] [robot_4.robot_supervisor]: Selected controllable event: EV_random_walk
[robot_supervisor-7] [INFO] [1776439006.028393913] [robot_0.robot_supervisor]: Selected controllable event: EV_rotate_clockwise
[robot_supervisor-10] [INFO] [1776439006.041531257] [robot_1.robot_supervisor]: Selected controllable event: EV_rotate_clockwise
[robot_supervisor-10] [INFO] [1776439006.041872327] [robot_1.robot_supervisor]: rotate_90 blocked by recent completion; stopping this tick
[robot_supervisor-13] [INFO] [1776439006.068070274] [robot_2.robot_supervisor]: Selected controllable event: EV_random_walk
[robot_supervisor-10] [INFO] [1776439006.141211178] [robot_1.robot_supervisor]: Selected controllable event: EV_random_walk
[robot_supervisor-16] [INFO] [1776439006.260691713] [robot_3.robot_supervisor]: Selected controllable event: EV_rotate_clockwise
[robot_supervisor-16] [INFO] [1776439006.261054227] [robot_3.robot_supervisor]: rotate_90 blocked by recent completion; stopping this tick
[robot_supervisor-19] [INFO] [1776439006.305585939] [robot_4.robot_supervisor]: Selected controllable event: EV_move_forward
[robot_supervisor-16] [INFO] [1776439006.360365268] [robot_3.robot_supervisor]: Selected controllable event: EV_rotate_clockwise
[robot_supervisor-16] [INFO] [1776439006.360717673] [robot_3.robot_supervisor]: rotate_90 blocked by recent completion; stopping this tick
[robot_supervisor-13] [INFO] [1776439006.368050641] [robot_2.robot_supervisor]: Selected controllable event: EV_move_forward
[image_processor-23] [INFO] [1776439006.410626447] [robot_2.image_processor]: Zone=CLEAR
[image_processor-24] [INFO] [1776439006.423017524] [robot_3.image_processor]: Zone=CORNER
[image_processor-22] [INFO] [1776439006.435281042] [robot_1.image_processor]: Zone=CLEAR
[robot_supervisor-10] [INFO] [1776439006.441253667] [robot_1.robot_supervisor]: Selected controllable event: EV_move_forward
[image_processor-21] [INFO] [1776439006.446009099] [robot_0.image_processor]: Zone=CLEAR  left[p=1.120 near=0 v=7650]  front[p=1.586 near=0 v=13500]  right[p=1.004 near=0 v=7740]
[robot_supervisor-7] [INFO] [1776439006.446768062] [robot_0.robot_supervisor]: Detected zone changed to CLEAR
[robot_supervisor-16] [INFO] [1776439006.460391880] [robot_3.robot_supervisor]: Selected controllable event: EV_rotate_clockwise
[image_processor-25] [INFO] [1776439006.460475973] [robot_4.image_processor]: Zone=CORNER  left[p=0.848 near=171 v=7650]  front[p=0.497 near=12903 v=13500]  right[p=0.392 near=7740 v=7740]
[robot_supervisor-19] [INFO] [1776439006.461455833] [robot_4.robot_supervisor]: Detected zone changed to CORNER
[robot_supervisor-19] [INFO] [1776439006.605606900] [robot_4.robot_supervisor]: Selected controllable event: EV_rotate_clockwise
[robot_supervisor-13] [INFO] [1776439006.668187234] [robot_2.robot_supervisor]: Selected controllable event: EV_random_walk
[robot_supervisor-10] [INFO] [1776439006.741474752] [robot_1.robot_supervisor]: Selected controllable event: EV_random_walk
[robot_supervisor-13] [INFO] [1776439006.968192378] [robot_2.robot_supervisor]: Selected controllable event: EV_move_forward
[robot_supervisor-10] [INFO] [1776439007.041818192] [robot_1.robot_supervisor]: Selected controllable event: EV_move_forward
[robot_supervisor-13] [INFO] [1776439007.268261020] [robot_2.robot_supervisor]: Selected controllable event: EV_random_walk
[robot_supervisor-10] [INFO] [1776439007.341644927] [robot_1.robot_supervisor]: Selected controllable event: EV_random_walk
[robot_supervisor-13] [INFO] [1776439007.568209274] [robot_2.robot_supervisor]: Selected controllable event: EV_move_forward
[robot_supervisor-10] [INFO] [1776439007.641398628] [robot_1.robot_supervisor]: Selected controllable event: EV_move_forward
[robot_supervisor-13] [INFO] [1776439007.868250069] [robot_2.robot_supervisor]: Selected controllable event: EV_random_walk
[robot_supervisor-10] [INFO] [1776439007.941076106] [robot_1.robot_supervisor]: Selected controllable event: EV_random_walk
[robot_supervisor-7] [INFO] [1776439008.128733537] [robot_0.robot_supervisor]: Selected controllable event: EV_rotate_clockwise
[robot_supervisor-7] [INFO] [1776439008.129233669] [robot_0.robot_supervisor]: rotate_90 blocked by recent completion; stopping this tick
[robot_supervisor-13] [INFO] [1776439008.168469366] [robot_2.robot_supervisor]: Selected controllable event: EV_move_forward
[robot_supervisor-7] [INFO] [1776439008.228475448] [robot_0.robot_supervisor]: Selected controllable event: EV_random_walk
[robot_supervisor-10] [INFO] [1776439008.241032024] [robot_1.robot_supervisor]: Selected controllable event: EV_move_forward
[robot_supervisor-13] [INFO] [1776439008.468523944] [robot_2.robot_supervisor]: Selected controllable event: EV_random_walk
[robot_supervisor-7] [INFO] [1776439008.528741341] [robot_0.robot_supervisor]: Selected controllable event: EV_move_forward
[robot_supervisor-10] [INFO] [1776439008.541321236] [robot_1.robot_supervisor]: Selected controllable event: EV_random_walk
[robot_supervisor-16] [INFO] [1776439008.560507649] [robot_3.robot_supervisor]: Selected controllable event: EV_rotate_clockwise
[robot_supervisor-16] [INFO] [1776439008.560924512] [robot_3.robot_supervisor]: rotate_90 blocked by recent completion; stopping this tick
[robot_supervisor-16] [INFO] [1776439008.660239451] [robot_3.robot_supervisor]: Selected controllable event: EV_rotate_clockwise
[robot_supervisor-16] [INFO] [1776439008.660538800] [robot_3.robot_supervisor]: rotate_90 blocked by recent completion; stopping this tick
[robot_supervisor-16] [INFO] [1776439008.760611476] [robot_3.robot_supervisor]: Selected controllable event: EV_rotate_clockwise
[robot_supervisor-16] [INFO] [1776439008.761074442] [robot_3.robot_supervisor]: rotate_90 blocked by recent completion; stopping this tick
[robot_supervisor-13] [INFO] [1776439008.768390265] [robot_2.robot_supervisor]: Selected controllable event: EV_move_forward
[robot_supervisor-19] [INFO] [1776439008.805668763] [robot_4.robot_supervisor]: Selected controllable event: EV_rotate_clockwise
[robot_supervisor-19] [INFO] [1776439008.806000790] [robot_4.robot_supervisor]: rotate_90 blocked by recent completion; stopping this tick
[robot_supervisor-7] [INFO] [1776439008.828795002] [robot_0.robot_supervisor]: Selected controllable event: EV_random_walk
[robot_supervisor-10] [INFO] [1776439008.841146433] [robot_1.robot_supervisor]: Selected controllable event: EV_move_forward
[robot_supervisor-16] [INFO] [1776439008.860940559] [robot_3.robot_supervisor]: Selected controllable event: EV_rotate_clockwise
[robot_supervisor-19] [INFO] [1776439008.905726554] [robot_4.robot_supervisor]: Selected controllable event: EV_rotate_clockwise
[robot_supervisor-19] [INFO] [1776439008.906066358] [robot_4.robot_supervisor]: rotate_90 blocked by recent completion; stopping this tick
[image_processor-23] [INFO] [1776439008.911145152] [robot_2.image_processor]: Zone=CLEAR
[image_processor-24] [INFO] [1776439008.927895730] [robot_3.image_processor]: Zone=CLEAR  left[p=2.994 near=0 v=5058]  front[p=1.365 near=0 v=8371]  right[p=1.152 near=0 v=7740]
[robot_supervisor-16] [INFO] [1776439008.928907261] [robot_3.robot_supervisor]: Detected zone changed to CLEAR
[image_processor-22] [INFO] [1776439008.937364604] [robot_1.image_processor]: Zone=CLEAR
[image_processor-21] [INFO] [1776439008.952085693] [robot_0.image_processor]: Zone=CLEAR
[image_processor-25] [INFO] [1776439008.964719535] [robot_4.image_processor]: Zone=LEFT  left[p=0.403 near=2220 v=6809]  front[p=3.245 near=0 v=9802]  right[p=3.178 near=0 v=5687]
[robot_supervisor-19] [INFO] [1776439008.965389609] [robot_4.robot_supervisor]: Detected zone changed to LEFT
[robot_supervisor-19] [INFO] [1776439009.005624036] [robot_4.robot_supervisor]: Selected controllable event: EV_rotate_clockwise
[robot_supervisor-13] [INFO] [1776439009.068391614] [robot_2.robot_supervisor]: Selected controllable event: EV_random_walk
[robot_supervisor-7] [INFO] [1776439009.128408346] [robot_0.robot_supervisor]: Selected controllable event: EV_move_forward
[robot_supervisor-10] [INFO] [1776439009.141193326] [robot_1.robot_supervisor]: Selected controllable event: EV_random_walk
[robot_supervisor-13] [INFO] [1776439009.368454930] [robot_2.robot_supervisor]: Selected controllable event: EV_move_forward
[robot_supervisor-7] [INFO] [1776439009.428297638] [robot_0.robot_supervisor]: Selected controllable event: EV_random_walk
[robot_supervisor-10] [INFO] [1776439009.441206683] [robot_1.robot_supervisor]: Selected controllable event: EV_move_forward
[robot_supervisor-13] [INFO] [1776439009.668750208] [robot_2.robot_supervisor]: Selected controllable event: EV_random_walk
[robot_supervisor-7] [INFO] [1776439009.728941186] [robot_0.robot_supervisor]: Selected controllable event: EV_move_forward
[robot_supervisor-10] [INFO] [1776439009.741124110] [robot_1.robot_supervisor]: Selected controllable event: EV_random_walk
[robot_supervisor-13] [INFO] [1776439009.968505092] [robot_2.robot_supervisor]: Selected controllable event: EV_move_forward
[robot_supervisor-7] [INFO] [1776439010.028246689] [robot_0.robot_supervisor]: Selected controllable event: EV_random_walk
[robot_supervisor-10] [INFO] [1776439010.041254664] [robot_1.robot_supervisor]: Selected controllable event: EV_move_forward
[robot_supervisor-13] [INFO] [1776439010.268193144] [robot_2.robot_supervisor]: Selected controllable event: EV_random_walk
[robot_supervisor-7] [INFO] [1776439010.328685202] [robot_0.robot_supervisor]: Selected controllable event: EV_move_forward
[robot_supervisor-10] [INFO] [1776439010.341477637] [robot_1.robot_supervisor]: Selected controllable event: EV_random_walk
[robot_supervisor-13] [INFO] [1776439010.568213363] [robot_2.robot_supervisor]: Selected controllable event: EV_move_forward
[robot_supervisor-7] [INFO] [1776439010.628154878] [robot_0.robot_supervisor]: Selected controllable event: EV_random_walk
[robot_supervisor-10] [INFO] [1776439010.641888850] [robot_1.robot_supervisor]: Selected controllable event: EV_move_forward
[robot_supervisor-13] [INFO] [1776439010.868131691] [robot_2.robot_supervisor]: Selected controllable event: EV_random_walk
[robot_supervisor-7] [INFO] [1776439010.929290150] [robot_0.robot_supervisor]: Selected controllable event: EV_move_forward
[robot_supervisor-10] [INFO] [1776439010.941361753] [robot_1.robot_supervisor]: Selected controllable event: EV_random_walk
[robot_supervisor-16] [INFO] [1776439010.960406291] [robot_3.robot_supervisor]: Selected controllable event: EV_rotate_clockwise
[robot_supervisor-16] [INFO] [1776439010.960989533] [robot_3.robot_supervisor]: rotate_90 blocked by recent completion; stopping this tick
[robot_supervisor-16] [INFO] [1776439011.060768527] [robot_3.robot_supervisor]: Selected controllable event: EV_random_walk
[robot_supervisor-13] [INFO] [1776439011.168486112] [robot_2.robot_supervisor]: Selected controllable event: EV_move_forward
[robot_supervisor-19] [INFO] [1776439011.205644321] [robot_4.robot_supervisor]: Selected controllable event: EV_rotate_clockwise
[robot_supervisor-19] [INFO] [1776439011.205954620] [robot_4.robot_supervisor]: rotate_90 blocked by recent completion; stopping this tick
[robot_supervisor-7] [INFO] [1776439011.228695765] [robot_0.robot_supervisor]: Selected controllable event: EV_random_walk
[robot_supervisor-10] [INFO] [1776439011.241330260] [robot_1.robot_supervisor]: Selected controllable event: EV_move_forward
[robot_supervisor-19] [INFO] [1776439011.305693166] [robot_4.robot_supervisor]: Selected controllable event: EV_rotate_clockwise
[robot_supervisor-19] [INFO] [1776439011.306068100] [robot_4.robot_supervisor]: rotate_90 blocked by recent completion; stopping this tick
[robot_supervisor-16] [INFO] [1776439011.360330915] [robot_3.robot_supervisor]: Selected controllable event: EV_move_forward
[robot_supervisor-19] [INFO] [1776439011.405975453] [robot_4.robot_supervisor]: Selected controllable event: EV_rotate_clockwise
[image_processor-23] [INFO] [1776439011.409661596] [robot_2.image_processor]: Zone=CLEAR
[image_processor-24] [INFO] [1776439011.420667574] [robot_3.image_processor]: Zone=RIGHT  left[p=1.238 near=0 v=7650]  front[p=0.786 near=1401 v=12662]  right[p=0.387 near=7740 v=7740]
[robot_supervisor-16] [INFO] [1776439011.421393426] [robot_3.robot_supervisor]: Detected zone changed to RIGHT
[image_processor-22] [INFO] [1776439011.429500358] [robot_1.image_processor]: Zone=CLEAR
[image_processor-21] [INFO] [1776439011.455013607] [robot_0.image_processor]: Zone=CLEAR
[robot_supervisor-13] [INFO] [1776439011.468805354] [robot_2.robot_supervisor]: Selected controllable event: EV_random_walk
[image_processor-25] [INFO] [1776439011.474263289] [robot_4.image_processor]: Zone=LEFT
[robot_supervisor-7] [INFO] [1776439011.528506388] [robot_0.robot_supervisor]: Selected controllable event: EV_move_forward
[robot_supervisor-10] [INFO] [1776439011.541029064] [robot_1.robot_supervisor]: Selected controllable event: EV_random_walk
[robot_supervisor-16] [INFO] [1776439011.660371991] [robot_3.robot_supervisor]: Selected controllable event: EV_rotate_counterclockwise
[robot_supervisor-13] [INFO] [1776439011.768471153] [robot_2.robot_supervisor]: Selected controllable event: EV_move_forward
[robot_supervisor-7] [INFO] [1776439011.828653725] [robot_0.robot_supervisor]: Selected controllable event: EV_random_walk
[robot_supervisor-10] [INFO] [1776439011.840960320] [robot_1.robot_supervisor]: Selected controllable event: EV_move_forward
[robot_supervisor-13] [INFO] [1776439012.068187444] [robot_2.robot_supervisor]: Selected controllable event: EV_random_walk
[robot_supervisor-7] [INFO] [1776439012.128528406] [robot_0.robot_supervisor]: Selected controllable event: EV_move_forward
[robot_supervisor-10] [INFO] [1776439012.141092362] [robot_1.robot_supervisor]: Selected controllable event: EV_random_walk
[robot_supervisor-13] [INFO] [1776439012.368402103] [robot_2.robot_supervisor]: Selected controllable event: EV_move_forward
[robot_supervisor-7] [INFO] [1776439012.428510281] [robot_0.robot_supervisor]: Selected controllable event: EV_random_walk
[robot_supervisor-10] [INFO] [1776439012.441253648] [robot_1.robot_supervisor]: Selected controllable event: EV_move_forward
[robot_supervisor-13] [INFO] [1776439012.668208127] [robot_2.robot_supervisor]: Selected controllable event: EV_random_walk
[robot_supervisor-7] [INFO] [1776439012.728377534] [robot_0.robot_supervisor]: Selected controllable event: EV_move_forward
[robot_supervisor-10] [INFO] [1776439012.740991162] [robot_1.robot_supervisor]: Selected controllable event: EV_random_walk
[robot_supervisor-13] [INFO] [1776439012.968208987] [robot_2.robot_supervisor]: Selected controllable event: EV_move_forward
[robot_supervisor-7] [INFO] [1776439013.028237928] [robot_0.robot_supervisor]: Selected controllable event: EV_random_walk
[robot_supervisor-10] [INFO] [1776439013.041153581] [robot_1.robot_supervisor]: Selected controllable event: EV_move_forward
[robot_supervisor-13] [INFO] [1776439013.268351224] [robot_2.robot_supervisor]: Selected controllable event: EV_random_walk
[robot_supervisor-7] [INFO] [1776439013.328235303] [robot_0.robot_supervisor]: Selected controllable event: EV_move_forward
[robot_supervisor-10] [INFO] [1776439013.341613117] [robot_1.robot_supervisor]: Selected controllable event: EV_random_walk
[robot_supervisor-13] [INFO] [1776439013.568264556] [robot_2.robot_supervisor]: Selected controllable event: EV_move_forward
[robot_supervisor-19] [INFO] [1776439013.605948022] [robot_4.robot_supervisor]: Selected controllable event: EV_rotate_clockwise
[robot_supervisor-19] [INFO] [1776439013.606441291] [robot_4.robot_supervisor]: rotate_90 blocked by recent completion; stopping this tick
[robot_supervisor-7] [INFO] [1776439013.628722179] [robot_0.robot_supervisor]: Selected controllable event: EV_random_walk
[robot_supervisor-10] [INFO] [1776439013.641112458] [robot_1.robot_supervisor]: Selected controllable event: EV_move_forward
[robot_supervisor-19] [INFO] [1776439013.705648349] [robot_4.robot_supervisor]: Selected controllable event: EV_rotate_clockwise
[robot_supervisor-19] [INFO] [1776439013.705979791] [robot_4.robot_supervisor]: rotate_90 blocked by recent completion; stopping this tick
[robot_supervisor-19] [INFO] [1776439013.806180244] [robot_4.robot_supervisor]: Selected controllable event: EV_rotate_clockwise
[robot_supervisor-16] [INFO] [1776439013.860716359] [robot_3.robot_supervisor]: Selected controllable event: EV_rotate_counterclockwise
[robot_supervisor-16] [INFO] [1776439013.861174039] [robot_3.robot_supervisor]: rotate_90 blocked by recent completion; stopping this tick
[robot_supervisor-13] [INFO] [1776439013.868317758] [robot_2.robot_supervisor]: Selected controllable event: EV_random_walk
[image_processor-23] [INFO] [1776439013.909350417] [robot_2.image_processor]: Zone=CLEAR
[robot_supervisor-7] [INFO] [1776439013.928489176] [robot_0.robot_supervisor]: Selected controllable event: EV_move_forward
[image_processor-24] [INFO] [1776439013.936588814] [robot_3.image_processor]: Zone=RIGHT
[robot_supervisor-10] [INFO] [1776439013.941079045] [robot_1.robot_supervisor]: Selected controllable event: EV_random_walk
[image_processor-22] [INFO] [1776439013.947305815] [robot_1.image_processor]: Zone=CLEAR
[robot_supervisor-16] [INFO] [1776439013.960643896] [robot_3.robot_supervisor]: Selected controllable event: EV_rotate_counterclockwise
[robot_supervisor-16] [INFO] [1776439013.961120988] [robot_3.robot_supervisor]: rotate_90 blocked by recent completion; stopping this tick
[image_processor-21] [INFO] [1776439013.968503723] [robot_0.image_processor]: Zone=CLEAR
[image_processor-25] [INFO] [1776439013.981499453] [robot_4.image_processor]: Zone=CLEAR  left[p=2.439 near=0 v=7650]  front[p=1.939 near=0 v=13500]  right[p=1.714 near=0 v=7740]
[robot_supervisor-19] [INFO] [1776439013.982221389] [robot_4.robot_supervisor]: Detected zone changed to CLEAR
[robot_supervisor-16] [INFO] [1776439014.060665672] [robot_3.robot_supervisor]: Selected controllable event: EV_rotate_counterclockwise
[robot_supervisor-13] [INFO] [1776439014.168229049] [robot_2.robot_supervisor]: Selected controllable event: EV_move_forward
[robot_supervisor-7] [INFO] [1776439014.228401091] [robot_0.robot_supervisor]: Selected controllable event: EV_random_walk
[robot_supervisor-10] [INFO] [1776439014.241040180] [robot_1.robot_supervisor]: Selected controllable event: EV_move_forward
[robot_supervisor-13] [INFO] [1776439014.468294431] [robot_2.robot_supervisor]: Selected controllable event: EV_random_walk
[robot_supervisor-7] [INFO] [1776439014.528440223] [robot_0.robot_supervisor]: Selected controllable event: EV_move_forward
[robot_supervisor-10] [INFO] [1776439014.541320707] [robot_1.robot_supervisor]: Selected controllable event: EV_random_walk
[robot_supervisor-13] [INFO] [1776439014.768327702] [robot_2.robot_supervisor]: Selected controllable event: EV_move_forward
[robot_supervisor-7] [INFO] [1776439014.828660039] [robot_0.robot_supervisor]: Selected controllable event: EV_random_walk
[robot_supervisor-10] [INFO] [1776439014.841467560] [robot_1.robot_supervisor]: Selected controllable event: EV_move_forward
[robot_supervisor-13] [INFO] [1776439015.068205778] [robot_2.robot_supervisor]: Selected controllable event: EV_random_walk
[robot_supervisor-7] [INFO] [1776439015.128451072] [robot_0.robot_supervisor]: Selected controllable event: EV_move_forward
[robot_supervisor-10] [INFO] [1776439015.141752639] [robot_1.robot_supervisor]: Selected controllable event: EV_random_walk
[robot_supervisor-13] [INFO] [1776439015.368147364] [robot_2.robot_supervisor]: Selected controllable event: EV_move_forward
[robot_supervisor-7] [INFO] [1776439015.428190661] [robot_0.robot_supervisor]: Selected controllable event: EV_random_walk
[robot_supervisor-10] [INFO] [1776439015.441251579] [robot_1.robot_supervisor]: Selected controllable event: EV_move_forward
[robot_supervisor-13] [INFO] [1776439015.668265352] [robot_2.robot_supervisor]: Selected controllable event: EV_random_walk
[robot_supervisor-7] [INFO] [1776439015.728284103] [robot_0.robot_supervisor]: Selected controllable event: EV_move_forward
[robot_supervisor-10] [INFO] [1776439015.741946864] [robot_1.robot_supervisor]: Selected controllable event: EV_random_walk
[robot_supervisor-13] [INFO] [1776439015.968222214] [robot_2.robot_supervisor]: Selected controllable event: EV_move_forward
[robot_supervisor-19] [INFO] [1776439016.005933654] [robot_4.robot_supervisor]: Selected controllable event: EV_rotate_clockwise
[robot_supervisor-19] [INFO] [1776439016.006433104] [robot_4.robot_supervisor]: rotate_90 blocked by recent completion; stopping this tick
[robot_supervisor-7] [INFO] [1776439016.028390694] [robot_0.robot_supervisor]: Selected controllable event: EV_random_walk
[robot_supervisor-10] [INFO] [1776439016.041906361] [robot_1.robot_supervisor]: Selected controllable event: EV_move_forward
[robot_supervisor-19] [INFO] [1776439016.105908468] [robot_4.robot_supervisor]: Selected controllable event: EV_random_walk
[robot_supervisor-16] [INFO] [1776439016.260505689] [robot_3.robot_supervisor]: Selected controllable event: EV_rotate_counterclockwise
[robot_supervisor-16] [INFO] [1776439016.260996103] [robot_3.robot_supervisor]: rotate_90 blocked by recent completion; stopping this tick
[robot_supervisor-13] [INFO] [1776439016.268277402] [robot_2.robot_supervisor]: Selected controllable event: EV_random_walk
[robot_supervisor-7] [INFO] [1776439016.328432877] [robot_0.robot_supervisor]: Selected controllable event: EV_move_forward
[robot_supervisor-10] [INFO] [1776439016.341476438] [robot_1.robot_supervisor]: Selected controllable event: EV_random_walk
[robot_supervisor-16] [INFO] [1776439016.360451336] [robot_3.robot_supervisor]: Selected controllable event: EV_rotate_counterclockwise
[robot_supervisor-16] [INFO] [1776439016.360847258] [robot_3.robot_supervisor]: rotate_90 blocked by recent completion; stopping this tick
[robot_supervisor-19] [INFO] [1776439016.405714300] [robot_4.robot_supervisor]: Selected controllable event: EV_move_forward
[image_processor-23] [INFO] [1776439016.411732740] [robot_2.image_processor]: Zone=CLEAR
[image_processor-24] [INFO] [1776439016.423987018] [robot_3.image_processor]: Zone=CORNER  left[p=0.507 near=5363 v=7650]  front[p=0.603 near=12232 v=13435]  right[p=0.616 near=5779 v=7181]
[robot_supervisor-16] [INFO] [1776439016.424633168] [robot_3.robot_supervisor]: Detected zone changed to CORNER
[image_processor-22] [INFO] [1776439016.433492289] [robot_1.image_processor]: Zone=CLEAR
[image_processor-21] [INFO] [1776439016.449931379] [robot_0.image_processor]: Zone=CLEAR
[robot_supervisor-16] [INFO] [1776439016.460410558] [robot_3.robot_supervisor]: Selected controllable event: EV_rotate_clockwise
[image_processor-25] [INFO] [1776439016.465153278] [robot_4.image_processor]: Zone=CORNER  left[p=0.515 near=7650 v=7650]  front[p=0.397 near=13500 v=13500]  right[p=0.342 near=7740 v=7740]
[robot_supervisor-19] [INFO] [1776439016.466069221] [robot_4.robot_supervisor]: Detected zone changed to CORNER
[robot_supervisor-13] [INFO] [1776439016.568435938] [robot_2.robot_supervisor]: Selected controllable event: EV_move_forward
[robot_supervisor-7] [INFO] [1776439016.628456623] [robot_0.robot_supervisor]: Selected controllable event: EV_random_walk
[robot_supervisor-10] [INFO] [1776439016.640916714] [robot_1.robot_supervisor]: Selected controllable event: EV_move_forward
[robot_supervisor-19] [INFO] [1776439016.705930409] [robot_4.robot_supervisor]: Selected controllable event: EV_rotate_clockwise
[robot_supervisor-13] [INFO] [1776439016.868487844] [robot_2.robot_supervisor]: Selected controllable event: EV_random_walk
[robot_supervisor-7] [INFO] [1776439016.928450079] [robot_0.robot_supervisor]: Selected controllable event: EV_move_forward
[robot_supervisor-10] [INFO] [1776439016.941072381] [robot_1.robot_supervisor]: Selected controllable event: EV_random_walk
[robot_supervisor-13] [INFO] [1776439017.168745667] [robot_2.robot_supervisor]: Selected controllable event: EV_move_forward
[robot_supervisor-7] [INFO] [1776439017.228388569] [robot_0.robot_supervisor]: Selected controllable event: EV_random_walk
[robot_supervisor-10] [INFO] [1776439017.241285934] [robot_1.robot_supervisor]: Selected controllable event: EV_move_forward
[robot_supervisor-13] [INFO] [1776439017.468228584] [robot_2.robot_supervisor]: Selected controllable event: EV_random_walk
[robot_supervisor-7] [INFO] [1776439017.528357796] [robot_0.robot_supervisor]: Selected controllable event: EV_move_forward
[robot_supervisor-10] [INFO] [1776439017.541011878] [robot_1.robot_supervisor]: Selected controllable event: EV_random_walk
[robot_supervisor-13] [INFO] [1776439017.768167743] [robot_2.robot_supervisor]: Selected controllable event: EV_move_forward
[robot_supervisor-7] [INFO] [1776439017.828310102] [robot_0.robot_supervisor]: Selected controllable event: EV_random_walk
[robot_supervisor-10] [INFO] [1776439017.841145073] [robot_1.robot_supervisor]: Selected controllable event: EV_move_forward
[robot_supervisor-13] [INFO] [1776439018.068080750] [robot_2.robot_supervisor]: Selected controllable event: EV_random_walk
[robot_supervisor-7] [INFO] [1776439018.128363613] [robot_0.robot_supervisor]: Selected controllable event: EV_move_forward
[robot_supervisor-10] [INFO] [1776439018.141324589] [robot_1.robot_supervisor]: Selected controllable event: EV_random_walk
[robot_supervisor-13] [INFO] [1776439018.368394519] [robot_2.robot_supervisor]: Selected controllable event: EV_move_forward
[robot_supervisor-7] [INFO] [1776439018.428470158] [robot_0.robot_supervisor]: Selected controllable event: EV_random_walk
[robot_supervisor-10] [INFO] [1776439018.441120143] [robot_1.robot_supervisor]: Selected controllable event: EV_move_forward
[robot_supervisor-16] [INFO] [1776439018.560731466] [robot_3.robot_supervisor]: Selected controllable event: EV_rotate_clockwise
[robot_supervisor-16] [INFO] [1776439018.561315314] [robot_3.robot_supervisor]: rotate_90 blocked by recent completion; stopping this tick
[robot_supervisor-16] [INFO] [1776439018.660646553] [robot_3.robot_supervisor]: Selected controllable event: EV_rotate_clockwise
[robot_supervisor-16] [INFO] [1776439018.660976876] [robot_3.robot_supervisor]: rotate_90 blocked by recent completion; stopping this tick
[robot_supervisor-13] [INFO] [1776439018.668089778] [robot_2.robot_supervisor]: Selected controllable event: EV_random_walk
[robot_supervisor-7] [INFO] [1776439018.728398259] [robot_0.robot_supervisor]: Selected controllable event: EV_move_forward
[robot_supervisor-10] [INFO] [1776439018.741073746] [robot_1.robot_supervisor]: Selected controllable event: EV_random_walk
[robot_supervisor-16] [INFO] [1776439018.760330313] [robot_3.robot_supervisor]: Selected controllable event: EV_rotate_clockwise
[robot_supervisor-16] [INFO] [1776439018.760644517] [robot_3.robot_supervisor]: rotate_90 blocked by recent completion; stopping this tick
[robot_supervisor-16] [INFO] [1776439018.860592971] [robot_3.robot_supervisor]: Selected controllable event: EV_rotate_clockwise
[robot_supervisor-19] [INFO] [1776439018.905755389] [robot_4.robot_supervisor]: Selected controllable event: EV_rotate_clockwise
[robot_supervisor-19] [INFO] [1776439018.906139289] [robot_4.robot_supervisor]: rotate_90 blocked by recent completion; stopping this tick
[image_processor-23] [INFO] [1776439018.910244699] [robot_2.image_processor]: Zone=CLEAR
[image_processor-24] [INFO] [1776439018.929168826] [robot_3.image_processor]: Zone=CLEAR  left[p=3.241 near=0 v=5108]  front[p=1.334 near=0 v=8652]  right[p=1.112 near=0 v=7740]
[robot_supervisor-16] [INFO] [1776439018.929812164] [robot_3.robot_supervisor]: Detected zone changed to CLEAR
[image_processor-22] [INFO] [1776439018.940065505] [robot_1.image_processor]: Zone=CLEAR
[image_processor-21] [INFO] [1776439018.956311898] [robot_0.image_processor]: Zone=CLEAR
[robot_supervisor-13] [INFO] [1776439018.968286164] [robot_2.robot_supervisor]: Selected controllable event: EV_move_forward
[image_processor-25] [INFO] [1776439018.969996907] [robot_4.image_processor]: Zone=CLEAR  left[p=2.997 near=0 v=6267]  front[p=3.245 near=0 v=9526]  right[p=3.244 near=0 v=5551]
[robot_supervisor-19] [INFO] [1776439018.970873093] [robot_4.robot_supervisor]: Detected zone changed to CLEAR
[robot_supervisor-19] [INFO] [1776439019.005960559] [robot_4.robot_supervisor]: Selected controllable event: EV_rotate_clockwise
[robot_supervisor-19] [INFO] [1776439019.006489824] [robot_4.robot_supervisor]: rotate_90 blocked by recent completion; stopping this tick
[robot_supervisor-7] [INFO] [1776439019.028352062] [robot_0.robot_supervisor]: Selected controllable event: EV_random_walk
[robot_supervisor-10] [INFO] [1776439019.041143393] [robot_1.robot_supervisor]: Selected controllable event: EV_move_forward
[robot_supervisor-19] [INFO] [1776439019.105841195] [robot_4.robot_supervisor]: Selected controllable event: EV_random_walk
[robot_supervisor-13] [INFO] [1776439019.268603415] [robot_2.robot_supervisor]: Selected controllable event: EV_random_walk
[robot_supervisor-7] [INFO] [1776439019.328347870] [robot_0.robot_supervisor]: Selected controllable event: EV_move_forward
[robot_supervisor-10] [INFO] [1776439019.342003258] [robot_1.robot_supervisor]: Selected controllable event: EV_random_walk
[robot_supervisor-19] [INFO] [1776439019.406059413] [robot_4.robot_supervisor]: Selected controllable event: EV_move_forward
[robot_supervisor-13] [INFO] [1776439019.568281080] [robot_2.robot_supervisor]: Selected controllable event: EV_move_forward
[robot_supervisor-7] [INFO] [1776439019.628378830] [robot_0.robot_supervisor]: Selected controllable event: EV_random_walk
[robot_supervisor-10] [INFO] [1776439019.641644725] [robot_1.robot_supervisor]: Selected controllable event: EV_move_forward
[robot_supervisor-19] [INFO] [1776439019.705920552] [robot_4.robot_supervisor]: Selected controllable event: EV_random_walk
[robot_supervisor-13] [INFO] [1776439019.868439374] [robot_2.robot_supervisor]: Selected controllable event: EV_random_walk
[robot_supervisor-7] [INFO] [1776439019.928140779] [robot_0.robot_supervisor]: Selected controllable event: EV_move_forward
[robot_supervisor-10] [INFO] [1776439019.941244266] [robot_1.robot_supervisor]: Selected controllable event: EV_random_walk
[robot_supervisor-19] [INFO] [1776439020.005931052] [robot_4.robot_supervisor]: Selected controllable event: EV_move_forward
[robot_supervisor-13] [INFO] [1776439020.168262282] [robot_2.robot_supervisor]: Selected controllable event: EV_move_forward
[robot_supervisor-7] [INFO] [1776439020.228341527] [robot_0.robot_supervisor]: Selected controllable event: EV_random_walk
[robot_supervisor-10] [INFO] [1776439020.241115851] [robot_1.robot_supervisor]: Selected controllable event: EV_move_forward
[robot_supervisor-19] [INFO] [1776439020.305596121] [robot_4.robot_supervisor]: Selected controllable event: EV_random_walk
[robot_supervisor-13] [INFO] [1776439020.468528219] [robot_2.robot_supervisor]: Selected controllable event: EV_random_walk
[robot_supervisor-7] [INFO] [1776439020.528223605] [robot_0.robot_supervisor]: Selected controllable event: EV_move_forward
[robot_supervisor-10] [INFO] [1776439020.541252333] [robot_1.robot_supervisor]: Selected controllable event: EV_random_walk
[robot_supervisor-19] [INFO] [1776439020.605632470] [robot_4.robot_supervisor]: Selected controllable event: EV_move_forward
[robot_supervisor-13] [INFO] [1776439020.768523218] [robot_2.robot_supervisor]: Selected controllable event: EV_move_forward
[robot_supervisor-7] [INFO] [1776439020.828436738] [robot_0.robot_supervisor]: Selected controllable event: EV_random_walk
[robot_supervisor-10] [INFO] [1776439020.841350395] [robot_1.robot_supervisor]: Selected controllable event: EV_move_forward
[robot_supervisor-19] [INFO] [1776439020.905913160] [robot_4.robot_supervisor]: Selected controllable event: EV_random_walk
[robot_supervisor-16] [INFO] [1776439020.960696581] [robot_3.robot_supervisor]: Selected controllable event: EV_rotate_clockwise
[robot_supervisor-16] [INFO] [1776439020.961172914] [robot_3.robot_supervisor]: rotate_90 blocked by recent completion; stopping this tick
[robot_supervisor-16] [INFO] [1776439021.060574024] [robot_3.robot_supervisor]: Selected controllable event: EV_random_walk
[robot_supervisor-13] [INFO] [1776439021.068401767] [robot_2.robot_supervisor]: Selected controllable event: EV_random_walk
[robot_supervisor-7] [INFO] [1776439021.128469368] [robot_0.robot_supervisor]: Selected controllable event: EV_move_forward
[robot_supervisor-10] [INFO] [1776439021.141010788] [robot_1.robot_supervisor]: Selected controllable event: EV_random_walk
[robot_supervisor-19] [INFO] [1776439021.205657135] [robot_4.robot_supervisor]: Selected controllable event: EV_move_forward
[robot_supervisor-16] [INFO] [1776439021.360665791] [robot_3.robot_supervisor]: Selected controllable event: EV_move_forward
[robot_supervisor-13] [INFO] [1776439021.368126811] [robot_2.robot_supervisor]: Selected controllable event: EV_move_forward
[image_processor-23] [INFO] [1776439021.409866897] [robot_2.image_processor]: Zone=LEFT  left[p=0.500 near=7650 v=7650]  front[p=0.676 near=4107 v=13500]  right[p=2.857 near=0 v=7740]
[robot_supervisor-13] [INFO] [1776439021.410677443] [robot_2.robot_supervisor]: Detected zone changed to LEFT
[image_processor-24] [INFO] [1776439021.420197360] [robot_3.image_processor]: Zone=RIGHT  left[p=1.198 near=0 v=7645]  front[p=0.716 near=2124 v=12740]  right[p=0.358 near=7740 v=7740]
[robot_supervisor-16] [INFO] [1776439021.421004149] [robot_3.robot_supervisor]: Detected zone changed to RIGHT
[robot_supervisor-7] [INFO] [1776439021.428432046] [robot_0.robot_supervisor]: Selected controllable event: EV_random_walk
[image_processor-22] [INFO] [1776439021.429250487] [robot_1.image_processor]: Zone=CLEAR
[robot_supervisor-10] [INFO] [1776439021.441186322] [robot_1.robot_supervisor]: Selected controllable event: EV_move_forward
[image_processor-21] [INFO] [1776439021.447040276] [robot_0.image_processor]: Zone=CLEAR
[image_processor-25] [INFO] [1776439021.460208951] [robot_4.image_processor]: Zone=CLEAR
[robot_supervisor-19] [INFO] [1776439021.505633678] [robot_4.robot_supervisor]: Selected controllable event: EV_random_walk
[robot_supervisor-16] [INFO] [1776439021.660365982] [robot_3.robot_supervisor]: Selected controllable event: EV_rotate_counterclockwise
[robot_supervisor-13] [INFO] [1776439021.668243975] [robot_2.robot_supervisor]: Selected controllable event: EV_rotate_clockwise
[robot_supervisor-7] [INFO] [1776439021.728384996] [robot_0.robot_supervisor]: Selected controllable event: EV_move_forward
[robot_supervisor-10] [INFO] [1776439021.741306895] [robot_1.robot_supervisor]: Selected controllable event: EV_random_walk
[robot_supervisor-19] [INFO] [1776439021.806185163] [robot_4.robot_supervisor]: Selected controllable event: EV_move_forward
[robot_supervisor-7] [INFO] [1776439022.028375868] [robot_0.robot_supervisor]: Selected controllable event: EV_random_walk
[robot_supervisor-10] [INFO] [1776439022.041273721] [robot_1.robot_supervisor]: Selected controllable event: EV_move_forward
[robot_supervisor-19] [INFO] [1776439022.105861417] [robot_4.robot_supervisor]: Selected controllable event: EV_random_walk
[robot_supervisor-7] [INFO] [1776439022.328211411] [robot_0.robot_supervisor]: Selected controllable event: EV_move_forward
[robot_supervisor-10] [INFO] [1776439022.341091463] [robot_1.robot_supervisor]: Selected controllable event: EV_random_walk
[robot_supervisor-19] [INFO] [1776439022.405662972] [robot_4.robot_supervisor]: Selected controllable event: EV_move_forward
[robot_supervisor-7] [INFO] [1776439022.628286732] [robot_0.robot_supervisor]: Selected controllable event: EV_random_walk
[robot_supervisor-10] [INFO] [1776439022.641887550] [robot_1.robot_supervisor]: Selected controllable event: EV_move_forward
[robot_supervisor-19] [INFO] [1776439022.705667382] [robot_4.robot_supervisor]: Selected controllable event: EV_random_walk
[robot_supervisor-7] [INFO] [1776439022.928524647] [robot_0.robot_supervisor]: Selected controllable event: EV_move_forward
[robot_supervisor-10] [INFO] [1776439022.941390178] [robot_1.robot_supervisor]: Selected controllable event: EV_random_walk
[robot_supervisor-19] [INFO] [1776439023.005923470] [robot_4.robot_supervisor]: Selected controllable event: EV_move_forward
[robot_supervisor-7] [INFO] [1776439023.228256686] [robot_0.robot_supervisor]: Selected controllable event: EV_random_walk
[robot_supervisor-10] [INFO] [1776439023.241227710] [robot_1.robot_supervisor]: Selected controllable event: EV_move_forward
[robot_supervisor-19] [INFO] [1776439023.305810061] [robot_4.robot_supervisor]: Selected controllable event: EV_random_walk
[robot_supervisor-7] [INFO] [1776439023.528151318] [robot_0.robot_supervisor]: Selected controllable event: EV_move_forward
[robot_supervisor-10] [INFO] [1776439023.541499289] [robot_1.robot_supervisor]: Selected controllable event: EV_random_walk
[robot_supervisor-19] [INFO] [1776439023.605946736] [robot_4.robot_supervisor]: Selected controllable event: EV_move_forward
[robot_supervisor-7] [INFO] [1776439023.828321603] [robot_0.robot_supervisor]: Selected controllable event: EV_random_walk
[robot_supervisor-10] [INFO] [1776439023.841408102] [robot_1.robot_supervisor]: Selected controllable event: EV_move_forward
[robot_supervisor-16] [INFO] [1776439023.860258754] [robot_3.robot_supervisor]: Selected controllable event: EV_rotate_counterclockwise
[robot_supervisor-16] [INFO] [1776439023.860505199] [robot_3.robot_supervisor]: rotate_90 blocked by recent completion; stopping this tick
[robot_supervisor-13] [INFO] [1776439023.868543053] [robot_2.robot_supervisor]: Selected controllable event: EV_rotate_clockwise
[robot_supervisor-13] [INFO] [1776439023.869255743] [robot_2.robot_supervisor]: rotate_90 blocked by recent completion; stopping this tick
[robot_supervisor-19] [INFO] [1776439023.905630148] [robot_4.robot_supervisor]: Selected controllable event: EV_random_walk
[image_processor-23] [INFO] [1776439023.913633497] [robot_2.image_processor]: Zone=LEFT
[image_processor-24] [INFO] [1776439023.936770599] [robot_3.image_processor]: Zone=RIGHT
[image_processor-22] [INFO] [1776439023.948393832] [robot_1.image_processor]: Zone=CORNER  left[p=0.320 near=7650 v=7650]  front[p=0.435 near=11836 v=13500]  right[p=1.038 near=0 v=7740]
[robot_supervisor-10] [INFO] [1776439023.949200628] [robot_1.robot_supervisor]: Detected zone changed to CORNER
[robot_supervisor-16] [INFO] [1776439023.960534353] [robot_3.robot_supervisor]: Selected controllable event: EV_rotate_counterclockwise
[robot_supervisor-16] [INFO] [1776439023.960889610] [robot_3.robot_supervisor]: rotate_90 blocked by recent completion; stopping this tick
[image_processor-21] [INFO] [1776439023.966835300] [robot_0.image_processor]: Zone=CLEAR
[robot_supervisor-13] [INFO] [1776439023.968303079] [robot_2.robot_supervisor]: Selected controllable event: EV_rotate_clockwise
[robot_supervisor-13] [INFO] [1776439023.968693229] [robot_2.robot_supervisor]: rotate_90 blocked by recent completion; stopping this tick
[image_processor-25] [INFO] [1776439023.980434023] [robot_4.image_processor]: Zone=CLEAR
[robot_supervisor-16] [INFO] [1776439024.060754844] [robot_3.robot_supervisor]: Selected controllable event: EV_rotate_counterclockwise
[robot_supervisor-13] [INFO] [1776439024.069106118] [robot_2.robot_supervisor]: Selected controllable event: EV_rotate_clockwise
[robot_supervisor-7] [INFO] [1776439024.128264573] [robot_0.robot_supervisor]: Selected controllable event: EV_move_forward
[robot_supervisor-10] [INFO] [1776439024.141630798] [robot_1.robot_supervisor]: Selected controllable event: EV_rotate_clockwise
[robot_supervisor-19] [INFO] [1776439024.205939713] [robot_4.robot_supervisor]: Selected controllable event: EV_move_forward
[robot_supervisor-7] [INFO] [1776439024.428402887] [robot_0.robot_supervisor]: Selected controllable event: EV_random_walk
[robot_supervisor-19] [INFO] [1776439024.505705254] [robot_4.robot_supervisor]: Selected controllable event: EV_random_walk
[robot_supervisor-7] [INFO] [1776439024.728281488] [robot_0.robot_supervisor]: Selected controllable event: EV_move_forward
[robot_supervisor-19] [INFO] [1776439024.805931006] [robot_4.robot_supervisor]: Selected controllable event: EV_move_forward
[robot_supervisor-7] [INFO] [1776439025.028397089] [robot_0.robot_supervisor]: Selected controllable event: EV_random_walk
[robot_supervisor-19] [INFO] [1776439025.105911557] [robot_4.robot_supervisor]: Selected controllable event: EV_random_walk
[robot_supervisor-7] [INFO] [1776439025.328190398] [robot_0.robot_supervisor]: Selected controllable event: EV_move_forward
[robot_supervisor-19] [INFO] [1776439025.405972356] [robot_4.robot_supervisor]: Selected controllable event: EV_move_forward
[robot_supervisor-7] [INFO] [1776439025.628470473] [robot_0.robot_supervisor]: Selected controllable event: EV_random_walk
[robot_supervisor-19] [INFO] [1776439025.705631875] [robot_4.robot_supervisor]: Selected controllable event: EV_random_walk
[robot_supervisor-7] [INFO] [1776439025.928410926] [robot_0.robot_supervisor]: Selected controllable event: EV_move_forward
[robot_supervisor-19] [INFO] [1776439026.005852745] [robot_4.robot_supervisor]: Selected controllable event: EV_move_forward
[robot_supervisor-7] [INFO] [1776439026.228402443] [robot_0.robot_supervisor]: Selected controllable event: EV_random_walk
[robot_supervisor-10] [INFO] [1776439026.241368491] [robot_1.robot_supervisor]: Selected controllable event: EV_rotate_clockwise
[robot_supervisor-10] [INFO] [1776439026.241881460] [robot_1.robot_supervisor]: rotate_90 blocked by recent completion; stopping this tick
[robot_supervisor-16] [INFO] [1776439026.260409104] [robot_3.robot_supervisor]: Selected controllable event: EV_rotate_counterclockwise
[robot_supervisor-16] [INFO] [1776439026.260743410] [robot_3.robot_supervisor]: rotate_90 blocked by recent completion; stopping this tick
[robot_supervisor-13] [INFO] [1776439026.268422687] [robot_2.robot_supervisor]: Selected controllable event: EV_rotate_clockwise
[robot_supervisor-13] [INFO] [1776439026.268887854] [robot_2.robot_supervisor]: rotate_90 blocked by recent completion; stopping this tick
[robot_supervisor-19] [INFO] [1776439026.305866885] [robot_4.robot_supervisor]: Selected controllable event: EV_random_walk
[robot_supervisor-10] [INFO] [1776439026.341861109] [robot_1.robot_supervisor]: Selected controllable event: EV_rotate_clockwise
[robot_supervisor-10] [INFO] [1776439026.342282449] [robot_1.robot_supervisor]: rotate_90 blocked by recent completion; stopping this tick
[robot_supervisor-16] [INFO] [1776439026.360412510] [robot_3.robot_supervisor]: Selected controllable event: EV_rotate_counterclockwise
[robot_supervisor-16] [INFO] [1776439026.360789196] [robot_3.robot_supervisor]: rotate_90 blocked by recent completion; stopping this tick
[robot_supervisor-13] [INFO] [1776439026.368244850] [robot_2.robot_supervisor]: Selected controllable event: EV_rotate_clockwise
[robot_supervisor-13] [INFO] [1776439026.368612230] [robot_2.robot_supervisor]: rotate_90 blocked by recent completion; stopping this tick
[image_processor-23] [INFO] [1776439026.413098667] [robot_2.image_processor]: Zone=CLEAR  left[p=3.241 near=0 v=5541]  front[p=3.241 near=0 v=9508]  right[p=2.090 near=0 v=7330]
[robot_supervisor-13] [INFO] [1776439026.413816366] [robot_2.robot_supervisor]: Detected zone changed to CLEAR
[image_processor-24] [INFO] [1776439026.425026990] [robot_3.image_processor]: Zone=CORNER  left[p=0.487 near=5589 v=7650]  front[p=0.760 near=4991 v=12299]  right[p=0.804 near=566 v=6484]
[robot_supervisor-16] [INFO] [1776439026.425828443] [robot_3.robot_supervisor]: Detected zone changed to CORNER
[robot_supervisor-10] [INFO] [1776439026.441360055] [robot_1.robot_supervisor]: Selected controllable event: EV_rotate_clockwise
[robot_supervisor-10] [INFO] [1776439026.441825182] [robot_1.robot_supervisor]: rotate_90 blocked by recent completion; stopping this tick
[image_processor-21] [INFO] [1776439026.451172091] [robot_0.image_processor]: Zone=CLEAR
[robot_supervisor-16] [INFO] [1776439026.460829594] [robot_3.robot_supervisor]: Selected controllable event: EV_rotate_clockwise
[image_processor-25] [INFO] [1776439026.465135102] [robot_4.image_processor]: Zone=CLEAR
[robot_supervisor-13] [INFO] [1776439026.468204459] [robot_2.robot_supervisor]: Selected controllable event: EV_rotate_clockwise
[robot_supervisor-7] [INFO] [1776439026.529550540] [robot_0.robot_supervisor]: Selected controllable event: EV_move_forward
[image_processor-22] [INFO] [1776439026.536434723] [robot_1.image_processor]: Zone=CLEAR  left[p=0.846 near=0 v=7650]  front[p=0.926 near=0 v=13500]  right[p=1.062 near=0 v=7740]
[robot_supervisor-10] [INFO] [1776439026.537446799] [robot_1.robot_supervisor]: Detected zone changed to CLEAR
[robot_supervisor-10] [INFO] [1776439026.541194603] [robot_1.robot_supervisor]: Selected controllable event: EV_rotate_clockwise
[robot_supervisor-19] [INFO] [1776439026.605895732] [robot_4.robot_supervisor]: Selected controllable event: EV_move_forward
[robot_supervisor-7] [INFO] [1776439026.828042561] [robot_0.robot_supervisor]: Selected controllable event: EV_random_walk
[robot_supervisor-19] [INFO] [1776439026.905969339] [robot_4.robot_supervisor]: Selected controllable event: EV_random_walk
[robot_supervisor-7] [INFO] [1776439027.128213206] [robot_0.robot_supervisor]: Selected controllable event: EV_move_forward
[robot_supervisor-19] [INFO] [1776439027.205643975] [robot_4.robot_supervisor]: Selected controllable event: EV_move_forward
[robot_supervisor-7] [INFO] [1776439027.428181145] [robot_0.robot_supervisor]: Selected controllable event: EV_random_walk
[robot_supervisor-19] [INFO] [1776439027.505726082] [robot_4.robot_supervisor]: Selected controllable event: EV_random_walk
[robot_supervisor-7] [INFO] [1776439027.728149697] [robot_0.robot_supervisor]: Selected controllable event: EV_move_forward
[robot_supervisor-19] [INFO] [1776439027.805718900] [robot_4.robot_supervisor]: Selected controllable event: EV_move_forward
[robot_supervisor-7] [INFO] [1776439028.028431707] [robot_0.robot_supervisor]: Selected controllable event: EV_random_walk
[robot_supervisor-19] [INFO] [1776439028.105923896] [robot_4.robot_supervisor]: Selected controllable event: EV_random_walk
[robot_supervisor-7] [INFO] [1776439028.328041149] [robot_0.robot_supervisor]: Selected controllable event: EV_move_forward
[robot_supervisor-19] [INFO] [1776439028.405899498] [robot_4.robot_supervisor]: Selected controllable event: EV_move_forward
[bump_counter-3] [INFO] [1776439028.412371680] [bump_counter]: [global] bump #1 (robot) with: robot_0<->robot_4
[robot_supervisor-13] [INFO] [1776439028.568662970] [robot_2.robot_supervisor]: Selected controllable event: EV_random_walk
[robot_supervisor-7] [INFO] [1776439028.628426194] [robot_0.robot_supervisor]: Selected controllable event: EV_random_walk
[robot_supervisor-10] [INFO] [1776439028.641067567] [robot_1.robot_supervisor]: Selected controllable event: EV_random_walk
[robot_supervisor-16] [INFO] [1776439028.660432203] [robot_3.robot_supervisor]: Selected controllable event: EV_rotate_clockwise
[robot_supervisor-16] [INFO] [1776439028.660821998] [robot_3.robot_supervisor]: rotate_90 blocked by recent completion; stopping this tick
[robot_supervisor-19] [INFO] [1776439028.705927289] [robot_4.robot_supervisor]: Selected controllable event: EV_random_walk
[robot_supervisor-16] [INFO] [1776439028.760581358] [robot_3.robot_supervisor]: Selected controllable event: EV_rotate_clockwise
[robot_supervisor-16] [INFO] [1776439028.761080572] [robot_3.robot_supervisor]: rotate_90 blocked by recent completion; stopping this tick
[robot_supervisor-16] [INFO] [1776439028.860402615] [robot_3.robot_supervisor]: Selected controllable event: EV_rotate_clockwise
[robot_supervisor-13] [INFO] [1776439028.868144010] [robot_2.robot_supervisor]: Selected controllable event: EV_move_forward
[image_processor-23] [INFO] [1776439028.911974665] [robot_2.image_processor]: Zone=CORNER  left[p=1.631 near=0 v=7650]  front[p=0.575 near=4668 v=13500]  right[p=0.419 near=7740 v=7740]
[robot_supervisor-13] [INFO] [1776439028.912780328] [robot_2.robot_supervisor]: Detected zone changed to CORNER
[robot_supervisor-7] [INFO] [1776439028.928249948] [robot_0.robot_supervisor]: Selected controllable event: EV_move_forward
[image_processor-24] [INFO] [1776439028.932893114] [robot_3.image_processor]: Zone=CLEAR  left[p=2.994 near=0 v=5039]  front[p=1.281 near=0 v=9443]  right[p=1.065 near=0 v=7740]
[robot_supervisor-16] [INFO] [1776439028.934212093] [robot_3.robot_supervisor]: Detected zone changed to CLEAR
[robot_supervisor-10] [INFO] [1776439028.941185294] [robot_1.robot_supervisor]: Selected controllable event: EV_move_forward
[image_processor-22] [INFO] [1776439028.948777903] [robot_1.image_processor]: Zone=CLEAR
[image_processor-21] [INFO] [1776439028.966670847] [robot_0.image_processor]: Zone=CLEAR
[image_processor-25] [INFO] [1776439028.978390350] [robot_4.image_processor]: Zone=RIGHT  left[p=3.236 near=0 v=7650]  front[p=1.989 near=703 v=11693]  right[p=0.375 near=882 v=6626]
[robot_supervisor-19] [INFO] [1776439028.979321795] [robot_4.robot_supervisor]: Detected zone changed to RIGHT
[robot_supervisor-19] [INFO] [1776439029.005857304] [robot_4.robot_supervisor]: Selected controllable event: EV_rotate_counterclockwise
[robot_supervisor-13] [INFO] [1776439029.168180716] [robot_2.robot_supervisor]: Selected controllable event: EV_rotate_clockwise
[robot_supervisor-7] [INFO] [1776439029.228689232] [robot_0.robot_supervisor]: Selected controllable event: EV_random_walk
[robot_supervisor-10] [INFO] [1776439029.241171656] [robot_1.robot_supervisor]: Selected controllable event: EV_random_walk
[robot_supervisor-7] [INFO] [1776439029.528383685] [robot_0.robot_supervisor]: Selected controllable event: EV_move_forward
[robot_supervisor-10] [INFO] [1776439029.541405911] [robot_1.robot_supervisor]: Selected controllable event: EV_move_forward
[robot_supervisor-7] [INFO] [1776439029.828432647] [robot_0.robot_supervisor]: Selected controllable event: EV_random_walk
[robot_supervisor-10] [INFO] [1776439029.841689257] [robot_1.robot_supervisor]: Selected controllable event: EV_random_walk
[robot_supervisor-7] [INFO] [1776439030.128219282] [robot_0.robot_supervisor]: Selected controllable event: EV_move_forward
[robot_supervisor-10] [INFO] [1776439030.141309505] [robot_1.robot_supervisor]: Selected controllable event: EV_move_forward
[robot_supervisor-7] [INFO] [1776439030.428230587] [robot_0.robot_supervisor]: Selected controllable event: EV_random_walk
[robot_supervisor-10] [INFO] [1776439030.441265292] [robot_1.robot_supervisor]: Selected controllable event: EV_random_walk
[robot_supervisor-7] [INFO] [1776439030.728383010] [robot_0.robot_supervisor]: Selected controllable event: EV_move_forward
[robot_supervisor-10] [INFO] [1776439030.741267189] [robot_1.robot_supervisor]: Selected controllable event: EV_move_forward
[robot_supervisor-16] [INFO] [1776439030.960404355] [robot_3.robot_supervisor]: Selected controllable event: EV_rotate_clockwise
[robot_supervisor-16] [INFO] [1776439030.960757591] [robot_3.robot_supervisor]: rotate_90 blocked by recent completion; stopping this tick
[robot_supervisor-7] [INFO] [1776439031.028231968] [robot_0.robot_supervisor]: Selected controllable event: EV_random_walk
[robot_supervisor-10] [INFO] [1776439031.041252457] [robot_1.robot_supervisor]: Selected controllable event: EV_random_walk
[robot_supervisor-16] [INFO] [1776439031.060479047] [robot_3.robot_supervisor]: Selected controllable event: EV_random_walk
[robot_supervisor-19] [INFO] [1776439031.205818080] [robot_4.robot_supervisor]: Selected controllable event: EV_rotate_counterclockwise
[robot_supervisor-19] [INFO] [1776439031.206293879] [robot_4.robot_supervisor]: rotate_90 blocked by recent completion; stopping this tick
[robot_supervisor-13] [INFO] [1776439031.268596879] [robot_2.robot_supervisor]: Selected controllable event: EV_rotate_clockwise
[robot_supervisor-13] [INFO] [1776439031.269089339] [robot_2.robot_supervisor]: rotate_90 blocked by recent completion; stopping this tick
[robot_supervisor-19] [INFO] [1776439031.305719886] [robot_4.robot_supervisor]: Selected controllable event: EV_rotate_counterclockwise
[robot_supervisor-19] [INFO] [1776439031.306082324] [robot_4.robot_supervisor]: rotate_90 blocked by recent completion; stopping this tick
[robot_supervisor-7] [INFO] [1776439031.328183935] [robot_0.robot_supervisor]: Selected controllable event: EV_move_forward
[robot_supervisor-10] [INFO] [1776439031.341477882] [robot_1.robot_supervisor]: Selected controllable event: EV_move_forward
[robot_supervisor-16] [INFO] [1776439031.360485343] [robot_3.robot_supervisor]: Selected controllable event: EV_move_forward
[robot_supervisor-13] [INFO] [1776439031.368104951] [robot_2.robot_supervisor]: Selected controllable event: EV_rotate_clockwise
[robot_supervisor-13] [INFO] [1776439031.368381168] [robot_2.robot_supervisor]: rotate_90 blocked by recent completion; stopping this tick
[robot_supervisor-19] [INFO] [1776439031.405978954] [robot_4.robot_supervisor]: Selected controllable event: EV_rotate_counterclockwise
[image_processor-23] [INFO] [1776439031.409921519] [robot_2.image_processor]: Zone=CORNER
[image_processor-24] [INFO] [1776439031.421555176] [robot_3.image_processor]: Zone=RIGHT  left[p=1.133 near=0 v=7650]  front[p=0.724 near=2010 v=12787]  right[p=0.349 near=7740 v=7740]
[robot_supervisor-16] [INFO] [1776439031.422446414] [robot_3.robot_supervisor]: Detected zone changed to RIGHT
[image_processor-22] [INFO] [1776439031.437615740] [robot_1.image_processor]: Zone=CLEAR
[image_processor-21] [INFO] [1776439031.454226436] [robot_0.image_processor]: Zone=CLEAR
[image_processor-25] [INFO] [1776439031.467294009] [robot_4.image_processor]: Zone=RIGHT
[robot_supervisor-13] [INFO] [1776439031.468259447] [robot_2.robot_supervisor]: Selected controllable event: EV_rotate_clockwise
[robot_supervisor-13] [INFO] [1776439031.468638635] [robot_2.robot_supervisor]: rotate_90 blocked by recent completion; stopping this tick
[robot_supervisor-13] [INFO] [1776439031.568262773] [robot_2.robot_supervisor]: Selected controllable event: EV_rotate_clockwise
[robot_supervisor-7] [INFO] [1776439031.628169706] [robot_0.robot_supervisor]: Selected controllable event: EV_random_walk
[robot_supervisor-10] [INFO] [1776439031.641876327] [robot_1.robot_supervisor]: Selected controllable event: EV_random_walk
[robot_supervisor-16] [INFO] [1776439031.660559168] [robot_3.robot_supervisor]: Selected controllable event: EV_rotate_counterclockwise
[robot_supervisor-7] [INFO] [1776439031.928113495] [robot_0.robot_supervisor]: Selected controllable event: EV_move_forward
[robot_supervisor-10] [INFO] [1776439031.941600766] [robot_1.robot_supervisor]: Selected controllable event: EV_move_forward
[robot_supervisor-7] [INFO] [1776439032.228417942] [robot_0.robot_supervisor]: Selected controllable event: EV_random_walk
[robot_supervisor-10] [INFO] [1776439032.241284313] [robot_1.robot_supervisor]: Selected controllable event: EV_random_walk
[robot_supervisor-7] [INFO] [1776439032.528707289] [robot_0.robot_supervisor]: Selected controllable event: EV_move_forward
[robot_supervisor-10] [INFO] [1776439032.541306674] [robot_1.robot_supervisor]: Selected controllable event: EV_move_forward
[robot_supervisor-7] [INFO] [1776439032.828446427] [robot_0.robot_supervisor]: Selected controllable event: EV_random_walk
[robot_supervisor-10] [INFO] [1776439032.841020193] [robot_1.robot_supervisor]: Selected controllable event: EV_random_walk
[robot_supervisor-7] [INFO] [1776439033.128182275] [robot_0.robot_supervisor]: Selected controllable event: EV_move_forward
[robot_supervisor-10] [INFO] [1776439033.141356115] [robot_1.robot_supervisor]: Selected controllable event: EV_move_forward
[robot_supervisor-7] [INFO] [1776439033.428489819] [robot_0.robot_supervisor]: Selected controllable event: EV_random_walk
[robot_supervisor-10] [INFO] [1776439033.441177070] [robot_1.robot_supervisor]: Selected controllable event: EV_random_walk
[robot_supervisor-19] [INFO] [1776439033.505652530] [robot_4.robot_supervisor]: Selected controllable event: EV_rotate_counterclockwise
[robot_supervisor-19] [INFO] [1776439033.505978165] [robot_4.robot_supervisor]: rotate_90 blocked by recent completion; stopping this tick
[robot_supervisor-19] [INFO] [1776439033.605748686] [robot_4.robot_supervisor]: Selected controllable event: EV_rotate_counterclockwise
[robot_supervisor-19] [INFO] [1776439033.606150697] [robot_4.robot_supervisor]: rotate_90 blocked by recent completion; stopping this tick
[robot_supervisor-13] [INFO] [1776439033.668329740] [robot_2.robot_supervisor]: Selected controllable event: EV_rotate_clockwise
[robot_supervisor-13] [INFO] [1776439033.668754337] [robot_2.robot_supervisor]: rotate_90 blocked by recent completion; stopping this tick
[robot_supervisor-19] [INFO] [1776439033.705711277] [robot_4.robot_supervisor]: Selected controllable event: EV_rotate_counterclockwise
[robot_supervisor-19] [INFO] [1776439033.706156576] [robot_4.robot_supervisor]: rotate_90 blocked by recent completion; stopping this tick
[robot_supervisor-7] [INFO] [1776439033.728220433] [robot_0.robot_supervisor]: Selected controllable event: EV_move_forward
[robot_supervisor-10] [INFO] [1776439033.741068990] [robot_1.robot_supervisor]: Selected controllable event: EV_move_forward
[robot_supervisor-13] [INFO] [1776439033.768104717] [robot_2.robot_supervisor]: Selected controllable event: EV_rotate_clockwise
[robot_supervisor-13] [INFO] [1776439033.768364386] [robot_2.robot_supervisor]: rotate_90 blocked by recent completion; stopping this tick
[robot_supervisor-19] [INFO] [1776439033.805679820] [robot_4.robot_supervisor]: Selected controllable event: EV_rotate_counterclockwise
[robot_supervisor-16] [INFO] [1776439033.860351704] [robot_3.robot_supervisor]: Selected controllable event: EV_rotate_counterclockwise
[robot_supervisor-16] [INFO] [1776439033.860660098] [robot_3.robot_supervisor]: rotate_90 blocked by recent completion; stopping this tick
[robot_supervisor-13] [INFO] [1776439033.868234853] [robot_2.robot_supervisor]: Selected controllable event: EV_rotate_clockwise
[robot_supervisor-13] [INFO] [1776439033.868562407] [robot_2.robot_supervisor]: rotate_90 blocked by recent completion; stopping this tick
[image_processor-23] [INFO] [1776439033.917037460] [robot_2.image_processor]: Zone=CLEAR  left[p=3.532 near=0 v=6777]  front[p=3.241 near=0 v=9510]  right[p=2.295 near=0 v=5227]
[robot_supervisor-13] [INFO] [1776439033.917814385] [robot_2.robot_supervisor]: Detected zone changed to CLEAR
[image_processor-24] [INFO] [1776439033.939445960] [robot_3.image_processor]: Zone=RIGHT
[image_processor-22] [INFO] [1776439033.953830105] [robot_1.image_processor]: Zone=CLEAR
[robot_supervisor-16] [INFO] [1776439033.960378127] [robot_3.robot_supervisor]: Selected controllable event: EV_rotate_counterclockwise
[robot_supervisor-16] [INFO] [1776439033.960701542] [robot_3.robot_supervisor]: rotate_90 blocked by recent completion; stopping this tick
[robot_supervisor-13] [INFO] [1776439033.968244119] [robot_2.robot_supervisor]: Selected controllable event: EV_rotate_clockwise
[image_processor-21] [INFO] [1776439033.968954227] [robot_0.image_processor]: Zone=CLEAR
[image_processor-25] [INFO] [1776439033.982231362] [robot_4.image_processor]: Zone=CLEAR  left[p=3.247 near=0 v=6918]  front[p=1.632 near=0 v=11746]  right[p=1.458 near=0 v=7740]
[robot_supervisor-19] [INFO] [1776439033.983011194] [robot_4.robot_supervisor]: Detected zone changed to CLEAR
[robot_supervisor-7] [INFO] [1776439034.028093072] [robot_0.robot_supervisor]: Selected controllable event: EV_random_walk
[robot_supervisor-10] [INFO] [1776439034.040991620] [robot_1.robot_supervisor]: Selected controllable event: EV_random_walk
[robot_supervisor-16] [INFO] [1776439034.060315656] [robot_3.robot_supervisor]: Selected controllable event: EV_rotate_counterclockwise
[robot_supervisor-7] [INFO] [1776439034.328420816] [robot_0.robot_supervisor]: Selected controllable event: EV_move_forward
[robot_supervisor-10] [INFO] [1776439034.340992209] [robot_1.robot_supervisor]: Selected controllable event: EV_move_forward
[robot_supervisor-10] [INFO] [1776439034.541728095] [robot_1.robot_supervisor]: Selected controllable event: EV_random_walk
[robot_supervisor-7] [INFO] [1776439034.628271928] [robot_0.robot_supervisor]: Selected controllable event: EV_random_walk
[robot_supervisor-10] [INFO] [1776439034.841106347] [robot_1.robot_supervisor]: Selected controllable event: EV_move_forward
[robot_supervisor-7] [INFO] [1776439034.928300585] [robot_0.robot_supervisor]: Selected controllable event: EV_move_forward
[robot_supervisor-10] [INFO] [1776439035.141378986] [robot_1.robot_supervisor]: Selected controllable event: EV_random_walk
[robot_supervisor-7] [INFO] [1776439035.228199167] [robot_0.robot_supervisor]: Selected controllable event: EV_random_walk
[robot_supervisor-10] [INFO] [1776439035.441149556] [robot_1.robot_supervisor]: Selected controllable event: EV_move_forward
[robot_supervisor-7] [INFO] [1776439035.528379521] [robot_0.robot_supervisor]: Selected controllable event: EV_move_forward
[robot_supervisor-10] [INFO] [1776439035.740976386] [robot_1.robot_supervisor]: Selected controllable event: EV_random_walk
[robot_supervisor-7] [INFO] [1776439035.828653201] [robot_0.robot_supervisor]: Selected controllable event: EV_random_walk
[robot_supervisor-19] [INFO] [1776439035.906046503] [robot_4.robot_supervisor]: Selected controllable event: EV_rotate_counterclockwise
[robot_supervisor-19] [INFO] [1776439035.906532612] [robot_4.robot_supervisor]: rotate_90 blocked by recent completion; stopping this tick
[robot_supervisor-19] [INFO] [1776439036.006031806] [robot_4.robot_supervisor]: Selected controllable event: EV_random_walk
[robot_supervisor-10] [INFO] [1776439036.041333662] [robot_1.robot_supervisor]: Selected controllable event: EV_move_forward
[robot_supervisor-7] [INFO] [1776439036.128291545] [robot_0.robot_supervisor]: Selected controllable event: EV_move_forward
[robot_supervisor-13] [INFO] [1776439036.168160910] [robot_2.robot_supervisor]: Selected controllable event: EV_random_walk
[robot_supervisor-16] [INFO] [1776439036.260300419] [robot_3.robot_supervisor]: Selected controllable event: EV_rotate_counterclockwise
[robot_supervisor-16] [INFO] [1776439036.260571191] [robot_3.robot_supervisor]: rotate_90 blocked by recent completion; stopping this tick
[robot_supervisor-19] [INFO] [1776439036.305663034] [robot_4.robot_supervisor]: Selected controllable event: EV_move_forward
[robot_supervisor-10] [INFO] [1776439036.341316942] [robot_1.robot_supervisor]: Selected controllable event: EV_random_walk
[robot_supervisor-16] [INFO] [1776439036.360259761] [robot_3.robot_supervisor]: Selected controllable event: EV_rotate_counterclockwise
[robot_supervisor-16] [INFO] [1776439036.360524298] [robot_3.robot_supervisor]: rotate_90 blocked by recent completion; stopping this tick
[image_processor-23] [INFO] [1776439036.410333144] [robot_2.image_processor]: Zone=CLEAR
[image_processor-24] [INFO] [1776439036.418783208] [robot_3.image_processor]: Zone=LEFT  left[p=0.439 near=6549 v=7650]  front[p=0.889 near=0 v=12258]  right[p=0.931 near=0 v=6490]
[robot_supervisor-16] [INFO] [1776439036.419394817] [robot_3.robot_supervisor]: Detected zone changed to LEFT
[robot_supervisor-7] [INFO] [1776439036.428538128] [robot_0.robot_supervisor]: Selected controllable event: EV_random_walk
[image_processor-22] [INFO] [1776439036.433356423] [robot_1.image_processor]: Zone=CLEAR
[image_processor-21] [INFO] [1776439036.448856814] [robot_0.image_processor]: Zone=CLEAR
[robot_supervisor-16] [INFO] [1776439036.460416137] [robot_3.robot_supervisor]: Selected controllable event: EV_rotate_clockwise
[image_processor-25] [INFO] [1776439036.463170613] [robot_4.image_processor]: Zone=CLEAR
[robot_supervisor-13] [INFO] [1776439036.468104466] [robot_2.robot_supervisor]: Selected controllable event: EV_move_forward
[robot_supervisor-19] [INFO] [1776439036.605897838] [robot_4.robot_supervisor]: Selected controllable event: EV_random_walk
[robot_supervisor-10] [INFO] [1776439036.641515055] [robot_1.robot_supervisor]: Selected controllable event: EV_move_forward
[robot_supervisor-7] [INFO] [1776439036.728459626] [robot_0.robot_supervisor]: Selected controllable event: EV_move_forward
[robot_supervisor-13] [INFO] [1776439036.768070317] [robot_2.robot_supervisor]: Selected controllable event: EV_random_walk
[robot_supervisor-19] [INFO] [1776439036.906054111] [robot_4.robot_supervisor]: Selected controllable event: EV_move_forward
[robot_supervisor-10] [INFO] [1776439036.941468792] [robot_1.robot_supervisor]: Selected controllable event: EV_random_walk
[robot_supervisor-7] [INFO] [1776439037.028433116] [robot_0.robot_supervisor]: Selected controllable event: EV_random_walk
[robot_supervisor-13] [INFO] [1776439037.068142152] [robot_2.robot_supervisor]: Selected controllable event: EV_move_forward
[robot_supervisor-19] [INFO] [1776439037.205937581] [robot_4.robot_supervisor]: Selected controllable event: EV_random_walk
[robot_supervisor-10] [INFO] [1776439037.241221427] [robot_1.robot_supervisor]: Selected controllable event: EV_move_forward
[robot_supervisor-7] [INFO] [1776439037.328248577] [robot_0.robot_supervisor]: Selected controllable event: EV_move_forward
[robot_supervisor-13] [INFO] [1776439037.368288923] [robot_2.robot_supervisor]: Selected controllable event: EV_random_walk
[robot_supervisor-19] [INFO] [1776439037.505891655] [robot_4.robot_supervisor]: Selected controllable event: EV_move_forward
[robot_supervisor-10] [INFO] [1776439037.541129797] [robot_1.robot_supervisor]: Selected controllable event: EV_random_walk
[robot_supervisor-7] [INFO] [1776439037.628174172] [robot_0.robot_supervisor]: Selected controllable event: EV_random_walk
[robot_supervisor-13] [INFO] [1776439037.668167816] [robot_2.robot_supervisor]: Selected controllable event: EV_move_forward
[robot_supervisor-19] [INFO] [1776439037.806141047] [robot_4.robot_supervisor]: Selected controllable event: EV_random_walk
[robot_supervisor-10] [INFO] [1776439037.841017647] [robot_1.robot_supervisor]: Selected controllable event: EV_move_forward
[robot_supervisor-7] [INFO] [1776439037.928451773] [robot_0.robot_supervisor]: Selected controllable event: EV_move_forward
[robot_supervisor-13] [INFO] [1776439037.968210620] [robot_2.robot_supervisor]: Selected controllable event: EV_random_walk
[robot_supervisor-19] [INFO] [1776439038.105939544] [robot_4.robot_supervisor]: Selected controllable event: EV_move_forward
[robot_supervisor-10] [INFO] [1776439038.141142082] [robot_1.robot_supervisor]: Selected controllable event: EV_random_walk
[robot_supervisor-7] [INFO] [1776439038.228407154] [robot_0.robot_supervisor]: Selected controllable event: EV_random_walk
[robot_supervisor-13] [INFO] [1776439038.268478777] [robot_2.robot_supervisor]: Selected controllable event: EV_move_forward
[robot_supervisor-19] [INFO] [1776439038.406002341] [robot_4.robot_supervisor]: Selected controllable event: EV_random_walk
[robot_supervisor-10] [INFO] [1776439038.440999613] [robot_1.robot_supervisor]: Selected controllable event: EV_move_forward
[robot_supervisor-7] [INFO] [1776439038.528171302] [robot_0.robot_supervisor]: Selected controllable event: EV_move_forward
[robot_supervisor-16] [INFO] [1776439038.560612240] [robot_3.robot_supervisor]: Selected controllable event: EV_rotate_clockwise
[robot_supervisor-16] [INFO] [1776439038.561070014] [robot_3.robot_supervisor]: rotate_90 blocked by recent completion; stopping this tick
[robot_supervisor-13] [INFO] [1776439038.568229605] [robot_2.robot_supervisor]: Selected controllable event: EV_random_walk
[robot_supervisor-16] [INFO] [1776439038.660772253] [robot_3.robot_supervisor]: Selected controllable event: EV_rotate_clockwise
[robot_supervisor-16] [INFO] [1776439038.661134840] [robot_3.robot_supervisor]: rotate_90 blocked by recent completion; stopping this tick
[robot_supervisor-19] [INFO] [1776439038.705948142] [robot_4.robot_supervisor]: Selected controllable event: EV_move_forward
[robot_supervisor-10] [INFO] [1776439038.741167746] [robot_1.robot_supervisor]: Selected controllable event: EV_random_walk
[robot_supervisor-16] [INFO] [1776439038.760363829] [robot_3.robot_supervisor]: Selected controllable event: EV_rotate_clockwise
[robot_supervisor-16] [INFO] [1776439038.760764469] [robot_3.robot_supervisor]: rotate_90 blocked by recent completion; stopping this tick
[robot_supervisor-7] [INFO] [1776439038.828496468] [robot_0.robot_supervisor]: Selected controllable event: EV_random_walk
[robot_supervisor-16] [INFO] [1776439038.860375557] [robot_3.robot_supervisor]: Selected controllable event: EV_rotate_clockwise
[robot_supervisor-13] [INFO] [1776439038.868337715] [robot_2.robot_supervisor]: Selected controllable event: EV_move_forward
[image_processor-23] [INFO] [1776439038.908089421] [robot_2.image_processor]: Zone=CLEAR
[image_processor-24] [INFO] [1776439038.931903902] [robot_3.image_processor]: Zone=LEFT
[image_processor-22] [INFO] [1776439038.944836286] [robot_1.image_processor]: Zone=CLEAR
[image_processor-21] [INFO] [1776439038.959342729] [robot_0.image_processor]: Zone=CLEAR
[image_processor-25] [INFO] [1776439038.975590111] [robot_4.image_processor]: Zone=CLEAR
[robot_supervisor-19] [INFO] [1776439039.005871780] [robot_4.robot_supervisor]: Selected controllable event: EV_random_walk
[robot_supervisor-10] [INFO] [1776439039.041129333] [robot_1.robot_supervisor]: Selected controllable event: EV_move_forward
[robot_supervisor-7] [INFO] [1776439039.128297342] [robot_0.robot_supervisor]: Selected controllable event: EV_move_forward
[robot_supervisor-13] [INFO] [1776439039.168400253] [robot_2.robot_supervisor]: Selected controllable event: EV_random_walk
[robot_supervisor-19] [INFO] [1776439039.305950453] [robot_4.robot_supervisor]: Selected controllable event: EV_move_forward
[robot_supervisor-10] [INFO] [1776439039.341321929] [robot_1.robot_supervisor]: Selected controllable event: EV_random_walk
[robot_supervisor-7] [INFO] [1776439039.428559820] [robot_0.robot_supervisor]: Selected controllable event: EV_random_walk
[robot_supervisor-13] [INFO] [1776439039.468212527] [robot_2.robot_supervisor]: Selected controllable event: EV_move_forward
[robot_supervisor-19] [INFO] [1776439039.605933569] [robot_4.robot_supervisor]: Selected controllable event: EV_random_walk
[robot_supervisor-10] [INFO] [1776439039.641319491] [robot_1.robot_supervisor]: Selected controllable event: EV_move_forward
[robot_supervisor-7] [INFO] [1776439039.728446407] [robot_0.robot_supervisor]: Selected controllable event: EV_move_forward
[robot_supervisor-13] [INFO] [1776439039.768280373] [robot_2.robot_supervisor]: Selected controllable event: EV_random_walk
[robot_supervisor-19] [INFO] [1776439039.905738333] [robot_4.robot_supervisor]: Selected controllable event: EV_move_forward
[robot_supervisor-10] [INFO] [1776439039.941212461] [robot_1.robot_supervisor]: Selected controllable event: EV_random_walk
[robot_supervisor-7] [INFO] [1776439040.028369953] [robot_0.robot_supervisor]: Selected controllable event: EV_random_walk
[robot_supervisor-13] [INFO] [1776439040.068482926] [robot_2.robot_supervisor]: Selected controllable event: EV_move_forward
[robot_supervisor-19] [INFO] [1776439040.205698631] [robot_4.robot_supervisor]: Selected controllable event: EV_random_walk
[robot_supervisor-10] [INFO] [1776439040.241345428] [robot_1.robot_supervisor]: Selected controllable event: EV_move_forward
[robot_supervisor-7] [INFO] [1776439040.328129516] [robot_0.robot_supervisor]: Selected controllable event: EV_move_forward
[robot_supervisor-13] [INFO] [1776439040.368257128] [robot_2.robot_supervisor]: Selected controllable event: EV_random_walk
[robot_supervisor-19] [INFO] [1776439040.505839303] [robot_4.robot_supervisor]: Selected controllable event: EV_move_forward
[robot_supervisor-10] [INFO] [1776439040.541535679] [robot_1.robot_supervisor]: Selected controllable event: EV_random_walk
[robot_supervisor-7] [INFO] [1776439040.628219811] [robot_0.robot_supervisor]: Selected controllable event: EV_random_walk
[robot_supervisor-13] [INFO] [1776439040.668398832] [robot_2.robot_supervisor]: Selected controllable event: EV_move_forward
[robot_supervisor-19] [INFO] [1776439040.805959803] [robot_4.robot_supervisor]: Selected controllable event: EV_random_walk
[robot_supervisor-10] [INFO] [1776439040.841285577] [robot_1.robot_supervisor]: Selected controllable event: EV_move_forward
[robot_supervisor-7] [INFO] [1776439040.928203104] [robot_0.robot_supervisor]: Selected controllable event: EV_move_forward
[robot_supervisor-16] [INFO] [1776439040.960504747] [robot_3.robot_supervisor]: Selected controllable event: EV_rotate_clockwise
[robot_supervisor-16] [INFO] [1776439040.960801180] [robot_3.robot_supervisor]: rotate_90 blocked by recent completion; stopping this tick
[robot_supervisor-13] [INFO] [1776439040.968159535] [robot_2.robot_supervisor]: Selected controllable event: EV_random_walk
[robot_supervisor-16] [INFO] [1776439041.060768918] [robot_3.robot_supervisor]: Selected controllable event: EV_rotate_clockwise
[robot_supervisor-16] [INFO] [1776439041.061177819] [robot_3.robot_supervisor]: rotate_90 blocked by recent completion; stopping this tick
[robot_supervisor-19] [INFO] [1776439041.105692448] [robot_4.robot_supervisor]: Selected controllable event: EV_move_forward
[robot_supervisor-10] [INFO] [1776439041.141137809] [robot_1.robot_supervisor]: Selected controllable event: EV_random_walk
[robot_supervisor-16] [INFO] [1776439041.160377204] [robot_3.robot_supervisor]: Selected controllable event: EV_rotate_clockwise
[robot_supervisor-16] [INFO] [1776439041.160694160] [robot_3.robot_supervisor]: rotate_90 blocked by recent completion; stopping this tick
[robot_supervisor-7] [INFO] [1776439041.228816842] [robot_0.robot_supervisor]: Selected controllable event: EV_random_walk
[robot_supervisor-16] [INFO] [1776439041.260423471] [robot_3.robot_supervisor]: Selected controllable event: EV_rotate_clockwise
[robot_supervisor-13] [INFO] [1776439041.268232639] [robot_2.robot_supervisor]: Selected controllable event: EV_move_forward
[robot_supervisor-19] [INFO] [1776439041.405995373] [robot_4.robot_supervisor]: Selected controllable event: EV_random_walk
[image_processor-23] [INFO] [1776439041.409768517] [robot_2.image_processor]: Zone=CLEAR
[image_processor-24] [INFO] [1776439041.423701097] [robot_3.image_processor]: Zone=CORNER  left[p=1.129 near=0 v=7616]  front[p=0.666 near=2637 v=12873]  right[p=0.330 near=7740 v=7740]
[robot_supervisor-16] [INFO] [1776439041.424404369] [robot_3.robot_supervisor]: Detected zone changed to CORNER
[robot_supervisor-10] [INFO] [1776439041.441356986] [robot_1.robot_supervisor]: Selected controllable event: EV_move_forward
[image_processor-22] [INFO] [1776439041.441481367] [robot_1.image_processor]: Zone=CLEAR
[image_processor-21] [INFO] [1776439041.453873438] [robot_0.image_processor]: Zone=CLEAR
[image_processor-25] [INFO] [1776439041.470561812] [robot_4.image_processor]: Zone=CLEAR
[robot_supervisor-7] [INFO] [1776439041.528392418] [robot_0.robot_supervisor]: Selected controllable event: EV_move_forward
[robot_supervisor-13] [INFO] [1776439041.568193166] [robot_2.robot_supervisor]: Selected controllable event: EV_random_walk
[robot_supervisor-19] [INFO] [1776439041.705655365] [robot_4.robot_supervisor]: Selected controllable event: EV_move_forward
[robot_supervisor-10] [INFO] [1776439041.741192558] [robot_1.robot_supervisor]: Selected controllable event: EV_random_walk
[robot_supervisor-7] [INFO] [1776439041.828519872] [robot_0.robot_supervisor]: Selected controllable event: EV_random_walk
[robot_supervisor-13] [INFO] [1776439041.868427936] [robot_2.robot_supervisor]: Selected controllable event: EV_move_forward
[robot_supervisor-19] [INFO] [1776439042.005893221] [robot_4.robot_supervisor]: Selected controllable event: EV_random_walk
[robot_supervisor-10] [INFO] [1776439042.041080168] [robot_1.robot_supervisor]: Selected controllable event: EV_move_forward
[robot_supervisor-7] [INFO] [1776439042.128731859] [robot_0.robot_supervisor]: Selected controllable event: EV_move_forward
[robot_supervisor-13] [INFO] [1776439042.168318137] [robot_2.robot_supervisor]: Selected controllable event: EV_random_walk
[robot_supervisor-19] [INFO] [1776439042.305856659] [robot_4.robot_supervisor]: Selected controllable event: EV_move_forward
[robot_supervisor-10] [INFO] [1776439042.341123677] [robot_1.robot_supervisor]: Selected controllable event: EV_random_walk
[robot_supervisor-7] [INFO] [1776439042.428427657] [robot_0.robot_supervisor]: Selected controllable event: EV_random_walk
[robot_supervisor-13] [INFO] [1776439042.468206673] [robot_2.robot_supervisor]: Selected controllable event: EV_move_forward
[robot_supervisor-19] [INFO] [1776439042.605822566] [robot_4.robot_supervisor]: Selected controllable event: EV_random_walk
[robot_supervisor-10] [INFO] [1776439042.641488296] [robot_1.robot_supervisor]: Selected controllable event: EV_move_forward
[robot_supervisor-7] [INFO] [1776439042.728751476] [robot_0.robot_supervisor]: Selected controllable event: EV_move_forward
[robot_supervisor-13] [INFO] [1776439042.768239656] [robot_2.robot_supervisor]: Selected controllable event: EV_random_walk
[robot_supervisor-19] [INFO] [1776439042.905927810] [robot_4.robot_supervisor]: Selected controllable event: EV_move_forward
[robot_supervisor-10] [INFO] [1776439042.941102880] [robot_1.robot_supervisor]: Selected controllable event: EV_random_walk
[robot_supervisor-7] [INFO] [1776439043.028170576] [robot_0.robot_supervisor]: Selected controllable event: EV_random_walk
[robot_supervisor-13] [INFO] [1776439043.068170901] [robot_2.robot_supervisor]: Selected controllable event: EV_move_forward
[robot_supervisor-19] [INFO] [1776439043.205904645] [robot_4.robot_supervisor]: Selected controllable event: EV_random_walk
[robot_supervisor-10] [INFO] [1776439043.241179199] [robot_1.robot_supervisor]: Selected controllable event: EV_move_forward
[robot_supervisor-7] [INFO] [1776439043.328166586] [robot_0.robot_supervisor]: Selected controllable event: EV_move_forward
[robot_supervisor-13] [INFO] [1776439043.368151036] [robot_2.robot_supervisor]: Selected controllable event: EV_random_walk
[robot_supervisor-16] [INFO] [1776439043.460607748] [robot_3.robot_supervisor]: Selected controllable event: EV_rotate_clockwise
[robot_supervisor-16] [INFO] [1776439043.461052619] [robot_3.robot_supervisor]: rotate_90 blocked by recent completion; stopping this tick
[robot_supervisor-19] [INFO] [1776439043.505660492] [robot_4.robot_supervisor]: Selected controllable event: EV_move_forward
[robot_supervisor-10] [INFO] [1776439043.541891933] [robot_1.robot_supervisor]: Selected controllable event: EV_random_walk
[robot_supervisor-16] [INFO] [1776439043.560615660] [robot_3.robot_supervisor]: Selected controllable event: EV_rotate_clockwise
[robot_supervisor-16] [INFO] [1776439043.560938031] [robot_3.robot_supervisor]: rotate_90 blocked by recent completion; stopping this tick
[robot_supervisor-7] [INFO] [1776439043.628452246] [robot_0.robot_supervisor]: Selected controllable event: EV_random_walk
[robot_supervisor-16] [INFO] [1776439043.660348341] [robot_3.robot_supervisor]: Selected controllable event: EV_rotate_clockwise
[robot_supervisor-13] [INFO] [1776439043.668221945] [robot_2.robot_supervisor]: Selected controllable event: EV_move_forward
[robot_supervisor-19] [INFO] [1776439043.805943684] [robot_4.robot_supervisor]: Selected controllable event: EV_random_walk
[robot_supervisor-10] [INFO] [1776439043.841058452] [robot_1.robot_supervisor]: Selected controllable event: EV_move_forward
[image_processor-23] [INFO] [1776439043.907358967] [robot_2.image_processor]: Zone=CLEAR
[image_processor-24] [INFO] [1776439043.917266202] [robot_3.image_processor]: Zone=CORNER
[robot_supervisor-7] [INFO] [1776439043.928422845] [robot_0.robot_supervisor]: Selected controllable event: EV_move_forward
[image_processor-22] [INFO] [1776439043.932811134] [robot_1.image_processor]: Zone=CLEAR
[image_processor-21] [INFO] [1776439043.942103154] [robot_0.image_processor]: Zone=CLEAR
[image_processor-25] [INFO] [1776439043.956385665] [robot_4.image_processor]: Zone=CLEAR
[robot_supervisor-13] [INFO] [1776439043.968231829] [robot_2.robot_supervisor]: Selected controllable event: EV_random_walk
[robot_supervisor-19] [INFO] [1776439044.105706919] [robot_4.robot_supervisor]: Selected controllable event: EV_move_forward
[robot_supervisor-10] [INFO] [1776439044.141289829] [robot_1.robot_supervisor]: Selected controllable event: EV_random_walk
[robot_supervisor-7] [INFO] [1776439044.228720810] [robot_0.robot_supervisor]: Selected controllable event: EV_random_walk
[robot_supervisor-13] [INFO] [1776439044.268600937] [robot_2.robot_supervisor]: Selected controllable event: EV_move_forward
[robot_supervisor-19] [INFO] [1776439044.405653822] [robot_4.robot_supervisor]: Selected controllable event: EV_random_walk
[robot_supervisor-10] [INFO] [1776439044.441303160] [robot_1.robot_supervisor]: Selected controllable event: EV_move_forward
[robot_supervisor-7] [INFO] [1776439044.528325328] [robot_0.robot_supervisor]: Selected controllable event: EV_move_forward
[robot_supervisor-13] [INFO] [1776439044.568224026] [robot_2.robot_supervisor]: Selected controllable event: EV_random_walk
[robot_supervisor-19] [INFO] [1776439044.705960282] [robot_4.robot_supervisor]: Selected controllable event: EV_move_forward
[robot_supervisor-10] [INFO] [1776439044.741253858] [robot_1.robot_supervisor]: Selected controllable event: EV_random_walk
[robot_supervisor-7] [INFO] [1776439044.828393976] [robot_0.robot_supervisor]: Selected controllable event: EV_random_walk
[robot_supervisor-13] [INFO] [1776439044.868431646] [robot_2.robot_supervisor]: Selected controllable event: EV_move_forward
[robot_supervisor-19] [INFO] [1776439045.005618851] [robot_4.robot_supervisor]: Selected controllable event: EV_random_walk
[robot_supervisor-10] [INFO] [1776439045.041933788] [robot_1.robot_supervisor]: Selected controllable event: EV_move_forward
[robot_supervisor-7] [INFO] [1776439045.128592578] [robot_0.robot_supervisor]: Selected controllable event: EV_move_forward
[robot_supervisor-13] [INFO] [1776439045.168230940] [robot_2.robot_supervisor]: Selected controllable event: EV_random_walk
[robot_supervisor-19] [INFO] [1776439045.305682969] [robot_4.robot_supervisor]: Selected controllable event: EV_move_forward
[robot_supervisor-10] [INFO] [1776439045.341100731] [robot_1.robot_supervisor]: Selected controllable event: EV_random_walk
[robot_supervisor-7] [INFO] [1776439045.428483886] [robot_0.robot_supervisor]: Selected controllable event: EV_random_walk
[robot_supervisor-13] [INFO] [1776439045.468282845] [robot_2.robot_supervisor]: Selected controllable event: EV_move_forward
[robot_supervisor-19] [INFO] [1776439045.605640178] [robot_4.robot_supervisor]: Selected controllable event: EV_random_walk
[robot_supervisor-10] [INFO] [1776439045.641512290] [robot_1.robot_supervisor]: Selected controllable event: EV_move_forward
[robot_supervisor-7] [INFO] [1776439045.728354282] [robot_0.robot_supervisor]: Selected controllable event: EV_move_forward
[robot_supervisor-13] [INFO] [1776439045.768736038] [robot_2.robot_supervisor]: Selected controllable event: EV_random_walk
[robot_supervisor-16] [INFO] [1776439045.860466611] [robot_3.robot_supervisor]: Selected controllable event: EV_rotate_clockwise
[robot_supervisor-16] [INFO] [1776439045.860778158] [robot_3.robot_supervisor]: rotate_90 blocked by recent completion; stopping this tick
[robot_supervisor-19] [INFO] [1776439045.906131875] [robot_4.robot_supervisor]: Selected controllable event: EV_move_forward
[robot_supervisor-10] [INFO] [1776439045.941328020] [robot_1.robot_supervisor]: Selected controllable event: EV_random_walk
[robot_supervisor-16] [INFO] [1776439045.960552462] [robot_3.robot_supervisor]: Selected controllable event: EV_rotate_clockwise
[robot_supervisor-16] [INFO] [1776439045.960921985] [robot_3.robot_supervisor]: rotate_90 blocked by recent completion; stopping this tick
[robot_supervisor-7] [INFO] [1776439046.028327739] [robot_0.robot_supervisor]: Selected controllable event: EV_random_walk
[robot_supervisor-16] [INFO] [1776439046.060451873] [robot_3.robot_supervisor]: Selected controllable event: EV_rotate_clockwise
[robot_supervisor-13] [INFO] [1776439046.068542054] [robot_2.robot_supervisor]: Selected controllable event: EV_move_forward
[robot_supervisor-19] [INFO] [1776439046.205870415] [robot_4.robot_supervisor]: Selected controllable event: EV_random_walk
[robot_supervisor-10] [INFO] [1776439046.241293582] [robot_1.robot_supervisor]: Selected controllable event: EV_move_forward
[robot_supervisor-7] [INFO] [1776439046.328337639] [robot_0.robot_supervisor]: Selected controllable event: EV_move_forward
[robot_supervisor-13] [INFO] [1776439046.368247910] [robot_2.robot_supervisor]: Selected controllable event: EV_random_walk
[image_processor-23] [INFO] [1776439046.406543651] [robot_2.image_processor]: Zone=CLEAR
[image_processor-24] [INFO] [1776439046.417487236] [robot_3.image_processor]: Zone=CLEAR  left[p=0.860 near=60 v=7609]  front[p=0.875 near=0 v=11026]  right[p=3.240 near=0 v=5232]
[robot_supervisor-16] [INFO] [1776439046.418126148] [robot_3.robot_supervisor]: Detected zone changed to CLEAR
[image_processor-22] [INFO] [1776439046.431965260] [robot_1.image_processor]: Zone=CLEAR
[image_processor-21] [INFO] [1776439046.442318819] [robot_0.image_processor]: Zone=CORNER  left[p=0.404 near=7650 v=7650]  front[p=0.457 near=11331 v=13500]  right[p=2.041 near=0 v=7740]
[robot_supervisor-7] [INFO] [1776439046.443090623] [robot_0.robot_supervisor]: Detected zone changed to CORNER
[image_processor-25] [INFO] [1776439046.456476553] [robot_4.image_processor]: Zone=CLEAR
[robot_supervisor-19] [INFO] [1776439046.505837275] [robot_4.robot_supervisor]: Selected controllable event: EV_move_forward
[robot_supervisor-10] [INFO] [1776439046.541254374] [robot_1.robot_supervisor]: Selected controllable event: EV_random_walk
[robot_supervisor-7] [INFO] [1776439046.628380092] [robot_0.robot_supervisor]: Selected controllable event: EV_rotate_clockwise
[robot_supervisor-13] [INFO] [1776439046.668332269] [robot_2.robot_supervisor]: Selected controllable event: EV_move_forward
[robot_supervisor-19] [INFO] [1776439046.805608079] [robot_4.robot_supervisor]: Selected controllable event: EV_random_walk
[robot_supervisor-10] [INFO] [1776439046.841346962] [robot_1.robot_supervisor]: Selected controllable event: EV_move_forward
[robot_supervisor-13] [INFO] [1776439046.968411925] [robot_2.robot_supervisor]: Selected controllable event: EV_random_walk
[robot_supervisor-19] [INFO] [1776439047.105906132] [robot_4.robot_supervisor]: Selected controllable event: EV_move_forward
[robot_supervisor-10] [INFO] [1776439047.141127335] [robot_1.robot_supervisor]: Selected controllable event: EV_random_walk
[robot_supervisor-13] [INFO] [1776439047.268377009] [robot_2.robot_supervisor]: Selected controllable event: EV_move_forward
[robot_supervisor-10] [INFO] [1776439047.341843873] [robot_1.robot_supervisor]: Selected controllable event: EV_move_forward
[robot_supervisor-19] [INFO] [1776439047.405658864] [robot_4.robot_supervisor]: Selected controllable event: EV_random_walk
[robot_supervisor-13] [INFO] [1776439047.568467447] [robot_2.robot_supervisor]: Selected controllable event: EV_random_walk
[robot_supervisor-10] [INFO] [1776439047.641072736] [robot_1.robot_supervisor]: Selected controllable event: EV_random_walk
[robot_supervisor-19] [INFO] [1776439047.705863854] [robot_4.robot_supervisor]: Selected controllable event: EV_move_forward
[robot_supervisor-13] [INFO] [1776439047.868426688] [robot_2.robot_supervisor]: Selected controllable event: EV_move_forward
[robot_supervisor-10] [INFO] [1776439047.941116035] [robot_1.robot_supervisor]: Selected controllable event: EV_move_forward
[robot_supervisor-19] [INFO] [1776439048.005934200] [robot_4.robot_supervisor]: Selected controllable event: EV_random_walk
[robot_supervisor-16] [INFO] [1776439048.160654673] [robot_3.robot_supervisor]: Selected controllable event: EV_rotate_clockwise
[robot_supervisor-16] [INFO] [1776439048.160941145] [robot_3.robot_supervisor]: rotate_90 blocked by recent completion; stopping this tick
[robot_supervisor-13] [INFO] [1776439048.168492546] [robot_2.robot_supervisor]: Selected controllable event: EV_random_walk
[robot_supervisor-10] [INFO] [1776439048.241392350] [robot_1.robot_supervisor]: Selected controllable event: EV_random_walk
[robot_supervisor-16] [INFO] [1776439048.260468795] [robot_3.robot_supervisor]: Selected controllable event: EV_random_walk
[robot_supervisor-19] [INFO] [1776439048.305492804] [robot_4.robot_supervisor]: Selected controllable event: EV_move_forward
[robot_supervisor-13] [INFO] [1776439048.468329281] [robot_2.robot_supervisor]: Selected controllable event: EV_move_forward
[robot_supervisor-10] [INFO] [1776439048.541501141] [robot_1.robot_supervisor]: Selected controllable event: EV_move_forward
[robot_supervisor-16] [INFO] [1776439048.560653808] [robot_3.robot_supervisor]: Selected controllable event: EV_move_forward
[robot_supervisor-19] [INFO] [1776439048.605747522] [robot_4.robot_supervisor]: Selected controllable event: EV_random_walk
[robot_supervisor-7] [INFO] [1776439048.728429573] [robot_0.robot_supervisor]: Selected controllable event: EV_rotate_clockwise
[robot_supervisor-7] [INFO] [1776439048.728937212] [robot_0.robot_supervisor]: rotate_90 blocked by recent completion; stopping this tick
[robot_supervisor-13] [INFO] [1776439048.768536357] [robot_2.robot_supervisor]: Selected controllable event: EV_random_walk
[robot_supervisor-7] [INFO] [1776439048.828215987] [robot_0.robot_supervisor]: Selected controllable event: EV_rotate_clockwise
[robot_supervisor-7] [INFO] [1776439048.828634579] [robot_0.robot_supervisor]: rotate_90 blocked by recent completion; stopping this tick
[robot_supervisor-10] [INFO] [1776439048.840957204] [robot_1.robot_supervisor]: Selected controllable event: EV_random_walk
[robot_supervisor-16] [INFO] [1776439048.860523956] [robot_3.robot_supervisor]: Selected controllable event: EV_random_walk
[robot_supervisor-19] [INFO] [1776439048.906110506] [robot_4.robot_supervisor]: Selected controllable event: EV_move_forward
[image_processor-23] [INFO] [1776439048.906855771] [robot_2.image_processor]: Zone=CLEAR
[robot_supervisor-7] [INFO] [1776439048.928294775] [robot_0.robot_supervisor]: Selected controllable event: EV_rotate_clockwise
[robot_supervisor-7] [INFO] [1776439048.928724876] [robot_0.robot_supervisor]: rotate_90 blocked by recent completion; stopping this tick
[image_processor-24] [INFO] [1776439048.931856413] [robot_3.image_processor]: Zone=CLEAR
[image_processor-22] [INFO] [1776439048.945002831] [robot_1.image_processor]: Zone=RIGHT  left[p=1.483 near=0 v=7650]  front[p=1.729 near=0 v=13500]  right[p=0.365 near=7080 v=7740]
[robot_supervisor-10] [INFO] [1776439048.945546584] [robot_1.robot_supervisor]: Detected zone changed to RIGHT
[image_processor-21] [INFO] [1776439048.961452902] [robot_0.image_processor]: Zone=CLEAR  left[p=2.210 near=0 v=7650]  front[p=3.487 near=0 v=11199]  right[p=2.884 near=0 v=6674]
[robot_supervisor-7] [INFO] [1776439048.962131881] [robot_0.robot_supervisor]: Detected zone changed to CLEAR
[image_processor-25] [INFO] [1776439048.972422872] [robot_4.image_processor]: Zone=CLEAR
[robot_supervisor-7] [INFO] [1776439049.028162600] [robot_0.robot_supervisor]: Selected controllable event: EV_rotate_clockwise
[robot_supervisor-13] [INFO] [1776439049.068383371] [robot_2.robot_supervisor]: Selected controllable event: EV_move_forward
[robot_supervisor-10] [INFO] [1776439049.141773215] [robot_1.robot_supervisor]: Selected controllable event: EV_rotate_counterclockwise
[robot_supervisor-16] [INFO] [1776439049.160945978] [robot_3.robot_supervisor]: Selected controllable event: EV_move_forward
[robot_supervisor-19] [INFO] [1776439049.205642190] [robot_4.robot_supervisor]: Selected controllable event: EV_random_walk
[robot_supervisor-13] [INFO] [1776439049.368397693] [robot_2.robot_supervisor]: Selected controllable event: EV_random_walk
[robot_supervisor-16] [INFO] [1776439049.460815426] [robot_3.robot_supervisor]: Selected controllable event: EV_random_walk
[robot_supervisor-19] [INFO] [1776439049.505697041] [robot_4.robot_supervisor]: Selected controllable event: EV_move_forward
[robot_supervisor-13] [INFO] [1776439049.668446829] [robot_2.robot_supervisor]: Selected controllable event: EV_move_forward
[robot_supervisor-16] [INFO] [1776439049.760662947] [robot_3.robot_supervisor]: Selected controllable event: EV_move_forward
[robot_supervisor-19] [INFO] [1776439049.806050722] [robot_4.robot_supervisor]: Selected controllable event: EV_random_walk
[robot_supervisor-13] [INFO] [1776439049.968717107] [robot_2.robot_supervisor]: Selected controllable event: EV_random_walk
[robot_supervisor-16] [INFO] [1776439050.060389713] [robot_3.robot_supervisor]: Selected controllable event: EV_random_walk
[robot_supervisor-19] [INFO] [1776439050.105931258] [robot_4.robot_supervisor]: Selected controllable event: EV_move_forward
[robot_supervisor-13] [INFO] [1776439050.268144002] [robot_2.robot_supervisor]: Selected controllable event: EV_move_forward
[robot_supervisor-16] [INFO] [1776439050.360644555] [robot_3.robot_supervisor]: Selected controllable event: EV_move_forward
[robot_supervisor-19] [INFO] [1776439050.405976135] [robot_4.robot_supervisor]: Selected controllable event: EV_random_walk
[robot_supervisor-13] [INFO] [1776439050.568335021] [robot_2.robot_supervisor]: Selected controllable event: EV_random_walk
[robot_supervisor-16] [INFO] [1776439050.660635274] [robot_3.robot_supervisor]: Selected controllable event: EV_random_walk
[robot_supervisor-19] [INFO] [1776439050.705713288] [robot_4.robot_supervisor]: Selected controllable event: EV_move_forward
[robot_supervisor-13] [INFO] [1776439050.868237315] [robot_2.robot_supervisor]: Selected controllable event: EV_move_forward
[robot_supervisor-16] [INFO] [1776439050.960502566] [robot_3.robot_supervisor]: Selected controllable event: EV_move_forward
[robot_supervisor-19] [INFO] [1776439051.005640194] [robot_4.robot_supervisor]: Selected controllable event: EV_random_walk
[robot_supervisor-7] [INFO] [1776439051.128865345] [robot_0.robot_supervisor]: Selected controllable event: EV_random_walk
[robot_supervisor-13] [INFO] [1776439051.168707246] [robot_2.robot_supervisor]: Selected controllable event: EV_random_walk
[robot_supervisor-10] [INFO] [1776439051.241191779] [robot_1.robot_supervisor]: Selected controllable event: EV_rotate_counterclockwise
[robot_supervisor-10] [INFO] [1776439051.241557551] [robot_1.robot_supervisor]: rotate_90 blocked by recent completion; stopping this tick
[robot_supervisor-16] [INFO] [1776439051.260797598] [robot_3.robot_supervisor]: Selected controllable event: EV_random_walk
[robot_supervisor-19] [INFO] [1776439051.305909179] [robot_4.robot_supervisor]: Selected controllable event: EV_move_forward
[robot_supervisor-10] [INFO] [1776439051.341088991] [robot_1.robot_supervisor]: Selected controllable event: EV_rotate_counterclockwise
[robot_supervisor-10] [INFO] [1776439051.341398611] [robot_1.robot_supervisor]: rotate_90 blocked by recent completion; stopping this tick
[image_processor-23] [INFO] [1776439051.407936450] [robot_2.image_processor]: Zone=CLEAR
[robot_supervisor-7] [INFO] [1776439051.428186542] [robot_0.robot_supervisor]: Selected controllable event: EV_move_forward
[image_processor-24] [INFO] [1776439051.428209323] [robot_3.image_processor]: Zone=CORNER  left[p=2.994 near=0 v=5064]  front[p=0.571 near=9043 v=11682]  right[p=0.496 near=7740 v=7740]
[robot_supervisor-16] [INFO] [1776439051.429138344] [robot_3.robot_supervisor]: Detected zone changed to CORNER
[image_processor-22] [INFO] [1776439051.438965142] [robot_1.image_processor]: Zone=CORNER  left[p=2.047 near=0 v=7650]  front[p=0.449 near=12455 v=13500]  right[p=0.532 near=1613 v=7740]
[robot_supervisor-10] [INFO] [1776439051.439591869] [robot_1.robot_supervisor]: Detected zone changed to CORNER
[robot_supervisor-10] [INFO] [1776439051.440919342] [robot_1.robot_supervisor]: Selected controllable event: EV_rotate_clockwise
[robot_supervisor-10] [INFO] [1776439051.441248093] [robot_1.robot_supervisor]: rotate_90 blocked by recent completion; stopping this tick
[image_processor-21] [INFO] [1776439051.454667427] [robot_0.image_processor]: Zone=CLEAR
[image_processor-25] [INFO] [1776439051.465626270] [robot_4.image_processor]: Zone=CLEAR
[robot_supervisor-13] [INFO] [1776439051.468264855] [robot_2.robot_supervisor]: Selected controllable event: EV_move_forward
[robot_supervisor-10] [INFO] [1776439051.541082218] [robot_1.robot_supervisor]: Selected controllable event: EV_rotate_clockwise
[robot_supervisor-16] [INFO] [1776439051.560464932] [robot_3.robot_supervisor]: Selected controllable event: EV_rotate_clockwise
[robot_supervisor-19] [INFO] [1776439051.605719010] [robot_4.robot_supervisor]: Selected controllable event: EV_random_walk
[robot_supervisor-7] [INFO] [1776439051.728404565] [robot_0.robot_supervisor]: Selected controllable event: EV_random_walk
[robot_supervisor-13] [INFO] [1776439051.768357785] [robot_2.robot_supervisor]: Selected controllable event: EV_random_walk
[robot_supervisor-19] [INFO] [1776439051.906063737] [robot_4.robot_supervisor]: Selected controllable event: EV_move_forward
[robot_supervisor-7] [INFO] [1776439052.028178888] [robot_0.robot_supervisor]: Selected controllable event: EV_move_forward
[robot_supervisor-13] [INFO] [1776439052.068747549] [robot_2.robot_supervisor]: Selected controllable event: EV_move_forward
[robot_supervisor-19] [INFO] [1776439052.205635471] [robot_4.robot_supervisor]: Selected controllable event: EV_random_walk
[robot_supervisor-7] [INFO] [1776439052.328385545] [robot_0.robot_supervisor]: Selected controllable event: EV_random_walk
[robot_supervisor-13] [INFO] [1776439052.368166481] [robot_2.robot_supervisor]: Selected controllable event: EV_random_walk
[robot_supervisor-19] [INFO] [1776439052.505661269] [robot_4.robot_supervisor]: Selected controllable event: EV_move_forward
[robot_supervisor-7] [INFO] [1776439052.628339635] [robot_0.robot_supervisor]: Selected controllable event: EV_move_forward
[robot_supervisor-13] [INFO] [1776439052.668458557] [robot_2.robot_supervisor]: Selected controllable event: EV_move_forward
[robot_supervisor-19] [INFO] [1776439052.805857903] [robot_4.robot_supervisor]: Selected controllable event: EV_random_walk
[robot_supervisor-7] [INFO] [1776439052.928341317] [robot_0.robot_supervisor]: Selected controllable event: EV_random_walk
[robot_supervisor-13] [INFO] [1776439052.968447679] [robot_2.robot_supervisor]: Selected controllable event: EV_random_walk
[robot_supervisor-19] [INFO] [1776439053.105961939] [robot_4.robot_supervisor]: Selected controllable event: EV_move_forward
[robot_supervisor-7] [INFO] [1776439053.228403197] [robot_0.robot_supervisor]: Selected controllable event: EV_move_forward
[robot_supervisor-13] [INFO] [1776439053.268398158] [robot_2.robot_supervisor]: Selected controllable event: EV_move_forward
[robot_supervisor-19] [INFO] [1776439053.405903256] [robot_4.robot_supervisor]: Selected controllable event: EV_random_walk
[robot_supervisor-7] [INFO] [1776439053.528329822] [robot_0.robot_supervisor]: Selected controllable event: EV_random_walk
[robot_supervisor-13] [INFO] [1776439053.568438233] [robot_2.robot_supervisor]: Selected controllable event: EV_random_walk
[robot_supervisor-10] [INFO] [1776439053.641901151] [robot_1.robot_supervisor]: Selected controllable event: EV_rotate_clockwise
[robot_supervisor-10] [INFO] [1776439053.642203703] [robot_1.robot_supervisor]: rotate_90 blocked by recent completion; stopping this tick
[robot_supervisor-16] [INFO] [1776439053.660657892] [robot_3.robot_supervisor]: Selected controllable event: EV_rotate_clockwise
[robot_supervisor-16] [INFO] [1776439053.661151952] [robot_3.robot_supervisor]: rotate_90 blocked by recent completion; stopping this tick
[robot_supervisor-19] [INFO] [1776439053.705774278] [robot_4.robot_supervisor]: Selected controllable event: EV_move_forward
[robot_supervisor-10] [INFO] [1776439053.741332663] [robot_1.robot_supervisor]: Selected controllable event: EV_rotate_clockwise
[robot_supervisor-10] [INFO] [1776439053.741798234] [robot_1.robot_supervisor]: rotate_90 blocked by recent completion; stopping this tick
[robot_supervisor-16] [INFO] [1776439053.760395195] [robot_3.robot_supervisor]: Selected controllable event: EV_rotate_clockwise
[robot_supervisor-16] [INFO] [1776439053.760721733] [robot_3.robot_supervisor]: rotate_90 blocked by recent completion; stopping this tick
[robot_supervisor-7] [INFO] [1776439053.828155726] [robot_0.robot_supervisor]: Selected controllable event: EV_move_forward
[robot_supervisor-10] [INFO] [1776439053.841262800] [robot_1.robot_supervisor]: Selected controllable event: EV_rotate_clockwise
[robot_supervisor-10] [INFO] [1776439053.841698081] [robot_1.robot_supervisor]: rotate_90 blocked by recent completion; stopping this tick
[robot_supervisor-16] [INFO] [1776439053.860442559] [robot_3.robot_supervisor]: Selected controllable event: EV_rotate_clockwise
[robot_supervisor-16] [INFO] [1776439053.860793693] [robot_3.robot_supervisor]: rotate_90 blocked by recent completion; stopping this tick
[robot_supervisor-13] [INFO] [1776439053.868440500] [robot_2.robot_supervisor]: Selected controllable event: EV_move_forward
[image_processor-23] [INFO] [1776439053.906604198] [robot_2.image_processor]: Zone=CLEAR
[image_processor-24] [INFO] [1776439053.918904815] [robot_3.image_processor]: Zone=LEFT  left[p=0.533 near=6578 v=7650]  front[p=1.008 near=0 v=13208]  right[p=0.965 near=0 v=7740]
[robot_supervisor-16] [INFO] [1776439053.919572798] [robot_3.robot_supervisor]: Detected zone changed to LEFT
[image_processor-22] [INFO] [1776439053.929236926] [robot_1.image_processor]: Zone=RIGHT  left[p=1.503 near=0 v=7650]  front[p=1.728 near=0 v=13500]  right[p=0.504 near=4276 v=7740]
[robot_supervisor-10] [INFO] [1776439053.929929462] [robot_1.robot_supervisor]: Detected zone changed to RIGHT
[robot_supervisor-10] [INFO] [1776439053.941077884] [robot_1.robot_supervisor]: Selected controllable event: EV_rotate_counterclockwise
[image_processor-25] [INFO] [1776439053.948438972] [robot_4.image_processor]: Zone=CLEAR
[robot_supervisor-16] [INFO] [1776439053.960408973] [robot_3.robot_supervisor]: Selected controllable event: EV_rotate_clockwise
[robot_supervisor-19] [INFO] [1776439054.005724112] [robot_4.robot_supervisor]: Selected controllable event: EV_random_walk
[image_processor-21] [INFO] [1776439054.040579005] [robot_0.image_processor]: Zone=CLEAR
[robot_supervisor-7] [INFO] [1776439054.128190127] [robot_0.robot_supervisor]: Selected controllable event: EV_random_walk
[robot_supervisor-13] [INFO] [1776439054.168194284] [robot_2.robot_supervisor]: Selected controllable event: EV_random_walk
[robot_supervisor-19] [INFO] [1776439054.305933460] [robot_4.robot_supervisor]: Selected controllable event: EV_move_forward
[robot_supervisor-7] [INFO] [1776439054.428545650] [robot_0.robot_supervisor]: Selected controllable event: EV_move_forward
[robot_supervisor-13] [INFO] [1776439054.468454443] [robot_2.robot_supervisor]: Selected controllable event: EV_move_forward
[robot_supervisor-19] [INFO] [1776439054.605820317] [robot_4.robot_supervisor]: Selected controllable event: EV_random_walk
[robot_supervisor-7] [INFO] [1776439054.728186291] [robot_0.robot_supervisor]: Selected controllable event: EV_random_walk
[robot_supervisor-13] [INFO] [1776439054.768158297] [robot_2.robot_supervisor]: Selected controllable event: EV_random_walk
[robot_supervisor-19] [INFO] [1776439054.905646266] [robot_4.robot_supervisor]: Selected controllable event: EV_move_forward
[robot_supervisor-7] [INFO] [1776439055.029309181] [robot_0.robot_supervisor]: Selected controllable event: EV_move_forward
[robot_supervisor-13] [INFO] [1776439055.068178013] [robot_2.robot_supervisor]: Selected controllable event: EV_move_forward
[robot_supervisor-19] [INFO] [1776439055.205627700] [robot_4.robot_supervisor]: Selected controllable event: EV_random_walk
[robot_supervisor-7] [INFO] [1776439055.328625802] [robot_0.robot_supervisor]: Selected controllable event: EV_random_walk
[robot_supervisor-13] [INFO] [1776439055.368150013] [robot_2.robot_supervisor]: Selected controllable event: EV_random_walk
[robot_supervisor-19] [INFO] [1776439055.505631080] [robot_4.robot_supervisor]: Selected controllable event: EV_move_forward
[robot_supervisor-7] [INFO] [1776439055.628449840] [robot_0.robot_supervisor]: Selected controllable event: EV_move_forward
[robot_supervisor-13] [INFO] [1776439055.668433025] [robot_2.robot_supervisor]: Selected controllable event: EV_move_forward
[robot_supervisor-19] [INFO] [1776439055.805734545] [robot_4.robot_supervisor]: Selected controllable event: EV_random_walk
[robot_supervisor-7] [INFO] [1776439055.928469353] [robot_0.robot_supervisor]: Selected controllable event: EV_random_walk
[robot_supervisor-13] [INFO] [1776439055.968432778] [robot_2.robot_supervisor]: Selected controllable event: EV_random_walk
[robot_supervisor-16] [INFO] [1776439056.060650965] [robot_3.robot_supervisor]: Selected controllable event: EV_rotate_clockwise
[robot_supervisor-16] [INFO] [1776439056.061122221] [robot_3.robot_supervisor]: rotate_90 blocked by recent completion; stopping this tick
[robot_supervisor-19] [INFO] [1776439056.105630172] [robot_4.robot_supervisor]: Selected controllable event: EV_move_forward
[robot_supervisor-10] [INFO] [1776439056.141054705] [robot_1.robot_supervisor]: Selected controllable event: EV_rotate_counterclockwise
[robot_supervisor-10] [INFO] [1776439056.141366392] [robot_1.robot_supervisor]: rotate_90 blocked by recent completion; stopping this tick
[robot_supervisor-16] [INFO] [1776439056.160488581] [robot_3.robot_supervisor]: Selected controllable event: EV_rotate_clockwise
[robot_supervisor-16] [INFO] [1776439056.160952394] [robot_3.robot_supervisor]: rotate_90 blocked by recent completion; stopping this tick
[robot_supervisor-7] [INFO] [1776439056.228452248] [robot_0.robot_supervisor]: Selected controllable event: EV_move_forward
[robot_supervisor-10] [INFO] [1776439056.241734236] [robot_1.robot_supervisor]: Selected controllable event: EV_rotate_counterclockwise
[robot_supervisor-10] [INFO] [1776439056.242118120] [robot_1.robot_supervisor]: rotate_90 blocked by recent completion; stopping this tick
[robot_supervisor-16] [INFO] [1776439056.260272970] [robot_3.robot_supervisor]: Selected controllable event: EV_rotate_clockwise
[robot_supervisor-16] [INFO] [1776439056.260527162] [robot_3.robot_supervisor]: rotate_90 blocked by recent completion; stopping this tick
[robot_supervisor-13] [INFO] [1776439056.268443906] [robot_2.robot_supervisor]: Selected controllable event: EV_move_forward
[robot_supervisor-10] [INFO] [1776439056.341833278] [robot_1.robot_supervisor]: Selected controllable event: EV_rotate_counterclockwise
[robot_supervisor-16] [INFO] [1776439056.360332611] [robot_3.robot_supervisor]: Selected controllable event: EV_rotate_clockwise
[robot_supervisor-19] [INFO] [1776439056.405955821] [robot_4.robot_supervisor]: Selected controllable event: EV_random_walk
[image_processor-23] [INFO] [1776439056.406206943] [robot_2.image_processor]: Zone=CLEAR
[image_processor-24] [INFO] [1776439056.419351476] [robot_3.image_processor]: Zone=LEFT
[image_processor-22] [INFO] [1776439056.434537721] [robot_1.image_processor]: Zone=CORNER  left[p=2.049 near=0 v=7650]  front[p=0.448 near=12417 v=13500]  right[p=0.527 near=1678 v=7740]
[robot_supervisor-10] [INFO] [1776439056.435584866] [robot_1.robot_supervisor]: Detected zone changed to CORNER
[image_processor-21] [INFO] [1776439056.452706795] [robot_0.image_processor]: Zone=CLEAR
[image_processor-25] [INFO] [1776439056.468290046] [robot_4.image_processor]: Zone=LEFT  left[p=0.495 near=7650 v=7650]  front[p=0.656 near=5906 v=13500]  right[p=1.349 near=0 v=7740]
[robot_supervisor-19] [INFO] [1776439056.468907842] [robot_4.robot_supervisor]: Detected zone changed to LEFT
[robot_supervisor-7] [INFO] [1776439056.528184978] [robot_0.robot_supervisor]: Selected controllable event: EV_random_walk
[robot_supervisor-13] [INFO] [1776439056.568609641] [robot_2.robot_supervisor]: Selected controllable event: EV_random_walk
[robot_supervisor-19] [INFO] [1776439056.705619460] [robot_4.robot_supervisor]: Selected controllable event: EV_rotate_clockwise
[robot_supervisor-7] [INFO] [1776439056.828638431] [robot_0.robot_supervisor]: Selected controllable event: EV_move_forward
[robot_supervisor-13] [INFO] [1776439056.868270737] [robot_2.robot_supervisor]: Selected controllable event: EV_move_forward
[robot_supervisor-7] [INFO] [1776439057.128716482] [robot_0.robot_supervisor]: Selected controllable event: EV_random_walk
[robot_supervisor-13] [INFO] [1776439057.168400256] [robot_2.robot_supervisor]: Selected controllable event: EV_random_walk
[robot_supervisor-7] [INFO] [1776439057.428159588] [robot_0.robot_supervisor]: Selected controllable event: EV_move_forward
[robot_supervisor-13] [INFO] [1776439057.468759182] [robot_2.robot_supervisor]: Selected controllable event: EV_move_forward
[robot_supervisor-7] [INFO] [1776439057.728169641] [robot_0.robot_supervisor]: Selected controllable event: EV_random_walk
[robot_supervisor-13] [INFO] [1776439057.768432554] [robot_2.robot_supervisor]: Selected controllable event: EV_random_walk
[robot_supervisor-7] [INFO] [1776439058.028188318] [robot_0.robot_supervisor]: Selected controllable event: EV_move_forward
[robot_supervisor-13] [INFO] [1776439058.068081980] [robot_2.robot_supervisor]: Selected controllable event: EV_move_forward
[robot_supervisor-7] [INFO] [1776439058.328453726] [robot_0.robot_supervisor]: Selected controllable event: EV_random_walk
[robot_supervisor-13] [INFO] [1776439058.368473475] [robot_2.robot_supervisor]: Selected controllable event: EV_random_walk
[robot_supervisor-10] [INFO] [1776439058.441288278] [robot_1.robot_supervisor]: Selected controllable event: EV_rotate_clockwise
[robot_supervisor-10] [INFO] [1776439058.441697505] [robot_1.robot_supervisor]: rotate_90 blocked by recent completion; stopping this tick
[robot_supervisor-16] [INFO] [1776439058.460628834] [robot_3.robot_supervisor]: Selected controllable event: EV_rotate_clockwise
[robot_supervisor-16] [INFO] [1776439058.460965721] [robot_3.robot_supervisor]: rotate_90 blocked by recent completion; stopping this tick
[robot_supervisor-10] [INFO] [1776439058.541434014] [robot_1.robot_supervisor]: Selected controllable event: EV_rotate_clockwise
[robot_supervisor-10] [INFO] [1776439058.541938809] [robot_1.robot_supervisor]: rotate_90 blocked by recent completion; stopping this tick
[robot_supervisor-16] [INFO] [1776439058.560634752] [robot_3.robot_supervisor]: Selected controllable event: EV_rotate_clockwise
[robot_supervisor-16] [INFO] [1776439058.560967510] [robot_3.robot_supervisor]: rotate_90 blocked by recent completion; stopping this tick
[robot_supervisor-7] [INFO] [1776439058.628399348] [robot_0.robot_supervisor]: Selected controllable event: EV_move_forward
[robot_supervisor-10] [INFO] [1776439058.641049459] [robot_1.robot_supervisor]: Selected controllable event: EV_rotate_clockwise
[robot_supervisor-10] [INFO] [1776439058.641416717] [robot_1.robot_supervisor]: rotate_90 blocked by recent completion; stopping this tick
[robot_supervisor-16] [INFO] [1776439058.660490056] [robot_3.robot_supervisor]: Selected controllable event: EV_rotate_clockwise
[robot_supervisor-16] [INFO] [1776439058.660827772] [robot_3.robot_supervisor]: rotate_90 blocked by recent completion; stopping this tick
[robot_supervisor-13] [INFO] [1776439058.668136052] [robot_2.robot_supervisor]: Selected controllable event: EV_move_forward
[robot_supervisor-10] [INFO] [1776439058.741346471] [robot_1.robot_supervisor]: Selected controllable event: EV_rotate_clockwise
[robot_supervisor-16] [INFO] [1776439058.760515726] [robot_3.robot_supervisor]: Selected controllable event: EV_rotate_clockwise
[robot_supervisor-19] [INFO] [1776439058.805895069] [robot_4.robot_supervisor]: Selected controllable event: EV_rotate_clockwise
[robot_supervisor-19] [INFO] [1776439058.806334829] [robot_4.robot_supervisor]: rotate_90 blocked by recent completion; stopping this tick
[robot_supervisor-19] [INFO] [1776439058.905717970] [robot_4.robot_supervisor]: Selected controllable event: EV_rotate_clockwise
[robot_supervisor-19] [INFO] [1776439058.906144218] [robot_4.robot_supervisor]: rotate_90 blocked by recent completion; stopping this tick
[image_processor-23] [INFO] [1776439058.907906003] [robot_2.image_processor]: Zone=CLEAR
[image_processor-24] [INFO] [1776439058.917778927] [robot_3.image_processor]: Zone=CLEAR  left[p=0.880 near=0 v=7375]  front[p=1.383 near=0 v=10617]  right[p=3.240 near=0 v=5269]
[robot_supervisor-16] [INFO] [1776439058.918715307] [robot_3.robot_supervisor]: Detected zone changed to CLEAR
[robot_supervisor-7] [INFO] [1776439058.928400607] [robot_0.robot_supervisor]: Selected controllable event: EV_random_walk
[image_processor-22] [INFO] [1776439058.934948616] [robot_1.image_processor]: Zone=CLEAR  left[p=2.994 near=0 v=5144]  front[p=3.241 near=0 v=9740]  right[p=2.287 near=0 v=7740]
[robot_supervisor-10] [INFO] [1776439058.935826673] [robot_1.robot_supervisor]: Detected zone changed to CLEAR
[image_processor-21] [INFO] [1776439058.947662098] [robot_0.image_processor]: Zone=CLEAR
[image_processor-25] [INFO] [1776439058.962257568] [robot_4.image_processor]: Zone=LEFT
[robot_supervisor-13] [INFO] [1776439058.968249127] [robot_2.robot_supervisor]: Selected controllable event: EV_random_walk
[robot_supervisor-19] [INFO] [1776439059.006001616] [robot_4.robot_supervisor]: Selected controllable event: EV_rotate_clockwise
[robot_supervisor-19] [INFO] [1776439059.006473981] [robot_4.robot_supervisor]: rotate_90 blocked by recent completion; stopping this tick
[robot_supervisor-19] [INFO] [1776439059.105667257] [robot_4.robot_supervisor]: Selected controllable event: EV_rotate_clockwise
[robot_supervisor-7] [INFO] [1776439059.228442371] [robot_0.robot_supervisor]: Selected controllable event: EV_move_forward
[robot_supervisor-13] [INFO] [1776439059.268228948] [robot_2.robot_supervisor]: Selected controllable event: EV_move_forward
[robot_supervisor-7] [INFO] [1776439059.528409534] [robot_0.robot_supervisor]: Selected controllable event: EV_random_walk
[robot_supervisor-13] [INFO] [1776439059.568183776] [robot_2.robot_supervisor]: Selected controllable event: EV_random_walk
[robot_supervisor-7] [INFO] [1776439059.828446687] [robot_0.robot_supervisor]: Selected controllable event: EV_move_forward
[robot_supervisor-13] [INFO] [1776439059.868589945] [robot_2.robot_supervisor]: Selected controllable event: EV_move_forward
[robot_supervisor-7] [INFO] [1776439060.128405424] [robot_0.robot_supervisor]: Selected controllable event: EV_random_walk
[robot_supervisor-13] [INFO] [1776439060.168513529] [robot_2.robot_supervisor]: Selected controllable event: EV_random_walk
[robot_supervisor-7] [INFO] [1776439060.428484752] [robot_0.robot_supervisor]: Selected controllable event: EV_move_forward
[robot_supervisor-13] [INFO] [1776439060.468466506] [robot_2.robot_supervisor]: Selected controllable event: EV_move_forward
[robot_supervisor-7] [INFO] [1776439060.728366486] [robot_0.robot_supervisor]: Selected controllable event: EV_random_walk
[robot_supervisor-13] [INFO] [1776439060.768469418] [robot_2.robot_supervisor]: Selected controllable event: EV_random_walk
[robot_supervisor-10] [INFO] [1776439060.941315910] [robot_1.robot_supervisor]: Selected controllable event: EV_rotate_clockwise
[robot_supervisor-10] [INFO] [1776439060.941767855] [robot_1.robot_supervisor]: rotate_90 blocked by recent completion; stopping this tick
[robot_supervisor-16] [INFO] [1776439060.960652890] [robot_3.robot_supervisor]: Selected controllable event: EV_rotate_clockwise
[robot_supervisor-16] [INFO] [1776439060.961147096] [robot_3.robot_supervisor]: rotate_90 blocked by recent completion; stopping this tick
[robot_supervisor-7] [INFO] [1776439061.028484791] [robot_0.robot_supervisor]: Selected controllable event: EV_move_forward
[robot_supervisor-10] [INFO] [1776439061.041059777] [robot_1.robot_supervisor]: Selected controllable event: EV_random_walk
[robot_supervisor-16] [INFO] [1776439061.060637610] [robot_3.robot_supervisor]: Selected controllable event: EV_random_walk
[robot_supervisor-13] [INFO] [1776439061.068382389] [robot_2.robot_supervisor]: Selected controllable event: EV_move_forward
[robot_supervisor-19] [INFO] [1776439061.305963935] [robot_4.robot_supervisor]: Selected controllable event: EV_rotate_clockwise
[robot_supervisor-19] [INFO] [1776439061.306408351] [robot_4.robot_supervisor]: rotate_90 blocked by recent completion; stopping this tick
[robot_supervisor-7] [INFO] [1776439061.328255934] [robot_0.robot_supervisor]: Selected controllable event: EV_random_walk
[robot_supervisor-10] [INFO] [1776439061.341892306] [robot_1.robot_supervisor]: Selected controllable event: EV_move_forward
[robot_supervisor-16] [INFO] [1776439061.360249358] [robot_3.robot_supervisor]: Selected controllable event: EV_move_forward
[robot_supervisor-13] [INFO] [1776439061.368444425] [robot_2.robot_supervisor]: Selected controllable event: EV_random_walk
[robot_supervisor-19] [INFO] [1776439061.405925919] [robot_4.robot_supervisor]: Selected controllable event: EV_rotate_clockwise
[robot_supervisor-19] [INFO] [1776439061.406365550] [robot_4.robot_supervisor]: rotate_90 blocked by recent completion; stopping this tick
[image_processor-23] [INFO] [1776439061.410065485] [robot_2.image_processor]: Zone=CORNER  left[p=0.230 near=7650 v=7650]  front[p=0.263 near=10573 v=13500]  right[p=0.607 near=6441 v=7740]
[robot_supervisor-13] [INFO] [1776439061.411022161] [robot_2.robot_supervisor]: Detected zone changed to CORNER
[image_processor-24] [INFO] [1776439061.427975484] [robot_3.image_processor]: Zone=CORNER  left[p=2.168 near=499 v=5188]  front[p=0.412 near=13500 v=13500]  right[p=0.386 near=7740 v=7740]
[robot_supervisor-16] [INFO] [1776439061.428726524] [robot_3.robot_supervisor]: Detected zone changed to CORNER
[image_processor-22] [INFO] [1776439061.436928171] [robot_1.image_processor]: Zone=CORNER  left[p=1.967 near=42 v=7650]  front[p=0.355 near=13340 v=13500]  right[p=0.391 near=3156 v=7740]
[robot_supervisor-10] [INFO] [1776439061.437864565] [robot_1.robot_supervisor]: Detected zone changed to CORNER
[image_processor-21] [INFO] [1776439061.447238293] [robot_0.image_processor]: Zone=CLEAR
[image_processor-25] [INFO] [1776439061.464305641] [robot_4.image_processor]: Zone=CLEAR  left[p=2.895 near=0 v=5523]  front[p=2.523 near=0 v=8443]  right[p=3.396 near=0 v=6565]
[robot_supervisor-19] [INFO] [1776439061.465206774] [robot_4.robot_supervisor]: Detected zone changed to CLEAR
[robot_supervisor-19] [INFO] [1776439061.505856579] [robot_4.robot_supervisor]: Selected controllable event: EV_rotate_clockwise
[robot_supervisor-7] [INFO] [1776439061.628207579] [robot_0.robot_supervisor]: Selected controllable event: EV_move_forward
[robot_supervisor-10] [INFO] [1776439061.641631308] [robot_1.robot_supervisor]: Selected controllable event: EV_rotate_clockwise
[robot_supervisor-16] [INFO] [1776439061.660744451] [robot_3.robot_supervisor]: Selected controllable event: EV_rotate_clockwise
[robot_supervisor-13] [INFO] [1776439061.668639747] [robot_2.robot_supervisor]: Selected controllable event: EV_rotate_clockwise
[robot_supervisor-7] [INFO] [1776439061.928203147] [robot_0.robot_supervisor]: Selected controllable event: EV_random_walk
[robot_supervisor-7] [INFO] [1776439062.228406184] [robot_0.robot_supervisor]: Selected controllable event: EV_move_forward
[robot_supervisor-7] [INFO] [1776439062.528143553] [robot_0.robot_supervisor]: Selected controllable event: EV_random_walk
[robot_supervisor-7] [INFO] [1776439062.828238037] [robot_0.robot_supervisor]: Selected controllable event: EV_move_forward
[robot_supervisor-7] [INFO] [1776439063.128630132] [robot_0.robot_supervisor]: Selected controllable event: EV_random_walk
[robot_supervisor-7] [INFO] [1776439063.428183051] [robot_0.robot_supervisor]: Selected controllable event: EV_move_forward
[robot_supervisor-19] [INFO] [1776439063.605955759] [robot_4.robot_supervisor]: Selected controllable event: EV_random_walk
[robot_supervisor-7] [INFO] [1776439063.728401508] [robot_0.robot_supervisor]: Selected controllable event: EV_random_walk
[robot_supervisor-16] [INFO] [1776439063.760534142] [robot_3.robot_supervisor]: Selected controllable event: EV_rotate_clockwise
[robot_supervisor-16] [INFO] [1776439063.760857325] [robot_3.robot_supervisor]: rotate_90 blocked by recent completion; stopping this tick
[robot_supervisor-10] [INFO] [1776439063.841438169] [robot_1.robot_supervisor]: Selected controllable event: EV_rotate_clockwise
[robot_supervisor-10] [INFO] [1776439063.841949789] [robot_1.robot_supervisor]: rotate_90 blocked by recent completion; stopping this tick
[robot_supervisor-16] [INFO] [1776439063.860335113] [robot_3.robot_supervisor]: Selected controllable event: EV_rotate_clockwise
[robot_supervisor-16] [INFO] [1776439063.860768936] [robot_3.robot_supervisor]: rotate_90 blocked by recent completion; stopping this tick
[robot_supervisor-13] [INFO] [1776439063.868524442] [robot_2.robot_supervisor]: Selected controllable event: EV_rotate_clockwise
[robot_supervisor-13] [INFO] [1776439063.869045194] [robot_2.robot_supervisor]: rotate_90 blocked by recent completion; stopping this tick
[robot_supervisor-19] [INFO] [1776439063.905899280] [robot_4.robot_supervisor]: Selected controllable event: EV_move_forward
[image_processor-23] [INFO] [1776439063.907417565] [robot_2.image_processor]: Zone=CORNER
[image_processor-24] [INFO] [1776439063.920687760] [robot_3.image_processor]: Zone=LEFT  left[p=0.464 near=6977 v=7650]  front[p=1.044 near=0 v=13344]  right[p=0.994 near=0 v=7740]
[robot_supervisor-16] [INFO] [1776439063.921347082] [robot_3.robot_supervisor]: Detected zone changed to LEFT
[image_processor-22] [INFO] [1776439063.932527406] [robot_1.image_processor]: Zone=RIGHT  left[p=1.474 near=0 v=7650]  front[p=1.695 near=0 v=13500]  right[p=0.745 near=1428 v=7740]
[robot_supervisor-10] [INFO] [1776439063.933395430] [robot_1.robot_supervisor]: Detected zone changed to RIGHT
[robot_supervisor-10] [INFO] [1776439063.941306582] [robot_1.robot_supervisor]: Selected controllable event: EV_rotate_counterclockwise
[robot_supervisor-10] [INFO] [1776439063.941593515] [robot_1.robot_supervisor]: rotate_90 blocked by recent completion; stopping this tick
[image_processor-21] [INFO] [1776439063.944180462] [robot_0.image_processor]: Zone=CLEAR
[image_processor-25] [INFO] [1776439063.958624686] [robot_4.image_processor]: Zone=CORNER  left[p=3.396 near=0 v=7306]  front[p=0.550 near=7822 v=13500]  right[p=0.393 near=7740 v=7740]
[robot_supervisor-19] [INFO] [1776439063.959415553] [robot_4.robot_supervisor]: Detected zone changed to CORNER
[robot_supervisor-16] [INFO] [1776439063.960574041] [robot_3.robot_supervisor]: Selected controllable event: EV_rotate_clockwise
[robot_supervisor-16] [INFO] [1776439063.961057609] [robot_3.robot_supervisor]: rotate_90 blocked by recent completion; stopping this tick
[robot_supervisor-13] [INFO] [1776439063.968147363] [robot_2.robot_supervisor]: Selected controllable event: EV_rotate_clockwise
[robot_supervisor-13] [INFO] [1776439063.968648321] [robot_2.robot_supervisor]: rotate_90 blocked by recent completion; stopping this tick
[robot_supervisor-7] [INFO] [1776439064.028341832] [robot_0.robot_supervisor]: Selected controllable event: EV_move_forward
[robot_supervisor-10] [INFO] [1776439064.041092698] [robot_1.robot_supervisor]: Selected controllable event: EV_rotate_counterclockwise
[robot_supervisor-16] [INFO] [1776439064.060627717] [robot_3.robot_supervisor]: Selected controllable event: EV_rotate_clockwise
[robot_supervisor-13] [INFO] [1776439064.068152590] [robot_2.robot_supervisor]: Selected controllable event: EV_rotate_clockwise
[robot_supervisor-19] [INFO] [1776439064.205956726] [robot_4.robot_supervisor]: Selected controllable event: EV_rotate_clockwise
[robot_supervisor-7] [INFO] [1776439064.328410245] [robot_0.robot_supervisor]: Selected controllable event: EV_random_walk
[robot_supervisor-7] [INFO] [1776439064.628226672] [robot_0.robot_supervisor]: Selected controllable event: EV_move_forward
[bump_counter-3] [INFO] [1776439064.761599975] [bump_counter]: [global] bump #2 (obstacle) with: box4::link::collision
[robot_supervisor-7] [INFO] [1776439064.928177290] [robot_0.robot_supervisor]: Selected controllable event: EV_random_walk
[robot_supervisor-7] [INFO] [1776439065.228117060] [robot_0.robot_supervisor]: Selected controllable event: EV_move_forward
[robot_supervisor-7] [INFO] [1776439065.528775869] [robot_0.robot_supervisor]: Selected controllable event: EV_random_walk
[robot_supervisor-7] [INFO] [1776439065.828522270] [robot_0.robot_supervisor]: Selected controllable event: EV_move_forward
[robot_supervisor-7] [INFO] [1776439066.128693885] [robot_0.robot_supervisor]: Selected controllable event: EV_random_walk
[robot_supervisor-10] [INFO] [1776439066.241189671] [robot_1.robot_supervisor]: Selected controllable event: EV_rotate_counterclockwise
[robot_supervisor-10] [INFO] [1776439066.241472113] [robot_1.robot_supervisor]: rotate_90 blocked by recent completion; stopping this tick
[robot_supervisor-16] [INFO] [1776439066.260517762] [robot_3.robot_supervisor]: Selected controllable event: EV_rotate_clockwise
[robot_supervisor-16] [INFO] [1776439066.260902103] [robot_3.robot_supervisor]: rotate_90 blocked by recent completion; stopping this tick
[robot_supervisor-13] [INFO] [1776439066.268483584] [robot_2.robot_supervisor]: Selected controllable event: EV_rotate_clockwise
[robot_supervisor-13] [INFO] [1776439066.268992781] [robot_2.robot_supervisor]: rotate_90 blocked by recent completion; stopping this tick
[robot_supervisor-10] [INFO] [1776439066.341157785] [robot_1.robot_supervisor]: Selected controllable event: EV_rotate_counterclockwise
[robot_supervisor-10] [INFO] [1776439066.341438016] [robot_1.robot_supervisor]: rotate_90 blocked by recent completion; stopping this tick
[robot_supervisor-16] [INFO] [1776439066.360401402] [robot_3.robot_supervisor]: Selected controllable event: EV_rotate_clockwise
[robot_supervisor-16] [INFO] [1776439066.360707190] [robot_3.robot_supervisor]: rotate_90 blocked by recent completion; stopping this tick
[robot_supervisor-13] [INFO] [1776439066.368330740] [robot_2.robot_supervisor]: Selected controllable event: EV_rotate_clockwise
[robot_supervisor-13] [INFO] [1776439066.368772860] [robot_2.robot_supervisor]: rotate_90 blocked by recent completion; stopping this tick
[robot_supervisor-19] [INFO] [1776439066.405619071] [robot_4.robot_supervisor]: Selected controllable event: EV_rotate_clockwise
[robot_supervisor-19] [INFO] [1776439066.405939666] [robot_4.robot_supervisor]: rotate_90 blocked by recent completion; stopping this tick
[robot_supervisor-7] [INFO] [1776439066.428427680] [robot_0.robot_supervisor]: Selected controllable event: EV_move_forward
[image_processor-24] [INFO] [1776439066.429558303] [robot_3.image_processor]: Zone=LEFT
[image_processor-22] [INFO] [1776439066.439121231] [robot_1.image_processor]: Zone=CORNER  left[p=1.863 near=703 v=7650]  front[p=0.295 near=13500 v=13500]  right[p=0.315 near=4479 v=7740]
[robot_supervisor-10] [INFO] [1776439066.439889056] [robot_1.robot_supervisor]: Detected zone changed to CORNER
[robot_supervisor-10] [INFO] [1776439066.441095101] [robot_1.robot_supervisor]: Selected controllable event: EV_rotate_clockwise
[image_processor-21] [INFO] [1776439066.448287965] [robot_0.image_processor]: Zone=CLEAR
[image_processor-25] [INFO] [1776439066.457386661] [robot_4.image_processor]: Zone=CORNER
[robot_supervisor-16] [INFO] [1776439066.460351799] [robot_3.robot_supervisor]: Selected controllable event: EV_rotate_clockwise
[robot_supervisor-13] [INFO] [1776439066.468376293] [robot_2.robot_supervisor]: Selected controllable event: EV_rotate_clockwise
[robot_supervisor-19] [INFO] [1776439066.505901963] [robot_4.robot_supervisor]: Selected controllable event: EV_rotate_clockwise
[robot_supervisor-19] [INFO] [1776439066.506276936] [robot_4.robot_supervisor]: rotate_90 blocked by recent completion; stopping this tick
[image_processor-23] [INFO] [1776439066.521536909] [robot_2.image_processor]: Zone=CLEAR  left[p=2.418 near=0 v=5642]  front[p=2.782 near=0 v=6527]  right[p=1.997 near=0 v=4923]
[robot_supervisor-13] [INFO] [1776439066.522216423] [robot_2.robot_supervisor]: Detected zone changed to CLEAR
[robot_supervisor-19] [INFO] [1776439066.605777097] [robot_4.robot_supervisor]: Selected controllable event: EV_rotate_clockwise
[robot_supervisor-7] [INFO] [1776439066.728396186] [robot_0.robot_supervisor]: Selected controllable event: EV_random_walk
[robot_supervisor-7] [INFO] [1776439067.028393815] [robot_0.robot_supervisor]: Selected controllable event: EV_move_forward
[robot_supervisor-7] [INFO] [1776439067.328119702] [robot_0.robot_supervisor]: Selected controllable event: EV_random_walk
[robot_supervisor-7] [INFO] [1776439067.628330552] [robot_0.robot_supervisor]: Selected controllable event: EV_move_forward
[robot_supervisor-7] [INFO] [1776439067.928158786] [robot_0.robot_supervisor]: Selected controllable event: EV_random_walk
[robot_supervisor-7] [INFO] [1776439068.228658206] [robot_0.robot_supervisor]: Selected controllable event: EV_move_forward
[robot_supervisor-7] [INFO] [1776439068.528405734] [robot_0.robot_supervisor]: Selected controllable event: EV_random_walk
[robot_supervisor-16] [INFO] [1776439068.560479306] [robot_3.robot_supervisor]: Selected controllable event: EV_rotate_clockwise
[robot_supervisor-16] [INFO] [1776439068.561324912] [robot_3.robot_supervisor]: rotate_90 blocked by recent completion; stopping this tick
[robot_supervisor-10] [INFO] [1776439068.641620860] [robot_1.robot_supervisor]: Selected controllable event: EV_rotate_clockwise
[robot_supervisor-10] [INFO] [1776439068.641956862] [robot_1.robot_supervisor]: rotate_90 blocked by recent completion; stopping this tick
[robot_supervisor-16] [INFO] [1776439068.660345457] [robot_3.robot_supervisor]: Selected controllable event: EV_rotate_clockwise
[robot_supervisor-16] [INFO] [1776439068.660816195] [robot_3.robot_supervisor]: rotate_90 blocked by recent completion; stopping this tick
[robot_supervisor-13] [INFO] [1776439068.668172919] [robot_2.robot_supervisor]: Selected controllable event: EV_rotate_clockwise
[robot_supervisor-13] [INFO] [1776439068.668545603] [robot_2.robot_supervisor]: rotate_90 blocked by recent completion; stopping this tick
[robot_supervisor-10] [INFO] [1776439068.741319449] [robot_1.robot_supervisor]: Selected controllable event: EV_rotate_clockwise
[robot_supervisor-10] [INFO] [1776439068.741682375] [robot_1.robot_supervisor]: rotate_90 blocked by recent completion; stopping this tick
[robot_supervisor-16] [INFO] [1776439068.760109418] [robot_3.robot_supervisor]: Selected controllable event: EV_rotate_clockwise
[robot_supervisor-16] [INFO] [1776439068.760344798] [robot_3.robot_supervisor]: rotate_90 blocked by recent completion; stopping this tick
[robot_supervisor-13] [INFO] [1776439068.768128765] [robot_2.robot_supervisor]: Selected controllable event: EV_random_walk
[robot_supervisor-19] [INFO] [1776439068.805627467] [robot_4.robot_supervisor]: Selected controllable event: EV_rotate_clockwise
[robot_supervisor-19] [INFO] [1776439068.805973011] [robot_4.robot_supervisor]: rotate_90 blocked by recent completion; stopping this tick
[robot_supervisor-7] [INFO] [1776439068.828142825] [robot_0.robot_supervisor]: Selected controllable event: EV_move_forward
[robot_supervisor-10] [INFO] [1776439068.841020884] [robot_1.robot_supervisor]: Selected controllable event: EV_rotate_clockwise
[robot_supervisor-16] [INFO] [1776439068.860673964] [robot_3.robot_supervisor]: Selected controllable event: EV_rotate_clockwise
[robot_supervisor-19] [INFO] [1776439068.905691897] [robot_4.robot_supervisor]: Selected controllable event: EV_rotate_clockwise
[robot_supervisor-19] [INFO] [1776439068.906014491] [robot_4.robot_supervisor]: rotate_90 blocked by recent completion; stopping this tick
[image_processor-23] [INFO] [1776439068.907270110] [robot_2.image_processor]: Zone=CORNER  left[p=2.075 near=0 v=5037]  front[p=0.405 near=7190 v=12798]  right[p=0.241 near=7740 v=7740]
[robot_supervisor-13] [INFO] [1776439068.908403681] [robot_2.robot_supervisor]: Detected zone changed to CORNER
[image_processor-24] [INFO] [1776439068.921753965] [robot_3.image_processor]: Zone=CLEAR  left[p=1.002 near=0 v=7342]  front[p=3.240 near=0 v=9969]  right[p=2.782 near=0 v=5177]
[robot_supervisor-16] [INFO] [1776439068.922514595] [robot_3.robot_supervisor]: Detected zone changed to CLEAR
[image_processor-22] [INFO] [1776439068.931266676] [robot_1.image_processor]: Zone=RIGHT  left[p=1.472 near=0 v=7650]  front[p=1.695 near=0 v=13500]  right[p=0.742 near=1467 v=7740]
[robot_supervisor-10] [INFO] [1776439068.931828766] [robot_1.robot_supervisor]: Detected zone changed to RIGHT
[image_processor-21] [INFO] [1776439068.941738092] [robot_0.image_processor]: Zone=CLEAR
[image_processor-25] [INFO] [1776439068.957717489] [robot_4.image_processor]: Zone=CLEAR  left[p=0.937 near=0 v=7650]  front[p=1.046 near=0 v=10622]  right[p=3.125 near=0 v=5651]
[robot_supervisor-19] [INFO] [1776439068.958326078] [robot_4.robot_supervisor]: Detected zone changed to CLEAR
[robot_supervisor-19] [INFO] [1776439069.005614848] [robot_4.robot_supervisor]: Selected controllable event: EV_rotate_clockwise
[robot_supervisor-13] [INFO] [1776439069.068414572] [robot_2.robot_supervisor]: Selected controllable event: EV_rotate_clockwise
[robot_supervisor-7] [INFO] [1776439069.128424298] [robot_0.robot_supervisor]: Selected controllable event: EV_random_walk
[bump_counter-3] [INFO] [1776439069.271992233] [bump_counter]: [global] bump #3 (obstacle) with: box4::link::collision
[robot_supervisor-7] [INFO] [1776439069.428139958] [robot_0.robot_supervisor]: Selected controllable event: EV_move_forward
[robot_supervisor-7] [INFO] [1776439069.728215169] [robot_0.robot_supervisor]: Selected controllable event: EV_random_walk
[robot_supervisor-7] [INFO] [1776439070.028190201] [robot_0.robot_supervisor]: Selected controllable event: EV_move_forward
[robot_supervisor-7] [INFO] [1776439070.328176339] [robot_0.robot_supervisor]: Selected controllable event: EV_random_walk
[robot_supervisor-7] [INFO] [1776439070.628163567] [robot_0.robot_supervisor]: Selected controllable event: EV_move_forward
[robot_supervisor-7] [INFO] [1776439070.928219694] [robot_0.robot_supervisor]: Selected controllable event: EV_random_walk
[robot_supervisor-10] [INFO] [1776439070.940926146] [robot_1.robot_supervisor]: Selected controllable event: EV_rotate_counterclockwise
[robot_supervisor-10] [INFO] [1776439070.941137718] [robot_1.robot_supervisor]: rotate_90 blocked by recent completion; stopping this tick
[robot_supervisor-16] [INFO] [1776439070.960438477] [robot_3.robot_supervisor]: Selected controllable event: EV_rotate_clockwise
[robot_supervisor-16] [INFO] [1776439070.960801797] [robot_3.robot_supervisor]: rotate_90 blocked by recent completion; stopping this tick
[robot_supervisor-10] [INFO] [1776439071.041326668] [robot_1.robot_supervisor]: Selected controllable event: EV_rotate_counterclockwise
[robot_supervisor-10] [INFO] [1776439071.041698912] [robot_1.robot_supervisor]: rotate_90 blocked by recent completion; stopping this tick
[robot_supervisor-16] [INFO] [1776439071.060137013] [robot_3.robot_supervisor]: Selected controllable event: EV_random_walk
[robot_supervisor-10] [INFO] [1776439071.141381941] [robot_1.robot_supervisor]: Selected controllable event: EV_rotate_counterclockwise
[robot_supervisor-10] [INFO] [1776439071.141749841] [robot_1.robot_supervisor]: rotate_90 blocked by recent completion; stopping this tick
[robot_supervisor-19] [INFO] [1776439071.205634599] [robot_4.robot_supervisor]: Selected controllable event: EV_random_walk
[robot_supervisor-7] [INFO] [1776439071.228254918] [robot_0.robot_supervisor]: Selected controllable event: EV_move_forward
[robot_supervisor-10] [INFO] [1776439071.241430576] [robot_1.robot_supervisor]: Selected controllable event: EV_rotate_counterclockwise
[robot_supervisor-13] [INFO] [1776439071.268157478] [robot_2.robot_supervisor]: Selected controllable event: EV_rotate_clockwise
[robot_supervisor-13] [INFO] [1776439071.268550528] [robot_2.robot_supervisor]: rotate_90 blocked by recent completion; stopping this tick
[robot_supervisor-16] [INFO] [1776439071.360156847] [robot_3.robot_supervisor]: Selected controllable event: EV_move_forward
[robot_supervisor-13] [INFO] [1776439071.368123595] [robot_2.robot_supervisor]: Selected controllable event: EV_rotate_clockwise
[robot_supervisor-13] [INFO] [1776439071.368632088] [robot_2.robot_supervisor]: rotate_90 blocked by recent completion; stopping this tick
[image_processor-23] [INFO] [1776439071.405808077] [robot_2.image_processor]: Zone=CORNER
[image_processor-24] [INFO] [1776439071.420424617] [robot_3.image_processor]: Zone=CORNER  left[p=0.252 near=7650 v=7650]  front[p=0.262 near=13500 v=13500]  right[p=0.273 near=7740 v=7740]
[robot_supervisor-16] [INFO] [1776439071.420913377] [robot_3.robot_supervisor]: Detected zone changed to CORNER
[image_processor-22] [INFO] [1776439071.436558449] [robot_1.image_processor]: Zone=CORNER  left[p=0.387 near=7650 v=7650]  front[p=0.392 near=6190 v=11521]  right[p=2.994 near=0 v=4893]
[robot_supervisor-10] [INFO] [1776439071.437408162] [robot_1.robot_supervisor]: Detected zone changed to CORNER
[image_processor-21] [INFO] [1776439071.444733127] [robot_0.image_processor]: Zone=CLEAR
[image_processor-25] [INFO] [1776439071.460474782] [robot_4.image_processor]: Zone=CLEAR
[robot_supervisor-13] [INFO] [1776439071.467998833] [robot_2.robot_supervisor]: Selected controllable event: EV_rotate_clockwise
[robot_supervisor-19] [INFO] [1776439071.505829238] [robot_4.robot_supervisor]: Selected controllable event: EV_move_forward
[robot_supervisor-7] [INFO] [1776439071.528243593] [robot_0.robot_supervisor]: Selected controllable event: EV_random_walk
[robot_supervisor-16] [INFO] [1776439071.660351519] [robot_3.robot_supervisor]: Selected controllable event: EV_rotate_clockwise
[robot_supervisor-19] [INFO] [1776439071.805848227] [robot_4.robot_supervisor]: Selected controllable event: EV_random_walk
[robot_supervisor-7] [INFO] [1776439071.828155301] [robot_0.robot_supervisor]: Selected controllable event: EV_move_forward
[bump_counter-3] [INFO] [1776439072.101013428] [bump_counter]: [global] bump #4 (obstacle) with: box3::link::collision
[robot_supervisor-19] [INFO] [1776439072.105592282] [robot_4.robot_supervisor]: Selected controllable event: EV_move_forward
[robot_supervisor-7] [INFO] [1776439072.128150367] [robot_0.robot_supervisor]: Selected controllable event: EV_random_walk
[robot_supervisor-19] [INFO] [1776439072.405711759] [robot_4.robot_supervisor]: Selected controllable event: EV_random_walk
[robot_supervisor-7] [INFO] [1776439072.428243092] [robot_0.robot_supervisor]: Selected controllable event: EV_move_forward
[robot_supervisor-19] [INFO] [1776439072.705648275] [robot_4.robot_supervisor]: Selected controllable event: EV_move_forward
[robot_supervisor-7] [INFO] [1776439072.728073809] [robot_0.robot_supervisor]: Selected controllable event: EV_random_walk
[robot_supervisor-19] [INFO] [1776439073.005635067] [robot_4.robot_supervisor]: Selected controllable event: EV_random_walk
[robot_supervisor-7] [INFO] [1776439073.028448953] [robot_0.robot_supervisor]: Selected controllable event: EV_move_forward
[robot_supervisor-19] [INFO] [1776439073.305485867] [robot_4.robot_supervisor]: Selected controllable event: EV_move_forward
[robot_supervisor-7] [INFO] [1776439073.328195589] [robot_0.robot_supervisor]: Selected controllable event: EV_random_walk
[robot_supervisor-10] [INFO] [1776439073.341124531] [robot_1.robot_supervisor]: Selected controllable event: EV_rotate_clockwise
[robot_supervisor-10] [INFO] [1776439073.341483474] [robot_1.robot_supervisor]: rotate_90 blocked by recent completion; stopping this tick
[robot_supervisor-10] [INFO] [1776439073.441025715] [robot_1.robot_supervisor]: Selected controllable event: EV_rotate_clockwise
[robot_supervisor-10] [INFO] [1776439073.441267110] [robot_1.robot_supervisor]: rotate_90 blocked by recent completion; stopping this tick
[robot_supervisor-10] [INFO] [1776439073.541387391] [robot_1.robot_supervisor]: Selected controllable event: EV_rotate_clockwise
[robot_supervisor-10] [INFO] [1776439073.541750247] [robot_1.robot_supervisor]: rotate_90 blocked by recent completion; stopping this tick
[robot_supervisor-13] [INFO] [1776439073.567964061] [robot_2.robot_supervisor]: Selected controllable event: EV_rotate_clockwise
[robot_supervisor-13] [INFO] [1776439073.568149849] [robot_2.robot_supervisor]: rotate_90 blocked by recent completion; stopping this tick
[robot_supervisor-19] [INFO] [1776439073.605865204] [robot_4.robot_supervisor]: Selected controllable event: EV_random_walk
[robot_supervisor-7] [INFO] [1776439073.628277249] [robot_0.robot_supervisor]: Selected controllable event: EV_move_forward
[robot_supervisor-10] [INFO] [1776439073.641042469] [robot_1.robot_supervisor]: Selected controllable event: EV_rotate_clockwise
[robot_supervisor-13] [INFO] [1776439073.668248612] [robot_2.robot_supervisor]: Selected controllable event: EV_rotate_clockwise
[robot_supervisor-13] [INFO] [1776439073.668608384] [robot_2.robot_supervisor]: rotate_90 blocked by recent completion; stopping this tick
[robot_supervisor-13] [INFO] [1776439073.768240018] [robot_2.robot_supervisor]: Selected controllable event: EV_rotate_clockwise
[robot_supervisor-13] [INFO] [1776439073.768619611] [robot_2.robot_supervisor]: rotate_90 blocked by recent completion; stopping this tick
[robot_supervisor-16] [INFO] [1776439073.860253492] [robot_3.robot_supervisor]: Selected controllable event: EV_rotate_clockwise
[robot_supervisor-16] [INFO] [1776439073.860629447] [robot_3.robot_supervisor]: rotate_90 blocked by recent completion; stopping this tick
[robot_supervisor-13] [INFO] [1776439073.868141908] [robot_2.robot_supervisor]: Selected controllable event: EV_rotate_clockwise
[image_processor-23] [INFO] [1776439073.903849473] [robot_2.image_processor]: Zone=LEFT  left[p=0.627 near=6477 v=7650]  front[p=0.911 near=0 v=13500]  right[p=2.336 near=0 v=6445]
[robot_supervisor-13] [INFO] [1776439073.904447937] [robot_2.robot_supervisor]: Detected zone changed to LEFT
[robot_supervisor-19] [INFO] [1776439073.905460828] [robot_4.robot_supervisor]: Selected controllable event: EV_move_forward
[image_processor-24] [INFO] [1776439073.912737468] [robot_3.image_processor]: Zone=LEFT  left[p=0.434 near=6237 v=7650]  front[p=1.454 near=0 v=13473]  right[p=1.000 near=0 v=7740]
[robot_supervisor-16] [INFO] [1776439073.913180582] [robot_3.robot_supervisor]: Detected zone changed to LEFT
[image_processor-22] [INFO] [1776439073.922524510] [robot_1.image_processor]: Zone=RIGHT  left[p=1.428 near=0 v=7650]  front[p=1.698 near=0 v=13500]  right[p=0.633 near=3014 v=7740]
[robot_supervisor-10] [INFO] [1776439073.923312310] [robot_1.robot_supervisor]: Detected zone changed to RIGHT
[robot_supervisor-7] [INFO] [1776439073.927982817] [robot_0.robot_supervisor]: Selected controllable event: EV_random_walk
[image_processor-21] [INFO] [1776439073.931063960] [robot_0.image_processor]: Zone=CLEAR
[image_processor-25] [INFO] [1776439073.944291948] [robot_4.image_processor]: Zone=CLEAR
[robot_supervisor-16] [INFO] [1776439073.960334963] [robot_3.robot_supervisor]: Selected controllable event: EV_rotate_clockwise
[robot_supervisor-16] [INFO] [1776439073.960674524] [robot_3.robot_supervisor]: rotate_90 blocked by recent completion; stopping this tick
[robot_supervisor-16] [INFO] [1776439074.060306839] [robot_3.robot_supervisor]: Selected controllable event: EV_rotate_clockwise
[robot_supervisor-19] [INFO] [1776439074.205630997] [robot_4.robot_supervisor]: Selected controllable event: EV_random_walk
[robot_supervisor-7] [INFO] [1776439074.228006500] [robot_0.robot_supervisor]: Selected controllable event: EV_move_forward
[robot_supervisor-19] [INFO] [1776439074.505869871] [robot_4.robot_supervisor]: Selected controllable event: EV_move_forward
[robot_supervisor-7] [INFO] [1776439074.528451645] [robot_0.robot_supervisor]: Selected controllable event: EV_random_walk
[bump_counter-3] [INFO] [1776439074.780031832] [bump_counter]: [global] bump #5 (obstacle) with: box3::link::collision
[robot_supervisor-19] [INFO] [1776439074.805743363] [robot_4.robot_supervisor]: Selected controllable event: EV_random_walk
[robot_supervisor-7] [INFO] [1776439074.828190125] [robot_0.robot_supervisor]: Selected controllable event: EV_move_forward
[robot_supervisor-19] [INFO] [1776439075.105717522] [robot_4.robot_supervisor]: Selected controllable event: EV_move_forward
[robot_supervisor-7] [INFO] [1776439075.128120481] [robot_0.robot_supervisor]: Selected controllable event: EV_random_walk
[robot_supervisor-19] [INFO] [1776439075.405702053] [robot_4.robot_supervisor]: Selected controllable event: EV_random_walk
[robot_supervisor-7] [INFO] [1776439075.428467396] [robot_0.robot_supervisor]: Selected controllable event: EV_move_forward
[robot_supervisor-19] [INFO] [1776439075.705651657] [robot_4.robot_supervisor]: Selected controllable event: EV_move_forward
[robot_supervisor-7] [INFO] [1776439075.728117280] [robot_0.robot_supervisor]: Selected controllable event: EV_random_walk
[robot_supervisor-10] [INFO] [1776439075.840752252] [robot_1.robot_supervisor]: Selected controllable event: EV_rotate_counterclockwise
[robot_supervisor-10] [INFO] [1776439075.840931208] [robot_1.robot_supervisor]: rotate_90 blocked by recent completion; stopping this tick
[robot_supervisor-10] [INFO] [1776439075.941133943] [robot_1.robot_supervisor]: Selected controllable event: EV_rotate_counterclockwise
[robot_supervisor-10] [INFO] [1776439075.941508827] [robot_1.robot_supervisor]: rotate_90 blocked by recent completion; stopping this tick
[robot_supervisor-13] [INFO] [1776439075.968010670] [robot_2.robot_supervisor]: Selected controllable event: EV_rotate_clockwise
[robot_supervisor-13] [INFO] [1776439075.968189819] [robot_2.robot_supervisor]: rotate_90 blocked by recent completion; stopping this tick
[robot_supervisor-19] [INFO] [1776439076.005702862] [robot_4.robot_supervisor]: Selected controllable event: EV_random_walk
[robot_supervisor-7] [INFO] [1776439076.028002978] [robot_0.robot_supervisor]: Selected controllable event: EV_move_forward
[robot_supervisor-10] [INFO] [1776439076.041160293] [robot_1.robot_supervisor]: Selected controllable event: EV_rotate_counterclockwise
[robot_supervisor-13] [INFO] [1776439076.068176923] [robot_2.robot_supervisor]: Selected controllable event: EV_rotate_clockwise
[robot_supervisor-13] [INFO] [1776439076.068557331] [robot_2.robot_supervisor]: rotate_90 blocked by recent completion; stopping this tick
[robot_supervisor-16] [INFO] [1776439076.160651261] [robot_3.robot_supervisor]: Selected controllable event: EV_rotate_clockwise
[robot_supervisor-16] [INFO] [1776439076.161116197] [robot_3.robot_supervisor]: rotate_90 blocked by recent completion; stopping this tick
[robot_supervisor-13] [INFO] [1776439076.168198048] [robot_2.robot_supervisor]: Selected controllable event: EV_rotate_clockwise
[robot_supervisor-13] [INFO] [1776439076.168717387] [robot_2.robot_supervisor]: rotate_90 blocked by recent completion; stopping this tick
[robot_supervisor-16] [INFO] [1776439076.260497439] [robot_3.robot_supervisor]: Selected controllable event: EV_rotate_clockwise
[robot_supervisor-16] [INFO] [1776439076.260924685] [robot_3.robot_supervisor]: rotate_90 blocked by recent completion; stopping this tick
[robot_supervisor-13] [INFO] [1776439076.268272173] [robot_2.robot_supervisor]: Selected controllable event: EV_rotate_clockwise
[robot_supervisor-19] [INFO] [1776439076.305668337] [robot_4.robot_supervisor]: Selected controllable event: EV_move_forward
[robot_supervisor-7] [INFO] [1776439076.328087111] [robot_0.robot_supervisor]: Selected controllable event: EV_random_walk
[robot_supervisor-16] [INFO] [1776439076.360348420] [robot_3.robot_supervisor]: Selected controllable event: EV_rotate_clockwise
[robot_supervisor-16] [INFO] [1776439076.360754990] [robot_3.robot_supervisor]: rotate_90 blocked by recent completion; stopping this tick
[image_processor-23] [INFO] [1776439076.420788786] [robot_2.image_processor]: Zone=LEFT
[image_processor-24] [INFO] [1776439076.426205718] [robot_3.image_processor]: Zone=LEFT
[image_processor-22] [INFO] [1776439076.443699981] [robot_1.image_processor]: Zone=CORNER  left[p=0.449 near=7650 v=7650]  front[p=0.402 near=8462 v=12451]  right[p=2.993 near=0 v=4896]
[robot_supervisor-10] [INFO] [1776439076.444176682] [robot_1.robot_supervisor]: Detected zone changed to CORNER
[image_processor-21] [INFO] [1776439076.454780605] [robot_0.image_processor]: Zone=CLEAR
[robot_supervisor-16] [INFO] [1776439076.460709641] [robot_3.robot_supervisor]: Selected controllable event: EV_rotate_clockwise
[image_processor-25] [INFO] [1776439076.467889687] [robot_4.image_processor]: Zone=CLEAR
[robot_supervisor-19] [INFO] [1776439076.605699158] [robot_4.robot_supervisor]: Selected controllable event: EV_random_walk
[robot_supervisor-7] [INFO] [1776439076.628151324] [robot_0.robot_supervisor]: Selected controllable event: EV_move_forward
[robot_supervisor-19] [INFO] [1776439076.905631816] [robot_4.robot_supervisor]: Selected controllable event: EV_move_forward
[robot_supervisor-7] [INFO] [1776439076.927997133] [robot_0.robot_supervisor]: Selected controllable event: EV_random_walk
[robot_supervisor-19] [INFO] [1776439077.205595436] [robot_4.robot_supervisor]: Selected controllable event: EV_random_walk
[robot_supervisor-7] [INFO] [1776439077.228146251] [robot_0.robot_supervisor]: Selected controllable event: EV_move_forward
[robot_supervisor-19] [INFO] [1776439077.505622953] [robot_4.robot_supervisor]: Selected controllable event: EV_move_forward
[robot_supervisor-7] [INFO] [1776439077.528223285] [robot_0.robot_supervisor]: Selected controllable event: EV_random_walk
[robot_supervisor-19] [INFO] [1776439077.805699153] [robot_4.robot_supervisor]: Selected controllable event: EV_random_walk
[robot_supervisor-7] [INFO] [1776439077.828341408] [robot_0.robot_supervisor]: Selected controllable event: EV_move_forward
[robot_supervisor-19] [INFO] [1776439078.105663596] [robot_4.robot_supervisor]: Selected controllable event: EV_move_forward
[robot_supervisor-7] [INFO] [1776439078.128298097] [robot_0.robot_supervisor]: Selected controllable event: EV_random_walk
[robot_supervisor-10] [INFO] [1776439078.241473418] [robot_1.robot_supervisor]: Selected controllable event: EV_rotate_clockwise
[robot_supervisor-10] [INFO] [1776439078.241866798] [robot_1.robot_supervisor]: rotate_90 blocked by recent completion; stopping this tick
[robot_supervisor-10] [INFO] [1776439078.341132145] [robot_1.robot_supervisor]: Selected controllable event: EV_rotate_clockwise
[robot_supervisor-10] [INFO] [1776439078.341428382] [robot_1.robot_supervisor]: rotate_90 blocked by recent completion; stopping this tick
[robot_supervisor-19] [INFO] [1776439078.405857698] [robot_4.robot_supervisor]: Selected controllable event: EV_random_walk
[robot_supervisor-7] [INFO] [1776439078.428013871] [robot_0.robot_supervisor]: Selected controllable event: EV_move_forward
[robot_supervisor-10] [INFO] [1776439078.441194196] [robot_1.robot_supervisor]: Selected controllable event: EV_rotate_clockwise
[robot_supervisor-13] [INFO] [1776439078.468330799] [robot_2.robot_supervisor]: Selected controllable event: EV_rotate_clockwise
[robot_supervisor-13] [INFO] [1776439078.468767836] [robot_2.robot_supervisor]: rotate_90 blocked by recent completion; stopping this tick
[robot_supervisor-16] [INFO] [1776439078.560479673] [robot_3.robot_supervisor]: Selected controllable event: EV_rotate_clockwise
[robot_supervisor-16] [INFO] [1776439078.560861032] [robot_3.robot_supervisor]: rotate_90 blocked by recent completion; stopping this tick
[robot_supervisor-13] [INFO] [1776439078.568449796] [robot_2.robot_supervisor]: Selected controllable event: EV_rotate_clockwise
[robot_supervisor-13] [INFO] [1776439078.568855428] [robot_2.robot_supervisor]: rotate_90 blocked by recent completion; stopping this tick
[robot_supervisor-16] [INFO] [1776439078.660539008] [robot_3.robot_supervisor]: Selected controllable event: EV_rotate_clockwise
[robot_supervisor-16] [INFO] [1776439078.661031033] [robot_3.robot_supervisor]: rotate_90 blocked by recent completion; stopping this tick
[robot_supervisor-13] [INFO] [1776439078.668153000] [robot_2.robot_supervisor]: Selected controllable event: EV_rotate_clockwise
[robot_supervisor-19] [INFO] [1776439078.705608931] [robot_4.robot_supervisor]: Selected controllable event: EV_move_forward
[robot_supervisor-7] [INFO] [1776439078.728125929] [robot_0.robot_supervisor]: Selected controllable event: EV_random_walk
[robot_supervisor-16] [INFO] [1776439078.760351853] [robot_3.robot_supervisor]: Selected controllable event: EV_rotate_clockwise
[robot_supervisor-16] [INFO] [1776439078.760899951] [robot_3.robot_supervisor]: rotate_90 blocked by recent completion; stopping this tick
[robot_supervisor-16] [INFO] [1776439078.860324692] [robot_3.robot_supervisor]: Selected controllable event: EV_rotate_clockwise
[image_processor-23] [INFO] [1776439078.905155929] [robot_2.image_processor]: Zone=CORNER  left[p=1.004 near=0 v=6907]  front[p=0.302 near=12779 v=13500]  right[p=0.209 near=7740 v=7740]
[robot_supervisor-13] [INFO] [1776439078.906132663] [robot_2.robot_supervisor]: Detected zone changed to CORNER
[image_processor-24] [INFO] [1776439078.921953212] [robot_3.image_processor]: Zone=RIGHT  left[p=2.897 near=0 v=7139]  front[p=2.781 near=0 v=8949]  right[p=0.270 near=4280 v=6665]
[robot_supervisor-16] [INFO] [1776439078.922424577] [robot_3.robot_supervisor]: Detected zone changed to RIGHT
[image_processor-22] [INFO] [1776439078.932385363] [robot_1.image_processor]: Zone=RIGHT  left[p=1.368 near=0 v=7650]  front[p=1.668 near=0 v=13500]  right[p=0.483 near=6031 v=7740]
[robot_supervisor-10] [INFO] [1776439078.932877984] [robot_1.robot_supervisor]: Detected zone changed to RIGHT
[image_processor-21] [INFO] [1776439078.940349181] [robot_0.image_processor]: Zone=CORNER  left[p=0.505 near=7650 v=7650]  front[p=0.574 near=4912 v=13500]  right[p=1.506 near=0 v=7740]
[robot_supervisor-7] [INFO] [1776439078.941871260] [robot_0.robot_supervisor]: Detected zone changed to CORNER
[image_processor-25] [INFO] [1776439078.954059964] [robot_4.image_processor]: Zone=CLEAR
[robot_supervisor-19] [INFO] [1776439079.005908261] [robot_4.robot_supervisor]: Selected controllable event: EV_random_walk
[robot_supervisor-7] [INFO] [1776439079.028259571] [robot_0.robot_supervisor]: Selected controllable event: EV_rotate_clockwise
[robot_supervisor-19] [INFO] [1776439079.305599668] [robot_4.robot_supervisor]: Selected controllable event: EV_move_forward
[robot_supervisor-19] [INFO] [1776439079.605612123] [robot_4.robot_supervisor]: Selected controllable event: EV_random_walk
[robot_supervisor-19] [INFO] [1776439079.905663914] [robot_4.robot_supervisor]: Selected controllable event: EV_move_forward
[robot_supervisor-19] [INFO] [1776439080.205753718] [robot_4.robot_supervisor]: Selected controllable event: EV_random_walk
[robot_supervisor-19] [INFO] [1776439080.505639594] [robot_4.robot_supervisor]: Selected controllable event: EV_move_forward
[robot_supervisor-10] [INFO] [1776439080.640881827] [robot_1.robot_supervisor]: Selected controllable event: EV_rotate_counterclockwise
[robot_supervisor-10] [INFO] [1776439080.641154042] [robot_1.robot_supervisor]: rotate_90 blocked by recent completion; stopping this tick
[robot_supervisor-10] [INFO] [1776439080.740961996] [robot_1.robot_supervisor]: Selected controllable event: EV_rotate_counterclockwise
[robot_supervisor-10] [INFO] [1776439080.741314856] [robot_1.robot_supervisor]: rotate_90 blocked by recent completion; stopping this tick
[robot_supervisor-19] [INFO] [1776439080.805812086] [robot_4.robot_supervisor]: Selected controllable event: EV_random_walk
[robot_supervisor-10] [INFO] [1776439080.841212592] [robot_1.robot_supervisor]: Selected controllable event: EV_rotate_counterclockwise
[robot_supervisor-13] [INFO] [1776439080.868113688] [robot_2.robot_supervisor]: Selected controllable event: EV_rotate_clockwise
[robot_supervisor-13] [INFO] [1776439080.868366032] [robot_2.robot_supervisor]: rotate_90 blocked by recent completion; stopping this tick
[robot_supervisor-16] [INFO] [1776439080.960426797] [robot_3.robot_supervisor]: Selected controllable event: EV_rotate_counterclockwise
[robot_supervisor-16] [INFO] [1776439080.960819398] [robot_3.robot_supervisor]: rotate_90 blocked by recent completion; stopping this tick
[robot_supervisor-13] [INFO] [1776439080.968253801] [robot_2.robot_supervisor]: Selected controllable event: EV_rotate_clockwise
[robot_supervisor-13] [INFO] [1776439080.968620475] [robot_2.robot_supervisor]: rotate_90 blocked by recent completion; stopping this tick
[robot_supervisor-16] [INFO] [1776439081.060294971] [robot_3.robot_supervisor]: Selected controllable event: EV_rotate_counterclockwise
[robot_supervisor-16] [INFO] [1776439081.060663897] [robot_3.robot_supervisor]: rotate_90 blocked by recent completion; stopping this tick
[robot_supervisor-13] [INFO] [1776439081.068342829] [robot_2.robot_supervisor]: Selected controllable event: EV_rotate_clockwise
[robot_supervisor-19] [INFO] [1776439081.105668585] [robot_4.robot_supervisor]: Selected controllable event: EV_move_forward
[robot_supervisor-16] [INFO] [1776439081.160383911] [robot_3.robot_supervisor]: Selected controllable event: EV_rotate_counterclockwise
[robot_supervisor-16] [INFO] [1776439081.160759146] [robot_3.robot_supervisor]: rotate_90 blocked by recent completion; stopping this tick
[robot_supervisor-7] [INFO] [1776439081.228262821] [robot_0.robot_supervisor]: Selected controllable event: EV_rotate_clockwise
[robot_supervisor-7] [INFO] [1776439081.228716959] [robot_0.robot_supervisor]: rotate_90 blocked by recent completion; stopping this tick
[robot_supervisor-16] [INFO] [1776439081.260290116] [robot_3.robot_supervisor]: Selected controllable event: EV_rotate_counterclockwise
[robot_supervisor-7] [INFO] [1776439081.327906455] [robot_0.robot_supervisor]: Selected controllable event: EV_rotate_clockwise
[robot_supervisor-7] [INFO] [1776439081.328094124] [robot_0.robot_supervisor]: rotate_90 blocked by recent completion; stopping this tick
[robot_supervisor-19] [INFO] [1776439081.405669875] [robot_4.robot_supervisor]: Selected controllable event: EV_random_walk
[image_processor-23] [INFO] [1776439081.406934563] [robot_2.image_processor]: Zone=CORNER
[image_processor-24] [INFO] [1776439081.418912973] [robot_3.image_processor]: Zone=CORNER  left[p=0.207 near=7650 v=7650]  front[p=0.246 near=13500 v=13500]  right[p=0.340 near=7740 v=7740]
[robot_supervisor-16] [INFO] [1776439081.419667521] [robot_3.robot_supervisor]: Detected zone changed to CORNER
[robot_supervisor-7] [INFO] [1776439081.428256593] [robot_0.robot_supervisor]: Selected controllable event: EV_rotate_clockwise
[image_processor-22] [INFO] [1776439081.434854898] [robot_1.image_processor]: Zone=CORNER  left[p=0.593 near=4912 v=7650]  front[p=0.413 near=11834 v=13500]  right[p=1.550 near=0 v=5187]
[robot_supervisor-10] [INFO] [1776439081.435804528] [robot_1.robot_supervisor]: Detected zone changed to CORNER
[image_processor-21] [INFO] [1776439081.447477632] [robot_0.image_processor]: Zone=CLEAR  left[p=1.536 near=0 v=7650]  front[p=2.351 near=0 v=12895]  right[p=1.370 near=0 v=6697]
[robot_supervisor-7] [INFO] [1776439081.448006005] [robot_0.robot_supervisor]: Detected zone changed to CLEAR
[image_processor-25] [INFO] [1776439081.459029459] [robot_4.image_processor]: Zone=CLEAR
[robot_supervisor-19] [INFO] [1776439081.705693070] [robot_4.robot_supervisor]: Selected controllable event: EV_move_forward
[robot_supervisor-19] [INFO] [1776439082.005654729] [robot_4.robot_supervisor]: Selected controllable event: EV_random_walk
[robot_supervisor-19] [INFO] [1776439082.305623187] [robot_4.robot_supervisor]: Selected controllable event: EV_move_forward
[robot_supervisor-19] [INFO] [1776439082.605642830] [robot_4.robot_supervisor]: Selected controllable event: EV_random_walk
[robot_supervisor-19] [INFO] [1776439082.905748809] [robot_4.robot_supervisor]: Selected controllable event: EV_move_forward
[robot_supervisor-10] [INFO] [1776439083.041444019] [robot_1.robot_supervisor]: Selected controllable event: EV_rotate_clockwise
[robot_supervisor-10] [INFO] [1776439083.041920993] [robot_1.robot_supervisor]: rotate_90 blocked by recent completion; stopping this tick
[robot_supervisor-10] [INFO] [1776439083.141527415] [robot_1.robot_supervisor]: Selected controllable event: EV_rotate_clockwise
[robot_supervisor-10] [INFO] [1776439083.141991822] [robot_1.robot_supervisor]: rotate_90 blocked by recent completion; stopping this tick
[robot_supervisor-13] [INFO] [1776439083.168181185] [robot_2.robot_supervisor]: Selected controllable event: EV_rotate_clockwise
[robot_supervisor-13] [INFO] [1776439083.168707247] [robot_2.robot_supervisor]: rotate_90 blocked by recent completion; stopping this tick
[robot_supervisor-19] [INFO] [1776439083.205646221] [robot_4.robot_supervisor]: Selected controllable event: EV_random_walk
[robot_supervisor-10] [INFO] [1776439083.241186022] [robot_1.robot_supervisor]: Selected controllable event: EV_rotate_clockwise
[robot_supervisor-13] [INFO] [1776439083.268192090] [robot_2.robot_supervisor]: Selected controllable event: EV_rotate_clockwise
[robot_supervisor-13] [INFO] [1776439083.268645609] [robot_2.robot_supervisor]: rotate_90 blocked by recent completion; stopping this tick
[robot_supervisor-13] [INFO] [1776439083.368131562] [robot_2.robot_supervisor]: Selected controllable event: EV_rotate_clockwise
[robot_supervisor-13] [INFO] [1776439083.368615554] [robot_2.robot_supervisor]: rotate_90 blocked by recent completion; stopping this tick
[robot_supervisor-16] [INFO] [1776439083.460473298] [robot_3.robot_supervisor]: Selected controllable event: EV_rotate_clockwise
[robot_supervisor-16] [INFO] [1776439083.460850245] [robot_3.robot_supervisor]: rotate_90 blocked by recent completion; stopping this tick
[robot_supervisor-13] [INFO] [1776439083.468124377] [robot_2.robot_supervisor]: Selected controllable event: EV_rotate_clockwise
[robot_supervisor-19] [INFO] [1776439083.505767768] [robot_4.robot_supervisor]: Selected controllable event: EV_move_forward
[robot_supervisor-7] [INFO] [1776439083.528423032] [robot_0.robot_supervisor]: Selected controllable event: EV_rotate_clockwise
[robot_supervisor-7] [INFO] [1776439083.528996963] [robot_0.robot_supervisor]: rotate_90 blocked by recent completion; stopping this tick
[robot_supervisor-16] [INFO] [1776439083.560371437] [robot_3.robot_supervisor]: Selected controllable event: EV_rotate_clockwise
[robot_supervisor-16] [INFO] [1776439083.560753163] [robot_3.robot_supervisor]: rotate_90 blocked by recent completion; stopping this tick
[robot_supervisor-7] [INFO] [1776439083.627963573] [robot_0.robot_supervisor]: Selected controllable event: EV_random_walk
[robot_supervisor-16] [INFO] [1776439083.660383947] [robot_3.robot_supervisor]: Selected controllable event: EV_rotate_clockwise
[robot_supervisor-19] [INFO] [1776439083.805639903] [robot_4.robot_supervisor]: Selected controllable event: EV_random_walk
[image_processor-23] [INFO] [1776439083.905204367] [robot_2.image_processor]: Zone=LEFT  left[p=0.764 near=1574 v=7650]  front[p=1.388 near=0 v=11784]  right[p=2.754 near=0 v=5489]
[robot_supervisor-13] [INFO] [1776439083.905671823] [robot_2.robot_supervisor]: Detected zone changed to LEFT
[image_processor-24] [INFO] [1776439083.922317346] [robot_3.image_processor]: Zone=RIGHT  left[p=2.781 near=0 v=7036]  front[p=2.781 near=0 v=8750]  right[p=0.255 near=6184 v=7287]
[robot_supervisor-16] [INFO] [1776439083.923074464] [robot_3.robot_supervisor]: Detected zone changed to RIGHT
[robot_supervisor-7] [INFO] [1776439083.928472933] [robot_0.robot_supervisor]: Selected controllable event: EV_move_forward
[image_processor-22] [INFO] [1776439083.933782824] [robot_1.image_processor]: Zone=RIGHT  left[p=1.350 near=0 v=7650]  front[p=0.803 near=1319 v=13500]  right[p=0.389 near=7740 v=7740]
[robot_supervisor-10] [INFO] [1776439083.934348025] [robot_1.robot_supervisor]: Detected zone changed to RIGHT
[image_processor-21] [INFO] [1776439083.947065652] [robot_0.image_processor]: Zone=CLEAR
[image_processor-25] [INFO] [1776439083.958317820] [robot_4.image_processor]: Zone=CLEAR
[robot_supervisor-19] [INFO] [1776439084.105803349] [robot_4.robot_supervisor]: Selected controllable event: EV_move_forward
[robot_supervisor-7] [INFO] [1776439084.228113020] [robot_0.robot_supervisor]: Selected controllable event: EV_random_walk
[robot_supervisor-19] [INFO] [1776439084.405723621] [robot_4.robot_supervisor]: Selected controllable event: EV_random_walk
[robot_supervisor-7] [INFO] [1776439084.528243053] [robot_0.robot_supervisor]: Selected controllable event: EV_move_forward
[robot_supervisor-19] [INFO] [1776439084.705644640] [robot_4.robot_supervisor]: Selected controllable event: EV_move_forward
[robot_supervisor-7] [INFO] [1776439084.828072325] [robot_0.robot_supervisor]: Selected controllable event: EV_random_walk
[robot_supervisor-19] [INFO] [1776439085.005682704] [robot_4.robot_supervisor]: Selected controllable event: EV_random_walk
[robot_supervisor-7] [INFO] [1776439085.128066189] [robot_0.robot_supervisor]: Selected controllable event: EV_move_forward
[robot_supervisor-19] [INFO] [1776439085.305819544] [robot_4.robot_supervisor]: Selected controllable event: EV_move_forward
[robot_supervisor-7] [INFO] [1776439085.428446437] [robot_0.robot_supervisor]: Selected controllable event: EV_random_walk
[robot_supervisor-10] [INFO] [1776439085.440751179] [robot_1.robot_supervisor]: Selected controllable event: EV_rotate_counterclockwise
[robot_supervisor-10] [INFO] [1776439085.440938743] [robot_1.robot_supervisor]: rotate_90 blocked by recent completion; stopping this tick
[robot_supervisor-10] [INFO] [1776439085.540903304] [robot_1.robot_supervisor]: Selected controllable event: EV_rotate_counterclockwise
[robot_supervisor-10] [INFO] [1776439085.541145086] [robot_1.robot_supervisor]: rotate_90 blocked by recent completion; stopping this tick
[robot_supervisor-13] [INFO] [1776439085.568175113] [robot_2.robot_supervisor]: Selected controllable event: EV_rotate_clockwise
[robot_supervisor-13] [INFO] [1776439085.568591338] [robot_2.robot_supervisor]: rotate_90 blocked by recent completion; stopping this tick
[robot_supervisor-19] [INFO] [1776439085.605668003] [robot_4.robot_supervisor]: Selected controllable event: EV_random_walk
[robot_supervisor-10] [INFO] [1776439085.640865396] [robot_1.robot_supervisor]: Selected controllable event: EV_rotate_counterclockwise
[robot_supervisor-13] [INFO] [1776439085.668145106] [robot_2.robot_supervisor]: Selected controllable event: EV_rotate_clockwise
[robot_supervisor-13] [INFO] [1776439085.668552470] [robot_2.robot_supervisor]: rotate_90 blocked by recent completion; stopping this tick
[robot_supervisor-7] [INFO] [1776439085.728151200] [robot_0.robot_supervisor]: Selected controllable event: EV_move_forward
[robot_supervisor-13] [INFO] [1776439085.768182413] [robot_2.robot_supervisor]: Selected controllable event: EV_rotate_clockwise
[robot_supervisor-13] [INFO] [1776439085.768548909] [robot_2.robot_supervisor]: rotate_90 blocked by recent completion; stopping this tick
[robot_supervisor-16] [INFO] [1776439085.860338087] [robot_3.robot_supervisor]: Selected controllable event: EV_rotate_counterclockwise
[robot_supervisor-16] [INFO] [1776439085.860699598] [robot_3.robot_supervisor]: rotate_90 blocked by recent completion; stopping this tick
[robot_supervisor-13] [INFO] [1776439085.868059363] [robot_2.robot_supervisor]: Selected controllable event: EV_rotate_clockwise
[robot_supervisor-19] [INFO] [1776439085.905586810] [robot_4.robot_supervisor]: Selected controllable event: EV_move_forward
[robot_supervisor-16] [INFO] [1776439085.960229090] [robot_3.robot_supervisor]: Selected controllable event: EV_rotate_counterclockwise
[robot_supervisor-16] [INFO] [1776439085.960421866] [robot_3.robot_supervisor]: rotate_90 blocked by recent completion; stopping this tick
[robot_supervisor-7] [INFO] [1776439086.028230416] [robot_0.robot_supervisor]: Selected controllable event: EV_random_walk
[robot_supervisor-16] [INFO] [1776439086.060350317] [robot_3.robot_supervisor]: Selected controllable event: EV_rotate_counterclockwise
[robot_supervisor-19] [INFO] [1776439086.205669535] [robot_4.robot_supervisor]: Selected controllable event: EV_random_walk
[robot_supervisor-7] [INFO] [1776439086.328109673] [robot_0.robot_supervisor]: Selected controllable event: EV_move_forward
[image_processor-23] [INFO] [1776439086.418911965] [robot_2.image_processor]: Zone=LEFT
[image_processor-24] [INFO] [1776439086.431310016] [robot_3.image_processor]: Zone=CORNER  left[p=0.214 near=7650 v=7650]  front[p=0.242 near=13500 v=13500]  right[p=0.299 near=7740 v=7740]
[robot_supervisor-16] [INFO] [1776439086.431966197] [robot_3.robot_supervisor]: Detected zone changed to CORNER
[image_processor-22] [INFO] [1776439086.450736219] [robot_1.image_processor]: Zone=CORNER  left[p=0.894 near=110 v=7650]  front[p=0.404 near=13120 v=13500]  right[p=0.583 near=2419 v=6706]
[robot_supervisor-10] [INFO] [1776439086.451388304] [robot_1.robot_supervisor]: Detected zone changed to CORNER
[image_processor-21] [INFO] [1776439086.460777167] [robot_0.image_processor]: Zone=CLEAR
[robot_supervisor-19] [INFO] [1776439086.505668217] [robot_4.robot_supervisor]: Selected controllable event: EV_move_forward
[image_processor-25] [INFO] [1776439086.571474762] [robot_4.image_processor]: Zone=CORNER  left[p=0.347 near=5394 v=7250]  front[p=0.307 near=13500 v=13500]  right[p=0.328 near=7020 v=7740]
[robot_supervisor-19] [INFO] [1776439086.572100272] [robot_4.robot_supervisor]: Detected zone changed to CORNER
[robot_supervisor-7] [INFO] [1776439086.628115398] [robot_0.robot_supervisor]: Selected controllable event: EV_random_walk
[robot_supervisor-19] [INFO] [1776439086.805945692] [robot_4.robot_supervisor]: Selected controllable event: EV_rotate_clockwise
[robot_supervisor-7] [INFO] [1776439086.928217440] [robot_0.robot_supervisor]: Selected controllable event: EV_move_forward
[robot_supervisor-7] [INFO] [1776439087.228116126] [robot_0.robot_supervisor]: Selected controllable event: EV_random_walk
[bump_counter-3] [INFO] [1776439087.501748492] [bump_counter]: [global] bump #6 (obstacle) with: cylinder1::link::collision
[robot_supervisor-7] [INFO] [1776439087.528219749] [robot_0.robot_supervisor]: Selected controllable event: EV_move_forward
[robot_supervisor-7] [INFO] [1776439087.828096869] [robot_0.robot_supervisor]: Selected controllable event: EV_random_walk
[robot_supervisor-10] [INFO] [1776439087.841265267] [robot_1.robot_supervisor]: Selected controllable event: EV_rotate_clockwise
[robot_supervisor-10] [INFO] [1776439087.841744853] [robot_1.robot_supervisor]: rotate_90 blocked by recent completion; stopping this tick
[robot_supervisor-10] [INFO] [1776439087.940719293] [robot_1.robot_supervisor]: Selected controllable event: EV_rotate_clockwise
[robot_supervisor-10] [INFO] [1776439087.940897860] [robot_1.robot_supervisor]: rotate_90 blocked by recent completion; stopping this tick
[robot_supervisor-13] [INFO] [1776439087.968438391] [robot_2.robot_supervisor]: Selected controllable event: EV_rotate_clockwise
[robot_supervisor-13] [INFO] [1776439087.968940901] [robot_2.robot_supervisor]: rotate_90 blocked by recent completion; stopping this tick
[robot_supervisor-10] [INFO] [1776439088.041595714] [robot_1.robot_supervisor]: Selected controllable event: EV_rotate_clockwise
[robot_supervisor-13] [INFO] [1776439088.068197576] [robot_2.robot_supervisor]: Selected controllable event: EV_rotate_clockwise
[robot_supervisor-13] [INFO] [1776439088.068641335] [robot_2.robot_supervisor]: rotate_90 blocked by recent completion; stopping this tick
[robot_supervisor-7] [INFO] [1776439088.128225173] [robot_0.robot_supervisor]: Selected controllable event: EV_move_forward
[robot_supervisor-16] [INFO] [1776439088.160633962] [robot_3.robot_supervisor]: Selected controllable event: EV_rotate_clockwise
[robot_supervisor-16] [INFO] [1776439088.161135205] [robot_3.robot_supervisor]: rotate_90 blocked by recent completion; stopping this tick
[robot_supervisor-13] [INFO] [1776439088.168148571] [robot_2.robot_supervisor]: Selected controllable event: EV_rotate_clockwise
[robot_supervisor-13] [INFO] [1776439088.168745612] [robot_2.robot_supervisor]: rotate_90 blocked by recent completion; stopping this tick
[robot_supervisor-16] [INFO] [1776439088.260341965] [robot_3.robot_supervisor]: Selected controllable event: EV_rotate_clockwise
[robot_supervisor-16] [INFO] [1776439088.260741319] [robot_3.robot_supervisor]: rotate_90 blocked by recent completion; stopping this tick
[robot_supervisor-13] [INFO] [1776439088.268140675] [robot_2.robot_supervisor]: Selected controllable event: EV_rotate_clockwise
[robot_supervisor-16] [INFO] [1776439088.360385262] [robot_3.robot_supervisor]: Selected controllable event: EV_rotate_clockwise
[robot_supervisor-16] [INFO] [1776439088.360773632] [robot_3.robot_supervisor]: rotate_90 blocked by recent completion; stopping this tick
[robot_supervisor-7] [INFO] [1776439088.428192199] [robot_0.robot_supervisor]: Selected controllable event: EV_random_walk
[robot_supervisor-16] [INFO] [1776439088.460159739] [robot_3.robot_supervisor]: Selected controllable event: EV_rotate_clockwise
[robot_supervisor-7] [INFO] [1776439088.728106241] [robot_0.robot_supervisor]: Selected controllable event: EV_move_forward
[robot_supervisor-19] [INFO] [1776439088.906002017] [robot_4.robot_supervisor]: Selected controllable event: EV_rotate_clockwise
[image_processor-23] [INFO] [1776439088.906103120] [robot_2.image_processor]: Zone=CORNER  left[p=0.312 near=7650 v=7650]  front[p=0.235 near=13500 v=13500]  right[p=0.202 near=7740 v=7740]
[robot_supervisor-19] [INFO] [1776439088.906574046] [robot_4.robot_supervisor]: rotate_90 blocked by recent completion; stopping this tick
[robot_supervisor-13] [INFO] [1776439088.906769307] [robot_2.robot_supervisor]: Detected zone changed to CORNER
[image_processor-24] [INFO] [1776439088.922650138] [robot_3.image_processor]: Zone=CORNER
[image_processor-22] [INFO] [1776439088.933208010] [robot_1.image_processor]: Zone=CORNER
[image_processor-21] [INFO] [1776439088.947175306] [robot_0.image_processor]: Zone=CLEAR
[image_processor-25] [INFO] [1776439088.962333227] [robot_4.image_processor]: Zone=CLEAR  left[p=2.330 near=0 v=7650]  front[p=2.319 near=0 v=13500]  right[p=2.724 near=0 v=7740]
[robot_supervisor-19] [INFO] [1776439088.962809135] [robot_4.robot_supervisor]: Detected zone changed to CLEAR
[robot_supervisor-19] [INFO] [1776439089.005368408] [robot_4.robot_supervisor]: Selected controllable event: EV_rotate_clockwise
[robot_supervisor-19] [INFO] [1776439089.005540609] [robot_4.robot_supervisor]: rotate_90 blocked by recent completion; stopping this tick
[robot_supervisor-7] [INFO] [1776439089.028097022] [robot_0.robot_supervisor]: Selected controllable event: EV_random_walk
[robot_supervisor-19] [INFO] [1776439089.105520661] [robot_4.robot_supervisor]: Selected controllable event: EV_random_walk
[robot_supervisor-7] [INFO] [1776439089.327881380] [robot_0.robot_supervisor]: Selected controllable event: EV_move_forward
[robot_supervisor-19] [INFO] [1776439089.405776029] [robot_4.robot_supervisor]: Selected controllable event: EV_move_forward
[robot_supervisor-7] [INFO] [1776439089.628216348] [robot_0.robot_supervisor]: Selected controllable event: EV_random_walk
[robot_supervisor-19] [INFO] [1776439089.705636153] [robot_4.robot_supervisor]: Selected controllable event: EV_random_walk
[robot_supervisor-7] [INFO] [1776439089.927985879] [robot_0.robot_supervisor]: Selected controllable event: EV_move_forward
[robot_supervisor-19] [INFO] [1776439090.005869283] [robot_4.robot_supervisor]: Selected controllable event: EV_move_forward
[robot_supervisor-10] [INFO] [1776439090.140984000] [robot_1.robot_supervisor]: Selected controllable event: EV_rotate_clockwise
[robot_supervisor-10] [INFO] [1776439090.141347477] [robot_1.robot_supervisor]: rotate_90 blocked by recent completion; stopping this tick
[robot_supervisor-7] [INFO] [1776439090.228184076] [robot_0.robot_supervisor]: Selected controllable event: EV_random_walk
[robot_supervisor-10] [INFO] [1776439090.240881305] [robot_1.robot_supervisor]: Selected controllable event: EV_rotate_clockwise
[robot_supervisor-10] [INFO] [1776439090.241252528] [robot_1.robot_supervisor]: rotate_90 blocked by recent completion; stopping this tick
[robot_supervisor-19] [INFO] [1776439090.305592919] [robot_4.robot_supervisor]: Selected controllable event: EV_random_walk
[robot_supervisor-10] [INFO] [1776439090.340942129] [robot_1.robot_supervisor]: Selected controllable event: EV_rotate_clockwise
[robot_supervisor-10] [INFO] [1776439090.341314973] [robot_1.robot_supervisor]: rotate_90 blocked by recent completion; stopping this tick
[robot_supervisor-10] [INFO] [1776439090.441454230] [robot_1.robot_supervisor]: Selected controllable event: EV_rotate_clockwise
[robot_supervisor-13] [INFO] [1776439090.467992789] [robot_2.robot_supervisor]: Selected controllable event: EV_rotate_clockwise
[robot_supervisor-13] [INFO] [1776439090.468173878] [robot_2.robot_supervisor]: rotate_90 blocked by recent completion; stopping this tick
[robot_supervisor-7] [INFO] [1776439090.528168444] [robot_0.robot_supervisor]: Selected controllable event: EV_move_forward
[robot_supervisor-13] [INFO] [1776439090.568190899] [robot_2.robot_supervisor]: Selected controllable event: EV_rotate_clockwise
[robot_supervisor-13] [INFO] [1776439090.568613295] [robot_2.robot_supervisor]: rotate_90 blocked by recent completion; stopping this tick
[robot_supervisor-19] [INFO] [1776439090.605622576] [robot_4.robot_supervisor]: Selected controllable event: EV_move_forward
[robot_supervisor-16] [INFO] [1776439090.660605499] [robot_3.robot_supervisor]: Selected controllable event: EV_rotate_clockwise
[robot_supervisor-16] [INFO] [1776439090.661051451] [robot_3.robot_supervisor]: rotate_90 blocked by recent completion; stopping this tick
[robot_supervisor-13] [INFO] [1776439090.668164282] [robot_2.robot_supervisor]: Selected controllable event: EV_rotate_clockwise
[robot_supervisor-16] [INFO] [1776439090.760087730] [robot_3.robot_supervisor]: Selected controllable event: EV_rotate_clockwise
[robot_supervisor-16] [INFO] [1776439090.760253411] [robot_3.robot_supervisor]: rotate_90 blocked by recent completion; stopping this tick
[robot_supervisor-7] [INFO] [1776439090.828217148] [robot_0.robot_supervisor]: Selected controllable event: EV_random_walk
[robot_supervisor-16] [INFO] [1776439090.859999524] [robot_3.robot_supervisor]: Selected controllable event: EV_rotate_clockwise
[robot_supervisor-19] [INFO] [1776439090.905677758] [robot_4.robot_supervisor]: Selected controllable event: EV_random_walk
[robot_supervisor-7] [INFO] [1776439091.128263396] [robot_0.robot_supervisor]: Selected controllable event: EV_move_forward
[robot_supervisor-19] [INFO] [1776439091.205969512] [robot_4.robot_supervisor]: Selected controllable event: EV_move_forward
[image_processor-23] [INFO] [1776439091.406301302] [robot_2.image_processor]: Zone=CORNER
[image_processor-24] [INFO] [1776439091.415614004] [robot_3.image_processor]: Zone=CORNER
[robot_supervisor-7] [INFO] [1776439091.428175524] [robot_0.robot_supervisor]: Selected controllable event: EV_random_walk
[image_processor-22] [INFO] [1776439091.433666243] [robot_1.image_processor]: Zone=CLEAR  left[p=0.829 near=416 v=6322]  front[p=2.993 near=0 v=7917]  right[p=3.240 near=0 v=5808]
[robot_supervisor-10] [INFO] [1776439091.434159906] [robot_1.robot_supervisor]: Detected zone changed to CLEAR
[image_processor-21] [INFO] [1776439091.442213141] [robot_0.image_processor]: Zone=CLEAR
[image_processor-25] [INFO] [1776439091.454591725] [robot_4.image_processor]: Zone=CLEAR
[robot_supervisor-19] [INFO] [1776439091.505934549] [robot_4.robot_supervisor]: Selected controllable event: EV_random_walk
[robot_supervisor-7] [INFO] [1776439091.728128192] [robot_0.robot_supervisor]: Selected controllable event: EV_move_forward
[robot_supervisor-19] [INFO] [1776439091.805829003] [robot_4.robot_supervisor]: Selected controllable event: EV_move_forward
[robot_supervisor-7] [INFO] [1776439092.028001287] [robot_0.robot_supervisor]: Selected controllable event: EV_random_walk
[robot_supervisor-19] [INFO] [1776439092.105860731] [robot_4.robot_supervisor]: Selected controllable event: EV_random_walk
[robot_supervisor-7] [INFO] [1776439092.328480683] [robot_0.robot_supervisor]: Selected controllable event: EV_move_forward
[robot_supervisor-19] [INFO] [1776439092.406066079] [robot_4.robot_supervisor]: Selected controllable event: EV_move_forward
[robot_supervisor-10] [INFO] [1776439092.541023679] [robot_1.robot_supervisor]: Selected controllable event: EV_rotate_clockwise
[robot_supervisor-10] [INFO] [1776439092.541220230] [robot_1.robot_supervisor]: rotate_90 blocked by recent completion; stopping this tick
[robot_supervisor-7] [INFO] [1776439092.628195493] [robot_0.robot_supervisor]: Selected controllable event: EV_random_walk
[robot_supervisor-10] [INFO] [1776439092.640898068] [robot_1.robot_supervisor]: Selected controllable event: EV_random_walk
[robot_supervisor-19] [INFO] [1776439092.705377721] [robot_4.robot_supervisor]: Selected controllable event: EV_random_walk
[robot_supervisor-13] [INFO] [1776439092.868171006] [robot_2.robot_supervisor]: Selected controllable event: EV_rotate_clockwise
[robot_supervisor-13] [INFO] [1776439092.868825666] [robot_2.robot_supervisor]: rotate_90 blocked by recent completion; stopping this tick
[robot_supervisor-7] [INFO] [1776439092.928321683] [robot_0.robot_supervisor]: Selected controllable event: EV_move_forward
[robot_supervisor-10] [INFO] [1776439092.941338491] [robot_1.robot_supervisor]: Selected controllable event: EV_move_forward
[robot_supervisor-16] [INFO] [1776439092.960340232] [robot_3.robot_supervisor]: Selected controllable event: EV_rotate_clockwise
[robot_supervisor-16] [INFO] [1776439092.960742708] [robot_3.robot_supervisor]: rotate_90 blocked by recent completion; stopping this tick
[robot_supervisor-13] [INFO] [1776439092.968088060] [robot_2.robot_supervisor]: Selected controllable event: EV_rotate_clockwise
[robot_supervisor-13] [INFO] [1776439092.968524728] [robot_2.robot_supervisor]: rotate_90 blocked by recent completion; stopping this tick
[robot_supervisor-19] [INFO] [1776439093.005400154] [robot_4.robot_supervisor]: Selected controllable event: EV_move_forward
[robot_supervisor-16] [INFO] [1776439093.060336417] [robot_3.robot_supervisor]: Selected controllable event: EV_rotate_clockwise
[robot_supervisor-16] [INFO] [1776439093.060705573] [robot_3.robot_supervisor]: rotate_90 blocked by recent completion; stopping this tick
[robot_supervisor-13] [INFO] [1776439093.068133854] [robot_2.robot_supervisor]: Selected controllable event: EV_rotate_clockwise
[robot_supervisor-16] [INFO] [1776439093.160246741] [robot_3.robot_supervisor]: Selected controllable event: EV_rotate_clockwise
[robot_supervisor-16] [INFO] [1776439093.160604325] [robot_3.robot_supervisor]: rotate_90 blocked by recent completion; stopping this tick
[robot_supervisor-7] [INFO] [1776439093.228215120] [robot_0.robot_supervisor]: Selected controllable event: EV_random_walk
[robot_supervisor-10] [INFO] [1776439093.241272717] [robot_1.robot_supervisor]: Selected controllable event: EV_random_walk
[robot_supervisor-16] [INFO] [1776439093.260276170] [robot_3.robot_supervisor]: Selected controllable event: EV_rotate_clockwise
[robot_supervisor-19] [INFO] [1776439093.305552317] [robot_4.robot_supervisor]: Selected controllable event: EV_random_walk
[robot_supervisor-7] [INFO] [1776439093.528025004] [robot_0.robot_supervisor]: Selected controllable event: EV_move_forward
[robot_supervisor-10] [INFO] [1776439093.541277318] [robot_1.robot_supervisor]: Selected controllable event: EV_move_forward
[robot_supervisor-19] [INFO] [1776439093.605670804] [robot_4.robot_supervisor]: Selected controllable event: EV_move_forward
[robot_supervisor-7] [INFO] [1776439093.828031683] [robot_0.robot_supervisor]: Selected controllable event: EV_random_walk
[robot_supervisor-10] [INFO] [1776439093.840691354] [robot_1.robot_supervisor]: Selected controllable event: EV_random_walk
[robot_supervisor-19] [INFO] [1776439093.906008340] [robot_4.robot_supervisor]: Selected controllable event: EV_random_walk
[image_processor-23] [INFO] [1776439093.910350409] [robot_2.image_processor]: Zone=CLEAR  left[p=1.549 near=0 v=7594]  front[p=2.906 near=0 v=8534]  right[p=2.906 near=0 v=4623]
[robot_supervisor-13] [INFO] [1776439093.910937220] [robot_2.robot_supervisor]: Detected zone changed to CLEAR
[image_processor-24] [INFO] [1776439093.918642694] [robot_3.image_processor]: Zone=CLEAR  left[p=1.380 near=0 v=7650]  front[p=1.204 near=0 v=13500]  right[p=1.102 near=0 v=7740]
[robot_supervisor-16] [INFO] [1776439093.919796264] [robot_3.robot_supervisor]: Detected zone changed to CLEAR
[image_processor-21] [INFO] [1776439093.934617548] [robot_0.image_processor]: Zone=CLEAR
[image_processor-25] [INFO] [1776439093.946841227] [robot_4.image_processor]: Zone=CLEAR
[image_processor-22] [INFO] [1776439094.027875903] [robot_1.image_processor]: Zone=CLEAR
[robot_supervisor-7] [INFO] [1776439094.128209501] [robot_0.robot_supervisor]: Selected controllable event: EV_move_forward
[robot_supervisor-10] [INFO] [1776439094.141053073] [robot_1.robot_supervisor]: Selected controllable event: EV_move_forward
[robot_supervisor-19] [INFO] [1776439094.205701942] [robot_4.robot_supervisor]: Selected controllable event: EV_move_forward
[robot_supervisor-7] [INFO] [1776439094.428017086] [robot_0.robot_supervisor]: Selected controllable event: EV_random_walk
[robot_supervisor-10] [INFO] [1776439094.440873219] [robot_1.robot_supervisor]: Selected controllable event: EV_random_walk
[robot_supervisor-19] [INFO] [1776439094.505677269] [robot_4.robot_supervisor]: Selected controllable event: EV_random_walk
[robot_supervisor-7] [INFO] [1776439094.727938488] [robot_0.robot_supervisor]: Selected controllable event: EV_move_forward
[robot_supervisor-10] [INFO] [1776439094.741496783] [robot_1.robot_supervisor]: Selected controllable event: EV_move_forward
[robot_supervisor-19] [INFO] [1776439094.805756992] [robot_4.robot_supervisor]: Selected controllable event: EV_move_forward
[robot_supervisor-7] [INFO] [1776439095.028349983] [robot_0.robot_supervisor]: Selected controllable event: EV_random_walk
[robot_supervisor-10] [INFO] [1776439095.041079362] [robot_1.robot_supervisor]: Selected controllable event: EV_random_walk
[robot_supervisor-19] [INFO] [1776439095.105817474] [robot_4.robot_supervisor]: Selected controllable event: EV_random_walk
[robot_supervisor-13] [INFO] [1776439095.168233595] [robot_2.robot_supervisor]: Selected controllable event: EV_rotate_clockwise
[robot_supervisor-13] [INFO] [1776439095.168714182] [robot_2.robot_supervisor]: rotate_90 blocked by recent completion; stopping this tick
[robot_supervisor-13] [INFO] [1776439095.268185354] [robot_2.robot_supervisor]: Selected controllable event: EV_random_walk
[robot_supervisor-7] [INFO] [1776439095.328175334] [robot_0.robot_supervisor]: Selected controllable event: EV_move_forward
[robot_supervisor-10] [INFO] [1776439095.341251742] [robot_1.robot_supervisor]: Selected controllable event: EV_move_forward
[robot_supervisor-16] [INFO] [1776439095.360387368] [robot_3.robot_supervisor]: Selected controllable event: EV_rotate_clockwise
[robot_supervisor-16] [INFO] [1776439095.360758772] [robot_3.robot_supervisor]: rotate_90 blocked by recent completion; stopping this tick
[robot_supervisor-19] [INFO] [1776439095.405703697] [robot_4.robot_supervisor]: Selected controllable event: EV_move_forward
[robot_supervisor-16] [INFO] [1776439095.460691776] [robot_3.robot_supervisor]: Selected controllable event: EV_random_walk
[robot_supervisor-13] [INFO] [1776439095.568202391] [robot_2.robot_supervisor]: Selected controllable event: EV_move_forward
[robot_supervisor-7] [INFO] [1776439095.628384729] [robot_0.robot_supervisor]: Selected controllable event: EV_random_walk
[robot_supervisor-10] [INFO] [1776439095.641219836] [robot_1.robot_supervisor]: Selected controllable event: EV_random_walk
[robot_supervisor-19] [INFO] [1776439095.705611382] [robot_4.robot_supervisor]: Selected controllable event: EV_random_walk
[robot_supervisor-16] [INFO] [1776439095.760025385] [robot_3.robot_supervisor]: Selected controllable event: EV_move_forward
[robot_supervisor-13] [INFO] [1776439095.867897668] [robot_2.robot_supervisor]: Selected controllable event: EV_random_walk
[robot_supervisor-7] [INFO] [1776439095.928169862] [robot_0.robot_supervisor]: Selected controllable event: EV_move_forward
[robot_supervisor-10] [INFO] [1776439095.940893764] [robot_1.robot_supervisor]: Selected controllable event: EV_move_forward
[robot_supervisor-19] [INFO] [1776439096.005414200] [robot_4.robot_supervisor]: Selected controllable event: EV_move_forward
[robot_supervisor-16] [INFO] [1776439096.060340517] [robot_3.robot_supervisor]: Selected controllable event: EV_random_walk
[robot_supervisor-13] [INFO] [1776439096.168106286] [robot_2.robot_supervisor]: Selected controllable event: EV_move_forward
[robot_supervisor-7] [INFO] [1776439096.228171996] [robot_0.robot_supervisor]: Selected controllable event: EV_random_walk
[robot_supervisor-10] [INFO] [1776439096.240967984] [robot_1.robot_supervisor]: Selected controllable event: EV_random_walk
[robot_supervisor-19] [INFO] [1776439096.305818582] [robot_4.robot_supervisor]: Selected controllable event: EV_random_walk
[robot_supervisor-16] [INFO] [1776439096.360362077] [robot_3.robot_supervisor]: Selected controllable event: EV_move_forward
[image_processor-23] [INFO] [1776439096.415633407] [robot_2.image_processor]: Zone=CLEAR
[image_processor-22] [INFO] [1776439096.434917803] [robot_1.image_processor]: Zone=CLEAR
[image_processor-21] [INFO] [1776439096.441494655] [robot_0.image_processor]: Zone=CLEAR
[image_processor-25] [INFO] [1776439096.453330545] [robot_4.image_processor]: Zone=CLEAR
[robot_supervisor-13] [INFO] [1776439096.468199818] [robot_2.robot_supervisor]: Selected controllable event: EV_random_walk
[image_processor-24] [INFO] [1776439096.526633314] [robot_3.image_processor]: Zone=CLEAR
[robot_supervisor-7] [INFO] [1776439096.528440408] [robot_0.robot_supervisor]: Selected controllable event: EV_move_forward
[robot_supervisor-10] [INFO] [1776439096.541017987] [robot_1.robot_supervisor]: Selected controllable event: EV_move_forward
[robot_supervisor-19] [INFO] [1776439096.605628102] [robot_4.robot_supervisor]: Selected controllable event: EV_move_forward
[robot_supervisor-16] [INFO] [1776439096.660353725] [robot_3.robot_supervisor]: Selected controllable event: EV_random_walk
[robot_supervisor-13] [INFO] [1776439096.768359189] [robot_2.robot_supervisor]: Selected controllable event: EV_move_forward
[robot_supervisor-7] [INFO] [1776439096.828187191] [robot_0.robot_supervisor]: Selected controllable event: EV_random_walk
[robot_supervisor-10] [INFO] [1776439096.840763670] [robot_1.robot_supervisor]: Selected controllable event: EV_random_walk
[robot_supervisor-19] [INFO] [1776439096.905404180] [robot_4.robot_supervisor]: Selected controllable event: EV_random_walk
[robot_supervisor-16] [INFO] [1776439096.960362283] [robot_3.robot_supervisor]: Selected controllable event: EV_move_forward
[robot_supervisor-13] [INFO] [1776439097.068141915] [robot_2.robot_supervisor]: Selected controllable event: EV_random_walk
[robot_supervisor-7] [INFO] [1776439097.127956407] [robot_0.robot_supervisor]: Selected controllable event: EV_move_forward
[robot_supervisor-10] [INFO] [1776439097.141396491] [robot_1.robot_supervisor]: Selected controllable event: EV_move_forward
[robot_supervisor-19] [INFO] [1776439097.205636681] [robot_4.robot_supervisor]: Selected controllable event: EV_move_forward
[robot_supervisor-16] [INFO] [1776439097.260499040] [robot_3.robot_supervisor]: Selected controllable event: EV_random_walk
[robot_supervisor-13] [INFO] [1776439097.368149009] [robot_2.robot_supervisor]: Selected controllable event: EV_move_forward
[robot_supervisor-7] [INFO] [1776439097.428269385] [robot_0.robot_supervisor]: Selected controllable event: EV_random_walk
[robot_supervisor-10] [INFO] [1776439097.441404271] [robot_1.robot_supervisor]: Selected controllable event: EV_random_walk
[robot_supervisor-19] [INFO] [1776439097.505665178] [robot_4.robot_supervisor]: Selected controllable event: EV_random_walk
[robot_supervisor-16] [INFO] [1776439097.560380869] [robot_3.robot_supervisor]: Selected controllable event: EV_move_forward
[robot_supervisor-13] [INFO] [1776439097.668014253] [robot_2.robot_supervisor]: Selected controllable event: EV_random_walk
[bump_counter-3] [INFO] [1776439097.701741138] [bump_counter]: [global] bump #7 (robot) with: robot_2<->robot_4
[robot_supervisor-7] [INFO] [1776439097.728096637] [robot_0.robot_supervisor]: Selected controllable event: EV_move_forward
[robot_supervisor-10] [INFO] [1776439097.741027716] [robot_1.robot_supervisor]: Selected controllable event: EV_move_forward
[robot_supervisor-19] [INFO] [1776439097.805642345] [robot_4.robot_supervisor]: Selected controllable event: EV_move_forward
[robot_supervisor-16] [INFO] [1776439097.860467777] [robot_3.robot_supervisor]: Selected controllable event: EV_random_walk
[robot_supervisor-13] [INFO] [1776439097.968299884] [robot_2.robot_supervisor]: Selected controllable event: EV_move_forward
[robot_supervisor-7] [INFO] [1776439098.027979549] [robot_0.robot_supervisor]: Selected controllable event: EV_random_walk
[robot_supervisor-10] [INFO] [1776439098.041106416] [robot_1.robot_supervisor]: Selected controllable event: EV_random_walk
[robot_supervisor-19] [INFO] [1776439098.105611409] [robot_4.robot_supervisor]: Selected controllable event: EV_random_walk
[robot_supervisor-16] [INFO] [1776439098.160230426] [robot_3.robot_supervisor]: Selected controllable event: EV_move_forward
[robot_supervisor-13] [INFO] [1776439098.267990930] [robot_2.robot_supervisor]: Selected controllable event: EV_random_walk
[robot_supervisor-7] [INFO] [1776439098.328091703] [robot_0.robot_supervisor]: Selected controllable event: EV_move_forward
[robot_supervisor-10] [INFO] [1776439098.341163493] [robot_1.robot_supervisor]: Selected controllable event: EV_move_forward
[robot_supervisor-19] [INFO] [1776439098.405627906] [robot_4.robot_supervisor]: Selected controllable event: EV_move_forward
[robot_supervisor-16] [INFO] [1776439098.460192696] [robot_3.robot_supervisor]: Selected controllable event: EV_random_walk
[robot_supervisor-13] [INFO] [1776439098.568140154] [robot_2.robot_supervisor]: Selected controllable event: EV_move_forward
[robot_supervisor-7] [INFO] [1776439098.628135470] [robot_0.robot_supervisor]: Selected controllable event: EV_random_walk
[robot_supervisor-10] [INFO] [1776439098.641264029] [robot_1.robot_supervisor]: Selected controllable event: EV_random_walk
[robot_supervisor-19] [INFO] [1776439098.705617565] [robot_4.robot_supervisor]: Selected controllable event: EV_random_walk
[robot_supervisor-16] [INFO] [1776439098.760528659] [robot_3.robot_supervisor]: Selected controllable event: EV_move_forward
[robot_supervisor-13] [INFO] [1776439098.868030759] [robot_2.robot_supervisor]: Selected controllable event: EV_random_walk
[image_processor-23] [INFO] [1776439098.918746349] [robot_2.image_processor]: Zone=CORNER  left[p=2.940 near=0 v=5258]  front[p=0.297 near=1871 v=7183]  right[p=1.939 near=0 v=5378]
[robot_supervisor-13] [INFO] [1776439098.919792003] [robot_2.robot_supervisor]: Detected zone changed to CORNER
[image_processor-24] [INFO] [1776439098.926217301] [robot_3.image_processor]: Zone=CLEAR
[robot_supervisor-7] [INFO] [1776439098.928216492] [robot_0.robot_supervisor]: Selected controllable event: EV_move_forward
[image_processor-22] [INFO] [1776439098.935487333] [robot_1.image_processor]: Zone=CLEAR
[robot_supervisor-10] [INFO] [1776439098.940956875] [robot_1.robot_supervisor]: Selected controllable event: EV_move_forward
[image_processor-21] [INFO] [1776439098.943355243] [robot_0.image_processor]: Zone=CLEAR
[image_processor-25] [INFO] [1776439098.955266198] [robot_4.image_processor]: Zone=CORNER  left[p=0.593 near=7612 v=7650]  front[p=0.354 near=2296 v=13500]  right[p=1.277 near=0 v=7740]
[robot_supervisor-19] [INFO] [1776439098.955736209] [robot_4.robot_supervisor]: Detected zone changed to CORNER
[robot_supervisor-19] [INFO] [1776439099.005640397] [robot_4.robot_supervisor]: Selected controllable event: EV_rotate_clockwise
[robot_supervisor-16] [INFO] [1776439099.060524008] [robot_3.robot_supervisor]: Selected controllable event: EV_random_walk
[robot_supervisor-13] [INFO] [1776439099.168484892] [robot_2.robot_supervisor]: Selected controllable event: EV_rotate_clockwise
[robot_supervisor-7] [INFO] [1776439099.228306282] [robot_0.robot_supervisor]: Selected controllable event: EV_random_walk
[robot_supervisor-10] [INFO] [1776439099.240723192] [robot_1.robot_supervisor]: Selected controllable event: EV_random_walk
[robot_supervisor-16] [INFO] [1776439099.360549923] [robot_3.robot_supervisor]: Selected controllable event: EV_move_forward
[robot_supervisor-7] [INFO] [1776439099.528439680] [robot_0.robot_supervisor]: Selected controllable event: EV_move_forward
[robot_supervisor-10] [INFO] [1776439099.540853428] [robot_1.robot_supervisor]: Selected controllable event: EV_move_forward
[robot_supervisor-16] [INFO] [1776439099.660402746] [robot_3.robot_supervisor]: Selected controllable event: EV_random_walk
[robot_supervisor-7] [INFO] [1776439099.828241144] [robot_0.robot_supervisor]: Selected controllable event: EV_random_walk
[robot_supervisor-10] [INFO] [1776439099.841218569] [robot_1.robot_supervisor]: Selected controllable event: EV_random_walk
[robot_supervisor-16] [INFO] [1776439099.960256679] [robot_3.robot_supervisor]: Selected controllable event: EV_move_forward
[robot_supervisor-7] [INFO] [1776439100.127987322] [robot_0.robot_supervisor]: Selected controllable event: EV_move_forward
[robot_supervisor-10] [INFO] [1776439100.140925715] [robot_1.robot_supervisor]: Selected controllable event: EV_move_forward
[robot_supervisor-16] [INFO] [1776439100.260343483] [robot_3.robot_supervisor]: Selected controllable event: EV_random_walk
[robot_supervisor-7] [INFO] [1776439100.428086146] [robot_0.robot_supervisor]: Selected controllable event: EV_random_walk
[robot_supervisor-10] [INFO] [1776439100.440930836] [robot_1.robot_supervisor]: Selected controllable event: EV_random_walk
[robot_supervisor-16] [INFO] [1776439100.560341386] [robot_3.robot_supervisor]: Selected controllable event: EV_move_forward
[robot_supervisor-7] [INFO] [1776439100.727909817] [robot_0.robot_supervisor]: Selected controllable event: EV_move_forward
[robot_supervisor-10] [INFO] [1776439100.741033018] [robot_1.robot_supervisor]: Selected controllable event: EV_move_forward
[robot_supervisor-16] [INFO] [1776439100.860379963] [robot_3.robot_supervisor]: Selected controllable event: EV_random_walk
[robot_supervisor-7] [INFO] [1776439101.028152595] [robot_0.robot_supervisor]: Selected controllable event: EV_random_walk
[robot_supervisor-10] [INFO] [1776439101.041144196] [robot_1.robot_supervisor]: Selected controllable event: EV_random_walk
[robot_supervisor-19] [INFO] [1776439101.105644430] [robot_4.robot_supervisor]: Selected controllable event: EV_rotate_clockwise
[robot_supervisor-19] [INFO] [1776439101.106033788] [robot_4.robot_supervisor]: rotate_90 blocked by recent completion; stopping this tick
[robot_supervisor-16] [INFO] [1776439101.160320037] [robot_3.robot_supervisor]: Selected controllable event: EV_move_forward
[robot_supervisor-19] [INFO] [1776439101.205645735] [robot_4.robot_supervisor]: Selected controllable event: EV_rotate_clockwise
[robot_supervisor-19] [INFO] [1776439101.206019854] [robot_4.robot_supervisor]: rotate_90 blocked by recent completion; stopping this tick
[robot_supervisor-19] [INFO] [1776439101.305583899] [robot_4.robot_supervisor]: Selected controllable event: EV_rotate_clockwise
[robot_supervisor-19] [INFO] [1776439101.305937152] [robot_4.robot_supervisor]: rotate_90 blocked by recent completion; stopping this tick
[robot_supervisor-7] [INFO] [1776439101.327909953] [robot_0.robot_supervisor]: Selected controllable event: EV_move_forward
[robot_supervisor-10] [INFO] [1776439101.341090675] [robot_1.robot_supervisor]: Selected controllable event: EV_move_forward
[robot_supervisor-13] [INFO] [1776439101.368210334] [robot_2.robot_supervisor]: Selected controllable event: EV_rotate_clockwise
[robot_supervisor-13] [INFO] [1776439101.368588282] [robot_2.robot_supervisor]: rotate_90 blocked by recent completion; stopping this tick
[image_processor-23] [INFO] [1776439101.405084327] [robot_2.image_processor]: Zone=CORNER
[robot_supervisor-19] [INFO] [1776439101.405473749] [robot_4.robot_supervisor]: Selected controllable event: EV_rotate_clockwise
[image_processor-24] [INFO] [1776439101.414050950] [robot_3.image_processor]: Zone=CORNER  left[p=0.511 near=7650 v=7650]  front[p=0.354 near=10062 v=13500]  right[p=0.255 near=7740 v=7740]
[robot_supervisor-16] [INFO] [1776439101.414707109] [robot_3.robot_supervisor]: Detected zone changed to CORNER
[image_processor-22] [INFO] [1776439101.421722893] [robot_1.image_processor]: Zone=CLEAR
[image_processor-21] [INFO] [1776439101.430065211] [robot_0.image_processor]: Zone=CLEAR
[image_processor-25] [INFO] [1776439101.440464476] [robot_4.image_processor]: Zone=CLEAR  left[p=1.326 near=0 v=7650]  front[p=1.768 near=0 v=13500]  right[p=2.169 near=0 v=6870]
[robot_supervisor-19] [INFO] [1776439101.441245094] [robot_4.robot_supervisor]: Detected zone changed to CLEAR
[robot_supervisor-16] [INFO] [1776439101.460195821] [robot_3.robot_supervisor]: Selected controllable event: EV_rotate_clockwise
[robot_supervisor-13] [INFO] [1776439101.467937449] [robot_2.robot_supervisor]: Selected controllable event: EV_rotate_clockwise
[robot_supervisor-13] [INFO] [1776439101.468139388] [robot_2.robot_supervisor]: rotate_90 blocked by recent completion; stopping this tick
[robot_supervisor-13] [INFO] [1776439101.568165652] [robot_2.robot_supervisor]: Selected controllable event: EV_rotate_clockwise
[robot_supervisor-7] [INFO] [1776439101.628072356] [robot_0.robot_supervisor]: Selected controllable event: EV_random_walk
[robot_supervisor-10] [INFO] [1776439101.640861195] [robot_1.robot_supervisor]: Selected controllable event: EV_random_walk
[robot_supervisor-7] [INFO] [1776439101.928333328] [robot_0.robot_supervisor]: Selected controllable event: EV_move_forward
[robot_supervisor-10] [INFO] [1776439101.941051553] [robot_1.robot_supervisor]: Selected controllable event: EV_move_forward
[robot_supervisor-7] [INFO] [1776439102.228178876] [robot_0.robot_supervisor]: Selected controllable event: EV_random_walk
[robot_supervisor-10] [INFO] [1776439102.241039266] [robot_1.robot_supervisor]: Selected controllable event: EV_random_walk
[robot_supervisor-7] [INFO] [1776439102.528073522] [robot_0.robot_supervisor]: Selected controllable event: EV_move_forward
[robot_supervisor-10] [INFO] [1776439102.541073065] [robot_1.robot_supervisor]: Selected controllable event: EV_move_forward
[robot_supervisor-7] [INFO] [1776439102.828198092] [robot_0.robot_supervisor]: Selected controllable event: EV_random_walk
[robot_supervisor-10] [INFO] [1776439102.840864489] [robot_1.robot_supervisor]: Selected controllable event: EV_random_walk
[robot_supervisor-7] [INFO] [1776439103.128026811] [robot_0.robot_supervisor]: Selected controllable event: EV_move_forward
[robot_supervisor-10] [INFO] [1776439103.141114020] [robot_1.robot_supervisor]: Selected controllable event: EV_move_forward
[bump_counter-3] [INFO] [1776439103.181733094] [bump_counter]: [global] bump #8 (robot) with: robot_2<->robot_4
[robot_supervisor-7] [INFO] [1776439103.428195299] [robot_0.robot_supervisor]: Selected controllable event: EV_random_walk
[robot_supervisor-10] [INFO] [1776439103.441418325] [robot_1.robot_supervisor]: Selected controllable event: EV_random_walk
[robot_supervisor-16] [INFO] [1776439103.560401995] [robot_3.robot_supervisor]: Selected controllable event: EV_rotate_clockwise
[robot_supervisor-16] [INFO] [1776439103.560854688] [robot_3.robot_supervisor]: rotate_90 blocked by recent completion; stopping this tick
[robot_supervisor-19] [INFO] [1776439103.605652226] [robot_4.robot_supervisor]: Selected controllable event: EV_rotate_clockwise
[robot_supervisor-19] [INFO] [1776439103.606052027] [robot_4.robot_supervisor]: rotate_90 blocked by recent completion; stopping this tick
[robot_supervisor-16] [INFO] [1776439103.660322455] [robot_3.robot_supervisor]: Selected controllable event: EV_rotate_clockwise
[robot_supervisor-16] [INFO] [1776439103.660673308] [robot_3.robot_supervisor]: rotate_90 blocked by recent completion; stopping this tick
[robot_supervisor-13] [INFO] [1776439103.668163654] [robot_2.robot_supervisor]: Selected controllable event: EV_rotate_clockwise
[robot_supervisor-13] [INFO] [1776439103.668545154] [robot_2.robot_supervisor]: rotate_90 blocked by recent completion; stopping this tick
[robot_supervisor-19] [INFO] [1776439103.705843369] [robot_4.robot_supervisor]: Selected controllable event: EV_random_walk
[robot_supervisor-7] [INFO] [1776439103.728118298] [robot_0.robot_supervisor]: Selected controllable event: EV_move_forward
[robot_supervisor-10] [INFO] [1776439103.741381789] [robot_1.robot_supervisor]: Selected controllable event: EV_move_forward
[robot_supervisor-16] [INFO] [1776439103.760360358] [robot_3.robot_supervisor]: Selected controllable event: EV_rotate_clockwise
[robot_supervisor-16] [INFO] [1776439103.760727671] [robot_3.robot_supervisor]: rotate_90 blocked by recent completion; stopping this tick
[robot_supervisor-13] [INFO] [1776439103.768148993] [robot_2.robot_supervisor]: Selected controllable event: EV_rotate_clockwise
[robot_supervisor-13] [INFO] [1776439103.768519442] [robot_2.robot_supervisor]: rotate_90 blocked by recent completion; stopping this tick
[robot_supervisor-16] [INFO] [1776439103.860278410] [robot_3.robot_supervisor]: Selected controllable event: EV_rotate_clockwise
[robot_supervisor-13] [INFO] [1776439103.868100865] [robot_2.robot_supervisor]: Selected controllable event: EV_rotate_clockwise
[robot_supervisor-13] [INFO] [1776439103.868583774] [robot_2.robot_supervisor]: rotate_90 blocked by recent completion; stopping this tick
[image_processor-23] [INFO] [1776439103.902909092] [robot_2.image_processor]: Zone=CORNER
[image_processor-24] [INFO] [1776439103.919006629] [robot_3.image_processor]: Zone=CORNER
[image_processor-22] [INFO] [1776439103.927204796] [robot_1.image_processor]: Zone=CLEAR
[image_processor-21] [INFO] [1776439103.935382761] [robot_0.image_processor]: Zone=CLEAR
[image_processor-25] [INFO] [1776439103.953836898] [robot_4.image_processor]: Zone=CLEAR
[robot_supervisor-13] [INFO] [1776439103.968191664] [robot_2.robot_supervisor]: Selected controllable event: EV_rotate_clockwise
[robot_supervisor-19] [INFO] [1776439104.005887421] [robot_4.robot_supervisor]: Selected controllable event: EV_move_forward
[robot_supervisor-7] [INFO] [1776439104.028115193] [robot_0.robot_supervisor]: Selected controllable event: EV_random_walk
[robot_supervisor-10] [INFO] [1776439104.040848626] [robot_1.robot_supervisor]: Selected controllable event: EV_random_walk
[robot_supervisor-19] [INFO] [1776439104.305611410] [robot_4.robot_supervisor]: Selected controllable event: EV_random_walk
[robot_supervisor-7] [INFO] [1776439104.328128043] [robot_0.robot_supervisor]: Selected controllable event: EV_move_forward
[robot_supervisor-10] [INFO] [1776439104.340799016] [robot_1.robot_supervisor]: Selected controllable event: EV_move_forward
[robot_supervisor-19] [INFO] [1776439104.605650990] [robot_4.robot_supervisor]: Selected controllable event: EV_move_forward
[robot_supervisor-7] [INFO] [1776439104.628120257] [robot_0.robot_supervisor]: Selected controllable event: EV_random_walk
[robot_supervisor-10] [INFO] [1776439104.641267152] [robot_1.robot_supervisor]: Selected controllable event: EV_random_walk
[robot_supervisor-19] [INFO] [1776439104.905449756] [robot_4.robot_supervisor]: Selected controllable event: EV_random_walk
[robot_supervisor-7] [INFO] [1776439104.928230874] [robot_0.robot_supervisor]: Selected controllable event: EV_move_forward
[robot_supervisor-10] [INFO] [1776439104.941095402] [robot_1.robot_supervisor]: Selected controllable event: EV_move_forward
[robot_supervisor-19] [INFO] [1776439105.205870865] [robot_4.robot_supervisor]: Selected controllable event: EV_move_forward
[robot_supervisor-7] [INFO] [1776439105.228388514] [robot_0.robot_supervisor]: Selected controllable event: EV_random_walk
[robot_supervisor-10] [INFO] [1776439105.241327806] [robot_1.robot_supervisor]: Selected controllable event: EV_random_walk
[robot_supervisor-19] [INFO] [1776439105.505912202] [robot_4.robot_supervisor]: Selected controllable event: EV_random_walk
[robot_supervisor-7] [INFO] [1776439105.527988021] [robot_0.robot_supervisor]: Selected controllable event: EV_move_forward
[robot_supervisor-10] [INFO] [1776439105.541442815] [robot_1.robot_supervisor]: Selected controllable event: EV_move_forward
[robot_supervisor-19] [INFO] [1776439105.805829334] [robot_4.robot_supervisor]: Selected controllable event: EV_move_forward
[robot_supervisor-7] [INFO] [1776439105.828100735] [robot_0.robot_supervisor]: Selected controllable event: EV_random_walk
[robot_supervisor-10] [INFO] [1776439105.841100933] [robot_1.robot_supervisor]: Selected controllable event: EV_random_walk
[robot_supervisor-16] [INFO] [1776439105.960186842] [robot_3.robot_supervisor]: Selected controllable event: EV_rotate_clockwise
[robot_supervisor-16] [INFO] [1776439105.960380790] [robot_3.robot_supervisor]: rotate_90 blocked by recent completion; stopping this tick
[robot_supervisor-16] [INFO] [1776439106.060517367] [robot_3.robot_supervisor]: Selected controllable event: EV_rotate_clockwise
[robot_supervisor-16] [INFO] [1776439106.061016981] [robot_3.robot_supervisor]: rotate_90 blocked by recent completion; stopping this tick
[robot_supervisor-13] [INFO] [1776439106.068074393] [robot_2.robot_supervisor]: Selected controllable event: EV_rotate_clockwise
[robot_supervisor-13] [INFO] [1776439106.068371314] [robot_2.robot_supervisor]: rotate_90 blocked by recent completion; stopping this tick
[robot_supervisor-19] [INFO] [1776439106.105636593] [robot_4.robot_supervisor]: Selected controllable event: EV_random_walk
[robot_supervisor-7] [INFO] [1776439106.128153116] [robot_0.robot_supervisor]: Selected controllable event: EV_move_forward
[robot_supervisor-10] [INFO] [1776439106.140706530] [robot_1.robot_supervisor]: Selected controllable event: EV_move_forward
[robot_supervisor-16] [INFO] [1776439106.160483324] [robot_3.robot_supervisor]: Selected controllable event: EV_rotate_clockwise
[robot_supervisor-16] [INFO] [1776439106.160960243] [robot_3.robot_supervisor]: rotate_90 blocked by recent completion; stopping this tick
[robot_supervisor-13] [INFO] [1776439106.168355637] [robot_2.robot_supervisor]: Selected controllable event: EV_rotate_clockwise
[robot_supervisor-13] [INFO] [1776439106.168850771] [robot_2.robot_supervisor]: rotate_90 blocked by recent completion; stopping this tick
[robot_supervisor-16] [INFO] [1776439106.260286752] [robot_3.robot_supervisor]: Selected controllable event: EV_rotate_clockwise
[robot_supervisor-13] [INFO] [1776439106.268097928] [robot_2.robot_supervisor]: Selected controllable event: EV_rotate_clockwise
[robot_supervisor-13] [INFO] [1776439106.268479644] [robot_2.robot_supervisor]: rotate_90 blocked by recent completion; stopping this tick
[robot_supervisor-13] [INFO] [1776439106.368088421] [robot_2.robot_supervisor]: Selected controllable event: EV_rotate_clockwise
[image_processor-23] [INFO] [1776439106.402684821] [robot_2.image_processor]: Zone=CLEAR  left[p=0.865 near=0 v=7650]  front[p=1.281 near=0 v=13464]  right[p=2.248 near=0 v=6007]
[robot_supervisor-13] [INFO] [1776439106.403372711] [robot_2.robot_supervisor]: Detected zone changed to CLEAR
[robot_supervisor-19] [INFO] [1776439106.405726938] [robot_4.robot_supervisor]: Selected controllable event: EV_move_forward
[image_processor-24] [INFO] [1776439106.417538407] [robot_3.image_processor]: Zone=CLEAR  left[p=2.597 near=0 v=4796]  front[p=1.280 near=0 v=13375]  right[p=2.597 near=0 v=7287]
[robot_supervisor-16] [INFO] [1776439106.418281779] [robot_3.robot_supervisor]: Detected zone changed to CLEAR
[robot_supervisor-7] [INFO] [1776439106.428003591] [robot_0.robot_supervisor]: Selected controllable event: EV_random_walk
[image_processor-21] [INFO] [1776439106.435249684] [robot_0.image_processor]: Zone=CLEAR
[robot_supervisor-10] [INFO] [1776439106.441675247] [robot_1.robot_supervisor]: Selected controllable event: EV_random_walk
[image_processor-25] [INFO] [1776439106.453632558] [robot_4.image_processor]: Zone=CLEAR
[image_processor-22] [INFO] [1776439106.526744055] [robot_1.image_processor]: Zone=CLEAR
[robot_supervisor-19] [INFO] [1776439106.705631762] [robot_4.robot_supervisor]: Selected controllable event: EV_random_walk
[robot_supervisor-7] [INFO] [1776439106.728080181] [robot_0.robot_supervisor]: Selected controllable event: EV_move_forward
[robot_supervisor-10] [INFO] [1776439106.740910932] [robot_1.robot_supervisor]: Selected controllable event: EV_move_forward
[robot_supervisor-19] [INFO] [1776439107.005619633] [robot_4.robot_supervisor]: Selected controllable event: EV_move_forward
[robot_supervisor-7] [INFO] [1776439107.028321818] [robot_0.robot_supervisor]: Selected controllable event: EV_random_walk
[robot_supervisor-10] [INFO] [1776439107.041145126] [robot_1.robot_supervisor]: Selected controllable event: EV_random_walk
[robot_supervisor-19] [INFO] [1776439107.305685053] [robot_4.robot_supervisor]: Selected controllable event: EV_random_walk
[robot_supervisor-7] [INFO] [1776439107.328204799] [robot_0.robot_supervisor]: Selected controllable event: EV_move_forward
[robot_supervisor-10] [INFO] [1776439107.341086637] [robot_1.robot_supervisor]: Selected controllable event: EV_move_forward
[robot_supervisor-19] [INFO] [1776439107.605625743] [robot_4.robot_supervisor]: Selected controllable event: EV_move_forward
[robot_supervisor-7] [INFO] [1776439107.628105392] [robot_0.robot_supervisor]: Selected controllable event: EV_random_walk
[robot_supervisor-10] [INFO] [1776439107.641021822] [robot_1.robot_supervisor]: Selected controllable event: EV_random_walk
[robot_supervisor-19] [INFO] [1776439107.905662273] [robot_4.robot_supervisor]: Selected controllable event: EV_random_walk
[robot_supervisor-7] [INFO] [1776439107.928174226] [robot_0.robot_supervisor]: Selected controllable event: EV_move_forward
[robot_supervisor-10] [INFO] [1776439107.940704467] [robot_1.robot_supervisor]: Selected controllable event: EV_move_forward
[robot_supervisor-19] [INFO] [1776439108.205612404] [robot_4.robot_supervisor]: Selected controllable event: EV_move_forward
[robot_supervisor-7] [INFO] [1776439108.228099095] [robot_0.robot_supervisor]: Selected controllable event: EV_random_walk
[robot_supervisor-10] [INFO] [1776439108.241118250] [robot_1.robot_supervisor]: Selected controllable event: EV_random_walk
[robot_supervisor-16] [INFO] [1776439108.460423520] [robot_3.robot_supervisor]: Selected controllable event: EV_rotate_clockwise
[robot_supervisor-16] [INFO] [1776439108.460768007] [robot_3.robot_supervisor]: rotate_90 blocked by recent completion; stopping this tick
[robot_supervisor-13] [INFO] [1776439108.468452689] [robot_2.robot_supervisor]: Selected controllable event: EV_rotate_clockwise
[robot_supervisor-13] [INFO] [1776439108.469017633] [robot_2.robot_supervisor]: rotate_90 blocked by recent completion; stopping this tick
[robot_supervisor-19] [INFO] [1776439108.505718956] [robot_4.robot_supervisor]: Selected controllable event: EV_random_walk
[robot_supervisor-7] [INFO] [1776439108.528424388] [robot_0.robot_supervisor]: Selected controllable event: EV_move_forward
[robot_supervisor-10] [INFO] [1776439108.540985154] [robot_1.robot_supervisor]: Selected controllable event: EV_move_forward
[robot_supervisor-16] [INFO] [1776439108.560719154] [robot_3.robot_supervisor]: Selected controllable event: EV_random_walk
[robot_supervisor-13] [INFO] [1776439108.568137945] [robot_2.robot_supervisor]: Selected controllable event: EV_random_walk
[robot_supervisor-19] [INFO] [1776439108.805604871] [robot_4.robot_supervisor]: Selected controllable event: EV_move_forward
[robot_supervisor-7] [INFO] [1776439108.828000249] [robot_0.robot_supervisor]: Selected controllable event: EV_random_walk
[robot_supervisor-10] [INFO] [1776439108.841308187] [robot_1.robot_supervisor]: Selected controllable event: EV_random_walk
[robot_supervisor-16] [INFO] [1776439108.860640938] [robot_3.robot_supervisor]: Selected controllable event: EV_move_forward
[robot_supervisor-13] [INFO] [1776439108.868155278] [robot_2.robot_supervisor]: Selected controllable event: EV_move_forward
[image_processor-23] [INFO] [1776439108.916209242] [robot_2.image_processor]: Zone=CLEAR
[image_processor-24] [INFO] [1776439108.923950812] [robot_3.image_processor]: Zone=CORNER  left[p=0.906 near=0 v=7650]  front[p=0.541 near=11662 v=13500]  right[p=0.428 near=7740 v=7740]
[robot_supervisor-16] [INFO] [1776439108.924588218] [robot_3.robot_supervisor]: Detected zone changed to CORNER
[image_processor-22] [INFO] [1776439108.930719461] [robot_1.image_processor]: Zone=CLEAR
[image_processor-21] [INFO] [1776439108.941636268] [robot_0.image_processor]: Zone=CLEAR
[image_processor-25] [INFO] [1776439108.960293886] [robot_4.image_processor]: Zone=CLEAR
[robot_supervisor-19] [INFO] [1776439109.105640522] [robot_4.robot_supervisor]: Selected controllable event: EV_random_walk
[robot_supervisor-7] [INFO] [1776439109.128163417] [robot_0.robot_supervisor]: Selected controllable event: EV_move_forward
[robot_supervisor-10] [INFO] [1776439109.141222687] [robot_1.robot_supervisor]: Selected controllable event: EV_move_forward
[robot_supervisor-16] [INFO] [1776439109.160556095] [robot_3.robot_supervisor]: Selected controllable event: EV_rotate_clockwise
[robot_supervisor-13] [INFO] [1776439109.168161809] [robot_2.robot_supervisor]: Selected controllable event: EV_random_walk
[robot_supervisor-19] [INFO] [1776439109.405591342] [robot_4.robot_supervisor]: Selected controllable event: EV_move_forward
[robot_supervisor-7] [INFO] [1776439109.428308222] [robot_0.robot_supervisor]: Selected controllable event: EV_random_walk
[robot_supervisor-10] [INFO] [1776439109.441072559] [robot_1.robot_supervisor]: Selected controllable event: EV_random_walk
[robot_supervisor-13] [INFO] [1776439109.467963283] [robot_2.robot_supervisor]: Selected controllable event: EV_move_forward
[robot_supervisor-19] [INFO] [1776439109.705860233] [robot_4.robot_supervisor]: Selected controllable event: EV_random_walk
[robot_supervisor-7] [INFO] [1776439109.728168495] [robot_0.robot_supervisor]: Selected controllable event: EV_move_forward
[robot_supervisor-10] [INFO] [1776439109.741052165] [robot_1.robot_supervisor]: Selected controllable event: EV_move_forward
[robot_supervisor-13] [INFO] [1776439109.767956580] [robot_2.robot_supervisor]: Selected controllable event: EV_random_walk
[robot_supervisor-19] [INFO] [1776439110.005625519] [robot_4.robot_supervisor]: Selected controllable event: EV_move_forward
[robot_supervisor-7] [INFO] [1776439110.028121499] [robot_0.robot_supervisor]: Selected controllable event: EV_random_walk
[robot_supervisor-10] [INFO] [1776439110.041048968] [robot_1.robot_supervisor]: Selected controllable event: EV_random_walk
[robot_supervisor-13] [INFO] [1776439110.068135283] [robot_2.robot_supervisor]: Selected controllable event: EV_move_forward
[robot_supervisor-19] [INFO] [1776439110.305413633] [robot_4.robot_supervisor]: Selected controllable event: EV_random_walk
[robot_supervisor-7] [INFO] [1776439110.328091246] [robot_0.robot_supervisor]: Selected controllable event: EV_move_forward
[robot_supervisor-10] [INFO] [1776439110.341001896] [robot_1.robot_supervisor]: Selected controllable event: EV_move_forward
[robot_supervisor-13] [INFO] [1776439110.367944323] [robot_2.robot_supervisor]: Selected controllable event: EV_random_walk
[robot_supervisor-19] [INFO] [1776439110.605630487] [robot_4.robot_supervisor]: Selected controllable event: EV_move_forward
[robot_supervisor-7] [INFO] [1776439110.627976333] [robot_0.robot_supervisor]: Selected controllable event: EV_random_walk
[robot_supervisor-10] [INFO] [1776439110.641354764] [robot_1.robot_supervisor]: Selected controllable event: EV_random_walk
[robot_supervisor-13] [INFO] [1776439110.668308911] [robot_2.robot_supervisor]: Selected controllable event: EV_move_forward
[robot_supervisor-19] [INFO] [1776439110.905396889] [robot_4.robot_supervisor]: Selected controllable event: EV_random_walk
[robot_supervisor-7] [INFO] [1776439110.928030186] [robot_0.robot_supervisor]: Selected controllable event: EV_move_forward
[robot_supervisor-10] [INFO] [1776439110.941260485] [robot_1.robot_supervisor]: Selected controllable event: EV_move_forward
[robot_supervisor-13] [INFO] [1776439110.968232058] [robot_2.robot_supervisor]: Selected controllable event: EV_random_walk
[robot_supervisor-19] [INFO] [1776439111.205420778] [robot_4.robot_supervisor]: Selected controllable event: EV_move_forward
[robot_supervisor-7] [INFO] [1776439111.228335792] [robot_0.robot_supervisor]: Selected controllable event: EV_random_walk
[robot_supervisor-10] [INFO] [1776439111.240956266] [robot_1.robot_supervisor]: Selected controllable event: EV_random_walk
[robot_supervisor-13] [INFO] [1776439111.268182506] [robot_2.robot_supervisor]: Selected controllable event: EV_move_forward
[robot_supervisor-16] [INFO] [1776439111.360316353] [robot_3.robot_supervisor]: Selected controllable event: EV_rotate_clockwise
[robot_supervisor-16] [INFO] [1776439111.360890161] [robot_3.robot_supervisor]: rotate_90 blocked by recent completion; stopping this tick
[image_processor-23] [INFO] [1776439111.412152359] [robot_2.image_processor]: Zone=CLEAR
[image_processor-25] [INFO] [1776439111.452338024] [robot_4.image_processor]: Zone=CLEAR
[robot_supervisor-16] [INFO] [1776439111.460162994] [robot_3.robot_supervisor]: Selected controllable event: EV_rotate_clockwise
[robot_supervisor-16] [INFO] [1776439111.460525306] [robot_3.robot_supervisor]: rotate_90 blocked by recent completion; stopping this tick
[robot_supervisor-19] [INFO] [1776439111.505606025] [robot_4.robot_supervisor]: Selected controllable event: EV_random_walk
[image_processor-24] [INFO] [1776439111.523886000] [robot_3.image_processor]: Zone=CORNER
[robot_supervisor-7] [INFO] [1776439111.527990623] [robot_0.robot_supervisor]: Selected controllable event: EV_move_forward
[image_processor-22] [INFO] [1776439111.529956487] [robot_1.image_processor]: Zone=RIGHT  left[p=1.003 near=0 v=7650]  front[p=0.726 near=2684 v=13500]  right[p=0.460 near=7740 v=7740]
[robot_supervisor-10] [INFO] [1776439111.530436460] [robot_1.robot_supervisor]: Detected zone changed to RIGHT
[image_processor-21] [INFO] [1776439111.539715701] [robot_0.image_processor]: Zone=CORNER  left[p=0.385 near=7650 v=7650]  front[p=0.419 near=13500 v=13500]  right[p=1.559 near=427 v=7740]
[robot_supervisor-7] [INFO] [1776439111.540078804] [robot_0.robot_supervisor]: Detected zone changed to CORNER
[robot_supervisor-10] [INFO] [1776439111.541241787] [robot_1.robot_supervisor]: Selected controllable event: EV_rotate_counterclockwise
[robot_supervisor-16] [INFO] [1776439111.560318600] [robot_3.robot_supervisor]: Selected controllable event: EV_rotate_clockwise
[robot_supervisor-13] [INFO] [1776439111.568418112] [robot_2.robot_supervisor]: Selected controllable event: EV_random_walk
[robot_supervisor-19] [INFO] [1776439111.805615522] [robot_4.robot_supervisor]: Selected controllable event: EV_move_forward
[robot_supervisor-7] [INFO] [1776439111.828099551] [robot_0.robot_supervisor]: Selected controllable event: EV_rotate_clockwise
[robot_supervisor-13] [INFO] [1776439111.868203976] [robot_2.robot_supervisor]: Selected controllable event: EV_move_forward
[robot_supervisor-19] [INFO] [1776439112.105693937] [robot_4.robot_supervisor]: Selected controllable event: EV_random_walk
[robot_supervisor-13] [INFO] [1776439112.168356086] [robot_2.robot_supervisor]: Selected controllable event: EV_random_walk
[robot_supervisor-19] [INFO] [1776439112.405868977] [robot_4.robot_supervisor]: Selected controllable event: EV_move_forward
[robot_supervisor-13] [INFO] [1776439112.468275259] [robot_2.robot_supervisor]: Selected controllable event: EV_move_forward
[robot_supervisor-19] [INFO] [1776439112.705545240] [robot_4.robot_supervisor]: Selected controllable event: EV_random_walk
[robot_supervisor-13] [INFO] [1776439112.768038242] [robot_2.robot_supervisor]: Selected controllable event: EV_random_walk
[robot_supervisor-19] [INFO] [1776439113.005598475] [robot_4.robot_supervisor]: Selected controllable event: EV_move_forward
[robot_supervisor-13] [INFO] [1776439113.068104554] [robot_2.robot_supervisor]: Selected controllable event: EV_move_forward
[robot_supervisor-19] [INFO] [1776439113.305549563] [robot_4.robot_supervisor]: Selected controllable event: EV_random_walk
[robot_supervisor-13] [INFO] [1776439113.368331378] [robot_2.robot_supervisor]: Selected controllable event: EV_random_walk
[robot_supervisor-19] [INFO] [1776439113.605843475] [robot_4.robot_supervisor]: Selected controllable event: EV_move_forward
[robot_supervisor-10] [INFO] [1776439113.641175738] [robot_1.robot_supervisor]: Selected controllable event: EV_rotate_counterclockwise
[robot_supervisor-10] [INFO] [1776439113.641436918] [robot_1.robot_supervisor]: rotate_90 blocked by recent completion; stopping this tick
[robot_supervisor-16] [INFO] [1776439113.660316810] [robot_3.robot_supervisor]: Selected controllable event: EV_rotate_clockwise
[robot_supervisor-16] [INFO] [1776439113.660697454] [robot_3.robot_supervisor]: rotate_90 blocked by recent completion; stopping this tick
[robot_supervisor-13] [INFO] [1776439113.668361828] [robot_2.robot_supervisor]: Selected controllable event: EV_move_forward
[robot_supervisor-10] [INFO] [1776439113.741033821] [robot_1.robot_supervisor]: Selected controllable event: EV_rotate_counterclockwise
[robot_supervisor-10] [INFO] [1776439113.741371155] [robot_1.robot_supervisor]: rotate_90 blocked by recent completion; stopping this tick
[robot_supervisor-16] [INFO] [1776439113.760318567] [robot_3.robot_supervisor]: Selected controllable event: EV_rotate_clockwise
[robot_supervisor-16] [INFO] [1776439113.760686829] [robot_3.robot_supervisor]: rotate_90 blocked by recent completion; stopping this tick
[robot_supervisor-10] [INFO] [1776439113.841212153] [robot_1.robot_supervisor]: Selected controllable event: EV_rotate_counterclockwise
[robot_supervisor-10] [INFO] [1776439113.841728403] [robot_1.robot_supervisor]: rotate_90 blocked by recent completion; stopping this tick
[robot_supervisor-16] [INFO] [1776439113.860230898] [robot_3.robot_supervisor]: Selected controllable event: EV_rotate_clockwise
[robot_supervisor-16] [INFO] [1776439113.860515499] [robot_3.robot_supervisor]: rotate_90 blocked by recent completion; stopping this tick
[robot_supervisor-19] [INFO] [1776439113.905647185] [robot_4.robot_supervisor]: Selected controllable event: EV_random_walk
[image_processor-23] [INFO] [1776439113.911403111] [robot_2.image_processor]: Zone=CLEAR
[image_processor-24] [INFO] [1776439113.925106405] [robot_3.image_processor]: Zone=LEFT  left[p=0.370 near=7129 v=7586]  front[p=2.781 near=0 v=8572]  right[p=2.781 near=0 v=4985]
[robot_supervisor-16] [INFO] [1776439113.925659035] [robot_3.robot_supervisor]: Detected zone changed to LEFT
[robot_supervisor-7] [INFO] [1776439113.928045922] [robot_0.robot_supervisor]: Selected controllable event: EV_rotate_clockwise
[robot_supervisor-7] [INFO] [1776439113.928233423] [robot_0.robot_supervisor]: rotate_90 blocked by recent completion; stopping this tick
[robot_supervisor-10] [INFO] [1776439113.941096241] [robot_1.robot_supervisor]: Selected controllable event: EV_rotate_counterclockwise
[image_processor-22] [INFO] [1776439113.943310254] [robot_1.image_processor]: Zone=RIGHT
[image_processor-21] [INFO] [1776439113.952742702] [robot_0.image_processor]: Zone=CLEAR  left[p=2.048 near=0 v=7650]  front[p=3.202 near=0 v=11589]  right[p=2.924 near=0 v=6657]
[robot_supervisor-7] [INFO] [1776439113.953327894] [robot_0.robot_supervisor]: Detected zone changed to CLEAR
[robot_supervisor-16] [INFO] [1776439113.960137082] [robot_3.robot_supervisor]: Selected controllable event: EV_rotate_clockwise
[image_processor-25] [INFO] [1776439113.964620436] [robot_4.image_processor]: Zone=CLEAR
[robot_supervisor-13] [INFO] [1776439113.968239207] [robot_2.robot_supervisor]: Selected controllable event: EV_random_walk
[robot_supervisor-7] [INFO] [1776439114.028166371] [robot_0.robot_supervisor]: Selected controllable event: EV_rotate_clockwise
[robot_supervisor-7] [INFO] [1776439114.028550558] [robot_0.robot_supervisor]: rotate_90 blocked by recent completion; stopping this tick
[robot_supervisor-7] [INFO] [1776439114.128104906] [robot_0.robot_supervisor]: Selected controllable event: EV_random_walk
[robot_supervisor-19] [INFO] [1776439114.205694906] [robot_4.robot_supervisor]: Selected controllable event: EV_move_forward
[robot_supervisor-13] [INFO] [1776439114.268131723] [robot_2.robot_supervisor]: Selected controllable event: EV_move_forward
[robot_supervisor-7] [INFO] [1776439114.428220899] [robot_0.robot_supervisor]: Selected controllable event: EV_move_forward
[robot_supervisor-19] [INFO] [1776439114.505719774] [robot_4.robot_supervisor]: Selected controllable event: EV_random_walk
[robot_supervisor-13] [INFO] [1776439114.568278734] [robot_2.robot_supervisor]: Selected controllable event: EV_random_walk
[robot_supervisor-7] [INFO] [1776439114.728120020] [robot_0.robot_supervisor]: Selected controllable event: EV_random_walk
[robot_supervisor-19] [INFO] [1776439114.805818260] [robot_4.robot_supervisor]: Selected controllable event: EV_move_forward
[robot_supervisor-13] [INFO] [1776439114.868302864] [robot_2.robot_supervisor]: Selected controllable event: EV_move_forward
[robot_supervisor-7] [INFO] [1776439115.028396434] [robot_0.robot_supervisor]: Selected controllable event: EV_move_forward
[robot_supervisor-19] [INFO] [1776439115.105828368] [robot_4.robot_supervisor]: Selected controllable event: EV_random_walk
[robot_supervisor-13] [INFO] [1776439115.168138306] [robot_2.robot_supervisor]: Selected controllable event: EV_random_walk
[robot_supervisor-7] [INFO] [1776439115.328101783] [robot_0.robot_supervisor]: Selected controllable event: EV_random_walk
[robot_supervisor-19] [INFO] [1776439115.405492379] [robot_4.robot_supervisor]: Selected controllable event: EV_move_forward
[robot_supervisor-13] [INFO] [1776439115.468495538] [robot_2.robot_supervisor]: Selected controllable event: EV_move_forward
[robot_supervisor-7] [INFO] [1776439115.628128433] [robot_0.robot_supervisor]: Selected controllable event: EV_move_forward
[robot_supervisor-19] [INFO] [1776439115.705626593] [robot_4.robot_supervisor]: Selected controllable event: EV_random_walk
[robot_supervisor-13] [INFO] [1776439115.768133365] [robot_2.robot_supervisor]: Selected controllable event: EV_random_walk
[robot_supervisor-7] [INFO] [1776439115.928262121] [robot_0.robot_supervisor]: Selected controllable event: EV_random_walk
[robot_supervisor-19] [INFO] [1776439116.005866039] [robot_4.robot_supervisor]: Selected controllable event: EV_move_forward
[robot_supervisor-10] [INFO] [1776439116.040998123] [robot_1.robot_supervisor]: Selected controllable event: EV_rotate_counterclockwise
[robot_supervisor-10] [INFO] [1776439116.041367692] [robot_1.robot_supervisor]: rotate_90 blocked by recent completion; stopping this tick
[robot_supervisor-13] [INFO] [1776439116.068122707] [robot_2.robot_supervisor]: Selected controllable event: EV_move_forward
[robot_supervisor-10] [INFO] [1776439116.141085766] [robot_1.robot_supervisor]: Selected controllable event: EV_rotate_counterclockwise
[robot_supervisor-10] [INFO] [1776439116.141543554] [robot_1.robot_supervisor]: rotate_90 blocked by recent completion; stopping this tick
[robot_supervisor-16] [INFO] [1776439116.160450561] [robot_3.robot_supervisor]: Selected controllable event: EV_rotate_clockwise
[robot_supervisor-16] [INFO] [1776439116.161082172] [robot_3.robot_supervisor]: rotate_90 blocked by recent completion; stopping this tick
[robot_supervisor-7] [INFO] [1776439116.227970771] [robot_0.robot_supervisor]: Selected controllable event: EV_move_forward
[robot_supervisor-10] [INFO] [1776439116.240922360] [robot_1.robot_supervisor]: Selected controllable event: EV_rotate_counterclockwise
[robot_supervisor-10] [INFO] [1776439116.241264328] [robot_1.robot_supervisor]: rotate_90 blocked by recent completion; stopping this tick
[robot_supervisor-16] [INFO] [1776439116.260303043] [robot_3.robot_supervisor]: Selected controllable event: EV_rotate_clockwise
[robot_supervisor-16] [INFO] [1776439116.260704240] [robot_3.robot_supervisor]: rotate_90 blocked by recent completion; stopping this tick
[robot_supervisor-19] [INFO] [1776439116.305405758] [robot_4.robot_supervisor]: Selected controllable event: EV_random_walk
[robot_supervisor-10] [INFO] [1776439116.341040498] [robot_1.robot_supervisor]: Selected controllable event: EV_rotate_counterclockwise
[robot_supervisor-16] [INFO] [1776439116.359994424] [robot_3.robot_supervisor]: Selected controllable event: EV_rotate_clockwise
[robot_supervisor-13] [INFO] [1776439116.368000020] [robot_2.robot_supervisor]: Selected controllable event: EV_random_walk
[image_processor-23] [INFO] [1776439116.413747171] [robot_2.image_processor]: Zone=CLEAR
[image_processor-24] [INFO] [1776439116.428438968] [robot_3.image_processor]: Zone=LEFT
[image_processor-22] [INFO] [1776439116.440737804] [robot_1.image_processor]: Zone=CLEAR  left[p=1.586 near=0 v=7336]  front[p=3.530 near=0 v=10647]  right[p=2.993 near=0 v=4756]
[robot_supervisor-10] [INFO] [1776439116.441102225] [robot_1.robot_supervisor]: Detected zone changed to CLEAR
[image_processor-21] [INFO] [1776439116.447999165] [robot_0.image_processor]: Zone=CLEAR
[image_processor-25] [INFO] [1776439116.459803254] [robot_4.image_processor]: Zone=CLEAR
[robot_supervisor-7] [INFO] [1776439116.528141725] [robot_0.robot_supervisor]: Selected controllable event: EV_random_walk
[robot_supervisor-19] [INFO] [1776439116.605572892] [robot_4.robot_supervisor]: Selected controllable event: EV_move_forward
[robot_supervisor-13] [INFO] [1776439116.668124178] [robot_2.robot_supervisor]: Selected controllable event: EV_move_forward
[robot_supervisor-7] [INFO] [1776439116.828134129] [robot_0.robot_supervisor]: Selected controllable event: EV_move_forward
[robot_supervisor-19] [INFO] [1776439116.905602631] [robot_4.robot_supervisor]: Selected controllable event: EV_random_walk
[robot_supervisor-13] [INFO] [1776439116.968107984] [robot_2.robot_supervisor]: Selected controllable event: EV_random_walk
[robot_supervisor-7] [INFO] [1776439117.128171028] [robot_0.robot_supervisor]: Selected controllable event: EV_random_walk
[robot_supervisor-19] [INFO] [1776439117.205491765] [robot_4.robot_supervisor]: Selected controllable event: EV_move_forward
[robot_supervisor-13] [INFO] [1776439117.268467467] [robot_2.robot_supervisor]: Selected controllable event: EV_move_forward
[robot_supervisor-7] [INFO] [1776439117.427982536] [robot_0.robot_supervisor]: Selected controllable event: EV_move_forward
[robot_supervisor-19] [INFO] [1776439117.505869510] [robot_4.robot_supervisor]: Selected controllable event: EV_random_walk
[robot_supervisor-13] [INFO] [1776439117.568052051] [robot_2.robot_supervisor]: Selected controllable event: EV_random_walk
[robot_supervisor-7] [INFO] [1776439117.728309047] [robot_0.robot_supervisor]: Selected controllable event: EV_random_walk
[robot_supervisor-19] [INFO] [1776439117.805623912] [robot_4.robot_supervisor]: Selected controllable event: EV_move_forward
[robot_supervisor-13] [INFO] [1776439117.868186094] [robot_2.robot_supervisor]: Selected controllable event: EV_move_forward
[robot_supervisor-7] [INFO] [1776439118.028109832] [robot_0.robot_supervisor]: Selected controllable event: EV_move_forward
[robot_supervisor-19] [INFO] [1776439118.105961315] [robot_4.robot_supervisor]: Selected controllable event: EV_random_walk
[robot_supervisor-13] [INFO] [1776439118.168372201] [robot_2.robot_supervisor]: Selected controllable event: EV_random_walk
[robot_supervisor-7] [INFO] [1776439118.327995199] [robot_0.robot_supervisor]: Selected controllable event: EV_random_walk
[robot_supervisor-19] [INFO] [1776439118.405651623] [robot_4.robot_supervisor]: Selected controllable event: EV_move_forward
[robot_supervisor-10] [INFO] [1776439118.441532373] [robot_1.robot_supervisor]: Selected controllable event: EV_rotate_counterclockwise
[robot_supervisor-10] [INFO] [1776439118.442106139] [robot_1.robot_supervisor]: rotate_90 blocked by recent completion; stopping this tick
[robot_supervisor-13] [INFO] [1776439118.468232791] [robot_2.robot_supervisor]: Selected controllable event: EV_move_forward
[robot_supervisor-10] [INFO] [1776439118.540738981] [robot_1.robot_supervisor]: Selected controllable event: EV_random_walk
[robot_supervisor-16] [INFO] [1776439118.560405276] [robot_3.robot_supervisor]: Selected controllable event: EV_rotate_clockwise
[robot_supervisor-16] [INFO] [1776439118.560798318] [robot_3.robot_supervisor]: rotate_90 blocked by recent completion; stopping this tick
[robot_supervisor-7] [INFO] [1776439118.628135770] [robot_0.robot_supervisor]: Selected controllable event: EV_move_forward
[robot_supervisor-16] [INFO] [1776439118.660375154] [robot_3.robot_supervisor]: Selected controllable event: EV_rotate_clockwise
[robot_supervisor-16] [INFO] [1776439118.660769200] [robot_3.robot_supervisor]: rotate_90 blocked by recent completion; stopping this tick
[robot_supervisor-19] [INFO] [1776439118.705684935] [robot_4.robot_supervisor]: Selected controllable event: EV_random_walk
[robot_supervisor-16] [INFO] [1776439118.760099253] [robot_3.robot_supervisor]: Selected controllable event: EV_rotate_clockwise
[robot_supervisor-13] [INFO] [1776439118.767899754] [robot_2.robot_supervisor]: Selected controllable event: EV_random_walk
[robot_supervisor-10] [INFO] [1776439118.841198748] [robot_1.robot_supervisor]: Selected controllable event: EV_move_forward
[image_processor-24] [INFO] [1776439118.917907984] [robot_3.image_processor]: Zone=CORNER  left[p=0.612 near=7643 v=7650]  front[p=0.470 near=13500 v=13500]  right[p=0.405 near=7740 v=7740]
[robot_supervisor-16] [INFO] [1776439118.918633227] [robot_3.robot_supervisor]: Detected zone changed to CORNER
[image_processor-22] [INFO] [1776439118.924882380] [robot_1.image_processor]: Zone=CORNER  left[p=0.345 near=7650 v=7650]  front[p=0.414 near=13500 v=13500]  right[p=0.591 near=7451 v=7740]
[robot_supervisor-10] [INFO] [1776439118.925961750] [robot_1.robot_supervisor]: Detected zone changed to CORNER
[robot_supervisor-7] [INFO] [1776439118.928232553] [robot_0.robot_supervisor]: Selected controllable event: EV_random_walk
[image_processor-21] [INFO] [1776439118.934688390] [robot_0.image_processor]: Zone=CLEAR
[image_processor-25] [INFO] [1776439118.946473839] [robot_4.image_processor]: Zone=CLEAR
[robot_supervisor-19] [INFO] [1776439119.005632226] [robot_4.robot_supervisor]: Selected controllable event: EV_move_forward
[image_processor-23] [INFO] [1776439119.012480750] [robot_2.image_processor]: Zone=CORNER  left[p=2.304 near=0 v=5497]  front[p=0.483 near=3221 v=10119]  right[p=0.296 near=7740 v=7740]
[robot_supervisor-13] [INFO] [1776439119.013066611] [robot_2.robot_supervisor]: Detected zone changed to CORNER
[robot_supervisor-13] [INFO] [1776439119.068094178] [robot_2.robot_supervisor]: Selected controllable event: EV_rotate_clockwise
[robot_supervisor-10] [INFO] [1776439119.140977199] [robot_1.robot_supervisor]: Selected controllable event: EV_rotate_clockwise
[robot_supervisor-7] [INFO] [1776439119.228113877] [robot_0.robot_supervisor]: Selected controllable event: EV_move_forward
[robot_supervisor-19] [INFO] [1776439119.305697403] [robot_4.robot_supervisor]: Selected controllable event: EV_random_walk
[robot_supervisor-7] [INFO] [1776439119.528895402] [robot_0.robot_supervisor]: Selected controllable event: EV_random_walk
[robot_supervisor-19] [INFO] [1776439119.605615776] [robot_4.robot_supervisor]: Selected controllable event: EV_move_forward
[robot_supervisor-7] [INFO] [1776439119.828110945] [robot_0.robot_supervisor]: Selected controllable event: EV_move_forward
[robot_supervisor-19] [INFO] [1776439119.905745820] [robot_4.robot_supervisor]: Selected controllable event: EV_random_walk
[robot_supervisor-7] [INFO] [1776439120.128340575] [robot_0.robot_supervisor]: Selected controllable event: EV_random_walk
[robot_supervisor-19] [INFO] [1776439120.205362483] [robot_4.robot_supervisor]: Selected controllable event: EV_move_forward
[robot_supervisor-7] [INFO] [1776439120.428260792] [robot_0.robot_supervisor]: Selected controllable event: EV_move_forward
[robot_supervisor-19] [INFO] [1776439120.505924382] [robot_4.robot_supervisor]: Selected controllable event: EV_random_walk
[robot_supervisor-7] [INFO] [1776439120.728151850] [robot_0.robot_supervisor]: Selected controllable event: EV_random_walk
[robot_supervisor-19] [INFO] [1776439120.805799831] [robot_4.robot_supervisor]: Selected controllable event: EV_move_forward
[robot_supervisor-16] [INFO] [1776439120.960454648] [robot_3.robot_supervisor]: Selected controllable event: EV_rotate_clockwise
[robot_supervisor-16] [INFO] [1776439120.960803417] [robot_3.robot_supervisor]: rotate_90 blocked by recent completion; stopping this tick
[robot_supervisor-7] [INFO] [1776439121.028185155] [robot_0.robot_supervisor]: Selected controllable event: EV_move_forward
[robot_supervisor-16] [INFO] [1776439121.060129776] [robot_3.robot_supervisor]: Selected controllable event: EV_rotate_clockwise
[robot_supervisor-16] [INFO] [1776439121.060305224] [robot_3.robot_supervisor]: rotate_90 blocked by recent completion; stopping this tick
[robot_supervisor-19] [INFO] [1776439121.105946605] [robot_4.robot_supervisor]: Selected controllable event: EV_random_walk
[robot_supervisor-16] [INFO] [1776439121.160342214] [robot_3.robot_supervisor]: Selected controllable event: EV_rotate_clockwise
[robot_supervisor-13] [INFO] [1776439121.267956636] [robot_2.robot_supervisor]: Selected controllable event: EV_rotate_clockwise
[robot_supervisor-13] [INFO] [1776439121.268169182] [robot_2.robot_supervisor]: rotate_90 blocked by recent completion; stopping this tick
[robot_supervisor-7] [INFO] [1776439121.328016273] [robot_0.robot_supervisor]: Selected controllable event: EV_random_walk
[robot_supervisor-10] [INFO] [1776439121.341026444] [robot_1.robot_supervisor]: Selected controllable event: EV_rotate_clockwise
[robot_supervisor-10] [INFO] [1776439121.341223726] [robot_1.robot_supervisor]: rotate_90 blocked by recent completion; stopping this tick
[robot_supervisor-13] [INFO] [1776439121.368164692] [robot_2.robot_supervisor]: Selected controllable event: EV_rotate_clockwise
[robot_supervisor-13] [INFO] [1776439121.368847233] [robot_2.robot_supervisor]: rotate_90 blocked by recent completion; stopping this tick
[robot_supervisor-19] [INFO] [1776439121.405730629] [robot_4.robot_supervisor]: Selected controllable event: EV_move_forward
[image_processor-23] [INFO] [1776439121.405960423] [robot_2.image_processor]: Zone=CORNER
[image_processor-24] [INFO] [1776439121.413230492] [robot_3.image_processor]: Zone=CORNER
[image_processor-22] [INFO] [1776439121.426117685] [robot_1.image_processor]: Zone=CLEAR  left[p=1.287 near=0 v=7398]  front[p=3.530 near=0 v=10679]  right[p=1.029 near=0 v=4781]
[robot_supervisor-10] [INFO] [1776439121.426644252] [robot_1.robot_supervisor]: Detected zone changed to CLEAR
[image_processor-21] [INFO] [1776439121.436587703] [robot_0.image_processor]: Zone=CLEAR
[robot_supervisor-10] [INFO] [1776439121.440732360] [robot_1.robot_supervisor]: Selected controllable event: EV_rotate_clockwise
[robot_supervisor-10] [INFO] [1776439121.440907876] [robot_1.robot_supervisor]: rotate_90 blocked by recent completion; stopping this tick
[image_processor-25] [INFO] [1776439121.447797495] [robot_4.image_processor]: Zone=CLEAR
[robot_supervisor-13] [INFO] [1776439121.467923351] [robot_2.robot_supervisor]: Selected controllable event: EV_rotate_clockwise
[robot_supervisor-10] [INFO] [1776439121.541023711] [robot_1.robot_supervisor]: Selected controllable event: EV_random_walk
[robot_supervisor-7] [INFO] [1776439121.628141268] [robot_0.robot_supervisor]: Selected controllable event: EV_move_forward
[robot_supervisor-19] [INFO] [1776439121.705644441] [robot_4.robot_supervisor]: Selected controllable event: EV_random_walk
[robot_supervisor-10] [INFO] [1776439121.840963463] [robot_1.robot_supervisor]: Selected controllable event: EV_move_forward
[robot_supervisor-7] [INFO] [1776439121.928252633] [robot_0.robot_supervisor]: Selected controllable event: EV_random_walk
[robot_supervisor-19] [INFO] [1776439122.005758481] [robot_4.robot_supervisor]: Selected controllable event: EV_move_forward
[robot_supervisor-10] [INFO] [1776439122.140969265] [robot_1.robot_supervisor]: Selected controllable event: EV_random_walk
[robot_supervisor-7] [INFO] [1776439122.228201142] [robot_0.robot_supervisor]: Selected controllable event: EV_move_forward
[robot_supervisor-19] [INFO] [1776439122.305627684] [robot_4.robot_supervisor]: Selected controllable event: EV_random_walk
[robot_supervisor-10] [INFO] [1776439122.441106935] [robot_1.robot_supervisor]: Selected controllable event: EV_move_forward
[robot_supervisor-7] [INFO] [1776439122.528128716] [robot_0.robot_supervisor]: Selected controllable event: EV_random_walk
[robot_supervisor-19] [INFO] [1776439122.605729885] [robot_4.robot_supervisor]: Selected controllable event: EV_move_forward
[robot_supervisor-10] [INFO] [1776439122.741328086] [robot_1.robot_supervisor]: Selected controllable event: EV_random_walk
[robot_supervisor-7] [INFO] [1776439122.828111029] [robot_0.robot_supervisor]: Selected controllable event: EV_move_forward
[robot_supervisor-19] [INFO] [1776439122.905607384] [robot_4.robot_supervisor]: Selected controllable event: EV_random_walk
[robot_supervisor-10] [INFO] [1776439123.041033413] [robot_1.robot_supervisor]: Selected controllable event: EV_move_forward
[robot_supervisor-7] [INFO] [1776439123.128140346] [robot_0.robot_supervisor]: Selected controllable event: EV_random_walk
[robot_supervisor-19] [INFO] [1776439123.205882411] [robot_4.robot_supervisor]: Selected controllable event: EV_move_forward
[robot_supervisor-10] [INFO] [1776439123.341389741] [robot_1.robot_supervisor]: Selected controllable event: EV_random_walk
[robot_supervisor-16] [INFO] [1776439123.360069698] [robot_3.robot_supervisor]: Selected controllable event: EV_rotate_clockwise
[robot_supervisor-16] [INFO] [1776439123.360262061] [robot_3.robot_supervisor]: rotate_90 blocked by recent completion; stopping this tick
[robot_supervisor-7] [INFO] [1776439123.428187876] [robot_0.robot_supervisor]: Selected controllable event: EV_move_forward
[robot_supervisor-16] [INFO] [1776439123.460454980] [robot_3.robot_supervisor]: Selected controllable event: EV_rotate_clockwise
[robot_supervisor-16] [INFO] [1776439123.460843390] [robot_3.robot_supervisor]: rotate_90 blocked by recent completion; stopping this tick
[robot_supervisor-19] [INFO] [1776439123.505727793] [robot_4.robot_supervisor]: Selected controllable event: EV_random_walk
[robot_supervisor-16] [INFO] [1776439123.560628156] [robot_3.robot_supervisor]: Selected controllable event: EV_rotate_clockwise
[robot_supervisor-10] [INFO] [1776439123.640675395] [robot_1.robot_supervisor]: Selected controllable event: EV_move_forward
[robot_supervisor-13] [INFO] [1776439123.668162688] [robot_2.robot_supervisor]: Selected controllable event: EV_rotate_clockwise
[robot_supervisor-13] [INFO] [1776439123.668561222] [robot_2.robot_supervisor]: rotate_90 blocked by recent completion; stopping this tick
[robot_supervisor-7] [INFO] [1776439123.728088515] [robot_0.robot_supervisor]: Selected controllable event: EV_random_walk
[robot_supervisor-13] [INFO] [1776439123.768117408] [robot_2.robot_supervisor]: Selected controllable event: EV_rotate_clockwise
[robot_supervisor-13] [INFO] [1776439123.768466467] [robot_2.robot_supervisor]: rotate_90 blocked by recent completion; stopping this tick
[robot_supervisor-19] [INFO] [1776439123.805706063] [robot_4.robot_supervisor]: Selected controllable event: EV_move_forward
[robot_supervisor-13] [INFO] [1776439123.868099446] [robot_2.robot_supervisor]: Selected controllable event: EV_rotate_clockwise
[image_processor-23] [INFO] [1776439123.906103049] [robot_2.image_processor]: Zone=CLEAR  left[p=1.414 near=0 v=7650]  front[p=2.176 near=0 v=13500]  right[p=2.611 near=0 v=7740]
[robot_supervisor-13] [INFO] [1776439123.906855658] [robot_2.robot_supervisor]: Detected zone changed to CLEAR
[image_processor-24] [INFO] [1776439123.919002041] [robot_3.image_processor]: Zone=CLEAR  left[p=3.241 near=0 v=6137]  front[p=2.781 near=0 v=7924]  right[p=1.042 near=0 v=5788]
[robot_supervisor-16] [INFO] [1776439123.919759051] [robot_3.robot_supervisor]: Detected zone changed to CLEAR
[image_processor-22] [INFO] [1776439123.933891911] [robot_1.image_processor]: Zone=CLEAR
[robot_supervisor-10] [INFO] [1776439123.940859890] [robot_1.robot_supervisor]: Selected controllable event: EV_random_walk
[image_processor-21] [INFO] [1776439123.942257839] [robot_0.image_processor]: Zone=CLEAR
[image_processor-25] [INFO] [1776439123.954013328] [robot_4.image_processor]: Zone=CLEAR
[robot_supervisor-7] [INFO] [1776439124.028092924] [robot_0.robot_supervisor]: Selected controllable event: EV_move_forward
[robot_supervisor-19] [INFO] [1776439124.105610615] [robot_4.robot_supervisor]: Selected controllable event: EV_random_walk
[robot_supervisor-10] [INFO] [1776439124.241119465] [robot_1.robot_supervisor]: Selected controllable event: EV_move_forward
[robot_supervisor-7] [INFO] [1776439124.328137235] [robot_0.robot_supervisor]: Selected controllable event: EV_random_walk
[robot_supervisor-19] [INFO] [1776439124.405718641] [robot_4.robot_supervisor]: Selected controllable event: EV_move_forward
[robot_supervisor-10] [INFO] [1776439124.540939457] [robot_1.robot_supervisor]: Selected controllable event: EV_random_walk
[robot_supervisor-7] [INFO] [1776439124.628111498] [robot_0.robot_supervisor]: Selected controllable event: EV_move_forward
[robot_supervisor-19] [INFO] [1776439124.705639441] [robot_4.robot_supervisor]: Selected controllable event: EV_random_walk
[robot_supervisor-10] [INFO] [1776439124.841116905] [robot_1.robot_supervisor]: Selected controllable event: EV_move_forward
[robot_supervisor-7] [INFO] [1776439124.928206619] [robot_0.robot_supervisor]: Selected controllable event: EV_random_walk
[robot_supervisor-19] [INFO] [1776439125.005514840] [robot_4.robot_supervisor]: Selected controllable event: EV_move_forward
[robot_supervisor-10] [INFO] [1776439125.140938834] [robot_1.robot_supervisor]: Selected controllable event: EV_random_walk
[robot_supervisor-7] [INFO] [1776439125.228092675] [robot_0.robot_supervisor]: Selected controllable event: EV_move_forward
[robot_supervisor-19] [INFO] [1776439125.305417401] [robot_4.robot_supervisor]: Selected controllable event: EV_random_walk
[robot_supervisor-10] [INFO] [1776439125.441178498] [robot_1.robot_supervisor]: Selected controllable event: EV_move_forward
[robot_supervisor-7] [INFO] [1776439125.528225388] [robot_0.robot_supervisor]: Selected controllable event: EV_random_walk
[robot_supervisor-19] [INFO] [1776439125.605608800] [robot_4.robot_supervisor]: Selected controllable event: EV_move_forward
[robot_supervisor-10] [INFO] [1776439125.740898211] [robot_1.robot_supervisor]: Selected controllable event: EV_random_walk
[robot_supervisor-16] [INFO] [1776439125.760160527] [robot_3.robot_supervisor]: Selected controllable event: EV_rotate_clockwise
[robot_supervisor-16] [INFO] [1776439125.760379862] [robot_3.robot_supervisor]: rotate_90 blocked by recent completion; stopping this tick
[robot_supervisor-7] [INFO] [1776439125.828081924] [robot_0.robot_supervisor]: Selected controllable event: EV_move_forward
[robot_supervisor-16] [INFO] [1776439125.860026206] [robot_3.robot_supervisor]: Selected controllable event: EV_random_walk
[robot_supervisor-19] [INFO] [1776439125.905621789] [robot_4.robot_supervisor]: Selected controllable event: EV_random_walk
[robot_supervisor-10] [INFO] [1776439126.040699914] [robot_1.robot_supervisor]: Selected controllable event: EV_move_forward
[robot_supervisor-13] [INFO] [1776439126.068186087] [robot_2.robot_supervisor]: Selected controllable event: EV_rotate_clockwise
[robot_supervisor-13] [INFO] [1776439126.068628659] [robot_2.robot_supervisor]: rotate_90 blocked by recent completion; stopping this tick
[robot_supervisor-7] [INFO] [1776439126.128103020] [robot_0.robot_supervisor]: Selected controllable event: EV_random_walk
[robot_supervisor-16] [INFO] [1776439126.160299253] [robot_3.robot_supervisor]: Selected controllable event: EV_move_forward
[robot_supervisor-13] [INFO] [1776439126.168293853] [robot_2.robot_supervisor]: Selected controllable event: EV_random_walk
[robot_supervisor-19] [INFO] [1776439126.205648593] [robot_4.robot_supervisor]: Selected controllable event: EV_move_forward
[robot_supervisor-10] [INFO] [1776439126.341277011] [robot_1.robot_supervisor]: Selected controllable event: EV_random_walk
[image_processor-23] [INFO] [1776439126.414731849] [robot_2.image_processor]: Zone=CLEAR
[image_processor-24] [INFO] [1776439126.426661173] [robot_3.image_processor]: Zone=CLEAR
[robot_supervisor-7] [INFO] [1776439126.428240344] [robot_0.robot_supervisor]: Selected controllable event: EV_move_forward
[image_processor-22] [INFO] [1776439126.440340755] [robot_1.image_processor]: Zone=CLEAR
[image_processor-21] [INFO] [1776439126.448796106] [robot_0.image_processor]: Zone=CLEAR
[robot_supervisor-16] [INFO] [1776439126.460220360] [robot_3.robot_supervisor]: Selected controllable event: EV_random_walk
[image_processor-25] [INFO] [1776439126.460461743] [robot_4.image_processor]: Zone=CLEAR
[robot_supervisor-13] [INFO] [1776439126.468200254] [robot_2.robot_supervisor]: Selected controllable event: EV_move_forward
[robot_supervisor-19] [INFO] [1776439126.505819942] [robot_4.robot_supervisor]: Selected controllable event: EV_random_walk
[robot_supervisor-10] [INFO] [1776439126.641081375] [robot_1.robot_supervisor]: Selected controllable event: EV_move_forward
[robot_supervisor-7] [INFO] [1776439126.728097051] [robot_0.robot_supervisor]: Selected controllable event: EV_random_walk
[robot_supervisor-16] [INFO] [1776439126.760321970] [robot_3.robot_supervisor]: Selected controllable event: EV_move_forward
[robot_supervisor-13] [INFO] [1776439126.768350237] [robot_2.robot_supervisor]: Selected controllable event: EV_random_walk
[robot_supervisor-19] [INFO] [1776439126.805683420] [robot_4.robot_supervisor]: Selected controllable event: EV_move_forward
[robot_supervisor-10] [INFO] [1776439126.941952590] [robot_1.robot_supervisor]: Selected controllable event: EV_random_walk
[robot_supervisor-7] [INFO] [1776439127.028129735] [robot_0.robot_supervisor]: Selected controllable event: EV_move_forward
[robot_supervisor-16] [INFO] [1776439127.060287391] [robot_3.robot_supervisor]: Selected controllable event: EV_random_walk
[robot_supervisor-13] [INFO] [1776439127.068323495] [robot_2.robot_supervisor]: Selected controllable event: EV_move_forward
[robot_supervisor-19] [INFO] [1776439127.105645429] [robot_4.robot_supervisor]: Selected controllable event: EV_random_walk
[robot_supervisor-10] [INFO] [1776439127.240797603] [robot_1.robot_supervisor]: Selected controllable event: EV_move_forward
[robot_supervisor-7] [INFO] [1776439127.328165973] [robot_0.robot_supervisor]: Selected controllable event: EV_random_walk
[robot_supervisor-16] [INFO] [1776439127.360419604] [robot_3.robot_supervisor]: Selected controllable event: EV_move_forward
[robot_supervisor-13] [INFO] [1776439127.368023805] [robot_2.robot_supervisor]: Selected controllable event: EV_random_walk
[robot_supervisor-19] [INFO] [1776439127.405668894] [robot_4.robot_supervisor]: Selected controllable event: EV_move_forward
[robot_supervisor-10] [INFO] [1776439127.540950618] [robot_1.robot_supervisor]: Selected controllable event: EV_random_walk
[robot_supervisor-7] [INFO] [1776439127.628219034] [robot_0.robot_supervisor]: Selected controllable event: EV_move_forward
[robot_supervisor-16] [INFO] [1776439127.660364855] [robot_3.robot_supervisor]: Selected controllable event: EV_random_walk
[robot_supervisor-13] [INFO] [1776439127.668186530] [robot_2.robot_supervisor]: Selected controllable event: EV_move_forward
[robot_supervisor-19] [INFO] [1776439127.705626082] [robot_4.robot_supervisor]: Selected controllable event: EV_random_walk
[robot_supervisor-10] [INFO] [1776439127.840763332] [robot_1.robot_supervisor]: Selected controllable event: EV_move_forward
[robot_supervisor-7] [INFO] [1776439127.927968189] [robot_0.robot_supervisor]: Selected controllable event: EV_random_walk
[robot_supervisor-16] [INFO] [1776439127.960383431] [robot_3.robot_supervisor]: Selected controllable event: EV_move_forward
[robot_supervisor-13] [INFO] [1776439127.968411851] [robot_2.robot_supervisor]: Selected controllable event: EV_random_walk
[bump_counter-3] [INFO] [1776439127.991826402] [bump_counter]: [global] bump #9 (robot) with: robot_0<->robot_1
[robot_supervisor-19] [INFO] [1776439128.005887615] [robot_4.robot_supervisor]: Selected controllable event: EV_move_forward
[robot_supervisor-10] [INFO] [1776439128.141042897] [robot_1.robot_supervisor]: Selected controllable event: EV_random_walk
[robot_supervisor-7] [INFO] [1776439128.228078290] [robot_0.robot_supervisor]: Selected controllable event: EV_move_forward
[robot_supervisor-16] [INFO] [1776439128.260317167] [robot_3.robot_supervisor]: Selected controllable event: EV_random_walk
[robot_supervisor-13] [INFO] [1776439128.268348062] [robot_2.robot_supervisor]: Selected controllable event: EV_move_forward
[robot_supervisor-19] [INFO] [1776439128.305442147] [robot_4.robot_supervisor]: Selected controllable event: EV_random_walk
[robot_supervisor-10] [INFO] [1776439128.441083989] [robot_1.robot_supervisor]: Selected controllable event: EV_move_forward
[robot_supervisor-7] [INFO] [1776439128.528092386] [robot_0.robot_supervisor]: Selected controllable event: EV_random_walk
[robot_supervisor-16] [INFO] [1776439128.560317410] [robot_3.robot_supervisor]: Selected controllable event: EV_move_forward
[robot_supervisor-13] [INFO] [1776439128.568192506] [robot_2.robot_supervisor]: Selected controllable event: EV_random_walk
[robot_supervisor-19] [INFO] [1776439128.605615990] [robot_4.robot_supervisor]: Selected controllable event: EV_move_forward
[robot_supervisor-10] [INFO] [1776439128.741036376] [robot_1.robot_supervisor]: Selected controllable event: EV_random_walk
[robot_supervisor-7] [INFO] [1776439128.828152490] [robot_0.robot_supervisor]: Selected controllable event: EV_move_forward
[robot_supervisor-16] [INFO] [1776439128.860034835] [robot_3.robot_supervisor]: Selected controllable event: EV_random_walk
[robot_supervisor-13] [INFO] [1776439128.868125504] [robot_2.robot_supervisor]: Selected controllable event: EV_move_forward
[robot_supervisor-19] [INFO] [1776439128.906071017] [robot_4.robot_supervisor]: Selected controllable event: EV_random_walk
[image_processor-23] [INFO] [1776439128.906828381] [robot_2.image_processor]: Zone=CLEAR
[image_processor-24] [INFO] [1776439128.919915636] [robot_3.image_processor]: Zone=CLEAR
[image_processor-22] [INFO] [1776439128.933232926] [robot_1.image_processor]: Zone=CLEAR
[image_processor-21] [INFO] [1776439128.941735408] [robot_0.image_processor]: Zone=CLEAR
[image_processor-25] [INFO] [1776439128.951724085] [robot_4.image_processor]: Zone=CLEAR
[robot_supervisor-10] [INFO] [1776439129.041107319] [robot_1.robot_supervisor]: Selected controllable event: EV_move_forward
[robot_supervisor-7] [INFO] [1776439129.128134272] [robot_0.robot_supervisor]: Selected controllable event: EV_random_walk
[robot_supervisor-16] [INFO] [1776439129.160421049] [robot_3.robot_supervisor]: Selected controllable event: EV_move_forward
[robot_supervisor-13] [INFO] [1776439129.168148446] [robot_2.robot_supervisor]: Selected controllable event: EV_random_walk
[robot_supervisor-19] [INFO] [1776439129.205846488] [robot_4.robot_supervisor]: Selected controllable event: EV_move_forward
[robot_supervisor-10] [INFO] [1776439129.341210043] [robot_1.robot_supervisor]: Selected controllable event: EV_random_walk
[robot_supervisor-7] [INFO] [1776439129.428274247] [robot_0.robot_supervisor]: Selected controllable event: EV_move_forward
[robot_supervisor-16] [INFO] [1776439129.460172301] [robot_3.robot_supervisor]: Selected controllable event: EV_random_walk
[robot_supervisor-13] [INFO] [1776439129.467985103] [robot_2.robot_supervisor]: Selected controllable event: EV_move_forward
[robot_supervisor-19] [INFO] [1776439129.505629397] [robot_4.robot_supervisor]: Selected controllable event: EV_random_walk
[robot_supervisor-10] [INFO] [1776439129.640895328] [robot_1.robot_supervisor]: Selected controllable event: EV_move_forward
[robot_supervisor-7] [INFO] [1776439129.728130344] [robot_0.robot_supervisor]: Selected controllable event: EV_random_walk
[robot_supervisor-16] [INFO] [1776439129.760064695] [robot_3.robot_supervisor]: Selected controllable event: EV_move_forward
[robot_supervisor-13] [INFO] [1776439129.768134783] [robot_2.robot_supervisor]: Selected controllable event: EV_random_walk
[robot_supervisor-19] [INFO] [1776439129.805666297] [robot_4.robot_supervisor]: Selected controllable event: EV_move_forward
[robot_supervisor-10] [INFO] [1776439129.841581643] [robot_1.robot_supervisor]: Selected controllable event: EV_random_walk
[robot_supervisor-7] [INFO] [1776439130.027956671] [robot_0.robot_supervisor]: Selected controllable event: EV_move_forward
[robot_supervisor-16] [INFO] [1776439130.060552977] [robot_3.robot_supervisor]: Selected controllable event: EV_random_walk
[robot_supervisor-13] [INFO] [1776439130.068147526] [robot_2.robot_supervisor]: Selected controllable event: EV_move_forward
[robot_supervisor-19] [INFO] [1776439130.105645290] [robot_4.robot_supervisor]: Selected controllable event: EV_random_walk
[robot_supervisor-10] [INFO] [1776439130.140883677] [robot_1.robot_supervisor]: Selected controllable event: EV_move_forward
[robot_supervisor-7] [INFO] [1776439130.328171469] [robot_0.robot_supervisor]: Selected controllable event: EV_random_walk
[robot_supervisor-16] [INFO] [1776439130.360277290] [robot_3.robot_supervisor]: Selected controllable event: EV_move_forward
[robot_supervisor-13] [INFO] [1776439130.368137261] [robot_2.robot_supervisor]: Selected controllable event: EV_random_walk
[robot_supervisor-19] [INFO] [1776439130.405734648] [robot_4.robot_supervisor]: Selected controllable event: EV_move_forward
[robot_supervisor-10] [INFO] [1776439130.440993636] [robot_1.robot_supervisor]: Selected controllable event: EV_random_walk
[robot_supervisor-7] [INFO] [1776439130.628147712] [robot_0.robot_supervisor]: Selected controllable event: EV_move_forward
[robot_supervisor-16] [INFO] [1776439130.660352604] [robot_3.robot_supervisor]: Selected controllable event: EV_random_walk
[robot_supervisor-13] [INFO] [1776439130.668342973] [robot_2.robot_supervisor]: Selected controllable event: EV_move_forward
[robot_supervisor-19] [INFO] [1776439130.705962004] [robot_4.robot_supervisor]: Selected controllable event: EV_random_walk
[robot_supervisor-10] [INFO] [1776439130.740864272] [robot_1.robot_supervisor]: Selected controllable event: EV_move_forward
[robot_supervisor-7] [INFO] [1776439130.928230481] [robot_0.robot_supervisor]: Selected controllable event: EV_random_walk
[robot_supervisor-10] [INFO] [1776439130.941690568] [robot_1.robot_supervisor]: Selected controllable event: EV_random_walk
[robot_supervisor-16] [INFO] [1776439130.960709853] [robot_3.robot_supervisor]: Selected controllable event: EV_move_forward
[robot_supervisor-13] [INFO] [1776439130.968394907] [robot_2.robot_supervisor]: Selected controllable event: EV_random_walk
[robot_supervisor-19] [INFO] [1776439131.005617162] [robot_4.robot_supervisor]: Selected controllable event: EV_move_forward
[robot_supervisor-7] [INFO] [1776439131.227951103] [robot_0.robot_supervisor]: Selected controllable event: EV_move_forward
[robot_supervisor-10] [INFO] [1776439131.240971216] [robot_1.robot_supervisor]: Selected controllable event: EV_move_forward
[robot_supervisor-16] [INFO] [1776439131.260294833] [robot_3.robot_supervisor]: Selected controllable event: EV_random_walk
[robot_supervisor-13] [INFO] [1776439131.268207483] [robot_2.robot_supervisor]: Selected controllable event: EV_move_forward
[robot_supervisor-19] [INFO] [1776439131.305644885] [robot_4.robot_supervisor]: Selected controllable event: EV_random_walk
[image_processor-23] [INFO] [1776439131.406709395] [robot_2.image_processor]: Zone=CLEAR
[image_processor-24] [INFO] [1776439131.422878603] [robot_3.image_processor]: Zone=CORNER  left[p=0.251 near=7650 v=7650]  front[p=0.316 near=13500 v=13500]  right[p=0.522 near=4992 v=7740]
[robot_supervisor-16] [INFO] [1776439131.423391626] [robot_3.robot_supervisor]: Detected zone changed to CORNER
[image_processor-22] [INFO] [1776439131.434353877] [robot_1.image_processor]: Zone=CLEAR
[image_processor-21] [INFO] [1776439131.441231393] [robot_0.image_processor]: Zone=CORNER  left[p=0.362 near=7650 v=7650]  front[p=0.566 near=5614 v=13500]  right[p=2.157 near=0 v=7740]
[robot_supervisor-7] [INFO] [1776439131.441611826] [robot_0.robot_supervisor]: Detected zone changed to CORNER
[image_processor-25] [INFO] [1776439131.453745290] [robot_4.image_processor]: Zone=CORNER  left[p=0.604 near=1237 v=7593]  front[p=0.313 near=13500 v=13500]  right[p=0.538 near=6104 v=7740]
[robot_supervisor-19] [INFO] [1776439131.454188519] [robot_4.robot_supervisor]: Detected zone changed to CORNER
[robot_supervisor-7] [INFO] [1776439131.528046728] [robot_0.robot_supervisor]: Selected controllable event: EV_rotate_clockwise
[robot_supervisor-10] [INFO] [1776439131.541100185] [robot_1.robot_supervisor]: Selected controllable event: EV_random_walk
[robot_supervisor-16] [INFO] [1776439131.560167507] [robot_3.robot_supervisor]: Selected controllable event: EV_rotate_clockwise
[robot_supervisor-13] [INFO] [1776439131.568241788] [robot_2.robot_supervisor]: Selected controllable event: EV_random_walk
[robot_supervisor-19] [INFO] [1776439131.605395271] [robot_4.robot_supervisor]: Selected controllable event: EV_rotate_clockwise
[robot_supervisor-10] [INFO] [1776439131.841285654] [robot_1.robot_supervisor]: Selected controllable event: EV_move_forward
[robot_supervisor-13] [INFO] [1776439131.868135608] [robot_2.robot_supervisor]: Selected controllable event: EV_move_forward
[robot_supervisor-10] [INFO] [1776439132.141183474] [robot_1.robot_supervisor]: Selected controllable event: EV_random_walk
[robot_supervisor-13] [INFO] [1776439132.168130196] [robot_2.robot_supervisor]: Selected controllable event: EV_random_walk
[robot_supervisor-10] [INFO] [1776439132.441009871] [robot_1.robot_supervisor]: Selected controllable event: EV_move_forward
[robot_supervisor-13] [INFO] [1776439132.468228210] [robot_2.robot_supervisor]: Selected controllable event: EV_move_forward
[robot_supervisor-10] [INFO] [1776439132.741126162] [robot_1.robot_supervisor]: Selected controllable event: EV_random_walk
[robot_supervisor-13] [INFO] [1776439132.768401632] [robot_2.robot_supervisor]: Selected controllable event: EV_random_walk
[robot_supervisor-10] [INFO] [1776439133.041086136] [robot_1.robot_supervisor]: Selected controllable event: EV_move_forward
[robot_supervisor-13] [INFO] [1776439133.067881651] [robot_2.robot_supervisor]: Selected controllable event: EV_move_forward
[robot_supervisor-10] [INFO] [1776439133.341604161] [robot_1.robot_supervisor]: Selected controllable event: EV_random_walk
[robot_supervisor-13] [INFO] [1776439133.368259293] [robot_2.robot_supervisor]: Selected controllable event: EV_random_walk
[robot_supervisor-19] [INFO] [1776439133.605457994] [robot_4.robot_supervisor]: Selected controllable event: EV_rotate_clockwise
[robot_supervisor-19] [INFO] [1776439133.605672438] [robot_4.robot_supervisor]: rotate_90 blocked by recent completion; stopping this tick
[robot_supervisor-7] [INFO] [1776439133.628133670] [robot_0.robot_supervisor]: Selected controllable event: EV_rotate_clockwise
[robot_supervisor-7] [INFO] [1776439133.628546192] [robot_0.robot_supervisor]: rotate_90 blocked by recent completion; stopping this tick
[robot_supervisor-10] [INFO] [1776439133.641576869] [robot_1.robot_supervisor]: Selected controllable event: EV_move_forward
[robot_supervisor-13] [INFO] [1776439133.668179291] [robot_2.robot_supervisor]: Selected controllable event: EV_move_forward
[robot_supervisor-19] [INFO] [1776439133.705602108] [robot_4.robot_supervisor]: Selected controllable event: EV_rotate_clockwise
[robot_supervisor-19] [INFO] [1776439133.705947212] [robot_4.robot_supervisor]: rotate_90 blocked by recent completion; stopping this tick
[robot_supervisor-7] [INFO] [1776439133.728006121] [robot_0.robot_supervisor]: Selected controllable event: EV_rotate_clockwise
[robot_supervisor-7] [INFO] [1776439133.728284220] [robot_0.robot_supervisor]: rotate_90 blocked by recent completion; stopping this tick
[robot_supervisor-16] [INFO] [1776439133.760304515] [robot_3.robot_supervisor]: Selected controllable event: EV_rotate_clockwise
[robot_supervisor-16] [INFO] [1776439133.760677115] [robot_3.robot_supervisor]: rotate_90 blocked by recent completion; stopping this tick
[robot_supervisor-19] [INFO] [1776439133.805633315] [robot_4.robot_supervisor]: Selected controllable event: EV_rotate_clockwise
[robot_supervisor-19] [INFO] [1776439133.805992637] [robot_4.robot_supervisor]: rotate_90 blocked by recent completion; stopping this tick
[robot_supervisor-7] [INFO] [1776439133.828131404] [robot_0.robot_supervisor]: Selected controllable event: EV_rotate_clockwise
[robot_supervisor-7] [INFO] [1776439133.828750927] [robot_0.robot_supervisor]: rotate_90 blocked by recent completion; stopping this tick
[robot_supervisor-16] [INFO] [1776439133.860419898] [robot_3.robot_supervisor]: Selected controllable event: EV_rotate_clockwise
[robot_supervisor-16] [INFO] [1776439133.860813600] [robot_3.robot_supervisor]: rotate_90 blocked by recent completion; stopping this tick
[robot_supervisor-19] [INFO] [1776439133.905724569] [robot_4.robot_supervisor]: Selected controllable event: EV_rotate_clockwise
[image_processor-23] [INFO] [1776439133.908533988] [robot_2.image_processor]: Zone=CLEAR
[image_processor-24] [INFO] [1776439133.917775787] [robot_3.image_processor]: Zone=RIGHT  left[p=1.638 near=0 v=7650]  front[p=1.002 near=0 v=13500]  right[p=0.799 near=822 v=7740]
[robot_supervisor-16] [INFO] [1776439133.918704529] [robot_3.robot_supervisor]: Detected zone changed to RIGHT
[robot_supervisor-7] [INFO] [1776439133.928058749] [robot_0.robot_supervisor]: Selected controllable event: EV_rotate_clockwise
[image_processor-22] [INFO] [1776439133.930047923] [robot_1.image_processor]: Zone=CLEAR
[robot_supervisor-10] [INFO] [1776439133.940834650] [robot_1.robot_supervisor]: Selected controllable event: EV_random_walk
[image_processor-21] [INFO] [1776439133.945833315] [robot_0.image_processor]: Zone=RIGHT  left[p=1.215 near=0 v=7650]  front[p=1.228 near=0 v=13049]  right[p=0.708 near=541 v=5064]
[robot_supervisor-7] [INFO] [1776439133.946284493] [robot_0.robot_supervisor]: Detected zone changed to RIGHT
[image_processor-25] [INFO] [1776439133.954335363] [robot_4.image_processor]: Zone=CLEAR  left[p=2.081 near=0 v=7650]  front[p=2.292 near=0 v=11363]  right[p=3.532 near=0 v=7080]
[robot_supervisor-19] [INFO] [1776439133.954811963] [robot_4.robot_supervisor]: Detected zone changed to CLEAR
[robot_supervisor-16] [INFO] [1776439133.960252097] [robot_3.robot_supervisor]: Selected controllable event: EV_rotate_counterclockwise
[robot_supervisor-13] [INFO] [1776439133.968138596] [robot_2.robot_supervisor]: Selected controllable event: EV_random_walk
[robot_supervisor-10] [INFO] [1776439134.240983974] [robot_1.robot_supervisor]: Selected controllable event: EV_move_forward
[robot_supervisor-13] [INFO] [1776439134.268139721] [robot_2.robot_supervisor]: Selected controllable event: EV_move_forward
[robot_supervisor-10] [INFO] [1776439134.541008962] [robot_1.robot_supervisor]: Selected controllable event: EV_random_walk
[robot_supervisor-13] [INFO] [1776439134.568132736] [robot_2.robot_supervisor]: Selected controllable event: EV_random_walk
[robot_supervisor-10] [INFO] [1776439134.840962785] [robot_1.robot_supervisor]: Selected controllable event: EV_move_forward
[robot_supervisor-13] [INFO] [1776439134.868395749] [robot_2.robot_supervisor]: Selected controllable event: EV_move_forward
[robot_supervisor-10] [INFO] [1776439135.140979559] [robot_1.robot_supervisor]: Selected controllable event: EV_random_walk
[robot_supervisor-13] [INFO] [1776439135.168139814] [robot_2.robot_supervisor]: Selected controllable event: EV_random_walk
[robot_supervisor-10] [INFO] [1776439135.441184731] [robot_1.robot_supervisor]: Selected controllable event: EV_move_forward
[robot_supervisor-13] [INFO] [1776439135.468283265] [robot_2.robot_supervisor]: Selected controllable event: EV_move_forward
[robot_supervisor-10] [INFO] [1776439135.741468924] [robot_1.robot_supervisor]: Selected controllable event: EV_random_walk
[robot_supervisor-13] [INFO] [1776439135.768094406] [robot_2.robot_supervisor]: Selected controllable event: EV_random_walk
[robot_supervisor-7] [INFO] [1776439136.028302362] [robot_0.robot_supervisor]: Selected controllable event: EV_rotate_counterclockwise
[robot_supervisor-7] [INFO] [1776439136.028763120] [robot_0.robot_supervisor]: rotate_90 blocked by recent completion; stopping this tick
[robot_supervisor-10] [INFO] [1776439136.040999512] [robot_1.robot_supervisor]: Selected controllable event: EV_move_forward
[robot_supervisor-13] [INFO] [1776439136.068311349] [robot_2.robot_supervisor]: Selected controllable event: EV_move_forward
[robot_supervisor-19] [INFO] [1776439136.105704598] [robot_4.robot_supervisor]: Selected controllable event: EV_rotate_clockwise
[robot_supervisor-19] [INFO] [1776439136.106105025] [robot_4.robot_supervisor]: rotate_90 blocked by recent completion; stopping this tick
[robot_supervisor-7] [INFO] [1776439136.128318671] [robot_0.robot_supervisor]: Selected controllable event: EV_rotate_counterclockwise
[robot_supervisor-7] [INFO] [1776439136.128778841] [robot_0.robot_supervisor]: rotate_90 blocked by recent completion; stopping this tick
[robot_supervisor-16] [INFO] [1776439136.160321736] [robot_3.robot_supervisor]: Selected controllable event: EV_rotate_counterclockwise
[robot_supervisor-16] [INFO] [1776439136.160688759] [robot_3.robot_supervisor]: rotate_90 blocked by recent completion; stopping this tick
[robot_supervisor-19] [INFO] [1776439136.205671053] [robot_4.robot_supervisor]: Selected controllable event: EV_random_walk
[robot_supervisor-7] [INFO] [1776439136.228208351] [robot_0.robot_supervisor]: Selected controllable event: EV_rotate_counterclockwise
[robot_supervisor-7] [INFO] [1776439136.228581226] [robot_0.robot_supervisor]: rotate_90 blocked by recent completion; stopping this tick
[robot_supervisor-16] [INFO] [1776439136.260307512] [robot_3.robot_supervisor]: Selected controllable event: EV_rotate_counterclockwise
[robot_supervisor-16] [INFO] [1776439136.260668320] [robot_3.robot_supervisor]: rotate_90 blocked by recent completion; stopping this tick
[robot_supervisor-7] [INFO] [1776439136.328248056] [robot_0.robot_supervisor]: Selected controllable event: EV_rotate_counterclockwise
[robot_supervisor-10] [INFO] [1776439136.340722630] [robot_1.robot_supervisor]: Selected controllable event: EV_random_walk
[robot_supervisor-16] [INFO] [1776439136.360345900] [robot_3.robot_supervisor]: Selected controllable event: EV_rotate_counterclockwise
[robot_supervisor-13] [INFO] [1776439136.368210090] [robot_2.robot_supervisor]: Selected controllable event: EV_random_walk
[image_processor-23] [INFO] [1776439136.406255228] [robot_2.image_processor]: Zone=CLEAR
[image_processor-24] [INFO] [1776439136.419816014] [robot_3.image_processor]: Zone=CORNER  left[p=0.212 near=7650 v=7650]  front[p=0.264 near=13500 v=13500]  right[p=0.418 near=7076 v=7740]
[robot_supervisor-16] [INFO] [1776439136.420284221] [robot_3.robot_supervisor]: Detected zone changed to CORNER
[image_processor-22] [INFO] [1776439136.429795930] [robot_1.image_processor]: Zone=CORNER  left[p=0.390 near=7650 v=7650]  front[p=0.441 near=7200 v=13500]  right[p=0.995 near=0 v=7740]
[robot_supervisor-10] [INFO] [1776439136.430311243] [robot_1.robot_supervisor]: Detected zone changed to CORNER
[image_processor-21] [INFO] [1776439136.442985492] [robot_0.image_processor]: Zone=RIGHT
[image_processor-25] [INFO] [1776439136.452902628] [robot_4.image_processor]: Zone=CLEAR
[robot_supervisor-19] [INFO] [1776439136.505743286] [robot_4.robot_supervisor]: Selected controllable event: EV_move_forward
[robot_supervisor-10] [INFO] [1776439136.640992544] [robot_1.robot_supervisor]: Selected controllable event: EV_rotate_clockwise
[robot_supervisor-13] [INFO] [1776439136.668262005] [robot_2.robot_supervisor]: Selected controllable event: EV_move_forward
[robot_supervisor-19] [INFO] [1776439136.805688415] [robot_4.robot_supervisor]: Selected controllable event: EV_random_walk
[robot_supervisor-13] [INFO] [1776439136.968233616] [robot_2.robot_supervisor]: Selected controllable event: EV_random_walk
[robot_supervisor-19] [INFO] [1776439137.105989164] [robot_4.robot_supervisor]: Selected controllable event: EV_move_forward
[robot_supervisor-13] [INFO] [1776439137.267967781] [robot_2.robot_supervisor]: Selected controllable event: EV_move_forward
[robot_supervisor-19] [INFO] [1776439137.405680718] [robot_4.robot_supervisor]: Selected controllable event: EV_random_walk
[robot_supervisor-13] [INFO] [1776439137.567994293] [robot_2.robot_supervisor]: Selected controllable event: EV_random_walk
[robot_supervisor-19] [INFO] [1776439137.705884921] [robot_4.robot_supervisor]: Selected controllable event: EV_move_forward
[robot_supervisor-13] [INFO] [1776439137.868125968] [robot_2.robot_supervisor]: Selected controllable event: EV_move_forward
[robot_supervisor-19] [INFO] [1776439138.005450429] [robot_4.robot_supervisor]: Selected controllable event: EV_random_walk
[robot_supervisor-13] [INFO] [1776439138.167939287] [robot_2.robot_supervisor]: Selected controllable event: EV_random_walk
[robot_supervisor-19] [INFO] [1776439138.305627458] [robot_4.robot_supervisor]: Selected controllable event: EV_move_forward
[robot_supervisor-7] [INFO] [1776439138.428167702] [robot_0.robot_supervisor]: Selected controllable event: EV_rotate_counterclockwise
[robot_supervisor-7] [INFO] [1776439138.428452690] [robot_0.robot_supervisor]: rotate_90 blocked by recent completion; stopping this tick
[robot_supervisor-16] [INFO] [1776439138.460249005] [robot_3.robot_supervisor]: Selected controllable event: EV_rotate_clockwise
[robot_supervisor-16] [INFO] [1776439138.460451734] [robot_3.robot_supervisor]: rotate_90 blocked by recent completion; stopping this tick
[robot_supervisor-13] [INFO] [1776439138.468493853] [robot_2.robot_supervisor]: Selected controllable event: EV_move_forward
[robot_supervisor-7] [INFO] [1776439138.528131171] [robot_0.robot_supervisor]: Selected controllable event: EV_rotate_counterclockwise
[robot_supervisor-7] [INFO] [1776439138.528483146] [robot_0.robot_supervisor]: rotate_90 blocked by recent completion; stopping this tick
[robot_supervisor-16] [INFO] [1776439138.560611509] [robot_3.robot_supervisor]: Selected controllable event: EV_rotate_clockwise
[robot_supervisor-16] [INFO] [1776439138.560928880] [robot_3.robot_supervisor]: rotate_90 blocked by recent completion; stopping this tick
[robot_supervisor-19] [INFO] [1776439138.605981002] [robot_4.robot_supervisor]: Selected controllable event: EV_random_walk
[robot_supervisor-7] [INFO] [1776439138.628135218] [robot_0.robot_supervisor]: Selected controllable event: EV_rotate_counterclockwise
[robot_supervisor-7] [INFO] [1776439138.628505210] [robot_0.robot_supervisor]: rotate_90 blocked by recent completion; stopping this tick
[robot_supervisor-16] [INFO] [1776439138.660375211] [robot_3.robot_supervisor]: Selected controllable event: EV_rotate_clockwise
[robot_supervisor-16] [INFO] [1776439138.660646906] [robot_3.robot_supervisor]: rotate_90 blocked by recent completion; stopping this tick
[robot_supervisor-7] [INFO] [1776439138.728192170] [robot_0.robot_supervisor]: Selected controllable event: EV_rotate_counterclockwise
[robot_supervisor-16] [INFO] [1776439138.760383916] [robot_3.robot_supervisor]: Selected controllable event: EV_rotate_clockwise
[robot_supervisor-13] [INFO] [1776439138.768180798] [robot_2.robot_supervisor]: Selected controllable event: EV_random_walk
[robot_supervisor-10] [INFO] [1776439138.841473984] [robot_1.robot_supervisor]: Selected controllable event: EV_rotate_clockwise
[robot_supervisor-10] [INFO] [1776439138.841877202] [robot_1.robot_supervisor]: rotate_90 blocked by recent completion; stopping this tick
[robot_supervisor-19] [INFO] [1776439138.906513462] [robot_4.robot_supervisor]: Selected controllable event: EV_move_forward
[image_processor-23] [INFO] [1776439138.908663545] [robot_2.image_processor]: Zone=CLEAR
[image_processor-24] [INFO] [1776439138.922833910] [robot_3.image_processor]: Zone=CORNER
[image_processor-22] [INFO] [1776439138.938383919] [robot_1.image_processor]: Zone=CLEAR  left[p=1.098 near=0 v=7650]  front[p=2.168 near=0 v=8400]  right[p=3.239 near=0 v=5252]
[robot_supervisor-10] [INFO] [1776439138.939174038] [robot_1.robot_supervisor]: Detected zone changed to CLEAR
[robot_supervisor-10] [INFO] [1776439138.941497639] [robot_1.robot_supervisor]: Selected controllable event: EV_rotate_clockwise
[robot_supervisor-10] [INFO] [1776439138.941807752] [robot_1.robot_supervisor]: rotate_90 blocked by recent completion; stopping this tick
[image_processor-21] [INFO] [1776439138.956378622] [robot_0.image_processor]: Zone=CLEAR  left[p=1.281 near=0 v=7650]  front[p=1.191 near=0 v=13146]  right[p=2.865 near=0 v=5290]
[robot_supervisor-7] [INFO] [1776439138.956896794] [robot_0.robot_supervisor]: Detected zone changed to CLEAR
[image_processor-25] [INFO] [1776439138.967163963] [robot_4.image_processor]: Zone=CLEAR
[robot_supervisor-10] [INFO] [1776439139.041811037] [robot_1.robot_supervisor]: Selected controllable event: EV_random_walk
[robot_supervisor-13] [INFO] [1776439139.068175185] [robot_2.robot_supervisor]: Selected controllable event: EV_move_forward
[robot_supervisor-19] [INFO] [1776439139.205646247] [robot_4.robot_supervisor]: Selected controllable event: EV_random_walk
[robot_supervisor-10] [INFO] [1776439139.340864240] [robot_1.robot_supervisor]: Selected controllable event: EV_move_forward
[robot_supervisor-13] [INFO] [1776439139.367957707] [robot_2.robot_supervisor]: Selected controllable event: EV_random_walk
[robot_supervisor-19] [INFO] [1776439139.505439498] [robot_4.robot_supervisor]: Selected controllable event: EV_move_forward
[robot_supervisor-10] [INFO] [1776439139.641131923] [robot_1.robot_supervisor]: Selected controllable event: EV_random_walk
[robot_supervisor-13] [INFO] [1776439139.668144463] [robot_2.robot_supervisor]: Selected controllable event: EV_move_forward
[robot_supervisor-19] [INFO] [1776439139.805674864] [robot_4.robot_supervisor]: Selected controllable event: EV_random_walk
[robot_supervisor-10] [INFO] [1776439139.941618763] [robot_1.robot_supervisor]: Selected controllable event: EV_move_forward
[robot_supervisor-13] [INFO] [1776439139.968042937] [robot_2.robot_supervisor]: Selected controllable event: EV_random_walk
[robot_supervisor-19] [INFO] [1776439140.105485063] [robot_4.robot_supervisor]: Selected controllable event: EV_move_forward
[robot_supervisor-10] [INFO] [1776439140.240975913] [robot_1.robot_supervisor]: Selected controllable event: EV_random_walk
[robot_supervisor-13] [INFO] [1776439140.268206336] [robot_2.robot_supervisor]: Selected controllable event: EV_move_forward
[robot_supervisor-19] [INFO] [1776439140.405532737] [robot_4.robot_supervisor]: Selected controllable event: EV_random_walk
[robot_supervisor-10] [INFO] [1776439140.541108589] [robot_1.robot_supervisor]: Selected controllable event: EV_move_forward
[robot_supervisor-13] [INFO] [1776439140.568269047] [robot_2.robot_supervisor]: Selected controllable event: EV_random_walk
[robot_supervisor-19] [INFO] [1776439140.705378340] [robot_4.robot_supervisor]: Selected controllable event: EV_move_forward
[robot_supervisor-10] [INFO] [1776439140.841185696] [robot_1.robot_supervisor]: Selected controllable event: EV_random_walk
[robot_supervisor-16] [INFO] [1776439140.860368600] [robot_3.robot_supervisor]: Selected controllable event: EV_rotate_clockwise
[robot_supervisor-16] [INFO] [1776439140.860804612] [robot_3.robot_supervisor]: rotate_90 blocked by recent completion; stopping this tick
[robot_supervisor-13] [INFO] [1776439140.867977741] [robot_2.robot_supervisor]: Selected controllable event: EV_move_forward
[robot_supervisor-7] [INFO] [1776439140.928081173] [robot_0.robot_supervisor]: Selected controllable event: EV_rotate_counterclockwise
[robot_supervisor-7] [INFO] [1776439140.928301780] [robot_0.robot_supervisor]: rotate_90 blocked by recent completion; stopping this tick
[robot_supervisor-16] [INFO] [1776439140.960285873] [robot_3.robot_supervisor]: Selected controllable event: EV_rotate_clockwise
[robot_supervisor-16] [INFO] [1776439140.960619547] [robot_3.robot_supervisor]: rotate_90 blocked by recent completion; stopping this tick
[robot_supervisor-19] [INFO] [1776439141.005613580] [robot_4.robot_supervisor]: Selected controllable event: EV_random_walk
[robot_supervisor-7] [INFO] [1776439141.028303666] [robot_0.robot_supervisor]: Selected controllable event: EV_random_walk
[robot_supervisor-16] [INFO] [1776439141.060275174] [robot_3.robot_supervisor]: Selected controllable event: EV_rotate_clockwise
[robot_supervisor-16] [INFO] [1776439141.060639528] [robot_3.robot_supervisor]: rotate_90 blocked by recent completion; stopping this tick
[robot_supervisor-10] [INFO] [1776439141.141335488] [robot_1.robot_supervisor]: Selected controllable event: EV_move_forward
[robot_supervisor-16] [INFO] [1776439141.160367744] [robot_3.robot_supervisor]: Selected controllable event: EV_rotate_clockwise
[robot_supervisor-13] [INFO] [1776439141.168115161] [robot_2.robot_supervisor]: Selected controllable event: EV_random_walk
[robot_supervisor-19] [INFO] [1776439141.305591076] [robot_4.robot_supervisor]: Selected controllable event: EV_move_forward
[robot_supervisor-7] [INFO] [1776439141.328147737] [robot_0.robot_supervisor]: Selected controllable event: EV_move_forward
[image_processor-23] [INFO] [1776439141.405141795] [robot_2.image_processor]: Zone=LEFT  left[p=0.554 near=6716 v=7650]  front[p=0.964 near=0 v=13500]  right[p=0.978 near=0 v=7740]
[robot_supervisor-13] [INFO] [1776439141.405799794] [robot_2.robot_supervisor]: Detected zone changed to LEFT
[image_processor-24] [INFO] [1776439141.418943247] [robot_3.image_processor]: Zone=CORNER
[image_processor-22] [INFO] [1776439141.431145038] [robot_1.image_processor]: Zone=CLEAR
[image_processor-21] [INFO] [1776439141.439273528] [robot_0.image_processor]: Zone=CORNER  left[p=0.315 near=7650 v=7650]  front[p=0.493 near=6950 v=13500]  right[p=2.085 near=0 v=7740]
[robot_supervisor-7] [INFO] [1776439141.440006461] [robot_0.robot_supervisor]: Detected zone changed to CORNER
[robot_supervisor-10] [INFO] [1776439141.441321994] [robot_1.robot_supervisor]: Selected controllable event: EV_random_walk
[image_processor-25] [INFO] [1776439141.449944209] [robot_4.image_processor]: Zone=CLEAR
[robot_supervisor-13] [INFO] [1776439141.468074161] [robot_2.robot_supervisor]: Selected controllable event: EV_rotate_clockwise
[robot_supervisor-19] [INFO] [1776439141.605788550] [robot_4.robot_supervisor]: Selected controllable event: EV_random_walk
[robot_supervisor-7] [INFO] [1776439141.628128267] [robot_0.robot_supervisor]: Selected controllable event: EV_rotate_clockwise
[robot_supervisor-10] [INFO] [1776439141.741168184] [robot_1.robot_supervisor]: Selected controllable event: EV_move_forward
[robot_supervisor-19] [INFO] [1776439141.905450726] [robot_4.robot_supervisor]: Selected controllable event: EV_move_forward
[robot_supervisor-10] [INFO] [1776439142.041123966] [robot_1.robot_supervisor]: Selected controllable event: EV_random_walk
[robot_supervisor-19] [INFO] [1776439142.205601216] [robot_4.robot_supervisor]: Selected controllable event: EV_random_walk
[robot_supervisor-10] [INFO] [1776439142.340836746] [robot_1.robot_supervisor]: Selected controllable event: EV_move_forward
[robot_supervisor-19] [INFO] [1776439142.505697997] [robot_4.robot_supervisor]: Selected controllable event: EV_move_forward
[robot_supervisor-10] [INFO] [1776439142.641209007] [robot_1.robot_supervisor]: Selected controllable event: EV_random_walk
[robot_supervisor-19] [INFO] [1776439142.805765343] [robot_4.robot_supervisor]: Selected controllable event: EV_random_walk
[robot_supervisor-10] [INFO] [1776439142.941266364] [robot_1.robot_supervisor]: Selected controllable event: EV_move_forward
[robot_supervisor-19] [INFO] [1776439143.105347982] [robot_4.robot_supervisor]: Selected controllable event: EV_move_forward
[robot_supervisor-10] [INFO] [1776439143.240951015] [robot_1.robot_supervisor]: Selected controllable event: EV_random_walk
[robot_supervisor-16] [INFO] [1776439143.360346055] [robot_3.robot_supervisor]: Selected controllable event: EV_rotate_clockwise
[robot_supervisor-16] [INFO] [1776439143.360743598] [robot_3.robot_supervisor]: rotate_90 blocked by recent completion; stopping this tick
[robot_supervisor-19] [INFO] [1776439143.405526382] [robot_4.robot_supervisor]: Selected controllable event: EV_random_walk
[robot_supervisor-16] [INFO] [1776439143.460696663] [robot_3.robot_supervisor]: Selected controllable event: EV_rotate_clockwise
[robot_supervisor-16] [INFO] [1776439143.461221180] [robot_3.robot_supervisor]: rotate_90 blocked by recent completion; stopping this tick
[robot_supervisor-10] [INFO] [1776439143.541106053] [robot_1.robot_supervisor]: Selected controllable event: EV_move_forward
[robot_supervisor-16] [INFO] [1776439143.560137059] [robot_3.robot_supervisor]: Selected controllable event: EV_rotate_clockwise
[robot_supervisor-13] [INFO] [1776439143.668152841] [robot_2.robot_supervisor]: Selected controllable event: EV_rotate_clockwise
[robot_supervisor-13] [INFO] [1776439143.668529578] [robot_2.robot_supervisor]: rotate_90 blocked by recent completion; stopping this tick
[robot_supervisor-19] [INFO] [1776439143.705598448] [robot_4.robot_supervisor]: Selected controllable event: EV_move_forward
[robot_supervisor-13] [INFO] [1776439143.768006724] [robot_2.robot_supervisor]: Selected controllable event: EV_rotate_clockwise
[robot_supervisor-13] [INFO] [1776439143.768265635] [robot_2.robot_supervisor]: rotate_90 blocked by recent completion; stopping this tick
[robot_supervisor-7] [INFO] [1776439143.828156048] [robot_0.robot_supervisor]: Selected controllable event: EV_rotate_clockwise
[robot_supervisor-7] [INFO] [1776439143.828552640] [robot_0.robot_supervisor]: rotate_90 blocked by recent completion; stopping this tick
[robot_supervisor-10] [INFO] [1776439143.841159059] [robot_1.robot_supervisor]: Selected controllable event: EV_random_walk
[robot_supervisor-13] [INFO] [1776439143.868156148] [robot_2.robot_supervisor]: Selected controllable event: EV_rotate_clockwise
[image_processor-23] [INFO] [1776439143.917731223] [robot_2.image_processor]: Zone=LEFT
[image_processor-24] [INFO] [1776439143.925639560] [robot_3.image_processor]: Zone=CLEAR  left[p=1.345 near=0 v=7650]  front[p=0.983 near=0 v=13500]  right[p=0.832 near=21 v=7740]
[robot_supervisor-16] [INFO] [1776439143.926373547] [robot_3.robot_supervisor]: Detected zone changed to CLEAR
[robot_supervisor-7] [INFO] [1776439143.928135287] [robot_0.robot_supervisor]: Selected controllable event: EV_rotate_clockwise
[robot_supervisor-7] [INFO] [1776439143.928443315] [robot_0.robot_supervisor]: rotate_90 blocked by recent completion; stopping this tick
[image_processor-22] [INFO] [1776439143.939185488] [robot_1.image_processor]: Zone=CLEAR
[image_processor-21] [INFO] [1776439143.953078729] [robot_0.image_processor]: Zone=CLEAR  left[p=2.094 near=0 v=7650]  front[p=1.209 near=0 v=13204]  right[p=1.652 near=0 v=5215]
[robot_supervisor-7] [INFO] [1776439143.954047410] [robot_0.robot_supervisor]: Detected zone changed to CLEAR
[image_processor-25] [INFO] [1776439143.961627982] [robot_4.image_processor]: Zone=CLEAR
[robot_supervisor-19] [INFO] [1776439144.005595058] [robot_4.robot_supervisor]: Selected controllable event: EV_random_walk
[robot_supervisor-7] [INFO] [1776439144.028127228] [robot_0.robot_supervisor]: Selected controllable event: EV_rotate_clockwise
[robot_supervisor-10] [INFO] [1776439144.141116407] [robot_1.robot_supervisor]: Selected controllable event: EV_move_forward
[robot_supervisor-19] [INFO] [1776439144.305617782] [robot_4.robot_supervisor]: Selected controllable event: EV_move_forward
[robot_supervisor-10] [INFO] [1776439144.441214371] [robot_1.robot_supervisor]: Selected controllable event: EV_random_walk
[robot_supervisor-19] [INFO] [1776439144.605621667] [robot_4.robot_supervisor]: Selected controllable event: EV_random_walk
[robot_supervisor-10] [INFO] [1776439144.741106236] [robot_1.robot_supervisor]: Selected controllable event: EV_move_forward
[robot_supervisor-19] [INFO] [1776439144.905860956] [robot_4.robot_supervisor]: Selected controllable event: EV_move_forward
[robot_supervisor-10] [INFO] [1776439145.041165345] [robot_1.robot_supervisor]: Selected controllable event: EV_random_walk
[robot_supervisor-19] [INFO] [1776439145.205617494] [robot_4.robot_supervisor]: Selected controllable event: EV_random_walk
[robot_supervisor-10] [INFO] [1776439145.341128104] [robot_1.robot_supervisor]: Selected controllable event: EV_move_forward
[robot_supervisor-19] [INFO] [1776439145.505703063] [robot_4.robot_supervisor]: Selected controllable event: EV_move_forward
[robot_supervisor-10] [INFO] [1776439145.641087475] [robot_1.robot_supervisor]: Selected controllable event: EV_random_walk
[robot_supervisor-16] [INFO] [1776439145.660219620] [robot_3.robot_supervisor]: Selected controllable event: EV_rotate_clockwise
[robot_supervisor-16] [INFO] [1776439145.660474421] [robot_3.robot_supervisor]: rotate_90 blocked by recent completion; stopping this tick
[robot_supervisor-16] [INFO] [1776439145.760256089] [robot_3.robot_supervisor]: Selected controllable event: EV_random_walk
[robot_supervisor-19] [INFO] [1776439145.805824705] [robot_4.robot_supervisor]: Selected controllable event: EV_random_walk
[robot_supervisor-10] [INFO] [1776439145.941327828] [robot_1.robot_supervisor]: Selected controllable event: EV_move_forward
[robot_supervisor-13] [INFO] [1776439145.968212336] [robot_2.robot_supervisor]: Selected controllable event: EV_rotate_clockwise
[robot_supervisor-13] [INFO] [1776439145.968616503] [robot_2.robot_supervisor]: rotate_90 blocked by recent completion; stopping this tick
[robot_supervisor-16] [INFO] [1776439146.060417044] [robot_3.robot_supervisor]: Selected controllable event: EV_move_forward
[robot_supervisor-13] [INFO] [1776439146.068068531] [robot_2.robot_supervisor]: Selected controllable event: EV_rotate_clockwise
[robot_supervisor-13] [INFO] [1776439146.068428711] [robot_2.robot_supervisor]: rotate_90 blocked by recent completion; stopping this tick
[robot_supervisor-19] [INFO] [1776439146.105663851] [robot_4.robot_supervisor]: Selected controllable event: EV_move_forward
[robot_supervisor-13] [INFO] [1776439146.168037893] [robot_2.robot_supervisor]: Selected controllable event: EV_rotate_clockwise
[robot_supervisor-13] [INFO] [1776439146.168304388] [robot_2.robot_supervisor]: rotate_90 blocked by recent completion; stopping this tick
[robot_supervisor-7] [INFO] [1776439146.228301403] [robot_0.robot_supervisor]: Selected controllable event: EV_random_walk
[robot_supervisor-10] [INFO] [1776439146.240975539] [robot_1.robot_supervisor]: Selected controllable event: EV_random_walk
[robot_supervisor-13] [INFO] [1776439146.268116938] [robot_2.robot_supervisor]: Selected controllable event: EV_rotate_clockwise
[robot_supervisor-16] [INFO] [1776439146.360400237] [robot_3.robot_supervisor]: Selected controllable event: EV_random_walk
[image_processor-23] [INFO] [1776439146.405670316] [robot_2.image_processor]: Zone=CLEAR  left[p=3.012 near=0 v=5392]  front[p=3.119 near=0 v=10675]  right[p=2.725 near=0 v=7522]
[robot_supervisor-19] [INFO] [1776439146.405732873] [robot_4.robot_supervisor]: Selected controllable event: EV_random_walk
[robot_supervisor-13] [INFO] [1776439146.406276222] [robot_2.robot_supervisor]: Detected zone changed to CLEAR
[image_processor-24] [INFO] [1776439146.414161396] [robot_3.image_processor]: Zone=CLEAR
[image_processor-22] [INFO] [1776439146.423992512] [robot_1.image_processor]: Zone=CLEAR
[image_processor-21] [INFO] [1776439146.438633958] [robot_0.image_processor]: Zone=CLEAR
[image_processor-25] [INFO] [1776439146.448434454] [robot_4.image_processor]: Zone=CLEAR
[robot_supervisor-7] [INFO] [1776439146.528177374] [robot_0.robot_supervisor]: Selected controllable event: EV_move_forward
[robot_supervisor-10] [INFO] [1776439146.540954885] [robot_1.robot_supervisor]: Selected controllable event: EV_move_forward
[robot_supervisor-16] [INFO] [1776439146.660344579] [robot_3.robot_supervisor]: Selected controllable event: EV_move_forward
[robot_supervisor-19] [INFO] [1776439146.705587661] [robot_4.robot_supervisor]: Selected controllable event: EV_move_forward
[robot_supervisor-7] [INFO] [1776439146.828200716] [robot_0.robot_supervisor]: Selected controllable event: EV_random_walk
[robot_supervisor-10] [INFO] [1776439146.841279784] [robot_1.robot_supervisor]: Selected controllable event: EV_random_walk
[robot_supervisor-16] [INFO] [1776439146.960384719] [robot_3.robot_supervisor]: Selected controllable event: EV_random_walk
[robot_supervisor-19] [INFO] [1776439147.005637757] [robot_4.robot_supervisor]: Selected controllable event: EV_random_walk
[robot_supervisor-7] [INFO] [1776439147.128149361] [robot_0.robot_supervisor]: Selected controllable event: EV_move_forward
[robot_supervisor-10] [INFO] [1776439147.141249474] [robot_1.robot_supervisor]: Selected controllable event: EV_move_forward
[robot_supervisor-16] [INFO] [1776439147.260310572] [robot_3.robot_supervisor]: Selected controllable event: EV_move_forward
[robot_supervisor-19] [INFO] [1776439147.305607451] [robot_4.robot_supervisor]: Selected controllable event: EV_move_forward
[robot_supervisor-7] [INFO] [1776439147.427991580] [robot_0.robot_supervisor]: Selected controllable event: EV_random_walk
[robot_supervisor-10] [INFO] [1776439147.441030350] [robot_1.robot_supervisor]: Selected controllable event: EV_random_walk
[robot_supervisor-16] [INFO] [1776439147.560274846] [robot_3.robot_supervisor]: Selected controllable event: EV_random_walk
[robot_supervisor-19] [INFO] [1776439147.605874872] [robot_4.robot_supervisor]: Selected controllable event: EV_random_walk
[robot_supervisor-7] [INFO] [1776439147.728132180] [robot_0.robot_supervisor]: Selected controllable event: EV_move_forward
[robot_supervisor-10] [INFO] [1776439147.741234017] [robot_1.robot_supervisor]: Selected controllable event: EV_move_forward
[robot_supervisor-16] [INFO] [1776439147.860116038] [robot_3.robot_supervisor]: Selected controllable event: EV_move_forward
[robot_supervisor-19] [INFO] [1776439147.905679497] [robot_4.robot_supervisor]: Selected controllable event: EV_move_forward
[robot_supervisor-7] [INFO] [1776439148.028390083] [robot_0.robot_supervisor]: Selected controllable event: EV_random_walk
[robot_supervisor-10] [INFO] [1776439148.041103900] [robot_1.robot_supervisor]: Selected controllable event: EV_random_walk
[robot_supervisor-16] [INFO] [1776439148.160385515] [robot_3.robot_supervisor]: Selected controllable event: EV_random_walk
[robot_supervisor-19] [INFO] [1776439148.205599300] [robot_4.robot_supervisor]: Selected controllable event: EV_random_walk
[robot_supervisor-7] [INFO] [1776439148.327983854] [robot_0.robot_supervisor]: Selected controllable event: EV_move_forward
[robot_supervisor-10] [INFO] [1776439148.341075950] [robot_1.robot_supervisor]: Selected controllable event: EV_move_forward
[robot_supervisor-13] [INFO] [1776439148.367988407] [robot_2.robot_supervisor]: Selected controllable event: EV_rotate_clockwise
[robot_supervisor-13] [INFO] [1776439148.368294803] [robot_2.robot_supervisor]: rotate_90 blocked by recent completion; stopping this tick
[robot_supervisor-16] [INFO] [1776439148.460152974] [robot_3.robot_supervisor]: Selected controllable event: EV_move_forward
[robot_supervisor-13] [INFO] [1776439148.467983188] [robot_2.robot_supervisor]: Selected controllable event: EV_random_walk
[robot_supervisor-19] [INFO] [1776439148.505604033] [robot_4.robot_supervisor]: Selected controllable event: EV_move_forward
[robot_supervisor-7] [INFO] [1776439148.628088821] [robot_0.robot_supervisor]: Selected controllable event: EV_random_walk
[robot_supervisor-10] [INFO] [1776439148.641014392] [robot_1.robot_supervisor]: Selected controllable event: EV_random_walk
[robot_supervisor-16] [INFO] [1776439148.760517113] [robot_3.robot_supervisor]: Selected controllable event: EV_random_walk
[robot_supervisor-13] [INFO] [1776439148.767936338] [robot_2.robot_supervisor]: Selected controllable event: EV_move_forward
[robot_supervisor-19] [INFO] [1776439148.805436275] [robot_4.robot_supervisor]: Selected controllable event: EV_random_walk
[image_processor-23] [INFO] [1776439148.907378610] [robot_2.image_processor]: Zone=CORNER  left[p=0.572 near=7650 v=7650]  front[p=0.496 near=13500 v=13500]  right[p=0.453 near=7740 v=7740]
[robot_supervisor-13] [INFO] [1776439148.908393544] [robot_2.robot_supervisor]: Detected zone changed to CORNER
[image_processor-24] [INFO] [1776439148.916683597] [robot_3.image_processor]: Zone=LEFT  left[p=0.556 near=7577 v=7650]  front[p=0.867 near=187 v=13442]  right[p=0.742 near=3833 v=7608]
[robot_supervisor-16] [INFO] [1776439148.917474848] [robot_3.robot_supervisor]: Detected zone changed to LEFT
[robot_supervisor-7] [INFO] [1776439148.928215741] [robot_0.robot_supervisor]: Selected controllable event: EV_move_forward
[image_processor-22] [INFO] [1776439148.928713220] [robot_1.image_processor]: Zone=CLEAR
[robot_supervisor-10] [INFO] [1776439148.941059769] [robot_1.robot_supervisor]: Selected controllable event: EV_move_forward
[image_processor-21] [INFO] [1776439148.943459529] [robot_0.image_processor]: Zone=CLEAR
[image_processor-25] [INFO] [1776439149.053958950] [robot_4.image_processor]: Zone=CLEAR
[robot_supervisor-16] [INFO] [1776439149.060474698] [robot_3.robot_supervisor]: Selected controllable event: EV_rotate_clockwise
[robot_supervisor-13] [INFO] [1776439149.068381504] [robot_2.robot_supervisor]: Selected controllable event: EV_rotate_clockwise
[robot_supervisor-19] [INFO] [1776439149.105843495] [robot_4.robot_supervisor]: Selected controllable event: EV_move_forward
[robot_supervisor-7] [INFO] [1776439149.228143990] [robot_0.robot_supervisor]: Selected controllable event: EV_random_walk
[robot_supervisor-10] [INFO] [1776439149.240666126] [robot_1.robot_supervisor]: Selected controllable event: EV_random_walk
[robot_supervisor-19] [INFO] [1776439149.405451958] [robot_4.robot_supervisor]: Selected controllable event: EV_random_walk
[robot_supervisor-7] [INFO] [1776439149.528043518] [robot_0.robot_supervisor]: Selected controllable event: EV_move_forward
[robot_supervisor-10] [INFO] [1776439149.541150076] [robot_1.robot_supervisor]: Selected controllable event: EV_move_forward
[robot_supervisor-19] [INFO] [1776439149.705554326] [robot_4.robot_supervisor]: Selected controllable event: EV_move_forward
[robot_supervisor-7] [INFO] [1776439149.828300060] [robot_0.robot_supervisor]: Selected controllable event: EV_random_walk
[robot_supervisor-10] [INFO] [1776439149.841118809] [robot_1.robot_supervisor]: Selected controllable event: EV_random_walk
[robot_supervisor-19] [INFO] [1776439150.005633011] [robot_4.robot_supervisor]: Selected controllable event: EV_random_walk
[robot_supervisor-7] [INFO] [1776439150.128296555] [robot_0.robot_supervisor]: Selected controllable event: EV_move_forward
[robot_supervisor-10] [INFO] [1776439150.141038734] [robot_1.robot_supervisor]: Selected controllable event: EV_move_forward
[robot_supervisor-19] [INFO] [1776439150.305614425] [robot_4.robot_supervisor]: Selected controllable event: EV_move_forward
[robot_supervisor-7] [INFO] [1776439150.427980012] [robot_0.robot_supervisor]: Selected controllable event: EV_random_walk
[robot_supervisor-10] [INFO] [1776439150.441189296] [robot_1.robot_supervisor]: Selected controllable event: EV_random_walk
[robot_supervisor-19] [INFO] [1776439150.605644492] [robot_4.robot_supervisor]: Selected controllable event: EV_random_walk
[robot_supervisor-7] [INFO] [1776439150.728138093] [robot_0.robot_supervisor]: Selected controllable event: EV_move_forward
[robot_supervisor-10] [INFO] [1776439150.741083126] [robot_1.robot_supervisor]: Selected controllable event: EV_move_forward
[robot_supervisor-19] [INFO] [1776439150.905595273] [robot_4.robot_supervisor]: Selected controllable event: EV_move_forward
[robot_supervisor-7] [INFO] [1776439151.028129286] [robot_0.robot_supervisor]: Selected controllable event: EV_random_walk
[robot_supervisor-10] [INFO] [1776439151.040823616] [robot_1.robot_supervisor]: Selected controllable event: EV_random_walk
[robot_supervisor-16] [INFO] [1776439151.160550875] [robot_3.robot_supervisor]: Selected controllable event: EV_rotate_clockwise
[robot_supervisor-16] [INFO] [1776439151.161152936] [robot_3.robot_supervisor]: rotate_90 blocked by recent completion; stopping this tick
[robot_supervisor-13] [INFO] [1776439151.168088806] [robot_2.robot_supervisor]: Selected controllable event: EV_rotate_clockwise
[robot_supervisor-13] [INFO] [1776439151.168346653] [robot_2.robot_supervisor]: rotate_90 blocked by recent completion; stopping this tick
[robot_supervisor-19] [INFO] [1776439151.205346470] [robot_4.robot_supervisor]: Selected controllable event: EV_random_walk
[robot_supervisor-16] [INFO] [1776439151.260285785] [robot_3.robot_supervisor]: Selected controllable event: EV_rotate_clockwise
[robot_supervisor-16] [INFO] [1776439151.260658007] [robot_3.robot_supervisor]: rotate_90 blocked by recent completion; stopping this tick
[robot_supervisor-13] [INFO] [1776439151.267981887] [robot_2.robot_supervisor]: Selected controllable event: EV_rotate_clockwise
[robot_supervisor-13] [INFO] [1776439151.268180273] [robot_2.robot_supervisor]: rotate_90 blocked by recent completion; stopping this tick
[robot_supervisor-7] [INFO] [1776439151.328236789] [robot_0.robot_supervisor]: Selected controllable event: EV_move_forward
[robot_supervisor-10] [INFO] [1776439151.341165366] [robot_1.robot_supervisor]: Selected controllable event: EV_move_forward
[robot_supervisor-16] [INFO] [1776439151.360479594] [robot_3.robot_supervisor]: Selected controllable event: EV_rotate_clockwise
[robot_supervisor-16] [INFO] [1776439151.360946358] [robot_3.robot_supervisor]: rotate_90 blocked by recent completion; stopping this tick
[robot_supervisor-13] [INFO] [1776439151.367917756] [robot_2.robot_supervisor]: Selected controllable event: EV_rotate_clockwise
[robot_supervisor-13] [INFO] [1776439151.368114664] [robot_2.robot_supervisor]: rotate_90 blocked by recent completion; stopping this tick
[image_processor-23] [INFO] [1776439151.408669571] [robot_2.image_processor]: Zone=LEFT  left[p=0.553 near=5555 v=7650]  front[p=1.404 near=0 v=13500]  right[p=1.115 near=0 v=7740]
[robot_supervisor-13] [INFO] [1776439151.409432248] [robot_2.robot_supervisor]: Detected zone changed to LEFT
[image_processor-24] [INFO] [1776439151.423334092] [robot_3.image_processor]: Zone=LEFT
[image_processor-22] [INFO] [1776439151.435474408] [robot_1.image_processor]: Zone=CLEAR
[image_processor-21] [INFO] [1776439151.450939233] [robot_0.image_processor]: Zone=CLEAR
[robot_supervisor-16] [INFO] [1776439151.460754938] [robot_3.robot_supervisor]: Selected controllable event: EV_rotate_clockwise
[image_processor-25] [INFO] [1776439151.460834379] [robot_4.image_processor]: Zone=CLEAR
[robot_supervisor-13] [INFO] [1776439151.468013443] [robot_2.robot_supervisor]: Selected controllable event: EV_rotate_clockwise
[robot_supervisor-19] [INFO] [1776439151.505380946] [robot_4.robot_supervisor]: Selected controllable event: EV_move_forward
[robot_supervisor-7] [INFO] [1776439151.628130398] [robot_0.robot_supervisor]: Selected controllable event: EV_random_walk
[robot_supervisor-10] [INFO] [1776439151.640675997] [robot_1.robot_supervisor]: Selected controllable event: EV_random_walk
[robot_supervisor-19] [INFO] [1776439151.805904941] [robot_4.robot_supervisor]: Selected controllable event: EV_random_walk
[robot_supervisor-7] [INFO] [1776439151.928247600] [robot_0.robot_supervisor]: Selected controllable event: EV_move_forward
[robot_supervisor-10] [INFO] [1776439151.941024225] [robot_1.robot_supervisor]: Selected controllable event: EV_move_forward
[robot_supervisor-19] [INFO] [1776439152.105610153] [robot_4.robot_supervisor]: Selected controllable event: EV_move_forward
[robot_supervisor-7] [INFO] [1776439152.228188279] [robot_0.robot_supervisor]: Selected controllable event: EV_random_walk
[robot_supervisor-10] [INFO] [1776439152.240911528] [robot_1.robot_supervisor]: Selected controllable event: EV_random_walk
[robot_supervisor-19] [INFO] [1776439152.405651461] [robot_4.robot_supervisor]: Selected controllable event: EV_random_walk
[robot_supervisor-7] [INFO] [1776439152.528529020] [robot_0.robot_supervisor]: Selected controllable event: EV_move_forward
[robot_supervisor-10] [INFO] [1776439152.541674811] [robot_1.robot_supervisor]: Selected controllable event: EV_move_forward
[robot_supervisor-19] [INFO] [1776439152.705740682] [robot_4.robot_supervisor]: Selected controllable event: EV_move_forward
[robot_supervisor-7] [INFO] [1776439152.828105939] [robot_0.robot_supervisor]: Selected controllable event: EV_random_walk
[robot_supervisor-10] [INFO] [1776439152.841068078] [robot_1.robot_supervisor]: Selected controllable event: EV_random_walk
[robot_supervisor-19] [INFO] [1776439153.005467313] [robot_4.robot_supervisor]: Selected controllable event: EV_random_walk
[robot_supervisor-7] [INFO] [1776439153.128126007] [robot_0.robot_supervisor]: Selected controllable event: EV_move_forward
[robot_supervisor-10] [INFO] [1776439153.141003252] [robot_1.robot_supervisor]: Selected controllable event: EV_move_forward
[robot_supervisor-19] [INFO] [1776439153.305497125] [robot_4.robot_supervisor]: Selected controllable event: EV_move_forward
[robot_supervisor-7] [INFO] [1776439153.428272703] [robot_0.robot_supervisor]: Selected controllable event: EV_random_walk
[robot_supervisor-10] [INFO] [1776439153.440993142] [robot_1.robot_supervisor]: Selected controllable event: EV_random_walk
[robot_supervisor-16] [INFO] [1776439153.560419425] [robot_3.robot_supervisor]: Selected controllable event: EV_rotate_clockwise
[robot_supervisor-16] [INFO] [1776439153.560811883] [robot_3.robot_supervisor]: rotate_90 blocked by recent completion; stopping this tick
[robot_supervisor-13] [INFO] [1776439153.568171059] [robot_2.robot_supervisor]: Selected controllable event: EV_rotate_clockwise
[robot_supervisor-13] [INFO] [1776439153.568535175] [robot_2.robot_supervisor]: rotate_90 blocked by recent completion; stopping this tick
[robot_supervisor-19] [INFO] [1776439153.605754159] [robot_4.robot_supervisor]: Selected controllable event: EV_random_walk
[robot_supervisor-16] [INFO] [1776439153.660302980] [robot_3.robot_supervisor]: Selected controllable event: EV_rotate_clockwise
[robot_supervisor-16] [INFO] [1776439153.660734015] [robot_3.robot_supervisor]: rotate_90 blocked by recent completion; stopping this tick
[robot_supervisor-13] [INFO] [1776439153.668120713] [robot_2.robot_supervisor]: Selected controllable event: EV_rotate_clockwise
[robot_supervisor-13] [INFO] [1776439153.668468251] [robot_2.robot_supervisor]: rotate_90 blocked by recent completion; stopping this tick
[robot_supervisor-7] [INFO] [1776439153.728062455] [robot_0.robot_supervisor]: Selected controllable event: EV_move_forward
[robot_supervisor-10] [INFO] [1776439153.741406972] [robot_1.robot_supervisor]: Selected controllable event: EV_move_forward
[robot_supervisor-16] [INFO] [1776439153.760485761] [robot_3.robot_supervisor]: Selected controllable event: EV_rotate_clockwise
[robot_supervisor-16] [INFO] [1776439153.760963250] [robot_3.robot_supervisor]: rotate_90 blocked by recent completion; stopping this tick
[robot_supervisor-13] [INFO] [1776439153.768131735] [robot_2.robot_supervisor]: Selected controllable event: EV_rotate_clockwise
[robot_supervisor-13] [INFO] [1776439153.768477126] [robot_2.robot_supervisor]: rotate_90 blocked by recent completion; stopping this tick
[robot_supervisor-16] [INFO] [1776439153.860239375] [robot_3.robot_supervisor]: Selected controllable event: EV_rotate_clockwise
[robot_supervisor-13] [INFO] [1776439153.868133685] [robot_2.robot_supervisor]: Selected controllable event: EV_rotate_clockwise
[robot_supervisor-19] [INFO] [1776439153.905863722] [robot_4.robot_supervisor]: Selected controllable event: EV_move_forward
[image_processor-23] [INFO] [1776439153.915786916] [robot_2.image_processor]: Zone=LEFT
[image_processor-24] [INFO] [1776439153.926742351] [robot_3.image_processor]: Zone=LEFT
[image_processor-21] [INFO] [1776439153.953027533] [robot_0.image_processor]: Zone=CLEAR
[image_processor-25] [INFO] [1776439153.961406174] [robot_4.image_processor]: Zone=CLEAR
[robot_supervisor-7] [INFO] [1776439154.028141742] [robot_0.robot_supervisor]: Selected controllable event: EV_random_walk
[robot_supervisor-10] [INFO] [1776439154.040920875] [robot_1.robot_supervisor]: Selected controllable event: EV_random_walk
[image_processor-22] [INFO] [1776439154.041346334] [robot_1.image_processor]: Zone=CLEAR
[robot_supervisor-19] [INFO] [1776439154.205598469] [robot_4.robot_supervisor]: Selected controllable event: EV_random_walk
[robot_supervisor-7] [INFO] [1776439154.328213694] [robot_0.robot_supervisor]: Selected controllable event: EV_move_forward
[robot_supervisor-10] [INFO] [1776439154.341005602] [robot_1.robot_supervisor]: Selected controllable event: EV_move_forward
[robot_supervisor-19] [INFO] [1776439154.506586753] [robot_4.robot_supervisor]: Selected controllable event: EV_move_forward
[robot_supervisor-7] [INFO] [1776439154.628166391] [robot_0.robot_supervisor]: Selected controllable event: EV_random_walk
[robot_supervisor-10] [INFO] [1776439154.641265952] [robot_1.robot_supervisor]: Selected controllable event: EV_random_walk
[robot_supervisor-19] [INFO] [1776439154.805403668] [robot_4.robot_supervisor]: Selected controllable event: EV_random_walk
[robot_supervisor-7] [INFO] [1776439154.928482508] [robot_0.robot_supervisor]: Selected controllable event: EV_move_forward
[robot_supervisor-10] [INFO] [1776439154.940926508] [robot_1.robot_supervisor]: Selected controllable event: EV_move_forward
[robot_supervisor-19] [INFO] [1776439155.105610975] [robot_4.robot_supervisor]: Selected controllable event: EV_move_forward
[robot_supervisor-7] [INFO] [1776439155.228113641] [robot_0.robot_supervisor]: Selected controllable event: EV_random_walk
[robot_supervisor-10] [INFO] [1776439155.241042221] [robot_1.robot_supervisor]: Selected controllable event: EV_random_walk
[robot_supervisor-19] [INFO] [1776439155.405650544] [robot_4.robot_supervisor]: Selected controllable event: EV_random_walk
[robot_supervisor-7] [INFO] [1776439155.528495394] [robot_0.robot_supervisor]: Selected controllable event: EV_move_forward
[robot_supervisor-10] [INFO] [1776439155.540746810] [robot_1.robot_supervisor]: Selected controllable event: EV_move_forward
[robot_supervisor-19] [INFO] [1776439155.705401296] [robot_4.robot_supervisor]: Selected controllable event: EV_move_forward
[robot_supervisor-7] [INFO] [1776439155.828188313] [robot_0.robot_supervisor]: Selected controllable event: EV_random_walk
[robot_supervisor-10] [INFO] [1776439155.841187152] [robot_1.robot_supervisor]: Selected controllable event: EV_random_walk
[robot_supervisor-16] [INFO] [1776439155.960338931] [robot_3.robot_supervisor]: Selected controllable event: EV_rotate_clockwise
[robot_supervisor-16] [INFO] [1776439155.960708445] [robot_3.robot_supervisor]: rotate_90 blocked by recent completion; stopping this tick
[robot_supervisor-13] [INFO] [1776439155.968043483] [robot_2.robot_supervisor]: Selected controllable event: EV_rotate_clockwise
[robot_supervisor-13] [INFO] [1776439155.968297868] [robot_2.robot_supervisor]: rotate_90 blocked by recent completion; stopping this tick
[robot_supervisor-19] [INFO] [1776439156.005605658] [robot_4.robot_supervisor]: Selected controllable event: EV_random_walk
[robot_supervisor-16] [INFO] [1776439156.060649288] [robot_3.robot_supervisor]: Selected controllable event: EV_rotate_clockwise
[robot_supervisor-16] [INFO] [1776439156.061123551] [robot_3.robot_supervisor]: rotate_90 blocked by recent completion; stopping this tick
[robot_supervisor-13] [INFO] [1776439156.068340437] [robot_2.robot_supervisor]: Selected controllable event: EV_rotate_clockwise
[robot_supervisor-13] [INFO] [1776439156.068723635] [robot_2.robot_supervisor]: rotate_90 blocked by recent completion; stopping this tick
[robot_supervisor-7] [INFO] [1776439156.128163599] [robot_0.robot_supervisor]: Selected controllable event: EV_move_forward
[robot_supervisor-10] [INFO] [1776439156.140903510] [robot_1.robot_supervisor]: Selected controllable event: EV_move_forward
[robot_supervisor-16] [INFO] [1776439156.160335848] [robot_3.robot_supervisor]: Selected controllable event: EV_rotate_clockwise
[robot_supervisor-16] [INFO] [1776439156.160701725] [robot_3.robot_supervisor]: rotate_90 blocked by recent completion; stopping this tick
[robot_supervisor-13] [INFO] [1776439156.168109422] [robot_2.robot_supervisor]: Selected controllable event: EV_rotate_clockwise
[robot_supervisor-13] [INFO] [1776439156.168475600] [robot_2.robot_supervisor]: rotate_90 blocked by recent completion; stopping this tick
[robot_supervisor-16] [INFO] [1776439156.260518548] [robot_3.robot_supervisor]: Selected controllable event: EV_rotate_clockwise
[robot_supervisor-13] [INFO] [1776439156.268097371] [robot_2.robot_supervisor]: Selected controllable event: EV_rotate_clockwise
[robot_supervisor-19] [INFO] [1776439156.305800184] [robot_4.robot_supervisor]: Selected controllable event: EV_move_forward
[image_processor-23] [INFO] [1776439156.407733233] [robot_2.image_processor]: Zone=RIGHT  left[p=2.448 near=0 v=6012]  front[p=3.012 near=0 v=11424]  right[p=0.641 near=3510 v=7740]
[robot_supervisor-13] [INFO] [1776439156.408439167] [robot_2.robot_supervisor]: Detected zone changed to RIGHT
[image_processor-24] [INFO] [1776439156.416076857] [robot_3.image_processor]: Zone=CORNER  left[p=0.867 near=0 v=7650]  front[p=0.604 near=11548 v=13500]  right[p=0.502 near=7740 v=7740]
[robot_supervisor-16] [INFO] [1776439156.416594240] [robot_3.robot_supervisor]: Detected zone changed to CORNER
[image_processor-22] [INFO] [1776439156.427272957] [robot_1.image_processor]: Zone=CLEAR
[robot_supervisor-7] [INFO] [1776439156.428032385] [robot_0.robot_supervisor]: Selected controllable event: EV_random_walk
[image_processor-21] [INFO] [1776439156.439751529] [robot_0.image_processor]: Zone=CLEAR
[robot_supervisor-10] [INFO] [1776439156.441824147] [robot_1.robot_supervisor]: Selected controllable event: EV_random_walk
[image_processor-25] [INFO] [1776439156.446814218] [robot_4.image_processor]: Zone=CLEAR
[robot_supervisor-19] [INFO] [1776439156.605668639] [robot_4.robot_supervisor]: Selected controllable event: EV_random_walk
[robot_supervisor-7] [INFO] [1776439156.728135159] [robot_0.robot_supervisor]: Selected controllable event: EV_move_forward
[robot_supervisor-10] [INFO] [1776439156.740729343] [robot_1.robot_supervisor]: Selected controllable event: EV_move_forward
[robot_supervisor-19] [INFO] [1776439156.905490551] [robot_4.robot_supervisor]: Selected controllable event: EV_move_forward
[robot_supervisor-7] [INFO] [1776439157.028221587] [robot_0.robot_supervisor]: Selected controllable event: EV_random_walk
[robot_supervisor-10] [INFO] [1776439157.041505276] [robot_1.robot_supervisor]: Selected controllable event: EV_random_walk
[robot_supervisor-19] [INFO] [1776439157.205582569] [robot_4.robot_supervisor]: Selected controllable event: EV_random_walk
[robot_supervisor-7] [INFO] [1776439157.328158094] [robot_0.robot_supervisor]: Selected controllable event: EV_move_forward
[robot_supervisor-10] [INFO] [1776439157.340658145] [robot_1.robot_supervisor]: Selected controllable event: EV_move_forward
[robot_supervisor-19] [INFO] [1776439157.505601230] [robot_4.robot_supervisor]: Selected controllable event: EV_move_forward
[robot_supervisor-7] [INFO] [1776439157.628245290] [robot_0.robot_supervisor]: Selected controllable event: EV_random_walk
[robot_supervisor-10] [INFO] [1776439157.640831014] [robot_1.robot_supervisor]: Selected controllable event: EV_random_walk
[robot_supervisor-19] [INFO] [1776439157.805438796] [robot_4.robot_supervisor]: Selected controllable event: EV_random_walk
[robot_supervisor-7] [INFO] [1776439157.928155052] [robot_0.robot_supervisor]: Selected controllable event: EV_move_forward
[robot_supervisor-10] [INFO] [1776439157.941737787] [robot_1.robot_supervisor]: Selected controllable event: EV_move_forward
[robot_supervisor-19] [INFO] [1776439158.105766695] [robot_4.robot_supervisor]: Selected controllable event: EV_move_forward
[robot_supervisor-7] [INFO] [1776439158.228358080] [robot_0.robot_supervisor]: Selected controllable event: EV_random_walk
[robot_supervisor-10] [INFO] [1776439158.240978948] [robot_1.robot_supervisor]: Selected controllable event: EV_random_walk
[robot_supervisor-13] [INFO] [1776439158.368258931] [robot_2.robot_supervisor]: Selected controllable event: EV_rotate_counterclockwise
[robot_supervisor-13] [INFO] [1776439158.368659025] [robot_2.robot_supervisor]: rotate_90 blocked by recent completion; stopping this tick
[robot_supervisor-19] [INFO] [1776439158.405588958] [robot_4.robot_supervisor]: Selected controllable event: EV_random_walk
[robot_supervisor-10] [INFO] [1776439158.441739858] [robot_1.robot_supervisor]: Selected controllable event: EV_move_forward
[robot_supervisor-16] [INFO] [1776439158.460393536] [robot_3.robot_supervisor]: Selected controllable event: EV_rotate_clockwise
[robot_supervisor-16] [INFO] [1776439158.460764436] [robot_3.robot_supervisor]: rotate_90 blocked by recent completion; stopping this tick
[robot_supervisor-13] [INFO] [1776439158.468026588] [robot_2.robot_supervisor]: Selected controllable event: EV_rotate_counterclockwise
[robot_supervisor-13] [INFO] [1776439158.468211243] [robot_2.robot_supervisor]: rotate_90 blocked by recent completion; stopping this tick
[robot_supervisor-7] [INFO] [1776439158.528048441] [robot_0.robot_supervisor]: Selected controllable event: EV_move_forward
[robot_supervisor-16] [INFO] [1776439158.560166121] [robot_3.robot_supervisor]: Selected controllable event: EV_rotate_clockwise
[robot_supervisor-16] [INFO] [1776439158.560356054] [robot_3.robot_supervisor]: rotate_90 blocked by recent completion; stopping this tick
[robot_supervisor-13] [INFO] [1776439158.568102399] [robot_2.robot_supervisor]: Selected controllable event: EV_rotate_counterclockwise
[robot_supervisor-13] [INFO] [1776439158.568414780] [robot_2.robot_supervisor]: rotate_90 blocked by recent completion; stopping this tick
[robot_supervisor-16] [INFO] [1776439158.660164497] [robot_3.robot_supervisor]: Selected controllable event: EV_rotate_clockwise
[robot_supervisor-13] [INFO] [1776439158.667981117] [robot_2.robot_supervisor]: Selected controllable event: EV_rotate_counterclockwise
[robot_supervisor-19] [INFO] [1776439158.705639435] [robot_4.robot_supervisor]: Selected controllable event: EV_move_forward
[robot_supervisor-10] [INFO] [1776439158.741045779] [robot_1.robot_supervisor]: Selected controllable event: EV_random_walk
[robot_supervisor-7] [INFO] [1776439158.828126893] [robot_0.robot_supervisor]: Selected controllable event: EV_random_walk
[image_processor-24] [INFO] [1776439158.916601930] [robot_3.image_processor]: Zone=LEFT  left[p=0.606 near=5191 v=7650]  front[p=0.835 near=176 v=13044]  right[p=0.790 near=1432 v=7554]
[robot_supervisor-16] [INFO] [1776439158.917697077] [robot_3.robot_supervisor]: Detected zone changed to LEFT
[image_processor-22] [INFO] [1776439158.925786339] [robot_1.image_processor]: Zone=CLEAR
[image_processor-21] [INFO] [1776439158.939525722] [robot_0.image_processor]: Zone=CLEAR
[image_processor-25] [INFO] [1776439158.948473015] [robot_4.image_processor]: Zone=CLEAR
[robot_supervisor-19] [INFO] [1776439159.005478875] [robot_4.robot_supervisor]: Selected controllable event: EV_random_walk
[image_processor-23] [INFO] [1776439159.007717152] [robot_2.image_processor]: Zone=CORNER  left[p=0.476 near=7650 v=7650]  front[p=0.461 near=13500 v=13500]  right[p=0.448 near=7740 v=7740]
[robot_supervisor-13] [INFO] [1776439159.008304206] [robot_2.robot_supervisor]: Detected zone changed to CORNER
[robot_supervisor-10] [INFO] [1776439159.041052386] [robot_1.robot_supervisor]: Selected controllable event: EV_move_forward
[robot_supervisor-7] [INFO] [1776439159.128232518] [robot_0.robot_supervisor]: Selected controllable event: EV_move_forward
[robot_supervisor-19] [INFO] [1776439159.305788341] [robot_4.robot_supervisor]: Selected controllable event: EV_move_forward
[robot_supervisor-10] [INFO] [1776439159.340972173] [robot_1.robot_supervisor]: Selected controllable event: EV_random_walk
[robot_supervisor-7] [INFO] [1776439159.428372334] [robot_0.robot_supervisor]: Selected controllable event: EV_random_walk
[robot_supervisor-19] [INFO] [1776439159.605487676] [robot_4.robot_supervisor]: Selected controllable event: EV_random_walk
[robot_supervisor-10] [INFO] [1776439159.641354747] [robot_1.robot_supervisor]: Selected controllable event: EV_move_forward
[robot_supervisor-7] [INFO] [1776439159.728212787] [robot_0.robot_supervisor]: Selected controllable event: EV_move_forward
[robot_supervisor-19] [INFO] [1776439159.905606214] [robot_4.robot_supervisor]: Selected controllable event: EV_move_forward
[robot_supervisor-10] [INFO] [1776439159.941288185] [robot_1.robot_supervisor]: Selected controllable event: EV_random_walk
[robot_supervisor-7] [INFO] [1776439160.028078303] [robot_0.robot_supervisor]: Selected controllable event: EV_random_walk
[robot_supervisor-19] [INFO] [1776439160.205384643] [robot_4.robot_supervisor]: Selected controllable event: EV_random_walk
[robot_supervisor-10] [INFO] [1776439160.241410392] [robot_1.robot_supervisor]: Selected controllable event: EV_move_forward
[robot_supervisor-7] [INFO] [1776439160.328214854] [robot_0.robot_supervisor]: Selected controllable event: EV_move_forward
[robot_supervisor-19] [INFO] [1776439160.505651699] [robot_4.robot_supervisor]: Selected controllable event: EV_move_forward
[robot_supervisor-10] [INFO] [1776439160.541154249] [robot_1.robot_supervisor]: Selected controllable event: EV_random_walk
[robot_supervisor-7] [INFO] [1776439160.627976901] [robot_0.robot_supervisor]: Selected controllable event: EV_random_walk
[robot_supervisor-10] [INFO] [1776439160.741938788] [robot_1.robot_supervisor]: Selected controllable event: EV_move_forward
[robot_supervisor-13] [INFO] [1776439160.768201002] [robot_2.robot_supervisor]: Selected controllable event: EV_rotate_clockwise
[robot_supervisor-13] [INFO] [1776439160.768574351] [robot_2.robot_supervisor]: rotate_90 blocked by recent completion; stopping this tick
[robot_supervisor-19] [INFO] [1776439160.805619244] [robot_4.robot_supervisor]: Selected controllable event: EV_random_walk
[robot_supervisor-16] [INFO] [1776439160.860343834] [robot_3.robot_supervisor]: Selected controllable event: EV_rotate_clockwise
[robot_supervisor-16] [INFO] [1776439160.860722722] [robot_3.robot_supervisor]: rotate_90 blocked by recent completion; stopping this tick
[robot_supervisor-13] [INFO] [1776439160.868290433] [robot_2.robot_supervisor]: Selected controllable event: EV_rotate_clockwise
[robot_supervisor-13] [INFO] [1776439160.868746376] [robot_2.robot_supervisor]: rotate_90 blocked by recent completion; stopping this tick
[robot_supervisor-7] [INFO] [1776439160.928255939] [robot_0.robot_supervisor]: Selected controllable event: EV_move_forward
[robot_supervisor-16] [INFO] [1776439160.960411773] [robot_3.robot_supervisor]: Selected controllable event: EV_rotate_clockwise
[robot_supervisor-16] [INFO] [1776439160.960800124] [robot_3.robot_supervisor]: rotate_90 blocked by recent completion; stopping this tick
[robot_supervisor-13] [INFO] [1776439160.967959076] [robot_2.robot_supervisor]: Selected controllable event: EV_rotate_clockwise
[robot_supervisor-13] [INFO] [1776439160.968143525] [robot_2.robot_supervisor]: rotate_90 blocked by recent completion; stopping this tick
[robot_supervisor-10] [INFO] [1776439161.041161651] [robot_1.robot_supervisor]: Selected controllable event: EV_random_walk
[robot_supervisor-16] [INFO] [1776439161.060336369] [robot_3.robot_supervisor]: Selected controllable event: EV_rotate_clockwise
[robot_supervisor-13] [INFO] [1776439161.068148606] [robot_2.robot_supervisor]: Selected controllable event: EV_rotate_clockwise
[robot_supervisor-19] [INFO] [1776439161.105742322] [robot_4.robot_supervisor]: Selected controllable event: EV_move_forward
[robot_supervisor-7] [INFO] [1776439161.228133307] [robot_0.robot_supervisor]: Selected controllable event: EV_random_walk
[robot_supervisor-10] [INFO] [1776439161.341371889] [robot_1.robot_supervisor]: Selected controllable event: EV_move_forward
[robot_supervisor-19] [INFO] [1776439161.405714045] [robot_4.robot_supervisor]: Selected controllable event: EV_random_walk
[image_processor-23] [INFO] [1776439161.408529474] [robot_2.image_processor]: Zone=RIGHT  left[p=2.611 near=0 v=6243]  front[p=2.797 near=0 v=11889]  right[p=0.557 near=5465 v=7740]
[robot_supervisor-13] [INFO] [1776439161.409005077] [robot_2.robot_supervisor]: Detected zone changed to RIGHT
[image_processor-24] [INFO] [1776439161.427779125] [robot_3.image_processor]: Zone=RIGHT  left[p=3.241 near=0 v=6111]  front[p=2.781 near=0 v=7973]  right[p=0.764 near=2127 v=7399]
[robot_supervisor-16] [INFO] [1776439161.428559530] [robot_3.robot_supervisor]: Detected zone changed to RIGHT
[image_processor-22] [INFO] [1776439161.436608448] [robot_1.image_processor]: Zone=CLEAR
[image_processor-21] [INFO] [1776439161.450853764] [robot_0.image_processor]: Zone=RIGHT  left[p=3.202 near=0 v=5672]  front[p=0.677 near=2227 v=11865]  right[p=0.561 near=7740 v=7740]
[robot_supervisor-7] [INFO] [1776439161.451299757] [robot_0.robot_supervisor]: Detected zone changed to RIGHT
[robot_supervisor-7] [INFO] [1776439161.528019427] [robot_0.robot_supervisor]: Selected controllable event: EV_rotate_counterclockwise
[image_processor-25] [INFO] [1776439161.560129503] [robot_4.image_processor]: Zone=CLEAR
[robot_supervisor-10] [INFO] [1776439161.640988039] [robot_1.robot_supervisor]: Selected controllable event: EV_random_walk
[robot_supervisor-19] [INFO] [1776439161.705652013] [robot_4.robot_supervisor]: Selected controllable event: EV_move_forward
[robot_supervisor-10] [INFO] [1776439161.940729392] [robot_1.robot_supervisor]: Selected controllable event: EV_move_forward
[robot_supervisor-19] [INFO] [1776439162.005607769] [robot_4.robot_supervisor]: Selected controllable event: EV_random_walk
[robot_supervisor-10] [INFO] [1776439162.241133402] [robot_1.robot_supervisor]: Selected controllable event: EV_random_walk
[robot_supervisor-19] [INFO] [1776439162.305608928] [robot_4.robot_supervisor]: Selected controllable event: EV_move_forward
[robot_supervisor-10] [INFO] [1776439162.540994281] [robot_1.robot_supervisor]: Selected controllable event: EV_move_forward
[robot_supervisor-19] [INFO] [1776439162.605655668] [robot_4.robot_supervisor]: Selected controllable event: EV_random_walk
[robot_supervisor-10] [INFO] [1776439162.841106015] [robot_1.robot_supervisor]: Selected controllable event: EV_random_walk
[robot_supervisor-19] [INFO] [1776439162.905996994] [robot_4.robot_supervisor]: Selected controllable event: EV_move_forward
[robot_supervisor-10] [INFO] [1776439163.140816702] [robot_1.robot_supervisor]: Selected controllable event: EV_move_forward
[robot_supervisor-13] [INFO] [1776439163.168468722] [robot_2.robot_supervisor]: Selected controllable event: EV_rotate_counterclockwise
[robot_supervisor-13] [INFO] [1776439163.168992399] [robot_2.robot_supervisor]: rotate_90 blocked by recent completion; stopping this tick
[robot_supervisor-19] [INFO] [1776439163.205706017] [robot_4.robot_supervisor]: Selected controllable event: EV_random_walk
[robot_supervisor-16] [INFO] [1776439163.260356199] [robot_3.robot_supervisor]: Selected controllable event: EV_rotate_counterclockwise
[robot_supervisor-16] [INFO] [1776439163.260708351] [robot_3.robot_supervisor]: rotate_90 blocked by recent completion; stopping this tick
[robot_supervisor-13] [INFO] [1776439163.267950891] [robot_2.robot_supervisor]: Selected controllable event: EV_rotate_counterclockwise
[robot_supervisor-13] [INFO] [1776439163.268198088] [robot_2.robot_supervisor]: rotate_90 blocked by recent completion; stopping this tick
[robot_supervisor-16] [INFO] [1776439163.360361232] [robot_3.robot_supervisor]: Selected controllable event: EV_rotate_counterclockwise
[robot_supervisor-16] [INFO] [1776439163.360744299] [robot_3.robot_supervisor]: rotate_90 blocked by recent completion; stopping this tick
[robot_supervisor-13] [INFO] [1776439163.368033850] [robot_2.robot_supervisor]: Selected controllable event: EV_rotate_counterclockwise
[robot_supervisor-13] [INFO] [1776439163.368293084] [robot_2.robot_supervisor]: rotate_90 blocked by recent completion; stopping this tick
[robot_supervisor-10] [INFO] [1776439163.440784164] [robot_1.robot_supervisor]: Selected controllable event: EV_random_walk
[robot_supervisor-16] [INFO] [1776439163.460331270] [robot_3.robot_supervisor]: Selected controllable event: EV_rotate_counterclockwise
[robot_supervisor-13] [INFO] [1776439163.468160364] [robot_2.robot_supervisor]: Selected controllable event: EV_rotate_counterclockwise
[robot_supervisor-19] [INFO] [1776439163.505604831] [robot_4.robot_supervisor]: Selected controllable event: EV_move_forward
[robot_supervisor-10] [INFO] [1776439163.641700379] [robot_1.robot_supervisor]: Selected controllable event: EV_move_forward
[robot_supervisor-19] [INFO] [1776439163.805802556] [robot_4.robot_supervisor]: Selected controllable event: EV_random_walk
[robot_supervisor-7] [INFO] [1776439163.828105065] [robot_0.robot_supervisor]: Selected controllable event: EV_rotate_counterclockwise
[robot_supervisor-7] [INFO] [1776439163.828528015] [robot_0.robot_supervisor]: rotate_90 blocked by recent completion; stopping this tick
[image_processor-23] [INFO] [1776439163.907880153] [robot_2.image_processor]: Zone=CORNER  left[p=0.542 near=7650 v=7650]  front[p=0.455 near=13500 v=13500]  right[p=0.408 near=7740 v=7740]
[robot_supervisor-13] [INFO] [1776439163.908518844] [robot_2.robot_supervisor]: Detected zone changed to CORNER
[image_processor-22] [INFO] [1776439163.925878292] [robot_1.image_processor]: Zone=CORNER  left[p=2.458 near=0 v=7650]  front[p=0.418 near=10746 v=13500]  right[p=0.372 near=7740 v=7740]
[robot_supervisor-10] [INFO] [1776439163.926924159] [robot_1.robot_supervisor]: Detected zone changed to CORNER
[robot_supervisor-7] [INFO] [1776439163.927976505] [robot_0.robot_supervisor]: Selected controllable event: EV_rotate_counterclockwise
[robot_supervisor-7] [INFO] [1776439163.928165980] [robot_0.robot_supervisor]: rotate_90 blocked by recent completion; stopping this tick
[robot_supervisor-10] [INFO] [1776439163.941378640] [robot_1.robot_supervisor]: Selected controllable event: EV_rotate_clockwise
[image_processor-21] [INFO] [1776439163.941611173] [robot_0.image_processor]: Zone=RIGHT
[image_processor-25] [INFO] [1776439163.950528670] [robot_4.image_processor]: Zone=CLEAR
[image_processor-24] [INFO] [1776439164.019340810] [robot_3.image_processor]: Zone=LEFT  left[p=0.773 near=2028 v=7650]  front[p=0.972 near=0 v=13374]  right[p=2.423 near=0 v=7632]
[robot_supervisor-16] [INFO] [1776439164.020291731] [robot_3.robot_supervisor]: Detected zone changed to LEFT
[robot_supervisor-7] [INFO] [1776439164.028106331] [robot_0.robot_supervisor]: Selected controllable event: EV_rotate_counterclockwise
[robot_supervisor-19] [INFO] [1776439164.105607721] [robot_4.robot_supervisor]: Selected controllable event: EV_move_forward
[robot_supervisor-19] [INFO] [1776439164.405707445] [robot_4.robot_supervisor]: Selected controllable event: EV_random_walk
[robot_supervisor-19] [INFO] [1776439164.705669290] [robot_4.robot_supervisor]: Selected controllable event: EV_move_forward
[robot_supervisor-19] [INFO] [1776439165.005888548] [robot_4.robot_supervisor]: Selected controllable event: EV_random_walk
[robot_supervisor-19] [INFO] [1776439165.305691103] [robot_4.robot_supervisor]: Selected controllable event: EV_move_forward
[robot_supervisor-19] [INFO] [1776439165.605581518] [robot_4.robot_supervisor]: Selected controllable event: EV_random_walk
[robot_supervisor-16] [INFO] [1776439165.660343602] [robot_3.robot_supervisor]: Selected controllable event: EV_rotate_clockwise
[robot_supervisor-16] [INFO] [1776439165.660724418] [robot_3.robot_supervisor]: rotate_90 blocked by recent completion; stopping this tick
[robot_supervisor-13] [INFO] [1776439165.668125513] [robot_2.robot_supervisor]: Selected controllable event: EV_rotate_clockwise
[robot_supervisor-13] [INFO] [1776439165.668476524] [robot_2.robot_supervisor]: rotate_90 blocked by recent completion; stopping this tick
[robot_supervisor-16] [INFO] [1776439165.760452636] [robot_3.robot_supervisor]: Selected controllable event: EV_rotate_clockwise
[robot_supervisor-16] [INFO] [1776439165.760834709] [robot_3.robot_supervisor]: rotate_90 blocked by recent completion; stopping this tick
[robot_supervisor-13] [INFO] [1776439165.768169466] [robot_2.robot_supervisor]: Selected controllable event: EV_rotate_clockwise
[robot_supervisor-13] [INFO] [1776439165.768570047] [robot_2.robot_supervisor]: rotate_90 blocked by recent completion; stopping this tick
[robot_supervisor-16] [INFO] [1776439165.860447116] [robot_3.robot_supervisor]: Selected controllable event: EV_rotate_clockwise
[robot_supervisor-13] [INFO] [1776439165.868153037] [robot_2.robot_supervisor]: Selected controllable event: EV_rotate_clockwise
[robot_supervisor-19] [INFO] [1776439165.905934672] [robot_4.robot_supervisor]: Selected controllable event: EV_move_forward
[robot_supervisor-10] [INFO] [1776439166.041198953] [robot_1.robot_supervisor]: Selected controllable event: EV_rotate_clockwise
[robot_supervisor-10] [INFO] [1776439166.041581852] [robot_1.robot_supervisor]: rotate_90 blocked by recent completion; stopping this tick
[robot_supervisor-7] [INFO] [1776439166.128301950] [robot_0.robot_supervisor]: Selected controllable event: EV_rotate_counterclockwise
[robot_supervisor-7] [INFO] [1776439166.128742099] [robot_0.robot_supervisor]: rotate_90 blocked by recent completion; stopping this tick
[robot_supervisor-10] [INFO] [1776439166.141139795] [robot_1.robot_supervisor]: Selected controllable event: EV_rotate_clockwise
[robot_supervisor-10] [INFO] [1776439166.141491512] [robot_1.robot_supervisor]: rotate_90 blocked by recent completion; stopping this tick
[robot_supervisor-19] [INFO] [1776439166.205652301] [robot_4.robot_supervisor]: Selected controllable event: EV_random_walk
[robot_supervisor-7] [INFO] [1776439166.227993347] [robot_0.robot_supervisor]: Selected controllable event: EV_rotate_counterclockwise
[robot_supervisor-7] [INFO] [1776439166.228290266] [robot_0.robot_supervisor]: rotate_90 blocked by recent completion; stopping this tick
[robot_supervisor-10] [INFO] [1776439166.241237438] [robot_1.robot_supervisor]: Selected controllable event: EV_rotate_clockwise
[robot_supervisor-10] [INFO] [1776439166.241605688] [robot_1.robot_supervisor]: rotate_90 blocked by recent completion; stopping this tick
[robot_supervisor-7] [INFO] [1776439166.328102389] [robot_0.robot_supervisor]: Selected controllable event: EV_rotate_counterclockwise
[robot_supervisor-7] [INFO] [1776439166.328562041] [robot_0.robot_supervisor]: rotate_90 blocked by recent completion; stopping this tick
[robot_supervisor-10] [INFO] [1776439166.341206447] [robot_1.robot_supervisor]: Selected controllable event: EV_rotate_clockwise
[image_processor-23] [INFO] [1776439166.409688201] [robot_2.image_processor]: Zone=RIGHT  left[p=3.263 near=0 v=6516]  front[p=0.858 near=528 v=12594]  right[p=0.473 near=7740 v=7740]
[robot_supervisor-13] [INFO] [1776439166.410281161] [robot_2.robot_supervisor]: Detected zone changed to RIGHT
[robot_supervisor-7] [INFO] [1776439166.427989045] [robot_0.robot_supervisor]: Selected controllable event: EV_rotate_counterclockwise
[image_processor-24] [INFO] [1776439166.429373371] [robot_3.image_processor]: Zone=RIGHT  left[p=2.993 near=0 v=5468]  front[p=0.968 near=0 v=8833]  right[p=0.768 near=2236 v=7740]
[robot_supervisor-16] [INFO] [1776439166.430114346] [robot_3.robot_supervisor]: Detected zone changed to RIGHT
[image_processor-22] [INFO] [1776439166.442431802] [robot_1.image_processor]: Zone=CLEAR  left[p=3.224 near=0 v=7538]  front[p=3.239 near=0 v=10315]  right[p=3.513 near=0 v=6047]
[robot_supervisor-10] [INFO] [1776439166.442767411] [robot_1.robot_supervisor]: Detected zone changed to CLEAR
[image_processor-25] [INFO] [1776439166.457246195] [robot_4.image_processor]: Zone=RIGHT  left[p=1.066 near=0 v=7650]  front[p=0.640 near=7764 v=13500]  right[p=0.507 near=7740 v=7740]
[robot_supervisor-19] [INFO] [1776439166.457709098] [robot_4.robot_supervisor]: Detected zone changed to RIGHT
[robot_supervisor-19] [INFO] [1776439166.505617058] [robot_4.robot_supervisor]: Selected controllable event: EV_rotate_counterclockwise
[image_processor-21] [INFO] [1776439166.551619525] [robot_0.image_processor]: Zone=CLEAR  left[p=1.403 near=0 v=7650]  front[p=2.088 near=0 v=12906]  right[p=2.868 near=0 v=7456]
[robot_supervisor-7] [INFO] [1776439166.552079063] [robot_0.robot_supervisor]: Detected zone changed to CLEAR
[robot_supervisor-16] [INFO] [1776439167.960372620] [robot_3.robot_supervisor]: Selected controllable event: EV_rotate_counterclockwise
[robot_supervisor-16] [INFO] [1776439167.960808044] [robot_3.robot_supervisor]: rotate_90 blocked by recent completion; stopping this tick
[robot_supervisor-13] [INFO] [1776439167.968002035] [robot_2.robot_supervisor]: Selected controllable event: EV_rotate_counterclockwise
[robot_supervisor-13] [INFO] [1776439167.968246302] [robot_2.robot_supervisor]: rotate_90 blocked by recent completion; stopping this tick
[robot_supervisor-16] [INFO] [1776439168.060177895] [robot_3.robot_supervisor]: Selected controllable event: EV_rotate_counterclockwise
[robot_supervisor-16] [INFO] [1776439168.060443800] [robot_3.robot_supervisor]: rotate_90 blocked by recent completion; stopping this tick
[robot_supervisor-13] [INFO] [1776439168.068155957] [robot_2.robot_supervisor]: Selected controllable event: EV_rotate_counterclockwise
[robot_supervisor-13] [INFO] [1776439168.068556673] [robot_2.robot_supervisor]: rotate_90 blocked by recent completion; stopping this tick
[robot_supervisor-16] [INFO] [1776439168.160310901] [robot_3.robot_supervisor]: Selected controllable event: EV_rotate_counterclockwise
[robot_supervisor-16] [INFO] [1776439168.160684350] [robot_3.robot_supervisor]: rotate_90 blocked by recent completion; stopping this tick
[robot_supervisor-13] [INFO] [1776439168.168145840] [robot_2.robot_supervisor]: Selected controllable event: EV_rotate_counterclockwise
[robot_supervisor-13] [INFO] [1776439168.168586347] [robot_2.robot_supervisor]: rotate_90 blocked by recent completion; stopping this tick
[robot_supervisor-16] [INFO] [1776439168.260459578] [robot_3.robot_supervisor]: Selected controllable event: EV_rotate_counterclockwise
[robot_supervisor-13] [INFO] [1776439168.268167350] [robot_2.robot_supervisor]: Selected controllable event: EV_rotate_counterclockwise
[robot_supervisor-10] [INFO] [1776439168.441746372] [robot_1.robot_supervisor]: Selected controllable event: EV_rotate_clockwise
[robot_supervisor-10] [INFO] [1776439168.442059095] [robot_1.robot_supervisor]: rotate_90 blocked by recent completion; stopping this tick
[robot_supervisor-7] [INFO] [1776439168.528258966] [robot_0.robot_supervisor]: Selected controllable event: EV_rotate_counterclockwise
[robot_supervisor-7] [INFO] [1776439168.528715078] [robot_0.robot_supervisor]: rotate_90 blocked by recent completion; stopping this tick
[robot_supervisor-10] [INFO] [1776439168.541144468] [robot_1.robot_supervisor]: Selected controllable event: EV_random_walk
[robot_supervisor-7] [INFO] [1776439168.628153924] [robot_0.robot_supervisor]: Selected controllable event: EV_random_walk
[robot_supervisor-19] [INFO] [1776439168.705654905] [robot_4.robot_supervisor]: Selected controllable event: EV_rotate_counterclockwise
[robot_supervisor-19] [INFO] [1776439168.706235317] [robot_4.robot_supervisor]: rotate_90 blocked by recent completion; stopping this tick
[robot_supervisor-19] [INFO] [1776439168.805603570] [robot_4.robot_supervisor]: Selected controllable event: EV_rotate_counterclockwise
[robot_supervisor-19] [INFO] [1776439168.805950482] [robot_4.robot_supervisor]: rotate_90 blocked by recent completion; stopping this tick
[robot_supervisor-10] [INFO] [1776439168.840862671] [robot_1.robot_supervisor]: Selected controllable event: EV_move_forward
[robot_supervisor-19] [INFO] [1776439168.905642176] [robot_4.robot_supervisor]: Selected controllable event: EV_rotate_counterclockwise
[image_processor-23] [INFO] [1776439168.908191716] [robot_2.image_processor]: Zone=CORNER  left[p=0.657 near=5722 v=7650]  front[p=0.459 near=13500 v=13500]  right[p=0.382 near=7740 v=7740]
[robot_supervisor-13] [INFO] [1776439168.908912662] [robot_2.robot_supervisor]: Detected zone changed to CORNER
[image_processor-24] [INFO] [1776439168.926524983] [robot_3.image_processor]: Zone=RIGHT
[robot_supervisor-7] [INFO] [1776439168.928354842] [robot_0.robot_supervisor]: Selected controllable event: EV_move_forward
[image_processor-22] [INFO] [1776439168.941651732] [robot_1.image_processor]: Zone=CLEAR
[image_processor-21] [INFO] [1776439168.951320130] [robot_0.image_processor]: Zone=LEFT  left[p=0.579 near=5056 v=7650]  front[p=1.234 near=0 v=13500]  right[p=1.327 near=0 v=7740]
[robot_supervisor-7] [INFO] [1776439168.952037921] [robot_0.robot_supervisor]: Detected zone changed to LEFT
[image_processor-25] [INFO] [1776439168.960270400] [robot_4.image_processor]: Zone=RIGHT
[robot_supervisor-10] [INFO] [1776439169.140987273] [robot_1.robot_supervisor]: Selected controllable event: EV_random_walk
[INFO] [image_processor-25]: sending signal 'SIGINT' to process[image_processor-25]
[ERROR] [ign gazebo-1]: process has died [pid 379741, exit code -15, cmd 'ruby /usr/bin/ign gazebo /home/ecem/ros2_ws/install/swarm_basics/share/swarm_basics/worlds/random_world.sdf -s -r --force-version 6'].
[ERROR] [parameter_bridge-4]: process has died [pid 379748, exit code -15, cmd '/opt/ros/humble/lib/ros_ign_bridge/parameter_bridge /robot_0/cmd_vel@geometry_msgs/msg/Twist]ignition.msgs.Twist /robot_0/odom@nav_msgs/msg/Odometry[ignition.msgs.Odometry /robot_0/depth_camera/depth_image@sensor_msgs/msg/Image[ignition.msgs.Image /world/random_world/model/robot_0/link/robot_0/base_footprint/sensor/contact_sensor/contact@ros_gz_interfaces/msg/Contacts[ignition.msgs.Contacts /robot_1/cmd_vel@geometry_msgs/msg/Twist]ignition.msgs.Twist /robot_1/odom@nav_msgs/msg/Odometry[ignition.msgs.Odometry /robot_1/depth_camera/depth_image@sensor_msgs/msg/Image[ignition.msgs.Image /world/random_world/model/robot_1/link/robot_1/base_footprint/sensor/contact_sensor/contact@ros_gz_interfaces/msg/Contacts[ignition.msgs.Contacts /robot_2/cmd_vel@geometry_msgs/msg/Twist]ignition.msgs.Twist /robot_2/odom@nav_msgs/msg/Odometry[ignition.msgs.Odometry /robot_2/depth_camera/depth_image@sensor_msgs/msg/Image[ignition.msgs.Image /world/random_world/model/robot_2/link/robot_2/base_footprint/sensor/contact_sensor/contact@ros_gz_interfaces/msg/Contacts[ignition.msgs.Contacts /robot_3/cmd_vel@geometry_msgs/msg/Twist]ignition.msgs.Twist /robot_3/odom@nav_msgs/msg/Odometry[ignition.msgs.Odometry /robot_3/depth_camera/depth_image@sensor_msgs/msg/Image[ignition.msgs.Image /world/random_world/model/robot_3/link/robot_3/base_footprint/sensor/contact_sensor/contact@ros_gz_interfaces/msg/Contacts[ignition.msgs.Contacts /robot_4/cmd_vel@geometry_msgs/msg/Twist]ignition.msgs.Twist /robot_4/odom@nav_msgs/msg/Odometry[ignition.msgs.Odometry /robot_4/depth_camera/depth_image@sensor_msgs/msg/Image[ignition.msgs.Image /world/random_world/model/robot_4/link/robot_4/base_footprint/sensor/contact_sensor/contact@ros_gz_interfaces/msg/Contacts[ignition.msgs.Contacts /world/random_world/dynamic_pose/info@tf2_msgs/msg/TFMessage[ignition.msgs.Pose_V --ros-args -r __node:=all_robots_bridge --params-file /tmp/launch_params_kq_4gn8o'].
[INFO] [parameter_bridge-20]: process has finished cleanly [pid 379835]
[INFO] [image_processor-24]: sending signal 'SIGINT' to process[image_processor-24]
[INFO] [bash-26]: process started with pid [380421]
[INFO] [image_processor-23]: sending signal 'SIGINT' to process[image_processor-23]
[INFO] [image_processor-22]: sending signal 'SIGINT' to process[image_processor-22]
[INFO] [image_processor-21]: sending signal 'SIGINT' to process[image_processor-21]
[INFO] [robot_supervisor-19]: sending signal 'SIGINT' to process[robot_supervisor-19]
[INFO] [robot_state_publisher-17]: sending signal 'SIGINT' to process[robot_state_publisher-17]
[INFO] [robot_supervisor-16]: sending signal 'SIGINT' to process[robot_supervisor-16]
[ERROR] [bash-26]: process has died [pid 380421, exit code -15, cmd 'bash -lc pkill -f parameter_bridge || true'].
[INFO] [robot_state_publisher-14]: sending signal 'SIGINT' to process[robot_state_publisher-14]
[INFO] [robot_supervisor-13]: sending signal 'SIGINT' to process[robot_supervisor-13]
[INFO] [robot_state_publisher-11]: sending signal 'SIGINT' to process[robot_state_publisher-11]
[INFO] [robot_supervisor-10]: sending signal 'SIGINT' to process[robot_supervisor-10]
[INFO] [robot_state_publisher-8]: sending signal 'SIGINT' to process[robot_state_publisher-8]
[INFO] [robot_supervisor-7]: sending signal 'SIGINT' to process[robot_supervisor-7]
[INFO] [robot_state_publisher-5]: sending signal 'SIGINT' to process[robot_state_publisher-5]
[INFO] [bump_counter-3]: sending signal 'SIGINT' to process[bump_counter-3]
[INFO] [coverage_counter-2]: sending signal 'SIGINT' to process[coverage_counter-2]
[robot_supervisor-7] [INFO] [1776439169.227986029] [robot_0.robot_supervisor]: Selected controllable event: EV_rotate_clockwise
[parameter_bridge-20] [INFO] [1776439169.264551892] [rclcpp]: signal_handler(SIGINT/SIGTERM)
[parameter_bridge-4] [INFO] [1776439169.264550273] [rclcpp]: signal_handler(SIGINT/SIGTERM)
[robot_supervisor-10] [INFO] [1776439169.441192893] [robot_1.robot_supervisor]: Selected controllable event: EV_move_forward
[robot_supervisor-10] [INFO] [1776439169.741200380] [robot_1.robot_supervisor]: Selected controllable event: EV_random_walk
[INFO] [launch]: process[ign gazebo-1] was required: shutting down launched system
[image_processor-25] [INFO] [1776439169.944161423] [rclcpp]: signal_handler(SIGINT/SIGTERM)
[image_processor-24] [INFO] [1776439169.948773279] [rclcpp]: signal_handler(SIGINT/SIGTERM)
[image_processor-23] [INFO] [1776439169.952658391] [rclcpp]: signal_handler(SIGINT/SIGTERM)
[image_processor-22] [INFO] [1776439169.956176015] [rclcpp]: signal_handler(SIGINT/SIGTERM)
[image_processor-21] [INFO] [1776439169.959778760] [rclcpp]: signal_handler(SIGINT/SIGTERM)
[robot_supervisor-19] Traceback (most recent call last):
[robot_supervisor-19]   File "/home/ecem/ros2_ws/install/swarm_basics/lib/swarm_basics/robot_supervisor", line 33, in <module>
[robot_supervisor-19]     sys.exit(load_entry_point('swarm-basics==0.0.0', 'console_scripts', 'robot_supervisor')())
[robot_supervisor-19]   File "/home/ecem/ros2_ws/install/swarm_basics/lib/python3.10/site-packages/swarm_basics/robot_supervisor.py", line 867, in main
[robot_supervisor-19]     rclpy.spin(node)
[robot_supervisor-19]   File "/opt/ros/humble/local/lib/python3.10/dist-packages/rclpy/__init__.py", line 229, in spin
[robot_supervisor-19]     executor.spin_once()
[robot_supervisor-19]   File "/opt/ros/humble/local/lib/python3.10/dist-packages/rclpy/executors.py", line 773, in spin_once
[robot_supervisor-19]     self._spin_once_impl(timeout_sec)
[robot_supervisor-19]   File "/opt/ros/humble/local/lib/python3.10/dist-packages/rclpy/executors.py", line 762, in _spin_once_impl
[robot_supervisor-19]     handler, entity, node = self.wait_for_ready_callbacks(timeout_sec=timeout_sec)
[robot_supervisor-19]   File "/opt/ros/humble/local/lib/python3.10/dist-packages/rclpy/executors.py", line 745, in wait_for_ready_callbacks
[robot_supervisor-19]     return next(self._cb_iter)
[robot_supervisor-19]   File "/opt/ros/humble/local/lib/python3.10/dist-packages/rclpy/executors.py", line 642, in _wait_for_ready_callbacks
[robot_supervisor-19]     wait_set.wait(timeout_nsec)
[robot_supervisor-19] KeyboardInterrupt
[robot_state_publisher-17] [INFO] [1776439169.970696915] [rclcpp]: signal_handler(SIGINT/SIGTERM)
[robot_supervisor-16] Traceback (most recent call last):
[robot_supervisor-16]   File "/home/ecem/ros2_ws/install/swarm_basics/lib/swarm_basics/robot_supervisor", line 33, in <module>
[robot_supervisor-16]     sys.exit(load_entry_point('swarm-basics==0.0.0', 'console_scripts', 'robot_supervisor')())
[robot_supervisor-16]   File "/home/ecem/ros2_ws/install/swarm_basics/lib/python3.10/site-packages/swarm_basics/robot_supervisor.py", line 867, in main
[robot_supervisor-16]     rclpy.spin(node)
[robot_supervisor-16]   File "/opt/ros/humble/local/lib/python3.10/dist-packages/rclpy/__init__.py", line 229, in spin
[robot_supervisor-16]     executor.spin_once()
[robot_supervisor-16]   File "/opt/ros/humble/local/lib/python3.10/dist-packages/rclpy/executors.py", line 773, in spin_once
[robot_supervisor-16]     self._spin_once_impl(timeout_sec)
[robot_supervisor-16]   File "/opt/ros/humble/local/lib/python3.10/dist-packages/rclpy/executors.py", line 762, in _spin_once_impl
[robot_supervisor-16]     handler, entity, node = self.wait_for_ready_callbacks(timeout_sec=timeout_sec)
[robot_supervisor-16]   File "/opt/ros/humble/local/lib/python3.10/dist-packages/rclpy/executors.py", line 745, in wait_for_ready_callbacks
[robot_supervisor-16]     return next(self._cb_iter)
[robot_supervisor-16]   File "/opt/ros/humble/local/lib/python3.10/dist-packages/rclpy/executors.py", line 642, in _wait_for_ready_callbacks
[robot_supervisor-16]     wait_set.wait(timeout_nsec)
[robot_supervisor-16] KeyboardInterrupt
[robot_state_publisher-14] [INFO] [1776439169.978665449] [rclcpp]: signal_handler(SIGINT/SIGTERM)
[robot_supervisor-13] Traceback (most recent call last):
[robot_supervisor-13]   File "/home/ecem/ros2_ws/install/swarm_basics/lib/swarm_basics/robot_supervisor", line 33, in <module>
[robot_supervisor-13]     sys.exit(load_entry_point('swarm-basics==0.0.0', 'console_scripts', 'robot_supervisor')())
[robot_supervisor-13]   File "/home/ecem/ros2_ws/install/swarm_basics/lib/python3.10/site-packages/swarm_basics/robot_supervisor.py", line 867, in main
[robot_supervisor-13]     rclpy.spin(node)
[robot_supervisor-13]   File "/opt/ros/humble/local/lib/python3.10/dist-packages/rclpy/__init__.py", line 229, in spin
[robot_supervisor-13]     executor.spin_once()
[robot_supervisor-13]   File "/opt/ros/humble/local/lib/python3.10/dist-packages/rclpy/executors.py", line 773, in spin_once
[robot_supervisor-13]     self._spin_once_impl(timeout_sec)
[robot_supervisor-13]   File "/opt/ros/humble/local/lib/python3.10/dist-packages/rclpy/executors.py", line 762, in _spin_once_impl
[robot_supervisor-13]     handler, entity, node = self.wait_for_ready_callbacks(timeout_sec=timeout_sec)
[robot_supervisor-13]   File "/opt/ros/humble/local/lib/python3.10/dist-packages/rclpy/executors.py", line 745, in wait_for_ready_callbacks
[robot_supervisor-13]     return next(self._cb_iter)
[robot_supervisor-13]   File "/opt/ros/humble/local/lib/python3.10/dist-packages/rclpy/executors.py", line 642, in _wait_for_ready_callbacks
[robot_supervisor-13]     wait_set.wait(timeout_nsec)
[robot_supervisor-13] KeyboardInterrupt
[robot_state_publisher-11] [INFO] [1776439169.986138432] [rclcpp]: signal_handler(SIGINT/SIGTERM)
[robot_supervisor-10] Traceback (most recent call last):
[robot_supervisor-10]   File "/home/ecem/ros2_ws/install/swarm_basics/lib/swarm_basics/robot_supervisor", line 33, in <module>
[robot_supervisor-10]     sys.exit(load_entry_point('swarm-basics==0.0.0', 'console_scripts', 'robot_supervisor')())
[robot_supervisor-10]   File "/home/ecem/ros2_ws/install/swarm_basics/lib/python3.10/site-packages/swarm_basics/robot_supervisor.py", line 867, in main
[robot_supervisor-10]     rclpy.spin(node)
[robot_supervisor-10]   File "/opt/ros/humble/local/lib/python3.10/dist-packages/rclpy/__init__.py", line 229, in spin
[robot_supervisor-10]     executor.spin_once()
[robot_supervisor-10]   File "/opt/ros/humble/local/lib/python3.10/dist-packages/rclpy/executors.py", line 773, in spin_once
[robot_supervisor-10]     self._spin_once_impl(timeout_sec)
[robot_supervisor-10]   File "/opt/ros/humble/local/lib/python3.10/dist-packages/rclpy/executors.py", line 762, in _spin_once_impl
[robot_supervisor-10]     handler, entity, node = self.wait_for_ready_callbacks(timeout_sec=timeout_sec)
[robot_supervisor-10]   File "/opt/ros/humble/local/lib/python3.10/dist-packages/rclpy/executors.py", line 745, in wait_for_ready_callbacks
[robot_supervisor-10]     return next(self._cb_iter)
[robot_supervisor-10]   File "/opt/ros/humble/local/lib/python3.10/dist-packages/rclpy/executors.py", line 642, in _wait_for_ready_callbacks
[robot_supervisor-10]     wait_set.wait(timeout_nsec)
[robot_supervisor-10] KeyboardInterrupt
[robot_state_publisher-8] [INFO] [1776439169.992707700] [rclcpp]: signal_handler(SIGINT/SIGTERM)
[robot_supervisor-7] Traceback (most recent call last):
[robot_supervisor-7]   File "/home/ecem/ros2_ws/install/swarm_basics/lib/swarm_basics/robot_supervisor", line 33, in <module>
[robot_supervisor-7]     sys.exit(load_entry_point('swarm-basics==0.0.0', 'console_scripts', 'robot_supervisor')())
[robot_supervisor-7]   File "/home/ecem/ros2_ws/install/swarm_basics/lib/python3.10/site-packages/swarm_basics/robot_supervisor.py", line 867, in main
[robot_supervisor-7]     rclpy.spin(node)
[robot_supervisor-7]   File "/opt/ros/humble/local/lib/python3.10/dist-packages/rclpy/__init__.py", line 229, in spin
[robot_supervisor-7]     executor.spin_once()
[robot_supervisor-7]   File "/opt/ros/humble/local/lib/python3.10/dist-packages/rclpy/executors.py", line 773, in spin_once
[robot_supervisor-7]     self._spin_once_impl(timeout_sec)
[robot_supervisor-7]   File "/opt/ros/humble/local/lib/python3.10/dist-packages/rclpy/executors.py", line 762, in _spin_once_impl
[robot_supervisor-7]     handler, entity, node = self.wait_for_ready_callbacks(timeout_sec=timeout_sec)
[robot_supervisor-7]   File "/opt/ros/humble/local/lib/python3.10/dist-packages/rclpy/executors.py", line 745, in wait_for_ready_callbacks
[robot_supervisor-7]     return next(self._cb_iter)
[robot_supervisor-7]   File "/opt/ros/humble/local/lib/python3.10/dist-packages/rclpy/executors.py", line 642, in _wait_for_ready_callbacks
[robot_supervisor-7]     wait_set.wait(timeout_nsec)
[robot_supervisor-7] KeyboardInterrupt
[robot_state_publisher-5] [INFO] [1776439169.997525294] [rclcpp]: signal_handler(SIGINT/SIGTERM)
[ERROR] [launch]: Caught exception in launch (see debug for traceback): ExecuteLocal action 'bash-27': executed more than once: <launch.actions.execute_process.ExecuteProcess object at 0x7ba8098c8850>
[INFO] [image_processor-25]: process has finished cleanly [pid 380091]
[INFO] [image_processor-24]: process has finished cleanly [pid 380089]
[INFO] [image_processor-23]: process has finished cleanly [pid 380087]
[INFO] [image_processor-22]: process has finished cleanly [pid 380085]
[INFO] [image_processor-21]: process has finished cleanly [pid 380083]
[INFO] [robot_state_publisher-17]: process has finished cleanly [pid 379777]
[INFO] [robot_state_publisher-14]: process has finished cleanly [pid 379770]
[INFO] [robot_state_publisher-11]: process has finished cleanly [pid 379764]
[INFO] [robot_state_publisher-8]: process has finished cleanly [pid 379756]
[INFO] [robot_state_publisher-5]: process has finished cleanly [pid 379750]
[coverage_counter-2] Traceback (most recent call last):
[coverage_counter-2]   File "/home/ecem/ros2_ws/install/swarm_basics/lib/python3.10/site-packages/swarm_basics/coverage_counter.py", line 418, in main
[coverage_counter-2]     rclpy.spin(node)
[coverage_counter-2]   File "/opt/ros/humble/local/lib/python3.10/dist-packages/rclpy/__init__.py", line 229, in spin
[coverage_counter-2]     executor.spin_once()
[coverage_counter-2]   File "/opt/ros/humble/local/lib/python3.10/dist-packages/rclpy/executors.py", line 773, in spin_once
[coverage_counter-2]     self._spin_once_impl(timeout_sec)
[coverage_counter-2]   File "/opt/ros/humble/local/lib/python3.10/dist-packages/rclpy/executors.py", line 768, in _spin_once_impl
[coverage_counter-2]     handler()
[coverage_counter-2]   File "/opt/ros/humble/local/lib/python3.10/dist-packages/rclpy/task.py", line 254, in __call__
[coverage_counter-2]     self._handler.send(None)
[coverage_counter-2]   File "/opt/ros/humble/local/lib/python3.10/dist-packages/rclpy/executors.py", line 463, in handler
[coverage_counter-2]     await call_coroutine(entity, arg)
[coverage_counter-2]   File "/opt/ros/humble/local/lib/python3.10/dist-packages/rclpy/executors.py", line 371, in _execute_timer
[coverage_counter-2]     await await_or_execute(tmr.callback)
[coverage_counter-2]   File "/opt/ros/humble/local/lib/python3.10/dist-packages/rclpy/executors.py", line 107, in await_or_execute
[coverage_counter-2]     return callback(*args)
[coverage_counter-2]   File "/home/ecem/ros2_ws/install/swarm_basics/lib/python3.10/site-packages/swarm_basics/coverage_counter.py", line 152, in _on_timeout_timer
[coverage_counter-2]     self.shutdown_and_save()
[coverage_counter-2]   File "/home/ecem/ros2_ws/install/swarm_basics/lib/python3.10/site-packages/swarm_basics/coverage_counter.py", line 174, in shutdown_and_save
[coverage_counter-2]     rclpy.shutdown()
[coverage_counter-2]   File "/opt/ros/humble/local/lib/python3.10/dist-packages/rclpy/__init__.py", line 130, in shutdown
[coverage_counter-2]     _shutdown(context=context)
[coverage_counter-2]   File "/opt/ros/humble/local/lib/python3.10/dist-packages/rclpy/utilities.py", line 58, in shutdown
[coverage_counter-2]     return context.shutdown()
[coverage_counter-2]   File "/opt/ros/humble/local/lib/python3.10/dist-packages/rclpy/context.py", line 103, in shutdown
[coverage_counter-2]     self._call_on_shutdown_callbacks()
[coverage_counter-2]   File "/opt/ros/humble/local/lib/python3.10/dist-packages/rclpy/context.py", line 92, in _call_on_shutdown_callbacks
[coverage_counter-2]     callback = weak_method()
[coverage_counter-2]   File "/opt/ros/humble/local/lib/python3.10/dist-packages/rclpy/__init__.py", line 111, in reset_executor
[coverage_counter-2]     __executor.shutdown()
[coverage_counter-2]   File "/opt/ros/humble/local/lib/python3.10/dist-packages/rclpy/executors.py", line 227, in shutdown
[coverage_counter-2]     if not self._work_tracker.wait(timeout_sec):
[coverage_counter-2]   File "/opt/ros/humble/local/lib/python3.10/dist-packages/rclpy/executors.py", line 94, in wait
[coverage_counter-2]     if not self._work_condition.wait_for(
[coverage_counter-2]   File "/usr/lib/python3.10/threading.py", line 355, in wait_for
[coverage_counter-2]     self.wait(waittime)
[coverage_counter-2]   File "/usr/lib/python3.10/threading.py", line 320, in wait
[coverage_counter-2]     waiter.acquire()
[coverage_counter-2] KeyboardInterrupt
[coverage_counter-2] 
[coverage_counter-2] During handling of the above exception, another exception occurred:
[coverage_counter-2] 
[coverage_counter-2] Traceback (most recent call last):
[coverage_counter-2]   File "/home/ecem/ros2_ws/install/swarm_basics/lib/swarm_basics/coverage_counter", line 33, in <module>
[coverage_counter-2]     sys.exit(load_entry_point('swarm-basics==0.0.0', 'console_scripts', 'coverage_counter')())
[coverage_counter-2]   File "/home/ecem/ros2_ws/install/swarm_basics/lib/python3.10/site-packages/swarm_basics/coverage_counter.py", line 421, in main
[coverage_counter-2]     node.shutdown_and_save()
[coverage_counter-2]   File "/home/ecem/ros2_ws/install/swarm_basics/lib/python3.10/site-packages/swarm_basics/coverage_counter.py", line 174, in shutdown_and_save
[coverage_counter-2]     rclpy.shutdown()
[coverage_counter-2]   File "/opt/ros/humble/local/lib/python3.10/dist-packages/rclpy/__init__.py", line 130, in shutdown
[coverage_counter-2]     _shutdown(context=context)
[coverage_counter-2]   File "/opt/ros/humble/local/lib/python3.10/dist-packages/rclpy/utilities.py", line 58, in shutdown
[coverage_counter-2]     return context.shutdown()
[coverage_counter-2]   File "/opt/ros/humble/local/lib/python3.10/dist-packages/rclpy/context.py", line 100, in shutdown
[coverage_counter-2]     raise RuntimeError('Context must be initialized before it can be shutdown')
[coverage_counter-2] RuntimeError: Context must be initialized before it can be shutdown
[bump_counter-3] Traceback (most recent call last):
[bump_counter-3]   File "/home/ecem/ros2_ws/install/swarm_basics/lib/swarm_basics/bump_counter", line 33, in <module>
[bump_counter-3]     sys.exit(load_entry_point('swarm-basics==0.0.0', 'console_scripts', 'bump_counter')())
[bump_counter-3]   File "/home/ecem/ros2_ws/install/swarm_basics/lib/python3.10/site-packages/swarm_basics/bump_counter.py", line 384, in main
[bump_counter-3]     rclpy.shutdown()
[bump_counter-3]   File "/opt/ros/humble/local/lib/python3.10/dist-packages/rclpy/__init__.py", line 130, in shutdown
[bump_counter-3]     _shutdown(context=context)
[bump_counter-3]   File "/opt/ros/humble/local/lib/python3.10/dist-packages/rclpy/utilities.py", line 58, in shutdown
[bump_counter-3]     return context.shutdown()
[bump_counter-3]   File "/opt/ros/humble/local/lib/python3.10/dist-packages/rclpy/context.py", line 102, in shutdown
[bump_counter-3]     self.__context.shutdown()
[bump_counter-3] rclpy._rclpy_pybind11.RCLError: failed to shutdown: rcl_shutdown already called on the given context, at ./src/rcl/init.c:241
[ERROR] [coverage_counter-2]: process has died [pid 379743, exit code 1, cmd '/home/ecem/ros2_ws/install/swarm_basics/lib/swarm_basics/coverage_counter --ros-args -r __node:=coverage_counter --params-file /tmp/launch_params_ea4im6r3 --params-file /tmp/launch_params_32yjnd_y --params-file /tmp/launch_params_s13zeppr --params-file /tmp/launch_params_e06w2bpt --params-file /tmp/launch_params_lnx8xqll --params-file /tmp/launch_params_tidgxnmv'].
[ERROR] [bump_counter-3]: process has died [pid 379746, exit code 1, cmd '/home/ecem/ros2_ws/install/swarm_basics/lib/swarm_basics/bump_counter --ros-args -r __node:=bump_counter --params-file /tmp/launch_params_yr2r7jnd --params-file /tmp/launch_params_sx4p5tjl --params-file /tmp/launch_params_etkjioeg'].
[ERROR] [robot_supervisor-19]: process has died [pid 379826, exit code -2, cmd '/home/ecem/ros2_ws/install/swarm_basics/lib/swarm_basics/robot_supervisor --ros-args -r __node:=robot_supervisor -r __ns:=/robot_4 --params-file /tmp/launch_params_a5jkyjuv --params-file /tmp/launch_params_dwo_ijp9 --params-file /tmp/launch_params_9v0njo5e --params-file /tmp/launch_params_vxsg0n0z'].
[ERROR] [robot_supervisor-16]: process has died [pid 379774, exit code -2, cmd '/home/ecem/ros2_ws/install/swarm_basics/lib/swarm_basics/robot_supervisor --ros-args -r __node:=robot_supervisor -r __ns:=/robot_3 --params-file /tmp/launch_params_w2sir5ay --params-file /tmp/launch_params_dfa8goyt --params-file /tmp/launch_params_h11v687g --params-file /tmp/launch_params_e528g9gg'].
[ERROR] [robot_supervisor-13]: process has died [pid 379768, exit code -2, cmd '/home/ecem/ros2_ws/install/swarm_basics/lib/swarm_basics/robot_supervisor --ros-args -r __node:=robot_supervisor -r __ns:=/robot_2 --params-file /tmp/launch_params_qia3l6j0 --params-file /tmp/launch_params_vob36ixv --params-file /tmp/launch_params_lqa4sox9 --params-file /tmp/launch_params_kojbonfd'].
[ERROR] [robot_supervisor-10]: process has died [pid 379762, exit code -2, cmd '/home/ecem/ros2_ws/install/swarm_basics/lib/swarm_basics/robot_supervisor --ros-args -r __node:=robot_supervisor -r __ns:=/robot_1 --params-file /tmp/launch_params_8d0_izz1 --params-file /tmp/launch_params_z4qzkvcl --params-file /tmp/launch_params_fxscrwpm --params-file /tmp/launch_params_rqme1mgm'].
[ERROR] [robot_supervisor-7]: process has died [pid 379754, exit code -2, cmd '/home/ecem/ros2_ws/install/swarm_basics/lib/swarm_basics/robot_supervisor --ros-args -r __node:=robot_supervisor -r __ns:=/robot_0 --params-file /tmp/launch_params_y1tbz2zg --params-file /tmp/launch_params_db2vknp6 --params-file /tmp/launch_params_88zg2g6k --params-file /tmp/launch_params__fafamkb'].
