stamp_sec,stamp_nsec,robot,x,y
1777492131,653150292,robot_2,1.631,1.880
1777492131,653180286,robot_4,0.241,3.400
1777492131,653193936,robot_0,-2.176,-0.615
1777492131,653204941,robot_3,0.807,0.273
1777492131,653215330,robot_1,3.055,-2.670
1777492132,829098819,robot_2,1.631,1.880
1777492132,829117708,robot_4,0.241,3.400
1777492132,829125632,robot_0,-2.176,-0.615
1777492132,829131376,robot_3,0.807,0.273
1777492132,829136800,robot_1,3.055,-2.670
1777492133,29570030,robot_2,1.647,1.898
1777492133,29588503,robot_4,0.254,3.388
1777492133,29595666,robot_0,-2.164,-0.590
1777492133,29601624,robot_3,0.787,0.292
1777492133,29607255,robot_1,3.053,-2.691
1777492133,248807302,robot_2,1.677,1.933
1777492133,248826316,robot_4,0.282,3.363
1777492133,248833035,robot_0,-2.143,-0.546
1777492133,248838686,robot_3,0.747,0.337
1777492133,248844011,robot_1,3.048,-2.735
1777492133,450381009,robot_2,1.704,1.963
1777492133,450405653,robot_4,0.311,3.336
1777492133,450416035,robot_0,-2.126,-0.510
1777492133,450425069,robot_3,0.720,0.373
1777492133,450432884,robot_1,3.043,-2.775
1777492133,650428096,robot_2,1.730,1.993
1777492133,650452765,robot_4,0.341,3.309
1777492133,650464835,robot_0,-2.109,-0.474
1777492133,650474159,robot_3,0.699,0.407
1777492133,650482665,robot_1,3.037,-2.828
1777492133,869447935,robot_2,1.769,2.040
1777492133,869482944,robot_4,0.378,3.275
1777492133,869490641,robot_0,-2.095,-0.444
1777492133,869498173,robot_3,0.675,0.444
1777492133,869504814,robot_1,3.031,-2.880
1777492134,70291056,robot_2,1.811,2.090
1777492134,70317708,robot_4,0.421,3.234
1777492134,70332406,robot_0,-2.081,-0.415
1777492134,70344090,robot_3,0.644,0.496
1777492134,70352988,robot_1,3.027,-2.920
1777492134,289258003,robot_2,1.853,2.148
1777492134,289276187,robot_4,0.459,3.190
1777492134,289283012,robot_0,-2.062,-0.375
1777492134,289288470,robot_3,0.610,0.553
1777492134,289294248,robot_1,3.022,-2.963
1777492134,510228976,robot_2,1.891,2.208
1777492134,510256480,robot_4,0.492,3.141
1777492134,510264555,robot_0,-2.043,-0.335
1777492134,510271207,robot_3,0.582,0.613
1777492134,510277266,robot_1,3.014,-3.027
1777492134,728574360,robot_2,1.925,2.269
1777492134,728592072,robot_4,0.519,3.089
1777492134,728599007,robot_0,-2.020,-0.287
1777492134,728604649,robot_3,0.558,0.674
1777492134,728609586,robot_1,3.006,-3.100
1777492134,930717071,robot_2,1.952,2.327
1777492134,930750301,robot_4,0.538,3.039
1777492134,930761058,robot_0,-1.998,-0.241
1777492134,930782825,robot_3,0.543,0.732
1777492134,930790881,robot_1,3.001,-3.140
1777492135,149918960,robot_2,1.979,2.392
1777492135,149941496,robot_4,0.552,2.982
1777492135,149960926,robot_0,-1.979,-0.201
1777492135,149968594,robot_3,0.531,0.797
1777492135,149975969,robot_1,2.996,-3.183
1777492135,350214947,robot_2,1.996,2.443
1777492135,350241805,robot_4,0.559,2.930
1777492135,350249760,robot_0,-1.962,-0.165
1777492135,350255809,robot_3,0.525,0.857
1777492135,350261249,robot_1,3.012,-3.208
1777492135,570453760,robot_2,2.009,2.485
1777492135,570486094,robot_4,0.559,2.884
1777492135,570494333,robot_0,-1.941,-0.121
1777492135,570501872,robot_3,0.523,0.911
1777492135,570509798,robot_1,3.017,-3.209
1777492135,790121818,robot_2,2.021,2.527
1777492135,790139888,robot_4,0.557,2.840
1777492135,790147754,robot_0,-1.916,-0.068
1777492135,790154339,robot_3,0.525,0.955
1777492135,790159935,robot_1,3.017,-3.209
1777492136,9833811,robot_2,2.031,2.561
1777492136,9858579,robot_4,0.554,2.787
1777492136,9869922,robot_0,-1.897,-0.028
1777492136,9879381,robot_3,0.528,0.999
1777492136,9888052,robot_1,3.017,-3.209
1777492136,228853998,robot_2,2.041,2.597
1777492136,228871464,robot_4,0.553,2.723
1777492136,228880689,robot_0,-1.878,0.012
1777492136,228901398,robot_3,0.532,1.061
1777492136,228913420,robot_1,3.017,-3.209
1777492136,429848360,robot_2,2.053,2.635
1777492136,429872641,robot_4,0.557,2.669
1777492136,429884163,robot_0,-1.859,0.050
1777492136,429896922,robot_3,0.534,1.108
1777492136,429907740,robot_1,3.017,-3.209
1777492136,630141746,robot_2,2.064,2.674
1777492136,630165763,robot_4,0.567,2.616
1777492136,630176565,robot_0,-1.827,0.117
1777492136,630185830,robot_3,0.537,1.148
1777492136,630194038,robot_1,3.017,-3.209
1777492136,849712861,robot_2,2.075,2.711
1777492136,849738149,robot_4,0.584,2.559
1777492136,849745359,robot_0,-1.801,0.172
1777492136,849750886,robot_3,0.540,1.192
1777492136,849756665,robot_1,3.017,-3.209
1777492137,49847035,robot_2,2.082,2.742
1777492137,49870065,robot_4,0.605,2.509
1777492137,49879233,robot_0,-1.784,0.208
1777492137,49887003,robot_3,0.541,1.222
1777492137,49898303,robot_1,3.017,-3.209
1777492137,250163298,robot_2,2.087,2.773
1777492137,250185562,robot_4,0.631,2.461
1777492137,250195518,robot_0,-1.767,0.244
1777492137,250203157,robot_3,0.543,1.249
1777492137,250210458,robot_1,3.017,-3.209
1777492137,468961765,robot_2,2.090,2.808
1777492137,468979938,robot_4,0.664,2.414
1777492137,468987057,robot_0,-1.737,0.307
1777492137,468992729,robot_3,0.546,1.293
1777492137,468997921,robot_1,3.017,-3.209
1777492137,670268474,robot_2,2.090,2.839
1777492137,670293134,robot_4,0.690,2.384
1777492137,670303858,robot_0,-1.708,0.368
1777492137,670311958,robot_3,0.548,1.333
1777492137,670319437,robot_1,3.017,-3.209
1777492137,890529843,robot_2,2.086,2.874
1777492137,890574512,robot_4,0.720,2.352
1777492137,890595823,robot_0,-1.689,0.408
1777492137,890608476,robot_3,0.551,1.384
1777492137,890619617,robot_1,3.017,-3.209
1777492138,108785025,robot_2,2.079,2.908
1777492138,108810701,robot_4,0.752,2.319
1777492138,108817760,robot_0,-1.670,0.448
1777492138,108824479,robot_3,0.555,1.449
1777492138,108830594,robot_1,3.017,-3.209
1777492138,309057200,robot_2,2.070,2.941
1777492138,309080555,robot_4,0.781,2.286
1777492138,309087813,robot_0,-1.650,0.489
1777492138,309093613,robot_3,0.558,1.490
1777492138,309099033,robot_1,3.017,-3.209
1777492138,509686448,robot_2,2.056,2.979
1777492138,509708604,robot_4,0.806,2.251
1777492138,509718100,robot_0,-1.629,0.534
1777492138,509725846,robot_3,0.560,1.530
1777492138,509733502,robot_1,3.017,-3.209
1777492138,730010404,robot_2,2.041,3.020
1777492138,730055757,robot_4,0.828,2.208
1777492138,730068087,robot_0,-1.610,0.574
1777492138,730079752,robot_3,0.563,1.575
1777492138,730090538,robot_1,3.017,-3.209
1777492138,930743638,robot_2,2.027,3.060
1777492138,930771897,robot_4,0.842,2.169
1777492138,930785792,robot_0,-1.593,0.610
1777492138,930798376,robot_3,0.566,1.631
1777492138,930805083,robot_1,3.017,-3.209
1777492139,149811814,robot_2,2.011,3.108
1777492139,149836123,robot_4,0.893,2.147
1777492139,149846541,robot_0,-1.572,0.654
1777492139,149855573,robot_3,0.543,1.662
1777492139,149863329,robot_1,3.017,-3.209
1777492139,368924899,robot_2,2.001,3.157
1777492139,368944048,robot_4,0.919,2.111
1777492139,368951074,robot_0,-1.542,0.717
1777492139,368956857,robot_3,0.521,1.693
1777492139,368962437,robot_1,3.017,-3.209
1777492139,589091849,robot_2,1.995,3.206
1777492139,589118654,robot_4,0.921,2.073
1777492139,589124819,robot_0,-1.521,0.760
1777492139,589130107,robot_3,0.506,1.713
1777492139,589135704,robot_1,3.017,-3.209
1777492139,789711498,robot_2,1.995,3.251
1777492139,789731795,robot_4,0.925,2.060
1777492139,789739776,robot_0,-1.504,0.796
1777492139,789745520,robot_3,0.505,1.745
1777492139,789750784,robot_1,3.017,-3.209
1777492140,10511664,robot_2,2.000,3.301
1777492140,10531831,robot_4,0.928,2.048
1777492140,10539942,robot_0,-1.485,0.836
1777492140,10546534,robot_3,0.501,1.771
1777492140,10553132,robot_1,3.017,-3.209
1777492140,228880952,robot_2,2.009,3.350
1777492140,228901022,robot_4,0.916,2.030
1777492140,228907987,robot_0,-1.466,0.876
1777492140,228914315,robot_3,0.477,1.762
1777492140,228919432,robot_1,3.017,-3.209
1777492140,430612632,robot_2,2.022,3.391
1777492140,430662901,robot_4,0.917,2.033
1777492140,430682330,robot_0,-1.448,0.913
1777492140,430699875,robot_3,0.468,1.752
1777492140,430715240,robot_1,3.017,-3.209
1777492140,650803967,robot_2,2.037,3.432
1777492140,650842520,robot_4,0.923,2.046
1777492140,650859545,robot_0,-1.429,0.952
1777492140,650873302,robot_3,0.460,1.738
1777492140,650887465,robot_1,3.017,-3.209
1777492140,869880593,robot_2,2.053,3.473
1777492140,869910932,robot_4,0.930,2.060
1777492140,869922479,robot_0,-1.410,0.992
1777492140,869932573,robot_3,0.453,1.723
1777492140,869941662,robot_1,3.017,-3.209
1777492141,70607118,robot_2,2.072,3.520
1777492141,70641026,robot_4,0.936,2.075
1777492141,70651835,robot_0,-1.393,1.029
1777492141,70675660,robot_3,0.447,1.708
1777492141,70684251,robot_1,3.017,-3.209
1777492141,290628084,robot_2,2.096,3.573
1777492141,290661351,robot_4,0.941,2.094
1777492141,290677611,robot_0,-1.378,1.070
1777492141,290691286,robot_3,0.442,1.689
1777492141,290703340,robot_1,3.017,-3.209
1777492141,491628619,robot_2,2.122,3.617
1777492141,491663313,robot_4,0.944,2.112
1777492141,491680770,robot_0,-1.368,1.109
1777492141,491694463,robot_3,0.439,1.671
1777492141,491707292,robot_1,3.017,-3.209
1777492141,710011694,robot_2,2.157,3.661
1777492141,710027573,robot_4,0.944,2.115
1777492141,710034441,robot_0,-1.365,1.154
1777492141,710040114,robot_3,0.439,1.668
1777492141,710044966,robot_1,3.017,-3.209
1777492141,929616183,robot_2,2.197,3.700
1777492141,929634886,robot_4,0.943,2.115
1777492141,929641961,robot_0,-1.368,1.198
1777492141,929647877,robot_3,0.440,1.668
1777492141,929653221,robot_1,3.017,-3.209
1777492142,130903958,robot_2,2.238,3.730
1777492142,130932587,robot_4,0.943,2.114
1777492142,130946267,robot_0,-1.376,1.237
1777492142,130957640,robot_3,0.440,1.669
1777492142,130968165,robot_1,3.017,-3.209
1777492142,349724176,robot_2,2.287,3.758
1777492142,349745098,robot_4,0.943,2.114
1777492142,349752436,robot_0,-1.391,1.279
1777492142,349758410,robot_3,0.440,1.668
1777492142,349764021,robot_1,3.017,-3.209
1777492142,550551740,robot_2,2.320,3.773
1777492142,550576982,robot_4,0.943,2.114
1777492142,550588015,robot_0,-1.410,1.314
1777492142,550596927,robot_3,0.440,1.669
1777492142,550605439,robot_1,3.017,-3.209
1777492142,769839442,robot_2,2.320,3.773
1777492142,769868358,robot_4,0.942,2.114
1777492142,769882368,robot_0,-1.434,1.352
1777492142,769897129,robot_3,0.440,1.669
1777492142,769908872,robot_1,3.017,-3.209
1777492142,990369670,robot_2,2.320,3.773
1777492142,990409318,robot_4,0.942,2.114
1777492142,990426939,robot_0,-1.458,1.388
1777492142,990441910,robot_3,0.440,1.669
1777492142,990455819,robot_1,3.017,-3.209
1777492143,210488792,robot_2,2.320,3.773
1777492143,210519056,robot_4,0.942,2.114
1777492143,210530579,robot_0,-1.471,1.408
1777492143,210539121,robot_3,0.441,1.669
1777492143,210547705,robot_1,3.017,-3.209
1777492143,429794077,robot_2,2.320,3.773
1777492143,429828034,robot_4,0.941,2.113
1777492143,429843158,robot_0,-1.485,1.425
1777492143,429855979,robot_3,0.441,1.669
1777492143,429867378,robot_1,3.017,-3.209
1777492143,648960630,robot_2,2.320,3.772
1777492143,648985021,robot_4,0.941,2.113
1777492143,648992470,robot_0,-1.502,1.440
1777492143,648997818,robot_3,0.441,1.670
1777492143,649003119,robot_1,3.017,-3.209
1777492143,850027810,robot_2,2.321,3.772
1777492143,850047739,robot_4,0.941,2.112
1777492143,850054355,robot_0,-1.518,1.452
1777492143,850060368,robot_3,0.441,1.670
1777492143,850065671,robot_1,3.017,-3.209
1777492144,68579211,robot_2,2.321,3.772
1777492144,68596992,robot_4,0.936,2.124
1777492144,68602866,robot_0,-1.538,1.461
1777492144,68608319,robot_3,0.446,1.658
1777492144,68613372,robot_1,3.017,-3.209
1777492144,270368022,robot_2,2.321,3.772
1777492144,270401232,robot_4,0.936,2.129
1777492144,270414794,robot_0,-1.558,1.467
1777492144,270424995,robot_3,0.446,1.654
1777492144,270435828,robot_1,3.017,-3.209
1777492144,488888050,robot_2,2.322,3.772
1777492144,488909487,robot_4,0.936,2.128
1777492144,488916469,robot_0,-1.580,1.471
1777492144,488922325,robot_3,0.446,1.654
1777492144,488927646,robot_1,3.017,-3.209
1777492144,690761712,robot_2,2.322,3.772
1777492144,690781875,robot_4,0.936,2.128
1777492144,690789842,robot_0,-1.618,1.471
1777492144,690795530,robot_3,0.446,1.654
1777492144,690801314,robot_1,3.017,-3.209
1777492144,909280324,robot_2,2.322,3.772
1777492144,909298900,robot_4,0.936,2.128
1777492144,909306633,robot_0,-1.662,1.469
1777492144,909312351,robot_3,0.446,1.654
1777492144,909318030,robot_1,3.017,-3.209
1777492145,109505262,robot_2,2.322,3.772
1777492145,109530224,robot_4,0.968,2.142
1777492145,109538641,robot_0,-1.701,1.467
1777492145,109545920,robot_3,0.446,1.654
1777492145,109553106,robot_1,3.017,-3.209
1777492145,309753767,robot_2,2.322,3.772
1777492145,309776703,robot_4,1.011,2.159
1777492145,309783056,robot_0,-1.731,1.465
1777492145,309788610,robot_3,0.446,1.654
1777492145,309793978,robot_1,3.017,-3.209
1777492145,528581877,robot_2,2.322,3.772
1777492145,528599407,robot_4,1.062,2.181
1777492145,528606556,robot_0,-1.771,1.463
1777492145,528612057,robot_3,0.445,1.655
1777492145,528617256,robot_1,3.017,-3.209
1777492145,728766857,robot_2,2.322,3.772
1777492145,728783651,robot_4,1.098,2.196
1777492145,728789704,robot_0,-1.811,1.461
1777492145,728794713,robot_3,0.445,1.655
1777492145,728800182,robot_1,3.017,-3.209
1777492145,948746523,robot_2,2.323,3.773
1777492145,948764722,robot_4,1.139,2.213
1777492145,948771778,robot_0,-1.855,1.458
1777492145,948777311,robot_3,0.445,1.655
1777492145,948782263,robot_1,3.017,-3.209
1777492146,149459957,robot_2,2.323,3.773
1777492146,149484319,robot_4,1.174,2.228
1777492146,149494759,robot_0,-1.899,1.455
1777492146,149503440,robot_3,0.444,1.655
1777492146,149511952,robot_1,3.017,-3.209
1777492146,349609045,robot_2,2.323,3.773
1777492146,349629203,robot_4,1.201,2.240
1777492146,349636376,robot_0,-1.944,1.450
1777492146,349641970,robot_3,0.444,1.655
1777492146,349647395,robot_1,3.017,-3.209
1777492146,569775091,robot_2,2.323,3.774
1777492146,569796820,robot_4,1.239,2.255
1777492146,569806111,robot_0,-1.991,1.438
1777492146,569813235,robot_3,0.443,1.655
1777492146,569821238,robot_1,3.017,-3.209
1777492146,788839523,robot_2,2.323,3.774
1777492146,788871097,robot_4,1.279,2.273
1777492146,788878505,robot_0,-2.035,1.419
1777492146,788898564,robot_3,0.443,1.655
1777492146,788904912,robot_1,3.017,-3.209
1777492146,989245137,robot_2,2.323,3.774
1777492146,989264560,robot_4,1.316,2.288
1777492146,989271087,robot_0,-2.070,1.400
1777492146,989277667,robot_3,0.451,1.625
1777492146,989282904,robot_1,3.017,-3.209
1777492147,209864658,robot_2,2.323,3.774
1777492147,209882956,robot_4,1.382,2.316
1777492147,209889436,robot_0,-2.108,1.378
1777492147,209898089,robot_3,0.466,1.570
1777492147,209903187,robot_1,3.017,-3.209
1777492147,409908885,robot_2,2.314,3.772
1777492147,409931871,robot_4,1.436,2.338
1777492147,409941000,robot_0,-2.139,1.359
1777492147,409949253,robot_3,0.485,1.501
1777492147,409957187,robot_1,3.017,-3.209
1777492147,610198406,robot_2,2.276,3.760
1777492147,610218099,robot_4,1.472,2.354
1777492147,610226296,robot_0,-2.169,1.342
1777492147,610233284,robot_3,0.497,1.460
1777492147,610239309,robot_1,3.017,-3.209
1777492147,810316026,robot_2,2.241,3.749
1777492147,810338827,robot_4,1.509,2.370
1777492147,810346986,robot_0,-2.203,1.321
1777492147,810352924,robot_3,0.507,1.422
1777492147,810358164,robot_1,3.017,-3.209
1777492148,30442594,robot_2,2.202,3.736
1777492148,30467972,robot_4,1.563,2.392
1777492148,30479092,robot_0,-2.241,1.299
1777492148,30489032,robot_3,0.519,1.381
1777492148,30499101,robot_1,3.017,-3.209
1777492148,250331113,robot_2,2.160,3.723
1777492148,250354891,robot_4,1.630,2.421
1777492148,250361908,robot_0,-2.283,1.274
1777492148,250368340,robot_3,0.526,1.354
1777492148,250374728,robot_1,3.017,-3.209
1777492148,450972098,robot_2,2.121,3.711
1777492148,450998570,robot_4,1.667,2.436
1777492148,451009725,robot_0,-2.335,1.242
1777492148,451018964,robot_3,0.536,1.331
1777492148,451027934,robot_1,3.017,-3.209
1777492148,669973476,robot_2,2.088,3.700
1777492148,670001408,robot_4,1.708,2.453
1777492148,670009685,robot_0,-2.389,1.203
1777492148,670015979,robot_3,0.549,1.308
1777492148,670022563,robot_1,3.017,-3.209
1777492148,888495839,robot_2,2.057,3.690
1777492148,888513322,robot_4,1.745,2.469
1777492148,888520208,robot_0,-2.439,1.161
1777492148,888525859,robot_3,0.567,1.286
1777492148,888531480,robot_1,3.017,-3.209
1777492149,90493942,robot_2,2.019,3.678
1777492149,90539105,robot_4,1.772,2.479
1777492149,90562117,robot_0,-2.482,1.118
1777492149,90582067,robot_3,0.585,1.270
1777492149,90601278,robot_1,3.017,-3.209
1777492149,290722275,robot_2,1.981,3.666
1777492149,290746465,robot_4,1.801,2.487
1777492149,290754828,robot_0,-2.521,1.072
1777492149,290761463,robot_3,0.606,1.256
1777492149,290768725,robot_1,3.017,-3.209
1777492149,509593253,robot_2,1.931,3.651
1777492149,509622549,robot_4,1.833,2.492
1777492149,509631097,robot_0,-2.561,1.019
1777492149,509638695,robot_3,0.631,1.244
1777492149,509645653,robot_1,3.017,-3.209
1777492149,709844415,robot_2,1.866,3.630
1777492149,709861771,robot_4,1.863,2.493
1777492149,709868363,robot_0,-2.592,0.968
1777492149,709882406,robot_3,0.668,1.232
1777492149,709887612,robot_1,3.017,-3.209
1777492149,909901778,robot_2,1.823,3.616
1777492149,909921562,robot_4,1.892,2.491
1777492149,909928135,robot_0,-2.612,0.933
1777492149,909934450,robot_3,0.707,1.223
1777492149,909939902,robot_1,3.017,-3.209
1777492150,110173087,robot_2,1.784,3.604
1777492150,110192663,robot_4,1.921,2.485
1777492150,110200648,robot_0,-2.630,0.897
1777492150,110207785,robot_3,0.746,1.213
1777492150,110214026,robot_1,3.017,-3.209
1777492150,330761430,robot_2,1.742,3.591
1777492150,330786085,robot_4,1.953,2.474
1777492150,330793567,robot_0,-2.651,0.856
1777492150,330800065,robot_3,0.768,1.208
1777492150,330806262,robot_1,3.017,-3.209
1777492150,550082486,robot_2,1.675,3.570
1777492150,550100916,robot_4,1.993,2.455
1777492150,550107769,robot_0,-2.687,0.785
1777492150,550113362,robot_3,0.789,1.201
1777492150,550118432,robot_1,3.017,-3.209
1777492150,750192438,robot_2,1.623,3.553
1777492150,750220239,robot_4,2.028,2.436
1777492150,750229562,robot_0,-2.710,0.740
1777492150,750238349,robot_3,0.808,1.192
1777492150,750247235,robot_1,3.017,-3.209
1777492150,950602514,robot_2,1.585,3.541
1777492150,950626240,robot_4,2.066,2.417
1777492150,950636319,robot_0,-2.728,0.704
1777492150,950644742,robot_3,0.826,1.182
1777492150,950653075,robot_1,3.017,-3.209
1777492151,169831941,robot_2,1.543,3.528
1777492151,169870547,robot_4,2.139,2.379
1777492151,169885200,robot_0,-2.748,0.665
1777492151,169906965,robot_3,0.844,1.169
1777492151,169920643,robot_1,3.017,-3.209
1777492151,391089250,robot_2,1.505,3.516
1777492151,391117039,robot_4,2.190,2.353
1777492151,391129021,robot_0,-2.779,0.603
1777492151,391138281,robot_3,0.860,1.154
1777492151,391147646,robot_1,3.017,-3.209
1777492151,610425155,robot_2,1.467,3.504
1777492151,610445109,robot_4,2.229,2.332
1777492151,610452366,robot_0,-2.807,0.549
1777492151,610460640,robot_3,0.875,1.137
1777492151,610466576,robot_1,3.017,-3.209
1777492151,829283094,robot_2,1.425,3.490
1777492151,829302739,robot_4,2.269,2.312
1777492151,829311802,robot_0,-2.827,0.510
1777492151,829318008,robot_3,0.900,1.102
1777492151,829323326,robot_1,3.017,-3.209
1777492152,30653702,robot_2,1.386,3.478
1777492152,30684822,robot_4,2.323,2.284
1777492152,30695239,robot_0,-2.846,0.474
1777492152,30703533,robot_3,0.922,1.069
1777492152,30712261,robot_1,3.017,-3.209
1777492152,249963651,robot_2,1.351,3.467
1777492152,249993810,robot_4,2.371,2.259
1777492152,250002752,robot_0,-2.862,0.441
1777492152,250011631,robot_3,0.947,1.031
1777492152,250019501,robot_1,3.017,-3.209
1777492152,450277727,robot_2,1.325,3.460
1777492152,450295812,robot_4,2.403,2.242
1777492152,450302786,robot_0,-2.878,0.411
1777492152,450309090,robot_3,0.973,0.993
1777492152,450315378,robot_1,3.017,-3.209
1777492152,668977719,robot_2,1.295,3.456
1777492152,669001887,robot_4,2.404,2.242
1777492152,669008364,robot_0,-2.898,0.372
1777492152,669014184,robot_3,1.005,0.953
1777492152,669030070,robot_1,3.017,-3.209
1777492152,869426965,robot_2,1.267,3.455
1777492152,869451779,robot_4,2.404,2.242
1777492152,869461683,robot_0,-2.916,0.336
1777492152,869470995,robot_3,1.035,0.919
1777492152,869478922,robot_1,3.017,-3.209
1777492153,70141456,robot_2,1.240,3.457
1777492153,70162454,robot_4,2.404,2.242
1777492153,70170405,robot_0,-2.936,0.297
1777492153,70177072,robot_3,1.069,0.887
1777492153,70183234,robot_1,3.017,-3.209
1777492153,290097223,robot_2,1.210,3.463
1777492153,290127682,robot_4,2.404,2.242
1777492153,290143138,robot_0,-2.963,0.248
1777492153,290155956,robot_3,1.107,0.854
1777492153,290168047,robot_1,3.017,-3.209
1777492153,509361370,robot_2,1.182,3.473
1777492153,509389766,robot_4,2.404,2.242
1777492153,509397358,robot_0,-2.994,0.201
1777492153,509404346,robot_3,1.149,0.824
1777492153,509411117,robot_1,3.017,-3.209
1777492153,729874363,robot_2,1.150,3.490
1777492153,729900408,robot_4,2.404,2.242
1777492153,729912566,robot_0,-3.029,0.157
1777492153,729934894,robot_3,1.191,0.798
1777492153,729942397,robot_1,3.017,-3.209
1777492153,949698418,robot_2,1.113,3.513
1777492153,949718412,robot_4,2.404,2.242
1777492153,949725144,robot_0,-3.067,0.116
1777492153,949731271,robot_3,1.230,0.777
1777492153,949737358,robot_1,3.017,-3.209
1777492154,149903589,robot_2,1.079,3.535
1777492154,149938064,robot_4,2.404,2.242
1777492154,149947977,robot_0,-3.105,0.082
1777492154,149957285,robot_3,1.265,0.759
1777492154,149966703,robot_1,3.017,-3.209
1777492154,369788605,robot_2,1.034,3.564
1777492154,369811366,robot_4,2.404,2.242
1777492154,369820176,robot_0,-3.150,0.048
1777492154,369827821,robot_3,1.300,0.740
1777492154,369834368,robot_1,3.017,-3.209
1777492154,589694552,robot_2,0.987,3.595
1777492154,589713030,robot_4,2.404,2.242
1777492154,589720060,robot_0,-3.194,0.021
1777492154,589726680,robot_3,1.324,0.728
1777492154,589732785,robot_1,3.017,-3.209
1777492154,810277705,robot_2,0.950,3.619
1777492154,810298765,robot_4,2.404,2.242
1777492154,810306205,robot_0,-3.232,-0.001
1777492154,810319791,robot_3,1.349,0.719
1777492154,810324982,robot_1,3.017,-3.209
1777492155,29879448,robot_2,0.913,3.643
1777492155,29909801,robot_4,2.404,2.242
1777492155,29920828,robot_0,-3.271,-0.022
1777492155,29929654,robot_3,1.375,0.712
1777492155,29937367,robot_1,3.017,-3.209
1777492155,230196154,robot_2,0.874,3.667
1777492155,230222402,robot_4,2.404,2.242
1777492155,230240111,robot_0,-3.321,-0.050
1777492155,230250829,robot_3,1.399,0.709
1777492155,230260592,robot_1,3.017,-3.209
1777492155,430737000,robot_2,0.831,3.696
1777492155,430763738,robot_4,2.404,2.242
1777492155,430775779,robot_0,-3.382,-0.081
1777492155,430786407,robot_3,1.423,0.708
1777492155,430795732,robot_1,3.017,-3.209
1777492155,650259559,robot_2,0.794,3.720
1777492155,650299924,robot_4,2.404,2.242
1777492155,650314711,robot_0,-3.450,-0.114
1777492155,650327390,robot_3,1.450,0.710
1777492155,650339074,robot_1,3.017,-3.209
1777492155,868609756,robot_2,0.757,3.744
1777492155,868629620,robot_4,2.404,2.242
1777492155,868636589,robot_0,-3.519,-0.144
1777492155,868642687,robot_3,1.481,0.716
1777492155,868647551,robot_1,3.017,-3.209
1777492156,68646033,robot_2,0.725,3.764
1777492156,68662772,robot_4,2.404,2.242
1777492156,68669078,robot_0,-3.582,-0.170
1777492156,68675023,robot_3,1.519,0.726
1777492156,68679905,robot_1,3.017,-3.209
1777492156,270393679,robot_2,0.701,3.780
1777492156,270422250,robot_4,2.404,2.242
1777492156,270431810,robot_0,-3.647,-0.193
1777492156,270441657,robot_3,1.557,0.738
1777492156,270448782,robot_1,3.017,-3.209
1777492156,489219227,robot_2,0.667,3.802
1777492156,489236993,robot_4,2.404,2.242
1777492156,489243447,robot_0,-3.718,-0.216
1777492156,489250395,robot_3,1.594,0.749
1777492156,489256871,robot_1,3.017,-3.209
1777492156,690096606,robot_2,0.633,3.824
1777492156,690123959,robot_4,2.404,2.242
1777492156,690135699,robot_0,-3.777,-0.232
1777492156,690145898,robot_3,1.620,0.756
1777492156,690155464,robot_1,3.017,-3.209
1777492156,910691304,robot_2,0.596,3.848
1777492156,910715504,robot_4,2.404,2.242
1777492156,910725113,robot_0,-3.819,-0.243
1777492156,910733834,robot_3,1.661,0.768
1777492156,910741500,robot_1,3.017,-3.209
1777492157,128607238,robot_2,0.541,3.883
1777492157,128625996,robot_4,2.404,2.242
1777492157,128632579,robot_0,-3.862,-0.253
1777492157,128638257,robot_3,1.703,0.781
1777492157,128643805,robot_1,3.017,-3.209
1777492157,330192294,robot_2,0.495,3.913
1777492157,330221841,robot_4,2.404,2.242
1777492157,330233710,robot_0,-3.909,-0.265
1777492157,330243528,robot_3,1.740,0.792
1777492157,330253564,robot_1,3.017,-3.209
1777492157,550057626,robot_2,0.458,3.937
1777492157,550075606,robot_4,2.404,2.242
1777492157,550082236,robot_0,-3.962,-0.277
1777492157,550087693,robot_3,1.764,0.799
1777492157,550092502,robot_1,3.017,-3.209
1777492157,750339545,robot_2,0.424,3.959
1777492157,750365359,robot_4,2.404,2.242
1777492157,750373012,robot_0,-4.001,-0.287
1777492157,750389989,robot_3,1.771,0.801
1777492157,750396009,robot_1,3.017,-3.209
1777492157,950353775,robot_2,0.379,3.989
1777492157,950390238,robot_4,2.404,2.242
1777492157,950401508,robot_0,-4.040,-0.296
1777492157,950412537,robot_3,1.771,0.801
1777492157,950422180,robot_1,3.017,-3.209
1777492158,150683090,robot_2,0.319,4.027
1777492158,150724141,robot_4,2.404,2.242
1777492158,150734272,robot_0,-4.078,-0.305
1777492158,150744067,robot_3,1.771,0.801
1777492158,150753055,robot_1,3.017,-3.209
1777492158,370332113,robot_2,0.281,4.052
1777492158,370358092,robot_4,2.404,2.242
1777492158,370369016,robot_0,-4.120,-0.316
1777492158,370378190,robot_3,1.771,0.801
1777492158,370386775,robot_1,3.017,-3.209
1777492158,589779336,robot_2,0.244,4.076
1777492158,589813799,robot_4,2.404,2.242
1777492158,589828333,robot_0,-4.163,-0.326
1777492158,589840720,robot_3,1.771,0.801
1777492158,589851830,robot_1,3.017,-3.209
1777492158,790215900,robot_2,0.213,4.096
1777492158,790237956,robot_4,2.404,2.242
1777492158,790247133,robot_0,-4.202,-0.335
1777492158,790254836,robot_3,1.771,0.801
1777492158,790262220,robot_1,3.017,-3.209
1777492159,9578821,robot_2,0.187,4.112
1777492159,9614682,robot_4,2.404,2.242
1777492159,9626251,robot_0,-4.246,-0.346
1777492159,9636837,robot_3,1.771,0.801
1777492159,9647326,robot_1,3.017,-3.209
1777492159,229948339,robot_2,0.160,4.126
1777492159,229966595,robot_4,2.404,2.242
1777492159,229973674,robot_0,-4.312,-0.362
1777492159,229980270,robot_3,1.771,0.801
1777492159,229986249,robot_1,3.017,-3.209
1777492159,450071047,robot_2,0.132,4.137
1777492159,450097169,robot_4,2.404,2.242
1777492159,450107899,robot_0,-4.363,-0.374
1777492159,450117439,robot_3,1.771,0.801
1777492159,450126362,robot_1,3.017,-3.209
1777492159,650274323,robot_2,0.105,4.146
1777492159,650302655,robot_4,2.404,2.242
1777492159,650311705,robot_0,-4.402,-0.384
1777492159,650320318,robot_3,1.771,0.801
1777492159,650327173,robot_1,3.017,-3.209
1777492159,869554857,robot_2,0.076,4.153
1777492159,869574840,robot_4,2.404,2.242
1777492159,869582007,robot_0,-4.445,-0.394
1777492159,869587992,robot_3,1.771,0.801
1777492159,869593724,robot_1,3.017,-3.209
1777492160,69966136,robot_2,0.048,4.157
1777492160,69992000,robot_4,2.404,2.242
1777492160,70002421,robot_0,-4.507,-0.409
1777492160,70012401,robot_3,1.771,0.801
1777492160,70020962,robot_1,3.017,-3.209
1777492160,288825343,robot_2,0.015,4.159
1777492160,288847538,robot_4,2.404,2.242
1777492160,288853746,robot_0,-4.575,-0.428
1777492160,288859594,robot_3,1.771,0.801
1777492160,288865295,robot_1,3.017,-3.209
1777492160,490355777,robot_2,-0.025,4.159
1777492160,490401631,robot_4,2.404,2.242
1777492160,490412982,robot_0,-4.635,-0.449
1777492160,490424281,robot_3,1.771,0.801
1777492160,490434308,robot_1,3.017,-3.209
1777492160,710581927,robot_2,-0.069,4.159
1777492160,710616824,robot_4,2.404,2.242
1777492160,710631346,robot_0,-4.686,-0.479
1777492160,710643299,robot_3,1.771,0.801
1777492160,710654493,robot_1,3.017,-3.209
1777492160,930059399,robot_2,-0.124,4.159
1777492160,930087742,robot_4,2.404,2.242
1777492160,930096155,robot_0,-4.705,-0.522
1777492160,930103622,robot_3,1.771,0.801
1777492160,930110157,robot_1,3.017,-3.209
1777492161,150823963,robot_2,-0.198,4.160
1777492161,150862240,robot_4,2.404,2.242
1777492161,150875413,robot_0,-4.730,-0.563
1777492161,150886856,robot_3,1.771,0.801
1777492161,150907270,robot_1,3.017,-3.209
1777492161,369814828,robot_2,-0.271,4.164
1777492161,369841131,robot_4,2.404,2.242
1777492161,369852813,robot_0,-4.751,-0.588
1777492161,369861999,robot_3,1.771,0.801
1777492161,369870210,robot_1,3.017,-3.209
1777492161,569819085,robot_2,-0.337,4.171
1777492161,569849467,robot_4,2.404,2.242
1777492161,569857479,robot_0,-4.750,-0.588
1777492161,569864298,robot_3,1.771,0.801
1777492161,569871003,robot_1,3.017,-3.209
1777492161,770734938,robot_2,-0.403,4.181
1777492161,770762172,robot_4,2.404,2.242
1777492161,770774025,robot_0,-4.749,-0.588
1777492161,770784687,robot_3,1.771,0.801
1777492161,770794366,robot_1,3.017,-3.209
1777492161,990708063,robot_2,-0.475,4.195
1777492161,990739206,robot_4,2.404,2.242
1777492161,990747719,robot_0,-4.749,-0.589
1777492161,990756071,robot_3,1.771,0.801
1777492161,990763535,robot_1,3.017,-3.209
1777492162,209509486,robot_2,-0.546,4.212
1777492162,209526101,robot_4,2.404,2.242
1777492162,209532864,robot_0,-4.749,-0.589
1777492162,209538674,robot_3,1.771,0.801
1777492162,209543840,robot_1,3.017,-3.209
1777492162,410298446,robot_2,-0.605,4.229
1777492162,410322793,robot_4,2.404,2.242
1777492162,410333019,robot_0,-4.749,-0.589
1777492162,410341820,robot_3,1.771,0.801
1777492162,410349681,robot_1,3.017,-3.209
1777492162,610528541,robot_2,-0.643,4.242
1777492162,610561887,robot_4,2.404,2.242
1777492162,610573662,robot_0,-4.749,-0.589
1777492162,610583226,robot_3,1.771,0.801
1777492162,610591876,robot_1,3.017,-3.209
1777492162,810811970,robot_2,-0.681,4.255
1777492162,810833505,robot_4,2.404,2.242
1777492162,810840606,robot_0,-4.749,-0.589
1777492162,810846805,robot_3,1.771,0.801
1777492162,810852717,robot_1,3.017,-3.209
1777492163,29899109,robot_2,-0.730,4.273
1777492163,29924763,robot_4,2.404,2.242
1777492163,29935352,robot_0,-4.749,-0.590
1777492163,29944516,robot_3,1.771,0.801
1777492163,29954103,robot_1,3.017,-3.209
1777492163,249894820,robot_2,-0.789,4.291
1777492163,249921759,robot_4,2.404,2.242
1777492163,249932507,robot_0,-4.749,-0.590
1777492163,249942944,robot_3,1.771,0.801
1777492163,249952731,robot_1,3.017,-3.209
1777492163,468794887,robot_2,-0.850,4.304
1777492163,468814604,robot_4,2.404,2.242
1777492163,468821462,robot_0,-4.749,-0.590
1777492163,468827776,robot_3,1.771,0.801
1777492163,468833758,robot_1,3.017,-3.209
1777492163,668948503,robot_2,-0.907,4.310
1777492163,668966657,robot_4,2.404,2.242
1777492163,668973066,robot_0,-4.749,-0.590
1777492163,668978516,robot_3,1.771,0.801
1777492163,668983698,robot_1,3.017,-3.209
1777492163,869797169,robot_2,-0.963,4.311
1777492163,869827627,robot_4,2.404,2.242
1777492163,869840230,robot_0,-4.749,-0.590
1777492163,869850007,robot_3,1.771,0.801
1777492163,869860019,robot_1,3.017,-3.209
1777492164,88995777,robot_2,-1.022,4.307
1777492164,89030352,robot_4,2.404,2.242
1777492164,89036442,robot_0,-4.749,-0.591
1777492164,89041949,robot_3,1.771,0.801
1777492164,89047849,robot_1,3.017,-3.209
1777492164,310541697,robot_2,-1.065,4.300
1777492164,310573903,robot_4,2.404,2.242
1777492164,310587371,robot_0,-4.749,-0.591
1777492164,310599171,robot_3,1.771,0.801
1777492164,310610037,robot_1,3.017,-3.209
1777492164,530267659,robot_2,-1.109,4.293
1777492164,530297859,robot_4,2.404,2.242
1777492164,530311135,robot_0,-4.749,-0.591
1777492164,530321972,robot_3,1.771,0.801
1777492164,530332660,robot_1,3.017,-3.209
1777492164,749431457,robot_2,-1.148,4.286
1777492164,749450746,robot_4,2.404,2.242
1777492164,749458390,robot_0,-4.749,-0.591
1777492164,749464737,robot_3,1.771,0.801
1777492164,749470919,robot_1,3.017,-3.209
1777492164,949992737,robot_2,-1.182,4.281
1777492164,950011791,robot_4,2.404,2.242
1777492164,950018431,robot_0,-4.749,-0.591
1777492164,950025116,robot_3,1.771,0.801
1777492164,950030343,robot_1,3.017,-3.209
1777492165,169727552,robot_2,-1.220,4.281
1777492165,169748738,robot_4,2.404,2.242
1777492165,169757492,robot_0,-4.749,-0.591
1777492165,169765474,robot_3,1.771,0.801
1777492165,169772978,robot_1,3.017,-3.209
1777492165,390295588,robot_2,-1.257,4.286
1777492165,390316248,robot_4,2.404,2.242
1777492165,390323746,robot_0,-4.749,-0.592
1777492165,390329752,robot_3,1.771,0.801
1777492165,390335002,robot_1,3.017,-3.209
1777492165,609945483,robot_2,-1.293,4.296
1777492165,609973784,robot_4,2.404,2.242
1777492165,609981826,robot_0,-4.749,-0.592
1777492165,609989329,robot_3,1.771,0.801
1777492165,609996296,robot_1,3.017,-3.209
1777492165,813480719,robot_2,-1.316,4.306
1777492165,813506723,robot_4,2.404,2.242
1777492165,813514735,robot_0,-4.749,-0.592
1777492165,813520985,robot_3,1.771,0.801
1777492165,813527146,robot_1,3.017,-3.209
1777492166,29699860,robot_2,-1.316,4.306
1777492166,29726345,robot_4,2.404,2.242
1777492166,29736645,robot_0,-4.749,-0.592
1777492166,29746305,robot_3,1.771,0.801
1777492166,29755517,robot_1,3.017,-3.209
1777492166,229775050,robot_2,-1.317,4.305
1777492166,229807221,robot_4,2.404,2.242
1777492166,229819698,robot_0,-4.749,-0.592
1777492166,229829209,robot_3,1.771,0.801
1777492166,229838682,robot_1,3.017,-3.209
1777492166,449406780,robot_2,-1.317,4.305
1777492166,449426000,robot_4,2.404,2.242
1777492166,449433749,robot_0,-4.749,-0.592
1777492166,449440105,robot_3,1.771,0.801
1777492166,449445886,robot_1,3.017,-3.209
1777492166,650627647,robot_2,-1.317,4.305
1777492166,650655604,robot_4,2.404,2.242
1777492166,650663706,robot_0,-4.749,-0.592
1777492166,650670552,robot_3,1.771,0.801
1777492166,650677820,robot_1,3.017,-3.209
1777492166,869654956,robot_2,-1.318,4.305
1777492166,869676100,robot_4,2.404,2.242
1777492166,869683950,robot_0,-4.749,-0.592
1777492166,869690418,robot_3,1.771,0.801
1777492166,869696531,robot_1,3.017,-3.209
1777492167,70222993,robot_2,-1.318,4.305
1777492167,70255175,robot_4,2.404,2.242
1777492167,70269141,robot_0,-4.749,-0.592
1777492167,70281809,robot_3,1.771,0.801
1777492167,70293684,robot_1,3.017,-3.209
1777492167,289543843,robot_2,-1.318,4.305
1777492167,289561319,robot_4,2.404,2.242
1777492167,289568353,robot_0,-4.749,-0.592
1777492167,289574135,robot_3,1.771,0.801
1777492167,289579897,robot_1,3.017,-3.209
1777492167,490249640,robot_2,-1.319,4.305
1777492167,490273021,robot_4,2.404,2.242
1777492167,490283305,robot_0,-4.749,-0.592
1777492167,490291093,robot_3,1.771,0.801
1777492167,490298341,robot_1,3.017,-3.209
1777492167,709521829,robot_2,-1.319,4.305
1777492167,709538957,robot_4,2.404,2.242
1777492167,709546577,robot_0,-4.749,-0.593
1777492167,709551818,robot_3,1.771,0.801
1777492167,709556852,robot_1,3.017,-3.209
1777492167,910514761,robot_2,-1.319,4.305
1777492167,910543669,robot_4,2.404,2.242
1777492167,910555246,robot_0,-4.749,-0.593
1777492167,910565081,robot_3,1.771,0.801
1777492167,910573848,robot_1,3.017,-3.209
1777492168,129811576,robot_2,-1.319,4.305
1777492168,129836397,robot_4,2.404,2.242
1777492168,129846954,robot_0,-4.749,-0.593
1777492168,129855811,robot_3,1.771,0.801
1777492168,129863741,robot_1,3.017,-3.209
1777492168,331243094,robot_2,-1.319,4.305
1777492168,331264695,robot_4,2.404,2.242
1777492168,331272097,robot_0,-4.749,-0.593
1777492168,331278139,robot_3,1.771,0.801
1777492168,331283710,robot_1,3.017,-3.209
1777492168,548461109,robot_2,-1.319,4.305
1777492168,548478722,robot_4,2.404,2.242
1777492168,548485310,robot_0,-4.749,-0.593
1777492168,548490849,robot_3,1.771,0.801
1777492168,548495733,robot_1,3.017,-3.209
1777492168,749187658,robot_2,-1.319,4.305
1777492168,749205478,robot_4,2.404,2.242
1777492168,749212711,robot_0,-4.749,-0.593
1777492168,749218682,robot_3,1.771,0.801
1777492168,749224347,robot_1,3.017,-3.209
1777492168,950280543,robot_2,-1.319,4.305
1777492168,950308723,robot_4,2.404,2.242
1777492168,950320602,robot_0,-4.749,-0.593
1777492168,950331133,robot_3,1.771,0.801
1777492168,950341183,robot_1,3.017,-3.209
1777492169,170636260,robot_2,-1.319,4.305
1777492169,170676865,robot_4,2.404,2.242
1777492169,170691620,robot_0,-4.749,-0.593
1777492169,170704804,robot_3,1.771,0.801
1777492169,170716841,robot_1,3.017,-3.209
1777492169,390321735,robot_2,-1.319,4.305
1777492169,390348742,robot_4,2.404,2.242
1777492169,390360506,robot_0,-4.749,-0.593
1777492169,390370315,robot_3,1.771,0.801
1777492169,390378737,robot_1,3.017,-3.209
1777492169,609684903,robot_2,-1.319,4.305
1777492169,609703941,robot_4,2.404,2.242
1777492169,609712074,robot_0,-4.749,-0.593
1777492169,609718973,robot_3,1.771,0.801
1777492169,609724552,robot_1,3.017,-3.209
1777492169,829515873,robot_2,-1.319,4.305
1777492169,829536563,robot_4,2.404,2.242
1777492169,829543176,robot_0,-4.749,-0.593
1777492169,829548993,robot_3,1.771,0.801
1777492169,829554233,robot_1,3.017,-3.209
1777492170,30118241,robot_2,-1.319,4.305
1777492170,30149454,robot_4,2.404,2.242
1777492170,30164015,robot_0,-4.749,-0.593
1777492170,30176348,robot_3,1.771,0.801
1777492170,30188362,robot_1,3.017,-3.209
1777492170,230449161,robot_2,-1.319,4.305
1777492170,230482719,robot_4,2.404,2.242
1777492170,230497226,robot_0,-4.749,-0.593
1777492170,230509581,robot_3,1.771,0.801
1777492170,230521659,robot_1,3.017,-3.209
1777492170,450748559,robot_2,-1.319,4.305
1777492170,450769567,robot_4,2.404,2.242
1777492170,450777786,robot_0,-4.749,-0.593
1777492170,450785264,robot_3,1.771,0.801
1777492170,450791702,robot_1,3.017,-3.209
1777492170,669284018,robot_2,-1.319,4.305
1777492170,669300772,robot_4,2.404,2.242
1777492170,669308100,robot_0,-4.749,-0.593
1777492170,669317316,robot_3,1.771,0.801
1777492170,669324616,robot_1,3.017,-3.209
1777492170,869622003,robot_2,-1.319,4.305
1777492170,869643137,robot_4,2.404,2.242
1777492170,869651079,robot_0,-4.749,-0.593
1777492170,869658191,robot_3,1.771,0.801
1777492170,869664685,robot_1,3.017,-3.209
1777492171,69805292,robot_2,-1.319,4.305
1777492171,69823096,robot_4,2.404,2.242
1777492171,69829904,robot_0,-4.749,-0.593
1777492171,69835144,robot_3,1.771,0.801
1777492171,69840427,robot_1,3.017,-3.209
1777492171,270475351,robot_2,-1.319,4.305
1777492171,270504041,robot_4,2.404,2.242
1777492171,270514317,robot_0,-4.749,-0.593
1777492171,270535433,robot_3,1.771,0.801
1777492171,270543104,robot_1,3.017,-3.209
1777492171,489946299,robot_2,-1.319,4.305
1777492171,489967898,robot_4,2.404,2.242
1777492171,489976797,robot_0,-4.749,-0.593
1777492171,489984197,robot_3,1.771,0.801
1777492171,489991533,robot_1,3.017,-3.209
1777492171,690486634,robot_2,-1.319,4.305
1777492171,690512680,robot_4,2.404,2.242
1777492171,690525171,robot_0,-4.749,-0.593
1777492171,690535314,robot_3,1.771,0.801
1777492171,690544307,robot_1,3.017,-3.209
1777492171,890940298,robot_2,-1.319,4.305
1777492171,890974687,robot_4,2.404,2.242
1777492171,890989925,robot_0,-4.749,-0.593
1777492171,891002171,robot_3,1.771,0.801
1777492171,891014162,robot_1,3.017,-3.209
1777492172,109849971,robot_2,-1.319,4.305
1777492172,109880319,robot_4,2.404,2.242
1777492172,109893838,robot_0,-4.749,-0.593
1777492172,109902904,robot_3,1.771,0.801
1777492172,109910954,robot_1,3.017,-3.209
1777492172,331207134,robot_2,-1.319,4.305
1777492172,331229108,robot_4,2.404,2.242
1777492172,331237239,robot_0,-4.749,-0.593
1777492172,331243599,robot_3,1.771,0.801
1777492172,331248872,robot_1,3.017,-3.209
1777492172,549488491,robot_2,-1.319,4.305
1777492172,549507374,robot_4,2.404,2.242
1777492172,549514007,robot_0,-4.749,-0.593
1777492172,549520082,robot_3,1.771,0.801
1777492172,549525170,robot_1,3.017,-3.209
1777492172,749549885,robot_2,-1.319,4.305
1777492172,749582052,robot_4,2.404,2.242
1777492172,749591727,robot_0,-4.749,-0.593
1777492172,749600378,robot_3,1.771,0.801
1777492172,749608488,robot_1,3.017,-3.209
1777492172,949937778,robot_2,-1.319,4.305
1777492172,949968657,robot_4,2.404,2.242
1777492172,949982475,robot_0,-4.749,-0.593
1777492172,949993683,robot_3,1.771,0.801
1777492172,950003774,robot_1,3.017,-3.209
1777492173,169586693,robot_2,-1.319,4.305
1777492173,169625739,robot_4,2.404,2.242
1777492173,169639510,robot_0,-4.749,-0.593
1777492173,169651143,robot_3,1.771,0.801
1777492173,169661382,robot_1,3.017,-3.209
1777492173,389562395,robot_2,-1.319,4.305
1777492173,389586871,robot_4,2.404,2.242
1777492173,389596246,robot_0,-4.749,-0.593
1777492173,389603650,robot_3,1.771,0.801
1777492173,389611192,robot_1,3.017,-3.209
1777492173,591318222,robot_2,-1.319,4.305
1777492173,591352038,robot_4,2.404,2.242
1777492173,591367375,robot_0,-4.749,-0.593
1777492173,591380122,robot_3,1.771,0.801
1777492173,591391413,robot_1,3.017,-3.209
1777492173,810649391,robot_2,-1.319,4.305
1777492173,810673398,robot_4,2.404,2.242
1777492173,810682446,robot_0,-4.749,-0.593
1777492173,810690938,robot_3,1.771,0.801
1777492173,810698932,robot_1,3.017,-3.209
1777492174,30075862,robot_2,-1.319,4.305
1777492174,30097670,robot_4,2.404,2.242
1777492174,30106473,robot_0,-4.749,-0.593
1777492174,30114345,robot_3,1.771,0.801
1777492174,30121232,robot_1,3.017,-3.209
1777492174,250801065,robot_2,-1.319,4.305
1777492174,250829688,robot_4,2.404,2.242
1777492174,250842340,robot_0,-4.749,-0.593
1777492174,250853884,robot_3,1.771,0.801
1777492174,250863625,robot_1,3.017,-3.209
1777492174,468523518,robot_2,-1.319,4.305
1777492174,468541363,robot_4,2.404,2.242
1777492174,468548503,robot_0,-4.749,-0.593
1777492174,468554417,robot_3,1.771,0.801
1777492174,468559580,robot_1,3.017,-3.209
1777492174,670536394,robot_2,-1.319,4.305
1777492174,670568889,robot_4,2.404,2.242
1777492174,670580621,robot_0,-4.749,-0.593
1777492174,670591111,robot_3,1.771,0.801
1777492174,670599564,robot_1,3.017,-3.209
1777492174,889344664,robot_2,-1.319,4.305
1777492174,889375097,robot_4,2.404,2.242
1777492174,889386343,robot_0,-4.749,-0.593
1777492174,889395282,robot_3,1.771,0.801
1777492174,889404703,robot_1,3.017,-3.209
1777492175,90185043,robot_2,-1.319,4.305
1777492175,90216613,robot_4,2.404,2.242
1777492175,90231449,robot_0,-4.749,-0.593
1777492175,90244837,robot_3,1.771,0.801
1777492175,90257249,robot_1,3.017,-3.209
1777492175,290400069,robot_2,-1.319,4.305
1777492175,290429521,robot_4,2.404,2.242
1777492175,290442089,robot_0,-4.749,-0.593
1777492175,290454710,robot_3,1.771,0.801
1777492175,290465086,robot_1,3.017,-3.209
1777492175,509627720,robot_2,-1.319,4.305
1777492175,509659550,robot_4,2.404,2.242
1777492175,509673754,robot_0,-4.749,-0.593
1777492175,509682179,robot_3,1.771,0.801
1777492175,509689312,robot_1,3.017,-3.209
1777492175,729732639,robot_2,-1.319,4.305
1777492175,729752930,robot_4,2.404,2.242
1777492175,729760668,robot_0,-4.749,-0.593
1777492175,729768896,robot_3,1.771,0.801
1777492175,729776254,robot_1,3.017,-3.209
1777492175,931212901,robot_2,-1.319,4.305
1777492175,931244055,robot_4,2.404,2.242
1777492175,931253248,robot_0,-4.749,-0.593
1777492175,931260718,robot_3,1.771,0.801
1777492175,931267986,robot_1,3.017,-3.209
1777492176,149283062,robot_2,-1.319,4.305
1777492176,149300994,robot_4,2.404,2.242
1777492176,149307619,robot_0,-4.749,-0.593
1777492176,149314110,robot_3,1.771,0.801
1777492176,149319618,robot_1,3.017,-3.209
1777492176,369945232,robot_2,-1.319,4.305
1777492176,369964295,robot_4,2.404,2.242
1777492176,369971033,robot_0,-4.749,-0.593
1777492176,369976842,robot_3,1.771,0.801
1777492176,369982185,robot_1,3.017,-3.209
1777492176,570193636,robot_2,-1.319,4.305
1777492176,570217886,robot_4,2.404,2.242
1777492176,570224305,robot_0,-4.749,-0.593
1777492176,570230291,robot_3,1.771,0.801
1777492176,570235368,robot_1,3.017,-3.209
1777492176,790145336,robot_2,-1.319,4.305
1777492176,790166691,robot_4,2.404,2.242
1777492176,790175225,robot_0,-4.749,-0.593
1777492176,790182365,robot_3,1.771,0.801
1777492176,790189060,robot_1,3.017,-3.209
1777492177,8448904,robot_2,-1.319,4.305
1777492177,8466384,robot_4,2.404,2.242
1777492177,8473102,robot_0,-4.749,-0.593
1777492177,8478454,robot_3,1.771,0.801
1777492177,8483793,robot_1,3.017,-3.209
1777492177,209085224,robot_2,-1.319,4.305
1777492177,209102991,robot_4,2.404,2.242
1777492177,209110202,robot_0,-4.749,-0.593
1777492177,209116808,robot_3,1.771,0.801
1777492177,209123155,robot_1,3.017,-3.209
1777492177,409989631,robot_2,-1.319,4.305
1777492177,410009096,robot_4,2.404,2.242
1777492177,410015648,robot_0,-4.749,-0.593
1777492177,410022076,robot_3,1.771,0.801
1777492177,410027309,robot_1,3.017,-3.209
1777492177,630442840,robot_2,-1.319,4.305
1777492177,630466201,robot_4,2.404,2.242
1777492177,630473803,robot_0,-4.749,-0.593
1777492177,630479866,robot_3,1.771,0.801
1777492177,630486076,robot_1,3.017,-3.209
1777492177,849851832,robot_2,-1.319,4.305
1777492177,849882604,robot_4,2.404,2.242
1777492177,849910057,robot_0,-4.749,-0.593
1777492177,849932153,robot_3,1.771,0.801
1777492177,849944798,robot_1,3.017,-3.209
1777492178,49840193,robot_2,-1.319,4.305
1777492178,49860689,robot_4,2.404,2.242
1777492178,49868907,robot_0,-4.749,-0.593
1777492178,49876489,robot_3,1.771,0.801
1777492178,49884616,robot_1,3.017,-3.209
1777492178,250068841,robot_2,-1.319,4.305
1777492178,250087809,robot_4,2.404,2.242
1777492178,250096088,robot_0,-4.749,-0.593
1777492178,250103665,robot_3,1.771,0.801
1777492178,250110210,robot_1,3.017,-3.209
1777492178,450580529,robot_2,-1.319,4.305
1777492178,450609120,robot_4,2.404,2.242
1777492178,450622245,robot_0,-4.749,-0.593
1777492178,450634037,robot_3,1.771,0.801
1777492178,450644180,robot_1,3.017,-3.209
1777492178,668563650,robot_2,-1.319,4.305
1777492178,668581632,robot_4,2.404,2.242
1777492178,668588564,robot_0,-4.749,-0.593
1777492178,668594240,robot_3,1.771,0.801
1777492178,668599411,robot_1,3.017,-3.209
1777492178,869944465,robot_2,-1.319,4.305
1777492178,869971909,robot_4,2.404,2.242
1777492178,869985935,robot_0,-4.749,-0.593
1777492178,869998481,robot_3,1.771,0.801
1777492178,870009581,robot_1,3.017,-3.209
1777492179,88782466,robot_2,-1.319,4.305
1777492179,88806769,robot_4,2.404,2.242
1777492179,88814045,robot_0,-4.749,-0.593
1777492179,88820487,robot_3,1.771,0.801
1777492179,88826058,robot_1,3.017,-3.209
1777492179,290174717,robot_2,-1.319,4.305
1777492179,290204715,robot_4,2.404,2.242
1777492179,290215294,robot_0,-4.749,-0.593
1777492179,290225190,robot_3,1.771,0.801
1777492179,290241659,robot_1,3.017,-3.209
1777492179,491134806,robot_2,-1.319,4.305
1777492179,491160597,robot_4,2.404,2.242
1777492179,491171726,robot_0,-4.749,-0.593
1777492179,491183203,robot_3,1.771,0.801
1777492179,491189998,robot_1,3.017,-3.209
1777492179,709344695,robot_2,-1.319,4.305
1777492179,709375030,robot_4,2.404,2.242
1777492179,709389140,robot_0,-4.749,-0.593
1777492179,709401802,robot_3,1.771,0.801
1777492179,709413559,robot_1,3.017,-3.209
1777492179,909911175,robot_2,-1.319,4.305
1777492179,909941859,robot_4,2.404,2.242
1777492179,909951162,robot_0,-4.749,-0.593
1777492179,909960001,robot_3,1.771,0.801
1777492179,909967612,robot_1,3.017,-3.209
1777492180,110824261,robot_2,-1.319,4.305
1777492180,110864134,robot_4,2.404,2.242
1777492180,110881356,robot_0,-4.749,-0.593
1777492180,110899870,robot_3,1.771,0.801
1777492180,110913467,robot_1,3.017,-3.209
1777492180,331753740,robot_2,-1.319,4.305
1777492180,331774952,robot_4,2.404,2.242
1777492180,331782195,robot_0,-4.749,-0.593
1777492180,331787938,robot_3,1.771,0.801
1777492180,331793303,robot_1,3.017,-3.209
1777492180,550465753,robot_2,-1.319,4.305
1777492180,550486467,robot_4,2.404,2.242
1777492180,550495262,robot_0,-4.749,-0.593
1777492180,550502674,robot_3,1.771,0.801
1777492180,550509404,robot_1,3.017,-3.209
1777492180,770084123,robot_2,-1.319,4.305
1777492180,770110812,robot_4,2.404,2.242
1777492180,770120272,robot_0,-4.749,-0.593
1777492180,770127704,robot_3,1.771,0.801
1777492180,770134657,robot_1,3.017,-3.209
1777492180,970460342,robot_2,-1.319,4.305
1777492180,970482356,robot_4,2.404,2.242
1777492180,970491687,robot_0,-4.749,-0.593
1777492180,970499880,robot_3,1.771,0.801
1777492180,970507845,robot_1,3.017,-3.209
1777492181,189544761,robot_2,-1.319,4.305
1777492181,189565669,robot_4,2.404,2.242
1777492181,189574458,robot_0,-4.749,-0.593
1777492181,189582698,robot_3,1.771,0.801
1777492181,189589657,robot_1,3.017,-3.209
1777492181,390092722,robot_2,-1.319,4.305
1777492181,390119361,robot_4,2.404,2.242
1777492181,390132490,robot_0,-4.749,-0.593
1777492181,390142988,robot_3,1.771,0.801
1777492181,390152612,robot_1,3.017,-3.209
1777492181,609278834,robot_2,-1.319,4.305
1777492181,609300899,robot_4,2.404,2.242
1777492181,609308302,robot_0,-4.749,-0.593
1777492181,609313802,robot_3,1.771,0.801
1777492181,609319119,robot_1,3.017,-3.209
1777492181,810874853,robot_2,-1.319,4.305
1777492181,810897174,robot_4,2.404,2.242
1777492181,810903731,robot_0,-4.749,-0.593
1777492181,810909008,robot_3,1.771,0.801
1777492181,810914266,robot_1,3.017,-3.209
1777492182,29205349,robot_2,-1.319,4.305
1777492182,29223239,robot_4,2.404,2.242
1777492182,29230039,robot_0,-4.749,-0.593
1777492182,29236722,robot_3,1.771,0.801
1777492182,29242305,robot_1,3.017,-3.209
1777492182,248697417,robot_2,-1.319,4.305
1777492182,248719588,robot_4,2.404,2.242
1777492182,248726058,robot_0,-4.749,-0.593
1777492182,248732892,robot_3,1.771,0.801
1777492182,248738525,robot_1,3.017,-3.209
1777492182,449296925,robot_2,-1.319,4.305
1777492182,449313961,robot_4,2.404,2.242
1777492182,449321376,robot_0,-4.749,-0.593
1777492182,449327103,robot_3,1.771,0.801
1777492182,449332203,robot_1,3.017,-3.209
1777492182,649694693,robot_2,-1.319,4.305
1777492182,649717547,robot_4,2.404,2.242
1777492182,649727853,robot_0,-4.749,-0.593
1777492182,649736498,robot_3,1.771,0.801
1777492182,649744672,robot_1,3.017,-3.209
1777492182,849800829,robot_2,-1.319,4.305
1777492182,849827389,robot_4,2.404,2.242
1777492182,849838158,robot_0,-4.749,-0.593
1777492182,849848921,robot_3,1.771,0.801
1777492182,849857583,robot_1,3.017,-3.209
1777492183,69994244,robot_2,-1.319,4.305
1777492183,70018803,robot_4,2.404,2.242
1777492183,70029611,robot_0,-4.749,-0.593
1777492183,70038782,robot_3,1.771,0.801
1777492183,70047801,robot_1,3.017,-3.209
1777492183,270175429,robot_2,-1.319,4.305
1777492183,270204973,robot_4,2.404,2.242
1777492183,270215490,robot_0,-4.749,-0.593
1777492183,270224909,robot_3,1.771,0.801
1777492183,270233362,robot_1,3.017,-3.209
1777492183,490389735,robot_2,-1.319,4.305
1777492183,490422852,robot_4,2.404,2.242
1777492183,490436969,robot_0,-4.749,-0.593
1777492183,490450142,robot_3,1.771,0.801
1777492183,490461151,robot_1,3.017,-3.209
1777492183,709559520,robot_2,-1.319,4.305
1777492183,709575427,robot_4,2.404,2.242
1777492183,709581644,robot_0,-4.749,-0.593
1777492183,709586984,robot_3,1.771,0.801
1777492183,709592865,robot_1,3.017,-3.209
1777492183,929999461,robot_2,-1.319,4.305
1777492183,930025424,robot_4,2.404,2.242
1777492183,930036539,robot_0,-4.749,-0.593
1777492183,930047239,robot_3,1.771,0.801
1777492183,930057853,robot_1,3.017,-3.209
1777492184,130021676,robot_2,-1.319,4.305
1777492184,130041711,robot_4,2.404,2.242
1777492184,130050047,robot_0,-4.749,-0.593
1777492184,130058290,robot_3,1.771,0.801
1777492184,130065158,robot_1,3.017,-3.209
1777492184,331012423,robot_2,-1.319,4.305
1777492184,331034972,robot_4,2.404,2.242
1777492184,331042213,robot_0,-4.749,-0.593
1777492184,331048095,robot_3,1.771,0.801
1777492184,331053657,robot_1,3.017,-3.209
1777492184,550225719,robot_2,-1.319,4.305
1777492184,550247219,robot_4,2.404,2.242
1777492184,550255971,robot_0,-4.749,-0.593
1777492184,550263888,robot_3,1.771,0.801
1777492184,550271022,robot_1,3.017,-3.209
1777492184,768987032,robot_2,-1.319,4.305
1777492184,769002703,robot_4,2.404,2.242
1777492184,769008269,robot_0,-4.749,-0.593
1777492184,769013768,robot_3,1.771,0.801
1777492184,769018482,robot_1,3.017,-3.209
1777492184,970894683,robot_2,-1.319,4.305
1777492184,970922017,robot_4,2.404,2.242
1777492184,970935358,robot_0,-4.749,-0.593
1777492184,970947158,robot_3,1.771,0.801
1777492184,970957963,robot_1,3.017,-3.209
1777492185,189654531,robot_2,-1.319,4.305
1777492185,189672827,robot_4,2.404,2.242
1777492185,189679801,robot_0,-4.749,-0.593
1777492185,189685648,robot_3,1.771,0.801
1777492185,189691069,robot_1,3.017,-3.209
1777492185,390553027,robot_2,-1.319,4.305
1777492185,390583178,robot_4,2.404,2.242
1777492185,390597517,robot_0,-4.749,-0.593
1777492185,390610221,robot_3,1.771,0.801
1777492185,390622057,robot_1,3.017,-3.209
1777492185,610575818,robot_2,-1.319,4.305
1777492185,610601826,robot_4,2.404,2.242
1777492185,610614119,robot_0,-4.749,-0.593
1777492185,610624011,robot_3,1.771,0.801
1777492185,610633598,robot_1,3.017,-3.209
1777492185,811150334,robot_2,-1.319,4.305
1777492185,811170427,robot_4,2.404,2.242
1777492185,811177176,robot_0,-4.749,-0.593
1777492185,811183685,robot_3,1.771,0.801
1777492185,811189228,robot_1,3.017,-3.209
1777492186,28489994,robot_2,-1.319,4.305
1777492186,28507776,robot_4,2.404,2.242
1777492186,28514426,robot_0,-4.749,-0.593
1777492186,28520447,robot_3,1.771,0.801
1777492186,28526699,robot_1,3.017,-3.209
1777492186,228674031,robot_2,-1.319,4.305
1777492186,228689054,robot_4,2.404,2.242
1777492186,228695384,robot_0,-4.749,-0.593
1777492186,228700986,robot_3,1.771,0.801
1777492186,228705967,robot_1,3.017,-3.209
1777492186,429896041,robot_2,-1.319,4.305
1777492186,429915413,robot_4,2.404,2.242
1777492186,429923195,robot_0,-4.749,-0.593
1777492186,429930033,robot_3,1.771,0.801
1777492186,429936911,robot_1,3.017,-3.209
1777492186,649729895,robot_2,-1.319,4.305
1777492186,649752747,robot_4,2.404,2.242
1777492186,649759431,robot_0,-4.749,-0.593
1777492186,649766037,robot_3,1.771,0.801
1777492186,649771718,robot_1,3.017,-3.209
1777492186,869867106,robot_2,-1.319,4.305
1777492186,869894213,robot_4,2.404,2.242
1777492186,869901903,robot_0,-4.749,-0.593
1777492186,869907919,robot_3,1.771,0.801
1777492186,869913215,robot_1,3.017,-3.209
1777492187,70500433,robot_2,-1.319,4.305
1777492187,70530940,robot_4,2.404,2.242
1777492187,70542824,robot_0,-4.749,-0.593
1777492187,70553611,robot_3,1.771,0.801
1777492187,70563706,robot_1,3.017,-3.209
1777492187,289947171,robot_2,-1.319,4.305
1777492187,289988062,robot_4,2.404,2.242
1777492187,290004105,robot_0,-4.749,-0.593
1777492187,290017001,robot_3,1.771,0.801
1777492187,290029461,robot_1,3.017,-3.209
1777492187,490744891,robot_2,-1.319,4.305
1777492187,490775763,robot_4,2.404,2.242
1777492187,490791061,robot_0,-4.749,-0.593
1777492187,490803806,robot_3,1.771,0.801
1777492187,490813235,robot_1,3.017,-3.209
1777492187,709425996,robot_2,-1.319,4.305
1777492187,709442514,robot_4,2.404,2.242
1777492187,709449413,robot_0,-4.749,-0.593
1777492187,709455858,robot_3,1.771,0.801
1777492187,709461368,robot_1,3.017,-3.209
1777492187,909864840,robot_2,-1.319,4.305
1777492187,909889159,robot_4,2.404,2.242
1777492187,909906407,robot_0,-4.749,-0.593
1777492187,909915197,robot_3,1.771,0.801
1777492187,909923451,robot_1,3.017,-3.209
1777492188,110464418,robot_2,-1.319,4.305
1777492188,110484728,robot_4,2.404,2.242
1777492188,110493066,robot_0,-4.749,-0.593
1777492188,110500338,robot_3,1.771,0.801
1777492188,110506762,robot_1,3.017,-3.209
1777492188,331009477,robot_2,-1.319,4.305
1777492188,331032639,robot_4,2.404,2.242
1777492188,331040132,robot_0,-4.749,-0.593
1777492188,331046277,robot_3,1.771,0.801
1777492188,331051548,robot_1,3.017,-3.209
1777492188,549732376,robot_2,-1.319,4.305
1777492188,549752633,robot_4,2.404,2.242
1777492188,549760937,robot_0,-4.749,-0.593
1777492188,549767705,robot_3,1.771,0.801
1777492188,549774508,robot_1,3.017,-3.209
1777492188,750686640,robot_2,-1.319,4.305
1777492188,750715675,robot_4,2.404,2.242
1777492188,750725433,robot_0,-4.749,-0.593
1777492188,750734238,robot_3,1.771,0.801
1777492188,750742076,robot_1,3.017,-3.209
1777492188,970060110,robot_2,-1.319,4.305
1777492188,970081611,robot_4,2.404,2.242
1777492188,970090431,robot_0,-4.749,-0.593
1777492188,970098391,robot_3,1.771,0.801
1777492188,970106127,robot_1,3.017,-3.209
1777492189,189512283,robot_2,-1.319,4.305
1777492189,189533105,robot_4,2.404,2.242
1777492189,189541417,robot_0,-4.749,-0.593
1777492189,189549536,robot_3,1.771,0.801
1777492189,189556271,robot_1,3.017,-3.209
1777492189,390480029,robot_2,-1.319,4.305
1777492189,390501953,robot_4,2.404,2.242
1777492189,390511955,robot_0,-4.749,-0.593
1777492189,390520279,robot_3,1.771,0.801
1777492189,390527343,robot_1,3.017,-3.209
1777492189,609141110,robot_2,-1.319,4.305
1777492189,609158140,robot_4,2.404,2.242
1777492189,609164717,robot_0,-4.749,-0.593
1777492189,609170657,robot_3,1.771,0.801
1777492189,609176027,robot_1,3.017,-3.209
1777492189,829222108,robot_2,-1.319,4.305
1777492189,829243565,robot_4,2.404,2.242
1777492189,829251127,robot_0,-4.749,-0.593
1777492189,829256784,robot_3,1.771,0.801
1777492189,829262546,robot_1,3.017,-3.209
1777492190,29856446,robot_2,-1.319,4.305
1777492190,29879336,robot_4,2.404,2.242
1777492190,29888725,robot_0,-4.749,-0.593
1777492190,29901732,robot_3,1.771,0.801
1777492190,29910268,robot_1,3.017,-3.209
1777492190,230486629,robot_2,-1.319,4.305
1777492190,230512128,robot_4,2.404,2.242
1777492190,230523225,robot_0,-4.749,-0.593
1777492190,230533999,robot_3,1.771,0.801
1777492190,230544174,robot_1,3.017,-3.209
1777492190,449809732,robot_2,-1.319,4.305
1777492190,449829048,robot_4,2.404,2.242
1777492190,449836036,robot_0,-4.749,-0.593
1777492190,449842221,robot_3,1.771,0.801
1777492190,449847754,robot_1,3.017,-3.209
1777492190,650479606,robot_2,-1.319,4.305
1777492190,650503730,robot_4,2.404,2.242
1777492190,650513927,robot_0,-4.749,-0.593
1777492190,650523901,robot_3,1.771,0.801
1777492190,650531954,robot_1,3.017,-3.209
1777492190,870264421,robot_2,-1.319,4.305
1777492190,870313540,robot_4,2.404,2.242
1777492190,870326147,robot_0,-4.749,-0.593
1777492190,870336432,robot_3,1.771,0.801
1777492190,870345532,robot_1,3.017,-3.209
1777492191,70702792,robot_2,-1.319,4.305
1777492191,70729842,robot_4,2.404,2.242
1777492191,70738038,robot_0,-4.749,-0.593
1777492191,70746605,robot_3,1.771,0.801
1777492191,70753540,robot_1,3.017,-3.209
1777492191,289807439,robot_2,-1.319,4.305
1777492191,289832014,robot_4,2.404,2.242
1777492191,289843040,robot_0,-4.749,-0.593
1777492191,289853505,robot_3,1.771,0.801
1777492191,289863084,robot_1,3.017,-3.209
1777492191,510097436,robot_2,-1.319,4.305
1777492191,510124261,robot_4,2.404,2.242
1777492191,510132887,robot_0,-4.749,-0.593
1777492191,510141058,robot_3,1.771,0.801
1777492191,510148457,robot_1,3.017,-3.209
1777492191,730562926,robot_2,-1.319,4.305
1777492191,730583405,robot_4,2.404,2.242
1777492191,730592163,robot_0,-4.749,-0.593
1777492191,730599531,robot_3,1.771,0.801
1777492191,730606768,robot_1,3.017,-3.209
1777492191,948886318,robot_2,-1.319,4.305
1777492191,948908564,robot_4,2.404,2.242
1777492191,948917369,robot_0,-4.749,-0.593
1777492191,948924447,robot_3,1.771,0.801
1777492191,948930036,robot_1,3.017,-3.209
1777492192,149960267,robot_2,-1.319,4.305
1777492192,149985618,robot_4,2.404,2.242
1777492192,149992737,robot_0,-4.749,-0.593
1777492192,149999024,robot_3,1.771,0.801
1777492192,150004817,robot_1,3.017,-3.209
1777492192,368794680,robot_2,-1.319,4.305
1777492192,368812974,robot_4,2.404,2.242
1777492192,368820084,robot_0,-4.749,-0.593
1777492192,368825741,robot_3,1.771,0.801
1777492192,368831267,robot_1,3.017,-3.209
1777492192,570060713,robot_2,-1.319,4.305
1777492192,570087052,robot_4,2.404,2.242
1777492192,570095767,robot_0,-4.749,-0.593
1777492192,570102814,robot_3,1.771,0.801
1777492192,570109048,robot_1,3.017,-3.209
1777492192,770626662,robot_2,-1.319,4.305
1777492192,770657826,robot_4,2.404,2.242
1777492192,770670363,robot_0,-4.749,-0.593
1777492192,770680468,robot_3,1.771,0.801
1777492192,770690879,robot_1,3.017,-3.209
1777492192,970912173,robot_2,-1.319,4.305
1777492192,970944120,robot_4,2.404,2.242
1777492192,970957989,robot_0,-4.749,-0.593
1777492192,970971270,robot_3,1.771,0.801
1777492192,970983158,robot_1,3.017,-3.209
1777492193,189625993,robot_2,-1.319,4.305
1777492193,189642823,robot_4,2.404,2.242
1777492193,189649519,robot_0,-4.749,-0.593
1777492193,189656093,robot_3,1.771,0.801
1777492193,189661653,robot_1,3.017,-3.209
1777492193,409538441,robot_2,-1.319,4.305
1777492193,409558986,robot_4,2.404,2.242
1777492193,409567344,robot_0,-4.749,-0.593
1777492193,409574858,robot_3,1.771,0.801
1777492193,409581987,robot_1,3.017,-3.209
1777492193,629691569,robot_2,-1.319,4.305
1777492193,629709483,robot_4,2.404,2.242
1777492193,629716916,robot_0,-4.749,-0.593
1777492193,629723452,robot_3,1.771,0.801
1777492193,629729585,robot_1,3.017,-3.209
1777492193,829709637,robot_2,-1.319,4.305
1777492193,829731414,robot_4,2.404,2.242
1777492193,829739770,robot_0,-4.749,-0.593
1777492193,829746218,robot_3,1.771,0.801
1777492193,829752476,robot_1,3.017,-3.209
1777492194,30781829,robot_2,-1.319,4.305
1777492194,30806427,robot_4,2.404,2.242
1777492194,30815981,robot_0,-4.749,-0.593
1777492194,30825233,robot_3,1.771,0.801
1777492194,30833561,robot_1,3.017,-3.209
1777492194,250123517,robot_2,-1.319,4.305
1777492194,250151058,robot_4,2.404,2.242
1777492194,250161368,robot_0,-4.749,-0.593
1777492194,250170109,robot_3,1.771,0.801
1777492194,250177498,robot_1,3.017,-3.209
1777492194,468958942,robot_2,-1.319,4.305
1777492194,468977801,robot_4,2.404,2.242
1777492194,468984379,robot_0,-4.749,-0.593
1777492194,468990523,robot_3,1.771,0.801
1777492194,468995908,robot_1,3.017,-3.209
1777492194,670059017,robot_2,-1.319,4.305
1777492194,670090650,robot_4,2.404,2.242
1777492194,670102250,robot_0,-4.749,-0.593
1777492194,670113262,robot_3,1.771,0.801
1777492194,670123511,robot_1,3.017,-3.209
1777492194,870069655,robot_2,-1.319,4.305
1777492194,870089068,robot_4,2.404,2.242
1777492194,870097394,robot_0,-4.749,-0.593
1777492194,870104771,robot_3,1.771,0.801
1777492194,870111396,robot_1,3.017,-3.209
1777492195,89440730,robot_2,-1.319,4.305
1777492195,89469098,robot_4,2.404,2.242
1777492195,89481971,robot_0,-4.749,-0.593
1777492195,89493311,robot_3,1.771,0.801
1777492195,89504476,robot_1,3.017,-3.209
1777492195,290155388,robot_2,-1.319,4.305
1777492195,290178600,robot_4,2.404,2.242
1777492195,290189128,robot_0,-4.749,-0.593
1777492195,290197928,robot_3,1.771,0.801
1777492195,290206189,robot_1,3.017,-3.209
1777492195,490430813,robot_2,-1.319,4.305
1777492195,490455220,robot_4,2.404,2.242
1777492195,490465956,robot_0,-4.749,-0.593
1777492195,490474869,robot_3,1.771,0.801
1777492195,490483548,robot_1,3.017,-3.209
1777492195,709302685,robot_2,-1.319,4.305
1777492195,709318917,robot_4,2.404,2.242
1777492195,709326636,robot_0,-4.749,-0.593
1777492195,709333128,robot_3,1.771,0.801
1777492195,709339516,robot_1,3.017,-3.209
1777492195,911144415,robot_2,-1.319,4.305
1777492195,911168324,robot_4,2.404,2.242
1777492195,911178059,robot_0,-4.749,-0.593
1777492195,911186401,robot_3,1.771,0.801
1777492195,911195567,robot_1,3.017,-3.209
1777492196,129791039,robot_2,-1.319,4.305
1777492196,129807325,robot_4,2.404,2.242
1777492196,129813468,robot_0,-4.749,-0.593
1777492196,129819112,robot_3,1.771,0.801
1777492196,129823877,robot_1,3.017,-3.209
1777492196,350338058,robot_2,-1.319,4.305
1777492196,350363660,robot_4,2.404,2.242
1777492196,350374084,robot_0,-4.749,-0.593
1777492196,350383947,robot_3,1.771,0.801
1777492196,350393072,robot_1,3.017,-3.209
1777492196,570415553,robot_2,-1.319,4.305
1777492196,570439864,robot_4,2.404,2.242
1777492196,570450260,robot_0,-4.749,-0.593
1777492196,570459642,robot_3,1.771,0.801
1777492196,570467729,robot_1,3.017,-3.209
1777492196,789655896,robot_2,-1.319,4.305
1777492196,789687665,robot_4,2.404,2.242
1777492196,789703632,robot_0,-4.749,-0.593
1777492196,789716721,robot_3,1.771,0.801
1777492196,789729084,robot_1,3.017,-3.209
1777492196,990303590,robot_2,-1.319,4.305
1777492196,990323123,robot_4,2.404,2.242
1777492196,990331152,robot_0,-4.749,-0.593
1777492196,990338306,robot_3,1.771,0.801
1777492196,990344983,robot_1,3.017,-3.209
1777492197,210148351,robot_2,-1.319,4.305
1777492197,210175629,robot_4,2.404,2.242
1777492197,210186400,robot_0,-4.749,-0.593
1777492197,210195198,robot_3,1.771,0.801
1777492197,210203261,robot_1,3.017,-3.209
1777492197,428922817,robot_2,-1.319,4.305
1777492197,428938763,robot_4,2.404,2.242
1777492197,428945327,robot_0,-4.749,-0.593
1777492197,428950592,robot_3,1.771,0.801
1777492197,428955550,robot_1,3.017,-3.209
1777492197,648969962,robot_2,-1.319,4.305
1777492197,648991447,robot_4,2.404,2.242
1777492197,648997795,robot_0,-4.749,-0.593
1777492197,649003684,robot_3,1.771,0.801
1777492197,649009215,robot_1,3.017,-3.209
1777492197,848987950,robot_2,-1.319,4.305
1777492197,849006276,robot_4,2.404,2.242
1777492197,849013047,robot_0,-4.749,-0.593
1777492197,849018608,robot_3,1.771,0.801
1777492197,849023658,robot_1,3.017,-3.209
1777492198,49068476,robot_2,-1.319,4.305
1777492198,49084448,robot_4,2.404,2.242
1777492198,49091485,robot_0,-4.749,-0.593
1777492198,49098568,robot_3,1.771,0.801
1777492198,49104703,robot_1,3.017,-3.209
1777492198,250735928,robot_2,-1.319,4.305
1777492198,250755245,robot_4,2.404,2.242
1777492198,250763554,robot_0,-4.749,-0.593
1777492198,250770925,robot_3,1.771,0.801
1777492198,250777663,robot_1,3.017,-3.209
1777492198,469662586,robot_2,-1.319,4.305
1777492198,469686291,robot_4,2.404,2.242
1777492198,469697505,robot_0,-4.749,-0.593
1777492198,469707442,robot_3,1.771,0.801
1777492198,469716852,robot_1,3.017,-3.209
1777492198,669839338,robot_2,-1.319,4.305
1777492198,669868252,robot_4,2.404,2.242
1777492198,669875348,robot_0,-4.749,-0.593
1777492198,669880927,robot_3,1.771,0.801
1777492198,669886693,robot_1,3.017,-3.209
1777492198,889055972,robot_2,-1.319,4.305
1777492198,889074530,robot_4,2.404,2.242
1777492198,889081484,robot_0,-4.749,-0.593
1777492198,889087306,robot_3,1.771,0.801
1777492198,889092720,robot_1,3.017,-3.209
1777492199,89817460,robot_2,-1.319,4.305
1777492199,89833547,robot_4,2.404,2.242
1777492199,89839751,robot_0,-4.749,-0.593
1777492199,89845421,robot_3,1.771,0.801
1777492199,89850885,robot_1,3.017,-3.209
1777492199,290548022,robot_2,-1.319,4.305
1777492199,290575271,robot_4,2.404,2.242
1777492199,290589128,robot_0,-4.749,-0.593
1777492199,290600557,robot_3,1.771,0.801
1777492199,290611405,robot_1,3.017,-3.209
1777492199,490633102,robot_2,-1.319,4.305
1777492199,490653312,robot_4,2.404,2.242
1777492199,490661772,robot_0,-4.749,-0.593
1777492199,490669280,robot_3,1.771,0.801
1777492199,490675800,robot_1,3.017,-3.209
1777492199,709821830,robot_2,-1.319,4.305
1777492199,709840366,robot_4,2.404,2.242
1777492199,709848049,robot_0,-4.749,-0.593
1777492199,709854574,robot_3,1.771,0.801
1777492199,709860953,robot_1,3.017,-3.209
1777492199,928508110,robot_2,-1.319,4.305
1777492199,928527106,robot_4,2.404,2.242
1777492199,928534309,robot_0,-4.749,-0.593
1777492199,928540089,robot_3,1.771,0.801
1777492199,928545606,robot_1,3.017,-3.209
1777492200,130045121,robot_2,-1.319,4.305
1777492200,130067516,robot_4,2.404,2.242
1777492200,130076860,robot_0,-4.749,-0.593
1777492200,130086342,robot_3,1.771,0.801
1777492200,130093686,robot_1,3.017,-3.209
1777492200,349074279,robot_2,-1.319,4.305
1777492200,349093005,robot_4,2.404,2.242
1777492200,349100276,robot_0,-4.749,-0.593
1777492200,349106490,robot_3,1.771,0.801
1777492200,349112411,robot_1,3.017,-3.209
1777492200,549376346,robot_2,-1.319,4.305
1777492200,549393273,robot_4,2.404,2.242
1777492200,549399459,robot_0,-4.749,-0.593
1777492200,549405244,robot_3,1.771,0.801
1777492200,549410708,robot_1,3.017,-3.209
1777492200,768487013,robot_2,-1.319,4.305
1777492200,768509403,robot_4,2.404,2.242
1777492200,768516089,robot_0,-4.749,-0.593
1777492200,768521825,robot_3,1.771,0.801
1777492200,768527346,robot_1,3.017,-3.209
1777492200,970036791,robot_2,-1.319,4.305
1777492200,970055112,robot_4,2.404,2.242
1777492200,970062130,robot_0,-4.749,-0.593
1777492200,970068458,robot_3,1.771,0.801
1777492200,970074453,robot_1,3.017,-3.209
1777492201,189300369,robot_2,-1.319,4.305
1777492201,189317007,robot_4,2.404,2.242
1777492201,189323272,robot_0,-4.749,-0.593
1777492201,189329145,robot_3,1.771,0.801
1777492201,189334527,robot_1,3.017,-3.209
1777492201,409441704,robot_2,-1.319,4.305
1777492201,409461592,robot_4,2.404,2.242
1777492201,409470756,robot_0,-4.749,-0.593
1777492201,409478142,robot_3,1.771,0.801
1777492201,409485015,robot_1,3.017,-3.209
1777492201,609734517,robot_2,-1.319,4.305
1777492201,609763956,robot_4,2.404,2.242
1777492201,609777550,robot_0,-4.749,-0.593
1777492201,609789572,robot_3,1.771,0.801
1777492201,609800992,robot_1,3.017,-3.209
1777492201,811383803,robot_2,-1.319,4.305
1777492201,811404187,robot_4,2.404,2.242
1777492201,811411295,robot_0,-4.749,-0.593
1777492201,811417064,robot_3,1.771,0.801
1777492201,811422665,robot_1,3.017,-3.209
1777492202,28454245,robot_2,-1.319,4.305
1777492202,28477213,robot_4,2.404,2.242
1777492202,28485908,robot_0,-4.749,-0.593
1777492202,28492648,robot_3,1.771,0.801
1777492202,28500376,robot_1,3.017,-3.209
1777492202,228683556,robot_2,-1.319,4.305
1777492202,228699713,robot_4,2.404,2.242
1777492202,228706062,robot_0,-4.749,-0.593
1777492202,228711903,robot_3,1.771,0.801
1777492202,228717401,robot_1,3.017,-3.209
1777492202,430309080,robot_2,-1.319,4.305
1777492202,430329004,robot_4,2.404,2.242
1777492202,430338036,robot_0,-4.749,-0.593
1777492202,430345600,robot_3,1.771,0.801
1777492202,430352386,robot_1,3.017,-3.209
1777492202,649541989,robot_2,-1.319,4.305
1777492202,649566141,robot_4,2.404,2.242
1777492202,649573154,robot_0,-4.749,-0.593
1777492202,649579209,robot_3,1.771,0.801
1777492202,649584692,robot_1,3.017,-3.209
1777492202,869945825,robot_2,-1.319,4.305
1777492202,869963757,robot_4,2.404,2.242
1777492202,869970360,robot_0,-4.749,-0.593
1777492202,869976065,robot_3,1.771,0.801
1777492202,869981411,robot_1,3.017,-3.209
1777492203,88398606,robot_2,-1.319,4.305
1777492203,88415372,robot_4,2.404,2.242
1777492203,88421641,robot_0,-4.749,-0.593
1777492203,88427479,robot_3,1.771,0.801
1777492203,88432890,robot_1,3.017,-3.209
1777492203,310578980,robot_2,-1.319,4.305
1777492203,310599375,robot_4,2.404,2.242
1777492203,310606664,robot_0,-4.749,-0.593
1777492203,310612896,robot_3,1.771,0.801
1777492203,310618644,robot_1,3.017,-3.209
1777492203,529407287,robot_2,-1.319,4.305
1777492203,529426597,robot_4,2.404,2.242
1777492203,529434914,robot_0,-4.749,-0.593
1777492203,529441827,robot_3,1.771,0.801
1777492203,529448333,robot_1,3.017,-3.209
1777492203,729708831,robot_2,-1.319,4.305
1777492203,729726574,robot_4,2.404,2.242
1777492203,729733192,robot_0,-4.749,-0.593
1777492203,729738744,robot_3,1.771,0.801
1777492203,729743855,robot_1,3.017,-3.209
1777492203,949878757,robot_2,-1.319,4.305
1777492203,949907280,robot_4,2.404,2.242
1777492203,949917782,robot_0,-4.749,-0.593
1777492203,949925671,robot_3,1.771,0.801
1777492203,949932746,robot_1,3.017,-3.209
1777492204,150331327,robot_2,-1.319,4.305
1777492204,150368441,robot_4,2.404,2.242
1777492204,150382926,robot_0,-4.749,-0.593
1777492204,150394985,robot_3,1.771,0.801
1777492204,150406364,robot_1,3.017,-3.209
1777492204,368763450,robot_2,-1.319,4.305
1777492204,368781839,robot_4,2.404,2.242
1777492204,368789768,robot_0,-4.749,-0.593
1777492204,368795267,robot_3,1.771,0.801
1777492204,368800924,robot_1,3.017,-3.209
1777492204,569837664,robot_2,-1.319,4.305
1777492204,569858511,robot_4,2.404,2.242
1777492204,569868211,robot_0,-4.749,-0.593
1777492204,569876158,robot_3,1.771,0.801
1777492204,569883224,robot_1,3.017,-3.209
1777492204,788761889,robot_2,-1.319,4.305
1777492204,788777667,robot_4,2.404,2.242
1777492204,788784381,robot_0,-4.749,-0.593
1777492204,788790360,robot_3,1.771,0.801
1777492204,788795571,robot_1,3.017,-3.209
1777492205,8422608,robot_2,-1.319,4.305
1777492205,8444947,robot_4,2.404,2.242
1777492205,8452110,robot_0,-4.749,-0.593
1777492205,8457578,robot_3,1.771,0.801
1777492205,8463679,robot_1,3.017,-3.209
1777492205,210241103,robot_2,-1.319,4.305
1777492205,210270698,robot_4,2.404,2.242
1777492205,210282196,robot_0,-4.749,-0.593
1777492205,210293457,robot_3,1.771,0.801
1777492205,210304345,robot_1,3.017,-3.209
1777492205,428913915,robot_2,-1.319,4.305
1777492205,428931608,robot_4,2.404,2.242
1777492205,428938490,robot_0,-4.749,-0.593
1777492205,428944572,robot_3,1.771,0.801
1777492205,428950416,robot_1,3.017,-3.209
1777492205,630330379,robot_2,-1.319,4.305
1777492205,630357128,robot_4,2.404,2.242
1777492205,630365409,robot_0,-4.749,-0.593
1777492205,630373139,robot_3,1.771,0.801
1777492205,630380457,robot_1,3.017,-3.209
1777492205,849144473,robot_2,-1.319,4.305
1777492205,849167215,robot_4,2.404,2.242
1777492205,849175528,robot_0,-4.749,-0.593
1777492205,849182795,robot_3,1.771,0.801
1777492205,849189581,robot_1,3.017,-3.209
1777492206,50983052,robot_2,-1.319,4.305
1777492206,51003957,robot_4,2.404,2.242
1777492206,51013190,robot_0,-4.749,-0.593
1777492206,51021493,robot_3,1.771,0.801
1777492206,51028304,robot_1,3.017,-3.209
1777492206,270571254,robot_2,-1.319,4.305
1777492206,270597183,robot_4,2.404,2.242
1777492206,270607113,robot_0,-4.749,-0.593
1777492206,270615762,robot_3,1.771,0.801
1777492206,270624098,robot_1,3.017,-3.209
1777492206,489430944,robot_2,-1.319,4.305
1777492206,489447851,robot_4,2.404,2.242
1777492206,489454533,robot_0,-4.749,-0.593
1777492206,489460154,robot_3,1.771,0.801
1777492206,489465509,robot_1,3.017,-3.209
1777492206,690153088,robot_2,-1.319,4.305
1777492206,690171221,robot_4,2.404,2.242
1777492206,690178897,robot_0,-4.749,-0.593
1777492206,690185689,robot_3,1.771,0.801
1777492206,690192498,robot_1,3.017,-3.209
1777492206,890546183,robot_2,-1.319,4.305
1777492206,890575815,robot_4,2.404,2.242
1777492206,890588662,robot_0,-4.749,-0.593
1777492206,890600285,robot_3,1.771,0.801
1777492206,890610811,robot_1,3.017,-3.209
1777492207,90772705,robot_2,-1.319,4.305
1777492207,90802616,robot_4,2.404,2.242
1777492207,90817415,robot_0,-4.749,-0.593
1777492207,90830324,robot_3,1.771,0.801
1777492207,90842306,robot_1,3.017,-3.209
1777492207,309882246,robot_2,-1.319,4.305
1777492207,309907004,robot_4,2.404,2.242
1777492207,309917219,robot_0,-4.749,-0.593
1777492207,309926068,robot_3,1.771,0.801
1777492207,309934033,robot_1,3.017,-3.209
1777492207,510485270,robot_2,-1.319,4.305
1777492207,510519465,robot_4,2.404,2.242
1777492207,510533306,robot_0,-4.749,-0.593
1777492207,510545213,robot_3,1.771,0.801
1777492207,510556517,robot_1,3.017,-3.209
1777492207,728742095,robot_2,-1.319,4.305
1777492207,728758407,robot_4,2.404,2.242
1777492207,728764851,robot_0,-4.749,-0.593
1777492207,728770320,robot_3,1.771,0.801
1777492207,728775552,robot_1,3.017,-3.209
1777492207,930038918,robot_2,-1.319,4.305
1777492207,930061608,robot_4,2.404,2.242
1777492207,930070339,robot_0,-4.749,-0.593
1777492207,930078830,robot_3,1.771,0.801
1777492207,930086702,robot_1,3.017,-3.209
1777492208,148630734,robot_2,-1.319,4.305
1777492208,148653908,robot_4,2.404,2.242
1777492208,148661365,robot_0,-4.749,-0.593
1777492208,148667145,robot_3,1.771,0.801
1777492208,148672402,robot_1,3.017,-3.209
1777492208,349072803,robot_2,-1.319,4.305
1777492208,349091612,robot_4,2.404,2.242
1777492208,349099070,robot_0,-4.749,-0.593
1777492208,349105675,robot_3,1.771,0.801
1777492208,349111520,robot_1,3.017,-3.209
1777492208,549532615,robot_2,-1.319,4.305
1777492208,549552994,robot_4,2.404,2.242
1777492208,549561152,robot_0,-4.749,-0.593
1777492208,549568248,robot_3,1.771,0.801
1777492208,549575062,robot_1,3.017,-3.209
1777492208,750276206,robot_2,-1.319,4.305
1777492208,750301603,robot_4,2.404,2.242
1777492208,750309823,robot_0,-4.749,-0.593
1777492208,750316983,robot_3,1.771,0.801
1777492208,750323824,robot_1,3.017,-3.209
1777492208,968687479,robot_2,-1.319,4.305
1777492208,968704552,robot_4,2.404,2.242
1777492208,968711493,robot_0,-4.749,-0.593
1777492208,968717486,robot_3,1.771,0.801
1777492208,968722759,robot_1,3.017,-3.209
1777492209,169661224,robot_2,-1.319,4.305
1777492209,169687501,robot_4,2.404,2.242
1777492209,169696122,robot_0,-4.749,-0.593
1777492209,169704694,robot_3,1.771,0.801
1777492209,169712009,robot_1,3.017,-3.209
1777492209,388959888,robot_2,-1.319,4.305
1777492209,388980267,robot_4,2.404,2.242
1777492209,388989733,robot_0,-4.749,-0.593
1777492209,388997183,robot_3,1.771,0.801
1777492209,389005554,robot_1,3.017,-3.209
1777492209,589888526,robot_2,-1.319,4.305
1777492209,589922875,robot_4,2.404,2.242
1777492209,589933724,robot_0,-4.749,-0.593
1777492209,589943153,robot_3,1.771,0.801
1777492209,589952143,robot_1,3.017,-3.209
1777492209,809755293,robot_2,-1.319,4.305
1777492209,809786919,robot_4,2.404,2.242
1777492209,809799646,robot_0,-4.749,-0.593
1777492209,809811500,robot_3,1.771,0.801
1777492209,809822081,robot_1,3.017,-3.209
1777492210,29271359,robot_2,-1.319,4.305
1777492210,29292117,robot_4,2.404,2.242
1777492210,29301494,robot_0,-4.749,-0.593
1777492210,29311255,robot_3,1.771,0.801
1777492210,29319459,robot_1,3.017,-3.209
1777492210,249222215,robot_2,-1.319,4.305
1777492210,249243399,robot_4,2.404,2.242
1777492210,249250318,robot_0,-4.749,-0.593
1777492210,249256475,robot_3,1.771,0.801
1777492210,249261619,robot_1,3.017,-3.209
1777492210,449998297,robot_2,-1.319,4.305
1777492210,450015680,robot_4,2.404,2.242
1777492210,450021742,robot_0,-4.749,-0.593
1777492210,450027518,robot_3,1.771,0.801
1777492210,450032153,robot_1,3.017,-3.209
1777492210,650567773,robot_2,-1.319,4.305
1777492210,650597104,robot_4,2.404,2.242
1777492210,650607641,robot_0,-4.749,-0.593
1777492210,650616484,robot_3,1.771,0.801
1777492210,650624696,robot_1,3.017,-3.209
1777492210,869588106,robot_2,-1.319,4.305
1777492210,869612193,robot_4,2.404,2.242
1777492210,869622957,robot_0,-4.749,-0.593
1777492210,869631981,robot_3,1.771,0.801
1777492210,869640656,robot_1,3.017,-3.209
1777492211,70220506,robot_2,-1.319,4.305
1777492211,70254585,robot_4,2.404,2.242
1777492211,70268346,robot_0,-4.749,-0.593
1777492211,70276369,robot_3,1.771,0.801
1777492211,70283774,robot_1,3.017,-3.209
1777492211,289504257,robot_2,-1.319,4.305
1777492211,289526139,robot_4,2.404,2.242
1777492211,289534443,robot_0,-4.749,-0.593
1777492211,289541144,robot_3,1.771,0.801
1777492211,289547120,robot_1,3.017,-3.209
1777492211,490395251,robot_2,-1.319,4.305
1777492211,490412327,robot_4,2.404,2.242
1777492211,490419096,robot_0,-4.749,-0.593
1777492211,490424414,robot_3,1.771,0.801
1777492211,490429443,robot_1,3.017,-3.209
1777492211,709283770,robot_2,-1.319,4.305
1777492211,709306686,robot_4,2.404,2.242
1777492211,709316420,robot_0,-4.749,-0.593
1777492211,709325954,robot_3,1.771,0.801
1777492211,709334155,robot_1,3.017,-3.209
1777492211,928603591,robot_2,-1.319,4.305
1777492211,928621835,robot_4,2.404,2.242
1777492211,928628093,robot_0,-4.749,-0.593
1777492211,928633704,robot_3,1.771,0.801
1777492211,928638894,robot_1,3.017,-3.209
1777492212,128640573,robot_2,-1.319,4.305
1777492212,128657172,robot_4,2.404,2.242
1777492212,128663203,robot_0,-4.749,-0.593
1777492212,128669278,robot_3,1.771,0.801
1777492212,128674363,robot_1,3.017,-3.209
1777492212,328993563,robot_2,-1.319,4.305
1777492212,329015020,robot_4,2.404,2.242
1777492212,329022111,robot_0,-4.749,-0.593
1777492212,329027525,robot_3,1.771,0.801
1777492212,329032776,robot_1,3.017,-3.209
1777492212,548534380,robot_2,-1.319,4.305
1777492212,548551224,robot_4,2.404,2.242
1777492212,548557274,robot_0,-4.749,-0.593
1777492212,548562354,robot_3,1.771,0.801
1777492212,548567699,robot_1,3.017,-3.209
1777492212,749649190,robot_2,-1.319,4.305
1777492212,749679065,robot_4,2.404,2.242
1777492212,749690607,robot_0,-4.749,-0.593
1777492212,749701282,robot_3,1.771,0.801
1777492212,749710652,robot_1,3.017,-3.209
1777492212,949674002,robot_2,-1.319,4.305
1777492212,949691741,robot_4,2.404,2.242
1777492212,949698252,robot_0,-4.749,-0.593
1777492212,949703906,robot_3,1.771,0.801
1777492212,949708878,robot_1,3.017,-3.209
1777492213,150551252,robot_2,-1.319,4.305
1777492213,150576823,robot_4,2.404,2.242
1777492213,150585923,robot_0,-4.749,-0.593
1777492213,150593385,robot_3,1.771,0.801
1777492213,150600966,robot_1,3.017,-3.209
1777492213,369718737,robot_2,-1.319,4.305
1777492213,369744064,robot_4,2.404,2.242
1777492213,369754480,robot_0,-4.749,-0.593
1777492213,369763620,robot_3,1.771,0.801
1777492213,369771468,robot_1,3.017,-3.209
1777492213,570557063,robot_2,-1.319,4.305
1777492213,570584093,robot_4,2.404,2.242
1777492213,570596205,robot_0,-4.749,-0.593
1777492213,570607757,robot_3,1.771,0.801
1777492213,570617424,robot_1,3.017,-3.209
1777492213,788806932,robot_2,-1.319,4.305
1777492213,788824029,robot_4,2.404,2.242
1777492213,788831119,robot_0,-4.749,-0.593
1777492213,788837360,robot_3,1.771,0.801
1777492213,788842857,robot_1,3.017,-3.209
1777492213,989671271,robot_2,-1.319,4.305
1777492213,989690845,robot_4,2.404,2.242
1777492213,989697854,robot_0,-4.749,-0.593
1777492213,989704590,robot_3,1.771,0.801
1777492213,989709937,robot_1,3.017,-3.209
1777492214,210214778,robot_2,-1.319,4.305
1777492214,210241395,robot_4,2.404,2.242
1777492214,210251228,robot_0,-4.749,-0.593
1777492214,210259966,robot_3,1.771,0.801
1777492214,210267573,robot_1,3.017,-3.209
1777492214,430906400,robot_2,-1.319,4.305
1777492214,430932311,robot_4,2.404,2.242
1777492214,430940366,robot_0,-4.749,-0.593
1777492214,430948362,robot_3,1.771,0.801
1777492214,430955814,robot_1,3.017,-3.209
1777492214,650079094,robot_2,-1.319,4.305
1777492214,650108799,robot_4,2.404,2.242
1777492214,650120005,robot_0,-4.749,-0.593
1777492214,650130188,robot_3,1.771,0.801
1777492214,650138898,robot_1,3.017,-3.209
1777492214,869870068,robot_2,-1.319,4.305
1777492214,869888357,robot_4,2.404,2.242
1777492214,869899880,robot_0,-4.749,-0.593
1777492214,869906159,robot_3,1.771,0.801
1777492214,869912268,robot_1,3.017,-3.209
1777492215,70282922,robot_2,-1.319,4.305
1777492215,70315920,robot_4,2.404,2.242
1777492215,70328631,robot_0,-4.749,-0.593
1777492215,70340114,robot_3,1.771,0.801
1777492215,70349801,robot_1,3.017,-3.209
1777492215,270525019,robot_2,-1.319,4.305
1777492215,270555352,robot_4,2.404,2.242
1777492215,270569900,robot_0,-4.749,-0.593
1777492215,270583316,robot_3,1.771,0.801
1777492215,270595665,robot_1,3.017,-3.209
1777492215,490280758,robot_2,-1.319,4.305
1777492215,490319848,robot_4,2.404,2.242
1777492215,490339412,robot_0,-4.749,-0.593
1777492215,490349765,robot_3,1.771,0.801
1777492215,490358594,robot_1,3.017,-3.209
1777492215,709579959,robot_2,-1.319,4.305
1777492215,709600100,robot_4,2.404,2.242
1777492215,709608676,robot_0,-4.749,-0.593
1777492215,709616263,robot_3,1.771,0.801
1777492215,709623314,robot_1,3.017,-3.209
1777492215,910195372,robot_2,-1.319,4.305
1777492215,910218708,robot_4,2.404,2.242
1777492215,910226980,robot_0,-4.749,-0.593
1777492215,910234503,robot_3,1.771,0.801
1777492215,910240717,robot_1,3.017,-3.209
1777492216,130153739,robot_2,-1.319,4.305
1777492216,130176086,robot_4,2.404,2.242
1777492216,130186258,robot_0,-4.749,-0.593
1777492216,130195159,robot_3,1.771,0.801
1777492216,130202912,robot_1,3.017,-3.209
1777492216,350218812,robot_2,-1.319,4.305
1777492216,350240263,robot_4,2.404,2.242
1777492216,350247839,robot_0,-4.749,-0.593
1777492216,350254994,robot_3,1.771,0.801
1777492216,350261250,robot_1,3.017,-3.209
1777492216,568862179,robot_2,-1.319,4.305
1777492216,568878304,robot_4,2.404,2.242
1777492216,568885584,robot_0,-4.749,-0.593
1777492216,568894420,robot_3,1.771,0.801
1777492216,568901232,robot_1,3.017,-3.209
1777492216,789630924,robot_2,-1.319,4.305
1777492216,789669332,robot_4,2.404,2.242
1777492216,789684214,robot_0,-4.749,-0.593
1777492216,789698140,robot_3,1.771,0.801
1777492216,789710081,robot_1,3.017,-3.209
1777492217,10367133,robot_2,-1.319,4.305
1777492217,10405183,robot_4,2.404,2.242
1777492217,10418082,robot_0,-4.749,-0.593
1777492217,10430056,robot_3,1.771,0.801
1777492217,10441241,robot_1,3.017,-3.209
1777492217,230198934,robot_2,-1.319,4.305
1777492217,230224896,robot_4,2.404,2.242
1777492217,230235501,robot_0,-4.749,-0.593
1777492217,230243507,robot_3,1.771,0.801
1777492217,230251445,robot_1,3.017,-3.209
1777492217,450300943,robot_2,-1.319,4.305
1777492217,450324648,robot_4,2.404,2.242
1777492217,450335836,robot_0,-4.749,-0.593
1777492217,450346167,robot_3,1.771,0.801
1777492217,450355039,robot_1,3.017,-3.209
1777492217,669833100,robot_2,-1.319,4.305
1777492217,669851910,robot_4,2.404,2.242
1777492217,669859882,robot_0,-4.749,-0.593
1777492217,669867602,robot_3,1.771,0.801
1777492217,669874151,robot_1,3.017,-3.209
1777492217,870290756,robot_2,-1.319,4.305
1777492217,870323178,robot_4,2.404,2.242
1777492217,870334830,robot_0,-4.749,-0.593
1777492217,870344100,robot_3,1.771,0.801
1777492217,870352744,robot_1,3.017,-3.209
1777492218,70484374,robot_2,-1.319,4.305
1777492218,70507489,robot_4,2.404,2.242
1777492218,70515807,robot_0,-4.749,-0.593
1777492218,70523583,robot_3,1.771,0.801
1777492218,70530531,robot_1,3.017,-3.209
1777492218,289584564,robot_2,-1.319,4.305
1777492218,289604338,robot_4,2.404,2.242
1777492218,289613311,robot_0,-4.749,-0.593
1777492218,289620600,robot_3,1.771,0.801
1777492218,289627570,robot_1,3.017,-3.209
1777492218,508741453,robot_2,-1.319,4.305
1777492218,508764725,robot_4,2.404,2.242
1777492218,508771548,robot_0,-4.749,-0.593
1777492218,508777467,robot_3,1.771,0.801
1777492218,508782691,robot_1,3.017,-3.209
1777492218,709510417,robot_2,-1.319,4.305
1777492218,709526738,robot_4,2.404,2.242
1777492218,709533729,robot_0,-4.749,-0.593
1777492218,709539514,robot_3,1.771,0.801
1777492218,709545779,robot_1,3.017,-3.209
1777492218,910492984,robot_2,-1.319,4.305
1777492218,910524598,robot_4,2.404,2.242
1777492218,910539301,robot_0,-4.749,-0.593
1777492218,910552461,robot_3,1.771,0.801
1777492218,910564418,robot_1,3.017,-3.209
1777492219,130537434,robot_2,-1.319,4.305
1777492219,130563287,robot_4,2.404,2.242
1777492219,130572004,robot_0,-4.749,-0.593
1777492219,130579725,robot_3,1.771,0.801
1777492219,130586930,robot_1,3.017,-3.209
1777492219,348953891,robot_2,-1.319,4.305
1777492219,348972330,robot_4,2.404,2.242
1777492219,348978994,robot_0,-4.749,-0.593
1777492219,348984990,robot_3,1.771,0.801
1777492219,348990517,robot_1,3.017,-3.209
1777492219,568685232,robot_2,-1.319,4.305
1777492219,568701693,robot_4,2.404,2.242
1777492219,568708458,robot_0,-4.749,-0.593
1777492219,568713636,robot_3,1.771,0.801
1777492219,568718887,robot_1,3.017,-3.209
1777492219,769291117,robot_2,-1.319,4.305
1777492219,769307698,robot_4,2.404,2.242
1777492219,769314650,robot_0,-4.749,-0.593
1777492219,769320489,robot_3,1.771,0.801
1777492219,769325340,robot_1,3.017,-3.209
1777492219,969728376,robot_2,-1.319,4.305
1777492219,969748451,robot_4,2.404,2.242
1777492219,969756335,robot_0,-4.749,-0.593
1777492219,969763923,robot_3,1.771,0.801
1777492219,969770769,robot_1,3.017,-3.209
1777492220,170358637,robot_2,-1.319,4.305
1777492220,170386086,robot_4,2.404,2.242
1777492220,170395374,robot_0,-4.749,-0.593
1777492220,170404113,robot_3,1.771,0.801
1777492220,170411635,robot_1,3.017,-3.209
1777492220,390515355,robot_2,-1.319,4.305
1777492220,390543857,robot_4,2.404,2.242
1777492220,390556886,robot_0,-4.749,-0.593
1777492220,390568454,robot_3,1.771,0.801
1777492220,390578454,robot_1,3.017,-3.209
1777492220,608727717,robot_2,-1.319,4.305
1777492220,608744827,robot_4,2.404,2.242
1777492220,608751777,robot_0,-4.749,-0.593
1777492220,608757496,robot_3,1.771,0.801
1777492220,608762679,robot_1,3.017,-3.209
1777492220,811086980,robot_2,-1.319,4.305
1777492220,811114104,robot_4,2.404,2.242
1777492220,811125478,robot_0,-4.749,-0.593
1777492220,811135583,robot_3,1.771,0.801
1777492220,811144793,robot_1,3.017,-3.209
1777492221,29495621,robot_2,-1.319,4.305
1777492221,29511931,robot_4,2.404,2.242
1777492221,29518136,robot_0,-4.749,-0.593
1777492221,29523815,robot_3,1.771,0.801
1777492221,29529273,robot_1,3.017,-3.209
1777492221,230086140,robot_2,-1.319,4.305
1777492221,230117942,robot_4,2.404,2.242
1777492221,230131191,robot_0,-4.749,-0.593
1777492221,230144598,robot_3,1.771,0.801
1777492221,230155349,robot_1,3.017,-3.209
1777492221,448713735,robot_2,-1.319,4.305
1777492221,448730058,robot_4,2.404,2.242
1777492221,448736453,robot_0,-4.749,-0.593
1777492221,448741851,robot_3,1.771,0.801
1777492221,448747124,robot_1,3.017,-3.209
1777492221,669673804,robot_2,-1.319,4.305
1777492221,669689458,robot_4,2.404,2.242
1777492221,669696520,robot_0,-4.749,-0.593
1777492221,669702116,robot_3,1.771,0.801
1777492221,669707310,robot_1,3.017,-3.209
1777492221,870036073,robot_2,-1.319,4.305
1777492221,870062148,robot_4,2.404,2.242
1777492221,870073198,robot_0,-4.749,-0.593
1777492221,870084421,robot_3,1.771,0.801
1777492221,870093806,robot_1,3.017,-3.209
1777492222,70038733,robot_2,-1.319,4.305
1777492222,70063962,robot_4,2.404,2.242
1777492222,70073043,robot_0,-4.749,-0.593
1777492222,70080807,robot_3,1.771,0.801
1777492222,70087896,robot_1,3.017,-3.209
1777492222,270100891,robot_2,-1.319,4.305
1777492222,270128116,robot_4,2.404,2.242
1777492222,270138096,robot_0,-4.749,-0.593
1777492222,270146895,robot_3,1.771,0.801
1777492222,270154031,robot_1,3.017,-3.209
1777492222,491113716,robot_2,-1.319,4.305
1777492222,491140789,robot_4,2.404,2.242
1777492222,491153486,robot_0,-4.749,-0.593
1777492222,491163860,robot_3,1.771,0.801
1777492222,491173651,robot_1,3.017,-3.209
1777492222,708557647,robot_2,-1.319,4.305
1777492222,708574113,robot_4,2.404,2.242
1777492222,708581052,robot_0,-4.749,-0.593
1777492222,708586519,robot_3,1.771,0.801
1777492222,708591659,robot_1,3.017,-3.209
1777492222,910053345,robot_2,-1.319,4.305
1777492222,910076641,robot_4,2.404,2.242
1777492222,910086078,robot_0,-4.749,-0.593
1777492222,910094489,robot_3,1.771,0.801
1777492222,910102436,robot_1,3.017,-3.209
1777492223,110620761,robot_2,-1.319,4.305
1777492223,110647873,robot_4,2.404,2.242
1777492223,110659807,robot_0,-4.749,-0.593
1777492223,110669455,robot_3,1.771,0.801
1777492223,110677333,robot_1,3.017,-3.209
1777492223,312557901,robot_2,-1.319,4.305
1777492223,312582775,robot_4,2.404,2.242
1777492223,312592630,robot_0,-4.749,-0.593
1777492223,312600235,robot_3,1.771,0.801
1777492223,312608386,robot_1,3.017,-3.209
1777492223,530002902,robot_2,-1.319,4.305
1777492223,530024966,robot_4,2.404,2.242
1777492223,530034931,robot_0,-4.749,-0.593
1777492223,530042652,robot_3,1.771,0.801
1777492223,530049953,robot_1,3.017,-3.209
1777492223,730703587,robot_2,-1.319,4.305
1777492223,730729223,robot_4,2.404,2.242
1777492223,730741546,robot_0,-4.749,-0.593
1777492223,730752524,robot_3,1.771,0.801
1777492223,730763112,robot_1,3.017,-3.209
1777492223,950125255,robot_2,-1.319,4.305
1777492223,950147992,robot_4,2.404,2.242
1777492223,950157183,robot_0,-4.749,-0.593
1777492223,950166276,robot_3,1.771,0.801
1777492223,950174139,robot_1,3.017,-3.209
1777492224,169026276,robot_2,-1.319,4.305
1777492224,169042958,robot_4,2.404,2.242
1777492224,169049676,robot_0,-4.749,-0.593
1777492224,169055136,robot_3,1.771,0.801
1777492224,169060177,robot_1,3.017,-3.209
1777492224,390204783,robot_2,-1.319,4.305
1777492224,390222708,robot_4,2.404,2.242
1777492224,390229751,robot_0,-4.749,-0.593
1777492224,390235386,robot_3,1.771,0.801
1777492224,390240710,robot_1,3.017,-3.209
1777492224,609815710,robot_2,-1.319,4.305
1777492224,609838629,robot_4,2.404,2.242
1777492224,609848803,robot_0,-4.749,-0.593
1777492224,609857670,robot_3,1.771,0.801
1777492224,609865857,robot_1,3.017,-3.209
1777492224,809896422,robot_2,-1.319,4.305
1777492224,809915887,robot_4,2.404,2.242
1777492224,809923134,robot_0,-4.749,-0.593
1777492224,809929205,robot_3,1.771,0.801
1777492224,809934705,robot_1,3.017,-3.209
1777492225,10279137,robot_2,-1.319,4.305
1777492225,10301569,robot_4,2.404,2.242
1777492225,10307929,robot_0,-4.749,-0.593
1777492225,10314211,robot_3,1.771,0.801
1777492225,10319933,robot_1,3.017,-3.209
1777492225,228631765,robot_2,-1.319,4.305
1777492225,228647257,robot_4,2.404,2.242
1777492225,228653429,robot_0,-4.749,-0.593
1777492225,228658836,robot_3,1.771,0.801
1777492225,228663566,robot_1,3.017,-3.209
1777492225,429415117,robot_2,-1.319,4.305
1777492225,429437152,robot_4,2.404,2.242
1777492225,429447415,robot_0,-4.749,-0.593
1777492225,429456243,robot_3,1.771,0.801
1777492225,429464296,robot_1,3.017,-3.209
1777492225,630341312,robot_2,-1.319,4.305
1777492225,630364363,robot_4,2.404,2.242
1777492225,630374794,robot_0,-4.749,-0.593
1777492225,630384591,robot_3,1.771,0.801
1777492225,630393063,robot_1,3.017,-3.209
1777492225,832881304,robot_2,-1.319,4.305
1777492225,832904261,robot_4,2.404,2.242
1777492225,832911229,robot_0,-4.749,-0.593
1777492225,832917352,robot_3,1.771,0.801
1777492225,832923176,robot_1,3.017,-3.209
1777492226,50593753,robot_2,-1.319,4.305
1777492226,50616454,robot_4,2.404,2.242
1777492226,50630025,robot_0,-4.749,-0.593
1777492226,50640692,robot_3,1.771,0.801
1777492226,50651650,robot_1,3.017,-3.209
1777492226,268764013,robot_2,-1.319,4.305
1777492226,268779862,robot_4,2.404,2.242
1777492226,268787188,robot_0,-4.749,-0.593
1777492226,268794507,robot_3,1.771,0.801
1777492226,268800999,robot_1,3.017,-3.209
1777492226,470148039,robot_2,-1.319,4.305
1777492226,470172551,robot_4,2.404,2.242
1777492226,470183378,robot_0,-4.749,-0.593
1777492226,470193124,robot_3,1.771,0.801
1777492226,470202305,robot_1,3.017,-3.209
1777492226,688687565,robot_2,-1.319,4.305
1777492226,688708338,robot_4,2.404,2.242
1777492226,688714448,robot_0,-4.749,-0.593
1777492226,688720383,robot_3,1.771,0.801
1777492226,688725926,robot_1,3.017,-3.209
1777492226,889947760,robot_2,-1.319,4.305
1777492226,889971981,robot_4,2.404,2.242
1777492226,889982446,robot_0,-4.749,-0.593
1777492226,889992579,robot_3,1.771,0.801
1777492226,890001553,robot_1,3.017,-3.209
1777492227,108855549,robot_2,-1.319,4.305
1777492227,108880108,robot_4,2.404,2.242
1777492227,108889020,robot_0,-4.749,-0.593
1777492227,108904195,robot_3,1.771,0.801
1777492227,108911014,robot_1,3.017,-3.209
1777492227,309772928,robot_2,-1.319,4.305
1777492227,309791272,robot_4,2.404,2.242
1777492227,309798581,robot_0,-4.749,-0.593
1777492227,309804147,robot_3,1.771,0.801
1777492227,309809341,robot_1,3.017,-3.209
1777492227,528694583,robot_2,-1.319,4.305
1777492227,528713354,robot_4,2.404,2.242
1777492227,528720344,robot_0,-4.749,-0.593
1777492227,528728359,robot_3,1.771,0.801
1777492227,528733123,robot_1,3.017,-3.209
1777492227,729857976,robot_2,-1.319,4.305
1777492227,729874116,robot_4,2.404,2.242
1777492227,729880207,robot_0,-4.749,-0.593
1777492227,729885500,robot_3,1.771,0.801
1777492227,729894790,robot_1,3.017,-3.209
1777492227,930243662,robot_2,-1.319,4.305
1777492227,930268869,robot_4,2.404,2.242
1777492227,930279276,robot_0,-4.749,-0.593
1777492227,930288717,robot_3,1.771,0.801
1777492227,930297414,robot_1,3.017,-3.209
1777492228,150236064,robot_2,-1.319,4.305
1777492228,150257182,robot_4,2.404,2.242
1777492228,150264420,robot_0,-4.749,-0.593
1777492228,150270563,robot_3,1.771,0.801
1777492228,150276215,robot_1,3.017,-3.209
1777492228,369123626,robot_2,-1.319,4.305
1777492228,369143150,robot_4,2.404,2.242
1777492228,369149987,robot_0,-4.749,-0.593
1777492228,369155887,robot_3,1.771,0.801
1777492228,369161579,robot_1,3.017,-3.209
1777492228,589398448,robot_2,-1.319,4.305
1777492228,589415305,robot_4,2.404,2.242
1777492228,589421980,robot_0,-4.749,-0.593
1777492228,589427519,robot_3,1.771,0.801
1777492228,589432765,robot_1,3.017,-3.209
1777492228,789555723,robot_2,-1.319,4.305
1777492228,789578614,robot_4,2.404,2.242
1777492228,789589783,robot_0,-4.749,-0.593
1777492228,789599260,robot_3,1.771,0.801
1777492228,789608046,robot_1,3.017,-3.209
1777492229,9115755,robot_2,-1.319,4.305
1777492229,9138598,robot_4,2.404,2.242
1777492229,9145310,robot_0,-4.749,-0.593
1777492229,9151570,robot_3,1.771,0.801
1777492229,9157541,robot_1,3.017,-3.209
1777492229,230037515,robot_2,-1.319,4.305
1777492229,230065306,robot_4,2.404,2.242
1777492229,230078635,robot_0,-4.749,-0.593
1777492229,230090920,robot_3,1.771,0.801
1777492229,230102236,robot_1,3.017,-3.209
1777492229,430383035,robot_2,-1.319,4.305
1777492229,430405286,robot_4,2.404,2.242
1777492229,430415772,robot_0,-4.749,-0.593
1777492229,430425632,robot_3,1.771,0.801
1777492229,430435940,robot_1,3.017,-3.209
1777492229,630555801,robot_2,-1.319,4.305
1777492229,630574819,robot_4,2.404,2.242
1777492229,630584563,robot_0,-4.749,-0.593
1777492229,630593089,robot_3,1.771,0.801
1777492229,630600708,robot_1,3.017,-3.209
1777492229,849804620,robot_2,-1.319,4.305
1777492229,849827314,robot_4,2.404,2.242
1777492229,849836459,robot_0,-4.749,-0.593
1777492229,849845526,robot_3,1.771,0.801
1777492229,849852597,robot_1,3.017,-3.209
1777492230,50073871,robot_2,-1.319,4.305
1777492230,50093946,robot_4,2.404,2.242
1777492230,50103381,robot_0,-4.749,-0.593
1777492230,50112066,robot_3,1.771,0.801
1777492230,50118746,robot_1,3.017,-3.209
1777492230,269730597,robot_2,-1.319,4.305
1777492230,269750959,robot_4,2.404,2.242
1777492230,269759709,robot_0,-4.749,-0.593
1777492230,269767453,robot_3,1.771,0.801
1777492230,269774349,robot_1,3.017,-3.209
1777492230,469961082,robot_2,-1.319,4.305
1777492230,469981049,robot_4,2.404,2.242
1777492230,469989712,robot_0,-4.749,-0.593
1777492230,469996969,robot_3,1.771,0.801
1777492230,470003840,robot_1,3.017,-3.209
1777492230,689407535,robot_2,-1.319,4.305
1777492230,689424075,robot_4,2.404,2.242
1777492230,689430512,robot_0,-4.749,-0.593
1777492230,689435896,robot_3,1.771,0.801
1777492230,689441220,robot_1,3.017,-3.209
1777492230,909838687,robot_2,-1.319,4.305
1777492230,909855477,robot_4,2.404,2.242
1777492230,909861524,robot_0,-4.749,-0.593
1777492230,909867141,robot_3,1.771,0.801
1777492230,909872572,robot_1,3.017,-3.209
1777492231,128694839,robot_2,-1.319,4.305
1777492231,128717313,robot_4,2.404,2.242
1777492231,128724550,robot_0,-4.749,-0.593
1777492231,128731827,robot_3,1.771,0.801
1777492231,128738197,robot_1,3.017,-3.209
1777492231,330709762,robot_2,-1.319,4.305
1777492231,330731909,robot_4,2.404,2.242
1777492231,330740497,robot_0,-4.749,-0.593
1777492231,330747633,robot_3,1.771,0.801
1777492231,330754332,robot_1,3.017,-3.209
1777492231,550010778,robot_2,-1.319,4.305
1777492231,550030624,robot_4,2.404,2.242
1777492231,550038794,robot_0,-4.749,-0.593
1777492231,550045953,robot_3,1.771,0.801
1777492231,550051874,robot_1,3.017,-3.209
1777492231,768786714,robot_2,-1.319,4.305
1777492231,768802929,robot_4,2.404,2.242
1777492231,768809210,robot_0,-4.749,-0.593
1777492231,768815658,robot_3,1.771,0.801
1777492231,768820841,robot_1,3.017,-3.209
1777492231,969501621,robot_2,-1.319,4.305
1777492231,969518729,robot_4,2.404,2.242
1777492231,969525331,robot_0,-4.749,-0.593
1777492231,969531190,robot_3,1.771,0.801
1777492231,969536797,robot_1,3.017,-3.209
1777492232,188617200,robot_2,-1.319,4.305
1777492232,188633242,robot_4,2.404,2.242
1777492232,188639145,robot_0,-4.749,-0.593
1777492232,188644398,robot_3,1.771,0.801
1777492232,188649367,robot_1,3.017,-3.209
1777492232,390130607,robot_2,-1.319,4.305
1777492232,390164378,robot_4,2.404,2.242
1777492232,390180786,robot_0,-4.749,-0.593
1777492232,390194585,robot_3,1.771,0.801
1777492232,390208345,robot_1,3.017,-3.209
1777492232,608867508,robot_2,-1.319,4.305
1777492232,608896566,robot_4,2.404,2.242
1777492232,608907055,robot_0,-4.749,-0.593
1777492232,608914259,robot_3,1.771,0.801
1777492232,608920853,robot_1,3.017,-3.209
1777492232,811724940,robot_2,-1.319,4.305
1777492232,811744941,robot_4,2.404,2.242
1777492232,811751300,robot_0,-4.749,-0.593
1777492232,811756938,robot_3,1.771,0.801
1777492232,811762779,robot_1,3.017,-3.209
1777492233,29271629,robot_2,-1.319,4.305
1777492233,29288164,robot_4,2.404,2.242
1777492233,29294943,robot_0,-4.749,-0.593
1777492233,29301495,robot_3,1.771,0.801
1777492233,29306995,robot_1,3.017,-3.209
1777492233,250124757,robot_2,-1.319,4.305
1777492233,250142958,robot_4,2.404,2.242
1777492233,250150805,robot_0,-4.749,-0.593
1777492233,250157625,robot_3,1.771,0.801
1777492233,250164460,robot_1,3.017,-3.209
1777492233,450588428,robot_2,-1.319,4.305
1777492233,450612345,robot_4,2.404,2.242
1777492233,450622769,robot_0,-4.749,-0.593
1777492233,450632811,robot_3,1.771,0.801
1777492233,450640809,robot_1,3.017,-3.209
1777492233,670219895,robot_2,-1.319,4.305
1777492233,670240827,robot_4,2.404,2.242
1777492233,670250167,robot_0,-4.749,-0.593
1777492233,670258605,robot_3,1.771,0.801
1777492233,670266498,robot_1,3.017,-3.209
1777492233,889928444,robot_2,-1.319,4.305
1777492233,889946841,robot_4,2.404,2.242
1777492233,889953501,robot_0,-4.749,-0.593
1777492233,889959231,robot_3,1.771,0.801
1777492233,889964460,robot_1,3.017,-3.209
1777492234,110740162,robot_2,-1.319,4.305
1777492234,110776601,robot_4,2.404,2.242
1777492234,110791221,robot_0,-4.749,-0.593
1777492234,110806073,robot_3,1.771,0.801
1777492234,110814017,robot_1,3.017,-3.209
1777492234,311298468,robot_2,-1.319,4.305
1777492234,311318054,robot_4,2.404,2.242
1777492234,311325217,robot_0,-4.749,-0.593
1777492234,311331644,robot_3,1.771,0.801
1777492234,311337127,robot_1,3.017,-3.209
1777492234,530053117,robot_2,-1.319,4.305
1777492234,530078786,robot_4,2.404,2.242
1777492234,530090390,robot_0,-4.749,-0.593
1777492234,530100479,robot_3,1.771,0.801
1777492234,530110260,robot_1,3.017,-3.209
1777492234,730247774,robot_2,-1.319,4.305
1777492234,730268529,robot_4,2.404,2.242
1777492234,730278378,robot_0,-4.749,-0.593
1777492234,730286391,robot_3,1.771,0.801
1777492234,730294352,robot_1,3.017,-3.209
1777492234,948787646,robot_2,-1.319,4.305
1777492234,948804344,robot_4,2.404,2.242
1777492234,948811427,robot_0,-4.749,-0.593
1777492234,948817407,robot_3,1.771,0.801
1777492234,948823783,robot_1,3.017,-3.209
1777492235,149503243,robot_2,-1.319,4.305
1777492235,149527012,robot_4,2.404,2.242
1777492235,149534037,robot_0,-4.749,-0.593
1777492235,149539943,robot_3,1.771,0.801
1777492235,149545396,robot_1,3.017,-3.209
1777492235,368869995,robot_2,-1.319,4.305
1777492235,368888915,robot_4,2.404,2.242
1777492235,368900225,robot_0,-4.749,-0.593
1777492235,368906754,robot_3,1.771,0.801
1777492235,368912315,robot_1,3.017,-3.209
1777492235,588800957,robot_2,-1.319,4.305
1777492235,588817871,robot_4,2.404,2.242
1777492235,588823698,robot_0,-4.749,-0.593
1777492235,588829495,robot_3,1.771,0.801
1777492235,588834745,robot_1,3.017,-3.209
1777492235,789555636,robot_2,-1.319,4.305
1777492235,789573129,robot_4,2.404,2.242
1777492235,789579401,robot_0,-4.749,-0.593
1777492235,789585416,robot_3,1.771,0.801
1777492235,789590629,robot_1,3.017,-3.209
1777492236,9769334,robot_2,-1.319,4.305
1777492236,9792869,robot_4,2.404,2.242
1777492236,9800156,robot_0,-4.749,-0.593
1777492236,9806595,robot_3,1.771,0.801
1777492236,9812483,robot_1,3.017,-3.209
1777492236,228692409,robot_2,-1.319,4.305
1777492236,228708020,robot_4,2.404,2.242
1777492236,228714016,robot_0,-4.749,-0.593
1777492236,228719833,robot_3,1.771,0.801
1777492236,228724750,robot_1,3.017,-3.209
1777492236,428734086,robot_2,-1.319,4.305
1777492236,428750438,robot_4,2.404,2.242
1777492236,428757429,robot_0,-4.749,-0.593
1777492236,428763194,robot_3,1.771,0.801
1777492236,428768427,robot_1,3.017,-3.209
1777492236,628977744,robot_2,-1.319,4.305
1777492236,628994906,robot_4,2.404,2.242
1777492236,629002074,robot_0,-4.749,-0.593
1777492236,629008814,robot_3,1.771,0.801
1777492236,629015445,robot_1,3.017,-3.209
1777492236,830057204,robot_2,-1.319,4.305
1777492236,830076179,robot_4,2.404,2.242
1777492236,830082599,robot_0,-4.749,-0.593
1777492236,830089110,robot_3,1.771,0.801
1777492236,830094783,robot_1,3.017,-3.209
1777492237,30099636,robot_2,-1.319,4.305
1777492237,30120864,robot_4,2.404,2.242
1777492237,30129858,robot_0,-4.749,-0.593
1777492237,30137968,robot_3,1.771,0.801
1777492237,30145432,robot_1,3.017,-3.209
1777492237,250031188,robot_2,-1.319,4.305
1777492237,250047511,robot_4,2.404,2.242
1777492237,250054616,robot_0,-4.749,-0.593
1777492237,250060696,robot_3,1.771,0.801
1777492237,250066184,robot_1,3.017,-3.209
1777492237,469051458,robot_2,-1.319,4.305
1777492237,469068578,robot_4,2.404,2.242
1777492237,469074918,robot_0,-4.749,-0.593
1777492237,469080457,robot_3,1.771,0.801
1777492237,469086416,robot_1,3.017,-3.209
1777492237,688583908,robot_2,-1.319,4.305
1777492237,688599735,robot_4,2.404,2.242
1777492237,688606435,robot_0,-4.749,-0.593
1777492237,688611841,robot_3,1.771,0.801
1777492237,688616772,robot_1,3.017,-3.209
1777492237,889474369,robot_2,-1.319,4.305
1777492237,889501101,robot_4,2.404,2.242
1777492237,889511713,robot_0,-4.749,-0.593
1777492237,889520763,robot_3,1.771,0.801
1777492237,889529138,robot_1,3.017,-3.209
1777492238,109333504,robot_2,-1.319,4.305
1777492238,109355502,robot_4,2.404,2.242
1777492238,109361952,robot_0,-4.749,-0.593
1777492238,109367491,robot_3,1.771,0.801
1777492238,109373229,robot_1,3.017,-3.209
1777492238,311320727,robot_2,-1.319,4.305
1777492238,311340512,robot_4,2.404,2.242
1777492238,311347541,robot_0,-4.749,-0.593
1777492238,311353567,robot_3,1.771,0.801
1777492238,311358820,robot_1,3.017,-3.209
1777492238,529838994,robot_2,-1.319,4.305
1777492238,529863259,robot_4,2.404,2.242
1777492238,529872633,robot_0,-4.749,-0.593
1777492238,529881678,robot_3,1.771,0.801
1777492238,529889582,robot_1,3.017,-3.209
1777492238,730041717,robot_2,-1.319,4.305
1777492238,730071048,robot_4,2.404,2.242
1777492238,730079025,robot_0,-4.749,-0.593
1777492238,730085506,robot_3,1.771,0.801
1777492238,730092022,robot_1,3.017,-3.209
1777492238,949398346,robot_2,-1.319,4.305
1777492238,949414823,robot_4,2.404,2.242
1777492238,949421083,robot_0,-4.749,-0.593
1777492238,949426873,robot_3,1.771,0.801
1777492238,949432420,robot_1,3.017,-3.209
1777492239,169839605,robot_2,-1.319,4.305
1777492239,169863000,robot_4,2.404,2.242
1777492239,169872716,robot_0,-4.749,-0.593
1777492239,169882106,robot_3,1.771,0.801
1777492239,169893981,robot_1,3.017,-3.209
1777492239,370896256,robot_2,-1.319,4.305
1777492239,370942136,robot_4,2.404,2.242
1777492239,370956860,robot_0,-4.749,-0.593
1777492239,370971113,robot_3,1.771,0.801
1777492239,370983747,robot_1,3.017,-3.209
1777492239,589260031,robot_2,-1.319,4.305
1777492239,589278542,robot_4,2.404,2.242
1777492239,589285902,robot_0,-4.749,-0.593
1777492239,589292888,robot_3,1.771,0.801
1777492239,589299516,robot_1,3.017,-3.209
1777492239,809142735,robot_2,-1.319,4.305
1777492239,809162025,robot_4,2.404,2.242
1777492239,809169030,robot_0,-4.749,-0.593
1777492239,809174817,robot_3,1.771,0.801
1777492239,809179997,robot_1,3.017,-3.209
1777492240,28517250,robot_2,-1.319,4.305
1777492240,28533906,robot_4,2.404,2.242
1777492240,28540279,robot_0,-4.749,-0.593
1777492240,28545723,robot_3,1.771,0.801
1777492240,28550792,robot_1,3.017,-3.209
1777492240,248394186,robot_2,-1.319,4.305
1777492240,248414268,robot_4,2.404,2.242
1777492240,248420881,robot_0,-4.749,-0.593
1777492240,248427648,robot_3,1.771,0.801
1777492240,248433156,robot_1,3.017,-3.209
1777492240,450109406,robot_2,-1.319,4.305
1777492240,450132710,robot_4,2.404,2.242
1777492240,450142522,robot_0,-4.749,-0.593
1777492240,450151308,robot_3,1.771,0.801
1777492240,450160046,robot_1,3.017,-3.209
1777492240,669825105,robot_2,-1.319,4.305
1777492240,669847948,robot_4,2.404,2.242
1777492240,669858617,robot_0,-4.749,-0.593
1777492240,669868019,robot_3,1.771,0.801
1777492240,669876109,robot_1,3.017,-3.209
1777492240,888601690,robot_2,-1.319,4.305
1777492240,888618976,robot_4,2.404,2.242
1777492240,888625574,robot_0,-4.749,-0.593
1777492240,888631289,robot_3,1.771,0.801
1777492240,888636678,robot_1,3.017,-3.209
1777492241,89627214,robot_2,-1.319,4.305
1777492241,89644905,robot_4,2.404,2.242
1777492241,89651294,robot_0,-4.749,-0.593
1777492241,89656875,robot_3,1.771,0.801
1777492241,89662610,robot_1,3.017,-3.209
1777492241,289991607,robot_2,-1.319,4.305
1777492241,290025731,robot_4,2.404,2.242
1777492241,290040543,robot_0,-4.749,-0.593
1777492241,290053540,robot_3,1.771,0.801
1777492241,290066012,robot_1,3.017,-3.209
1777492241,508709098,robot_2,-1.319,4.305
1777492241,508735405,robot_4,2.404,2.242
1777492241,508743172,robot_0,-4.749,-0.593
1777492241,508750559,robot_3,1.771,0.801
1777492241,508757242,robot_1,3.017,-3.209
1777492241,709016021,robot_2,-1.319,4.305
1777492241,709034826,robot_4,2.404,2.242
1777492241,709043105,robot_0,-4.749,-0.593
1777492241,709050728,robot_3,1.771,0.801
1777492241,709057934,robot_1,3.017,-3.209
1777492241,910023733,robot_2,-1.319,4.305
1777492241,910043282,robot_4,2.404,2.242
1777492241,910050541,robot_0,-4.749,-0.593
1777492241,910056571,robot_3,1.771,0.801
1777492241,910062074,robot_1,3.017,-3.209
1777492242,129862161,robot_2,-1.319,4.305
1777492242,129885191,robot_4,2.404,2.242
1777492242,129898415,robot_0,-4.749,-0.593
1777492242,129908362,robot_3,1.771,0.801
1777492242,129918348,robot_1,3.017,-3.209
1777492242,332633526,robot_2,-1.319,4.305
1777492242,332655075,robot_4,2.404,2.242
1777492242,332663586,robot_0,-4.749,-0.593
1777492242,332670389,robot_3,1.771,0.801
1777492242,332677452,robot_1,3.017,-3.209
1777492242,548703313,robot_2,-1.319,4.305
1777492242,548720788,robot_4,2.404,2.242
1777492242,548727829,robot_0,-4.749,-0.593
1777492242,548733545,robot_3,1.771,0.801
1777492242,548739871,robot_1,3.017,-3.209
1777492242,750436134,robot_2,-1.319,4.305
1777492242,750464255,robot_4,2.404,2.242
1777492242,750473922,robot_0,-4.749,-0.593
1777492242,750483014,robot_3,1.771,0.801
1777492242,750491512,robot_1,3.017,-3.209
1777492242,969184576,robot_2,-1.319,4.305
1777492242,969203171,robot_4,2.404,2.242
1777492242,969209764,robot_0,-4.749,-0.593
1777492242,969215650,robot_3,1.771,0.801
1777492242,969221016,robot_1,3.017,-3.209
1777492243,189347961,robot_2,-1.319,4.305
1777492243,189364288,robot_4,2.404,2.242
1777492243,189370794,robot_0,-4.749,-0.593
1777492243,189376907,robot_3,1.771,0.801
1777492243,189382047,robot_1,3.017,-3.209
1777492243,389547581,robot_2,-1.319,4.305
1777492243,389575716,robot_4,2.404,2.242
1777492243,389588851,robot_0,-4.749,-0.593
1777492243,389600172,robot_3,1.771,0.801
1777492243,389610000,robot_1,3.017,-3.209
1777492243,608844073,robot_2,-1.319,4.305
1777492243,608860644,robot_4,2.404,2.242
1777492243,608867314,robot_0,-4.749,-0.593
1777492243,608873175,robot_3,1.771,0.801
1777492243,608878369,robot_1,3.017,-3.209
1777492243,809770082,robot_2,-1.319,4.305
1777492243,809798079,robot_4,2.404,2.242
1777492243,809807436,robot_0,-4.749,-0.593
1777492243,809815670,robot_3,1.771,0.801
1777492243,809823539,robot_1,3.017,-3.209
1777492244,30225492,robot_2,-1.319,4.305
1777492244,30247865,robot_4,2.404,2.242
1777492244,30257922,robot_0,-4.749,-0.593
1777492244,30267010,robot_3,1.771,0.801
1777492244,30275849,robot_1,3.017,-3.209
1777492244,249413604,robot_2,-1.319,4.305
1777492244,249436329,robot_4,2.404,2.242
1777492244,249442809,robot_0,-4.749,-0.593
1777492244,249449023,robot_3,1.771,0.801
1777492244,249454496,robot_1,3.017,-3.209
1777492244,468827314,robot_2,-1.319,4.305
1777492244,468843369,robot_4,2.404,2.242
1777492244,468849774,robot_0,-4.749,-0.593
1777492244,468855262,robot_3,1.771,0.801
1777492244,468860447,robot_1,3.017,-3.209
1777492244,670347165,robot_2,-1.319,4.305
1777492244,670371853,robot_4,2.404,2.242
1777492244,670383559,robot_0,-4.749,-0.593
1777492244,670395057,robot_3,1.771,0.801
1777492244,670404595,robot_1,3.017,-3.209
1777492244,889769230,robot_2,-1.319,4.305
1777492244,889795097,robot_4,2.404,2.242
1777492244,889807041,robot_0,-4.749,-0.593
1777492244,889816063,robot_3,1.771,0.801
1777492244,889825113,robot_1,3.017,-3.209
1777492245,90075926,robot_2,-1.319,4.305
1777492245,90093367,robot_4,2.404,2.242
1777492245,90100270,robot_0,-4.749,-0.593
1777492245,90106517,robot_3,1.771,0.801
1777492245,90111970,robot_1,3.017,-3.209
1777492245,290312379,robot_2,-1.319,4.305
1777492245,290333104,robot_4,2.404,2.242
1777492245,290342538,robot_0,-4.749,-0.593
1777492245,290351447,robot_3,1.771,0.801
1777492245,290358638,robot_1,3.017,-3.209
1777492245,508870848,robot_2,-1.319,4.305
1777492245,508887552,robot_4,2.404,2.242
1777492245,508896596,robot_0,-4.749,-0.593
1777492245,508902244,robot_3,1.771,0.801
1777492245,508908797,robot_1,3.017,-3.209
1777492245,710480090,robot_2,-1.319,4.305
1777492245,710503462,robot_4,2.404,2.242
1777492245,710512590,robot_0,-4.749,-0.593
1777492245,710519477,robot_3,1.771,0.801
1777492245,710526188,robot_1,3.017,-3.209
1777492245,930569063,robot_2,-1.319,4.305
1777492245,930597199,robot_4,2.404,2.242
1777492245,930609315,robot_0,-4.749,-0.593
1777492245,930619604,robot_3,1.771,0.801
1777492245,930629448,robot_1,3.017,-3.209
1777492246,150773361,robot_2,-1.319,4.305
1777492246,150805393,robot_4,2.404,2.242
1777492246,150817832,robot_0,-4.749,-0.593
1777492246,150828268,robot_3,1.771,0.801
1777492246,150838091,robot_1,3.017,-3.209
1777492246,368838238,robot_2,-1.319,4.305
1777492246,368856924,robot_4,2.404,2.242
1777492246,368864046,robot_0,-4.749,-0.593
1777492246,368869669,robot_3,1.771,0.801
1777492246,368875410,robot_1,3.017,-3.209
1777492246,569907087,robot_2,-1.319,4.305
1777492246,569938734,robot_4,2.404,2.242
1777492246,569949905,robot_0,-4.749,-0.593
1777492246,569959701,robot_3,1.771,0.801
1777492246,569969196,robot_1,3.017,-3.209
1777492246,770131679,robot_2,-1.319,4.305
1777492246,770162049,robot_4,2.404,2.242
1777492246,770172907,robot_0,-4.749,-0.593
1777492246,770182545,robot_3,1.771,0.801
1777492246,770190905,robot_1,3.017,-3.209
1777492246,988558226,robot_2,-1.319,4.305
1777492246,988575188,robot_4,2.404,2.242
1777492246,988581592,robot_0,-4.749,-0.593
1777492246,988587270,robot_3,1.771,0.801
1777492246,988593045,robot_1,3.017,-3.209
1777492247,188854684,robot_2,-1.319,4.305
1777492247,188872694,robot_4,2.404,2.242
1777492247,188879748,robot_0,-4.749,-0.593
1777492247,188885719,robot_3,1.771,0.801
1777492247,188894398,robot_1,3.017,-3.209
1777492247,389611743,robot_2,-1.319,4.305
1777492247,389633246,robot_4,2.404,2.242
1777492247,389642950,robot_0,-4.749,-0.593
1777492247,389651178,robot_3,1.771,0.801
1777492247,389659013,robot_1,3.017,-3.209
1777492247,590443502,robot_2,-1.319,4.305
1777492247,590468270,robot_4,2.404,2.242
1777492247,590479520,robot_0,-4.749,-0.593
1777492247,590489897,robot_3,1.771,0.801
1777492247,590498960,robot_1,3.017,-3.209
1777492247,809532205,robot_2,-1.319,4.305
1777492247,809554147,robot_4,2.404,2.242
1777492247,809561216,robot_0,-4.749,-0.593
1777492247,809566891,robot_3,1.771,0.801
1777492247,809571802,robot_1,3.017,-3.209
1777492248,9709294,robot_2,-1.319,4.305
1777492248,9737526,robot_4,2.404,2.242
1777492248,9750423,robot_0,-4.749,-0.593
1777492248,9762113,robot_3,1.771,0.801
1777492248,9774009,robot_1,3.017,-3.209
1777492248,209969715,robot_2,-1.319,4.305
1777492248,209995766,robot_4,2.404,2.242
1777492248,210005920,robot_0,-4.749,-0.593
1777492248,210014648,robot_3,1.771,0.801
1777492248,210023178,robot_1,3.017,-3.209
1777492248,429190531,robot_2,-1.319,4.305
1777492248,429207378,robot_4,2.404,2.242
1777492248,429213887,robot_0,-4.749,-0.593
1777492248,429219452,robot_3,1.771,0.801
1777492248,429225059,robot_1,3.017,-3.209
1777492248,629972905,robot_2,-1.319,4.305
1777492248,629992655,robot_4,2.404,2.242
1777492248,630000824,robot_0,-4.749,-0.593
1777492248,630008047,robot_3,1.771,0.801
1777492248,630014938,robot_1,3.017,-3.209
1777492248,849437375,robot_2,-1.319,4.305
1777492248,849455939,robot_4,2.404,2.242
1777492248,849462961,robot_0,-4.749,-0.593
1777492248,849468677,robot_3,1.771,0.801
1777492248,849473942,robot_1,3.017,-3.209
1777492249,50224198,robot_2,-1.319,4.305
1777492249,50249037,robot_4,2.404,2.242
1777492249,50256474,robot_0,-4.749,-0.593
1777492249,50263537,robot_3,1.771,0.801
1777492249,50269224,robot_1,3.017,-3.209
1777492249,250829804,robot_2,-1.319,4.305
1777492249,250851494,robot_4,2.404,2.242
1777492249,250861725,robot_0,-4.749,-0.593
1777492249,250870815,robot_3,1.771,0.801
1777492249,250878675,robot_1,3.017,-3.209
1777492249,470539333,robot_2,-1.319,4.305
1777492249,470581477,robot_4,2.404,2.242
1777492249,470599945,robot_0,-4.749,-0.593
1777492249,470615773,robot_3,1.771,0.801
1777492249,470630956,robot_1,3.017,-3.209
1777492249,689995644,robot_2,-1.319,4.305
1777492249,690025222,robot_4,2.404,2.242
1777492249,690038970,robot_0,-4.749,-0.593
1777492249,690052354,robot_3,1.771,0.801
1777492249,690063898,robot_1,3.017,-3.209
1777492249,890100596,robot_2,-1.319,4.305
1777492249,890133448,robot_4,2.404,2.242
1777492249,890149583,robot_0,-4.749,-0.593
1777492249,890163014,robot_3,1.771,0.801
1777492249,890175827,robot_1,3.017,-3.209
1777492250,90509471,robot_2,-1.319,4.305
1777492250,90541059,robot_4,2.404,2.242
1777492250,90556952,robot_0,-4.749,-0.593
1777492250,90571777,robot_3,1.771,0.801
1777492250,90587140,robot_1,3.017,-3.209
1777492250,309842497,robot_2,-1.319,4.305
1777492250,309863467,robot_4,2.404,2.242
1777492250,309870564,robot_0,-4.749,-0.593
1777492250,309876266,robot_3,1.771,0.801
1777492250,309882027,robot_1,3.017,-3.209
1777492250,528556642,robot_2,-1.319,4.305
1777492250,528573652,robot_4,2.404,2.242
1777492250,528580486,robot_0,-4.749,-0.593
1777492250,528586296,robot_3,1.771,0.801
1777492250,528591799,robot_1,3.017,-3.209
1777492250,729776748,robot_2,-1.319,4.305
1777492250,729797865,robot_4,2.404,2.242
1777492250,729808700,robot_0,-4.749,-0.593
1777492250,729817159,robot_3,1.771,0.801
1777492250,729825143,robot_1,3.017,-3.209
1777492250,949759961,robot_2,-1.319,4.305
1777492250,949777840,robot_4,2.404,2.242
1777492250,949784009,robot_0,-4.749,-0.593
1777492250,949789751,robot_3,1.771,0.801
1777492250,949795533,robot_1,3.017,-3.209
1777492251,150271838,robot_2,-1.319,4.305
1777492251,150298791,robot_4,2.404,2.242
1777492251,150310345,robot_0,-4.749,-0.593
1777492251,150320459,robot_3,1.771,0.801
1777492251,150328938,robot_1,3.017,-3.209
1777492251,370149560,robot_2,-1.319,4.305
1777492251,370171153,robot_4,2.404,2.242
1777492251,370179693,robot_0,-4.749,-0.593
1777492251,370186893,robot_3,1.771,0.801
1777492251,370193344,robot_1,3.017,-3.209
1777492251,588534208,robot_2,-1.319,4.305
1777492251,588558229,robot_4,2.404,2.242
1777492251,588564957,robot_0,-4.749,-0.593
1777492251,588571362,robot_3,1.771,0.801
1777492251,588584141,robot_1,3.017,-3.209
1777492251,790577875,robot_2,-1.319,4.305
1777492251,790607618,robot_4,2.404,2.242
1777492251,790617370,robot_0,-4.749,-0.593
1777492251,790625408,robot_3,1.771,0.801
1777492251,790632997,robot_1,3.017,-3.209
1777492251,990711965,robot_2,-1.319,4.305
1777492251,990734546,robot_4,2.404,2.242
1777492251,990746985,robot_0,-4.749,-0.593
1777492251,990757369,robot_3,1.771,0.801
1777492251,990766881,robot_1,3.017,-3.209
1777492252,208392293,robot_2,-1.319,4.305
1777492252,208412307,robot_4,2.404,2.242
1777492252,208419446,robot_0,-4.749,-0.593
1777492252,208425827,robot_3,1.771,0.801
1777492252,208430785,robot_1,3.017,-3.209
1777492252,408574230,robot_2,-1.319,4.305
1777492252,408591451,robot_4,2.404,2.242
1777492252,408598598,robot_0,-4.749,-0.593
1777492252,408606054,robot_3,1.771,0.801
1777492252,408613002,robot_1,3.017,-3.209
1777492252,608811888,robot_2,-1.319,4.305
1777492252,608827926,robot_4,2.404,2.242
1777492252,608834083,robot_0,-4.749,-0.593
1777492252,608839883,robot_3,1.771,0.801
1777492252,608844896,robot_1,3.017,-3.209
1777492252,810462650,robot_2,-1.319,4.305
1777492252,810483046,robot_4,2.404,2.242
1777492252,810489641,robot_0,-4.749,-0.593
1777492252,810495643,robot_3,1.771,0.801
1777492252,810501189,robot_1,3.017,-3.209
1777492253,29797265,robot_2,-1.319,4.305
1777492253,29817297,robot_4,2.404,2.242
1777492253,29826923,robot_0,-4.749,-0.593
1777492253,29832822,robot_3,1.771,0.801
1777492253,29838321,robot_1,3.017,-3.209
1777492253,249934866,robot_2,-1.319,4.305
1777492253,249958422,robot_4,2.404,2.242
1777492253,249965407,robot_0,-4.749,-0.593
1777492253,249972220,robot_3,1.771,0.801
1777492253,249977830,robot_1,3.017,-3.209
1777492253,450119959,robot_2,-1.319,4.305
1777492253,450143370,robot_4,2.404,2.242
1777492253,450153630,robot_0,-4.749,-0.593
1777492253,450162806,robot_3,1.771,0.801
1777492253,450171096,robot_1,3.017,-3.209
1777492253,650499856,robot_2,-1.319,4.305
1777492253,650524258,robot_4,2.404,2.242
1777492253,650534691,robot_0,-4.749,-0.593
1777492253,650543932,robot_3,1.771,0.801
1777492253,650552663,robot_1,3.017,-3.209
1777492253,869942334,robot_2,-1.319,4.305
1777492253,869972938,robot_4,2.404,2.242
1777492253,869985653,robot_0,-4.749,-0.593
1777492253,869996302,robot_3,1.771,0.801
1777492253,870007373,robot_1,3.017,-3.209
1777492254,88805518,robot_2,-1.319,4.305
1777492254,88822666,robot_4,2.404,2.242
1777492254,88829320,robot_0,-4.749,-0.593
1777492254,88835214,robot_3,1.771,0.801
1777492254,88841110,robot_1,3.017,-3.209
1777492254,289721141,robot_2,-1.319,4.305
1777492254,289742352,robot_4,2.404,2.242
1777492254,289751862,robot_0,-4.749,-0.593
1777492254,289759428,robot_3,1.771,0.801
1777492254,289767216,robot_1,3.017,-3.209
1777492254,490522793,robot_2,-1.319,4.305
1777492254,490551176,robot_4,2.404,2.242
1777492254,490563249,robot_0,-4.749,-0.593
1777492254,490573788,robot_3,1.771,0.801
1777492254,490583586,robot_1,3.017,-3.209
1777492254,709363473,robot_2,-1.319,4.305
1777492254,709381047,robot_4,2.404,2.242
1777492254,709387788,robot_0,-4.749,-0.593
1777492254,709393709,robot_3,1.771,0.801
1777492254,709399161,robot_1,3.017,-3.209
1777492254,910364807,robot_2,-1.319,4.305
1777492254,910388844,robot_4,2.404,2.242
1777492254,910400273,robot_0,-4.749,-0.593
1777492254,910410228,robot_3,1.771,0.801
1777492254,910419146,robot_1,3.017,-3.209
1777492255,128601695,robot_2,-1.319,4.305
1777492255,128618366,robot_4,2.404,2.242
1777492255,128624764,robot_0,-4.749,-0.593
1777492255,128630375,robot_3,1.771,0.801
1777492255,128636174,robot_1,3.017,-3.209
1777492255,331098694,robot_2,-1.319,4.305
1777492255,331118449,robot_4,2.404,2.242
1777492255,331125919,robot_0,-4.749,-0.593
1777492255,331131779,robot_3,1.771,0.801
1777492255,331136746,robot_1,3.017,-3.209
1777492255,550107801,robot_2,-1.319,4.305
1777492255,550136894,robot_4,2.404,2.242
1777492255,550148444,robot_0,-4.749,-0.593
1777492255,550157938,robot_3,1.771,0.801
1777492255,550166769,robot_1,3.017,-3.209
1777492255,770582504,robot_2,-1.319,4.305
1777492255,770618809,robot_4,2.404,2.242
1777492255,770632975,robot_0,-4.749,-0.593
1777492255,770646839,robot_3,1.771,0.801
1777492255,770659561,robot_1,3.017,-3.209
1777492255,989820431,robot_2,-1.319,4.305
1777492255,989851830,robot_4,2.404,2.242
1777492255,989866347,robot_0,-4.749,-0.593
1777492255,989883413,robot_3,1.771,0.801
1777492255,989905486,robot_1,3.017,-3.209
1777492256,190034259,robot_2,-1.319,4.305
1777492256,190063071,robot_4,2.404,2.242
1777492256,190076604,robot_0,-4.749,-0.593
1777492256,190089077,robot_3,1.771,0.801
1777492256,190101009,robot_1,3.017,-3.209
1777492256,410142830,robot_2,-1.319,4.305
1777492256,410172938,robot_4,2.404,2.242
1777492256,410188409,robot_0,-4.749,-0.593
1777492256,410201364,robot_3,1.771,0.801
1777492256,410213984,robot_1,3.017,-3.209
1777492256,610209823,robot_2,-1.319,4.305
1777492256,610237058,robot_4,2.404,2.242
1777492256,610248765,robot_0,-4.749,-0.593
1777492256,610259334,robot_3,1.771,0.801
1777492256,610268207,robot_1,3.017,-3.209
1777492256,811275799,robot_2,-1.319,4.305
1777492256,811296750,robot_4,2.404,2.242
1777492256,811303911,robot_0,-4.749,-0.593
1777492256,811310362,robot_3,1.771,0.801
1777492256,811315634,robot_1,3.017,-3.209
1777492257,29998285,robot_2,-1.319,4.305
1777492257,30025339,robot_4,2.404,2.242
1777492257,30035391,robot_0,-4.749,-0.593
1777492257,30044463,robot_3,1.771,0.801
1777492257,30052652,robot_1,3.017,-3.209
1777492257,250132445,robot_2,-1.319,4.305
1777492257,250153499,robot_4,2.404,2.242
1777492257,250162341,robot_0,-4.749,-0.593
1777492257,250170276,robot_3,1.771,0.801
1777492257,250177697,robot_1,3.017,-3.209
1777492257,450150608,robot_2,-1.319,4.305
1777492257,450178775,robot_4,2.404,2.242
1777492257,450187458,robot_0,-4.749,-0.593
1777492257,450194689,robot_3,1.771,0.801
1777492257,450201989,robot_1,3.017,-3.209
1777492257,669770712,robot_2,-1.319,4.305
1777492257,669796461,robot_4,2.404,2.242
1777492257,669807830,robot_0,-4.749,-0.593
1777492257,669817490,robot_3,1.771,0.801
1777492257,669826909,robot_1,3.017,-3.209
1777492257,888897966,robot_2,-1.319,4.305
1777492257,888916829,robot_4,2.404,2.242
1777492257,888923482,robot_0,-4.749,-0.593
1777492257,888929730,robot_3,1.771,0.801
1777492257,888934697,robot_1,3.017,-3.209
1777492258,108550246,robot_2,-1.319,4.305
1777492258,108573515,robot_4,2.404,2.242
1777492258,108580531,robot_0,-4.749,-0.593
1777492258,108586355,robot_3,1.771,0.801
1777492258,108591679,robot_1,3.017,-3.209
1777492258,309851474,robot_2,-1.319,4.305
1777492258,309872121,robot_4,2.404,2.242
1777492258,309878963,robot_0,-4.749,-0.593
1777492258,309884595,robot_3,1.771,0.801
1777492258,309892545,robot_1,3.017,-3.209
1777492258,510214046,robot_2,-1.319,4.305
1777492258,510237317,robot_4,2.404,2.242
1777492258,510247434,robot_0,-4.749,-0.593
1777492258,510256078,robot_3,1.771,0.801
1777492258,510263786,robot_1,3.017,-3.209
1777492258,730091179,robot_2,-1.319,4.305
1777492258,730108966,robot_4,2.404,2.242
1777492258,730116987,robot_0,-4.749,-0.593
1777492258,730123870,robot_3,1.771,0.801
1777492258,730130243,robot_1,3.017,-3.209
1777492258,930629043,robot_2,-1.319,4.305
1777492258,930654054,robot_4,2.404,2.242
1777492258,930664391,robot_0,-4.749,-0.593
1777492258,930673501,robot_3,1.771,0.801
1777492258,930682246,robot_1,3.017,-3.209
1777492259,149997041,robot_2,-1.319,4.305
1777492259,150026351,robot_4,2.404,2.242
1777492259,150035939,robot_0,-4.749,-0.593
1777492259,150045106,robot_3,1.771,0.801
1777492259,150054276,robot_1,3.017,-3.209
1777492259,369888213,robot_2,-1.319,4.305
1777492259,369915455,robot_4,2.404,2.242
1777492259,369923767,robot_0,-4.749,-0.593
1777492259,369930950,robot_3,1.771,0.801
1777492259,369937862,robot_1,3.017,-3.209
1777492259,589883488,robot_2,-1.319,4.305
1777492259,589911201,robot_4,2.404,2.242
1777492259,589921019,robot_0,-4.749,-0.593
1777492259,589929959,robot_3,1.771,0.801
1777492259,589938341,robot_1,3.017,-3.209
1777492259,810563939,robot_2,-1.319,4.305
1777492259,810582422,robot_4,2.404,2.242
1777492259,810589403,robot_0,-4.749,-0.593
1777492259,810594845,robot_3,1.771,0.801
1777492259,810599761,robot_1,3.017,-3.209
1777492260,29501604,robot_2,-1.319,4.305
1777492260,29524969,robot_4,2.404,2.242
1777492260,29535258,robot_0,-4.749,-0.593
1777492260,29544380,robot_3,1.771,0.801
1777492260,29552373,robot_1,3.017,-3.209
1777492260,249715722,robot_2,-1.319,4.305
1777492260,249738229,robot_4,2.404,2.242
1777492260,249744556,robot_0,-4.749,-0.593
1777492260,249750370,robot_3,1.771,0.801
1777492260,249756031,robot_1,3.017,-3.209
1777492260,450416072,robot_2,-1.319,4.305
1777492260,450444235,robot_4,2.404,2.242
1777492260,450456775,robot_0,-4.749,-0.593
1777492260,450468622,robot_3,1.771,0.801
1777492260,450479911,robot_1,3.017,-3.209
1777492260,668415637,robot_2,-1.319,4.305
1777492260,668438378,robot_4,2.404,2.242
1777492260,668445428,robot_0,-4.749,-0.593
1777492260,668451646,robot_3,1.771,0.801
1777492260,668456791,robot_1,3.017,-3.209
1777492260,868534542,robot_2,-1.319,4.305
1777492260,868552226,robot_4,2.404,2.242
1777492260,868559536,robot_0,-4.749,-0.593
1777492260,868565664,robot_3,1.771,0.801
1777492260,868570859,robot_1,3.017,-3.209
1777492261,69506195,robot_2,-1.319,4.305
1777492261,69541959,robot_4,2.404,2.242
1777492261,69556624,robot_0,-4.749,-0.593
1777492261,69569096,robot_3,1.771,0.801
1777492261,69580774,robot_1,3.017,-3.209
1777492261,269498091,robot_2,-1.319,4.305
1777492261,269519556,robot_4,2.404,2.242
1777492261,269526374,robot_0,-4.749,-0.593
1777492261,269532849,robot_3,1.771,0.801
1777492261,269537968,robot_1,3.017,-3.209
1777492261,490040567,robot_2,-1.319,4.305
1777492261,490070419,robot_4,2.404,2.242
1777492261,490084586,robot_0,-4.749,-0.593
1777492261,490097027,robot_3,1.771,0.801
1777492261,490108400,robot_1,3.017,-3.209
1777492261,709783753,robot_2,-1.319,4.305
1777492261,709803752,robot_4,2.404,2.242
1777492261,709813151,robot_0,-4.749,-0.593
1777492261,709821204,robot_3,1.771,0.801
1777492261,709828237,robot_1,3.017,-3.209
1777492261,909945983,robot_2,-1.319,4.305
1777492261,909977095,robot_4,2.404,2.242
1777492261,909989186,robot_0,-4.749,-0.593
1777492261,909999141,robot_3,1.771,0.801
1777492261,910007951,robot_1,3.017,-3.209
1777492262,110285302,robot_2,-1.319,4.305
1777492262,110307434,robot_4,2.404,2.242
1777492262,110318060,robot_0,-4.749,-0.593
1777492262,110327710,robot_3,1.771,0.801
1777492262,110335135,robot_1,3.017,-3.209
1777492262,311398114,robot_2,-1.319,4.305
1777492262,311417587,robot_4,2.404,2.242
1777492262,311425940,robot_0,-4.749,-0.593
1777492262,311432630,robot_3,1.771,0.801
1777492262,311439124,robot_1,3.017,-3.209
1777492262,530131072,robot_2,-1.319,4.305
1777492262,530156203,robot_4,2.404,2.242
1777492262,530167552,robot_0,-4.749,-0.593
1777492262,530177146,robot_3,1.771,0.801
1777492262,530186321,robot_1,3.017,-3.209
1777492262,730872120,robot_2,-1.319,4.305
1777492262,730903006,robot_4,2.404,2.242
1777492262,730914319,robot_0,-4.749,-0.593
1777492262,730924561,robot_3,1.771,0.801
1777492262,730933388,robot_1,3.017,-3.209
1777492262,950243145,robot_2,-1.319,4.305
1777492262,950272563,robot_4,2.404,2.242
1777492262,950282729,robot_0,-4.749,-0.593
1777492262,950291668,robot_3,1.771,0.801
1777492262,950299277,robot_1,3.017,-3.209
1777492263,170050328,robot_2,-1.319,4.305
1777492263,170079186,robot_4,2.404,2.242
1777492263,170088686,robot_0,-4.749,-0.593
1777492263,170097778,robot_3,1.771,0.801
1777492263,170106062,robot_1,3.017,-3.209
1777492263,389901519,robot_2,-1.319,4.305
1777492263,389985584,robot_4,2.404,2.242
1777492263,390006964,robot_0,-4.749,-0.593
1777492263,390020584,robot_3,1.771,0.801
1777492263,390032712,robot_1,3.017,-3.209
1777492263,590380119,robot_2,-1.319,4.305
1777492263,590410658,robot_4,2.404,2.242
1777492263,590425775,robot_0,-4.749,-0.593
1777492263,590435813,robot_3,1.771,0.801
1777492263,590445221,robot_1,3.017,-3.209
1777492263,811350963,robot_2,-1.319,4.305
1777492263,811378585,robot_4,2.404,2.242
1777492263,811390325,robot_0,-4.749,-0.593
1777492263,811400492,robot_3,1.771,0.801
1777492263,811409798,robot_1,3.017,-3.209
1777492264,30199610,robot_2,-1.319,4.305
1777492264,30232093,robot_4,2.404,2.242
1777492264,30247135,robot_0,-4.749,-0.593
1777492264,30260334,robot_3,1.771,0.801
1777492264,30272389,robot_1,3.017,-3.209
1777492264,249978817,robot_2,-1.319,4.305
1777492264,250004864,robot_4,2.404,2.242
1777492264,250014860,robot_0,-4.749,-0.593
1777492264,250022736,robot_3,1.771,0.801
1777492264,250030934,robot_1,3.017,-3.209
1777492264,469898597,robot_2,-1.319,4.305
1777492264,469924852,robot_4,2.404,2.242
1777492264,469936800,robot_0,-4.749,-0.593
1777492264,469946499,robot_3,1.771,0.801
1777492264,469964024,robot_1,3.017,-3.209
1777492264,670144531,robot_2,-1.319,4.305
1777492264,670173455,robot_4,2.404,2.242
1777492264,670187532,robot_0,-4.749,-0.593
1777492264,670200253,robot_3,1.771,0.801
1777492264,670211313,robot_1,3.017,-3.209
1777492264,889197972,robot_2,-1.319,4.305
1777492264,889217122,robot_4,2.404,2.242
1777492264,889224301,robot_0,-4.749,-0.593
1777492264,889230179,robot_3,1.771,0.801
1777492264,889235662,robot_1,3.017,-3.209
1777492265,89634131,robot_2,-1.319,4.305
1777492265,89652329,robot_4,2.404,2.242
1777492265,89660241,robot_0,-4.749,-0.593
1777492265,89667423,robot_3,1.771,0.801
1777492265,89674276,robot_1,3.017,-3.209
1777492265,312274502,robot_2,-1.319,4.305
1777492265,312294551,robot_4,2.404,2.242
1777492265,312301006,robot_0,-4.749,-0.593
1777492265,312307125,robot_3,1.771,0.801
1777492265,312312343,robot_1,3.017,-3.209
1777492265,529624081,robot_2,-1.319,4.305
1777492265,529648106,robot_4,2.404,2.242
1777492265,529658644,robot_0,-4.749,-0.593
1777492265,529667127,robot_3,1.771,0.801
1777492265,529675233,robot_1,3.017,-3.209
1777492265,750024312,robot_2,-1.319,4.305
1777492265,750056447,robot_4,2.404,2.242
1777492265,750069230,robot_0,-4.749,-0.593
1777492265,750080368,robot_3,1.771,0.801
1777492265,750090414,robot_1,3.017,-3.209
1777492265,968657855,robot_2,-1.319,4.305
1777492265,968676732,robot_4,2.404,2.242
1777492265,968683239,robot_0,-4.749,-0.593
1777492265,968689006,robot_3,1.771,0.801
1777492265,968694023,robot_1,3.017,-3.209
1777492266,168769147,robot_2,-1.319,4.305
1777492266,168785966,robot_4,2.404,2.242
1777492266,168792233,robot_0,-4.749,-0.593
1777492266,168798086,robot_3,1.771,0.801
1777492266,168803312,robot_1,3.017,-3.209
1777492266,369724704,robot_2,-1.319,4.305
1777492266,369750435,robot_4,2.404,2.242
1777492266,369761789,robot_0,-4.749,-0.593
1777492266,369771890,robot_3,1.771,0.801
1777492266,369781651,robot_1,3.017,-3.209
1777492266,590084345,robot_2,-1.319,4.305
1777492266,590113430,robot_4,2.404,2.242
1777492266,590127949,robot_0,-4.749,-0.593
1777492266,590139943,robot_3,1.771,0.801
1777492266,590151618,robot_1,3.017,-3.209
1777492266,809070078,robot_2,-1.319,4.305
1777492266,809090797,robot_4,2.404,2.242
1777492266,809097707,robot_0,-4.749,-0.593
1777492266,809103302,robot_3,1.771,0.801
1777492266,809108908,robot_1,3.017,-3.209
1777492267,9619719,robot_2,-1.319,4.305
1777492267,9645773,robot_4,2.404,2.242
1777492267,9657143,robot_0,-4.749,-0.593
1777492267,9667192,robot_3,1.771,0.801
1777492267,9676925,robot_1,3.017,-3.209
1777492267,210259768,robot_2,-1.319,4.305
1777492267,210285426,robot_4,2.404,2.242
1777492267,210292757,robot_0,-4.749,-0.593
1777492267,210299322,robot_3,1.771,0.801
1777492267,210305779,robot_1,3.017,-3.209
1777492267,429515583,robot_2,-1.319,4.305
1777492267,429535882,robot_4,2.404,2.242
1777492267,429544356,robot_0,-4.749,-0.593
1777492267,429551559,robot_3,1.771,0.801
1777492267,429558902,robot_1,3.017,-3.209
1777492267,630080395,robot_2,-1.319,4.305
1777492267,630104283,robot_4,2.404,2.242
1777492267,630115678,robot_0,-4.749,-0.593
1777492267,630125485,robot_3,1.771,0.801
1777492267,630134491,robot_1,3.017,-3.209
1777492267,848948596,robot_2,-1.319,4.305
1777492267,848969107,robot_4,2.404,2.242
1777492267,848976648,robot_0,-4.749,-0.593
1777492267,848982839,robot_3,1.771,0.801
1777492267,848988356,robot_1,3.017,-3.209
1777492268,50298596,robot_2,-1.319,4.305
1777492268,50320499,robot_4,2.404,2.242
1777492268,50329658,robot_0,-4.749,-0.593
1777492268,50338033,robot_3,1.771,0.801
1777492268,50345872,robot_1,3.017,-3.209
1777492268,269640140,robot_2,-1.319,4.305
1777492268,269666650,robot_4,2.404,2.242
1777492268,269677073,robot_0,-4.749,-0.593
1777492268,269685241,robot_3,1.771,0.801
1777492268,269692583,robot_1,3.017,-3.209
1777492268,469658962,robot_2,-1.319,4.305
1777492268,469676615,robot_4,2.404,2.242
1777492268,469683797,robot_0,-4.749,-0.593
1777492268,469690150,robot_3,1.771,0.801
1777492268,469695583,robot_1,3.017,-3.209
1777492268,690481002,robot_2,-1.319,4.305
1777492268,690508519,robot_4,2.404,2.242
1777492268,690520064,robot_0,-4.749,-0.593
1777492268,690530777,robot_3,1.771,0.801
1777492268,690540515,robot_1,3.017,-3.209
1777492268,909236667,robot_2,-1.319,4.305
1777492268,909260625,robot_4,2.404,2.242
1777492268,909271699,robot_0,-4.749,-0.593
1777492268,909281130,robot_3,1.771,0.801
1777492268,909289794,robot_1,3.017,-3.209
1777492269,109454029,robot_2,-1.319,4.305
1777492269,109482987,robot_4,2.404,2.242
1777492269,109489650,robot_0,-4.749,-0.593
1777492269,109496876,robot_3,1.771,0.801
1777492269,109502419,robot_1,3.017,-3.209
1777492269,310827639,robot_2,-1.319,4.305
1777492269,310848558,robot_4,2.404,2.242
1777492269,310855384,robot_0,-4.749,-0.593
1777492269,310860599,robot_3,1.771,0.801
1777492269,310865578,robot_1,3.017,-3.209
1777492269,528947240,robot_2,-1.319,4.305
1777492269,528964245,robot_4,2.404,2.242
1777492269,528970697,robot_0,-4.749,-0.593
1777492269,528976271,robot_3,1.771,0.801
1777492269,528981630,robot_1,3.017,-3.209
1777492269,729502948,robot_2,-1.319,4.305
1777492269,729524291,robot_4,2.404,2.242
1777492269,729533105,robot_0,-4.749,-0.593
1777492269,729540407,robot_3,1.771,0.801
1777492269,729547573,robot_1,3.017,-3.209
1777492269,929534497,robot_2,-1.319,4.305
1777492269,929561672,robot_4,2.404,2.242
1777492269,929572733,robot_0,-4.749,-0.593
1777492269,929582099,robot_3,1.771,0.801
1777492269,929591201,robot_1,3.017,-3.209
1777492270,129631281,robot_2,-1.319,4.305
1777492270,129658973,robot_4,2.404,2.242
1777492270,129671258,robot_0,-4.749,-0.593
1777492270,129681756,robot_3,1.771,0.801
1777492270,129691999,robot_1,3.017,-3.209
1777492270,348961376,robot_2,-1.319,4.305
1777492270,348980711,robot_4,2.404,2.242
1777492270,348988262,robot_0,-4.749,-0.593
1777492270,348993827,robot_3,1.771,0.801
1777492270,348999301,robot_1,3.017,-3.209
1777492270,550543373,robot_2,-1.319,4.305
1777492270,550569013,robot_4,2.404,2.242
1777492270,550577555,robot_0,-4.749,-0.593
1777492270,550584482,robot_3,1.771,0.801
1777492270,550591095,robot_1,3.017,-3.209
1777492270,769004543,robot_2,-1.319,4.305
1777492270,769021920,robot_4,2.404,2.242
1777492270,769028480,robot_0,-4.749,-0.593
1777492270,769034031,robot_3,1.771,0.801
1777492270,769039294,robot_1,3.017,-3.209
1777492270,969332380,robot_2,-1.319,4.305
1777492270,969353034,robot_4,2.404,2.242
1777492270,969360835,robot_0,-4.749,-0.593
1777492270,969367132,robot_3,1.771,0.801
1777492270,969373295,robot_1,3.017,-3.209
1777492271,169446935,robot_2,-1.319,4.305
1777492271,169472526,robot_4,2.404,2.242
1777492271,169484192,robot_0,-4.749,-0.593
1777492271,169494216,robot_3,1.771,0.801
1777492271,169503504,robot_1,3.017,-3.209
1777492271,369455941,robot_2,-1.319,4.305
1777492271,369486701,robot_4,2.404,2.242
1777492271,369494722,robot_0,-4.749,-0.593
1777492271,369502711,robot_3,1.771,0.801
1777492271,369509498,robot_1,3.017,-3.209
1777492271,589907443,robot_2,-1.319,4.305
1777492271,589924949,robot_4,2.404,2.242
1777492271,589931319,robot_0,-4.749,-0.593
1777492271,589937035,robot_3,1.771,0.801
1777492271,589942447,robot_1,3.017,-3.209
1777492271,810090644,robot_2,-1.319,4.305
1777492271,810121999,robot_4,2.404,2.242
1777492271,810129891,robot_0,-4.749,-0.593
1777492271,810136377,robot_3,1.771,0.801
1777492271,810142265,robot_1,3.017,-3.209
1777492272,28875506,robot_2,-1.319,4.305
1777492272,28894640,robot_4,2.404,2.242
1777492272,28901196,robot_0,-4.749,-0.593
1777492272,28907031,robot_3,1.771,0.801
1777492272,28912148,robot_1,3.017,-3.209
1777492272,230328647,robot_2,-1.319,4.305
1777492272,230344475,robot_4,2.404,2.242
1777492272,230350844,robot_0,-4.749,-0.593
1777492272,230356370,robot_3,1.771,0.801
1777492272,230361203,robot_1,3.017,-3.209
1777492272,449462979,robot_2,-1.319,4.305
1777492272,449487439,robot_4,2.404,2.242
1777492272,449497790,robot_0,-4.749,-0.593
1777492272,449507000,robot_3,1.771,0.801
1777492272,449514600,robot_1,3.017,-3.209
1777492272,649835575,robot_2,-1.319,4.305
1777492272,649859391,robot_4,2.404,2.242
1777492272,649871137,robot_0,-4.749,-0.593
1777492272,649880902,robot_3,1.771,0.801
1777492272,649895222,robot_1,3.017,-3.209
1777492272,869900655,robot_2,-1.319,4.305
1777492272,869927962,robot_4,2.404,2.242
1777492272,869939744,robot_0,-4.749,-0.593
1777492272,869951354,robot_3,1.771,0.801
1777492272,869962038,robot_1,3.017,-3.209
1777492273,90003589,robot_2,-1.319,4.305
1777492273,90023858,robot_4,2.404,2.242
1777492273,90032655,robot_0,-4.749,-0.593
1777492273,90040335,robot_3,1.771,0.801
1777492273,90047800,robot_1,3.017,-3.209
1777492273,312115257,robot_2,-1.319,4.305
1777492273,312140322,robot_4,2.404,2.242
1777492273,312150461,robot_0,-4.749,-0.593
1777492273,312159814,robot_3,1.771,0.801
1777492273,312168477,robot_1,3.017,-3.209
1777492273,530246899,robot_2,-1.319,4.305
1777492273,530268850,robot_4,2.404,2.242
1777492273,530277891,robot_0,-4.749,-0.593
1777492273,530285879,robot_3,1.771,0.801
1777492273,530292815,robot_1,3.017,-3.209
1777492273,748946756,robot_2,-1.319,4.305
1777492273,748969407,robot_4,2.404,2.242
1777492273,748976267,robot_0,-4.749,-0.593
1777492273,748981686,robot_3,1.771,0.801
1777492273,748987193,robot_1,3.017,-3.209
1777492273,950083709,robot_2,-1.319,4.305
1777492273,950109863,robot_4,2.404,2.242
1777492273,950120586,robot_0,-4.749,-0.593
1777492273,950130713,robot_3,1.771,0.801
1777492273,950140674,robot_1,3.017,-3.209
1777492274,169960779,robot_2,-1.319,4.305
1777492274,169989351,robot_4,2.404,2.242
1777492274,170000238,robot_0,-4.749,-0.593
1777492274,170010000,robot_3,1.771,0.801
1777492274,170019414,robot_1,3.017,-3.209
1777492274,389679743,robot_2,-1.319,4.305
1777492274,389698017,robot_4,2.404,2.242
1777492274,389704659,robot_0,-4.749,-0.593
1777492274,389710538,robot_3,1.771,0.801
1777492274,389715885,robot_1,3.017,-3.209
1777492274,610222216,robot_2,-1.319,4.305
1777492274,610251684,robot_4,2.404,2.242
1777492274,610262848,robot_0,-4.749,-0.593
1777492274,610271821,robot_3,1.771,0.801
1777492274,610280199,robot_1,3.017,-3.209
1777492274,829064498,robot_2,-1.319,4.305
1777492274,829083429,robot_4,2.404,2.242
1777492274,829090141,robot_0,-4.749,-0.593
1777492274,829096444,robot_3,1.771,0.801
1777492274,829101635,robot_1,3.017,-3.209
1777492275,29825739,robot_2,-1.319,4.305
1777492275,29843474,robot_4,2.404,2.242
1777492275,29851137,robot_0,-4.749,-0.593
1777492275,29858394,robot_3,1.771,0.801
1777492275,29864583,robot_1,3.017,-3.209
1777492275,249787485,robot_2,-1.319,4.305
1777492275,249805697,robot_4,2.404,2.242
1777492275,249813602,robot_0,-4.749,-0.593
1777492275,249820785,robot_3,1.771,0.801
1777492275,249827227,robot_1,3.017,-3.209
1777492275,450154358,robot_2,-1.319,4.305
1777492275,450172085,robot_4,2.404,2.242
1777492275,450179150,robot_0,-4.749,-0.593
1777492275,450185245,robot_3,1.771,0.801
1777492275,450190846,robot_1,3.017,-3.209
1777492275,669975508,robot_2,-1.319,4.305
1777492275,670000757,robot_4,2.404,2.242
1777492275,670012422,robot_0,-4.749,-0.593
1777492275,670023460,robot_3,1.771,0.801
1777492275,670032657,robot_1,3.017,-3.209
1777492275,870596411,robot_2,-1.319,4.305
1777492275,870634628,robot_4,2.404,2.242
1777492275,870649444,robot_0,-4.749,-0.593
1777492275,870662705,robot_3,1.771,0.801
1777492275,870674901,robot_1,3.017,-3.209
1777492276,90048630,robot_2,-1.319,4.305
1777492276,90074986,robot_4,2.404,2.242
1777492276,90088133,robot_0,-4.749,-0.593
1777492276,90098590,robot_3,1.771,0.801
1777492276,90108196,robot_1,3.017,-3.209
1777492276,309747633,robot_2,-1.319,4.305
1777492276,309779636,robot_4,2.404,2.242
1777492276,309793388,robot_0,-4.749,-0.593
1777492276,309804011,robot_3,1.771,0.801
1777492276,309813954,robot_1,3.017,-3.209
1777492276,529675334,robot_2,-1.319,4.305
1777492276,529697165,robot_4,2.404,2.242
1777492276,529705729,robot_0,-4.749,-0.593
1777492276,529713373,robot_3,1.771,0.801
1777492276,529720280,robot_1,3.017,-3.209
1777492276,748635813,robot_2,-1.319,4.305
1777492276,748653537,robot_4,2.404,2.242
1777492276,748661284,robot_0,-4.749,-0.593
1777492276,748667816,robot_3,1.771,0.801
1777492276,748674019,robot_1,3.017,-3.209
1777492276,948984653,robot_2,-1.319,4.305
1777492276,949003222,robot_4,2.404,2.242
1777492276,949009840,robot_0,-4.749,-0.593
1777492276,949015690,robot_3,1.771,0.801
1777492276,949021068,robot_1,3.017,-3.209
1777492277,168509115,robot_2,-1.319,4.305
1777492277,168532230,robot_4,2.404,2.242
1777492277,168538764,robot_0,-4.749,-0.593
1777492277,168544580,robot_3,1.771,0.801
1777492277,168550372,robot_1,3.017,-3.209
1777492277,368856802,robot_2,-1.319,4.305
1777492277,368875900,robot_4,2.404,2.242
1777492277,368883107,robot_0,-4.749,-0.593
1777492277,368888747,robot_3,1.771,0.801
1777492277,368899099,robot_1,3.017,-3.209
1777492277,569474483,robot_2,-1.319,4.305
1777492277,569493540,robot_4,2.404,2.242
1777492277,569501805,robot_0,-4.749,-0.593
1777492277,569508262,robot_3,1.771,0.801
1777492277,569514272,robot_1,3.017,-3.209
1777492277,789004450,robot_2,-1.319,4.305
1777492277,789020315,robot_4,2.404,2.242
1777492277,789028250,robot_0,-4.749,-0.593
1777492277,789033545,robot_3,1.771,0.801
1777492277,789039195,robot_1,3.017,-3.209
1777492277,990037896,robot_2,-1.319,4.305
1777492277,990060126,robot_4,2.404,2.242
1777492277,990069851,robot_0,-4.749,-0.593
1777492277,990079196,robot_3,1.771,0.801
1777492277,990087449,robot_1,3.017,-3.209
1777492278,190056962,robot_2,-1.319,4.305
1777492278,190082987,robot_4,2.404,2.242
1777492278,190090792,robot_0,-4.749,-0.593
1777492278,190098240,robot_3,1.771,0.801
1777492278,190104744,robot_1,3.017,-3.209
1777492278,390119428,robot_2,-1.319,4.305
1777492278,390144131,robot_4,2.404,2.242
1777492278,390154377,robot_0,-4.749,-0.593
1777492278,390163440,robot_3,1.771,0.801
1777492278,390171570,robot_1,3.017,-3.209
1777492278,609529715,robot_2,-1.319,4.305
1777492278,609560331,robot_4,2.404,2.242
1777492278,609571901,robot_0,-4.749,-0.593
1777492278,609582486,robot_3,1.771,0.801
1777492278,609592585,robot_1,3.017,-3.209
1777492278,810230626,robot_2,-1.319,4.305
1777492278,810257227,robot_4,2.404,2.242
1777492278,810270344,robot_0,-4.749,-0.593
1777492278,810279827,robot_3,1.771,0.801
1777492278,810289905,robot_1,3.017,-3.209
1777492279,30038935,robot_2,-1.319,4.305
1777492279,30063206,robot_4,2.404,2.242
1777492279,30074219,robot_0,-4.749,-0.593
1777492279,30084289,robot_3,1.771,0.801
1777492279,30093164,robot_1,3.017,-3.209
1777492279,249261221,robot_2,-1.319,4.305
1777492279,249282364,robot_4,2.404,2.242
1777492279,249288844,robot_0,-4.749,-0.593
1777492279,249294661,robot_3,1.771,0.801
1777492279,249299757,robot_1,3.017,-3.209
1777492279,450131540,robot_2,-1.319,4.305
1777492279,450160883,robot_4,2.404,2.242
1777492279,450171948,robot_0,-4.749,-0.593
1777492279,450181318,robot_3,1.771,0.801
1777492279,450190055,robot_1,3.017,-3.209
1777492279,669144840,robot_2,-1.319,4.305
1777492279,669161645,robot_4,2.404,2.242
1777492279,669168275,robot_0,-4.749,-0.593
1777492279,669173801,robot_3,1.771,0.801
1777492279,669178895,robot_1,3.017,-3.209
1777492279,870332136,robot_2,-1.319,4.305
1777492279,870364628,robot_4,2.404,2.242
1777492279,870374846,robot_0,-4.749,-0.593
1777492279,870383461,robot_3,1.771,0.801
1777492279,870390784,robot_1,3.017,-3.209
1777492280,90142876,robot_2,-1.319,4.305
1777492280,90158823,robot_4,2.404,2.242
1777492280,90164853,robot_0,-4.749,-0.593
1777492280,90170638,robot_3,1.771,0.801
1777492280,90176349,robot_1,3.017,-3.209
1777492280,290923972,robot_2,-1.319,4.305
1777492280,290942938,robot_4,2.404,2.242
1777492280,290950531,robot_0,-4.749,-0.593
1777492280,290957261,robot_3,1.771,0.801
1777492280,290963648,robot_1,3.017,-3.209
1777492280,510004645,robot_2,-1.319,4.305
1777492280,510029938,robot_4,2.404,2.242
1777492280,510039660,robot_0,-4.749,-0.593
1777492280,510047342,robot_3,1.771,0.801
1777492280,510053693,robot_1,3.017,-3.209
1777492280,710676073,robot_2,-1.319,4.305
1777492280,710712314,robot_4,2.404,2.242
1777492280,710727735,robot_0,-4.749,-0.593
1777492280,710740817,robot_3,1.771,0.801
1777492280,710752353,robot_1,3.017,-3.209
1777492280,929934764,robot_2,-1.319,4.305
1777492280,929960140,robot_4,2.404,2.242
1777492280,929970912,robot_0,-4.749,-0.593
1777492280,929980190,robot_3,1.771,0.801
1777492280,929988764,robot_1,3.017,-3.209
1777492281,148644364,robot_2,-1.319,4.305
1777492281,148664943,robot_4,2.404,2.242
1777492281,148671498,robot_0,-4.749,-0.593
1777492281,148678394,robot_3,1.771,0.801
1777492281,148684107,robot_1,3.017,-3.209
1777492281,349290012,robot_2,-1.319,4.305
1777492281,349312964,robot_4,2.404,2.242
1777492281,349320495,robot_0,-4.749,-0.593
1777492281,349326332,robot_3,1.771,0.801
1777492281,349331791,robot_1,3.017,-3.209
1777492281,549851856,robot_2,-1.319,4.305
1777492281,549886195,robot_4,2.404,2.242
1777492281,549903483,robot_0,-4.749,-0.593
1777492281,549913441,robot_3,1.771,0.801
1777492281,549922225,robot_1,3.017,-3.209
1777492281,749889628,robot_2,-1.319,4.305
1777492281,749912119,robot_4,2.404,2.242
1777492281,749920839,robot_0,-4.749,-0.593
1777492281,749928106,robot_3,1.771,0.801
1777492281,749935488,robot_1,3.017,-3.209
1777492281,969919317,robot_2,-1.319,4.305
1777492281,969938031,robot_4,2.404,2.242
1777492281,969944471,robot_0,-4.749,-0.593
1777492281,969950018,robot_3,1.771,0.801
1777492281,969955143,robot_1,3.017,-3.209
1777492282,190737019,robot_2,-1.319,4.305
1777492282,190765837,robot_4,2.404,2.242
1777492282,190780046,robot_0,-4.749,-0.593
1777492282,190791907,robot_3,1.771,0.801
1777492282,190802724,robot_1,3.017,-3.209
1777492282,410149171,robot_2,-1.319,4.305
1777492282,410170211,robot_4,2.404,2.242
1777492282,410179469,robot_0,-4.749,-0.593
1777492282,410188024,robot_3,1.771,0.801
1777492282,410195903,robot_1,3.017,-3.209
1777492282,629643270,robot_2,-1.319,4.305
1777492282,629666257,robot_4,2.404,2.242
1777492282,629677165,robot_0,-4.749,-0.593
1777492282,629686540,robot_3,1.771,0.801
1777492282,629695658,robot_1,3.017,-3.209
1777492282,830141152,robot_2,-1.319,4.305
1777492282,830181810,robot_4,2.404,2.242
1777492282,830198083,robot_0,-4.749,-0.593
1777492282,830212558,robot_3,1.771,0.801
1777492282,830226395,robot_1,3.017,-3.209
1777492283,49899420,robot_2,-1.319,4.305
1777492283,49926812,robot_4,2.404,2.242
1777492283,49933898,robot_0,-4.749,-0.593
1777492283,49940721,robot_3,1.771,0.801
1777492283,49946736,robot_1,3.017,-3.209
1777492283,268648536,robot_2,-1.319,4.305
1777492283,268664684,robot_4,2.404,2.242
1777492283,268671127,robot_0,-4.749,-0.593
1777492283,268676610,robot_3,1.771,0.801
1777492283,268682012,robot_1,3.017,-3.209
1777492283,470033592,robot_2,-1.319,4.305
1777492283,470058893,robot_4,2.404,2.242
1777492283,470070541,robot_0,-4.749,-0.593
1777492283,470079652,robot_3,1.771,0.801
1777492283,470088509,robot_1,3.017,-3.209
1777492283,689464280,robot_2,-1.319,4.305
1777492283,689480701,robot_4,2.404,2.242
1777492283,689487220,robot_0,-4.749,-0.593
1777492283,689492646,robot_3,1.771,0.801
1777492283,689497893,robot_1,3.017,-3.209
1777492283,890900348,robot_2,-1.319,4.305
1777492283,890925980,robot_4,2.404,2.242
1777492283,890936548,robot_0,-4.749,-0.593
1777492283,890945840,robot_3,1.771,0.801
1777492283,890954312,robot_1,3.017,-3.209
1777492284,109771672,robot_2,-1.319,4.305
1777492284,109798864,robot_4,2.404,2.242
1777492284,109808353,robot_0,-4.749,-0.593
1777492284,109818556,robot_3,1.771,0.801
1777492284,109827711,robot_1,3.017,-3.209
1777492284,311178911,robot_2,-1.319,4.305
1777492284,311198984,robot_4,2.404,2.242
1777492284,311206078,robot_0,-4.749,-0.593
1777492284,311211537,robot_3,1.771,0.801
1777492284,311217129,robot_1,3.017,-3.209
1777492284,529134939,robot_2,-1.319,4.305
1777492284,529152444,robot_4,2.404,2.242
1777492284,529159230,robot_0,-4.749,-0.593
1777492284,529164617,robot_3,1.771,0.801
1777492284,529169971,robot_1,3.017,-3.209
1777492284,748616872,robot_2,-1.319,4.305
1777492284,748633199,robot_4,2.404,2.242
1777492284,748639279,robot_0,-4.749,-0.593
1777492284,748644745,robot_3,1.771,0.801
1777492284,748649905,robot_1,3.017,-3.209
1777492284,949673646,robot_2,-1.319,4.305
1777492284,949693710,robot_4,2.404,2.242
1777492284,949702963,robot_0,-4.749,-0.593
1777492284,949711616,robot_3,1.771,0.801
1777492284,949718469,robot_1,3.017,-3.209
1777492285,150305364,robot_2,-1.319,4.305
1777492285,150336237,robot_4,2.404,2.242
1777492285,150347348,robot_0,-4.749,-0.593
1777492285,150356854,robot_3,1.771,0.801
1777492285,150365886,robot_1,3.017,-3.209
1777492285,369748970,robot_2,-1.319,4.305
1777492285,369771778,robot_4,2.404,2.242
1777492285,369781116,robot_0,-4.749,-0.593
1777492285,369789010,robot_3,1.771,0.801
1777492285,369796561,robot_1,3.017,-3.209
1777492285,589648900,robot_2,-1.319,4.305
1777492285,589665800,robot_4,2.404,2.242
1777492285,589672313,robot_0,-4.749,-0.593
1777492285,589678635,robot_3,1.771,0.801
1777492285,589684029,robot_1,3.017,-3.209
1777492285,790452261,robot_2,-1.319,4.305
1777492285,790490192,robot_4,2.404,2.242
1777492285,790510195,robot_0,-4.749,-0.593
1777492285,790528675,robot_3,1.771,0.801
1777492285,790545771,robot_1,3.017,-3.209
1777492286,9642440,robot_2,-1.319,4.305
1777492286,9673758,robot_4,2.404,2.242
1777492286,9688396,robot_0,-4.749,-0.593
1777492286,9700530,robot_3,1.771,0.801
1777492286,9712462,robot_1,3.017,-3.209
1777492286,229776666,robot_2,-1.319,4.305
1777492286,229797947,robot_4,2.404,2.242
1777492286,229807701,robot_0,-4.749,-0.593
1777492286,229816077,robot_3,1.771,0.801
1777492286,229824349,robot_1,3.017,-3.209
1777492286,448650174,robot_2,-1.319,4.305
1777492286,448667682,robot_4,2.404,2.242
1777492286,448674787,robot_0,-4.749,-0.593
1777492286,448680579,robot_3,1.771,0.801
1777492286,448686058,robot_1,3.017,-3.209
1777492286,649097856,robot_2,-1.319,4.305
1777492286,649119980,robot_4,2.404,2.242
1777492286,649126536,robot_0,-4.749,-0.593
1777492286,649131916,robot_3,1.771,0.801
1777492286,649137523,robot_1,3.017,-3.209
1777492286,849799356,robot_2,-1.319,4.305
1777492286,849817941,robot_4,2.404,2.242
1777492286,849824144,robot_0,-4.749,-0.593
1777492286,849829448,robot_3,1.771,0.801
1777492286,849834808,robot_1,3.017,-3.209
1777492287,49821660,robot_2,-1.319,4.305
1777492287,49838816,robot_4,2.404,2.242
1777492287,49845788,robot_0,-4.749,-0.593
1777492287,49851704,robot_3,1.771,0.801
1777492287,49857525,robot_1,3.017,-3.209
1777492287,250109683,robot_2,-1.319,4.305
1777492287,250138087,robot_4,2.404,2.242
1777492287,250148188,robot_0,-4.749,-0.593
1777492287,250156785,robot_3,1.771,0.801
1777492287,250165005,robot_1,3.017,-3.209
1777492287,470076546,robot_2,-1.319,4.305
1777492287,470099160,robot_4,2.404,2.242
1777492287,470109139,robot_0,-4.749,-0.593
1777492287,470118387,robot_3,1.771,0.801
1777492287,470126532,robot_1,3.017,-3.209
1777492287,689063285,robot_2,-1.319,4.305
1777492287,689084674,robot_4,2.404,2.242
1777492287,689091563,robot_0,-4.749,-0.593
1777492287,689097226,robot_3,1.771,0.801
1777492287,689102619,robot_1,3.017,-3.209
1777492287,889877671,robot_2,-1.319,4.305
1777492287,889910094,robot_4,2.404,2.242
1777492287,889922560,robot_0,-4.749,-0.593
1777492287,889933415,robot_3,1.771,0.801
1777492287,889943324,robot_1,3.017,-3.209
1777492288,110469171,robot_2,-1.319,4.305
1777492288,110489150,robot_4,2.404,2.242
1777492288,110500888,robot_0,-4.749,-0.593
1777492288,110508652,robot_3,1.771,0.801
1777492288,110515611,robot_1,3.017,-3.209
1777492288,310647711,robot_2,-1.319,4.305
1777492288,310669712,robot_4,2.404,2.242
1777492288,310677451,robot_0,-4.749,-0.593
1777492288,310684107,robot_3,1.771,0.801
1777492288,310690200,robot_1,3.017,-3.209
1777492288,530358184,robot_2,-1.319,4.305
1777492288,530381672,robot_4,2.404,2.242
1777492288,530392224,robot_0,-4.749,-0.593
1777492288,530400996,robot_3,1.771,0.801
1777492288,530409563,robot_1,3.017,-3.209
1777492288,750362413,robot_2,-1.319,4.305
1777492288,750392303,robot_4,2.404,2.242
1777492288,750406522,robot_0,-4.749,-0.593
1777492288,750419339,robot_3,1.771,0.801
1777492288,750430954,robot_1,3.017,-3.209
1777492288,969874886,robot_2,-1.319,4.305
1777492288,969903103,robot_4,2.404,2.242
1777492288,969916164,robot_0,-4.749,-0.593
1777492288,969924620,robot_3,1.771,0.801
1777492288,969932279,robot_1,3.017,-3.209
1777492289,170273871,robot_2,-1.319,4.305
1777492289,170302746,robot_4,2.404,2.242
1777492289,170312596,robot_0,-4.749,-0.593
1777492289,170321583,robot_3,1.771,0.801
1777492289,170330336,robot_1,3.017,-3.209
1777492289,389114855,robot_2,-1.319,4.305
1777492289,389132742,robot_4,2.404,2.242
1777492289,389140214,robot_0,-4.749,-0.593
1777492289,389146839,robot_3,1.771,0.801
1777492289,389152614,robot_1,3.017,-3.209
1777492289,590297278,robot_2,-1.319,4.305
1777492289,590328946,robot_4,2.404,2.242
1777492289,590342506,robot_0,-4.749,-0.593
1777492289,590356100,robot_3,1.771,0.801
1777492289,590367516,robot_1,3.017,-3.209
1777492289,809388504,robot_2,-1.319,4.305
1777492289,809408313,robot_4,2.404,2.242
1777492289,809415291,robot_0,-4.749,-0.593
1777492289,809421133,robot_3,1.771,0.801
1777492289,809426825,robot_1,3.017,-3.209
1777492290,10429393,robot_2,-1.319,4.305
1777492290,10458143,robot_4,2.404,2.242
1777492290,10467812,robot_0,-4.749,-0.593
1777492290,10477314,robot_3,1.771,0.801
1777492290,10485089,robot_1,3.017,-3.209
1777492290,229999334,robot_2,-1.319,4.305
1777492290,230020994,robot_4,2.404,2.242
1777492290,230030929,robot_0,-4.749,-0.593
1777492290,230038257,robot_3,1.771,0.801
1777492290,230045963,robot_1,3.017,-3.209
1777492290,450075003,robot_2,-1.319,4.305
1777492290,450092544,robot_4,2.404,2.242
1777492290,450100349,robot_0,-4.749,-0.593
1777492290,450106477,robot_3,1.771,0.801
1777492290,450112439,robot_1,3.017,-3.209
1777492290,669763810,robot_2,-1.319,4.305
1777492290,669802685,robot_4,2.404,2.242
1777492290,669817418,robot_0,-4.749,-0.593
1777492290,669829619,robot_3,1.771,0.801
1777492290,669841201,robot_1,3.017,-3.209
1777492290,888725957,robot_2,-1.319,4.305
1777492290,888743077,robot_4,2.404,2.242
1777492290,888749785,robot_0,-4.749,-0.593
1777492290,888755583,robot_3,1.771,0.801
1777492290,888760690,robot_1,3.017,-3.209
1777492291,91045660,robot_2,-1.319,4.305
1777492291,91074340,robot_4,2.404,2.242
1777492291,91088639,robot_0,-4.749,-0.593
1777492291,91101098,robot_3,1.771,0.801
1777492291,91112550,robot_1,3.017,-3.209
1777492291,312011241,robot_2,-1.319,4.305
1777492291,312032465,robot_4,2.404,2.242
1777492291,312039426,robot_0,-4.749,-0.593
1777492291,312045487,robot_3,1.771,0.801
1777492291,312051596,robot_1,3.017,-3.209
1777492291,530040214,robot_2,-1.319,4.305
1777492291,530066224,robot_4,2.404,2.242
1777492291,530077409,robot_0,-4.749,-0.593
1777492291,530087295,robot_3,1.771,0.801
1777492291,530096644,robot_1,3.017,-3.209
1777492291,730251142,robot_2,-1.319,4.305
1777492291,730270599,robot_4,2.404,2.242
1777492291,730279609,robot_0,-4.749,-0.593
1777492291,730286978,robot_3,1.771,0.801
1777492291,730294011,robot_1,3.017,-3.209
1777492291,950023338,robot_2,-1.319,4.305
1777492291,950044429,robot_4,2.404,2.242
1777492291,950053443,robot_0,-4.749,-0.593
1777492291,950061734,robot_3,1.771,0.801
1777492291,950069336,robot_1,3.017,-3.209
1777492292,168597971,robot_2,-1.319,4.305
1777492292,168621645,robot_4,2.404,2.242
1777492292,168628639,robot_0,-4.749,-0.593
1777492292,168634535,robot_3,1.771,0.801
1777492292,168640681,robot_1,3.017,-3.209
1777492292,369601028,robot_2,-1.319,4.305
1777492292,369627253,robot_4,2.404,2.242
1777492292,369637528,robot_0,-4.749,-0.593
1777492292,369646463,robot_3,1.771,0.801
1777492292,369654495,robot_1,3.017,-3.209
1777492292,589166376,robot_2,-1.319,4.305
1777492292,589182762,robot_4,2.404,2.242
1777492292,589189145,robot_0,-4.749,-0.593
1777492292,589195226,robot_3,1.771,0.801
1777492292,589200277,robot_1,3.017,-3.209
1777492292,790321832,robot_2,-1.319,4.305
1777492292,790349199,robot_4,2.404,2.242
1777492292,790361670,robot_0,-4.749,-0.593
1777492292,790373952,robot_3,1.771,0.801
1777492292,790383703,robot_1,3.017,-3.209
1777492292,990543917,robot_2,-1.319,4.305
1777492292,990566261,robot_4,2.404,2.242
1777492292,990575726,robot_0,-4.749,-0.593
1777492292,990584303,robot_3,1.771,0.801
1777492292,990592211,robot_1,3.017,-3.209
1777492293,190803392,robot_2,-1.319,4.305
1777492293,190824038,robot_4,2.404,2.242
1777492293,190832235,robot_0,-4.749,-0.593
1777492293,190839512,robot_3,1.771,0.801
1777492293,190846572,robot_1,3.017,-3.209
1777492293,408991938,robot_2,-1.319,4.305
1777492293,409010174,robot_4,2.404,2.242
1777492293,409017634,robot_0,-4.749,-0.593
1777492293,409023589,robot_3,1.771,0.801
1777492293,409028748,robot_1,3.017,-3.209
1777492293,610560474,robot_2,-1.319,4.305
1777492293,610581503,robot_4,2.404,2.242
1777492293,610590683,robot_0,-4.749,-0.593
1777492293,610598362,robot_3,1.771,0.801
1777492293,610605528,robot_1,3.017,-3.209
1777492293,830026076,robot_2,-1.319,4.305
1777492293,830045126,robot_4,2.404,2.242
1777492293,830051928,robot_0,-4.749,-0.593
1777492293,830058356,robot_3,1.771,0.801
1777492293,830063632,robot_1,3.017,-3.209
1777492294,49040970,robot_2,-1.319,4.305
1777492294,49059365,robot_4,2.404,2.242
1777492294,49066902,robot_0,-4.749,-0.593
1777492294,49073414,robot_3,1.771,0.801
1777492294,49079363,robot_1,3.017,-3.209
1777492294,249825873,robot_2,-1.319,4.305
1777492294,249846542,robot_4,2.404,2.242
1777492294,249855204,robot_0,-4.749,-0.593
1777492294,249863857,robot_3,1.771,0.801
1777492294,249871263,robot_1,3.017,-3.209
1777492294,469943354,robot_2,-1.319,4.305
1777492294,469962881,robot_4,2.404,2.242
1777492294,469971366,robot_0,-4.749,-0.593
1777492294,469978592,robot_3,1.771,0.801
1777492294,469985762,robot_1,3.017,-3.209
1777492294,689079126,robot_2,-1.319,4.305
1777492294,689105573,robot_4,2.404,2.242
1777492294,689114221,robot_0,-4.749,-0.593
1777492294,689121592,robot_3,1.771,0.801
1777492294,689128187,robot_1,3.017,-3.209
1777492294,890234500,robot_2,-1.319,4.305
1777492294,890267577,robot_4,2.404,2.242
1777492294,890284727,robot_0,-4.749,-0.593
1777492294,890298129,robot_3,1.771,0.801
1777492294,890311564,robot_1,3.017,-3.209
1777492295,108635011,robot_2,-1.319,4.305
1777492295,108652102,robot_4,2.404,2.242
1777492295,108658555,robot_0,-4.749,-0.593
1777492295,108664183,robot_3,1.771,0.801
1777492295,108669085,robot_1,3.017,-3.209
1777492295,309722912,robot_2,-1.319,4.305
1777492295,309752372,robot_4,2.404,2.242
1777492295,309761874,robot_0,-4.749,-0.593
1777492295,309770849,robot_3,1.771,0.801
1777492295,309778936,robot_1,3.017,-3.209
1777492295,510022560,robot_2,-1.319,4.305
1777492295,510045472,robot_4,2.404,2.242
1777492295,510056380,robot_0,-4.749,-0.593
1777492295,510065376,robot_3,1.771,0.801
1777492295,510073744,robot_1,3.017,-3.209
1777492295,729941337,robot_2,-1.319,4.305
1777492295,729957963,robot_4,2.404,2.242
1777492295,729964829,robot_0,-4.749,-0.593
1777492295,729970992,robot_3,1.771,0.801
1777492295,729976205,robot_1,3.017,-3.209
1777492295,930325640,robot_2,-1.319,4.305
1777492295,930346965,robot_4,2.404,2.242
1777492295,930355595,robot_0,-4.749,-0.593
1777492295,930362903,robot_3,1.771,0.801
1777492295,930369397,robot_1,3.017,-3.209
1777492296,149604036,robot_2,-1.319,4.305
1777492296,149625416,robot_4,2.404,2.242
1777492296,149634766,robot_0,-4.749,-0.593
1777492296,149643394,robot_3,1.771,0.801
1777492296,149650671,robot_1,3.017,-3.209
1777492296,369508778,robot_2,-1.319,4.305
1777492296,369527862,robot_4,2.404,2.242
1777492296,369534482,robot_0,-4.749,-0.593
1777492296,369540607,robot_3,1.771,0.801
1777492296,369546132,robot_1,3.017,-3.209
1777492296,569996699,robot_2,-1.319,4.305
1777492296,570023127,robot_4,2.404,2.242
1777492296,570031607,robot_0,-4.749,-0.593
1777492296,570039188,robot_3,1.771,0.801
1777492296,570045925,robot_1,3.017,-3.209
1777492296,770097860,robot_2,-1.319,4.305
1777492296,770116220,robot_4,2.404,2.242
1777492296,770123839,robot_0,-4.749,-0.593
1777492296,770130533,robot_3,1.771,0.801
1777492296,770136372,robot_1,3.017,-3.209
1777492296,990447285,robot_2,-1.319,4.305
1777492296,990470955,robot_4,2.404,2.242
1777492296,990481489,robot_0,-4.749,-0.593
1777492296,990490439,robot_3,1.771,0.801
1777492296,990497906,robot_1,3.017,-3.209
1777492297,209334718,robot_2,-1.319,4.305
1777492297,209352974,robot_4,2.404,2.242
1777492297,209360354,robot_0,-4.749,-0.593
1777492297,209367050,robot_3,1.771,0.801
1777492297,209376082,robot_1,3.017,-3.209
1777492297,429617783,robot_2,-1.319,4.305
1777492297,429641628,robot_4,2.404,2.242
1777492297,429652378,robot_0,-4.749,-0.593
1777492297,429661553,robot_3,1.771,0.801
1777492297,429670072,robot_1,3.017,-3.209
1777492297,629678367,robot_2,-1.319,4.305
1777492297,629705441,robot_4,2.404,2.242
1777492297,629714269,robot_0,-4.749,-0.593
1777492297,629721983,robot_3,1.771,0.801
1777492297,629728810,robot_1,3.017,-3.209
1777492297,830314490,robot_2,-1.319,4.305
1777492297,830334351,robot_4,2.404,2.242
1777492297,830341303,robot_0,-4.749,-0.593
1777492297,830347102,robot_3,1.771,0.801
1777492297,830352259,robot_1,3.017,-3.209
1777492298,49801246,robot_2,-1.319,4.305
1777492298,49824651,robot_4,2.404,2.242
1777492298,49832125,robot_0,-4.749,-0.593
1777492298,49838451,robot_3,1.771,0.801
1777492298,49844820,robot_1,3.017,-3.209
1777492298,250640208,robot_2,-1.319,4.305
1777492298,250668804,robot_4,2.404,2.242
1777492298,250679607,robot_0,-4.749,-0.593
1777492298,250689665,robot_3,1.771,0.801
1777492298,250698391,robot_1,3.017,-3.209
1777492298,470497195,robot_2,-1.319,4.305
1777492298,470518453,robot_4,2.404,2.242
1777492298,470527565,robot_0,-4.749,-0.593
1777492298,470535708,robot_3,1.771,0.801
1777492298,470542837,robot_1,3.017,-3.209
1777492298,690229670,robot_2,-1.319,4.305
1777492298,690249469,robot_4,2.404,2.242
1777492298,690257645,robot_0,-4.749,-0.593
1777492298,690265233,robot_3,1.771,0.801
1777492298,690272303,robot_1,3.017,-3.209
1777492298,909171608,robot_2,-1.319,4.305
1777492298,909195040,robot_4,2.404,2.242
1777492298,909202167,robot_0,-4.749,-0.593
1777492298,909208471,robot_3,1.771,0.801
1777492298,909214034,robot_1,3.017,-3.209
1777492299,110360736,robot_2,-1.319,4.305
1777492299,110391793,robot_4,2.404,2.242
1777492299,110403595,robot_0,-4.749,-0.593
1777492299,110414907,robot_3,1.771,0.801
1777492299,110423892,robot_1,3.017,-3.209
1777492299,311681614,robot_2,-1.319,4.305
1777492299,311701059,robot_4,2.404,2.242
1777492299,311708532,robot_0,-4.749,-0.593
1777492299,311714606,robot_3,1.771,0.801
1777492299,311720633,robot_1,3.017,-3.209
1777492299,529286957,robot_2,-1.319,4.305
1777492299,529322617,robot_4,2.404,2.242
1777492299,529335302,robot_0,-4.749,-0.593
1777492299,529345543,robot_3,1.771,0.801
1777492299,529355558,robot_1,3.017,-3.209
1777492299,729882035,robot_2,-1.319,4.305
1777492299,729908935,robot_4,2.404,2.242
1777492299,729918927,robot_0,-4.749,-0.593
1777492299,729927652,robot_3,1.771,0.801
1777492299,729935446,robot_1,3.017,-3.209
1777492299,930302988,robot_2,-1.319,4.305
1777492299,930323761,robot_4,2.404,2.242
1777492299,930332283,robot_0,-4.749,-0.593
1777492299,930339807,robot_3,1.771,0.801
1777492299,930346272,robot_1,3.017,-3.209
1777492300,149953082,robot_2,-1.319,4.305
1777492300,149998706,robot_4,2.404,2.242
1777492300,150015497,robot_0,-4.749,-0.593
1777492300,150029520,robot_3,1.771,0.801
1777492300,150042206,robot_1,3.017,-3.209
1777492300,350317492,robot_2,-1.319,4.305
1777492300,350349462,robot_4,2.404,2.242
1777492300,350363404,robot_0,-4.749,-0.593
1777492300,350375685,robot_3,1.771,0.801
1777492300,350386540,robot_1,3.017,-3.209
1777492300,570124217,robot_2,-1.319,4.305
1777492300,570155919,robot_4,2.404,2.242
1777492300,570167642,robot_0,-4.749,-0.593
1777492300,570178397,robot_3,1.771,0.801
1777492300,570188094,robot_1,3.017,-3.209
1777492300,789365208,robot_2,-1.319,4.305
1777492300,789389214,robot_4,2.404,2.242
1777492300,789395893,robot_0,-4.749,-0.593
1777492300,789401350,robot_3,1.771,0.801
1777492300,789406631,robot_1,3.017,-3.209
1777492300,989942279,robot_2,-1.319,4.305
1777492300,989965729,robot_4,2.404,2.242
1777492300,989975341,robot_0,-4.749,-0.593
1777492300,989983747,robot_3,1.771,0.801
1777492300,989992537,robot_1,3.017,-3.209
1777492301,208573690,robot_2,-1.319,4.305
1777492301,208589743,robot_4,2.404,2.242
1777492301,208597168,robot_0,-4.749,-0.593
1777492301,208604823,robot_3,1.771,0.801
1777492301,208611735,robot_1,3.017,-3.209
1777492301,409372683,robot_2,-1.319,4.305
1777492301,409393923,robot_4,2.404,2.242
1777492301,409404262,robot_0,-4.749,-0.593
1777492301,409411995,robot_3,1.771,0.801
1777492301,409419039,robot_1,3.017,-3.209
1777492301,629858861,robot_2,-1.319,4.305
1777492301,629877612,robot_4,2.404,2.242
1777492301,629885701,robot_0,-4.749,-0.593
1777492301,629895729,robot_3,1.771,0.801
1777492301,629902721,robot_1,3.017,-3.209
1777492301,830278620,robot_2,-1.319,4.305
1777492301,830297353,robot_4,2.404,2.242
1777492301,830303744,robot_0,-4.749,-0.593
1777492301,830309331,robot_3,1.771,0.801
1777492301,830314128,robot_1,3.017,-3.209
1777492302,50363166,robot_2,-1.319,4.305
1777492302,50381624,robot_4,2.404,2.242
1777492302,50389577,robot_0,-4.749,-0.593
1777492302,50396608,robot_3,1.771,0.801
1777492302,50403003,robot_1,3.017,-3.209
1777492302,269985683,robot_2,-1.319,4.305
1777492302,270013647,robot_4,2.404,2.242
1777492302,270022070,robot_0,-4.749,-0.593
1777492302,270030110,robot_3,1.771,0.801
1777492302,270037989,robot_1,3.017,-3.209
1777492302,490810719,robot_2,-1.319,4.305
1777492302,490831249,robot_4,2.404,2.242
1777492302,490840029,robot_0,-4.749,-0.593
1777492302,490847220,robot_3,1.771,0.801
1777492302,490854215,robot_1,3.017,-3.209
1777492302,709604707,robot_2,-1.319,4.305
1777492302,709627452,robot_4,2.404,2.242
1777492302,709635267,robot_0,-4.749,-0.593
1777492302,709641077,robot_3,1.771,0.801
1777492302,709646331,robot_1,3.017,-3.209
1777492302,909904270,robot_2,-1.319,4.305
1777492302,909932101,robot_4,2.404,2.242
1777492302,909941920,robot_0,-4.749,-0.593
1777492302,909950763,robot_3,1.771,0.801
1777492302,909958419,robot_1,3.017,-3.209
1777492303,128563272,robot_2,-1.319,4.305
1777492303,128587360,robot_4,2.404,2.242
1777492303,128593960,robot_0,-4.749,-0.593
1777492303,128600153,robot_3,1.771,0.801
1777492303,128605663,robot_1,3.017,-3.209
1777492303,329683204,robot_2,-1.319,4.305
1777492303,329702757,robot_4,2.404,2.242
1777492303,329709699,robot_0,-4.749,-0.593
1777492303,329715092,robot_3,1.771,0.801
1777492303,329720004,robot_1,3.017,-3.209
1777492303,529951442,robot_2,-1.319,4.305
1777492303,529973842,robot_4,2.404,2.242
1777492303,529983444,robot_0,-4.749,-0.593
1777492303,529991930,robot_3,1.771,0.801
1777492303,530000212,robot_1,3.017,-3.209
1777492303,749750672,robot_2,-1.319,4.305
1777492303,749769511,robot_4,2.404,2.242
1777492303,749776868,robot_0,-4.749,-0.593
1777492303,749782963,robot_3,1.771,0.801
1777492303,749789433,robot_1,3.017,-3.209
1777492303,969866645,robot_2,-1.319,4.305
1777492303,969886653,robot_4,2.404,2.242
1777492303,969898556,robot_0,-4.749,-0.593
1777492303,969906934,robot_3,1.771,0.801
1777492303,969913165,robot_1,3.017,-3.209
1777492304,189238065,robot_2,-1.319,4.305
1777492304,189254494,robot_4,2.404,2.242
1777492304,189262015,robot_0,-4.749,-0.593
1777492304,189268181,robot_3,1.771,0.801
1777492304,189274077,robot_1,3.017,-3.209
1777492304,390577202,robot_2,-1.319,4.305
1777492304,390601941,robot_4,2.404,2.242
1777492304,390612685,robot_0,-4.749,-0.593
1777492304,390622443,robot_3,1.771,0.801
1777492304,390630931,robot_1,3.017,-3.209
1777492304,609718568,robot_2,-1.319,4.305
1777492304,609758069,robot_4,2.404,2.242
1777492304,609774698,robot_0,-4.749,-0.593
1777492304,609788426,robot_3,1.771,0.801
1777492304,609801311,robot_1,3.017,-3.209
1777492304,810842661,robot_2,-1.319,4.305
1777492304,810862258,robot_4,2.404,2.242
1777492304,810869048,robot_0,-4.749,-0.593
1777492304,810874748,robot_3,1.771,0.801
1777492304,810879957,robot_1,3.017,-3.209
1777492305,29177737,robot_2,-1.319,4.305
1777492305,29195940,robot_4,2.404,2.242
1777492305,29203838,robot_0,-4.749,-0.593
1777492305,29210931,robot_3,1.771,0.801
1777492305,29217233,robot_1,3.017,-3.209
1777492305,229743633,robot_2,-1.319,4.305
1777492305,229763527,robot_4,2.404,2.242
1777492305,229773041,robot_0,-4.749,-0.593
1777492305,229780635,robot_3,1.771,0.801
1777492305,229787462,robot_1,3.017,-3.209
1777492305,429969851,robot_2,-1.319,4.305
1777492305,429993177,robot_4,2.404,2.242
1777492305,430003119,robot_0,-4.749,-0.593
1777492305,430011926,robot_3,1.771,0.801
1777492305,430020210,robot_1,3.017,-3.209
1777492305,630146114,robot_2,-1.319,4.305
1777492305,630178514,robot_4,2.404,2.242
1777492305,630192799,robot_0,-4.749,-0.593
1777492305,630204902,robot_3,1.771,0.801
1777492305,630215824,robot_1,3.017,-3.209
1777492305,830743618,robot_2,-1.319,4.305
1777492305,830763674,robot_4,2.404,2.242
1777492305,830770547,robot_0,-4.749,-0.593
1777492305,830777147,robot_3,1.771,0.801
1777492305,830782977,robot_1,3.017,-3.209
1777492306,49804686,robot_2,-1.319,4.305
1777492306,49825917,robot_4,2.404,2.242
1777492306,49834680,robot_0,-4.749,-0.593
1777492306,49842464,robot_3,1.771,0.801
1777492306,49849432,robot_1,3.017,-3.209
1777492306,268797537,robot_2,-1.319,4.305
1777492306,268819621,robot_4,2.404,2.242
1777492306,268825736,robot_0,-4.749,-0.593
1777492306,268831286,robot_3,1.771,0.801
1777492306,268836139,robot_1,3.017,-3.209
1777492306,469902289,robot_2,-1.319,4.305
1777492306,469931859,robot_4,2.404,2.242
1777492306,469944268,robot_0,-4.749,-0.593
1777492306,469955753,robot_3,1.771,0.801
1777492306,469967248,robot_1,3.017,-3.209
1777492306,670249400,robot_2,-1.319,4.305
1777492306,670274386,robot_4,2.404,2.242
1777492306,670282831,robot_0,-4.749,-0.593
1777492306,670290136,robot_3,1.771,0.801
1777492306,670297225,robot_1,3.017,-3.209
1777492306,888788028,robot_2,-1.319,4.305
1777492306,888804947,robot_4,2.404,2.242
1777492306,888811325,robot_0,-4.749,-0.593
1777492306,888817139,robot_3,1.771,0.801
1777492306,888822738,robot_1,3.017,-3.209
1777492307,89742136,robot_2,-1.319,4.305
1777492307,89762784,robot_4,2.404,2.242
1777492307,89771703,robot_0,-4.749,-0.593
1777492307,89779416,robot_3,1.771,0.801
1777492307,89786674,robot_1,3.017,-3.209
1777492307,309688597,robot_2,-1.319,4.305
1777492307,309714845,robot_4,2.404,2.242
1777492307,309725100,robot_0,-4.749,-0.593
1777492307,309734589,robot_3,1.771,0.801
1777492307,309743700,robot_1,3.017,-3.209
1777492307,529061327,robot_2,-1.319,4.305
1777492307,529079272,robot_4,2.404,2.242
1777492307,529085853,robot_0,-4.749,-0.593
1777492307,529091281,robot_3,1.771,0.801
1777492307,529096717,robot_1,3.017,-3.209
1777492307,748623012,robot_2,-1.319,4.305
1777492307,748646846,robot_4,2.404,2.242
1777492307,748654123,robot_0,-4.749,-0.593
1777492307,748659700,robot_3,1.771,0.801
1777492307,748665038,robot_1,3.017,-3.209
1777492307,949761215,robot_2,-1.319,4.305
1777492307,949781454,robot_4,2.404,2.242
1777492307,949788930,robot_0,-4.749,-0.593
1777492307,949796069,robot_3,1.771,0.801
1777492307,949802437,robot_1,3.017,-3.209
1777492308,150424876,robot_2,-1.319,4.305
1777492308,150455444,robot_4,2.404,2.242
1777492308,150467112,robot_0,-4.749,-0.593
1777492308,150478613,robot_3,1.771,0.801
1777492308,150488327,robot_1,3.017,-3.209
1777492308,369600275,robot_2,-1.319,4.305
1777492308,369619772,robot_4,2.404,2.242
1777492308,369626698,robot_0,-4.749,-0.593
1777492308,369632927,robot_3,1.771,0.801
1777492308,369638259,robot_1,3.017,-3.209
1777492308,588774934,robot_2,-1.319,4.305
1777492308,588791265,robot_4,2.404,2.242
1777492308,588797764,robot_0,-4.749,-0.593
1777492308,588803161,robot_3,1.771,0.801
1777492308,588808019,robot_1,3.017,-3.209
1777492308,789539218,robot_2,-1.319,4.305
1777492308,789555466,robot_4,2.404,2.242
1777492308,789562567,robot_0,-4.749,-0.593
1777492308,789568088,robot_3,1.771,0.801
1777492308,789573515,robot_1,3.017,-3.209
1777492308,990009950,robot_2,-1.319,4.305
1777492308,990032516,robot_4,2.404,2.242
1777492308,990042641,robot_0,-4.749,-0.593
1777492308,990051767,robot_3,1.771,0.801
1777492308,990059753,robot_1,3.017,-3.209
1777492309,208625478,robot_2,-1.319,4.305
1777492309,208640814,robot_4,2.404,2.242
1777492309,208647068,robot_0,-4.749,-0.593
1777492309,208653622,robot_3,1.771,0.801
1777492309,208658770,robot_1,3.017,-3.209
1777492309,410483951,robot_2,-1.319,4.305
1777492309,410515185,robot_4,2.404,2.242
1777492309,410529304,robot_0,-4.749,-0.593
1777492309,410541690,robot_3,1.771,0.801
1777492309,410553579,robot_1,3.017,-3.209
1777492309,629939343,robot_2,-1.319,4.305
1777492309,629960764,robot_4,2.404,2.242
1777492309,629970062,robot_0,-4.749,-0.593
1777492309,629977621,robot_3,1.771,0.801
1777492309,629985167,robot_1,3.017,-3.209
1777492309,848876651,robot_2,-1.319,4.305
1777492309,848898174,robot_4,2.404,2.242
1777492309,848904938,robot_0,-4.749,-0.593
1777492309,848910927,robot_3,1.771,0.801
1777492309,848916539,robot_1,3.017,-3.209
1777492310,49947569,robot_2,-1.319,4.305
1777492310,49966922,robot_4,2.404,2.242
1777492310,49975259,robot_0,-4.749,-0.593
1777492310,49982129,robot_3,1.771,0.801
1777492310,49988957,robot_1,3.017,-3.209
1777492310,250379586,robot_2,-1.319,4.305
1777492310,250408616,robot_4,2.404,2.242
1777492310,250425027,robot_0,-4.749,-0.593
1777492310,250433969,robot_3,1.771,0.801
1777492310,250440909,robot_1,3.017,-3.209
1777492310,450719158,robot_2,-1.319,4.305
1777492310,450745011,robot_4,2.404,2.242
1777492310,450757704,robot_0,-4.749,-0.593
1777492310,450768576,robot_3,1.771,0.801
1777492310,450778312,robot_1,3.017,-3.209
1777492310,670413609,robot_2,-1.319,4.305
1777492310,670437084,robot_4,2.404,2.242
1777492310,670448427,robot_0,-4.749,-0.593
1777492310,670458648,robot_3,1.771,0.801
1777492310,670467464,robot_1,3.017,-3.209
1777492310,890043731,robot_2,-1.319,4.305
1777492310,890061558,robot_4,2.404,2.242
1777492310,890068807,robot_0,-4.749,-0.593
1777492310,890074758,robot_3,1.771,0.801
1777492310,890080435,robot_1,3.017,-3.209
1777492311,109541919,robot_2,-1.319,4.305
1777492311,109558351,robot_4,2.404,2.242
1777492311,109565252,robot_0,-4.749,-0.593
1777492311,109571200,robot_3,1.771,0.801
1777492311,109576331,robot_1,3.017,-3.209
1777492311,309638380,robot_2,-1.319,4.305
1777492311,309659392,robot_4,2.404,2.242
1777492311,309666104,robot_0,-4.749,-0.593
1777492311,309671560,robot_3,1.771,0.801
1777492311,309676904,robot_1,3.017,-3.209
1777492311,510366128,robot_2,-1.319,4.305
1777492311,510395071,robot_4,2.404,2.242
1777492311,510404285,robot_0,-4.749,-0.593
1777492311,510411931,robot_3,1.771,0.801
1777492311,510419316,robot_1,3.017,-3.209
1777492311,729892637,robot_2,-1.319,4.305
1777492311,729915770,robot_4,2.404,2.242
1777492311,729925423,robot_0,-4.749,-0.593
1777492311,729934490,robot_3,1.771,0.801
1777492311,729942788,robot_1,3.017,-3.209
1777492311,930012422,robot_2,-1.319,4.305
1777492311,930035479,robot_4,2.404,2.242
1777492311,930045014,robot_0,-4.749,-0.593
1777492311,930053551,robot_3,1.771,0.801
1777492311,930061827,robot_1,3.017,-3.209
1777492312,149797245,robot_2,-1.319,4.305
1777492312,149823013,robot_4,2.404,2.242
1777492312,149834060,robot_0,-4.749,-0.593
1777492312,149843707,robot_3,1.771,0.801
1777492312,149853067,robot_1,3.017,-3.209
1777492312,369676741,robot_2,-1.319,4.305
1777492312,369701269,robot_4,2.404,2.242
1777492312,369711370,robot_0,-4.749,-0.593
1777492312,369719674,robot_3,1.771,0.801
1777492312,369727145,robot_1,3.017,-3.209
1777492312,570072462,robot_2,-1.319,4.305
1777492312,570096195,robot_4,2.404,2.242
1777492312,570106792,robot_0,-4.749,-0.593
1777492312,570115942,robot_3,1.771,0.801
1777492312,570124386,robot_1,3.017,-3.209
1777492312,788947962,robot_2,-1.319,4.305
1777492312,788964072,robot_4,2.404,2.242
1777492312,788970242,robot_0,-4.749,-0.593
1777492312,788975709,robot_3,1.771,0.801
1777492312,788981037,robot_1,3.017,-3.209
1777492312,990940344,robot_2,-1.319,4.305
1777492312,990964012,robot_4,2.404,2.242
1777492312,990974763,robot_0,-4.749,-0.593
1777492312,990984064,robot_3,1.771,0.801
1777492312,990993668,robot_1,3.017,-3.209
1777492313,209166207,robot_2,-1.319,4.305
1777492313,209201080,robot_4,2.404,2.242
1777492313,209210700,robot_0,-4.749,-0.593
1777492313,209219218,robot_3,1.771,0.801
1777492313,209227354,robot_1,3.017,-3.209
1777492313,409300435,robot_2,-1.319,4.305
1777492313,409325368,robot_4,2.404,2.242
1777492313,409337742,robot_0,-4.749,-0.593
1777492313,409347594,robot_3,1.771,0.801
1777492313,409357019,robot_1,3.017,-3.209
1777492313,609532728,robot_2,-1.319,4.305
1777492313,609558163,robot_4,2.404,2.242
1777492313,609570536,robot_0,-4.749,-0.593
1777492313,609576478,robot_3,1.771,0.801
1777492313,609581755,robot_1,3.017,-3.209
1777492313,829343274,robot_2,-1.319,4.305
1777492313,829362745,robot_4,2.404,2.242
1777492313,829369659,robot_0,-4.749,-0.593
1777492313,829375599,robot_3,1.771,0.801
1777492313,829380638,robot_1,3.017,-3.209
1777492314,30187263,robot_2,-1.319,4.305
1777492314,30209097,robot_4,2.404,2.242
1777492314,30219518,robot_0,-4.749,-0.593
1777492314,30229060,robot_3,1.771,0.801
1777492314,30236482,robot_1,3.017,-3.209
1777492314,250259928,robot_2,-1.319,4.305
1777492314,250288990,robot_4,2.404,2.242
1777492314,250299621,robot_0,-4.749,-0.593
1777492314,250308527,robot_3,1.771,0.801
1777492314,250317059,robot_1,3.017,-3.209
1777492314,470213538,robot_2,-1.319,4.305
1777492314,470232120,robot_4,2.404,2.242
1777492314,470242015,robot_0,-4.749,-0.593
1777492314,470250201,robot_3,1.771,0.801
1777492314,470257190,robot_1,3.017,-3.209
1777492314,688651355,robot_2,-1.319,4.305
1777492314,688668789,robot_4,2.404,2.242
1777492314,688675811,robot_0,-4.749,-0.593
1777492314,688681986,robot_3,1.771,0.801
1777492314,688687405,robot_1,3.017,-3.209
1777492314,889039884,robot_2,-1.319,4.305
1777492314,889065639,robot_4,2.404,2.242
1777492314,889072108,robot_0,-4.749,-0.593
1777492314,889078761,robot_3,1.771,0.801
1777492314,889084013,robot_1,3.017,-3.209
1777492315,89955627,robot_2,-1.319,4.305
1777492315,89980090,robot_4,2.404,2.242
1777492315,89989444,robot_0,-4.749,-0.593
1777492315,89996924,robot_3,1.771,0.801
1777492315,90004557,robot_1,3.017,-3.209
1777492315,290405985,robot_2,-1.319,4.305
1777492315,290423868,robot_4,2.404,2.242
1777492315,290431123,robot_0,-4.749,-0.593
1777492315,290437327,robot_3,1.771,0.801
1777492315,290442895,robot_1,3.017,-3.209
1777492315,509649038,robot_2,-1.319,4.305
1777492315,509679074,robot_4,2.404,2.242
1777492315,509689482,robot_0,-4.749,-0.593
1777492315,509698486,robot_3,1.771,0.801
1777492315,509706828,robot_1,3.017,-3.209
1777492315,728779932,robot_2,-1.319,4.305
1777492315,728797248,robot_4,2.404,2.242
1777492315,728803491,robot_0,-4.749,-0.593
1777492315,728809470,robot_3,1.771,0.801
1777492315,728815498,robot_1,3.017,-3.209
1777492315,930159251,robot_2,-1.319,4.305
1777492315,930180512,robot_4,2.404,2.242
1777492315,930189311,robot_0,-4.749,-0.593
1777492315,930196892,robot_3,1.771,0.801
1777492315,930203825,robot_1,3.017,-3.209
1777492316,149184813,robot_2,-1.319,4.305
1777492316,149202209,robot_4,2.404,2.242
1777492316,149209004,robot_0,-4.749,-0.593
1777492316,149215483,robot_3,1.771,0.801
1777492316,149221014,robot_1,3.017,-3.209
1777492316,368953476,robot_2,-1.319,4.305
1777492316,368971611,robot_4,2.404,2.242
1777492316,368978226,robot_0,-4.749,-0.593
1777492316,368983938,robot_3,1.771,0.801
1777492316,368988950,robot_1,3.017,-3.209
1777492316,569936046,robot_2,-1.319,4.305
1777492316,569963183,robot_4,2.404,2.242
1777492316,569975641,robot_0,-4.749,-0.593
1777492316,569986508,robot_3,1.771,0.801
1777492316,569996060,robot_1,3.017,-3.209
1777492316,788900149,robot_2,-1.319,4.305
1777492316,788925453,robot_4,2.404,2.242
1777492316,788932649,robot_0,-4.749,-0.593
1777492316,788937921,robot_3,1.771,0.801
1777492316,788943743,robot_1,3.017,-3.209
1777492317,8631258,robot_2,-1.319,4.305
1777492317,8653621,robot_4,2.404,2.242
1777492317,8662379,robot_0,-4.749,-0.593
1777492317,8670368,robot_3,1.771,0.801
1777492317,8677182,robot_1,3.017,-3.209
1777492317,228610968,robot_2,-1.319,4.305
1777492317,228626230,robot_4,2.404,2.242
1777492317,228632570,robot_0,-4.749,-0.593
1777492317,228638439,robot_3,1.771,0.801
1777492317,228643882,robot_1,3.017,-3.209
1777492317,430107045,robot_2,-1.319,4.305
1777492317,430127868,robot_4,2.404,2.242
1777492317,430137156,robot_0,-4.749,-0.593
1777492317,430144824,robot_3,1.771,0.801
1777492317,430152420,robot_1,3.017,-3.209
1777492317,649922727,robot_2,-1.319,4.305
1777492317,649939766,robot_4,2.404,2.242
1777492317,649947494,robot_0,-4.749,-0.593
1777492317,649954217,robot_3,1.771,0.801
1777492317,649960804,robot_1,3.017,-3.209
1777492317,870133863,robot_2,-1.319,4.305
1777492317,870154594,robot_4,2.404,2.242
1777492317,870162756,robot_0,-4.749,-0.593
1777492317,870170202,robot_3,1.771,0.801
1777492317,870176581,robot_1,3.017,-3.209
1777492318,90439419,robot_2,-1.319,4.305
1777492318,90476500,robot_4,2.404,2.242
1777492318,90497940,robot_0,-4.749,-0.593
1777492318,90515055,robot_3,1.771,0.801
1777492318,90530506,robot_1,3.017,-3.209
1777492318,311299895,robot_2,-1.319,4.305
1777492318,311320750,robot_4,2.404,2.242
1777492318,311328835,robot_0,-4.749,-0.593
1777492318,311335599,robot_3,1.771,0.801
1777492318,311342525,robot_1,3.017,-3.209
1777492318,530287165,robot_2,-1.319,4.305
1777492318,530310837,robot_4,2.404,2.242
1777492318,530320840,robot_0,-4.749,-0.593
1777492318,530329480,robot_3,1.771,0.801
1777492318,530337687,robot_1,3.017,-3.209
1777492318,748432547,robot_2,-1.319,4.305
1777492318,748455955,robot_4,2.404,2.242
1777492318,748462769,robot_0,-4.749,-0.593
1777492318,748468396,robot_3,1.771,0.801
1777492318,748473956,robot_1,3.017,-3.209
1777492318,949858270,robot_2,-1.319,4.305
1777492318,949884341,robot_4,2.404,2.242
1777492318,949897533,robot_0,-4.749,-0.593
1777492318,949906402,robot_3,1.771,0.801
1777492318,949915403,robot_1,3.017,-3.209
1777492319,168866288,robot_2,-1.319,4.305
1777492319,168883213,robot_4,2.404,2.242
1777492319,168893322,robot_0,-4.749,-0.593
1777492319,168899417,robot_3,1.771,0.801
1777492319,168904641,robot_1,3.017,-3.209
1777492319,390052357,robot_2,-1.319,4.305
1777492319,390085476,robot_4,2.404,2.242
1777492319,390102625,robot_0,-4.749,-0.593
1777492319,390117171,robot_3,1.771,0.801
1777492319,390130383,robot_1,3.017,-3.209
1777492319,609625763,robot_2,-1.319,4.305
1777492319,609642552,robot_4,2.404,2.242
1777492319,609649263,robot_0,-4.749,-0.593
1777492319,609655070,robot_3,1.771,0.801
1777492319,609660668,robot_1,3.017,-3.209
1777492319,810587551,robot_2,-1.319,4.305
1777492319,810606366,robot_4,2.404,2.242
1777492319,810613915,robot_0,-4.749,-0.593
1777492319,810619402,robot_3,1.771,0.801
1777492319,810624685,robot_1,3.017,-3.209
1777492320,30160156,robot_2,-1.319,4.305
1777492320,30181070,robot_4,2.404,2.242
1777492320,30189410,robot_0,-4.749,-0.593
1777492320,30197177,robot_3,1.771,0.801
1777492320,30203678,robot_1,3.017,-3.209
1777492320,230282762,robot_2,-1.319,4.305
1777492320,230305813,robot_4,2.404,2.242
1777492320,230316167,robot_0,-4.749,-0.593
1777492320,230325773,robot_3,1.771,0.801
1777492320,230333627,robot_1,3.017,-3.209
1777492320,449644126,robot_2,-1.319,4.305
1777492320,449662161,robot_4,2.404,2.242
1777492320,449669259,robot_0,-4.749,-0.593
1777492320,449675413,robot_3,1.771,0.801
1777492320,449681000,robot_1,3.017,-3.209
1777492320,668978456,robot_2,-1.319,4.305
1777492320,668995184,robot_4,2.404,2.242
1777492320,669002086,robot_0,-4.749,-0.593
1777492320,669008130,robot_3,1.771,0.801
1777492320,669013856,robot_1,3.017,-3.209
1777492320,870464790,robot_2,-1.319,4.305
1777492320,870493395,robot_4,2.404,2.242
1777492320,870506776,robot_0,-4.749,-0.593
1777492320,870518508,robot_3,1.771,0.801
1777492320,870529130,robot_1,3.017,-3.209
1777492321,90523629,robot_2,-1.319,4.305
1777492321,90551156,robot_4,2.404,2.242
1777492321,90564708,robot_0,-4.749,-0.593
1777492321,90576217,robot_3,1.771,0.801
1777492321,90587001,robot_1,3.017,-3.209
1777492321,309487242,robot_2,-1.319,4.305
1777492321,309507754,robot_4,2.404,2.242
1777492321,309514385,robot_0,-4.749,-0.593
1777492321,309520833,robot_3,1.771,0.801
1777492321,309527563,robot_1,3.017,-3.209
1777492321,528994292,robot_2,-1.319,4.305
1777492321,529012186,robot_4,2.404,2.242
1777492321,529018451,robot_0,-4.749,-0.593
1777492321,529024275,robot_3,1.771,0.801
1777492321,529029462,robot_1,3.017,-3.209
1777492321,730060318,robot_2,-1.319,4.305
1777492321,730081999,robot_4,2.404,2.242
1777492321,730091096,robot_0,-4.749,-0.593
1777492321,730098670,robot_3,1.771,0.801
1777492321,730105745,robot_1,3.017,-3.209
1777492321,930287324,robot_2,-1.319,4.305
1777492321,930314983,robot_4,2.404,2.242
1777492321,930327606,robot_0,-4.749,-0.593
1777492321,930334585,robot_3,1.771,0.801
1777492321,930341478,robot_1,3.017,-3.209
1777492322,150051688,robot_2,-1.319,4.305
1777492322,150074378,robot_4,2.404,2.242
1777492322,150081152,robot_0,-4.749,-0.593
1777492322,150087543,robot_3,1.771,0.801
1777492322,150093138,robot_1,3.017,-3.209
1777492322,351505769,robot_2,-1.319,4.305
1777492322,351527389,robot_4,2.404,2.242
1777492322,351535930,robot_0,-4.749,-0.593
1777492322,351543701,robot_3,1.771,0.801
1777492322,351550843,robot_1,3.017,-3.209
1777492322,568711622,robot_2,-1.319,4.305
1777492322,568728798,robot_4,2.404,2.242
1777492322,568735383,robot_0,-4.749,-0.593
1777492322,568741343,robot_3,1.771,0.801
1777492322,568746919,robot_1,3.017,-3.209
1777492322,770526730,robot_2,-1.319,4.305
1777492322,770552595,robot_4,2.404,2.242
1777492322,770561705,robot_0,-4.749,-0.593
1777492322,770569986,robot_3,1.771,0.801
1777492322,770577003,robot_1,3.017,-3.209
1777492322,989994694,robot_2,-1.319,4.305
1777492322,990013151,robot_4,2.404,2.242
1777492322,990019830,robot_0,-4.749,-0.593
1777492322,990025993,robot_3,1.771,0.801
1777492322,990031699,robot_1,3.017,-3.209
1777492323,208686619,robot_2,-1.319,4.305
1777492323,208702399,robot_4,2.404,2.242
1777492323,208708911,robot_0,-4.749,-0.593
1777492323,208714538,robot_3,1.771,0.801
1777492323,208720302,robot_1,3.017,-3.209
1777492323,408813716,robot_2,-1.319,4.305
1777492323,408831419,robot_4,2.404,2.242
1777492323,408838668,robot_0,-4.749,-0.593
1777492323,408844970,robot_3,1.771,0.801
1777492323,408850706,robot_1,3.017,-3.209
1777492323,609500089,robot_2,-1.319,4.305
1777492323,609524184,robot_4,2.404,2.242
1777492323,609533434,robot_0,-4.749,-0.593
1777492323,609541166,robot_3,1.771,0.801
1777492323,609548561,robot_1,3.017,-3.209
1777492323,810398825,robot_2,-1.319,4.305
1777492323,810418928,robot_4,2.404,2.242
1777492323,810426396,robot_0,-4.749,-0.593
1777492323,810432978,robot_3,1.771,0.801
1777492323,810438281,robot_1,3.017,-3.209
1777492324,30123551,robot_2,-1.319,4.305
1777492324,30150607,robot_4,2.404,2.242
1777492324,30159638,robot_0,-4.749,-0.593
1777492324,30167148,robot_3,1.771,0.801
1777492324,30173884,robot_1,3.017,-3.209
1777492324,230268857,robot_2,-1.319,4.305
1777492324,230291837,robot_4,2.404,2.242
1777492324,230301874,robot_0,-4.749,-0.593
1777492324,230311086,robot_3,1.771,0.801
1777492324,230319320,robot_1,3.017,-3.209
1777492324,448630485,robot_2,-1.319,4.305
1777492324,448647489,robot_4,2.404,2.242
1777492324,448654292,robot_0,-4.749,-0.593
1777492324,448659583,robot_3,1.771,0.801
1777492324,448664817,robot_1,3.017,-3.209
1777492324,648971330,robot_2,-1.319,4.305
1777492324,648992152,robot_4,2.404,2.242
1777492324,648998462,robot_0,-4.749,-0.593
1777492324,649003977,robot_3,1.771,0.801
1777492324,649009398,robot_1,3.017,-3.209
1777492324,849505146,robot_2,-1.319,4.305
1777492324,849525224,robot_4,2.404,2.242
1777492324,849532471,robot_0,-4.749,-0.593
1777492324,849538951,robot_3,1.771,0.801
1777492324,849544508,robot_1,3.017,-3.209
1777492325,49798594,robot_2,-1.319,4.305
1777492325,49824080,robot_4,2.404,2.242
1777492325,49832536,robot_0,-4.749,-0.593
1777492325,49839877,robot_3,1.771,0.801
1777492325,49847237,robot_1,3.017,-3.209
1777492325,250270521,robot_2,-1.319,4.305
1777492325,250291838,robot_4,2.404,2.242
1777492325,250301003,robot_0,-4.749,-0.593
1777492325,250308874,robot_3,1.771,0.801
1777492325,250316361,robot_1,3.017,-3.209
1777492325,468540982,robot_2,-1.319,4.305
1777492325,468563538,robot_4,2.404,2.242
1777492325,468570851,robot_0,-4.749,-0.593
1777492325,468576658,robot_3,1.771,0.801
1777492325,468582288,robot_1,3.017,-3.209
1777492325,669576109,robot_2,-1.319,4.305
1777492325,669592887,robot_4,2.404,2.242
1777492325,669599352,robot_0,-4.749,-0.593
1777492325,669604764,robot_3,1.771,0.801
1777492325,669610349,robot_1,3.017,-3.209
1777492325,889756507,robot_2,-1.319,4.305
1777492325,889774712,robot_4,2.404,2.242
1777492325,889781193,robot_0,-4.749,-0.593
1777492325,889786764,robot_3,1.771,0.801
1777492325,889792240,robot_1,3.017,-3.209
1777492326,109788611,robot_2,-1.319,4.305
1777492326,109823228,robot_4,2.404,2.242
1777492326,109836821,robot_0,-4.749,-0.593
1777492326,109849021,robot_3,1.771,0.801
1777492326,109859876,robot_1,3.017,-3.209
1777492326,329224663,robot_2,-1.319,4.305
1777492326,329245040,robot_4,2.404,2.242
1777492326,329251749,robot_0,-4.749,-0.593
1777492326,329257618,robot_3,1.771,0.801
1777492326,329263301,robot_1,3.017,-3.209
1777492326,529380451,robot_2,-1.319,4.305
1777492326,529397296,robot_4,2.404,2.242
1777492326,529404414,robot_0,-4.749,-0.593
1777492326,529410075,robot_3,1.771,0.801
1777492326,529415285,robot_1,3.017,-3.209
1777492326,748619860,robot_2,-1.319,4.305
1777492326,748643150,robot_4,2.404,2.242
1777492326,748651451,robot_0,-4.749,-0.593
1777492326,748657942,robot_3,1.771,0.801
1777492326,748664231,robot_1,3.017,-3.209
1777492326,949888434,robot_2,-1.319,4.305
1777492326,949924041,robot_4,2.404,2.242
1777492326,949936771,robot_0,-4.749,-0.593
1777492326,949947892,robot_3,1.771,0.801
1777492326,949958531,robot_1,3.017,-3.209
1777492327,168902164,robot_2,-1.319,4.305
1777492327,168919635,robot_4,2.404,2.242
1777492327,168925831,robot_0,-4.749,-0.593
1777492327,168931217,robot_3,1.771,0.801
1777492327,168936320,robot_1,3.017,-3.209
1777492327,369250046,robot_2,-1.319,4.305
1777492327,369267384,robot_4,2.404,2.242
1777492327,369273455,robot_0,-4.749,-0.593
1777492327,369278917,robot_3,1.771,0.801
1777492327,369283809,robot_1,3.017,-3.209
1777492327,569804362,robot_2,-1.319,4.305
1777492327,569831700,robot_4,2.404,2.242
1777492327,569840768,robot_0,-4.749,-0.593
1777492327,569848935,robot_3,1.771,0.801
1777492327,569857398,robot_1,3.017,-3.209
1777492327,789642973,robot_2,-1.319,4.305
1777492327,789663453,robot_4,2.404,2.242
1777492327,789672245,robot_0,-4.749,-0.593
1777492327,789679310,robot_3,1.771,0.801
1777492327,789686142,robot_1,3.017,-3.209
1777492327,989971332,robot_2,-1.319,4.305
1777492327,989998745,robot_4,2.404,2.242
1777492327,990011311,robot_0,-4.749,-0.593
1777492327,990022162,robot_3,1.771,0.801
1777492327,990032432,robot_1,3.017,-3.209
1777492328,190320122,robot_2,-1.319,4.305
1777492328,190342699,robot_4,2.404,2.242
1777492328,190353579,robot_0,-4.749,-0.593
1777492328,190363280,robot_3,1.771,0.801
1777492328,190371912,robot_1,3.017,-3.209
1777492328,409076874,robot_2,-1.319,4.305
1777492328,409094780,robot_4,2.404,2.242
1777492328,409102432,robot_0,-4.749,-0.593
1777492328,409108339,robot_3,1.771,0.801
1777492328,409113990,robot_1,3.017,-3.209
1777492328,610512898,robot_2,-1.319,4.305
1777492328,610542060,robot_4,2.404,2.242
1777492328,610552234,robot_0,-4.749,-0.593
1777492328,610561833,robot_3,1.771,0.801
1777492328,610571456,robot_1,3.017,-3.209
1777492328,829498420,robot_2,-1.319,4.305
1777492328,829518981,robot_4,2.404,2.242
1777492328,829526075,robot_0,-4.749,-0.593
1777492328,829531892,robot_3,1.771,0.801
1777492328,829537388,robot_1,3.017,-3.209
1777492329,30144992,robot_2,-1.319,4.305
1777492329,30165975,robot_4,2.404,2.242
1777492329,30175290,robot_0,-4.749,-0.593
1777492329,30183294,robot_3,1.771,0.801
1777492329,30191136,robot_1,3.017,-3.209
1777492329,249985876,robot_2,-1.319,4.305
1777492329,250004876,robot_4,2.404,2.242
1777492329,250013135,robot_0,-4.749,-0.593
1777492329,250020375,robot_3,1.771,0.801
1777492329,250027279,robot_1,3.017,-3.209
1777492329,468401769,robot_2,-1.319,4.305
1777492329,468419041,robot_4,2.404,2.242
1777492329,468426222,robot_0,-4.749,-0.593
1777492329,468432074,robot_3,1.771,0.801
1777492329,468437867,robot_1,3.017,-3.209
1777492329,669830881,robot_2,-1.319,4.305
1777492329,669854865,robot_4,2.404,2.242
1777492329,669865163,robot_0,-4.749,-0.593
1777492329,669874617,robot_3,1.771,0.801
1777492329,669883447,robot_1,3.017,-3.209
1777492329,890713040,robot_2,-1.319,4.305
1777492329,890744706,robot_4,2.404,2.242
1777492329,890759600,robot_0,-4.749,-0.593
1777492329,890772683,robot_3,1.771,0.801
1777492329,890784621,robot_1,3.017,-3.209
1777492330,108598733,robot_2,-1.319,4.305
1777492330,108621088,robot_4,2.404,2.242
1777492330,108627732,robot_0,-4.749,-0.593
1777492330,108634203,robot_3,1.771,0.801
1777492330,108640076,robot_1,3.017,-3.209
1777492330,310061612,robot_2,-1.319,4.305
1777492330,310086154,robot_4,2.404,2.242
1777492330,310095507,robot_0,-4.749,-0.593
1777492330,310103700,robot_3,1.771,0.801
1777492330,310111278,robot_1,3.017,-3.209
1777492330,510170289,robot_2,-1.319,4.305
1777492330,510193972,robot_4,2.404,2.242
1777492330,510204640,robot_0,-4.749,-0.593
1777492330,510214139,robot_3,1.771,0.801
1777492330,510222679,robot_1,3.017,-3.209
1777492330,729197194,robot_2,-1.319,4.305
1777492330,729213465,robot_4,2.404,2.242
1777492330,729219765,robot_0,-4.749,-0.593
1777492330,729225235,robot_3,1.771,0.801
1777492330,729230315,robot_1,3.017,-3.209
1777492330,929648652,robot_2,-1.319,4.305
1777492330,929668242,robot_4,2.404,2.242
1777492330,929675465,robot_0,-4.749,-0.593
1777492330,929681904,robot_3,1.771,0.801
1777492330,929688265,robot_1,3.017,-3.209
1777492331,129787379,robot_2,-1.319,4.305
1777492331,129812798,robot_4,2.404,2.242
1777492331,129821995,robot_0,-4.749,-0.593
1777492331,129830575,robot_3,1.771,0.801
1777492331,129838179,robot_1,3.017,-3.209
1777492331,348743731,robot_2,-1.319,4.305
1777492331,348762263,robot_4,2.404,2.242
1777492331,348768651,robot_0,-4.749,-0.593
1777492331,348774277,robot_3,1.771,0.801
1777492331,348779826,robot_1,3.017,-3.209
1777492331,550159998,robot_2,-1.319,4.305
1777492331,550192760,robot_4,2.404,2.242
1777492331,550205269,robot_0,-4.749,-0.593
1777492331,550216384,robot_3,1.771,0.801
1777492331,550225978,robot_1,3.017,-3.209
1777492331,769801015,robot_2,-1.319,4.305
1777492331,769830484,robot_4,2.404,2.242
1777492331,769843042,robot_0,-4.749,-0.593
1777492331,769853363,robot_3,1.771,0.801
1777492331,769864457,robot_1,3.017,-3.209
1777492331,970247021,robot_2,-1.319,4.305
1777492331,970272130,robot_4,2.404,2.242
1777492331,970283718,robot_0,-4.749,-0.593
1777492331,970293510,robot_3,1.771,0.801
1777492331,970302139,robot_1,3.017,-3.209
1777492332,170539153,robot_2,-1.319,4.305
1777492332,170562901,robot_4,2.404,2.242
1777492332,170573667,robot_0,-4.749,-0.593
1777492332,170583316,robot_3,1.771,0.801
1777492332,170592248,robot_1,3.017,-3.209
1777492332,389227962,robot_2,-1.319,4.305
1777492332,389246430,robot_4,2.404,2.242
1777492332,389253105,robot_0,-4.749,-0.593
1777492332,389259196,robot_3,1.771,0.801
1777492332,389264959,robot_1,3.017,-3.209
1777492332,609759323,robot_2,-1.319,4.305
1777492332,609776533,robot_4,2.404,2.242
1777492332,609783739,robot_0,-4.749,-0.593
1777492332,609789800,robot_3,1.771,0.801
1777492332,609796160,robot_1,3.017,-3.209
1777492332,830540323,robot_2,-1.319,4.305
1777492332,830560749,robot_4,2.404,2.242
1777492332,830567938,robot_0,-4.749,-0.593
1777492332,830574159,robot_3,1.771,0.801
1777492332,830580040,robot_1,3.017,-3.209
1777492333,49786823,robot_2,-1.319,4.305
1777492333,49810783,robot_4,2.404,2.242
1777492333,49816767,robot_0,-4.749,-0.593
1777492333,49822734,robot_3,1.771,0.801
1777492333,49828854,robot_1,3.017,-3.209
1777492333,249960762,robot_2,-1.319,4.305
1777492333,249993849,robot_4,2.404,2.242
1777492333,250007281,robot_0,-4.749,-0.593
1777492333,250019330,robot_3,1.771,0.801
1777492333,250029690,robot_1,3.017,-3.209
1777492333,450249692,robot_2,-1.319,4.305
1777492333,450279379,robot_4,2.404,2.242
1777492333,450289984,robot_0,-4.749,-0.593
1777492333,450299248,robot_3,1.771,0.801
1777492333,450308300,robot_1,3.017,-3.209
1777492333,669713603,robot_2,-1.319,4.305
1777492333,669734486,robot_4,2.404,2.242
1777492333,669743700,robot_0,-4.749,-0.593
1777492333,669752174,robot_3,1.771,0.801
1777492333,669759724,robot_1,3.017,-3.209
1777492333,869735966,robot_2,-1.319,4.305
1777492333,869765391,robot_4,2.404,2.242
1777492333,869774994,robot_0,-4.749,-0.593
1777492333,869782974,robot_3,1.771,0.801
1777492333,869790167,robot_1,3.017,-3.209
1777492334,89630707,robot_2,-1.319,4.305
1777492334,89660196,robot_4,2.404,2.242
1777492334,89675677,robot_0,-4.749,-0.593
1777492334,89689695,robot_3,1.771,0.801
1777492334,89703111,robot_1,3.017,-3.209
1777492334,309317639,robot_2,-1.319,4.305
1777492334,309339054,robot_4,2.404,2.242
1777492334,309345594,robot_0,-4.749,-0.593
1777492334,309351448,robot_3,1.771,0.801
1777492334,309357090,robot_1,3.017,-3.209
1777492334,528646325,robot_2,-1.319,4.305
1777492334,528664551,robot_4,2.404,2.242
1777492334,528672035,robot_0,-4.749,-0.593
1777492334,528678709,robot_3,1.771,0.801
1777492334,528684323,robot_1,3.017,-3.209
1777492334,729071732,robot_2,-1.319,4.305
1777492334,729087118,robot_4,2.404,2.242
1777492334,729094001,robot_0,-4.749,-0.593
1777492334,729099591,robot_3,1.771,0.801
1777492334,729105518,robot_1,3.017,-3.209
1777492334,929258191,robot_2,-1.319,4.305
1777492334,929283276,robot_4,2.404,2.242
1777492334,929295050,robot_0,-4.749,-0.593
1777492334,929305606,robot_3,1.771,0.801
1777492334,929315060,robot_1,3.017,-3.209
1777492335,148568083,robot_2,-1.319,4.305
1777492335,148592549,robot_4,2.404,2.242
1777492335,148599287,robot_0,-4.749,-0.593
1777492335,148605035,robot_3,1.771,0.801
1777492335,148610781,robot_1,3.017,-3.209
1777492335,348769938,robot_2,-1.319,4.305
1777492335,348788170,robot_4,2.404,2.242
1777492335,348795471,robot_0,-4.749,-0.593
1777492335,348801568,robot_3,1.771,0.801
1777492335,348806944,robot_1,3.017,-3.209
1777492335,549863557,robot_2,-1.319,4.305
1777492335,549889390,robot_4,2.404,2.242
1777492335,549904477,robot_0,-4.749,-0.593
1777492335,549913137,robot_3,1.771,0.801
1777492335,549921678,robot_1,3.017,-3.209
1777492335,770274676,robot_2,-1.319,4.305
1777492335,770306680,robot_4,2.404,2.242
1777492335,770315819,robot_0,-4.749,-0.593
1777492335,770323912,robot_3,1.771,0.801
1777492335,770331371,robot_1,3.017,-3.209
1777492335,988961396,robot_2,-1.319,4.305
1777492335,988978434,robot_4,2.404,2.242
1777492335,988985336,robot_0,-4.749,-0.593
1777492335,988990988,robot_3,1.771,0.801
1777492335,988995859,robot_1,3.017,-3.209
1777492336,208816338,robot_2,-1.319,4.305
1777492336,208831969,robot_4,2.404,2.242
1777492336,208838340,robot_0,-4.749,-0.593
1777492336,208844236,robot_3,1.771,0.801
1777492336,208849063,robot_1,3.017,-3.209
1777492336,409744708,robot_2,-1.319,4.305
1777492336,409761349,robot_4,2.404,2.242
1777492336,409768042,robot_0,-4.749,-0.593
1777492336,409773633,robot_3,1.771,0.801
1777492336,409778429,robot_1,3.017,-3.209
1777492336,610453930,robot_2,-1.319,4.305
1777492336,610482807,robot_4,2.404,2.242
1777492336,610493644,robot_0,-4.749,-0.593
1777492336,610502873,robot_3,1.771,0.801
1777492336,610512097,robot_1,3.017,-3.209
1777492336,829126268,robot_2,-1.319,4.305
1777492336,829146342,robot_4,2.404,2.242
1777492336,829152811,robot_0,-4.749,-0.593
1777492336,829158628,robot_3,1.771,0.801
1777492336,829163757,robot_1,3.017,-3.209
1777492337,48831376,robot_2,-1.319,4.305
1777492337,48854765,robot_4,2.404,2.242
1777492337,48862142,robot_0,-4.749,-0.593
1777492337,48868281,robot_3,1.771,0.801
1777492337,48874148,robot_1,3.017,-3.209
1777492337,249697398,robot_2,-1.319,4.305
1777492337,249719467,robot_4,2.404,2.242
1777492337,249726211,robot_0,-4.749,-0.593
1777492337,249731912,robot_3,1.771,0.801
1777492337,249737107,robot_1,3.017,-3.209
1777492337,449950728,robot_2,-1.319,4.305
1777492337,449970882,robot_4,2.404,2.242
1777492337,449980172,robot_0,-4.749,-0.593
1777492337,449989774,robot_3,1.771,0.801
1777492337,449995092,robot_1,3.017,-3.209
1777492337,669971236,robot_2,-1.319,4.305
1777492337,670002250,robot_4,2.404,2.242
1777492337,670014975,robot_0,-4.749,-0.593
1777492337,670027282,robot_3,1.771,0.801
1777492337,670037325,robot_1,3.017,-3.209
1777492337,870462396,robot_2,-1.319,4.305
1777492337,870500910,robot_4,2.404,2.242
1777492337,870514095,robot_0,-4.749,-0.593
1777492337,870525742,robot_3,1.771,0.801
1777492337,870536057,robot_1,3.017,-3.209
1777492338,89658260,robot_2,-1.319,4.305
1777492338,89675647,robot_4,2.404,2.242
1777492338,89683176,robot_0,-4.749,-0.593
1777492338,89689575,robot_3,1.771,0.801
1777492338,89695272,robot_1,3.017,-3.209
1777492338,308904003,robot_2,-1.319,4.305
1777492338,308924277,robot_4,2.404,2.242
1777492338,308931216,robot_0,-4.749,-0.593
1777492338,308936679,robot_3,1.771,0.801
1777492338,308941740,robot_1,3.017,-3.209
1777492338,510133088,robot_2,-1.319,4.305
1777492338,510156435,robot_4,2.404,2.242
1777492338,510164572,robot_0,-4.749,-0.593
1777492338,510170583,robot_3,1.771,0.801
1777492338,510176094,robot_1,3.017,-3.209
1777492338,729619415,robot_2,-1.319,4.305
1777492338,729637842,robot_4,2.404,2.242
1777492338,729645521,robot_0,-4.749,-0.593
1777492338,729652476,robot_3,1.771,0.801
1777492338,729658783,robot_1,3.017,-3.209
1777492338,949001841,robot_2,-1.319,4.305
1777492338,949019027,robot_4,2.404,2.242
1777492338,949026223,robot_0,-4.749,-0.593
1777492338,949032140,robot_3,1.771,0.801
1777492338,949036884,robot_1,3.017,-3.209
1777492339,150343660,robot_2,-1.319,4.305
1777492339,150362555,robot_4,2.404,2.242
1777492339,150370366,robot_0,-4.749,-0.593
1777492339,150376901,robot_3,1.771,0.801
1777492339,150382716,robot_1,3.017,-3.209
1777492339,350401926,robot_2,-1.319,4.305
1777492339,350424263,robot_4,2.404,2.242
1777492339,350432674,robot_0,-4.749,-0.593
1777492339,350439575,robot_3,1.771,0.801
1777492339,350446280,robot_1,3.017,-3.209
1777492339,568653301,robot_2,-1.319,4.305
1777492339,568672742,robot_4,2.404,2.242
1777492339,568679830,robot_0,-4.749,-0.593
1777492339,568685806,robot_3,1.771,0.801
1777492339,568691779,robot_1,3.017,-3.209
1777492339,770084336,robot_2,-1.319,4.305
1777492339,770116074,robot_4,2.404,2.242
1777492339,770126746,robot_0,-4.749,-0.593
1777492339,770136242,robot_3,1.771,0.801
1777492339,770144172,robot_1,3.017,-3.209
1777492339,990406671,robot_2,-1.319,4.305
1777492339,990434494,robot_4,2.404,2.242
1777492339,990447034,robot_0,-4.749,-0.593
1777492339,990457956,robot_3,1.771,0.801
1777492339,990468453,robot_1,3.017,-3.209
1777492340,210185604,robot_2,-1.319,4.305
1777492340,210212438,robot_4,2.404,2.242
1777492340,210221445,robot_0,-4.749,-0.593
1777492340,210232819,robot_3,1.771,0.801
1777492340,210241526,robot_1,3.017,-3.209
1777492340,430062518,robot_2,-1.319,4.305
1777492340,430083454,robot_4,2.404,2.242
1777492340,430092502,robot_0,-4.749,-0.593
1777492340,430101050,robot_3,1.771,0.801
1777492340,430109146,robot_1,3.017,-3.209
1777492340,649746205,robot_2,-1.319,4.305
1777492340,649764749,robot_4,2.404,2.242
1777492340,649772535,robot_0,-4.749,-0.593
1777492340,649779414,robot_3,1.771,0.801
1777492340,649786064,robot_1,3.017,-3.209
1777492340,849760352,robot_2,-1.319,4.305
1777492340,849783252,robot_4,2.404,2.242
1777492340,849792334,robot_0,-4.749,-0.593
1777492340,849800621,robot_3,1.771,0.801
1777492340,849807992,robot_1,3.017,-3.209
1777492341,50293771,robot_2,-1.319,4.305
1777492341,50320054,robot_4,2.404,2.242
1777492341,50330057,robot_0,-4.749,-0.593
1777492341,50339005,robot_3,1.771,0.801
1777492341,50347678,robot_1,3.017,-3.209
1777492341,269191702,robot_2,-1.319,4.305
1777492341,269208697,robot_4,2.404,2.242
1777492341,269216071,robot_0,-4.749,-0.593
1777492341,269222200,robot_3,1.771,0.801
1777492341,269228749,robot_1,3.017,-3.209
1777492341,469985667,robot_2,-1.319,4.305
1777492341,470013122,robot_4,2.404,2.242
1777492341,470022577,robot_0,-4.749,-0.593
1777492341,470030538,robot_3,1.771,0.801
1777492341,470037961,robot_1,3.017,-3.209
1777492341,670044284,robot_2,-1.319,4.305
1777492341,670086638,robot_4,2.404,2.242
1777492341,670097981,robot_0,-4.749,-0.593
1777492341,670107532,robot_3,1.771,0.801
1777492341,670116385,robot_1,3.017,-3.209
1777492341,888998137,robot_2,-1.319,4.305
1777492341,889016504,robot_4,2.404,2.242
1777492341,889023213,robot_0,-4.749,-0.593
1777492341,889029117,robot_3,1.771,0.801
1777492341,889034269,robot_1,3.017,-3.209
1777492342,89057169,robot_2,-1.319,4.305
1777492342,89083487,robot_4,2.404,2.242
1777492342,89095256,robot_0,-4.749,-0.593
1777492342,89104896,robot_3,1.771,0.801
1777492342,89113676,robot_1,3.017,-3.209
1777492342,289082671,robot_2,-1.319,4.305
1777492342,289098142,robot_4,2.404,2.242
1777492342,289104397,robot_0,-4.749,-0.593
1777492342,289110253,robot_3,1.771,0.801
1777492342,289115134,robot_1,3.017,-3.209
1777492342,489892155,robot_2,-1.319,4.305
1777492342,489918660,robot_4,2.404,2.242
1777492342,489930039,robot_0,-4.749,-0.593
1777492342,489939907,robot_3,1.771,0.801
1777492342,489948516,robot_1,3.017,-3.209
1777492342,709290567,robot_2,-1.319,4.305
1777492342,709313381,robot_4,2.404,2.242
1777492342,709323955,robot_0,-4.749,-0.593
1777492342,709333253,robot_3,1.771,0.801
1777492342,709342093,robot_1,3.017,-3.209
1777492342,928893669,robot_2,-1.319,4.305
1777492342,928912029,robot_4,2.404,2.242
1777492342,928918939,robot_0,-4.749,-0.593
1777492342,928925297,robot_3,1.771,0.801
1777492342,928931467,robot_1,3.017,-3.209
1777492343,148630230,robot_2,-1.319,4.305
1777492343,148649824,robot_4,2.404,2.242
1777492343,148656146,robot_0,-4.749,-0.593
1777492343,148662297,robot_3,1.771,0.801
1777492343,148667501,robot_1,3.017,-3.209
1777492343,349055716,robot_2,-1.319,4.305
1777492343,349078993,robot_4,2.404,2.242
1777492343,349088594,robot_0,-4.749,-0.593
1777492343,349097214,robot_3,1.771,0.801
1777492343,349105269,robot_1,3.017,-3.209
1777492343,568815595,robot_2,-1.319,4.305
1777492343,568830895,robot_4,2.404,2.242
1777492343,568836961,robot_0,-4.749,-0.593
1777492343,568842487,robot_3,1.771,0.801
1777492343,568847850,robot_1,3.017,-3.209
1777492343,768866434,robot_2,-1.319,4.305
1777492343,768883090,robot_4,2.404,2.242
1777492343,768889691,robot_0,-4.749,-0.593
1777492343,768899199,robot_3,1.771,0.801
1777492343,768904028,robot_1,3.017,-3.209
1777492343,970230984,robot_2,-1.319,4.305
1777492343,970260322,robot_4,2.404,2.242
1777492343,970271270,robot_0,-4.749,-0.593
1777492343,970281409,robot_3,1.771,0.801
1777492343,970289892,robot_1,3.017,-3.209
1777492344,188793045,robot_2,-1.319,4.305
1777492344,188809572,robot_4,2.404,2.242
1777492344,188815899,robot_0,-4.749,-0.593
1777492344,188821703,robot_3,1.771,0.801
1777492344,188826773,robot_1,3.017,-3.209
1777492344,390542821,robot_2,-1.319,4.305
1777492344,390561027,robot_4,2.404,2.242
1777492344,390567885,robot_0,-4.749,-0.593
1777492344,390573609,robot_3,1.771,0.801
1777492344,390579462,robot_1,3.017,-3.209
1777492344,590585131,robot_2,-1.319,4.305
1777492344,590607475,robot_4,2.404,2.242
1777492344,590616713,robot_0,-4.749,-0.593
1777492344,590624900,robot_3,1.771,0.801
1777492344,590632611,robot_1,3.017,-3.209
1777492344,809248631,robot_2,-1.319,4.305
1777492344,809269229,robot_4,2.404,2.242
1777492344,809276294,robot_0,-4.749,-0.593
1777492344,809283290,robot_3,1.771,0.801
1777492344,809288993,robot_1,3.017,-3.209
1777492345,10113081,robot_2,-1.319,4.305
1777492345,10141234,robot_4,2.404,2.242
1777492345,10150841,robot_0,-4.749,-0.593
1777492345,10159042,robot_3,1.771,0.801
1777492345,10167022,robot_1,3.017,-3.209
1777492345,210916801,robot_2,-1.319,4.305
1777492345,210943581,robot_4,2.404,2.242
1777492345,210953558,robot_0,-4.749,-0.593
1777492345,210961743,robot_3,1.771,0.801
1777492345,210969440,robot_1,3.017,-3.209
1777492345,429342434,robot_2,-1.319,4.305
1777492345,429359798,robot_4,2.404,2.242
1777492345,429366741,robot_0,-4.749,-0.593
1777492345,429373368,robot_3,1.771,0.801
1777492345,429379230,robot_1,3.017,-3.209
1777492345,629948349,robot_2,-1.319,4.305
1777492345,629979103,robot_4,2.404,2.242
1777492345,629993964,robot_0,-4.749,-0.593
1777492345,630006263,robot_3,1.771,0.801
1777492345,630018346,robot_1,3.017,-3.209
1777492345,831676694,robot_2,-1.319,4.305
1777492345,831695378,robot_4,2.404,2.242
1777492345,831702205,robot_0,-4.749,-0.593
1777492345,831707956,robot_3,1.771,0.801
1777492345,831713496,robot_1,3.017,-3.209
1777492346,50194540,robot_2,-1.319,4.305
1777492346,50216470,robot_4,2.404,2.242
1777492346,50226607,robot_0,-4.749,-0.593
1777492346,50234400,robot_3,1.771,0.801
1777492346,50242063,robot_1,3.017,-3.209
1777492346,269987302,robot_2,-1.319,4.305
1777492346,270017422,robot_4,2.404,2.242
1777492346,270027829,robot_0,-4.749,-0.593
1777492346,270037879,robot_3,1.771,0.801
1777492346,270047425,robot_1,3.017,-3.209
1777492346,471085328,robot_2,-1.319,4.305
1777492346,471115289,robot_4,2.404,2.242
1777492346,471126012,robot_0,-4.749,-0.593
1777492346,471135769,robot_3,1.771,0.801
1777492346,471144040,robot_1,3.017,-3.209
1777492346,688986285,robot_2,-1.319,4.305
1777492346,689004544,robot_4,2.404,2.242
1777492346,689012173,robot_0,-4.749,-0.593
1777492346,689018566,robot_3,1.771,0.801
1777492346,689024680,robot_1,3.017,-3.209
1777492346,890243657,robot_2,-1.319,4.305
1777492346,890269582,robot_4,2.404,2.242
1777492346,890281182,robot_0,-4.749,-0.593
1777492346,890291282,robot_3,1.771,0.801
1777492346,890304563,robot_1,3.017,-3.209
1777492347,90349878,robot_2,-1.319,4.305
1777492347,90379486,robot_4,2.404,2.242
1777492347,90396411,robot_0,-4.749,-0.593
1777492347,90404252,robot_3,1.771,0.801
1777492347,90411219,robot_1,3.017,-3.209
1777492347,310137004,robot_2,-1.319,4.305
1777492347,310156794,robot_4,2.404,2.242
1777492347,310163724,robot_0,-4.749,-0.593
1777492347,310169930,robot_3,1.771,0.801
1777492347,310175262,robot_1,3.017,-3.209
1777492347,530185451,robot_2,-1.319,4.305
1777492347,530223883,robot_4,2.404,2.242
1777492347,530239275,robot_0,-4.749,-0.593
1777492347,530247469,robot_3,1.771,0.801
1777492347,530254894,robot_1,3.017,-3.209
1777492347,749710757,robot_2,-1.319,4.305
1777492347,749731000,robot_4,2.404,2.242
1777492347,749739560,robot_0,-4.749,-0.593
1777492347,749746729,robot_3,1.771,0.801
1777492347,749753629,robot_1,3.017,-3.209
1777492347,968494847,robot_2,-1.319,4.305
1777492347,968512104,robot_4,2.404,2.242
1777492347,968518740,robot_0,-4.749,-0.593
1777492347,968524188,robot_3,1.771,0.801
1777492347,968529188,robot_1,3.017,-3.209
1777492348,170019528,robot_2,-1.319,4.305
1777492348,170049022,robot_4,2.404,2.242
1777492348,170059041,robot_0,-4.749,-0.593
1777492348,170068495,robot_3,1.771,0.801
1777492348,170076846,robot_1,3.017,-3.209
1777492348,390089336,robot_2,-1.319,4.305
1777492348,390120053,robot_4,2.404,2.242
1777492348,390133835,robot_0,-4.749,-0.593
1777492348,390143196,robot_3,1.771,0.801
1777492348,390152254,robot_1,3.017,-3.209
1777492348,609494750,robot_2,-1.319,4.305
1777492348,609522205,robot_4,2.404,2.242
1777492348,609531853,robot_0,-4.749,-0.593
1777492348,609540314,robot_3,1.771,0.801
1777492348,609548443,robot_1,3.017,-3.209
1777492348,810063851,robot_2,-1.319,4.305
1777492348,810084747,robot_4,2.404,2.242
1777492348,810091724,robot_0,-4.749,-0.593
1777492348,810097904,robot_3,1.771,0.801
1777492348,810103980,robot_1,3.017,-3.209
1777492349,30231529,robot_2,-1.319,4.305
1777492349,30251091,robot_4,2.404,2.242
1777492349,30261433,robot_0,-4.749,-0.593
1777492349,30268945,robot_3,1.771,0.801
1777492349,30277010,robot_1,3.017,-3.209
1777492349,249769278,robot_2,-1.319,4.305
1777492349,249789925,robot_4,2.404,2.242
1777492349,249798382,robot_0,-4.749,-0.593
1777492349,249806317,robot_3,1.771,0.801
1777492349,249813595,robot_1,3.017,-3.209
1777492349,450412790,robot_2,-1.319,4.305
1777492349,450435685,robot_4,2.404,2.242
1777492349,450446512,robot_0,-4.749,-0.593
1777492349,450455622,robot_3,1.771,0.801
1777492349,450463667,robot_1,3.017,-3.209
1777492349,669894652,robot_2,-1.319,4.305
1777492349,669918995,robot_4,2.404,2.242
1777492349,669927960,robot_0,-4.749,-0.593
1777492349,669934524,robot_3,1.771,0.801
1777492349,669940754,robot_1,3.017,-3.209
1777492349,889558892,robot_2,-1.319,4.305
1777492349,889576924,robot_4,2.404,2.242
1777492349,889583679,robot_0,-4.749,-0.593
1777492349,889589729,robot_3,1.771,0.801
1777492349,889594729,robot_1,3.017,-3.209
1777492350,89935098,robot_2,-1.319,4.305
1777492350,89951804,robot_4,2.404,2.242
1777492350,89958619,robot_0,-4.749,-0.593
1777492350,89965205,robot_3,1.771,0.801
1777492350,89970119,robot_1,3.017,-3.209
1777492350,290196016,robot_2,-1.319,4.305
1777492350,290212256,robot_4,2.404,2.242
1777492350,290218763,robot_0,-4.749,-0.593
1777492350,290224202,robot_3,1.771,0.801
1777492350,290230316,robot_1,3.017,-3.209
1777492350,490334245,robot_2,-1.319,4.305
1777492350,490360311,robot_4,2.404,2.242
1777492350,490372068,robot_0,-4.749,-0.593
1777492350,490381763,robot_3,1.771,0.801
1777492350,490390382,robot_1,3.017,-3.209
1777492350,709453525,robot_2,-1.319,4.305
1777492350,709470824,robot_4,2.404,2.242
1777492350,709479064,robot_0,-4.749,-0.593
1777492350,709486148,robot_3,1.771,0.801
1777492350,709492338,robot_1,3.017,-3.209
1777492350,909601832,robot_2,-1.319,4.305
1777492350,909620771,robot_4,2.404,2.242
1777492350,909628976,robot_0,-4.749,-0.593
1777492350,909637176,robot_3,1.771,0.801
1777492350,909644765,robot_1,3.017,-3.209
1777492351,129724954,robot_2,-1.319,4.305
1777492351,129748855,robot_4,2.404,2.242
1777492351,129756982,robot_0,-4.749,-0.593
1777492351,129763937,robot_3,1.771,0.801
1777492351,129770327,robot_1,3.017,-3.209
1777492351,332095881,robot_2,-1.319,4.305
1777492351,332115016,robot_4,2.404,2.242
1777492351,332121676,robot_0,-4.749,-0.593
1777492351,332127743,robot_3,1.771,0.801
1777492351,332132948,robot_1,3.017,-3.209
1777492351,549883747,robot_2,-1.319,4.305
1777492351,549905924,robot_4,2.404,2.242
1777492351,549912324,robot_0,-4.749,-0.593
1777492351,549918111,robot_3,1.771,0.801
1777492351,549923360,robot_1,3.017,-3.209
1777492351,768823568,robot_2,-1.319,4.305
1777492351,768839553,robot_4,2.404,2.242
1777492351,768845606,robot_0,-4.749,-0.593
1777492351,768851524,robot_3,1.771,0.801
1777492351,768856447,robot_1,3.017,-3.209
1777492351,970046178,robot_2,-1.319,4.305
1777492351,970081665,robot_4,2.404,2.242
1777492351,970092473,robot_0,-4.749,-0.593
1777492351,970101203,robot_3,1.771,0.801
1777492351,970109910,robot_1,3.017,-3.209
1777492352,188699123,robot_2,-1.319,4.305
1777492352,188715288,robot_4,2.404,2.242
1777492352,188721422,robot_0,-4.749,-0.593
1777492352,188727208,robot_3,1.771,0.801
1777492352,188732325,robot_1,3.017,-3.209
1777492352,389864751,robot_2,-1.319,4.305
1777492352,389887808,robot_4,2.404,2.242
1777492352,389900980,robot_0,-4.749,-0.593
1777492352,389909161,robot_3,1.771,0.801
1777492352,389916750,robot_1,3.017,-3.209
1777492352,590041960,robot_2,-1.319,4.305
1777492352,590066857,robot_4,2.404,2.242
1777492352,590077732,robot_0,-4.749,-0.593
1777492352,590087991,robot_3,1.771,0.801
1777492352,590097490,robot_1,3.017,-3.209
1777492352,790179159,robot_2,-1.319,4.305
1777492352,790208848,robot_4,2.404,2.242
1777492352,790221758,robot_0,-4.749,-0.593
1777492352,790232756,robot_3,1.771,0.801
1777492352,790242778,robot_1,3.017,-3.209
1777492352,990334326,robot_2,-1.319,4.305
1777492352,990354055,robot_4,2.404,2.242
1777492352,990362536,robot_0,-4.749,-0.593
1777492352,990369781,robot_3,1.771,0.801
1777492352,990376448,robot_1,3.017,-3.209
1777492353,209510804,robot_2,-1.319,4.305
1777492353,209532381,robot_4,2.404,2.242
1777492353,209539963,robot_0,-4.749,-0.593
1777492353,209547101,robot_3,1.771,0.801
1777492353,209552819,robot_1,3.017,-3.209
1777492353,430505109,robot_2,-1.319,4.305
1777492353,430528990,robot_4,2.404,2.242
1777492353,430539715,robot_0,-4.749,-0.593
1777492353,430548942,robot_3,1.771,0.801
1777492353,430556645,robot_1,3.017,-3.209
1777492353,649498748,robot_2,-1.319,4.305
1777492353,649517185,robot_4,2.404,2.242
1777492353,649524578,robot_0,-4.749,-0.593
1777492353,649531029,robot_3,1.771,0.801
1777492353,649536904,robot_1,3.017,-3.209
1777492353,869809511,robot_2,-1.319,4.305
1777492353,869836397,robot_4,2.404,2.242
1777492353,869848270,robot_0,-4.749,-0.593
1777492353,869858656,robot_3,1.771,0.801
1777492353,869867747,robot_1,3.017,-3.209
1777492354,88817164,robot_2,-1.319,4.305
1777492354,88834051,robot_4,2.404,2.242
1777492354,88840191,robot_0,-4.749,-0.593
1777492354,88845432,robot_3,1.771,0.801
1777492354,88850906,robot_1,3.017,-3.209
1777492354,290755224,robot_2,-1.319,4.305
1777492354,290771806,robot_4,2.404,2.242
1777492354,290778435,robot_0,-4.749,-0.593
1777492354,290784418,robot_3,1.771,0.801
1777492354,290789568,robot_1,3.017,-3.209
1777492354,509907635,robot_2,-1.319,4.305
1777492354,509931370,robot_4,2.404,2.242
1777492354,509942165,robot_0,-4.749,-0.593
1777492354,509952160,robot_3,1.771,0.801
1777492354,509961107,robot_1,3.017,-3.209
1777492354,728508405,robot_2,-1.319,4.305
1777492354,728524785,robot_4,2.404,2.242
1777492354,728531243,robot_0,-4.749,-0.593
1777492354,728536633,robot_3,1.771,0.801
1777492354,728541896,robot_1,3.017,-3.209
1777492354,930835940,robot_2,-1.319,4.305
1777492354,930866500,robot_4,2.404,2.242
1777492354,930884158,robot_0,-4.749,-0.593
1777492354,930907662,robot_3,1.771,0.801
1777492354,930925024,robot_1,3.017,-3.209
1777492355,148930349,robot_2,-1.319,4.305
1777492355,148952628,robot_4,2.404,2.242
1777492355,148959624,robot_0,-4.749,-0.593
1777492355,148965370,robot_3,1.771,0.801
1777492355,148970779,robot_1,3.017,-3.209
1777492355,350215815,robot_2,-1.319,4.305
1777492355,350239600,robot_4,2.404,2.242
1777492355,350249822,robot_0,-4.749,-0.593
1777492355,350257818,robot_3,1.771,0.801
1777492355,350265366,robot_1,3.017,-3.209
1777492355,550374315,robot_2,-1.319,4.305
1777492355,550405684,robot_4,2.404,2.242
1777492355,550416102,robot_0,-4.749,-0.593
1777492355,550425546,robot_3,1.771,0.801
1777492355,550435264,robot_1,3.017,-3.209
1777492355,768918481,robot_2,-1.319,4.305
1777492355,768935949,robot_4,2.404,2.242
1777492355,768942500,robot_0,-4.749,-0.593
1777492355,768948514,robot_3,1.771,0.801
1777492355,768953753,robot_1,3.017,-3.209
1777492355,969953122,robot_2,-1.319,4.305
1777492355,969973203,robot_4,2.404,2.242
1777492355,969980268,robot_0,-4.749,-0.593
1777492355,969986387,robot_3,1.771,0.801
1777492355,969992088,robot_1,3.017,-3.209
1777492356,170033079,robot_2,-1.319,4.305
1777492356,170060330,robot_4,2.404,2.242
1777492356,170070113,robot_0,-4.749,-0.593
1777492356,170078423,robot_3,1.771,0.801
1777492356,170086151,robot_1,3.017,-3.209
1777492356,390110694,robot_2,-1.319,4.305
1777492356,390132926,robot_4,2.404,2.242
1777492356,390142141,robot_0,-4.749,-0.593
1777492356,390149745,robot_3,1.771,0.801
1777492356,390157433,robot_1,3.017,-3.209
1777492356,609905292,robot_2,-1.319,4.305
1777492356,609927793,robot_4,2.404,2.242
1777492356,609936879,robot_0,-4.749,-0.593
1777492356,609944732,robot_3,1.771,0.801
1777492356,609952024,robot_1,3.017,-3.209
1777492356,810329734,robot_2,-1.319,4.305
1777492356,810362401,robot_4,2.404,2.242
1777492356,810376457,robot_0,-4.749,-0.593
1777492356,810388941,robot_3,1.771,0.801
1777492356,810400854,robot_1,3.017,-3.209
1777492357,29361120,robot_2,-1.319,4.305
1777492357,29384414,robot_4,2.404,2.242
1777492357,29394445,robot_0,-4.749,-0.593
1777492357,29404410,robot_3,1.771,0.801
1777492357,29413506,robot_1,3.017,-3.209
1777492357,249605335,robot_2,-1.319,4.305
1777492357,249622071,robot_4,2.404,2.242
1777492357,249628860,robot_0,-4.749,-0.593
1777492357,249634742,robot_3,1.771,0.801
1777492357,249640060,robot_1,3.017,-3.209
1777492357,449720402,robot_2,-1.319,4.305
1777492357,449748219,robot_4,2.404,2.242
1777492357,449761891,robot_0,-4.749,-0.593
1777492357,449773378,robot_3,1.771,0.801
1777492357,449784694,robot_1,3.017,-3.209
1777492357,650435239,robot_2,-1.319,4.305
1777492357,650454761,robot_4,2.404,2.242
1777492357,650463617,robot_0,-4.749,-0.593
1777492357,650471531,robot_3,1.771,0.801
1777492357,650478022,robot_1,3.017,-3.209
1777492357,868829636,robot_2,-1.319,4.305
1777492357,868850264,robot_4,2.404,2.242
1777492357,868858294,robot_0,-4.749,-0.593
1777492357,868865217,robot_3,1.771,0.801
1777492357,868871400,robot_1,3.017,-3.209
1777492358,69583352,robot_2,-1.319,4.305
1777492358,69606371,robot_4,2.404,2.242
1777492358,69614306,robot_0,-4.749,-0.593
1777492358,69621033,robot_3,1.771,0.801
1777492358,69627995,robot_1,3.017,-3.209
1777492358,289929095,robot_2,-1.319,4.305
1777492358,289959255,robot_4,2.404,2.242
1777492358,289972868,robot_0,-4.749,-0.593
1777492358,289986443,robot_3,1.771,0.801
1777492358,289997864,robot_1,3.017,-3.209
1777492358,490321169,robot_2,-1.319,4.305
1777492358,490347138,robot_4,2.404,2.242
1777492358,490358577,robot_0,-4.749,-0.593
1777492358,490367822,robot_3,1.771,0.801
1777492358,490376571,robot_1,3.017,-3.209
1777492358,710281908,robot_2,-1.319,4.305
1777492358,710303341,robot_4,2.404,2.242
1777492358,710314010,robot_0,-4.749,-0.593
1777492358,710322357,robot_3,1.771,0.801
1777492358,710330286,robot_1,3.017,-3.209
1777492358,930375690,robot_2,-1.319,4.305
1777492358,930409387,robot_4,2.404,2.242
1777492358,930426227,robot_0,-4.749,-0.593
1777492358,930441256,robot_3,1.771,0.801
1777492358,930455611,robot_1,3.017,-3.209
1777492359,148827389,robot_2,-1.319,4.305
1777492359,148850914,robot_4,2.404,2.242
1777492359,148857752,robot_0,-4.749,-0.593
1777492359,148864630,robot_3,1.771,0.801
1777492359,148870284,robot_1,3.017,-3.209
1777492359,369273555,robot_2,-1.319,4.305
1777492359,369297099,robot_4,2.404,2.242
1777492359,369307191,robot_0,-4.749,-0.593
1777492359,369315051,robot_3,1.771,0.801
1777492359,369322667,robot_1,3.017,-3.209
1777492359,570432563,robot_2,-1.319,4.305
1777492359,570460389,robot_4,2.404,2.242
1777492359,570468222,robot_0,-4.749,-0.593
1777492359,570475375,robot_3,1.771,0.801
1777492359,570481878,robot_1,3.017,-3.209
1777492359,789568435,robot_2,-1.319,4.305
1777492359,789591202,robot_4,2.404,2.242
1777492359,789601132,robot_0,-4.749,-0.593
1777492359,789608755,robot_3,1.771,0.801
1777492359,789615722,robot_1,3.017,-3.209
1777492359,989815427,robot_2,-1.319,4.305
1777492359,989845216,robot_4,2.404,2.242
1777492359,989859713,robot_0,-4.749,-0.593
1777492359,989871807,robot_3,1.771,0.801
1777492359,989882917,robot_1,3.017,-3.209
1777492360,208658569,robot_2,-1.319,4.305
1777492360,208674962,robot_4,2.404,2.242
1777492360,208681863,robot_0,-4.749,-0.593
1777492360,208687402,robot_3,1.771,0.801
1777492360,208692607,robot_1,3.017,-3.209
1777492360,408819387,robot_2,-1.319,4.305
1777492360,408835635,robot_4,2.404,2.242
1777492360,408841791,robot_0,-4.749,-0.593
1777492360,408847153,robot_3,1.771,0.801
1777492360,408852167,robot_1,3.017,-3.209
1777492360,628975080,robot_2,-1.319,4.305
1777492360,628991758,robot_4,2.404,2.242
1777492360,628998328,robot_0,-4.749,-0.593
1777492360,629004007,robot_3,1.771,0.801
1777492360,629009349,robot_1,3.017,-3.209
1777492360,831215557,robot_2,-1.319,4.305
1777492360,831236053,robot_4,2.404,2.242
1777492360,831243891,robot_0,-4.749,-0.593
1777492360,831249494,robot_3,1.771,0.801
1777492360,831255453,robot_1,3.017,-3.209
1777492361,48462109,robot_2,-1.319,4.305
1777492361,48485380,robot_4,2.404,2.242
1777492361,48492647,robot_0,-4.749,-0.593
1777492361,48498830,robot_3,1.771,0.801
1777492361,48504109,robot_1,3.017,-3.209
1777492361,248549800,robot_2,-1.319,4.305
1777492361,248565623,robot_4,2.404,2.242
1777492361,248571472,robot_0,-4.749,-0.593
1777492361,248577357,robot_3,1.771,0.801
1777492361,248582860,robot_1,3.017,-3.209
1777492361,449798433,robot_2,-1.319,4.305
1777492361,449821009,robot_4,2.404,2.242
1777492361,449831080,robot_0,-4.749,-0.593
1777492361,449840441,robot_3,1.771,0.801
1777492361,449847871,robot_1,3.017,-3.209
1777492361,668509005,robot_2,-1.319,4.305
1777492361,668525529,robot_4,2.404,2.242
1777492361,668532345,robot_0,-4.749,-0.593
1777492361,668537880,robot_3,1.771,0.801
1777492361,668542924,robot_1,3.017,-3.209
1777492361,869412356,robot_2,-1.319,4.305
1777492361,869435963,robot_4,2.404,2.242
1777492361,869445841,robot_0,-4.749,-0.593
1777492361,869455085,robot_3,1.771,0.801
1777492361,869464083,robot_1,3.017,-3.209
1777492362,89758882,robot_2,-1.319,4.305
1777492362,89789388,robot_4,2.404,2.242
1777492362,89803942,robot_0,-4.749,-0.593
1777492362,89816957,robot_3,1.771,0.801
1777492362,89827675,robot_1,3.017,-3.209
1777492362,290123986,robot_2,-1.319,4.305
1777492362,290145579,robot_4,2.404,2.242
1777492362,290155472,robot_0,-4.749,-0.593
1777492362,290163978,robot_3,1.771,0.801
1777492362,290171615,robot_1,3.017,-3.209
1777492362,509775135,robot_2,-1.319,4.305
1777492362,509803169,robot_4,2.404,2.242
1777492362,509815348,robot_0,-4.749,-0.593
1777492362,509826331,robot_3,1.771,0.801
1777492362,509836444,robot_1,3.017,-3.209
1777492362,709781970,robot_2,-1.319,4.305
1777492362,709807479,robot_4,2.404,2.242
1777492362,709821022,robot_0,-4.749,-0.593
1777492362,709832723,robot_3,1.771,0.801
1777492362,709843824,robot_1,3.017,-3.209
1777492362,928823178,robot_2,-1.319,4.305
1777492362,928843812,robot_4,2.404,2.242
1777492362,928851852,robot_0,-4.749,-0.593
1777492362,928858915,robot_3,1.771,0.801
1777492362,928865280,robot_1,3.017,-3.209
1777492363,129651661,robot_2,-1.319,4.305
1777492363,129685806,robot_4,2.404,2.242
1777492363,129704766,robot_0,-4.749,-0.593
1777492363,129722283,robot_3,1.771,0.801
1777492363,129737772,robot_1,3.017,-3.209
1777492363,331880049,robot_2,-1.319,4.305
1777492363,331903320,robot_4,2.404,2.242
1777492363,331909696,robot_0,-4.749,-0.593
1777492363,331915115,robot_3,1.771,0.801
1777492363,331921030,robot_1,3.017,-3.209
1777492363,551087274,robot_2,-1.319,4.305
1777492363,551115213,robot_4,2.404,2.242
1777492363,551125490,robot_0,-4.749,-0.593
1777492363,551134057,robot_3,1.771,0.801
1777492363,551141941,robot_1,3.017,-3.209
1777492363,768605489,robot_2,-1.319,4.305
1777492363,768622253,robot_4,2.404,2.242
1777492363,768628963,robot_0,-4.749,-0.593
1777492363,768634829,robot_3,1.771,0.801
1777492363,768640498,robot_1,3.017,-3.209
1777492363,968686890,robot_2,-1.319,4.305
1777492363,968706351,robot_4,2.404,2.242
1777492363,968713191,robot_0,-4.749,-0.593
1777492363,968719855,robot_3,1.771,0.801
1777492363,968726849,robot_1,3.017,-3.209
1777492364,168788820,robot_2,-1.319,4.305
1777492364,168810944,robot_4,2.404,2.242
1777492364,168818002,robot_0,-4.749,-0.593
1777492364,168823891,robot_3,1.771,0.801
1777492364,168829150,robot_1,3.017,-3.209
1777492364,389957397,robot_2,-1.319,4.305
1777492364,389987543,robot_4,2.404,2.242
1777492364,390002109,robot_0,-4.749,-0.593
1777492364,390014498,robot_3,1.771,0.801
1777492364,390026352,robot_1,3.017,-3.209
1777492364,610717061,robot_2,-1.319,4.305
1777492364,610747934,robot_4,2.404,2.242
1777492364,610763125,robot_0,-4.749,-0.593
1777492364,610775944,robot_3,1.771,0.801
1777492364,610787383,robot_1,3.017,-3.209
1777492364,830726099,robot_2,-1.319,4.305
1777492364,830745462,robot_4,2.404,2.242
1777492364,830752146,robot_0,-4.749,-0.593
1777492364,830757657,robot_3,1.771,0.801
1777492364,830763266,robot_1,3.017,-3.209
1777492365,48953714,robot_2,-1.319,4.305
1777492365,48977881,robot_4,2.404,2.242
1777492365,48984631,robot_0,-4.749,-0.593
1777492365,48991435,robot_3,1.771,0.801
1777492365,48997796,robot_1,3.017,-3.209
1777492365,250063729,robot_2,-1.319,4.305
1777492365,250084090,robot_4,2.404,2.242
1777492365,250093096,robot_0,-4.749,-0.593
1777492365,250100552,robot_3,1.771,0.801
1777492365,250108350,robot_1,3.017,-3.209
1777492365,450609229,robot_2,-1.319,4.305
1777492365,450639328,robot_4,2.404,2.242
1777492365,450651820,robot_0,-4.749,-0.593
1777492365,450661607,robot_3,1.771,0.801
1777492365,450670272,robot_1,3.017,-3.209
1777492365,651160610,robot_2,-1.319,4.305
1777492365,651192884,robot_4,2.404,2.242
1777492365,651207696,robot_0,-4.749,-0.593
1777492365,651221335,robot_3,1.771,0.801
1777492365,651235112,robot_1,3.017,-3.209
1777492365,869459415,robot_2,-1.319,4.305
1777492365,869481388,robot_4,2.404,2.242
1777492365,869490231,robot_0,-4.749,-0.593
1777492365,869497861,robot_3,1.771,0.801
1777492365,869504664,robot_1,3.017,-3.209
1777492366,70540770,robot_2,-1.319,4.305
1777492366,70576591,robot_4,2.404,2.242
1777492366,70590907,robot_0,-4.749,-0.593
1777492366,70604235,robot_3,1.771,0.801
1777492366,70615789,robot_1,3.017,-3.209
1777492366,290432466,robot_2,-1.319,4.305
1777492366,290457080,robot_4,2.404,2.242
1777492366,290469445,robot_0,-4.749,-0.593
1777492366,290478838,robot_3,1.771,0.801
1777492366,290489387,robot_1,3.017,-3.209
1777492366,490617559,robot_2,-1.319,4.305
1777492366,490637941,robot_4,2.404,2.242
1777492366,490646901,robot_0,-4.749,-0.593
1777492366,490654653,robot_3,1.771,0.801
1777492366,490662394,robot_1,3.017,-3.209
1777492366,691089728,robot_2,-1.319,4.305
1777492366,691128904,robot_4,2.404,2.242
1777492366,691147522,robot_0,-4.749,-0.593
1777492366,691163638,robot_3,1.771,0.801
1777492366,691178419,robot_1,3.017,-3.209
1777492366,910561856,robot_2,-1.319,4.305
1777492366,910583458,robot_4,2.404,2.242
1777492366,910592246,robot_0,-4.749,-0.593
1777492366,910599791,robot_3,1.771,0.801
1777492366,910606928,robot_1,3.017,-3.209
1777492367,129296687,robot_2,-1.319,4.305
1777492367,129326161,robot_4,2.404,2.242
1777492367,129336209,robot_0,-4.749,-0.593
1777492367,129346941,robot_3,1.771,0.801
1777492367,129356614,robot_1,3.017,-3.209
1777492367,330505191,robot_2,-1.319,4.305
1777492367,330524548,robot_4,2.404,2.242
1777492367,330531303,robot_0,-4.749,-0.593
1777492367,330536896,robot_3,1.771,0.801
1777492367,330542173,robot_1,3.017,-3.209
1777492367,550480121,robot_2,-1.319,4.305
1777492367,550502308,robot_4,2.404,2.242
1777492367,550509242,robot_0,-4.749,-0.593
1777492367,550515082,robot_3,1.771,0.801
1777492367,550520781,robot_1,3.017,-3.209
1777492367,770266502,robot_2,-1.319,4.305
1777492367,770293951,robot_4,2.404,2.242
1777492367,770303365,robot_0,-4.749,-0.593
1777492367,770311725,robot_3,1.771,0.801
1777492367,770319058,robot_1,3.017,-3.209
1777492367,970721137,robot_2,-1.319,4.305
1777492367,970748058,robot_4,2.404,2.242
1777492367,970759990,robot_0,-4.749,-0.593
1777492367,970770058,robot_3,1.771,0.801
1777492367,970779341,robot_1,3.017,-3.209
1777492368,190198972,robot_2,-1.319,4.305
1777492368,190221301,robot_4,2.404,2.242
1777492368,190230691,robot_0,-4.749,-0.593
1777492368,190240094,robot_3,1.771,0.801
1777492368,190248382,robot_1,3.017,-3.209
1777492368,409881689,robot_2,-1.319,4.305
1777492368,409908420,robot_4,2.404,2.242
1777492368,409919303,robot_0,-4.749,-0.593
1777492368,409928781,robot_3,1.771,0.801
1777492368,409937021,robot_1,3.017,-3.209
1777492368,628999536,robot_2,-1.319,4.305
1777492368,629017656,robot_4,2.404,2.242
1777492368,629025068,robot_0,-4.749,-0.593
1777492368,629031176,robot_3,1.771,0.801
1777492368,629036735,robot_1,3.017,-3.209
1777492368,830423346,robot_2,-1.319,4.305
1777492368,830445196,robot_4,2.404,2.242
1777492368,830452552,robot_0,-4.749,-0.593
1777492368,830458776,robot_3,1.771,0.801
1777492368,830464536,robot_1,3.017,-3.209
1777492369,50173042,robot_2,-1.319,4.305
1777492369,50190729,robot_4,2.404,2.242
1777492369,50197745,robot_0,-4.749,-0.593
1777492369,50203983,robot_3,1.771,0.801
1777492369,50209784,robot_1,3.017,-3.209
1777492369,269134461,robot_2,-1.319,4.305
1777492369,269149685,robot_4,2.404,2.242
1777492369,269155847,robot_0,-4.749,-0.593
1777492369,269161421,robot_3,1.771,0.801
1777492369,269166340,robot_1,3.017,-3.209
1777492369,469653537,robot_2,-1.319,4.305
1777492369,469677423,robot_4,2.404,2.242
1777492369,469687874,robot_0,-4.749,-0.593
1777492369,469696578,robot_3,1.771,0.801
1777492369,469705105,robot_1,3.017,-3.209
1777492369,669868350,robot_2,-1.319,4.305
1777492369,669896244,robot_4,2.404,2.242
1777492369,669907483,robot_0,-4.749,-0.593
1777492369,669917637,robot_3,1.771,0.801
1777492369,669926499,robot_1,3.017,-3.209
1777492369,870031215,robot_2,-1.319,4.305
1777492369,870058688,robot_4,2.404,2.242
1777492369,870066666,robot_0,-4.749,-0.593
1777492369,870072712,robot_3,1.771,0.801
1777492369,870079031,robot_1,3.017,-3.209
1777492370,70458369,robot_2,-1.319,4.305
1777492370,70485422,robot_4,2.404,2.242
1777492370,70494833,robot_0,-4.749,-0.593
1777492370,70503461,robot_3,1.771,0.801
1777492370,70512065,robot_1,3.017,-3.209
1777492370,290719076,robot_2,-1.319,4.305
1777492370,290744590,robot_4,2.404,2.242
1777492370,290752159,robot_0,-4.749,-0.593
1777492370,290758948,robot_3,1.771,0.801
1777492370,290765228,robot_1,3.017,-3.209
1777492370,510713576,robot_2,-1.319,4.305
1777492370,510734635,robot_4,2.404,2.242
1777492370,510743241,robot_0,-4.749,-0.593
1777492370,510750899,robot_3,1.771,0.801
1777492370,510757914,robot_1,3.017,-3.209
1777492370,728469590,robot_2,-1.319,4.305
1777492370,728492778,robot_4,2.404,2.242
1777492370,728498912,robot_0,-4.749,-0.593
1777492370,728505055,robot_3,1.771,0.801
1777492370,728510615,robot_1,3.017,-3.209
1777492370,930296452,robot_2,-1.319,4.305
1777492370,930317242,robot_4,2.404,2.242
1777492370,930323606,robot_0,-4.749,-0.593
1777492370,930329181,robot_3,1.771,0.801
1777492370,930334669,robot_1,3.017,-3.209
1777492371,130422136,robot_2,-1.319,4.305
1777492371,130449446,robot_4,2.404,2.242
1777492371,130459637,robot_0,-4.749,-0.593
1777492371,130469212,robot_3,1.771,0.801
1777492371,130477583,robot_1,3.017,-3.209
1777492371,349001838,robot_2,-1.319,4.305
1777492371,349021526,robot_4,2.404,2.242
1777492371,349028322,robot_0,-4.749,-0.593
1777492371,349034014,robot_3,1.771,0.801
1777492371,349039112,robot_1,3.017,-3.209
1777492371,549556153,robot_2,-1.319,4.305
1777492371,549576059,robot_4,2.404,2.242
1777492371,549584864,robot_0,-4.749,-0.593
1777492371,549593730,robot_3,1.771,0.801
1777492371,549600865,robot_1,3.017,-3.209
1777492371,750511472,robot_2,-1.319,4.305
1777492371,750545197,robot_4,2.404,2.242
1777492371,750559146,robot_0,-4.749,-0.593
1777492371,750572447,robot_3,1.771,0.801
1777492371,750584322,robot_1,3.017,-3.209
1777492371,970117719,robot_2,-1.319,4.305
1777492371,970143509,robot_4,2.404,2.242
1777492371,970155093,robot_0,-4.749,-0.593
1777492371,970164695,robot_3,1.771,0.801
1777492371,970174031,robot_1,3.017,-3.209
1777492372,189776570,robot_2,-1.319,4.305
1777492372,189805328,robot_4,2.404,2.242
1777492372,189819868,robot_0,-4.749,-0.593
1777492372,189832620,robot_3,1.771,0.801
1777492372,189843995,robot_1,3.017,-3.209
1777492372,389809529,robot_2,-1.319,4.305
1777492372,389840891,robot_4,2.404,2.242
1777492372,389855671,robot_0,-4.749,-0.593
1777492372,389868326,robot_3,1.771,0.801
1777492372,389879705,robot_1,3.017,-3.209
1777492372,590614320,robot_2,-1.319,4.305
1777492372,590649130,robot_4,2.404,2.242
1777492372,590667705,robot_0,-4.749,-0.593
1777492372,590683654,robot_3,1.771,0.801
1777492372,590698681,robot_1,3.017,-3.209
1777492372,809724361,robot_2,-1.319,4.305
1777492372,809745038,robot_4,2.404,2.242
1777492372,809752553,robot_0,-4.749,-0.593
1777492372,809758796,robot_3,1.771,0.801
1777492372,809764610,robot_1,3.017,-3.209
1777492373,30050174,robot_2,-1.319,4.305
1777492373,30075277,robot_4,2.404,2.242
1777492373,30082325,robot_0,-4.749,-0.593
1777492373,30088758,robot_3,1.771,0.801
1777492373,30094453,robot_1,3.017,-3.209
1777492373,230232573,robot_2,-1.319,4.305
1777492373,230254453,robot_4,2.404,2.242
1777492373,230263484,robot_0,-4.749,-0.593
1777492373,230272399,robot_3,1.771,0.801
1777492373,230280429,robot_1,3.017,-3.209
1777492373,449562835,robot_2,-1.319,4.305
1777492373,449590044,robot_4,2.404,2.242
1777492373,449599544,robot_0,-4.749,-0.593
1777492373,449606549,robot_3,1.771,0.801
1777492373,449613005,robot_1,3.017,-3.209
1777492373,669989535,robot_2,-1.319,4.305
1777492373,670014681,robot_4,2.404,2.242
1777492373,670023638,robot_0,-4.749,-0.593
1777492373,670031452,robot_3,1.771,0.801
1777492373,670038560,robot_1,3.017,-3.209
1777492373,870658476,robot_2,-1.319,4.305
1777492373,870694443,robot_4,2.404,2.242
1777492373,870707110,robot_0,-4.749,-0.593
1777492373,870717584,robot_3,1.771,0.801
1777492373,870727428,robot_1,3.017,-3.209
1777492374,89297064,robot_2,-1.319,4.305
1777492374,89314086,robot_4,2.404,2.242
1777492374,89320250,robot_0,-4.749,-0.593
1777492374,89326554,robot_3,1.771,0.801
1777492374,89331792,robot_1,3.017,-3.209
1777492374,290428964,robot_2,-1.319,4.305
1777492374,290465549,robot_4,2.404,2.242
1777492374,290486698,robot_0,-4.749,-0.593
1777492374,290499646,robot_3,1.771,0.801
1777492374,290511652,robot_1,3.017,-3.209
1777492374,490810920,robot_2,-1.319,4.305
1777492374,490834380,robot_4,2.404,2.242
1777492374,490844421,robot_0,-4.749,-0.593
1777492374,490853433,robot_3,1.771,0.801
1777492374,490861890,robot_1,3.017,-3.209
1777492374,708705738,robot_2,-1.319,4.305
1777492374,708722007,robot_4,2.404,2.242
1777492374,708728141,robot_0,-4.749,-0.593
1777492374,708733526,robot_3,1.771,0.801
1777492374,708738830,robot_1,3.017,-3.209
1777492374,909539856,robot_2,-1.319,4.305
1777492374,909556287,robot_4,2.404,2.242
1777492374,909562718,robot_0,-4.749,-0.593
1777492374,909568669,robot_3,1.771,0.801
1777492374,909573645,robot_1,3.017,-3.209
1777492375,129660823,robot_2,-1.319,4.305
1777492375,129676967,robot_4,2.404,2.242
1777492375,129683017,robot_0,-4.749,-0.593
1777492375,129688331,robot_3,1.771,0.801
1777492375,129693152,robot_1,3.017,-3.209
1777492375,348951678,robot_2,-1.319,4.305
1777492375,348971388,robot_4,2.404,2.242
1777492375,348977882,robot_0,-4.749,-0.593
1777492375,348983551,robot_3,1.771,0.801
1777492375,348989112,robot_1,3.017,-3.209
1777492375,550247367,robot_2,-1.319,4.305
1777492375,550267912,robot_4,2.404,2.242
1777492375,550276365,robot_0,-4.749,-0.593
1777492375,550283574,robot_3,1.771,0.801
1777492375,550291122,robot_1,3.017,-3.209
1777492375,769881893,robot_2,-1.319,4.305
1777492375,769915112,robot_4,2.404,2.242
1777492375,769925745,robot_0,-4.749,-0.593
1777492375,769935187,robot_3,1.771,0.801
1777492375,769943620,robot_1,3.017,-3.209
1777492375,989105728,robot_2,-1.319,4.305
1777492375,989124533,robot_4,2.404,2.242
1777492375,989131360,robot_0,-4.749,-0.593
1777492375,989136958,robot_3,1.771,0.801
1777492375,989142474,robot_1,3.017,-3.209
1777492376,208440713,robot_2,-1.319,4.305
1777492376,208456526,robot_4,2.404,2.242
1777492376,208462681,robot_0,-4.749,-0.593
1777492376,208468490,robot_3,1.771,0.801
1777492376,208473611,robot_1,3.017,-3.209
1777492376,410049787,robot_2,-1.319,4.305
1777492376,410081134,robot_4,2.404,2.242
1777492376,410096671,robot_0,-4.749,-0.593
1777492376,410109266,robot_3,1.771,0.801
1777492376,410121066,robot_1,3.017,-3.209
1777492376,629527459,robot_2,-1.319,4.305
1777492376,629544238,robot_4,2.404,2.242
1777492376,629551007,robot_0,-4.749,-0.593
1777492376,629556670,robot_3,1.771,0.801
1777492376,629562258,robot_1,3.017,-3.209
1777492376,829653540,robot_2,-1.319,4.305
1777492376,829673997,robot_4,2.404,2.242
1777492376,829680580,robot_0,-4.749,-0.593
1777492376,829686457,robot_3,1.771,0.801
1777492376,829691807,robot_1,3.017,-3.209
1777492377,50822694,robot_2,-1.319,4.305
1777492377,50850606,robot_4,2.404,2.242
1777492377,50861991,robot_0,-4.749,-0.593
1777492377,50871381,robot_3,1.771,0.801
1777492377,50878770,robot_1,3.017,-3.209
1777492377,269904455,robot_2,-1.319,4.305
1777492377,269926695,robot_4,2.404,2.242
1777492377,269936103,robot_0,-4.749,-0.593
1777492377,269944978,robot_3,1.771,0.801
1777492377,269953636,robot_1,3.017,-3.209
1777492377,490223868,robot_2,-1.319,4.305
1777492377,490250268,robot_4,2.404,2.242
1777492377,490263111,robot_0,-4.749,-0.593
1777492377,490273334,robot_3,1.771,0.801
1777492377,490283140,robot_1,3.017,-3.209
1777492377,690692262,robot_2,-1.319,4.305
1777492377,690723016,robot_4,2.404,2.242
1777492377,690738010,robot_0,-4.749,-0.593
1777492377,690750862,robot_3,1.771,0.801
1777492377,690762615,robot_1,3.017,-3.209
1777492377,909000577,robot_2,-1.319,4.305
1777492377,909025074,robot_4,2.404,2.242
1777492377,909031642,robot_0,-4.749,-0.593
1777492377,909037396,robot_3,1.771,0.801
1777492377,909042592,robot_1,3.017,-3.209
1777492378,109482937,robot_2,-1.319,4.305
1777492378,109510270,robot_4,2.404,2.242
1777492378,109523419,robot_0,-4.749,-0.593
1777492378,109534847,robot_3,1.771,0.801
1777492378,109544875,robot_1,3.017,-3.209
1777492378,311529959,robot_2,-1.319,4.305
1777492378,311549720,robot_4,2.404,2.242
1777492378,311556360,robot_0,-4.749,-0.593
1777492378,311562087,robot_3,1.771,0.801
1777492378,311567218,robot_1,3.017,-3.209
1777492378,528557935,robot_2,-1.319,4.305
1777492378,528575696,robot_4,2.404,2.242
1777492378,528583882,robot_0,-4.749,-0.593
1777492378,528591002,robot_3,1.771,0.801
1777492378,528597561,robot_1,3.017,-3.209
1777492378,728657910,robot_2,-1.319,4.305
1777492378,728673932,robot_4,2.404,2.242
1777492378,728680555,robot_0,-4.749,-0.593
1777492378,728685678,robot_3,1.771,0.801
1777492378,728691072,robot_1,3.017,-3.209
1777492378,929776199,robot_2,-1.319,4.305
1777492378,929796703,robot_4,2.404,2.242
1777492378,929805697,robot_0,-4.749,-0.593
1777492378,929814568,robot_3,1.771,0.801
1777492378,929821774,robot_1,3.017,-3.209
1777492379,149903366,robot_2,-1.319,4.305
1777492379,149928906,robot_4,2.404,2.242
1777492379,149938432,robot_0,-4.749,-0.593
1777492379,149946851,robot_3,1.771,0.801
1777492379,149955319,robot_1,3.017,-3.209
1777492379,370600035,robot_2,-1.319,4.305
1777492379,370620174,robot_4,2.404,2.242
1777492379,370628921,robot_0,-4.749,-0.593
1777492379,370636222,robot_3,1.771,0.801
1777492379,370642492,robot_1,3.017,-3.209
1777492379,570749903,robot_2,-1.319,4.305
1777492379,570778928,robot_4,2.404,2.242
1777492379,570788771,robot_0,-4.749,-0.593
1777492379,570796864,robot_3,1.771,0.801
1777492379,570804055,robot_1,3.017,-3.209
1777492379,790235800,robot_2,-1.319,4.305
1777492379,790260552,robot_4,2.404,2.242
1777492379,790272211,robot_0,-4.749,-0.593
1777492379,790282323,robot_3,1.771,0.801
1777492379,790292079,robot_1,3.017,-3.209
1777492380,8925776,robot_2,-1.319,4.305
1777492380,8943317,robot_4,2.404,2.242
1777492380,8950466,robot_0,-4.749,-0.593
1777492380,8957130,robot_3,1.771,0.801
1777492380,8962942,robot_1,3.017,-3.209
1777492380,210916561,robot_2,-1.319,4.305
1777492380,210943929,robot_4,2.404,2.242
1777492380,210957839,robot_0,-4.749,-0.593
1777492380,210970174,robot_3,1.771,0.801
1777492380,210980985,robot_1,3.017,-3.209
1777492380,429690459,robot_2,-1.319,4.305
1777492380,429720973,robot_4,2.404,2.242
1777492380,429737447,robot_0,-4.749,-0.593
1777492380,429752325,robot_3,1.771,0.801
1777492380,429765657,robot_1,3.017,-3.209
1777492380,630410871,robot_2,-1.319,4.305
1777492380,630444705,robot_4,2.404,2.242
1777492380,630463004,robot_0,-4.749,-0.593
1777492380,630478961,robot_3,1.771,0.801
1777492380,630493627,robot_1,3.017,-3.209
1777492380,830921045,robot_2,-1.319,4.305
1777492380,830953848,robot_4,2.404,2.242
1777492380,830967640,robot_0,-4.749,-0.593
1777492380,830980254,robot_3,1.771,0.801
1777492380,830991659,robot_1,3.017,-3.209
1777492381,50288134,robot_2,-1.319,4.305
1777492381,50306737,robot_4,2.404,2.242
1777492381,50314223,robot_0,-4.749,-0.593
1777492381,50320566,robot_3,1.771,0.801
1777492381,50326130,robot_1,3.017,-3.209
1777492381,268684071,robot_2,-1.319,4.305
1777492381,268706733,robot_4,2.404,2.242
1777492381,268713745,robot_0,-4.749,-0.593
1777492381,268719294,robot_3,1.771,0.801
1777492381,268725291,robot_1,3.017,-3.209
1777492381,470093741,robot_2,-1.319,4.305
1777492381,470126337,robot_4,2.404,2.242
1777492381,470139240,robot_0,-4.749,-0.593
1777492381,470149879,robot_3,1.771,0.801
1777492381,470159598,robot_1,3.017,-3.209
1777492381,690096031,robot_2,-1.319,4.305
1777492381,690113093,robot_4,2.404,2.242
1777492381,690120633,robot_0,-4.749,-0.593
1777492381,690126905,robot_3,1.771,0.801
1777492381,690132516,robot_1,3.017,-3.209
1777492381,890193221,robot_2,-1.319,4.305
1777492381,890214669,robot_4,2.404,2.242
1777492381,890222977,robot_0,-4.749,-0.593
1777492381,890230911,robot_3,1.771,0.801
1777492381,890238024,robot_1,3.017,-3.209
1777492382,109736817,robot_2,-1.319,4.305
1777492382,109765569,robot_4,2.404,2.242
1777492382,109774098,robot_0,-4.749,-0.593
1777492382,109781301,robot_3,1.771,0.801
1777492382,109788893,robot_1,3.017,-3.209
1777492382,311991132,robot_2,-1.319,4.305
1777492382,312017613,robot_4,2.404,2.242
1777492382,312028445,robot_0,-4.749,-0.593
1777492382,312037712,robot_3,1.771,0.801
1777492382,312046493,robot_1,3.017,-3.209
1777492382,528701300,robot_2,-1.319,4.305
1777492382,528718159,robot_4,2.404,2.242
1777492382,528725239,robot_0,-4.749,-0.593
1777492382,528731302,robot_3,1.771,0.801
1777492382,528736904,robot_1,3.017,-3.209
1777492382,748474496,robot_2,-1.319,4.305
1777492382,748491613,robot_4,2.404,2.242
1777492382,748498223,robot_0,-4.749,-0.593
1777492382,748504324,robot_3,1.771,0.801
1777492382,748510000,robot_1,3.017,-3.209
1777492382,948811398,robot_2,-1.319,4.305
1777492382,948829005,robot_4,2.404,2.242
1777492382,948835110,robot_0,-4.749,-0.593
1777492382,948841370,robot_3,1.771,0.801
1777492382,948846458,robot_1,3.017,-3.209
1777492383,149811717,robot_2,-1.319,4.305
1777492383,149830871,robot_4,2.404,2.242
1777492383,149839407,robot_0,-4.749,-0.593
1777492383,149847307,robot_3,1.771,0.801
1777492383,149853824,robot_1,3.017,-3.209
1777492383,369756324,robot_2,-1.319,4.305
1777492383,369780311,robot_4,2.404,2.242
1777492383,369790056,robot_0,-4.749,-0.593
1777492383,369798579,robot_3,1.771,0.801
1777492383,369806153,robot_1,3.017,-3.209
1777492383,589202290,robot_2,-1.319,4.305
1777492383,589219342,robot_4,2.404,2.242
1777492383,589226047,robot_0,-4.749,-0.593
1777492383,589231967,robot_3,1.771,0.801
1777492383,589236947,robot_1,3.017,-3.209
1777492383,789849441,robot_2,-1.319,4.305
1777492383,789871883,robot_4,2.404,2.242
1777492383,789882091,robot_0,-4.749,-0.593
1777492383,789895132,robot_3,1.771,0.801
1777492383,789907776,robot_1,3.017,-3.209
1777492384,8994498,robot_2,-1.319,4.305
1777492384,9010228,robot_4,2.404,2.242
1777492384,9016727,robot_0,-4.749,-0.593
1777492384,9022905,robot_3,1.771,0.801
1777492384,9027918,robot_1,3.017,-3.209
1777492384,228448227,robot_2,-1.319,4.305
1777492384,228463077,robot_4,2.404,2.242
1777492384,228469525,robot_0,-4.749,-0.593
1777492384,228475398,robot_3,1.771,0.801
1777492384,228480545,robot_1,3.017,-3.209
1777492384,429725941,robot_2,-1.319,4.305
1777492384,429756870,robot_4,2.404,2.242
1777492384,429772165,robot_0,-4.749,-0.593
1777492384,429786056,robot_3,1.771,0.801
1777492384,429798662,robot_1,3.017,-3.209
1777492384,630315107,robot_2,-1.319,4.305
1777492384,630340444,robot_4,2.404,2.242
1777492384,630352111,robot_0,-4.749,-0.593
1777492384,630362834,robot_3,1.771,0.801
1777492384,630372096,robot_1,3.017,-3.209
1777492384,849328915,robot_2,-1.319,4.305
1777492384,849348234,robot_4,2.404,2.242
1777492384,849355048,robot_0,-4.749,-0.593
1777492384,849361623,robot_3,1.771,0.801
1777492384,849367878,robot_1,3.017,-3.209
1777492385,49616147,robot_2,-1.319,4.305
1777492385,49636252,robot_4,2.404,2.242
1777492385,49643667,robot_0,-4.749,-0.593
1777492385,49649944,robot_3,1.771,0.801
1777492385,49655668,robot_1,3.017,-3.209
1777492385,249897138,robot_2,-1.319,4.305
1777492385,249921987,robot_4,2.404,2.242
1777492385,249928358,robot_0,-4.749,-0.593
1777492385,249934594,robot_3,1.771,0.801
1777492385,249939989,robot_1,3.017,-3.209
1777492385,449949725,robot_2,-1.319,4.305
1777492385,449974808,robot_4,2.404,2.242
1777492385,449986217,robot_0,-4.749,-0.593
1777492385,449996434,robot_3,1.771,0.801
1777492385,450005259,robot_1,3.017,-3.209
1777492385,669908391,robot_2,-1.319,4.305
1777492385,669927871,robot_4,2.404,2.242
1777492385,669935264,robot_0,-4.749,-0.593
1777492385,669942658,robot_3,1.771,0.801
1777492385,669948824,robot_1,3.017,-3.209
1777492385,870313387,robot_2,-1.319,4.305
1777492385,870341680,robot_4,2.404,2.242
1777492385,870353856,robot_0,-4.749,-0.593
1777492385,870364246,robot_3,1.771,0.801
1777492385,870374038,robot_1,3.017,-3.209
1777492386,88976819,robot_2,-1.319,4.305
1777492386,88993584,robot_4,2.404,2.242
1777492386,89000079,robot_0,-4.749,-0.593
1777492386,89006158,robot_3,1.771,0.801
1777492386,89011480,robot_1,3.017,-3.209
1777492386,290550389,robot_2,-1.319,4.305
1777492386,290580898,robot_4,2.404,2.242
1777492386,290596373,robot_0,-4.749,-0.593
1777492386,290608734,robot_3,1.771,0.801
1777492386,290621068,robot_1,3.017,-3.209
1777492386,509803059,robot_2,-1.319,4.305
1777492386,509831887,robot_4,2.404,2.242
1777492386,509841223,robot_0,-4.749,-0.593
1777492386,509849304,robot_3,1.771,0.801
1777492386,509856818,robot_1,3.017,-3.209
1777492386,729672983,robot_2,-1.319,4.305
1777492386,729700197,robot_4,2.404,2.242
1777492386,729712854,robot_0,-4.749,-0.593
1777492386,729724472,robot_3,1.771,0.801
1777492386,729734980,robot_1,3.017,-3.209
1777492386,950472705,robot_2,-1.319,4.305
1777492386,950501033,robot_4,2.404,2.242
1777492386,950513382,robot_0,-4.749,-0.593
1777492386,950524757,robot_3,1.771,0.801
1777492386,950534948,robot_1,3.017,-3.209
1777492387,168386505,robot_2,-1.319,4.305
1777492387,168403133,robot_4,2.404,2.242
1777492387,168410219,robot_0,-4.749,-0.593
1777492387,168416516,robot_3,1.771,0.801
1777492387,168422472,robot_1,3.017,-3.209
1777492387,369001243,robot_2,-1.319,4.305
1777492387,369020017,robot_4,2.404,2.242
1777492387,369026801,robot_0,-4.749,-0.593
1777492387,369032667,robot_3,1.771,0.801
1777492387,369038219,robot_1,3.017,-3.209
1777492387,588697210,robot_2,-1.319,4.305
1777492387,588714674,robot_4,2.404,2.242
1777492387,588721117,robot_0,-4.749,-0.593
1777492387,588726564,robot_3,1.771,0.801
1777492387,588732272,robot_1,3.017,-3.209
1777492387,790576116,robot_2,-1.319,4.305
1777492387,790606545,robot_4,2.404,2.242
1777492387,790621572,robot_0,-4.749,-0.593
1777492387,790634884,robot_3,1.771,0.801
1777492387,790647070,robot_1,3.017,-3.209
1777492387,991316046,robot_2,-1.319,4.305
1777492387,991343961,robot_4,2.404,2.242
1777492387,991356855,robot_0,-4.749,-0.593
1777492387,991367512,robot_3,1.771,0.801
1777492387,991377107,robot_1,3.017,-3.209
1777492388,209094994,robot_2,-1.319,4.305
1777492388,209111801,robot_4,2.404,2.242
1777492388,209118407,robot_0,-4.749,-0.593
1777492388,209124272,robot_3,1.771,0.801
1777492388,209129663,robot_1,3.017,-3.209
1777492388,409978566,robot_2,-1.319,4.305
1777492388,409999468,robot_4,2.404,2.242
1777492388,410009862,robot_0,-4.749,-0.593
1777492388,410018461,robot_3,1.771,0.801
1777492388,410025947,robot_1,3.017,-3.209
1777492388,610492382,robot_2,-1.319,4.305
1777492388,610522470,robot_4,2.404,2.242
1777492388,610532803,robot_0,-4.749,-0.593
1777492388,610542171,robot_3,1.771,0.801
1777492388,610550676,robot_1,3.017,-3.209
1777492388,810690851,robot_2,-1.319,4.305
1777492388,810718222,robot_4,2.404,2.242
1777492388,810729419,robot_0,-4.749,-0.593
1777492388,810738591,robot_3,1.771,0.801
1777492388,810746621,robot_1,3.017,-3.209
1777492389,28959845,robot_2,-1.319,4.305
1777492389,28976735,robot_4,2.404,2.242
1777492389,28983480,robot_0,-4.749,-0.593
1777492389,28989688,robot_3,1.771,0.801
1777492389,28995355,robot_1,3.017,-3.209
1777492389,229744599,robot_2,-1.319,4.305
1777492389,229769039,robot_4,2.404,2.242
1777492389,229777263,robot_0,-4.749,-0.593
1777492389,229784934,robot_3,1.771,0.801
1777492389,229794458,robot_1,3.017,-3.209
1777492389,430469180,robot_2,-1.319,4.305
1777492389,430490946,robot_4,2.404,2.242
1777492389,430500348,robot_0,-4.749,-0.593
1777492389,430509629,robot_3,1.771,0.801
1777492389,430517771,robot_1,3.017,-3.209
1777492389,650060236,robot_2,-1.319,4.305
1777492389,650077499,robot_4,2.404,2.242
1777492389,650083715,robot_0,-4.749,-0.593
1777492389,650089258,robot_3,1.771,0.801
1777492389,650094564,robot_1,3.017,-3.209
1777492389,869587481,robot_2,-1.319,4.305
1777492389,869608206,robot_4,2.404,2.242
1777492389,869615869,robot_0,-4.749,-0.593
1777492389,869622338,robot_3,1.771,0.801
1777492389,869627777,robot_1,3.017,-3.209
1777492390,70304867,robot_2,-1.319,4.305
1777492390,70323544,robot_4,2.404,2.242
1777492390,70331108,robot_0,-4.749,-0.593
1777492390,70337991,robot_3,1.771,0.801
1777492390,70344352,robot_1,3.017,-3.209
1777492390,270499803,robot_2,-1.319,4.305
1777492390,270527130,robot_4,2.404,2.242
1777492390,270537339,robot_0,-4.749,-0.593
1777492390,270546111,robot_3,1.771,0.801
1777492390,270554155,robot_1,3.017,-3.209
1777492390,470549844,robot_2,-1.319,4.305
1777492390,470582140,robot_4,2.404,2.242
1777492390,470596749,robot_0,-4.749,-0.593
1777492390,470609965,robot_3,1.771,0.801
1777492390,470621453,robot_1,3.017,-3.209
1777492390,690922104,robot_2,-1.319,4.305
1777492390,690948882,robot_4,2.404,2.242
1777492390,690961953,robot_0,-4.749,-0.593
1777492390,690972905,robot_3,1.771,0.801
1777492390,691000726,robot_1,3.017,-3.209
1777492390,909139260,robot_2,-1.319,4.305
1777492390,909172889,robot_4,2.404,2.242
1777492390,909185620,robot_0,-4.749,-0.593
1777492390,909196230,robot_3,1.771,0.801
1777492390,909206102,robot_1,3.017,-3.209
1777492391,110401901,robot_2,-1.319,4.305
1777492391,110435419,robot_4,2.404,2.242
1777492391,110447695,robot_0,-4.749,-0.593
1777492391,110456471,robot_3,1.771,0.801
1777492391,110465252,robot_1,3.017,-3.209
1777492391,331051715,robot_2,-1.319,4.305
1777492391,331075975,robot_4,2.404,2.242
1777492391,331085467,robot_0,-4.749,-0.593
1777492391,331093490,robot_3,1.771,0.801
1777492391,331101030,robot_1,3.017,-3.209
1777492391,549906040,robot_2,-1.319,4.305
1777492391,549926653,robot_4,2.404,2.242
1777492391,549935758,robot_0,-4.749,-0.593
1777492391,549943167,robot_3,1.771,0.801
1777492391,549950163,robot_1,3.017,-3.209
1777492391,770065060,robot_2,-1.319,4.305
1777492391,770083727,robot_4,2.404,2.242
1777492391,770092236,robot_0,-4.749,-0.593
1777492391,770099355,robot_3,1.771,0.801
1777492391,770106436,robot_1,3.017,-3.209
1777492391,990111316,robot_2,-1.319,4.305
1777492391,990131554,robot_4,2.404,2.242
1777492391,990139513,robot_0,-4.749,-0.593
1777492391,990146356,robot_3,1.771,0.801
1777492391,990152241,robot_1,3.017,-3.209
1777492392,190461029,robot_2,-1.319,4.305
1777492392,190481796,robot_4,2.404,2.242
1777492392,190490952,robot_0,-4.749,-0.593
1777492392,190499590,robot_3,1.771,0.801
1777492392,190507002,robot_1,3.017,-3.209
1777492392,409979450,robot_2,-1.319,4.305
1777492392,410003418,robot_4,2.404,2.242
1777492392,410014249,robot_0,-4.749,-0.593
1777492392,410023335,robot_3,1.771,0.801
1777492392,410031561,robot_1,3.017,-3.209
1777492392,628712473,robot_2,-1.319,4.305
1777492392,628734649,robot_4,2.404,2.242
1777492392,628741077,robot_0,-4.749,-0.593
1777492392,628746441,robot_3,1.771,0.801
1777492392,628751880,robot_1,3.017,-3.209
1777492392,829617448,robot_2,-1.319,4.305
1777492392,829638567,robot_4,2.404,2.242
1777492392,829644834,robot_0,-4.749,-0.593
1777492392,829650501,robot_3,1.771,0.801
1777492392,829655504,robot_1,3.017,-3.209
1777492393,48471673,robot_2,-1.319,4.305
1777492393,48488301,robot_4,2.404,2.242
1777492393,48495041,robot_0,-4.749,-0.593
1777492393,48500340,robot_3,1.771,0.801
1777492393,48505638,robot_1,3.017,-3.209
1777492393,248663964,robot_2,-1.319,4.305
1777492393,248680585,robot_4,2.404,2.242
1777492393,248687070,robot_0,-4.749,-0.593
1777492393,248693334,robot_3,1.771,0.801
1777492393,248699249,robot_1,3.017,-3.209
1777492393,450090448,robot_2,-1.319,4.305
1777492393,450114162,robot_4,2.404,2.242
1777492393,450125011,robot_0,-4.749,-0.593
1777492393,450134896,robot_3,1.771,0.801
1777492393,450143662,robot_1,3.017,-3.209
1777492393,670485090,robot_2,-1.319,4.305
1777492393,670507501,robot_4,2.404,2.242
1777492393,670518542,robot_0,-4.749,-0.593
1777492393,670540567,robot_3,1.771,0.801
1777492393,670550359,robot_1,3.017,-3.209
1777492393,890660647,robot_2,-1.319,4.305
1777492393,890679639,robot_4,2.404,2.242
1777492393,890686720,robot_0,-4.749,-0.593
1777492393,890692736,robot_3,1.771,0.801
1777492393,890698695,robot_1,3.017,-3.209
1777492394,110091075,robot_2,-1.319,4.305
1777492394,110109574,robot_4,2.404,2.242
1777492394,110117328,robot_0,-4.749,-0.593
1777492394,110124134,robot_3,1.771,0.801
1777492394,110130980,robot_1,3.017,-3.209
1777492394,311503166,robot_2,-1.319,4.305
1777492394,311524270,robot_4,2.404,2.242
1777492394,311531137,robot_0,-4.749,-0.593
1777492394,311536810,robot_3,1.771,0.801
1777492394,311542787,robot_1,3.017,-3.209
1777492394,529385281,robot_2,-1.319,4.305
1777492394,529409557,robot_4,2.404,2.242
1777492394,529420436,robot_0,-4.749,-0.593
1777492394,529429470,robot_3,1.771,0.801
1777492394,529438473,robot_1,3.017,-3.209
1777492394,729898872,robot_2,-1.319,4.305
1777492394,729927529,robot_4,2.404,2.242
1777492394,729938234,robot_0,-4.749,-0.593
1777492394,729948552,robot_3,1.771,0.801
1777492394,729958109,robot_1,3.017,-3.209
1777492394,930250150,robot_2,-1.319,4.305
1777492394,930272760,robot_4,2.404,2.242
1777492394,930281289,robot_0,-4.749,-0.593
1777492394,930288603,robot_3,1.771,0.801
1777492394,930295604,robot_1,3.017,-3.209
1777492395,130368652,robot_2,-1.319,4.305
1777492395,130388827,robot_4,2.404,2.242
1777492395,130397783,robot_0,-4.749,-0.593
1777492395,130406366,robot_3,1.771,0.801
1777492395,130413653,robot_1,3.017,-3.209
1777492395,331177116,robot_2,-1.319,4.305
1777492395,331198567,robot_4,2.404,2.242
1777492395,331205517,robot_0,-4.749,-0.593
1777492395,331212068,robot_3,1.771,0.801
1777492395,331217746,robot_1,3.017,-3.209
1777492395,549617409,robot_2,-1.319,4.305
1777492395,549648864,robot_4,2.404,2.242
1777492395,549660353,robot_0,-4.749,-0.593
1777492395,549670918,robot_3,1.771,0.801
1777492395,549679585,robot_1,3.017,-3.209
1777492395,770018204,robot_2,-1.319,4.305
1777492395,770040690,robot_4,2.404,2.242
1777492395,770050645,robot_0,-4.749,-0.593
1777492395,770058390,robot_3,1.771,0.801
1777492395,770066419,robot_1,3.017,-3.209
1777492395,970587180,robot_2,-1.319,4.305
1777492395,970608275,robot_4,2.404,2.242
1777492395,970616744,robot_0,-4.749,-0.593
1777492395,970624339,robot_3,1.771,0.801
1777492395,970630738,robot_1,3.017,-3.209
1777492396,189315966,robot_2,-1.319,4.305
1777492396,189339292,robot_4,2.404,2.242
1777492396,189351188,robot_0,-4.749,-0.593
1777492396,189360788,robot_3,1.771,0.801
1777492396,189370064,robot_1,3.017,-3.209
1777492396,389920012,robot_2,-1.319,4.305
1777492396,389939373,robot_4,2.404,2.242
1777492396,389946765,robot_0,-4.749,-0.593
1777492396,389952936,robot_3,1.771,0.801
1777492396,389958396,robot_1,3.017,-3.209
1777492396,590462540,robot_2,-1.319,4.305
1777492396,590486106,robot_4,2.404,2.242
1777492396,590498465,robot_0,-4.749,-0.593
1777492396,590508524,robot_3,1.771,0.801
1777492396,590517315,robot_1,3.017,-3.209
1777492396,790713469,robot_2,-1.319,4.305
1777492396,790746701,robot_4,2.404,2.242
1777492396,790761215,robot_0,-4.749,-0.593
1777492396,790774533,robot_3,1.771,0.801
1777492396,790786606,robot_1,3.017,-3.209
1777492397,9523210,robot_2,-1.319,4.305
1777492397,9549631,robot_4,2.404,2.242
1777492397,9559072,robot_0,-4.749,-0.593
1777492397,9567418,robot_3,1.771,0.801
1777492397,9576034,robot_1,3.017,-3.209
1777492397,230770693,robot_2,-1.319,4.305
1777492397,230798590,robot_4,2.404,2.242
1777492397,230811294,robot_0,-4.749,-0.593
1777492397,230822255,robot_3,1.771,0.801
1777492397,230832747,robot_1,3.017,-3.209
1777492397,449582920,robot_2,-1.319,4.305
1777492397,449599852,robot_4,2.404,2.242
1777492397,449606959,robot_0,-4.749,-0.593
1777492397,449612723,robot_3,1.771,0.801
1777492397,449618104,robot_1,3.017,-3.209
1777492397,649604848,robot_2,-1.319,4.305
1777492397,649621759,robot_4,2.404,2.242
1777492397,649628593,robot_0,-4.749,-0.593
1777492397,649634888,robot_3,1.771,0.801
1777492397,649640323,robot_1,3.017,-3.209
1777492397,869168931,robot_2,-1.319,4.305
1777492397,869187763,robot_4,2.404,2.242
1777492397,869194292,robot_0,-4.749,-0.593
1777492397,869200234,robot_3,1.771,0.801
1777492397,869205434,robot_1,3.017,-3.209
1777492398,70551260,robot_2,-1.319,4.305
1777492398,70577836,robot_4,2.404,2.242
1777492398,70589405,robot_0,-4.749,-0.593
1777492398,70600207,robot_3,1.771,0.801
1777492398,70609853,robot_1,3.017,-3.209
1777492398,289821943,robot_2,-1.319,4.305
1777492398,289846992,robot_4,2.404,2.242
1777492398,289858387,robot_0,-4.749,-0.593
1777492398,289868857,robot_3,1.771,0.801
1777492398,289878920,robot_1,3.017,-3.209
1777492398,490556918,robot_2,-1.319,4.305
1777492398,490576535,robot_4,2.404,2.242
1777492398,490584712,robot_0,-4.749,-0.593
1777492398,490593037,robot_3,1.771,0.801
1777492398,490599904,robot_1,3.017,-3.209
1777492398,708789105,robot_2,-1.319,4.305
1777492398,708805987,robot_4,2.404,2.242
1777492398,708813015,robot_0,-4.749,-0.593
1777492398,708819646,robot_3,1.771,0.801
1777492398,708825247,robot_1,3.017,-3.209
1777492398,910000058,robot_2,-1.319,4.305
1777492398,910022429,robot_4,2.404,2.242
1777492398,910031872,robot_0,-4.749,-0.593
1777492398,910040512,robot_3,1.771,0.801
1777492398,910048510,robot_1,3.017,-3.209
1777492399,129183529,robot_2,-1.319,4.305
1777492399,129199518,robot_4,2.404,2.242
1777492399,129205484,robot_0,-4.749,-0.593
1777492399,129211313,robot_3,1.771,0.801
1777492399,129216541,robot_1,3.017,-3.209
1777492399,329553645,robot_2,-1.319,4.305
1777492399,329574457,robot_4,2.404,2.242
1777492399,329581145,robot_0,-4.749,-0.593
1777492399,329587072,robot_3,1.771,0.801
1777492399,329592209,robot_1,3.017,-3.209
1777492399,530391618,robot_2,-1.319,4.305
1777492399,530413567,robot_4,2.404,2.242
1777492399,530422161,robot_0,-4.749,-0.593
1777492399,530430263,robot_3,1.771,0.801
1777492399,530437439,robot_1,3.017,-3.209
1777492399,750059416,robot_2,-1.319,4.305
1777492399,750087729,robot_4,2.404,2.242
1777492399,750099949,robot_0,-4.749,-0.593
1777492399,750110156,robot_3,1.771,0.801
1777492399,750119960,robot_1,3.017,-3.209
1777492399,969805006,robot_2,-1.319,4.305
1777492399,969823514,robot_4,2.404,2.242
1777492399,969831604,robot_0,-4.749,-0.593
1777492399,969838560,robot_3,1.771,0.801
1777492399,969846715,robot_1,3.017,-3.209
1777492400,171164301,robot_2,-1.319,4.305
1777492400,171214007,robot_4,2.404,2.242
1777492400,171235212,robot_0,-4.749,-0.593
1777492400,171254208,robot_3,1.771,0.801
1777492400,171271991,robot_1,3.017,-3.209
1777492400,390079508,robot_2,-1.319,4.305
1777492400,390100555,robot_4,2.404,2.242
1777492400,390108237,robot_0,-4.749,-0.593
1777492400,390115466,robot_3,1.771,0.801
1777492400,390122377,robot_1,3.017,-3.209
1777492400,609017858,robot_2,-1.319,4.305
1777492400,609040370,robot_4,2.404,2.242
1777492400,609047179,robot_0,-4.749,-0.593
1777492400,609053514,robot_3,1.771,0.801
1777492400,609059338,robot_1,3.017,-3.209
1777492400,809933185,robot_2,-1.319,4.305
1777492400,809960965,robot_4,2.404,2.242
1777492400,809972321,robot_0,-4.749,-0.593
1777492400,809981837,robot_3,1.771,0.801
1777492400,809990804,robot_1,3.017,-3.209
1777492401,29613039,robot_2,-1.319,4.305
1777492401,29644275,robot_4,2.404,2.242
1777492401,29656994,robot_0,-4.749,-0.593
1777492401,29669016,robot_3,1.771,0.801
1777492401,29678779,robot_1,3.017,-3.209
1777492401,249410802,robot_2,-1.319,4.305
1777492401,249433344,robot_4,2.404,2.242
1777492401,249440446,robot_0,-4.749,-0.593
1777492401,249446294,robot_3,1.771,0.801
1777492401,249451052,robot_1,3.017,-3.209
1777492401,450044815,robot_2,-1.319,4.305
1777492401,450077747,robot_4,2.404,2.242
1777492401,450093310,robot_0,-4.749,-0.593
1777492401,450106367,robot_3,1.771,0.801
1777492401,450119230,robot_1,3.017,-3.209
1777492401,668942515,robot_2,-1.319,4.305
1777492401,668959635,robot_4,2.404,2.242
1777492401,668966270,robot_0,-4.749,-0.593
1777492401,668971854,robot_3,1.771,0.801
1777492401,668977225,robot_1,3.017,-3.209
1777492401,888975361,robot_2,-1.319,4.305
1777492401,888995464,robot_4,2.404,2.242
1777492401,889005102,robot_0,-4.749,-0.593
1777492401,889010956,robot_3,1.771,0.801
1777492401,889016602,robot_1,3.017,-3.209
1777492402,109184167,robot_2,-1.319,4.305
1777492402,109200894,robot_4,2.404,2.242
1777492402,109207988,robot_0,-4.749,-0.593
1777492402,109214465,robot_3,1.771,0.801
1777492402,109220580,robot_1,3.017,-3.209
1777492402,311804827,robot_2,-1.319,4.305
1777492402,311824291,robot_4,2.404,2.242
1777492402,311830607,robot_0,-4.749,-0.593
1777492402,311836193,robot_3,1.771,0.801
1777492402,311841478,robot_1,3.017,-3.209
1777492402,530292674,robot_2,-1.319,4.305
1777492402,530320168,robot_4,2.404,2.242
1777492402,530332854,robot_0,-4.749,-0.593
1777492402,530344429,robot_3,1.771,0.801
1777492402,530354295,robot_1,3.017,-3.209
1777492402,749728754,robot_2,-1.319,4.305
1777492402,749750452,robot_4,2.404,2.242
1777492402,749757462,robot_0,-4.749,-0.593
1777492402,749762926,robot_3,1.771,0.801
1777492402,749768432,robot_1,3.017,-3.209
1777492402,968517590,robot_2,-1.319,4.305
1777492402,968534872,robot_4,2.404,2.242
1777492402,968541158,robot_0,-4.749,-0.593
1777492402,968547386,robot_3,1.771,0.801
1777492402,968552788,robot_1,3.017,-3.209
1777492403,170382108,robot_2,-1.319,4.305
1777492403,170406861,robot_4,2.404,2.242
1777492403,170415201,robot_0,-4.749,-0.593
1777492403,170422710,robot_3,1.771,0.801
1777492403,170429930,robot_1,3.017,-3.209
1777492403,390318828,robot_2,-1.319,4.305
1777492403,390342047,robot_4,2.404,2.242
1777492403,390353069,robot_0,-4.749,-0.593
1777492403,390363290,robot_3,1.771,0.801
1777492403,390372780,robot_1,3.017,-3.209
1777492403,590620253,robot_2,-1.319,4.305
1777492403,590640689,robot_4,2.404,2.242
1777492403,590649086,robot_0,-4.749,-0.593
1777492403,590657136,robot_3,1.771,0.801
1777492403,590664082,robot_1,3.017,-3.209
1777492403,808921704,robot_2,-1.319,4.305
1777492403,808939895,robot_4,2.404,2.242
1777492403,808947001,robot_0,-4.749,-0.593
1777492403,808952591,robot_3,1.771,0.801
1777492403,808957964,robot_1,3.017,-3.209
1777492404,10379926,robot_2,-1.319,4.305
1777492404,10419328,robot_4,2.404,2.242
1777492404,10437522,robot_0,-4.749,-0.593
1777492404,10453977,robot_3,1.771,0.801
1777492404,10470592,robot_1,3.017,-3.209
1777492404,228927743,robot_2,-1.319,4.305
1777492404,228943228,robot_4,2.404,2.242
1777492404,228949345,robot_0,-4.749,-0.593
1777492404,228954897,robot_3,1.771,0.801
1777492404,228960149,robot_1,3.017,-3.209
1777492404,449630054,robot_2,-1.319,4.305
1777492404,449647366,robot_4,2.404,2.242
1777492404,449653941,robot_0,-4.749,-0.593
1777492404,449659660,robot_3,1.771,0.801
1777492404,449665006,robot_1,3.017,-3.209
1777492404,670236803,robot_2,-1.319,4.305
1777492404,670260913,robot_4,2.404,2.242
1777492404,670271181,robot_0,-4.749,-0.593
1777492404,670279525,robot_3,1.771,0.801
1777492404,670287104,robot_1,3.017,-3.209
1777492404,889787946,robot_2,-1.319,4.305
1777492404,889813886,robot_4,2.404,2.242
1777492404,889825338,robot_0,-4.749,-0.593
1777492404,889836028,robot_3,1.771,0.801
1777492404,889846406,robot_1,3.017,-3.209
1777492405,110149207,robot_2,-1.319,4.305
1777492405,110178759,robot_4,2.404,2.242
1777492405,110190302,robot_0,-4.749,-0.593
1777492405,110199531,robot_3,1.771,0.801
1777492405,110207550,robot_1,3.017,-3.209
1777492405,329859456,robot_2,-1.319,4.305
1777492405,329879207,robot_4,2.404,2.242
1777492405,329885807,robot_0,-4.749,-0.593
1777492405,329894000,robot_3,1.771,0.801
1777492405,329899690,robot_1,3.017,-3.209
1777492405,548728491,robot_2,-1.319,4.305
1777492405,548745266,robot_4,2.404,2.242
1777492405,548751432,robot_0,-4.749,-0.593
1777492405,548757044,robot_3,1.771,0.801
1777492405,548762014,robot_1,3.017,-3.209
1777492405,749741952,robot_2,-1.319,4.305
1777492405,749767653,robot_4,2.404,2.242
1777492405,749776818,robot_0,-4.749,-0.593
1777492405,749784639,robot_3,1.771,0.801
1777492405,749793284,robot_1,3.017,-3.209
1777492405,969389311,robot_2,-1.319,4.305
1777492405,969407603,robot_4,2.404,2.242
1777492405,969414095,robot_0,-4.749,-0.593
1777492405,969420132,robot_3,1.771,0.801
1777492405,969426171,robot_1,3.017,-3.209
1777492406,169583183,robot_2,-1.319,4.305
1777492406,169605402,robot_4,2.404,2.242
1777492406,169612201,robot_0,-4.749,-0.593
1777492406,169618416,robot_3,1.771,0.801
1777492406,169624475,robot_1,3.017,-3.209
1777492406,389926448,robot_2,-1.319,4.305
1777492406,389949790,robot_4,2.404,2.242
1777492406,389958678,robot_0,-4.749,-0.593
1777492406,389967251,robot_3,1.771,0.801
1777492406,389974501,robot_1,3.017,-3.209
1777492406,590519280,robot_2,-1.319,4.305
1777492406,590535157,robot_4,2.404,2.242
1777492406,590541764,robot_0,-4.749,-0.593
1777492406,590547719,robot_3,1.771,0.801
1777492406,590552986,robot_1,3.017,-3.209
1777492406,790753016,robot_2,-1.319,4.305
1777492406,790790938,robot_4,2.404,2.242
1777492406,790812092,robot_0,-4.749,-0.593
1777492406,790829810,robot_3,1.771,0.801
1777492406,790846699,robot_1,3.017,-3.209
1777492407,8643540,robot_2,-1.319,4.305
1777492407,8667372,robot_4,2.404,2.242
1777492407,8674102,robot_0,-4.749,-0.593
1777492407,8681517,robot_3,1.771,0.801
1777492407,8687654,robot_1,3.017,-3.209
1777492407,209299920,robot_2,-1.319,4.305
1777492407,209314552,robot_4,2.404,2.242
1777492407,209320748,robot_0,-4.749,-0.593
1777492407,209326405,robot_3,1.771,0.801
1777492407,209331265,robot_1,3.017,-3.209
1777492407,410542168,robot_2,-1.319,4.305
1777492407,410565436,robot_4,2.404,2.242
1777492407,410575416,robot_0,-4.749,-0.593
1777492407,410584028,robot_3,1.771,0.801
1777492407,410592420,robot_1,3.017,-3.209
1777492407,610570583,robot_2,-1.319,4.305
1777492407,610600777,robot_4,2.404,2.242
1777492407,610616267,robot_0,-4.749,-0.593
1777492407,610627188,robot_3,1.771,0.801
1777492407,610638830,robot_1,3.017,-3.209
1777492407,811585620,robot_2,-1.319,4.305
1777492407,811604941,robot_4,2.404,2.242
1777492407,811611783,robot_0,-4.749,-0.593
1777492407,811618506,robot_3,1.771,0.801
1777492407,811623802,robot_1,3.017,-3.209
1777492408,29519600,robot_2,-1.319,4.305
1777492408,29540841,robot_4,2.404,2.242
1777492408,29549890,robot_0,-4.749,-0.593
1777492408,29558204,robot_3,1.771,0.801
1777492408,29565266,robot_1,3.017,-3.209
1777492408,249481748,robot_2,-1.319,4.305
1777492408,249512361,robot_4,2.404,2.242
1777492408,249523314,robot_0,-4.749,-0.593
1777492408,249532941,robot_3,1.771,0.801
1777492408,249541959,robot_1,3.017,-3.209
1777492408,468856442,robot_2,-1.319,4.305
1777492408,468873023,robot_4,2.404,2.242
1777492408,468879407,robot_0,-4.749,-0.593
1777492408,468885159,robot_3,1.771,0.801
1777492408,468894999,robot_1,3.017,-3.209
1777492408,669592601,robot_2,-1.319,4.305
1777492408,669621502,robot_4,2.404,2.242
1777492408,669633116,robot_0,-4.749,-0.593
1777492408,669643345,robot_3,1.771,0.801
1777492408,669653190,robot_1,3.017,-3.209
1777492408,888749764,robot_2,-1.319,4.305
1777492408,888767682,robot_4,2.404,2.242
1777492408,888774921,robot_0,-4.749,-0.593
1777492408,888781251,robot_3,1.771,0.801
1777492408,888787570,robot_1,3.017,-3.209
1777492409,89762484,robot_2,-1.319,4.305
1777492409,89792571,robot_4,2.404,2.242
1777492409,89807204,robot_0,-4.749,-0.593
1777492409,89819694,robot_3,1.771,0.801
1777492409,89831109,robot_1,3.017,-3.209
1777492409,310084452,robot_2,-1.319,4.305
1777492409,310115246,robot_4,2.404,2.242
1777492409,310126386,robot_0,-4.749,-0.593
1777492409,310136722,robot_3,1.771,0.801
1777492409,310145972,robot_1,3.017,-3.209
1777492409,529556307,robot_2,-1.319,4.305
1777492409,529581802,robot_4,2.404,2.242
1777492409,529593296,robot_0,-4.749,-0.593
1777492409,529603131,robot_3,1.771,0.801
1777492409,529612684,robot_1,3.017,-3.209
1777492409,748517842,robot_2,-1.319,4.305
1777492409,748541434,robot_4,2.404,2.242
1777492409,748548068,robot_0,-4.749,-0.593
1777492409,748553742,robot_3,1.771,0.801
1777492409,748558844,robot_1,3.017,-3.209
1777492409,949826185,robot_2,-1.319,4.305
1777492409,949846919,robot_4,2.404,2.242
1777492409,949855295,robot_0,-4.749,-0.593
1777492409,949863046,robot_3,1.771,0.801
1777492409,949870047,robot_1,3.017,-3.209
1777492410,150516983,robot_2,-1.319,4.305
1777492410,150537103,robot_4,2.404,2.242
1777492410,150546403,robot_0,-4.749,-0.593
1777492410,150554893,robot_3,1.771,0.801
1777492410,150562526,robot_1,3.017,-3.209
1777492410,369536841,robot_2,-1.319,4.305
1777492410,369560993,robot_4,2.404,2.242
1777492410,369570437,robot_0,-4.749,-0.593
1777492410,369578554,robot_3,1.771,0.801
1777492410,369585958,robot_1,3.017,-3.209
1777492410,589713748,robot_2,-1.319,4.305
1777492410,589737277,robot_4,2.404,2.242
1777492410,589748393,robot_0,-4.749,-0.593
1777492410,589757129,robot_3,1.771,0.801
1777492410,589765210,robot_1,3.017,-3.209
1777492410,809246668,robot_2,-1.319,4.305
1777492410,809267458,robot_4,2.404,2.242
1777492410,809274909,robot_0,-4.749,-0.593
1777492410,809282301,robot_3,1.771,0.801
1777492410,809289103,robot_1,3.017,-3.209
1777492411,28766133,robot_2,-1.319,4.305
1777492411,28783958,robot_4,2.404,2.242
1777492411,28792042,robot_0,-4.749,-0.593
1777492411,28798687,robot_3,1.771,0.801
1777492411,28805328,robot_1,3.017,-3.209
1777492411,230180943,robot_2,-1.319,4.305
1777492411,230197616,robot_4,2.404,2.242
1777492411,230204699,robot_0,-4.749,-0.593
1777492411,230210758,robot_3,1.771,0.801
1777492411,230216395,robot_1,3.017,-3.209
1777492411,448694904,robot_2,-1.319,4.305
1777492411,448712226,robot_4,2.404,2.242
1777492411,448718764,robot_0,-4.749,-0.593
1777492411,448724462,robot_3,1.771,0.801
1777492411,448729720,robot_1,3.017,-3.209
1777492411,649548523,robot_2,-1.319,4.305
1777492411,649569250,robot_4,2.404,2.242
1777492411,649577325,robot_0,-4.749,-0.593
1777492411,649584281,robot_3,1.771,0.801
1777492411,649591386,robot_1,3.017,-3.209
1777492411,870089144,robot_2,-1.319,4.305
1777492411,870123098,robot_4,2.404,2.242
1777492411,870134510,robot_0,-4.749,-0.593
1777492411,870144640,robot_3,1.771,0.801
1777492411,870153796,robot_1,3.017,-3.209
1777492412,88825597,robot_2,-1.319,4.305
1777492412,88848154,robot_4,2.404,2.242
1777492412,88855337,robot_0,-4.749,-0.593
1777492412,88861122,robot_3,1.771,0.801
1777492412,88866679,robot_1,3.017,-3.209
1777492412,309268258,robot_2,-1.319,4.305
1777492412,309288295,robot_4,2.404,2.242
1777492412,309299152,robot_0,-4.749,-0.593
1777492412,309306277,robot_3,1.771,0.801
1777492412,309313101,robot_1,3.017,-3.209
1777492412,529744715,robot_2,-1.319,4.305
1777492412,529763645,robot_4,2.404,2.242
1777492412,529772091,robot_0,-4.749,-0.593
1777492412,529778831,robot_3,1.771,0.801
1777492412,529784971,robot_1,3.017,-3.209
1777492412,750032637,robot_2,-1.319,4.305
1777492412,750056297,robot_4,2.404,2.242
1777492412,750066755,robot_0,-4.749,-0.593
1777492412,750075305,robot_3,1.771,0.801
1777492412,750083415,robot_1,3.017,-3.209
1777492412,968680601,robot_2,-1.319,4.305
1777492412,968698213,robot_4,2.404,2.242
1777492412,968704635,robot_0,-4.749,-0.593
1777492412,968710636,robot_3,1.771,0.801
1777492412,968715791,robot_1,3.017,-3.209
1777492413,169690237,robot_2,-1.319,4.305
1777492413,169711651,robot_4,2.404,2.242
1777492413,169720704,robot_0,-4.749,-0.593
1777492413,169729106,robot_3,1.771,0.801
1777492413,169736366,robot_1,3.017,-3.209
1777492413,388858883,robot_2,-1.319,4.305
1777492413,388876049,robot_4,2.404,2.242
1777492413,388882230,robot_0,-4.749,-0.593
1777492413,388887784,robot_3,1.771,0.801
1777492413,388897640,robot_1,3.017,-3.209
1777492413,590196470,robot_2,-1.319,4.305
1777492413,590217108,robot_4,2.404,2.242
1777492413,590225599,robot_0,-4.749,-0.593
1777492413,590233661,robot_3,1.771,0.801
1777492413,590241206,robot_1,3.017,-3.209
1777492413,808975675,robot_2,-1.319,4.305
1777492413,808996080,robot_4,2.404,2.242
1777492413,809003047,robot_0,-4.749,-0.593
1777492413,809009144,robot_3,1.771,0.801
1777492413,809014318,robot_1,3.017,-3.209
1777492414,10069357,robot_2,-1.319,4.305
1777492414,10101641,robot_4,2.404,2.242
1777492414,10113023,robot_0,-4.749,-0.593
1777492414,10120002,robot_3,1.771,0.801
1777492414,10127100,robot_1,3.017,-3.209
1777492414,230031547,robot_2,-1.319,4.305
1777492414,230058185,robot_4,2.404,2.242
1777492414,230070944,robot_0,-4.749,-0.593
1777492414,230081757,robot_3,1.771,0.801
1777492414,230092777,robot_1,3.017,-3.209
1777492414,450002647,robot_2,-1.319,4.305
1777492414,450032924,robot_4,2.404,2.242
1777492414,450045021,robot_0,-4.749,-0.593
1777492414,450055310,robot_3,1.771,0.801
1777492414,450065162,robot_1,3.017,-3.209
1777492414,668708739,robot_2,-1.319,4.305
1777492414,668724810,robot_4,2.404,2.242
1777492414,668731257,robot_0,-4.749,-0.593
1777492414,668736510,robot_3,1.771,0.801
1777492414,668741507,robot_1,3.017,-3.209
1777492414,868766152,robot_2,-1.319,4.305
1777492414,868783366,robot_4,2.404,2.242
1777492414,868790580,robot_0,-4.749,-0.593
1777492414,868796200,robot_3,1.771,0.801
1777492414,868801756,robot_1,3.017,-3.209
1777492415,70050329,robot_2,-1.319,4.305
1777492415,70079918,robot_4,2.404,2.242
1777492415,70092406,robot_0,-4.749,-0.593
1777492415,70103292,robot_3,1.771,0.801
1777492415,70114791,robot_1,3.017,-3.209
1777492415,289545505,robot_2,-1.319,4.305
1777492415,289569177,robot_4,2.404,2.242
1777492415,289581100,robot_0,-4.749,-0.593
1777492415,289591284,robot_3,1.771,0.801
1777492415,289600896,robot_1,3.017,-3.209
1777492415,509071261,robot_2,-1.319,4.305
1777492415,509088866,robot_4,2.404,2.242
1777492415,509095514,robot_0,-4.749,-0.593
1777492415,509101093,robot_3,1.771,0.801
1777492415,509106246,robot_1,3.017,-3.209
1777492415,709425632,robot_2,-1.319,4.305
1777492415,709444618,robot_4,2.404,2.242
1777492415,709453615,robot_0,-4.749,-0.593
1777492415,709461826,robot_3,1.771,0.801
1777492415,709468981,robot_1,3.017,-3.209
1777492415,930110525,robot_2,-1.319,4.305
1777492415,930132694,robot_4,2.404,2.242
1777492415,930141791,robot_0,-4.749,-0.593
1777492415,930150049,robot_3,1.771,0.801
1777492415,930157208,robot_1,3.017,-3.209
1777492416,148570984,robot_2,-1.319,4.305
1777492416,148587668,robot_4,2.404,2.242
1777492416,148594591,robot_0,-4.749,-0.593
1777492416,148600937,robot_3,1.771,0.801
1777492416,148605969,robot_1,3.017,-3.209
1777492416,349328141,robot_2,-1.319,4.305
1777492416,349350306,robot_4,2.404,2.242
1777492416,349358829,robot_0,-4.749,-0.593
1777492416,349366271,robot_3,1.771,0.801
1777492416,349373273,robot_1,3.017,-3.209
1777492416,549965045,robot_2,-1.319,4.305
1777492416,549993706,robot_4,2.404,2.242
1777492416,550003504,robot_0,-4.749,-0.593
1777492416,550011251,robot_3,1.771,0.801
1777492416,550018512,robot_1,3.017,-3.209
1777492416,768421133,robot_2,-1.319,4.305
1777492416,768437729,robot_4,2.404,2.242
1777492416,768444145,robot_0,-4.749,-0.593
1777492416,768449908,robot_3,1.771,0.801
1777492416,768455250,robot_1,3.017,-3.209
1777492416,969141214,robot_2,-1.319,4.305
1777492416,969166014,robot_4,2.404,2.242
1777492416,969177475,robot_0,-4.749,-0.593
1777492416,969187996,robot_3,1.771,0.801
1777492416,969197131,robot_1,3.017,-3.209
1777492417,188620308,robot_2,-1.319,4.305
1777492417,188640657,robot_4,2.404,2.242
1777492417,188647338,robot_0,-4.749,-0.593
1777492417,188653637,robot_3,1.771,0.801
1777492417,188659056,robot_1,3.017,-3.209
1777492417,388684250,robot_2,-1.319,4.305
1777492417,388700818,robot_4,2.404,2.242
1777492417,388707453,robot_0,-4.749,-0.593
1777492417,388713053,robot_3,1.771,0.801
1777492417,388718251,robot_1,3.017,-3.209
1777492417,588854477,robot_2,-1.319,4.305
1777492417,588870945,robot_4,2.404,2.242
1777492417,588876974,robot_0,-4.749,-0.593
1777492417,588882376,robot_3,1.771,0.801
1777492417,588887768,robot_1,3.017,-3.209
1777492417,788879834,robot_2,-1.319,4.305
1777492417,788901919,robot_4,2.404,2.242
1777492417,788908112,robot_0,-4.749,-0.593
1777492417,788913570,robot_3,1.771,0.801
1777492417,788918863,robot_1,3.017,-3.209
1777492418,10190559,robot_2,-1.319,4.305
1777492418,10218544,robot_4,2.404,2.242
1777492418,10225580,robot_0,-4.749,-0.593
1777492418,10231916,robot_3,1.771,0.801
1777492418,10238575,robot_1,3.017,-3.209
1777492418,228488464,robot_2,-1.319,4.305
1777492418,228504163,robot_4,2.404,2.242
1777492418,228510299,robot_0,-4.749,-0.593
1777492418,228515729,robot_3,1.771,0.801
1777492418,228521467,robot_1,3.017,-3.209
1777492418,429745171,robot_2,-1.319,4.305
1777492418,429767953,robot_4,2.404,2.242
1777492418,429777915,robot_0,-4.749,-0.593
1777492418,429786569,robot_3,1.771,0.801
1777492418,429794642,robot_1,3.017,-3.209
1777492418,630402080,robot_2,-1.319,4.305
1777492418,630425422,robot_4,2.404,2.242
1777492418,630435645,robot_0,-4.749,-0.593
1777492418,630444968,robot_3,1.771,0.801
1777492418,630453850,robot_1,3.017,-3.209
1777492418,848874202,robot_2,-1.319,4.305
1777492418,848901100,robot_4,2.404,2.242
1777492418,848907961,robot_0,-4.749,-0.593
1777492418,848913466,robot_3,1.771,0.801
1777492418,848918795,robot_1,3.017,-3.209
1777492419,68489417,robot_2,-1.319,4.305
1777492419,68511584,robot_4,2.404,2.242
1777492419,68517897,robot_0,-4.749,-0.593
1777492419,68524397,robot_3,1.771,0.801
1777492419,68529755,robot_1,3.017,-3.209
1777492419,268614482,robot_2,-1.319,4.305
1777492419,268630913,robot_4,2.404,2.242
1777492419,268637648,robot_0,-4.749,-0.593
1777492419,268643655,robot_3,1.771,0.801
1777492419,268648729,robot_1,3.017,-3.209
1777492419,470144377,robot_2,-1.319,4.305
1777492419,470171162,robot_4,2.404,2.242
1777492419,470184112,robot_0,-4.749,-0.593
1777492419,470194917,robot_3,1.771,0.801
1777492419,470205149,robot_1,3.017,-3.209
1777492419,689876757,robot_2,-1.319,4.305
1777492419,689898925,robot_4,2.404,2.242
1777492419,689906778,robot_0,-4.749,-0.593
1777492419,689913368,robot_3,1.771,0.801
1777492419,689919518,robot_1,3.017,-3.209
1777492419,890939366,robot_2,-1.319,4.305
1777492419,890961583,robot_4,2.404,2.242
1777492419,890971373,robot_0,-4.749,-0.593
1777492419,890979284,robot_3,1.771,0.801
1777492419,890986887,robot_1,3.017,-3.209
1777492420,108961904,robot_2,-1.319,4.305
1777492420,108978879,robot_4,2.404,2.242
1777492420,108984926,robot_0,-4.749,-0.593
1777492420,108990497,robot_3,1.771,0.801
1777492420,108995218,robot_1,3.017,-3.209
1777492420,310257655,robot_2,-1.319,4.305
1777492420,310278495,robot_4,2.404,2.242
1777492420,310285500,robot_0,-4.749,-0.593
1777492420,310291162,robot_3,1.771,0.801
1777492420,310296533,robot_1,3.017,-3.209
1777492420,529447038,robot_2,-1.319,4.305
1777492420,529468380,robot_4,2.404,2.242
1777492420,529476809,robot_0,-4.749,-0.593
1777492420,529483727,robot_3,1.771,0.801
1777492420,529489934,robot_1,3.017,-3.209
1777492420,729906797,robot_2,-1.319,4.305
1777492420,729932330,robot_4,2.404,2.242
1777492420,729945389,robot_0,-4.749,-0.593
1777492420,729957033,robot_3,1.771,0.801
1777492420,729967638,robot_1,3.017,-3.209
1777492420,949620974,robot_2,-1.319,4.305
1777492420,949651396,robot_4,2.404,2.242
1777492420,949662061,robot_0,-4.749,-0.593
1777492420,949671821,robot_3,1.771,0.801
1777492420,949681303,robot_1,3.017,-3.209
1777492421,168923571,robot_2,-1.319,4.305
1777492421,168945820,robot_4,2.404,2.242
1777492421,168952222,robot_0,-4.749,-0.593
1777492421,168958269,robot_3,1.771,0.801
1777492421,168963489,robot_1,3.017,-3.209
1777492421,389265860,robot_2,-1.319,4.305
1777492421,389282442,robot_4,2.404,2.242
1777492421,389289819,robot_0,-4.749,-0.593
1777492421,389295734,robot_3,1.771,0.801
1777492421,389301242,robot_1,3.017,-3.209
1777492421,608430494,robot_2,-1.319,4.305
1777492421,608446110,robot_4,2.404,2.242
1777492421,608452338,robot_0,-4.749,-0.593
1777492421,608457666,robot_3,1.771,0.801
1777492421,608462515,robot_1,3.017,-3.209
1777492421,811072566,robot_2,-1.319,4.305
1777492421,811092134,robot_4,2.404,2.242
1777492421,811098782,robot_0,-4.749,-0.593
1777492421,811104760,robot_3,1.771,0.801
1777492421,811110384,robot_1,3.017,-3.209
1777492422,29540795,robot_2,-1.319,4.305
1777492422,29566515,robot_4,2.404,2.242
1777492422,29577420,robot_0,-4.749,-0.593
1777492422,29587231,robot_3,1.771,0.801
1777492422,29596744,robot_1,3.017,-3.209
1777492422,229664396,robot_2,-1.319,4.305
1777492422,229680284,robot_4,2.404,2.242
1777492422,229686439,robot_0,-4.749,-0.593
1777492422,229691956,robot_3,1.771,0.801
1777492422,229697060,robot_1,3.017,-3.209
1777492422,448983147,robot_2,-1.319,4.305
1777492422,448999492,robot_4,2.404,2.242
1777492422,449006387,robot_0,-4.749,-0.593
1777492422,449012193,robot_3,1.771,0.801
1777492422,449017284,robot_1,3.017,-3.209
1777492422,649508858,robot_2,-1.319,4.305
1777492422,649534152,robot_4,2.404,2.242
1777492422,649545554,robot_0,-4.749,-0.593
1777492422,649555105,robot_3,1.771,0.801
1777492422,649564474,robot_1,3.017,-3.209
1777492422,869674695,robot_2,-1.319,4.305
1777492422,869708544,robot_4,2.404,2.242
1777492422,869720329,robot_0,-4.749,-0.593
1777492422,869730383,robot_3,1.771,0.801
1777492422,869740263,robot_1,3.017,-3.209
1777492423,70123794,robot_2,-1.319,4.305
1777492423,70155935,robot_4,2.404,2.242
1777492423,70168807,robot_0,-4.749,-0.593
1777492423,70180550,robot_3,1.771,0.801
1777492423,70190802,robot_1,3.017,-3.209
1777492423,290902804,robot_2,-1.319,4.305
1777492423,290935235,robot_4,2.404,2.242
1777492423,290949405,robot_0,-4.749,-0.593
1777492423,290962299,robot_3,1.771,0.801
1777492423,290974050,robot_1,3.017,-3.209
1777492423,490956351,robot_2,-1.319,4.305
1777492423,490975733,robot_4,2.404,2.242
1777492423,490983519,robot_0,-4.749,-0.593
1777492423,490990162,robot_3,1.771,0.801
1777492423,490996087,robot_1,3.017,-3.209
1777492423,708447855,robot_2,-1.319,4.305
1777492423,708463695,robot_4,2.404,2.242
1777492423,708470593,robot_0,-4.749,-0.593
1777492423,708476234,robot_3,1.771,0.801
1777492423,708481565,robot_1,3.017,-3.209
1777492423,909732454,robot_2,-1.319,4.305
1777492423,909751787,robot_4,2.404,2.242
1777492423,909759007,robot_0,-4.749,-0.593
1777492423,909765507,robot_3,1.771,0.801
1777492423,909772244,robot_1,3.017,-3.209
1777492424,129512277,robot_2,-1.319,4.305
1777492424,129529767,robot_4,2.404,2.242
1777492424,129536359,robot_0,-4.749,-0.593
1777492424,129541951,robot_3,1.771,0.801
1777492424,129547501,robot_1,3.017,-3.209
1777492424,349381174,robot_2,-1.319,4.305
1777492424,349400726,robot_4,2.404,2.242
1777492424,349408391,robot_0,-4.749,-0.593
1777492424,349414402,robot_3,1.771,0.801
1777492424,349419652,robot_1,3.017,-3.209
1777492424,550331103,robot_2,-1.319,4.305
1777492424,550352078,robot_4,2.404,2.242
1777492424,550360630,robot_0,-4.749,-0.593
1777492424,550368419,robot_3,1.771,0.801
1777492424,550375776,robot_1,3.017,-3.209
1777492424,770105172,robot_2,-1.319,4.305
1777492424,770128481,robot_4,2.404,2.242
1777492424,770138514,robot_0,-4.749,-0.593
1777492424,770147793,robot_3,1.771,0.801
1777492424,770156050,robot_1,3.017,-3.209
1777492424,990712957,robot_2,-1.319,4.305
1777492424,990734555,robot_4,2.404,2.242
1777492424,990743779,robot_0,-4.749,-0.593
1777492424,990751727,robot_3,1.771,0.801
1777492424,990758780,robot_1,3.017,-3.209
1777492425,209636179,robot_2,-1.319,4.305
1777492425,209661161,robot_4,2.404,2.242
1777492425,209672372,robot_0,-4.749,-0.593
1777492425,209681609,robot_3,1.771,0.801
1777492425,209690469,robot_1,3.017,-3.209
1777492425,429950916,robot_2,-1.319,4.305
1777492425,429971861,robot_4,2.404,2.242
1777492425,429980854,robot_0,-4.749,-0.593
1777492425,429989296,robot_3,1.771,0.801
1777492425,429996891,robot_1,3.017,-3.209
1777492425,650458071,robot_2,-1.319,4.305
1777492425,650480643,robot_4,2.404,2.242
1777492425,650490032,robot_0,-4.749,-0.593
1777492425,650499025,robot_3,1.771,0.801
1777492425,650506970,robot_1,3.017,-3.209
1777492425,869806626,robot_2,-1.319,4.305
1777492425,869842039,robot_4,2.404,2.242
1777492425,869852948,robot_0,-4.749,-0.593
1777492425,869862184,robot_3,1.771,0.801
1777492425,869870327,robot_1,3.017,-3.209
1777492426,70016553,robot_2,-1.319,4.305
1777492426,70044962,robot_4,2.404,2.242
1777492426,70055927,robot_0,-4.749,-0.593
1777492426,70064904,robot_3,1.771,0.801
1777492426,70073207,robot_1,3.017,-3.209
1777492426,290455100,robot_2,-1.319,4.305
1777492426,290484110,robot_4,2.404,2.242
1777492426,290498972,robot_0,-4.749,-0.593
1777492426,290511313,robot_3,1.771,0.801
1777492426,290522419,robot_1,3.017,-3.209
1777492426,509507896,robot_2,-1.319,4.305
1777492426,509525702,robot_4,2.404,2.242
1777492426,509532352,robot_0,-4.749,-0.593
1777492426,509538226,robot_3,1.771,0.801
1777492426,509543690,robot_1,3.017,-3.209
1777492426,729682441,robot_2,-1.319,4.305
1777492426,729704685,robot_4,2.404,2.242
1777492426,729711288,robot_0,-4.749,-0.593
1777492426,729717492,robot_3,1.771,0.801
1777492426,729723084,robot_1,3.017,-3.209
1777492426,949678230,robot_2,-1.319,4.305
1777492426,949706528,robot_4,2.404,2.242
1777492426,949719729,robot_0,-4.749,-0.593
1777492426,949730543,robot_3,1.771,0.801
1777492426,949740771,robot_1,3.017,-3.209
1777492427,150472883,robot_2,-1.319,4.305
1777492427,150501229,robot_4,2.404,2.242
1777492427,150514475,robot_0,-4.749,-0.593
1777492427,150525897,robot_3,1.771,0.801
1777492427,150536297,robot_1,3.017,-3.209
1777492427,370334947,robot_2,-1.319,4.305
1777492427,370364110,robot_4,2.404,2.242
1777492427,370373350,robot_0,-4.749,-0.593
1777492427,370381721,robot_3,1.771,0.801
1777492427,370389052,robot_1,3.017,-3.209
1777492427,589530087,robot_2,-1.319,4.305
1777492427,589548423,robot_4,2.404,2.242
1777492427,589555120,robot_0,-4.749,-0.593
1777492427,589560864,robot_3,1.771,0.801
1777492427,589566125,robot_1,3.017,-3.209
1777492427,791106024,robot_2,-1.319,4.305
1777492427,791137266,robot_4,2.404,2.242
1777492427,791151765,robot_0,-4.749,-0.593
1777492427,791164258,robot_3,1.771,0.801
1777492427,791175691,robot_1,3.017,-3.209
1777492428,9420563,robot_2,-1.319,4.305
1777492428,9444626,robot_4,2.404,2.242
1777492428,9454491,robot_0,-4.749,-0.593
1777492428,9464335,robot_3,1.771,0.801
1777492428,9473076,robot_1,3.017,-3.209
1777492428,229828095,robot_2,-1.319,4.305
1777492428,229851495,robot_4,2.404,2.242
1777492428,229858683,robot_0,-4.749,-0.593
1777492428,229864763,robot_3,1.771,0.801
1777492428,229870922,robot_1,3.017,-3.209
1777492428,449701627,robot_2,-1.319,4.305
1777492428,449724116,robot_4,2.404,2.242
1777492428,449733308,robot_0,-4.749,-0.593
1777492428,449741225,robot_3,1.771,0.801
1777492428,449748648,robot_1,3.017,-3.209
1777492428,650225730,robot_2,-1.319,4.305
1777492428,650267668,robot_4,2.404,2.242
1777492428,650285908,robot_0,-4.749,-0.593
1777492428,650302326,robot_3,1.771,0.801
1777492428,650316749,robot_1,3.017,-3.209
1777492428,868757972,robot_2,-1.319,4.305
1777492428,868776526,robot_4,2.404,2.242
1777492428,868783420,robot_0,-4.749,-0.593
1777492428,868789485,robot_3,1.771,0.801
1777492428,868794699,robot_1,3.017,-3.209
1777492429,70143055,robot_2,-1.319,4.305
1777492429,70168744,robot_4,2.404,2.242
1777492429,70177227,robot_0,-4.749,-0.593
1777492429,70185405,robot_3,1.771,0.801
1777492429,70192332,robot_1,3.017,-3.209
1777492429,290298781,robot_2,-1.319,4.305
1777492429,290322951,robot_4,2.404,2.242
1777492429,290333249,robot_0,-4.749,-0.593
1777492429,290342115,robot_3,1.771,0.801
1777492429,290351021,robot_1,3.017,-3.209
