stamp_sec,stamp_nsec,robot,x,y
1776728458,153511600,robot_0,1.200,-0.000
1776728458,153556637,robot_3,-0.971,-0.705
1776728458,153578888,robot_4,0.371,-1.141
1776728458,153595840,robot_1,0.371,1.141
1776728458,153612291,robot_2,-0.971,0.705
1776728459,306263961,robot_0,1.200,0.000
1776728459,306288085,robot_3,-0.971,-0.705
1776728459,306295854,robot_4,0.371,-1.141
1776728459,306301735,robot_1,0.371,1.141
1776728459,306307164,robot_2,-0.971,0.705
1776728459,506983295,robot_0,1.200,0.000
1776728459,507011469,robot_3,-0.971,-0.705
1776728459,507024970,robot_4,0.371,-1.141
1776728459,507036014,robot_1,0.371,1.141
1776728459,507045691,robot_2,-0.971,0.705
1776728459,726701200,robot_0,1.200,-0.000
1776728459,726724974,robot_3,-0.971,-0.705
1776728459,726731003,robot_4,0.371,-1.142
1776728459,726736921,robot_1,0.371,1.141
1776728459,726742221,robot_2,-0.971,0.706
1776728459,946260515,robot_0,1.200,-0.001
1776728459,946287292,robot_3,-0.972,-0.705
1776728459,946298716,robot_4,0.370,-1.142
1776728459,946307924,robot_1,0.372,1.141
1776728459,946317224,robot_2,-0.971,0.706
1776728460,146266082,robot_0,1.201,-0.001
1776728460,146290555,robot_3,-0.972,-0.705
1776728460,146297908,robot_4,0.370,-1.142
1776728460,146303470,robot_1,0.372,1.141
1776728460,146308405,robot_2,-0.971,0.707
1776728460,347019979,robot_0,1.201,-0.001
1776728460,347044332,robot_3,-0.972,-0.705
1776728460,347054067,robot_4,0.371,-1.143
1776728460,347062750,robot_1,0.372,1.142
1776728460,347070950,robot_2,-0.971,0.707
1776728460,566663850,robot_0,1.201,-0.002
1776728460,566705706,robot_3,-0.973,-0.705
1776728460,566728938,robot_4,0.390,-1.160
1776728460,566744529,robot_1,0.371,1.147
1776728460,566756475,robot_2,-0.971,0.707
1776728460,767895945,robot_0,1.202,-0.002
1776728460,767928756,robot_3,-0.973,-0.705
1776728460,767944819,robot_4,0.397,-1.166
1776728460,767958467,robot_1,0.357,1.191
1776728460,767978039,robot_2,-0.971,0.707
1776728460,986570849,robot_0,1.210,0.016
1776728460,986593520,robot_3,-0.973,-0.705
1776728460,986601489,robot_4,0.397,-1.166
1776728460,986607632,robot_1,0.344,1.235
1776728460,986612512,robot_2,-0.971,0.707
1776728461,187485670,robot_0,1.239,0.078
1776728461,187509202,robot_3,-0.973,-0.705
1776728461,187520062,robot_4,0.396,-1.166
1776728461,187528953,robot_1,0.335,1.265
1776728461,187537290,robot_2,-0.971,0.708
1776728461,405592150,robot_0,1.246,0.092
1776728461,405609812,robot_3,-0.973,-0.703
1776728461,405617672,robot_4,0.395,-1.166
1776728461,405624291,robot_1,0.336,1.264
1776728461,405630291,robot_2,-0.970,0.708
1776728461,605967205,robot_0,1.246,0.091
1776728461,605982612,robot_3,-0.974,-0.702
1776728461,605989555,robot_4,0.394,-1.166
1776728461,605995484,robot_1,0.337,1.264
1776728461,606001547,robot_2,-0.970,0.709
1776728461,806051965,robot_0,1.247,0.091
1776728461,806071965,robot_3,-0.975,-0.703
1776728461,806079685,robot_4,0.394,-1.167
1776728461,806085054,robot_1,0.337,1.264
1776728461,806090111,robot_2,-0.970,0.709
1776728462,6219353,robot_0,1.247,0.091
1776728462,6237134,robot_3,-0.975,-0.703
1776728462,6245194,robot_4,0.394,-1.167
1776728462,6252303,robot_1,0.337,1.264
1776728462,6259243,robot_2,-0.970,0.710
1776728462,206494139,robot_0,1.248,0.091
1776728462,206516831,robot_3,-0.975,-0.703
1776728462,206529137,robot_4,0.394,-1.168
1776728462,206537830,robot_1,0.337,1.265
1776728462,206545712,robot_2,-0.971,0.710
1776728462,406933516,robot_0,1.248,0.091
1776728462,406955689,robot_3,-0.975,-0.704
1776728462,406966039,robot_4,0.394,-1.168
1776728462,406974526,robot_1,0.338,1.265
1776728462,406982524,robot_2,-0.971,0.710
1776728462,625905140,robot_0,1.248,0.092
1776728462,625922335,robot_3,-0.975,-0.704
1776728462,625930752,robot_4,0.395,-1.168
1776728462,625937173,robot_1,0.338,1.265
1776728462,625943310,robot_2,-0.972,0.710
1776728462,845866170,robot_0,1.249,0.092
1776728462,845887617,robot_3,-0.976,-0.705
1776728462,845895192,robot_4,0.395,-1.169
1776728462,845901273,robot_1,0.338,1.266
1776728462,845906526,robot_2,-0.972,0.710
1776728463,47213060,robot_0,1.249,0.092
1776728463,47231953,robot_3,-0.975,-0.705
1776728463,47240958,robot_4,0.395,-1.169
1776728463,47248324,robot_1,0.338,1.266
1776728463,47254637,robot_2,-0.973,0.710
1776728463,265176810,robot_0,1.249,0.093
1776728463,265191587,robot_3,-0.975,-0.705
1776728463,265198974,robot_4,0.396,-1.169
1776728463,265204372,robot_1,0.337,1.267
1776728463,265209697,robot_2,-0.973,0.709
1776728463,467542203,robot_0,1.249,0.093
1776728463,467575959,robot_3,-0.975,-0.706
1776728463,467591067,robot_4,0.396,-1.169
1776728463,467603651,robot_1,0.337,1.267
1776728463,467616500,robot_2,-0.973,0.709
1776728463,685348978,robot_0,1.249,0.094
1776728463,685366793,robot_3,-0.975,-0.706
1776728463,685373996,robot_4,0.397,-1.169
1776728463,685380222,robot_1,0.337,1.267
1776728463,685385299,robot_2,-0.974,0.709
1776728463,905508245,robot_0,1.249,0.094
1776728463,905526539,robot_3,-0.975,-0.707
1776728463,905534686,robot_4,0.397,-1.169
1776728463,905541009,robot_1,0.336,1.268
1776728463,905546979,robot_2,-0.974,0.708
1776728464,125395449,robot_0,1.249,0.095
1776728464,125410791,robot_3,-0.974,-0.707
1776728464,125417861,robot_4,0.398,-1.168
1776728464,125423683,robot_1,0.336,1.268
1776728464,125428805,robot_2,-0.974,0.708
1776728464,325609869,robot_0,1.249,0.095
1776728464,325629505,robot_3,-0.974,-0.707
1776728464,325637319,robot_4,0.398,-1.168
1776728464,325642859,robot_1,0.336,1.268
1776728464,325648525,robot_2,-0.974,0.707
1776728464,526934306,robot_0,1.248,0.095
1776728464,526955674,robot_3,-0.973,-0.707
1776728464,526965510,robot_4,0.375,-1.142
1776728464,526973350,robot_1,0.335,1.268
1776728464,526980760,robot_2,-0.969,0.707
1776728464,746255488,robot_0,1.248,0.095
1776728464,746275379,robot_3,-0.966,-0.669
1776728464,746287127,robot_4,0.336,-1.098
1776728464,746292688,robot_1,0.335,1.268
1776728464,746298139,robot_2,-0.925,0.706
1776728464,947345511,robot_0,1.248,0.096
1776728464,947376561,robot_3,-0.957,-0.626
1776728464,947391438,robot_4,0.294,-1.047
1776728464,947403241,robot_1,0.335,1.268
1776728464,947414777,robot_2,-0.884,0.705
1776728465,167064412,robot_0,1.232,0.067
1776728465,167093950,robot_3,-0.948,-0.579
1776728465,167109132,robot_4,0.266,-1.012
1776728465,167121066,robot_1,0.335,1.268
1776728465,167132204,robot_2,-0.853,0.704
1776728465,387028047,robot_0,1.210,0.027
1776728465,387047375,robot_3,-0.947,-0.576
1776728465,387055281,robot_4,0.243,-0.981
1776728465,387070416,robot_1,0.334,1.268
1776728465,387076808,robot_2,-0.853,0.704
1776728465,605454954,robot_0,1.187,-0.013
1776728465,605470702,robot_3,-0.947,-0.576
1776728465,605478217,robot_4,0.227,-0.961
1776728465,605483431,robot_1,0.334,1.268
1776728465,605489069,robot_2,-0.853,0.703
1776728465,805932916,robot_0,1.167,-0.048
1776728465,805951809,robot_3,-0.946,-0.576
1776728465,805958289,robot_4,0.227,-0.961
1776728465,805963956,robot_1,0.334,1.267
1776728465,805969485,robot_2,-0.853,0.703
1776728466,6458204,robot_0,1.143,-0.090
1776728466,6484735,robot_3,-0.946,-0.576
1776728466,6498571,robot_4,0.228,-0.960
1776728466,6508867,robot_1,0.333,1.267
1776728466,6519256,robot_2,-0.852,0.703
1776728466,207171663,robot_0,1.118,-0.135
1776728466,207209518,robot_3,-0.945,-0.576
1776728466,207228473,robot_4,0.228,-0.960
1776728466,207243797,robot_1,0.333,1.267
1776728466,207258524,robot_2,-0.852,0.702
1776728466,426836905,robot_0,1.116,-0.140
1776728466,426853734,robot_3,-0.945,-0.575
1776728466,426861001,robot_4,0.228,-0.960
1776728466,426867301,robot_1,0.333,1.266
1776728466,426872860,robot_2,-0.852,0.702
1776728466,627209161,robot_0,1.115,-0.140
1776728466,627232403,robot_3,-0.945,-0.575
1776728466,627244797,robot_4,0.228,-0.959
1776728466,627255125,robot_1,0.333,1.266
1776728466,627264679,robot_2,-0.851,0.702
1776728466,846069397,robot_0,1.115,-0.140
1776728466,846091500,robot_3,-0.945,-0.575
1776728466,846100022,robot_4,0.228,-0.959
1776728466,846106629,robot_1,0.333,1.265
1776728466,846113208,robot_2,-0.851,0.702
1776728467,66493284,robot_0,1.114,-0.140
1776728467,66518514,robot_3,-0.945,-0.574
1776728467,66529373,robot_4,0.228,-0.958
1776728467,66537796,robot_1,0.333,1.265
1776728467,66546169,robot_2,-0.850,0.702
1776728467,288151372,robot_0,1.114,-0.140
1776728467,288189941,robot_3,-0.944,-0.574
1776728467,288205757,robot_4,0.228,-0.958
1776728467,288217801,robot_1,0.333,1.265
1776728467,288229933,robot_2,-0.850,0.702
1776728467,505361825,robot_0,1.113,-0.140
1776728467,505376716,robot_3,-0.945,-0.573
1776728467,505383680,robot_4,0.227,-0.958
1776728467,505389582,robot_1,0.333,1.264
1776728467,505394504,robot_2,-0.849,0.702
1776728467,707047165,robot_0,1.113,-0.140
1776728467,707083050,robot_3,-0.945,-0.573
1776728467,707099908,robot_4,0.227,-0.957
1776728467,707112993,robot_1,0.334,1.264
1776728467,707125249,robot_2,-0.849,0.702
1776728467,926028198,robot_0,1.113,-0.141
1776728467,926047650,robot_3,-0.945,-0.572
1776728467,926056171,robot_4,0.227,-0.957
1776728467,926062656,robot_1,0.334,1.264
1776728467,926069839,robot_2,-0.849,0.702
1776728468,126221321,robot_0,1.113,-0.141
1776728468,126244277,robot_3,-0.945,-0.572
1776728468,126255384,robot_4,0.226,-0.957
1776728468,126263759,robot_1,0.334,1.263
1776728468,126272429,robot_2,-0.848,0.703
1776728468,345583088,robot_0,1.112,-0.141
1776728468,345600278,robot_3,-0.946,-0.572
1776728468,345608385,robot_4,0.226,-0.957
1776728468,345614138,robot_1,0.335,1.263
1776728468,345619311,robot_2,-0.848,0.703
1776728468,547276058,robot_0,1.112,-0.142
1776728468,547307300,robot_3,-0.946,-0.572
1776728468,547320150,robot_4,0.225,-0.957
1776728468,547330792,robot_1,0.335,1.263
1776728468,547341342,robot_2,-0.848,0.704
1776728468,766409119,robot_0,1.112,-0.142
1776728468,766425205,robot_3,-0.946,-0.571
1776728468,766431956,robot_4,0.225,-0.957
1776728468,766437401,robot_1,0.336,1.263
1776728468,766442760,robot_2,-0.848,0.704
1776728468,967116065,robot_0,1.112,-0.143
1776728468,967140995,robot_3,-0.947,-0.574
1776728468,967153270,robot_4,0.225,-0.957
1776728468,967162547,robot_1,0.332,1.295
1776728468,967171669,robot_2,-0.861,0.706
1776728469,186570203,robot_0,1.113,-0.143
1776728469,186595072,robot_3,-0.959,-0.615
1776728469,186605345,robot_4,0.224,-0.957
1776728469,186613507,robot_1,0.325,1.356
1776728469,186622294,robot_2,-0.905,0.710
1776728469,387411888,robot_0,1.113,-0.144
1776728469,387433395,robot_3,-0.963,-0.629
1776728469,387442816,robot_4,0.224,-0.957
1776728469,387450002,robot_1,0.322,1.396
1776728469,387456780,robot_2,-0.965,0.717
1776728469,605515030,robot_0,1.113,-0.144
1776728469,605533290,robot_3,-0.963,-0.629
1776728469,605541655,robot_4,0.241,-0.983
1776728469,605549588,robot_1,0.321,1.407
1776728469,605555995,robot_2,-1.018,0.723
1776728469,806786423,robot_0,1.114,-0.144
1776728469,806808368,robot_3,-0.964,-0.629
1776728469,806815366,robot_4,0.257,-1.008
1776728469,806821259,robot_1,0.321,1.407
1776728469,806826192,robot_2,-1.055,0.727
1776728470,27214722,robot_0,1.117,-0.140
1776728470,27239540,robot_3,-0.964,-0.629
1776728470,27251547,robot_4,0.257,-1.008
1776728470,27261552,robot_1,0.322,1.407
1776728470,27270869,robot_2,-1.057,0.727
1776728470,247001104,robot_0,1.141,-0.104
1776728470,247023417,robot_3,-0.965,-0.629
1776728470,247034430,robot_4,0.256,-1.008
1776728470,247043252,robot_1,0.322,1.408
1776728470,247051854,robot_2,-1.057,0.727
1776728470,466057248,robot_0,1.147,-0.094
1776728470,466074226,robot_3,-0.965,-0.630
1776728470,466081768,robot_4,0.256,-1.009
1776728470,466087372,robot_1,0.323,1.408
1776728470,466092833,robot_2,-1.057,0.728
1776728470,666616775,robot_0,1.147,-0.094
1776728470,666635838,robot_3,-0.965,-0.630
1776728470,666644486,robot_4,0.256,-1.009
1776728470,666651893,robot_1,0.323,1.408
1776728470,666658770,robot_2,-1.057,0.728
1776728470,866833864,robot_0,1.148,-0.094
1776728470,866851664,robot_3,-0.966,-0.630
1776728470,866858534,robot_4,0.256,-1.010
1776728470,866864172,robot_1,0.323,1.409
1776728470,866869420,robot_2,-1.057,0.729
1776728471,87794863,robot_0,1.148,-0.095
1776728471,87828124,robot_3,-0.966,-0.631
1776728471,87846978,robot_4,0.256,-1.010
1776728471,87863043,robot_1,0.323,1.409
1776728471,87875239,robot_2,-1.058,0.729
1776728471,306311420,robot_0,1.149,-0.094
1776728471,306332485,robot_3,-0.966,-0.631
1776728471,306339555,robot_4,0.256,-1.010
1776728471,306344978,robot_1,0.323,1.410
1776728471,306351007,robot_2,-1.058,0.729
1776728471,526422104,robot_0,1.149,-0.094
1776728471,526438171,robot_3,-0.966,-0.632
1776728471,526445800,robot_4,0.256,-1.011
1776728471,526451686,robot_1,0.323,1.410
1776728471,526457201,robot_2,-1.058,0.729
1776728471,747317055,robot_0,1.150,-0.094
1776728471,747341850,robot_3,-0.966,-0.632
1776728471,747354033,robot_4,0.256,-1.011
1776728471,747364157,robot_1,0.323,1.411
1776728471,747372945,robot_2,-1.059,0.729
1776728471,965418696,robot_0,1.150,-0.094
1776728471,965435263,robot_3,-0.966,-0.633
1776728471,965442563,robot_4,0.257,-1.012
1776728471,965449008,robot_1,0.323,1.411
1776728471,965455672,robot_2,-1.059,0.729
1776728472,165448363,robot_0,1.150,-0.094
1776728472,165463313,robot_3,-0.965,-0.633
1776728472,165469785,robot_4,0.257,-1.012
1776728472,165475081,robot_1,0.322,1.411
1776728472,165480260,robot_2,-1.060,0.729
1776728472,365476793,robot_0,1.150,-0.093
1776728472,365495526,robot_3,-0.965,-0.633
1776728472,365503359,robot_4,0.257,-1.012
1776728472,365509099,robot_1,0.322,1.412
1776728472,365514660,robot_2,-1.060,0.729
1776728472,566524601,robot_0,1.151,-0.093
1776728472,566556466,robot_3,-0.965,-0.634
1776728472,566575528,robot_4,0.258,-1.012
1776728472,566591732,robot_1,0.322,1.412
1776728472,566606126,robot_2,-1.061,0.729
1776728472,785835688,robot_0,1.151,-0.092
1776728472,785864172,robot_3,-0.964,-0.634
1776728472,785875294,robot_4,0.258,-1.012
1776728472,785883330,robot_1,0.321,1.412
1776728472,785891319,robot_2,-1.061,0.729
1776728472,986484234,robot_0,1.151,-0.092
1776728472,986504885,robot_3,-0.964,-0.634
1776728472,986513730,robot_4,0.259,-1.012
1776728472,986521274,robot_1,0.321,1.412
1776728472,986528327,robot_2,-1.061,0.728
1776728473,187187356,robot_0,1.151,-0.091
1776728473,187213442,robot_3,-0.962,-0.629
1776728473,187230663,robot_4,0.259,-1.012
1776728473,187243313,robot_1,0.321,1.412
1776728473,187257045,robot_2,-1.061,0.728
1776728473,406178484,robot_0,1.150,-0.091
1776728473,406196540,robot_3,-0.953,-0.602
1776728473,406204649,robot_4,0.259,-1.012
1776728473,406210827,robot_1,0.321,1.398
1776728473,406216522,robot_2,-1.061,0.727
1776728473,626469985,robot_0,1.150,-0.091
1776728473,626485689,robot_3,-0.951,-0.597
1776728473,626492526,robot_4,0.237,-0.969
1776728473,626498227,robot_1,0.321,1.318
1776728473,626503216,robot_2,-1.061,0.727
1776728473,827471067,robot_0,1.150,-0.090
1776728473,827492819,robot_3,-0.950,-0.597
1776728473,827501002,robot_4,0.214,-0.922
1776728473,827506437,robot_1,0.321,1.275
1776728473,827511843,robot_2,-1.061,0.727
1776728474,45358831,robot_0,1.150,-0.090
1776728474,45375185,robot_3,-0.950,-0.597
1776728474,45381866,robot_4,0.195,-0.881
1776728474,45387596,robot_1,0.321,1.252
1776728474,45392792,robot_2,-1.061,0.727
1776728474,245551033,robot_0,1.136,-0.107
1776728474,245572784,robot_3,-0.949,-0.596
1776728474,245580018,robot_4,0.165,-0.816
1776728474,245586111,robot_1,0.321,1.252
1776728474,245591192,robot_2,-1.061,0.727
1776728474,446822659,robot_0,1.116,-0.132
1776728474,446842906,robot_3,-0.949,-0.596
1776728474,446852534,robot_4,0.139,-0.763
1776728474,446860117,robot_1,0.320,1.251
1776728474,446867314,robot_2,-1.061,0.726
1776728474,666774701,robot_0,1.089,-0.166
1776728474,666793402,robot_3,-0.949,-0.596
1776728474,666801431,robot_4,0.122,-0.727
1776728474,666808562,robot_1,0.320,1.251
1776728474,666814720,robot_2,-1.061,0.726
1776728474,867034446,robot_0,1.056,-0.208
1776728474,867065653,robot_3,-0.948,-0.596
1776728474,867081139,robot_4,0.121,-0.726
1776728474,867093806,robot_1,0.319,1.251
1776728474,867105731,robot_2,-1.061,0.726
1776728475,86443033,robot_0,1.030,-0.240
1776728475,86460505,robot_3,-0.948,-0.595
1776728475,86468668,robot_4,0.122,-0.726
1776728475,86475070,robot_1,0.319,1.251
1776728475,86481635,robot_2,-1.061,0.725
1776728475,287253510,robot_0,1.030,-0.239
1776728475,287293333,robot_3,-0.948,-0.595
1776728475,287309761,robot_4,0.122,-0.726
1776728475,287320351,robot_1,0.319,1.250
1776728475,287330717,robot_2,-1.060,0.725
1776728475,506006806,robot_0,1.030,-0.239
1776728475,506029180,robot_3,-0.948,-0.594
1776728475,506039513,robot_4,0.122,-0.725
1776728475,506047163,robot_1,0.319,1.250
1776728475,506054744,robot_2,-1.060,0.725
1776728475,725284475,robot_0,1.030,-0.239
1776728475,725300561,robot_3,-0.948,-0.594
1776728475,725307390,robot_4,0.122,-0.725
1776728475,725313114,robot_1,0.319,1.249
1776728475,725318481,robot_2,-1.059,0.725
1776728475,925529933,robot_0,1.029,-0.239
1776728475,925548958,robot_3,-0.948,-0.594
1776728475,925557586,robot_4,0.122,-0.725
1776728475,925564508,robot_1,0.319,1.249
1776728475,925571429,robot_2,-1.059,0.725
1776728476,126317196,robot_0,1.029,-0.239
1776728476,126336633,robot_3,-0.948,-0.593
1776728476,126344197,robot_4,0.122,-0.724
1776728476,126349927,robot_1,0.319,1.249
1776728476,126356333,robot_2,-1.059,0.725
1776728476,326647332,robot_0,1.028,-0.239
1776728476,326677805,robot_3,-0.948,-0.593
1776728476,326691713,robot_4,0.122,-0.724
1776728476,326702804,robot_1,0.319,1.248
1776728476,326713431,robot_2,-1.058,0.725
1776728476,545863629,robot_0,1.028,-0.240
1776728476,545879157,robot_3,-0.949,-0.592
1776728476,545886902,robot_4,0.122,-0.723
1776728476,545892716,robot_1,0.319,1.248
1776728476,545897451,robot_2,-1.058,0.725
1776728476,746485526,robot_0,1.028,-0.240
1776728476,746507055,robot_3,-0.949,-0.592
1776728476,746519692,robot_4,0.122,-0.723
1776728476,746532954,robot_1,0.319,1.247
1776728476,746545638,robot_2,-1.057,0.725
1776728476,947080406,robot_0,1.027,-0.240
1776728476,947105156,robot_3,-0.950,-0.592
1776728476,947116035,robot_4,0.122,-0.723
1776728476,947124779,robot_1,0.320,1.247
1776728476,947132919,robot_2,-1.057,0.726
1776728477,166983248,robot_0,1.027,-0.241
1776728477,167007798,robot_3,-0.958,-0.611
1776728477,167019464,robot_4,0.121,-0.722
1776728477,167028405,robot_1,0.320,1.247
1776728477,167037090,robot_2,-1.057,0.726
1776728477,386301584,robot_0,1.027,-0.241
1776728477,386323520,robot_3,-0.972,-0.647
1776728477,386332941,robot_4,0.121,-0.722
1776728477,386339683,robot_1,0.321,1.247
1776728477,386346358,robot_2,-1.057,0.727
1776728477,586593773,robot_0,1.027,-0.241
1776728477,586609395,robot_3,-0.972,-0.648
1776728477,586616215,robot_4,0.120,-0.722
1776728477,586622191,robot_1,0.321,1.247
1776728477,586627620,robot_2,-1.057,0.727
1776728477,788362040,robot_0,1.027,-0.242
1776728477,788397736,robot_3,-0.973,-0.648
1776728477,788414905,robot_4,0.120,-0.722
1776728477,788429718,robot_1,0.322,1.256
1776728477,788443262,robot_2,-1.057,0.727
1776728478,5500496,robot_0,1.027,-0.242
1776728478,5516438,robot_3,-0.973,-0.648
1776728478,5523659,robot_4,0.120,-0.722
1776728478,5529133,robot_1,0.326,1.315
1776728478,5534681,robot_2,-1.057,0.727
1776728478,206203798,robot_0,1.027,-0.243
1776728478,206218837,robot_3,-0.974,-0.648
1776728478,206226376,robot_4,0.119,-0.722
1776728478,206231887,robot_1,0.328,1.329
1776728478,206237022,robot_2,-1.057,0.727
1776728478,407182613,robot_0,1.027,-0.243
1776728478,407203545,robot_3,-0.974,-0.648
1776728478,407213441,robot_4,0.119,-0.722
1776728478,407221663,robot_1,0.328,1.329
1776728478,407229629,robot_2,-1.057,0.727
1776728478,625320415,robot_0,1.028,-0.243
1776728478,625337803,robot_3,-0.974,-0.648
1776728478,625344846,robot_4,0.137,-0.768
1776728478,625350282,robot_1,0.328,1.329
1776728478,625355491,robot_2,-1.057,0.728
1776728478,825566790,robot_0,1.028,-0.243
1776728478,825585223,robot_3,-0.975,-0.648
1776728478,825593051,robot_4,0.154,-0.815
1776728478,825598989,robot_1,0.329,1.329
1776728478,825604377,robot_2,-1.057,0.728
1776728479,26090502,robot_0,1.045,-0.225
1776728479,26108539,robot_3,-0.975,-0.649
1776728479,26117093,robot_4,0.154,-0.816
1776728479,26124056,robot_1,0.329,1.329
1776728479,26130575,robot_2,-1.057,0.729
1776728479,247086381,robot_0,1.078,-0.190
1776728479,247103956,robot_3,-0.975,-0.649
1776728479,247112304,robot_4,0.154,-0.816
1776728479,247118812,robot_1,0.329,1.330
1776728479,247125129,robot_2,-1.058,0.729
1776728479,466453615,robot_0,1.118,-0.147
1776728479,466475594,robot_3,-0.975,-0.650
1776728479,466487355,robot_4,0.154,-0.816
1776728479,466496379,robot_1,0.330,1.330
1776728479,466504683,robot_2,-1.058,0.729
1776728479,666708710,robot_0,1.146,-0.117
1776728479,666731899,robot_3,-0.975,-0.650
1776728479,666739623,robot_4,0.154,-0.817
1776728479,666745478,robot_1,0.330,1.330
1776728479,666751642,robot_2,-1.058,0.729
1776728479,886444800,robot_0,1.187,-0.074
1776728479,886466728,robot_3,-0.975,-0.650
1776728479,886476275,robot_4,0.153,-0.817
1776728479,886483361,robot_1,0.330,1.331
1776728479,886490184,robot_2,-1.059,0.729
1776728480,87291057,robot_0,1.238,-0.020
1776728480,87320448,robot_3,-0.975,-0.651
1776728480,87331485,robot_4,0.153,-0.818
1776728480,87340412,robot_1,0.330,1.331
1776728480,87348335,robot_2,-1.059,0.729
1776728480,306065317,robot_0,1.253,-0.004
1776728480,306087200,robot_3,-0.975,-0.651
1776728480,306094803,robot_4,0.153,-0.818
1776728480,306100633,robot_1,0.330,1.332
1776728480,306106334,robot_2,-1.060,0.729
1776728480,525982874,robot_0,1.253,-0.004
1776728480,525999775,robot_3,-0.975,-0.652
1776728480,526007295,robot_4,0.153,-0.818
1776728480,526013626,robot_1,0.330,1.332
1776728480,526019834,robot_2,-1.060,0.729
1776728480,726993330,robot_0,1.254,-0.004
1776728480,727014325,robot_3,-0.974,-0.652
1776728480,727024863,robot_4,0.153,-0.819
1776728480,727032842,robot_1,0.329,1.333
1776728480,727041247,robot_2,-1.061,0.729
1776728480,947011820,robot_0,1.254,-0.004
1776728480,947035486,robot_3,-0.974,-0.652
1776728480,947046781,robot_4,0.154,-0.819
1776728480,947055777,robot_1,0.329,1.333
1776728480,947064634,robot_2,-1.061,0.729
1776728481,165481925,robot_0,1.255,-0.004
1776728481,165497316,robot_3,-0.974,-0.652
1776728481,165504714,robot_4,0.154,-0.820
1776728481,165510474,robot_1,0.329,1.333
1776728481,165515743,robot_2,-1.061,0.728
1776728481,365943550,robot_0,1.255,-0.004
1776728481,365960284,robot_3,-0.966,-0.637
1776728481,365967305,robot_4,0.154,-0.820
1776728481,365972435,robot_1,0.328,1.333
1776728481,365977328,robot_2,-1.061,0.728
1776728481,566517791,robot_0,1.255,-0.004
1776728481,566534430,robot_3,-0.953,-0.610
1776728481,566541185,robot_4,0.155,-0.820
1776728481,566547239,robot_1,0.328,1.333
1776728481,566552613,robot_2,-1.061,0.728
1776728481,767591509,robot_0,1.256,-0.004
1776728481,767610078,robot_3,-0.935,-0.575
1776728481,767618012,robot_4,0.155,-0.820
1776728481,767624208,robot_1,0.328,1.334
1776728481,767629678,robot_2,-1.017,0.711
1776728481,986926566,robot_0,1.256,-0.003
1776728481,986948095,robot_3,-0.926,-0.557
1776728481,986958068,robot_4,0.156,-0.820
1776728481,986966759,robot_1,0.328,1.334
1776728481,986974664,robot_2,-0.963,0.691
1776728482,206613160,robot_0,1.256,-0.003
1776728482,206630146,robot_3,-0.926,-0.558
1776728482,206638666,robot_4,0.156,-0.820
1776728482,206645022,robot_1,0.328,1.334
1776728482,206651286,robot_2,-0.962,0.691
1776728482,426980490,robot_0,1.257,-0.003
1776728482,427002174,robot_3,-0.925,-0.558
1776728482,427012410,robot_4,0.156,-0.820
1776728482,427020616,robot_1,0.327,1.334
1776728482,427028702,robot_2,-0.962,0.690
1776728482,646820762,robot_0,1.257,-0.002
1776728482,646838689,robot_3,-0.925,-0.558
1776728482,646847589,robot_4,0.147,-0.782
1776728482,646854678,robot_1,0.327,1.333
1776728482,646861190,robot_2,-0.962,0.690
1776728482,866738183,robot_0,1.257,-0.002
1776728482,866755511,robot_3,-0.924,-0.557
1776728482,866762429,robot_4,0.133,-0.727
1776728482,866768057,robot_1,0.327,1.333
1776728482,866773402,robot_2,-0.962,0.689
1776728483,86552084,robot_0,1.257,-0.001
1776728483,86567287,robot_3,-0.924,-0.557
1776728483,86574179,robot_4,0.118,-0.670
1776728483,86579708,robot_1,0.326,1.333
1776728483,86584667,robot_2,-0.962,0.689
1776728483,287809143,robot_0,1.257,-0.001
1776728483,287837201,robot_3,-0.924,-0.557
1776728483,287849164,robot_4,0.118,-0.668
1776728483,287858686,robot_1,0.326,1.333
1776728483,287867228,robot_2,-0.962,0.688
1776728483,505555213,robot_0,1.256,-0.000
1776728483,505570977,robot_3,-0.923,-0.557
1776728483,505578007,robot_4,0.118,-0.667
1776728483,505583485,robot_1,0.326,1.332
1776728483,505589096,robot_2,-0.961,0.688
1776728483,705862568,robot_0,1.256,-0.000
1776728483,705880159,robot_3,-0.923,-0.556
1776728483,705888709,robot_4,0.118,-0.667
1776728483,705895854,robot_1,0.325,1.332
1776728483,705902683,robot_2,-0.961,0.688
1776728483,906173896,robot_0,1.254,-0.002
1776728483,906194463,robot_3,-0.923,-0.556
1776728483,906203740,robot_4,0.119,-0.667
1776728483,906211001,robot_1,0.325,1.332
1776728483,906218368,robot_2,-0.961,0.688
1776728484,126064808,robot_0,1.223,-0.030
1776728484,126081284,robot_3,-0.923,-0.556
1776728484,126089126,robot_4,0.119,-0.667
1776728484,126094997,robot_1,0.325,1.331
1776728484,126100607,robot_2,-0.960,0.688
1776728484,326161821,robot_0,1.211,-0.040
1776728484,326186102,robot_3,-0.923,-0.555
1776728484,326195013,robot_4,0.119,-0.666
1776728484,326202345,robot_1,0.325,1.331
1776728484,326209567,robot_2,-0.960,0.688
1776728484,527226412,robot_0,1.211,-0.040
1776728484,527247919,robot_3,-0.923,-0.555
1776728484,527259288,robot_4,0.119,-0.666
1776728484,527268452,robot_1,0.325,1.330
1776728484,527276854,robot_2,-0.959,0.688
1776728484,747886523,robot_0,1.211,-0.040
1776728484,747900829,robot_3,-0.923,-0.554
1776728484,747907806,robot_4,0.119,-0.665
1776728484,747913158,robot_1,0.326,1.330
1776728484,747918086,robot_2,-0.959,0.688
1776728484,965372727,robot_0,1.210,-0.040
1776728484,965392701,robot_3,-0.923,-0.554
1776728484,965399585,robot_4,0.119,-0.665
1776728484,965405107,robot_1,0.326,1.329
1776728484,965410770,robot_2,-0.958,0.688
1776728485,166563924,robot_0,1.210,-0.040
1776728485,166585289,robot_3,-0.924,-0.554
1776728485,166596273,robot_4,0.119,-0.664
1776728485,166605012,robot_1,0.326,1.329
1776728485,166613515,robot_2,-0.958,0.689
1776728485,385182410,robot_0,1.210,-0.040
1776728485,385197515,robot_3,-0.924,-0.553
1776728485,385204887,robot_4,0.119,-0.664
1776728485,385210367,robot_1,0.327,1.329
1776728485,385215524,robot_2,-0.958,0.689
1776728485,586371224,robot_0,1.209,-0.040
1776728485,586388712,robot_3,-0.924,-0.553
1776728485,586396262,robot_4,0.118,-0.664
1776728485,586402004,robot_1,0.327,1.329
1776728485,586407723,robot_2,-0.958,0.690
1776728485,808619441,robot_0,1.209,-0.040
1776728485,808651747,robot_3,-0.947,-0.589
1776728485,808667956,robot_4,0.118,-0.663
1776728485,808680610,robot_1,0.327,1.329
1776728485,808692691,robot_2,-0.995,0.707
1776728486,26639215,robot_0,1.208,-0.040
1776728486,26658080,robot_3,-0.982,-0.643
1776728486,26666170,robot_4,0.117,-0.663
1776728486,26672749,robot_1,0.336,1.365
1776728486,26678863,robot_2,-1.012,0.715
1776728486,246738519,robot_0,1.208,-0.041
1776728486,246762259,robot_3,-0.983,-0.644
1776728486,246771827,robot_4,0.117,-0.663
1776728486,246779136,robot_1,0.351,1.425
1776728486,246785953,robot_2,-1.012,0.715
1776728486,465841872,robot_0,1.208,-0.041
1776728486,465859169,robot_3,-0.984,-0.644
1776728486,465866833,robot_4,0.117,-0.663
1776728486,465872500,robot_1,0.369,1.498
1776728486,465877819,robot_2,-1.012,0.715
1776728486,666479535,robot_0,1.208,-0.042
1776728486,666496607,robot_3,-0.984,-0.644
1776728486,666505433,robot_4,0.116,-0.663
1776728486,666511922,robot_1,0.379,1.537
1776728486,666518880,robot_2,-1.012,0.716
1776728486,866960466,robot_0,1.207,-0.042
1776728486,866987148,robot_3,-0.985,-0.644
1776728486,867000241,robot_4,0.120,-0.686
1776728486,867010628,robot_1,0.390,1.579
1776728486,867021085,robot_2,-1.012,0.716
1776728487,87315870,robot_0,1.207,-0.042
1776728487,87340639,robot_3,-0.985,-0.644
1776728487,87351303,robot_4,0.126,-0.722
1776728487,87360337,robot_1,0.399,1.618
1776728487,87369013,robot_2,-1.012,0.717
1776728487,287406693,robot_0,1.208,-0.043
1776728487,287437220,robot_3,-0.985,-0.644
1776728487,287449809,robot_4,0.126,-0.723
1776728487,287459514,robot_1,0.399,1.618
1776728487,287469318,robot_2,-1.013,0.717
1776728487,506203174,robot_0,1.208,-0.043
1776728487,506218695,robot_3,-0.986,-0.644
1776728487,506225908,robot_4,0.126,-0.723
1776728487,506231389,robot_1,0.400,1.618
1776728487,506236936,robot_2,-1.013,0.717
1776728487,725832406,robot_0,1.208,-0.044
1776728487,725853205,robot_3,-0.986,-0.645
1776728487,725863307,robot_4,0.125,-0.723
1776728487,725871119,robot_1,0.400,1.618
1776728487,725878447,robot_2,-1.013,0.718
1776728487,926112935,robot_0,1.208,-0.044
1776728487,926135866,robot_3,-0.986,-0.645
1776728487,926147469,robot_4,0.125,-0.723
1776728487,926156112,robot_1,0.401,1.618
1776728487,926164671,robot_2,-1.014,0.718
1776728488,126428730,robot_0,1.212,-0.041
1776728488,126445246,robot_3,-0.987,-0.645
1776728488,126452843,robot_4,0.125,-0.724
1776728488,126459339,robot_1,0.401,1.619
1776728488,126465303,robot_2,-1.014,0.718
1776728488,346065996,robot_0,1.270,0.004
1776728488,346089346,robot_3,-0.987,-0.646
1776728488,346099181,robot_4,0.125,-0.724
1776728488,346106670,robot_1,0.401,1.619
1776728488,346114050,robot_2,-1.015,0.718
1776728488,547274926,robot_0,1.300,0.027
1776728488,547310077,robot_3,-0.987,-0.646
1776728488,547325500,robot_4,0.124,-0.724
1776728488,547337683,robot_1,0.402,1.619
1776728488,547349197,robot_2,-1.015,0.718
1776728488,766345618,robot_0,1.300,0.027
1776728488,766365217,robot_3,-0.987,-0.647
1776728488,766374956,robot_4,0.124,-0.725
1776728488,766382505,robot_1,0.402,1.620
1776728488,766389575,robot_2,-1.016,0.718
1776728488,985893857,robot_0,1.301,0.027
1776728488,985910051,robot_3,-0.987,-0.647
1776728488,985917837,robot_4,0.125,-0.725
1776728488,985923663,robot_1,0.402,1.620
1776728488,985929982,robot_2,-1.016,0.717
1776728489,186579437,robot_0,1.301,0.026
1776728489,186600494,robot_3,-0.987,-0.648
1776728489,186609910,robot_4,0.125,-0.726
1776728489,186618718,robot_1,0.402,1.620
1776728489,186626439,robot_2,-1.016,0.717
1776728489,386920425,robot_0,1.301,0.026
1776728489,386957782,robot_3,-0.986,-0.648
1776728489,386974275,robot_4,0.125,-0.726
1776728489,386987595,robot_1,0.402,1.621
1776728489,387000375,robot_2,-1.017,0.717
1776728489,606184480,robot_0,1.302,0.026
1776728489,606205213,robot_3,-0.986,-0.648
1776728489,606215481,robot_4,0.125,-0.726
1776728489,606224126,robot_1,0.402,1.621
1776728489,606232647,robot_2,-1.017,0.717
1776728489,826112318,robot_0,1.302,0.026
1776728489,826132605,robot_3,-0.986,-0.648
1776728489,826139764,robot_4,0.126,-0.727
1776728489,826145246,robot_1,0.402,1.622
1776728489,826150552,robot_2,-1.001,0.707
1776728490,45208952,robot_0,1.303,0.026
1776728490,45224179,robot_3,-0.961,-0.618
1776728490,45231077,robot_4,0.126,-0.727
1776728490,45236087,robot_1,0.401,1.622
1776728490,45241273,robot_2,-0.981,0.697
1776728490,245900470,robot_0,1.303,0.027
1776728490,245923223,robot_3,-0.928,-0.577
1776728490,245929947,robot_4,0.126,-0.727
1776728490,245935083,robot_1,0.401,1.622
1776728490,245940292,robot_2,-0.981,0.697
1776728490,446425993,robot_0,1.303,0.027
1776728490,446451036,robot_3,-0.886,-0.529
1776728490,446463019,robot_4,0.127,-0.727
1776728490,446473748,robot_1,0.401,1.623
1776728490,446482656,robot_2,-0.981,0.696
1776728490,666462389,robot_0,1.304,0.027
1776728490,666478561,robot_3,-0.877,-0.519
1776728490,666486028,robot_4,0.127,-0.727
1776728490,666491965,robot_1,0.400,1.623
1776728490,666497184,robot_2,-0.981,0.696
1776728490,866671243,robot_0,1.304,0.028
1776728490,866693241,robot_3,-0.877,-0.519
1776728490,866702867,robot_4,0.127,-0.723
1776728490,866710908,robot_1,0.400,1.623
1776728490,866719520,robot_2,-0.981,0.695
1776728491,87336080,robot_0,1.304,0.028
1776728491,87358898,robot_3,-0.876,-0.519
1776728491,87370136,robot_4,0.121,-0.662
1776728491,87379497,robot_1,0.400,1.623
1776728491,87387779,robot_2,-0.981,0.695
1776728491,287555942,robot_0,1.304,0.029
1776728491,287577491,robot_3,-0.876,-0.519
1776728491,287584220,robot_4,0.117,-0.617
1776728491,287589701,robot_1,0.400,1.623
1776728491,287595151,robot_2,-0.981,0.695
1776728491,505498360,robot_0,1.304,0.029
1776728491,505516161,robot_3,-0.876,-0.519
1776728491,505523783,robot_4,0.115,-0.584
1776728491,505530157,robot_1,0.400,1.623
1776728491,505535922,robot_2,-0.980,0.694
1776728491,706438096,robot_0,1.304,0.029
1776728491,706456666,robot_3,-0.875,-0.519
1776728491,706465355,robot_4,0.115,-0.584
1776728491,706472197,robot_1,0.399,1.623
1776728491,706478690,robot_2,-0.980,0.694
1776728491,927367137,robot_0,1.304,0.030
1776728491,927391141,robot_3,-0.875,-0.519
1776728491,927403208,robot_4,0.115,-0.583
1776728491,927412909,robot_1,0.399,1.623
1776728491,927422442,robot_2,-0.979,0.694
1776728492,146095113,robot_0,1.296,0.025
1776728492,146111159,robot_3,-0.874,-0.519
1776728492,146118034,robot_4,0.115,-0.583
1776728492,146123257,robot_1,0.398,1.623
1776728492,146128325,robot_2,-0.979,0.694
1776728492,366224119,robot_0,1.259,0.001
1776728492,366243562,robot_3,-0.874,-0.518
1776728492,366252664,robot_4,0.116,-0.583
1776728492,366259973,robot_1,0.398,1.622
1776728492,366266193,robot_2,-0.978,0.694
1776728492,566999430,robot_0,1.253,-0.003
1776728492,567018066,robot_3,-0.874,-0.518
1776728492,567026303,robot_4,0.116,-0.583
1776728492,567032967,robot_1,0.398,1.622
1776728492,567040242,robot_2,-0.978,0.694
1776728492,785539875,robot_0,1.253,-0.003
1776728492,785561185,robot_3,-0.873,-0.518
1776728492,785567950,robot_4,0.116,-0.582
1776728492,785573509,robot_1,0.397,1.622
1776728492,785579168,robot_2,-0.978,0.694
1776728492,987175772,robot_0,1.253,-0.002
1776728492,987195304,robot_3,-0.873,-0.517
1776728492,987205019,robot_4,0.116,-0.582
1776728492,987212282,robot_1,0.397,1.621
1776728492,987218718,robot_2,-0.977,0.694
1776728493,205276233,robot_0,1.252,-0.002
1776728493,205293916,robot_3,-0.873,-0.517
1776728493,205300640,robot_4,0.116,-0.581
1776728493,205305924,robot_1,0.397,1.621
1776728493,205311229,robot_2,-0.977,0.694
1776728493,406174725,robot_0,1.252,-0.002
1776728493,406203150,robot_3,-0.873,-0.516
1776728493,406215570,robot_4,0.116,-0.581
1776728493,406225933,robot_1,0.397,1.620
1776728493,406235693,robot_2,-0.977,0.695
1776728493,606513119,robot_0,1.251,-0.002
1776728493,606532581,robot_3,-0.873,-0.516
1776728493,606539382,robot_4,0.116,-0.580
1776728493,606545509,robot_1,0.397,1.620
1776728493,606550554,robot_2,-0.979,0.696
1776728493,825568705,robot_0,1.251,-0.002
1776728493,825587244,robot_3,-0.873,-0.516
1776728493,825594760,robot_4,0.116,-0.580
1776728493,825601142,robot_1,0.397,1.619
1776728493,825607039,robot_2,-1.014,0.719
1776728494,25686021,robot_0,1.251,-0.002
1776728494,25704247,robot_3,-0.874,-0.515
1776728494,25711588,robot_4,0.116,-0.580
1776728494,25717547,robot_1,0.398,1.619
1776728494,25723038,robot_2,-1.066,0.752
1776728494,227118589,robot_0,1.250,-0.002
1776728494,227143279,robot_3,-0.874,-0.515
1776728494,227154343,robot_4,0.116,-0.579
1776728494,227162862,robot_1,0.398,1.619
1776728494,227171052,robot_2,-1.123,0.788
1776728494,446610601,robot_0,1.250,-0.003
1776728494,446628227,robot_3,-0.874,-0.515
1776728494,446635505,robot_4,0.115,-0.579
1776728494,446641434,robot_1,0.398,1.618
1776728494,446647723,robot_2,-1.160,0.812
1776728494,666442406,robot_0,1.249,-0.003
1776728494,666464711,robot_3,-0.890,-0.529
1776728494,666475193,robot_4,0.115,-0.579
1776728494,666484551,robot_1,0.399,1.618
1776728494,666492442,robot_2,-1.189,0.830
1776728494,866926407,robot_0,1.249,-0.003
1776728494,866950538,robot_3,-0.918,-0.553
1776728494,866961635,robot_4,0.114,-0.579
1776728494,866970199,robot_1,0.399,1.618
1776728494,866978553,robot_2,-1.218,0.849
1776728495,87199974,robot_0,1.249,-0.004
1776728495,87223330,robot_3,-0.919,-0.554
1776728495,87235239,robot_4,0.114,-0.579
1776728495,87244717,robot_1,0.410,1.645
1776728495,87253367,robot_2,-1.254,0.872
1776728495,306358972,robot_0,1.249,-0.004
1776728495,306379066,robot_3,-0.920,-0.554
1776728495,306386571,robot_4,0.114,-0.589
1776728495,306392698,robot_1,0.426,1.682
1776728495,306398368,robot_2,-1.258,0.874
1776728495,525844411,robot_0,1.249,-0.005
1776728495,525859536,robot_3,-0.920,-0.554
1776728495,525866827,robot_4,0.114,-0.629
1776728495,525872394,robot_1,0.440,1.715
1776728495,525877988,robot_2,-1.257,0.875
1776728495,745297929,robot_0,1.249,-0.005
1776728495,745311877,robot_3,-0.920,-0.554
1776728495,745320271,robot_4,0.114,-0.633
1776728495,745327116,robot_1,0.458,1.755
1776728495,745332847,robot_2,-1.257,0.875
1776728495,947540387,robot_0,1.249,-0.005
1776728495,947569566,robot_3,-0.921,-0.554
1776728495,947583394,robot_4,0.114,-0.633
1776728495,947594211,robot_1,0.466,1.773
1776728495,947604270,robot_2,-1.257,0.876
1776728496,166809169,robot_0,1.261,0.001
1776728496,166833941,robot_3,-0.921,-0.554
1776728496,166847269,robot_4,0.113,-0.633
1776728496,166856807,robot_1,0.466,1.773
1776728496,166865888,robot_2,-1.257,0.876
1776728496,366822335,robot_0,1.306,0.025
1776728496,366847486,robot_3,-0.922,-0.554
1776728496,366859231,robot_4,0.113,-0.634
1776728496,366868234,robot_1,0.466,1.773
1776728496,366877528,robot_2,-1.258,0.876
1776728496,567025271,robot_0,1.316,0.030
1776728496,567043649,robot_3,-0.922,-0.554
1776728496,567052304,robot_4,0.113,-0.634
1776728496,567059155,robot_1,0.467,1.773
1776728496,567066342,robot_2,-1.258,0.877
1776728496,786667044,robot_0,1.316,0.030
1776728496,786694040,robot_3,-0.923,-0.554
1776728496,786705613,robot_4,0.112,-0.634
1776728496,786714422,robot_1,0.467,1.773
1776728496,786722078,robot_2,-1.258,0.877
1776728497,5710588,robot_0,1.316,0.030
1776728497,5726699,robot_3,-0.923,-0.555
1776728497,5734358,robot_4,0.112,-0.635
1776728497,5740047,robot_1,0.467,1.773
1776728497,5745151,robot_2,-1.258,0.877
1776728497,226221459,robot_0,1.317,0.030
1776728497,226249304,robot_3,-0.923,-0.555
1776728497,226259643,robot_4,0.112,-0.635
1776728497,226268177,robot_1,0.468,1.773
1776728497,226277280,robot_2,-1.259,0.878
1776728497,446411721,robot_0,1.317,0.029
1776728497,446433944,robot_3,-0.923,-0.556
1776728497,446444370,robot_4,0.112,-0.636
1776728497,446453292,robot_1,0.468,1.774
1776728497,446461402,robot_2,-1.259,0.878
1776728497,647265834,robot_0,1.318,0.029
1776728497,647286882,robot_3,-0.923,-0.556
1776728497,647295477,robot_4,0.112,-0.636
1776728497,647302264,robot_1,0.468,1.774
1776728497,647308371,robot_2,-1.260,0.878
1776728497,866701563,robot_0,1.318,0.029
1776728497,866727575,robot_3,-0.923,-0.556
1776728497,866740311,robot_4,0.112,-0.636
1776728497,866762868,robot_1,0.469,1.774
1776728497,866772074,robot_2,-1.260,0.878
1776728498,66715406,robot_0,1.319,0.029
1776728498,66733851,robot_3,-0.923,-0.557
1776728498,66742270,robot_4,0.112,-0.637
1776728498,66749184,robot_1,0.469,1.775
1776728498,66755306,robot_2,-1.261,0.878
1776728498,285695339,robot_0,1.319,0.030
1776728498,285715816,robot_3,-0.923,-0.557
1776728498,285723215,robot_4,0.113,-0.637
1776728498,285729386,robot_1,0.469,1.775
1776728498,285734858,robot_2,-1.261,0.877
1776728498,487086130,robot_0,1.319,0.030
1776728498,487112294,robot_3,-0.923,-0.558
1776728498,487123916,robot_4,0.113,-0.637
1776728498,487134130,robot_1,0.469,1.776
1776728498,487144233,robot_2,-1.261,0.877
1776728498,687181193,robot_0,1.320,0.030
1776728498,687200347,robot_3,-0.919,-0.555
1776728498,687209711,robot_4,0.113,-0.638
1776728498,687216925,robot_1,0.468,1.776
1776728498,687223835,robot_2,-1.262,0.877
1776728498,905529497,robot_0,1.320,0.031
1776728498,905545805,robot_3,-0.897,-0.539
1776728498,905552484,robot_4,0.114,-0.638
1776728498,905557928,robot_1,0.468,1.776
1776728498,905562641,robot_2,-1.262,0.877
1776728499,106122916,robot_0,1.320,0.031
1776728499,106140645,robot_3,-0.893,-0.536
1776728499,106149490,robot_4,0.114,-0.638
1776728499,106156948,robot_1,0.468,1.777
1776728499,106164837,robot_2,-1.248,0.866
1776728499,306144259,robot_0,1.320,0.031
1776728499,306164727,robot_3,-0.893,-0.536
1776728499,306171752,robot_4,0.115,-0.638
1776728499,306177359,robot_1,0.467,1.777
1776728499,306182911,robot_2,-1.224,0.849
1776728499,526330072,robot_0,1.320,0.032
1776728499,526346751,robot_3,-0.892,-0.536
1776728499,526354448,robot_4,0.117,-0.603
1776728499,526360554,robot_1,0.467,1.777
1776728499,526366455,robot_2,-1.224,0.848
1776728499,727084969,robot_0,1.320,0.032
1776728499,727107182,robot_3,-0.892,-0.536
1776728499,727115901,robot_4,0.119,-0.578
1776728499,727122447,robot_1,0.459,1.762
1776728499,727129421,robot_2,-1.224,0.848
1776728499,927163779,robot_0,1.320,0.033
1776728499,927192576,robot_3,-0.891,-0.536
1776728499,927207316,robot_4,0.119,-0.578
1776728499,927220331,robot_1,0.437,1.723
1776728499,927231154,robot_2,-1.224,0.847
1776728500,127527111,robot_0,1.320,0.033
1776728500,127549344,robot_3,-0.891,-0.537
1776728500,127556827,robot_4,0.120,-0.578
1776728500,127563008,robot_1,0.417,1.688
1776728500,127572320,robot_2,-1.224,0.847
1776728500,328971378,robot_0,1.297,0.023
1776728500,328991652,robot_3,-0.891,-0.536
1776728500,328998804,robot_4,0.120,-0.578
1776728500,329004711,robot_1,0.406,1.668
1776728500,329010165,robot_2,-1.224,0.847
1776728500,546931988,robot_0,1.250,0.002
1776728500,546963429,robot_3,-0.890,-0.536
1776728500,546979353,robot_4,0.120,-0.577
1776728500,546991069,robot_1,0.406,1.668
1776728500,547002049,robot_2,-1.224,0.846
1776728500,747129459,robot_0,1.193,-0.023
1776728500,747155313,robot_3,-0.890,-0.536
1776728500,747169255,robot_4,0.121,-0.577
1776728500,747180040,robot_1,0.405,1.669
1776728500,747190337,robot_2,-1.223,0.846
1776728500,966289059,robot_0,1.148,-0.043
1776728500,966308979,robot_3,-0.889,-0.536
1776728500,966317653,robot_4,0.121,-0.577
1776728500,966324692,robot_1,0.405,1.669
1776728500,966330904,robot_2,-1.223,0.845
1776728501,168905532,robot_0,1.111,-0.059
1776728501,168942152,robot_3,-0.889,-0.536
1776728501,168963560,robot_4,0.121,-0.576
1776728501,168982088,robot_1,0.404,1.669
1776728501,168998778,robot_2,-1.223,0.845
1776728501,386707180,robot_0,1.071,-0.077
1776728501,386730247,robot_3,-0.889,-0.535
1776728501,386743882,robot_4,0.121,-0.576
1776728501,386754124,robot_1,0.404,1.668
1776728501,386763354,robot_2,-1.222,0.845
1776728501,605013607,robot_0,1.068,-0.078
1776728501,605027506,robot_3,-0.889,-0.535
1776728501,605034272,robot_4,0.121,-0.575
1776728501,605040112,robot_1,0.403,1.668
1776728501,605045560,robot_2,-1.222,0.845
1776728501,805682351,robot_0,1.067,-0.078
1776728501,805703122,robot_3,-0.889,-0.534
1776728501,805710498,robot_4,0.121,-0.575
1776728501,805715869,robot_1,0.403,1.668
1776728501,805720689,robot_2,-1.222,0.845
1776728502,6693822,robot_0,1.067,-0.078
1776728502,6721849,robot_3,-0.889,-0.534
1776728502,6736042,robot_4,0.121,-0.575
1776728502,6744404,robot_1,0.403,1.668
1776728502,6751601,robot_2,-1.221,0.845
1776728502,226190513,robot_0,1.067,-0.078
1776728502,226210981,robot_3,-0.889,-0.533
1776728502,226221723,robot_4,0.121,-0.574
1776728502,226230038,robot_1,0.403,1.667
1776728502,226237295,robot_2,-1.221,0.845
1776728502,445858442,robot_0,1.066,-0.077
1776728502,445873782,robot_3,-0.889,-0.533
1776728502,445881611,robot_4,0.121,-0.574
1776728502,445887136,robot_1,0.402,1.667
1776728502,445893428,robot_2,-1.220,0.845
1776728502,647518903,robot_0,1.066,-0.077
1776728502,647536665,robot_3,-0.889,-0.533
1776728502,647545276,robot_4,0.120,-0.574
1776728502,647552636,robot_1,0.402,1.666
1776728502,647559081,robot_2,-1.220,0.845
1776728502,865892149,robot_0,1.065,-0.077
1776728502,865909515,robot_3,-0.889,-0.533
1776728502,865916386,robot_4,0.120,-0.573
1776728502,865923303,robot_1,0.402,1.666
1776728502,865928992,robot_2,-1.220,0.846
1776728503,66844395,robot_0,1.065,-0.077
1776728503,66861024,robot_3,-0.889,-0.533
1776728503,66868321,robot_4,0.120,-0.573
1776728503,66874894,robot_1,0.402,1.665
1776728503,66880942,robot_2,-1.219,0.846
1776728503,267597707,robot_0,1.065,-0.077
1776728503,267618941,robot_3,-0.889,-0.533
1776728503,267629997,robot_4,0.119,-0.573
1776728503,267639318,robot_1,0.403,1.665
1776728503,267648321,robot_2,-1.219,0.846
1776728503,485808132,robot_0,1.064,-0.078
1776728503,485822432,robot_3,-0.889,-0.532
1776728503,485828749,robot_4,0.119,-0.573
1776728503,485834470,robot_1,0.403,1.665
1776728503,485839357,robot_2,-1.249,0.869
1776728503,686850661,robot_0,1.064,-0.078
1776728503,686868657,robot_3,-0.890,-0.532
1776728503,686878700,robot_4,0.118,-0.579
1776728503,686885181,robot_1,0.403,1.664
1776728503,686891138,robot_2,-1.277,0.891
1776728503,906991041,robot_0,1.064,-0.078
1776728503,907008049,robot_3,-0.890,-0.532
1776728503,907015651,robot_4,0.114,-0.602
1776728503,907021465,robot_1,0.403,1.664
1776728503,907027039,robot_2,-1.306,0.914
1776728504,107133362,robot_0,1.063,-0.079
1776728504,107148296,robot_3,-0.891,-0.532
1776728504,107155037,robot_4,0.107,-0.639
1776728504,107160618,robot_1,0.404,1.664
1776728504,107165911,robot_2,-1.338,0.939
1776728504,325835801,robot_0,1.063,-0.079
1776728504,325855773,robot_3,-0.891,-0.532
1776728504,325865243,robot_4,0.096,-0.695
1776728504,325873782,robot_1,0.423,1.692
1776728504,325881793,robot_2,-1.353,0.951
1776728504,526075264,robot_0,1.063,-0.080
1776728504,526095627,robot_3,-0.892,-0.532
1776728504,526106148,robot_4,0.083,-0.762
1776728504,526114933,robot_1,0.434,1.710
1776728504,526123419,robot_2,-1.353,0.951
1776728504,726256652,robot_0,1.063,-0.080
1776728504,726272565,robot_3,-0.892,-0.532
1776728504,726284311,robot_4,0.074,-0.804
1776728504,726290387,robot_1,0.434,1.710
1776728504,726296098,robot_2,-1.353,0.951
1776728504,946335431,robot_0,1.063,-0.080
1776728504,946357366,robot_3,-0.892,-0.532
1776728504,946368172,robot_4,0.067,-0.841
1776728504,946377093,robot_1,0.435,1.710
1776728504,946385110,robot_2,-1.353,0.952
1776728505,147156457,robot_0,1.063,-0.081
1776728505,147179464,robot_3,-0.893,-0.533
1776728505,147188545,robot_4,0.060,-0.871
1776728505,147196292,robot_1,0.435,1.710
1776728505,147202859,robot_2,-1.353,0.952
1776728505,366679135,robot_0,1.095,-0.070
1776728505,366705283,robot_3,-0.893,-0.533
1776728505,366717623,robot_4,0.049,-0.913
1776728505,366727112,robot_1,0.436,1.710
1776728505,366736471,robot_2,-1.353,0.953
1776728505,586508140,robot_0,1.136,-0.055
1776728505,586530079,robot_3,-0.893,-0.533
1776728505,586538780,robot_4,0.035,-0.966
1776728505,586546390,robot_1,0.436,1.710
1776728505,586552884,robot_2,-1.353,0.953
1776728505,786646734,robot_0,1.174,-0.041
1776728505,786671977,robot_3,-0.893,-0.534
1776728505,786682008,robot_4,0.022,-1.013
1776728505,786690865,robot_1,0.437,1.710
1776728505,786698084,robot_2,-1.353,0.953
1776728506,6493223,robot_0,1.214,-0.023
1776728506,6510839,robot_3,-0.893,-0.534
1776728506,6519258,robot_4,0.011,-1.055
1776728506,6526014,robot_1,0.437,1.711
1776728506,6532158,robot_2,-1.353,0.954
1776728506,225585933,robot_0,1.270,0.002
1776728506,225601573,robot_3,-0.893,-0.535
1776728506,225608923,robot_4,0.009,-1.064
1776728506,225615099,robot_1,0.437,1.711
1776728506,225621275,robot_2,-1.354,0.954
1776728506,427428265,robot_0,1.324,0.027
1776728506,427447611,robot_3,-0.893,-0.535
1776728506,427456208,robot_4,0.009,-1.064
1776728506,427463895,robot_1,0.437,1.711
1776728506,427470386,robot_2,-1.354,0.954
1776728506,646791476,robot_0,1.329,0.029
1776728506,646813259,robot_3,-0.893,-0.535
1776728506,646822157,robot_4,0.008,-1.064
1776728506,646830133,robot_1,0.438,1.712
1776728506,646836916,robot_2,-1.355,0.954
1776728506,866908439,robot_0,1.330,0.029
1776728506,866928365,robot_3,-0.874,-0.526
1776728506,866936721,robot_4,0.008,-1.064
1776728506,866943766,robot_1,0.438,1.712
1776728506,866951309,robot_2,-1.355,0.954
1776728507,86675431,robot_0,1.330,0.028
1776728507,86703041,robot_3,-0.831,-0.505
1776728507,86714525,robot_4,0.008,-1.065
1776728507,86725234,robot_1,0.438,1.713
1776728507,86734571,robot_2,-1.356,0.954
1776728507,287363940,robot_0,1.330,0.028
1776728507,287412843,robot_3,-0.777,-0.478
1776728507,287420249,robot_4,0.007,-1.065
1776728507,287426371,robot_1,0.437,1.713
1776728507,287431656,robot_2,-1.356,0.954
1776728507,506512169,robot_0,1.331,0.028
1776728507,506527353,robot_3,-0.733,-0.456
1776728507,506534320,robot_4,0.007,-1.065
1776728507,506539789,robot_1,0.437,1.714
1776728507,506545076,robot_2,-1.356,0.954
1776728507,707266518,robot_0,1.331,0.028
1776728507,707303895,robot_3,-0.691,-0.436
1776728507,707318600,robot_4,0.007,-1.066
1776728507,707331556,robot_1,0.437,1.714
1776728507,707342471,robot_2,-1.357,0.954
1776728507,907466583,robot_0,1.332,0.028
1776728507,907496972,robot_3,-0.639,-0.410
1776728507,907511446,robot_4,0.007,-1.066
1776728507,907523265,robot_1,0.437,1.714
1776728507,907534716,robot_2,-1.357,0.953
1776728508,126430316,robot_0,1.332,0.028
1776728508,126445760,robot_3,-0.597,-0.389
1776728508,126452081,robot_4,0.006,-1.066
1776728508,126457922,robot_1,0.436,1.714
1776728508,126464001,robot_2,-1.357,0.953
1776728508,327536881,robot_0,1.333,0.028
1776728508,327559220,robot_3,-0.553,-0.367
1776728508,327566537,robot_4,0.006,-1.067
1776728508,327572139,robot_1,0.414,1.685
1776728508,327577568,robot_2,-1.334,0.932
1776728508,545990659,robot_0,1.333,0.028
1776728508,546006066,robot_3,-0.494,-0.338
1776728508,546012265,robot_4,0.007,-1.067
1776728508,546018160,robot_1,0.393,1.658
1776728508,546023433,robot_2,-1.290,0.891
1776728508,746628832,robot_0,1.333,0.029
1776728508,746648331,robot_3,-0.483,-0.333
1776728508,746657538,robot_4,0.007,-1.068
1776728508,746665970,robot_1,0.377,1.637
1776728508,746672669,robot_2,-1.260,0.864
1776728508,966082302,robot_0,1.334,0.029
1776728508,966120031,robot_3,-0.483,-0.333
1776728508,966140349,robot_4,0.007,-1.068
1776728508,966159060,robot_1,0.350,1.602
1776728508,966175904,robot_2,-1.228,0.834
1776728509,166906216,robot_0,1.334,0.029
1776728509,166935484,robot_3,-0.483,-0.334
1776728509,166950928,robot_4,0.007,-1.068
1776728509,166963007,robot_1,0.341,1.589
1776728509,166974332,robot_2,-1.208,0.816
1776728509,387323780,robot_0,1.334,0.030
1776728509,387343867,robot_3,-0.482,-0.334
1776728509,387353177,robot_4,0.008,-1.069
1776728509,387360694,robot_1,0.341,1.590
1776728509,387367473,robot_2,-1.208,0.815
1776728509,605851506,robot_0,1.334,0.030
1776728509,605870370,robot_3,-0.482,-0.334
1776728509,605879778,robot_4,0.008,-1.069
1776728509,605887972,robot_1,0.340,1.590
1776728509,605894964,robot_2,-1.208,0.815
1776728509,827144183,robot_0,1.334,0.031
1776728509,827170531,robot_3,-0.481,-0.334
1776728509,827181439,robot_4,0.008,-1.069
1776728509,827189554,robot_1,0.340,1.590
1776728509,827197217,robot_2,-1.209,0.815
1776728510,47167553,robot_0,1.334,0.031
1776728510,47185835,robot_3,-0.481,-0.334
1776728510,47194547,robot_4,0.025,-1.019
1776728510,47201972,robot_1,0.340,1.590
1776728510,47208528,robot_2,-1.209,0.814
1776728510,267593874,robot_0,1.334,0.031
1776728510,267616320,robot_3,-0.480,-0.334
1776728510,267627536,robot_4,0.038,-0.983
1776728510,267636630,robot_1,0.339,1.590
1776728510,267645755,robot_2,-1.209,0.814
1776728510,485456164,robot_0,1.318,0.025
1776728510,485471887,robot_3,-0.480,-0.334
1776728510,485479068,robot_4,0.038,-0.983
1776728510,485485178,robot_1,0.339,1.589
1776728510,485490704,robot_2,-1.208,0.813
1776728510,686741025,robot_0,1.281,0.012
1776728510,686759775,robot_3,-0.480,-0.334
1776728510,686768589,robot_4,0.039,-0.983
1776728510,686775752,robot_1,0.338,1.589
1776728510,686782052,robot_2,-1.208,0.813
1776728510,905097826,robot_0,1.277,0.011
1776728510,905113262,robot_3,-0.479,-0.333
1776728510,905119763,robot_4,0.039,-0.983
1776728510,905125131,robot_1,0.338,1.589
1776728510,905129967,robot_2,-1.208,0.813
1776728511,105730848,robot_0,1.277,0.011
1776728511,105744844,robot_3,-0.479,-0.333
1776728511,105752057,robot_4,0.039,-0.983
1776728511,105760788,robot_1,0.338,1.589
1776728511,105768005,robot_2,-1.208,0.812
1776728511,306322971,robot_0,1.277,0.012
1776728511,306339334,robot_3,-0.479,-0.333
1776728511,306346737,robot_4,0.040,-0.982
1776728511,306352029,robot_1,0.338,1.588
1776728511,306357167,robot_2,-1.207,0.812
1776728511,506363671,robot_0,1.276,0.012
1776728511,506382526,robot_3,-0.479,-0.332
1776728511,506391392,robot_4,0.040,-0.982
1776728511,506400547,robot_1,0.337,1.588
1776728511,506408444,robot_2,-1.207,0.812
1776728511,725227440,robot_0,1.276,0.012
1776728511,725243045,robot_3,-0.479,-0.332
1776728511,725249628,robot_4,0.040,-0.982
1776728511,725255156,robot_1,0.337,1.587
1776728511,725260510,robot_2,-1.206,0.812
1776728511,926190451,robot_0,1.275,0.012
1776728511,926204855,robot_3,-0.479,-0.331
1776728511,926211286,robot_4,0.041,-0.981
1776728511,926216602,robot_1,0.338,1.587
1776728511,926221765,robot_2,-1.206,0.812
1776728512,126579541,robot_0,1.275,0.012
1776728512,126599189,robot_3,-0.479,-0.331
1776728512,126607688,robot_4,0.041,-0.981
1776728512,126614992,robot_1,0.338,1.586
1776728512,126621287,robot_2,-1.206,0.812
1776728512,345271976,robot_0,1.274,0.012
1776728512,345296308,robot_3,-0.479,-0.331
1776728512,345303118,robot_4,0.041,-0.981
1776728512,345309010,robot_1,0.338,1.586
1776728512,345313755,robot_2,-1.205,0.812
1776728512,545302055,robot_0,1.274,0.012
1776728512,545316436,robot_3,-0.495,-0.337
1776728512,545323004,robot_4,0.041,-0.980
1776728512,545328392,robot_1,0.338,1.586
1776728512,545333239,robot_2,-1.205,0.812
1776728512,746336994,robot_0,1.274,0.012
1776728512,746360243,robot_3,-0.533,-0.352
1776728512,746371828,robot_4,0.041,-0.980
1776728512,746381596,robot_1,0.340,1.587
1776728512,746390327,robot_2,-1.204,0.813
1776728512,946725591,robot_0,1.273,0.012
1776728512,946747559,robot_3,-0.598,-0.378
1776728512,946757846,robot_4,0.041,-0.979
1776728512,946767052,robot_1,0.364,1.614
1776728512,946775426,robot_2,-1.210,0.819
1776728513,146798385,robot_0,1.273,0.011
1776728513,146816514,robot_3,-0.650,-0.399
1776728513,146825143,robot_4,0.040,-0.979
1776728513,146832344,robot_1,0.391,1.643
1776728513,146838623,robot_2,-1.238,0.849
1776728513,366228805,robot_0,1.273,0.011
1776728513,366244943,robot_3,-0.688,-0.414
1776728513,366251547,robot_4,0.040,-0.979
1776728513,366257323,robot_1,0.417,1.672
1776728513,366262747,robot_2,-1.245,0.857
1776728513,586336459,robot_0,1.273,0.011
1776728513,586352036,robot_3,-0.714,-0.425
1776728513,586359853,robot_4,0.040,-0.978
1776728513,586365728,robot_1,0.417,1.672
1776728513,586372504,robot_2,-1.245,0.857
1776728513,788050849,robot_0,1.272,0.010
1776728513,788074738,robot_3,-0.721,-0.428
1776728513,788085536,robot_4,0.039,-0.978
1776728513,788093917,robot_1,0.417,1.672
1776728513,788103098,robot_2,-1.245,0.858
1776728514,6509098,robot_0,1.272,0.010
1776728514,6531142,robot_3,-0.721,-0.427
1776728514,6538618,robot_4,0.035,-0.988
1776728514,6544899,robot_1,0.418,1.672
1776728514,6551642,robot_2,-1.245,0.858
1776728514,225057181,robot_0,1.273,0.009
1776728514,225071372,robot_3,-0.721,-0.427
1776728514,225078083,robot_4,0.017,-1.028
1776728514,225083302,robot_1,0.418,1.672
1776728514,225088050,robot_2,-1.244,0.858
1776728514,425779443,robot_0,1.273,0.009
1776728514,425793842,robot_3,-0.722,-0.427
1776728514,425806303,robot_4,0.015,-1.033
1776728514,425813374,robot_1,0.419,1.672
1776728514,425819435,robot_2,-1.245,0.859
1776728514,626944085,robot_0,1.273,0.009
1776728514,626969604,robot_3,-0.722,-0.427
1776728514,626980241,robot_4,0.015,-1.033
1776728514,626988761,robot_1,0.419,1.672
1776728514,626996630,robot_2,-1.245,0.859
1776728514,827184026,robot_0,1.273,0.009
1776728514,827201552,robot_3,-0.723,-0.427
1776728514,827208513,robot_4,0.014,-1.033
1776728514,827213725,robot_1,0.419,1.672
1776728514,827218832,robot_2,-1.245,0.860
1776728515,47195551,robot_0,1.273,0.009
1776728515,47216273,robot_3,-0.723,-0.427
1776728515,47225792,robot_4,0.014,-1.033
1776728515,47233385,robot_1,0.420,1.673
1776728515,47241090,robot_2,-1.245,0.860
1776728515,266697666,robot_0,1.273,0.008
1776728515,266721590,robot_3,-0.724,-0.427
1776728515,266734780,robot_4,0.014,-1.033
1776728515,266745013,robot_1,0.420,1.673
1776728515,266755445,robot_2,-1.245,0.860
1776728515,487272389,robot_0,1.273,0.008
1776728515,487297527,robot_3,-0.724,-0.427
1776728515,487306617,robot_4,0.013,-1.034
1776728515,487314364,robot_1,0.420,1.673
1776728515,487321355,robot_2,-1.246,0.861
1776728515,705561675,robot_0,1.274,0.008
1776728515,705577337,robot_3,-0.724,-0.427
1776728515,705585543,robot_4,0.013,-1.034
1776728515,705592212,robot_1,0.421,1.674
1776728515,705598090,robot_2,-1.246,0.861
1776728515,906918489,robot_0,1.274,0.008
1776728515,906949782,robot_3,-0.725,-0.427
1776728515,906964885,robot_4,0.012,-1.034
1776728515,906976478,robot_1,0.421,1.674
1776728515,906988461,robot_2,-1.247,0.861
1776728516,106905426,robot_0,1.274,0.008
1776728516,106926479,robot_3,-0.725,-0.428
1776728516,106936520,robot_4,0.012,-1.035
1776728516,106945193,robot_1,0.421,1.675
1776728516,106952899,robot_2,-1.247,0.861
1776728516,325678425,robot_0,1.275,0.007
1776728516,325697027,robot_3,-0.725,-0.428
1776728516,325704243,robot_4,0.012,-1.035
1776728516,325709677,robot_1,0.421,1.675
1776728516,325714947,robot_2,-1.248,0.861
1776728516,526732483,robot_0,1.275,0.008
1776728516,526754878,robot_3,-0.725,-0.429
1776728516,526764732,robot_4,0.012,-1.036
1776728516,526773392,robot_1,0.420,1.675
1776728516,526781431,robot_2,-1.248,0.861
1776728516,746777986,robot_0,1.276,0.008
1776728516,746794918,robot_3,-0.725,-0.429
1776728516,746803056,robot_4,0.012,-1.036
1776728516,746810067,robot_1,0.420,1.676
1776728516,746816267,robot_2,-1.248,0.860
1776728516,966605114,robot_0,1.276,0.008
1776728516,966633573,robot_3,-0.725,-0.429
1776728516,966649039,robot_4,0.012,-1.036
1776728516,966661485,robot_1,0.420,1.676
1776728516,966673208,robot_2,-1.240,0.849
1776728517,186767587,robot_0,1.277,0.008
1776728517,186785081,robot_3,-0.725,-0.430
1776728517,186792022,robot_4,0.012,-1.037
1776728517,186797399,robot_1,0.400,1.657
1776728517,186802665,robot_2,-1.201,0.799
1776728517,387296360,robot_0,1.277,0.009
1776728517,387325626,robot_3,-0.718,-0.427
1776728517,387342043,robot_4,0.013,-1.037
1776728517,387356094,robot_1,0.379,1.638
1776728517,387368888,robot_2,-1.194,0.790
1776728517,606155084,robot_0,1.277,0.009
1776728517,606178719,robot_3,-0.677,-0.412
1776728517,606190810,robot_4,0.013,-1.038
1776728517,606200646,robot_1,0.379,1.638
1776728517,606210410,robot_2,-1.194,0.789
1776728517,806665447,robot_0,1.277,0.009
1776728517,806687248,robot_3,-0.619,-0.390
1776728517,806696371,robot_4,0.013,-1.038
1776728517,806703684,robot_1,0.378,1.638
1776728517,806710957,robot_2,-1.194,0.789
1776728518,27252116,robot_0,1.277,0.010
1776728518,27270279,robot_3,-0.559,-0.367
1776728518,27281866,robot_4,0.014,-1.038
1776728518,27288768,robot_1,0.378,1.638
1776728518,27294912,robot_2,-1.194,0.789
1776728518,247028076,robot_0,1.277,0.010
1776728518,247057300,robot_3,-0.517,-0.351
1776728518,247066016,robot_4,0.036,-0.994
1776728518,247072939,robot_1,0.378,1.638
1776728518,247079384,robot_2,-1.194,0.788
1776728518,465437022,robot_0,1.277,0.011
1776728518,465451614,robot_3,-0.446,-0.324
1776728518,465458292,robot_4,0.057,-0.948
1776728518,465463411,robot_1,0.377,1.638
1776728518,465468556,robot_2,-1.194,0.788
1776728518,665927884,robot_0,1.264,0.008
1776728518,665941780,robot_3,-0.404,-0.308
1776728518,665948689,robot_4,0.074,-0.909
1776728518,665953879,robot_1,0.377,1.638
1776728518,665958433,robot_2,-1.194,0.787
1776728518,866321804,robot_0,1.195,-0.006
1776728518,866338793,robot_3,-0.404,-0.308
1776728518,866345281,robot_4,0.096,-0.858
1776728518,866350615,robot_1,0.376,1.638
1776728518,866356043,robot_2,-1.194,0.787
1776728519,66531555,robot_0,1.150,-0.016
1776728519,66547011,robot_3,-0.404,-0.309
1776728519,66554236,robot_4,0.113,-0.817
1776728519,66560135,robot_1,0.376,1.638
1776728519,66565164,robot_2,-1.194,0.787
1776728519,267447874,robot_0,1.124,-0.021
1776728519,267476824,robot_3,-0.404,-0.309
1776728519,267491848,robot_4,0.128,-0.784
1776728519,267503901,robot_1,0.376,1.637
1776728519,267515656,robot_2,-1.194,0.786
1776728519,485702781,robot_0,1.124,-0.021
1776728519,485717365,robot_3,-0.403,-0.309
1776728519,485724340,robot_4,0.128,-0.783
1776728519,485730639,robot_1,0.375,1.637
1776728519,485737249,robot_2,-1.193,0.786
1776728519,686575099,robot_0,1.124,-0.021
1776728519,686599702,robot_3,-0.403,-0.309
1776728519,686612625,robot_4,0.128,-0.783
1776728519,686625966,robot_1,0.375,1.637
1776728519,686635934,robot_2,-1.193,0.786
1776728519,906364405,robot_0,1.123,-0.021
1776728519,906380059,robot_3,-0.402,-0.310
1776728519,906386738,robot_4,0.129,-0.783
1776728519,906392072,robot_1,0.375,1.636
1776728519,906396844,robot_2,-1.192,0.786
1776728520,125906869,robot_0,1.123,-0.020
1776728520,125921373,robot_3,-0.402,-0.310
1776728520,125928149,robot_4,0.129,-0.783
1776728520,125933308,robot_1,0.375,1.636
1776728520,125938605,robot_2,-1.192,0.786
1776728520,326850789,robot_0,1.123,-0.020
1776728520,326871183,robot_3,-0.402,-0.310
1776728520,326878633,robot_4,0.130,-0.783
1776728520,326884177,robot_1,0.375,1.635
1776728520,326889221,robot_2,-1.192,0.786
1776728520,545736930,robot_0,1.122,-0.020
1776728520,545755112,robot_3,-0.401,-0.309
1776728520,545761671,robot_4,0.130,-0.783
1776728520,545768529,robot_1,0.375,1.635
1776728520,545773948,robot_2,-1.191,0.786
1776728520,765651809,robot_0,1.122,-0.020
1776728520,765668132,robot_3,-0.401,-0.309
1776728520,765676550,robot_4,0.131,-0.782
1776728520,765682693,robot_1,0.375,1.634
1776728520,765690150,robot_2,-1.191,0.786
1776728520,965810463,robot_0,1.121,-0.020
1776728520,965826127,robot_3,-0.400,-0.309
1776728520,965833004,robot_4,0.131,-0.782
1776728520,965838336,robot_1,0.375,1.634
1776728520,965843044,robot_2,-1.198,0.797
1776728521,186117403,robot_0,1.121,-0.020
1776728521,186134520,robot_3,-0.400,-0.308
1776728521,186143317,robot_4,0.131,-0.782
1776728521,186150298,robot_1,0.398,1.652
1776728521,186157229,robot_2,-1.221,0.833
1776728521,406281381,robot_0,1.120,-0.020
1776728521,406305689,robot_3,-0.400,-0.308
1776728521,406317595,robot_4,0.131,-0.781
1776728521,406326954,robot_1,0.427,1.675
1776728521,406335577,robot_2,-1.224,0.836
1776728521,625457231,robot_0,1.120,-0.020
1776728521,625471805,robot_3,-0.400,-0.308
1776728521,625478637,robot_4,0.131,-0.781
1776728521,625483802,robot_1,0.449,1.692
1776728521,625488833,robot_2,-1.223,0.837
1776728521,825771720,robot_0,1.120,-0.021
1776728521,825789498,robot_3,-0.400,-0.307
1776728521,825796190,robot_4,0.131,-0.780
1776728521,825801692,robot_1,0.449,1.692
1776728521,825806785,robot_2,-1.223,0.837
1776728522,44976722,robot_0,1.120,-0.021
1776728522,44991373,robot_3,-0.400,-0.307
1776728522,44997988,robot_4,0.131,-0.780
1776728522,45003535,robot_1,0.450,1.692
1776728522,45008712,robot_2,-1.223,0.837
1776728522,247204048,robot_0,1.119,-0.021
1776728522,247233912,robot_3,-0.400,-0.306
1776728522,247252116,robot_4,0.131,-0.780
1776728522,247267632,robot_1,0.450,1.692
1776728522,247285842,robot_2,-1.223,0.838
1776728522,466507327,robot_0,1.119,-0.022
1776728522,466523311,robot_3,-0.420,-0.312
1776728522,466531074,robot_4,0.130,-0.779
1776728522,466538114,robot_1,0.450,1.692
1776728522,466544320,robot_2,-1.223,0.838
1776728522,666576713,robot_0,1.119,-0.022
1776728522,666603199,robot_3,-0.456,-0.323
1776728522,666616733,robot_4,0.130,-0.779
1776728522,666628824,robot_1,0.451,1.692
1776728522,666640831,robot_2,-1.223,0.839
1776728522,885519415,robot_0,1.119,-0.023
1776728522,885535568,robot_3,-0.458,-0.323
1776728522,885541849,robot_4,0.130,-0.779
1776728522,885547210,robot_1,0.451,1.692
1776728522,885551990,robot_2,-1.223,0.839
1776728523,86351580,robot_0,1.134,-0.021
1776728523,86370752,robot_3,-0.458,-0.323
1776728523,86377764,robot_4,0.130,-0.779
1776728523,86383063,robot_1,0.452,1.692
1776728523,86388577,robot_2,-1.223,0.840
1776728523,287173770,robot_0,1.165,-0.017
1776728523,287192882,robot_3,-0.458,-0.322
1776728523,287199575,robot_4,0.129,-0.779
1776728523,287204841,robot_1,0.452,1.692
1776728523,287210039,robot_2,-1.223,0.840
1776728523,506192619,robot_0,1.208,-0.011
1776728523,506209675,robot_3,-0.459,-0.322
1776728523,506217189,robot_4,0.129,-0.779
1776728523,506223194,robot_1,0.452,1.692
1776728523,506228846,robot_2,-1.224,0.840
1776728523,706813972,robot_0,1.251,-0.005
1776728523,706843896,robot_3,-0.459,-0.322
1776728523,706858145,robot_4,0.129,-0.779
1776728523,706870451,robot_1,0.453,1.692
1776728523,706882426,robot_2,-1.224,0.840
1776728523,926083241,robot_0,1.295,0.002
1776728523,926102589,robot_3,-0.459,-0.322
1776728523,926113360,robot_4,0.128,-0.779
1776728523,926121681,robot_1,0.453,1.692
1776728523,926129067,robot_2,-1.225,0.841
1776728524,127175184,robot_0,1.296,0.002
1776728524,127190643,robot_3,-0.460,-0.322
1776728524,127197821,robot_4,0.128,-0.779
1776728524,127203224,robot_1,0.453,1.693
1776728524,127208682,robot_2,-1.225,0.841
1776728524,346525491,robot_0,1.296,0.001
1776728524,346550429,robot_3,-0.460,-0.322
1776728524,346561752,robot_4,0.127,-0.779
1776728524,346570870,robot_1,0.453,1.693
1776728524,346582606,robot_2,-1.225,0.841
1776728524,546546526,robot_0,1.296,0.001
1776728524,546569544,robot_3,-0.461,-0.322
1776728524,546581005,robot_4,0.127,-0.779
1776728524,546589933,robot_1,0.454,1.694
1776728524,546598507,robot_2,-1.226,0.841
1776728524,746661066,robot_0,1.297,0.001
1776728524,746679139,robot_3,-0.461,-0.322
1776728524,746687686,robot_4,0.127,-0.780
1776728524,746694205,robot_1,0.454,1.694
1776728524,746700028,robot_2,-1.226,0.840
1776728524,966338524,robot_0,1.297,0.000
1776728524,966359750,robot_3,-0.461,-0.322
1776728524,966370651,robot_4,0.127,-0.780
1776728524,966378868,robot_1,0.453,1.695
1776728524,966387697,robot_2,-1.220,0.828
1776728525,185217154,robot_0,1.298,0.000
1776728525,185232717,robot_3,-0.462,-0.322
1776728525,185239937,robot_4,0.126,-0.780
1776728525,185245621,robot_1,0.453,1.695
1776728525,185250782,robot_2,-1.184,0.763
1776728525,386356623,robot_0,1.298,0.000
1776728525,386373910,robot_3,-0.462,-0.323
1776728525,386380448,robot_4,0.126,-0.780
1776728525,386385661,robot_1,0.453,1.695
1776728525,386390569,robot_2,-1.165,0.727
1776728525,606305019,robot_0,1.298,0.000
1776728525,606322768,robot_3,-0.462,-0.323
1776728525,606330311,robot_4,0.126,-0.780
1776728525,606337249,robot_1,0.442,1.689
1776728525,606344014,robot_2,-1.154,0.706
1776728525,806500025,robot_0,1.299,0.000
1776728525,806520511,robot_3,-0.462,-0.324
1776728525,806527926,robot_4,0.126,-0.781
1776728525,806533890,robot_1,0.406,1.671
1776728525,806539027,robot_2,-1.154,0.706
1776728526,25659261,robot_0,1.299,0.000
1776728526,25675785,robot_3,-0.462,-0.324
1776728526,25682751,robot_4,0.126,-0.781
1776728526,25688386,robot_1,0.399,1.668
1776728526,25694204,robot_2,-1.154,0.706
1776728526,226242734,robot_0,1.300,0.000
1776728526,226258997,robot_3,-0.462,-0.325
1776728526,226265828,robot_4,0.126,-0.781
1776728526,226271254,robot_1,0.399,1.668
1776728526,226276585,robot_2,-1.154,0.706
1776728526,426365972,robot_0,1.300,0.001
1776728526,426380680,robot_3,-0.462,-0.325
1776728526,426387794,robot_4,0.127,-0.782
1776728526,426393056,robot_1,0.399,1.669
1776728526,426398011,robot_2,-1.154,0.705
1776728526,627309221,robot_0,1.300,0.001
1776728526,627326568,robot_3,-0.428,-0.318
1776728526,627334942,robot_4,0.127,-0.782
1776728526,627342317,robot_1,0.399,1.669
1776728526,627349232,robot_2,-1.155,0.705
1776728526,846647357,robot_0,1.301,0.001
1776728526,846672984,robot_3,-0.384,-0.309
1776728526,846683446,robot_4,0.127,-0.783
1776728526,846691621,robot_1,0.398,1.669
1776728526,846699497,robot_2,-1.155,0.704
1776728527,65507837,robot_0,1.301,0.002
1776728527,65523146,robot_3,-0.343,-0.300
1776728527,65529920,robot_4,0.127,-0.783
1776728527,65535319,robot_1,0.398,1.669
1776728527,65540231,robot_2,-1.154,0.704
1776728527,266581596,robot_0,1.301,0.002
1776728527,266614893,robot_3,-0.342,-0.300
1776728527,266635963,robot_4,0.128,-0.783
1776728527,266654058,robot_1,0.397,1.669
1776728527,266670833,robot_2,-1.154,0.704
1776728527,485611726,robot_0,1.301,0.003
1776728527,485626634,robot_3,-0.342,-0.301
1776728527,485633169,robot_4,0.128,-0.783
1776728527,485638450,robot_1,0.397,1.669
1776728527,485643305,robot_2,-1.154,0.703
1776728527,687250867,robot_0,1.301,0.003
1776728527,687281423,robot_3,-0.341,-0.301
1776728527,687299084,robot_4,0.129,-0.783
1776728527,687311186,robot_1,0.396,1.669
1776728527,687321405,robot_2,-1.154,0.703
1776728527,905519216,robot_0,1.301,0.003
1776728527,905536551,robot_3,-0.341,-0.301
1776728527,905545037,robot_4,0.129,-0.783
1776728527,905550990,robot_1,0.396,1.669
1776728527,905556687,robot_2,-1.154,0.702
1776728528,107052825,robot_0,1.301,0.003
1776728528,107072188,robot_3,-0.341,-0.301
1776728528,107081897,robot_4,0.130,-0.783
1776728528,107089003,robot_1,0.396,1.668
1776728528,107095572,robot_2,-1.153,0.702
1776728528,326859123,robot_0,1.301,0.003
1776728528,326885099,robot_3,-0.340,-0.302
1776728528,326895602,robot_4,0.130,-0.783
1776728528,326904540,robot_1,0.395,1.668
1776728528,326912443,robot_2,-1.153,0.702
1776728528,546906576,robot_0,1.300,0.004
1776728528,546933807,robot_3,-0.340,-0.302
1776728528,546945531,robot_4,0.130,-0.783
1776728528,546954894,robot_1,0.395,1.668
1776728528,546963729,robot_2,-1.152,0.702
1776728528,766647088,robot_0,1.300,0.004
1776728528,766674652,robot_3,-0.339,-0.302
1776728528,766690466,robot_4,0.131,-0.782
1776728528,766704010,robot_1,0.395,1.667
1776728528,766715440,robot_2,-1.152,0.702
1776728528,966733647,robot_0,1.300,0.004
1776728528,966753077,robot_3,-0.339,-0.302
1776728528,966762159,robot_4,0.131,-0.782
1776728528,966768763,robot_1,0.395,1.667
1776728528,966775233,robot_2,-1.151,0.702
1776728529,166811295,robot_0,1.299,0.005
1776728529,166835188,robot_3,-0.339,-0.302
1776728529,166848180,robot_4,0.131,-0.782
1776728529,166854561,robot_1,0.395,1.666
1776728529,166860776,robot_2,-1.151,0.702
1776728529,386613690,robot_0,1.299,0.005
1776728529,386635595,robot_3,-0.338,-0.301
1776728529,386645427,robot_4,0.131,-0.782
1776728529,386653016,robot_1,0.395,1.666
1776728529,386659927,robot_2,-1.151,0.702
1776728529,586794723,robot_0,1.299,0.005
1776728529,586817145,robot_3,-0.338,-0.301
1776728529,586826075,robot_4,0.131,-0.782
1776728529,586836200,robot_1,0.395,1.666
1776728529,586844815,robot_2,-1.151,0.702
1776728529,805986076,robot_0,1.298,0.005
1776728529,806007570,robot_3,-0.338,-0.301
1776728529,806014687,robot_4,0.130,-0.782
1776728529,806020781,robot_1,0.429,1.680
1776728529,806027021,robot_2,-1.151,0.702
1776728530,26485916,robot_0,1.298,0.005
1776728530,26506099,robot_3,-0.337,-0.300
1776728530,26515967,robot_4,0.130,-0.783
1776728530,26523604,robot_1,0.473,1.700
1776728530,26530939,robot_2,-1.150,0.703
1776728530,246581687,robot_0,1.297,0.005
1776728530,246613971,robot_3,-0.337,-0.300
1776728530,246628534,robot_4,0.129,-0.783
1776728530,246639263,robot_1,0.512,1.720
1776728530,246649492,robot_2,-1.150,0.703
1776728530,446714934,robot_0,1.297,0.004
1776728530,446733069,robot_3,-0.337,-0.299
1776728530,446740147,robot_4,0.129,-0.783
1776728530,446746622,robot_1,0.550,1.738
1776728530,446752169,robot_2,-1.150,0.703
1776728530,646764020,robot_0,1.297,0.004
1776728530,646787835,robot_3,-0.337,-0.299
1776728530,646797149,robot_4,0.128,-0.783
1776728530,646804681,robot_1,0.569,1.748
1776728530,646811077,robot_2,-1.150,0.704
1776728530,866334468,robot_0,1.296,0.004
1776728530,866351231,robot_3,-0.337,-0.299
1776728530,866358103,robot_4,0.128,-0.783
1776728530,866364087,robot_1,0.569,1.747
1776728530,866369083,robot_2,-1.150,0.704
1776728531,87061787,robot_0,1.296,0.003
1776728531,87084522,robot_3,-0.373,-0.303
1776728531,87095971,robot_4,0.127,-0.783
1776728531,87105260,robot_1,0.569,1.747
1776728531,87113610,robot_2,-1.150,0.705
1776728531,287517614,robot_0,1.296,0.003
1776728531,287536400,robot_3,-0.438,-0.308
1776728531,287543190,robot_4,0.127,-0.782
1776728531,287548439,robot_1,0.569,1.747
1776728531,287554124,robot_2,-1.150,0.705
1776728531,506297449,robot_0,1.296,0.002
1776728531,506315285,robot_3,-0.447,-0.309
1776728531,506323716,robot_4,0.144,-0.755
1776728531,506330096,robot_1,0.570,1.747
1776728531,506336710,robot_2,-1.150,0.706
1776728531,726088783,robot_0,1.296,0.002
1776728531,726103079,robot_3,-0.447,-0.309
1776728531,726109630,robot_4,0.159,-0.727
1776728531,726114859,robot_1,0.570,1.747
1776728531,726120652,robot_2,-1.150,0.706
1776728531,926109109,robot_0,1.296,0.002
1776728531,926123178,robot_3,-0.447,-0.308
1776728531,926129723,robot_4,0.159,-0.727
1776728531,926135159,robot_1,0.571,1.746
1776728531,926140179,robot_2,-1.151,0.706
1776728532,146333772,robot_0,1.296,0.002
1776728532,146352761,robot_3,-0.448,-0.308
1776728532,146361732,robot_4,0.160,-0.727
1776728532,146368280,robot_1,0.571,1.747
1776728532,146374569,robot_2,-1.151,0.707
1776728532,366990256,robot_0,1.296,0.002
1776728532,367018578,robot_3,-0.448,-0.308
1776728532,367033808,robot_4,0.160,-0.727
1776728532,367047427,robot_1,0.572,1.747
1776728532,367059157,robot_2,-1.152,0.707
1776728532,585702581,robot_0,1.296,0.001
1776728532,585720377,robot_3,-0.448,-0.307
1776728532,585728121,robot_4,0.161,-0.727
1776728532,585734688,robot_1,0.572,1.747
1776728532,585740017,robot_2,-1.152,0.707
1776728532,786563059,robot_0,1.297,0.001
1776728532,786582151,robot_3,-0.449,-0.307
1776728532,786588986,robot_4,0.161,-0.727
1776728532,786594485,robot_1,0.572,1.747
1776728532,786599869,robot_2,-1.152,0.707
1776728532,986986165,robot_0,1.297,0.001
1776728532,987002691,robot_3,-0.449,-0.307
1776728532,987010464,robot_4,0.162,-0.727
1776728532,987016258,robot_1,0.573,1.748
1776728532,987022132,robot_2,-1.153,0.707
1776728533,187830249,robot_0,1.297,0.000
1776728533,187860420,robot_3,-0.450,-0.307
1776728533,187875668,robot_4,0.162,-0.727
1776728533,187887736,robot_1,0.573,1.748
1776728533,187899548,robot_2,-1.153,0.707
1776728533,407078985,robot_0,1.298,0.000
1776728533,407099168,robot_3,-0.450,-0.307
1776728533,407109057,robot_4,0.162,-0.726
1776728533,407116835,robot_1,0.573,1.748
1776728533,407124118,robot_2,-1.152,0.704
1776728533,626292608,robot_0,1.298,0.000
1776728533,626314842,robot_3,-0.450,-0.307
1776728533,626322823,robot_4,0.162,-0.726
1776728533,626328464,robot_1,0.573,1.749
1776728533,626333665,robot_2,-1.135,0.654
1776728533,845203986,robot_0,1.299,0.000
1776728533,845222758,robot_3,-0.451,-0.307
1776728533,845229037,robot_4,0.163,-0.725
1776728533,845234286,robot_1,0.573,1.749
1776728533,845239504,robot_2,-1.127,0.631
1776728534,45665234,robot_0,1.299,0.000
1776728534,45686363,robot_3,-0.451,-0.308
1776728534,45693034,robot_4,0.163,-0.725
1776728534,45698276,robot_1,0.573,1.750
1776728534,45703668,robot_2,-1.127,0.631
1776728534,245789645,robot_0,1.299,0.000
1776728534,245816407,robot_3,-0.451,-0.308
1776728534,245828030,robot_4,0.163,-0.724
1776728534,245837506,robot_1,0.573,1.750
1776728534,245846505,robot_2,-1.128,0.631
1776728534,446256628,robot_0,1.300,0.001
1776728534,446279585,robot_3,-0.452,-0.308
1776728534,446290231,robot_4,0.162,-0.724
1776728534,446298106,robot_1,0.553,1.742
1776728534,446305546,robot_2,-1.128,0.631
1776728534,646526378,robot_0,1.300,0.001
1776728534,646549528,robot_3,-0.452,-0.309
1776728534,646560659,robot_4,0.162,-0.724
1776728534,646570688,robot_1,0.518,1.728
1776728534,646580029,robot_2,-1.128,0.630
1776728534,866971202,robot_0,1.300,0.001
1776728534,866998401,robot_3,-0.452,-0.309
1776728534,867011127,robot_4,0.162,-0.723
1776728534,867022303,robot_1,0.517,1.728
1776728534,867032244,robot_2,-1.128,0.630
1776728535,86759837,robot_0,1.301,0.002
1776728535,86783467,robot_3,-0.452,-0.309
1776728535,86796012,robot_4,0.162,-0.723
1776728535,86806341,robot_1,0.517,1.728
1776728535,86815813,robot_2,-1.128,0.629
1776728535,287037036,robot_0,1.301,0.002
1776728535,287061657,robot_3,-0.452,-0.309
1776728535,287070786,robot_4,0.161,-0.723
1776728535,287078560,robot_1,0.516,1.728
1776728535,287085548,robot_2,-1.128,0.629
1776728535,506417555,robot_0,1.301,0.002
1776728535,506442950,robot_3,-0.452,-0.309
1776728535,506455643,robot_4,0.161,-0.723
1776728535,506465782,robot_1,0.516,1.729
1776728535,506475822,robot_2,-1.128,0.629
1776728535,706532990,robot_0,1.280,0.004
1776728535,706552316,robot_3,-0.452,-0.310
1776728535,706561978,robot_4,0.161,-0.723
1776728535,706569828,robot_1,0.515,1.729
1776728535,706577732,robot_2,-1.128,0.628
1776728535,925234317,robot_0,1.241,0.007
1776728535,925249654,robot_3,-0.452,-0.310
1776728535,925256482,robot_4,0.161,-0.723
1776728535,925262114,robot_1,0.515,1.729
1776728535,925267684,robot_2,-1.128,0.628
1776728536,125678916,robot_0,1.241,0.007
1776728536,125697030,robot_3,-0.452,-0.310
1776728536,125704383,robot_4,0.161,-0.723
1776728536,125709857,robot_1,0.515,1.729
1776728536,125714980,robot_2,-1.128,0.627
1776728536,325796376,robot_0,1.241,0.008
1776728536,325815130,robot_3,-0.451,-0.311
1776728536,325822126,robot_4,0.160,-0.722
1776728536,325827775,robot_1,0.514,1.729
1776728536,325832676,robot_2,-1.127,0.627
1776728536,526054266,robot_0,1.241,0.008
1776728536,526069646,robot_3,-0.451,-0.311
1776728536,526076567,robot_4,0.160,-0.723
1776728536,526081696,robot_1,0.514,1.729
1776728536,526086346,robot_2,-1.127,0.627
1776728536,745317224,robot_0,1.240,0.009
1776728536,745331317,robot_3,-0.451,-0.311
1776728536,745338158,robot_4,0.159,-0.723
1776728536,745342724,robot_1,0.513,1.729
1776728536,745348047,robot_2,-1.126,0.627
1776728536,945568124,robot_0,1.240,0.009
1776728536,945584407,robot_3,-0.450,-0.312
1776728536,945591528,robot_4,0.159,-0.723
1776728536,945597080,robot_1,0.513,1.728
1776728536,945602459,robot_2,-1.126,0.627
1776728537,146431274,robot_0,1.240,0.009
1776728537,146452590,robot_3,-0.450,-0.312
1776728537,146462989,robot_4,0.159,-0.723
1776728537,146471500,robot_1,0.513,1.728
1776728537,146478902,robot_2,-1.126,0.627
1776728537,366037223,robot_0,1.239,0.009
1776728537,366058084,robot_3,-0.449,-0.312
1776728537,366066786,robot_4,0.158,-0.723
1776728537,366073639,robot_1,0.512,1.728
1776728537,366080511,robot_2,-1.125,0.627
1776728537,566132810,robot_0,1.239,0.010
1776728537,566151559,robot_3,-0.449,-0.312
1776728537,566160997,robot_4,0.158,-0.724
1776728537,566168353,robot_1,0.512,1.727
1776728537,566175841,robot_2,-1.125,0.627
1776728537,766709669,robot_0,1.239,0.010
1776728537,766730305,robot_3,-0.449,-0.311
1776728537,766739649,robot_4,0.158,-0.724
1776728537,766747696,robot_1,0.512,1.727
1776728537,766755584,robot_2,-1.133,0.659
1776728537,986902251,robot_0,1.238,0.010
1776728537,986916734,robot_3,-0.448,-0.311
1776728537,986923709,robot_4,0.158,-0.724
1776728537,986928943,robot_1,0.512,1.726
1776728537,986934274,robot_2,-1.140,0.685
1776728538,187073146,robot_0,1.238,0.010
1776728538,187102105,robot_3,-0.448,-0.311
1776728538,187115033,robot_4,0.158,-0.724
1776728538,187125431,robot_1,0.512,1.726
1776728538,187135153,robot_2,-1.140,0.685
1776728538,406488661,robot_0,1.237,0.009
1776728538,406509091,robot_3,-0.448,-0.311
1776728538,406518886,robot_4,0.158,-0.724
1776728538,406526762,robot_1,0.512,1.726
1776728538,406534260,robot_2,-1.140,0.685
1776728538,626679249,robot_0,1.237,0.009
1776728538,626706094,robot_3,-0.447,-0.310
1776728538,626719976,robot_4,0.158,-0.725
1776728538,626732183,robot_1,0.513,1.726
1776728538,626742432,robot_2,-1.139,0.686
1776728538,846030696,robot_0,1.237,0.009
1776728538,846053923,robot_3,-0.447,-0.310
1776728538,846062959,robot_4,0.158,-0.725
1776728538,846070268,robot_1,0.538,1.733
1776728538,846077343,robot_2,-1.139,0.686
1776728539,47202214,robot_0,1.236,0.008
1776728539,47231875,robot_3,-0.447,-0.309
1776728539,47245473,robot_4,0.158,-0.726
1776728539,47256310,robot_1,0.547,1.736
1776728539,47267485,robot_2,-1.139,0.687
1776728539,247257997,robot_0,1.236,0.008
1776728539,247273178,robot_3,-0.447,-0.309
1776728539,247282504,robot_4,0.158,-0.726
1776728539,247288232,robot_1,0.547,1.736
1776728539,247293461,robot_2,-1.139,0.687
1776728539,466940708,robot_0,1.236,0.008
1776728539,466958187,robot_3,-0.447,-0.309
1776728539,466966059,robot_4,0.158,-0.726
1776728539,466972057,robot_1,0.547,1.736
1776728539,466977616,robot_2,-1.139,0.687
1776728539,687402817,robot_0,1.237,0.007
1776728539,687423719,robot_3,-0.447,-0.310
1776728539,687434502,robot_4,0.159,-0.727
1776728539,687442256,robot_1,0.548,1.735
1776728539,687450129,robot_2,-1.139,0.688
1776728539,906547307,robot_0,1.293,-0.002
1776728539,906578553,robot_3,-0.448,-0.310
1776728539,906591571,robot_4,0.159,-0.727
1776728539,906601701,robot_1,0.548,1.735
1776728539,906611118,robot_2,-1.139,0.688
1776728540,125937385,robot_0,1.332,-0.008
1776728540,125953383,robot_3,-0.448,-0.311
1776728540,125960837,robot_4,0.168,-0.713
1776728540,125967038,robot_1,0.549,1.735
1776728540,125973156,robot_2,-1.139,0.689
1776728540,345217755,robot_0,1.332,-0.008
1776728540,345237346,robot_3,-0.449,-0.311
1776728540,345243734,robot_4,0.204,-0.650
1776728540,345249307,robot_1,0.549,1.735
1776728540,345254148,robot_2,-1.139,0.689
1776728540,546710557,robot_0,1.332,-0.009
1776728540,546731095,robot_3,-0.449,-0.311
1776728540,546740780,robot_4,0.211,-0.638
1776728540,546748753,robot_1,0.550,1.735
1776728540,546756405,robot_2,-1.140,0.689
1776728540,747026093,robot_0,1.332,-0.009
1776728540,747047090,robot_3,-0.449,-0.311
1776728540,747056517,robot_4,0.211,-0.639
1776728540,747064239,robot_1,0.550,1.735
1776728540,747071021,robot_2,-1.140,0.690
1776728540,947911384,robot_0,1.332,-0.010
1776728540,947935927,robot_3,-0.450,-0.311
1776728540,947946885,robot_4,0.212,-0.639
1776728540,947955170,robot_1,0.550,1.735
1776728540,947963758,robot_2,-1.140,0.690
1776728541,166833723,robot_0,1.332,-0.010
1776728541,166849054,robot_3,-0.450,-0.311
1776728541,166856000,robot_4,0.212,-0.639
1776728541,166861222,robot_1,0.551,1.735
1776728541,166866095,robot_2,-1.141,0.690
1776728541,385900650,robot_0,1.333,-0.010
1776728541,385917760,robot_3,-0.450,-0.311
1776728541,385924398,robot_4,0.213,-0.639
1776728541,385929794,robot_1,0.551,1.736
1776728541,385934951,robot_2,-1.141,0.690
1776728541,586496125,robot_0,1.333,-0.010
1776728541,586513852,robot_3,-0.450,-0.311
1776728541,586523242,robot_4,0.213,-0.638
1776728541,586530432,robot_1,0.551,1.736
1776728541,586536997,robot_2,-1.142,0.689
1776728541,805935552,robot_0,1.333,-0.011
1776728541,805964468,robot_3,-0.450,-0.311
1776728541,805980442,robot_4,0.214,-0.638
1776728541,805992017,robot_1,0.552,1.736
1776728541,806004009,robot_2,-1.136,0.656
1776728542,25247528,robot_0,1.334,-0.011
1776728542,25262590,robot_3,-0.450,-0.311
1776728542,25268912,robot_4,0.214,-0.638
1776728542,25274406,robot_1,0.552,1.737
1776728542,25283611,robot_2,-1.131,0.615
1776728542,225954088,robot_0,1.334,-0.011
1776728542,225973805,robot_3,-0.449,-0.311
1776728542,225983172,robot_4,0.214,-0.637
1776728542,225990647,robot_1,0.552,1.737
1776728542,225997714,robot_2,-1.127,0.580
1776728542,427293331,robot_0,1.335,-0.011
1776728542,427314424,robot_3,-0.449,-0.311
1776728542,427325069,robot_4,0.214,-0.637
1776728542,427333349,robot_1,0.552,1.738
1776728542,427341728,robot_2,-1.127,0.580
1776728542,646925442,robot_0,1.335,-0.010
1776728542,646944805,robot_3,-0.449,-0.310
1776728542,646954488,robot_4,0.214,-0.637
1776728542,646961739,robot_1,0.552,1.738
1776728542,646969091,robot_2,-1.127,0.580
1776728542,867457805,robot_0,1.336,-0.010
1776728542,867473073,robot_3,-0.448,-0.310
1776728542,867480079,robot_4,0.214,-0.636
1776728542,867485364,robot_1,0.547,1.737
1776728542,867490492,robot_2,-1.128,0.580
1776728543,86361088,robot_0,1.336,-0.010
1776728543,86379404,robot_3,-0.448,-0.310
1776728543,86388039,robot_4,0.214,-0.636
1776728543,86394514,robot_1,0.504,1.728
1776728543,86401705,robot_2,-1.128,0.579
1776728543,288641366,robot_0,1.336,-0.009
1776728543,288661525,robot_3,-0.448,-0.309
1776728543,288668430,robot_4,0.214,-0.635
1776728543,288673792,robot_1,0.493,1.725
1776728543,288678995,robot_2,-1.129,0.579
1776728543,506747782,robot_0,1.336,-0.009
1776728543,506768052,robot_3,-0.448,-0.309
1776728543,506777784,robot_4,0.214,-0.635
1776728543,506785795,robot_1,0.493,1.725
1776728543,506793700,robot_2,-1.129,0.579
1776728543,726226882,robot_0,1.336,-0.009
1776728543,726243196,robot_3,-0.448,-0.308
1776728543,726251438,robot_4,0.214,-0.635
1776728543,726257965,robot_1,0.493,1.726
1776728543,726263953,robot_2,-1.129,0.578
1776728543,927117639,robot_0,1.336,-0.009
1776728543,927135516,robot_3,-0.448,-0.308
1776728543,927144553,robot_4,0.213,-0.634
1776728543,927150732,robot_1,0.492,1.726
1776728543,927156897,robot_2,-1.129,0.578
1776728544,146502291,robot_0,1.308,-0.002
1776728544,146517765,robot_3,-0.448,-0.308
1776728544,146525284,robot_4,0.212,-0.635
1776728544,146531037,robot_1,0.492,1.726
1776728544,146536274,robot_2,-1.129,0.577
1776728544,366703654,robot_0,1.260,0.010
1776728544,366721153,robot_3,-0.449,-0.307
1776728544,366729046,robot_4,0.189,-0.669
1776728544,366736103,robot_1,0.491,1.727
1776728544,366741396,robot_2,-1.129,0.577
1776728544,586949637,robot_0,1.206,0.022
1776728544,586970356,robot_3,-0.449,-0.307
1776728544,586980300,robot_4,0.172,-0.694
1776728544,586988511,robot_1,0.491,1.727
1776728544,586996317,robot_2,-1.129,0.576
1776728544,789558950,robot_0,1.198,0.024
1776728544,789584324,robot_3,-0.450,-0.307
1776728544,789594113,robot_4,0.163,-0.706
1776728544,789602092,robot_1,0.491,1.727
1776728544,789609793,robot_2,-1.128,0.576
1776728545,5654886,robot_0,1.198,0.024
1776728545,5671116,robot_3,-0.450,-0.307
1776728545,5678194,robot_4,0.163,-0.706
1776728545,5683706,robot_1,0.490,1.727
1776728545,5688767,robot_2,-1.128,0.576
1776728545,206603993,robot_0,1.198,0.025
1776728545,206625906,robot_3,-0.450,-0.307
1776728545,206637769,robot_4,0.162,-0.706
1776728545,206646082,robot_1,0.490,1.727
1776728545,206655205,robot_2,-1.128,0.575
1776728545,425443279,robot_0,1.197,0.025
1776728545,425457755,robot_3,-0.452,-0.316
1776728545,425464371,robot_4,0.162,-0.706
1776728545,425469820,robot_1,0.489,1.726
1776728545,425474730,robot_2,-1.127,0.575
1776728545,626836400,robot_0,1.197,0.025
1776728545,626872210,robot_3,-0.458,-0.340
1776728545,626890910,robot_4,0.162,-0.706
1776728545,626905683,robot_1,0.489,1.726
1776728545,626919185,robot_2,-1.127,0.575
1776728545,845197637,robot_0,1.197,0.026
1776728545,845217096,robot_3,-0.459,-0.342
1776728545,845224301,robot_4,0.161,-0.706
1776728545,845229769,robot_1,0.489,1.726
1776728545,845234621,robot_2,-1.126,0.575
1776728546,45546485,robot_0,1.196,0.026
1776728546,45567254,robot_3,-0.459,-0.342
1776728546,45574004,robot_4,0.161,-0.706
1776728546,45579620,robot_1,0.488,1.725
1776728546,45584614,robot_2,-1.127,0.615
1776728546,246356485,robot_0,1.196,0.026
1776728546,246378972,robot_3,-0.459,-0.342
1776728546,246388368,robot_4,0.160,-0.707
1776728546,246397017,robot_1,0.488,1.725
1776728546,246404730,robot_2,-1.129,0.674
1776728546,465640258,robot_0,1.196,0.026
1776728546,465655425,robot_3,-0.460,-0.343
1776728546,465662000,robot_4,0.160,-0.707
1776728546,465667319,robot_1,0.488,1.725
1776728546,465672011,robot_2,-1.131,0.718
1776728546,667134660,robot_0,1.195,0.026
1776728546,667164033,robot_3,-0.460,-0.343
1776728546,667181158,robot_4,0.160,-0.707
1776728546,667193351,robot_1,0.488,1.724
1776728546,667204982,robot_2,-1.132,0.753
1776728546,885480239,robot_0,1.195,0.026
1776728546,885496056,robot_3,-0.461,-0.343
1776728546,885502760,robot_4,0.160,-0.708
1776728546,885508002,robot_1,0.488,1.724
1776728546,885512901,robot_2,-1.133,0.795
1776728547,86730314,robot_0,1.194,0.026
1776728547,86745796,robot_3,-0.461,-0.343
1776728547,86753497,robot_4,0.159,-0.708
1776728547,86759402,robot_1,0.527,1.730
1776728547,86765292,robot_2,-1.134,0.834
1776728547,306240009,robot_0,1.194,0.026
1776728547,306260412,robot_3,-0.461,-0.344
1776728547,306267232,robot_4,0.159,-0.708
1776728547,306272536,robot_1,0.591,1.740
1776728547,306281651,robot_2,-1.135,0.864
1776728547,525862156,robot_0,1.194,0.026
1776728547,525882739,robot_3,-0.461,-0.344
1776728547,525891575,robot_4,0.159,-0.709
1776728547,525898561,robot_1,0.635,1.748
1776728547,525905228,robot_2,-1.135,0.904
1776728547,749019067,robot_0,1.193,0.025
1776728547,749046270,robot_3,-0.461,-0.345
1776728547,749062267,robot_4,0.160,-0.709
1776728547,749070762,robot_1,0.711,1.762
1776728547,749079130,robot_2,-1.134,0.939
1776728547,966824013,robot_0,1.193,0.025
1776728547,966845478,robot_3,-0.461,-0.345
1776728547,966856266,robot_4,0.160,-0.710
1776728547,966865024,robot_1,0.768,1.773
1776728547,966873128,robot_2,-1.134,0.939
1776728548,187053790,robot_0,1.193,0.024
1776728548,187072324,robot_3,-0.461,-0.346
1776728548,187081076,robot_4,0.160,-0.710
1776728548,187090025,robot_1,0.803,1.779
1776728548,187098402,robot_2,-1.134,0.939
1776728548,405854369,robot_0,1.213,0.018
1776728548,405869126,robot_3,-0.461,-0.346
1776728548,405875869,robot_4,0.160,-0.710
1776728548,405881170,robot_1,0.803,1.779
1776728548,405886162,robot_2,-1.134,0.939
1776728548,625183236,robot_0,1.250,0.007
1776728548,625197883,robot_3,-0.460,-0.346
1776728548,625204651,robot_4,0.170,-0.699
1776728548,625210073,robot_1,0.803,1.779
1776728548,625214890,robot_2,-1.133,0.940
1776728548,825607324,robot_0,1.250,0.007
1776728548,825626153,robot_3,-0.460,-0.347
1776728548,825633330,robot_4,0.195,-0.668
1776728548,825638944,robot_1,0.803,1.778
1776728548,825643986,robot_2,-1.133,0.940
1776728549,25841466,robot_0,1.250,0.006
1776728549,25861545,robot_3,-0.460,-0.347
1776728549,25868952,robot_4,0.199,-0.664
1776728549,25874513,robot_1,0.803,1.778
1776728549,25881683,robot_2,-1.133,0.940
1776728549,226879574,robot_0,1.250,0.006
1776728549,226899529,robot_3,-0.459,-0.347
1776728549,226908966,robot_4,0.199,-0.664
1776728549,226916118,robot_1,0.804,1.778
1776728549,226923290,robot_2,-1.132,0.941
1776728549,445286285,robot_0,1.251,0.006
1776728549,445302193,robot_3,-0.449,-0.312
1776728549,445308218,robot_4,0.200,-0.664
1776728549,445314096,robot_1,0.804,1.777
1776728549,445319279,robot_2,-1.132,0.941
1776728549,646928295,robot_0,1.251,0.005
1776728549,646953512,robot_3,-0.442,-0.289
1776728549,646963646,robot_4,0.200,-0.664
1776728549,646972457,robot_1,0.805,1.777
1776728549,646981102,robot_2,-1.132,0.941
1776728549,866684976,robot_0,1.251,0.005
1776728549,866717295,robot_3,-0.442,-0.289
1776728549,866734281,robot_4,0.200,-0.664
1776728549,866748405,robot_1,0.805,1.777
1776728549,866760411,robot_2,-1.132,0.942
1776728550,66974237,robot_0,1.251,0.005
1776728550,66997031,robot_3,-0.441,-0.289
1776728550,67010122,robot_4,0.201,-0.664
1776728550,67019609,robot_1,0.806,1.777
1776728550,67028508,robot_2,-1.133,0.942
1776728550,267013564,robot_0,1.252,0.004
1776728550,267041342,robot_3,-0.441,-0.289
1776728550,267057494,robot_4,0.201,-0.664
1776728550,267070870,robot_1,0.806,1.778
1776728550,267083366,robot_2,-1.133,0.943
1776728550,485325042,robot_0,1.252,0.004
1776728550,485339324,robot_3,-0.440,-0.289
1776728550,485345851,robot_4,0.202,-0.664
1776728550,485351170,robot_1,0.806,1.778
1776728550,485356134,robot_2,-1.133,0.943
1776728550,686985750,robot_0,1.253,0.004
1776728550,687009035,robot_3,-0.440,-0.289
1776728550,687018312,robot_4,0.202,-0.664
1776728550,687026850,robot_1,0.807,1.778
1776728550,687033943,robot_2,-1.133,0.943
1776728550,905734417,robot_0,1.253,0.004
1776728550,905751082,robot_3,-0.440,-0.289
1776728550,905759211,robot_4,0.202,-0.663
1776728550,905765242,robot_1,0.807,1.778
1776728550,905770989,robot_2,-1.134,0.944
1776728551,125317593,robot_0,1.253,0.004
1776728551,125332300,robot_3,-0.439,-0.288
1776728551,125338819,robot_4,0.202,-0.663
1776728551,125344388,robot_1,0.807,1.779
1776728551,125349379,robot_2,-1.134,0.944
1776728551,325633686,robot_0,1.254,0.004
1776728551,325653150,robot_3,-0.439,-0.288
1776728551,325660646,robot_4,0.202,-0.662
1776728551,325666290,robot_1,0.807,1.779
1776728551,325671834,robot_2,-1.135,0.944
1776728551,526950788,robot_0,1.254,0.005
1776728551,526968534,robot_3,-0.439,-0.288
1776728551,526977134,robot_4,0.203,-0.662
1776728551,526983671,robot_1,0.807,1.780
1776728551,526990335,robot_2,-1.137,0.914
1776728551,747384110,robot_0,1.255,0.005
1776728551,747403813,robot_3,-0.439,-0.287
1776728551,747412905,robot_4,0.202,-0.662
1776728551,747420196,robot_1,0.807,1.780
1776728551,747427296,robot_2,-1.142,0.865
1776728551,966216710,robot_0,1.255,0.005
1776728551,966240233,robot_3,-0.439,-0.287
1776728551,966252066,robot_4,0.202,-0.661
1776728551,966262029,robot_1,0.802,1.780
1776728551,966271121,robot_2,-1.142,0.864
1776728552,166508239,robot_0,1.255,0.006
1776728552,166538833,robot_3,-0.439,-0.286
1776728552,166556846,robot_4,0.202,-0.661
1776728552,166571961,robot_1,0.739,1.772
1776728552,166585788,robot_2,-1.142,0.864
1776728552,387295276,robot_0,1.255,0.006
1776728552,387319771,robot_3,-0.439,-0.286
1776728552,387331579,robot_4,0.202,-0.660
1776728552,387340789,robot_1,0.682,1.764
1776728552,387350176,robot_2,-1.143,0.864
1776728552,605958626,robot_0,1.231,0.015
1776728552,605972885,robot_3,-0.440,-0.285
1776728552,605980186,robot_4,0.202,-0.660
1776728552,605986309,robot_1,0.651,1.760
1776728552,605993119,robot_2,-1.143,0.864
1776728552,825692379,robot_0,1.166,0.041
1776728552,825710507,robot_3,-0.440,-0.285
1776728552,825717151,robot_4,0.175,-0.688
1776728552,825722160,robot_1,0.651,1.760
1776728552,825727277,robot_2,-1.143,0.864
1776728553,26930260,robot_0,1.128,0.056
1776728553,26950032,robot_3,-0.440,-0.285
1776728553,26959628,robot_4,0.154,-0.709
1776728553,26967858,robot_1,0.651,1.760
1776728553,26975306,robot_2,-1.144,0.863
1776728553,227452883,robot_0,1.114,0.062
1776728553,227478301,robot_3,-0.441,-0.285
1776728553,227489622,robot_4,0.154,-0.709
1776728553,227498847,robot_1,0.650,1.761
1776728553,227507502,robot_2,-1.144,0.863
1776728553,445827405,robot_0,1.114,0.062
1776728553,445843156,robot_3,-0.441,-0.285
1776728553,445850709,robot_4,0.154,-0.709
1776728553,445856751,robot_1,0.650,1.761
1776728553,445862237,robot_2,-1.144,0.862
1776728553,646066223,robot_0,1.114,0.062
1776728553,646088675,robot_3,-0.456,-0.322
1776728553,646100646,robot_4,0.153,-0.708
1776728553,646110276,robot_1,0.650,1.761
1776728553,646118831,robot_2,-1.144,0.862
1776728553,866090599,robot_0,1.114,0.063
1776728553,866107790,robot_3,-0.466,-0.346
1776728553,866114282,robot_4,0.153,-0.708
1776728553,866119522,robot_1,0.649,1.762
1776728553,866124040,robot_2,-1.144,0.862
1776728554,85290929,robot_0,1.114,0.063
1776728554,85306420,robot_3,-0.466,-0.346
1776728554,85313403,robot_4,0.152,-0.708
1776728554,85318721,robot_1,0.649,1.762
1776728554,85323819,robot_2,-1.144,0.861
1776728554,286740267,robot_0,1.114,0.063
1776728554,286762559,robot_3,-0.466,-0.346
1776728554,286770419,robot_4,0.152,-0.708
1776728554,286776540,robot_1,0.648,1.762
1776728554,286783204,robot_2,-1.144,0.861
1776728554,505138010,robot_0,1.114,0.064
1776728554,505152360,robot_3,-0.467,-0.346
1776728554,505159204,robot_4,0.152,-0.709
1776728554,505164340,robot_1,0.648,1.762
1776728554,505169450,robot_2,-1.143,0.860
1776728554,706813083,robot_0,1.113,0.064
1776728554,706834309,robot_3,-0.467,-0.346
1776728554,706842932,robot_4,0.151,-0.709
1776728554,706850820,robot_1,0.648,1.762
1776728554,706856971,robot_2,-1.143,0.860
1776728554,925283391,robot_0,1.113,0.064
1776728554,925299660,robot_3,-0.468,-0.347
1776728554,925306782,robot_4,0.151,-0.709
1776728554,925312310,robot_1,0.647,1.761
1776728554,925317297,robot_2,-1.143,0.860
1776728555,144929545,robot_0,1.113,0.064
1776728555,144944237,robot_3,-0.468,-0.347
1776728555,144951097,robot_4,0.151,-0.710
1776728555,144956485,robot_1,0.647,1.761
1776728555,144961516,robot_2,-1.142,0.860
1776728555,346139015,robot_0,1.112,0.065
1776728555,346157904,robot_3,-0.468,-0.347
1776728555,346165144,robot_4,0.151,-0.710
1776728555,346170509,robot_1,0.647,1.761
1776728555,346175274,robot_2,-1.142,0.860
1776728555,546719467,robot_0,1.112,0.065
1776728555,546737651,robot_3,-0.468,-0.348
1776728555,546746382,robot_4,0.150,-0.710
1776728555,546754134,robot_1,0.646,1.760
1776728555,546761628,robot_2,-1.140,0.868
1776728555,747267875,robot_0,1.111,0.064
1776728555,747287070,robot_3,-0.469,-0.348
1776728555,747295719,robot_4,0.150,-0.711
1776728555,747302632,robot_1,0.646,1.760
1776728555,747309394,robot_2,-1.134,0.908
1776728555,965649630,robot_0,1.111,0.064
1776728555,965665094,robot_3,-0.469,-0.348
1776728555,965672146,robot_4,0.150,-0.711
1776728555,965677378,robot_1,0.646,1.759
1776728555,965683020,robot_2,-1.132,0.919
1776728556,167706603,robot_0,1.110,0.064
1776728556,167738177,robot_3,-0.469,-0.349
1776728556,167756560,robot_4,0.151,-0.712
1776728556,167772729,robot_1,0.646,1.759
1776728556,167786987,robot_2,-1.131,0.919
1776728556,386188026,robot_0,1.110,0.064
1776728556,386203385,robot_3,-0.469,-0.349
1776728556,386211946,robot_4,0.151,-0.712
1776728556,386218386,robot_1,0.655,1.760
1776728556,386224444,robot_2,-1.131,0.919
1776728556,586360017,robot_0,1.110,0.063
1776728556,586382998,robot_3,-0.468,-0.350
1776728556,586394642,robot_4,0.151,-0.712
1776728556,586404064,robot_1,0.720,1.763
1776728556,586412792,robot_2,-1.131,0.919
1776728556,787020103,robot_0,1.110,0.063
1776728556,787039847,robot_3,-0.468,-0.350
1776728556,787046642,robot_4,0.156,-0.708
1776728556,787052015,robot_1,0.766,1.766
1776728556,787057508,robot_2,-1.130,0.919
1776728556,987628569,robot_0,1.110,0.063
1776728556,987656912,robot_3,-0.468,-0.350
1776728556,987671321,robot_4,0.187,-0.682
1776728556,987682651,robot_1,0.797,1.768
1776728556,987693433,robot_2,-1.130,0.920
1776728557,205218360,robot_0,1.133,0.051
1776728557,205232862,robot_3,-0.467,-0.351
1776728557,205239615,robot_4,0.197,-0.673
1776728557,205244454,robot_1,0.797,1.768
1776728557,205249524,robot_2,-1.130,0.920
1776728557,426286983,robot_0,1.200,0.018
1776728557,426303933,robot_3,-0.467,-0.351
1776728557,426311658,robot_4,0.197,-0.673
1776728557,426318301,robot_1,0.797,1.768
1776728557,426324593,robot_2,-1.129,0.920
1776728557,626849001,robot_0,1.208,0.015
1776728557,626865175,robot_3,-0.461,-0.339
1776728557,626871979,robot_4,0.197,-0.673
1776728557,626876960,robot_1,0.798,1.767
1776728557,626882266,robot_2,-1.129,0.921
1776728557,845357054,robot_0,1.208,0.014
1776728557,845375631,robot_3,-0.441,-0.301
1776728557,845382060,robot_4,0.198,-0.673
1776728557,845387301,robot_1,0.798,1.767
1776728557,845392589,robot_2,-1.129,0.921
1776728558,46532419,robot_0,1.208,0.014
1776728558,46552985,robot_3,-0.432,-0.282
1776728558,46562506,robot_4,0.198,-0.673
1776728558,46570227,robot_1,0.798,1.767
1776728558,46577664,robot_2,-1.129,0.922
1776728558,247271075,robot_0,1.208,0.013
1776728558,247292724,robot_3,-0.417,-0.253
1776728558,247301759,robot_4,0.198,-0.673
1776728558,247308657,robot_1,0.799,1.766
1776728558,247315529,robot_2,-1.129,0.922
1776728558,466248451,robot_0,1.208,0.013
1776728558,466264677,robot_3,-0.398,-0.216
1776728558,466272159,robot_4,0.199,-0.673
1776728558,466280549,robot_1,0.799,1.766
1776728558,466286232,robot_2,-1.130,0.923
1776728558,667517360,robot_0,1.208,0.013
1776728558,667537067,robot_3,-0.397,-0.214
1776728558,667546618,robot_4,0.199,-0.673
1776728558,667554847,robot_1,0.799,1.766
1776728558,667562452,robot_2,-1.130,0.923
1776728558,886588294,robot_0,1.208,0.012
1776728558,886617505,robot_3,-0.397,-0.215
1776728558,886633308,robot_4,0.200,-0.673
1776728558,886645716,robot_1,0.800,1.766
1776728558,886657139,robot_2,-1.130,0.923
1776728559,86990951,robot_0,1.209,0.012
1776728559,87011309,robot_3,-0.396,-0.215
1776728559,87022750,robot_4,0.200,-0.673
1776728559,87032877,robot_1,0.800,1.766
1776728559,87042197,robot_2,-1.130,0.923
1776728559,305394176,robot_0,1.209,0.012
1776728559,305412257,robot_3,-0.396,-0.215
1776728559,305419635,robot_4,0.200,-0.672
1776728559,305425450,robot_1,0.801,1.766
1776728559,305430693,robot_2,-1.131,0.924
1776728559,506316863,robot_0,1.209,0.011
1776728559,506336967,robot_3,-0.395,-0.214
1776728559,506347169,robot_4,0.200,-0.672
1776728559,506354803,robot_1,0.801,1.767
1776728559,506362319,robot_2,-1.131,0.924
1776728559,707301622,robot_0,1.210,0.011
1776728559,707323393,robot_3,-0.395,-0.214
1776728559,707333875,robot_4,0.201,-0.671
1776728559,707343131,robot_1,0.801,1.767
1776728559,707351419,robot_2,-1.136,0.906
1776728559,926628482,robot_0,1.210,0.011
1776728559,926648658,robot_3,-0.395,-0.214
1776728559,926658782,robot_4,0.201,-0.671
1776728559,926666669,robot_1,0.802,1.767
1776728559,926674413,robot_2,-1.145,0.869
1776728560,147071203,robot_0,1.211,0.012
1776728560,147089367,robot_3,-0.394,-0.214
1776728560,147097804,robot_4,0.200,-0.671
1776728560,147104676,robot_1,0.802,1.768
1776728560,147111276,robot_2,-1.156,0.827
1776728560,367169162,robot_0,1.211,0.012
1776728560,367199104,robot_3,-0.394,-0.213
1776728560,367213849,robot_4,0.200,-0.670
1776728560,367225864,robot_1,0.802,1.768
1776728560,367236511,robot_2,-1.163,0.799
1776728560,585283672,robot_0,1.211,0.012
1776728560,585302847,robot_3,-0.394,-0.213
1776728560,585311907,robot_4,0.200,-0.670
1776728560,585317862,robot_1,0.802,1.769
1776728560,585323349,robot_2,-1.167,0.784
1776728560,785531503,robot_0,1.212,0.012
1776728560,785551730,robot_3,-0.394,-0.212
1776728560,785558277,robot_4,0.200,-0.670
1776728560,785563802,robot_1,0.794,1.769
1776728560,785568883,robot_2,-1.167,0.784
1776728560,986613146,robot_0,1.212,0.013
1776728560,986643110,robot_3,-0.394,-0.212
1776728560,986658715,robot_4,0.171,-0.691
1776728560,986671517,robot_1,0.765,1.770
1776728560,986682565,robot_2,-1.167,0.784
1776728561,186922236,robot_0,1.212,0.013
1776728561,186941020,robot_3,-0.394,-0.212
1776728561,186949291,robot_4,0.121,-0.726
1776728561,186955837,robot_1,0.726,1.770
1776728561,186961988,robot_2,-1.168,0.784
1776728561,405381430,robot_0,1.210,0.014
1776728561,405397604,robot_3,-0.394,-0.211
1776728561,405403960,robot_4,0.085,-0.751
1776728561,405409636,robot_1,0.690,1.771
1776728561,405414616,robot_2,-1.168,0.784
1776728561,606424867,robot_0,1.177,0.034
1776728561,606449005,robot_3,-0.394,-0.211
1776728561,606460956,robot_4,0.032,-0.787
1776728561,606470275,robot_1,0.669,1.771
1776728561,606480044,robot_2,-1.168,0.784
1776728561,825719422,robot_0,1.160,0.044
1776728561,825737881,robot_3,-0.395,-0.210
1776728561,825744806,robot_4,-0.022,-0.821
1776728561,825750477,robot_1,0.627,1.770
1776728561,825756185,robot_2,-1.169,0.784
1776728562,45302269,robot_0,1.160,0.044
1776728562,45319069,robot_3,-0.395,-0.210
1776728562,45326001,robot_4,-0.059,-0.844
1776728562,45331767,robot_1,0.574,1.769
1776728562,45337424,robot_2,-1.169,0.783
1776728562,246703136,robot_0,1.161,0.044
1776728562,246728968,robot_3,-0.395,-0.210
1776728562,246738132,robot_4,-0.090,-0.863
1776728562,246745087,robot_1,0.524,1.768
1776728562,246752530,robot_2,-1.169,0.783
1776728562,466779600,robot_0,1.161,0.045
1776728562,466808659,robot_3,-0.397,-0.213
1776728562,466823578,robot_4,-0.126,-0.886
1776728562,466836228,robot_1,0.480,1.767
1776728562,466848789,robot_2,-1.169,0.782
1776728562,686522111,robot_0,1.161,0.045
1776728562,686539981,robot_3,-0.425,-0.258
1776728562,686548500,robot_4,-0.168,-0.912
1776728562,686555925,robot_1,0.445,1.767
1776728562,686562648,robot_2,-1.169,0.782
1776728562,886588063,robot_0,1.160,0.046
1776728562,886608310,robot_3,-0.435,-0.274
1776728562,886618160,robot_4,-0.220,-0.944
1776728562,886625849,robot_1,0.412,1.766
1776728562,886633529,robot_2,-1.169,0.782
1776728563,87569006,robot_0,1.160,0.046
1776728563,87598617,robot_3,-0.435,-0.274
1776728563,87614507,robot_4,-0.259,-0.967
1776728563,87624723,robot_1,0.372,1.765
1776728563,87632328,robot_2,-1.169,0.781
1776728563,307015585,robot_0,1.160,0.046
1776728563,307036796,robot_3,-0.436,-0.274
1776728563,307043467,robot_4,-0.305,-0.996
1776728563,307049140,robot_1,0.361,1.765
1776728563,307054612,robot_2,-1.169,0.781
1776728563,526596673,robot_0,1.160,0.047
1776728563,526613220,robot_3,-0.436,-0.274
1776728563,526621446,robot_4,-0.374,-1.037
1776728563,526638549,robot_1,0.361,1.765
1776728563,526644430,robot_2,-1.169,0.780
1776728563,746144945,robot_0,1.159,0.047
1776728563,746164174,robot_3,-0.437,-0.274
1776728563,746171057,robot_4,-0.415,-1.062
1776728563,746176513,robot_1,0.361,1.766
1776728563,746183133,robot_2,-1.168,0.780
1776728563,966822885,robot_0,1.159,0.047
1776728563,966838183,robot_3,-0.437,-0.274
1776728563,966844698,robot_4,-0.434,-1.073
1776728563,966850190,robot_1,0.361,1.766
1776728563,966855285,robot_2,-1.168,0.780
1776728564,185319950,robot_0,1.158,0.047
1776728564,185334428,robot_3,-0.438,-0.275
1776728564,185340992,robot_4,-0.434,-1.073
1776728564,185346058,robot_1,0.360,1.766
1776728564,185350864,robot_2,-1.168,0.780
1776728564,386105927,robot_0,1.158,0.047
1776728564,386129581,robot_3,-0.438,-0.275
1776728564,386137086,robot_4,-0.434,-1.073
1776728564,386143424,robot_1,0.360,1.767
1776728564,386149612,robot_2,-1.167,0.780
1776728564,586524481,robot_0,1.157,0.047
1776728564,586550093,robot_3,-0.438,-0.275
1776728564,586562256,robot_4,-0.434,-1.072
1776728564,586573151,robot_1,0.360,1.767
1776728564,586583163,robot_2,-1.156,0.815
1776728564,786711884,robot_0,1.157,0.047
1776728564,786737902,robot_3,-0.438,-0.276
1776728564,786749441,robot_4,-0.435,-1.072
1776728564,786758139,robot_1,0.359,1.767
1776728564,786766983,robot_2,-1.148,0.837
1776728565,5666807,robot_0,1.157,0.046
1776728565,5681775,robot_3,-0.439,-0.276
1776728565,5688517,robot_4,-0.435,-1.072
1776728565,5693827,robot_1,0.359,1.767
1776728565,5699028,robot_2,-1.148,0.837
1776728565,206308299,robot_0,1.156,0.046
1776728565,206325382,robot_3,-0.439,-0.276
1776728565,206333783,robot_4,-0.436,-1.072
1776728565,206340659,robot_1,0.358,1.767
1776728565,206346588,robot_2,-1.147,0.837
1776728565,407023990,robot_0,1.158,0.044
1776728565,407051669,robot_3,-0.439,-0.277
1776728565,407067049,robot_4,-0.436,-1.072
1776728565,407079299,robot_1,0.358,1.767
1776728565,407090974,robot_2,-1.147,0.837
1776728565,626940683,robot_0,1.211,0.007
1776728565,626961507,robot_3,-0.438,-0.277
1776728565,626972093,robot_4,-0.437,-1.072
1776728565,626981976,robot_1,0.357,1.767
1776728565,626990205,robot_2,-1.147,0.837
1776728565,846582220,robot_0,1.254,-0.024
1776728565,846600908,robot_3,-0.438,-0.278
1776728565,846607366,robot_4,-0.437,-1.072
1776728565,846612848,robot_1,0.357,1.766
1776728565,846617622,robot_2,-1.146,0.837
1776728566,67704847,robot_0,1.279,-0.042
1776728566,67725554,robot_3,-0.438,-0.278
1776728566,67735739,robot_4,-0.437,-1.073
1776728566,67744171,robot_1,0.357,1.766
1776728566,67752241,robot_2,-1.146,0.837
1776728566,286597810,robot_0,1.279,-0.042
1776728566,286623154,robot_3,-0.438,-0.278
1776728566,286634732,robot_4,-0.438,-1.073
1776728566,286647232,robot_1,0.356,1.766
1776728566,286656600,robot_2,-1.145,0.838
1776728566,505061177,robot_0,1.279,-0.042
1776728566,505075892,robot_3,-0.437,-0.279
1776728566,505082381,robot_4,-0.438,-1.074
1776728566,505087789,robot_1,0.356,1.765
1776728566,505092752,robot_2,-1.145,0.838
1776728566,705222538,robot_0,1.279,-0.043
1776728566,705237534,robot_3,-0.437,-0.279
1776728566,705244316,robot_4,-0.438,-1.074
1776728566,705249661,robot_1,0.356,1.765
1776728566,705254824,robot_2,-1.145,0.838
1776728566,905646573,robot_0,1.279,-0.043
1776728566,905661964,robot_3,-0.437,-0.279
1776728566,905668179,robot_4,-0.438,-1.074
1776728566,905673230,robot_1,0.370,1.764
1776728566,905678425,robot_2,-1.145,0.839
1776728567,106759644,robot_0,1.279,-0.044
1776728567,106782778,robot_3,-0.437,-0.279
1776728567,106793810,robot_4,-0.438,-1.075
1776728567,106803104,robot_1,0.442,1.759
1776728567,106811939,robot_2,-1.145,0.839
1776728567,325887683,robot_0,1.279,-0.044
1776728567,325907208,robot_3,-0.437,-0.279
1776728567,325914856,robot_4,-0.438,-1.075
1776728567,325921272,robot_1,0.472,1.757
1776728567,325926701,robot_2,-1.145,0.840
1776728567,547007065,robot_0,1.279,-0.045
1776728567,547027921,robot_3,-0.436,-0.279
1776728567,547036244,robot_4,-0.438,-1.076
1776728567,547042183,robot_1,0.472,1.757
1776728567,547048580,robot_2,-1.145,0.840
1776728567,766039291,robot_0,1.280,-0.045
1776728567,766055920,robot_3,-0.436,-0.279
1776728567,766063459,robot_4,-0.438,-1.076
1776728567,766069189,robot_1,0.472,1.757
1776728567,766075283,robot_2,-1.146,0.841
1776728567,966551759,robot_0,1.280,-0.045
1776728567,966579556,robot_3,-0.435,-0.279
1776728567,966593982,robot_4,-0.438,-1.075
1776728567,966606238,robot_1,0.472,1.756
1776728567,966618574,robot_2,-1.146,0.841
1776728568,186178505,robot_0,1.280,-0.045
1776728568,186201700,robot_3,-0.435,-0.279
1776728568,186212607,robot_4,-0.438,-1.075
1776728568,186221232,robot_1,0.472,1.756
1776728568,186229456,robot_2,-1.146,0.841
1776728568,387019804,robot_0,1.281,-0.045
1776728568,387039249,robot_3,-0.435,-0.278
1776728568,387047816,robot_4,-0.438,-1.075
1776728568,387055052,robot_1,0.473,1.756
1776728568,387061835,robot_2,-1.147,0.841
1776728568,587147037,robot_0,1.281,-0.045
1776728568,587169087,robot_3,-0.434,-0.278
1776728568,587178128,robot_4,-0.438,-1.074
1776728568,587186393,robot_1,0.473,1.755
1776728568,587193853,robot_2,-1.147,0.841
1776728568,805748690,robot_0,1.282,-0.045
1776728568,805765290,robot_3,-0.434,-0.278
1776728568,805771854,robot_4,-0.437,-1.074
1776728568,805777065,robot_1,0.473,1.755
1776728568,805781844,robot_2,-1.147,0.841
1776728569,6271211,robot_0,1.282,-0.045
1776728569,6297535,robot_3,-0.434,-0.277
1776728569,6307640,robot_4,-0.437,-1.073
1776728569,6315230,robot_1,0.474,1.755
1776728569,6323271,robot_2,-1.147,0.841
1776728569,225311772,robot_0,1.283,-0.045
1776728569,225331696,robot_3,-0.434,-0.277
1776728569,225339451,robot_4,-0.437,-1.073
1776728569,225345334,robot_1,0.474,1.755
1776728569,225350753,robot_2,-1.147,0.841
1776728569,426542063,robot_0,1.283,-0.045
1776728569,426559722,robot_3,-0.434,-0.276
1776728569,426568192,robot_4,-0.436,-1.073
1776728569,426575106,robot_1,0.475,1.755
1776728569,426581109,robot_2,-1.148,0.841
1776728569,646830165,robot_0,1.283,-0.044
1776728569,646852058,robot_3,-0.434,-0.276
1776728569,646862775,robot_4,-0.436,-1.072
1776728569,646870375,robot_1,0.475,1.755
1776728569,646877674,robot_2,-1.148,0.841
1776728569,867395905,robot_0,1.283,-0.044
1776728569,867418183,robot_3,-0.434,-0.276
1776728569,867428928,robot_4,-0.436,-1.072
1776728569,867437032,robot_1,0.476,1.756
1776728569,867445613,robot_2,-1.149,0.841
1776728570,87035621,robot_0,1.283,-0.044
1776728570,87051734,robot_3,-0.434,-0.275
1776728570,87058696,robot_4,-0.436,-1.072
1776728570,87064296,robot_1,0.476,1.756
1776728570,87069968,robot_2,-1.149,0.841
1776728570,305747056,robot_0,1.283,-0.044
1776728570,305771984,robot_3,-0.435,-0.275
1776728570,305781082,robot_4,-0.436,-1.073
1776728570,305788395,robot_1,0.476,1.756
1776728570,305795551,robot_2,-1.149,0.840
1776728570,506827945,robot_0,1.284,-0.044
1776728570,506846346,robot_3,-0.435,-0.275
1776728570,506854783,robot_4,-0.437,-1.073
1776728570,506861500,robot_1,0.476,1.757
1776728570,506868488,robot_2,-1.150,0.840
1776728570,706982771,robot_0,1.284,-0.044
1776728570,707006756,robot_3,-0.435,-0.275
1776728570,707020601,robot_4,-0.437,-1.073
1776728570,707030607,robot_1,0.476,1.757
1776728570,707039445,robot_2,-1.150,0.840
1776728570,926359543,robot_0,1.284,-0.043
1776728570,926381675,robot_3,-0.456,-0.300
1776728570,926391037,robot_4,-0.437,-1.074
1776728570,926396887,robot_1,0.460,1.760
1776728570,926402813,robot_2,-1.150,0.839
1776728571,126627083,robot_0,1.284,-0.043
1776728571,126642211,robot_3,-0.474,-0.320
1776728571,126649312,robot_4,-0.437,-1.074
1776728571,126654938,robot_1,0.421,1.765
1776728571,126660474,robot_2,-1.150,0.839
1776728571,348719672,robot_0,1.283,-0.042
1776728571,348739220,robot_3,-0.474,-0.320
1776728571,348747081,robot_4,-0.437,-1.075
1776728571,348753263,robot_1,0.417,1.766
1776728571,348759131,robot_2,-1.150,0.838
1776728571,565922627,robot_0,1.283,-0.042
1776728571,565936547,robot_3,-0.475,-0.320
1776728571,565947533,robot_4,-0.437,-1.075
1776728571,565953349,robot_1,0.417,1.766
1776728571,565958260,robot_2,-1.150,0.838
1776728571,766733616,robot_0,1.283,-0.041
1776728571,766762260,robot_3,-0.475,-0.320
1776728571,766777520,robot_4,-0.437,-1.075
1776728571,766788787,robot_1,0.417,1.767
1776728571,766799511,robot_2,-1.149,0.838
1776728571,986230597,robot_0,1.283,-0.041
1776728571,986257171,robot_3,-0.476,-0.320
1776728571,986267735,robot_4,-0.437,-1.076
1776728571,986275500,robot_1,0.417,1.767
1776728571,986287556,robot_2,-1.149,0.837
1776728572,205322632,robot_0,1.282,-0.041
1776728572,205337321,robot_3,-0.476,-0.320
1776728572,205343854,robot_4,-0.436,-1.076
1776728572,205349038,robot_1,0.416,1.767
1776728572,205353778,robot_2,-1.149,0.837
1776728572,406505606,robot_0,1.282,-0.041
1776728572,406526644,robot_3,-0.476,-0.320
1776728572,406535183,robot_4,-0.436,-1.076
1776728572,406542283,robot_1,0.416,1.768
1776728572,406548412,robot_2,-1.147,0.839
1776728572,626725462,robot_0,1.281,-0.041
1776728572,626750168,robot_3,-0.477,-0.320
1776728572,626762386,robot_4,-0.435,-1.077
1776728572,626771937,robot_1,0.416,1.768
1776728572,626780643,robot_2,-1.130,0.871
1776728572,846028862,robot_0,1.281,-0.041
1776728572,846049402,robot_3,-0.477,-0.321
1776728572,846058244,robot_4,-0.435,-1.077
1776728572,846065835,robot_1,0.415,1.768
1776728572,846072063,robot_2,-1.107,0.907
1776728573,66451502,robot_0,1.280,-0.041
1776728573,66466566,robot_3,-0.477,-0.321
1776728573,66473529,robot_4,-0.435,-1.077
1776728573,66478544,robot_1,0.415,1.768
1776728573,66483366,robot_2,-1.077,0.953
1776728573,267170470,robot_0,1.280,-0.041
1776728573,267191476,robot_3,-0.478,-0.321
1776728573,267202938,robot_4,-0.434,-1.077
1776728573,267212486,robot_1,0.414,1.768
1776728573,267221281,robot_2,-1.038,1.013
1776728573,486661636,robot_0,1.280,-0.041
1776728573,486685759,robot_3,-0.478,-0.322
1776728573,486695137,robot_4,-0.436,-1.070
1776728573,486702465,robot_1,0.414,1.768
1776728573,486710231,robot_2,-1.012,1.054
1776728573,705234081,robot_0,1.279,-0.042
1776728573,705249242,robot_3,-0.478,-0.322
1776728573,705256096,robot_4,-0.455,-1.012
1776728573,705261607,robot_1,0.413,1.768
1776728573,705267228,robot_2,-0.993,1.084
1776728573,905954689,robot_0,1.292,-0.054
1776728573,905974909,robot_3,-0.478,-0.323
1776728573,905984957,robot_4,-0.469,-0.972
1776728573,905993651,robot_1,0.413,1.768
1776728573,906000674,robot_2,-0.979,1.106
1776728574,106285491,robot_0,1.315,-0.077
1776728574,106305252,robot_3,-0.478,-0.323
1776728574,106314218,robot_4,-0.486,-0.926
1776728574,106320895,robot_1,0.413,1.767
1776728574,106328144,robot_2,-0.979,1.106
1776728574,308634396,robot_0,1.344,-0.105
1776728574,308657540,robot_3,-0.480,-0.317
1776728574,308666773,robot_4,-0.508,-0.866
1776728574,308676374,robot_1,0.412,1.767
1776728574,308683334,robot_2,-0.979,1.106
1776728574,526539228,robot_0,1.357,-0.119
1776728574,526557273,robot_3,-0.510,-0.270
1776728574,526565279,robot_4,-0.515,-0.845
1776728574,526572106,robot_1,0.412,1.767
1776728574,526578211,robot_2,-0.978,1.106
1776728574,727640203,robot_0,1.357,-0.119
1776728574,727660296,robot_3,-0.528,-0.250
1776728574,727669577,robot_4,-0.512,-0.845
1776728574,727676496,robot_1,0.412,1.766
1776728574,727683166,robot_2,-0.978,1.106
1776728574,947751124,robot_0,1.357,-0.120
1776728574,947783782,robot_3,-0.531,-0.213
1776728574,947796683,robot_4,-0.509,-0.844
1776728574,947803145,robot_1,0.427,1.763
1776728574,947811187,robot_2,-0.977,1.106
1776728575,165872031,robot_0,1.357,-0.120
1776728575,165887042,robot_3,-0.506,-0.154
1776728575,165893626,robot_4,-0.508,-0.845
1776728575,165898768,robot_1,0.458,1.756
1776728575,165903733,robot_2,-0.977,1.106
1776728575,367141705,robot_0,1.357,-0.120
1776728575,367171183,robot_3,-0.504,-0.150
1776728575,367185908,robot_4,-0.508,-0.845
1776728575,367196585,robot_1,0.497,1.748
1776728575,367207332,robot_2,-0.977,1.106
1776728575,586244473,robot_0,1.357,-0.121
1776728575,586268477,robot_3,-0.505,-0.151
1776728575,586287172,robot_4,-0.507,-0.845
1776728575,586305705,robot_1,0.512,1.745
1776728575,586324798,robot_2,-0.976,1.106
1776728575,787459256,robot_0,1.357,-0.121
1776728575,787487399,robot_3,-0.505,-0.153
1776728575,787498976,robot_4,-0.506,-0.844
1776728575,787509294,robot_1,0.512,1.745
1776728575,787518849,robot_2,-0.976,1.107
1776728576,6041411,robot_0,1.357,-0.122
1776728576,6056966,robot_3,-0.505,-0.154
1776728576,6063652,robot_4,-0.505,-0.844
1776728576,6069420,robot_1,0.512,1.744
1776728576,6074906,robot_2,-0.976,1.107
1776728576,206094807,robot_0,1.357,-0.122
1776728576,206119084,robot_3,-0.504,-0.155
1776728576,206131621,robot_4,-0.505,-0.843
1776728576,206141437,robot_1,0.512,1.744
1776728576,206150970,robot_2,-0.976,1.108
1776728576,425714942,robot_0,1.358,-0.122
1776728576,425729249,robot_3,-0.504,-0.155
1776728576,425735656,robot_4,-0.505,-0.843
1776728576,425740804,robot_1,0.512,1.743
1776728576,425745784,robot_2,-0.976,1.108
1776728576,647101779,robot_0,1.358,-0.123
1776728576,647127387,robot_3,-0.503,-0.156
1776728576,647138026,robot_4,-0.504,-0.842
1776728576,647146750,robot_1,0.513,1.743
1776728576,647155574,robot_2,-0.976,1.109
1776728576,865689013,robot_0,1.358,-0.123
1776728576,865703630,robot_3,-0.503,-0.156
1776728576,865710175,robot_4,-0.504,-0.841
1776728576,865715361,robot_1,0.513,1.743
1776728576,865720591,robot_2,-0.976,1.109
1776728577,66578061,robot_0,1.359,-0.123
1776728577,66602028,robot_3,-0.502,-0.156
1776728577,66613823,robot_4,-0.504,-0.840
1776728577,66623236,robot_1,0.513,1.742
1776728577,66632154,robot_2,-0.976,1.109
1776728577,285568520,robot_0,1.359,-0.123
1776728577,285587655,robot_3,-0.502,-0.156
1776728577,285594519,robot_4,-0.504,-0.840
1776728577,285600037,robot_1,0.514,1.742
1776728577,285605067,robot_2,-0.977,1.110
1776728577,486822018,robot_0,1.360,-0.123
1776728577,486840901,robot_3,-0.502,-0.155
1776728577,486849683,robot_4,-0.505,-0.839
1776728577,486856685,robot_1,0.514,1.742
1776728577,486864278,robot_2,-0.977,1.110
1776728577,705989958,robot_0,1.360,-0.123
1776728577,706006955,robot_3,-0.502,-0.155
1776728577,706015164,robot_4,-0.505,-0.839
1776728577,706021172,robot_1,0.515,1.742
1776728577,706027602,robot_2,-0.990,1.093
1776728577,925708472,robot_0,1.360,-0.122
1776728577,925727981,robot_3,-0.502,-0.154
1776728577,925736709,robot_4,-0.506,-0.838
1776728577,925743583,robot_1,0.515,1.742
1776728577,925750233,robot_2,-1.014,1.060
1776728578,145517477,robot_0,1.361,-0.122
1776728578,145533856,robot_3,-0.502,-0.154
1776728578,145540563,robot_4,-0.506,-0.838
1776728578,145546019,robot_1,0.516,1.743
1776728578,145551092,robot_2,-1.033,1.035
1776728578,365628300,robot_0,1.352,-0.112
1776728578,365646189,robot_3,-0.502,-0.153
1776728578,365654136,robot_4,-0.505,-0.842
1776728578,365659416,robot_1,0.516,1.743
1776728578,365664748,robot_2,-1.037,1.030
1776728578,567052789,robot_0,1.320,-0.072
1776728578,567087406,robot_3,-0.502,-0.153
1776728578,567101777,robot_4,-0.492,-0.879
1776728578,567114737,robot_1,0.516,1.743
1776728578,567126599,robot_2,-1.037,1.030
1776728578,785658907,robot_0,1.294,-0.036
1776728578,785678240,robot_3,-0.502,-0.153
1776728578,785685029,robot_4,-0.487,-0.896
1776728578,785691250,robot_1,0.517,1.744
1776728578,785696526,robot_2,-1.037,1.030
1776728579,5220669,robot_0,1.280,-0.017
1776728579,5235840,robot_3,-0.502,-0.153
1776728579,5241803,robot_4,-0.487,-0.896
1776728579,5246722,robot_1,0.517,1.744
1776728579,5251998,robot_2,-1.038,1.030
1776728579,206146812,robot_0,1.281,-0.017
1776728579,206167153,robot_3,-0.525,-0.171
1776728579,206176713,robot_4,-0.488,-0.896
1776728579,206184495,robot_1,0.517,1.744
1776728579,206192856,robot_2,-1.038,1.030
1776728579,426537143,robot_0,1.281,-0.017
1776728579,426555733,robot_3,-0.549,-0.191
1776728579,426564606,robot_4,-0.488,-0.896
1776728579,426571432,robot_1,0.516,1.744
1776728579,426578136,robot_2,-1.039,1.030
1776728579,645775689,robot_0,1.281,-0.016
1776728579,645791015,robot_3,-0.549,-0.191
1776728579,645797323,robot_4,-0.488,-0.897
1776728579,645802322,robot_1,0.481,1.755
1776728579,645808154,robot_2,-1.039,1.030
1776728579,846623992,robot_0,1.281,-0.016
1776728579,846649745,robot_3,-0.549,-0.191
1776728579,846659612,robot_4,-0.488,-0.897
1776728579,846668661,robot_1,0.444,1.766
1776728579,846676774,robot_2,-1.039,1.030
1776728580,47391300,robot_0,1.281,-0.015
1776728580,47410708,robot_3,-0.549,-0.190
1776728580,47420868,robot_4,-0.488,-0.898
1776728580,47428795,robot_1,0.408,1.776
1776728580,47436329,robot_2,-1.040,1.029
1776728580,265670057,robot_0,1.281,-0.015
1776728580,265685689,robot_3,-0.550,-0.190
1776728580,265693392,robot_4,-0.488,-0.898
1776728580,265698781,robot_1,0.385,1.783
1776728580,265704168,robot_2,-1.040,1.029
1776728580,485349474,robot_0,1.281,-0.014
1776728580,485368733,robot_3,-0.550,-0.190
1776728580,485375415,robot_4,-0.488,-0.898
1776728580,485380692,robot_1,0.378,1.785
1776728580,485385676,robot_2,-1.040,1.028
1776728580,686031893,robot_0,1.281,-0.014
1776728580,686053790,robot_3,-0.551,-0.190
1776728580,686063937,robot_4,-0.488,-0.899
1776728580,686072741,robot_1,0.378,1.785
1776728580,686080034,robot_2,-1.040,1.028
1776728580,886077865,robot_0,1.281,-0.014
1776728580,886099031,robot_3,-0.551,-0.190
1776728580,886108911,robot_4,-0.488,-0.899
1776728580,886116639,robot_1,0.378,1.786
1776728580,886125098,robot_2,-1.040,1.027
1776728581,105439999,robot_0,1.280,-0.013
1776728581,105454800,robot_3,-0.552,-0.191
1776728581,105461089,robot_4,-0.488,-0.900
1776728581,105466198,robot_1,0.378,1.786
1776728581,105472141,robot_2,-1.040,1.027
1776728581,306069438,robot_0,1.280,-0.013
1776728581,306086408,robot_3,-0.552,-0.191
1776728581,306092848,robot_4,-0.487,-0.900
1776728581,306098636,robot_1,0.378,1.787
1776728581,306103932,robot_2,-1.040,1.027
1776728581,525117806,robot_0,1.280,-0.013
1776728581,525132732,robot_3,-0.552,-0.191
1776728581,525139388,robot_4,-0.487,-0.900
1776728581,525144787,robot_1,0.378,1.787
1776728581,525150031,robot_2,-1.039,1.026
1776728581,726490329,robot_0,1.279,-0.013
1776728581,726507413,robot_3,-0.552,-0.192
1776728581,726515257,robot_4,-0.486,-0.900
1776728581,726521571,robot_1,0.378,1.787
1776728581,726527794,robot_2,-1.039,1.026
1776728581,927021855,robot_0,1.279,-0.013
1776728581,927038730,robot_3,-0.553,-0.192
1776728581,927046549,robot_4,-0.486,-0.900
1776728581,927052864,robot_1,0.377,1.788
1776728581,927058958,robot_2,-1.036,1.030
1776728582,145058425,robot_0,1.278,-0.013
1776728582,145073932,robot_3,-0.553,-0.192
1776728582,145080198,robot_4,-0.486,-0.900
1776728582,145085465,robot_1,0.377,1.788
1776728582,145091012,robot_2,-1.009,1.065
1776728582,346297250,robot_0,1.278,-0.013
1776728582,346320369,robot_3,-0.553,-0.193
1776728582,346328854,robot_4,-0.485,-0.900
1776728582,346335975,robot_1,0.376,1.788
1776728582,346343390,robot_2,-0.988,1.092
1776728582,565246129,robot_0,1.277,-0.013
1776728582,565260688,robot_3,-0.552,-0.193
1776728582,565267178,robot_4,-0.485,-0.900
1776728582,565272917,robot_1,0.376,1.788
1776728582,565281155,robot_2,-0.963,1.124
1776728582,766940946,robot_0,1.283,-0.023
1776728582,766956813,robot_3,-0.552,-0.194
1776728582,766962832,robot_4,-0.486,-0.900
1776728582,766968397,robot_1,0.376,1.788
1776728582,766973728,robot_2,-0.938,1.156
1776728582,985659389,robot_0,1.301,-0.051
1776728582,985681940,robot_3,-0.552,-0.194
1776728582,985693586,robot_4,-0.486,-0.900
1776728582,985703220,robot_1,0.375,1.788
1776728582,985712338,robot_2,-0.900,1.205
1776728583,204962262,robot_0,1.326,-0.088
1776728583,204977321,robot_3,-0.552,-0.194
1776728583,204983774,robot_4,-0.487,-0.900
1776728583,204989017,robot_1,0.375,1.787
1776728583,204994493,robot_2,-0.877,1.236
1776728583,406123373,robot_0,1.336,-0.104
1776728583,406143705,robot_3,-0.552,-0.194
1776728583,406153324,robot_4,-0.487,-0.900
1776728583,406161238,robot_1,0.374,1.787
1776728583,406168805,robot_2,-0.877,1.236
1776728583,606879339,robot_0,1.336,-0.104
1776728583,606899841,robot_3,-0.552,-0.194
1776728583,606910235,robot_4,-0.487,-0.899
1776728583,606919347,robot_1,0.374,1.787
1776728583,606927088,robot_2,-0.876,1.236
1776728583,807365943,robot_0,1.336,-0.104
1776728583,807397801,robot_3,-0.552,-0.194
1776728583,807410018,robot_4,-0.488,-0.899
1776728583,807419427,robot_1,0.374,1.786
1776728583,807428882,robot_2,-0.876,1.236
1776728584,25998736,robot_0,1.336,-0.104
1776728584,26014755,robot_3,-0.551,-0.195
1776728584,26021991,robot_4,-0.488,-0.899
1776728584,26027864,robot_1,0.374,1.786
1776728584,26034193,robot_2,-0.876,1.236
1776728584,227219261,robot_0,1.336,-0.105
1776728584,227240552,robot_3,-0.551,-0.195
1776728584,227251236,robot_4,-0.488,-0.898
1776728584,227258975,robot_1,0.390,1.780
1776728584,227267308,robot_2,-0.875,1.236
1776728584,445368577,robot_0,1.336,-0.105
1776728584,445383831,robot_3,-0.551,-0.195
1776728584,445390986,robot_4,-0.488,-0.898
1776728584,445397077,robot_1,0.428,1.765
1776728584,445402329,robot_2,-0.875,1.236
1776728584,645420008,robot_0,1.336,-0.106
1776728584,645438726,robot_3,-0.550,-0.195
1776728584,645446241,robot_4,-0.488,-0.897
1776728584,645451594,robot_1,0.430,1.764
1776728584,645456729,robot_2,-0.874,1.236
1776728584,866342650,robot_0,1.336,-0.106
1776728584,866364775,robot_3,-0.550,-0.195
1776728584,866375176,robot_4,-0.488,-0.898
1776728584,866382946,robot_1,0.430,1.764
1776728584,866390492,robot_2,-0.874,1.237
1776728585,86235865,robot_0,1.336,-0.107
1776728585,86251352,robot_3,-0.549,-0.195
1776728585,86259120,robot_4,-0.488,-0.898
1776728585,86265202,robot_1,0.430,1.764
1776728585,86271322,robot_2,-0.874,1.237
1776728585,287506516,robot_0,1.336,-0.107
1776728585,287544374,robot_3,-0.549,-0.195
1776728585,287559896,robot_4,-0.488,-0.898
1776728585,287572070,robot_1,0.430,1.763
1776728585,287585387,robot_2,-0.873,1.237
1776728585,505232349,robot_0,1.336,-0.107
1776728585,505247671,robot_3,-0.549,-0.194
1776728585,505253969,robot_4,-0.488,-0.899
1776728585,505259572,robot_1,0.430,1.763
1776728585,505264938,robot_2,-0.873,1.238
1776728585,706143111,robot_0,1.337,-0.107
1776728585,706165022,robot_3,-0.548,-0.194
1776728585,706175382,robot_4,-0.487,-0.899
1776728585,706185169,robot_1,0.430,1.762
1776728585,706194682,robot_2,-0.873,1.238
1776728585,925286220,robot_0,1.337,-0.108
1776728585,925303089,robot_3,-0.548,-0.193
1776728585,925310485,robot_4,-0.487,-0.899
1776728585,925316452,robot_1,0.431,1.762
1776728585,925321952,robot_2,-0.873,1.239
1776728586,127338561,robot_0,1.338,-0.108
1776728586,127364664,robot_3,-0.548,-0.193
1776728586,127378203,robot_4,-0.487,-0.899
1776728586,127388514,robot_1,0.431,1.762
1776728586,127399753,robot_2,-0.874,1.239
1776728586,345641627,robot_0,1.338,-0.108
1776728586,345661249,robot_3,-0.548,-0.193
1776728586,345669203,robot_4,-0.486,-0.899
1776728586,345675994,robot_1,0.431,1.761
1776728586,345682370,robot_2,-0.874,1.239
1776728586,566740363,robot_0,1.339,-0.108
1776728586,566761356,robot_3,-0.548,-0.192
1776728586,566771374,robot_4,-0.486,-0.899
1776728586,566781193,robot_1,0.432,1.761
1776728586,566789411,robot_2,-0.874,1.240
1776728586,786636865,robot_0,1.339,-0.107
1776728586,786669330,robot_3,-0.548,-0.192
1776728586,786683247,robot_4,-0.485,-0.899
1776728586,786695574,robot_1,0.432,1.761
1776728586,786708642,robot_2,-0.874,1.240
1776728587,5352556,robot_0,1.339,-0.107
1776728587,5366889,robot_3,-0.548,-0.191
1776728587,5373761,robot_4,-0.485,-0.899
1776728587,5379046,robot_1,0.433,1.761
1776728587,5384088,robot_2,-0.888,1.224
1776728587,205663528,robot_0,1.339,-0.107
1776728587,205679714,robot_3,-0.548,-0.191
1776728587,205687787,robot_4,-0.484,-0.899
1776728587,205693856,robot_1,0.433,1.762
1776728587,205699652,robot_2,-0.914,1.193
1776728587,406728994,robot_0,1.339,-0.107
1776728587,406750748,robot_3,-0.548,-0.191
1776728587,406761435,robot_4,-0.484,-0.898
1776728587,406771303,robot_1,0.434,1.762
1776728587,406780694,robot_2,-0.941,1.162
1776728587,625905169,robot_0,1.339,-0.107
1776728587,625925570,robot_3,-0.549,-0.191
1776728587,625936045,robot_4,-0.484,-0.898
1776728587,625943716,robot_1,0.434,1.762
1776728587,625951529,robot_2,-0.970,1.128
1776728587,826118075,robot_0,1.340,-0.107
1776728587,826139145,robot_3,-0.549,-0.191
1776728587,826146045,robot_4,-0.484,-0.898
1776728587,826151163,robot_1,0.434,1.762
1776728587,826157319,robot_2,-0.998,1.095
1776728588,27167761,robot_0,1.340,-0.107
1776728588,27193914,robot_3,-0.549,-0.190
1776728588,27206455,robot_4,-0.484,-0.897
1776728588,27216157,robot_1,0.434,1.763
1776728588,27226196,robot_2,-1.035,1.052
1776728588,247565982,robot_0,1.340,-0.106
1776728588,247595908,robot_3,-0.550,-0.190
1776728588,247605777,robot_4,-0.484,-0.897
1776728588,247613664,robot_1,0.434,1.763
1776728588,247621797,robot_2,-1.052,1.032
1776728588,465273794,robot_0,1.340,-0.106
1776728588,465303737,robot_3,-0.550,-0.190
1776728588,465313111,robot_4,-0.484,-0.897
1776728588,465320853,robot_1,0.434,1.763
1776728588,465328743,robot_2,-1.052,1.032
1776728588,666873939,robot_0,1.340,-0.105
1776728588,666896810,robot_3,-0.551,-0.190
1776728588,666907750,robot_4,-0.484,-0.897
1776728588,666916249,robot_1,0.434,1.763
1776728588,666925047,robot_2,-1.052,1.032
1776728588,887104092,robot_0,1.340,-0.105
1776728588,887130132,robot_3,-0.551,-0.190
1776728588,887140233,robot_4,-0.484,-0.897
1776728588,887146676,robot_1,0.435,1.763
1776728588,887153148,robot_2,-1.053,1.032
1776728589,87376704,robot_0,1.340,-0.104
1776728589,87395487,robot_3,-0.552,-0.191
1776728589,87404792,robot_4,-0.484,-0.897
1776728589,87411878,robot_1,0.435,1.764
1776728589,87418819,robot_2,-1.053,1.032
1776728589,306370279,robot_0,1.340,-0.104
1776728589,306391151,robot_3,-0.546,-0.200
1776728589,306398244,robot_4,-0.484,-0.897
1776728589,306404010,robot_1,0.435,1.764
1776728589,306409701,robot_2,-1.054,1.032
1776728589,506395046,robot_0,1.340,-0.104
1776728589,506418850,robot_3,-0.510,-0.258
1776728589,506431934,robot_4,-0.484,-0.898
1776728589,506442608,robot_1,0.434,1.765
1776728589,506452327,robot_2,-1.054,1.032
1776728589,706955089,robot_0,1.339,-0.103
1776728589,706969498,robot_3,-0.482,-0.274
1776728589,706975923,robot_4,-0.498,-0.924
1776728589,706981359,robot_1,0.434,1.765
1776728589,706986457,robot_2,-1.054,1.032
1776728589,925235073,robot_0,1.339,-0.103
1776728589,925255256,robot_3,-0.481,-0.269
1776728589,925261940,robot_4,-0.502,-0.932
1776728589,925267053,robot_1,0.434,1.765
1776728589,925272881,robot_2,-1.055,1.031
1776728590,125397088,robot_0,1.338,-0.103
1776728590,125414165,robot_3,-0.484,-0.267
1776728590,125420712,robot_4,-0.501,-0.934
1776728590,125425639,robot_1,0.434,1.766
1776728590,125431154,robot_2,-1.055,1.031
1776728590,326272692,robot_0,1.338,-0.103
1776728590,326297943,robot_3,-0.487,-0.266
1776728590,326304748,robot_4,-0.501,-0.936
1776728590,326309929,robot_1,0.433,1.766
1776728590,326315569,robot_2,-1.055,1.031
1776728590,526981413,robot_0,1.338,-0.103
1776728590,526996781,robot_3,-0.490,-0.265
1776728590,527003465,robot_4,-0.501,-0.939
1776728590,527008356,robot_1,0.433,1.766
1776728590,527013166,robot_2,-1.055,1.030
1776728590,746508750,robot_0,1.337,-0.103
1776728590,746533994,robot_3,-0.493,-0.265
1776728590,746543749,robot_4,-0.501,-0.940
1776728590,746552146,robot_1,0.432,1.766
1776728590,746559540,robot_2,-1.055,1.030
1776728590,946786316,robot_0,1.337,-0.103
1776728590,946813468,robot_3,-0.495,-0.266
1776728590,946824203,robot_4,-0.501,-0.940
1776728590,946833312,robot_1,0.432,1.766
1776728590,946842615,robot_2,-1.055,1.029
1776728591,165978455,robot_0,1.341,-0.113
1776728591,166000859,robot_3,-0.497,-0.267
1776728591,166012260,robot_4,-0.501,-0.939
1776728591,166021860,robot_1,0.431,1.766
1776728591,166041119,robot_2,-1.055,1.029
1776728591,366152585,robot_0,1.354,-0.140
1776728591,366170541,robot_3,-0.498,-0.268
1776728591,366177791,robot_4,-0.501,-0.936
1776728591,366183665,robot_1,0.431,1.766
1776728591,366189490,robot_2,-1.055,1.029
1776728591,585376663,robot_0,1.355,-0.143
1776728591,585395765,robot_3,-0.499,-0.269
1776728591,585402705,robot_4,-0.501,-0.934
1776728591,585409030,robot_1,0.431,1.766
1776728591,585415433,robot_2,-1.055,1.028
1776728591,787729964,robot_0,1.355,-0.143
1776728591,787760116,robot_3,-0.507,-0.268
1776728591,787774099,robot_4,-0.496,-0.935
1776728591,787783405,robot_1,0.430,1.765
1776728591,787792713,robot_2,-1.054,1.028
1776728592,5228497,robot_0,1.354,-0.143
1776728592,5243357,robot_3,-0.515,-0.264
1776728592,5250408,robot_4,-0.493,-0.934
1776728592,5255605,robot_1,0.430,1.765
1776728592,5260526,robot_2,-1.053,1.030
1776728592,207079249,robot_0,1.354,-0.144
1776728592,207108701,robot_3,-0.515,-0.264
1776728592,207123075,robot_4,-0.493,-0.934
1776728592,207134319,robot_1,0.430,1.765
1776728592,207146086,robot_2,-1.025,1.057
1776728592,426333990,robot_0,1.354,-0.144
1776728592,426359112,robot_3,-0.514,-0.264
1776728592,426371768,robot_4,-0.493,-0.933
1776728592,426382205,robot_1,0.431,1.764
1776728592,426392223,robot_2,-0.984,1.099
1776728592,627184596,robot_0,1.354,-0.145
1776728592,627209474,robot_3,-0.514,-0.264
1776728592,627222091,robot_4,-0.493,-0.933
1776728592,627231802,robot_1,0.474,1.739
1776728592,627241720,robot_2,-0.945,1.140
1776728592,846147342,robot_0,1.354,-0.145
1776728592,846169087,robot_3,-0.514,-0.264
1776728592,846177334,robot_4,-0.493,-0.933
1776728592,846183773,robot_1,0.511,1.717
1776728592,846190104,robot_2,-0.915,1.173
1776728593,46657431,robot_0,1.354,-0.145
1776728593,46681306,robot_3,-0.513,-0.264
1776728593,46692901,robot_4,-0.493,-0.932
1776728593,46701997,robot_1,0.511,1.717
1776728593,46711593,robot_2,-0.881,1.212
1776728593,266700840,robot_0,1.354,-0.146
1776728593,266726155,robot_3,-0.513,-0.264
1776728593,266740325,robot_4,-0.493,-0.932
1776728593,266750107,robot_1,0.511,1.716
1776728593,266761440,robot_2,-0.845,1.252
1776728593,486732747,robot_0,1.354,-0.146
1776728593,486755648,robot_3,-0.513,-0.264
1776728593,486767627,robot_4,-0.493,-0.931
1776728593,486778243,robot_1,0.510,1.716
1776728593,486787908,robot_2,-0.815,1.286
1776728593,706283274,robot_0,1.355,-0.147
1776728593,706300663,robot_3,-0.513,-0.264
1776728593,706308719,robot_4,-0.493,-0.931
1776728593,706315402,robot_1,0.511,1.715
1776728593,706321837,robot_2,-0.776,1.330
1776728593,926192037,robot_0,1.355,-0.147
1776728593,926208288,robot_3,-0.518,-0.262
1776728593,926216315,robot_4,-0.482,-0.934
1776728593,926222395,robot_1,0.511,1.715
1776728593,926228764,robot_2,-0.744,1.366
1776728594,146244545,robot_0,1.355,-0.147
1776728594,146259082,robot_3,-0.516,-0.265
1776728594,146265907,robot_4,-0.477,-0.936
1776728594,146271259,robot_1,0.511,1.715
1776728594,146276311,robot_2,-0.715,1.398
1776728594,347383397,robot_0,1.356,-0.147
1776728594,347406091,robot_3,-0.514,-0.266
1776728594,347415304,robot_4,-0.477,-0.935
1776728594,347422647,robot_1,0.511,1.714
1776728594,347429740,robot_2,-0.690,1.426
1776728594,565160196,robot_0,1.356,-0.147
1776728594,565174546,robot_3,-0.511,-0.267
1776728594,565181211,robot_4,-0.477,-0.934
1776728594,565186484,robot_1,0.512,1.714
1776728594,565192056,robot_2,-0.684,1.433
1776728594,766201924,robot_0,1.357,-0.147
1776728594,766220423,robot_3,-0.509,-0.267
1776728594,766231102,robot_4,-0.477,-0.935
1776728594,766239854,robot_1,0.512,1.714
1776728594,766247354,robot_2,-0.684,1.433
1776728594,966734949,robot_0,1.357,-0.147
1776728594,966762682,robot_3,-0.507,-0.266
1776728594,966777790,robot_4,-0.477,-0.936
1776728594,966790540,robot_1,0.512,1.714
1776728594,966802501,robot_2,-0.683,1.433
1776728595,186123177,robot_0,1.357,-0.146
1776728595,186153530,robot_3,-0.505,-0.265
1776728595,186166705,robot_4,-0.477,-0.937
1776728595,186177425,robot_1,0.513,1.714
1776728595,186187624,robot_2,-0.683,1.433
1776728595,406539789,robot_0,1.343,-0.109
1776728595,406558148,robot_3,-0.504,-0.264
1776728595,406566532,robot_4,-0.477,-0.938
1776728595,406572775,robot_1,0.513,1.714
1776728595,406579621,robot_2,-0.682,1.433
1776728595,626358323,robot_0,1.325,-0.058
1776728595,626375933,robot_3,-0.503,-0.263
1776728595,626383751,robot_4,-0.478,-0.939
1776728595,626390055,robot_1,0.514,1.714
1776728595,626396392,robot_2,-0.682,1.433
1776728595,845315969,robot_0,1.308,-0.013
1776728595,845333787,robot_3,-0.504,-0.263
1776728595,845341138,robot_4,-0.478,-0.939
1776728595,845346833,robot_1,0.514,1.714
1776728595,845352072,robot_2,-0.681,1.433
1776728596,46729381,robot_0,1.308,-0.012
1776728596,46746010,robot_3,-0.504,-0.263
1776728596,46754513,robot_4,-0.478,-0.940
1776728596,46760310,robot_1,0.514,1.714
1776728596,46766351,robot_2,-0.681,1.433
1776728596,265315387,robot_0,1.308,-0.012
1776728596,265334152,robot_3,-0.504,-0.263
1776728596,265347315,robot_4,-0.478,-0.940
1776728596,265353728,robot_1,0.515,1.715
1776728596,265360637,robot_2,-0.681,1.434
1776728596,466930293,robot_0,1.308,-0.012
1776728596,466959524,robot_3,-0.505,-0.263
1776728596,466976072,robot_4,-0.478,-0.941
1776728596,466990192,robot_1,0.511,1.718
1776728596,467003284,robot_2,-0.680,1.434
1776728596,686851906,robot_0,1.309,-0.011
1776728596,686871202,robot_3,-0.505,-0.263
1776728596,686880056,robot_4,-0.478,-0.941
1776728596,686887149,robot_1,0.475,1.743
1776728596,686894405,robot_2,-0.680,1.435
1776728596,906139707,robot_0,1.309,-0.011
1776728596,906163140,robot_3,-0.506,-0.263
1776728596,906176178,robot_4,-0.478,-0.941
1776728596,906184863,robot_1,0.466,1.750
1776728596,906192858,robot_2,-0.680,1.435
1776728597,125926212,robot_0,1.309,-0.010
1776728597,125940736,robot_3,-0.506,-0.263
1776728597,125947065,robot_4,-0.478,-0.941
1776728597,125952512,robot_1,0.466,1.750
1776728597,125958207,robot_2,-0.680,1.435
1776728597,327280223,robot_0,1.309,-0.010
1776728597,327300072,robot_3,-0.506,-0.263
1776728597,327306445,robot_4,-0.478,-0.941
1776728597,327311375,robot_1,0.466,1.750
1776728597,327316442,robot_2,-0.680,1.436
1776728597,546695015,robot_0,1.309,-0.009
1776728597,546715489,robot_3,-0.496,-0.279
1776728597,546724046,robot_4,-0.478,-0.941
1776728597,546730753,robot_1,0.466,1.751
1776728597,546738958,robot_2,-0.680,1.436
1776728597,765823976,robot_0,1.309,-0.009
1776728597,765841285,robot_3,-0.471,-0.319
1776728597,765848974,robot_4,-0.478,-0.940
1776728597,765854466,robot_1,0.466,1.751
1776728597,765860336,robot_2,-0.680,1.437
1776728597,967275652,robot_0,1.309,-0.009
1776728597,967299158,robot_3,-0.441,-0.368
1776728597,967307697,robot_4,-0.478,-0.941
1776728597,967314662,robot_1,0.466,1.752
1776728597,967320804,robot_2,-0.681,1.437
1776728598,186525339,robot_0,1.308,-0.008
1776728598,186541332,robot_3,-0.434,-0.387
1776728598,186549147,robot_4,-0.445,-0.982
1776728598,186555165,robot_1,0.466,1.752
1776728598,186560961,robot_2,-0.681,1.437
1776728598,386876716,robot_0,1.308,-0.008
1776728598,386900131,robot_3,-0.435,-0.388
1776728598,386908620,robot_4,-0.403,-1.027
1776728598,386915509,robot_1,0.465,1.752
1776728598,386922617,robot_2,-0.708,1.412
1776728598,605884146,robot_0,1.307,-0.008
1776728598,605912443,robot_3,-0.439,-0.390
1776728598,605927545,robot_4,-0.346,-1.065
1776728598,605941464,robot_1,0.465,1.753
1776728598,605952924,robot_2,-0.733,1.387
1776728598,805921162,robot_0,1.307,-0.008
1776728598,805940859,robot_3,-0.439,-0.390
1776728598,805947712,robot_4,-0.341,-1.065
1776728598,805954116,robot_1,0.465,1.753
1776728598,805959897,robot_2,-0.751,1.370
1776728599,25437929,robot_0,1.307,-0.008
1776728599,25453251,robot_3,-0.440,-0.391
1776728599,25460513,robot_4,-0.341,-1.063
1776728599,25465841,robot_1,0.464,1.753
1776728599,25471047,robot_2,-0.751,1.370
1776728599,226315927,robot_0,1.306,-0.008
1776728599,226337903,robot_3,-0.440,-0.391
1776728599,226348508,robot_4,-0.341,-1.062
1776728599,226356700,robot_1,0.464,1.753
1776728599,226367138,robot_2,-0.751,1.370
1776728599,426485545,robot_0,1.306,-0.008
1776728599,426506229,robot_3,-0.440,-0.392
1776728599,426516967,robot_4,-0.342,-1.061
1776728599,426525905,robot_1,0.463,1.753
1776728599,426533462,robot_2,-0.752,1.371
1776728599,645527543,robot_0,1.313,-0.036
1776728599,645543492,robot_3,-0.440,-0.392
1776728599,645550695,robot_4,-0.343,-1.061
1776728599,645556079,robot_1,0.463,1.753
1776728599,645561081,robot_2,-0.752,1.371
1776728599,846415922,robot_0,1.322,-0.066
1776728599,846442822,robot_3,-0.440,-0.393
1776728599,846454151,robot_4,-0.343,-1.061
1776728599,846463617,robot_1,0.463,1.753
1776728599,846472512,robot_2,-0.753,1.371
1776728600,47124001,robot_0,1.322,-0.066
1776728600,47146228,robot_3,-0.439,-0.393
1776728600,47157432,robot_4,-0.343,-1.061
1776728600,47166459,robot_1,0.462,1.753
1776728600,47175294,robot_2,-0.753,1.371
1776728600,247243907,robot_0,1.321,-0.066
1776728600,247266294,robot_3,-0.439,-0.393
1776728600,247274864,robot_4,-0.344,-1.061
1776728600,247286062,robot_1,0.462,1.752
1776728600,247292806,robot_2,-0.754,1.371
1776728600,466629756,robot_0,1.321,-0.066
1776728600,466649979,robot_3,-0.439,-0.394
1776728600,466659004,robot_4,-0.344,-1.062
1776728600,466666806,robot_1,0.462,1.752
1776728600,466673711,robot_2,-0.754,1.370
1776728600,667145504,robot_0,1.321,-0.067
1776728600,667168909,robot_3,-0.438,-0.394
1776728600,667180317,robot_4,-0.344,-1.062
1776728600,667189716,robot_1,0.487,1.732
1776728600,667199445,robot_2,-0.754,1.370
1776728600,886445555,robot_0,1.321,-0.067
1776728600,886463358,robot_3,-0.438,-0.394
1776728600,886471932,robot_4,-0.344,-1.062
1776728600,886479132,robot_1,0.538,1.691
1776728600,886486001,robot_2,-0.755,1.370
1776728601,86818306,robot_0,1.320,-0.067
1776728601,86842147,robot_3,-0.437,-0.394
1776728601,86852264,robot_4,-0.344,-1.062
1776728601,86858885,robot_1,0.569,1.667
1776728601,86866499,robot_2,-0.755,1.369
1776728601,305819272,robot_0,1.320,-0.068
1776728601,305837549,robot_3,-0.437,-0.394
1776728601,305844539,robot_4,-0.344,-1.061
1776728601,305850031,robot_1,0.578,1.660
1776728601,305855370,robot_2,-0.755,1.369
1776728601,507183300,robot_0,1.320,-0.068
1776728601,507205551,robot_3,-0.436,-0.394
1776728601,507216537,robot_4,-0.343,-1.061
1776728601,507225675,robot_1,0.578,1.660
1776728601,507234682,robot_2,-0.755,1.368
1776728601,725981755,robot_0,1.320,-0.069
1776728601,726005167,robot_3,-0.436,-0.394
1776728601,726015765,robot_4,-0.343,-1.061
1776728601,726024907,robot_1,0.578,1.660
1776728601,726034021,robot_2,-0.755,1.368
1776728601,926245112,robot_0,1.321,-0.069
1776728601,926262768,robot_3,-0.442,-0.380
1776728601,926271011,robot_4,-0.342,-1.061
1776728601,926283800,robot_1,0.578,1.659
1776728601,926295910,robot_2,-0.755,1.368
1776728602,127136515,robot_0,1.321,-0.069
1776728602,127153933,robot_3,-0.458,-0.343
1776728602,127161912,robot_4,-0.342,-1.061
1776728602,127168266,robot_1,0.578,1.659
1776728602,127174999,robot_2,-0.755,1.367
1776728602,346325277,robot_0,1.321,-0.070
1776728602,346347549,robot_3,-0.486,-0.282
1776728602,346356612,robot_4,-0.341,-1.061
1776728602,346363271,robot_1,0.578,1.658
1776728602,346370048,robot_2,-0.755,1.367
1776728602,566212730,robot_0,1.322,-0.070
1776728602,566227216,robot_3,-0.511,-0.233
1776728602,566233761,robot_4,-0.341,-1.061
1776728602,566238932,robot_1,0.578,1.658
1776728602,566244211,robot_2,-0.754,1.367
1776728602,785470773,robot_0,1.322,-0.070
1776728602,785489179,robot_3,-0.529,-0.199
1776728602,785495690,robot_4,-0.340,-1.061
1776728602,785500974,robot_1,0.579,1.658
1776728602,785506085,robot_2,-0.726,1.390
1776728602,986864822,robot_0,1.322,-0.070
1776728602,986886367,robot_3,-0.529,-0.198
1776728602,986896747,robot_4,-0.353,-1.091
1776728602,986905378,robot_1,0.579,1.657
1776728602,986913897,robot_2,-0.708,1.404
1776728603,206575786,robot_0,1.323,-0.070
1776728603,206594255,robot_3,-0.528,-0.198
1776728603,206603516,robot_4,-0.372,-1.137
1776728603,206611529,robot_1,0.579,1.657
1776728603,206619021,robot_2,-0.707,1.404
1776728603,426475506,robot_0,1.323,-0.070
1776728603,426491300,robot_3,-0.528,-0.198
1776728603,426498826,robot_4,-0.372,-1.137
1776728603,426504426,robot_1,0.580,1.657
1776728603,426509838,robot_2,-0.707,1.404
1776728603,647107916,robot_0,1.322,-0.061
1776728603,647130271,robot_3,-0.528,-0.197
1776728603,647142404,robot_4,-0.373,-1.137
1776728603,647151832,robot_1,0.580,1.657
1776728603,647160456,robot_2,-0.707,1.404
1776728603,865731945,robot_0,1.314,-0.019
1776728603,865746779,robot_3,-0.528,-0.197
1776728603,865753302,robot_4,-0.373,-1.137
1776728603,865758493,robot_1,0.581,1.657
1776728603,865763502,robot_2,-0.706,1.404
1776728604,66641733,robot_0,1.312,-0.012
1776728604,66659601,robot_3,-0.528,-0.196
1776728604,66668182,robot_4,-0.374,-1.137
1776728604,66674440,robot_1,0.581,1.657
1776728604,66680729,robot_2,-0.706,1.404
1776728604,285993823,robot_0,1.312,-0.012
1776728604,286016565,robot_3,-0.528,-0.196
1776728604,286025341,robot_4,-0.374,-1.137
1776728604,286033502,robot_1,0.582,1.657
1776728604,286042343,robot_2,-0.705,1.404
1776728604,486843272,robot_0,1.313,-0.012
1776728604,486861194,robot_3,-0.528,-0.195
1776728604,486869058,robot_4,-0.374,-1.137
1776728604,486875818,robot_1,0.582,1.657
1776728604,486883358,robot_2,-0.705,1.404
1776728604,706417348,robot_0,1.313,-0.011
1776728604,706445246,robot_3,-0.528,-0.195
1776728604,706458875,robot_4,-0.375,-1.138
1776728604,706469973,robot_1,0.582,1.658
1776728604,706481081,robot_2,-0.704,1.404
1776728604,925763074,robot_0,1.314,-0.011
1776728604,925778133,robot_3,-0.528,-0.194
1776728604,925784627,robot_4,-0.375,-1.138
1776728604,925789841,robot_1,0.568,1.671
1776728604,925794651,robot_2,-0.704,1.405
1776728605,126688832,robot_0,1.314,-0.011
1776728605,126707545,robot_3,-0.529,-0.194
1776728605,126715590,robot_4,-0.375,-1.139
1776728605,126721458,robot_1,0.519,1.714
1776728605,126727223,robot_2,-0.704,1.405
1776728605,345731370,robot_0,1.314,-0.010
1776728605,345749366,robot_3,-0.529,-0.194
1776728605,345756034,robot_4,-0.375,-1.139
1776728605,345761564,robot_1,0.485,1.744
1776728605,345766647,robot_2,-0.704,1.405
1776728605,546383938,robot_0,1.314,-0.010
1776728605,546402154,robot_3,-0.530,-0.194
1776728605,546410491,robot_4,-0.375,-1.139
1776728605,546417326,robot_1,0.471,1.757
1776728605,546423912,robot_2,-0.704,1.406
1776728605,765584098,robot_0,1.314,-0.009
1776728605,765601246,robot_3,-0.530,-0.194
1776728605,765611502,robot_4,-0.375,-1.140
1776728605,765619615,robot_1,0.471,1.757
1776728605,765627276,robot_2,-0.703,1.406
1776728605,965656392,robot_0,1.314,-0.009
1776728605,965674348,robot_3,-0.530,-0.194
1776728605,965682434,robot_4,-0.375,-1.140
1776728605,965690772,robot_1,0.471,1.758
1776728605,965696303,robot_2,-0.704,1.407
1776728606,165914096,robot_0,1.314,-0.008
1776728606,165930055,robot_3,-0.531,-0.194
1776728606,165936604,robot_4,-0.375,-1.141
1776728606,165941881,robot_1,0.471,1.758
1776728606,165947372,robot_2,-0.704,1.407
1776728606,367285093,robot_0,1.313,-0.008
1776728606,367370921,robot_3,-0.531,-0.194
1776728606,367393285,robot_4,-0.375,-1.141
1776728606,367408052,robot_1,0.472,1.759
1776728606,367420649,robot_2,-0.704,1.407
1776728606,586489670,robot_0,1.313,-0.008
1776728606,586506787,robot_3,-0.529,-0.199
1776728606,586513435,robot_4,-0.374,-1.141
1776728606,586519015,robot_1,0.471,1.759
1776728606,586524767,robot_2,-0.704,1.408
1776728606,787610448,robot_0,1.313,-0.008
1776728606,787638585,robot_3,-0.510,-0.248
1776728606,787651429,robot_4,-0.374,-1.141
1776728606,787662912,robot_1,0.471,1.759
1776728606,787671270,robot_2,-0.705,1.407
1776728607,6800797,robot_0,1.312,-0.007
1776728607,6829590,robot_3,-0.502,-0.273
1776728607,6845149,robot_4,-0.374,-1.141
1776728607,6857128,robot_1,0.471,1.760
1776728607,6868552,robot_2,-0.742,1.382
1776728607,226432315,robot_0,1.312,-0.007
1776728607,226467573,robot_3,-0.502,-0.273
1776728607,226488431,robot_4,-0.374,-1.142
1776728607,226506772,robot_1,0.471,1.760
1776728607,226523878,robot_2,-0.780,1.356
1776728607,427449588,robot_0,1.311,-0.007
1776728607,427467869,robot_3,-0.502,-0.273
1776728607,427476227,robot_4,-0.373,-1.142
1776728607,427482586,robot_1,0.471,1.761
1776728607,427488984,robot_2,-0.808,1.336
1776728607,646994011,robot_0,1.311,-0.007
1776728607,647013437,robot_3,-0.502,-0.273
1776728607,647022721,robot_4,-0.373,-1.142
1776728607,647030356,robot_1,0.470,1.761
1776728607,647037721,robot_2,-0.809,1.336
1776728607,867313950,robot_0,1.315,-0.040
1776728607,867353319,robot_3,-0.503,-0.273
1776728607,867376109,robot_4,-0.372,-1.142
1776728607,867394690,robot_1,0.470,1.761
1776728607,867412060,robot_2,-0.809,1.336
1776728608,86201540,robot_0,1.321,-0.095
1776728608,86217125,robot_3,-0.503,-0.274
1776728608,86223814,robot_4,-0.372,-1.141
1776728608,86229646,robot_1,0.469,1.761
1776728608,86236101,robot_2,-0.809,1.336
1776728608,306040045,robot_0,1.328,-0.162
1776728608,306062050,robot_3,-0.503,-0.274
1776728608,306069583,robot_4,-0.372,-1.141
1776728608,306075900,robot_1,0.469,1.761
1776728608,306081536,robot_2,-0.810,1.336
1776728608,525580796,robot_0,1.329,-0.170
1776728608,525596101,robot_3,-0.503,-0.275
1776728608,525602608,robot_4,-0.371,-1.141
1776728608,525607903,robot_1,0.468,1.761
1776728608,525613000,robot_2,-0.810,1.337
1776728608,727100512,robot_0,1.328,-0.170
1776728608,727116256,robot_3,-0.503,-0.275
1776728608,727123337,robot_4,-0.371,-1.141
1776728608,727128547,robot_1,0.468,1.761
1776728608,727133242,robot_2,-0.811,1.337
1776728608,945457942,robot_0,1.328,-0.170
1776728608,945472804,robot_3,-0.503,-0.276
1776728608,945479366,robot_4,-0.371,-1.140
1776728608,945484455,robot_1,0.468,1.760
1776728608,945490175,robot_2,-0.811,1.336
1776728609,145911455,robot_0,1.328,-0.171
1776728609,145926699,robot_3,-0.503,-0.276
1776728609,145934353,robot_4,-0.371,-1.140
1776728609,145940472,robot_1,0.467,1.760
1776728609,145946403,robot_2,-0.812,1.336
1776728609,346754764,robot_0,1.327,-0.171
1776728609,346774366,robot_3,-0.502,-0.277
1776728609,346781106,robot_4,-0.371,-1.140
1776728609,346786714,robot_1,0.469,1.758
1776728609,346791800,robot_2,-0.812,1.336
1776728609,547012301,robot_0,1.327,-0.171
1776728609,547028459,robot_3,-0.502,-0.277
1776728609,547036155,robot_4,-0.371,-1.139
1776728609,547042715,robot_1,0.505,1.721
1776728609,547049237,robot_2,-0.812,1.336
1776728609,766712679,robot_0,1.327,-0.172
1776728609,766739113,robot_3,-0.502,-0.277
1776728609,766752836,robot_4,-0.371,-1.139
1776728609,766764730,robot_1,0.528,1.696
1776728609,766776388,robot_2,-0.812,1.335
1776728609,967588662,robot_0,1.327,-0.172
1776728609,967610578,robot_3,-0.501,-0.277
1776728609,967621960,robot_4,-0.371,-1.139
1776728609,967631940,robot_1,0.528,1.696
1776728609,967641163,robot_2,-0.813,1.335
1776728610,186396264,robot_0,1.327,-0.173
1776728610,186416602,robot_3,-0.501,-0.277
1776728610,186425425,robot_4,-0.371,-1.138
1776728610,186432881,robot_1,0.528,1.695
1776728610,186440675,robot_2,-0.813,1.335
1776728610,406779550,robot_0,1.327,-0.173
1776728610,406799943,robot_3,-0.500,-0.277
1776728610,406809560,robot_4,-0.371,-1.138
1776728610,406817575,robot_1,0.528,1.695
1776728610,406825563,robot_2,-0.813,1.334
1776728610,625729214,robot_0,1.327,-0.173
1776728610,625743793,robot_3,-0.500,-0.277
1776728610,625750468,robot_4,-0.371,-1.137
1776728610,625756407,robot_1,0.528,1.694
1776728610,625761334,robot_2,-0.813,1.334
1776728610,826655669,robot_0,1.327,-0.174
1776728610,826673906,robot_3,-0.503,-0.265
1776728610,826680247,robot_4,-0.372,-1.137
1776728610,826685730,robot_1,0.528,1.694
1776728610,826690832,robot_2,-0.813,1.333
1776728611,26925132,robot_0,1.328,-0.174
1776728611,26943812,robot_3,-0.512,-0.226
1776728611,26953093,robot_4,-0.372,-1.137
1776728611,26960482,robot_1,0.528,1.694
1776728611,26967539,robot_2,-0.812,1.333
1776728611,245497435,robot_0,1.328,-0.174
1776728611,245511417,robot_3,-0.513,-0.219
1776728611,245517900,robot_4,-0.373,-1.137
1776728611,245522888,robot_1,0.528,1.693
1776728611,245528023,robot_2,-0.812,1.333
1776728611,446190124,robot_0,1.329,-0.175
1776728611,446207640,robot_3,-0.513,-0.219
1776728611,446216050,robot_4,-0.373,-1.137
1776728611,446222387,robot_1,0.528,1.693
1776728611,446228529,robot_2,-0.791,1.345
1776728611,646919855,robot_0,1.329,-0.175
1776728611,646942387,robot_3,-0.513,-0.218
1776728611,646953846,robot_4,-0.373,-1.137
1776728611,646963814,robot_1,0.529,1.692
1776728611,646973308,robot_2,-0.770,1.357
1776728611,867138935,robot_0,1.329,-0.175
1776728611,867169222,robot_3,-0.512,-0.218
1776728611,867184356,robot_4,-0.374,-1.137
1776728611,867196676,robot_1,0.529,1.692
1776728611,867208795,robot_2,-0.770,1.357
1776728612,67439080,robot_0,1.329,-0.162
1776728612,67459844,robot_3,-0.512,-0.218
1776728612,67469534,robot_4,-0.374,-1.137
1776728612,67477030,robot_1,0.530,1.692
1776728612,67483604,robot_2,-0.769,1.357
1776728612,288525428,robot_0,1.328,-0.118
1776728612,288553725,robot_3,-0.512,-0.217
1776728612,288564449,robot_4,-0.375,-1.138
1776728612,288574649,robot_1,0.530,1.692
1776728612,288585079,robot_2,-0.769,1.357
1776728612,505221634,robot_0,1.328,-0.115
1776728612,505237187,robot_3,-0.512,-0.217
1776728612,505244172,robot_4,-0.375,-1.138
1776728612,505250039,robot_1,0.530,1.692
1776728612,505256171,robot_2,-0.768,1.357
1776728612,706589090,robot_0,1.328,-0.114
1776728612,706615924,robot_3,-0.512,-0.216
1776728612,706626859,robot_4,-0.375,-1.138
1776728612,706635941,robot_1,0.531,1.692
1776728612,706645090,robot_2,-0.768,1.356
1776728612,906666608,robot_0,1.329,-0.114
1776728612,906687597,robot_3,-0.512,-0.216
1776728612,906697454,robot_4,-0.375,-1.138
1776728612,906705302,robot_1,0.531,1.692
1776728612,906712725,robot_2,-0.768,1.356
1776728613,126696567,robot_0,1.329,-0.114
1776728613,126714019,robot_3,-0.512,-0.215
1776728613,126721250,robot_4,-0.375,-1.138
1776728613,126727368,robot_1,0.532,1.692
1776728613,126733343,robot_2,-0.767,1.356
1776728613,345393787,robot_0,1.329,-0.114
1776728613,345421818,robot_3,-0.512,-0.215
1776728613,345429736,robot_4,-0.375,-1.139
1776728613,345435251,robot_1,0.530,1.695
1776728613,345440487,robot_2,-0.767,1.357
1776728613,547272280,robot_0,1.330,-0.113
1776728613,547292087,robot_3,-0.512,-0.214
1776728613,547299789,robot_4,-0.375,-1.139
1776728613,547306025,robot_1,0.506,1.724
1776728613,547311808,robot_2,-0.766,1.357
1776728613,766650848,robot_0,1.330,-0.113
1776728613,766670437,robot_3,-0.513,-0.214
1776728613,766679940,robot_4,-0.375,-1.139
1776728613,766687434,robot_1,0.466,1.774
1776728613,766694278,robot_2,-0.766,1.357
1776728613,985266468,robot_0,1.330,-0.113
1776728613,985287545,robot_3,-0.513,-0.214
1776728613,985294324,robot_4,-0.375,-1.140
1776728613,985299689,robot_1,0.424,1.827
1776728613,985305132,robot_2,-0.766,1.358
1776728614,186428391,robot_0,1.330,-0.112
1776728614,186454306,robot_3,-0.514,-0.214
1776728614,186466248,robot_4,-0.375,-1.140
1776728614,186476289,robot_1,0.421,1.830
1776728614,186484805,robot_2,-0.765,1.358
1776728614,386499164,robot_0,1.330,-0.112
1776728614,386520103,robot_3,-0.514,-0.214
1776728614,386529831,robot_4,-0.375,-1.141
1776728614,386537265,robot_1,0.421,1.830
1776728614,386544749,robot_2,-0.765,1.358
1776728614,587445132,robot_0,1.330,-0.111
1776728614,587471348,robot_3,-0.515,-0.214
1776728614,587482247,robot_4,-0.375,-1.141
1776728614,587491218,robot_1,0.422,1.830
1776728614,587499545,robot_2,-0.765,1.359
1776728614,806305537,robot_0,1.330,-0.111
1776728614,806324676,robot_3,-0.515,-0.214
1776728614,806331767,robot_4,-0.374,-1.141
1776728614,806337434,robot_1,0.422,1.831
1776728614,806342560,robot_2,-0.765,1.359
1776728615,6514420,robot_0,1.329,-0.111
1776728615,6529579,robot_3,-0.512,-0.235
1776728615,6536050,robot_4,-0.374,-1.141
1776728615,6541068,robot_1,0.422,1.831
1776728615,6546074,robot_2,-0.765,1.360
1776728615,225887867,robot_0,1.329,-0.110
1776728615,225917346,robot_3,-0.509,-0.253
1776728615,225929756,robot_4,-0.374,-1.142
1776728615,225936043,robot_1,0.422,1.832
1776728615,225943915,robot_2,-0.766,1.360
1776728615,426019924,robot_0,1.329,-0.110
1776728615,426036042,robot_3,-0.509,-0.253
1776728615,426042710,robot_4,-0.374,-1.142
1776728615,426048529,robot_1,0.422,1.832
1776728615,426053618,robot_2,-0.766,1.360
1776728615,626441259,robot_0,1.328,-0.110
1776728615,626463161,robot_3,-0.510,-0.253
1776728615,626472625,robot_4,-0.374,-1.142
1776728615,626480982,robot_1,0.421,1.833
1776728615,626488827,robot_2,-0.770,1.358
1776728615,845673843,robot_0,1.328,-0.110
1776728615,845696319,robot_3,-0.510,-0.254
1776728615,845704647,robot_4,-0.373,-1.142
1776728615,845711767,robot_1,0.421,1.833
1776728615,845717967,robot_2,-0.810,1.339
1776728616,46269077,robot_0,1.327,-0.110
1776728616,46300269,robot_3,-0.510,-0.254
1776728616,46311946,robot_4,-0.373,-1.142
1776728616,46321931,robot_1,0.421,1.833
1776728616,46332188,robot_2,-0.820,1.334
1776728616,246339088,robot_0,1.327,-0.110
1776728616,246359599,robot_3,-0.511,-0.254
1776728616,246366935,robot_4,-0.373,-1.142
1776728616,246372317,robot_1,0.421,1.833
1776728616,246377821,robot_2,-0.820,1.335
1776728616,446516842,robot_0,1.327,-0.110
1776728616,446544370,robot_3,-0.511,-0.255
1776728616,446558325,robot_4,-0.372,-1.142
1776728616,446568988,robot_1,0.420,1.834
1776728616,446579157,robot_2,-0.820,1.335
1776728616,666527591,robot_0,1.327,-0.110
1776728616,666554589,robot_3,-0.511,-0.255
1776728616,666570226,robot_4,-0.372,-1.141
1776728616,666581917,robot_1,0.420,1.834
1776728616,666593882,robot_2,-0.821,1.335
1776728616,866737922,robot_0,1.327,-0.110
1776728616,866759883,robot_3,-0.511,-0.256
1776728616,866770557,robot_4,-0.371,-1.141
1776728616,866778716,robot_1,0.419,1.834
1776728616,866786646,robot_2,-0.821,1.335
1776728617,86216667,robot_0,1.326,-0.110
1776728617,86233472,robot_3,-0.511,-0.256
1776728617,86240153,robot_4,-0.371,-1.141
1776728617,86245215,robot_1,0.419,1.834
1776728617,86250761,robot_2,-0.822,1.335
1776728617,305721067,robot_0,1.326,-0.110
1776728617,305740235,robot_3,-0.511,-0.257
1776728617,305746767,robot_4,-0.371,-1.140
1776728617,305752214,robot_1,0.418,1.834
1776728617,305757297,robot_2,-0.822,1.336
1776728617,525022357,robot_0,1.326,-0.111
1776728617,525037133,robot_3,-0.511,-0.257
1776728617,525043592,robot_4,-0.371,-1.140
1776728617,525049470,robot_1,0.418,1.833
1776728617,525054533,robot_2,-0.823,1.335
1776728617,725700801,robot_0,1.325,-0.111
1776728617,725714184,robot_3,-0.510,-0.257
1776728617,725720633,robot_4,-0.371,-1.140
1776728617,725726080,robot_1,0.418,1.833
1776728617,725731382,robot_2,-0.823,1.335
1776728617,925905338,robot_0,1.325,-0.112
1776728617,925926463,robot_3,-0.510,-0.258
1776728617,925936655,robot_4,-0.371,-1.139
1776728617,925944443,robot_1,0.427,1.819
1776728617,925952527,robot_2,-0.823,1.335
1776728618,127096776,robot_0,1.325,-0.112
1776728618,127116772,robot_3,-0.509,-0.258
1776728618,127127648,robot_4,-0.371,-1.139
1776728618,127136848,robot_1,0.450,1.787
1776728618,127143900,robot_2,-0.824,1.335
1776728618,346773750,robot_0,1.325,-0.112
1776728618,346796808,robot_3,-0.509,-0.258
1776728618,346804939,robot_4,-0.371,-1.138
1776728618,346811606,robot_1,0.452,1.784
1776728618,346818673,robot_2,-0.824,1.335
1776728618,566166423,robot_0,1.325,-0.113
1776728618,566186554,robot_3,-0.508,-0.258
1776728618,566195947,robot_4,-0.371,-1.138
1776728618,566203933,robot_1,0.452,1.783
1776728618,566211959,robot_2,-0.824,1.334
1776728618,786607243,robot_0,1.325,-0.113
1776728618,786627344,robot_3,-0.508,-0.258
1776728618,786635065,robot_4,-0.371,-1.138
1776728618,786641498,robot_1,0.451,1.783
1776728618,786647923,robot_2,-0.824,1.334
1776728619,5841758,robot_0,1.326,-0.114
1776728619,5857007,robot_3,-0.510,-0.227
1776728619,5863862,robot_4,-0.372,-1.137
1776728619,5869024,robot_1,0.451,1.782
1776728619,5874522,robot_2,-0.824,1.333
1776728619,206185707,robot_0,1.326,-0.114
1776728619,206210939,robot_3,-0.513,-0.186
1776728619,206222016,robot_4,-0.372,-1.137
1776728619,206231645,robot_1,0.451,1.782
1776728619,206241519,robot_2,-0.824,1.333
1776728619,406257925,robot_0,1.326,-0.114
1776728619,406288673,robot_3,-0.516,-0.144
1776728619,406300687,robot_4,-0.372,-1.137
1776728619,406309805,robot_1,0.451,1.782
1776728619,406318581,robot_2,-0.824,1.332
1776728619,607091875,robot_0,1.327,-0.114
1776728619,607120168,robot_3,-0.517,-0.132
1776728619,607134700,robot_4,-0.372,-1.137
1776728619,607147258,robot_1,0.451,1.781
1776728619,607159416,robot_2,-0.824,1.332
1776728619,826167836,robot_0,1.327,-0.115
1776728619,826191820,robot_3,-0.516,-0.132
1776728619,826198948,robot_4,-0.371,-1.138
1776728619,826204140,robot_1,0.451,1.781
1776728619,826209146,robot_2,-0.824,1.332
1776728620,26508863,robot_0,1.327,-0.115
1776728620,26533443,robot_3,-0.516,-0.132
1776728620,26544974,robot_4,-0.371,-1.138
1776728620,26554476,robot_1,0.451,1.780
1776728620,26563612,robot_2,-0.795,1.343
1776728620,226864565,robot_0,1.328,-0.109
1776728620,226882562,robot_3,-0.515,-0.132
1776728620,226891967,robot_4,-0.371,-1.139
1776728620,226897091,robot_1,0.452,1.780
1776728620,226902210,robot_2,-0.743,1.363
1776728620,446232942,robot_0,1.337,-0.038
1776728620,446258454,robot_3,-0.515,-0.131
1776728620,446271752,robot_4,-0.371,-1.139
1776728620,446284746,robot_1,0.452,1.780
1776728620,446294815,robot_2,-0.702,1.378
1776728620,647045743,robot_0,1.342,0.012
1776728620,647064415,robot_3,-0.515,-0.131
1776728620,647073713,robot_4,-0.371,-1.140
1776728620,647081341,robot_1,0.452,1.780
1776728620,647089166,robot_2,-0.691,1.382
1776728620,866058115,robot_0,1.345,0.043
1776728620,866074801,robot_3,-0.515,-0.130
1776728620,866081695,robot_4,-0.371,-1.140
1776728620,866087035,robot_1,0.453,1.779
1776728620,866092198,robot_2,-0.691,1.382
1776728621,85392612,robot_0,1.345,0.043
1776728621,85412435,robot_3,-0.514,-0.130
1776728621,85420389,robot_4,-0.371,-1.141
1776728621,85426721,robot_1,0.453,1.779
1776728621,85433414,robot_2,-0.691,1.381
1776728621,286440582,robot_0,1.346,0.043
1776728621,286459502,robot_3,-0.514,-0.129
1776728621,286466762,robot_4,-0.371,-1.141
1776728621,286473655,robot_1,0.454,1.779
1776728621,286480647,robot_2,-0.691,1.381
1776728621,505231288,robot_0,1.346,0.043
1776728621,505245724,robot_3,-0.515,-0.129
1776728621,505252236,robot_4,-0.372,-1.141
1776728621,505257863,robot_1,0.454,1.780
1776728621,505263337,robot_2,-0.690,1.381
1776728621,706485821,robot_0,1.346,0.043
1776728621,706502072,robot_3,-0.515,-0.128
1776728621,706508800,robot_4,-0.372,-1.141
1776728621,706514477,robot_1,0.455,1.780
1776728621,706519787,robot_2,-0.690,1.381
1776728621,907257030,robot_0,1.347,0.044
1776728621,907288417,robot_3,-0.515,-0.128
1776728621,907301683,robot_4,-0.371,-1.141
1776728621,907312074,robot_1,0.455,1.780
1776728621,907322415,robot_2,-0.689,1.381
1776728622,127440672,robot_0,1.347,0.044
1776728622,127460808,robot_3,-0.515,-0.128
1776728622,127470041,robot_4,-0.371,-1.140
1776728622,127477785,robot_1,0.445,1.797
1776728622,127485630,robot_2,-0.689,1.381
1776728622,346061873,robot_0,1.347,0.044
1776728622,346092330,robot_3,-0.516,-0.127
1776728622,346099882,robot_4,-0.371,-1.140
1776728622,346106513,robot_1,0.413,1.853
1776728622,346113188,robot_2,-0.688,1.381
1776728622,565824259,robot_0,1.347,0.045
1776728622,565839434,robot_3,-0.516,-0.127
1776728622,565846883,robot_4,-0.371,-1.139
1776728622,565852608,robot_1,0.391,1.891
1776728622,565858474,robot_2,-0.688,1.381
1776728622,766632631,robot_0,1.348,0.045
1776728622,766651233,robot_3,-0.516,-0.127
1776728622,766659481,robot_4,-0.371,-1.139
1776728622,766665660,robot_1,0.384,1.904
1776728622,766673128,robot_2,-0.688,1.381
1776728622,967161487,robot_0,1.347,0.046
1776728622,967176359,robot_3,-0.517,-0.127
1776728622,967183408,robot_4,-0.372,-1.139
1776728622,967188128,robot_1,0.384,1.904
1776728622,967193695,robot_2,-0.687,1.382
1776728623,185123512,robot_0,1.347,0.046
1776728623,185144431,robot_3,-0.517,-0.127
1776728623,185150890,robot_4,-0.372,-1.138
1776728623,185156439,robot_1,0.384,1.905
1776728623,185162670,robot_2,-0.687,1.382
1776728623,386246950,robot_0,1.347,0.047
1776728623,386263419,robot_3,-0.517,-0.132
1776728623,386269939,robot_4,-0.372,-1.138
1776728623,386275624,robot_1,0.384,1.905
1776728623,386284921,robot_2,-0.687,1.382
1776728623,606513318,robot_0,1.347,0.047
1776728623,606538352,robot_3,-0.518,-0.176
1776728623,606549463,robot_4,-0.373,-1.138
1776728623,606558812,robot_1,0.385,1.905
1776728623,606567203,robot_2,-0.687,1.383
1776728623,825587732,robot_0,1.347,0.047
1776728623,825605243,robot_3,-0.518,-0.187
1776728623,825611807,robot_4,-0.373,-1.138
1776728623,825617188,robot_1,0.385,1.906
1776728623,825622841,robot_2,-0.687,1.383
1776728624,45101467,robot_0,1.346,0.048
1776728624,45116010,robot_3,-0.518,-0.187
1776728624,45122512,robot_4,-0.374,-1.138
1776728624,45127967,robot_1,0.385,1.906
1776728624,45132825,robot_2,-0.687,1.384
1776728624,246950261,robot_0,1.346,0.048
1776728624,246971686,robot_3,-0.519,-0.187
1776728624,246981533,robot_4,-0.374,-1.138
1776728624,246988869,robot_1,0.385,1.907
1776728624,246997096,robot_2,-0.696,1.382
1776728624,446996582,robot_0,1.345,0.048
1776728624,447021470,robot_3,-0.519,-0.187
1776728624,447034731,robot_4,-0.374,-1.138
1776728624,447044163,robot_1,0.384,1.907
1776728624,447053650,robot_2,-0.742,1.368
1776728624,647185074,robot_0,1.344,0.039
1776728624,647210071,robot_3,-0.520,-0.188
1776728624,647222312,robot_4,-0.375,-1.138
1776728624,647230601,robot_1,0.384,1.908
1776728624,647240247,robot_2,-0.781,1.357
1776728624,867014192,robot_0,1.331,-0.030
1776728624,867044244,robot_3,-0.520,-0.188
1776728624,867060985,robot_4,-0.375,-1.138
1776728624,867074745,robot_1,0.384,1.908
1776728624,867088707,robot_2,-0.811,1.348
1776728625,87084252,robot_0,1.327,-0.051
1776728625,87104537,robot_3,-0.520,-0.189
1776728625,87113844,robot_4,-0.375,-1.138
1776728625,87121444,robot_1,0.384,1.908
1776728625,87128666,robot_2,-0.811,1.348
1776728625,305969790,robot_0,1.327,-0.051
1776728625,305989629,robot_3,-0.520,-0.189
1776728625,305996728,robot_4,-0.376,-1.139
1776728625,306002549,robot_1,0.383,1.908
1776728625,306008295,robot_2,-0.812,1.348
1776728625,507163626,robot_0,1.326,-0.051
1776728625,507179950,robot_3,-0.520,-0.190
1776728625,507187340,robot_4,-0.367,-1.146
1776728625,507192800,robot_1,0.383,1.908
1776728625,507197785,robot_2,-0.812,1.349
1776728625,726654268,robot_0,1.326,-0.051
1776728625,726669716,robot_3,-0.520,-0.190
1776728625,726677212,robot_4,-0.330,-1.179
1776728625,726683430,robot_1,0.382,1.908
1776728625,726689927,robot_2,-0.812,1.349
1776728625,947006185,robot_0,1.325,-0.051
1776728625,947024881,robot_3,-0.520,-0.191
1776728625,947033430,robot_4,-0.324,-1.184
1776728625,947040289,robot_1,0.382,1.908
1776728625,947047808,robot_2,-0.813,1.349
1776728626,165875971,robot_0,1.325,-0.051
1776728626,165890328,robot_3,-0.520,-0.191
1776728626,165896676,robot_4,-0.324,-1.185
1776728626,165901772,robot_1,0.381,1.908
1776728626,165906809,robot_2,-0.813,1.349
1776728626,365903081,robot_0,1.325,-0.052
1776728626,365919492,robot_3,-0.520,-0.191
1776728626,365926407,robot_4,-0.324,-1.185
1776728626,365931335,robot_1,0.381,1.908
1776728626,365935930,robot_2,-0.813,1.349
1776728626,586537831,robot_0,1.325,-0.052
1776728626,586556239,robot_3,-0.519,-0.192
1776728626,586563615,robot_4,-0.324,-1.185
1776728626,586569345,robot_1,0.385,1.900
1776728626,586574986,robot_2,-0.814,1.349
1776728626,786772835,robot_0,1.325,-0.053
1776728626,786795241,robot_3,-0.519,-0.192
1776728626,786802961,robot_4,-0.324,-1.186
1776728626,786809103,robot_1,0.414,1.839
1776728626,786815232,robot_2,-0.814,1.349
1776728627,6719357,robot_0,1.324,-0.053
1776728627,6739961,robot_3,-0.519,-0.192
1776728627,6749590,robot_4,-0.324,-1.186
1776728627,6757481,robot_1,0.435,1.792
1776728627,6765532,robot_2,-0.815,1.349
1776728627,226983774,robot_0,1.325,-0.053
1776728627,227011360,robot_3,-0.518,-0.192
1776728627,227023135,robot_4,-0.324,-1.187
1776728627,227033549,robot_1,0.457,1.745
1776728627,227043838,robot_2,-0.815,1.349
1776728627,445411326,robot_0,1.325,-0.054
1776728627,445428080,robot_3,-0.516,-0.170
1776728627,445434799,robot_4,-0.324,-1.187
1776728627,445440404,robot_1,0.481,1.694
1776728627,445445628,robot_2,-0.815,1.348
1776728627,646747807,robot_0,1.325,-0.054
1776728627,646771543,robot_3,-0.510,-0.113
1776728627,646782021,robot_4,-0.324,-1.187
1776728627,646790152,robot_1,0.483,1.690
1776728627,646799356,robot_2,-0.816,1.348
1776728627,865418082,robot_0,1.325,-0.055
1776728627,865438853,robot_3,-0.509,-0.102
1776728627,865448754,robot_4,-0.323,-1.188
1776728627,865456624,robot_1,0.483,1.690
1776728627,865464235,robot_2,-0.816,1.347
1776728628,65844608,robot_0,1.326,-0.055
1776728628,65858825,robot_3,-0.509,-0.102
1776728628,65865088,robot_4,-0.323,-1.188
1776728628,65870383,robot_1,0.483,1.689
1776728628,65875778,robot_2,-0.816,1.347
1776728628,267549161,robot_0,1.326,-0.055
1776728628,267583019,robot_3,-0.508,-0.102
1776728628,267603768,robot_4,-0.323,-1.188
1776728628,267621783,robot_1,0.482,1.689
1776728628,267638717,robot_2,-0.816,1.347
1776728628,486218672,robot_0,1.326,-0.055
1776728628,486249875,robot_3,-0.508,-0.102
1776728628,486261423,robot_4,-0.322,-1.188
1776728628,486271792,robot_1,0.482,1.689
1776728628,486285558,robot_2,-0.815,1.346
1776728628,705748227,robot_0,1.332,-0.035
1776728628,705769255,robot_3,-0.508,-0.102
1776728628,705779613,robot_4,-0.322,-1.188
1776728628,705787905,robot_1,0.482,1.688
1776728628,705794929,robot_2,-0.780,1.354
1776728628,905742891,robot_0,1.342,0.001
1776728628,905758859,robot_3,-0.507,-0.101
1776728628,905766762,robot_4,-0.321,-1.188
1776728628,905772154,robot_1,0.482,1.688
1776728628,905778094,robot_2,-0.765,1.357
1776728629,125125838,robot_0,1.342,0.003
1776728629,125145002,robot_3,-0.507,-0.101
1776728629,125152160,robot_4,-0.321,-1.188
1776728629,125157984,robot_1,0.482,1.687
1776728629,125163079,robot_2,-0.765,1.356
1776728629,326393957,robot_0,1.343,0.003
1776728629,326414138,robot_3,-0.507,-0.101
1776728629,326420664,robot_4,-0.321,-1.187
1776728629,326426114,robot_1,0.482,1.687
1776728629,326431590,robot_2,-0.765,1.356
1776728629,545135553,robot_0,1.343,0.003
1776728629,545150986,robot_3,-0.507,-0.100
1776728629,545158547,robot_4,-0.321,-1.186
1776728629,545164320,robot_1,0.483,1.686
1776728629,545170058,robot_2,-0.765,1.356
1776728629,746011244,robot_0,1.343,0.003
1776728629,746025749,robot_3,-0.507,-0.100
1776728629,746032424,robot_4,-0.345,-1.157
1776728629,746037701,robot_1,0.483,1.686
1776728629,746043468,robot_2,-0.765,1.355
1776728629,946446354,robot_0,1.344,0.003
1776728629,946475410,robot_3,-0.507,-0.099
1776728629,946489681,robot_4,-0.376,-1.120
1776728629,946501458,robot_1,0.483,1.686
1776728629,946513887,robot_2,-0.764,1.355
1776728630,147390155,robot_0,1.344,0.003
1776728630,147416234,robot_3,-0.507,-0.099
1776728630,147430398,robot_4,-0.409,-1.081
1776728630,147441125,robot_1,0.484,1.686
1776728630,147452538,robot_2,-0.764,1.355
1776728630,367143100,robot_0,1.344,0.004
1776728630,367169182,robot_3,-0.507,-0.098
1776728630,367181677,robot_4,-0.414,-1.076
1776728630,367191931,robot_1,0.484,1.685
1776728630,367201563,robot_2,-0.763,1.355
1776728630,567199551,robot_0,1.345,0.004
1776728630,567218772,robot_3,-0.508,-0.098
1776728630,567228630,robot_4,-0.413,-1.076
1776728630,567235787,robot_1,0.484,1.685
1776728630,567243349,robot_2,-0.763,1.355
1776728630,788265513,robot_0,1.345,0.005
1776728630,788289148,robot_3,-0.508,-0.098
1776728630,788296829,robot_4,-0.413,-1.075
1776728630,788302102,robot_1,0.485,1.685
1776728630,788307202,robot_2,-0.762,1.355
1776728631,6673178,robot_0,1.345,0.005
1776728631,6698111,robot_3,-0.508,-0.097
1776728631,6706034,robot_4,-0.413,-1.075
1776728631,6712352,robot_1,0.485,1.686
1776728631,6718872,robot_2,-0.762,1.355
1776728631,226882972,robot_0,1.345,0.005
1776728631,226910897,robot_3,-0.509,-0.097
1776728631,226923884,robot_4,-0.413,-1.075
1776728631,226933981,robot_1,0.486,1.686
1776728631,226942926,robot_2,-0.762,1.356
1776728631,445549326,robot_0,1.345,0.006
1776728631,445563671,robot_3,-0.509,-0.098
1776728631,445570322,robot_4,-0.413,-1.074
1776728631,445576444,robot_1,0.486,1.686
1776728631,445581946,robot_2,-0.761,1.356
1776728631,646876890,robot_0,1.345,0.006
1776728631,646897840,robot_3,-0.516,-0.134
1776728631,646907573,robot_4,-0.413,-1.074
1776728631,646915594,robot_1,0.486,1.686
1776728631,646922754,robot_2,-0.761,1.356
1776728631,866431959,robot_0,1.344,0.007
1776728631,866453770,robot_3,-0.520,-0.154
1776728631,866463384,robot_4,-0.413,-1.073
1776728631,866471218,robot_1,0.486,1.686
1776728631,866478365,robot_2,-0.761,1.357
1776728632,85048823,robot_0,1.344,0.007
1776728632,85063832,robot_3,-0.520,-0.154
1776728632,85070785,robot_4,-0.414,-1.073
1776728632,85075889,robot_1,0.486,1.686
1776728632,85080902,robot_2,-0.761,1.357
1776728632,285765600,robot_0,1.344,0.007
1776728632,285784881,robot_3,-0.520,-0.154
1776728632,285791761,robot_4,-0.414,-1.073
1776728632,285796847,robot_1,0.487,1.686
1776728632,285802506,robot_2,-0.761,1.358
1776728632,487056325,robot_0,1.343,0.007
1776728632,487079700,robot_3,-0.521,-0.155
1776728632,487089777,robot_4,-0.414,-1.072
1776728632,487097447,robot_1,0.487,1.687
1776728632,487104382,robot_2,-0.761,1.358
1776728632,687087455,robot_0,1.343,0.007
1776728632,687109383,robot_3,-0.521,-0.155
1776728632,687118883,robot_4,-0.415,-1.072
1776728632,687126378,robot_1,0.487,1.687
1776728632,687133762,robot_2,-0.761,1.358
1776728632,906241128,robot_0,1.324,-0.045
1776728632,906256389,robot_3,-0.522,-0.155
1776728632,906262873,robot_4,-0.415,-1.072
1776728632,906268065,robot_1,0.487,1.688
1776728632,906273089,robot_2,-0.801,1.353
1776728633,106662966,robot_0,1.308,-0.090
1776728633,106681372,robot_3,-0.522,-0.155
1776728633,106689630,robot_4,-0.416,-1.072
1776728633,106696501,robot_1,0.487,1.688
1776728633,106703289,robot_2,-0.847,1.347
1776728633,326417750,robot_0,1.294,-0.128
1776728633,326437676,robot_3,-0.522,-0.156
1776728633,326444766,robot_4,-0.416,-1.072
1776728633,326450673,robot_1,0.487,1.689
1776728633,326456189,robot_2,-0.894,1.342
1776728633,545622708,robot_0,1.285,-0.152
1776728633,545637559,robot_3,-0.522,-0.156
1776728633,545644025,robot_4,-0.417,-1.073
1776728633,545649474,robot_1,0.487,1.689
1776728633,545654882,robot_2,-0.896,1.341
1776728633,746572598,robot_0,1.271,-0.187
1776728633,746595265,robot_3,-0.523,-0.157
1776728633,746606654,robot_4,-0.417,-1.073
1776728633,746615982,robot_1,0.486,1.689
1776728633,746624683,robot_2,-0.896,1.342
1776728633,946993044,robot_0,1.260,-0.216
1776728633,947013629,robot_3,-0.523,-0.157
1776728633,947023006,robot_4,-0.406,-1.089
1776728633,947032242,robot_1,0.486,1.690
1776728633,947040486,robot_2,-0.896,1.342
1776728634,147162534,robot_0,1.259,-0.216
1776728634,147187910,robot_3,-0.522,-0.158
1776728634,147200732,robot_4,-0.384,-1.120
1776728634,147210833,robot_1,0.486,1.690
1776728634,147220579,robot_2,-0.896,1.343
1776728634,366152366,robot_0,1.259,-0.216
1776728634,366167734,robot_3,-0.522,-0.158
1776728634,366174726,robot_4,-0.383,-1.123
1776728634,366180095,robot_1,0.485,1.690
1776728634,366185752,robot_2,-0.897,1.343
1776728634,586073007,robot_0,1.259,-0.216
1776728634,586087151,robot_3,-0.522,-0.159
1776728634,586093578,robot_4,-0.383,-1.123
1776728634,586099436,robot_1,0.485,1.690
1776728634,586105133,robot_2,-0.897,1.343
1776728634,786372505,robot_0,1.258,-0.216
1776728634,786399874,robot_3,-0.522,-0.159
1776728634,786411074,robot_4,-0.383,-1.123
1776728634,786420168,robot_1,0.484,1.690
1776728634,786428795,robot_2,-0.897,1.343
1776728634,987190926,robot_0,1.258,-0.216
1776728634,987215955,robot_3,-0.521,-0.159
1776728634,987228025,robot_4,-0.384,-1.124
1776728634,987237884,robot_1,0.484,1.690
1776728634,987248157,robot_2,-0.898,1.343
1776728635,187376617,robot_0,1.257,-0.216
1776728635,187395828,robot_3,-0.521,-0.159
1776728635,187405196,robot_4,-0.384,-1.124
1776728635,187412470,robot_1,0.484,1.690
1776728635,187419633,robot_2,-0.898,1.343
1776728635,405175919,robot_0,1.257,-0.217
1776728635,405190968,robot_3,-0.520,-0.160
1776728635,405197778,robot_4,-0.384,-1.124
1776728635,405203059,robot_1,0.484,1.690
1776728635,405207895,robot_2,-0.899,1.343
1776728635,605235383,robot_0,1.257,-0.217
1776728635,605249554,robot_3,-0.520,-0.160
1776728635,605256138,robot_4,-0.384,-1.125
1776728635,605261044,robot_1,0.493,1.658
1776728635,605265871,robot_2,-0.899,1.343
1776728635,806363049,robot_0,1.257,-0.217
1776728635,806384099,robot_3,-0.520,-0.160
1776728635,806390768,robot_4,-0.384,-1.125
1776728635,806396236,robot_1,0.501,1.628
1776728635,806401742,robot_2,-0.899,1.343
1776728636,25360930,robot_0,1.257,-0.218
1776728636,25375146,robot_3,-0.520,-0.160
1776728636,25382229,robot_4,-0.383,-1.126
1776728636,25387333,robot_1,0.507,1.607
1776728636,25392139,robot_2,-0.900,1.342
1776728636,226790750,robot_0,1.256,-0.218
1776728636,226808961,robot_3,-0.520,-0.160
1776728636,226816047,robot_4,-0.383,-1.126
1776728636,226821208,robot_1,0.507,1.606
1776728636,226826509,robot_2,-0.900,1.342
1776728636,447161910,robot_0,1.257,-0.219
1776728636,447182066,robot_3,-0.519,-0.160
1776728636,447191554,robot_4,-0.383,-1.126
1776728636,447198822,robot_1,0.507,1.606
1776728636,447206205,robot_2,-0.900,1.342
1776728636,647329956,robot_0,1.257,-0.219
1776728636,647349802,robot_3,-0.519,-0.159
1776728636,647359672,robot_4,-0.382,-1.126
1776728636,647367269,robot_1,0.507,1.606
1776728636,647377929,robot_2,-0.900,1.341
1776728636,867824728,robot_0,1.257,-0.220
1776728636,867848197,robot_3,-0.518,-0.159
1776728636,867858545,robot_4,-0.382,-1.127
1776728636,867866363,robot_1,0.506,1.605
1776728636,867873774,robot_2,-0.900,1.341
1776728637,86799557,robot_0,1.257,-0.220
1776728637,86821258,robot_3,-0.518,-0.159
1776728637,86832125,robot_4,-0.381,-1.127
1776728637,86840879,robot_1,0.506,1.605
1776728637,86849285,robot_2,-0.900,1.341
1776728637,306833491,robot_0,1.258,-0.220
1776728637,306856089,robot_3,-0.518,-0.158
1776728637,306864994,robot_4,-0.381,-1.127
1776728637,306872699,robot_1,0.506,1.605
1776728637,306878158,robot_2,-0.879,1.341
1776728637,526780790,robot_0,1.258,-0.220
1776728637,526801920,robot_3,-0.518,-0.158
1776728637,526810142,robot_4,-0.381,-1.127
1776728637,526816432,robot_1,0.506,1.604
1776728637,526822811,robot_2,-0.840,1.343
1776728637,747110241,robot_0,1.258,-0.220
1776728637,747132635,robot_3,-0.517,-0.157
1776728637,747143125,robot_4,-0.380,-1.126
1776728637,747152393,robot_1,0.506,1.604
1776728637,747160220,robot_2,-0.840,1.343
1776728637,966396507,robot_0,1.258,-0.220
1776728637,966411659,robot_3,-0.517,-0.157
1776728637,966418541,robot_4,-0.382,-1.123
1776728637,966424098,robot_1,0.506,1.603
1776728637,966429756,robot_2,-0.840,1.343
1776728638,167589378,robot_0,1.258,-0.220
1776728638,167613279,robot_3,-0.517,-0.157
1776728638,167624475,robot_4,-0.413,-1.068
1776728638,167633239,robot_1,0.506,1.603
1776728638,167641792,robot_2,-0.840,1.342
1776728638,386108987,robot_0,1.259,-0.221
1776728638,386123775,robot_3,-0.518,-0.156
1776728638,386130424,robot_4,-0.435,-1.030
1776728638,386136126,robot_1,0.506,1.602
1776728638,386141570,robot_2,-0.840,1.342
1776728638,605713458,robot_0,1.259,-0.221
1776728638,605728866,robot_3,-0.518,-0.156
1776728638,605735348,robot_4,-0.435,-1.030
1776728638,605741373,robot_1,0.507,1.602
1776728638,605747133,robot_2,-0.839,1.341
1776728638,808020617,robot_0,1.259,-0.221
1776728638,808049745,robot_3,-0.518,-0.155
1776728638,808060334,robot_4,-0.434,-1.030
1776728638,808069480,robot_1,0.507,1.602
1776728638,808078901,robot_2,-0.839,1.341
1776728639,26523998,robot_0,1.260,-0.220
1776728639,26541115,robot_3,-0.519,-0.155
1776728639,26549431,robot_4,-0.434,-1.029
1776728639,26555722,robot_1,0.507,1.602
1776728639,26561723,robot_2,-0.838,1.341
1776728639,246356649,robot_0,1.260,-0.220
1776728639,246370698,robot_3,-0.519,-0.155
1776728639,246376842,robot_4,-0.434,-1.029
1776728639,246381961,robot_1,0.508,1.602
1776728639,246387111,robot_2,-0.838,1.341
1776728639,446643717,robot_0,1.261,-0.220
1776728639,446668304,robot_3,-0.519,-0.155
1776728639,446679607,robot_4,-0.434,-1.028
1776728639,446689422,robot_1,0.508,1.602
1776728639,446698511,robot_2,-0.837,1.341
1776728639,666444156,robot_0,1.261,-0.219
1776728639,666463339,robot_3,-0.519,-0.155
1776728639,666472360,robot_4,-0.434,-1.028
1776728639,666479980,robot_1,0.509,1.602
1776728639,666487127,robot_2,-0.837,1.341
1776728639,886711949,robot_0,1.261,-0.219
1776728639,886749357,robot_3,-0.519,-0.155
1776728639,886771349,robot_4,-0.434,-1.027
1776728639,886789089,robot_1,0.507,1.611
1776728639,886805621,robot_2,-0.837,1.341
1776728640,106077654,robot_0,1.261,-0.219
1776728640,106102185,robot_3,-0.520,-0.154
1776728640,106114739,robot_4,-0.434,-1.027
1776728640,106124989,robot_1,0.499,1.654
1776728640,106136133,robot_2,-0.836,1.341
1776728640,306263135,robot_0,1.261,-0.218
1776728640,306299357,robot_3,-0.520,-0.154
1776728640,306313575,robot_4,-0.434,-1.027
1776728640,306325506,robot_1,0.487,1.716
1776728640,306336786,robot_2,-0.836,1.342
1776728640,525367709,robot_0,1.261,-0.218
1776728640,525386410,robot_3,-0.521,-0.155
1776728640,525393335,robot_4,-0.435,-1.026
1776728640,525398281,robot_1,0.476,1.769
1776728640,525403890,robot_2,-0.836,1.342
1776728640,725684533,robot_0,1.261,-0.217
1776728640,725703186,robot_3,-0.521,-0.155
1776728640,725710268,robot_4,-0.435,-1.026
1776728640,725716754,robot_1,0.476,1.770
1776728640,725722230,robot_2,-0.835,1.343
1776728640,945454749,robot_0,1.261,-0.217
1776728640,945470111,robot_3,-0.521,-0.155
1776728640,945476141,robot_4,-0.435,-1.026
1776728640,945481604,robot_1,0.477,1.770
1776728640,945487022,robot_2,-0.835,1.343
1776728641,166446022,robot_0,1.261,-0.217
1776728641,166474578,robot_3,-0.522,-0.155
1776728641,166489491,robot_4,-0.436,-1.026
1776728641,166502264,robot_1,0.477,1.770
1776728641,166514379,robot_2,-0.835,1.343
1776728641,366679092,robot_0,1.260,-0.216
1776728641,366701264,robot_3,-0.522,-0.156
1776728641,366710975,robot_4,-0.436,-1.026
1776728641,366719090,robot_1,0.477,1.770
1776728641,366726185,robot_2,-0.835,1.343
1776728641,566915395,robot_0,1.260,-0.216
1776728641,566940887,robot_3,-0.522,-0.156
1776728641,566954840,robot_4,-0.437,-1.026
1776728641,566960584,robot_1,0.478,1.771
1776728641,566966291,robot_2,-0.835,1.343
1776728641,786090642,robot_0,1.259,-0.217
1776728641,786110477,robot_3,-0.522,-0.156
1776728641,786117656,robot_4,-0.437,-1.026
1776728641,786123230,robot_1,0.478,1.771
1776728641,786128592,robot_2,-0.835,1.344
1776728642,6099450,robot_0,1.232,-0.262
1776728642,6117354,robot_3,-0.523,-0.157
1776728642,6125467,robot_4,-0.437,-1.026
1776728642,6133194,robot_1,0.478,1.772
1776728642,6140050,robot_2,-0.835,1.344
1776728642,206509022,robot_0,1.208,-0.301
1776728642,206525823,robot_3,-0.522,-0.157
1776728642,206533870,robot_4,-0.433,-1.036
1776728642,206540852,robot_1,0.478,1.772
1776728642,206547092,robot_2,-0.836,1.344
1776728642,406715007,robot_0,1.186,-0.337
1776728642,406739657,robot_3,-0.522,-0.158
1776728642,406752170,robot_4,-0.416,-1.072
1776728642,406762207,robot_1,0.478,1.772
1776728642,406771674,robot_2,-0.836,1.345
1776728642,627327492,robot_0,1.144,-0.407
1776728642,627347162,robot_3,-0.522,-0.158
1776728642,627355550,robot_4,-0.412,-1.081
1776728642,627362590,robot_1,0.478,1.773
1776728642,627369815,robot_2,-0.836,1.345
1776728642,827665003,robot_0,1.116,-0.452
1776728642,827684639,robot_3,-0.522,-0.159
1776728642,827691596,robot_4,-0.412,-1.081
1776728642,827697567,robot_1,0.477,1.773
1776728642,827704514,robot_2,-0.836,1.345
1776728643,46412394,robot_0,1.089,-0.496
1776728643,46437036,robot_3,-0.522,-0.159
1776728643,46445760,robot_4,-0.412,-1.081
1776728643,46452131,robot_1,0.477,1.774
1776728643,46458875,robot_2,-0.837,1.346
1776728643,247315991,robot_0,1.055,-0.553
1776728643,247340369,robot_3,-0.521,-0.159
1776728643,247351527,robot_4,-0.413,-1.081
1776728643,247361030,robot_1,0.477,1.774
1776728643,247369839,robot_2,-0.837,1.346
1776728643,466359815,robot_0,1.041,-0.577
1776728643,466389891,robot_3,-0.520,-0.157
1776728643,466405492,robot_4,-0.413,-1.082
1776728643,466418836,robot_1,0.476,1.774
1776728643,466431282,robot_2,-0.838,1.346
1776728643,667809276,robot_0,1.041,-0.577
1776728643,667839081,robot_3,-0.494,-0.102
1776728643,667853909,robot_4,-0.413,-1.082
1776728643,667866034,robot_1,0.476,1.774
1776728643,667877761,robot_2,-0.838,1.346
1776728643,885699434,robot_0,1.041,-0.577
1776728643,885714859,robot_3,-0.470,-0.049
1776728643,885721529,robot_4,-0.413,-1.083
1776728643,885727050,robot_1,0.475,1.774
1776728643,885732657,robot_2,-0.839,1.346
1776728644,86687954,robot_0,1.040,-0.577
1776728644,86706882,robot_3,-0.454,-0.013
1776728644,86716035,robot_4,-0.413,-1.083
1776728644,86722835,robot_1,0.475,1.774
1776728644,86730132,robot_2,-0.839,1.345
1776728644,306494003,robot_0,1.040,-0.577
1776728644,306521966,robot_3,-0.436,0.025
1776728644,306532343,robot_4,-0.413,-1.084
1776728644,306541077,robot_1,0.475,1.774
1776728644,306548927,robot_2,-0.839,1.345
1776728644,506482729,robot_0,1.039,-0.577
1776728644,506505030,robot_3,-0.431,0.034
1776728644,506517864,robot_4,-0.413,-1.084
1776728644,506528954,robot_1,0.475,1.774
1776728644,506539203,robot_2,-0.840,1.345
1776728644,726892137,robot_0,1.039,-0.577
1776728644,726908494,robot_3,-0.431,0.034
1776728644,726916176,robot_4,-0.412,-1.084
1776728644,726921915,robot_1,0.475,1.774
1776728644,726927327,robot_2,-0.840,1.344
1776728644,927338193,robot_0,1.039,-0.577
1776728644,927358516,robot_3,-0.430,0.034
1776728644,927368845,robot_4,-0.412,-1.085
1776728644,927376788,robot_1,0.474,1.774
1776728644,927383789,robot_2,-0.840,1.344
1776728645,146844701,robot_0,1.038,-0.578
1776728645,146861657,robot_3,-0.430,0.034
1776728645,146870374,robot_4,-0.412,-1.085
1776728645,146877004,robot_1,0.474,1.774
1776728645,146883709,robot_2,-0.840,1.343
1776728645,347151809,robot_0,1.038,-0.578
1776728645,347180186,robot_3,-0.430,0.034
1776728645,347191850,robot_4,-0.411,-1.085
1776728645,347200565,robot_1,0.474,1.773
1776728645,347210031,robot_2,-0.831,1.342
1776728645,567299630,robot_0,1.038,-0.579
1776728645,567315003,robot_3,-0.429,0.034
1776728645,567322116,robot_4,-0.411,-1.085
1776728645,567328209,robot_1,0.473,1.773
1776728645,567333771,robot_2,-0.761,1.332
1776728645,786994917,robot_0,1.038,-0.579
1776728645,787015339,robot_3,-0.429,0.034
1776728645,787022951,robot_4,-0.410,-1.085
1776728645,787029591,robot_1,0.473,1.773
1776728645,787035799,robot_2,-0.714,1.323
1776728646,6572657,robot_0,1.038,-0.579
1776728646,6593419,robot_3,-0.428,0.035
1776728646,6603623,robot_4,-0.410,-1.085
1776728646,6612634,robot_1,0.473,1.772
1776728646,6620784,robot_2,-0.663,1.313
1776728646,226200836,robot_0,1.038,-0.580
1776728646,226222206,robot_3,-0.428,0.035
1776728646,226232029,robot_4,-0.410,-1.084
1776728646,226239442,robot_1,0.473,1.772
1776728646,226246713,robot_2,-0.612,1.304
1776728646,446874083,robot_0,1.038,-0.580
1776728646,446890749,robot_3,-0.428,0.036
1776728646,446898393,robot_4,-0.420,-1.056
1776728646,446904513,robot_1,0.473,1.771
1776728646,446910544,robot_2,-0.610,1.304
1776728646,665694196,robot_0,1.039,-0.581
1776728646,665709229,robot_3,-0.428,0.036
1776728646,665716111,robot_4,-0.425,-1.042
1776728646,665721932,robot_1,0.473,1.771
1776728646,665726866,robot_2,-0.610,1.303
1776728646,866540670,robot_0,1.039,-0.581
1776728646,866562118,robot_3,-0.428,0.037
1776728646,866570992,robot_4,-0.425,-1.042
1776728646,866578512,robot_1,0.474,1.770
1776728646,866585224,robot_2,-0.610,1.303
1776728647,66656396,robot_0,1.039,-0.581
1776728647,66672906,robot_3,-0.428,0.037
1776728647,66679090,robot_4,-0.425,-1.042
1776728647,66684653,robot_1,0.474,1.770
1776728647,66689817,robot_2,-0.610,1.303
1776728647,285662292,robot_0,1.060,-0.551
1776728647,285684353,robot_3,-0.428,0.038
1776728647,285691392,robot_4,-0.425,-1.042
1776728647,285696858,robot_1,0.474,1.770
1776728647,285702221,robot_2,-0.609,1.302
1776728647,505799356,robot_0,1.080,-0.522
1776728647,505819708,robot_3,-0.428,0.038
1776728647,505828646,robot_4,-0.424,-1.041
1776728647,505834945,robot_1,0.475,1.770
1776728647,505841646,robot_2,-0.609,1.302
1776728647,707931300,robot_0,1.095,-0.500
1776728647,707953539,robot_3,-0.428,0.038
1776728647,707965901,robot_4,-0.424,-1.041
1776728647,707976433,robot_1,0.475,1.769
1776728647,707986548,robot_2,-0.609,1.302
1776728647,925321305,robot_0,1.120,-0.464
1776728647,925336681,robot_3,-0.429,0.039
1776728647,925343224,robot_4,-0.424,-1.041
1776728647,925348756,robot_1,0.475,1.769
1776728647,925353878,robot_2,-0.608,1.302
1776728648,145258018,robot_0,1.160,-0.406
1776728648,145274193,robot_3,-0.429,0.038
1776728648,145284684,robot_4,-0.424,-1.040
1776728648,145290219,robot_1,0.476,1.769
1776728648,145295484,robot_2,-0.608,1.302
1776728648,346697780,robot_0,1.198,-0.350
1776728648,346728750,robot_3,-0.448,0.007
1776728648,346743146,robot_4,-0.424,-1.040
1776728648,346754807,robot_1,0.475,1.790
1776728648,346766810,robot_2,-0.607,1.302
1776728648,546723970,robot_0,1.202,-0.345
1776728648,546748134,robot_3,-0.459,-0.013
1776728648,546759786,robot_4,-0.424,-1.039
1776728648,546769351,robot_1,0.474,1.828
1776728648,546778474,robot_2,-0.607,1.302
1776728648,747064713,robot_0,1.202,-0.345
1776728648,747088926,robot_3,-0.459,-0.013
1776728648,747099242,robot_4,-0.424,-1.039
1776728648,747108424,robot_1,0.474,1.830
1776728648,747117620,robot_2,-0.606,1.302
1776728648,967392485,robot_0,1.203,-0.345
1776728648,967411991,robot_3,-0.460,-0.013
1776728648,967422090,robot_4,-0.425,-1.039
1776728648,967430210,robot_1,0.474,1.830
1776728648,967437679,robot_2,-0.606,1.302
1776728649,186541439,robot_0,1.203,-0.345
1776728649,186559729,robot_3,-0.460,-0.013
1776728649,186567917,robot_4,-0.425,-1.038
1776728649,186575375,robot_1,0.475,1.830
1776728649,186582466,robot_2,-0.606,1.302
1776728649,406432541,robot_0,1.204,-0.345
1776728649,406447714,robot_3,-0.461,-0.013
1776728649,406454739,robot_4,-0.426,-1.038
1776728649,406460455,robot_1,0.475,1.830
1776728649,406465294,robot_2,-0.605,1.303
1776728649,626593775,robot_0,1.204,-0.345
1776728649,626608800,robot_3,-0.461,-0.013
1776728649,626615783,robot_4,-0.426,-1.038
1776728649,626621423,robot_1,0.476,1.830
1776728649,626627345,robot_2,-0.605,1.303
1776728649,845214330,robot_0,1.204,-0.345
1776728649,845234033,robot_3,-0.462,-0.013
1776728649,845240887,robot_4,-0.426,-1.038
1776728649,845245946,robot_1,0.476,1.831
1776728649,845251222,robot_2,-0.605,1.304
1776728650,47138906,robot_0,1.205,-0.344
1776728650,47158265,robot_3,-0.462,-0.014
1776728650,47167599,robot_4,-0.427,-1.038
1776728650,47174752,robot_1,0.476,1.831
1776728650,47182578,robot_2,-0.633,1.310
1776728650,267396436,robot_0,1.205,-0.344
1776728650,267424087,robot_3,-0.462,-0.014
1776728650,267438125,robot_4,-0.427,-1.038
1776728650,267449622,robot_1,0.476,1.832
1776728650,267460213,robot_2,-0.674,1.320
1776728650,486967313,robot_0,1.205,-0.344
1776728650,487002573,robot_3,-0.463,-0.015
1776728650,487019570,robot_4,-0.427,-1.038
1776728650,487034910,robot_1,0.476,1.832
1776728650,487048520,robot_2,-0.711,1.328
1776728650,705341293,robot_0,1.205,-0.343
1776728650,705355712,robot_3,-0.463,-0.015
1776728650,705362461,robot_4,-0.427,-1.038
1776728650,705367714,robot_1,0.476,1.833
1776728650,705372686,robot_2,-0.754,1.336
1776728650,925296452,robot_0,1.205,-0.343
1776728650,925311681,robot_3,-0.463,-0.016
1776728650,925318092,robot_4,-0.427,-1.038
1776728650,925323287,robot_1,0.476,1.833
1776728650,925328352,robot_2,-0.773,1.340
1776728651,126169877,robot_0,1.205,-0.342
1776728651,126187780,robot_3,-0.463,-0.016
1776728651,126196388,robot_4,-0.426,-1.038
1776728651,126203399,robot_1,0.476,1.833
1776728651,126210614,robot_2,-0.773,1.340
1776728651,346038979,robot_0,1.205,-0.342
1776728651,346062910,robot_3,-0.463,-0.017
1776728651,346072599,robot_4,-0.426,-1.038
1776728651,346080445,robot_1,0.475,1.834
1776728651,346087984,robot_2,-0.773,1.340
1776728651,546675654,robot_0,1.205,-0.341
1776728651,546696446,robot_3,-0.462,-0.017
1776728651,546706920,robot_4,-0.426,-1.039
1776728651,546715104,robot_1,0.475,1.834
1776728651,546723462,robot_2,-0.773,1.341
1776728651,766372004,robot_0,1.205,-0.341
1776728651,766402223,robot_3,-0.462,-0.017
1776728651,766422273,robot_4,-0.425,-1.039
1776728651,766440174,robot_1,0.474,1.834
1776728651,766457621,robot_2,-0.773,1.341
1776728651,986341870,robot_0,1.204,-0.341
1776728651,986366980,robot_3,-0.462,-0.018
1776728651,986377746,robot_4,-0.425,-1.039
1776728651,986385945,robot_1,0.474,1.834
1776728651,986394299,robot_2,-0.774,1.341
1776728652,187926985,robot_0,1.204,-0.341
1776728652,187955840,robot_3,-0.461,-0.018
1776728652,187973657,robot_4,-0.424,-1.040
1776728652,187979799,robot_1,0.474,1.834
1776728652,187985194,robot_2,-0.774,1.342
1776728652,406557111,robot_0,1.191,-0.357
1776728652,406584008,robot_3,-0.452,-0.004
1776728652,406598591,robot_4,-0.424,-1.040
1776728652,406608973,robot_1,0.474,1.834
1776728652,406619060,robot_2,-0.774,1.342
1776728652,626318518,robot_0,1.167,-0.387
1776728652,626339145,robot_3,-0.435,0.021
1776728652,626348738,robot_4,-0.424,-1.040
1776728652,626356821,robot_1,0.471,1.782
1776728652,626364448,robot_2,-0.775,1.342
1776728652,845301372,robot_0,1.166,-0.387
1776728652,845320616,robot_3,-0.409,0.058
1776728652,845327131,robot_4,-0.424,-1.040
1776728652,845333218,robot_1,0.468,1.736
1776728652,845338279,robot_2,-0.775,1.342
1776728653,46117431,robot_0,1.166,-0.387
1776728653,46132662,robot_3,-0.368,0.118
1776728653,46139232,robot_4,-0.424,-1.040
1776728653,46144474,robot_1,0.468,1.736
1776728653,46149690,robot_2,-0.776,1.342
1776728653,247299896,robot_0,1.166,-0.387
1776728653,247319639,robot_3,-0.336,0.165
1776728653,247328717,robot_4,-0.424,-1.040
1776728653,247337119,robot_1,0.468,1.736
1776728653,247344205,robot_2,-0.776,1.342
1776728653,466238995,robot_0,1.165,-0.387
1776728653,466253763,robot_3,-0.334,0.166
1776728653,466260943,robot_4,-0.424,-1.041
1776728653,466266722,robot_1,0.467,1.735
1776728653,466271534,robot_2,-0.777,1.342
1776728653,666617555,robot_0,1.165,-0.387
1776728653,666632729,robot_3,-0.334,0.166
1776728653,666639474,robot_4,-0.424,-1.041
1776728653,666644954,robot_1,0.467,1.735
1776728653,666649770,robot_2,-0.777,1.342
1776728653,886631992,robot_0,1.164,-0.387
1776728653,886651753,robot_3,-0.334,0.166
1776728653,886660948,robot_4,-0.424,-1.042
1776728653,886668052,robot_1,0.467,1.735
1776728653,886675217,robot_2,-0.777,1.341
1776728654,106047301,robot_0,1.164,-0.387
1776728654,106060812,robot_3,-0.333,0.166
1776728654,106067422,robot_4,-0.424,-1.042
1776728654,106072945,robot_1,0.466,1.734
1776728654,106077586,robot_2,-0.778,1.341
1776728654,307014505,robot_0,1.163,-0.388
1776728654,307036031,robot_3,-0.333,0.166
1776728654,307043320,robot_4,-0.425,-1.042
1776728654,307048944,robot_1,0.466,1.734
1776728654,307054050,robot_2,-0.778,1.340
1776728654,526258455,robot_0,1.163,-0.388
1776728654,526285261,robot_3,-0.332,0.166
1776728654,526296195,robot_4,-0.425,-1.043
1776728654,526304524,robot_1,0.466,1.734
1776728654,526313071,robot_2,-0.778,1.340
1776728654,745697217,robot_0,1.163,-0.388
1776728654,745713672,robot_3,-0.332,0.166
1776728654,745720479,robot_4,-0.426,-1.043
1776728654,745726207,robot_1,0.466,1.733
1776728654,745731321,robot_2,-0.778,1.340
1776728654,945895797,robot_0,1.163,-0.389
1776728654,945911669,robot_3,-0.331,0.167
1776728654,945918922,robot_4,-0.426,-1.043
1776728654,945925237,robot_1,0.466,1.733
1776728654,945931240,robot_2,-0.760,1.335
1776728655,165524289,robot_0,1.163,-0.389
1776728655,165538186,robot_3,-0.331,0.167
1776728655,165544755,robot_4,-0.426,-1.043
1776728655,165549837,robot_1,0.466,1.732
1776728655,165554796,robot_2,-0.728,1.327
1776728655,366492239,robot_0,1.163,-0.390
1776728655,366522459,robot_3,-0.331,0.167
1776728655,366537377,robot_4,-0.427,-1.043
1776728655,366549270,robot_1,0.467,1.732
1776728655,366561338,robot_2,-0.690,1.316
1776728655,566595116,robot_0,1.163,-0.390
1776728655,566623142,robot_3,-0.331,0.168
1776728655,566637807,robot_4,-0.427,-1.043
1776728655,566650592,robot_1,0.467,1.732
1776728655,566662549,robot_2,-0.683,1.314
1776728655,786391373,robot_0,1.163,-0.391
1776728655,786411691,robot_3,-0.331,0.168
1776728655,786418248,robot_4,-0.426,-1.043
1776728655,786423260,robot_1,0.467,1.731
1776728655,786427907,robot_2,-0.683,1.314
