stamp_sec,stamp_nsec,robot,x,y
1776693852,995343471,robot_2,-0.971,0.705
1776693852,995395689,robot_4,0.371,-1.141
1776693852,995420529,robot_0,1.200,-0.000
1776693852,995448741,robot_1,0.371,1.141
1776693852,995471470,robot_3,-0.971,-0.705
1776693854,132562317,robot_2,-0.971,0.705
1776693854,132588209,robot_4,0.371,-1.141
1776693854,132598155,robot_0,1.200,0.000
1776693854,132606603,robot_1,0.371,1.141
1776693854,132614671,robot_3,-0.971,-0.705
1776693854,335368511,robot_2,-0.999,0.726
1776693854,335411337,robot_4,0.381,-1.172
1776693854,335433731,robot_0,1.227,0.000
1776693854,335453341,robot_1,0.378,1.163
1776693854,335472223,robot_3,-0.996,-0.724
1776693854,551353353,robot_2,-1.052,0.765
1776693854,551383189,robot_4,0.399,-1.231
1776693854,551390510,robot_0,1.278,0.000
1776693854,551397515,robot_1,0.393,1.209
1776693854,551404192,robot_3,-1.047,-0.758
1776693854,751479086,robot_2,-1.085,0.788
1776693854,751498092,robot_4,0.411,-1.269
1776693854,751505033,robot_0,1.320,0.000
1776693854,751510925,robot_1,0.405,1.247
1776693854,751515931,robot_3,-1.081,-0.780
1776693854,952696944,robot_2,-1.109,0.805
1776693854,952724059,robot_4,0.429,-1.325
1776693854,952734325,robot_0,1.373,0.000
1776693854,952742942,robot_1,0.416,1.280
1776693854,952751066,robot_3,-1.102,-0.793
1776693855,171462782,robot_2,-1.140,0.828
1776693855,171482141,robot_4,0.445,-1.377
1776693855,171489567,robot_0,1.422,0.000
1776693855,171495494,robot_1,0.427,1.316
1776693855,171500906,robot_3,-1.133,-0.812
1776693855,372317818,robot_2,-1.172,0.851
1776693855,372342074,robot_4,0.457,-1.417
1776693855,372352861,robot_0,1.466,-0.000
1776693855,372372640,robot_1,0.440,1.354
1776693855,372381396,robot_3,-1.167,-0.834
1776693855,572551540,robot_2,-1.197,0.869
1776693855,572586280,robot_4,0.476,-1.476
1776693855,572598183,robot_0,1.540,-0.000
1776693855,572609022,robot_1,0.453,1.395
1776693855,572618707,robot_3,-1.217,-0.865
1776693855,792178673,robot_2,-1.231,0.892
1776693855,792201008,robot_4,0.491,-1.527
1776693855,792209420,robot_0,1.599,-0.000
1776693855,792216318,robot_1,0.469,1.440
1776693855,792222707,robot_3,-1.262,-0.894
1776693856,11756680,robot_2,-1.266,0.915
1776693856,11777735,robot_4,0.504,-1.567
1776693856,11785971,robot_0,1.654,-0.000
1776693856,11792947,robot_1,0.484,1.481
1776693856,11799768,robot_3,-1.303,-0.919
1776693856,212092534,robot_2,-1.293,0.933
1776693856,212128800,robot_4,0.515,-1.602
1776693856,212140953,robot_0,1.729,-0.000
1776693856,212151303,robot_1,0.496,1.515
1776693856,212160240,robot_3,-1.353,-0.950
1776693856,412351239,robot_2,-1.325,0.955
1776693856,412373163,robot_4,0.526,-1.639
1776693856,412381408,robot_0,1.777,-0.000
1776693856,412388226,robot_1,0.507,1.551
1776693856,412394943,robot_3,-1.391,-0.974
1776693856,631803869,robot_2,-1.368,0.984
1776693856,631826477,robot_4,0.537,-1.675
1776693856,631833484,robot_0,1.827,-0.000
1776693856,631839241,robot_1,0.519,1.592
1776693856,631844708,robot_3,-1.433,-1.001
1776693856,832086074,robot_2,-1.418,1.018
1776693856,832113926,robot_4,0.543,-1.696
1776693856,832120671,robot_0,1.877,-0.000
1776693856,832126842,robot_1,0.526,1.616
1776693856,832132403,robot_3,-1.485,-1.033
1776693857,50859510,robot_2,-1.457,1.044
1776693857,50878068,robot_4,0.554,-1.737
1776693857,50884991,robot_0,1.921,-0.000
1776693857,50890829,robot_1,0.536,1.651
1776693857,50896561,robot_3,-1.525,-1.058
1776693857,252573906,robot_2,-1.490,1.066
1776693857,252597348,robot_4,0.567,-1.788
1776693857,252606686,robot_0,1.975,-0.000
1776693857,252615103,robot_1,0.547,1.689
1776693857,252622975,robot_3,-1.569,-1.086
1776693857,471586595,robot_2,-1.527,1.091
1776693857,471609652,robot_4,0.586,-1.860
1776693857,471618066,robot_0,2.040,-0.000
1776693857,471636346,robot_1,0.558,1.729
1776693857,471642317,robot_3,-1.635,-1.127
1776693857,672364596,robot_2,-1.560,1.113
1776693857,672389507,robot_4,0.596,-1.899
1776693857,672399475,robot_0,2.080,-0.000
1776693857,672408121,robot_1,0.569,1.767
1776693857,672416476,robot_3,-1.670,-1.149
1776693857,872554726,robot_2,-1.602,1.142
1776693857,872588486,robot_4,0.605,-1.932
1776693857,872603597,robot_0,2.121,-0.000
1776693857,872616529,robot_1,0.579,1.805
1776693857,872628895,robot_3,-1.697,-1.166
1776693858,91288200,robot_2,-1.654,1.176
1776693858,91307800,robot_4,0.613,-1.966
1776693858,91316348,robot_0,2.165,-0.000
1776693858,91323260,robot_1,0.591,1.844
1776693858,91330524,robot_3,-1.721,-1.183
1776693858,292352622,robot_2,-1.687,1.198
1776693858,292378670,robot_4,0.620,-2.005
1776693858,292402167,robot_0,2.205,-0.000
1776693858,292412719,robot_1,0.601,1.883
1776693858,292421305,robot_3,-1.753,-1.207
1776693858,492563095,robot_2,-1.735,1.231
1776693858,492604824,robot_4,0.630,-2.053
1776693858,492627367,robot_0,2.245,0.000
1776693858,492674635,robot_1,0.611,1.916
1776693858,492692004,robot_3,-1.798,-1.241
1776693858,712035741,robot_2,-1.793,1.270
1776693858,712069945,robot_4,0.640,-2.106
1776693858,712089279,robot_0,2.290,0.002
1776693858,712105221,robot_1,0.619,1.942
1776693858,712122229,robot_3,-1.854,-1.283
1776693858,930688679,robot_2,-1.830,1.294
1776693858,930712396,robot_4,0.649,-2.149
1776693858,930719937,robot_0,2.333,0.006
1776693858,930725444,robot_1,0.633,1.983
1776693858,930730445,robot_3,-1.889,-1.309
1776693859,131341376,robot_2,-1.872,1.323
1776693859,131364394,robot_4,0.661,-2.206
1776693859,131371222,robot_0,2.339,0.007
1776693859,131377025,robot_1,0.647,2.025
1776693859,131389581,robot_3,-1.939,-1.348
1776693859,331464912,robot_2,-1.912,1.350
1776693859,331487193,robot_4,0.672,-2.257
1776693859,331494705,robot_0,2.339,0.007
1776693859,331500755,robot_1,0.661,2.069
1776693859,331506145,robot_3,-1.989,-1.385
1776693859,532844200,robot_2,-1.945,1.372
1776693859,532879819,robot_4,0.680,-2.296
1776693859,532893261,robot_0,2.339,0.007
1776693859,532902887,robot_1,0.672,2.108
1776693859,532912086,robot_3,-2.021,-1.409
1776693859,752564114,robot_2,-1.975,1.392
1776693859,752590776,robot_4,0.692,-2.355
1776693859,752601635,robot_0,2.339,0.008
1776693859,752609948,robot_1,0.684,2.152
1776693859,752618518,robot_3,-2.058,-1.437
1776693859,970924598,robot_2,-2.007,1.417
1776693859,970950818,robot_4,0.706,-2.405
1776693859,970957045,robot_0,2.339,0.008
1776693859,970962651,robot_1,0.696,2.196
1776693859,970967873,robot_3,-2.094,-1.464
1776693860,172030006,robot_2,-2.040,1.442
1776693860,172060331,robot_4,0.717,-2.445
1776693860,172072066,robot_0,2.339,0.008
1776693860,172080724,robot_1,0.706,2.235
1776693860,172092088,robot_3,-2.126,-1.489
1776693860,372037418,robot_2,-2.093,1.483
1776693860,372067239,robot_4,0.733,-2.497
1776693860,372080632,robot_0,2.340,0.008
1776693860,372087138,robot_1,0.713,2.262
1776693860,372093523,robot_3,-2.181,-1.529
1776693860,572077731,robot_2,-2.134,1.515
1776693860,572105638,robot_4,0.746,-2.541
1776693860,572114806,robot_0,2.340,0.009
1776693860,572122603,robot_1,0.721,2.289
1776693860,572130396,robot_3,-2.227,-1.562
1776693860,791004256,robot_2,-2.168,1.541
1776693860,791022369,robot_4,0.759,-2.584
1776693860,791029867,robot_0,2.340,0.009
1776693860,791035442,robot_1,0.732,2.331
1776693860,791040496,robot_3,-2.262,-1.586
1776693861,10831887,robot_2,-2.198,1.565
1776693861,10849507,robot_4,0.773,-2.629
1776693861,10856386,robot_0,2.341,0.009
1776693861,10862066,robot_1,0.749,2.398
1776693861,10867052,robot_3,-2.284,-1.601
1776693861,211015282,robot_2,-2.229,1.589
1776693861,211036777,robot_4,0.786,-2.667
1776693861,211046287,robot_0,2.341,0.009
1776693861,211053131,robot_1,0.763,2.454
1776693861,211060110,robot_3,-2.312,-1.623
1776693861,411697482,robot_2,-2.258,1.611
1776693861,411728129,robot_4,0.801,-2.711
1776693861,411744032,robot_0,2.341,0.009
1776693861,411755977,robot_1,0.771,2.493
1776693861,411766983,robot_3,-2.345,-1.648
1776693861,611760509,robot_2,-2.279,1.628
1776693861,611781822,robot_4,0.824,-2.775
1776693861,611789097,robot_0,2.341,0.009
1776693861,611794622,robot_1,0.786,2.559
1776693861,611799824,robot_3,-2.379,-1.675
1776693861,831011662,robot_2,-2.311,1.655
1776693861,831030110,robot_4,0.841,-2.824
1776693861,831038163,robot_0,2.341,0.009
1776693861,831045607,robot_1,0.800,2.622
1776693861,831053766,robot_3,-2.415,-1.703
1776693862,51290733,robot_2,-2.350,1.687
1776693862,51308986,robot_4,0.852,-2.857
1776693862,51316159,robot_0,2.342,0.008
1776693862,51321495,robot_1,0.810,2.668
1776693862,51326930,robot_3,-2.443,-1.725
1776693862,251682684,robot_2,-2.390,1.721
1776693862,251702766,robot_4,0.859,-2.877
1776693862,251710665,robot_0,2.342,0.008
1776693862,251717099,robot_1,0.825,2.738
1776693862,251723256,robot_3,-2.460,-1.738
1776693862,451892603,robot_2,-2.421,1.747
1776693862,451911332,robot_4,0.872,-2.914
1776693862,451919223,robot_0,2.342,0.008
1776693862,451925126,robot_1,0.836,2.794
1776693862,451931019,robot_3,-2.490,-1.762
1776693862,671767903,robot_2,-2.451,1.772
1776693862,671804646,robot_4,0.888,-2.959
1776693862,671821616,robot_0,2.342,0.008
1776693862,671833903,robot_1,0.845,2.842
1776693862,671844996,robot_3,-2.529,-1.793
1776693862,871878812,robot_2,-2.477,1.794
1776693862,871902447,robot_4,0.902,-3.001
1776693862,871924228,robot_0,2.343,0.007
1776693862,871933015,robot_1,0.858,2.909
1776693862,871941289,robot_3,-2.568,-1.823
1776693863,72614744,robot_2,-2.508,1.819
1776693863,72643324,robot_4,0.915,-3.039
1776693863,72654501,robot_0,2.343,0.007
1776693863,72663180,robot_1,0.867,2.957
1776693863,72671015,robot_3,-2.600,-1.848
1776693863,292689575,robot_2,-2.533,1.840
1776693863,292730031,robot_4,0.935,-3.097
1776693863,292751339,robot_0,2.343,0.007
1776693863,292769717,robot_1,0.875,2.997
1776693863,292786525,robot_3,-2.642,-1.881
1776693863,510673247,robot_2,-2.557,1.861
1776693863,510692113,robot_4,0.956,-3.161
1776693863,510699905,robot_0,2.343,0.006
1776693863,510706102,robot_1,0.881,3.028
1776693863,510720614,robot_3,-2.688,-1.917
1776693863,712041017,robot_2,-2.588,1.886
1776693863,712071066,robot_4,0.968,-3.199
1776693863,712085367,robot_0,2.343,0.006
1776693863,712096149,robot_1,0.888,3.067
1776693863,712107753,robot_3,-2.719,-1.941
1776693863,932447634,robot_2,-2.598,1.895
1776693863,932469112,robot_4,0.988,-3.264
1776693863,932477123,robot_0,2.294,0.007
1776693863,932483428,robot_1,0.894,3.101
1776693863,932491391,robot_3,-2.772,-1.983
1776693864,151500009,robot_2,-2.598,1.894
1776693864,151520068,robot_4,1.005,-3.326
1776693864,151536566,robot_0,2.237,0.007
1776693864,151542445,robot_1,0.899,3.126
1776693864,151548057,robot_3,-2.824,-2.024
1776693864,351906557,robot_2,-2.598,1.894
1776693864,351925623,robot_4,1.015,-3.364
1776693864,351933215,robot_0,2.195,0.008
1776693864,351939315,robot_1,0.905,3.165
1776693864,351945010,robot_3,-2.856,-2.049
1776693864,571996222,robot_2,-2.599,1.894
1776693864,572029567,robot_4,1.025,-3.403
1776693864,572044643,robot_0,2.117,0.008
1776693864,572056336,robot_1,0.912,3.218
1776693864,572067630,robot_3,-2.906,-2.088
1776693864,771997865,robot_2,-2.599,1.894
1776693864,772023203,robot_4,1.035,-3.440
1776693864,772033348,robot_0,2.063,0.007
1776693864,772042502,robot_1,0.920,3.267
1776693864,772050690,robot_3,-2.944,-2.118
1776693864,991008563,robot_2,-2.600,1.894
1776693864,991025720,robot_4,1.047,-3.486
1776693864,991032894,robot_0,2.022,0.006
1776693864,991038315,robot_1,0.926,3.310
1776693864,991043438,robot_3,-2.981,-2.146
1776693865,192054564,robot_2,-2.600,1.894
1776693865,192089428,robot_4,1.062,-3.546
1776693865,192104651,robot_0,1.991,0.006
1776693865,192117410,robot_1,0.931,3.341
1776693865,192129314,robot_3,-3.029,-2.185
1776693865,392887315,robot_2,-2.601,1.894
1776693865,392907221,robot_4,1.074,-3.591
1776693865,392914595,robot_0,1.953,0.005
1776693865,392920667,robot_1,0.935,3.373
1776693865,392938538,robot_3,-3.066,-2.217
1776693865,614372971,robot_2,-2.601,1.894
1776693865,614394556,robot_4,1.086,-3.640
1776693865,614402169,robot_0,1.907,0.004
1776693865,614408147,robot_1,0.942,3.417
1776693865,614413525,robot_3,-3.102,-2.249
1776693865,830837671,robot_2,-2.601,1.895
1776693865,830855950,robot_4,1.106,-3.719
1776693865,830862842,robot_0,1.858,0.003
1776693865,830868436,robot_1,0.953,3.493
1776693865,830874132,robot_3,-3.149,-2.289
1776693866,32550071,robot_2,-2.601,1.895
1776693866,32579164,robot_4,1.117,-3.765
1776693866,32590307,robot_0,1.818,0.001
1776693866,32599236,robot_1,0.962,3.553
1776693866,32607159,robot_3,-3.183,-2.315
1776693866,251310234,robot_2,-2.601,1.895
1776693866,251329685,robot_4,1.129,-3.816
1776693866,251340606,robot_0,1.760,-0.001
1776693866,251350437,robot_1,0.968,3.594
1776693866,251360170,robot_3,-3.212,-2.338
1776693866,451330914,robot_2,-2.601,1.895
1776693866,451347770,robot_4,1.144,-3.871
1776693866,451354479,robot_0,1.698,-0.003
1776693866,451360914,robot_1,0.972,3.620
1776693866,451366373,robot_3,-3.233,-2.354
1776693866,652074667,robot_2,-2.602,1.895
1776693866,652096330,robot_4,1.155,-3.910
1776693866,652103533,robot_0,1.657,-0.004
1776693866,652109227,robot_1,0.977,3.654
1776693866,652115084,robot_3,-3.264,-2.377
1776693866,871742088,robot_2,-2.602,1.896
1776693866,871764136,robot_4,1.172,-3.967
1776693866,871771402,robot_0,1.605,-0.006
1776693866,871777475,robot_1,0.982,3.697
1776693866,871783613,robot_3,-3.300,-2.405
1776693867,91421586,robot_2,-2.602,1.896
1776693867,91442722,robot_4,1.193,-4.036
1776693867,91457717,robot_0,1.552,-0.010
1776693867,91463281,robot_1,0.987,3.735
1776693867,91468504,robot_3,-3.337,-2.432
1776693867,292234965,robot_2,-2.602,1.896
1776693867,292271197,robot_4,1.204,-4.074
1776693867,292287286,robot_0,1.513,-0.013
1776693867,292300455,robot_1,0.992,3.774
1776693867,292313046,robot_3,-3.369,-2.457
1776693867,510652740,robot_2,-2.602,1.897
1776693867,510671987,robot_4,1.220,-4.127
1776693867,510679183,robot_0,1.445,-0.020
1776693867,510685265,robot_1,0.997,3.810
1776693867,510690262,robot_3,-3.414,-2.491
1776693867,711556639,robot_2,-2.602,1.897
1776693867,711582397,robot_4,1.235,-4.176
1776693867,711591946,robot_0,1.387,-0.026
1776693867,711599833,robot_1,1.000,3.832
1776693867,711618250,robot_3,-3.457,-2.524
1776693867,911708962,robot_2,-2.601,1.898
1776693867,911729796,robot_4,1.246,-4.214
1776693867,911736791,robot_0,1.347,-0.029
1776693867,911742861,robot_1,1.005,3.871
1776693867,911748003,robot_3,-3.489,-2.548
1776693868,113439636,robot_2,-2.601,1.898
1776693868,113465626,robot_4,1.259,-4.257
1776693868,113473163,robot_0,1.281,-0.036
1776693868,113478607,robot_1,1.012,3.920
1776693868,113484590,robot_3,-3.539,-2.586
1776693868,331670523,robot_2,-2.601,1.898
1776693868,331700696,robot_4,1.271,-4.304
1776693868,331713242,robot_0,1.215,-0.042
1776693868,331723690,robot_1,1.021,3.987
1776693868,331732244,robot_3,-3.597,-2.630
1776693868,552255122,robot_2,-2.601,1.898
1776693868,552277810,robot_4,1.282,-4.346
1776693868,552286552,robot_0,1.169,-0.047
1776693868,552293734,robot_1,1.027,4.031
1776693868,552309333,robot_3,-3.633,-2.656
1776693868,752444910,robot_2,-2.601,1.898
1776693868,752470240,robot_4,1.296,-4.397
1776693868,752480568,robot_0,1.102,-0.053
1776693868,752489718,robot_1,1.034,4.086
1776693868,752496853,robot_3,-3.663,-2.679
1776693868,971918656,robot_2,-2.601,1.898
1776693868,971945511,robot_4,1.305,-4.433
1776693868,971952842,robot_0,1.045,-0.059
1776693868,971958727,robot_1,1.041,4.153
1776693868,971964450,robot_3,-3.684,-2.695
1776693869,192121379,robot_2,-2.600,1.899
1776693869,192146133,robot_4,1.306,-4.433
1776693869,192155646,robot_0,1.004,-0.063
1776693869,192162835,robot_1,1.045,4.197
1776693869,192170023,robot_3,-3.684,-2.695
1776693869,392862373,robot_2,-2.600,1.899
1776693869,392892227,robot_4,1.306,-4.433
1776693869,392904364,robot_0,0.973,-0.066
1776693869,392926729,robot_1,1.050,4.257
1776693869,392935844,robot_3,-3.684,-2.695
1776693869,612660227,robot_2,-2.600,1.899
1776693869,612691694,robot_4,1.306,-4.433
1776693869,612702077,robot_0,0.931,-0.070
1776693869,612708706,robot_1,1.055,4.320
1776693869,612714505,robot_3,-3.684,-2.696
1776693869,832187824,robot_2,-2.599,1.899
1776693869,832214448,robot_4,1.307,-4.433
1776693869,832224066,robot_0,0.882,-0.074
1776693869,832232051,robot_1,1.059,4.364
1776693869,832239430,robot_3,-3.684,-2.696
1776693870,51072021,robot_2,-2.599,1.898
1776693870,51092045,robot_4,1.307,-4.433
1776693870,51099260,robot_0,0.827,-0.078
1776693870,51104980,robot_1,1.064,4.429
1776693870,51110121,robot_3,-3.684,-2.697
1776693870,271511812,robot_2,-2.598,1.898
1776693870,271533870,robot_4,1.307,-4.433
1776693870,271540647,robot_0,0.783,-0.079
1776693870,271546177,robot_1,1.069,4.479
1776693870,271551372,robot_3,-3.685,-2.697
1776693870,491256184,robot_2,-2.598,1.898
1776693870,491277248,robot_4,1.308,-4.434
1776693870,491284928,robot_0,0.747,-0.079
1776693870,491290940,robot_1,1.073,4.531
1776693870,491296125,robot_3,-3.685,-2.697
1776693870,710978974,robot_2,-2.603,1.893
1776693870,710998642,robot_4,1.308,-4.434
1776693870,711006289,robot_0,0.710,-0.081
1776693870,711012303,robot_1,1.080,4.607
1776693870,711017899,robot_3,-3.685,-2.698
1776693870,911857190,robot_2,-2.628,1.872
1776693870,911891929,robot_4,1.308,-4.434
1776693870,911906767,robot_0,0.670,-0.084
1776693870,911919720,robot_1,1.083,4.651
1776693870,911931351,robot_3,-3.685,-2.698
1776693871,112011095,robot_2,-2.659,1.848
1776693871,112046197,robot_4,1.308,-4.435
1776693871,112060495,robot_0,0.640,-0.086
1776693871,112073217,robot_1,1.088,4.699
1776693871,112085176,robot_3,-3.685,-2.698
1776693871,331586017,robot_2,-2.686,1.829
1776693871,331610118,robot_4,1.308,-4.435
1776693871,331619826,robot_0,0.603,-0.089
1776693871,331628525,robot_1,1.108,4.749
1776693871,331644376,robot_3,-3.685,-2.698
1776693871,550900899,robot_2,-2.686,1.829
1776693871,550920441,robot_4,1.308,-4.435
1776693871,550927900,robot_0,0.558,-0.092
1776693871,550933402,robot_1,1.106,4.742
1776693871,550938355,robot_3,-3.686,-2.698
1776693871,751309990,robot_2,-2.686,1.829
1776693871,751332940,robot_4,1.308,-4.435
1776693871,751341031,robot_0,0.505,-0.096
1776693871,751347786,robot_1,1.102,4.724
1776693871,751354339,robot_3,-3.686,-2.698
1776693871,951501507,robot_2,-2.687,1.829
1776693871,951525043,robot_4,1.308,-4.435
1776693871,951532659,robot_0,0.461,-0.099
1776693871,951538674,robot_1,1.101,4.706
1776693871,951543946,robot_3,-3.686,-2.698
1776693872,152104590,robot_2,-2.687,1.829
1776693872,152125784,robot_4,1.308,-4.436
1776693872,152133042,robot_0,0.421,-0.102
1776693872,152139058,robot_1,1.105,4.689
1776693872,152144542,robot_3,-3.687,-2.698
1776693872,370893170,robot_2,-2.687,1.829
1776693872,370912319,robot_4,1.308,-4.436
1776693872,370919992,robot_0,0.378,-0.105
1776693872,370926149,robot_1,1.116,4.674
1776693872,370931338,robot_3,-3.687,-2.698
1776693872,591709389,robot_2,-2.688,1.829
1776693872,591728510,robot_4,1.307,-4.436
1776693872,591735124,robot_0,0.334,-0.108
1776693872,591740966,robot_1,1.130,4.664
1776693872,591747196,robot_3,-3.688,-2.698
1776693872,810898805,robot_2,-2.688,1.829
1776693872,810918565,robot_4,1.307,-4.437
1776693872,810925665,robot_0,0.282,-0.112
1776693872,810931481,robot_1,1.130,4.664
1776693872,810936688,robot_3,-3.688,-2.697
1776693873,11185983,robot_2,-2.688,1.829
1776693873,11208699,robot_4,1.307,-4.437
1776693873,11216496,robot_0,0.219,-0.116
1776693873,11223527,robot_1,1.130,4.664
1776693873,11229272,robot_3,-3.688,-2.697
1776693873,213605370,robot_2,-2.689,1.829
1776693873,213626695,robot_4,1.306,-4.437
1776693873,213637313,robot_0,0.176,-0.119
1776693873,213643952,robot_1,1.130,4.665
1776693873,213649712,robot_3,-3.688,-2.697
1776693873,432684206,robot_2,-2.689,1.829
1776693873,432705196,robot_4,1.306,-4.437
1776693873,432712421,robot_0,0.119,-0.124
1776693873,432718174,robot_1,1.130,4.665
1776693873,432723812,robot_3,-3.674,-2.688
1776693873,651564805,robot_2,-2.689,1.829
1776693873,651585659,robot_4,1.306,-4.437
1776693873,651593189,robot_0,0.039,-0.130
1776693873,651599101,robot_1,1.130,4.665
1776693873,651604278,robot_3,-3.648,-2.672
1776693873,870991175,robot_2,-2.689,1.829
1776693873,871011791,robot_4,1.306,-4.437
1776693873,871019528,robot_0,-0.007,-0.134
1776693873,871025250,robot_1,1.130,4.665
1776693873,871030868,robot_3,-3.610,-2.648
1776693874,71187005,robot_2,-2.689,1.829
1776693874,71208024,robot_4,1.306,-4.437
1776693874,71215007,robot_0,-0.064,-0.139
1776693874,71220432,robot_1,1.130,4.665
1776693874,71226248,robot_3,-3.549,-2.610
1776693874,291466746,robot_2,-2.689,1.828
1776693874,291493473,robot_4,1.305,-4.437
1776693874,291504402,robot_0,-0.130,-0.146
1776693874,291512908,robot_1,1.130,4.666
1776693874,291523661,robot_3,-3.494,-2.576
1776693874,492457969,robot_2,-2.689,1.828
1776693874,492485759,robot_4,1.305,-4.437
1776693874,492496818,robot_0,-0.170,-0.149
1776693874,492505215,robot_1,1.130,4.666
1776693874,492513027,robot_3,-3.461,-2.555
1776693874,692816049,robot_2,-2.690,1.828
1776693874,692841528,robot_4,1.305,-4.437
1776693874,692850253,robot_0,-0.226,-0.154
1776693874,692857660,robot_1,1.130,4.667
1776693874,692864383,robot_3,-3.428,-2.535
1776693874,893039280,robot_2,-2.690,1.827
1776693874,893068185,robot_4,1.304,-4.437
1776693874,893078582,robot_0,-0.281,-0.159
1776693874,893087481,robot_1,1.130,4.667
1776693874,893095766,robot_3,-3.395,-2.514
1776693875,111816682,robot_2,-2.689,1.827
1776693875,111843864,robot_4,1.304,-4.436
1776693875,111853149,robot_0,-0.325,-0.163
1776693875,111860551,robot_1,1.123,4.664
1776693875,111867700,robot_3,-3.353,-2.488
1776693875,333233931,robot_2,-2.689,1.826
1776693875,333270691,robot_4,1.304,-4.436
1776693875,333286375,robot_0,-0.352,-0.165
1776693875,333299763,robot_1,1.121,4.666
1776693875,333311930,robot_3,-3.293,-2.451
1776693875,551355945,robot_2,-2.689,1.826
1776693875,551376636,robot_4,1.304,-4.435
1776693875,551384887,robot_0,-0.388,-0.168
1776693875,551391442,robot_1,1.120,4.668
1776693875,551397887,robot_3,-3.252,-2.425
1776693875,751462411,robot_2,-2.689,1.826
1776693875,751484713,robot_4,1.304,-4.435
1776693875,751493216,robot_0,-0.429,-0.170
1776693875,751500646,robot_1,1.120,4.670
1776693875,751506434,robot_3,-3.217,-2.404
1776693875,971242594,robot_2,-2.689,1.826
1776693875,971266314,robot_4,1.304,-4.435
1776693875,971274673,robot_0,-0.492,-0.173
1776693875,971281014,robot_1,1.120,4.670
1776693875,971287812,robot_3,-3.177,-2.379
1776693876,172820525,robot_2,-2.689,1.826
1776693876,172844008,robot_4,1.304,-4.435
1776693876,172852391,robot_0,-0.537,-0.176
1776693876,172859782,robot_1,1.120,4.670
1776693876,172866249,robot_3,-3.143,-2.358
1776693876,392434692,robot_2,-2.689,1.826
1776693876,392473581,robot_4,1.304,-4.435
1776693876,392490248,robot_0,-0.588,-0.178
1776693876,392504260,robot_1,1.120,4.671
1776693876,392516830,robot_3,-3.114,-2.340
1776693876,612265102,robot_2,-2.688,1.825
1776693876,612289122,robot_4,1.304,-4.435
1776693876,612299502,robot_0,-0.670,-0.183
1776693876,612308261,robot_1,1.120,4.674
1776693876,612315074,robot_3,-3.087,-2.323
1776693876,812374397,robot_2,-2.688,1.825
1776693876,812399376,robot_4,1.304,-4.435
1776693876,812409550,robot_0,-0.718,-0.186
1776693876,812416783,robot_1,1.121,4.676
1776693876,812423548,robot_3,-3.053,-2.302
1776693877,32178751,robot_2,-2.688,1.825
1776693877,32203428,robot_4,1.304,-4.436
1776693877,32214113,robot_0,-0.773,-0.189
1776693877,32222691,robot_1,1.123,4.672
1776693877,32230679,robot_3,-3.023,-2.283
1776693877,232243414,robot_2,-2.687,1.825
1776693877,232266021,robot_4,1.304,-4.436
1776693877,232275676,robot_0,-0.839,-0.193
1776693877,232283388,robot_1,1.136,4.664
1776693877,232290203,robot_3,-2.993,-2.266
1776693877,432491837,robot_2,-2.687,1.825
1776693877,432516057,robot_4,1.305,-4.436
1776693877,432526085,robot_0,-0.881,-0.195
1776693877,432533951,robot_1,1.139,4.664
1776693877,432540687,robot_3,-2.959,-2.246
1776693877,651961066,robot_2,-2.687,1.825
1776693877,651982307,robot_4,1.305,-4.436
1776693877,651990582,robot_0,-0.915,-0.197
1776693877,651998001,robot_1,1.141,4.665
1776693877,652004367,robot_3,-2.896,-2.209
1776693877,871932201,robot_2,-2.686,1.826
1776693877,871955975,robot_4,1.305,-4.436
1776693877,871965420,robot_0,-0.945,-0.199
1776693877,871973070,robot_1,1.143,4.665
1776693877,871979792,robot_3,-2.838,-2.175
1776693878,93047189,robot_2,-2.686,1.826
1776693878,93081813,robot_4,1.306,-4.436
1776693878,93090448,robot_0,-0.989,-0.202
1776693878,93096968,robot_1,1.145,4.665
1776693878,93102755,robot_3,-2.799,-2.151
1776693878,311739486,robot_2,-2.712,1.852
1776693878,311766647,robot_4,1.306,-4.436
1776693878,311779073,robot_0,-1.061,-0.207
1776693878,311789388,robot_1,1.145,4.665
1776693878,311799476,robot_3,-2.751,-2.122
1776693878,512760852,robot_2,-2.757,1.898
1776693878,512792655,robot_4,1.306,-4.436
1776693878,512807820,robot_0,-1.126,-0.211
1776693878,512819659,robot_1,1.097,4.662
1776693878,512831709,robot_3,-2.715,-2.098
1776693878,732115665,robot_2,-2.788,1.930
1776693878,732148069,robot_4,1.306,-4.436
1776693878,732162097,robot_0,-1.170,-0.214
1776693878,732170196,robot_1,1.033,4.657
1776693878,732177749,robot_3,-2.675,-2.069
1776693878,952986036,robot_2,-2.795,1.936
1776693878,953006422,robot_4,1.306,-4.436
1776693878,953014276,robot_0,-1.202,-0.216
1776693878,953020405,robot_1,0.992,4.655
1776693878,953036704,robot_3,-2.626,-2.035
1776693879,172197304,robot_2,-2.795,1.936
1776693879,172226568,robot_4,1.307,-4.436
1776693879,172237174,robot_0,-1.243,-0.219
1776693879,172246559,robot_1,0.990,4.655
1776693879,172255326,robot_3,-2.589,-2.009
1776693879,391777819,robot_2,-2.795,1.936
1776693879,391809609,robot_4,1.307,-4.436
1776693879,391825865,robot_0,-1.290,-0.222
1776693879,391838060,robot_1,0.990,4.655
1776693879,391850068,robot_3,-2.542,-1.977
1776693879,592062020,robot_2,-2.796,1.936
1776693879,592099880,robot_4,1.307,-4.436
1776693879,592119218,robot_0,-1.342,-0.225
1776693879,592134906,robot_1,0.990,4.655
1776693879,592150130,robot_3,-2.493,-1.945
1776693879,793263874,robot_2,-2.796,1.936
1776693879,793289786,robot_4,1.307,-4.435
1776693879,793299904,robot_0,-1.385,-0.228
1776693879,793308279,robot_1,0.989,4.656
1776693879,793315686,robot_3,-2.458,-1.924
1776693880,11316218,robot_2,-2.797,1.936
1776693880,11335901,robot_4,1.307,-4.435
1776693880,11343053,robot_0,-1.421,-0.231
1776693880,11349086,robot_1,0.989,4.656
1776693880,11354455,robot_3,-2.420,-1.902
1776693880,231062798,robot_2,-2.797,1.936
1776693880,231081293,robot_4,1.307,-4.435
1776693880,231088779,robot_0,-1.443,-0.232
1776693880,231095227,robot_1,0.989,4.656
1776693880,231100975,robot_3,-2.382,-1.879
1776693880,431834815,robot_2,-2.797,1.936
1776693880,431861926,robot_4,1.307,-4.434
1776693880,431874283,robot_0,-1.483,-0.235
1776693880,431884389,robot_1,0.988,4.656
1776693880,431894096,robot_3,-2.348,-1.859
1776693880,632244244,robot_2,-2.798,1.936
1776693880,632266128,robot_4,1.307,-4.434
1776693880,632273905,robot_0,-1.528,-0.238
1776693880,632280043,robot_1,0.988,4.657
1776693880,632285753,robot_3,-2.317,-1.841
1776693880,851062782,robot_2,-2.798,1.937
1776693880,851086617,robot_4,1.307,-4.434
1776693880,851096822,robot_0,-1.581,-0.241
1776693880,851105019,robot_1,0.987,4.657
1776693880,851112996,robot_3,-2.282,-1.820
1776693881,51268312,robot_2,-2.798,1.937
1776693881,51287680,robot_4,1.307,-4.434
1776693881,51295373,robot_0,-1.621,-0.244
1776693881,51302485,robot_1,0.987,4.657
1776693881,51308657,robot_3,-2.248,-1.800
1776693881,252566038,robot_2,-2.789,1.945
1776693881,252587619,robot_4,1.307,-4.434
1776693881,252595487,robot_0,-1.671,-0.247
1776693881,252602746,robot_1,0.987,4.657
1776693881,252609656,robot_3,-2.189,-1.765
1776693881,452710374,robot_2,-2.769,1.964
1776693881,452731538,robot_4,1.307,-4.433
1776693881,452739219,robot_0,-1.726,-0.249
1776693881,452746364,robot_1,0.987,4.657
1776693881,452753002,robot_3,-2.136,-1.734
1776693881,671135055,robot_2,-2.738,1.994
1776693881,671156406,robot_4,1.307,-4.433
1776693881,671164213,robot_0,-1.770,-0.248
1776693881,671170331,robot_1,0.987,4.656
1776693881,671176542,robot_3,-2.098,-1.712
1776693881,872381582,robot_2,-2.714,2.018
1776693881,872413594,robot_4,1.307,-4.433
1776693881,872419546,robot_0,-1.817,-0.248
1776693881,872426553,robot_1,0.986,4.656
1776693881,872432297,robot_3,-2.036,-1.676
1776693882,91651667,robot_2,-2.691,2.042
1776693882,91672177,robot_4,1.306,-4.433
1776693882,91679912,robot_0,-1.869,-0.247
1776693882,91685929,robot_1,0.986,4.656
1776693882,91692070,robot_3,-1.982,-1.645
1776693882,311156602,robot_2,-2.661,2.074
1776693882,311221608,robot_4,1.306,-4.433
1776693882,311260284,robot_0,-1.913,-0.247
1776693882,311276404,robot_1,0.986,4.656
1776693882,311294133,robot_3,-1.948,-1.626
1776693882,511457080,robot_2,-2.637,2.100
1776693882,511482523,robot_4,1.306,-4.432
1776693882,511492993,robot_0,-1.976,-0.246
1776693882,511501412,robot_1,0.985,4.655
1776693882,511509966,robot_3,-1.928,-1.615
1776693882,731539587,robot_2,-2.609,2.129
1776693882,731560674,robot_4,1.305,-4.432
1776693882,731568353,robot_0,-2.038,-0.244
1776693882,731583395,robot_1,0.985,4.655
1776693882,731589851,robot_3,-1.894,-1.596
1776693882,951150043,robot_2,-2.579,2.161
1776693882,951173349,robot_4,1.305,-4.433
1776693882,951184190,robot_0,-2.081,-0.243
1776693882,951192376,robot_1,0.985,4.654
1776693882,951198044,robot_3,-1.860,-1.577
1776693883,151302063,robot_2,-2.540,2.203
1776693883,151329896,robot_4,1.305,-4.433
1776693883,151340391,robot_0,-2.116,-0.242
1776693883,151348703,robot_1,0.985,4.654
1776693883,151355898,robot_3,-1.834,-1.563
1776693883,371449712,robot_2,-2.504,2.242
1776693883,371473679,robot_4,1.305,-4.433
1776693883,371483728,robot_0,-2.158,-0.238
1776693883,371492172,robot_1,0.985,4.654
1776693883,371500744,robot_3,-1.795,-1.542
1776693883,591308868,robot_2,-2.474,2.275
1776693883,591328572,robot_4,1.305,-4.433
1776693883,591335583,robot_0,-2.201,-0.233
1776693883,591341362,robot_1,0.985,4.653
1776693883,591347125,robot_3,-1.757,-1.521
1776693883,791590018,robot_2,-2.446,2.306
1776693883,791617050,robot_4,1.305,-4.433
1776693883,791627187,robot_0,-2.241,-0.228
1776693883,791643372,robot_1,0.985,4.653
1776693883,791651499,robot_3,-1.722,-1.502
1776693884,10641500,robot_2,-2.434,2.319
1776693884,10660235,robot_4,1.306,-4.433
1776693884,10666993,robot_0,-2.285,-0.223
1776693884,10672856,robot_1,0.985,4.654
1776693884,10678302,robot_3,-1.683,-1.481
1776693884,212845975,robot_2,-2.434,2.319
1776693884,212875660,robot_4,1.306,-4.433
1776693884,212888484,robot_0,-2.320,-0.218
1776693884,212899213,robot_1,0.985,4.654
1776693884,212910394,robot_3,-1.645,-1.460
1776693884,431708764,robot_2,-2.435,2.320
1776693884,431742677,robot_4,1.306,-4.433
1776693884,431756343,robot_0,-2.354,-0.214
1776693884,431767332,robot_1,0.985,4.655
1776693884,431777626,robot_3,-1.603,-1.438
1776693884,651686901,robot_2,-2.435,2.320
1776693884,651707177,robot_4,1.307,-4.433
1776693884,651714822,robot_0,-2.398,-0.209
1776693884,651721221,robot_1,0.985,4.655
1776693884,651727878,robot_3,-1.565,-1.417
1776693884,852110134,robot_2,-2.435,2.321
1776693884,852133302,robot_4,1.307,-4.434
1776693884,852142728,robot_0,-2.434,-0.205
1776693884,852150914,robot_1,0.986,4.655
1776693884,852158367,robot_3,-1.504,-1.384
1776693885,70972189,robot_2,-2.435,2.321
1776693885,70990407,robot_4,1.307,-4.434
1776693885,70997279,robot_0,-2.474,-0.201
1776693885,71002961,robot_1,0.986,4.656
1776693885,71008352,robot_3,-1.447,-1.352
1776693885,272607014,robot_2,-2.435,2.321
1776693885,272629106,robot_4,1.307,-4.434
1776693885,272643787,robot_0,-2.514,-0.196
1776693885,272651370,robot_1,0.987,4.656
1776693885,272658805,robot_3,-1.412,-1.334
1776693885,491372015,robot_2,-2.435,2.322
1776693885,491391144,robot_4,1.307,-4.435
1776693885,491398022,robot_0,-2.574,-0.189
1776693885,491403380,robot_1,0.987,4.656
1776693885,491408827,robot_3,-1.385,-1.319
1776693885,692735434,robot_2,-2.434,2.322
1776693885,692763588,robot_4,1.307,-4.435
1776693885,692775357,robot_0,-2.629,-0.183
1776693885,692784394,robot_1,0.988,4.656
1776693885,692793245,robot_3,-1.352,-1.303
1776693885,910798081,robot_2,-2.434,2.323
1776693885,910821378,robot_4,1.307,-4.435
1776693885,910828441,robot_0,-2.673,-0.178
1776693885,910834303,robot_1,0.988,4.656
1776693885,910839430,robot_3,-1.308,-1.280
1776693886,112368560,robot_2,-2.434,2.323
1776693886,112388110,robot_4,1.307,-4.435
1776693886,112394880,robot_0,-2.698,-0.175
1776693886,112400487,robot_1,0.988,4.656
1776693886,112406291,robot_3,-1.241,-1.247
1776693886,332521397,robot_2,-2.426,2.315
1776693886,332542720,robot_4,1.307,-4.435
1776693886,332550572,robot_0,-2.732,-0.171
1776693886,332557059,robot_1,0.988,4.656
1776693886,332563191,robot_3,-1.190,-1.221
1776693886,551214804,robot_2,-2.383,2.271
1776693886,551240371,robot_4,1.307,-4.436
1776693886,551252258,robot_0,-2.775,-0.166
1776693886,551261794,robot_1,0.988,4.656
1776693886,551270555,robot_3,-1.140,-1.196
1776693886,751740642,robot_2,-2.354,2.243
1776693886,751763233,robot_4,1.307,-4.436
1776693886,751773198,robot_0,-2.807,-0.162
1776693886,751781808,robot_1,0.989,4.656
1776693886,751790130,robot_3,-1.077,-1.165
1776693886,971916975,robot_2,-2.314,2.203
1776693886,971938821,robot_4,1.307,-4.436
1776693886,971947570,robot_0,-2.847,-0.155
1776693886,971954522,robot_1,0.989,4.656
1776693886,971961427,robot_3,-1.034,-1.143
1776693887,172185667,robot_2,-2.271,2.162
1776693887,172221795,robot_4,1.306,-4.437
1776693887,172234784,robot_0,-2.884,-0.149
1776693887,172245769,robot_1,0.990,4.656
1776693887,172257008,robot_3,-0.987,-1.119
1776693887,392712375,robot_2,-2.238,2.132
1776693887,392748485,robot_4,1.306,-4.437
1776693887,392763428,robot_0,-2.914,-0.144
1776693887,392776059,robot_1,0.990,4.655
1776693887,392787367,robot_3,-0.925,-1.088
1776693887,611551625,robot_2,-2.197,2.095
1776693887,611574849,robot_4,1.306,-4.437
1776693887,611582897,robot_0,-2.955,-0.135
1776693887,611589469,robot_1,0.990,4.655
1776693887,611595641,robot_3,-0.885,-1.069
1776693887,831024455,robot_2,-2.156,2.059
1776693887,831043807,robot_4,1.305,-4.437
1776693887,831050947,robot_0,-2.997,-0.127
1776693887,831057219,robot_1,0.990,4.654
1776693887,831063464,robot_3,-0.834,-1.043
1776693888,31356589,robot_2,-2.126,2.032
1776693888,31378404,robot_4,1.305,-4.437
1776693888,31386841,robot_0,-3.034,-0.119
1776693888,31403276,robot_1,0.991,4.654
1776693888,31410246,robot_3,-0.788,-1.020
1776693888,232006099,robot_2,-2.088,1.998
1776693888,232031631,robot_4,1.305,-4.437
1776693888,232042666,robot_0,-3.073,-0.111
1776693888,232052559,robot_1,0.990,4.654
1776693888,232061485,robot_3,-0.753,-1.002
1776693888,451255208,robot_2,-2.049,1.963
1776693888,451276015,robot_4,1.305,-4.437
1776693888,451283546,robot_0,-3.128,-0.100
1776693888,451290086,robot_1,0.940,4.650
1776693888,451296311,robot_3,-0.726,-0.989
1776693888,651981061,robot_2,-2.019,1.937
1776693888,652004558,robot_4,1.305,-4.437
1776693888,652013478,robot_0,-3.187,-0.089
1776693888,652020215,robot_1,0.895,4.647
1776693888,652026532,robot_3,-0.699,-0.975
1776693888,871899407,robot_2,-1.988,1.909
1776693888,871925196,robot_4,1.304,-4.437
1776693888,871936222,robot_0,-3.231,-0.082
1776693888,871944572,robot_1,0.856,4.644
1776693888,871953315,robot_3,-0.659,-0.954
1776693889,72470129,robot_2,-1.959,1.883
1776693889,72494535,robot_4,1.304,-4.437
1776693889,72502780,robot_0,-3.248,-0.080
1776693889,72509486,robot_1,0.856,4.644
1776693889,72515963,robot_3,-0.595,-0.921
1776693889,272488688,robot_2,-1.930,1.857
1776693889,272517265,robot_4,1.304,-4.436
1776693889,272528617,robot_0,-3.248,-0.080
1776693889,272537440,robot_1,0.856,4.645
1776693889,272545537,robot_3,-0.542,-0.893
1776693889,472710467,robot_2,-1.910,1.839
1776693889,472737632,robot_4,1.303,-4.436
1776693889,472749781,robot_0,-3.248,-0.079
1776693889,472759301,robot_1,0.856,4.645
1776693889,472768679,robot_3,-0.507,-0.875
1776693889,672801748,robot_2,-1.884,1.816
1776693889,672826229,robot_4,1.303,-4.436
1776693889,672835329,robot_0,-3.248,-0.079
1776693889,672842387,robot_1,0.856,4.645
1776693889,672849161,robot_3,-0.488,-0.865
1776693889,891871026,robot_2,-1.850,1.786
1776693889,891895743,robot_4,1.303,-4.435
1776693889,891904840,robot_0,-3.248,-0.079
1776693889,891911669,robot_1,0.855,4.646
1776693889,891918180,robot_3,-0.458,-0.848
1776693890,111917005,robot_2,-1.812,1.752
1776693890,111949089,robot_4,1.303,-4.435
1776693890,111959086,robot_0,-3.248,-0.079
1776693890,111966494,robot_1,0.855,4.646
1776693890,111974066,robot_3,-0.416,-0.823
1776693890,312234449,robot_2,-1.782,1.725
1776693890,312257078,robot_4,1.303,-4.435
1776693890,312265806,robot_0,-3.249,-0.078
1776693890,312273180,robot_1,0.854,4.646
1776693890,312280761,robot_3,-0.351,-0.785
1776693890,531848665,robot_2,-1.751,1.698
1776693890,531872116,robot_4,1.303,-4.435
1776693890,531879972,robot_0,-3.249,-0.078
1776693890,531887199,robot_1,0.854,4.646
1776693890,531894171,robot_3,-0.302,-0.756
1776693890,732146677,robot_2,-1.726,1.676
1776693890,732170261,robot_4,1.303,-4.435
1776693890,732178946,robot_0,-3.249,-0.078
1776693890,732185589,robot_1,0.853,4.646
1776693890,732192014,robot_3,-0.263,-0.733
1776693890,933041507,robot_2,-1.697,1.650
1776693890,933068243,robot_4,1.303,-4.435
1776693890,933079844,robot_0,-3.250,-0.078
1776693890,933088966,robot_1,0.853,4.646
1776693890,933098020,robot_3,-0.216,-0.704
1776693891,133301308,robot_2,-1.661,1.619
1776693891,133324376,robot_4,1.303,-4.435
1776693891,133333725,robot_0,-3.250,-0.078
1776693891,133342117,robot_1,0.853,4.646
1776693891,133349838,robot_3,-0.180,-0.682
1776693891,352060985,robot_2,-1.612,1.576
1776693891,352082471,robot_4,1.303,-4.436
1776693891,352092119,robot_0,-3.250,-0.078
1776693891,352099517,robot_1,0.853,4.646
1776693891,352106318,robot_3,-0.133,-0.653
1776693891,552516313,robot_2,-1.581,1.549
1776693891,552547749,robot_4,1.303,-4.436
1776693891,552562971,robot_0,-3.250,-0.078
1776693891,552573921,robot_1,0.853,4.646
1776693891,552583761,robot_3,-0.076,-0.618
1776693891,771330592,robot_2,-1.544,1.516
1776693891,771355109,robot_4,1.304,-4.436
1776693891,771365516,robot_0,-3.250,-0.078
1776693891,771372936,robot_1,0.852,4.646
1776693891,771379916,robot_3,-0.036,-0.593
1776693891,971659876,robot_2,-1.509,1.485
1776693891,971682830,robot_4,1.304,-4.436
1776693891,971691830,robot_0,-3.250,-0.078
1776693891,971698352,robot_1,0.852,4.646
1776693891,971704668,robot_3,0.009,-0.565
1776693892,171857964,robot_2,-1.478,1.459
1776693892,171883160,robot_4,1.304,-4.436
1776693892,171892114,robot_0,-3.250,-0.078
1776693892,171900246,robot_1,0.852,4.646
1776693892,171907595,robot_3,0.064,-0.530
1776693892,372393612,robot_2,-1.451,1.435
1776693892,372416523,robot_4,1.305,-4.436
1776693892,372425723,robot_0,-3.251,-0.078
1776693892,372433816,robot_1,0.851,4.645
1776693892,372440439,robot_3,0.098,-0.508
1776693892,592309923,robot_2,-1.422,1.409
1776693892,592354530,robot_4,1.305,-4.436
1776693892,592378492,robot_0,-3.251,-0.079
1776693892,592399704,robot_1,0.851,4.645
1776693892,592420211,robot_3,0.141,-0.480
1776693892,812167750,robot_2,-1.388,1.380
1776693892,812197769,robot_4,1.305,-4.436
1776693892,812209857,robot_0,-3.251,-0.079
1776693892,812219348,robot_1,0.851,4.644
1776693892,812228404,robot_3,0.185,-0.452
1776693893,13407569,robot_2,-1.353,1.350
1776693893,13440235,robot_4,1.305,-4.436
1776693893,13456066,robot_0,-3.251,-0.079
1776693893,13467552,robot_1,0.851,4.644
1776693893,13477891,robot_3,0.219,-0.430
1776693893,231660417,robot_2,-1.316,1.317
1776693893,231684914,robot_4,1.305,-4.436
1776693893,231694462,robot_0,-3.251,-0.080
1776693893,231702300,robot_1,0.851,4.643
1776693893,231709455,robot_3,0.259,-0.404
1776693893,451323840,robot_2,-1.282,1.288
1776693893,451346422,robot_4,1.306,-4.436
1776693893,451356156,robot_0,-3.251,-0.080
1776693893,451363708,robot_1,0.851,4.643
1776693893,451370753,robot_3,0.299,-0.378
1776693893,651826711,robot_2,-1.233,1.245
1776693893,651850285,robot_4,1.306,-4.436
1776693893,651858576,robot_0,-3.251,-0.080
1776693893,651865863,robot_1,0.851,4.643
1776693893,651872682,robot_3,0.332,-0.356
1776693893,871432097,robot_2,-1.189,1.203
1776693893,871455312,robot_4,1.306,-4.436
1776693893,871463587,robot_0,-3.230,-0.081
1776693893,871471178,robot_1,0.851,4.643
1776693893,871477862,robot_3,0.370,-0.330
1776693894,92278430,robot_2,-1.155,1.170
1776693894,92307618,robot_4,1.306,-4.435
1776693894,92320053,robot_0,-3.190,-0.083
1776693894,92330374,robot_1,0.851,4.643
1776693894,92340585,robot_3,0.407,-0.305
1776693894,293475312,robot_2,-1.118,1.135
1776693894,293502385,robot_4,1.307,-4.435
1776693894,293513119,robot_0,-3.150,-0.085
1776693894,293522171,robot_1,0.852,4.642
1776693894,293530769,robot_3,0.442,-0.282
1776693894,511942401,robot_2,-1.083,1.104
1776693894,511969511,robot_4,1.307,-4.435
1776693894,511980449,robot_0,-3.104,-0.087
1776693894,511990107,robot_1,0.852,4.642
1776693894,511998460,robot_3,0.505,-0.240
1776693894,731500451,robot_2,-1.051,1.077
1776693894,731522213,robot_4,1.307,-4.434
1776693894,731530252,robot_0,-3.059,-0.089
1776693894,731537585,robot_1,0.852,4.642
1776693894,731545024,robot_3,0.549,-0.211
1776693894,951263307,robot_2,-1.022,1.052
1776693894,951285369,robot_4,1.307,-4.434
1776693894,951294463,robot_0,-3.014,-0.091
1776693894,951300890,robot_1,0.853,4.642
1776693894,951307453,robot_3,0.596,-0.180
1776693895,152295405,robot_2,-0.990,1.028
1776693895,152330040,robot_4,1.306,-4.434
1776693895,152337176,robot_0,-2.959,-0.095
1776693895,152343578,robot_1,0.853,4.641
1776693895,152350627,robot_3,0.658,-0.138
1776693895,371506035,robot_2,-0.964,1.007
1776693895,371528195,robot_4,1.248,-4.445
1776693895,371537724,robot_0,-2.910,-0.100
1776693895,371545730,robot_1,0.854,4.641
1776693895,371552293,robot_3,0.701,-0.110
1776693895,591305044,robot_2,-0.941,0.990
1776693895,591329020,robot_4,1.189,-4.457
1776693895,591337015,robot_0,-2.865,-0.106
1776693895,591343393,robot_1,0.854,4.641
1776693895,591349482,robot_3,0.753,-0.075
1776693895,791704990,robot_2,-0.910,0.965
1776693895,791727428,robot_4,1.152,-4.464
1776693895,791735951,robot_0,-2.823,-0.112
1776693895,791742607,robot_1,0.854,4.642
1776693895,791751282,robot_3,0.814,-0.034
1776693896,11216584,robot_2,-0.864,0.930
1776693896,11239482,robot_4,1.120,-4.471
1776693896,11247895,robot_0,-2.780,-0.121
1776693896,11254811,robot_1,0.854,4.642
1776693896,11260984,robot_3,0.851,-0.009
1776693896,211650426,robot_2,-0.822,0.897
1776693896,211671793,robot_4,1.082,-4.478
1776693896,211680752,robot_0,-2.732,-0.132
1776693896,211687640,robot_1,0.854,4.642
1776693896,211694217,robot_3,0.883,0.012
1776693896,431950579,robot_2,-0.787,0.870
1776693896,431972384,robot_4,1.050,-4.485
1776693896,431981028,robot_0,-2.663,-0.148
1776693896,431988133,robot_1,0.854,4.642
1776693896,431994959,robot_3,0.919,0.035
1776693896,653080815,robot_2,-0.753,0.844
1776693896,653102681,robot_4,1.050,-4.485
1776693896,653111575,robot_0,-2.619,-0.158
1776693896,653118739,robot_1,0.853,4.642
1776693896,653125285,robot_3,0.956,0.059
1776693896,871077053,robot_2,-0.717,0.818
1776693896,871098622,robot_4,1.050,-4.485
1776693896,871107148,robot_0,-2.571,-0.170
1776693896,871114578,robot_1,0.853,4.642
1776693896,871122128,robot_3,0.987,0.078
1776693897,71406861,robot_2,-0.685,0.796
1776693897,71430576,robot_4,1.050,-4.485
1776693897,71440626,robot_0,-2.527,-0.181
1776693897,71448115,robot_1,0.853,4.642
1776693897,71455098,robot_3,1.018,0.098
1776693897,272457985,robot_2,-0.653,0.774
1776693897,272481565,robot_4,1.049,-4.486
1776693897,272492652,robot_0,-2.488,-0.190
1776693897,272500572,robot_1,0.852,4.642
1776693897,272508846,robot_3,1.051,0.120
1776693897,491500162,robot_2,-0.617,0.750
1776693897,491520351,robot_4,1.049,-4.486
1776693897,491528289,robot_0,-2.428,-0.205
1776693897,491534915,robot_1,0.852,4.643
1776693897,491540814,robot_3,1.071,0.132
1776693897,693052723,robot_2,-0.581,0.725
1776693897,693093632,robot_4,1.049,-4.486
1776693897,693115183,robot_0,-2.371,-0.219
1776693897,693132770,robot_1,0.852,4.643
1776693897,693149762,robot_3,1.098,0.149
1776693897,911804310,robot_2,-0.524,0.685
1776693897,911825191,robot_4,1.049,-4.487
1776693897,911834081,robot_0,-2.329,-0.229
1776693897,911841051,robot_1,0.851,4.644
1776693897,911848023,robot_3,1.132,0.171
1776693898,131988248,robot_2,-0.485,0.654
1776693898,132019246,robot_4,1.048,-4.487
1776693898,132032729,robot_0,-2.290,-0.238
1776693898,132043566,robot_1,0.851,4.644
1776693898,132054213,robot_3,1.153,0.185
1776693898,332129566,robot_2,-0.446,0.622
1776693898,332152347,robot_4,1.048,-4.487
1776693898,332160796,robot_0,-2.253,-0.247
1776693898,332167924,robot_1,0.851,4.644
1776693898,332174692,robot_3,1.184,0.206
1776693898,552037721,robot_2,-0.382,0.570
1776693898,552058214,robot_4,1.048,-4.487
1776693898,552066495,robot_0,-2.210,-0.258
1776693898,552073037,robot_1,0.851,4.644
1776693898,552079554,robot_3,1.217,0.229
1776693898,771198191,robot_2,-0.344,0.539
1776693898,771219862,robot_4,1.048,-4.487
1776693898,771228842,robot_0,-2.167,-0.268
1776693898,771235572,robot_1,0.851,4.644
1776693898,771241673,robot_3,1.246,0.250
1776693898,971474999,robot_2,-0.315,0.515
1776693898,971497719,robot_4,1.048,-4.487
1776693898,971505801,robot_0,-2.127,-0.276
1776693898,971512149,robot_1,0.851,4.645
1776693898,971518052,robot_3,1.278,0.274
1776693899,172011586,robot_2,-0.286,0.491
1776693899,172035135,robot_4,1.047,-4.487
1776693899,172043577,robot_0,-2.085,-0.285
1776693899,172050912,robot_1,0.851,4.645
1776693899,172057929,robot_3,1.305,0.295
1776693899,372440212,robot_2,-0.256,0.466
1776693899,372461962,robot_4,1.047,-4.487
1776693899,372470929,robot_0,-2.029,-0.298
1776693899,372478144,robot_1,0.852,4.646
1776693899,372484713,robot_3,1.330,0.314
1776693899,592104542,robot_2,-0.229,0.444
1776693899,592132111,robot_4,1.047,-4.487
1776693899,592145626,robot_0,-1.981,-0.311
1776693899,592156832,robot_1,0.852,4.646
1776693899,592165936,robot_3,1.365,0.341
1776693899,811082034,robot_2,-0.204,0.423
1776693899,811104220,robot_4,1.046,-4.487
1776693899,811112780,robot_0,-1.933,-0.326
1776693899,811119565,robot_1,0.852,4.646
1776693899,811126198,robot_3,1.392,0.362
1776693900,14519652,robot_2,-0.173,0.398
1776693900,14541163,robot_4,1.046,-4.486
1776693900,14550121,robot_0,-1.879,-0.342
1776693900,14557287,robot_1,0.853,4.647
1776693900,14564951,robot_3,1.416,0.381
1776693900,231994099,robot_2,-0.132,0.364
1776693900,232043242,robot_4,1.046,-4.486
1776693900,232061602,robot_0,-1.836,-0.355
1776693900,232076118,robot_1,0.853,4.647
1776693900,232089551,robot_3,1.450,0.408
1776693900,433743852,robot_2,-0.097,0.335
1776693900,433768574,robot_4,1.045,-4.486
1776693900,433780041,robot_0,-1.796,-0.367
1776693900,433789717,robot_1,0.854,4.647
1776693900,433798455,robot_3,1.487,0.437
1776693900,651703581,robot_2,-0.063,0.307
1776693900,651734285,robot_4,1.045,-4.485
1776693900,651744233,robot_0,-1.750,-0.381
1776693900,651752013,robot_1,0.854,4.647
1776693900,651758893,robot_3,1.525,0.468
1776693900,851853148,robot_2,-0.033,0.282
1776693900,851873405,robot_4,1.045,-4.485
1776693900,851881950,robot_0,-1.712,-0.393
1776693900,851888807,robot_1,0.854,4.647
1776693900,851895715,robot_3,1.556,0.493
1776693901,71241513,robot_2,0.001,0.254
1776693901,71262029,robot_4,1.045,-4.485
1776693901,71269887,robot_0,-1.669,-0.405
1776693901,71276592,robot_1,0.854,4.647
1776693901,71282470,robot_3,1.604,0.531
1776693901,271649614,robot_2,0.031,0.229
1776693901,271670955,robot_4,1.045,-4.485
1776693901,271678747,robot_0,-1.630,-0.416
1776693901,271685219,robot_1,0.854,4.647
1776693901,271690943,robot_3,1.641,0.561
1776693901,472586163,robot_2,0.059,0.205
1776693901,472609398,robot_4,1.045,-4.485
1776693901,472619153,robot_0,-1.591,-0.426
1776693901,472626962,robot_1,0.855,4.647
1776693901,472640832,robot_3,1.673,0.586
1776693901,691821735,robot_2,0.091,0.176
1776693901,691846278,robot_4,1.045,-4.485
1776693901,691855593,robot_0,-1.527,-0.443
1776693901,691863229,robot_1,0.855,4.647
1776693901,691870566,robot_3,1.728,0.631
1776693901,893008269,robot_2,0.120,0.148
1776693901,893037218,robot_4,1.046,-4.485
1776693901,893049148,robot_0,-1.465,-0.459
1776693901,893058449,robot_1,0.856,4.646
1776693901,893068387,robot_3,1.766,0.664
1776693902,112271622,robot_2,0.154,0.116
1776693902,112292448,robot_4,1.046,-4.486
1776693902,112300851,robot_0,-1.422,-0.470
1776693902,112307698,robot_1,0.856,4.646
1776693902,112313873,robot_3,1.803,0.696
1776693902,331309606,robot_2,0.188,0.086
1776693902,331330604,robot_4,1.046,-4.486
1776693902,331338639,robot_0,-1.382,-0.481
1776693902,331345422,robot_1,0.856,4.646
1776693902,331352108,robot_3,1.860,0.746
1776693902,532401411,robot_2,0.216,0.061
1776693902,532421660,robot_4,1.046,-4.486
1776693902,532429962,robot_0,-1.345,-0.493
1776693902,532436679,robot_1,0.857,4.645
1776693902,532442939,robot_3,1.895,0.777
1776693902,751623799,robot_2,0.244,0.036
1776693902,751647820,robot_4,1.047,-4.486
1776693902,751656992,robot_0,-1.304,-0.507
1776693902,751664836,robot_1,0.857,4.645
1776693902,751671341,robot_3,1.931,0.809
1776693902,952022106,robot_2,0.274,0.010
1776693902,952040114,robot_4,1.047,-4.486
1776693902,952047938,robot_0,-1.275,-0.517
1776693902,952054492,robot_1,0.857,4.644
1776693902,952060173,robot_3,1.969,0.844
1776693903,152151781,robot_2,0.303,-0.015
1776693903,152172119,robot_4,1.048,-4.486
1776693903,152179565,robot_0,-1.240,-0.529
1776693903,152186466,robot_1,0.844,4.643
1776693903,152192157,robot_3,1.998,0.872
1776693903,370857073,robot_2,0.334,-0.041
1776693903,370877868,robot_4,1.048,-4.486
1776693903,370885167,robot_0,-1.195,-0.545
1776693903,370891894,robot_1,0.817,4.641
1776693903,370898110,robot_3,2.022,0.900
1776693903,571588414,robot_2,0.365,-0.066
1776693903,571607590,robot_4,1.048,-4.486
1776693903,571614777,robot_0,-1.130,-0.568
1776693903,571620523,robot_1,0.777,4.639
1776693903,571625815,robot_3,2.041,0.920
1776693903,771910326,robot_2,0.396,-0.090
1776693903,771932805,robot_4,1.048,-4.486
1776693903,771941491,robot_0,-1.082,-0.585
1776693903,771947989,robot_1,0.719,4.635
1776693903,771955526,robot_3,2.067,0.950
1776693903,973084549,robot_2,0.427,-0.114
1776693903,973105864,robot_4,1.048,-4.486
1776693903,973114317,robot_0,-1.043,-0.599
1776693903,973121128,robot_1,0.658,4.630
1776693903,973127531,robot_3,2.076,0.972
1776693904,191743412,robot_2,0.462,-0.141
1776693904,191767022,robot_4,1.048,-4.486
1776693904,191775905,robot_0,-0.996,-0.615
1776693904,191783223,robot_1,0.651,4.630
1776693904,191789762,robot_3,2.058,0.991
1776693904,412296125,robot_2,0.505,-0.174
1776693904,412319443,robot_4,1.049,-4.486
1776693904,412327563,robot_0,-0.953,-0.630
1776693904,412334818,robot_1,0.651,4.630
1776693904,412341699,robot_3,2.040,1.016
1776693904,631452777,robot_2,0.546,-0.206
1776693904,631473802,robot_4,1.049,-4.485
1776693904,631482028,robot_0,-0.918,-0.643
1776693904,631488737,robot_1,0.651,4.631
1776693904,631494896,robot_3,2.033,1.032
1776693904,832274899,robot_2,0.577,-0.231
1776693904,832297920,robot_4,1.049,-4.485
1776693904,832306993,robot_0,-0.893,-0.652
1776693904,832313822,robot_1,0.651,4.631
1776693904,832319843,robot_3,2.032,1.037
1776693905,32436207,robot_2,0.596,-0.246
1776693905,32459379,robot_4,1.049,-4.485
1776693905,32468168,robot_0,-0.855,-0.665
1776693905,32475598,robot_1,0.650,4.631
1776693905,32482316,robot_3,2.032,1.037
1776693905,251967430,robot_2,0.622,-0.266
1776693905,251990753,robot_4,1.049,-4.484
1776693905,251999599,robot_0,-0.800,-0.684
1776693905,252007874,robot_1,0.650,4.632
1776693905,252015175,robot_3,2.032,1.037
1776693905,471701579,robot_2,0.657,-0.292
1776693905,471723841,robot_4,1.049,-4.484
1776693905,471733708,robot_0,-0.733,-0.708
1776693905,471741574,robot_1,0.650,4.632
1776693905,471749350,robot_3,2.032,1.038
1776693905,671838912,robot_2,0.684,-0.314
1776693905,671862016,robot_4,1.049,-4.484
1776693905,671870518,robot_0,-0.695,-0.721
1776693905,671878004,robot_1,0.649,4.632
1776693905,671885330,robot_3,2.032,1.038
1776693905,872148309,robot_2,0.714,-0.337
1776693905,872169584,robot_4,1.049,-4.484
1776693905,872178229,robot_0,-0.658,-0.734
1776693905,872185098,robot_1,0.649,4.632
1776693905,872192067,robot_3,2.032,1.039
1776693906,92958977,robot_2,0.746,-0.362
1776693906,92981190,robot_4,1.049,-4.484
1776693906,92992966,robot_0,-0.617,-0.749
1776693906,93001486,robot_1,0.648,4.632
1776693906,93009446,robot_3,2.033,1.039
1776693906,311603640,robot_2,0.764,-0.376
1776693906,311624173,robot_4,1.049,-4.484
1776693906,311636447,robot_0,-0.576,-0.763
1776693906,311643406,robot_1,0.648,4.632
1776693906,311649882,robot_3,2.033,1.039
1776693906,513251842,robot_2,0.792,-0.397
1776693906,513282616,robot_4,1.049,-4.483
1776693906,513297421,robot_0,-0.550,-0.772
1776693906,513309410,robot_1,0.648,4.632
1776693906,513320767,robot_3,2.033,1.039
1776693906,731289111,robot_2,0.834,-0.430
1776693906,731310566,robot_4,1.049,-4.483
1776693906,731319586,robot_0,-0.517,-0.784
1776693906,731326521,robot_1,0.648,4.632
1776693906,731332643,robot_3,2.033,1.039
1776693906,931657836,robot_2,0.889,-0.475
1776693906,931678690,robot_4,1.048,-4.483
1776693906,931686284,robot_0,-0.479,-0.797
1776693906,931692202,robot_1,0.648,4.632
1776693906,931697943,robot_3,2.033,1.039
1776693907,152028795,robot_2,0.928,-0.507
1776693907,152059910,robot_4,1.048,-4.483
1776693907,152071440,robot_0,-0.445,-0.809
1776693907,152078305,robot_1,0.647,4.631
1776693907,152084006,robot_3,2.034,1.039
1776693907,371508033,robot_2,0.975,-0.546
1776693907,371526054,robot_4,1.048,-4.482
1776693907,371533386,robot_0,-0.407,-0.823
1776693907,371539828,robot_1,0.647,4.631
1776693907,371545253,robot_3,2.034,1.039
1776693907,572197044,robot_2,1.032,-0.593
1776693907,572220606,robot_4,1.047,-4.482
1776693907,572228238,robot_0,-0.368,-0.836
1776693907,572234645,robot_1,0.647,4.631
1776693907,572240781,robot_3,2.035,1.039
1776693907,793194385,robot_2,1.067,-0.623
1776693907,793228519,robot_4,1.047,-4.482
1776693907,793244881,robot_0,-0.326,-0.852
1776693907,793259326,robot_1,0.647,4.630
1776693907,793272305,robot_3,2.035,1.039
1776693908,11295735,robot_2,1.118,-0.665
1776693908,11314930,robot_4,1.047,-4.482
1776693908,11321847,robot_0,-0.284,-0.868
1776693908,11327809,robot_1,0.646,4.630
1776693908,11333771,robot_3,2.035,1.039
1776693908,212601451,robot_2,1.166,-0.705
1776693908,212623127,robot_4,1.046,-4.483
1776693908,212641346,robot_0,-0.238,-0.887
1776693908,212653407,robot_1,0.646,4.629
1776693908,212664657,robot_3,2.036,1.039
1776693908,431651570,robot_2,1.200,-0.734
1776693908,431673943,robot_4,1.046,-4.483
1776693908,431683958,robot_0,-0.165,-0.916
1776693908,431692395,robot_1,0.647,4.629
1776693908,431700149,robot_3,2.036,1.038
1776693908,651146296,robot_2,1.246,-0.772
1776693908,651164115,robot_4,1.047,-4.482
1776693908,651170455,robot_0,-0.122,-0.933
1776693908,651176572,robot_1,0.647,4.629
1776693908,651182229,robot_3,2.036,1.038
1776693908,852061279,robot_2,1.284,-0.801
1776693908,852080885,robot_4,1.047,-4.482
1776693908,852089015,robot_0,-0.078,-0.951
1776693908,852095707,robot_1,0.647,4.629
1776693908,852102106,robot_3,2.036,1.038
1776693909,70763555,robot_2,1.319,-0.827
1776693909,70782257,robot_4,1.047,-4.483
1776693909,70788725,robot_0,-0.028,-0.971
1776693909,70794788,robot_1,0.647,4.629
1776693909,70799846,robot_3,2.036,1.038
1776693909,271240882,robot_2,1.345,-0.847
1776693909,271260751,robot_4,1.048,-4.483
1776693909,271268224,robot_0,0.010,-0.986
1776693909,271274727,robot_1,0.647,4.630
1776693909,271280593,robot_3,2.036,1.038
1776693909,472106209,robot_2,1.376,-0.869
1776693909,472130106,robot_4,1.048,-4.483
1776693909,472142056,robot_0,0.059,-1.005
1776693909,472148274,robot_1,0.647,4.630
1776693909,472153324,robot_3,2.035,1.042
1776693909,692318775,robot_2,1.414,-0.898
1776693909,692341321,robot_4,1.048,-4.483
1776693909,692349905,robot_0,0.115,-1.028
1776693909,692357025,robot_1,0.647,4.630
1776693909,692363569,robot_3,2.035,1.042
1776693909,912855272,robot_2,1.479,-0.947
1776693909,912892471,robot_4,1.049,-4.484
1776693909,912913551,robot_0,0.156,-1.044
1776693909,912931580,robot_1,0.647,4.631
1776693909,912948138,robot_3,2.035,1.042
1776693910,132362032,robot_2,1.524,-0.981
1776693910,132384715,robot_4,1.049,-4.484
1776693910,132393469,robot_0,0.207,-1.065
1776693910,132400682,robot_1,0.648,4.631
1776693910,132407944,robot_3,2.035,1.041
1776693910,352076980,robot_2,1.568,-1.014
1776693910,352105258,robot_4,1.049,-4.484
1776693910,352111027,robot_0,0.252,-1.086
1776693910,352116546,robot_1,0.648,4.632
1776693910,352122096,robot_3,2.034,1.041
1776693910,553190937,robot_2,1.617,-1.053
1776693910,553216056,robot_4,1.049,-4.485
1776693910,553227943,robot_0,0.290,-1.103
1776693910,553238106,robot_1,0.649,4.632
1776693910,553246758,robot_3,2.034,1.041
1776693910,771920525,robot_2,1.652,-1.082
1776693910,771946672,robot_4,1.049,-4.485
1776693910,771958288,robot_0,0.341,-1.128
1776693910,771967896,robot_1,0.649,4.632
1776693910,771976359,robot_3,2.033,1.041
1776693910,992524701,robot_2,1.690,-1.114
1776693910,992555538,robot_4,1.049,-4.485
1776693910,992569652,robot_0,0.384,-1.149
1776693910,992581705,robot_1,0.649,4.632
1776693910,992592740,robot_3,1.997,1.083
1776693911,211736067,robot_2,1.727,-1.148
1776693911,211755024,robot_4,1.049,-4.485
1776693911,211761640,robot_0,0.432,-1.172
1776693911,211767049,robot_1,0.649,4.632
1776693911,211772282,robot_3,1.963,1.122
1776693911,411803976,robot_2,1.756,-1.176
1776693911,411824841,robot_4,1.049,-4.485
1776693911,411834435,robot_0,0.492,-1.200
1776693911,411842499,robot_1,0.649,4.632
1776693911,411849625,robot_3,1.933,1.156
1776693911,632413006,robot_2,1.800,-1.220
1776693911,632441775,robot_4,1.049,-4.486
1776693911,632452762,robot_0,0.536,-1.221
1776693911,632462015,robot_1,0.650,4.632
1776693911,632471122,robot_3,1.882,1.214
1776693911,851668112,robot_2,1.843,-1.260
1776693911,851689133,robot_4,1.049,-4.486
1776693911,851698523,robot_0,0.578,-1.242
1776693911,851706802,robot_1,0.650,4.632
1776693911,851714253,robot_3,1.846,1.252
1776693912,71723749,robot_2,1.876,-1.291
1776693912,71742663,robot_4,1.048,-4.486
1776693912,71750753,robot_0,0.622,-1.262
1776693912,71757688,robot_1,0.651,4.631
1776693912,71764030,robot_3,1.807,1.293
1776693912,291915026,robot_2,1.928,-1.339
1776693912,291942039,robot_4,1.048,-4.487
1776693912,291954472,robot_0,0.661,-1.281
1776693912,291965195,robot_1,0.651,4.631
1776693912,291974663,robot_3,1.758,1.343
1776693912,492154447,robot_2,1.963,-1.373
1776693912,492172217,robot_4,1.048,-4.487
1776693912,492179762,robot_0,0.711,-1.306
1776693912,492185947,robot_1,0.652,4.631
1776693912,492191734,robot_3,1.729,1.370
1776693912,711627728,robot_2,1.995,-1.404
1776693912,711654403,robot_4,1.047,-4.487
1776693912,711662918,robot_0,0.763,-1.332
1776693912,711670360,robot_1,0.652,4.630
1776693912,711676825,robot_3,1.685,1.410
1776693912,912293706,robot_2,2.025,-1.432
1776693912,912323530,robot_4,1.047,-4.487
1776693912,912330538,robot_0,0.799,-1.350
1776693912,912337063,robot_1,0.652,4.630
1776693912,912343078,robot_3,1.643,1.447
1776693913,112520116,robot_2,2.055,-1.458
1776693913,112539405,robot_4,1.047,-4.487
1776693913,112546441,robot_0,0.854,-1.379
1776693913,112552176,robot_1,0.652,4.629
1776693913,112557555,robot_3,1.612,1.472
1776693913,312726075,robot_2,2.089,-1.486
1776693913,312746454,robot_4,1.047,-4.487
1776693913,312754259,robot_0,0.904,-1.407
1776693913,312760408,robot_1,0.638,4.628
1776693913,312766285,robot_3,1.569,1.507
1776693913,531870281,robot_2,2.132,-1.520
1776693913,531891525,robot_4,1.047,-4.487
1776693913,531900399,robot_0,0.942,-1.430
1776693913,531907684,robot_1,0.568,4.623
1776693913,531914732,robot_3,1.522,1.545
1776693913,732142414,robot_2,2.164,-1.546
1776693913,732172520,robot_4,1.046,-4.487
1776693913,732186377,robot_0,0.983,-1.456
1776693913,732199116,robot_1,0.527,4.620
1776693913,732209966,robot_3,1.491,1.571
1776693913,952664977,robot_2,2.202,-1.577
1776693913,952688515,robot_4,1.046,-4.487
1776693913,952698679,robot_0,1.024,-1.481
1776693913,952706572,robot_1,0.504,4.618
1776693913,952715117,robot_3,1.459,1.596
1776693914,170663336,robot_2,2.243,-1.610
1776693914,170682477,robot_4,1.045,-4.487
1776693914,170689145,robot_0,1.061,-1.504
1776693914,170694349,robot_1,0.504,4.618
1776693914,170699969,robot_3,1.426,1.623
1776693914,371646728,robot_2,2.274,-1.636
1776693914,371672864,robot_4,1.045,-4.486
1776693914,371684944,robot_0,1.094,-1.524
1776693914,371694729,robot_1,0.504,4.619
1776693914,371705582,robot_3,1.394,1.649
1776693914,572305885,robot_2,2.316,-1.669
1776693914,572326426,robot_4,1.045,-4.486
1776693914,572335447,robot_0,1.127,-1.547
1776693914,572342260,robot_1,0.504,4.619
1776693914,572348709,robot_3,1.347,1.687
1776693914,772546009,robot_2,2.366,-1.710
1776693914,772570394,robot_4,1.045,-4.486
1776693914,772581463,robot_0,1.161,-1.572
1776693914,772590766,robot_1,0.503,4.620
1776693914,772600452,robot_3,1.309,1.719
1776693914,991637804,robot_2,2.400,-1.737
1776693914,991661967,robot_4,1.045,-4.485
1776693914,991671595,robot_0,1.210,-1.607
1776693914,991679631,robot_1,0.503,4.620
1776693914,991687667,robot_3,1.273,1.747
1776693915,192732718,robot_2,2.428,-1.760
1776693915,192751532,robot_4,1.045,-4.485
1776693915,192758511,robot_0,1.244,-1.631
1776693915,192763746,robot_1,0.503,4.620
1776693915,192769054,robot_3,1.233,1.780
1776693915,393024333,robot_2,2.457,-1.783
1776693915,393045908,robot_4,1.045,-4.485
1776693915,393054921,robot_0,1.274,-1.652
1776693915,393062288,robot_1,0.502,4.620
1776693915,393069763,robot_3,1.199,1.807
1776693915,593110919,robot_2,2.488,-1.808
1776693915,593145050,robot_4,1.045,-4.485
1776693915,593162567,robot_0,1.295,-1.668
1776693915,593176476,robot_1,0.502,4.620
1776693915,593190307,robot_3,1.165,1.833
1776693915,811817843,robot_2,2.541,-1.852
1776693915,811835479,robot_4,1.045,-4.485
1776693915,811841770,robot_0,1.327,-1.694
1776693915,811847059,robot_1,0.501,4.620
1776693915,811852574,robot_3,1.101,1.883
1776693916,12671492,robot_2,2.595,-1.895
1776693916,12690604,robot_4,1.045,-4.484
1776693916,12698327,robot_0,1.354,-1.718
1776693916,12704386,robot_1,0.501,4.620
1776693916,12711098,robot_3,1.060,1.915
1776693916,232171928,robot_2,2.629,-1.923
1776693916,232196272,robot_4,1.045,-4.484
1776693916,232207315,robot_0,1.380,-1.740
1776693916,232217013,robot_1,0.501,4.620
1776693916,232225744,robot_3,1.022,1.945
1776693916,451956420,robot_2,2.671,-1.957
1776693916,451985238,robot_4,1.045,-4.484
1776693916,452000159,robot_0,1.412,-1.769
1776693916,452009439,robot_1,0.501,4.620
1776693916,452017790,robot_3,0.977,1.980
1776693916,671178794,robot_2,2.709,-1.988
1776693916,671200556,robot_4,1.045,-4.483
1776693916,671207255,robot_0,1.441,-1.795
1776693916,671212932,robot_1,0.501,4.620
1776693916,671218338,robot_3,0.942,2.007
1776693916,892473924,robot_2,2.741,-2.014
1776693916,892522908,robot_4,1.046,-4.483
1776693916,892535619,robot_0,1.470,-1.821
1776693916,892546946,robot_1,0.500,4.620
1776693916,892559472,robot_3,0.895,2.044
1776693917,112571985,robot_2,2.762,-2.031
1776693917,112596645,robot_4,1.046,-4.483
1776693917,112607957,robot_0,1.503,-1.851
1776693917,112616835,robot_1,0.500,4.620
1776693917,112625482,robot_3,0.838,2.085
1776693917,331937197,robot_2,2.794,-2.056
1776693917,331958865,robot_4,1.046,-4.483
1776693917,331967789,robot_0,1.543,-1.887
1776693917,331975971,robot_1,0.500,4.619
1776693917,331983569,robot_3,0.802,2.110
1776693917,532411383,robot_2,2.823,-2.080
1776693917,532430936,robot_4,1.047,-4.483
1776693917,532438799,robot_0,1.576,-1.917
1776693917,532445682,robot_1,0.499,4.619
1776693917,532451966,robot_3,0.750,2.145
1776693917,752071130,robot_2,2.853,-2.105
1776693917,752092381,robot_4,1.047,-4.482
1776693917,752101044,robot_0,1.608,-1.946
1776693917,752107401,robot_1,0.499,4.618
1776693917,752114487,robot_3,0.694,2.181
1776693917,970755580,robot_2,2.886,-2.134
1776693917,970772059,robot_4,1.047,-4.482
1776693917,970778789,robot_0,1.635,-1.970
1776693917,970783992,robot_1,0.499,4.618
1776693917,970789091,robot_3,0.657,2.204
1776693918,171945525,robot_2,2.929,-2.173
1776693918,171967996,robot_4,1.047,-4.482
1776693918,171976628,robot_0,1.663,-1.996
1776693918,171984108,robot_1,0.499,4.617
1776693918,171990469,robot_3,0.625,2.224
1776693918,392285332,robot_2,2.988,-2.225
1776693918,392318549,robot_4,1.047,-4.483
1776693918,392333788,robot_0,1.700,-2.030
1776693918,392353064,robot_1,0.499,4.617
1776693918,392361153,robot_3,0.588,2.247
1776693918,592326762,robot_2,3.019,-2.252
1776693918,592359509,robot_4,1.046,-4.483
1776693918,592367339,robot_0,1.748,-2.073
1776693918,592374219,robot_1,0.499,4.617
1776693918,592381523,robot_3,0.551,2.269
1776693918,812189859,robot_2,3.032,-2.263
1776693918,812220576,robot_4,1.046,-4.483
1776693918,812234544,robot_0,1.786,-2.107
1776693918,812245743,robot_1,0.499,4.617
1776693918,812256382,robot_3,0.491,2.306
1776693919,32486292,robot_2,3.032,-2.263
1776693919,32507784,robot_4,1.046,-4.483
1776693919,32516410,robot_0,1.824,-2.141
1776693919,32523009,robot_1,0.499,4.617
1776693919,32529643,robot_3,0.447,2.333
1776693919,232865875,robot_2,3.032,-2.263
1776693919,232891033,robot_4,1.046,-4.483
1776693919,232903774,robot_0,1.865,-2.178
1776693919,232913947,robot_1,0.500,4.616
1776693919,232922826,robot_3,0.406,2.359
1776693919,433106544,robot_2,3.033,-2.263
1776693919,433141762,robot_4,1.045,-4.484
1776693919,433152128,robot_0,1.895,-2.205
1776693919,433160056,robot_1,0.500,4.616
1776693919,433168829,robot_3,0.343,2.398
1776693919,651428756,robot_2,3.033,-2.263
1776693919,651448503,robot_4,1.045,-4.484
1776693919,651455276,robot_0,1.939,-2.246
1776693919,651461351,robot_1,0.500,4.616
1776693919,651466808,robot_3,0.298,2.425
1776693919,852280629,robot_2,3.033,-2.263
1776693919,852310549,robot_4,1.045,-4.484
1776693919,852324210,robot_0,1.993,-2.293
1776693919,852335435,robot_1,0.501,4.616
1776693919,852346474,robot_3,0.253,2.453
1776693920,52393921,robot_2,3.034,-2.263
1776693920,52415767,robot_4,1.045,-4.485
1776693920,52425624,robot_0,2.025,-2.321
1776693920,52434081,robot_1,0.501,4.615
1776693920,52442162,robot_3,0.190,2.492
1776693920,272268057,robot_2,3.034,-2.263
1776693920,272287922,robot_4,1.045,-4.485
1776693920,272296184,robot_0,2.075,-2.362
1776693920,272302995,robot_1,0.502,4.615
1776693920,272310270,robot_3,0.146,2.519
1776693920,491069442,robot_2,3.035,-2.263
1776693920,491085951,robot_4,1.045,-4.485
1776693920,491092246,robot_0,2.132,-2.410
1776693920,491097732,robot_1,0.502,4.615
1776693920,491102947,robot_3,0.103,2.546
1776693920,692006887,robot_2,3.035,-2.263
1776693920,692025796,robot_4,1.045,-4.485
1776693920,692033298,robot_0,2.162,-2.436
1776693920,692038942,robot_1,0.502,4.615
1776693920,692044736,robot_3,0.061,2.572
1776693920,892640716,robot_2,3.035,-2.264
1776693920,892659219,robot_4,1.045,-4.484
1776693920,892666026,robot_0,2.210,-2.476
1776693920,892671342,robot_1,0.502,4.615
1776693920,892676586,robot_3,0.028,2.594
1776693921,111470238,robot_2,3.035,-2.264
1776693921,111489267,robot_4,1.046,-4.484
1776693921,111496014,robot_0,2.262,-2.522
1776693921,111501430,robot_1,0.502,4.615
1776693921,111506703,robot_3,-0.007,2.618
1776693921,311591856,robot_2,3.035,-2.264
1776693921,311608434,robot_4,1.046,-4.484
1776693921,311615167,robot_0,2.292,-2.549
1776693921,311620763,robot_1,0.502,4.615
1776693921,311626024,robot_3,-0.040,2.639
1776693921,530806570,robot_2,3.035,-2.264
1776693921,530824794,robot_4,1.046,-4.483
1776693921,530831874,robot_0,2.298,-2.555
1776693921,530837289,robot_1,0.502,4.615
1776693921,530842993,robot_3,-0.076,2.664
1776693921,732187186,robot_2,3.035,-2.264
1776693921,732219735,robot_4,1.046,-4.483
1776693921,732234492,robot_0,2.298,-2.555
1776693921,732246054,robot_1,0.501,4.616
1776693921,732258098,robot_3,-0.128,2.698
1776693921,951748129,robot_2,3.036,-2.265
1776693921,951765949,robot_4,1.047,-4.483
1776693921,951772760,robot_0,2.298,-2.556
1776693921,951777952,robot_1,0.501,4.616
1776693921,951783165,robot_3,-0.183,2.735
1776693922,171179417,robot_2,3.036,-2.265
1776693922,171196166,robot_4,1.047,-4.483
1776693922,171202709,robot_0,2.298,-2.556
1776693922,171207793,robot_1,0.500,4.616
1776693922,171213092,robot_3,-0.220,2.759
1776693922,371681260,robot_2,3.036,-2.266
1776693922,371704749,robot_4,1.048,-4.483
1776693922,371714269,robot_0,2.298,-2.556
1776693922,371722221,robot_1,0.500,4.616
1776693922,371730466,robot_3,-0.260,2.786
1776693922,591607327,robot_2,3.035,-2.266
1776693922,591626184,robot_4,1.048,-4.483
1776693922,591638912,robot_0,2.298,-2.557
1776693922,591647309,robot_1,0.500,4.617
1776693922,591654289,robot_3,-0.300,2.813
1776693922,792422562,robot_2,3.035,-2.266
1776693922,792447190,robot_4,1.048,-4.483
1776693922,792458361,robot_0,2.298,-2.557
1776693922,792468131,robot_1,0.500,4.617
1776693922,792477586,robot_3,-0.334,2.836
1776693923,11460727,robot_2,3.035,-2.267
1776693923,11480293,robot_4,1.048,-4.483
1776693923,11487582,robot_0,2.299,-2.557
1776693923,11493542,robot_1,0.499,4.618
1776693923,11500366,robot_3,-0.380,2.867
1776693923,231908983,robot_2,3.035,-2.267
1776693923,231931383,robot_4,1.048,-4.483
1776693923,231941332,robot_0,2.299,-2.558
1776693923,231950418,robot_1,0.499,4.618
1776693923,231959493,robot_3,-0.417,2.895
1776693923,431902268,robot_2,3.035,-2.267
1776693923,431921650,robot_4,1.048,-4.483
1776693923,431929648,robot_0,2.299,-2.558
1776693923,431936823,robot_1,0.499,4.618
1776693923,431944028,robot_3,-0.444,2.916
1776693923,651910660,robot_2,3.035,-2.267
1776693923,651935381,robot_4,1.049,-4.483
1776693923,651944672,robot_0,2.299,-2.558
1776693923,651951992,robot_1,0.499,4.618
1776693923,651959632,robot_3,-0.462,2.930
1776693923,871012481,robot_2,3.035,-2.267
1776693923,871035251,robot_4,1.049,-4.483
1776693923,871043912,robot_0,2.299,-2.558
1776693923,871051676,robot_1,0.499,4.618
1776693923,871059046,robot_3,-0.496,2.956
1776693924,71834613,robot_2,3.035,-2.266
1776693924,71856688,robot_4,1.049,-4.484
1776693924,71866875,robot_0,2.299,-2.558
1776693924,71874897,robot_1,0.499,4.619
1776693924,71883021,robot_3,-0.532,2.984
1776693924,271905213,robot_2,3.035,-2.266
1776693924,271931050,robot_4,1.050,-4.484
1776693924,271943482,robot_0,2.299,-2.558
1776693924,271953188,robot_1,0.500,4.619
1776693924,271959415,robot_3,-0.571,3.014
1776693924,490918361,robot_2,3.035,-2.266
1776693924,490936287,robot_4,1.050,-4.484
1776693924,490943342,robot_0,2.300,-2.558
1776693924,490948582,robot_1,0.500,4.620
1776693924,490953401,robot_3,-0.606,3.041
1776693924,691378847,robot_2,3.035,-2.265
1776693924,691399787,robot_4,1.050,-4.485
1776693924,691408169,robot_0,2.300,-2.558
1776693924,691414328,robot_1,0.500,4.620
1776693924,691420121,robot_3,-0.631,3.060
1776693924,892020151,robot_2,3.035,-2.265
1776693924,892038056,robot_4,1.050,-4.485
1776693924,892046115,robot_0,2.300,-2.558
1776693924,892052091,robot_1,0.501,4.620
1776693924,892058094,robot_3,-0.653,3.077
1776693925,111034634,robot_2,3.035,-2.265
1776693925,111056575,robot_4,1.050,-4.485
1776693925,111063656,robot_0,2.301,-2.558
1776693925,111069029,robot_1,0.501,4.621
1776693925,111074382,robot_3,-0.688,3.104
1776693925,311764462,robot_2,3.035,-2.264
1776693925,311788795,robot_4,1.050,-4.485
1776693925,311799378,robot_0,2.301,-2.558
1776693925,311807662,robot_1,0.502,4.621
1776693925,311816534,robot_3,-0.709,3.120
1776693925,532446119,robot_2,3.034,-2.264
1776693925,532468415,robot_4,1.050,-4.485
1776693925,532477714,robot_0,2.301,-2.558
1776693925,532485157,robot_1,0.502,4.621
1776693925,532492972,robot_3,-0.734,3.138
1776693925,753029435,robot_2,3.034,-2.264
1776693925,753047999,robot_4,1.050,-4.486
1776693925,753055858,robot_0,2.301,-2.557
1776693925,753061673,robot_1,0.502,4.621
1776693925,753067716,robot_3,-0.770,3.163
1776693925,971571018,robot_2,3.034,-2.264
1776693925,971592419,robot_4,1.049,-4.486
1776693925,971600859,robot_0,2.302,-2.557
1776693925,971607733,robot_1,0.502,4.621
1776693925,971614429,robot_3,-0.833,3.207
1776693926,191670700,robot_2,3.034,-2.264
1776693926,191688618,robot_4,1.049,-4.486
1776693926,191696185,robot_0,2.301,-2.557
1776693926,191702204,robot_1,0.502,4.621
1776693926,191708228,robot_3,-0.886,3.243
1776693926,392337287,robot_2,3.034,-2.264
1776693926,392362977,robot_4,1.049,-4.487
1776693926,392375799,robot_0,2.302,-2.557
1776693926,392386781,robot_1,0.503,4.621
1776693926,392397565,robot_3,-0.917,3.265
1776693926,592661016,robot_2,3.034,-2.264
1776693926,592688264,robot_4,1.048,-4.487
1776693926,592700153,robot_0,2.302,-2.557
1776693926,592710223,robot_1,0.503,4.621
1776693926,592720217,robot_3,-0.918,3.266
1776693926,812693522,robot_2,3.033,-2.264
1776693926,812715157,robot_4,1.048,-4.487
1776693926,812725183,robot_0,2.302,-2.557
1776693926,812732435,robot_1,0.504,4.620
1776693926,812740252,robot_3,-0.918,3.265
1776693927,32492944,robot_2,3.033,-2.264
1776693927,32516929,robot_4,1.048,-4.487
1776693927,32528371,robot_0,2.302,-2.556
1776693927,32536595,robot_1,0.504,4.620
1776693927,32545414,robot_3,-0.919,3.265
1776693927,252246666,robot_2,3.032,-2.264
1776693927,252265441,robot_4,1.047,-4.487
1776693927,252272481,robot_0,2.302,-2.556
1776693927,252277878,robot_1,0.504,4.620
1776693927,252283494,robot_3,-0.919,3.265
1776693927,471671887,robot_2,3.032,-2.264
1776693927,471696534,robot_4,1.049,-4.454
1776693927,471707518,robot_0,2.302,-2.556
1776693927,471716323,robot_1,0.505,4.619
1776693927,471724943,robot_3,-0.920,3.265
1776693927,690868913,robot_2,3.032,-2.264
1776693927,690888283,robot_4,1.051,-4.413
1776693927,690894716,robot_0,2.301,-2.555
1776693927,690899808,robot_1,0.505,4.619
1776693927,690904916,robot_3,-0.920,3.265
1776693927,892142685,robot_2,3.031,-2.264
1776693927,892161250,robot_4,1.053,-4.373
1776693927,892167872,robot_0,2.301,-2.555
1776693927,892172791,robot_1,0.505,4.618
1776693927,892178077,robot_3,-0.920,3.265
1776693928,92598128,robot_2,3.031,-2.264
1776693928,92621605,robot_4,1.055,-4.333
1776693928,92635293,robot_0,2.301,-2.555
1776693928,92644166,robot_1,0.496,4.617
1776693928,92652336,robot_3,-0.921,3.265
1776693928,292868614,robot_2,3.031,-2.264
1776693928,292893056,robot_4,1.057,-4.293
1776693928,292903286,robot_0,2.301,-2.555
1776693928,292911821,robot_1,0.453,4.614
1776693928,292920627,robot_3,-0.921,3.265
1776693928,492908694,robot_2,3.031,-2.264
1776693928,492938731,robot_4,1.059,-4.256
1776693928,492952686,robot_0,2.301,-2.555
1776693928,492964159,robot_1,0.413,4.611
1776693928,492976302,robot_3,-0.921,3.265
1776693928,711980122,robot_2,3.031,-2.265
1776693928,712002606,robot_4,1.060,-4.230
1776693928,712012701,robot_0,2.301,-2.555
1776693928,712020458,robot_1,0.365,4.608
1776693928,712027961,robot_3,-0.921,3.265
1776693928,930790777,robot_2,3.031,-2.265
1776693928,930807669,robot_4,1.062,-4.189
1776693928,930814610,robot_0,2.301,-2.555
1776693928,930820046,robot_1,0.312,4.605
1776693928,930825698,robot_3,-0.921,3.265
1776693929,132508920,robot_2,3.031,-2.265
1776693929,132539280,robot_4,1.064,-4.151
1776693929,132551832,robot_0,2.300,-2.555
1776693929,132561558,robot_1,0.305,4.605
1776693929,132572062,robot_3,-0.922,3.266
1776693929,352255170,robot_2,3.031,-2.266
1776693929,352272184,robot_4,1.066,-4.110
1776693929,352279437,robot_0,2.300,-2.555
1776693929,352285450,robot_1,0.305,4.605
1776693929,352290889,robot_3,-0.922,3.266
1776693929,572108157,robot_2,3.031,-2.266
1776693929,572127050,robot_4,1.068,-4.066
1776693929,572135099,robot_0,2.300,-2.555
1776693929,572141383,robot_1,0.305,4.606
1776693929,572147790,robot_3,-0.922,3.266
1776693929,772291212,robot_2,3.031,-2.267
1776693929,772314427,robot_4,1.070,-4.014
1776693929,772323812,robot_0,2.299,-2.555
1776693929,772331873,robot_1,0.305,4.606
1776693929,772339458,robot_3,-0.922,3.267
1776693929,992284891,robot_2,3.031,-2.267
1776693929,992320581,robot_4,1.072,-3.950
1776693929,992336479,robot_0,2.299,-2.555
1776693929,992348675,robot_1,0.305,4.606
1776693929,992360867,robot_3,-0.922,3.267
1776693930,192541532,robot_2,3.032,-2.267
1776693930,192576441,robot_4,1.073,-3.910
1776693930,192592853,robot_0,2.299,-2.555
1776693930,192604817,robot_1,0.304,4.607
1776693930,192615848,robot_3,-0.922,3.268
1776693930,392772420,robot_2,3.032,-2.267
1776693930,392795835,robot_4,1.073,-3.880
1776693930,392805851,robot_0,2.299,-2.555
1776693930,392815164,robot_1,0.304,4.607
1776693930,392823868,robot_3,-0.922,3.268
1776693930,612098907,robot_2,3.032,-2.267
1776693930,612116191,robot_4,1.074,-3.847
1776693930,612122999,robot_0,2.298,-2.556
1776693930,612128353,robot_1,0.304,4.607
1776693930,612133894,robot_3,-0.922,3.268
1776693930,812265198,robot_2,3.032,-2.267
1776693930,812296128,robot_4,1.075,-3.807
1776693930,812310448,robot_0,2.298,-2.556
1776693930,812323060,robot_1,0.303,4.607
1776693930,812334668,robot_3,-0.921,3.269
1776693931,31315132,robot_2,3.032,-2.267
1776693931,31353367,robot_4,1.075,-3.761
1776693931,31368834,robot_0,2.298,-2.556
1776693931,31381372,robot_1,0.303,4.607
1776693931,31392768,robot_3,-0.921,3.269
1776693931,231977123,robot_2,3.032,-2.267
1776693931,232001393,robot_4,1.076,-3.720
1776693931,232011263,robot_0,2.298,-2.556
1776693931,232019600,robot_1,0.302,4.607
1776693931,232027488,robot_3,-0.921,3.269
1776693931,433729630,robot_2,3.031,-2.266
1776693931,433749948,robot_4,1.077,-3.680
1776693931,433758983,robot_0,2.299,-2.555
1776693931,433766368,robot_1,0.302,4.607
1776693931,433773295,robot_3,-0.921,3.269
1776693931,652256612,robot_2,3.031,-2.266
1776693931,652274719,robot_4,1.077,-3.628
1776693931,652280825,robot_0,2.299,-2.555
1776693931,652285761,robot_1,0.302,4.607
1776693931,652290787,robot_3,-0.921,3.269
1776693931,871105662,robot_2,3.031,-2.266
1776693931,871123307,robot_4,1.078,-3.581
1776693931,871129648,robot_0,2.299,-2.555
1776693931,871134972,robot_1,0.302,4.607
1776693931,871140466,robot_3,-0.921,3.269
1776693932,71520377,robot_2,3.031,-2.265
1776693932,71537605,robot_4,1.079,-3.540
1776693932,71544052,robot_0,2.300,-2.555
1776693932,71549134,robot_1,0.302,4.607
1776693932,71554271,robot_3,-0.920,3.269
1776693932,272615551,robot_2,3.031,-2.265
1776693932,272647686,robot_4,1.079,-3.493
1776693932,272660208,robot_0,2.300,-2.555
1776693932,272670232,robot_1,0.301,4.607
1776693932,272680357,robot_3,-0.920,3.269
1776693932,472944286,robot_2,3.032,-2.264
1776693932,472967168,robot_4,1.077,-3.451
1776693932,472976535,robot_0,2.300,-2.555
1776693932,472984207,robot_1,0.301,4.606
1776693932,472992157,robot_3,-0.919,3.269
1776693932,691349875,robot_2,3.032,-2.264
1776693932,691373303,robot_4,1.075,-3.410
1776693932,691382539,robot_0,2.301,-2.555
1776693932,691389580,robot_1,0.301,4.606
1776693932,691397292,robot_3,-0.919,3.269
1776693932,891729479,robot_2,3.032,-2.264
1776693932,891747802,robot_4,1.074,-3.386
1776693932,891754116,robot_0,2.301,-2.555
1776693932,891759446,robot_1,0.301,4.606
1776693932,891764375,robot_3,-0.919,3.269
1776693933,92255936,robot_2,3.032,-2.264
1776693933,92279147,robot_4,1.072,-3.351
1776693933,92288976,robot_0,2.301,-2.555
1776693933,92297009,robot_1,0.300,4.605
1776693933,92305184,robot_3,-0.918,3.269
1776693933,292772117,robot_2,3.032,-2.264
1776693933,292794813,robot_4,1.069,-3.307
1776693933,292803120,robot_0,2.301,-2.555
1776693933,292810387,robot_1,0.300,4.605
1776693933,292816947,robot_3,-0.918,3.269
1776693933,511732411,robot_2,3.032,-2.264
1776693933,511750305,robot_4,1.065,-3.239
1776693933,511756354,robot_0,2.301,-2.555
1776693933,511761567,robot_1,0.300,4.604
1776693933,511766829,robot_3,-0.940,3.246
1776693933,712977793,robot_2,3.033,-2.264
1776693933,713006080,robot_4,1.063,-3.193
1776693933,713019260,robot_0,2.301,-2.555
1776693933,713030192,robot_1,0.300,4.604
1776693933,713040831,robot_3,-0.980,3.206
1776693933,932133894,robot_2,3.033,-2.263
1776693933,932157146,robot_4,1.060,-3.150
1776693933,932167356,robot_0,2.301,-2.555
1776693933,932174845,robot_1,0.300,4.604
1776693933,932182282,robot_3,-1.013,3.177
1776693934,132330782,robot_2,3.034,-2.263
1776693934,132359153,robot_4,1.058,-3.112
1776693934,132368952,robot_0,2.301,-2.555
1776693934,132377004,robot_1,0.300,4.604
1776693934,132384746,robot_3,-1.021,3.169
1776693934,351676542,robot_2,3.034,-2.263
1776693934,351697359,robot_4,1.056,-3.068
1776693934,351705468,robot_0,2.300,-2.555
1776693934,351712023,robot_1,0.300,4.605
1776693934,351718717,robot_3,-1.021,3.169
1776693934,552598285,robot_2,3.034,-2.263
1776693934,552619904,robot_4,1.053,-3.016
1776693934,552629144,robot_0,2.300,-2.555
1776693934,552641722,robot_1,0.301,4.605
1776693934,552649252,robot_3,-1.021,3.169
1776693934,771852956,robot_2,3.035,-2.264
1776693934,771878140,robot_4,1.048,-2.943
1776693934,771889268,robot_0,2.300,-2.555
1776693934,771898540,robot_1,0.301,4.606
1776693934,771907720,robot_3,-1.021,3.168
1776693934,972055119,robot_2,3.035,-2.264
1776693934,972082975,robot_4,1.046,-2.903
1776693934,972095299,robot_0,2.299,-2.556
1776693934,972104733,robot_1,0.301,4.606
1776693934,972115657,robot_3,-1.021,3.168
1776693935,191083877,robot_2,3.033,-2.267
1776693935,191103135,robot_4,1.042,-2.839
1776693935,191110252,robot_0,2.299,-2.556
1776693935,191115758,robot_1,0.302,4.606
1776693935,191121238,robot_3,-1.021,3.167
1776693935,391570813,robot_2,3.008,-2.292
1776693935,391589900,robot_4,1.039,-2.772
1776693935,391596507,robot_0,2.299,-2.556
1776693935,391601626,robot_1,0.302,4.607
1776693935,391607348,robot_3,-1.021,3.167
1776693935,592796825,robot_2,2.979,-2.319
1776693935,592817591,robot_4,1.036,-2.731
1776693935,592825382,robot_0,2.299,-2.556
1776693935,592832548,robot_1,0.303,4.607
1776693935,592840644,robot_3,-1.021,3.167
1776693935,792882078,robot_2,2.953,-2.344
1776693935,792919257,robot_4,1.035,-2.701
1776693935,792939478,robot_0,2.299,-2.556
1776693935,792956275,robot_1,0.303,4.607
1776693935,792972169,robot_3,-1.021,3.166
1776693936,12362108,robot_2,2.935,-2.361
1776693936,12379787,robot_4,1.033,-2.668
1776693936,12386706,robot_0,2.299,-2.556
1776693936,12392685,robot_1,0.303,4.607
1776693936,12398310,robot_3,-1.022,3.166
1776693936,231297813,robot_2,2.906,-2.389
1776693936,231315281,robot_4,1.030,-2.625
1776693936,231321819,robot_0,2.299,-2.556
1776693936,231327559,robot_1,0.303,4.607
1776693936,231332569,robot_3,-1.022,3.166
1776693936,431443019,robot_2,2.885,-2.409
1776693936,431460867,robot_4,1.027,-2.565
1776693936,431468047,robot_0,2.299,-2.556
1776693936,431474476,robot_1,0.303,4.607
1776693936,431479749,robot_3,-1.022,3.166
1776693936,632104985,robot_2,2.885,-2.409
1776693936,632134756,robot_4,1.026,-2.511
1776693936,632146543,robot_0,2.300,-2.556
1776693936,632156491,robot_1,0.304,4.607
1776693936,632164969,robot_3,-1.022,3.166
1776693936,850755625,robot_2,2.885,-2.408
1776693936,850772783,robot_4,1.027,-2.467
1776693936,850778634,robot_0,2.300,-2.556
1776693936,850784258,robot_1,0.304,4.607
1776693936,850789751,robot_3,-1.022,3.166
1776693937,50926532,robot_2,2.884,-2.408
1776693937,50944497,robot_4,1.028,-2.426
1776693937,50951328,robot_0,2.300,-2.556
1776693937,50956696,robot_1,0.305,4.607
1776693937,50961947,robot_3,-1.022,3.166
1776693937,251047988,robot_2,2.884,-2.408
1776693937,251066409,robot_4,1.028,-2.385
1776693937,251073431,robot_0,2.301,-2.556
1776693937,251079214,robot_1,0.305,4.606
1776693937,251085156,robot_3,-1.023,3.166
1776693937,452753442,robot_2,2.884,-2.408
1776693937,452771505,robot_4,1.029,-2.345
1776693937,452778793,robot_0,2.301,-2.556
1776693937,452784665,robot_1,0.305,4.606
1776693937,452790234,robot_3,-1.023,3.166
1776693937,673712961,robot_2,2.883,-2.408
1776693937,673732594,robot_4,1.031,-2.272
1776693937,673739078,robot_0,2.302,-2.556
1776693937,673744113,robot_1,0.306,4.606
1776693937,673749524,robot_3,-1.024,3.166
1776693937,890854802,robot_2,2.883,-2.408
1776693937,890871363,robot_4,1.034,-2.215
1776693937,890877799,robot_0,2.302,-2.556
1776693937,890882908,robot_1,0.306,4.605
1776693937,890888314,robot_3,-1.024,3.166
1776693938,92046517,robot_2,2.882,-2.409
1776693938,92065349,robot_4,1.037,-2.172
1776693938,92073395,robot_0,2.302,-2.556
1776693938,92079845,robot_1,0.306,4.605
1776693938,92086686,robot_3,-1.024,3.166
1776693938,292191630,robot_2,2.884,-2.406
1776693938,292207801,robot_4,1.042,-2.101
1776693938,292215120,robot_0,2.302,-2.557
1776693938,292220756,robot_1,0.306,4.604
1776693938,292227376,robot_3,-1.025,3.167
1776693938,510970289,robot_2,2.904,-2.386
1776693938,510986809,robot_4,1.045,-2.046
1776693938,510993292,robot_0,2.299,-2.555
1776693938,510998623,robot_1,0.306,4.604
1776693938,511004488,robot_3,-1.025,3.167
1776693938,712466882,robot_2,2.913,-2.377
1776693938,712492584,robot_4,1.048,-1.999
1776693938,712505455,robot_0,2.294,-2.554
1776693938,712512191,robot_1,0.306,4.604
1776693938,712518121,robot_3,-1.025,3.167
1776693938,912531620,robot_2,2.913,-2.376
1776693938,912549668,robot_4,1.053,-1.924
1776693938,912556282,robot_0,2.293,-2.554
1776693938,912561556,robot_1,0.306,4.604
1776693938,912567004,robot_3,-1.000,3.185
1776693939,132332624,robot_2,2.913,-2.376
1776693939,132364443,robot_4,1.056,-1.868
1776693939,132380659,robot_0,2.293,-2.554
1776693939,132392925,robot_1,0.306,4.603
1776693939,132404333,robot_3,-0.952,3.220
1776693939,351889951,robot_2,2.913,-2.377
1776693939,351907344,robot_4,1.059,-1.822
1776693939,351913808,robot_0,2.292,-2.554
1776693939,351919195,robot_1,0.306,4.603
1776693939,351924887,robot_3,-0.916,3.246
1776693939,572152842,robot_2,2.913,-2.377
1776693939,572180451,robot_4,1.062,-1.774
1776693939,572190267,robot_0,2.292,-2.554
1776693939,572197890,robot_1,0.305,4.602
1776693939,572206517,robot_3,-0.873,3.278
1776693939,780817754,robot_2,2.913,-2.378
1776693939,780836142,robot_4,1.065,-1.732
1776693939,780843253,robot_0,2.292,-2.554
1776693939,780849087,robot_1,0.305,4.602
1776693939,780854526,robot_3,-0.836,3.305
1776693939,981985209,robot_2,2.913,-2.378
1776693939,982006994,robot_4,1.067,-1.698
1776693939,982016333,robot_0,2.291,-2.555
1776693939,982023720,robot_1,0.305,4.602
1776693939,982031789,robot_3,-0.803,3.329
1776693940,202203314,robot_2,2.913,-2.379
1776693940,202237283,robot_4,1.070,-1.660
1776693940,202251384,robot_0,2.291,-2.555
1776693940,202265545,robot_1,0.304,4.602
1776693940,202273617,robot_3,-0.741,3.375
1776693940,402428641,robot_2,2.913,-2.379
1776693940,402446273,robot_4,1.072,-1.620
1776693940,402452604,robot_0,2.291,-2.555
1776693940,402457634,robot_1,0.304,4.602
1776693940,402463235,robot_3,-0.699,3.405
1776693940,621736947,robot_2,2.914,-2.379
1776693940,621759948,robot_4,1.076,-1.557
1776693940,621767756,robot_0,2.291,-2.555
1776693940,621773910,robot_1,0.303,4.601
1776693940,621780057,robot_3,-0.666,3.429
1776693940,841836956,robot_2,2.914,-2.380
1776693940,841857990,robot_4,1.080,-1.497
1776693940,841867015,robot_0,2.291,-2.555
1776693940,841873923,robot_1,0.303,4.601
1776693940,841881187,robot_3,-0.638,3.448
1776693941,43028982,robot_2,2.914,-2.380
1776693941,43044769,robot_4,1.083,-1.457
1776693941,43050937,robot_0,2.291,-2.555
1776693941,43056229,robot_1,0.303,4.601
1776693941,43061657,robot_3,-0.605,3.469
1776693941,262785106,robot_2,2.914,-2.380
1776693941,262812573,robot_4,1.085,-1.424
1776693941,262823706,robot_0,2.292,-2.554
1776693941,262832748,robot_1,0.303,4.601
1776693941,262841480,robot_3,-0.568,3.493
1776693941,480733023,robot_2,2.914,-2.379
1776693941,480749716,robot_4,1.085,-1.384
1776693941,480756338,robot_0,2.292,-2.554
1776693941,480761867,robot_1,0.303,4.602
1776693941,480767049,robot_3,-0.530,3.516
1776693941,682127494,robot_2,2.914,-2.379
1776693941,682147284,robot_4,1.085,-1.346
1776693941,682154205,robot_0,2.293,-2.554
1776693941,682159835,robot_1,0.304,4.602
1776693941,682165458,robot_3,-0.496,3.537
1776693941,901661398,robot_2,2.913,-2.379
1776693941,901680475,robot_4,1.084,-1.313
1776693941,901688075,robot_0,2.293,-2.554
1776693941,901693873,robot_1,0.304,4.602
1776693941,901699898,robot_3,-0.441,3.572
1776693942,102101815,robot_2,2.913,-2.378
1776693942,102122328,robot_4,1.084,-1.275
1776693942,102128909,robot_0,2.294,-2.554
1776693942,102134323,robot_1,0.304,4.602
1776693942,102139786,robot_3,-0.381,3.609
1776693942,321959349,robot_2,2.913,-2.378
1776693942,321983221,robot_4,1.084,-1.223
1776693942,321993186,robot_0,2.294,-2.554
1776693942,322001070,robot_1,0.305,4.603
1776693942,322049015,robot_3,-0.343,3.633
1776693942,542023464,robot_2,2.913,-2.377
1776693942,542054681,robot_4,1.084,-1.151
1776693942,542069029,robot_0,2.294,-2.555
1776693942,542080948,robot_1,0.305,4.603
1776693942,542093515,robot_3,-0.303,3.658
1776693942,743840763,robot_2,2.917,-2.380
1776693942,743863173,robot_4,1.086,-1.108
1776693942,743872443,robot_0,2.284,-2.548
1776693942,743879395,robot_1,0.305,4.603
1776693942,743886827,robot_3,-0.267,3.680
1776693942,962603731,robot_2,2.920,-2.382
1776693942,962635822,robot_4,1.089,-1.055
1776693942,962649872,robot_0,2.261,-2.533
1776693942,962660378,robot_1,0.305,4.604
1776693942,962672361,robot_3,-0.230,3.704
1776693943,162877659,robot_2,2.920,-2.381
1776693943,162903152,robot_4,1.091,-0.998
1776693943,162913701,robot_0,2.259,-2.532
1776693943,162922385,robot_1,0.305,4.604
1776693943,162931208,robot_3,-0.176,3.738
1776693943,382851711,robot_2,2.920,-2.381
1776693943,382881757,robot_4,1.093,-0.954
1776693943,382897475,robot_0,2.260,-2.532
1776693943,382909860,robot_1,0.305,4.604
1776693943,382920614,robot_3,-0.127,3.768
1776693943,601856914,robot_2,2.920,-2.381
1776693943,601876163,robot_4,1.095,-0.915
1776693943,601882447,robot_0,2.260,-2.532
1776693943,601887623,robot_1,0.305,4.604
1776693943,601892584,robot_3,-0.086,3.793
1776693943,820715497,robot_2,2.920,-2.381
1776693943,820730902,robot_4,1.098,-0.876
1776693943,820737709,robot_0,2.260,-2.533
1776693943,820742730,robot_1,0.305,4.604
1776693943,820747990,robot_3,-0.020,3.834
1776693944,21448201,robot_2,2.921,-2.381
1776693944,21476167,robot_4,1.101,-0.836
1776693944,21487174,robot_0,2.260,-2.533
1776693944,21494571,robot_1,0.305,4.603
1776693944,21502507,robot_3,0.022,3.859
1776693944,221952179,robot_2,2.921,-2.381
1776693944,221971678,robot_4,1.104,-0.793
1776693944,221981613,robot_0,2.260,-2.533
1776693944,221989218,robot_1,0.305,4.603
1776693944,221996703,robot_3,0.061,3.881
1776693944,441036342,robot_2,2.922,-2.381
1776693944,441053569,robot_4,1.108,-0.746
1776693944,441060405,robot_0,2.260,-2.534
1776693944,441065570,robot_1,0.304,4.603
1776693944,441071179,robot_3,0.112,3.910
1776693944,643364279,robot_2,2.922,-2.381
1776693944,643395139,robot_4,1.111,-0.706
1776693944,643409585,robot_0,2.260,-2.534
1776693944,643421532,robot_1,0.304,4.602
1776693944,643433628,robot_3,0.148,3.931
1776693944,844080713,robot_2,2.923,-2.381
1776693944,844106554,robot_4,1.114,-0.670
1776693944,844118925,robot_0,2.260,-2.535
1776693944,844128286,robot_1,0.304,4.602
1776693944,844137966,robot_3,0.178,3.948
1776693945,64590523,robot_2,2.923,-2.381
1776693945,64610873,robot_4,1.118,-0.629
1776693945,64620283,robot_0,2.260,-2.535
1776693945,64627332,robot_1,0.303,4.602
1776693945,64636268,robot_3,0.204,3.963
1776693945,281252483,robot_2,2.923,-2.381
1776693945,281268901,robot_4,1.124,-0.583
1776693945,281275504,robot_0,2.260,-2.535
1776693945,281280781,robot_1,0.303,4.602
1776693945,281285647,robot_3,0.242,3.985
1776693945,481575645,robot_2,2.924,-2.381
1776693945,481600106,robot_4,1.130,-0.526
1776693945,481610762,robot_0,2.260,-2.535
1776693945,481620091,robot_1,0.302,4.602
1776693945,481628624,robot_3,0.277,4.006
1776693945,702226507,robot_2,2.924,-2.381
1776693945,702245661,robot_4,1.136,-0.476
1776693945,702252838,robot_0,2.259,-2.535
1776693945,702258385,robot_1,0.304,4.604
1776693945,702263949,robot_3,0.319,4.025
1776693945,921739836,robot_2,2.897,-2.409
1776693945,921761946,robot_4,1.141,-0.438
1776693945,921771627,robot_0,2.259,-2.535
1776693945,921779059,robot_1,0.305,4.604
1776693945,921786625,robot_3,0.371,4.027
1776693946,122145157,robot_2,2.857,-2.450
1776693946,122165286,robot_4,1.144,-0.416
1776693946,122172159,robot_0,2.259,-2.536
1776693946,122177907,robot_1,0.305,4.602
1776693946,122183541,robot_3,0.430,4.048
1776693946,342827184,robot_2,2.826,-2.481
1776693946,342858296,robot_4,1.152,-0.376
1776693946,342872677,robot_0,2.258,-2.536
1776693946,342884356,robot_1,0.306,4.598
1776693946,342895845,robot_3,0.485,4.085
1776693946,561443438,robot_2,2.821,-2.487
1776693946,561460866,robot_4,1.160,-0.340
1776693946,561468551,robot_0,2.258,-2.536
1776693946,561473822,robot_1,0.308,4.594
1776693946,561479456,robot_3,0.521,4.110
1776693946,762995606,robot_2,2.821,-2.486
1776693946,763019466,robot_4,1.165,-0.313
1776693946,763030363,robot_0,2.257,-2.536
1776693946,763038406,robot_1,0.310,4.592
1776693946,763046275,robot_3,0.554,4.133
1776693946,982445087,robot_2,2.820,-2.486
1776693946,982468236,robot_4,1.175,-0.270
1776693946,982477590,robot_0,2.257,-2.536
1776693946,982485373,robot_1,0.314,4.597
1776693946,982492745,robot_3,0.604,4.133
1776693947,202445145,robot_2,2.820,-2.486
1776693947,202475383,robot_4,1.182,-0.237
1776693947,202487991,robot_0,2.257,-2.535
1776693947,202497850,robot_1,0.317,4.601
1776693947,202508776,robot_3,0.649,4.146
1776693947,421815430,robot_2,2.820,-2.486
1776693947,421832294,robot_4,1.189,-0.204
1776693947,421839272,robot_0,2.256,-2.535
1776693947,421844754,robot_1,0.317,4.602
1776693947,421850664,robot_3,0.693,4.170
1776693947,621954805,robot_2,2.820,-2.486
1776693947,621979073,robot_4,1.197,-0.165
1776693947,621989839,robot_0,2.256,-2.535
1776693947,621997831,robot_1,0.318,4.603
1776693947,622005517,robot_3,0.728,4.190
1776693947,822094084,robot_2,2.830,-2.483
1776693947,822116778,robot_4,1.209,-0.110
1776693947,822126698,robot_0,2.252,-2.532
1776693947,822134491,robot_1,0.318,4.603
1776693947,822142078,robot_3,0.763,4.211
1776693948,42219891,robot_2,2.834,-2.480
1776693948,42248146,robot_4,1.221,-0.055
1776693948,42262334,robot_0,2.250,-2.530
1776693948,42272397,robot_1,0.318,4.603
1776693948,42282916,robot_3,0.803,4.234
1776693948,261461269,robot_2,2.836,-2.478
1776693948,261484843,robot_4,1.230,-0.011
1776693948,261491742,robot_0,2.249,-2.529
1776693948,261497473,robot_1,0.318,4.603
1776693948,261502616,robot_3,0.841,4.256
1776693948,462735176,robot_2,2.838,-2.477
1776693948,462764781,robot_4,1.244,0.056
1776693948,462774467,robot_0,2.249,-2.528
1776693948,462782518,robot_1,0.318,4.603
1776693948,462789438,robot_3,0.888,4.283
1776693948,681905191,robot_2,2.838,-2.477
1776693948,681924276,robot_4,1.255,0.115
1776693948,681931396,robot_0,2.249,-2.528
1776693948,681936771,robot_1,0.317,4.603
1776693948,681942093,robot_3,0.959,4.324
1776693948,882569735,robot_2,2.838,-2.477
1776693948,882598093,robot_4,1.263,0.157
1776693948,882608711,robot_0,2.250,-2.527
1776693948,882614534,robot_1,0.317,4.602
1776693948,882620550,robot_3,0.975,4.334
1776693949,101452632,robot_2,2.838,-2.476
1776693949,101472412,robot_4,1.276,0.224
1776693949,101479241,robot_0,2.250,-2.526
1776693949,101484602,robot_1,0.317,4.602
1776693949,101489582,robot_3,0.972,4.333
1776693949,301835406,robot_2,2.838,-2.477
1776693949,301856179,robot_4,1.285,0.269
1776693949,301865049,robot_0,2.251,-2.526
1776693949,301871400,robot_1,0.317,4.602
1776693949,301878195,robot_3,0.970,4.334
1776693949,502341746,robot_2,2.838,-2.477
1776693949,502360938,robot_4,1.294,0.313
1776693949,502368420,robot_0,2.251,-2.526
1776693949,502373933,robot_1,0.316,4.601
1776693949,502379455,robot_3,0.968,4.334
1776693949,721585729,robot_2,2.839,-2.478
1776693949,721610325,robot_4,1.311,0.389
1776693949,721619966,robot_0,2.251,-2.528
1776693949,721627799,robot_1,0.316,4.601
1776693949,721640393,robot_3,0.966,4.335
1776693949,921892634,robot_2,2.839,-2.478
1776693949,921913439,robot_4,1.323,0.436
1776693949,921922419,robot_0,2.251,-2.529
1776693949,921929567,robot_1,0.316,4.601
1776693949,921936994,robot_3,0.966,4.336
1776693950,141244895,robot_2,2.839,-2.479
1776693950,141264801,robot_4,1.334,0.480
1776693950,141271525,robot_0,2.251,-2.529
1776693950,141277512,robot_1,0.315,4.601
1776693950,141282540,robot_3,0.965,4.337
1776693950,341888815,robot_2,2.839,-2.479
1776693950,341913182,robot_4,1.344,0.522
1776693950,341925215,robot_0,2.252,-2.529
1776693950,341934610,robot_1,0.315,4.601
1776693950,341944620,robot_3,0.966,4.337
1776693950,541908960,robot_2,2.839,-2.480
1776693950,541931069,robot_4,1.352,0.561
1776693950,541940888,robot_0,2.254,-2.531
1776693950,541948217,robot_1,0.315,4.601
1776693950,541955859,robot_3,0.966,4.337
1776693950,742384075,robot_2,2.840,-2.480
1776693950,742403885,robot_4,1.363,0.607
1776693950,742411337,robot_0,2.255,-2.533
1776693950,742417291,robot_1,0.315,4.601
1776693950,742422727,robot_3,0.967,4.338
1776693950,963351768,robot_2,2.840,-2.480
1776693950,963379839,robot_4,1.375,0.665
1776693950,963393285,robot_0,2.257,-2.536
1776693950,963403731,robot_1,0.315,4.601
1776693950,963413627,robot_3,0.967,4.338
1776693951,181233441,robot_2,2.840,-2.480
1776693951,181252131,robot_4,1.385,0.708
1776693951,181258765,robot_0,2.258,-2.538
1776693951,181264037,robot_1,0.315,4.601
1776693951,181269153,robot_3,0.967,4.338
1776693951,381670035,robot_2,2.840,-2.480
1776693951,381696037,robot_4,1.392,0.740
1776693951,381707932,robot_0,2.258,-2.540
1776693951,381718198,robot_1,0.316,4.601
1776693951,381728125,robot_3,0.967,4.338
1776693951,582564878,robot_2,2.850,-2.492
1776693951,582595436,robot_4,1.400,0.771
1776693951,582611820,robot_0,2.238,-2.532
1776693951,582624242,robot_1,0.316,4.601
1776693951,582643571,robot_3,0.968,4.338
1776693951,782960141,robot_2,2.861,-2.507
1776693951,782984468,robot_4,1.409,0.809
1776693951,782994984,robot_0,2.198,-2.505
1776693951,783002967,robot_1,0.316,4.602
1776693951,783011000,robot_3,0.968,4.338
1776693952,1769121,robot_2,2.862,-2.508
1776693952,1787398,robot_4,1.425,0.870
1776693952,1794373,robot_0,2.195,-2.499
1776693952,1800204,robot_1,0.317,4.602
1776693952,1805130,robot_3,0.969,4.338
1776693952,222459315,robot_2,2.864,-2.507
1776693952,222486817,robot_4,1.441,0.934
1776693952,222498649,robot_0,2.196,-2.498
1776693952,222507873,robot_1,0.317,4.603
1776693952,222517641,robot_3,0.969,4.337
1776693952,441899285,robot_2,2.865,-2.507
1776693952,441923020,robot_4,1.452,0.977
1776693952,441934223,robot_0,2.196,-2.498
1776693952,441943254,robot_1,0.317,4.603
1776693952,441951678,robot_3,0.970,4.337
1776693952,661267671,robot_2,2.866,-2.507
1776693952,661290614,robot_4,1.468,1.036
1776693952,661299254,robot_0,2.197,-2.498
1776693952,661306411,robot_1,0.317,4.603
1776693952,661313522,robot_3,0.970,4.337
1776693952,862845981,robot_2,2.867,-2.506
1776693952,862875987,robot_4,1.481,1.082
1776693952,862890408,robot_0,2.199,-2.497
1776693952,862900998,robot_1,0.317,4.604
1776693952,862912705,robot_3,0.970,4.336
1776693953,82400571,robot_2,2.867,-2.506
1776693953,82423207,robot_4,1.494,1.124
1776693953,82432901,robot_0,2.202,-2.496
1776693953,82440794,robot_1,0.317,4.604
1776693953,82448537,robot_3,0.971,4.336
1776693953,301009683,robot_2,2.868,-2.506
1776693953,301028159,robot_4,1.506,1.162
1776693953,301034388,robot_0,2.205,-2.496
1776693953,301040209,robot_1,0.317,4.603
1776693953,301045844,robot_3,0.971,4.336
1776693953,502601184,robot_2,2.868,-2.506
1776693953,502620671,robot_4,1.518,1.200
1776693953,502629466,robot_0,2.207,-2.496
1776693953,502641979,robot_1,0.317,4.603
1776693953,502649233,robot_3,0.971,4.336
1776693953,720956566,robot_2,2.868,-2.506
1776693953,720973688,robot_4,1.529,1.237
1776693953,720979998,robot_0,2.210,-2.497
1776693953,720984974,robot_1,0.317,4.603
1776693953,720991042,robot_3,0.971,4.335
1776693953,922040749,robot_2,2.869,-2.508
1776693953,922060291,robot_4,1.537,1.261
1776693953,922068647,robot_0,2.211,-2.497
1776693953,922075321,robot_1,0.316,4.602
1776693953,922082396,robot_3,0.971,4.335
1776693954,123099049,robot_2,2.870,-2.509
1776693954,123124004,robot_4,1.548,1.297
1776693954,123134785,robot_0,2.210,-2.493
1776693954,123143575,robot_1,0.316,4.602
1776693954,123152116,robot_3,0.971,4.334
1776693954,341832097,robot_2,2.870,-2.507
1776693954,341856308,robot_4,1.561,1.340
1776693954,341866442,robot_0,2.211,-2.495
1776693954,341874978,robot_1,0.316,4.601
1776693954,341883486,robot_3,0.971,4.334
1776693954,561522745,robot_2,2.870,-2.506
1776693954,561543445,robot_4,1.575,1.384
1776693954,561552068,robot_0,2.212,-2.497
1776693954,561558617,robot_1,0.315,4.601
1776693954,561565432,robot_3,0.971,4.333
1776693954,762380129,robot_2,2.871,-2.505
1776693954,762411413,robot_4,1.587,1.422
1776693954,762424172,robot_0,2.200,-2.475
1776693954,762433365,robot_1,0.315,4.601
1776693954,762442094,robot_3,0.970,4.333
1776693954,981940536,robot_2,2.872,-2.503
1776693954,981966810,robot_4,1.601,1.469
1776693954,981976459,robot_0,2.172,-2.416
1776693954,981984348,robot_1,0.314,4.601
1776693954,981992548,robot_3,0.970,4.332
1776693955,181990088,robot_2,2.873,-2.502
1776693955,182010092,robot_4,1.615,1.514
1776693955,182017475,robot_0,2.156,-2.379
1776693955,182023383,robot_1,0.314,4.601
1776693955,182028894,robot_3,0.969,4.332
1776693955,400972608,robot_2,2.874,-2.502
1776693955,400989248,robot_4,1.628,1.556
1776693955,400995411,robot_0,2.142,-2.345
1776693955,401000441,robot_1,0.314,4.601
1776693955,401005539,robot_3,0.969,4.332
1776693955,601368444,robot_2,2.874,-2.502
1776693955,601393967,robot_4,1.639,1.590
1776693955,601403425,robot_0,2.127,-2.314
1776693955,601411733,robot_1,0.314,4.601
1776693955,601420347,robot_3,0.967,4.335
1776693955,821780757,robot_2,2.856,-2.519
1776693955,821802007,robot_4,1.651,1.629
1776693955,821810714,robot_0,2.108,-2.274
1776693955,821817851,robot_1,0.314,4.601
1776693955,821826752,robot_3,0.953,4.378
1776693956,41358445,robot_2,2.828,-2.546
1776693956,41376671,robot_4,1.664,1.671
1776693956,41383913,robot_0,2.083,-2.221
1776693956,41389300,robot_1,0.313,4.601
1776693956,41395270,robot_3,0.940,4.420
1776693956,241634702,robot_2,2.801,-2.575
1776693956,241659043,robot_4,1.676,1.707
1776693956,241669238,robot_0,2.063,-2.180
1776693956,241677721,robot_1,0.313,4.601
1776693956,241686626,robot_3,0.928,4.456
1776693956,443098474,robot_2,2.796,-2.580
1776693956,443118607,robot_4,1.689,1.743
1776693956,443128606,robot_0,2.046,-2.144
1776693956,443135832,robot_1,0.305,4.615
1776693956,443143770,robot_3,0.924,4.491
1776693956,661162244,robot_2,2.796,-2.580
1776693956,661182749,robot_4,1.704,1.784
1776693956,661189606,robot_0,2.029,-2.108
1776693956,661195691,robot_1,0.290,4.626
1776693956,661202344,robot_3,0.929,4.499
1776693956,862043333,robot_2,2.796,-2.581
1776693956,862068628,robot_4,1.718,1.821
1776693956,862079665,robot_0,2.012,-2.073
1776693956,862088606,robot_1,0.286,4.625
1776693956,862097551,robot_3,0.930,4.496
1776693957,81163156,robot_2,2.796,-2.581
1776693957,81180693,robot_4,1.733,1.862
1776693957,81187852,robot_0,1.991,-2.029
1776693957,81193690,robot_1,0.282,4.624
1776693957,81199183,robot_3,0.929,4.491
1776693957,281231586,robot_2,2.796,-2.582
1776693957,281248868,robot_4,1.748,1.900
1776693957,281255400,robot_0,1.958,-1.961
1776693957,281260122,robot_1,0.279,4.624
1776693957,281265207,robot_3,0.928,4.488
1776693957,501927936,robot_2,2.796,-2.582
1776693957,501957830,robot_4,1.764,1.943
1776693957,501977269,robot_0,1.933,-1.910
1776693957,501990697,robot_1,0.277,4.624
1776693957,502002327,robot_3,0.925,4.485
1776693957,702540913,robot_2,2.796,-2.583
1776693957,702566797,robot_4,1.778,1.981
1776693957,702577101,robot_0,1.916,-1.873
1776693957,702584461,robot_1,0.277,4.624
1776693957,702591779,robot_3,0.923,4.482
1776693957,921586588,robot_2,2.796,-2.583
1776693957,921602431,robot_4,1.797,2.030
1776693957,921616484,robot_0,1.895,-1.831
1776693957,921621418,robot_1,0.277,4.624
1776693957,921626306,robot_3,0.920,4.480
1776693958,121613434,robot_2,2.796,-2.583
1776693958,121639994,robot_4,1.824,2.100
1776693958,121647066,robot_0,1.877,-1.795
1776693958,121652478,robot_1,0.275,4.624
1776693958,121657564,robot_3,0.917,4.479
1776693958,321796472,robot_2,2.795,-2.584
1776693958,321820991,robot_4,1.841,2.147
1776693958,321832384,robot_0,1.855,-1.754
1776693958,321841516,robot_1,0.273,4.625
1776693958,321851139,robot_3,0.914,4.479
1776693958,521863912,robot_2,2.795,-2.584
1776693958,521883582,robot_4,1.858,2.192
1776693958,521891910,robot_0,1.829,-1.707
1776693958,521898934,robot_1,0.271,4.627
1776693958,521905809,robot_3,0.912,4.479
1776693958,722191809,robot_2,2.789,-2.577
1776693958,722218367,robot_4,1.882,2.258
1776693958,722229373,robot_0,1.808,-1.672
1776693958,722238114,robot_1,0.270,4.628
1776693958,722246979,robot_3,0.912,4.479
1776693958,940885291,robot_2,2.746,-2.531
1776693958,940902085,robot_4,1.899,2.307
1776693958,940908439,robot_0,1.777,-1.621
1776693958,940913591,robot_1,0.269,4.630
1776693958,940918775,robot_3,0.912,4.479
1776693959,141712756,robot_2,2.718,-2.501
1776693959,141738691,robot_4,1.912,2.346
1776693959,141748474,robot_0,1.739,-1.558
1776693959,141757352,robot_1,0.269,4.631
1776693959,141765801,robot_3,0.911,4.479
1776693959,360840399,robot_2,2.693,-2.474
1776693959,360856235,robot_4,1.927,2.391
1776693959,360862652,robot_0,1.714,-1.519
1776693959,360867979,robot_1,0.269,4.632
1776693959,360873334,robot_3,0.910,4.480
1776693959,562060426,robot_2,2.675,-2.453
1776693959,562089241,robot_4,1.939,2.429
1776693959,562097749,robot_0,1.699,-1.494
1776693959,562105180,robot_1,0.269,4.632
1776693959,562112673,robot_3,0.909,4.480
1776693959,782303215,robot_2,2.647,-2.419
1776693959,782334900,robot_4,1.959,2.489
1776693959,782346173,robot_0,1.684,-1.471
1776693959,782355301,robot_1,0.270,4.632
1776693959,782364554,robot_3,0.909,4.481
1776693959,982429995,robot_2,2.627,-2.394
1776693959,982458407,robot_4,1.982,2.558
1776693959,982472581,robot_0,1.661,-1.439
1776693959,982484597,robot_1,0.270,4.632
1776693959,982496234,robot_3,0.909,4.481
1776693960,202021608,robot_2,2.606,-2.368
1776693960,202048912,robot_4,1.996,2.601
1776693960,202060128,robot_0,1.634,-1.401
1776693960,202070235,robot_1,0.270,4.632
1776693960,202079311,robot_3,0.910,4.482
1776693960,422138083,robot_2,2.578,-2.334
1776693960,422161702,robot_4,2.013,2.649
1776693960,422182617,robot_0,1.607,-1.365
1776693960,422191027,robot_1,0.270,4.632
1776693960,422198534,robot_3,0.910,4.482
1776693960,622370863,robot_2,2.538,-2.285
1776693960,622393796,robot_4,2.027,2.692
1776693960,622402555,robot_0,1.584,-1.332
1776693960,622410283,robot_1,0.271,4.632
1776693960,622417619,robot_3,0.911,4.482
1776693960,841626658,robot_2,2.497,-2.233
1776693960,841657681,robot_4,2.041,2.733
1776693960,841667299,robot_0,1.545,-1.279
1776693960,841674344,robot_1,0.271,4.631
1776693960,841682978,robot_3,0.911,4.482
1776693961,61009207,robot_2,2.470,-2.198
1776693961,61025320,robot_4,2.049,2.759
1776693961,61031693,robot_0,1.513,-1.236
1776693961,61037130,robot_1,0.271,4.631
1776693961,61042539,robot_3,0.911,4.482
1776693961,261675912,robot_2,2.432,-2.149
1776693961,261694930,robot_4,2.060,2.791
1776693961,261702471,robot_0,1.491,-1.205
1776693961,261708555,robot_1,0.272,4.631
1776693961,261714575,robot_3,0.911,4.482
1776693961,462230514,robot_2,2.400,-2.109
1776693961,462258075,robot_4,2.073,2.829
1776693961,462270332,robot_0,1.475,-1.183
1776693961,462279824,robot_1,0.272,4.630
1776693961,462289879,robot_3,0.912,4.482
1776693961,681098300,robot_2,2.374,-2.075
1776693961,681116981,robot_4,2.096,2.899
1776693961,681122938,robot_0,1.452,-1.151
1776693961,681128091,robot_1,0.272,4.630
1776693961,681133449,robot_3,0.912,4.482
1776693961,881987776,robot_2,2.354,-2.049
1776693961,882007716,robot_4,2.112,2.949
1776693961,882015462,robot_0,1.429,-1.119
1776693961,882022384,robot_1,0.272,4.629
1776693961,882029188,robot_3,0.912,4.482
1776693962,82371674,robot_2,2.331,-2.020
1776693962,82405418,robot_4,2.126,2.989
1776693962,82421195,robot_0,1.407,-1.089
1776693962,82433126,robot_1,0.272,4.629
1776693962,82444901,robot_3,0.913,4.482
1776693962,302463594,robot_2,2.303,-1.985
1776693962,302479542,robot_4,2.148,3.055
1776693962,302493892,robot_0,1.381,-1.053
1776693962,302499715,robot_1,0.272,4.628
1776693962,302505084,robot_3,0.913,4.481
1776693962,520967872,robot_2,2.273,-1.948
1776693962,520984271,robot_4,2.164,3.103
1776693962,520990205,robot_0,1.358,-1.021
1776693962,520995678,robot_1,0.272,4.628
1776693962,521000744,robot_3,0.914,4.481
1776693962,721408481,robot_2,2.248,-1.916
1776693962,721426843,robot_4,2.179,3.149
1776693962,721433964,robot_0,1.339,-0.997
1776693962,721440506,robot_1,0.272,4.628
1776693962,721445825,robot_3,0.914,4.481
1776693962,921483177,robot_2,2.220,-1.880
1776693962,921505523,robot_4,2.203,3.220
1776693962,921515029,robot_0,1.314,-0.967
1776693962,921522947,robot_1,0.272,4.628
1776693962,921529869,robot_3,0.914,4.480
1776693963,121658809,robot_2,2.184,-1.836
1776693963,121686550,robot_4,2.218,3.267
1776693963,121697378,robot_0,1.286,-0.936
1776693963,121707440,robot_1,0.272,4.628
1776693963,121716836,robot_3,0.914,4.480
1776693963,342701273,robot_2,2.155,-1.799
1776693963,342732579,robot_4,2.233,3.312
1776693963,342749414,robot_0,1.255,-0.900
1776693963,342764639,robot_1,0.272,4.627
1776693963,342778043,robot_3,0.914,4.479
1776693963,561648044,robot_2,2.118,-1.753
1776693963,561672334,robot_4,2.251,3.361
1776693963,561680945,robot_0,1.226,-0.867
1776693963,561688304,robot_1,0.271,4.627
1776693963,561695061,robot_3,0.914,4.479
1776693963,761781612,robot_2,2.073,-1.697
1776693963,761800928,robot_4,2.266,3.398
1776693963,761808355,robot_0,1.193,-0.829
1776693963,761814595,robot_1,0.271,4.627
1776693963,761820280,robot_3,0.914,4.479
1776693963,962131344,robot_2,2.047,-1.664
1776693963,962156643,robot_4,2.281,3.432
1776693963,962167947,robot_0,1.155,-0.787
1776693963,962177155,robot_1,0.270,4.627
1776693963,962186950,robot_3,0.914,4.479
1776693964,181324396,robot_2,2.016,-1.625
1776693964,181344347,robot_4,2.298,3.468
1776693964,181350581,robot_0,1.126,-0.755
1776693964,181356373,robot_1,0.270,4.626
1776693964,181361653,robot_3,0.914,4.478
1776693964,384037435,robot_2,1.988,-1.589
1776693964,384067627,robot_4,2.316,3.504
1776693964,384081763,robot_0,1.093,-0.719
1776693964,384093867,robot_1,0.269,4.626
1776693964,384104775,robot_3,0.914,4.478
1776693964,600831388,robot_2,1.960,-1.555
1776693964,600850084,robot_4,2.346,3.562
1776693964,600856456,robot_0,1.060,-0.679
1776693964,600861727,robot_1,0.269,4.627
1776693964,600866775,robot_3,0.913,4.477
1776693964,802087920,robot_2,1.923,-1.508
1776693964,802110260,robot_4,2.377,3.623
1776693964,802118986,robot_0,1.035,-0.647
1776693964,802126298,robot_1,0.269,4.627
1776693964,802132467,robot_3,0.913,4.477
1776693965,21295381,robot_2,1.881,-1.455
1776693965,21311376,robot_4,2.398,3.661
1776693965,21317376,robot_0,0.991,-0.590
1776693965,21323244,robot_1,0.269,4.627
1776693965,21327863,robot_3,0.913,4.477
1776693965,221406886,robot_2,1.856,-1.424
1776693965,221425604,robot_4,2.413,3.689
1776693965,221431671,robot_0,0.953,-0.540
1776693965,221437467,robot_1,0.269,4.627
1776693965,221442270,robot_3,0.912,4.477
1776693965,421469424,robot_2,1.827,-1.387
1776693965,421495583,robot_4,2.429,3.719
1776693965,421507952,robot_0,0.928,-0.509
1776693965,421519132,robot_1,0.268,4.627
1776693965,421529139,robot_3,0.912,4.476
1776693965,622715064,robot_2,1.799,-1.353
1776693965,622739795,robot_4,2.448,3.754
1776693965,622748486,robot_0,0.908,-0.484
1776693965,622756359,robot_1,0.268,4.627
1776693965,622762913,robot_3,0.911,4.476
1776693965,840964867,robot_2,1.772,-1.318
1776693965,840980744,robot_4,2.466,3.787
1776693965,840987426,robot_0,0.885,-0.451
1776693965,840992921,robot_1,0.268,4.627
1776693965,840997710,robot_3,0.911,4.476
1776693966,42028892,robot_2,1.739,-1.277
1776693966,42050306,robot_4,2.484,3.819
1776693966,42059800,robot_0,0.863,-0.417
1776693966,42069478,robot_1,0.267,4.628
1776693966,42077170,robot_3,0.911,4.476
1776693966,261434048,robot_2,1.708,-1.236
1776693966,261450932,robot_4,2.506,3.857
1776693966,261457329,robot_0,0.836,-0.377
1776693966,261463356,robot_1,0.267,4.628
1776693966,261468912,robot_3,0.911,4.476
1776693966,461948146,robot_2,1.683,-1.203
1776693966,461969867,robot_4,2.517,3.875
1776693966,461984822,robot_0,0.814,-0.343
1776693966,461994165,robot_1,0.267,4.629
1776693966,462003516,robot_3,0.911,4.476
1776693966,682468931,robot_2,1.639,-1.144
1776693966,682489546,robot_4,2.535,3.905
1776693966,682495816,robot_0,0.788,-0.303
1776693966,682501247,robot_1,0.267,4.629
1776693966,682505923,robot_3,0.912,4.477
1776693966,902857505,robot_2,1.603,-1.100
1776693966,902883257,robot_4,2.559,3.947
1776693966,902894208,robot_0,0.756,-0.253
1776693966,902903722,robot_1,0.267,4.630
1776693966,902912084,robot_3,0.912,4.477
1776693967,121517398,robot_2,1.569,-1.060
1776693967,121538485,robot_4,2.594,4.006
1776693967,121554770,robot_0,0.730,-0.215
1776693967,121560093,robot_1,0.267,4.630
1776693967,121565269,robot_3,0.913,4.477
1776693967,321550234,robot_2,1.525,-1.008
1776693967,321571047,robot_4,2.617,4.044
1776693967,321579632,robot_0,0.712,-0.187
1776693967,321587370,robot_1,0.267,4.630
1776693967,321594307,robot_3,0.913,4.477
1776693967,521760838,robot_2,1.496,-0.972
1776693967,521779793,robot_4,2.641,4.085
1776693967,521787380,robot_0,0.698,-0.165
1776693967,521794120,robot_1,0.267,4.630
1776693967,521800072,robot_3,0.913,4.478
1776693967,722683334,robot_2,1.469,-0.941
1776693967,722707155,robot_4,2.673,4.139
1776693967,722716924,robot_0,0.678,-0.132
1776693967,722725566,robot_1,0.267,4.630
1776693967,722733128,robot_3,0.913,4.478
1776693967,942621645,robot_2,1.441,-0.906
1776693967,942654223,robot_4,2.698,4.181
1776693967,942667552,robot_0,0.652,-0.087
1776693967,942679812,robot_1,0.267,4.631
1776693967,942689686,robot_3,0.913,4.479
1776693968,161343326,robot_2,1.415,-0.870
1776693968,161369811,robot_4,2.725,4.226
1776693968,161378495,robot_0,0.623,-0.038
1776693968,161385795,robot_1,0.268,4.631
1776693968,161392683,robot_3,0.913,4.479
1776693968,362536363,robot_2,1.384,-0.826
1776693968,362557003,robot_4,2.753,4.274
1776693968,362565861,robot_0,0.603,-0.004
1776693968,362573613,robot_1,0.268,4.631
1776693968,362581434,robot_3,0.913,4.479
1776693968,563071957,robot_2,1.342,-0.769
1776693968,563097211,robot_4,2.773,4.308
1776693968,563108973,robot_0,0.578,0.038
1776693968,563118398,robot_1,0.269,4.631
1776693968,563127603,robot_3,0.913,4.479
1776693968,782052965,robot_2,1.314,-0.732
1776693968,782082712,robot_4,2.785,4.328
1776693968,782098550,robot_0,0.548,0.086
1776693968,782110585,robot_1,0.269,4.632
1776693968,782121454,robot_3,0.913,4.479
1776693968,982084417,robot_2,1.287,-0.697
1776693968,982108689,robot_4,2.785,4.328
1776693968,982117996,robot_0,0.526,0.119
1776693968,982125758,robot_1,0.270,4.632
1776693968,982132814,robot_3,0.913,4.479
1776693969,201946278,robot_2,1.257,-0.660
1776693969,201966764,robot_4,2.784,4.328
1776693969,201973292,robot_0,0.502,0.155
1776693969,201978923,robot_1,0.270,4.632
1776693969,201984261,robot_3,0.913,4.478
1776693969,421533117,robot_2,1.230,-0.625
1776693969,421566151,robot_4,2.784,4.329
1776693969,421577724,robot_0,0.478,0.192
1776693969,421588397,robot_1,0.271,4.631
1776693969,421597111,robot_3,0.913,4.478
1776693969,640969049,robot_2,1.211,-0.601
1776693969,640993798,robot_4,2.784,4.329
1776693969,641000109,robot_0,0.453,0.229
1776693969,641005947,robot_1,0.270,4.630
1776693969,641011240,robot_3,0.912,4.477
1776693969,841233675,robot_2,1.191,-0.576
1776693969,841251272,robot_4,2.784,4.329
1776693969,841257913,robot_0,0.422,0.276
1776693969,841262977,robot_1,0.257,4.590
1776693969,841268253,robot_3,0.912,4.477
1776693970,41297055,robot_2,1.166,-0.545
1776693970,41314347,robot_4,2.784,4.330
1776693970,41321532,robot_0,0.395,0.316
1776693970,41326942,robot_1,0.245,4.550
1776693970,41331833,robot_3,0.911,4.477
1776693970,260540501,robot_2,1.118,-0.485
1776693970,260558679,robot_4,2.784,4.330
1776693970,260565164,robot_0,0.371,0.352
1776693970,260570486,robot_1,0.234,4.511
1776693970,260575808,robot_3,0.911,4.477
1776693970,463199349,robot_2,1.081,-0.438
1776693970,463226267,robot_4,2.784,4.331
1776693970,463237178,robot_0,0.351,0.383
1776693970,463246435,robot_1,0.227,4.490
1776693970,463255582,robot_3,0.910,4.477
1776693970,681037474,robot_2,1.054,-0.404
1776693970,681058158,robot_4,2.784,4.331
1776693970,681065110,robot_0,0.327,0.419
1776693970,681071369,robot_1,0.214,4.454
1776693970,681077201,robot_3,0.910,4.477
1776693970,881661645,robot_2,1.032,-0.376
1776693970,881678201,robot_4,2.784,4.331
1776693970,881684567,robot_0,0.304,0.453
1776693970,881690762,robot_1,0.199,4.415
1776693970,881696167,robot_3,0.910,4.477
1776693971,82387647,robot_2,1.007,-0.346
1776693971,82417484,robot_4,2.784,4.331
1776693971,82428156,robot_0,0.280,0.490
1776693971,82437728,robot_1,0.183,4.371
1776693971,82446380,robot_3,0.910,4.477
1776693971,302128002,robot_2,0.978,-0.309
1776693971,302145694,robot_4,2.785,4.331
1776693971,302151944,robot_0,0.256,0.527
1776693971,302157215,robot_1,0.170,4.328
1776693971,302162981,robot_3,0.910,4.477
1776693971,502696643,robot_2,0.944,-0.266
1776693971,502719132,robot_4,2.785,4.331
1776693971,502729136,robot_0,0.231,0.566
1776693971,502737410,robot_1,0.156,4.281
1776693971,502744207,robot_3,0.911,4.477
1776693971,702831587,robot_2,0.918,-0.232
1776693971,702857990,robot_4,2.785,4.332
1776693971,702870076,robot_0,0.199,0.615
1776693971,702879611,robot_1,0.137,4.221
1776693971,702888628,robot_3,0.911,4.477
1776693971,920693246,robot_2,0.887,-0.192
1776693971,920710485,robot_4,2.785,4.332
1776693971,920717004,robot_0,0.171,0.654
1776693971,920722700,robot_1,0.121,4.176
1776693971,920727959,robot_3,0.912,4.477
1776693972,121285542,robot_2,0.854,-0.146
1776693972,121306477,robot_4,2.786,4.332
1776693972,121313407,robot_0,0.144,0.691
1776693972,121319295,robot_1,0.105,4.134
1776693972,121324663,robot_3,0.912,4.478
1776693972,321538570,robot_2,0.830,-0.110
1776693972,321559641,robot_4,2.786,4.332
1776693972,321568041,robot_0,0.112,0.735
1776693972,321575760,robot_1,0.087,4.087
1776693972,321582165,robot_3,0.912,4.478
1776693972,521985573,robot_2,0.807,-0.074
1776693972,522011663,robot_4,2.787,4.332
1776693972,522023073,robot_0,0.088,0.768
1776693972,522032652,robot_1,0.072,4.050
1776693972,522041230,robot_3,0.912,4.479
1776693972,723366404,robot_2,0.782,-0.036
1776693972,723399487,robot_4,2.787,4.332
1776693972,723410307,robot_0,0.061,0.805
1776693972,723419368,robot_1,0.056,4.007
1776693972,723427032,robot_3,0.913,4.479
1776693972,941108305,robot_2,0.755,0.001
1776693972,941124752,robot_4,2.787,4.332
1776693972,941132304,robot_0,0.027,0.850
1776693972,941138261,robot_1,0.034,3.955
1776693972,941144063,robot_3,0.913,4.479
1776693973,141814737,robot_2,0.724,0.042
1776693973,141834613,robot_4,2.788,4.331
1776693973,141841511,robot_0,0.001,0.880
1776693973,141847353,robot_1,0.017,3.919
1776693973,141852484,robot_3,0.913,4.480
1776693973,360951346,robot_2,0.675,0.108
1776693973,360968306,robot_4,2.788,4.331
1776693973,360974936,robot_0,-0.037,0.924
1776693973,360980557,robot_1,-0.003,3.878
1776693973,360985199,robot_3,0.913,4.480
1776693973,561166628,robot_2,0.649,0.143
1776693973,561185097,robot_4,2.788,4.331
1776693973,561192139,robot_0,-0.075,0.970
1776693973,561198164,robot_1,-0.021,3.841
1776693973,561202973,robot_3,0.913,4.479
1776693973,761940891,robot_2,0.628,0.172
1776693973,761966191,robot_4,2.788,4.331
1776693973,761978287,robot_0,-0.100,1.002
1776693973,761987809,robot_1,-0.039,3.805
1776693973,761997653,robot_3,0.912,4.479
1776693973,982029932,robot_2,0.605,0.202
1776693973,982055417,robot_4,2.788,4.331
1776693973,982066813,robot_0,-0.129,1.040
1776693973,982079512,robot_1,-0.055,3.771
1776693973,982091219,robot_3,0.912,4.478
1776693974,203134136,robot_2,0.579,0.237
1776693974,203157461,robot_4,2.788,4.331
1776693974,203166923,robot_0,-0.159,1.077
1776693974,203174553,robot_1,-0.072,3.736
1776693974,203181804,robot_3,0.912,4.478
1776693974,421767608,robot_2,0.560,0.262
1776693974,421790838,robot_4,2.788,4.330
1776693974,421801409,robot_0,-0.187,1.111
1776693974,421811385,robot_1,-0.092,3.697
1776693974,421819924,robot_3,0.911,4.478
1776693974,642857870,robot_2,0.540,0.289
1776693974,642892240,robot_4,2.788,4.330
1776693974,642906803,robot_0,-0.234,1.167
1776693974,642919151,robot_1,-0.115,3.650
1776693974,642930475,robot_3,0.911,4.477
1776693974,862020812,robot_2,0.514,0.324
1776693974,862044562,robot_4,2.788,4.329
1776693974,862055314,robot_0,-0.272,1.212
1776693974,862063832,robot_1,-0.135,3.607
1776693974,862072322,robot_3,0.910,4.477
1776693975,81824297,robot_2,0.487,0.362
1776693975,81847236,robot_4,2.788,4.329
1776693975,81857187,robot_0,-0.300,1.246
1776693975,81865443,robot_1,-0.157,3.562
1776693975,81873102,robot_3,0.910,4.477
1776693975,301217860,robot_2,0.462,0.399
1776693975,301241000,robot_4,2.788,4.329
1776693975,301248106,robot_0,-0.328,1.279
1776693975,301254153,robot_1,-0.189,3.498
1776693975,301259028,robot_3,0.909,4.477
1776693975,501998525,robot_2,0.440,0.435
1776693975,502019709,robot_4,2.788,4.328
1776693975,502027899,robot_0,-0.353,1.309
1776693975,502034578,robot_1,-0.208,3.458
1776693975,502040009,robot_3,0.909,4.477
1776693975,703577030,robot_2,0.416,0.476
1776693975,703615767,robot_4,2.784,4.331
1776693975,703629545,robot_0,-0.380,1.341
1776693975,703654074,robot_1,-0.226,3.422
1776693975,703666954,robot_3,0.909,4.477
1776693975,921029814,robot_2,0.392,0.515
1776693975,921046018,robot_4,2.751,4.360
1776693975,921052735,robot_0,-0.411,1.378
1776693975,921057827,robot_1,-0.246,3.382
1776693975,921063042,robot_3,0.909,4.477
1776693976,124147653,robot_2,0.368,0.554
1776693976,124217462,robot_4,2.721,4.387
1776693976,124243593,robot_0,-0.436,1.408
1776693976,124257755,robot_1,-0.263,3.346
1776693976,124269263,robot_3,0.910,4.477
1776693976,341368536,robot_2,0.333,0.609
1776693976,341386430,robot_4,2.699,4.409
1776693976,341393539,robot_0,-0.466,1.444
1776693976,341399266,robot_1,-0.285,3.301
1776693976,341404425,robot_3,0.910,4.477
1776693976,541447356,robot_2,0.310,0.643
1776693976,541466490,robot_4,2.699,4.409
1776693976,541472867,robot_0,-0.494,1.476
1776693976,541478424,robot_1,-0.307,3.257
1776693976,541483096,robot_3,0.911,4.477
1776693976,760881949,robot_2,0.277,0.692
1776693976,760900689,robot_4,2.699,4.409
1776693976,760907734,robot_0,-0.524,1.509
1776693976,760913392,robot_1,-0.326,3.217
1776693976,760918289,robot_3,0.911,4.478
1776693976,961102702,robot_2,0.236,0.752
1776693976,961120416,robot_4,2.698,4.408
1776693976,961127597,robot_0,-0.548,1.535
1776693976,961133475,robot_1,-0.352,3.164
1776693976,961138423,robot_3,0.911,4.478
1776693977,161443257,robot_2,0.213,0.787
1776693977,161464835,robot_4,2.698,4.408
1776693977,161471947,robot_0,-0.572,1.560
1776693977,161477275,robot_1,-0.381,3.103
1776693977,161482974,robot_3,0.912,4.478
1776693977,362205860,robot_2,0.197,0.812
1776693977,362227118,robot_4,2.698,4.408
1776693977,362234372,robot_0,-0.601,1.588
1776693977,362240381,robot_1,-0.397,3.066
1776693977,362246533,robot_3,0.912,4.479
1776693977,581506041,robot_2,0.182,0.834
1776693977,581528242,robot_4,2.697,4.408
1776693977,581538033,robot_0,-0.626,1.613
1776693977,581545829,robot_1,-0.411,3.033
1776693977,581552913,robot_3,0.912,4.479
1776693977,782198544,robot_2,0.160,0.867
1776693977,782234969,robot_4,2.697,4.409
1776693977,782249445,robot_0,-0.649,1.636
1776693977,782262572,robot_1,-0.423,3.003
1776693977,782273399,robot_3,0.912,4.480
1776693977,982182939,robot_2,0.144,0.891
1776693977,982200798,robot_4,2.696,4.409
1776693977,982207870,robot_0,-0.678,1.664
1776693977,982213169,robot_1,-0.436,2.965
1776693977,982218174,robot_3,0.912,4.480
1776693978,203182447,robot_2,0.128,0.915
1776693978,203205229,robot_4,2.696,4.409
1776693978,203215707,robot_0,-0.703,1.689
1776693978,203223781,robot_1,-0.447,2.932
1776693978,203231062,robot_3,0.912,4.480
1776693978,422369059,robot_2,0.103,0.951
1776693978,422392931,robot_4,2.696,4.409
1776693978,422403085,robot_0,-0.730,1.714
1776693978,422411829,robot_1,-0.459,2.896
1776693978,422419298,robot_3,0.912,4.480
1776693978,641979556,robot_2,0.075,0.992
1776693978,642008491,robot_4,2.696,4.409
1776693978,642022962,robot_0,-0.764,1.742
1776693978,642034662,robot_1,-0.474,2.853
1776693978,642045718,robot_3,0.912,4.479
1776693978,862769966,robot_2,0.049,1.031
1776693978,862794069,robot_4,2.696,4.409
1776693978,862803422,robot_0,-0.800,1.773
1776693978,862810981,robot_1,-0.493,2.796
1776693978,862818324,robot_3,0.911,4.478
1776693979,81701884,robot_2,0.025,1.066
1776693979,81718815,robot_4,2.696,4.409
1776693979,81725275,robot_0,-0.835,1.802
1776693979,81730618,robot_1,-0.508,2.750
1776693979,81735432,robot_3,0.911,4.478
1776693979,282098714,robot_2,0.013,1.084
1776693979,282133811,robot_4,2.696,4.410
1776693979,282147613,robot_0,-0.869,1.831
1776693979,282160397,robot_1,-0.522,2.706
1776693979,282170760,robot_3,0.911,4.478
1776693979,482222891,robot_2,-0.005,1.112
1776693979,482253294,robot_4,2.695,4.410
1776693979,482264042,robot_0,-0.913,1.868
1776693979,482272625,robot_1,-0.542,2.648
1776693979,482280499,robot_3,0.910,4.477
1776693979,700905304,robot_2,-0.027,1.147
1776693979,700924539,robot_4,2.695,4.411
1776693979,700930546,robot_0,-0.950,1.899
1776693979,700936177,robot_1,-0.557,2.601
1776693979,700941148,robot_3,0.910,4.477
1776693979,901084509,robot_2,-0.043,1.172
1776693979,901103981,robot_4,2.696,4.411
1776693979,901110563,robot_0,-0.976,1.921
1776693979,901116079,robot_1,-0.568,2.570
1776693979,901121146,robot_3,0.909,4.477
1776693980,101751166,robot_2,-0.063,1.204
1776693980,101769680,robot_4,2.696,4.411
1776693980,101776795,robot_0,-0.993,1.936
1776693980,101782206,robot_1,-0.575,2.547
1776693980,101787179,robot_3,0.909,4.477
1776693980,302469071,robot_2,-0.084,1.237
1776693980,302494927,robot_4,2.696,4.412
1776693980,302506283,robot_0,-1.021,1.959
1776693980,302516408,robot_1,-0.589,2.512
1776693980,302525850,robot_3,0.908,4.477
1776693980,522096519,robot_2,-0.105,1.272
1776693980,522115525,robot_4,2.696,4.412
1776693980,522123248,robot_0,-1.060,1.992
1776693980,522130799,robot_1,-0.605,2.466
1776693980,522137576,robot_3,0.908,4.477
1776693980,741644676,robot_2,-0.126,1.310
1776693980,741662188,robot_4,2.696,4.412
1776693980,741668907,robot_0,-1.107,2.032
1776693980,741682087,robot_1,-0.625,2.418
1776693980,741687415,robot_3,0.908,4.477
1776693980,942719560,robot_2,-0.150,1.357
1776693980,942746818,robot_4,2.696,4.412
1776693980,942758480,robot_0,-1.137,2.058
1776693980,942768409,robot_1,-0.642,2.382
1776693980,942778369,robot_3,0.908,4.477
1776693981,161636380,robot_2,-0.187,1.430
1776693981,161667668,robot_4,2.696,4.412
1776693981,161680732,robot_0,-1.171,2.086
1776693981,161692200,robot_1,-0.656,2.351
1776693981,161702580,robot_3,0.907,4.478
1776693981,362570503,robot_2,-0.207,1.468
1776693981,362588868,robot_4,2.697,4.412
1776693981,362597049,robot_0,-1.208,2.106
1776693981,362603786,robot_1,-0.665,2.333
1776693981,362610179,robot_3,0.907,4.478
1776693981,582447065,robot_2,-0.223,1.500
1776693981,582470107,robot_4,2.697,4.413
1776693981,582479444,robot_0,-1.249,2.125
1776693981,582486521,robot_1,-0.662,2.333
1776693981,582493122,robot_3,0.907,4.478
1776693981,801146505,robot_2,-0.239,1.529
1776693981,801170216,robot_4,2.697,4.413
1776693981,801179936,robot_0,-1.282,2.140
1776693981,801188035,robot_1,-0.658,2.334
1776693981,801195479,robot_3,0.906,4.479
1776693982,2033812,robot_2,-0.257,1.565
1776693982,2062933,robot_4,2.698,4.413
1776693982,2072853,robot_0,-1.306,2.161
1776693982,2083230,robot_1,-0.659,2.334
1776693982,2091822,robot_3,0.906,4.479
1776693982,222040345,robot_2,-0.282,1.613
1776693982,222067170,robot_4,2.698,4.413
1776693982,222078455,robot_0,-1.339,2.190
1776693982,222088149,robot_1,-0.659,2.334
1776693982,222097719,robot_3,0.906,4.480
1776693982,441015137,robot_2,-0.303,1.660
1776693982,441032939,robot_4,2.699,4.413
1776693982,441039247,robot_0,-1.388,2.234
1776693982,441044438,robot_1,-0.660,2.334
1776693982,441049230,robot_3,0.906,4.481
1776693982,641585030,robot_2,-0.318,1.697
1776693982,641604803,robot_4,2.699,4.412
1776693982,641611989,robot_0,-1.426,2.267
1776693982,641618019,robot_1,-0.660,2.334
1776693982,641623686,robot_3,0.906,4.481
1776693982,861160632,robot_2,-0.337,1.743
1776693982,861182854,robot_4,2.699,4.412
1776693982,861191595,robot_0,-1.461,2.298
1776693982,861199351,robot_1,-0.660,2.334
1776693982,861206561,robot_3,0.906,4.481
1776693983,80716221,robot_2,-0.355,1.786
1776693983,80735139,robot_4,2.699,4.412
1776693983,80741713,robot_0,-1.517,2.349
1776693983,80747576,robot_1,-0.661,2.333
1776693983,80752707,robot_3,0.906,4.481
1776693983,280786959,robot_2,-0.369,1.823
1776693983,280802375,robot_4,2.698,4.410
1776693983,280809078,robot_0,-1.554,2.385
1776693983,280814126,robot_1,-0.662,2.335
1776693983,280819439,robot_3,0.906,4.481
1776693983,481119805,robot_2,-0.378,1.869
1776693983,481138263,robot_4,2.653,4.377
1776693983,481144738,robot_0,-1.584,2.414
1776693983,481150570,robot_1,-0.651,2.390
1776693983,481155804,robot_3,0.906,4.482
1776693983,682034990,robot_2,-0.388,1.909
1776693983,682067285,robot_4,2.612,4.348
1776693983,682083807,robot_0,-1.618,2.447
1776693983,682097113,robot_1,-0.624,2.447
1776693983,682109471,robot_3,0.907,4.482
1776693983,882324943,robot_2,-0.401,1.944
1776693983,882346636,robot_4,2.581,4.326
1776693983,882355029,robot_0,-1.632,2.460
1776693983,882362639,robot_1,-0.601,2.494
1776693983,882370486,robot_3,0.907,4.482
1776693984,82460511,robot_2,-0.402,1.946
1776693984,82491041,robot_4,2.564,4.314
1776693984,82503374,robot_0,-1.632,2.460
1776693984,82513228,robot_1,-0.599,2.500
1776693984,82522904,robot_3,0.908,4.483
1776693984,301132262,robot_2,-0.402,1.946
1776693984,301149855,robot_4,2.533,4.294
1776693984,301156351,robot_0,-1.633,2.460
1776693984,301162460,robot_1,-0.599,2.500
1776693984,301167614,robot_3,0.908,4.483
1776693984,502757298,robot_2,-0.402,1.946
1776693984,502785093,robot_4,2.498,4.272
1776693984,502797257,robot_0,-1.632,2.453
1776693984,502806959,robot_1,-0.599,2.500
1776693984,502816199,robot_3,0.909,4.483
1776693984,720997517,robot_2,-0.403,1.946
1776693984,721018412,robot_4,2.454,4.245
1776693984,721025521,robot_0,-1.613,2.445
1776693984,721031456,robot_1,-0.599,2.499
1776693984,721037015,robot_3,0.909,4.483
1776693984,922567293,robot_2,-0.403,1.946
1776693984,922589225,robot_4,2.420,4.223
1776693984,922596410,robot_0,-1.593,2.446
1776693984,922602837,robot_1,-0.599,2.499
1776693984,922608522,robot_3,0.910,4.483
1776693985,142472901,robot_2,-0.404,1.946
1776693985,142492399,robot_4,2.374,4.194
1776693985,142499578,robot_0,-1.586,2.449
1776693985,142505117,robot_1,-0.599,2.498
1776693985,142510301,robot_3,0.908,4.472
1776693985,362380611,robot_2,-0.404,1.947
1776693985,362401093,robot_4,2.311,4.156
1776693985,362407647,robot_0,-1.585,2.453
1776693985,362413206,robot_1,-0.599,2.498
1776693985,362418229,robot_3,0.901,4.425
1776693985,581448491,robot_2,-0.405,1.947
1776693985,581468226,robot_4,2.271,4.134
1776693985,581474895,robot_0,-1.584,2.457
1776693985,581480259,robot_1,-0.598,2.498
1776693985,581485500,robot_3,0.895,4.381
1776693985,801877065,robot_2,-0.405,1.947
1776693985,801896136,robot_4,2.223,4.109
1776693985,801902880,robot_0,-1.583,2.459
1776693985,801908012,robot_1,-0.598,2.498
1776693985,801920017,robot_3,0.891,4.348
1776693986,21192399,robot_2,-0.405,1.948
1776693986,21209751,robot_4,2.175,4.083
1776693986,21215927,robot_0,-1.583,2.459
1776693986,21222506,robot_1,-0.598,2.498
1776693986,21228264,robot_3,0.887,4.318
1776693986,241304325,robot_2,-0.392,1.952
1776693986,241324038,robot_4,2.136,4.062
1776693986,241330905,robot_0,-1.582,2.459
1776693986,241336488,robot_1,-0.598,2.498
1776693986,241342031,robot_3,0.882,4.274
1776693986,441929469,robot_2,-0.325,1.972
1776693986,441959555,robot_4,2.086,4.035
1776693986,441973766,robot_0,-1.581,2.461
1776693986,441985839,robot_1,-0.598,2.498
1776693986,441997664,robot_3,0.877,4.232
1776693986,662022360,robot_2,-0.279,1.986
1776693986,662045487,robot_4,2.038,4.009
1776693986,662053973,robot_0,-1.578,2.463
1776693986,662061393,robot_1,-0.597,2.498
1776693986,662067914,robot_3,0.874,4.186
1776693986,862602422,robot_2,-0.247,1.995
1776693986,862640906,robot_4,2.003,3.991
1776693986,862657340,robot_0,-1.575,2.465
1776693986,862671360,robot_1,-0.597,2.498
1776693986,862683767,robot_3,0.872,4.146
1776693987,82181273,robot_2,-0.214,2.003
1776693987,82204299,robot_4,1.978,3.977
1776693987,82213134,robot_0,-1.571,2.466
1776693987,82220264,robot_1,-0.596,2.498
1776693987,82227522,robot_3,0.870,4.101
1776693987,301211301,robot_2,-0.171,2.012
1776693987,301233453,robot_4,1.943,3.959
1776693987,301241371,robot_0,-1.575,2.455
1776693987,301247615,robot_1,-0.596,2.498
1776693987,301254565,robot_3,0.868,4.056
1776693987,502261547,robot_2,-0.141,2.017
1776693987,502293048,robot_4,1.910,3.941
1776693987,502307436,robot_0,-1.577,2.455
1776693987,502319205,robot_1,-0.596,2.498
1776693987,502329134,robot_3,0.867,4.019
1776693987,721361982,robot_2,-0.108,2.024
1776693987,721385128,robot_4,1.881,3.925
1776693987,721393501,robot_0,-1.579,2.456
1776693987,721400278,robot_1,-0.595,2.498
1776693987,721407331,robot_3,0.866,3.991
1776693987,922584478,robot_2,-0.068,2.031
1776693987,922610290,robot_4,1.846,3.907
1776693987,922620460,robot_0,-1.580,2.458
1776693987,922628554,robot_1,-0.595,2.499
1776693987,922644195,robot_3,0.864,3.954
1776693988,142236605,robot_2,-0.026,2.039
1776693988,142259682,robot_4,1.802,3.883
1776693988,142268203,robot_0,-1.581,2.459
1776693988,142275292,robot_1,-0.595,2.499
1776693988,142282185,robot_3,0.863,3.917
1776693988,344240858,robot_2,0.013,2.044
1776693988,344264869,robot_4,1.756,3.858
1776693988,344275389,robot_0,-1.581,2.460
1776693988,344284432,robot_1,-0.595,2.499
1776693988,344293378,robot_3,0.863,3.893
1776693988,561500905,robot_2,0.058,2.049
1776693988,561520875,robot_4,1.716,3.837
1776693988,561529077,robot_0,-1.581,2.460
1776693988,561535830,robot_1,-0.595,2.499
1776693988,561541955,robot_3,0.864,3.851
1776693988,762180243,robot_2,0.119,2.055
1776693988,762205459,robot_4,1.696,3.826
1776693988,762215681,robot_0,-1.581,2.460
1776693988,762223807,robot_1,-0.595,2.499
1776693988,762231708,robot_3,0.865,3.815
1776693988,982569457,robot_2,0.174,2.060
1776693988,982607572,robot_4,1.696,3.826
1776693988,982628880,robot_0,-1.582,2.462
1776693988,982652131,robot_1,-0.595,2.500
1776693988,982669632,robot_3,0.867,3.777
1776693989,202317931,robot_2,0.219,2.064
1776693989,202343399,robot_4,1.696,3.826
1776693989,202353501,robot_0,-1.582,2.464
1776693989,202361974,robot_1,-0.595,2.500
1776693989,202369725,robot_3,0.872,3.733
1776693989,421431745,robot_2,0.268,2.070
1776693989,421453896,robot_4,1.695,3.826
1776693989,421461557,robot_0,-1.573,2.458
1776693989,421468310,robot_1,-0.595,2.501
1776693989,421475441,robot_3,0.876,3.699
1776693989,621999001,robot_2,0.308,2.075
1776693989,622027145,robot_4,1.695,3.827
1776693989,622034859,robot_0,-1.572,2.454
1776693989,622041607,robot_1,-0.595,2.501
1776693989,622047978,robot_3,0.879,3.668
1776693989,841292949,robot_2,0.355,2.081
1776693989,841315150,robot_4,1.695,3.827
1776693989,841323770,robot_0,-1.572,2.451
1776693989,841330836,robot_1,-0.595,2.501
1776693989,841337905,robot_3,0.884,3.624
1776693990,42902825,robot_2,0.401,2.088
1776693990,42921257,robot_4,1.694,3.827
1776693990,42929160,robot_0,-1.573,2.448
1776693990,42935923,robot_1,-0.596,2.502
1776693990,42942544,robot_3,0.888,3.588
1776693990,260927368,robot_2,0.445,2.094
1776693990,260947043,robot_4,1.694,3.827
1776693990,260954638,robot_0,-1.575,2.445
1776693990,260960998,robot_1,-0.596,2.502
1776693990,260966810,robot_3,0.892,3.547
1776693990,462628538,robot_2,0.487,2.099
1776693990,462661894,robot_4,1.694,3.827
1776693990,462672428,robot_0,-1.576,2.444
1776693990,462681338,robot_1,-0.596,2.502
1776693990,462689409,robot_3,0.897,3.507
1776693990,682750962,robot_2,0.534,2.106
1776693990,682778690,robot_4,1.693,3.826
1776693990,682791035,robot_0,-1.577,2.443
1776693990,682801465,robot_1,-0.598,2.496
1776693990,682811290,robot_3,0.899,3.481
1776693990,901340697,robot_2,0.578,2.112
1776693990,901364474,robot_4,1.693,3.826
1776693990,901373572,robot_0,-1.577,2.443
1776693990,901380502,robot_1,-0.607,2.469
1776693990,901387074,robot_3,0.903,3.444
1776693991,102078306,robot_2,0.618,2.117
1776693991,102101158,robot_4,1.693,3.826
1776693991,102107971,robot_0,-1.577,2.443
1776693991,102114688,robot_1,-0.618,2.432
1776693991,102120219,robot_3,0.907,3.408
1776693991,320899391,robot_2,0.662,2.121
1776693991,320918174,robot_4,1.693,3.826
1776693991,320925158,robot_0,-1.579,2.442
1776693991,320930930,robot_1,-0.627,2.396
1776693991,320936620,robot_3,0.910,3.382
1776693991,541070348,robot_2,0.706,2.124
1776693991,541087366,robot_4,1.693,3.826
1776693991,541094349,robot_0,-1.581,2.441
1776693991,541099895,robot_1,-0.635,2.366
1776693991,541105017,robot_3,0.915,3.341
1776693991,741722810,robot_2,0.736,2.126
1776693991,741742691,robot_4,1.693,3.826
1776693991,741749600,robot_0,-1.583,2.440
1776693991,741755339,robot_1,-0.644,2.327
1776693991,741760183,robot_3,0.919,3.299
1776693991,942510453,robot_2,0.770,2.127
1776693991,942537580,robot_4,1.693,3.825
1776693991,942548820,robot_0,-1.584,2.440
1776693991,942559024,robot_1,-0.654,2.289
1776693991,942568288,robot_3,0.924,3.253
1776693992,161713008,robot_2,0.813,2.130
1776693992,161744387,robot_4,1.692,3.825
1776693992,161758466,robot_0,-1.585,2.440
1776693992,161770698,robot_1,-0.664,2.247
1776693992,161782392,robot_3,0.928,3.209
1776693992,362561526,robot_2,0.841,2.131
1776693992,362587575,robot_4,1.692,3.825
1776693992,362597821,robot_0,-1.586,2.440
1776693992,362608354,robot_1,-0.674,2.208
1776693992,362617434,robot_3,0.931,3.173
1776693992,581502388,robot_2,0.880,2.132
1776693992,581527189,robot_4,1.693,3.824
1776693992,581535610,robot_0,-1.586,2.439
1776693992,581542163,robot_1,-0.691,2.142
1776693992,581548340,robot_3,0.934,3.138
1776693992,802554715,robot_2,0.928,2.132
1776693992,802582843,robot_4,1.693,3.824
1776693992,802594688,robot_0,-1.587,2.439
1776693992,802604868,robot_1,-0.710,2.071
1776693992,802615091,robot_3,0.937,3.094
1776693993,22080095,robot_2,0.988,2.133
1776693993,22103261,robot_4,1.693,3.824
1776693993,22113086,robot_0,-1.587,2.439
1776693993,22121182,robot_1,-0.721,2.028
1776693993,22128874,robot_3,0.940,3.058
1776693993,241233146,robot_2,1.034,2.133
1776693993,241257954,robot_4,1.693,3.824
1776693993,241266269,robot_0,-1.587,2.439
1776693993,241273286,robot_1,-0.732,1.989
1776693993,241280154,robot_3,0.942,3.021
1776693993,441957643,robot_2,1.073,2.133
1776693993,441976592,robot_4,1.693,3.824
1776693993,441983490,robot_0,-1.587,2.439
1776693993,441990357,robot_1,-0.741,1.951
1776693993,441996452,robot_3,0.945,2.981
1776693993,642583940,robot_2,1.112,2.134
1776693993,642606296,robot_4,1.693,3.824
1776693993,642614219,robot_0,-1.587,2.439
1776693993,642620941,robot_1,-0.752,1.912
1776693993,642627437,robot_3,0.947,2.950
1776693993,861969219,robot_2,1.156,2.134
1776693993,862002201,robot_4,1.693,3.823
1776693993,862018876,robot_0,-1.587,2.439
1776693993,862032780,robot_1,-0.763,1.867
1776693993,862045377,robot_3,0.950,2.912
1776693994,62656539,robot_2,1.192,2.134
1776693994,62683451,robot_4,1.693,3.823
1776693994,62695024,robot_0,-1.586,2.440
1776693994,62701922,robot_1,-0.774,1.828
1776693994,62708023,robot_3,0.952,2.872
1776693994,282146005,robot_2,1.229,2.135
1776693994,282165745,robot_4,1.694,3.823
1776693994,282173384,robot_0,-1.586,2.440
1776693994,282180085,robot_1,-0.786,1.779
1776693994,282186553,robot_3,0.955,2.827
1776693994,483376506,robot_2,1.268,2.138
1776693994,483410076,robot_4,1.694,3.823
1776693994,483423378,robot_0,-1.586,2.440
1776693994,483434452,robot_1,-0.802,1.719
1776693994,483444464,robot_3,0.956,2.786
1776693994,702418159,robot_2,1.303,2.140
1776693994,702438292,robot_4,1.694,3.823
1776693994,702446432,robot_0,-1.586,2.441
1776693994,702453142,robot_1,-0.814,1.672
1776693994,702459171,robot_3,0.955,2.744
1776693994,921738573,robot_2,1.338,2.142
1776693994,921763823,robot_4,1.695,3.823
1776693994,921774879,robot_0,-1.586,2.441
1776693994,921784539,robot_1,-0.828,1.618
1776693994,921794004,robot_3,0.955,2.710
1776693995,122279786,robot_2,1.378,2.145
1776693995,122308934,robot_4,1.695,3.823
1776693995,122322051,robot_0,-1.586,2.442
1776693995,122333437,robot_1,-0.845,1.554
1776693995,122343952,robot_3,0.956,2.672
1776693995,342168907,robot_2,1.426,2.149
1776693995,342188769,robot_4,1.695,3.823
1776693995,342196013,robot_0,-1.586,2.442
1776693995,342202428,robot_1,-0.857,1.510
1776693995,342208600,robot_3,0.958,2.634
1776693995,563153393,robot_2,1.471,2.153
1776693995,563171327,robot_4,1.695,3.824
1776693995,563178068,robot_0,-1.586,2.442
1776693995,563184034,robot_1,-0.868,1.468
1776693995,563189969,robot_3,0.959,2.604
1776693995,782466364,robot_2,1.518,2.157
1776693995,782484231,robot_4,1.673,3.854
1776693995,782491427,robot_0,-1.586,2.442
1776693995,782496908,robot_1,-0.877,1.425
1776693995,782502588,robot_3,0.961,2.561
1776693996,2220068,robot_2,1.590,2.165
1776693996,2242788,robot_4,1.647,3.889
1776693996,2249892,robot_0,-1.586,2.442
1776693996,2255499,robot_1,-0.886,1.382
1776693996,2261392,robot_3,0.964,2.496
1776693996,221149760,robot_2,1.642,2.170
1776693996,221172566,robot_4,1.615,3.931
1776693996,221184270,robot_0,-1.586,2.442
1776693996,221192726,robot_1,-0.892,1.350
1776693996,221201057,robot_3,0.967,2.419
1776693996,421874104,robot_2,1.690,2.175
1776693996,421893021,robot_4,1.573,3.989
1776693996,421899514,robot_0,-1.586,2.441
1776693996,421905634,robot_1,-0.899,1.317
1776693996,421911207,robot_3,0.969,2.379
1776693996,641798024,robot_2,1.769,2.184
1776693996,641816513,robot_4,1.542,4.030
1776693996,641823544,robot_0,-1.586,2.441
1776693996,641829554,robot_1,-0.908,1.273
1776693996,641835651,robot_3,0.972,2.309
1776693996,842314606,robot_2,1.816,2.189
1776693996,842333941,robot_4,1.512,4.070
1776693996,842341683,robot_0,-1.586,2.440
1776693996,842348340,robot_1,-0.916,1.231
1776693996,842354011,robot_3,0.974,2.246
1776693997,61432539,robot_2,1.871,2.196
1776693997,61452822,robot_4,1.472,4.124
1776693997,61460127,robot_0,-1.587,2.440
1776693997,61465696,robot_1,-0.925,1.186
1776693997,61471211,robot_3,0.976,2.202
1776693997,261636650,robot_2,1.933,2.206
1776693997,261657588,robot_4,1.448,4.156
1776693997,261665442,robot_0,-1.587,2.440
1776693997,261672150,robot_1,-0.934,1.144
1776693997,261678450,robot_3,0.978,2.174
1776693997,481556768,robot_2,1.977,2.215
1776693997,481579181,robot_4,1.412,4.205
1776693997,481587337,robot_0,-1.587,2.439
1776693997,481594031,robot_1,-0.947,1.070
1776693997,481601129,robot_3,0.981,2.137
1776693997,681607428,robot_2,2.013,2.223
1776693997,681636100,robot_4,1.372,4.258
1776693997,681648145,robot_0,-1.588,2.439
1776693997,681657001,robot_1,-0.954,1.022
1776693997,681664353,robot_3,0.986,2.098
1776693997,882675996,robot_2,2.050,2.230
1776693997,882705249,robot_4,1.348,4.291
1776693997,882713812,robot_0,-1.588,2.439
1776693997,882721419,robot_1,-0.961,0.978
1776693997,882728511,robot_3,0.990,2.063
1776693998,103930796,robot_2,2.093,2.239
1776693998,103952817,robot_4,1.311,4.340
1776693998,103960464,robot_0,-1.588,2.439
1776693998,103966909,robot_1,-0.969,0.920
1776693998,103972876,robot_3,0.995,2.021
1776693998,321202370,robot_2,2.125,2.246
1776693998,321221623,robot_4,1.273,4.392
1776693998,321228795,robot_0,-1.588,2.439
1776693998,321234877,robot_1,-0.975,0.875
1776693998,321241212,robot_3,1.001,1.971
1776693998,521760081,robot_2,2.156,2.253
1776693998,521780430,robot_4,1.249,4.424
1776693998,521787453,robot_0,-1.588,2.439
1776693998,521793609,robot_1,-0.983,0.822
1776693998,521799729,robot_3,1.010,1.898
1776693998,742837263,robot_2,2.198,2.263
1776693998,742864631,robot_4,1.233,4.445
1776693998,742878334,robot_0,-1.587,2.439
1776693998,742888324,robot_1,-0.994,0.741
1776693998,742897980,robot_3,1.018,1.844
1776693998,961965032,robot_2,2.205,2.265
1776693998,961993172,robot_4,1.226,4.455
1776693998,962002901,robot_0,-1.587,2.440
1776693998,962008775,robot_1,-1.001,0.695
1776693998,962016119,robot_3,1.025,1.792
1776693999,181705380,robot_2,2.206,2.265
1776693999,181725395,robot_4,1.226,4.455
1776693999,181732182,robot_0,-1.587,2.440
1776693999,181738099,robot_1,-1.010,0.632
1776693999,181743862,robot_3,1.033,1.733
1776693999,382085784,robot_2,2.206,2.264
1776693999,382110917,robot_4,1.226,4.454
1776693999,382121155,robot_0,-1.587,2.441
1776693999,382129614,robot_1,-1.020,0.572
1776693999,382137761,robot_3,1.038,1.694
1776693999,582168591,robot_2,2.206,2.264
1776693999,582188645,robot_4,1.225,4.454
1776693999,582195315,robot_0,-1.587,2.441
1776693999,582201289,robot_1,-1.029,0.533
1776693999,582206800,robot_3,1.044,1.649
1776693999,801671461,robot_2,2.206,2.264
1776693999,801695493,robot_4,1.225,4.454
1776693999,801705234,robot_0,-1.587,2.441
1776693999,801712669,robot_1,-1.036,0.498
1776693999,801720256,robot_3,1.051,1.598
1776694000,2064018,robot_2,2.207,2.264
1776694000,2084619,robot_4,1.224,4.454
1776694000,2091952,robot_0,-1.587,2.442
1776694000,2098249,robot_1,-1.043,0.465
1776694000,2104290,robot_3,1.057,1.558
1776694000,202175907,robot_2,2.207,2.264
1776694000,202196287,robot_4,1.224,4.455
1776694000,202203746,robot_0,-1.587,2.442
1776694000,202209866,robot_1,-1.052,0.425
1776694000,202216076,robot_3,1.061,1.527
1776694000,402465148,robot_2,2.208,2.264
1776694000,402492215,robot_4,1.224,4.455
1776694000,402503288,robot_0,-1.587,2.442
1776694000,402513188,robot_1,-1.059,0.390
1776694000,402522738,robot_3,1.066,1.497
1776694000,621660985,robot_2,2.208,2.264
1776694000,621689428,robot_4,1.223,4.455
1776694000,621699181,robot_0,-1.587,2.442
1776694000,621707344,robot_1,-1.068,0.350
1776694000,621714769,robot_3,1.075,1.454
1776694000,841274312,robot_2,2.208,2.264
1776694000,841293159,robot_4,1.223,4.455
1776694000,841300266,robot_0,-1.587,2.442
1776694000,841305997,robot_1,-1.078,0.305
1776694000,841312648,robot_3,1.089,1.389
1776694001,43068295,robot_2,2.209,2.264
1776694001,43098736,robot_4,1.223,4.456
1776694001,43112794,robot_0,-1.587,2.442
1776694001,43124414,robot_1,-1.093,0.235
1776694001,43140800,robot_3,1.100,1.332
1776694001,262674461,robot_2,2.209,2.264
1776694001,262694083,robot_4,1.223,4.456
1776694001,262702484,robot_0,-1.587,2.441
1776694001,262709925,robot_1,-1.105,0.177
1776694001,262717233,robot_3,1.109,1.289
1776694001,480782943,robot_2,2.209,2.264
1776694001,480802290,robot_4,1.223,4.456
1776694001,480809156,robot_0,-1.587,2.441
1776694001,480814929,robot_1,-1.115,0.135
1776694001,480820948,robot_3,1.114,1.265
1776694001,681716254,robot_2,2.209,2.264
1776694001,681741096,robot_4,1.223,4.456
1776694001,681749726,robot_0,-1.587,2.440
1776694001,681756987,robot_1,-1.122,0.098
1776694001,681764209,robot_3,1.121,1.233
1776694001,882650466,robot_2,2.209,2.264
1776694001,882689488,robot_4,1.223,4.456
1776694001,882702272,robot_0,-1.587,2.440
1776694001,882711288,robot_1,-1.131,0.060
1776694001,882720483,robot_3,1.129,1.193
1776694002,101165498,robot_2,2.210,2.265
1776694002,101188178,robot_4,1.223,4.457
1776694002,101197337,robot_0,-1.588,2.439
1776694002,101203894,robot_1,-1.142,0.009
1776694002,101210181,robot_3,1.146,1.114
1776694002,301431686,robot_2,2.210,2.265
1776694002,301452542,robot_4,1.223,4.457
1776694002,301460489,robot_0,-1.588,2.439
1776694002,301469084,robot_1,-1.154,-0.049
1776694002,301474874,robot_3,1.157,1.059
1776694002,502175509,robot_2,2.210,2.265
1776694002,502196728,robot_4,1.223,4.457
1776694002,502205746,robot_0,-1.589,2.439
1776694002,502213350,robot_1,-1.163,-0.091
1776694002,502220653,robot_3,1.166,1.017
1776694002,721347346,robot_2,2.210,2.266
1776694002,721366521,robot_4,1.223,4.458
1776694002,721373144,robot_0,-1.589,2.439
1776694002,721379005,robot_1,-1.172,-0.131
1776694002,721384471,robot_3,1.183,0.938
1776694002,941665529,robot_2,2.210,2.266
1776694002,941686350,robot_4,1.224,4.458
1776694002,941693975,robot_0,-1.589,2.439
1776694002,941700667,robot_1,-1.180,-0.169
1776694002,941706419,robot_3,1.195,0.884
1776694003,141841649,robot_2,2.210,2.267
1776694003,141864769,robot_4,1.224,4.458
1776694003,141873052,robot_0,-1.589,2.439
1776694003,141879908,robot_1,-1.189,-0.208
1776694003,141886844,robot_3,1.202,0.852
1776694003,362081535,robot_2,2.210,2.267
1776694003,362107997,robot_4,1.224,4.459
1776694003,362118661,robot_0,-1.589,2.439
1776694003,362127666,robot_1,-1.196,-0.241
1776694003,362136040,robot_3,1.208,0.827
1776694003,562141649,robot_2,2.210,2.267
1776694003,562163573,robot_4,1.224,4.459
1776694003,562172518,robot_0,-1.590,2.439
1776694003,562180028,robot_1,-1.201,-0.268
1776694003,562186772,robot_3,1.217,0.788
1776694003,781221028,robot_2,2.210,2.267
1776694003,781248143,robot_4,1.232,4.445
1776694003,781257845,robot_0,-1.590,2.439
1776694003,781265659,robot_1,-1.208,-0.312
1776694003,781273211,robot_3,1.224,0.756
1776694003,981859173,robot_2,2.210,2.267
1776694003,981879962,robot_4,1.246,4.422
1776694003,981888175,robot_0,-1.591,2.439
1776694003,981895350,robot_1,-1.217,-0.360
1776694003,981901644,robot_3,1.230,0.734
1776694004,202260519,robot_2,2.209,2.268
1776694004,202280411,robot_4,1.269,4.384
1776694004,202288544,robot_0,-1.591,2.439
1776694004,202294648,robot_1,-1.228,-0.411
1776694004,202301114,robot_3,1.243,0.692
1776694004,421208427,robot_2,2.209,2.268
1776694004,421230257,robot_4,1.286,4.357
1776694004,421238946,robot_0,-1.591,2.440
1776694004,421246629,robot_1,-1.239,-0.454
1776694004,421253697,robot_3,1.261,0.636
1776694004,622326355,robot_2,2.209,2.268
1776694004,622349909,robot_4,1.303,4.331
1776694004,622358086,robot_0,-1.592,2.440
1776694004,622365620,robot_1,-1.256,-0.523
1776694004,622374699,robot_3,1.277,0.586
1776694004,841909242,robot_2,2.208,2.268
1776694004,841929700,robot_4,1.326,4.293
1776694004,841938236,robot_0,-1.592,2.440
1776694004,841945270,robot_1,-1.272,-0.587
1776694004,841952068,robot_3,1.290,0.544
1776694005,61111040,robot_2,2.208,2.268
1776694005,61133048,robot_4,1.359,4.240
1776694005,61140934,robot_0,-1.592,2.441
1776694005,61147403,robot_1,-1.282,-0.629
1776694005,61154086,robot_3,1.313,0.472
1776694005,261428670,robot_2,2.207,2.268
1776694005,261451292,robot_4,1.382,4.198
1776694005,261459705,robot_0,-1.592,2.441
1776694005,261466136,robot_1,-1.292,-0.666
1776694005,261472817,robot_3,1.332,0.413
1776694005,480950719,robot_2,2.207,2.268
1776694005,480970854,robot_4,1.403,4.156
1776694005,480978747,robot_0,-1.592,2.441
1776694005,480985710,robot_1,-1.305,-0.707
1776694005,480991873,robot_3,1.346,0.369
1776694005,681910843,robot_2,2.207,2.266
1776694005,681934787,robot_4,1.434,4.096
1776694005,681944318,robot_0,-1.592,2.441
1776694005,681951741,robot_1,-1.316,-0.740
1776694005,681959313,robot_3,1.366,0.311
1776694005,902774042,robot_2,2.233,2.203
1776694005,902811989,robot_4,1.461,4.047
1776694005,902827130,robot_0,-1.592,2.442
1776694005,902840112,robot_1,-1.324,-0.763
1776694005,902851838,robot_3,1.385,0.260
1776694006,123626002,robot_2,2.254,2.152
1776694006,123654542,robot_4,1.487,4.002
1776694006,123663375,robot_0,-1.592,2.442
1776694006,123670756,robot_1,-1.338,-0.803
1776694006,123677513,robot_3,1.405,0.214
1776694006,341549976,robot_2,2.266,2.123
1776694006,341571061,robot_4,1.528,3.931
1776694006,341579874,robot_0,-1.592,2.443
1776694006,341587121,robot_1,-1.354,-0.851
1776694006,341594129,robot_3,1.432,0.146
1776694006,541824749,robot_2,2.266,2.123
1776694006,541846951,robot_4,1.551,3.892
1776694006,541856247,robot_0,-1.592,2.443
1776694006,541863721,robot_1,-1.368,-0.900
1776694006,541870750,robot_3,1.448,0.104
1776694006,741984136,robot_2,2.266,2.123
1776694006,742004611,robot_4,1.569,3.861
1776694006,742012140,robot_0,-1.591,2.443
1776694006,742018443,robot_1,-1.379,-0.938
1776694006,742025047,robot_3,1.465,0.058
1776694006,962701284,robot_2,2.267,2.123
1776694006,962721340,robot_4,1.586,3.829
1776694006,962729304,robot_0,-1.591,2.444
1776694006,962736000,robot_1,-1.387,-0.968
1776694006,962742046,robot_3,1.493,-0.013
1776694007,163581046,robot_2,2.267,2.123
1776694007,163606324,robot_4,1.603,3.794
1776694007,163615491,robot_0,-1.591,2.444
1776694007,163623780,robot_1,-1.392,-0.992
1776694007,163636104,robot_3,1.509,-0.053
1776694007,381792416,robot_2,2.268,2.122
1776694007,381811902,robot_4,1.630,3.738
1776694007,381818964,robot_0,-1.590,2.444
1776694007,381825115,robot_1,-1.401,-1.035
1776694007,381831344,robot_3,1.533,-0.109
1776694007,581820628,robot_2,2.268,2.122
1776694007,581842687,robot_4,1.660,3.676
1776694007,581850886,robot_0,-1.589,2.439
1776694007,581857908,robot_1,-1.412,-1.089
1776694007,581864557,robot_3,1.563,-0.177
1776694007,802348924,robot_2,2.268,2.122
1776694007,802378648,robot_4,1.679,3.636
1776694007,802392384,robot_0,-1.571,2.375
1776694007,802403417,robot_1,-1.424,-1.147
1776694007,802413713,robot_3,1.581,-0.220
1776694008,2834293,robot_2,2.269,2.121
1776694008,2860547,robot_4,1.692,3.610
1776694008,2870687,robot_0,-1.559,2.331
1776694008,2879169,robot_1,-1.432,-1.186
1776694008,2886607,robot_3,1.601,-0.269
1776694008,221861590,robot_2,2.269,2.121
1776694008,221893772,robot_4,1.707,3.579
1776694008,221906483,robot_0,-1.544,2.277
1776694008,221917033,robot_1,-1.440,-1.223
1776694008,221927470,robot_3,1.623,-0.324
1776694008,422360058,robot_2,2.269,2.121
1776694008,422386039,robot_4,1.726,3.544
1776694008,422397489,robot_0,-1.524,2.205
1776694008,422408158,robot_1,-1.447,-1.259
1776694008,422417609,robot_3,1.636,-0.362
1776694008,641778155,robot_2,2.269,2.121
1776694008,641798250,robot_4,1.744,3.508
1776694008,641805756,robot_0,-1.510,2.156
1776694008,641811496,robot_1,-1.456,-1.301
1776694008,641817005,robot_3,1.654,-0.414
1776694008,842187718,robot_2,2.269,2.121
1776694008,842213109,robot_4,1.761,3.475
1776694008,842223738,robot_0,-1.498,2.112
1776694008,842231551,robot_1,-1.463,-1.337
1776694008,842239964,robot_3,1.669,-0.459
1776694009,60896280,robot_2,2.269,2.120
1776694009,60915494,robot_4,1.782,3.435
1776694009,60922615,robot_0,-1.483,2.060
1776694009,60928821,robot_1,-1.467,-1.355
1776694009,60934599,robot_3,1.683,-0.501
1776694009,261820277,robot_2,2.269,2.120
1776694009,261843317,robot_4,1.805,3.390
1776694009,261851829,robot_0,-1.473,2.022
1776694009,261859023,robot_1,-1.467,-1.355
1776694009,261865570,robot_3,1.700,-0.550
1776694009,481763503,robot_2,2.269,2.119
1776694009,481787357,robot_4,1.827,3.347
1776694009,481796080,robot_0,-1.456,1.960
1776694009,481803901,robot_1,-1.467,-1.355
1776694009,481810501,robot_3,1.716,-0.597
1776694009,681768733,robot_2,2.269,2.119
1776694009,681790676,robot_4,1.847,3.309
1776694009,681798143,robot_0,-1.438,1.898
1776694009,681805099,robot_1,-1.466,-1.356
1776694009,681810863,robot_3,1.729,-0.636
1776694009,901418526,robot_2,2.268,2.119
1776694009,901438666,robot_4,1.881,3.242
1776694009,901445924,robot_0,-1.427,1.855
1776694009,901451866,robot_1,-1.466,-1.356
1776694009,901457219,robot_3,1.747,-0.688
1776694010,101950968,robot_2,2.268,2.118
1776694010,101972845,robot_4,1.904,3.198
1776694010,101981104,robot_0,-1.409,1.793
1776694010,101987454,robot_1,-1.466,-1.356
1776694010,101993445,robot_3,1.761,-0.728
1776694010,302241559,robot_2,2.268,2.118
1776694010,302262621,robot_4,1.922,3.163
1776694010,302269876,robot_0,-1.392,1.731
1776694010,302276506,robot_1,-1.465,-1.357
1776694010,302282986,robot_3,1.774,-0.769
1776694010,502366309,robot_2,2.267,2.118
1776694010,502388624,robot_4,1.939,3.129
1776694010,502398415,robot_0,-1.381,1.692
1776694010,502405656,robot_1,-1.465,-1.357
1776694010,502412263,robot_3,1.790,-0.818
1776694010,722106363,robot_2,2.267,2.118
1776694010,722128093,robot_4,1.959,3.091
1776694010,722136711,robot_0,-1.373,1.663
1776694010,722144032,robot_1,-1.465,-1.358
1776694010,722151012,robot_3,1.803,-0.864
1776694010,941315358,robot_2,2.267,2.118
1776694010,941336471,robot_4,1.981,3.048
1776694010,941344004,robot_0,-1.363,1.628
1776694010,941350233,robot_1,-1.465,-1.358
1776694010,941356269,robot_3,1.813,-0.899
1776694011,141928789,robot_2,2.267,2.118
1776694011,141949925,robot_4,2.004,3.004
1776694011,141957937,robot_0,-1.353,1.590
1776694011,141964491,robot_1,-1.465,-1.358
1776694011,141970944,robot_3,1.819,-0.921
1776694011,361282873,robot_2,2.267,2.117
1776694011,361305112,robot_4,2.024,2.965
1776694011,361312390,robot_0,-1.346,1.566
1776694011,361319666,robot_1,-1.465,-1.358
1776694011,361325610,robot_3,1.828,-0.961
1776694011,580916885,robot_2,2.266,2.117
1776694011,580937072,robot_4,2.053,2.909
1776694011,580944777,robot_0,-1.335,1.530
1776694011,580950674,robot_1,-1.465,-1.358
1776694011,580956774,robot_3,1.835,-0.995
1776694011,781187072,robot_2,2.266,2.118
1776694011,781206017,robot_4,2.086,2.846
1776694011,781213076,robot_0,-1.321,1.487
1776694011,781218995,robot_1,-1.466,-1.359
1776694011,781225208,robot_3,1.840,-1.021
1776694011,982414882,robot_2,2.265,2.118
1776694011,982441255,robot_4,2.105,2.810
1776694011,982452530,robot_0,-1.303,1.425
1776694011,982462198,robot_1,-1.466,-1.359
1776694011,982470818,robot_3,1.849,-1.060
1776694012,201868709,robot_2,2.265,2.118
1776694012,201892544,robot_4,2.134,2.757
1776694012,201899875,robot_0,-1.290,1.374
1776694012,201906391,robot_1,-1.466,-1.360
1776694012,201911646,robot_3,1.857,-1.099
1776694012,421151316,robot_2,2.264,2.118
1776694012,421174458,robot_4,2.163,2.702
1776694012,421182200,robot_0,-1.281,1.338
1776694012,421188030,robot_1,-1.467,-1.360
1776694012,421200199,robot_3,1.866,-1.138
1776694012,621414885,robot_2,2.264,2.119
1776694012,621436575,robot_4,2.182,2.666
1776694012,621444464,robot_0,-1.276,1.315
1776694012,621450242,robot_1,-1.467,-1.360
1776694012,621456012,robot_3,1.874,-1.177
1776694012,821514449,robot_2,2.266,2.110
1776694012,821534582,robot_4,2.213,2.618
1776694012,821543346,robot_0,-1.271,1.277
1776694012,821550193,robot_1,-1.468,-1.360
1776694012,821557476,robot_3,1.886,-1.233
1776694013,42683841,robot_2,2.283,2.060
1776694013,42701527,robot_4,2.248,2.573
1776694013,42708644,robot_0,-1.264,1.233
1776694013,42714359,robot_1,-1.468,-1.360
1776694013,42719933,robot_3,1.899,-1.292
1776694013,260908295,robot_2,2.311,2.021
1776694013,260926614,robot_4,2.272,2.535
1776694013,260933180,robot_0,-1.258,1.189
1776694013,260939088,robot_1,-1.469,-1.360
1776694013,260944711,robot_3,1.909,-1.336
1776694013,462314713,robot_2,2.364,1.986
1776694013,462346926,robot_4,2.300,2.487
1776694013,462360523,robot_0,-1.253,1.150
1776694013,462372829,robot_1,-1.469,-1.360
1776694013,462384063,robot_3,1.918,-1.380
1776694013,662449636,robot_2,2.414,1.951
1776694013,662483069,robot_4,2.323,2.444
1776694013,662497614,robot_0,-1.245,1.098
1776694013,662510926,robot_1,-1.469,-1.360
1776694013,662522349,robot_3,1.925,-1.422
1776694013,882443548,robot_2,2.446,1.912
1776694013,882468313,robot_4,2.343,2.407
1776694013,882479182,robot_0,-1.235,1.038
1776694013,882487516,robot_1,-1.458,-1.324
1776694013,882496352,robot_3,1.932,-1.465
1776694014,82941531,robot_2,2.449,1.898
1776694014,82982493,robot_4,2.346,2.407
1776694014,83004595,robot_0,-1.226,0.999
1776694014,83025023,robot_1,-1.438,-1.260
1776694014,83043729,robot_3,1.938,-1.502
1776694014,302423125,robot_2,2.451,1.892
1776694014,302444411,robot_4,2.348,2.408
1776694014,302452296,robot_0,-1.210,0.931
1776694014,302459992,robot_1,-1.425,-1.218
1776694014,302466228,robot_3,1.942,-1.545
1776694014,521811342,robot_2,2.447,1.871
1776694014,521834009,robot_4,2.350,2.411
1776694014,521842806,robot_0,-1.195,0.861
1776694014,521850375,robot_1,-1.406,-1.158
1776694014,521857307,robot_3,1.946,-1.589
1776694014,721901653,robot_2,2.430,1.838
1776694014,721923061,robot_4,2.353,2.413
1776694014,721931538,robot_0,-1.186,0.822
1776694014,721938634,robot_1,-1.389,-1.111
1776694014,721944870,robot_3,1.949,-1.628
1776694014,942135534,robot_2,2.387,1.788
1776694014,942157257,robot_4,2.361,2.409
1776694014,942165097,robot_0,-1.176,0.780
1776694014,942172096,robot_1,-1.374,-1.068
1776694014,942178726,robot_3,1.952,-1.672
1776694015,143323576,robot_2,2.330,1.741
1776694015,143347677,robot_4,2.368,2.405
1776694015,143356729,robot_0,-1.167,0.742
1776694015,143363632,robot_1,-1.355,-1.015
1776694015,143370049,robot_3,1.955,-1.713
1776694015,361935297,robot_2,2.301,1.723
1776694015,361956164,robot_4,2.369,2.402
1776694015,361965610,robot_0,-1.158,0.701
1776694015,361973801,robot_1,-1.338,-0.967
1776694015,361980648,robot_3,1.958,-1.760
1776694015,581165318,robot_2,2.301,1.724
1776694015,581184666,robot_4,2.369,2.401
1776694015,581191829,robot_0,-1.151,0.672
1776694015,581198372,robot_1,-1.324,-0.927
1776694015,581204162,robot_3,1.962,-1.804
1776694015,801245547,robot_2,2.301,1.725
1776694015,801269521,robot_4,2.368,2.400
1776694015,801279935,robot_0,-1.142,0.632
1776694015,801288762,robot_1,-1.311,-0.890
1776694015,801296964,robot_3,1.965,-1.850
1776694016,20863952,robot_2,2.301,1.725
1776694016,20890840,robot_4,2.368,2.399
1776694016,20898031,robot_0,-1.131,0.581
1776694016,20904375,robot_1,-1.297,-0.848
1776694016,20910886,robot_3,1.969,-1.895
1776694016,221347830,robot_2,2.301,1.725
1776694016,221368840,robot_4,2.368,2.399
1776694016,221378675,robot_0,-1.117,0.524
1776694016,221388312,robot_1,-1.287,-0.818
1776694016,221395968,robot_3,1.972,-1.935
1776694016,421366247,robot_2,2.301,1.725
1776694016,421386989,robot_4,2.368,2.399
1776694016,421394912,robot_0,-1.108,0.484
1776694016,421401425,robot_1,-1.279,-0.796
1776694016,421407542,robot_3,1.974,-1.970
1776694016,622244410,robot_2,2.302,1.725
1776694016,622265070,robot_4,2.368,2.399
1776694016,622273016,robot_0,-1.101,0.451
1776694016,622279712,robot_1,-1.267,-0.759
1776694016,622285332,robot_3,1.978,-2.007
1776694016,842095947,robot_2,2.303,1.726
1776694016,842123660,robot_4,2.367,2.398
1776694016,842133236,robot_0,-1.094,0.422
1776694016,842144973,robot_1,-1.251,-0.712
1776694016,842154513,robot_3,1.983,-2.050
1776694017,42180223,robot_2,2.303,1.726
1776694017,42198574,robot_4,2.367,2.398
1776694017,42205945,robot_0,-1.084,0.384
1776694017,42212010,robot_1,-1.237,-0.667
1776694017,42217489,robot_3,1.986,-2.076
1776694017,261091411,robot_2,2.304,1.725
1776694017,261110771,robot_4,2.367,2.397
1776694017,261118165,robot_0,-1.071,0.335
1776694017,261125091,robot_1,-1.225,-0.625
1776694017,261130737,robot_3,1.988,-2.110
1776694017,462684014,robot_2,2.304,1.725
1776694017,462706156,robot_4,2.367,2.397
1776694017,462715470,robot_0,-1.058,0.288
1776694017,462724588,robot_1,-1.212,-0.582
1776694017,462732477,robot_3,1.990,-2.150
1776694017,680877149,robot_2,2.304,1.724
1776694017,680902416,robot_4,2.366,2.397
1776694017,680909598,robot_0,-1.047,0.245
1776694017,680915061,robot_1,-1.198,-0.535
1776694017,680920602,robot_3,1.993,-2.216
1776694017,882209965,robot_2,2.305,1.724
1776694017,882231706,robot_4,2.366,2.396
1776694017,882239582,robot_0,-1.039,0.213
1776694017,882246070,robot_1,-1.187,-0.497
1776694017,882252111,robot_3,1.995,-2.264
1776694018,82462310,robot_2,2.305,1.723
1776694018,82485113,robot_4,2.365,2.396
1776694018,82494981,robot_0,-1.030,0.180
1776694018,82504570,robot_1,-1.170,-0.441
1776694018,82513090,robot_3,1.997,-2.306
1776694018,282727564,robot_2,2.305,1.723
1776694018,282754938,robot_4,2.365,2.396
1776694018,282764911,robot_0,-1.009,0.157
1776694018,282773496,robot_1,-1.154,-0.396
1776694018,282782722,robot_3,2.000,-2.366
1776694018,502714079,robot_2,2.305,1.723
1776694018,502744574,robot_4,2.365,2.396
1776694018,502759192,robot_0,-0.955,0.127
1776694018,502771124,robot_1,-1.145,-0.371
1776694018,502782563,robot_3,2.002,-2.418
1776694018,702715605,robot_2,2.305,1.723
1776694018,702745243,robot_4,2.364,2.401
1776694018,702759246,robot_0,-0.934,0.103
1776694018,702771095,robot_1,-1.147,-0.355
1776694018,702782194,robot_3,2.004,-2.462
1776694018,920999689,robot_2,2.305,1.723
1776694018,921019170,robot_4,2.353,2.456
1776694018,921026007,robot_0,-0.932,0.082
1776694018,921031971,robot_1,-1.160,-0.362
1776694018,921037869,robot_3,2.007,-2.527
1776694019,121541283,robot_2,2.305,1.722
1776694019,121562012,robot_4,2.346,2.498
1776694019,121567671,robot_0,-0.930,0.076
1776694019,121573852,robot_1,-1.168,-0.369
1776694019,121579138,robot_3,2.008,-2.552
1776694019,321933277,robot_2,2.304,1.722
1776694019,321957643,robot_4,2.337,2.543
1776694019,321967845,robot_0,-0.927,0.078
1776694019,321977422,robot_1,-1.169,-0.370
1776694019,321986022,robot_3,2.009,-2.552
1776694019,523338576,robot_2,2.304,1.721
1776694019,523356835,robot_4,2.326,2.600
1776694019,523362883,robot_0,-0.921,0.078
1776694019,523368954,robot_1,-1.177,-0.377
1776694019,523375537,robot_3,2.009,-2.552
1776694019,741340528,robot_2,2.304,1.721
1776694019,741358366,robot_4,2.317,2.647
1776694019,741365561,robot_0,-0.908,0.085
1776694019,741371719,robot_1,-1.189,-0.385
1776694019,741377502,robot_3,2.010,-2.552
1776694019,942723615,robot_2,2.303,1.720
1776694019,942753407,robot_4,2.311,2.680
1776694019,942767008,robot_0,-0.895,0.093
1776694019,942778967,robot_1,-1.202,-0.392
1776694019,942789642,robot_3,2.010,-2.553
1776694020,162524035,robot_2,2.303,1.720
1776694020,162544636,robot_4,2.306,2.709
1776694020,162550878,robot_0,-0.879,0.100
1776694020,162558550,robot_1,-1.217,-0.399
1776694020,162564069,robot_3,2.010,-2.553
1776694020,363586559,robot_2,2.302,1.720
1776694020,363613430,robot_4,2.302,2.748
1776694020,363620577,robot_0,-0.863,0.104
1776694020,363628374,robot_1,-1.236,-0.405
1776694020,363642635,robot_3,2.011,-2.554
1776694020,583826115,robot_2,2.302,1.720
1776694020,583851484,robot_4,2.297,2.801
1776694020,583862054,robot_0,-0.845,0.106
1776694020,583871573,robot_1,-1.259,-0.410
1776694020,583880281,robot_3,2.011,-2.554
1776694020,801016833,robot_2,2.302,1.753
1776694020,801037219,robot_4,2.292,2.856
1776694020,801044571,robot_0,-0.841,0.106
1776694020,801050718,robot_1,-1.267,-0.410
1776694020,801056972,robot_3,2.011,-2.555
1776694021,1597136,robot_2,2.303,1.821
1776694021,1621430,robot_4,2.289,2.896
1776694021,1638167,robot_0,-0.841,0.106
1776694021,1647763,robot_1,-1.267,-0.410
1776694021,1655839,robot_3,2.011,-2.555
1776694021,220655578,robot_2,2.305,1.865
1776694021,220672701,robot_4,2.285,2.936
1776694021,220679868,robot_0,-0.841,0.106
1776694021,220685903,robot_1,-1.267,-0.410
1776694021,220691214,robot_3,2.011,-2.555
1776694021,422023952,robot_2,2.307,1.924
1776694021,422056278,robot_4,2.279,2.974
1776694021,422068818,robot_0,-0.854,0.107
1776694021,422079684,robot_1,-1.229,-0.408
1776694021,422090893,robot_3,1.974,-2.555
1776694021,642937282,robot_2,2.309,1.983
1776694021,642957509,robot_4,2.272,3.017
1776694021,642964046,robot_0,-0.931,0.111
1776694021,642969908,robot_1,-1.183,-0.404
1776694021,642974944,robot_3,1.904,-2.555
1776694021,862400081,robot_2,2.310,2.028
1776694021,862431477,robot_4,2.259,3.092
1776694021,862444915,robot_0,-0.978,0.113
1776694021,862457830,robot_1,-1.137,-0.400
1776694021,862469513,robot_3,1.859,-2.554
1776694022,82460921,robot_2,2.313,2.105
1776694022,82494753,robot_4,2.249,3.153
1776694022,82508127,robot_0,-1.017,0.115
1776694022,82520694,robot_1,-1.078,-0.395
1776694022,82531724,robot_3,1.781,-2.554
1776694022,301415793,robot_2,2.315,2.163
1776694022,301435170,robot_4,2.241,3.199
1776694022,301441873,robot_0,-1.056,0.115
1776694022,301448425,robot_1,-1.032,-0.390
1776694022,301454060,robot_3,1.719,-2.553
1776694022,501975786,robot_2,2.316,2.207
1776694022,501997484,robot_4,2.232,3.248
1776694022,502004232,robot_0,-1.096,0.114
1776694022,502010809,robot_1,-0.982,-0.386
1776694022,502017049,robot_3,1.675,-2.553
1776694022,722271538,robot_2,2.319,2.269
1776694022,722298512,robot_4,2.224,3.294
1776694022,722310541,robot_0,-1.129,0.114
1776694022,722320877,robot_1,-0.901,-0.378
1776694022,722330137,robot_3,1.603,-2.553
1776694022,941724457,robot_2,2.322,2.315
1776694022,941744580,robot_4,2.218,3.331
1776694022,941752403,robot_0,-1.167,0.113
1776694022,941759756,robot_1,-0.853,-0.374
1776694022,941766090,robot_3,1.553,-2.552
1776694023,141865397,robot_2,2.324,2.352
1776694023,141886887,robot_4,2.213,3.359
1776694023,141894186,robot_0,-1.207,0.112
1776694023,141901005,robot_1,-0.796,-0.369
1776694023,141907704,robot_3,1.503,-2.552
1776694023,341977030,robot_2,2.326,2.386
1776694023,342003984,robot_4,2.206,3.397
1776694023,342016046,robot_0,-1.250,0.111
1776694023,342027277,robot_1,-0.723,-0.362
1776694023,342036675,robot_3,1.429,-2.552
1776694023,542178754,robot_2,2.327,2.426
1776694023,542207122,robot_4,2.200,3.437
1776694023,542219643,robot_0,-1.291,0.110
1776694023,542229619,robot_1,-0.681,-0.358
1776694023,542235596,robot_3,1.382,-2.552
1776694023,762437386,robot_2,2.328,2.464
1776694023,762457327,robot_4,2.192,3.481
1776694023,762465293,robot_0,-1.333,0.110
1776694023,762472805,robot_1,-0.628,-0.354
1776694023,762479495,robot_3,1.329,-2.553
1776694023,981510645,robot_2,2.330,2.497
1776694023,981536715,robot_4,2.185,3.524
1776694023,981547141,robot_0,-1.356,0.109
1776694023,981556017,robot_1,-0.575,-0.349
1776694023,981565045,robot_3,1.268,-2.553
1776694024,182223363,robot_2,2.333,2.537
1776694024,182246728,robot_4,2.176,3.573
1776694024,182255422,robot_0,-1.391,0.107
1776694024,182263101,robot_1,-0.535,-0.346
1776694024,182269788,robot_3,1.228,-2.553
1776694024,402156826,robot_2,2.339,2.602
1776694024,402177519,robot_4,2.166,3.630
1776694024,402185600,robot_0,-1.439,0.105
1776694024,402191966,robot_1,-0.477,-0.340
1776694024,402197461,robot_3,1.197,-2.553
1776694024,603250587,robot_2,2.345,2.670
1776694024,603273027,robot_4,2.160,3.669
1776694024,603282029,robot_0,-1.490,0.102
1776694024,603289822,robot_1,-0.427,-0.336
1776694024,603296950,robot_3,1.173,-2.554
1776694024,821860111,robot_2,2.348,2.714
1776694024,821878812,robot_4,2.148,3.738
1776694024,821885389,robot_0,-1.535,0.100
1776694024,821891836,robot_1,-0.383,-0.332
1776694024,821897775,robot_3,1.129,-2.554
1776694025,42025919,robot_2,2.351,2.750
1776694025,42051373,robot_4,2.135,3.809
1776694025,42061683,robot_0,-1.572,0.098
1776694025,42070413,robot_1,-0.308,-0.326
1776694025,42079451,robot_3,1.092,-2.554
1776694025,262557679,robot_2,2.354,2.789
1776694025,262585022,robot_4,2.128,3.853
1776694025,262592114,robot_0,-1.603,0.095
1776694025,262598271,robot_1,-0.249,-0.322
1776694025,262603984,robot_3,1.053,-2.554
1776694025,462784459,robot_2,2.358,2.830
1776694025,462802568,robot_4,2.117,3.915
1776694025,462809256,robot_0,-1.642,0.092
1776694025,462815862,robot_1,-0.212,-0.320
1776694025,462821851,robot_3,1.012,-2.555
1776694025,682016882,robot_2,2.363,2.889
1776694025,682039587,robot_4,2.108,3.970
1776694025,682047372,robot_0,-1.673,0.089
1776694025,682054097,robot_1,-0.184,-0.318
1776694025,682060310,robot_3,0.965,-2.555
1776694025,900800854,robot_2,2.367,2.937
1776694025,900819178,robot_4,2.102,4.013
1776694025,900826144,robot_0,-1.702,0.086
1776694025,900832078,robot_1,-0.144,-0.316
1776694025,900837469,robot_3,0.920,-2.555
1776694026,102856548,robot_2,2.370,2.975
1776694026,102878024,robot_4,2.096,4.051
1776694026,102885068,robot_0,-1.742,0.083
1776694026,102891911,robot_1,-0.106,-0.314
1776694026,102897425,robot_3,0.881,-2.555
1776694026,320799108,robot_2,2.373,3.008
1776694026,320815952,robot_4,2.089,4.094
1776694026,320822303,robot_0,-1.816,0.078
1776694026,320827669,robot_1,-0.067,-0.313
1776694026,320833017,robot_3,0.841,-2.556
1776694026,542230575,robot_2,2.376,3.051
1776694026,542248857,robot_4,2.083,4.133
1776694026,542256062,robot_0,-1.883,0.073
1776694026,542262865,robot_1,-0.023,-0.313
1776694026,542269137,robot_3,0.798,-2.556
1776694026,762071147,robot_2,2.379,3.086
1776694026,762102257,robot_4,2.077,4.167
1776694026,762116843,robot_0,-1.925,0.070
1776694026,762129050,robot_1,0.034,-0.315
1776694026,762140373,robot_3,0.756,-2.556
1776694026,980710973,robot_2,2.382,3.114
1776694026,980729760,robot_4,2.071,4.211
1776694026,980735929,robot_0,-1.961,0.068
1776694026,980741565,robot_1,0.093,-0.316
1776694026,980747076,robot_3,0.716,-2.556
1776694027,181648625,robot_2,2.385,3.154
1776694027,181672731,robot_4,2.062,4.267
1776694027,181681321,robot_0,-1.999,0.065
1776694027,181688373,robot_1,0.133,-0.317
1776694027,181695679,robot_3,0.676,-2.557
1776694027,382385944,robot_2,2.389,3.207
1776694027,382416423,robot_4,2.052,4.332
1776694027,382429910,robot_0,-2.039,0.062
1776694027,382458743,robot_1,0.198,-0.318
1776694027,382471731,robot_3,0.619,-2.557
1776694027,602475280,robot_2,2.394,3.268
1776694027,602497803,robot_4,2.045,4.376
1776694027,602505932,robot_0,-2.083,0.059
1776694027,602512578,robot_1,0.270,-0.320
1776694027,602518642,robot_3,0.540,-2.557
1776694027,821596000,robot_2,2.398,3.312
1776694027,821618717,robot_4,2.036,4.444
1776694027,821629015,robot_0,-2.127,0.056
1776694027,821644644,robot_1,0.314,-0.321
1776694027,821653931,robot_3,0.495,-2.558
1776694028,41666368,robot_2,2.404,3.385
1776694028,41684245,robot_4,2.027,4.513
1776694028,41690278,robot_0,-2.165,0.053
1776694028,41695910,robot_1,0.393,-0.323
1776694028,41701117,robot_3,0.425,-2.558
1776694028,242086454,robot_2,2.410,3.449
1776694028,242113932,robot_4,2.022,4.553
1776694028,242123019,robot_0,-2.195,0.051
1776694028,242130474,robot_1,0.452,-0.325
1776694028,242137400,robot_3,0.364,-2.558
1776694028,461944102,robot_2,2.413,3.492
1776694028,461964290,robot_4,2.015,4.619
1776694028,461973161,robot_0,-2.239,0.048
1776694028,461980848,robot_1,0.499,-0.326
1776694028,461988450,robot_3,0.319,-2.559
1776694028,662033311,robot_2,2.415,3.514
1776694028,662058459,robot_4,2.010,4.669
1776694028,662071031,robot_0,-2.288,0.045
1776694028,662076991,robot_1,0.557,-0.327
1776694028,662082129,robot_3,0.249,-2.559
1776694028,862280386,robot_2,2.418,3.546
1776694028,862310629,robot_4,2.005,4.708
1776694028,862325044,robot_0,-2.339,0.041
1776694028,862337654,robot_1,0.603,-0.328
1776694028,862349224,robot_3,0.191,-2.560
1776694029,82285493,robot_2,2.422,3.591
1776694029,82313046,robot_4,2.005,4.712
1776694029,82323521,robot_0,-2.383,0.038
1776694029,82333258,robot_1,0.650,-0.330
1776694029,82342448,robot_3,0.189,-2.560
1776694029,282947971,robot_2,2.426,3.638
1776694029,282970783,robot_4,2.004,4.712
1776694029,282979711,robot_0,-2.413,0.036
1776694029,282987617,robot_1,0.698,-0.332
1776694029,282994570,robot_3,0.189,-2.561
1776694029,501665724,robot_2,2.430,3.684
1776694029,501689053,robot_4,2.003,4.699
1776694029,501699572,robot_0,-2.448,0.033
1776694029,501708745,robot_1,0.743,-0.335
1776694029,501717231,robot_3,0.189,-2.561
1776694029,702205603,robot_2,2.434,3.720
1776694029,702224465,robot_4,2.009,4.683
1776694029,702231136,robot_0,-2.488,0.030
1776694029,702236785,robot_1,0.793,-0.339
1776694029,702241924,robot_3,0.189,-2.562
1776694029,921131361,robot_2,2.436,3.746
1776694029,921149767,robot_4,2.022,4.668
1776694029,921156767,robot_0,-2.521,0.028
1776694029,921162418,robot_1,0.876,-0.346
1776694029,921167685,robot_3,0.188,-2.562
1776694030,121573038,robot_2,2.439,3.783
1776694030,121593945,robot_4,2.025,4.663
1776694030,121601173,robot_0,-2.556,0.027
1776694030,121606839,robot_1,0.920,-0.349
1776694030,121612709,robot_3,0.188,-2.563
1776694030,342325249,robot_2,2.443,3.820
1776694030,342341747,robot_4,2.024,4.663
1776694030,342347860,robot_0,-2.601,0.027
1776694030,342353449,robot_1,0.977,-0.354
1776694030,342358868,robot_3,0.187,-2.563
1776694030,561638275,robot_2,2.445,3.846
1776694030,561668878,robot_4,2.023,4.663
1776694030,561675944,robot_0,-2.667,0.027
1776694030,561682259,robot_1,1.042,-0.359
1776694030,561687834,robot_3,0.187,-2.563
1776694030,780984528,robot_2,2.449,3.890
1776694030,781002404,robot_4,2.023,4.663
1776694030,781009040,robot_0,-2.719,0.027
1776694030,781014418,robot_1,1.085,-0.362
1776694030,781019807,robot_3,0.186,-2.563
1776694031,882127,robot_2,2.452,3.930
1776694031,900450,robot_4,2.023,4.663
1776694031,906721,robot_0,-2.769,0.027
1776694031,912555,robot_1,1.135,-0.366
1776694031,918354,robot_3,0.186,-2.563
1776694031,201619426,robot_2,2.456,3.966
1776694031,201647314,robot_4,2.023,4.663
1776694031,201656572,robot_0,-2.825,0.027
1776694031,201664535,robot_1,1.179,-0.367
1776694031,201671266,robot_3,0.186,-2.563
1776694031,401736199,robot_2,2.459,4.006
1776694031,401754741,robot_4,2.023,4.663
1776694031,401761088,robot_0,-2.867,0.029
1776694031,401767228,robot_1,1.219,-0.367
1776694031,401772969,robot_3,0.186,-2.563
1776694031,621383113,robot_2,2.465,4.063
1776694031,621403592,robot_4,2.022,4.664
1776694031,621410740,robot_0,-2.920,0.031
1776694031,621417189,robot_1,1.290,-0.367
1776694031,621422945,robot_3,0.186,-2.563
1776694031,821834020,robot_2,2.471,4.114
1776694031,821858285,robot_4,2.023,4.664
1776694031,821869136,robot_0,-2.983,0.034
1776694031,821879382,robot_1,1.347,-0.367
1776694031,821888563,robot_3,0.185,-2.563
1776694032,24060029,robot_2,2.477,4.153
1776694032,24081997,robot_4,2.023,4.665
1776694032,24091288,robot_0,-3.024,0.036
1776694032,24113488,robot_1,1.387,-0.367
1776694032,24121641,robot_3,0.185,-2.563
1776694032,241914337,robot_2,2.486,4.217
1776694032,241943458,robot_4,2.023,4.665
1776694032,241955716,robot_0,-3.070,0.038
1776694032,241965527,robot_1,1.453,-0.367
1776694032,241974740,robot_3,0.184,-2.562
1776694032,461807509,robot_2,2.495,4.274
1776694032,461830006,robot_4,2.022,4.664
1776694032,461839950,robot_0,-3.116,0.040
1776694032,461848536,robot_1,1.505,-0.366
1776694032,461856863,robot_3,0.184,-2.562
1776694032,663155677,robot_2,2.507,4.307
1776694032,663176184,robot_4,2.015,4.665
1776694032,663183803,robot_0,-3.156,0.041
1776694032,663189945,robot_1,1.549,-0.365
1776694032,663195964,robot_3,0.184,-2.561
1776694032,882192185,robot_2,2.531,4.338
1776694032,882217490,robot_4,1.999,4.665
1776694032,882228208,robot_0,-3.193,0.043
1776694032,882237282,robot_1,1.616,-0.363
1776694032,882245689,robot_3,0.184,-2.561
1776694033,102802685,robot_2,2.539,4.379
1776694033,102829938,robot_4,1.999,4.667
1776694033,102840591,robot_0,-3.232,0.045
1776694033,102850072,robot_1,1.665,-0.362
1776694033,102858157,robot_3,0.184,-2.560
1776694033,322008930,robot_2,2.545,4.417
1776694033,322028876,robot_4,1.999,4.668
1776694033,322037512,robot_0,-3.276,0.046
1776694033,322045143,robot_1,1.721,-0.361
1776694033,322051870,robot_3,0.184,-2.560
1776694033,541585475,robot_2,2.549,4.444
1776694033,541603014,robot_4,1.999,4.668
1776694033,541609971,robot_0,-3.349,0.050
1776694033,541615913,robot_1,1.795,-0.359
1776694033,541620924,robot_3,0.222,-2.562
1776694033,761852143,robot_2,2.554,4.486
1776694033,761869880,robot_4,1.999,4.668
1776694033,761876243,robot_0,-3.411,0.054
1776694033,761881685,robot_1,1.839,-0.358
1776694033,761887064,robot_3,0.276,-2.564
1776694033,963474470,robot_2,2.557,4.510
1776694033,963495326,robot_4,1.999,4.668
1776694033,963503566,robot_0,-3.449,0.057
1776694033,963510400,robot_1,1.875,-0.358
1776694033,963517098,robot_3,0.316,-2.566
1776694034,182121427,robot_2,2.558,4.512
1776694034,182141878,robot_4,2.000,4.668
1776694034,182148420,robot_0,-3.450,0.058
1776694034,182153861,robot_1,1.915,-0.357
1776694034,182159255,robot_3,0.356,-2.568
1776694034,401412782,robot_2,2.558,4.516
1776694034,401437486,robot_4,2.000,4.668
1776694034,401448139,robot_0,-3.450,0.058
1776694034,401457636,robot_1,1.959,-0.356
1776694034,401467169,robot_3,0.399,-2.570
1776694034,602577779,robot_2,2.559,4.518
1776694034,602597325,robot_4,2.001,4.668
1776694034,602603465,robot_0,-3.450,0.058
1776694034,602609349,robot_1,1.991,-0.355
1776694034,602615595,robot_3,0.442,-2.573
1776694034,821482932,robot_2,2.561,4.521
1776694034,821505965,robot_4,2.003,4.663
1776694034,821516366,robot_0,-3.451,0.059
1776694034,821524977,robot_1,2.031,-0.354
1776694034,821533013,robot_3,0.501,-2.576
1776694035,25065460,robot_2,2.567,4.499
1776694035,25083433,robot_4,1.998,4.668
1776694035,25090471,robot_0,-3.451,0.059
1776694035,25096854,robot_1,2.071,-0.353
1776694035,25102971,robot_3,0.544,-2.578
1776694035,242235538,robot_2,2.592,4.452
1776694035,242255165,robot_4,1.987,4.685
1776694035,242263585,robot_0,-3.451,0.059
1776694035,242270107,robot_1,2.139,-0.351
1776694035,242276101,robot_3,0.593,-2.580
1776694035,442397871,robot_2,2.604,4.422
1776694035,442418354,robot_4,1.982,4.702
1776694035,442426190,robot_0,-3.452,0.060
1776694035,442433652,robot_1,2.190,-0.350
1776694035,442440079,robot_3,0.647,-2.583
1776694035,642506046,robot_2,2.606,4.421
1776694035,642537510,robot_4,1.984,4.702
1776694035,642546338,robot_0,-3.452,0.060
1776694035,642554140,robot_1,2.231,-0.349
1776694035,642561676,robot_3,0.688,-2.585
1776694035,842955982,robot_2,2.607,4.422
1776694035,842990464,robot_4,1.971,4.701
1776694035,843005876,robot_0,-3.452,0.060
1776694035,843019912,robot_1,2.282,-0.348
1776694035,843031563,robot_3,0.737,-2.587
1776694036,42980830,robot_2,2.607,4.422
1776694036,43002102,robot_4,1.913,4.695
1776694036,43011528,robot_0,-3.453,0.060
1776694036,43020226,robot_1,2.326,-0.347
1776694036,43027869,robot_3,0.801,-2.590
1776694036,262568949,robot_2,2.607,4.422
1776694036,262599638,robot_4,1.868,4.692
1776694036,262611961,robot_0,-3.453,0.060
1776694036,262622968,robot_1,2.373,-0.345
1776694036,262638417,robot_3,0.848,-2.593
1776694036,481976294,robot_2,2.607,4.422
1776694036,482000706,robot_4,1.845,4.691
1776694036,482010921,robot_0,-3.453,0.060
1776694036,482019469,robot_1,2.427,-0.344
1776694036,482026715,robot_3,0.908,-2.596
1776694036,682466875,robot_2,2.607,4.421
1776694036,682492178,robot_4,1.843,4.690
1776694036,682501898,robot_0,-3.453,0.060
1776694036,682509826,robot_1,2.469,-0.342
1776694036,682517479,robot_3,0.977,-2.598
1776694036,902346611,robot_2,2.607,4.421
1776694036,902373387,robot_4,1.839,4.690
1776694036,902383116,robot_0,-3.453,0.060
1776694036,902392063,robot_1,2.522,-0.340
1776694036,902399871,robot_3,1.023,-2.598
1776694037,102639262,robot_2,2.607,4.421
1776694037,102677742,robot_4,1.853,4.672
1776694037,102688573,robot_0,-3.454,0.060
1776694037,102698018,robot_1,2.590,-0.338
1776694037,102708654,robot_3,1.050,-2.598
1776694037,322677546,robot_2,2.607,4.420
1776694037,322706155,robot_4,1.860,4.664
1776694037,322717487,robot_0,-3.454,0.059
1776694037,322727668,robot_1,2.638,-0.337
1776694037,322737227,robot_3,1.079,-2.598
1776694037,523852653,robot_2,2.608,4.420
1776694037,523883606,robot_4,1.860,4.663
1776694037,523896530,robot_0,-3.454,0.059
1776694037,523907755,robot_1,2.673,-0.336
1776694037,523917148,robot_3,1.119,-2.598
1776694037,724583728,robot_2,2.608,4.420
1776694037,724627270,robot_4,1.860,4.663
1776694037,724658967,robot_0,-3.455,0.059
1776694037,724678922,robot_1,2.703,-0.335
1776694037,724697077,robot_3,1.175,-2.598
1776694037,944147195,robot_2,2.608,4.420
1776694037,944194150,robot_4,1.860,4.664
1776694037,944216308,robot_0,-3.455,0.058
1776694037,944235828,robot_1,2.747,-0.333
1776694037,944253808,robot_3,1.233,-2.597
1776694038,145095901,robot_2,2.609,4.419
1776694038,145146106,robot_4,1.859,4.664
1776694038,145168892,robot_0,-3.455,0.058
1776694038,145188660,robot_1,2.787,-0.332
1776694038,145206660,robot_3,1.273,-2.597
1776694038,363225283,robot_2,2.609,4.419
1776694038,363257070,robot_4,1.859,4.664
1776694038,363269733,robot_0,-3.455,0.057
1776694038,363280438,robot_1,2.832,-0.331
1776694038,363290230,robot_3,1.301,-2.597
1776694038,582890692,robot_2,2.609,4.419
1776694038,582921127,robot_4,1.859,4.664
1776694038,582934803,robot_0,-3.455,0.057
1776694038,582945501,robot_1,2.875,-0.329
1776694038,582956391,robot_3,1.337,-2.597
1776694038,802605925,robot_2,2.609,4.419
1776694038,802639366,robot_4,1.859,4.664
1776694038,802651122,robot_0,-3.446,0.057
1776694038,802662914,robot_1,2.935,-0.327
1776694038,802672192,robot_3,1.385,-2.595
1776694039,2685913,robot_2,2.609,4.419
1776694039,2716973,robot_4,1.858,4.664
1776694039,2731568,robot_0,-3.381,0.058
1776694039,2744442,robot_1,2.986,-0.325
1776694039,2755225,robot_3,1.451,-2.594
1776694039,203244955,robot_2,2.608,4.420
1776694039,203285250,robot_4,1.858,4.664
1776694039,203306023,robot_0,-3.335,0.058
1776694039,203324513,robot_1,3.026,-0.324
1776694039,203363781,robot_3,1.500,-2.594
1776694039,421927018,robot_2,2.608,4.420
1776694039,421957014,robot_4,1.858,4.663
1776694039,421969965,robot_0,-3.283,0.059
1776694039,421980164,robot_1,3.057,-0.323
1776694039,421990467,robot_3,1.550,-2.594
1776694039,622780009,robot_2,2.608,4.420
1776694039,622809176,robot_4,1.857,4.663
1776694039,622820155,robot_0,-3.223,0.059
1776694039,622829484,robot_1,3.091,-0.323
1776694039,622838573,robot_3,1.611,-2.594
1776694039,842090750,robot_2,2.607,4.421
1776694039,842113945,robot_4,1.857,4.663
1776694039,842124690,robot_0,-3.177,0.060
1776694039,842134119,robot_1,3.136,-0.326
1776694039,842142647,robot_3,1.660,-2.595
1776694040,42669304,robot_2,2.607,4.421
1776694040,42689671,robot_4,1.857,4.662
1776694040,42697999,robot_0,-3.124,0.060
1776694040,42705739,robot_1,3.191,-0.328
1776694040,42712587,robot_3,1.708,-2.595
1776694040,243023065,robot_2,2.607,4.421
1776694040,243066615,robot_4,1.857,4.662
1776694040,243083996,robot_0,-3.057,0.061
1776694040,243099789,robot_1,3.237,-0.330
1776694040,243113781,robot_3,1.767,-2.593
1776694040,461974593,robot_2,2.607,4.422
1776694040,461999898,robot_4,1.857,4.662
1776694040,462009843,robot_0,-3.012,0.061
1776694040,462018404,robot_1,3.277,-0.331
1776694040,462026101,robot_3,1.814,-2.591
1776694040,663528866,robot_2,2.607,4.422
1776694040,663555159,robot_4,1.857,4.661
1776694040,663564439,robot_0,-2.952,0.062
1776694040,663572299,robot_1,3.300,-0.332
1776694040,663580240,robot_3,1.856,-2.587
1776694040,863962984,robot_2,2.607,4.423
1776694040,863994889,robot_4,1.857,4.661
1776694040,864007406,robot_0,-2.879,0.062
1776694040,864018782,robot_1,3.334,-0.333
1776694040,864028774,robot_3,1.901,-2.584
1776694041,82108969,robot_2,2.607,4.423
1776694041,82133683,robot_4,1.857,4.661
1776694041,82144326,robot_0,-2.834,0.062
1776694041,82153209,robot_1,3.373,-0.333
1776694041,82161525,robot_3,1.945,-2.581
1776694041,302234044,robot_2,2.607,4.423
1776694041,302266762,robot_4,1.857,4.661
1776694041,302281411,robot_0,-2.801,0.063
1776694041,302293585,robot_1,3.396,-0.334
1776694041,302305158,robot_3,2.003,-2.576
1776694041,502536246,robot_2,2.607,4.423
1776694041,502560752,robot_4,1.857,4.661
1776694041,502571377,robot_0,-2.770,0.063
1776694041,502581345,robot_1,3.433,-0.334
1776694041,502589702,robot_3,2.061,-2.570
1776694041,703004985,robot_2,2.608,4.423
1776694041,703034445,robot_4,1.857,4.661
1776694041,703046991,robot_0,-2.730,0.063
1776694041,703058351,robot_1,3.468,-0.335
1776694041,703068643,robot_3,2.100,-2.564
1776694041,922362633,robot_2,2.608,4.424
1776694041,922383768,robot_4,1.857,4.662
1776694041,922392487,robot_0,-2.697,0.063
1776694041,922399282,robot_1,3.496,-0.335
1776694041,922406594,robot_3,2.131,-2.559
1776694042,142269830,robot_2,2.608,4.424
1776694042,142296092,robot_4,1.857,4.662
1776694042,142306215,robot_0,-2.660,0.063
1776694042,142314562,robot_1,3.540,-0.336
1776694042,142322128,robot_3,2.164,-2.553
1776694042,362024915,robot_2,2.609,4.424
1776694042,362048185,robot_4,1.858,4.663
1776694042,362058502,robot_0,-2.613,0.064
1776694042,362066509,robot_1,3.588,-0.337
1776694042,362074802,robot_3,2.208,-2.546
1776694042,562564878,robot_2,2.609,4.424
1776694042,562588142,robot_4,1.858,4.663
1776694042,562597361,robot_0,-2.545,0.065
1776694042,562604290,robot_1,3.633,-0.337
1776694042,562611274,robot_3,2.252,-2.539
1776694042,781756815,robot_2,2.610,4.424
1776694042,781778859,robot_4,1.858,4.663
1776694042,781786946,robot_0,-2.489,0.066
1776694042,781793762,robot_1,3.677,-0.338
1776694042,781800729,robot_3,2.298,-2.531
1776694042,983144258,robot_2,2.610,4.424
1776694042,983175379,robot_4,1.859,4.663
1776694042,983189147,robot_0,-2.448,0.068
1776694042,983201411,robot_1,3.733,-0.339
1776694042,983213456,robot_3,2.339,-2.525
1776694043,201571827,robot_2,2.610,4.424
1776694043,201601353,robot_4,1.859,4.664
1776694043,201615176,robot_0,-2.397,0.069
1776694043,201626865,robot_1,3.792,-0.340
1776694043,201669972,robot_3,2.396,-2.514
1776694043,401944371,robot_2,2.610,4.424
1776694043,401968722,robot_4,1.859,4.664
1776694043,401977941,robot_0,-2.357,0.071
1776694043,401985851,robot_1,3.832,-0.340
1776694043,401993923,robot_3,2.439,-2.505
1776694043,621775376,robot_2,2.610,4.424
1776694043,621796626,robot_4,1.859,4.664
1776694043,621804342,robot_0,-2.302,0.072
1776694043,621812328,robot_1,3.861,-0.341
1776694043,621819026,robot_3,2.484,-2.495
1776694043,841668276,robot_2,2.610,4.424
1776694043,841701052,robot_4,1.859,4.664
1776694043,841715497,robot_0,-2.228,0.076
1776694043,841728633,robot_1,3.897,-0.341
1776694043,841740574,robot_3,2.534,-2.485
1776694044,61595297,robot_2,2.610,4.424
1776694044,61615540,robot_4,1.860,4.663
1776694044,61623385,robot_0,-2.183,0.079
1776694044,61629815,robot_1,3.945,-0.342
1776694044,61646605,robot_3,2.578,-2.477
1776694044,261686349,robot_2,2.609,4.424
1776694044,261708451,robot_4,1.860,4.663
1776694044,261716426,robot_0,-2.134,0.082
1776694044,261722944,robot_1,4.009,-0.344
1776694044,261739834,robot_3,2.626,-2.468
1776694044,482290742,robot_2,2.609,4.424
1776694044,482322878,robot_4,1.861,4.663
1776694044,482336460,robot_0,-2.079,0.086
1776694044,482349583,robot_1,4.062,-0.348
1776694044,482361277,robot_3,2.689,-2.457
1776694044,703410967,robot_2,2.609,4.424
1776694044,703437089,robot_4,1.861,4.663
1776694044,703447202,robot_0,-2.035,0.090
1776694044,703455277,robot_1,4.116,-0.353
1776694044,703463082,robot_3,2.732,-2.450
1776694044,921297799,robot_2,2.608,4.423
1776694044,921318106,robot_4,1.862,4.662
1776694044,921326366,robot_0,-1.995,0.093
1776694044,921334314,robot_1,4.197,-0.361
1776694044,921341093,robot_3,2.763,-2.444
1776694045,123285586,robot_2,2.608,4.423
1776694045,123306979,robot_4,1.862,4.662
1776694045,123315224,robot_0,-1.957,0.096
1776694045,123322032,robot_1,4.241,-0.366
1776694045,123328124,robot_3,2.791,-2.438
1776694045,341919154,robot_2,2.608,4.422
1776694045,341938588,robot_4,1.862,4.662
1776694045,341946625,robot_0,-1.914,0.100
1776694045,341954141,robot_1,4.296,-0.371
1776694045,341960607,robot_3,2.834,-2.427
1776694045,561604141,robot_2,2.608,4.422
1776694045,561625796,robot_4,1.862,4.661
1776694045,561639038,robot_0,-1.871,0.103
1776694045,561645323,robot_1,4.359,-0.378
1776694045,561651638,robot_3,2.870,-2.418
1776694045,762135577,robot_2,2.608,4.422
1776694045,762157049,robot_4,1.861,4.661
1776694045,762164534,robot_0,-1.832,0.106
1776694045,762170803,robot_1,4.399,-0.382
1776694045,762177119,robot_3,2.906,-2.409
1776694045,962415155,robot_2,2.608,4.422
1776694045,962436179,robot_4,1.818,4.657
1776694045,962444689,robot_0,-1.790,0.110
1776694045,962452311,robot_1,4.442,-0.386
1776694045,962458862,robot_3,2.945,-2.399
1776694046,183688272,robot_2,2.608,4.422
1776694046,183709397,robot_4,1.769,4.654
1776694046,183716546,robot_0,-1.710,0.117
1776694046,183723241,robot_1,4.490,-0.392
1776694046,183729276,robot_3,3.009,-2.382
1776694046,402132598,robot_2,2.608,4.423
1776694046,402152986,robot_4,1.731,4.651
1776694046,402160350,robot_0,-1.655,0.122
1776694046,402167039,robot_1,4.533,-0.397
1776694046,402173610,robot_3,3.046,-2.372
1776694046,602802651,robot_2,2.608,4.423
1776694046,602821971,robot_4,1.730,4.651
1776694046,602828672,robot_0,-1.612,0.126
1776694046,602835083,robot_1,4.543,-0.398
1776694046,602840835,robot_3,3.046,-2.372
1776694046,821337764,robot_2,2.609,4.423
1776694046,821369951,robot_4,1.730,4.651
1776694046,821384258,robot_0,-1.561,0.131
1776694046,821396341,robot_1,4.543,-0.398
1776694046,821407613,robot_3,3.046,-2.372
1776694047,42035556,robot_2,2.609,4.424
1776694047,42054944,robot_4,1.730,4.651
1776694047,42061607,robot_0,-1.517,0.136
1776694047,42068112,robot_1,4.543,-0.397
1776694047,42074317,robot_3,3.046,-2.371
1776694047,261551192,robot_2,2.610,4.424
1776694047,261577279,robot_4,1.730,4.652
1776694047,261588132,robot_0,-1.482,0.139
1776694047,261597631,robot_1,4.543,-0.397
1776694047,261606390,robot_3,3.046,-2.370
1776694047,481075209,robot_2,2.610,4.424
1776694047,481093201,robot_4,1.729,4.652
1776694047,481099986,robot_0,-1.450,0.142
1776694047,481106509,robot_1,4.544,-0.397
1776694047,481111850,robot_3,3.047,-2.370
1776694047,682219290,robot_2,2.611,4.424
1776694047,682245222,robot_4,1.729,4.652
1776694047,682254803,robot_0,-1.410,0.146
1776694047,682262169,robot_1,4.544,-0.396
1776694047,682270469,robot_3,3.047,-2.370
1776694047,902074354,robot_2,2.611,4.424
1776694047,902092613,robot_4,1.729,4.652
1776694047,902099223,robot_0,-1.353,0.152
1776694047,902104655,robot_1,4.544,-0.396
1776694047,902109687,robot_3,3.048,-2.369
1776694048,121238383,robot_2,2.611,4.424
1776694048,121262228,robot_4,1.728,4.652
1776694048,121268735,robot_0,-1.300,0.157
1776694048,121274554,robot_1,4.545,-0.396
1776694048,121279943,robot_3,3.048,-2.369
1776694048,322440513,robot_2,2.611,4.424
1776694048,322461131,robot_4,1.728,4.652
1776694048,322469479,robot_0,-1.260,0.161
1776694048,322476423,robot_1,4.545,-0.396
1776694048,322483005,robot_3,3.049,-2.369
1776694048,542163398,robot_2,2.611,4.424
1776694048,542181792,robot_4,1.727,4.652
1776694048,542188330,robot_0,-1.205,0.167
1776694048,542194050,robot_1,4.546,-0.396
1776694048,542199323,robot_3,3.049,-2.369
1776694048,742395583,robot_2,2.611,4.424
1776694048,742413042,robot_4,1.727,4.652
1776694048,742419719,robot_0,-1.161,0.174
1776694048,742425781,robot_1,4.546,-0.396
1776694048,742431545,robot_3,3.049,-2.369
1776694048,960919430,robot_2,2.610,4.424
1776694048,960939941,robot_4,1.727,4.652
1776694048,960947154,robot_0,-1.120,0.181
1776694048,960953361,robot_1,4.546,-0.396
1776694048,960959395,robot_3,3.049,-2.369
1776694049,161245164,robot_2,2.610,4.424
1776694049,161266915,robot_4,1.727,4.652
1776694049,161273730,robot_0,-1.096,0.185
1776694049,161279758,robot_1,4.546,-0.396
1776694049,161285333,robot_3,3.049,-2.369
1776694049,362339357,robot_2,2.610,4.423
1776694049,362369485,robot_4,1.727,4.652
1776694049,362384054,robot_0,-1.062,0.193
1776694049,362397163,robot_1,4.546,-0.397
1776694049,362409315,robot_3,3.050,-2.369
1776694049,582077463,robot_2,2.609,4.423
1776694049,582101931,robot_4,1.726,4.652
1776694049,582112370,robot_0,-1.014,0.204
1776694049,582121280,robot_1,4.547,-0.397
1776694049,582131003,robot_3,3.050,-2.369
1776694049,800940739,robot_2,2.609,4.423
1776694049,800957900,robot_4,1.726,4.652
1776694049,800964303,robot_0,-0.941,0.221
1776694049,800970711,robot_1,4.547,-0.397
1776694049,800976508,robot_3,3.051,-2.370
1776694050,20523240,robot_2,2.609,4.422
1776694050,20540624,robot_4,1.726,4.651
1776694050,20546938,robot_0,-0.892,0.230
1776694050,20552734,robot_1,4.547,-0.398
1776694050,20557879,robot_3,3.051,-2.370
1776694050,222522619,robot_2,2.609,4.422
1776694050,222570730,robot_4,1.726,4.651
1776694050,222591838,robot_0,-0.858,0.236
1776694050,222611153,robot_1,4.548,-0.398
1776694050,222628599,robot_3,3.051,-2.370
1776694050,441768019,robot_2,2.609,4.422
1776694050,441793238,robot_4,1.726,4.650
1776694050,441804434,robot_0,-0.827,0.243
1776694050,441814918,robot_1,4.548,-0.399
1776694050,441824001,robot_3,3.052,-2.371
