stamp_sec,stamp_nsec,robot,x,y
1776744538,872100776,robot_4,-1.750,1.250
1776744538,872154873,robot_1,-0.250,3.500
1776744538,872181071,robot_2,-3.250,-1.750
1776744538,872205879,robot_0,3.500,-3.250
1776744538,872228965,robot_3,1.250,-0.250
1776744540,63595635,robot_4,-1.750,1.250
1776744540,63625123,robot_1,-0.250,3.500
1776744540,63637951,robot_2,-3.250,-1.750
1776744540,63647394,robot_0,3.500,-3.250
1776744540,63656085,robot_3,1.250,-0.250
1776744540,282462634,robot_4,-1.711,1.250
1776744540,282480443,robot_1,-0.222,3.500
1776744540,282487649,robot_2,-3.208,-1.750
1776744540,282493233,robot_0,3.533,-3.250
1776744540,282498751,robot_3,1.288,-0.250
1776744540,502033837,robot_4,-1.656,1.250
1776744540,502050402,robot_1,-0.178,3.500
1776744540,502057504,robot_2,-3.150,-1.750
1776744540,502062919,robot_0,3.582,-3.250
1776744540,502068180,robot_3,1.341,-0.252
1776744540,703626048,robot_4,-1.613,1.249
1776744540,703649426,robot_1,-0.143,3.500
1776744540,703658244,robot_2,-3.113,-1.750
1776744540,703666580,robot_0,3.625,-3.250
1776744540,703674036,robot_3,1.376,-0.254
1776744540,923182832,robot_4,-1.547,1.248
1776744540,923214552,robot_1,-0.106,3.500
1776744540,923226082,robot_2,-3.080,-1.750
1776744540,923235761,robot_0,3.683,-3.250
1776744540,923244288,robot_3,1.403,-0.255
1776744541,124300900,robot_4,-1.504,1.248
1776744541,124334250,robot_1,-0.066,3.500
1776744541,124349846,robot_2,-3.041,-1.750
1776744541,124363042,robot_0,3.725,-3.250
1776744541,124375254,robot_3,1.442,-0.257
1776744541,344036874,robot_4,-1.451,1.247
1776744541,344069115,robot_1,-0.019,3.500
1776744541,344086420,robot_2,-3.002,-1.750
1776744541,344100735,robot_0,3.782,-3.250
1776744541,344114471,robot_3,1.495,-0.260
1776744541,544795460,robot_4,-1.389,1.247
1776744541,544813887,robot_1,0.024,3.499
1776744541,544828378,robot_2,-2.971,-1.749
1776744541,544839557,robot_0,3.857,-3.250
1776744541,544844906,robot_3,1.554,-0.263
1776744541,763885101,robot_4,-1.343,1.246
1776744541,763916089,robot_1,0.068,3.497
1776744541,763925068,robot_2,-2.927,-1.747
1776744541,763932961,robot_0,3.907,-3.250
1776744541,763940593,robot_3,1.599,-0.266
1776744541,981852005,robot_4,-1.302,1.246
1776744541,981868138,robot_1,0.108,3.496
1776744541,981874926,robot_2,-2.888,-1.746
1776744541,981879849,robot_0,3.970,-3.250
1776744541,981885901,robot_3,1.655,-0.269
1776744542,182987962,robot_4,-1.265,1.245
1776744542,183005289,robot_1,0.146,3.497
1776744542,183012741,robot_2,-2.853,-1.745
1776744542,183018382,robot_0,4.043,-3.250
1776744542,183031037,robot_3,1.710,-0.272
1776744542,383413986,robot_4,-1.225,1.245
1776744542,383436904,robot_1,0.185,3.499
1776744542,383446498,robot_2,-2.813,-1.743
1776744542,383454244,robot_0,4.085,-3.250
1776744542,383462076,robot_3,1.750,-0.274
1776744542,583662411,robot_4,-1.197,1.244
1776744542,583682113,robot_1,0.210,3.500
1776744542,583691221,robot_2,-2.761,-1.741
1776744542,583696744,robot_0,4.131,-3.250
1776744542,583702512,robot_3,1.803,-0.277
1776744542,803828491,robot_4,-1.169,1.243
1776744542,803858086,robot_1,0.246,3.501
1776744542,803867458,robot_2,-2.699,-1.739
1776744542,803875001,robot_0,4.184,-3.250
1776744542,803882000,robot_3,1.864,-0.281
1776744543,24638648,robot_4,-1.125,1.240
1776744543,24669294,robot_1,0.290,3.503
1776744543,24680698,robot_2,-2.655,-1.737
1776744543,24689159,robot_0,4.228,-3.250
1776744543,24697681,robot_3,1.908,-0.283
1776744543,243855724,robot_4,-1.055,1.236
1776744543,243877401,robot_1,0.331,3.504
1776744543,243886042,robot_2,-2.611,-1.736
1776744543,243892843,robot_0,4.293,-3.250
1776744543,243899663,robot_3,1.981,-0.287
1776744543,463198751,robot_4,-0.993,1.233
1776744543,463238627,robot_1,0.374,3.506
1776744543,463249174,robot_2,-2.567,-1.734
1776744543,463258177,robot_0,4.351,-3.250
1776744543,463267042,robot_3,2.043,-0.290
1776744543,682339072,robot_4,-0.951,1.230
1776744543,682356875,robot_1,0.417,3.508
1776744543,682363638,robot_2,-2.520,-1.733
1776744543,682369459,robot_0,4.395,-3.250
1776744543,682374685,robot_3,2.084,-0.293
1776744543,902020255,robot_4,-0.918,1.228
1776744543,902041149,robot_1,0.459,3.509
1776744543,902048378,robot_2,-2.455,-1.730
1776744543,902053982,robot_0,4.439,-3.250
1776744543,902059464,robot_3,2.112,-0.294
1776744544,103634055,robot_4,-0.881,1.224
1776744544,103662505,robot_1,0.499,3.511
1776744544,103673455,robot_2,-2.410,-1.729
1776744544,103683302,robot_0,4.479,-3.250
1776744544,103692127,robot_3,2.148,-0.293
1776744544,323888076,robot_4,-0.833,1.218
1776744544,323915975,robot_1,0.532,3.512
1776744544,323928734,robot_2,-2.358,-1.727
1776744544,323938672,robot_0,4.523,-3.250
1776744544,323949229,robot_3,2.202,-0.291
1776744544,524074460,robot_4,-0.781,1.212
1776744544,524114782,robot_1,0.560,3.512
1776744544,524135918,robot_2,-2.288,-1.724
1776744544,524153930,robot_0,4.564,-3.249
1776744544,524170354,robot_3,2.270,-0.289
1776744544,743524575,robot_4,-0.735,1.207
1776744544,743555112,robot_1,0.604,3.511
1776744544,743565556,robot_2,-2.238,-1.722
1776744544,743572408,robot_0,4.608,-3.246
1776744544,743579625,robot_3,2.318,-0.287
1776744544,963017862,robot_4,-0.681,1.201
1776744544,963039178,robot_1,0.655,3.511
1776744544,963048266,robot_2,-2.187,-1.721
1776744544,963055015,robot_0,4.635,-3.243
1776744544,963062097,robot_3,2.378,-0.285
1776744545,163248299,robot_4,-0.621,1.195
1776744545,163266407,robot_1,0.699,3.512
1776744545,163273129,robot_2,-2.135,-1.719
1776744545,163281449,robot_0,4.635,-3.243
1776744545,163286662,robot_3,2.446,-0.283
1776744545,363691553,robot_4,-0.580,1.190
1776744545,363716538,robot_1,0.739,3.514
1776744545,363725011,robot_2,-2.095,-1.717
1776744545,363731896,robot_0,4.635,-3.243
1776744545,363738815,robot_3,2.487,-0.282
1776744545,583579283,robot_4,-0.526,1.185
1776744545,583599981,robot_1,0.785,3.516
1776744545,583607292,robot_2,-2.056,-1.716
1776744545,583612909,robot_0,4.635,-3.243
1776744545,583618182,robot_3,2.533,-0.280
1776744545,803681447,robot_4,-0.468,1.181
1776744545,803709218,robot_1,0.830,3.518
1776744545,803718687,robot_2,-2.018,-1.716
1776744545,803725569,robot_0,4.635,-3.242
1776744545,803732291,robot_3,2.579,-0.279
1776744546,23401246,robot_4,-0.424,1.180
1776744546,23434443,robot_1,0.871,3.520
1776744546,23450493,robot_2,-1.975,-1.717
1776744546,23476532,robot_0,4.636,-3.242
1776744546,23488843,robot_3,2.623,-0.277
1776744546,243272970,robot_4,-0.366,1.179
1776744546,243306254,robot_1,0.897,3.522
1776744546,243320456,robot_2,-1.906,-1.720
1776744546,243331793,robot_0,4.636,-3.242
1776744546,243342872,robot_3,2.694,-0.276
1776744546,444005528,robot_4,-0.318,1.178
1776744546,444032965,robot_1,0.934,3.524
1776744546,444044877,robot_2,-1.850,-1.721
1776744546,444055468,robot_0,4.636,-3.241
1776744546,444065144,robot_3,2.752,-0.276
1776744546,663291219,robot_4,-0.274,1.177
1776744546,663320119,robot_1,0.987,3.526
1776744546,663331638,robot_2,-1.806,-1.723
1776744546,663340870,robot_0,4.637,-3.241
1776744546,663349705,robot_3,2.795,-0.276
1776744546,863777842,robot_4,-0.232,1.177
1776744546,863807792,robot_1,1.055,3.531
1776744546,863832443,robot_2,-1.771,-1.724
1776744546,863842650,robot_0,4.637,-3.241
1776744546,863852364,robot_3,2.819,-0.277
1776744547,64305748,robot_4,-0.190,1.177
1776744547,64331274,robot_1,1.100,3.535
1776744547,64341292,robot_2,-1.733,-1.725
1776744547,64349351,robot_0,4.637,-3.241
1776744547,64356790,robot_3,2.853,-0.276
1776744547,283633794,robot_4,-0.144,1.178
1776744547,283655746,robot_1,1.157,3.541
1776744547,283664205,robot_2,-1.692,-1.727
1776744547,283671370,robot_0,4.637,-3.241
1776744547,283677973,robot_3,2.898,-0.273
1776744547,503335642,robot_4,-0.069,1.180
1776744547,503370147,robot_1,1.234,3.549
1776744547,503384136,robot_2,-1.690,-1.727
1776744547,503396059,robot_0,4.637,-3.241
1776744547,503407085,robot_3,2.946,-0.271
1776744547,722802002,robot_4,-0.016,1.182
1776744547,722821132,robot_1,1.279,3.553
1776744547,722828011,robot_2,-1.690,-1.726
1776744547,722833324,robot_0,4.637,-3.241
1776744547,722838744,robot_3,2.991,-0.269
1776744547,941945092,robot_4,0.021,1.183
1776744547,941969838,robot_1,1.346,3.560
1776744547,941976206,robot_2,-1.690,-1.726
1776744547,941982205,robot_0,4.638,-3.241
1776744547,941987360,robot_3,3.026,-0.267
1776744548,143625752,robot_4,0.042,1.183
1776744548,143647321,robot_1,1.414,3.568
1776744548,143655973,robot_2,-1.690,-1.725
1776744548,143663399,robot_0,4.638,-3.242
1776744548,143670680,robot_3,3.047,-0.266
1776744548,363184281,robot_4,0.085,1.184
1776744548,363201830,robot_1,1.457,3.573
1776744548,363208360,robot_2,-1.689,-1.725
1776744548,363213741,robot_0,4.638,-3.242
1776744548,363218856,robot_3,3.091,-0.264
1776744548,563544440,robot_4,0.127,1.185
1776744548,563574904,robot_1,1.520,3.581
1776744548,563587454,robot_2,-1.689,-1.725
1776744548,563597610,robot_0,4.639,-3.242
1776744548,563607382,robot_3,3.137,-0.262
1776744548,784145085,robot_4,0.176,1.187
1776744548,784169380,robot_1,1.583,3.589
1776744548,784179446,robot_2,-1.688,-1.725
1776744548,784187276,robot_0,4.639,-3.243
1776744548,784194660,robot_3,3.190,-0.259
1776744549,3230090,robot_4,0.220,1.188
1776744549,3260919,robot_1,1.625,3.594
1776744549,3270280,robot_2,-1.688,-1.725
1776744549,3280847,robot_0,4.639,-3.243
1776744549,3289328,robot_3,3.234,-0.257
1776744549,204549320,robot_4,0.278,1.189
1776744549,204577080,robot_1,1.654,3.598
1776744549,204588181,robot_2,-1.688,-1.725
1776744549,204597638,robot_0,4.639,-3.243
1776744549,204606582,robot_3,3.287,-0.254
1776744549,424027624,robot_4,0.346,1.189
1776744549,424052773,robot_1,1.694,3.603
1776744549,424059824,robot_2,-1.687,-1.725
1776744549,424066057,robot_0,4.639,-3.244
1776744549,424071453,robot_3,3.342,-0.251
1776744549,642502914,robot_4,0.390,1.189
1776744549,642521737,robot_1,1.732,3.608
1776744549,642529285,robot_2,-1.687,-1.725
1776744549,642535151,robot_0,4.639,-3.244
1776744549,642540358,robot_3,3.386,-0.249
1776744549,844207619,robot_4,0.455,1.188
1776744549,844229401,robot_1,1.753,3.610
1776744549,844237997,robot_2,-1.687,-1.725
1776744549,844244561,robot_0,4.639,-3.244
1776744549,844251324,robot_3,3.454,-0.246
1776744550,44411705,robot_4,0.515,1.186
1776744550,44440681,robot_1,1.788,3.616
1776744550,44452743,robot_2,-1.687,-1.725
1776744550,44461537,robot_0,4.639,-3.244
1776744550,44470157,robot_3,3.511,-0.243
1776744550,263449098,robot_4,0.559,1.184
1776744550,263470543,robot_1,1.837,3.624
1776744550,263480047,robot_2,-1.687,-1.725
1776744550,263487682,robot_0,4.639,-3.244
1776744550,263494401,robot_3,3.557,-0.241
1776744550,482452083,robot_4,0.599,1.181
1776744550,482470622,robot_1,1.893,3.634
1776744550,482477871,robot_2,-1.686,-1.725
1776744550,482483299,robot_0,4.639,-3.245
1776744550,482489204,robot_3,3.621,-0.238
1776744550,682731642,robot_4,0.638,1.179
1776744550,682750257,robot_1,1.933,3.641
1776744550,682756943,robot_2,-1.686,-1.725
1776744550,682762713,robot_0,4.638,-3.245
1776744550,682767919,robot_3,3.667,-0.235
1776744550,884127196,robot_4,0.680,1.176
1776744550,884150521,robot_1,1.967,3.646
1776744550,884160093,robot_2,-1.686,-1.726
1776744550,884167633,robot_0,4.638,-3.245
1776744550,884175330,robot_3,3.711,-0.233
1776744551,84417754,robot_4,0.741,1.173
1776744551,84440462,robot_1,1.996,3.651
1776744551,84447658,robot_2,-1.686,-1.726
1776744551,84453802,robot_0,4.638,-3.245
1776744551,84459529,robot_3,3.773,-0.229
1776744551,303831577,robot_4,0.793,1.170
1776744551,303854439,robot_1,2.039,3.659
1776744551,303872806,robot_2,-1.685,-1.727
1776744551,303880497,robot_0,4.637,-3.245
1776744551,303887742,robot_3,3.824,-0.224
1776744551,523804628,robot_4,0.845,1.167
1776744551,523835234,robot_1,2.103,3.669
1776744551,523851297,robot_2,-1.685,-1.727
1776744551,523864049,robot_0,4.637,-3.245
1776744551,523875576,robot_3,3.874,-0.219
1776744551,743612434,robot_4,0.926,1.161
1776744551,743632010,robot_1,2.179,3.682
1776744551,743639041,robot_2,-1.685,-1.727
1776744551,743644672,robot_0,4.637,-3.245
1776744551,743649527,robot_3,3.935,-0.213
1776744551,963115658,robot_4,0.978,1.157
1776744551,963142189,robot_1,2.222,3.689
1776744551,963150186,robot_2,-1.685,-1.727
1776744551,963155956,robot_0,4.637,-3.245
1776744551,963161718,robot_3,3.980,-0.211
1776744552,163403302,robot_4,1.027,1.154
1776744552,163437370,robot_1,2.249,3.694
1776744552,163446229,robot_2,-1.685,-1.727
1776744552,163454492,robot_0,4.637,-3.245
1776744552,163462355,robot_3,4.011,-0.210
1776744552,381975811,robot_4,1.088,1.151
1776744552,381993296,robot_1,2.265,3.697
1776744552,382000155,robot_2,-1.685,-1.728
1776744552,382005629,robot_0,4.636,-3.245
1776744552,382011314,robot_3,4.042,-0.209
1776744552,583370429,robot_4,1.128,1.150
1776744552,583390303,robot_1,2.266,3.697
1776744552,583397247,robot_2,-1.686,-1.728
1776744552,583402460,robot_0,4.636,-3.245
1776744552,583407760,robot_3,4.082,-0.208
1776744552,783415781,robot_4,1.184,1.148
1776744552,783436527,robot_1,2.266,3.697
1776744552,783444756,robot_2,-1.686,-1.728
1776744552,783451974,robot_0,4.636,-3.245
1776744552,783458398,robot_3,4.124,-0.207
1776744553,2985123,robot_4,1.254,1.147
1776744553,3002929,robot_1,2.266,3.696
1776744553,3010051,robot_2,-1.686,-1.729
1776744553,3016632,robot_0,4.636,-3.245
1776744553,3022240,robot_3,4.169,-0.205
1776744553,223715654,robot_4,1.298,1.146
1776744553,223750065,robot_1,2.266,3.696
1776744553,223765373,robot_2,-1.687,-1.729
1776744553,223777587,robot_0,4.635,-3.245
1776744553,223789117,robot_3,4.213,-0.204
1776744553,424289523,robot_4,1.351,1.145
1776744553,424369880,robot_1,2.266,3.696
1776744553,424394736,robot_2,-1.687,-1.729
1776744553,424408300,robot_0,4.635,-3.244
1776744553,424421045,robot_3,4.269,-0.202
1776744553,642196931,robot_4,1.404,1.144
1776744553,642215937,robot_1,2.267,3.696
1776744553,642222525,robot_2,-1.687,-1.729
1776744553,642227869,robot_0,4.635,-3.244
1776744553,642232997,robot_3,4.324,-0.200
1776744553,843222611,robot_4,1.444,1.143
1776744553,843247117,robot_1,2.267,3.696
1776744553,843257756,robot_2,-1.688,-1.729
1776744553,843266228,robot_0,4.635,-3.243
1776744553,843275582,robot_3,4.365,-0.199
1776744554,43448263,robot_4,1.490,1.142
1776744554,43470593,robot_1,2.267,3.696
1776744554,43477284,robot_2,-1.688,-1.729
1776744554,43484354,robot_0,4.635,-3.243
1776744554,43490473,robot_3,4.435,-0.196
1776744554,262211893,robot_4,1.537,1.139
1776744554,262229430,robot_1,2.268,3.696
1776744554,262236765,robot_2,-1.688,-1.729
1776744554,262242411,robot_0,4.635,-3.243
1776744554,262248108,robot_3,4.500,-0.194
1776744554,462796580,robot_4,1.577,1.137
1776744554,462814801,robot_1,2.268,3.696
1776744554,462822357,robot_2,-1.688,-1.729
1776744554,462828080,robot_0,4.635,-3.243
1776744554,462833915,robot_3,4.540,-0.193
1776744554,682570313,robot_4,1.635,1.134
1776744554,682589186,robot_1,2.268,3.696
1776744554,682595910,robot_2,-1.688,-1.729
1776744554,682601931,robot_0,4.635,-3.243
1776744554,682606938,robot_3,4.582,-0.192
1776744554,882983634,robot_4,1.680,1.132
1776744554,883002801,robot_1,2.268,3.696
1776744554,883009940,robot_2,-1.689,-1.729
1776744554,883016401,robot_0,4.635,-3.243
1776744554,883021860,robot_3,4.599,-0.192
1776744555,103204270,robot_4,1.729,1.131
1776744555,103227502,robot_1,2.268,3.696
1776744555,103236165,robot_2,-1.689,-1.729
1776744555,103242866,robot_0,4.635,-3.242
1776744555,103249198,robot_3,4.599,-0.191
1776744555,303375735,robot_4,1.802,1.130
1776744555,303400342,robot_1,2.268,3.696
1776744555,303409970,robot_2,-1.689,-1.729
1776744555,303418077,robot_0,4.635,-3.242
1776744555,303426271,robot_3,4.599,-0.191
1776744555,503707899,robot_4,1.854,1.129
1776744555,503736176,robot_1,2.268,3.696
1776744555,503746164,robot_2,-1.690,-1.728
1776744555,503754785,robot_0,4.636,-3.242
1776744555,503762082,robot_3,4.599,-0.191
1776744555,703886192,robot_4,1.891,1.128
1776744555,703915932,robot_1,2.269,3.697
1776744555,703925508,robot_2,-1.690,-1.728
1776744555,703933334,robot_0,4.636,-3.242
1776744555,703940629,robot_3,4.599,-0.190
1776744555,923164500,robot_4,1.924,1.127
1776744555,923190096,robot_1,2.269,3.697
1776744555,923201950,robot_2,-1.690,-1.727
1776744555,923211124,robot_0,4.636,-3.241
1776744555,923219784,robot_3,4.600,-0.190
1776744556,143545462,robot_4,1.966,1.126
1776744556,143580549,robot_1,2.269,3.697
1776744556,143592813,robot_2,-1.690,-1.727
1776744556,143602507,robot_0,4.637,-3.241
1776744556,143610912,robot_3,4.600,-0.190
1776744556,343608751,robot_4,2.003,1.125
1776744556,343646125,robot_1,2.269,3.697
1776744556,343652712,robot_2,-1.690,-1.727
1776744556,343659508,robot_0,4.637,-3.241
1776744556,343666027,robot_3,4.600,-0.190
1776744556,562481513,robot_4,2.039,1.125
1776744556,562515388,robot_1,2.269,3.698
1776744556,562526685,robot_2,-1.689,-1.726
1776744556,562536203,robot_0,4.637,-3.241
1776744556,562544970,robot_3,4.601,-0.190
1776744556,763757350,robot_4,2.079,1.124
1776744556,763788892,robot_1,2.269,3.698
1776744556,763804217,robot_2,-1.664,-1.732
1776744556,763816488,robot_0,4.637,-3.241
1776744556,763827943,robot_3,4.601,-0.190
1776744556,983256851,robot_4,2.112,1.143
1776744556,983275143,robot_1,2.269,3.698
1776744556,983286101,robot_2,-1.627,-1.742
1776744556,983292588,robot_0,4.637,-3.241
1776744556,983298816,robot_3,4.601,-0.190
1776744557,202656994,robot_4,2.140,1.174
1776744557,202675356,robot_1,2.252,3.693
1776744557,202682700,robot_2,-1.589,-1.752
1776744557,202688286,robot_0,4.638,-3.241
1776744557,202693300,robot_3,4.601,-0.190
1776744557,403412224,robot_4,2.142,1.179
1776744557,403440623,robot_1,2.217,3.683
1776744557,403451154,robot_2,-1.589,-1.752
1776744557,403459136,robot_0,4.638,-3.242
1776744557,403466733,robot_3,4.601,-0.190
1776744557,623955410,robot_4,2.143,1.180
1776744557,623989279,robot_1,2.175,3.670
1776744557,624004221,robot_2,-1.589,-1.752
1776744557,624015870,robot_0,4.638,-3.242
1776744557,624027043,robot_3,4.602,-0.190
1776744557,823994092,robot_4,2.144,1.180
1776744557,824017924,robot_1,2.149,3.662
1776744557,824027960,robot_2,-1.588,-1.752
1776744557,824035885,robot_0,4.638,-3.242
1776744557,824043956,robot_3,4.602,-0.190
1776744558,45666792,robot_4,2.145,1.180
1776744558,45688954,robot_1,2.120,3.653
1776744558,45696007,robot_2,-1.588,-1.752
1776744558,45701788,robot_0,4.639,-3.242
1776744558,45707549,robot_3,4.602,-0.190
1776744558,263000326,robot_4,2.142,1.187
1776744558,263028253,robot_1,2.078,3.640
1776744558,263041637,robot_2,-1.588,-1.751
1776744558,263052316,robot_0,4.639,-3.243
1776744558,263061955,robot_3,4.603,-0.191
1776744558,464140941,robot_4,2.127,1.185
1776744558,464162640,robot_1,2.022,3.623
1776744558,464171925,robot_2,-1.587,-1.751
1776744558,464181539,robot_0,4.639,-3.243
1776744558,464190341,robot_3,4.603,-0.191
1776744558,683372498,robot_4,2.122,1.181
1776744558,683396990,robot_1,1.966,3.606
1776744558,683406661,robot_2,-1.590,-1.750
1776744558,683415093,robot_0,4.639,-3.244
1776744558,683422205,robot_3,4.603,-0.191
1776744558,902174670,robot_4,2.123,1.177
1776744558,902191666,robot_1,1.923,3.592
1776744558,902198856,robot_2,-1.590,-1.749
1776744558,902204337,robot_0,4.639,-3.244
1776744558,902209733,robot_3,4.603,-0.192
1776744559,102898597,robot_4,2.124,1.175
1776744559,102918669,robot_1,1.860,3.573
1776744559,102925788,robot_2,-1.590,-1.749
1776744559,102932466,robot_0,4.639,-3.244
1776744559,102939540,robot_3,4.603,-0.192
1776744559,303396257,robot_4,2.124,1.174
1776744559,303418106,robot_1,1.811,3.556
1776744559,303427567,robot_2,-1.589,-1.749
1776744559,303435839,robot_0,4.639,-3.244
1776744559,303443739,robot_3,4.603,-0.192
1776744559,503701396,robot_4,2.124,1.174
1776744559,503722840,robot_1,1.772,3.542
1776744559,503731243,robot_2,-1.589,-1.749
1776744559,503738042,robot_0,4.639,-3.244
1776744559,503744498,robot_3,4.603,-0.192
1776744559,722597421,robot_4,2.124,1.174
1776744559,722618735,robot_1,1.704,3.517
1776744559,722627177,robot_2,-1.589,-1.749
1776744559,722636052,robot_0,4.639,-3.244
1776744559,722640809,robot_3,4.603,-0.192
1776744559,923559902,robot_4,2.123,1.172
1776744559,923581267,robot_1,1.657,3.501
1776744559,923591146,robot_2,-1.589,-1.749
1776744559,923599195,robot_0,4.639,-3.245
1776744559,923606822,robot_3,4.603,-0.193
1776744560,123860668,robot_4,2.123,1.170
1776744560,123890249,robot_1,1.616,3.486
1776744560,123897995,robot_2,-1.589,-1.749
1776744560,123904346,robot_0,4.638,-3.245
1776744560,123909956,robot_3,4.603,-0.193
1776744560,342573702,robot_4,2.122,1.169
1776744560,342594293,robot_1,1.555,3.464
1776744560,342602337,robot_2,-1.588,-1.750
1776744560,342609245,robot_0,4.638,-3.245
1776744560,342616021,robot_3,4.603,-0.193
1776744560,543464267,robot_4,2.122,1.168
1776744560,543493130,robot_1,1.514,3.450
1776744560,543504694,robot_2,-1.588,-1.750
1776744560,543514406,robot_0,4.638,-3.245
1776744560,543522524,robot_3,4.602,-0.194
1776744560,762407184,robot_4,2.122,1.169
1776744560,762426234,robot_1,1.463,3.432
1776744560,762432970,robot_2,-1.588,-1.751
1776744560,762438420,robot_0,4.637,-3.245
1776744560,762443793,robot_3,4.602,-0.194
1776744560,964288234,robot_4,2.119,1.177
1776744560,964313126,robot_1,1.398,3.408
1776744560,964324362,robot_2,-1.588,-1.751
1776744560,964333154,robot_0,4.637,-3.245
1776744560,964341604,robot_3,4.601,-0.194
1776744561,183621540,robot_4,2.120,1.177
1776744561,183643728,robot_1,1.352,3.392
1776744561,183652960,robot_2,-1.588,-1.748
1776744561,183660789,robot_0,4.636,-3.245
1776744561,183668319,robot_3,4.601,-0.194
1776744561,383885101,robot_4,2.120,1.177
1776744561,383910149,robot_1,1.305,3.375
1776744561,383919758,robot_2,-1.588,-1.748
1776744561,383928104,robot_0,4.636,-3.245
1776744561,383936219,robot_3,4.601,-0.194
1776744561,602772535,robot_4,2.121,1.176
1776744561,602796205,robot_1,1.243,3.353
1776744561,602805715,robot_2,-1.588,-1.748
1776744561,602813153,robot_0,4.636,-3.245
1776744561,602820425,robot_3,4.600,-0.194
1776744561,803612898,robot_4,2.116,1.177
1776744561,803637892,robot_1,1.205,3.339
1776744561,803650940,robot_2,-1.588,-1.749
1776744561,803659773,robot_0,4.636,-3.245
1776744561,803668252,robot_3,4.602,-0.178
1776744562,24381031,robot_4,2.091,1.186
1776744562,24409906,robot_1,1.145,3.318
1776744562,24418661,robot_2,-1.588,-1.749
1776744562,24425053,robot_0,4.636,-3.245
1776744562,24431240,robot_3,4.605,-0.149
1776744562,242999802,robot_4,2.051,1.198
1776744562,243016472,robot_1,1.077,3.294
1776744562,243023008,robot_2,-1.588,-1.749
1776744562,243028673,robot_0,4.637,-3.245
1776744562,243033717,robot_3,4.610,-0.105
1776744562,443068846,robot_4,2.014,1.210
1776744562,443095040,robot_1,1.040,3.280
1776744562,443107063,robot_2,-1.588,-1.749
1776744562,443116923,robot_0,4.637,-3.245
1776744562,443125943,robot_3,4.611,-0.100
1776744562,643067903,robot_4,1.979,1.222
1776744562,643087028,robot_1,0.992,3.263
1776744562,643094761,robot_2,-1.589,-1.749
1776744562,643100253,robot_0,4.637,-3.245
1776744562,643106133,robot_3,4.611,-0.100
1776744562,863822620,robot_4,1.937,1.235
1776744562,863843955,robot_1,0.942,3.245
1776744562,863853173,robot_2,-1.589,-1.750
1776744562,863860929,robot_0,4.637,-3.245
1776744562,863867747,robot_3,4.611,-0.100
1776744563,82869377,robot_4,1.883,1.253
1776744563,82894873,robot_1,0.900,3.230
1776744563,82904588,robot_2,-1.590,-1.750
1776744563,82911989,robot_0,4.638,-3.245
1776744563,82918726,robot_3,4.611,-0.100
1776744563,283176883,robot_4,1.827,1.270
1776744563,283194272,robot_1,0.880,3.223
1776744563,283200726,robot_2,-1.590,-1.750
1776744563,283206333,robot_0,4.638,-3.244
1776744563,283211476,robot_3,4.612,-0.099
1776744563,503478720,robot_4,1.784,1.282
1776744563,503499863,robot_1,0.848,3.212
1776744563,503509089,robot_2,-1.591,-1.750
1776744563,503516041,robot_0,4.638,-3.244
1776744563,503522741,robot_3,4.612,-0.099
1776744563,722587928,robot_4,1.753,1.291
1776744563,722606804,robot_1,0.803,3.196
1776744563,722614102,robot_2,-1.591,-1.750
1776744563,722619620,robot_0,4.638,-3.244
1776744563,722624927,robot_3,4.612,-0.099
1776744563,922963700,robot_4,1.724,1.299
1776744563,922986643,robot_1,0.741,3.173
1776744563,922997975,robot_2,-1.592,-1.750
1776744563,923007501,robot_0,4.638,-3.244
1776744563,923016064,robot_3,4.612,-0.099
1776744564,143957206,robot_4,1.682,1.311
1776744564,143978322,robot_1,0.690,3.155
1776744564,143987066,robot_2,-1.592,-1.750
1776744564,143994399,robot_0,4.638,-3.244
1776744564,144001155,robot_3,4.612,-0.098
1776744564,362117150,robot_4,1.637,1.324
1776744564,362133356,robot_1,0.641,3.138
1776744564,362140147,robot_2,-1.592,-1.750
1776744564,362145676,robot_0,4.638,-3.244
1776744564,362150381,robot_3,4.612,-0.098
1776744564,562843432,robot_4,1.598,1.335
1776744564,562872205,robot_1,0.579,3.116
1776744564,562886739,robot_2,-1.592,-1.750
1776744564,562898819,robot_0,4.638,-3.244
1776744564,562906286,robot_3,4.612,-0.098
1776744564,764055059,robot_4,1.559,1.346
1776744564,764077894,robot_1,0.537,3.101
1776744564,764089288,robot_2,-1.592,-1.749
1776744564,764099957,robot_0,4.638,-3.244
1776744564,764108110,robot_3,4.612,-0.098
1776744564,982341423,robot_4,1.509,1.361
1776744564,982361852,robot_1,0.494,3.085
1776744564,982369853,robot_2,-1.592,-1.749
1776744564,982375517,robot_0,4.637,-3.245
1776744564,982381134,robot_3,4.612,-0.098
1776744565,183053576,robot_4,1.468,1.372
1776744565,183073340,robot_1,0.454,3.071
1776744565,183081243,robot_2,-1.593,-1.749
1776744565,183087722,robot_0,4.637,-3.245
1776744565,183093039,robot_3,4.612,-0.097
1776744565,402296677,robot_4,1.424,1.385
1776744565,402313714,robot_1,0.413,3.056
1776744565,402320515,robot_2,-1.593,-1.748
1776744565,402325911,robot_0,4.637,-3.245
1776744565,402330929,robot_3,4.612,-0.097
1776744565,602842473,robot_4,1.379,1.397
1776744565,602863026,robot_1,0.370,3.041
1776744565,602870196,robot_2,-1.593,-1.748
1776744565,602875323,robot_0,4.636,-3.245
1776744565,602880872,robot_3,4.612,-0.097
1776744565,804122444,robot_4,1.338,1.406
1776744565,804145181,robot_1,0.324,3.026
1776744565,804154968,robot_2,-1.593,-1.747
1776744565,804163347,robot_0,4.636,-3.245
1776744565,804171018,robot_3,4.612,-0.096
1776744566,24486336,robot_4,1.301,1.414
1776744566,24526777,robot_1,0.282,3.014
1776744566,24548098,robot_2,-1.593,-1.747
1776744566,24566031,robot_0,4.636,-3.245
1776744566,24582490,robot_3,4.612,-0.096
1776744566,243268669,robot_4,1.275,1.420
1776744566,243294375,robot_1,0.235,3.001
1776744566,243304148,robot_2,-1.593,-1.746
1776744566,243311709,robot_0,4.635,-3.245
1776744566,243318249,robot_3,4.611,-0.096
1776744566,443554719,robot_4,1.237,1.428
1776744566,443584003,robot_1,0.193,2.987
1776744566,443618966,robot_2,-1.593,-1.746
1776744566,443630638,robot_0,4.635,-3.245
1776744566,443642376,robot_3,4.611,-0.096
1776744566,643649624,robot_4,1.189,1.438
1776744566,643673052,robot_1,0.155,2.974
1776744566,643683233,robot_2,-1.580,-1.752
1776744566,643691768,robot_0,4.635,-3.245
1776744566,643699303,robot_3,4.610,-0.096
1776744566,863095793,robot_4,1.123,1.452
1776744566,863122626,robot_1,0.129,2.965
1776744566,863135159,robot_2,-1.533,-1.772
1776744566,863144454,robot_0,4.636,-3.245
1776744566,863154018,robot_3,4.610,-0.096
1776744567,82729016,robot_4,1.079,1.461
1776744567,82750251,robot_1,0.097,2.957
1776744567,82758190,robot_2,-1.512,-1.780
1776744567,82764134,robot_0,4.636,-3.245
1776744567,82769365,robot_3,4.610,-0.096
1776744567,283190285,robot_4,1.041,1.469
1776744567,283208080,robot_1,0.058,2.947
1776744567,283215559,robot_2,-1.505,-1.783
1776744567,283221115,robot_0,4.636,-3.245
1776744567,283226714,robot_3,4.610,-0.096
1776744567,504040079,robot_4,1.000,1.478
1776744567,504062660,robot_1,0.009,2.934
1776744567,504071368,robot_2,-1.504,-1.782
1776744567,504077815,robot_0,4.637,-3.245
1776744567,504084554,robot_3,4.610,-0.096
1776744567,723330471,robot_4,0.957,1.487
1776744567,723361875,robot_1,-0.036,2.920
1776744567,723392255,robot_2,-1.510,-1.768
1776744567,723404345,robot_0,4.637,-3.244
1776744567,723416077,robot_3,4.610,-0.096
1776744567,923597491,robot_4,0.896,1.500
1776744567,923626182,robot_1,-0.077,2.906
1776744567,923638729,robot_2,-1.518,-1.752
1776744567,923648408,robot_0,4.637,-3.244
1776744567,923657261,robot_3,4.609,-0.096
1776744568,143854980,robot_4,0.832,1.514
1776744568,143882304,robot_1,-0.144,2.885
1776744568,143895975,robot_2,-1.529,-1.736
1776744568,143905080,robot_0,4.637,-3.244
1776744568,143914194,robot_3,4.609,-0.097
1776744568,343910704,robot_4,0.793,1.522
1776744568,343930795,robot_1,-0.188,2.873
1776744568,343939586,robot_2,-1.543,-1.725
1776744568,343946780,robot_0,4.637,-3.244
1776744568,343953714,robot_3,4.609,-0.097
1776744568,563550564,robot_4,0.720,1.537
1776744568,563572818,robot_1,-0.235,2.862
1776744568,563581187,robot_2,-1.560,-1.721
1776744568,563587496,robot_0,4.637,-3.243
1776744568,563593815,robot_3,4.609,-0.097
1776744568,763982782,robot_4,0.664,1.549
1776744568,764002500,robot_1,-0.284,2.849
1776744568,764010840,robot_2,-1.563,-1.721
1776744568,764017890,robot_0,4.637,-3.243
1776744568,764024030,robot_3,4.609,-0.098
1776744568,983297352,robot_4,0.623,1.558
1776744568,983331318,robot_1,-0.328,2.839
1776744568,983349929,robot_2,-1.562,-1.721
1776744568,983365597,robot_0,4.637,-3.243
1776744568,983379190,robot_3,4.609,-0.098
1776744569,203275153,robot_4,0.595,1.564
1776744569,203295777,robot_1,-0.377,2.826
1776744569,203302365,robot_2,-1.562,-1.722
1776744569,203307958,robot_0,4.637,-3.243
1776744569,203313673,robot_3,4.609,-0.098
1776744569,404001418,robot_4,0.559,1.571
1776744569,404032477,robot_1,-0.427,2.816
1776744569,404045987,robot_2,-1.562,-1.722
1776744569,404052244,robot_0,4.637,-3.244
1776744569,404058682,robot_3,4.609,-0.098
1776744569,623007086,robot_4,0.511,1.582
1776744569,623039373,robot_1,-0.470,2.809
1776744569,623054813,robot_2,-1.562,-1.722
1776744569,623067331,robot_0,4.637,-3.244
1776744569,623078676,robot_3,4.609,-0.098
1776744569,841824659,robot_4,0.444,1.597
1776744569,841841516,robot_1,-0.516,2.802
1776744569,841847965,robot_2,-1.562,-1.722
1776744569,841852837,robot_0,4.637,-3.244
1776744569,841857354,robot_3,4.609,-0.098
1776744570,43775235,robot_4,0.402,1.609
1776744570,43796378,robot_1,-0.556,2.795
1776744570,43804504,robot_2,-1.561,-1.722
1776744570,43810379,robot_0,4.636,-3.244
1776744570,43815512,robot_3,4.609,-0.098
1776744570,243778869,robot_4,0.363,1.620
1776744570,243807125,robot_1,-0.596,2.789
1776744570,243821484,robot_2,-1.561,-1.722
1776744570,243833162,robot_0,4.636,-3.244
1776744570,243844579,robot_3,4.609,-0.097
1776744570,443969556,robot_4,0.324,1.631
1776744570,443989539,robot_1,-0.629,2.784
1776744570,443998337,robot_2,-1.561,-1.723
1776744570,444004899,robot_0,4.636,-3.245
1776744570,444012017,robot_3,4.609,-0.097
1776744570,663036697,robot_4,0.281,1.643
1776744570,663064701,robot_1,-0.667,2.778
1776744570,663076569,robot_2,-1.561,-1.723
1776744570,663086175,robot_0,4.635,-3.245
1776744570,663095422,robot_3,4.609,-0.097
1776744570,882975626,robot_4,0.223,1.660
1776744570,882992132,robot_1,-0.711,2.772
1776744570,882999108,robot_2,-1.560,-1.724
1776744570,883004474,robot_0,4.635,-3.244
1776744570,883009606,robot_3,4.610,-0.096
1776744571,103444157,robot_4,0.157,1.681
1776744571,103470936,robot_1,-0.763,2.763
1776744571,103482375,robot_2,-1.560,-1.719
1776744571,103490990,robot_0,4.635,-3.244
1776744571,103499146,robot_3,4.610,-0.096
1776744571,303624715,robot_4,0.119,1.695
1776744571,303647177,robot_1,-0.805,2.757
1776744571,303657899,robot_2,-1.560,-1.719
1776744571,303665828,robot_0,4.635,-3.244
1776744571,303673855,robot_3,4.611,-0.096
1776744571,503725269,robot_4,0.062,1.714
1776744571,503750082,robot_1,-0.846,2.751
1776744571,503762081,robot_2,-1.561,-1.719
1776744571,503770811,robot_0,4.635,-3.244
1776744571,503778616,robot_3,4.611,-0.096
1776744571,723620891,robot_4,-0.004,1.737
1776744571,723647184,robot_1,-0.917,2.740
1776744571,723654157,robot_2,-1.561,-1.720
1776744571,723659714,robot_0,4.634,-3.244
1776744571,723664778,robot_3,4.611,-0.096
1776744571,943273826,robot_4,-0.045,1.751
1776744571,943302647,robot_1,-0.969,2.732
1776744571,943310633,robot_2,-1.561,-1.720
1776744571,943316988,robot_0,4.634,-3.244
1776744571,943322994,robot_3,4.611,-0.096
1776744572,163210354,robot_4,-0.118,1.776
1776744572,163232509,robot_1,-1.013,2.725
1776744572,163251124,robot_2,-1.561,-1.720
1776744572,163258709,robot_0,4.634,-3.244
1776744572,163265668,robot_3,4.611,-0.096
1776744572,363520734,robot_4,-0.176,1.796
1776744572,363539777,robot_1,-1.053,2.719
1776744572,363547914,robot_2,-1.561,-1.720
1776744572,363554277,robot_0,4.634,-3.243
1776744572,363559910,robot_3,4.612,-0.096
1776744572,564289321,robot_4,-0.214,1.809
1776744572,564316311,robot_1,-1.062,2.717
1776744572,564324851,robot_2,-1.561,-1.720
1776744572,564330683,robot_0,4.633,-3.243
1776744572,564336260,robot_3,4.612,-0.096
1776744572,782849821,robot_4,-0.260,1.825
1776744572,782875629,robot_1,-1.062,2.717
1776744572,782886473,robot_2,-1.562,-1.721
1776744572,782895100,robot_0,4.633,-3.243
1776744572,782902480,robot_3,4.612,-0.097
1776744573,2322437,robot_4,-0.303,1.839
1776744573,2339289,robot_1,-1.062,2.717
1776744573,2345955,robot_2,-1.562,-1.721
1776744573,2351251,robot_0,4.633,-3.242
1776744573,2356780,robot_3,4.613,-0.097
1776744573,222033347,robot_4,-0.342,1.853
1776744573,222052308,robot_1,-1.063,2.716
1776744573,222059036,robot_2,-1.563,-1.721
1776744573,222064747,robot_0,4.634,-3.242
1776744573,222069981,robot_3,4.613,-0.097
1776744573,423895924,robot_4,-0.372,1.863
1776744573,423915379,robot_1,-1.063,2.716
1776744573,423923632,robot_2,-1.563,-1.721
1776744573,423929908,robot_0,4.634,-3.242
1776744573,423935582,robot_3,4.613,-0.098
1776744573,643043365,robot_4,-0.413,1.877
1776744573,643065714,robot_1,-1.063,2.716
1776744573,643075002,robot_2,-1.564,-1.721
1776744573,643082554,robot_0,4.634,-3.242
1776744573,643089120,robot_3,4.613,-0.098
1776744573,862109333,robot_4,-0.466,1.895
1776744573,862127221,robot_1,-1.063,2.715
1776744573,862134023,robot_2,-1.564,-1.721
1776744573,862139436,robot_0,4.634,-3.242
1776744573,862144124,robot_3,4.613,-0.099
1776744574,62361653,robot_4,-0.526,1.915
1776744574,62381840,robot_1,-1.064,2.715
1776744574,62388602,robot_2,-1.564,-1.721
1776744574,62393963,robot_0,4.634,-3.241
1776744574,62399231,robot_3,4.613,-0.099
1776744574,282989544,robot_4,-0.568,1.930
1776744574,283006423,robot_1,-1.064,2.715
1776744574,283012927,robot_2,-1.564,-1.721
1776744574,283018250,robot_0,4.634,-3.241
1776744574,283023571,robot_3,4.613,-0.099
1776744574,503124328,robot_4,-0.602,1.941
1776744574,503151652,robot_1,-1.064,2.715
1776744574,503163197,robot_2,-1.564,-1.721
1776744574,503173369,robot_0,4.634,-3.241
1776744574,503182308,robot_3,4.613,-0.099
1776744574,703361945,robot_4,-0.633,1.951
1776744574,703390821,robot_1,-1.064,2.715
1776744574,703403305,robot_2,-1.565,-1.721
1776744574,703414547,robot_0,4.635,-3.241
1776744574,703424423,robot_3,4.613,-0.099
1776744574,922167002,robot_4,-0.676,1.962
1776744574,922183854,robot_1,-1.064,2.715
1776744574,922190869,robot_2,-1.565,-1.720
1776744574,922195861,robot_0,4.635,-3.241
1776744574,922200876,robot_3,4.613,-0.100
1776744575,143125197,robot_4,-0.710,1.971
1776744575,143148647,robot_1,-1.064,2.715
1776744575,143160110,robot_2,-1.565,-1.720
1776744575,143166834,robot_0,4.635,-3.240
1776744575,143174458,robot_3,4.612,-0.100
1776744575,362046934,robot_4,-0.747,1.981
1776744575,362062996,robot_1,-1.065,2.715
1776744575,362069723,robot_2,-1.566,-1.719
1776744575,362074558,robot_0,4.636,-3.241
1776744575,362079556,robot_3,4.612,-0.100
1776744575,563401051,robot_4,-0.786,1.991
1776744575,563431032,robot_1,-1.065,2.715
1776744575,563443468,robot_2,-1.566,-1.719
1776744575,563452090,robot_0,4.636,-3.241
1776744575,563460473,robot_3,4.612,-0.100
1776744575,782980020,robot_4,-0.854,2.010
1776744575,783004001,robot_1,-1.065,2.715
1776744575,783014278,robot_2,-1.566,-1.718
1776744575,783021959,robot_0,4.636,-3.241
1776744575,783029863,robot_3,4.611,-0.101
1776744576,3358177,robot_4,-0.906,2.026
1776744576,3379453,robot_1,-1.066,2.716
1776744576,3387581,robot_2,-1.566,-1.718
1776744576,3393873,robot_0,4.636,-3.241
1776744576,3400742,robot_3,4.611,-0.101
1776744576,203481737,robot_4,-0.947,2.039
1776744576,203514700,robot_1,-1.066,2.716
1776744576,203529415,robot_2,-1.566,-1.717
1776744576,203541849,robot_0,4.636,-3.241
1776744576,203554028,robot_3,4.611,-0.101
1776744576,403562183,robot_4,-1.002,2.056
1776744576,403585280,robot_1,-1.066,2.716
1776744576,403594667,robot_2,-1.565,-1.717
1776744576,403602306,robot_0,4.636,-3.241
1776744576,403609581,robot_3,4.610,-0.101
1776744576,603591730,robot_4,-1.045,2.070
1776744576,603616383,robot_1,-1.066,2.717
1776744576,603626613,robot_2,-1.561,-1.719
1776744576,603634402,robot_0,4.637,-3.241
1776744576,603642030,robot_3,4.614,-0.063
1776744576,823564454,robot_4,-1.084,2.083
1776744576,823594792,robot_1,-1.066,2.717
1776744576,823608866,robot_2,-1.530,-1.737
1776744576,823620568,robot_0,4.637,-3.241
1776744576,823631963,robot_3,4.622,0.009
1776744577,23983796,robot_4,-1.116,2.093
1776744577,24005297,robot_1,-1.066,2.717
1776744577,24013770,robot_2,-1.502,-1.747
1776744577,24020195,robot_0,4.637,-3.242
1776744577,24026128,robot_3,4.626,0.049
1776744577,242714762,robot_4,-1.156,2.107
1776744577,242732977,robot_1,-1.066,2.717
1776744577,242740370,robot_2,-1.488,-1.754
1776744577,242746491,robot_0,4.637,-3.242
1776744577,242752765,robot_3,4.631,0.091
1776744577,443253445,robot_4,-1.196,2.121
1776744577,443272077,robot_1,-1.066,2.717
1776744577,443281152,robot_2,-1.488,-1.754
1776744577,443287479,robot_0,4.637,-3.242
1776744577,443293361,robot_3,4.633,0.114
1776744577,663141240,robot_4,-1.242,2.138
1776744577,663166112,robot_1,-1.066,2.717
1776744577,663175039,robot_2,-1.488,-1.754
1776744577,663182602,robot_0,4.637,-3.243
1776744577,663189420,robot_3,4.633,0.114
1776744577,883349716,robot_4,-1.283,2.152
1776744577,883367977,robot_1,-1.066,2.718
1776744577,883375441,robot_2,-1.492,-1.737
1776744577,883381311,robot_0,4.637,-3.243
1776744577,883386930,robot_3,4.634,0.114
1776744578,84181851,robot_4,-1.319,2.165
1776744578,84203759,robot_1,-1.066,2.718
1776744578,84210285,robot_2,-1.501,-1.721
1776744578,84215944,robot_0,4.637,-3.243
1776744578,84221515,robot_3,4.634,0.114
1776744578,303072111,robot_4,-1.357,2.179
1776744578,303089767,robot_1,-1.066,2.718
1776744578,303096411,robot_2,-1.513,-1.706
1776744578,303101338,robot_0,4.607,-3.231
1776744578,303105980,robot_3,4.634,0.114
1776744578,523253764,robot_4,-1.398,2.195
1776744578,523285476,robot_1,-1.065,2.719
1776744578,523295836,robot_2,-1.531,-1.699
1776744578,523303231,robot_0,4.549,-3.206
1776744578,523309359,robot_3,4.635,0.115
1776744578,723595072,robot_4,-1.448,2.216
1776744578,723617746,robot_1,-1.065,2.719
1776744578,723626198,robot_2,-1.541,-1.700
1776744578,723633495,robot_0,4.512,-3.191
1776744578,723640006,robot_3,4.635,0.115
1776744578,943329192,robot_4,-1.500,2.236
1776744578,943348829,robot_1,-1.065,2.719
1776744578,943357067,robot_2,-1.541,-1.700
1776744578,943363989,robot_0,4.446,-3.163
1776744578,943370438,robot_3,4.635,0.115
1776744579,162136623,robot_4,-1.540,2.252
1776744579,162154296,robot_1,-1.064,2.719
1776744579,162160617,robot_2,-1.540,-1.700
1776744579,162165940,robot_0,4.384,-3.139
1776744579,162171293,robot_3,4.635,0.116
1776744579,364098480,robot_4,-1.561,2.261
1776744579,364119554,robot_1,-1.064,2.719
1776744579,364128972,robot_2,-1.540,-1.700
1776744579,364136906,robot_0,4.348,-3.125
1776744579,364144394,robot_3,4.635,0.116
1776744579,582822078,robot_4,-1.593,2.277
1776744579,582841986,robot_1,-1.064,2.719
1776744579,582849074,robot_2,-1.540,-1.700
1776744579,582854685,robot_0,4.316,-3.113
1776744579,582859986,robot_3,4.635,0.116
1776744579,783795299,robot_4,-1.627,2.294
1776744579,783822926,robot_1,-1.064,2.678
1776744579,783832744,robot_2,-1.540,-1.700
1776744579,783839236,robot_0,4.282,-3.099
1776744579,783846719,robot_3,4.635,0.116
1776744580,3697542,robot_4,-1.628,2.294
1776744580,3737980,robot_1,-1.063,2.629
1776744580,3752808,robot_2,-1.539,-1.700
1776744580,3765718,robot_0,4.239,-3.083
1776744580,3778176,robot_3,4.635,0.116
1776744580,222172215,robot_4,-1.629,2.294
1776744580,222190526,robot_1,-1.063,2.581
1776744580,222197990,robot_2,-1.539,-1.701
1776744580,222203913,robot_0,4.193,-3.065
1776744580,222209359,robot_3,4.635,0.117
1776744580,424136856,robot_4,-1.629,2.294
1776744580,424161697,robot_1,-1.062,2.510
1776744580,424172124,robot_2,-1.539,-1.701
1776744580,424179760,robot_0,4.155,-3.051
1776744580,424187671,robot_3,4.635,0.117
1776744580,643167428,robot_4,-1.629,2.294
1776744580,643195183,robot_1,-1.060,2.454
1776744580,643207277,robot_2,-1.539,-1.701
1776744580,643216008,robot_0,4.105,-3.032
1776744580,643224678,robot_3,4.635,0.117
1776744580,843201615,robot_4,-1.630,2.293
1776744580,843225676,robot_1,-1.058,2.417
1776744580,843238265,robot_2,-1.538,-1.702
1776744580,843248601,robot_0,4.045,-3.010
1776744580,843258165,robot_3,4.635,0.117
1776744581,44304497,robot_4,-1.630,2.293
1776744581,44329455,robot_1,-1.056,2.388
1776744581,44339454,robot_2,-1.538,-1.701
1776744581,44347151,robot_0,4.005,-2.995
1776744581,44365136,robot_3,4.634,0.118
1776744581,263908499,robot_4,-1.631,2.293
1776744581,263934731,robot_1,-1.051,2.346
1776744581,263946433,robot_2,-1.538,-1.698
1776744581,263955029,robot_0,3.958,-2.978
1776744581,263976672,robot_3,4.634,0.118
1776744581,482645470,robot_4,-1.631,2.293
1776744581,482662149,robot_1,-1.046,2.308
1776744581,482669509,robot_2,-1.538,-1.698
1776744581,482675067,robot_0,3.906,-2.960
1776744581,482680075,robot_3,4.634,0.118
1776744581,683393556,robot_4,-1.632,2.294
1776744581,683412159,robot_1,-1.042,2.278
1776744581,683419172,robot_2,-1.538,-1.699
1776744581,683424402,robot_0,3.868,-2.948
1776744581,683429196,robot_3,4.633,0.118
1776744581,903392711,robot_4,-1.632,2.294
1776744581,903411252,robot_1,-1.036,2.234
1776744581,903418991,robot_2,-1.538,-1.699
1776744581,903424734,robot_0,3.807,-2.930
1776744581,903430345,robot_3,4.633,0.118
1776744582,122663322,robot_4,-1.632,2.294
1776744582,122681122,robot_1,-1.028,2.180
1776744582,122687930,robot_2,-1.538,-1.699
1776744582,122693031,robot_0,3.742,-2.911
1776744582,122698881,robot_3,4.633,0.118
1776744582,341925235,robot_4,-1.632,2.294
1776744582,341942657,robot_1,-1.020,2.125
1776744582,341948860,robot_2,-1.539,-1.699
1776744582,341954253,robot_0,3.700,-2.898
1776744582,341959563,robot_3,4.633,0.118
1776744582,543502063,robot_4,-1.632,2.294
1776744582,543522564,robot_1,-1.015,2.085
1776744582,543529136,robot_2,-1.539,-1.699
1776744582,543534553,robot_0,3.635,-2.878
1776744582,543539795,robot_3,4.633,0.118
1776744582,761892715,robot_4,-1.633,2.294
1776744582,761910532,robot_1,-1.006,2.023
1776744582,761917483,robot_2,-1.539,-1.700
1776744582,761922813,robot_0,3.573,-2.860
1776744582,761927879,robot_3,4.634,0.118
1776744582,962990160,robot_4,-1.633,2.295
1776744582,963016629,robot_1,-0.998,1.970
1776744582,963029882,robot_2,-1.540,-1.700
1776744582,963040396,robot_0,3.534,-2.848
1776744582,963051804,robot_3,4.634,0.118
1776744583,181946645,robot_4,-1.633,2.295
1776744583,181962930,robot_1,-0.992,1.927
1776744583,181969620,robot_2,-1.540,-1.700
1776744583,181975242,robot_0,3.464,-2.827
1776744583,181980276,robot_3,4.634,0.117
1776744583,382181742,robot_4,-1.633,2.296
1776744583,382197769,robot_1,-0.989,1.903
1776744583,382204170,robot_2,-1.541,-1.700
1776744583,382210171,robot_0,3.414,-2.812
1776744583,382215002,robot_3,4.635,0.117
1776744583,602203363,robot_4,-1.633,2.296
1776744583,602223865,robot_1,-0.985,1.868
1776744583,602231131,robot_2,-1.541,-1.700
1776744583,602237786,robot_0,3.375,-2.800
1776744583,602242218,robot_3,4.635,0.117
1776744583,803146191,robot_4,-1.633,2.297
1776744583,803169369,robot_1,-0.980,1.827
1776744583,803179328,robot_2,-1.542,-1.700
1776744583,803187472,robot_0,3.345,-2.791
1776744583,803194811,robot_3,4.635,0.116
1776744584,23303672,robot_4,-1.633,2.297
1776744584,23322637,robot_1,-0.976,1.774
1776744584,23329431,robot_2,-1.542,-1.700
1776744584,23335250,robot_0,3.304,-2.778
1776744584,23340960,robot_3,4.635,0.116
1776744584,223668652,robot_4,-1.633,2.298
1776744584,223700130,robot_1,-0.974,1.732
1776744584,223712677,robot_2,-1.542,-1.700
1776744584,223722311,robot_0,3.262,-2.766
1776744584,223731447,robot_3,4.635,0.116
1776744584,423700450,robot_4,-1.633,2.298
1776744584,423732587,robot_1,-0.973,1.695
1776744584,423746431,robot_2,-1.542,-1.700
1776744584,423757720,robot_0,3.214,-2.750
1776744584,423767871,robot_3,4.635,0.115
1776744584,642075156,robot_4,-1.633,2.298
1776744584,642106634,robot_1,-0.972,1.667
1776744584,642115563,robot_2,-1.542,-1.699
1776744584,642122669,robot_0,3.171,-2.734
1776744584,642129832,robot_3,4.635,0.115
1776744584,843207791,robot_4,-1.633,2.298
1776744584,843231259,robot_1,-0.972,1.630
1776744584,843242351,robot_2,-1.543,-1.699
1776744584,843251066,robot_0,3.138,-2.720
1776744584,843258880,robot_3,4.635,0.115
1776744585,63398124,robot_4,-1.632,2.298
1776744585,63417584,robot_1,-0.971,1.592
1776744585,63424787,robot_2,-1.543,-1.699
1776744585,63430006,robot_0,3.107,-2.709
1776744585,63434958,robot_3,4.635,0.115
1776744585,282345216,robot_4,-1.632,2.298
1776744585,282362109,robot_1,-0.970,1.563
1776744585,282368610,robot_2,-1.543,-1.698
1776744585,282374209,robot_0,3.065,-2.695
1776744585,282379547,robot_3,4.635,0.115
1776744585,482945872,robot_4,-1.631,2.298
1776744585,482969888,robot_1,-0.967,1.523
1776744585,482976916,robot_2,-1.544,-1.698
1776744585,482982802,robot_0,3.034,-2.685
1776744585,482987635,robot_3,4.634,0.114
1776744585,703190525,robot_4,-1.631,2.299
1776744585,703221978,robot_1,-0.964,1.487
1776744585,703231838,robot_2,-1.544,-1.697
1776744585,703239999,robot_0,3.001,-2.674
1776744585,703250329,robot_3,4.634,0.114
1776744585,923920423,robot_4,-1.630,2.299
1776744585,923939271,robot_1,-0.962,1.455
1776744585,923946753,robot_2,-1.544,-1.697
1776744585,923952492,robot_0,2.959,-2.660
1776744585,923966697,robot_3,4.634,0.114
1776744586,143397605,robot_4,-1.630,2.298
1776744586,143423495,robot_1,-0.957,1.412
1776744586,143434417,robot_2,-1.543,-1.696
1776744586,143443110,robot_0,2.906,-2.643
1776744586,143451793,robot_3,4.633,0.114
1776744586,343449878,robot_4,-1.629,2.298
1776744586,343466502,robot_1,-0.953,1.373
1776744586,343473436,robot_2,-1.543,-1.696
1776744586,343479397,robot_0,2.862,-2.628
1776744586,343484388,robot_3,4.633,0.114
1776744586,562680662,robot_4,-1.629,2.298
1776744586,562701466,robot_1,-0.949,1.329
1776744586,562708548,robot_2,-1.542,-1.696
1776744586,562713718,robot_0,2.820,-2.614
1776744586,562718878,robot_3,4.632,0.114
1776744586,763268067,robot_4,-1.629,2.298
1776744586,763295339,robot_1,-0.946,1.289
1776744586,763306246,robot_2,-1.522,-1.708
1776744586,763314696,robot_0,2.783,-2.602
1776744586,763322072,robot_3,4.632,0.114
1776744586,982715779,robot_4,-1.629,2.298
1776744586,982731524,robot_1,-0.939,1.214
1776744586,982738130,robot_2,-1.492,-1.720
1776744586,982743913,robot_0,2.741,-2.588
1776744586,982749152,robot_3,4.632,0.114
1776744587,201961893,robot_4,-1.629,2.298
1776744587,201979028,robot_1,-0.934,1.148
1776744587,201985752,robot_2,-1.472,-1.728
1776744587,201991548,robot_0,2.695,-2.573
1776744587,201996812,robot_3,4.632,0.114
1776744587,403877135,robot_4,-1.629,2.298
1776744587,403906258,robot_1,-0.931,1.108
1776744587,403917182,robot_2,-1.472,-1.728
1776744587,403925191,robot_0,2.635,-2.554
1776744587,403932851,robot_3,4.632,0.114
1776744587,622909184,robot_4,-1.628,2.297
1776744587,622926635,robot_1,-0.927,1.068
1776744587,622933353,robot_2,-1.471,-1.728
1776744587,622938381,robot_0,2.587,-2.538
1776744587,622943343,robot_3,4.632,0.114
1776744587,824028157,robot_4,-1.628,2.297
1776744587,824059929,robot_1,-0.924,1.029
1776744587,824074480,robot_2,-1.470,-1.724
1776744587,824086961,robot_0,2.541,-2.523
1776744587,824097775,robot_3,4.631,0.114
1776744588,43059805,robot_4,-1.628,2.296
1776744588,43081238,robot_1,-0.920,0.984
1776744588,43099461,robot_2,-1.477,-1.705
1776744588,43106190,robot_0,2.464,-2.498
1776744588,43112194,robot_3,4.631,0.114
1776744588,244019445,robot_4,-1.628,2.296
1776744588,244048113,robot_1,-0.917,0.942
1776744588,244056544,robot_2,-1.486,-1.690
1776744588,244063646,robot_0,2.419,-2.484
1776744588,244070161,robot_3,4.631,0.115
1776744588,444072030,robot_4,-1.628,2.295
1776744588,444098061,robot_1,-0.913,0.902
1776744588,444109964,robot_2,-1.500,-1.680
1776744588,444119898,robot_0,2.371,-2.470
1776744588,444128718,robot_3,4.631,0.115
1776744588,662629433,robot_4,-1.628,2.295
1776744588,662647513,robot_1,-0.909,0.850
1776744588,662654479,robot_2,-1.515,-1.677
1776744588,662659788,robot_0,2.302,-2.448
1776744588,662664921,robot_3,4.630,0.116
1776744588,863226283,robot_4,-1.628,2.294
1776744588,863252317,robot_1,-0.904,0.788
1776744588,863265928,robot_2,-1.516,-1.677
1776744588,863276373,robot_0,2.263,-2.436
1776744588,863313288,robot_3,4.630,0.116
1776744589,82602964,robot_4,-1.631,2.296
1776744589,82625142,robot_1,-0.900,0.741
1776744589,82632432,robot_2,-1.515,-1.677
1776744589,82638363,robot_0,2.209,-2.420
1776744589,82644086,robot_3,4.631,0.116
1776744589,301959172,robot_4,-1.654,2.314
1776744589,301975636,robot_1,-0.895,0.683
1776744589,301982223,robot_2,-1.515,-1.677
1776744589,301987821,robot_0,2.149,-2.401
1776744589,301992957,robot_3,4.631,0.116
1776744589,503199553,robot_4,-1.683,2.336
1776744589,503214549,robot_1,-0.890,0.619
1776744589,503220909,robot_2,-1.515,-1.677
1776744589,503225821,robot_0,2.111,-2.389
1776744589,503230377,robot_3,4.631,0.116
1776744589,704009877,robot_4,-1.711,2.358
1776744589,704039920,robot_1,-0.886,0.578
1776744589,704050474,robot_2,-1.515,-1.677
1776744589,704058308,robot_0,2.084,-2.381
1776744589,704066345,robot_3,4.631,0.117
1776744589,922345450,robot_4,-1.711,2.358
1776744589,922361299,robot_1,-0.883,0.535
1776744589,922368345,robot_2,-1.514,-1.677
1776744589,922373795,robot_0,2.054,-2.371
1776744589,922379242,robot_3,4.631,0.117
1776744590,142107117,robot_4,-1.711,2.358
1776744590,142124124,robot_1,-0.878,0.492
1776744590,142130633,robot_2,-1.514,-1.678
1776744590,142136229,robot_0,2.013,-2.356
1776744590,142141293,robot_3,4.631,0.117
1776744590,343225535,robot_4,-1.712,2.357
1776744590,343252179,robot_1,-0.872,0.452
1776744590,343262642,robot_2,-1.514,-1.678
1776744590,343269771,robot_0,1.960,-2.338
1776744590,343295065,robot_3,4.631,0.118
1776744590,562484035,robot_4,-1.712,2.357
1776744590,562505064,robot_1,-0.867,0.419
1776744590,562511936,robot_2,-1.513,-1.678
1776744590,562517021,robot_0,1.910,-2.321
1776744590,562522426,robot_3,4.632,0.118
1776744590,763075337,robot_4,-1.713,2.357
1776744590,763101379,robot_1,-0.863,0.386
1776744590,763113356,robot_2,-1.513,-1.679
1776744590,763122831,robot_0,1.872,-2.307
1776744590,763134393,robot_3,4.632,0.118
1776744590,964178325,robot_4,-1.713,2.357
1776744590,964194227,robot_1,-0.857,0.347
1776744590,964201219,robot_2,-1.513,-1.679
1776744590,964206656,robot_0,1.803,-2.283
1776744590,964212893,robot_3,4.632,0.118
1776744591,182220243,robot_4,-1.714,2.357
1776744591,182237566,robot_1,-0.850,0.300
1776744591,182244132,robot_2,-1.513,-1.675
1776744591,182249632,robot_0,1.743,-2.262
1776744591,182255209,robot_3,4.633,0.118
1776744591,382345860,robot_4,-1.714,2.357
1776744591,382362878,robot_1,-0.844,0.259
1776744591,382369706,robot_2,-1.513,-1.675
1776744591,382374432,robot_0,1.703,-2.248
1776744591,382379086,robot_3,4.633,0.118
1776744591,583099393,robot_4,-1.714,2.358
1776744591,583121396,robot_1,-0.839,0.219
1776744591,583129442,robot_2,-1.513,-1.676
1776744591,583135023,robot_0,1.640,-2.227
1776744591,583140517,robot_3,4.633,0.118
1776744591,802547852,robot_4,-1.715,2.358
1776744591,802564594,robot_1,-0.827,0.147
1776744591,802571296,robot_2,-1.513,-1.676
1776744591,802576415,robot_0,1.588,-2.209
1776744591,802580933,robot_3,4.633,0.118
1776744592,23313291,robot_4,-1.715,2.358
1776744592,23344929,robot_1,-0.817,0.090
1776744592,23360386,robot_2,-1.513,-1.676
1776744592,23372962,robot_0,1.552,-2.197
1776744592,23387066,robot_3,4.633,0.118
1776744592,223806256,robot_4,-1.715,2.358
1776744592,223823003,robot_1,-0.809,0.048
1776744592,223829613,robot_2,-1.513,-1.676
1776744592,223835310,robot_0,1.528,-2.189
1776744592,223840000,robot_3,4.634,0.118
1776744592,424469194,robot_4,-1.715,2.358
1776744592,424494832,robot_1,-0.798,-0.005
1776744592,424520046,robot_2,-1.514,-1.676
1776744592,424529364,robot_0,1.492,-2.177
1776744592,424538682,robot_3,4.634,0.118
1776744592,643225693,robot_4,-1.715,2.359
1776744592,643252444,robot_1,-0.789,-0.052
1776744592,643263138,robot_2,-1.514,-1.677
1776744592,643271038,robot_0,1.439,-2.159
1776744592,643283743,robot_3,4.634,0.117
1776744592,863315544,robot_4,-1.715,2.359
1776744592,863334624,robot_1,-0.778,-0.105
1776744592,863343238,robot_2,-1.514,-1.677
1776744592,863349553,robot_0,1.361,-2.133
1776744592,863355582,robot_3,4.635,0.117
1776744593,64616797,robot_4,-1.715,2.360
1776744593,64650124,robot_1,-0.763,-0.179
1776744593,64664366,robot_2,-1.515,-1.677
1776744593,64675038,robot_0,1.320,-2.119
1776744593,64686009,robot_3,4.635,0.117
1776744593,283660517,robot_4,-1.715,2.360
1776744593,283685725,robot_1,-0.753,-0.230
1776744593,283693365,robot_2,-1.515,-1.677
1776744593,283699154,robot_0,1.285,-2.107
1776744593,283704310,robot_3,4.635,0.116
1776744593,502788756,robot_4,-1.715,2.361
1776744593,502805023,robot_1,-0.741,-0.287
1776744593,502811794,robot_2,-1.516,-1.677
1776744593,502817035,robot_0,1.251,-2.096
1776744593,502821666,robot_3,4.635,0.116
1776744593,703785415,robot_4,-1.715,2.361
1776744593,703813775,robot_1,-0.730,-0.352
1776744593,703822940,robot_2,-1.516,-1.677
1776744593,703829052,robot_0,1.213,-2.083
1776744593,703835134,robot_3,4.635,0.115
1776744593,923509037,robot_4,-1.715,2.361
1776744593,923534532,robot_1,-0.724,-0.397
1776744593,923546548,robot_2,-1.517,-1.677
1776744593,923556002,robot_0,1.162,-2.066
1776744593,923565001,robot_3,4.635,0.115
1776744594,124336087,robot_4,-1.715,2.362
1776744594,124361190,robot_1,-0.720,-0.429
1776744594,124371491,robot_2,-1.517,-1.677
1776744594,124379576,robot_0,1.116,-2.051
1776744594,124387734,robot_3,4.635,0.115
1776744594,342130356,robot_4,-1.714,2.362
1776744594,342147867,robot_1,-0.715,-0.466
1776744594,342156159,robot_2,-1.517,-1.677
1776744594,342161823,robot_0,1.075,-2.037
1776744594,342167517,robot_3,4.635,0.115
1776744594,543778145,robot_4,-1.714,2.362
1776744594,543806784,robot_1,-0.710,-0.505
1776744594,543819747,robot_2,-1.517,-1.677
1776744594,543830017,robot_0,1.054,-2.030
1776744594,543839548,robot_3,4.635,0.115
1776744594,762217025,robot_4,-1.714,2.362
1776744594,762235367,robot_1,-0.705,-0.545
1776744594,762242140,robot_2,-1.517,-1.676
1776744594,762246903,robot_0,1.023,-2.020
1776744594,762251668,robot_3,4.635,0.114
1776744594,962293960,robot_4,-1.714,2.362
1776744594,962308826,robot_1,-0.700,-0.582
1776744594,962315449,robot_2,-1.518,-1.676
1776744594,962321069,robot_0,0.985,-2.007
1776744594,962333812,robot_3,4.634,0.114
1776744595,163478173,robot_4,-1.714,2.362
1776744595,163501543,robot_1,-0.695,-0.622
1776744595,163512201,robot_2,-1.518,-1.676
1776744595,163521946,robot_0,0.937,-1.991
1776744595,163540854,robot_3,4.634,0.114
1776744595,383874154,robot_4,-1.713,2.362
1776744595,383899374,robot_1,-0.686,-0.695
1776744595,383911291,robot_2,-1.518,-1.675
1776744595,383920716,robot_0,0.892,-1.975
1776744595,383929907,robot_3,4.634,0.114
1776744595,602468522,robot_4,-1.713,2.362
1776744595,602489436,robot_1,-0.678,-0.758
1776744595,602496918,robot_2,-1.518,-1.675
1776744595,602502451,robot_0,0.846,-1.960
1776744595,602507698,robot_3,4.633,0.114
1776744595,803297507,robot_4,-1.712,2.362
1776744595,803319524,robot_1,-0.673,-0.797
1776744595,803328502,robot_2,-1.518,-1.674
1776744595,803337496,robot_0,0.793,-1.941
1776744595,803344581,robot_3,4.633,0.114
1776744596,23577176,robot_4,-1.712,2.362
1776744596,23599957,robot_1,-0.668,-0.837
1776744596,23607097,robot_2,-1.518,-1.674
1776744596,23612476,robot_0,0.748,-1.923
1776744596,23617098,robot_3,4.632,0.114
1776744596,224367885,robot_4,-1.711,2.362
1776744596,224400245,robot_1,-0.663,-0.876
1776744596,224415471,robot_2,-1.518,-1.673
1776744596,224427599,robot_0,0.708,-1.906
1776744596,224439152,robot_3,4.632,0.114
1776744596,443354108,robot_4,-1.711,2.362
1776744596,443383983,robot_1,-0.657,-0.925
1776744596,443398881,robot_2,-1.518,-1.673
1776744596,443410852,robot_0,0.657,-1.884
1776744596,443422636,robot_3,4.632,0.114
1776744596,663779043,robot_4,-1.720,2.352
1776744596,663805652,robot_1,-0.648,-0.991
1776744596,663818305,robot_2,-1.491,-1.690
1776744596,663828646,robot_0,0.616,-1.867
1776744596,663839633,robot_3,4.632,0.114
1776744596,883148815,robot_4,-1.742,2.331
1776744596,883166526,robot_1,-0.643,-1.037
1776744596,883184174,robot_2,-1.458,-1.712
1776744596,883190866,robot_0,0.561,-1.843
1776744596,883197678,robot_3,4.632,0.114
1776744597,102318325,robot_4,-1.774,2.301
1776744597,102336511,robot_1,-0.637,-1.078
1776744597,102343504,robot_2,-1.438,-1.721
1776744597,102348959,robot_0,0.498,-1.816
1776744597,102353894,robot_3,4.631,0.114
1776744597,303191328,robot_4,-1.813,2.263
1776744597,303212183,robot_1,-0.633,-1.111
1776744597,303221261,robot_2,-1.431,-1.721
1776744597,303228330,robot_0,0.461,-1.800
1776744597,303236037,robot_3,4.631,0.114
1776744597,503203445,robot_4,-1.853,2.225
1776744597,503223370,robot_1,-0.633,-1.112
1776744597,503231347,robot_2,-1.431,-1.720
1776744597,503238416,robot_0,0.429,-1.785
1776744597,503245307,robot_3,4.631,0.115
1776744597,703279611,robot_4,-1.882,2.197
1776744597,703297178,robot_1,-0.633,-1.112
1776744597,703304478,robot_2,-1.433,-1.713
1776744597,703309873,robot_0,0.396,-1.769
1776744597,703314820,robot_3,4.631,0.115
1776744597,903360736,robot_4,-1.926,2.155
1776744597,903377632,robot_1,-0.633,-1.112
1776744597,903384545,robot_2,-1.440,-1.698
1776744597,903390167,robot_0,0.361,-1.750
1776744597,903395154,robot_3,4.631,0.115
1776744598,103423020,robot_4,-1.973,2.108
1776744598,103444425,robot_1,-0.634,-1.113
1776744598,103452730,robot_2,-1.447,-1.680
1776744598,103459039,robot_0,0.326,-1.730
1776744598,103464865,robot_3,4.630,0.116
1776744598,324121599,robot_4,-2.004,2.077
1776744598,324163049,robot_1,-0.634,-1.113
1776744598,324173447,robot_2,-1.457,-1.664
1776744598,324182740,robot_0,0.288,-1.709
1776744598,324192111,robot_3,4.631,0.116
1776744598,525067019,robot_4,-2.045,2.036
1776744598,525103156,robot_1,-0.634,-1.113
1776744598,525120324,robot_2,-1.471,-1.654
1776744598,525134901,robot_0,0.253,-1.689
1776744598,525149018,robot_3,4.631,0.117
1776744598,742377737,robot_4,-2.088,1.994
1776744598,742403789,robot_1,-0.634,-1.113
1776744598,742409859,robot_2,-1.486,-1.653
1776744598,742414696,robot_0,0.223,-1.672
1776744598,742419910,robot_3,4.631,0.117
1776744598,943136383,robot_4,-2.116,1.966
1776744598,943161174,robot_1,-0.634,-1.114
1776744598,943173009,robot_2,-1.487,-1.653
1776744598,943181998,robot_0,0.192,-1.655
1776744598,943191765,robot_3,4.631,0.117
1776744599,144560750,robot_4,-2.164,1.922
1776744599,144593881,robot_1,-0.634,-1.114
1776744599,144609170,robot_2,-1.486,-1.653
1776744599,144620813,robot_0,0.157,-1.636
1776744599,144631569,robot_3,4.631,0.117
1776744599,363883698,robot_4,-2.211,1.878
1776744599,363908483,robot_1,-0.634,-1.114
1776744599,363920211,robot_2,-1.486,-1.653
1776744599,363929308,robot_0,0.123,-1.618
1776744599,363937726,robot_3,4.631,0.117
1776744599,582605968,robot_4,-2.244,1.848
1776744599,582625619,robot_1,-0.634,-1.114
1776744599,582632215,robot_2,-1.486,-1.653
1776744599,582637178,robot_0,0.086,-1.597
1776744599,582642539,robot_3,4.631,0.117
1776744599,802265495,robot_4,-2.279,1.816
1776744599,802286818,robot_1,-0.634,-1.114
1776744599,802293205,robot_2,-1.486,-1.653
1776744599,802298060,robot_0,0.044,-1.574
1776744599,802303169,robot_3,4.631,0.118
1776744600,3113184,robot_4,-2.309,1.788
1776744600,3136721,robot_1,-0.634,-1.114
1776744600,3143142,robot_2,-1.486,-1.653
1776744600,3148424,robot_0,-0.010,-1.544
1776744600,3153948,robot_3,4.632,0.118
1776744600,222565183,robot_4,-2.344,1.755
1776744600,222584521,robot_1,-0.634,-1.115
1776744600,222591735,robot_2,-1.485,-1.654
1776744600,222597380,robot_0,-0.054,-1.520
1776744600,222602704,robot_3,4.632,0.118
1776744600,423437417,robot_4,-2.384,1.717
1776744600,423466163,robot_1,-0.634,-1.115
1776744600,423474951,robot_2,-1.485,-1.654
1776744600,423483220,robot_0,-0.084,-1.503
1776744600,423491160,robot_3,4.633,0.118
1776744600,623722899,robot_4,-2.415,1.688
1776744600,623754543,robot_1,-0.634,-1.115
1776744600,623769644,robot_2,-1.485,-1.655
1776744600,623782212,robot_0,-0.105,-1.492
1776744600,623794017,robot_3,4.633,0.118
1776744600,823980252,robot_4,-2.441,1.664
1776744600,824002834,robot_1,-0.633,-1.115
1776744600,824012734,robot_2,-1.485,-1.655
1776744600,824021171,robot_0,-0.138,-1.473
1776744600,824029260,robot_3,4.633,0.118
1776744601,42649326,robot_4,-2.465,1.642
1776744601,42670230,robot_1,-0.633,-1.115
1776744601,42677053,robot_2,-1.485,-1.656
1776744601,42682160,robot_0,-0.173,-1.454
1776744601,42687291,robot_3,4.634,0.118
1776744601,242709934,robot_4,-2.495,1.615
1776744601,242729221,robot_1,-0.646,-1.116
1776744601,242737730,robot_2,-1.484,-1.651
1776744601,242745447,robot_0,-0.197,-1.438
1776744601,242752251,robot_3,4.634,0.118
1776744601,442930903,robot_4,-2.531,1.582
1776744601,442946886,robot_1,-0.711,-1.111
1776744601,442953564,robot_2,-1.484,-1.651
1776744601,442959399,robot_0,-0.223,-1.408
1776744601,442964677,robot_3,4.634,0.118
1776744601,643201706,robot_4,-2.582,1.538
1776744601,643219769,robot_1,-0.765,-1.113
1776744601,643227190,robot_2,-1.484,-1.652
1776744601,643232686,robot_0,-0.247,-1.381
1776744601,643238682,robot_3,4.634,0.118
1776744601,844123613,robot_4,-2.614,1.509
1776744601,844145238,robot_1,-0.806,-1.120
1776744601,844155187,robot_2,-1.485,-1.652
1776744601,844163008,robot_0,-0.270,-1.365
1776744601,844169588,robot_3,4.634,0.118
1776744602,44697664,robot_4,-2.649,1.478
1776744602,44718063,robot_1,-0.850,-1.129
1776744602,44725800,robot_2,-1.485,-1.652
1776744602,44731612,robot_0,-0.300,-1.347
1776744602,44736974,robot_3,4.634,0.117
1776744602,263159524,robot_4,-2.696,1.438
1776744602,263183392,robot_1,-0.881,-1.113
1776744602,263194149,robot_2,-1.485,-1.652
1776744602,263202286,robot_0,-0.323,-1.333
1776744602,263210627,robot_3,4.635,0.117
1776744602,463537811,robot_4,-2.704,1.432
1776744602,463559492,robot_1,-0.888,-1.083
1776744602,463570051,robot_2,-1.485,-1.652
1776744602,463578258,robot_0,-0.324,-1.332
1776744602,463586569,robot_3,4.635,0.117
1776744602,682373336,robot_4,-2.704,1.432
1776744602,682394015,robot_1,-0.899,-1.040
1776744602,682403689,robot_2,-1.485,-1.653
1776744602,682410847,robot_0,-0.327,-1.330
1776744602,682417770,robot_3,4.635,0.116
1776744602,903334063,robot_4,-2.704,1.432
1776744602,903371373,robot_1,-0.912,-0.986
1776744602,903386407,robot_2,-1.486,-1.653
1776744602,903398296,robot_0,-0.329,-1.328
1776744602,903409016,robot_3,4.635,0.116
1776744603,103530138,robot_4,-2.705,1.432
1776744603,103562494,robot_1,-0.920,-0.943
1776744603,103576964,robot_2,-1.486,-1.653
1776744603,103588694,robot_0,-0.330,-1.327
1776744603,103600005,robot_3,4.635,0.115
1776744603,323229429,robot_4,-2.705,1.432
1776744603,323254231,robot_1,-0.927,-0.896
1776744603,323264944,robot_2,-1.487,-1.653
1776744603,323273938,robot_0,-0.331,-1.325
1776744603,323287610,robot_3,4.635,0.115
1776744603,523727918,robot_4,-2.706,1.432
1776744603,523746200,robot_1,-0.939,-0.822
1776744603,523753621,robot_2,-1.487,-1.653
1776744603,523759237,robot_0,-0.331,-1.324
1776744603,523764990,robot_3,4.635,0.115
1776744603,723853230,robot_4,-2.706,1.432
1776744603,723878095,robot_1,-0.948,-0.767
1776744603,723888128,robot_2,-1.488,-1.653
1776744603,723896887,robot_0,-0.331,-1.324
1776744603,723904714,robot_3,4.635,0.115
1776744603,924130319,robot_4,-2.706,1.432
1776744603,924171758,robot_1,-0.954,-0.728
1776744603,924194039,robot_2,-1.488,-1.653
1776744603,924213114,robot_0,-0.332,-1.324
1776744603,924230503,robot_3,4.635,0.115
1776744604,143386126,robot_4,-2.707,1.432
1776744604,143408140,robot_1,-0.960,-0.688
1776744604,143417330,robot_2,-1.488,-1.652
1776744604,143424139,robot_0,-0.332,-1.324
1776744604,143430176,robot_3,4.635,0.114
1776744604,362829748,robot_4,-2.707,1.432
1776744604,362852059,robot_1,-0.964,-0.645
1776744604,362862258,robot_2,-1.489,-1.652
1776744604,362870693,robot_0,-0.332,-1.324
1776744604,362878734,robot_3,4.634,0.114
1776744604,585549331,robot_4,-2.707,1.431
1776744604,585572256,robot_1,-0.966,-0.610
1776744604,585581454,robot_2,-1.489,-1.652
1776744604,585588446,robot_0,-0.332,-1.324
1776744604,585595915,robot_3,4.634,0.114
1776744604,803830088,robot_4,-2.707,1.431
1776744604,803854416,robot_1,-0.968,-0.584
1776744604,803865778,robot_2,-1.489,-1.652
1776744604,803875758,robot_0,-0.332,-1.323
1776744604,803884509,robot_3,4.633,0.114
1776744605,22204063,robot_4,-2.707,1.431
1776744605,22220173,robot_1,-0.972,-0.540
1776744605,22226968,robot_2,-1.489,-1.652
1776744605,22232399,robot_0,-0.333,-1.323
1776744605,22239599,robot_3,4.633,0.114
1776744605,224394981,robot_4,-2.707,1.431
1776744605,224434132,robot_1,-0.975,-0.492
1776744605,224455764,robot_2,-1.489,-1.652
1776744605,224473811,robot_0,-0.333,-1.323
1776744605,224490715,robot_3,4.633,0.114
1776744605,443463881,robot_4,-2.708,1.431
1776744605,443488518,robot_1,-0.981,-0.439
1776744605,443499968,robot_2,-1.489,-1.651
1776744605,443508908,robot_0,-0.333,-1.323
1776744605,443517222,robot_3,4.632,0.114
1776744605,663735734,robot_4,-2.708,1.430
1776744605,663756399,robot_1,-0.988,-0.395
1776744605,663764805,robot_2,-1.489,-1.650
1776744605,663771429,robot_0,-0.333,-1.322
1776744605,663777266,robot_3,4.632,0.114
1776744605,883337115,robot_4,-2.708,1.430
1776744605,883364171,robot_1,-0.991,-0.370
1776744605,883378439,robot_2,-1.489,-1.650
1776744605,883389103,robot_0,-0.333,-1.322
1776744605,883398421,robot_3,4.631,0.114
1776744606,85364635,robot_4,-2.708,1.429
1776744606,85406959,robot_1,-0.997,-0.340
1776744606,85428856,robot_2,-1.489,-1.649
1776744606,85446164,robot_0,-0.333,-1.321
1776744606,85462775,robot_3,4.631,0.114
1776744606,303375911,robot_4,-2.708,1.429
1776744606,303402101,robot_1,-1.006,-0.296
1776744606,303422679,robot_2,-1.489,-1.649
1776744606,303429718,robot_0,-0.333,-1.321
1776744606,303436840,robot_3,4.631,0.114
1776744606,523764486,robot_4,-2.707,1.429
1776744606,523790565,robot_1,-1.019,-0.231
1776744606,523802417,robot_2,-1.489,-1.649
1776744606,523812228,robot_0,-0.332,-1.321
1776744606,523820648,robot_3,4.631,0.114
1776744606,724136573,robot_4,-2.707,1.428
1776744606,724159079,robot_1,-1.028,-0.186
1776744606,724169859,robot_2,-1.483,-1.654
1776744606,724178130,robot_0,-0.326,-1.326
1776744606,724185738,robot_3,4.631,0.114
1776744606,942864840,robot_4,-2.707,1.428
1776744606,942884484,robot_1,-1.036,-0.145
1776744606,942893330,robot_2,-1.459,-1.673
1776744606,942899855,robot_0,-0.294,-1.353
1776744606,942907288,robot_3,4.631,0.115
1776744607,143996745,robot_4,-2.699,1.436
1776744607,144018158,robot_1,-1.043,-0.111
1776744607,144028040,robot_2,-1.431,-1.693
1776744607,144035841,robot_0,-0.264,-1.379
1776744607,144043550,robot_3,4.631,0.115
1776744607,363948622,robot_4,-2.671,1.465
1776744607,363968656,robot_1,-1.051,-0.069
1776744607,363977115,robot_2,-1.419,-1.699
1776744607,363984727,robot_0,-0.221,-1.414
1776744607,363991092,robot_3,4.630,0.116
1776744607,582719811,robot_4,-2.641,1.497
1776744607,582739766,robot_1,-1.059,-0.028
1776744607,582746264,robot_2,-1.419,-1.699
1776744607,582751905,robot_0,-0.170,-1.455
1776744607,582757519,robot_3,4.630,0.116
1776744607,783056891,robot_4,-2.619,1.519
1776744607,783075396,robot_1,-1.066,0.007
1776744607,783089824,robot_2,-1.418,-1.696
1776744607,783095064,robot_0,-0.139,-1.479
1776744607,783099912,robot_3,4.631,0.116
1776744608,3310276,robot_4,-2.597,1.542
1776744608,3326971,robot_1,-1.075,0.051
1776744608,3333832,robot_2,-1.423,-1.677
1776744608,3339063,robot_0,-0.106,-1.504
1776744608,3344452,robot_3,4.631,0.117
1776744608,224198140,robot_4,-2.567,1.574
1776744608,224235417,robot_1,-1.087,0.114
1776744608,224255215,robot_2,-1.431,-1.659
1776744608,224272061,robot_0,-0.074,-1.528
1776744608,224324235,robot_3,4.631,0.117
1776744608,443032738,robot_4,-2.535,1.607
1776744608,443053022,robot_1,-1.102,0.187
1776744608,443061603,robot_2,-1.443,-1.644
1776744608,443068477,robot_0,-0.038,-1.555
1776744608,443074795,robot_3,4.631,0.117
1776744608,643820553,robot_4,-2.507,1.636
1776744608,643842479,robot_1,-1.110,0.226
1776744608,643851187,robot_2,-1.460,-1.637
1776744608,643857712,robot_0,-0.005,-1.580
1776744608,643868864,robot_3,4.631,0.117
1776744608,863762051,robot_4,-2.476,1.668
1776744608,863781822,robot_1,-1.121,0.286
1776744608,863790814,robot_2,-1.467,-1.637
1776744608,863797113,robot_0,0.031,-1.607
1776744608,863803711,robot_3,4.631,0.117
1776744609,82745636,robot_4,-2.439,1.706
1776744609,82765180,robot_1,-1.131,0.341
1776744609,82771539,robot_2,-1.466,-1.637
1776744609,82777087,robot_0,0.068,-1.635
1776744609,82782239,robot_3,4.631,0.118
1776744609,282888240,robot_4,-2.410,1.737
1776744609,282907621,robot_1,-1.137,0.381
1776744609,282917334,robot_2,-1.466,-1.637
1776744609,282924841,robot_0,0.111,-1.668
1776744609,282932268,robot_3,4.632,0.118
1776744609,483301047,robot_4,-2.383,1.765
1776744609,483329738,robot_1,-1.146,0.437
1776744609,483342831,robot_2,-1.466,-1.638
1776744609,483354252,robot_0,0.145,-1.698
1776744609,483367888,robot_3,4.632,0.118
1776744609,703105168,robot_4,-2.356,1.794
1776744609,703122706,robot_1,-1.154,0.489
1776744609,703129208,robot_2,-1.466,-1.638
1776744609,703134336,robot_0,0.178,-1.727
1776744609,703139634,robot_3,4.632,0.118
1776744609,923384563,robot_4,-2.326,1.825
1776744609,923405130,robot_1,-1.161,0.531
1776744609,923413279,robot_2,-1.466,-1.638
1776744609,923419738,robot_0,0.212,-1.759
1776744609,923426399,robot_3,4.633,0.118
1776744610,142397470,robot_4,-2.296,1.855
1776744610,142416521,robot_1,-1.167,0.570
1776744610,142423547,robot_2,-1.466,-1.638
1776744610,142428773,robot_0,0.243,-1.791
1776744610,142433750,robot_3,4.633,0.118
1776744610,342914589,robot_4,-2.270,1.882
1776744610,342934064,robot_1,-1.174,0.608
1776744610,342943270,robot_2,-1.465,-1.638
1776744610,342950435,robot_0,0.277,-1.827
1776744610,342957142,robot_3,4.634,0.118
1776744610,543587587,robot_4,-2.241,1.909
1776744610,543610742,robot_1,-1.180,0.643
1776744610,543618647,robot_2,-1.465,-1.639
1776744610,543625308,robot_0,0.321,-1.875
1776744610,543631820,robot_3,4.634,0.118
1776744610,763007285,robot_4,-2.209,1.939
1776744610,763033353,robot_1,-1.184,0.668
1776744610,763044371,robot_2,-1.465,-1.639
1776744610,763053484,robot_0,0.353,-1.909
1776744610,763061027,robot_3,4.634,0.118
1776744610,983308034,robot_4,-2.177,1.968
1776744610,983335658,robot_1,-1.192,0.709
1776744610,983348066,robot_2,-1.465,-1.640
1776744610,983357912,robot_0,0.385,-1.945
1776744610,983367267,robot_3,4.634,0.118
1776744611,203959351,robot_4,-2.144,1.998
1776744611,203981582,robot_1,-1.200,0.757
1776744611,203991353,robot_2,-1.464,-1.636
1776744611,203999342,robot_0,0.419,-1.982
1776744611,204006432,robot_3,4.634,0.118
1776744611,423209976,robot_4,-2.111,2.029
1776744611,423240114,robot_1,-1.210,0.808
1776744611,423254411,robot_2,-1.464,-1.635
1776744611,423266131,robot_0,0.448,-2.015
1776744611,423282971,robot_3,4.634,0.117
1776744611,623930786,robot_4,-2.080,2.057
1776744611,623968401,robot_1,-1.219,0.847
1776744611,623984714,robot_2,-1.464,-1.636
1776744611,623997160,robot_0,0.488,-2.059
1776744611,624009998,robot_3,4.635,0.117
1776744611,842980738,robot_4,-2.048,2.087
1776744611,843000379,robot_1,-1.229,0.895
1776744611,843007785,robot_2,-1.464,-1.636
1776744611,843014067,robot_0,0.529,-2.104
1776744611,843020972,robot_3,4.635,0.117
1776744612,44176537,robot_4,-1.997,2.134
1776744612,44211016,robot_1,-1.238,0.938
1776744612,44225966,robot_2,-1.464,-1.636
1776744612,44236765,robot_0,0.556,-2.134
1776744612,44246913,robot_3,4.635,0.116
1776744612,263974577,robot_4,-1.948,2.179
1776744612,263999089,robot_1,-1.248,0.981
1776744612,264008630,robot_2,-1.464,-1.636
1776744612,264015952,robot_0,0.582,-2.163
1776744612,264023183,robot_3,4.635,0.116
1776744612,483132277,robot_4,-1.947,2.180
1776744612,483149908,robot_1,-1.261,1.048
1776744612,483156147,robot_2,-1.465,-1.636
1776744612,483161578,robot_0,0.611,-2.194
1776744612,483166815,robot_3,4.635,0.115
1776744612,703302759,robot_4,-1.948,2.180
1776744612,703322688,robot_1,-1.271,1.105
1776744612,703330929,robot_2,-1.465,-1.637
1776744612,703337809,robot_0,0.640,-2.227
1776744612,703344594,robot_3,4.635,0.115
1776744612,903852392,robot_4,-1.948,2.181
1776744612,903872294,robot_1,-1.277,1.143
1776744612,903879997,robot_2,-1.466,-1.637
1776744612,903886549,robot_0,0.668,-2.257
1776744612,903893375,robot_3,4.635,0.114
1776744613,123317591,robot_4,-1.948,2.181
1776744613,123345773,robot_1,-1.282,1.177
1776744613,123356585,robot_2,-1.466,-1.637
1776744613,123365156,robot_0,0.699,-2.289
1776744613,123373515,robot_3,4.625,0.121
1776744613,342773767,robot_4,-1.948,2.182
1776744613,342792396,robot_1,-1.288,1.218
1776744613,342799874,robot_2,-1.467,-1.637
1776744613,342806735,robot_0,0.734,-2.326
1776744613,342813754,robot_3,4.570,0.162
1776744613,543838865,robot_4,-1.948,2.182
1776744613,543869828,robot_1,-1.294,1.259
1776744613,543885140,robot_2,-1.467,-1.637
1776744613,543896269,robot_0,0.773,-2.369
1776744613,543907647,robot_3,4.537,0.187
1776744613,764177738,robot_4,-1.947,2.183
1776744613,764202318,robot_1,-1.301,1.308
1776744613,764212950,robot_2,-1.468,-1.637
1776744613,764221165,robot_0,0.802,-2.403
1776744613,764229410,robot_3,4.500,0.214
1776744613,982475217,robot_4,-1.947,2.183
1776744613,982492201,robot_1,-1.309,1.351
1776744613,982498677,robot_2,-1.468,-1.637
1776744613,982503871,robot_0,0.836,-2.446
1776744613,982508904,robot_3,4.463,0.242
1776744614,202554026,robot_4,-1.947,2.183
1776744614,202570634,robot_1,-1.318,1.403
1776744614,202576984,robot_2,-1.468,-1.637
1776744614,202582526,robot_0,0.873,-2.491
1776744614,202587683,robot_3,4.428,0.269
1776744614,422290841,robot_4,-1.947,2.184
1776744614,422306470,robot_1,-1.329,1.458
1776744614,422312854,robot_2,-1.468,-1.637
1776744614,422318253,robot_0,0.900,-2.525
1776744614,422323080,robot_3,4.403,0.287
1776744614,624531742,robot_4,-1.947,2.184
1776744614,624565730,robot_1,-1.336,1.497
1776744614,624581119,robot_2,-1.468,-1.637
1776744614,624594536,robot_0,0.927,-2.559
1776744614,624607270,robot_3,4.378,0.305
1776744614,844100402,robot_4,-1.947,2.184
1776744614,844133415,robot_1,-1.348,1.564
1776744614,844147734,robot_2,-1.469,-1.636
1776744614,844159616,robot_0,0.956,-2.595
1776744614,844171862,robot_3,4.343,0.332
1776744615,62395653,robot_4,-1.946,2.184
1776744615,62417211,robot_1,-1.361,1.634
1776744615,62423310,robot_2,-1.469,-1.636
1776744615,62428698,robot_0,0.984,-2.629
1776744615,62433957,robot_3,4.316,0.352
1776744615,263850206,robot_4,-1.946,2.184
1776744615,263875832,robot_1,-1.368,1.673
1776744615,263886693,robot_2,-1.469,-1.636
1776744615,263895552,robot_0,1.010,-2.661
1776744615,263903879,robot_3,4.288,0.374
1776744615,482119140,robot_4,-1.945,2.184
1776744615,482136984,robot_1,-1.382,1.748
1776744615,482145193,robot_2,-1.469,-1.635
1776744615,482152235,robot_0,1.039,-2.694
1776744615,482157940,robot_3,4.251,0.404
1776744615,682313876,robot_4,-1.945,2.184
1776744615,682330603,robot_1,-1.393,1.809
1776744615,682336970,robot_2,-1.469,-1.635
1776744615,682341804,robot_0,1.067,-2.726
1776744615,682346957,robot_3,4.193,0.450
1776744615,882852377,robot_4,-1.944,2.184
1776744615,882872261,robot_1,-1.400,1.848
1776744615,882880736,robot_2,-1.469,-1.634
1776744615,882887124,robot_0,1.114,-2.779
1776744615,882893159,robot_3,4.150,0.483
1776744616,83577090,robot_4,-1.944,2.184
1776744616,83597860,robot_1,-1.409,1.899
1776744616,83604797,robot_2,-1.469,-1.634
1776744616,83610427,robot_0,1.149,-2.819
1776744616,83615045,robot_3,4.116,0.509
1776744616,303804947,robot_4,-1.946,2.189
1776744616,303834614,robot_1,-1.415,1.946
1776744616,303845926,robot_2,-1.469,-1.633
1776744616,303857037,robot_0,1.178,-2.852
1776744616,303865764,robot_3,4.071,0.543
1776744616,524404619,robot_4,-1.981,2.227
1776744616,524427345,robot_1,-1.398,1.997
1776744616,524438072,robot_2,-1.469,-1.633
1776744616,524446665,robot_0,1.204,-2.884
1776744616,524454595,robot_3,4.033,0.569
1776744616,742969673,robot_4,-2.002,2.253
1776744616,742988505,robot_1,-1.394,2.061
1776744616,742996557,robot_2,-1.460,-1.639
1776744616,743002669,robot_0,1.231,-2.919
1776744616,743008570,robot_3,3.990,0.597
1776744616,943570896,robot_4,-2.003,2.253
1776744616,943593836,robot_1,-1.402,2.104
1776744616,943603323,robot_2,-1.437,-1.655
1776744616,943610515,robot_0,1.252,-2.948
1776744616,943618110,robot_3,3.944,0.627
1776744617,163902525,robot_4,-2.003,2.253
1776744617,163928060,robot_1,-1.408,2.137
1776744617,163937744,robot_2,-1.410,-1.663
1776744617,163945717,robot_0,1.273,-2.976
1776744617,163953146,robot_3,3.908,0.652
1776744617,382941165,robot_4,-2.002,2.253
1776744617,382965616,robot_1,-1.408,2.137
1776744617,382977162,robot_2,-1.399,-1.670
1776744617,382987944,robot_0,1.299,-3.011
1776744617,383012180,robot_3,3.890,0.664
1776744617,602957150,robot_4,-2.002,2.253
1776744617,602975679,robot_1,-1.409,2.137
1776744617,602982207,robot_2,-1.399,-1.670
1776744617,602987867,robot_0,1.311,-3.027
1776744617,602993016,robot_3,3.890,0.664
1776744617,823471906,robot_4,-2.002,2.252
1776744617,823504818,robot_1,-1.409,2.137
1776744617,823519139,robot_2,-1.398,-1.670
1776744617,823530205,robot_0,1.311,-3.027
1776744617,823540699,robot_3,3.889,0.663
1776744618,44626346,robot_4,-2.002,2.252
1776744618,44649602,robot_1,-1.410,2.137
1776744618,44657138,robot_2,-1.398,-1.656
1776744618,44663167,robot_0,1.311,-3.027
1776744618,44668578,robot_3,3.889,0.663
1776744618,262584479,robot_4,-2.006,2.249
1776744618,262600091,robot_1,-1.410,2.137
1776744618,262606861,robot_2,-1.405,-1.637
1776744618,262612043,robot_0,1.311,-3.027
1776744618,262617568,robot_3,3.889,0.663
1776744618,463128032,robot_4,-2.021,2.218
1776744618,463151464,robot_1,-1.410,2.137
1776744618,463161861,robot_2,-1.416,-1.624
1776744618,463169752,robot_0,1.312,-3.027
1776744618,463177590,robot_3,3.888,0.663
1776744618,683458058,robot_4,-2.050,2.204
1776744618,683475831,robot_1,-1.405,2.118
1776744618,683482559,robot_2,-1.434,-1.616
1776744618,683488087,robot_0,1.312,-3.027
1776744618,683492957,robot_3,3.888,0.663
1776744618,883961565,robot_4,-2.076,2.196
1776744618,883991424,robot_1,-1.402,2.106
1776744618,884004665,robot_2,-1.438,-1.616
1776744618,884010152,robot_0,1.313,-3.027
1776744618,884015461,robot_3,3.887,0.663
1776744619,103525810,robot_4,-2.088,2.190
1776744619,103560141,robot_1,-1.403,2.105
1776744619,103574922,robot_2,-1.438,-1.616
1776744619,103586834,robot_0,1.313,-3.027
1776744619,103598499,robot_3,3.887,0.663
1776744619,303693014,robot_4,-2.132,2.235
1776744619,303716011,robot_1,-1.403,2.105
1776744619,303725266,robot_2,-1.438,-1.617
1776744619,303734223,robot_0,1.313,-3.027
1776744619,303741754,robot_3,3.887,0.663
1776744619,523461868,robot_4,-2.172,2.275
1776744619,523478945,robot_1,-1.403,2.105
1776744619,523485712,robot_2,-1.437,-1.617
1776744619,523491676,robot_0,1.313,-3.028
1776744619,523496772,robot_3,3.887,0.663
1776744619,724547038,robot_4,-2.194,2.297
1776744619,724592649,robot_1,-1.404,2.105
1776744619,724609562,robot_2,-1.438,-1.617
1776744619,724623657,robot_0,1.313,-3.028
1776744619,724637190,robot_3,3.887,0.663
1776744619,943197569,robot_4,-2.196,2.298
1776744619,943227241,robot_1,-1.406,2.106
1776744619,943241903,robot_2,-1.437,-1.617
1776744619,943253212,robot_0,1.313,-3.028
1776744619,943265375,robot_3,3.887,0.664
1776744620,162047132,robot_4,-2.198,2.300
1776744620,162069220,robot_1,-1.408,2.107
1776744620,162075239,robot_2,-1.437,-1.617
1776744620,162080473,robot_0,1.314,-3.028
1776744620,162085325,robot_3,3.886,0.664
1776744620,363626173,robot_4,-2.201,2.302
1776744620,363647289,robot_1,-1.410,2.108
1776744620,363656039,robot_2,-1.437,-1.618
1776744620,363662926,robot_0,1.314,-3.028
1776744620,363669480,robot_3,3.886,0.664
1776744620,583168222,robot_4,-2.202,2.296
1776744620,583187973,robot_1,-1.411,2.110
1776744620,583194445,robot_2,-1.437,-1.618
1776744620,583199484,robot_0,1.314,-3.029
1776744620,583204153,robot_3,3.886,0.665
1776744620,804125717,robot_4,-2.195,2.267
1776744620,804146104,robot_1,-1.412,2.112
1776744620,804154109,robot_2,-1.436,-1.618
1776744620,804160263,robot_0,1.314,-3.029
1776744620,804166656,robot_3,3.886,0.665
1776744621,23498278,robot_4,-2.180,2.232
1776744621,23524228,robot_1,-1.413,2.114
1776744621,23536100,robot_2,-1.436,-1.619
1776744621,23545864,robot_0,1.314,-3.029
1776744621,23555233,robot_3,3.886,0.666
1776744621,242366566,robot_4,-2.153,2.192
1776744621,242393291,robot_1,-1.413,2.116
1776744621,242404288,robot_2,-1.434,-1.614
1776744621,242413339,robot_0,1.313,-3.030
1776744621,242422499,robot_3,3.886,0.666
1776744621,461890022,robot_4,-2.138,2.180
1776744621,461907121,robot_1,-1.412,2.117
1776744621,461913433,robot_2,-1.432,-1.614
1776744621,461918495,robot_0,1.313,-3.030
1776744621,461923856,robot_3,3.886,0.666
1776744621,663080285,robot_4,-2.136,2.181
1776744621,663107214,robot_1,-1.412,2.106
1776744621,663119756,robot_2,-1.431,-1.615
1776744621,663130340,robot_0,1.313,-3.030
1776744621,663139261,robot_3,3.886,0.667
1776744621,881998970,robot_4,-2.136,2.182
1776744621,882015574,robot_1,-1.414,2.031
1776744621,882022041,robot_2,-1.431,-1.615
1776744621,882027127,robot_0,1.313,-3.031
1776744621,882032129,robot_3,3.887,0.667
1776744622,83154789,robot_4,-2.136,2.182
1776744622,83173829,robot_1,-1.415,1.989
1776744622,83180235,robot_2,-1.431,-1.615
1776744622,83185590,robot_0,1.312,-3.031
1776744622,83190522,robot_3,3.887,0.667
1776744622,302177897,robot_4,-2.135,2.183
1776744622,302194623,robot_1,-1.416,1.954
1776744622,302200990,robot_2,-1.430,-1.616
1776744622,302206481,robot_0,1.296,-3.002
1776744622,302211344,robot_3,3.887,0.667
1776744622,502423168,robot_4,-2.134,2.186
1776744622,502444277,robot_1,-1.417,1.927
1776744622,502450913,robot_2,-1.430,-1.617
1776744622,502456466,robot_0,1.263,-2.947
1776744622,502461504,robot_3,3.887,0.667
1776744622,702524784,robot_4,-2.134,2.190
1776744622,702542239,robot_1,-1.419,1.887
1776744622,702549288,robot_2,-1.429,-1.619
1776744622,702554352,robot_0,1.242,-2.913
1776744622,702559360,robot_3,3.887,0.667
1776744622,924688667,robot_4,-2.134,2.193
1776744622,924725332,robot_1,-1.420,1.847
1776744622,924742835,robot_2,-1.429,-1.620
1776744622,924758158,robot_0,1.218,-2.871
1776744622,924771645,robot_3,3.888,0.667
1776744623,142836612,robot_4,-2.135,2.196
1776744623,142862641,robot_1,-1.423,1.807
1776744623,142872993,robot_2,-1.429,-1.622
1776744623,142881636,robot_0,1.193,-2.830
1776744623,142889719,robot_3,3.888,0.667
1776744623,362971178,robot_4,-2.135,2.198
1776744623,362986236,robot_1,-1.428,1.763
1776744623,362993092,robot_2,-1.437,-1.618
1776744623,362998516,robot_0,1.171,-2.793
1776744623,363003931,robot_3,3.888,0.667
1776744623,563600063,robot_4,-2.123,2.183
1776744623,563619933,robot_1,-1.434,1.707
1776744623,563626267,robot_2,-1.442,-1.620
1776744623,563631124,robot_0,1.158,-2.770
1776744623,563635839,robot_3,3.889,0.667
1776744623,781947639,robot_4,-2.124,2.183
1776744623,781965916,robot_1,-1.441,1.651
1776744623,781972123,robot_2,-1.444,-1.623
1776744623,781977220,robot_0,1.138,-2.737
1776744623,781982188,robot_3,3.889,0.667
1776744623,982985902,robot_4,-2.125,2.183
1776744623,983005017,robot_1,-1.445,1.611
1776744623,983012783,robot_2,-1.445,-1.624
1776744623,983019174,robot_0,1.116,-2.701
1776744623,983025201,robot_3,3.890,0.667
1776744624,203600848,robot_4,-2.125,2.183
1776744624,203621010,robot_1,-1.454,1.533
1776744624,203628832,robot_2,-1.446,-1.624
1776744624,203635446,robot_0,1.079,-2.637
1776744624,203642880,robot_3,3.890,0.667
1776744624,423429681,robot_4,-2.125,2.183
1776744624,423451975,robot_1,-1.462,1.472
1776744624,423461580,robot_2,-1.446,-1.624
1776744624,423469710,robot_0,1.052,-2.592
1776744624,423477742,robot_3,3.890,0.667
1776744624,643127521,robot_4,-2.126,2.183
1776744624,643160914,robot_1,-1.468,1.422
1776744624,643177970,robot_2,-1.446,-1.624
1776744624,643192240,robot_0,1.029,-2.554
1776744624,643205131,robot_3,3.890,0.667
1776744624,843175751,robot_4,-2.126,2.183
1776744624,843196945,robot_1,-1.476,1.347
1776744624,843206361,robot_2,-1.446,-1.624
1776744624,843213952,robot_0,1.009,-2.521
1776744624,843221289,robot_3,3.890,0.666
1776744625,62641952,robot_4,-2.127,2.183
1776744625,62662845,robot_1,-1.483,1.291
1776744625,62669442,robot_2,-1.446,-1.624
1776744625,62674564,robot_0,0.987,-2.483
1776744625,62679834,robot_3,3.890,0.666
1776744625,262840467,robot_4,-2.127,2.182
1776744625,262864649,robot_1,-1.488,1.245
1776744625,262874730,robot_2,-1.446,-1.623
1776744625,262883458,robot_0,0.970,-2.455
1776744625,262891989,robot_3,3.890,0.666
1776744625,463097456,robot_4,-2.127,2.182
1776744625,463123884,robot_1,-1.495,1.187
1776744625,463136312,robot_2,-1.447,-1.623
1776744625,463146502,robot_0,0.957,-2.432
1776744625,463156624,robot_3,3.890,0.665
1776744625,683811613,robot_4,-2.127,2.181
1776744625,683835082,robot_1,-1.501,1.141
1776744625,683844547,robot_2,-1.447,-1.622
1776744625,683851916,robot_0,0.934,-2.394
1776744625,683858798,robot_3,3.890,0.665
1776744625,903369832,robot_4,-2.127,2.181
1776744625,903388497,robot_1,-1.507,1.092
1776744625,903395774,robot_2,-1.446,-1.622
1776744625,903401866,robot_0,0.915,-2.362
1776744625,903407471,robot_3,3.890,0.664
1776744626,123597714,robot_4,-2.126,2.181
1776744626,123622768,robot_1,-1.514,1.042
1776744626,123631805,robot_2,-1.446,-1.621
1776744626,123638877,robot_0,0.895,-2.328
1776744626,123646191,robot_3,3.890,0.664
1776744626,323849553,robot_4,-2.126,2.180
1776744626,323882081,robot_1,-1.521,1.002
1776744626,323893663,robot_2,-1.446,-1.621
1776744626,323902333,robot_0,0.875,-2.294
1776744626,323912028,robot_3,3.890,0.664
1776744626,524443581,robot_4,-2.126,2.180
1776744626,524474398,robot_1,-1.532,0.942
1776744626,524488322,robot_2,-1.446,-1.621
1776744626,524499401,robot_0,0.854,-2.258
1776744626,524509953,robot_3,3.890,0.663
1776744626,742760790,robot_4,-2.110,2.211
1776744626,742778582,robot_1,-1.545,0.866
1776744626,742785691,robot_2,-1.424,-1.640
1776744626,742791038,robot_0,0.832,-2.219
1776744626,742796718,robot_3,3.890,0.663
1776744626,963617298,robot_4,-2.090,2.243
1776744626,963633175,robot_1,-1.552,0.823
1776744626,963639935,robot_2,-1.394,-1.665
1776744626,963645701,robot_0,0.811,-2.180
1776744626,963650735,robot_3,3.890,0.663
1776744627,182431274,robot_4,-2.081,2.255
1776744627,182448841,robot_1,-1.563,0.759
1776744627,182455886,robot_2,-1.378,-1.674
1776744627,182462085,robot_0,0.774,-2.112
1776744627,182467863,robot_3,3.890,0.663
1776744627,383184531,robot_4,-2.083,2.250
1776744627,383202668,robot_1,-1.572,0.707
1776744627,383209948,robot_2,-1.377,-1.674
1776744627,383215447,robot_0,0.749,-2.065
1776744627,383220630,robot_3,3.890,0.664
1776744627,603040926,robot_4,-2.090,2.237
1776744627,603060059,robot_1,-1.580,0.663
1776744627,603066602,robot_2,-1.376,-1.671
1776744627,603071689,robot_0,0.726,-2.024
1776744627,603076742,robot_3,3.890,0.664
1776744627,804034386,robot_4,-2.098,2.224
1776744627,804064448,robot_1,-1.587,0.618
1776744627,804074614,robot_2,-1.380,-1.655
1776744627,804082668,robot_0,0.702,-1.978
1776744627,804090400,robot_3,3.890,0.664
1776744628,23650245,robot_4,-2.110,2.210
1776744628,23676040,robot_1,-1.592,0.572
1776744628,23687463,robot_2,-1.386,-1.636
1776744628,23696217,robot_0,0.680,-1.937
1776744628,23705405,robot_3,3.890,0.665
1776744628,223803016,robot_4,-2.122,2.197
1776744628,223822760,robot_1,-1.596,0.528
1776744628,223830420,robot_2,-1.395,-1.620
1776744628,223837077,robot_0,0.658,-1.896
1776744628,223842884,robot_3,3.890,0.665
1776744628,443336915,robot_4,-2.136,2.185
1776744628,443372328,robot_1,-1.603,0.452
1776744628,443388419,robot_2,-1.409,-1.608
1776744628,443400145,robot_0,0.627,-1.839
1776744628,443411489,robot_3,3.890,0.666
1776744628,643799643,robot_4,-2.136,2.185
1776744628,643830595,robot_1,-1.608,0.404
1776744628,643846868,robot_2,-1.424,-1.605
1776744628,643858210,robot_0,0.607,-1.802
1776744628,643868860,robot_3,3.889,0.666
1776744628,861958101,robot_4,-2.136,2.186
1776744628,861975593,robot_1,-1.612,0.353
1776744628,861983099,robot_2,-1.427,-1.607
1776744628,861988219,robot_0,0.583,-1.758
1776744628,861993568,robot_3,3.889,0.666
1776744629,62460529,robot_4,-2.136,2.186
1776744629,62480621,robot_1,-1.617,0.292
1776744629,62487027,robot_2,-1.428,-1.610
1776744629,62492377,robot_0,0.560,-1.712
1776744629,62497427,robot_3,3.889,0.666
1776744629,263991719,robot_4,-2.136,2.187
1776744629,264015441,robot_1,-1.621,0.250
1776744629,264025903,robot_2,-1.428,-1.611
1776744629,264034129,robot_0,0.543,-1.676
1776744629,264041871,robot_3,3.889,0.666
1776744629,483305320,robot_4,-2.136,2.187
1776744629,483325473,robot_1,-1.624,0.196
1776744629,483334836,robot_2,-1.428,-1.611
1776744629,483341879,robot_0,0.522,-1.629
1776744629,483348943,robot_3,3.889,0.666
1776744629,703618586,robot_4,-2.102,2.189
1776744629,703648478,robot_1,-1.629,0.131
1776744629,703659779,robot_2,-1.429,-1.612
1776744629,703668753,robot_0,0.499,-1.580
1776744629,703677349,robot_3,3.889,0.666
1776744629,924335994,robot_4,-2.028,2.195
1776744629,924364806,robot_1,-1.632,0.087
1776744629,924372575,robot_2,-1.431,-1.615
1776744629,924377780,robot_0,0.481,-1.540
1776744629,924382904,robot_3,3.890,0.666
1776744630,142452072,robot_4,-1.984,2.198
1776744630,142469966,robot_1,-1.636,0.022
1776744630,142476854,robot_2,-1.434,-1.618
1776744630,142482510,robot_0,0.453,-1.478
1776744630,142487701,robot_3,3.890,0.665
1776744630,343634910,robot_4,-1.937,2.202
1776744630,343653597,robot_1,-1.641,-0.039
1776744630,343660610,robot_2,-1.437,-1.620
1776744630,343666131,robot_0,0.429,-1.427
1776744630,343671840,robot_3,3.890,0.665
1776744630,563129079,robot_4,-1.889,2.205
1776744630,563150550,robot_1,-1.644,-0.083
1776744630,563157925,robot_2,-1.441,-1.622
1776744630,563164327,robot_0,0.411,-1.386
1776744630,563169615,robot_3,3.890,0.664
1776744630,783189084,robot_4,-1.847,2.208
1776744630,783208750,robot_1,-1.646,-0.121
1776744630,783217044,robot_2,-1.446,-1.622
1776744630,783223854,robot_0,0.390,-1.341
1776744630,783230419,robot_3,3.889,0.664
1776744630,983254334,robot_4,-1.823,2.210
1776744630,983271502,robot_1,-1.649,-0.158
1776744630,983281070,robot_2,-1.450,-1.622
1776744630,983286502,robot_0,0.373,-1.304
1776744630,983291723,robot_3,3.889,0.664
1776744631,183296911,robot_4,-1.789,2.213
1776744631,183317763,robot_1,-1.652,-0.198
1776744631,183326194,robot_2,-1.453,-1.621
1776744631,183333327,robot_0,0.356,-1.265
1776744631,183340361,robot_3,3.889,0.663
1776744631,403152110,robot_4,-1.740,2.217
1776744631,403177209,robot_1,-1.654,-0.234
1776744631,403187960,robot_2,-1.457,-1.619
1776744631,403196237,robot_0,0.329,-1.205
1776744631,403204268,robot_3,3.889,0.663
1776744631,624060956,robot_4,-1.665,2.222
1776744631,624083860,robot_1,-1.657,-0.275
1776744631,624092173,robot_2,-1.459,-1.618
1776744631,624098489,robot_0,0.309,-1.159
1776744631,624104744,robot_3,3.889,0.663
1776744631,824084567,robot_4,-1.619,2.226
1776744631,824104536,robot_1,-1.660,-0.318
1776744631,824113094,robot_2,-1.459,-1.618
1776744631,824119373,robot_0,0.291,-1.115
1776744631,824125484,robot_3,3.889,0.663
1776744632,42885806,robot_4,-1.566,2.230
1776744632,42908435,robot_1,-1.665,-0.387
1776744632,42917209,robot_2,-1.459,-1.618
1776744632,42923620,robot_0,0.264,-1.048
1776744632,42930121,robot_3,3.889,0.663
1776744632,243455401,robot_4,-1.503,2.234
1776744632,243477281,robot_1,-1.668,-0.433
1776744632,243487765,robot_2,-1.461,-1.616
1776744632,243496185,robot_0,0.249,-1.007
1776744632,243504197,robot_3,3.888,0.663
1776744632,443631333,robot_4,-1.461,2.238
1776744632,443653220,robot_1,-1.671,-0.476
1776744632,443662943,robot_2,-1.463,-1.613
1776744632,443671004,robot_0,0.235,-0.965
1776744632,443689393,robot_3,3.888,0.663
1776744632,663897553,robot_4,-1.403,2.242
1776744632,663922325,robot_1,-1.675,-0.532
1776744632,663933683,robot_2,-1.465,-1.610
1776744632,663942633,robot_0,0.219,-0.915
1776744632,663951824,robot_3,3.887,0.662
1776744632,881985091,robot_4,-1.323,2.248
1776744632,882001447,robot_1,-1.677,-0.577
1776744632,882007904,robot_2,-1.466,-1.606
1776744632,882013386,robot_0,0.205,-0.874
1776744632,882018359,robot_3,3.887,0.663
1776744633,82467974,robot_4,-1.283,2.251
1776744633,82487553,robot_1,-1.680,-0.622
1776744633,82494282,robot_2,-1.466,-1.603
1776744633,82499654,robot_0,0.192,-0.836
1776744633,82504696,robot_3,3.887,0.663
1776744633,303338286,robot_4,-1.233,2.255
1776744633,303365224,robot_1,-1.683,-0.675
1776744633,303377225,robot_2,-1.465,-1.600
1776744633,303390258,robot_0,0.180,-0.795
1776744633,303401793,robot_3,3.886,0.663
1776744633,522875491,robot_4,-1.183,2.256
1776744633,522893472,robot_1,-1.686,-0.719
1776744633,522900264,robot_2,-1.464,-1.597
1776744633,522906394,robot_0,0.169,-0.753
1776744633,522911891,robot_3,3.886,0.663
1776744633,742258967,robot_4,-1.139,2.256
1776744633,742275953,robot_1,-1.690,-0.784
1776744633,742287197,robot_2,-1.463,-1.594
1776744633,742292547,robot_0,0.155,-0.697
1776744633,742297577,robot_3,3.886,0.663
1776744633,942928672,robot_4,-1.104,2.256
1776744633,942951141,robot_1,-1.694,-0.845
1776744633,942960505,robot_2,-1.462,-1.593
1776744633,942968153,robot_0,0.143,-0.651
1776744633,942975890,robot_3,3.886,0.663
1776744634,143707393,robot_4,-1.066,2.254
1776744634,143728444,robot_1,-1.696,-0.885
1776744634,143737498,robot_2,-1.462,-1.592
1776744634,143744548,robot_0,0.133,-0.612
1776744634,143751563,robot_3,3.886,0.663
1776744634,362001309,robot_4,-1.022,2.250
1776744634,362016655,robot_1,-1.698,-0.919
1776744634,362023239,robot_2,-1.462,-1.592
1776744634,362029160,robot_0,0.126,-0.583
1776744634,362034657,robot_3,3.886,0.663
1776744634,565732197,robot_4,-0.951,2.245
1776744634,565757538,robot_1,-1.700,-0.954
1776744634,565767781,robot_2,-1.462,-1.592
1776744634,565775492,robot_0,0.119,-0.550
1776744634,565782936,robot_3,3.885,0.664
1776744634,783063330,robot_4,-0.889,2.239
1776744634,783080068,robot_1,-1.703,-0.997
1776744634,783086735,robot_2,-1.462,-1.592
1776744634,783091818,robot_0,0.112,-0.508
1776744634,783097507,robot_3,3.885,0.664
1776744634,983613612,robot_4,-0.851,2.236
1776744634,983637963,robot_1,-1.703,-1.003
1776744634,983649212,robot_2,-1.462,-1.591
1776744634,983657514,robot_0,0.106,-0.478
1776744634,983666237,robot_3,3.885,0.665
1776744635,203206286,robot_4,-0.818,2.233
1776744635,203225310,robot_1,-1.703,-1.003
1776744635,203233367,robot_2,-1.462,-1.591
1776744635,203239794,robot_0,0.101,-0.438
1776744635,203245789,robot_3,3.885,0.665
1776744635,404169815,robot_4,-0.780,2.229
1776744635,404193362,robot_1,-1.697,-0.999
1776744635,404203747,robot_2,-1.467,-1.595
1776744635,404211829,robot_0,0.095,-0.400
1776744635,404220427,robot_3,3.885,0.665
1776744635,622842748,robot_4,-0.739,2.225
1776744635,622862699,robot_1,-1.692,-0.982
1776744635,622869690,robot_2,-1.480,-1.626
1776744635,622876008,robot_0,0.090,-0.364
1776744635,622881319,robot_3,3.885,0.666
1776744635,825241124,robot_4,-0.705,2.221
1776744635,825285336,robot_1,-1.691,-0.980
1776744635,825303779,robot_2,-1.481,-1.627
1776744635,825318384,robot_0,0.085,-0.326
1776744635,825332226,robot_3,3.886,0.666
1776744636,26553577,robot_4,-0.666,2.216
1776744636,26585537,robot_1,-1.691,-0.981
1776744636,26600950,robot_2,-1.481,-1.626
1776744636,26613568,robot_0,0.079,-0.282
1776744636,26626659,robot_3,3.886,0.667
1776744636,243177492,robot_4,-0.631,2.211
1776744636,243195978,robot_1,-1.687,-0.982
1776744636,243203939,robot_2,-1.481,-1.626
1776744636,243210130,robot_0,0.071,-0.228
1776744636,243216294,robot_3,3.886,0.667
1776744636,444046442,robot_4,-0.610,2.208
1776744636,444067981,robot_1,-1.684,-0.981
1776744636,444077890,robot_2,-1.481,-1.625
1776744636,444085857,robot_0,0.066,-0.188
1776744636,444092992,robot_3,3.886,0.667
1776744636,663174349,robot_4,-0.568,2.203
1776744636,663203025,robot_1,-1.681,-0.982
1776744636,663215580,robot_2,-1.459,-1.668
1776744636,663225706,robot_0,0.060,-0.148
1776744636,663235549,robot_3,3.886,0.667
1776744636,863755292,robot_4,-0.517,2.196
1776744636,863779932,robot_1,-1.680,-0.982
1776744636,863791455,robot_2,-1.439,-1.709
1776744636,863801457,robot_0,0.055,-0.115
1776744636,863811089,robot_3,3.886,0.666
1776744637,83549722,robot_4,-0.450,2.186
1776744637,83580181,robot_1,-1.680,-0.982
1776744637,83594753,robot_2,-1.437,-1.725
1776744637,83606222,robot_0,0.049,-0.071
1776744637,83617472,robot_3,3.886,0.666
1776744637,302123394,robot_4,-0.407,2.180
1776744637,302140648,robot_1,-1.679,-0.982
1776744637,302146844,robot_2,-1.438,-1.727
1776744637,302152553,robot_0,0.041,-0.011
1776744637,302157412,robot_3,3.886,0.666
1776744637,502261847,robot_4,-0.352,2.173
1776744637,502282735,robot_1,-1.677,-0.983
1776744637,502291602,robot_2,-1.439,-1.726
1776744637,502297587,robot_0,0.032,0.049
1776744637,502309703,robot_3,3.886,0.665
1776744637,703667516,robot_4,-0.292,2.164
1776744637,703697101,robot_1,-1.674,-0.985
1776744637,703710173,robot_2,-1.442,-1.717
1776744637,703720462,robot_0,0.027,0.088
1776744637,703730318,robot_3,3.886,0.665
1776744637,904057471,robot_4,-0.253,2.159
1776744637,904082206,robot_1,-1.672,-0.987
1776744637,904093133,robot_2,-1.449,-1.701
1776744637,904101240,robot_0,0.020,0.139
1776744637,904109331,robot_3,3.886,0.665
1776744638,122221830,robot_4,-0.196,2.151
1776744638,122240941,robot_1,-1.670,-0.989
1776744638,122247533,robot_2,-1.457,-1.682
1776744638,122253179,robot_0,0.012,0.194
1776744638,122259086,robot_3,3.886,0.664
1776744638,324308917,robot_4,-0.146,2.144
1776744638,324336057,robot_1,-1.669,-0.992
1776744638,324348406,robot_2,-1.468,-1.668
1776744638,324358141,robot_0,0.006,0.234
1776744638,324367454,robot_3,3.886,0.664
1776744638,543959190,robot_4,-0.103,2.138
1776744638,543977019,robot_1,-1.668,-0.995
1776744638,543985197,robot_2,-1.485,-1.660
1776744638,543991955,robot_0,-0.004,0.304
1776744638,543998591,robot_3,3.886,0.664
1776744638,762723566,robot_4,-0.059,2.132
1776744638,762742188,robot_1,-1.668,-0.999
1776744638,762749172,robot_2,-1.495,-1.660
1776744638,762755068,robot_0,-0.014,0.370
1776744638,762760300,robot_3,3.886,0.664
1776744638,963706592,robot_4,-0.020,2.124
1776744638,963724003,robot_1,-1.669,-1.002
1776744638,963731340,robot_2,-1.495,-1.660
1776744638,963736394,robot_0,-0.021,0.410
1776744638,963742537,robot_3,3.886,0.664
1776744639,183060806,robot_4,0.025,2.114
1776744639,183078627,robot_1,-1.670,-1.004
1776744639,183085011,robot_2,-1.495,-1.660
1776744639,183090340,robot_0,-0.035,0.488
1776744639,183095758,robot_3,3.886,0.664
1776744639,403381015,robot_4,0.095,2.097
1776744639,403403156,robot_1,-1.670,-1.004
1776744639,403413009,robot_2,-1.494,-1.660
1776744639,403422034,robot_0,-0.045,0.547
1776744639,403429842,robot_3,3.886,0.664
1776744639,623243918,robot_4,0.145,2.083
1776744639,623268548,robot_1,-1.669,-1.000
1776744639,623288825,robot_2,-1.494,-1.660
1776744639,623301208,robot_0,-0.054,0.598
1776744639,623310210,robot_3,3.886,0.665
1776744639,823800290,robot_4,0.177,2.074
1776744639,823826983,robot_1,-1.655,-0.963
1776744639,823838644,robot_2,-1.494,-1.660
1776744639,823848196,robot_0,-0.066,0.668
1776744639,823857931,robot_3,3.886,0.665
1776744640,24307525,robot_4,0.197,2.069
1776744640,24331141,robot_1,-1.642,-0.925
1776744640,24341392,robot_2,-1.494,-1.660
1776744640,24349291,robot_0,-0.073,0.716
1776744640,24356976,robot_3,3.886,0.665
1776744640,242116624,robot_4,0.235,2.056
1776744640,242133431,robot_1,-1.625,-0.879
1776744640,242140219,robot_2,-1.494,-1.661
1776744640,242145868,robot_0,-0.080,0.770
1776744640,242151311,robot_3,3.886,0.666
1776744640,443170293,robot_4,0.276,2.043
1776744640,443187776,robot_1,-1.606,-0.825
1776744640,443194547,robot_2,-1.493,-1.661
1776744640,443200579,robot_0,-0.087,0.833
1776744640,443206382,robot_3,3.886,0.666
1776744640,643945245,robot_4,0.320,2.029
1776744640,643975744,robot_1,-1.591,-0.784
1776744640,643989026,robot_2,-1.493,-1.662
1776744640,643999937,robot_0,-0.090,0.875
1776744640,644011591,robot_3,3.886,0.667
1776744640,863493047,robot_4,0.362,2.015
1776744640,863509696,robot_1,-1.578,-0.747
1776744640,863516876,robot_2,-1.493,-1.662
1776744640,863521896,robot_0,-0.092,0.914
1776744640,863526948,robot_3,3.887,0.667
1776744641,83701046,robot_4,0.419,1.996
1776744641,83721000,robot_1,-1.567,-0.719
1776744641,83728116,robot_2,-1.493,-1.660
1776744641,83734286,robot_0,-0.094,0.950
1776744641,83739707,robot_3,3.887,0.667
1776744641,303238728,robot_4,0.484,1.972
1776744641,303266804,robot_1,-1.549,-0.679
1776744641,303277216,robot_2,-1.493,-1.658
1776744641,303289084,robot_0,-0.099,0.994
1776744641,303296372,robot_3,3.887,0.667
1776744641,522454909,robot_4,0.525,1.956
1776744641,522480655,robot_1,-1.527,-0.629
1776744641,522487573,robot_2,-1.493,-1.658
1776744641,522493164,robot_0,-0.104,1.050
1776744641,522499030,robot_3,3.887,0.667
1776744641,742051794,robot_4,0.578,1.934
1776744641,742069502,robot_1,-1.504,-0.578
1776744641,742076923,robot_2,-1.493,-1.659
1776744641,742082206,robot_0,-0.109,1.102
1776744641,742087145,robot_3,3.887,0.667
1776744641,942549863,robot_4,0.623,1.916
1776744641,942566564,robot_1,-1.488,-0.542
1776744641,942573718,robot_2,-1.493,-1.659
1776744641,942579004,robot_0,-0.113,1.142
1776744641,942584721,robot_3,3.888,0.667
1776744642,143601646,robot_4,0.660,1.901
1776744642,143624831,robot_1,-1.478,-0.518
1776744642,143637328,robot_2,-1.493,-1.659
1776744642,143647144,robot_0,-0.117,1.178
1776744642,143656176,robot_3,3.888,0.667
1776744642,361880506,robot_4,0.717,1.878
1776744642,361897368,robot_1,-1.466,-0.489
1776744642,361904260,robot_2,-1.493,-1.659
1776744642,361909840,robot_0,-0.121,1.219
1776744642,361915638,robot_3,3.889,0.667
1776744642,562503919,robot_4,0.762,1.859
1776744642,562526353,robot_1,-1.450,-0.452
1776744642,562533337,robot_2,-1.494,-1.659
1776744642,562538773,robot_0,-0.125,1.260
1776744642,562544201,robot_3,3.889,0.667
1776744642,764053139,robot_4,0.799,1.845
1776744642,764069914,robot_1,-1.441,-0.431
1776744642,764076612,robot_2,-1.494,-1.660
1776744642,764081763,robot_0,-0.132,1.332
1776744642,764086978,robot_3,3.889,0.667
1776744642,983224466,robot_4,0.825,1.834
1776744642,983255373,robot_1,-1.429,-0.401
1776744642,983269765,robot_2,-1.494,-1.660
1776744642,983284903,robot_0,-0.138,1.396
1776744642,983297377,robot_3,3.890,0.667
1776744643,184499071,robot_4,0.858,1.820
1776744643,184529879,robot_1,-1.414,-0.364
1776744643,184546681,robot_2,-1.495,-1.660
1776744643,184561065,robot_0,-0.142,1.437
1776744643,184574317,robot_3,3.890,0.666
1776744643,403289618,robot_4,0.896,1.805
1776744643,403312713,robot_1,-1.403,-0.338
1776744643,403323300,robot_2,-1.496,-1.660
1776744643,403331032,robot_0,-0.147,1.483
1776744643,403338213,robot_3,3.890,0.666
1776744643,623490057,robot_4,0.927,1.792
1776744643,623518374,robot_1,-1.388,-0.302
1776744643,623531234,robot_2,-1.496,-1.660
1776744643,623541282,robot_0,-0.152,1.527
1776744643,623550361,robot_3,3.857,0.642
1776744643,843642493,robot_4,0.967,1.776
1776744643,843666931,robot_1,-1.371,-0.260
1776744643,843679888,robot_2,-1.497,-1.660
1776744643,843690295,robot_0,-0.159,1.577
1776744643,843699871,robot_3,3.810,0.610
1776744644,62556979,robot_4,1.015,1.757
1776744644,62576947,robot_1,-1.351,-0.213
1776744644,62583552,robot_2,-1.497,-1.659
1776744644,62589387,robot_0,-0.168,1.634
1776744644,62594829,robot_3,3.772,0.587
1776744644,263238726,robot_4,1.063,1.737
1776744644,263259041,robot_1,-1.336,-0.176
1776744644,263267957,robot_2,-1.497,-1.659
1776744644,263275024,robot_0,-0.176,1.674
1776744644,263284315,robot_3,3.738,0.565
1776744644,463928330,robot_4,1.100,1.722
1776744644,463954487,robot_1,-1.317,-0.132
1776744644,463967980,robot_2,-1.497,-1.659
1776744644,463978603,robot_0,-0.187,1.728
1776744644,463989125,robot_3,3.704,0.544
1776744644,664137876,robot_4,1.136,1.707
1776744644,664169468,robot_1,-1.294,-0.076
1776744644,664180362,robot_2,-1.497,-1.659
1776744644,664188680,robot_0,-0.201,1.801
1776744644,664196941,robot_3,3.678,0.514
1776744644,864290758,robot_4,1.170,1.693
1776744644,864311530,robot_1,-1.278,-0.037
1776744644,864320115,robot_2,-1.497,-1.659
1776744644,864326488,robot_0,-0.210,1.843
1776744644,864332798,robot_3,3.683,0.504
1776744645,83289427,robot_4,1.211,1.677
1776744645,83318557,robot_1,-1.264,-0.003
1776744645,83330796,robot_2,-1.498,-1.659
1776744645,83339854,robot_0,-0.216,1.875
1776744645,83349165,robot_3,3.692,0.493
1776744645,303133267,robot_4,1.272,1.652
1776744645,303158728,robot_1,-1.253,0.024
1776744645,303166952,robot_2,-1.498,-1.658
1776744645,303173644,robot_0,-0.223,1.902
1776744645,303181184,robot_3,3.696,0.492
1776744645,503887600,robot_4,1.333,1.627
1776744645,503909617,robot_1,-1.238,0.061
1776744645,503919844,robot_2,-1.498,-1.658
1776744645,503927806,robot_0,-0.234,1.940
1776744645,503935811,robot_3,3.700,0.491
1776744645,724465954,robot_4,1.374,1.610
1776744645,724484574,robot_1,-1.214,0.116
1776744645,724491728,robot_2,-1.498,-1.657
1776744645,724497620,robot_0,-0.246,1.984
1776744645,724503219,robot_3,3.704,0.490
1776744645,942911772,robot_4,1.433,1.586
1776744645,942928130,robot_1,-1.187,0.175
1776744645,942934330,robot_2,-1.498,-1.657
1776744645,942939755,robot_0,-0.259,2.028
1776744645,942944972,robot_3,3.707,0.488
1776744646,143316980,robot_4,1.482,1.566
1776744646,143338255,robot_1,-1.169,0.211
1776744646,143346628,robot_2,-1.498,-1.656
1776744646,143353407,robot_0,-0.270,2.066
1776744646,143360107,robot_3,3.709,0.486
1776744646,344185448,robot_4,1.519,1.551
1776744646,344215671,robot_1,-1.139,0.268
1776744646,344231812,robot_2,-1.498,-1.656
1776744646,344245563,robot_0,-0.286,2.123
1776744646,344258128,robot_3,3.711,0.483
1776744646,563011667,robot_4,1.587,1.524
1776744646,563032779,robot_1,-1.107,0.331
1776744646,563039632,robot_2,-1.497,-1.655
1776744646,563044644,robot_0,-0.301,2.178
1776744646,563049810,robot_3,3.712,0.480
1776744646,782180717,robot_4,1.641,1.501
1776744646,782197812,robot_1,-1.086,0.370
1776744646,782204103,robot_2,-1.479,-1.672
1776744646,782209280,robot_0,-0.313,2.218
1776744646,782214435,robot_3,3.712,0.479
1776744647,2925276,robot_4,1.687,1.483
1776744647,2948882,robot_1,-1.056,0.429
1776744647,2955627,robot_2,-1.436,-1.711
1776744647,2961019,robot_0,-0.321,2.246
1776744647,2966328,robot_3,3.712,0.479
1776744647,203408279,robot_4,1.747,1.458
1776744647,203426835,robot_1,-1.033,0.472
1776744647,203434187,robot_2,-1.423,-1.714
1776744647,203439716,robot_0,-0.331,2.281
1776744647,203445062,robot_3,3.712,0.479
1776744647,423840528,robot_4,1.795,1.439
1776744647,423867372,robot_1,-1.013,0.512
1776744647,423877725,robot_2,-1.421,-1.712
1776744647,423885572,robot_0,-0.343,2.323
1776744647,423893652,robot_3,3.712,0.478
1776744647,642686248,robot_4,1.828,1.425
1776744647,642704285,robot_1,-0.990,0.556
1776744647,642711308,robot_2,-1.425,-1.701
1776744647,642716419,robot_0,-0.354,2.363
1776744647,642721725,robot_3,3.712,0.477
1776744647,843306720,robot_4,1.847,1.417
1776744647,843329910,robot_1,-0.970,0.592
1776744647,843340474,robot_2,-1.431,-1.685
1776744647,843348953,robot_0,-0.365,2.402
1776744647,843357053,robot_3,3.711,0.476
1776744648,43348539,robot_4,1.883,1.402
1776744648,43372614,robot_1,-0.949,0.630
1776744648,43382962,robot_2,-1.439,-1.668
1776744648,43390738,robot_0,-0.375,2.436
1776744648,43398636,robot_3,3.711,0.477
1776744648,243364860,robot_4,1.914,1.389
1776744648,243389594,robot_1,-0.924,0.673
1776744648,243401211,robot_2,-1.449,-1.654
1776744648,243410984,robot_0,-0.384,2.465
1776744648,243419984,robot_3,3.710,0.477
1776744648,443423200,robot_4,1.937,1.380
1776744648,443441061,robot_1,-0.902,0.709
1776744648,443448544,robot_2,-1.464,-1.645
1776744648,443454798,robot_0,-0.398,2.502
1776744648,443460235,robot_3,3.710,0.477
1776744648,644653502,robot_4,1.974,1.366
1776744648,644683570,robot_1,-0.882,0.742
1776744648,644697935,robot_2,-1.476,-1.645
1776744648,644709402,robot_0,-0.413,2.541
1776744648,644720571,robot_3,3.710,0.478
1776744648,864218765,robot_4,2.008,1.353
1776744648,864247400,robot_1,-0.859,0.778
1776744648,864261661,robot_2,-1.476,-1.645
1776744648,864273223,robot_0,-0.430,2.585
1776744648,864287750,robot_3,3.709,0.478
1776744649,82716191,robot_4,2.037,1.342
1776744649,82734447,robot_1,-0.836,0.816
1776744649,82741125,robot_2,-1.475,-1.645
1776744649,82746681,robot_0,-0.445,2.626
1776744649,82751794,robot_3,3.709,0.478
1776744649,282877325,robot_4,2.075,1.328
1776744649,282902568,robot_1,-0.809,0.860
1776744649,282915076,robot_2,-1.475,-1.645
1776744649,282925518,robot_0,-0.464,2.674
1776744649,282934697,robot_3,3.709,0.479
1776744649,483117426,robot_4,2.123,1.310
1776744649,483135377,robot_1,-0.773,0.919
1776744649,483142766,robot_2,-1.475,-1.645
1776744649,483149045,robot_0,-0.485,2.726
1776744649,483155175,robot_3,3.709,0.479
1776744649,683561418,robot_4,2.174,1.289
1776744649,683581552,robot_1,-0.751,0.955
1776744649,683589644,robot_2,-1.475,-1.645
1776744649,683596252,robot_0,-0.500,2.763
1776744649,683603213,robot_3,3.709,0.479
1776744649,904053784,robot_4,2.181,1.286
1776744649,904081030,robot_1,-0.720,1.008
1776744649,904090811,robot_2,-1.475,-1.645
1776744649,904097612,robot_0,-0.520,2.811
1776744649,904105244,robot_3,3.709,0.479
1776744650,124246130,robot_4,2.181,1.287
1776744650,124275312,robot_1,-0.679,1.076
1776744650,124292867,robot_2,-1.474,-1.646
1776744650,124303137,robot_0,-0.538,2.860
1776744650,124312731,robot_3,3.709,0.479
1776744650,324425288,robot_4,2.181,1.287
1776744650,324442423,robot_1,-0.659,1.111
1776744650,324449772,robot_2,-1.474,-1.646
1776744650,324455137,robot_0,-0.550,2.898
1776744650,324460692,robot_3,3.709,0.480
1776744650,543389611,robot_4,2.182,1.287
1776744650,543418158,robot_1,-0.633,1.154
1776744650,543432210,robot_2,-1.474,-1.647
1776744650,543440279,robot_0,-0.571,2.967
1776744650,543448852,robot_3,3.710,0.480
1776744650,761889219,robot_4,2.182,1.287
1776744650,761906277,robot_1,-0.608,1.197
1776744650,761912959,robot_2,-1.474,-1.647
1776744650,761918043,robot_0,-0.592,3.031
1776744650,761922764,robot_3,3.710,0.481
1776744650,963008039,robot_4,2.183,1.287
1776744650,963021774,robot_1,-0.587,1.231
1776744650,963027946,robot_2,-1.473,-1.647
1776744650,963033725,robot_0,-0.604,3.068
1776744650,963038646,robot_3,3.710,0.481
1776744651,163560319,robot_4,2.183,1.287
1776744651,163582884,robot_1,-0.554,1.287
1776744651,163592426,robot_2,-1.473,-1.642
1776744651,163599926,robot_0,-0.614,3.098
1776744651,163607298,robot_3,3.711,0.481
1776744651,381850725,robot_4,2.184,1.287
1776744651,381867655,robot_1,-0.521,1.343
1776744651,381874357,robot_2,-1.473,-1.643
1776744651,381879405,robot_0,-0.624,3.138
1776744651,381884512,robot_3,3.711,0.482
1776744651,582397620,robot_4,2.184,1.287
1776744651,582417040,robot_1,-0.500,1.378
1776744651,582423919,robot_2,-1.473,-1.643
1776744651,582428999,robot_0,-0.634,3.177
1776744651,582434526,robot_3,3.712,0.478
1776744651,782632821,robot_4,2.184,1.287
1776744651,782652525,robot_1,-0.476,1.418
1776744651,782661006,robot_2,-1.474,-1.643
1776744651,782668383,robot_0,-0.644,3.220
1776744651,782674579,robot_3,3.721,0.444
1776744652,3043955,robot_4,2.184,1.287
1776744652,3070717,robot_1,-0.452,1.459
1776744652,3079938,robot_2,-1.474,-1.643
1776744652,3086726,robot_0,-0.654,3.264
1776744652,3093606,robot_3,3.731,0.403
1776744652,222592690,robot_4,2.184,1.287
1776744652,222609335,robot_1,-0.428,1.500
1776744652,222615852,robot_2,-1.474,-1.643
1776744652,222621416,robot_0,-0.665,3.312
1776744652,222626622,robot_3,3.745,0.350
1776744652,442291928,robot_4,2.185,1.287
1776744652,442307404,robot_1,-0.389,1.565
1776744652,442313745,robot_2,-1.474,-1.644
1776744652,442319086,robot_0,-0.678,3.369
1776744652,442323907,robot_3,3.764,0.273
1776744652,643467336,robot_4,2.185,1.286
1776744652,643495978,robot_1,-0.365,1.606
1776744652,643504112,robot_2,-1.474,-1.644
1776744652,643510948,robot_0,-0.688,3.409
1776744652,643516920,robot_3,3.775,0.231
1776744652,863454085,robot_4,2.185,1.286
1776744652,863477624,robot_1,-0.339,1.649
1776744652,863488382,robot_2,-1.475,-1.644
1776744652,863496906,robot_0,-0.696,3.444
1776744652,863505486,robot_3,3.789,0.172
1776744653,63482068,robot_4,2.185,1.285
1776744653,63509234,robot_1,-0.311,1.697
1776744653,63518871,robot_2,-1.475,-1.644
1776744653,63526803,robot_0,-0.701,3.469
1776744653,63533780,robot_3,3.806,0.103
1776744653,282649457,robot_4,2.186,1.285
1776744653,282674882,robot_1,-0.287,1.736
1776744653,282681529,robot_2,-1.476,-1.644
1776744653,282687221,robot_0,-0.709,3.513
1776744653,282692741,robot_3,3.817,0.059
1776744653,503599634,robot_4,2.185,1.284
1776744653,503622160,robot_1,-0.263,1.779
1776744653,503631700,robot_2,-1.476,-1.644
1776744653,503639568,robot_0,-0.719,3.566
1776744653,503646858,robot_3,3.824,0.029
1776744653,703949293,robot_4,2.185,1.284
1776744653,703970657,robot_1,-0.240,1.820
1776744653,703980642,robot_2,-1.477,-1.644
1776744653,703987475,robot_0,-0.728,3.615
1776744653,703994300,robot_3,3.830,0.003
1776744653,924162253,robot_4,2.185,1.283
1776744653,924180799,robot_1,-0.219,1.859
1776744653,924188187,robot_2,-1.477,-1.644
1776744653,924193892,robot_0,-0.736,3.659
1776744653,924200090,robot_3,3.839,-0.040
1776744654,143200334,robot_4,2.173,1.290
1776744654,143220224,robot_1,-0.198,1.901
1776744654,143227739,robot_2,-1.478,-1.644
1776744654,143233525,robot_0,-0.747,3.715
1776744654,143239645,robot_3,3.846,-0.073
1776744654,343332615,robot_4,2.116,1.323
1776744654,343353469,robot_1,-0.180,1.940
1776744654,343362414,robot_2,-1.478,-1.644
1776744654,343371292,robot_0,-0.757,3.761
1776744654,343378705,robot_3,3.853,-0.107
1776744654,562705427,robot_4,2.073,1.345
1776744654,562725683,robot_1,-0.162,1.980
1776744654,562733201,robot_2,-1.478,-1.644
1776744654,562739598,robot_0,-0.767,3.804
1776744654,562746529,robot_3,3.863,-0.150
1776744654,763682067,robot_4,2.024,1.370
1776744654,763708149,robot_1,-0.139,2.033
1776744654,763720461,robot_2,-1.478,-1.643
1776744654,763730010,robot_0,-0.777,3.843
1776744654,763739361,robot_3,3.871,-0.189
1776744654,983330812,robot_4,1.954,1.406
1776744654,983352982,robot_1,-0.115,2.085
1776744654,983359854,robot_2,-1.478,-1.643
1776744654,983365609,robot_0,-0.787,3.885
1776744654,983370656,robot_3,3.881,-0.232
1776744655,203363981,robot_4,1.914,1.427
1776744655,203385570,robot_1,-0.095,2.126
1776744655,203395169,robot_2,-1.478,-1.643
1776744655,203402894,robot_0,-0.798,3.932
1776744655,203410281,robot_3,3.890,-0.276
1776744655,422982668,robot_4,1.881,1.444
1776744655,422998898,robot_1,-0.062,2.197
1776744655,423005667,robot_2,-1.478,-1.642
1776744655,423011079,robot_0,-0.813,3.992
1776744655,423016219,robot_3,3.901,-0.324
1776744655,623514230,robot_4,1.851,1.461
1776744655,623533727,robot_1,-0.039,2.245
1776744655,623541254,robot_2,-1.478,-1.641
1776744655,623546332,robot_0,-0.823,4.034
1776744655,623559667,robot_3,3.909,-0.364
1776744655,823745089,robot_4,1.817,1.482
1776744655,823773473,robot_1,-0.021,2.285
1776744655,823787695,robot_2,-1.478,-1.641
1776744655,823798620,robot_0,-0.832,4.072
1776744655,823808656,robot_3,3.920,-0.413
1776744656,24803721,robot_4,1.763,1.516
1776744656,24820610,robot_1,0.010,2.352
1776744656,24827869,robot_2,-1.478,-1.640
1776744656,24833599,robot_0,-0.841,4.108
1776744656,24839063,robot_3,3.935,-0.485
1776744656,242124799,robot_4,1.705,1.551
1776744656,242142258,robot_1,0.033,2.404
1776744656,242149911,robot_2,-1.478,-1.640
1776744656,242155491,robot_0,-0.851,4.150
1776744656,242161260,robot_3,3.946,-0.534
1776744656,443225292,robot_4,1.671,1.572
1776744656,443245297,robot_1,0.048,2.436
1776744656,443253902,robot_2,-1.478,-1.640
1776744656,443261458,robot_0,-0.861,4.191
1776744656,443268523,robot_3,3.953,-0.567
1776744656,663314702,robot_4,1.645,1.588
1776744656,663353606,robot_1,0.059,2.461
1776744656,663368702,robot_2,-1.463,-1.653
1776744656,663381308,robot_0,-0.872,4.237
1776744656,663392731,robot_3,3.960,-0.599
1776744656,863725458,robot_4,1.616,1.605
1776744656,863756568,robot_1,0.075,2.496
1776744656,863768608,robot_2,-1.419,-1.689
1776744656,863775639,robot_0,-0.880,4.276
1776744656,863782417,robot_3,3.967,-0.639
1776744657,82623261,robot_4,1.578,1.627
1776744657,82642663,robot_1,0.091,2.531
1776744657,82650230,robot_2,-1.402,-1.697
1776744657,82656216,robot_0,-0.892,4.331
1776744657,82662281,robot_3,3.979,-0.703
1776744657,282665608,robot_4,1.547,1.645
1776744657,282688516,robot_1,0.104,2.558
1776744657,282699955,robot_2,-1.398,-1.697
1776744657,282709742,robot_0,-0.906,4.385
1776744657,282718996,robot_3,3.990,-0.772
1776744657,483048258,robot_4,1.514,1.664
1776744657,483066008,robot_1,0.120,2.594
1776744657,483073023,robot_2,-1.399,-1.690
1776744657,483078880,robot_0,-0.908,4.392
1776744657,483084054,robot_3,3.985,-0.771
1776744657,684845687,robot_4,1.477,1.685
1776744657,684883648,robot_1,0.141,2.638
1776744657,684902314,robot_2,-1.404,-1.675
1776744657,684916929,robot_0,-0.908,4.392
1776744657,684930821,robot_3,3.984,-0.754
1776744657,904238949,robot_4,1.429,1.713
1776744657,904267831,robot_1,0.168,2.695
1776744657,904282813,robot_2,-1.411,-1.656
1776744657,904290316,robot_0,-0.908,4.392
1776744657,904297648,robot_3,3.981,-0.734
1776744658,124711404,robot_4,1.389,1.736
1776744658,124746510,robot_1,0.187,2.735
1776744658,124761658,robot_2,-1.421,-1.639
1776744658,124774100,robot_0,-0.909,4.392
1776744658,124785930,robot_3,3.974,-0.717
1776744658,324852847,robot_4,1.347,1.760
1776744658,324891556,robot_1,0.210,2.784
1776744658,324912988,robot_2,-1.434,-1.629
1776744658,324932347,robot_0,-0.909,4.392
1776744658,324949637,robot_3,3.960,-0.705
1776744658,524956927,robot_4,1.288,1.795
1776744658,524985079,robot_1,0.235,2.836
1776744658,524992691,robot_2,-1.449,-1.627
1776744658,524998913,robot_0,-0.910,4.392
1776744658,525004733,robot_3,3.951,-0.702
1776744658,743704488,robot_4,1.244,1.820
1776744658,743730464,robot_1,0.254,2.875
1776744658,743741093,robot_2,-1.450,-1.627
1776744658,743749475,robot_0,-0.910,4.393
1776744658,743757552,robot_3,3.951,-0.702
1776744658,961878430,robot_4,1.207,1.841
1776744658,961894296,robot_1,0.281,2.932
1776744658,961901456,robot_2,-1.449,-1.627
1776744658,961906681,robot_0,-0.910,4.393
1776744658,961911716,robot_3,3.951,-0.702
1776744659,162123778,robot_4,1.174,1.860
1776744659,162140815,robot_1,0.305,2.982
1776744659,162147818,robot_2,-1.449,-1.627
1776744659,162153201,robot_0,-0.910,4.393
1776744659,162158371,robot_3,3.951,-0.703
1776744659,381844702,robot_4,1.136,1.882
1776744659,381860243,robot_1,0.324,3.021
1776744659,381866645,robot_2,-1.449,-1.627
1776744659,381871851,robot_0,-0.910,4.394
1776744659,381876579,robot_3,3.952,-0.703
1776744659,582875490,robot_4,1.096,1.905
1776744659,582894249,robot_1,0.355,3.086
1776744659,582900460,robot_2,-1.449,-1.627
1776744659,582905645,robot_0,-0.910,4.394
1776744659,582911037,robot_3,3.952,-0.703
1776744659,801969361,robot_4,1.051,1.931
1776744659,801986433,robot_1,0.383,3.146
1776744659,801993290,robot_2,-1.449,-1.627
1776744659,801998897,robot_0,-0.910,4.394
1776744659,802004431,robot_3,3.952,-0.703
1776744660,3348249,robot_4,1.017,1.951
1776744660,3367882,robot_1,0.401,3.183
1776744660,3375463,robot_2,-1.449,-1.627
1776744660,3381315,robot_0,-0.910,4.394
1776744660,3388242,robot_3,3.952,-0.703
1776744660,223176344,robot_4,0.958,1.985
1776744660,223213817,robot_1,0.429,3.240
1776744660,223232821,robot_2,-1.448,-1.628
1776744660,223248509,robot_0,-0.910,4.394
1776744660,223263682,robot_3,3.952,-0.704
1776744660,423561005,robot_4,0.900,2.018
1776744660,423584234,robot_1,0.451,3.281
1776744660,423594675,robot_2,-1.448,-1.628
1776744660,423602947,robot_0,-0.910,4.394
1776744660,423611257,robot_3,3.952,-0.704
1776744660,642201560,robot_4,0.861,2.040
1776744660,642218560,robot_1,0.469,3.315
1776744660,642225861,robot_2,-1.448,-1.629
1776744660,642230838,robot_0,-0.910,4.395
1776744660,642235706,robot_3,3.952,-0.705
1776744660,843688357,robot_4,0.809,2.069
1776744660,843710982,robot_1,0.480,3.335
1776744660,843722131,robot_2,-1.448,-1.629
1776744660,843730790,robot_0,-0.910,4.395
1776744660,843740490,robot_3,3.952,-0.704
1776744661,63194927,robot_4,0.759,2.097
1776744661,63222950,robot_1,0.499,3.371
1776744661,63234342,robot_2,-1.447,-1.623
1776744661,63242700,robot_0,-0.910,4.396
1776744661,63251438,robot_3,3.954,-0.701
1776744661,283907512,robot_4,0.718,2.120
1776744661,283926020,robot_1,0.520,3.412
1776744661,283933508,robot_2,-1.447,-1.623
1776744661,283940037,robot_0,-0.909,4.396
1776744661,283946899,robot_3,3.953,-0.701
1776744661,484289368,robot_4,0.658,2.154
1776744661,484309842,robot_1,0.540,3.450
1776744661,484317968,robot_2,-1.447,-1.624
1776744661,484324846,robot_0,-0.909,4.396
1776744661,484331811,robot_3,3.953,-0.701
1776744661,702537600,robot_4,0.608,2.182
1776744661,702554719,robot_1,0.560,3.489
1776744661,702561350,robot_2,-1.448,-1.624
1776744661,702566711,robot_0,-0.909,4.396
1776744661,702571853,robot_3,3.953,-0.702
1776744661,924040401,robot_4,0.563,2.207
1776744661,924061288,robot_1,0.588,3.545
1776744661,924070386,robot_2,-1.448,-1.624
1776744661,924077029,robot_0,-0.908,4.396
1776744661,924084047,robot_3,3.953,-0.702
1776744662,143720694,robot_4,0.497,2.243
1776744662,143741350,robot_1,0.619,3.606
1776744662,143748820,robot_2,-1.448,-1.624
1776744662,143754951,robot_0,-0.908,4.396
1776744662,143760904,robot_3,3.953,-0.702
1776744662,363886554,robot_4,0.453,2.265
1776744662,363908797,robot_1,0.639,3.645
1776744662,363917493,robot_2,-1.448,-1.624
1776744662,363925046,robot_0,-0.908,4.396
1776744662,363931864,robot_3,3.952,-0.702
1776744662,582516435,robot_4,0.406,2.288
1776744662,582535778,robot_1,0.658,3.682
1776744662,582542200,robot_2,-1.448,-1.625
1776744662,582547248,robot_0,-0.908,4.396
1776744662,582552182,robot_3,3.952,-0.702
1776744662,782981116,robot_4,0.360,2.310
1776744662,783003485,robot_1,0.676,3.717
1776744662,783012582,robot_2,-1.449,-1.625
1776744662,783019516,robot_0,-0.908,4.396
1776744662,783026501,robot_3,3.951,-0.702
1776744663,2103850,robot_4,0.321,2.330
1776744663,2120405,robot_1,0.696,3.757
1776744663,2126925,robot_2,-1.449,-1.625
1776744663,2132642,robot_0,-0.907,4.396
1776744663,2137432,robot_3,3.951,-0.702
1776744663,203829326,robot_4,0.273,2.353
1776744663,203857334,robot_1,0.729,3.823
1776744663,203869016,robot_2,-1.450,-1.625
1776744663,203878683,robot_0,-0.907,4.396
1776744663,203887377,robot_3,3.951,-0.702
1776744663,424079883,robot_4,0.220,2.379
1776744663,424111967,robot_1,0.758,3.879
1776744663,424123078,robot_2,-1.450,-1.625
1776744663,424133018,robot_0,-0.907,4.395
1776744663,424142736,robot_3,3.950,-0.701
1776744663,643238471,robot_4,0.181,2.398
1776744663,643259228,robot_1,0.776,3.915
1776744663,643268220,robot_2,-1.451,-1.625
1776744663,643275112,robot_0,-0.906,4.395
1776744663,643285751,robot_3,3.950,-0.701
1776744663,862172930,robot_4,0.155,2.411
1776744663,862190349,robot_1,0.787,3.938
1776744663,862197214,robot_2,-1.451,-1.624
1776744663,862202152,robot_0,-0.906,4.395
1776744663,862206908,robot_3,3.949,-0.701
1776744664,62333870,robot_4,0.126,2.428
1776744664,62355785,robot_1,0.804,3.972
1776744664,62362728,robot_2,-1.452,-1.624
1776744664,62368318,robot_0,-0.906,4.394
1776744664,62373208,robot_3,3.949,-0.700
1776744664,283594481,robot_4,0.087,2.451
1776744664,283613573,robot_1,0.823,4.011
1776744664,283633258,robot_2,-1.452,-1.624
1776744664,283640767,robot_0,-0.906,4.394
1776744664,283647497,robot_3,3.949,-0.700
1776744664,502595113,robot_4,0.038,2.482
1776744664,502609888,robot_1,0.843,4.051
1776744664,502616005,robot_2,-1.452,-1.624
1776744664,502621448,robot_0,-0.906,4.394
1776744664,502626538,robot_3,3.949,-0.700
1776744664,702804549,robot_4,0.001,2.505
1776744664,702824355,robot_1,0.860,4.086
1776744664,702832627,robot_2,-1.452,-1.624
1776744664,702838481,robot_0,-0.906,4.394
1776744664,702844671,robot_3,3.949,-0.700
1776744664,923805186,robot_4,-0.036,2.527
1776744664,923824848,robot_1,0.884,4.135
1776744664,923832551,robot_2,-1.452,-1.624
1776744664,923838343,robot_0,-0.906,4.394
1776744664,923843747,robot_3,3.949,-0.700
1776744665,143146590,robot_4,-0.071,2.548
1776744665,143172175,robot_1,0.909,4.185
1776744665,143183453,robot_2,-1.452,-1.623
1776744665,143192106,robot_0,-0.906,4.393
1776744665,143200325,robot_3,3.949,-0.699
1776744665,343867110,robot_4,-0.106,2.566
1776744665,343895341,robot_1,0.926,4.221
1776744665,343908596,robot_2,-1.452,-1.623
1776744665,343919075,robot_0,-0.906,4.393
1776744665,343929158,robot_3,3.949,-0.699
1776744665,562669158,robot_4,-0.158,2.594
1776744665,562691841,robot_1,0.942,4.252
1776744665,562699376,robot_2,-1.452,-1.622
1776744665,562704887,robot_0,-0.907,4.393
1776744665,562710099,robot_3,3.949,-0.698
1776744665,782924037,robot_4,-0.227,2.629
1776744665,782941115,robot_1,0.959,4.286
1776744665,782948191,robot_2,-1.452,-1.621
1776744665,782953589,robot_0,-0.907,4.392
1776744665,782958991,robot_3,3.949,-0.698
1776744666,1861173,robot_4,-0.267,2.650
1776744666,1878236,robot_1,0.979,4.327
1776744666,1885361,robot_2,-1.452,-1.621
1776744666,1890657,robot_0,-0.907,4.392
1776744666,1895558,robot_3,3.950,-0.697
1776744666,201942233,robot_4,-0.309,2.672
1776744666,201959969,robot_1,1.005,4.379
1776744666,201975106,robot_2,-1.452,-1.621
1776744666,201980965,robot_0,-0.908,4.392
1776744666,201986158,robot_3,3.950,-0.697
1776744666,403294877,robot_4,-0.351,2.693
1776744666,403321439,robot_1,1.028,4.421
1776744666,403329632,robot_2,-1.452,-1.620
1776744666,403337561,robot_0,-0.908,4.392
1776744666,403343968,robot_3,3.951,-0.697
1776744666,623787289,robot_4,-0.390,2.714
1776744666,623814950,robot_1,1.049,4.457
1776744666,623826768,robot_2,-1.445,-1.626
1776744666,623836456,robot_0,-0.908,4.392
1776744666,623844906,robot_3,3.951,-0.697
1776744666,842323370,robot_4,-0.419,2.728
1776744666,842341186,robot_1,1.063,4.482
1776744666,842348634,robot_2,-1.402,-1.667
1776744666,842354271,robot_0,-0.908,4.392
1776744666,842359523,robot_3,3.951,-0.697
1776744667,43046926,robot_4,-0.448,2.744
1776744667,43068746,robot_1,1.080,4.515
1776744667,43076979,robot_2,-1.383,-1.678
1776744667,43083708,robot_0,-0.908,4.392
1776744667,43089866,robot_3,3.951,-0.697
1776744667,262248657,robot_4,-0.487,2.764
1776744667,262272340,robot_1,1.095,4.545
1776744667,262283363,robot_2,-1.376,-1.680
1776744667,262290912,robot_0,-0.908,4.392
1776744667,262296825,robot_3,3.951,-0.697
1776744667,463084839,robot_4,-0.523,2.782
1776744667,463103344,robot_1,1.095,4.545
1776744667,463111830,robot_2,-1.377,-1.674
1776744667,463117813,robot_0,-0.908,4.392
1776744667,463124255,robot_3,3.950,-0.697
1776744667,663431443,robot_4,-0.559,2.801
1776744667,663462470,robot_1,1.094,4.545
1776744667,663476783,robot_2,-1.381,-1.660
1776744667,663488421,robot_0,-0.908,4.392
1776744667,663499262,robot_3,3.950,-0.697
1776744667,883390122,robot_4,-0.599,2.822
1776744667,883407353,robot_1,1.094,4.545
1776744667,883413789,robot_2,-1.387,-1.640
1776744667,883419184,robot_0,-0.907,4.392
1776744667,883424358,robot_3,3.950,-0.698
1776744668,104054978,robot_4,-0.654,2.850
1776744668,104085866,robot_1,1.094,4.546
1776744668,104100360,robot_2,-1.396,-1.623
1776744668,104113285,robot_0,-0.907,4.393
1776744668,104124557,robot_3,3.950,-0.698
1776744668,322397507,robot_4,-0.696,2.872
1776744668,322414965,robot_1,1.094,4.546
1776744668,322421455,robot_2,-1.411,-1.610
1776744668,322426862,robot_0,-0.907,4.393
1776744668,322431690,robot_3,3.950,-0.699
1776744668,523291070,robot_4,-0.739,2.894
1776744668,523320966,robot_1,1.094,4.547
1776744668,523335496,robot_2,-1.425,-1.608
1776744668,523347958,robot_0,-0.907,4.393
1776744668,523359336,robot_3,3.950,-0.699
1776744668,742245368,robot_4,-0.813,2.932
1776744668,742261587,robot_1,1.094,4.547
1776744668,742268005,robot_2,-1.426,-1.608
1776744668,742273216,robot_0,-0.907,4.394
1776744668,742282923,robot_3,3.950,-0.700
1776744668,943409121,robot_4,-0.854,2.954
1776744668,943438406,robot_1,1.094,4.548
1776744668,943452175,robot_2,-1.425,-1.608
1776744668,943461880,robot_0,-0.907,4.394
1776744668,943469154,robot_3,3.950,-0.700
1776744669,143999861,robot_4,-0.898,2.976
1776744669,144017510,robot_1,1.094,4.548
1776744669,144024062,robot_2,-1.425,-1.608
1776744669,144029227,robot_0,-0.907,4.394
1776744669,144034826,robot_3,3.950,-0.700
1776744669,344078050,robot_4,-0.955,3.006
1776744669,344102861,robot_1,1.094,4.548
1776744669,344113682,robot_2,-1.425,-1.609
1776744669,344123684,robot_0,-0.907,4.394
1776744669,344132473,robot_3,3.950,-0.700
1776744669,564843133,robot_4,-0.995,3.028
1776744669,564886321,robot_1,1.094,4.548
1776744669,564906575,robot_2,-1.425,-1.609
1776744669,564923485,robot_0,-0.907,4.394
1776744669,564938625,robot_3,3.950,-0.700
1776744669,782929442,robot_4,-1.016,3.039
1776744669,782956842,robot_1,1.138,4.524
1776744669,782962475,robot_2,-1.425,-1.609
1776744669,782967957,robot_0,-0.907,4.394
1776744669,782973541,robot_3,3.950,-0.699
1776744670,2380808,robot_4,-1.014,3.034
1776744670,2396234,robot_1,1.191,4.494
1776744670,2402678,robot_2,-1.424,-1.609
1776744670,2408345,robot_0,-0.907,4.393
1776744670,2413623,robot_3,3.950,-0.699
1776744670,203803537,robot_4,-1.001,3.022
1776744670,203827836,robot_1,1.227,4.474
1776744670,203837298,robot_2,-1.424,-1.609
1776744670,203845994,robot_0,-0.907,4.393
1776744670,203853325,robot_3,3.950,-0.698
1776744670,422292961,robot_4,-1.001,3.021
1776744670,422314130,robot_1,1.286,4.441
1776744670,422320942,robot_2,-1.424,-1.610
1776744670,422326673,robot_0,-0.907,4.393
1776744670,422331801,robot_3,3.950,-0.698
1776744670,623747521,robot_4,-1.002,3.021
1776744670,623779215,robot_1,1.326,4.417
1776744670,623793331,robot_2,-1.424,-1.610
1776744670,623804364,robot_0,-0.908,4.393
1776744670,623815701,robot_3,3.950,-0.697
1776744670,823746184,robot_4,-1.002,3.021
1776744670,823775081,robot_1,1.362,4.396
1776744670,823787141,robot_2,-1.424,-1.611
1776744670,823798224,robot_0,-0.908,4.392
1776744670,823807356,robot_3,3.951,-0.697
1776744671,42537282,robot_4,-1.003,3.021
1776744671,42556888,robot_1,1.405,4.370
1776744671,42563428,robot_2,-1.423,-1.606
1776744671,42568797,robot_0,-0.908,4.392
1776744671,42574212,robot_3,3.951,-0.697
1776744671,244641863,robot_4,-1.003,3.021
1776744671,244672684,robot_1,1.441,4.349
1776744671,244688002,robot_2,-1.423,-1.606
1776744671,244700656,robot_0,-0.909,4.392
1776744671,244712849,robot_3,3.951,-0.697
1776744671,463640105,robot_4,-1.004,3.021
1776744671,463660156,robot_1,1.487,4.322
1776744671,463668318,robot_2,-1.423,-1.607
1776744671,463675640,robot_0,-0.909,4.392
1776744671,463682476,robot_3,3.952,-0.697
1776744671,682920297,robot_4,-1.004,3.021
1776744671,682936404,robot_1,1.554,4.282
1776744671,682942721,robot_2,-1.423,-1.607
1776744671,682948068,robot_0,-0.909,4.392
1776744671,682953499,robot_3,3.952,-0.697
1776744671,903093189,robot_4,-1.004,3.021
1776744671,903112508,robot_1,1.594,4.258
1776744671,903119872,robot_2,-1.423,-1.607
1776744671,903125842,robot_0,-0.909,4.392
1776744671,903131586,robot_3,3.952,-0.697
1776744672,103327354,robot_4,-1.004,3.021
1776744672,103348964,robot_1,1.625,4.240
1776744672,103356892,robot_2,-1.423,-1.607
1776744672,103363466,robot_0,-0.909,4.392
1776744672,103369924,robot_3,3.951,-0.697
1776744672,323396631,robot_4,-1.004,3.021
1776744672,323419551,robot_1,1.657,4.220
1776744672,323430452,robot_2,-1.424,-1.607
1776744672,323439135,robot_0,-0.909,4.392
1776744672,323447345,robot_3,3.951,-0.697
1776744672,523851192,robot_4,-1.005,3.022
1776744672,523880024,robot_1,1.691,4.198
1776744672,523889583,robot_2,-1.424,-1.607
1776744672,523897438,robot_0,-0.909,4.392
1776744672,523905065,robot_3,3.951,-0.697
1776744672,741935002,robot_4,-1.000,3.010
1776744672,741951567,robot_1,1.748,4.161
1776744672,741958107,robot_2,-1.425,-1.608
1776744672,741963844,robot_0,-0.908,4.393
1776744672,741968532,robot_3,3.951,-0.698
1776744672,942510795,robot_4,-0.998,3.007
1776744672,942527515,robot_1,1.806,4.123
1776744672,942534083,robot_2,-1.425,-1.608
1776744672,942539222,robot_0,-0.908,4.393
1776744672,942544300,robot_3,3.950,-0.698
1776744673,143816038,robot_4,-0.998,3.007
1776744673,143839759,robot_1,1.839,4.101
1776744673,143849631,robot_2,-1.426,-1.608
1776744673,143858226,robot_0,-0.908,4.393
1776744673,143866900,robot_3,3.950,-0.699
1776744673,363268945,robot_4,-0.998,3.008
1776744673,363297224,robot_1,1.863,4.086
1776744673,363307582,robot_2,-1.426,-1.608
1776744673,363317655,robot_0,-0.908,4.393
1776744673,363326801,robot_3,3.950,-0.699
1776744673,583800041,robot_4,-0.998,3.008
1776744673,583820434,robot_1,1.890,4.068
1776744673,583826848,robot_2,-1.427,-1.607
1776744673,583832300,robot_0,-0.908,4.394
1776744673,583837640,robot_3,3.951,-0.700
1776744673,803932728,robot_4,-0.998,3.009
1776744673,803959435,robot_1,1.926,4.044
1776744673,803972172,robot_2,-1.427,-1.607
1776744673,803981935,robot_0,-0.908,4.394
1776744673,803991969,robot_3,3.951,-0.700
1776744674,23990037,robot_4,-0.998,3.009
1776744674,24010952,robot_1,1.944,4.033
1776744674,24019308,robot_2,-1.427,-1.607
1776744674,24026852,robot_0,-0.908,4.394
1776744674,24033601,robot_3,3.951,-0.700
1776744674,224215965,robot_4,-0.990,3.005
1776744674,224254285,robot_1,1.973,4.015
1776744674,224274776,robot_2,-1.427,-1.607
1776744674,224298792,robot_0,-0.908,4.394
1776744674,224315030,robot_3,3.951,-0.700
1776744674,441933244,robot_4,-0.952,2.987
1776744674,441949929,robot_1,2.016,3.991
1776744674,441956406,robot_2,-1.427,-1.607
1776744674,441961460,robot_0,-0.908,4.394
1776744674,441966474,robot_3,3.951,-0.700
1776744674,643015026,robot_4,-0.916,2.970
1776744674,643034768,robot_1,2.066,3.962
1776744674,643042867,robot_2,-1.428,-1.607
1776744674,643049783,robot_0,-0.908,4.394
1776744674,643056032,robot_3,3.951,-0.699
1776744674,862046302,robot_4,-0.881,2.953
1776744674,862064432,robot_1,2.107,3.938
1776744674,862071597,robot_2,-1.428,-1.606
1776744674,862077294,robot_0,-0.908,4.394
1776744674,862082863,robot_3,3.951,-0.699
1776744675,62377501,robot_4,-0.852,2.940
1776744675,62396970,robot_1,2.137,3.921
1776744675,62404044,robot_2,-1.428,-1.606
1776744675,62410059,robot_0,-0.908,4.393
1776744675,62415083,robot_3,3.951,-0.698
1776744675,262946698,robot_4,-0.816,2.922
1776744675,262966782,robot_1,2.159,3.908
1776744675,262974416,robot_2,-1.428,-1.605
1776744675,262981272,robot_0,-0.908,4.393
1776744675,262987539,robot_3,3.951,-0.698
1776744675,464036920,robot_4,-0.768,2.899
1776744675,464058690,robot_1,2.192,3.889
1776744675,464067591,robot_2,-1.428,-1.605
1776744675,464074922,robot_0,-0.909,4.393
1776744675,464081880,robot_3,3.951,-0.697
1776744675,682262226,robot_4,-0.702,2.867
1776744675,682287017,robot_1,2.241,3.861
1776744675,682297988,robot_2,-1.428,-1.604
1776744675,682304517,robot_0,-0.909,4.392
1776744675,682310791,robot_3,3.952,-0.697
1776744675,902074383,robot_4,-0.662,2.847
1776744675,902090622,robot_1,2.305,3.823
1776744675,902097087,robot_2,-1.428,-1.604
1776744675,902102224,robot_0,-0.909,4.392
1776744675,902107188,robot_3,3.952,-0.697
1776744676,102298095,robot_4,-0.609,2.821
1776744676,102317824,robot_1,2.340,3.803
1776744676,102324759,robot_2,-1.428,-1.603
1776744676,102330620,robot_0,-0.910,4.392
1776744676,102336467,robot_3,3.952,-0.697
1776744676,303507903,robot_4,-0.548,2.789
1776744676,303539222,robot_1,2.387,3.774
1776744676,303554031,robot_2,-1.427,-1.603
1776744676,303566436,robot_0,-0.910,4.392
1776744676,303578252,robot_3,3.952,-0.696
1776744676,523482902,robot_4,-0.509,2.768
1776744676,523510184,robot_1,2.449,3.738
1776744676,523523440,robot_2,-1.427,-1.603
1776744676,523534398,robot_0,-0.910,4.392
1776744676,523543571,robot_3,3.952,-0.696
1776744676,723929870,robot_4,-0.458,2.741
1776744676,723958681,robot_1,2.483,3.718
1776744676,723972427,robot_2,-1.403,-1.628
1776744676,723983192,robot_0,-0.910,4.392
1776744676,723993584,robot_3,3.952,-0.697
1776744676,944057374,robot_4,-0.405,2.712
1776744676,944095128,robot_1,2.508,3.703
1776744676,944115610,robot_2,-1.368,-1.659
1776744676,944133798,robot_0,-0.910,4.392
1776744676,944150050,robot_3,3.952,-0.697
1776744677,162251016,robot_4,-0.366,2.691
1776744677,162267445,robot_1,2.522,3.694
1776744677,162273684,robot_2,-1.355,-1.666
1776744677,162284734,robot_0,-0.910,4.392
1776744677,162290079,robot_3,3.952,-0.697
1776744677,364346621,robot_4,-0.315,2.663
1776744677,364371247,robot_1,2.522,3.695
1776744677,364381684,robot_2,-1.354,-1.664
1776744677,364390105,robot_0,-0.909,4.393
1776744677,364398072,robot_3,3.952,-0.697
1776744677,583384314,robot_4,-0.270,2.636
1776744677,583403721,robot_1,2.523,3.695
1776744677,583409980,robot_2,-1.357,-1.651
1776744677,583415415,robot_0,-0.909,4.393
1776744677,583420887,robot_3,3.951,-0.698
1776744677,803199195,robot_4,-0.230,2.611
1776744677,803216912,robot_1,2.523,3.695
1776744677,803223990,robot_2,-1.362,-1.633
1776744677,803230000,robot_0,-0.909,4.393
1776744677,803236064,robot_3,3.951,-0.698
1776744678,23230853,robot_4,-0.182,2.582
1776744678,23246958,robot_1,2.523,3.695
1776744678,23253203,robot_2,-1.369,-1.614
1776744678,23258554,robot_0,-0.909,4.393
1776744678,23263594,robot_3,3.951,-0.699
1776744678,224376743,robot_4,-0.147,2.560
1776744678,224399556,robot_1,2.524,3.695
1776744678,224408986,robot_2,-1.379,-1.600
1776744678,224417108,robot_0,-0.909,4.394
1776744678,224425178,robot_3,3.951,-0.699
1776744678,442078235,robot_4,-0.101,2.531
1776744678,442094656,robot_1,2.524,3.695
1776744678,442101185,robot_2,-1.397,-1.592
1776744678,442106562,robot_0,-0.909,4.394
1776744678,442112033,robot_3,3.951,-0.700
1776744678,643448175,robot_4,-0.046,2.497
1776744678,643472160,robot_1,2.525,3.695
1776744678,643483299,robot_2,-1.401,-1.592
1776744678,643492338,robot_0,-0.909,4.394
1776744678,643501520,robot_3,3.952,-0.700
1776744678,862158047,robot_4,-0.006,2.472
1776744678,862173529,robot_1,2.525,3.695
1776744678,862179931,robot_2,-1.401,-1.592
1776744678,862184937,robot_0,-0.909,4.394
1776744678,862190585,robot_3,3.952,-0.700
1776744679,63858883,robot_4,0.027,2.451
1776744679,63878250,robot_1,2.526,3.695
1776744679,63884779,robot_2,-1.400,-1.592
1776744679,63889824,robot_0,-0.909,4.394
1776744679,63895377,robot_3,3.952,-0.700
1776744679,282262245,robot_4,0.064,2.427
1776744679,282283337,robot_1,2.526,3.695
1776744679,282289867,robot_2,-1.400,-1.592
1776744679,282295621,robot_0,-0.909,4.394
1776744679,282300587,robot_3,3.951,-0.699
1776744679,482427384,robot_4,0.097,2.405
1776744679,482443106,robot_1,2.526,3.695
1776744679,482449543,robot_2,-1.400,-1.592
1776744679,482454973,robot_0,-0.909,4.394
1776744679,482459690,robot_3,3.951,-0.699
1776744679,683695645,robot_4,0.145,2.373
1776744679,683722577,robot_1,2.526,3.695
1776744679,683734075,robot_2,-1.400,-1.592
1776744679,683744112,robot_0,-0.909,4.394
1776744679,683753364,robot_3,3.951,-0.698
1776744679,903492539,robot_4,0.211,2.330
1776744679,903527959,robot_1,2.526,3.695
1776744679,903543053,robot_2,-1.400,-1.593
1776744679,903555282,robot_0,-0.909,4.393
1776744679,903566177,robot_3,3.952,-0.698
1776744680,123049163,robot_4,0.248,2.305
1776744680,123070781,robot_1,2.527,3.694
1776744680,123078557,robot_2,-1.400,-1.593
1776744680,123084953,robot_0,-0.909,4.393
1776744680,123090722,robot_3,3.952,-0.697
1776744680,342373204,robot_4,0.306,2.267
1776744680,342393555,robot_1,2.527,3.694
1776744680,342400013,robot_2,-1.399,-1.594
1776744680,342405536,robot_0,-0.910,4.393
1776744680,342410749,robot_3,3.952,-0.697
1776744680,543669122,robot_4,0.356,2.234
1776744680,543690244,robot_1,2.527,3.693
1776744680,543697302,robot_2,-1.399,-1.594
1776744680,543704056,robot_0,-0.910,4.393
1776744680,543710989,robot_3,3.953,-0.697
1776744680,762131817,robot_4,0.393,2.209
1776744680,762148079,robot_1,2.527,3.693
1776744680,762154583,robot_2,-1.399,-1.595
1776744680,762159608,robot_0,-0.910,4.392
1776744680,762164781,robot_3,3.953,-0.697
1776744680,963211535,robot_4,0.432,2.183
1776744680,963232289,robot_1,2.527,3.692
1776744680,963241485,robot_2,-1.399,-1.591
1776744680,963249288,robot_0,-0.911,4.392
1776744680,963256666,robot_3,3.953,-0.696
1776744681,182149148,robot_4,0.472,2.156
1776744681,182165119,robot_1,2.527,3.692
1776744681,182172108,robot_2,-1.398,-1.590
1776744681,182177826,robot_0,-0.911,4.392
1776744681,182183608,robot_3,3.953,-0.696
1776744681,382296733,robot_4,0.507,2.133
1776744681,382315220,robot_1,2.526,3.691
1776744681,382322165,robot_2,-1.399,-1.591
1776744681,382328270,robot_0,-0.911,4.392
1776744681,382334068,robot_3,3.953,-0.696
1776744681,583270318,robot_4,0.569,2.092
1776744681,583318347,robot_1,2.526,3.691
1776744681,583336046,robot_2,-1.399,-1.591
1776744681,583342575,robot_0,-0.911,4.392
1776744681,583348224,robot_3,3.953,-0.696
1776744681,803001841,robot_4,0.620,2.058
1776744681,803027564,robot_1,2.487,3.720
1776744681,803039223,robot_2,-1.399,-1.591
1776744681,803048801,robot_0,-0.911,4.392
1776744681,803058183,robot_3,3.953,-0.697
1776744682,23421401,robot_4,0.653,2.036
1776744682,23450506,robot_1,2.447,3.749
1776744682,23464468,robot_2,-1.399,-1.591
1776744682,23476095,robot_0,-0.910,4.393
1776744682,23488080,robot_3,3.953,-0.697
1776744682,223692773,robot_4,0.678,2.019
1776744682,223723270,robot_1,2.412,3.775
1776744682,223737663,robot_2,-1.399,-1.591
1776744682,223749780,robot_0,-0.910,4.393
1776744682,223761252,robot_3,3.952,-0.697
1776744682,424361099,robot_4,0.711,1.998
1776744682,424383058,robot_1,2.360,3.815
1776744682,424391925,robot_2,-1.399,-1.592
1776744682,424399011,robot_0,-0.910,4.393
1776744682,424406457,robot_3,3.952,-0.698
1776744682,643313833,robot_4,0.742,1.977
1776744682,643333707,robot_1,2.318,3.849
1776744682,643340470,robot_2,-1.400,-1.592
1776744682,643346606,robot_0,-0.910,4.393
1776744682,643352599,robot_3,3.952,-0.698
1776744682,863189501,robot_4,0.765,1.962
1776744682,863217093,robot_1,2.283,3.879
1776744682,863230297,robot_2,-1.400,-1.592
1776744682,863242065,robot_0,-0.909,4.394
1776744682,863252544,robot_3,3.952,-0.699
1776744683,83017998,robot_4,0.801,1.938
1776744683,83039814,robot_1,2.246,3.910
1776744683,83049143,robot_2,-1.401,-1.592
1776744683,83058159,robot_0,-0.909,4.394
1776744683,83065152,robot_3,3.952,-0.699
1776744683,302888949,robot_4,0.853,1.903
1776744683,302909040,robot_1,2.212,3.938
1776744683,302917132,robot_2,-1.402,-1.592
1776744683,302924223,robot_0,-0.909,4.394
1776744683,302930713,robot_3,3.952,-0.700
1776744683,503074466,robot_4,0.904,1.867
1776744683,503096058,robot_1,2.169,3.974
1776744683,503104986,robot_2,-1.402,-1.592
1776744683,503112020,robot_0,-0.909,4.395
1776744683,503118881,robot_3,3.952,-0.700
1776744683,703379559,robot_4,0.936,1.843
1776744683,703396423,robot_1,2.114,4.019
1776744683,703412896,robot_2,-1.402,-1.591
1776744683,703418416,robot_0,-0.909,4.395
1776744683,703423879,robot_3,3.952,-0.700
1776744683,924036437,robot_4,0.993,1.801
1776744683,924061959,robot_1,2.079,4.047
1776744683,924072754,robot_2,-1.403,-1.591
1776744683,924080792,robot_0,-0.909,4.395
1776744683,924089340,robot_3,3.952,-0.700
1776744684,124512222,robot_4,1.046,1.761
1776744684,124531474,robot_1,2.040,4.079
1776744684,124538406,robot_2,-1.403,-1.591
1776744684,124543545,robot_0,-0.909,4.394
1776744684,124548969,robot_3,3.952,-0.699
1776744684,343688763,robot_4,1.081,1.735
1776744684,343704251,robot_1,1.998,4.114
1776744684,343710738,robot_2,-1.403,-1.591
1776744684,343716339,robot_0,-0.909,4.394
1776744684,343721804,robot_3,3.952,-0.699
1776744684,562922763,robot_4,1.128,1.700
1776744684,562942975,robot_1,1.964,4.142
1776744684,562950597,robot_2,-1.403,-1.591
1776744684,562957058,robot_0,-0.910,4.394
1776744684,562963102,robot_3,3.952,-0.698
1776744684,763771404,robot_4,1.165,1.672
1776744684,763796769,robot_1,1.911,4.185
1776744684,763804526,robot_2,-1.403,-1.591
1776744684,763811204,robot_0,-0.910,4.393
1776744684,763817741,robot_3,3.952,-0.698
1776744684,982907910,robot_4,1.201,1.645
1776744684,982928252,robot_1,1.857,4.229
1776744684,982937360,robot_2,-1.404,-1.590
1776744684,982944628,robot_0,-0.910,4.393
1776744684,982952332,robot_3,3.953,-0.697
1776744685,183155780,robot_4,1.239,1.617
1776744685,183178736,robot_1,1.827,4.254
1776744685,183189305,robot_2,-1.404,-1.590
1776744685,183197519,robot_0,-0.910,4.393
1776744685,183206280,robot_3,3.953,-0.697
1776744685,402333424,robot_4,1.276,1.589
1776744685,402349241,robot_1,1.800,4.276
1776744685,402355809,robot_2,-1.404,-1.589
1776744685,402361250,robot_0,-0.911,4.393
1776744685,402366419,robot_3,3.953,-0.697
1776744685,603741033,robot_4,1.309,1.564
1776744685,603767541,robot_1,1.771,4.299
1776744685,603776970,robot_2,-1.404,-1.589
1776744685,603784484,robot_0,-0.911,4.393
1776744685,603791665,robot_3,3.954,-0.696
1776744685,823035969,robot_4,1.346,1.536
1776744685,823053106,robot_1,1.735,4.329
1776744685,823059577,robot_2,-1.403,-1.588
1776744685,823064784,robot_0,-0.912,4.393
1776744685,823069555,robot_3,3.954,-0.696
1776744686,23654395,robot_4,1.378,1.512
1776744686,23674135,robot_1,1.697,4.359
1776744686,23682337,robot_2,-1.403,-1.588
1776744686,23689025,robot_0,-0.912,4.393
1776744686,23695084,robot_3,3.954,-0.696
1776744686,243292738,robot_4,1.413,1.486
1776744686,243319736,robot_1,1.660,4.387
1776744686,243330863,robot_2,-1.403,-1.587
1776744686,243339111,robot_0,-0.912,4.393
1776744686,243347323,robot_3,3.954,-0.696
1776744686,443765169,robot_4,1.443,1.464
1776744686,443783241,robot_1,1.625,4.413
1776744686,443790972,robot_2,-1.403,-1.587
1776744686,443797196,robot_0,-0.912,4.393
1776744686,443803602,robot_3,3.954,-0.696
1776744686,663669373,robot_4,1.478,1.438
1776744686,663690019,robot_1,1.577,4.448
1776744686,663697590,robot_2,-1.379,-1.613
1776744686,663703586,robot_0,-0.912,4.393
1776744686,663709004,robot_3,3.955,-0.696
1776744686,882643916,robot_4,1.515,1.409
1776744686,882661184,robot_1,1.541,4.475
1776744686,882667940,robot_2,-1.350,-1.644
1776744686,882673721,robot_0,-0.912,4.393
1776744686,882679493,robot_3,3.955,-0.696
1776744687,82681261,robot_4,1.550,1.383
1776744687,82699990,robot_1,1.505,4.502
1776744687,82707077,robot_2,-1.335,-1.651
1776744687,82712677,robot_0,-0.913,4.393
1776744687,82718021,robot_3,3.956,-0.696
1776744687,302359733,robot_4,1.585,1.357
1776744687,302376025,robot_1,1.463,4.534
1776744687,302382615,robot_2,-1.331,-1.653
1776744687,302387779,robot_0,-0.913,4.393
1776744687,302393696,robot_3,3.956,-0.697
1776744687,503754687,robot_4,1.612,1.337
1776744687,503780430,robot_1,1.458,4.538
1776744687,503787389,robot_2,-1.331,-1.651
1776744687,503793257,robot_0,-0.913,4.394
1776744687,503799854,robot_3,3.957,-0.697
1776744687,723267755,robot_4,1.641,1.315
1776744687,723314302,robot_1,1.458,4.538
1776744687,723329225,robot_2,-1.334,-1.641
1776744687,723342060,robot_0,-0.913,4.394
1776744687,723353624,robot_3,3.957,-0.697
1776744687,924049784,robot_4,1.673,1.291
1776744687,924068543,robot_1,1.457,4.537
1776744687,924076504,robot_2,-1.338,-1.624
1776744687,924082460,robot_0,-0.914,4.394
1776744687,924088234,robot_3,3.957,-0.698
1776744688,143086770,robot_4,1.721,1.255
1776744688,143106004,robot_1,1.457,4.537
1776744688,143112978,robot_2,-1.343,-1.604
1776744688,143118810,robot_0,-0.914,4.395
1776744688,143124497,robot_3,3.957,-0.698
1776744688,343807470,robot_4,1.760,1.224
1776744688,343825322,robot_1,1.456,4.537
1776744688,343832404,robot_2,-1.352,-1.589
1776744688,343838708,robot_0,-0.914,4.395
1776744688,343844665,robot_3,3.957,-0.698
1776744688,562575103,robot_4,1.795,1.196
1776744688,562594488,robot_1,1.456,4.537
1776744688,562601713,robot_2,-1.368,-1.579
1776744688,562607133,robot_0,-0.914,4.395
1776744688,562612483,robot_3,3.957,-0.698
1776744688,763553656,robot_4,1.831,1.166
1776744688,763577614,robot_1,1.455,4.537
1776744688,763587780,robot_2,-1.377,-1.577
1776744688,763596791,robot_0,-0.914,4.395
1776744688,763605417,robot_3,3.957,-0.698
1776744688,981966553,robot_4,1.868,1.136
1776744688,981983451,robot_1,1.455,4.538
1776744688,981989902,robot_2,-1.377,-1.578
1776744688,981994772,robot_0,-0.914,4.395
1776744688,982000114,robot_3,3.957,-0.699
1776744689,183198204,robot_4,1.897,1.113
1776744689,183214740,robot_1,1.455,4.538
1776744689,183220953,robot_2,-1.376,-1.578
1776744689,183226187,robot_0,-0.913,4.396
1776744689,183231955,robot_3,3.957,-0.699
1776744689,383241167,robot_4,1.914,1.099
1776744689,383262975,robot_1,1.454,4.538
1776744689,383272415,robot_2,-1.376,-1.578
1776744689,383283531,robot_0,-0.913,4.396
1776744689,383291585,robot_3,3.957,-0.700
1776744689,602326926,robot_4,1.942,1.076
1776744689,602345249,robot_1,1.454,4.538
1776744689,602352058,robot_2,-1.376,-1.578
1776744689,602357717,robot_0,-0.913,4.396
1776744689,602363211,robot_3,3.958,-0.699
1776744689,803751462,robot_4,1.969,1.054
1776744689,803782780,robot_1,1.454,4.538
1776744689,803793995,robot_2,-1.376,-1.578
1776744689,803803950,robot_0,-0.913,4.396
1776744689,803813433,robot_3,3.957,-0.700
1776744690,24321854,robot_4,1.970,1.054
1776744690,24347853,robot_1,1.454,4.538
1776744690,24359233,robot_2,-1.376,-1.578
1776744690,24368913,robot_0,-0.912,4.397
1776744690,24378798,robot_3,3.957,-0.700
1776744690,243377521,robot_4,1.970,1.054
1776744690,243401811,robot_1,1.454,4.539
1776744690,243410562,robot_2,-1.376,-1.579
1776744690,243418896,robot_0,-0.912,4.397
1776744690,243426654,robot_3,3.957,-0.700
1776744690,443518590,robot_4,1.971,1.054
1776744690,443539816,robot_1,1.454,4.539
1776744690,443546065,robot_2,-1.375,-1.579
1776744690,443551622,robot_0,-0.912,4.397
1776744690,443556802,robot_3,3.956,-0.700
1776744690,644030354,robot_4,1.971,1.055
1776744690,644056752,robot_1,1.454,4.540
1776744690,644069945,robot_2,-1.375,-1.580
1776744690,644079956,robot_0,-0.911,4.397
1776744690,644090037,robot_3,3.951,-0.685
1776744690,863482436,robot_4,1.971,1.055
1776744690,863501938,robot_1,1.454,4.540
1776744690,863510767,robot_2,-1.375,-1.580
1776744690,863518144,robot_0,-0.912,4.378
1776744690,863525449,robot_3,3.930,-0.612
1776744691,82402856,robot_4,1.972,1.055
1776744691,82421104,robot_1,1.454,4.541
1776744691,82427338,robot_2,-1.375,-1.578
1776744691,82432714,robot_0,-0.914,4.320
1776744691,82437700,robot_3,3.918,-0.569
1776744691,301858011,robot_4,1.973,1.054
1776744691,301874124,robot_1,1.454,4.541
1776744691,301880252,robot_2,-1.374,-1.575
1776744691,301885848,robot_0,-0.916,4.276
1776744691,301891070,robot_3,3.900,-0.508
1776744691,502015754,robot_4,1.973,1.054
1776744691,502038087,robot_1,1.454,4.541
1776744691,502045171,robot_2,-1.374,-1.576
1776744691,502050664,robot_0,-0.918,4.227
1776744691,502055814,robot_3,3.884,-0.452
1776744691,703512582,robot_4,1.973,1.054
1776744691,703531931,robot_1,1.455,4.542
1776744691,703539572,robot_2,-1.374,-1.576
1776744691,703545681,robot_0,-0.917,4.178
1776744691,703551966,robot_3,3.872,-0.413
1776744691,924239823,robot_4,1.974,1.054
1776744691,924262827,robot_1,1.455,4.542
1776744691,924272935,robot_2,-1.375,-1.576
1776744691,924287290,robot_0,-0.915,4.134
1776744691,924295523,robot_3,3.856,-0.357
1776744692,142748470,robot_4,1.974,1.054
1776744692,142766499,robot_1,1.459,4.537
1776744692,142773105,robot_2,-1.375,-1.576
1776744692,142778527,robot_0,-0.913,4.070
1776744692,142783485,robot_3,3.841,-0.305
1776744692,343309909,robot_4,1.945,1.022
1776744692,343337577,robot_1,1.505,4.486
1776744692,343350075,robot_2,-1.375,-1.576
1776744692,343361283,robot_0,-0.912,4.017
1776744692,343372725,robot_3,3.830,-0.267
1776744692,562824009,robot_4,1.908,0.981
1776744692,562853414,robot_1,1.541,4.445
1776744692,562859545,robot_2,-1.375,-1.577
1776744692,562864491,robot_0,-0.913,3.972
1776744692,562869726,robot_3,3.822,-0.241
1776744692,764043099,robot_4,1.881,0.951
1776744692,764063112,robot_1,1.573,4.408
1776744692,764071439,robot_2,-1.375,-1.577
1776744692,764078002,robot_0,-0.913,3.927
1776744692,764084652,robot_3,3.812,-0.209
1776744692,983439069,robot_4,1.835,0.899
1776744692,983457878,robot_1,1.621,4.352
1776744692,983465935,robot_2,-1.376,-1.577
1776744692,983472471,robot_0,-0.912,3.881
1776744692,983479532,robot_3,3.798,-0.163
1776744693,183470815,robot_4,1.801,0.862
1776744693,183490638,robot_1,1.648,4.320
1776744693,183498602,robot_2,-1.376,-1.577
1776744693,183505534,robot_0,-0.911,3.838
1776744693,183512250,robot_3,3.777,-0.092
1776744693,401977937,robot_4,1.774,0.832
1776744693,402000118,robot_1,1.673,4.289
1776744693,402006609,robot_2,-1.377,-1.577
1776744693,402011877,robot_0,-0.909,3.762
1776744693,402017340,robot_3,3.760,-0.036
1776744693,602821926,robot_4,1.759,0.816
1776744693,602841778,robot_1,1.695,4.264
1776744693,602848516,robot_2,-1.377,-1.577
1776744693,602854406,robot_0,-0.907,3.712
1776744693,602859794,robot_3,3.749,-0.003
1776744693,802998178,robot_4,1.737,0.790
1776744693,803027485,robot_1,1.723,4.235
1776744693,803038509,robot_2,-1.378,-1.577
1776744693,803047253,robot_0,-0.906,3.672
1776744693,803056799,robot_3,3.743,0.017
1776744694,22405063,robot_4,1.708,0.755
1776744694,22426925,robot_1,1.758,4.197
1776744694,22434008,robot_2,-1.378,-1.576
1776744694,22439262,robot_0,-0.905,3.629
1776744694,22444606,robot_3,3.730,0.054
1776744694,223907762,robot_4,1.680,0.721
1776744694,223927391,robot_1,1.790,4.161
1776744694,223935745,robot_2,-1.379,-1.576
1776744694,223943548,robot_0,-0.904,3.590
1776744694,223949989,robot_3,3.712,0.102
1776744694,424347769,robot_4,1.654,0.690
1776744694,424384298,robot_1,1.815,4.130
1776744694,424404574,robot_2,-1.379,-1.576
1776744694,424422307,robot_0,-0.902,3.548
1776744694,424439309,robot_3,3.686,0.172
1776744694,643353115,robot_4,1.622,0.652
1776744694,643372988,robot_1,1.850,4.085
1776744694,643381841,robot_2,-1.379,-1.576
1776744694,643388793,robot_0,-0.901,3.500
1776744694,643395185,robot_3,3.668,0.221
1776744694,844626534,robot_4,1.586,0.611
1776744694,844650870,robot_1,1.884,4.045
1776744694,844661579,robot_2,-1.379,-1.576
1776744694,844670084,robot_0,-0.900,3.460
1776744694,844678688,robot_3,3.660,0.245
1776744695,44742369,robot_4,1.558,0.581
1776744695,44773888,robot_1,1.910,4.015
1776744695,44789240,robot_2,-1.379,-1.575
1776744695,44803398,robot_0,-0.898,3.419
1776744695,44815748,robot_3,3.660,0.245
1776744695,263047332,robot_4,1.526,0.549
1776744695,263064421,robot_1,1.939,3.982
1776744695,263071258,robot_2,-1.379,-1.575
1776744695,263076628,robot_0,-0.896,3.371
1776744695,263082403,robot_3,3.659,0.244
1776744695,463054917,robot_4,1.496,0.519
1776744695,463070277,robot_1,1.963,3.951
1776744695,463077739,robot_2,-1.379,-1.574
1776744695,463083626,robot_0,-0.893,3.331
1776744695,463089478,robot_3,3.659,0.245
1776744695,663310697,robot_4,1.467,0.491
1776744695,663330489,robot_1,1.987,3.918
1776744695,663337760,robot_2,-1.379,-1.574
1776744695,663343453,robot_0,-0.890,3.295
1776744695,663349180,robot_3,3.658,0.245
1776744695,882830340,robot_4,1.421,0.448
1776744695,882849899,robot_1,2.031,3.857
1776744695,882857893,robot_2,-1.379,-1.573
1776744695,882865107,robot_0,-0.887,3.257
1776744695,882871824,robot_3,3.658,0.245
1776744696,82952313,robot_4,1.369,0.399
1776744696,82974692,robot_1,2.068,3.807
1776744696,82982021,robot_2,-1.379,-1.573
1776744696,82988148,robot_0,-0.882,3.217
1776744696,82993954,robot_3,3.657,0.245
1776744696,283311813,robot_4,1.339,0.370
1776744696,283331220,robot_1,2.092,3.775
1776744696,283339365,robot_2,-1.379,-1.572
1776744696,283346000,robot_0,-0.878,3.185
1776744696,283352553,robot_3,3.657,0.245
1776744696,503166076,robot_4,1.317,0.349
1776744696,503188626,robot_1,2.116,3.743
1776744696,503195994,robot_2,-1.378,-1.572
1776744696,503201653,robot_0,-0.874,3.150
1776744696,503207619,robot_3,3.657,0.246
1776744696,703945267,robot_4,1.299,0.332
1776744696,703969717,robot_1,2.140,3.713
1776744696,703981032,robot_2,-1.375,-1.576
1776744696,703989622,robot_0,-0.869,3.110
1776744696,703999309,robot_3,3.657,0.246
1776744696,922050440,robot_4,1.267,0.301
1776744696,922066758,robot_1,2.167,3.682
1776744696,922073203,robot_2,-1.343,-1.614
1776744696,922078552,robot_0,-0.864,3.076
1776744696,922084037,robot_3,3.657,0.247
1776744697,124632813,robot_4,1.223,0.259
1776744697,124651580,robot_1,2.183,3.663
1776744697,124658886,robot_2,-1.320,-1.637
1776744697,124665232,robot_0,-0.858,3.043
1776744697,124670795,robot_3,3.657,0.247
1776744697,342925246,robot_4,1.173,0.214
1776744697,342945260,robot_1,2.208,3.634
1776744697,342953942,robot_2,-1.311,-1.641
1776744697,342961432,robot_0,-0.850,3.000
1776744697,342968859,robot_3,3.698,0.260
1776744697,543604291,robot_4,1.143,0.188
1776744697,543627794,robot_1,2.239,3.598
1776744697,543634472,robot_2,-1.311,-1.638
1776744697,543640002,robot_0,-0.841,2.957
1776744697,543646296,robot_3,3.744,0.275
1776744697,764275820,robot_4,1.120,0.167
1776744697,764304764,robot_1,2.292,3.536
1776744697,764314002,robot_2,-1.314,-1.622
1776744697,764321226,robot_0,-0.832,2.913
1776744697,764328561,robot_3,3.787,0.289
1776744697,983291556,robot_4,1.091,0.142
1776744697,983318804,robot_1,2.324,3.498
1776744697,983330601,robot_2,-1.318,-1.602
1776744697,983338515,robot_0,-0.823,2.867
1776744697,983346352,robot_3,3.856,0.313
1776744698,183297639,robot_4,1.063,0.117
1776744698,183321871,robot_1,2.360,3.457
1776744698,183333056,robot_2,-1.325,-1.585
1776744698,183342985,robot_0,-0.811,2.811
1776744698,183352040,robot_3,3.903,0.329
1776744698,402261743,robot_4,1.041,0.098
1776744698,402287050,robot_1,2.412,3.395
1776744698,402293677,robot_2,-1.336,-1.570
1776744698,402298798,robot_0,-0.801,2.761
1776744698,402304665,robot_3,3.951,0.345
1776744698,602791676,robot_4,1.014,0.074
1776744698,602819636,robot_1,2.440,3.364
1776744698,602831053,robot_2,-1.353,-1.565
1776744698,602840992,robot_0,-0.794,2.726
1776744698,602850153,robot_3,4.014,0.367
1776744698,803176992,robot_4,0.980,0.044
1776744698,803194923,robot_1,2.473,3.325
1776744698,803201693,robot_2,-1.354,-1.564
1776744698,803207248,robot_0,-0.789,2.704
1776744698,803212047,robot_3,4.058,0.382
1776744699,23450336,robot_4,0.926,-0.002
1776744699,23475553,robot_1,2.513,3.278
1776744699,23489245,robot_2,-1.354,-1.565
1776744699,23501388,robot_0,-0.781,2.666
1776744699,23512535,robot_3,4.103,0.398
1776744699,224460898,robot_4,0.891,-0.030
1776744699,224499525,robot_1,2.539,3.248
1776744699,224521095,robot_2,-1.353,-1.565
1776744699,224539317,robot_0,-0.772,2.621
1776744699,224556931,robot_3,4.151,0.415
1776744699,424608096,robot_4,0.862,-0.054
1776744699,424639225,robot_1,2.558,3.225
1776744699,424654199,robot_2,-1.353,-1.565
1776744699,424666317,robot_0,-0.761,2.566
1776744699,424678578,robot_3,4.189,0.429
1776744699,643357487,robot_4,0.832,-0.079
1776744699,643374906,robot_1,2.573,3.208
1776744699,643382984,robot_2,-1.353,-1.565
1776744699,643388431,robot_0,-0.752,2.521
1776744699,643394425,robot_3,4.233,0.445
1776744699,844125365,robot_4,0.801,-0.104
1776744699,844158097,robot_1,2.573,3.208
1776744699,844173154,robot_2,-1.353,-1.565
1776744699,844185647,robot_0,-0.744,2.481
1776744699,844196868,robot_3,4.275,0.460
1776744700,62632530,robot_4,0.762,-0.136
1776744700,62653246,robot_1,2.573,3.208
1776744700,62660639,robot_2,-1.353,-1.565
1776744700,62666111,robot_0,-0.735,2.437
1776744700,62671252,robot_3,4.282,0.463
1776744700,263067889,robot_4,0.725,-0.168
1776744700,263098417,robot_1,2.574,3.208
1776744700,263113832,robot_2,-1.353,-1.566
1776744700,263125411,robot_0,-0.726,2.398
1776744700,263138023,robot_3,4.282,0.462
1776744700,481874183,robot_4,0.693,-0.199
1776744700,481890073,robot_1,2.574,3.209
1776744700,481896803,robot_2,-1.352,-1.566
1776744700,481901975,robot_0,-0.719,2.362
1776744700,481907473,robot_3,4.282,0.462
1776744700,683199794,robot_4,0.661,-0.230
1776744700,683217903,robot_1,2.575,3.209
1776744700,683224747,robot_2,-1.352,-1.567
1776744700,683230308,robot_0,-0.714,2.333
1776744700,683235308,robot_3,4.283,0.462
1776744700,902276681,robot_4,0.625,-0.265
1776744700,902303906,robot_1,2.575,3.208
1776744700,902311161,robot_2,-1.352,-1.567
1776744700,902317147,robot_0,-0.706,2.290
1776744700,902323010,robot_3,4.283,0.462
1776744701,102548511,robot_4,0.597,-0.293
1776744701,102568846,robot_1,2.576,3.208
1776744701,102576226,robot_2,-1.351,-1.563
1776744701,102581813,robot_0,-0.696,2.235
1776744701,102587380,robot_3,4.284,0.461
1776744701,302957101,robot_4,0.567,-0.321
1776744701,302981580,robot_1,2.576,3.208
1776744701,302991099,robot_2,-1.351,-1.563
1776744701,302996979,robot_0,-0.686,2.179
1776744701,303002494,robot_3,4.284,0.461
1776744701,522263220,robot_4,0.535,-0.353
1776744701,522289210,robot_1,2.577,3.208
1776744701,522296904,robot_2,-1.351,-1.563
1776744701,522302460,robot_0,-0.678,2.136
1776744701,522307804,robot_3,4.284,0.461
1776744701,723393967,robot_4,0.506,-0.381
1776744701,723418270,robot_1,2.577,3.207
1776744701,723429454,robot_2,-1.352,-1.563
1776744701,723437634,robot_0,-0.667,2.074
1776744701,723445751,robot_3,4.285,0.462
1776744701,943071264,robot_4,0.482,-0.404
1776744701,943086218,robot_1,2.577,3.207
1776744701,943092526,robot_2,-1.352,-1.563
1776744701,943097865,robot_0,-0.657,2.008
1776744701,943102922,robot_3,4.285,0.462
1776744702,143462527,robot_4,0.456,-0.428
1776744702,143492835,robot_1,2.577,3.207
1776744702,143502120,robot_2,-1.352,-1.563
1776744702,143509764,robot_0,-0.652,1.968
1776744702,143517051,robot_3,4.285,0.462
1776744702,363313509,robot_4,0.423,-0.457
1776744702,363337002,robot_1,2.577,3.207
1776744702,363347886,robot_2,-1.352,-1.564
1776744702,363356031,robot_0,-0.645,1.917
1776744702,363363948,robot_3,4.285,0.462
1776744702,582943343,robot_4,0.376,-0.498
1776744702,582962947,robot_1,2.577,3.207
1776744702,582970747,robot_2,-1.352,-1.564
1776744702,582976267,robot_0,-0.639,1.870
1776744702,582981588,robot_3,4.285,0.462
1776744702,802319645,robot_4,0.338,-0.532
1776744702,802342361,robot_1,2.577,3.206
1776744702,802349799,robot_2,-1.353,-1.564
1776744702,802355408,robot_0,-0.632,1.822
1776744702,802360868,robot_3,4.285,0.462
1776744703,3962749,robot_4,0.304,-0.562
1776744703,3992787,robot_1,2.577,3.206
1776744703,4004883,robot_2,-1.353,-1.564
1776744703,4014278,robot_0,-0.624,1.757
1776744703,4023633,robot_3,4.284,0.462
1776744703,223538220,robot_4,0.242,-0.617
1776744703,223563951,robot_1,2.577,3.205
1776744703,223575127,robot_2,-1.354,-1.564
1776744703,223584705,robot_0,-0.617,1.706
1776744703,223593822,robot_3,4.284,0.462
1776744703,443528729,robot_4,0.202,-0.653
1776744703,443548140,robot_1,2.577,3.205
1776744703,443556727,robot_2,-1.354,-1.564
1776744703,443563355,robot_0,-0.610,1.650
1776744703,443569865,robot_3,4.283,0.462
1776744703,663120303,robot_4,0.169,-0.682
1776744703,663140357,robot_1,2.577,3.204
1776744703,663148726,robot_2,-1.355,-1.564
1776744703,663155198,robot_0,-0.599,1.569
1776744703,663161197,robot_3,4.283,0.462
1776744703,863283390,robot_4,0.139,-0.708
1776744703,863306666,robot_1,2.576,3.204
1776744703,863316243,robot_2,-1.355,-1.563
1776744703,863323639,robot_0,-0.593,1.526
1776744703,863330878,robot_3,4.282,0.462
1776744704,82868746,robot_4,0.106,-0.737
1776744704,82892803,robot_1,2.576,3.204
1776744704,82900263,robot_2,-1.356,-1.563
1776744704,82906591,robot_0,-0.586,1.475
1776744704,82911835,robot_3,4.282,0.463
1776744704,283630482,robot_4,0.085,-0.756
1776744704,283647227,robot_1,2.576,3.204
1776744704,283654674,robot_2,-1.356,-1.563
1776744704,283660140,robot_0,-0.580,1.427
1776744704,283665623,robot_3,4.282,0.463
1776744704,501882940,robot_4,0.065,-0.773
1776744704,501899375,robot_1,2.576,3.204
1776744704,501906258,robot_2,-1.356,-1.563
1776744704,501911356,robot_0,-0.574,1.383
1776744704,501916758,robot_3,4.282,0.463
1776744704,703071768,robot_4,0.033,-0.797
1776744704,703091853,robot_1,2.576,3.204
1776744704,703100052,robot_2,-1.356,-1.563
1776744704,703106406,robot_0,-0.566,1.323
1776744704,703112687,robot_3,4.282,0.463
1776744704,923128581,robot_4,-0.023,-0.840
1776744704,923160023,robot_1,2.575,3.203
1776744704,923171536,robot_2,-1.356,-1.563
1776744704,923181275,robot_0,-0.557,1.256
1776744704,923190702,robot_3,4.282,0.464
1776744705,124070576,robot_4,-0.075,-0.880
1776744705,124097551,robot_1,2.575,3.203
1776744705,124109915,robot_2,-1.356,-1.562
1776744705,124119644,robot_0,-0.552,1.216
1776744705,124130164,robot_3,4.282,0.464
1776744705,343422329,robot_4,-0.104,-0.903
1776744705,343448689,robot_1,2.574,3.203
1776744705,343460715,robot_2,-1.356,-1.562
1776744705,343470496,robot_0,-0.542,1.144
1776744705,343480370,robot_3,4.282,0.464
1776744705,563205083,robot_4,-0.123,-0.917
1776744705,563225854,robot_1,2.574,3.203
1776744705,563233679,robot_2,-1.356,-1.561
1776744705,563239038,robot_0,-0.534,1.080
1776744705,563244630,robot_3,4.282,0.465
1776744705,782907919,robot_4,-0.158,-0.944
1776744705,782931283,robot_1,2.573,3.204
1776744705,782938496,robot_2,-1.356,-1.560
1776744705,782944601,robot_0,-0.528,1.038
1776744705,782949879,robot_3,4.282,0.465
1776744706,1974624,robot_4,-0.192,-0.971
1776744706,1999746,robot_1,2.573,3.204
1776744706,2006435,robot_2,-1.356,-1.560
1776744706,2012414,robot_0,-0.525,1.010
1776744706,2017636,robot_3,4.282,0.466
1776744706,203563857,robot_4,-0.223,-0.996
1776744706,203583862,robot_1,2.573,3.204
1776744706,203592889,robot_2,-1.356,-1.560
1776744706,203600983,robot_0,-0.520,0.974
1776744706,203607409,robot_3,4.283,0.466
1776744706,423251727,robot_4,-0.257,-1.024
1776744706,423283461,robot_1,2.572,3.205
1776744706,423300039,robot_2,-1.355,-1.559
1776744706,423312863,robot_0,-0.515,0.936
1776744706,423325526,robot_3,4.283,0.466
1776744706,624349022,robot_4,-0.302,-1.061
1776744706,624374718,robot_1,2.575,3.207
1776744706,624386071,robot_2,-1.350,-1.565
1776744706,624396026,robot_0,-0.511,0.914
1776744706,624404533,robot_3,4.284,0.467
1776744706,841916654,robot_4,-0.347,-1.099
1776744706,841933154,robot_1,2.626,3.240
1776744706,841940756,robot_2,-1.326,-1.593
1776744706,841947300,robot_0,-0.505,0.873
1776744706,841953483,robot_3,4.284,0.467
1776744707,43012984,robot_4,-0.377,-1.126
1776744707,43038531,robot_1,2.662,3.266
1776744707,43049867,robot_2,-1.302,-1.617
1776744707,43060316,robot_0,-0.496,0.824
1776744707,43069317,robot_3,4.284,0.467
1776744707,244488234,robot_4,-0.383,-1.130
1776744707,244516342,robot_1,2.684,3.289
1776744707,244532205,robot_2,-1.292,-1.624
1776744707,244544833,robot_0,-0.487,0.759
1776744707,244556899,robot_3,4.284,0.467
1776744707,463682129,robot_4,-0.383,-1.131
1776744707,463704418,robot_1,2.682,3.292
1776744707,463714201,robot_2,-1.292,-1.624
1776744707,463722581,robot_0,-0.482,0.713
1776744707,463730303,robot_3,4.284,0.467
1776744707,682026998,robot_4,-0.382,-1.131
1776744707,682043359,robot_1,2.682,3.293
1776744707,682050064,robot_2,-1.291,-1.615
1776744707,682055768,robot_0,-0.479,0.679
1776744707,682060694,robot_3,4.285,0.467
1776744707,883186001,robot_4,-0.382,-1.132
1776744707,883204700,robot_1,2.682,3.293
1776744707,883211147,robot_2,-1.294,-1.598
1776744707,883216620,robot_0,-0.478,0.653
1776744707,883221503,robot_3,4.285,0.467
1776744708,84222343,robot_4,-0.382,-1.132
1776744708,84241060,robot_1,2.682,3.294
1776744708,84248420,robot_2,-1.298,-1.580
1776744708,84253170,robot_0,-0.477,0.613
1776744708,84258339,robot_3,4.286,0.466
1776744708,302899404,robot_4,-0.382,-1.133
1776744708,302924069,robot_1,2.682,3.294
1776744708,302930567,robot_2,-1.306,-1.563
1776744708,302936946,robot_0,-0.477,0.569
1776744708,302942676,robot_3,4.286,0.466
1776744708,502930749,robot_4,-0.383,-1.133
1776744708,502955145,robot_1,2.682,3.295
1776744708,502962653,robot_2,-1.321,-1.553
1776744708,502968513,robot_0,-0.477,0.529
1776744708,502974134,robot_3,4.286,0.466
1776744708,702986320,robot_4,-0.383,-1.133
1776744708,703002263,robot_1,2.678,3.296
1776744708,703008591,robot_2,-1.329,-1.550
1776744708,703013641,robot_0,-0.477,0.489
1776744708,703018800,robot_3,4.287,0.465
1776744708,903062808,robot_4,-0.383,-1.134
1776744708,903086176,robot_1,2.673,3.291
1776744708,903093161,robot_2,-1.329,-1.550
1776744708,903098333,robot_0,-0.477,0.435
1776744708,903104627,robot_3,4.287,0.465
1776744709,103217575,robot_4,-0.384,-1.134
1776744709,103240644,robot_1,2.673,3.291
1776744709,103249269,robot_2,-1.328,-1.549
1776744709,103256268,robot_0,-0.475,0.380
1776744709,103262867,robot_3,4.287,0.465
1776744709,323597955,robot_4,-0.384,-1.134
1776744709,323617197,robot_1,2.674,3.291
1776744709,323625296,robot_2,-1.328,-1.549
1776744709,323632007,robot_0,-0.471,0.336
1776744709,323638251,robot_3,4.287,0.465
1776744709,542802189,robot_4,-0.384,-1.134
1776744709,542821866,robot_1,2.674,3.291
1776744709,542828379,robot_2,-1.328,-1.549
1776744709,542833565,robot_0,-0.465,0.263
1776744709,542838878,robot_3,4.287,0.465
1776744709,762270864,robot_4,-0.384,-1.134
1776744709,762291243,robot_1,2.674,3.291
1776744709,762297688,robot_2,-1.327,-1.549
1776744709,762302670,robot_0,-0.459,0.195
1776744709,762307859,robot_3,4.287,0.464
1776744709,983071070,robot_4,-0.384,-1.134
1776744709,983100267,robot_1,2.674,3.291
1776744709,983110403,robot_2,-1.327,-1.549
1776744709,983119831,robot_0,-0.455,0.151
1776744709,983128452,robot_3,4.287,0.464
1776744710,183700750,robot_4,-0.385,-1.134
1776744710,183723139,robot_1,2.674,3.291
1776744710,183732691,robot_2,-1.326,-1.549
1776744710,183740563,robot_0,-0.452,0.113
1776744710,183747609,robot_3,4.287,0.464
1776744710,403646236,robot_4,-0.385,-1.135
1776744710,403672879,robot_1,2.675,3.292
1776744710,403682808,robot_2,-1.326,-1.550
1776744710,403690306,robot_0,-0.448,0.069
1776744710,403698514,robot_3,4.287,0.463
1776744710,622534512,robot_4,-0.386,-1.134
1776744710,622553625,robot_1,2.675,3.291
1776744710,622560739,robot_2,-1.326,-1.550
1776744710,622566703,robot_0,-0.445,0.030
1776744710,622572332,robot_3,4.287,0.463
1776744710,822802889,robot_4,-0.386,-1.134
1776744710,822820615,robot_1,2.676,3.291
1776744710,822827363,robot_2,-1.326,-1.551
1776744710,822832773,robot_0,-0.443,0.003
1776744710,822837940,robot_3,4.286,0.462
1776744711,23498034,robot_4,-0.387,-1.134
1776744711,23526636,robot_1,2.676,3.291
1776744711,23540452,robot_2,-1.326,-1.551
1776744711,23553033,robot_0,-0.439,-0.035
1776744711,23565171,robot_3,4.286,0.462
1776744711,243563466,robot_4,-0.387,-1.134
1776744711,243583146,robot_1,2.674,3.293
1776744711,243591328,robot_2,-1.325,-1.549
1776744711,243598427,robot_0,-0.435,-0.087
1776744711,243605179,robot_3,4.285,0.462
1776744711,463005850,robot_4,-0.387,-1.133
1776744711,463026064,robot_1,2.673,3.294
1776744711,463034829,robot_2,-1.325,-1.549
1776744711,463042989,robot_0,-0.429,-0.151
1776744711,463050428,robot_3,4.285,0.462
1776744711,663730685,robot_4,-0.387,-1.133
1776744711,663755903,robot_1,2.674,3.294
1776744711,663768113,robot_2,-1.326,-1.549
1776744711,663777053,robot_0,-0.426,-0.191
1776744711,663785402,robot_3,4.285,0.462
1776744711,883248628,robot_4,-0.387,-1.133
1776744711,883265875,robot_1,2.674,3.294
1776744711,883274685,robot_2,-1.326,-1.549
1776744711,883285195,robot_0,-0.423,-0.225
1776744711,883291827,robot_3,4.285,0.462
1776744712,83460156,robot_4,-0.387,-1.133
1776744712,83479447,robot_1,2.674,3.294
1776744712,83486696,robot_2,-1.326,-1.549
1776744712,83491698,robot_0,-0.420,-0.253
1776744712,83497092,robot_3,4.285,0.462
1776744712,302030801,robot_4,-0.388,-1.133
1776744712,302057133,robot_1,2.674,3.294
1776744712,302064216,robot_2,-1.326,-1.549
1776744712,302071020,robot_0,-0.415,-0.297
1776744712,302076598,robot_3,4.285,0.462
1776744712,502666514,robot_4,-0.388,-1.133
1776744712,502684543,robot_1,2.674,3.293
1776744712,502691366,robot_2,-1.326,-1.550
1776744712,502696792,robot_0,-0.409,-0.344
1776744712,502702199,robot_3,4.285,0.462
1776744712,704221919,robot_4,-0.388,-1.132
1776744712,704258742,robot_1,2.674,3.293
1776744712,704272985,robot_2,-1.327,-1.550
1776744712,704287531,robot_0,-0.404,-0.391
1776744712,704298768,robot_3,4.286,0.462
1776744712,923447209,robot_4,-0.388,-1.132
1776744712,923473298,robot_1,2.674,3.292
1776744712,923485103,robot_2,-1.327,-1.550
1776744712,923495481,robot_0,-0.398,-0.435
1776744712,923506133,robot_3,4.286,0.463
1776744713,143490994,robot_4,-0.388,-1.131
1776744713,143510805,robot_1,2.674,3.292
1776744713,143517532,robot_2,-1.328,-1.550
1776744713,143523573,robot_0,-0.394,-0.471
1776744713,143529254,robot_3,4.286,0.463
1776744713,362304929,robot_4,-0.387,-1.131
1776744713,362320575,robot_1,2.673,3.291
1776744713,362327153,robot_2,-1.328,-1.550
1776744713,362332619,robot_0,-0.389,-0.510
1776744713,362337541,robot_3,4.286,0.463
1776744713,562965212,robot_4,-0.391,-1.137
1776744713,562991421,robot_1,2.673,3.291
1776744713,563000145,robot_2,-1.329,-1.550
1776744713,563007436,robot_0,-0.382,-0.548
1776744713,563015539,robot_3,4.286,0.464
1776744713,763077339,robot_4,-0.424,-1.173
1776744713,763108899,robot_1,2.673,3.290
1776744713,763119231,robot_2,-1.329,-1.549
1776744713,763127622,robot_0,-0.361,-0.590
1776744713,763136393,robot_3,4.286,0.464
1776744713,964191895,robot_4,-0.462,-1.203
1776744713,964228071,robot_1,2.672,3.290
1776744713,964241987,robot_2,-1.329,-1.549
1776744713,964253162,robot_0,-0.345,-0.629
1776744713,964264027,robot_3,4.286,0.465
1776744714,164462108,robot_4,-0.479,-1.233
1776744714,164492077,robot_1,2.672,3.290
1776744714,164503245,robot_2,-1.330,-1.549
1776744714,164512626,robot_0,-0.350,-0.662
1776744714,164521742,robot_3,4.286,0.465
1776744714,364658460,robot_4,-0.501,-1.292
1776744714,364697013,robot_1,2.672,3.290
1776744714,364712151,robot_2,-1.330,-1.549
1776744714,364725485,robot_0,-0.362,-0.723
1776744714,364737905,robot_3,4.286,0.465
1776744714,583250867,robot_4,-0.515,-1.351
1776744714,583270015,robot_1,2.672,3.290
1776744714,583277296,robot_2,-1.330,-1.549
1776744714,583286575,robot_0,-0.375,-0.782
1776744714,583292065,robot_3,4.286,0.464
1776744714,784136782,robot_4,-0.532,-1.385
1776744714,784163612,robot_1,2.672,3.290
1776744714,784177521,robot_2,-1.330,-1.549
1776744714,784189639,robot_0,-0.383,-0.818
1776744714,784200499,robot_3,4.286,0.464
1776744715,4155123,robot_4,-0.537,-1.390
1776744715,4203012,robot_1,2.671,3.290
1776744715,4225432,robot_2,-1.330,-1.548
1776744715,4243982,robot_0,-0.384,-0.819
1776744715,4260919,robot_3,4.286,0.464
1776744715,224086726,robot_4,-0.537,-1.391
1776744715,224108169,robot_1,2.671,3.290
1776744715,224116594,robot_2,-1.330,-1.548
1776744715,224123818,robot_0,-0.384,-0.819
1776744715,224130262,robot_3,4.286,0.463
1776744715,442054482,robot_4,-0.536,-1.393
1776744715,442072251,robot_1,2.670,3.290
1776744715,442078754,robot_2,-1.330,-1.547
1776744715,442084702,robot_0,-0.383,-0.820
1776744715,442090217,robot_3,4.286,0.463
1776744715,643348367,robot_4,-0.535,-1.394
1776744715,643374820,robot_1,2.670,3.290
1776744715,643386301,robot_2,-1.330,-1.547
1776744715,643395226,robot_0,-0.383,-0.820
1776744715,643404529,robot_3,4.285,0.462
1776744715,863306179,robot_4,-0.533,-1.394
1776744715,863326324,robot_1,2.670,3.291
1776744715,863335294,robot_2,-1.330,-1.546
1776744715,863343237,robot_0,-0.383,-0.821
1776744715,863350883,robot_3,4.285,0.462
1776744716,83570932,robot_4,-0.532,-1.395
1776744716,83591271,robot_1,2.669,3.291
1776744716,83597504,robot_2,-1.330,-1.546
1776744716,83602938,robot_0,-0.382,-0.821
1776744716,83608283,robot_3,4.284,0.462
1776744716,303332598,robot_4,-0.531,-1.395
1776744716,303364829,robot_1,2.669,3.291
1776744716,303377212,robot_2,-1.329,-1.545
1776744716,303387254,robot_0,-0.382,-0.822
1776744716,303396165,robot_3,4.284,0.462
1776744716,523496407,robot_4,-0.530,-1.395
1776744716,523514974,robot_1,2.669,3.292
1776744716,523523441,robot_2,-1.329,-1.545
1776744716,523530080,robot_0,-0.382,-0.822
1776744716,523536124,robot_3,4.284,0.462
1776744716,742574242,robot_4,-0.530,-1.395
1776744716,742592681,robot_1,2.685,3.300
1776744716,742600447,robot_2,-1.329,-1.545
1776744716,742606810,robot_0,-0.382,-0.823
1776744716,742612773,robot_3,4.284,0.462
1776744716,942906450,robot_4,-0.530,-1.395
1776744716,942922968,robot_1,2.700,3.313
1776744716,942930100,robot_2,-1.329,-1.545
1776744716,942936034,robot_0,-0.382,-0.823
1776744716,942941308,robot_3,4.284,0.462
1776744717,164245895,robot_4,-0.530,-1.395
1776744717,164273832,robot_1,2.717,3.330
1776744717,164297958,robot_2,-1.329,-1.545
1776744717,164308177,robot_0,-0.383,-0.823
1776744717,164318743,robot_3,4.283,0.462
1776744717,384055926,robot_4,-0.530,-1.396
1776744717,384085055,robot_1,2.722,3.333
1776744717,384097355,robot_2,-1.329,-1.546
1776744717,384104874,robot_0,-0.417,-0.814
1776744717,384111541,robot_3,4.283,0.462
1776744717,602159788,robot_4,-0.530,-1.396
1776744717,602180175,robot_1,2.722,3.334
1776744717,602188735,robot_2,-1.330,-1.546
1776744717,602195551,robot_0,-0.458,-0.805
1776744717,602201430,robot_3,4.282,0.462
1776744717,804070888,robot_4,-0.529,-1.396
1776744717,804101652,robot_1,2.722,3.334
1776744717,804116268,robot_2,-1.330,-1.547
1776744717,804130016,robot_0,-0.494,-0.798
1776744717,804141720,robot_3,4.282,0.462
1776744718,4533808,robot_4,-0.529,-1.396
1776744718,4560365,robot_1,2.722,3.335
1776744718,4572879,robot_2,-1.330,-1.547
1776744718,4584535,robot_0,-0.522,-0.792
1776744718,4595008,robot_3,4.282,0.462
1776744718,224287302,robot_4,-0.528,-1.396
1776744718,224307085,robot_1,2.716,3.342
1776744718,224313740,robot_2,-1.330,-1.548
1776744718,224319175,robot_0,-0.562,-0.784
1776744718,224324022,robot_3,4.281,0.463
1776744718,442303551,robot_4,-0.528,-1.396
1776744718,442321271,robot_1,2.697,3.349
1776744718,442328578,robot_2,-1.329,-1.548
1776744718,442334010,robot_0,-0.607,-0.775
1776744718,442340023,robot_3,4.281,0.463
1776744718,642550919,robot_4,-0.528,-1.396
1776744718,642569420,robot_1,2.681,3.346
1776744718,642576413,robot_2,-1.329,-1.548
1776744718,642581877,robot_0,-0.649,-0.766
1776744718,642587298,robot_3,4.281,0.464
1776744718,843052197,robot_4,-0.527,-1.396
1776744718,843067377,robot_1,2.673,3.337
1776744718,843073977,robot_2,-1.329,-1.549
1776744718,843079484,robot_0,-0.688,-0.758
1776744718,843084373,robot_3,4.281,0.464
1776744719,62499937,robot_4,-0.527,-1.396
1776744719,62518689,robot_1,2.675,3.335
1776744719,62524960,robot_2,-1.329,-1.549
1776744719,62530843,robot_0,-0.721,-0.751
1776744719,62535725,robot_3,4.281,0.464
1776744719,263545316,robot_4,-0.527,-1.396
1776744719,263565271,robot_1,2.676,3.334
1776744719,263573740,robot_2,-1.329,-1.549
1776744719,263581079,robot_0,-0.743,-0.747
1776744719,263587757,robot_3,4.281,0.464
1776744719,483155755,robot_4,-0.527,-1.396
1776744719,483187459,robot_1,2.676,3.334
1776744719,483202419,robot_2,-1.329,-1.549
1776744719,483214838,robot_0,-0.786,-0.740
1776744719,483226525,robot_3,4.281,0.464
1776744719,702170504,robot_4,-0.527,-1.396
1776744719,702186338,robot_1,2.676,3.334
1776744719,702192609,robot_2,-1.329,-1.548
1776744719,702197462,robot_0,-0.838,-0.731
1776744719,702202884,robot_3,4.281,0.465
1776744719,903320838,robot_4,-0.527,-1.396
1776744719,903341197,robot_1,2.677,3.332
1776744719,903349898,robot_2,-1.329,-1.548
1776744719,903357428,robot_0,-0.885,-0.723
1776744719,903364205,robot_3,4.281,0.465
1776744720,123322066,robot_4,-0.527,-1.396
1776744720,123344920,robot_1,2.678,3.330
1776744720,123353545,robot_2,-1.329,-1.547
1776744720,123360142,robot_0,-0.929,-0.715
1776744720,123366803,robot_3,4.282,0.466
1776744720,343390464,robot_4,-0.528,-1.396
1776744720,343418989,robot_1,2.679,3.329
1776744720,343426318,robot_2,-1.329,-1.547
1776744720,343432217,robot_0,-0.959,-0.710
1776744720,343439092,robot_3,4.282,0.466
1776744720,562447292,robot_4,-0.529,-1.396
1776744720,562466743,robot_1,2.679,3.327
1776744720,562473098,robot_2,-1.329,-1.546
1776744720,562478562,robot_0,-0.995,-0.705
1776744720,562483946,robot_3,4.282,0.466
1776744720,781923460,robot_4,-0.529,-1.396
1776744720,781940368,robot_1,2.679,3.326
1776744720,781946835,robot_2,-1.329,-1.546
1776744720,781952228,robot_0,-1.037,-0.700
1776744720,781957111,robot_3,4.283,0.467
1776744720,981999629,robot_4,-0.529,-1.396
1776744720,982016718,robot_1,2.680,3.326
1776744720,982024157,robot_2,-1.329,-1.545
1776744720,982030290,robot_0,-1.058,-0.697
1776744720,982035309,robot_3,4.283,0.467
1776744721,183527039,robot_4,-0.530,-1.395
1776744721,183543965,robot_1,2.673,3.333
1776744721,183550497,robot_2,-1.328,-1.545
1776744721,183555549,robot_0,-1.091,-0.693
1776744721,183560726,robot_3,4.284,0.467
1776744721,402244363,robot_4,-0.530,-1.395
1776744721,402267096,robot_1,2.672,3.333
1776744721,402273922,robot_2,-1.328,-1.545
1776744721,402285057,robot_0,-1.139,-0.685
1776744721,402290401,robot_3,4.284,0.467
1776744721,603013287,robot_4,-0.530,-1.395
1776744721,603036910,robot_1,2.672,3.332
1776744721,603046132,robot_2,-1.328,-1.545
1776744721,603053605,robot_0,-1.213,-0.674
1776744721,603061688,robot_3,4.284,0.467
1776744721,803143685,robot_4,-0.530,-1.395
1776744721,803167610,robot_1,2.672,3.332
1776744721,803178689,robot_2,-1.328,-1.545
1776744721,803186914,robot_0,-1.265,-0.666
1776744721,803195883,robot_3,4.284,0.467
1776744722,22262787,robot_4,-0.530,-1.395
1776744722,22284714,robot_1,2.672,3.332
1776744722,22291323,robot_2,-1.328,-1.545
1776744722,22296868,robot_0,-1.306,-0.660
1776744722,22302003,robot_3,4.284,0.467
1776744722,223359604,robot_4,-0.530,-1.394
1776744722,223386143,robot_1,2.672,3.332
1776744722,223397786,robot_2,-1.327,-1.544
1776744722,223409109,robot_0,-1.339,-0.655
1776744722,223418611,robot_3,4.285,0.467
1776744722,423772410,robot_4,-0.531,-1.394
1776744722,423803649,robot_1,2.672,3.331
1776744722,423811363,robot_2,-1.327,-1.544
1776744722,423817794,robot_0,-1.377,-0.649
1776744722,423824422,robot_3,4.285,0.466
1776744722,642908097,robot_4,-0.531,-1.393
1776744722,642928538,robot_1,2.672,3.331
1776744722,642936845,robot_2,-1.326,-1.544
1776744722,642944684,robot_0,-1.421,-0.642
1776744722,642951888,robot_3,4.285,0.466
1776744722,862138966,robot_4,-0.531,-1.393
1776744722,862156128,robot_1,2.672,3.330
1776744722,862162854,robot_2,-1.326,-1.544
1776744722,862168046,robot_0,-1.464,-0.636
1776744722,862173173,robot_3,4.286,0.466
1776744723,62960138,robot_4,-0.531,-1.393
1776744723,62984970,robot_1,2.672,3.330
1776744723,62994311,robot_2,-1.326,-1.545
1776744723,63002084,robot_0,-1.504,-0.630
1776744723,63009588,robot_3,4.286,0.465
1776744723,282598601,robot_4,-0.530,-1.392
1776744723,282620388,robot_1,2.672,3.329
1776744723,282629503,robot_2,-1.325,-1.545
1776744723,282636591,robot_0,-1.540,-0.624
1776744723,282644653,robot_3,4.286,0.465
1776744723,483802953,robot_4,-0.530,-1.392
1776744723,483824188,robot_1,2.671,3.329
1776744723,483833919,robot_2,-1.325,-1.545
1776744723,483841827,robot_0,-1.572,-0.620
1776744723,483849192,robot_3,4.286,0.464
1776744723,703729062,robot_4,-0.530,-1.391
1776744723,703752226,robot_1,2.671,3.329
1776744723,703762609,robot_2,-1.325,-1.545
1776744723,703770588,robot_0,-1.615,-0.613
1776744723,703777947,robot_3,4.279,0.464
1776744723,923454254,robot_4,-0.529,-1.391
1776744723,923483361,robot_1,2.671,3.328
1776744723,923499291,robot_2,-1.325,-1.546
1776744723,923512065,robot_0,-1.670,-0.605
1776744723,923524164,robot_3,4.234,0.460
1776744724,143885983,robot_4,-0.522,-1.403
1776744724,143907444,robot_1,2.670,3.328
1776744724,143916813,robot_2,-1.325,-1.546
1776744724,143923901,robot_0,-1.721,-0.597
1776744724,143930802,robot_3,4.190,0.456
1776744724,362413518,robot_4,-0.489,-1.454
1776744724,362429678,robot_1,2.670,3.328
1776744724,362436221,robot_2,-1.324,-1.546
1776744724,362441744,robot_0,-1.764,-0.590
1776744724,362447258,robot_3,4.131,0.451
1776744724,564072904,robot_4,-0.467,-1.488
1776744724,564092213,robot_1,2.670,3.328
1776744724,564099178,robot_2,-1.324,-1.546
1776744724,564104844,robot_0,-1.792,-0.586
1776744724,564110404,robot_3,4.064,0.446
1776744724,782645479,robot_4,-0.455,-1.507
1776744724,782667227,robot_1,2.670,3.328
1776744724,782676635,robot_2,-1.324,-1.547
1776744724,782685054,robot_0,-1.830,-0.580
1776744724,782692640,robot_3,4.020,0.442
1776744724,982989710,robot_4,-0.455,-1.507
1776744724,983009496,robot_1,2.669,3.328
1776744724,983017877,robot_2,-1.324,-1.547
1776744724,983024516,robot_0,-1.868,-0.574
1776744724,983031389,robot_3,4.003,0.441
1776744725,183119901,robot_4,-0.455,-1.508
1776744725,183141489,robot_1,2.669,3.328
1776744725,183150656,robot_2,-1.324,-1.548
1776744725,183157986,robot_0,-1.896,-0.570
1776744725,183164462,robot_3,4.003,0.440
1776744725,402853747,robot_4,-0.455,-1.508
1776744725,402879281,robot_1,2.668,3.328
1776744725,402889989,robot_2,-1.324,-1.548
1776744725,402898549,robot_0,-1.936,-0.562
1776744725,402907437,robot_3,4.003,0.440
1776744725,603114653,robot_4,-0.455,-1.509
1776744725,603137746,robot_1,2.668,3.329
1776744725,603146074,robot_2,-1.325,-1.549
1776744725,603152946,robot_0,-1.979,-0.552
1776744725,603160065,robot_3,4.002,0.439
1776744725,803805626,robot_4,-0.455,-1.509
1776744725,803834750,robot_1,2.668,3.329
1776744725,803846399,robot_2,-1.325,-1.549
1776744725,803856994,robot_0,-2.039,-0.539
1776744725,803880440,robot_3,4.002,0.439
1776744726,4058075,robot_4,-0.455,-1.509
1776744726,4089437,robot_1,2.667,3.329
1776744726,4103704,robot_2,-1.325,-1.549
1776744726,4116377,robot_0,-2.083,-0.529
1776744726,4127241,robot_3,4.002,0.439
1776744726,223483158,robot_4,-0.455,-1.510
1776744726,223500689,robot_1,2.667,3.330
1776744726,223507349,robot_2,-1.331,-1.542
1776744726,223512912,robot_0,-2.132,-0.518
1776744726,223518778,robot_3,4.001,0.438
1776744726,423742863,robot_4,-0.455,-1.510
1776744726,423773995,robot_1,2.667,3.330
1776744726,423787554,robot_2,-1.366,-1.495
1776744726,423798916,robot_0,-2.186,-0.505
1776744726,423810003,robot_3,4.001,0.438
1776744726,643235506,robot_4,-0.455,-1.511
1776744726,643262076,robot_1,2.674,3.332
1776744726,643270944,robot_2,-1.394,-1.457
1776744726,643281918,robot_0,-2.231,-0.493
1776744726,643288795,robot_3,4.000,0.438
1776744726,844101298,robot_4,-0.455,-1.511
1776744726,844126593,robot_1,2.712,3.344
1776744726,844138250,robot_2,-1.420,-1.422
1776744726,844147674,robot_0,-2.279,-0.480
1776744726,844156575,robot_3,4.000,0.438
1776744727,45502372,robot_4,-0.455,-1.511
1776744727,45521447,robot_1,2.738,3.356
1776744727,45528485,robot_2,-1.449,-1.383
1776744727,45534213,robot_0,-2.339,-0.463
1776744727,45539535,robot_3,4.000,0.438
1776744727,263933883,robot_4,-0.455,-1.511
1776744727,263960835,robot_1,2.752,3.361
1776744727,263970551,robot_2,-1.476,-1.348
1776744727,263978109,robot_0,-2.383,-0.451
1776744727,263984397,robot_3,4.000,0.438
1776744727,483411609,robot_4,-0.455,-1.511
1776744727,483427622,robot_1,2.752,3.361
1776744727,483433605,robot_2,-1.500,-1.316
1776744727,483439549,robot_0,-2.427,-0.439
1776744727,483444849,robot_3,4.000,0.438
1776744727,684511378,robot_4,-0.454,-1.511
1776744727,684542472,robot_1,2.752,3.361
1776744727,684554835,robot_2,-1.521,-1.288
1776744727,684564491,robot_0,-2.467,-0.428
1776744727,684573092,robot_3,3.999,0.438
1776744727,903237384,robot_4,-0.454,-1.511
1776744727,903256048,robot_1,2.743,3.368
1776744727,903263380,robot_2,-1.548,-1.253
1776744727,903269299,robot_0,-2.509,-0.417
1776744727,903275356,robot_3,3.999,0.438
1776744728,122661887,robot_4,-0.453,-1.512
1776744728,122689390,robot_1,2.726,3.376
1776744728,122701392,robot_2,-1.579,-1.212
1776744728,122711252,robot_0,-2.545,-0.407
1776744728,122719774,robot_3,3.999,0.438
1776744728,341870740,robot_4,-0.453,-1.512
1776744728,341886757,robot_1,2.707,3.385
1776744728,341893414,robot_2,-1.608,-1.173
1776744728,341899094,robot_0,-2.583,-0.396
1776744728,341904382,robot_3,3.998,0.439
1776744728,543400209,robot_4,-0.453,-1.512
1776744728,543418319,robot_1,2.690,3.387
1776744728,543425414,robot_2,-1.632,-1.141
1776744728,543430981,robot_0,-2.621,-0.386
1776744728,543436370,robot_3,3.998,0.439
1776744728,743401391,robot_4,-0.452,-1.511
1776744728,743419152,robot_1,2.677,3.381
1776744728,743425757,robot_2,-1.671,-1.089
1776744728,743430846,robot_0,-2.686,-0.368
1776744728,743435808,robot_3,3.998,0.440
1776744728,963177982,robot_4,-0.452,-1.511
1776744728,963203756,robot_1,2.675,3.380
1776744728,963216016,robot_2,-1.706,-1.038
1776744728,963226215,robot_0,-2.748,-0.349
1776744728,963236568,robot_3,3.997,0.440
1776744729,183426349,robot_4,-0.451,-1.511
1776744729,183454814,robot_1,2.675,3.380
1776744729,183467847,robot_2,-1.732,-0.999
1776744729,183479983,robot_0,-2.792,-0.335
1776744729,183491215,robot_3,3.997,0.441
1776744729,383427852,robot_4,-0.451,-1.511
1776744729,383446607,robot_1,2.676,3.380
1776744729,383454118,robot_2,-1.761,-0.957
1776744729,383460548,robot_0,-2.857,-0.315
1776744729,383467030,robot_3,3.997,0.441
1776744729,584024512,robot_4,-0.451,-1.511
1776744729,584043324,robot_1,2.676,3.380
1776744729,584050632,robot_2,-1.787,-0.921
1776744729,584056335,robot_0,-2.907,-0.299
1776744729,584061250,robot_3,3.997,0.441
1776744729,804036494,robot_4,-0.451,-1.511
1776744729,804064900,robot_1,2.676,3.380
1776744729,804074227,robot_2,-1.812,-0.888
1776744729,804081477,robot_0,-2.953,-0.285
1776744729,804088005,robot_3,4.035,0.440
1776744730,21977253,robot_4,-0.451,-1.510
1776744730,21993993,robot_1,2.676,3.380
1776744730,22000459,robot_2,-1.836,-0.858
1776744730,22005737,robot_0,-3.015,-0.265
1776744730,22018713,robot_3,4.109,0.439
1776744730,222000130,robot_4,-0.451,-1.510
1776744730,222024463,robot_1,2.676,3.380
1776744730,222031653,robot_2,-1.861,-0.828
1776744730,222037841,robot_0,-3.057,-0.252
1776744730,222042644,robot_3,4.149,0.439
1776744730,422045031,robot_4,-0.451,-1.510
1776744730,422066038,robot_1,2.677,3.380
1776744730,422072161,robot_2,-1.883,-0.802
1776744730,422077286,robot_0,-3.103,-0.238
1776744730,422082140,robot_3,4.217,0.437
1776744730,623440762,robot_4,-0.451,-1.509
1776744730,623465747,robot_1,2.677,3.380
1776744730,623476056,robot_2,-1.898,-0.785
1776744730,623484580,robot_0,-3.167,-0.217
1776744730,623491962,robot_3,4.282,0.436
1776744730,843230203,robot_4,-0.451,-1.509
1776744730,843250927,robot_1,2.678,3.380
1776744730,843261068,robot_2,-1.925,-0.753
1776744730,843268503,robot_0,-3.215,-0.202
1776744730,843276218,robot_3,4.326,0.436
1776744731,44047068,robot_4,-0.451,-1.508
1776744731,44068666,robot_1,2.678,3.380
1776744731,44076796,robot_2,-1.956,-0.717
1776744731,44083792,robot_0,-3.265,-0.187
1776744731,44089927,robot_3,4.363,0.435
1776744731,263135551,robot_4,-0.451,-1.508
1776744731,263157065,robot_1,2.676,3.383
1776744731,263167237,robot_2,-1.996,-0.669
1776744731,263176125,robot_0,-3.343,-0.162
1776744731,263183739,robot_3,4.406,0.434
1776744731,463725195,robot_4,-0.451,-1.508
1776744731,463745928,robot_1,2.675,3.383
1776744731,463755081,robot_2,-2.022,-0.638
1776744731,463762812,robot_0,-3.384,-0.149
1776744731,463770636,robot_3,4.445,0.432
1776744731,663929340,robot_4,-0.466,-1.520
1776744731,663956003,robot_1,2.676,3.383
1776744731,663968998,robot_2,-2.047,-0.607
1776744731,663979084,robot_0,-3.415,-0.139
1776744731,663987471,robot_3,4.479,0.431
1776744731,882713968,robot_4,-0.521,-1.563
1776744731,882735817,robot_1,2.676,3.383
1776744731,882742166,robot_2,-2.076,-0.575
1776744731,882747834,robot_0,-3.446,-0.129
1776744731,882752837,robot_3,4.520,0.430
1776744732,84370001,robot_4,-0.547,-1.566
1776744732,84392155,robot_1,2.676,3.383
1776744732,84399591,robot_2,-2.104,-0.546
1776744732,84405901,robot_0,-3.484,-0.117
1776744732,84411561,robot_3,4.557,0.428
1776744732,303524092,robot_4,-0.556,-1.567
1776744732,303552393,robot_1,2.676,3.383
1776744732,303562134,robot_2,-2.134,-0.515
1776744732,303570770,robot_0,-3.502,-0.112
1776744732,303578927,robot_3,4.579,0.427
1776744732,523084561,robot_4,-0.549,-1.553
1776744732,523107191,robot_1,2.676,3.382
1776744732,523121615,robot_2,-2.163,-0.484
1776744732,523127739,robot_0,-3.502,-0.111
1776744732,523133189,robot_3,4.584,0.427
1776744732,723545110,robot_4,-0.545,-1.536
1776744732,723571408,robot_1,2.676,3.382
1776744732,723580062,robot_2,-2.191,-0.455
1776744732,723586894,robot_0,-3.502,-0.111
1776744732,723592880,robot_3,4.584,0.427
1776744732,943282610,robot_4,-0.552,-1.519
1776744732,943302978,robot_1,2.676,3.381
1776744732,943313733,robot_2,-2.236,-0.408
1776744732,943322863,robot_0,-3.502,-0.110
1776744732,943333009,robot_3,4.584,0.428
1776744733,143311772,robot_4,-0.552,-1.519
1776744733,143341169,robot_1,2.675,3.381
1776744733,143355522,robot_2,-2.271,-0.367
1776744733,143366824,robot_0,-3.502,-0.110
1776744733,143377648,robot_3,4.584,0.428
1776744733,363029270,robot_4,-0.552,-1.519
1776744733,363056789,robot_1,2.675,3.380
1776744733,363069099,robot_2,-2.299,-0.332
1776744733,363079685,robot_0,-3.503,-0.110
1776744733,363089638,robot_3,4.585,0.429
1776744733,563265510,robot_4,-0.552,-1.520
1776744733,563289229,robot_1,2.675,3.380
1776744733,563296474,robot_2,-2.344,-0.276
1776744733,563301950,robot_0,-3.503,-0.109
1776744733,563306962,robot_3,4.585,0.429
1776744733,783196543,robot_4,-0.552,-1.520
1776744733,783219455,robot_1,2.674,3.379
1776744733,783229748,robot_2,-2.384,-0.225
1776744733,783237789,robot_0,-3.503,-0.109
1776744733,783245841,robot_3,4.586,0.429
1776744734,3632042,robot_4,-0.553,-1.521
1776744734,3660077,robot_1,2.674,3.379
1776744734,3668834,robot_2,-2.411,-0.192
1776744734,3676277,robot_0,-3.504,-0.109
1776744734,3683501,robot_3,4.586,0.429
1776744734,224221615,robot_4,-0.553,-1.521
1776744734,224245269,robot_1,2.674,3.379
1776744734,224255255,robot_2,-2.436,-0.160
1776744734,224263441,robot_0,-3.504,-0.109
1776744734,224271073,robot_3,4.587,0.429
1776744734,443358468,robot_4,-0.553,-1.521
1776744734,443391102,robot_1,2.674,3.379
1776744734,443399016,robot_2,-2.464,-0.126
1776744734,443404734,robot_0,-3.504,-0.109
1776744734,443410240,robot_3,4.587,0.429
1776744734,643671278,robot_4,-0.564,-1.513
1776744734,643692554,robot_1,2.674,3.379
1776744734,643701981,robot_2,-2.484,-0.099
1776744734,643709735,robot_0,-3.504,-0.109
1776744734,643717730,robot_3,4.587,0.429
1776744734,863400077,robot_4,-0.610,-1.480
1776744734,863428935,robot_1,2.673,3.379
1776744734,863439922,robot_2,-2.503,-0.077
1776744734,863448109,robot_0,-3.504,-0.109
1776744734,863456077,robot_3,4.587,0.429
1776744735,82421538,robot_4,-0.646,-1.454
1776744735,82440426,robot_1,2.673,3.379
1776744735,82447368,robot_2,-2.530,-0.042
1776744735,82453061,robot_0,-3.505,-0.109
1776744735,82458459,robot_3,4.587,0.429
1776744735,282919307,robot_4,-0.674,-1.434
1776744735,282945335,robot_1,2.672,3.379
1776744735,282956406,robot_2,-2.559,-0.005
1776744735,282965897,robot_0,-3.505,-0.109
1776744735,282975147,robot_3,4.588,0.429
1776744735,483264821,robot_4,-0.701,-1.414
1776744735,483286559,robot_1,2.672,3.379
1776744735,483293855,robot_2,-2.589,0.032
1776744735,483308916,robot_0,-3.506,-0.109
1776744735,483314949,robot_3,4.588,0.429
1776744735,704038275,robot_4,-0.736,-1.388
1776744735,704059558,robot_1,2.671,3.380
1776744735,704068891,robot_2,-2.617,0.067
1776744735,704076427,robot_0,-3.506,-0.109
1776744735,704083746,robot_3,4.588,0.429
1776744735,922434158,robot_4,-0.782,-1.355
1776744735,922451757,robot_1,2.671,3.380
1776744735,922459251,robot_2,-2.644,0.100
1776744735,922464865,robot_0,-3.506,-0.109
1776744735,922470545,robot_3,4.589,0.428
1776744736,122448980,robot_4,-0.822,-1.326
1776744736,122468149,robot_1,2.671,3.381
1776744736,122474568,robot_2,-2.668,0.131
1776744736,122480354,robot_0,-3.507,-0.110
1776744736,122485904,robot_3,4.589,0.428
1776744736,341975819,robot_4,-0.858,-1.300
1776744736,341992037,robot_1,2.670,3.381
1776744736,341999035,robot_2,-2.695,0.166
1776744736,342005150,robot_0,-3.507,-0.110
1776744736,342010570,robot_3,4.589,0.427
