stamp_sec,stamp_nsec,robot,x,y
1776817948,75077193,robot_4,-1.750,1.250
1776817948,75135008,robot_1,-0.250,3.500
1776817948,75164081,robot_0,3.500,-3.250
1776817948,75190107,robot_3,1.250,-0.250
1776817948,75215051,robot_2,-3.250,-1.750
1776817949,507235912,robot_4,-1.750,1.250
1776817949,507261334,robot_1,-0.250,3.500
1776817949,507270729,robot_0,3.500,-3.250
1776817949,507278367,robot_3,1.250,-0.250
1776817949,507285965,robot_2,-3.250,-1.750
1776817949,726345670,robot_4,-1.715,1.250
1776817949,726364968,robot_1,-0.225,3.500
1776817949,726372928,robot_0,3.526,-3.250
1776817949,726388586,robot_3,1.275,-0.250
1776817949,726395037,robot_2,-3.225,-1.750
1776817949,926782327,robot_4,-1.675,1.250
1776817949,926812790,robot_1,-0.187,3.500
1776817949,926827606,robot_0,3.566,-3.250
1776817949,926840176,robot_3,1.312,-0.250
1776817949,926851734,robot_2,-3.186,-1.750
1776817950,146461279,robot_4,-1.615,1.250
1776817950,146482570,robot_1,-0.151,3.500
1776817950,146490561,robot_0,3.625,-3.250
1776817950,146496859,robot_3,1.340,-0.250
1776817950,146502965,robot_2,-3.153,-1.750
1776817950,365306440,robot_4,-1.557,1.249
1776817950,365325495,robot_1,-0.109,3.500
1776817950,365333027,robot_0,3.673,-3.250
1776817950,365338910,robot_3,1.380,-0.250
1776817950,365344633,robot_2,-3.112,-1.750
1776817950,565433853,robot_4,-1.517,1.249
1776817950,565455581,robot_1,-0.067,3.500
1776817950,565464585,robot_0,3.719,-3.250
1776817950,565472043,robot_3,1.428,-0.250
1776817950,565479036,robot_2,-3.075,-1.750
1776817950,765782336,robot_4,-1.459,1.249
1776817950,765801890,robot_1,-0.022,3.499
1776817950,765809074,robot_0,3.794,-3.250
1776817950,765814878,robot_3,1.487,-0.250
1776817950,765820358,robot_2,-3.043,-1.750
1776817950,966755473,robot_4,-1.405,1.249
1776817950,966784969,robot_1,0.018,3.498
1776817950,966815705,robot_0,3.847,-3.250
1776817950,966829713,robot_3,1.530,-0.250
1776817950,966851413,robot_2,-3.005,-1.749
1776817951,166835482,robot_4,-1.365,1.249
1776817951,166864797,robot_1,0.057,3.497
1776817951,166877204,robot_0,3.892,-3.250
1776817951,166887656,robot_3,1.577,-0.250
1776817951,166898145,robot_2,-2.967,-1.747
1776817951,386640956,robot_4,-1.325,1.249
1776817951,386663119,robot_1,0.097,3.496
1776817951,386671244,robot_0,3.975,-3.250
1776817951,386677888,robot_3,1.640,-0.250
1776817951,386684313,robot_2,-2.931,-1.746
1776817951,606137637,robot_4,-1.283,1.249
1776817951,606164989,robot_1,0.140,3.497
1776817951,606178107,robot_0,4.029,-3.250
1776817951,606200672,robot_3,1.685,-0.250
1776817951,606210559,robot_2,-2.887,-1.745
1776817951,806160561,robot_4,-1.244,1.248
1776817951,806179202,robot_1,0.171,3.498
1776817951,806186164,robot_0,4.073,-3.250
1776817951,806191721,robot_3,1.737,-0.250
1776817951,806197627,robot_2,-2.838,-1.743
1776817952,25634207,robot_4,-1.220,1.248
1776817952,25654055,robot_1,0.201,3.500
1776817952,25661719,robot_0,4.128,-3.250
1776817952,25667487,robot_3,1.800,-0.250
1776817952,25673210,robot_2,-2.773,-1.741
1776817952,226113244,robot_4,-1.185,1.246
1776817952,226131664,robot_1,0.241,3.501
1776817952,226139003,robot_0,4.168,-3.250
1776817952,226144771,robot_3,1.840,-0.251
1776817952,226150704,robot_2,-2.733,-1.740
1776817952,446649651,robot_4,-1.135,1.243
1776817952,446672720,robot_1,0.283,3.502
1776817952,446681691,robot_0,4.226,-3.250
1776817952,446688778,robot_3,1.906,-0.251
1776817952,446696035,robot_2,-2.689,-1.738
1776817952,646798353,robot_4,-1.066,1.240
1776817952,646817486,robot_1,0.321,3.504
1776817952,646824592,robot_0,4.287,-3.250
1776817952,646830304,robot_3,1.971,-0.251
1776817952,646835821,robot_2,-2.649,-1.737
1776817952,865254858,robot_4,-1.014,1.238
1776817952,865273794,robot_1,0.365,3.505
1776817952,865280388,robot_0,4.331,-3.250
1776817952,865285742,robot_3,2.015,-0.251
1776817952,865298240,robot_2,-2.605,-1.735
1776817953,67636675,robot_4,-0.978,1.236
1776817953,67672129,robot_1,0.403,3.506
1776817953,67680407,robot_0,4.371,-3.250
1776817953,67688225,robot_3,2.041,-0.250
1776817953,67696039,robot_2,-2.550,-1.734
1776817953,286292353,robot_4,-0.946,1.234
1776817953,286311349,robot_1,0.445,3.508
1776817953,286318747,robot_0,4.415,-3.250
1776817953,286324410,robot_3,2.076,-0.249
1776817953,286330185,robot_2,-2.492,-1.732
1776817953,486672211,robot_4,-0.906,1.229
1776817953,486693043,robot_1,0.485,3.509
1776817953,486700666,robot_0,4.455,-3.250
1776817953,486706317,robot_3,2.116,-0.245
1776817953,486712161,robot_2,-2.452,-1.730
1776817953,706663031,robot_4,-0.855,1.223
1776817953,706686783,robot_1,0.513,3.510
1776817953,706697181,robot_0,4.500,-3.250
1776817953,706705161,robot_3,2.189,-0.239
1776817953,706713483,robot_2,-2.381,-1.728
1776817953,926174950,robot_4,-0.800,1.218
1776817953,926199346,robot_1,0.551,3.509
1776817953,926210305,robot_0,4.544,-3.247
1776817953,926217986,robot_3,2.246,-0.234
1776817953,926225973,robot_2,-2.320,-1.726
1776817954,146178753,robot_4,-0.756,1.213
1776817954,146206193,robot_1,0.597,3.508
1776817954,146219095,robot_0,4.590,-3.243
1776817954,146230030,robot_3,2.296,-0.229
1776817954,146240016,robot_2,-2.273,-1.725
1776817954,366473346,robot_4,-0.694,1.207
1776817954,366492233,robot_1,0.649,3.508
1776817954,366498614,robot_0,4.661,-3.237
1776817954,366504191,robot_3,2.373,-0.223
1776817954,366509294,robot_2,-2.215,-1.723
1776817954,586573726,robot_4,-0.638,1.201
1776817954,586593454,robot_1,0.694,3.510
1776817954,586601912,robot_0,4.694,-3.234
1776817954,586609330,robot_3,2.422,-0.219
1776817954,586615845,robot_2,-2.169,-1.721
1776817954,787821789,robot_4,-0.598,1.197
1776817954,787843054,robot_1,0.735,3.512
1776817954,787852573,robot_0,4.694,-3.233
1776817954,787858541,robot_3,2.463,-0.215
1776817954,787864558,robot_2,-2.132,-1.720
1776817955,5784251,robot_4,-0.537,1.192
1776817955,5810367,robot_1,0.781,3.514
1776817955,5818535,robot_0,4.694,-3.233
1776817955,5824364,robot_3,2.509,-0.211
1776817955,5829896,robot_2,-2.096,-1.720
1776817955,206735334,robot_4,-0.491,1.190
1776817955,206760129,robot_1,0.821,3.516
1776817955,206770200,robot_0,4.679,-3.232
1776817955,206778135,robot_3,2.549,-0.208
1776817955,206785585,robot_2,-2.057,-1.721
1776817955,407268536,robot_4,-0.449,1.189
1776817955,407302227,robot_1,0.851,3.517
1776817955,407317321,robot_0,4.667,-3.246
1776817955,407330560,robot_3,2.604,-0.203
1776817955,407343285,robot_2,-2.005,-1.723
1776817955,626609635,robot_4,-0.389,1.188
1776817955,626628393,robot_1,0.881,3.519
1776817955,626635327,robot_0,4.663,-3.248
1776817955,626640890,robot_3,2.678,-0.198
1776817955,626646839,robot_2,-1.932,-1.725
1776817955,845893733,robot_4,-0.341,1.188
1776817955,845916799,robot_1,0.925,3.521
1776817955,845924210,robot_0,4.663,-3.246
1776817955,845930511,robot_3,2.722,-0.197
1776817955,845935853,robot_2,-1.888,-1.727
1776817956,46109063,robot_4,-0.300,1.187
1776817956,46133131,robot_1,0.985,3.524
1776817956,46142631,robot_0,4.662,-3.245
1776817956,46151081,robot_3,2.750,-0.196
1776817956,46159065,robot_2,-1.852,-1.728
1776817956,246775511,robot_4,-0.257,1.187
1776817956,246803037,robot_1,1.047,3.528
1776817956,246824047,robot_0,4.663,-3.244
1776817956,246833023,robot_3,2.778,-0.193
1776817956,246840535,robot_2,-1.815,-1.729
1776817956,447070006,robot_4,-0.217,1.188
1776817956,447094705,robot_1,1.087,3.532
1776817956,447105296,robot_0,4.663,-3.243
1776817956,447113672,robot_3,2.818,-0.189
1776817956,447121900,robot_2,-1.775,-1.731
1776817956,666440672,robot_4,-0.163,1.189
1776817956,666461675,robot_1,1.157,3.539
1776817956,666469959,robot_0,4.663,-3.243
1776817956,666476702,robot_3,2.866,-0.184
1776817956,666482668,robot_2,-1.742,-1.732
1776817956,867191860,robot_4,-0.095,1.191
1776817956,867224466,robot_1,1.218,3.545
1776817956,867240728,robot_0,4.663,-3.243
1776817956,867253018,robot_3,2.908,-0.180
1776817956,867265715,robot_2,-1.720,-1.733
1776817957,86746161,robot_4,-0.047,1.193
1776817957,86777563,robot_1,1.262,3.549
1776817957,86791453,robot_0,4.663,-3.244
1776817957,86803005,robot_3,2.951,-0.176
1776817957,86813717,robot_2,-1.720,-1.733
1776817957,305136940,robot_4,-0.014,1.194
1776817957,305154740,robot_1,1.339,3.557
1776817957,305161194,robot_0,4.662,-3.244
1776817957,305166715,robot_3,2.976,-0.173
1776817957,305171523,robot_2,-1.720,-1.733
1776817957,505639289,robot_4,0.009,1.195
1776817957,505670034,robot_1,1.397,3.563
1776817957,505676404,robot_0,4.662,-3.244
1776817957,505682116,robot_3,3.008,-0.170
1776817957,505693549,robot_2,-1.720,-1.733
1776817957,706501831,robot_4,0.049,1.196
1776817957,706519275,robot_1,1.438,3.568
1776817957,706526323,robot_0,4.662,-3.245
1776817957,706532583,robot_3,3.049,-0.165
1776817957,706539015,robot_2,-1.720,-1.732
1776817957,925901972,robot_4,0.097,1.197
1776817957,925927617,robot_1,1.512,3.577
1776817957,925936481,robot_0,4.661,-3.245
1776817957,925943088,robot_3,3.104,-0.160
1776817957,925950239,robot_2,-1.719,-1.732
1776817958,145759078,robot_4,0.145,1.199
1776817958,145778666,robot_1,1.566,3.583
1776817958,145785892,robot_0,4.661,-3.245
1776817958,145791675,robot_3,3.150,-0.155
1776817958,145797159,robot_2,-1.719,-1.732
1776817958,346660272,robot_4,0.185,1.200
1776817958,346692148,robot_1,1.602,3.588
1776817958,346702671,robot_0,4.661,-3.246
1776817958,346711412,robot_3,3.195,-0.150
1776817958,346720566,robot_2,-1.719,-1.732
1776817958,566185323,robot_4,0.251,1.201
1776817958,566208913,robot_1,1.634,3.592
1776817958,566218308,robot_0,4.661,-3.246
1776817958,566226093,robot_3,3.256,-0.144
1776817958,566233734,robot_2,-1.718,-1.732
1776817958,767450687,robot_4,0.309,1.202
1776817958,767485115,robot_1,1.673,3.596
1776817958,767501671,robot_0,4.661,-3.247
1776817958,767515913,robot_3,3.297,-0.140
1776817958,767530536,robot_2,-1.718,-1.732
1776817958,967480872,robot_4,0.349,1.202
1776817958,967515207,robot_1,1.706,3.600
1776817958,967530938,robot_0,4.661,-3.247
1776817958,967542541,robot_3,3.347,-0.134
1776817958,967553566,robot_2,-1.718,-1.732
1776817959,186291200,robot_4,0.420,1.201
1776817959,186318169,robot_1,1.729,3.604
1776817959,186328956,robot_0,4.662,-3.248
1776817959,186337204,robot_3,3.424,-0.126
1776817959,186345455,robot_2,-1.718,-1.732
1776817959,387205709,robot_4,0.477,1.199
1776817959,387228384,robot_1,1.768,3.610
1776817959,387238710,robot_0,4.662,-3.248
1776817959,387246858,robot_3,3.466,-0.122
1776817959,387254393,robot_2,-1.718,-1.732
1776817959,605952604,robot_4,0.521,1.197
1776817959,605972636,robot_1,1.818,3.618
1776817959,605980311,robot_0,4.662,-3.248
1776817959,605985855,robot_3,3.521,-0.116
1776817959,605991489,robot_2,-1.718,-1.732
1776817959,806358653,robot_4,0.557,1.195
1776817959,806390788,robot_1,1.869,3.627
1776817959,806408335,robot_0,4.663,-3.249
1776817959,806419838,robot_3,3.578,-0.110
1776817959,806431244,robot_2,-1.719,-1.732
1776817960,7521726,robot_4,0.596,1.193
1776817960,7541835,robot_1,1.908,3.633
1776817960,7548496,robot_0,4.663,-3.249
1776817960,7554345,robot_3,3.618,-0.106
1776817960,7559988,robot_2,-1.719,-1.732
1776817960,225413446,robot_4,0.643,1.191
1776817960,225432006,robot_1,1.944,3.639
1776817960,225439630,robot_0,4.664,-3.249
1776817960,225446097,robot_3,3.676,-0.100
1776817960,225451439,robot_2,-1.719,-1.732
1776817960,445263748,robot_4,0.710,1.187
1776817960,445281733,robot_1,1.979,3.645
1776817960,445288426,robot_0,4.664,-3.249
1776817960,445294661,robot_3,3.738,-0.092
1776817960,445300361,robot_2,-1.719,-1.733
1776817960,646610377,robot_4,0.755,1.185
1776817960,646642155,robot_1,2.019,3.651
1776817960,646673170,robot_0,4.664,-3.249
1776817960,646684521,robot_3,3.777,-0.085
1776817960,646696095,robot_2,-1.719,-1.733
1776817960,865669509,robot_4,0.809,1.182
1776817960,865688757,robot_1,2.090,3.663
1776817960,865695840,robot_0,4.663,-3.249
1776817960,865702040,robot_3,3.835,-0.076
1776817960,865707328,robot_2,-1.719,-1.733
1776817961,85427611,robot_4,0.890,1.177
1776817961,85446788,robot_1,2.158,3.674
1776817961,85453998,robot_0,4.663,-3.248
1776817961,85459487,robot_3,3.889,-0.069
1776817961,85465108,robot_2,-1.719,-1.734
1776817961,285601573,robot_4,0.934,1.174
1776817961,285620583,robot_1,2.197,3.680
1776817961,285628297,robot_0,4.662,-3.248
1776817961,285634492,robot_3,3.928,-0.066
1776817961,285640238,robot_2,-1.719,-1.734
1776817961,486425380,robot_4,0.983,1.171
1776817961,486445391,robot_1,2.223,3.685
1776817961,486452372,robot_0,4.662,-3.248
1776817961,486457802,robot_3,3.954,-0.064
1776817961,486463651,robot_2,-1.719,-1.734
1776817961,706927837,robot_4,1.044,1.168
1776817961,706958089,robot_1,2.259,3.691
1776817961,706965791,robot_0,4.662,-3.247
1776817961,706972440,robot_3,3.991,-0.060
1776817961,706979362,robot_2,-1.719,-1.734
1776817961,925879380,robot_4,1.088,1.167
1776817961,925900865,robot_1,2.301,3.699
1776817961,925909821,robot_0,4.662,-3.247
1776817961,925920924,robot_3,4.035,-0.057
1776817961,925937863,robot_2,-1.719,-1.735
1776817962,145392475,robot_4,1.153,1.166
1776817962,145411053,robot_1,2.340,3.706
1776817962,145418359,robot_0,4.661,-3.246
1776817962,145424220,robot_3,4.081,-0.052
1776817962,145430048,robot_2,-1.719,-1.735
1776817962,346369864,robot_4,1.215,1.165
1776817962,346391894,robot_1,2.378,3.713
1776817962,346400689,robot_0,4.661,-3.246
1776817962,346408254,robot_3,4.121,-0.049
1776817962,346414970,robot_2,-1.718,-1.735
1776817962,566038244,robot_4,1.259,1.164
1776817962,566058410,robot_1,2.415,3.719
1776817962,566066080,robot_0,4.661,-3.245
1776817962,566072306,robot_3,4.172,-0.045
1776817962,566078346,robot_2,-1.718,-1.735
1776817962,767233052,robot_4,1.312,1.164
1776817962,767251074,robot_1,2.437,3.723
1776817962,767258153,robot_0,4.661,-3.245
1776817962,767263869,robot_3,4.230,-0.039
1776817962,767269673,robot_2,-1.718,-1.735
1776817962,986872603,robot_4,1.365,1.163
1776817962,986894515,robot_1,2.478,3.731
1776817962,986902134,robot_0,4.661,-3.246
1776817962,986908471,robot_3,4.276,-0.035
1776817962,986917233,robot_2,-1.718,-1.735
1776817963,206101700,robot_4,1.410,1.162
1776817963,206126690,robot_1,2.534,3.741
1776817963,206138526,robot_0,4.662,-3.246
1776817963,206148304,robot_3,4.337,-0.030
1776817963,206156874,robot_2,-1.718,-1.735
1776817963,406198990,robot_4,1.456,1.161
1776817963,406219483,robot_1,2.594,3.751
1776817963,406228414,robot_0,4.662,-3.247
1776817963,406235485,robot_3,4.410,-0.024
1776817963,406242396,robot_2,-1.717,-1.735
1776817963,625216887,robot_4,1.502,1.159
1776817963,625234599,robot_1,2.637,3.759
1776817963,625242226,robot_0,4.662,-3.247
1776817963,625248104,robot_3,4.455,-0.020
1776817963,625253918,robot_2,-1.717,-1.735
1776817963,826022842,robot_4,1.545,1.157
1776817963,826041473,robot_1,2.693,3.769
1776817963,826048982,robot_0,4.662,-3.247
1776817963,826055029,robot_3,4.494,-0.016
1776817963,826060286,robot_2,-1.717,-1.735
1776817964,45858147,robot_4,1.603,1.154
1776817964,45880804,robot_1,2.757,3.783
1776817964,45889465,robot_0,4.663,-3.248
1776817964,45896617,robot_3,4.536,-0.014
1776817964,45903966,robot_2,-1.717,-1.735
1776817964,247044621,robot_4,1.645,1.153
1776817964,247070710,robot_1,2.796,3.792
1776817964,247081457,robot_0,4.663,-3.248
1776817964,247090736,robot_3,4.576,-0.012
1776817964,247100124,robot_2,-1.716,-1.734
1776817964,465341610,robot_4,1.700,1.152
1776817964,465359648,robot_1,2.809,3.795
1776817964,465366511,robot_0,4.664,-3.248
1776817964,465372534,robot_3,4.589,-0.011
1776817964,465377656,robot_2,-1.716,-1.734
1776817964,666103078,robot_4,1.773,1.151
1776817964,666123716,robot_1,2.809,3.795
1776817964,666131464,robot_0,4.664,-3.248
1776817964,666137845,robot_3,4.590,-0.011
1776817964,666143748,robot_2,-1.716,-1.734
1776817964,886598916,robot_4,1.823,1.150
1776817964,886623367,robot_1,2.809,3.794
1776817964,886632931,robot_0,4.665,-3.248
1776817964,886640655,robot_3,4.590,-0.011
1776817964,886648694,robot_2,-1.716,-1.734
1776817965,87343668,robot_4,1.858,1.150
1776817965,87381495,robot_1,2.810,3.794
1776817965,87400952,robot_0,4.665,-3.248
1776817965,87414952,robot_3,4.590,-0.011
1776817965,87429977,robot_2,-1.716,-1.734
1776817965,305705314,robot_4,1.892,1.149
1776817965,305723695,robot_1,2.810,3.794
1776817965,305730831,robot_0,4.666,-3.247
1776817965,305736888,robot_3,4.590,-0.010
1776817965,305742256,robot_2,-1.716,-1.734
1776817965,506849052,robot_4,1.932,1.149
1776817965,506878754,robot_1,2.810,3.794
1776817965,506890905,robot_0,4.664,-3.249
1776817965,506904927,robot_3,4.590,-0.010
1776817965,506923558,robot_2,-1.716,-1.733
1776817965,728774845,robot_4,1.971,1.148
1776817965,728816836,robot_1,2.811,3.794
1776817965,728837466,robot_0,4.664,-3.249
1776817965,728854058,robot_3,4.590,-0.010
1776817965,728868886,robot_2,-1.716,-1.733
1776817965,945745704,robot_4,2.009,1.147
1776817965,945774210,robot_1,2.811,3.794
1776817965,945781536,robot_0,4.664,-3.248
1776817965,945788049,robot_3,4.591,-0.010
1776817965,945794563,robot_2,-1.716,-1.733
1776817966,146261397,robot_4,2.049,1.147
1776817966,146280464,robot_1,2.811,3.794
1776817966,146287755,robot_0,4.664,-3.248
1776817966,146293552,robot_3,4.591,-0.010
1776817966,146299239,robot_2,-1.716,-1.733
1776817966,366572628,robot_4,2.093,1.146
1776817966,366600343,robot_1,2.812,3.794
1776817966,366612595,robot_0,4.664,-3.248
1776817966,366622848,robot_3,4.591,-0.010
1776817966,366632459,robot_2,-1.717,-1.732
1776817966,585232373,robot_4,2.125,1.162
1776817966,585249428,robot_1,2.812,3.794
1776817966,585255847,robot_0,4.664,-3.248
1776817966,585261366,robot_3,4.592,-0.010
1776817966,585266739,robot_2,-1.717,-1.732
1776817966,787080207,robot_4,2.150,1.185
1776817966,787111180,robot_1,2.812,3.794
1776817966,787126946,robot_0,4.664,-3.249
1776817966,787140673,robot_3,4.592,-0.010
1776817966,787153609,robot_2,-1.717,-1.732
1776817966,987389211,robot_4,2.155,1.195
1776817966,987417060,robot_1,2.812,3.794
1776817966,987426823,robot_0,4.664,-3.249
1776817966,987434869,robot_3,4.591,-0.010
1776817966,987442611,robot_2,-1.717,-1.732
1776817967,206929795,robot_4,2.153,1.196
1776817967,206948501,robot_1,2.812,3.794
1776817967,206955517,robot_0,4.663,-3.249
1776817967,206961347,robot_3,4.591,-0.010
1776817967,206967307,robot_2,-1.718,-1.732
1776817967,427182527,robot_4,2.152,1.197
1776817967,427206515,robot_1,2.812,3.794
1776817967,427216404,robot_0,4.663,-3.250
1776817967,427225045,robot_3,4.591,-0.010
1776817967,427232958,robot_2,-1.726,-1.779
1776817967,645314302,robot_4,2.152,1.198
1776817967,645332560,robot_1,2.812,3.794
1776817967,645339522,robot_0,4.662,-3.250
1776817967,645345115,robot_3,4.591,-0.010
1776817967,645351099,robot_2,-1.734,-1.827
1776817967,846115662,robot_4,2.150,1.201
1776817967,846142240,robot_1,2.812,3.795
1776817967,846155112,robot_0,4.662,-3.250
1776817967,846165439,robot_3,4.590,-0.011
1776817967,846175994,robot_2,-1.741,-1.865
1776817968,46402261,robot_4,2.134,1.197
1776817968,46424588,robot_1,2.813,3.795
1776817968,46431653,robot_0,4.661,-3.250
1776817968,46438474,robot_3,4.590,-0.011
1776817968,46444066,robot_2,-1.746,-1.897
1776817968,247436112,robot_4,2.130,1.196
1776817968,247461554,robot_1,2.813,3.795
1776817968,247472419,robot_0,4.661,-3.250
1776817968,247481455,robot_3,4.590,-0.011
1776817968,247490626,robot_2,-1.753,-1.935
1776817968,466255241,robot_4,2.131,1.196
1776817968,466287534,robot_1,2.813,3.795
1776817968,466303093,robot_0,4.660,-3.250
1776817968,466317253,robot_3,4.590,-0.011
1776817968,466329156,robot_2,-1.759,-1.973
1776817968,666772419,robot_4,2.131,1.196
1776817968,666790297,robot_1,2.812,3.796
1776817968,666797160,robot_0,4.660,-3.250
1776817968,666802948,robot_3,4.590,-0.012
1776817968,666808286,robot_2,-1.763,-1.997
1776817968,885413598,robot_4,2.132,1.196
1776817968,885431787,robot_1,2.812,3.796
1776817968,885438983,robot_0,4.660,-3.250
1776817968,885444835,robot_3,4.590,-0.012
1776817968,885450176,robot_2,-1.770,-2.038
1776817969,86354598,robot_4,2.132,1.196
1776817969,86379407,robot_1,2.812,3.796
1776817969,86389709,robot_0,4.661,-3.250
1776817969,86398167,robot_3,4.591,-0.012
1776817969,86406709,robot_2,-1.776,-2.074
1776817969,305867510,robot_4,2.131,1.196
1776817969,305885567,robot_1,2.759,3.778
1776817969,305892529,robot_0,4.661,-3.250
1776817969,305898220,robot_3,4.591,-0.012
1776817969,305903633,robot_2,-1.784,-2.110
1776817969,526162656,robot_4,2.131,1.196
1776817969,526183550,robot_1,2.706,3.760
1776817969,526191457,robot_0,4.662,-3.250
1776817969,526197665,robot_3,4.591,-0.013
1776817969,526203446,robot_2,-1.795,-2.153
1776817969,746427563,robot_4,2.130,1.195
1776817969,746448404,robot_1,2.659,3.745
1776817969,746456101,robot_0,4.662,-3.250
1776817969,746463092,robot_3,4.591,-0.013
1776817969,746469542,robot_2,-1.811,-2.214
1776817969,947144776,robot_4,2.130,1.195
1776817969,947168752,robot_1,2.604,3.726
1776817969,947179296,robot_0,4.662,-3.249
1776817969,947186921,robot_3,4.592,-0.013
1776817969,947194550,robot_2,-1.828,-2.280
1776817970,167216932,robot_4,2.130,1.195
1776817970,167250114,robot_1,2.558,3.711
1776817970,167265533,robot_0,4.663,-3.249
1776817970,167279105,robot_3,4.592,-0.013
1776817970,167292173,robot_2,-1.839,-2.322
1776817970,385993661,robot_4,2.129,1.195
1776817970,386013473,robot_1,2.504,3.693
1776817970,386019730,robot_0,4.663,-3.248
1776817970,386025725,robot_3,4.592,-0.013
1776817970,386031320,robot_2,-1.847,-2.354
1776817970,586828493,robot_4,2.129,1.194
1776817970,586854756,robot_1,2.439,3.671
1776817970,586865939,robot_0,4.663,-3.248
1776817970,586875181,robot_3,4.592,-0.013
1776817970,586884280,robot_2,-1.854,-2.386
1776817970,806125552,robot_4,2.129,1.194
1776817970,806150829,robot_1,2.395,3.656
1776817970,806162843,robot_0,4.663,-3.248
1776817970,806172315,robot_3,4.592,-0.013
1776817970,806181594,robot_2,-1.863,-2.429
1776817971,7817257,robot_4,2.129,1.193
1776817971,7841956,robot_1,2.346,3.640
1776817971,7848959,robot_0,4.663,-3.248
1776817971,7855029,robot_3,4.591,-0.013
1776817971,7859884,robot_2,-1.869,-2.457
1776817971,225665284,robot_4,2.129,1.193
1776817971,225684746,robot_1,2.285,3.619
1776817971,225691204,robot_0,4.663,-3.248
1776817971,225696655,robot_3,4.591,-0.012
1776817971,225701970,robot_2,-1.876,-2.495
1776817971,426311279,robot_4,2.129,1.193
1776817971,426335810,robot_1,2.248,3.607
1776817971,426345822,robot_0,4.663,-3.248
1776817971,426353722,robot_3,4.591,-0.012
1776817971,426361793,robot_2,-1.882,-2.533
1776817971,626687565,robot_4,2.129,1.192
1776817971,626713236,robot_1,2.191,3.588
1776817971,626724689,robot_0,4.663,-3.248
1776817971,626733914,robot_3,4.591,-0.012
1776817971,626743078,robot_2,-1.888,-2.567
1776817971,847052360,robot_4,2.130,1.192
1776817971,847081058,robot_1,2.122,3.565
1776817971,847089620,robot_0,4.663,-3.248
1776817971,847096467,robot_3,4.591,-0.011
1776817971,847103451,robot_2,-1.895,-2.608
1776817972,67056520,robot_4,2.130,1.191
1776817972,67089246,robot_1,2.081,3.551
1776817972,67104761,robot_0,4.663,-3.249
1776817972,67116481,robot_3,4.591,-0.011
1776817972,67128366,robot_2,-1.904,-2.657
1776817972,285298036,robot_4,2.130,1.191
1776817972,285314918,robot_1,2.026,3.533
1776817972,285321883,robot_0,4.662,-3.249
1776817972,285327448,robot_3,4.591,-0.011
1776817972,285332908,robot_2,-1.914,-2.719
1776817972,487264832,robot_4,2.131,1.191
1776817972,487287655,robot_1,1.982,3.518
1776817972,487295932,robot_0,4.662,-3.249
1776817972,487302315,robot_3,4.591,-0.011
1776817972,487309253,robot_2,-1.920,-2.761
1776817972,705589698,robot_4,2.131,1.191
1776817972,705609808,robot_1,1.942,3.504
1776817972,705619248,robot_0,4.661,-3.249
1776817972,705626532,robot_3,4.591,-0.011
1776817972,705633626,robot_2,-1.927,-2.805
1776817972,906521084,robot_4,2.131,1.191
1776817972,906542230,robot_1,1.922,3.498
1776817972,906550418,robot_0,4.661,-3.250
1776817972,906557270,robot_3,4.591,-0.011
1776817972,906563929,robot_2,-1.933,-2.846
1776817973,126425321,robot_4,2.130,1.191
1776817973,126446658,robot_1,1.888,3.486
1776817973,126454042,robot_0,4.660,-3.249
1776817973,126460666,robot_3,4.591,-0.011
1776817973,126466391,robot_2,-1.940,-2.889
1776817973,346193806,robot_4,2.130,1.191
1776817973,346220445,robot_1,1.840,3.470
1776817973,346230628,robot_0,4.660,-3.249
1776817973,346239820,robot_3,4.591,-0.011
1776817973,346248794,robot_2,-1.949,-2.944
1776817973,566988856,robot_4,2.130,1.192
1776817973,567010814,robot_1,1.771,3.447
1776817973,567019415,robot_0,4.660,-3.249
1776817973,567026506,robot_3,4.591,-0.011
1776817973,567033507,robot_2,-1.957,-3.001
1776817973,785404913,robot_4,2.129,1.192
1776817973,785421969,robot_1,1.725,3.432
1776817973,785428870,robot_0,4.660,-3.249
1776817973,785434575,robot_3,4.591,-0.012
1776817973,785439909,robot_2,-1.964,-3.044
1776817973,987350679,robot_4,2.129,1.193
1776817973,987371116,robot_1,1.676,3.415
1776817973,987378589,robot_0,4.660,-3.249
1776817973,987385125,robot_3,4.591,-0.012
1776817973,987391013,robot_2,-1.972,-3.102
1776817974,206532828,robot_4,2.129,1.194
1776817974,206561740,robot_1,1.609,3.393
1776817974,206574556,robot_0,4.660,-3.249
1776817974,206585141,robot_3,4.592,-0.012
1776817974,206594910,robot_2,-1.979,-3.159
1776817974,427323020,robot_4,2.129,1.195
1776817974,427346917,robot_1,1.567,3.379
1776817974,427355936,robot_0,4.661,-3.249
1776817974,427363881,robot_3,4.592,-0.012
1776817974,427371543,robot_2,-1.984,-3.205
1776817974,646189184,robot_4,2.129,1.195
1776817974,646212854,robot_1,1.523,3.364
1776817974,646222878,robot_0,4.661,-3.249
1776817974,646230760,robot_3,4.592,-0.012
1776817974,646238808,robot_2,-1.989,-3.264
1776817974,846940023,robot_4,2.129,1.195
1776817974,846968565,robot_1,1.484,3.351
1776817974,846980652,robot_0,4.662,-3.249
1776817974,846990335,robot_3,4.593,-0.012
1776817974,846999958,robot_2,-1.994,-3.308
1776817975,67146699,robot_4,2.129,1.195
1776817975,67184384,robot_1,1.442,3.337
1776817975,67203726,robot_0,4.662,-3.248
1776817975,67219006,robot_3,4.593,-0.012
1776817975,67233915,robot_2,-1.998,-3.356
1776817975,285905878,robot_4,2.129,1.195
1776817975,285929076,robot_1,1.391,3.321
1776817975,285937637,robot_0,4.662,-3.248
1776817975,285944928,robot_3,4.593,-0.012
1776817975,285951813,robot_2,-2.004,-3.415
1776817975,486736591,robot_4,2.129,1.195
1776817975,486764726,robot_1,1.349,3.308
1776817975,486776537,robot_0,4.663,-3.248
1776817975,486785921,robot_3,4.593,-0.012
1776817975,486795049,robot_2,-2.008,-3.456
1776817975,705252970,robot_4,2.129,1.194
1776817975,705270167,robot_1,1.306,3.297
1776817975,705276710,robot_0,4.663,-3.247
1776817975,705282448,robot_3,4.593,-0.011
1776817975,705288046,robot_2,-2.012,-3.498
1776817975,905258680,robot_4,2.129,1.194
1776817975,905277572,robot_1,1.261,3.285
1776817975,905284595,robot_0,4.663,-3.247
1776817975,905290005,robot_3,4.594,-0.011
1776817975,905295499,robot_2,-2.015,-3.536
1776817976,106513228,robot_4,2.130,1.194
1776817976,106543056,robot_1,1.221,3.272
1776817976,106555059,robot_0,4.663,-3.247
1776817976,106564831,robot_3,4.594,-0.011
1776817976,106574245,robot_2,-2.019,-3.575
1776817976,325756988,robot_4,2.130,1.193
1776817976,325776663,robot_1,1.182,3.260
1776817976,325784303,robot_0,4.663,-3.247
1776817976,325790493,robot_3,4.594,-0.011
1776817976,325796368,robot_2,-2.022,-3.611
1776817976,526513627,robot_4,2.130,1.193
1776817976,526534471,robot_1,1.161,3.254
1776817976,526541948,robot_0,4.662,-3.248
1776817976,526547833,robot_3,4.594,-0.011
1776817976,526553145,robot_2,-2.025,-3.640
1776817976,746752445,robot_4,2.131,1.193
1776817976,746779214,robot_1,1.124,3.245
1776817976,746790394,robot_0,4.662,-3.248
1776817976,746800702,robot_3,4.594,-0.011
1776817976,746809577,robot_2,-2.029,-3.683
1776817976,947066350,robot_4,2.131,1.193
1776817976,947091828,robot_1,1.083,3.235
1776817976,947102042,robot_0,4.662,-3.249
1776817976,947110326,robot_3,4.593,-0.011
1776817976,947118909,robot_2,-2.034,-3.728
1776817977,166016503,robot_4,2.132,1.192
1776817977,166037108,robot_1,1.033,3.223
1776817977,166045059,robot_0,4.661,-3.249
1776817977,166051328,robot_3,4.593,-0.011
1776817977,166057587,robot_2,-2.038,-3.776
1776817977,366722013,robot_4,2.132,1.192
1776817977,366746215,robot_1,0.994,3.211
1776817977,366756732,robot_0,4.661,-3.249
1776817977,366767431,robot_3,4.593,-0.011
1776817977,366775606,robot_2,-2.042,-3.816
1776817977,585672907,robot_4,2.127,1.190
1776817977,585690859,robot_1,0.942,3.195
1776817977,585699534,robot_0,4.660,-3.249
1776817977,585705624,robot_3,4.593,-0.012
1776817977,585711121,robot_2,-2.045,-3.853
1776817977,786356116,robot_4,2.128,1.190
1776817977,786375879,robot_1,0.881,3.178
1776817977,786383660,robot_0,4.660,-3.249
1776817977,786389741,robot_3,4.592,-0.012
1776817977,786395347,robot_2,-2.048,-3.889
1776817977,986926989,robot_4,2.129,1.189
1776817977,986960869,robot_1,0.841,3.168
1776817977,986977976,robot_0,4.659,-3.249
1776817977,986989894,robot_3,4.592,-0.012
1776817977,987001298,robot_2,-2.052,-3.929
1776817978,206385310,robot_4,2.129,1.189
1776817978,206414221,robot_1,0.792,3.157
1776817978,206427788,robot_0,4.659,-3.249
1776817978,206438763,robot_3,4.592,-0.012
1776817978,206449089,robot_2,-2.057,-3.992
1776817978,427264065,robot_4,2.129,1.190
1776817978,427300471,robot_1,0.740,3.145
1776817978,427316928,robot_0,4.659,-3.249
1776817978,427330818,robot_3,4.591,-0.012
1776817978,427343159,robot_2,-2.062,-4.046
1776817978,645742940,robot_4,2.129,1.190
1776817978,645763480,robot_1,0.697,3.135
1776817978,645771801,robot_0,4.659,-3.249
1776817978,645778374,robot_3,4.595,0.004
1776817978,645794465,robot_2,-2.066,-4.092
1776817978,865505837,robot_4,2.129,1.190
1776817978,865524627,robot_1,0.643,3.123
1776817978,865531884,robot_0,4.659,-3.249
1776817978,865537830,robot_3,4.603,0.032
1776817978,865543895,robot_2,-2.071,-4.145
1776817979,66261221,robot_4,2.129,1.190
1776817979,66283176,robot_1,0.597,3.115
1776817979,66291959,robot_0,4.660,-3.249
1776817979,66299752,robot_3,4.614,0.071
1776817979,66306716,robot_2,-2.074,-4.186
1776817979,266589404,robot_4,2.129,1.189
1776817979,266607167,robot_1,0.557,3.110
1776817979,266614042,robot_0,4.660,-3.249
1776817979,266620248,robot_3,4.616,0.080
1776817979,266627077,robot_2,-2.077,-4.224
1776817979,467255213,robot_4,2.129,1.189
1776817979,467279005,robot_1,0.516,3.104
1776817979,467289900,robot_0,4.661,-3.249
1776817979,467298891,robot_3,4.616,0.080
1776817979,467307295,robot_2,-2.080,-4.258
1776817979,686818210,robot_4,2.127,1.189
1776817979,686847585,robot_1,0.471,3.098
1776817979,686862131,robot_0,4.661,-3.248
1776817979,686873667,robot_3,4.617,0.080
1776817979,686884236,robot_2,-2.083,-4.301
1776817979,906439216,robot_4,2.126,1.190
1776817979,906458601,robot_1,0.429,3.092
1776817979,906465718,robot_0,4.661,-3.248
1776817979,906471466,robot_3,4.617,0.080
1776817979,906477144,robot_2,-2.087,-4.349
1776817980,126375464,robot_4,2.125,1.190
1776817980,126394946,robot_1,0.394,3.088
1776817980,126401899,robot_0,4.662,-3.248
1776817980,126408111,robot_3,4.617,0.080
1776817980,126413859,robot_2,-2.092,-4.401
1776817980,327959475,robot_4,2.125,1.191
1776817980,328000481,robot_1,0.356,3.083
1776817980,328019994,robot_0,4.662,-3.247
1776817980,328037398,robot_3,4.617,0.080
1776817980,328052696,robot_2,-2.095,-4.441
1776817980,546118557,robot_4,2.124,1.191
1776817980,546138333,robot_1,0.310,3.077
1776817980,546145513,robot_0,4.662,-3.247
1776817980,546151099,robot_3,4.618,0.080
1776817980,546156499,robot_2,-2.100,-4.502
1776817980,746803643,robot_4,2.124,1.191
1776817980,746824215,robot_1,0.263,3.070
1776817980,746832310,robot_0,4.662,-3.247
1776817980,746838403,robot_3,4.618,0.080
1776817980,746844461,robot_2,-2.107,-4.567
1776817980,966481328,robot_4,2.133,1.209
1776817980,966502712,robot_1,0.218,3.064
1776817980,966511966,robot_0,4.662,-3.247
1776817980,966519363,robot_3,4.618,0.081
1776817980,966526861,robot_2,-2.113,-4.611
1776817981,185612609,robot_4,2.149,1.240
1776817981,185634901,robot_1,0.163,3.057
1776817981,185643823,robot_0,4.662,-3.247
1776817981,185651062,robot_3,4.618,0.081
1776817981,185657961,robot_2,-2.121,-4.665
1776817981,405513757,robot_4,2.169,1.279
1776817981,405533155,robot_1,0.093,3.047
1776817981,405542899,robot_0,4.662,-3.247
1776817981,405552170,robot_3,4.618,0.081
1776817981,405560359,robot_2,-2.126,-4.715
1776817981,606128136,robot_4,2.186,1.311
1776817981,606151408,robot_1,0.053,3.042
1776817981,606161131,robot_0,4.661,-3.248
1776817981,606169085,robot_3,4.618,0.081
1776817981,606177251,robot_2,-2.136,-4.744
1776817981,806218997,robot_4,2.195,1.328
1776817981,806242419,robot_1,0.013,3.037
1776817981,806252515,robot_0,4.661,-3.248
1776817981,806260520,robot_3,4.618,0.081
1776817981,806267887,robot_2,-2.138,-4.750
1776817982,6349887,robot_4,2.195,1.328
1776817982,6371616,robot_1,-0.027,3.031
1776817982,6379565,robot_0,4.660,-3.248
1776817982,6385099,robot_3,4.618,0.081
1776817982,6390334,robot_2,-2.138,-4.749
1776817982,206400303,robot_4,2.195,1.328
1776817982,206422034,robot_1,-0.067,3.026
1776817982,206431074,robot_0,4.660,-3.249
1776817982,206438533,robot_3,4.618,0.082
1776817982,206445631,robot_2,-2.138,-4.740
1776817982,426101928,robot_4,2.196,1.328
1776817982,426121873,robot_1,-0.118,3.019
1776817982,426130173,robot_0,4.659,-3.249
1776817982,426136233,robot_3,4.618,0.082
1776817982,426141925,robot_2,-2.139,-4.720
1776817982,626537779,robot_4,2.196,1.328
1776817982,626558782,robot_1,-0.165,3.013
1776817982,626567366,robot_0,4.659,-3.249
1776817982,626574738,robot_3,4.618,0.082
1776817982,626580807,robot_2,-2.143,-4.702
1776817982,845266739,robot_4,2.197,1.328
1776817982,845284802,robot_1,-0.209,3.007
1776817982,845292462,robot_0,4.658,-3.249
1776817982,845297946,robot_3,4.617,0.082
1776817982,845302831,robot_2,-2.149,-4.684
1776817983,46241074,robot_4,2.197,1.329
1776817983,46267483,robot_1,-0.270,2.998
1776817983,46291020,robot_0,4.658,-3.248
1776817983,46300199,robot_3,4.617,0.082
1776817983,46308812,robot_2,-2.163,-4.670
1776817983,246686591,robot_4,2.198,1.329
1776817983,246718690,robot_1,-0.335,2.988
1776817983,246728272,robot_0,4.658,-3.249
1776817983,246735953,robot_3,4.617,0.083
1776817983,246743371,robot_2,-2.171,-4.664
1776817983,447068165,robot_4,2.198,1.329
1776817983,447093626,robot_1,-0.374,2.981
1776817983,447104961,robot_0,4.659,-3.249
1776817983,447114653,robot_3,4.617,0.083
1776817983,447123041,robot_2,-2.170,-4.663
1776817983,667439494,robot_4,2.198,1.330
1776817983,667471875,robot_1,-0.408,2.975
1776817983,667486900,robot_0,4.659,-3.248
1776817983,667498722,robot_3,4.617,0.083
1776817983,667510630,robot_2,-2.170,-4.663
1776817983,887120192,robot_4,2.198,1.330
1776817983,887142708,robot_1,-0.444,2.967
1776817983,887153491,robot_0,4.660,-3.248
1776817983,887161024,robot_3,4.617,0.083
1776817983,887168432,robot_2,-2.169,-4.664
1776817984,105931823,robot_4,2.198,1.330
1776817984,105952353,robot_1,-0.486,2.956
1776817984,105961520,robot_0,4.660,-3.248
1776817984,105968822,robot_3,4.617,0.083
1776817984,105975587,robot_2,-2.169,-4.664
1776817984,305947921,robot_4,2.198,1.330
1776817984,305964898,robot_1,-0.515,2.948
1776817984,305972702,robot_0,4.660,-3.248
1776817984,305978180,robot_3,4.616,0.083
1776817984,305983809,robot_2,-2.169,-4.664
1776817984,506280465,robot_4,2.198,1.330
1776817984,506306506,robot_1,-0.550,2.938
1776817984,506317565,robot_0,4.661,-3.247
1776817984,506325707,robot_3,4.616,0.083
1776817984,506333818,robot_2,-2.169,-4.664
1776817984,726330758,robot_4,2.198,1.331
1776817984,726349541,robot_1,-0.595,2.926
1776817984,726357248,robot_0,4.661,-3.247
1776817984,726363952,robot_3,4.616,0.083
1776817984,726370179,robot_2,-2.169,-4.663
1776817984,946216166,robot_4,2.198,1.331
1776817984,946241917,robot_1,-0.653,2.910
1776817984,946253815,robot_0,4.661,-3.247
1776817984,946262719,robot_3,4.616,0.082
1776817984,946271183,robot_2,-2.170,-4.663
1776817985,146220258,robot_4,2.198,1.332
1776817985,146239964,robot_1,-0.694,2.898
1776817985,146247725,robot_0,4.661,-3.246
1776817985,146253786,robot_3,4.615,0.082
1776817985,146259164,robot_2,-2.170,-4.663
1776817985,365819016,robot_4,2.198,1.332
1776817985,365837303,robot_1,-0.744,2.885
1776817985,365844538,robot_0,4.661,-3.246
1776817985,365850599,robot_3,4.615,0.082
1776817985,365856042,robot_2,-2.170,-4.663
1776817985,566848570,robot_4,2.198,1.332
1776817985,566868837,robot_1,-0.804,2.868
1776817985,566876347,robot_0,4.661,-3.245
1776817985,566882088,robot_3,4.615,0.082
1776817985,566887721,robot_2,-2.171,-4.662
1776817985,787057470,robot_4,2.197,1.333
1776817985,787088952,robot_1,-0.849,2.856
1776817985,787106236,robot_0,4.661,-3.245
1776817985,787114122,robot_3,4.615,0.081
1776817985,787120974,robot_2,-2.171,-4.662
1776817985,989570741,robot_4,2.197,1.333
1776817985,989604316,robot_1,-0.880,2.847
1776817985,989619369,robot_0,4.661,-3.244
1776817985,989632229,robot_3,4.615,0.081
1776817985,989643785,robot_2,-2.172,-4.662
1776817986,206419756,robot_4,2.197,1.333
1776817986,206445694,robot_1,-0.906,2.841
1776817986,206457499,robot_0,4.660,-3.244
1776817986,206466935,robot_3,4.615,0.081
1776817986,206475730,robot_2,-2.172,-4.663
1776817986,406555292,robot_4,2.197,1.333
1776817986,406574606,robot_1,-0.945,2.831
1776817986,406582374,robot_0,4.660,-3.244
1776817986,406589152,robot_3,4.615,0.081
1776817986,406595401,robot_2,-2.173,-4.663
1776817986,627154986,robot_4,2.197,1.333
1776817986,627180312,robot_1,-0.994,2.820
1776817986,627192291,robot_0,4.659,-3.244
1776817986,627202335,robot_3,4.615,0.081
1776817986,627211781,robot_2,-2.173,-4.663
1776817986,845764764,robot_4,2.196,1.333
1776817986,845784706,robot_1,-1.039,2.811
1776817986,845801233,robot_0,4.650,-3.267
1776817986,845808042,robot_3,4.615,0.081
1776817986,845814087,robot_2,-2.173,-4.663
1776817987,65472966,robot_4,2.196,1.333
1776817987,65492036,robot_1,-1.040,2.810
1776817987,65499639,robot_0,4.622,-3.338
1776817987,65505752,robot_3,4.615,0.082
1776817987,65511835,robot_2,-2.174,-4.664
1776817987,266944706,robot_4,2.195,1.333
1776817987,266964821,robot_1,-1.040,2.810
1776817987,266972579,robot_0,4.608,-3.375
1776817987,266978889,robot_3,4.616,0.082
1776817987,266984879,robot_2,-2.174,-4.664
1776817987,486422139,robot_4,2.195,1.333
1776817987,486442495,robot_1,-1.040,2.810
1776817987,486449322,robot_0,4.596,-3.409
1776817987,486454913,robot_3,4.616,0.082
1776817987,486460760,robot_2,-2.174,-4.665
1776817987,706732781,robot_4,2.195,1.333
1776817987,706751524,robot_1,-1.040,2.809
1776817987,706759236,robot_0,4.582,-3.445
1776817987,706766187,robot_3,4.616,0.082
1776817987,706773522,robot_2,-2.174,-4.665
1776817987,925604092,robot_4,2.194,1.332
1776817987,925622671,robot_1,-1.041,2.809
1776817987,925630218,robot_0,4.567,-3.486
1776817987,925635516,robot_3,4.616,0.082
1776817987,925640505,robot_2,-2.174,-4.665
1776817988,126689115,robot_4,2.194,1.332
1776817988,126710143,robot_1,-1.041,2.809
1776817988,126717965,robot_0,4.551,-3.528
1776817988,126723565,robot_3,4.617,0.082
1776817988,126729112,robot_2,-2.174,-4.665
1776817988,346239236,robot_4,2.194,1.332
1776817988,346258835,robot_1,-1.041,2.809
1776817988,346266304,robot_0,4.535,-3.572
1776817988,346271988,robot_3,4.617,0.082
1776817988,346277239,robot_2,-2.174,-4.665
1776817988,566201118,robot_4,2.193,1.331
1776817988,566221739,robot_1,-1.042,2.809
1776817988,566228956,robot_0,4.519,-3.618
1776817988,566234665,robot_3,4.617,0.082
1776817988,566240606,robot_2,-2.174,-4.664
1776817988,785364797,robot_4,2.193,1.331
1776817988,785382535,robot_1,-1.042,2.808
1776817988,785389730,robot_0,4.495,-3.684
1776817988,785395421,robot_3,4.617,0.082
1776817988,785400791,robot_2,-2.173,-4.664
1776817988,986817073,robot_4,2.193,1.331
1776817988,986841619,robot_1,-1.042,2.808
1776817988,986851201,robot_0,4.480,-3.726
1776817988,986859435,robot_3,4.617,0.082
1776817988,986867420,robot_2,-2.173,-4.663
1776817989,206274913,robot_4,2.194,1.331
1776817989,206293900,robot_1,-1.042,2.809
1776817989,206301265,robot_0,4.464,-3.773
1776817989,206306971,robot_3,4.617,0.082
1776817989,206312871,robot_2,-2.173,-4.663
1776817989,426736940,robot_4,2.194,1.332
1776817989,426756911,robot_1,-1.042,2.809
1776817989,426764596,robot_0,4.446,-3.826
1776817989,426770707,robot_3,4.618,0.082
1776817989,426776989,robot_2,-2.172,-4.663
1776817989,647034026,robot_4,2.194,1.332
1776817989,647066018,robot_1,-1.041,2.809
1776817989,647081857,robot_0,4.434,-3.868
1776817989,647093277,robot_3,4.618,0.082
1776817989,647104411,robot_2,-2.172,-4.663
1776817989,867133165,robot_4,2.195,1.333
1776817989,867158990,robot_1,-1.041,2.809
1776817989,867170019,robot_0,4.416,-3.929
1776817989,867178768,robot_3,4.618,0.082
1776817989,867187111,robot_2,-2.171,-4.663
1776817990,67666441,robot_4,2.195,1.333
1776817990,67705670,robot_1,-1.041,2.809
1776817990,67727473,robot_0,4.399,-3.990
1776817990,67745969,robot_3,4.618,0.081
1776817990,67762740,robot_2,-2.171,-4.663
1776817990,286616275,robot_4,2.196,1.333
1776817990,286651091,robot_1,-1.041,2.810
1776817990,286669896,robot_0,4.386,-4.032
1776817990,286702137,robot_3,4.618,0.081
1776817990,286716583,robot_2,-2.171,-4.663
1776817990,489736910,robot_4,2.196,1.333
1776817990,489754986,robot_1,-1.041,2.810
1776817990,489762733,robot_0,4.368,-4.094
1776817990,489768866,robot_3,4.618,0.081
1776817990,489774350,robot_2,-2.171,-4.663
1776817990,705477995,robot_4,2.197,1.333
1776817990,705495926,robot_1,-1.041,2.810
1776817990,705503397,robot_0,4.350,-4.159
1776817990,705509412,robot_3,4.618,0.080
1776817990,705515414,robot_2,-2.172,-4.663
1776817990,906529783,robot_4,2.197,1.333
1776817990,906550404,robot_1,-1.041,2.811
1776817990,906560367,robot_0,4.339,-4.198
1776817990,906569130,robot_3,4.618,0.080
1776817990,906577246,robot_2,-2.172,-4.663
1776817991,126978173,robot_4,2.197,1.333
1776817991,127010286,robot_1,-1.041,2.811
1776817991,127025328,robot_0,4.319,-4.267
1776817991,127037942,robot_3,4.618,0.080
1776817991,127049178,robot_2,-2.172,-4.663
1776817991,346940876,robot_4,2.197,1.333
1776817991,346978309,robot_1,-1.041,2.811
1776817991,346992184,robot_0,4.303,-4.323
1776817991,347002925,robot_3,4.618,0.080
1776817991,347014203,robot_2,-2.173,-4.664
1776817991,566751099,robot_4,2.197,1.333
1776817991,566779777,robot_1,-1.041,2.811
1776817991,566794051,robot_0,4.291,-4.363
1776817991,566806043,robot_3,4.618,0.080
1776817991,566817413,robot_2,-2.173,-4.664
1776817991,785456593,robot_4,2.198,1.332
1776817991,785474928,robot_1,-1.042,2.812
1776817991,785482205,robot_0,4.282,-4.396
1776817991,785488345,robot_3,4.618,0.080
1776817991,785493774,robot_2,-2.173,-4.665
1776817991,986338337,robot_4,2.198,1.332
1776817991,986357526,robot_1,-1.042,2.812
1776817991,986364085,robot_0,4.280,-4.403
1776817991,986369773,robot_3,4.618,0.079
1776817991,986375258,robot_2,-2.173,-4.665
1776817992,207267430,robot_4,2.198,1.331
1776817992,207297032,robot_1,-1.042,2.812
1776817992,207311357,robot_0,4.280,-4.403
1776817992,207323153,robot_3,4.618,0.079
1776817992,207334408,robot_2,-2.173,-4.666
1776817992,407282009,robot_4,2.199,1.331
1776817992,407302521,robot_1,-1.043,2.812
1776817992,407310488,robot_0,4.280,-4.403
1776817992,407319039,robot_3,4.617,0.079
1776817992,407326397,robot_2,-2.173,-4.666
1776817992,626136694,robot_4,2.199,1.331
1776817992,626156984,robot_1,-1.043,2.812
1776817992,626165130,robot_0,4.281,-4.404
1776817992,626171322,robot_3,4.617,0.079
1776817992,626176898,robot_2,-2.173,-4.666
1776817992,845954244,robot_4,2.199,1.330
1776817992,845974268,robot_1,-1.043,2.812
1776817992,845982222,robot_0,4.281,-4.404
1776817992,845988233,robot_3,4.617,0.079
1776817992,845994431,robot_2,-2.175,-4.664
1776817993,47048796,robot_4,2.199,1.329
1776817993,47073616,robot_1,-1.043,2.812
1776817993,47083727,robot_0,4.281,-4.405
1776817993,47091341,robot_3,4.616,0.079
1776817993,47099836,robot_2,-2.176,-4.664
1776817993,247073137,robot_4,2.198,1.329
1776817993,247094828,robot_1,-1.043,2.812
1776817993,247103250,robot_0,4.281,-4.405
1776817993,247110540,robot_3,4.616,0.079
1776817993,247117296,robot_2,-2.175,-4.664
1776817993,466680912,robot_4,2.198,1.329
1776817993,466719672,robot_1,-1.044,2.811
1776817993,466742921,robot_0,4.281,-4.406
1776817993,466761711,robot_3,4.616,0.079
1776817993,466778291,robot_2,-2.175,-4.665
1776817993,685453009,robot_4,2.156,1.348
1776817993,685472425,robot_1,-1.044,2.811
1776817993,685479858,robot_0,4.281,-4.406
1776817993,685485871,robot_3,4.616,0.079
1776817993,685491984,robot_2,-2.175,-4.665
1776817993,885813989,robot_4,2.108,1.368
1776817993,885832273,robot_1,-1.044,2.811
1776817993,885838555,robot_0,4.281,-4.407
1776817993,885843906,robot_3,4.616,0.079
1776817993,885848936,robot_2,-2.174,-4.665
1776817994,86330862,robot_4,2.072,1.383
1776817994,86349623,robot_1,-1.044,2.811
1776817994,86356541,robot_0,4.281,-4.407
1776817994,86362476,robot_3,4.616,0.079
1776817994,86367995,robot_2,-2.174,-4.665
1776817994,305324391,robot_4,2.045,1.394
1776817994,305341063,robot_1,-1.044,2.810
1776817994,305348228,robot_0,4.281,-4.407
1776817994,305354160,robot_3,4.615,0.079
1776817994,305359671,robot_2,-2.175,-4.665
1776817994,505746398,robot_4,2.013,1.408
1776817994,505766361,robot_1,-1.044,2.810
1776817994,505773559,robot_0,4.281,-4.406
1776817994,505779521,robot_3,4.615,0.080
1776817994,505784829,robot_2,-2.175,-4.664
1776817994,726197049,robot_4,1.972,1.425
1776817994,726218177,robot_1,-1.044,2.810
1776817994,726225841,robot_0,4.281,-4.406
1776817994,726232334,robot_3,4.615,0.080
1776817994,726238594,robot_2,-2.176,-4.664
1776817994,945311332,robot_4,1.930,1.442
1776817994,945329522,robot_1,-1.044,2.810
1776817994,945336446,robot_0,4.281,-4.405
1776817994,945342436,robot_3,4.615,0.080
1776817994,945347738,robot_2,-2.177,-4.663
1776817995,146289987,robot_4,1.893,1.458
1776817995,146312312,robot_1,-1.044,2.810
1776817995,146320340,robot_0,4.281,-4.405
1776817995,146327223,robot_3,4.615,0.081
1776817995,146334227,robot_2,-2.177,-4.662
1776817995,365938610,robot_4,1.849,1.476
1776817995,365957313,robot_1,-1.044,2.810
1776817995,365964899,robot_0,4.280,-4.404
1776817995,365970954,robot_3,4.615,0.081
1776817995,365976890,robot_2,-2.177,-4.662
1776817995,567073423,robot_4,1.805,1.494
1776817995,567105160,robot_1,-1.044,2.809
1776817995,567118406,robot_0,4.280,-4.404
1776817995,567129987,robot_3,4.615,0.081
1776817995,567140422,robot_2,-2.177,-4.662
1776817995,767293400,robot_4,1.768,1.510
1776817995,767328256,robot_1,-1.044,2.809
1776817995,767343182,robot_0,4.280,-4.404
1776817995,767356665,robot_3,4.615,0.081
1776817995,767368532,robot_2,-2.177,-4.661
1776817995,987271243,robot_4,1.724,1.528
1776817995,987304294,robot_1,-1.044,2.809
1776817995,987318584,robot_0,4.279,-4.404
1776817995,987329953,robot_3,4.615,0.081
1776817995,987340641,robot_2,-2.177,-4.661
1776817996,207182076,robot_4,1.676,1.546
1776817996,207202593,robot_1,-1.043,2.809
1776817996,207212097,robot_0,4.279,-4.404
1776817996,207219459,robot_3,4.615,0.081
1776817996,207226883,robot_2,-2.156,-4.663
1776817996,425789650,robot_4,1.635,1.561
1776817996,425807975,robot_1,-1.043,2.808
1776817996,425814966,robot_0,4.278,-4.404
1776817996,425820632,robot_3,4.615,0.081
1776817996,425826082,robot_2,-2.121,-4.666
1776817996,626966915,robot_4,1.607,1.570
1776817996,626996177,robot_1,-1.043,2.808
1776817996,627009655,robot_0,4.278,-4.404
1776817996,627020926,robot_3,4.615,0.082
1776817996,627032836,robot_2,-2.079,-4.669
1776817996,827126570,robot_4,1.582,1.578
1776817996,827156988,robot_1,-1.042,2.808
1776817996,827171060,robot_0,4.277,-4.404
1776817996,827183265,robot_3,4.616,0.082
1776817996,827194236,robot_2,-2.022,-4.675
1776817997,46648456,robot_4,1.540,1.592
1776817997,46678507,robot_1,-1.043,2.815
1776817997,46690089,robot_0,4.277,-4.404
1776817997,46700240,robot_3,4.616,0.082
1776817997,46710488,robot_2,-1.986,-4.678
1776817997,247289138,robot_4,1.486,1.610
1776817997,247313931,robot_1,-1.046,2.840
1776817997,247326281,robot_0,4.277,-4.404
1776817997,247338466,robot_3,4.616,0.082
1776817997,247348791,robot_2,-1.986,-4.678
1776817997,466501208,robot_4,1.428,1.629
1776817997,466519611,robot_1,-1.052,2.880
1776817997,466526981,robot_0,4.276,-4.405
1776817997,466532306,robot_3,4.616,0.082
1776817997,466537322,robot_2,-1.986,-4.679
1776817997,666710985,robot_4,1.390,1.642
1776817997,666746464,robot_1,-1.056,2.915
1776817997,666765215,robot_0,4.276,-4.405
1776817997,666780549,robot_3,4.617,0.082
1776817997,666795370,robot_2,-1.985,-4.679
1776817997,867733703,robot_4,1.354,1.654
1776817997,867775584,robot_1,-1.060,2.941
1776817997,867798420,robot_0,4.276,-4.405
1776817997,867818710,robot_3,4.617,0.082
1776817997,867837844,robot_2,-1.993,-4.672
1776817998,87338685,robot_4,1.313,1.668
1776817998,87369130,robot_1,-1.068,2.982
1776817998,87383254,robot_0,4.276,-4.405
1776817998,87395684,robot_3,4.617,0.082
1776817998,87406723,robot_2,-2.000,-4.664
1776817998,307312777,robot_4,1.270,1.682
1776817998,307346546,robot_1,-1.074,3.018
1776817998,307383497,robot_0,4.276,-4.405
1776817998,307402060,robot_3,4.618,0.082
1776817998,307415020,robot_2,-2.001,-4.663
1776817998,526151205,robot_4,1.200,1.706
1776817998,526173643,robot_1,-1.081,3.049
1776817998,526181735,robot_0,4.277,-4.404
1776817998,526188391,robot_3,4.618,0.082
1776817998,526194796,robot_2,-2.000,-4.664
1776817998,746293534,robot_4,1.148,1.723
1776817998,746311922,robot_1,-1.090,3.092
1776817998,746318973,robot_0,4.277,-4.404
1776817998,746324803,robot_3,4.617,0.082
1776817998,746330440,robot_2,-2.000,-4.664
1776817998,946522184,robot_4,1.104,1.738
1776817998,946546959,robot_1,-1.098,3.130
1776817998,946556755,robot_0,4.278,-4.404
1776817998,946564545,robot_3,4.617,0.082
1776817998,946572433,robot_2,-1.999,-4.664
1776817999,146687924,robot_4,1.036,1.760
1776817999,146713101,robot_1,-1.106,3.169
1776817999,146723879,robot_0,4.278,-4.404
1776817999,146732558,robot_3,4.617,0.082
1776817999,146740831,robot_2,-1.999,-4.664
1776817999,366636220,robot_4,0.985,1.777
1776817999,366658877,robot_1,-1.115,3.212
1776817999,366667779,robot_0,4.279,-4.404
1776817999,366676128,robot_3,4.617,0.082
1776817999,366683964,robot_2,-1.999,-4.664
1776817999,586740684,robot_4,0.950,1.789
1776817999,586769107,robot_1,-1.129,3.286
1776817999,586784562,robot_0,4.279,-4.404
1776817999,586796451,robot_3,4.616,0.082
1776817999,586807522,robot_2,-1.999,-4.664
1776817999,786797760,robot_4,0.925,1.797
1776817999,786817357,robot_1,-1.142,3.348
1776817999,786827119,robot_0,4.280,-4.404
1776817999,786840197,robot_3,4.616,0.082
1776817999,786850641,robot_2,-1.999,-4.664
1776817999,986949661,robot_4,0.888,1.810
1776817999,986983082,robot_1,-1.149,3.387
1776817999,986998212,robot_0,4.280,-4.404
1776817999,987009420,robot_3,4.616,0.082
1776817999,987019974,robot_2,-1.998,-4.664
1776818000,206679082,robot_4,0.834,1.828
1776818000,206699190,robot_1,-1.157,3.427
1776818000,206707614,robot_0,4.280,-4.404
1776818000,206714709,robot_3,4.616,0.081
1776818000,206721635,robot_2,-1.998,-4.663
1776818000,425146193,robot_4,0.773,1.850
1776818000,425163485,robot_1,-1.165,3.469
1776818000,425169873,robot_0,4.280,-4.404
1776818000,425175434,robot_3,4.616,0.081
1776818000,425180650,robot_2,-1.998,-4.663
1776818000,626692055,robot_4,0.736,1.865
1776818000,626712670,robot_1,-1.173,3.509
1776818000,626721440,robot_0,4.279,-4.404
1776818000,626728406,robot_3,4.616,0.081
1776818000,626734907,robot_2,-1.997,-4.663
1776818000,846659663,robot_4,0.694,1.883
1776818000,846680802,robot_1,-1.182,3.554
1776818000,846688959,robot_0,4.279,-4.404
1776818000,846695652,robot_3,4.616,0.080
1776818000,846702400,robot_2,-1.997,-4.662
1776818001,66666456,robot_4,0.653,1.900
1776818001,66695715,robot_1,-1.191,3.598
1776818001,66707871,robot_0,4.278,-4.404
1776818001,66717903,robot_3,4.616,0.080
1776818001,66727317,robot_2,-1.997,-4.662
1776818001,285237501,robot_4,0.612,1.917
1776818001,285254204,robot_1,-1.201,3.651
1776818001,285260426,robot_0,4.278,-4.404
1776818001,285265429,robot_3,4.616,0.080
1776818001,285270517,robot_2,-1.997,-4.661
1776818001,486449794,robot_4,0.552,1.942
1776818001,486490752,robot_1,-1.213,3.712
1776818001,486510594,robot_0,4.278,-4.405
1776818001,486528502,robot_3,4.616,0.080
1776818001,486544594,robot_2,-1.997,-4.661
1776818001,705700241,robot_4,0.497,1.968
1776818001,705723018,robot_1,-1.222,3.756
1776818001,705732933,robot_0,4.277,-4.405
1776818001,705740943,robot_3,4.617,0.079
1776818001,705748650,robot_2,-1.997,-4.661
1776818001,925229550,robot_4,0.454,1.988
1776818001,925247811,robot_1,-1.234,3.816
1776818001,925254662,robot_0,4.277,-4.406
1776818001,925259822,robot_3,4.617,0.079
1776818001,925264881,robot_2,-1.997,-4.661
1776818002,125381977,robot_4,0.390,2.019
1776818002,125410854,robot_1,-1.246,3.877
1776818002,125417372,robot_0,4.277,-4.406
1776818002,125422975,robot_3,4.617,0.079
1776818002,125428575,robot_2,-1.997,-4.662
1776818002,345201359,robot_4,0.340,2.043
1776818002,345227310,robot_1,-1.254,3.920
1776818002,345234724,robot_0,4.277,-4.406
1776818002,345240574,robot_3,4.617,0.079
1776818002,345245861,robot_2,-1.997,-4.662
1776818002,547067939,robot_4,0.298,2.063
1776818002,547090292,robot_1,-1.262,3.959
1776818002,547098685,robot_0,4.277,-4.407
1776818002,547106470,robot_3,4.617,0.079
1776818002,547113559,robot_2,-1.997,-4.663
1776818002,766194212,robot_4,0.223,2.098
1776818002,766213500,robot_1,-1.272,4.002
1776818002,766229600,robot_0,4.277,-4.407
1776818002,766235536,robot_3,4.617,0.080
1776818002,766241816,robot_2,-1.998,-4.663
1776818002,967081444,robot_4,0.179,2.119
1776818002,967120988,robot_1,-1.282,4.040
1776818002,967136051,robot_0,4.277,-4.408
1776818002,967148728,robot_3,4.616,0.080
1776818002,967160543,robot_2,-1.998,-4.663
1776818003,185543390,robot_4,0.137,2.139
1776818003,185565974,robot_1,-1.290,4.071
1776818003,185575826,robot_0,4.277,-4.408
1776818003,185583611,robot_3,4.616,0.080
1776818003,185591172,robot_2,-1.999,-4.663
1776818003,386041775,robot_4,0.098,2.157
1776818003,386065483,robot_1,-1.299,4.105
1776818003,386075283,robot_0,4.278,-4.409
1776818003,386084131,robot_3,4.616,0.081
1776818003,386092526,robot_2,-1.999,-4.664
1776818003,586443858,robot_4,0.062,2.175
1776818003,586468190,robot_1,-1.309,4.143
1776818003,586478345,robot_0,4.278,-4.409
1776818003,586489909,robot_3,4.616,0.081
1776818003,586498453,robot_2,-1.999,-4.664
1776818003,805228329,robot_4,0.026,2.191
1776818003,805245870,robot_1,-1.321,4.190
1776818003,805252674,robot_0,4.278,-4.409
1776818003,805258429,robot_3,4.616,0.081
1776818003,805263606,robot_2,-2.000,-4.664
1776818004,6908089,robot_4,-0.003,2.205
1776818004,6931024,robot_1,-1.331,4.229
1776818004,6938241,robot_0,4.278,-4.409
1776818004,6944074,robot_3,4.616,0.082
1776818004,6949348,robot_2,-2.000,-4.664
1776818004,225304172,robot_4,-0.043,2.224
1776818004,225323948,robot_1,-1.341,4.268
1776818004,225331042,robot_0,4.278,-4.409
1776818004,225337357,robot_3,4.616,0.082
1776818004,225343281,robot_2,-2.000,-4.664
1776818004,426709390,robot_4,-0.093,2.248
1776818004,426731274,robot_1,-1.341,4.269
1776818004,426739492,robot_0,4.278,-4.408
1776818004,426746824,robot_3,4.616,0.082
1776818004,426753891,robot_2,-2.000,-4.664
1776818004,646082127,robot_4,-0.152,2.276
1776818004,646104398,robot_1,-1.341,4.269
1776818004,646113978,robot_0,4.277,-4.408
1776818004,646121377,robot_3,4.616,0.082
1776818004,646129030,robot_2,-2.001,-4.663
1776818004,846876904,robot_4,-0.188,2.293
1776818004,846909609,robot_1,-1.341,4.270
1776818004,846929009,robot_0,4.277,-4.407
1776818004,846940818,robot_3,4.616,0.081
1776818004,846951215,robot_2,-2.001,-4.663
1776818005,51396771,robot_4,-0.216,2.306
1776818005,51438905,robot_1,-1.341,4.270
1776818005,51459348,robot_0,4.277,-4.407
1776818005,51475886,robot_3,4.616,0.081
1776818005,51491567,robot_2,-2.001,-4.663
1776818005,266676108,robot_4,-0.250,2.321
1776818005,266703091,robot_1,-1.341,4.270
1776818005,266713997,robot_0,4.277,-4.406
1776818005,266723019,robot_3,4.616,0.081
1776818005,266731527,robot_2,-2.002,-4.662
1776818005,466908319,robot_4,-0.288,2.335
1776818005,466962373,robot_1,-1.341,4.270
1776818005,466985741,robot_0,4.277,-4.406
1776818005,467005200,robot_3,4.617,0.081
1776818005,467021201,robot_2,-2.002,-4.662
1776818005,687075998,robot_4,-0.319,2.347
1776818005,687108316,robot_1,-1.340,4.271
1776818005,687124302,robot_0,4.277,-4.405
1776818005,687135662,robot_3,4.617,0.080
1776818005,687147649,robot_2,-2.002,-4.662
1776818005,905130280,robot_4,-0.356,2.362
1776818005,905148695,robot_1,-1.340,4.271
1776818005,905155686,robot_0,4.278,-4.405
1776818005,905161553,robot_3,4.617,0.080
1776818005,905167057,robot_2,-2.002,-4.661
1776818006,105471294,robot_4,-0.395,2.377
1776818006,105488557,robot_1,-1.340,4.271
1776818006,105495211,robot_0,4.278,-4.405
1776818006,105500535,robot_3,4.617,0.080
1776818006,105505306,robot_2,-2.002,-4.661
1776818006,306118001,robot_4,-0.456,2.401
1776818006,306142898,robot_1,-1.341,4.272
1776818006,306153957,robot_0,4.278,-4.405
1776818006,306163859,robot_3,4.617,0.080
1776818006,306174048,robot_2,-2.002,-4.660
1776818006,525883111,robot_4,-0.507,2.423
1776818006,525902136,robot_1,-1.341,4.272
1776818006,525909035,robot_0,4.277,-4.405
1776818006,525919582,robot_3,4.618,0.080
1776818006,525928082,robot_2,-2.002,-4.660
1776818006,727392626,robot_4,-0.546,2.441
1776818006,727423709,robot_1,-1.341,4.272
1776818006,727439160,robot_0,4.277,-4.406
1776818006,727452669,robot_3,4.618,0.080
1776818006,727464966,robot_2,-2.002,-4.660
1776818006,947325019,robot_4,-0.604,2.467
1776818006,947353916,robot_1,-1.341,4.272
1776818006,947365971,robot_0,4.277,-4.406
1776818006,947375988,robot_3,4.618,0.080
1776818006,947385931,robot_2,-2.002,-4.660
1776818007,165660646,robot_4,-0.648,2.487
1776818007,165680779,robot_1,-1.341,4.271
1776818007,165688476,robot_0,4.277,-4.407
1776818007,165693953,robot_3,4.619,0.080
1776818007,165699486,robot_2,-2.002,-4.660
1776818007,367513104,robot_4,-0.681,2.502
1776818007,367536804,robot_1,-1.341,4.271
1776818007,367546203,robot_0,4.278,-4.407
1776818007,367554994,robot_3,4.619,0.080
1776818007,367562312,robot_2,-2.001,-4.659
1776818007,586702664,robot_4,-0.714,2.518
1776818007,586720095,robot_1,-1.341,4.271
1776818007,586727823,robot_0,4.278,-4.408
1776818007,586734064,robot_3,4.619,0.080
1776818007,586740241,robot_2,-2.001,-4.659
1776818007,806152129,robot_4,-0.754,2.537
1776818007,806170369,robot_1,-1.341,4.270
1776818007,806177958,robot_0,4.278,-4.408
1776818007,806184475,robot_3,4.619,0.081
1776818007,806190257,robot_2,-2.001,-4.659
1776818008,6281942,robot_4,-0.792,2.556
1776818008,6310723,robot_1,-1.341,4.270
1776818008,6321483,robot_0,4.279,-4.408
1776818008,6329591,robot_3,4.619,0.081
1776818008,6339148,robot_2,-2.000,-4.658
1776818008,226221920,robot_4,-0.835,2.577
1776818008,226249790,robot_1,-1.341,4.270
1776818008,226262393,robot_0,4.279,-4.408
1776818008,226274248,robot_3,4.619,0.081
1776818008,226284829,robot_2,-2.000,-4.658
1776818008,445382500,robot_4,-0.875,2.596
1776818008,445401829,robot_1,-1.342,4.270
1776818008,445409436,robot_0,4.280,-4.409
1776818008,445415455,robot_3,4.619,0.081
1776818008,445421099,robot_2,-1.999,-4.658
1776818008,646806297,robot_4,-0.908,2.613
1776818008,646837151,robot_1,-1.342,4.269
1776818008,646851045,robot_0,4.280,-4.409
1776818008,646863132,robot_3,4.619,0.080
1776818008,646874483,robot_2,-1.999,-4.658
1776818008,867085685,robot_4,-0.944,2.632
1776818008,867110636,robot_1,-1.342,4.269
1776818008,867122177,robot_0,4.280,-4.409
1776818008,867132492,robot_3,4.619,0.080
1776818008,867141714,robot_2,-1.999,-4.658
1776818009,86777133,robot_4,-0.983,2.653
1776818009,86807864,robot_1,-1.342,4.269
1776818009,86824371,robot_0,4.281,-4.408
1776818009,86831013,robot_3,4.618,0.080
1776818009,86837088,robot_2,-1.999,-4.658
1776818009,306087312,robot_4,-0.988,2.655
1776818009,306109901,robot_1,-1.342,4.269
1776818009,306120436,robot_0,4.281,-4.408
1776818009,306129761,robot_3,4.618,0.080
1776818009,306138169,robot_2,-1.999,-4.659
1776818009,527051248,robot_4,-0.988,2.655
1776818009,527072086,robot_1,-1.342,4.270
1776818009,527079128,robot_0,4.282,-4.408
1776818009,527085313,robot_3,4.618,0.080
1776818009,527090800,robot_2,-1.998,-4.659
1776818009,745297640,robot_4,-0.988,2.654
1776818009,745316214,robot_1,-1.342,4.270
1776818009,745323850,robot_0,4.280,-4.406
1776818009,745329621,robot_3,4.617,0.080
1776818009,745335173,robot_2,-1.998,-4.659
1776818009,966379271,robot_4,-0.989,2.654
1776818009,966403973,robot_1,-1.341,4.270
1776818009,966414263,robot_0,4.240,-4.373
1776818009,966423322,robot_3,4.617,0.081
1776818009,966431276,robot_2,-1.997,-4.659
1776818010,186220755,robot_4,-0.989,2.654
1776818010,186241338,robot_1,-1.341,4.270
1776818010,186250367,robot_0,4.205,-4.342
1776818010,186258157,robot_3,4.617,0.081
1776818010,186265693,robot_2,-1.997,-4.660
1776818010,387330348,robot_4,-0.990,2.654
1776818010,387362848,robot_1,-1.341,4.271
1776818010,387378411,robot_0,4.179,-4.317
1776818010,387392452,robot_3,4.617,0.081
1776818010,387405001,robot_2,-1.997,-4.660
1776818010,587604236,robot_4,-0.990,2.654
1776818010,587632746,robot_1,-1.341,4.271
1776818010,587645828,robot_0,4.157,-4.297
1776818010,587656602,robot_3,4.617,0.081
1776818010,587667995,robot_2,-1.997,-4.661
1776818010,806459297,robot_4,-0.991,2.654
1776818010,806484421,robot_1,-1.341,4.271
1776818010,806495596,robot_0,4.124,-4.269
1776818010,806503983,robot_3,4.617,0.081
1776818010,806513190,robot_2,-1.997,-4.661
1776818011,7165974,robot_4,-0.991,2.654
1776818011,7200087,robot_1,-1.341,4.272
1776818011,7214243,robot_0,4.097,-4.247
1776818011,7226505,robot_3,4.617,0.081
1776818011,7238409,robot_2,-1.997,-4.662
1776818011,227217124,robot_4,-0.991,2.654
1776818011,227247783,robot_1,-1.342,4.272
1776818011,227262393,robot_0,4.072,-4.226
1776818011,227273984,robot_3,4.617,0.081
1776818011,227285625,robot_2,-1.997,-4.662
1776818011,446934766,robot_4,-0.991,2.654
1776818011,446959166,robot_1,-1.342,4.272
1776818011,446968682,robot_0,4.038,-4.198
1776818011,446977102,robot_3,4.618,0.081
1776818011,446984723,robot_2,-1.997,-4.661
1776818011,665596215,robot_4,-0.991,2.654
1776818011,665616286,robot_1,-1.342,4.272
1776818011,665623209,robot_0,3.997,-4.164
1776818011,665636400,robot_3,4.618,0.081
1776818011,665641770,robot_2,-1.997,-4.661
1776818011,866173576,robot_4,-0.991,2.654
1776818011,866195516,robot_1,-1.342,4.272
1776818011,866204684,robot_0,3.960,-4.134
1776818011,866212029,robot_3,4.618,0.081
1776818011,866219126,robot_2,-1.997,-4.661
1776818012,66847360,robot_4,-0.990,2.654
1776818012,66869244,robot_1,-1.343,4.273
1776818012,66879584,robot_0,3.959,-4.133
1776818012,66887521,robot_3,4.618,0.081
1776818012,66895199,robot_2,-1.997,-4.660
1776818012,285177815,robot_4,-0.990,2.654
1776818012,285196556,robot_1,-1.343,4.273
1776818012,285203320,robot_0,3.958,-4.133
1776818012,285208724,robot_3,4.619,0.081
1776818012,285214476,robot_2,-1.998,-4.660
1776818012,486205542,robot_4,-0.989,2.655
1776818012,486226060,robot_1,-1.343,4.273
1776818012,486232631,robot_0,3.958,-4.133
1776818012,486238118,robot_3,4.619,0.081
1776818012,486243554,robot_2,-1.998,-4.660
1776818012,686243438,robot_4,-0.989,2.655
1776818012,686265596,robot_1,-1.343,4.273
1776818012,686274277,robot_0,3.957,-4.134
1776818012,686281207,robot_3,4.619,0.081
1776818012,686288243,robot_2,-1.998,-4.659
1776818012,906660845,robot_4,-0.989,2.655
1776818012,906685340,robot_1,-1.343,4.273
1776818012,906695216,robot_0,3.957,-4.134
1776818012,906703135,robot_3,4.619,0.081
1776818012,906711075,robot_2,-1.999,-4.659
1776818013,106829169,robot_4,-0.988,2.655
1776818013,106855324,robot_1,-1.343,4.272
1776818013,106866018,robot_0,3.956,-4.134
1776818013,106874627,robot_3,4.619,0.081
1776818013,106883920,robot_2,-1.999,-4.659
1776818013,325833438,robot_4,-0.988,2.656
1776818013,325854121,robot_1,-1.343,4.272
1776818013,325863137,robot_0,3.956,-4.134
1776818013,325870633,robot_3,4.619,0.082
1776818013,325877867,robot_2,-2.000,-4.659
1776818013,525863985,robot_4,-0.988,2.656
1776818013,525885282,robot_1,-1.342,4.272
1776818013,525894296,robot_0,3.955,-4.133
1776818013,525902465,robot_3,4.619,0.082
1776818013,525910119,robot_2,-2.000,-4.659
1776818013,726235835,robot_4,-0.988,2.657
1776818013,726265575,robot_1,-1.342,4.272
1776818013,726279158,robot_0,3.955,-4.133
1776818013,726290010,robot_3,4.619,0.082
1776818013,726301480,robot_2,-2.000,-4.659
1776818013,945682319,robot_4,-0.988,2.657
1776818013,945700188,robot_1,-1.342,4.272
1776818013,945706502,robot_0,3.955,-4.133
1776818013,945712018,robot_3,4.619,0.082
1776818013,945717859,robot_2,-2.001,-4.660
1776818014,146649713,robot_4,-0.988,2.658
1776818014,146681166,robot_1,-1.342,4.271
1776818014,146695015,robot_0,3.955,-4.133
1776818014,146707781,robot_3,4.619,0.083
1776818014,146719850,robot_2,-2.001,-4.660
1776818014,367081491,robot_4,-0.988,2.658
1776818014,367123646,robot_1,-1.342,4.271
1776818014,367146478,robot_0,3.955,-4.133
1776818014,367165592,robot_3,4.619,0.083
1776818014,367183866,robot_2,-2.001,-4.660
1776818014,586414737,robot_4,-0.989,2.658
1776818014,586439641,robot_1,-1.341,4.271
1776818014,586451353,robot_0,3.955,-4.133
1776818014,586460422,robot_3,4.618,0.083
1776818014,586469016,robot_2,-2.002,-4.661
1776818014,786597859,robot_4,-0.989,2.659
1776818014,786624202,robot_1,-1.341,4.270
1776818014,786635535,robot_0,3.955,-4.133
1776818014,786645272,robot_3,4.618,0.083
1776818014,786654639,robot_2,-2.002,-4.661
1776818014,986785303,robot_4,-0.989,2.659
1776818014,986815318,robot_1,-1.341,4.270
1776818014,986828698,robot_0,3.956,-4.133
1776818014,986839462,robot_3,4.618,0.083
1776818014,986849748,robot_2,-2.002,-4.661
1776818015,186923533,robot_4,-0.989,2.659
1776818015,186966129,robot_1,-1.342,4.271
1776818015,186988192,robot_0,3.956,-4.133
1776818015,187006172,robot_3,4.618,0.083
1776818015,187024903,robot_2,-2.001,-4.661
1776818015,406498437,robot_4,-0.989,2.659
1776818015,406530931,robot_1,-1.342,4.271
1776818015,406545863,robot_0,3.957,-4.133
1776818015,406559392,robot_3,4.618,0.083
1776818015,406571747,robot_2,-2.001,-4.660
1776818015,625196425,robot_4,-0.990,2.659
1776818015,625215213,robot_1,-1.342,4.271
1776818015,625221636,robot_0,3.957,-4.133
1776818015,625227118,robot_3,4.618,0.083
1776818015,625232216,robot_2,-2.001,-4.660
1776818015,825722361,robot_4,-0.990,2.659
1776818015,825739920,robot_1,-1.342,4.271
1776818015,825746190,robot_0,3.958,-4.133
1776818015,825751578,robot_3,4.618,0.084
1776818015,825756808,robot_2,-2.000,-4.660
1776818016,26716370,robot_4,-0.991,2.659
1776818016,26735777,robot_1,-1.342,4.272
1776818016,26742312,robot_0,3.958,-4.133
1776818016,26748128,robot_3,4.617,0.084
1776818016,26752984,robot_2,-2.000,-4.660
1776818016,246295581,robot_4,-0.991,2.659
1776818016,246314787,robot_1,-1.343,4.272
1776818016,246322354,robot_0,3.958,-4.132
1776818016,246328517,robot_3,4.617,0.084
1776818016,246334050,robot_2,-1.999,-4.660
1776818016,465440205,robot_4,-0.992,2.659
1776818016,465467660,robot_1,-1.343,4.272
1776818016,465478867,robot_0,3.958,-4.132
1776818016,465486064,robot_3,4.617,0.083
1776818016,465494933,robot_2,-1.999,-4.660
1776818016,666358750,robot_4,-0.992,2.659
1776818016,666376963,robot_1,-1.343,4.272
1776818016,666383462,robot_0,3.958,-4.132
1776818016,666388568,robot_3,4.617,0.083
1776818016,666394422,robot_2,-1.998,-4.660
1776818016,867159806,robot_4,-0.992,2.658
1776818016,867185212,robot_1,-1.344,4.272
1776818016,867196522,robot_0,3.958,-4.132
1776818016,867205693,robot_3,4.616,0.083
1776818016,867214461,robot_2,-1.998,-4.660
1776818017,86334065,robot_4,-0.993,2.658
1776818017,86353028,robot_1,-1.344,4.272
1776818017,86359847,robot_0,3.958,-4.132
1776818017,86365842,robot_3,4.616,0.083
1776818017,86371286,robot_2,-1.998,-4.660
1776818017,306432256,robot_4,-0.993,2.658
1776818017,306453817,robot_1,-1.344,4.271
1776818017,306463781,robot_0,3.958,-4.133
1776818017,306471565,robot_3,4.616,0.083
1776818017,306479662,robot_2,-1.998,-4.660
1776818017,506730997,robot_4,-0.993,2.658
1776818017,506754135,robot_1,-1.344,4.271
1776818017,506761577,robot_0,3.957,-4.133
1776818017,506768468,robot_3,4.616,0.083
1776818017,506774745,robot_2,-1.999,-4.660
1776818017,707267128,robot_4,-0.993,2.658
1776818017,707287611,robot_1,-1.345,4.271
1776818017,707296719,robot_0,3.957,-4.133
1776818017,707303765,robot_3,4.616,0.083
1776818017,707311163,robot_2,-1.999,-4.660
1776818017,926565625,robot_4,-0.993,2.657
1776818017,926597193,robot_1,-1.345,4.271
1776818017,926610761,robot_0,3.956,-4.133
1776818017,926622410,robot_3,4.616,0.083
1776818017,926633502,robot_2,-2.000,-4.660
1776818018,145441974,robot_4,-0.993,2.657
1776818018,145461642,robot_1,-1.345,4.270
1776818018,145468677,robot_0,3.956,-4.133
1776818018,145474319,robot_3,4.616,0.083
1776818018,145479785,robot_2,-2.000,-4.660
1776818018,346823903,robot_4,-0.993,2.656
1776818018,346847084,robot_1,-1.345,4.270
1776818018,346855962,robot_0,3.955,-4.133
1776818018,346863677,robot_3,4.616,0.083
1776818018,346870917,robot_2,-2.000,-4.660
1776818018,568019020,robot_4,-0.993,2.656
1776818018,568064035,robot_1,-1.345,4.270
1776818018,568087274,robot_0,3.955,-4.132
1776818018,568107546,robot_3,4.617,0.083
1776818018,568126887,robot_2,-2.001,-4.661
1776818018,785889447,robot_4,-0.993,2.656
1776818018,785914034,robot_1,-1.345,4.270
1776818018,785923655,robot_0,3.954,-4.132
1776818018,785930208,robot_3,4.617,0.083
1776818018,785936536,robot_2,-2.001,-4.661
1776818018,987336210,robot_4,-0.992,2.655
1776818018,987365423,robot_1,-1.345,4.270
1776818018,987378712,robot_0,3.954,-4.132
1776818018,987389175,robot_3,4.617,0.083
1776818018,987400705,robot_2,-2.001,-4.662
1776818019,205234017,robot_4,-0.992,2.655
1776818019,205251637,robot_1,-1.345,4.270
1776818019,205261469,robot_0,3.954,-4.132
1776818019,205267125,robot_3,4.618,0.083
1776818019,205273675,robot_2,-2.001,-4.662
1776818019,406042352,robot_4,-0.992,2.655
1776818019,406058854,robot_1,-1.344,4.271
1776818019,406065656,robot_0,3.955,-4.132
1776818019,406071810,robot_3,4.618,0.083
1776818019,406077126,robot_2,-2.001,-4.662
1776818019,625270986,robot_4,-0.977,2.678
1776818019,625288973,robot_1,-1.344,4.271
1776818019,625295959,robot_0,3.955,-4.133
1776818019,625301781,robot_3,4.618,0.083
1776818019,625307216,robot_2,-2.001,-4.663
1776818019,827341516,robot_4,-0.948,2.724
1776818019,827376337,robot_1,-1.344,4.271
1776818019,827392653,robot_0,3.956,-4.133
1776818019,827406673,robot_3,4.619,0.083
1776818019,827419830,robot_2,-2.001,-4.663
1776818020,46921706,robot_4,-0.925,2.761
1776818020,46945644,robot_1,-1.344,4.271
1776818020,46954055,robot_0,3.956,-4.133
1776818020,46961405,robot_3,4.619,0.083
1776818020,46968271,robot_2,-2.000,-4.664
1776818020,266702683,robot_4,-0.909,2.785
1776818020,266733748,robot_1,-1.343,4.271
1776818020,266748057,robot_0,3.957,-4.132
1776818020,266761385,robot_3,4.619,0.083
1776818020,266772249,robot_2,-2.001,-4.663
1776818020,467267577,robot_4,-0.892,2.809
1776818020,467300007,robot_1,-1.343,4.271
1776818020,467317230,robot_0,3.957,-4.132
1776818020,467331380,robot_3,4.619,0.083
1776818020,467345595,robot_2,-2.000,-4.664
1776818020,685355166,robot_4,-0.866,2.844
1776818020,685374179,robot_1,-1.343,4.255
1776818020,685381335,robot_0,3.957,-4.132
1776818020,685387284,robot_3,4.619,0.083
1776818020,685393402,robot_2,-2.000,-4.664
1776818020,885689652,robot_4,-0.849,2.865
1776818020,885709163,robot_1,-1.342,4.188
1776818020,885716163,robot_0,3.958,-4.132
1776818020,885721623,robot_3,4.619,0.082
1776818020,885727063,robot_2,-2.000,-4.664
1776818021,86126955,robot_4,-0.829,2.892
1776818021,86149888,robot_1,-1.340,4.145
1776818021,86159181,robot_0,3.958,-4.131
1776818021,86166230,robot_3,4.619,0.082
1776818021,86173203,robot_2,-2.000,-4.663
1776818021,286257670,robot_4,-0.805,2.923
1776818021,286282249,robot_1,-1.338,4.098
1776818021,286293012,robot_0,3.958,-4.131
1776818021,286302106,robot_3,4.619,0.082
1776818021,286310826,robot_2,-2.001,-4.663
1776818021,486478210,robot_4,-0.789,2.944
1776818021,486497073,robot_1,-1.336,4.045
1776818021,486504605,robot_0,3.958,-4.130
1776818021,486510623,robot_3,4.619,0.081
1776818021,486516171,robot_2,-2.001,-4.663
1776818021,686592865,robot_4,-0.768,2.970
1776818021,686617678,robot_1,-1.334,4.005
1776818021,686628615,robot_0,3.958,-4.130
1776818021,686637240,robot_3,4.619,0.081
1776818021,686645357,robot_2,-2.001,-4.662
1776818021,905587839,robot_4,-0.741,3.007
1776818021,905605487,robot_1,-1.333,3.980
1776818021,905612362,robot_0,3.958,-4.129
1776818021,905618450,robot_3,4.619,0.081
1776818021,905624115,robot_2,-2.001,-4.662
1776818022,105614036,robot_4,-0.705,3.053
1776818022,105632770,robot_1,-1.333,3.980
1776818022,105639573,robot_0,3.958,-4.129
1776818022,105645574,robot_3,4.619,0.080
1776818022,105651249,robot_2,-2.001,-4.661
1776818022,325440738,robot_4,-0.673,3.095
1776818022,325460647,robot_1,-1.333,3.980
1776818022,325467621,robot_0,3.958,-4.129
1776818022,325474279,robot_3,4.619,0.080
1776818022,325481110,robot_2,-2.001,-4.661
1776818022,525676023,robot_4,-0.647,3.129
1776818022,525698037,robot_1,-1.333,3.980
1776818022,525705540,robot_0,3.957,-4.128
1776818022,525712186,robot_3,4.619,0.080
1776818022,525718862,robot_2,-2.001,-4.660
1776818022,726233409,robot_4,-0.604,3.186
1776818022,726258637,robot_1,-1.333,3.980
1776818022,726269096,robot_0,3.957,-4.128
1776818022,726279027,robot_3,4.619,0.080
1776818022,726287682,robot_2,-2.000,-4.661
1776818022,946305794,robot_4,-0.571,3.230
1776818022,946324990,robot_1,-1.334,3.979
1776818022,946332013,robot_0,3.957,-4.128
1776818022,946337843,robot_3,4.619,0.080
1776818022,946343028,robot_2,-1.963,-4.678
1776818023,167142823,robot_4,-0.541,3.272
1776818023,167169407,robot_1,-1.334,3.979
1776818023,167180757,robot_0,3.958,-4.129
1776818023,167189542,robot_3,4.618,0.080
1776818023,167199065,robot_2,-1.922,-4.695
1776818023,385551849,robot_4,-0.501,3.327
1776818023,385570449,robot_1,-1.334,3.979
1776818023,385577767,robot_0,3.958,-4.129
1776818023,385583510,robot_3,4.618,0.080
1776818023,385589262,robot_2,-1.877,-4.698
1776818023,586284707,robot_4,-0.476,3.359
1776818023,586316006,robot_1,-1.334,3.978
1776818023,586329503,robot_0,3.958,-4.130
1776818023,586340984,robot_3,4.618,0.080
1776818023,586351151,robot_2,-1.835,-4.698
1776818023,786539075,robot_4,-0.444,3.401
1776818023,786562275,robot_1,-1.334,3.978
1776818023,786571447,robot_0,3.958,-4.130
1776818023,786580038,robot_3,4.617,0.080
1776818023,786587953,robot_2,-1.792,-4.698
1776818024,6681821,robot_4,-0.396,3.462
1776818024,6727249,robot_1,-1.334,3.978
1776818024,6749964,robot_0,3.958,-4.131
1776818024,6768946,robot_3,4.617,0.080
1776818024,6786258,robot_2,-1.732,-4.695
1776818024,225744409,robot_4,-0.367,3.497
1776818024,225766637,robot_1,-1.334,3.978
1776818024,225775237,robot_0,3.958,-4.131
1776818024,225782388,robot_3,4.617,0.080
1776818024,225788896,robot_2,-1.653,-4.686
1776818024,425876354,robot_4,-0.341,3.530
1776818024,425895590,robot_1,-1.334,3.978
1776818024,425903026,robot_0,3.957,-4.132
1776818024,425908868,robot_3,4.616,0.080
1776818024,425920157,robot_2,-1.633,-4.673
1776818024,646601498,robot_4,-0.312,3.566
1776818024,646623879,robot_1,-1.334,3.978
1776818024,646632992,robot_0,3.957,-4.132
1776818024,646640688,robot_3,4.616,0.080
1776818024,646648315,robot_2,-1.626,-4.664
1776818024,866401135,robot_4,-0.285,3.601
1776818024,866422744,robot_1,-1.334,3.977
1776818024,866431314,robot_0,3.957,-4.132
1776818024,866439095,robot_3,4.616,0.080
1776818024,866445954,robot_2,-1.625,-4.663
1776818025,85333678,robot_4,-0.248,3.647
1776818025,85353154,robot_1,-1.333,3.977
1776818025,85360365,robot_0,3.957,-4.132
1776818025,85366217,robot_3,4.616,0.080
1776818025,85371669,robot_2,-1.625,-4.663
1776818025,286176108,robot_4,-0.219,3.685
1776818025,286196808,robot_1,-1.333,3.977
1776818025,286204516,robot_0,3.957,-4.132
1776818025,286210531,robot_3,4.616,0.080
1776818025,286216601,robot_2,-1.624,-4.663
1776818025,487584405,robot_4,-0.195,3.716
1776818025,487609087,robot_1,-1.333,3.977
1776818025,487619323,robot_0,3.957,-4.132
1776818025,487627853,robot_3,4.616,0.080
1776818025,487636010,robot_2,-1.624,-4.663
1776818025,706209558,robot_4,-0.175,3.741
1776818025,706226536,robot_1,-1.333,3.977
1776818025,706233018,robot_0,3.957,-4.131
1776818025,706239062,robot_3,4.616,0.081
1776818025,706244507,robot_2,-1.623,-4.663
1776818025,906294603,robot_4,-0.152,3.769
1776818025,906321259,robot_1,-1.332,3.977
1776818025,906333245,robot_0,3.957,-4.131
1776818025,906342733,robot_3,4.616,0.081
1776818025,906352042,robot_2,-1.623,-4.663
1776818026,125440383,robot_4,-0.121,3.806
1776818026,125459820,robot_1,-1.332,3.977
1776818026,125466868,robot_0,3.957,-4.130
1776818026,125472820,robot_3,4.616,0.081
1776818026,125478703,robot_2,-1.622,-4.663
1776818026,326003605,robot_4,-0.078,3.858
1776818026,326027849,robot_1,-1.332,3.977
1776818026,326038618,robot_0,3.957,-4.130
1776818026,326047675,robot_3,4.616,0.082
1776818026,326056154,robot_2,-1.622,-4.663
1776818026,546222688,robot_4,-0.044,3.899
1776818026,546247505,robot_1,-1.332,3.977
1776818026,546257265,robot_0,3.957,-4.129
1776818026,546265768,robot_3,4.616,0.082
1776818026,546273728,robot_2,-1.622,-4.663
1776818026,746752240,robot_4,-0.015,3.934
1776818026,746778232,robot_1,-1.332,3.977
1776818026,746789491,robot_0,3.957,-4.129
1776818026,746798513,robot_3,4.616,0.082
1776818026,746808132,robot_2,-1.623,-4.663
1776818026,966644210,robot_4,0.025,3.981
1776818026,966692465,robot_1,-1.332,3.977
1776818026,966722075,robot_0,3.957,-4.129
1776818026,966748556,robot_3,4.616,0.083
1776818026,966765112,robot_2,-1.623,-4.663
1776818027,168055830,robot_4,0.054,4.012
1776818027,168120045,robot_1,-1.331,3.977
1776818027,168138739,robot_0,3.956,-4.128
1776818027,168155949,robot_3,4.616,0.083
1776818027,168172228,robot_2,-1.623,-4.663
1776818027,386254895,robot_4,0.082,4.043
1776818027,386275204,robot_1,-1.331,3.977
1776818027,386283384,robot_0,3.956,-4.128
1776818027,386290553,robot_3,4.616,0.083
1776818027,386297181,robot_2,-1.624,-4.663
1776818027,586663010,robot_4,0.108,4.070
1776818027,586691610,robot_1,-1.331,3.977
1776818027,586705649,robot_0,3.955,-4.128
1776818027,586718096,robot_3,4.616,0.083
1776818027,586729597,robot_2,-1.624,-4.663
1776818027,787273729,robot_4,0.135,4.100
1776818027,787305387,robot_1,-1.331,3.977
1776818027,787321207,robot_0,3.955,-4.128
1776818027,787334667,robot_3,4.616,0.082
1776818027,787347138,robot_2,-1.625,-4.663
1776818028,6889411,robot_4,0.158,4.125
1776818028,6933393,robot_1,-1.331,3.978
1776818028,6950628,robot_0,3.954,-4.128
1776818028,6964772,robot_3,4.616,0.082
1776818028,6978052,robot_2,-1.625,-4.664
1776818028,226336113,robot_4,0.179,4.148
1776818028,226353184,robot_1,-1.331,3.978
1776818028,226360455,robot_0,3.954,-4.128
1776818028,226366080,robot_3,4.616,0.082
1776818028,226371612,robot_2,-1.625,-4.664
1776818028,446618690,robot_4,0.209,4.180
1776818028,446637817,robot_1,-1.331,3.978
1776818028,446644567,robot_0,3.954,-4.128
1776818028,446650360,robot_3,4.616,0.082
1776818028,446655510,robot_2,-1.625,-4.665
1776818028,647029254,robot_4,0.237,4.211
1776818028,647049658,robot_1,-1.331,3.979
1776818028,647057877,robot_0,3.953,-4.128
1776818028,647065044,robot_3,4.616,0.081
1776818028,647071300,robot_2,-1.625,-4.665
1776818028,867118263,robot_4,0.268,4.244
1776818028,867160578,robot_1,-1.331,3.979
1776818028,867180989,robot_0,3.953,-4.128
1776818028,867198925,robot_3,4.616,0.081
1776818028,867216089,robot_2,-1.625,-4.666
1776818029,67426196,robot_4,0.295,4.273
1776818029,67465604,robot_1,-1.331,3.979
1776818029,67485725,robot_0,3.954,-4.128
1776818029,67501615,robot_3,4.617,0.081
1776818029,67516923,robot_2,-1.625,-4.666
1776818029,285393122,robot_4,0.301,4.280
1776818029,285411106,robot_1,-1.331,3.979
1776818029,285419261,robot_0,3.954,-4.128
1776818029,285426765,robot_3,4.617,0.081
1776818029,285433523,robot_2,-1.625,-4.666
1776818029,488367007,robot_4,0.301,4.281
1776818029,488383373,robot_1,-1.331,3.979
1776818029,488390624,robot_0,3.955,-4.128
1776818029,488396160,robot_3,4.617,0.081
1776818029,488402121,robot_2,-1.625,-4.666
1776818029,706475101,robot_4,0.301,4.281
1776818029,706502103,robot_1,-1.331,3.979
1776818029,706514490,robot_0,3.955,-4.128
1776818029,706524636,robot_3,4.617,0.081
1776818029,706534791,robot_2,-1.628,-4.663
1776818029,925683756,robot_4,0.301,4.282
1776818029,925701833,robot_1,-1.331,3.980
1776818029,925709074,robot_0,3.956,-4.128
1776818029,925714543,robot_3,4.618,0.081
1776818029,925719905,robot_2,-1.628,-4.663
1776818030,126472988,robot_4,0.301,4.282
1776818030,126495405,robot_1,-1.331,3.980
1776818030,126504133,robot_0,3.956,-4.129
1776818030,126511634,robot_3,4.618,0.081
1776818030,126518615,robot_2,-1.627,-4.663
1776818030,347002581,robot_4,0.301,4.283
1776818030,347032170,robot_1,-1.332,3.980
1776818030,347041892,robot_0,3.957,-4.129
1776818030,347049967,robot_3,4.618,0.081
1776818030,347058722,robot_2,-1.627,-4.664
1776818030,547447092,robot_4,0.301,4.283
1776818030,547474153,robot_1,-1.332,3.980
1776818030,547484865,robot_0,3.957,-4.129
1776818030,547510510,robot_3,4.618,0.081
1776818030,547520038,robot_2,-1.627,-4.664
1776818030,766417937,robot_4,0.301,4.284
1776818030,766444373,robot_1,-1.332,3.980
1776818030,766458527,robot_0,3.957,-4.130
1776818030,766468597,robot_3,4.619,0.081
1776818030,766481745,robot_2,-1.626,-4.664
1776818030,966555401,robot_4,0.301,4.284
1776818030,966580636,robot_1,-1.333,3.980
1776818030,966590460,robot_0,3.957,-4.130
1776818030,966598378,robot_3,4.619,0.081
1776818030,966608097,robot_2,-1.626,-4.664
1776818031,186035988,robot_4,0.302,4.284
1776818031,186057357,robot_1,-1.333,3.980
1776818031,186066150,robot_0,3.957,-4.130
1776818031,186073479,robot_3,4.619,0.081
1776818031,186080590,robot_2,-1.625,-4.664
1776818031,405831401,robot_4,0.302,4.284
1776818031,405857068,robot_1,-1.333,3.980
1776818031,405868337,robot_0,3.957,-4.129
1776818031,405878944,robot_3,4.619,0.081
1776818031,405888343,robot_2,-1.625,-4.663
1776818031,625622129,robot_4,0.302,4.284
1776818031,625645133,robot_1,-1.333,3.980
1776818031,625654343,robot_0,3.957,-4.129
1776818031,625661476,robot_3,4.618,0.081
1776818031,625668905,robot_2,-1.625,-4.663
1776818031,826367597,robot_4,0.302,4.284
1776818031,826395436,robot_1,-1.333,3.980
1776818031,826409268,robot_0,3.956,-4.129
1776818031,826420192,robot_3,4.618,0.081
1776818031,826431907,robot_2,-1.624,-4.663
1776818032,26890378,robot_4,0.302,4.285
1776818032,26930057,robot_1,-1.332,3.980
1776818032,26944683,robot_0,3.956,-4.129
1776818032,26956563,robot_3,4.618,0.081
1776818032,26968802,robot_2,-1.624,-4.662
1776818032,227166063,robot_4,0.303,4.285
1776818032,227189874,robot_1,-1.332,3.980
1776818032,227200654,robot_0,3.955,-4.129
1776818032,227208973,robot_3,4.617,0.081
1776818032,227217374,robot_2,-1.624,-4.662
1776818032,445836835,robot_4,0.303,4.285
1776818032,445854927,robot_1,-1.332,3.980
1776818032,445862415,robot_0,3.955,-4.129
1776818032,445867899,robot_3,4.617,0.081
1776818032,445873300,robot_2,-1.624,-4.662
1776818032,665830001,robot_4,0.304,4.285
1776818032,665850765,robot_1,-1.331,3.979
1776818032,665858516,robot_0,3.954,-4.129
1776818032,665865224,robot_3,4.617,0.081
1776818032,665872059,robot_2,-1.624,-4.662
1776818032,866346756,robot_4,0.304,4.285
1776818032,866373344,robot_1,-1.331,3.979
1776818032,866385096,robot_0,3.954,-4.129
1776818032,866395029,robot_3,4.616,0.081
1776818032,866404720,robot_2,-1.624,-4.662
1776818033,85377645,robot_4,0.305,4.284
1776818033,85396890,robot_1,-1.331,3.979
1776818033,85403693,robot_0,3.953,-4.129
1776818033,85409390,robot_3,4.616,0.082
1776818033,85414975,robot_2,-1.624,-4.661
1776818033,285528310,robot_4,0.305,4.284
1776818033,285547715,robot_1,-1.331,3.978
1776818033,285554457,robot_0,3.953,-4.130
1776818033,285560635,robot_3,4.628,0.093
1776818033,285566041,robot_2,-1.624,-4.661
1776818033,486160413,robot_4,0.305,4.284
1776818033,486181154,robot_1,-1.331,3.978
1776818033,486187854,robot_0,3.953,-4.130
1776818033,486193634,robot_3,4.666,0.144
1776818033,486199613,robot_2,-1.624,-4.661
1776818033,706412109,robot_4,0.306,4.284
1776818033,706431573,robot_1,-1.331,3.978
1776818033,706440737,robot_0,3.953,-4.131
1776818033,706447538,robot_3,4.670,0.185
1776818033,706454322,robot_2,-1.624,-4.660
1776818033,925395594,robot_4,0.306,4.284
1776818033,925414825,robot_1,-1.331,3.978
1776818033,925422550,robot_0,3.953,-4.131
1776818033,925428307,robot_3,4.677,0.221
1776818033,925434524,robot_2,-1.625,-4.660
1776818034,126517693,robot_4,0.306,4.284
1776818034,126536641,robot_1,-1.331,3.978
1776818034,126544465,robot_0,3.953,-4.132
1776818034,126550190,robot_3,4.684,0.258
1776818034,126555699,robot_2,-1.625,-4.660
1776818034,346788877,robot_4,0.306,4.283
1776818034,346810326,robot_1,-1.331,3.979
1776818034,346818778,robot_0,3.953,-4.132
1776818034,346825951,robot_3,4.680,0.262
1776818034,346832837,robot_2,-1.625,-4.659
1776818034,565455813,robot_4,0.306,4.283
1776818034,565475441,robot_1,-1.331,3.979
1776818034,565482436,robot_0,3.953,-4.132
1776818034,565488425,robot_3,4.677,0.262
1776818034,565494225,robot_2,-1.626,-4.659
1776818034,767304248,robot_4,0.306,4.282
1776818034,767323656,robot_1,-1.332,3.979
1776818034,767332068,robot_0,3.953,-4.133
1776818034,767338976,robot_3,4.673,0.262
1776818034,767345868,robot_2,-1.626,-4.659
1776818034,985668929,robot_4,0.306,4.282
1776818034,985690993,robot_1,-1.332,3.979
1776818034,985697909,robot_0,3.953,-4.133
1776818034,985703410,robot_3,4.670,0.263
1776818034,985708595,robot_2,-1.625,-4.659
1776818035,185671723,robot_4,0.306,4.281
1776818035,185688940,robot_1,-1.332,3.979
1776818035,185696316,robot_0,3.953,-4.133
1776818035,185702140,robot_3,4.668,0.265
1776818035,185707365,robot_2,-1.625,-4.660
1776818035,386126969,robot_4,0.306,4.281
1776818035,386145710,robot_1,-1.332,3.979
1776818035,386152927,robot_0,3.954,-4.133
1776818035,386158307,robot_3,4.664,0.262
1776818035,386163946,robot_2,-1.625,-4.660
1776818035,605523918,robot_4,0.305,4.280
1776818035,605541808,robot_1,-1.333,3.979
1776818035,605549120,robot_0,3.954,-4.134
1776818035,605556173,robot_3,4.663,0.262
1776818035,605562614,robot_2,-1.625,-4.660
1776818035,805593057,robot_4,0.305,4.280
1776818035,805613064,robot_1,-1.333,3.979
1776818035,805619868,robot_0,3.955,-4.134
1776818035,805625252,robot_3,4.664,0.262
1776818035,805630712,robot_2,-1.624,-4.661
1776818036,5953416,robot_4,0.304,4.281
1776818036,5974812,robot_1,-1.333,3.979
1776818036,5982497,robot_0,3.955,-4.134
1776818036,5988443,robot_3,4.664,0.262
1776818036,5994205,robot_2,-1.624,-4.661
1776818036,206149704,robot_4,0.277,4.315
1776818036,206169048,robot_1,-1.334,3.979
1776818036,206176638,robot_0,3.956,-4.134
1776818036,206182949,robot_3,4.665,0.262
1776818036,206188498,robot_2,-1.624,-4.662
1776818036,406211375,robot_4,0.250,4.348
1776818036,406235346,robot_1,-1.334,3.978
1776818036,406245040,robot_0,3.956,-4.134
1776818036,406254054,robot_3,4.665,0.262
1776818036,406262905,robot_2,-1.625,-4.662
1776818036,626393962,robot_4,0.225,4.379
1776818036,626412840,robot_1,-1.334,3.978
1776818036,626419565,robot_0,3.956,-4.133
1776818036,626425623,robot_3,4.665,0.262
1776818036,626431167,robot_2,-1.625,-4.663
1776818036,826946513,robot_4,0.224,4.380
1776818036,826971952,robot_1,-1.334,3.978
1776818036,826983050,robot_0,3.957,-4.133
1776818036,826992787,robot_3,4.664,0.262
1776818036,827001859,robot_2,-1.625,-4.663
1776818037,28363816,robot_4,0.224,4.380
1776818037,28386790,robot_1,-1.334,3.977
1776818037,28394446,robot_0,3.957,-4.133
1776818037,28400842,robot_3,4.664,0.262
1776818037,28406838,robot_2,-1.625,-4.663
1776818037,245865826,robot_4,0.223,4.380
1776818037,245885960,robot_1,-1.334,3.977
1776818037,245893110,robot_0,3.957,-4.133
1776818037,245899163,robot_3,4.663,0.261
1776818037,245905153,robot_2,-1.625,-4.663
1776818037,467186553,robot_4,0.223,4.380
1776818037,467210485,robot_1,-1.323,3.978
1776818037,467220824,robot_0,3.956,-4.134
1776818037,467229059,robot_3,4.663,0.260
1776818037,467237105,robot_2,-1.625,-4.663
1776818037,667850427,robot_4,0.222,4.380
1776818037,667873007,robot_1,-1.252,3.986
1776818037,667882432,robot_0,3.956,-4.134
1776818037,667890115,robot_3,4.663,0.260
1776818037,667897847,robot_2,-1.625,-4.663
1776818037,886558497,robot_4,0.222,4.380
1776818037,886576998,robot_1,-1.200,3.992
1776818037,886583624,robot_0,3.955,-4.134
1776818037,886589278,robot_3,4.663,0.259
1776818037,886594749,robot_2,-1.626,-4.664
1776818038,105689287,robot_4,0.221,4.380
1776818038,105709083,robot_1,-1.141,3.998
1776818038,105716226,robot_0,3.955,-4.133
1776818038,105721718,robot_3,4.663,0.259
1776818038,105727177,robot_2,-1.626,-4.664
1776818038,326032276,robot_4,0.221,4.380
1776818038,326057631,robot_1,-1.071,4.004
1776818038,326068698,robot_0,3.954,-4.133
1776818038,326077884,robot_3,4.663,0.259
1776818038,326086351,robot_2,-1.627,-4.664
1776818038,527588995,robot_4,0.220,4.381
1776818038,527620369,robot_1,-1.031,4.006
1776818038,527628596,robot_0,3.954,-4.133
1776818038,527635339,robot_3,4.663,0.258
1776818038,527641425,robot_2,-1.627,-4.664
1776818038,745229551,robot_4,0.220,4.381
1776818038,745248015,robot_1,-0.995,4.007
1776818038,745263295,robot_0,3.953,-4.133
1776818038,745268887,robot_3,4.663,0.258
1776818038,745274630,robot_2,-1.628,-4.664
1776818038,947221293,robot_4,0.220,4.381
1776818038,947254353,robot_1,-0.962,4.008
1776818038,947263087,robot_0,3.953,-4.132
1776818038,947270403,robot_3,4.664,0.257
1776818038,947277132,robot_2,-1.628,-4.664
1776818039,166442401,robot_4,0.220,4.381
1776818039,166466267,robot_1,-0.918,4.010
1776818039,166476482,robot_0,3.953,-4.132
1776818039,166485020,robot_3,4.664,0.257
1776818039,166492715,robot_2,-1.629,-4.664
1776818039,386430610,robot_4,0.221,4.380
1776818039,386453115,robot_1,-0.878,4.012
1776818039,386462371,robot_0,3.953,-4.132
1776818039,386470372,robot_3,4.665,0.257
1776818039,386477479,robot_2,-1.629,-4.663
1776818039,586797622,robot_4,0.221,4.380
1776818039,586820095,robot_1,-0.840,4.013
1776818039,586830918,robot_0,3.953,-4.132
1776818039,586839407,robot_3,4.665,0.257
1776818039,586847033,robot_2,-1.629,-4.663
1776818039,806988591,robot_4,0.222,4.380
1776818039,807030180,robot_1,-0.795,4.015
1776818039,807047029,robot_0,3.953,-4.132
1776818039,807060008,robot_3,4.666,0.257
1776818039,807071809,robot_2,-1.629,-4.663
1776818040,26628765,robot_4,0.222,4.380
1776818040,26666791,robot_1,-0.716,4.018
1776818040,26683024,robot_0,3.953,-4.132
1776818040,26696476,robot_3,4.666,0.257
1776818040,26709073,robot_2,-1.629,-4.663
1776818040,245444454,robot_4,0.223,4.380
1776818040,245463823,robot_1,-0.659,4.020
1776818040,245471653,robot_0,3.954,-4.133
1776818040,245477799,robot_3,4.666,0.257
1776818040,245483011,robot_2,-1.629,-4.663
1776818040,446287054,robot_4,0.223,4.380
1776818040,446306299,robot_1,-0.620,4.021
1776818040,446313690,robot_0,3.954,-4.133
1776818040,446319922,robot_3,4.665,0.257
1776818040,446325213,robot_2,-1.629,-4.662
1776818040,647433996,robot_4,0.223,4.381
1776818040,647470627,robot_1,-0.584,4.023
1776818040,647483145,robot_0,3.955,-4.133
1776818040,647494242,robot_3,4.665,0.257
1776818040,647505149,robot_2,-1.630,-4.662
1776818040,865950771,robot_4,0.224,4.381
1776818040,866000813,robot_1,-0.540,4.024
1776818040,866018121,robot_0,3.955,-4.133
1776818040,866029959,robot_3,4.664,0.257
1776818040,866042154,robot_2,-1.630,-4.661
1776818041,66928092,robot_4,0.224,4.381
1776818041,66946764,robot_1,-0.493,4.026
1776818041,66954056,robot_0,3.956,-4.133
1776818041,66959267,robot_3,4.664,0.258
1776818041,66964904,robot_2,-1.629,-4.661
1776818041,267636599,robot_4,0.224,4.382
1776818041,267668796,robot_1,-0.433,4.029
1776818041,267685609,robot_0,3.956,-4.133
1776818041,267698921,robot_3,4.664,0.258
1776818041,267712279,robot_2,-1.629,-4.660
1776818041,485901024,robot_4,0.224,4.382
1776818041,485924191,robot_1,-0.386,4.030
1776818041,485932607,robot_0,3.956,-4.133
1776818041,485939161,robot_3,4.663,0.258
1776818041,485945069,robot_2,-1.629,-4.660
1776818041,686214991,robot_4,0.224,4.383
1776818041,686237499,robot_1,-0.349,4.032
1776818041,686246430,robot_0,3.956,-4.133
1776818041,686254103,robot_3,4.663,0.259
1776818041,686261897,robot_2,-1.629,-4.660
1776818041,906548171,robot_4,0.224,4.383
1776818041,906580337,robot_1,-0.312,4.033
1776818041,906596413,robot_0,3.956,-4.133
1776818041,906609951,robot_3,4.663,0.259
1776818041,906622373,robot_2,-1.629,-4.660
1776818042,126359264,robot_4,0.224,4.384
1776818042,126389131,robot_1,-0.310,4.033
1776818042,126404027,robot_0,3.956,-4.133
1776818042,126416236,robot_3,4.663,0.260
1776818042,126427547,robot_2,-1.629,-4.660
1776818042,326855921,robot_4,0.224,4.384
1776818042,326888312,robot_1,-0.310,4.034
1776818042,326903230,robot_0,3.956,-4.133
1776818042,326920398,robot_3,4.663,0.260
1776818042,326933544,robot_2,-1.629,-4.660
1776818042,546073476,robot_4,0.224,4.384
1776818042,546094742,robot_1,-0.310,4.034
1776818042,546102932,robot_0,3.955,-4.133
1776818042,546109144,robot_3,4.663,0.259
1776818042,546114879,robot_2,-1.628,-4.659
1776818042,746753284,robot_4,0.224,4.384
1776818042,746774438,robot_1,-0.310,4.034
1776818042,746783149,robot_0,3.955,-4.133
1776818042,746789963,robot_3,4.663,0.259
1776818042,746796252,robot_2,-1.628,-4.659
1776818042,966112931,robot_4,0.223,4.385
1776818042,966142139,robot_1,-0.310,4.034
1776818042,966149755,robot_0,3.954,-4.133
1776818042,966155820,robot_3,4.663,0.259
1776818042,966161675,robot_2,-1.628,-4.659
1776818043,186691964,robot_4,0.223,4.385
1776818043,186718406,robot_1,-0.309,4.035
1776818043,186731336,robot_0,3.954,-4.132
1776818043,186741561,robot_3,4.664,0.258
1776818043,186750869,robot_2,-1.627,-4.659
1776818043,405860868,robot_4,0.223,4.385
1776818043,405879460,robot_1,-0.309,4.035
1776818043,405886173,robot_0,3.953,-4.132
1776818043,405891953,robot_3,4.664,0.258
1776818043,405897403,robot_2,-1.627,-4.659
1776818043,606455348,robot_4,0.222,4.385
1776818043,606474325,robot_1,-0.309,4.035
1776818043,606482903,robot_0,3.953,-4.132
1776818043,606489202,robot_3,4.665,0.258
1776818043,606495355,robot_2,-1.626,-4.659
1776818043,825266313,robot_4,0.222,4.385
1776818043,825284895,robot_1,-0.308,4.035
1776818043,825291514,robot_0,3.953,-4.131
1776818043,825297337,robot_3,4.665,0.258
1776818043,825302925,robot_2,-1.626,-4.659
1776818044,25956074,robot_4,0.221,4.385
1776818044,25975490,robot_1,-0.308,4.035
1776818044,25982906,robot_0,3.953,-4.131
1776818044,25989027,robot_3,4.666,0.258
1776818044,25995267,robot_2,-1.625,-4.659
1776818044,246051276,robot_4,0.221,4.385
1776818044,246073746,robot_1,-0.308,4.035
1776818044,246083417,robot_0,3.953,-4.131
1776818044,246091561,robot_3,4.666,0.258
1776818044,246099111,robot_2,-1.625,-4.660
1776818044,446236202,robot_4,0.220,4.385
1776818044,446254911,robot_1,-0.308,4.035
1776818044,446262489,robot_0,3.953,-4.131
1776818044,446268762,robot_3,4.666,0.258
1776818044,446274809,robot_2,-1.625,-4.660
1776818044,646449622,robot_4,0.220,4.385
1776818044,646468499,robot_1,-0.308,4.035
1776818044,646475767,robot_0,3.953,-4.131
1776818044,646481394,robot_3,4.667,0.258
1776818044,646486786,robot_2,-1.626,-4.659
1776818044,846703010,robot_4,0.220,4.385
1776818044,846728496,robot_1,-0.308,4.035
1776818044,846739927,robot_0,3.953,-4.132
1776818044,846749263,robot_3,4.663,0.255
1776818044,846757403,robot_2,-1.626,-4.659
1776818045,67644781,robot_4,0.220,4.385
1776818045,67682602,robot_1,-0.307,4.035
1776818045,67698881,robot_0,3.954,-4.132
1776818045,67713088,robot_3,4.664,0.255
1776818045,67726121,robot_2,-1.626,-4.659
1776818045,286408781,robot_4,0.220,4.384
1776818045,286427540,robot_1,-0.307,4.035
1776818045,286434981,robot_0,3.954,-4.132
1776818045,286441063,robot_3,4.664,0.255
1776818045,286447194,robot_2,-1.627,-4.659
1776818045,486610490,robot_4,0.220,4.384
1776818045,486632391,robot_1,-0.307,4.034
1776818045,486639148,robot_0,3.955,-4.132
1776818045,486645997,robot_3,4.665,0.255
1776818045,486653257,robot_2,-1.627,-4.659
1776818045,707116944,robot_4,0.220,4.383
1776818045,707138701,robot_1,-0.307,4.034
1776818045,707147747,robot_0,3.955,-4.132
1776818045,707155162,robot_3,4.665,0.256
1776818045,707162692,robot_2,-1.628,-4.660
1776818045,925860365,robot_4,0.219,4.383
1776818045,925887761,robot_1,-0.306,4.034
1776818045,925900419,robot_0,3.956,-4.132
1776818045,925910083,robot_3,4.665,0.256
1776818045,925931046,robot_2,-1.628,-4.660
1776818046,146123195,robot_4,0.219,4.382
1776818046,146150212,robot_1,-0.306,4.033
1776818046,146161982,robot_0,3.956,-4.132
1776818046,146171317,robot_3,4.665,0.256
1776818046,146180198,robot_2,-1.628,-4.660
1776818046,346285574,robot_4,0.220,4.382
1776818046,346304187,robot_1,-0.306,4.033
1776818046,346311034,robot_0,3.956,-4.132
1776818046,346317071,robot_3,4.665,0.256
1776818046,346322582,robot_2,-1.629,-4.661
1776818046,546707183,robot_4,0.220,4.382
1776818046,546725876,robot_1,-0.306,4.033
1776818046,546733421,robot_0,3.956,-4.132
1776818046,546739367,robot_3,4.665,0.257
1776818046,546744735,robot_2,-1.629,-4.661
1776818046,747082312,robot_4,0.220,4.381
1776818046,747105447,robot_1,-0.325,4.034
1776818046,747114726,robot_0,3.956,-4.132
1776818046,747122393,robot_3,4.665,0.257
1776818046,747129652,robot_2,-1.629,-4.661
1776818046,966413627,robot_4,0.220,4.381
1776818046,966437973,robot_1,-0.358,4.035
1776818046,966448150,robot_0,3.956,-4.132
1776818046,966456295,robot_3,4.662,0.257
1776818046,966465364,robot_2,-1.629,-4.662
1776818047,186565064,robot_4,0.220,4.381
1776818047,186597144,robot_1,-0.402,4.036
1776818047,186612040,robot_0,3.956,-4.132
1776818047,186624334,robot_3,4.660,0.256
1776818047,186636341,robot_2,-1.629,-4.662
1776818047,405314707,robot_4,0.220,4.381
1776818047,405332945,robot_1,-0.458,4.037
1776818047,405340029,robot_0,3.955,-4.132
1776818047,405345446,robot_3,4.659,0.255
1776818047,405350827,robot_2,-1.628,-4.663
1776818047,606044461,robot_4,0.220,4.381
1776818047,606064839,robot_1,-0.503,4.040
1776818047,606071943,robot_0,3.954,-4.132
1776818047,606078269,robot_3,4.659,0.254
1776818047,606089387,robot_2,-1.628,-4.663
1776818047,806339394,robot_4,0.220,4.382
1776818047,806362374,robot_1,-0.544,4.044
1776818047,806371519,robot_0,3.954,-4.132
1776818047,806379155,robot_3,4.658,0.253
1776818047,806386527,robot_2,-1.628,-4.663
1776818048,26874878,robot_4,0.220,4.382
1776818048,26895844,robot_1,-0.625,4.052
1776818048,26903008,robot_0,3.954,-4.131
1776818048,26908659,robot_3,4.658,0.252
1776818048,26919886,robot_2,-1.628,-4.663
1776818048,246566100,robot_4,0.220,4.383
1776818048,246587903,robot_1,-0.684,4.057
1776818048,246596112,robot_0,3.953,-4.131
1776818048,246603880,robot_3,4.657,0.252
1776818048,246611458,robot_2,-1.628,-4.663
1776818048,446625461,robot_4,0.220,4.383
1776818048,446645015,robot_1,-0.723,4.061
1776818048,446651983,robot_0,3.953,-4.131
1776818048,446657614,robot_3,4.657,0.252
1776818048,446662900,robot_2,-1.628,-4.663
1776818048,666322934,robot_4,0.220,4.384
1776818048,666344289,robot_1,-0.764,4.066
1776818048,666352603,robot_0,3.953,-4.130
1776818048,666360381,robot_3,4.657,0.252
1776818048,666367982,robot_2,-1.628,-4.662
1776818048,885500576,robot_4,0.220,4.384
1776818048,885520455,robot_1,-0.807,4.073
1776818048,885527590,robot_0,3.953,-4.130
1776818048,885533509,robot_3,4.657,0.252
1776818048,885538794,robot_2,-1.628,-4.662
1776818049,87185479,robot_4,0.221,4.385
1776818049,87211343,robot_1,-0.838,4.078
1776818049,87223293,robot_0,3.953,-4.130
1776818049,87232556,robot_3,4.657,0.252
1776818049,87241840,robot_2,-1.628,-4.661
1776818049,305404216,robot_4,0.221,4.385
1776818049,305422227,robot_1,-0.864,4.082
1776818049,305429279,robot_0,3.952,-4.130
1776818049,305435794,robot_3,4.656,0.252
1776818049,305441166,robot_2,-1.628,-4.661
1776818049,505918447,robot_4,0.221,4.385
1776818049,505939890,robot_1,-0.903,4.089
1776818049,505946843,robot_0,3.952,-4.130
1776818049,505952762,robot_3,4.656,0.251
1776818049,505958694,robot_2,-1.628,-4.660
1776818049,726288085,robot_4,0.221,4.385
1776818049,726306705,robot_1,-0.955,4.098
1776818049,726313475,robot_0,3.952,-4.129
1776818049,726318753,robot_3,4.656,0.251
1776818049,726323942,robot_2,-1.628,-4.660
1776818049,945970635,robot_4,0.221,4.385
1776818049,945990355,robot_1,-1.007,4.105
1776818049,945997984,robot_0,3.952,-4.129
1776818049,946004017,robot_3,4.656,0.250
1776818049,946010243,robot_2,-1.627,-4.660
1776818050,165431104,robot_4,0.222,4.385
1776818050,165449215,robot_1,-1.051,4.110
1776818050,165456043,robot_0,3.953,-4.128
1776818050,165462009,robot_3,4.656,0.250
1776818050,165467481,robot_2,-1.627,-4.660
1776818050,365923891,robot_4,0.222,4.385
1776818050,365943734,robot_1,-1.075,4.112
1776818050,365950998,robot_0,3.953,-4.128
1776818050,365957001,robot_3,4.656,0.249
1776818050,365962496,robot_2,-1.627,-4.660
1776818050,567469583,robot_4,0.223,4.385
1776818050,567506614,robot_1,-1.103,4.114
1776818050,567522099,robot_0,3.953,-4.127
1776818050,567535102,robot_3,4.656,0.249
1776818050,567546730,robot_2,-1.627,-4.660
1776818050,785726456,robot_4,0.223,4.385
1776818050,785749288,robot_1,-1.147,4.116
1776818050,785758742,robot_0,3.954,-4.127
1776818050,785766909,robot_3,4.656,0.249
1776818050,785774318,robot_2,-1.628,-4.660
1776818050,986102951,robot_4,0.224,4.385
1776818050,986129998,robot_1,-1.206,4.119
1776818050,986138698,robot_0,3.954,-4.127
1776818050,986144564,robot_3,4.656,0.249
1776818050,986149857,robot_2,-1.628,-4.660
1776818051,186279223,robot_4,0.224,4.385
1776818051,186301179,robot_1,-1.256,4.122
1776818051,186310192,robot_0,3.954,-4.126
1776818051,186317259,robot_3,4.656,0.250
1776818051,186324579,robot_2,-1.628,-4.661
1776818051,405369735,robot_4,0.225,4.384
1776818051,405386333,robot_1,-1.299,4.124
1776818051,405392876,robot_0,3.954,-4.126
1776818051,405398478,robot_3,4.656,0.250
1776818051,405404450,robot_2,-1.628,-4.661
1776818051,606435270,robot_4,0.225,4.384
1776818051,606454745,robot_1,-1.333,4.126
1776818051,606462465,robot_0,3.954,-4.126
1776818051,606469768,robot_3,4.656,0.251
1776818051,606476312,robot_2,-1.628,-4.662
1776818051,806558646,robot_4,0.210,4.375
1776818051,806578622,robot_1,-1.350,4.127
1776818051,806586655,robot_0,3.954,-4.127
1776818051,806593420,robot_3,4.656,0.251
1776818051,806599579,robot_2,-1.628,-4.662
1776818052,25923133,robot_4,0.176,4.354
1776818052,25948003,robot_1,-1.350,4.126
1776818052,25958174,robot_0,3.954,-4.127
1776818052,25967075,robot_3,4.657,0.251
1776818052,25975146,robot_2,-1.628,-4.662
1776818052,246640529,robot_4,0.138,4.331
1776818052,246677314,robot_1,-1.350,4.126
1776818052,246698599,robot_0,3.953,-4.127
1776818052,246716507,robot_3,4.657,0.252
1776818052,246733567,robot_2,-1.627,-4.663
1776818052,466621195,robot_4,0.102,4.310
1776818052,466647438,robot_1,-1.350,4.126
1776818052,466658576,robot_0,3.953,-4.128
1776818052,466669453,robot_3,4.657,0.252
1776818052,466678931,robot_2,-1.627,-4.663
1776818052,685507035,robot_4,0.065,4.289
1776818052,685525167,robot_1,-1.350,4.125
1776818052,685532316,robot_0,3.953,-4.128
1776818052,685537891,robot_3,4.658,0.252
1776818052,685543488,robot_2,-1.627,-4.663
1776818052,886337138,robot_4,0.030,4.271
1776818052,886356723,robot_1,-1.351,4.125
1776818052,886363942,robot_0,3.953,-4.129
1776818052,886369556,robot_3,4.658,0.252
1776818052,886375023,robot_2,-1.627,-4.663
1776818053,108030911,robot_4,-0.009,4.251
1776818053,108058044,robot_1,-1.351,4.125
1776818053,108066460,robot_0,3.953,-4.129
1776818053,108072765,robot_3,4.658,0.252
1776818053,108079007,robot_2,-1.627,-4.663
1776818053,326552813,robot_4,-0.047,4.230
1776818053,326571963,robot_1,-1.351,4.125
1776818053,326579220,robot_0,3.953,-4.130
1776818053,326586130,robot_3,4.658,0.252
1776818053,326592091,robot_2,-1.627,-4.663
1776818053,545841646,robot_4,-0.087,4.210
1776818053,545863835,robot_1,-1.352,4.125
1776818053,545871113,robot_0,3.953,-4.130
1776818053,545877293,robot_3,4.658,0.252
1776818053,545883911,robot_2,-1.626,-4.663
1776818053,747016343,robot_4,-0.124,4.190
1776818053,747045626,robot_1,-1.352,4.125
1776818053,747058142,robot_0,3.953,-4.130
1776818053,747067612,robot_3,4.657,0.252
1776818053,747077414,robot_2,-1.626,-4.664
1776818053,965594209,robot_4,-0.164,4.170
1776818053,965614118,robot_1,-1.352,4.125
1776818053,965621192,robot_0,3.953,-4.130
1776818053,965627168,robot_3,4.657,0.251
1776818053,965633561,robot_2,-1.625,-4.663
1776818054,166149919,robot_4,-0.208,4.146
1776818054,166180312,robot_1,-1.352,4.125
1776818054,166194876,robot_0,3.953,-4.130
1776818054,166208419,robot_3,4.657,0.251
1776818054,166220739,robot_2,-1.625,-4.663
1776818054,366590895,robot_4,-0.275,4.111
1776818054,366618190,robot_1,-1.352,4.125
1776818054,366629488,robot_0,3.953,-4.130
1776818054,366638689,robot_3,4.657,0.251
1776818054,366647584,robot_2,-1.624,-4.663
1776818054,585495496,robot_4,-0.321,4.087
1776818054,585513333,robot_1,-1.352,4.125
1776818054,585521543,robot_0,3.953,-4.129
1776818054,585528620,robot_3,4.657,0.250
1776818054,585534838,robot_2,-1.624,-4.663
1776818054,785618932,robot_4,-0.368,4.062
1776818054,785636878,robot_1,-1.351,4.125
1776818054,785644707,robot_0,3.953,-4.129
1776818054,785650662,robot_3,4.657,0.250
1776818054,785656529,robot_2,-1.624,-4.663
1776818054,985922645,robot_4,-0.429,4.029
1776818054,985947927,robot_1,-1.351,4.125
1776818054,985955324,robot_0,3.953,-4.128
1776818054,985961155,robot_3,4.657,0.249
1776818054,985967353,robot_2,-1.624,-4.663
1776818055,185918260,robot_4,-0.466,4.008
1776818055,185935394,robot_1,-1.351,4.126
1776818055,185942432,robot_0,3.954,-4.128
1776818055,185949218,robot_3,4.657,0.249
1776818055,185955738,robot_2,-1.624,-4.663
1776818055,386104771,robot_4,-0.502,3.987
1776818055,386125595,robot_1,-1.351,4.126
1776818055,386133549,robot_0,3.954,-4.127
1776818055,386141261,robot_3,4.657,0.248
1776818055,386147987,robot_2,-1.624,-4.663
1776818055,586467427,robot_4,-0.540,3.965
1776818055,586487611,robot_1,-1.351,4.126
1776818055,586497077,robot_0,3.954,-4.127
1776818055,586504153,robot_3,4.657,0.248
1776818055,586511574,robot_2,-1.624,-4.662
1776818055,806007716,robot_4,-0.578,3.943
1776818055,806031295,robot_1,-1.351,4.127
1776818055,806042509,robot_0,3.955,-4.127
1776818055,806051851,robot_3,4.658,0.248
1776818055,806060898,robot_2,-1.623,-4.662
1776818056,25638142,robot_4,-0.634,3.911
1776818056,25658464,robot_1,-1.351,4.127
1776818056,25666114,robot_0,3.955,-4.126
1776818056,25672236,robot_3,4.658,0.248
1776818056,25678047,robot_2,-1.623,-4.661
1776818056,246554073,robot_4,-0.700,3.873
1776818056,246573768,robot_1,-1.351,4.127
1776818056,246583119,robot_0,3.955,-4.126
1776818056,246588572,robot_3,4.659,0.248
1776818056,246594155,robot_2,-1.623,-4.661
1776818056,466094764,robot_4,-0.738,3.851
1776818056,466116352,robot_1,-1.351,4.128
1776818056,466125420,robot_0,3.955,-4.126
1776818056,466132805,robot_3,4.659,0.248
1776818056,466139341,robot_2,-1.623,-4.660
1776818056,685967607,robot_4,-0.783,3.825
1776818056,685998464,robot_1,-1.351,4.128
1776818056,686012549,robot_0,3.955,-4.126
1776818056,686025068,robot_3,4.659,0.248
1776818056,686036712,robot_2,-1.624,-4.660
1776818056,886550690,robot_4,-0.821,3.803
1776818056,886570188,robot_1,-1.351,4.128
1776818056,886577519,robot_0,3.955,-4.127
1776818056,886582959,robot_3,4.659,0.248
1776818056,886588520,robot_2,-1.624,-4.660
1776818057,87472746,robot_4,-0.856,3.783
1776818057,87505277,robot_1,-1.352,4.128
1776818057,87519908,robot_0,3.954,-4.127
1776818057,87532529,robot_3,4.660,0.248
1776818057,87544000,robot_2,-1.624,-4.659
1776818057,305748834,robot_4,-0.877,3.768
1776818057,305768809,robot_1,-1.356,4.128
1776818057,305776852,robot_0,3.954,-4.128
1776818057,305783779,robot_3,4.660,0.248
1776818057,305790654,robot_2,-1.624,-4.659
1776818057,506155921,robot_4,-0.902,3.744
1776818057,506177278,robot_1,-1.370,4.132
1776818057,506183986,robot_0,3.954,-4.128
1776818057,506190134,robot_3,4.660,0.248
1776818057,506196197,robot_2,-1.624,-4.659
1776818057,725193500,robot_4,-0.944,3.720
1776818057,725212359,robot_1,-1.371,4.131
1776818057,725219306,robot_0,3.954,-4.128
1776818057,725224796,robot_3,4.661,0.248
1776818057,725230327,robot_2,-1.624,-4.659
1776818057,926050719,robot_4,-1.003,3.686
1776818057,926069887,robot_1,-1.372,4.128
1776818057,926077066,robot_0,3.954,-4.129
1776818057,926082912,robot_3,4.661,0.249
1776818057,926088503,robot_2,-1.624,-4.659
1776818058,126242635,robot_4,-1.047,3.661
1776818058,126263277,robot_1,-1.373,4.124
1776818058,126270310,robot_0,3.954,-4.129
1776818058,126276483,robot_3,4.661,0.249
1776818058,126282603,robot_2,-1.624,-4.660
1776818058,346048175,robot_4,-1.090,3.636
1776818058,346067154,robot_1,-1.376,4.121
1776818058,346074921,robot_0,3.954,-4.130
1776818058,346081915,robot_3,4.661,0.250
1776818058,346087912,robot_2,-1.624,-4.660
1776818058,565596594,robot_4,-1.150,3.602
1776818058,565616891,robot_1,-1.378,4.118
1776818058,565625099,robot_0,3.954,-4.130
1776818058,565631874,robot_3,4.661,0.250
1776818058,565638758,robot_2,-1.624,-4.661
1776818058,785373201,robot_4,-1.191,3.578
1776818058,785391434,robot_1,-1.382,4.116
1776818058,785397382,robot_0,3.954,-4.130
1776818058,785403064,robot_3,4.661,0.250
1776818058,785408456,robot_2,-1.624,-4.661
1776818058,986682850,robot_4,-1.238,3.552
1776818058,986701677,robot_1,-1.385,4.115
1776818058,986708209,robot_0,3.954,-4.130
1776818058,986714414,robot_3,4.661,0.251
1776818058,986720406,robot_2,-1.624,-4.662
1776818059,205643914,robot_4,-1.308,3.511
1776818059,205662783,robot_1,-1.389,4.115
1776818059,205670149,robot_0,3.954,-4.129
1776818059,205676633,robot_3,4.661,0.251
1776818059,205682400,robot_2,-1.624,-4.662
1776818059,426423591,robot_4,-1.322,3.502
1776818059,426440828,robot_1,-1.392,4.115
1776818059,426447093,robot_0,3.954,-4.129
1776818059,426452234,robot_3,4.661,0.251
1776818059,426457751,robot_2,-1.624,-4.663
1776818059,646641836,robot_4,-1.307,3.512
1776818059,646672402,robot_1,-1.393,4.115
1776818059,646690160,robot_0,3.954,-4.128
1776818059,646704601,robot_3,4.661,0.251
1776818059,646717572,robot_2,-1.624,-4.663
1776818059,866498098,robot_4,-1.294,3.526
1776818059,866519241,robot_1,-1.391,4.114
1776818059,866527805,robot_0,3.954,-4.128
1776818059,866534594,robot_3,4.661,0.251
1776818059,866541832,robot_2,-1.624,-4.663
1776818060,85586430,robot_4,-1.288,3.545
1776818060,85604252,robot_1,-1.389,4.114
1776818060,85610560,robot_0,3.955,-4.127
1776818060,85616473,robot_3,4.661,0.252
1776818060,85621925,robot_2,-1.624,-4.663
1776818060,305687967,robot_4,-1.284,3.548
1776818060,305711550,robot_1,-1.388,4.115
1776818060,305717894,robot_0,3.955,-4.127
1776818060,305724157,robot_3,4.660,0.252
1776818060,305730077,robot_2,-1.625,-4.663
1776818060,506860100,robot_4,-1.281,3.547
1776818060,506881944,robot_1,-1.387,4.115
1776818060,506890482,robot_0,3.955,-4.127
1776818060,506897255,robot_3,4.660,0.252
1776818060,506903954,robot_2,-1.625,-4.663
1776818060,726035343,robot_4,-1.278,3.545
1776818060,726058896,robot_1,-1.388,4.115
1776818060,726069736,robot_0,3.956,-4.126
1776818060,726078441,robot_3,4.659,0.252
1776818060,726087211,robot_2,-1.626,-4.664
1776818060,926435855,robot_4,-1.276,3.543
1776818060,926455653,robot_1,-1.388,4.116
1776818060,926463280,robot_0,3.956,-4.126
1776818060,926469768,robot_3,4.659,0.252
1776818060,926475878,robot_2,-1.626,-4.664
1776818061,145581358,robot_4,-1.275,3.540
1776818061,145600994,robot_1,-1.388,4.116
1776818061,145608878,robot_0,3.956,-4.126
1776818061,145616083,robot_3,4.658,0.252
1776818061,145623730,robot_2,-1.627,-4.664
1776818061,346442585,robot_4,-1.272,3.541
1776818061,346460601,robot_1,-1.401,4.125
1776818061,346467424,robot_0,3.956,-4.126
1776818061,346474007,robot_3,4.658,0.252
1776818061,346480478,robot_2,-1.627,-4.664
1776818061,567223283,robot_4,-1.272,3.541
1776818061,567240344,robot_1,-1.426,4.136
1776818061,567247608,robot_0,3.956,-4.126
1776818061,567253830,robot_3,4.658,0.252
1776818061,567260225,robot_2,-1.628,-4.663
1776818061,767535267,robot_4,-1.267,3.535
1776818061,767562830,robot_1,-1.455,4.144
1776818061,767576988,robot_0,3.955,-4.127
1776818061,767588855,robot_3,4.658,0.252
1776818061,767600390,robot_2,-1.628,-4.663
1776818061,987245395,robot_4,-1.264,3.533
1776818061,987272543,robot_1,-1.467,4.145
1776818061,987283582,robot_0,3.955,-4.127
1776818061,987292323,robot_3,4.658,0.252
1776818061,987301034,robot_2,-1.628,-4.663
1776818062,206088919,robot_4,-1.263,3.533
1776818062,206114128,robot_1,-1.467,4.145
1776818062,206124758,robot_0,3.955,-4.128
1776818062,206133132,robot_3,4.657,0.252
1776818062,206141741,robot_2,-1.628,-4.663
1776818062,425796763,robot_4,-1.262,3.533
1776818062,425818890,robot_1,-1.468,4.145
1776818062,425826875,robot_0,3.955,-4.128
1776818062,425833575,robot_3,4.657,0.252
1776818062,425840496,robot_2,-1.628,-4.663
1776818062,626366303,robot_4,-1.262,3.533
1776818062,626387676,robot_1,-1.468,4.145
1776818062,626396268,robot_0,3.955,-4.129
1776818062,626402910,robot_3,4.657,0.251
1776818062,626410097,robot_2,-1.628,-4.663
1776818062,846869358,robot_4,-1.261,3.534
1776818062,846891506,robot_1,-1.469,4.144
1776818062,846899548,robot_0,3.955,-4.129
1776818062,846907480,robot_3,4.657,0.251
1776818062,846922764,robot_2,-1.629,-4.662
1776818063,66697051,robot_4,-1.261,3.534
1776818063,66725576,robot_1,-1.469,4.144
1776818063,66737640,robot_0,3.955,-4.130
1776818063,66746942,robot_3,4.657,0.250
1776818063,66756033,robot_2,-1.629,-4.662
1776818063,285915994,robot_4,-1.261,3.535
1776818063,285934412,robot_1,-1.469,4.144
1776818063,285941226,robot_0,3.955,-4.130
1776818063,285947311,robot_3,4.657,0.250
1776818063,285953400,robot_2,-1.629,-4.661
1776818063,486367226,robot_4,-1.261,3.535
1776818063,486387623,robot_1,-1.469,4.144
1776818063,486396806,robot_0,3.955,-4.130
1776818063,486404933,robot_3,4.657,0.249
1776818063,486411405,robot_2,-1.629,-4.661
1776818063,686447692,robot_4,-1.261,3.536
1776818063,686468629,robot_1,-1.469,4.144
1776818063,686478507,robot_0,3.955,-4.130
1776818063,686487307,robot_3,4.657,0.249
1776818063,686496046,robot_2,-1.629,-4.660
1776818063,905212554,robot_4,-1.262,3.536
1776818063,905231104,robot_1,-1.469,4.144
1776818063,905237448,robot_0,3.955,-4.130
1776818063,905242967,robot_3,4.657,0.249
1776818063,905248361,robot_2,-1.628,-4.660
1776818064,105442320,robot_4,-1.262,3.536
1776818064,105461364,robot_1,-1.468,4.144
1776818064,105467680,robot_0,3.955,-4.129
1776818064,105473489,robot_3,4.657,0.249
1776818064,105479185,robot_2,-1.628,-4.659
1776818064,305806201,robot_4,-1.263,3.536
1776818064,305822506,robot_1,-1.468,4.145
1776818064,305829206,robot_0,3.955,-4.129
1776818064,305838024,robot_3,4.657,0.250
1776818064,305844290,robot_2,-1.628,-4.659
1776818064,506725678,robot_4,-1.263,3.536
1776818064,506745193,robot_1,-1.467,4.145
1776818064,506752168,robot_0,3.955,-4.128
1776818064,506758013,robot_3,4.657,0.250
1776818064,506763698,robot_2,-1.628,-4.659
1776818064,726237443,robot_4,-1.263,3.536
1776818064,726260491,robot_1,-1.467,4.145
1776818064,726270185,robot_0,3.955,-4.128
1776818064,726278168,robot_3,4.657,0.251
1776818064,726285806,robot_2,-1.628,-4.659
1776818064,946438750,robot_4,-1.264,3.536
1776818064,946467576,robot_1,-1.466,4.145
1776818064,946479734,robot_0,3.955,-4.127
1776818064,946489028,robot_3,4.657,0.251
1776818064,946498718,robot_2,-1.628,-4.659
1776818065,167018329,robot_4,-1.264,3.536
1776818065,167039279,robot_1,-1.466,4.144
1776818065,167047856,robot_0,3.956,-4.127
1776818065,167054912,robot_3,4.657,0.251
1776818065,167062018,robot_2,-1.628,-4.659
1776818065,386564568,robot_4,-1.264,3.536
1776818065,386586744,robot_1,-1.465,4.144
1776818065,386595802,robot_0,3.956,-4.126
1776818065,386603329,robot_3,4.658,0.252
1776818065,386610840,robot_2,-1.627,-4.659
1776818065,586808302,robot_4,-1.264,3.536
1776818065,586831438,robot_1,-1.465,4.144
1776818065,586842390,robot_0,3.957,-4.126
1776818065,586850121,robot_3,4.658,0.252
1776818065,586857975,robot_2,-1.627,-4.658
1776818065,806150243,robot_4,-1.263,3.536
1776818065,806166842,robot_1,-1.465,4.144
1776818065,806173582,robot_0,3.957,-4.126
1776818065,806179010,robot_3,4.659,0.252
1776818065,806183912,robot_2,-1.626,-4.658
1776818066,6200228,robot_4,-1.263,3.536
1776818066,6222089,robot_1,-1.466,4.144
1776818066,6230063,robot_0,3.957,-4.126
1776818066,6237207,robot_3,4.659,0.252
1776818066,6245819,robot_2,-1.626,-4.659
1776818066,226195654,robot_4,-1.262,3.536
1776818066,226216210,robot_1,-1.466,4.144
1776818066,226224585,robot_0,3.957,-4.126
1776818066,226231389,robot_3,4.659,0.252
1776818066,226238256,robot_2,-1.625,-4.659
1776818066,445206401,robot_4,-1.262,3.536
1776818066,445225650,robot_1,-1.467,4.144
1776818066,445232740,robot_0,3.956,-4.126
1776818066,445238741,robot_3,4.659,0.252
1776818066,445245370,robot_2,-1.625,-4.659
1776818066,645251946,robot_4,-1.261,3.535
1776818066,645271099,robot_1,-1.467,4.144
1776818066,645277456,robot_0,3.956,-4.127
1776818066,645283397,robot_3,4.658,0.252
1776818066,645289080,robot_2,-1.624,-4.659
1776818066,846916826,robot_4,-1.261,3.535
1776818066,846938221,robot_1,-1.468,4.144
1776818066,846946505,robot_0,3.956,-4.127
1776818066,846953054,robot_3,4.658,0.252
1776818066,846959265,robot_2,-1.624,-4.660
1776818067,66782847,robot_4,-1.261,3.534
1776818067,66801283,robot_1,-1.468,4.144
1776818067,66808486,robot_0,3.956,-4.127
1776818067,66814074,robot_3,4.658,0.251
1776818067,66819563,robot_2,-1.624,-4.660
1776818067,286470750,robot_4,-1.261,3.534
1776818067,286490849,robot_1,-1.468,4.143
1776818067,286499492,robot_0,3.955,-4.128
1776818067,286506464,robot_3,4.658,0.251
1776818067,286513385,robot_2,-1.624,-4.660
1776818067,486796040,robot_4,-1.261,3.534
1776818067,486820909,robot_1,-1.468,4.143
1776818067,486830504,robot_0,3.955,-4.128
1776818067,486839012,robot_3,4.657,0.250
1776818067,486846344,robot_2,-1.624,-4.659
1776818067,687155241,robot_4,-1.261,3.534
1776818067,687176937,robot_1,-1.469,4.143
1776818067,687184606,robot_0,3.955,-4.129
1776818067,687191356,robot_3,4.657,0.250
1776818067,687198309,robot_2,-1.625,-4.659
1776818067,905255148,robot_4,-1.261,3.535
1776818067,905273074,robot_1,-1.469,4.142
1776818067,905279662,robot_0,3.956,-4.129
1776818067,905285133,robot_3,4.657,0.250
1776818067,905290262,robot_2,-1.625,-4.659
1776818068,105689129,robot_4,-1.261,3.535
1776818068,105708802,robot_1,-1.469,4.142
1776818068,105715373,robot_0,3.956,-4.130
1776818068,105720601,robot_3,4.658,0.249
1776818068,105726323,robot_2,-1.626,-4.659
1776818068,306306226,robot_4,-1.262,3.535
1776818068,306324855,robot_1,-1.468,4.141
1776818068,306332910,robot_0,3.956,-4.130
1776818068,306339933,robot_3,4.658,0.249
1776818068,306346735,robot_2,-1.626,-4.659
1776818068,506525059,robot_4,-1.262,3.535
1776818068,506559770,robot_1,-1.468,4.141
1776818068,506574969,robot_0,3.956,-4.130
1776818068,506588288,robot_3,4.658,0.248
1776818068,506601533,robot_2,-1.626,-4.659
1776818068,707416266,robot_4,-1.263,3.535
1776818068,707444203,robot_1,-1.468,4.141
1776818068,707457178,robot_0,3.956,-4.130
1776818068,707467211,robot_3,4.658,0.248
1776818068,707477146,robot_2,-1.627,-4.659
1776818068,925212901,robot_4,-1.263,3.535
1776818068,925230500,robot_1,-1.468,4.140
1776818068,925236636,robot_0,3.956,-4.129
1776818068,925242583,robot_3,4.659,0.248
1776818068,925248261,robot_2,-1.627,-4.659
1776818069,127082153,robot_4,-1.263,3.535
1776818069,127105274,robot_1,-1.467,4.140
1776818069,127112615,robot_0,3.956,-4.129
1776818069,127118499,robot_3,4.659,0.248
1776818069,127124551,robot_2,-1.627,-4.660
1776818069,347081584,robot_4,-1.264,3.535
1776818069,347132077,robot_1,-1.467,4.140
1776818069,347149499,robot_0,3.956,-4.128
1776818069,347168169,robot_3,4.660,0.248
1776818069,347181843,robot_2,-1.628,-4.660
1776818069,566373508,robot_4,-1.264,3.535
1776818069,566393738,robot_1,-1.467,4.140
1776818069,566400769,robot_0,3.956,-4.128
1776818069,566407339,robot_3,4.660,0.248
1776818069,566413837,robot_2,-1.628,-4.661
1776818069,766464894,robot_4,-1.265,3.534
1776818069,766484118,robot_1,-1.468,4.140
1776818069,766491613,robot_0,3.956,-4.127
1776818069,766497309,robot_3,4.660,0.248
1776818069,766503285,robot_2,-1.628,-4.661
1776818069,966905476,robot_4,-1.265,3.534
1776818069,966937323,robot_1,-1.468,4.141
1776818069,966947536,robot_0,3.956,-4.127
1776818069,966956718,robot_3,4.660,0.248
1776818069,966965949,robot_2,-1.628,-4.661
1776818070,186564334,robot_4,-1.265,3.534
1776818070,186591041,robot_1,-1.468,4.141
1776818070,186602893,robot_0,3.957,-4.126
1776818070,186613490,robot_3,4.660,0.248
1776818070,186624285,robot_2,-1.628,-4.662
1776818070,405301527,robot_4,-1.265,3.533
1776818070,405319398,robot_1,-1.468,4.142
1776818070,405326243,robot_0,3.957,-4.126
1776818070,405332108,robot_3,4.659,0.248
1776818070,405337647,robot_2,-1.628,-4.662
1776818070,605406238,robot_4,-1.265,3.533
1776818070,605425664,robot_1,-1.468,4.142
1776818070,605432949,robot_0,3.958,-4.126
1776818070,605439087,robot_3,4.659,0.248
1776818070,605444758,robot_2,-1.628,-4.663
1776818070,807243457,robot_4,-1.265,3.532
1776818070,807275994,robot_1,-1.468,4.143
1776818070,807290939,robot_0,3.963,-4.138
1776818070,807304165,robot_3,4.659,0.248
1776818070,807316528,robot_2,-1.627,-4.663
1776818071,26226675,robot_4,-1.265,3.532
1776818071,26245793,robot_1,-1.468,4.143
1776818071,26252516,robot_0,3.980,-4.178
1776818071,26257988,robot_3,4.658,0.249
1776818071,26263562,robot_2,-1.628,-4.663
1776818071,245508548,robot_4,-1.265,3.532
1776818071,245526939,robot_1,-1.468,4.144
1776818071,245533563,robot_0,3.997,-4.218
1776818071,245539079,robot_3,4.658,0.249
1776818071,245544383,robot_2,-1.628,-4.662
1776818071,447215929,robot_4,-1.265,3.532
1776818071,447240433,robot_1,-1.468,4.144
1776818071,447250525,robot_0,4.018,-4.268
1776818071,447258894,robot_3,4.658,0.249
1776818071,447267228,robot_2,-1.628,-4.662
1776818071,647910669,robot_4,-1.265,3.533
1776818071,647947356,robot_1,-1.468,4.144
1776818071,647961313,robot_0,4.042,-4.323
1776818071,647972483,robot_3,4.658,0.250
1776818071,647984255,robot_2,-1.628,-4.661
1776818071,865364662,robot_4,-1.265,3.533
1776818071,865383189,robot_1,-1.468,4.144
1776818071,865389498,robot_0,4.045,-4.331
1776818071,865394585,robot_3,4.658,0.250
1776818071,865399517,robot_2,-1.628,-4.661
1776818072,65490416,robot_4,-1.265,3.534
1776818072,65509764,robot_1,-1.468,4.143
1776818072,65516595,robot_0,4.045,-4.331
1776818072,65522252,robot_3,4.658,0.250
1776818072,65527902,robot_2,-1.627,-4.660
1776818072,266461623,robot_4,-1.264,3.534
1776818072,266490802,robot_1,-1.468,4.143
1776818072,266506451,robot_0,4.044,-4.332
1776818072,266519651,robot_3,4.658,0.250
1776818072,266531576,robot_2,-1.627,-4.660
1776818072,486601810,robot_4,-1.264,3.535
1776818072,486622802,robot_1,-1.468,4.142
1776818072,486630480,robot_0,4.044,-4.332
1776818072,486637061,robot_3,4.658,0.250
1776818072,486643279,robot_2,-1.627,-4.660
1776818072,706920193,robot_4,-1.264,3.535
1776818072,706959509,robot_1,-1.468,4.142
1776818072,706980775,robot_0,4.044,-4.333
1776818072,706998932,robot_3,4.658,0.250
1776818072,707013415,robot_2,-1.627,-4.659
1776818072,925510820,robot_4,-1.263,3.535
1776818072,925529622,robot_1,-1.468,4.141
1776818072,925536530,robot_0,4.044,-4.333
1776818072,925542622,robot_3,4.658,0.249
1776818072,925547953,robot_2,-1.626,-4.659
1776818073,125768064,robot_4,-1.262,3.532
1776818073,125789905,robot_1,-1.467,4.141
1776818073,125797419,robot_0,4.044,-4.334
1776818073,125804463,robot_3,4.659,0.249
1776818073,125811467,robot_2,-1.626,-4.659
1776818073,325890129,robot_4,-1.252,3.488
1776818073,325918884,robot_1,-1.467,4.141
1776818073,325933389,robot_0,4.044,-4.334
1776818073,325944058,robot_3,4.659,0.249
1776818073,325953520,robot_2,-1.626,-4.659
1776818073,545359291,robot_4,-1.243,3.442
1776818073,545379514,robot_1,-1.467,4.141
1776818073,545386662,robot_0,4.044,-4.334
1776818073,545392345,robot_3,4.659,0.248
1776818073,545397687,robot_2,-1.627,-4.659
1776818073,746143503,robot_4,-1.224,3.406
1776818073,746170490,robot_1,-1.466,4.140
1776818073,746181600,robot_0,4.044,-4.335
1776818073,746191289,robot_3,4.660,0.248
1776818073,746200291,robot_2,-1.627,-4.660
1776818073,946461536,robot_4,-1.196,3.374
1776818073,946485124,robot_1,-1.466,4.140
1776818073,946494866,robot_0,4.044,-4.335
1776818073,946502846,robot_3,4.660,0.248
1776818073,946510768,robot_2,-1.627,-4.660
1776818074,147252996,robot_4,-1.169,3.338
1776818074,147280736,robot_1,-1.466,4.140
1776818074,147292800,robot_0,4.044,-4.335
1776818074,147302991,robot_3,4.661,0.248
1776818074,147313448,robot_2,-1.627,-4.661
1776818074,347295511,robot_4,-1.148,3.306
1776818074,347327497,robot_1,-1.465,4.140
1776818074,347336749,robot_0,4.044,-4.335
1776818074,347344715,robot_3,4.661,0.249
1776818074,347352213,robot_2,-1.627,-4.661
1776818074,567017179,robot_4,-1.147,3.306
1776818074,567053177,robot_1,-1.465,4.140
1776818074,567067961,robot_0,4.044,-4.335
1776818074,567079321,robot_3,4.661,0.249
1776818074,567091063,robot_2,-1.627,-4.661
1776818074,767345146,robot_4,-1.148,3.306
1776818074,767375172,robot_1,-1.464,4.141
1776818074,767389908,robot_0,4.045,-4.336
1776818074,767401484,robot_3,4.662,0.249
1776818074,767413194,robot_2,-1.627,-4.662
1776818074,990712844,robot_4,-1.148,3.306
1776818074,990746071,robot_1,-1.464,4.141
1776818074,990760404,robot_0,4.045,-4.336
1776818074,990772543,robot_3,4.662,0.249
1776818074,990783430,robot_2,-1.627,-4.662
1776818075,206849922,robot_4,-1.148,3.306
1776818075,206871091,robot_1,-1.464,4.141
1776818075,206879106,robot_0,4.046,-4.336
1776818075,206886253,robot_3,4.662,0.250
1776818075,206892652,robot_2,-1.627,-4.663
1776818075,426135803,robot_4,-1.149,3.306
1776818075,426158308,robot_1,-1.464,4.141
1776818075,426166760,robot_0,4.046,-4.336
1776818075,426174369,robot_3,4.662,0.250
1776818075,426181682,robot_2,-1.627,-4.663
1776818075,645270826,robot_4,-1.147,3.319
1776818075,645288946,robot_1,-1.464,4.141
1776818075,645295619,robot_0,4.047,-4.336
1776818075,645301653,robot_3,4.662,0.251
1776818075,645307424,robot_2,-1.627,-4.663
1776818075,846979141,robot_4,-1.142,3.331
1776818075,847002438,robot_1,-1.464,4.141
1776818075,847012886,robot_0,4.047,-4.336
1776818075,847021315,robot_3,4.662,0.251
1776818075,847030379,robot_2,-1.627,-4.663
1776818076,66947302,robot_4,-1.142,3.333
1776818076,66972543,robot_1,-1.465,4.141
1776818076,66982864,robot_0,4.048,-4.336
1776818076,66991675,robot_3,4.662,0.251
1776818076,66999818,robot_2,-1.627,-4.662
1776818076,267582085,robot_4,-1.142,3.333
1776818076,267613046,robot_1,-1.465,4.141
1776818076,267627063,robot_0,4.048,-4.336
1776818076,267638714,robot_3,4.662,0.252
1776818076,267650387,robot_2,-1.627,-4.662
1776818076,485967089,robot_4,-1.142,3.332
1776818076,485986726,robot_1,-1.466,4.141
1776818076,485993371,robot_0,4.048,-4.336
1776818076,485999960,robot_3,4.662,0.252
1776818076,486005854,robot_2,-1.627,-4.661
1776818076,705441108,robot_4,-1.142,3.332
1776818076,705459900,robot_1,-1.466,4.141
1776818076,705466690,robot_0,4.048,-4.335
1776818076,705472525,robot_3,4.662,0.252
1776818076,705477871,robot_2,-1.627,-4.661
1776818076,905473609,robot_4,-1.142,3.332
1776818076,905493519,robot_1,-1.467,4.141
1776818076,905500312,robot_0,4.048,-4.335
1776818076,905506117,robot_3,4.662,0.253
1776818076,905512170,robot_2,-1.627,-4.660
1776818077,106025546,robot_4,-1.142,3.332
1776818077,106046901,robot_1,-1.467,4.141
1776818077,106054703,robot_0,4.048,-4.335
1776818077,106061172,robot_3,4.661,0.253
1776818077,106067209,robot_2,-1.627,-4.660
1776818077,306741176,robot_4,-1.142,3.332
1776818077,306759636,robot_1,-1.467,4.141
1776818077,306766440,robot_0,4.049,-4.334
1776818077,306771862,robot_3,4.661,0.253
1776818077,306777837,robot_2,-1.626,-4.660
1776818077,525618539,robot_4,-1.141,3.331
1776818077,525639346,robot_1,-1.467,4.142
1776818077,525646311,robot_0,4.049,-4.334
1776818077,525651993,robot_3,4.660,0.253
1776818077,525657583,robot_2,-1.626,-4.659
1776818077,727348350,robot_4,-1.141,3.331
1776818077,727375241,robot_1,-1.467,4.141
1776818077,727383566,robot_0,4.049,-4.333
1776818077,727390683,robot_3,4.660,0.253
1776818077,727398612,robot_2,-1.626,-4.659
1776818077,946608921,robot_4,-1.141,3.331
1776818077,946634013,robot_1,-1.467,4.141
1776818077,946643515,robot_0,4.049,-4.333
1776818077,946652474,robot_3,4.660,0.253
1776818077,946660531,robot_2,-1.626,-4.659
1776818078,146729810,robot_4,-1.140,3.331
1776818078,146758668,robot_1,-1.467,4.141
1776818078,146771999,robot_0,4.049,-4.333
1776818078,146782730,robot_3,4.660,0.253
1776818078,146792497,robot_2,-1.626,-4.659
1776818078,367576069,robot_4,-1.140,3.331
1776818078,367604944,robot_1,-1.466,4.141
1776818078,367619214,robot_0,4.048,-4.332
1776818078,367632021,robot_3,4.660,0.253
1776818078,367644582,robot_2,-1.626,-4.659
1776818078,587061298,robot_4,-1.139,3.331
1776818078,587083486,robot_1,-1.466,4.141
1776818078,587093306,robot_0,4.048,-4.332
1776818078,587101123,robot_3,4.659,0.253
1776818078,587108620,robot_2,-1.626,-4.659
1776818078,805692902,robot_4,-1.139,3.331
1776818078,805711580,robot_1,-1.465,4.141
1776818078,805719283,robot_0,4.048,-4.332
1776818078,805725510,robot_3,4.659,0.253
1776818078,805731396,robot_2,-1.626,-4.660
1776818079,6115431,robot_4,-1.139,3.331
1776818079,6136276,robot_1,-1.465,4.141
1776818079,6143002,robot_0,4.048,-4.332
1776818079,6149683,robot_3,4.659,0.253
1776818079,6155136,robot_2,-1.626,-4.660
1776818079,226339132,robot_4,-1.144,3.360
1776818079,226359536,robot_1,-1.465,4.142
1776818079,226366829,robot_0,4.048,-4.332
1776818079,226373194,robot_3,4.658,0.252
1776818079,226379380,robot_2,-1.626,-4.661
1776818079,446337690,robot_4,-1.155,3.433
1776818079,446361398,robot_1,-1.464,4.142
1776818079,446370510,robot_0,4.048,-4.333
1776818079,446378407,robot_3,4.658,0.252
1776818079,446385571,robot_2,-1.626,-4.661
1776818079,665590030,robot_4,-1.162,3.476
1776818079,665609317,robot_1,-1.464,4.142
1776818079,665615794,robot_0,4.049,-4.333
1776818079,665621387,robot_3,4.658,0.251
1776818079,665626514,robot_2,-1.626,-4.662
1776818079,866568484,robot_4,-1.166,3.507
1776818079,866596162,robot_1,-1.464,4.143
1776818079,866608962,robot_0,4.048,-4.334
1776818079,866620766,robot_3,4.658,0.251
1776818079,866632749,robot_2,-1.626,-4.662
1776818080,66938873,robot_4,-1.172,3.541
1776818080,66959972,robot_1,-1.464,4.143
1776818080,66968857,robot_0,4.048,-4.334
1776818080,66975308,robot_3,4.658,0.251
1776818080,66981734,robot_2,-1.626,-4.662
1776818080,266944329,robot_4,-1.177,3.580
1776818080,266975987,robot_1,-1.464,4.144
1776818080,266990360,robot_0,4.048,-4.335
1776818080,267002107,robot_3,4.658,0.250
1776818080,267013717,robot_2,-1.626,-4.662
1776818080,485702277,robot_4,-1.183,3.618
1776818080,485723846,robot_1,-1.464,4.144
1776818080,485730059,robot_0,4.048,-4.335
1776818080,485735604,robot_3,4.658,0.250
1776818080,485740698,robot_2,-1.626,-4.662
1776818080,686644338,robot_4,-1.187,3.654
1776818080,686667626,robot_1,-1.464,4.144
1776818080,686676651,robot_0,4.047,-4.335
1776818080,686684079,robot_3,4.658,0.250
1776818080,686691734,robot_2,-1.626,-4.662
1776818080,906339401,robot_4,-1.179,3.697
1776818080,906359641,robot_1,-1.478,4.165
1776818080,906366759,robot_0,4.047,-4.336
1776818080,906373325,robot_3,4.658,0.251
1776818080,906379317,robot_2,-1.626,-4.662
1776818081,106508752,robot_4,-1.172,3.719
1776818081,106528124,robot_1,-1.489,4.180
1776818081,106535242,robot_0,4.047,-4.336
1776818081,106540815,robot_3,4.658,0.251
1776818081,106546085,robot_2,-1.626,-4.661
1776818081,325849396,robot_4,-1.166,3.756
1776818081,325866456,robot_1,-1.502,4.195
1776818081,325873192,robot_0,4.047,-4.336
1776818081,325879035,robot_3,4.658,0.252
1776818081,325884768,robot_2,-1.626,-4.661
1776818081,529628333,robot_4,-1.159,3.799
1776818081,529649493,robot_1,-1.520,4.219
1776818081,529656258,robot_0,4.047,-4.336
1776818081,529661696,robot_3,4.658,0.252
1776818081,529667520,robot_2,-1.626,-4.660
1776818081,746424636,robot_4,-1.154,3.861
1776818081,746451499,robot_1,-1.541,4.274
1776818081,746464167,robot_0,4.046,-4.336
1776818081,746474120,robot_3,4.659,0.252
1776818081,746483902,robot_2,-1.626,-4.660
1776818081,966394425,robot_4,-1.159,3.885
1776818081,966414859,robot_1,-1.547,4.335
1776818081,966421464,robot_0,4.046,-4.336
1776818081,966428015,robot_3,4.659,0.253
1776818081,966433628,robot_2,-1.626,-4.659
1776818082,166938664,robot_4,-1.164,3.882
1776818082,166975588,robot_1,-1.543,4.400
1776818082,166990223,robot_0,4.045,-4.336
1776818082,167002736,robot_3,4.660,0.253
1776818082,167014361,robot_2,-1.625,-4.659
1776818082,387272449,robot_4,-1.167,3.873
1776818082,387295395,robot_1,-1.535,4.444
1776818082,387303733,robot_0,4.045,-4.336
1776818082,387311700,robot_3,4.660,0.253
1776818082,387319087,robot_2,-1.625,-4.659
1776818082,606398972,robot_4,-1.168,3.871
1776818082,606416446,robot_1,-1.538,4.447
1776818082,606424213,robot_0,4.044,-4.335
1776818082,606430316,robot_3,4.661,0.253
1776818082,606436688,robot_2,-1.625,-4.659
1776818082,826171568,robot_4,-1.169,3.869
1776818082,826190287,robot_1,-1.541,4.449
1776818082,826197985,robot_0,4.044,-4.335
1776818082,826203687,robot_3,4.661,0.253
1776818082,826209149,robot_2,-1.625,-4.659
1776818083,26794909,robot_4,-1.170,3.868
1776818083,26819345,robot_1,-1.544,4.450
1776818083,26828823,robot_0,4.043,-4.335
1776818083,26837119,robot_3,4.660,0.253
1776818083,26844746,robot_2,-1.625,-4.659
1776818083,246572480,robot_4,-1.171,3.868
1776818083,246596896,robot_1,-1.544,4.451
1776818083,246606914,robot_0,4.043,-4.334
1776818083,246616149,robot_3,4.660,0.253
1776818083,246624917,robot_2,-1.625,-4.659
1776818083,467000613,robot_4,-1.172,3.869
1776818083,467031151,robot_1,-1.544,4.450
1776818083,467046824,robot_0,4.043,-4.334
1776818083,467059868,robot_3,4.660,0.253
1776818083,467072045,robot_2,-1.626,-4.660
1776818083,685727505,robot_4,-1.172,3.869
1776818083,685743044,robot_1,-1.541,4.448
1776818083,685749907,robot_0,4.043,-4.334
1776818083,685755413,robot_3,4.659,0.252
1776818083,685760550,robot_2,-1.626,-4.660
1776818083,905323524,robot_4,-1.172,3.869
1776818083,905341769,robot_1,-1.539,4.446
1776818083,905348116,robot_0,4.043,-4.334
1776818083,905353629,robot_3,4.659,0.252
1776818083,905358997,robot_2,-1.626,-4.661
1776818084,105911120,robot_4,-1.172,3.869
1776818084,105943067,robot_1,-1.537,4.446
1776818084,105952236,robot_0,4.043,-4.334
1776818084,105961032,robot_3,4.659,0.252
1776818084,105966570,robot_2,-1.626,-4.661
1776818084,306163858,robot_4,-1.172,3.869
1776818084,306186256,robot_1,-1.535,4.446
1776818084,306195805,robot_0,4.043,-4.333
1776818084,306204807,robot_3,4.659,0.251
1776818084,306213813,robot_2,-1.625,-4.662
1776818084,525890072,robot_4,-1.172,3.870
1776818084,525910313,robot_1,-1.534,4.446
1776818084,525919763,robot_0,4.043,-4.332
1776818084,525925559,robot_3,4.658,0.251
1776818084,525930745,robot_2,-1.625,-4.662
1776818084,725906112,robot_4,-1.172,3.870
1776818084,725926892,robot_1,-1.532,4.447
1776818084,725933681,robot_0,4.043,-4.332
1776818084,725939702,robot_3,4.658,0.250
1776818084,725945394,robot_2,-1.625,-4.662
1776818084,926285058,robot_4,-1.172,3.871
1776818084,926304234,robot_1,-1.531,4.447
1776818084,926311851,robot_0,4.043,-4.332
1776818084,926317860,robot_3,4.659,0.250
1776818084,926324087,robot_2,-1.625,-4.662
1776818085,147277677,robot_4,-1.172,3.871
1776818085,147309486,robot_1,-1.531,4.448
1776818085,147324235,robot_0,4.044,-4.331
1776818085,147335658,robot_3,4.659,0.249
1776818085,147347107,robot_2,-1.624,-4.663
1776818085,366533032,robot_4,-1.171,3.871
1776818085,366562228,robot_1,-1.531,4.449
1776818085,366570108,robot_0,4.044,-4.331
1776818085,366577700,robot_3,4.659,0.249
1776818085,366583734,robot_2,-1.624,-4.663
1776818085,566958724,robot_4,-1.171,3.872
1776818085,566987061,robot_1,-1.531,4.449
1776818085,567001406,robot_0,4.045,-4.331
1776818085,567013290,robot_3,4.659,0.249
1776818085,567025697,robot_2,-1.623,-4.663
1776818085,786357987,robot_4,-1.171,3.872
1776818085,786385755,robot_1,-1.532,4.449
1776818085,786399093,robot_0,4.045,-4.330
1776818085,786411367,robot_3,4.660,0.248
1776818085,786423362,robot_2,-1.623,-4.663
1776818085,987054273,robot_4,-1.170,3.872
1776818085,987087111,robot_1,-1.532,4.449
1776818085,987097690,robot_0,4.045,-4.330
1776818085,987106956,robot_3,4.660,0.248
1776818085,987115100,robot_2,-1.622,-4.663
1776818086,207456934,robot_4,-1.170,3.872
1776818086,207475793,robot_1,-1.533,4.449
1776818086,207483200,robot_0,4.045,-4.330
1776818086,207489454,robot_3,4.661,0.248
1776818086,207495427,robot_2,-1.622,-4.663
1776818086,426565133,robot_4,-1.169,3.872
1776818086,426583634,robot_1,-1.533,4.449
1776818086,426590580,robot_0,4.045,-4.331
1776818086,426596780,robot_3,4.661,0.248
1776818086,426602594,robot_2,-1.622,-4.662
1776818086,647123893,robot_4,-1.169,3.872
1776818086,647147491,robot_1,-1.534,4.449
1776818086,647156710,robot_0,4.044,-4.331
1776818086,647164493,robot_3,4.661,0.248
1776818086,647171896,robot_2,-1.622,-4.662
1776818086,866547599,robot_4,-1.169,3.872
1776818086,866574195,robot_1,-1.534,4.449
1776818086,866585769,robot_0,4.044,-4.331
1776818086,866596295,robot_3,4.661,0.248
1776818086,866601650,robot_2,-1.622,-4.662
1776818087,66588637,robot_4,-1.169,3.872
1776818087,66611525,robot_1,-1.534,4.449
1776818087,66620231,robot_0,4.044,-4.332
1776818087,66628568,robot_3,4.660,0.248
1776818087,66637078,robot_2,-1.621,-4.662
1776818087,266721368,robot_4,-1.169,3.872
1776818087,266749744,robot_1,-1.534,4.449
1776818087,266762293,robot_0,4.044,-4.332
1776818087,266773429,robot_3,4.660,0.249
1776818087,266785418,robot_2,-1.621,-4.661
1776818087,466725405,robot_4,-1.168,3.872
1776818087,466756500,robot_1,-1.534,4.449
1776818087,466770022,robot_0,4.044,-4.333
1776818087,466782393,robot_3,4.659,0.249
1776818087,466793895,robot_2,-1.621,-4.661
1776818087,686296131,robot_4,-1.168,3.872
1776818087,686314840,robot_1,-1.535,4.448
1776818087,686322196,robot_0,4.044,-4.333
1776818087,686328559,robot_3,4.659,0.249
1776818087,686334670,robot_2,-1.621,-4.661
1776818087,905522560,robot_4,-1.167,3.871
1776818087,905542160,robot_1,-1.535,4.448
1776818087,905549083,robot_0,4.044,-4.334
1776818087,905554987,robot_3,4.659,0.250
1776818087,905560532,robot_2,-1.621,-4.660
1776818088,105990374,robot_4,-1.167,3.871
1776818088,106008701,robot_1,-1.535,4.447
1776818088,106015333,robot_0,4.044,-4.334
1776818088,106020739,robot_3,4.659,0.250
1776818088,106026396,robot_2,-1.621,-4.660
1776818088,307265773,robot_4,-1.167,3.870
1776818088,307291074,robot_1,-1.535,4.447
1776818088,307301926,robot_0,4.044,-4.334
1776818088,307311273,robot_3,4.659,0.251
1776818088,307319858,robot_2,-1.621,-4.659
1776818088,525597336,robot_4,-1.167,3.870
1776818088,525616794,robot_1,-1.535,4.447
1776818088,525623306,robot_0,4.044,-4.334
1776818088,525629128,robot_3,4.659,0.251
1776818088,525634246,robot_2,-1.621,-4.659
1776818088,725906476,robot_4,-1.167,3.869
1776818088,725930248,robot_1,-1.535,4.446
1776818088,725937575,robot_0,4.044,-4.334
1776818088,725943695,robot_3,4.659,0.251
1776818088,725949221,robot_2,-1.621,-4.659
1776818088,945531914,robot_4,-1.167,3.869
1776818088,945551819,robot_1,-1.535,4.446
1776818088,945559412,robot_0,4.044,-4.333
1776818088,945565842,robot_3,4.659,0.251
1776818088,945571706,robot_2,-1.621,-4.659
1776818089,165347905,robot_4,-1.167,3.869
1776818089,165365865,robot_1,-1.534,4.446
1776818089,165372352,robot_0,4.044,-4.333
1776818089,165378793,robot_3,4.659,0.251
1776818089,165384320,robot_2,-1.622,-4.659
1776818089,366309225,robot_4,-1.167,3.870
1776818089,366326144,robot_1,-1.534,4.445
1776818089,366332962,robot_0,4.044,-4.332
1776818089,366338459,robot_3,4.659,0.250
1776818089,366343497,robot_2,-1.622,-4.659
1776818089,585491861,robot_4,-1.167,3.870
1776818089,585511097,robot_1,-1.534,4.446
1776818089,585519563,robot_0,4.044,-4.332
1776818089,585527117,robot_3,4.659,0.250
1776818089,585534655,robot_2,-1.622,-4.658
1776818089,806096924,robot_4,-1.167,3.871
1776818089,806124027,robot_1,-1.535,4.446
1776818089,806133606,robot_0,4.044,-4.331
1776818089,806142921,robot_3,4.659,0.250
1776818089,806151756,robot_2,-1.623,-4.658
1776818090,25967498,robot_4,-1.168,3.871
1776818090,25992629,robot_1,-1.535,4.446
1776818090,26000961,robot_0,4.045,-4.331
1776818090,26007743,robot_3,4.660,0.249
1776818090,26014773,robot_2,-1.623,-4.658
1776818090,226602580,robot_4,-1.168,3.871
1776818090,226633186,robot_1,-1.535,4.447
1776818090,226647350,robot_0,4.045,-4.331
1776818090,226659557,robot_3,4.660,0.249
1776818090,226671548,robot_2,-1.624,-4.658
1776818090,446742293,robot_4,-1.168,3.871
1776818090,446772124,robot_1,-1.535,4.447
1776818090,446786307,robot_0,4.046,-4.330
1776818090,446799362,robot_3,4.661,0.249
1776818090,446811176,robot_2,-1.624,-4.658
1776818090,666854168,robot_4,-1.169,3.871
1776818090,666873694,robot_1,-1.534,4.448
1776818090,666881443,robot_0,4.046,-4.330
1776818090,666887774,robot_3,4.661,0.249
1776818090,666894747,robot_2,-1.625,-4.659
1776818090,885665296,robot_4,-1.169,3.871
1776818090,885683565,robot_1,-1.534,4.448
1776818090,885690490,robot_0,4.046,-4.330
1776818090,885697204,robot_3,4.662,0.249
1776818090,885703325,robot_2,-1.625,-4.659
1776818091,85955667,robot_4,-1.170,3.871
1776818091,85972827,robot_1,-1.534,4.449
1776818091,85980382,robot_0,4.046,-4.330
1776818091,85988459,robot_3,4.662,0.249
1776818091,85994420,robot_2,-1.625,-4.659
1776818091,286101441,robot_4,-1.170,3.871
1776818091,286128868,robot_1,-1.533,4.449
1776818091,286142566,robot_0,4.045,-4.331
1776818091,286154235,robot_3,4.662,0.249
1776818091,286165120,robot_2,-1.625,-4.659
1776818091,487168116,robot_4,-1.171,3.871
1776818091,487202511,robot_1,-1.533,4.449
1776818091,487216722,robot_0,4.045,-4.331
1776818091,487227832,robot_3,4.663,0.250
1776818091,487239300,robot_2,-1.624,-4.659
1776818091,706380083,robot_4,-1.171,3.871
1776818091,706398944,robot_1,-1.533,4.449
1776818091,706406326,robot_0,4.045,-4.331
1776818091,706412090,robot_3,4.663,0.250
1776818091,706418216,robot_2,-1.624,-4.658
1776818091,927065941,robot_4,-1.171,3.870
1776818091,927089371,robot_1,-1.533,4.449
1776818091,927099133,robot_0,4.044,-4.332
1776818091,927107477,robot_3,4.663,0.250
1776818091,927115701,robot_2,-1.623,-4.658
1776818092,145375545,robot_4,-1.172,3.870
1776818092,145394075,robot_1,-1.534,4.449
1776818092,145400822,robot_0,4.044,-4.332
1776818092,145407473,robot_3,4.663,0.251
1776818092,145412974,robot_2,-1.623,-4.658
1776818092,365430613,robot_4,-1.172,3.869
1776818092,365449287,robot_1,-1.534,4.448
1776818092,365456025,robot_0,4.044,-4.333
1776818092,365461430,robot_3,4.664,0.251
1776818092,365466934,robot_2,-1.622,-4.659
1776818092,566254020,robot_4,-1.172,3.869
1776818092,566283649,robot_1,-1.534,4.448
1776818092,566296884,robot_0,4.044,-4.333
1776818092,566308020,robot_3,4.623,0.261
1776818092,566318640,robot_2,-1.622,-4.659
1776818092,766756547,robot_4,-1.160,3.868
1776818092,766792827,robot_1,-1.534,4.447
1776818092,766811347,robot_0,4.045,-4.334
1776818092,766828944,robot_3,4.569,0.274
1776818092,766846432,robot_2,-1.622,-4.659
1776818092,985969119,robot_4,-1.092,3.865
1776818092,985989151,robot_1,-1.534,4.447
1776818092,985996189,robot_0,4.045,-4.334
1776818092,986001564,robot_3,4.526,0.284
1776818092,986006724,robot_2,-1.621,-4.660
1776818093,205518165,robot_4,-1.047,3.863
1776818093,205534867,robot_1,-1.534,4.447
1776818093,205541521,robot_0,4.045,-4.334
1776818093,205547115,robot_3,4.480,0.296
1776818093,205552934,robot_2,-1.621,-4.660
1776818093,405546364,robot_4,-0.998,3.860
1776818093,405568223,robot_1,-1.534,4.446
1776818093,405577217,robot_0,4.045,-4.334
1776818093,405585474,robot_3,4.440,0.305
1776818093,405592989,robot_2,-1.621,-4.660
1776818093,607016338,robot_4,-0.944,3.857
1776818093,607036207,robot_1,-1.534,4.446
1776818093,607044579,robot_0,4.045,-4.334
1776818093,607051685,robot_3,4.403,0.314
1776818093,607058560,robot_2,-1.621,-4.660
1776818093,825868413,robot_4,-0.900,3.855
1776818093,825886408,robot_1,-1.533,4.445
1776818093,825893689,robot_0,4.045,-4.333
1776818093,825899427,robot_3,4.376,0.321
1776818093,825905272,robot_2,-1.622,-4.659
1776818094,26889999,robot_4,-0.860,3.853
1776818094,26928320,robot_1,-1.533,4.445
1776818094,26943457,robot_0,4.045,-4.333
1776818094,26956581,robot_3,4.341,0.329
1776818094,26967924,robot_2,-1.622,-4.659
1776818094,246017625,robot_4,-0.816,3.849
1776818094,246037149,robot_1,-1.533,4.445
1776818094,246043739,robot_0,4.045,-4.332
1776818094,246049342,robot_3,4.301,0.339
1776818094,246054872,robot_2,-1.622,-4.659
1776818094,446113271,robot_4,-0.777,3.843
1776818094,446131112,robot_1,-1.532,4.445
1776818094,446137755,robot_0,4.045,-4.332
1776818094,446143853,robot_3,4.272,0.346
1776818094,446149007,robot_2,-1.623,-4.659
1776818094,665535839,robot_4,-0.712,3.834
1776818094,665553388,robot_1,-1.532,4.445
1776818094,665559700,robot_0,4.045,-4.331
1776818094,665565323,robot_3,4.231,0.358
1776818094,665570532,robot_2,-1.623,-4.659
1776818094,866881780,robot_4,-0.656,3.825
1776818094,866925132,robot_1,-1.531,4.445
1776818094,866947004,robot_0,4.045,-4.331
1776818094,866965685,robot_3,4.183,0.371
1776818094,866982716,robot_2,-1.624,-4.659
1776818095,86190528,robot_4,-0.613,3.817
1776818095,86231180,robot_1,-1.531,4.445
1776818095,86246904,robot_0,4.046,-4.331
1776818095,86259316,robot_3,4.105,0.392
1776818095,86271217,robot_2,-1.624,-4.659
1776818095,286180716,robot_4,-0.592,3.813
1776818095,286199688,robot_1,-1.531,4.445
1776818095,286206241,robot_0,4.046,-4.330
1776818095,286211944,robot_3,4.061,0.403
1776818095,286217560,robot_2,-1.624,-4.659
1776818095,487797284,robot_4,-0.563,3.806
1776818095,487831036,robot_1,-1.531,4.445
1776818095,487847157,robot_0,4.046,-4.330
1776818095,487860745,robot_3,4.017,0.415
1776818095,487873223,robot_2,-1.625,-4.660
1776818095,705778184,robot_4,-0.519,3.796
1776818095,705795119,robot_1,-1.531,4.445
1776818095,705801779,robot_0,4.046,-4.330
1776818095,705807865,robot_3,3.963,0.427
1776818095,705821815,robot_2,-1.625,-4.660
1776818095,926396073,robot_4,-0.469,3.785
1776818095,926419494,robot_1,-1.531,4.445
1776818095,926429701,robot_0,4.046,-4.330
1776818095,926438005,robot_3,3.920,0.435
1776818095,926446908,robot_2,-1.625,-4.660
1776818096,146490200,robot_4,-0.425,3.775
1776818096,146511772,robot_1,-1.532,4.445
1776818096,146520502,robot_0,4.046,-4.330
1776818096,146527771,robot_3,3.865,0.446
1776818096,146534974,robot_2,-1.625,-4.661
1776818096,365827972,robot_4,-0.373,3.762
1776818096,365848234,robot_1,-1.532,4.445
1776818096,365857769,robot_0,4.046,-4.331
1776818096,365863101,robot_3,3.812,0.456
1776818096,365869241,robot_2,-1.625,-4.661
1776818096,567516165,robot_4,-0.308,3.746
1776818096,567544692,robot_1,-1.533,4.445
1776818096,567557488,robot_0,4.046,-4.331
1776818096,567568272,robot_3,3.772,0.463
1776818096,567583291,robot_2,-1.625,-4.662
1776818096,786674181,robot_4,-0.260,3.732
1776818096,786695442,robot_1,-1.533,4.446
1776818096,786704542,robot_0,4.045,-4.332
1776818096,786712581,robot_3,3.763,0.465
1776818096,786720212,robot_2,-1.625,-4.662
1776818097,6579732,robot_4,-0.210,3.717
1776818097,6613096,robot_1,-1.533,4.446
1776818097,6628579,robot_0,4.045,-4.332
1776818097,6641903,robot_3,3.763,0.464
1776818097,6654914,robot_2,-1.625,-4.662
1776818097,206752794,robot_4,-0.160,3.701
1776818097,206783374,robot_1,-1.534,4.446
1776818097,206796461,robot_0,4.045,-4.332
1776818097,206807326,robot_3,3.763,0.464
1776818097,206818296,robot_2,-1.625,-4.663
1776818097,426420775,robot_4,-0.118,3.688
1776818097,426439596,robot_1,-1.534,4.447
1776818097,426446875,robot_0,4.045,-4.333
1776818097,426453028,robot_3,3.763,0.463
1776818097,426458346,robot_2,-1.625,-4.663
1776818097,626507116,robot_4,-0.068,3.673
1776818097,626526255,robot_1,-1.534,4.447
1776818097,626533222,robot_0,4.045,-4.333
1776818097,626538935,robot_3,3.762,0.463
1776818097,626544646,robot_2,-1.624,-4.663
1776818097,847181986,robot_4,-0.011,3.656
1776818097,847208356,robot_1,-1.534,4.447
1776818097,847219319,robot_0,4.045,-4.334
1776818097,847228109,robot_3,3.762,0.463
1776818097,847237030,robot_2,-1.624,-4.663
1776818098,65968705,robot_4,0.031,3.643
1776818098,65991639,robot_1,-1.534,4.447
1776818098,66000318,robot_0,4.046,-4.334
1776818098,66006213,robot_3,3.761,0.463
1776818098,66012134,robot_2,-1.624,-4.664
1776818098,267090990,robot_4,0.057,3.635
1776818098,267117044,robot_1,-1.533,4.446
1776818098,267129830,robot_0,4.046,-4.334
1776818098,267140853,robot_3,3.761,0.463
1776818098,267150618,robot_2,-1.623,-4.664
1776818098,486415009,robot_4,0.091,3.624
1776818098,486438633,robot_1,-1.533,4.446
1776818098,486446985,robot_0,4.045,-4.334
1776818098,486453265,robot_3,3.760,0.463
1776818098,486459307,robot_2,-1.623,-4.664
1776818098,686650715,robot_4,0.129,3.613
1776818098,686675431,robot_1,-1.533,4.446
1776818098,686687710,robot_0,4.045,-4.333
1776818098,686698020,robot_3,3.760,0.463
1776818098,686707578,robot_2,-1.622,-4.664
1776818098,886831841,robot_4,0.158,3.604
1776818098,886855865,robot_1,-1.532,4.446
1776818098,886866423,robot_0,4.045,-4.333
1776818098,886875274,robot_3,3.760,0.463
1776818098,886883857,robot_2,-1.622,-4.663
1776818099,87469669,robot_4,0.192,3.593
1776818099,87489045,robot_1,-1.532,4.446
1776818099,87497161,robot_0,4.045,-4.332
1776818099,87504355,robot_3,3.760,0.463
1776818099,87511639,robot_2,-1.622,-4.663
1776818099,306636591,robot_4,0.236,3.580
1776818099,306660577,robot_1,-1.531,4.446
1776818099,306668193,robot_0,4.046,-4.332
1776818099,306674413,robot_3,3.760,0.463
1776818099,306679994,robot_2,-1.622,-4.663
1776818099,506834087,robot_4,0.286,3.564
1776818099,506854519,robot_1,-1.531,4.446
1776818099,506861231,robot_0,4.046,-4.331
1776818099,506867652,robot_3,3.761,0.463
1776818099,506873855,robot_2,-1.622,-4.663
1776818099,726940841,robot_4,0.333,3.550
1776818099,726959515,robot_1,-1.531,4.446
1776818099,726967073,robot_0,4.046,-4.331
1776818099,726973323,robot_3,3.761,0.463
1776818099,726979150,robot_2,-1.622,-4.663
1776818099,947160589,robot_4,0.374,3.537
1776818099,947185120,robot_1,-1.530,4.446
1776818099,947195429,robot_0,4.047,-4.330
1776818099,947203942,robot_3,3.762,0.463
1776818099,947212513,robot_2,-1.621,-4.663
1776818100,166603960,robot_4,0.414,3.525
1776818100,166642697,robot_1,-1.530,4.447
1776818100,166664735,robot_0,4.047,-4.330
1776818100,166683192,robot_3,3.762,0.464
1776818100,166700565,robot_2,-1.621,-4.662
1776818100,367425962,robot_4,0.452,3.513
1776818100,367454684,robot_1,-1.530,4.447
1776818100,367468945,robot_0,4.047,-4.330
1776818100,367481926,robot_3,3.762,0.464
1776818100,367494262,robot_2,-1.621,-4.662
1776818100,586751867,robot_4,0.507,3.497
1776818100,586771130,robot_1,-1.530,4.447
1776818100,586779908,robot_0,4.047,-4.330
1776818100,586787024,robot_3,3.762,0.464
1776818100,586793975,robot_2,-1.621,-4.662
1776818100,806889922,robot_4,0.581,3.474
1776818100,806908850,robot_1,-1.530,4.448
1776818100,806921029,robot_0,4.047,-4.330
1776818100,806927013,robot_3,3.762,0.465
1776818100,806933853,robot_2,-1.621,-4.661
1776818101,26131095,robot_4,0.624,3.460
1776818101,26153083,robot_1,-1.530,4.448
1776818101,26160433,robot_0,4.047,-4.330
1776818101,26166465,robot_3,3.762,0.465
1776818101,26172305,robot_2,-1.621,-4.661
1776818101,245230540,robot_4,0.682,3.443
1776818101,245248080,robot_1,-1.530,4.449
1776818101,245254891,robot_0,4.047,-4.331
1776818101,245260591,robot_3,3.762,0.466
1776818101,245265946,robot_2,-1.621,-4.660
1776818101,446715588,robot_4,0.735,3.426
1776818101,446739521,robot_1,-1.530,4.449
1776818101,446750188,robot_0,4.046,-4.331
1776818101,446758439,robot_3,3.762,0.466
1776818101,446765796,robot_2,-1.621,-4.660
1776818101,665794411,robot_4,0.777,3.413
1776818101,665822428,robot_1,-1.530,4.449
1776818101,665834613,robot_0,4.046,-4.331
1776818101,665844490,robot_3,3.762,0.467
1776818101,665855142,robot_2,-1.621,-4.660
1776818101,866573741,robot_4,0.839,3.394
1776818101,866591976,robot_1,-1.530,4.448
1776818101,866598610,robot_0,4.046,-4.332
1776818101,866603849,robot_3,3.762,0.467
1776818101,866609110,robot_2,-1.621,-4.660
1776818102,85632581,robot_4,0.900,3.376
1776818102,85653063,robot_1,-1.530,4.448
1776818102,85663072,robot_0,4.046,-4.332
1776818102,85672638,robot_3,3.761,0.467
1776818102,85678187,robot_2,-1.621,-4.660
1776818102,305293028,robot_4,0.943,3.362
1776818102,305311003,robot_1,-1.530,4.447
1776818102,305317822,robot_0,4.046,-4.333
1776818102,305323853,robot_3,3.761,0.467
1776818102,305329369,robot_2,-1.621,-4.661
1776818102,506702941,robot_4,1.006,3.343
1776818102,506731758,robot_1,-1.530,4.447
1776818102,506743510,robot_0,4.046,-4.333
1776818102,506753059,robot_3,3.761,0.468
1776818102,506761808,robot_2,-1.621,-4.661
1776818102,727048347,robot_4,1.059,3.327
1776818102,727074416,robot_1,-1.531,4.446
1776818102,727087261,robot_0,4.046,-4.334
1776818102,727096448,robot_3,3.761,0.468
1776818102,727105878,robot_2,-1.621,-4.662
1776818102,946243298,robot_4,1.096,3.316
1776818102,946262362,robot_1,-1.531,4.446
1776818102,946269855,robot_0,4.046,-4.334
1776818102,946275138,robot_3,3.761,0.467
1776818102,946280879,robot_2,-1.621,-4.662
1776818103,146497285,robot_4,1.115,3.309
1776818103,146516396,robot_1,-1.531,4.446
1776818103,146523391,robot_0,4.046,-4.334
1776818103,146529207,robot_3,3.761,0.467
1776818103,146534271,robot_2,-1.621,-4.663
1776818103,367145260,robot_4,1.153,3.297
1776818103,367175032,robot_1,-1.532,4.446
1776818103,367189009,robot_0,4.046,-4.333
1776818103,367201185,robot_3,3.762,0.467
1776818103,367212741,robot_2,-1.622,-4.663
1776818103,586689153,robot_4,1.188,3.286
1776818103,586709977,robot_1,-1.532,4.446
1776818103,586718914,robot_0,4.046,-4.333
1776818103,586726430,robot_3,3.762,0.466
1776818103,586733526,robot_2,-1.622,-4.663
1776818103,806073449,robot_4,1.216,3.278
1776818103,806091617,robot_1,-1.532,4.446
1776818103,806099420,robot_0,4.046,-4.332
1776818103,806106112,robot_3,3.762,0.466
1776818103,806112445,robot_2,-1.623,-4.663
1776818104,25735010,robot_4,1.259,3.266
1776818104,25753796,robot_1,-1.531,4.446
1776818104,25759798,robot_0,4.046,-4.332
1776818104,25765670,robot_3,3.762,0.465
1776818104,25771506,robot_2,-1.623,-4.663
1776818104,226043726,robot_4,1.288,3.258
1776818104,226066046,robot_1,-1.531,4.446
1776818104,226076221,robot_0,4.047,-4.331
1776818104,226084225,robot_3,3.762,0.465
1776818104,226094494,robot_2,-1.622,-4.663
1776818104,445278104,robot_4,1.320,3.249
1776818104,445296250,robot_1,-1.531,4.447
1776818104,445302477,robot_0,4.047,-4.331
1776818104,445308115,robot_3,3.762,0.464
1776818104,445313210,robot_2,-1.622,-4.663
1776818104,646185374,robot_4,1.358,3.238
1776818104,646212732,robot_1,-1.531,4.447
1776818104,646225636,robot_0,4.047,-4.331
1776818104,646236229,robot_3,3.762,0.464
1776818104,646246731,robot_2,-1.622,-4.663
1776818104,866647446,robot_4,1.416,3.222
1776818104,866670450,robot_1,-1.530,4.448
1776818104,866681147,robot_0,4.048,-4.330
1776818104,866690056,robot_3,3.762,0.464
1776818104,866697461,robot_2,-1.622,-4.662
1776818105,87309463,robot_4,1.468,3.205
1776818105,87340896,robot_1,-1.530,4.448
1776818105,87356234,robot_0,4.048,-4.330
1776818105,87372004,robot_3,3.762,0.464
1776818105,87385987,robot_2,-1.622,-4.662
1776818105,287339413,robot_4,1.506,3.191
1776818105,287369299,robot_1,-1.530,4.449
1776818105,287383640,robot_0,4.048,-4.330
1776818105,287396994,robot_3,3.762,0.465
1776818105,287408662,robot_2,-1.622,-4.661
1776818105,507347754,robot_4,1.573,3.166
1776818105,507369941,robot_1,-1.531,4.449
1776818105,507377920,robot_0,4.048,-4.330
1776818105,507385166,robot_3,3.762,0.465
1776818105,507391781,robot_2,-1.622,-4.661
1776818105,726453008,robot_4,1.628,3.148
1776818105,726471889,robot_1,-1.531,4.449
1776818105,726479364,robot_0,4.048,-4.330
1776818105,726485387,robot_3,3.762,0.466
1776818105,726491281,robot_2,-1.622,-4.660
1776818105,926461695,robot_4,1.670,3.134
1776818105,926479471,robot_1,-1.531,4.450
1776818105,926486151,robot_0,4.048,-4.330
1776818105,926491927,robot_3,3.761,0.466
1776818105,926497351,robot_2,-1.622,-4.660
1776818106,146645383,robot_4,1.747,3.110
1776818106,146677223,robot_1,-1.531,4.450
1776818106,146692831,robot_0,4.047,-4.331
1776818106,146706248,robot_3,3.761,0.466
1776818106,146718722,robot_2,-1.622,-4.660
1776818106,346661014,robot_4,1.795,3.095
1776818106,346698506,robot_1,-1.532,4.450
1776818106,346718643,robot_0,4.047,-4.331
1776818106,346735250,robot_3,3.761,0.467
1776818106,346750756,robot_2,-1.623,-4.660
1776818106,567277217,robot_4,1.834,3.083
1776818106,567297875,robot_1,-1.532,4.450
1776818106,567306720,robot_0,4.047,-4.331
1776818106,567313828,robot_3,3.760,0.467
1776818106,567321103,robot_2,-1.623,-4.659
1776818106,785592466,robot_4,1.867,3.072
1776818106,785609041,robot_1,-1.533,4.450
1776818106,785616107,robot_0,4.047,-4.332
1776818106,785621614,robot_3,3.760,0.467
1776818106,785627453,robot_2,-1.623,-4.659
1776818106,985952871,robot_4,1.904,3.057
1776818106,985973895,robot_1,-1.533,4.450
1776818106,985981385,robot_0,4.047,-4.332
1776818106,985987395,robot_3,3.759,0.467
1776818106,985992713,robot_2,-1.624,-4.659
1776818107,186694026,robot_4,1.954,3.037
1776818107,186717380,robot_1,-1.533,4.450
1776818107,186729231,robot_0,4.047,-4.333
1776818107,186739156,robot_3,3.759,0.467
1776818107,186748405,robot_2,-1.624,-4.659
1776818107,406387052,robot_4,2.025,3.009
1776818107,406405565,robot_1,-1.533,4.450
1776818107,406412189,robot_0,4.047,-4.333
1776818107,406417579,robot_3,3.759,0.467
1776818107,406422825,robot_2,-1.625,-4.659
1776818107,607270439,robot_4,2.063,2.994
1776818107,607303809,robot_1,-1.533,4.450
1776818107,607312562,robot_0,4.047,-4.334
1776818107,607320274,robot_3,3.758,0.466
1776818107,607326612,robot_2,-1.625,-4.659
1776818107,826128241,robot_4,2.095,2.981
1776818107,826146172,robot_1,-1.532,4.450
1776818107,826153249,robot_0,4.047,-4.334
1776818107,826158814,robot_3,3.758,0.466
1776818107,826163750,robot_2,-1.625,-4.659
1776818108,45865611,robot_4,2.126,2.969
1776818108,45888706,robot_1,-1.532,4.450
1776818108,45898014,robot_0,4.047,-4.334
1776818108,45905779,robot_3,3.758,0.466
1776818108,45917298,robot_2,-1.624,-4.659
1776818108,247150140,robot_4,2.164,2.956
1776818108,247178945,robot_1,-1.532,4.450
1776818108,247191783,robot_0,4.047,-4.334
1776818108,247202104,robot_3,3.757,0.465
1776818108,247212745,robot_2,-1.624,-4.659
1776818108,467949754,robot_4,2.201,2.942
1776818108,467989322,robot_1,-1.531,4.449
1776818108,468011190,robot_0,4.048,-4.334
1776818108,468029750,robot_3,3.767,0.461
1776818108,468047084,robot_2,-1.623,-4.659
1776818108,685859753,robot_4,2.240,2.928
1776818108,685878348,robot_1,-1.531,4.449
1776818108,685884689,robot_0,4.048,-4.334
1776818108,685890091,robot_3,3.826,0.430
1776818108,685895500,robot_2,-1.623,-4.660
1776818108,886029470,robot_4,2.278,2.914
1776818108,886048541,robot_1,-1.531,4.448
1776818108,886055009,robot_0,4.049,-4.335
1776818108,886060754,robot_3,3.862,0.410
1776818108,886066086,robot_2,-1.623,-4.660
1776818109,86439062,robot_4,2.325,2.896
1776818109,86462050,robot_1,-1.531,4.448
1776818109,86472213,robot_0,4.049,-4.335
1776818109,86480463,robot_3,3.896,0.390
1776818109,86487934,robot_2,-1.622,-4.660
1776818109,305868184,robot_4,2.358,2.884
1776818109,305896852,robot_1,-1.531,4.448
1776818109,305910966,robot_0,4.050,-4.335
1776818109,305931783,robot_3,3.935,0.367
1776818109,305943119,robot_2,-1.622,-4.661
1776818109,507070398,robot_4,2.358,2.884
1776818109,507095134,robot_1,-1.531,4.448
1776818109,507105522,robot_0,4.050,-4.335
1776818109,507113582,robot_3,3.969,0.347
1776818109,507121277,robot_2,-1.622,-4.661
1776818109,725803125,robot_4,2.358,2.885
1776818109,725820507,robot_1,-1.531,4.448
1776818109,725827153,robot_0,4.050,-4.334
1776818109,725832458,robot_3,4.004,0.327
1776818109,725837929,robot_2,-1.622,-4.661
1776818109,926313119,robot_4,2.359,2.885
1776818109,926331552,robot_1,-1.531,4.448
1776818109,926337937,robot_0,4.051,-4.334
1776818109,926342941,robot_3,4.035,0.309
1776818109,926348223,robot_2,-1.622,-4.661
1776818110,126328638,robot_4,2.359,2.885
1776818110,126348236,robot_1,-1.531,4.449
1776818110,126356445,robot_0,4.051,-4.334
1776818110,126362723,robot_3,4.070,0.289
1776818110,126369615,robot_2,-1.622,-4.661
1776818110,326430144,robot_4,2.360,2.886
1776818110,326448829,robot_1,-1.531,4.449
1776818110,326456314,robot_0,4.051,-4.334
1776818110,326462685,robot_3,4.121,0.258
1776818110,326469992,robot_2,-1.622,-4.661
1776818110,545723369,robot_4,2.360,2.886
1776818110,545743115,robot_1,-1.532,4.449
1776818110,545749670,robot_0,4.051,-4.334
1776818110,545754980,robot_3,4.185,0.222
1776818110,545760129,robot_2,-1.622,-4.660
1776818110,746147289,robot_4,2.361,2.886
1776818110,746169150,robot_1,-1.532,4.449
1776818110,746178503,robot_0,4.051,-4.334
1776818110,746186754,robot_3,4.219,0.201
1776818110,746193797,robot_2,-1.623,-4.660
1776818110,966386472,robot_4,2.361,2.886
1776818110,966417134,robot_1,-1.533,4.449
1776818110,966431954,robot_0,4.052,-4.334
1776818110,966444165,robot_3,4.280,0.166
1776818110,966466126,robot_2,-1.623,-4.660
1776818111,166983275,robot_4,2.362,2.886
1776818111,167015098,robot_1,-1.533,4.449
1776818111,167030171,robot_0,4.052,-4.333
1776818111,167043196,robot_3,4.334,0.133
1776818111,167055233,robot_2,-1.624,-4.660
1776818111,385476484,robot_4,2.362,2.886
1776818111,385494638,robot_1,-1.534,4.449
1776818111,385501456,robot_0,4.052,-4.333
1776818111,385507166,robot_3,4.372,0.111
1776818111,385513026,robot_2,-1.624,-4.660
1776818111,586402702,robot_4,2.362,2.886
1776818111,586424595,robot_1,-1.534,4.449
1776818111,586434179,robot_0,4.052,-4.332
1776818111,586441659,robot_3,4.391,0.099
1776818111,586449346,robot_2,-1.625,-4.660
1776818111,806207776,robot_4,2.362,2.885
1776818111,806232583,robot_1,-1.534,4.449
1776818111,806245032,robot_0,4.052,-4.332
1776818111,806255243,robot_3,4.401,0.092
1776818111,806264797,robot_2,-1.625,-4.660
1776818112,6920522,robot_4,2.362,2.885
1776818112,6953499,robot_1,-1.535,4.449
1776818112,6967835,robot_0,4.052,-4.331
1776818112,6979898,robot_3,4.402,0.093
1776818112,6990714,robot_2,-1.625,-4.661
1776818112,225867177,robot_4,2.363,2.885
1776818112,225886598,robot_1,-1.535,4.448
1776818112,225895516,robot_0,4.051,-4.331
1776818112,225902277,robot_3,4.402,0.093
1776818112,225908610,robot_2,-1.626,-4.661
1776818112,426427549,robot_4,2.363,2.885
1776818112,426457719,robot_1,-1.535,4.448
1776818112,426472764,robot_0,4.051,-4.331
1776818112,426485512,robot_3,4.402,0.093
1776818112,426496967,robot_2,-1.626,-4.661
1776818112,645576050,robot_4,2.363,2.884
1776818112,645596407,robot_1,-1.535,4.447
1776818112,645604150,robot_0,4.051,-4.331
1776818112,645610058,robot_3,4.403,0.093
1776818112,645616298,robot_2,-1.626,-4.662
1776818112,847005438,robot_4,2.363,2.884
1776818112,847031906,robot_1,-1.535,4.447
1776818112,847043074,robot_0,4.051,-4.331
1776818112,847052128,robot_3,4.403,0.094
1776818112,847062010,robot_2,-1.626,-4.662
1776818113,65489118,robot_4,2.363,2.883
1776818113,65507860,robot_1,-1.535,4.447
1776818113,65515076,robot_0,4.052,-4.331
1776818113,65520093,robot_3,4.404,0.094
1776818113,65525700,robot_2,-1.626,-4.663
1776818113,267152161,robot_4,2.363,2.883
1776818113,267193233,robot_1,-1.535,4.447
1776818113,267209313,robot_0,4.052,-4.332
1776818113,267221997,robot_3,4.404,0.093
1776818113,267233228,robot_2,-1.626,-4.663
1776818113,486135249,robot_4,2.363,2.882
1776818113,486161632,robot_1,-1.535,4.446
1776818113,486170619,robot_0,4.052,-4.332
1776818113,486177480,robot_3,4.405,0.093
1776818113,486183749,robot_2,-1.626,-4.663
1776818113,705259087,robot_4,2.363,2.882
1776818113,705276951,robot_1,-1.535,4.446
1776818113,705283768,robot_0,4.052,-4.333
1776818113,705288979,robot_3,4.405,0.093
1776818113,705294082,robot_2,-1.626,-4.663
1776818113,906286530,robot_4,2.363,2.882
1776818113,906312878,robot_1,-1.535,4.446
1776818113,906323785,robot_0,4.051,-4.333
1776818113,906332816,robot_3,4.405,0.093
1776818113,906341570,robot_2,-1.626,-4.663
1776818114,108125367,robot_4,2.363,2.882
1776818114,108164405,robot_1,-1.534,4.445
1776818114,108181430,robot_0,4.051,-4.334
1776818114,108195765,robot_3,4.405,0.093
1776818114,108209545,robot_2,-1.626,-4.662
1776818114,326732065,robot_4,2.363,2.881
1776818114,326755332,robot_1,-1.534,4.445
1776818114,326765070,robot_0,4.051,-4.334
1776818114,326773635,robot_3,4.405,0.093
1776818114,326782516,robot_2,-1.626,-4.662
1776818114,527597500,robot_4,2.363,2.881
1776818114,527622561,robot_1,-1.534,4.445
1776818114,527631903,robot_0,4.050,-4.334
1776818114,527639161,robot_3,4.405,0.093
1776818114,527646737,robot_2,-1.626,-4.661
1776818114,747222691,robot_4,2.362,2.881
1776818114,747244244,robot_1,-1.533,4.445
1776818114,747253231,robot_0,4.050,-4.334
1776818114,747261731,robot_3,4.404,0.093
1776818114,747269273,robot_2,-1.625,-4.661
1776818114,966892185,robot_4,2.362,2.881
1776818114,966929155,robot_1,-1.533,4.445
1776818114,966947774,robot_0,4.050,-4.335
1776818114,966963897,robot_3,4.404,0.093
1776818114,966978942,robot_2,-1.625,-4.661
1776818115,185335731,robot_4,2.361,2.880
1776818115,185353081,robot_1,-1.532,4.445
1776818115,185360372,robot_0,4.050,-4.334
1776818115,185366356,robot_3,4.403,0.093
1776818115,185372267,robot_2,-1.624,-4.660
1776818115,385546661,robot_4,2.361,2.880
1776818115,385563891,robot_1,-1.532,4.445
1776818115,385570834,robot_0,4.050,-4.334
1776818115,385577417,robot_3,4.403,0.093
1776818115,385582790,robot_2,-1.624,-4.660
1776818115,586857617,robot_4,2.360,2.880
1776818115,586884825,robot_1,-1.532,4.445
1776818115,586898646,robot_0,4.051,-4.334
1776818115,586910757,robot_3,4.402,0.092
1776818115,586926659,robot_2,-1.624,-4.660
1776818115,805772255,robot_4,2.360,2.881
1776818115,805790703,robot_1,-1.532,4.445
1776818115,805798589,robot_0,4.051,-4.333
1776818115,805804759,robot_3,4.402,0.092
1776818115,805810503,robot_2,-1.624,-4.660
1776818116,6855969,robot_4,2.359,2.881
1776818116,6889126,robot_1,-1.533,4.445
1776818116,6904792,robot_0,4.051,-4.333
1776818116,6921996,robot_3,4.402,0.092
1776818116,6935107,robot_2,-1.624,-4.660
1776818116,225958129,robot_4,2.361,2.884
1776818116,225976183,robot_1,-1.533,4.445
1776818116,225983449,robot_0,4.051,-4.332
1776818116,225992936,robot_3,4.402,0.091
1776818116,225999908,robot_2,-1.625,-4.661
1776818116,445185159,robot_4,2.393,2.943
1776818116,445202900,robot_1,-1.534,4.445
1776818116,445209779,robot_0,4.051,-4.332
1776818116,445215838,robot_3,4.402,0.091
1776818116,445220777,robot_2,-1.625,-4.661
1776818116,646049481,robot_4,2.416,2.985
1776818116,646073228,robot_1,-1.534,4.445
1776818116,646082601,robot_0,4.051,-4.331
1776818116,646089185,robot_3,4.402,0.090
1776818116,646095646,robot_2,-1.625,-4.661
1776818116,846299418,robot_4,2.432,3.014
1776818116,846321970,robot_1,-1.534,4.446
1776818116,846331139,robot_0,4.051,-4.331
1776818116,846337732,robot_3,4.402,0.090
1776818116,846342986,robot_2,-1.625,-4.662
1776818117,66338003,robot_4,2.432,3.014
1776818117,66356407,robot_1,-1.535,4.446
1776818117,66362880,robot_0,4.050,-4.331
1776818117,66369002,robot_3,4.402,0.089
1776818117,66375194,robot_2,-1.625,-4.662
1776818117,266509015,robot_4,2.432,3.014
1776818117,266529441,robot_1,-1.535,4.447
1776818117,266537386,robot_0,4.050,-4.330
1776818117,266544362,robot_3,4.402,0.089
1776818117,266551942,robot_2,-1.625,-4.663
1776818117,467348864,robot_4,2.433,3.014
1776818117,467371507,robot_1,-1.535,4.447
1776818117,467381405,robot_0,4.050,-4.330
1776818117,467389522,robot_3,4.403,0.089
1776818117,467398518,robot_2,-1.625,-4.663
1776818117,687104959,robot_4,2.433,3.014
1776818117,687131434,robot_1,-1.535,4.448
1776818117,687144050,robot_0,4.049,-4.330
1776818117,687154663,robot_3,4.403,0.089
1776818117,687164058,robot_2,-1.625,-4.663
1776818117,905475940,robot_4,2.434,3.014
1776818117,905490928,robot_1,-1.535,4.448
1776818117,905497344,robot_0,4.049,-4.330
1776818117,905502715,robot_3,4.403,0.089
1776818117,905508041,robot_2,-1.625,-4.664
1776818118,106718277,robot_4,2.434,3.014
1776818118,106743994,robot_1,-1.535,4.447
1776818118,106754330,robot_0,4.048,-4.330
1776818118,106763096,robot_3,4.402,0.089
1776818118,106772637,robot_2,-1.625,-4.663
1776818118,326118237,robot_4,2.434,3.014
1776818118,326148247,robot_1,-1.535,4.447
1776818118,326162523,robot_0,4.048,-4.330
1776818118,326175584,robot_3,4.402,0.090
1776818118,326186908,robot_2,-1.625,-4.663
1776818118,546246482,robot_4,2.435,3.015
1776818118,546271959,robot_1,-1.535,4.447
1776818118,546281996,robot_0,4.047,-4.330
1776818118,546290731,robot_3,4.402,0.090
1776818118,546298737,robot_2,-1.625,-4.664
1776818118,746278922,robot_4,2.435,3.015
1776818118,746300912,robot_1,-1.534,4.446
1776818118,746309599,robot_0,4.047,-4.330
1776818118,746316999,robot_3,4.402,0.091
1776818118,746324068,robot_2,-1.624,-4.664
1776818118,965428895,robot_4,2.435,3.015
1776818118,965446260,robot_1,-1.534,4.446
1776818118,965452853,robot_0,4.048,-4.330
1776818118,965458521,robot_3,4.402,0.091
1776818118,965463488,robot_2,-1.624,-4.664
1776818119,165633638,robot_4,2.435,3.015
1776818119,165652361,robot_1,-1.534,4.446
1776818119,165659663,robot_0,4.048,-4.330
1776818119,165665780,robot_3,4.402,0.092
1776818119,165671532,robot_2,-1.624,-4.664
1776818119,366961442,robot_4,2.435,3.015
1776818119,366986106,robot_1,-1.533,4.446
1776818119,366998792,robot_0,4.048,-4.330
1776818119,367009213,robot_3,4.403,0.092
1776818119,367018838,robot_2,-1.624,-4.657
1776818119,586310844,robot_4,2.435,3.016
1776818119,586333953,robot_1,-1.533,4.446
1776818119,586346210,robot_0,4.049,-4.330
1776818119,586356120,robot_3,4.403,0.093
1776818119,586365778,robot_2,-1.634,-4.582
1776818119,805268641,robot_4,2.435,3.016
1776818119,805287677,robot_1,-1.532,4.446
1776818119,805294268,robot_0,4.050,-4.330
1776818119,805299796,robot_3,4.403,0.093
1776818119,805305358,robot_2,-1.641,-4.530
1776818120,6664527,robot_4,2.435,3.017
1776818120,6688238,robot_1,-1.532,4.446
1776818120,6697667,robot_0,4.050,-4.331
1776818120,6705669,robot_3,4.403,0.093
1776818120,6713002,robot_2,-1.646,-4.492
1776818120,226258657,robot_4,2.435,3.017
1776818120,226286827,robot_1,-1.531,4.446
1776818120,226299286,robot_0,4.050,-4.331
1776818120,226310388,robot_3,4.403,0.092
1776818120,226320963,robot_2,-1.651,-4.451
1776818120,445268351,robot_4,2.435,3.018
1776818120,445292882,robot_1,-1.531,4.446
1776818120,445302807,robot_0,4.051,-4.332
1776818120,445311127,robot_3,4.403,0.092
1776818120,445318783,robot_2,-1.657,-4.408
1776818120,645345572,robot_4,2.435,3.018
1776818120,645363522,robot_1,-1.531,4.447
1776818120,645370104,robot_0,4.051,-4.332
1776818120,645376601,robot_3,4.403,0.092
1776818120,645382608,robot_2,-1.661,-4.378
1776818120,846482046,robot_4,2.434,3.018
1776818120,846512691,robot_1,-1.531,4.447
1776818120,846527682,robot_0,4.051,-4.332
1776818120,846541930,robot_3,4.403,0.091
1776818120,846551599,robot_2,-1.665,-4.349
1776818121,65815020,robot_4,2.434,3.018
1776818121,65834569,robot_1,-1.530,4.447
1776818121,65841653,robot_0,4.051,-4.332
1776818121,65847679,robot_3,4.403,0.091
1776818121,65853634,robot_2,-1.670,-4.306
1776818121,267231854,robot_4,2.434,3.019
1776818121,267258340,robot_1,-1.530,4.448
1776818121,267270608,robot_0,4.051,-4.332
1776818121,267281359,robot_3,4.403,0.090
1776818121,267290100,robot_2,-1.677,-4.258
1776818121,486460640,robot_4,2.433,3.019
1776818121,486481836,robot_1,-1.530,4.448
1776818121,486489616,robot_0,4.050,-4.331
1776818121,486496545,robot_3,4.403,0.090
1776818121,486502856,robot_2,-1.683,-4.207
1776818121,706030125,robot_4,2.426,3.002
1776818121,706052737,robot_1,-1.530,4.448
1776818121,706063959,robot_0,4.050,-4.331
1776818121,706073239,robot_3,4.403,0.090
1776818121,706081499,robot_2,-1.689,-4.164
1776818121,906221665,robot_4,2.411,2.967
1776818121,906243152,robot_1,-1.530,4.448
1776818121,906253113,robot_0,4.050,-4.331
1776818121,906261071,robot_3,4.404,0.089
1776818121,906268720,robot_2,-1.694,-4.125
1776818122,106325205,robot_4,2.396,2.930
1776818122,106349939,robot_1,-1.531,4.447
1776818122,106360606,robot_0,4.049,-4.331
1776818122,106369056,robot_3,4.404,0.089
1776818122,106377077,robot_2,-1.699,-4.086
1776818122,325324465,robot_4,2.376,2.883
1776818122,325343508,robot_1,-1.531,4.447
1776818122,325350096,robot_0,4.049,-4.331
1776818122,325355824,robot_3,4.404,0.089
1776818122,325361098,robot_2,-1.705,-4.043
1776818122,526699404,robot_4,2.358,2.840
1776818122,526727519,robot_1,-1.531,4.447
1776818122,526740386,robot_0,4.048,-4.331
1776818122,526750311,robot_3,4.405,0.089
1776818122,526760162,robot_2,-1.709,-4.007
1776818122,745751094,robot_4,2.340,2.799
1776818122,745769789,robot_1,-1.531,4.446
1776818122,745781933,robot_0,4.048,-4.331
1776818122,745789612,robot_3,4.405,0.089
1776818122,745795000,robot_2,-1.712,-3.964
1776818122,946034141,robot_4,2.316,2.741
1776818122,946055502,robot_1,-1.532,4.446
1776818122,946064249,robot_0,4.047,-4.331
1776818122,946070971,robot_3,4.406,0.089
1776818122,946077709,robot_2,-1.714,-3.923
1776818123,146752519,robot_4,2.290,2.679
1776818123,146774100,robot_1,-1.532,4.446
1776818123,146781968,robot_0,4.047,-4.331
1776818123,146788284,robot_3,4.406,0.089
1776818123,146794334,robot_2,-1.717,-3.881
1776818123,365960273,robot_4,2.273,2.638
1776818123,365979052,robot_1,-1.533,4.446
1776818123,365985080,robot_0,4.047,-4.332
1776818123,365990966,robot_3,4.406,0.089
1776818123,365997060,robot_2,-1.721,-3.836
1776818123,567145889,robot_4,2.251,2.583
1776818123,567184171,robot_1,-1.533,4.446
1776818123,567202494,robot_0,4.046,-4.332
1776818123,567219354,robot_3,4.407,0.090
1776818123,567234996,robot_2,-1.725,-3.798
1776818123,785792382,robot_4,2.228,2.528
1776818123,785810910,robot_1,-1.533,4.446
1776818123,785817917,robot_0,4.046,-4.333
1776818123,785824426,robot_3,4.407,0.090
1776818123,785830438,robot_2,-1.728,-3.760
1776818123,986106592,robot_4,2.213,2.491
1776818123,986126362,robot_1,-1.533,4.446
1776818123,986133242,robot_0,4.046,-4.333
1776818123,986139012,robot_3,4.406,0.089
1776818123,986145012,robot_2,-1.732,-3.721
1776818124,187031062,robot_4,2.188,2.428
1776818124,187089204,robot_1,-1.533,4.446
1776818124,187143960,robot_0,4.046,-4.334
1776818124,187163144,robot_3,4.406,0.089
1776818124,187180253,robot_2,-1.736,-3.683
1776818124,405681557,robot_4,2.164,2.372
1776818124,405699657,robot_1,-1.532,4.446
1776818124,405706552,robot_0,4.046,-4.334
1776818124,405712846,robot_3,4.405,0.089
1776818124,405718884,robot_2,-1.741,-3.643
1776818124,626333158,robot_4,2.146,2.328
1776818124,626352694,robot_1,-1.532,4.446
1776818124,626360773,robot_0,4.046,-4.334
1776818124,626367395,robot_3,4.405,0.089
1776818124,626374185,robot_2,-1.747,-3.599
1776818124,845134148,robot_4,2.119,2.258
1776818124,845152134,robot_1,-1.532,4.447
1776818124,845158277,robot_0,4.046,-4.334
1776818124,845163587,robot_3,4.404,0.089
1776818124,845168718,robot_2,-1.754,-3.557
1776818125,46335858,robot_4,2.102,2.212
1776818125,46362491,robot_1,-1.531,4.447
1776818125,46373939,robot_0,4.047,-4.335
1776818125,46383226,robot_3,4.404,0.089
1776818125,46392287,robot_2,-1.760,-3.518
1776818125,265723291,robot_4,2.086,2.165
1776818125,265741537,robot_1,-1.531,4.447
1776818125,265748303,robot_0,4.047,-4.335
1776818125,265753856,robot_3,4.403,0.090
1776818125,265759509,robot_2,-1.767,-3.474
1776818125,467300508,robot_4,2.069,2.115
1776818125,467320661,robot_1,-1.531,4.448
1776818125,467328846,robot_0,4.047,-4.335
1776818125,467335926,robot_3,4.403,0.090
1776818125,467342755,robot_2,-1.775,-3.425
1776818125,685159622,robot_4,2.054,2.072
1776818125,685176367,robot_1,-1.531,4.448
1776818125,685183414,robot_0,4.048,-4.336
1776818125,685189256,robot_3,4.403,0.090
1776818125,685194884,robot_2,-1.783,-3.374
1776818125,885680181,robot_4,2.038,2.026
1776818125,885699273,robot_1,-1.531,4.449
1776818125,885706387,robot_0,4.048,-4.336
1776818125,885712228,robot_3,4.425,0.107
1776818125,885717734,robot_2,-1.790,-3.334
1776818126,105768592,robot_4,2.018,1.967
1776818126,105789525,robot_1,-1.531,4.449
1776818126,105804241,robot_0,4.049,-4.336
1776818126,105814673,robot_3,4.456,0.130
1776818126,105825791,robot_2,-1.794,-3.308
1776818126,306059118,robot_4,2.005,1.929
1776818126,306081147,robot_1,-1.532,4.450
1776818126,306090836,robot_0,4.049,-4.336
1776818126,306098941,robot_3,4.488,0.154
1776818126,306106921,robot_2,-1.799,-3.278
1776818126,526067898,robot_4,1.993,1.896
1776818126,526086595,robot_1,-1.532,4.450
1776818126,526093198,robot_0,4.050,-4.336
1776818126,526099177,robot_3,4.523,0.180
1776818126,526104927,robot_2,-1.805,-3.235
1776818126,726358123,robot_4,1.983,1.870
1776818126,726379243,robot_1,-1.532,4.450
1776818126,726388658,robot_0,4.050,-4.336
1776818126,726397157,robot_3,4.537,0.190
1776818126,726406090,robot_2,-1.811,-3.201
1776818126,947294215,robot_4,1.965,1.830
1776818126,947319725,robot_1,-1.533,4.450
1776818126,947329871,robot_0,4.050,-4.336
1776818126,947337456,robot_3,4.537,0.191
1776818126,947345427,robot_2,-1.814,-3.184
1776818127,165999555,robot_4,1.942,1.779
1776818127,166019271,robot_1,-1.533,4.450
1776818127,166027601,robot_0,4.050,-4.336
1776818127,166033973,robot_3,4.537,0.191
1776818127,166040608,robot_2,-1.814,-3.184
1776818127,367705953,robot_4,1.922,1.735
1776818127,367745591,robot_1,-1.533,4.451
1776818127,367767054,robot_0,4.049,-4.336
1776818127,367785863,robot_3,4.536,0.192
1776818127,367803214,robot_2,-1.813,-3.183
1776818127,586417915,robot_4,1.904,1.695
1776818127,586441185,robot_1,-1.533,4.451
1776818127,586450103,robot_0,4.049,-4.336
1776818127,586458763,robot_3,4.537,0.192
1776818127,586466648,robot_2,-1.813,-3.183
1776818127,787550121,robot_4,1.889,1.662
1776818127,787580177,robot_1,-1.533,4.451
1776818127,787594023,robot_0,4.048,-4.336
1776818127,787605884,robot_3,4.537,0.193
1776818127,787618290,robot_2,-1.813,-3.183
1776818128,6516343,robot_4,1.874,1.622
1776818128,6537716,robot_1,-1.533,4.450
1776818128,6545761,robot_0,4.048,-4.335
1776818128,6552021,robot_3,4.537,0.193
1776818128,6558080,robot_2,-1.812,-3.182
1776818128,226996573,robot_4,1.857,1.577
1776818128,227016715,robot_1,-1.532,4.450
1776818128,227024529,robot_0,4.047,-4.335
1776818128,227031033,robot_3,4.537,0.193
1776818128,227036573,robot_2,-1.812,-3.182
1776818128,446385861,robot_4,1.830,1.502
1776818128,446404278,robot_1,-1.532,4.450
1776818128,446411190,robot_0,4.047,-4.335
1776818128,446416501,robot_3,4.537,0.194
1776818128,446422060,robot_2,-1.812,-3.182
1776818128,666922342,robot_4,1.812,1.452
1776818128,666943511,robot_1,-1.532,4.449
1776818128,666952705,robot_0,4.047,-4.334
1776818128,666960138,robot_3,4.538,0.194
1776818128,666968258,robot_2,-1.812,-3.181
1776818128,886376646,robot_4,1.795,1.405
1776818128,886394832,robot_1,-1.532,4.449
1776818128,886402284,robot_0,4.046,-4.334
1776818128,886408150,robot_3,4.538,0.194
1776818128,886413823,robot_2,-1.812,-3.181
1776818129,105579441,robot_4,1.776,1.355
1776818129,105598265,robot_1,-1.531,4.448
1776818129,105606041,robot_0,4.046,-4.333
1776818129,105612165,robot_3,4.538,0.194
1776818129,105617573,robot_2,-1.812,-3.181
1776818129,306031159,robot_4,1.763,1.317
1776818129,306056369,robot_1,-1.531,4.448
1776818129,306067417,robot_0,4.046,-4.333
1776818129,306077652,robot_3,4.537,0.194
1776818129,306088054,robot_2,-1.812,-3.181
1776818129,506203209,robot_4,1.752,1.287
1776818129,506222570,robot_1,-1.531,4.447
1776818129,506230045,robot_0,4.046,-4.333
1776818129,506236493,robot_3,4.537,0.193
1776818129,506241886,robot_2,-1.812,-3.181
1776818129,707095277,robot_4,1.742,1.260
1776818129,707122196,robot_1,-1.532,4.447
1776818129,707133892,robot_0,4.046,-4.334
1776818129,707144160,robot_3,4.537,0.193
1776818129,707154343,robot_2,-1.812,-3.180
1776818129,925362540,robot_4,1.727,1.218
1776818129,925380369,robot_1,-1.532,4.447
1776818129,925387499,robot_0,4.047,-4.334
1776818129,925392823,robot_3,4.537,0.192
1776818129,925397885,robot_2,-1.813,-3.180
1776818130,126986233,robot_4,1.713,1.180
1776818130,127025930,robot_1,-1.532,4.448
1776818130,127042365,robot_0,4.047,-4.334
1776818130,127056817,robot_3,4.537,0.192
1776818130,127070127,robot_2,-1.813,-3.180
1776818130,346778573,robot_4,1.698,1.139
1776818130,346808880,robot_1,-1.532,4.448
1776818130,346818922,robot_0,4.047,-4.335
1776818130,346828726,robot_3,4.537,0.192
1776818130,346838373,robot_2,-1.813,-3.179
1776818130,566172135,robot_4,1.683,1.098
1776818130,566193136,robot_1,-1.532,4.449
1776818130,566200700,robot_0,4.048,-4.335
1776818130,566207456,robot_3,4.537,0.191
1776818130,566213320,robot_2,-1.814,-3.179
1776818130,767692703,robot_4,1.665,1.047
1776818130,767717992,robot_1,-1.532,4.449
1776818130,767729646,robot_0,4.048,-4.335
1776818130,767739044,robot_3,4.538,0.191
1776818130,767747851,robot_2,-1.814,-3.179
1776818130,986213243,robot_4,1.646,0.997
1776818130,986245335,robot_1,-1.532,4.449
1776818130,986251631,robot_0,4.049,-4.335
1776818130,986257541,robot_3,4.538,0.190
1776818130,986263899,robot_2,-1.815,-3.179
1776818131,186360585,robot_4,1.633,0.959
1776818131,186379693,robot_1,-1.533,4.450
1776818131,186386754,robot_0,4.049,-4.335
1776818131,186392856,robot_3,4.538,0.190
1776818131,186398516,robot_2,-1.815,-3.179
1776818131,386585119,robot_4,1.608,0.892
1776818131,386602931,robot_1,-1.533,4.450
1776818131,386609829,robot_0,4.050,-4.335
1776818131,386615040,robot_3,4.539,0.190
1776818131,386620714,robot_2,-1.815,-3.179
1776818131,606033450,robot_4,1.586,0.829
1776818131,606051584,robot_1,-1.534,4.450
1776818131,606059616,robot_0,4.050,-4.335
1776818131,606065677,robot_3,4.539,0.190
1776818131,606071258,robot_2,-1.815,-3.179
1776818131,806056520,robot_4,1.571,0.790
1776818131,806074211,robot_1,-1.534,4.450
1776818131,806081030,robot_0,4.050,-4.335
1776818131,806086830,robot_3,4.540,0.190
1776818131,806091962,robot_2,-1.810,-3.198
1776818132,26893563,robot_4,1.547,0.725
1776818132,26927160,robot_1,-1.534,4.450
1776818132,26936057,robot_0,4.050,-4.335
1776818132,26943180,robot_3,4.540,0.190
1776818132,26949810,robot_2,-1.802,-3.231
1776818132,246686255,robot_4,1.529,0.676
1776818132,246712729,robot_1,-1.535,4.450
1776818132,246724172,robot_0,4.049,-4.335
1776818132,246733276,robot_3,4.541,0.190
1776818132,246742154,robot_2,-1.790,-3.277
1776818132,466481474,robot_4,1.514,0.636
1776818132,466521367,robot_1,-1.535,4.449
1776818132,466534225,robot_0,4.048,-4.335
1776818132,466543436,robot_3,4.541,0.190
1776818132,466552842,robot_2,-1.771,-3.352
1776818132,666458611,robot_4,1.500,0.600
1776818132,666477164,robot_1,-1.536,4.449
1776818132,666483863,robot_0,4.048,-4.335
1776818132,666491561,robot_3,4.541,0.190
1776818132,666497309,robot_2,-1.759,-3.400
1776818132,866577997,robot_4,1.486,0.563
1776818132,866609263,robot_1,-1.536,4.449
1776818132,866623917,robot_0,4.048,-4.334
1776818132,866635605,robot_3,4.541,0.190
1776818132,866647283,robot_2,-1.749,-3.446
1776818133,86930052,robot_4,1.472,0.526
1776818133,86960502,robot_1,-1.536,4.448
1776818133,86974960,robot_0,4.047,-4.334
1776818133,86986497,robot_3,4.540,0.190
1776818133,86998078,robot_2,-1.731,-3.526
1776818133,307258926,robot_4,1.460,0.493
1776818133,307279028,robot_1,-1.536,4.448
1776818133,307287296,robot_0,4.047,-4.334
1776818133,307294840,robot_3,4.539,0.190
1776818133,307301595,robot_2,-1.720,-3.577
1776818133,525727961,robot_4,1.444,0.452
1776818133,525749523,robot_1,-1.536,4.448
1776818133,525756489,robot_0,4.046,-4.333
1776818133,525762345,robot_3,4.539,0.190
1776818133,525767872,robot_2,-1.706,-3.635
1776818133,726659623,robot_4,1.423,0.398
1776818133,726688507,robot_1,-1.536,4.448
1776818133,726696406,robot_0,4.046,-4.333
1776818133,726702891,robot_3,4.539,0.190
1776818133,726709220,robot_2,-1.691,-3.702
1776818133,946984991,robot_4,1.398,0.333
1776818133,947016622,robot_1,-1.536,4.448
1776818133,947031922,robot_0,4.046,-4.333
1776818133,947043447,robot_3,4.538,0.191
1776818133,947055325,robot_2,-1.682,-3.746
1776818134,166066708,robot_4,1.382,0.292
1776818134,166087490,robot_1,-1.535,4.449
1776818134,166096236,robot_0,4.046,-4.333
1776818134,166104244,robot_3,4.538,0.191
1776818134,166111174,robot_2,-1.669,-3.801
1776818134,366824968,robot_4,1.358,0.231
1776818134,366854558,robot_1,-1.535,4.449
1776818134,366868536,robot_0,4.046,-4.333
1776818134,366880558,robot_3,4.537,0.192
1776818134,366892050,robot_2,-1.656,-3.851
1776818134,586873706,robot_4,1.332,0.168
1776818134,586906833,robot_1,-1.535,4.449
1776818134,586930686,robot_0,4.046,-4.333
1776818134,586943843,robot_3,4.537,0.192
1776818134,586956283,robot_2,-1.644,-3.893
1776818134,805250097,robot_4,1.314,0.126
1776818134,805269081,robot_1,-1.534,4.449
1776818134,805275914,robot_0,4.047,-4.333
1776818134,805281068,robot_3,4.537,0.192
1776818134,805286448,robot_2,-1.634,-3.929
1776818135,5738552,robot_4,1.289,0.070
1776818135,5757514,robot_1,-1.534,4.449
1776818135,5764073,robot_0,4.047,-4.334
1776818135,5769321,robot_3,4.537,0.192
1776818135,5774753,robot_2,-1.624,-3.964
1776818135,206254185,robot_4,1.269,0.024
1776818135,206271624,robot_1,-1.533,4.449
1776818135,206277948,robot_0,4.047,-4.334
1776818135,206283657,robot_3,4.538,0.191
1776818135,206288786,robot_2,-1.613,-4.003
1776818135,426207590,robot_4,1.250,-0.019
1776818135,426224915,robot_1,-1.533,4.449
1776818135,426231474,robot_0,4.048,-4.334
1776818135,426237855,robot_3,4.538,0.191
1776818135,426243929,robot_2,-1.592,-4.078
1776818135,645140286,robot_4,1.224,-0.078
1776818135,645157237,robot_1,-1.535,4.443
1776818135,645163499,robot_0,4.048,-4.334
1776818135,645169298,robot_3,4.538,0.191
1776818135,645174551,robot_2,-1.575,-4.139
1776818135,846837245,robot_4,1.204,-0.118
1776818135,846866536,robot_1,-1.547,4.408
1776818135,846877163,robot_0,4.049,-4.334
1776818135,846886382,robot_3,4.539,0.191
1776818135,846893872,robot_2,-1.563,-4.181
1776818136,69065205,robot_4,1.182,-0.161
1776818136,69095903,robot_1,-1.561,4.367
1776818136,69109387,robot_0,4.049,-4.334
1776818136,69119974,robot_3,4.539,0.191
1776818136,69130728,robot_2,-1.545,-4.248
1776818136,286545859,robot_4,1.156,-0.210
1776818136,286564680,robot_1,-1.580,4.313
1776818136,286573169,robot_0,4.050,-4.334
1776818136,286579633,robot_3,4.540,0.191
1776818136,286586051,robot_2,-1.534,-4.297
1776818136,505995747,robot_4,1.136,-0.249
1776818136,506014997,robot_1,-1.606,4.237
1776818136,506021638,robot_0,4.050,-4.334
1776818136,506028415,robot_3,4.540,0.191
1776818136,506034047,robot_2,-1.523,-4.344
1776818136,706035377,robot_4,1.111,-0.297
1776818136,706058688,robot_1,-1.620,4.198
1776818136,706068294,robot_0,4.050,-4.334
1776818136,706076485,robot_3,4.541,0.191
1776818136,706083588,robot_2,-1.514,-4.391
1776818136,925386753,robot_4,1.080,-0.358
1776818136,925405835,robot_1,-1.627,4.178
1776818136,925412712,robot_0,4.050,-4.334
1776818136,925418250,robot_3,4.541,0.191
1776818136,925423696,robot_2,-1.513,-4.400
1776818137,125519210,robot_4,1.062,-0.393
1776818137,125537919,robot_1,-1.627,4.178
1776818137,125545042,robot_0,4.050,-4.333
1776818137,125550492,robot_3,4.541,0.192
1776818137,125555956,robot_2,-1.512,-4.400
1776818137,325932669,robot_4,1.044,-0.429
1776818137,325963409,robot_1,-1.626,4.178
1776818137,325977715,robot_0,4.051,-4.333
1776818137,325989962,robot_3,4.541,0.192
1776818137,326001390,robot_2,-1.512,-4.400
1776818137,527267849,robot_4,1.025,-0.464
1776818137,527291187,robot_1,-1.626,4.177
1776818137,527298545,robot_0,4.051,-4.333
1776818137,527304494,robot_3,4.542,0.193
1776818137,527310247,robot_2,-1.511,-4.400
1776818137,727620176,robot_4,1.006,-0.499
1776818137,727651992,robot_1,-1.626,4.177
1776818137,727667876,robot_0,4.051,-4.332
1776818137,727681244,robot_3,4.542,0.193
1776818137,727693488,robot_2,-1.511,-4.401
1776818137,946719192,robot_4,0.973,-0.559
1776818137,946757856,robot_1,-1.625,4.177
1776818137,946766981,robot_0,4.051,-4.332
1776818137,946774666,robot_3,4.542,0.193
1776818137,946782096,robot_2,-1.511,-4.401
1776818138,166573438,robot_4,0.938,-0.622
1776818138,166598084,robot_1,-1.625,4.176
1776818138,166608616,robot_0,4.051,-4.331
1776818138,166616989,robot_3,4.542,0.194
1776818138,166624812,robot_2,-1.510,-4.401
1776818138,385720021,robot_4,0.916,-0.661
1776818138,385741846,robot_1,-1.625,4.176
1776818138,385749195,robot_0,4.051,-4.331
1776818138,385755589,robot_3,4.541,0.194
1776818138,385761429,robot_2,-1.510,-4.402
1776818138,586919781,robot_4,0.883,-0.721
1776818138,586941540,robot_1,-1.625,4.175
1776818138,586950175,robot_0,4.051,-4.330
1776818138,586957368,robot_3,4.506,0.182
1776818138,586964296,robot_2,-1.510,-4.402
1776818138,805915967,robot_4,0.853,-0.775
1776818138,805933032,robot_1,-1.625,4.175
1776818138,805940474,robot_0,4.051,-4.330
1776818138,805946103,robot_3,4.462,0.168
1776818138,805951755,robot_2,-1.510,-4.403
1776818139,26006554,robot_4,0.831,-0.816
1776818139,26026109,robot_1,-1.625,4.175
1776818139,26033322,robot_0,4.051,-4.330
1776818139,26039541,robot_3,4.416,0.153
1776818139,26044862,robot_2,-1.510,-4.403
1776818139,245545862,robot_4,0.806,-0.862
1776818139,245564867,robot_1,-1.625,4.175
1776818139,245571901,robot_0,4.051,-4.331
1776818139,245577772,robot_3,4.340,0.128
1776818139,245583329,robot_2,-1.510,-4.402
1776818139,447265425,robot_4,0.786,-0.898
1776818139,447290423,robot_1,-1.625,4.175
1776818139,447301734,robot_0,4.051,-4.331
1776818139,447311925,robot_3,4.292,0.112
1776818139,447320701,robot_2,-1.510,-4.402
1776818139,665285077,robot_4,0.760,-0.946
1776818139,665303108,robot_1,-1.625,4.175
1776818139,665310024,robot_0,4.051,-4.332
1776818139,665315532,robot_3,4.255,0.100
1776818139,665320938,robot_2,-1.511,-4.402
1776818139,865735128,robot_4,0.723,-1.011
1776818139,865771387,robot_1,-1.625,4.176
1776818139,865778096,robot_0,4.051,-4.332
1776818139,865784127,robot_3,4.228,0.091
1776818139,865796838,robot_2,-1.511,-4.401
1776818140,66402630,robot_4,0.700,-1.053
1776818140,66421295,robot_1,-1.626,4.176
1776818140,66427800,robot_0,4.051,-4.333
1776818140,66433172,robot_3,4.190,0.080
1776818140,66438456,robot_2,-1.511,-4.401
1776818140,286349534,robot_4,0.682,-1.087
1776818140,286374330,robot_1,-1.626,4.177
1776818140,286384022,robot_0,4.050,-4.333
1776818140,286391819,robot_3,4.134,0.064
1776818140,286398752,robot_2,-1.512,-4.401
1776818140,505983145,robot_4,0.665,-1.118
1776818140,506003084,robot_1,-1.626,4.177
1776818140,506010696,robot_0,4.050,-4.333
1776818140,506016442,robot_3,4.056,0.041
1776818140,506021700,robot_2,-1.512,-4.401
1776818140,725567329,robot_4,0.644,-1.156
1776818140,725589718,robot_1,-1.627,4.177
1776818140,725598995,robot_0,4.049,-4.334
1776818140,725606752,robot_3,4.012,0.028
1776818140,725614306,robot_2,-1.513,-4.401
1776818140,925843805,robot_4,0.630,-1.182
1776818140,925863036,robot_1,-1.627,4.177
1776818140,925869704,robot_0,4.049,-4.334
1776818140,925875706,robot_3,3.955,0.012
1776818140,925881070,robot_2,-1.513,-4.401
1776818141,145298299,robot_4,0.614,-1.209
1776818141,145317577,robot_1,-1.627,4.177
1776818141,145325302,robot_0,4.049,-4.334
1776818141,145331271,robot_3,3.887,-0.008
1776818141,145337098,robot_2,-1.513,-4.401
1776818141,346525772,robot_4,0.595,-1.244
1776818141,346556055,robot_1,-1.628,4.177
1776818141,346568880,robot_0,4.049,-4.334
1776818141,346580435,robot_3,3.848,-0.019
1776818141,346591778,robot_2,-1.514,-4.401
1776818141,548013608,robot_4,0.566,-1.297
1776818141,548034272,robot_1,-1.628,4.177
1776818141,548041625,robot_0,4.049,-4.334
1776818141,548047483,robot_3,3.792,-0.036
1776818141,548053522,robot_2,-1.514,-4.402
1776818141,767412014,robot_4,0.533,-1.353
1776818141,767447277,robot_1,-1.629,4.177
1776818141,767464012,robot_0,4.049,-4.334
1776818141,767477772,robot_3,3.731,-0.053
1776818141,767491600,robot_2,-1.514,-4.402
1776818141,987198321,robot_4,0.510,-1.390
1776818141,987238555,robot_1,-1.629,4.177
1776818141,987260449,robot_0,4.050,-4.333
1776818141,987278922,robot_3,3.688,-0.066
1776818141,987295785,robot_2,-1.515,-4.402
1776818142,206302102,robot_4,0.468,-1.457
1776818142,206320680,robot_1,-1.629,4.177
1776818142,206328558,robot_0,4.050,-4.333
1776818142,206335192,robot_3,3.629,-0.083
1776818142,206341617,robot_2,-1.515,-4.403
1776818142,425318241,robot_4,0.435,-1.509
1776818142,425336720,robot_1,-1.630,4.176
1776818142,425343886,robot_0,4.050,-4.333
1776818142,425350085,robot_3,3.581,-0.097
1776818142,425355619,robot_2,-1.515,-4.403
1776818142,645145396,robot_4,0.410,-1.550
1776818142,645164405,robot_1,-1.630,4.176
1776818142,645171401,robot_0,4.050,-4.332
1776818142,645176962,robot_3,3.543,-0.108
1776818142,645182382,robot_2,-1.515,-4.403
1776818142,847004616,robot_4,0.381,-1.596
1776818142,847027062,robot_1,-1.630,4.176
1776818142,847036156,robot_0,4.050,-4.332
1776818142,847043099,robot_3,3.519,-0.115
1776818142,847050708,robot_2,-1.515,-4.403
1776818143,66580996,robot_4,0.356,-1.635
1776818143,66620960,robot_1,-1.630,4.176
1776818143,66641003,robot_0,4.050,-4.331
1776818143,66657717,robot_3,3.480,-0.127
1776818143,66673513,robot_2,-1.515,-4.403
1776818143,285603652,robot_4,0.331,-1.676
1776818143,285623485,robot_1,-1.630,4.176
1776818143,285631551,robot_0,4.050,-4.331
1776818143,285637519,robot_3,3.425,-0.144
1776818143,285643058,robot_2,-1.514,-4.402
1776818143,485837641,robot_4,0.306,-1.716
1776818143,485858297,robot_1,-1.629,4.177
1776818143,485865503,robot_0,4.050,-4.330
1776818143,485871367,robot_3,3.353,-0.166
1776818143,485876853,robot_2,-1.514,-4.402
1776818143,687073675,robot_4,0.284,-1.750
1776818143,687114817,robot_1,-1.629,4.177
1776818143,687136356,robot_0,4.050,-4.330
1776818143,687154389,robot_3,3.311,-0.179
1776818143,687171578,robot_2,-1.514,-4.402
1776818143,906230579,robot_4,0.260,-1.788
1776818143,906250981,robot_1,-1.628,4.177
1776818143,906258092,robot_0,4.050,-4.330
1776818143,906264298,robot_3,3.280,-0.188
1776818143,906270130,robot_2,-1.513,-4.401
1776818144,106799746,robot_4,0.238,-1.823
1776818144,106831524,robot_1,-1.628,4.177
1776818144,106846985,robot_0,4.050,-4.331
1776818144,106858945,robot_3,3.259,-0.195
1776818144,106879257,robot_2,-1.513,-4.401
1776818144,326287652,robot_4,0.236,-1.826
1776818144,326307297,robot_1,-1.627,4.177
1776818144,326315002,robot_0,4.050,-4.331
1776818144,326321515,robot_3,3.218,-0.210
1776818144,326327572,robot_2,-1.512,-4.401
1776818144,527759994,robot_4,0.236,-1.826
1776818144,527780025,robot_1,-1.627,4.177
1776818144,527787193,robot_0,4.050,-4.332
1776818144,527793330,robot_3,3.160,-0.231
1776818144,527799364,robot_2,-1.512,-4.401
1776818144,746522506,robot_4,0.236,-1.826
1776818144,746545851,robot_1,-1.626,4.177
1776818144,746555589,robot_0,4.050,-4.332
1776818144,746564185,robot_3,3.089,-0.258
1776818144,746573174,robot_2,-1.512,-4.401
1776818144,968414883,robot_4,0.235,-1.826
1776818144,968432346,robot_1,-1.626,4.177
1776818144,968440233,robot_0,4.050,-4.333
1776818144,968446303,robot_3,3.047,-0.273
1776818144,968451940,robot_2,-1.512,-4.401
1776818145,186281978,robot_4,0.235,-1.826
1776818145,186312051,robot_1,-1.626,4.177
1776818145,186325901,robot_0,4.049,-4.333
1776818145,186338209,robot_3,2.992,-0.294
1776818145,186349917,robot_2,-1.512,-4.401
1776818145,405666455,robot_4,0.234,-1.826
1776818145,405685888,robot_1,-1.627,4.177
1776818145,405693889,robot_0,4.049,-4.334
1776818145,405700739,robot_3,2.944,-0.312
1776818145,405707202,robot_2,-1.513,-4.401
1776818145,606833883,robot_4,0.234,-1.826
1776818145,606859034,robot_1,-1.627,4.177
1776818145,606870242,robot_0,4.048,-4.334
1776818145,606879490,robot_3,2.905,-0.327
1776818145,606887567,robot_2,-1.513,-4.402
