stamp_sec,stamp_nsec,robot,x,y
1777414432,275689767,robot_3,1.250,-0.250
1777414432,275747593,robot_2,-3.250,-1.750
1777414432,275776631,robot_4,-1.750,1.250
1777414432,275802087,robot_0,3.500,-3.250
1777414432,275825691,robot_1,-0.250,3.500
1777414433,451884808,robot_3,1.250,-0.250
1777414433,451906408,robot_2,-3.250,-1.750
1777414433,451913361,robot_4,-1.750,1.250
1777414433,451919024,robot_0,3.500,-3.250
1777414433,451924470,robot_1,-0.250,3.500
1777414433,672108491,robot_3,1.287,-0.250
1777414433,672128344,robot_2,-3.211,-1.750
1777414433,672136417,robot_4,-1.714,1.250
1777414433,672142538,robot_0,3.531,-3.250
1777414433,672148737,robot_1,-0.225,3.500
1777414433,890180912,robot_3,1.353,-0.253
1777414433,890198049,robot_2,-3.139,-1.748
1777414433,890204957,robot_4,-1.654,1.246
1777414433,890210560,robot_0,3.588,-3.250
1777414433,890215881,robot_1,-0.181,3.500
1777414434,91374215,robot_3,1.412,-0.261
1777414434,91405664,robot_2,-3.075,-1.742
1777414434,91420960,robot_4,-1.602,1.237
1777414434,91427608,robot_0,3.628,-3.250
1777414434,91435037,robot_1,-0.141,3.500
1777414434,310284984,robot_3,1.477,-0.275
1777414434,310310995,robot_2,-3.004,-1.732
1777414434,310318202,robot_4,-1.546,1.221
1777414434,310324085,robot_0,3.672,-3.250
1777414434,310329449,robot_1,-0.065,3.500
1777414434,511975110,robot_3,1.534,-0.292
1777414434,512000919,robot_2,-2.940,-1.720
1777414434,512026098,robot_4,-1.497,1.200
1777414434,512034076,robot_0,3.715,-3.250
1777414434,512041516,robot_1,-0.006,3.500
1777414434,731158236,robot_3,1.596,-0.316
1777414434,731186005,robot_2,-2.871,-1.702
1777414434,731194387,robot_4,-1.447,1.170
1777414434,731201011,robot_0,3.774,-3.250
1777414434,731206783,robot_1,0.042,3.500
1777414434,951315090,robot_3,1.654,-0.346
1777414434,951338383,robot_2,-2.814,-1.685
1777414434,951345911,robot_4,-1.401,1.133
1777414434,951351462,robot_0,3.852,-3.250
1777414434,951356756,robot_1,0.086,3.500
1777414435,151391971,robot_3,1.697,-0.374
1777414435,151424440,robot_2,-2.777,-1.671
1777414435,151439700,robot_4,-1.371,1.100
1777414435,151451711,robot_0,3.916,-3.250
1777414435,151462333,robot_1,0.126,3.500
1777414435,352038594,robot_3,1.730,-0.398
1777414435,352060995,robot_2,-2.739,-1.657
1777414435,352070242,robot_4,-1.345,1.070
1777414435,352078010,robot_0,3.956,-3.250
1777414435,352084791,robot_1,0.164,3.500
1777414435,552408054,robot_3,1.762,-0.422
1777414435,552430970,robot_2,-2.708,-1.645
1777414435,552440644,robot_4,-1.319,1.039
1777414435,552448420,robot_0,3.996,-3.250
1777414435,552455244,robot_1,0.196,3.500
1777414435,770860079,robot_3,1.807,-0.455
1777414435,770882646,robot_2,-2.677,-1.633
1777414435,770891386,robot_4,-1.277,0.993
1777414435,770909635,robot_0,4.056,-3.250
1777414435,770923221,robot_1,0.242,3.500
1777414435,973121687,robot_3,1.850,-0.486
1777414435,973142965,robot_2,-2.649,-1.622
1777414435,973149697,robot_4,-1.237,0.958
1777414435,973155593,robot_0,4.130,-3.250
1777414435,973160936,robot_1,0.288,3.496
1777414436,191605931,robot_3,1.873,-0.502
1777414436,191628865,robot_2,-2.621,-1.606
1777414436,191638179,robot_4,-1.189,0.927
1777414436,191645835,robot_0,4.188,-3.250
1777414436,191653271,robot_1,0.339,3.488
1777414436,412091863,robot_3,1.906,-0.526
1777414436,412117641,robot_2,-2.594,-1.587
1777414436,412129091,robot_4,-1.138,0.903
1777414436,412137647,robot_0,4.236,-3.250
1777414436,412146154,robot_1,0.387,3.474
1777414436,612133844,robot_3,1.938,-0.550
1777414436,612173667,robot_2,-2.571,-1.568
1777414436,612193828,robot_4,-1.088,0.885
1777414436,612206526,robot_0,4.276,-3.250
1777414436,612218809,robot_1,0.428,3.457
1777414436,830766710,robot_3,1.974,-0.576
1777414436,830796967,robot_2,-2.545,-1.544
1777414436,830807017,robot_4,-1.031,0.867
1777414436,830814603,robot_0,4.320,-3.250
1777414436,830822663,robot_1,0.472,3.435
1777414437,50974613,robot_3,2.026,-0.614
1777414437,51014527,robot_2,-2.523,-1.518
1777414437,51030180,robot_4,-0.972,0.856
1777414437,51047874,robot_0,4.385,-3.250
1777414437,51055495,robot_1,0.513,3.409
1777414437,270157687,robot_3,2.078,-0.652
1777414437,270184588,robot_2,-2.501,-1.488
1777414437,270192316,robot_4,-0.922,0.853
1777414437,270198896,robot_0,4.444,-3.250
1777414437,270205101,robot_1,0.548,3.381
1777414437,471242378,robot_3,2.123,-0.684
1777414437,471268811,robot_2,-2.480,-1.454
1777414437,471278828,robot_4,-0.878,0.853
1777414437,471287027,robot_0,4.484,-3.250
1777414437,471294317,robot_1,0.579,3.355
1777414437,691744565,robot_3,2.158,-0.710
1777414437,691765474,robot_2,-2.457,-1.416
1777414437,691773556,robot_4,-0.831,0.851
1777414437,691780302,robot_0,4.528,-3.250
1777414437,691788256,robot_1,0.612,3.327
1777414437,910810227,robot_3,2.194,-0.736
1777414437,910841060,robot_2,-2.434,-1.377
1777414437,910850783,robot_4,-0.783,0.843
1777414437,910859187,robot_0,4.572,-3.250
1777414437,910866869,robot_1,0.663,3.283
1777414438,111141862,robot_3,2.232,-0.764
1777414438,111164796,robot_2,-2.409,-1.339
1777414438,111174180,robot_4,-0.742,0.830
1777414438,111181920,robot_0,4.607,-3.250
1777414438,111188336,robot_1,0.705,3.241
1777414438,311160889,robot_3,2.281,-0.799
1777414438,311187887,robot_2,-2.381,-1.303
1777414438,311199721,robot_4,-0.702,0.811
1777414438,311209533,robot_0,4.607,-3.250
1777414438,311218317,robot_1,0.744,3.197
1777414438,512174535,robot_3,2.339,-0.841
1777414438,512201182,robot_2,-2.350,-1.270
1777414438,512212025,robot_4,-0.665,0.787
1777414438,512220337,robot_0,4.607,-3.250
1777414438,512228222,robot_1,0.779,3.149
1777414438,731142172,robot_3,2.392,-0.879
1777414438,731163346,robot_2,-2.312,-1.237
1777414438,731172942,robot_4,-0.631,0.758
1777414438,731179349,robot_0,4.607,-3.250
1777414438,731185755,robot_1,0.813,3.094
1777414438,950655292,robot_3,2.427,-0.905
1777414438,950677414,robot_2,-2.272,-1.208
1777414438,950684641,robot_4,-0.600,0.727
1777414438,950689711,robot_0,4.607,-3.250
1777414438,950695195,robot_1,0.842,3.036
1777414439,150818278,robot_3,2.460,-0.929
1777414439,150836863,robot_2,-2.232,-1.186
1777414439,150843538,robot_4,-0.572,0.699
1777414439,150849325,robot_0,4.607,-3.250
1777414439,150854537,robot_1,0.864,2.981
1777414439,351813619,robot_3,2.485,-0.947
1777414439,351847400,robot_2,-2.189,-1.168
1777414439,351862345,robot_4,-0.537,0.663
1777414439,351874948,robot_0,4.607,-3.249
1777414439,351886758,robot_1,0.878,2.938
1777414439,571058776,robot_3,2.508,-0.962
1777414439,571087838,robot_2,-2.135,-1.151
1777414439,571099037,robot_4,-0.504,0.629
1777414439,571109077,robot_0,4.608,-3.249
1777414439,571117760,robot_1,0.888,2.897
1777414439,791133665,robot_3,2.532,-0.973
1777414439,791160336,robot_2,-2.080,-1.141
1777414439,791172894,robot_4,-0.481,0.606
1777414439,791183027,robot_0,4.608,-3.249
1777414439,791192654,robot_1,0.898,2.854
1777414439,991546657,robot_3,2.556,-0.980
1777414439,991577255,robot_2,-2.029,-1.138
1777414439,991590205,robot_4,-0.453,0.577
1777414439,991601182,robot_0,4.608,-3.249
1777414439,991611204,robot_1,0.908,2.815
1777414440,210741516,robot_3,2.583,-0.984
1777414440,210760978,robot_2,-1.973,-1.143
1777414440,210775361,robot_4,-0.422,0.546
1777414440,210781095,robot_0,4.609,-3.249
1777414440,210786784,robot_1,0.918,2.774
1777414440,412180766,robot_3,2.608,-0.984
1777414440,412214518,robot_2,-1.923,-1.153
1777414440,412229760,robot_4,-0.393,0.515
1777414440,412242288,robot_0,4.609,-3.249
1777414440,412254243,robot_1,0.926,2.738
1777414440,629885290,robot_3,2.635,-0.980
1777414440,629904990,robot_2,-1.870,-1.171
1777414440,629911863,robot_4,-0.338,0.460
1777414440,629917590,robot_0,4.609,-3.249
1777414440,629922880,robot_1,0.932,2.711
1777414440,831102560,robot_3,2.657,-0.973
1777414440,831125009,robot_2,-1.824,-1.194
1777414440,831134439,robot_4,-0.290,0.411
1777414440,831142838,robot_0,4.609,-3.249
1777414440,831150803,robot_1,0.936,2.686
1777414441,50633295,robot_3,2.677,-0.964
1777414441,50653486,robot_2,-1.786,-1.218
1777414441,50660864,robot_4,-0.242,0.362
1777414441,50666874,robot_0,4.609,-3.249
1777414441,50672582,robot_1,0.937,2.659
1777414441,270555529,robot_3,2.698,-0.955
1777414441,270573345,robot_2,-1.751,-1.244
1777414441,270580142,robot_4,-0.212,0.331
1777414441,270585810,robot_0,4.609,-3.249
1777414441,270591358,robot_1,0.934,2.631
1777414441,470627678,robot_3,2.717,-0.949
1777414441,470648989,robot_2,-1.720,-1.267
1777414441,470656524,robot_4,-0.184,0.302
1777414441,470662251,robot_0,4.610,-3.249
1777414441,470667838,robot_1,0.929,2.607
1777414441,671270677,robot_3,2.737,-0.944
1777414441,671289712,robot_2,-1.691,-1.289
1777414441,671296655,robot_4,-0.159,0.277
1777414441,671301944,robot_0,4.610,-3.249
1777414441,671307193,robot_1,0.922,2.583
1777414441,890379315,robot_3,2.759,-0.942
1777414441,890398986,robot_2,-1.665,-1.308
1777414441,890407845,robot_4,-0.137,0.253
1777414441,890414876,robot_0,4.610,-3.249
1777414441,890421392,robot_1,0.910,2.558
1777414442,90753841,robot_3,2.779,-0.941
1777414442,90771032,robot_2,-1.641,-1.326
1777414442,90777490,robot_4,-0.120,0.229
1777414442,90783311,robot_0,4.610,-3.249
1777414442,90788769,robot_1,0.890,2.524
1777414442,291674533,robot_3,2.804,-0.944
1777414442,291702463,robot_2,-1.609,-1.350
1777414442,291715481,robot_4,-0.105,0.203
1777414442,291725633,robot_0,4.611,-3.249
1777414442,291735743,robot_1,0.869,2.490
1777414442,511099110,robot_3,2.848,-0.951
1777414442,511120697,robot_2,-1.573,-1.376
1777414442,511129594,robot_4,-0.093,0.173
1777414442,511135989,robot_0,4.611,-3.250
1777414442,511142055,robot_1,0.845,2.453
1777414442,711925131,robot_3,2.887,-0.958
1777414442,711956356,robot_2,-1.534,-1.405
1777414442,711973678,robot_4,-0.085,0.144
1777414442,711987663,robot_0,4.611,-3.250
1777414442,711997991,robot_1,0.808,2.396
1777414442,930460265,robot_3,2.934,-0.966
1777414442,930480621,robot_2,-1.474,-1.450
1777414442,930488606,robot_4,-0.080,0.112
1777414442,930494589,robot_0,4.611,-3.250
1777414442,930500229,robot_1,0.764,2.334
1777414443,131333832,robot_3,2.979,-0.973
1777414443,131353466,robot_2,-1.420,-1.490
1777414443,131360387,robot_4,-0.080,0.078
1777414443,131366107,robot_0,4.611,-3.251
1777414443,131371120,robot_1,0.723,2.279
1777414443,331554473,robot_3,3.025,-0.977
1777414443,331590042,robot_2,-1.379,-1.520
1777414443,331599224,robot_4,-0.085,0.006
1777414443,331609286,robot_0,4.611,-3.251
1777414443,331618417,robot_1,0.680,2.226
1777414443,551856858,robot_3,3.076,-0.978
1777414443,551879157,robot_2,-1.379,-1.521
1777414443,551888505,robot_4,-0.090,-0.052
1777414443,551905571,robot_0,4.611,-3.251
1777414443,551912468,robot_1,0.631,2.169
1777414443,769822013,robot_3,3.127,-0.975
1777414443,769839074,robot_2,-1.379,-1.521
1777414443,769845964,robot_4,-0.094,-0.096
1777414443,769851460,robot_0,4.611,-3.251
1777414443,769856311,robot_1,0.580,2.113
1777414443,970537335,robot_3,3.172,-0.969
1777414443,970559638,robot_2,-1.379,-1.521
1777414443,970570181,robot_4,-0.097,-0.136
1777414443,970579063,robot_0,4.611,-3.251
1777414443,970586220,robot_1,0.532,2.065
1777414444,189821957,robot_3,3.222,-0.959
1777414444,189841732,robot_2,-1.378,-1.520
1777414444,189848378,robot_4,-0.103,-0.200
1777414444,189853754,robot_0,4.610,-3.251
1777414444,189859146,robot_1,0.501,2.035
1777414444,390067535,robot_3,3.261,-0.948
1777414444,390085051,robot_2,-1.378,-1.520
1777414444,390091743,robot_4,-0.108,-0.258
1777414444,390097145,robot_0,4.610,-3.252
1777414444,390102432,robot_1,0.477,2.014
1777414444,610239096,robot_3,3.286,-0.939
1777414444,610257587,robot_2,-1.378,-1.520
1777414444,610264276,robot_4,-0.110,-0.317
1777414444,610269801,robot_0,4.610,-3.252
1777414444,610275552,robot_1,0.445,1.984
1777414444,811043195,robot_3,3.308,-0.928
1777414444,811068923,robot_2,-1.377,-1.520
1777414444,811076248,robot_4,-0.106,-0.370
1777414444,811081867,robot_0,4.610,-3.252
1777414444,811087383,robot_1,0.415,1.957
1777414445,30065004,robot_3,3.331,-0.914
1777414445,30085621,robot_2,-1.377,-1.520
1777414445,30092664,robot_4,-0.096,-0.428
1777414445,30098365,robot_0,4.609,-3.252
1777414445,30103364,robot_1,0.372,1.917
1777414445,231142799,robot_3,3.350,-0.899
1777414445,231160341,robot_2,-1.376,-1.520
1777414445,231168498,robot_4,-0.080,-0.479
1777414445,231175205,robot_0,4.609,-3.252
1777414445,231180391,robot_1,0.329,1.875
1777414445,433510443,robot_3,3.367,-0.881
1777414445,433535837,robot_2,-1.376,-1.520
1777414445,433543763,robot_4,-0.059,-0.528
1777414445,433551053,robot_0,4.609,-3.252
1777414445,433556990,robot_1,0.292,1.832
1777414445,652113507,robot_3,3.384,-0.861
1777414445,652140033,robot_2,-1.376,-1.521
1777414445,652151321,robot_4,-0.030,-0.579
1777414445,652161457,robot_0,4.609,-3.252
1777414445,652170359,robot_1,0.256,1.781
1777414445,871054011,robot_3,3.400,-0.836
1777414445,871080348,robot_2,-1.375,-1.521
1777414445,871091141,robot_4,0.002,-0.622
1777414445,871111810,robot_0,4.608,-3.252
1777414445,871120142,robot_1,0.226,1.726
1777414446,91003505,robot_3,3.420,-0.797
1777414446,91044854,robot_2,-1.375,-1.521
1777414446,91059132,robot_4,0.031,-0.654
1777414446,91070077,robot_0,4.609,-3.252
1777414446,91081234,robot_1,0.201,1.669
1777414446,291424728,robot_3,3.437,-0.761
1777414446,291446667,robot_2,-1.375,-1.521
1777414446,291456286,robot_4,0.058,-0.684
1777414446,291464250,robot_0,4.609,-3.252
1777414446,291471691,robot_1,0.183,1.615
1777414446,511269906,robot_3,3.454,-0.726
1777414446,511303356,robot_2,-1.375,-1.521
1777414446,511319435,robot_4,0.100,-0.730
1777414446,511329351,robot_0,4.608,-3.252
1777414446,511339653,robot_1,0.171,1.563
1777414446,711568597,robot_3,3.466,-0.702
1777414446,711588931,robot_2,-1.376,-1.521
1777414446,711596181,robot_4,0.148,-0.781
1777414446,711602821,robot_0,4.608,-3.252
1777414446,711608241,robot_1,0.167,1.526
1777414446,911918071,robot_3,3.476,-0.682
1777414446,911935450,robot_2,-1.376,-1.520
1777414446,911942578,robot_4,0.177,-0.812
1777414446,911948444,robot_0,4.608,-3.252
1777414446,911954004,robot_1,0.170,1.488
1777414447,133029896,robot_3,3.491,-0.652
1777414447,133068379,robot_2,-1.376,-1.520
1777414447,133084726,robot_4,0.213,-0.843
1777414447,133097564,robot_0,4.608,-3.251
1777414447,133110060,robot_1,0.178,1.448
1777414447,351055946,robot_3,3.510,-0.612
1777414447,351076736,robot_2,-1.377,-1.520
1777414447,351085348,robot_4,0.252,-0.867
1777414447,351091615,robot_0,4.607,-3.251
1777414447,351098174,robot_1,0.193,1.410
1777414447,551567282,robot_3,3.528,-0.576
1777414447,551588795,robot_2,-1.377,-1.521
1777414447,551597687,robot_4,0.291,-0.884
1777414447,551604528,robot_0,4.607,-3.251
1777414447,551611206,robot_1,0.212,1.378
1777414447,751851214,robot_3,3.548,-0.534
1777414447,751871789,robot_2,-1.377,-1.521
1777414447,751880426,robot_4,0.332,-0.895
1777414447,751887488,robot_0,4.607,-3.250
1777414447,751894241,robot_1,0.235,1.349
1777414447,971667424,robot_3,3.572,-0.485
1777414447,971689932,robot_2,-1.378,-1.521
1777414447,971697322,robot_4,0.379,-0.900
1777414447,971703240,robot_0,4.607,-3.250
1777414447,971708579,robot_1,0.266,1.321
1777414448,191558364,robot_3,3.593,-0.445
1777414448,191592015,robot_2,-1.378,-1.521
1777414448,191607882,robot_4,0.425,-0.898
1777414448,191620683,robot_0,4.607,-3.250
1777414448,191632349,robot_1,0.302,1.295
1777414448,391726703,robot_3,3.616,-0.410
1777414448,391750101,robot_2,-1.378,-1.522
1777414448,391760168,robot_4,0.465,-0.891
1777414448,391768730,robot_0,4.607,-3.250
1777414448,391776154,robot_1,0.336,1.274
1777414448,611443709,robot_3,3.646,-0.375
1777414448,611475897,robot_2,-1.378,-1.522
1777414448,611492288,robot_4,0.508,-0.881
1777414448,611507171,robot_0,4.607,-3.250
1777414448,611521038,robot_1,0.384,1.242
1777414448,830996526,robot_3,3.681,-0.344
1777414448,831025106,robot_2,-1.378,-1.522
1777414448,831032968,robot_4,0.553,-0.870
1777414448,831038874,robot_0,4.607,-3.250
1777414448,831044919,robot_1,0.445,1.203
1777414449,31472154,robot_3,3.716,-0.321
1777414449,31494397,robot_2,-1.378,-1.523
1777414449,31504535,robot_4,0.605,-0.857
1777414449,31512822,robot_0,4.607,-3.250
1777414449,31520954,robot_1,0.471,1.186
1777414449,250030526,robot_3,3.757,-0.301
1777414449,250049267,robot_2,-1.378,-1.523
1777414449,250058198,robot_4,0.659,-0.844
1777414449,250066364,robot_0,4.607,-3.250
1777414449,250072579,robot_1,0.505,1.164
1777414449,451441247,robot_3,3.796,-0.288
1777414449,451469120,robot_2,-1.378,-1.523
1777414449,451480511,robot_4,0.704,-0.833
1777414449,451490282,robot_0,4.607,-3.250
1777414449,451499118,robot_1,0.538,1.142
1777414449,670453231,robot_3,3.840,-0.279
1777414449,670471709,robot_2,-1.378,-1.524
1777414449,670480085,robot_4,0.747,-0.822
1777414449,670485547,robot_0,4.608,-3.251
1777414449,670490188,robot_1,0.575,1.118
1777414449,891145610,robot_3,3.883,-0.272
1777414449,891171918,robot_2,-1.378,-1.524
1777414449,891183812,robot_4,0.790,-0.812
1777414449,891192987,robot_0,4.608,-3.251
1777414449,891202135,robot_1,0.598,1.104
1777414450,91796529,robot_3,3.917,-0.266
1777414450,91818512,robot_2,-1.378,-1.524
1777414450,91826673,robot_4,0.823,-0.804
1777414450,91833901,robot_0,4.608,-3.251
1777414450,91839843,robot_1,0.616,1.094
1777414450,310172028,robot_3,3.941,-0.262
1777414450,310189610,robot_2,-1.378,-1.524
1777414450,310196818,robot_4,0.854,-0.794
1777414450,310202347,robot_0,4.608,-3.251
1777414450,310207518,robot_1,0.637,1.085
1777414450,511536795,robot_3,3.962,-0.255
1777414450,511562654,robot_2,-1.378,-1.524
1777414450,511572279,robot_4,0.882,-0.783
1777414450,511580520,robot_0,4.609,-3.251
1777414450,511587332,robot_1,0.658,1.080
1777414450,711892831,robot_3,3.982,-0.246
1777414450,711920906,robot_2,-1.378,-1.523
1777414450,711932878,robot_4,0.908,-0.770
1777414450,711942760,robot_0,4.609,-3.251
1777414450,711952217,robot_1,0.678,1.077
1777414450,930739529,robot_3,4.002,-0.232
1777414450,930769550,robot_2,-1.378,-1.523
1777414450,930776069,robot_4,0.935,-0.752
1777414450,930782131,robot_0,4.609,-3.251
1777414450,930787638,robot_1,0.702,1.077
1777414451,151461982,robot_3,4.020,-0.215
1777414451,151490031,robot_2,-1.378,-1.522
1777414451,151498968,robot_4,0.961,-0.732
1777414451,151506787,robot_0,4.609,-3.251
1777414451,151512847,robot_1,0.724,1.079
1777414451,370693223,robot_3,4.034,-0.196
1777414451,370715968,robot_2,-1.378,-1.522
1777414451,370725729,robot_4,0.983,-0.708
1777414451,370733872,robot_0,4.610,-3.251
1777414451,370741547,robot_1,0.754,1.087
1777414451,570869386,robot_3,4.046,-0.174
1777414451,570891588,robot_2,-1.378,-1.522
1777414451,570901474,robot_4,1.009,-0.676
1777414451,570909197,robot_0,4.610,-3.251
1777414451,570916170,robot_1,0.787,1.097
1777414451,789912963,robot_3,4.068,-0.117
1777414451,789931262,robot_2,-1.378,-1.521
1777414451,789937871,robot_4,1.053,-0.614
1777414451,789943544,robot_0,4.610,-3.251
1777414451,789948632,robot_1,0.829,1.109
1777414451,990413612,robot_3,4.086,-0.064
1777414451,990434145,robot_2,-1.377,-1.521
1777414451,990441689,robot_4,1.092,-0.562
1777414451,990447232,robot_0,4.610,-3.250
1777414451,990452711,robot_1,0.867,1.121
1777414452,190942779,robot_3,4.108,-0.012
1777414452,190962518,robot_2,-1.372,-1.526
1777414452,190969747,robot_4,1.133,-0.513
1777414452,190975550,robot_0,4.610,-3.250
1777414452,190980858,robot_1,0.903,1.132
1777414452,391122223,robot_3,4.132,0.039
1777414452,391149518,robot_2,-1.345,-1.555
1777414452,391155963,robot_4,1.176,-0.466
1777414452,391161310,robot_0,4.610,-3.250
1777414452,391166966,robot_1,0.936,1.141
1777414452,591197492,robot_3,4.161,0.087
1777414452,591222436,robot_2,-1.318,-1.584
1777414452,591234325,robot_4,1.222,-0.422
1777414452,591242879,robot_0,4.610,-3.250
1777414452,591251380,robot_1,0.969,1.148
1777414452,810308828,robot_3,4.196,0.138
1777414452,810326151,robot_2,-1.293,-1.605
1777414452,810333248,robot_4,1.276,-0.376
1777414452,810338602,robot_0,4.610,-3.250
1777414452,810343980,robot_1,1.007,1.153
1777414453,11751760,robot_3,4.232,0.182
1777414453,11774162,robot_2,-1.282,-1.616
1777414453,11782958,robot_4,1.326,-0.339
1777414453,11789857,robot_0,4.610,-3.250
1777414453,11795992,robot_1,1.041,1.154
1777414453,231410863,robot_3,4.243,0.195
1777414453,231438897,robot_2,-1.280,-1.618
1777414453,231448251,robot_4,1.363,-0.313
1777414453,231454920,robot_0,4.610,-3.251
1777414453,231461638,robot_1,1.079,1.153
1777414453,450564980,robot_3,4.243,0.195
1777414453,450588248,robot_2,-1.280,-1.618
1777414453,450595699,robot_4,1.400,-0.289
1777414453,450601827,robot_0,4.610,-3.251
1777414453,450606806,robot_1,1.116,1.149
1777414453,669942190,robot_3,4.243,0.195
1777414453,669962408,robot_2,-1.280,-1.618
1777414453,669969510,robot_4,1.430,-0.269
1777414453,669975325,robot_0,4.609,-3.251
1777414453,669980693,robot_1,1.161,1.141
1777414453,870132056,robot_3,4.244,0.195
1777414453,870151664,robot_2,-1.280,-1.617
1777414453,870159576,robot_4,1.451,-0.257
1777414453,870165008,robot_0,4.609,-3.251
1777414453,870169949,robot_1,1.229,1.124
1777414454,90089614,robot_3,4.244,0.195
1777414454,90109544,robot_2,-1.279,-1.606
1777414454,90116799,robot_4,1.475,-0.246
1777414454,90122232,robot_0,4.609,-3.251
1777414454,90126855,robot_1,1.278,1.112
1777414454,310880625,robot_3,4.245,0.195
1777414454,310899484,robot_2,-1.283,-1.586
1777414454,310906666,robot_4,1.500,-0.240
1777414454,310912697,robot_0,4.608,-3.251
1777414454,310917743,robot_1,1.321,1.101
1777414454,511160233,robot_3,4.245,0.195
1777414454,511178932,robot_2,-1.287,-1.569
1777414454,511186388,robot_4,1.524,-0.238
1777414454,511192252,robot_0,4.608,-3.251
1777414454,511197553,robot_1,1.359,1.092
1777414454,731103601,robot_3,4.245,0.195
1777414454,731134179,robot_2,-1.297,-1.553
1777414454,731147185,robot_4,1.550,-0.240
1777414454,731157649,robot_0,4.608,-3.251
1777414454,731167909,robot_1,1.397,1.082
1777414454,950816170,robot_3,4.246,0.195
1777414454,950845794,robot_2,-1.315,-1.545
1777414454,950856116,robot_4,1.575,-0.247
1777414454,950866587,robot_0,4.608,-3.251
1777414454,950874162,robot_1,1.425,1.075
1777414455,151963656,robot_3,4.246,0.196
1777414455,151991382,robot_2,-1.319,-1.548
1777414455,152003279,robot_4,1.604,-0.260
1777414455,152012933,robot_0,4.608,-3.251
1777414455,152026006,robot_1,1.451,1.069
1777414455,370480267,robot_3,4.246,0.196
1777414455,370496620,robot_2,-1.321,-1.551
1777414455,370503402,robot_4,1.663,-0.297
1777414455,370508854,robot_0,4.608,-3.251
1777414455,370513917,robot_1,1.493,1.058
1777414455,591488037,robot_3,4.246,0.196
1777414455,591508370,robot_2,-1.322,-1.553
1777414455,591516685,robot_4,1.702,-0.324
1777414455,591523667,robot_0,4.609,-3.251
1777414455,591530254,robot_1,1.536,1.047
1777414455,810363076,robot_3,4.246,0.196
1777414455,810380255,robot_2,-1.322,-1.554
1777414455,810387028,robot_4,1.738,-0.348
1777414455,810392630,robot_0,4.609,-3.251
1777414455,810398479,robot_1,1.590,1.034
1777414456,10873867,robot_3,4.246,0.195
1777414456,10902335,robot_2,-1.322,-1.554
1777414456,10913946,robot_4,1.773,-0.372
1777414456,10922671,robot_0,4.609,-3.250
1777414456,10931502,robot_1,1.650,1.019
1777414456,230135785,robot_3,4.245,0.195
1777414456,230153686,robot_2,-1.323,-1.555
1777414456,230160562,robot_4,1.825,-0.406
1777414456,230166335,robot_0,4.609,-3.250
1777414456,230171480,robot_1,1.718,1.003
1777414456,432022718,robot_3,4.245,0.195
1777414456,432045848,robot_2,-1.326,-1.558
1777414456,432052333,robot_4,1.871,-0.430
1777414456,432057960,robot_0,4.609,-3.250
1777414456,432063359,robot_1,1.774,0.994
1777414456,651551433,robot_3,4.244,0.195
1777414456,651576592,robot_2,-1.329,-1.560
1777414456,651587478,robot_4,1.924,-0.451
1777414456,651595613,robot_0,4.610,-3.250
1777414456,651603809,robot_1,1.836,0.990
1777414456,871771413,robot_3,4.244,0.195
1777414456,871793655,robot_2,-1.333,-1.561
1777414456,871802788,robot_4,1.980,-0.464
1777414456,871810928,robot_0,4.610,-3.249
1777414456,871818066,robot_1,1.898,0.992
1777414457,90641243,robot_3,4.244,0.195
1777414457,90672415,robot_2,-1.336,-1.562
1777414457,90681995,robot_4,2.037,-0.471
1777414457,90689689,robot_0,4.610,-3.249
1777414457,90696496,robot_1,1.959,1.001
1777414457,312067159,robot_3,4.243,0.196
1777414457,312098840,robot_2,-1.329,-1.551
1777414457,312113253,robot_4,2.094,-0.470
1777414457,312126740,robot_0,4.610,-3.249
1777414457,312138388,robot_1,2.020,1.016
1777414457,532099348,robot_3,4.243,0.196
1777414457,532124244,robot_2,-1.325,-1.552
1777414457,532134428,robot_4,2.148,-0.463
1777414457,532143270,robot_0,4.610,-3.249
1777414457,532151632,robot_1,2.040,1.045
1777414457,750188731,robot_3,4.243,0.196
1777414457,750205504,robot_2,-1.323,-1.555
1777414457,750213171,robot_4,2.188,-0.452
1777414457,750218907,robot_0,4.610,-3.249
1777414457,750224212,robot_1,2.053,1.068
1777414457,951314189,robot_3,4.243,0.196
1777414457,951344062,robot_2,-1.321,-1.556
1777414457,951357053,robot_4,2.226,-0.441
1777414457,951367301,robot_0,4.610,-3.250
1777414457,951376798,robot_1,2.081,1.113
1777414458,151993169,robot_3,4.243,0.196
1777414458,152028487,robot_2,-1.321,-1.557
1777414458,152039726,robot_4,2.265,-0.429
1777414458,152047165,robot_0,4.609,-3.250
1777414458,152054373,robot_1,2.106,1.154
1777414458,371615677,robot_3,4.242,0.196
1777414458,371644749,robot_2,-1.321,-1.557
1777414458,371658116,robot_4,2.307,-0.416
1777414458,371669188,robot_0,4.609,-3.250
1777414458,371679463,robot_1,2.106,1.159
1777414458,591336600,robot_3,4.242,0.197
1777414458,591355800,robot_2,-1.320,-1.558
1777414458,591362492,robot_4,2.333,-0.408
1777414458,591368216,robot_0,4.609,-3.250
1777414458,591373605,robot_1,2.106,1.159
1777414458,812363136,robot_3,4.242,0.197
1777414458,812389295,robot_2,-1.319,-1.562
1777414458,812400002,robot_4,2.375,-0.395
1777414458,812409151,robot_0,4.608,-3.250
1777414458,812418246,robot_1,2.107,1.159
1777414459,30181568,robot_3,4.242,0.198
1777414459,30203324,robot_2,-1.319,-1.566
1777414459,30210536,robot_4,2.432,-0.378
1777414459,30216124,robot_0,4.608,-3.250
1777414459,30222471,robot_1,2.108,1.159
1777414459,231243756,robot_3,4.242,0.198
1777414459,231272731,robot_2,-1.319,-1.558
1777414459,231282766,robot_4,2.470,-0.367
1777414459,231290320,robot_0,4.608,-3.250
1777414459,231297337,robot_1,2.110,1.159
1777414459,431604691,robot_3,4.242,0.198
1777414459,431630636,robot_2,-1.333,-1.553
1777414459,431639771,robot_4,2.508,-0.355
1777414459,431647166,robot_0,4.607,-3.250
1777414459,431654414,robot_1,2.111,1.159
1777414459,631770838,robot_3,4.243,0.199
1777414459,631800928,robot_2,-1.335,-1.555
1777414459,631811326,robot_4,2.550,-0.342
1777414459,631819501,robot_0,4.607,-3.250
1777414459,631828008,robot_1,2.111,1.159
1777414459,851454632,robot_3,4.243,0.199
1777414459,851491333,robot_2,-1.337,-1.557
1777414459,851505244,robot_4,2.604,-0.324
1777414459,851517243,robot_0,4.607,-3.250
1777414459,851527544,robot_1,2.112,1.160
1777414460,51619604,robot_3,4.243,0.199
1777414460,51643519,robot_2,-1.339,-1.558
1777414460,51653288,robot_4,2.649,-0.304
1777414460,51660368,robot_0,4.607,-3.250
1777414460,51667013,robot_1,2.112,1.160
1777414460,271225782,robot_3,4.243,0.199
1777414460,271247963,robot_2,-1.341,-1.559
1777414460,271256741,robot_4,2.694,-0.275
1777414460,271264188,robot_0,4.607,-3.250
1777414460,271270789,robot_1,2.108,1.159
1777414460,491804357,robot_3,4.243,0.199
1777414460,491828260,robot_2,-1.341,-1.559
1777414460,491837602,robot_4,2.735,-0.240
1777414460,491845226,robot_0,4.608,-3.250
1777414460,491852193,robot_1,2.108,1.155
1777414460,711599010,robot_3,4.243,0.199
1777414460,711631591,robot_2,-1.314,-1.543
1777414460,711647516,robot_4,2.770,-0.200
1777414460,711663009,robot_0,4.608,-3.250
1777414460,711675354,robot_1,2.108,1.154
1777414460,931449152,robot_3,4.243,0.199
1777414460,931472649,robot_2,-1.276,-1.521
1777414460,931483949,robot_4,2.800,-0.155
1777414460,931493148,robot_0,4.608,-3.250
1777414460,931502461,robot_1,2.108,1.154
1777414461,151173720,robot_3,4.244,0.200
1777414461,151199945,robot_2,-1.240,-1.499
1777414461,151211867,robot_4,2.820,-0.112
1777414461,151221944,robot_0,4.608,-3.250
1777414461,151230847,robot_1,2.108,1.153
1777414461,351374345,robot_3,4.244,0.200
1777414461,351401106,robot_2,-1.216,-1.486
1777414461,351412637,robot_4,2.820,-0.111
1777414461,351420956,robot_0,4.609,-3.250
1777414461,351429847,robot_1,2.108,1.150
1777414461,571341551,robot_3,4.245,0.200
1777414461,571360644,robot_2,-1.190,-1.474
1777414461,571368603,robot_4,2.820,-0.111
1777414461,571374760,robot_0,4.609,-3.249
1777414461,571380577,robot_1,2.108,1.147
1777414461,771792145,robot_3,4.245,0.200
1777414461,771819779,robot_2,-1.165,-1.466
1777414461,771828386,robot_4,2.820,-0.111
1777414461,771835518,robot_0,4.609,-3.249
1777414461,771841972,robot_1,2.107,1.144
1777414461,990301729,robot_3,4.245,0.199
1777414461,990323263,robot_2,-1.136,-1.461
1777414461,990330417,robot_4,2.820,-0.111
1777414461,990335747,robot_0,4.609,-3.249
1777414461,990340891,robot_1,2.106,1.141
1777414462,190295954,robot_3,4.246,0.199
1777414462,190315929,robot_2,-1.109,-1.459
1777414462,190322994,robot_4,2.820,-0.111
1777414462,190328493,robot_0,4.609,-3.249
1777414462,190333778,robot_1,2.105,1.139
1777414462,391852222,robot_3,4.246,0.199
1777414462,391872881,robot_2,-1.082,-1.461
1777414462,391881670,robot_4,2.820,-0.111
1777414462,391888338,robot_0,4.609,-3.249
1777414462,391894460,robot_1,2.103,1.138
1777414462,611807131,robot_3,4.246,0.199
1777414462,611828003,robot_2,-1.052,-1.467
1777414462,611836354,robot_4,2.819,-0.110
1777414462,611843056,robot_0,4.609,-3.249
1777414462,611849650,robot_1,2.102,1.150
1777414462,830348726,robot_3,4.246,0.199
1777414462,830366939,robot_2,-1.000,-1.485
1777414462,830382213,robot_4,2.819,-0.110
1777414462,830387911,robot_0,4.609,-3.249
1777414462,830392942,robot_1,2.106,1.151
1777414463,31401082,robot_3,4.246,0.199
1777414463,31429522,robot_2,-0.952,-1.495
1777414463,31441839,robot_4,2.819,-0.110
1777414463,31450976,robot_0,4.609,-3.249
1777414463,31459431,robot_1,2.108,1.150
1777414463,231865608,robot_3,4.246,0.199
1777414463,231894010,robot_2,-0.913,-1.503
1777414463,231904027,robot_4,2.819,-0.109
1777414463,231911768,robot_0,4.609,-3.249
1777414463,231919576,robot_1,2.108,1.150
1777414463,433500436,robot_3,4.247,0.198
1777414463,433529573,robot_2,-0.908,-1.505
1777414463,433542182,robot_4,2.819,-0.109
1777414463,433551597,robot_0,4.608,-3.250
1777414463,433560811,robot_1,2.108,1.150
1777414463,651496067,robot_3,4.247,0.198
1777414463,651526931,robot_2,-0.908,-1.505
1777414463,651537134,robot_4,2.819,-0.108
1777414463,651545427,robot_0,4.608,-3.250
1777414463,651552796,robot_1,2.110,1.150
1777414463,852296061,robot_3,4.247,0.198
1777414463,852320389,robot_2,-0.908,-1.505
1777414463,852332616,robot_4,2.819,-0.108
1777414463,852342387,robot_0,4.608,-3.250
1777414463,852351140,robot_1,2.113,1.148
1777414464,71211107,robot_3,4.247,0.197
1777414464,71236418,robot_2,-0.908,-1.506
1777414464,71247070,robot_4,2.819,-0.108
1777414464,71255087,robot_0,4.607,-3.250
1777414464,71262676,robot_1,2.116,1.146
1777414464,271946551,robot_3,4.247,0.197
1777414464,271971035,robot_2,-0.914,-1.500
1777414464,271981589,robot_4,2.819,-0.108
1777414464,271989870,robot_0,4.607,-3.250
1777414464,271997851,robot_1,2.118,1.143
1777414464,490815652,robot_3,4.247,0.196
1777414464,490836757,robot_2,-0.934,-1.467
1777414464,490844295,robot_4,2.819,-0.108
1777414464,490849698,robot_0,4.607,-3.250
1777414464,490854653,robot_1,2.113,1.147
1777414464,690940642,robot_3,4.246,0.196
1777414464,690960542,robot_2,-0.949,-1.452
1777414464,690967756,robot_4,2.820,-0.108
1777414464,690973938,robot_0,4.606,-3.250
1777414464,690979312,robot_1,2.098,1.141
1777414464,891194209,robot_3,4.246,0.196
1777414464,891214646,robot_2,-0.955,-1.451
1777414464,891223039,robot_4,2.820,-0.107
1777414464,891228968,robot_0,4.606,-3.250
1777414464,891235383,robot_1,2.095,1.137
1777414465,91502791,robot_3,4.246,0.195
1777414465,91533759,robot_2,-0.957,-1.454
1777414465,91547302,robot_4,2.820,-0.107
1777414465,91558539,robot_0,4.606,-3.250
1777414465,91568445,robot_1,2.095,1.133
1777414465,291845368,robot_3,4.242,0.201
1777414465,291863814,robot_2,-0.957,-1.456
1777414465,291871186,robot_4,2.821,-0.107
1777414465,291876515,robot_0,4.607,-3.250
1777414465,291881792,robot_1,2.094,1.131
1777414465,511566544,robot_3,4.216,0.237
1777414465,511600341,robot_2,-0.957,-1.456
1777414465,511616170,robot_4,2.821,-0.107
1777414465,511628681,robot_0,4.607,-3.250
1777414465,511641041,robot_1,2.094,1.130
1777414465,731064970,robot_3,4.190,0.272
1777414465,731098476,robot_2,-0.957,-1.456
1777414465,731107504,robot_4,2.822,-0.107
1777414465,731113810,robot_0,4.607,-3.250
1777414465,731124196,robot_1,2.094,1.130
1777414465,931365328,robot_3,4.164,0.308
1777414465,931393299,robot_2,-0.957,-1.457
1777414465,931403397,robot_4,2.822,-0.107
1777414465,931412372,robot_0,4.607,-3.250
1777414465,931420675,robot_1,2.094,1.130
1777414466,150003623,robot_3,4.134,0.350
1777414466,150027773,robot_2,-0.957,-1.457
1777414466,150035493,robot_4,2.822,-0.107
1777414466,150041507,robot_0,4.608,-3.249
1777414466,150046833,robot_1,2.094,1.133
1777414466,351637639,robot_3,4.104,0.390
1777414466,351664091,robot_2,-0.956,-1.458
1777414466,351676178,robot_4,2.822,-0.107
1777414466,351686345,robot_0,4.608,-3.249
1777414466,351696754,robot_1,2.095,1.136
1777414466,551833397,robot_3,4.072,0.426
1777414466,551868375,robot_2,-0.956,-1.457
1777414466,551881645,robot_4,2.822,-0.107
1777414466,551891182,robot_0,4.608,-3.249
1777414466,551900594,robot_1,2.095,1.139
1777414466,771360590,robot_3,4.037,0.456
1777414466,771384397,robot_2,-0.955,-1.457
1777414466,771395899,robot_4,2.823,-0.107
1777414466,771403980,robot_0,4.608,-3.249
1777414466,771412455,robot_1,2.094,1.142
1777414466,991009943,robot_3,4.000,0.481
1777414466,991043208,robot_2,-0.951,-1.450
1777414466,991055099,robot_4,2.823,-0.108
1777414466,991063097,robot_0,4.608,-3.249
1777414466,991070700,robot_1,2.093,1.145
1777414467,211590201,robot_3,3.963,0.505
1777414467,211642773,robot_2,-0.951,-1.449
1777414467,211655784,robot_4,2.823,-0.108
1777414467,211667182,robot_0,4.608,-3.248
1777414467,211678392,robot_1,2.091,1.148
1777414467,412316061,robot_3,3.919,0.534
1777414467,412347318,robot_2,-0.950,-1.448
1777414467,412362653,robot_4,2.823,-0.108
1777414467,412374074,robot_0,4.608,-3.248
1777414467,412384921,robot_1,2.089,1.150
1777414467,630431479,robot_3,3.868,0.568
1777414467,630456991,robot_2,-0.950,-1.448
1777414467,630464615,robot_4,2.824,-0.109
1777414467,630470381,robot_0,4.608,-3.248
1777414467,630475782,robot_1,2.086,1.151
1777414467,831683909,robot_3,3.819,0.600
1777414467,831710518,robot_2,-0.950,-1.448
1777414467,831718078,robot_4,2.824,-0.109
1777414467,831723903,robot_0,4.608,-3.249
1777414467,831729997,robot_1,2.084,1.152
1777414468,52117708,robot_3,3.781,0.624
1777414468,52139577,robot_2,-0.952,-1.448
1777414468,52148570,robot_4,2.824,-0.110
1777414468,52156083,robot_0,4.608,-3.249
1777414468,52162496,robot_1,2.084,1.152
1777414468,269922562,robot_3,3.764,0.636
1777414468,269940226,robot_2,-0.992,-1.438
1777414468,269947373,robot_4,2.823,-0.110
1777414468,269952954,robot_0,4.608,-3.249
1777414468,269958120,robot_1,2.084,1.152
1777414468,470167403,robot_3,3.764,0.636
1777414468,470188734,robot_2,-1.031,-1.428
1777414468,470196365,robot_4,2.823,-0.110
1777414468,470202104,robot_0,4.607,-3.249
1777414468,470207518,robot_1,2.083,1.152
1777414468,670712034,robot_3,3.764,0.636
1777414468,670732586,robot_2,-1.072,-1.418
1777414468,670740930,robot_4,2.811,-0.105
1777414468,670747548,robot_0,4.607,-3.249
1777414468,670753723,robot_1,2.082,1.153
1777414468,870878977,robot_3,3.764,0.636
1777414468,870898840,robot_2,-1.123,-1.406
1777414468,870907460,robot_4,2.775,-0.089
1777414468,870914853,robot_0,4.607,-3.250
1777414468,870921252,robot_1,2.080,1.153
1777414469,91107436,robot_3,3.764,0.635
1777414469,91134321,robot_2,-1.161,-1.397
1777414469,91145705,robot_4,2.734,-0.072
1777414469,91155160,robot_0,4.607,-3.250
1777414469,91163810,robot_1,2.079,1.153
1777414469,291210728,robot_3,3.765,0.632
1777414469,291243067,robot_2,-1.192,-1.390
1777414469,291257992,robot_4,2.690,-0.053
1777414469,291269065,robot_0,4.606,-3.250
1777414469,291279303,robot_1,2.079,1.153
1777414469,511395228,robot_3,3.782,0.637
1777414469,511425080,robot_2,-1.235,-1.379
1777414469,511437986,robot_4,2.636,-0.029
1777414469,511447631,robot_0,4.606,-3.249
1777414469,511458557,robot_1,2.078,1.153
1777414469,729897939,robot_3,3.785,0.642
1777414469,729921691,robot_2,-1.278,-1.369
1777414469,729929390,robot_4,2.605,-0.016
1777414469,729935192,robot_0,4.606,-3.249
1777414469,729940505,robot_1,2.078,1.153
1777414469,932178405,robot_3,3.784,0.646
1777414469,932204345,robot_2,-1.328,-1.357
1777414469,932215411,robot_4,2.570,-0.001
1777414469,932224110,robot_0,4.606,-3.249
1777414469,932231164,robot_1,2.078,1.154
1777414470,151257874,robot_3,3.784,0.650
1777414470,151283782,robot_2,-1.398,-1.340
1777414470,151291496,robot_4,2.530,0.017
1777414470,151305527,robot_0,4.606,-3.249
1777414470,151311901,robot_1,2.077,1.154
1777414470,351417137,robot_3,3.785,0.654
1777414470,351440135,robot_2,-1.467,-1.323
1777414470,351449328,robot_4,2.493,0.033
1777414470,351457240,robot_0,4.606,-3.249
1777414470,351463955,robot_1,2.077,1.154
1777414470,552041065,robot_3,3.786,0.657
1777414470,552067949,robot_2,-1.521,-1.311
1777414470,552079323,robot_4,2.455,0.049
1777414470,552086659,robot_0,4.606,-3.249
1777414470,552093372,robot_1,2.077,1.148
1777414470,769961503,robot_3,3.786,0.658
1777414470,769978161,robot_2,-1.564,-1.300
1777414470,769985138,robot_4,2.416,0.066
1777414470,769990642,robot_0,4.607,-3.249
1777414470,769995502,robot_1,2.076,1.105
1777414470,970622260,robot_3,3.786,0.658
1777414470,970642865,robot_2,-1.603,-1.291
1777414470,970650952,robot_4,2.383,0.080
1777414470,970656792,robot_0,4.607,-3.249
1777414470,970661581,robot_1,2.075,1.065
1777414471,171308389,robot_3,3.786,0.658
1777414471,171331468,robot_2,-1.633,-1.284
1777414471,171342470,robot_4,2.347,0.096
1777414471,171350979,robot_0,4.607,-3.249
1777414471,171358723,robot_1,2.074,1.031
1777414471,371321526,robot_3,3.788,0.660
1777414471,371346604,robot_2,-1.660,-1.279
1777414471,371354087,robot_4,2.310,0.112
1777414471,371360023,robot_0,4.607,-3.249
1777414471,371365278,robot_1,2.059,1.010
1777414471,572545442,robot_3,3.790,0.662
1777414471,572568849,robot_2,-1.688,-1.275
1777414471,572578024,robot_4,2.273,0.128
1777414471,572585061,robot_0,4.607,-3.249
1777414471,572591698,robot_1,2.046,0.970
1777414471,791379674,robot_3,3.792,0.655
1777414471,791401810,robot_2,-1.718,-1.274
1777414471,791410820,robot_4,2.224,0.149
1777414471,791418079,robot_0,4.607,-3.248
1777414471,791424932,robot_1,2.052,0.924
1777414472,12301597,robot_3,3.791,0.650
1777414472,12322175,robot_2,-1.748,-1.276
1777414472,12329133,robot_4,2.174,0.171
1777414472,12334846,robot_0,4.607,-3.248
1777414472,12339816,robot_1,2.058,0.879
1777414472,230579180,robot_3,3.790,0.651
1777414472,230599427,robot_2,-1.778,-1.280
1777414472,230606529,robot_4,2.122,0.190
1777414472,230611665,robot_0,4.607,-3.248
1777414472,230616656,robot_1,2.058,0.833
1777414472,430670962,robot_3,3.788,0.652
1777414472,430693079,robot_2,-1.805,-1.286
1777414472,430700732,robot_4,2.073,0.201
1777414472,430707095,robot_0,4.607,-3.248
1777414472,430712507,robot_1,2.051,0.791
1777414472,630866706,robot_3,3.786,0.653
1777414472,630892583,robot_2,-1.846,-1.299
1777414472,630900474,robot_4,2.024,0.206
1777414472,630906877,robot_0,4.607,-3.248
1777414472,630912511,robot_1,2.022,0.759
1777414472,851397536,robot_3,3.785,0.654
1777414472,851426937,robot_2,-1.921,-1.325
1777414472,851440143,robot_4,1.972,0.173
1777414472,851449664,robot_0,4.607,-3.248
1777414472,851459638,robot_1,1.971,0.740
1777414473,52294109,robot_3,3.785,0.655
1777414473,52319903,robot_2,-1.984,-1.345
1777414473,52331167,robot_4,1.927,0.144
1777414473,52339978,robot_0,4.607,-3.248
1777414473,52348540,robot_1,1.936,0.718
1777414473,271138321,robot_3,3.785,0.655
1777414473,271166480,robot_2,-2.055,-1.365
1777414473,271178194,robot_4,1.881,0.111
1777414473,271188009,robot_0,4.607,-3.249
1777414473,271198146,robot_1,1.903,0.702
1777414473,472658345,robot_3,3.785,0.655
1777414473,472683369,robot_2,-2.120,-1.380
1777414473,472692768,robot_4,1.840,0.090
1777414473,472700259,robot_0,4.607,-3.249
1777414473,472707273,robot_1,1.902,0.704
1777414473,690979178,robot_3,3.784,0.656
1777414473,690997036,robot_2,-2.192,-1.393
1777414473,691004290,robot_4,1.803,0.068
1777414473,691009778,robot_0,4.606,-3.249
1777414473,691014642,robot_1,1.902,0.703
1777414473,891158301,robot_3,3.786,0.654
1777414473,891179163,robot_2,-2.257,-1.402
1777414473,891186782,robot_4,1.768,0.047
1777414473,891192181,robot_0,4.606,-3.249
1777414473,891197372,robot_1,1.902,0.703
1777414474,110667766,robot_3,3.795,0.656
1777414474,110693107,robot_2,-2.324,-1.408
1777414474,110700008,robot_4,1.739,0.029
1777414474,110705889,robot_0,4.606,-3.249
1777414474,110711188,robot_1,1.902,0.703
1777414474,311845634,robot_3,3.796,0.656
1777414474,311878313,robot_2,-2.364,-1.410
1777414474,311894729,robot_4,1.714,0.014
1777414474,311908638,robot_0,4.605,-3.249
1777414474,311921063,robot_1,1.902,0.702
1777414474,530767842,robot_3,3.796,0.656
1777414474,530792407,robot_2,-2.408,-1.411
1777414474,530802559,robot_4,1.675,-0.010
1777414474,530810646,robot_0,4.605,-3.249
1777414474,530817670,robot_1,1.902,0.702
1777414474,749968307,robot_3,3.797,0.656
1777414474,749985236,robot_2,-2.462,-1.413
1777414474,749992263,robot_4,1.637,-0.033
1777414474,749997808,robot_0,4.605,-3.249
1777414474,750002999,robot_1,1.902,0.701
1777414474,950952321,robot_3,3.797,0.656
1777414474,950972115,robot_2,-2.519,-1.417
1777414474,950978446,robot_4,1.603,-0.054
1777414474,950983823,robot_0,4.605,-3.249
1777414474,950988883,robot_1,1.902,0.701
1777414475,152139410,robot_3,3.798,0.656
1777414475,152172017,robot_2,-2.575,-1.426
1777414475,152182069,robot_4,1.569,-0.075
1777414475,152190938,robot_0,4.605,-3.249
1777414475,152198166,robot_1,1.902,0.700
1777414475,371664782,robot_3,3.798,0.655
1777414475,371689823,robot_2,-2.635,-1.442
1777414475,371700788,robot_4,1.525,-0.102
1777414475,371709385,robot_0,4.605,-3.249
1777414475,371717953,robot_1,1.901,0.700
1777414475,589927680,robot_3,3.798,0.655
1777414475,589944324,robot_2,-2.693,-1.464
1777414475,589951088,robot_4,1.481,-0.129
1777414475,589957029,robot_0,4.606,-3.249
1777414475,589962190,robot_1,1.901,0.700
1777414475,791636208,robot_3,3.798,0.655
1777414475,791659615,robot_2,-2.739,-1.487
1777414475,791669484,robot_4,1.442,-0.155
1777414475,791678200,robot_0,4.606,-3.249
1777414475,791685625,robot_1,1.901,0.700
1777414476,11315042,robot_3,3.798,0.655
1777414476,11345311,robot_2,-2.772,-1.506
1777414476,11360498,robot_4,1.401,-0.186
1777414476,11372609,robot_0,4.606,-3.249
1777414476,11383905,robot_1,1.901,0.700
1777414476,230000274,robot_3,3.798,0.655
1777414476,230058765,robot_2,-2.804,-1.524
1777414476,230100005,robot_4,1.363,-0.220
1777414476,230118607,robot_0,4.606,-3.248
1777414476,230128156,robot_1,1.901,0.700
1777414476,431809758,robot_3,3.799,0.655
1777414476,431830415,robot_2,-2.836,-1.537
1777414476,431836601,robot_4,1.330,-0.254
1777414476,431841832,robot_0,4.606,-3.248
1777414476,431846780,robot_1,1.900,0.700
1777414476,651825437,robot_3,3.799,0.654
1777414476,651855971,robot_2,-2.872,-1.546
1777414476,651866437,robot_4,1.297,-0.293
1777414476,651875669,robot_0,4.607,-3.248
1777414476,651883382,robot_1,1.900,0.700
1777414476,870703832,robot_3,3.799,0.654
1777414476,870721289,robot_2,-2.911,-1.550
1777414476,870728135,robot_4,1.267,-0.335
1777414476,870733398,robot_0,4.607,-3.248
1777414476,870738492,robot_1,1.899,0.700
1777414477,71409183,robot_3,3.799,0.653
1777414477,71438947,robot_2,-2.951,-1.549
1777414477,71452354,robot_4,1.245,-0.373
1777414477,71464321,robot_0,4.607,-3.248
1777414477,71474461,robot_1,1.899,0.700
1777414477,290987498,robot_3,3.799,0.653
1777414477,291004251,robot_2,-2.995,-1.547
1777414477,291011038,robot_4,1.223,-0.411
1777414477,291016199,robot_0,4.607,-3.248
1777414477,291024785,robot_1,1.898,0.700
1777414477,511455518,robot_3,3.798,0.652
1777414477,511482657,robot_2,-3.046,-1.544
1777414477,511494496,robot_4,1.202,-0.450
1777414477,511503860,robot_0,4.607,-3.248
1777414477,511512327,robot_1,1.898,0.700
1777414477,730914099,robot_3,3.798,0.652
1777414477,730950789,robot_2,-3.109,-1.543
1777414477,730964762,robot_4,1.176,-0.497
1777414477,730976558,robot_0,4.607,-3.248
1777414477,730986722,robot_1,1.898,0.701
1777414477,932331460,robot_3,3.798,0.651
1777414477,932366804,robot_2,-3.165,-1.547
1777414477,932382757,robot_4,1.148,-0.542
1777414477,932395091,robot_0,4.607,-3.248
1777414477,932406504,robot_1,1.898,0.701
1777414478,150219613,robot_3,3.798,0.651
1777414478,150243888,robot_2,-3.227,-1.557
1777414478,150251517,robot_4,1.112,-0.589
1777414478,150257438,robot_0,4.606,-3.248
1777414478,150262983,robot_1,1.898,0.701
1777414478,369907481,robot_3,3.798,0.651
1777414478,369925345,robot_2,-3.286,-1.573
1777414478,369932024,robot_4,1.072,-0.631
1777414478,369937718,robot_0,4.606,-3.248
1777414478,369943116,robot_1,1.898,0.701
1777414478,571897991,robot_3,3.798,0.651
1777414478,571922869,robot_2,-3.337,-1.591
1777414478,571933937,robot_4,1.032,-0.666
1777414478,571943125,robot_0,4.606,-3.248
1777414478,571952026,robot_1,1.898,0.701
1777414478,791261776,robot_3,3.798,0.651
1777414478,791281807,robot_2,-3.381,-1.608
1777414478,791290484,robot_4,0.984,-0.700
1777414478,791298127,robot_0,4.606,-3.249
1777414478,791305032,robot_1,1.898,0.701
1777414479,11444790,robot_3,3.798,0.652
1777414479,11470907,robot_2,-3.422,-1.623
1777414479,11481649,robot_4,0.934,-0.729
1777414479,11490320,robot_0,4.605,-3.249
1777414479,11498354,robot_1,1.897,0.701
1777414479,231873028,robot_3,3.798,0.652
1777414479,231895681,robot_2,-3.463,-1.639
1777414479,231903921,robot_4,0.883,-0.752
1777414479,231911111,robot_0,4.605,-3.249
1777414479,231917454,robot_1,1.897,0.701
1777414479,432405949,robot_3,3.798,0.652
1777414479,432435529,robot_2,-3.498,-1.652
1777414479,432448220,robot_4,0.837,-0.770
1777414479,432457857,robot_0,4.605,-3.249
1777414479,432467452,robot_1,1.897,0.702
1777414479,650221127,robot_3,3.798,0.653
1777414479,650245949,robot_2,-3.531,-1.665
1777414479,650254313,robot_4,0.790,-0.793
1777414479,650261799,robot_0,4.604,-3.249
1777414479,650267897,robot_1,1.897,0.702
1777414479,869984402,robot_3,3.798,0.653
1777414479,870002364,robot_2,-3.561,-1.676
1777414479,870008774,robot_4,0.753,-0.819
1777414479,870014335,robot_0,4.604,-3.249
1777414479,870024044,robot_1,1.897,0.703
1777414480,71699591,robot_3,3.798,0.654
1777414480,71718918,robot_2,-3.599,-1.691
1777414480,71727252,robot_4,0.721,-0.843
1777414480,71733697,robot_0,4.604,-3.248
1777414480,71739426,robot_1,1.898,0.703
1777414480,291687015,robot_3,3.798,0.654
1777414480,291709448,robot_2,-3.640,-1.706
1777414480,291719695,robot_4,0.687,-0.871
1777414480,291727727,robot_0,4.604,-3.249
1777414480,291735588,robot_1,1.898,0.704
1777414480,510444213,robot_3,3.798,0.654
1777414480,510463545,robot_2,-3.683,-1.723
1777414480,510470577,robot_4,0.647,-0.903
1777414480,510476465,robot_0,4.605,-3.248
1777414480,510481798,robot_1,1.898,0.704
1777414480,711679238,robot_3,3.797,0.655
1777414480,711704599,robot_2,-3.726,-1.741
1777414480,711716406,robot_4,0.619,-0.926
1777414480,711725933,robot_0,4.605,-3.248
1777414480,711734964,robot_1,1.898,0.704
1777414480,932981225,robot_3,3.797,0.655
1777414480,933003952,robot_2,-3.771,-1.764
1777414480,933011693,robot_4,0.594,-0.948
1777414480,933022037,robot_0,4.605,-3.248
1777414480,933028545,robot_1,1.898,0.704
1777414481,151166662,robot_3,3.797,0.655
1777414481,151188319,robot_2,-3.804,-1.784
1777414481,151197280,robot_4,0.571,-0.973
1777414481,151204492,robot_0,4.606,-3.248
1777414481,151211095,robot_1,1.898,0.704
1777414481,371052197,robot_3,3.796,0.655
1777414481,371077191,robot_2,-3.837,-1.804
1777414481,371088243,robot_4,0.550,-0.999
1777414481,371097721,robot_0,4.606,-3.248
1777414481,371105806,robot_1,1.899,0.704
1777414481,571877804,robot_3,3.796,0.655
1777414481,571898161,robot_2,-3.869,-1.820
1777414481,571905900,robot_4,0.533,-1.024
1777414481,571919949,robot_0,4.606,-3.248
1777414481,571926315,robot_1,1.899,0.705
1777414481,789882173,robot_3,3.795,0.655
1777414481,789898278,robot_2,-3.906,-1.833
1777414481,789904549,robot_4,0.516,-1.053
1777414481,789910348,robot_0,4.606,-3.247
1777414481,789915693,robot_1,1.900,0.705
1777414481,991333435,robot_3,3.795,0.655
1777414481,991351650,robot_2,-3.941,-1.840
1777414481,991359456,robot_4,0.504,-1.080
1777414481,991365124,robot_0,4.606,-3.247
1777414481,991370411,robot_1,1.900,0.705
1777414482,191343575,robot_3,3.794,0.655
1777414482,191364118,robot_2,-3.976,-1.844
1777414482,191371897,robot_4,0.491,-1.114
1777414482,191378117,robot_0,4.606,-3.247
1777414482,191384307,robot_1,1.901,0.705
1777414482,410247232,robot_3,3.794,0.655
1777414482,410266177,robot_2,-4.015,-1.844
1777414482,410280415,robot_4,0.477,-1.155
1777414482,410285658,robot_0,4.606,-3.247
1777414482,410290901,robot_1,1.901,0.704
1777414482,630517987,robot_3,3.795,0.655
1777414482,630544621,robot_2,-4.058,-1.839
1777414482,630551846,robot_4,0.463,-1.197
1777414482,630558428,robot_0,4.606,-3.247
1777414482,630563956,robot_1,1.901,0.704
1777414482,831145238,robot_3,3.795,0.655
1777414482,831175379,robot_2,-4.098,-1.832
1777414482,831186409,robot_4,0.450,-1.236
1777414482,831195734,robot_0,4.606,-3.247
1777414482,831203764,robot_1,1.902,0.704
1777414483,31235360,robot_3,3.796,0.655
1777414483,31262518,robot_2,-4.137,-1.826
1777414483,31274863,robot_4,0.435,-1.280
1777414483,31284833,robot_0,4.606,-3.247
1777414483,31294392,robot_1,1.902,0.703
1777414483,231474768,robot_3,3.796,0.655
1777414483,231505248,robot_2,-4.206,-1.814
1777414483,231519334,robot_4,0.415,-1.339
1777414483,231530660,robot_0,4.606,-3.248
1777414483,231540498,robot_1,1.902,0.703
1777414483,431614063,robot_3,3.796,0.655
1777414483,431639047,robot_2,-4.263,-1.805
1777414483,431648796,robot_4,0.392,-1.391
1777414483,431657168,robot_0,4.605,-3.248
1777414483,431664093,robot_1,1.902,0.703
1777414483,651392488,robot_3,3.797,0.655
1777414483,651411083,robot_2,-4.301,-1.799
1777414483,651418203,robot_4,0.362,-1.446
1777414483,651424507,robot_0,4.605,-3.248
1777414483,651429941,robot_1,1.902,0.703
1777414483,851726453,robot_3,3.797,0.654
1777414483,851753964,robot_2,-4.340,-1.792
1777414483,851767930,robot_4,0.330,-1.493
1777414483,851780059,robot_0,4.605,-3.248
1777414483,851786819,robot_1,1.902,0.703
1777414484,71584799,robot_3,3.798,0.654
1777414484,71607816,robot_2,-4.384,-1.785
1777414484,71616774,robot_4,0.290,-1.541
1777414484,71624092,robot_0,4.604,-3.248
1777414484,71631567,robot_1,1.902,0.702
1777414484,291235288,robot_3,3.798,0.654
1777414484,291253886,robot_2,-4.430,-1.777
1777414484,291262128,robot_4,0.245,-1.585
1777414484,291269268,robot_0,4.604,-3.248
1777414484,291275226,robot_1,1.902,0.702
1777414484,511703916,robot_3,3.789,0.648
1777414484,511736412,robot_2,-4.482,-1.769
1777414484,511749953,robot_4,0.197,-1.624
1777414484,511762443,robot_0,4.604,-3.248
1777414484,511773879,robot_1,1.902,0.701
1777414484,730539789,robot_3,3.751,0.625
1777414484,730566236,robot_2,-4.552,-1.757
1777414484,730575483,robot_4,0.160,-1.649
1777414484,730583231,robot_0,4.604,-3.248
1777414484,730590385,robot_1,1.902,0.701
1777414484,930896316,robot_3,3.727,0.588
1777414484,930921459,robot_2,-4.613,-1.743
1777414484,930930877,robot_4,0.126,-1.669
1777414484,930938595,robot_0,4.604,-3.248
1777414484,930944988,robot_1,1.902,0.701
1777414485,151315093,robot_3,3.707,0.557
1777414485,151339510,robot_2,-4.678,-1.724
1777414485,151346897,robot_4,0.080,-1.695
1777414485,151353402,robot_0,4.604,-3.248
1777414485,151359192,robot_1,1.901,0.700
1777414485,370974518,robot_3,3.692,0.532
1777414485,370994485,robot_2,-4.705,-1.694
1777414485,371002726,robot_4,0.009,-1.737
1777414485,371009499,robot_0,4.604,-3.248
1777414485,371015551,robot_1,1.901,0.700
1777414485,572208915,robot_3,3.650,0.464
1777414485,572235654,robot_2,-4.726,-1.670
1777414485,572248486,robot_4,-0.056,-1.775
1777414485,572259271,robot_0,4.604,-3.248
1777414485,572268336,robot_1,1.896,0.707
1777414485,791367537,robot_3,3.623,0.418
1777414485,791387441,robot_2,-4.751,-1.656
1777414485,791396469,robot_4,-0.113,-1.808
1777414485,791404576,robot_0,4.604,-3.248
1777414485,791411369,robot_1,1.871,0.744
1777414486,13142711,robot_3,3.623,0.417
1777414486,13172709,robot_2,-4.751,-1.656
1777414486,13187028,robot_4,-0.114,-1.808
1777414486,13198404,robot_0,4.605,-3.248
1777414486,13209557,robot_1,1.846,0.780
1777414486,230794600,robot_3,3.623,0.417
1777414486,230823869,robot_2,-4.750,-1.656
1777414486,230837828,robot_4,-0.114,-1.808
1777414486,230849532,robot_0,4.605,-3.248
1777414486,230860484,robot_1,1.820,0.819
1777414486,431458645,robot_3,3.629,0.405
1777414486,431477916,robot_2,-4.750,-1.656
1777414486,431484662,robot_4,-0.114,-1.808
1777414486,431490324,robot_0,4.605,-3.247
1777414486,431495342,robot_1,1.795,0.854
1777414486,651640965,robot_3,3.633,0.395
1777414486,651666058,robot_2,-4.747,-1.656
1777414486,651676971,robot_4,-0.114,-1.809
1777414486,651684706,robot_0,4.605,-3.247
1777414486,651692202,robot_1,1.772,0.889
1777414486,870447609,robot_3,3.633,0.394
1777414486,870464631,robot_2,-4.732,-1.655
1777414486,870471297,robot_4,-0.114,-1.809
1777414486,870476534,robot_0,4.605,-3.247
1777414486,870481394,robot_1,1.747,0.926
1777414487,70919481,robot_3,3.633,0.393
1777414487,70937009,robot_2,-4.715,-1.653
1777414487,70943337,robot_4,-0.114,-1.810
1777414487,70948813,robot_0,4.605,-3.247
1777414487,70953723,robot_1,1.724,0.959
1777414487,271910686,robot_3,3.633,0.393
1777414487,271935467,robot_2,-4.698,-1.648
1777414487,271948031,robot_4,-0.114,-1.810
1777414487,271957680,robot_0,4.605,-3.247
1777414487,271966431,robot_1,1.702,0.992
1777414487,471938283,robot_3,3.633,0.392
1777414487,471968451,robot_2,-4.682,-1.639
1777414487,471981697,robot_4,-0.114,-1.811
1777414487,471992781,robot_0,4.605,-3.247
1777414487,472003625,robot_1,1.687,1.012
1777414487,689917863,robot_3,3.632,0.392
1777414487,689934641,robot_2,-4.667,-1.625
1777414487,689941107,robot_4,-0.114,-1.811
1777414487,689946911,robot_0,4.605,-3.247
1777414487,689951788,robot_1,1.672,1.032
1777414487,890777977,robot_3,3.632,0.392
1777414487,890797316,robot_2,-4.664,-1.623
1777414487,890806744,robot_4,-0.115,-1.811
1777414487,890814077,robot_0,4.605,-3.247
1777414487,890820770,robot_1,1.655,1.049
1777414488,91711306,robot_3,3.632,0.391
1777414488,91729818,robot_2,-4.663,-1.626
1777414488,91736750,robot_4,-0.115,-1.812
1777414488,91742559,robot_0,4.605,-3.247
1777414488,91747923,robot_1,1.627,1.076
1777414488,310054128,robot_3,3.632,0.391
1777414488,310071308,robot_2,-4.662,-1.628
1777414488,310077990,robot_4,-0.115,-1.812
1777414488,310083211,robot_0,4.605,-3.247
1777414488,310088452,robot_1,1.595,1.107
1777414488,511946239,robot_3,3.632,0.391
1777414488,511972259,robot_2,-4.662,-1.630
1777414488,511983398,robot_4,-0.125,-1.793
1777414488,511992394,robot_0,4.605,-3.248
1777414488,512000947,robot_1,1.566,1.135
1777414488,712106404,robot_3,3.632,0.391
1777414488,712144855,robot_2,-4.662,-1.631
1777414488,712160794,robot_4,-0.143,-1.758
1777414488,712172734,robot_0,4.604,-3.248
1777414488,712184075,robot_1,1.537,1.162
1777414488,930663557,robot_3,3.632,0.391
1777414488,930685756,robot_2,-4.662,-1.631
1777414488,930692654,robot_4,-0.164,-1.719
1777414488,930698555,robot_0,4.604,-3.248
1777414488,930703283,robot_1,1.492,1.206
1777414489,150775280,robot_3,3.632,0.391
1777414489,150799327,robot_2,-4.662,-1.630
1777414489,150810237,robot_4,-0.186,-1.676
1777414489,150819828,robot_0,4.604,-3.248
1777414489,150828040,robot_1,1.435,1.260
1777414489,351643269,robot_3,3.632,0.392
1777414489,351672872,robot_2,-4.663,-1.629
1777414489,351685460,robot_4,-0.204,-1.641
1777414489,351695917,robot_0,4.603,-3.248
1777414489,351704721,robot_1,1.406,1.287
1777414489,570732758,robot_3,3.632,0.392
1777414489,570750255,robot_2,-4.663,-1.626
1777414489,570757340,robot_4,-0.220,-1.610
1777414489,570763491,robot_0,4.603,-3.248
1777414489,570768850,robot_1,1.375,1.318
1777414489,770862438,robot_3,3.632,0.392
1777414489,770879221,robot_2,-4.664,-1.624
1777414489,770886473,robot_4,-0.238,-1.574
1777414489,770892649,robot_0,4.603,-3.248
1777414489,770897950,robot_1,1.344,1.347
1777414489,971546233,robot_3,3.632,0.393
1777414489,971571694,robot_2,-4.664,-1.620
1777414489,971581645,robot_4,-0.257,-1.539
1777414489,971589143,robot_0,4.603,-3.248
1777414489,971596131,robot_1,1.310,1.378
1777414490,189887925,robot_3,3.632,0.393
1777414490,189904149,robot_2,-4.666,-1.618
1777414490,189911084,robot_4,-0.277,-1.499
1777414490,189916462,robot_0,4.603,-3.248
1777414490,189921303,robot_1,1.270,1.410
1777414490,391521482,robot_3,3.632,0.394
1777414490,391542318,robot_2,-4.668,-1.617
1777414490,391551091,robot_4,-0.307,-1.443
1777414490,391557636,robot_0,4.603,-3.248
1777414490,391563748,robot_1,1.232,1.436
1777414490,611668441,robot_3,3.632,0.394
1777414490,611695725,robot_2,-4.670,-1.616
1777414490,611708212,robot_4,-0.331,-1.397
1777414490,611718530,robot_0,4.603,-3.248
1777414490,611728564,robot_1,1.189,1.462
1777414490,812065580,robot_3,3.632,0.394
1777414490,812099524,robot_2,-4.672,-1.616
1777414490,812115313,robot_4,-0.345,-1.371
1777414490,812127569,robot_0,4.604,-3.247
1777414490,812139314,robot_1,1.147,1.483
1777414491,31072210,robot_3,3.632,0.395
1777414491,31087056,robot_2,-4.674,-1.616
1777414491,31094025,robot_4,-0.364,-1.344
1777414491,31099216,robot_0,4.604,-3.247
1777414491,31103905,robot_1,1.101,1.503
1777414491,250922733,robot_3,3.631,0.395
1777414491,250955521,robot_2,-4.669,-1.610
1777414491,250970718,robot_4,-0.385,-1.319
1777414491,250982591,robot_0,4.604,-3.247
1777414491,250993255,robot_1,1.048,1.521
1777414491,470861243,robot_3,3.631,0.395
1777414491,470881063,robot_2,-4.664,-1.615
1777414491,470888054,robot_4,-0.408,-1.296
1777414491,470894183,robot_0,4.604,-3.247
1777414491,470899692,robot_1,0.970,1.543
1777414491,672484718,robot_3,3.631,0.395
1777414491,672516115,robot_2,-4.666,-1.617
1777414491,672530955,robot_4,-0.431,-1.276
1777414491,672544868,robot_0,4.604,-3.247
1777414491,672557746,robot_1,0.924,1.556
1777414491,890845222,robot_3,3.630,0.395
1777414491,890875231,robot_2,-4.668,-1.619
1777414491,890889455,robot_4,-0.457,-1.257
1777414491,890900950,robot_0,4.605,-3.246
1777414491,890910910,robot_1,0.881,1.568
1777414492,110709579,robot_3,3.636,0.395
1777414492,110731875,robot_2,-4.669,-1.621
1777414492,110738663,robot_4,-0.491,-1.237
1777414492,110744705,robot_0,4.605,-3.246
1777414492,110749914,robot_1,0.838,1.580
1777414492,330127068,robot_3,3.643,0.394
1777414492,330142390,robot_2,-4.670,-1.623
1777414492,330148787,robot_4,-0.530,-1.216
1777414492,330153829,robot_0,4.605,-3.246
1777414492,330158542,robot_1,0.789,1.593
1777414492,531172803,robot_3,3.644,0.394
1777414492,531203713,robot_2,-4.670,-1.623
1777414492,531220082,robot_4,-0.565,-1.197
1777414492,531232152,robot_0,4.605,-3.246
1777414492,531242578,robot_1,0.743,1.600
1777414492,731254796,robot_3,3.643,0.397
1777414492,731286133,robot_2,-4.671,-1.623
1777414492,731300888,robot_4,-0.603,-1.178
1777414492,731312613,robot_0,4.605,-3.246
1777414492,731322765,robot_1,0.696,1.602
1777414492,950889385,robot_3,3.642,0.401
1777414492,950914710,robot_2,-4.671,-1.623
1777414492,950924265,robot_4,-0.646,-1.158
1777414492,950932361,robot_0,4.605,-3.246
1777414492,950939548,robot_1,0.645,1.596
1777414493,151295380,robot_3,3.643,0.405
1777414493,151323109,robot_2,-4.670,-1.623
1777414493,151335499,robot_4,-0.686,-1.143
1777414493,151345267,robot_0,4.604,-3.247
1777414493,151354278,robot_1,0.600,1.585
1777414493,370199607,robot_3,3.644,0.409
1777414493,370221588,robot_2,-4.670,-1.623
1777414493,370228844,robot_4,-0.732,-1.131
1777414493,370235347,robot_0,4.604,-3.247
1777414493,370241006,robot_1,0.552,1.565
1777414493,571310563,robot_3,3.646,0.412
1777414493,571330730,robot_2,-4.669,-1.623
1777414493,571338147,robot_4,-0.774,-1.124
1777414493,571344667,robot_0,4.604,-3.247
1777414493,571351198,robot_1,0.512,1.541
1777414493,791115168,robot_3,3.648,0.415
1777414493,791133132,robot_2,-4.669,-1.624
1777414493,791140518,robot_4,-0.821,-1.120
1777414493,791146409,robot_0,4.603,-3.247
1777414493,791152252,robot_1,0.461,1.501
1777414494,10495347,robot_3,3.652,0.418
1777414494,10514036,robot_2,-4.666,-1.626
1777414494,10520568,robot_4,-0.870,-1.121
1777414494,10526100,robot_0,4.603,-3.247
1777414494,10531124,robot_1,0.417,1.462
1777414494,230107723,robot_3,3.656,0.420
1777414494,230125408,robot_2,-4.663,-1.629
1777414494,230131839,robot_4,-0.933,-1.127
1777414494,230137655,robot_0,4.603,-3.247
1777414494,230142492,robot_1,0.384,1.433
1777414494,431312981,robot_3,3.658,0.420
1777414494,431333222,robot_2,-4.663,-1.629
1777414494,431341360,robot_4,-0.978,-1.131
1777414494,431347466,robot_0,4.602,-3.247
1777414494,431352909,robot_1,0.354,1.406
1777414494,651329752,robot_3,3.642,0.413
1777414494,651347182,robot_2,-4.663,-1.629
1777414494,651356413,robot_4,-1.022,-1.136
1777414494,651363224,robot_0,4.602,-3.247
1777414494,651369546,robot_1,0.316,1.371
1777414494,851515666,robot_3,3.613,0.366
1777414494,851542810,robot_2,-4.663,-1.630
1777414494,851551021,robot_4,-1.061,-1.140
1777414494,851558912,robot_0,4.602,-3.247
1777414494,851565654,robot_1,0.278,1.337
1777414495,70885075,robot_3,3.581,0.313
1777414495,70905017,robot_2,-4.663,-1.630
1777414495,70913337,robot_4,-1.098,-1.143
1777414495,70919439,robot_0,4.602,-3.247
1777414495,70925091,robot_1,0.234,1.301
1777414495,290090161,robot_3,3.550,0.263
1777414495,290116235,robot_2,-4.663,-1.630
1777414495,290123376,robot_4,-1.135,-1.144
1777414495,290128989,robot_0,4.602,-3.247
1777414495,290134391,robot_1,0.187,1.268
1777414495,490253211,robot_3,3.517,0.210
1777414495,490270494,robot_2,-4.663,-1.630
1777414495,490277290,robot_4,-1.167,-1.141
1777414495,490283490,robot_0,4.603,-3.247
1777414495,490288147,robot_1,0.142,1.243
1777414495,691461006,robot_3,3.470,0.134
1777414495,691483737,robot_2,-4.663,-1.629
1777414495,691493224,robot_4,-1.200,-1.135
1777414495,691501404,robot_0,4.603,-3.247
1777414495,691510374,robot_1,0.094,1.222
1777414495,912201478,robot_3,3.446,0.110
1777414495,912237798,robot_2,-4.663,-1.629
1777414495,912253349,robot_4,-1.234,-1.124
1777414495,912265312,robot_0,4.603,-3.247
1777414495,912276267,robot_1,0.040,1.205
1777414496,129939520,robot_3,3.444,0.109
1777414496,129956499,robot_2,-4.664,-1.629
1777414496,129962636,robot_4,-1.268,-1.110
1777414496,129968162,robot_0,4.603,-3.247
1777414496,129972972,robot_1,-0.017,1.194
1777414496,331215884,robot_3,3.442,0.108
1777414496,331235308,robot_2,-4.664,-1.628
1777414496,331244148,robot_4,-1.296,-1.093
1777414496,331251382,robot_0,4.604,-3.247
1777414496,331258182,robot_1,-0.067,1.190
1777414496,550243823,robot_3,3.440,0.107
1777414496,550261505,robot_2,-4.665,-1.628
1777414496,550268347,robot_4,-1.332,-1.067
1777414496,550274015,robot_0,4.604,-3.246
1777414496,550279233,robot_1,-0.111,1.189
1777414496,750991841,robot_3,3.439,0.107
1777414496,751023498,robot_2,-4.665,-1.628
1777414496,751035147,robot_4,-1.365,-1.042
1777414496,751043892,robot_0,4.604,-3.246
1777414496,751052591,robot_1,-0.151,1.190
1777414496,951344721,robot_3,3.439,0.107
1777414496,951367376,robot_2,-4.665,-1.628
1777414496,951376503,robot_4,-1.396,-1.017
1777414496,951384050,robot_0,4.604,-3.246
1777414496,951390321,robot_1,-0.188,1.191
1777414497,171202807,robot_3,3.438,0.107
1777414497,171231285,robot_2,-4.666,-1.628
1777414497,171240339,robot_4,-1.430,-0.989
1777414497,171257353,robot_0,4.604,-3.246
1777414497,171264488,robot_1,-0.224,1.191
1777414497,390940849,robot_3,3.446,0.111
1777414497,390965558,robot_2,-4.666,-1.628
1777414497,390977585,robot_4,-1.477,-0.952
1777414497,390986871,robot_0,4.604,-3.246
1777414497,390995767,robot_1,-0.276,1.192
1777414497,610677033,robot_3,3.461,0.116
1777414497,610723955,robot_2,-4.666,-1.628
1777414497,610742220,robot_4,-1.538,-0.903
1777414497,610756002,robot_0,4.604,-3.246
1777414497,610767136,robot_1,-0.325,1.193
1777414497,811462940,robot_3,3.461,0.118
1777414497,811485084,robot_2,-4.666,-1.628
1777414497,811495430,robot_4,-1.583,-0.868
1777414497,811504318,robot_0,4.604,-3.246
1777414497,811512389,robot_1,-0.365,1.194
1777414498,30110937,robot_3,3.461,0.118
1777414498,30137976,robot_2,-4.666,-1.628
1777414498,30146134,robot_4,-1.622,-0.836
1777414498,30152534,robot_0,4.604,-3.246
1777414498,30158076,robot_1,-0.409,1.194
1777414498,230690261,robot_3,3.461,0.119
1777414498,230707220,robot_2,-4.666,-1.628
1777414498,230713601,robot_4,-1.653,-0.812
1777414498,230718797,robot_0,4.604,-3.246
1777414498,230724179,robot_1,-0.445,1.195
1777414498,450600051,robot_3,3.460,0.121
1777414498,450618855,robot_2,-4.665,-1.628
1777414498,450625609,robot_4,-1.687,-0.784
1777414498,450630901,robot_0,4.603,-3.247
1777414498,450636391,robot_1,-0.484,1.193
1777414498,651930638,robot_3,3.458,0.124
1777414498,651954371,robot_2,-4.665,-1.628
1777414498,651964679,robot_4,-1.707,-0.768
1777414498,651972489,robot_0,4.603,-3.247
1777414498,651980086,robot_1,-0.519,1.189
1777414498,870994705,robot_3,3.455,0.126
1777414498,871012212,robot_2,-4.664,-1.629
1777414498,871022076,robot_4,-1.726,-0.751
1777414498,871030102,robot_0,4.603,-3.247
1777414498,871035918,robot_1,-0.557,1.180
1777414499,71674276,robot_3,3.452,0.128
1777414499,71697984,robot_2,-4.664,-1.629
1777414499,71709121,robot_4,-1.742,-0.735
1777414499,71717002,robot_0,4.602,-3.247
1777414499,71721635,robot_1,-0.585,1.170
1777414499,291053241,robot_3,3.448,0.129
1777414499,291073933,robot_2,-4.663,-1.629
1777414499,291082731,robot_4,-1.757,-0.715
1777414499,291089406,robot_0,4.602,-3.247
1777414499,291096395,robot_1,-0.619,1.157
1777414499,491623479,robot_3,3.454,0.126
1777414499,491641285,robot_2,-4.663,-1.630
1777414499,491647976,robot_4,-1.770,-0.697
1777414499,491653272,robot_0,4.602,-3.247
1777414499,491659661,robot_1,-0.657,1.143
1777414499,692805917,robot_3,3.456,0.110
1777414499,692839006,robot_2,-4.663,-1.630
1777414499,692854590,robot_4,-1.782,-0.677
1777414499,692866544,robot_0,4.602,-3.247
1777414499,692878048,robot_1,-0.694,1.128
1777414499,913486549,robot_3,3.456,0.108
1777414499,913518852,robot_2,-4.663,-1.631
1777414499,913534618,robot_4,-1.793,-0.655
1777414499,913548177,robot_0,4.602,-3.247
1777414499,913558855,robot_1,-0.740,1.110
1777414500,131179371,robot_3,3.456,0.108
1777414500,131208820,robot_2,-4.663,-1.631
1777414500,131219178,robot_4,-1.809,-0.613
1777414500,131227059,robot_0,4.602,-3.247
1777414500,131234843,robot_1,-0.790,1.089
1777414500,351258070,robot_3,3.457,0.107
1777414500,351287448,robot_2,-4.663,-1.631
1777414500,351298145,robot_4,-1.826,-0.563
1777414500,351307657,robot_0,4.602,-3.247
1777414500,351316441,robot_1,-0.835,1.061
1777414500,551633088,robot_3,3.458,0.108
1777414500,551659541,robot_2,-4.663,-1.630
1777414500,551671463,robot_4,-1.840,-0.525
1777414500,551681622,robot_0,4.602,-3.247
1777414500,551690153,robot_1,-0.873,1.030
1777414500,751721552,robot_3,3.491,0.125
1777414500,751754928,robot_2,-4.663,-1.630
1777414500,751766936,robot_4,-1.853,-0.487
1777414500,751777587,robot_0,4.602,-3.247
1777414500,751787078,robot_1,-0.905,0.995
1777414500,970635126,robot_3,3.531,0.144
1777414500,970656521,robot_2,-4.663,-1.630
1777414500,970663610,robot_4,-1.869,-0.441
1777414500,970669327,robot_0,4.602,-3.247
1777414500,970674154,robot_1,-0.936,0.952
1777414501,171338505,robot_3,3.567,0.162
1777414501,171358009,robot_2,-4.664,-1.629
1777414501,171370024,robot_4,-1.884,-0.394
1777414501,171377638,robot_0,4.603,-3.246
1777414501,171384805,robot_1,-0.951,0.922
1777414501,372143236,robot_3,3.606,0.181
1777414501,372172944,robot_2,-4.664,-1.629
1777414501,372183382,robot_4,-1.893,-0.346
1777414501,372191997,robot_0,4.603,-3.246
1777414501,372200019,robot_1,-0.962,0.895
1777414501,591201291,robot_3,3.636,0.196
1777414501,591223327,robot_2,-4.664,-1.629
1777414501,591231762,robot_4,-1.895,-0.293
1777414501,591238681,robot_0,4.603,-3.246
1777414501,591245425,robot_1,-0.971,0.864
1777414501,791707473,robot_3,3.662,0.209
1777414501,791742727,robot_2,-4.665,-1.629
1777414501,791761858,robot_4,-1.891,-0.245
1777414501,791778621,robot_0,4.603,-3.246
1777414501,791793951,robot_1,-0.977,0.835
1777414502,11594082,robot_3,3.702,0.229
1777414502,11623036,robot_2,-4.665,-1.629
1777414502,11637099,robot_4,-1.879,-0.194
1777414502,11649093,robot_0,4.603,-3.245
1777414502,11659961,robot_1,-0.981,0.803
1777414502,230841694,robot_3,3.741,0.248
1777414502,230864943,robot_2,-4.666,-1.629
1777414502,230876197,robot_4,-1.855,-0.135
1777414502,230884082,robot_0,4.603,-3.245
1777414502,230891842,robot_1,-0.983,0.770
1777414502,431357668,robot_3,3.773,0.264
1777414502,431379065,robot_2,-4.666,-1.629
1777414502,431386171,robot_4,-1.825,-0.073
1777414502,431391826,robot_0,4.603,-3.245
1777414502,431397285,robot_1,-0.981,0.741
1777414502,631574564,robot_3,3.800,0.276
1777414502,631603500,robot_2,-4.666,-1.629
1777414502,631612490,robot_4,-1.799,-0.017
1777414502,631619721,robot_0,4.603,-3.245
1777414502,631626922,robot_1,-0.977,0.705
1777414502,849953478,robot_3,3.833,0.286
1777414502,849969700,robot_2,-4.666,-1.629
1777414502,849976874,robot_4,-1.777,0.041
1777414502,849982609,robot_0,4.603,-3.245
1777414502,849987554,robot_1,-0.969,0.661
1777414503,51841651,robot_3,3.863,0.290
1777414503,51867740,robot_2,-4.666,-1.629
1777414503,51879547,robot_4,-1.762,0.097
1777414503,51888859,robot_0,4.603,-3.246
1777414503,51897200,robot_1,-0.963,0.622
1777414503,271419641,robot_3,3.896,0.288
1777414503,271439148,robot_2,-4.666,-1.629
1777414503,271447516,robot_4,-1.751,0.158
1777414503,271454751,robot_0,4.603,-3.246
1777414503,271460960,robot_1,-0.951,0.553
1777414503,473132121,robot_3,3.926,0.282
1777414503,473167199,robot_2,-4.665,-1.629
1777414503,473182173,robot_4,-1.746,0.215
1777414503,473195515,robot_0,4.603,-3.246
1777414503,473206426,robot_1,-0.940,0.486
1777414503,690228509,robot_3,3.962,0.267
1777414503,690245179,robot_2,-4.665,-1.629
1777414503,690252157,robot_4,-1.747,0.271
1777414503,690257980,robot_0,4.602,-3.246
1777414503,690262981,robot_1,-0.930,0.427
1777414503,911778969,robot_3,4.021,0.234
1777414503,911809996,robot_2,-4.664,-1.630
1777414503,911828619,robot_4,-1.751,0.315
1777414503,911840917,robot_0,4.602,-3.246
1777414503,911850262,robot_1,-0.923,0.383
1777414504,131163885,robot_3,4.058,0.211
1777414504,131183294,robot_2,-4.664,-1.630
1777414504,131190627,robot_4,-1.757,0.358
1777414504,131196484,robot_0,4.602,-3.246
1777414504,131201604,robot_1,-0.916,0.339
1777414504,351096634,robot_3,4.096,0.188
1777414504,351114108,robot_2,-4.663,-1.630
1777414504,351120881,robot_4,-1.764,0.404
1777414504,351126055,robot_0,4.601,-3.246
1777414504,351130929,robot_1,-0.908,0.291
1777414504,551208381,robot_3,4.144,0.158
1777414504,551231382,robot_2,-4.663,-1.631
1777414504,551241145,robot_4,-1.772,0.446
1777414504,551249732,robot_0,4.601,-3.246
1777414504,551256782,robot_1,-0.898,0.231
1777414504,771560735,robot_3,4.208,0.119
1777414504,771576444,robot_2,-4.663,-1.631
1777414504,771583149,robot_4,-1.785,0.491
1777414504,771588970,robot_0,4.601,-3.246
1777414504,771593660,robot_1,-0.891,0.191
1777414504,990361773,robot_3,4.233,0.104
1777414504,990386720,robot_2,-4.663,-1.631
1777414504,990396651,robot_4,-1.802,0.534
1777414504,990405151,robot_0,4.601,-3.246
1777414504,990412620,robot_1,-0.889,0.165
1777414505,211534711,robot_3,4.258,0.091
1777414505,211555394,robot_2,-4.663,-1.631
1777414505,211564014,robot_4,-1.823,0.576
1777414505,211571349,robot_0,4.601,-3.246
1777414505,211577837,robot_1,-0.889,0.139
1777414505,412064309,robot_3,4.282,0.082
1777414505,412092118,robot_2,-4.663,-1.631
1777414505,412107486,robot_4,-1.845,0.612
1777414505,412122181,robot_0,4.601,-3.246
1777414505,412133176,robot_1,-0.892,0.116
1777414505,631128730,robot_3,4.308,0.073
1777414505,631147296,robot_2,-4.663,-1.631
1777414505,631154968,robot_4,-1.873,0.650
1777414505,631160828,robot_0,4.601,-3.246
1777414505,631166423,robot_1,-0.899,0.091
1777414505,850851300,robot_3,4.335,0.067
1777414505,850872113,robot_2,-4.663,-1.631
1777414505,850881366,robot_4,-1.904,0.685
1777414505,850888460,robot_0,4.602,-3.246
1777414505,850895230,robot_1,-0.908,0.067
1777414506,52051466,robot_3,4.360,0.063
1777414506,52075915,robot_2,-4.663,-1.630
1777414506,52085898,robot_4,-1.936,0.714
1777414506,52093258,robot_0,4.602,-3.246
1777414506,52100461,robot_1,-0.919,0.046
1777414506,270980968,robot_3,4.385,0.061
1777414506,271002666,robot_2,-4.664,-1.630
1777414506,271012154,robot_4,-1.976,0.740
1777414506,271022923,robot_0,4.602,-3.246
1777414506,271030567,robot_1,-0.942,0.014
1777414506,490752979,robot_3,4.385,0.061
1777414506,490774572,robot_2,-4.664,-1.630
1777414506,490783023,robot_4,-2.018,0.762
1777414506,490799196,robot_0,4.602,-3.246
1777414506,490805747,robot_1,-0.968,-0.021
1777414506,691628813,robot_3,4.385,0.061
1777414506,691647040,robot_2,-4.665,-1.630
1777414506,691654571,robot_4,-2.059,0.776
1777414506,691661217,robot_0,4.602,-3.245
1777414506,691667552,robot_1,-0.993,-0.053
1777414506,891660334,robot_3,4.385,0.061
1777414506,891679616,robot_2,-4.665,-1.630
1777414506,891687267,robot_4,-2.101,0.785
1777414506,891693436,robot_0,4.602,-3.245
1777414506,891699925,robot_1,-1.035,-0.108
1777414507,111306246,robot_3,4.385,0.061
1777414507,111328947,robot_2,-4.666,-1.630
1777414507,111337893,robot_4,-2.146,0.789
1777414507,111345123,robot_0,4.602,-3.245
1777414507,111351581,robot_1,-1.075,-0.159
1777414507,311495430,robot_3,4.385,0.061
1777414507,311515370,robot_2,-4.666,-1.630
1777414507,311524069,robot_4,-2.186,0.790
1777414507,311530613,robot_0,4.602,-3.245
1777414507,311537201,robot_1,-1.090,-0.180
1777414507,511594729,robot_3,4.385,0.062
1777414507,511616262,robot_2,-4.666,-1.630
1777414507,511624321,robot_4,-2.226,0.790
1777414507,511630727,robot_0,4.602,-3.245
1777414507,511636655,robot_1,-1.115,-0.211
1777414507,712129732,robot_3,4.385,0.062
1777414507,712165357,robot_2,-4.666,-1.630
1777414507,712185263,robot_4,-2.264,0.791
1777414507,712201607,robot_0,4.602,-3.245
1777414507,712216436,robot_1,-1.139,-0.243
1777414507,931809563,robot_3,4.386,0.063
1777414507,931853253,robot_2,-4.666,-1.630
1777414507,931874885,robot_4,-2.310,0.791
1777414507,931893406,robot_0,4.602,-3.245
1777414507,931910369,robot_1,-1.165,-0.276
1777414508,151122656,robot_3,4.386,0.063
1777414508,151154505,robot_2,-4.666,-1.630
1777414508,151165510,robot_4,-2.381,0.791
1777414508,151174928,robot_0,4.602,-3.245
1777414508,151183804,robot_1,-1.182,-0.299
1777414508,351439737,robot_3,4.387,0.063
1777414508,351467454,robot_2,-4.666,-1.630
1777414508,351479758,robot_4,-2.426,0.791
1777414508,351489346,robot_0,4.602,-3.246
1777414508,351498847,robot_1,-1.197,-0.321
1777414508,571065319,robot_3,4.387,0.063
1777414508,571090531,robot_2,-4.665,-1.630
1777414508,571100568,robot_4,-2.470,0.792
1777414508,571110156,robot_0,4.602,-3.246
1777414508,571119110,robot_1,-1.210,-0.347
1777414508,771627420,robot_3,4.388,0.063
1777414508,771645355,robot_2,-4.665,-1.630
1777414508,771652354,robot_4,-2.510,0.792
1777414508,771658426,robot_0,4.601,-3.246
1777414508,771664025,robot_1,-1.221,-0.371
1777414508,972004083,robot_3,4.388,0.063
1777414508,972030135,robot_2,-4.664,-1.630
1777414508,972037455,robot_4,-2.574,0.792
1777414508,972043021,robot_0,4.601,-3.246
1777414508,972047998,robot_1,-1.230,-0.396
1777414509,191375098,robot_3,4.388,0.063
1777414509,191397451,robot_2,-4.664,-1.631
1777414509,191407692,robot_4,-2.642,0.793
1777414509,191415538,robot_0,4.601,-3.246
1777414509,191423026,robot_1,-1.238,-0.424
1777414509,410941096,robot_3,4.388,0.063
1777414509,410957498,robot_2,-4.663,-1.631
1777414509,410963844,robot_4,-2.705,0.796
1777414509,410969391,robot_0,4.600,-3.246
1777414509,410974414,robot_1,-1.243,-0.453
1777414509,611807889,robot_3,4.388,0.063
1777414509,611839011,robot_2,-4.663,-1.631
1777414509,611853887,robot_4,-2.761,0.804
1777414509,611867797,robot_0,4.600,-3.246
1777414509,611881822,robot_1,-1.251,-0.519
1777414509,812063348,robot_3,4.387,0.063
1777414509,812093693,robot_2,-4.663,-1.632
1777414509,812107873,robot_4,-2.816,0.817
1777414509,812119170,robot_0,4.600,-3.246
1777414509,812130597,robot_1,-1.258,-0.584
1777414510,12344090,robot_3,4.387,0.063
1777414510,12374243,robot_2,-4.663,-1.632
1777414510,12387167,robot_4,-2.870,0.835
1777414510,12398451,robot_0,4.600,-3.246
1777414510,12408824,robot_1,-1.269,-0.645
1777414510,231436822,robot_3,4.387,0.063
1777414510,231458309,robot_2,-4.663,-1.632
1777414510,231467784,robot_4,-2.927,0.860
1777414510,231475593,robot_0,4.600,-3.246
1777414510,231483288,robot_1,-1.285,-0.711
1777414510,450788341,robot_3,4.386,0.062
1777414510,450808798,robot_2,-4.663,-1.632
1777414510,450815126,robot_4,-2.981,0.891
1777414510,450820827,robot_0,4.600,-3.246
1777414510,450825858,robot_1,-1.306,-0.775
1777414510,651783694,robot_3,4.386,0.062
1777414510,651802991,robot_2,-4.663,-1.632
1777414510,651811358,robot_4,-3.020,0.919
1777414510,651827586,robot_0,4.601,-3.246
1777414510,651834247,robot_1,-1.329,-0.832
1777414510,870906561,robot_3,4.386,0.062
1777414510,870922936,robot_2,-4.663,-1.632
1777414510,870930335,robot_4,-3.021,0.919
1777414510,870935976,robot_0,4.601,-3.246
1777414510,870941368,robot_1,-1.358,-0.893
1777414511,71485797,robot_3,4.386,0.061
1777414511,71510193,robot_2,-4.663,-1.631
1777414511,71521127,robot_4,-3.021,0.919
1777414511,71530363,robot_0,4.601,-3.246
1777414511,71539098,robot_1,-1.382,-0.934
1777414511,271754039,robot_3,4.386,0.061
1777414511,271770841,robot_2,-4.664,-1.631
1777414511,271777595,robot_4,-3.021,0.919
1777414511,271782804,robot_0,4.601,-3.245
1777414511,271787861,robot_1,-1.404,-0.967
1777414511,490766570,robot_3,4.386,0.060
1777414511,490785671,robot_2,-4.664,-1.631
1777414511,490792610,robot_4,-3.022,0.919
1777414511,490798552,robot_0,4.602,-3.245
1777414511,490804179,robot_1,-1.428,-1.003
1777414511,711743282,robot_3,4.386,0.060
1777414511,711771437,robot_2,-4.665,-1.631
1777414511,711784273,robot_4,-3.022,0.919
1777414511,711795750,robot_0,4.602,-3.245
1777414511,711805400,robot_1,-1.455,-1.042
1777414511,931740913,robot_3,4.386,0.059
1777414511,931766241,robot_2,-4.665,-1.631
1777414511,931775161,robot_4,-3.023,0.919
1777414511,931781955,robot_0,4.602,-3.245
1777414511,931788919,robot_1,-1.485,-1.078
1777414512,151261900,robot_3,4.386,0.059
1777414512,151283280,robot_2,-4.665,-1.631
1777414512,151292316,robot_4,-3.023,0.919
1777414512,151300625,robot_0,4.602,-3.244
1777414512,151307631,robot_1,-1.517,-1.111
1777414512,351556246,robot_3,4.387,0.059
1777414512,351575115,robot_2,-4.666,-1.631
1777414512,351583470,robot_4,-3.024,0.919
1777414512,351596141,robot_0,4.602,-3.244
1777414512,351603980,robot_1,-1.550,-1.139
1777414512,571340273,robot_3,4.387,0.058
1777414512,571362143,robot_2,-4.666,-1.631
1777414512,571372048,robot_4,-3.024,0.919
1777414512,571380331,robot_0,4.602,-3.244
1777414512,571387321,robot_1,-1.589,-1.165
1777414512,791394271,robot_3,4.388,0.058
1777414512,791421184,robot_2,-4.666,-1.631
1777414512,791430027,robot_4,-3.024,0.919
1777414512,791437176,robot_0,4.602,-3.244
1777414512,791443406,robot_1,-1.630,-1.187
1777414512,991450000,robot_3,4.388,0.058
1777414512,991475056,robot_2,-4.666,-1.631
1777414512,991485669,robot_4,-3.025,0.919
1777414512,991494921,robot_0,4.602,-3.245
1777414512,991502284,robot_1,-1.669,-1.204
1777414513,191834636,robot_3,4.388,0.058
1777414513,191861128,robot_2,-4.666,-1.631
1777414513,191872084,robot_4,-3.025,0.920
1777414513,191881371,robot_0,4.601,-3.245
1777414513,191890722,robot_1,-1.713,-1.218
1777414513,411407420,robot_3,4.388,0.058
1777414513,411427745,robot_2,-4.666,-1.631
1777414513,411435592,robot_4,-2.997,0.950
1777414513,411441897,robot_0,4.601,-3.245
1777414513,411447832,robot_1,-1.758,-1.232
1777414513,630087331,robot_3,4.388,0.058
1777414513,630113421,robot_2,-4.665,-1.631
1777414513,630120482,robot_4,-2.968,0.982
1777414513,630126132,robot_0,4.601,-3.245
1777414513,630131348,robot_1,-1.800,-1.245
1777414513,831102101,robot_3,4.389,0.058
1777414513,831124418,robot_2,-4.665,-1.631
1777414513,831135179,robot_4,-2.939,1.014
1777414513,831154859,robot_0,4.601,-3.246
1777414513,831163808,robot_1,-1.839,-1.256
1777414514,31531029,robot_3,4.389,0.059
1777414514,31567387,robot_2,-4.664,-1.631
1777414514,31581195,robot_4,-2.906,1.050
1777414514,31593488,robot_0,4.600,-3.246
1777414514,31605011,robot_1,-1.886,-1.270
1777414514,231601100,robot_3,4.390,0.059
1777414514,231631210,robot_2,-4.664,-1.632
1777414514,231642800,robot_4,-2.872,1.086
1777414514,231652323,robot_0,4.600,-3.246
1777414514,231660482,robot_1,-1.936,-1.282
1777414514,450573587,robot_3,4.390,0.059
1777414514,450593776,robot_2,-4.663,-1.632
1777414514,450600460,robot_4,-2.838,1.124
1777414514,450606037,robot_0,4.600,-3.246
1777414514,450611034,robot_1,-1.991,-1.289
1777414514,651481363,robot_3,4.390,0.060
1777414514,651499953,robot_2,-4.663,-1.632
1777414514,651508021,robot_4,-2.811,1.153
1777414514,651514531,robot_0,4.599,-3.245
1777414514,651521121,robot_1,-2.042,-1.288
1777414514,851755403,robot_3,4.390,0.060
1777414514,851775867,robot_2,-4.663,-1.633
1777414514,851784845,robot_4,-2.784,1.183
1777414514,851792071,robot_0,4.599,-3.245
1777414514,851798950,robot_1,-2.092,-1.282
1777414515,71063747,robot_3,4.391,0.060
1777414515,71091205,robot_2,-4.663,-1.633
1777414515,71104782,robot_4,-2.758,1.211
1777414515,71115628,robot_0,4.599,-3.245
1777414515,71125780,robot_1,-2.145,-1.267
1777414515,290098513,robot_3,4.391,0.061
1777414515,290115076,robot_2,-4.663,-1.633
1777414515,290121982,robot_4,-2.736,1.235
1777414515,290127243,robot_0,4.599,-3.245
1777414515,290132255,robot_1,-2.196,-1.246
1777414515,490656260,robot_3,4.391,0.061
1777414515,490676878,robot_2,-4.663,-1.633
1777414515,490685286,robot_4,-2.708,1.266
1777414515,490692118,robot_0,4.600,-3.245
1777414515,490698742,robot_1,-2.240,-1.220
1777414515,691434527,robot_3,4.391,0.061
1777414515,691451746,robot_2,-4.663,-1.633
1777414515,691458185,robot_4,-2.680,1.296
1777414515,691463937,robot_0,4.600,-3.245
1777414515,691468910,robot_1,-2.282,-1.190
1777414515,910088104,robot_3,4.391,0.061
1777414515,910105310,robot_2,-4.663,-1.633
1777414515,910111970,robot_4,-2.651,1.328
1777414515,910117284,robot_0,4.600,-3.245
1777414515,910122274,robot_1,-2.318,-1.163
1777414516,111396759,robot_3,4.390,0.061
1777414516,111426338,robot_2,-4.663,-1.632
1777414516,111439942,robot_4,-2.623,1.358
1777414516,111450553,robot_0,4.600,-3.245
1777414516,111461622,robot_1,-2.350,-1.138
1777414516,311550588,robot_3,4.390,0.062
1777414516,311569502,robot_2,-4.664,-1.632
1777414516,311577491,robot_4,-2.595,1.389
1777414516,311583489,robot_0,4.601,-3.245
1777414516,311589179,robot_1,-2.382,-1.114
1777414516,511801607,robot_3,4.390,0.062
1777414516,511828777,robot_2,-4.664,-1.632
1777414516,511841319,robot_4,-2.565,1.422
1777414516,511851066,robot_0,4.601,-3.245
1777414516,511859377,robot_1,-2.429,-1.077
1777414516,729938125,robot_3,4.390,0.063
1777414516,729955256,robot_2,-4.665,-1.632
1777414516,729961443,robot_4,-2.516,1.475
1777414516,729966465,robot_0,4.601,-3.244
1777414516,729971327,robot_1,-2.475,-1.035
1777414516,931402264,robot_3,4.389,0.063
1777414516,931436892,robot_2,-4.665,-1.632
1777414516,931451454,robot_4,-2.484,1.510
1777414516,931462768,robot_0,4.601,-3.244
1777414516,931473349,robot_1,-2.514,-0.993
1777414517,150809731,robot_3,4.389,0.063
1777414517,150844894,robot_2,-4.666,-1.632
1777414517,150857024,robot_4,-2.454,1.543
1777414517,150866516,robot_0,4.601,-3.244
1777414517,150875956,robot_1,-2.551,-0.943
1777414517,370582838,robot_3,4.388,0.063
1777414517,370613751,robot_2,-4.666,-1.632
1777414517,370628901,robot_4,-2.425,1.575
1777414517,370641592,robot_0,4.601,-3.244
1777414517,370653162,robot_1,-2.583,-0.890
1777414517,571507807,robot_3,4.388,0.063
1777414517,571541368,robot_2,-4.666,-1.632
1777414517,571556765,robot_4,-2.398,1.604
1777414517,571569529,robot_0,4.601,-3.244
1777414517,571580889,robot_1,-2.607,-0.838
1777414517,772625828,robot_3,4.388,0.063
1777414517,772656691,robot_2,-4.666,-1.632
1777414517,772671810,robot_4,-2.371,1.634
1777414517,772682760,robot_0,4.601,-3.244
1777414517,772693726,robot_1,-2.627,-0.785
1777414517,991617478,robot_3,4.388,0.063
1777414517,991655542,robot_2,-4.666,-1.632
1777414517,991673668,robot_4,-2.339,1.668
1777414517,991688110,robot_0,4.601,-3.244
1777414517,991701926,robot_1,-2.640,-0.737
1777414518,210722872,robot_3,4.388,0.063
1777414518,210752412,robot_2,-4.666,-1.632
1777414518,210767174,robot_4,-2.310,1.701
1777414518,210779134,robot_0,4.601,-3.245
1777414518,210790272,robot_1,-2.650,-0.692
1777414518,411414645,robot_3,4.387,0.063
1777414518,411435069,robot_2,-4.666,-1.632
1777414518,411442033,robot_4,-2.283,1.730
1777414518,411448062,robot_0,4.600,-3.245
1777414518,411453354,robot_1,-2.658,-0.653
1777414518,611672903,robot_3,4.387,0.063
1777414518,611694188,robot_2,-4.667,-1.632
1777414518,611702941,robot_4,-2.254,1.761
1777414518,611710635,robot_0,4.600,-3.245
1777414518,611717276,robot_1,-2.667,-0.614
1777414518,812219740,robot_3,4.387,0.063
1777414518,812252364,robot_2,-4.662,-1.630
1777414518,812267784,robot_4,-2.204,1.816
1777414518,812279743,robot_0,4.600,-3.245
1777414518,812291235,robot_1,-2.678,-0.562
1777414519,30077213,robot_3,4.386,0.062
1777414519,30095224,robot_2,-4.658,-1.633
1777414519,30101457,robot_4,-2.152,1.873
1777414519,30106463,robot_0,4.599,-3.245
1777414519,30111564,robot_1,-2.694,-0.495
1777414519,230171436,robot_3,4.386,0.062
1777414519,230188992,robot_2,-4.655,-1.635
1777414519,230196061,robot_4,-2.111,1.922
1777414519,230201477,robot_0,4.599,-3.245
1777414519,230206298,robot_1,-2.713,-0.437
1777414519,430891707,robot_3,4.386,0.062
1777414519,430912454,robot_2,-4.652,-1.636
1777414519,430919309,robot_4,-2.072,1.972
1777414519,430924671,robot_0,4.599,-3.245
1777414519,430929916,robot_1,-2.736,-0.381
1777414519,651796261,robot_3,4.386,0.061
1777414519,651817656,robot_2,-4.648,-1.637
1777414519,651826348,robot_4,-2.034,2.030
1777414519,651842805,robot_0,4.599,-3.245
1777414519,651849947,robot_1,-2.766,-0.321
1777414519,871709109,robot_3,4.386,0.061
1777414519,871732301,robot_2,-4.644,-1.637
1777414519,871742563,robot_4,-1.999,2.091
1777414519,871761410,robot_0,4.599,-3.245
1777414519,871770412,robot_1,-2.800,-0.263
1777414520,91114710,robot_3,4.386,0.060
1777414520,91141740,robot_2,-4.641,-1.637
1777414520,91154145,robot_4,-1.969,2.153
1777414520,91164867,robot_0,4.599,-3.245
1777414520,91174364,robot_1,-2.838,-0.208
1777414520,291921078,robot_3,4.386,0.060
1777414520,291940029,robot_2,-4.641,-1.637
1777414520,291947529,robot_4,-1.944,2.212
1777414520,291953751,robot_0,4.599,-3.245
1777414520,291959669,robot_1,-2.874,-0.164
1777414520,511439387,robot_3,4.386,0.060
1777414520,511461767,robot_2,-4.641,-1.637
1777414520,511471668,robot_4,-1.892,2.249
1777414520,511479414,robot_0,4.599,-3.245
1777414520,511487709,robot_1,-2.910,-0.125
1777414520,711815070,robot_3,4.386,0.061
1777414520,711844503,robot_2,-4.639,-1.636
1777414520,711859032,robot_4,-1.850,2.276
1777414520,711871475,robot_0,4.599,-3.245
1777414520,711881994,robot_1,-2.942,-0.090
1777414520,930453245,robot_3,4.386,0.061
1777414520,930474093,robot_2,-4.636,-1.634
1777414520,930480818,robot_4,-1.846,2.276
1777414520,930486788,robot_0,4.600,-3.245
1777414520,930492317,robot_1,-2.972,-0.047
1777414521,130685712,robot_3,4.386,0.062
1777414521,130712871,robot_2,-4.634,-1.632
1777414521,130722193,robot_4,-1.846,2.276
1777414521,130730163,robot_0,4.600,-3.245
1777414521,130737788,robot_1,-2.993,-0.005
1777414521,330855394,robot_3,4.386,0.062
1777414521,330876073,robot_2,-4.632,-1.629
1777414521,330884123,robot_4,-1.845,2.277
1777414521,330890717,robot_0,4.600,-3.244
1777414521,330897699,robot_1,-3.009,0.040
1777414521,531463731,robot_3,4.387,0.062
1777414521,531482554,robot_2,-4.630,-1.627
1777414521,531489808,robot_4,-1.845,2.280
1777414521,531495950,robot_0,4.600,-3.244
1777414521,531500936,robot_1,-3.017,0.087
1777414521,731987237,robot_3,4.387,0.063
1777414521,732007766,robot_2,-4.629,-1.625
1777414521,732016364,robot_4,-1.844,2.283
1777414521,732026625,robot_0,4.600,-3.244
1777414521,732033520,robot_1,-3.020,0.133
1777414521,950639172,robot_3,4.388,0.063
1777414521,950658126,robot_2,-4.629,-1.622
1777414521,950664532,robot_4,-1.842,2.286
1777414521,950669821,robot_0,4.600,-3.244
1777414521,950675105,robot_1,-3.016,0.176
1777414522,169937560,robot_3,4.388,0.063
1777414522,169954935,robot_2,-4.629,-1.621
1777414522,169961360,robot_4,-1.840,2.288
1777414522,169966893,robot_0,4.600,-3.244
1777414522,169971715,robot_1,-3.011,0.220
1777414522,390028749,robot_3,4.389,0.063
1777414522,390046942,robot_2,-4.629,-1.620
1777414522,390054906,robot_4,-1.838,2.289
1777414522,390060322,robot_0,4.600,-3.244
1777414522,390065154,robot_1,-3.004,0.273
1777414522,591198052,robot_3,4.389,0.063
1777414522,591221538,robot_2,-4.629,-1.619
1777414522,591232018,robot_4,-1.836,2.290
1777414522,591241174,robot_0,4.600,-3.244
1777414522,591249234,robot_1,-2.995,0.334
1777414522,810392846,robot_3,4.389,0.063
1777414522,810409317,robot_2,-4.629,-1.619
1777414522,810415427,robot_4,-1.838,2.283
1777414522,810420566,robot_0,4.600,-3.244
1777414522,810425132,robot_1,-2.990,0.372
1777414523,10658217,robot_3,4.389,0.063
1777414523,10677265,robot_2,-4.629,-1.619
1777414523,10684217,robot_4,-1.839,2.278
1777414523,10690254,robot_0,4.600,-3.244
1777414523,10695958,robot_1,-2.986,0.407
1777414523,211445500,robot_3,4.389,0.063
1777414523,211466645,robot_2,-4.629,-1.619
1777414523,211476273,robot_4,-1.839,2.279
1777414523,211484887,robot_0,4.600,-3.244
1777414523,211492281,robot_1,-2.980,0.447
1777414523,411699648,robot_3,4.389,0.063
1777414523,411725237,robot_2,-4.628,-1.619
1777414523,411736614,robot_4,-1.836,2.278
1777414523,411745957,robot_0,4.600,-3.244
1777414523,411754258,robot_1,-2.975,0.486
1777414523,611805313,robot_3,4.389,0.063
1777414523,611833274,robot_2,-4.628,-1.619
1777414523,611844784,robot_4,-1.801,2.263
1777414523,611855019,robot_0,4.599,-3.245
1777414523,611864930,robot_1,-2.970,0.523
1777414523,830390872,robot_3,4.390,0.062
1777414523,830408606,robot_2,-4.628,-1.618
1777414523,830415430,robot_4,-1.760,2.245
1777414523,830420271,robot_0,4.599,-3.245
1777414523,830425128,robot_1,-2.965,0.565
1777414524,32817526,robot_3,4.390,0.062
1777414524,32859543,robot_2,-4.628,-1.618
1777414524,32875130,robot_4,-1.727,2.231
1777414524,32887614,robot_0,4.599,-3.245
1777414524,32899254,robot_1,-2.955,0.636
1777414524,250866549,robot_3,4.391,0.062
1777414524,250888459,robot_2,-4.628,-1.617
1777414524,250897547,robot_4,-1.702,2.219
1777414524,250905677,robot_0,4.598,-3.245
1777414524,250913829,robot_1,-2.948,0.694
1777414524,450966892,robot_3,4.391,0.061
1777414524,450986435,robot_2,-4.628,-1.617
1777414524,450993704,robot_4,-1.680,2.207
1777414524,450999603,robot_0,4.598,-3.245
1777414524,451004854,robot_1,-2.942,0.733
1777414524,651747378,robot_3,4.391,0.061
1777414524,651767064,robot_2,-4.628,-1.616
1777414524,651775524,robot_4,-1.659,2.192
1777414524,651782378,robot_0,4.598,-3.245
1777414524,651788387,robot_1,-2.937,0.773
1777414524,870154438,robot_3,4.391,0.060
1777414524,870172560,robot_2,-4.629,-1.616
1777414524,870179264,robot_4,-1.639,2.173
1777414524,870184761,robot_0,4.598,-3.245
1777414524,870189754,robot_1,-2.932,0.814
1777414525,72600605,robot_3,4.391,0.060
1777414525,72632424,robot_2,-4.629,-1.616
1777414525,72647467,robot_4,-1.622,2.154
1777414525,72659672,robot_0,4.598,-3.245
1777414525,72670272,robot_1,-2.926,0.858
1777414525,291271090,robot_3,4.391,0.060
1777414525,291300289,robot_2,-4.629,-1.616
1777414525,291314195,robot_4,-1.606,2.131
1777414525,291326132,robot_0,4.598,-3.245
1777414525,291337199,robot_1,-2.917,0.923
1777414525,511295697,robot_3,4.391,0.060
1777414525,511321765,robot_2,-4.629,-1.616
1777414525,511332045,robot_4,-1.594,2.107
1777414525,511340864,robot_0,4.598,-3.245
1777414525,511349013,robot_1,-2.911,0.968
1777414525,711507811,robot_3,4.391,0.060
1777414525,711540052,robot_2,-4.629,-1.616
1777414525,711551443,robot_4,-1.585,2.086
1777414525,711559726,robot_0,4.599,-3.245
1777414525,711568324,robot_1,-2.906,1.008
1777414525,931472333,robot_3,4.391,0.059
1777414525,931496368,robot_2,-4.628,-1.617
1777414525,931504297,robot_4,-1.572,2.051
1777414525,931511028,robot_0,4.599,-3.244
1777414525,931516872,robot_1,-2.900,1.051
1777414526,150297541,robot_3,4.391,0.059
1777414526,150316950,robot_2,-4.628,-1.617
1777414526,150324609,robot_4,-1.557,2.009
1777414526,150331369,robot_0,4.599,-3.244
1777414526,150337478,robot_1,-2.895,1.089
1777414526,351597088,robot_3,4.390,0.058
1777414526,351622577,robot_2,-4.628,-1.618
1777414526,351629888,robot_4,-1.544,1.972
1777414526,351636205,robot_0,4.599,-3.244
1777414526,351642281,robot_1,-2.892,1.115
1777414526,571125081,robot_3,4.390,0.058
1777414526,571145470,robot_2,-4.628,-1.618
1777414526,571153489,robot_4,-1.535,1.947
1777414526,571161248,robot_0,4.599,-3.244
1777414526,571168361,robot_1,-2.890,1.142
1777414526,772179542,robot_3,4.389,0.058
1777414526,772202971,robot_2,-4.628,-1.618
1777414526,772214321,robot_4,-1.526,1.929
1777414526,772223256,robot_0,4.599,-3.243
1777414526,772231515,robot_1,-2.891,1.167
1777414526,991115543,robot_3,4.389,0.058
1777414526,991135692,robot_2,-4.629,-1.619
1777414526,991143863,robot_4,-1.514,1.910
1777414526,991150083,robot_0,4.600,-3.243
1777414526,991155802,robot_1,-2.895,1.194
1777414527,192097477,robot_3,4.388,0.057
1777414527,192118303,robot_2,-4.629,-1.619
1777414527,192127994,robot_4,-1.501,1.894
1777414527,192136010,robot_0,4.600,-3.243
1777414527,192142998,robot_1,-2.902,1.217
1777414527,410519319,robot_3,4.388,0.057
1777414527,410542212,robot_2,-4.629,-1.620
1777414527,410548832,robot_4,-1.476,1.872
1777414527,410553661,robot_0,4.600,-3.243
1777414527,410558396,robot_1,-2.913,1.242
1777414527,630115100,robot_3,4.388,0.058
1777414527,630134056,robot_2,-4.630,-1.620
1777414527,630141865,robot_4,-1.443,1.848
1777414527,630148471,robot_0,4.600,-3.243
1777414527,630153864,robot_1,-2.926,1.266
1777414527,830338013,robot_3,4.388,0.058
1777414527,830354595,robot_2,-4.630,-1.620
1777414527,830361484,robot_4,-1.413,1.825
1777414527,830367329,robot_0,4.600,-3.243
1777414527,830372507,robot_1,-2.947,1.293
1777414528,32027210,robot_3,4.388,0.058
1777414528,32066258,robot_2,-4.630,-1.620
1777414528,32084908,robot_4,-1.386,1.800
1777414528,32100094,robot_0,4.599,-3.244
1777414528,32113550,robot_1,-2.972,1.321
1777414528,251996939,robot_3,4.387,0.058
1777414528,252016132,robot_2,-4.630,-1.620
1777414528,252029644,robot_4,-1.360,1.769
1777414528,252036463,robot_0,4.599,-3.244
1777414528,252043000,robot_1,-2.973,1.322
1777414528,471190857,robot_3,4.387,0.058
1777414528,471221782,robot_2,-4.629,-1.620
1777414528,471233427,robot_4,-1.337,1.735
1777414528,471243983,robot_0,4.599,-3.244
1777414528,471253637,robot_1,-2.973,1.322
1777414528,671537793,robot_3,4.386,0.058
1777414528,671561482,robot_2,-4.629,-1.619
1777414528,671572425,robot_4,-1.320,1.701
1777414528,671580810,robot_0,4.599,-3.244
1777414528,671588584,robot_1,-2.973,1.322
1777414528,890182712,robot_3,4.386,0.059
1777414528,890198930,robot_2,-4.629,-1.619
1777414528,890205616,robot_4,-1.305,1.662
1777414528,890211279,robot_0,4.598,-3.244
1777414528,890216269,robot_1,-2.973,1.322
1777414529,91498787,robot_3,4.386,0.059
1777414529,91519737,robot_2,-4.629,-1.618
1777414529,91528752,robot_4,-1.294,1.623
1777414529,91535469,robot_0,4.598,-3.244
1777414529,91544410,robot_1,-2.974,1.322
1777414529,312086349,robot_3,4.386,0.060
1777414529,312115390,robot_2,-4.629,-1.618
1777414529,312129851,robot_4,-1.282,1.581
1777414529,312141574,robot_0,4.598,-3.244
1777414529,312153602,robot_1,-2.974,1.322
1777414529,531066347,robot_3,4.386,0.060
1777414529,531089654,robot_2,-4.629,-1.617
1777414529,531100954,robot_4,-1.267,1.526
1777414529,531109877,robot_0,4.597,-3.244
1777414529,531118103,robot_1,-2.975,1.321
1777414529,750305677,robot_3,4.386,0.061
1777414529,750322659,robot_2,-4.629,-1.617
1777414529,750330225,robot_4,-1.251,1.471
1777414529,750336687,robot_0,4.597,-3.244
1777414529,750342793,robot_1,-2.975,1.322
1777414529,950545722,robot_3,4.386,0.061
1777414529,950565843,robot_2,-4.629,-1.617
1777414529,950573038,robot_4,-1.243,1.437
1777414529,950578721,robot_0,4.597,-3.244
1777414529,950583550,robot_1,-2.976,1.322
1777414530,169874178,robot_3,4.386,0.061
1777414530,169891143,robot_2,-4.629,-1.616
1777414530,169897595,robot_4,-1.238,1.398
1777414530,169903328,robot_0,4.597,-3.244
1777414530,169908055,robot_1,-2.976,1.322
1777414530,371071675,robot_3,4.386,0.061
1777414530,371091131,robot_2,-4.630,-1.616
1777414530,371099265,robot_4,-1.239,1.363
1777414530,371105333,robot_0,4.597,-3.244
1777414530,371111296,robot_1,-2.976,1.322
1777414530,590077681,robot_3,4.386,0.061
1777414530,590096709,robot_2,-4.630,-1.616
1777414530,590104413,robot_4,-1.246,1.325
1777414530,590110454,robot_0,4.598,-3.244
1777414530,590116324,robot_1,-2.977,1.323
1777414530,791682855,robot_3,4.386,0.060
1777414530,791715109,robot_2,-4.631,-1.616
1777414530,791729419,robot_4,-1.259,1.292
1777414530,791740385,robot_0,4.598,-3.244
1777414530,791751025,robot_1,-2.951,1.343
1777414531,11930751,robot_3,4.386,0.060
1777414531,11956745,robot_2,-4.631,-1.616
1777414531,11969493,robot_4,-1.278,1.258
1777414531,11980316,robot_0,4.598,-3.244
1777414531,11989834,robot_1,-2.917,1.371
1777414531,229866488,robot_3,4.386,0.059
1777414531,229885826,robot_2,-4.632,-1.616
1777414531,229892866,robot_4,-1.304,1.227
1777414531,229898432,robot_0,4.598,-3.244
1777414531,229903500,robot_1,-2.881,1.400
1777414531,430403737,robot_3,4.386,0.059
1777414531,430424531,robot_2,-4.632,-1.616
1777414531,430431299,robot_4,-1.333,1.200
1777414531,430438276,robot_0,4.599,-3.244
1777414531,430445295,robot_1,-2.823,1.447
1777414531,630677772,robot_3,4.387,0.059
1777414531,630699306,robot_2,-4.632,-1.616
1777414531,630707660,robot_4,-1.364,1.174
1777414531,630714052,robot_0,4.599,-3.243
1777414531,630719697,robot_1,-2.765,1.494
1777414531,850373833,robot_3,4.387,0.059
1777414531,850389962,robot_2,-4.633,-1.616
1777414531,850396688,robot_4,-1.405,1.141
1777414531,850402131,robot_0,4.599,-3.243
1777414531,850407084,robot_1,-2.704,1.543
1777414532,50388093,robot_3,4.388,0.058
1777414532,50407335,robot_2,-4.632,-1.616
1777414532,50414148,robot_4,-1.461,1.095
1777414532,50419643,robot_0,4.599,-3.243
1777414532,50424212,robot_1,-2.672,1.569
1777414532,251316314,robot_3,4.388,0.058
1777414532,251338445,robot_2,-4.632,-1.616
1777414532,251347720,robot_4,-1.494,1.068
1777414532,251354968,robot_0,4.599,-3.243
1777414532,251362364,robot_1,-2.641,1.594
1777414532,471249781,robot_3,4.388,0.058
1777414532,471272631,robot_2,-4.632,-1.616
1777414532,471281032,robot_4,-1.524,1.044
1777414532,471287095,robot_0,4.599,-3.243
1777414532,471292652,robot_1,-2.608,1.621
1777414532,671512032,robot_3,4.388,0.058
1777414532,671537998,robot_2,-4.631,-1.616
1777414532,671551284,robot_4,-1.555,1.018
1777414532,671561040,robot_0,4.599,-3.243
1777414532,671570038,robot_1,-2.578,1.644
1777414532,890996519,robot_3,4.388,0.058
1777414532,891023145,robot_2,-4.631,-1.616
1777414532,891034862,robot_4,-1.589,0.990
1777414532,891043826,robot_0,4.599,-3.243
1777414532,891051864,robot_1,-2.544,1.667
1777414533,110218117,robot_3,4.388,0.058
1777414533,110235405,robot_2,-4.630,-1.616
1777414533,110242649,robot_4,-1.619,0.965
1777414533,110247938,robot_0,4.599,-3.243
1777414533,110252927,robot_1,-2.508,1.688
1777414533,311473095,robot_3,4.388,0.058
1777414533,311507007,robot_2,-4.630,-1.616
1777414533,311519522,robot_4,-1.646,0.945
1777414533,311529386,robot_0,4.598,-3.243
1777414533,311538915,robot_1,-2.474,1.704
1777414533,529921537,robot_3,4.387,0.059
1777414533,529940800,robot_2,-4.629,-1.617
1777414533,529947822,robot_4,-1.677,0.924
1777414533,529953217,robot_0,4.598,-3.244
1777414533,529957953,robot_1,-2.435,1.719
1777414533,730201747,robot_3,4.387,0.059
1777414533,730220679,robot_2,-4.629,-1.617
1777414533,730227769,robot_4,-1.707,0.908
1777414533,730233319,robot_0,4.598,-3.244
1777414533,730238571,robot_1,-2.399,1.731
1777414533,930560350,robot_3,4.386,0.059
1777414533,930583360,robot_2,-4.629,-1.617
1777414533,930590742,robot_4,-1.737,0.893
1777414533,930595996,robot_0,4.597,-3.244
1777414533,930601273,robot_1,-2.362,1.740
1777414534,130822819,robot_3,4.386,0.060
1777414534,130841650,robot_2,-4.629,-1.617
1777414534,130848611,robot_4,-1.769,0.881
1777414534,130854472,robot_0,4.597,-3.244
1777414534,130859841,robot_1,-2.324,1.747
1777414534,331260318,robot_3,4.386,0.060
1777414534,331283850,robot_2,-4.629,-1.617
1777414534,331294561,robot_4,-1.801,0.870
1777414534,331302842,robot_0,4.597,-3.244
1777414534,331310265,robot_1,-2.286,1.754
1777414534,550581277,robot_3,4.386,0.061
1777414534,550598694,robot_2,-4.629,-1.617
1777414534,550605147,robot_4,-1.840,0.860
1777414534,550610544,robot_0,4.597,-3.244
1777414534,550615695,robot_1,-2.242,1.762
1777414534,751511770,robot_3,4.386,0.061
1777414534,751541013,robot_2,-4.629,-1.617
1777414534,751555326,robot_4,-1.884,0.853
1777414534,751567764,robot_0,4.596,-3.244
1777414534,751580197,robot_1,-2.203,1.769
1777414534,970419234,robot_3,4.386,0.062
1777414534,970438814,robot_2,-4.630,-1.617
1777414534,970445473,robot_4,-1.932,0.852
1777414534,970450639,robot_0,4.596,-3.244
1777414534,970455963,robot_1,-2.137,1.781
1777414535,170952139,robot_3,4.386,0.062
1777414535,170968880,robot_2,-4.630,-1.617
1777414535,170976372,robot_4,-1.976,0.857
1777414535,170982455,robot_0,4.596,-3.244
1777414535,170987782,robot_1,-2.075,1.790
1777414535,380854424,robot_3,4.386,0.062
1777414535,380872477,robot_2,-4.631,-1.616
1777414535,380879722,robot_4,-2.016,0.867
1777414535,380886066,robot_0,4.597,-3.244
1777414535,380891286,robot_1,-2.009,1.796
1777414535,582470392,robot_3,4.386,0.062
1777414535,582497237,robot_2,-4.631,-1.616
1777414535,582508794,robot_4,-2.055,0.880
1777414535,582519110,robot_0,4.597,-3.244
1777414535,582528991,robot_1,-1.947,1.797
1777414535,800197402,robot_3,4.386,0.061
1777414535,800222689,robot_2,-4.631,-1.616
1777414535,800230070,robot_4,-2.095,0.893
1777414535,800235981,robot_0,4.597,-3.244
1777414535,800240904,robot_1,-1.878,1.794
1777414536,21195937,robot_3,4.386,0.061
1777414536,21211713,robot_2,-4.632,-1.617
1777414536,21218863,robot_4,-2.118,0.900
1777414536,21224427,robot_0,4.597,-3.243
1777414536,21229361,robot_1,-1.809,1.786
1777414536,221314428,robot_3,4.386,0.060
1777414536,221330430,robot_2,-4.632,-1.617
1777414536,221337492,robot_4,-2.142,0.908
1777414536,221343285,robot_0,4.598,-3.243
1777414536,221348393,robot_1,-1.747,1.775
1777414536,422670270,robot_3,4.387,0.060
1777414536,422713555,robot_2,-4.633,-1.617
1777414536,422737630,robot_4,-2.171,0.917
1777414536,422757886,robot_0,4.598,-3.243
1777414536,422776613,robot_1,-1.688,1.760
1777414536,639865891,robot_3,4.387,0.060
1777414536,639883338,robot_2,-4.633,-1.617
1777414536,639889922,robot_4,-2.213,0.931
1777414536,639895892,robot_0,4.598,-3.243
1777414536,639900719,robot_1,-1.623,1.740
1777414536,841020727,robot_3,4.387,0.059
1777414536,841045188,robot_2,-4.633,-1.618
1777414536,841051970,robot_4,-2.251,0.943
1777414536,841057782,robot_0,4.598,-3.243
1777414536,841062809,robot_1,-1.565,1.717
1777414537,41836964,robot_3,4.388,0.059
1777414537,41860971,robot_2,-4.633,-1.618
1777414537,41870676,robot_4,-2.296,0.957
1777414537,41878395,robot_0,4.598,-3.242
1777414537,41885788,robot_1,-1.509,1.690
1777414537,260456767,robot_3,4.388,0.059
1777414537,260473753,robot_2,-4.633,-1.619
1777414537,260480261,robot_4,-2.373,0.982
1777414537,260485718,robot_0,4.598,-3.242
1777414537,260490808,robot_1,-1.449,1.657
1777414537,480419515,robot_3,4.388,0.059
1777414537,480438749,robot_2,-4.633,-1.619
1777414537,480445680,robot_4,-2.441,1.005
1777414537,480452496,robot_0,4.598,-3.242
1777414537,480457604,robot_1,-1.392,1.619
1777414537,682491393,robot_3,4.388,0.059
1777414537,682510359,robot_2,-4.633,-1.620
1777414537,682517513,robot_4,-2.500,1.028
1777414537,682523310,robot_0,4.598,-3.242
1777414537,682528489,robot_1,-1.357,1.593
1777414537,901977405,robot_3,4.388,0.059
1777414537,902005369,robot_2,-4.633,-1.620
1777414537,902014268,robot_4,-2.564,1.057
1777414537,902028018,robot_0,4.598,-3.243
1777414537,902036588,robot_1,-1.322,1.565
1777414538,119888023,robot_3,4.388,0.059
1777414538,119904746,robot_2,-4.633,-1.620
1777414538,119911334,robot_4,-2.625,1.090
1777414538,119916978,robot_0,4.598,-3.243
1777414538,119921723,robot_1,-1.288,1.538
1777414538,320277319,robot_3,4.388,0.059
1777414538,320294684,robot_2,-4.633,-1.620
1777414538,320300806,robot_4,-2.680,1.123
1777414538,320306283,robot_0,4.598,-3.243
1777414538,320311215,robot_1,-1.256,1.512
1777414538,540849456,robot_3,4.387,0.059
1777414538,540875266,robot_2,-4.633,-1.619
1777414538,540882649,robot_4,-2.737,1.163
1777414538,540888296,robot_0,4.597,-3.243
1777414538,540893895,robot_1,-1.216,1.480
1777414538,741120895,robot_3,4.387,0.060
1777414538,741157802,robot_2,-4.633,-1.619
1777414538,741171079,robot_4,-2.787,1.203
1777414538,741179729,robot_0,4.597,-3.243
1777414538,741186910,robot_1,-1.176,1.452
1777414538,962822582,robot_3,4.387,0.060
1777414538,962855868,robot_2,-4.633,-1.618
1777414538,962871479,robot_4,-2.825,1.236
1777414538,962883790,robot_0,4.597,-3.243
1777414538,962895260,robot_1,-1.129,1.426
1777414539,181009853,robot_3,4.386,0.061
1777414539,181033028,robot_2,-4.633,-1.618
1777414539,181041507,robot_4,-2.857,1.266
1777414539,181048617,robot_0,4.596,-3.243
1777414539,181055063,robot_1,-1.086,1.410
1777414539,381093120,robot_3,4.386,0.061
1777414539,381109340,robot_2,-4.632,-1.617
1777414539,381115726,robot_4,-2.887,1.293
1777414539,381121136,robot_0,4.596,-3.243
1777414539,381125815,robot_1,-1.048,1.398
1777414539,581711424,robot_3,4.386,0.062
1777414539,581742863,robot_2,-4.632,-1.617
1777414539,581758499,robot_4,-2.928,1.332
1777414539,581773718,robot_0,4.596,-3.243
1777414539,581786290,robot_1,-1.010,1.387
1777414539,800586458,robot_3,4.386,0.062
1777414539,800604581,robot_2,-4.632,-1.617
1777414539,800611721,robot_4,-2.970,1.370
1777414539,800617835,robot_0,4.596,-3.243
1777414539,800622753,robot_1,-0.937,1.365
1777414540,686125,robot_3,4.386,0.062
1777414540,719761,robot_2,-4.631,-1.617
1777414540,733369,robot_4,-3.003,1.400
1777414540,758128,robot_0,4.596,-3.243
1777414540,768349,robot_1,-0.873,1.346
1777414540,201471862,robot_3,4.386,0.062
1777414540,201498749,robot_2,-4.628,-1.625
1777414540,201508816,robot_4,-3.032,1.427
1777414540,201515988,robot_0,4.596,-3.243
1777414540,201522798,robot_1,-0.819,1.330
1777414540,401716089,robot_3,4.386,0.062
1777414540,401733586,robot_2,-4.612,-1.662
1777414540,401740611,robot_4,-3.062,1.455
1777414540,401746048,robot_0,4.596,-3.243
1777414540,401750802,robot_1,-0.780,1.318
1777414540,621658622,robot_3,4.386,0.062
1777414540,621693176,robot_2,-4.595,-1.702
1777414540,621710737,robot_4,-3.062,1.501
1777414540,621725179,robot_0,4.596,-3.243
1777414540,621738509,robot_1,-0.738,1.305
1777414540,840610962,robot_3,4.386,0.062
1777414540,840632650,robot_2,-4.573,-1.753
1777414540,840644261,robot_4,-3.058,1.506
1777414540,840655511,robot_0,4.597,-3.243
1777414540,840663851,robot_1,-0.697,1.293
1777414541,41148356,robot_3,4.387,0.061
1777414541,41180623,robot_2,-4.553,-1.805
1777414541,41194868,robot_4,-3.058,1.507
1777414541,41206867,robot_0,4.597,-3.243
1777414541,41217659,robot_1,-0.663,1.283
1777414541,241233947,robot_3,4.387,0.061
1777414541,241262220,robot_2,-4.539,-1.858
1777414541,241277224,robot_4,-3.059,1.507
1777414541,241288947,robot_0,4.597,-3.243
1777414541,241299822,robot_1,-0.628,1.276
1777414541,442360534,robot_3,4.387,0.061
1777414541,442384761,robot_2,-4.529,-1.912
1777414541,442393843,robot_4,-3.054,1.510
1777414541,442400959,robot_0,4.597,-3.243
1777414541,442407743,robot_1,-0.592,1.271
1777414541,661693606,robot_3,4.387,0.060
1777414541,661727026,robot_2,-4.526,-1.972
1777414541,661743777,robot_4,-3.054,1.510
1777414541,661755597,robot_0,4.597,-3.242
1777414541,661766776,robot_1,-0.553,1.267
1777414541,880649101,robot_3,4.388,0.060
1777414541,880667718,robot_2,-4.529,-2.032
1777414541,880683475,robot_4,-3.054,1.509
1777414541,880689759,robot_0,4.597,-3.242
1777414541,880695135,robot_1,-0.514,1.267
1777414542,81883628,robot_3,4.388,0.060
1777414542,81913702,robot_2,-4.537,-2.086
1777414542,81927559,robot_4,-3.055,1.508
1777414542,81938648,robot_0,4.597,-3.242
1777414542,81948460,robot_1,-0.478,1.270
1777414542,300156632,robot_3,4.389,0.060
1777414542,300180014,robot_2,-4.554,-2.146
1777414542,300186810,robot_4,-3.055,1.508
1777414542,300192199,robot_0,4.597,-3.242
1777414542,300197111,robot_1,-0.439,1.275
1777414542,501467674,robot_3,4.389,0.060
1777414542,501498199,robot_2,-4.576,-2.206
1777414542,501511919,robot_4,-3.056,1.507
1777414542,501523589,robot_0,4.597,-3.242
1777414542,501534505,robot_1,-0.392,1.285
1777414542,721293425,robot_3,4.389,0.060
1777414542,721320564,robot_2,-4.594,-2.252
1777414542,721333000,robot_4,-3.056,1.507
1777414542,721342803,robot_0,4.597,-3.242
1777414542,721352299,robot_1,-0.345,1.295
1777414542,924757877,robot_3,4.389,0.060
1777414542,924777642,robot_2,-4.608,-2.289
1777414542,924784410,robot_4,-3.057,1.508
1777414542,924790106,robot_0,4.597,-3.242
1777414542,924794822,robot_1,-0.306,1.304
1777414543,140068694,robot_3,4.389,0.060
1777414543,140093033,robot_2,-4.624,-2.329
1777414543,140099782,robot_4,-3.057,1.508
1777414543,140105455,robot_0,4.597,-3.242
1777414543,140110159,robot_1,-0.263,1.313
1777414543,340134540,robot_3,4.388,0.060
1777414543,340156362,robot_2,-4.626,-2.333
1777414543,340162836,robot_4,-3.052,1.513
1777414543,340167843,robot_0,4.597,-3.243
1777414543,340172466,robot_1,-0.211,1.325
1777414543,540944964,robot_3,4.388,0.060
1777414543,540974762,robot_2,-4.626,-2.333
1777414543,540989040,robot_4,-3.024,1.542
1777414543,541000612,robot_0,4.597,-3.243
1777414543,541011441,robot_1,-0.155,1.334
1777414543,741318546,robot_3,4.388,0.060
1777414543,741342486,robot_2,-4.626,-2.333
1777414543,741352479,robot_4,-2.997,1.571
1777414543,741360174,robot_0,4.596,-3.243
1777414543,741367813,robot_1,-0.100,1.338
1777414543,961233676,robot_3,4.387,0.061
1777414543,961255272,robot_2,-4.626,-2.333
1777414543,961262511,robot_4,-2.960,1.609
1777414543,961269118,robot_0,4.596,-3.243
1777414543,961274805,robot_1,-0.034,1.336
1777414544,161324616,robot_3,4.387,0.061
1777414544,161351987,robot_2,-4.625,-2.333
1777414544,161364603,robot_4,-2.915,1.654
1777414544,161374370,robot_0,4.596,-3.243
1777414544,161383511,robot_1,0.028,1.329
1777414544,363098004,robot_3,4.387,0.062
1777414544,363123417,robot_2,-4.625,-2.334
1777414544,363134948,robot_4,-2.869,1.694
1777414544,363143940,robot_0,4.595,-3.243
1777414544,363152495,robot_1,0.089,1.318
1777414544,581366210,robot_3,4.387,0.062
1777414544,581397060,robot_2,-4.625,-2.334
1777414544,581408146,robot_4,-2.816,1.734
1777414544,581417717,robot_0,4.595,-3.243
1777414544,581426571,robot_1,0.155,1.302
1777414544,781755694,robot_3,4.387,0.063
1777414544,781781243,robot_2,-4.624,-2.334
1777414544,781792824,robot_4,-2.764,1.767
1777414544,781801604,robot_0,4.595,-3.243
1777414544,781810571,robot_1,0.214,1.283
1777414545,792291,robot_3,4.387,0.063
1777414545,823425,robot_2,-4.624,-2.335
1777414545,837739,robot_4,-2.705,1.799
1777414545,849385,robot_0,4.595,-3.243
1777414545,860078,robot_1,0.277,1.258
1777414545,201467219,robot_3,4.387,0.063
1777414545,201501225,robot_2,-4.624,-2.335
1777414545,201513251,robot_4,-2.650,1.825
1777414545,201523580,robot_0,4.595,-3.243
1777414545,201532639,robot_1,0.333,1.231
1777414545,421573859,robot_3,4.387,0.063
1777414545,421594637,robot_2,-4.624,-2.336
1777414545,421602502,robot_4,-2.589,1.847
1777414545,421608004,robot_0,4.595,-3.243
1777414545,421613455,robot_1,0.383,1.204
1777414545,641478815,robot_3,4.387,0.063
1777414545,641513207,robot_2,-4.625,-2.336
1777414545,641525057,robot_4,-2.554,1.857
1777414545,641532890,robot_0,4.596,-3.243
1777414545,641539982,robot_1,0.420,1.181
1777414545,841489979,robot_3,4.387,0.063
1777414545,841522748,robot_2,-4.625,-2.337
1777414545,841538329,robot_4,-2.523,1.863
1777414545,841551692,robot_0,4.596,-3.243
1777414545,841562654,robot_1,0.454,1.159
1777414546,61276527,robot_3,4.387,0.062
1777414546,61309322,robot_2,-4.625,-2.337
1777414546,61323818,robot_4,-2.489,1.867
1777414546,61334796,robot_0,4.596,-3.243
1777414546,61345443,robot_1,0.503,1.129
1777414546,261487215,robot_3,4.387,0.062
1777414546,261516065,robot_2,-4.625,-2.337
1777414546,261530798,robot_4,-2.457,1.868
1777414546,261541779,robot_0,4.596,-3.242
1777414546,261552190,robot_1,0.549,1.100
1777414546,461520751,robot_3,4.387,0.061
1777414546,461541030,robot_2,-4.625,-2.336
1777414546,461548259,robot_4,-2.425,1.866
1777414546,461554494,robot_0,4.596,-3.242
1777414546,461559643,robot_1,0.588,1.077
1777414546,680913853,robot_3,4.388,0.061
1777414546,680931739,robot_2,-4.625,-2.336
1777414546,680938206,robot_4,-2.391,1.863
1777414546,680943728,robot_0,4.597,-3.242
1777414546,680948786,robot_1,0.633,1.057
1777414546,882139723,robot_3,4.388,0.061
1777414546,882167329,robot_2,-4.625,-2.336
1777414546,882176731,robot_4,-2.360,1.857
1777414546,882184470,robot_0,4.597,-3.242
1777414546,882192373,robot_1,0.675,1.043
1777414547,101508761,robot_3,4.388,0.061
1777414547,101533312,robot_2,-4.625,-2.335
1777414547,101543826,robot_4,-2.357,1.856
1777414547,101552629,robot_0,4.597,-3.242
1777414547,101560377,robot_1,0.723,1.034
1777414547,320482362,robot_3,4.389,0.061
1777414547,320497731,robot_2,-4.625,-2.335
1777414547,320504931,robot_4,-2.356,1.857
1777414547,320510435,robot_0,4.597,-3.242
1777414547,320516911,robot_1,0.773,1.031
1777414547,521169976,robot_3,4.389,0.061
1777414547,521191800,robot_2,-4.625,-2.334
1777414547,521202017,robot_4,-2.356,1.857
1777414547,521210032,robot_0,4.597,-3.242
1777414547,521217765,robot_1,0.817,1.035
1777414547,741763374,robot_3,4.389,0.061
1777414547,741787577,robot_2,-4.625,-2.334
1777414547,741797130,robot_4,-2.356,1.857
1777414547,741805772,robot_0,4.597,-3.241
1777414547,741813346,robot_1,0.864,1.044
1777414547,961716439,robot_3,4.389,0.061
1777414547,961739602,robot_2,-4.626,-2.334
1777414547,961747933,robot_4,-2.355,1.858
1777414547,961754371,robot_0,4.597,-3.242
1777414547,961760261,robot_1,0.906,1.057
1777414548,180454907,robot_3,4.389,0.061
1777414548,180480432,robot_2,-4.626,-2.334
1777414548,180489767,robot_4,-2.355,1.858
1777414548,180496295,robot_0,4.596,-3.242
1777414548,180502882,robot_1,0.948,1.071
1777414548,381868817,robot_3,4.389,0.061
1777414548,381894364,robot_2,-4.626,-2.333
1777414548,381901746,robot_4,-2.354,1.858
1777414548,381908377,robot_0,4.596,-3.242
1777414548,381914386,robot_1,0.986,1.084
1777414548,600112606,robot_3,4.388,0.061
1777414548,600129836,robot_2,-4.627,-2.333
1777414548,600136955,robot_4,-2.354,1.858
1777414548,600143212,robot_0,4.596,-3.242
1777414548,600148609,robot_1,1.029,1.097
1777414548,800737356,robot_3,4.388,0.061
1777414548,800756008,robot_2,-4.627,-2.333
1777414548,800762486,robot_4,-2.353,1.858
1777414548,800767956,robot_0,4.596,-3.243
1777414548,800772788,robot_1,1.069,1.104
1777414549,1114277,robot_3,4.388,0.062
1777414549,1137792,robot_2,-4.628,-2.334
1777414549,1147666,robot_4,-2.353,1.858
1777414549,1155103,robot_0,4.595,-3.243
1777414549,1162547,robot_1,1.109,1.104
1777414549,220004010,robot_3,4.387,0.062
1777414549,220024933,robot_2,-4.628,-2.334
1777414549,220034665,robot_4,-2.353,1.858
1777414549,220041186,robot_0,4.595,-3.243
1777414549,220046136,robot_1,1.154,1.097
1777414549,421378143,robot_3,4.387,0.063
1777414549,421399068,robot_2,-4.628,-2.334
1777414549,421406848,robot_4,-2.353,1.858
1777414549,421412691,robot_0,4.595,-3.243
1777414549,421417557,robot_1,1.192,1.084
1777414549,641540986,robot_3,4.387,0.063
1777414549,641564077,robot_2,-4.629,-2.334
1777414549,641574007,robot_4,-2.353,1.857
1777414549,641582040,robot_0,4.594,-3.243
1777414549,641589615,robot_1,1.231,1.063
1777414549,860368753,robot_3,4.387,0.064
1777414549,860391442,robot_2,-4.629,-2.335
1777414549,860398415,robot_4,-2.352,1.857
1777414549,860403418,robot_0,4.594,-3.243
1777414549,860408346,robot_1,1.269,1.033
1777414550,61399921,robot_3,4.387,0.064
1777414550,61434129,robot_2,-4.629,-2.335
1777414550,61449618,robot_4,-2.352,1.857
1777414550,61464300,robot_0,4.594,-3.243
1777414550,61479428,robot_1,1.315,0.986
1777414550,262111842,robot_3,4.387,0.064
1777414550,262151376,robot_2,-4.629,-2.335
1777414550,262164405,robot_4,-2.352,1.856
1777414550,262173481,robot_0,4.594,-3.243
1777414550,262183997,robot_1,1.347,0.950
1777414550,480935275,robot_3,4.387,0.064
1777414550,480956323,robot_2,-4.629,-2.334
1777414550,480964932,robot_4,-2.352,1.856
1777414550,480971286,robot_0,4.594,-3.243
1777414550,480977324,robot_1,1.376,0.918
1777414550,699839741,robot_3,4.387,0.064
1777414550,699855960,robot_2,-4.628,-2.334
1777414550,699862563,robot_4,-2.351,1.855
1777414550,699867851,robot_0,4.595,-3.242
1777414550,699873270,robot_1,1.406,0.885
1777414550,899918142,robot_3,4.387,0.063
1777414550,899941466,robot_2,-4.628,-2.334
1777414550,899948405,robot_4,-2.351,1.855
1777414550,899953831,robot_0,4.595,-3.242
1777414550,899958769,robot_1,1.440,0.846
1777414551,101907767,robot_3,4.387,0.063
1777414551,101940188,robot_2,-4.627,-2.334
1777414551,101955954,robot_4,-2.352,1.854
1777414551,101967898,robot_0,4.595,-3.242
1777414551,101978840,robot_1,1.477,0.806
1777414551,320836079,robot_3,4.387,0.062
1777414551,320854667,robot_2,-4.627,-2.334
1777414551,320861352,robot_4,-2.352,1.854
1777414551,320866493,robot_0,4.595,-3.242
1777414551,320871806,robot_1,1.517,0.761
1777414551,521082842,robot_3,4.388,0.062
1777414551,521110003,robot_2,-4.626,-2.334
1777414551,521121902,robot_4,-2.352,1.854
1777414551,521131283,robot_0,4.596,-3.242
1777414551,521139749,robot_1,1.544,0.731
1777414551,741677496,robot_3,4.388,0.062
1777414551,741711022,robot_2,-4.626,-2.334
1777414551,741726006,robot_4,-2.352,1.854
1777414551,741737376,robot_0,4.596,-3.242
1777414551,741747351,robot_1,1.574,0.698
1777414551,961857233,robot_3,4.389,0.062
1777414551,961881349,robot_2,-4.626,-2.334
1777414551,961890664,robot_4,-2.352,1.854
1777414551,961898118,robot_0,4.596,-3.241
1777414551,961904602,robot_1,1.607,0.660
1777414552,181379014,robot_3,4.389,0.061
1777414552,181411315,robot_2,-4.625,-2.334
1777414552,181429259,robot_4,-2.352,1.855
1777414552,181448313,robot_0,4.596,-3.241
1777414552,181465097,robot_1,1.655,0.605
1777414552,381485111,robot_3,4.389,0.061
1777414552,381504825,robot_2,-4.625,-2.334
1777414552,381513421,robot_4,-2.352,1.855
1777414552,381520685,robot_0,4.596,-3.241
1777414552,381526615,robot_1,1.696,0.553
1777414552,601867532,robot_3,4.389,0.061
1777414552,601889851,robot_2,-4.625,-2.334
1777414552,601899523,robot_4,-2.352,1.855
1777414552,601907786,robot_0,4.596,-3.241
1777414552,601914945,robot_1,1.738,0.494
1777414552,820670922,robot_3,4.390,0.061
1777414552,820686876,robot_2,-4.626,-2.334
1777414552,820693411,robot_4,-2.352,1.856
1777414552,820698596,robot_0,4.596,-3.241
1777414552,820703622,robot_1,1.777,0.433
1777414553,21932376,robot_3,4.390,0.061
1777414553,21955611,robot_2,-4.626,-2.334
1777414553,21965743,robot_4,-2.352,1.856
1777414553,21974074,robot_0,4.596,-3.241
1777414553,21981391,robot_1,1.810,0.376
1777414553,241258257,robot_3,4.389,0.061
1777414553,241289627,robot_2,-4.626,-2.334
1777414553,241304822,robot_4,-2.353,1.856
1777414553,241318560,robot_0,4.596,-3.242
1777414553,241327036,robot_1,1.844,0.311
1777414553,460373363,robot_3,4.389,0.061
1777414553,460395245,robot_2,-4.627,-2.334
1777414553,460404060,robot_4,-2.353,1.857
1777414553,460411061,robot_0,4.595,-3.242
1777414553,460417396,robot_1,1.872,0.250
1777414553,661282394,robot_3,4.388,0.062
1777414553,661312092,robot_2,-4.627,-2.334
1777414553,661321435,robot_4,-2.353,1.857
1777414553,661330458,robot_0,4.595,-3.242
1777414553,661337942,robot_1,1.886,0.216
1777414553,881141811,robot_3,4.388,0.062
1777414553,881164560,robot_2,-4.628,-2.334
1777414553,881171500,robot_4,-2.354,1.857
1777414553,881178072,robot_0,4.595,-3.242
1777414553,881184339,robot_1,1.902,0.175
1777414554,100560638,robot_3,4.388,0.063
1777414554,100579707,robot_2,-4.628,-2.335
1777414554,100586892,robot_4,-2.354,1.857
1777414554,100592181,robot_0,4.594,-3.242
1777414554,100597715,robot_1,1.918,0.134
1777414554,301392408,robot_3,4.388,0.063
1777414554,301411907,robot_2,-4.628,-2.335
1777414554,301420406,robot_4,-2.354,1.857
1777414554,301427351,robot_0,4.594,-3.242
1777414554,301433628,robot_1,1.933,0.097
1777414554,521709090,robot_3,4.387,0.064
1777414554,521734687,robot_2,-4.629,-2.336
1777414554,521746150,robot_4,-2.354,1.857
1777414554,521755418,robot_0,4.594,-3.242
1777414554,521764017,robot_1,1.962,0.025
1777414554,741330372,robot_3,4.387,0.064
1777414554,741354200,robot_2,-4.629,-2.336
1777414554,741362516,robot_4,-2.355,1.857
1777414554,741369936,robot_0,4.594,-3.242
1777414554,741376238,robot_1,1.989,-0.041
1777414554,961447215,robot_3,4.387,0.065
1777414554,961470229,robot_2,-4.629,-2.336
1777414554,961477103,robot_4,-2.355,1.857
1777414554,961482634,robot_0,4.594,-3.242
1777414554,961487627,robot_1,2.011,-0.096
1777414555,161946021,robot_3,4.387,0.065
1777414555,161968351,robot_2,-4.629,-2.337
1777414555,161978087,robot_4,-2.355,1.856
1777414555,161985291,robot_0,4.593,-3.242
1777414555,161991967,robot_1,2.026,-0.133
1777414555,380753873,robot_3,4.387,0.065
1777414555,380776986,robot_2,-4.629,-2.337
1777414555,380787043,robot_4,-2.356,1.856
1777414555,380796408,robot_0,4.594,-3.242
1777414555,380805389,robot_1,2.042,-0.174
1777414555,581530737,robot_3,4.387,0.065
1777414555,581551767,robot_2,-4.628,-2.338
1777414555,581560818,robot_4,-2.356,1.856
1777414555,581568394,robot_0,4.594,-3.242
1777414555,581574666,robot_1,2.060,-0.220
1777414555,801163354,robot_3,4.387,0.064
1777414555,801193904,robot_2,-4.628,-2.338
1777414555,801208563,robot_4,-2.356,1.855
1777414555,801220421,robot_0,4.594,-3.242
1777414555,801230938,robot_1,2.085,-0.287
1777414556,1658163,robot_3,4.388,0.064
1777414556,1685683,robot_2,-4.628,-2.338
1777414556,1696230,robot_4,-2.356,1.855
1777414556,1704109,robot_0,4.594,-3.242
1777414556,1711958,robot_1,2.101,-0.336
1777414556,221950397,robot_3,4.388,0.063
1777414556,221972860,robot_2,-4.620,-2.328
1777414556,221982455,robot_4,-2.356,1.855
1777414556,221991353,robot_0,4.595,-3.242
1777414556,221998236,robot_1,2.109,-0.373
1777414556,440828432,robot_3,4.388,0.063
1777414556,440851502,robot_2,-4.595,-2.292
1777414556,440859150,robot_4,-2.356,1.855
1777414556,440865413,robot_0,4.595,-3.242
1777414556,440871077,robot_1,2.116,-0.411
1777414556,661806392,robot_3,4.388,0.063
1777414556,661824646,robot_2,-4.570,-2.256
1777414556,661831587,robot_4,-2.356,1.855
1777414556,661837617,robot_0,4.595,-3.241
1777414556,661842861,robot_1,2.127,-0.447
1777414556,879868140,robot_3,4.389,0.062
1777414556,879891479,robot_2,-4.550,-2.227
1777414556,879897820,robot_4,-2.356,1.854
1777414556,879903737,robot_0,4.595,-3.241
1777414556,879909096,robot_1,2.141,-0.482
1777414557,81142283,robot_3,4.389,0.062
1777414557,81163292,robot_2,-4.536,-2.204
1777414557,81171990,robot_4,-2.356,1.854
1777414557,81178543,robot_0,4.595,-3.241
1777414557,81184897,robot_1,2.161,-0.517
1777414557,281187053,robot_3,4.390,0.062
1777414557,281223871,robot_2,-4.524,-2.180
1777414557,281239070,robot_4,-2.356,1.854
1777414557,281251546,robot_0,4.595,-3.241
1777414557,281262251,robot_1,2.182,-0.551
1777414557,500983235,robot_3,4.390,0.062
1777414557,501011941,robot_2,-4.514,-2.151
1777414557,501030248,robot_4,-2.356,1.853
1777414557,501042399,robot_0,4.595,-3.241
1777414557,501051412,robot_1,2.205,-0.588
1777414557,701158587,robot_3,4.390,0.062
1777414557,701180654,robot_2,-4.508,-2.125
1777414557,701187555,robot_4,-2.356,1.853
1777414557,701193821,robot_0,4.595,-3.241
1777414557,701198670,robot_1,2.238,-0.642
1777414557,901235740,robot_3,4.390,0.062
1777414557,901258424,robot_2,-4.505,-2.098
1777414557,901267434,robot_4,-2.355,1.853
1777414557,901274701,robot_0,4.595,-3.241
1777414557,901282575,robot_1,2.275,-0.701
1777414558,101332396,robot_3,4.390,0.062
1777414558,101364488,robot_2,-4.505,-2.071
1777414558,101374188,robot_4,-2.355,1.852
1777414558,101382091,robot_0,4.595,-3.241
1777414558,101389118,robot_1,2.311,-0.757
1777414558,302126047,robot_3,4.390,0.062
1777414558,302148898,robot_2,-4.507,-2.051
1777414558,302158914,robot_4,-2.355,1.852
1777414558,302167174,robot_0,4.595,-3.241
1777414558,302174358,robot_1,2.348,-0.809
1777414558,520232523,robot_3,4.390,0.062
1777414558,520251082,robot_2,-4.507,-2.051
1777414558,520258776,robot_4,-2.354,1.852
1777414558,520264910,robot_0,4.595,-3.241
1777414558,520269671,robot_1,2.391,-0.864
1777414558,721006512,robot_3,4.391,0.062
1777414558,721028517,robot_2,-4.507,-2.051
1777414558,721036188,robot_4,-2.354,1.852
1777414558,721042185,robot_0,4.594,-3.242
1777414558,721048296,robot_1,2.434,-0.911
1777414558,922385304,robot_3,4.391,0.062
1777414558,922414217,robot_2,-4.507,-2.051
1777414558,922427131,robot_4,-2.354,1.852
1777414558,922437710,robot_0,4.594,-3.242
1777414558,922448329,robot_1,2.480,-0.956
1777414559,140451230,robot_3,4.392,0.063
1777414559,140478198,robot_2,-4.508,-2.051
1777414559,140485456,robot_4,-2.354,1.852
1777414559,140492122,robot_0,4.594,-3.242
1777414559,140497674,robot_1,2.523,-0.995
1777414559,342517984,robot_3,4.392,0.063
1777414559,342535190,robot_2,-4.508,-2.051
1777414559,342542871,robot_4,-2.354,1.852
1777414559,342549293,robot_0,4.593,-3.242
1777414559,342555134,robot_1,2.554,-1.019
1777414559,562209085,robot_3,4.392,0.063
1777414559,562240765,robot_2,-4.509,-2.050
1777414559,562256993,robot_4,-2.355,1.852
1777414559,562269753,robot_0,4.593,-3.242
1777414559,562281877,robot_1,2.590,-1.045
1777414559,781323486,robot_3,4.392,0.064
1777414559,781356089,robot_2,-4.509,-2.050
1777414559,781369455,robot_4,-2.355,1.853
1777414559,781379756,robot_0,4.593,-3.242
1777414559,781390101,robot_1,2.647,-1.089
1777414559,982091930,robot_3,4.392,0.064
1777414559,982114736,robot_2,-4.509,-2.050
1777414559,982122486,robot_4,-2.356,1.853
1777414559,982127602,robot_0,4.593,-3.242
1777414559,982132635,robot_1,2.700,-1.129
1777414560,182116448,robot_3,4.392,0.065
1777414560,182144840,robot_2,-4.510,-2.049
1777414560,182153378,robot_4,-2.356,1.854
1777414560,182160604,robot_0,4.593,-3.242
1777414560,182166653,robot_1,2.738,-1.155
1777414560,382147493,robot_3,4.392,0.065
1777414560,382175361,robot_2,-4.510,-2.049
1777414560,382189594,robot_4,-2.356,1.854
1777414560,382199539,robot_0,4.593,-3.242
1777414560,382208583,robot_1,2.778,-1.177
1777414560,601798756,robot_3,4.392,0.065
1777414560,601818512,robot_2,-4.510,-2.049
1777414560,601826454,robot_4,-2.356,1.855
1777414560,601833016,robot_0,4.593,-3.242
1777414560,601839185,robot_1,2.826,-1.195
1777414560,801810743,robot_3,4.392,0.065
1777414560,801836923,robot_2,-4.510,-2.049
1777414560,801850223,robot_4,-2.356,1.855
1777414560,801860417,robot_0,4.593,-3.242
1777414560,801871102,robot_1,2.871,-1.204
1777414561,3832542,robot_3,4.392,0.065
1777414561,3855208,robot_2,-4.510,-2.048
1777414561,3862040,robot_4,-2.356,1.855
1777414561,3867918,robot_0,4.594,-3.241
1777414561,3872291,robot_1,2.917,-1.206
1777414561,222082119,robot_3,4.392,0.066
1777414561,222114018,robot_2,-4.510,-2.048
1777414561,222126429,robot_4,-2.352,1.855
1777414561,222136749,robot_0,4.594,-3.241
1777414561,222145975,robot_1,2.968,-1.201
1777414561,440428585,robot_3,4.392,0.066
1777414561,440448873,robot_2,-4.510,-2.048
1777414561,440455478,robot_4,-2.311,1.844
1777414561,440461184,robot_0,4.594,-3.241
1777414561,440466019,robot_1,3.015,-1.189
1777414561,661477313,robot_3,4.392,0.066
1777414561,661499742,robot_2,-4.510,-2.047
1777414561,661509082,robot_4,-2.268,1.832
1777414561,661516060,robot_0,4.594,-3.241
1777414561,661522699,robot_1,3.056,-1.172
1777414561,862373515,robot_3,4.391,0.067
1777414561,862407238,robot_2,-4.509,-2.047
1777414561,862425962,robot_4,-2.228,1.822
1777414561,862442217,robot_0,4.594,-3.241
1777414561,862457209,robot_1,3.092,-1.155
1777414562,62614793,robot_3,4.391,0.067
1777414562,62648418,robot_2,-4.509,-2.046
1777414562,62663773,robot_4,-2.194,1.813
1777414562,62676241,robot_0,4.594,-3.240
1777414562,62688053,robot_1,3.132,-1.137
1777414562,281170610,robot_3,4.390,0.067
1777414562,281195341,robot_2,-4.509,-2.046
1777414562,281203167,robot_4,-2.165,1.805
1777414562,281209746,robot_0,4.594,-3.240
1777414562,281216281,robot_1,3.182,-1.112
1777414562,500984936,robot_3,4.390,0.067
1777414562,501004895,robot_2,-4.508,-2.046
1777414562,501011793,robot_4,-2.122,1.794
1777414562,501020775,robot_0,4.594,-3.240
1777414562,501025981,robot_1,3.229,-1.081
1777414562,701769853,robot_3,4.390,0.067
1777414562,701789857,robot_2,-4.508,-2.046
1777414562,701798563,robot_4,-2.083,1.784
1777414562,701805702,robot_0,4.594,-3.240
1777414562,701812065,robot_1,3.268,-1.048
1777414562,901934961,robot_3,4.390,0.067
1777414562,901957326,robot_2,-4.507,-2.046
1777414562,901967521,robot_4,-2.045,1.773
1777414562,901975271,robot_0,4.594,-3.240
1777414562,901982897,robot_1,3.302,-1.011
1777414563,121247167,robot_3,4.390,0.067
1777414563,121264478,robot_2,-4.507,-2.046
1777414563,121270794,robot_4,-2.000,1.762
1777414563,121276368,robot_0,4.594,-3.241
1777414563,121281483,robot_1,3.335,-0.966
1777414563,340185235,robot_3,4.389,0.067
1777414563,340209291,robot_2,-4.507,-2.046
1777414563,340216338,robot_4,-1.947,1.747
1777414563,340222002,robot_0,4.594,-3.241
1777414563,340227212,robot_1,3.361,-0.916
1777414563,540582960,robot_3,4.389,0.067
1777414563,540600269,robot_2,-4.508,-2.046
1777414563,540606596,robot_4,-1.899,1.731
1777414563,540612168,robot_0,4.594,-3.241
1777414563,540617412,robot_1,3.379,-0.867
1777414563,760553768,robot_3,4.388,0.066
1777414563,760570551,robot_2,-4.508,-2.046
1777414563,760576937,robot_4,-1.849,1.707
1777414563,760582349,robot_0,4.593,-3.241
1777414563,760587362,robot_1,3.396,-0.803
1777414563,963618334,robot_3,4.388,0.066
1777414563,963638102,robot_2,-4.508,-2.046
1777414563,963645338,robot_4,-1.807,1.680
1777414563,963651092,robot_0,4.593,-3.241
1777414563,963656317,robot_1,3.406,-0.759
1777414564,182080337,robot_3,4.388,0.066
1777414564,182111781,robot_2,-4.509,-2.047
1777414564,182128462,robot_4,-1.765,1.644
1777414564,182142597,robot_0,4.593,-3.241
1777414564,182155541,robot_1,3.416,-0.716
1777414564,401426324,robot_3,4.388,0.065
1777414564,401447595,robot_2,-4.509,-2.047
1777414564,401455829,robot_4,-1.732,1.607
1777414564,401462709,robot_0,4.592,-3.241
1777414564,401471933,robot_1,3.426,-0.673
1777414564,601488488,robot_3,4.388,0.065
1777414564,601513161,robot_2,-4.509,-2.047
1777414564,601524129,robot_4,-1.708,1.575
1777414564,601533003,robot_0,4.592,-3.241
1777414564,601541067,robot_1,3.441,-0.609
1777414564,801581206,robot_3,4.387,0.064
1777414564,801602644,robot_2,-4.509,-2.048
1777414564,801612319,robot_4,-1.684,1.543
1777414564,801619755,robot_0,4.592,-3.241
1777414564,801626857,robot_1,3.453,-0.556
1777414565,21254286,robot_3,4.387,0.064
1777414565,21283931,robot_2,-4.509,-2.048
1777414565,21297689,robot_4,-1.665,1.517
1777414565,21310058,robot_0,4.592,-3.241
1777414565,21330626,robot_1,3.462,-0.518
1777414565,221323632,robot_3,4.387,0.064
1777414565,221340833,robot_2,-4.509,-2.049
1777414565,221347999,robot_4,-1.652,1.500
1777414565,221354165,robot_0,4.592,-3.241
1777414565,221359344,robot_1,3.471,-0.479
1777414565,421471783,robot_3,4.387,0.064
1777414565,421495707,robot_2,-4.509,-2.049
1777414565,421503930,robot_4,-1.632,1.481
1777414565,421510782,robot_0,4.592,-3.241
1777414565,421517667,robot_1,3.480,-0.440
1777414565,621475968,robot_3,4.388,0.065
1777414565,621496568,robot_2,-4.509,-2.049
1777414565,621504674,robot_4,-1.608,1.461
1777414565,621511580,robot_0,4.592,-3.241
1777414565,621518406,robot_1,3.489,-0.402
1777414565,821645924,robot_3,4.388,0.065
1777414565,821667737,robot_2,-4.509,-2.049
1777414565,821677826,robot_4,-1.577,1.436
1777414565,821686123,robot_0,4.593,-3.241
1777414565,821693910,robot_1,3.496,-0.370
1777414566,41323533,robot_3,4.388,0.065
1777414566,41358528,robot_2,-4.509,-2.049
1777414566,41379518,robot_4,-1.542,1.409
1777414566,41397678,robot_0,4.593,-3.241
1777414566,41411416,robot_1,3.500,-0.355
1777414566,241382149,robot_3,4.388,0.066
1777414566,241409746,robot_2,-4.508,-2.049
1777414566,241418422,robot_4,-1.505,1.380
1777414566,241426520,robot_0,4.593,-3.241
1777414566,241433106,robot_1,3.499,-0.355
1777414566,441925990,robot_3,4.389,0.066
1777414566,441949871,robot_2,-4.508,-2.050
1777414566,441959594,robot_4,-1.446,1.333
1777414566,441966780,robot_0,4.593,-3.241
1777414566,441973565,robot_1,3.499,-0.355
1777414566,660586035,robot_3,4.389,0.066
1777414566,660604100,robot_2,-4.508,-2.050
1777414566,660610827,robot_4,-1.409,1.304
1777414566,660617348,robot_0,4.594,-3.240
1777414566,660622441,robot_1,3.499,-0.354
1777414566,861914164,robot_3,4.390,0.067
1777414566,861949265,robot_2,-4.507,-2.050
1777414566,861964261,robot_4,-1.388,1.289
1777414566,861976087,robot_0,4.594,-3.240
1777414566,861988475,robot_1,3.498,-0.354
1777414567,81218127,robot_3,4.390,0.067
1777414567,81235809,robot_2,-4.507,-2.050
1777414567,81242818,robot_4,-1.364,1.275
1777414567,81248239,robot_0,4.594,-3.240
1777414567,81253612,robot_1,3.498,-0.354
1777414567,301504525,robot_3,4.391,0.067
1777414567,301535845,robot_2,-4.506,-2.050
1777414567,301550646,robot_4,-1.339,1.263
1777414567,301562498,robot_0,4.594,-3.240
1777414567,301574089,robot_1,3.498,-0.353
1777414567,519960056,robot_3,4.391,0.067
1777414567,519978340,robot_2,-4.506,-2.050
1777414567,519984810,robot_4,-1.313,1.253
1777414567,519989987,robot_0,4.594,-3.240
1777414567,519995164,robot_1,3.498,-0.353
1777414567,721279602,robot_3,4.391,0.067
1777414567,721299250,robot_2,-4.506,-2.050
1777414567,721307524,robot_4,-1.289,1.245
1777414567,721314419,robot_0,4.594,-3.240
1777414567,721320746,robot_1,3.498,-0.352
1777414567,922562853,robot_3,4.391,0.067
1777414567,922593578,robot_2,-4.506,-2.050
1777414567,922607647,robot_4,-1.264,1.240
1777414567,922620631,robot_0,4.594,-3.240
1777414567,922631857,robot_1,3.498,-0.352
1777414568,140298624,robot_3,4.391,0.067
1777414568,140315635,robot_2,-4.506,-2.050
1777414568,140322506,robot_4,-1.225,1.234
1777414568,140327939,robot_0,4.594,-3.240
1777414568,140332535,robot_1,3.498,-0.352
1777414568,340823025,robot_3,4.391,0.067
1777414568,340848413,robot_2,-4.506,-2.050
1777414568,340856646,robot_4,-1.185,1.229
1777414568,340863296,robot_0,4.593,-3.240
1777414568,340868555,robot_1,3.498,-0.352
1777414568,561125700,robot_3,4.392,0.066
1777414568,561144263,robot_2,-4.505,-2.050
1777414568,561151071,robot_4,-1.141,1.224
1777414568,561156433,robot_0,4.593,-3.241
1777414568,561161602,robot_1,3.498,-0.352
1777414568,780524089,robot_3,4.392,0.066
1777414568,780547336,robot_2,-4.505,-2.049
1777414568,780553673,robot_4,-1.106,1.221
1777414568,780559013,robot_0,4.593,-3.241
1777414568,780564278,robot_1,3.498,-0.352
1777414569,308442,robot_3,4.392,0.066
1777414569,327289,robot_2,-4.505,-2.049
1777414569,334090,robot_4,-1.071,1.219
1777414569,339716,robot_0,4.592,-3.241
1777414569,345352,robot_1,3.498,-0.352
1777414569,200963913,robot_3,4.393,0.065
1777414569,200984494,robot_2,-4.504,-2.048
1777414569,200993582,robot_4,-1.039,1.219
1777414569,201001438,robot_0,4.592,-3.241
1777414569,201008154,robot_1,3.498,-0.353
1777414569,401955797,robot_3,4.393,0.065
1777414569,401979135,robot_2,-4.504,-2.048
1777414569,401989345,robot_4,-1.007,1.222
1777414569,401996993,robot_0,4.592,-3.241
1777414569,402003695,robot_1,3.498,-0.353
1777414569,621379796,robot_3,4.393,0.064
1777414569,621405548,robot_2,-4.504,-2.048
1777414569,621412925,robot_4,-0.972,1.227
1777414569,621421370,robot_0,4.591,-3.241
1777414569,621427312,robot_1,3.499,-0.354
1777414569,840654643,robot_3,4.393,0.064
1777414569,840674957,robot_2,-4.504,-2.047
1777414569,840683553,robot_4,-0.937,1.234
1777414569,840690525,robot_0,4.591,-3.241
1777414569,840696975,robot_1,3.499,-0.354
1777414570,40806791,robot_3,4.393,0.064
1777414570,40828519,robot_2,-4.505,-2.047
1777414570,40837027,robot_4,-0.907,1.243
1777414570,40844057,robot_0,4.591,-3.241
1777414570,40850571,robot_1,3.499,-0.354
1777414570,262025953,robot_3,4.393,0.064
1777414570,262054467,robot_2,-4.505,-2.047
1777414570,262068240,robot_4,-0.853,1.264
1777414570,262079252,robot_0,4.591,-3.241
1777414570,262089416,robot_1,3.500,-0.354
1777414570,480323000,robot_3,4.393,0.063
1777414570,480341492,robot_2,-4.505,-2.047
1777414570,480348078,robot_4,-0.797,1.291
1777414570,480353695,robot_0,4.592,-3.241
1777414570,480358966,robot_1,3.500,-0.354
1777414570,700198993,robot_3,4.393,0.063
1777414570,700222289,robot_2,-4.505,-2.047
1777414570,700229184,robot_4,-0.744,1.324
1777414570,700234599,robot_0,4.592,-3.241
1777414570,700239569,robot_1,3.500,-0.354
1777414570,902051697,robot_3,4.393,0.063
1777414570,902081939,robot_2,-4.505,-2.047
1777414570,902096185,robot_4,-0.699,1.358
1777414570,902107899,robot_0,4.592,-3.241
1777414570,902119007,robot_1,3.500,-0.354
1777414571,120942481,robot_3,4.392,0.062
1777414571,120964139,robot_2,-4.504,-2.047
1777414571,120972663,robot_4,-0.653,1.400
1777414571,120980229,robot_0,4.592,-3.241
1777414571,120986543,robot_1,3.500,-0.354
1777414571,320973691,robot_3,4.392,0.062
1777414571,320992034,robot_2,-4.505,-2.048
1777414571,321000698,robot_4,-0.615,1.442
1777414571,321007194,robot_0,4.593,-3.240
1777414571,321012586,robot_1,3.499,-0.354
1777414571,540075212,robot_3,4.391,0.062
1777414571,540093277,robot_2,-4.505,-2.048
1777414571,540100384,robot_4,-0.578,1.493
1777414571,540106467,robot_0,4.593,-3.240
1777414571,540111871,robot_1,3.499,-0.354
1777414571,740901422,robot_3,4.391,0.061
1777414571,740927605,robot_2,-4.505,-2.049
1777414571,740939571,robot_4,-0.555,1.531
1777414571,740949148,robot_0,4.593,-3.240
1777414571,740958222,robot_1,3.499,-0.353
1777414571,941792987,robot_3,4.390,0.061
1777414571,941814011,robot_2,-4.505,-2.049
1777414571,941820726,robot_4,-0.537,1.567
1777414571,941826371,robot_0,4.593,-3.240
1777414571,941831407,robot_1,3.498,-0.353
1777414572,160492296,robot_3,4.390,0.061
1777414572,160517869,robot_2,-4.506,-2.050
1777414572,160525315,robot_4,-0.518,1.607
1777414572,160531559,robot_0,4.593,-3.239
1777414572,160536812,robot_1,3.498,-0.352
1777414572,380135338,robot_3,4.390,0.061
1777414572,380151967,robot_2,-4.506,-2.050
1777414572,380158522,robot_4,-0.495,1.656
1777414572,380163878,robot_0,4.593,-3.239
1777414572,380168926,robot_1,3.498,-0.352
1777414572,599925891,robot_3,4.390,0.061
1777414572,599943827,robot_2,-4.507,-2.050
1777414572,599950173,robot_4,-0.468,1.713
1777414572,599955883,robot_0,4.593,-3.239
1777414572,599961113,robot_1,3.498,-0.351
1777414572,820083774,robot_3,4.390,0.061
1777414572,820100320,robot_2,-4.507,-2.050
1777414572,820107706,robot_4,-0.438,1.775
1777414572,820113180,robot_0,4.593,-3.239
1777414572,820118951,robot_1,3.498,-0.351
1777414573,21071704,robot_3,4.389,0.061
1777414573,21091557,robot_2,-4.507,-2.050
1777414573,21098962,robot_4,-0.421,1.811
1777414573,21105319,robot_0,4.593,-3.240
1777414573,21111103,robot_1,3.498,-0.351
1777414573,221094227,robot_3,4.389,0.062
1777414573,221109980,robot_2,-4.507,-2.050
1777414573,221116410,robot_4,-0.404,1.848
1777414573,221121985,robot_0,4.593,-3.240
1777414573,221126731,robot_1,3.498,-0.351
1777414573,423512979,robot_3,4.388,0.062
1777414573,423532129,robot_2,-4.507,-2.050
1777414573,423539194,robot_4,-0.385,1.887
1777414573,423544823,robot_0,4.593,-3.240
1777414573,423550129,robot_1,3.498,-0.351
1777414573,641100392,robot_3,4.388,0.062
1777414573,641126025,robot_2,-4.506,-2.050
1777414573,641137830,robot_4,-0.352,1.958
1777414573,641147886,robot_0,4.592,-3.240
1777414573,641157590,robot_1,3.498,-0.351
1777414573,860163281,robot_3,4.388,0.063
1777414573,860179498,robot_2,-4.506,-2.049
1777414573,860186119,robot_4,-0.333,1.998
1777414573,860191672,robot_0,4.592,-3.240
1777414573,860196787,robot_1,3.498,-0.352
1777414574,62192285,robot_3,4.388,0.063
1777414574,62220607,robot_2,-4.506,-2.049
1777414574,62232958,robot_4,-0.323,2.023
1777414574,62255967,robot_0,4.592,-3.240
1777414574,62266156,robot_1,3.499,-0.352
1777414574,280882173,robot_3,4.388,0.064
1777414574,280911705,robot_2,-4.505,-2.049
1777414574,280921697,robot_4,-0.315,2.051
1777414574,280929813,robot_0,4.591,-3.240
1777414574,280936576,robot_1,3.499,-0.353
1777414574,500937103,robot_3,4.388,0.064
1777414574,500957144,robot_2,-4.505,-2.048
1777414574,500965148,robot_4,-0.309,2.080
1777414574,500971787,robot_0,4.591,-3.240
1777414574,500977692,robot_1,3.499,-0.353
1777414574,702704039,robot_3,4.388,0.065
1777414574,702731616,robot_2,-4.505,-2.048
1777414574,702741586,robot_4,-0.307,2.106
1777414574,702749632,robot_0,4.591,-3.240
1777414574,702756631,robot_1,3.500,-0.353
1777414574,920355652,robot_3,4.388,0.065
1777414574,920372759,robot_2,-4.505,-2.047
1777414574,920380358,robot_4,-0.307,2.136
1777414574,920386292,robot_0,4.591,-3.240
1777414574,920391736,robot_1,3.500,-0.353
1777414575,121147913,robot_3,4.388,0.065
1777414575,121172042,robot_2,-4.505,-2.047
1777414575,121184333,robot_4,-0.309,2.162
1777414575,121193607,robot_0,4.591,-3.240
1777414575,121203043,robot_1,3.500,-0.353
1777414575,322026072,robot_3,4.388,0.065
1777414575,322049755,robot_2,-4.506,-2.047
1777414575,322057789,robot_4,-0.316,2.197
1777414575,322064059,robot_0,4.591,-3.240
1777414575,322070823,robot_1,3.500,-0.354
1777414575,541291972,robot_3,4.388,0.064
1777414575,541316797,robot_2,-4.506,-2.046
1777414575,541325148,robot_4,-0.325,2.240
1777414575,541332603,robot_0,4.591,-3.240
1777414575,541338506,robot_1,3.500,-0.354
1777414575,741478730,robot_3,4.388,0.064
1777414575,741506567,robot_2,-4.506,-2.046
1777414575,741519329,robot_4,-0.334,2.279
1777414575,741530015,robot_0,4.591,-3.240
1777414575,741540461,robot_1,3.500,-0.353
1777414575,961004003,robot_3,4.388,0.063
1777414575,961033874,robot_2,-4.507,-2.046
1777414575,961043965,robot_4,-0.343,2.318
1777414575,961049774,robot_0,4.591,-3.240
1777414575,961054884,robot_1,3.500,-0.353
1777414576,161332110,robot_3,4.388,0.063
1777414576,161360223,robot_2,-4.507,-2.046
1777414576,161373363,robot_4,-0.352,2.354
1777414576,161384250,robot_0,4.592,-3.240
1777414576,161393853,robot_1,3.500,-0.353
1777414576,362082737,robot_3,4.388,0.063
1777414576,362103479,robot_2,-4.507,-2.045
1777414576,362112413,robot_4,-0.359,2.392
1777414576,362120223,robot_0,4.592,-3.240
1777414576,362127451,robot_1,3.499,-0.353
1777414576,580758652,robot_3,4.389,0.062
1777414576,580783330,robot_2,-4.508,-2.046
1777414576,580790115,robot_4,-0.364,2.434
1777414576,580796172,robot_0,4.592,-3.240
1777414576,580801596,robot_1,3.499,-0.352
1777414576,800053449,robot_3,4.389,0.062
1777414576,800070089,robot_2,-4.508,-2.046
1777414576,800076913,robot_4,-0.364,2.476
1777414576,800082511,robot_0,4.592,-3.239
1777414576,800087263,robot_1,3.499,-0.352
1777414577,2743769,robot_3,4.390,0.062
1777414577,2768774,robot_2,-4.508,-2.046
1777414577,2778599,robot_4,-0.361,2.514
1777414577,2787047,robot_0,4.592,-3.239
1777414577,2794968,robot_1,3.499,-0.351
1777414577,220629325,robot_3,4.390,0.062
1777414577,220651465,robot_2,-4.508,-2.046
1777414577,220660299,robot_4,-0.353,2.556
1777414577,220668031,robot_0,4.592,-3.239
1777414577,220674742,robot_1,3.499,-0.351
1777414577,420784586,robot_3,4.390,0.062
1777414577,420807227,robot_2,-4.508,-2.046
1777414577,420817505,robot_4,-0.342,2.593
1777414577,420825266,robot_0,4.592,-3.239
1777414577,420833106,robot_1,3.499,-0.350
1777414577,640767408,robot_3,4.390,0.062
1777414577,640789989,robot_2,-4.507,-2.046
1777414577,640799757,robot_4,-0.326,2.633
1777414577,640808268,robot_0,4.592,-3.239
1777414577,640817254,robot_1,3.499,-0.350
1777414577,841583076,robot_3,4.390,0.062
1777414577,841609791,robot_2,-4.507,-2.046
1777414577,841623209,robot_4,-0.309,2.669
1777414577,841634766,robot_0,4.592,-3.239
1777414577,841645408,robot_1,3.499,-0.350
1777414578,62440398,robot_3,4.390,0.062
1777414578,62462886,robot_2,-4.506,-2.046
1777414578,62472589,robot_4,-0.289,2.708
1777414578,62480632,robot_0,4.592,-3.239
1777414578,62487385,robot_1,3.499,-0.350
1777414578,281994379,robot_3,4.389,0.062
1777414578,282030398,robot_2,-4.506,-2.046
1777414578,282044444,robot_4,-0.267,2.751
1777414578,282055830,robot_0,4.592,-3.239
1777414578,282067033,robot_1,3.499,-0.350
1777414578,501301589,robot_3,4.389,0.063
1777414578,501324231,robot_2,-4.506,-2.047
1777414578,501332838,robot_4,-0.243,2.799
1777414578,501339602,robot_0,4.592,-3.240
1777414578,501346669,robot_1,3.499,-0.349
1777414578,701689855,robot_3,4.389,0.063
1777414578,701714270,robot_2,-4.506,-2.047
1777414578,701727198,robot_4,-0.220,2.846
1777414578,701738244,robot_0,4.591,-3.240
1777414578,701747960,robot_1,3.500,-0.349
1777414578,902398474,robot_3,4.388,0.063
1777414578,902428539,robot_2,-4.505,-2.048
1777414578,902440407,robot_4,-0.202,2.893
1777414578,902449786,robot_0,4.591,-3.240
1777414578,902458329,robot_1,3.500,-0.349
1777414579,120086038,robot_3,4.388,0.064
1777414579,120104609,robot_2,-4.505,-2.048
1777414579,120111327,robot_4,-0.188,2.948
1777414579,120117060,robot_0,4.591,-3.240
1777414579,120121980,robot_1,3.500,-0.349
1777414579,321778311,robot_3,4.388,0.064
1777414579,321805749,robot_2,-4.505,-2.048
1777414579,321818064,robot_4,-0.182,2.999
1777414579,321828789,robot_0,4.590,-3.240
1777414579,321837688,robot_1,3.501,-0.348
1777414579,522145984,robot_3,4.388,0.065
1777414579,522169675,robot_2,-4.505,-2.048
1777414579,522179911,robot_4,-0.182,3.050
1777414579,522188718,robot_0,4.590,-3.240
1777414579,522196900,robot_1,3.501,-0.348
1777414579,740858369,robot_3,4.388,0.065
1777414579,740881024,robot_2,-4.505,-2.048
1777414579,740887861,robot_4,-0.189,3.106
1777414579,740894219,robot_0,4.590,-3.240
1777414579,740899229,robot_1,3.502,-0.349
1777414579,941319267,robot_3,4.388,0.066
1777414579,941339887,robot_2,-4.506,-2.048
1777414579,941346505,robot_4,-0.201,3.156
1777414579,941352402,robot_0,4.590,-3.240
1777414579,941357543,robot_1,3.502,-0.349
1777414580,160657775,robot_3,4.388,0.066
1777414580,160682772,robot_2,-4.506,-2.047
1777414580,160689369,robot_4,-0.218,3.199
1777414580,160694860,robot_0,4.590,-3.240
1777414580,160699605,robot_1,3.502,-0.349
1777414580,361994983,robot_3,4.388,0.065
1777414580,362014853,robot_2,-4.506,-2.047
1777414580,362026805,robot_4,-0.234,3.236
1777414580,362033901,robot_0,4.590,-3.240
1777414580,362040254,robot_1,3.502,-0.349
1777414580,581903735,robot_3,4.388,0.065
1777414580,581924597,robot_2,-4.506,-2.047
1777414580,581934739,robot_4,-0.253,3.276
1777414580,581942802,robot_0,4.590,-3.240
1777414580,581950607,robot_1,3.502,-0.349
1777414580,801396945,robot_3,4.388,0.065
1777414580,801419865,robot_2,-4.507,-2.046
1777414580,801429998,robot_4,-0.281,3.338
1777414580,801438206,robot_0,4.591,-3.240
1777414580,801446298,robot_1,3.502,-0.349
1777414581,20863921,robot_3,4.388,0.064
1777414581,20887732,robot_2,-4.507,-2.046
1777414581,20895026,robot_4,-0.312,3.405
1777414581,20900786,robot_0,4.591,-3.240
1777414581,20906577,robot_1,3.501,-0.349
1777414581,220942739,robot_3,4.388,0.064
1777414581,220958105,robot_2,-4.508,-2.046
1777414581,220964489,robot_4,-0.340,3.465
1777414581,220970106,robot_0,4.591,-3.240
1777414581,220974872,robot_1,3.501,-0.349
1777414581,441299542,robot_3,4.389,0.063
1777414581,441321325,robot_2,-4.508,-2.046
1777414581,441328030,robot_4,-0.359,3.505
1777414581,441333656,robot_0,4.591,-3.239
1777414581,441338659,robot_1,3.501,-0.349
1777414581,641733340,robot_3,4.389,0.063
1777414581,641761735,robot_2,-4.509,-2.047
1777414581,641776292,robot_4,-0.375,3.542
1777414581,641787353,robot_0,4.591,-3.239
1777414581,641798133,robot_1,3.500,-0.349
1777414581,861696685,robot_3,4.390,0.063
1777414581,861715705,robot_2,-4.509,-2.047
1777414581,861723075,robot_4,-0.398,3.590
1777414581,861728921,robot_0,4.591,-3.239
1777414581,861734749,robot_1,3.500,-0.350
1777414582,79884705,robot_3,4.390,0.063
1777414582,79901708,robot_2,-4.509,-2.047
1777414582,79908395,robot_4,-0.429,3.653
1777414582,79913729,robot_0,4.592,-3.239
1777414582,79918340,robot_1,3.500,-0.350
1777414582,282111341,robot_3,4.390,0.063
1777414582,282137336,robot_2,-4.510,-2.047
1777414582,282146653,robot_4,-0.459,3.706
1777414582,282153958,robot_0,4.592,-3.239
1777414582,282160395,robot_1,3.500,-0.350
1777414582,501170837,robot_3,4.390,0.063
1777414582,501193622,robot_2,-4.510,-2.048
1777414582,501203921,robot_4,-0.497,3.763
1777414582,501212861,robot_0,4.592,-3.239
1777414582,501220924,robot_1,3.500,-0.351
1777414582,702063494,robot_3,4.390,0.063
1777414582,702087607,robot_2,-4.510,-2.048
1777414582,702096311,robot_4,-0.535,3.811
1777414582,702103731,robot_0,4.592,-3.238
1777414582,702110312,robot_1,3.500,-0.351
1777414582,920663584,robot_3,4.390,0.063
1777414582,920682914,robot_2,-4.510,-2.049
1777414582,920690042,robot_4,-0.580,3.862
1777414582,920695532,robot_0,4.592,-3.239
1777414582,920700298,robot_1,3.500,-0.351
1777414583,139969023,robot_3,4.390,0.063
1777414583,139991025,robot_2,-4.509,-2.049
1777414583,139997775,robot_4,-0.629,3.909
1777414583,140004006,robot_0,4.591,-3.239
1777414583,140009455,robot_1,3.500,-0.350
1777414583,360142858,robot_3,4.389,0.063
1777414583,360159980,robot_2,-4.469,-2.045
1777414583,360166647,robot_4,-0.676,3.949
1777414583,360172646,robot_0,4.591,-3.239
1777414583,360177733,robot_1,3.500,-0.350
1777414583,560177469,robot_3,4.389,0.063
1777414583,560195214,robot_2,-4.429,-2.042
1777414583,560202073,robot_4,-0.708,3.971
1777414583,560207839,robot_0,4.591,-3.239
1777414583,560214889,robot_1,3.500,-0.349
1777414583,760578042,robot_3,4.389,0.064
1777414583,760593171,robot_2,-4.390,-2.038
1777414583,760600280,robot_4,-0.739,3.994
1777414583,760606365,robot_0,4.591,-3.239
1777414583,760611153,robot_1,3.501,-0.349
1777414583,981218745,robot_3,4.388,0.064
1777414583,981238464,robot_2,-4.347,-2.033
1777414583,981245666,robot_4,-0.771,4.021
1777414583,981259399,robot_0,4.590,-3.240
1777414583,981264684,robot_1,3.501,-0.349
1777414584,200096269,robot_3,4.388,0.065
1777414584,200122682,robot_2,-4.304,-2.025
1777414584,200133020,robot_4,-0.802,4.051
1777414584,200141292,robot_0,4.590,-3.240
1777414584,200148161,robot_1,3.502,-0.349
1777414584,400131598,robot_3,4.388,0.065
1777414584,400155105,robot_2,-4.267,-2.014
1777414584,400161598,robot_4,-0.827,4.080
1777414584,400167439,robot_0,4.590,-3.240
1777414584,400172441,robot_1,3.502,-0.349
1777414584,601045993,robot_3,4.388,0.066
1777414584,601065216,robot_2,-4.230,-1.999
1777414584,601072494,robot_4,-0.850,4.111
1777414584,601079387,robot_0,4.589,-3.240
1777414584,601085938,robot_1,3.503,-0.349
1777414584,819976293,robot_3,4.388,0.066
1777414584,819991508,robot_2,-4.192,-1.979
1777414584,819998142,robot_4,-0.873,4.147
1777414584,820003908,robot_0,4.589,-3.240
1777414584,820009207,robot_1,3.503,-0.349
1777414585,21660601,robot_3,4.388,0.066
1777414585,21682152,robot_2,-4.159,-1.957
1777414585,21690536,robot_4,-0.893,4.182
1777414585,21697263,robot_0,4.589,-3.239
1777414585,21703474,robot_1,3.503,-0.349
1777414585,241628598,robot_3,4.388,0.066
1777414585,241652986,robot_2,-4.126,-1.930
1777414585,241664021,robot_4,-0.914,4.221
1777414585,241673628,robot_0,4.589,-3.239
1777414585,241681580,robot_1,3.503,-0.349
1777414585,460391815,robot_3,4.388,0.066
1777414585,460410680,robot_2,-4.099,-1.904
1777414585,460417122,robot_4,-0.939,4.267
1777414585,460423294,robot_0,4.589,-3.240
1777414585,460428997,robot_1,3.503,-0.349
1777414585,660523446,robot_3,4.388,0.066
1777414585,660540764,robot_2,-4.077,-1.878
1777414585,660547467,robot_4,-0.968,4.321
1777414585,660553402,robot_0,4.590,-3.239
1777414585,660558452,robot_1,3.502,-0.349
1777414585,861936032,robot_3,4.388,0.065
1777414585,861953673,robot_2,-4.056,-1.851
1777414585,861960931,robot_4,-0.978,4.340
1777414585,861967116,robot_0,4.590,-3.239
1777414585,861972779,robot_1,3.502,-0.349
1777414586,80391001,robot_3,4.389,0.065
1777414586,80408016,robot_2,-4.035,-1.820
1777414586,80414375,robot_4,-0.978,4.340
1777414586,80420025,robot_0,4.590,-3.239
1777414586,80424877,robot_1,3.502,-0.349
1777414586,280713516,robot_3,4.389,0.064
1777414586,280734657,robot_2,-4.018,-1.790
1777414586,280745065,robot_4,-0.978,4.341
1777414586,280754499,robot_0,4.590,-3.239
1777414586,280759563,robot_1,3.501,-0.349
1777414586,500216662,robot_3,4.389,0.064
1777414586,500235184,robot_2,-4.001,-1.757
1777414586,500241574,robot_4,-0.978,4.341
1777414586,500246981,robot_0,4.591,-3.239
1777414586,500252254,robot_1,3.501,-0.350
1777414586,701606635,robot_3,4.390,0.064
1777414586,701633326,robot_2,-3.988,-1.725
1777414586,701643398,robot_4,-0.977,4.341
1777414586,701651503,robot_0,4.591,-3.239
1777414586,701658510,robot_1,3.501,-0.350
1777414586,923745271,robot_3,4.390,0.064
1777414586,923764801,robot_2,-3.974,-1.684
1777414586,923771039,robot_4,-0.977,4.342
1777414586,923776690,robot_0,4.591,-3.238
1777414586,923781941,robot_1,3.500,-0.350
1777414587,140675700,robot_3,4.391,0.064
1777414587,140694160,robot_2,-3.961,-1.642
1777414587,140700545,robot_4,-0.977,4.342
1777414587,140706186,robot_0,4.591,-3.238
1777414587,140711799,robot_1,3.500,-0.351
1777414587,341570026,robot_3,4.391,0.064
1777414587,341594589,robot_2,-3.948,-1.603
1777414587,341605546,robot_4,-0.977,4.343
1777414587,341614640,robot_0,4.591,-3.238
1777414587,341622531,robot_1,3.500,-0.351
1777414587,561622739,robot_3,4.391,0.064
1777414587,561644597,robot_2,-3.924,-1.527
1777414587,561654253,robot_4,-0.978,4.343
1777414587,561662887,robot_0,4.591,-3.238
1777414587,561670209,robot_1,3.500,-0.351
1777414587,780291777,robot_3,4.391,0.064
1777414587,780311043,robot_2,-3.905,-1.471
1777414587,780318962,robot_4,-0.978,4.343
1777414587,780324899,robot_0,4.591,-3.238
1777414587,780330883,robot_1,3.500,-0.351
1777414587,981727028,robot_3,4.391,0.064
1777414587,981748971,robot_2,-3.894,-1.435
1777414587,981756821,robot_4,-0.978,4.343
1777414587,981763688,robot_0,4.591,-3.238
1777414587,981769681,robot_1,3.500,-0.351
1777414588,200127371,robot_3,4.390,0.064
1777414588,200144627,robot_2,-3.880,-1.393
1777414588,200151269,robot_4,-0.978,4.343
1777414588,200156596,robot_0,4.591,-3.238
1777414588,200161624,robot_1,3.501,-0.350
1777414588,420331990,robot_3,4.390,0.064
1777414588,420350785,robot_2,-3.867,-1.351
1777414588,420357302,robot_4,-0.978,4.344
1777414588,420363079,robot_0,4.590,-3.239
1777414588,420368143,robot_1,3.501,-0.350
1777414588,621887620,robot_3,4.389,0.064
1777414588,621927880,robot_2,-3.856,-1.319
1777414588,621948830,robot_4,-0.978,4.344
1777414588,621967118,robot_0,4.590,-3.239
1777414588,621983672,robot_1,3.502,-0.350
1777414588,841289021,robot_3,4.389,0.065
1777414588,841309239,robot_2,-3.847,-1.291
1777414588,841318322,robot_4,-0.979,4.344
1777414588,841326270,robot_0,4.590,-3.239
1777414588,841333172,robot_1,3.502,-0.349
1777414589,62373537,robot_3,4.389,0.065
1777414589,62412019,robot_2,-3.831,-1.239
1777414589,62433774,robot_4,-0.979,4.344
1777414589,62452521,robot_0,4.590,-3.239
1777414589,62469929,robot_1,3.503,-0.349
1777414589,281434831,robot_3,4.389,0.066
1777414589,281465605,robot_2,-3.816,-1.194
1777414589,281476233,robot_4,-0.979,4.344
1777414589,281484451,robot_0,4.589,-3.239
1777414589,281492100,robot_1,3.503,-0.349
1777414589,500090852,robot_3,4.389,0.066
1777414589,500109386,robot_2,-3.803,-1.152
1777414589,500116376,robot_4,-0.980,4.344
1777414589,500122067,robot_0,4.589,-3.239
1777414589,500127194,robot_1,3.504,-0.350
1777414589,700150617,robot_3,4.389,0.067
1777414589,700166889,robot_2,-3.790,-1.114
1777414589,700173055,robot_4,-0.980,4.344
1777414589,700179040,robot_0,4.589,-3.239
1777414589,700184168,robot_1,3.504,-0.350
1777414589,901425120,robot_3,4.389,0.067
1777414589,901455972,robot_2,-3.778,-1.077
1777414589,901471348,robot_4,-0.981,4.344
1777414589,901484363,robot_0,4.588,-3.239
1777414589,901494033,robot_1,3.504,-0.350
1777414590,120128799,robot_3,4.389,0.067
1777414590,120145957,robot_2,-3.766,-1.038
1777414590,120152668,robot_4,-0.981,4.344
1777414590,120158379,robot_0,4.588,-3.239
1777414590,120163228,robot_1,3.504,-0.350
1777414590,322001932,robot_3,4.389,0.067
1777414590,322024412,robot_2,-3.753,-1.003
1777414590,322034979,robot_4,-0.981,4.344
1777414590,322042242,robot_0,4.588,-3.239
1777414590,322047835,robot_1,3.504,-0.350
1777414590,541921957,robot_3,4.389,0.067
1777414590,541954888,robot_2,-3.736,-0.966
1777414590,541985095,robot_4,-0.977,4.338
1777414590,541997708,robot_0,4.589,-3.239
1777414590,542009255,robot_1,3.504,-0.350
1777414590,762128701,robot_3,4.389,0.066
1777414590,762153084,robot_2,-3.715,-0.932
1777414590,762163854,robot_4,-0.953,4.302
1777414590,762172343,robot_0,4.589,-3.239
1777414590,762180098,robot_1,3.504,-0.350
1777414590,983239183,robot_3,4.389,0.066
1777414590,983270375,robot_2,-3.690,-0.900
1777414590,983284621,robot_4,-0.928,4.265
1777414590,983295433,robot_0,4.589,-3.239
1777414590,983305654,robot_1,3.505,-0.350
1777414591,200123573,robot_3,4.389,0.065
1777414591,200141289,robot_2,-3.662,-0.871
1777414591,200148264,robot_4,-0.899,4.222
1777414591,200154089,robot_0,4.589,-3.239
1777414591,200159356,robot_1,3.505,-0.351
1777414591,400860274,robot_3,4.389,0.065
1777414591,400883510,robot_2,-3.634,-0.848
1777414591,400895307,robot_4,-0.869,4.180
1777414591,400905473,robot_0,4.590,-3.239
1777414591,400913898,robot_1,3.505,-0.351
1777414591,601969193,robot_3,4.390,0.065
1777414591,601987962,robot_2,-3.602,-0.827
1777414591,601995756,robot_4,-0.848,4.150
1777414591,602002237,robot_0,4.590,-3.238
1777414591,602007933,robot_1,3.505,-0.352
1777414591,821796253,robot_3,4.390,0.065
1777414591,821819467,robot_2,-3.564,-0.805
1777414591,821830207,robot_4,-0.822,4.119
1777414591,821838359,robot_0,4.590,-3.238
1777414591,821846523,robot_1,3.505,-0.352
1777414592,41767427,robot_3,4.391,0.064
1777414592,41801127,robot_2,-3.525,-0.784
1777414592,41816822,robot_4,-0.791,4.093
1777414592,41830187,robot_0,4.590,-3.238
1777414592,41842401,robot_1,3.505,-0.353
1777414592,261894340,robot_3,4.391,0.064
1777414592,261922638,robot_2,-3.472,-0.755
1777414592,261935645,robot_4,-0.756,4.072
1777414592,261945686,robot_0,4.590,-3.238
1777414592,261956027,robot_1,3.505,-0.353
1777414592,484220028,robot_3,4.391,0.064
1777414592,484244834,robot_2,-3.408,-0.722
1777414592,484255306,robot_4,-0.719,4.057
1777414592,484263689,robot_0,4.590,-3.238
1777414592,484271993,robot_1,3.505,-0.353
1777414592,701617938,robot_3,4.391,0.064
1777414592,701635870,robot_2,-3.342,-0.692
1777414592,701642845,robot_4,-0.679,4.049
1777414592,701648634,robot_0,4.590,-3.238
1777414592,701654136,robot_1,3.505,-0.353
1777414592,923203134,robot_3,4.391,0.064
1777414592,923222947,robot_2,-3.275,-0.666
1777414592,923230441,robot_4,-0.638,4.047
1777414592,923236554,robot_0,4.590,-3.238
1777414592,923242123,robot_1,3.505,-0.353
1777414593,141038025,robot_3,4.391,0.064
1777414593,141057346,robot_2,-3.206,-0.644
1777414593,141064185,robot_4,-0.594,4.051
1777414593,141070065,robot_0,4.590,-3.238
1777414593,141075009,robot_1,3.505,-0.354
1777414593,342132436,robot_3,4.390,0.065
1777414593,342157558,robot_2,-3.143,-0.627
1777414593,342169498,robot_4,-0.555,4.057
1777414593,342178831,robot_0,4.590,-3.238
1777414593,342188599,robot_1,3.504,-0.354
1777414593,561726543,robot_3,4.390,0.065
1777414593,561748721,robot_2,-3.073,-0.611
1777414593,561757699,robot_4,-0.510,4.064
1777414593,561764939,robot_0,4.590,-3.238
1777414593,561771150,robot_1,3.504,-0.354
1777414593,781370335,robot_3,4.390,0.065
1777414593,781392814,robot_2,-3.019,-0.602
1777414593,781401907,robot_4,-0.465,4.071
1777414593,781409262,robot_0,4.589,-3.239
1777414593,781416193,robot_1,3.503,-0.354
1777414594,1087070,robot_3,4.389,0.066
1777414594,1113232,robot_2,-2.980,-0.596
1777414594,1124769,robot_4,-0.430,4.076
1777414594,1133141,robot_0,4.589,-3.239
1777414594,1141623,robot_1,3.503,-0.355
1777414594,202070139,robot_3,4.389,0.066
1777414594,202095102,robot_2,-2.944,-0.588
1777414594,202105656,robot_4,-0.394,4.082
1777414594,202114104,robot_0,4.589,-3.239
1777414594,202122712,robot_1,3.502,-0.354
1777414594,424036103,robot_3,4.389,0.067
1777414594,424055597,robot_2,-2.906,-0.576
1777414594,424063068,robot_4,-0.350,4.088
1777414594,424068781,robot_0,4.588,-3.239
1777414594,424073466,robot_1,3.502,-0.354
1777414594,642702360,robot_3,4.389,0.067
1777414594,642727892,robot_2,-2.870,-0.560
1777414594,642739972,robot_4,-0.307,4.095
1777414594,642749186,robot_0,4.588,-3.239
1777414594,642757405,robot_1,3.501,-0.354
1777414594,862058450,robot_3,4.389,0.068
1777414594,862080465,robot_2,-2.835,-0.540
1777414594,862090940,robot_4,-0.271,4.101
1777414594,862099986,robot_0,4.588,-3.239
1777414594,862107441,robot_1,3.501,-0.354
1777414595,80528442,robot_3,4.389,0.068
1777414595,80546168,robot_2,-2.803,-0.516
1777414595,80552995,robot_4,-0.226,4.108
1777414595,80558453,robot_0,4.588,-3.239
1777414595,80563879,robot_1,3.501,-0.354
1777414595,281485501,robot_3,4.389,0.068
1777414595,281516786,robot_2,-2.773,-0.490
1777414595,281529109,robot_4,-0.171,4.116
1777414595,281540151,robot_0,4.588,-3.239
1777414595,281549807,robot_1,3.502,-0.354
1777414595,499944365,robot_3,4.389,0.068
1777414595,499961363,robot_2,-2.741,-0.460
1777414595,499968376,robot_4,-0.127,4.123
1777414595,499973864,robot_0,4.588,-3.239
1777414595,499979506,robot_1,3.502,-0.354
1777414595,700489493,robot_3,4.389,0.067
1777414595,700506217,robot_2,-2.713,-0.432
1777414595,700512741,robot_4,-0.087,4.129
1777414595,700518452,robot_0,4.588,-3.239
1777414595,700523439,robot_1,3.502,-0.354
1777414595,900962674,robot_3,4.389,0.067
1777414595,900984939,robot_2,-2.681,-0.402
1777414595,900995728,robot_4,-0.047,4.135
1777414595,901004695,robot_0,4.588,-3.239
1777414595,901012361,robot_1,3.503,-0.354
1777414596,101186124,robot_3,4.389,0.066
1777414596,101204353,robot_2,-2.646,-0.369
1777414596,101211676,robot_4,0.002,4.141
1777414596,101226134,robot_0,4.589,-3.238
1777414596,101231707,robot_1,3.503,-0.354
1777414596,301673754,robot_3,4.389,0.066
1777414596,301712336,robot_2,-2.606,-0.330
1777414596,301728683,robot_4,0.051,4.144
1777414596,301741376,robot_0,4.589,-3.238
1777414596,301752529,robot_1,3.504,-0.354
1777414596,522261325,robot_3,4.390,0.066
1777414596,522285967,robot_2,-2.573,-0.298
1777414596,522296158,robot_4,0.104,4.139
1777414596,522304415,robot_0,4.589,-3.238
1777414596,522311252,robot_1,3.504,-0.353
1777414596,740358987,robot_3,4.390,0.065
1777414596,740376633,robot_2,-2.541,-0.267
1777414596,740383640,robot_4,0.156,4.127
1777414596,740388985,robot_0,4.589,-3.238
1777414596,740394182,robot_1,3.504,-0.353
1777414596,942797281,robot_3,4.391,0.065
1777414596,942822322,robot_2,-2.512,-0.239
1777414596,942831951,robot_4,0.201,4.109
1777414596,942839780,robot_0,4.589,-3.238
1777414596,942846884,robot_1,3.504,-0.353
1777414597,161508669,robot_3,4.391,0.065
1777414597,161539733,robot_2,-2.475,-0.203
1777414597,161553684,robot_4,0.248,4.083
1777414597,161565052,robot_0,4.589,-3.237
1777414597,161576854,robot_1,3.504,-0.353
1777414597,361630035,robot_3,4.391,0.065
1777414597,361654765,robot_2,-2.439,-0.169
1777414597,361666490,robot_4,0.287,4.054
1777414597,361677031,robot_0,4.589,-3.237
1777414597,361685967,robot_1,3.504,-0.353
1777414597,562241402,robot_3,4.391,0.065
1777414597,562265232,robot_2,-2.405,-0.136
1777414597,562276052,robot_4,0.333,4.009
1777414597,562284415,robot_0,4.589,-3.237
1777414597,562293301,robot_1,3.504,-0.353
1777414597,780537533,robot_3,4.391,0.065
1777414597,780553820,robot_2,-2.373,-0.105
1777414597,780560076,robot_4,0.381,3.959
1777414597,780576933,robot_0,4.589,-3.237
1777414597,780582295,robot_1,3.504,-0.353
1777414597,980781876,robot_3,4.391,0.065
1777414597,980803073,robot_2,-2.344,-0.078
1777414597,980809939,robot_4,0.409,3.930
1777414597,980815769,robot_0,4.589,-3.237
1777414597,980821599,robot_1,3.504,-0.353
1777414598,181300354,robot_3,4.391,0.065
1777414598,181325080,robot_2,-2.315,-0.049
1777414598,181335551,robot_4,0.436,3.901
1777414598,181344794,robot_0,4.589,-3.237
1777414598,181353580,robot_1,3.504,-0.353
1777414598,381601033,robot_3,4.391,0.065
1777414598,381627439,robot_2,-2.284,-0.018
1777414598,381639344,robot_4,0.463,3.873
1777414598,381650455,robot_0,4.589,-3.238
1777414598,381663113,robot_1,3.504,-0.353
1777414598,601304936,robot_3,4.390,0.065
1777414598,601342107,robot_2,-2.253,0.019
1777414598,601357530,robot_4,0.491,3.844
1777414598,601370394,robot_0,4.589,-3.238
1777414598,601382888,robot_1,3.503,-0.354
1777414598,821060548,robot_3,4.390,0.066
1777414598,821092314,robot_2,-2.226,0.058
1777414598,821102653,robot_4,0.515,3.819
1777414598,821111286,robot_0,4.589,-3.238
1777414598,821118808,robot_1,3.503,-0.354
1777414599,22198082,robot_3,4.390,0.066
1777414599,22222713,robot_2,-2.204,0.096
1777414599,22232751,robot_4,0.541,3.792
1777414599,22240943,robot_0,4.588,-3.238
1777414599,22248758,robot_1,3.502,-0.354
1777414599,240854470,robot_3,4.389,0.067
1777414599,240879707,robot_2,-2.185,0.140
1777414599,240886446,robot_4,0.571,3.760
1777414599,240892176,robot_0,4.588,-3.238
1777414599,240897911,robot_1,3.502,-0.354
1777414599,460668406,robot_3,4.389,0.067
1777414599,460688725,robot_2,-2.170,0.186
1777414599,460695677,robot_4,0.601,3.728
1777414599,460700464,robot_0,4.588,-3.238
1777414599,460705369,robot_1,3.501,-0.354
1777414599,682394347,robot_3,4.389,0.068
1777414599,682413480,robot_2,-2.159,0.237
1777414599,682421257,robot_4,0.647,3.679
1777414599,682427692,robot_0,4.587,-3.238
1777414599,682433301,robot_1,3.501,-0.354
1777414599,901814733,robot_3,4.389,0.068
1777414599,901848826,robot_2,-2.147,0.318
1777414599,901858315,robot_4,0.687,3.631
1777414599,901865274,robot_0,4.587,-3.238
1777414599,901872491,robot_1,3.501,-0.354
1777414600,102024338,robot_3,4.389,0.068
1777414600,102056738,robot_2,-2.140,0.367
1777414600,102070199,robot_4,0.720,3.582
1777414600,102080080,robot_0,4.587,-3.238
1777414600,102089384,robot_1,3.501,-0.354
1777414600,322197006,robot_3,4.389,0.069
1777414600,322218253,robot_2,-2.133,0.411
1777414600,322228305,robot_4,0.748,3.536
1777414600,322236831,robot_0,4.587,-3.238
1777414600,322244122,robot_1,3.501,-0.354
1777414600,542033807,robot_3,4.389,0.068
1777414600,542069930,robot_2,-2.127,0.455
1777414600,542082189,robot_4,0.770,3.498
1777414600,542092645,robot_0,4.587,-3.238
1777414600,542101657,robot_1,3.501,-0.354
1777414600,761750012,robot_3,4.389,0.068
1777414600,761771938,robot_2,-2.117,0.530
1777414600,761781383,robot_4,0.793,3.460
1777414600,761788963,robot_0,4.587,-3.238
1777414600,761796269,robot_1,3.502,-0.354
1777414600,981345459,robot_3,4.389,0.068
1777414600,981374784,robot_2,-2.107,0.595
1777414600,981387523,robot_4,0.826,3.404
1777414600,981397495,robot_0,4.588,-3.238
1777414600,981406703,robot_1,3.502,-0.354
1777414601,181797691,robot_3,4.390,0.067
1777414601,181829916,robot_2,-2.103,0.651
1777414601,181844698,robot_4,0.857,3.352
1777414601,181857446,robot_0,4.588,-3.238
1777414601,181868346,robot_1,3.503,-0.354
1777414601,401588194,robot_3,4.390,0.067
1777414601,401626792,robot_2,-2.103,0.713
1777414601,401643766,robot_4,0.886,3.297
1777414601,401656796,robot_0,4.588,-3.238
1777414601,401669099,robot_1,3.503,-0.353
1777414601,621345385,robot_3,4.390,0.066
1777414601,621377807,robot_2,-2.108,0.774
1777414601,621387895,robot_4,0.909,3.241
1777414601,621397399,robot_0,4.588,-3.238
1777414601,621406950,robot_1,3.503,-0.353
1777414601,840064856,robot_3,4.391,0.066
1777414601,840080376,robot_2,-2.120,0.835
1777414601,840086913,robot_4,0.926,3.182
1777414601,840092370,robot_0,4.588,-3.237
1777414601,840097294,robot_1,3.504,-0.353
1777414602,40938907,robot_3,4.391,0.066
1777414602,40968978,robot_2,-2.135,0.889
1777414602,40977728,robot_4,0.936,3.128
1777414602,40984789,robot_0,4.589,-3.237
1777414602,40990754,robot_1,3.504,-0.352
1777414602,241173937,robot_3,4.391,0.066
1777414602,241201359,robot_2,-2.155,0.941
1777414602,241210799,robot_4,0.941,3.072
1777414602,241218925,robot_0,4.589,-3.237
1777414602,241226341,robot_1,3.504,-0.352
1777414602,441530756,robot_3,4.392,0.066
1777414602,441556388,robot_2,-2.175,0.984
1777414602,441566970,robot_4,0.940,3.017
1777414602,441575136,robot_0,4.589,-3.237
1777414602,441583468,robot_1,3.504,-0.352
1777414602,660086068,robot_3,4.392,0.066
1777414602,660103115,robot_2,-2.196,1.023
1777414602,660109675,robot_4,0.933,2.962
1777414602,660115235,robot_0,4.589,-3.237
1777414602,660120011,robot_1,3.504,-0.352
1777414602,861826442,robot_3,4.392,0.066
1777414602,861850688,robot_2,-2.215,1.058
1777414602,861862115,robot_4,0.926,2.922
1777414602,861871946,robot_0,4.589,-3.237
1777414602,861882563,robot_1,3.504,-0.352
1777414603,81625050,robot_3,4.392,0.066
1777414603,81650349,robot_2,-2.231,1.087
1777414603,81657623,robot_4,0.916,2.880
1777414603,81663772,robot_0,4.589,-3.237
1777414603,81668538,robot_1,3.503,-0.353
1777414603,301402293,robot_3,4.391,0.066
1777414603,301424780,robot_2,-2.245,1.111
1777414603,301434736,robot_4,0.908,2.845
1777414603,301442972,robot_0,4.589,-3.237
1777414603,301449947,robot_1,3.503,-0.353
1777414603,501601487,robot_3,4.391,0.066
1777414603,501620636,robot_2,-2.261,1.131
1777414603,501627202,robot_4,0.902,2.820
1777414603,501632893,robot_0,4.588,-3.237
1777414603,501637962,robot_1,3.502,-0.353
1777414603,721560822,robot_3,4.391,0.066
1777414603,721586495,robot_2,-2.280,1.151
1777414603,721593686,robot_4,0.892,2.793
1777414603,721599539,robot_0,4.588,-3.237
1777414603,721605417,robot_1,3.502,-0.353
1777414603,922227724,robot_3,4.390,0.067
1777414603,922263781,robot_2,-2.299,1.168
1777414603,922279471,robot_4,0.880,2.770
1777414603,922293398,robot_0,4.588,-3.238
1777414603,922305350,robot_1,3.501,-0.354
1777414604,140481693,robot_3,4.390,0.067
1777414604,140500004,robot_2,-2.322,1.183
1777414604,140506437,robot_4,0.865,2.746
1777414604,140511826,robot_0,4.588,-3.238
1777414604,140516501,robot_1,3.501,-0.353
1777414604,341258122,robot_3,4.390,0.068
1777414604,341291538,robot_2,-2.344,1.196
1777414604,341303369,robot_4,0.850,2.725
1777414604,341310593,robot_0,4.587,-3.238
1777414604,341316786,robot_1,3.500,-0.353
1777414604,541729447,robot_3,4.390,0.068
1777414604,541753194,robot_2,-2.382,1.211
1777414604,541763081,robot_4,0.832,2.706
1777414604,541770991,robot_0,4.587,-3.238
1777414604,541778457,robot_1,3.500,-0.353
1777414604,759970240,robot_3,4.390,0.069
1777414604,759987247,robot_2,-2.447,1.234
1777414604,759993449,robot_4,0.802,2.681
1777414604,759999146,robot_0,4.587,-3.238
1777414604,760004302,robot_1,3.500,-0.353
1777414604,961004737,robot_3,4.390,0.069
1777414604,961028347,robot_2,-2.501,1.256
1777414604,961035718,robot_4,0.745,2.638
1777414604,961041495,robot_0,4.586,-3.238
1777414604,961046523,robot_1,3.500,-0.353
1777414605,162819699,robot_3,4.390,0.069
1777414605,162855459,robot_2,-2.554,1.282
1777414605,162874754,robot_4,0.708,2.610
1777414605,162891365,robot_0,4.586,-3.238
1777414605,162906500,robot_1,3.500,-0.353
1777414605,381471439,robot_3,4.390,0.069
1777414605,381493335,robot_2,-2.608,1.316
1777414605,381502685,robot_4,0.673,2.584
1777414605,381509980,robot_0,4.586,-3.238
1777414605,381516749,robot_1,3.500,-0.353
1777414605,600950221,robot_3,4.390,0.069
1777414605,600976320,robot_2,-2.659,1.355
1777414605,600983526,robot_4,0.636,2.557
1777414605,600990017,robot_0,4.586,-3.238
1777414605,600995837,robot_1,3.500,-0.353
1777414605,820149819,robot_3,4.390,0.069
1777414605,820173222,robot_2,-2.707,1.398
1777414605,820180184,robot_4,0.571,2.509
1777414605,820185312,robot_0,4.587,-3.238
1777414605,820190095,robot_1,3.499,-0.352
1777414606,21550292,robot_3,4.390,0.068
1777414606,21574778,robot_2,-2.739,1.432
1777414606,21585014,robot_4,0.513,2.466
1777414606,21592867,robot_0,4.587,-3.238
1777414606,21599969,robot_1,3.499,-0.352
1777414606,242070230,robot_3,4.390,0.068
1777414606,242098214,robot_2,-2.740,1.432
1777414606,242110700,robot_4,0.455,2.423
1777414606,242120485,robot_0,4.587,-3.238
1777414606,242129198,robot_1,3.499,-0.351
1777414606,460810437,robot_3,4.390,0.067
1777414606,460842261,robot_2,-2.740,1.432
1777414606,460853722,robot_4,0.420,2.397
1777414606,460863787,robot_0,4.587,-3.237
1777414606,460872973,robot_1,3.499,-0.351
1777414606,681546849,robot_3,4.391,0.067
1777414606,681571546,robot_2,-2.741,1.432
1777414606,681581616,robot_4,0.385,2.371
1777414606,681590414,robot_0,4.588,-3.237
1777414606,681598355,robot_1,3.499,-0.350
1777414606,882456183,robot_3,4.391,0.067
1777414606,882487399,robot_2,-2.741,1.432
1777414606,882505263,robot_4,0.349,2.345
1777414606,882516754,robot_0,4.588,-3.237
1777414606,882528466,robot_1,3.499,-0.350
1777414607,101048493,robot_3,4.391,0.067
1777414607,101073648,robot_2,-2.742,1.432
1777414607,101080875,robot_4,0.306,2.312
1777414607,101086030,robot_0,4.588,-3.237
1777414607,101090674,robot_1,3.499,-0.350
1777414607,302264083,robot_3,4.392,0.067
1777414607,302281313,robot_2,-2.742,1.432
1777414607,302288402,robot_4,0.246,2.268
1777414607,302293802,robot_0,4.588,-3.236
1777414607,302299136,robot_1,3.499,-0.350
1777414607,521968601,robot_3,4.392,0.067
1777414607,521990377,robot_2,-2.742,1.432
1777414607,521998721,robot_4,0.196,2.231
1777414607,522006175,robot_0,4.588,-3.236
1777414607,522013603,robot_1,3.499,-0.350
1777414607,741045746,robot_3,4.392,0.067
1777414607,741062118,robot_2,-2.743,1.433
1777414607,741069034,robot_4,0.160,2.205
1777414607,741074618,robot_0,4.588,-3.236
1777414607,741079909,robot_1,3.499,-0.350
1777414607,961864886,robot_3,4.392,0.067
1777414607,961885450,robot_2,-2.743,1.433
1777414607,961893375,robot_4,0.125,2.179
1777414607,961899579,robot_0,4.588,-3.236
1777414607,961904783,robot_1,3.499,-0.350
1777414608,181655122,robot_3,4.392,0.067
1777414608,181684180,robot_2,-2.743,1.433
1777414608,181694378,robot_4,0.098,2.158
1777414608,181702148,robot_0,4.588,-3.236
1777414608,181710579,robot_1,3.499,-0.351
1777414608,401536623,robot_3,4.392,0.067
1777414608,401563261,robot_2,-2.743,1.433
1777414608,401571071,robot_4,0.074,2.141
1777414608,401577021,robot_0,4.588,-3.236
1777414608,401583058,robot_1,3.499,-0.351
1777414608,622071390,robot_3,4.391,0.067
1777414608,622097580,robot_2,-2.743,1.433
1777414608,622109535,robot_4,0.050,2.123
1777414608,622119278,robot_0,4.588,-3.237
1777414608,622128435,robot_1,3.499,-0.351
1777414608,842312074,robot_3,4.391,0.067
1777414608,842349009,robot_2,-2.743,1.434
1777414608,842362995,robot_4,0.014,2.097
1777414608,842375934,robot_0,4.587,-3.237
1777414608,842387010,robot_1,3.500,-0.352
1777414609,61923324,robot_3,4.390,0.068
1777414609,61951740,robot_2,-2.743,1.434
1777414609,61964562,robot_4,-0.021,2.070
1777414609,61973830,robot_0,4.587,-3.237
1777414609,61981936,robot_1,3.500,-0.352
1777414609,262354604,robot_3,4.390,0.068
1777414609,262379967,robot_2,-2.743,1.435
1777414609,262391730,robot_4,-0.060,2.041
1777414609,262400550,robot_0,4.587,-3.237
1777414609,262409490,robot_1,3.500,-0.352
1777414609,481611332,robot_3,4.390,0.069
1777414609,481631566,robot_2,-2.743,1.435
1777414609,481638544,robot_4,-0.115,2.004
1777414609,481644776,robot_0,4.587,-3.237
1777414609,481650429,robot_1,3.501,-0.353
1777414609,682252222,robot_3,4.390,0.069
1777414609,682270465,robot_2,-2.743,1.436
1777414609,682277397,robot_4,-0.163,1.976
1777414609,682283665,robot_0,4.586,-3.237
1777414609,682289420,robot_1,3.501,-0.353
1777414609,901205391,robot_3,4.390,0.070
1777414609,901238026,robot_2,-2.743,1.436
1777414609,901250843,robot_4,-0.219,1.951
1777414609,901261866,robot_0,4.586,-3.237
1777414609,901271806,robot_1,3.501,-0.353
1777414610,120236453,robot_3,4.390,0.070
1777414610,120253614,robot_2,-2.742,1.436
1777414610,120260855,robot_4,-0.277,1.932
1777414610,120266295,robot_0,4.586,-3.237
1777414610,120271726,robot_1,3.501,-0.353
1777414610,321369545,robot_3,4.390,0.070
1777414610,321387569,robot_2,-2.742,1.437
1777414610,321395821,robot_4,-0.331,1.920
1777414610,321401874,robot_0,4.586,-3.237
1777414610,321407341,robot_1,3.501,-0.353
1777414610,540473097,robot_3,4.390,0.070
1777414610,540491799,robot_2,-2.742,1.436
1777414610,540500584,robot_4,-0.392,1.914
1777414610,540508409,robot_0,4.585,-3.237
1777414610,540515931,robot_1,3.502,-0.353
1777414610,742112433,robot_3,4.390,0.070
1777414610,742132034,robot_2,-2.721,1.406
1777414610,742141291,robot_4,-0.449,1.913
1777414610,742148624,robot_0,4.586,-3.237
1777414610,742155288,robot_1,3.502,-0.353
1777414610,961803188,robot_3,4.390,0.069
1777414610,961840400,robot_2,-2.697,1.369
1777414610,961855442,robot_4,-0.523,1.919
1777414610,961863538,robot_0,4.586,-3.237
1777414610,961871082,robot_1,3.502,-0.352
1777414611,162577663,robot_3,4.390,0.069
1777414611,162606919,robot_2,-2.674,1.334
1777414611,162621370,robot_4,-0.568,1.924
1777414611,162633534,robot_0,4.586,-3.237
1777414611,162644252,robot_1,3.503,-0.352
1777414611,382179904,robot_3,4.391,0.068
1777414611,382206578,robot_2,-2.628,1.266
1777414611,382215830,robot_4,-0.612,1.929
1777414611,382224034,robot_0,4.586,-3.237
1777414611,382231486,robot_1,3.503,-0.352
1777414611,582324921,robot_3,4.391,0.068
1777414611,582357267,robot_2,-2.592,1.212
1777414611,582372966,robot_4,-0.652,1.933
1777414611,582385953,robot_0,4.587,-3.237
1777414611,582397485,robot_1,3.503,-0.351
1777414611,800752680,robot_3,4.391,0.068
1777414611,800776452,robot_2,-2.555,1.162
1777414611,800784116,robot_4,-0.711,1.939
1777414611,800789373,robot_0,4.587,-3.237
1777414611,800794447,robot_1,3.504,-0.351
1777414612,21161107,robot_3,4.392,0.068
1777414612,21181227,robot_2,-2.514,1.118
1777414612,21189743,robot_4,-0.765,1.945
1777414612,21197044,robot_0,4.587,-3.237
1777414612,21203269,robot_1,3.504,-0.351
1777414612,221293752,robot_3,4.392,0.067
1777414612,221312216,robot_2,-2.472,1.082
1777414612,221320037,robot_4,-0.810,1.950
1777414612,221326524,robot_0,4.587,-3.236
1777414612,221332224,robot_1,3.504,-0.351
1777414612,423717476,robot_3,4.392,0.067
1777414612,423738280,robot_2,-2.427,1.051
1777414612,423745124,robot_4,-0.850,1.954
1777414612,423750887,robot_0,4.587,-3.236
1777414612,423756650,robot_1,3.504,-0.351
1777414612,641401589,robot_3,4.392,0.067
1777414612,641432607,robot_2,-2.374,1.022
1777414612,641444597,robot_4,-0.893,1.959
1777414612,641454422,robot_0,4.587,-3.236
1777414612,641462129,robot_1,3.504,-0.351
1777414612,841512677,robot_3,4.392,0.067
1777414612,841535938,robot_2,-2.324,1.000
1777414612,841546809,robot_4,-0.934,1.963
1777414612,841555767,robot_0,4.587,-3.236
1777414612,841564537,robot_1,3.503,-0.351
1777414613,41548291,robot_3,4.392,0.067
1777414613,41570920,robot_2,-2.278,0.986
1777414613,41580442,robot_4,-0.976,1.967
1777414613,41587946,robot_0,4.587,-3.236
1777414613,41595552,robot_1,3.503,-0.352
1777414613,261510036,robot_3,4.392,0.067
1777414613,261538638,robot_2,-2.235,0.977
1777414613,261549432,robot_4,-1.018,1.972
1777414613,261557968,robot_0,4.587,-3.236
1777414613,261566028,robot_1,3.503,-0.352
1777414613,462237051,robot_3,4.392,0.068
1777414613,462270693,robot_2,-2.196,0.969
1777414613,462287274,robot_4,-1.056,1.976
1777414613,462301586,robot_0,4.587,-3.236
1777414613,462313058,robot_1,3.502,-0.352
1777414613,682500624,robot_3,4.391,0.068
1777414613,682521088,robot_2,-2.141,0.958
1777414613,682530182,robot_4,-1.100,1.981
1777414613,682538100,robot_0,4.587,-3.236
1777414613,682545470,robot_1,3.502,-0.352
1777414613,901507842,robot_3,4.391,0.068
1777414613,901541772,robot_2,-2.085,0.947
1777414613,901556508,robot_4,-1.144,1.985
1777414613,901567213,robot_0,4.587,-3.237
1777414613,901573948,robot_1,3.501,-0.352
1777414614,102003749,robot_3,4.391,0.069
1777414614,102029266,robot_2,-2.045,0.940
1777414614,102038616,robot_4,-1.187,1.990
1777414614,102046622,robot_0,4.586,-3.237
1777414614,102053551,robot_1,3.501,-0.352
1777414614,321024567,robot_3,4.390,0.069
1777414614,321043327,robot_2,-2.000,0.937
1777414614,321051775,robot_4,-1.233,1.995
1777414614,321057742,robot_0,4.586,-3.237
1777414614,321063826,robot_1,3.500,-0.352
1777414614,521819880,robot_3,4.390,0.070
1777414614,521843912,robot_2,-1.958,0.939
1777414614,521853573,robot_4,-1.263,1.998
1777414614,521861026,robot_0,4.586,-3.237
1777414614,521868232,robot_1,3.500,-0.352
1777414614,722238518,robot_3,4.390,0.070
1777414614,722266480,robot_2,-1.918,0.946
1777414614,722280556,robot_4,-1.300,2.002
1777414614,722290627,robot_0,4.585,-3.237
1777414614,722300021,robot_1,3.500,-0.352
1777414614,922285169,robot_3,4.390,0.071
1777414614,922306144,robot_2,-1.878,0.957
1777414614,922314281,robot_4,-1.340,2.006
1777414614,922321037,robot_0,4.585,-3.237
1777414614,922327285,robot_1,3.500,-0.352
1777414615,140855740,robot_3,4.390,0.071
1777414615,140872240,robot_2,-1.837,0.975
1777414615,140879301,robot_4,-1.384,2.011
1777414615,140884250,robot_0,4.585,-3.237
1777414615,140888921,robot_1,3.500,-0.352
1777414615,361307634,robot_3,4.390,0.071
1777414615,361326955,robot_2,-1.798,0.997
1777414615,361335830,robot_4,-1.442,2.018
1777414615,361342659,robot_0,4.585,-3.237
1777414615,361349916,robot_1,3.500,-0.352
1777414615,562219288,robot_3,4.390,0.071
1777414615,562249636,robot_2,-1.765,1.020
1777414615,562264200,robot_4,-1.497,2.028
1777414615,562274958,robot_0,4.585,-3.237
1777414615,562286415,robot_1,3.501,-0.352
1777414615,780840078,robot_3,4.390,0.070
1777414615,780862303,robot_2,-1.730,1.047
1777414615,780871865,robot_4,-1.555,2.044
1777414615,780878382,robot_0,4.585,-3.237
1777414615,780884394,robot_1,3.501,-0.352
1777414616,236701,robot_3,4.391,0.070
1777414616,254166,robot_2,-1.699,1.070
1777414616,261356,robot_4,-1.612,2.067
1777414616,266666,robot_0,4.585,-3.237
1777414616,271996,robot_1,3.502,-0.352
1777414616,200269110,robot_3,4.391,0.069
1777414616,200284704,robot_2,-1.681,1.084
1777414616,200291250,robot_4,-1.660,2.094
1777414616,200296468,robot_0,4.585,-3.237
1777414616,200301181,robot_1,3.502,-0.352
1777414616,400522904,robot_3,4.391,0.069
1777414616,400538440,robot_2,-1.664,1.097
1777414616,400545128,robot_4,-1.706,2.124
1777414616,400550491,robot_0,4.586,-3.237
1777414616,400555422,robot_1,3.502,-0.351
1777414616,601607007,robot_3,4.391,0.069
1777414616,601637602,robot_2,-1.646,1.109
1777414616,601656086,robot_4,-1.749,2.160
1777414616,601671876,robot_0,4.586,-3.237
1777414616,601687019,robot_1,3.503,-0.351
1777414616,820222417,robot_3,4.392,0.068
1777414616,820240091,robot_2,-1.625,1.120
1777414616,820246918,robot_4,-1.774,2.184
1777414616,820253018,robot_0,4.586,-3.236
1777414616,820258877,robot_1,3.503,-0.351
1777414617,21462602,robot_3,4.392,0.068
1777414617,21483587,robot_2,-1.606,1.128
1777414617,21492408,robot_4,-1.774,2.184
1777414617,21498802,robot_0,4.586,-3.236
1777414617,21504966,robot_1,3.503,-0.350
1777414617,241306429,robot_3,4.392,0.068
1777414617,241334087,robot_2,-1.584,1.136
1777414617,241343084,robot_4,-1.774,2.184
1777414617,241350330,robot_0,4.586,-3.236
1777414617,241357070,robot_1,3.503,-0.350
1777414617,460648285,robot_3,4.393,0.068
1777414617,460669090,robot_2,-1.561,1.141
1777414617,460676201,robot_4,-1.774,2.184
1777414617,460681886,robot_0,4.586,-3.236
1777414617,460687316,robot_1,3.503,-0.349
1777414617,681775338,robot_3,4.393,0.068
1777414617,681791114,robot_2,-1.538,1.144
1777414617,681798095,robot_4,-1.774,2.185
1777414617,681803846,robot_0,4.586,-3.235
1777414617,681808814,robot_1,3.503,-0.349
1777414617,901852690,robot_3,4.393,0.068
1777414617,901880554,robot_2,-1.499,1.144
1777414617,901891804,robot_4,-1.774,2.185
1777414617,901900248,robot_0,4.586,-3.235
1777414617,901908769,robot_1,3.503,-0.349
1777414618,102073932,robot_3,4.393,0.068
1777414618,102105472,robot_2,-1.459,1.144
1777414618,102118680,robot_4,-1.774,2.186
1777414618,102128737,robot_0,4.586,-3.235
1777414618,102139547,robot_1,3.502,-0.348
1777414618,320026846,robot_3,4.393,0.068
1777414618,320043065,robot_2,-1.415,1.143
1777414618,320049573,robot_4,-1.774,2.186
1777414618,320054567,robot_0,4.586,-3.236
1777414618,320059498,robot_1,3.502,-0.348
1777414618,520297857,robot_3,4.393,0.068
1777414618,520316034,robot_2,-1.375,1.143
1777414618,520322569,robot_4,-1.774,2.187
1777414618,520328094,robot_0,4.586,-3.236
1777414618,520333217,robot_1,3.502,-0.348
1777414618,739823949,robot_3,4.394,0.068
1777414618,739846774,robot_2,-1.331,1.138
1777414618,739853604,robot_4,-1.774,2.187
1777414618,739858883,robot_0,4.586,-3.236
1777414618,739863520,robot_1,3.500,-0.351
1777414618,940171405,robot_3,4.394,0.068
1777414618,940193268,robot_2,-1.291,1.130
1777414618,940200872,robot_4,-1.774,2.187
1777414618,940205779,robot_0,4.586,-3.236
1777414618,940210584,robot_1,3.481,-0.386
1777414619,141455308,robot_3,4.395,0.069
1777414619,141496888,robot_2,-1.253,1.117
1777414619,141512946,robot_4,-1.774,2.187
1777414619,141525134,robot_0,4.586,-3.236
1777414619,141536468,robot_1,3.463,-0.421
1777414619,341452744,robot_3,4.395,0.069
1777414619,341483763,robot_2,-1.217,1.100
1777414619,341496673,robot_4,-1.774,2.187
1777414619,341508503,robot_0,4.585,-3.237
1777414619,341521554,robot_1,3.442,-0.460
1777414619,561539421,robot_3,4.395,0.069
1777414619,561563627,robot_2,-1.179,1.077
1777414619,561573278,robot_4,-1.774,2.187
1777414619,561581759,robot_0,4.585,-3.237
1777414619,561590056,robot_1,3.410,-0.521
1777414619,781347693,robot_3,4.395,0.070
1777414619,781382235,robot_2,-1.145,1.049
1777414619,781395171,robot_4,-1.775,2.188
1777414619,781404940,robot_0,4.585,-3.237
1777414619,781414857,robot_1,3.383,-0.573
1777414620,237375,robot_3,4.395,0.070
1777414620,256796,robot_2,-1.119,1.023
1777414620,264089,robot_4,-1.775,2.188
1777414620,269656,robot_0,4.584,-3.237
1777414620,275184,robot_1,3.361,-0.625
1777414620,200509732,robot_3,4.395,0.071
1777414620,200532771,robot_2,-1.096,0.997
1777414620,200540051,robot_4,-1.776,2.188
1777414620,200545697,robot_0,4.584,-3.236
1777414620,200551309,robot_1,3.347,-0.668
1777414620,401534210,robot_3,4.395,0.071
1777414620,401560490,robot_2,-1.070,0.966
1777414620,401572449,robot_4,-1.776,2.188
1777414620,401582077,robot_0,4.584,-3.236
1777414620,401590857,robot_1,3.338,-0.707
1777414620,621094580,robot_3,4.395,0.071
1777414620,621118029,robot_2,-1.041,0.933
1777414620,621127346,robot_4,-1.776,2.188
1777414620,621135078,robot_0,4.584,-3.236
1777414620,621141937,robot_1,3.329,-0.750
1777414620,821623756,robot_3,4.395,0.071
1777414620,821641658,robot_2,-1.017,0.905
1777414620,821650338,robot_4,-1.777,2.188
1777414620,821657972,robot_0,4.584,-3.237
1777414620,821664894,robot_1,3.325,-0.771
1777414621,41210968,robot_3,4.395,0.071
1777414621,41235296,robot_2,-0.991,0.875
1777414621,41246767,robot_4,-1.777,2.187
1777414621,41255412,robot_0,4.585,-3.236
1777414621,41263721,robot_1,3.325,-0.771
1777414621,261525167,robot_3,4.395,0.072
1777414621,261553439,robot_2,-0.948,0.825
1777414621,261562417,robot_4,-1.778,2.187
1777414621,261569658,robot_0,4.585,-3.236
1777414621,261576202,robot_1,3.326,-0.771
1777414621,480315920,robot_3,4.395,0.072
1777414621,480334934,robot_2,-0.914,0.785
1777414621,480341588,robot_4,-1.768,2.176
1777414621,480347051,robot_0,4.585,-3.236
1777414621,480352685,robot_1,3.326,-0.772
1777414621,682061514,robot_3,4.394,0.072
1777414621,682091097,robot_2,-0.887,0.755
1777414621,682100667,robot_4,-1.742,2.146
1777414621,682108776,robot_0,4.585,-3.236
1777414621,682116246,robot_1,3.326,-0.772
1777414621,901232583,robot_3,4.394,0.073
1777414621,901260476,robot_2,-0.859,0.722
1777414621,901269898,robot_4,-1.713,2.112
1777414621,901278391,robot_0,4.585,-3.236
1777414621,901285630,robot_1,3.327,-0.773
1777414622,121343500,robot_3,4.394,0.073
1777414622,121370746,robot_2,-0.813,0.669
1777414622,121381910,robot_4,-1.686,2.082
1777414622,121391004,robot_0,4.586,-3.236
1777414622,121400308,robot_1,3.327,-0.773
1777414622,340883895,robot_3,4.393,0.073
1777414622,340905887,robot_2,-0.763,0.615
1777414622,340912271,robot_4,-1.661,2.053
1777414622,340917632,robot_0,4.586,-3.235
1777414622,340922856,robot_1,3.327,-0.774
1777414622,560624725,robot_3,4.393,0.073
1777414622,560650591,robot_2,-0.710,0.563
1777414622,560658280,robot_4,-1.634,2.024
1777414622,560664064,robot_0,4.586,-3.235
1777414622,560669297,robot_1,3.327,-0.774
1777414622,779809075,robot_3,4.393,0.073
1777414622,779826493,robot_2,-0.655,0.514
1777414622,779833100,robot_4,-1.605,1.998
1777414622,779838844,robot_0,4.586,-3.235
1777414622,779844460,robot_1,3.327,-0.774
1777414622,980420021,robot_3,4.393,0.073
1777414622,980443348,robot_2,-0.601,0.469
1777414622,980453860,robot_4,-1.576,1.978
1777414622,980462842,robot_0,4.586,-3.235
1777414622,980471322,robot_1,3.327,-0.775
1777414623,181517632,robot_3,4.393,0.073
1777414623,181542896,robot_2,-0.547,0.424
1777414623,181550987,robot_4,-1.545,1.961
1777414623,181557567,robot_0,4.586,-3.235
1777414623,181562845,robot_1,3.327,-0.775
1777414623,401326561,robot_3,4.392,0.073
1777414623,401350877,robot_2,-0.512,0.397
1777414623,401361489,robot_4,-1.508,1.947
1777414623,401379620,robot_0,4.586,-3.235
1777414623,401393254,robot_1,3.327,-0.775
1777414623,601406760,robot_3,4.392,0.073
1777414623,601438817,robot_2,-0.481,0.372
1777414623,601452879,robot_4,-1.474,1.938
1777414623,601465409,robot_0,4.586,-3.235
1777414623,601476359,robot_1,3.326,-0.775
1777414623,821403001,robot_3,4.391,0.072
1777414623,821435661,robot_2,-0.453,0.349
1777414623,821447741,robot_4,-1.434,1.932
1777414623,821457400,robot_0,4.585,-3.236
1777414623,821466298,robot_1,3.326,-0.775
1777414624,41369128,robot_3,4.391,0.072
1777414624,41395823,robot_2,-0.434,0.333
1777414624,41407283,robot_4,-1.390,1.930
1777414624,41417086,robot_0,4.585,-3.236
1777414624,41426623,robot_1,3.326,-0.776
1777414624,261752610,robot_3,4.391,0.072
1777414624,261771715,robot_2,-0.382,0.291
1777414624,261780384,robot_4,-1.346,1.930
1777414624,261786952,robot_0,4.585,-3.236
1777414624,261793526,robot_1,3.325,-0.776
1777414624,481929988,robot_3,4.391,0.071
1777414624,481973870,robot_2,-0.340,0.258
1777414624,481993699,robot_4,-1.291,1.929
1777414624,482011036,robot_0,4.584,-3.236
1777414624,482032099,robot_1,3.325,-0.776
1777414624,701443131,robot_3,4.390,0.071
1777414624,701469354,robot_2,-0.306,0.230
1777414624,701484025,robot_4,-1.222,1.928
1777414624,701495096,robot_0,4.584,-3.236
1777414624,701503868,robot_1,3.324,-0.776
1777414624,920178908,robot_3,4.390,0.070
1777414624,920197839,robot_2,-0.272,0.202
1777414624,920204818,robot_4,-1.194,1.927
1777414624,920209979,robot_0,4.584,-3.236
1777414624,920215126,robot_1,3.324,-0.776
1777414625,120262600,robot_3,4.390,0.070
1777414625,120279572,robot_2,-0.246,0.182
1777414625,120285974,robot_4,-1.172,1.929
1777414625,120291361,robot_0,4.583,-3.236
1777414625,120296323,robot_1,3.323,-0.776
1777414625,320346631,robot_3,4.390,0.070
1777414625,320364087,robot_2,-0.219,0.164
1777414625,320371199,robot_4,-1.151,1.933
1777414625,320377314,robot_0,4.583,-3.236
1777414625,320382652,robot_1,3.323,-0.776
1777414625,521152252,robot_3,4.390,0.070
1777414625,521170114,robot_2,-0.191,0.149
1777414625,521176967,robot_4,-1.130,1.939
1777414625,521182577,robot_0,4.583,-3.236
1777414625,521187831,robot_1,3.323,-0.776
1777414625,740537819,robot_3,4.391,0.071
1777414625,740557591,robot_2,-0.157,0.137
1777414625,740565397,robot_4,-1.108,1.948
1777414625,740572273,robot_0,4.583,-3.236
1777414625,740578728,robot_1,3.323,-0.776
1777414625,941010062,robot_3,4.391,0.071
1777414625,941034266,robot_2,-0.125,0.130
1777414625,941041591,robot_4,-1.088,1.959
1777414625,941047741,robot_0,4.584,-3.236
1777414625,941052580,robot_1,3.323,-0.776
1777414626,161032416,robot_3,4.391,0.072
1777414626,161050814,robot_2,-0.090,0.127
1777414626,161057500,robot_4,-1.069,1.973
1777414626,161063198,robot_0,4.584,-3.236
1777414626,161067866,robot_1,3.323,-0.776
1777414626,381734499,robot_3,4.391,0.072
1777414626,381753276,robot_2,-0.054,0.129
1777414626,381761126,robot_4,-1.038,2.000
1777414626,381767505,robot_0,4.584,-3.236
1777414626,381773094,robot_1,3.322,-0.775
1777414626,581980334,robot_3,4.392,0.072
1777414626,582028726,robot_2,-0.029,0.134
1777414626,582058454,robot_4,-1.008,2.027
1777414626,582071787,robot_0,4.584,-3.236
1777414626,582083253,robot_1,3.322,-0.775
1777414626,800705161,robot_3,4.392,0.073
1777414626,800721830,robot_2,0.000,0.142
1777414626,800736759,robot_4,-0.976,2.058
1777414626,800743237,robot_0,4.585,-3.236
1777414626,800749290,robot_1,3.322,-0.774
1777414627,20262308,robot_3,4.393,0.073
1777414627,20279884,robot_2,0.043,0.153
1777414627,20286649,robot_4,-0.938,2.094
1777414627,20292083,robot_0,4.585,-3.235
1777414627,20296915,robot_1,3.322,-0.774
1777414627,241277885,robot_3,4.393,0.073
1777414627,241299209,robot_2,0.085,0.165
1777414627,241308058,robot_4,-0.886,2.143
1777414627,241315316,robot_0,4.585,-3.235
1777414627,241322639,robot_1,3.322,-0.773
1777414627,441811497,robot_3,4.394,0.073
1777414627,441831347,robot_2,0.134,0.179
1777414627,441837968,robot_4,-0.836,2.191
1777414627,441844042,robot_0,4.585,-3.235
1777414627,441849027,robot_1,3.322,-0.773
1777414627,642346965,robot_3,4.394,0.073
1777414627,642377495,robot_2,0.190,0.194
1777414627,642387697,robot_4,-0.807,2.218
1777414627,642395727,robot_0,4.585,-3.235
1777414627,642403883,robot_1,3.325,-0.774
1777414627,861590749,robot_3,4.394,0.073
1777414627,861617685,robot_2,0.221,0.203
1777414627,861630477,robot_4,-0.775,2.248
1777414627,861641092,robot_0,4.585,-3.235
1777414627,861650672,robot_1,3.366,-0.789
1777414628,61799428,robot_3,4.394,0.073
1777414628,61824373,robot_2,0.256,0.212
1777414628,61834727,robot_4,-0.745,2.276
1777414628,61843311,robot_0,4.585,-3.235
1777414628,61852631,robot_1,3.404,-0.803
1777414628,262587451,robot_3,4.394,0.073
1777414628,262618980,robot_2,0.294,0.223
1777414628,262629412,robot_4,-0.713,2.304
1777414628,262638462,robot_0,4.585,-3.235
1777414628,262646414,robot_1,3.435,-0.814
1777414628,480618107,robot_3,4.394,0.073
1777414628,480639624,robot_2,0.337,0.235
1777414628,480646366,robot_4,-0.675,2.331
1777414628,480652550,robot_0,4.585,-3.235
1777414628,480658647,robot_1,3.435,-0.814
1777414628,681834235,robot_3,4.395,0.072
1777414628,681855516,robot_2,0.393,0.250
1777414628,681865228,robot_4,-0.636,2.349
1777414628,681873017,robot_0,4.585,-3.235
1777414628,681880732,robot_1,3.435,-0.814
1777414628,901275451,robot_3,4.395,0.072
1777414628,901303826,robot_2,0.457,0.264
1777414628,901315583,robot_4,-0.591,2.361
1777414628,901324594,robot_0,4.584,-3.235
1777414628,901332785,robot_1,3.435,-0.814
1777414629,101622071,robot_3,4.395,0.072
1777414629,101654250,robot_2,0.516,0.273
1777414629,101663646,robot_4,-0.549,2.366
1777414629,101670056,robot_0,4.584,-3.236
1777414629,101675975,robot_1,3.435,-0.814
1777414629,321343628,robot_3,4.396,0.071
1777414629,321367418,robot_2,0.581,0.277
1777414629,321377127,robot_4,-0.503,2.364
1777414629,321384584,robot_0,4.584,-3.236
1777414629,321392419,robot_1,3.435,-0.813
1777414629,541610629,robot_3,4.396,0.071
1777414629,541634019,robot_2,0.647,0.276
1777414629,541643727,robot_4,-0.454,2.352
1777414629,541652417,robot_0,4.583,-3.236
1777414629,541659555,robot_1,3.435,-0.813
1777414629,741764483,robot_3,4.396,0.070
1777414629,741796054,robot_2,0.706,0.270
1777414629,741809160,robot_4,-0.389,2.329
1777414629,741818865,robot_0,4.583,-3.236
1777414629,741828845,robot_1,3.436,-0.813
1777414629,942258833,robot_3,4.396,0.070
1777414629,942301434,robot_2,0.739,0.264
1777414629,942322101,robot_4,-0.324,2.303
1777414629,942340362,robot_0,4.583,-3.236
1777414629,942357418,robot_1,3.436,-0.813
1777414630,161791401,robot_3,4.396,0.070
1777414630,161811767,robot_2,0.777,0.255
1777414630,161819271,robot_4,-0.253,2.273
1777414630,161825534,robot_0,4.583,-3.236
1777414630,161831591,robot_1,3.437,-0.813
1777414630,381029379,robot_3,4.396,0.070
1777414630,381061843,robot_2,0.820,0.244
1777414630,381075705,robot_4,-0.183,2.240
1777414630,381087671,robot_0,4.583,-3.236
1777414630,381099238,robot_1,3.437,-0.813
1777414630,600940706,robot_3,4.396,0.069
1777414630,600962944,robot_2,0.863,0.234
1777414630,600973118,robot_4,-0.114,2.206
1777414630,600981070,robot_0,4.583,-3.236
1777414630,600988676,robot_1,3.438,-0.813
1777414630,801594569,robot_3,4.396,0.069
1777414630,801616259,robot_2,0.921,0.220
1777414630,801625715,robot_4,-0.053,2.173
1777414630,801633263,robot_0,4.583,-3.236
1777414630,801640302,robot_1,3.438,-0.813
1777414631,1632158,robot_3,4.396,0.069
1777414631,1653422,robot_2,0.977,0.206
1777414631,1660708,robot_4,0.008,2.139
1777414631,1666075,robot_0,4.583,-3.236
1777414631,1671658,robot_1,3.438,-0.813
1777414631,201735304,robot_3,4.395,0.068
1777414631,201762128,robot_2,1.019,0.196
1777414631,201768652,robot_4,0.044,2.117
1777414631,201774193,robot_0,4.583,-3.236
1777414631,201779237,robot_1,3.438,-0.813
1777414631,421593784,robot_3,4.395,0.068
1777414631,421614721,robot_2,1.062,0.186
1777414631,421622612,robot_4,0.082,2.094
1777414631,421630018,robot_0,4.584,-3.235
1777414631,421636501,robot_1,3.438,-0.813
1777414631,641905334,robot_3,4.394,0.068
1777414631,641932790,robot_2,1.105,0.175
1777414631,641944048,robot_4,0.125,2.068
1777414631,641952222,robot_0,4.584,-3.235
1777414631,641961109,robot_1,3.439,-0.813
1777414631,860779320,robot_3,4.394,0.067
1777414631,860798106,robot_2,1.150,0.164
1777414631,860805603,robot_4,0.187,2.028
1777414631,860811707,robot_0,4.584,-3.235
1777414631,860817588,robot_1,3.439,-0.814
1777414632,80228167,robot_3,4.393,0.067
1777414632,80247264,robot_2,1.210,0.150
1777414632,80253927,robot_4,0.247,1.986
1777414632,80259157,robot_0,4.584,-3.235
1777414632,80264453,robot_1,3.439,-0.814
1777414632,282387790,robot_3,4.393,0.067
1777414632,282406285,robot_2,1.277,0.133
1777414632,282413233,robot_4,0.300,1.945
1777414632,282419279,robot_0,4.584,-3.234
1777414632,282424844,robot_1,3.439,-0.814
1777414632,501514227,robot_3,4.393,0.067
1777414632,501534766,robot_2,1.347,0.116
1777414632,501541985,robot_4,0.356,1.897
1777414632,501547766,robot_0,4.584,-3.234
1777414632,501553647,robot_1,3.439,-0.815
1777414632,701887957,robot_3,4.393,0.067
1777414632,701918950,robot_2,1.386,0.107
1777414632,701928809,robot_4,0.405,1.852
1777414632,701937083,robot_0,4.584,-3.234
1777414632,701944550,robot_1,3.439,-0.815
1777414632,920208785,robot_3,4.393,0.067
1777414632,920227658,robot_2,1.429,0.097
1777414632,920234234,robot_4,0.457,1.800
1777414632,920239836,robot_0,4.584,-3.234
1777414632,920244652,robot_1,3.439,-0.816
1777414633,141054405,robot_3,4.392,0.067
1777414633,141074819,robot_2,1.476,0.085
1777414633,141083147,robot_4,0.503,1.749
1777414633,141089428,robot_0,4.584,-3.234
1777414633,141095696,robot_1,3.439,-0.816
1777414633,361362193,robot_3,4.392,0.068
1777414633,361396855,robot_2,1.528,0.072
1777414633,361411425,robot_4,0.532,1.715
1777414633,361422876,robot_0,4.584,-3.234
1777414633,361433933,robot_1,3.439,-0.816
1777414633,562421897,robot_3,4.391,0.068
1777414633,562445542,robot_2,1.596,0.056
1777414633,562455124,robot_4,0.557,1.684
1777414633,562462477,robot_0,4.584,-3.235
1777414633,562470372,robot_1,3.439,-0.816
1777414633,782057741,robot_3,4.391,0.068
1777414633,782087522,robot_2,1.651,0.043
1777414633,782098047,robot_4,0.585,1.650
1777414633,782106764,robot_0,4.584,-3.235
1777414633,782114407,robot_1,3.439,-0.817
1777414634,2002896,robot_3,4.391,0.069
1777414634,2032076,robot_2,1.693,0.033
1777414634,2040077,robot_4,0.612,1.617
1777414634,2046431,robot_0,4.584,-3.235
1777414634,2052812,robot_1,3.439,-0.817
1777414634,220782577,robot_3,4.391,0.069
1777414634,220799635,robot_2,1.736,0.022
1777414634,220806297,robot_4,0.633,1.593
1777414634,220811910,robot_0,4.583,-3.235
1777414634,220817260,robot_1,3.438,-0.817
1777414634,442896767,robot_3,4.390,0.070
1777414634,442919068,robot_2,1.786,0.010
1777414634,442925653,robot_4,0.655,1.571
1777414634,442931240,robot_0,4.583,-3.235
1777414634,442936545,robot_1,3.438,-0.818
1777414634,661685891,robot_3,4.390,0.070
1777414634,661712656,robot_2,1.841,-0.003
1777414634,661724750,robot_4,0.679,1.551
1777414634,661735896,robot_0,4.583,-3.235
1777414634,661746456,robot_1,3.437,-0.818
1777414634,861686586,robot_3,4.391,0.071
1777414634,861711579,robot_2,1.890,-0.018
1777414634,861719422,robot_4,0.703,1.536
1777414634,861725603,robot_0,4.582,-3.235
1777414634,861731721,robot_1,3.437,-0.818
1777414635,63057719,robot_3,4.391,0.071
1777414635,63081270,robot_2,1.936,-0.038
1777414635,63091474,robot_4,0.728,1.523
1777414635,63100534,robot_0,4.582,-3.235
1777414635,63108999,robot_1,3.437,-0.818
1777414635,281641826,robot_3,4.391,0.071
1777414635,281666705,robot_2,1.982,-0.065
1777414635,281678345,robot_4,0.757,1.511
1777414635,281686849,robot_0,4.582,-3.235
1777414635,281695579,robot_1,3.436,-0.818
1777414635,481740967,robot_3,4.391,0.071
1777414635,481764461,robot_2,2.021,-0.096
1777414635,481773790,robot_4,0.785,1.503
1777414635,481781190,robot_0,4.582,-3.235
1777414635,481788792,robot_1,3.436,-0.817
1777414635,700295516,robot_3,4.391,0.070
1777414635,700310986,robot_2,2.058,-0.136
1777414635,700317658,robot_4,0.823,1.495
1777414635,700322577,robot_0,4.582,-3.235
1777414635,700327209,robot_1,3.436,-0.817
1777414635,920993501,robot_3,4.391,0.070
1777414635,921043271,robot_2,2.090,-0.180
1777414635,921065478,robot_4,0.865,1.488
1777414635,921084206,robot_0,4.582,-3.235
1777414635,921101416,robot_1,3.454,-0.783
1777414636,121292336,robot_3,4.391,0.069
1777414636,121318848,robot_2,2.109,-0.216
1777414636,121326956,robot_4,0.904,1.481
1777414636,121333405,robot_0,4.582,-3.235
1777414636,121339655,robot_1,3.473,-0.748
1777414636,321665914,robot_3,4.391,0.069
1777414636,321693280,robot_2,2.125,-0.252
1777414636,321702598,robot_4,0.944,1.474
1777414636,321709903,robot_0,4.583,-3.235
1777414636,321716857,robot_1,3.491,-0.712
1777414636,541045654,robot_3,4.392,0.069
1777414636,541067863,robot_2,2.143,-0.293
1777414636,541076353,robot_4,0.995,1.466
1777414636,541084559,robot_0,4.583,-3.235
1777414636,541091449,robot_1,3.513,-0.673
1777414636,761719939,robot_3,4.392,0.068
1777414636,761744087,robot_2,2.173,-0.361
1777414636,761754228,robot_4,1.049,1.461
1777414636,761762638,robot_0,4.583,-3.235
1777414636,761770606,robot_1,3.537,-0.636
1777414636,982001468,robot_3,4.392,0.068
1777414636,982028234,robot_2,2.205,-0.425
1777414636,982038255,robot_4,1.103,1.461
1777414636,982045374,robot_0,4.583,-3.234
1777414636,982051974,robot_1,3.565,-0.602
1777414637,200857874,robot_3,4.393,0.068
1777414637,200878303,robot_2,2.240,-0.488
1777414637,200886778,robot_4,1.157,1.469
1777414637,200893030,robot_0,4.583,-3.234
1777414637,200898768,robot_1,3.595,-0.569
1777414637,400931433,robot_3,4.393,0.068
1777414637,400949477,robot_2,2.274,-0.543
1777414637,400957035,robot_4,1.205,1.481
1777414637,400962990,robot_0,4.584,-3.234
1777414637,400968854,robot_1,3.625,-0.542
1777414637,601977296,robot_3,4.393,0.068
1777414637,601999226,robot_2,2.312,-0.597
1777414637,602008162,robot_4,1.252,1.498
1777414637,602015260,robot_0,4.584,-3.234
1777414637,602029865,robot_1,3.657,-0.518
1777414637,820896864,robot_3,4.393,0.068
1777414637,820920805,robot_2,2.356,-0.654
1777414637,820932627,robot_4,1.300,1.523
1777414637,820941901,robot_0,4.584,-3.234
1777414637,820950409,robot_1,3.694,-0.494
1777414638,41550182,robot_3,4.393,0.068
1777414638,41581537,robot_2,2.403,-0.708
1777414638,41598659,robot_4,1.340,1.550
1777414638,41611227,robot_0,4.584,-3.234
1777414638,41621970,robot_1,3.731,-0.474
1777414638,261234465,robot_3,4.392,0.068
1777414638,261266962,robot_2,2.436,-0.743
1777414638,261281515,robot_4,1.377,1.577
1777414638,261287431,robot_0,4.584,-3.234
1777414638,261293457,robot_1,3.769,-0.454
1777414638,461361818,robot_3,4.392,0.069
1777414638,461384809,robot_2,2.465,-0.772
1777414638,461392909,robot_4,1.409,1.601
1777414638,461399419,robot_0,4.583,-3.234
1777414638,461405786,robot_1,3.805,-0.435
1777414638,680706162,robot_3,4.391,0.069
1777414638,680724097,robot_2,2.494,-0.807
1777414638,680731059,robot_4,1.444,1.627
1777414638,680737333,robot_0,4.583,-3.234
1777414638,680742388,robot_1,3.844,-0.415
1777414638,901506395,robot_3,4.391,0.069
1777414638,901539289,robot_2,2.516,-0.847
1777414638,901554604,robot_4,1.480,1.654
1777414638,901567565,robot_0,4.583,-3.235
1777414638,901578582,robot_1,3.875,-0.398
1777414639,101915716,robot_3,4.391,0.070
1777414639,101947449,robot_2,2.530,-0.886
1777414639,101961779,robot_4,1.514,1.680
1777414639,101973785,robot_0,4.583,-3.235
1777414639,101985744,robot_1,3.901,-0.381
1777414639,321107349,robot_3,4.391,0.070
1777414639,321135930,robot_2,2.538,-0.930
1777414639,321146441,robot_4,1.571,1.723
1777414639,321154483,robot_0,4.582,-3.235
1777414639,321162706,robot_1,3.928,-0.359
1777414639,521258636,robot_3,4.391,0.071
1777414639,521282618,robot_2,2.539,-0.972
1777414639,521292612,robot_4,1.610,1.752
1777414639,521301422,robot_0,4.582,-3.235
1777414639,521309821,robot_1,3.950,-0.336
1777414639,722402202,robot_3,4.392,0.076
1777414639,722428775,robot_2,2.534,-1.011
1777414639,722441281,robot_4,1.642,1.776
1777414639,722450845,robot_0,4.582,-3.235
1777414639,722460235,robot_1,3.968,-0.311
1777414639,941168093,robot_3,4.399,0.110
1777414639,941190947,robot_2,2.525,-1.054
1777414639,941199836,robot_4,1.677,1.803
1777414639,941207148,robot_0,4.581,-3.235
1777414639,941213579,robot_1,3.984,-0.280
1777414640,141380740,robot_3,4.406,0.149
1777414640,141406658,robot_2,2.513,-1.107
1777414640,141415590,robot_4,1.720,1.835
1777414640,141421887,robot_0,4.581,-3.235
1777414640,141427051,robot_1,3.995,-0.251
1777414640,341393374,robot_3,4.415,0.204
1777414640,341419829,robot_2,2.497,-1.168
1777414640,341428843,robot_4,1.770,1.872
1777414640,341436356,robot_0,4.581,-3.235
1777414640,341443406,robot_1,4.007,-0.223
1777414640,561330029,robot_3,4.416,0.272
1777414640,561347892,robot_2,2.476,-1.232
1777414640,561355096,robot_4,1.836,1.922
1777414640,561360786,robot_0,4.581,-3.235
1777414640,561366254,robot_1,4.018,-0.194
1777414640,782867070,robot_3,4.413,0.313
1777414640,782899442,robot_2,2.450,-1.294
1777414640,782913843,robot_4,1.877,1.953
1777414640,782926386,robot_0,4.581,-3.235
1777414640,782938494,robot_1,4.025,-0.168
1777414641,1231066,robot_3,4.411,0.326
1777414641,1252799,robot_2,2.423,-1.349
1777414641,1262108,robot_4,1.912,1.980
1777414641,1269068,robot_0,4.582,-3.235
1777414641,1275669,robot_1,4.034,-0.142
1777414641,220320880,robot_3,4.413,0.327
1777414641,220337294,robot_2,2.396,-1.395
1777414641,220343813,robot_4,1.948,2.006
1777414641,220355787,robot_0,4.582,-3.235
1777414641,220360684,robot_1,4.047,-0.117
1777414641,420938380,robot_3,4.415,0.328
1777414641,420955872,robot_2,2.376,-1.430
1777414641,420962177,robot_4,1.979,2.030
1777414641,420967578,robot_0,4.582,-3.235
1777414641,420972701,robot_1,4.062,-0.097
1777414641,621610217,robot_3,4.425,0.341
1777414641,621643057,robot_2,2.355,-1.464
1777414641,621656961,robot_4,2.001,2.046
1777414641,621684227,robot_0,4.582,-3.234
1777414641,621697136,robot_1,4.076,-0.086
1777414641,841599787,robot_3,4.440,0.365
1777414641,841617743,robot_2,2.332,-1.502
1777414641,841625358,robot_4,2.019,2.059
1777414641,841630787,robot_0,4.583,-3.234
1777414641,841635888,robot_1,4.090,-0.088
1777414642,60695127,robot_3,4.446,0.376
1777414642,60712573,robot_2,2.308,-1.540
1777414642,60719365,robot_4,2.040,2.068
1777414642,60724309,robot_0,4.583,-3.234
1777414642,60729348,robot_1,4.099,-0.101
1777414642,261754840,robot_3,4.447,0.377
1777414642,261784910,robot_2,2.283,-1.572
1777414642,261799248,robot_4,2.060,2.074
1777414642,261811144,robot_0,4.583,-3.234
1777414642,261821912,robot_1,4.104,-0.106
1777414642,461900542,robot_3,4.447,0.377
1777414642,461927932,robot_2,2.255,-1.601
1777414642,461939992,robot_4,2.080,2.076
1777414642,461949171,robot_0,4.583,-3.233
1777414642,461957284,robot_1,4.104,-0.107
1777414642,680345827,robot_3,4.447,0.377
1777414642,680364031,robot_2,2.221,-1.631
1777414642,680371135,robot_4,2.103,2.076
1777414642,680376462,robot_0,4.583,-3.233
1777414642,680381666,robot_1,4.105,-0.107
1777414642,881229295,robot_3,4.447,0.377
1777414642,881258479,robot_2,2.189,-1.655
1777414642,881268960,robot_4,2.123,2.071
1777414642,881278225,robot_0,4.583,-3.233
1777414642,881286145,robot_1,4.105,-0.107
1777414643,81377940,robot_3,4.447,0.376
1777414643,81399461,robot_2,2.154,-1.676
1777414643,81408334,robot_4,2.150,2.061
1777414643,81415725,robot_0,4.583,-3.233
1777414643,81422140,robot_1,4.105,-0.107
1777414643,301255079,robot_3,4.446,0.376
1777414643,301284619,robot_2,2.116,-1.694
1777414643,301298872,robot_4,2.189,2.040
1777414643,301310724,robot_0,4.583,-3.233
1777414643,301321691,robot_1,4.106,-0.107
1777414643,502028961,robot_3,4.445,0.376
1777414643,502106314,robot_2,2.085,-1.707
1777414643,502133493,robot_4,2.224,2.020
1777414643,502141202,robot_0,4.583,-3.234
1777414643,502147600,robot_1,4.106,-0.107
1777414643,721213879,robot_3,4.445,0.376
1777414643,721243754,robot_2,2.044,-1.723
1777414643,721257108,robot_4,2.251,2.005
1777414643,721268410,robot_0,4.582,-3.234
1777414643,721279586,robot_1,4.107,-0.107
1777414643,940734101,robot_3,4.444,0.376
1777414643,940753682,robot_2,2.003,-1.739
1777414643,940760481,robot_4,2.274,1.992
1777414643,940766060,robot_0,4.582,-3.234
1777414643,940771249,robot_1,4.107,-0.107
1777414644,141940417,robot_3,4.444,0.377
1777414644,141971712,robot_2,1.965,-1.753
1777414644,141997847,robot_4,2.302,1.976
1777414644,142007618,robot_0,4.582,-3.234
1777414644,142024378,robot_1,4.107,-0.106
1777414644,360684150,robot_3,4.444,0.377
1777414644,360710295,robot_2,1.891,-1.782
1777414644,360717485,robot_4,2.339,1.955
1777414644,360722382,robot_0,4.582,-3.234
1777414644,360727039,robot_1,4.107,-0.106
1777414644,581142747,robot_3,4.444,0.378
1777414644,581162404,robot_2,1.825,-1.808
1777414644,581175039,robot_4,2.377,1.933
1777414644,581182658,robot_0,4.581,-3.234
1777414644,581190165,robot_1,4.107,-0.106
1777414644,782118586,robot_3,4.444,0.378
1777414644,782137920,robot_2,1.773,-1.825
1777414644,782146665,robot_4,2.412,1.913
1777414644,782153111,robot_0,4.581,-3.234
1777414644,782160018,robot_1,4.107,-0.106
1777414645,1039987,robot_3,4.444,0.379
1777414645,1063593,robot_2,1.713,-1.838
1777414645,1071631,robot_4,2.469,1.882
1777414645,1078217,robot_0,4.581,-3.234
1777414645,1084313,robot_1,4.108,-0.106
1777414645,221376400,robot_3,4.444,0.379
1777414645,221394109,robot_2,1.652,-1.844
1777414645,221401211,robot_4,2.522,1.858
1777414645,221406913,robot_0,4.580,-3.234
1777414645,221412426,robot_1,4.108,-0.105
1777414645,423645002,robot_3,4.444,0.379
1777414645,423664777,robot_2,1.597,-1.844
1777414645,423671266,robot_4,2.569,1.845
1777414645,423676973,robot_0,4.580,-3.234
1777414645,423681892,robot_1,4.108,-0.105
1777414645,641186338,robot_3,4.444,0.378
1777414645,641221767,robot_2,1.536,-1.838
1777414645,641234887,robot_4,2.593,1.860
1777414645,641246164,robot_0,4.580,-3.234
1777414645,641256694,robot_1,4.108,-0.104
1777414645,861562227,robot_3,4.445,0.395
1777414645,861595729,robot_2,1.476,-1.826
1777414645,861613194,robot_4,2.616,1.872
1777414645,861628402,robot_0,4.581,-3.234
1777414645,861642003,robot_1,4.112,-0.116
1777414646,81202923,robot_3,4.442,0.449
1777414646,81233854,robot_2,1.428,-1.811
1777414646,81248444,robot_4,2.640,1.879
1777414646,81259633,robot_0,4.581,-3.234
1777414646,81271380,robot_1,4.121,-0.136
1777414646,282012530,robot_3,4.438,0.455
1777414646,282042172,robot_2,1.391,-1.796
1777414646,282052122,robot_4,2.657,1.879
1777414646,282059971,robot_0,4.581,-3.234
1777414646,282067451,robot_1,4.120,-0.138
1777414646,482347213,robot_3,4.435,0.453
1777414646,482366448,robot_2,1.354,-1.782
1777414646,482374157,robot_4,2.654,1.881
1777414646,482379783,robot_0,4.581,-3.234
1777414646,482385441,robot_1,4.120,-0.138
1777414646,701461913,robot_3,4.433,0.451
1777414646,701480016,robot_2,1.300,-1.761
1777414646,701487758,robot_4,2.654,1.882
1777414646,701494295,robot_0,4.582,-3.234
1777414646,701499584,robot_1,4.120,-0.138
1777414646,923801580,robot_3,4.431,0.449
1777414646,923820151,robot_2,1.241,-1.743
1777414646,923827223,robot_4,2.653,1.883
1777414646,923832308,robot_0,4.582,-3.234
1777414646,923837367,robot_1,4.119,-0.139
1777414647,141417397,robot_3,4.430,0.446
1777414647,141447352,robot_2,1.181,-1.728
1777414647,141466655,robot_4,2.640,1.895
1777414647,141476818,robot_0,4.582,-3.233
1777414647,141485955,robot_1,4.117,-0.141
1777414647,341973262,robot_3,4.430,0.443
1777414647,342002064,robot_2,1.125,-1.720
1777414647,342011658,robot_4,2.624,1.904
1777414647,342023585,robot_0,4.582,-3.233
1777414647,342030741,robot_1,4.116,-0.143
1777414647,562016294,robot_3,4.430,0.441
1777414647,562044293,robot_2,1.064,-1.715
1777414647,562052739,robot_4,2.607,1.911
1777414647,562059948,robot_0,4.582,-3.233
1777414647,562066774,robot_1,4.115,-0.145
1777414647,762997611,robot_3,4.431,0.438
1777414647,763033152,robot_2,1.008,-1.715
1777414647,763046511,robot_4,2.588,1.910
1777414647,763058469,robot_0,4.582,-3.233
1777414647,763068836,robot_1,4.114,-0.147
1777414647,980423739,robot_3,4.427,0.441
1777414647,980442466,robot_2,0.946,-1.720
1777414647,980450246,robot_4,2.571,1.904
1777414647,980455116,robot_0,4.582,-3.233
1777414647,980459881,robot_1,4.119,-0.152
1777414648,199967210,robot_3,4.428,0.439
1777414648,199991637,robot_2,0.903,-1.727
1777414648,199999624,robot_4,2.568,1.900
1777414648,200005460,robot_0,4.582,-3.233
1777414648,200010450,robot_1,4.119,-0.152
1777414648,401482498,robot_3,4.429,0.438
1777414648,401507498,robot_2,0.868,-1.733
1777414648,401515527,robot_4,2.568,1.899
1777414648,401522201,robot_0,4.582,-3.233
1777414648,401528230,robot_1,4.119,-0.152
1777414648,621270538,robot_3,4.431,0.437
1777414648,621286149,robot_2,0.825,-1.741
1777414648,621293104,robot_4,2.569,1.897
1777414648,621298484,robot_0,4.582,-3.233
1777414648,621303355,robot_1,4.118,-0.152
1777414648,821768576,robot_3,4.433,0.437
1777414648,821788617,robot_2,0.785,-1.748
1777414648,821796689,robot_4,2.569,1.896
1777414648,821802743,robot_0,4.582,-3.234
1777414648,821808803,robot_1,4.118,-0.153
1777414649,40747371,robot_3,4.434,0.437
1777414649,40765426,robot_2,0.750,-1.755
1777414649,40772128,robot_4,2.569,1.896
1777414649,40777564,robot_0,4.581,-3.234
1777414649,40782873,robot_1,4.118,-0.153
1777414649,261403414,robot_3,4.433,0.437
1777414649,261427207,robot_2,0.722,-1.760
1777414649,261437215,robot_4,2.569,1.896
1777414649,261445169,robot_0,4.581,-3.234
1777414649,261453489,robot_1,4.118,-0.153
1777414649,461620065,robot_3,4.432,0.437
1777414649,461653650,robot_2,0.680,-1.767
1777414649,461663368,robot_4,2.569,1.896
1777414649,461671335,robot_0,4.581,-3.234
1777414649,461679523,robot_1,4.118,-0.153
1777414649,680422923,robot_3,4.430,0.438
1777414649,680443763,robot_2,0.634,-1.770
1777414649,680451187,robot_4,2.569,1.896
1777414649,680457609,robot_0,4.580,-3.234
1777414649,680462698,robot_1,4.118,-0.153
1777414649,881445315,robot_3,4.428,0.439
1777414649,881465642,robot_2,0.592,-1.769
1777414649,881475522,robot_4,2.569,1.897
1777414649,881483246,robot_0,4.580,-3.234
1777414649,881490975,robot_1,4.119,-0.152
1777414650,81636027,robot_3,4.427,0.440
1777414650,81651397,robot_2,0.550,-1.763
1777414650,81658319,robot_4,2.569,1.898
1777414650,81663609,robot_0,4.580,-3.234
1777414650,81668131,robot_1,4.119,-0.152
1777414650,301363869,robot_3,4.438,0.440
1777414650,301381823,robot_2,0.505,-1.751
1777414650,301390163,robot_4,2.565,1.897
1777414650,301396403,robot_0,4.580,-3.234
1777414650,301402946,robot_1,4.108,-0.150
1777414650,520416224,robot_3,4.442,0.444
1777414650,520434556,robot_2,0.462,-1.734
1777414650,520442058,robot_4,2.564,1.897
1777414650,520449645,robot_0,4.580,-3.234
1777414650,520454607,robot_1,4.103,-0.151
1777414650,721174408,robot_3,4.442,0.447
1777414650,721201302,robot_2,0.424,-1.714
1777414650,721213789,robot_4,2.564,1.897
1777414650,721223911,robot_0,4.580,-3.234
1777414650,721233304,robot_1,4.103,-0.151
1777414650,940861918,robot_3,4.442,0.450
1777414650,940883169,robot_2,0.388,-1.690
1777414650,940890742,robot_4,2.564,1.896
1777414650,940896126,robot_0,4.580,-3.234
1777414650,940901128,robot_1,4.104,-0.151
1777414651,160172072,robot_3,4.442,0.451
1777414651,160189907,robot_2,0.352,-1.664
1777414651,160199662,robot_4,2.563,1.896
1777414651,160205785,robot_0,4.580,-3.234
1777414651,160211090,robot_1,4.104,-0.151
1777414651,380015052,robot_3,4.442,0.451
1777414651,380038325,robot_2,0.315,-1.637
1777414651,380045336,robot_4,2.563,1.895
1777414651,380051040,robot_0,4.581,-3.234
1777414651,380056802,robot_1,4.105,-0.152
1777414651,580504482,robot_3,4.442,0.451
1777414651,580519995,robot_2,0.277,-1.611
1777414651,580526420,robot_4,2.563,1.895
1777414651,580531123,robot_0,4.581,-3.234
1777414651,580536234,robot_1,4.105,-0.152
1777414651,799978223,robot_3,4.443,0.453
1777414651,799993730,robot_2,0.232,-1.587
1777414651,799999989,robot_4,2.563,1.894
1777414651,800004911,robot_0,4.581,-3.233
1777414651,800010093,robot_1,4.105,-0.152
1777414652,19899252,robot_3,4.443,0.455
1777414652,19915751,robot_2,0.185,-1.570
1777414652,19922486,robot_4,2.563,1.894
1777414652,19927654,robot_0,4.581,-3.233
1777414652,19932534,robot_1,4.105,-0.152
1777414652,220116225,robot_3,4.444,0.457
1777414652,220132452,robot_2,0.139,-1.560
1777414652,220138741,robot_4,2.563,1.894
1777414652,220144449,robot_0,4.581,-3.233
1777414652,220149094,robot_1,4.105,-0.152
1777414652,440665341,robot_3,4.445,0.458
1777414652,440685774,robot_2,0.089,-1.557
1777414652,440692421,robot_4,2.564,1.893
1777414652,440697686,robot_0,4.581,-3.233
1777414652,440702753,robot_1,4.104,-0.152
1777414652,660515138,robot_3,4.446,0.459
1777414652,660531624,robot_2,0.038,-1.562
1777414652,660538528,robot_4,2.564,1.893
1777414652,660543849,robot_0,4.581,-3.232
1777414652,660548735,robot_1,4.104,-0.151
1777414652,880172512,robot_3,4.446,0.459
1777414652,880191623,robot_2,-0.014,-1.575
1777414652,880198392,robot_4,2.564,1.893
1777414652,880204032,robot_0,4.581,-3.232
1777414652,880208853,robot_1,4.103,-0.151
1777414653,81898103,robot_3,4.446,0.460
1777414653,81923997,robot_2,-0.079,-1.599
1777414653,81936635,robot_4,2.565,1.893
1777414653,81946722,robot_0,4.581,-3.232
1777414653,81956509,robot_1,4.103,-0.151
1777414653,301484196,robot_3,4.446,0.460
1777414653,301515675,robot_2,-0.149,-1.627
1777414653,301531040,robot_4,2.580,1.928
1777414653,301542774,robot_0,4.581,-3.233
1777414653,301553978,robot_1,4.103,-0.152
1777414653,520663747,robot_3,4.447,0.460
1777414653,520679921,robot_2,-0.220,-1.652
1777414653,520686468,robot_4,2.598,1.968
1777414653,520691654,robot_0,4.581,-3.232
1777414653,520696282,robot_1,4.102,-0.152
1777414653,722104436,robot_3,4.447,0.460
1777414653,722131357,robot_2,-0.284,-1.672
1777414653,722144092,robot_4,2.615,2.008
1777414653,722154695,robot_0,4.581,-3.232
1777414653,722164092,robot_1,4.102,-0.152
1777414653,940757736,robot_3,4.447,0.460
1777414653,940777857,robot_2,-0.339,-1.659
1777414653,940784842,robot_4,2.640,2.064
1777414653,940789894,robot_0,4.581,-3.232
1777414653,940794933,robot_1,4.102,-0.152
1777414654,141227268,robot_3,4.447,0.460
1777414654,141257339,robot_2,-0.388,-1.639
1777414654,141268123,robot_4,2.657,2.102
1777414654,141276152,robot_0,4.581,-3.232
1777414654,141284328,robot_1,4.101,-0.153
1777414654,361317649,robot_3,4.447,0.461
1777414654,361339102,robot_2,-0.404,-1.630
1777414654,361348966,robot_4,2.676,2.139
1777414654,361356235,robot_0,4.581,-3.231
1777414654,361363831,robot_1,4.101,-0.153
1777414654,561747339,robot_3,4.447,0.461
1777414654,561778075,robot_2,-0.405,-1.630
1777414654,561791941,robot_4,2.698,2.169
1777414654,561803806,robot_0,4.581,-3.231
1777414654,561814683,robot_1,4.101,-0.153
1777414654,762465928,robot_3,4.447,0.461
1777414654,762486782,robot_2,-0.404,-1.626
1777414654,762495903,robot_4,2.724,2.196
1777414654,762502867,robot_0,4.581,-3.231
1777414654,762508982,robot_1,4.101,-0.154
1777414654,981822399,robot_3,4.448,0.461
1777414654,981845308,robot_2,-0.403,-1.610
1777414654,981856763,robot_4,2.757,2.221
1777414654,981865960,robot_0,4.580,-3.231
1777414654,981873498,robot_1,4.101,-0.154
1777414655,201610174,robot_3,4.448,0.462
1777414655,201629013,robot_2,-0.404,-1.598
1777414655,201638002,robot_4,2.790,2.245
1777414655,201644950,robot_0,4.580,-3.231
1777414655,201652174,robot_1,4.101,-0.155
1777414655,401673414,robot_3,4.449,0.462
1777414655,401699176,robot_2,-0.404,-1.597
1777414655,401708794,robot_4,2.811,2.291
1777414655,401715752,robot_0,4.580,-3.231
1777414655,401723045,robot_1,4.102,-0.155
1777414655,601761156,robot_3,4.449,0.462
1777414655,601788132,robot_2,-0.404,-1.598
1777414655,601801062,robot_4,2.841,2.338
1777414655,601811526,robot_0,4.580,-3.231
1777414655,601822138,robot_1,4.102,-0.155
1777414655,822179480,robot_3,4.450,0.461
1777414655,822202344,robot_2,-0.404,-1.598
1777414655,822212698,robot_4,2.883,2.356
1777414655,822221385,robot_0,4.580,-3.231
1777414655,822229270,robot_1,4.102,-0.155
1777414656,41038672,robot_3,4.450,0.461
1777414656,41070315,robot_2,-0.404,-1.599
1777414656,41078492,robot_4,2.927,2.359
1777414656,41085047,robot_0,4.580,-3.231
1777414656,41091619,robot_1,4.102,-0.155
1777414656,241798760,robot_3,4.450,0.461
1777414656,241825355,robot_2,-0.404,-1.599
1777414656,241834003,robot_4,2.952,2.361
1777414656,241840049,robot_0,4.579,-3.231
1777414656,241845160,robot_1,4.101,-0.155
1777414656,460937450,robot_3,4.450,0.461
1777414656,460958041,robot_2,-0.405,-1.600
1777414656,460966000,robot_4,2.985,2.363
1777414656,460971686,robot_0,4.579,-3.231
1777414656,460978228,robot_1,4.101,-0.154
1777414656,661394654,robot_3,4.450,0.461
1777414656,661413596,robot_2,-0.405,-1.600
1777414656,661421303,robot_4,3.037,2.366
1777414656,661435321,robot_0,4.579,-3.231
1777414656,661441288,robot_1,4.101,-0.154
1777414656,861714057,robot_3,4.450,0.461
1777414656,861738463,robot_2,-0.405,-1.600
1777414656,861749729,robot_4,3.078,2.369
1777414656,861758652,robot_0,4.579,-3.231
1777414656,861767766,robot_1,4.101,-0.153
1777414657,62161271,robot_3,4.450,0.461
1777414657,62185469,robot_2,-0.405,-1.600
1777414657,62195967,robot_4,3.118,2.372
1777414657,62204560,robot_0,4.579,-3.232
1777414657,62212940,robot_1,4.102,-0.153
1777414657,263026155,robot_3,4.449,0.461
1777414657,263056958,robot_2,-0.405,-1.600
1777414657,263072129,robot_4,3.158,2.375
1777414657,263084197,robot_0,4.578,-3.232
1777414657,263095578,robot_1,4.102,-0.152
1777414657,481482768,robot_3,4.449,0.461
1777414657,481506919,robot_2,-0.405,-1.600
1777414657,481518687,robot_4,3.206,2.378
1777414657,481528845,robot_0,4.578,-3.232
1777414657,481538639,robot_1,4.102,-0.152
1777414657,700289274,robot_3,4.448,0.461
1777414657,700311814,robot_2,-0.405,-1.600
1777414657,700319399,robot_4,3.255,2.381
1777414657,700326001,robot_0,4.578,-3.232
1777414657,700331408,robot_1,4.102,-0.152
1777414657,921996074,robot_3,4.448,0.461
1777414657,922013308,robot_2,-0.404,-1.599
1777414657,922025396,robot_4,3.303,2.384
1777414657,922033036,robot_0,4.578,-3.232
1777414657,922038615,robot_1,4.102,-0.152
1777414658,140055512,robot_3,4.448,0.461
1777414658,140076465,robot_2,-0.404,-1.599
1777414658,140083313,robot_4,3.347,2.387
1777414658,140089294,robot_0,4.578,-3.232
1777414658,140094007,robot_1,4.102,-0.152
1777414658,341542128,robot_3,4.447,0.460
1777414658,341561453,robot_2,-0.404,-1.598
1777414658,341570244,robot_4,3.387,2.390
1777414658,341577291,robot_0,4.578,-3.232
1777414658,341583559,robot_1,4.102,-0.152
1777414658,562173634,robot_3,4.447,0.460
1777414658,562203080,robot_2,-0.404,-1.598
1777414658,562217878,robot_4,3.428,2.393
1777414658,562230165,robot_0,4.579,-3.232
1777414658,562241514,robot_1,4.102,-0.152
1777414658,763464811,robot_3,4.447,0.460
1777414658,763503165,robot_2,-0.404,-1.597
1777414658,763523265,robot_4,3.461,2.395
1777414658,763538191,robot_0,4.579,-3.232
1777414658,763551588,robot_1,4.102,-0.152
1777414658,980963382,robot_3,4.447,0.460
1777414658,980987367,robot_2,-0.405,-1.597
1777414658,980998113,robot_4,3.524,2.400
1777414658,981007002,robot_0,4.579,-3.231
1777414658,981015133,robot_1,4.102,-0.153
1777414659,182450847,robot_3,4.447,0.460
1777414659,182481727,robot_2,-0.405,-1.596
1777414659,182496359,robot_4,3.576,2.403
1777414659,182508787,robot_0,4.579,-3.231
1777414659,182519365,robot_1,4.102,-0.153
1777414659,400479284,robot_3,4.447,0.460
1777414659,400499082,robot_2,-0.405,-1.596
1777414659,400505766,robot_4,3.620,2.406
1777414659,400511340,robot_0,4.580,-3.231
1777414659,400516990,robot_1,4.102,-0.154
1777414659,601012596,robot_3,4.447,0.460
1777414659,601047368,robot_2,-0.406,-1.596
1777414659,601060289,robot_4,3.660,2.409
1777414659,601071662,robot_0,4.580,-3.231
1777414659,601080497,robot_1,4.102,-0.154
1777414659,801782880,robot_3,4.448,0.461
1777414659,801803785,robot_2,-0.406,-1.596
1777414659,801812235,robot_4,3.710,2.412
1777414659,801818694,robot_0,4.580,-3.231
1777414659,801824630,robot_1,4.102,-0.154
1777414660,21320920,robot_3,4.448,0.461
1777414660,21346471,robot_2,-0.406,-1.596
1777414660,21359610,robot_4,3.772,2.417
1777414660,21369840,robot_0,4.581,-3.231
1777414660,21379353,robot_1,4.102,-0.155
1777414660,240027954,robot_3,4.449,0.461
1777414660,240043316,robot_2,-0.407,-1.596
1777414660,240050567,robot_4,3.819,2.420
1777414660,240055655,robot_0,4.581,-3.231
1777414660,240061145,robot_1,4.103,-0.155
1777414660,442054483,robot_3,4.449,0.461
1777414660,442085221,robot_2,-0.407,-1.596
1777414660,442099043,robot_4,3.860,2.423
1777414660,442112021,robot_0,4.581,-3.231
1777414660,442123243,robot_1,4.103,-0.155
1777414660,660934509,robot_3,4.450,0.461
1777414660,660951504,robot_2,-0.408,-1.596
1777414660,660958290,robot_4,3.904,2.426
1777414660,660963734,robot_0,4.581,-3.231
1777414660,660968627,robot_1,4.103,-0.156
1777414660,881256408,robot_3,4.450,0.461
1777414660,881281995,robot_2,-0.408,-1.596
1777414660,881294565,robot_4,3.948,2.429
1777414660,881304358,robot_0,4.581,-3.231
1777414660,881313938,robot_1,4.104,-0.156
1777414661,81880745,robot_3,4.451,0.461
1777414661,81904225,robot_2,-0.408,-1.596
1777414661,81915199,robot_4,4.007,2.433
1777414661,81935597,robot_0,4.581,-3.231
1777414661,81943791,robot_1,4.104,-0.156
1777414661,282068006,robot_3,4.451,0.461
1777414661,282096204,robot_2,-0.408,-1.596
1777414661,282107283,robot_4,4.062,2.441
1777414661,282116411,robot_0,4.581,-3.232
1777414661,282124386,robot_1,4.105,-0.156
1777414661,500633793,robot_3,4.451,0.461
1777414661,500650760,robot_2,-0.407,-1.596
1777414661,500657921,robot_4,4.121,2.456
1777414661,500663954,robot_0,4.581,-3.232
1777414661,500669675,robot_1,4.105,-0.155
1777414661,701755546,robot_3,4.451,0.461
1777414661,701776901,robot_2,-0.407,-1.596
1777414661,701786087,robot_4,4.173,2.475
1777414661,701793772,robot_0,4.582,-3.232
1777414661,701801205,robot_1,4.106,-0.155
1777414661,921012498,robot_3,4.451,0.461
1777414661,921032534,robot_2,-0.406,-1.596
1777414661,921039356,robot_4,4.228,2.502
1777414661,921044172,robot_0,4.582,-3.232
1777414661,921049190,robot_1,4.106,-0.155
1777414662,140211818,robot_3,4.450,0.461
1777414662,140229367,robot_2,-0.406,-1.596
1777414662,140236015,robot_4,4.280,2.535
1777414662,140241486,robot_0,4.582,-3.233
1777414662,140246688,robot_1,4.106,-0.155
1777414662,341875081,robot_3,4.450,0.461
1777414662,341910332,robot_2,-0.405,-1.596
1777414662,341928411,robot_4,4.323,2.569
1777414662,341944718,robot_0,4.582,-3.233
1777414662,341960424,robot_1,4.106,-0.155
1777414662,561291267,robot_3,4.449,0.461
1777414662,561320967,robot_2,-0.405,-1.597
1777414662,561335035,robot_4,4.354,2.597
1777414662,561347471,robot_0,4.582,-3.233
1777414662,561358587,robot_1,4.106,-0.155
1777414662,779927835,robot_3,4.449,0.461
1777414662,779943784,robot_2,-0.405,-1.597
1777414662,779950229,robot_4,4.376,2.621
1777414662,779955166,robot_0,4.582,-3.234
1777414662,779960120,robot_1,4.106,-0.154
1777414662,980385505,robot_3,4.449,0.460
1777414662,980404929,robot_2,-0.404,-1.598
1777414662,980411524,robot_4,4.398,2.642
1777414662,980416411,robot_0,4.582,-3.234
1777414662,980421698,robot_1,4.106,-0.154
1777414663,182139705,robot_3,4.448,0.460
1777414663,182164859,robot_2,-0.404,-1.598
1777414663,182176953,robot_4,4.422,2.660
1777414663,182186261,robot_0,4.582,-3.234
1777414663,182194503,robot_1,4.106,-0.153
1777414663,382689102,robot_3,4.448,0.460
1777414663,382717883,robot_2,-0.404,-1.598
1777414663,382730844,robot_4,4.449,2.674
1777414663,382741444,robot_0,4.582,-3.234
1777414663,382751204,robot_1,4.106,-0.153
1777414663,601378836,robot_3,4.448,0.459
1777414663,601417280,robot_2,-0.404,-1.598
1777414663,601433104,robot_4,4.480,2.685
1777414663,601442701,robot_0,4.582,-3.234
1777414663,601451945,robot_1,4.106,-0.152
1777414663,802010483,robot_3,4.448,0.459
1777414663,802055479,robot_2,-0.405,-1.597
1777414663,802071787,robot_4,4.508,2.691
1777414663,802083120,robot_0,4.581,-3.234
1777414663,802094206,robot_1,4.106,-0.152
1777414664,22143338,robot_3,4.448,0.459
1777414664,22164678,robot_2,-0.405,-1.597
1777414664,22173587,robot_4,4.510,2.692
1777414664,22181378,robot_0,4.581,-3.234
1777414664,22188419,robot_1,4.106,-0.152
1777414664,240150102,robot_3,4.448,0.459
1777414664,240166161,robot_2,-0.405,-1.597
1777414664,240172829,robot_4,4.510,2.692
1777414664,240177884,robot_0,4.581,-3.235
1777414664,240182707,robot_1,4.106,-0.152
1777414664,440801139,robot_3,4.448,0.459
1777414664,440822506,robot_2,-0.406,-1.597
1777414664,440828980,robot_4,4.510,2.692
1777414664,440834858,robot_0,4.580,-3.235
1777414664,440839983,robot_1,4.106,-0.152
1777414664,661745872,robot_3,4.448,0.460
1777414664,661791186,robot_2,-0.406,-1.596
1777414664,661812115,robot_4,4.510,2.692
1777414664,661829949,robot_0,4.580,-3.235
1777414664,661847589,robot_1,4.106,-0.152
1777414664,882415007,robot_3,4.448,0.460
1777414664,882453586,robot_2,-0.407,-1.596
1777414664,882469111,robot_4,4.510,2.693
1777414664,882482111,robot_0,4.580,-3.235
1777414664,882493166,robot_1,4.105,-0.151
1777414665,100878888,robot_3,4.449,0.460
1777414665,100907564,robot_2,-0.406,-1.596
1777414665,100922272,robot_4,4.510,2.693
1777414665,100933291,robot_0,4.579,-3.235
1777414665,100944075,robot_1,4.105,-0.151
1777414665,301383606,robot_3,4.449,0.460
1777414665,301411317,robot_2,-0.407,-1.596
1777414665,301421293,robot_4,4.510,2.694
1777414665,301429172,robot_0,4.579,-3.235
1777414665,301436815,robot_1,4.105,-0.151
1777414665,501397469,robot_3,4.450,0.460
1777414665,501420193,robot_2,-0.407,-1.597
1777414665,501429652,robot_4,4.511,2.694
1777414665,501436593,robot_0,4.579,-3.235
1777414665,501444055,robot_1,4.104,-0.151
1777414665,720429816,robot_3,4.450,0.460
1777414665,720444536,robot_2,-0.407,-1.597
1777414665,720451152,robot_4,4.511,2.694
1777414665,720456242,robot_0,4.579,-3.235
1777414665,720461232,robot_1,4.104,-0.151
1777414665,920597388,robot_3,4.451,0.460
1777414665,920614227,robot_2,-0.408,-1.597
1777414665,920621569,robot_4,4.512,2.694
1777414665,920626943,robot_0,4.580,-3.235
1777414665,920632304,robot_1,4.103,-0.151
1777414666,120898147,robot_3,4.451,0.460
1777414666,120915468,robot_2,-0.408,-1.598
1777414666,120922681,robot_4,4.512,2.694
1777414666,120927976,robot_0,4.580,-3.235
1777414666,120933289,robot_1,4.103,-0.151
1777414666,340816804,robot_3,4.451,0.460
1777414666,340841922,robot_2,-0.408,-1.598
1777414666,340854513,robot_4,4.512,2.694
1777414666,340863378,robot_0,4.580,-3.234
1777414666,340871865,robot_1,4.103,-0.152
1777414666,540870421,robot_3,4.451,0.460
1777414666,540895755,robot_2,-0.408,-1.599
1777414666,540908711,robot_4,4.513,2.694
1777414666,540917980,robot_0,4.580,-3.234
1777414666,540926000,robot_1,4.102,-0.152
1777414666,741048307,robot_3,4.451,0.460
1777414666,741064220,robot_2,-0.408,-1.599
1777414666,741071199,robot_4,4.513,2.694
1777414666,741076955,robot_0,4.581,-3.234
1777414666,741081808,robot_1,4.102,-0.152
1777414666,960323792,robot_3,4.451,0.460
1777414666,960343434,robot_2,-0.409,-1.595
1777414666,960350238,robot_4,4.513,2.694
1777414666,960355472,robot_0,4.581,-3.234
1777414666,960360914,robot_1,4.102,-0.152
1777414667,161768870,robot_3,4.451,0.460
1777414667,161795171,robot_2,-0.409,-1.595
1777414667,161806730,robot_4,4.512,2.694
1777414667,161816481,robot_0,4.581,-3.234
1777414667,161826662,robot_1,4.103,-0.152
1777414667,380294793,robot_3,4.450,0.460
1777414667,380311595,robot_2,-0.409,-1.595
1777414667,380319141,robot_4,4.512,2.694
1777414667,380324962,robot_0,4.581,-3.233
1777414667,380330741,robot_1,4.103,-0.152
1777414667,581221408,robot_3,4.450,0.460
1777414667,581242032,robot_2,-0.409,-1.595
1777414667,581251595,robot_4,4.512,2.694
1777414667,581260124,robot_0,4.581,-3.233
1777414667,581267988,robot_1,4.103,-0.151
1777414667,800221709,robot_3,4.449,0.460
1777414667,800239344,robot_2,-0.408,-1.595
1777414667,800246040,robot_4,4.511,2.694
1777414667,800251421,robot_0,4.581,-3.233
1777414667,800256311,robot_1,4.104,-0.151
1777414668,20098389,robot_3,4.449,0.460
1777414668,20117080,robot_2,-0.408,-1.596
1777414668,20123903,robot_4,4.511,2.693
1777414668,20129111,robot_0,4.581,-3.233
1777414668,20133791,robot_1,4.104,-0.151
1777414668,221246266,robot_3,4.449,0.459
1777414668,221273650,robot_2,-0.408,-1.596
1777414668,221286035,robot_4,4.511,2.693
1777414668,221295442,robot_0,4.581,-3.233
1777414668,221304637,robot_1,4.105,-0.151
1777414668,421790440,robot_3,4.448,0.459
1777414668,421818640,robot_2,-0.407,-1.596
1777414668,421830388,robot_4,4.511,2.693
1777414668,421839518,robot_0,4.581,-3.233
1777414668,421849148,robot_1,4.105,-0.152
1777414668,640742679,robot_3,4.448,0.459
1777414668,640765047,robot_2,-0.407,-1.596
1777414668,640774108,robot_4,4.510,2.692
1777414668,640781680,robot_0,4.581,-3.234
1777414668,640788236,robot_1,4.106,-0.152
1777414668,861156487,robot_3,4.448,0.459
1777414668,861182491,robot_2,-0.406,-1.596
1777414668,861195131,robot_4,4.510,2.692
1777414668,861204412,robot_0,4.580,-3.234
1777414668,861213700,robot_1,4.106,-0.152
1777414669,61438825,robot_3,4.448,0.459
1777414669,61464438,robot_2,-0.406,-1.596
1777414669,61471161,robot_4,4.511,2.691
1777414669,61476560,robot_0,4.580,-3.234
1777414669,61481623,robot_1,4.106,-0.153
1777414669,281734413,robot_3,4.448,0.459
1777414669,281760353,robot_2,-0.406,-1.596
1777414669,281776388,robot_4,4.511,2.691
1777414669,281789492,robot_0,4.580,-3.234
1777414669,281801032,robot_1,4.106,-0.153
1777414669,501621580,robot_3,4.448,0.459
1777414669,501643146,robot_2,-0.406,-1.596
1777414669,501652560,robot_4,4.511,2.691
1777414669,501659533,robot_0,4.580,-3.234
1777414669,501667224,robot_1,4.106,-0.153
1777414669,702088911,robot_3,4.449,0.459
1777414669,702112052,robot_2,-0.406,-1.596
1777414669,702122775,robot_4,4.511,2.690
1777414669,702131372,robot_0,4.579,-3.234
1777414669,702139427,robot_1,4.106,-0.152
1777414669,920227208,robot_3,4.449,0.459
1777414669,920245073,robot_2,-0.405,-1.596
1777414669,920251887,robot_4,4.512,2.690
1777414669,920257708,robot_0,4.579,-3.234
1777414669,920263359,robot_1,4.106,-0.152
1777414670,139952248,robot_3,4.449,0.460
1777414670,139970045,robot_2,-0.405,-1.595
1777414670,139977333,robot_4,4.512,2.690
1777414670,139983145,robot_0,4.579,-3.234
1777414670,139988445,robot_1,4.105,-0.152
1777414670,341282430,robot_3,4.450,0.460
1777414670,341302491,robot_2,-0.405,-1.595
1777414670,341310454,robot_4,4.513,2.690
1777414670,341317287,robot_0,4.579,-3.234
1777414670,341323140,robot_1,4.105,-0.152
1777414670,561448909,robot_3,4.450,0.460
1777414670,561478958,robot_2,-0.404,-1.594
1777414670,561490433,robot_4,4.513,2.690
1777414670,561499899,robot_0,4.579,-3.234
1777414670,561509049,robot_1,4.105,-0.152
1777414670,761829192,robot_3,4.451,0.460
1777414670,761850450,robot_2,-0.404,-1.594
1777414670,761860291,robot_4,4.513,2.690
1777414670,761868344,robot_0,4.579,-3.234
1777414670,761876181,robot_1,4.104,-0.152
1777414670,980448819,robot_3,4.451,0.460
1777414670,980465571,robot_2,-0.404,-1.594
1777414670,980472597,robot_4,4.513,2.690
1777414670,980477993,robot_0,4.579,-3.234
1777414670,980483157,robot_1,4.104,-0.152
1777414671,181805243,robot_3,4.452,0.459
1777414671,181829107,robot_2,-0.404,-1.593
1777414671,181841337,robot_4,4.513,2.690
1777414671,181850872,robot_0,4.579,-3.234
1777414671,181858591,robot_1,4.103,-0.152
1777414671,400406358,robot_3,4.452,0.459
1777414671,400425803,robot_2,-0.405,-1.593
1777414671,400432909,robot_4,4.514,2.690
1777414671,400438695,robot_0,4.580,-3.234
1777414671,400444037,robot_1,4.103,-0.152
1777414671,600617967,robot_3,4.452,0.459
1777414671,600639646,robot_2,-0.405,-1.592
1777414671,600646903,robot_4,4.514,2.690
1777414671,600652540,robot_0,4.580,-3.234
1777414671,600657906,robot_1,4.103,-0.153
1777414671,801855800,robot_3,4.452,0.459
1777414671,801879772,robot_2,-0.429,-1.599
1777414671,801892065,robot_4,4.515,2.690
1777414671,801901383,robot_0,4.580,-3.234
1777414671,801909968,robot_1,4.102,-0.153
1777414672,21268480,robot_3,4.452,0.459
1777414672,21290064,robot_2,-0.462,-1.589
1777414672,21298782,robot_4,4.515,2.691
1777414672,21305852,robot_0,4.580,-3.233
1777414672,21312844,robot_1,4.102,-0.154
1777414672,240395428,robot_3,4.453,0.459
1777414672,240413324,robot_2,-0.490,-1.590
1777414672,240420649,robot_4,4.515,2.691
1777414672,240426092,robot_0,4.580,-3.233
1777414672,240431686,robot_1,4.102,-0.154
1777414672,441755379,robot_3,4.453,0.458
1777414672,441778932,robot_2,-0.517,-1.605
1777414672,441786620,robot_4,4.515,2.692
1777414672,441792095,robot_0,4.580,-3.233
1777414672,441797835,robot_1,4.102,-0.154
1777414672,642030675,robot_3,4.453,0.458
1777414672,642052422,robot_2,-0.531,-1.617
1777414672,642061297,robot_4,4.515,2.692
1777414672,642068564,robot_0,4.580,-3.233
1777414672,642075423,robot_1,4.102,-0.155
1777414672,842117237,robot_3,4.453,0.457
1777414672,842144759,robot_2,-0.536,-1.622
1777414672,842153968,robot_4,4.515,2.692
1777414672,842162669,robot_0,4.580,-3.233
1777414672,842169828,robot_1,4.102,-0.155
1777414673,61563108,robot_3,4.453,0.457
1777414673,61598853,robot_2,-0.539,-1.622
1777414673,61611674,robot_4,4.515,2.692
1777414673,61621780,robot_0,4.580,-3.233
1777414673,61631883,robot_1,4.103,-0.156
1777414673,261852757,robot_3,4.453,0.456
1777414673,261878895,robot_2,-0.538,-1.622
1777414673,261891202,robot_4,4.515,2.692
1777414673,261900328,robot_0,4.580,-3.233
1777414673,261910648,robot_1,4.103,-0.156
1777414673,481809478,robot_3,4.453,0.456
1777414673,481836820,robot_2,-0.538,-1.622
1777414673,481844189,robot_4,4.515,2.693
1777414673,481849792,robot_0,4.580,-3.233
1777414673,481856143,robot_1,4.103,-0.156
1777414673,682169586,robot_3,4.453,0.456
1777414673,682202824,robot_2,-0.538,-1.622
1777414673,682216062,robot_4,4.515,2.693
1777414673,682227399,robot_0,4.580,-3.233
1777414673,682238324,robot_1,4.103,-0.155
1777414673,901558939,robot_3,4.452,0.456
1777414673,901591099,robot_2,-0.535,-1.618
1777414673,901605039,robot_4,4.515,2.693
1777414673,901614807,robot_0,4.580,-3.233
1777414673,901624416,robot_1,4.102,-0.155
1777414674,122210815,robot_3,4.452,0.456
1777414674,122236275,robot_2,-0.524,-1.606
1777414674,122247905,robot_4,4.514,2.694
1777414674,122257153,robot_0,4.579,-3.234
1777414674,122266310,robot_1,4.102,-0.154
1777414674,341407327,robot_3,4.453,0.456
1777414674,341431756,robot_2,-0.510,-1.591
1777414674,341439303,robot_4,4.514,2.694
1777414674,341444882,robot_0,4.579,-3.234
1777414674,341450522,robot_1,4.103,-0.154
1777414674,541670861,robot_3,4.453,0.456
1777414674,541696597,robot_2,-0.500,-1.576
1777414674,541707769,robot_4,4.514,2.694
1777414674,541717668,robot_0,4.579,-3.234
1777414674,541726090,robot_1,4.103,-0.153
1777414674,741875931,robot_3,4.453,0.456
1777414674,741902670,robot_2,-0.496,-1.560
1777414674,741916268,robot_4,4.513,2.694
1777414674,741927830,robot_0,4.578,-3.234
1777414674,741938579,robot_1,4.103,-0.153
1777414674,962449031,robot_3,4.453,0.457
1777414674,962492229,robot_2,-0.501,-1.543
1777414674,962514954,robot_4,4.513,2.694
1777414674,962533637,robot_0,4.578,-3.234
1777414674,962551047,robot_1,4.103,-0.152
1777414675,181233550,robot_3,4.453,0.457
1777414675,181262624,robot_2,-0.501,-1.543
1777414675,181274909,robot_4,4.513,2.694
1777414675,181284806,robot_0,4.578,-3.234
1777414675,181294159,robot_1,4.104,-0.152
1777414675,381429333,robot_3,4.452,0.458
1777414675,381465454,robot_2,-0.501,-1.543
1777414675,381480841,robot_4,4.513,2.694
1777414675,381493995,robot_0,4.578,-3.234
1777414675,381505206,robot_1,4.104,-0.152
1777414675,581923479,robot_3,4.452,0.458
1777414675,581957363,robot_2,-0.501,-1.544
1777414675,581973276,robot_4,4.513,2.694
1777414675,581984564,robot_0,4.578,-3.234
1777414675,581995876,robot_1,4.104,-0.152
1777414675,801197341,robot_3,4.452,0.458
1777414675,801227403,robot_2,-0.501,-1.544
1777414675,801240049,robot_4,4.512,2.694
1777414675,801250315,robot_0,4.578,-3.234
1777414675,801260103,robot_1,4.104,-0.152
1777414676,20526461,robot_3,4.452,0.459
1777414676,20545981,robot_2,-0.501,-1.544
1777414676,20553995,robot_4,4.512,2.694
1777414676,20559759,robot_0,4.578,-3.234
1777414676,20565649,robot_1,4.104,-0.152
1777414676,240496348,robot_3,4.451,0.459
1777414676,240511450,robot_2,-0.501,-1.544
1777414676,240518364,robot_4,4.511,2.694
1777414676,240523461,robot_0,4.579,-3.234
1777414676,240528401,robot_1,4.104,-0.152
1777414676,440663844,robot_3,4.451,0.459
1777414676,440685844,robot_2,-0.501,-1.544
1777414676,440692420,robot_4,4.511,2.694
1777414676,440698236,robot_0,4.579,-3.233
1777414676,440703876,robot_1,4.103,-0.153
1777414676,641407536,robot_3,4.451,0.459
1777414676,641431633,robot_2,-0.501,-1.545
1777414676,641442783,robot_4,4.511,2.693
1777414676,641451722,robot_0,4.579,-3.233
1777414676,641460139,robot_1,4.103,-0.153
1777414676,861586006,robot_3,4.452,0.459
1777414676,861623385,robot_2,-0.502,-1.545
1777414676,861639652,robot_4,4.511,2.693
1777414676,861653427,robot_0,4.579,-3.233
1777414676,861665819,robot_1,4.103,-0.153
1777414677,79996369,robot_3,4.452,0.458
1777414677,80012751,robot_2,-0.502,-1.545
1777414677,80024175,robot_4,4.510,2.693
1777414677,80029710,robot_0,4.579,-3.233
1777414677,80034914,robot_1,4.103,-0.154
1777414677,300236584,robot_3,4.452,0.458
1777414677,300259589,robot_2,-0.503,-1.546
1777414677,300267682,robot_4,4.510,2.692
1777414677,300273376,robot_0,4.580,-3.233
1777414677,300279869,robot_1,4.103,-0.154
1777414677,501136138,robot_3,4.452,0.457
1777414677,501162200,robot_2,-0.498,-1.544
1777414677,501173804,robot_4,4.510,2.692
1777414677,501183212,robot_0,4.580,-3.232
1777414677,501192122,robot_1,4.103,-0.155
1777414677,722077473,robot_3,4.452,0.457
1777414677,722103786,robot_2,-0.499,-1.544
1777414677,722115958,robot_4,4.510,2.692
1777414677,722126472,robot_0,4.580,-3.232
1777414677,722135035,robot_1,4.103,-0.155
1777414677,940715683,robot_3,4.452,0.456
1777414677,940759888,robot_2,-0.499,-1.544
1777414677,940778263,robot_4,4.510,2.692
1777414677,940792683,robot_0,4.580,-3.232
1777414677,940805554,robot_1,4.104,-0.155
1777414678,160284792,robot_3,4.452,0.456
1777414678,160301975,robot_2,-0.500,-1.544
1777414678,160308547,robot_4,4.510,2.692
1777414678,160313323,robot_0,4.580,-3.232
1777414678,160318389,robot_1,4.104,-0.156
1777414678,362708770,robot_3,4.452,0.455
1777414678,362739705,robot_2,-0.500,-1.544
1777414678,362756413,robot_4,4.511,2.692
1777414678,362770095,robot_0,4.580,-3.232
1777414678,362782908,robot_1,4.104,-0.156
1777414678,580327743,robot_3,4.452,0.455
1777414678,580343060,robot_2,-0.500,-1.544
1777414678,580349815,robot_4,4.511,2.693
1777414678,580355465,robot_0,4.579,-3.233
1777414678,580360796,robot_1,4.105,-0.156
1777414678,780371285,robot_3,4.452,0.455
1777414678,780387551,robot_2,-0.500,-1.544
1777414678,780394840,robot_4,4.511,2.693
1777414678,780400309,robot_0,4.579,-3.233
1777414678,780405748,robot_1,4.105,-0.156
1777414678,981375617,robot_3,4.452,0.455
1777414678,981392508,robot_2,-0.500,-1.544
1777414678,981399360,robot_4,4.511,2.694
1777414678,981404411,robot_0,4.579,-3.233
1777414678,981409867,robot_1,4.106,-0.156
1777414679,181659453,robot_3,4.452,0.455
1777414679,181681808,robot_2,-0.501,-1.544
1777414679,181690129,robot_4,4.512,2.694
1777414679,181696909,robot_0,4.579,-3.233
1777414679,181703111,robot_1,4.106,-0.156
1777414679,382594838,robot_3,4.452,0.456
1777414679,382632645,robot_2,-0.501,-1.543
1777414679,382647728,robot_4,4.512,2.694
1777414679,382660478,robot_0,4.578,-3.233
1777414679,382671916,robot_1,4.106,-0.156
1777414679,602083443,robot_3,4.452,0.456
1777414679,602120304,robot_2,-0.501,-1.543
1777414679,602133429,robot_4,4.513,2.694
1777414679,602144693,robot_0,4.578,-3.233
1777414679,602155537,robot_1,4.107,-0.156
1777414679,820407626,robot_3,4.452,0.456
1777414679,820424741,robot_2,-0.501,-1.542
1777414679,820431142,robot_4,4.513,2.694
1777414679,820436413,robot_0,4.578,-3.233
1777414679,820442086,robot_1,4.107,-0.156
1777414680,20923619,robot_3,4.452,0.457
1777414680,20941563,robot_2,-0.501,-1.542
1777414680,20948663,robot_4,4.513,2.694
1777414680,20953715,robot_0,4.577,-3.233
1777414680,20959220,robot_1,4.107,-0.156
1777414680,240242506,robot_3,4.452,0.457
1777414680,240266140,robot_2,-0.501,-1.541
1777414680,240273371,robot_4,4.513,2.694
1777414680,240278419,robot_0,4.577,-3.233
1777414680,240283908,robot_1,4.107,-0.155
1777414680,440789932,robot_3,4.452,0.458
1777414680,440808616,robot_2,-0.501,-1.541
1777414680,440815125,robot_4,4.513,2.694
1777414680,440820212,robot_0,4.577,-3.233
1777414680,440825443,robot_1,4.107,-0.155
1777414680,641231126,robot_3,4.451,0.458
1777414680,641254453,robot_2,-0.485,-1.545
1777414680,641263589,robot_4,4.513,2.694
1777414680,641271718,robot_0,4.577,-3.233
1777414680,641278325,robot_1,4.108,-0.154
1777414680,841646523,robot_3,4.451,0.458
1777414680,841665333,robot_2,-0.446,-1.555
1777414680,841674485,robot_4,4.514,2.694
1777414680,841682148,robot_0,4.577,-3.233
1777414680,841689208,robot_1,4.108,-0.154
1777414681,62405384,robot_3,4.451,0.458
1777414681,62443155,robot_2,-0.403,-1.565
1777414681,62461320,robot_4,4.514,2.694
1777414681,62473917,robot_0,4.578,-3.233
1777414681,62485900,robot_1,4.108,-0.154
1777414681,281519092,robot_3,4.451,0.458
1777414681,281549017,robot_2,-0.356,-1.577
1777414681,281559342,robot_4,4.515,2.694
1777414681,281567226,robot_0,4.578,-3.233
1777414681,281575114,robot_1,4.108,-0.153
1777414681,501398504,robot_3,4.451,0.458
1777414681,501426443,robot_2,-0.315,-1.588
1777414681,501438230,robot_4,4.515,2.693
1777414681,501447868,robot_0,4.578,-3.233
1777414681,501456859,robot_1,4.107,-0.153
1777414681,701831272,robot_3,4.451,0.458
1777414681,701854258,robot_2,-0.294,-1.594
1777414681,701865144,robot_4,4.515,2.693
1777414681,701873252,robot_0,4.578,-3.233
1777414681,701881904,robot_1,4.107,-0.153
1777414681,921563286,robot_3,4.451,0.458
1777414681,921587782,robot_2,-0.271,-1.602
1777414681,921598621,robot_4,4.516,2.692
1777414681,921606881,robot_0,4.579,-3.233
1777414681,921614481,robot_1,4.107,-0.153
1777414682,121931509,robot_3,4.452,0.457
1777414682,121954082,robot_2,-0.251,-1.611
1777414682,121963732,robot_4,4.516,2.692
1777414682,121970768,robot_0,4.579,-3.232
1777414682,121977892,robot_1,4.107,-0.153
1777414682,340303637,robot_3,4.452,0.457
1777414682,340320005,robot_2,-0.231,-1.623
1777414682,340326467,robot_4,4.516,2.691
1777414682,340331853,robot_0,4.579,-3.232
1777414682,340337083,robot_1,4.107,-0.152
1777414682,541386323,robot_3,4.452,0.456
1777414682,541419271,robot_2,-0.213,-1.635
1777414682,541430972,robot_4,4.516,2.691
1777414682,541440066,robot_0,4.579,-3.232
1777414682,541448956,robot_1,4.107,-0.152
1777414682,760365346,robot_3,4.452,0.456
1777414682,760389685,robot_2,-0.194,-1.650
1777414682,760397066,robot_4,4.516,2.691
1777414682,760403581,robot_0,4.579,-3.232
1777414682,760408662,robot_1,4.106,-0.152
1777414682,960878949,robot_3,4.452,0.455
1777414682,960900090,robot_2,-0.177,-1.666
1777414682,960907792,robot_4,4.516,2.691
1777414682,960916475,robot_0,4.579,-3.232
1777414682,960925030,robot_1,4.106,-0.152
1777414683,161476376,robot_3,4.451,0.455
1777414683,161505685,robot_2,-0.150,-1.696
1777414683,161520931,robot_4,4.516,2.691
1777414683,161532775,robot_0,4.579,-3.232
1777414683,161544477,robot_1,4.105,-0.152
1777414683,361712709,robot_3,4.451,0.454
1777414683,361740592,robot_2,-0.123,-1.726
1777414683,361750651,robot_4,4.515,2.690
1777414683,361758685,robot_0,4.579,-3.232
1777414683,361765298,robot_1,4.105,-0.152
1777414683,581303664,robot_3,4.451,0.454
1777414683,581326250,robot_2,-0.095,-1.758
1777414683,581336297,robot_4,4.515,2.690
1777414683,581344994,robot_0,4.579,-3.232
1777414683,581352916,robot_1,4.105,-0.152
1777414683,801139303,robot_3,4.451,0.454
1777414683,801170138,robot_2,-0.068,-1.788
1777414683,801181617,robot_4,4.515,2.690
1777414683,801189925,robot_0,4.578,-3.233
1777414683,801198197,robot_1,4.104,-0.152
1777414684,21168360,robot_3,4.451,0.455
1777414684,21190943,robot_2,-0.021,-1.841
1777414684,21200293,robot_4,4.514,2.689
1777414684,21208283,robot_0,4.578,-3.233
1777414684,21214893,robot_1,4.104,-0.152
1777414684,240365988,robot_3,4.451,0.455
1777414684,240383746,robot_2,0.022,-1.889
1777414684,240390443,robot_4,4.514,2.689
1777414684,240395429,robot_0,4.578,-3.233
1777414684,240400474,robot_1,4.104,-0.152
1777414684,440513129,robot_3,4.451,0.456
1777414684,440533499,robot_2,0.049,-1.919
1777414684,440539957,robot_4,4.513,2.689
1777414684,440545323,robot_0,4.577,-3.233
1777414684,440550596,robot_1,4.104,-0.152
1777414684,660217232,robot_3,4.451,0.456
1777414684,660234738,robot_2,0.078,-1.952
1777414684,660241012,robot_4,4.513,2.689
1777414684,660246094,robot_0,4.577,-3.233
1777414684,660251165,robot_1,4.104,-0.152
1777414684,880594278,robot_3,4.451,0.456
1777414684,880612394,robot_2,0.122,-2.002
1777414684,880629121,robot_4,4.513,2.689
1777414684,880635163,robot_0,4.577,-3.233
1777414684,880640579,robot_1,4.104,-0.152
1777414685,99852515,robot_3,4.451,0.457
1777414685,99877377,robot_2,0.172,-2.057
1777414685,99884267,robot_4,4.513,2.689
1777414685,99889726,robot_0,4.576,-3.233
1777414685,99895214,robot_1,4.105,-0.152
1777414685,301662947,robot_3,4.451,0.457
1777414685,301682149,robot_2,0.190,-2.078
1777414685,301690837,robot_4,4.513,2.689
1777414685,301697505,robot_0,4.576,-3.233
1777414685,301703960,robot_1,4.105,-0.152
1777414685,521373436,robot_3,4.450,0.457
1777414685,521396442,robot_2,0.218,-2.109
1777414685,521406393,robot_4,4.513,2.689
1777414685,521414350,robot_0,4.576,-3.233
1777414685,521422368,robot_1,4.106,-0.152
1777414685,721602075,robot_3,4.450,0.458
1777414685,721623026,robot_2,0.245,-2.139
1777414685,721632089,robot_4,4.513,2.689
1777414685,721639649,robot_0,4.576,-3.233
1777414685,721647379,robot_1,4.106,-0.152
1777414685,940828970,robot_3,4.450,0.458
1777414685,940852678,robot_2,0.275,-2.173
1777414685,940859706,robot_4,4.514,2.689
1777414685,940865691,robot_0,4.577,-3.233
1777414685,940871075,robot_1,4.106,-0.152
1777414686,141232028,robot_3,4.450,0.458
1777414686,141276513,robot_2,0.308,-2.212
1777414686,141295519,robot_4,4.514,2.689
1777414686,141310539,robot_0,4.577,-3.233
1777414686,141325442,robot_1,4.107,-0.153
1777414686,342569484,robot_3,4.450,0.458
1777414686,342596740,robot_2,0.339,-2.253
1777414686,342609214,robot_4,4.514,2.690
1777414686,342618542,robot_0,4.577,-3.233
1777414686,342628002,robot_1,4.107,-0.153
1777414686,561445890,robot_3,4.450,0.458
1777414686,561463576,robot_2,0.368,-2.302
1777414686,561470268,robot_4,4.515,2.690
1777414686,561475871,robot_0,4.578,-3.233
1777414686,561480790,robot_1,4.107,-0.153
1777414686,781739973,robot_3,4.450,0.457
1777414686,781759933,robot_2,0.390,-2.353
1777414686,781768658,robot_4,4.515,2.690
1777414686,781775686,robot_0,4.578,-3.232
1777414686,781781836,robot_1,4.107,-0.153
1777414687,960150,robot_3,4.451,0.457
1777414687,981322,robot_2,0.407,-2.407
1777414687,989944,robot_4,4.515,2.691
1777414687,996298,robot_0,4.578,-3.232
1777414687,1002926,robot_1,4.107,-0.153
1777414687,221173668,robot_3,4.451,0.457
1777414687,221190410,robot_2,0.417,-2.463
1777414687,221196726,robot_4,4.515,2.691
1777414687,221201608,robot_0,4.578,-3.232
1777414687,221205991,robot_1,4.107,-0.153
1777414687,440798162,robot_3,4.451,0.456
1777414687,440819770,robot_2,0.421,-2.519
1777414687,440826366,robot_4,4.515,2.691
1777414687,440831884,robot_0,4.578,-3.231
1777414687,440836778,robot_1,4.107,-0.153
1777414687,661008327,robot_3,4.451,0.456
1777414687,661044861,robot_2,0.419,-2.571
1777414687,661056235,robot_4,4.515,2.691
1777414687,661064694,robot_0,4.578,-3.231
1777414687,661072445,robot_1,4.107,-0.153
1777414687,880151729,robot_3,4.451,0.455
1777414687,880171492,robot_2,0.416,-2.617
1777414687,880178024,robot_4,4.515,2.692
1777414687,880183724,robot_0,4.578,-3.231
1777414687,880188871,robot_1,4.107,-0.153
1777414688,80754820,robot_3,4.451,0.455
1777414688,80780068,robot_2,0.414,-2.657
1777414688,80789475,robot_4,4.515,2.692
1777414688,80797135,robot_0,4.578,-3.231
1777414688,80804533,robot_1,4.106,-0.152
1777414688,300225779,robot_3,4.451,0.454
1777414688,300241661,robot_2,0.411,-2.701
1777414688,300248035,robot_4,4.515,2.692
1777414688,300253036,robot_0,4.578,-3.231
1777414688,300257793,robot_1,4.106,-0.152
1777414688,500513229,robot_3,4.451,0.454
1777414688,500533305,robot_2,0.407,-2.754
1777414688,500541789,robot_4,4.514,2.693
1777414688,500548578,robot_0,4.578,-3.232
1777414688,500555688,robot_1,4.105,-0.152
1777414688,701401414,robot_3,4.451,0.454
1777414688,701429087,robot_2,0.404,-2.815
1777414688,701440124,robot_4,4.514,2.693
1777414688,701449028,robot_0,4.578,-3.232
1777414688,701457475,robot_1,4.105,-0.152
1777414688,920240467,robot_3,4.451,0.454
1777414688,920258549,robot_2,0.397,-2.887
1777414688,920265310,robot_4,4.514,2.693
1777414688,920270557,robot_0,4.578,-3.232
1777414688,920275328,robot_1,4.105,-0.153
1777414689,121391139,robot_3,4.451,0.454
1777414689,121417597,robot_2,0.389,-2.952
1777414689,121429849,robot_4,4.513,2.694
1777414689,121439707,robot_0,4.577,-3.232
1777414689,121448725,robot_1,4.104,-0.153
1777414689,339931753,robot_3,4.451,0.455
1777414689,339947937,robot_2,0.376,-3.023
1777414689,339962617,robot_4,4.513,2.694
1777414689,339967605,robot_0,4.577,-3.232
1777414689,339972826,robot_1,4.104,-0.153
1777414689,541096912,robot_3,4.451,0.455
1777414689,541117223,robot_2,0.360,-3.086
1777414689,541127019,robot_4,4.513,2.694
1777414689,541136737,robot_0,4.577,-3.233
1777414689,541144152,robot_1,4.104,-0.153
1777414689,741243135,robot_3,4.451,0.455
1777414689,741261636,robot_2,0.342,-3.149
1777414689,741269932,robot_4,4.512,2.694
1777414689,741275928,robot_0,4.576,-3.232
1777414689,741281335,robot_1,4.103,-0.154
1777414689,960850628,robot_3,4.451,0.456
1777414689,960870439,robot_2,0.319,-3.217
1777414689,960878392,robot_4,4.512,2.694
1777414689,960884232,robot_0,4.576,-3.232
1777414689,960889528,robot_1,4.103,-0.154
1777414690,181447065,robot_3,4.450,0.456
1777414690,181462757,robot_2,0.293,-3.281
1777414690,181469492,robot_4,4.512,2.694
1777414690,181474835,robot_0,4.576,-3.232
1777414690,181480034,robot_1,4.103,-0.155
1777414690,381486324,robot_3,4.450,0.457
1777414690,381523678,robot_2,0.276,-3.317
1777414690,381543925,robot_4,4.512,2.694
1777414690,381562904,robot_0,4.576,-3.232
1777414690,381579571,robot_1,4.103,-0.155
1777414690,600684239,robot_3,4.450,0.457
1777414690,600709817,robot_2,0.257,-3.357
1777414690,600716404,robot_4,4.512,2.694
1777414690,600721525,robot_0,4.576,-3.232
1777414690,600726542,robot_1,4.103,-0.156
1777414690,801236794,robot_3,4.450,0.457
1777414690,801257391,robot_2,0.238,-3.398
1777414690,801266506,robot_4,4.511,2.693
1777414690,801273844,robot_0,4.576,-3.232
1777414690,801281052,robot_1,4.104,-0.156
1777414691,20865080,robot_3,4.450,0.457
1777414691,20883491,robot_2,0.211,-3.455
1777414691,20891079,robot_4,4.511,2.693
1777414691,20897966,robot_0,4.576,-3.232
1777414691,20903878,robot_1,4.104,-0.156
1777414691,222080007,robot_3,4.450,0.457
1777414691,222107153,robot_2,0.198,-3.483
1777414691,222116626,robot_4,4.511,2.693
1777414691,222123908,robot_0,4.576,-3.232
1777414691,222130706,robot_1,4.104,-0.156
1777414691,422296089,robot_3,4.449,0.457
1777414691,422322741,robot_2,0.184,-3.513
1777414691,422332870,robot_4,4.510,2.692
1777414691,422339938,robot_0,4.577,-3.232
1777414691,422346496,robot_1,4.103,-0.155
1777414691,640895170,robot_3,4.449,0.457
1777414691,640913210,robot_2,0.165,-3.552
1777414691,640920791,robot_4,4.510,2.692
1777414691,640926836,robot_0,4.577,-3.232
1777414691,640932587,robot_1,4.103,-0.155
1777414691,840933243,robot_3,4.449,0.457
1777414691,840950831,robot_2,0.148,-3.589
1777414691,840957125,robot_4,4.510,2.692
1777414691,840962413,robot_0,4.577,-3.232
1777414691,840967306,robot_1,4.104,-0.154
1777414692,41708609,robot_3,4.448,0.457
1777414692,41729390,robot_2,0.131,-3.624
1777414692,41738155,robot_4,4.510,2.691
1777414692,41744518,robot_0,4.577,-3.232
1777414692,41751224,robot_1,4.104,-0.154
1777414692,241874233,robot_3,4.448,0.457
1777414692,241891401,robot_2,0.113,-3.659
1777414692,241898206,robot_4,4.510,2.691
1777414692,241903432,robot_0,4.577,-3.231
1777414692,241908456,robot_1,4.104,-0.154
1777414692,461731817,robot_3,4.447,0.457
1777414692,461763966,robot_2,0.088,-3.694
1777414692,461777082,robot_4,4.510,2.691
1777414692,461788232,robot_0,4.577,-3.231
1777414692,461798035,robot_1,4.104,-0.153
1777414692,681534147,robot_3,4.447,0.457
1777414692,681561883,robot_2,0.059,-3.726
1777414692,681574369,robot_4,4.510,2.691
1777414692,681586423,robot_0,4.577,-3.231
1777414692,681597308,robot_1,4.105,-0.153
1777414692,901453605,robot_3,4.447,0.456
1777414692,901480842,robot_2,0.026,-3.753
1777414692,901495842,robot_4,4.510,2.691
1777414692,901505631,robot_0,4.577,-3.231
1777414692,901513007,robot_1,4.105,-0.153
1777414693,121199356,robot_3,4.446,0.456
1777414693,121230594,robot_2,-0.012,-3.775
1777414693,121258713,robot_4,4.510,2.692
1777414693,121269455,robot_0,4.577,-3.231
1777414693,121279833,robot_1,4.105,-0.153
1777414693,341358561,robot_3,4.446,0.456
1777414693,341378356,robot_2,-0.052,-3.791
1777414693,341386635,robot_4,4.511,2.692
1777414693,341393999,robot_0,4.577,-3.231
1777414693,341400307,robot_1,4.105,-0.153
1777414693,560625646,robot_3,4.446,0.456
1777414693,560643476,robot_2,-0.101,-3.803
1777414693,560651141,robot_4,4.511,2.693
1777414693,560656863,robot_0,4.577,-3.231
1777414693,560662214,robot_1,4.105,-0.153
1777414693,780270589,robot_3,4.446,0.456
1777414693,780285919,robot_2,-0.154,-3.810
1777414693,780292628,robot_4,4.511,2.693
1777414693,780297399,robot_0,4.577,-3.232
1777414693,780302936,robot_1,4.105,-0.153
1777414693,980395492,robot_3,4.446,0.456
1777414693,980412789,robot_2,-0.194,-3.816
1777414693,980419196,robot_4,4.512,2.693
1777414693,980424234,robot_0,4.577,-3.232
1777414693,980428794,robot_1,4.105,-0.153
1777414694,181140802,robot_3,4.446,0.456
1777414694,181159325,robot_2,-0.234,-3.821
1777414694,181168441,robot_4,4.512,2.693
1777414694,181175470,robot_0,4.576,-3.232
1777414694,181181670,robot_1,4.105,-0.153
1777414694,382233437,robot_3,4.447,0.456
1777414694,382263517,robot_2,-0.278,-3.827
1777414694,382276385,robot_4,4.513,2.693
1777414694,382286188,robot_0,4.576,-3.232
1777414694,382296067,robot_1,4.104,-0.153
1777414694,582622077,robot_3,4.447,0.457
1777414694,582656648,robot_2,-0.343,-3.835
1777414694,582675418,robot_4,4.513,2.693
1777414694,582692184,robot_0,4.576,-3.232
1777414694,582708190,robot_1,4.104,-0.154
1777414694,800734606,robot_3,4.448,0.457
1777414694,800750311,robot_2,-0.412,-3.839
1777414694,800756876,robot_4,4.513,2.693
1777414694,800762239,robot_0,4.575,-3.232
1777414694,800767430,robot_1,4.104,-0.154
1777414695,10671996,robot_3,4.448,0.457
1777414695,10691663,robot_2,-0.479,-3.839
1777414695,10699649,robot_4,4.513,2.693
1777414695,10705301,robot_0,4.575,-3.232
1777414695,10711360,robot_1,4.104,-0.155
1777414695,211425042,robot_3,4.449,0.457
1777414695,211454860,robot_2,-0.536,-3.836
1777414695,211470124,robot_4,4.513,2.693
1777414695,211481666,robot_0,4.575,-3.232
1777414695,211492943,robot_1,4.104,-0.155
1777414695,431247811,robot_3,4.449,0.457
1777414695,431280780,robot_2,-0.580,-3.831
1777414695,431295064,robot_4,4.513,2.693
1777414695,431306253,robot_0,4.575,-3.232
1777414695,431317155,robot_1,4.104,-0.156
1777414695,650962275,robot_3,4.450,0.457
1777414695,650983475,robot_2,-0.624,-3.826
1777414695,650992305,robot_4,4.513,2.693
1777414695,651000113,robot_0,4.575,-3.232
1777414695,651007795,robot_1,4.104,-0.156
1777414695,851172506,robot_3,4.450,0.457
1777414695,851196321,robot_2,-0.665,-3.821
1777414695,851207266,robot_4,4.512,2.693
1777414695,851216231,robot_0,4.575,-3.232
1777414695,851224474,robot_1,4.105,-0.156
1777414696,70755263,robot_3,4.438,0.437
1777414696,70772039,robot_2,-0.737,-3.813
1777414696,70779352,robot_4,4.512,2.693
1777414696,70784788,robot_0,4.576,-3.232
1777414696,70789513,robot_1,4.105,-0.157
1777414696,290056787,robot_3,4.415,0.399
1777414696,290071558,robot_2,-0.784,-3.807
1777414696,290078081,robot_4,4.512,2.693
1777414696,290083405,robot_0,4.576,-3.232
1777414696,290088270,robot_1,4.106,-0.157
1777414696,490943470,robot_3,4.395,0.365
1777414696,490966606,robot_2,-0.817,-3.804
1777414696,490975528,robot_4,4.511,2.692
1777414696,490983217,robot_0,4.576,-3.232
1777414696,490989940,robot_1,4.106,-0.157
1777414696,691608659,robot_3,4.372,0.334
1777414696,691623138,robot_2,-0.857,-3.799
1777414696,691629669,robot_4,4.511,2.692
1777414696,691634527,robot_0,4.576,-3.231
1777414696,691639580,robot_1,4.100,-0.169
1777414696,911460182,robot_3,4.346,0.301
1777414696,911490792,robot_2,-0.901,-3.794
1777414696,911506292,robot_4,4.511,2.692
1777414696,911518420,robot_0,4.576,-3.231
1777414696,911529343,robot_1,4.073,-0.204
1777414697,130356332,robot_3,4.328,0.269
1777414697,130383936,robot_2,-0.938,-3.789
1777414697,130394855,robot_4,4.511,2.691
1777414697,130402987,robot_0,4.577,-3.231
1777414697,130411053,robot_1,4.040,-0.226
1777414697,330546866,robot_3,4.311,0.241
1777414697,330564101,robot_2,-0.966,-3.785
1777414697,330570845,robot_4,4.511,2.691
1777414697,330576315,robot_0,4.577,-3.231
1777414697,330581349,robot_1,4.010,-0.235
1777414697,531213140,robot_3,4.294,0.209
1777414697,531233744,robot_2,-0.993,-3.778
1777414697,531241883,robot_4,4.511,2.690
1777414697,531248333,robot_0,4.577,-3.231
1777414697,531254417,robot_1,3.988,-0.238
1777414697,751086846,robot_3,4.276,0.170
1777414697,751113255,robot_2,-1.022,-3.766
1777414697,751133042,robot_4,4.511,2.690
1777414697,751139916,robot_0,4.577,-3.231
1777414697,751146971,robot_1,3.980,-0.240
1777414697,951421726,robot_3,4.264,0.140
1777414697,951442893,robot_2,-1.046,-3.753
1777414697,951450284,robot_4,4.512,2.690
1777414697,951455979,robot_0,4.577,-3.231
1777414697,951461389,robot_1,3.964,-0.261
1777414698,152604051,robot_3,4.250,0.117
1777414698,152641000,robot_2,-1.069,-3.736
1777414698,152656430,robot_4,4.512,2.689
1777414698,152668550,robot_0,4.577,-3.230
1777414698,152680010,robot_1,3.947,-0.283
1777414698,371397002,robot_3,4.250,0.117
1777414698,371417027,robot_2,-1.092,-3.715
1777414698,371426742,robot_4,4.512,2.689
1777414698,371434327,robot_0,4.577,-3.231
1777414698,371441750,robot_1,3.935,-0.301
1777414698,590199586,robot_3,4.250,0.117
1777414698,590221687,robot_2,-1.112,-3.690
1777414698,590228397,robot_4,4.513,2.689
1777414698,590234266,robot_0,4.576,-3.231
1777414698,590239707,robot_1,3.926,-0.318
1777414698,790814860,robot_3,4.252,0.118
1777414698,790832153,robot_2,-1.130,-3.662
1777414698,790840912,robot_4,4.513,2.689
1777414698,790847057,robot_0,4.576,-3.231
1777414698,790853680,robot_1,3.925,-0.329
1777414699,10858474,robot_3,4.256,0.119
1777414699,10889744,robot_2,-1.152,-3.626
1777414699,10903796,robot_4,4.513,2.689
1777414699,10915476,robot_0,4.576,-3.231
1777414699,10926316,robot_1,3.920,-0.341
1777414699,212866494,robot_3,4.261,0.120
1777414699,212892157,robot_2,-1.173,-3.592
1777414699,212903675,robot_4,4.513,2.689
1777414699,212912247,robot_0,4.576,-3.232
1777414699,212920526,robot_1,3.910,-0.351
1777414699,434395153,robot_3,4.277,0.124
1777414699,434428232,robot_2,-1.196,-3.554
1777414699,434442784,robot_4,4.513,2.689
1777414699,434455022,robot_0,4.575,-3.232
1777414699,434466120,robot_1,3.906,-0.352
1777414699,652269638,robot_3,4.294,0.132
1777414699,652301378,robot_2,-1.238,-3.487
1777414699,652315122,robot_4,4.513,2.689
1777414699,652326389,robot_0,4.575,-3.232
1777414699,652338078,robot_1,3.905,-0.352
1777414699,852667967,robot_3,4.308,0.143
1777414699,852697500,robot_2,-1.267,-3.439
1777414699,852711343,robot_4,4.512,2.689
1777414699,852723492,robot_0,4.575,-3.232
1777414699,852735221,robot_1,3.905,-0.352
1777414700,71704647,robot_3,4.309,0.149
1777414700,71729509,robot_2,-1.287,-3.410
1777414700,71740534,robot_4,4.512,2.690
1777414700,71748903,robot_0,4.574,-3.231
1777414700,71756857,robot_1,3.905,-0.352
1777414700,291433505,robot_3,4.309,0.149
1777414700,291463396,robot_2,-1.309,-3.382
1777414700,291478844,robot_4,4.512,2.690
1777414700,291488744,robot_0,4.574,-3.231
1777414700,291497953,robot_1,3.905,-0.352
1777414700,511160946,robot_3,4.309,0.149
1777414700,511177605,robot_2,-1.334,-3.356
1777414700,511183645,robot_4,4.511,2.691
1777414700,511188978,robot_0,4.574,-3.231
1777414700,511194049,robot_1,3.905,-0.353
1777414700,711949716,robot_3,4.299,0.153
1777414700,711976665,robot_2,-1.358,-3.334
1777414700,711988808,robot_4,4.511,2.691
1777414700,711998866,robot_0,4.574,-3.231
1777414700,712008554,robot_1,3.906,-0.353
1777414700,933449850,robot_3,4.260,0.174
1777414700,933483207,robot_2,-1.386,-3.313
1777414700,933499315,robot_4,4.511,2.692
1777414700,933510639,robot_0,4.575,-3.231
1777414700,933521447,robot_1,3.906,-0.353
1777414701,151816396,robot_3,4.221,0.194
1777414701,151850959,robot_2,-1.416,-3.293
1777414701,151864402,robot_4,4.511,2.692
1777414701,151874077,robot_0,4.575,-3.231
1777414701,151883745,robot_1,3.907,-0.353
1777414701,371151227,robot_3,4.166,0.223
1777414701,371176169,robot_2,-1.430,-3.285
1777414701,371184392,robot_4,4.511,2.692
1777414701,371190910,robot_0,4.575,-3.231
1777414701,371196884,robot_1,3.907,-0.353
1777414701,572113463,robot_3,4.107,0.256
1777414701,572134443,robot_2,-1.430,-3.285
1777414701,572143081,robot_4,4.511,2.692
1777414701,572150468,robot_0,4.575,-3.231
1777414701,572156937,robot_1,3.908,-0.353
1777414701,791154226,robot_3,4.044,0.295
1777414701,791173093,robot_2,-1.430,-3.284
1777414701,791181671,robot_4,4.511,2.692
1777414701,791188833,robot_0,4.576,-3.231
1777414701,791195107,robot_1,3.908,-0.353
1777414702,10588181,robot_3,3.982,0.337
1777414702,10607183,robot_2,-1.430,-3.284
1777414702,10614912,robot_4,4.511,2.691
1777414702,10620901,robot_0,4.576,-3.231
1777414702,10626059,robot_1,3.909,-0.353
1777414702,212536315,robot_3,3.927,0.376
1777414702,212559828,robot_2,-1.430,-3.283
1777414702,212569973,robot_4,4.511,2.691
1777414702,212578550,robot_0,4.576,-3.230
1777414702,212585988,robot_1,3.909,-0.353
1777414702,430428585,robot_3,3.868,0.422
1777414702,430449400,robot_2,-1.431,-3.283
1777414702,430456770,robot_4,4.512,2.691
1777414702,430462332,robot_0,4.576,-3.230
1777414702,430467451,robot_1,3.909,-0.352
1777414702,650216442,robot_3,3.811,0.471
1777414702,650234150,robot_2,-1.431,-3.283
1777414702,650241502,robot_4,4.512,2.690
1777414702,650247402,robot_0,4.576,-3.230
1777414702,650254063,robot_1,3.909,-0.352
1777414702,851415278,robot_3,3.759,0.519
1777414702,851438207,robot_2,-1.431,-3.282
1777414702,851448002,robot_4,4.512,2.690
1777414702,851456450,robot_0,4.576,-3.230
1777414702,851464700,robot_1,3.909,-0.351
1777414703,71180291,robot_3,3.701,0.573
1777414703,71198186,robot_2,-1.432,-3.282
1777414703,71206254,robot_4,4.513,2.690
1777414703,71213081,robot_0,4.576,-3.230
1777414703,71219387,robot_1,3.910,-0.351
1777414703,291748701,robot_3,3.695,0.583
1777414703,291772198,robot_2,-1.432,-3.282
1777414703,291783780,robot_4,4.513,2.690
1777414703,291792976,robot_0,4.576,-3.230
1777414703,291801330,robot_1,3.909,-0.350
1777414703,511633650,robot_3,3.695,0.583
1777414703,511664638,robot_2,-1.432,-3.282
1777414703,511678951,robot_4,4.514,2.690
1777414703,511690982,robot_0,4.576,-3.230
1777414703,511702449,robot_1,3.909,-0.350
1777414703,731049796,robot_3,3.703,0.584
1777414703,731068047,robot_2,-1.432,-3.282
1777414703,731075363,robot_4,4.514,2.690
1777414703,731080804,robot_0,4.576,-3.231
1777414703,731086143,robot_1,3.909,-0.350
1777414703,951512234,robot_3,3.717,0.578
1777414703,951531796,robot_2,-1.432,-3.282
1777414703,951539065,robot_4,4.515,2.690
1777414703,951544740,robot_0,4.575,-3.231
1777414703,951550042,robot_1,3.909,-0.350
1777414704,170247438,robot_3,3.737,0.578
1777414704,170263168,robot_2,-1.433,-3.282
1777414704,170270488,robot_4,4.515,2.690
1777414704,170276011,robot_0,4.575,-3.231
1777414704,170280991,robot_1,3.909,-0.349
1777414704,371346902,robot_3,3.753,0.588
1777414704,371371403,robot_2,-1.433,-3.282
1777414704,371380261,robot_4,4.515,2.690
1777414704,371388081,robot_0,4.575,-3.231
1777414704,371395153,robot_1,3.909,-0.349
1777414704,591537404,robot_3,3.759,0.592
1777414704,591561709,robot_2,-1.434,-3.282
1777414704,591572029,robot_4,4.516,2.691
1777414704,591580822,robot_0,4.574,-3.231
1777414704,591589111,robot_1,3.908,-0.349
1777414704,810273336,robot_3,3.759,0.596
1777414704,810291083,robot_2,-1.434,-3.282
1777414704,810297697,robot_4,4.516,2.691
1777414704,810303175,robot_0,4.574,-3.231
1777414704,810308248,robot_1,3.908,-0.349
1777414705,12324430,robot_3,3.760,0.600
1777414705,12356534,robot_2,-1.435,-3.283
1777414705,12370385,robot_4,4.516,2.691
1777414705,12380878,robot_0,4.574,-3.231
1777414705,12391483,robot_1,3.907,-0.348
1777414705,231354410,robot_3,3.761,0.604
1777414705,231384240,robot_2,-1.435,-3.283
1777414705,231395505,robot_4,4.516,2.692
1777414705,231404243,robot_0,4.574,-3.231
1777414705,231411420,robot_1,3.907,-0.348
1777414705,431486573,robot_3,3.762,0.608
1777414705,431509600,robot_2,-1.435,-3.283
1777414705,431517980,robot_4,4.516,2.692
1777414705,431525201,robot_0,4.574,-3.231
1777414705,431531179,robot_1,3.907,-0.348
1777414705,650189514,robot_3,3.763,0.609
1777414705,650205851,robot_2,-1.435,-3.284
1777414705,650212713,robot_4,4.516,2.691
1777414705,650217797,robot_0,4.574,-3.231
1777414705,650222905,robot_1,3.906,-0.349
1777414705,852344114,robot_3,3.763,0.609
1777414705,852370394,robot_2,-1.417,-3.290
1777414705,852382752,robot_4,4.516,2.691
1777414705,852393308,robot_0,4.574,-3.231
1777414705,852402595,robot_1,3.906,-0.349
1777414706,71340856,robot_3,3.763,0.609
1777414706,71371500,robot_2,-1.376,-3.306
1777414706,71384201,robot_4,4.515,2.691
1777414706,71395142,robot_0,4.574,-3.231
1777414706,71405227,robot_1,3.906,-0.349
1777414706,291312653,robot_3,3.766,0.612
1777414706,291335063,robot_2,-1.335,-3.322
1777414706,291345553,robot_4,4.515,2.690
1777414706,291354348,robot_0,4.574,-3.231
1777414706,291362344,robot_1,3.906,-0.349
1777414706,491739040,robot_3,3.769,0.614
1777414706,491769404,robot_2,-1.301,-3.335
1777414706,491783393,robot_4,4.515,2.690
1777414706,491795403,robot_0,4.575,-3.231
1777414706,491806722,robot_1,3.906,-0.349
1777414706,711100724,robot_3,3.772,0.615
1777414706,711119664,robot_2,-1.254,-3.353
1777414706,711126297,robot_4,4.514,2.690
1777414706,711132558,robot_0,4.575,-3.231
1777414706,711137962,robot_1,3.906,-0.349
1777414706,912716342,robot_3,3.776,0.616
1777414706,912747064,robot_2,-1.189,-3.377
1777414706,912761963,robot_4,4.514,2.690
1777414706,912774459,robot_0,4.575,-3.230
1777414706,912785099,robot_1,3.907,-0.349
1777414707,131412603,robot_3,3.779,0.617
1777414707,131441755,robot_2,-1.117,-3.400
1777414707,131451827,robot_4,4.513,2.690
1777414707,131460030,robot_0,4.575,-3.230
1777414707,131468096,robot_1,3.907,-0.349
1777414707,351432908,robot_3,3.783,0.616
1777414707,351471692,robot_2,-1.045,-3.422
1777414707,351486411,robot_4,4.513,2.690
1777414707,351497617,robot_0,4.575,-3.230
1777414707,351507938,robot_1,3.908,-0.349
1777414707,571140306,robot_3,3.786,0.615
1777414707,571161712,robot_2,-0.971,-3.440
1777414707,571169588,robot_4,4.516,2.703
1777414707,571176360,robot_0,4.575,-3.230
1777414707,571182328,robot_1,3.908,-0.349
1777414707,791188268,robot_3,3.789,0.613
1777414707,791207282,robot_2,-0.897,-3.457
1777414707,791215018,robot_4,4.528,2.745
1777414707,791222219,robot_0,4.575,-3.230
1777414707,791229028,robot_1,3.909,-0.349
1777414708,11454008,robot_3,3.790,0.612
1777414708,11479100,robot_2,-0.823,-3.471
1777414708,11489694,robot_4,4.541,2.787
1777414708,11499196,robot_0,4.575,-3.230
1777414708,11507842,robot_1,3.909,-0.350
1777414708,230672024,robot_3,3.790,0.612
1777414708,230688542,robot_2,-0.758,-3.481
1777414708,230696117,robot_4,4.546,2.806
1777414708,230701647,robot_0,4.575,-3.230
1777414708,230707057,robot_1,3.909,-0.350
1777414708,430879194,robot_3,3.790,0.612
1777414708,430899542,robot_2,-0.718,-3.486
1777414708,430906162,robot_4,4.546,2.806
1777414708,430911851,robot_0,4.575,-3.230
1777414708,430917015,robot_1,3.909,-0.351
1777414708,632049233,robot_3,3.789,0.613
1777414708,632094913,robot_2,-0.678,-3.491
1777414708,632106806,robot_4,4.546,2.806
1777414708,632115175,robot_0,4.575,-3.230
1777414708,632123693,robot_1,3.889,-0.357
1777414708,851330515,robot_3,3.788,0.614
1777414708,851354696,robot_2,-0.619,-3.498
1777414708,851365670,robot_4,4.547,2.806
1777414708,851374329,robot_0,4.575,-3.230
1777414708,851383112,robot_1,3.847,-0.369
1777414709,71261467,robot_3,3.786,0.614
1777414709,71282874,robot_2,-0.547,-3.505
1777414709,71292028,robot_4,4.547,2.806
1777414709,71299654,robot_0,4.574,-3.231
1777414709,71305937,robot_1,3.805,-0.381
1777414709,291339893,robot_3,3.786,0.614
1777414709,291358732,robot_2,-0.477,-3.508
1777414709,291366501,robot_4,4.548,2.806
1777414709,291372426,robot_0,4.574,-3.231
1777414709,291377965,robot_1,3.739,-0.400
1777414709,511590261,robot_3,3.785,0.614
1777414709,511614950,robot_2,-0.407,-3.506
1777414709,511625333,robot_4,4.548,2.806
1777414709,511634420,robot_0,4.574,-3.231
1777414709,511643473,robot_1,3.674,-0.416
1777414709,731052011,robot_3,3.786,0.613
1777414709,731068939,robot_2,-0.338,-3.500
1777414709,731075758,robot_4,4.548,2.807
1777414709,731080945,robot_0,4.573,-3.231
1777414709,731085925,robot_1,3.609,-0.426
1777414709,931158872,robot_3,3.786,0.613
1777414709,931179837,robot_2,-0.275,-3.491
1777414709,931186652,robot_4,4.548,2.807
1777414709,931192789,robot_0,4.573,-3.231
1777414709,931198034,robot_1,3.548,-0.431
1777414710,132134400,robot_3,3.786,0.612
1777414710,132160992,robot_2,-0.212,-3.478
1777414710,132172382,robot_4,4.549,2.807
1777414710,132181799,robot_0,4.573,-3.231
1777414710,132190117,robot_1,3.488,-0.431
1777414710,351257059,robot_3,3.786,0.612
1777414710,351279397,robot_2,-0.146,-3.460
1777414710,351289236,robot_4,4.549,2.808
1777414710,351298371,robot_0,4.573,-3.231
1777414710,351306057,robot_1,3.422,-0.426
1777414710,551816232,robot_3,3.786,0.612
1777414710,551848450,robot_2,-0.084,-3.439
1777414710,551863274,robot_4,4.549,2.808
1777414710,551874648,robot_0,4.573,-3.231
1777414710,551886379,robot_1,3.362,-0.417
1777414710,771291617,robot_3,3.786,0.612
1777414710,771310738,robot_2,-0.019,-3.419
1777414710,771318588,robot_4,4.549,2.808
1777414710,771325055,robot_0,4.573,-3.231
1777414710,771330898,robot_1,3.302,-0.403
1777414710,971771422,robot_3,3.786,0.612
1777414710,971790999,robot_2,0.040,-3.404
1777414710,971798822,robot_4,4.549,2.808
1777414710,971804482,robot_0,4.573,-3.231
1777414710,971809974,robot_1,3.254,-0.388
1777414711,189944870,robot_3,3.786,0.611
1777414711,189960946,robot_2,0.106,-3.394
1777414711,189967535,robot_4,4.549,2.808
1777414711,189972290,robot_0,4.574,-3.231
1777414711,189977314,robot_1,3.212,-0.375
1777414711,392664214,robot_3,3.787,0.611
1777414711,392692711,robot_2,0.167,-3.388
1777414711,392705089,robot_4,4.548,2.809
1777414711,392715396,robot_0,4.574,-3.230
1777414711,392725202,robot_1,3.174,-0.363
1777414711,610334613,robot_3,3.787,0.611
1777414711,610352564,robot_2,0.233,-3.388
1777414711,610359445,robot_4,4.548,2.809
1777414711,610364894,robot_0,4.574,-3.230
1777414711,610370613,robot_1,3.136,-0.351
1777414711,811742895,robot_3,3.788,0.611
1777414711,811782108,robot_2,0.288,-3.391
1777414711,811804758,robot_4,4.548,2.810
1777414711,811824305,robot_0,4.574,-3.230
1777414711,811842315,robot_1,3.103,-0.340
1777414712,11925350,robot_3,3.788,0.611
1777414712,11946477,robot_2,0.327,-3.396
1777414712,11955137,robot_4,4.548,2.810
1777414712,11961649,robot_0,4.574,-3.230
1777414712,11968118,robot_1,3.061,-0.327
1777414712,230055685,robot_3,3.789,0.611
1777414712,230074425,robot_2,0.371,-3.402
1777414712,230081557,robot_4,4.547,2.810
1777414712,230087295,robot_0,4.574,-3.230
1777414712,230093077,robot_1,3.017,-0.313
1777414712,430574334,robot_3,3.789,0.611
1777414712,430595907,robot_2,0.404,-3.406
1777414712,430603260,robot_4,4.547,2.810
1777414712,430610682,robot_0,4.575,-3.229
1777414712,430618818,robot_1,2.979,-0.301
1777414712,631532755,robot_3,3.790,0.611
1777414712,631557327,robot_2,0.431,-3.409
1777414712,631568364,robot_4,4.546,2.810
1777414712,631577934,robot_0,4.575,-3.229
1777414712,631586602,robot_1,2.941,-0.289
1777414712,850296878,robot_3,3.790,0.611
1777414712,850313618,robot_2,0.460,-3.408
1777414712,850320775,robot_4,4.546,2.810
1777414712,850326840,robot_0,4.575,-3.229
1777414712,850332554,robot_1,2.909,-0.279
1777414713,51451901,robot_3,3.790,0.611
1777414713,51474082,robot_2,0.487,-3.403
1777414713,51483421,robot_4,4.546,2.810
1777414713,51491282,robot_0,4.575,-3.229
1777414713,51499172,robot_1,2.884,-0.270
1777414713,271243617,robot_3,3.790,0.611
1777414713,271260742,robot_2,0.515,-3.393
1777414713,271267897,robot_4,4.546,2.810
1777414713,271274278,robot_0,4.575,-3.229
1777414713,271279093,robot_1,2.858,-0.258
1777414713,493134756,robot_3,3.790,0.611
1777414713,493155210,robot_2,0.541,-3.378
1777414713,493162723,robot_4,4.546,2.810
1777414713,493168085,robot_0,4.574,-3.229
1777414713,493173819,robot_1,2.832,-0.243
1777414713,710548756,robot_3,3.790,0.611
1777414713,710566259,robot_2,0.564,-3.360
1777414713,710572561,robot_4,4.545,2.810
1777414713,710578467,robot_0,4.574,-3.230
1777414713,710583378,robot_1,2.808,-0.227
1777414713,930840205,robot_3,3.790,0.611
1777414713,930860667,robot_2,0.586,-3.337
1777414713,930867962,robot_4,4.545,2.810
1777414713,930873358,robot_0,4.574,-3.230
1777414713,930878455,robot_1,2.785,-0.210
1777414714,131245255,robot_3,3.789,0.611
1777414714,131268318,robot_2,0.612,-3.307
1777414714,131278253,robot_4,4.545,2.810
1777414714,131286435,robot_0,4.574,-3.230
1777414714,131294631,robot_1,2.766,-0.192
1777414714,350179588,robot_3,3.789,0.611
1777414714,350197061,robot_2,0.642,-3.274
1777414714,350204036,robot_4,4.544,2.809
1777414714,350209480,robot_0,4.573,-3.230
1777414714,350214590,robot_1,2.745,-0.170
1777414714,551733167,robot_3,3.788,0.611
1777414714,551754624,robot_2,0.671,-3.241
1777414714,551762856,robot_4,4.544,2.809
1777414714,551769198,robot_0,4.573,-3.230
1777414714,551775152,robot_1,2.726,-0.149
1777414714,771039711,robot_3,3.788,0.611
1777414714,771061729,robot_2,0.704,-3.200
1777414714,771069903,robot_4,4.544,2.808
1777414714,771076828,robot_0,4.573,-3.230
1777414714,771084057,robot_1,2.704,-0.128
1777414714,971830704,robot_3,3.787,0.611
1777414714,971850388,robot_2,0.730,-3.161
1777414714,971857778,robot_4,4.544,2.808
1777414714,971863235,robot_0,4.572,-3.230
1777414714,971868318,robot_1,2.682,-0.109
1777414715,191862304,robot_3,3.787,0.612
1777414715,191883812,robot_2,0.754,-3.115
1777414715,191892972,robot_4,4.544,2.808
1777414715,191901405,robot_0,4.572,-3.230
1777414715,191908331,robot_1,2.657,-0.091
1777414715,391943035,robot_3,3.786,0.612
1777414715,391960411,robot_2,0.772,-3.071
1777414715,391967011,robot_4,4.544,2.808
1777414715,391973011,robot_0,4.572,-3.230
1777414715,391978435,robot_1,2.633,-0.076
1777414715,592069411,robot_3,3.786,0.612
1777414715,592088499,robot_2,0.787,-3.026
1777414715,592096063,robot_4,4.544,2.808
1777414715,592101844,robot_0,4.572,-3.230
1777414715,592108071,robot_1,2.609,-0.062
1777414715,811905394,robot_3,3.795,0.619
1777414715,811930099,robot_2,0.797,-2.976
1777414715,811938766,robot_4,4.544,2.809
1777414715,811945778,robot_0,4.572,-3.230
1777414715,811952578,robot_1,2.575,-0.047
1777414716,30210272,robot_3,3.831,0.644
1777414716,30227242,robot_2,0.804,-2.917
1777414716,30234113,robot_4,4.544,2.809
1777414716,30239459,robot_0,4.573,-3.230
1777414716,30244505,robot_1,2.534,-0.030
1777414716,249949398,robot_3,3.866,0.670
1777414716,249966098,robot_2,0.807,-2.849
1777414716,249972866,robot_4,4.545,2.809
1777414716,249978584,robot_0,4.573,-3.230
1777414716,249983339,robot_1,2.493,-0.013
1777414716,450477015,robot_3,3.894,0.690
1777414716,450496389,robot_2,0.809,-2.809
1777414716,450503606,robot_4,4.545,2.810
1777414716,450508928,robot_0,4.573,-3.230
1777414716,450514025,robot_1,2.436,0.011
1777414716,651333128,robot_3,3.919,0.708
1777414716,651352526,robot_2,0.811,-2.769
1777414716,651360732,robot_4,4.546,2.810
1777414716,651368235,robot_0,4.573,-3.230
1777414716,651374274,robot_1,2.371,0.038
1777414716,851485815,robot_3,3.951,0.731
1777414716,851514814,robot_2,0.813,-2.728
1777414716,851525604,robot_4,4.546,2.810
1777414716,851533348,robot_0,4.574,-3.230
1777414716,851541007,robot_1,2.315,0.061
1777414717,71267082,robot_3,3.987,0.756
1777414717,71291704,robot_2,0.816,-2.650
1777414717,71302852,robot_4,4.547,2.810
1777414717,71310710,robot_0,4.574,-3.229
1777414717,71320012,robot_1,2.269,0.080
1777414717,291520412,robot_3,4.022,0.782
1777414717,291543900,robot_2,0.820,-2.583
1777414717,291554772,robot_4,4.547,2.810
1777414717,291563306,robot_0,4.574,-3.229
1777414717,291571595,robot_1,2.228,0.097
1777414717,510538657,robot_3,4.058,0.808
1777414717,510558286,robot_2,0.827,-2.522
1777414717,510565209,robot_4,4.547,2.810
1777414717,510571352,robot_0,4.574,-3.229
1777414717,510576665,robot_1,2.187,0.114
1777414717,731207094,robot_3,4.098,0.836
1777414717,731229051,robot_2,0.839,-2.461
1777414717,731238349,robot_4,4.547,2.810
1777414717,731245527,robot_0,4.574,-3.229
1777414717,731253101,robot_1,2.142,0.134
1777414717,950522145,robot_3,4.150,0.873
1777414717,950541277,robot_2,0.857,-2.402
1777414717,950548065,robot_4,4.547,2.810
1777414717,950553459,robot_0,4.574,-3.229
1777414717,950558367,robot_1,2.098,0.157
1777414718,151965825,robot_3,4.209,0.915
1777414718,151989829,robot_2,0.878,-2.350
1777414718,151999870,robot_4,4.547,2.810
1777414718,152008336,robot_0,4.574,-3.229
1777414718,152015732,robot_1,2.061,0.183
1777414718,370841896,robot_3,4.222,0.925
1777414718,370861155,robot_2,0.907,-2.295
1777414718,370869090,robot_4,4.547,2.810
1777414718,370875605,robot_0,4.574,-3.229
1777414718,370881422,robot_1,2.025,0.216
1777414718,591428372,robot_3,4.222,0.925
1777414718,591456821,robot_2,0.940,-2.243
1777414718,591469822,robot_4,4.548,2.810
1777414718,591482008,robot_0,4.574,-3.229
1777414718,591488434,robot_1,1.992,0.254
1777414718,812429745,robot_3,4.223,0.924
1777414718,812465154,robot_2,0.969,-2.205
1777414718,812479692,robot_4,4.548,2.809
1777414718,812491980,robot_0,4.573,-3.229
1777414718,812503253,robot_1,1.965,0.295
1777414719,31571377,robot_3,4.223,0.924
1777414719,31600036,robot_2,0.997,-2.171
1777414719,31609516,robot_4,4.549,2.809
1777414719,31615666,robot_0,4.573,-3.230
1777414719,31622312,robot_1,1.942,0.340
1777414719,251004382,robot_3,4.224,0.924
1777414719,251025205,robot_2,1.026,-2.136
1777414719,251042170,robot_4,4.549,2.808
1777414719,251048267,robot_0,4.573,-3.230
1777414719,251054041,robot_1,1.913,0.415
1777414719,470496988,robot_3,4.224,0.924
1777414719,470517283,robot_2,1.074,-2.080
1777414719,470524350,robot_4,4.549,2.808
1777414719,470529938,robot_0,4.572,-3.230
1777414719,470535463,robot_1,1.893,0.469
1777414719,671112888,robot_3,4.225,0.924
1777414719,671131980,robot_2,1.117,-2.033
1777414719,671138972,robot_4,4.549,2.807
1777414719,671145438,robot_0,4.572,-3.230
1777414719,671151623,robot_1,1.879,0.506
1777414719,891728832,robot_3,4.225,0.924
1777414719,891748568,robot_2,1.168,-1.984
1777414719,891757784,robot_4,4.549,2.807
1777414719,891764997,robot_0,4.572,-3.230
1777414719,891772015,robot_1,1.863,0.547
1777414720,92398700,robot_3,4.226,0.925
1777414720,92418219,robot_2,1.216,-1.943
1777414720,92426031,robot_4,4.549,2.807
1777414720,92432188,robot_0,4.571,-3.230
1777414720,92438409,robot_1,1.850,0.584
1777414720,311223317,robot_3,4.226,0.925
1777414720,311245358,robot_2,1.272,-1.900
1777414720,311253941,robot_4,4.549,2.807
1777414720,311260943,robot_0,4.571,-3.230
1777414720,311267444,robot_1,1.830,0.636
1777414720,511336326,robot_3,4.226,0.925
1777414720,511363646,robot_2,1.325,-1.865
1777414720,511376303,robot_4,4.549,2.807
1777414720,511385608,robot_0,4.571,-3.230
1777414720,511394384,robot_1,1.807,0.691
1777414720,711503910,robot_3,4.226,0.925
1777414720,711527734,robot_2,1.380,-1.833
1777414720,711538619,robot_4,4.549,2.806
1777414720,711548479,robot_0,4.571,-3.230
1777414720,711556748,robot_1,1.781,0.741
1777414720,931334328,robot_3,4.226,0.925
1777414720,931353946,robot_2,1.418,-1.813
1777414720,931360582,robot_4,4.549,2.806
1777414720,931365558,robot_0,4.572,-3.230
1777414720,931370938,robot_1,1.749,0.793
1777414721,152041180,robot_3,4.226,0.925
1777414721,152066006,robot_2,1.445,-1.801
1777414721,152076981,robot_4,4.548,2.806
1777414721,152085386,robot_0,4.572,-3.230
1777414721,152094673,robot_1,1.721,0.827
1777414721,352176644,robot_3,4.226,0.925
1777414721,352199244,robot_2,1.470,-1.788
1777414721,352209089,robot_4,4.548,2.805
1777414721,352216433,robot_0,4.572,-3.230
1777414721,352224465,robot_1,1.694,0.857
1777414721,571145487,robot_3,4.225,0.924
1777414721,571171064,robot_2,1.495,-1.771
1777414721,571182175,robot_4,4.548,2.805
1777414721,571191208,robot_0,4.573,-3.229
1777414721,571199932,robot_1,1.659,0.895
1777414721,771153440,robot_3,4.225,0.924
1777414721,771171119,robot_2,1.516,-1.753
1777414721,771177922,robot_4,4.547,2.805
1777414721,771183028,robot_0,4.573,-3.229
1777414721,771188593,robot_1,1.615,0.944
1777414721,990544087,robot_3,4.224,0.924
1777414721,990568981,robot_2,1.535,-1.730
1777414721,990578347,robot_4,4.547,2.805
1777414721,990585680,robot_0,4.573,-3.229
1777414721,990592551,robot_1,1.577,0.985
1777414722,191432188,robot_3,4.224,0.924
1777414722,191451922,robot_2,1.551,-1.707
1777414722,191459773,robot_4,4.546,2.805
1777414722,191465871,robot_0,4.573,-3.229
1777414722,191472323,robot_1,1.547,1.018
1777414722,411342207,robot_3,4.223,0.925
1777414722,411367007,robot_2,1.569,-1.670
1777414722,411378505,robot_4,4.546,2.805
1777414722,411387570,robot_0,4.573,-3.228
1777414722,411395983,robot_1,1.518,1.050
1777414722,612124106,robot_3,4.222,0.925
1777414722,612144783,robot_2,1.585,-1.634
1777414722,612152955,robot_4,4.545,2.805
1777414722,612159657,robot_0,4.573,-3.228
1777414722,612165776,robot_1,1.491,1.080
1777414722,831275685,robot_3,4.222,0.925
1777414722,831296684,robot_2,1.603,-1.594
1777414722,831305629,robot_4,4.545,2.805
1777414722,831312970,robot_0,4.573,-3.228
1777414722,831320213,robot_1,1.449,1.125
1777414723,31315215,robot_3,4.222,0.926
1777414723,31332959,robot_2,1.616,-1.564
1777414723,31340368,robot_4,4.545,2.805
1777414723,31345881,robot_0,4.573,-3.228
1777414723,31350932,robot_1,1.403,1.176
1777414723,251165177,robot_3,4.222,0.926
1777414723,251187403,robot_2,1.633,-1.533
1777414723,251197642,robot_4,4.545,2.805
1777414723,251205544,robot_0,4.573,-3.228
1777414723,251213245,robot_1,1.368,1.214
1777414723,451773495,robot_3,4.222,0.926
1777414723,451809655,robot_2,1.654,-1.502
1777414723,451824715,robot_4,4.545,2.805
1777414723,451836301,robot_0,4.573,-3.229
1777414723,451848593,robot_1,1.340,1.245
1777414723,651928140,robot_3,4.222,0.926
1777414723,651951566,robot_2,1.677,-1.471
1777414723,651961661,robot_4,4.544,2.806
1777414723,651969982,robot_0,4.573,-3.229
1777414723,651977097,robot_1,1.313,1.274
1777414723,870743305,robot_3,4.222,0.926
1777414723,870762974,robot_2,1.704,-1.435
1777414723,870769501,robot_4,4.544,2.806
1777414723,870774638,robot_0,4.573,-3.229
1777414723,870780100,robot_1,1.283,1.307
1777414724,91162587,robot_3,4.222,0.925
1777414724,91192727,robot_2,1.730,-1.400
1777414724,91201036,robot_4,4.544,2.807
1777414724,91207603,robot_0,4.572,-3.229
1777414724,91214440,robot_1,1.237,1.358
1777414724,311372663,robot_3,4.222,0.925
1777414724,311400834,robot_2,1.750,-1.373
1777414724,311411283,robot_4,4.544,2.807
1777414724,311419925,robot_0,4.572,-3.229
1777414724,311427954,robot_1,1.191,1.408
1777414724,530027903,robot_3,4.223,0.925
1777414724,530045320,robot_2,1.771,-1.345
1777414724,530051660,robot_4,4.544,2.808
1777414724,530057031,robot_0,4.572,-3.229
1777414724,530062622,robot_1,1.151,1.452
1777414724,730965477,robot_3,4.223,0.925
1777414724,730981414,robot_2,1.790,-1.318
1777414724,730988480,robot_4,4.544,2.808
1777414724,730994058,robot_0,4.571,-3.229
1777414724,730999497,robot_1,1.124,1.481
1777414724,931457208,robot_3,4.224,0.925
1777414724,931476864,robot_2,1.806,-1.288
1777414724,931483650,robot_4,4.544,2.808
1777414724,931489416,robot_0,4.571,-3.229
1777414724,931494505,robot_1,1.097,1.511
1777414725,151952876,robot_3,4.224,0.925
1777414725,151977520,robot_2,1.820,-1.246
1777414725,151989879,robot_4,4.544,2.808
1777414725,151999025,robot_0,4.571,-3.229
1777414725,152008241,robot_1,1.066,1.545
1777414725,371093349,robot_3,4.225,0.925
1777414725,371110166,robot_2,1.831,-1.204
1777414725,371116779,robot_4,4.544,2.808
1777414725,371121661,robot_0,4.571,-3.229
1777414725,371126946,robot_1,1.029,1.583
1777414725,571941006,robot_3,4.225,0.925
1777414725,571961576,robot_2,1.840,-1.168
1777414725,571970809,robot_4,4.544,2.808
1777414725,571978956,robot_0,4.571,-3.229
1777414725,571986931,robot_1,0.993,1.614
1777414725,790461346,robot_3,4.226,0.926
1777414725,790481270,robot_2,1.847,-1.140
1777414725,790491772,robot_4,4.544,2.809
1777414725,790501738,robot_0,4.571,-3.229
1777414725,790510357,robot_1,0.950,1.644
1777414725,990493418,robot_3,4.226,0.926
1777414725,990513303,robot_2,1.859,-1.091
1777414725,990520233,robot_4,4.544,2.809
1777414725,990525879,robot_0,4.571,-3.229
1777414725,990531092,robot_1,0.908,1.667
1777414726,191411998,robot_3,4.226,0.927
1777414726,191429193,robot_2,1.873,-1.038
1777414726,191435749,robot_4,4.545,2.809
1777414726,191441378,robot_0,4.571,-3.229
1777414726,191446894,robot_1,0.864,1.686
1777414726,412053176,robot_3,4.226,0.927
1777414726,412083913,robot_2,1.883,-0.995
1777414726,412098118,robot_4,4.545,2.810
1777414726,412110169,robot_0,4.572,-3.229
1777414726,412121410,robot_1,0.813,1.701
1777414726,631522309,robot_3,4.226,0.928
1777414726,631539779,robot_2,1.894,-0.953
1777414726,631548141,robot_4,4.546,2.810
1777414726,631554076,robot_0,4.572,-3.229
1777414726,631559630,robot_1,0.760,1.710
1777414726,852261236,robot_3,4.226,0.928
1777414726,852289789,robot_2,1.906,-0.906
1777414726,852303248,robot_4,4.546,2.810
1777414726,852313793,robot_0,4.572,-3.229
1777414726,852324618,robot_1,0.704,1.713
1777414727,71540653,robot_3,4.226,0.929
1777414727,71561495,robot_2,1.918,-0.859
1777414727,71569476,robot_4,4.547,2.810
1777414727,71575760,robot_0,4.572,-3.228
1777414727,71581901,robot_1,0.648,1.709
1777414727,291048975,robot_3,4.226,0.929
1777414727,291067949,robot_2,1.924,-0.833
1777414727,291075115,robot_4,4.547,2.810
1777414727,291081142,robot_0,4.572,-3.228
1777414727,291087384,robot_1,0.593,1.697
1777414727,511041651,robot_3,4.226,0.929
1777414727,511063067,robot_2,1.934,-0.794
1777414727,511070548,robot_4,4.548,2.810
1777414727,511076608,robot_0,4.572,-3.228
1777414727,511082347,robot_1,0.540,1.679
1777414727,711713823,robot_3,4.226,0.929
1777414727,711746406,robot_2,1.944,-0.755
1777414727,711765598,robot_4,4.548,2.810
1777414727,711781466,robot_0,4.572,-3.228
1777414727,711796770,robot_1,0.495,1.656
1777414727,931029065,robot_3,4.226,0.929
1777414727,931053303,robot_2,1.955,-0.713
1777414727,931061744,robot_4,4.548,2.810
1777414727,931068886,robot_0,4.572,-3.228
1777414727,931075637,robot_1,0.450,1.625
1777414728,131085038,robot_3,4.226,0.928
1777414728,131117806,robot_2,1.961,-0.690
1777414728,131130187,robot_4,4.548,2.810
1777414728,131141494,robot_0,4.572,-3.228
1777414728,131151550,robot_1,0.419,1.599
1777414728,350056694,robot_3,4.226,0.927
1777414728,350073595,robot_2,1.969,-0.658
1777414728,350080410,robot_4,4.547,2.810
1777414728,350085508,robot_0,4.572,-3.228
1777414728,350090738,robot_1,0.388,1.568
1777414728,551249765,robot_3,4.226,0.927
1777414728,551272613,robot_2,1.977,-0.623
1777414728,551282951,robot_4,4.547,2.810
1777414728,551292233,robot_0,4.572,-3.228
1777414728,551300004,robot_1,0.361,1.541
1777414728,770337570,robot_3,4.226,0.926
1777414728,770352844,robot_2,1.988,-0.581
1777414728,770360484,robot_4,4.547,2.810
1777414728,770365913,robot_0,4.572,-3.228
1777414728,770371434,robot_1,0.334,1.513
1777414728,990386108,robot_3,4.225,0.926
1777414728,990404868,robot_2,1.999,-0.538
1777414728,990411472,robot_4,4.546,2.810
1777414728,990417060,robot_0,4.572,-3.229
1777414728,990422142,robot_1,0.310,1.482
1777414729,191172927,robot_3,4.225,0.926
1777414729,191190817,robot_2,2.010,-0.495
1777414729,191199108,robot_4,4.546,2.809
1777414729,191205391,robot_0,4.571,-3.229
1777414729,191212010,robot_1,0.293,1.451
1777414729,411316961,robot_3,4.224,0.925
1777414729,411340989,robot_2,2.026,-0.436
1777414729,411351162,robot_4,4.545,2.809
1777414729,411359799,robot_0,4.571,-3.229
1777414729,411367711,robot_1,0.278,1.415
1777414729,611456593,robot_3,4.224,0.925
1777414729,611475616,robot_2,2.045,-0.387
1777414729,611483209,robot_4,4.545,2.809
1777414729,611489509,robot_0,4.571,-3.229
1777414729,611495204,robot_1,0.269,1.381
1777414729,830011545,robot_3,4.224,0.925
1777414729,830033080,robot_2,2.073,-0.337
1777414729,830039492,robot_4,4.545,2.808
1777414729,830044729,robot_0,4.570,-3.229
1777414729,830049802,robot_1,0.265,1.343
